location_id,city/town,latitude,longitude,elevation,utc_offset_seconds,timezone,timezone_abbreviation
0,Fukushima,37.785587,140.48193,69.0,0,GMT,GMT
1,Aizuwakamatsu,37.57469,139.92,223.0,0,GMT,GMT
2,Souma,37.785587,140.96385,5.0,0,GMT,GMT
3,Shirakawa,37.152897,140.2381,366.0,0,GMT,GMT

location_id,time,shortwave_radiation_sum (MJ/m²),sunshine_duration (s),daylight_duration (s),dew_point_2m_mean (°C),dew_point_2m_max (°C)
0,2021-01-01,4.56,5308.13,34584.16,-5.4,-3.7
0,2021-01-02,5.83,14742.21,34624.88,-6.5,-4.0
0,2021-01-03,7.98,28800.00,34668.76,-5.2,-3.0
0,2021-01-04,3.87,6240.37,34715.74,-2.3,-0.9
0,2021-01-05,5.57,15215.08,34765.76,-1.8,0.8
0,2021-01-06,6.65,28800.00,34818.78,-5.3,-2.7
0,2021-01-07,7.20,23104.29,34874.73,-7.4,-2.5
0,2021-01-08,7.21,28997.08,34933.68,-10.2,-7.7
0,2021-01-09,9.40,26575.36,34996.31,-9.1,-6.0
0,2021-01-10,6.95,19991.43,35062.59,-7.5,-4.8
0,2021-01-11,9.89,29455.84,35132.37,-5.5,-2.3
0,2021-01-12,3.59,3600.00,35205.52,-2.2,-0.8
0,2021-01-13,7.84,25654.28,35281.88,-1.7,0.5
0,2021-01-14,3.70,6722.52,35361.32,-2.6,2.4
0,2021-01-15,11.12,34250.39,35443.68,-1.0,1.7
0,2021-01-16,5.25,12584.29,35528.82,-1.7,4.5
0,2021-01-17,5.03,15062.58,35616.61,-6.4,-4.4
0,2021-01-18,10.50,32400.00,35706.90,-5.1,-2.5
0,2021-01-19,7.61,25887.60,35799.54,-8.6,-6.1
0,2021-01-20,5.69,21017.69,35894.42,-6.6,-4.6
0,2021-01-21,11.90,31469.24,35991.40,-5.7,0.1
0,2021-01-22,7.35,28315.91,36090.32,-0.0,2.8
0,2021-01-23,7.21,19338.00,36191.08,-2.1,-1.5
0,2021-01-24,2.82,3600.00,36293.52,-0.4,1.2
0,2021-01-25,12.63,35336.97,36397.54,-2.7,0.7
0,2021-01-26,7.89,19245.16,36503.00,1.8,5.4
0,2021-01-27,4.57,8527.63,36609.78,-1.3,7.7
0,2021-01-28,6.26,11673.72,36717.97,-2.4,1.0
0,2021-01-29,8.10,27096.76,36828.68,-7.9,-2.8
0,2021-01-30,9.10,23732.47,36941.95,-5.3,-2.9
0,2021-01-31,10.52,30466.06,37057.63,-8.5,-5.6
0,2021-02-01,11.36,21600.00,37175.56,-0.3,3.1
0,2021-02-02,4.82,1948.14,37295.55,-4.0,2.8
0,2021-02-03,6.16,15243.38,37417.48,-5.0,-2.5
0,2021-02-04,7.05,15090.78,37541.18,-5.1,-1.9
0,2021-02-05,11.43,32432.17,37666.49,-3.1,-1.6
0,2021-02-06,9.40,31660.95,37793.27,1.4,5.5
0,2021-02-07,7.92,30338.84,37921.39,-1.9,4.7
0,2021-02-08,8.03,20513.20,38050.68,-8.7,-6.2
0,2021-02-09,11.56,32677.53,38181.02,-6.0,-3.6
0,2021-02-10,7.95,26972.25,38312.26,-1.0,0.7
0,2021-02-11,10.02,35538.92,38444.28,-4.6,-2.2
0,2021-02-12,14.44,36157.70,38576.94,-2.6,0.1
0,2021-02-13,15.34,36426.62,38710.10,-0.4,2.7
0,2021-02-14,14.03,32400.00,38843.65,4.2,9.8
0,2021-02-15,1.64,753.88,38977.45,3.2,8.5
0,2021-02-16,8.60,27906.39,39111.38,-5.0,-1.1
0,2021-02-17,8.98,16220.99,39245.54,-6.5,-2.7
0,2021-02-18,13.66,33889.85,39381.10,-6.5,-4.8
0,2021-02-19,11.76,28836.64,39518.15,-3.2,-0.2
0,2021-02-20,16.17,36458.10,39656.56,0.2,3.4
0,2021-02-21,9.99,31148.16,39796.21,4.5,7.6
0,2021-02-22,15.78,36001.01,39936.97,3.7,6.4
0,2021-02-23,11.82,36000.00,40078.71,-7.1,-2.0
0,2021-02-24,11.82,34568.45,40221.32,-7.3,-6.1
0,2021-02-25,15.64,32400.00,40364.68,-5.6,-0.5
0,2021-02-26,8.26,10791.47,40508.67,-6.2,-1.2
0,2021-02-27,11.15,30480.42,40653.17,-8.5,-7.5
0,2021-02-28,18.57,39148.56,40798.08,-4.5,1.2
0,2021-03-01,16.40,32400.00,40943.29,4.7,9.8
0,2021-03-02,3.99,1341.33,41088.67,1.2,13.3
0,2021-03-03,15.24,36743.20,41234.13,-6.1,-3.2
0,2021-03-04,18.08,39090.33,41379.54,1.2,4.3
0,2021-03-05,13.87,30864.73,41524.82,5.3,6.4
0,2021-03-06,10.12,23820.56,41669.85,-2.2,7.1
0,2021-03-07,18.37,34311.40,41814.52,-4.7,-3.2
0,2021-03-08,17.27,39177.33,41958.73,-3.8,-1.8
0,2021-03-09,18.97,39521.11,42102.57,1.9,4.5
0,2021-03-10,15.80,37156.86,42247.13,-4.3,2.5
0,2021-03-11,19.70,35679.90,42392.51,-2.4,1.9
0,2021-03-12,11.59,18103.47,42538.61,0.9,3.9
0,2021-03-13,2.80,0.00,42685.33,5.2,7.9
0,2021-03-14,6.82,1878.83,42832.57,1.1,5.3
0,2021-03-15,17.76,42046.70,42980.24,-1.6,0.3
0,2021-03-16,10.27,23370.89,43128.24,3.0,8.1
0,2021-03-17,14.66,40941.18,43276.47,-2.1,0.3
0,2021-03-18,18.64,38615.98,43424.85,0.0,0.9
0,2021-03-19,18.31,42272.04,43573.27,-1.1,0.5
0,2021-03-20,10.57,16096.03,43721.64,5.5,11.0
0,2021-03-21,6.42,10079.19,43869.86,7.7,15.0
0,2021-03-22,19.54,42439.25,44017.84,-2.2,-0.6
0,2021-03-23,16.07,42494.70,44165.48,-0.9,3.9
0,2021-03-24,21.17,35350.02,44312.69,4.7,8.3
0,2021-03-25,12.30,23796.11,44459.37,6.1,9.0
0,2021-03-26,18.90,42660.36,44605.41,2.0,3.7
0,2021-03-27,21.59,38515.68,44750.73,3.8,9.4
0,2021-03-28,8.99,14124.05,44895.22,11.4,12.4
0,2021-03-29,21.14,42354.20,45038.97,8.0,11.8
0,2021-03-30,17.41,37448.44,45182.98,7.7,10.3
0,2021-03-31,19.72,43434.79,45327.37,1.8,5.8
0,2021-04-01,22.53,43445.65,45472.03,3.0,5.4
0,2021-04-02,19.88,42373.86,45616.87,6.8,8.8
0,2021-04-03,20.71,41282.35,45761.82,8.9,11.4
0,2021-04-04,8.22,8361.80,45906.76,11.2,14.0
0,2021-04-05,8.56,18818.83,46051.63,2.3,5.0
0,2021-04-06,18.07,37618.99,46196.30,1.1,2.3
0,2021-04-07,22.09,45151.37,46340.70,0.9,4.7
0,2021-04-08,20.73,44231.28,46484.73,-1.5,1.4
0,2021-04-09,17.44,43896.38,46628.30,-3.4,-0.3
0,2021-04-10,20.84,45617.09,46771.29,-2.7,0.4
0,2021-04-11,23.41,45578.17,46913.62,2.7,5.9
0,2021-04-12,22.08,36000.00,47055.17,4.8,7.6
0,2021-04-13,10.01,11927.91,47195.85,10.4,12.3
0,2021-04-14,10.50,17148.55,47335.56,0.6,8.8
0,2021-04-15,24.51,44837.84,47474.17,0.5,4.4
0,2021-04-16,17.98,35351.25,47611.60,6.1,10.0
0,2021-04-17,7.28,8173.21,47747.71,10.0,11.9
0,2021-04-18,20.77,40755.75,47882.59,4.3,6.8
0,2021-04-19,18.73,46746.12,48017.19,2.2,4.5
0,2021-04-20,24.93,46800.00,48151.62,4.6,7.9
0,2021-04-21,26.31,46800.00,48285.77,-3.0,4.1
0,2021-04-22,26.32,46800.00,48419.55,2.9,4.4
0,2021-04-23,25.95,44801.73,48552.85,2.7,3.8
0,2021-04-24,22.21,33687.15,48685.57,7.2,11.3
0,2021-04-25,11.89,21236.32,48817.62,1.8,8.9
0,2021-04-26,20.30,46800.00,48948.88,-2.5,-1.0
0,2021-04-27,26.31,45997.40,49079.24,3.2,8.1
0,2021-04-28,12.30,21870.75,49208.61,9.0,11.6
0,2021-04-29,3.97,4695.19,49336.86,10.4,12.3
0,2021-04-30,21.30,42339.40,49463.89,7.7,10.5
0,2021-05-01,13.96,30093.18,49589.57,9.3,10.6
0,2021-05-02,14.16,28249.42,49713.79,5.6,9.2
0,2021-05-03,19.22,46800.00,49836.42,6.4,9.1
0,2021-05-04,25.74,46800.00,49957.35,5.9,13.4
0,2021-05-05,9.15,14863.79,50076.44,12.2,13.3
0,2021-05-06,25.70,36297.70,50193.58,6.9,10.3
0,2021-05-07,13.70,20091.38,50308.62,8.0,11.7
0,2021-05-08,24.55,40260.01,50421.60,11.4,13.9
0,2021-05-09,19.44,46304.31,50533.41,6.5,11.9
0,2021-05-10,25.44,40384.10,50644.13,5.6,8.8
0,2021-05-11,24.00,46800.00,50753.65,4.7,5.9
0,2021-05-12,26.22,45331.17,50861.86,8.4,11.5
0,2021-05-13,18.90,45143.65,50968.67,12.4,15.1
0,2021-05-14,24.88,46993.56,51073.96,11.1,15.2
0,2021-05-15,19.29,44755.91,51177.63,12.4,14.1
0,2021-05-16,12.46,19779.20,51279.58,14.9,17.9
0,2021-05-17,12.32,24272.46,51379.67,16.8,19.8
0,2021-05-18,14.66,26629.35,51477.82,14.2,15.3
0,2021-05-19,10.13,10800.00,51573.89,14.8,15.5
0,2021-05-20,18.59,22467.99,51667.78,13.1,17.1
0,2021-05-21,6.17,2451.48,51759.36,15.7,18.3
0,2021-05-22,12.53,21593.14,51848.52,14.6,16.1
0,2021-05-23,13.76,33675.02,51935.13,13.0,14.5
0,2021-05-24,21.07,36740.11,52019.07,14.5,17.7
0,2021-05-25,23.06,45849.26,52100.22,10.8,14.3
0,2021-05-26,17.14,29528.10,52178.46,9.7,13.3
0,2021-05-27,8.20,10800.00,52253.66,13.7,15.5
0,2021-05-28,26.42,44053.31,52325.81,14.0,17.2
0,2021-05-29,22.78,45783.87,52395.52,12.7,15.7
0,2021-05-30,24.50,48451.76,52462.86,9.1,10.7
0,2021-05-31,25.78,45799.64,52527.74,12.2,15.9
0,2021-06-01,23.27,37636.76,52590.11,13.3,14.9
0,2021-06-02,21.59,47762.28,52649.90,15.2,18.3
0,2021-06-03,23.64,36000.00,52707.04,14.8,17.1
0,2021-06-04,6.40,8905.06,52761.46,15.7,19.6
0,2021-06-05,25.05,39339.04,52813.11,15.2,18.1
0,2021-06-06,15.46,19345.66,52861.91,15.4,19.1
0,2021-06-07,22.42,44128.81,52907.79,15.3,18.0
0,2021-06-08,11.69,27461.79,52950.71,14.8,18.1
0,2021-06-09,25.89,49547.19,52990.58,15.3,17.4
0,2021-06-10,28.19,50188.16,53027.35,16.6,19.9
0,2021-06-11,26.59,42255.05,53060.95,15.7,17.0
0,2021-06-12,23.33,41958.77,53091.32,17.3,20.1
0,2021-06-13,19.04,38293.84,53118.42,18.4,19.7
0,2021-06-14,16.32,28712.18,53142.15,18.1,18.8
0,2021-06-15,19.37,41110.33,53162.49,17.9,18.5
0,2021-06-16,16.54,29791.23,53179.37,17.5,18.9
0,2021-06-17,20.75,49006.75,53192.75,15.5,18.5
0,2021-06-18,22.27,34783.37,53202.73,16.1,17.7
0,2021-06-19,6.37,8845.60,53209.34,17.2,18.1
0,2021-06-20,17.96,35846.47,53212.60,14.4,18.1
0,2021-06-21,24.08,45608.22,53212.55,15.4,17.3
0,2021-06-22,15.78,31275.16,53209.20,18.0,19.2
0,2021-06-23,11.45,13703.62,53202.59,17.1,18.4
0,2021-06-24,14.81,34793.81,53192.73,17.2,18.2
0,2021-06-25,17.02,25446.37,53179.66,17.8,18.8
0,2021-06-26,20.56,39092.81,53163.41,19.0,20.2
0,2021-06-27,19.46,32953.21,53144.01,17.9,18.7
0,2021-06-28,23.58,34920.10,53121.49,17.7,18.7
0,2021-06-29,9.75,19212.49,53095.89,16.1,20.1
0,2021-06-30,18.60,27997.25,53067.24,16.4,18.2
0,2021-07-01,15.46,21600.00,53035.58,18.3,18.9
0,2021-07-02,11.27,9511.63,53000.96,18.3,19.6
0,2021-07-03,13.66,16574.32,52963.40,17.1,19.2
0,2021-07-04,4.80,0.00,52922.94,17.8,18.7
0,2021-07-05,10.77,10751.68,52879.63,20.5,22.7
0,2021-07-06,20.90,38467.08,52833.51,20.4,22.4
0,2021-07-07,9.32,11005.00,52784.53,20.6,22.0
0,2021-07-08,11.00,8672.85,52732.22,20.3,21.0
0,2021-07-09,9.41,7278.47,52676.60,21.2,22.2
0,2021-07-10,17.44,33867.23,52617.78,21.7,23.5
0,2021-07-11,14.07,30264.36,52555.86,21.1,22.7
0,2021-07-12,17.02,23182.58,52490.96,21.1,22.4
0,2021-07-13,16.30,28591.90,52423.17,20.8,21.6
0,2021-07-14,16.26,30198.85,52352.62,19.7,20.2
0,2021-07-15,19.83,40765.13,52279.39,21.3,22.5
0,2021-07-16,24.81,50066.12,52203.61,22.3,24.6
0,2021-07-17,27.17,50033.18,52125.37,22.3,26.8
0,2021-07-18,27.12,49998.60,52044.78,22.5,24.6
0,2021-07-19,25.37,49675.75,51961.94,22.8,24.6
0,2021-07-20,24.96,48974.64,51876.96,22.7,24.2
0,2021-07-21,20.02,33923.95,51789.94,22.5,24.4
0,2021-07-22,16.67,25006.24,51700.97,22.6,23.3
0,2021-07-23,19.45,34956.82,51610.17,22.3,23.5
0,2021-07-24,22.05,48476.35,51517.62,21.9,23.4
0,2021-07-25,23.46,39509.53,51423.42,21.1,22.0
0,2021-07-26,17.88,28800.00,51327.66,19.6,21.1
0,2021-07-27,12.54,23790.25,51230.30,21.4,22.9
0,2021-07-28,20.68,36652.41,51130.51,21.7,22.5
0,2021-07-29,17.09,32484.45,51028.26,22.3,22.9
0,2021-07-30,15.24,27848.81,50923.71,22.5,22.9
0,2021-07-31,19.83,36428.63,50816.96,22.1,23.9
0,2021-08-01,20.94,44984.48,50708.15,23.3,24.3
0,2021-08-02,24.56,46336.81,50597.42,23.0,23.5
0,2021-08-03,24.86,48063.05,50484.87,22.8,24.2
0,2021-08-04,22.12,43844.66,50370.64,24.4,25.2
0,2021-08-05,20.65,44433.51,50254.85,24.8,26.0
0,2021-08-06,24.39,46118.89,50137.62,23.3,24.6
0,2021-08-07,16.74,36000.00,50019.05,23.8,24.4
0,2021-08-08,6.44,94.17,49899.27,24.0,24.9
0,2021-08-09,11.36,23282.84,49778.38,23.3,25.5
0,2021-08-10,20.67,43147.12,49656.49,20.1,24.4
0,2021-08-11,20.58,33395.43,49533.72,19.8,20.8
0,2021-08-12,8.61,1466.49,49410.17,19.0,20.3
0,2021-08-13,4.32,0.00,49285.94,17.9,19.6
0,2021-08-14,3.47,0.00,49161.13,16.8,18.3
0,2021-08-15,5.67,0.00,49035.84,16.9,17.4
0,2021-08-16,6.59,0.00,48909.99,18.0,18.8
0,2021-08-17,5.65,9110.88,48782.67,20.9,23.2
0,2021-08-18,17.92,42264.74,48653.81,22.2,24.0
0,2021-08-19,20.95,43527.95,48523.53,22.8,24.7
0,2021-08-20,18.44,28800.00,48391.94,22.6,23.9
0,2021-08-21,10.88,11855.36,48259.15,22.2,22.9
0,2021-08-22,11.43,14904.85,48125.27,22.4,22.9
0,2021-08-23,15.31,36682.88,47990.40,20.0,23.0
0,2021-08-24,8.64,5343.02,47854.65,21.6,23.1
0,2021-08-25,13.83,42294.46,47718.13,23.4,24.7
0,2021-08-26,20.49,46324.13,47580.92,23.3,25.1
0,2021-08-27,22.64,46273.49,47443.13,20.0,23.0
0,2021-08-28,20.76,46222.89,47304.86,20.4,22.7
0,2021-08-29,22.67,44657.87,47166.19,18.7,20.6
0,2021-08-30,16.88,38637.20,47027.23,19.9,22.7
0,2021-08-31,16.24,32261.36,46888.06,15.6,18.9
0,2021-09-01,3.89,0.00,46748.78,14.9,17.0
0,2021-09-02,13.31,34440.65,46609.47,16.1,16.7
0,2021-09-03,7.50,1628.17,46470.23,17.6,18.8
0,2021-09-04,7.00,3575.86,46331.13,16.1,18.5
0,2021-09-05,8.00,9407.84,46192.09,15.6,17.2
0,2021-09-06,10.92,22328.58,46052.18,14.6,15.8
0,2021-09-07,16.86,35673.42,45911.31,12.3,13.3
0,2021-09-08,4.40,1596.37,45769.60,16.3,17.7
0,2021-09-09,19.06,43549.74,45627.11,18.9,20.4
0,2021-09-10,17.82,32400.00,45483.96,19.2,20.5
0,2021-09-11,12.03,30542.96,45340.24,18.1,20.6
0,2021-09-12,20.24,42333.88,45196.03,17.1,21.0
0,2021-09-13,20.35,37841.40,45051.42,12.8,14.5
0,2021-09-14,15.12,34172.42,44906.51,15.5,16.7
0,2021-09-15,17.37,32400.00,44761.38,15.3,17.0
0,2021-09-16,9.51,24910.25,44616.12,13.5,15.7
0,2021-09-17,11.89,25040.12,44470.81,17.4,19.6
0,2021-09-18,5.45,7361.50,44325.56,19.3,22.2
0,2021-09-19,21.43,41922.66,44180.43,14.1,17.0
0,2021-09-20,21.00,41414.13,44035.52,14.4,16.6
0,2021-09-21,20.41,40615.27,43890.91,15.6,18.0
0,2021-09-22,18.50,39600.00,43746.69,19.4,22.6
0,2021-09-23,19.05,39600.00,43602.94,17.2,20.0
0,2021-09-24,14.76,32718.38,43459.75,14.2,16.9
0,2021-09-25,9.13,19184.99,43317.03,14.6,16.1
0,2021-09-26,9.90,17128.91,43173.78,12.5,13.9
0,2021-09-27,10.76,24196.40,43029.93,12.9,14.6
0,2021-09-28,12.75,38045.89,42885.56,14.5,15.8
0,2021-09-29,17.57,39600.00,42740.78,15.9,18.1
0,2021-09-30,15.90,30070.67,42595.67,18.1,19.0
0,2021-10-01,2.83,6112.59,42450.33,13.9,18.1
0,2021-10-02,17.83,39600.00,42304.87,14.3,16.5
0,2021-10-03,17.12,39600.00,42159.36,14.7,16.9
0,2021-10-04,18.06,39052.48,42013.92,15.4,20.9
0,2021-10-05,13.66,37448.51,41868.63,16.0,20.7
0,2021-10-06,12.68,32237.93,41723.60,14.1,15.8
0,2021-10-07,11.34,32695.78,41578.91,15.9,17.8
0,2021-10-08,6.88,8231.55,41434.67,17.6,19.1
0,2021-10-09,4.38,3021.90,41290.98,15.8,17.3
0,2021-10-10,13.96,39600.00,41147.94,16.8,17.9
0,2021-10-11,13.95,31141.70,41005.66,15.9,19.1
0,2021-10-12,2.72,0.00,40864.22,13.4,14.3
0,2021-10-13,5.33,7200.00,40723.76,12.5,14.2
0,2021-10-14,16.35,39489.26,40584.35,11.8,15.1
0,2021-10-15,13.60,32207.14,40445.92,13.6,15.3
0,2021-10-16,2.98,0.00,40307.38,13.4,14.7
0,2021-10-17,5.48,18192.20,40168.63,3.7,8.6
0,2021-10-18,10.51,18726.59,40029.79,6.0,7.6
0,2021-10-19,8.58,18965.67,39890.96,9.6,12.2
0,2021-10-20,11.76,37824.43,39752.26,6.1,8.9
0,2021-10-21,13.26,38922.12,39613.82,3.1,5.9
0,2021-10-22,8.94,21952.31,39475.72,6.0,8.7
0,2021-10-23,12.93,37961.33,39338.11,3.1,6.3
0,2021-10-24,13.57,38592.88,39201.10,6.1,9.1
0,2021-10-25,10.24,21045.52,39064.80,9.6,11.8
0,2021-10-26,4.05,11919.75,38929.35,8.6,11.5
0,2021-10-27,11.03,34969.19,38794.87,10.6,12.4
0,2021-10-28,11.62,37299.33,38661.49,6.2,11.3
0,2021-10-29,12.86,36970.91,38529.33,4.8,6.6
0,2021-10-30,13.69,33705.72,38398.54,7.7,9.8
0,2021-10-31,8.56,23035.12,38269.24,8.7,11.8
0,2021-11-01,9.99,23642.06,38141.58,11.5,12.8
0,2021-11-02,11.19,35945.75,38015.69,8.3,13.5
0,2021-11-03,12.87,36228.97,37891.73,6.5,9.4
0,2021-11-04,11.91,35577.06,37769.61,5.4,8.3
0,2021-11-05,11.81,35546.10,37648.19,5.9,8.4
0,2021-11-06,12.56,35200.90,37527.38,7.1,8.7
0,2021-11-07,12.16,29181.04,37407.29,8.1,9.8
0,2021-11-08,7.34,20865.25,37288.07,10.0,12.5
0,2021-11-09,2.45,4224.24,37169.85,11.9,15.9
0,2021-11-10,9.90,32848.66,37052.75,6.3,9.4
0,2021-11-11,11.22,34839.00,36936.93,6.0,8.3
0,2021-11-12,10.62,32815.42,36822.51,4.3,7.1
0,2021-11-13,9.82,32400.00,36709.65,3.4,6.0
0,2021-11-14,11.14,33853.90,36598.49,5.9,9.0
0,2021-11-15,8.60,31884.14,36489.17,7.8,9.4
0,2021-11-16,8.13,30558.35,36381.84,2.8,7.7
0,2021-11-17,11.02,29709.12,36276.66,3.3,5.4
0,2021-11-18,7.52,24997.34,36173.79,4.7,8.8
0,2021-11-19,11.59,33067.24,36073.38,6.0,12.9
0,2021-11-20,11.01,33102.06,35975.58,1.7,5.5
0,2021-11-21,8.72,24103.92,35880.57,4.4,8.2
0,2021-11-22,2.60,3600.00,35788.50,7.5,13.0
0,2021-11-23,9.10,28752.10,35699.54,1.4,2.7
0,2021-11-24,7.57,25493.58,35613.67,3.4,6.6
0,2021-11-25,4.43,8281.10,35529.92,5.4,7.3
0,2021-11-26,5.44,16045.06,35448.22,2.2,4.9
0,2021-11-27,8.88,32400.00,35368.65,-0.5,1.3
0,2021-11-28,9.05,32400.00,35291.35,-1.4,2.4
0,2021-11-29,9.49,32400.00,35216.39,-1.4,2.5
0,2021-11-30,10.49,28800.00,35143.91,5.4,12.5
0,2021-12-01,4.47,16657.55,35074.01,1.8,10.8
0,2021-12-02,8.02,32400.00,35006.78,-0.9,2.1
0,2021-12-03,10.16,29605.82,34942.35,1.8,5.5
0,2021-12-04,9.22,30021.94,34880.83,-1.0,4.2
0,2021-12-05,6.05,22315.62,34822.33,-3.0,-1.0
0,2021-12-06,8.05,24357.87,34766.94,4.0,6.1
0,2021-12-07,3.87,7128.10,34714.80,7.4,7.9
0,2021-12-08,1.43,2527.04,34666.01,4.4,7.3
0,2021-12-09,9.01,32400.00,34620.67,0.4,2.7
0,2021-12-10,7.02,26117.81,34578.90,2.1,4.1
0,2021-12-11,8.24,28800.00,34540.81,4.1,7.1
0,2021-12-12,4.89,16685.92,34506.49,4.2,8.9
0,2021-12-13,7.25,28108.01,34476.08,-3.9,-0.9
0,2021-12-14,10.10,31292.68,34449.58,-1.3,0.9
0,2021-12-15,6.61,29605.88,34426.66,3.1,4.6
0,2021-12-16,6.33,15342.90,34407.24,3.5,5.2
0,2021-12-17,3.57,9454.80,34391.34,-1.2,7.1
0,2021-12-18,6.69,28663.32,34378.95,-6.6,-4.2
0,2021-12-19,6.53,17813.84,34370.07,-2.3,0.2
0,2021-12-20,6.83,27882.37,34364.68,-0.2,1.5
0,2021-12-21,6.39,30040.88,34362.80,2.6,7.5
0,2021-12-22,6.57,27299.19,34364.40,-4.6,-2.3
0,2021-12-23,7.78,28800.00,34369.47,-1.5,0.6
0,2021-12-24,6.40,18879.12,34378.02,1.3,2.4
0,2021-12-25,2.55,3600.00,34390.02,-6.2,2.5
0,2021-12-26,6.70,27047.24,34405.45,-9.4,-6.8
0,2021-12-27,7.83,29502.57,34424.33,-7.2,-4.8
0,2021-12-28,9.37,31629.25,34446.60,-7.4,-6.0
0,2021-12-29,9.94,29926.09,34472.26,-3.8,-2.0
0,2021-12-30,7.51,27992.03,34501.29,-3.5,1.7
0,2021-12-31,6.05,17822.86,34533.66,-9.2,-7.7
0,2022-01-01,8.10,29442.08,34569.36,-7.4,-6.0
0,2022-01-02,9.71,32400.00,34608.37,-4.1,0.0
0,2022-01-03,8.70,25473.16,34650.74,-3.2,-1.6
0,2022-01-04,5.98,8237.64,34696.95,-6.4,-3.7
0,2022-01-05,10.00,30468.80,34746.97,-9.4,-5.5
0,2022-01-06,9.65,28561.77,34800.68,-8.1,-4.9
0,2022-01-07,8.55,25481.72,34857.95,-5.1,-3.2
0,2022-01-08,9.24,30681.14,34918.65,-4.6,-1.1
0,2022-01-09,7.64,25200.00,34982.67,-1.3,1.4
0,2022-01-10,10.97,30165.21,35049.87,-4.8,-1.5
0,2022-01-11,2.49,1115.34,35120.13,-1.4,1.4
0,2022-01-12,9.48,29766.30,35193.31,-7.0,-3.8
0,2022-01-13,8.09,15896.69,35269.31,-4.9,-2.0
0,2022-01-14,8.42,22519.07,35347.99,-4.6,-3.4
0,2022-01-15,8.38,25492.99,35429.23,-4.6,-1.2
0,2022-01-16,8.07,30063.55,35512.91,-1.7,0.1
0,2022-01-17,8.62,30299.78,35598.91,-5.2,-1.4
0,2022-01-18,9.18,29936.41,35687.11,-7.8,-5.7
0,2022-01-19,10.15,33446.50,35777.39,-5.1,-1.6
0,2022-01-20,9.69,33080.47,35869.63,-5.6,-2.5
0,2022-01-21,11.62,31452.46,35963.72,-6.4,-3.7
0,2022-01-22,7.58,27658.00,36059.54,-4.5,-1.9
0,2022-01-23,7.74,23672.08,36157.19,-2.7,-0.9
0,2022-01-24,9.63,34240.19,36257.70,-5.5,-3.0
0,2022-01-25,11.33,31712.23,36361.09,-3.7,-0.2
0,2022-01-26,10.52,28800.00,36467.20,-0.8,0.8
0,2022-01-27,10.21,32266.05,36575.87,-4.9,-1.8
0,2022-01-28,10.08,35371.54,36686.92,-5.4,-3.1
0,2022-01-29,9.16,25770.92,36800.20,-5.3,-3.7
0,2022-01-30,10.95,35282.39,36915.56,-7.4,-6.2
0,2022-01-31,11.10,35237.53,37032.83,-6.4,-5.3
0,2022-02-01,12.17,33590.65,37151.86,-4.7,-2.7
0,2022-02-02,11.83,32254.24,37272.50,-4.4,-2.6
0,2022-02-03,6.42,4819.70,37394.61,-4.7,-1.6
0,2022-02-04,8.45,30826.47,37518.04,-5.6,-3.5
0,2022-02-05,10.98,32674.35,37642.64,-9.1,-5.4
0,2022-02-06,13.49,32766.19,37768.28,-7.6,-5.8
0,2022-02-07,10.72,29446.08,37894.82,-5.7,-4.4
0,2022-02-08,9.45,25622.71,38022.12,-4.0,-2.1
0,2022-02-09,13.09,32400.00,38150.06,-4.4,-3.5
0,2022-02-10,4.05,0.00,38278.51,-1.8,-0.3
0,2022-02-11,9.98,33525.15,38407.33,-5.2,-2.1
0,2022-02-12,11.68,35931.11,38536.62,-2.8,-1.1
0,2022-02-13,9.04,18203.86,38667.57,-3.8,-1.6
0,2022-02-14,15.18,32400.00,38800.26,-5.1,-2.1
0,2022-02-15,5.94,3964.08,38934.54,-0.7,1.0
0,2022-02-16,13.82,34057.44,39070.29,-4.0,0.6
0,2022-02-17,12.50,32400.00,39207.35,-6.8,-2.8
0,2022-02-18,14.26,32403.12,39345.61,-4.4,-2.9
0,2022-02-19,8.52,10265.23,39484.93,0.1,1.6
0,2022-02-20,8.51,17331.08,39625.19,-5.7,2.3
0,2022-02-21,11.74,29012.07,39766.26,-8.2,-6.9
0,2022-02-22,9.31,6600.03,39908.02,-7.7,-6.9
0,2022-02-23,15.18,37237.00,40050.34,-8.8,-6.5
0,2022-02-24,15.56,33765.17,40193.11,-6.4,-2.2
0,2022-02-25,12.02,28937.40,40336.21,-3.2,0.3
0,2022-02-26,15.20,38564.06,40479.52,-2.2,1.0
0,2022-02-27,12.90,37398.40,40622.93,-2.7,1.3
0,2022-02-28,10.50,28119.32,40766.33,-1.1,2.9
0,2022-03-01,13.02,28185.81,40909.60,0.7,2.8
0,2022-03-02,12.60,33914.74,41052.64,-3.8,-0.6
0,2022-03-03,8.11,20101.49,41195.32,-2.3,2.3
0,2022-03-04,15.49,39062.44,41337.76,-4.1,-0.3
0,2022-03-05,16.81,35547.37,41481.05,-0.9,4.1
0,2022-03-06,15.39,39233.47,41625.31,-4.2,-0.9
0,2022-03-07,15.12,39156.06,41770.42,-3.0,-1.6
0,2022-03-08,16.40,40446.57,41916.27,-4.4,-2.4
0,2022-03-09,17.23,39918.62,42062.78,-2.2,-0.9
0,2022-03-10,16.00,39003.18,42209.83,-1.0,1.8
0,2022-03-11,18.52,40215.11,42357.33,-0.6,3.5
0,2022-03-12,19.28,35417.13,42505.17,-0.7,4.0
0,2022-03-13,11.16,18081.17,42653.28,3.9,7.3
0,2022-03-14,13.04,26202.47,42801.52,4.8,8.8
0,2022-03-15,13.80,26199.06,42949.81,2.1,7.6
0,2022-03-16,18.74,39063.40,43098.07,2.5,7.2
0,2022-03-17,16.41,34331.33,43246.18,-0.3,1.9
0,2022-03-18,3.79,3427.25,43394.06,0.2,1.4
0,2022-03-19,13.13,23068.27,43541.60,1.0,2.4
0,2022-03-20,16.53,41443.88,43688.69,-2.3,-0.8
0,2022-03-21,17.42,33924.41,43835.27,-2.2,0.4
0,2022-03-22,5.31,8114.45,43981.21,-4.0,-0.6
0,2022-03-23,17.19,31191.63,44126.42,-5.5,-2.3
0,2022-03-24,19.18,40749.60,44270.99,0.2,2.7
0,2022-03-25,20.19,35391.20,44415.95,2.9,8.4
0,2022-03-26,4.14,971.42,44561.39,10.6,12.7
0,2022-03-27,12.98,24054.34,44707.23,2.4,6.4
0,2022-03-28,19.50,32765.92,44853.37,-2.9,0.1
0,2022-03-29,15.22,25111.60,44999.72,2.9,7.8
0,2022-03-30,21.10,32514.04,45146.19,5.5,8.7
0,2022-03-31,7.11,11390.19,45292.69,0.4,7.4
0,2022-04-01,16.56,40213.09,45439.13,-4.8,-2.6
0,2022-04-02,21.16,43451.27,45585.40,-1.5,1.6
0,2022-04-03,17.23,25516.84,45731.44,4.7,6.8
0,2022-04-04,3.82,0.00,45877.12,6.0,7.6
0,2022-04-05,10.52,14189.55,46022.36,6.8,9.0
0,2022-04-06,19.57,42301.64,46167.06,3.8,9.9
0,2022-04-07,19.34,42756.00,46311.12,3.6,6.2
0,2022-04-08,21.36,45117.99,46454.45,0.7,8.2
0,2022-04-09,24.29,45371.21,46596.93,4.6,12.4
0,2022-04-10,23.93,45332.12,46738.46,8.8,11.9
0,2022-04-11,21.74,40568.16,46878.95,10.1,12.7
0,2022-04-12,24.26,45844.69,47018.28,9.3,14.2
0,2022-04-13,20.03,32501.63,47156.52,10.2,13.1
0,2022-04-14,5.89,0.00,47294.67,4.2,5.5
0,2022-04-15,4.26,0.00,47432.80,4.7,6.2
0,2022-04-16,15.63,35680.94,47570.83,1.0,6.9
0,2022-04-17,25.15,46562.83,47708.66,3.6,9.6
0,2022-04-18,15.52,28644.29,47846.20,8.6,11.2
0,2022-04-19,22.78,46725.24,47983.34,2.1,5.9
0,2022-04-20,23.08,45474.95,48119.99,7.8,11.1
0,2022-04-21,22.10,36355.06,48256.04,10.3,13.7
0,2022-04-22,19.53,41402.10,48391.39,10.4,13.8
0,2022-04-23,15.21,24585.91,48525.94,6.2,12.4
0,2022-04-24,16.32,21752.25,48659.57,10.6,12.8
0,2022-04-25,22.05,36000.00,48792.18,12.6,14.8
0,2022-04-26,7.16,0.00,48923.66,16.7,18.2
0,2022-04-27,15.17,28806.26,49053.89,5.3,13.0
0,2022-04-28,25.88,46800.00,49182.74,3.7,8.8
0,2022-04-29,9.84,16601.25,49310.12,3.5,5.8
0,2022-04-30,23.05,36000.00,49435.89,2.6,4.9
0,2022-05-01,8.83,12920.65,49559.92,6.4,10.0
0,2022-05-02,20.43,42750.93,49682.09,1.6,4.4
0,2022-05-03,23.80,46800.00,49802.45,3.4,9.6
0,2022-05-04,26.81,46800.00,49921.92,5.6,9.0
0,2022-05-05,25.79,46800.00,50040.58,9.7,14.4
0,2022-05-06,26.25,46800.00,50158.32,12.5,14.2
0,2022-05-07,22.44,46800.00,50275.04,10.7,15.2
0,2022-05-08,24.56,36000.00,50390.63,1.7,5.2
0,2022-05-09,12.71,18819.85,50504.99,6.5,9.0
0,2022-05-10,26.50,44153.57,50618.00,4.4,7.9
0,2022-05-11,21.08,39765.95,50729.56,11.5,14.8
0,2022-05-12,19.60,30402.70,50839.56,15.0,16.8
0,2022-05-13,10.01,5360.33,50947.87,16.9,17.9
0,2022-05-14,13.54,20746.98,51054.38,10.9,19.1
0,2022-05-15,20.15,33134.49,51158.97,6.0,9.5
0,2022-05-16,5.55,0.00,51261.51,10.4,11.5
0,2022-05-17,12.99,11465.68,51361.90,9.7,12.6
0,2022-05-18,27.85,47220.35,51459.99,8.3,11.3
0,2022-05-19,26.17,46882.03,51555.67,9.4,14.1
0,2022-05-20,22.69,32869.93,51648.80,9.3,12.6
0,2022-05-21,9.96,5836.10,51739.25,13.5,14.9
0,2022-05-22,9.67,12790.36,51826.90,11.9,14.0
0,2022-05-23,15.34,34565.83,51911.75,10.8,12.5
0,2022-05-24,26.07,47733.39,51994.50,12.8,15.6
0,2022-05-25,26.08,47290.72,52075.22,15.0,17.0
0,2022-05-26,22.30,29178.49,52153.82,14.0,16.0
0,2022-05-27,9.72,22476.47,52230.22,14.0,17.4
0,2022-05-28,24.79,48193.71,52304.34,10.7,13.5
0,2022-05-29,28.19,48486.43,52376.09,13.1,15.9
0,2022-05-30,24.04,32400.00,52445.40,11.4,13.7
0,2022-05-31,8.38,16318.31,52512.17,13.5,14.8
0,2022-06-01,22.71,44880.38,52576.32,11.6,15.1
0,2022-06-02,22.96,42152.33,52637.77,14.1,16.0
0,2022-06-03,16.87,36154.87,52696.44,12.1,15.4
0,2022-06-04,26.14,40983.42,52752.24,9.2,10.6
0,2022-06-05,22.38,32400.00,52805.09,11.1,12.4
0,2022-06-06,3.99,0.00,52854.90,12.5,13.9
0,2022-06-07,4.87,0.00,52901.58,11.6,12.5
0,2022-06-08,7.68,24.28,52945.07,11.2,12.1
0,2022-06-09,14.67,29725.81,52985.26,13.1,14.7
0,2022-06-10,17.79,34793.05,53022.09,14.9,16.5
0,2022-06-11,16.38,26429.39,53055.48,16.2,17.1
0,2022-06-12,12.63,25860.73,53085.38,12.2,16.7
0,2022-06-13,21.61,34980.93,53112.05,10.8,12.5
0,2022-06-14,18.12,25388.75,53135.53,10.4,13.2
0,2022-06-15,12.92,12646.82,53155.81,14.2,16.4
0,2022-06-16,21.22,44889.94,53172.90,16.0,18.6
0,2022-06-17,19.35,39576.02,53186.78,16.1,18.8
0,2022-06-18,23.26,42133.01,53197.47,17.9,20.2
0,2022-06-19,24.32,47949.52,53204.95,19.2,20.1
0,2022-06-20,24.09,50122.57,53209.24,18.1,19.3
0,2022-06-21,20.12,32257.65,53210.33,16.8,19.0
0,2022-06-22,15.71,19090.23,53208.24,17.6,19.2
0,2022-06-23,13.12,16408.59,53202.97,19.1,20.4
0,2022-06-24,19.60,38416.79,53194.52,21.6,23.1
0,2022-06-25,26.90,50344.92,53182.92,20.0,22.2
0,2022-06-26,20.25,37102.42,53168.15,20.4,23.3
0,2022-06-27,13.33,18200.66,53150.26,20.8,24.0
0,2022-06-28,16.85,37439.06,53129.23,20.8,26.1
0,2022-06-29,25.73,50158.25,53105.10,20.5,24.5
0,2022-06-30,24.53,50606.44,53077.87,20.6,21.4
0,2022-07-01,25.66,50351.21,53047.56,21.1,22.2
0,2022-07-02,27.31,50620.90,53014.14,21.4,22.9
0,2022-07-03,22.33,34533.43,52977.26,20.8,22.5
0,2022-07-04,22.56,48613.41,52936.95,19.9,21.5
0,2022-07-05,19.85,37788.46,52893.30,21.5,22.4
0,2022-07-06,13.84,18019.17,52846.40,20.7,21.5
0,2022-07-07,10.98,11879.48,52796.34,19.8,20.4
0,2022-07-08,20.14,35903.60,52743.21,18.3,19.5
0,2022-07-09,11.27,21012.26,52687.11,20.1,21.8
0,2022-07-10,21.78,39746.50,52628.12,21.5,23.5
0,2022-07-11,18.80,29497.85,52566.34,21.8,22.9
0,2022-07-12,8.25,1588.05,52501.86,21.3,21.8
0,2022-07-13,9.29,3524.89,52434.77,20.4,21.6
0,2022-07-14,8.34,0.00,52365.17,19.7,20.9
0,2022-07-15,7.99,2254.23,52293.14,20.6,21.7
0,2022-07-16,11.69,5825.28,52218.78,21.3,22.4
0,2022-07-17,19.82,36264.78,52142.17,20.8,22.2
0,2022-07-18,21.50,31240.20,52063.42,20.6,21.9
0,2022-07-19,9.38,8205.36,51982.59,22.0,23.0
0,2022-07-20,21.18,41377.33,51899.79,19.8,21.0
0,2022-07-21,12.82,17478.01,51815.10,21.2,22.5
0,2022-07-22,9.44,15855.15,51728.46,22.0,23.9
0,2022-07-23,21.55,43624.42,51639.12,20.6,23.2
0,2022-07-24,22.38,47523.72,51547.07,21.5,23.2
0,2022-07-25,19.22,39268.49,51452.45,23.1,23.7
0,2022-07-26,21.23,43243.91,51355.38,23.6,24.7
0,2022-07-27,18.91,36970.86,51255.99,23.3,24.6
0,2022-07-28,21.13,40404.51,51154.42,23.2,24.6
0,2022-07-29,21.45,43156.90,51050.78,23.7,24.6
0,2022-07-30,23.55,47961.64,50945.19,23.8,25.3
0,2022-07-31,25.09,47984.61,50837.79,22.8,24.2
0,2022-08-01,20.62,47386.58,50728.69,24.3,25.6
0,2022-08-02,17.21,34692.35,50618.00,23.4,24.9
0,2022-08-03,12.59,14530.61,50505.85,22.2,24.3
0,2022-08-04,9.05,161.67,50392.35,19.4,20.3
0,2022-08-05,9.82,4010.77,50277.60,17.6,19.2
0,2022-08-06,18.21,44101.24,50161.72,18.9,20.7
0,2022-08-07,21.39,44743.04,50044.81,22.4,24.7
0,2022-08-08,21.97,45748.75,49926.98,23.9,25.7
0,2022-08-09,23.08,43200.00,49808.34,22.8,25.8
0,2022-08-10,22.89,44822.83,49688.98,23.0,26.2
0,2022-08-11,20.62,42305.13,49568.83,23.6,24.9
0,2022-08-12,10.09,2879.61,49446.98,23.1,24.2
0,2022-08-13,16.64,30821.62,49323.39,21.6,23.3
0,2022-08-14,16.59,34849.35,49198.15,22.5,24.0
0,2022-08-15,10.49,11627.11,49071.42,22.9,24.3
0,2022-08-16,12.39,26030.27,48943.28,22.5,24.8
0,2022-08-17,12.08,21054.11,48813.86,21.4,22.3
0,2022-08-18,16.85,35941.72,48683.28,19.4,22.4
0,2022-08-19,23.28,43370.28,48551.64,17.6,20.7
0,2022-08-20,11.28,21087.41,48419.05,21.5,22.3
0,2022-08-21,21.25,41935.70,48285.60,20.6,22.3
0,2022-08-22,19.25,35245.31,48151.42,21.8,22.8
0,2022-08-23,19.55,34735.29,48016.60,23.1,24.5
0,2022-08-24,12.29,18045.62,47881.24,19.3,20.2
0,2022-08-25,16.50,31659.91,47745.43,18.9,20.5
0,2022-08-26,15.70,30971.68,47609.28,21.1,22.5
0,2022-08-27,14.45,28646.84,47472.87,21.1,23.5
0,2022-08-28,9.35,20071.77,47336.30,14.9,19.0
0,2022-08-29,22.27,36611.23,47199.66,16.1,16.9
0,2022-08-30,11.20,16867.37,47063.05,19.3,21.4
0,2022-08-31,14.09,23268.34,46926.37,22.3,23.2
0,2022-09-01,15.92,27304.58,46788.70,21.9,24.4
0,2022-09-02,18.36,42244.46,46649.95,18.5,19.8
0,2022-09-03,15.37,25894.70,46510.23,19.2,20.4
0,2022-09-04,11.28,15559.37,46369.64,20.4,21.0
0,2022-09-05,13.59,31250.64,46228.28,20.8,21.9
0,2022-09-06,18.25,43448.80,46086.22,21.5,22.5
0,2022-09-07,10.67,20619.93,45943.58,22.0,23.3
0,2022-09-08,5.49,6006.88,45800.44,18.7,19.6
0,2022-09-09,16.63,42774.24,45656.89,20.3,21.5
0,2022-09-10,21.12,35416.21,45513.02,16.7,19.7
0,2022-09-11,17.28,34223.67,45368.93,18.4,19.3
0,2022-09-12,18.17,40223.20,45224.69,19.6,20.5
0,2022-09-13,18.09,42062.78,45080.39,20.2,24.4
0,2022-09-14,20.62,34622.49,44936.13,16.7,19.1
0,2022-09-15,18.64,40600.55,44791.98,16.4,17.4
0,2022-09-16,20.40,42563.59,44648.03,17.6,19.9
0,2022-09-17,17.32,38288.77,44504.37,20.1,21.9
0,2022-09-18,13.88,27339.40,44361.07,22.6,23.3
0,2022-09-19,14.60,32472.79,44218.23,22.3,23.9
0,2022-09-20,5.77,1343.57,44075.75,12.3,17.0
0,2022-09-21,12.94,31009.68,43932.66,9.6,11.5
0,2022-09-22,6.05,986.44,43788.89,15.8,18.4
0,2022-09-23,4.66,0.00,43644.52,20.4,21.4
0,2022-09-24,8.84,18722.54,43499.64,15.7,22.8
0,2022-09-25,19.59,39723.10,43354.36,14.2,15.8
0,2022-09-26,18.13,39289.29,43208.76,16.3,17.8
0,2022-09-27,17.44,36000.00,43062.94,15.1,18.5
0,2022-09-28,16.93,39600.00,42916.97,13.3,16.6
0,2022-09-29,19.29,39600.00,42770.97,13.3,15.8
0,2022-09-30,19.08,39600.00,42625.02,14.7,17.8
0,2022-10-01,18.98,39600.00,42479.21,13.9,18.8
0,2022-10-02,18.46,34474.44,42333.64,15.3,16.9
0,2022-10-03,10.15,15517.55,42188.39,15.4,17.8
0,2022-10-04,8.44,17765.88,42043.57,16.4,18.5
0,2022-10-05,4.35,3600.00,41899.26,8.5,11.2
0,2022-10-06,4.88,3600.00,41755.58,7.6,9.6
0,2022-10-07,3.47,905.18,41612.60,9.5,11.3
0,2022-10-08,12.95,32400.00,41470.42,10.5,11.8
0,2022-10-09,5.60,0.00,41329.16,12.8,15.3
0,2022-10-10,6.89,13114.24,41188.70,16.2,18.6
0,2022-10-11,13.90,37999.38,41048.00,10.5,14.0
0,2022-10-12,7.94,7688.29,40906.96,8.5,10.8
0,2022-10-13,4.85,0.00,40765.69,11.6,13.1
0,2022-10-14,6.79,18485.12,40624.29,13.8,15.2
0,2022-10-15,12.27,32888.06,40482.87,13.2,17.2
0,2022-10-16,12.50,35747.76,40341.54,14.5,16.1
0,2022-10-17,8.99,18594.38,40200.42,14.0,17.5
0,2022-10-18,12.36,37332.21,40059.60,5.7,8.0
0,2022-10-19,14.50,39098.40,39919.20,3.9,7.9
0,2022-10-20,13.65,39016.77,39779.34,6.5,9.1
0,2022-10-21,14.69,32718.51,39640.14,8.8,13.8
0,2022-10-22,8.69,23714.39,39501.70,12.4,13.9
0,2022-10-23,11.74,29538.16,39364.16,9.3,14.8
0,2022-10-24,7.30,21733.73,39227.63,3.3,6.8
0,2022-10-25,12.87,32330.44,39092.24,3.3,6.4
0,2022-10-26,12.15,38419.39,38958.11,2.7,7.1
0,2022-10-27,13.92,30594.09,38825.38,5.0,6.0
0,2022-10-28,14.21,37612.86,38694.16,6.2,8.7
0,2022-10-29,12.60,37284.87,38564.61,5.7,8.5
0,2022-10-30,12.54,36646.27,38436.63,5.7,7.4
0,2022-10-31,12.65,33674.40,38309.07,7.0,8.2
0,2022-11-01,8.33,24092.29,38181.86,9.7,11.2
0,2022-11-02,12.22,36259.63,38055.10,10.4,12.1
0,2022-11-03,12.11,29661.51,37928.93,8.6,12.1
0,2022-11-04,7.88,25275.07,37803.48,2.7,5.4
0,2022-11-05,12.21,35548.96,37678.88,2.4,5.4
0,2022-11-06,10.92,32888.38,37555.26,5.8,7.7
0,2022-11-07,10.62,35484.60,37432.75,5.1,7.4
0,2022-11-08,9.87,35046.26,37311.51,5.3,7.6
0,2022-11-09,12.18,35101.97,37191.67,4.2,6.6
0,2022-11-10,11.04,32567.86,37073.36,6.1,9.5
0,2022-11-11,11.61,32951.74,36956.75,8.4,9.6
0,2022-11-12,11.84,33976.84,36841.98,10.0,12.0
0,2022-11-13,8.54,21723.53,36729.20,9.7,13.5
0,2022-11-14,6.07,16132.43,36618.58,3.8,5.0
0,2022-11-15,2.69,4438.44,36510.25,4.7,6.5
0,2022-11-16,10.20,32886.91,36404.39,3.0,6.2
0,2022-11-17,7.74,29744.35,36301.16,1.2,5.3
0,2022-11-18,11.02,32696.28,36200.72,4.0,6.9
0,2022-11-19,9.33,31087.36,36103.02,2.3,5.2
0,2022-11-20,8.29,20920.91,36007.04,6.3,9.6
0,2022-11-21,6.84,21058.15,35912.67,9.1,11.0
0,2022-11-22,7.32,18492.05,35820.04,3.7,10.0
0,2022-11-23,2.16,0.00,35729.26,7.2,8.6
0,2022-11-24,8.62,28245.43,35640.45,4.8,7.9
0,2022-11-25,9.24,32400.00,35553.75,4.4,6.9
0,2022-11-26,8.89,32400.00,35469.27,7.6,11.7
0,2022-11-27,10.31,32400.00,35387.14,-0.8,2.6
0,2022-11-28,10.52,29539.47,35307.49,7.1,10.8
0,2022-11-29,5.17,11663.16,35230.45,12.5,14.5
0,2022-11-30,5.79,15759.32,35156.14,2.9,10.3
0,2022-12-01,2.92,3346.70,35084.70,0.2,1.2
0,2022-12-02,4.25,13513.61,35016.26,-3.8,-0.1
0,2022-12-03,5.69,22481.29,34950.94,1.1,5.6
0,2022-12-04,3.23,2844.50,34888.89,0.1,8.4
0,2022-12-05,4.73,10251.55,34830.23,-0.9,0.2
0,2022-12-06,3.69,12309.37,34775.10,1.1,3.1
0,2022-12-07,5.36,18412.95,34723.62,2.4,3.9
0,2022-12-08,6.43,27209.14,34675.94,-0.5,2.7
0,2022-12-09,7.64,32400.00,34632.07,1.8,3.3
0,2022-12-10,8.47,28149.43,34591.47,3.7,4.9
0,2022-12-11,5.23,18000.00,34554.06,-0.3,2.9
0,2022-12-12,7.41,28800.00,34519.87,-0.7,2.8
0,2022-12-13,6.74,23903.00,34488.95,4.0,7.9
0,2022-12-14,5.03,15847.74,34461.31,-2.3,2.5
0,2022-12-15,4.42,4878.79,34437.01,-0.5,1.6
0,2022-12-16,3.66,1514.05,34416.07,-2.1,0.5
0,2022-12-17,3.96,10456.14,34398.50,-1.1,2.8
0,2022-12-18,3.84,5644.68,34384.35,-5.1,-2.4
0,2022-12-19,6.80,12451.59,34373.63,-5.2,-2.5
0,2022-12-20,6.05,10445.42,34366.37,-2.5,-1.9
0,2022-12-21,8.40,18000.00,34362.60,0.3,1.4
0,2022-12-22,2.82,7200.00,34362.33,-0.8,3.8
0,2022-12-23,10.21,31155.67,34365.59,-8.4,-4.3
0,2022-12-24,8.44,28800.00,34372.39,-1.2,0.4
0,2022-12-25,6.52,24598.09,34382.74,-1.9,0.0
0,2022-12-26,8.78,32400.00,34396.67,-2.8,-1.2
0,2022-12-27,8.92,30518.51,34414.18,-1.5,0.5
0,2022-12-28,7.62,28729.34,34435.30,-0.2,1.9
0,2022-12-29,4.37,14357.65,34460.07,-2.9,-0.1
0,2022-12-30,7.41,27960.60,34488.76,-2.5,-0.9
0,2022-12-31,7.27,31906.07,34521.33,-1.7,-0.4
0,2023-01-01,5.40,19355.82,34557.68,-1.6,2.3
0,2023-01-02,7.04,28757.08,34597.72,-5.3,-4.0
0,2023-01-03,8.18,29302.90,34641.35,-4.9,-3.2
0,2023-01-04,8.13,32604.89,34688.45,-5.4,-3.6
0,2023-01-05,8.45,32400.00,34738.95,-5.9,-3.6
0,2023-01-06,8.15,28800.00,34792.72,-4.7,-2.7
0,2023-01-07,7.12,24575.42,34849.67,-2.5,-0.1
0,2023-01-08,8.45,30829.35,34909.69,-2.1,-0.5
0,2023-01-09,5.20,14601.07,34972.69,-0.3,3.3
0,2023-01-10,8.20,32036.98,35038.57,-6.2,-3.8
0,2023-01-11,7.56,30696.19,35107.20,-2.2,-0.2
0,2023-01-12,7.56,22573.61,35178.51,1.7,4.9
0,2023-01-13,10.08,26127.05,35252.39,2.5,5.2
0,2023-01-14,3.92,3956.11,35328.73,5.6,10.4
0,2023-01-15,5.24,19973.47,35407.43,2.1,3.1
0,2023-01-16,4.46,11269.17,35488.40,-3.7,0.4
0,2023-01-17,8.42,28547.61,35571.54,-4.9,-1.8
0,2023-01-18,5.39,9265.05,35656.92,-3.3,-0.3
0,2023-01-19,11.12,34900.26,35745.48,-3.8,-2.0
0,2023-01-20,10.98,33093.73,35837.24,-3.1,1.6
0,2023-01-21,7.16,33205.41,35932.02,-6.6,-4.4
0,2023-01-22,4.82,9609.59,36029.67,-5.9,-4.2
0,2023-01-23,5.87,11802.27,36130.01,-2.8,-0.3
0,2023-01-24,5.18,9909.61,36232.89,-10.4,2.2
0,2023-01-25,7.34,22619.27,36338.16,-11.6,-7.6
0,2023-01-26,9.34,25581.05,36445.65,-5.8,-3.7
0,2023-01-27,7.02,12934.07,36555.20,-5.2,-2.2
0,2023-01-28,10.23,30469.77,36666.68,-7.7,-4.9
0,2023-01-29,7.08,13748.27,36779.94,-6.2,-4.4
0,2023-01-30,12.34,29268.70,36894.82,-5.5,-2.0
0,2023-01-31,8.57,29973.94,37011.17,-8.3,-5.2
0,2023-02-01,11.61,28636.51,37128.87,-3.2,1.5
0,2023-02-02,10.89,31608.10,37247.77,-6.3,-4.1
0,2023-02-03,6.31,5071.93,37367.74,-7.1,-5.7
0,2023-02-04,8.39,20486.31,37488.64,-3.2,1.6
0,2023-02-05,10.74,36000.00,37610.34,-4.6,-2.6
0,2023-02-06,12.60,32400.00,37732.71,0.1,0.8
0,2023-02-07,11.59,29411.85,37855.85,2.1,3.1
0,2023-02-08,8.39,27753.62,37980.93,-3.0,1.6
0,2023-02-09,11.86,32400.00,38108.04,-6.7,-3.9
0,2023-02-10,3.36,2184.29,38237.00,-1.8,-0.2
0,2023-02-11,13.56,36214.28,38367.68,-3.3,-0.4
0,2023-02-12,9.09,20940.31,38499.93,0.8,2.5
0,2023-02-13,2.67,3600.00,38633.61,-1.1,3.2
0,2023-02-14,9.68,36104.42,38768.58,-7.9,-4.9
0,2023-02-15,11.95,34613.56,38904.71,-7.9,-7.1
0,2023-02-16,12.13,35418.04,39041.85,-5.8,-4.8
0,2023-02-17,15.62,36000.00,39179.88,-2.2,1.8
0,2023-02-18,12.23,25200.00,39318.66,2.6,4.7
0,2023-02-19,4.57,2637.63,39458.08,2.1,7.8
0,2023-02-20,10.14,27449.33,39598.00,-7.1,-5.5
0,2023-02-21,14.52,34835.67,39738.29,-7.7,-5.0
0,2023-02-22,7.73,15059.57,39878.86,-5.3,-3.9
0,2023-02-23,12.71,26475.07,40019.56,-0.4,1.7
0,2023-02-24,8.47,11947.33,40160.27,1.8,4.7
0,2023-02-25,14.06,33067.74,40300.90,-6.1,-2.5
0,2023-02-26,12.05,34226.22,40441.33,-5.9,-4.7
0,2023-02-27,17.02,38772.33,40581.63,-5.5,-1.4
0,2023-02-28,18.02,34076.48,40722.96,-3.8,0.9
0,2023-03-01,15.98,32489.35,40865.41,2.2,6.7
0,2023-03-02,6.89,15741.32,41008.87,-2.1,3.7
0,2023-03-03,10.80,27530.78,41153.23,-3.2,-1.6
0,2023-03-04,11.88,31574.93,41298.38,-2.8,1.3
0,2023-03-05,18.75,36000.00,41444.21,-2.6,0.5
0,2023-03-06,15.46,37884.94,41590.61,0.5,4.6
0,2023-03-07,18.61,40381.24,41737.49,-1.1,3.6
0,2023-03-08,19.24,40732.09,41884.75,1.6,7.0
0,2023-03-09,18.53,33418.94,42032.26,4.5,7.2
0,2023-03-10,13.78,36370.90,42179.94,3.5,8.2
0,2023-03-11,18.94,33937.70,42327.67,2.2,4.3
0,2023-03-12,14.58,33069.16,42475.37,7.3,8.4
0,2023-03-13,5.00,2987.41,42622.93,1.4,8.7
0,2023-03-14,14.72,41337.40,42770.25,-2.3,-1.2
0,2023-03-15,20.21,40723.96,42917.24,2.6,5.4
0,2023-03-16,17.09,31625.36,43063.78,3.9,7.9
0,2023-03-17,15.93,32400.00,43209.79,-1.3,1.3
0,2023-03-18,3.81,7200.00,43355.16,-0.3,2.5
0,2023-03-19,19.91,42243.43,43499.98,-2.9,-1.2
0,2023-03-20,21.74,42299.48,43645.29,-0.8,6.3
0,2023-03-21,19.90,41713.36,43791.20,3.3,8.1
0,2023-03-22,20.60,36768.68,43937.61,8.8,11.8
0,2023-03-23,9.47,11608.23,44084.43,12.1,13.2
0,2023-03-24,6.85,0.00,44231.57,4.6,11.9
0,2023-03-25,5.26,1422.48,44378.94,3.2,5.4
0,2023-03-26,4.91,7200.00,44526.45,5.2,8.9
0,2023-03-27,17.89,37065.95,44673.99,-0.5,0.8
0,2023-03-28,19.19,35542.33,44821.49,1.0,4.2
0,2023-03-29,15.47,35623.40,44968.86,1.3,6.3
0,2023-03-30,20.75,42851.94,45115.98,6.2,8.8
0,2023-03-31,22.41,42906.64,45262.77,3.0,9.4
0,2023-04-01,22.11,35761.27,45409.14,2.2,4.3
0,2023-04-02,14.60,37526.67,45554.99,3.9,5.6
0,2023-04-03,20.55,42733.55,45700.22,2.2,4.5
0,2023-04-04,23.40,43433.70,45844.74,3.2,8.8
0,2023-04-05,16.54,29391.41,45988.43,5.9,9.4
0,2023-04-06,10.03,7388.10,46131.21,11.4,13.8
0,2023-04-07,7.62,3517.58,46272.97,12.1,14.4
0,2023-04-08,10.97,26193.07,46413.78,1.0,7.2
0,2023-04-09,21.42,44504.29,46554.64,-1.9,0.7
0,2023-04-10,24.30,45344.86,46695.65,1.8,6.1
0,2023-04-11,23.28,40435.03,46836.71,7.2,10.9
0,2023-04-12,12.03,22264.89,46977.72,4.8,12.1
0,2023-04-13,24.87,46210.54,47118.60,1.1,8.9
0,2023-04-14,19.65,32936.22,47259.24,5.1,11.9
0,2023-04-15,6.92,0.00,47399.56,10.7,12.1
0,2023-04-16,16.27,32818.02,47539.45,4.8,9.6
0,2023-04-17,19.38,41997.30,47678.81,2.8,5.1
0,2023-04-18,14.23,15682.25,47817.53,6.9,9.8
0,2023-04-19,21.81,43493.42,47955.53,5.8,8.9
0,2023-04-20,24.48,44676.18,48092.68,12.1,15.0
0,2023-04-21,20.35,46800.00,48228.88,2.5,13.3
0,2023-04-22,23.83,46800.00,48364.03,-2.6,-0.7
0,2023-04-23,24.19,46800.00,48498.00,-1.9,2.0
0,2023-04-24,19.34,41940.80,48630.69,-2.6,-0.1
0,2023-04-25,21.21,25200.00,48761.96,5.7,11.0
0,2023-04-26,5.59,8964.81,48891.72,7.8,14.5
0,2023-04-27,22.95,46800.00,49019.83,4.6,8.9
0,2023-04-28,25.83,46380.03,49146.35,8.6,12.1
0,2023-04-29,22.40,32400.00,49272.24,12.1,15.5
0,2023-04-30,10.22,7200.00,49397.55,9.1,17.5
0,2023-05-01,24.04,41848.24,49522.21,6.2,9.8
0,2023-05-02,23.13,46800.00,49646.09,3.5,6.6
0,2023-05-03,23.66,46351.21,49769.10,5.4,9.2
0,2023-05-04,27.14,46800.00,49891.15,7.6,10.6
0,2023-05-05,22.31,32400.00,50012.11,12.1,14.1
0,2023-05-06,6.72,0.00,50131.87,14.4,17.3
0,2023-05-07,3.52,0.00,50250.32,6.5,8.1
0,2023-05-08,10.67,17215.65,50367.35,3.0,6.1
0,2023-05-09,27.78,46811.68,50482.83,5.1,9.6
0,2023-05-10,27.11,46800.00,50596.67,3.6,8.5
0,2023-05-11,27.13,46800.00,50708.71,1.9,5.4
0,2023-05-12,27.61,46800.00,50818.85,5.6,9.5
0,2023-05-13,15.98,17730.89,50926.96,11.1,12.9
0,2023-05-14,11.42,11874.09,51032.91,11.0,12.8
0,2023-05-15,8.68,12913.77,51136.57,12.4,14.6
0,2023-05-16,24.35,46956.76,51237.81,9.9,14.1
0,2023-05-17,27.72,47249.40,51336.50,12.7,16.7
0,2023-05-18,24.02,36000.00,51432.64,13.6,19.2
0,2023-05-19,7.82,4027.20,51527.04,14.4,16.8
0,2023-05-20,11.89,20164.23,51619.74,12.4,14.5
0,2023-05-21,24.06,42843.57,51710.65,15.4,17.7
0,2023-05-22,21.67,30150.93,51799.69,9.8,13.1
0,2023-05-23,7.65,10800.00,51886.76,10.2,12.4
0,2023-05-24,22.39,47418.78,51971.77,5.9,9.2
0,2023-05-25,22.42,39386.39,52054.62,9.9,12.8
0,2023-05-26,12.64,17314.65,52135.21,12.3,14.0
0,2023-05-27,22.81,36000.00,52213.44,14.3,16.1
0,2023-05-28,6.34,0.00,52289.22,15.8,17.3
0,2023-05-29,7.16,8501.21,52362.45,16.4,17.9
0,2023-05-30,22.39,44338.39,52433.03,11.1,15.2
0,2023-05-31,27.03,46165.49,52500.85,6.5,10.0
0,2023-06-01,19.16,26786.35,52565.82,13.0,17.0
0,2023-06-02,4.18,5941.07,52627.85,17.5,18.6
0,2023-06-03,24.49,49012.11,52686.81,11.2,14.5
0,2023-06-04,26.13,49315.15,52742.62,11.2,14.5
0,2023-06-05,24.99,49293.85,52795.17,12.3,15.5
0,2023-06-06,22.14,32196.19,52844.37,14.4,16.1
0,2023-06-07,25.19,45695.83,52890.18,14.0,15.4
0,2023-06-08,14.12,14318.37,52933.00,14.9,16.3
0,2023-06-09,8.76,10625.88,52972.89,15.8,17.2
0,2023-06-10,19.18,27397.06,53009.79,17.4,19.5
0,2023-06-11,4.97,0.00,53043.69,18.3,19.2
0,2023-06-12,13.60,10319.44,53074.56,18.1,19.3
0,2023-06-13,19.07,31438.25,53102.36,18.7,19.7
0,2023-06-14,10.92,10920.02,53127.09,19.1,20.0
0,2023-06-15,6.46,0.00,53148.70,18.3,18.7
0,2023-06-16,9.29,18641.45,53167.19,14.8,17.1
0,2023-06-17,28.10,49479.47,53182.53,16.0,18.4
0,2023-06-18,25.54,37956.10,53194.69,17.6,19.9
0,2023-06-19,25.20,46526.65,53203.67,13.4,15.4
0,2023-06-20,28.35,45384.52,53209.43,13.7,16.3
0,2023-06-21,23.22,29086.67,53211.98,14.8,16.4
0,2023-06-22,6.58,0.00,53211.28,15.5,16.8
0,2023-06-23,13.79,20328.08,53207.33,17.7,19.2
0,2023-06-24,21.34,48162.03,53200.12,17.8,19.6
0,2023-06-25,24.43,43634.24,53189.64,18.5,19.7
0,2023-06-26,22.89,39538.45,53175.87,19.4,20.7
0,2023-06-27,15.89,24797.60,53158.78,20.8,22.4
0,2023-06-28,15.20,23469.30,53138.17,21.4,22.6
0,2023-06-29,21.52,39121.65,53114.09,19.5,21.3
0,2023-06-30,5.94,704.72,53086.59,21.5,22.4
0,2023-07-01,10.73,9722.01,53055.75,20.6,22.5
0,2023-07-02,26.31,41744.23,53021.64,20.2,21.2
0,2023-07-03,22.37,47509.81,52984.31,17.9,19.8
0,2023-07-04,24.12,41933.88,52943.87,18.0,19.3
0,2023-07-05,17.17,24859.03,52900.36,19.3,20.5
0,2023-07-06,26.23,50227.84,52853.88,19.5,21.2
0,2023-07-07,23.11,25200.00,52804.48,19.8,23.4
0,2023-07-08,10.41,12028.07,52752.25,19.8,22.9
0,2023-07-09,20.09,37025.58,52697.26,23.5,24.6
0,2023-07-10,21.45,46012.07,52639.59,23.1,24.6
0,2023-07-11,21.20,44755.18,52579.31,21.9,23.5
0,2023-07-12,18.63,33686.11,52516.51,21.7,23.9
0,2023-07-13,22.90,49040.78,52451.24,18.4,21.5
0,2023-07-14,9.08,5978.66,52383.60,21.6,22.6
0,2023-07-15,6.26,6422.90,52313.64,21.3,22.7
0,2023-07-16,24.57,48358.55,52241.46,23.1,24.1
0,2023-07-17,25.25,50055.30,52166.99,22.0,23.2
0,2023-07-18,9.03,6628.89,52089.57,22.4,23.0
0,2023-07-19,7.86,11647.12,52009.21,20.6,22.8
0,2023-07-20,20.67,28926.13,51926.01,20.3,21.3
0,2023-07-21,15.80,33036.24,51840.12,20.8,21.8
0,2023-07-22,20.96,44509.49,51751.67,20.9,22.0
0,2023-07-23,24.79,48485.46,51660.75,21.3,23.1
0,2023-07-24,24.39,45876.79,51567.52,22.5,23.8
0,2023-07-25,24.20,48170.00,51472.08,22.6,24.0
0,2023-07-26,24.94,48188.44,51374.55,22.8,23.6
0,2023-07-27,23.71,47893.58,51275.06,23.1,24.2
0,2023-07-28,25.02,47600.62,51173.71,23.1,24.8
0,2023-07-29,24.93,48560.84,51070.62,23.7,25.8
0,2023-07-30,24.74,48269.25,50965.92,23.6,26.3
0,2023-07-31,21.42,30920.01,50859.69,21.8,23.5
0,2023-08-01,19.71,44184.74,50752.06,21.5,22.9
0,2023-08-02,23.57,44091.84,50643.13,21.4,22.8
0,2023-08-03,23.84,47431.38,50533.01,22.2,23.4
0,2023-08-04,23.34,47148.44,50421.80,22.4,23.5
0,2023-08-05,23.28,47484.44,50309.59,22.3,24.8
0,2023-08-06,22.98,44784.44,50196.33,22.2,23.5
0,2023-08-07,19.00,35827.17,50081.12,22.2,23.0
0,2023-08-08,19.90,41582.04,49963.93,23.3,24.8
0,2023-08-09,17.38,41902.97,49844.87,23.4,24.2
0,2023-08-10,22.39,45407.89,49724.08,21.1,22.5
0,2023-08-11,21.06,36000.00,49601.67,22.2,23.5
0,2023-08-12,14.33,31960.65,49477.76,22.5,24.0
0,2023-08-13,18.12,39628.38,49352.49,24.1,25.2
0,2023-08-14,16.03,38683.35,49225.94,24.3,25.3
0,2023-08-15,20.77,44239.56,49098.26,23.4,24.7
0,2023-08-16,19.75,42242.42,48969.53,22.1,23.3
0,2023-08-17,21.98,45329.87,48839.87,23.7,25.3
0,2023-08-18,21.01,45286.99,48709.40,24.2,25.2
0,2023-08-19,19.03,38134.78,48578.21,24.3,24.8
0,2023-08-20,20.05,44664.37,48446.40,24.3,25.4
0,2023-08-21,17.76,36978.27,48314.07,24.0,24.7
0,2023-08-22,20.22,45095.45,48181.34,23.8,24.8
0,2023-08-23,18.91,45115.50,48048.28,23.6,24.1
0,2023-08-24,22.20,46322.03,47915.00,22.4,23.2
0,2023-08-25,23.09,44267.30,47781.59,22.3,23.5
0,2023-08-26,20.66,45471.88,47647.97,22.5,23.2
0,2023-08-27,19.58,45138.06,47513.21,21.0,22.2
0,2023-08-28,21.16,45512.01,47377.23,21.0,23.2
0,2023-08-29,19.98,44347.58,47240.14,22.9,24.3
0,2023-08-30,21.20,40819.90,47102.05,22.7,24.4
0,2023-08-31,23.03,43941.10,46963.04,20.0,21.8
0,2023-09-01,22.18,44126.27,46823.23,20.4,21.6
0,2023-09-02,19.69,42014.95,46682.70,20.5,22.1
0,2023-09-03,18.58,36000.00,46541.56,22.3,23.6
0,2023-09-04,7.05,6222.02,46399.89,23.6,23.9
0,2023-09-05,13.83,38324.74,46257.80,23.7,24.7
0,2023-09-06,8.15,17276.47,46115.36,21.3,23.5
0,2023-09-07,17.76,30224.32,45972.68,19.5,20.8
0,2023-09-08,4.96,0.00,45829.83,20.5,21.8
0,2023-09-09,15.65,36861.42,45686.91,23.0,25.8
0,2023-09-10,18.12,33629.83,45544.00,23.2,23.7
0,2023-09-11,19.36,41326.03,45401.19,22.0,23.0
0,2023-09-12,18.43,39731.23,45258.57,21.8,23.0
0,2023-09-13,17.50,39496.66,45116.22,21.9,22.4
0,2023-09-14,17.82,36585.26,44974.22,20.9,22.2
0,2023-09-15,12.57,28001.78,44832.48,21.9,22.9
0,2023-09-16,16.11,34979.51,44690.05,22.5,24.1
0,2023-09-17,16.89,36738.15,44546.86,23.0,23.8
0,2023-09-18,17.94,39612.06,44402.99,22.7,25.1
0,2023-09-19,16.17,35169.20,44258.53,21.2,22.7
0,2023-09-20,12.35,29670.83,44113.57,19.4,21.1
0,2023-09-21,4.86,0.00,43968.22,20.6,22.3
0,2023-09-22,9.05,21591.37,43822.55,17.4,19.2
0,2023-09-23,11.35,28697.25,43676.66,13.3,18.4
0,2023-09-24,19.48,39894.66,43530.63,13.1,14.2
0,2023-09-25,14.30,21600.00,43384.56,16.6,17.4
0,2023-09-26,9.05,14629.78,43238.53,17.4,18.0
0,2023-09-27,6.68,10407.33,43092.63,18.6,19.3
0,2023-09-28,11.80,35847.34,42946.95,18.6,21.0
0,2023-09-29,16.11,32400.00,42801.58,15.5,18.1
0,2023-09-30,7.52,6482.31,42656.62,17.9,18.8
0,2023-10-01,13.33,31137.67,42512.14,15.7,19.8
0,2023-10-02,17.02,39600.00,42368.24,10.2,12.5
0,2023-10-03,16.29,32316.98,42225.03,11.1,14.4
0,2023-10-04,6.42,11546.88,42082.56,14.8,15.8
0,2023-10-05,11.97,32053.09,41940.77,10.3,16.1
0,2023-10-06,15.54,37586.52,41798.63,8.0,10.5
0,2023-10-07,14.58,39600.00,41656.03,9.1,10.6
0,2023-10-08,13.08,23407.01,41513.09,11.0,12.6
0,2023-10-09,3.38,784.02,41369.90,13.8,15.3
0,2023-10-10,12.18,38057.93,41226.56,13.2,17.5
0,2023-10-11,15.85,39600.00,41083.18,7.6,11.1
0,2023-10-12,16.50,39600.00,40939.87,7.2,10.2
0,2023-10-13,16.55,39600.00,40796.73,8.1,9.8
0,2023-10-14,15.85,32333.19,40653.86,9.3,12.4
0,2023-10-15,2.60,7274.11,40511.37,11.3,13.5
0,2023-10-16,13.77,39361.98,40369.37,11.1,13.5
0,2023-10-17,14.97,39277.62,40227.97,7.8,10.0
0,2023-10-18,16.26,38015.51,40087.28,9.3,12.6
0,2023-10-19,15.27,39111.92,39947.42,10.8,14.1
0,2023-10-20,10.50,28868.54,39808.49,11.9,16.3
0,2023-10-21,11.71,35938.45,39670.63,6.2,7.4
0,2023-10-22,11.20,31741.65,39533.94,5.1,9.4
0,2023-10-23,12.14,35510.35,39398.55,8.8,13.0
0,2023-10-24,13.82,38291.33,39264.58,10.8,12.3
0,2023-10-25,12.67,33487.31,39131.94,10.2,14.2
0,2023-10-26,13.89,37960.01,38999.51,8.6,11.4
0,2023-10-27,12.39,36716.87,38867.18,8.6,10.7
0,2023-10-28,11.19,35763.12,38735.07,10.4,11.7
0,2023-10-29,11.06,35170.60,38603.31,9.4,10.3
0,2023-10-30,12.42,36648.59,38472.04,8.5,10.6
0,2023-10-31,12.99,36932.99,38341.36,9.3,12.6
0,2023-11-01,13.56,35675.16,38211.40,8.3,11.7
0,2023-11-02,11.03,35953.53,38082.31,11.7,15.1
0,2023-11-03,13.54,36547.11,37954.22,9.5,14.1
0,2023-11-04,4.46,7200.00,37827.25,12.6,14.1
0,2023-11-05,4.24,1635.99,37701.55,13.6,15.1
0,2023-11-06,8.30,22619.78,37577.26,15.9,18.3
0,2023-11-07,7.03,22526.59,37454.52,9.8,15.4
0,2023-11-08,11.26,34641.99,37333.49,5.3,6.1
0,2023-11-09,12.73,34712.69,37214.29,8.3,9.9
0,2023-11-10,5.36,9958.16,37097.11,9.4,14.1
0,2023-11-11,8.13,28800.00,36982.07,-0.9,2.0
0,2023-11-12,3.99,8416.95,36869.35,2.1,4.9
0,2023-11-13,9.36,28800.00,36759.10,2.1,5.4
0,2023-11-14,7.21,26423.54,36651.28,2.9,6.4
0,2023-11-15,11.49,33870.96,36544.77,3.8,5.7
0,2023-11-16,11.31,28800.00,36439.47,6.7,8.8
0,2023-11-17,1.71,4822.70,36335.52,7.0,11.1
0,2023-11-18,11.05,30672.66,36233.06,2.6,6.5
0,2023-11-19,7.12,26040.17,36132.19,6.2,8.3
0,2023-11-20,7.94,30070.47,36033.07,1.3,6.1
0,2023-11-21,11.66,33444.31,35935.82,2.5,5.6
0,2023-11-22,11.51,30106.18,35840.58,4.5,7.4
0,2023-11-23,7.92,25808.32,35747.48,6.6,12.3
0,2023-11-24,6.10,22595.08,35656.67,3.2,9.8
0,2023-11-25,7.20,29366.10,35568.28,-2.7,0.0
0,2023-11-26,10.03,32400.00,35482.46,2.0,4.3
0,2023-11-27,9.10,32400.00,35399.36,5.7,8.5
0,2023-11-28,6.14,18447.04,35319.11,4.5,8.6
0,2023-11-29,2.75,385.39,35241.87,4.2,6.0
0,2023-11-30,5.74,20124.46,35167.79,-1.9,4.5
0,2023-12-01,8.05,32400.00,35097.01,-0.9,-0.1
0,2023-12-02,7.79,31795.82,35029.68,-0.4,2.2
0,2023-12-03,9.17,30502.43,34965.96,1.1,2.8
0,2023-12-04,9.10,32400.00,34905.85,-0.4,2.5
0,2023-12-05,7.23,22308.16,34848.62,2.0,4.9
0,2023-12-06,6.97,20258.15,34794.21,4.4,7.7
0,2023-12-07,8.29,25251.95,34742.67,3.9,8.4
0,2023-12-08,7.33,32400.00,34694.08,4.4,7.3
0,2023-12-09,10.00,28800.00,34648.49,5.2,10.5
0,2023-12-10,4.32,14507.84,34605.97,5.3,10.1
0,2023-12-11,6.90,28800.00,34566.58,3.4,6.2
0,2023-12-12,3.80,4181.08,34530.40,3.0,8.8
0,2023-12-13,6.67,27989.62,34497.46,-0.3,1.6
0,2023-12-14,6.96,28800.00,34467.84,0.6,2.5
0,2023-12-15,1.87,910.73,34441.60,6.0,7.7
0,2023-12-16,7.18,30428.19,34418.79,6.7,13.8
0,2023-12-17,5.32,19149.96,34399.47,-4.0,-2.0
0,2023-12-18,6.07,16436.53,34383.69,-4.0,-2.7
0,2023-12-19,5.94,20880.03,34371.52,-1.8,-0.7
0,2023-12-20,5.68,27958.75,34362.99,-0.2,1.9
0,2023-12-21,7.97,32400.00,34358.17,-4.8,0.3
0,2023-12-22,6.93,29721.11,34357.11,-3.5,0.6
0,2023-12-23,6.76,25346.80,34359.83,-4.1,-2.3
0,2023-12-24,8.28,31130.36,34366.42,-2.6,-0.6
0,2023-12-25,8.99,31062.73,34376.90,-0.4,2.2
0,2023-12-26,6.32,27016.38,34391.22,0.4,2.6
0,2023-12-27,7.65,31455.27,34409.33,-5.0,-2.4
0,2023-12-28,10.24,32437.36,34431.15,-3.4,-0.5
0,2023-12-29,7.93,30065.76,34456.62,2.0,3.5
0,2023-12-30,8.08,28948.98,34485.66,2.4,4.1
0,2023-12-31,5.36,19188.57,34518.21,3.7,5.7
0,2024-01-01,7.02,32400.00,34554.20,-3.1,-0.9
0,2024-01-02,7.90,21600.00,34593.55,-2.0,0.8
0,2024-01-03,4.19,1820.18,34636.18,4.0,5.1
0,2024-01-04,7.94,29007.37,34682.02,-2.2,2.3
0,2024-01-05,10.36,28980.05,34731.01,0.4,4.0
0,2024-01-06,3.72,9015.82,34783.05,3.1,5.7
0,2024-01-07,6.66,30457.37,34838.07,-4.9,-2.0
0,2024-01-08,8.78,32494.73,34896.01,-5.3,-2.9
0,2024-01-09,9.17,25856.83,34956.77,-1.0,1.6
0,2024-01-10,7.48,27312.37,35020.28,-5.0,-0.5
0,2024-01-11,9.12,33074.91,35086.46,-5.4,-2.3
0,2024-01-12,6.65,27816.76,35155.25,-2.6,1.9
0,2024-01-13,7.28,25657.34,35226.70,-5.4,-1.5
0,2024-01-14,10.78,32282.54,35301.63,-3.7,0.8
0,2024-01-15,7.83,32947.15,35380.02,-7.9,-5.6
0,2024-01-16,7.63,30538.12,35461.72,-7.2,-4.3
0,2024-01-17,10.54,31155.23,35546.56,-3.2,0.4
0,2024-01-18,6.74,25458.91,35634.41,1.3,4.1
0,2024-01-19,10.30,31990.85,35725.09,-3.3,-1.6
0,2024-01-20,9.97,29502.04,35818.46,-0.3,2.9
0,2024-01-21,0.59,0.00,35914.37,5.1,7.2
0,2024-01-22,2.16,2315.04,36012.67,4.1,6.3
0,2024-01-23,8.94,34299.10,36113.20,-4.4,-1.6
0,2024-01-24,7.90,30644.67,36215.84,-6.4,-4.7
0,2024-01-25,8.93,26212.13,36320.42,-4.7,-3.8
0,2024-01-26,7.44,23635.53,36426.83,-2.6,-1.8
0,2024-01-27,8.40,28170.08,36534.89,-2.5,-1.1
0,2024-01-28,5.77,16967.40,36644.51,-2.4,-0.7
0,2024-01-29,11.46,35555.45,36755.51,-3.2,-1.1
0,2024-01-30,8.92,33966.48,36867.79,-2.5,-0.3
0,2024-01-31,10.81,28490.30,36981.22,0.1,2.7
0,2024-02-01,5.42,13607.22,37095.66,-6.6,1.1
0,2024-02-02,9.86,35823.54,37211.20,-6.0,-5.2
0,2024-02-03,7.79,33270.86,37329.01,-5.5,-4.1
0,2024-02-04,10.34,32356.83,37449.12,-3.8,-1.8
0,2024-02-05,2.87,0.00,37571.39,-2.1,-0.8
0,2024-02-06,4.40,3600.00,37695.66,-4.3,-0.8
0,2024-02-07,11.62,36000.00,37821.77,-2.6,-0.8
0,2024-02-08,8.68,34690.32,37949.58,-2.4,-0.2
0,2024-02-09,8.99,28282.07,38078.93,-3.9,-2.1
0,2024-02-10,14.21,34787.76,38209.68,-2.3,1.4
0,2024-02-11,11.97,36000.00,38341.69,-4.8,-3.5
0,2024-02-12,13.16,36184.30,38474.81,-5.2,-4.3
0,2024-02-13,15.24,36147.77,38608.92,-2.8,1.1
0,2024-02-14,14.41,36110.81,38743.86,3.5,7.0
0,2024-02-15,13.31,36000.00,38879.52,3.2,8.0
0,2024-02-16,11.39,36642.86,39015.77,-6.8,-5.8
0,2024-02-17,15.45,36603.57,39152.46,-1.1,1.4
0,2024-02-18,15.22,35601.81,39289.49,4.9,8.3
0,2024-02-19,6.60,7596.87,39426.72,10.4,11.6
0,2024-02-20,4.38,3078.61,39564.03,1.9,9.6
0,2024-02-21,1.73,0.00,39701.30,0.9,1.7
0,2024-02-22,5.91,9921.44,39838.63,-3.9,0.8
0,2024-02-23,5.05,11384.19,39977.19,-4.8,-3.1
0,2024-02-24,11.53,32400.00,40117.06,-5.6,-5.2
0,2024-02-25,6.81,2903.12,40258.12,-0.1,1.6
0,2024-02-26,14.25,32400.00,40400.26,-3.2,-1.5
0,2024-02-27,5.77,4684.84,40543.36,-2.1,-0.6
0,2024-02-28,13.10,37336.99,40687.29,-3.1,-2.7
0,2024-02-29,11.28,30987.97,40831.96,0.6,3.3
0,2024-03-01,8.72,26997.01,40977.24,-0.8,3.7
0,2024-03-02,15.43,37824.58,41123.02,-6.2,-2.8
0,2024-03-03,14.12,28826.90,41269.20,-2.1,2.1
0,2024-03-04,8.67,22804.54,41415.66,-4.2,-2.2
0,2024-03-05,7.88,5216.83,41562.30,-1.3,1.4
0,2024-03-06,4.21,6888.03,41709.02,-2.6,1.3
0,2024-03-07,13.96,32400.00,41855.71,-3.9,-1.6
0,2024-03-08,9.14,18902.13,42002.26,-1.3,-0.1
0,2024-03-09,17.34,40271.16,42148.57,-6.0,-1.2
0,2024-03-10,16.78,40851.95,42294.54,-5.2,-2.9
0,2024-03-11,19.03,32567.46,42440.06,-2.8,-1.2
0,2024-03-12,3.93,5729.79,42585.03,1.1,3.8
0,2024-03-13,15.13,38089.05,42729.55,-3.4,-1.2
0,2024-03-14,17.22,40730.51,42874.66,-1.2,1.3
0,2024-03-15,19.75,40409.38,43020.49,-0.6,4.1
0,2024-03-16,20.10,42118.34,43166.93,-1.4,4.4
0,2024-03-17,17.13,37985.66,43313.89,2.2,8.5
0,2024-03-18,17.92,40904.42,43461.28,-6.5,-5.0
0,2024-03-19,15.97,28907.76,43608.99,-3.2,1.3
0,2024-03-20,7.91,10800.00,43756.94,-1.5,2.4
0,2024-03-21,18.66,42398.12,43905.05,-5.6,-3.7
0,2024-03-22,19.93,40844.40,44053.20,-4.7,-3.2
0,2024-03-23,7.67,8865.40,44201.32,1.7,4.9
0,2024-03-24,18.31,42564.05,44349.30,2.9,7.4
0,2024-03-25,12.80,20155.90,44497.06,4.8,8.4
0,2024-03-26,2.62,7200.00,44644.50,1.0,5.6
0,2024-03-27,20.67,42809.14,44791.52,-4.0,-1.4
0,2024-03-28,17.15,26105.13,44938.03,4.7,9.8
0,2024-03-29,7.37,16525.23,45083.94,7.4,12.9
0,2024-03-30,14.87,30520.20,45229.14,3.7,8.8
0,2024-03-31,12.91,28457.44,45373.53,2.1,6.2
0,2024-04-01,21.39,42286.90,45517.02,-0.0,3.1
0,2024-04-02,22.81,42911.28,45659.69,-1.6,1.1
0,2024-04-03,11.51,8484.94,45802.54,7.9,9.9
0,2024-04-04,19.67,41639.53,45945.65,3.3,10.2
0,2024-04-05,22.49,43274.92,46088.96,0.6,5.3
0,2024-04-06,11.29,18227.10,46232.36,9.7,11.4
0,2024-04-07,20.17,39533.90,46375.76,11.0,13.5
0,2024-04-08,13.85,28020.37,46519.06,13.8,15.4
0,2024-04-09,4.65,9647.32,46662.17,2.2,14.2
0,2024-04-10,24.75,45608.05,46805.01,0.5,4.3
0,2024-04-11,19.57,31712.62,46947.46,4.7,7.7
0,2024-04-12,16.19,39953.46,47089.43,8.2,10.4
0,2024-04-13,23.26,46082.60,47230.83,9.4,10.9
0,2024-04-14,23.34,46365.23,47371.54,10.2,15.5
0,2024-04-15,24.54,43644.89,47511.48,10.2,12.3
0,2024-04-16,19.98,40619.23,47650.51,10.2,12.5
0,2024-04-17,19.89,41003.61,47788.56,7.4,13.0
0,2024-04-18,16.51,22907.61,47925.49,7.5,10.6
0,2024-04-19,9.99,13329.45,48061.21,6.4,7.0
0,2024-04-20,16.91,27257.91,48195.60,2.2,6.8
0,2024-04-21,20.78,35161.94,48328.53,6.4,9.5
0,2024-04-22,19.28,36000.00,48460.08,10.6,11.4
0,2024-04-23,7.54,0.00,48591.21,10.9,11.6
0,2024-04-24,8.28,3600.00,48722.01,11.4,12.5
0,2024-04-25,18.20,44363.33,48852.37,8.8,12.0
0,2024-04-26,24.09,32400.00,48982.19,13.2,15.6
0,2024-04-27,19.34,34011.73,49111.37,15.0,17.2
0,2024-04-28,25.76,45172.26,49239.81,9.9,12.5
0,2024-04-29,21.45,30584.73,49367.41,13.3,15.5
0,2024-04-30,12.61,14095.46,49494.05,12.8,15.1
0,2024-05-01,7.88,7200.00,49619.61,5.8,7.7
0,2024-05-02,24.75,46800.00,49744.00,5.1,8.7
0,2024-05-03,26.91,46800.00,49867.09,6.3,9.7
0,2024-05-04,26.82,46800.00,49988.76,9.1,12.4
0,2024-05-05,23.46,36000.00,50108.90,7.6,11.9
0,2024-05-06,11.51,10338.40,50227.39,12.8,15.2
0,2024-05-07,12.45,16540.20,50344.09,12.3,15.4
0,2024-05-08,14.79,29911.20,50458.89,5.0,8.2
0,2024-05-09,17.33,38460.88,50571.65,2.0,4.2
0,2024-05-10,27.42,46800.00,50682.23,6.1,9.8
0,2024-05-11,25.85,43117.87,50790.52,10.7,12.2
0,2024-05-12,17.61,27239.54,50896.52,13.2,15.5
0,2024-05-13,5.90,9859.44,51001.10,10.7,16.2
0,2024-05-14,26.92,46987.34,51104.33,7.4,11.2
0,2024-05-15,23.91,37805.47,51206.09,13.4,15.7
0,2024-05-16,10.01,8620.98,51306.30,12.1,16.4
0,2024-05-17,16.99,34394.72,51404.84,7.7,9.7
0,2024-05-18,27.58,43611.37,51501.63,7.9,12.8
0,2024-05-19,14.01,17489.26,51596.55,13.1,14.9
0,2024-05-20,12.64,24172.19,51689.51,14.4,15.6
0,2024-05-21,19.25,42371.33,51780.39,5.7,13.1
0,2024-05-22,28.12,47761.17,51869.08,10.5,14.5
0,2024-05-23,25.32,46996.33,51955.48,13.8,16.2
0,2024-05-24,22.71,43678.32,52039.49,11.3,15.1
0,2024-05-25,26.23,48022.15,52120.97,6.2,9.9
0,2024-05-26,24.41,37392.15,52199.82,11.7,15.6
0,2024-05-27,16.32,27334.86,52275.94,16.3,17.7
0,2024-05-28,4.32,6.34,52349.20,14.2,15.7
0,2024-05-29,21.69,46323.80,52419.49,10.3,14.2
0,2024-05-30,21.09,34983.13,52486.69,14.9,17.5
0,2024-05-31,8.46,10800.00,52550.69,14.8,16.2
0,2024-06-01,21.35,35244.50,52611.48,14.0,15.2
0,2024-06-02,10.25,17329.71,52669.58,13.5,14.8
0,2024-06-03,18.47,33460.15,52725.02,13.0,14.4
0,2024-06-04,17.64,34215.59,52777.76,12.6,13.7
0,2024-06-05,24.51,49608.56,52827.74,11.1,12.2
0,2024-06-06,24.90,32575.88,52874.93,13.9,16.3
0,2024-06-07,16.60,25898.85,52919.26,14.9,16.8
0,2024-06-08,26.27,42699.10,52960.69,14.9,17.0
0,2024-06-09,16.57,20482.00,52999.17,15.7,17.5
0,2024-06-10,21.35,45660.91,53034.65,16.5,17.4
0,2024-06-11,26.13,50174.39,53067.09,16.3,18.0
0,2024-06-12,24.98,47548.05,53096.44,16.8,18.6
0,2024-06-13,24.00,49501.05,53122.64,17.7,21.0
0,2024-06-14,27.34,49817.71,53145.68,16.8,19.5
0,2024-06-15,23.07,36257.40,53165.49,15.6,18.6
0,2024-06-16,25.07,47115.32,53182.04,18.3,19.6
0,2024-06-17,21.69,25816.13,53195.28,14.7,19.1
0,2024-06-18,8.97,11276.79,53205.19,15.9,19.6
0,2024-06-19,28.11,50767.73,53211.71,13.1,16.3
0,2024-06-20,26.88,38834.86,53214.82,15.5,18.0
0,2024-06-21,11.54,10800.00,53214.48,16.0,18.8
0,2024-06-22,22.91,34191.45,53210.65,16.7,18.5
0,2024-06-23,9.03,2675.61,53203.38,19.8,22.0
0,2024-06-24,18.49,33726.61,53192.69,19.3,22.1
0,2024-06-25,17.40,37283.17,53178.64,19.4,21.1
0,2024-06-26,21.25,46453.90,53161.28,15.3,17.0
0,2024-06-27,25.50,33325.33,53140.64,15.4,17.8
0,2024-06-28,8.09,3539.87,53116.79,18.6,20.1
0,2024-06-29,26.37,45739.35,53089.76,17.7,19.8
0,2024-06-30,12.41,12829.37,53059.62,21.4,23.2
0,2024-07-01,10.63,19076.65,53026.41,20.3,22.7
0,2024-07-02,24.07,43200.00,52990.18,19.3,20.3
0,2024-07-03,12.55,19228.43,52951.00,21.3,23.2
0,2024-07-04,24.95,45572.97,52908.92,20.0,22.7
0,2024-07-05,24.95,45739.58,52863.98,20.5,22.3
0,2024-07-06,14.26,21618.05,52816.25,21.5,23.7
0,2024-07-07,23.97,37174.04,52765.79,21.5,23.1
0,2024-07-08,5.69,1286.37,52712.65,23.0,23.9
0,2024-07-09,8.08,7232.99,52656.89,22.5,24.7
0,2024-07-10,9.33,7954.64,52598.56,22.1,23.2
0,2024-07-11,11.10,17210.34,52537.63,20.8,22.3
0,2024-07-12,9.15,14743.33,52473.53,18.4,20.0
0,2024-07-13,26.03,39075.83,52406.25,18.2,20.1
0,2024-07-14,13.90,18283.10,52335.93,20.7,22.2
0,2024-07-15,17.28,27893.83,52262.67,18.4,19.6
0,2024-07-16,17.49,21054.52,52186.61,18.9,20.5
0,2024-07-17,15.63,27081.19,52107.85,22.1,23.1
0,2024-07-18,20.17,40877.53,52026.50,21.9,24.6
0,2024-07-19,12.53,20324.57,51942.69,22.8,25.2
0,2024-07-20,21.59,47733.89,51856.53,21.4,24.0
0,2024-07-21,25.82,49384.97,51768.14,21.8,23.8
0,2024-07-22,25.30,49081.96,51677.61,21.9,23.4
0,2024-07-23,21.69,41580.81,51585.06,22.4,24.1
0,2024-07-24,9.91,14900.39,51490.60,22.4,23.5
0,2024-07-25,12.36,21082.30,51394.35,22.3,23.9
0,2024-07-26,17.58,35335.82,51296.39,23.2,24.2
0,2024-07-27,16.08,29969.64,51196.85,23.7,25.4
0,2024-07-28,10.68,20676.27,51095.81,23.4,25.3
0,2024-07-29,17.24,40983.21,50993.39,22.0,25.5
0,2024-07-30,22.76,44372.63,50889.68,21.8,23.3
0,2024-07-31,22.99,47995.34,50784.61,20.4,23.4
0,2024-08-01,22.11,47397.75,50677.33,20.6,21.4
0,2024-08-02,25.14,47894.24,50567.82,22.0,23.0
0,2024-08-03,24.28,47449.90,50456.21,22.9,23.7
0,2024-08-04,21.47,46988.81,50342.60,23.4,24.1
0,2024-08-05,19.99,36775.88,50227.15,23.7,24.3
0,2024-08-06,20.26,42905.45,50109.98,23.0,25.9
0,2024-08-07,16.53,38940.79,49991.19,22.6,23.5
0,2024-08-08,22.75,46981.18,49870.92,21.9,24.0
0,2024-08-09,21.74,44281.32,49749.28,22.6,23.6
0,2024-08-10,19.33,41399.17,49626.39,22.1,23.3
0,2024-08-11,16.58,36039.16,49502.35,22.3,24.3
0,2024-08-12,11.26,20017.66,49377.29,24.4,25.2
0,2024-08-13,19.14,44145.58,49251.31,24.2,24.8
0,2024-08-14,18.41,39124.20,49124.51,24.1,25.4
0,2024-08-15,15.45,33283.36,48997.00,24.2,25.0
0,2024-08-16,11.30,13532.21,48868.88,23.7,25.0
0,2024-08-17,19.00,46509.43,48740.26,23.5,25.1
0,2024-08-18,22.50,45928.39,48611.22,22.6,23.7
0,2024-08-19,19.84,40179.11,48481.87,23.3,24.7
0,2024-08-20,20.33,41722.85,48352.14,22.9,24.9
0,2024-08-21,20.50,37403.31,48221.08,22.1,22.7
0,2024-08-22,16.28,35848.01,48088.64,23.1,23.8
0,2024-08-23,18.61,41222.74,47954.91,24.3,25.0
0,2024-08-24,17.82,38788.60,47820.02,24.2,25.0
0,2024-08-25,11.98,27304.26,47684.07,23.5,24.6
0,2024-08-26,15.25,31640.10,47547.16,22.9,25.3
0,2024-08-27,18.36,36532.69,47409.40,22.4,23.4
0,2024-08-28,13.00,17701.57,47270.88,22.9,23.8
0,2024-08-29,9.96,4024.61,47131.71,21.9,23.6
0,2024-08-30,13.55,24130.79,46991.97,23.6,24.4
0,2024-08-31,12.28,15074.91,46851.77,23.7,24.7
0,2024-09-01,13.33,31596.96,46711.20,23.7,24.4
0,2024-09-02,16.55,34585.97,46570.35,20.4,24.3
0,2024-09-03,11.30,13773.48,46429.31,18.7,19.5
0,2024-09-04,17.25,42475.28,46288.18,18.5,19.8
0,2024-09-05,19.96,43180.35,46147.04,20.9,22.2
0,2024-09-06,18.12,37349.75,46005.98,20.7,21.9
0,2024-09-07,17.15,41335.00,45865.08,21.7,23.1
0,2024-09-08,10.46,21727.23,45724.43,21.6,22.5
0,2024-09-09,10.64,18096.96,45583.94,21.9,22.7
0,2024-09-10,17.35,42261.84,45442.67,22.2,23.9
0,2024-09-11,19.32,42247.64,45300.55,23.0,23.8
0,2024-09-12,17.04,42025.56,45157.65,23.0,24.6
0,2024-09-13,15.73,31513.99,45014.08,22.8,23.8
0,2024-09-14,9.65,18070.04,44869.92,21.4,24.2
0,2024-09-15,9.36,8261.53,44725.27,23.5,25.3
0,2024-09-16,7.26,7626.11,44580.23,18.1,20.9
0,2024-09-17,17.59,41215.63,44434.86,20.6,22.3
0,2024-09-18,10.31,24248.92,44289.27,22.4,23.2
0,2024-09-19,12.47,25116.17,44143.55,21.4,22.6
0,2024-09-20,5.35,7751.26,43997.77,21.5,23.6
0,2024-09-21,2.02,0.00,43852.03,15.1,17.0
0,2024-09-22,5.06,9445.05,43706.41,16.6,18.4
0,2024-09-23,7.56,11265.13,43561.00,14.1,15.2
0,2024-09-24,14.82,30766.08,43415.89,12.0,13.6
0,2024-09-25,6.15,4075.60,43271.15,17.5,18.4
0,2024-09-26,13.11,28800.00,43126.90,19.0,19.6
0,2024-09-27,13.87,24103.86,42983.20,19.9,21.6
0,2024-09-28,10.21,12661.86,42840.14,18.8,20.2
0,2024-09-29,10.90,20897.81,42697.64,16.5,17.7
0,2024-09-30,12.15,34573.90,42554.68,16.2,17.2
0,2024-10-01,15.65,39600.00,42411.19,17.2,19.6
0,2024-10-02,16.96,32400.00,42267.25,16.8,18.7
0,2024-10-03,6.72,3473.23,42122.98,16.0,19.8
0,2024-10-04,5.92,1372.93,41978.45,18.6,21.8
0,2024-10-05,8.43,22051.33,41833.78,15.8,18.5
0,2024-10-06,4.91,2118.11,41689.06,17.0,18.1
0,2024-10-07,9.61,17070.24,41544.39,18.1,20.1
0,2024-10-08,3.24,0.00,41399.86,13.9,15.5
0,2024-10-09,3.12,5085.73,41255.59,12.6,14.2
0,2024-10-10,9.84,32685.62,41111.66,10.6,12.4
0,2024-10-11,14.66,38046.41,40968.19,12.0,13.8
0,2024-10-12,16.21,39600.00,40825.27,12.0,14.0
0,2024-10-13,16.28,35947.69,40683.01,11.8,14.1
0,2024-10-14,7.34,9788.05,40541.52,13.2,14.2
0,2024-10-15,14.33,35042.10,40400.91,14.5,16.2
0,2024-10-16,7.88,17217.44,40261.28,15.7,18.0
0,2024-10-17,12.70,32013.42,40122.74,14.9,17.5
0,2024-10-18,6.28,4792.79,39985.42,18.4,20.2
0,2024-10-19,10.89,28745.04,39849.21,12.5,21.1
0,2024-10-20,10.99,38976.58,39713.01,3.5,5.2
0,2024-10-21,13.17,38792.44,39576.72,8.3,10.3
0,2024-10-22,9.40,20538.89,39440.46,14.2,16.1
0,2024-10-23,6.78,15472.04,39304.35,16.9,19.7
0,2024-10-24,12.57,28800.00,39168.51,12.5,14.4
0,2024-10-25,14.72,35397.67,39033.04,11.2,13.1
0,2024-10-26,9.16,16892.71,38898.09,13.2,14.4
0,2024-10-27,9.66,20877.92,38763.77,14.2,15.4
0,2024-10-28,4.77,16023.98,38630.22,9.0,14.3
0,2024-10-29,10.62,25218.46,38497.55,8.1,11.8
0,2024-10-30,8.49,32286.77,38365.90,9.2,13.7
0,2024-10-31,12.62,35524.39,38235.41,8.0,10.6
0,2024-11-01,9.14,19189.13,38106.21,12.4,14.8
0,2024-11-02,2.08,6597.46,37978.43,11.7,13.7
0,2024-11-03,12.40,36218.42,37852.24,4.6,7.9
0,2024-11-04,13.09,31091.73,37727.76,10.0,12.6
0,2024-11-05,8.06,24472.17,37605.14,5.0,8.3
0,2024-11-06,7.33,23016.15,37484.53,5.0,7.1
0,2024-11-07,8.40,32513.66,37366.09,1.7,2.6
0,2024-11-08,7.19,24324.71,37249.76,2.3,4.4
0,2024-11-09,12.32,35081.58,37134.37,4.5,6.7
0,2024-11-10,11.88,28961.01,37019.86,9.9,12.0
0,2024-11-11,10.82,32787.68,36906.35,7.4,12.6
0,2024-11-12,10.68,33465.10,36793.95,8.0,9.9
0,2024-11-13,10.93,34145.51,36682.82,2.6,4.9
0,2024-11-14,11.58,29557.85,36573.08,6.2,9.6
0,2024-11-15,8.01,32760.40,36464.88,8.8,12.5
0,2024-11-16,8.16,33292.46,36358.35,8.5,9.9
0,2024-11-17,9.24,28528.37,36253.63,10.1,16.3
0,2024-11-18,6.04,24632.25,36150.87,-1.0,1.3
0,2024-11-19,6.28,25718.33,36050.21,-1.4,-0.1
0,2024-11-20,8.56,28800.00,35951.81,2.3,3.6
0,2024-11-21,11.13,32400.00,35855.82,4.2,5.8
0,2024-11-22,6.61,21018.60,35762.38,4.7,6.8
0,2024-11-23,8.55,32559.61,35671.65,1.3,4.7
0,2024-11-24,8.95,32400.00,35583.80,-0.1,1.4
0,2024-11-25,10.00,32400.00,35498.97,-0.6,1.2
0,2024-11-26,9.47,25678.56,35417.34,6.8,11.4
0,2024-11-27,7.29,31621.27,35339.05,6.3,10.6
0,2024-11-28,9.65,32400.00,35264.11,0.4,2.2
0,2024-11-29,8.83,32400.00,35191.63,0.9,3.8
0,2024-11-30,4.66,18383.06,35121.55,2.5,5.5
0,2024-12-01,3.51,8392.25,35053.95,3.0,4.1
0,2024-12-02,9.33,32400.00,34988.93,3.1,4.9
0,2024-12-03,7.85,28899.25,34926.57,5.4,8.0
0,2024-12-04,6.27,27078.92,34866.96,2.5,5.5
0,2024-12-05,6.85,31952.85,34810.20,2.1,4.6
0,2024-12-06,4.15,12963.56,34756.37,2.2,6.8
0,2024-12-07,8.49,31729.15,34705.58,-2.3,-1.0
0,2024-12-08,5.22,21461.01,34657.89,-1.9,1.5
0,2024-12-09,7.73,27651.74,34613.41,-0.2,1.3
0,2024-12-10,8.36,28462.96,34572.23,0.8,3.4
0,2024-12-11,3.61,9917.62,34534.43,-2.6,4.4
0,2024-12-12,6.96,28321.49,34500.10,-3.3,-1.2
0,2024-12-13,5.85,18122.86,34469.33,-0.9,0.9
0,2024-12-14,8.58,30513.82,34442.21,-3.6,-2.3
0,2024-12-15,5.78,23832.57,34418.81,-0.1,3.5
0,2024-12-16,6.25,24409.25,34399.22,-1.2,1.6
0,2024-12-17,3.82,4152.54,34383.53,-0.4,1.8
0,2024-12-18,6.54,26275.20,34371.77,-4.7,-0.5
0,2024-12-19,8.64,30213.83,34363.78,-4.0,-1.3
0,2024-12-20,7.23,30888.84,34359.49,-3.0,-0.8
0,2024-12-21,7.46,31678.89,34358.87,-0.9,1.4
0,2024-12-22,6.41,28360.17,34361.89,-4.8,-2.0
0,2024-12-23,6.45,20424.23,34368.52,-2.7,-1.4
0,2024-12-24,6.60,30523.22,34378.73,-3.0,-2.0
0,2024-12-25,5.54,21676.36,34392.47,-2.6,-1.1
0,2024-12-26,4.11,8362.58,34409.73,0.1,4.8
0,2024-12-27,4.66,7958.67,34430.43,-3.6,-1.9
0,2024-12-28,8.90,32400.00,34454.56,-4.0,-2.0
0,2024-12-29,4.15,11505.94,34482.08,-4.1,-2.6
0,2024-12-30,8.70,25200.00,34512.93,-3.1,-1.4
0,2024-12-31,6.13,22658.11,34547.07,-1.4,3.2
0,2025-01-01,8.70,28800.00,34584.46,-2.2,-0.2
0,2025-01-02,4.47,11504.09,34625.04,-3.0,-1.1
0,2025-01-03,9.00,29809.01,34668.78,-5.8,-2.7
0,2025-01-04,7.81,30410.96,34715.63,-4.4,-2.5
0,2025-01-05,6.04,20468.12,34765.53,-3.7,-2.0
0,2025-01-06,5.91,18000.00,34818.43,-0.5,1.9
0,2025-01-07,7.70,32504.89,34874.42,-0.3,5.4
0,2025-01-08,5.86,19416.24,34934.10,-5.6,-1.3
0,2025-01-09,8.32,21219.65,34997.47,-5.7,-2.2
0,2025-01-10,9.71,26312.80,35064.39,-6.3,-2.1
0,2025-01-11,11.16,29789.46,35134.70,-5.4,-2.3
0,2025-01-12,6.42,20197.93,35208.29,-3.5,-1.9
0,2025-01-13,8.59,30763.51,35284.98,-2.8,-1.1
0,2025-01-14,6.67,26376.44,35364.65,-0.3,3.3
0,2025-01-15,6.73,11704.00,35447.16,-4.8,-1.7
0,2025-01-16,8.98,29187.33,35532.37,-5.3,-1.0
0,2025-01-17,9.28,26932.32,35620.13,-5.2,-3.3
0,2025-01-18,7.71,21955.62,35710.32,-5.3,-2.2
0,2025-01-19,11.41,32675.97,35802.80,-3.7,-2.1
0,2025-01-20,10.10,27978.10,35897.44,-1.6,0.3
0,2025-01-21,7.36,26050.23,35994.10,-2.1,1.1
0,2025-01-22,11.60,34306.10,36092.65,-3.5,-0.8
0,2025-01-23,8.63,26853.49,36192.98,-1.2,0.4
0,2025-01-24,8.84,33376.73,36294.93,-1.8,-0.1
0,2025-01-25,10.24,35336.94,36398.42,-4.0,-1.0
0,2025-01-26,8.07,27827.96,36503.29,-4.5,-3.1
0,2025-01-27,10.92,35468.66,36609.65,-5.9,-4.4
0,2025-01-28,10.99,35034.53,36718.59,-3.0,-0.8
0,2025-01-29,8.64,25147.45,36830.16,-3.1,-0.9
0,2025-01-30,8.27,12781.98,36944.19,-3.4,-1.6
0,2025-01-31,10.92,32135.46,37060.51,-4.2,-2.5
0,2025-02-01,6.79,26386.58,37178.97,-4.7,-3.1
0,2025-02-02,11.28,31995.80,37299.41,-4.5,-3.2
0,2025-02-03,8.07,21396.60,37421.67,-1.3,0.5
0,2025-02-04,11.70,34087.13,37545.60,-5.7,-2.6
0,2025-02-05,11.61,25485.31,37671.06,-6.2,-3.8
0,2025-02-06,11.76,27819.00,37797.90,-7.4,-4.7
0,2025-02-07,9.60,18942.25,37925.97,-7.5,-3.3
0,2025-02-08,12.76,34418.09,38055.14,-4.6,-2.9
0,2025-02-09,13.23,33704.22,38185.26,-5.5,-3.2
0,2025-02-10,9.37,16560.45,38316.20,-5.6,-3.5
0,2025-02-11,13.38,36000.00,38447.83,-6.1,-4.4
0,2025-02-12,9.88,13029.41,38580.02,-1.9,1.4
0,2025-02-13,12.70,32400.00,38712.63,-4.2,-1.4
0,2025-02-14,13.05,33455.03,38845.55,-2.8,-1.1
0,2025-02-15,15.86,36000.00,38978.65,-4.3,-1.7
0,2025-02-16,13.95,36313.51,39112.01,-0.3,2.4
0,2025-02-17,11.75,33351.51,39246.84,-4.4,1.3
0,2025-02-18,13.63,30222.80,39383.20,-7.5,-6.1
0,2025-02-19,16.23,36195.66,39520.97,-6.8,-5.8
0,2025-02-20,13.53,36154.97,39660.02,-5.9,-4.7
0,2025-02-21,13.82,37315.53,39800.22,-6.2,-5.1
0,2025-02-22,14.59,36371.79,39941.45,-6.5,-5.4
0,2025-02-23,14.27,37826.19,40083.58,-6.7,-5.5
0,2025-02-24,13.21,36883.65,40226.49,-5.3,-4.2
0,2025-02-25,16.56,33440.57,40370.07,-3.6,-1.1
0,2025-02-26,8.00,20066.63,40514.19,-2.0,1.3
0,2025-02-27,15.82,38671.74,40658.74,-3.1,-1.0
0,2025-02-28,14.46,35457.35,40803.61,-0.7,2.4
0,2025-03-01,16.77,34246.02,40948.68,0.3,3.1
0,2025-03-02,14.57,31864.50,41093.85,1.8,4.6
0,2025-03-03,4.82,3065.46,41239.00,-4.7,0.9
0,2025-03-04,11.28,18000.00,41384.02,-3.4,1.2
0,2025-03-05,3.59,1128.88,41528.81,2.2,3.0
0,2025-03-06,13.41,35664.91,41673.26,-1.8,0.9
0,2025-03-07,16.03,37423.36,41817.25,-6.9,-5.2
0,2025-03-08,14.10,29069.74,41960.89,-4.0,-0.3
0,2025-03-09,15.72,40521.19,42105.27,-2.6,-0.8
0,2025-03-10,19.22,37173.37,42250.48,-2.7,-0.2
0,2025-03-11,15.84,30740.62,42396.43,2.8,4.8
0,2025-03-12,15.95,35001.60,42543.02,5.9,7.9
0,2025-03-13,15.78,40476.26,42690.15,0.0,5.6
0,2025-03-14,19.39,34842.47,42837.72,-3.8,-2.2
0,2025-03-15,8.95,9045.16,42985.64,-2.1,1.4
0,2025-03-16,2.78,663.03,43133.81,2.9,5.5
0,2025-03-17,13.56,38088.77,43282.14,-1.1,3.1
0,2025-03-18,19.59,34876.26,43430.54,-4.0,0.3
0,2025-03-19,6.73,7609.93,43578.90,-1.6,2.1
0,2025-03-20,15.32,42053.83,43727.13,-3.3,-0.2
0,2025-03-21,18.75,42280.51,43875.14,0.9,2.5
0,2025-03-22,19.80,42439.35,44022.83,3.3,5.8
0,2025-03-23,19.48,42494.74,44170.10,0.9,4.8
0,2025-03-24,16.28,35441.95,44316.87,6.0,7.9
0,2025-03-25,18.63,35681.20,44463.02,6.1,7.5
0,2025-03-26,17.52,42142.44,44608.47,2.6,4.3
0,2025-03-27,19.08,32306.35,44753.11,9.4,12.2
0,2025-03-28,12.82,18702.78,44897.03,4.3,15.4
0,2025-03-29,5.03,3600.00,45041.24,-3.0,-0.7
0,2025-03-30,18.42,38810.88,45185.85,-3.6,-0.4
0,2025-03-31,15.67,35734.44,45330.74,-2.7,0.7
0,2025-04-01,3.78,0.00,45475.85,3.3,6.8
0,2025-04-02,3.81,0.00,45621.07,5.2,7.5
0,2025-04-03,4.16,704.56,45766.32,3.5,4.6
0,2025-04-04,17.00,43110.88,45911.51,0.4,2.0
0,2025-04-05,21.71,43200.00,46056.53,2.7,7.4
0,2025-04-06,18.36,38324.37,46201.31,6.4,10.1
0,2025-04-07,20.58,43977.63,46345.74,3.5,4.7
0,2025-04-08,16.75,21872.98,46489.72,3.8,7.1
0,2025-04-09,16.86,38071.72,46633.17,2.0,5.0
0,2025-04-10,13.86,19504.46,46775.98,7.6,10.1
0,2025-04-11,16.87,34318.52,46918.04,7.5,9.5
0,2025-04-12,10.54,24124.71,47059.26,7.2,8.3
0,2025-04-13,3.88,0.00,47199.53,9.2,10.5
0,2025-04-14,10.25,18033.84,47338.75,4.8,11.0
0,2025-04-15,10.04,15560.68,47476.81,5.5,7.5
0,2025-04-16,17.99,43508.36,47613.60,2.5,4.3
0,2025-04-17,23.03,39110.60,47749.17,6.3,11.5
0,2025-04-18,20.27,42175.61,47884.53,10.6,12.8
0,2025-04-19,21.36,36000.00,48019.75,13.7,16.1
0,2025-04-20,13.39,23022.00,48154.73,10.2,15.7
0,2025-04-21,24.07,46800.00,48289.38,3.4,4.8
0,2025-04-22,21.84,28800.00,48423.59,8.6,13.2
0,2025-04-23,5.87,0.00,48557.28,13.7,15.0
0,2025-04-24,17.54,36000.00,48690.31,10.8,13.1
0,2025-04-25,17.37,39244.60,48822.61,5.2,12.9
0,2025-04-26,24.85,43776.25,48954.05,0.1,4.3
0,2025-04-27,24.87,37827.74,49084.53,5.7,11.4
0,2025-04-28,14.59,26083.29,49213.94,8.2,10.2
0,2025-04-29,19.00,33948.75,49342.16,4.6,6.9
0,2025-04-30,19.09,45048.18,49469.08,4.2,6.5
0,2025-05-01,24.84,46350.42,49594.57,10.8,12.6
0,2025-05-02,11.03,20664.50,49718.51,10.8,13.8
0,2025-05-03,21.83,26936.61,49840.78,7.8,10.1
0,2025-05-04,20.65,42130.92,49961.26,5.9,10.7
0,2025-05-05,22.72,36000.00,50079.81,6.2,10.3
0,2025-05-06,5.50,0.00,50196.31,10.9,12.2
0,2025-05-07,18.20,43629.00,50310.79,5.1,9.6
0,2025-05-08,26.05,41390.11,50424.15,6.0,10.6
0,2025-05-09,17.13,24622.47,50536.46,12.1,15.1
0,2025-05-10,10.64,8315.69,50647.62,13.8,17.1
0,2025-05-11,12.95,19678.39,50757.53,10.2,12.5
0,2025-05-12,13.77,31198.92,50866.08,10.6,12.2
0,2025-05-13,26.07,42258.51,50973.17,10.5,13.9
0,2025-05-14,21.11,43814.12,51078.68,14.2,16.2
0,2025-05-15,20.65,36511.58,51182.52,14.0,15.6
0,2025-05-16,20.53,36000.00,51284.56,15.4,18.2
0,2025-05-17,7.97,12047.97,51384.69,17.5,18.9
0,2025-05-18,19.82,29474.85,51482.80,15.0,18.4
0,2025-05-19,19.77,46377.74,51578.78,12.2,14.1
0,2025-05-20,15.15,32401.14,51672.49,15.9,18.3
0,2025-05-21,25.42,39955.24,51763.83,19.3,22.1
0,2025-05-22,15.67,26932.61,51852.67,12.2,18.6
0,2025-05-23,21.92,31082.33,51938.88,10.4,11.5
0,2025-05-24,8.00,1748.41,52022.34,12.2,13.1
0,2025-05-25,10.88,6380.51,52102.94,10.9,15.5
0,2025-05-26,17.10,26442.25,52180.54,9.0,11.0
0,2025-05-27,16.73,21307.49,52255.13,11.7,12.8
0,2025-05-28,22.90,44374.87,52327.35,12.4,14.3
0,2025-05-29,22.51,32400.00,52397.26,13.6,15.3
0,2025-05-30,7.59,1044.47,52464.76,11.4,14.0
0,2025-05-31,6.25,0.00,52529.81,11.7,12.5
0,2025-06-01,15.39,30321.43,52592.33,10.8,12.2
0,2025-06-02,22.75,30362.95,52652.25,13.8,16.0
0,2025-06-03,6.97,7149.63,52709.50,16.3,18.4
0,2025-06-04,19.60,44909.14,52764.01,13.5,18.0
0,2025-06-05,25.44,47332.98,52815.72,11.2,14.2
0,2025-06-06,21.78,33268.63,52864.55,15.8,18.1
0,2025-06-07,25.60,42351.90,52910.43,15.9,18.7
0,2025-06-08,21.20,39839.95,52953.30,16.0,19.1
0,2025-06-09,23.05,34579.47,52993.09,15.9,18.0
0,2025-06-10,14.18,16330.35,53029.74,18.4,19.9
0,2025-06-11,7.66,11257.31,53063.17,18.3,21.0
0,2025-06-12,22.37,49672.36,53093.32,12.7,13.6
0,2025-06-13,24.42,36935.79,53120.13,15.4,16.8
0,2025-06-14,7.03,0.00,53143.54,17.9,19.8
0,2025-06-15,19.05,43313.43,53163.48,21.0,23.2
0,2025-06-16,21.42,37843.77,53179.93,21.5,22.5
0,2025-06-17,25.82,49989.48,53192.99,20.3,21.8
0,2025-06-18,25.41,48941.18,53202.73,20.1,22.5
0,2025-06-19,22.86,48664.23,53209.13,20.6,22.8
0,2025-06-20,26.34,45056.92,53212.23,19.5,20.6
0,2025-06-21,23.70,43153.38,53212.05,19.3,20.6
0,2025-06-22,23.29,36861.44,53208.61,19.7,21.6
0,2025-06-23,13.08,16430.12,53201.92,21.2,23.3
0,2025-06-24,10.33,10568.93,53192.03,22.2,22.7
0,2025-06-25,12.65,16538.48,53178.94,22.8,23.8
0,2025-06-26,14.79,25949.85,53162.68,21.3,24.2
0,2025-06-27,23.29,45891.42,53143.30,18.5,19.3
0,2025-06-28,25.73,49115.21,53120.81,18.2,20.2
0,2025-06-29,26.28,40403.43,53095.25,18.9,21.4
0,2025-06-30,22.80,48905.43,53066.65,20.1,23.3
0,2025-07-01,16.82,31751.22,53035.03,20.0,21.1
0,2025-07-02,22.94,47633.83,53000.45,21.3,22.7
0,2025-07-03,22.36,46782.05,52962.93,22.2,23.9
0,2025-07-04,17.78,26114.78,52922.51,22.7,23.5
0,2025-07-05,21.81,45989.17,52879.21,21.3,22.7
0,2025-07-06,25.03,50301.17,52833.01,21.7,23.3
0,2025-07-07,26.15,49593.80,52783.44,22.7,24.4
0,2025-07-08,22.38,46680.20,52730.55,23.4,24.7
0,2025-07-09,20.79,32163.79,52674.42,23.1,24.3
0,2025-07-10,8.10,0.00,52615.16,19.4,21.6
0,2025-07-11,8.79,1291.84,52552.88,16.3,17.3
0,2025-07-12,14.72,30400.54,52487.67,16.7,18.1
0,2025-07-13,23.78,47721.28,52419.66,20.2,21.6
0,2025-07-14,15.05,27973.13,52348.94,22.5,23.3
0,2025-07-15,12.27,16121.03,52275.60,23.3,24.5
0,2025-07-16,15.01,18000.00,52199.78,22.5,23.9
0,2025-07-17,16.20,26357.24,52121.54,21.1,23.8
0,2025-07-18,24.36,42283.73,52041.02,20.7,22.2
0,2025-07-19,25.74,46800.00,51958.29,21.2,22.5
0,2025-07-20,25.44,49368.40,51873.48,22.3,24.4
0,2025-07-21,24.55,48429.16,51786.66,22.3,24.4
0,2025-07-22,24.76,49393.90,51697.95,22.5,24.1
0,2025-07-23,25.07,49407.73,51607.44,20.9,22.1
0,2025-07-24,24.87,48475.83,51515.21,21.6,24.2
0,2025-07-25,25.06,48177.94,51421.39,20.7,23.1
0,2025-07-26,25.00,45351.67,51325.89,20.7,23.3
0,2025-07-27,19.66,39600.00,51227.92,21.6,24.0
0,2025-07-28,26.27,48548.86,51127.45,20.3,22.9
0,2025-07-29,26.03,48569.20,51024.62,20.8,22.2
0,2025-07-30,26.38,48590.36,50919.56,20.4,21.6
0,2025-07-31,20.31,38513.45,50812.39,20.0,21.2
0,2025-08-01,8.54,3658.62,50703.25,23.2,24.7
0,2025-08-02,16.39,40241.97,50592.26,23.8,24.9
0,2025-08-03,22.67,42962.91,50479.54,23.7,24.7
0,2025-08-04,21.69,47163.22,50365.21,24.8,26.1
0,2025-08-05,16.04,29855.74,50249.39,24.2,25.1
0,2025-08-06,12.54,15028.95,50132.18,23.9,25.5
0,2025-08-07,11.49,29498.09,50013.72,22.6,24.1
0,2025-08-08,21.18,47281.31,49894.10,18.8,21.5
0,2025-08-09,21.86,36000.00,49773.44,18.6,21.0
0,2025-08-10,6.86,5640.24,49651.85,22.9,24.1
0,2025-08-11,12.57,22593.46,49529.42,24.1,25.0
0,2025-08-12,6.25,4728.98,49406.28,22.2,24.1
0,2025-08-13,23.53,43318.89,49282.50,20.5,21.5
0,2025-08-14,22.26,46800.00,49158.21,22.2,23.5
0,2025-08-15,9.23,19403.33,49033.30,22.7,24.6
0,2025-08-16,20.35,43532.14,48906.87,22.2,23.5
0,2025-08-17,22.27,44233.14,48778.86,22.7,24.1
0,2025-08-18,20.73,46727.67,48649.39,22.6,24.5
0,2025-08-19,21.77,46676.78,48518.57,21.8,24.0
0,2025-08-20,23.10,46625.87,48386.51,21.5,23.4
0,2025-08-21,22.67,45383.11,48253.31,20.4,21.2
0,2025-08-22,21.82,43618.91,48119.11,21.3,22.4
0,2025-08-23,22.92,46473.10,47983.99,21.6,23.8
0,2025-08-24,21.09,36110.39,47848.05,22.2,23.7
0,2025-08-25,16.89,33487.56,47711.40,22.9,23.5
0,2025-08-26,19.66,46320.52,47574.15,23.3,25.3
0,2025-08-27,17.21,33259.57,47436.39,20.8,22.7
0,2025-08-28,21.43,45817.10,47298.21,18.5,20.2
0,2025-08-29,13.30,29116.48,47159.71,19.9,21.7
0,2025-08-30,20.51,46117.74,47020.99,21.6,23.9
0,2025-08-31,20.16,45584.39,46882.13,22.6,23.6
0,2025-09-01,21.71,45100.52,46743.23,22.4,23.6
0,2025-09-02,20.17,34733.10,46604.37,21.3,24.1
0,2025-09-03,19.25,35825.63,46465.64,20.2,23.4
0,2025-09-04,12.88,29284.20,46326.97,21.6,22.9
0,2025-09-05,6.40,16066.69,46187.40,21.7,23.0
0,2025-09-06,21.23,45183.60,46046.85,18.9,21.2
0,2025-09-07,18.76,30469.06,45905.44,21.6,24.0
0,2025-09-08,9.04,11291.39,45763.24,23.1,23.9
0,2025-09-09,16.96,36262.95,45620.36,22.8,23.6
0,2025-09-10,10.93,14142.79,45476.89,20.9,22.0
0,2025-09-11,10.46,14111.21,45332.91,20.3,21.2
0,2025-09-12,8.85,10256.30,45188.53,20.8,21.5
0,2025-09-13,7.69,4346.61,45043.82,21.9,23.0
0,2025-09-14,14.40,37016.35,44898.89,19.3,22.4
0,2025-09-15,16.16,41930.47,44753.80,20.7,23.2
0,2025-09-16,20.00,41581.00,44608.65,20.8,22.9
0,2025-09-17,15.46,32434.81,44463.54,22.5,24.7
0,2025-09-18,4.39,7961.26,44318.54,17.5,23.5
0,2025-09-19,19.04,29679.16,44173.74,15.2,17.0
0,2025-09-20,7.69,12031.21,44029.23,18.6,20.6
0,2025-09-21,15.70,40908.62,43885.08,13.2,17.0
0,2025-09-22,18.85,36000.00,43741.40,13.1,14.4
0,2025-09-23,16.93,39891.00,43598.25,13.2,14.8
0,2025-09-24,17.77,39672.31,43455.56,13.1,14.3
0,2025-09-25,13.23,35555.75,43312.33,18.5,20.3
0,2025-09-26,18.37,39719.90,43168.49,14.8,18.4
0,2025-09-27,17.33,39723.49,43024.13,12.4,14.4
0,2025-09-28,17.12,32400.00,42879.34,17.4,20.5
0,2025-09-29,11.61,29383.27,42734.22,15.5,21.6
0,2025-09-30,18.33,38270.91,42588.85,14.1,16.2
0,2025-10-01,8.16,18387.40,42443.34,16.7,18.0
0,2025-10-02,17.85,39600.00,42297.77,13.0,16.4
0,2025-10-03,16.78,35603.43,42152.24,14.2,16.4
0,2025-10-04,13.71,28294.73,42006.86,16.5,18.3
0,2025-10-05,10.39,23247.58,41861.70,19.7,21.1
0,2025-10-06,13.74,30185.46,41716.86,14.6,17.3
0,2025-10-07,7.90,13470.21,41572.45,13.7,15.8
0,2025-10-08,12.88,33578.08,41428.56,15.0,17.3
0,2025-10-09,8.81,20413.84,41285.29,10.3,11.2
0,2025-10-10,8.20,10800.00,41142.74,11.2,13.3
0,2025-10-11,2.22,0.00,41001.01,12.3,13.1
0,2025-10-12,8.90,22403.38,40860.20,15.5,17.3
0,2025-10-13,7.10,20482.99,40720.42,14.7,17.7
0,2025-10-14,3.89,9035.61,40581.58,12.5,14.2
0,2025-10-15,15.88,34429.71,40442.58,11.1,12.9
0,2025-10-16,3.22,4214.10,40303.35,14.4,15.6
0,2025-10-17,12.46,32204.47,40163.98,13.4,15.0
0,2025-10-18,7.82,14400.00,40024.60,14.4,17.0
0,2025-10-19,3.95,0.00,39885.32,9.7,11.5
0,2025-10-20,11.32,37286.79,39746.24,7.3,10.1
0,2025-10-21,10.44,27248.89,39607.49,6.2,8.1
0,2025-10-22,5.08,7750.57,39469.18,7.2,8.4
0,2025-10-23,13.23,37963.42,39331.43,5.7,6.7
0,2025-10-24,14.12,37068.79,39194.36,6.9,8.5
0,2025-10-25,4.63,7200.00,39058.10,10.6,12.4
0,2025-10-26,3.75,8864.47,38922.77,12.9,14.1
0,2025-10-27,11.58,35943.88,38788.50,8.5,10.5
0,2025-10-28,8.74,30962.23,38655.41,4.6,6.5
0,2025-10-29,10.49,37277.00,38523.64,1.7,3.8
0,2025-10-30,14.09,30452.72,38393.33,5.4,8.2
0,2025-10-31,6.31,7606.56,38264.61,10.8,12.6
0,2025-11-01,10.10,36280.09,38137.62,9.8,11.8
0,2025-11-02,10.95,30586.72,38012.51,8.7,10.7
0,2025-11-03,10.07,35352.20,37889.20,3.8,7.9
0,2025-11-04,13.53,36197.19,37766.53,3.8,6.4
0,2025-11-05,12.35,32076.84,37644.42,6.1,7.8
0,2025-11-06,12.00,33584.65,37522.99,7.8,10.5
0,2025-11-07,11.32,33017.50,37402.36,3.0,5.8
0,2025-11-08,9.09,28897.88,37282.68,3.5,6.1
0,2025-11-09,4.04,5181.60,37164.08,9.6,11.4
0,2025-11-10,6.34,23130.85,37046.69,4.1,11.2
0,2025-11-11,9.75,33740.75,36930.66,2.0,3.4
0,2025-11-12,11.38,29527.28,36816.12,0.8,2.9
0,2025-11-13,8.89,31136.15,36703.22,6.5,7.8
0,2025-11-14,11.64,34178.52,36592.12,2.1,3.8
0,2025-11-15,10.22,32926.99,36482.96,0.8,3.2
0,2025-11-16,11.69,33933.07,36375.88,3.1,5.3
0,2025-11-17,10.89,28510.74,36271.06,5.2,9.9
0,2025-11-18,5.36,15058.14,36168.64,0.2,4.7
0,2025-11-19,9.58,32454.57,36068.78,-0.2,2.3
0,2025-11-20,10.70,28800.00,35971.65,1.0,3.1
0,2025-11-21,4.22,4764.47,35877.40,4.2,9.0
0,2025-11-22,7.94,28423.63,35786.22,-0.8,3.7
0,2025-11-23,10.23,25887.59,35698.06,3.2,8.0
0,2025-11-24,8.19,24306.90,35611.94,5.1,6.6
0,2025-11-25,4.58,7200.00,35527.79,5.9,9.0
0,2025-11-26,8.07,31145.82,35445.72,5.0,7.1
0,2025-11-27,8.28,28800.00,35365.83,4.7,6.5
0,2025-11-28,6.89,32400.00,35288.23,1.8,9.7
0,2025-11-29,9.95,32408.16,35213.02,-1.8,-0.6
0,2025-11-30,10.66,32438.65,35140.35,1.4,5.3
0,2025-12-01,9.60,30129.98,35070.29,4.6,7.5
0,2025-12-02,4.23,5744.57,35002.97,5.6,6.8
0,2025-12-03,3.36,4727.53,34938.50,0.6,7.4
0,2025-12-04,8.34,22850.42,34877.01,-3.0,1.1
0,2025-12-05,5.41,21407.98,34818.60,-1.1,1.5
0,2025-12-06,10.29,32400.00,34763.38,-1.8,0.7
0,2025-12-07,7.61,30077.35,34711.47,1.7,3.6
0,2025-12-08,7.70,28517.64,34662.99,1.4,6.4
0,2025-12-09,5.21,21216.10,34618.06,-2.3,0.9
0,2025-12-10,3.37,8566.86,34576.77,-0.2,3.6
0,2025-12-11,8.73,29800.46,34539.24,-0.3,4.6
0,2025-12-12,8.72,28800.00,34505.60,-5.6,-3.5
0,2025-12-13,5.68,23806.01,34475.86,-2.7,0.7
0,2025-12-14,1.63,0.00,34449.65,1.6,3.0
0,2025-12-15,5.81,28072.79,34426.89,-0.1,1.9
0,2025-12-16,7.48,23348.40,34407.59,1.1,3.1
0,2025-12-17,8.32,27628.19,34391.76,0.7,4.6
0,2025-12-18,6.06,32400.00,34379.40,-3.6,-2.4
0,2025-12-19,9.97,32400.00,34370.52,-2.6,0.1
0,2025-12-20,9.19,32400.00,34365.12,4.8,7.7
0,2025-12-21,8.51,27312.42,34363.19,5.2,12.1
0,2025-12-22,5.24,26633.25,34364.73,-3.4,-2.1
0,2025-12-23,9.05,28800.00,34369.74,-2.4,1.4
0,2025-12-24,1.91,1620.93,34378.21,3.4,4.8
0,2025-12-25,3.93,14463.60,34390.14,4.2,7.3
0,2025-12-26,6.60,24141.32,34405.51,-5.8,-2.9
0,2025-12-27,6.60,26621.80,34424.32,-3.2,-1.7
0,2025-12-28,7.44,32421.71,34446.55,-3.9,-1.8
0,2025-12-29,9.61,32400.46,34472.19,-1.2,0.7
0,2025-12-30,7.70,28961.80,34501.23,0.7,3.0
0,2025-12-31,4.46,14837.05,34533.65,-4.6,-1.3
0,2026-01-01,4.31,15431.27,34569.43,-3.7,-0.8
0,2026-01-02,7.66,22887.27,34608.64,-4.6,-2.5
0,2026-01-03,8.14,29637.97,34651.71,-2.6,-0.7
0,2026-01-04,4.58,14773.13,34698.62,0.8,3.0
0,2026-01-05,4.25,8807.66,34749.24,-2.4,2.2
0,2026-01-06,7.41,29039.99,34803.45,-4.1,-2.9
0,2026-01-07,7.53,31045.46,34861.13,-3.6,-1.4
0,2026-01-08,5.49,24226.63,34922.16,-5.4,-0.9
0,2026-01-09,6.83,30370.47,34986.41,-4.2,-1.8
0,2026-01-10,10.25,30163.11,35053.77,-2.2,0.6
0,2026-01-11,4.71,10412.21,35124.10,-4.3,-0.6
0,2026-01-12,8.81,28763.35,35197.30,-4.2,-0.6
0,2026-01-13,9.91,29440.22,35273.23,-1.9,0.1
0,2026-01-14,7.79,26911.79,35351.78,-4.2,-3.0
0,2026-01-15,9.79,31785.46,35432.83,-0.4,2.4
0,2026-01-16,7.91,32891.06,35516.26,-0.1,3.9
0,2026-01-17,9.06,25929.82,35601.96,-2.1,2.7
0,2026-01-18,9.30,31261.57,35689.81,-5.1,-3.3
0,2026-01-19,3.69,3999.09,35779.68,-1.2,2.4
0,2026-01-20,6.37,18942.28,35871.48,-7.1,-4.3
0,2026-01-21,10.14,30745.57,35965.09,-6.8,-5.1
0,2026-01-22,10.53,33167.02,36060.59,-6.4,-4.1
0,2026-01-23,8.47,31574.08,36159.01,-4.4,-2.7
0,2026-01-24,9.64,30289.04,36260.36,-5.5,-3.1
0,2026-01-25,8.26,31256.24,36364.48,-8.8,-6.9
0,2026-01-26,6.27,25393.94,36471.21,-5.7,-3.6
0,2026-01-27,6.11,10800.00,36580.38,-4.3,0.2
0,2026-01-28,9.78,31122.95,36691.84,-5.5,-3.8
0,2026-01-29,8.72,30176.94,36805.42,-5.7,-3.3
0,2026-01-30,10.16,29838.66,36920.97,-6.6,-5.2
0,2026-01-31,10.54,32120.03,37038.34,-5.4,-3.5
1,2021-01-01,3.16,0.00,34654.40,-4.1,-2.8
1,2021-01-02,6.70,16618.54,34694.78,-5.4,-3.8
1,2021-01-03,5.28,3765.10,34738.29,-3.5,-1.3
1,2021-01-04,3.64,3600.00,34784.87,-1.5,-0.2
1,2021-01-05,5.86,16890.48,34834.47,-0.7,1.3
1,2021-01-06,7.46,28260.12,34887.04,-3.6,-1.0
1,2021-01-07,5.85,25831.41,34942.52,-6.0,-0.6
1,2021-01-08,6.15,11821.91,35000.98,-9.2,-6.1
1,2021-01-09,8.42,23870.57,35063.08,-10.1,-5.8
1,2021-01-10,5.99,9268.64,35128.81,-6.0,-4.6
1,2021-01-11,8.71,25638.14,35198.01,-6.6,-4.1
1,2021-01-12,5.59,0.00,35270.55,-1.2,-0.3
1,2021-01-13,6.50,27117.65,35346.28,-2.0,0.3
1,2021-01-14,3.24,3600.00,35425.06,-1.8,1.7
1,2021-01-15,11.94,32623.26,35506.73,-2.0,0.4
1,2021-01-16,3.48,661.44,35591.17,-1.1,1.5
1,2021-01-17,7.26,19111.33,35678.23,-5.8,-2.4
1,2021-01-18,9.80,27452.58,35767.78,-3.6,-1.6
1,2021-01-19,6.73,15822.10,35859.67,-8.2,-6.8
1,2021-01-20,5.99,5050.02,35953.77,-7.5,-4.3
1,2021-01-21,12.64,31634.40,36049.94,-6.5,0.1
1,2021-01-22,5.93,12764.94,36148.06,1.2,3.2
1,2021-01-23,7.87,15076.93,36247.99,-0.6,0.5
1,2021-01-24,6.71,14010.17,36349.61,-0.6,1.5
1,2021-01-25,12.69,35500.45,36452.77,-2.5,1.4
1,2021-01-26,8.78,22987.06,36557.38,1.9,4.6
1,2021-01-27,2.75,6297.30,36663.30,-1.0,5.8
1,2021-01-28,6.97,16591.29,36770.61,-2.9,0.4
1,2021-01-29,6.52,15236.55,36880.43,-6.9,-3.1
1,2021-01-30,7.42,16927.09,36992.80,-5.1,-2.0
1,2021-01-31,8.09,16628.99,37107.55,-7.8,-4.4
1,2021-02-01,11.13,21305.35,37224.52,-0.8,1.7
1,2021-02-02,4.89,0.00,37343.56,-2.5,2.4
1,2021-02-03,5.45,2124.65,37464.52,-4.3,-3.0
1,2021-02-04,6.33,10153.55,37587.23,-4.5,-1.2
1,2021-02-05,8.44,14449.71,37711.54,-3.3,-1.1
1,2021-02-06,10.81,32507.26,37837.33,0.4,2.5
1,2021-02-07,6.28,10577.61,37964.42,-1.4,2.5
1,2021-02-08,6.69,1655.29,38092.69,-7.3,-5.4
1,2021-02-09,8.10,18932.08,38222.01,-4.9,-3.1
1,2021-02-10,5.90,4261.06,38352.22,-0.4,0.4
1,2021-02-11,11.11,36000.00,38483.20,-4.5,-0.4
1,2021-02-12,15.73,34399.19,38614.81,-4.5,-2.6
1,2021-02-13,15.96,36176.02,38746.93,-1.7,0.4
1,2021-02-14,13.35,32400.00,38879.43,1.7,5.4
1,2021-02-15,1.79,0.00,39012.19,3.3,7.2
1,2021-02-16,6.46,14524.48,39145.08,-3.0,-1.1
1,2021-02-17,8.88,9848.27,39278.19,-5.9,-2.6
1,2021-02-18,8.25,5694.27,39412.70,-5.0,-4.1
1,2021-02-19,6.07,5318.42,39548.69,-3.4,-0.7
1,2021-02-20,16.07,32400.00,39686.03,0.9,3.8
1,2021-02-21,12.79,35249.45,39824.60,2.1,4.2
1,2021-02-22,16.50,32400.00,39964.27,2.4,4.7
1,2021-02-23,6.48,11700.58,40104.92,-5.9,-1.4
1,2021-02-24,10.72,31118.13,40246.43,-6.3,-4.9
1,2021-02-25,15.33,31930.61,40388.68,-6.2,-1.6
1,2021-02-26,10.68,21183.47,40531.57,-4.7,-0.9
1,2021-02-27,10.20,27945.76,40674.97,-7.7,-5.2
1,2021-02-28,19.20,39539.14,40818.77,-9.4,-4.3
1,2021-03-01,16.70,32400.00,40962.86,1.7,7.0
1,2021-03-02,2.74,0.00,41107.13,1.1,10.7
1,2021-03-03,12.60,30994.07,41251.47,-6.4,-3.4
1,2021-03-04,18.02,38964.09,41395.79,-0.2,3.3
1,2021-03-05,12.88,22010.51,41539.95,4.6,8.8
1,2021-03-06,6.60,10026.50,41683.87,-2.0,6.7
1,2021-03-07,18.71,36992.06,41827.44,-4.5,-1.3
1,2021-03-08,17.38,40151.15,41970.55,-4.4,-3.3
1,2021-03-09,18.91,33635.99,42113.30,-0.3,3.0
1,2021-03-10,14.64,34766.37,42256.76,-4.5,2.9
1,2021-03-11,19.99,34875.35,42401.03,-5.2,1.6
1,2021-03-12,9.65,8766.05,42546.03,-0.6,5.4
1,2021-03-13,5.63,342.66,42691.63,6.2,9.0
1,2021-03-14,3.97,0.00,42837.75,3.1,4.8
1,2021-03-15,16.77,39867.56,42984.30,-1.5,3.3
1,2021-03-16,9.32,20469.44,43131.18,1.9,7.4
1,2021-03-17,11.41,32474.98,43278.29,-2.2,0.1
1,2021-03-18,12.90,27621.03,43425.54,-0.7,0.2
1,2021-03-19,18.40,37563.47,43572.84,-1.0,1.7
1,2021-03-20,18.28,29055.31,43720.08,6.6,9.8
1,2021-03-21,4.65,7200.00,43867.18,7.9,13.3
1,2021-03-22,17.22,39149.60,44014.04,-0.6,3.2
1,2021-03-23,13.31,38556.55,44160.56,-2.1,1.7
1,2021-03-24,21.76,35482.66,44306.65,2.6,6.9
1,2021-03-25,12.53,24556.17,44452.21,5.8,7.4
1,2021-03-26,13.79,41373.99,44597.15,3.6,7.4
1,2021-03-27,21.41,31915.04,44741.37,3.4,8.4
1,2021-03-28,8.32,8394.19,44884.76,10.5,11.7
1,2021-03-29,17.47,36524.73,45027.42,7.6,11.4
1,2021-03-30,19.44,35103.40,45170.34,7.7,11.4
1,2021-03-31,18.45,41109.24,45313.62,2.4,6.5
1,2021-04-01,23.11,43640.62,45457.19,1.9,5.6
1,2021-04-02,23.05,43171.81,45600.93,6.3,8.1
1,2021-04-03,20.64,41142.81,45744.76,7.7,9.7
1,2021-04-04,7.68,4518.11,45888.61,11.0,14.7
1,2021-04-05,12.37,26856.35,46032.36,1.0,4.3
1,2021-04-06,18.83,32304.07,46175.94,-0.1,1.8
1,2021-04-07,20.64,44630.95,46319.23,0.7,2.9
1,2021-04-08,22.71,42985.71,46462.15,-1.0,0.5
1,2021-04-09,18.64,41675.49,46604.62,-3.5,0.4
1,2021-04-10,22.85,45386.78,46746.51,-2.8,0.0
1,2021-04-11,25.04,45641.00,46887.74,1.4,5.0
1,2021-04-12,23.55,38103.14,47028.21,3.9,6.7
1,2021-04-13,11.66,14513.51,47167.81,9.5,11.8
1,2021-04-14,9.00,10194.39,47306.44,1.6,8.6
1,2021-04-15,24.94,44903.35,47443.98,-0.0,3.3
1,2021-04-16,20.18,34169.66,47580.34,6.0,10.0
1,2021-04-17,5.40,7354.38,47715.40,9.6,11.1
1,2021-04-18,14.47,33207.17,47849.23,3.9,5.5
1,2021-04-19,16.34,46594.66,47982.80,1.6,5.3
1,2021-04-20,25.03,46672.71,48116.18,6.0,8.8
1,2021-04-21,26.80,46750.31,48249.28,-3.6,0.7
1,2021-04-22,26.77,46800.00,48382.01,2.1,4.3
1,2021-04-23,26.39,45065.85,48514.27,3.3,8.2
1,2021-04-24,23.07,35132.81,48645.95,5.5,10.2
1,2021-04-25,15.93,32076.40,48776.96,2.0,10.0
1,2021-04-26,22.04,46800.00,48907.18,-2.6,-0.3
1,2021-04-27,26.63,44516.05,49036.53,-0.3,4.2
1,2021-04-28,10.31,11043.82,49164.87,8.7,11.5
1,2021-04-29,3.56,0.00,49292.11,11.2,13.5
1,2021-04-30,17.86,33542.02,49418.13,6.5,8.6
1,2021-05-01,13.99,21832.79,49542.81,8.7,10.6
1,2021-05-02,11.93,14184.53,49666.04,6.4,10.1
1,2021-05-03,13.98,36912.87,49787.70,7.6,9.4
1,2021-05-04,25.82,45931.23,49907.66,4.4,8.8
1,2021-05-05,9.05,14390.07,50025.80,12.0,14.6
1,2021-05-06,26.41,37167.15,50141.99,6.9,11.7
1,2021-05-07,11.61,12288.87,50256.11,7.5,11.0
1,2021-05-08,20.64,39872.76,50368.18,10.7,13.1
1,2021-05-09,17.78,46398.65,50479.09,7.6,13.6
1,2021-05-10,21.73,34301.51,50588.91,5.4,6.7
1,2021-05-11,19.74,42763.46,50697.55,4.8,6.1
1,2021-05-12,26.19,44364.20,50804.88,7.7,10.8
1,2021-05-13,22.85,46800.00,50910.81,11.7,13.3
1,2021-05-14,24.88,47247.96,51015.25,11.3,14.6
1,2021-05-15,22.22,45292.23,51118.08,13.1,14.5
1,2021-05-16,14.64,19284.69,51219.19,15.1,18.4
1,2021-05-17,12.24,16531.40,51318.46,15.9,19.7
1,2021-05-18,14.10,28175.76,51415.80,14.8,17.0
1,2021-05-19,10.35,16094.26,51511.08,15.3,18.4
1,2021-05-20,18.03,23162.43,51604.19,13.2,16.7
1,2021-05-21,9.07,7200.00,51695.01,16.2,20.4
1,2021-05-22,12.70,25967.76,51783.43,12.9,14.4
1,2021-05-23,5.82,5625.03,51869.32,12.8,13.9
1,2021-05-24,17.20,27302.25,51952.56,14.1,17.5
1,2021-05-25,19.99,41895.70,52033.04,11.0,13.9
1,2021-05-26,14.46,14776.07,52110.63,9.1,13.6
1,2021-05-27,6.67,1781.48,52185.19,13.3,15.0
1,2021-05-28,24.00,48234.24,52256.74,12.8,15.3
1,2021-05-29,20.82,44534.82,52325.87,12.6,14.3
1,2021-05-30,22.15,48792.27,52392.64,9.2,10.7
1,2021-05-31,27.01,41259.46,52456.98,10.0,11.6
1,2021-06-01,26.69,39684.83,52518.81,11.6,14.2
1,2021-06-02,23.66,47830.44,52578.10,14.3,17.8
1,2021-06-03,22.44,32400.00,52634.76,14.4,17.3
1,2021-06-04,5.71,10256.91,52688.72,15.4,19.3
1,2021-06-05,25.51,38504.00,52739.92,12.5,15.3
1,2021-06-06,16.09,19200.25,52788.31,12.0,15.7
1,2021-06-07,25.50,46092.42,52833.80,13.3,17.4
1,2021-06-08,16.54,38285.23,52876.35,13.8,15.1
1,2021-06-09,27.24,50358.93,52915.88,15.3,18.6
1,2021-06-10,27.87,50715.26,52952.33,15.5,17.8
1,2021-06-11,26.74,36496.79,52985.65,14.8,16.4
1,2021-06-12,25.06,41544.20,53015.77,14.5,18.0
1,2021-06-13,17.29,28364.32,53042.62,17.4,18.7
1,2021-06-14,15.65,29011.19,53066.17,17.7,18.7
1,2021-06-15,21.39,46892.52,53086.33,16.8,18.6
1,2021-06-16,22.66,41051.38,53103.06,15.7,17.0
1,2021-06-17,21.43,47317.40,53116.32,15.2,18.6
1,2021-06-18,22.46,36000.00,53126.21,15.6,18.1
1,2021-06-19,6.24,2110.02,53132.77,16.4,18.1
1,2021-06-20,17.32,39597.36,53136.01,14.2,16.8
1,2021-06-21,25.11,50400.00,53135.96,14.7,19.9
1,2021-06-22,18.98,37967.64,53132.64,16.4,18.0
1,2021-06-23,13.03,24229.84,53126.08,16.6,17.7
1,2021-06-24,16.81,39163.42,53116.31,15.8,17.5
1,2021-06-25,19.61,32044.37,53103.35,17.3,18.8
1,2021-06-26,22.49,42930.12,53087.23,17.6,20.2
1,2021-06-27,20.03,33825.62,53068.00,17.1,18.9
1,2021-06-28,22.78,31463.21,53045.67,16.8,19.6
1,2021-06-29,10.76,10730.18,53020.29,17.6,21.1
1,2021-06-30,16.80,30508.30,52991.89,16.1,17.9
1,2021-07-01,17.59,30707.99,52960.50,16.9,17.6
1,2021-07-02,17.41,34389.70,52926.17,18.5,19.9
1,2021-07-03,19.12,36000.00,52888.94,18.0,20.1
1,2021-07-04,5.74,0.00,52848.82,18.3,19.6
1,2021-07-05,7.30,2717.19,52805.88,19.7,21.1
1,2021-07-06,14.85,28849.73,52760.15,19.7,20.8
1,2021-07-07,10.05,2199.04,52711.58,20.3,22.1
1,2021-07-08,13.36,13846.09,52659.71,19.9,20.6
1,2021-07-09,10.29,4822.15,52604.57,20.8,21.8
1,2021-07-10,14.61,24496.28,52546.25,21.0,23.0
1,2021-07-11,12.39,17568.92,52484.85,19.8,22.0
1,2021-07-12,15.20,27366.29,52420.50,19.6,22.2
1,2021-07-13,19.90,41951.28,52353.29,20.2,22.1
1,2021-07-14,20.02,40942.02,52283.32,19.5,20.7
1,2021-07-15,22.76,45324.33,52210.71,20.3,21.5
1,2021-07-16,26.09,50167.97,52135.56,21.1,23.7
1,2021-07-17,28.08,50135.35,52057.98,20.4,22.5
1,2021-07-18,26.29,50101.10,51978.06,22.9,27.1
1,2021-07-19,24.40,49924.48,51895.92,22.8,25.2
1,2021-07-20,22.72,46031.62,51811.64,22.7,23.8
1,2021-07-21,20.27,44511.83,51725.34,22.4,25.2
1,2021-07-22,20.80,41657.18,51637.11,21.7,22.7
1,2021-07-23,20.49,45166.93,51547.05,21.4,23.7
1,2021-07-24,23.35,48097.88,51455.26,20.8,22.0
1,2021-07-25,26.09,49684.12,51361.85,19.4,21.3
1,2021-07-26,20.87,32823.08,51266.88,18.8,21.9
1,2021-07-27,16.04,27707.19,51170.31,21.6,23.8
1,2021-07-28,19.44,38899.36,51071.34,21.0,22.7
1,2021-07-29,18.58,25659.32,50969.93,21.7,23.2
1,2021-07-30,16.89,42771.10,50866.23,20.9,22.5
1,2021-07-31,21.77,44197.37,50760.34,21.2,22.2
1,2021-08-01,20.95,47950.13,50652.42,22.3,23.8
1,2021-08-02,24.87,47974.56,50542.58,21.9,22.9
1,2021-08-03,25.63,46615.47,50430.95,22.3,23.5
1,2021-08-04,21.14,43200.00,50317.64,24.0,25.8
1,2021-08-05,22.14,45433.78,50202.78,23.5,24.2
1,2021-08-06,26.40,47955.12,50086.48,20.9,22.4
1,2021-08-07,19.44,36000.00,49968.87,22.6,25.0
1,2021-08-08,10.20,7762.52,49850.04,23.9,25.4
1,2021-08-09,15.07,31682.06,49730.12,22.6,23.6
1,2021-08-10,14.78,34707.20,49609.21,20.4,22.8
1,2021-08-11,19.65,41432.78,49487.41,18.8,20.2
1,2021-08-12,13.22,18000.00,49364.83,19.4,21.6
1,2021-08-13,5.78,2052.63,49241.59,19.3,20.3
1,2021-08-14,5.01,266.67,49117.76,19.0,21.3
1,2021-08-15,9.39,9701.15,48993.46,16.8,18.1
1,2021-08-16,14.28,24352.28,48868.61,17.5,18.5
1,2021-08-17,7.19,13390.05,48742.29,20.8,23.1
1,2021-08-18,17.19,45403.33,48614.44,21.4,23.6
1,2021-08-19,20.73,41333.48,48485.18,22.8,24.8
1,2021-08-20,19.18,35225.17,48354.62,22.6,25.2
1,2021-08-21,13.41,20815.55,48222.87,22.2,23.6
1,2021-08-22,14.18,21131.73,48090.03,22.4,24.4
1,2021-08-23,13.31,27982.28,47956.21,19.7,22.5
1,2021-08-24,9.62,8480.98,47821.51,21.1,21.9
1,2021-08-25,7.89,7680.66,47686.05,23.0,24.3
1,2021-08-26,19.35,40589.86,47549.90,22.4,23.8
1,2021-08-27,21.65,46124.63,47413.18,18.9,22.6
1,2021-08-28,19.08,36220.29,47275.98,19.9,23.0
1,2021-08-29,22.79,43549.16,47138.38,16.9,20.9
1,2021-08-30,11.96,29230.99,47000.49,18.5,22.0
1,2021-08-31,15.48,32312.75,46862.39,15.9,19.8
1,2021-09-01,4.07,0.00,46724.17,16.5,17.8
1,2021-09-02,10.01,11479.28,46585.93,16.1,17.5
1,2021-09-03,10.71,12035.69,46447.76,17.4,19.4
1,2021-09-04,12.78,28865.05,46309.73,16.3,18.1
1,2021-09-05,15.96,42145.98,46171.76,15.7,17.8
1,2021-09-06,10.58,31828.62,46032.91,15.1,18.9
1,2021-09-07,20.58,33022.11,45893.12,11.6,13.4
1,2021-09-08,4.36,1362.91,45752.48,15.9,17.8
1,2021-09-09,17.62,38775.74,45611.08,18.4,21.4
1,2021-09-10,18.00,34577.49,45469.03,18.9,20.3
1,2021-09-11,14.93,36753.38,45326.39,17.7,20.2
1,2021-09-12,19.61,35574.73,45183.28,17.3,20.8
1,2021-09-13,19.64,38180.83,45039.77,13.6,15.7
1,2021-09-14,16.86,40034.32,44895.96,16.4,20.3
1,2021-09-15,19.54,40468.65,44751.94,15.6,17.1
1,2021-09-16,18.06,33599.88,44607.78,13.1,15.5
1,2021-09-17,12.77,14620.83,44463.58,17.2,19.7
1,2021-09-18,8.11,15957.21,44319.43,19.7,22.9
1,2021-09-19,20.30,41912.47,44175.40,16.1,17.9
1,2021-09-20,20.91,41984.12,44031.58,12.9,17.0
1,2021-09-21,21.30,41187.29,43888.07,15.2,17.7
1,2021-09-22,18.22,38084.78,43744.94,19.0,21.4
1,2021-09-23,17.71,36859.04,43602.28,16.9,19.0
1,2021-09-24,14.40,40243.74,43460.18,14.4,17.6
1,2021-09-25,13.78,33186.96,43318.54,13.7,15.1
1,2021-09-26,9.31,10582.11,43176.38,12.1,13.5
1,2021-09-27,17.22,34096.23,43033.62,12.2,14.2
1,2021-09-28,18.46,39600.00,42890.34,13.8,15.2
1,2021-09-29,18.77,39600.00,42746.66,15.5,17.5
1,2021-09-30,15.64,29237.76,42602.65,18.3,20.3
1,2021-10-01,3.19,6822.99,42458.42,15.4,18.3
1,2021-10-02,15.52,39319.57,42314.06,15.4,18.1
1,2021-10-03,16.83,39600.00,42169.66,13.4,16.4
1,2021-10-04,18.51,39600.00,42025.32,12.2,16.7
1,2021-10-05,15.54,39600.00,41881.14,15.7,17.6
1,2021-10-06,12.35,36335.38,41737.21,13.1,16.8
1,2021-10-07,14.05,39600.00,41593.63,15.2,17.0
1,2021-10-08,12.02,31369.35,41450.49,16.4,17.6
1,2021-10-09,11.70,35458.69,41307.90,15.1,17.9
1,2021-10-10,16.28,39600.00,41165.95,15.6,18.2
1,2021-10-11,13.78,32400.00,41024.75,15.8,17.6
1,2021-10-12,2.91,0.00,40884.40,15.3,17.1
1,2021-10-13,9.78,22343.41,40745.01,12.7,14.9
1,2021-10-14,15.77,39600.00,40606.67,10.7,14.0
1,2021-10-15,12.11,30912.26,40469.31,13.5,14.4
1,2021-10-16,7.53,16891.64,40331.83,14.3,15.9
1,2021-10-17,5.31,10679.86,40194.15,5.1,10.7
1,2021-10-18,10.73,26501.22,40056.37,5.0,7.3
1,2021-10-19,10.55,25085.71,39918.62,9.0,10.7
1,2021-10-20,7.70,29078.81,39780.99,7.3,8.7
1,2021-10-21,12.08,39072.57,39643.61,3.2,5.7
1,2021-10-22,11.04,25437.67,39506.60,5.6,10.1
1,2021-10-23,10.63,35737.81,39370.05,3.6,7.2
1,2021-10-24,11.66,38699.60,39234.10,6.2,7.7
1,2021-10-25,11.24,25803.99,39098.87,8.7,10.8
1,2021-10-26,5.29,10963.28,38964.47,10.5,11.9
1,2021-10-27,10.13,25931.39,38831.04,9.9,12.3
1,2021-10-28,12.06,37407.42,38698.70,6.6,10.8
1,2021-10-29,10.46,34908.99,38567.58,5.4,7.0
1,2021-10-30,13.72,33980.71,38437.81,5.9,8.7
1,2021-10-31,8.66,25844.52,38309.53,7.1,10.4
1,2021-11-01,10.66,27851.64,38182.88,9.6,12.2
1,2021-11-02,11.36,33781.17,38057.99,9.0,11.7
1,2021-11-03,11.76,33501.56,37935.00,7.4,9.8
1,2021-11-04,10.49,34967.49,37813.85,6.0,8.3
1,2021-11-05,10.53,35976.63,37693.39,5.9,8.1
1,2021-11-06,12.95,36258.76,37573.54,5.3,7.8
1,2021-11-07,12.54,30626.50,37454.41,7.3,11.1
1,2021-11-08,9.07,27408.29,37336.14,10.5,12.4
1,2021-11-09,2.53,0.00,37218.86,12.2,15.6
1,2021-11-10,8.54,32022.58,37102.70,6.1,10.2
1,2021-11-11,11.20,33462.72,36987.81,6.9,9.1
1,2021-11-12,8.59,26567.69,36874.32,5.1,6.8
1,2021-11-13,6.61,26602.54,36762.36,4.0,7.5
1,2021-11-14,11.34,32400.00,36652.10,5.9,8.1
1,2021-11-15,6.18,25958.12,36543.66,8.1,9.9
1,2021-11-16,6.20,19480.10,36437.20,3.5,8.3
1,2021-11-17,11.23,29268.23,36332.89,3.6,5.2
1,2021-11-18,7.94,25819.13,36230.85,3.9,7.7
1,2021-11-19,12.03,33436.33,36131.26,6.8,10.5
1,2021-11-20,11.41,33146.90,36034.26,1.3,6.8
1,2021-11-21,8.95,22818.52,35940.02,5.9,10.4
1,2021-11-22,3.41,1234.51,35848.71,8.7,12.7
1,2021-11-23,6.99,28088.06,35760.48,3.4,4.3
1,2021-11-24,3.83,2000.07,35675.33,3.6,5.7
1,2021-11-25,2.67,2540.02,35592.27,5.6,7.3
1,2021-11-26,4.98,14065.98,35511.24,2.9,4.0
1,2021-11-27,6.95,24714.48,35432.33,1.1,2.2
1,2021-11-28,8.62,30679.53,35355.67,-0.5,3.2
1,2021-11-29,9.35,32400.00,35281.33,-3.8,0.6
1,2021-11-30,10.77,28800.00,35209.45,3.3,11.4
1,2021-12-01,3.98,11695.54,35140.13,2.9,9.6
1,2021-12-02,5.60,27146.57,35073.47,-0.7,1.4
1,2021-12-03,10.57,28800.00,35009.58,1.3,3.8
1,2021-12-04,5.97,24101.58,34948.57,0.7,4.5
1,2021-12-05,7.41,29110.54,34890.56,-3.9,-0.7
1,2021-12-06,6.96,20849.45,34835.64,4.1,5.4
1,2021-12-07,4.54,10332.26,34783.94,6.9,8.7
1,2021-12-08,2.08,3417.49,34735.55,5.6,8.4
1,2021-12-09,9.50,32400.00,34690.60,0.7,5.4
1,2021-12-10,8.74,28301.25,34649.18,1.3,3.9
1,2021-12-11,6.42,27410.63,34611.41,5.0,7.2
1,2021-12-12,4.39,8379.42,34577.39,4.3,7.5
1,2021-12-13,5.13,19596.98,34547.22,-3.8,-0.5
1,2021-12-14,10.08,32400.00,34520.95,-2.4,0.6
1,2021-12-15,3.08,11270.47,34498.23,3.5,4.9
1,2021-12-16,5.37,14026.34,34478.98,3.8,5.3
1,2021-12-17,2.95,1900.18,34463.21,-0.4,6.7
1,2021-12-18,6.89,28800.00,34450.93,-6.0,-4.3
1,2021-12-19,3.85,5991.99,34442.11,-1.9,-0.9
1,2021-12-20,5.74,18654.96,34436.78,0.5,2.4
1,2021-12-21,5.04,20597.09,34434.91,4.1,6.6
1,2021-12-22,6.19,26406.01,34436.50,-4.5,-0.9
1,2021-12-23,5.99,26228.96,34441.53,-1.8,0.5
1,2021-12-24,5.31,13507.85,34450.01,1.0,3.0
1,2021-12-25,3.94,8434.14,34461.90,-5.4,2.5
1,2021-12-26,4.86,3646.54,34477.21,-9.6,-7.1
1,2021-12-27,6.20,8952.20,34495.92,-6.8,-4.8
1,2021-12-28,8.55,28686.23,34518.00,-5.9,-3.5
1,2021-12-29,10.36,32110.14,34543.44,-3.4,-0.4
1,2021-12-30,6.13,19829.98,34572.23,-2.2,0.7
1,2021-12-31,4.79,1988.33,34604.33,-8.2,-4.8
1,2022-01-01,5.07,1655.12,34639.73,-6.5,-5.1
1,2022-01-02,8.39,25800.87,34678.40,-3.7,-0.5
1,2022-01-03,7.85,18000.00,34720.42,-2.7,-1.1
1,2022-01-04,3.27,1747.14,34766.24,-5.6,-1.0
1,2022-01-05,8.03,24498.07,34815.84,-8.0,-4.0
1,2022-01-06,9.28,30068.88,34869.10,-9.3,-4.4
1,2022-01-07,8.02,25582.50,34925.89,-3.9,-2.5
1,2022-01-08,5.16,7761.95,34986.08,-6.0,-0.9
1,2022-01-09,4.62,8016.02,35049.56,-1.1,1.1
1,2022-01-10,11.52,30744.02,35116.20,-5.4,-1.3
1,2022-01-11,3.04,0.00,35185.87,-1.1,2.0
1,2022-01-12,8.10,22886.86,35258.45,-5.1,-3.7
1,2022-01-13,5.20,3994.35,35333.81,-4.6,-2.2
1,2022-01-14,8.38,24709.81,35411.84,-4.7,-3.2
1,2022-01-15,7.62,22842.66,35492.41,-4.6,-2.7
1,2022-01-16,8.69,18401.33,35575.39,-1.6,0.2
1,2022-01-17,5.02,1229.53,35660.68,-3.3,-0.3
1,2022-01-18,9.00,19607.01,35748.16,-6.7,-4.8
1,2022-01-19,6.10,17229.78,35837.69,-5.2,-3.0
1,2022-01-20,8.98,24569.33,35929.17,-4.6,-2.5
1,2022-01-21,9.51,25111.98,36022.50,-4.3,-2.4
1,2022-01-22,6.58,12878.28,36117.54,-3.8,-2.1
1,2022-01-23,9.78,30540.98,36214.38,-2.8,-0.1
1,2022-01-24,9.51,30852.02,36314.07,-4.4,-1.4
1,2022-01-25,12.21,31875.87,36416.62,-5.6,-1.9
1,2022-01-26,11.64,23207.98,36521.87,-1.2,0.1
1,2022-01-27,10.43,34064.18,36629.66,-4.0,-1.1
1,2022-01-28,8.86,23473.86,36739.82,-4.6,-2.0
1,2022-01-29,8.36,25592.59,36852.19,-3.6,-2.0
1,2022-01-30,11.05,33533.26,36966.61,-5.7,-4.2
1,2022-01-31,11.86,34468.57,37082.94,-5.2,-3.5
1,2022-02-01,10.25,30405.77,37201.02,-3.6,-2.8
1,2022-02-02,11.88,25860.41,37320.70,-3.2,-1.9
1,2022-02-03,5.31,3054.53,37441.83,-3.8,-1.3
1,2022-02-04,8.00,10308.41,37564.27,-4.6,-3.4
1,2022-02-05,9.19,13176.33,37687.88,-6.8,-4.8
1,2022-02-06,9.94,19633.72,37812.52,-7.3,-6.1
1,2022-02-07,10.00,19328.69,37938.06,-4.8,-3.9
1,2022-02-08,11.48,30165.37,38064.36,-3.0,-1.5
1,2022-02-09,12.04,26598.10,38191.29,-5.1,-2.5
1,2022-02-10,6.62,1727.64,38318.73,-1.0,0.1
1,2022-02-11,13.53,36000.00,38446.54,-4.2,-1.1
1,2022-02-12,11.67,23173.98,38574.81,-1.3,-0.1
1,2022-02-13,11.05,20019.91,38704.74,-1.8,-0.4
1,2022-02-14,16.24,36000.00,38836.38,-5.1,-2.0
1,2022-02-15,10.18,22593.54,38969.62,-1.4,0.0
1,2022-02-16,12.63,32702.43,39104.30,-3.6,-1.2
1,2022-02-17,13.37,30241.57,39240.30,-5.7,-3.8
1,2022-02-18,13.86,33689.37,39377.49,-3.3,-2.1
1,2022-02-19,11.28,14166.05,39515.73,-0.6,0.7
1,2022-02-20,8.55,9047.07,39654.90,-4.9,0.8
1,2022-02-21,12.82,28484.74,39794.88,-7.8,-6.2
1,2022-02-22,8.46,2402.47,39935.54,-6.5,-5.1
1,2022-02-23,11.58,22504.53,40076.77,-7.9,-6.2
1,2022-02-24,14.08,30109.95,40218.44,-4.2,-2.0
1,2022-02-25,10.32,24142.84,40360.44,-1.3,0.1
1,2022-02-26,16.36,38444.70,40502.65,-2.9,0.5
1,2022-02-27,12.11,24351.69,40644.95,-1.2,1.8
1,2022-02-28,9.53,18595.12,40787.26,-1.0,1.8
1,2022-03-01,14.33,24067.75,40929.43,0.5,2.0
1,2022-03-02,11.07,28505.98,41071.37,-4.6,1.3
1,2022-03-03,6.03,10848.82,41212.97,-1.8,2.1
1,2022-03-04,12.71,33874.06,41354.32,-4.4,0.0
1,2022-03-05,15.21,23302.93,41496.52,-1.6,3.3
1,2022-03-06,14.62,32288.87,41639.67,-3.1,-1.9
1,2022-03-07,11.40,12712.28,41783.67,-1.9,-0.3
1,2022-03-08,16.21,38438.63,41928.42,-4.5,-0.8
1,2022-03-09,18.09,33038.98,42073.81,-2.4,-1.2
1,2022-03-10,13.79,39803.59,42219.75,-2.0,1.3
1,2022-03-11,18.98,35890.45,42366.13,-0.9,4.4
1,2022-03-12,19.42,34799.74,42512.85,-0.6,5.3
1,2022-03-13,10.48,14912.85,42659.82,5.2,7.8
1,2022-03-14,6.68,2476.09,42806.94,5.1,8.6
1,2022-03-15,9.70,20119.40,42954.12,3.2,7.3
1,2022-03-16,18.80,38019.02,43101.24,1.9,3.7
1,2022-03-17,11.89,26794.42,43248.23,-0.4,1.8
1,2022-03-18,3.61,0.00,43394.99,2.2,3.6
1,2022-03-19,5.30,3776.40,43541.40,2.2,3.9
1,2022-03-20,11.87,22727.14,43687.39,-2.4,-0.6
1,2022-03-21,16.21,32979.36,43832.86,-1.4,0.3
1,2022-03-22,5.58,9782.40,43977.69,-2.6,2.8
1,2022-03-23,17.23,32400.00,44121.80,-6.8,-2.5
1,2022-03-24,10.65,21880.18,44265.28,1.1,3.2
1,2022-03-25,21.37,35523.45,44409.13,2.2,6.9
1,2022-03-26,3.46,0.00,44553.47,9.0,10.9
1,2022-03-27,11.32,21666.01,44698.20,2.6,7.0
1,2022-03-28,19.24,32411.33,44843.23,-3.1,3.1
1,2022-03-29,15.15,29111.71,44988.47,0.9,4.6
1,2022-03-30,21.81,35108.66,45133.82,4.1,7.2
1,2022-03-31,5.98,2140.81,45279.21,1.6,7.5
1,2022-04-01,14.72,24612.59,45424.53,-5.2,-3.2
1,2022-04-02,23.70,43646.03,45569.70,-2.9,0.3
1,2022-04-03,16.86,25209.45,45714.61,4.0,7.6
1,2022-04-04,5.35,1439.65,45859.19,6.3,9.8
1,2022-04-05,14.13,25962.88,46003.32,5.4,8.1
1,2022-04-06,22.02,43513.54,46146.91,4.5,6.5
1,2022-04-07,18.42,37440.56,46289.87,5.6,8.3
1,2022-04-08,22.86,44889.45,46432.10,-0.1,4.7
1,2022-04-09,24.68,45141.80,46573.49,1.8,6.5
1,2022-04-10,24.39,45102.64,46713.94,7.1,15.7
1,2022-04-11,21.99,45357.31,46853.35,8.6,12.4
1,2022-04-12,24.90,45613.39,46991.60,7.4,11.9
1,2022-04-13,20.82,35875.30,47128.78,10.9,12.7
1,2022-04-14,9.34,3870.19,47265.86,6.8,8.8
1,2022-04-15,5.77,611.95,47402.93,7.2,8.9
1,2022-04-16,17.95,39131.19,47539.89,2.2,8.0
1,2022-04-17,25.75,46412.55,47676.65,-0.0,6.2
1,2022-04-18,14.64,28493.48,47813.12,7.9,12.7
1,2022-04-19,21.69,46573.90,47949.20,1.0,8.5
1,2022-04-20,22.46,45549.64,48084.78,6.0,8.9
1,2022-04-21,21.09,30668.88,48219.78,9.0,12.5
1,2022-04-22,11.73,19419.57,48354.07,8.8,12.6
1,2022-04-23,12.65,21083.71,48487.57,6.4,12.6
1,2022-04-24,16.22,22355.66,48620.15,9.5,11.9
1,2022-04-25,23.89,36000.00,48751.73,11.6,15.0
1,2022-04-26,8.20,935.57,48882.17,15.6,17.1
1,2022-04-27,11.06,11604.11,49011.37,5.1,14.0
1,2022-04-28,25.79,46666.35,49139.21,4.3,7.9
1,2022-04-29,9.72,14292.81,49265.58,6.3,10.6
1,2022-04-30,20.84,36000.00,49390.35,3.0,4.5
1,2022-05-01,8.03,8334.06,49513.40,6.9,10.9
1,2022-05-02,20.71,36054.01,49634.60,2.2,5.2
1,2022-05-03,22.22,46800.00,49754.00,2.1,4.0
1,2022-05-04,27.21,46800.00,49872.52,2.5,7.8
1,2022-05-05,26.45,46800.00,49990.23,8.6,13.0
1,2022-05-06,27.13,46731.80,50107.02,11.4,13.5
1,2022-05-07,22.25,43505.14,50222.80,11.2,15.3
1,2022-05-08,24.12,36000.00,50337.46,1.4,4.2
1,2022-05-09,11.33,12880.47,50450.90,5.4,8.7
1,2022-05-10,28.21,46800.00,50563.00,3.2,9.4
1,2022-05-11,24.96,44173.27,50673.65,7.9,11.6
1,2022-05-12,19.49,30498.32,50782.75,13.8,16.3
1,2022-05-13,11.67,4710.21,50890.19,16.3,17.5
1,2022-05-14,10.44,13728.40,50995.83,10.3,18.0
1,2022-05-15,19.13,32400.00,51099.56,5.2,8.9
1,2022-05-16,7.23,5439.34,51201.27,9.8,10.9
1,2022-05-17,14.95,20474.15,51300.83,6.1,9.6
1,2022-05-18,28.23,47791.28,51398.12,5.2,8.8
1,2022-05-19,27.04,46800.00,51493.00,7.2,9.3
1,2022-05-20,21.88,30694.36,51585.37,7.9,11.3
1,2022-05-21,9.25,3558.47,51675.08,13.3,14.8
1,2022-05-22,13.99,27897.97,51762.00,12.6,14.7
1,2022-05-23,9.57,17401.99,51846.14,11.5,13.8
1,2022-05-24,28.11,48655.59,51928.21,9.4,13.4
1,2022-05-25,26.64,47348.88,52008.25,13.3,15.6
1,2022-05-26,21.88,28902.66,52086.19,13.8,16.1
1,2022-05-27,11.04,26655.99,52161.95,12.9,16.7
1,2022-05-28,23.79,48558.54,52235.45,10.5,12.7
1,2022-05-29,28.87,49467.26,52306.60,11.6,14.9
1,2022-05-30,25.33,34059.49,52375.32,11.8,15.6
1,2022-05-31,8.19,11279.71,52441.53,13.7,16.3
1,2022-06-01,22.00,47286.74,52505.14,10.9,13.0
1,2022-06-02,25.51,45198.60,52566.08,12.8,15.5
1,2022-06-03,18.16,40550.14,52624.25,12.4,14.3
1,2022-06-04,24.74,39845.17,52679.57,9.1,11.4
1,2022-06-05,21.14,33803.47,52731.97,10.1,13.1
1,2022-06-06,5.25,393.30,52781.36,12.7,14.4
1,2022-06-07,6.81,1076.83,52827.64,12.6,14.9
1,2022-06-08,8.80,7200.00,52870.76,12.1,14.2
1,2022-06-09,20.09,48051.93,52910.61,13.5,15.2
1,2022-06-10,22.46,42354.93,52947.13,14.4,18.2
1,2022-06-11,19.69,25832.33,52980.22,15.3,17.1
1,2022-06-12,17.57,38402.44,53009.87,12.9,16.8
1,2022-06-13,23.86,39600.00,53036.31,10.4,11.5
1,2022-06-14,16.79,20922.79,53059.59,10.1,12.2
1,2022-06-15,14.99,22389.32,53079.71,13.5,15.7
1,2022-06-16,19.34,38511.57,53096.64,15.0,17.9
1,2022-06-17,21.36,45056.51,53110.41,14.5,17.2
1,2022-06-18,22.85,41319.90,53121.00,17.1,21.5
1,2022-06-19,22.00,35284.19,53128.42,18.4,20.1
1,2022-06-20,18.10,43614.47,53132.67,18.1,20.0
1,2022-06-21,20.24,34092.10,53133.76,17.9,20.7
1,2022-06-22,25.05,43126.14,53131.68,18.2,19.7
1,2022-06-23,19.82,41817.67,53126.46,19.0,20.6
1,2022-06-24,21.92,41833.63,53118.08,21.3,25.0
1,2022-06-25,25.42,50400.00,53106.57,19.3,21.8
1,2022-06-26,19.87,38271.30,53091.94,18.9,20.4
1,2022-06-27,15.17,27330.08,53074.19,20.3,21.5
1,2022-06-28,23.80,47131.08,53053.35,19.1,21.3
1,2022-06-29,26.54,50400.00,53029.42,19.3,21.0
1,2022-06-30,23.78,50405.54,53002.43,19.5,21.3
1,2022-07-01,24.08,50303.66,52972.38,20.3,21.9
1,2022-07-02,27.39,50430.51,52939.24,19.8,21.5
1,2022-07-03,20.43,26938.11,52902.68,20.6,23.1
1,2022-07-04,18.25,35331.31,52862.71,20.6,22.0
1,2022-07-05,22.36,50134.40,52819.43,20.6,22.4
1,2022-07-06,22.35,39497.31,52772.93,20.0,21.6
1,2022-07-07,23.72,50387.35,52723.30,18.8,19.9
1,2022-07-08,25.50,50370.97,52670.62,17.3,18.5
1,2022-07-09,22.04,48874.76,52614.99,19.0,19.9
1,2022-07-10,23.99,48299.89,52556.50,20.9,23.0
1,2022-07-11,20.20,31362.37,52495.24,21.2,24.2
1,2022-07-12,10.92,21464.80,52431.31,20.8,23.4
1,2022-07-13,18.78,41764.47,52364.79,19.8,20.9
1,2022-07-14,18.29,31371.44,52295.77,19.1,20.0
1,2022-07-15,9.69,910.60,52224.35,20.1,21.3
1,2022-07-16,17.17,26099.56,52150.60,20.4,21.3
1,2022-07-17,19.66,37758.45,52074.64,20.1,21.4
1,2022-07-18,20.94,30583.40,51996.54,19.6,21.4
1,2022-07-19,9.53,3912.25,51916.39,22.2,23.7
1,2022-07-20,17.69,34070.32,51834.28,20.2,21.3
1,2022-07-21,12.29,10800.00,51750.29,20.7,22.9
1,2022-07-22,9.69,16220.19,51664.37,21.9,25.5
1,2022-07-23,19.63,42879.47,51575.77,19.4,22.2
1,2022-07-24,24.65,47777.68,51484.48,21.2,22.6
1,2022-07-25,22.40,46145.13,51390.64,22.1,24.2
1,2022-07-26,21.67,43601.63,51294.37,23.0,24.6
1,2022-07-27,19.40,29871.52,51195.80,22.1,23.4
1,2022-07-28,22.40,44553.44,51095.05,22.2,24.3
1,2022-07-29,23.84,47876.90,50992.25,23.1,24.7
1,2022-07-30,23.85,48831.85,50887.53,22.9,25.9
1,2022-07-31,24.63,48542.51,50781.01,21.6,22.7
1,2022-08-01,22.76,46800.00,50672.79,22.4,24.9
1,2022-08-02,19.27,39170.15,50563.00,21.9,23.3
1,2022-08-03,12.39,20388.34,50451.75,22.3,23.4
1,2022-08-04,9.61,7295.77,50339.16,20.3,22.2
1,2022-08-05,20.03,44911.72,50225.34,18.4,19.7
1,2022-08-06,23.74,46845.78,50110.39,19.9,21.4
1,2022-08-07,22.52,46800.00,49994.42,21.9,25.1
1,2022-08-08,21.78,40415.20,49877.54,22.2,24.4
1,2022-08-09,22.51,39600.00,49759.84,21.7,24.7
1,2022-08-10,23.02,44684.42,49641.43,22.4,24.4
1,2022-08-11,19.46,37372.41,49522.24,23.0,25.2
1,2022-08-12,12.61,15856.75,49401.35,23.1,24.8
1,2022-08-13,15.96,26802.73,49278.74,21.8,24.0
1,2022-08-14,14.70,26705.92,49154.50,22.1,23.1
1,2022-08-15,8.87,5710.77,49028.76,21.9,24.2
1,2022-08-16,13.20,18837.31,48901.63,22.1,23.6
1,2022-08-17,10.80,13298.59,48773.24,20.9,23.0
1,2022-08-18,15.96,39388.07,48643.68,19.8,22.5
1,2022-08-19,20.35,46025.22,48513.06,17.3,19.4
1,2022-08-20,12.02,17020.62,48381.51,21.1,23.9
1,2022-08-21,22.69,43130.45,48249.11,20.1,22.7
1,2022-08-22,24.21,39600.00,48115.98,21.3,22.6
1,2022-08-23,20.37,32610.23,47982.20,22.6,25.2
1,2022-08-24,16.68,28098.76,47847.90,18.4,20.8
1,2022-08-25,16.16,28800.00,47713.14,18.9,22.0
1,2022-08-26,17.23,36447.92,47578.04,21.7,23.4
1,2022-08-27,15.43,21600.00,47442.69,20.7,22.3
1,2022-08-28,10.94,21684.18,47307.17,15.5,19.8
1,2022-08-29,22.96,41464.10,47171.59,15.1,18.9
1,2022-08-30,13.18,21941.09,47036.03,20.7,22.3
1,2022-08-31,18.05,34587.92,46900.40,22.0,23.9
1,2022-09-01,15.82,22360.45,46763.79,21.7,23.2
1,2022-09-02,16.04,43029.07,46626.11,19.0,22.2
1,2022-09-03,17.16,29051.61,46487.46,19.6,21.4
1,2022-09-04,19.89,41599.99,46347.95,20.2,21.4
1,2022-09-05,21.49,43705.62,46207.66,20.2,20.9
1,2022-09-06,18.96,43112.53,46066.69,20.8,21.8
1,2022-09-07,8.70,9279.33,45925.14,20.9,22.3
1,2022-09-08,8.29,6856.19,45783.09,18.6,21.8
1,2022-09-09,14.90,35268.55,45640.64,20.3,21.7
1,2022-09-10,21.60,42720.49,45497.87,15.8,21.9
1,2022-09-11,22.24,43297.75,45354.87,16.8,18.6
1,2022-09-12,21.32,43518.62,45211.72,18.4,20.1
1,2022-09-13,18.19,41927.67,45068.52,20.3,22.3
1,2022-09-14,21.59,42371.93,44925.36,17.3,20.9
1,2022-09-15,20.73,41323.14,44782.30,17.3,19.8
1,2022-09-16,21.34,42953.90,44639.44,17.2,18.8
1,2022-09-17,19.76,34775.01,44496.87,19.2,21.6
1,2022-09-18,13.16,22662.87,44354.67,21.9,22.6
1,2022-09-19,14.90,30452.55,44212.91,21.6,22.6
1,2022-09-20,4.42,0.00,44071.51,14.2,18.0
1,2022-09-21,12.84,33086.06,43929.51,10.0,11.3
1,2022-09-22,12.06,15109.44,43786.82,16.2,19.2
1,2022-09-23,5.27,355.56,43643.55,20.8,22.1
1,2022-09-24,6.96,8070.92,43499.77,16.5,22.2
1,2022-09-25,19.71,39879.62,43355.59,13.9,15.3
1,2022-09-26,18.87,39926.52,43211.09,15.4,17.8
1,2022-09-27,16.70,37162.20,43066.37,15.1,18.5
1,2022-09-28,14.17,37817.20,42921.52,14.4,15.3
1,2022-09-29,18.55,39600.00,42776.62,14.2,17.5
1,2022-09-30,19.65,39600.00,42631.78,13.9,15.6
1,2022-10-01,19.54,39600.00,42487.08,14.5,16.1
1,2022-10-02,18.23,36000.00,42342.61,13.4,15.6
1,2022-10-03,8.68,10784.75,42198.47,14.2,17.0
1,2022-10-04,11.39,22916.09,42054.75,16.3,18.4
1,2022-10-05,3.97,638.18,41911.54,9.9,12.3
1,2022-10-06,4.55,1959.48,41768.95,8.4,10.6
1,2022-10-07,2.81,865.60,41627.06,10.2,11.8
1,2022-10-08,13.48,34515.18,41485.97,9.8,13.6
1,2022-10-09,8.69,7348.39,41345.78,12.3,15.6
1,2022-10-10,7.78,12510.90,41206.40,15.0,17.4
1,2022-10-11,13.44,35827.10,41066.77,11.1,12.6
1,2022-10-12,9.88,30637.14,40926.81,9.1,12.4
1,2022-10-13,7.63,2140.65,40786.62,11.6,12.8
1,2022-10-14,9.36,29519.27,40646.31,12.5,14.2
1,2022-10-15,14.50,39579.11,40505.97,12.6,15.7
1,2022-10-16,16.32,38317.96,40365.73,13.9,15.2
1,2022-10-17,9.31,16504.38,40225.68,14.1,17.1
1,2022-10-18,11.66,30741.36,40085.95,7.1,9.8
1,2022-10-19,14.00,37317.03,39946.64,4.0,6.8
1,2022-10-20,11.84,36776.61,39807.86,5.8,7.7
1,2022-10-21,15.37,38405.44,39669.73,5.7,11.8
1,2022-10-22,10.57,26926.10,39532.37,11.9,14.1
1,2022-10-23,10.94,26168.52,39395.90,10.2,15.2
1,2022-10-24,10.28,29975.90,39260.43,2.9,5.6
1,2022-10-25,12.60,35253.09,39126.09,2.8,4.7
1,2022-10-26,15.15,38456.02,38993.00,3.1,5.1
1,2022-10-27,14.18,30329.38,38861.31,3.5,6.3
1,2022-10-28,14.56,32092.01,38731.12,6.6,9.5
1,2022-10-29,11.08,34495.07,38602.58,5.2,8.3
1,2022-10-30,10.23,36757.24,38475.60,6.0,7.6
1,2022-10-31,12.55,32762.08,38349.05,5.5,8.3
1,2022-11-01,7.10,17133.07,38222.84,8.8,10.6
1,2022-11-02,10.52,35419.51,38097.08,10.0,12.5
1,2022-11-03,10.62,30199.32,37971.91,9.9,11.2
1,2022-11-04,5.68,10314.47,37847.45,4.6,6.6
1,2022-11-05,10.44,34712.20,37723.83,3.2,5.6
1,2022-11-06,8.97,23222.67,37601.19,5.1,6.5
1,2022-11-07,11.83,33357.58,37479.67,5.0,8.0
1,2022-11-08,6.85,27653.72,37359.39,6.6,9.0
1,2022-11-09,9.81,34637.23,37240.51,4.2,8.1
1,2022-11-10,11.42,28902.40,37123.15,6.3,8.2
1,2022-11-11,11.41,30905.17,37007.48,7.6,10.1
1,2022-11-12,12.38,34891.34,36893.63,8.9,12.4
1,2022-11-13,7.85,14400.00,36781.76,9.8,13.7
1,2022-11-14,5.66,12595.51,36672.02,4.5,5.6
1,2022-11-15,2.83,5761.80,36564.58,5.6,6.7
1,2022-11-16,9.46,29075.44,36459.57,3.3,5.5
1,2022-11-17,7.42,23815.07,36357.18,2.7,5.7
1,2022-11-18,11.24,32420.01,36257.55,5.5,8.6
1,2022-11-19,10.59,31851.04,36160.66,2.9,6.9
1,2022-11-20,7.45,18283.04,36065.46,6.3,9.8
1,2022-11-21,8.56,25666.50,35971.86,9.5,11.9
1,2022-11-22,6.11,15165.57,35879.99,4.7,10.6
1,2022-11-23,3.45,0.00,35789.95,7.6,9.3
1,2022-11-24,8.38,28689.54,35701.88,6.1,10.4
1,2022-11-25,9.21,32468.49,35615.89,3.7,6.1
1,2022-11-26,8.40,32400.00,35532.11,8.1,12.8
1,2022-11-27,10.01,32400.00,35450.67,-1.2,1.5
1,2022-11-28,10.47,28800.00,35371.68,7.2,10.3
1,2022-11-29,4.85,7584.10,35295.27,12.2,13.6
1,2022-11-30,4.41,4730.50,35221.59,3.6,9.6
1,2022-12-01,2.77,0.00,35150.74,1.8,4.0
1,2022-12-02,6.11,15869.81,35082.86,-2.5,2.5
1,2022-12-03,8.64,31013.71,35018.10,0.5,4.7
1,2022-12-04,2.54,0.00,34956.56,2.4,7.1
1,2022-12-05,5.34,10038.14,34898.40,0.4,2.7
1,2022-12-06,5.24,18000.00,34843.72,2.8,4.3
1,2022-12-07,4.42,14600.96,34792.69,3.2,4.6
1,2022-12-08,3.64,8990.57,34745.41,1.8,3.9
1,2022-12-09,7.33,30390.80,34701.91,2.1,3.8
1,2022-12-10,6.63,27681.52,34661.64,3.6,5.4
1,2022-12-11,4.41,15681.22,34624.55,0.9,4.5
1,2022-12-12,7.15,25200.00,34590.65,-0.4,3.2
1,2022-12-13,5.23,13012.70,34559.99,4.3,7.1
1,2022-12-14,3.66,3999.55,34532.60,-2.3,2.9
1,2022-12-15,3.06,0.00,34508.50,-0.4,0.5
1,2022-12-16,3.58,495.73,34487.73,-0.9,0.8
1,2022-12-17,5.09,8160.58,34470.31,0.9,3.1
1,2022-12-18,5.34,12420.84,34456.28,-3.4,-0.2
1,2022-12-19,3.84,0.00,34445.65,-3.4,-2.3
1,2022-12-20,4.75,3116.33,34438.45,-0.9,-0.2
1,2022-12-21,8.59,19111.13,34434.71,0.1,2.5
1,2022-12-22,2.81,3600.00,34434.45,-0.8,3.3
1,2022-12-23,9.52,25200.00,34437.68,-6.9,-3.6
1,2022-12-24,4.21,2067.30,34444.42,-0.7,0.7
1,2022-12-25,6.59,26672.38,34454.69,-1.6,-0.1
1,2022-12-26,7.48,27066.19,34468.50,-1.6,-0.4
1,2022-12-27,7.27,31713.26,34485.86,-0.3,0.5
1,2022-12-28,8.90,25203.73,34506.80,0.4,1.8
1,2022-12-29,3.99,3295.32,34531.36,-1.4,0.9
1,2022-12-30,7.64,18771.53,34559.80,-1.0,-0.3
1,2022-12-31,6.39,16330.02,34592.10,-0.2,0.4
1,2023-01-01,4.16,15315.42,34628.15,-0.2,3.7
1,2023-01-02,6.27,19864.75,34667.85,-4.3,-2.8
1,2023-01-03,6.66,25346.50,34711.11,-4.0,-2.5
1,2023-01-04,6.33,23163.61,34757.81,-4.5,-2.9
1,2023-01-05,6.81,29259.49,34807.88,-4.2,-3.4
1,2023-01-06,6.94,23493.06,34861.20,-4.4,-1.8
1,2023-01-07,7.33,25742.16,34917.67,-3.8,-0.8
1,2023-01-08,6.90,25539.01,34977.20,-1.1,0.5
1,2023-01-09,3.39,8721.93,35039.67,0.2,2.7
1,2023-01-10,5.31,25923.48,35104.99,-4.9,-2.6
1,2023-01-11,4.67,11482.03,35173.06,-1.7,0.5
1,2023-01-12,7.53,32614.13,35243.77,0.2,3.1
1,2023-01-13,10.15,27242.14,35317.03,-0.6,4.8
1,2023-01-14,2.88,0.00,35392.74,6.3,9.9
1,2023-01-15,2.94,0.00,35470.79,2.7,3.9
1,2023-01-16,4.32,5017.52,35551.09,-3.2,2.5
1,2023-01-17,5.63,8899.78,35633.54,-5.2,-3.8
1,2023-01-18,3.51,4271.10,35718.21,-2.0,0.9
1,2023-01-19,11.48,31478.15,35806.05,-3.5,-1.8
1,2023-01-20,7.72,33340.66,35897.05,-2.8,0.6
1,2023-01-21,6.82,26098.60,35991.06,-6.1,-4.4
1,2023-01-22,3.88,5395.80,36087.90,-5.1,-3.6
1,2023-01-23,8.42,18438.46,36187.42,-1.7,0.3
1,2023-01-24,4.82,6282.88,36289.47,-9.3,3.2
1,2023-01-25,7.70,23872.96,36393.88,-11.6,-4.9
1,2023-01-26,3.56,0.00,36500.49,-4.3,-3.4
1,2023-01-27,7.71,13690.56,36609.17,-4.4,-2.0
1,2023-01-28,10.41,22378.95,36719.74,-7.1,-5.7
1,2023-01-29,7.64,15198.11,36832.08,-5.4,-4.6
1,2023-01-30,11.41,24769.51,36946.03,-5.0,-1.5
1,2023-01-31,10.64,35864.94,37061.46,-8.7,-5.2
1,2023-02-01,9.39,18468.27,37178.22,-3.7,1.1
1,2023-02-02,10.16,28336.96,37296.16,-5.1,-2.8
1,2023-02-03,6.91,2854.11,37415.17,-6.7,-5.1
1,2023-02-04,7.40,14677.25,37535.11,-3.1,0.0
1,2023-02-05,8.67,29139.98,37655.84,-4.4,-1.5
1,2023-02-06,9.06,31367.22,37777.24,-0.9,0.6
1,2023-02-07,12.00,32762.11,37899.40,1.1,2.6
1,2023-02-08,9.79,28992.50,38023.50,-1.8,1.4
1,2023-02-09,9.75,26960.44,38149.60,-6.5,-3.7
1,2023-02-10,2.96,0.00,38277.54,-1.7,0.7
1,2023-02-11,12.16,31728.54,38407.20,-3.3,1.3
1,2023-02-12,11.75,28055.29,38538.41,-0.4,1.5
1,2023-02-13,2.86,3600.00,38671.04,-0.3,4.4
1,2023-02-14,8.22,21152.29,38804.96,-7.9,-3.8
1,2023-02-15,10.11,26773.43,38940.02,-7.7,-6.1
1,2023-02-16,11.03,31043.26,39076.09,-4.9,-2.2
1,2023-02-17,13.80,34716.75,39213.04,-2.8,1.9
1,2023-02-18,11.54,21600.00,39350.75,2.0,4.8
1,2023-02-19,2.63,0.00,39489.08,2.8,7.3
1,2023-02-20,5.27,1460.09,39627.92,-5.7,-3.9
1,2023-02-21,13.00,35817.95,39767.13,-6.8,-5.1
1,2023-02-22,7.17,6466.76,39906.61,-5.4,-4.2
1,2023-02-23,12.74,22654.61,40046.22,-0.8,2.5
1,2023-02-24,7.36,2246.28,40185.86,1.8,3.6
1,2023-02-25,13.09,29358.68,40325.40,-5.8,-2.3
1,2023-02-26,10.64,27916.90,40464.75,-5.4,-3.2
1,2023-02-27,16.89,39165.35,40603.97,-6.7,-3.0
1,2023-02-28,18.33,37421.41,40744.22,-4.2,2.3
1,2023-03-01,15.60,32414.36,40885.58,2.4,4.2
1,2023-03-02,8.10,15705.33,41027.93,-0.6,4.0
1,2023-03-03,8.84,19921.48,41171.19,-3.9,-1.0
1,2023-03-04,9.12,26024.78,41315.24,-3.3,1.4
1,2023-03-05,18.91,34005.05,41459.95,-3.7,0.3
1,2023-03-06,16.62,40414.07,41605.24,-0.6,3.1
1,2023-03-07,18.42,41055.95,41751.01,-2.8,0.2
1,2023-03-08,19.48,41112.35,41897.13,0.2,5.8
1,2023-03-09,18.63,32754.68,42043.52,1.6,5.1
1,2023-03-10,10.83,30263.63,42190.07,4.1,8.4
1,2023-03-11,19.14,41860.75,42336.69,1.3,7.6
1,2023-03-12,16.19,33830.52,42483.27,6.6,8.3
1,2023-03-13,3.50,4177.34,42629.71,2.5,8.3
1,2023-03-14,12.88,39328.59,42775.92,-3.2,-0.3
1,2023-03-15,20.97,41230.99,42921.78,-0.1,3.6
1,2023-03-16,15.54,28800.00,43067.22,4.1,7.7
1,2023-03-17,14.93,28800.00,43212.12,-0.3,4.8
1,2023-03-18,3.54,7200.00,43356.38,2.1,4.9
1,2023-03-19,21.71,42379.15,43500.10,-4.8,-1.7
1,2023-03-20,22.17,42434.64,43644.31,-1.0,4.8
1,2023-03-21,20.37,42217.68,43789.12,3.1,5.5
1,2023-03-22,21.47,42545.09,43934.42,8.4,11.0
1,2023-03-23,10.38,14387.45,44080.13,12.1,13.8
1,2023-03-24,7.75,7265.41,44226.15,6.2,12.0
1,2023-03-25,6.18,8137.98,44372.40,4.3,6.9
1,2023-03-26,4.08,7200.00,44518.79,6.5,10.7
1,2023-03-27,13.94,33635.88,44665.22,-0.4,0.9
1,2023-03-28,20.47,34359.15,44811.60,-1.8,0.3
1,2023-03-29,21.04,42927.33,44957.83,-3.6,1.8
1,2023-03-30,22.27,43029.96,45103.84,2.0,9.7
1,2023-03-31,22.43,43039.10,45249.52,2.8,6.1
1,2023-04-01,23.35,43338.80,45394.78,1.0,5.6
1,2023-04-02,23.70,43639.17,45539.52,2.7,5.6
1,2023-04-03,24.04,43940.31,45683.64,1.7,4.8
1,2023-04-04,23.27,37593.49,45827.05,1.9,9.1
1,2023-04-05,15.99,24393.77,45969.65,5.2,8.0
1,2023-04-06,8.97,9764.55,46111.34,10.2,12.8
1,2023-04-07,6.02,3085.56,46252.01,11.4,14.3
1,2023-04-08,11.06,23303.35,46391.74,1.6,5.6
1,2023-04-09,17.41,44320.65,46531.53,-3.6,-1.7
1,2023-04-10,24.95,45115.42,46671.46,-0.4,3.1
1,2023-04-11,23.99,41691.05,46811.42,6.1,9.7
1,2023-04-12,10.87,26629.55,46951.36,4.4,9.6
1,2023-04-13,25.49,46062.52,47091.15,-1.2,4.1
1,2023-04-14,20.85,32400.00,47230.71,2.8,8.9
1,2023-04-15,6.13,812.61,47369.94,9.8,11.0
1,2023-04-16,13.67,28996.52,47508.75,6.2,10.7
1,2023-04-17,11.62,13992.81,47647.03,3.1,5.4
1,2023-04-18,11.15,9053.81,47784.68,6.1,9.7
1,2023-04-19,18.96,39359.92,47921.60,4.6,9.6
1,2023-04-20,23.85,36000.00,48057.69,11.4,14.1
1,2023-04-21,13.31,23129.22,48192.83,3.2,14.3
1,2023-04-22,24.81,45864.58,48326.92,-2.7,-0.1
1,2023-04-23,24.54,45405.55,48459.85,-1.5,2.6
1,2023-04-24,19.81,43987.64,48591.49,-2.7,-0.2
1,2023-04-25,22.11,25200.00,48721.74,5.3,10.8
1,2023-04-26,5.64,3600.00,48850.48,8.4,13.7
1,2023-04-27,19.26,43601.28,48977.58,3.0,5.3
1,2023-04-28,26.66,46800.00,49103.11,7.1,12.0
1,2023-04-29,22.37,32400.00,49227.99,11.4,13.9
1,2023-04-30,11.27,8915.08,49352.31,8.8,15.0
1,2023-05-01,24.53,40340.61,49475.98,6.5,9.0
1,2023-05-02,19.03,41982.31,49598.88,4.5,6.0
1,2023-05-03,23.41,46800.00,49720.92,1.0,7.4
1,2023-05-04,27.43,46800.00,49841.99,5.2,10.3
1,2023-05-05,24.05,37108.46,49961.98,10.5,15.5
1,2023-05-06,12.68,16598.01,50080.78,14.4,15.5
1,2023-05-07,3.51,0.00,50198.28,9.8,12.1
1,2023-05-08,10.41,19195.90,50314.37,4.4,8.5
1,2023-05-09,27.82,47062.81,50428.92,4.6,8.1
1,2023-05-10,28.15,47038.79,50541.83,5.6,7.5
1,2023-05-11,27.81,47014.94,50652.97,2.2,3.7
1,2023-05-12,28.67,46991.28,50762.23,4.5,10.8
1,2023-05-13,17.74,25400.11,50869.46,10.8,13.0
1,2023-05-14,16.24,20262.68,50974.54,10.7,12.8
1,2023-05-15,8.69,10859.36,51077.35,11.5,14.9
1,2023-05-16,25.82,47212.43,51177.76,9.0,12.2
1,2023-05-17,28.06,47504.64,51275.64,11.8,15.1
1,2023-05-18,24.21,35915.90,51370.99,14.9,20.4
1,2023-05-19,6.43,4894.55,51464.61,14.4,18.2
1,2023-05-20,22.48,47126.47,51556.55,12.8,14.5
1,2023-05-21,24.67,43200.00,51646.71,14.1,16.0
1,2023-05-22,21.00,28800.00,51735.01,9.9,12.9
1,2023-05-23,7.42,11414.63,51821.36,10.2,12.6
1,2023-05-24,22.76,47995.78,51905.66,5.9,9.0
1,2023-05-25,21.78,38838.56,51987.81,9.8,12.4
1,2023-05-26,11.58,12178.05,52067.73,11.9,13.8
1,2023-05-27,23.16,35737.25,52145.31,14.0,14.6
1,2023-05-28,9.85,4801.31,52220.46,14.2,15.9
1,2023-05-29,6.92,2553.32,52293.07,16.0,16.8
1,2023-05-30,20.82,38748.24,52363.06,12.0,15.5
1,2023-05-31,29.19,49796.33,52430.31,6.1,9.4
1,2023-06-01,17.58,20009.52,52494.73,13.2,17.0
1,2023-06-02,5.12,3600.00,52556.23,16.9,19.1
1,2023-06-03,23.52,48463.87,52614.69,11.6,14.3
1,2023-06-04,25.44,49329.90,52670.03,11.0,14.2
1,2023-06-05,24.51,48843.92,52722.14,11.4,14.5
1,2023-06-06,22.11,25924.89,52770.91,13.8,18.1
1,2023-06-07,24.50,47102.52,52816.34,13.4,15.7
1,2023-06-08,13.92,13386.59,52858.80,14.8,16.3
1,2023-06-09,12.40,15670.45,52898.34,16.6,18.5
1,2023-06-10,19.80,25501.34,52934.93,17.1,19.4
1,2023-06-11,6.55,3967.51,52968.54,17.9,20.2
1,2023-06-12,17.43,25353.50,52999.14,18.0,19.7
1,2023-06-13,21.02,40809.70,53026.71,17.9,20.5
1,2023-06-14,14.40,14637.14,53051.23,18.6,20.3
1,2023-06-15,7.57,3600.00,53072.66,18.5,20.3
1,2023-06-16,10.59,19468.99,53090.99,16.0,17.8
1,2023-06-17,27.71,50555.21,53106.20,13.7,17.0
1,2023-06-18,26.86,48280.89,53118.25,16.7,18.0
1,2023-06-19,26.85,50464.43,53127.15,12.3,13.7
1,2023-06-20,27.66,46298.06,53132.87,12.6,15.2
1,2023-06-21,21.18,24588.29,53135.39,13.9,15.5
1,2023-06-22,6.16,37.59,53134.70,14.9,17.7
1,2023-06-23,12.68,19829.69,53130.78,17.0,19.6
1,2023-06-24,21.80,42831.12,53123.64,16.7,18.6
1,2023-06-25,25.12,50400.00,53113.24,16.0,19.1
1,2023-06-26,26.03,46199.08,53099.59,18.3,23.1
1,2023-06-27,12.96,14527.60,53082.64,19.2,21.6
1,2023-06-28,15.52,21739.63,53062.22,20.0,21.7
1,2023-06-29,22.69,39600.00,53038.34,19.2,21.6
1,2023-06-30,5.76,1262.75,53011.08,20.9,22.0
1,2023-07-01,9.33,9634.78,52980.50,20.3,22.3
1,2023-07-02,25.83,45125.21,52946.67,18.4,20.7
1,2023-07-03,24.36,49169.51,52909.67,17.3,20.0
1,2023-07-04,26.29,50400.00,52869.57,17.6,20.9
1,2023-07-05,17.05,22350.15,52826.44,19.2,20.9
1,2023-07-06,27.18,50400.00,52780.35,17.9,20.7
1,2023-07-07,23.52,26165.05,52731.37,19.0,24.9
1,2023-07-08,11.10,9147.62,52679.59,20.8,22.3
1,2023-07-09,19.22,25150.77,52625.06,22.4,23.3
1,2023-07-10,20.55,45579.97,52567.88,21.9,23.3
1,2023-07-11,20.31,35635.34,52508.12,20.8,23.2
1,2023-07-12,16.74,23313.97,52445.83,21.1,22.9
1,2023-07-13,20.98,36506.64,52381.12,19.1,21.3
1,2023-07-14,8.08,951.40,52314.04,19.7,21.8
1,2023-07-15,10.32,12361.17,52244.67,19.7,21.6
1,2023-07-16,24.85,48614.32,52173.10,22.0,23.4
1,2023-07-17,25.42,49615.82,52099.25,21.2,23.1
1,2023-07-18,13.33,15591.58,52022.48,21.5,22.8
1,2023-07-19,7.11,3600.00,51942.78,20.5,23.7
1,2023-07-20,23.06,47075.85,51860.28,20.3,21.4
1,2023-07-21,23.67,48673.82,51775.11,19.8,21.2
1,2023-07-22,23.55,49003.83,51687.38,20.4,23.3
1,2023-07-23,25.30,48486.04,51597.23,20.7,24.6
1,2023-07-24,24.39,47252.56,51504.76,22.2,24.4
1,2023-07-25,25.49,49049.14,51410.11,22.1,23.6
1,2023-07-26,25.61,49379.14,51313.38,21.7,23.3
1,2023-07-27,25.22,48144.32,51214.70,22.1,25.1
1,2023-07-28,25.43,47351.55,51114.18,22.5,24.9
1,2023-07-29,25.63,48184.44,51011.94,22.7,25.6
1,2023-07-30,24.00,48516.58,50908.08,22.0,23.7
1,2023-07-31,21.72,33895.02,50802.73,21.6,22.5
1,2023-08-01,20.78,48559.49,50695.97,20.6,23.3
1,2023-08-02,23.85,46544.48,50587.92,21.2,22.1
1,2023-08-03,23.22,46762.43,50478.69,21.4,23.7
1,2023-08-04,24.27,47704.49,50368.38,21.7,23.6
1,2023-08-05,23.38,47730.56,50257.08,22.3,23.4
1,2023-08-06,23.94,46970.44,50144.73,21.9,22.9
1,2023-08-07,20.95,39428.48,50030.45,21.9,22.5
1,2023-08-08,22.31,44013.06,49914.19,22.3,23.0
1,2023-08-09,18.32,42012.70,49796.08,22.7,23.6
1,2023-08-10,23.22,47263.14,49676.25,20.5,21.5
1,2023-08-11,24.57,39938.73,49554.81,20.8,21.9
1,2023-08-12,14.09,34557.77,49431.90,21.6,24.6
1,2023-08-13,22.62,39291.88,49307.61,22.4,23.0
1,2023-08-14,20.69,45901.45,49182.07,22.5,23.5
1,2023-08-15,19.09,35445.94,49055.39,22.5,23.3
1,2023-08-16,20.11,46701.71,48927.68,21.4,22.2
1,2023-08-17,20.66,43076.01,48799.04,22.8,24.5
1,2023-08-18,22.56,43593.39,48669.59,23.2,24.8
1,2023-08-19,17.67,32149.07,48539.42,23.6,25.0
1,2023-08-20,19.25,45819.16,48408.65,23.5,25.6
1,2023-08-21,20.28,43294.89,48277.36,22.3,24.0
1,2023-08-22,21.41,44312.22,48145.65,22.6,23.4
1,2023-08-23,20.29,46346.71,48013.64,22.6,23.1
1,2023-08-24,23.27,46296.47,47881.39,22.1,24.0
1,2023-08-25,24.10,46246.40,47749.02,21.6,23.0
1,2023-08-26,21.97,46121.89,47616.44,21.2,23.0
1,2023-08-27,20.41,43042.20,47482.71,20.0,21.9
1,2023-08-28,20.79,46096.75,47347.79,20.9,21.9
1,2023-08-29,20.23,46046.96,47211.76,22.0,24.5
1,2023-08-30,22.35,41584.06,47074.72,21.1,23.1
1,2023-08-31,23.67,45049.85,46936.79,18.5,20.6
1,2023-09-01,22.94,45363.72,46798.05,15.7,18.1
1,2023-09-02,20.46,41264.78,46658.60,19.0,21.3
1,2023-09-03,20.78,37290.83,46518.54,20.4,21.9
1,2023-09-04,9.25,15460.89,46377.96,23.1,24.8
1,2023-09-05,15.06,35626.75,46236.96,22.7,23.7
1,2023-09-06,9.84,20793.36,46095.61,21.4,23.5
1,2023-09-07,17.34,29431.33,45954.01,19.0,21.1
1,2023-09-08,5.64,2944.95,45812.26,20.5,22.3
1,2023-09-09,17.38,42719.47,45670.42,21.9,24.5
1,2023-09-10,17.51,32436.05,45528.61,22.4,24.9
1,2023-09-11,20.21,43021.18,45386.89,21.4,22.4
1,2023-09-12,17.64,36514.29,45245.35,21.8,23.5
1,2023-09-13,15.77,42597.11,45104.08,21.2,23.3
1,2023-09-14,19.05,28800.00,44963.16,20.5,22.1
1,2023-09-15,10.16,19665.53,44822.50,21.9,23.6
1,2023-09-16,17.07,40537.06,44681.15,21.8,23.8
1,2023-09-17,19.30,41706.66,44539.05,22.5,24.4
1,2023-09-18,18.58,38256.40,44396.26,21.6,23.1
1,2023-09-19,15.62,36279.08,44252.90,20.5,22.1
1,2023-09-20,14.38,29265.42,44109.05,18.4,20.7
1,2023-09-21,5.72,4390.11,43964.80,20.0,21.2
1,2023-09-22,12.46,33969.78,43820.23,17.9,20.5
1,2023-09-23,13.29,33456.29,43675.44,12.9,18.5
1,2023-09-24,19.94,40144.98,43530.53,11.7,13.7
1,2023-09-25,17.09,30921.32,43385.56,14.5,16.2
1,2023-09-26,10.77,18434.82,43240.64,15.8,18.2
1,2023-09-27,3.96,377.84,43095.84,19.2,20.2
1,2023-09-28,8.75,23597.60,42951.27,19.5,22.2
1,2023-09-29,15.59,32734.32,42807.00,16.6,18.2
1,2023-09-30,9.44,20867.48,42663.14,17.5,20.6
1,2023-10-01,13.36,33446.84,42519.76,15.9,18.0
1,2023-10-02,16.61,39600.00,42376.96,9.9,12.1
1,2023-10-03,17.23,32400.00,42234.82,10.8,14.1
1,2023-10-04,7.85,19649.67,42093.45,13.7,15.8
1,2023-10-05,9.73,30151.91,41952.74,10.9,15.6
1,2023-10-06,14.62,37698.40,41811.67,7.1,9.3
1,2023-10-07,11.65,39600.00,41670.16,9.7,10.5
1,2023-10-08,12.18,21821.39,41528.31,10.6,13.7
1,2023-10-09,4.52,4096.12,41386.21,14.3,15.8
1,2023-10-10,9.95,31080.77,41243.97,13.7,16.1
1,2023-10-11,16.51,39600.00,41101.69,8.8,13.6
1,2023-10-12,17.01,39600.00,40959.47,7.0,9.5
1,2023-10-13,15.63,39600.00,40817.42,7.6,10.6
1,2023-10-14,16.15,32400.00,40675.65,7.8,12.5
1,2023-10-15,3.09,9311.39,40534.25,12.4,13.5
1,2023-10-16,13.62,39509.50,40393.34,11.6,13.9
1,2023-10-17,13.19,39425.68,40253.03,7.6,9.8
1,2023-10-18,16.05,38834.67,40113.42,9.0,13.1
1,2023-10-19,15.72,39261.08,39974.64,9.6,11.9
1,2023-10-20,10.83,26543.18,39836.79,11.2,14.7
1,2023-10-21,7.24,22640.94,39699.99,6.8,9.4
1,2023-10-22,8.67,28501.70,39564.36,5.1,7.9
1,2023-10-23,11.40,33749.52,39430.01,8.8,12.6
1,2023-10-24,14.36,38763.05,39297.08,10.0,11.3
1,2023-10-25,13.96,36560.83,39165.48,9.4,11.7
1,2023-10-26,13.14,38497.18,39034.08,9.3,13.3
1,2023-10-27,13.66,32400.00,38902.78,7.9,12.1
1,2023-10-28,11.12,35011.92,38771.70,10.2,12.1
1,2023-10-29,10.26,29689.69,38640.99,10.2,11.4
1,2023-10-30,10.59,36253.77,38510.74,9.3,12.9
1,2023-10-31,13.34,37351.99,38381.08,8.8,11.2
1,2023-11-01,13.95,31188.93,38252.15,7.7,11.3
1,2023-11-02,8.17,27201.22,38124.08,11.8,14.7
1,2023-11-03,13.93,36971.61,37996.99,7.5,14.2
1,2023-11-04,7.81,15258.31,37871.03,10.5,12.7
1,2023-11-05,11.36,30724.75,37746.33,13.1,14.5
1,2023-11-06,9.64,22759.69,37623.02,15.0,16.7
1,2023-11-07,5.89,12943.71,37501.26,9.5,15.0
1,2023-11-08,11.51,35228.12,37381.19,4.9,7.9
1,2023-11-09,13.18,34033.54,37262.95,7.2,9.7
1,2023-11-10,4.41,4087.55,37146.70,9.2,13.0
1,2023-11-11,7.73,21600.00,37032.59,-0.5,1.5
1,2023-11-12,6.80,16257.09,36920.78,2.9,6.4
1,2023-11-13,9.48,31019.52,36811.42,2.0,4.8
1,2023-11-14,7.26,28781.71,36704.46,2.9,5.7
1,2023-11-15,12.05,34107.79,36598.81,2.8,4.3
1,2023-11-16,11.57,28800.00,36494.37,6.5,11.0
1,2023-11-17,2.02,6854.21,36391.27,7.8,12.1
1,2023-11-18,9.39,23953.91,36289.63,4.0,7.1
1,2023-11-19,5.94,14598.74,36189.60,6.7,8.3
1,2023-11-20,6.25,27359.44,36091.28,1.0,6.8
1,2023-11-21,12.02,33162.74,35994.83,-0.4,4.2
1,2023-11-22,11.84,30376.02,35900.36,1.1,8.6
1,2023-11-23,8.94,28834.37,35808.03,4.9,9.6
1,2023-11-24,4.73,12642.22,35717.96,4.2,10.1
1,2023-11-25,6.47,18828.57,35630.31,-2.4,-0.1
1,2023-11-26,10.43,30837.32,35545.20,1.5,5.4
1,2023-11-27,6.18,26999.91,35462.78,4.2,8.1
1,2023-11-28,2.29,587.17,35383.20,4.6,9.4
1,2023-11-29,1.95,1292.02,35306.60,2.8,3.6
1,2023-11-30,4.43,8179.20,35233.13,0.1,3.8
1,2023-12-01,6.97,28165.03,35162.95,0.1,1.4
1,2023-12-02,7.59,28642.90,35096.18,-0.5,3.0
1,2023-12-03,7.29,25339.95,35032.99,2.3,3.4
1,2023-12-04,6.65,27291.86,34973.38,-1.3,3.3
1,2023-12-05,7.22,19912.97,34916.63,0.2,3.9
1,2023-12-06,8.91,28800.00,34862.68,2.4,6.3
1,2023-12-07,7.55,19534.37,34811.58,4.3,6.6
1,2023-12-08,4.51,18000.00,34763.39,2.9,7.9
1,2023-12-09,10.22,28800.00,34718.18,4.2,6.9
1,2023-12-10,2.46,0.00,34676.03,6.7,9.8
1,2023-12-11,7.23,28737.28,34636.97,5.1,8.7
1,2023-12-12,3.29,4882.65,34601.09,4.5,9.4
1,2023-12-13,5.78,28152.98,34568.43,-0.3,1.4
1,2023-12-14,7.41,27117.19,34539.06,-0.5,1.9
1,2023-12-15,1.81,170.11,34513.04,7.8,10.4
1,2023-12-16,3.28,5813.75,34490.42,7.5,12.0
1,2023-12-17,4.93,14157.39,34471.27,-3.2,-0.5
1,2023-12-18,4.69,3653.52,34455.63,-3.0,-1.9
1,2023-12-19,6.18,14422.19,34443.56,-2.2,0.7
1,2023-12-20,3.86,9515.10,34435.11,-0.1,3.0
1,2023-12-21,8.16,27757.16,34430.33,-4.0,-0.0
1,2023-12-22,6.28,22911.95,34429.27,-4.6,-3.4
1,2023-12-23,4.87,4661.40,34431.97,-3.3,-1.4
1,2023-12-24,8.55,26619.56,34438.50,-2.9,-0.7
1,2023-12-25,6.56,27662.97,34448.89,0.4,1.1
1,2023-12-26,6.18,20764.28,34463.09,1.5,3.9
1,2023-12-27,6.56,28800.00,34481.04,-6.0,-1.2
1,2023-12-28,10.14,29088.09,34502.68,-2.9,2.4
1,2023-12-29,4.78,15419.29,34527.93,2.7,5.1
1,2023-12-30,5.67,18730.84,34556.74,0.6,4.1
1,2023-12-31,4.73,10800.00,34589.01,3.6,5.1
1,2024-01-01,5.20,20653.36,34624.69,-3.8,1.1
1,2024-01-02,7.71,25611.57,34663.71,-2.9,2.2
1,2024-01-03,4.13,1389.13,34705.98,2.6,4.7
1,2024-01-04,7.47,31286.58,34751.44,-1.6,3.9
1,2024-01-05,10.49,28892.65,34800.01,-0.3,3.7
1,2024-01-06,1.64,0.00,34851.61,3.7,5.9
1,2024-01-07,6.25,13059.81,34906.18,-3.1,0.3
1,2024-01-08,8.28,33498.23,34963.63,-4.7,-1.6
1,2024-01-09,8.04,19262.86,35023.88,-1.4,1.8
1,2024-01-10,6.76,22657.62,35086.86,-5.4,1.6
1,2024-01-11,9.02,29826.06,35152.49,-11.9,-8.3
1,2024-01-12,3.47,5877.24,35220.70,-1.3,1.7
1,2024-01-13,6.44,15137.06,35291.56,-4.3,-0.8
1,2024-01-14,8.63,24076.36,35365.86,-5.1,0.6
1,2024-01-15,7.35,15555.63,35443.61,-6.7,-3.9
1,2024-01-16,6.22,23722.54,35524.63,-6.2,-3.2
1,2024-01-17,10.32,31322.25,35608.77,-6.0,-1.0
1,2024-01-18,3.79,5483.25,35695.89,0.8,3.7
1,2024-01-19,11.14,33585.24,35785.83,-5.0,0.7
1,2024-01-20,9.64,25200.00,35878.43,-0.9,2.5
1,2024-01-21,0.99,0.00,35973.55,2.8,5.3
1,2024-01-22,3.83,2361.81,36071.04,3.6,6.4
1,2024-01-23,7.23,21818.38,36170.76,-2.6,0.7
1,2024-01-24,8.00,18923.09,36272.56,-5.1,-4.0
1,2024-01-25,6.92,10655.40,36376.29,-4.3,-3.2
1,2024-01-26,9.35,26367.98,36481.83,-2.3,-1.6
1,2024-01-27,9.08,27843.58,36589.02,-1.6,-0.6
1,2024-01-28,4.38,1500.27,36697.74,-2.6,0.2
1,2024-01-29,8.17,25698.04,36807.86,-3.1,-0.9
1,2024-01-30,8.05,31215.13,36919.24,-4.8,-2.5
1,2024-01-31,10.63,30244.71,37031.74,-2.7,3.2
1,2024-02-01,3.86,2845.34,37145.27,-5.6,3.5
1,2024-02-02,6.53,13683.69,37259.88,-6.0,-4.3
1,2024-02-03,6.62,18574.99,37376.75,-5.3,-4.6
1,2024-02-04,7.23,21899.82,37495.90,-3.5,-1.9
1,2024-02-05,2.78,0.00,37617.20,-1.1,0.0
1,2024-02-06,8.96,16992.47,37740.49,-3.8,-0.6
1,2024-02-07,11.82,35040.81,37865.60,-2.6,-1.3
1,2024-02-08,5.87,6105.83,37992.40,-1.4,-0.4
1,2024-02-09,9.73,31163.91,38120.72,-6.2,-1.5
1,2024-02-10,13.72,30117.53,38250.44,-2.9,0.8
1,2024-02-11,10.53,31408.84,38381.41,-6.8,-2.4
1,2024-02-12,12.81,36238.22,38513.49,-6.8,-5.0
1,2024-02-13,15.46,36000.00,38646.54,-3.4,0.8
1,2024-02-14,12.52,36165.30,38780.43,2.8,4.9
1,2024-02-15,12.92,36000.00,38915.03,3.4,7.9
1,2024-02-16,10.41,34755.88,39050.22,-7.9,-5.1
1,2024-02-17,15.76,36354.75,39185.85,-2.0,0.3
1,2024-02-18,15.48,32470.14,39321.80,3.6,7.5
1,2024-02-19,7.77,11081.91,39457.97,9.5,10.4
1,2024-02-20,5.01,96.72,39594.21,2.1,8.9
1,2024-02-21,2.13,0.00,39730.43,2.5,5.1
1,2024-02-22,7.41,14400.00,39866.69,-2.9,-0.3
1,2024-02-23,6.48,8040.98,40004.18,-4.0,-2.0
1,2024-02-24,9.63,28725.38,40142.97,-6.3,-5.0
1,2024-02-25,7.38,3635.52,40282.95,-0.7,1.1
1,2024-02-26,11.90,33583.15,40424.00,-1.8,1.0
1,2024-02-27,6.60,1464.78,40565.99,-1.1,0.2
1,2024-02-28,11.61,34058.31,40708.83,-2.9,-1.3
1,2024-02-29,12.24,22113.63,40852.38,-0.2,2.6
1,2024-03-01,5.25,5382.83,40996.55,-0.1,3.9
1,2024-03-02,15.02,37546.37,41141.22,-6.1,-4.2
1,2024-03-03,12.33,27517.92,41286.28,-1.9,1.2
1,2024-03-04,7.02,17385.79,41431.63,-3.0,-1.1
1,2024-03-05,9.58,10812.81,41577.15,-1.8,1.7
1,2024-03-06,4.65,6722.72,41722.75,-1.1,1.8
1,2024-03-07,13.74,32400.00,41868.32,-4.1,-0.8
1,2024-03-08,14.39,33450.14,42013.75,-3.2,-0.6
1,2024-03-09,15.79,37616.35,42158.95,-4.6,-3.3
1,2024-03-10,14.63,37839.01,42303.81,-4.0,-1.9
1,2024-03-11,18.89,34812.18,42448.22,-5.6,-1.3
1,2024-03-12,4.82,3600.00,42592.10,-0.8,1.8
1,2024-03-13,13.64,34437.52,42735.51,-2.9,-1.3
1,2024-03-14,15.48,40364.83,42879.53,-0.5,3.8
1,2024-03-15,20.03,39541.63,43024.26,-0.8,3.8
1,2024-03-16,20.96,42255.31,43169.58,-2.6,2.8
1,2024-03-17,11.48,19355.47,43315.43,2.0,7.6
1,2024-03-18,14.52,39138.40,43461.69,-6.2,-4.0
1,2024-03-19,11.83,21087.31,43608.29,-3.0,0.5
1,2024-03-20,11.11,17232.38,43755.12,-1.0,2.0
1,2024-03-21,15.11,41272.72,43902.10,-4.7,-2.7
1,2024-03-22,18.34,37131.68,44049.13,-5.9,-3.8
1,2024-03-23,6.25,6741.57,44196.13,1.3,5.2
1,2024-03-24,15.67,35286.78,44342.99,2.5,8.9
1,2024-03-25,13.96,18000.00,44489.63,5.5,9.1
1,2024-03-26,2.77,7200.00,44635.94,2.9,7.4
1,2024-03-27,20.63,43007.06,44781.85,-3.7,0.8
1,2024-03-28,17.13,25200.00,44927.25,4.5,10.1
1,2024-03-29,6.94,17768.19,45072.05,6.3,11.5
1,2024-03-30,10.02,20195.76,45216.14,3.6,7.8
1,2024-03-31,9.52,21476.40,45359.43,2.2,6.0
1,2024-04-01,20.93,36000.00,45501.83,0.4,3.7
1,2024-04-02,22.22,38534.65,45643.41,-3.9,1.8
1,2024-04-03,11.29,13023.53,45785.17,7.8,9.7
1,2024-04-04,17.97,39188.99,45927.20,4.0,9.7
1,2024-04-05,23.04,43200.00,46069.41,1.5,5.1
1,2024-04-06,17.58,39867.26,46211.71,8.2,9.4
1,2024-04-07,21.71,43442.40,46354.01,8.8,12.3
1,2024-04-08,16.04,31813.66,46496.22,12.8,14.1
1,2024-04-09,5.20,8831.87,46638.24,3.0,10.4
1,2024-04-10,25.02,45377.73,46779.97,0.7,5.1
1,2024-04-11,20.62,36757.36,46921.33,4.5,7.9
1,2024-04-12,22.22,45593.93,47062.21,6.9,9.7
1,2024-04-13,23.92,46131.92,47202.52,7.7,11.2
1,2024-04-14,24.16,46216.23,47342.14,7.7,13.7
1,2024-04-15,25.07,43419.01,47480.99,8.7,12.0
1,2024-04-16,19.56,33012.50,47618.96,9.6,15.5
1,2024-04-17,20.81,42018.03,47755.93,7.0,12.5
1,2024-04-18,17.51,27062.86,47891.80,7.0,8.7
1,2024-04-19,7.51,3360.46,48026.47,7.7,8.3
1,2024-04-20,18.28,29204.85,48159.80,2.6,6.9
1,2024-04-21,17.72,30979.14,48291.71,6.1,9.7
1,2024-04-22,22.76,37453.51,48422.23,10.4,11.1
1,2024-04-23,13.48,23055.79,48552.33,9.5,10.9
1,2024-04-24,6.57,229.97,48682.10,11.0,12.4
1,2024-04-25,13.18,20254.48,48811.44,8.7,11.8
1,2024-04-26,24.75,32400.00,48940.24,11.2,14.2
1,2024-04-27,20.41,37627.90,49068.40,12.2,17.1
1,2024-04-28,26.29,44000.16,49195.83,7.9,11.5
1,2024-04-29,21.27,32400.00,49322.41,13.6,15.3
1,2024-04-30,7.78,4166.42,49448.05,12.7,14.8
1,2024-05-01,9.74,8667.48,49572.62,5.8,9.1
1,2024-05-02,25.69,46800.00,49696.01,4.8,7.2
1,2024-05-03,27.41,46800.00,49818.12,4.4,8.7
1,2024-05-04,27.34,46800.00,49938.82,5.9,12.8
1,2024-05-05,25.33,39097.86,50058.00,8.1,11.9
1,2024-05-06,12.97,14843.77,50175.54,11.2,16.2
1,2024-05-07,11.05,12519.26,50291.30,12.7,15.5
1,2024-05-08,16.15,30317.65,50405.17,5.7,7.8
1,2024-05-09,16.89,36093.65,50517.02,2.3,4.1
1,2024-05-10,28.04,46800.00,50626.71,4.1,9.0
1,2024-05-11,27.27,46998.44,50734.12,10.4,12.1
1,2024-05-12,18.42,30013.76,50839.26,12.8,15.3
1,2024-05-13,6.51,10246.46,50942.99,10.9,15.5
1,2024-05-14,28.13,47554.54,51045.37,7.2,9.2
1,2024-05-15,25.15,41756.04,51146.30,12.0,13.8
1,2024-05-16,15.29,28446.06,51245.69,11.2,16.9
1,2024-05-17,18.17,36391.10,51343.42,6.3,10.6
1,2024-05-18,28.02,43868.55,51439.42,4.7,11.5
1,2024-05-19,16.64,22724.49,51533.55,12.3,15.3
1,2024-05-20,13.95,21223.09,51625.74,13.5,15.4
1,2024-05-21,13.65,27839.30,51715.87,8.7,12.9
1,2024-05-22,28.33,48335.43,51803.83,9.4,13.1
1,2024-05-23,26.18,47680.95,51889.51,11.0,16.4
1,2024-05-24,17.16,30158.66,51972.81,12.2,15.3
1,2024-05-25,23.23,47937.23,52053.62,6.3,9.3
1,2024-05-26,25.69,44484.24,52131.81,11.3,14.2
1,2024-05-27,16.13,23537.72,52207.29,15.0,17.2
1,2024-05-28,4.55,0.00,52279.93,14.7,17.3
1,2024-05-29,21.46,41722.10,52349.63,9.1,12.7
1,2024-05-30,21.65,36000.00,52416.27,13.1,18.8
1,2024-05-31,7.99,10568.15,52479.74,14.9,17.7
1,2024-06-01,23.73,46147.89,52540.01,12.5,15.1
1,2024-06-02,10.34,13555.46,52597.61,13.7,16.1
1,2024-06-03,23.61,47164.33,52652.58,12.4,14.6
1,2024-06-04,19.31,45369.25,52704.87,12.9,14.3
1,2024-06-05,23.41,49624.35,52754.44,10.9,13.2
1,2024-06-06,25.55,34346.53,52801.22,11.1,15.7
1,2024-06-07,18.67,33127.27,52845.17,14.0,16.2
1,2024-06-08,24.90,43114.63,52886.25,14.2,15.7
1,2024-06-09,18.40,24905.85,52924.40,15.1,17.4
1,2024-06-10,21.03,48573.62,52959.58,15.7,17.6
1,2024-06-11,26.24,50420.13,52991.74,14.6,18.8
1,2024-06-12,25.25,47019.02,53020.83,15.9,20.6
1,2024-06-13,23.80,49840.90,53046.82,15.6,17.4
1,2024-06-14,28.14,50502.14,53069.65,15.6,19.3
1,2024-06-15,24.54,38636.88,53089.30,14.9,16.5
1,2024-06-16,25.14,45920.73,53105.70,16.7,18.1
1,2024-06-17,22.11,25713.20,53118.84,13.0,19.7
1,2024-06-18,7.96,8321.35,53128.65,16.4,19.7
1,2024-06-19,27.69,50618.40,53135.12,10.9,15.8
1,2024-06-20,26.67,38441.28,53138.21,16.0,20.9
1,2024-06-21,10.84,11987.90,53137.87,16.1,20.0
1,2024-06-22,20.86,32942.99,53134.07,16.9,19.4
1,2024-06-23,9.27,3861.19,53126.86,19.9,21.7
1,2024-06-24,17.51,32164.98,53116.26,18.7,20.8
1,2024-06-25,18.25,33431.49,53102.34,18.9,20.5
1,2024-06-26,23.84,47541.47,53085.12,14.5,16.7
1,2024-06-27,25.12,32400.00,53064.66,12.4,16.3
1,2024-06-28,7.38,9902.33,53041.02,18.8,21.1
1,2024-06-29,24.52,40637.56,53014.23,17.1,19.6
1,2024-06-30,10.57,2515.51,52984.33,20.7,23.8
1,2024-07-01,12.72,17418.33,52951.40,19.0,20.6
1,2024-07-02,18.81,31177.32,52915.49,17.6,18.8
1,2024-07-03,11.55,9804.94,52876.64,21.0,22.2
1,2024-07-04,23.66,42965.82,52834.92,20.2,22.1
1,2024-07-05,24.60,42888.83,52790.36,20.7,24.8
1,2024-07-06,14.60,20086.46,52743.04,20.9,22.4
1,2024-07-07,25.59,37435.39,52693.01,21.2,22.5
1,2024-07-08,4.93,0.00,52640.32,21.7,23.0
1,2024-07-09,8.38,1720.01,52585.03,21.5,23.7
1,2024-07-10,7.71,2057.13,52527.20,21.3,23.0
1,2024-07-11,11.40,20482.47,52466.78,19.5,22.2
1,2024-07-12,9.10,12378.46,52403.21,19.9,22.5
1,2024-07-13,26.61,41923.99,52336.51,17.5,20.7
1,2024-07-14,12.48,14871.94,52266.77,21.0,23.5
1,2024-07-15,13.03,14528.90,52194.14,19.9,21.5
1,2024-07-16,19.02,23103.77,52118.71,19.4,20.8
1,2024-07-17,14.95,22070.47,52040.60,21.1,23.1
1,2024-07-18,23.29,33411.19,51959.94,20.6,23.2
1,2024-07-19,14.50,22183.83,51876.83,22.0,24.2
1,2024-07-20,22.27,48083.80,51791.38,21.0,23.1
1,2024-07-21,24.46,46349.35,51703.72,21.5,23.2
1,2024-07-22,23.51,47123.71,51613.94,21.8,23.7
1,2024-07-23,23.78,40072.94,51522.15,21.6,23.8
1,2024-07-24,14.04,26798.15,51428.48,21.6,24.0
1,2024-07-25,11.30,16483.74,51333.01,21.7,23.3
1,2024-07-26,20.25,40776.91,51235.86,22.5,24.2
1,2024-07-27,17.85,42580.85,51137.14,23.4,25.1
1,2024-07-28,15.63,37265.60,51036.92,23.5,24.2
1,2024-07-29,18.40,39356.42,50935.33,22.8,23.5
1,2024-07-30,20.20,39244.01,50832.47,22.9,24.2
1,2024-07-31,19.75,45142.44,50728.26,21.1,23.0
1,2024-08-01,19.88,46072.38,50621.85,21.6,23.8
1,2024-08-02,25.24,48597.85,50513.23,22.1,24.6
1,2024-08-03,24.35,47594.24,50402.51,23.8,25.9
1,2024-08-04,20.19,46800.60,50289.82,23.7,25.1
1,2024-08-05,20.08,45139.82,50175.30,24.0,24.9
1,2024-08-06,20.19,46006.48,50059.06,23.7,24.7
1,2024-08-07,15.36,36169.15,49941.23,22.8,24.3
1,2024-08-08,23.52,47303.61,49821.92,21.7,22.6
1,2024-08-09,20.12,41657.63,49701.25,21.8,22.5
1,2024-08-10,21.35,45734.88,49579.34,22.5,24.0
1,2024-08-11,19.95,36000.00,49456.29,22.8,23.4
1,2024-08-12,8.79,13375.25,49332.22,23.4,24.8
1,2024-08-13,20.33,39715.51,49207.23,24.2,25.5
1,2024-08-14,16.29,32363.07,49081.43,23.7,24.5
1,2024-08-15,16.75,36255.00,48954.93,23.9,25.5
1,2024-08-16,17.87,35715.23,48827.82,23.5,25.7
1,2024-08-17,17.42,41829.76,48700.21,23.7,25.5
1,2024-08-18,22.31,46561.21,48572.19,21.9,23.7
1,2024-08-19,21.69,39310.96,48443.85,21.9,23.9
1,2024-08-20,21.12,43423.26,48315.13,22.4,23.4
1,2024-08-21,21.71,43375.44,48185.09,21.7,23.0
1,2024-08-22,15.97,35675.62,48053.68,22.9,24.6
1,2024-08-23,20.41,45491.42,47920.99,23.7,26.5
1,2024-08-24,21.90,44061.97,47787.15,22.9,24.1
1,2024-08-25,16.03,35256.45,47652.25,23.0,24.8
1,2024-08-26,15.84,33866.17,47516.41,22.4,24.0
1,2024-08-27,16.41,30197.43,47379.71,22.2,23.8
1,2024-08-28,11.09,8573.27,47242.26,22.5,24.3
1,2024-08-29,9.46,1506.29,47104.15,21.8,23.6
1,2024-08-30,15.34,34010.39,46965.50,23.1,24.6
1,2024-08-31,12.50,25199.50,46826.38,23.2,25.2
1,2024-09-01,17.20,41779.19,46686.89,23.3,24.8
1,2024-09-02,12.50,16204.41,46547.12,19.4,24.2
1,2024-09-03,12.75,22607.94,46407.16,19.7,22.0
1,2024-09-04,20.36,45711.24,46267.11,18.1,19.9
1,2024-09-05,21.99,43664.97,46127.05,18.7,21.5
1,2024-09-06,17.54,39386.04,45987.06,19.0,21.1
1,2024-09-07,18.07,43823.61,45847.23,20.4,22.9
1,2024-09-08,14.75,41094.90,45707.65,21.7,23.6
1,2024-09-09,14.72,38994.81,45568.24,21.4,22.5
1,2024-09-10,20.71,43916.06,45428.05,22.2,26.7
1,2024-09-11,19.47,42978.46,45287.00,22.6,24.2
1,2024-09-12,16.60,34120.67,45145.19,22.7,23.5
1,2024-09-13,15.98,36432.94,45002.71,22.2,23.7
1,2024-09-14,17.07,38549.35,44859.65,22.1,23.3
1,2024-09-15,9.37,10727.31,44716.10,22.7,24.1
1,2024-09-16,13.78,31061.44,44572.16,19.5,22.8
1,2024-09-17,17.75,41561.61,44427.90,20.3,22.1
1,2024-09-18,11.37,19013.43,44283.42,21.8,23.1
1,2024-09-19,11.07,11895.88,44138.80,20.6,21.8
1,2024-09-20,5.55,5644.19,43994.12,21.8,23.2
1,2024-09-21,2.39,0.00,43849.48,18.4,21.2
1,2024-09-22,4.72,4584.32,43704.97,18.1,19.4
1,2024-09-23,8.65,23097.84,43560.66,14.9,17.5
1,2024-09-24,19.50,35927.83,43416.65,11.0,14.1
1,2024-09-25,13.60,35752.01,43273.02,16.7,18.5
1,2024-09-26,16.68,39600.00,43129.85,19.2,21.4
1,2024-09-27,13.02,32111.27,42987.24,19.7,22.1
1,2024-09-28,11.24,18166.42,42845.27,17.9,19.6
1,2024-09-29,12.82,28590.50,42703.85,15.8,17.6
1,2024-09-30,16.41,39600.00,42561.98,15.3,17.0
1,2024-10-01,16.57,39600.00,42419.57,17.1,19.5
1,2024-10-02,17.27,32400.00,42276.73,16.3,18.3
1,2024-10-03,10.70,17923.70,42133.55,16.9,20.7
1,2024-10-04,8.23,10172.90,41990.13,19.1,21.8
1,2024-10-05,8.25,20332.23,41846.56,16.1,17.9
1,2024-10-06,11.51,33380.43,41702.94,17.4,17.9
1,2024-10-07,10.83,20762.65,41559.37,17.1,20.1
1,2024-10-08,2.96,0.00,41415.95,13.6,14.7
1,2024-10-09,4.03,6371.24,41272.77,12.9,15.2
1,2024-10-10,12.33,38008.77,41129.95,11.1,14.7
1,2024-10-11,14.12,39200.72,40987.57,12.2,14.4
1,2024-10-12,15.87,39600.00,40845.74,12.7,17.1
1,2024-10-13,16.24,39600.00,40704.58,11.4,14.2
1,2024-10-14,15.62,37345.51,40564.18,13.4,14.8
1,2024-10-15,15.30,36000.00,40424.64,14.0,16.0
1,2024-10-16,7.23,16082.03,40286.08,15.4,17.9
1,2024-10-17,12.90,36660.36,40148.61,14.6,16.5
1,2024-10-18,11.02,31021.64,40012.35,17.9,19.8
1,2024-10-19,10.03,25018.33,39877.19,13.7,20.2
1,2024-10-20,11.16,38089.82,39742.04,3.3,6.3
1,2024-10-21,15.49,37544.10,39606.81,8.2,10.9
1,2024-10-22,9.90,24684.97,39471.61,14.0,15.6
1,2024-10-23,4.74,4112.23,39336.55,16.4,19.0
1,2024-10-24,11.47,29891.89,39201.76,12.8,13.9
1,2024-10-25,14.93,33634.17,39067.35,10.9,13.9
1,2024-10-26,9.85,22691.72,38933.45,11.4,14.6
1,2024-10-27,11.79,28273.18,38800.18,13.2,15.0
1,2024-10-28,5.51,17484.93,38667.67,10.1,14.9
1,2024-10-29,13.01,25200.00,38536.04,8.5,12.2
1,2024-10-30,5.90,17925.70,38405.43,8.9,13.2
1,2024-10-31,13.55,35410.86,38275.96,7.0,12.2
1,2024-11-01,9.19,19029.57,38147.78,10.5,13.0
1,2024-11-02,2.56,4653.80,38021.02,12.5,15.0
1,2024-11-03,12.98,36955.53,37895.82,4.8,9.9
1,2024-11-04,13.43,30259.67,37772.32,9.0,12.1
1,2024-11-05,9.10,28800.00,37650.68,7.3,11.2
1,2024-11-06,6.30,16194.89,37531.03,5.9,7.9
1,2024-11-07,8.20,31860.47,37413.54,1.0,2.3
1,2024-11-08,6.52,18557.66,37298.13,1.6,3.9
1,2024-11-09,12.73,35527.93,37183.68,3.7,6.1
1,2024-11-10,12.43,30256.70,37070.08,9.6,12.6
1,2024-11-11,11.25,32826.05,36957.47,8.3,12.1
1,2024-11-12,10.55,31891.40,36845.99,9.1,11.4
1,2024-11-13,12.09,34666.25,36735.75,2.2,7.7
1,2024-11-14,11.98,28800.00,36626.90,7.2,9.7
1,2024-11-15,9.27,32067.54,36519.57,8.3,11.2
1,2024-11-16,9.25,30742.34,36413.90,8.8,11.3
1,2024-11-17,9.44,25200.00,36310.04,10.0,14.5
1,2024-11-18,4.38,7920.80,36208.11,-0.4,3.1
1,2024-11-19,5.08,11847.98,36108.28,-1.7,-0.5
1,2024-11-20,8.76,28800.00,36010.68,1.2,2.9
1,2024-11-21,10.99,29289.81,35915.47,5.1,6.7
1,2024-11-22,2.00,3441.55,35822.81,5.0,8.0
1,2024-11-23,6.52,25144.43,35732.83,3.3,5.1
1,2024-11-24,9.35,32400.00,35645.70,0.1,3.6
1,2024-11-25,8.33,32400.00,35561.58,-1.3,1.5
1,2024-11-26,9.50,25265.24,35480.61,6.3,10.2
1,2024-11-27,5.05,11643.09,35402.97,7.0,9.3
1,2024-11-28,7.70,27448.69,35328.65,1.5,3.6
1,2024-11-29,5.62,22027.37,35256.78,1.8,3.6
1,2024-11-30,2.65,1154.17,35187.28,2.9,3.9
1,2024-12-01,2.57,3600.00,35120.25,3.9,6.2
1,2024-12-02,10.34,32400.00,35055.77,1.6,4.0
1,2024-12-03,6.87,22783.17,34993.93,3.9,6.0
1,2024-12-04,3.73,1634.72,34934.82,3.5,5.8
1,2024-12-05,6.18,28743.56,34878.54,2.6,4.3
1,2024-12-06,3.00,5803.76,34825.17,1.8,4.2
1,2024-12-07,5.12,11639.76,34774.79,-1.1,0.5
1,2024-12-08,4.13,6760.94,34727.51,-1.0,0.9
1,2024-12-09,6.45,28135.86,34683.40,-0.9,0.4
1,2024-12-10,7.47,28800.00,34642.57,1.0,2.3
1,2024-12-11,3.32,4691.34,34605.09,-1.5,2.9
1,2024-12-12,6.81,25545.32,34571.05,-3.7,-2.5
1,2024-12-13,3.98,5656.50,34540.54,-1.3,0.2
1,2024-12-14,6.83,31489.54,34513.65,-3.4,-0.1
1,2024-12-15,3.84,6936.71,34490.45,-0.1,2.0
1,2024-12-16,3.30,1105.27,34471.03,0.1,1.5
1,2024-12-17,4.62,12707.55,34455.47,-1.0,2.2
1,2024-12-18,7.33,23260.32,34443.81,-7.9,-0.0
1,2024-12-19,9.12,30043.66,34435.88,-4.1,-1.4
1,2024-12-20,8.47,31248.52,34431.63,-6.2,-0.9
1,2024-12-21,7.91,24567.03,34431.01,-0.1,1.7
1,2024-12-22,7.05,24084.48,34434.01,-4.6,-0.5
1,2024-12-23,5.40,7748.13,34440.58,-2.6,-1.4
1,2024-12-24,7.12,23377.29,34450.70,-2.8,-2.2
1,2024-12-25,4.29,9491.75,34464.34,-3.7,0.1
1,2024-12-26,1.68,0.00,34481.44,0.4,3.4
1,2024-12-27,2.98,0.00,34501.97,-2.9,-1.3
1,2024-12-28,6.79,4252.67,34525.90,-4.5,-1.5
1,2024-12-29,4.46,9633.55,34553.18,-4.1,-1.1
1,2024-12-30,9.63,21600.00,34583.77,-2.0,-0.6
1,2024-12-31,4.80,18678.77,34617.62,-0.9,2.7
1,2025-01-01,9.32,25363.42,34654.69,-1.5,0.7
1,2025-01-02,3.25,2674.88,34694.94,-0.2,1.8
1,2025-01-03,8.91,28703.74,34738.31,-6.1,-3.3
1,2025-01-04,8.62,23175.90,34784.76,-4.6,-3.2
1,2025-01-05,6.45,11846.62,34834.24,-4.7,-2.5
1,2025-01-06,5.73,17294.00,34886.70,-1.7,1.3
1,2025-01-07,5.98,27261.44,34942.21,0.2,2.7
1,2025-01-08,6.38,1676.81,35001.40,-3.8,-1.6
1,2025-01-09,8.25,27945.21,35064.24,-5.6,-1.8
1,2025-01-10,8.98,28396.40,35130.60,-5.1,-2.5
1,2025-01-11,8.04,20606.59,35200.33,-5.2,-2.0
1,2025-01-12,8.69,20568.18,35273.29,-5.4,-2.6
1,2025-01-13,7.40,17924.76,35349.35,-3.2,-0.4
1,2025-01-14,3.50,999.33,35428.36,0.0,0.6
1,2025-01-15,4.74,1377.00,35510.19,-3.8,0.1
1,2025-01-16,8.58,22803.14,35594.69,-6.3,-2.4
1,2025-01-17,10.54,29853.00,35681.74,-5.4,-3.8
1,2025-01-18,8.37,27700.51,35771.18,-6.1,-1.9
1,2025-01-19,11.99,31504.41,35862.90,-4.8,-1.0
1,2025-01-20,10.88,31786.07,35956.76,-1.9,-0.3
1,2025-01-21,10.58,33467.42,36052.63,-1.9,0.9
1,2025-01-22,9.66,34496.81,36150.38,-2.8,-0.4
1,2025-01-23,8.31,18000.00,36249.88,-1.0,0.0
1,2025-01-24,7.41,17218.51,36351.01,-2.2,0.0
1,2025-01-25,9.65,31177.72,36453.65,-4.8,-1.1
1,2025-01-26,9.00,30565.73,36557.67,-6.2,-1.1
1,2025-01-27,11.03,33642.81,36663.17,-6.5,-1.4
1,2025-01-28,5.13,7877.85,36771.24,-2.1,0.5
1,2025-01-29,6.86,11624.15,36881.90,-3.2,-1.2
1,2025-01-30,7.25,6492.42,36995.01,-3.9,-2.0
1,2025-01-31,9.38,21161.97,37110.40,-4.4,-2.8
1,2025-02-01,9.88,26623.27,37227.90,-6.3,-2.0
1,2025-02-02,13.43,33943.88,37347.38,-7.7,-3.4
1,2025-02-03,8.91,18119.78,37468.67,-1.4,0.5
1,2025-02-04,10.58,26314.73,37591.62,-4.8,-2.0
1,2025-02-05,8.56,4249.99,37716.08,-6.6,-4.9
1,2025-02-06,8.67,4620.20,37841.92,-5.6,-3.5
1,2025-02-07,9.10,8327.21,37968.97,-7.3,-3.5
1,2025-02-08,10.43,29679.26,38097.11,-4.8,-2.6
1,2025-02-09,12.95,32400.00,38226.21,-5.4,-4.1
1,2025-02-10,8.70,6968.27,38356.13,-4.1,-3.1
1,2025-02-11,13.46,31942.70,38486.72,-5.9,-4.5
1,2025-02-12,9.75,12276.90,38617.87,-2.4,2.3
1,2025-02-13,13.29,28800.00,38749.45,-4.4,-1.4
1,2025-02-14,10.51,23281.13,38881.33,-4.6,-0.2
1,2025-02-15,16.30,32400.00,39013.38,-4.5,-1.5
1,2025-02-16,11.39,30666.65,39145.71,0.6,1.6
1,2025-02-17,8.30,14227.30,39279.48,-4.5,0.5
1,2025-02-18,12.88,22669.67,39414.79,-7.2,-5.1
1,2025-02-19,14.77,35903.64,39551.49,-8.8,-6.3
1,2025-02-20,16.14,36510.16,39689.47,-7.8,-5.6
1,2025-02-21,16.06,32467.48,39828.58,-7.9,-5.1
1,2025-02-22,13.26,30498.76,39968.72,-7.6,-5.6
1,2025-02-23,13.98,32784.12,40109.75,-7.9,-4.7
1,2025-02-24,15.07,28196.37,40251.56,-5.3,-3.7
1,2025-02-25,13.23,23505.84,40394.04,-6.1,-2.3
1,2025-02-26,7.43,6515.88,40537.05,-1.1,0.8
1,2025-02-27,16.41,37100.10,40680.49,-2.8,-0.7
1,2025-02-28,15.15,28966.48,40824.25,-2.8,2.5
1,2025-03-01,17.81,32818.06,40968.21,-3.2,2.9
1,2025-03-02,9.79,17378.06,41112.27,1.5,3.0
1,2025-03-03,7.89,5982.12,41256.31,-5.2,-0.4
1,2025-03-04,14.30,18794.46,41400.22,-3.0,0.8
1,2025-03-05,6.02,0.00,41543.91,1.4,1.9
1,2025-03-06,14.53,33195.04,41687.25,-0.9,1.0
1,2025-03-07,15.71,34918.56,41830.15,-5.4,-2.9
1,2025-03-08,16.86,31997.44,41972.70,-3.4,-0.9
1,2025-03-09,16.14,38881.76,42115.98,-2.6,-0.2
1,2025-03-10,20.63,38301.50,42260.09,-3.3,-0.5
1,2025-03-11,15.31,28770.02,42404.93,-0.3,2.3
1,2025-03-12,15.79,29085.71,42550.40,3.6,6.6
1,2025-03-13,14.17,41275.31,42696.41,-0.1,6.5
1,2025-03-14,19.19,36584.34,42842.87,-3.8,-2.2
1,2025-03-15,10.03,10618.08,42989.67,-2.4,1.7
1,2025-03-16,3.09,0.00,43136.72,3.2,5.4
1,2025-03-17,9.24,20086.48,43283.92,-0.8,2.1
1,2025-03-18,19.36,35152.35,43431.19,-4.2,0.1
1,2025-03-19,8.18,4499.73,43578.42,-1.4,1.5
1,2025-03-20,13.30,40518.49,43725.53,-4.3,-1.8
1,2025-03-21,18.59,42518.13,43872.42,-0.4,1.3
1,2025-03-22,20.49,42284.83,44018.99,3.1,7.1
1,2025-03-23,18.98,42627.92,44165.14,0.7,6.4
1,2025-03-24,15.99,33901.54,44310.80,4.0,7.9
1,2025-03-25,18.89,35537.24,44455.84,4.8,7.8
1,2025-03-26,15.23,37851.68,44600.19,1.2,5.7
1,2025-03-27,20.07,34259.35,44743.73,7.1,10.4
1,2025-03-28,11.17,12537.91,44886.56,4.7,11.8
1,2025-03-29,5.64,3600.00,45029.67,-4.8,1.7
1,2025-03-30,12.94,19298.40,45173.18,-2.6,2.1
1,2025-03-31,19.15,35863.22,45316.98,-3.3,1.6
1,2025-04-01,5.31,0.00,45460.97,3.7,7.4
1,2025-04-02,7.55,4897.41,45605.09,4.5,8.5
1,2025-04-03,4.88,6972.83,45749.24,4.7,6.0
1,2025-04-04,13.97,39038.21,45893.31,0.8,2.6
1,2025-04-05,23.00,43255.13,46037.23,1.7,5.4
1,2025-04-06,15.59,28801.06,46180.90,6.1,9.2
1,2025-04-07,18.39,43200.00,46324.22,3.5,4.4
1,2025-04-08,17.51,21833.50,46467.11,3.2,6.3
1,2025-04-09,17.68,39296.12,46609.45,1.1,4.9
1,2025-04-10,15.62,29209.71,46751.16,5.8,8.0
1,2025-04-11,15.76,35242.45,46892.13,7.1,8.9
1,2025-04-12,14.35,27519.77,47032.26,6.3,7.1
1,2025-04-13,4.72,0.00,47171.46,7.8,9.0
1,2025-04-14,12.17,22399.39,47309.60,4.2,7.0
1,2025-04-15,12.58,25950.80,47446.60,4.3,9.1
1,2025-04-16,14.48,36652.06,47582.33,2.5,5.5
1,2025-04-17,23.68,41718.70,47716.85,5.1,7.7
1,2025-04-18,20.20,36000.00,47851.16,10.1,12.7
1,2025-04-19,18.22,35450.35,47985.33,11.6,13.4
1,2025-04-20,11.43,12923.32,48119.26,10.2,13.8
1,2025-04-21,25.50,46754.15,48252.86,2.9,4.5
1,2025-04-22,22.85,31101.34,48386.02,9.5,12.5
1,2025-04-23,6.16,2174.87,48518.66,13.1,14.1
1,2025-04-24,20.46,29149.38,48650.65,9.6,12.0
1,2025-04-25,18.13,37428.42,48781.92,5.3,10.7
1,2025-04-26,26.43,46800.00,48912.32,-0.7,2.4
1,2025-04-27,25.48,39757.97,49041.78,2.4,5.8
1,2025-04-28,12.78,15678.81,49170.16,7.7,10.4
1,2025-04-29,15.14,27971.53,49297.37,5.3,6.4
1,2025-04-30,14.05,26217.24,49423.28,3.0,6.9
1,2025-05-01,25.03,37600.43,49547.77,9.9,11.4
1,2025-05-02,7.64,10093.94,49670.73,10.3,13.0
1,2025-05-03,19.43,27420.24,49792.03,6.9,9.9
1,2025-05-04,16.69,35296.75,49911.54,5.9,10.0
1,2025-05-05,18.84,32111.72,50029.15,5.3,10.8
1,2025-05-06,6.73,2967.87,50144.71,9.6,12.0
1,2025-05-07,17.36,38370.47,50258.27,4.0,10.0
1,2025-05-08,26.90,40432.75,50370.71,4.9,9.3
1,2025-05-09,18.79,32258.47,50482.12,11.6,14.5
1,2025-05-10,11.30,7780.37,50592.38,13.4,17.8
1,2025-05-11,9.38,3569.62,50701.40,9.2,10.2
1,2025-05-12,12.32,22952.33,50809.06,9.8,11.1
1,2025-05-13,25.35,42517.78,50915.28,7.1,11.5
1,2025-05-14,21.47,46020.15,51019.94,10.3,13.9
1,2025-05-15,21.53,42328.01,51122.92,12.5,14.2
1,2025-05-16,20.97,35592.27,51224.13,13.8,14.9
1,2025-05-17,7.17,14486.35,51323.44,16.1,18.3
1,2025-05-18,11.35,11098.91,51420.74,13.8,17.8
1,2025-05-19,23.17,46819.44,51515.92,10.9,14.3
1,2025-05-20,12.25,21064.94,51608.87,15.3,17.5
1,2025-05-21,26.29,40693.37,51699.44,17.8,19.9
1,2025-05-22,16.44,33725.36,51787.55,12.5,18.5
1,2025-05-23,23.37,38571.65,51873.04,8.9,12.7
1,2025-05-24,12.05,4774.83,51955.81,12.0,15.6
1,2025-05-25,10.56,10091.92,52035.74,11.7,15.7
1,2025-05-26,16.13,21768.31,52112.69,8.3,11.1
1,2025-05-27,18.66,30991.15,52186.65,11.0,13.3
1,2025-05-28,24.34,44594.56,52258.27,13.2,16.5
1,2025-05-29,23.79,32400.00,52327.58,11.9,15.0
1,2025-05-30,9.49,2539.42,52394.52,11.1,13.3
1,2025-05-31,8.11,1333.06,52459.02,12.2,13.8
1,2025-06-01,13.19,21303.52,52521.01,11.6,13.5
1,2025-06-02,21.37,32046.46,52580.43,13.2,15.9
1,2025-06-03,6.10,296.12,52637.20,15.6,17.0
1,2025-06-04,24.44,46045.44,52691.24,12.1,16.2
1,2025-06-05,26.26,50012.21,52742.51,9.0,11.7
1,2025-06-06,21.64,29690.85,52790.93,14.2,18.0
1,2025-06-07,26.20,37831.12,52836.42,12.3,16.4
1,2025-06-08,22.30,41934.71,52878.93,13.1,16.9
1,2025-06-09,24.17,34458.67,52918.38,15.4,16.6
1,2025-06-10,14.61,11510.51,52954.71,17.5,19.5
1,2025-06-11,8.28,9565.93,52987.85,16.8,19.6
1,2025-06-12,20.76,42324.50,53017.74,12.4,14.2
1,2025-06-13,25.99,39155.33,53044.33,14.7,16.0
1,2025-06-14,5.99,0.00,53067.54,17.8,19.2
1,2025-06-15,9.74,8154.02,53087.31,19.6,21.5
1,2025-06-16,20.72,38150.76,53103.62,19.9,21.8
1,2025-06-17,25.30,48576.10,53116.57,17.7,20.8
1,2025-06-18,25.61,42712.85,53126.21,19.3,21.6
1,2025-06-19,24.52,49579.15,53132.56,21.0,21.9
1,2025-06-20,27.50,47615.04,53135.64,19.9,21.6
1,2025-06-21,24.31,42688.00,53135.46,19.8,22.3
1,2025-06-22,22.09,35290.89,53132.05,20.0,21.4
1,2025-06-23,12.32,11560.38,53125.42,20.3,22.5
1,2025-06-24,12.10,24820.31,53115.60,20.5,22.5
1,2025-06-25,15.25,28212.29,53102.63,22.2,23.4
1,2025-06-26,14.00,18366.18,53086.52,18.7,23.4
1,2025-06-27,21.30,49623.78,53067.30,18.6,20.3
1,2025-06-28,22.96,50400.00,53045.01,19.0,20.8
1,2025-06-29,25.65,45809.03,53019.66,19.3,21.0
1,2025-06-30,24.61,50400.00,52991.30,18.7,22.2
1,2025-07-01,14.22,25640.10,52959.96,20.3,22.0
1,2025-07-02,22.53,48143.70,52925.67,20.9,22.9
1,2025-07-03,23.00,49099.67,52888.47,21.0,22.6
1,2025-07-04,21.16,33042.33,52848.39,21.6,24.0
1,2025-07-05,22.19,37312.69,52805.47,21.0,22.2
1,2025-07-06,23.08,50008.16,52759.65,21.1,22.2
1,2025-07-07,22.86,45651.10,52710.52,22.5,23.5
1,2025-07-08,23.26,49206.96,52658.07,23.2,25.1
1,2025-07-09,23.46,44815.52,52602.41,22.8,24.0
1,2025-07-10,20.46,36486.67,52543.65,19.8,23.2
1,2025-07-11,17.42,35027.30,52481.90,16.1,16.9
1,2025-07-12,24.34,50282.01,52417.25,17.0,18.2
1,2025-07-13,25.00,44020.05,52349.80,19.8,21.0
1,2025-07-14,17.30,37061.27,52279.67,21.7,22.7
1,2025-07-15,9.76,9875.76,52206.96,22.8,24.1
1,2025-07-16,21.59,36502.00,52131.76,22.0,23.2
1,2025-07-17,18.78,36335.88,52054.19,20.6,23.5
1,2025-07-18,24.10,37786.95,51974.33,21.2,22.8
1,2025-07-19,24.08,42508.71,51892.29,21.4,22.9
1,2025-07-20,26.32,50028.47,51808.18,19.7,21.7
1,2025-07-21,24.69,45732.60,51722.09,20.7,22.4
1,2025-07-22,25.81,49641.87,51634.12,21.4,23.4
1,2025-07-23,26.26,49906.65,51544.35,20.2,21.7
1,2025-07-24,26.49,48725.99,51452.89,20.4,21.8
1,2025-07-25,26.59,49056.09,51359.83,19.0,20.7
1,2025-07-26,26.12,43482.38,51265.12,19.8,21.6
1,2025-07-27,21.13,46110.39,51167.95,20.8,21.9
1,2025-07-28,26.32,49420.18,51068.30,20.1,21.4
1,2025-07-29,25.77,48815.80,50966.31,20.5,22.0
1,2025-07-30,26.97,49457.83,50862.11,18.7,20.0
1,2025-07-31,26.46,48857.44,50755.82,18.6,19.9
1,2025-08-01,22.27,45297.69,50647.56,22.5,23.9
1,2025-08-02,21.35,47975.16,50537.47,22.9,23.9
1,2025-08-03,22.63,44102.30,50425.65,23.1,24.2
1,2025-08-04,23.85,47718.58,50312.24,22.4,24.7
1,2025-08-05,12.52,18528.48,50197.35,23.2,23.8
1,2025-08-06,9.98,5716.63,50081.09,22.6,24.0
1,2025-08-07,11.44,23979.75,49963.57,20.7,22.5
1,2025-08-08,21.21,46815.84,49844.92,18.3,20.9
1,2025-08-09,21.46,36146.33,49725.22,19.2,21.2
1,2025-08-10,6.98,4586.84,49604.60,21.3,22.8
1,2025-08-11,15.38,26863.42,49483.15,22.5,23.3
1,2025-08-12,5.37,3682.59,49360.98,21.7,23.5
1,2025-08-13,23.56,47076.58,49238.18,19.8,21.6
1,2025-08-14,20.49,46527.60,49114.86,21.7,23.7
1,2025-08-15,12.56,27476.81,48990.95,22.2,24.0
1,2025-08-16,24.17,46674.80,48865.51,20.6,22.9
1,2025-08-17,22.06,38753.93,48738.51,21.8,22.6
1,2025-08-18,20.55,46453.25,48610.05,21.4,23.0
1,2025-08-19,22.73,46523.77,48480.26,21.1,23.1
1,2025-08-20,21.59,42770.88,48349.23,22.1,24.1
1,2025-08-21,21.69,44854.51,48217.08,20.4,22.2
1,2025-08-22,23.37,43184.57,48083.91,20.4,21.9
1,2025-08-23,23.40,46322.15,47949.84,21.6,23.2
1,2025-08-24,22.31,46271.78,47814.96,22.4,23.9
1,2025-08-25,19.82,46221.44,47679.38,22.0,23.1
1,2025-08-26,20.11,41480.60,47543.19,22.3,23.8
1,2025-08-27,12.42,16953.77,47406.49,21.4,23.4
1,2025-08-28,22.62,45585.66,47269.38,18.0,20.2
1,2025-08-29,13.96,34135.89,47131.95,19.9,21.9
1,2025-08-30,18.89,45919.53,46994.29,21.5,22.9
1,2025-08-31,22.07,45920.49,46856.50,21.9,23.4
1,2025-09-01,22.02,45870.56,46718.67,20.8,23.2
1,2025-09-02,20.65,36000.00,46580.87,20.7,21.5
1,2025-09-03,18.06,39884.08,46443.21,20.1,21.7
1,2025-09-04,17.49,35107.01,46305.60,21.2,22.9
1,2025-09-05,6.88,17977.45,46167.09,21.0,22.9
1,2025-09-06,21.36,45371.19,46027.63,16.7,20.6
1,2025-09-07,18.69,25895.76,45887.29,20.7,22.2
1,2025-09-08,10.04,17711.52,45746.18,21.5,23.0
1,2025-09-09,19.70,36136.85,45604.39,21.3,23.0
1,2025-09-10,17.22,29991.21,45462.01,21.4,22.7
1,2025-09-11,13.93,26426.34,45319.13,20.4,21.7
1,2025-09-12,12.23,18583.68,45175.84,19.8,21.5
1,2025-09-13,8.11,5193.44,45032.23,20.9,22.2
1,2025-09-14,14.04,27143.64,44888.40,19.2,22.0
1,2025-09-15,18.38,41051.96,44744.42,20.3,22.6
1,2025-09-16,19.19,42648.18,44600.37,19.9,22.5
1,2025-09-17,14.91,30340.09,44456.36,21.3,23.3
1,2025-09-18,5.09,7445.54,44312.46,18.1,21.9
1,2025-09-19,18.83,32553.13,44168.76,14.5,16.6
1,2025-09-20,11.37,22859.05,44025.34,18.2,20.0
1,2025-09-21,17.37,40900.42,43882.29,13.8,18.5
1,2025-09-22,17.54,32517.30,43739.69,12.5,13.9
1,2025-09-23,14.66,36628.41,43597.63,12.1,13.6
1,2025-09-24,20.20,40137.18,43456.02,12.8,13.7
1,2025-09-25,9.17,10696.59,43313.88,18.3,19.9
1,2025-09-26,15.48,39939.10,43171.13,15.0,19.9
1,2025-09-27,18.21,39695.38,43027.87,12.0,16.0
1,2025-09-28,17.01,31384.56,42884.17,17.1,18.6
1,2025-09-29,10.26,32763.97,42740.15,16.6,19.2
1,2025-09-30,16.60,33319.99,42595.89,14.0,16.3
1,2025-10-01,9.69,22722.49,42451.48,15.9,17.3
1,2025-10-02,17.48,39600.00,42307.02,13.3,16.1
1,2025-10-03,15.99,33439.08,42162.60,12.9,16.1
1,2025-10-04,14.07,27775.73,42018.31,16.1,17.6
1,2025-10-05,11.07,24088.98,41874.26,19.1,20.8
1,2025-10-06,14.18,32099.89,41730.53,14.2,18.3
1,2025-10-07,8.72,19530.65,41587.22,13.2,15.2
1,2025-10-08,11.53,29281.66,41444.43,15.5,17.3
1,2025-10-09,13.81,38834.19,41302.25,11.2,13.3
1,2025-10-10,7.95,10800.00,41160.79,11.4,13.8
1,2025-10-11,2.55,0.00,41020.14,13.1,14.4
1,2025-10-12,10.18,32359.10,40880.41,17.7,18.7
1,2025-10-13,6.86,15219.73,40741.70,13.6,17.9
1,2025-10-14,4.70,7200.00,40603.92,12.0,14.0
1,2025-10-15,16.27,36660.12,40465.99,9.5,13.3
1,2025-10-16,2.88,7200.00,40327.83,14.5,15.5
1,2025-10-17,13.80,39390.37,40189.54,12.4,14.8
1,2025-10-18,9.85,19367.37,40051.23,14.8,16.5
1,2025-10-19,4.91,1952.57,39913.02,10.0,11.3
1,2025-10-20,8.07,15141.76,39775.02,8.3,10.7
1,2025-10-21,11.88,27384.39,39637.33,5.4,8.1
1,2025-10-22,5.73,10777.47,39500.10,5.8,7.0
1,2025-10-23,14.32,38830.20,39363.42,4.8,6.9
1,2025-10-24,14.78,38692.85,39227.42,6.0,7.9
1,2025-10-25,6.99,7281.95,39092.21,9.9,12.2
1,2025-10-26,3.55,2456.05,38957.93,13.4,14.7
1,2025-10-27,9.71,29009.38,38824.71,9.3,11.2
1,2025-10-28,8.40,33446.40,38692.67,5.5,6.4
1,2025-10-29,9.85,35932.58,38561.93,1.5,5.1
1,2025-10-30,14.57,31200.89,38432.65,4.7,8.2
1,2025-10-31,6.48,2443.54,38304.93,10.3,11.6
1,2025-11-01,8.21,28902.22,38178.95,10.0,11.3
1,2025-11-02,10.97,28547.35,38054.83,8.3,10.4
1,2025-11-03,8.06,31275.80,37932.49,4.6,6.3
1,2025-11-04,13.49,35904.85,37810.79,2.6,5.2
1,2025-11-05,12.27,30975.60,37689.65,4.3,8.5
1,2025-11-06,12.59,33292.78,37569.18,6.8,9.4
1,2025-11-07,11.15,34558.32,37449.52,3.8,7.7
1,2025-11-08,9.62,28815.97,37330.79,2.4,7.1
1,2025-11-09,4.41,439.54,37213.13,8.6,10.2
1,2025-11-10,3.12,4268.24,37096.69,4.6,9.2
1,2025-11-11,9.53,32779.36,36981.59,2.5,4.5
1,2025-11-12,10.46,29246.57,36867.98,0.2,2.3
1,2025-11-13,7.36,18314.14,36755.99,7.3,9.2
1,2025-11-14,11.50,33898.72,36645.79,2.2,5.9
1,2025-11-15,9.00,33822.29,36537.51,0.4,3.9
1,2025-11-16,12.05,33652.67,36431.30,0.9,2.7
1,2025-11-17,10.93,27499.11,36327.33,5.3,10.6
1,2025-11-18,3.17,3600.00,36225.74,1.1,3.2
1,2025-11-19,5.95,18000.00,36126.70,1.8,3.5
1,2025-11-20,10.78,28800.00,36030.36,-0.2,3.8
1,2025-11-21,2.63,2796.86,35936.88,5.4,8.1
1,2025-11-22,6.49,22010.18,35846.45,-1.6,3.2
1,2025-11-23,10.04,29625.97,35759.02,-0.5,2.5
1,2025-11-24,6.60,25775.02,35673.61,3.8,5.3
1,2025-11-25,5.79,7835.87,35590.16,4.8,8.2
1,2025-11-26,7.54,28840.12,35508.76,4.9,7.6
1,2025-11-27,9.42,28800.00,35429.53,4.9,6.8
1,2025-11-28,5.28,22674.98,35352.57,2.2,7.2
1,2025-11-29,10.65,32455.71,35278.00,-3.4,-1.3
1,2025-11-30,10.70,32400.00,35205.92,-0.4,2.1
1,2025-12-01,9.26,32400.00,35136.45,4.1,8.0
1,2025-12-02,6.99,27982.53,35069.69,6.0,6.8
1,2025-12-03,3.27,3600.00,35005.77,0.9,4.8
1,2025-12-04,8.85,23103.95,34944.78,-3.0,-1.3
1,2025-12-05,5.05,2107.41,34886.86,-1.4,0.2
1,2025-12-06,9.65,26263.75,34832.11,-4.6,0.0
1,2025-12-07,5.93,27068.30,34780.64,1.6,3.1
1,2025-12-08,5.63,18000.00,34732.57,1.1,4.0
1,2025-12-09,6.76,28042.99,34688.01,-1.9,1.0
1,2025-12-10,2.71,1758.77,34647.07,-0.6,3.0
1,2025-12-11,9.05,31584.89,34609.86,-1.2,3.9
1,2025-12-12,8.25,28652.00,34576.50,-6.1,-4.7
1,2025-12-13,5.88,25896.27,34547.01,-4.2,0.6
1,2025-12-14,1.36,0.00,34521.02,2.0,3.0
1,2025-12-15,5.25,23763.19,34498.45,-0.7,2.1
1,2025-12-16,5.25,20433.02,34479.32,1.9,4.1
1,2025-12-17,8.40,25200.00,34463.63,0.9,3.8
1,2025-12-18,5.26,22416.09,34451.38,-4.5,-2.3
1,2025-12-19,10.29,32488.97,34442.57,-5.9,-4.7
1,2025-12-20,9.67,32475.54,34437.21,1.2,4.1
1,2025-12-21,7.68,21600.00,34435.30,3.9,7.4
1,2025-12-22,5.36,22219.34,34436.83,-4.3,-2.3
1,2025-12-23,10.26,28829.23,34441.79,-3.5,1.1
1,2025-12-24,1.43,1775.69,34450.19,3.3,4.7
1,2025-12-25,3.02,8476.26,34462.02,3.5,6.2
1,2025-12-26,5.50,16140.33,34477.26,-5.4,0.1
1,2025-12-27,5.46,5394.13,34495.91,-3.8,-2.1
1,2025-12-28,7.60,30752.72,34517.95,-4.2,-0.9
1,2025-12-29,9.81,29051.13,34543.38,-2.3,0.5
1,2025-12-30,3.27,7365.90,34572.17,0.9,2.3
1,2025-12-31,3.25,0.00,34604.32,-1.8,0.7
1,2026-01-01,4.12,4912.28,34639.79,-3.6,-2.1
1,2026-01-02,9.77,21600.00,34678.67,-5.4,-3.7
1,2026-01-03,6.57,20628.59,34721.38,-2.1,-0.3
1,2026-01-04,3.39,8585.76,34767.90,0.1,1.0
1,2026-01-05,2.70,3583.62,34818.09,-1.9,1.4
1,2026-01-06,8.22,28514.40,34871.85,-4.8,-3.8
1,2026-01-07,7.72,30158.46,34929.04,-5.7,-0.6
1,2026-01-08,4.46,3596.13,34989.56,-4.8,0.3
1,2026-01-09,6.49,13710.25,35053.27,-4.2,-1.0
1,2026-01-10,10.72,30930.75,35120.06,-3.7,1.2
1,2026-01-11,4.52,13854.78,35189.81,-4.3,1.0
1,2026-01-12,6.84,10042.49,35262.40,-4.3,-1.7
1,2026-01-13,9.02,23500.53,35337.70,-1.9,1.1
1,2026-01-14,5.99,2265.95,35415.60,-3.5,-1.6
1,2026-01-15,9.57,27253.19,35495.98,-0.5,1.2
1,2026-01-16,8.77,29788.17,35578.72,-1.1,1.4
1,2026-01-17,8.81,19920.16,35663.71,-1.6,1.8
1,2026-01-18,10.32,35027.99,35750.83,-6.5,-3.0
1,2026-01-19,3.56,0.00,35839.97,-0.9,1.7
1,2026-01-20,6.31,11558.90,35931.01,-7.1,-4.0
1,2026-01-21,10.03,24648.29,36023.86,-8.0,-6.4
1,2026-01-22,10.86,31750.31,36118.58,-8.2,-6.7
1,2026-01-23,8.51,10150.37,36216.18,-4.7,-3.2
1,2026-01-24,7.96,988.57,36316.71,-5.9,-3.3
1,2026-01-25,10.34,22833.61,36419.99,-7.0,-6.1
1,2026-01-26,7.60,8263.83,36525.86,-4.6,-2.8
1,2026-01-27,6.28,7200.00,36634.14,-3.1,0.0
1,2026-01-28,10.11,27045.42,36744.70,-6.0,-4.1
1,2026-01-29,10.25,21910.81,36857.36,-6.5,-4.5
1,2026-01-30,11.05,33685.06,36971.99,-5.8,-4.8
1,2026-01-31,12.18,28800.00,37088.41,-4.5,-3.3
2,2021-01-01,4.31,4712.29,34584.16,-6.6,-4.9
2,2021-01-02,5.31,15879.82,34624.88,-6.3,-5.0
2,2021-01-03,8.62,29180.02,34668.76,-5.1,-2.6
2,2021-01-04,6.44,19286.12,34715.74,-2.4,-1.2
2,2021-01-05,5.31,21109.54,34765.76,-1.0,1.3
2,2021-01-06,6.87,27240.60,34818.78,-3.7,-1.8
2,2021-01-07,8.34,29503.35,34874.73,-8.0,-1.5
2,2021-01-08,7.82,27940.01,34933.68,-10.5,-8.6
2,2021-01-09,10.22,32504.26,34996.31,-8.4,-7.3
2,2021-01-10,9.44,33143.35,35062.59,-7.4,-5.6
2,2021-01-11,10.00,29511.79,35132.37,-5.4,-2.2
2,2021-01-12,2.68,3600.00,35205.52,-1.6,-0.3
2,2021-01-13,9.71,33046.32,35281.88,-2.0,-0.1
2,2021-01-14,6.63,19602.95,35361.32,-2.4,2.0
2,2021-01-15,10.71,32978.08,35443.68,0.7,3.8
2,2021-01-16,5.34,16064.33,35528.82,-2.1,4.7
2,2021-01-17,6.46,24146.79,35616.61,-6.5,-4.7
2,2021-01-18,9.73,33201.64,35706.90,-4.1,-1.3
2,2021-01-19,10.26,30648.77,35799.54,-10.1,-7.6
2,2021-01-20,7.53,29605.98,35894.42,-6.2,-4.9
2,2021-01-21,11.87,34953.57,35991.40,-3.6,3.0
2,2021-01-22,7.33,31088.35,36090.32,1.0,3.8
2,2021-01-23,8.12,20049.10,36191.08,-1.5,0.4
2,2021-01-24,2.31,3600.00,36293.52,0.4,4.2
2,2021-01-25,12.41,35221.31,36397.54,0.9,3.8
2,2021-01-26,6.97,14279.26,36503.00,3.9,6.1
2,2021-01-27,6.92,21226.26,36609.78,-0.1,8.7
2,2021-01-28,5.79,14417.67,36717.97,-0.6,3.0
2,2021-01-29,11.05,35486.46,36828.68,-7.9,-3.2
2,2021-01-30,11.35,32540.95,36941.95,-5.7,-2.6
2,2021-01-31,11.34,35620.21,37057.63,-7.0,-5.3
2,2021-02-01,10.22,23427.48,37175.56,0.8,3.3
2,2021-02-02,8.40,25374.74,37295.55,-4.3,3.5
2,2021-02-03,8.66,27001.99,37417.48,-5.8,-3.6
2,2021-02-04,9.46,33111.38,37541.18,-6.4,-2.6
2,2021-02-05,10.77,35958.88,37666.49,-3.3,-0.9
2,2021-02-06,11.94,36000.00,37793.27,1.0,3.0
2,2021-02-07,11.10,36000.00,37921.39,-2.6,3.5
2,2021-02-08,10.98,36000.00,38050.68,-9.3,-7.5
2,2021-02-09,13.87,33954.59,38181.02,-7.2,-4.0
2,2021-02-10,7.95,34391.49,38312.26,-1.2,0.2
2,2021-02-11,12.13,36136.32,38444.28,-3.1,-1.3
2,2021-02-12,14.31,36406.42,38576.94,-2.1,0.1
2,2021-02-13,15.13,36369.61,38710.10,1.6,4.3
2,2021-02-14,14.26,32400.00,38843.65,6.8,9.9
2,2021-02-15,1.77,3895.09,38977.45,4.7,11.7
2,2021-02-16,10.61,35297.40,39111.38,-3.5,-0.3
2,2021-02-17,9.74,26793.73,39245.54,-6.7,-5.0
2,2021-02-18,15.15,37087.15,39381.10,-6.7,-4.9
2,2021-02-19,12.84,37912.76,39518.15,-2.8,-0.8
2,2021-02-20,15.65,37304.79,39656.56,0.8,3.4
2,2021-02-21,10.81,34826.65,39796.21,4.6,8.3
2,2021-02-22,15.57,37517.96,39936.97,4.5,10.4
2,2021-02-23,15.79,36873.94,40078.71,-7.3,-2.9
2,2021-02-24,13.57,37428.08,40221.32,-7.3,-6.1
2,2021-02-25,16.02,33612.19,40364.68,-4.7,-1.5
2,2021-02-26,8.79,11678.69,40508.67,-6.0,-1.5
2,2021-02-27,13.72,38843.22,40653.17,-6.9,-3.5
2,2021-02-28,18.22,39025.74,40798.08,-1.0,2.8
2,2021-03-01,16.40,31105.23,40943.29,7.2,10.9
2,2021-03-02,3.95,4559.49,41088.67,2.7,14.5
2,2021-03-03,17.56,38060.97,41234.13,-3.3,0.1
2,2021-03-04,17.95,39242.93,41379.54,3.1,5.5
2,2021-03-05,12.21,26623.26,41524.82,7.0,8.1
2,2021-03-06,12.64,31380.91,41669.85,-1.3,7.0
2,2021-03-07,18.38,33868.31,41814.52,-2.0,0.8
2,2021-03-08,16.58,40344.15,41958.73,-0.8,0.7
2,2021-03-09,18.75,39600.00,42102.57,2.5,5.3
2,2021-03-10,16.50,39178.69,42247.13,-3.5,1.4
2,2021-03-11,19.47,37286.38,42392.51,0.5,3.7
2,2021-03-12,13.32,24928.75,42538.61,4.1,6.2
2,2021-03-13,2.37,0.00,42685.33,7.2,10.1
2,2021-03-14,8.87,11072.42,42832.57,1.3,2.9
2,2021-03-15,16.06,38331.03,42980.24,-0.6,2.2
2,2021-03-16,10.62,26909.97,43128.24,3.0,9.3
2,2021-03-17,15.09,41289.36,43276.47,-1.9,-0.1
2,2021-03-18,19.22,38500.32,43424.85,0.1,0.7
2,2021-03-19,19.21,42104.04,43573.27,1.6,3.3
2,2021-03-20,9.66,13773.11,43721.64,5.7,11.4
2,2021-03-21,5.29,7124.52,43869.86,8.2,14.6
2,2021-03-22,17.58,42309.15,44017.84,-1.3,0.0
2,2021-03-23,18.03,42379.04,44165.48,2.0,5.3
2,2021-03-24,20.98,37383.26,44312.69,6.8,8.8
2,2021-03-25,11.72,19458.65,44459.37,7.1,11.2
2,2021-03-26,19.47,42544.69,44605.41,2.5,4.3
2,2021-03-27,21.68,41904.78,44750.73,4.7,9.5
2,2021-03-28,10.74,14713.27,44895.22,12.0,14.2
2,2021-03-29,20.06,39029.94,45038.97,10.0,15.6
2,2021-03-30,17.61,39600.00,45182.98,7.3,9.0
2,2021-03-31,21.22,43261.34,45327.37,4.3,8.9
2,2021-04-01,22.41,43272.20,45472.03,6.2,8.0
2,2021-04-02,20.62,40331.68,45616.87,7.5,9.0
2,2021-04-03,20.04,42983.09,45761.82,9.9,12.1
2,2021-04-04,10.35,13348.50,45906.76,12.8,15.3
2,2021-04-05,4.91,7138.89,46051.63,3.9,9.7
2,2021-04-06,16.25,37929.65,46196.30,2.5,3.8
2,2021-04-07,21.84,45386.24,46340.70,2.1,7.3
2,2021-04-08,18.61,37674.02,46484.73,1.9,6.2
2,2021-04-09,21.30,45598.60,46628.30,-3.3,-0.4
2,2021-04-10,20.62,45852.83,46771.29,0.0,1.9
2,2021-04-11,24.17,46108.26,46913.62,3.9,6.5
2,2021-04-12,22.07,39869.92,47055.17,6.4,8.3
2,2021-04-13,10.47,13891.37,47195.85,11.2,13.2
2,2021-04-14,8.22,13370.61,47335.56,4.0,13.3
2,2021-04-15,24.54,44484.30,47474.17,2.0,5.5
2,2021-04-16,13.99,28943.73,47611.60,7.4,10.8
2,2021-04-17,6.96,10703.57,47747.71,11.3,12.7
2,2021-04-18,20.97,44376.16,47882.59,3.3,4.8
2,2021-04-19,20.78,46800.00,48017.19,3.0,4.4
2,2021-04-20,25.20,46800.00,48151.62,5.2,8.6
2,2021-04-21,25.98,46800.00,48285.77,-2.3,1.6
2,2021-04-22,25.66,46800.00,48419.55,3.1,6.3
2,2021-04-23,25.93,46800.00,48552.85,3.4,6.4
2,2021-04-24,20.76,31026.65,48685.57,8.0,10.9
2,2021-04-25,10.43,19986.63,48817.62,2.8,9.8
2,2021-04-26,23.12,46537.53,48948.88,0.3,3.7
2,2021-04-27,26.14,46657.94,49079.24,4.7,10.2
2,2021-04-28,13.66,25045.01,49208.61,10.8,12.7
2,2021-04-29,4.86,10800.00,49336.86,11.2,13.5
2,2021-04-30,23.50,46734.95,49463.89,9.3,11.8
2,2021-05-01,15.20,24439.33,49589.57,10.2,11.6
2,2021-05-02,15.37,32400.00,49713.79,7.4,11.8
2,2021-05-03,21.31,46800.00,49836.42,5.8,9.0
2,2021-05-04,26.12,46800.00,49957.35,8.9,13.1
2,2021-05-05,8.98,14867.51,50076.44,11.8,14.7
2,2021-05-06,25.29,36175.76,50193.58,10.1,11.9
2,2021-05-07,13.37,19530.28,50308.62,10.8,12.3
2,2021-05-08,24.52,39600.00,50421.60,13.2,15.0
2,2021-05-09,20.23,44021.10,50533.41,8.6,17.1
2,2021-05-10,24.85,40810.44,50644.13,5.3,6.1
2,2021-05-11,22.99,46800.00,50753.65,7.1,10.6
2,2021-05-12,25.71,46506.38,50861.86,10.0,12.3
2,2021-05-13,19.27,46800.00,50968.67,14.1,16.1
2,2021-05-14,22.80,46800.00,51073.96,14.8,17.2
2,2021-05-15,22.58,44815.28,51177.63,13.7,14.7
2,2021-05-16,15.76,19095.01,51279.58,16.2,18.2
2,2021-05-17,9.03,12791.29,51379.67,18.1,21.1
2,2021-05-18,19.67,39198.94,51477.82,14.0,15.5
2,2021-05-19,11.41,14202.40,51573.89,14.2,15.0
2,2021-05-20,19.57,25577.64,51667.78,14.5,15.8
2,2021-05-21,5.40,1935.38,51759.36,15.5,16.3
2,2021-05-22,10.34,12138.05,51848.52,14.0,15.7
2,2021-05-23,14.68,41340.74,51935.13,13.7,15.4
2,2021-05-24,19.79,30166.61,52019.07,15.2,17.3
2,2021-05-25,24.46,43601.10,52100.22,12.5,16.0
2,2021-05-26,20.66,32407.29,52178.46,12.2,14.5
2,2021-05-27,8.76,10963.42,52253.66,14.6,16.6
2,2021-05-28,25.98,46567.39,52325.81,15.7,16.6
2,2021-05-29,21.28,36109.84,52395.52,14.7,17.8
2,2021-05-30,21.44,48453.65,52462.86,10.3,14.3
2,2021-05-31,26.28,43470.35,52527.74,12.9,14.3
2,2021-06-01,22.81,37294.11,52590.11,14.6,15.9
2,2021-06-02,20.70,43362.76,52649.90,17.0,18.7
2,2021-06-03,23.64,36000.00,52707.04,16.7,17.7
2,2021-06-04,5.14,7580.85,52761.46,15.7,19.0
2,2021-06-05,24.41,46558.23,52813.11,15.7,18.0
2,2021-06-06,14.17,18168.07,52861.91,16.6,20.7
2,2021-06-07,21.48,41552.16,52907.79,16.9,19.9
2,2021-06-08,10.67,22607.52,52950.71,16.2,19.3
2,2021-06-09,25.93,48570.13,52990.58,16.4,17.6
2,2021-06-10,28.13,49863.36,53027.35,17.8,18.7
2,2021-06-11,26.77,41570.54,53060.95,17.1,18.9
2,2021-06-12,23.11,42277.93,53091.32,18.4,19.2
2,2021-06-13,19.45,34054.35,53118.42,19.5,20.4
2,2021-06-14,13.22,10714.63,53142.15,18.9,19.8
2,2021-06-15,16.52,33836.56,53162.49,18.5,19.1
2,2021-06-16,19.37,39283.16,53179.37,18.3,19.2
2,2021-06-17,23.69,49067.06,53192.75,16.7,18.0
2,2021-06-18,21.92,33640.21,53202.73,17.1,18.0
2,2021-06-19,6.49,8146.29,53209.34,18.5,20.2
2,2021-06-20,17.24,33482.73,53212.60,16.7,19.8
2,2021-06-21,24.52,45086.87,53212.55,16.5,17.5
2,2021-06-22,19.00,37630.48,53209.20,18.4,18.9
2,2021-06-23,11.91,16925.87,53202.59,17.7,18.6
2,2021-06-24,15.17,34637.99,53192.73,17.0,18.6
2,2021-06-25,17.37,26664.33,53179.66,18.7,19.3
2,2021-06-26,21.05,42989.97,53163.41,18.9,19.5
2,2021-06-27,18.19,27320.22,53144.01,19.4,19.9
2,2021-06-28,22.53,35458.53,53121.49,18.8,19.5
2,2021-06-29,9.60,22821.50,53095.89,17.8,20.4
2,2021-06-30,21.14,36000.00,53067.24,17.6,19.4
2,2021-07-01,10.99,15115.76,53035.58,19.5,20.2
2,2021-07-02,12.00,8060.71,53000.96,19.0,19.7
2,2021-07-03,14.12,27911.95,52963.40,16.9,18.3
2,2021-07-04,5.65,0.00,52922.94,18.0,20.2
2,2021-07-05,11.79,19448.03,52879.63,21.1,22.8
2,2021-07-06,21.48,36343.90,52833.51,21.1,22.2
2,2021-07-07,7.83,842.01,52784.53,20.3,21.4
2,2021-07-08,9.15,3420.92,52732.22,20.5,21.0
2,2021-07-09,8.97,10362.69,52676.60,21.2,21.6
2,2021-07-10,18.30,33830.44,52617.78,20.5,22.0
2,2021-07-11,13.84,23409.04,52555.86,21.6,22.9
2,2021-07-12,16.86,27494.21,52490.96,22.1,24.0
2,2021-07-13,15.72,30216.86,52423.17,21.1,21.6
2,2021-07-14,20.78,42626.42,52352.62,20.2,20.8
2,2021-07-15,21.03,44482.35,52279.39,21.5,23.0
2,2021-07-16,25.21,49706.76,52203.61,23.5,24.7
2,2021-07-17,26.72,49396.19,52125.37,23.7,24.6
2,2021-07-18,26.52,49882.94,52044.78,23.7,24.6
2,2021-07-19,26.33,49735.92,51961.94,23.9,25.2
2,2021-07-20,25.52,49429.07,51876.96,24.0,24.9
2,2021-07-21,23.91,41901.03,51789.94,23.4,24.7
2,2021-07-22,15.99,27756.58,51700.97,22.8,23.6
2,2021-07-23,21.81,47887.03,51610.17,23.2,24.2
2,2021-07-24,25.50,48851.45,51517.62,22.6,23.4
2,2021-07-25,24.98,48552.76,51423.42,22.3,23.1
2,2021-07-26,19.29,30242.12,51327.66,20.4,22.1
2,2021-07-27,14.76,27790.94,51230.30,22.1,23.5
2,2021-07-28,21.73,41916.27,51130.51,23.2,24.2
2,2021-07-29,18.24,36694.43,51028.26,23.5,24.4
2,2021-07-30,20.67,45056.16,50923.71,23.0,23.7
2,2021-07-31,17.13,33610.56,50816.96,22.7,24.9
2,2021-08-01,22.26,47450.30,50708.15,24.8,26.1
2,2021-08-02,24.11,47476.12,50597.42,24.4,25.2
2,2021-08-03,25.36,47502.69,50484.87,24.8,25.9
2,2021-08-04,22.55,46800.00,50370.64,25.8,27.4
2,2021-08-05,22.90,46800.00,50254.85,24.8,26.1
2,2021-08-06,24.42,46128.18,50137.62,24.2,25.0
2,2021-08-07,18.81,36000.00,50019.05,24.7,25.4
2,2021-08-08,7.24,4853.06,49899.27,24.8,25.4
2,2021-08-09,11.71,26874.88,49778.38,23.9,25.8
2,2021-08-10,23.28,44251.07,49656.49,20.5,25.3
2,2021-08-11,19.81,33328.79,49533.72,20.9,22.2
2,2021-08-12,11.52,12904.73,49410.17,20.5,21.4
2,2021-08-13,3.60,0.00,49285.94,20.3,21.1
2,2021-08-14,4.19,0.00,49161.13,19.1,20.2
2,2021-08-15,6.67,2449.02,49035.84,18.2,19.2
2,2021-08-16,8.24,3590.98,48909.99,19.1,20.0
2,2021-08-17,8.69,20203.99,48782.67,22.0,23.6
2,2021-08-18,21.38,46800.00,48653.81,23.2,24.7
2,2021-08-19,21.85,44449.25,48523.53,24.0,26.8
2,2021-08-20,18.87,33231.96,48391.94,22.5,23.1
2,2021-08-21,12.26,22156.18,48259.15,22.5,22.8
2,2021-08-22,10.43,15642.03,48125.27,22.9,23.4
2,2021-08-23,16.15,42392.06,47990.40,22.6,25.3
2,2021-08-24,7.81,3600.00,47854.65,22.3,24.3
2,2021-08-25,15.90,42890.48,47718.13,24.7,26.7
2,2021-08-26,20.32,46439.79,47580.92,24.7,26.8
2,2021-08-27,22.08,46389.15,47443.13,22.9,25.7
2,2021-08-28,22.11,46338.55,47304.86,21.0,25.8
2,2021-08-29,22.72,45483.10,47166.19,21.3,22.6
2,2021-08-30,17.55,40847.99,47027.23,20.5,22.9
2,2021-08-31,17.16,34977.16,46888.06,17.0,21.8
2,2021-09-01,4.49,0.00,46748.78,17.0,19.3
2,2021-09-02,13.14,30980.98,46609.47,17.5,18.9
2,2021-09-03,11.59,23066.88,46470.23,18.4,19.8
2,2021-09-04,8.00,11641.92,46331.13,17.9,18.6
2,2021-09-05,13.16,30225.43,46192.09,17.2,18.2
2,2021-09-06,10.00,25428.78,46052.18,16.3,17.3
2,2021-09-07,16.60,36028.71,45911.31,13.4,15.3
2,2021-09-08,5.43,115.21,45769.60,18.0,20.1
2,2021-09-09,18.85,43548.85,45627.11,20.1,21.5
2,2021-09-10,16.96,32706.91,45483.96,20.3,20.8
2,2021-09-11,12.34,30433.92,45340.24,20.1,21.4
2,2021-09-12,19.78,34094.17,45196.03,17.8,21.3
2,2021-09-13,20.73,35489.68,45051.42,14.7,16.0
2,2021-09-14,14.88,38880.09,44906.51,16.6,17.6
2,2021-09-15,16.27,39892.11,44761.38,17.3,18.0
2,2021-09-16,12.92,34638.87,44616.12,14.4,15.7
2,2021-09-17,11.90,25270.68,44470.81,18.2,20.3
2,2021-09-18,4.92,7901.58,44325.56,20.5,22.6
2,2021-09-19,21.39,41632.13,44180.43,16.0,17.7
2,2021-09-20,20.64,40833.25,44035.52,16.2,18.2
2,2021-09-21,18.99,40615.23,43890.91,17.5,19.9
2,2021-09-22,18.71,37803.95,43746.69,20.5,23.4
2,2021-09-23,18.64,39639.62,43602.94,19.1,21.1
2,2021-09-24,16.13,37169.44,43459.75,16.7,19.8
2,2021-09-25,10.03,25488.12,43317.03,14.5,16.2
2,2021-09-26,11.13,20233.91,43173.78,13.4,14.7
2,2021-09-27,14.53,36128.05,43029.93,14.0,15.1
2,2021-09-28,12.65,34146.58,42885.56,15.4,17.5
2,2021-09-29,14.55,39600.00,42740.78,17.5,18.8
2,2021-09-30,16.48,31321.36,42595.67,19.5,20.3
2,2021-10-01,2.90,7200.00,42450.33,15.1,19.0
2,2021-10-02,18.10,39600.00,42304.87,14.9,17.6
2,2021-10-03,16.61,39600.00,42159.36,16.3,18.1
2,2021-10-04,18.16,39600.00,42013.92,17.5,22.5
2,2021-10-05,14.12,33138.15,41868.63,17.7,20.9
2,2021-10-06,9.21,21973.94,41723.60,15.6,16.4
2,2021-10-07,9.26,26795.68,41578.91,16.9,17.8
2,2021-10-08,8.48,21153.62,41434.67,19.4,21.5
2,2021-10-09,6.08,6908.86,41290.98,16.2,18.0
2,2021-10-10,12.23,35771.11,41147.94,17.8,20.2
2,2021-10-11,14.30,32280.95,41005.66,17.1,22.7
2,2021-10-12,3.07,0.00,40864.22,15.5,16.6
2,2021-10-13,5.06,7200.00,40723.76,13.8,16.4
2,2021-10-14,16.26,39373.60,40584.35,12.7,14.3
2,2021-10-15,14.21,32091.48,40445.92,14.7,16.1
2,2021-10-16,2.87,0.00,40307.38,15.3,16.8
2,2021-10-17,4.40,14185.58,40168.63,7.1,12.2
2,2021-10-18,12.60,29985.91,40029.79,7.0,10.3
2,2021-10-19,8.54,20335.04,39890.96,10.8,12.1
2,2021-10-20,14.12,38786.16,39752.26,6.4,10.4
2,2021-10-21,13.56,38806.46,39613.82,4.4,8.0
2,2021-10-22,8.65,28800.00,39475.72,7.8,10.1
2,2021-10-23,13.76,37712.97,39338.11,4.7,7.1
2,2021-10-24,14.18,38061.85,39201.10,7.3,11.2
2,2021-10-25,10.29,18223.09,39064.80,11.0,13.1
2,2021-10-26,2.93,7169.97,38929.35,9.8,13.0
2,2021-10-27,11.30,35908.11,38794.87,11.4,12.8
2,2021-10-28,13.66,37470.70,38661.49,6.9,11.2
2,2021-10-29,13.89,36527.56,38529.33,6.6,8.6
2,2021-10-30,13.32,34946.12,38398.54,8.8,10.1
2,2021-10-31,8.31,21875.82,38269.24,10.2,13.1
2,2021-11-01,10.45,27482.26,38141.58,12.5,14.3
2,2021-11-02,11.67,36118.00,38015.69,10.6,14.0
2,2021-11-03,13.01,36090.14,37891.73,8.1,9.8
2,2021-11-04,12.36,35749.54,37769.61,7.4,9.3
2,2021-11-05,11.65,35406.36,37648.19,8.3,9.7
2,2021-11-06,12.14,35373.63,37527.38,8.8,10.9
2,2021-11-07,11.88,33018.56,37407.29,10.4,12.0
2,2021-11-08,9.39,28880.63,37288.07,13.0,14.2
2,2021-11-09,3.00,4505.53,37169.85,13.1,16.8
2,2021-11-10,10.39,35020.20,37052.75,8.5,11.6
2,2021-11-11,11.85,34954.66,36936.93,8.2,11.3
2,2021-11-12,10.85,34362.86,36822.51,6.0,8.1
2,2021-11-13,10.59,31731.35,36709.65,5.7,7.8
2,2021-11-14,10.68,34443.09,36598.49,7.5,10.6
2,2021-11-15,10.11,32545.37,36489.17,8.4,11.5
2,2021-11-16,10.10,33875.37,36381.84,3.8,6.8
2,2021-11-17,11.11,28800.00,36276.66,5.8,7.7
2,2021-11-18,8.15,23724.80,36173.79,6.7,9.6
2,2021-11-19,11.60,33011.08,36073.38,8.1,11.1
2,2021-11-20,10.69,33372.36,35975.58,4.8,6.1
2,2021-11-21,9.33,25785.00,35880.57,6.7,9.9
2,2021-11-22,2.45,3658.72,35788.50,9.1,15.4
2,2021-11-23,10.59,32400.00,35699.54,1.2,2.5
2,2021-11-24,9.60,31911.85,35613.67,2.6,4.7
2,2021-11-25,7.93,30396.45,35529.92,4.9,7.7
2,2021-11-26,7.89,23964.77,35448.22,1.4,3.7
2,2021-11-27,10.27,32400.00,35368.65,0.1,1.6
2,2021-11-28,9.37,32649.37,35291.35,0.4,2.1
2,2021-11-29,9.81,32400.00,35216.39,0.0,5.6
2,2021-11-30,10.29,28800.00,35143.91,8.4,14.3
2,2021-12-01,5.84,25200.00,35074.01,2.6,12.7
2,2021-12-02,9.35,32400.00,35006.78,1.1,5.7
2,2021-12-03,8.30,31601.59,34942.35,4.4,7.9
2,2021-12-04,9.21,31820.75,34880.83,0.6,6.3
2,2021-12-05,8.74,32400.00,34822.33,-0.8,2.4
2,2021-12-06,8.51,25815.68,34766.94,5.5,6.9
2,2021-12-07,4.42,8592.27,34714.80,8.3,9.0
2,2021-12-08,1.07,0.00,34666.01,5.7,8.2
2,2021-12-09,7.06,26137.30,34620.67,2.7,3.9
2,2021-12-10,4.63,9501.65,34578.90,3.6,5.4
2,2021-12-11,9.33,29680.16,34540.81,5.4,8.9
2,2021-12-12,4.31,10613.55,34506.49,4.6,10.7
2,2021-12-13,8.75,32400.00,34476.08,-3.6,-1.0
2,2021-12-14,10.00,32400.00,34449.58,1.0,3.2
2,2021-12-15,9.16,32205.08,34426.66,3.1,4.8
2,2021-12-16,6.66,20445.23,34407.24,3.6,7.1
2,2021-12-17,3.03,11604.80,34391.34,-0.9,7.3
2,2021-12-18,9.40,32400.00,34378.95,-6.0,-3.6
2,2021-12-19,6.08,23426.48,34370.07,-1.7,1.1
2,2021-12-20,8.38,30047.56,34364.68,-0.6,2.7
2,2021-12-21,8.30,32400.00,34362.80,3.5,6.6
2,2021-12-22,9.40,32400.00,34364.40,-4.3,-1.8
2,2021-12-23,9.12,28800.00,34369.47,-1.3,1.3
2,2021-12-24,6.51,22366.22,34378.02,2.2,3.7
2,2021-12-25,2.04,3670.62,34390.02,-5.3,2.9
2,2021-12-26,8.40,32400.00,34405.45,-9.8,-7.9
2,2021-12-27,8.95,32400.00,34424.33,-8.1,-5.4
2,2021-12-28,9.71,32400.00,34446.60,-6.4,-4.4
2,2021-12-29,9.06,28800.00,34472.26,-2.0,-0.2
2,2021-12-30,9.12,32400.00,34501.29,-1.2,4.0
2,2021-12-31,9.54,32400.00,34533.66,-10.1,-7.3
2,2022-01-01,8.90,32400.00,34569.36,-7.5,-5.4
2,2022-01-02,10.35,32400.00,34608.37,-5.2,-0.9
2,2022-01-03,9.10,28800.00,34650.74,-3.4,-0.8
2,2022-01-04,6.63,25223.07,34696.95,-6.9,-2.4
2,2022-01-05,10.63,32628.00,34746.97,-7.8,-5.9
2,2022-01-06,9.64,32400.00,34800.68,-4.4,-2.0
2,2022-01-07,9.96,32400.00,34857.95,-5.4,-3.5
2,2022-01-08,9.56,32878.50,34918.65,-3.9,-0.1
2,2022-01-09,9.41,29113.80,34982.67,-1.1,1.8
2,2022-01-10,10.67,29551.40,35049.87,-2.1,-0.2
2,2022-01-11,1.55,3897.83,35120.13,-0.5,2.5
2,2022-01-12,10.07,29731.15,35193.31,-7.0,-5.8
2,2022-01-13,9.96,33052.54,35269.31,-6.1,-2.7
2,2022-01-14,9.60,32567.93,35347.99,-5.5,-4.2
2,2022-01-15,9.13,30174.49,35429.23,-4.1,-3.3
2,2022-01-16,7.86,25493.64,35512.91,-1.3,4.0
2,2022-01-17,10.68,33905.81,35598.91,-5.3,-1.1
2,2022-01-18,10.10,33868.56,35687.11,-7.2,-4.6
2,2022-01-19,11.03,33831.10,35777.39,-4.6,-2.1
2,2022-01-20,9.55,32145.91,35869.63,-5.5,-4.0
2,2022-01-21,11.45,31449.06,35963.72,-5.6,-2.5
2,2022-01-22,8.02,33977.65,36059.54,-4.1,-2.6
2,2022-01-23,7.64,25384.99,36157.19,-1.1,1.1
2,2022-01-24,11.63,35130.85,36257.70,-4.7,-1.5
2,2022-01-25,11.03,30329.25,36361.09,-1.5,0.1
2,2022-01-26,9.30,27014.13,36467.20,-0.2,1.1
2,2022-01-27,12.17,35329.86,36575.87,-4.6,-0.8
2,2022-01-28,11.70,35397.27,36686.92,-5.6,-2.8
2,2022-01-29,8.97,25200.00,36800.20,-5.6,-3.9
2,2022-01-30,11.33,35533.17,36915.56,-7.3,-6.4
2,2022-01-31,12.75,35601.51,37032.83,-6.4,-3.4
2,2022-02-01,12.37,35670.00,37151.86,-4.9,-3.7
2,2022-02-02,13.20,35738.58,37272.50,-4.3,-2.9
2,2022-02-03,5.52,8629.07,37394.61,-4.5,-0.7
2,2022-02-04,9.87,35875.66,37518.04,-4.7,-2.3
2,2022-02-05,13.27,35944.02,37642.64,-8.5,-6.1
2,2022-02-06,14.05,35721.85,37768.28,-8.6,-6.3
2,2022-02-07,10.51,32400.00,37894.82,-6.6,-4.9
2,2022-02-08,11.08,30950.86,38022.12,-4.5,-3.0
2,2022-02-09,14.20,32400.00,38150.06,-3.4,-2.4
2,2022-02-10,3.80,0.00,38278.51,-0.3,1.0
2,2022-02-11,11.00,34105.51,38407.33,-2.9,-0.4
2,2022-02-12,12.01,35421.81,38536.62,-1.5,0.5
2,2022-02-13,10.59,21720.62,38667.57,-1.4,0.5
2,2022-02-14,14.90,32400.00,38800.26,-2.8,-1.0
2,2022-02-15,4.90,3910.28,38934.54,-0.1,2.3
2,2022-02-16,13.82,33649.08,39070.29,-1.3,2.1
2,2022-02-17,12.71,32986.54,39207.35,-5.4,-1.2
2,2022-02-18,10.38,22247.35,39345.61,-3.0,-0.5
2,2022-02-19,8.42,11008.08,39484.93,1.7,3.0
2,2022-02-20,9.95,26211.25,39625.19,-5.4,3.0
2,2022-02-21,14.98,36366.57,39766.26,-10.1,-7.8
2,2022-02-22,13.85,35181.29,39908.02,-9.1,-8.1
2,2022-02-23,15.13,37780.15,40050.34,-8.0,-5.6
2,2022-02-24,15.07,36537.63,40193.11,-5.8,-2.2
2,2022-02-25,13.38,38597.53,40336.21,-2.9,0.5
2,2022-02-26,16.32,37643.42,40479.52,-1.5,1.3
2,2022-02-27,15.83,38762.28,40622.93,-2.7,0.6
2,2022-02-28,11.10,26617.83,40766.33,-1.2,1.9
2,2022-03-01,13.18,29812.77,40909.60,1.6,5.6
2,2022-03-02,14.46,39413.33,41052.64,-3.1,0.5
2,2022-03-03,11.97,35430.11,41195.32,-2.4,1.4
2,2022-03-04,17.26,38554.34,41337.76,-1.0,3.3
2,2022-03-05,17.42,38602.73,41481.05,0.2,6.5
2,2022-03-06,17.81,38736.66,41625.31,-4.6,-3.2
2,2022-03-07,15.34,39682.56,41770.42,-2.8,-0.5
2,2022-03-08,16.98,37104.33,41916.27,-1.7,1.6
2,2022-03-09,16.81,38584.22,42062.78,-0.2,1.7
2,2022-03-10,16.32,40340.37,42209.83,2.1,3.7
2,2022-03-11,18.59,39600.00,42357.33,2.5,7.5
2,2022-03-12,18.90,34071.54,42505.17,0.1,2.8
2,2022-03-13,11.53,22332.35,42653.28,4.1,6.6
2,2022-03-14,14.31,28800.00,42801.52,4.5,8.5
2,2022-03-15,15.68,35176.61,42949.81,3.6,11.1
2,2022-03-16,18.19,38425.21,43098.07,3.0,4.5
2,2022-03-17,16.38,34097.02,43246.18,0.2,2.7
2,2022-03-18,3.23,0.00,43394.06,1.7,2.9
2,2022-03-19,14.74,29208.04,43541.60,1.8,4.4
2,2022-03-20,19.09,41791.71,43688.69,-2.2,-0.9
2,2022-03-21,17.36,32818.17,43835.27,-1.0,1.8
2,2022-03-22,4.81,7200.00,43981.21,-1.5,0.8
2,2022-03-23,18.00,34288.40,44126.42,-0.9,2.8
2,2022-03-24,19.48,40806.81,44270.99,1.9,4.2
2,2022-03-25,20.19,35033.22,44415.95,4.2,8.3
2,2022-03-26,4.39,539.02,44561.39,11.0,12.7
2,2022-03-27,15.09,35348.49,44707.23,3.6,6.1
2,2022-03-28,19.56,32854.83,44853.37,-2.1,1.1
2,2022-03-29,14.92,26642.40,44999.72,3.1,8.5
2,2022-03-30,20.70,32400.00,45146.19,9.2,15.3
2,2022-03-31,7.37,14884.26,45292.69,3.1,8.9
2,2022-04-01,16.71,41139.85,45439.13,-3.0,0.9
2,2022-04-02,22.50,43569.23,45585.40,-0.3,3.7
2,2022-04-03,17.72,25735.10,45731.44,5.3,7.6
2,2022-04-04,5.14,3600.00,45877.12,7.1,8.0
2,2022-04-05,9.86,15775.96,46022.36,7.1,10.0
2,2022-04-06,19.15,35933.11,46167.06,7.5,14.1
2,2022-04-07,19.44,41578.45,46311.12,3.7,7.0
2,2022-04-08,22.90,45060.11,46454.45,2.8,10.4
2,2022-04-09,23.79,45606.56,46596.93,8.1,12.6
2,2022-04-10,23.51,45567.81,46738.46,12.2,17.8
2,2022-04-11,21.85,42940.37,46878.95,13.0,15.0
2,2022-04-12,23.07,46080.99,47018.28,12.6,15.8
2,2022-04-13,19.66,31030.18,47156.52,10.5,16.2
2,2022-04-14,4.80,0.00,47294.67,5.8,6.3
2,2022-04-15,3.88,0.00,47432.80,6.0,7.5
2,2022-04-16,15.48,37743.18,47570.83,3.8,6.1
2,2022-04-17,24.77,46678.49,47708.66,6.7,10.5
2,2022-04-18,15.09,28759.94,47846.20,9.9,12.5
2,2022-04-19,23.12,46800.00,47983.34,3.8,8.6
2,2022-04-20,21.94,46800.00,48119.99,8.1,11.7
2,2022-04-21,21.08,32522.84,48256.04,13.4,14.9
2,2022-04-22,22.20,39600.00,48391.39,12.5,17.2
2,2022-04-23,17.31,31071.68,48525.94,8.1,18.7
2,2022-04-24,16.14,23799.88,48659.57,10.4,13.7
2,2022-04-25,22.98,36243.72,48792.18,13.7,16.7
2,2022-04-26,7.59,110.39,48923.66,17.5,19.1
2,2022-04-27,18.38,33115.42,49053.89,6.8,13.5
2,2022-04-28,24.90,46800.00,49182.74,5.5,8.3
2,2022-04-29,11.41,22337.50,49310.12,4.6,7.8
2,2022-04-30,24.02,36000.00,49435.89,3.7,6.3
2,2022-05-01,10.04,16247.09,49559.92,8.1,12.1
2,2022-05-02,21.53,41047.23,49682.09,5.2,8.3
2,2022-05-03,24.96,46800.00,49802.45,5.2,9.7
2,2022-05-04,26.36,46800.00,49921.92,10.3,20.1
2,2022-05-05,26.22,46800.00,50040.58,11.7,14.5
2,2022-05-06,25.76,46619.14,50158.32,13.8,16.6
2,2022-05-07,22.60,46800.00,50275.04,12.2,16.2
2,2022-05-08,24.63,36000.00,50390.63,4.2,8.5
2,2022-05-09,9.29,10800.00,50504.99,7.9,9.6
2,2022-05-10,25.28,36040.24,50618.00,7.5,10.3
2,2022-05-11,20.27,36668.96,50729.56,11.8,14.6
2,2022-05-12,17.70,27880.16,50839.56,15.9,17.1
2,2022-05-13,9.23,7510.11,50947.87,16.8,18.0
2,2022-05-14,15.05,26873.41,51054.38,11.9,22.9
2,2022-05-15,17.22,31347.05,51158.97,10.0,11.7
2,2022-05-16,5.28,0.00,51261.51,11.2,11.8
2,2022-05-17,10.25,10800.00,51361.90,11.7,13.4
2,2022-05-18,27.46,46962.98,51459.99,12.1,14.9
2,2022-05-19,26.75,46800.00,51555.67,12.4,15.7
2,2022-05-20,22.66,33008.22,51648.80,14.6,18.1
2,2022-05-21,10.96,6337.29,51739.25,15.4,17.2
2,2022-05-22,11.66,19621.23,51826.90,12.9,15.0
2,2022-05-23,18.55,38183.23,51911.75,12.2,14.8
2,2022-05-24,27.07,47153.48,51994.50,14.8,15.9
2,2022-05-25,24.64,47327.66,52075.22,16.3,17.7
2,2022-05-26,22.15,28800.00,52153.82,16.3,16.9
2,2022-05-27,8.22,22382.42,52230.22,14.9,18.9
2,2022-05-28,24.89,47872.85,52304.34,12.1,15.0
2,2022-05-29,27.28,48165.25,52376.09,14.5,19.6
2,2022-05-30,23.83,35742.92,52445.40,11.4,13.6
2,2022-05-31,7.60,10924.71,52512.17,14.0,15.6
2,2022-06-01,23.78,47240.40,52576.32,13.8,15.7
2,2022-06-02,21.43,35667.96,52637.77,16.0,18.1
2,2022-06-03,18.49,40731.31,52696.44,14.3,17.2
2,2022-06-04,25.10,44539.01,52752.24,13.4,15.2
2,2022-06-05,20.66,33000.00,52805.09,11.4,12.6
2,2022-06-06,3.75,0.00,52854.90,13.8,14.9
2,2022-06-07,5.22,0.00,52901.58,12.2,13.8
2,2022-06-08,9.80,3157.56,52945.07,11.6,12.9
2,2022-06-09,17.89,41173.48,52985.26,13.1,15.2
2,2022-06-10,18.63,36304.91,53022.09,15.7,16.5
2,2022-06-11,15.92,22386.43,53055.48,16.7,17.7
2,2022-06-12,11.25,16240.42,53085.38,12.8,15.9
2,2022-06-13,24.78,43452.15,53112.05,11.4,13.3
2,2022-06-14,18.45,27802.38,53135.53,10.9,13.0
2,2022-06-15,13.17,15059.39,53155.81,15.0,17.7
2,2022-06-16,21.65,42643.99,53172.90,17.9,19.9
2,2022-06-17,20.29,42753.17,53186.78,18.9,22.9
2,2022-06-18,22.62,41529.19,53197.47,20.0,21.9
2,2022-06-19,24.17,48160.37,53204.95,21.0,22.9
2,2022-06-20,25.53,50126.49,53209.24,21.7,25.9
2,2022-06-21,21.21,38070.26,53210.33,17.1,18.4
2,2022-06-22,16.59,30018.56,53208.24,17.5,18.1
2,2022-06-23,16.45,34744.05,53202.97,19.0,20.5
2,2022-06-24,19.29,37726.23,53194.52,22.0,23.6
2,2022-06-25,26.55,50133.44,53182.92,22.6,26.4
2,2022-06-26,20.08,31982.53,53168.15,22.7,25.9
2,2022-06-27,15.89,29868.75,53150.26,22.9,26.2
2,2022-06-28,12.79,25177.71,53129.23,23.2,24.9
2,2022-06-29,24.16,46980.67,53105.10,23.8,28.7
2,2022-06-30,24.30,50169.68,53077.87,23.6,27.1
2,2022-07-01,25.52,49853.98,53047.56,24.2,25.9
2,2022-07-02,26.30,49974.92,53014.14,24.1,26.0
2,2022-07-03,22.32,33667.91,52977.26,23.9,25.8
2,2022-07-04,23.96,49324.14,52936.95,22.7,23.8
2,2022-07-05,20.04,40198.56,52893.30,22.7,23.9
2,2022-07-06,13.74,27402.20,52846.40,21.7,22.6
2,2022-07-07,11.87,15691.18,52796.34,20.6,21.5
2,2022-07-08,21.37,36000.00,52743.21,19.8,20.7
2,2022-07-09,12.75,28331.01,52687.11,20.8,22.8
2,2022-07-10,22.61,44940.55,52628.12,22.9,24.3
2,2022-07-11,17.77,25896.18,52566.34,22.3,23.0
2,2022-07-12,11.83,11907.38,52501.86,21.9,22.5
2,2022-07-13,9.22,3902.94,52434.77,20.8,22.0
2,2022-07-14,13.30,19311.16,52365.17,20.2,21.6
2,2022-07-15,10.32,11153.23,52293.14,21.5,21.8
2,2022-07-16,12.62,6738.98,52218.78,21.7,22.2
2,2022-07-17,19.75,40954.35,52142.17,22.5,24.0
2,2022-07-18,21.47,32952.13,52063.42,22.8,23.7
2,2022-07-19,10.58,13854.90,51982.59,22.7,23.3
2,2022-07-20,24.09,49105.91,51899.79,22.7,25.3
2,2022-07-21,13.60,17543.52,51815.10,22.4,23.8
2,2022-07-22,9.76,16523.49,51728.46,23.3,24.5
2,2022-07-23,21.45,44421.33,51639.12,21.7,24.9
2,2022-07-24,23.46,47266.82,51547.07,22.1,23.2
2,2022-07-25,21.15,45983.31,51452.45,23.2,23.9
2,2022-07-26,18.94,42744.09,51355.38,24.8,25.6
2,2022-07-27,17.28,30850.19,51255.99,24.8,25.9
2,2022-07-28,21.13,37580.04,51154.42,23.6,24.7
2,2022-07-29,17.82,36275.92,51050.78,23.5,24.0
2,2022-07-30,19.20,40550.05,50945.19,23.7,26.2
2,2022-07-31,24.92,47420.37,50837.79,24.8,27.3
2,2022-08-01,20.58,45758.83,50728.69,24.6,26.3
2,2022-08-02,15.74,32580.52,50618.00,25.1,30.2
2,2022-08-03,14.21,21114.79,50505.85,22.2,25.3
2,2022-08-04,11.03,7854.76,50392.35,19.3,19.9
2,2022-08-05,13.65,27022.63,50277.60,17.4,19.1
2,2022-08-06,21.89,46963.57,50161.72,18.7,20.6
2,2022-08-07,20.91,46800.00,50044.81,23.2,24.6
2,2022-08-08,22.57,43165.06,49926.98,25.4,27.6
2,2022-08-09,22.37,46800.00,49808.34,25.6,28.7
2,2022-08-10,22.22,44299.05,49688.98,25.6,27.7
2,2022-08-11,21.83,46572.71,49568.83,25.1,26.8
2,2022-08-12,11.52,7751.64,49446.98,23.9,25.3
2,2022-08-13,17.32,28892.77,49323.39,23.6,25.3
2,2022-08-14,17.25,38639.07,49198.15,23.8,25.0
2,2022-08-15,11.68,18998.87,49071.42,23.9,26.0
2,2022-08-16,15.48,33233.98,48943.28,23.8,28.4
2,2022-08-17,12.88,22063.16,48813.86,21.5,22.6
2,2022-08-18,15.11,36000.00,48683.28,20.6,25.1
2,2022-08-19,24.22,42337.56,48551.64,19.2,22.0
2,2022-08-20,11.91,20269.23,48419.05,22.9,23.8
2,2022-08-21,20.19,43092.47,48285.60,21.8,23.5
2,2022-08-22,19.21,41054.53,48151.42,22.6,24.1
2,2022-08-23,19.63,43871.48,48016.60,24.0,26.2
2,2022-08-24,14.26,27900.94,47881.24,19.3,20.8
2,2022-08-25,16.38,34199.29,47745.43,19.7,21.0
2,2022-08-26,14.91,26803.17,47609.28,21.4,22.4
2,2022-08-27,13.87,31647.87,47472.87,22.3,24.0
2,2022-08-28,7.49,14743.33,47336.30,17.9,20.4
2,2022-08-29,22.05,32985.67,47199.66,17.6,19.2
2,2022-08-30,10.07,14532.51,47063.05,19.7,20.9
2,2022-08-31,15.53,37810.44,46926.37,23.1,24.9
2,2022-09-01,16.92,32373.93,46788.70,24.0,26.4
2,2022-09-02,17.93,37495.72,46649.95,19.7,20.5
2,2022-09-03,16.12,32655.05,46510.23,19.9,20.7
2,2022-09-04,14.22,34852.67,46369.64,20.8,21.5
2,2022-09-05,14.94,40317.17,46228.28,21.2,22.8
2,2022-09-06,17.42,44151.56,46086.22,22.7,23.3
2,2022-09-07,11.92,26583.66,45943.58,22.4,23.8
2,2022-09-08,6.41,7855.94,45800.44,19.6,20.3
2,2022-09-09,17.76,42660.04,45656.89,19.4,20.1
2,2022-09-10,21.00,35437.48,45513.02,18.4,20.1
2,2022-09-11,15.76,37083.44,45368.93,20.0,21.5
2,2022-09-12,18.18,39856.76,45224.69,20.6,21.8
2,2022-09-13,18.06,40771.19,45080.39,21.6,22.5
2,2022-09-14,19.71,40096.76,44936.13,17.2,20.8
2,2022-09-15,18.50,40167.68,44791.98,16.4,17.4
2,2022-09-16,20.65,41982.06,44648.03,18.5,21.0
2,2022-09-17,17.47,40270.98,44504.37,21.9,22.8
2,2022-09-18,14.80,30557.50,44361.07,23.2,23.7
2,2022-09-19,15.24,31790.30,44218.23,23.2,24.3
2,2022-09-20,6.05,1844.54,44075.75,14.5,23.2
2,2022-09-21,12.83,30137.63,43932.66,11.5,13.0
2,2022-09-22,6.67,510.73,43788.89,17.2,19.8
2,2022-09-23,4.26,0.00,43644.52,21.0,22.5
2,2022-09-24,6.73,11113.70,43499.64,18.7,23.8
2,2022-09-25,19.53,39605.27,43354.36,16.1,17.3
2,2022-09-26,18.19,39600.00,43208.76,17.2,18.4
2,2022-09-27,17.37,33738.85,43062.94,16.7,18.0
2,2022-09-28,16.25,39684.61,42916.97,15.2,16.7
2,2022-09-29,19.21,39711.36,42770.97,15.5,17.7
2,2022-09-30,19.18,39600.00,42625.02,16.1,18.2
2,2022-10-01,18.89,39600.00,42479.21,16.9,19.2
2,2022-10-02,18.32,36000.00,42333.64,17.6,18.8
2,2022-10-03,10.36,16779.84,42188.39,17.9,19.1
2,2022-10-04,9.40,19259.52,42043.57,18.3,20.0
2,2022-10-05,3.78,3600.00,41899.26,10.4,13.2
2,2022-10-06,5.09,3600.00,41755.58,9.1,10.9
2,2022-10-07,3.39,266.30,41612.60,11.5,13.1
2,2022-10-08,13.77,27872.93,41470.42,12.6,14.2
2,2022-10-09,7.68,5942.31,41329.16,14.6,17.6
2,2022-10-10,6.56,11500.32,41188.70,16.4,20.3
2,2022-10-11,14.72,34648.28,41048.00,12.4,16.5
2,2022-10-12,8.17,1879.47,40906.96,11.4,14.3
2,2022-10-13,5.59,2042.17,40765.69,12.8,13.9
2,2022-10-14,7.39,14510.20,40624.29,14.6,16.0
2,2022-10-15,11.99,39316.37,40482.87,15.3,17.0
2,2022-10-16,11.02,34618.18,40341.54,15.2,17.0
2,2022-10-17,8.97,17484.76,40200.42,15.4,20.3
2,2022-10-18,9.82,24114.85,40059.60,7.3,8.4
2,2022-10-19,15.96,38982.74,39919.20,5.3,7.5
2,2022-10-20,14.14,38901.11,39779.34,7.7,10.5
2,2022-10-21,14.40,37615.04,39640.14,10.5,15.1
2,2022-10-22,7.20,14377.17,39501.70,13.3,15.4
2,2022-10-23,11.51,29290.79,39364.16,10.4,15.6
2,2022-10-24,6.50,13782.85,39227.63,4.6,7.2
2,2022-10-25,12.30,29473.53,39092.24,5.6,7.8
2,2022-10-26,12.36,37822.16,38958.11,5.3,7.0
2,2022-10-27,14.04,31460.59,38825.38,5.9,7.9
2,2022-10-28,14.13,37477.34,38694.16,8.6,11.2
2,2022-10-29,13.22,36841.65,38564.61,6.7,8.7
2,2022-10-30,12.50,36510.13,38436.63,7.1,9.1
2,2022-10-31,13.90,35867.68,38309.07,8.6,9.6
2,2022-11-01,8.76,26240.86,38181.86,10.9,12.5
2,2022-11-02,12.48,36121.73,38055.10,11.9,14.7
2,2022-11-03,11.11,28800.00,37928.93,10.5,14.7
2,2022-11-04,8.61,27202.07,37803.48,4.0,5.7
2,2022-11-05,11.99,35721.42,37678.88,3.3,5.8
2,2022-11-06,12.46,35292.11,37555.26,6.4,7.6
2,2022-11-07,11.39,35227.07,37432.75,7.7,9.9
2,2022-11-08,11.53,35309.50,37311.51,5.8,8.0
2,2022-11-09,12.48,35096.72,37191.67,5.9,8.0
2,2022-11-10,11.26,33903.70,37073.36,7.6,9.6
2,2022-11-11,10.98,34315.48,36956.75,9.1,11.5
2,2022-11-12,11.47,34901.56,36841.98,12.1,13.5
2,2022-11-13,9.39,22952.37,36729.20,10.9,15.1
2,2022-11-14,10.04,30634.83,36618.58,4.4,5.9
2,2022-11-15,2.87,7890.71,36510.25,5.9,8.3
2,2022-11-16,11.43,33865.58,36404.39,2.5,4.0
2,2022-11-17,8.83,23102.67,36301.16,2.9,3.7
2,2022-11-18,10.94,33614.41,36200.72,4.9,6.8
2,2022-11-19,9.00,32243.76,36103.02,4.4,5.3
2,2022-11-20,8.26,25018.66,36007.04,7.5,9.7
2,2022-11-21,5.84,23094.22,35912.67,9.6,11.8
2,2022-11-22,9.31,23362.70,35820.04,5.2,10.1
2,2022-11-23,1.86,0.00,35729.26,8.9,11.4
2,2022-11-24,9.79,30682.51,35640.45,5.8,8.6
2,2022-11-25,10.49,30737.84,35553.75,6.6,8.9
2,2022-11-26,6.96,28980.03,35469.27,8.1,12.3
2,2022-11-27,10.36,32612.52,35387.14,1.7,5.2
2,2022-11-28,10.19,30210.50,35307.49,7.7,11.2
2,2022-11-29,6.16,18397.22,35230.45,13.0,15.7
2,2022-11-30,6.38,23174.14,35156.14,3.8,10.1
2,2022-12-01,2.23,1781.45,35084.70,2.2,4.4
2,2022-12-02,8.73,29489.78,35016.26,-0.7,1.8
2,2022-12-03,3.80,10800.00,34950.94,2.8,6.1
2,2022-12-04,6.25,24244.82,34888.89,0.4,7.1
2,2022-12-05,4.70,11057.55,34830.23,1.6,4.2
2,2022-12-06,2.83,5021.22,34775.10,2.2,4.4
2,2022-12-07,8.18,32400.00,34723.62,2.2,3.3
2,2022-12-08,9.53,32400.00,34675.94,-0.5,2.7
2,2022-12-09,8.85,32400.00,34632.07,2.3,4.1
2,2022-12-10,9.10,25878.53,34591.47,4.3,5.9
2,2022-12-11,4.65,16225.57,34554.06,1.9,3.9
2,2022-12-12,7.84,26575.51,34519.87,0.9,4.4
2,2022-12-13,6.62,27042.81,34488.95,3.7,8.6
2,2022-12-14,7.42,30819.75,34461.31,-3.0,2.5
2,2022-12-15,4.89,13935.76,34437.01,-1.2,0.6
2,2022-12-16,4.65,8735.00,34416.07,-3.2,1.3
2,2022-12-17,2.63,4424.73,34398.50,1.4,4.2
2,2022-12-18,5.84,18000.00,34384.35,-6.2,-1.0
2,2022-12-19,7.51,32400.00,34373.63,-5.4,-3.8
2,2022-12-20,7.97,25364.98,34366.37,-2.3,-1.2
2,2022-12-21,5.60,15791.18,34362.60,2.5,4.9
2,2022-12-22,1.39,5476.94,34362.33,0.6,6.7
2,2022-12-23,10.02,32400.00,34365.59,-8.3,-4.7
2,2022-12-24,8.22,32400.00,34372.39,-0.6,0.5
2,2022-12-25,8.77,32400.00,34382.74,-2.1,0.3
2,2022-12-26,9.64,32400.00,34396.67,-1.7,-1.0
2,2022-12-27,9.40,31537.66,34414.18,-0.1,0.4
2,2022-12-28,8.31,32400.00,34435.30,-0.1,1.7
2,2022-12-29,7.13,23925.61,34460.07,-3.5,-0.5
2,2022-12-30,8.44,30328.90,34488.76,-3.0,-1.7
2,2022-12-31,9.11,32423.78,34521.33,-1.8,-0.3
2,2023-01-01,8.82,32400.00,34557.68,-2.0,2.0
2,2023-01-02,9.23,32400.00,34597.72,-5.9,-4.4
2,2023-01-03,9.65,32400.00,34641.35,-5.1,-3.7
2,2023-01-04,9.81,32661.56,34688.45,-5.8,-4.1
2,2023-01-05,10.26,32634.20,34738.95,-5.9,-3.6
2,2023-01-06,8.35,32400.00,34792.72,-4.5,-2.5
2,2023-01-07,7.88,32400.00,34849.67,-0.7,0.9
2,2023-01-08,9.63,32547.61,34909.69,-1.9,0.1
2,2023-01-09,6.35,22863.68,34972.69,-1.0,2.3
2,2023-01-10,9.80,32821.28,35038.57,-5.9,-2.2
2,2023-01-11,8.16,32839.42,35107.20,-1.9,-0.8
2,2023-01-12,8.65,27610.25,35178.51,2.0,4.5
2,2023-01-13,10.18,25709.00,35252.39,3.6,6.0
2,2023-01-14,4.28,2984.27,35328.73,8.2,11.5
2,2023-01-15,5.70,13322.39,35407.43,4.1,5.7
2,2023-01-16,3.13,10800.00,35488.40,-2.3,3.1
2,2023-01-17,8.52,28760.46,35571.54,-3.8,-0.3
2,2023-01-18,7.82,25242.06,35656.92,-1.7,1.1
2,2023-01-19,10.79,32548.32,35745.48,-2.0,-0.5
2,2023-01-20,10.86,34465.03,35837.24,-2.2,5.1
2,2023-01-21,10.01,34912.76,35932.02,-6.3,-5.1
2,2023-01-22,6.94,14421.18,36029.67,-4.5,-2.2
2,2023-01-23,3.23,3430.84,36130.01,-0.6,1.5
2,2023-01-24,3.73,7999.31,36232.89,-9.5,1.4
2,2023-01-25,10.94,32641.01,36338.16,-12.1,-6.8
2,2023-01-26,10.97,30299.25,36445.65,-6.7,-5.6
2,2023-01-27,6.79,14705.94,36555.20,-4.6,0.1
2,2023-01-28,12.07,35382.52,36666.68,-9.0,-6.4
2,2023-01-29,9.58,31273.21,36779.94,-5.4,-4.1
2,2023-01-30,11.80,32668.90,36894.82,-4.9,-0.2
2,2023-01-31,9.55,34657.29,37011.17,-7.0,-4.3
2,2023-02-01,12.27,35574.53,37128.87,-4.0,1.5
2,2023-02-02,12.74,34699.04,37247.77,-7.2,-4.9
2,2023-02-03,9.08,24608.49,37367.74,-6.2,-4.7
2,2023-02-04,9.86,27699.84,37488.64,-2.0,1.0
2,2023-02-05,13.38,35928.28,37610.34,-3.8,-1.8
2,2023-02-06,13.21,32395.09,37732.71,-0.1,1.3
2,2023-02-07,10.82,24844.19,37855.85,2.8,4.4
2,2023-02-08,12.35,32400.00,37980.93,-1.7,1.6
2,2023-02-09,12.25,32400.00,38108.04,-5.3,-2.8
2,2023-02-10,2.70,999.01,38237.00,-0.2,2.0
2,2023-02-11,14.76,36157.10,38367.68,-1.4,1.2
2,2023-02-12,11.26,24970.42,38499.93,2.7,6.3
2,2023-02-13,2.23,3684.50,38633.61,0.3,4.0
2,2023-02-14,13.37,36352.18,38768.58,-6.9,-4.9
2,2023-02-15,10.98,36148.67,38904.71,-6.6,-4.8
2,2023-02-16,15.44,36882.10,39041.85,-5.7,-3.9
2,2023-02-17,15.51,36000.00,39179.88,-1.5,1.9
2,2023-02-18,10.44,25200.00,39318.66,3.7,6.3
2,2023-02-19,5.20,4886.71,39458.08,1.8,7.7
2,2023-02-20,14.30,37621.33,39598.00,-7.6,-6.7
2,2023-02-21,14.81,36975.94,39738.29,-8.0,-6.5
2,2023-02-22,9.32,29637.80,39878.86,-4.2,-0.6
2,2023-02-23,12.60,25200.00,40019.56,0.8,3.7
2,2023-02-24,8.81,17728.75,40160.27,3.0,5.5
2,2023-02-25,15.88,38575.50,40300.90,-6.2,-1.5
2,2023-02-26,15.34,38654.98,40441.33,-5.7,-4.4
2,2023-02-27,17.62,38945.40,40581.63,-5.1,-3.1
2,2023-02-28,17.89,36555.56,40722.96,-0.9,7.7
2,2023-03-01,16.46,32436.01,40865.41,2.5,6.5
2,2023-03-02,5.20,6652.29,41008.87,-1.3,3.3
2,2023-03-03,13.69,39069.28,41153.23,-2.8,-0.6
2,2023-03-04,16.07,39502.98,41298.38,-1.4,1.2
2,2023-03-05,18.44,36316.19,41444.21,-0.9,2.8
2,2023-03-06,13.81,39330.74,41590.61,2.4,6.9
2,2023-03-07,18.87,39967.12,41737.49,0.9,6.8
2,2023-03-08,18.98,40318.49,41884.75,4.0,9.3
2,2023-03-09,18.28,32400.00,42032.26,7.1,10.7
2,2023-03-10,13.28,34039.14,42179.94,4.1,9.7
2,2023-03-11,19.06,40610.00,42327.67,4.9,5.8
2,2023-03-12,14.32,37699.51,42475.37,8.0,9.3
2,2023-03-13,6.15,6651.88,42622.93,2.7,10.1
2,2023-03-14,16.08,40810.94,42770.25,1.1,2.6
2,2023-03-15,19.54,40198.06,42917.24,3.6,6.3
2,2023-03-16,17.47,30187.98,43063.78,6.9,10.9
2,2023-03-17,13.26,28148.01,43209.79,1.8,3.7
2,2023-03-18,3.50,7200.00,43355.16,1.7,3.2
2,2023-03-19,18.60,42118.87,43499.98,-1.6,1.6
2,2023-03-20,21.21,42183.81,43645.29,4.7,8.8
2,2023-03-21,18.58,41479.42,43791.20,8.4,11.2
2,2023-03-22,20.34,39538.82,43937.61,10.9,13.2
2,2023-03-23,12.27,23064.09,44084.43,14.1,15.4
2,2023-03-24,7.27,6988.49,44231.57,6.9,12.7
2,2023-03-25,4.97,604.67,44378.94,4.0,5.9
2,2023-03-26,4.06,7200.00,44526.45,6.1,9.1
2,2023-03-27,18.42,31898.62,44673.99,0.7,2.9
2,2023-03-28,17.52,34959.67,44821.49,4.5,6.5
2,2023-03-29,12.81,29005.34,44968.86,5.9,7.1
2,2023-03-30,17.81,42612.47,45115.98,7.7,10.0
2,2023-03-31,22.15,43250.63,45262.77,7.4,14.6
2,2023-04-01,21.55,35645.61,45409.14,5.9,8.6
2,2023-04-02,11.19,21966.68,45554.99,5.1,6.4
2,2023-04-03,20.39,43864.77,45700.22,3.6,5.4
2,2023-04-04,23.07,44168.11,45844.74,6.3,9.3
2,2023-04-05,18.48,32273.28,45988.43,9.4,11.9
2,2023-04-06,11.11,17028.23,46131.21,12.5,13.7
2,2023-04-07,7.65,6530.49,46272.97,12.5,15.5
2,2023-04-08,7.79,9036.48,46413.78,3.1,11.0
2,2023-04-09,22.68,45325.95,46554.64,-0.5,2.9
2,2023-04-10,24.08,45580.43,46695.65,5.9,11.1
2,2023-04-11,22.75,38188.98,46836.71,10.4,12.5
2,2023-04-12,12.69,24797.83,46977.72,5.5,11.8
2,2023-04-13,24.14,46326.21,47118.60,3.5,9.6
2,2023-04-14,19.99,33307.67,47259.24,9.3,15.8
2,2023-04-15,7.59,1200.82,47399.56,11.8,13.4
2,2023-04-16,16.65,30464.93,47539.45,6.1,14.2
2,2023-04-17,21.58,46274.43,47678.81,3.3,5.8
2,2023-04-18,15.82,19683.71,47817.53,8.2,10.0
2,2023-04-19,23.25,46800.00,47955.53,9.1,13.3
2,2023-04-20,24.20,46171.13,48092.68,13.0,15.6
2,2023-04-21,22.64,46800.00,48228.88,3.7,17.2
2,2023-04-22,23.61,45122.19,48364.03,-1.5,0.0
2,2023-04-23,24.76,46800.00,48498.00,-1.5,2.0
2,2023-04-24,19.45,43511.65,48630.69,-1.5,1.5
2,2023-04-25,21.55,28800.00,48761.96,6.0,11.9
2,2023-04-26,5.81,10800.00,48891.72,8.6,15.7
2,2023-04-27,24.58,46800.00,49019.83,5.8,10.6
2,2023-04-28,25.74,46800.00,49146.35,12.0,14.7
2,2023-04-29,22.14,32605.74,49272.24,13.7,17.6
2,2023-04-30,6.94,7123.20,49397.55,11.1,19.5
2,2023-05-01,24.66,45459.36,49522.21,7.5,10.8
2,2023-05-02,24.35,46800.00,49646.09,5.3,8.8
2,2023-05-03,23.77,42999.80,49769.10,8.2,13.2
2,2023-05-04,26.82,46800.00,49891.15,10.4,14.6
2,2023-05-05,21.73,32424.53,50012.11,14.2,15.8
2,2023-05-06,6.53,6165.69,50131.87,14.9,18.2
2,2023-05-07,2.95,0.00,50250.32,8.7,9.5
2,2023-05-08,9.26,11984.82,50367.35,5.0,7.2
2,2023-05-09,27.27,46800.00,50482.83,6.2,8.8
2,2023-05-10,26.95,46800.00,50596.67,8.2,12.8
2,2023-05-11,27.55,46800.00,50708.71,5.9,8.7
2,2023-05-12,27.06,46140.11,50818.85,7.1,9.8
2,2023-05-13,15.70,22517.31,50926.96,11.8,13.8
2,2023-05-14,15.21,24110.51,51032.91,11.6,12.9
2,2023-05-15,9.67,15868.29,51136.57,13.7,14.8
2,2023-05-16,23.04,46800.00,51237.81,12.3,13.9
2,2023-05-17,27.25,46822.42,51336.50,14.6,22.4
2,2023-05-18,24.60,36000.00,51432.64,15.9,23.3
2,2023-05-19,8.34,2174.57,51527.04,14.8,16.4
2,2023-05-20,10.30,16609.20,51619.74,13.1,15.1
2,2023-05-21,24.60,40905.85,51710.65,15.9,17.7
2,2023-05-22,21.41,32400.00,51799.69,14.2,16.6
2,2023-05-23,7.15,7200.00,51886.76,11.4,13.0
2,2023-05-24,19.21,43454.06,51971.77,9.0,11.7
2,2023-05-25,23.50,41469.00,52054.62,11.5,13.4
2,2023-05-26,15.24,22328.41,52135.21,13.8,15.7
2,2023-05-27,23.20,36000.00,52213.44,15.3,16.2
2,2023-05-28,7.07,0.00,52289.22,16.8,18.1
2,2023-05-29,8.38,10800.00,52362.45,17.4,19.4
2,2023-05-30,22.44,42028.15,52433.03,14.4,18.0
2,2023-05-31,26.86,48438.48,52500.85,9.9,12.7
2,2023-06-01,18.32,27706.75,52565.82,15.2,18.1
2,2023-06-02,2.89,186.82,52627.85,18.2,19.4
2,2023-06-03,21.07,44805.47,52686.81,12.5,19.0
2,2023-06-04,26.99,48017.99,52742.62,12.3,15.6
2,2023-06-05,24.66,48645.53,52795.17,15.4,20.4
2,2023-06-06,22.29,30069.98,52844.37,17.5,19.0
2,2023-06-07,24.59,46071.44,52890.18,17.2,18.9
2,2023-06-08,14.05,14559.79,52933.00,17.7,18.8
2,2023-06-09,7.78,7200.00,52972.89,17.1,18.4
2,2023-06-10,17.71,25522.79,53009.79,19.0,19.7
2,2023-06-11,4.09,0.00,53043.69,18.8,19.4
2,2023-06-12,13.79,13004.58,53074.56,18.3,19.0
2,2023-06-13,18.65,30251.82,53102.36,19.4,20.9
2,2023-06-14,9.27,5693.49,53127.09,19.6,20.4
2,2023-06-15,7.26,2377.53,53148.70,18.9,19.1
2,2023-06-16,10.07,11802.85,53167.19,16.2,20.2
2,2023-06-17,28.02,47844.84,53182.53,17.4,22.8
2,2023-06-18,25.79,41744.06,53194.69,19.0,24.8
2,2023-06-19,24.77,50128.33,53203.67,13.8,14.8
2,2023-06-20,26.79,41844.81,53209.43,15.6,16.9
2,2023-06-21,24.93,38715.14,53211.98,15.9,16.7
2,2023-06-22,6.06,0.00,53211.28,16.8,18.4
2,2023-06-23,14.11,20181.50,53207.33,18.3,19.2
2,2023-06-24,21.50,45897.95,53200.12,19.3,20.2
2,2023-06-25,23.83,48686.74,53189.64,19.7,20.2
2,2023-06-26,21.83,42301.47,53175.87,20.2,21.1
2,2023-06-27,18.44,32242.68,53158.78,22.3,24.0
2,2023-06-28,18.26,36408.10,53138.17,22.5,24.5
2,2023-06-29,24.29,44477.37,53114.09,20.9,23.7
2,2023-06-30,5.59,619.71,53086.59,22.3,23.7
2,2023-07-01,10.38,7358.66,53055.75,20.8,23.7
2,2023-07-02,26.64,45010.27,53021.64,20.4,21.8
2,2023-07-03,24.71,50220.39,52984.31,21.2,23.7
2,2023-07-04,24.36,49650.29,52943.87,18.6,19.5
2,2023-07-05,18.44,25268.23,52900.36,20.7,21.8
2,2023-07-06,24.29,50331.31,52853.88,21.2,24.2
2,2023-07-07,23.22,28254.22,52804.48,22.5,25.2
2,2023-07-08,8.90,4376.77,52752.25,20.8,23.9
2,2023-07-09,19.26,30932.26,52697.26,23.8,25.7
2,2023-07-10,21.88,45656.99,52639.59,25.0,28.6
2,2023-07-11,22.76,46215.82,52579.31,23.1,25.3
2,2023-07-12,18.37,32276.53,52516.51,22.9,26.7
2,2023-07-13,23.87,48068.59,52451.24,18.1,21.5
2,2023-07-14,11.62,12915.72,52383.60,22.8,24.8
2,2023-07-15,6.36,7506.79,52313.64,21.5,24.1
2,2023-07-16,25.29,48738.53,52241.46,24.0,28.7
2,2023-07-17,26.00,49708.56,52166.99,23.3,26.2
2,2023-07-18,16.61,21600.00,52089.57,22.8,24.3
2,2023-07-19,7.92,10800.00,52009.21,21.2,23.8
2,2023-07-20,20.68,38213.16,51926.01,21.0,21.7
2,2023-07-21,15.12,34408.90,51840.12,20.5,21.8
2,2023-07-22,22.82,47861.23,51751.67,20.7,21.7
2,2023-07-23,25.31,47878.01,51660.75,21.1,22.5
2,2023-07-24,26.02,48211.56,51567.52,23.2,24.9
2,2023-07-25,25.07,48544.66,51472.08,23.8,26.1
2,2023-07-26,25.22,47932.90,51374.55,24.1,27.1
2,2023-07-27,24.05,46866.32,51275.06,24.2,26.2
2,2023-07-28,24.90,46800.00,51173.71,24.5,25.5
2,2023-07-29,24.72,47681.27,51070.62,24.3,25.2
2,2023-07-30,24.36,47703.70,50965.92,24.6,25.9
2,2023-07-31,21.49,31204.19,50859.69,24.2,25.8
2,2023-08-01,20.35,43528.29,50752.06,23.1,25.2
2,2023-08-02,23.89,46800.00,50643.13,23.2,24.8
2,2023-08-03,24.31,47490.06,50533.01,24.1,25.7
2,2023-08-04,24.13,47206.96,50421.80,23.3,24.2
2,2023-08-05,24.33,47234.37,50309.59,23.7,25.2
2,2023-08-06,23.93,45547.03,50196.33,23.4,24.1
2,2023-08-07,20.99,38193.99,50081.12,24.0,24.3
2,2023-08-08,20.02,45860.88,49963.93,23.9,24.4
2,2023-08-09,19.29,43279.42,49844.87,24.2,24.6
2,2023-08-10,23.40,46194.62,49724.08,22.8,23.9
2,2023-08-11,21.45,33606.47,49601.67,23.3,24.1
2,2023-08-12,16.47,38491.10,49477.76,23.4,25.1
2,2023-08-13,18.85,46257.26,49352.49,24.8,25.4
2,2023-08-14,18.88,42152.54,49225.94,24.8,25.4
2,2023-08-15,20.81,44076.76,49098.26,24.3,25.0
2,2023-08-16,21.96,46800.00,48969.53,23.8,24.4
2,2023-08-17,21.80,45812.44,48839.87,25.0,25.8
2,2023-08-18,22.27,46012.41,48709.40,24.6,25.3
2,2023-08-19,20.71,42958.85,48578.21,24.7,25.6
2,2023-08-20,19.81,43166.71,48446.40,24.8,25.4
2,2023-08-21,20.46,42493.74,48314.07,24.0,24.8
2,2023-08-22,21.70,46664.48,48181.34,24.5,25.0
2,2023-08-23,21.02,46613.57,48048.28,24.4,25.3
2,2023-08-24,23.07,46562.81,47915.00,24.0,25.0
2,2023-08-25,23.42,46512.24,47781.59,23.9,24.3
2,2023-08-26,21.87,41199.47,47647.97,23.2,24.2
2,2023-08-27,19.03,39537.48,47513.21,21.6,22.9
2,2023-08-28,19.31,45748.95,47377.23,22.6,24.9
2,2023-08-29,19.02,46310.71,47240.14,23.9,24.3
2,2023-08-30,21.34,41805.83,47102.05,24.0,25.0
2,2023-08-31,23.30,46210.18,46963.04,23.1,24.7
2,2023-09-01,22.74,44361.95,46823.23,22.9,24.0
2,2023-09-02,20.07,45557.09,46682.70,23.2,23.7
2,2023-09-03,19.17,35896.20,46541.56,23.3,24.6
2,2023-09-04,5.82,8721.68,46399.89,24.3,25.4
2,2023-09-05,15.14,34806.77,46257.80,24.4,25.7
2,2023-09-06,6.77,9909.16,46115.36,22.3,25.2
2,2023-09-07,18.47,29728.16,45972.68,19.9,21.5
2,2023-09-08,6.18,7323.38,45829.83,21.8,23.5
2,2023-09-09,18.80,41235.25,45686.91,24.2,25.5
2,2023-09-10,19.12,39802.15,45544.00,24.1,24.7
2,2023-09-11,18.40,38277.63,45401.19,23.3,24.3
2,2023-09-12,20.08,42267.38,45258.57,22.1,22.9
2,2023-09-13,18.59,42335.88,45116.22,22.1,23.1
2,2023-09-14,18.20,39787.53,44974.22,22.4,25.2
2,2023-09-15,13.72,30244.65,44832.48,22.3,23.3
2,2023-09-16,16.24,36973.67,44690.05,23.5,24.1
2,2023-09-17,15.36,37739.06,44546.86,24.1,24.7
2,2023-09-18,17.94,39600.00,44402.99,23.9,25.1
2,2023-09-19,15.81,34698.88,44258.53,22.2,24.0
2,2023-09-20,8.89,10669.29,44113.57,20.9,21.9
2,2023-09-21,5.31,811.23,43968.22,20.7,23.0
2,2023-09-22,9.59,21805.21,43822.55,19.3,21.9
2,2023-09-23,8.64,21664.16,43676.66,14.8,18.7
2,2023-09-24,18.15,39661.86,43530.63,14.8,15.9
2,2023-09-25,13.99,27389.69,43384.56,17.8,19.3
2,2023-09-26,9.56,13560.47,43238.53,19.0,19.9
2,2023-09-27,6.62,7442.05,43092.63,19.7,20.8
2,2023-09-28,13.99,39677.56,42946.95,19.1,22.4
2,2023-09-29,17.21,32400.00,42801.58,16.4,19.9
2,2023-09-30,9.99,20812.93,42656.62,18.4,20.1
2,2023-10-01,13.74,33435.64,42512.14,16.4,21.0
2,2023-10-02,17.85,39600.00,42368.24,10.2,12.4
2,2023-10-03,16.72,32139.56,42225.03,12.9,16.4
2,2023-10-04,5.32,1157.73,42082.56,16.2,17.5
2,2023-10-05,12.81,36051.39,41940.77,10.6,17.4
2,2023-10-06,16.51,39600.00,41798.63,7.8,10.2
2,2023-10-07,16.28,39600.00,41656.03,9.4,10.7
2,2023-10-08,14.90,25200.00,41513.09,12.0,15.3
2,2023-10-09,4.20,0.00,41369.90,15.8,16.9
2,2023-10-10,13.52,39600.00,41226.56,14.4,18.7
2,2023-10-11,15.47,39600.00,41083.18,10.2,12.5
2,2023-10-12,17.06,39591.35,40939.87,7.7,11.2
2,2023-10-13,16.76,39504.17,40796.73,9.1,11.6
2,2023-10-14,15.78,32217.53,40653.86,10.2,14.3
2,2023-10-15,3.43,7200.00,40511.37,12.5,14.5
2,2023-10-16,15.37,39246.32,40369.37,10.3,13.2
2,2023-10-17,15.92,39161.96,40227.97,8.6,11.6
2,2023-10-18,16.02,38371.66,40087.28,12.3,15.5
2,2023-10-19,15.21,36611.31,39947.42,13.0,16.5
2,2023-10-20,9.89,27944.56,39808.49,13.5,18.7
2,2023-10-21,13.68,38211.16,39670.63,5.3,8.3
2,2023-10-22,14.68,38756.89,39533.94,5.6,8.7
2,2023-10-23,13.68,35142.01,39398.55,10.0,13.2
2,2023-10-24,13.77,38042.42,39264.58,11.4,12.7
2,2023-10-25,12.18,32826.99,39131.94,12.3,14.4
2,2023-10-26,14.01,37823.22,38999.51,10.5,12.8
2,2023-10-27,13.15,37194.59,38867.18,11.1,12.8
2,2023-10-28,11.32,35947.30,38735.07,11.8,12.8
2,2023-10-29,10.30,28968.89,38603.31,10.2,12.5
2,2023-10-30,13.83,37128.18,38472.04,8.3,11.3
2,2023-10-31,12.57,36487.72,38341.36,10.8,12.3
2,2023-11-01,13.59,36771.14,38211.40,11.0,14.2
2,2023-11-02,12.61,36125.80,38082.31,12.0,15.3
2,2023-11-03,13.39,36408.39,37954.22,12.4,16.8
2,2023-11-04,5.15,7200.00,37827.25,14.9,16.4
2,2023-11-05,5.75,14382.41,37701.55,15.1,16.7
2,2023-11-06,10.02,28368.58,37577.26,17.0,19.1
2,2023-11-07,6.33,22749.45,37454.52,9.8,17.6
2,2023-11-08,12.63,34647.35,37333.49,6.8,8.8
2,2023-11-09,12.38,35285.00,37214.29,10.3,13.5
2,2023-11-10,6.00,13073.29,37097.11,10.6,15.4
2,2023-11-11,11.06,28800.00,36982.07,-1.1,0.8
2,2023-11-12,3.64,6119.93,36869.35,3.9,7.0
2,2023-11-13,10.32,31888.24,36759.10,1.0,2.4
2,2023-11-14,9.33,33134.47,36651.28,2.6,5.2
2,2023-11-15,9.62,34138.24,36544.77,5.3,7.5
2,2023-11-16,11.22,28800.00,36439.47,8.2,11.2
2,2023-11-17,1.75,5415.12,36335.52,8.4,14.3
2,2023-11-18,11.58,32630.29,36233.06,2.2,6.6
2,2023-11-19,8.99,28800.00,36132.19,6.0,7.2
2,2023-11-20,10.05,33352.34,36033.07,0.9,6.2
2,2023-11-21,11.46,33388.52,35935.82,3.8,8.1
2,2023-11-22,11.21,29009.60,35840.58,7.3,9.5
2,2023-11-23,6.95,26809.28,35747.48,9.7,17.3
2,2023-11-24,7.92,31471.78,35656.67,2.5,12.0
2,2023-11-25,8.32,32872.09,35568.28,-3.2,-0.3
2,2023-11-26,8.32,29320.61,35482.46,3.2,5.4
2,2023-11-27,9.93,32607.80,35399.36,7.0,10.6
2,2023-11-28,8.97,21600.00,35319.11,3.6,9.4
2,2023-11-29,5.80,20166.60,35241.87,2.8,5.5
2,2023-11-30,7.82,31882.10,35167.79,-2.3,4.7
2,2023-12-01,9.72,32400.00,35097.01,-1.4,0.2
2,2023-12-02,10.50,32426.94,35029.68,-0.8,1.2
2,2023-12-03,10.00,32454.67,34965.96,1.4,4.5
2,2023-12-04,10.23,32066.70,34905.85,1.0,5.8
2,2023-12-05,7.24,23119.61,34848.62,5.1,7.6
2,2023-12-06,5.17,15011.31,34794.21,6.3,10.3
2,2023-12-07,8.05,25625.99,34742.67,3.4,8.7
2,2023-12-08,8.90,32400.00,34694.08,4.4,7.2
2,2023-12-09,9.99,32400.00,34648.49,7.1,11.4
2,2023-12-10,8.32,31254.72,34605.97,5.9,11.3
2,2023-12-11,6.79,28800.00,34566.58,4.2,7.1
2,2023-12-12,4.91,15801.75,34530.40,4.0,8.7
2,2023-12-13,8.26,32400.00,34497.46,-0.7,0.7
2,2023-12-14,9.30,28800.00,34467.84,1.1,2.6
2,2023-12-15,1.61,0.00,34441.60,7.0,9.1
2,2023-12-16,7.08,28817.72,34418.79,7.8,13.3
2,2023-12-17,6.76,28800.00,34399.47,-4.9,-0.4
2,2023-12-18,7.85,28800.00,34383.69,-5.0,-2.4
2,2023-12-19,7.69,32400.00,34371.52,-0.6,1.3
2,2023-12-20,8.13,31699.34,34362.99,0.2,2.9
2,2023-12-21,8.08,32400.00,34358.17,-5.4,0.8
2,2023-12-22,7.36,30326.16,34357.11,-5.8,-0.2
2,2023-12-23,8.58,32400.00,34359.83,-5.3,-3.6
2,2023-12-24,8.25,30127.89,34366.42,-1.2,1.0
2,2023-12-25,9.38,32400.00,34376.90,-0.2,2.5
2,2023-12-26,9.21,32400.00,34391.22,-0.0,2.8
2,2023-12-27,9.88,32400.00,34409.33,-5.0,-3.6
2,2023-12-28,10.16,32400.00,34431.15,-2.2,2.1
2,2023-12-29,9.64,32400.00,34456.62,1.4,3.4
2,2023-12-30,9.35,29761.92,34485.66,4.4,5.5
2,2023-12-31,4.44,14055.17,34518.21,4.9,7.3
2,2024-01-01,7.62,32400.00,34554.20,-2.6,-0.8
2,2024-01-02,8.48,22281.59,34593.55,0.9,2.7
2,2024-01-03,5.13,8234.21,34636.18,5.4,6.5
2,2024-01-04,9.28,29064.07,34682.02,-0.8,4.1
2,2024-01-05,10.28,31896.48,34731.01,0.8,3.7
2,2024-01-06,6.32,31211.62,34783.05,4.0,6.2
2,2024-01-07,10.27,32580.38,34838.07,-5.0,-3.0
2,2024-01-08,10.03,32551.42,34896.01,-5.6,-2.3
2,2024-01-09,10.02,30845.98,34956.77,-1.3,1.0
2,2024-01-10,9.18,27207.18,35020.28,-4.6,-0.8
2,2024-01-11,8.51,32462.34,35086.46,-4.5,1.0
2,2024-01-12,8.84,32760.74,35155.25,-2.4,1.2
2,2024-01-13,8.77,32305.59,35226.70,-5.5,-0.8
2,2024-01-14,10.79,34034.20,35301.63,-3.8,0.2
2,2024-01-15,9.56,33335.27,35380.02,-8.6,-5.3
2,2024-01-16,10.20,33632.56,35461.72,-7.3,-2.3
2,2024-01-17,10.89,33711.15,35546.56,-2.9,-0.1
2,2024-01-18,7.92,26742.78,35634.41,2.9,7.4
2,2024-01-19,11.05,33501.44,35725.09,-2.3,-1.4
2,2024-01-20,10.21,28397.63,35818.46,0.6,5.0
2,2024-01-21,0.61,0.00,35914.37,7.4,9.3
2,2024-01-22,2.87,2895.75,36012.67,5.3,7.5
2,2024-01-23,9.92,35032.90,36113.20,-4.3,-0.8
2,2024-01-24,11.07,35100.38,36215.84,-6.5,-4.6
2,2024-01-25,11.12,33147.20,36320.42,-5.6,-4.2
2,2024-01-26,8.16,33580.62,36426.83,-3.6,-2.9
2,2024-01-27,10.39,35161.28,36534.89,-2.8,-1.1
2,2024-01-28,10.35,27523.18,36644.51,-2.2,-1.6
2,2024-01-29,12.68,35439.78,36755.51,-2.6,0.2
2,2024-01-30,11.98,35507.38,36867.79,-1.3,0.5
2,2024-01-31,9.82,31107.69,36981.22,1.1,3.7
2,2024-02-01,7.56,27979.91,37095.66,-5.9,1.8
2,2024-02-02,12.37,35707.88,37211.20,-6.0,-4.8
2,2024-02-03,10.79,32839.82,37329.01,-5.1,-3.7
2,2024-02-04,12.63,32241.17,37449.12,-3.4,-1.1
2,2024-02-05,3.11,0.00,37571.39,-0.1,2.1
2,2024-02-06,4.78,3600.00,37695.66,-3.4,-1.3
2,2024-02-07,13.46,36000.00,37821.77,-2.3,-0.7
2,2024-02-08,13.10,36000.00,37949.58,-2.6,-0.7
2,2024-02-09,11.80,36000.00,38078.93,-2.5,0.2
2,2024-02-10,14.36,36000.00,38209.68,-1.4,1.8
2,2024-02-11,13.11,36000.00,38341.69,-4.4,-2.5
2,2024-02-12,14.21,36433.48,38474.81,-4.4,-2.3
2,2024-02-13,15.06,36396.29,38608.92,-0.0,4.3
2,2024-02-14,14.66,36358.70,38743.86,5.1,10.1
2,2024-02-15,13.37,33904.18,38879.52,5.1,10.1
2,2024-02-16,14.66,36282.22,39015.77,-5.6,-4.4
2,2024-02-17,14.90,36546.72,39152.46,-0.0,2.2
2,2024-02-18,14.84,35162.71,39289.49,7.4,10.4
2,2024-02-19,8.72,23687.00,39426.72,11.1,13.5
2,2024-02-20,8.28,21807.81,39564.03,2.1,11.3
2,2024-02-21,1.74,0.00,39701.30,1.8,2.7
2,2024-02-22,3.49,836.75,39838.63,-1.9,0.0
2,2024-02-23,4.31,7866.08,39977.19,-2.8,-1.6
2,2024-02-24,15.01,32400.00,40117.06,-4.1,-2.9
2,2024-02-25,6.94,1281.31,40258.12,1.9,3.8
2,2024-02-26,12.60,27386.42,40400.26,-3.1,1.7
2,2024-02-27,6.20,8751.02,40543.36,-1.1,1.3
2,2024-02-28,15.34,38173.81,40687.29,-2.7,-1.7
2,2024-02-29,12.77,32400.00,40831.96,2.1,5.7
2,2024-03-01,10.79,31890.12,40977.24,-1.2,4.7
2,2024-03-02,16.52,39144.98,41123.02,-6.5,-2.7
2,2024-03-03,16.04,32400.00,41269.20,-3.2,0.3
2,2024-03-04,12.59,31274.23,41415.66,-4.6,-3.0
2,2024-03-05,7.52,6456.61,41562.30,-0.2,3.2
2,2024-03-06,3.66,7003.68,41709.02,-1.2,1.2
2,2024-03-07,14.32,32400.00,41855.71,-2.7,-0.2
2,2024-03-08,6.66,8886.89,42002.26,-0.2,1.7
2,2024-03-09,19.05,40062.25,42148.57,-5.1,-0.7
2,2024-03-10,18.32,40908.95,42294.54,-4.3,-1.1
2,2024-03-11,19.32,34648.47,42440.06,-1.4,2.7
2,2024-03-12,5.14,7203.72,42585.03,2.9,8.2
2,2024-03-13,17.42,40234.10,42729.55,-3.1,-0.3
2,2024-03-14,18.71,40496.05,42874.66,-0.4,2.7
2,2024-03-15,20.08,41340.69,43020.49,-0.8,3.1
2,2024-03-16,20.26,41893.50,43166.93,0.4,8.7
2,2024-03-17,17.03,39600.00,43313.89,3.3,13.7
2,2024-03-18,19.85,42115.15,43461.28,-6.4,-5.2
2,2024-03-19,16.06,32400.00,43608.99,-2.2,1.2
2,2024-03-20,6.74,8765.42,43756.94,-2.2,4.7
2,2024-03-21,17.38,40876.02,43905.05,-5.6,-4.3
2,2024-03-22,20.16,42337.90,44053.20,-3.9,0.2
2,2024-03-23,8.61,12987.18,44201.32,2.8,4.7
2,2024-03-24,19.84,42448.39,44349.30,5.9,8.5
2,2024-03-25,11.39,19238.88,44497.06,7.6,9.5
2,2024-03-26,2.74,7267.93,44644.50,2.7,7.6
2,2024-03-27,21.84,42635.70,44791.52,-2.3,0.4
2,2024-03-28,18.21,27506.63,44938.03,6.0,11.2
2,2024-03-29,8.20,21122.82,45083.94,9.4,15.5
2,2024-03-30,18.27,36355.49,45229.14,5.5,9.1
2,2024-03-31,16.35,38207.77,45373.53,3.7,6.6
2,2024-04-01,21.51,43269.85,45517.02,0.5,3.8
2,2024-04-02,22.67,42990.14,45659.69,2.5,7.5
2,2024-04-03,11.00,8665.91,45802.54,8.6,10.3
2,2024-04-04,19.77,43050.47,45945.65,5.4,13.5
2,2024-04-05,22.32,42816.31,46088.96,2.9,8.5
2,2024-04-06,10.17,12852.70,46232.36,10.9,12.5
2,2024-04-07,19.41,37844.36,46375.76,13.1,14.4
2,2024-04-08,13.35,27875.20,46519.06,14.8,15.2
2,2024-04-09,4.45,9882.84,46662.17,4.0,15.2
2,2024-04-10,24.43,45843.90,46805.01,2.8,4.2
2,2024-04-11,19.51,33378.83,46947.46,6.8,9.6
2,2024-04-12,14.90,37916.73,47089.43,9.7,11.3
2,2024-04-13,23.60,46319.41,47230.83,9.3,11.3
2,2024-04-14,23.14,46480.89,47371.54,11.9,14.1
2,2024-04-15,24.09,43200.00,47511.48,11.9,15.8
2,2024-04-16,20.44,43410.33,47650.51,12.5,14.9
2,2024-04-17,19.06,45309.39,47788.56,10.3,15.7
2,2024-04-18,18.44,26737.44,47925.49,10.4,12.9
2,2024-04-19,18.20,44359.23,48061.21,6.4,7.0
2,2024-04-20,19.91,31657.92,48195.60,4.6,7.5
2,2024-04-21,21.15,37070.84,48328.53,7.8,10.1
2,2024-04-22,20.23,35973.48,48460.08,11.1,12.6
2,2024-04-23,8.63,801.30,48591.21,10.5,12.7
2,2024-04-24,6.97,3600.00,48722.01,12.9,14.2
2,2024-04-25,24.15,46800.00,48852.37,9.5,11.6
2,2024-04-26,24.06,32509.15,48982.19,15.0,17.4
2,2024-04-27,17.64,34182.75,49111.37,16.1,17.7
2,2024-04-28,24.43,46696.10,49239.81,13.3,18.5
2,2024-04-29,22.33,34682.43,49367.41,14.5,15.8
2,2024-04-30,15.88,29166.90,49494.05,14.1,17.6
2,2024-05-01,12.08,16992.86,49619.61,6.9,9.8
2,2024-05-02,24.37,46800.00,49744.00,6.2,9.3
2,2024-05-03,26.56,46800.00,49867.09,7.6,17.1
2,2024-05-04,26.38,46800.00,49988.76,12.8,16.0
2,2024-05-05,23.67,39294.24,50108.90,10.8,17.0
2,2024-05-06,7.55,5490.16,50227.39,13.3,16.7
2,2024-05-07,8.38,9843.45,50344.09,13.9,18.0
2,2024-05-08,13.55,24657.56,50458.89,8.0,9.5
2,2024-05-09,17.03,36469.66,50571.65,3.7,7.6
2,2024-05-10,27.05,46800.00,50682.23,9.7,13.7
2,2024-05-11,25.52,46800.00,50790.52,12.9,15.1
2,2024-05-12,16.65,25200.00,50896.52,14.8,17.8
2,2024-05-13,5.83,7475.39,51001.10,12.2,19.2
2,2024-05-14,25.21,46800.00,51104.33,9.0,11.9
2,2024-05-15,22.90,36000.00,51206.09,13.7,14.8
2,2024-05-16,9.55,10855.97,51306.30,12.4,15.9
2,2024-05-17,20.31,46700.06,51404.84,8.5,10.9
2,2024-05-18,27.08,44268.69,51501.63,12.5,15.0
2,2024-05-19,13.75,15547.45,51596.55,15.4,17.4
2,2024-05-20,12.65,30162.46,51689.51,14.6,16.2
2,2024-05-21,25.97,46963.75,51780.39,7.5,13.6
2,2024-05-22,27.70,47182.89,51869.08,11.6,15.0
2,2024-05-23,25.36,46307.90,51955.48,16.0,17.8
2,2024-05-24,24.73,47001.98,52039.49,12.6,19.3
2,2024-05-25,27.55,47948.65,52120.97,7.4,9.9
2,2024-05-26,24.49,36763.06,52199.82,14.1,17.1
2,2024-05-27,14.84,27834.42,52275.94,17.0,18.4
2,2024-05-28,6.48,0.00,52349.20,15.2,17.2
2,2024-05-29,25.26,48147.40,52419.49,10.9,15.5
2,2024-05-30,20.64,31166.02,52486.69,17.4,18.9
2,2024-05-31,9.21,10981.76,52550.69,15.1,18.1
2,2024-06-01,19.45,36137.21,52611.48,14.0,15.1
2,2024-06-02,12.84,20460.82,52669.58,14.3,16.0
2,2024-06-03,17.68,30006.65,52725.02,13.3,14.8
2,2024-06-04,19.97,40935.07,52777.76,13.0,13.6
2,2024-06-05,24.63,48634.40,52827.74,13.3,15.2
2,2024-06-06,24.78,35320.93,52874.93,15.1,16.0
2,2024-06-07,17.79,33651.57,52919.26,15.3,17.0
2,2024-06-08,27.26,43970.80,52960.69,15.5,16.8
2,2024-06-09,17.01,26029.33,52999.17,17.1,19.0
2,2024-06-10,22.20,43814.25,53034.65,16.0,17.9
2,2024-06-11,26.27,49195.74,53067.09,17.8,19.3
2,2024-06-12,24.96,48857.92,53096.44,18.9,20.1
2,2024-06-13,23.98,47868.17,53122.64,19.1,20.4
2,2024-06-14,27.33,47541.81,53145.68,17.9,20.4
2,2024-06-15,22.71,34121.92,53165.49,17.6,19.4
2,2024-06-16,23.67,48168.97,53182.04,18.6,21.6
2,2024-06-17,21.88,27003.53,53195.28,16.7,21.0
2,2024-06-18,7.59,11547.15,53205.19,16.9,21.1
2,2024-06-19,28.22,50782.35,53211.71,16.5,18.7
2,2024-06-20,26.49,39223.25,53214.82,18.3,20.1
2,2024-06-21,10.83,11234.78,53214.48,17.9,21.0
2,2024-06-22,23.98,35830.40,53210.65,18.3,20.8
2,2024-06-23,8.91,4507.06,53203.38,19.9,21.0
2,2024-06-24,20.08,37279.42,53192.69,20.3,25.3
2,2024-06-25,18.76,38461.75,53178.64,20.6,23.2
2,2024-06-26,24.92,49664.53,53161.28,14.6,17.1
2,2024-06-27,24.32,33086.63,53140.64,17.0,18.5
2,2024-06-28,8.41,5471.54,53116.79,19.4,20.3
2,2024-06-29,26.46,50234.60,53089.76,19.4,21.1
2,2024-06-30,12.97,14877.08,53059.62,22.2,24.8
2,2024-07-01,14.72,28320.79,53026.41,19.9,23.3
2,2024-07-02,23.62,43200.00,52990.18,20.1,21.7
2,2024-07-03,15.26,26627.50,52951.00,22.0,23.2
2,2024-07-04,25.00,45835.96,52908.92,21.6,26.3
2,2024-07-05,25.10,44338.21,52863.98,21.9,24.8
2,2024-07-06,16.95,26804.98,52816.25,23.2,26.0
2,2024-07-07,23.95,37881.77,52765.79,24.3,28.0
2,2024-07-08,4.26,0.00,52712.65,23.5,25.0
2,2024-07-09,8.33,5163.28,52656.89,22.7,26.8
2,2024-07-10,11.80,12775.02,52598.56,22.8,24.7
2,2024-07-11,12.17,20914.12,52537.63,22.2,24.8
2,2024-07-12,10.31,10507.32,52473.53,21.3,22.5
2,2024-07-13,25.88,41938.54,52406.25,20.2,22.8
2,2024-07-14,17.04,22098.29,52335.93,21.0,22.1
2,2024-07-15,17.83,25740.33,52262.67,18.7,20.4
2,2024-07-16,16.11,24847.22,52186.61,20.0,20.6
2,2024-07-17,18.07,38207.69,52107.85,22.2,24.2
2,2024-07-18,16.60,32457.48,52026.50,22.2,24.1
2,2024-07-19,14.51,20855.62,51942.69,23.6,24.8
2,2024-07-20,20.95,43548.73,51856.53,23.7,26.7
2,2024-07-21,25.82,48175.89,51768.14,23.6,24.5
2,2024-07-22,25.75,48825.06,51677.61,22.7,25.8
2,2024-07-23,21.36,41310.51,51585.06,24.1,27.5
2,2024-07-24,11.93,17351.86,51490.60,22.4,25.4
2,2024-07-25,14.36,27177.13,51394.35,23.3,25.6
2,2024-07-26,17.83,31282.98,51296.39,24.0,28.8
2,2024-07-27,16.43,35938.29,51196.85,23.9,24.7
2,2024-07-28,12.82,32709.12,51095.81,23.3,25.4
2,2024-07-29,16.94,39070.11,50993.39,23.6,26.4
2,2024-07-30,22.88,42617.16,50889.68,21.6,23.2
2,2024-07-31,21.81,47431.70,50784.61,23.6,25.1
2,2024-08-01,23.69,47198.62,50677.33,22.0,22.9
2,2024-08-02,23.47,47482.09,50567.82,22.5,23.3
2,2024-08-03,24.77,47199.07,50456.21,22.8,23.7
2,2024-08-04,22.08,46918.08,50342.60,23.8,24.7
2,2024-08-05,22.57,46473.33,50227.15,23.7,24.6
2,2024-08-06,22.63,43377.38,50109.98,23.2,24.6
2,2024-08-07,17.77,43029.89,49991.19,23.6,24.4
2,2024-08-08,21.91,46800.00,49870.92,23.4,24.1
2,2024-08-09,22.86,41416.09,49749.28,23.6,24.6
2,2024-08-10,14.28,20891.87,49626.39,22.6,24.2
2,2024-08-11,12.54,19834.66,49502.35,23.1,24.6
2,2024-08-12,13.23,32171.76,49377.29,25.5,26.3
2,2024-08-13,21.24,45562.52,49251.31,25.2,26.0
2,2024-08-14,19.56,43530.16,49124.51,25.0,26.9
2,2024-08-15,17.85,34565.52,48997.00,25.0,25.6
2,2024-08-16,12.03,17396.88,48868.88,24.7,25.5
2,2024-08-17,19.22,41117.56,48740.26,24.2,25.2
2,2024-08-18,21.85,46399.13,48611.22,24.2,24.7
2,2024-08-19,18.55,39759.82,48481.87,24.5,25.3
2,2024-08-20,19.57,37041.30,48352.14,23.5,25.2
2,2024-08-21,17.63,42324.82,48221.08,22.2,23.0
2,2024-08-22,17.10,29802.64,48088.64,23.4,24.2
2,2024-08-23,17.31,38528.36,47954.91,25.0,25.9
2,2024-08-24,15.92,28298.50,47820.02,25.7,27.2
2,2024-08-25,13.20,38193.38,47684.07,24.3,25.8
2,2024-08-26,16.09,33533.59,47547.16,24.0,25.3
2,2024-08-27,17.58,45876.21,47409.40,23.4,24.1
2,2024-08-28,16.50,33745.18,47270.88,23.7,24.1
2,2024-08-29,9.89,5799.34,47131.71,23.6,24.0
2,2024-08-30,11.96,20231.52,46991.97,24.3,24.8
2,2024-08-31,14.04,30543.06,46851.77,24.5,26.0
2,2024-09-01,15.68,43937.24,46711.20,24.5,25.7
2,2024-09-02,19.40,39518.75,46570.35,22.0,25.2
2,2024-09-03,12.57,22047.39,46429.31,19.9,20.6
2,2024-09-04,16.06,34804.21,46288.18,20.1,20.8
2,2024-09-05,17.22,40442.21,46147.04,21.8,23.2
2,2024-09-06,20.20,39966.22,46005.98,22.1,23.2
2,2024-09-07,18.49,42854.93,45865.08,23.1,23.9
2,2024-09-08,11.21,26111.09,45724.43,21.4,22.5
2,2024-09-09,10.82,27178.22,45583.94,22.2,23.0
2,2024-09-10,18.76,43926.93,45442.67,23.6,24.6
2,2024-09-11,18.92,42829.40,45300.55,24.5,26.4
2,2024-09-12,17.56,40138.85,45157.65,24.1,25.5
2,2024-09-13,15.69,32564.33,45014.08,24.1,25.4
2,2024-09-14,9.27,17460.14,44869.92,22.1,24.8
2,2024-09-15,10.95,14784.02,44725.27,24.5,27.2
2,2024-09-16,9.24,13803.97,44580.23,18.7,21.4
2,2024-09-17,19.59,40924.95,44434.86,22.6,25.4
2,2024-09-18,11.59,23026.01,44289.27,23.1,23.7
2,2024-09-19,13.42,22664.74,44143.55,21.8,22.8
2,2024-09-20,5.42,9530.10,43997.77,22.3,25.7
2,2024-09-21,2.19,0.00,43852.03,16.8,18.8
2,2024-09-22,3.26,0.00,43706.41,17.1,18.2
2,2024-09-23,7.80,14964.58,43561.00,14.1,16.0
2,2024-09-24,14.71,34873.33,43415.89,12.8,14.1
2,2024-09-25,6.70,7511.12,43271.15,19.0,20.2
2,2024-09-26,12.70,32400.00,43126.90,19.4,20.6
2,2024-09-27,12.83,23492.85,42983.20,20.8,21.8
2,2024-09-28,12.00,20880.16,42840.14,18.3,18.9
2,2024-09-29,13.37,27850.60,42697.64,16.7,17.7
2,2024-09-30,12.74,35233.63,42554.68,16.0,17.3
2,2024-10-01,12.87,31838.35,42411.19,18.1,19.8
2,2024-10-02,16.84,32400.00,42267.25,18.4,23.2
2,2024-10-03,4.69,0.00,42122.98,18.0,21.4
2,2024-10-04,7.55,8328.97,41978.45,19.5,24.5
2,2024-10-05,7.47,9606.76,41833.78,17.0,17.8
2,2024-10-06,5.54,3600.00,41689.06,17.8,18.7
2,2024-10-07,9.71,22927.83,41544.39,17.8,20.5
2,2024-10-08,4.14,0.00,41399.86,14.1,15.8
2,2024-10-09,2.57,2440.74,41255.59,14.7,15.9
2,2024-10-10,12.27,38770.75,41111.66,11.7,15.2
2,2024-10-11,14.44,39547.68,40968.19,12.3,14.0
2,2024-10-12,16.07,39518.45,40825.27,13.0,15.2
2,2024-10-13,16.07,32232.03,40683.01,13.8,17.1
2,2024-10-14,7.96,15667.06,40541.52,13.4,15.1
2,2024-10-15,13.51,35271.79,40400.91,15.8,17.7
2,2024-10-16,7.15,14079.26,40261.28,17.4,20.0
2,2024-10-17,13.02,34450.32,40122.74,15.3,16.6
2,2024-10-18,8.40,24381.06,39985.42,19.2,20.5
2,2024-10-19,12.07,30368.92,39849.21,13.8,23.7
2,2024-10-20,12.54,38860.92,39713.01,3.5,5.1
2,2024-10-21,13.15,38544.45,39576.72,10.5,13.2
2,2024-10-22,9.36,18362.74,39440.46,15.5,17.3
2,2024-10-23,7.20,14300.06,39304.35,17.1,20.7
2,2024-10-24,12.77,27878.52,39168.51,14.8,16.6
2,2024-10-25,14.34,33275.16,39033.04,11.9,13.3
2,2024-10-26,8.58,18861.59,38898.09,14.6,16.0
2,2024-10-27,10.67,24281.07,38763.77,15.3,17.2
2,2024-10-28,4.41,14326.28,38630.22,9.5,15.4
2,2024-10-29,12.95,25200.00,38497.55,8.8,13.2
2,2024-10-30,10.72,29863.93,38365.90,10.4,14.3
2,2024-10-31,13.09,35640.06,38235.41,9.6,12.8
2,2024-11-01,9.68,20008.73,38106.21,14.6,17.6
2,2024-11-02,2.03,6713.12,37978.43,12.9,15.3
2,2024-11-03,12.59,36079.35,37852.24,6.9,10.4
2,2024-11-04,13.08,34092.43,37727.76,11.2,12.7
2,2024-11-05,9.51,26607.87,37605.14,6.1,10.5
2,2024-11-06,6.51,23461.73,37484.53,5.5,8.3
2,2024-11-07,10.44,35126.85,37366.09,2.4,4.0
2,2024-11-08,9.20,35297.40,37249.76,3.0,4.6
2,2024-11-09,12.45,35068.36,37134.37,5.1,7.5
2,2024-11-10,10.19,26522.68,37019.86,11.8,13.2
2,2024-11-11,11.44,33885.65,36906.35,10.0,15.4
2,2024-11-12,10.63,30445.57,36793.95,9.6,12.2
2,2024-11-13,9.94,34412.20,36682.82,3.1,5.8
2,2024-11-14,10.97,28800.00,36573.08,8.1,13.6
2,2024-11-15,5.38,16363.53,36464.88,10.4,14.6
2,2024-11-16,9.22,30587.07,36358.35,11.0,14.4
2,2024-11-17,9.03,27802.26,36253.63,12.2,18.5
2,2024-11-18,8.45,31019.16,36150.87,-1.0,0.7
2,2024-11-19,9.62,32303.40,36050.21,-2.1,-1.2
2,2024-11-20,8.78,26675.48,35951.81,5.0,7.9
2,2024-11-21,8.41,31205.33,35855.82,5.0,7.3
2,2024-11-22,9.19,25597.81,35762.38,3.1,6.2
2,2024-11-23,10.49,32831.37,35671.65,0.9,2.5
2,2024-11-24,9.98,32864.44,35583.80,0.1,2.0
2,2024-11-25,10.86,32400.00,35498.97,0.4,1.8
2,2024-11-26,9.71,28133.88,35417.34,9.4,13.4
2,2024-11-27,8.33,28800.00,35339.05,6.3,8.8
2,2024-11-28,10.35,32659.23,35264.11,-0.0,3.9
2,2024-11-29,9.85,32400.00,35191.63,-0.2,1.6
2,2024-11-30,7.68,32281.81,35121.55,0.8,2.8
2,2024-12-01,5.78,19597.01,35053.95,2.1,3.5
2,2024-12-02,9.03,32400.00,34988.93,5.7,6.9
2,2024-12-03,9.05,29461.39,34926.57,5.7,7.5
2,2024-12-04,7.73,31040.22,34866.96,2.3,5.8
2,2024-12-05,9.17,32400.00,34810.20,1.7,3.0
2,2024-12-06,7.26,32400.00,34756.37,-0.2,2.9
2,2024-12-07,9.93,32400.00,34705.58,-3.8,-2.1
2,2024-12-08,7.91,32003.50,34657.89,-2.5,-1.5
2,2024-12-09,9.61,32400.00,34613.41,-0.6,0.6
2,2024-12-10,9.12,29643.78,34572.23,0.2,1.6
2,2024-12-11,5.93,19892.57,34534.43,-3.3,1.2
2,2024-12-12,8.92,30988.00,34500.10,-4.3,-2.2
2,2024-12-13,7.14,24112.73,34469.33,-1.3,0.5
2,2024-12-14,9.74,32400.00,34442.21,-4.1,-2.0
2,2024-12-15,7.80,32400.00,34418.81,-1.9,2.0
2,2024-12-16,7.48,32325.66,34399.22,-2.0,0.6
2,2024-12-17,6.83,24299.60,34383.53,-0.7,0.7
2,2024-12-18,8.69,28800.00,34371.77,-5.5,-0.2
2,2024-12-19,9.31,32400.00,34363.78,-4.1,-2.2
2,2024-12-20,9.06,30978.88,34359.49,-2.7,0.4
2,2024-12-21,8.53,32400.00,34358.87,-1.4,1.3
2,2024-12-22,9.21,32400.00,34361.89,-5.9,-2.2
2,2024-12-23,8.87,29493.37,34368.52,-4.7,-3.3
2,2024-12-24,9.26,32400.00,34378.73,-4.0,-0.4
2,2024-12-25,8.35,24726.24,34392.47,-1.5,1.4
2,2024-12-26,5.86,22108.27,34409.73,-1.0,2.2
2,2024-12-27,7.57,32400.00,34430.43,-5.4,-3.8
2,2024-12-28,9.95,32400.00,34454.56,-5.0,-3.5
2,2024-12-29,6.92,24299.83,34482.08,-4.7,-1.9
2,2024-12-30,9.71,28800.00,34512.93,-3.9,-1.5
2,2024-12-31,8.51,32400.00,34547.07,-1.8,2.4
2,2025-01-01,10.00,30729.28,34584.46,-3.2,-0.8
2,2025-01-02,7.43,30534.97,34625.04,-3.4,-0.5
2,2025-01-03,9.75,31449.66,34668.78,-6.1,-4.4
2,2025-01-04,9.96,32642.76,34715.63,-6.1,-3.7
2,2025-01-05,8.16,26550.74,34765.53,-4.3,0.3
2,2025-01-06,5.77,20134.01,34818.43,1.4,4.4
2,2025-01-07,9.83,32561.59,34874.42,-1.1,2.6
2,2025-01-08,8.75,25200.00,34934.10,-5.0,-3.5
2,2025-01-09,8.93,32839.03,34997.47,-6.8,-4.5
2,2025-01-10,9.99,32808.54,35064.39,-4.4,-2.3
2,2025-01-11,10.44,30409.50,35134.70,-4.1,-2.7
2,2025-01-12,6.30,17161.52,35208.29,0.1,2.6
2,2025-01-13,10.41,33710.92,35284.98,-2.6,-1.0
2,2025-01-14,8.57,28711.63,35364.65,-0.1,2.0
2,2025-01-15,5.31,25593.25,35447.16,-5.8,-0.2
2,2025-01-16,9.20,34266.08,35532.37,-6.5,-2.7
2,2025-01-17,9.74,33800.22,35620.13,-6.8,-5.1
2,2025-01-18,8.73,33530.13,35710.32,-4.2,-1.9
2,2025-01-19,10.52,31209.28,35802.80,-1.0,1.3
2,2025-01-20,8.51,24661.23,35897.44,1.3,3.2
2,2025-01-21,6.25,28114.81,35994.10,1.4,2.7
2,2025-01-22,10.69,34033.23,36092.65,-0.8,0.6
2,2025-01-23,8.75,33667.25,36192.98,-0.6,2.2
2,2025-01-24,11.07,34474.12,36294.93,-3.0,-1.3
2,2025-01-25,11.02,35221.27,36398.42,-4.6,-2.6
2,2025-01-26,6.31,20870.10,36503.29,-3.4,-1.3
2,2025-01-27,11.03,34806.72,36609.65,-3.8,-0.5
2,2025-01-28,9.62,33600.47,36718.59,-2.8,0.3
2,2025-01-29,10.56,35485.55,36830.16,-4.3,-2.8
2,2025-01-30,10.25,34359.10,36944.19,-5.5,-4.2
2,2025-01-31,12.64,33022.79,37060.51,-6.3,-4.6
2,2025-02-01,9.60,32896.90,37178.97,-5.7,-3.1
2,2025-02-02,11.56,33091.51,37299.41,-3.3,-1.6
2,2025-02-03,9.00,31257.97,37421.67,0.5,3.4
2,2025-02-04,12.98,35891.17,37545.60,-7.4,-3.4
2,2025-02-05,12.55,35959.22,37671.06,-8.6,-5.8
2,2025-02-06,12.82,35692.97,37797.90,-7.5,-6.0
2,2025-02-07,9.59,30010.98,37925.97,-7.4,-4.6
2,2025-02-08,13.48,36000.00,38055.14,-5.5,-3.8
2,2025-02-09,13.18,35713.85,38185.26,-5.7,-4.3
2,2025-02-10,11.82,34899.27,38316.20,-6.5,-5.1
2,2025-02-11,14.53,36000.00,38447.83,-7.6,-4.6
2,2025-02-12,7.35,15122.02,38580.02,-2.6,2.8
2,2025-02-13,13.75,36063.04,38712.63,-6.2,-1.6
2,2025-02-14,13.72,36635.99,38845.55,-4.2,-2.1
2,2025-02-15,15.25,32920.49,38978.65,-3.4,0.9
2,2025-02-16,13.86,36863.37,39112.01,0.8,3.2
2,2025-02-17,13.67,36823.67,39246.84,-5.8,0.8
2,2025-02-18,15.08,37387.80,39383.20,-9.9,-7.6
2,2025-02-19,16.28,37345.52,39520.97,-8.2,-6.2
2,2025-02-20,15.32,37603.80,39660.02,-7.6,-6.2
2,2025-02-21,15.63,38161.18,39800.22,-8.1,-6.2
2,2025-02-22,15.83,37815.57,39941.45,-7.8,-6.0
2,2025-02-23,15.80,38452.22,40083.58,-8.1,-6.6
2,2025-02-24,15.16,38023.66,40226.49,-6.1,-4.6
2,2025-02-25,16.97,37379.90,40370.07,-3.7,2.5
2,2025-02-26,13.63,33794.74,40514.19,-2.9,-0.1
2,2025-02-27,16.11,36054.81,40658.74,-3.5,-0.3
2,2025-02-28,13.84,32199.38,40803.61,0.3,3.4
2,2025-03-01,17.29,36179.36,40948.68,1.8,5.5
2,2025-03-02,15.99,32498.87,41093.85,1.2,3.6
2,2025-03-03,4.76,3600.00,41239.00,-4.6,-0.1
2,2025-03-04,11.53,18189.80,41384.02,-1.7,5.5
2,2025-03-05,2.94,6894.94,41528.81,5.3,8.0
2,2025-03-06,15.58,37716.27,41673.26,-2.0,0.4
2,2025-03-07,17.61,39996.97,41817.25,-7.9,-5.0
2,2025-03-08,15.25,31257.97,41960.89,-2.0,1.7
2,2025-03-09,16.48,40069.70,42105.27,-1.7,0.5
2,2025-03-10,18.94,36358.84,42250.48,-0.1,2.0
2,2025-03-11,16.29,32871.08,42396.43,3.3,5.1
2,2025-03-12,15.77,35562.16,42543.02,7.1,9.1
2,2025-03-13,16.50,39600.00,42690.15,-1.4,3.1
2,2025-03-14,19.72,36534.92,42837.72,-4.8,-3.8
2,2025-03-15,9.04,7615.85,42985.64,-1.4,2.7
2,2025-03-16,2.30,794.49,43133.81,4.9,7.8
2,2025-03-17,18.21,41289.08,43282.14,-1.8,4.3
2,2025-03-18,18.63,34350.95,43430.54,-1.8,2.4
2,2025-03-19,5.52,7200.00,43578.90,-1.7,2.9
2,2025-03-20,17.65,41784.11,43727.13,-2.6,0.8
2,2025-03-21,18.96,42046.46,43875.14,0.6,2.1
2,2025-03-22,20.25,42309.06,44022.83,3.1,6.1
2,2025-03-23,19.84,42379.08,44170.10,2.1,6.1
2,2025-03-24,16.96,36000.00,44316.87,6.3,8.9
2,2025-03-25,19.89,42226.36,44463.02,8.8,14.7
2,2025-03-26,19.43,42490.23,44608.47,3.5,5.3
2,2025-03-27,18.83,32400.00,44753.11,9.8,12.8
2,2025-03-28,11.42,17169.11,44897.03,4.0,16.3
2,2025-03-29,5.34,3600.00,45041.24,-0.1,3.4
2,2025-03-30,20.75,40249.48,45185.85,-3.9,1.9
2,2025-03-31,17.64,35618.78,45330.74,-1.8,3.9
2,2025-04-01,3.75,0.00,45475.85,5.5,8.4
2,2025-04-02,4.04,0.00,45621.07,6.1,8.6
2,2025-04-03,4.52,7799.98,45766.32,3.7,4.8
2,2025-04-04,19.67,44177.46,45911.51,0.4,4.6
2,2025-04-05,22.62,43604.70,46056.53,3.9,8.0
2,2025-04-06,18.76,40751.61,46201.31,8.0,11.6
2,2025-04-07,22.29,44798.00,46345.74,2.9,4.7
2,2025-04-08,19.25,39691.49,46489.72,6.0,8.3
2,2025-04-09,19.05,43200.00,46633.17,2.7,5.9
2,2025-04-10,14.71,27284.72,46775.98,9.7,12.4
2,2025-04-11,15.88,30370.03,46918.04,9.9,12.7
2,2025-04-12,12.99,27047.89,47059.26,7.3,8.8
2,2025-04-13,5.09,0.00,47199.53,9.4,11.2
2,2025-04-14,12.31,27760.16,47338.75,8.3,13.7
2,2025-04-15,13.22,34397.66,47476.81,5.3,9.1
2,2025-04-16,21.65,46626.08,47613.60,1.9,4.4
2,2025-04-17,22.99,40425.73,47749.17,8.2,13.9
2,2025-04-18,21.39,42681.20,47884.53,12.2,14.2
2,2025-04-19,21.55,36000.00,48019.75,13.5,16.1
2,2025-04-20,12.17,15125.43,48154.73,10.7,16.0
2,2025-04-21,24.92,46800.00,48289.38,4.1,6.2
2,2025-04-22,21.88,32400.00,48423.59,9.0,13.0
2,2025-04-23,5.14,1390.70,48557.28,13.6,15.1
2,2025-04-24,16.32,32400.00,48690.31,10.4,13.7
2,2025-04-25,15.72,30136.35,48822.61,5.6,15.7
2,2025-04-26,24.94,46800.00,48954.05,4.3,8.8
2,2025-04-27,24.07,36000.00,49084.53,6.2,13.6
2,2025-04-28,14.23,21420.12,49213.94,9.3,10.4
2,2025-04-29,22.83,42287.60,49342.16,3.4,6.5
2,2025-04-30,22.08,46800.00,49469.08,5.5,8.1
2,2025-05-01,24.46,46734.80,49594.57,11.5,13.4
2,2025-05-02,11.76,19941.25,49718.51,11.7,13.6
2,2025-05-03,23.72,36919.29,49840.78,9.5,11.4
2,2025-05-04,18.34,39756.70,49961.26,7.1,14.3
2,2025-05-05,24.19,36000.00,50079.81,8.0,12.0
2,2025-05-06,5.13,0.00,50196.31,11.0,11.8
2,2025-05-07,21.76,46680.92,50310.79,5.3,11.6
2,2025-05-08,26.34,43865.64,50424.15,7.3,11.8
2,2025-05-09,18.32,31253.02,50536.46,13.0,15.5
2,2025-05-10,10.59,12095.60,50647.62,14.3,17.2
2,2025-05-11,16.41,28800.00,50757.53,10.2,12.5
2,2025-05-12,12.71,28505.16,50866.08,11.2,13.9
2,2025-05-13,26.50,46800.00,50973.17,12.7,16.2
2,2025-05-14,19.82,39240.20,51078.68,14.4,16.7
2,2025-05-15,19.24,36517.19,51182.52,15.5,17.2
2,2025-05-16,18.76,33198.58,51284.56,16.1,18.8
2,2025-05-17,7.75,8365.35,51384.69,17.1,20.6
2,2025-05-18,21.14,31579.68,51482.80,16.9,23.6
2,2025-05-19,21.94,43384.62,51578.78,10.8,16.1
2,2025-05-20,19.37,46193.50,51672.49,16.2,19.1
2,2025-05-21,24.71,39695.01,51763.83,17.0,21.3
2,2025-05-22,15.49,25101.73,51852.67,12.1,15.3
2,2025-05-23,22.26,33056.75,51938.88,11.6,12.9
2,2025-05-24,8.99,2275.50,52022.34,13.2,14.5
2,2025-05-25,10.84,7554.20,52102.94,10.7,14.1
2,2025-05-26,19.50,35370.81,52180.54,10.5,12.7
2,2025-05-27,17.08,25365.07,52255.13,11.6,13.7
2,2025-05-28,25.09,45250.71,52327.35,12.2,14.2
2,2025-05-29,21.70,32400.00,52397.26,14.2,14.8
2,2025-05-30,8.57,440.74,52464.76,12.4,15.4
2,2025-05-31,4.69,767.16,52529.81,11.8,13.6
2,2025-06-01,15.33,28631.66,52592.33,10.7,12.8
2,2025-06-02,25.15,37153.27,52652.25,14.8,16.3
2,2025-06-03,8.24,10897.09,52709.50,16.4,17.9
2,2025-06-04,19.49,43807.48,52764.01,13.4,17.0
2,2025-06-05,25.97,48552.05,52815.72,11.4,15.7
2,2025-06-06,22.01,32503.72,52864.55,17.4,20.4
2,2025-06-07,25.35,39600.52,52910.43,17.9,20.4
2,2025-06-08,21.30,41977.80,52953.30,17.8,19.8
2,2025-06-09,23.98,36000.00,52993.09,16.4,18.5
2,2025-06-10,14.32,18000.00,53029.74,18.7,20.2
2,2025-06-11,6.75,11249.97,53063.17,18.2,21.5
2,2025-06-12,23.95,47066.65,53093.32,14.1,20.1
2,2025-06-13,23.25,38045.89,53120.13,15.5,17.1
2,2025-06-14,6.74,3423.07,53143.54,18.5,22.2
2,2025-06-15,23.09,45583.66,53163.48,20.8,23.9
2,2025-06-16,23.27,45140.95,53179.93,20.5,23.0
2,2025-06-17,27.27,49147.43,53192.99,22.1,27.8
2,2025-06-18,25.73,48372.17,53202.73,21.9,25.5
2,2025-06-19,22.98,46848.17,53209.13,21.6,25.6
2,2025-06-20,25.48,49140.53,53212.23,20.8,22.4
2,2025-06-21,24.30,40419.30,53212.05,21.2,22.3
2,2025-06-22,23.41,41286.81,53208.61,22.4,25.1
2,2025-06-23,13.02,12742.52,53201.92,22.5,26.0
2,2025-06-24,9.63,10324.99,53192.03,22.1,22.7
2,2025-06-25,13.92,21481.30,53178.94,23.1,24.2
2,2025-06-26,18.85,34532.73,53162.68,22.3,25.3
2,2025-06-27,25.65,48025.35,53143.30,18.4,21.9
2,2025-06-28,24.79,47901.73,53120.81,20.1,23.6
2,2025-06-29,25.05,42212.81,53095.25,21.6,23.5
2,2025-06-30,22.86,43691.64,53066.65,23.4,24.9
2,2025-07-01,21.11,43641.21,53035.03,23.9,26.8
2,2025-07-02,24.52,45833.78,53000.45,23.9,25.8
2,2025-07-03,21.65,45071.34,52962.93,23.4,24.8
2,2025-07-04,18.45,22568.68,52922.51,23.9,26.0
2,2025-07-05,22.87,48608.32,52879.21,22.8,25.0
2,2025-07-06,24.04,47245.98,52833.01,24.0,25.2
2,2025-07-07,24.70,49330.06,52783.44,24.4,25.0
2,2025-07-08,22.51,48685.98,52730.55,24.2,25.0
2,2025-07-09,20.78,32400.00,52674.42,23.8,25.2
2,2025-07-10,7.28,0.00,52615.16,19.9,21.7
2,2025-07-11,8.41,257.62,52552.88,16.6,17.3
2,2025-07-12,14.94,30187.28,52487.67,16.7,18.6
2,2025-07-13,25.39,49683.02,52419.66,21.2,22.5
2,2025-07-14,14.14,24202.00,52348.94,23.1,23.8
2,2025-07-15,12.93,13190.47,52275.60,23.6,24.3
2,2025-07-16,17.54,29284.08,52199.78,23.4,24.8
2,2025-07-17,19.47,42563.11,52121.54,22.4,24.2
2,2025-07-18,25.99,42826.16,52041.02,22.8,25.3
2,2025-07-19,27.06,48779.75,51958.29,23.2,24.8
2,2025-07-20,23.51,49110.46,51873.48,24.2,26.2
2,2025-07-21,23.67,43864.92,51786.66,25.2,26.7
2,2025-07-22,23.60,47553.02,51697.95,25.3,27.3
2,2025-07-23,24.18,48518.97,51607.44,24.9,26.9
2,2025-07-24,24.17,47903.94,51515.21,24.4,25.4
2,2025-07-25,23.81,48237.19,51421.39,24.2,25.6
2,2025-07-26,23.72,43436.37,51325.89,24.5,26.3
2,2025-07-27,19.84,40666.14,51227.92,24.3,26.3
2,2025-07-28,25.15,48294.90,51127.45,22.7,25.3
2,2025-07-29,25.20,48315.85,51024.62,22.5,24.8
2,2025-07-30,23.47,45996.30,50919.56,22.2,23.6
2,2025-07-31,24.33,46275.36,50812.39,21.8,22.8
2,2025-08-01,8.52,9400.90,50703.25,23.9,24.8
2,2025-08-02,19.97,45875.99,50592.26,24.6,25.8
2,2025-08-03,24.63,43741.51,50479.54,25.3,26.3
2,2025-08-04,19.70,46800.00,50365.21,25.7,27.4
2,2025-08-05,19.14,38334.79,50249.39,25.7,29.3
2,2025-08-06,12.89,11126.24,50132.18,25.1,27.4
2,2025-08-07,11.67,28176.56,50013.72,22.3,25.9
2,2025-08-08,22.32,47033.22,49894.10,19.2,21.7
2,2025-08-09,20.82,36000.00,49773.44,21.5,22.7
2,2025-08-10,6.45,4227.15,49651.85,23.7,24.9
2,2025-08-11,12.56,21190.01,49529.42,25.1,27.8
2,2025-08-12,6.94,8537.23,49406.28,22.8,24.5
2,2025-08-13,23.12,43620.36,49282.50,20.5,22.5
2,2025-08-14,22.82,45420.19,49158.21,22.5,24.4
2,2025-08-15,12.30,25480.73,49033.30,23.1,25.5
2,2025-08-16,19.16,46800.00,48906.87,23.0,24.7
2,2025-08-17,22.08,43726.08,48778.86,24.8,28.7
2,2025-08-18,22.09,46800.00,48649.39,23.1,24.7
2,2025-08-19,22.55,46792.44,48518.57,24.9,28.1
2,2025-08-20,22.24,46741.53,48386.51,23.9,27.0
2,2025-08-21,22.84,44134.05,48253.31,23.2,26.6
2,2025-08-22,20.59,44749.84,48119.11,22.5,24.0
2,2025-08-23,23.41,46588.76,47983.99,24.1,26.0
2,2025-08-24,21.27,41933.21,47848.05,24.9,26.3
2,2025-08-25,16.63,41733.05,47711.40,23.9,24.8
2,2025-08-26,20.89,46436.18,47574.15,24.8,26.1
2,2025-08-27,18.92,36800.92,47436.39,21.3,25.6
2,2025-08-28,22.18,46334.67,47298.21,20.5,22.1
2,2025-08-29,17.61,39729.21,47159.71,22.9,25.3
2,2025-08-30,21.34,46093.65,47020.99,22.6,24.2
2,2025-08-31,19.14,46182.88,46882.13,23.6,24.7
2,2025-09-01,21.38,46132.41,46743.23,25.0,26.9
2,2025-09-02,19.61,32400.00,46604.37,23.5,27.7
2,2025-09-03,19.73,36216.19,46465.64,21.6,24.3
2,2025-09-04,10.79,19236.66,46326.97,22.6,23.6
2,2025-09-05,5.98,9428.43,46187.40,21.9,24.0
2,2025-09-06,21.01,45527.91,46046.85,20.7,22.2
2,2025-09-07,19.63,31186.45,45905.44,22.6,24.5
2,2025-09-08,9.70,13924.24,45763.24,23.6,25.0
2,2025-09-09,15.36,30222.68,45620.36,23.1,24.1
2,2025-09-10,10.86,12839.98,45476.89,21.3,22.5
2,2025-09-11,9.43,11354.49,45332.91,20.5,21.5
2,2025-09-12,11.24,17272.28,45188.53,20.7,22.5
2,2025-09-13,8.15,9664.82,45043.82,22.3,23.2
2,2025-09-14,18.06,38655.90,44898.89,21.1,23.9
2,2025-09-15,13.82,36427.42,44753.80,21.3,23.3
2,2025-09-16,19.54,41420.31,44608.65,23.0,24.6
2,2025-09-17,16.97,32400.00,44463.54,23.2,24.8
2,2025-09-18,5.65,8194.11,44318.54,19.4,24.0
2,2025-09-19,18.67,28930.54,44173.74,15.4,16.6
2,2025-09-20,8.79,11826.85,44029.23,19.3,22.0
2,2025-09-21,17.77,40618.28,43885.08,14.2,18.0
2,2025-09-22,19.19,36000.00,43741.40,13.2,15.0
2,2025-09-23,17.13,39891.09,43598.25,13.4,15.4
2,2025-09-24,16.87,39962.92,43455.56,13.1,15.3
2,2025-09-25,15.18,36194.81,43312.33,19.3,21.5
2,2025-09-26,18.76,39600.00,43168.49,17.0,20.9
2,2025-09-27,18.51,39665.88,43024.13,14.5,18.0
2,2025-09-28,16.16,32400.00,42879.34,18.6,21.3
2,2025-09-29,9.44,18557.22,42734.22,16.4,20.9
2,2025-09-30,17.81,37349.82,42588.85,16.0,17.3
2,2025-10-01,6.97,11936.01,42443.34,16.4,17.9
2,2025-10-02,17.57,39600.00,42297.77,14.3,17.2
2,2025-10-03,16.84,38849.88,42152.24,14.6,16.8
2,2025-10-04,15.47,36973.22,42006.86,17.9,19.5
2,2025-10-05,12.83,33640.63,41861.70,20.5,21.4
2,2025-10-06,9.90,22342.83,41716.86,16.0,19.0
2,2025-10-07,10.36,28815.77,41572.45,13.5,16.1
2,2025-10-08,15.41,35813.57,41428.56,16.4,19.8
2,2025-10-09,10.17,23545.22,41285.29,10.5,13.0
2,2025-10-10,9.73,14400.00,41142.74,12.7,14.0
2,2025-10-11,2.51,0.00,41001.01,13.7,14.4
2,2025-10-12,11.10,27523.05,40860.20,15.3,16.5
2,2025-10-13,6.85,11770.80,40720.42,13.6,16.5
2,2025-10-14,4.99,10800.00,40581.58,13.2,14.2
2,2025-10-15,15.95,36243.90,40442.58,12.2,14.2
2,2025-10-16,2.84,3342.68,40303.35,14.8,18.0
2,2025-10-17,13.00,38210.63,40163.98,13.1,14.5
2,2025-10-18,9.38,18601.02,40024.60,15.3,17.6
2,2025-10-19,5.32,909.37,39885.32,9.8,12.1
2,2025-10-20,13.27,36975.34,39746.24,8.5,11.3
2,2025-10-21,12.70,28800.00,39607.49,5.8,7.9
2,2025-10-22,4.99,4811.07,39469.18,7.4,8.4
2,2025-10-23,13.69,38645.74,39331.43,5.0,6.1
2,2025-10-24,13.85,36135.91,39194.36,7.2,9.5
2,2025-10-25,4.54,6573.65,39058.10,12.0,13.2
2,2025-10-26,4.43,14366.70,38922.77,13.4,15.0
2,2025-10-27,13.07,37489.26,38788.50,7.9,10.3
2,2025-10-28,11.37,37162.36,38655.41,4.0,5.4
2,2025-10-29,11.98,37140.84,38523.64,2.3,3.8
2,2025-10-30,13.83,30383.44,38393.33,7.0,9.1
2,2025-10-31,6.49,13283.84,38264.61,12.2,16.7
2,2025-11-01,12.43,36452.11,38137.62,9.3,11.0
2,2025-11-02,10.71,28827.81,38012.51,9.1,11.1
2,2025-11-03,8.05,27598.34,37889.20,4.6,7.1
2,2025-11-04,13.29,35746.11,37766.53,4.1,5.6
2,2025-11-05,11.97,30114.22,37644.42,7.0,8.3
2,2025-11-06,11.82,35276.02,37522.99,8.2,10.0
2,2025-11-07,12.14,34923.75,37402.36,3.4,6.1
2,2025-11-08,10.46,28800.00,37282.68,4.5,9.0
2,2025-11-09,4.00,6082.20,37164.08,10.4,12.6
2,2025-11-10,8.38,33720.45,37046.69,3.2,8.1
2,2025-11-11,10.71,34949.69,36930.66,1.8,3.2
2,2025-11-12,11.88,28800.00,36816.12,1.8,4.2
2,2025-11-13,8.51,25034.41,36703.22,6.8,8.4
2,2025-11-14,11.84,34449.20,36592.12,2.0,5.2
2,2025-11-15,11.29,32400.00,36482.96,2.3,6.3
2,2025-11-16,11.50,33877.86,36375.88,7.2,10.0
2,2025-11-17,11.03,29777.29,36271.06,3.5,10.4
2,2025-11-18,9.52,33628.07,36168.64,-2.0,0.3
2,2025-11-19,11.38,33338.69,36068.78,-0.0,2.3
2,2025-11-20,11.05,32400.00,35971.65,2.9,5.9
2,2025-11-21,5.25,13489.07,35877.40,2.8,5.1
2,2025-11-22,10.54,33115.24,35786.22,-0.4,3.3
2,2025-11-23,10.02,29673.24,35698.06,6.3,10.0
2,2025-11-24,9.34,27960.06,35611.94,7.4,10.5
2,2025-11-25,4.67,9128.79,35527.79,7.7,10.8
2,2025-11-26,7.98,30229.40,35445.72,5.8,7.3
2,2025-11-27,7.42,25473.17,35365.83,6.7,8.4
2,2025-11-28,9.31,32400.00,35288.23,1.1,7.8
2,2025-11-29,10.76,32400.00,35213.02,-1.7,1.7
2,2025-11-30,10.50,32400.00,35140.35,3.5,6.8
2,2025-12-01,9.95,29415.35,35070.29,7.0,9.9
2,2025-12-02,6.61,20743.13,35002.97,6.2,8.5
2,2025-12-03,3.63,4742.05,34938.50,0.2,8.7
2,2025-12-04,9.45,30418.19,34877.01,-4.2,-2.0
2,2025-12-05,9.06,32400.00,34818.60,-2.0,0.7
2,2025-12-06,10.31,32400.00,34763.38,-0.2,3.0
2,2025-12-07,9.60,32400.00,34711.47,3.1,4.1
2,2025-12-08,8.75,32400.00,34662.99,-0.1,4.7
2,2025-12-09,8.14,29821.43,34618.06,-2.6,0.5
2,2025-12-10,6.92,21600.00,34576.77,-0.7,1.7
2,2025-12-11,7.83,30508.05,34539.24,0.1,5.1
2,2025-12-12,9.89,32400.00,34505.60,-6.7,-3.7
2,2025-12-13,8.70,28800.00,34475.86,-2.1,4.1
2,2025-12-14,2.01,2883.58,34449.65,1.7,4.2
2,2025-12-15,8.76,31423.95,34426.89,-1.0,1.4
2,2025-12-16,8.22,31726.81,34407.59,-0.1,2.4
2,2025-12-17,8.15,28800.00,34391.76,0.9,4.7
2,2025-12-18,7.97,32400.00,34379.40,-3.8,-2.3
2,2025-12-19,9.67,29765.19,34370.52,1.2,3.9
2,2025-12-20,8.45,30693.04,34365.12,9.6,12.6
2,2025-12-21,7.32,25674.71,34363.19,6.4,12.5
2,2025-12-22,7.34,29760.21,34364.73,-3.1,-1.7
2,2025-12-23,7.38,28800.00,34369.74,0.3,4.8
2,2025-12-24,1.46,3600.00,34378.21,7.8,9.8
2,2025-12-25,4.65,17660.81,34390.14,6.3,9.1
2,2025-12-26,8.13,31825.00,34405.51,-7.1,-1.6
2,2025-12-27,8.49,32400.00,34424.32,-5.7,-3.2
2,2025-12-28,9.47,32400.00,34446.55,-3.1,-1.1
2,2025-12-29,9.29,32400.00,34472.19,-0.0,4.0
2,2025-12-30,9.12,32400.00,34501.23,-0.1,3.0
2,2025-12-31,4.76,14045.52,34533.65,-5.1,-1.8
2,2026-01-01,5.97,21016.96,34569.43,-6.6,-5.1
2,2026-01-02,5.81,21600.00,34608.64,-5.7,-2.8
2,2026-01-03,9.74,31978.06,34651.71,-3.7,-2.0
2,2026-01-04,6.11,28062.77,34698.62,-1.5,1.4
2,2026-01-05,4.74,15817.95,34749.24,-3.1,3.6
2,2026-01-06,9.26,32599.42,34803.45,-5.2,-3.3
2,2026-01-07,6.19,15487.75,34861.13,-2.5,0.6
2,2026-01-08,8.74,32541.40,34922.16,-6.3,-0.9
2,2026-01-09,8.37,32846.19,34986.41,-4.4,0.4
2,2026-01-10,9.89,30201.07,35053.77,-0.9,2.0
2,2026-01-11,5.03,15174.73,35124.10,-5.9,-0.5
2,2026-01-12,9.21,32750.37,35197.30,-4.6,-2.5
2,2026-01-13,10.12,29943.65,35273.23,-3.7,1.3
2,2026-01-14,6.99,30856.71,35351.78,-5.7,-1.9
2,2026-01-15,10.27,32400.00,35432.83,-0.6,2.9
2,2026-01-16,9.86,33609.41,35516.26,-0.9,1.6
2,2026-01-17,8.79,31501.95,35601.96,-2.9,4.1
2,2026-01-18,11.04,30926.64,35689.81,-5.3,-1.0
2,2026-01-19,2.72,4641.59,35779.68,0.8,3.7
2,2026-01-20,7.11,28747.51,35871.48,-9.0,-7.2
2,2026-01-21,9.62,34410.91,35965.09,-9.3,-8.2
2,2026-01-22,10.86,35002.63,36060.59,-8.8,-6.5
2,2026-01-23,10.53,34333.11,36159.01,-6.7,-5.0
2,2026-01-24,10.61,34619.40,36260.36,-5.8,-1.7
2,2026-01-25,11.53,35198.60,36364.48,-10.1,-8.4
2,2026-01-26,9.22,27176.23,36471.21,-6.5,-3.0
2,2026-01-27,7.87,19905.69,36580.38,-4.7,-1.1
2,2026-01-28,10.41,34776.62,36691.84,-7.6,-6.3
2,2026-01-29,11.26,35467.84,36805.42,-8.1,-6.7
2,2026-01-30,11.18,35536.01,36920.97,-8.0,-6.5
2,2026-01-31,11.75,35288.71,37038.34,-6.8,-4.9
3,2021-01-01,5.99,21400.71,34793.55,-6.8,-3.8
3,2021-01-02,7.53,26344.72,34833.25,-7.1,-4.5
3,2021-01-03,10.22,32562.68,34876.03,-7.6,-2.1
3,2021-01-04,7.12,27797.35,34921.83,-4.2,-3.1
3,2021-01-05,7.45,32085.75,34970.60,-1.7,0.0
3,2021-01-06,5.54,21179.16,35022.29,-4.5,-1.9
3,2021-01-07,8.35,26827.23,35076.85,-9.0,-3.1
3,2021-01-08,8.92,33382.95,35134.33,-13.3,-10.5
3,2021-01-09,10.22,33685.27,35195.39,-10.2,-5.6
3,2021-01-10,10.11,33322.58,35260.02,-8.5,-7.6
3,2021-01-11,10.29,29359.97,35328.08,-7.5,-3.5
3,2021-01-12,2.40,3600.00,35399.41,-2.8,-0.7
3,2021-01-13,10.29,34215.67,35473.88,-4.3,-3.3
3,2021-01-14,6.15,23137.70,35551.35,-3.2,0.7
3,2021-01-15,9.44,33815.17,35631.68,-0.0,2.1
3,2021-01-16,8.50,26644.92,35714.73,-2.8,3.6
3,2021-01-17,5.03,13085.54,35800.36,-6.5,-4.4
3,2021-01-18,7.23,26005.86,35888.43,-6.6,-3.7
3,2021-01-19,4.74,3236.93,35978.82,-9.4,-7.5
3,2021-01-20,5.99,12013.40,36071.38,-9.0,-6.2
3,2021-01-21,12.60,32507.73,36165.98,-6.5,-1.8
3,2021-01-22,9.06,31101.13,36262.50,0.1,2.3
3,2021-01-23,2.84,0.00,36360.81,-1.3,-0.6
3,2021-01-24,4.34,3600.00,36460.77,-1.1,0.6
3,2021-01-25,13.08,35480.83,36562.27,-3.8,1.0
3,2021-01-26,8.60,20279.57,36665.18,1.7,5.0
3,2021-01-27,6.36,17894.61,36769.39,-1.8,6.4
3,2021-01-28,5.01,11111.15,36874.97,-3.9,0.4
3,2021-01-29,11.89,34499.61,36983.02,-8.9,-6.4
3,2021-01-30,11.91,33246.36,37093.59,-7.7,-5.1
3,2021-01-31,6.63,7061.18,37206.50,-9.4,-5.1
3,2021-02-01,7.89,17106.96,37321.60,-1.1,1.4
3,2021-02-02,10.05,28312.50,37438.74,-4.8,1.6
3,2021-02-03,6.25,15180.61,37557.77,-7.4,-4.6
3,2021-02-04,10.83,27716.34,37678.53,-6.1,-3.6
3,2021-02-05,11.55,36000.00,37800.87,-5.0,-2.5
3,2021-02-06,14.50,36000.00,37924.66,-2.1,0.6
3,2021-02-07,11.89,33500.97,38049.75,-3.5,2.1
3,2021-02-08,14.18,36000.00,38176.00,-9.8,-8.1
3,2021-02-09,11.78,32400.00,38303.27,-7.2,-5.1
3,2021-02-10,10.13,28289.19,38431.44,-2.5,-1.2
3,2021-02-11,11.54,36135.36,38560.36,-4.5,-2.9
3,2021-02-12,14.70,36452.05,38689.92,-3.8,0.6
3,2021-02-13,15.51,36416.14,38819.97,-0.0,2.9
3,2021-02-14,14.95,32400.00,38950.41,5.2,7.6
3,2021-02-15,1.79,3642.30,39081.09,2.3,10.3
3,2021-02-16,14.26,32400.00,39211.92,-6.3,-4.5
3,2021-02-17,8.37,15968.52,39342.96,-9.0,-4.1
3,2021-02-18,12.51,34238.46,39475.38,-7.9,-5.3
3,2021-02-19,15.09,38025.42,39609.26,-7.2,-3.2
3,2021-02-20,17.70,37652.44,39744.48,-2.0,0.2
3,2021-02-21,16.63,37898.69,39880.91,0.7,2.6
3,2021-02-22,16.53,36963.19,40018.42,3.1,5.4
3,2021-02-23,8.29,12632.38,40156.91,-8.0,-2.7
3,2021-02-24,8.37,22829.84,40296.24,-8.3,-7.5
3,2021-02-25,17.28,32545.66,40436.31,-6.6,-2.9
3,2021-02-26,9.30,14590.63,40577.01,-6.2,-1.7
3,2021-02-27,12.04,31805.19,40718.20,-9.1,-7.8
3,2021-02-28,18.99,39359.99,40859.80,-5.0,0.7
3,2021-03-01,16.92,31625.88,41001.69,5.5,9.7
3,2021-03-02,2.96,0.00,41143.76,-0.2,12.4
3,2021-03-03,15.98,40043.30,41285.90,-6.8,-3.0
3,2021-03-04,18.04,37108.88,41428.01,1.6,4.5
3,2021-03-05,11.58,26516.95,41569.98,5.3,7.5
3,2021-03-06,14.36,33570.66,41711.70,-2.1,7.1
3,2021-03-07,17.89,32530.99,41853.09,-2.9,-0.6
3,2021-03-08,12.24,28986.58,41994.02,-4.0,-1.7
3,2021-03-09,16.83,36000.00,42134.60,2.1,4.3
3,2021-03-10,15.61,34515.85,42275.89,-4.5,1.5
3,2021-03-11,20.28,38001.25,42417.97,-2.3,1.9
3,2021-03-12,9.81,10547.21,42560.76,1.9,4.6
3,2021-03-13,3.00,4080.53,42704.15,4.5,9.3
3,2021-03-14,12.70,26734.97,42848.06,-0.9,1.5
3,2021-03-15,19.24,38782.76,42992.39,-2.8,-0.5
3,2021-03-16,14.26,34451.32,43137.04,1.4,5.2
3,2021-03-17,17.07,36902.44,43281.92,-2.9,-1.0
3,2021-03-18,18.80,35077.90,43426.94,-1.4,-0.5
3,2021-03-19,18.08,37104.40,43572.00,-0.6,3.2
3,2021-03-20,8.95,12959.30,43717.02,7.1,10.5
3,2021-03-21,5.02,6925.31,43861.89,7.0,14.9
3,2021-03-22,18.56,41902.54,44006.52,-2.6,-1.0
3,2021-03-23,20.39,42548.24,44150.82,-1.8,3.4
3,2021-03-24,21.38,35401.90,44294.70,5.1,7.8
3,2021-03-25,11.58,19314.17,44438.06,4.4,10.0
3,2021-03-26,19.05,42708.92,44580.80,1.0,3.4
3,2021-03-27,19.80,32400.00,44722.83,3.3,8.4
3,2021-03-28,6.30,8732.24,44864.04,11.2,12.4
3,2021-03-29,19.53,32598.93,45004.53,8.4,12.2
3,2021-03-30,17.01,38098.18,45145.28,7.4,10.5
3,2021-03-31,22.36,42975.14,45286.39,1.6,4.4
3,2021-04-01,22.85,43222.85,45427.77,3.0,4.9
3,2021-04-02,15.33,37340.94,45569.32,6.9,7.9
3,2021-04-03,18.14,39615.26,45710.97,8.6,10.9
3,2021-04-04,9.55,11629.59,45852.62,10.5,12.8
3,2021-04-05,8.04,18869.79,45994.18,0.7,5.3
3,2021-04-06,20.30,30939.84,46135.56,0.8,2.0
3,2021-04-07,22.60,44455.67,46276.67,-0.5,3.5
3,2021-04-08,19.17,36240.26,46417.41,-0.3,5.4
3,2021-04-09,21.72,44506.73,46557.69,-4.4,-1.8
3,2021-04-10,24.43,45340.30,46697.40,-2.0,1.5
3,2021-04-11,21.97,45542.30,46836.47,3.0,5.2
3,2021-04-12,18.72,36000.00,46974.78,4.2,7.2
3,2021-04-13,7.51,6029.09,47112.23,10.3,12.4
3,2021-04-14,8.29,11844.08,47248.72,1.4,9.9
3,2021-04-15,25.56,46324.26,47384.15,0.4,3.7
3,2021-04-16,13.87,27546.46,47518.39,6.0,8.8
3,2021-04-17,6.56,10482.97,47651.37,9.2,10.9
3,2021-04-18,19.68,33732.90,47783.12,2.4,4.5
3,2021-04-19,21.29,46638.09,47914.61,-0.0,3.2
3,2021-04-20,25.32,46715.12,48045.92,4.2,7.2
3,2021-04-21,26.94,46791.69,48176.95,-5.1,0.4
3,2021-04-22,27.04,46800.00,48307.62,0.2,3.6
3,2021-04-23,26.59,45245.20,48437.81,2.2,3.7
3,2021-04-24,23.34,33738.26,48567.43,6.0,8.7
3,2021-04-25,16.71,36820.70,48696.39,0.4,9.0
3,2021-04-26,25.68,46800.00,48824.57,-3.2,-1.1
3,2021-04-27,26.94,46442.73,48951.87,3.7,8.4
3,2021-04-28,11.67,21003.36,49078.20,9.2,11.3
3,2021-04-29,3.75,0.00,49203.43,10.9,13.6
3,2021-04-30,21.49,40839.56,49327.46,4.7,9.4
3,2021-05-01,14.98,32578.38,49450.16,8.8,11.7
3,2021-05-02,15.97,37648.21,49571.44,4.2,8.2
3,2021-05-03,24.00,46800.00,49691.16,4.0,6.0
3,2021-05-04,26.50,43434.39,49809.21,6.0,10.8
3,2021-05-05,9.59,13714.75,49925.46,11.6,13.4
3,2021-05-06,26.16,39571.89,50039.80,8.0,10.3
3,2021-05-07,13.46,22572.37,50152.08,8.6,12.4
3,2021-05-08,23.10,36351.97,50262.35,11.6,14.4
3,2021-05-09,20.96,46803.08,50371.48,4.2,10.9
3,2021-05-10,22.88,36796.97,50479.53,3.3,4.9
3,2021-05-11,17.81,42287.62,50586.40,4.5,8.3
3,2021-05-12,23.76,37519.69,50692.00,7.8,10.9
3,2021-05-13,14.17,27629.26,50796.21,12.5,14.7
3,2021-05-14,22.58,36194.51,50898.95,12.2,14.2
3,2021-05-15,11.97,15942.82,51000.10,13.2,14.6
3,2021-05-16,12.97,13426.34,51099.55,14.1,16.3
3,2021-05-17,13.78,14874.38,51197.21,16.9,19.1
3,2021-05-18,12.78,20462.11,51292.96,14.2,15.1
3,2021-05-19,10.38,12082.81,51386.67,14.4,16.2
3,2021-05-20,16.80,18897.30,51478.24,13.5,15.6
3,2021-05-21,4.50,0.00,51567.57,15.6,18.6
3,2021-05-22,11.26,11300.88,51654.53,13.2,14.9
3,2021-05-23,18.11,45971.84,51739.00,11.2,13.0
3,2021-05-24,19.77,31361.55,51820.86,13.9,17.3
3,2021-05-25,21.77,33900.44,51899.99,10.1,13.9
3,2021-05-26,21.00,34422.05,51976.29,9.3,14.1
3,2021-05-27,6.70,10487.20,52049.61,12.3,14.4
3,2021-05-28,25.80,45615.67,52119.96,13.2,16.0
3,2021-05-29,19.67,32093.58,52187.94,11.9,14.8
3,2021-05-30,22.09,49150.49,52253.58,9.1,10.6
3,2021-05-31,23.37,41410.75,52316.84,11.8,14.7
3,2021-06-01,24.77,43201.78,52377.64,12.7,14.5
3,2021-06-02,18.75,42857.70,52435.93,14.5,15.2
3,2021-06-03,20.74,33322.57,52491.63,14.9,16.5
3,2021-06-04,5.58,5904.35,52544.68,15.5,19.2
3,2021-06-05,20.00,30168.08,52595.02,14.6,16.4
3,2021-06-06,10.23,10648.29,52642.58,15.2,17.7
3,2021-06-07,18.66,41385.08,52687.31,15.1,17.0
3,2021-06-08,14.77,25795.39,52729.13,13.4,17.4
3,2021-06-09,28.23,49276.76,52767.99,14.1,16.5
3,2021-06-10,27.16,49909.37,52803.83,15.8,18.1
3,2021-06-11,26.63,38935.66,52836.58,15.2,16.6
3,2021-06-12,23.33,41533.30,52866.18,16.0,17.5
3,2021-06-13,17.02,27191.72,52892.58,17.7,19.1
3,2021-06-14,13.98,26511.79,52915.72,17.0,18.2
3,2021-06-15,19.82,37413.44,52935.54,17.1,18.2
3,2021-06-16,16.89,26162.52,52951.99,16.6,18.1
3,2021-06-17,20.24,50177.87,52965.02,14.0,16.7
3,2021-06-18,21.46,35556.42,52974.74,15.8,17.5
3,2021-06-19,7.06,7200.00,52981.19,16.9,17.9
3,2021-06-20,18.99,37023.31,52984.37,13.4,16.2
3,2021-06-21,23.30,42705.59,52984.32,15.5,16.8
3,2021-06-22,19.83,39614.68,52981.06,16.6,17.3
3,2021-06-23,12.10,19599.79,52974.61,16.7,17.6
3,2021-06-24,15.54,31890.18,52965.01,16.7,17.8
3,2021-06-25,15.58,29376.28,52952.27,17.7,18.9
3,2021-06-26,21.09,39020.41,52936.43,17.4,18.7
3,2021-06-27,19.36,31745.29,52917.52,17.1,18.2
3,2021-06-28,20.48,28214.00,52895.58,16.9,18.1
3,2021-06-29,9.84,15112.51,52870.63,16.2,19.3
3,2021-06-30,12.38,20521.82,52842.71,16.4,18.1
3,2021-07-01,11.30,16898.93,52811.86,17.2,18.2
3,2021-07-02,8.64,1656.65,52778.11,18.3,19.9
3,2021-07-03,13.32,19302.07,52741.50,17.7,20.1
3,2021-07-04,4.51,0.00,52702.07,17.6,18.5
3,2021-07-05,8.75,8607.20,52659.86,19.9,21.2
3,2021-07-06,18.22,32529.75,52614.90,20.3,22.5
3,2021-07-07,14.30,18769.00,52567.16,20.1,21.5
3,2021-07-08,10.00,3553.82,52516.17,20.1,20.7
3,2021-07-09,7.51,607.64,52461.96,20.8,21.9
3,2021-07-10,20.26,36403.70,52404.61,21.1,22.8
3,2021-07-11,14.91,32124.22,52344.25,20.2,22.2
3,2021-07-12,16.07,26277.17,52280.98,20.0,20.9
3,2021-07-13,15.50,30664.42,52214.89,20.3,21.7
3,2021-07-14,16.70,32199.83,52146.10,19.8,20.6
3,2021-07-15,18.00,42893.83,52074.71,21.0,22.4
3,2021-07-16,24.05,49939.03,52000.81,21.3,22.0
3,2021-07-17,28.03,49994.25,51924.51,21.1,21.8
3,2021-07-18,27.66,49960.65,51845.93,21.8,23.4
3,2021-07-19,24.51,49925.45,51765.15,21.7,23.8
3,2021-07-20,22.05,47922.26,51682.27,22.0,23.5
3,2021-07-21,21.61,38796.01,51597.39,21.8,23.1
3,2021-07-22,19.30,30769.33,51510.62,21.3,22.1
3,2021-07-23,19.52,46136.56,51422.05,21.3,22.0
3,2021-07-24,21.03,48178.71,51331.77,21.4,22.6
3,2021-07-25,24.95,48478.21,51239.88,20.2,21.2
3,2021-07-26,19.94,31777.93,51146.47,17.8,20.0
3,2021-07-27,14.51,29674.29,51051.49,20.0,21.3
3,2021-07-28,18.83,33262.40,50954.13,20.8,22.2
3,2021-07-29,16.28,32304.79,50854.37,21.7,23.1
3,2021-07-30,16.61,45067.28,50752.35,21.4,23.9
3,2021-07-31,23.07,43752.08,50648.18,20.8,22.1
3,2021-08-01,20.37,42281.14,50542.01,22.6,23.2
3,2021-08-02,21.60,41630.43,50433.94,22.6,23.6
3,2021-08-03,21.48,45901.14,50324.11,22.0,23.6
3,2021-08-04,20.33,43035.85,50212.62,23.8,25.2
3,2021-08-05,21.14,47184.86,50099.60,23.1,24.8
3,2021-08-06,25.60,44642.02,49985.17,22.1,23.1
3,2021-08-07,16.42,31925.89,49869.44,23.2,23.7
3,2021-08-08,6.25,698.02,49752.51,23.0,24.2
3,2021-08-09,14.22,27681.25,49634.49,22.6,24.2
3,2021-08-10,25.30,47333.80,49515.50,19.0,22.3
3,2021-08-11,21.57,33309.73,49395.64,18.8,20.4
3,2021-08-12,9.91,6290.05,49275.00,18.7,20.2
3,2021-08-13,4.61,0.00,49153.70,17.9,19.6
3,2021-08-14,3.71,0.00,49031.83,16.6,17.9
3,2021-08-15,6.02,1345.05,48909.49,16.4,17.0
3,2021-08-16,7.18,1648.58,48786.60,17.9,18.6
3,2021-08-17,4.73,177.53,48662.26,20.9,22.3
3,2021-08-18,16.26,44458.23,48536.41,22.1,23.1
3,2021-08-19,22.62,45277.41,48409.17,21.6,23.0
3,2021-08-20,20.99,38757.63,48280.65,22.1,23.5
3,2021-08-21,11.55,13163.79,48150.95,22.3,23.0
3,2021-08-22,13.52,22201.24,48020.18,22.0,23.2
3,2021-08-23,15.93,31660.30,47888.44,19.9,22.0
3,2021-08-24,11.03,10800.00,47755.84,21.0,22.8
3,2021-08-25,12.37,31410.50,47622.47,23.0,24.7
3,2021-08-26,20.82,39600.00,47488.43,22.7,24.2
3,2021-08-27,19.48,43704.40,47353.81,22.2,24.1
3,2021-08-28,21.55,46124.19,47218.73,20.2,22.9
3,2021-08-29,17.08,44973.17,47083.25,20.2,21.3
3,2021-08-30,18.81,39740.10,46947.48,20.3,22.2
3,2021-08-31,15.25,29562.38,46811.50,16.7,18.0
3,2021-09-01,3.60,0.00,46675.41,14.3,15.9
3,2021-09-02,7.57,643.65,46539.29,16.1,16.9
3,2021-09-03,6.96,4145.14,46403.23,17.1,18.0
3,2021-09-04,6.47,3600.00,46267.31,16.2,18.1
3,2021-09-05,9.91,15204.28,46131.45,15.5,16.8
3,2021-09-06,8.51,17636.45,45994.73,14.5,16.6
3,2021-09-07,18.84,35793.55,45857.06,12.1,13.1
3,2021-09-08,5.10,7200.00,45718.57,15.7,17.1
3,2021-09-09,14.55,36379.76,45579.33,18.2,19.6
3,2021-09-10,19.72,35436.56,45439.43,18.0,19.3
3,2021-09-11,8.78,18948.12,45298.97,18.1,19.7
3,2021-09-12,14.79,19617.64,45158.03,17.4,19.4
3,2021-09-13,18.71,35160.91,45016.70,13.4,14.8
3,2021-09-14,12.47,25217.74,44875.07,16.7,17.7
3,2021-09-15,16.99,36188.83,44733.23,14.9,17.3
3,2021-09-16,9.17,19792.06,44591.26,13.7,16.0
3,2021-09-17,9.43,10512.69,44449.25,17.2,19.1
3,2021-09-18,5.12,8509.67,44307.28,18.7,21.5
3,2021-09-19,21.48,42179.24,44165.44,13.4,15.2
3,2021-09-20,21.30,41385.90,44023.80,13.7,16.1
3,2021-09-21,20.16,40880.76,43882.47,15.7,17.2
3,2021-09-22,16.31,39600.00,43741.51,19.2,21.1
3,2021-09-23,18.23,40158.15,43601.01,15.8,20.0
3,2021-09-24,17.33,39662.43,43461.05,13.6,15.9
3,2021-09-25,7.84,13847.79,43321.56,13.4,14.5
3,2021-09-26,5.79,7200.00,43181.55,12.1,13.7
3,2021-09-27,11.07,28046.56,43040.95,12.7,14.0
3,2021-09-28,11.30,28613.20,42899.85,14.2,15.5
3,2021-09-29,16.73,39600.00,42758.35,15.8,17.3
3,2021-09-30,15.00,31698.63,42616.53,17.8,19.0
3,2021-10-01,2.83,7200.00,42474.48,13.5,15.5
3,2021-10-02,19.16,39600.00,42332.31,13.2,15.0
3,2021-10-03,18.06,39600.00,42190.11,15.0,17.3
3,2021-10-04,18.31,37684.06,42047.96,16.6,18.1
3,2021-10-05,16.55,38874.80,41905.97,15.3,18.4
3,2021-10-06,13.38,32400.00,41764.22,13.5,15.3
3,2021-10-07,9.64,21990.40,41622.83,16.2,17.9
3,2021-10-08,15.84,32400.00,41481.87,17.0,18.5
3,2021-10-09,5.70,5181.37,41341.45,15.7,17.7
3,2021-10-10,11.40,32222.99,41201.68,16.7,17.9
3,2021-10-11,14.68,32400.00,41062.63,16.3,18.6
3,2021-10-12,3.11,0.00,40924.43,13.8,14.8
3,2021-10-13,4.07,6537.16,40787.17,12.5,14.4
3,2021-10-14,16.68,39583.05,40650.95,11.1,13.8
3,2021-10-15,14.64,32302.52,40515.69,13.3,14.4
3,2021-10-16,2.51,0.00,40380.33,14.8,17.0
3,2021-10-17,5.08,14496.87,40244.76,3.8,8.6
3,2021-10-18,13.64,32063.01,40109.11,5.0,6.9
3,2021-10-19,7.19,12406.57,39973.48,8.7,11.5
3,2021-10-20,13.47,36804.43,39837.98,4.8,7.1
3,2021-10-21,12.52,31827.14,39702.72,3.3,5.5
3,2021-10-22,5.37,12059.18,39567.82,6.0,8.8
3,2021-10-23,12.93,37275.83,39433.39,2.1,4.9
3,2021-10-24,12.47,38768.43,39299.55,4.7,7.2
3,2021-10-25,10.12,20061.35,39166.42,8.5,10.5
3,2021-10-26,5.70,14397.55,39034.12,8.3,10.6
3,2021-10-27,12.39,34662.18,38902.77,10.0,12.3
3,2021-10-28,12.87,38235.74,38772.49,5.8,11.5
3,2021-10-29,14.66,38105.19,38643.43,4.1,6.3
3,2021-10-30,14.52,37176.36,38515.69,5.2,7.2
3,2021-10-31,8.96,26044.52,38389.42,8.2,11.4
3,2021-11-01,9.63,24717.08,38264.76,10.7,11.8
3,2021-11-02,11.24,35680.68,38141.83,8.2,12.0
3,2021-11-03,13.12,35133.51,38020.79,6.2,8.6
3,2021-11-04,13.10,36440.23,37901.56,5.3,8.0
3,2021-11-05,12.65,36411.97,37783.01,4.8,7.3
3,2021-11-06,13.03,35659.81,37665.06,5.5,8.0
3,2021-11-07,12.80,29755.66,37547.82,7.8,9.9
3,2021-11-08,7.32,22263.98,37431.43,9.9,12.5
3,2021-11-09,1.99,4511.34,37316.03,11.0,15.4
3,2021-11-10,10.09,35316.60,37201.73,5.4,9.4
3,2021-11-11,11.29,34859.60,37088.68,4.9,6.6
3,2021-11-12,10.75,34929.24,36977.01,2.6,5.8
3,2021-11-13,11.67,32875.33,36866.86,2.0,4.6
3,2021-11-14,11.40,34852.17,36758.36,4.4,6.4
3,2021-11-15,11.02,32895.05,36651.68,5.7,7.1
3,2021-11-16,8.84,31463.06,36546.95,2.2,5.9
3,2021-11-17,12.01,31767.40,36444.32,3.0,6.1
3,2021-11-18,7.81,22566.97,36343.94,4.1,6.8
3,2021-11-19,12.00,33679.00,36245.97,5.3,7.7
3,2021-11-20,11.94,32746.29,36150.55,2.8,5.1
3,2021-11-21,10.05,21735.37,36057.85,7.7,10.2
3,2021-11-22,2.08,2807.83,35968.04,7.1,12.4
3,2021-11-23,10.77,31520.10,35881.26,-1.4,2.1
3,2021-11-24,9.11,28800.00,35797.50,-0.9,2.2
3,2021-11-25,7.91,25200.00,35715.81,2.9,5.3
3,2021-11-26,7.92,28800.00,35636.11,0.7,2.7
3,2021-11-27,9.84,29814.04,35558.52,-1.7,0.7
3,2021-11-28,9.34,30494.72,35483.11,-2.2,0.8
3,2021-11-29,10.44,32400.00,35410.01,-3.2,1.3
3,2021-11-30,10.92,28800.00,35339.33,4.5,12.7
3,2021-12-01,5.88,17740.34,35271.16,-0.5,10.0
3,2021-12-02,6.56,25509.02,35205.61,-1.6,1.8
3,2021-12-03,10.62,32400.00,35142.78,0.6,5.0
3,2021-12-04,9.54,31960.76,35082.79,-1.7,4.2
3,2021-12-05,10.55,28800.00,35025.75,-3.3,-1.1
3,2021-12-06,4.56,13411.85,34971.75,4.5,6.2
3,2021-12-07,4.99,13644.24,34920.92,7.1,7.9
3,2021-12-08,1.40,3600.00,34873.34,3.9,6.0
3,2021-12-09,9.77,32400.00,34829.14,0.3,2.5
3,2021-12-10,8.33,26821.20,34788.42,1.0,3.8
3,2021-12-11,8.36,25353.96,34751.29,3.3,5.1
3,2021-12-12,6.04,15228.35,34717.84,2.5,6.3
3,2021-12-13,5.66,21203.75,34688.18,-4.3,-2.0
3,2021-12-14,10.35,32400.00,34662.35,-0.7,1.4
3,2021-12-15,9.55,32400.00,34640.01,1.1,3.3
3,2021-12-16,7.54,19969.55,34621.09,1.5,4.0
3,2021-12-17,4.19,10469.79,34605.59,-2.8,6.3
3,2021-12-18,8.16,30593.88,34593.51,-8.9,-5.8
3,2021-12-19,7.84,27495.87,34584.85,-4.1,-1.8
3,2021-12-20,5.26,16392.11,34579.60,-2.2,-0.3
3,2021-12-21,8.15,28657.56,34577.76,1.1,3.0
3,2021-12-22,5.69,20491.99,34579.32,-5.1,-1.8
3,2021-12-23,8.06,32426.56,34584.27,-3.5,-1.6
3,2021-12-24,8.20,27995.18,34592.60,-0.3,2.2
3,2021-12-25,7.01,30053.34,34604.30,-7.5,4.2
3,2021-12-26,6.27,27068.75,34619.35,-11.7,-9.8
3,2021-12-27,7.06,28800.00,34637.74,-8.8,-5.8
3,2021-12-28,7.75,25583.43,34659.45,-8.6,-5.7
3,2021-12-29,10.30,32645.90,34684.46,-6.1,-2.3
3,2021-12-30,9.89,30758.39,34712.76,-5.8,-3.3
3,2021-12-31,8.18,30347.18,34744.32,-11.6,-10.0
3,2022-01-01,8.42,27907.46,34779.13,-8.5,-6.8
3,2022-01-02,10.90,33223.70,34817.15,-7.9,-1.9
3,2022-01-03,7.81,31452.31,34858.46,-4.7,-1.7
3,2022-01-04,6.30,25872.51,34903.51,-7.7,-2.9
3,2022-01-05,7.73,23840.95,34952.28,-8.3,-5.5
3,2022-01-06,8.27,23594.74,35004.64,-9.4,-5.5
3,2022-01-07,6.02,17149.24,35060.49,-5.4,-2.7
3,2022-01-08,9.15,30458.12,35119.68,-5.8,-4.1
3,2022-01-09,7.32,18478.80,35182.10,-1.7,0.9
3,2022-01-10,10.66,30583.91,35247.63,-4.2,-1.3
3,2022-01-11,1.70,2196.00,35316.14,-2.6,1.9
3,2022-01-12,8.79,30326.62,35387.51,-7.5,-5.5
3,2022-01-13,9.52,32225.68,35461.62,-7.5,-4.3
3,2022-01-14,9.15,29268.17,35538.36,-6.8,-5.4
3,2022-01-15,8.40,32301.94,35617.60,-5.8,-3.1
3,2022-01-16,11.71,34113.71,35699.22,-4.3,-1.0
3,2022-01-17,9.53,31347.35,35783.10,-6.4,-2.0
3,2022-01-18,8.43,32403.48,35869.13,-8.3,-6.3
3,2022-01-19,10.56,30230.51,35957.20,-7.0,-4.5
3,2022-01-20,9.54,33159.77,36047.19,-6.8,-4.9
3,2022-01-21,10.74,34902.90,36138.98,-7.2,-5.8
3,2022-01-22,6.22,18328.37,36232.47,-5.3,-2.9
3,2022-01-23,11.53,29351.49,36327.74,-2.3,-1.0
3,2022-01-24,10.16,34623.95,36425.81,-5.8,-3.1
3,2022-01-25,11.23,28884.82,36526.70,-3.8,-2.0
3,2022-01-26,11.65,28988.73,36630.25,-1.5,0.3
3,2022-01-27,7.10,23312.89,36736.29,-6.2,-3.0
3,2022-01-28,10.42,34897.50,36844.67,-7.3,-5.6
3,2022-01-29,10.39,25886.40,36955.24,-5.4,-2.6
3,2022-01-30,11.79,35172.58,37067.82,-8.9,-7.1
3,2022-01-31,11.62,35853.31,37182.29,-8.1,-6.3
3,2022-02-01,12.76,32400.00,37298.47,-5.1,-2.8
3,2022-02-02,13.06,34411.89,37416.24,-6.0,-3.9
3,2022-02-03,8.42,31219.38,37535.44,-5.4,-1.6
3,2022-02-04,10.75,36000.00,37655.93,-6.6,-4.6
3,2022-02-05,11.83,34375.78,37777.59,-9.9,-7.7
3,2022-02-06,12.81,35652.79,37900.26,-9.7,-7.9
3,2022-02-07,9.86,36000.00,38023.81,-6.5,-4.9
3,2022-02-08,12.95,34712.65,38148.12,-5.2,-2.8
3,2022-02-09,14.73,32400.00,38273.05,-4.9,-3.0
3,2022-02-10,3.79,0.00,38398.47,-1.8,0.2
3,2022-02-11,11.83,32400.00,38524.28,-5.0,-2.3
3,2022-02-12,11.54,30297.37,38650.54,-5.0,-1.7
3,2022-02-13,8.84,15020.88,38778.43,-2.9,-0.2
3,2022-02-14,14.90,32400.00,38908.03,-5.7,-3.5
3,2022-02-15,6.09,8477.47,39039.18,-1.3,0.7
3,2022-02-16,15.48,32938.50,39171.77,-6.9,-3.6
3,2022-02-17,14.59,32400.00,39305.66,-9.1,-3.2
3,2022-02-18,14.68,32400.00,39440.72,-4.7,-3.0
3,2022-02-19,9.21,15095.10,39576.82,-0.1,2.5
3,2022-02-20,10.57,24595.32,39713.84,-7.0,2.0
3,2022-02-21,13.35,36118.99,39851.65,-10.4,-9.0
3,2022-02-22,13.75,33610.56,39990.14,-9.4,-8.3
3,2022-02-23,12.21,36422.10,40129.19,-9.4,-7.4
3,2022-02-24,14.63,37180.46,40268.68,-6.6,-4.3
3,2022-02-25,10.96,26232.85,40408.50,-3.6,-1.5
3,2022-02-26,17.88,38396.59,40548.52,-3.2,-0.3
3,2022-02-27,16.16,37728.46,40688.65,-4.2,-1.4
3,2022-02-28,13.88,35644.20,40828.77,-1.6,0.1
3,2022-03-01,13.92,29580.49,40968.77,0.3,2.4
3,2022-03-02,12.15,33951.40,41108.54,-2.9,-0.8
3,2022-03-03,13.32,29997.48,41247.97,-3.3,1.4
3,2022-03-04,17.73,37645.63,41387.17,-3.4,1.9
3,2022-03-05,18.09,35303.99,41527.20,-2.6,2.6
3,2022-03-06,15.38,33601.29,41668.18,-5.6,-3.4
3,2022-03-07,12.78,35264.60,41809.99,-4.0,-2.4
3,2022-03-08,14.99,40604.06,41952.54,-5.4,-2.8
3,2022-03-09,19.54,41279.27,42095.71,-3.9,-2.2
3,2022-03-10,15.79,41336.46,42239.43,-1.1,2.3
3,2022-03-11,17.97,33778.20,42383.59,0.3,4.2
3,2022-03-12,14.40,26747.17,42528.08,0.5,4.2
3,2022-03-13,12.97,27307.78,42672.83,5.1,8.7
3,2022-03-14,12.69,31049.68,42817.71,5.2,7.9
3,2022-03-15,13.42,29992.24,42962.65,2.1,7.2
3,2022-03-16,17.98,39600.00,43107.56,2.8,8.5
3,2022-03-17,15.92,32400.00,43252.32,-0.3,1.3
3,2022-03-18,3.43,1655.35,43396.85,0.8,2.1
3,2022-03-19,12.51,17790.70,43541.05,0.6,2.5
3,2022-03-20,13.01,29435.55,43684.83,-3.6,-1.7
3,2022-03-21,16.88,32042.38,43828.08,-1.8,0.5
3,2022-03-22,4.87,7200.00,43970.73,-5.2,-0.6
3,2022-03-23,18.09,36000.00,44112.65,-6.9,-2.4
3,2022-03-24,21.06,42143.84,44253.95,-0.7,1.0
3,2022-03-25,20.47,35441.91,44395.63,2.5,8.1
3,2022-03-26,3.99,0.00,44537.78,10.4,13.2
3,2022-03-27,15.57,29848.78,44680.31,3.9,7.4
3,2022-03-28,18.31,40091.76,44823.14,-3.9,-1.8
3,2022-03-29,11.05,12866.97,44966.17,2.3,7.0
3,2022-03-30,19.35,32400.00,45109.32,9.1,10.7
3,2022-03-31,13.75,25802.40,45252.50,1.5,7.0
3,2022-04-01,17.64,35728.41,45395.61,-6.2,-4.4
3,2022-04-02,23.12,43516.62,45538.57,-2.4,1.1
3,2022-04-03,14.19,18081.86,45681.28,4.4,6.5
3,2022-04-04,4.46,902.45,45823.65,5.5,7.7
3,2022-04-05,12.84,17318.38,45965.58,7.1,8.8
3,2022-04-06,19.20,39580.34,46106.98,5.5,9.2
3,2022-04-07,14.94,35902.16,46247.76,4.0,7.2
3,2022-04-08,24.65,45135.72,46387.81,1.5,7.5
3,2022-04-09,24.41,44514.81,46527.04,4.9,8.9
3,2022-04-10,23.93,45639.94,46665.33,8.3,11.1
3,2022-04-11,21.79,44145.45,46802.60,10.2,13.2
3,2022-04-12,23.27,45857.83,46938.73,8.9,11.7
3,2022-04-13,19.51,31716.78,47073.80,10.7,12.5
3,2022-04-14,5.51,0.00,47208.77,4.9,5.9
3,2022-04-15,4.25,0.00,47343.72,4.6,6.7
3,2022-04-16,19.40,40230.68,47478.57,0.7,5.9
3,2022-04-17,23.92,43094.88,47613.22,5.7,8.9
3,2022-04-18,9.32,21338.21,47747.57,7.5,10.9
3,2022-04-19,20.72,45909.49,47881.54,1.5,4.1
3,2022-04-20,18.63,44934.78,48015.02,7.6,10.2
3,2022-04-21,19.63,28800.00,48147.91,10.8,13.5
3,2022-04-22,22.38,43701.12,48280.11,10.4,12.1
3,2022-04-23,18.49,32879.45,48411.52,8.7,11.6
3,2022-04-24,11.29,8052.01,48542.04,9.3,12.6
3,2022-04-25,23.70,36570.16,48671.55,12.6,14.0
3,2022-04-26,7.30,0.00,48799.94,16.6,18.1
3,2022-04-27,17.49,30539.32,48927.11,5.9,13.8
3,2022-04-28,18.59,45667.77,49052.94,3.7,7.9
3,2022-04-29,7.65,12270.80,49177.31,4.8,9.6
3,2022-04-30,21.19,33908.81,49300.11,2.6,4.4
3,2022-05-01,10.23,14296.19,49421.21,5.9,10.1
3,2022-05-02,19.50,32346.37,49540.49,3.5,7.3
3,2022-05-03,25.44,46800.00,49657.99,2.9,8.0
3,2022-05-04,27.16,46800.00,49774.62,6.6,12.2
3,2022-05-05,26.14,46800.00,49890.45,10.0,13.5
3,2022-05-06,25.91,45009.42,50005.38,12.6,13.7
3,2022-05-07,21.14,44971.51,50119.31,10.7,15.2
3,2022-05-08,24.29,36000.00,50232.12,3.2,5.6
3,2022-05-09,5.97,10800.00,50343.74,6.7,9.5
3,2022-05-10,27.33,42547.49,50454.03,5.2,8.7
3,2022-05-11,23.54,46800.00,50562.90,9.0,13.1
3,2022-05-12,17.98,23136.95,50670.23,14.6,15.7
3,2022-05-13,8.04,4101.76,50775.92,16.8,17.8
3,2022-05-14,14.55,21344.92,50879.84,8.9,18.4
3,2022-05-15,19.86,25200.00,50981.89,7.5,11.3
3,2022-05-16,4.12,0.00,51081.94,10.5,11.9
3,2022-05-17,12.04,10800.00,51179.87,9.0,11.9
3,2022-05-18,28.39,47220.35,51275.56,8.3,13.7
3,2022-05-19,25.56,44497.34,51368.89,9.2,12.1
3,2022-05-20,19.52,27458.69,51459.73,11.9,13.6
3,2022-05-21,6.98,0.00,51547.96,13.1,15.6
3,2022-05-22,16.19,36337.18,51633.44,12.0,13.6
3,2022-05-23,11.14,19669.05,51716.19,10.0,12.8
3,2022-05-24,26.96,46614.62,51796.90,12.9,14.9
3,2022-05-25,22.49,44094.42,51875.62,14.7,15.9
3,2022-05-26,20.87,30430.43,51952.26,14.0,15.8
3,2022-05-27,10.72,25756.45,52026.76,12.3,16.5
3,2022-05-28,22.83,48573.81,52099.03,8.5,12.2
3,2022-05-29,28.85,48864.50,52168.99,10.6,14.5
3,2022-05-30,25.06,36000.00,52236.56,12.3,14.6
3,2022-05-31,8.42,11813.31,52301.66,12.9,16.0
3,2022-06-01,24.70,44774.34,52364.20,11.2,14.8
3,2022-06-02,23.72,40670.95,52424.11,13.7,16.0
3,2022-06-03,18.44,40081.61,52481.30,11.3,15.1
3,2022-06-04,25.65,36000.00,52535.69,10.2,11.7
3,2022-06-05,18.32,25401.71,52587.20,10.8,13.4
3,2022-06-06,4.36,0.00,52635.75,11.7,12.8
3,2022-06-07,6.39,0.00,52681.25,11.1,12.5
3,2022-06-08,8.65,651.88,52723.64,11.7,13.1
3,2022-06-09,15.26,28232.24,52762.81,13.8,14.5
3,2022-06-10,17.21,34959.57,52798.71,14.8,16.3
3,2022-06-11,14.20,15685.34,52831.24,15.8,16.9
3,2022-06-12,18.92,44304.88,52860.39,11.2,15.8
3,2022-06-13,20.70,33701.95,52886.38,10.6,12.3
3,2022-06-14,13.72,11722.71,52909.26,10.5,12.8
3,2022-06-15,11.53,9812.02,52929.03,13.8,16.1
3,2022-06-16,18.30,33272.10,52945.67,15.9,17.8
3,2022-06-17,22.05,46348.47,52959.21,15.5,18.4
3,2022-06-18,19.66,35765.48,52969.62,18.0,19.7
3,2022-06-19,22.08,47358.03,52976.91,18.4,19.8
3,2022-06-20,24.60,49942.91,52981.09,17.9,20.4
3,2022-06-21,18.06,29818.71,52982.16,17.3,18.6
3,2022-06-22,15.72,24118.51,52980.12,18.2,19.7
3,2022-06-23,11.96,7497.13,52974.98,18.7,19.7
3,2022-06-24,21.23,39840.85,52966.75,21.2,22.3
3,2022-06-25,25.75,49910.49,52955.44,19.7,21.1
3,2022-06-26,22.80,38286.66,52941.06,19.4,21.0
3,2022-06-27,21.84,45115.06,52923.61,19.7,21.9
3,2022-06-28,22.08,50220.84,52903.12,21.2,23.3
3,2022-06-29,26.58,50217.58,52879.61,19.4,22.5
3,2022-06-30,26.12,50304.64,52853.07,19.9,21.5
3,2022-07-01,26.59,50309.63,52823.53,20.2,22.0
3,2022-07-02,27.33,50316.49,52790.96,21.0,26.0
3,2022-07-03,18.30,25806.40,52755.01,21.3,23.7
3,2022-07-04,19.13,34414.80,52715.73,20.3,21.5
3,2022-07-05,20.06,39836.08,52673.18,21.0,21.9
3,2022-07-06,17.37,32400.00,52627.47,20.0,22.1
3,2022-07-07,19.10,33972.11,52578.67,18.7,19.5
3,2022-07-08,22.19,39673.50,52526.89,17.1,18.2
3,2022-07-09,18.98,40154.51,52472.20,19.7,20.7
3,2022-07-10,23.30,48942.35,52414.70,20.5,21.4
3,2022-07-11,19.74,35758.35,52354.47,21.0,22.0
3,2022-07-12,12.08,14883.71,52291.61,20.3,20.7
3,2022-07-13,15.44,27397.66,52226.20,20.1,21.5
3,2022-07-14,10.57,5699.34,52158.34,19.3,20.1
3,2022-07-15,7.27,1577.33,52088.11,20.0,20.9
3,2022-07-16,12.60,5629.14,52015.60,20.5,21.2
3,2022-07-17,18.94,39312.17,51940.91,19.9,21.4
3,2022-07-18,22.23,33134.58,51864.10,19.7,22.7
3,2022-07-19,9.50,8153.85,51785.28,21.4,22.7
3,2022-07-20,22.10,47736.74,51704.53,19.1,20.2
3,2022-07-21,12.44,17116.80,51621.93,21.0,22.6
3,2022-07-22,14.08,32166.18,51537.43,21.4,23.5
3,2022-07-23,24.05,38438.91,51450.29,18.9,21.8
3,2022-07-24,20.08,44230.96,51360.51,20.4,21.9
3,2022-07-25,21.55,45317.96,51268.21,22.5,23.5
3,2022-07-26,16.42,19820.49,51173.51,23.0,24.2
3,2022-07-27,13.89,21322.88,51076.55,22.7,24.0
3,2022-07-28,16.33,33224.17,50977.45,22.1,23.3
3,2022-07-29,21.90,45277.36,50876.33,22.6,23.9
3,2022-07-30,23.00,48259.37,50773.31,22.6,24.5
3,2022-07-31,24.08,47355.67,50668.51,21.8,23.8
3,2022-08-01,22.32,47072.09,50562.05,22.7,25.4
3,2022-08-02,16.58,31420.16,50454.03,22.1,23.2
3,2022-08-03,18.10,31053.03,50344.58,21.9,24.0
3,2022-08-04,8.75,2878.09,50233.80,20.1,22.0
3,2022-08-05,10.35,666.57,50121.80,17.9,19.3
3,2022-08-06,16.01,32849.67,50008.70,18.8,19.9
3,2022-08-07,18.03,44415.72,49894.58,21.8,22.9
3,2022-08-08,21.29,42670.01,49779.56,22.8,23.8
3,2022-08-09,20.77,43389.91,49663.74,22.8,24.6
3,2022-08-10,19.48,37974.78,49547.22,22.4,24.0
3,2022-08-11,22.27,36305.67,49429.91,22.7,23.9
3,2022-08-12,11.64,12189.62,49310.95,22.6,23.2
3,2022-08-13,14.54,30318.52,49190.27,21.4,23.0
3,2022-08-14,20.81,40851.85,49067.99,21.7,23.1
3,2022-08-15,11.32,10014.99,48944.23,22.5,23.8
3,2022-08-16,15.64,29712.84,48819.10,21.4,24.3
3,2022-08-17,6.15,3363.35,48692.72,21.1,22.1
3,2022-08-18,13.93,32130.75,48565.19,18.2,21.8
3,2022-08-19,24.27,39600.00,48436.62,17.7,19.8
3,2022-08-20,10.08,15176.47,48307.12,20.5,22.2
3,2022-08-21,20.21,46478.42,48176.79,20.1,22.2
3,2022-08-22,19.52,38054.38,48045.73,21.2,22.2
3,2022-08-23,18.82,40289.46,47914.03,22.0,22.9
3,2022-08-24,14.43,21280.94,47781.80,19.9,21.7
3,2022-08-25,18.12,29599.01,47649.14,19.1,21.8
3,2022-08-26,12.99,22847.43,47516.13,22.1,22.6
3,2022-08-27,18.16,33153.11,47382.87,21.2,22.7
3,2022-08-28,8.36,20933.27,47249.45,15.1,18.8
3,2022-08-29,22.17,34736.31,47115.95,15.5,16.9
3,2022-08-30,10.49,14628.77,46982.48,19.7,20.9
3,2022-08-31,12.19,13237.86,46848.94,22.3,22.9
3,2022-09-01,13.51,31071.93,46714.42,21.9,24.2
3,2022-09-02,15.77,33972.71,46578.85,19.0,20.1
3,2022-09-03,16.02,28800.00,46442.32,19.5,21.0
3,2022-09-04,17.01,37081.94,46304.94,19.9,20.8
3,2022-09-05,15.47,35781.44,46166.80,20.3,21.4
3,2022-09-06,16.79,40439.67,46027.99,21.1,22.6
3,2022-09-07,7.79,7235.57,45888.59,21.4,22.3
3,2022-09-08,7.31,3734.43,45748.71,18.8,20.1
3,2022-09-09,13.44,29859.38,45608.42,20.1,21.2
3,2022-09-10,21.25,35458.07,45467.83,15.4,20.2
3,2022-09-11,19.15,37961.86,45327.00,17.8,18.8
3,2022-09-12,20.25,41906.51,45186.04,18.5,20.0
3,2022-09-13,18.02,39600.00,45045.02,20.5,24.6
3,2022-09-14,21.15,35086.21,44904.02,16.0,18.8
3,2022-09-15,14.10,33670.27,44763.14,16.1,18.5
3,2022-09-16,21.56,42102.80,44622.45,16.6,19.1
3,2022-09-17,16.45,31698.01,44482.04,19.4,21.5
3,2022-09-18,9.30,10281.47,44341.99,22.2,22.8
3,2022-09-19,13.98,28800.00,44202.38,22.3,23.2
3,2022-09-20,4.69,119.11,44063.12,12.9,17.2
3,2022-09-21,13.74,33122.27,43923.27,9.6,11.7
3,2022-09-22,10.99,14656.61,43782.75,16.0,18.1
3,2022-09-23,4.91,0.00,43641.64,20.6,21.5
3,2022-09-24,6.41,9049.79,43500.05,15.7,22.2
3,2022-09-25,19.28,39909.87,43358.05,13.4,15.0
3,2022-09-26,18.69,36227.86,43215.74,17.4,18.3
3,2022-09-27,15.69,39363.27,43073.21,14.4,18.8
3,2022-09-28,17.25,39600.00,42930.56,12.9,14.1
3,2022-09-29,20.03,39600.00,42787.86,12.5,14.2
3,2022-09-30,19.68,39600.00,42645.21,13.8,15.6
3,2022-10-01,19.71,39600.00,42502.71,13.0,16.1
3,2022-10-02,18.60,32400.00,42360.43,13.8,15.7
3,2022-10-03,9.61,13064.61,42218.48,15.7,17.2
3,2022-10-04,12.96,31497.97,42076.94,15.8,17.7
3,2022-10-05,3.59,3850.92,41935.91,9.3,12.2
3,2022-10-06,3.46,0.00,41795.49,7.7,9.7
3,2022-10-07,2.53,0.00,41655.75,9.1,11.0
3,2022-10-08,13.20,25324.41,41516.81,9.6,12.2
3,2022-10-09,7.51,2419.72,41378.76,11.8,14.2
3,2022-10-10,5.93,7098.77,41241.51,14.3,17.0
3,2022-10-11,16.20,33233.44,41104.02,9.3,11.5
3,2022-10-12,9.06,7422.42,40966.19,8.5,10.6
3,2022-10-13,3.99,0.00,40828.15,11.0,12.5
3,2022-10-14,11.78,32614.21,40689.98,12.7,14.4
3,2022-10-15,13.35,33752.97,40551.80,12.7,15.5
3,2022-10-16,11.31,28072.90,40413.71,14.4,15.7
3,2022-10-17,6.93,6078.99,40275.82,13.8,17.7
3,2022-10-18,12.65,32291.73,40138.23,5.8,7.5
3,2022-10-19,16.56,39199.86,40001.07,3.2,5.6
3,2022-10-20,15.58,39119.87,39864.43,4.5,6.8
3,2022-10-21,15.43,31840.78,39728.44,8.3,10.1
3,2022-10-22,10.18,21804.36,39593.20,10.6,12.1
3,2022-10-23,12.08,31685.76,39458.84,7.8,14.3
3,2022-10-24,7.08,18218.68,39325.47,2.8,6.6
3,2022-10-25,11.29,25490.02,39193.22,2.2,4.5
3,2022-10-26,14.61,38528.64,39062.21,2.2,4.4
3,2022-10-27,14.42,31490.43,38932.56,4.2,5.7
3,2022-10-28,14.39,37407.43,38804.41,6.4,8.6
3,2022-10-29,13.40,38139.88,38677.87,4.2,7.1
3,2022-10-30,12.75,37792.64,38552.89,4.2,6.4
3,2022-10-31,14.16,35934.51,38428.32,5.3,7.5
3,2022-11-01,8.97,20708.40,38304.10,8.9,10.7
3,2022-11-02,12.67,35340.18,38180.31,9.7,12.0
3,2022-11-03,10.88,28800.00,38057.12,8.7,11.9
3,2022-11-04,9.57,23508.62,37934.63,3.0,5.2
3,2022-11-05,13.06,35795.13,37812.97,1.7,4.2
3,2022-11-06,13.26,33766.84,37692.28,3.2,5.2
3,2022-11-07,11.53,36044.52,37572.68,5.2,6.6
3,2022-11-08,12.03,35389.97,37454.32,4.2,6.6
3,2022-11-09,13.29,35668.95,37337.33,3.6,7.1
3,2022-11-10,12.27,34358.26,37221.85,4.9,8.2
3,2022-11-11,11.13,32532.31,37108.03,8.4,10.9
3,2022-11-12,11.01,33862.45,36996.01,10.8,11.9
3,2022-11-13,9.29,24130.85,36885.94,9.0,12.8
3,2022-11-14,9.73,28981.55,36777.97,3.8,4.8
3,2022-11-15,2.70,3129.43,36672.26,5.0,7.6
3,2022-11-16,10.36,32921.23,36568.95,1.6,3.1
3,2022-11-17,8.70,24306.86,36468.22,1.7,3.3
3,2022-11-18,11.12,29205.68,36370.20,4.0,6.5
3,2022-11-19,11.20,30208.11,36274.90,2.4,3.6
3,2022-11-20,5.13,12028.19,36181.24,6.6,8.5
3,2022-11-21,6.93,26622.40,36089.18,7.3,11.0
3,2022-11-22,8.62,24749.97,35998.80,4.9,9.2
3,2022-11-23,1.74,0.00,35910.25,6.5,7.9
3,2022-11-24,9.03,27192.67,35823.62,4.9,8.7
3,2022-11-25,11.21,32400.00,35739.04,4.7,7.1
3,2022-11-26,6.15,17571.16,35656.65,6.8,10.3
3,2022-11-27,10.22,32400.00,35576.54,-0.4,2.9
3,2022-11-28,9.33,27643.71,35498.86,7.8,10.3
3,2022-11-29,5.07,13077.52,35423.72,12.4,15.4
3,2022-11-30,5.69,14063.46,35351.26,2.3,9.9
3,2022-12-01,2.10,3600.00,35281.59,1.8,4.6
3,2022-12-02,8.60,27887.69,35214.85,-3.6,0.2
3,2022-12-03,3.34,11129.08,35151.16,0.2,5.1
3,2022-12-04,7.32,26077.25,35090.65,-0.6,4.3
3,2022-12-05,2.49,7200.00,35033.45,0.6,1.9
3,2022-12-06,2.08,6606.64,34979.70,0.6,2.7
3,2022-12-07,8.62,29503.68,34929.52,-0.6,2.5
3,2022-12-08,8.82,28227.94,34883.03,-0.9,2.7
3,2022-12-09,9.38,32400.00,34840.26,-0.1,1.8
3,2022-12-10,10.14,31566.40,34800.67,3.9,5.4
3,2022-12-11,3.77,7200.00,34764.20,-0.2,4.6
3,2022-12-12,9.39,28800.00,34730.88,-0.6,3.8
3,2022-12-13,4.36,9595.81,34700.73,2.4,6.5
3,2022-12-14,8.73,31645.57,34673.80,-4.3,0.2
3,2022-12-15,7.92,27977.55,34650.11,-2.6,0.6
3,2022-12-16,5.50,21237.73,34629.69,-3.1,1.7
3,2022-12-17,2.33,0.00,34612.56,-0.2,2.3
3,2022-12-18,9.60,30633.34,34598.77,-7.7,-4.9
3,2022-12-19,8.19,28012.46,34588.32,-6.6,-5.3
3,2022-12-20,6.31,15131.72,34581.25,-3.6,-1.6
3,2022-12-21,7.38,17592.12,34577.57,-1.0,1.1
3,2022-12-22,2.29,7200.00,34577.31,-1.8,4.8
3,2022-12-23,10.04,32428.66,34580.48,-11.5,-4.1
3,2022-12-24,7.45,25293.16,34587.11,-1.9,-0.6
3,2022-12-25,6.30,21600.00,34597.20,-3.2,0.7
3,2022-12-26,8.81,32400.00,34610.78,-4.0,-2.5
3,2022-12-27,9.91,32400.00,34627.86,-2.3,-1.1
3,2022-12-28,9.78,32276.01,34648.43,-2.7,-0.2
3,2022-12-29,6.40,31229.02,34672.58,-3.1,0.3
3,2022-12-30,8.02,28397.24,34700.55,-3.5,-1.9
3,2022-12-31,4.79,8047.51,34732.30,-3.5,-2.0
3,2023-01-01,9.20,28879.44,34767.74,-3.6,-0.7
3,2023-01-02,6.62,19918.42,34806.77,-6.5,-4.5
3,2023-01-03,7.64,31047.41,34849.30,-6.4,-5.0
3,2023-01-04,7.86,32400.00,34895.23,-6.5,-5.1
3,2023-01-05,9.57,31539.01,34944.45,-6.4,-4.9
3,2023-01-06,5.55,16288.24,34996.88,-5.5,-4.3
3,2023-01-07,8.44,33761.08,35052.41,-5.0,-1.1
3,2023-01-08,9.68,29530.19,35110.93,-3.7,-0.2
3,2023-01-09,9.07,30001.11,35172.37,-2.5,2.3
3,2023-01-10,8.06,28762.29,35236.60,-6.6,-5.0
3,2023-01-11,7.15,31575.89,35303.54,-5.1,-2.7
3,2023-01-12,9.62,30571.50,35373.07,-2.3,2.9
3,2023-01-13,10.62,27067.37,35445.12,1.3,4.0
3,2023-01-14,5.40,5555.74,35519.57,4.8,7.8
3,2023-01-15,5.89,13551.96,35596.33,2.4,3.5
3,2023-01-16,2.06,3600.00,35675.30,-4.2,1.3
3,2023-01-17,10.18,33103.13,35756.40,-4.8,-2.6
3,2023-01-18,9.27,31065.52,35839.68,-3.9,-2.0
3,2023-01-19,12.22,35052.16,35926.08,-4.2,-2.4
3,2023-01-20,12.13,35114.65,36015.58,-4.5,-0.9
3,2023-01-21,7.63,26631.36,36108.06,-7.8,-6.6
3,2023-01-22,8.83,19489.64,36203.32,-5.3,-3.8
3,2023-01-23,4.54,1317.91,36301.22,-2.9,-0.6
3,2023-01-24,3.23,3600.00,36401.61,-10.9,-2.0
3,2023-01-25,7.53,23963.32,36504.32,-14.5,-12.2
3,2023-01-26,9.33,29479.55,36609.21,-7.4,-5.4
3,2023-01-27,6.12,7625.44,36716.13,-6.3,-1.7
3,2023-01-28,9.06,29808.54,36824.92,-10.1,-7.5
3,2023-01-29,8.31,33806.08,36935.45,-7.0,-5.2
3,2023-01-30,12.20,33667.01,37047.58,-7.8,-6.2
3,2023-01-31,9.00,29381.24,37161.15,-9.3,-7.5
3,2023-02-01,12.88,35907.45,37276.03,-5.5,0.8
3,2023-02-02,9.76,31643.76,37392.10,-7.6,-5.2
3,2023-02-03,10.25,30288.92,37509.21,-7.0,-5.4
3,2023-02-04,12.43,35968.88,37627.24,-4.4,-1.7
3,2023-02-05,12.12,36000.00,37746.05,-3.8,-1.6
3,2023-02-06,14.30,32400.00,37865.53,-2.7,-1.3
3,2023-02-07,10.34,28494.37,37985.76,1.5,2.9
3,2023-02-08,10.34,31614.09,38107.90,-3.8,-1.1
3,2023-02-09,7.09,12939.01,38232.01,-6.8,-5.5
3,2023-02-10,3.11,3600.00,38357.94,-1.6,-0.4
3,2023-02-11,14.14,36204.50,38485.56,-4.5,-0.2
3,2023-02-12,14.90,32400.00,38614.71,0.6,2.1
3,2023-02-13,2.97,3733.62,38745.27,-1.8,3.2
3,2023-02-14,12.09,36000.00,38877.10,-8.8,-6.4
3,2023-02-15,10.77,31160.79,39010.04,-9.9,-9.3
3,2023-02-16,16.27,36924.75,39144.00,-7.5,-6.8
3,2023-02-17,16.38,36000.00,39278.82,-6.3,-1.3
3,2023-02-18,13.37,22607.95,39414.39,0.0,3.2
3,2023-02-19,6.52,9328.15,39550.58,1.2,8.9
3,2023-02-20,12.44,36166.35,39687.27,-7.9,-6.3
3,2023-02-21,13.92,36126.31,39824.33,-9.3,-8.0
3,2023-02-22,9.92,28800.00,39961.65,-5.6,-4.4
3,2023-02-23,14.22,27631.05,40099.11,-2.8,0.3
3,2023-02-24,8.10,12399.84,40236.60,1.6,4.8
3,2023-02-25,13.44,36468.73,40374.00,-7.7,-4.5
3,2023-02-26,13.32,37875.95,40511.20,-6.7,-4.7
3,2023-02-27,18.30,39282.17,40648.29,-6.3,-3.8
3,2023-02-28,18.66,38263.99,40786.39,-4.1,3.1
3,2023-03-01,17.88,34013.10,40925.59,-0.5,3.3
3,2023-03-02,7.83,18343.94,41065.77,-3.4,1.9
3,2023-03-03,15.52,39483.63,41206.84,-4.6,-2.5
3,2023-03-04,14.06,38686.44,41348.68,-3.0,-0.7
3,2023-03-05,18.49,33166.58,41491.20,-1.3,1.5
3,2023-03-06,10.56,30876.91,41634.27,0.8,5.4
3,2023-03-07,19.70,40868.82,41777.81,-4.6,1.4
3,2023-03-08,19.77,41215.83,41921.72,-0.4,1.7
3,2023-03-09,19.15,34087.17,42065.89,3.1,8.0
3,2023-03-10,15.70,37733.28,42210.21,2.5,6.0
3,2023-03-11,19.90,41862.05,42354.60,-0.2,3.2
3,2023-03-12,16.28,33848.55,42498.95,6.6,8.1
3,2023-03-13,4.01,10018.27,42643.17,0.6,9.8
3,2023-03-14,19.84,42029.58,42787.16,-2.6,-0.4
3,2023-03-15,20.56,40092.46,42930.81,3.5,6.8
3,2023-03-16,18.01,36360.88,43074.05,4.1,7.4
3,2023-03-17,8.99,5998.58,43216.74,0.8,3.5
3,2023-03-18,3.44,7318.81,43358.83,-0.4,2.3
3,2023-03-19,22.29,42304.49,43500.37,-5.0,-3.0
3,2023-03-20,21.96,41106.27,43642.40,2.1,6.0
3,2023-03-21,19.11,38442.77,43785.01,4.7,7.5
3,2023-03-22,20.63,36406.68,43928.11,9.0,12.0
3,2023-03-23,7.32,1424.51,44071.61,12.8,14.2
3,2023-03-24,8.67,10066.53,44215.42,6.2,11.2
3,2023-03-25,4.29,0.00,44359.46,5.6,7.2
3,2023-03-26,3.64,6110.28,44503.62,5.1,10.1
3,2023-03-27,17.97,29480.15,44647.83,-0.9,0.2
3,2023-03-28,14.51,42569.81,44791.99,-1.1,2.4
3,2023-03-29,17.56,37138.85,44936.01,1.6,6.7
3,2023-03-30,19.39,42905.63,45079.80,5.9,8.6
3,2023-03-31,20.93,43491.27,45223.26,3.2,9.3
3,2023-04-01,22.11,38047.64,45366.31,2.8,8.0
3,2023-04-02,15.17,38107.62,45508.85,3.3,5.5
3,2023-04-03,23.55,44097.95,45650.78,1.6,3.8
3,2023-04-04,23.54,41051.91,45792.00,2.3,5.9
3,2023-04-05,17.74,31968.33,45932.42,4.1,8.7
3,2023-04-06,10.04,18000.00,46071.95,11.1,13.2
3,2023-04-07,7.02,755.64,46210.48,10.5,13.9
3,2023-04-08,12.99,31480.11,46348.07,-1.5,4.4
3,2023-04-09,22.02,45690.29,46485.71,-3.9,-0.7
3,2023-04-10,24.41,45361.37,46623.50,2.0,5.6
3,2023-04-11,23.91,41857.80,46761.32,7.3,9.6
3,2023-04-12,14.66,28029.23,46899.10,3.5,9.7
3,2023-04-13,25.57,46112.77,47036.75,1.5,8.5
3,2023-04-14,20.90,29709.72,47174.16,6.3,8.8
3,2023-04-15,5.50,0.00,47311.25,10.5,11.0
3,2023-04-16,17.28,29691.54,47447.91,3.9,7.5
3,2023-04-17,18.46,43350.37,47584.05,1.8,3.8
3,2023-04-18,13.51,11733.66,47719.58,7.1,10.5
3,2023-04-19,18.62,41755.08,47854.37,7.3,10.7
3,2023-04-20,24.49,44997.35,47988.35,11.9,13.8
3,2023-04-21,23.07,42148.51,48121.39,4.0,13.5
3,2023-04-22,25.57,45903.92,48253.39,-3.0,-1.1
3,2023-04-23,25.71,46800.00,48384.24,-2.9,0.8
3,2023-04-24,21.32,43471.17,48513.83,-3.8,-0.1
3,2023-04-25,22.17,27750.26,48642.03,5.6,10.5
3,2023-04-26,5.82,7200.00,48768.75,6.7,13.4
3,2023-04-27,23.14,46800.00,48893.86,4.6,10.5
3,2023-04-28,25.62,43200.00,49017.41,9.5,11.2
3,2023-04-29,23.17,33736.03,49140.32,11.6,15.1
3,2023-04-30,9.27,7846.58,49262.68,7.0,16.0
3,2023-05-01,23.80,43959.25,49384.39,4.7,9.1
3,2023-05-02,22.32,46800.00,49505.34,2.6,4.6
3,2023-05-03,23.82,43826.00,49625.44,5.5,10.1
3,2023-05-04,27.08,46800.00,49744.58,8.5,12.5
3,2023-05-05,24.89,37724.90,49862.65,12.0,13.9
3,2023-05-06,15.70,26931.10,49979.56,14.4,16.2
3,2023-05-07,4.18,0.00,50095.18,6.9,8.8
3,2023-05-08,13.85,18902.11,50209.40,3.1,7.1
3,2023-05-09,28.28,46812.38,50322.12,4.2,7.5
3,2023-05-10,28.26,46800.00,50433.21,4.8,9.8
3,2023-05-11,27.43,47072.52,50542.55,2.2,5.0
3,2023-05-12,23.98,44231.06,50650.03,7.4,10.7
3,2023-05-13,13.14,16878.21,50755.52,10.9,11.8
3,2023-05-14,11.36,9636.39,50858.90,10.7,12.1
3,2023-05-15,9.64,12726.32,50960.05,11.2,12.9
3,2023-05-16,25.53,47270.13,51058.81,9.3,12.9
3,2023-05-17,28.15,47248.75,51155.09,10.9,15.6
3,2023-05-18,25.10,36000.00,51248.88,12.3,14.7
3,2023-05-19,5.98,159.05,51340.96,14.1,16.5
3,2023-05-20,13.73,22466.68,51431.39,12.4,14.7
3,2023-05-21,23.77,38332.41,51520.06,14.9,18.6
3,2023-05-22,19.61,29895.11,51606.91,10.8,15.7
3,2023-05-23,6.10,10800.00,51691.83,9.2,11.3
3,2023-05-24,24.10,47099.41,51774.73,5.2,9.7
3,2023-05-25,22.78,42919.05,51855.52,10.3,11.5
3,2023-05-26,12.52,11886.04,51934.11,11.3,13.0
3,2023-05-27,19.84,33861.27,52010.40,13.5,14.4
3,2023-05-28,10.83,10123.10,52084.29,14.5,16.1
3,2023-05-29,7.57,8667.28,52155.69,15.9,17.1
3,2023-05-30,25.96,46800.00,52224.49,10.7,13.8
3,2023-05-31,23.86,48563.11,52290.62,7.7,11.9
3,2023-06-01,20.55,27113.94,52353.97,12.5,17.0
3,2023-06-02,2.82,0.00,52414.42,16.5,17.5
3,2023-06-03,23.29,48745.83,52471.90,10.0,13.9
3,2023-06-04,27.35,49045.77,52526.31,9.6,12.8
3,2023-06-05,25.76,48098.36,52577.53,10.5,14.5
3,2023-06-06,23.13,40094.65,52625.49,13.8,16.4
3,2023-06-07,24.43,36379.62,52670.14,13.7,15.3
3,2023-06-08,14.57,17944.96,52711.88,14.3,17.0
3,2023-06-09,10.40,17122.23,52750.75,15.9,17.8
3,2023-06-10,16.06,21333.32,52786.72,17.8,19.3
3,2023-06-11,5.70,0.00,52819.76,17.5,18.1
3,2023-06-12,13.27,11342.46,52849.84,17.9,18.7
3,2023-06-13,21.30,37266.11,52876.94,18.3,20.2
3,2023-06-14,6.77,605.10,52901.03,18.5,19.9
3,2023-06-15,7.93,3600.00,52922.10,17.6,18.7
3,2023-06-16,16.47,34605.53,52940.12,14.2,16.4
3,2023-06-17,28.92,48885.87,52955.06,14.5,18.3
3,2023-06-18,25.86,44940.98,52966.92,15.7,18.2
3,2023-06-19,28.52,50220.92,52975.67,11.9,15.4
3,2023-06-20,28.08,41446.32,52981.28,12.5,15.8
3,2023-06-21,25.11,38953.90,52983.76,14.2,15.2
3,2023-06-22,6.04,1547.29,52983.08,14.7,16.4
3,2023-06-23,13.23,13451.61,52979.24,17.2,18.6
3,2023-06-24,24.10,46800.00,52972.21,17.3,19.0
3,2023-06-25,23.75,47965.98,52961.99,17.7,18.8
3,2023-06-26,22.37,40588.38,52948.57,18.9,19.5
3,2023-06-27,13.34,20068.18,52931.92,19.9,21.1
3,2023-06-28,16.55,27349.67,52911.84,20.7,22.7
3,2023-06-29,23.28,41330.90,52888.37,19.1,20.7
3,2023-06-30,7.81,2702.59,52861.57,20.8,21.4
3,2023-07-01,10.26,8640.11,52831.51,20.3,21.8
3,2023-07-02,27.45,46323.51,52798.27,19.4,21.7
3,2023-07-03,25.03,50212.81,52761.89,17.6,21.4
3,2023-07-04,25.93,46833.85,52722.48,17.4,18.2
3,2023-07-05,14.63,20681.72,52680.07,19.0,20.4
3,2023-07-06,22.59,44662.42,52634.76,19.0,21.7
3,2023-07-07,24.18,36524.52,52586.61,19.2,22.0
3,2023-07-08,9.39,7200.00,52535.70,21.0,22.6
3,2023-07-09,18.64,28805.25,52482.10,22.9,24.1
3,2023-07-10,23.13,43200.00,52425.88,22.6,23.8
3,2023-07-11,21.90,39893.53,52367.12,21.2,22.1
3,2023-07-12,22.51,36708.68,52305.89,20.3,22.7
3,2023-07-13,21.22,41514.74,52242.26,20.0,21.0
3,2023-07-14,7.71,2463.48,52176.30,21.1,22.0
3,2023-07-15,8.75,10800.00,52108.10,20.7,23.6
3,2023-07-16,26.30,49615.30,52037.71,21.7,24.8
3,2023-07-17,25.61,49940.49,51965.10,21.9,24.2
3,2023-07-18,12.56,14628.37,51889.61,22.4,24.6
3,2023-07-19,9.39,12656.56,51811.24,19.6,22.0
3,2023-07-20,23.79,41559.52,51730.11,19.3,20.1
3,2023-07-21,17.01,38251.31,51646.34,19.7,20.9
3,2023-07-22,23.65,47668.01,51560.06,19.9,20.9
3,2023-07-23,23.93,47644.01,51471.40,19.9,21.3
3,2023-07-24,26.34,49391.94,51380.45,20.5,22.5
3,2023-07-25,25.28,48470.31,51287.35,21.2,22.9
3,2023-07-26,23.79,48176.13,51192.21,22.2,23.6
3,2023-07-27,22.96,46906.50,51095.15,22.4,23.9
3,2023-07-28,22.76,46972.50,50996.27,21.8,23.1
3,2023-07-29,23.25,41834.20,50895.70,22.1,24.7
3,2023-07-30,24.13,47327.29,50793.53,23.0,24.9
3,2023-07-31,20.84,28800.00,50689.88,22.5,24.0
3,2023-08-01,17.63,39202.52,50584.85,21.2,22.3
3,2023-08-02,22.77,46979.77,50478.55,21.5,22.4
3,2023-08-03,23.82,47730.67,50371.08,21.6,22.7
3,2023-08-04,22.71,47755.74,50262.54,21.9,25.2
3,2023-08-05,23.50,42795.90,50153.03,22.0,22.8
3,2023-08-06,22.15,37319.25,50042.49,22.2,23.0
3,2023-08-07,20.56,37774.74,49930.03,22.6,23.2
3,2023-08-08,18.03,34289.36,49815.63,22.9,23.6
3,2023-08-09,15.42,28272.14,49699.41,23.6,24.7
3,2023-08-10,20.53,44006.40,49581.48,21.4,22.5
3,2023-08-11,21.95,40275.38,49461.98,21.2,22.1
3,2023-08-12,14.85,31505.50,49341.01,22.1,22.6
3,2023-08-13,19.40,37434.53,49218.68,23.1,23.6
3,2023-08-14,14.11,32706.24,49095.12,23.3,24.8
3,2023-08-15,14.54,40993.73,48970.44,23.1,23.9
3,2023-08-16,19.51,42228.21,48844.74,22.2,23.0
3,2023-08-17,21.64,45996.31,48718.12,23.2,24.5
3,2023-08-18,19.61,46050.53,48590.70,22.9,24.1
3,2023-08-19,18.34,36342.88,48462.57,23.4,24.1
3,2023-08-20,18.19,36688.54,48333.83,23.2,24.6
3,2023-08-21,19.01,30769.02,48204.59,22.9,23.8
3,2023-08-22,18.86,36887.73,48074.94,23.4,23.9
3,2023-08-23,16.93,35100.75,47944.98,23.4,24.3
3,2023-08-24,18.66,41510.05,47814.78,22.4,23.0
3,2023-08-25,23.91,44590.16,47684.46,22.3,23.6
3,2023-08-26,21.19,44759.99,47553.93,21.5,22.5
3,2023-08-27,19.68,41800.61,47422.28,20.4,21.5
3,2023-08-28,21.55,46145.83,47289.43,20.7,23.3
3,2023-08-29,21.52,46097.08,47155.49,22.0,23.8
3,2023-08-30,21.19,38998.01,47020.57,22.2,23.7
3,2023-08-31,22.05,41356.82,46884.76,20.8,21.8
3,2023-09-01,22.43,41855.36,46748.15,20.5,21.7
3,2023-09-02,21.06,43302.42,46610.85,21.1,22.5
3,2023-09-03,19.52,35275.26,46472.93,21.3,22.5
3,2023-09-04,5.76,6936.07,46334.50,22.8,23.4
3,2023-09-05,15.19,42041.17,46195.65,22.8,24.0
3,2023-09-06,5.10,8552.48,46056.46,20.6,23.2
3,2023-09-07,16.86,28640.85,45917.03,19.1,19.9
3,2023-09-08,5.09,2219.14,45777.43,20.0,21.8
3,2023-09-09,15.01,36735.97,45637.76,22.8,23.6
3,2023-09-10,13.90,29142.99,45498.10,22.7,23.3
3,2023-09-11,17.04,38053.66,45358.54,21.7,22.6
3,2023-09-12,19.74,41952.34,45219.16,20.8,21.8
3,2023-09-13,19.53,41034.96,45080.03,20.8,21.5
3,2023-09-14,19.83,42087.25,44941.25,20.4,22.1
3,2023-09-15,11.23,27895.10,44802.73,22.2,23.2
3,2023-09-16,16.59,40001.77,44663.53,22.4,24.2
3,2023-09-17,17.48,39600.00,44523.57,22.7,23.7
3,2023-09-18,17.76,39600.00,44382.96,22.0,23.3
3,2023-09-19,15.70,29686.99,44241.77,21.2,22.8
3,2023-09-20,13.27,30043.22,44100.10,19.7,20.3
3,2023-09-21,6.84,5175.58,43958.03,20.3,22.0
3,2023-09-22,9.80,10800.00,43815.65,18.4,21.2
3,2023-09-23,11.55,24769.90,43673.06,12.6,18.3
3,2023-09-24,20.40,37177.60,43530.33,12.6,14.1
3,2023-09-25,15.19,25200.00,43387.56,15.4,16.8
3,2023-09-26,10.31,19868.13,43244.83,16.9,18.2
3,2023-09-27,4.33,0.00,43102.24,18.5,19.4
3,2023-09-28,14.47,34683.83,42959.85,18.6,20.8
3,2023-09-29,17.73,32400.00,42817.78,16.3,18.2
3,2023-09-30,8.48,13474.80,42676.10,18.0,18.6
3,2023-10-01,11.78,28016.23,42534.89,14.9,19.3
3,2023-10-02,18.34,39600.00,42394.25,9.3,11.3
3,2023-10-03,17.20,29850.66,42254.28,11.8,14.7
3,2023-10-04,4.31,0.00,42115.05,14.3,15.8
3,2023-10-05,10.03,26954.07,41976.48,9.8,16.7
3,2023-10-06,14.21,39600.00,41837.56,7.2,9.4
3,2023-10-07,14.45,39600.00,41698.20,8.2,10.2
3,2023-10-08,12.69,18000.00,41558.51,10.5,12.3
3,2023-10-09,3.00,3167.00,41418.58,13.8,15.7
3,2023-10-10,14.19,35743.06,41278.50,12.0,17.0
3,2023-10-11,17.57,39600.00,41138.40,7.5,10.0
3,2023-10-12,16.46,39600.00,40998.35,6.9,9.9
3,2023-10-13,17.71,36990.17,40858.48,6.5,9.5
3,2023-10-14,16.35,32400.00,40718.87,8.4,11.1
3,2023-10-15,3.81,12651.57,40579.65,10.8,12.6
3,2023-10-16,14.40,39458.24,40440.90,9.8,12.1
3,2023-10-17,15.43,39375.52,40302.74,6.6,9.7
3,2023-10-18,16.62,39293.76,40165.29,10.2,13.0
3,2023-10-19,16.05,38579.53,40028.64,11.4,15.1
3,2023-10-20,12.58,32497.97,39892.91,10.2,14.7
3,2023-10-21,13.70,36572.61,39758.22,4.0,6.3
3,2023-10-22,13.03,38978.51,39624.69,4.6,7.3
3,2023-10-23,13.68,38161.91,39492.42,9.0,11.3
3,2023-10-24,13.50,38829.48,39361.56,10.3,11.7
3,2023-10-25,12.11,29839.83,39232.00,9.6,12.7
3,2023-10-26,14.70,38569.15,39102.64,7.4,9.8
3,2023-10-27,12.92,36942.53,38973.38,8.4,12.6
3,2023-10-28,10.87,32762.75,38844.36,9.2,11.6
3,2023-10-29,10.97,35940.79,38715.68,7.8,9.5
3,2023-10-30,11.26,37794.11,38587.47,8.6,10.3
3,2023-10-31,11.91,37161.21,38459.85,8.8,11.0
3,2023-11-01,12.94,34934.03,38332.94,9.6,11.3
3,2023-11-02,10.45,36807.17,38206.89,10.1,13.1
3,2023-11-03,13.80,36641.65,38081.81,9.5,12.5
3,2023-11-04,8.50,16983.74,37957.83,11.9,15.3
3,2023-11-05,9.49,26506.71,37835.10,13.9,15.3
3,2023-11-06,7.80,24556.45,37713.76,16.3,18.3
3,2023-11-07,4.94,11871.04,37593.93,8.2,13.5
3,2023-11-08,12.67,33346.01,37475.77,5.1,6.5
3,2023-11-09,12.29,35221.31,37359.42,8.5,10.9
3,2023-11-10,4.77,6566.56,37245.02,9.0,13.3
3,2023-11-11,7.02,25679.93,37132.74,-0.8,0.9
3,2023-11-12,3.77,5239.18,37022.72,1.7,5.1
3,2023-11-13,8.08,27629.82,36915.12,0.9,3.8
3,2023-11-14,5.65,14836.07,36809.88,3.0,4.0
3,2023-11-15,9.20,29978.32,36705.94,3.0,5.8
3,2023-11-16,11.75,28800.00,36603.18,6.0,9.2
3,2023-11-17,2.30,5105.88,36501.76,5.7,11.2
3,2023-11-18,11.25,25200.00,36401.77,-0.0,4.0
3,2023-11-19,5.86,20639.38,36303.36,4.0,6.6
3,2023-11-20,7.91,28439.10,36206.65,0.9,5.0
3,2023-11-21,12.17,33411.08,36111.76,1.3,3.7
3,2023-11-22,11.85,32420.68,36018.85,4.7,8.3
3,2023-11-23,8.81,32829.40,35928.02,6.3,11.8
3,2023-11-24,6.05,21683.85,35839.43,1.3,7.2
3,2023-11-25,4.39,6567.15,35753.22,-2.6,-0.1
3,2023-11-26,5.30,21802.73,35669.51,1.4,3.9
3,2023-11-27,11.09,32634.41,35588.45,3.8,5.8
3,2023-11-28,7.52,20192.86,35510.19,1.2,6.8
3,2023-11-29,8.83,27160.45,35434.86,1.0,2.6
3,2023-11-30,6.42,24579.48,35362.61,-2.7,1.1
3,2023-12-01,9.67,29371.13,35293.60,-2.3,-0.3
3,2023-12-02,10.39,32454.95,35227.94,-2.7,-0.3
3,2023-12-03,9.95,27559.03,35165.80,0.2,2.0
3,2023-12-04,10.38,28920.47,35107.19,-2.2,1.2
3,2023-12-05,6.91,16397.26,35051.39,2.1,5.1
3,2023-12-06,8.83,27749.70,34998.34,3.9,7.0
3,2023-12-07,8.63,22672.65,34948.09,2.3,6.9
3,2023-12-08,6.49,22222.26,34900.71,2.0,7.0
3,2023-12-09,10.74,32400.00,34856.27,3.5,7.4
3,2023-12-10,9.51,28800.00,34814.81,6.1,9.3
3,2023-12-11,3.26,1330.63,34776.42,5.3,7.8
3,2023-12-12,5.49,15897.06,34741.14,2.7,10.1
3,2023-12-13,5.49,25204.61,34709.03,-0.5,1.2
3,2023-12-14,10.12,28800.00,34680.15,0.3,3.2
3,2023-12-15,1.43,0.00,34654.58,6.5,8.6
3,2023-12-16,4.83,21058.51,34632.34,6.1,12.7
3,2023-12-17,6.56,29206.89,34613.51,-5.0,-3.8
3,2023-12-18,5.21,11790.43,34598.13,-4.8,-3.2
3,2023-12-19,7.12,22315.79,34586.26,-2.4,-0.8
3,2023-12-20,7.86,29525.87,34577.95,-1.3,1.1
3,2023-12-21,7.15,27538.76,34573.26,-6.5,0.4
3,2023-12-22,7.43,26143.22,34572.22,-6.9,-4.2
3,2023-12-23,5.52,25060.76,34574.88,-5.5,-4.3
3,2023-12-24,8.43,28835.57,34581.29,-4.2,-2.6
3,2023-12-25,9.18,27315.27,34591.51,-1.6,0.8
3,2023-12-26,10.16,29120.92,34605.47,-1.5,0.5
3,2023-12-27,5.19,21425.05,34623.11,-4.6,-2.4
3,2023-12-28,10.46,29444.76,34644.39,-4.7,-2.5
3,2023-12-29,4.67,17092.26,34669.22,0.1,1.5
3,2023-12-30,10.47,28800.00,34697.53,0.8,3.4
3,2023-12-31,6.03,22945.23,34729.26,2.3,4.0
3,2024-01-01,7.60,29426.89,34764.35,-5.2,-2.1
3,2024-01-02,8.46,26113.21,34802.70,-2.1,0.8
3,2024-01-03,5.79,11572.90,34844.26,1.2,2.7
3,2024-01-04,8.39,29583.05,34888.96,-2.6,2.0
3,2024-01-05,10.88,33489.26,34936.72,-1.4,3.9
3,2024-01-06,9.84,32460.31,34987.46,0.9,3.2
3,2024-01-07,8.57,32062.84,35041.11,-5.2,-3.7
3,2024-01-08,7.68,32736.36,35097.59,-7.0,-4.9
3,2024-01-09,11.04,34036.17,35156.84,-4.4,-0.6
3,2024-01-10,7.76,30289.84,35218.77,-5.1,0.3
3,2024-01-11,8.87,33424.10,35283.31,-8.2,-1.6
3,2024-01-12,8.36,28874.32,35350.39,-3.3,0.2
3,2024-01-13,7.93,22973.27,35420.08,-6.7,-4.5
3,2024-01-14,11.52,33241.04,35493.15,-5.8,-2.4
3,2024-01-15,6.34,22312.54,35569.60,-8.8,-6.3
3,2024-01-16,7.18,25900.05,35649.28,-7.3,-3.8
3,2024-01-17,11.18,31309.61,35732.04,-6.2,-2.1
3,2024-01-18,8.42,28950.98,35817.73,-0.3,2.8
3,2024-01-19,10.05,31435.60,35906.18,-3.5,-0.6
3,2024-01-20,6.43,14493.90,35997.27,0.2,3.1
3,2024-01-21,0.94,0.00,36090.84,4.2,7.1
3,2024-01-22,3.92,2747.28,36186.74,3.9,7.3
3,2024-01-23,7.64,30149.39,36284.83,-5.7,-2.9
3,2024-01-24,10.50,31762.14,36384.97,-8.2,-6.3
3,2024-01-25,8.70,24637.34,36487.02,-5.5,-1.6
3,2024-01-26,6.67,16458.15,36590.84,-3.7,-2.2
3,2024-01-27,7.05,26519.75,36696.31,-3.3,-2.2
3,2024-01-28,4.47,12393.16,36803.27,-2.6,-1.3
3,2024-01-29,12.24,35694.94,36911.61,-4.1,-2.2
3,2024-01-30,10.50,35761.17,37021.20,-3.5,-1.3
3,2024-01-31,11.19,32672.10,37131.91,-2.0,2.8
3,2024-02-01,5.21,8145.54,37243.61,-6.7,1.9
3,2024-02-02,11.95,34192.06,37356.40,-6.8,-5.7
3,2024-02-03,6.89,19384.56,37471.40,-5.9,-4.5
3,2024-02-04,8.86,28800.00,37588.66,-4.6,-3.2
3,2024-02-05,2.60,0.00,37708.03,-2.0,-0.5
3,2024-02-06,6.00,3600.00,37829.36,-4.4,-0.9
3,2024-02-07,11.40,33488.52,37952.49,-3.9,-1.5
3,2024-02-08,12.17,35312.17,38077.28,-4.6,-2.8
3,2024-02-09,13.58,36000.00,38203.59,-5.0,-3.5
3,2024-02-10,13.52,35020.74,38331.26,-3.5,-0.6
3,2024-02-11,9.80,33060.89,38460.17,-5.9,-5.2
3,2024-02-12,14.17,36478.50,38590.18,-6.9,-4.6
3,2024-02-13,15.90,36442.22,38721.15,-4.8,0.7
3,2024-02-14,15.53,36405.43,38852.95,1.8,3.4
3,2024-02-15,14.28,36000.00,38985.45,2.7,8.2
3,2024-02-16,12.11,36330.69,39118.52,-6.8,-5.2
3,2024-02-17,16.09,36593.07,39252.04,-0.6,3.3
3,2024-02-18,15.00,32400.00,39385.89,5.8,7.9
3,2024-02-19,4.60,123.94,39519.95,10.6,11.8
3,2024-02-20,8.88,24812.96,39654.08,3.8,12.0
3,2024-02-21,1.70,0.00,39788.19,1.9,4.3
3,2024-02-22,4.28,10361.60,39922.35,-4.1,-0.9
3,2024-02-23,3.65,3960.01,40057.72,-5.3,-3.7
3,2024-02-24,14.31,32600.60,40194.38,-5.7,-4.7
3,2024-02-25,5.58,802.65,40332.20,-0.1,2.6
3,2024-02-26,13.22,36823.36,40471.08,-4.1,-3.1
3,2024-02-27,9.05,17615.71,40610.90,-3.5,-2.4
3,2024-02-28,10.93,25619.78,40751.54,-4.4,-3.4
3,2024-02-29,13.45,21667.68,40892.90,-0.0,1.9
3,2024-03-01,8.09,17899.65,41034.86,-2.9,2.0
3,2024-03-02,12.66,35744.72,41177.32,-9.1,-5.7
3,2024-03-03,15.89,32978.95,41320.17,-4.5,0.4
3,2024-03-04,11.73,28294.02,41463.30,-4.0,-2.7
3,2024-03-05,7.00,3608.43,41606.61,-0.6,1.5
3,2024-03-06,7.91,12421.50,41749.99,-2.7,1.0
3,2024-03-07,16.88,32400.00,41893.34,-3.6,-0.8
3,2024-03-08,13.36,31048.43,42036.57,-4.2,-0.6
3,2024-03-09,19.24,41607.53,42179.56,-6.5,-4.4
3,2024-03-10,18.64,40502.97,42322.22,-5.7,-4.9
3,2024-03-11,19.88,32985.64,42464.44,-3.2,-1.7
3,2024-03-12,4.88,7214.03,42606.13,0.9,4.5
3,2024-03-13,13.67,40272.95,42747.37,-4.6,-3.3
3,2024-03-14,18.53,42073.14,42889.20,-2.6,-0.3
3,2024-03-15,21.16,42128.27,43031.73,-2.7,1.4
3,2024-03-16,20.68,42183.16,43174.86,1.3,6.5
3,2024-03-17,16.64,31771.05,43318.50,1.0,7.4
3,2024-03-18,15.38,38925.04,43462.55,-6.8,-4.0
3,2024-03-19,17.01,34449.40,43606.92,-3.2,0.3
3,2024-03-20,12.28,19053.12,43751.53,-2.8,1.3
3,2024-03-21,18.39,41011.47,43896.28,-6.6,-5.5
3,2024-03-22,20.17,37600.32,44041.09,-6.6,-4.4
3,2024-03-23,8.76,17054.76,44185.85,1.4,5.9
3,2024-03-24,18.44,39015.51,44330.49,5.2,6.8
3,2024-03-25,6.64,1239.85,44474.90,6.6,8.7
3,2024-03-26,2.33,4553.47,44619.00,1.6,6.7
3,2024-03-27,18.86,42883.95,44762.69,-3.4,-1.4
3,2024-03-28,13.29,18000.00,44905.89,4.9,9.6
3,2024-03-29,8.48,23919.05,45048.48,6.9,11.7
3,2024-03-30,17.42,42500.21,45190.39,4.6,6.7
3,2024-03-31,16.33,38969.16,45331.51,5.0,7.1
3,2024-04-01,23.17,43509.03,45471.73,-1.1,1.2
3,2024-04-02,21.60,38299.19,45611.16,-2.2,2.4
3,2024-04-03,10.87,11938.32,45750.76,8.2,9.8
3,2024-04-04,17.80,38521.09,45890.63,3.6,8.5
3,2024-04-05,18.09,36000.00,46030.67,2.5,5.4
3,2024-04-06,7.01,9309.97,46170.79,9.6,11.2
3,2024-04-07,18.26,38466.67,46310.92,11.3,13.5
3,2024-04-08,14.89,28415.03,46450.95,13.6,14.3
3,2024-04-09,4.47,9370.24,46590.79,1.2,14.1
3,2024-04-10,25.36,45622.62,46730.35,0.8,2.7
3,2024-04-11,20.43,32706.78,46869.54,4.6,7.5
3,2024-04-12,15.66,41058.86,47008.25,7.7,10.0
3,2024-04-13,24.54,45509.68,47146.40,7.9,10.7
3,2024-04-14,23.98,46264.57,47283.87,9.7,11.9
3,2024-04-15,25.16,43678.30,47420.58,10.1,12.0
3,2024-04-16,20.33,40802.83,47556.42,10.3,12.3
3,2024-04-17,17.84,38329.17,47691.27,7.6,13.2
3,2024-04-18,15.00,24947.67,47825.03,7.2,11.1
3,2024-04-19,9.01,4709.26,47957.61,5.9,7.1
3,2024-04-20,14.38,25200.00,48088.87,2.9,7.1
3,2024-04-21,11.83,10265.56,48218.72,8.2,10.2
3,2024-04-22,12.21,18981.58,48347.20,10.6,12.0
3,2024-04-23,5.99,0.00,48475.27,10.0,11.9
3,2024-04-24,5.59,4235.51,48603.01,10.9,11.8
3,2024-04-25,21.22,46800.00,48730.32,7.7,10.0
3,2024-04-26,24.45,32586.27,48857.10,14.4,16.0
3,2024-04-27,19.52,37334.14,48983.25,12.3,15.0
3,2024-04-28,26.19,41699.02,49108.67,11.1,14.7
3,2024-04-29,21.86,33526.54,49233.25,15.4,16.4
3,2024-04-30,11.01,10724.02,49356.90,13.4,15.4
3,2024-05-01,9.95,12931.48,49479.49,6.5,10.7
3,2024-05-02,26.22,46800.00,49600.93,4.8,8.5
3,2024-05-03,27.43,46800.00,49721.09,6.0,9.2
3,2024-05-04,26.92,46800.00,49839.87,9.0,12.3
3,2024-05-05,26.14,40788.70,49957.14,7.3,11.3
3,2024-05-06,12.69,18020.82,50072.80,13.0,15.3
3,2024-05-07,6.92,4558.84,50186.71,12.2,16.7
3,2024-05-08,10.89,10997.80,50298.74,5.4,8.4
3,2024-05-09,16.82,34120.90,50408.79,1.8,5.3
3,2024-05-10,28.03,46800.00,50516.71,6.2,11.6
3,2024-05-11,26.78,44212.06,50622.38,11.0,12.3
3,2024-05-12,18.79,29571.03,50725.82,13.0,16.2
3,2024-05-13,5.75,8647.74,50827.87,9.8,16.7
3,2024-05-14,27.07,46988.46,50928.58,8.2,12.2
3,2024-05-15,23.94,34791.16,51027.87,12.8,14.7
3,2024-05-16,10.26,16911.18,51125.62,12.0,16.9
3,2024-05-17,22.94,46365.12,51221.76,5.9,9.2
3,2024-05-18,26.77,39454.04,51316.18,11.8,14.1
3,2024-05-19,9.82,7676.59,51408.78,13.4,15.4
3,2024-05-20,14.48,32180.03,51499.44,13.2,15.3
3,2024-05-21,20.36,40891.74,51588.08,8.1,12.1
3,2024-05-22,27.57,47160.70,51674.58,11.0,13.7
3,2024-05-23,23.99,46607.43,51758.85,13.9,15.8
3,2024-05-24,23.32,44802.76,51840.77,11.1,15.1
3,2024-05-25,25.75,47475.42,51920.23,7.7,10.2
3,2024-05-26,21.14,36562.94,51997.12,12.1,15.6
3,2024-05-27,14.46,22347.82,52071.33,15.8,18.2
3,2024-05-28,5.83,2172.31,52142.76,14.0,19.4
3,2024-05-29,22.34,41702.67,52211.30,10.7,14.7
3,2024-05-30,20.56,32874.35,52276.82,15.0,16.7
3,2024-05-31,9.16,10908.30,52339.22,13.7,14.8
3,2024-06-01,23.20,37761.69,52398.48,13.2,14.5
3,2024-06-02,14.71,20976.57,52455.10,13.1,14.7
3,2024-06-03,20.71,36091.05,52509.15,12.0,14.2
3,2024-06-04,20.92,42710.37,52560.56,11.6,12.2
3,2024-06-05,22.83,49445.90,52609.29,11.2,13.6
3,2024-06-06,24.73,35447.47,52655.28,14.4,15.7
3,2024-06-07,18.62,39741.31,52698.49,13.9,15.0
3,2024-06-08,25.51,39038.70,52738.87,14.7,15.8
3,2024-06-09,14.92,14394.76,52776.37,15.5,16.5
3,2024-06-10,17.78,37158.56,52810.95,15.2,17.6
3,2024-06-11,25.71,49895.61,52842.56,16.3,17.9
3,2024-06-12,24.48,44356.44,52871.16,16.8,18.7
3,2024-06-13,21.30,43235.44,52896.71,17.1,19.1
3,2024-06-14,26.17,50341.75,52919.15,16.8,18.8
3,2024-06-15,24.70,33933.22,52938.46,16.2,17.9
3,2024-06-16,22.87,49320.94,52954.58,16.9,18.1
3,2024-06-17,21.48,24621.53,52967.49,15.0,18.8
3,2024-06-18,7.25,11018.98,52977.14,15.1,17.9
3,2024-06-19,28.97,50457.65,52983.49,14.7,17.5
3,2024-06-20,25.46,36221.13,52986.53,16.6,18.3
3,2024-06-21,8.41,10800.00,52986.20,14.6,18.4
3,2024-06-22,21.70,35063.92,52982.47,16.4,18.7
3,2024-06-23,10.15,9898.36,52975.38,19.6,22.2
3,2024-06-24,20.18,41875.88,52964.97,18.5,21.1
3,2024-06-25,19.42,37938.17,52951.28,17.0,20.9
3,2024-06-26,23.35,47176.63,52934.36,14.7,16.3
3,2024-06-27,20.55,28989.40,52914.24,17.0,18.5
3,2024-06-28,6.97,10800.00,52891.00,18.4,19.4
3,2024-06-29,24.57,40132.70,52864.66,18.4,20.0
3,2024-06-30,10.57,2472.01,52835.28,21.1,22.4
3,2024-07-01,15.02,28286.80,52802.92,18.9,23.1
3,2024-07-02,20.85,25564.88,52767.61,17.8,19.1
3,2024-07-03,11.27,12218.87,52729.42,21.3,22.9
3,2024-07-04,25.65,50272.94,52688.40,20.0,22.2
3,2024-07-05,25.02,43092.06,52644.60,21.9,23.1
3,2024-07-06,12.60,18371.09,52598.08,21.0,22.4
3,2024-07-07,25.71,39412.72,52548.90,20.4,23.6
3,2024-07-08,9.54,9690.31,52497.10,22.4,23.7
3,2024-07-09,9.93,10509.74,52442.74,21.2,23.4
3,2024-07-10,10.04,5972.30,52385.89,21.6,22.9
3,2024-07-11,8.96,10561.99,52326.48,20.8,22.5
3,2024-07-12,7.75,12743.68,52263.98,19.6,20.7
3,2024-07-13,24.48,38881.88,52198.39,18.8,20.8
3,2024-07-14,9.44,11016.80,52129.83,20.6,21.9
3,2024-07-15,9.72,10658.34,52058.40,19.5,20.1
3,2024-07-16,9.90,2675.76,51984.23,19.3,20.2
3,2024-07-17,14.95,26238.35,51907.43,21.4,22.6
3,2024-07-18,21.45,37091.78,51828.11,21.9,23.1
3,2024-07-19,14.78,27731.54,51746.37,22.5,23.6
3,2024-07-20,21.86,46867.71,51662.35,20.5,24.3
3,2024-07-21,24.92,48633.17,51576.13,22.0,23.3
3,2024-07-22,25.87,49375.28,51487.83,20.7,22.7
3,2024-07-23,22.96,46958.55,51397.56,21.8,23.3
3,2024-07-24,15.97,33920.26,51305.42,21.2,23.0
3,2024-07-25,17.42,32374.80,51211.53,21.4,24.5
3,2024-07-26,19.93,37204.28,51115.97,22.4,24.3
3,2024-07-27,17.16,33682.55,51018.85,23.4,24.5
3,2024-07-28,12.64,35022.02,50920.27,22.7,23.8
3,2024-07-29,22.37,44003.06,50820.34,21.0,22.1
3,2024-07-30,18.44,37469.79,50719.14,21.9,23.7
3,2024-07-31,23.07,47366.72,50616.61,20.2,23.9
3,2024-08-01,23.48,47698.57,50511.93,20.6,22.2
3,2024-08-02,25.63,48030.11,50405.06,21.6,23.2
3,2024-08-03,23.70,47441.93,50296.12,22.9,24.4
3,2024-08-04,20.85,46075.83,50185.25,23.2,24.2
3,2024-08-05,18.68,44457.91,50072.57,23.6,24.5
3,2024-08-06,16.37,36318.47,49958.19,23.0,23.7
3,2024-08-07,16.53,39162.20,49842.24,21.9,23.4
3,2024-08-08,20.38,46800.00,49724.83,22.4,23.1
3,2024-08-09,21.32,43852.67,49606.08,21.6,23.7
3,2024-08-10,19.70,45188.11,49486.11,21.3,21.9
3,2024-08-11,20.57,36000.00,49365.01,21.3,23.6
3,2024-08-12,14.78,34706.20,49242.90,23.8,24.7
3,2024-08-13,18.01,33454.52,49119.89,23.2,24.7
3,2024-08-14,15.04,35167.81,48996.07,23.0,24.2
3,2024-08-15,19.13,36000.00,48871.56,23.4,24.4
3,2024-08-16,12.02,14932.64,48746.45,22.9,24.0
3,2024-08-17,20.52,46225.95,48620.83,22.5,24.1
3,2024-08-18,22.36,46600.85,48494.82,23.1,24.0
3,2024-08-19,18.93,36143.38,48368.49,23.1,24.2
3,2024-08-20,22.15,45390.51,48241.78,22.2,23.9
3,2024-08-21,20.20,36000.00,48113.76,21.8,22.6
3,2024-08-22,16.26,24314.63,47984.39,23.0,23.7
3,2024-08-23,12.49,25597.10,47853.77,23.8,24.2
3,2024-08-24,14.78,32602.54,47722.00,23.5,24.9
3,2024-08-25,17.88,34503.52,47589.19,22.5,23.8
3,2024-08-26,19.01,39600.00,47455.45,22.4,23.0
3,2024-08-27,16.68,37505.38,47320.86,22.3,22.9
3,2024-08-28,15.46,22780.52,47185.53,21.9,22.5
3,2024-08-29,9.20,3945.83,47049.56,21.6,22.6
3,2024-08-30,8.46,6149.66,46913.03,23.2,23.6
3,2024-08-31,12.85,17006.35,46776.05,22.6,23.9
3,2024-09-01,14.58,28546.76,46638.69,23.6,24.0
3,2024-09-02,18.48,36409.13,46501.07,20.9,23.4
3,2024-09-03,10.08,11128.41,46363.26,18.8,20.4
3,2024-09-04,13.72,34493.87,46225.34,17.9,19.1
3,2024-09-05,20.47,41668.43,46087.42,20.2,22.5
3,2024-09-06,19.83,44333.79,45949.57,20.2,22.1
3,2024-09-07,18.50,40277.96,45811.87,21.9,23.2
3,2024-09-08,15.41,30203.54,45674.43,21.8,23.6
3,2024-09-09,11.03,23018.90,45537.14,21.5,22.3
3,2024-09-10,18.08,43781.71,45399.08,21.9,23.2
3,2024-09-11,18.73,43426.54,45260.17,22.6,24.6
3,2024-09-12,17.16,38585.72,45120.52,23.0,24.2
3,2024-09-13,17.26,42356.21,44980.21,22.9,24.8
3,2024-09-14,14.53,35576.43,44839.32,23.1,24.0
3,2024-09-15,10.60,14400.00,44697.95,22.9,24.4
3,2024-09-16,9.23,19241.84,44556.19,19.4,20.7
3,2024-09-17,16.86,41296.30,44414.11,21.5,24.5
3,2024-09-18,11.98,25428.82,44271.81,21.7,23.3
3,2024-09-19,8.75,11148.54,44129.39,21.9,23.0
3,2024-09-20,8.50,13433.91,43986.91,21.9,24.5
3,2024-09-21,2.64,0.00,43844.46,16.4,19.2
3,2024-09-22,5.02,12788.10,43702.14,16.7,18.9
3,2024-09-23,9.31,22012.49,43560.01,13.8,14.8
3,2024-09-24,17.39,38376.73,43418.18,11.3,13.9
3,2024-09-25,8.14,6281.40,43276.73,16.9,17.9
3,2024-09-26,14.45,34984.85,43135.73,18.3,20.6
3,2024-09-27,11.93,21383.86,42995.28,19.4,20.7
3,2024-09-28,12.33,22059.36,42855.46,17.7,18.9
3,2024-09-29,9.77,19346.17,42716.19,16.2,16.7
3,2024-09-30,11.10,24937.88,42576.46,15.0,16.8
3,2024-10-01,14.36,27322.45,42436.22,16.4,19.3
3,2024-10-02,16.37,32400.00,42295.55,17.0,19.8
3,2024-10-03,6.72,7338.37,42154.55,16.3,20.0
3,2024-10-04,4.50,3191.82,42013.30,18.3,20.8
3,2024-10-05,4.80,2783.75,41871.91,16.1,16.8
3,2024-10-06,4.26,2188.97,41730.48,17.7,18.6
3,2024-10-07,10.03,22218.97,41589.10,17.3,19.4
3,2024-10-08,4.45,0.00,41447.86,13.0,14.8
3,2024-10-09,2.67,0.00,41306.87,11.5,13.0
3,2024-10-10,8.89,28577.35,41166.22,10.1,11.9
3,2024-10-11,14.19,39600.00,41026.02,11.2,13.4
3,2024-10-12,15.72,39600.00,40886.37,12.1,14.5
3,2024-10-13,17.41,39600.00,40747.36,11.0,13.8
3,2024-10-14,11.08,34685.09,40609.11,14.0,15.2
3,2024-10-15,15.61,39473.95,40471.72,13.8,16.1
3,2024-10-16,10.22,23666.14,40335.29,16.1,17.8
3,2024-10-17,11.16,31917.85,40199.93,15.9,17.1
3,2024-10-18,5.71,10735.13,40065.76,18.4,19.5
3,2024-10-19,12.32,31977.43,39932.69,13.0,21.2
3,2024-10-20,12.14,39080.44,39799.63,3.1,5.3
3,2024-10-21,11.10,35825.45,39666.49,8.0,9.9
3,2024-10-22,10.99,26785.52,39533.38,14.2,15.8
3,2024-10-23,4.85,6513.89,39400.41,16.5,19.6
3,2024-10-24,11.36,24282.63,39267.71,13.3,14.3
3,2024-10-25,15.11,33031.88,39135.40,10.1,11.9
3,2024-10-26,8.74,10894.67,39003.58,12.6,14.2
3,2024-10-27,9.26,22632.80,38872.40,14.1,15.2
3,2024-10-28,4.02,7364.40,38741.95,8.9,13.9
3,2024-10-29,11.48,21600.00,38612.38,8.5,11.7
3,2024-10-30,8.13,26290.85,38483.82,8.3,13.7
3,2024-10-31,13.98,35919.42,38356.39,8.1,11.0
3,2024-11-01,10.63,22529.01,38230.22,11.9,13.0
3,2024-11-02,1.93,6605.58,38105.46,11.3,13.2
3,2024-11-03,13.28,37074.25,37982.23,4.8,8.7
3,2024-11-04,13.68,36430.44,37860.69,9.2,11.7
3,2024-11-05,10.08,22816.44,37740.97,5.6,7.5
3,2024-11-06,8.22,22385.28,37623.23,4.4,7.0
3,2024-11-07,5.37,14606.91,37507.60,0.7,2.3
3,2024-11-08,12.03,35690.62,37394.04,0.9,3.2
3,2024-11-09,13.09,34953.53,37281.40,2.0,4.9
3,2024-11-10,8.95,25200.00,37169.63,9.8,10.9
3,2024-11-11,11.57,31673.76,37058.83,7.7,13.0
3,2024-11-12,12.01,30148.62,36949.13,8.0,9.7
3,2024-11-13,11.77,34904.52,36840.67,2.5,4.2
3,2024-11-14,11.44,28800.00,36733.58,8.9,12.1
3,2024-11-15,9.12,29942.06,36627.98,9.4,13.4
3,2024-11-16,6.79,17848.07,36524.02,9.1,11.5
3,2024-11-17,9.66,29656.64,36421.84,9.7,14.8
3,2024-11-18,7.25,29646.53,36321.57,-1.0,1.2
3,2024-11-19,9.99,32721.96,36223.36,-2.6,-0.9
3,2024-11-20,8.95,23184.81,36127.36,3.1,6.1
3,2024-11-21,8.77,28437.98,36033.71,2.8,6.1
3,2024-11-22,9.17,26491.56,35942.56,2.4,5.3
3,2024-11-23,7.30,31595.07,35854.06,1.3,2.2
3,2024-11-24,8.77,32888.49,35768.36,-0.9,0.1
3,2024-11-25,11.54,32400.00,35685.62,-1.4,0.4
3,2024-11-26,8.60,21189.71,35605.99,6.4,9.9
3,2024-11-27,8.02,31722.42,35529.64,5.1,7.9
3,2024-11-28,9.14,32652.91,35456.55,-0.4,3.5
3,2024-11-29,9.79,31316.85,35385.87,-1.8,-0.1
3,2024-11-30,3.66,4656.62,35317.53,2.1,4.2
3,2024-12-01,2.48,3600.00,35251.61,1.9,3.5
3,2024-12-02,10.41,32400.00,35188.20,3.1,4.2
3,2024-12-03,10.19,28800.00,35127.39,4.0,7.3
3,2024-12-04,4.74,9130.57,35069.27,1.5,3.2
3,2024-12-05,8.74,32400.00,35013.93,-1.4,0.4
3,2024-12-06,7.36,25162.67,34961.45,-0.4,1.7
3,2024-12-07,8.71,32400.00,34911.92,-4.8,-3.0
3,2024-12-08,6.51,28656.54,34865.43,-3.1,-1.8
3,2024-12-09,7.17,32400.00,34822.07,-1.3,0.1
3,2024-12-10,8.18,28800.00,34781.92,-1.1,0.4
3,2024-12-11,5.06,14535.73,34745.07,-3.5,1.2
3,2024-12-12,7.13,22021.10,34711.61,-5.7,-4.5
3,2024-12-13,6.78,20538.33,34681.61,-4.7,-0.6
3,2024-12-14,7.86,32400.00,34655.17,-5.1,-3.8
3,2024-12-15,8.71,31784.89,34632.36,-4.7,-0.1
3,2024-12-16,7.97,32400.00,34613.27,-2.0,-0.3
3,2024-12-17,7.12,31941.47,34597.97,-2.1,0.9
3,2024-12-18,9.17,32400.00,34586.51,-5.7,-1.4
3,2024-12-19,8.74,28800.00,34578.72,-4.6,-2.4
3,2024-12-20,6.40,28800.00,34574.54,-3.9,-2.0
3,2024-12-21,9.75,27910.12,34573.93,-3.4,0.1
3,2024-12-22,6.90,32400.00,34576.88,-7.1,-4.2
3,2024-12-23,4.54,10001.40,34583.35,-3.8,-2.6
3,2024-12-24,7.20,23121.11,34593.29,-4.3,-2.6
3,2024-12-25,6.27,18929.11,34606.69,-3.0,-1.2
3,2024-12-26,5.11,14668.33,34623.51,-1.3,1.0
3,2024-12-27,6.75,28556.61,34643.69,-4.9,-3.7
3,2024-12-28,9.03,32400.00,34667.22,-6.5,-3.7
3,2024-12-29,7.02,28032.51,34694.04,-5.4,-3.6
3,2024-12-30,9.78,28800.00,34724.11,-4.6,-2.6
3,2024-12-31,8.14,25613.63,34757.39,-3.7,0.8
3,2025-01-01,7.25,25071.15,34793.84,-3.8,0.2
3,2025-01-02,5.27,21514.03,34833.41,-3.1,0.7
3,2025-01-03,7.19,26407.49,34876.05,-5.3,-3.0
3,2025-01-04,9.28,32493.79,34921.72,-6.7,-5.5
3,2025-01-05,10.25,32467.43,34970.37,-7.0,-4.3
3,2025-01-06,4.42,13401.63,35021.95,-0.5,2.6
3,2025-01-07,9.91,33046.70,35076.54,-3.6,0.6
3,2025-01-08,9.06,28866.35,35134.74,-6.6,-5.4
3,2025-01-09,9.84,31298.67,35196.52,-7.4,-4.5
3,2025-01-10,9.02,27526.19,35261.78,-5.2,-3.8
3,2025-01-11,8.89,30683.53,35330.35,-7.1,-4.0
3,2025-01-12,5.55,11980.41,35402.11,-2.8,-0.1
3,2025-01-13,9.39,32972.57,35476.91,-4.2,-2.4
3,2025-01-14,8.69,31331.50,35554.61,-1.9,-0.4
3,2025-01-15,7.28,22250.11,35635.08,-5.7,0.2
3,2025-01-16,6.56,19676.62,35718.20,-6.8,-3.9
3,2025-01-17,5.82,8760.24,35803.81,-7.2,-6.1
3,2025-01-18,8.32,32977.95,35891.78,-6.5,-5.5
3,2025-01-19,10.96,31489.65,35981.99,-1.8,1.3
3,2025-01-20,9.41,23660.79,36074.32,-0.1,1.7
3,2025-01-21,7.33,24491.20,36168.62,-1.6,0.9
3,2025-01-22,11.22,35285.15,36264.77,-3.5,-1.4
3,2025-01-23,10.13,29259.54,36362.66,-1.7,0.2
3,2025-01-24,9.35,33799.69,36462.15,-2.7,-1.5
3,2025-01-25,10.40,35030.35,36563.13,-4.6,-2.7
3,2025-01-26,9.66,35545.54,36665.47,-4.3,-3.0
3,2025-01-27,11.13,35609.93,36769.26,-6.3,-4.1
3,2025-01-28,6.49,14633.05,36875.58,-4.6,-2.2
3,2025-01-29,12.07,34955.98,36984.47,-6.5,-4.4
3,2025-01-30,11.10,32928.97,37095.76,-4.9,-3.2
3,2025-01-31,9.71,30881.19,37209.30,-4.8,-4.0
3,2025-02-01,4.77,3487.71,37324.93,-3.8,-2.8
3,2025-02-02,5.92,14025.77,37442.50,-4.6,-2.4
3,2025-02-03,9.10,24067.23,37561.86,-2.8,1.1
3,2025-02-04,12.53,34992.50,37682.85,-8.1,-5.4
3,2025-02-05,12.81,32972.02,37805.34,-8.8,-7.2
3,2025-02-06,11.00,33634.23,37929.18,-7.9,-5.5
3,2025-02-07,14.05,35511.31,38054.23,-9.9,-7.3
3,2025-02-08,12.81,36000.00,38180.35,-5.8,-4.1
3,2025-02-09,12.63,32400.00,38307.42,-5.9,-3.7
3,2025-02-10,6.92,2323.85,38435.29,-4.9,-3.4
3,2025-02-11,11.61,29219.94,38563.83,-5.9,-4.6
3,2025-02-12,9.39,16477.25,38692.93,-3.1,1.3
3,2025-02-13,11.13,26782.50,38822.45,-6.3,-2.4
3,2025-02-14,9.21,28934.86,38952.27,-4.7,-0.8
3,2025-02-15,15.89,36000.00,39082.26,-2.9,-0.7
3,2025-02-16,14.60,36005.14,39212.53,-0.2,1.6
3,2025-02-17,13.20,36267.88,39344.23,-6.8,-1.5
3,2025-02-18,11.80,32498.19,39477.44,-8.7,-6.7
3,2025-02-19,16.53,36190.26,39612.02,-8.8,-7.5
3,2025-02-20,14.44,37641.66,39747.86,-8.6,-7.5
3,2025-02-21,16.23,37300.90,39884.83,-9.2,-7.9
3,2025-02-22,16.05,36663.50,40022.80,-9.0,-7.1
3,2025-02-23,14.18,38318.65,40161.67,-8.7,-7.7
3,2025-02-24,16.24,35041.43,40301.30,-6.7,-3.0
3,2025-02-25,16.68,38624.94,40441.58,-5.6,-2.2
3,2025-02-26,13.55,30575.01,40582.40,-2.7,-0.6
3,2025-02-27,9.87,22099.58,40723.65,-4.1,-2.2
3,2025-02-28,16.16,38220.45,40865.20,-1.4,3.3
3,2025-03-01,17.94,38809.31,41006.96,0.3,3.0
3,2025-03-02,7.12,12676.29,41148.82,3.1,4.4
3,2025-03-03,4.07,3316.79,41290.66,-4.7,0.0
3,2025-03-04,11.94,18000.00,41432.38,-3.1,0.7
3,2025-03-05,4.49,0.00,41573.87,1.4,3.3
3,2025-03-06,11.20,26478.51,41715.03,-3.4,-1.8
3,2025-03-07,14.35,37878.55,41855.76,-7.4,-5.7
3,2025-03-08,14.66,28700.26,41996.14,-3.5,-0.9
3,2025-03-09,15.44,40424.61,42137.24,-3.8,-1.8
3,2025-03-10,19.44,36152.00,42279.16,-2.5,1.1
3,2025-03-11,13.68,28800.00,42421.80,2.8,4.5
3,2025-03-12,14.37,28730.48,42565.06,6.4,9.7
3,2025-03-13,15.84,36534.75,42708.86,-1.1,3.3
3,2025-03-14,19.25,35031.38,42853.10,-4.5,-3.3
3,2025-03-15,8.67,4533.77,42997.67,-1.7,2.4
3,2025-03-16,2.76,3600.00,43142.49,2.5,4.5
3,2025-03-17,15.93,40143.63,43287.47,-3.7,-2.2
3,2025-03-18,18.88,29956.96,43432.50,-3.6,1.2
3,2025-03-19,8.08,15917.26,43577.51,-2.8,-0.1
3,2025-03-20,17.39,38467.16,43722.39,-4.3,0.4
3,2025-03-21,20.47,42440.65,43867.05,-0.5,1.9
3,2025-03-22,20.56,36796.86,44011.40,1.0,3.4
3,2025-03-23,14.33,35254.86,44155.34,1.0,7.2
3,2025-03-24,16.05,34106.35,44298.78,6.1,8.5
3,2025-03-25,20.55,41091.82,44441.63,5.3,8.4
3,2025-03-26,17.46,39188.93,44583.78,2.6,6.2
3,2025-03-27,17.41,35562.11,44725.15,11.2,14.4
3,2025-03-28,11.50,19406.07,44865.81,3.7,15.0
3,2025-03-29,5.44,7200.00,45006.76,-2.7,-1.0
3,2025-03-30,17.81,36000.00,45148.08,-4.4,-1.8
3,2025-03-31,15.83,30749.02,45289.69,-2.6,0.6
3,2025-04-01,3.19,0.00,45431.50,2.9,6.1
3,2025-04-02,5.11,2388.54,45573.42,4.7,7.0
3,2025-04-03,4.02,5020.54,45715.37,3.2,4.8
3,2025-04-04,15.94,42378.89,45857.25,-0.2,0.7
3,2025-04-05,21.63,39600.00,45998.98,2.8,7.0
3,2025-04-06,18.38,39238.30,46140.45,5.0,9.7
3,2025-04-07,22.07,44875.48,46281.58,1.2,2.4
3,2025-04-08,20.95,32955.83,46422.28,2.3,4.8
3,2025-04-09,15.00,32638.15,46562.44,1.5,5.4
3,2025-04-10,12.70,18567.78,46701.98,7.8,9.3
3,2025-04-11,17.93,31057.78,46840.79,6.1,8.0
3,2025-04-12,14.95,31756.65,46978.77,6.5,7.3
3,2025-04-13,3.58,0.00,47115.82,9.1,10.9
3,2025-04-14,13.35,22381.85,47251.83,5.7,10.6
3,2025-04-15,11.82,21259.98,47386.72,2.9,9.6
3,2025-04-16,21.88,46407.01,47520.35,-0.8,2.7
3,2025-04-17,23.95,41140.98,47652.80,3.8,9.0
3,2025-04-18,22.19,45049.05,47785.02,9.2,12.8
3,2025-04-19,21.79,36000.00,47917.11,13.3,14.7
3,2025-04-20,13.62,21888.70,48048.96,10.2,15.4
3,2025-04-21,25.26,46795.51,48180.48,3.3,6.9
3,2025-04-22,22.47,33124.80,48311.56,10.8,12.7
3,2025-04-23,5.78,1797.75,48442.13,13.7,15.1
3,2025-04-24,21.67,36000.00,48572.06,11.9,13.7
3,2025-04-25,13.95,24920.50,48701.26,3.4,13.2
3,2025-04-26,26.67,46800.00,48829.63,0.1,6.0
3,2025-04-27,25.57,37587.73,48957.04,6.0,10.5
3,2025-04-28,15.25,22616.97,49083.41,7.9,11.0
3,2025-04-29,19.62,33882.83,49208.60,2.7,4.7
3,2025-04-30,23.14,43202.48,49332.52,4.3,9.2
3,2025-05-01,24.68,44444.84,49455.04,10.1,11.8
3,2025-05-02,9.96,15623.26,49576.04,10.0,13.4
3,2025-05-03,22.87,37173.31,49695.42,8.0,10.2
3,2025-05-04,13.71,23946.27,49813.03,4.0,8.8
3,2025-05-05,23.05,36157.39,49928.75,6.5,11.3
3,2025-05-06,4.37,0.00,50042.47,10.8,12.3
3,2025-05-07,19.57,46800.00,50154.20,3.7,7.6
3,2025-05-08,26.51,36876.54,50264.84,6.7,10.0
3,2025-05-09,15.14,24117.89,50374.45,12.2,15.0
3,2025-05-10,7.97,368.99,50482.94,12.3,16.1
3,2025-05-11,12.76,20468.89,50590.19,9.2,11.2
3,2025-05-12,10.84,20842.43,50696.12,9.6,12.6
3,2025-05-13,27.21,43675.98,50800.60,11.2,14.6
3,2025-05-14,20.12,42687.34,50903.56,13.1,14.7
3,2025-05-15,21.19,40752.95,51004.87,14.0,15.7
3,2025-05-16,19.07,32400.00,51104.42,14.7,15.7
3,2025-05-17,5.68,7200.00,51202.11,16.9,18.1
3,2025-05-18,15.79,23187.90,51297.81,15.3,18.6
3,2025-05-19,14.15,19730.31,51391.43,12.6,15.4
3,2025-05-20,23.95,47172.47,51482.84,15.0,17.7
3,2025-05-21,24.93,38947.58,51571.93,19.0,20.4
3,2025-05-22,17.91,37165.65,51658.57,12.4,20.0
3,2025-05-23,24.62,41437.51,51742.65,9.0,10.7
3,2025-05-24,10.51,3772.40,51824.05,11.7,13.4
3,2025-05-25,11.85,3879.37,51902.65,10.2,15.9
3,2025-05-26,17.21,22442.45,51978.31,8.8,10.9
3,2025-05-27,15.88,17926.77,52051.05,11.0,12.2
3,2025-05-28,24.90,45502.12,52121.47,12.2,14.2
3,2025-05-29,18.42,21695.65,52189.62,13.9,15.6
3,2025-05-30,6.94,0.00,52255.44,10.2,13.0
3,2025-05-31,6.90,522.44,52318.85,10.4,11.8
3,2025-06-01,12.23,19515.42,52379.80,11.6,12.8
3,2025-06-02,23.74,28467.17,52438.22,14.4,16.5
3,2025-06-03,5.85,6986.57,52494.03,15.6,16.9
3,2025-06-04,20.88,47187.76,52547.17,12.5,15.7
3,2025-06-05,27.02,46068.69,52597.56,10.4,14.6
3,2025-06-06,23.02,32590.61,52645.16,15.6,17.8
3,2025-06-07,23.96,37920.16,52689.88,15.9,20.1
3,2025-06-08,20.17,30030.13,52731.67,16.1,17.6
3,2025-06-09,22.73,32400.00,52770.45,16.1,17.1
3,2025-06-10,9.77,6233.89,52806.16,17.5,19.1
3,2025-06-11,8.77,11325.28,52838.74,15.8,19.9
3,2025-06-12,21.52,41318.33,52868.13,11.7,14.3
3,2025-06-13,18.98,28264.67,52894.26,15.4,16.1
3,2025-06-14,6.21,0.00,52917.07,17.8,19.5
3,2025-06-15,21.37,43994.68,52936.50,20.2,22.2
3,2025-06-16,19.59,46089.61,52952.53,21.3,22.9
3,2025-06-17,25.09,44802.90,52965.26,21.2,22.8
3,2025-06-18,23.45,48661.10,52974.74,20.2,23.1
3,2025-06-19,25.04,49301.69,52980.99,20.1,22.7
3,2025-06-20,26.57,46382.67,52984.01,19.9,20.9
3,2025-06-21,24.21,43051.44,52983.83,19.8,21.6
3,2025-06-22,24.06,37184.80,52980.48,21.1,23.2
3,2025-06-23,11.35,7522.71,52973.96,21.6,23.3
3,2025-06-24,9.45,6519.34,52964.31,21.4,22.6
3,2025-06-25,11.56,14236.85,52951.56,22.4,23.7
3,2025-06-26,16.15,25304.06,52935.72,19.9,23.9
3,2025-06-27,24.65,49167.50,52916.83,17.8,19.1
3,2025-06-28,26.64,50302.10,52894.92,18.4,20.7
3,2025-06-29,26.91,45357.23,52870.00,19.8,22.2
3,2025-06-30,24.44,50215.65,52842.13,21.6,24.6
3,2025-07-01,12.30,18176.57,52811.32,22.1,24.8
3,2025-07-02,21.43,46879.69,52777.62,21.9,23.9
3,2025-07-03,20.99,45076.90,52741.05,22.1,23.4
3,2025-07-04,17.91,27977.89,52701.65,22.4,24.4
3,2025-07-05,21.97,40292.84,52659.45,21.5,23.9
3,2025-07-06,24.78,48374.83,52614.41,22.5,23.9
3,2025-07-07,23.70,48609.31,52566.11,23.7,24.7
3,2025-07-08,24.03,48729.52,52514.55,23.3,24.7
3,2025-07-09,23.70,44672.06,52459.83,22.5,23.7
3,2025-07-10,12.68,14400.00,52402.06,20.0,23.2
3,2025-07-11,9.13,1819.65,52341.35,16.2,17.4
3,2025-07-12,11.17,10800.00,52277.78,17.1,18.4
3,2025-07-13,21.68,44622.72,52211.47,20.6,21.9
3,2025-07-14,15.74,33879.73,52142.51,22.5,23.3
3,2025-07-15,8.49,5096.19,52071.01,22.9,23.9
3,2025-07-16,10.67,12099.04,51997.07,22.5,23.4
3,2025-07-17,17.39,26695.52,51920.79,21.1,23.0
3,2025-07-18,26.01,43200.00,51842.26,20.6,22.2
3,2025-07-19,26.04,47443.38,51761.58,21.3,22.4
3,2025-07-20,24.89,47772.64,51678.87,22.8,24.7
3,2025-07-21,23.95,45313.88,51594.20,23.0,25.4
3,2025-07-22,22.44,43089.49,51507.67,23.5,25.1
3,2025-07-23,22.49,44355.50,51419.39,23.1,24.7
3,2025-07-24,25.15,48773.55,51329.43,22.8,24.7
3,2025-07-25,24.66,48789.59,51237.90,22.6,24.4
3,2025-07-26,25.74,42241.62,51144.74,22.3,24.6
3,2025-07-27,20.20,37091.83,51049.16,22.5,24.3
3,2025-07-28,26.38,48532.37,50951.14,21.5,23.4
3,2025-07-29,25.14,48552.25,50850.81,21.7,23.5
3,2025-07-30,27.16,48881.92,50748.30,19.7,20.9
3,2025-07-31,23.07,46936.70,50643.73,19.4,20.3
3,2025-08-01,13.58,20696.10,50537.23,22.7,23.8
3,2025-08-02,19.88,41631.21,50428.91,23.0,25.4
3,2025-08-03,22.85,43530.33,50318.90,23.4,24.4
3,2025-08-04,20.46,45105.25,50207.31,24.0,25.6
3,2025-08-05,20.47,40468.34,50094.26,23.6,25.8
3,2025-08-06,13.39,13920.13,49979.87,23.5,25.3
3,2025-08-07,12.28,28365.03,49864.23,21.1,24.5
3,2025-08-08,22.24,42893.31,49747.46,17.9,20.2
3,2025-08-09,18.48,36200.56,49629.67,19.5,21.6
3,2025-08-10,6.23,1654.11,49510.96,22.6,23.3
3,2025-08-11,11.15,17095.20,49391.44,23.5,24.9
3,2025-08-12,5.99,1589.82,49271.21,21.7,24.6
3,2025-08-13,25.38,43228.25,49150.35,20.5,21.5
3,2025-08-14,21.56,46028.31,49028.98,21.0,23.0
3,2025-08-15,15.38,34135.60,48907.01,21.8,24.5
3,2025-08-16,18.54,44414.77,48783.55,22.3,23.1
3,2025-08-17,23.50,43986.33,48658.54,20.8,23.3
3,2025-08-18,20.70,46238.57,48532.10,21.8,24.2
3,2025-08-19,23.03,44479.08,48404.33,21.6,24.2
3,2025-08-20,22.77,46514.74,48275.34,22.0,25.0
3,2025-08-21,22.79,43928.70,48145.25,20.8,22.8
3,2025-08-22,21.69,45972.71,48014.16,21.4,22.9
3,2025-08-23,22.57,46366.61,47882.17,22.3,24.3
3,2025-08-24,21.92,46317.28,47749.38,23.2,26.0
3,2025-08-25,19.48,44528.43,47615.90,22.4,23.4
3,2025-08-26,21.62,46218.74,47481.81,22.3,23.7
3,2025-08-27,19.07,35709.52,47347.23,20.6,23.7
3,2025-08-28,22.81,44369.96,47212.23,18.6,20.2
3,2025-08-29,17.79,42122.35,47076.92,21.0,23.8
3,2025-08-30,20.89,46022.28,46941.38,20.8,22.0
3,2025-08-31,20.23,44725.24,46805.71,21.8,22.9
3,2025-09-01,21.72,45619.14,46669.99,22.4,23.6
3,2025-09-02,19.65,28800.00,46534.30,21.8,24.5
3,2025-09-03,15.96,29695.72,46398.75,20.5,22.5
3,2025-09-04,13.19,25734.00,46263.24,21.5,22.3
3,2025-09-05,5.30,14756.03,46126.86,20.8,22.6
3,2025-09-06,20.98,43201.33,45989.52,19.3,20.8
3,2025-09-07,20.47,44256.77,45851.32,21.1,22.6
3,2025-09-08,12.78,16913.12,45712.36,22.1,23.5
3,2025-09-09,18.30,39396.92,45572.73,21.6,22.4
3,2025-09-10,13.67,26661.79,45432.52,21.5,22.9
3,2025-09-11,9.92,11574.61,45291.81,20.6,21.9
3,2025-09-12,9.22,10800.00,45150.71,20.1,20.6
3,2025-09-13,7.09,182.81,45009.28,21.7,22.9
3,2025-09-14,14.92,28800.00,44867.62,20.1,22.6
3,2025-09-15,13.78,31718.81,44725.83,20.4,22.7
3,2025-09-16,19.95,41818.45,44583.97,21.8,22.8
3,2025-09-17,18.94,40602.08,44442.14,21.8,24.8
3,2025-09-18,12.68,24157.69,44300.42,17.2,23.2
3,2025-09-19,17.13,31217.70,44158.90,15.1,17.0
3,2025-09-20,8.38,10485.29,44017.65,18.5,20.1
3,2025-09-21,17.92,40595.57,43876.77,12.9,17.0
3,2025-09-22,17.36,32250.48,43736.33,12.0,13.1
3,2025-09-23,16.01,37042.86,43596.43,12.1,12.9
3,2025-09-24,18.95,40230.72,43456.96,12.6,13.8
3,2025-09-25,12.65,27448.17,43316.97,16.9,19.7
3,2025-09-26,15.66,39596.16,43176.39,16.1,19.4
3,2025-09-27,18.04,39726.03,43035.29,12.9,16.1
3,2025-09-28,15.33,31630.72,42893.77,17.6,19.9
3,2025-09-29,12.87,29913.73,42751.94,15.3,20.4
3,2025-09-30,16.24,32400.00,42609.86,13.8,15.8
3,2025-10-01,7.44,16551.12,42467.64,15.1,17.5
3,2025-10-02,17.00,38115.05,42325.38,12.0,15.1
3,2025-10-03,15.13,37095.02,42183.15,13.2,15.4
3,2025-10-04,13.27,29408.23,42041.06,16.6,18.3
3,2025-10-05,11.68,34025.81,41899.19,18.7,20.9
3,2025-10-06,10.72,28975.31,41757.65,15.1,17.5
3,2025-10-07,8.12,17940.08,41616.52,13.2,15.4
3,2025-10-08,12.21,31572.93,41475.90,15.4,17.4
3,2025-10-09,7.41,10443.34,41335.90,10.1,12.2
3,2025-10-10,10.52,23655.13,41196.59,11.3,13.3
3,2025-10-11,2.74,3600.00,41058.09,12.5,13.9
3,2025-10-12,14.46,33432.96,40920.50,15.8,17.8
3,2025-10-13,8.23,19971.66,40783.91,13.1,18.8
3,2025-10-14,6.92,15820.90,40648.24,12.2,13.6
3,2025-10-15,14.53,32301.69,40512.43,11.3,12.6
3,2025-10-16,3.44,6291.72,40376.38,14.4,15.5
3,2025-10-17,15.14,38899.95,40240.22,13.0,14.1
3,2025-10-18,12.00,29057.07,40104.04,13.7,16.0
3,2025-10-19,8.97,19169.65,39967.96,11.2,13.5
3,2025-10-20,9.96,30722.95,39832.09,7.3,11.8
3,2025-10-21,12.20,27230.91,39696.54,4.6,6.2
3,2025-10-22,4.06,4081.19,39561.43,5.4,6.5
3,2025-10-23,15.27,38869.71,39426.86,4.6,5.9
3,2025-10-24,14.62,31593.97,39292.97,6.4,9.0
3,2025-10-25,3.89,3600.00,39159.87,10.6,11.6
3,2025-10-26,3.64,4844.95,39027.68,12.1,14.2
3,2025-10-27,12.55,36300.96,38896.54,6.2,9.0
3,2025-10-28,9.44,36606.99,38766.56,3.2,4.2
3,2025-10-29,12.74,37195.64,38637.87,1.5,2.7
3,2025-10-30,14.60,31164.98,38510.61,5.1,7.4
3,2025-10-31,5.79,7200.00,38384.90,10.1,11.7
3,2025-11-01,10.41,37129.85,38260.90,7.4,9.3
3,2025-11-02,11.30,31408.57,38138.73,6.5,8.2
3,2025-11-03,7.43,21097.73,38018.32,2.8,3.9
3,2025-11-04,14.04,36745.91,37898.55,2.6,4.7
3,2025-11-05,11.23,30626.40,37779.33,4.7,8.1
3,2025-11-06,10.67,31810.35,37660.77,7.3,9.3
3,2025-11-07,11.51,33240.06,37543.01,2.5,6.4
3,2025-11-08,11.37,28800.00,37426.17,3.5,7.2
3,2025-11-09,3.47,4198.86,37310.40,9.2,10.6
3,2025-11-10,6.81,26043.20,37195.81,3.1,7.8
3,2025-11-11,7.67,29471.67,37082.56,1.1,2.5
3,2025-11-12,11.91,30439.56,36970.77,0.9,3.2
3,2025-11-13,7.96,22994.34,36860.59,5.3,7.1
3,2025-11-14,11.65,35164.66,36752.16,2.1,4.3
3,2025-11-15,10.45,34704.63,36645.62,0.1,2.8
3,2025-11-16,11.39,33572.81,36541.14,5.8,8.6
3,2025-11-17,11.72,31516.86,36438.85,4.7,9.0
3,2025-11-18,10.02,31621.95,36338.92,-1.8,-0.2
3,2025-11-19,8.28,33046.47,36241.49,-2.3,-0.2
3,2025-11-20,11.87,33070.57,36146.72,-0.0,1.2
3,2025-11-21,6.68,22133.02,36054.77,3.0,4.7
3,2025-11-22,6.66,26844.78,35965.81,0.8,3.2
3,2025-11-23,7.64,22808.27,35879.81,3.4,7.5
3,2025-11-24,10.04,32400.00,35795.81,3.6,6.6
3,2025-11-25,4.36,4543.97,35713.73,4.1,8.2
3,2025-11-26,7.70,30966.01,35633.68,3.8,5.9
3,2025-11-27,8.96,23069.21,35555.76,5.2,7.7
3,2025-11-28,7.15,25163.70,35480.07,0.7,4.1
3,2025-11-29,10.75,32400.00,35406.74,-2.3,-1.0
3,2025-11-30,11.19,32410.28,35335.85,0.2,3.6
3,2025-12-01,11.06,32400.00,35267.53,3.7,5.8
3,2025-12-02,5.95,16174.86,35201.89,5.8,7.7
3,2025-12-03,2.74,1587.18,35139.03,-0.7,6.7
3,2025-12-04,9.84,30372.57,35079.06,-5.4,-3.9
3,2025-12-05,7.50,23150.62,35022.11,-2.3,-0.9
3,2025-12-06,10.79,32400.00,34968.27,-3.9,-2.3
3,2025-12-07,10.62,32400.00,34917.67,-2.2,0.3
3,2025-12-08,9.18,32400.00,34870.41,-0.9,3.5
3,2025-12-09,6.93,32234.71,34826.60,-4.2,-2.8
3,2025-12-10,5.45,17682.41,34786.35,-2.2,-0.2
3,2025-12-11,8.19,31125.63,34749.76,-1.2,2.0
3,2025-12-12,8.62,31846.10,34716.97,-7.9,-6.1
3,2025-12-13,9.94,28800.00,34687.98,-4.6,0.8
3,2025-12-14,1.56,0.00,34662.42,0.4,2.5
3,2025-12-15,5.82,18837.98,34640.24,-0.8,1.6
3,2025-12-16,9.85,32400.00,34621.42,-0.9,2.5
3,2025-12-17,9.78,30812.79,34606.00,0.1,3.2
3,2025-12-18,5.05,16818.98,34593.95,-5.0,-2.9
3,2025-12-19,10.44,31296.03,34585.29,-1.6,2.7
3,2025-12-20,7.62,30987.15,34580.03,6.0,9.2
3,2025-12-21,7.60,23265.15,34578.14,4.7,11.0
3,2025-12-22,5.04,19562.75,34579.65,-4.9,-2.8
3,2025-12-23,10.48,28825.42,34584.53,-2.7,3.7
3,2025-12-24,1.25,3600.00,34592.79,3.3,4.6
3,2025-12-25,5.34,15722.40,34604.42,4.0,6.8
3,2025-12-26,8.40,28800.00,34619.40,-7.2,-4.6
3,2025-12-27,8.60,29216.96,34637.73,-6.6,-3.9
3,2025-12-28,5.63,22200.19,34659.40,-4.3,-2.3
3,2025-12-29,8.57,32188.94,34684.40,-2.0,1.2
3,2025-12-30,9.12,31409.72,34712.71,-1.0,0.6
3,2025-12-31,8.67,32400.00,34744.31,-4.9,-1.7
3,2026-01-01,6.82,28800.00,34779.19,-6.9,-5.1
3,2026-01-02,4.76,15081.76,34817.42,-6.7,-2.8
3,2026-01-03,7.62,23872.19,34859.41,-3.8,-1.4
3,2026-01-04,8.24,24908.04,34905.14,-2.2,0.7
3,2026-01-05,6.26,19690.60,34954.49,-4.3,1.6
3,2026-01-06,7.51,25306.70,35007.35,-5.7,-4.5
3,2026-01-07,4.82,14012.77,35063.59,-4.6,-3.2
3,2026-01-08,6.98,32032.20,35123.09,-7.2,-2.3
3,2026-01-09,4.26,10014.13,35185.75,-6.2,-3.7
3,2026-01-10,11.11,30980.94,35251.42,-3.7,-1.9
3,2026-01-11,4.91,19110.49,35320.01,-6.6,-1.9
3,2026-01-12,8.19,23916.61,35391.39,-6.3,-3.0
3,2026-01-13,11.34,30903.51,35465.44,-3.8,-0.7
3,2026-01-14,4.47,8657.65,35542.06,-6.1,-4.9
3,2026-01-15,10.83,32879.13,35621.11,-4.5,1.3
3,2026-01-16,7.39,31131.89,35702.49,-1.7,1.4
3,2026-01-17,9.63,26716.23,35786.08,-2.3,1.6
3,2026-01-18,6.94,29261.81,35871.76,-5.5,-4.5
3,2026-01-19,6.49,19239.40,35959.44,-1.4,2.0
3,2026-01-20,4.69,5762.28,36048.99,-9.3,-6.6
3,2026-01-21,10.08,31603.49,36140.32,-10.1,-8.1
3,2026-01-22,10.67,31262.65,36233.49,-9.8,-6.2
3,2026-01-23,8.93,33507.44,36329.52,-8.6,-6.1
3,2026-01-24,11.27,33417.43,36428.41,-8.0,-6.1
3,2026-01-25,8.81,29358.29,36530.01,-10.1,-9.1
3,2026-01-26,4.35,6336.21,36634.16,-7.0,-5.7
3,2026-01-27,9.24,23062.24,36740.70,-5.9,-1.0
3,2026-01-28,7.96,27983.31,36849.47,-8.7,-7.9
3,2026-01-29,9.39,28522.39,36960.32,-9.3,-8.1
3,2026-01-30,9.78,29282.44,37073.10,-7.5,-5.8
3,2026-01-31,9.91,29383.69,37187.67,-6.7,-6.0
