location_id,city/town,latitude,longitude,elevation,utc_offset_seconds,timezone,timezone_abbreviation
0,Hakodate,41.792618,140.73914,4.0,0,GMT,GMT
1,Matsumae,41.441124,140.1151,32.0,0,GMT,GMT
2,Mori,42.07381,140.6414,17.0,0,GMT,GMT
3,Kikonai,41.722317,140.4052,4.0,0,GMT,GMT

location_id,time,shortwave_radiation_sum (MJ/m²),sunshine_duration (s),daylight_duration (s),dew_point_2m_mean (°C),dew_point_2m_max (°C)
0,2021-01-01,8.56,30829.59,33154.94,-16.9,-15.7
0,2021-01-02,9.04,28800.00,33202.79,-15.9,-12.2
0,2021-01-03,7.54,22568.06,33254.35,-10.5,-8.8
0,2021-01-04,9.05,31816.00,33309.52,-13.3,-10.1
0,2021-01-05,9.54,31820.54,33368.27,-14.7,-10.5
0,2021-01-06,9.12,28563.67,33430.51,-11.5,-7.9
0,2021-01-07,7.45,19024.32,33496.18,-9.7,-7.4
0,2021-01-08,9.73,31850.12,33565.37,-15.0,-13.7
0,2021-01-09,9.75,30941.46,33638.84,-14.2,-12.3
0,2021-01-10,8.75,29337.89,33716.58,-14.5,-12.1
0,2021-01-11,9.33,28800.00,33798.40,-11.1,-7.5
0,2021-01-12,8.19,23579.35,33884.15,-1.8,1.5
0,2021-01-13,8.86,32314.58,33973.63,-3.8,-0.1
0,2021-01-14,10.07,32304.61,34066.68,-11.1,-5.2
0,2021-01-15,9.25,27932.36,34163.12,-4.3,4.6
0,2021-01-16,9.31,31610.08,34262.79,-4.5,0.3
0,2021-01-17,10.00,32283.55,34365.52,-9.7,-5.4
0,2021-01-18,8.59,20388.60,34471.14,-9.1,-7.9
0,2021-01-19,10.04,27889.49,34579.49,-13.7,-10.6
0,2021-01-20,6.03,3760.58,34690.40,-6.8,-1.3
0,2021-01-21,9.72,30350.74,34803.71,-3.2,-0.5
0,2021-01-22,9.39,31391.63,34919.27,-8.8,-2.1
0,2021-01-23,10.02,30209.10,35036.92,-9.8,-5.6
0,2021-01-24,8.86,32891.18,35156.51,-7.1,-1.4
0,2021-01-25,11.17,33167.38,35277.88,-3.3,-0.2
0,2021-01-26,6.78,8365.64,35400.90,1.3,2.9
0,2021-01-27,8.36,24431.73,35525.40,-6.7,3.1
0,2021-01-28,7.09,11065.95,35651.51,-5.5,1.1
0,2021-01-29,6.53,18063.22,35780.50,-4.9,-2.8
0,2021-01-30,11.53,35071.43,35912.44,-8.6,-4.1
0,2021-01-31,8.04,10861.55,36047.13,-10.4,-8.3
0,2021-02-01,10.20,21903.15,36184.38,-0.5,3.2
0,2021-02-02,10.72,26698.87,36324.01,-12.0,-3.4
0,2021-02-03,11.11,27661.79,36465.81,-14.5,-12.5
0,2021-02-04,10.95,31682.34,36609.63,-13.8,-10.9
0,2021-02-05,7.70,7895.00,36755.28,-6.8,-2.2
0,2021-02-06,11.00,30567.99,36902.58,-3.4,0.3
0,2021-02-07,12.46,32099.56,37051.38,-9.7,-4.2
0,2021-02-08,12.96,35772.08,37201.50,-12.7,-11.2
0,2021-02-09,11.98,29419.29,37352.79,-9.7,-8.1
0,2021-02-10,7.14,4273.63,37505.07,-7.0,-6.1
0,2021-02-11,12.71,34338.29,37658.20,-10.3,-6.3
0,2021-02-12,14.29,36058.68,37812.02,-8.1,-5.3
0,2021-02-13,14.29,34727.17,37966.40,-4.5,0.2
0,2021-02-14,10.48,26474.69,38121.16,1.8,3.5
0,2021-02-15,4.84,0.00,38276.18,2.0,3.6
0,2021-02-16,9.76,29938.07,38431.30,-9.6,-5.7
0,2021-02-17,13.85,36493.84,38586.64,-9.2,-5.7
0,2021-02-18,13.65,32085.50,38743.58,-5.1,-4.0
0,2021-02-19,9.98,19568.81,38902.19,-1.7,2.7
0,2021-02-20,10.49,21898.84,39062.34,-3.8,1.7
0,2021-02-21,14.80,33294.61,39223.87,-7.8,-4.3
0,2021-02-22,8.26,13241.26,39386.66,-1.4,0.7
0,2021-02-23,15.03,36851.13,39550.54,-9.9,-8.2
0,2021-02-24,15.69,34041.07,39715.39,-13.0,-11.1
0,2021-02-25,14.88,35884.22,39881.08,-7.1,-4.5
0,2021-02-26,10.98,23567.47,40047.45,-11.2,-8.8
0,2021-02-27,15.61,36360.85,40214.39,-10.6,-6.7
0,2021-02-28,16.47,32400.00,40381.77,-0.9,3.7
0,2021-03-01,6.25,4474.53,40549.45,-0.0,2.5
0,2021-03-02,2.95,6383.33,40717.32,-4.7,-0.6
0,2021-03-03,12.90,36760.04,40885.24,-8.5,-3.0
0,2021-03-04,14.99,36000.00,41053.10,-0.8,5.6
0,2021-03-05,14.98,33935.10,41220.77,3.5,6.6
0,2021-03-06,11.34,31368.29,41388.12,-11.0,-5.4
0,2021-03-07,14.03,34824.67,41555.04,-8.0,-5.5
0,2021-03-08,14.00,39848.21,41721.42,-6.9,-4.4
0,2021-03-09,17.47,39546.77,41887.35,-1.3,2.4
0,2021-03-10,15.02,39811.17,42054.10,-3.9,-0.7
0,2021-03-11,15.42,29327.60,42221.78,-0.5,4.2
0,2021-03-12,17.59,40086.85,42390.27,-3.3,4.0
0,2021-03-13,13.40,22039.18,42559.47,0.4,2.0
0,2021-03-14,8.70,18782.90,42729.26,-1.4,1.9
0,2021-03-15,18.72,39394.13,42899.55,0.1,5.8
0,2021-03-16,10.40,22507.24,43070.19,0.9,4.6
0,2021-03-17,11.32,25745.77,43241.12,-1.2,0.0
0,2021-03-18,8.52,13081.30,43412.19,-2.1,-1.1
0,2021-03-19,13.14,35707.08,43583.32,-3.3,-1.5
0,2021-03-20,15.84,29404.39,43754.38,-1.3,2.6
0,2021-03-21,3.03,5084.33,43925.28,2.9,6.0
0,2021-03-22,16.55,41899.10,44095.91,-2.0,1.6
0,2021-03-23,16.30,41865.46,44266.15,0.2,6.2
0,2021-03-24,13.78,32400.00,44435.90,7.2,8.0
0,2021-03-25,8.49,4772.71,44605.04,6.1,8.2
0,2021-03-26,18.05,42789.61,44773.46,0.1,5.6
0,2021-03-27,17.60,38438.07,44941.06,1.0,3.1
0,2021-03-28,13.24,21654.23,45107.71,6.8,10.0
0,2021-03-29,15.78,39600.00,45273.52,7.1,11.2
0,2021-03-30,18.22,41947.88,45439.66,4.3,7.0
0,2021-03-31,19.08,43796.96,45606.24,2.1,6.0
0,2021-04-01,19.97,44122.49,45773.15,-0.5,2.1
0,2021-04-02,19.02,36835.70,45940.30,2.0,5.0
0,2021-04-03,13.76,28899.14,46107.58,7.2,8.8
0,2021-04-04,4.26,3600.00,46274.89,3.7,7.3
0,2021-04-05,22.61,44686.39,46442.13,-0.1,2.7
0,2021-04-06,19.04,32536.82,46609.18,-0.5,1.8
0,2021-04-07,17.31,44155.00,46775.94,0.9,3.8
0,2021-04-08,20.80,45166.60,46942.30,-5.7,-3.3
0,2021-04-09,18.22,44809.78,47108.15,-3.5,-1.6
0,2021-04-10,19.63,45698.94,47273.38,-1.8,3.0
0,2021-04-11,22.57,46400.18,47437.87,0.6,3.9
0,2021-04-12,20.84,32400.00,47601.51,1.9,6.3
0,2021-04-13,5.73,7325.86,47764.17,6.5,10.1
0,2021-04-14,17.95,45451.27,47925.74,-4.3,-0.4
0,2021-04-15,20.17,43918.56,48086.08,0.5,4.8
0,2021-04-16,18.42,28915.66,48245.09,5.1,9.6
0,2021-04-17,5.73,3600.00,48402.62,9.3,11.1
0,2021-04-18,4.13,0.00,48558.76,5.5,8.9
0,2021-04-19,19.67,46395.30,48714.63,3.5,7.7
0,2021-04-20,24.38,46800.00,48870.33,-2.2,8.2
0,2021-04-21,24.83,46800.00,49025.75,-2.9,1.4
0,2021-04-22,24.40,46800.00,49180.80,0.5,3.2
0,2021-04-23,24.82,46800.00,49335.33,3.9,6.6
0,2021-04-24,20.30,36920.28,49489.24,4.6,8.1
0,2021-04-25,21.18,46800.00,49642.41,-1.6,2.2
0,2021-04-26,24.29,46800.00,49794.72,-2.7,2.0
0,2021-04-27,24.42,40613.49,49946.05,1.2,4.0
0,2021-04-28,17.57,30670.22,50096.26,7.1,10.8
0,2021-04-29,10.27,487.10,50245.23,6.7,9.9
0,2021-04-30,13.33,24192.75,50392.83,3.5,6.4
0,2021-05-01,20.48,25816.05,50538.92,4.0,8.1
0,2021-05-02,12.03,11035.59,50683.36,2.0,4.5
0,2021-05-03,15.02,41111.80,50826.01,3.2,7.3
0,2021-05-04,23.88,40718.62,50966.73,6.0,7.9
0,2021-05-05,11.57,15345.59,51105.36,8.7,10.7
0,2021-05-06,25.83,47044.44,51241.76,7.9,9.9
0,2021-05-07,23.80,36000.00,51375.78,7.6,11.2
0,2021-05-08,22.90,36947.40,51507.44,7.7,12.5
0,2021-05-09,14.53,27550.26,51637.80,6.6,10.7
0,2021-05-10,17.35,45985.96,51766.92,4.6,6.1
0,2021-05-11,16.29,37063.67,51894.70,5.9,8.0
0,2021-05-12,22.16,36409.94,52021.00,7.1,9.2
0,2021-05-13,9.77,9664.64,52145.71,9.8,12.5
0,2021-05-14,25.78,48043.59,52268.70,9.4,13.9
0,2021-05-15,23.17,37512.35,52389.84,8.8,12.7
0,2021-05-16,7.96,0.00,52509.01,14.2,15.0
0,2021-05-17,12.05,9667.72,52626.08,13.3,16.9
0,2021-05-18,24.49,40278.92,52740.90,10.2,12.9
0,2021-05-19,13.63,23672.44,52853.34,12.0,12.6
0,2021-05-20,22.68,32728.35,52963.26,11.9,14.1
0,2021-05-21,5.01,0.00,53070.53,11.0,12.9
0,2021-05-22,8.13,4498.02,53175.00,9.9,11.2
0,2021-05-23,12.17,20633.08,53276.53,11.3,12.8
0,2021-05-24,13.13,17350.24,53374.95,12.0,13.8
0,2021-05-25,23.12,43862.43,53470.15,9.9,14.0
0,2021-05-26,25.60,42401.04,53561.95,8.3,11.6
0,2021-05-27,18.20,23610.56,53650.22,10.2,11.4
0,2021-05-28,14.40,27116.26,53734.94,10.9,12.1
0,2021-05-29,11.04,18305.16,53816.83,12.1,13.4
0,2021-05-30,17.45,38149.51,53895.95,7.6,11.0
0,2021-05-31,22.95,49197.90,53972.21,6.1,7.6
0,2021-06-01,23.74,35505.75,54045.55,7.8,9.9
0,2021-06-02,27.05,51683.97,54115.86,10.8,13.2
0,2021-06-03,21.12,28800.00,54183.08,14.0,15.5
0,2021-06-04,6.47,11001.11,54247.12,12.4,16.1
0,2021-06-05,27.10,48953.65,54307.90,13.0,14.1
0,2021-06-06,25.43,49279.06,54365.36,13.0,15.7
0,2021-06-07,27.33,51635.74,54419.40,12.4,14.2
0,2021-06-08,27.59,51701.04,54469.94,13.5,16.8
0,2021-06-09,27.46,52266.06,54516.91,14.7,16.8
0,2021-06-10,27.27,50400.00,54560.24,14.6,17.9
0,2021-06-11,24.03,35816.97,54599.84,16.0,18.9
0,2021-06-12,13.62,23371.32,54635.65,16.5,17.2
0,2021-06-13,27.43,50924.15,54667.58,15.0,18.4
0,2021-06-14,25.08,41449.52,54695.58,15.1,17.2
0,2021-06-15,8.94,747.03,54719.56,13.0,14.1
0,2021-06-16,12.20,15050.99,54739.46,12.9,14.0
0,2021-06-17,22.96,40553.35,54755.24,13.5,14.4
0,2021-06-18,21.92,36000.00,54767.01,12.7,14.4
0,2021-06-19,12.25,10800.00,54774.81,12.3,13.2
0,2021-06-20,18.73,33269.11,54778.67,12.9,15.0
0,2021-06-21,11.78,11195.01,54778.60,13.5,15.4
0,2021-06-22,21.69,36687.43,54774.65,13.0,15.1
0,2021-06-23,15.49,31988.24,54766.85,15.1,16.0
0,2021-06-24,21.35,44391.81,54755.23,15.6,18.5
0,2021-06-25,24.79,52404.12,54739.81,13.7,15.9
0,2021-06-26,28.52,52061.15,54720.64,15.9,18.0
0,2021-06-27,27.01,44012.09,54697.76,16.7,18.4
0,2021-06-28,21.69,39600.00,54671.21,15.6,18.1
0,2021-06-29,9.80,9046.09,54641.03,16.1,16.7
0,2021-06-30,25.04,49059.54,54607.26,16.2,17.5
0,2021-07-01,22.81,40387.80,54569.95,17.5,18.9
0,2021-07-02,17.67,31345.25,54529.15,15.8,17.7
0,2021-07-03,26.50,50400.00,54484.89,14.1,15.2
0,2021-07-04,21.20,32799.94,54437.23,15.1,17.7
0,2021-07-05,11.04,6763.64,54386.23,18.3,20.3
0,2021-07-06,15.70,32406.85,54331.92,17.2,17.8
0,2021-07-07,19.57,36863.27,54274.26,16.9,18.3
0,2021-07-08,8.74,2651.19,54212.70,16.9,17.5
0,2021-07-09,9.53,1136.22,54147.26,17.0,17.5
0,2021-07-10,8.38,0.00,54078.08,17.4,18.2
0,2021-07-11,15.66,30936.72,54005.27,18.9,19.9
0,2021-07-12,18.66,34831.86,53928.98,19.3,20.5
0,2021-07-13,18.35,39349.01,53849.32,17.7,19.3
0,2021-07-14,20.52,36000.00,53766.43,17.1,17.8
0,2021-07-15,22.98,45782.35,53680.44,18.2,19.2
0,2021-07-16,25.42,50984.11,53591.47,19.9,21.7
0,2021-07-17,26.44,50661.70,53499.65,20.8,22.5
0,2021-07-18,27.38,50684.98,53405.11,20.0,21.6
0,2021-07-19,26.85,50708.56,53307.96,21.1,22.3
0,2021-07-20,25.93,50400.00,53208.33,22.2,23.1
0,2021-07-21,23.07,38792.61,53106.35,20.6,22.6
0,2021-07-22,14.04,25184.14,53002.14,20.1,20.7
0,2021-07-23,19.70,41271.91,52895.80,21.1,21.8
0,2021-07-24,22.69,41220.40,52787.47,21.5,21.8
0,2021-07-25,22.15,49444.37,52677.24,20.8,21.8
0,2021-07-26,25.73,44695.02,52565.25,17.7,18.4
0,2021-07-27,16.80,22741.21,52451.41,20.3,21.3
0,2021-07-28,13.22,19367.96,52334.78,21.6,22.0
0,2021-07-29,19.40,41970.92,52215.33,21.9,22.3
0,2021-07-30,22.52,40413.33,52093.21,21.4,22.7
0,2021-07-31,20.41,33216.51,51968.59,20.5,22.0
0,2021-08-01,10.89,15028.61,51841.62,21.8,22.6
0,2021-08-02,17.70,38636.02,51712.44,22.3,23.3
0,2021-08-03,18.38,34472.69,51581.21,23.0,23.7
0,2021-08-04,15.28,36070.84,51448.06,23.0,23.9
0,2021-08-05,22.68,48382.48,51313.14,23.4,24.3
0,2021-08-06,24.69,46844.28,51176.59,22.9,24.1
0,2021-08-07,23.48,40758.50,51038.54,23.0,23.8
0,2021-08-08,14.69,25591.31,50899.13,21.8,23.2
0,2021-08-09,6.13,1264.87,50758.49,17.9,19.6
0,2021-08-10,4.80,0.00,50616.74,15.4,17.3
0,2021-08-11,17.65,34931.51,50474.00,13.8,14.7
0,2021-08-12,9.33,190.47,50330.41,14.1,15.0
0,2021-08-13,8.78,1877.21,50186.07,12.6,13.2
0,2021-08-14,8.71,3102.52,50041.12,12.5,13.5
0,2021-08-15,12.34,15254.64,49895.66,13.7,14.6
0,2021-08-16,10.47,8019.18,49749.60,14.8,17.0
0,2021-08-17,7.96,594.42,49601.87,17.0,18.0
0,2021-08-18,5.27,5075.55,49452.40,17.7,18.9
0,2021-08-19,20.67,44380.26,49301.33,17.5,19.9
0,2021-08-20,23.53,45576.49,49148.80,17.9,19.3
0,2021-08-21,20.14,42861.59,48994.90,18.7,19.9
0,2021-08-22,6.69,3600.00,48839.81,20.3,21.5
0,2021-08-23,15.78,34391.95,48683.60,20.2,22.5
0,2021-08-24,16.42,27332.46,48526.42,19.6,20.6
0,2021-08-25,9.78,20055.48,48368.38,21.6,22.6
0,2021-08-26,14.52,33370.54,48209.59,19.2,22.0
0,2021-08-27,13.70,30016.81,48050.17,20.1,21.4
0,2021-08-28,18.93,46556.86,47890.23,18.5,19.7
0,2021-08-29,19.17,36640.24,47729.87,18.9,20.3
0,2021-08-30,20.34,46262.24,47569.20,17.6,21.0
0,2021-08-31,20.05,44106.04,47408.33,13.2,15.9
0,2021-09-01,18.66,45378.47,47247.37,15.3,16.9
0,2021-09-02,18.58,45715.67,47086.40,15.7,16.7
0,2021-09-03,19.40,45120.84,46925.54,15.8,16.6
0,2021-09-04,19.02,44527.47,46764.88,14.5,15.7
0,2021-09-05,19.95,42264.94,46604.32,14.0,15.1
0,2021-09-06,17.12,45889.58,46442.77,14.4,15.3
0,2021-09-07,14.99,29234.81,46280.15,13.9,15.3
0,2021-09-08,7.70,11919.75,46116.56,15.4,18.0
0,2021-09-09,16.44,44245.64,45952.12,17.0,18.7
0,2021-09-10,20.17,40487.15,45786.92,16.7,18.5
0,2021-09-11,17.51,35604.32,45621.08,18.3,18.8
0,2021-09-12,10.02,28260.93,45454.70,15.4,19.5
0,2021-09-13,17.77,38159.17,45287.89,11.4,14.6
0,2021-09-14,18.39,43560.92,45120.73,10.0,12.9
0,2021-09-15,15.41,42434.64,44953.34,11.7,13.0
0,2021-09-16,12.41,28380.38,44785.81,11.6,13.0
0,2021-09-17,8.15,8255.77,44618.25,15.6,17.9
0,2021-09-18,11.80,31618.25,44450.74,14.5,18.1
0,2021-09-19,18.46,40302.05,44283.39,12.2,16.4
0,2021-09-20,17.36,39820.02,44116.30,14.7,17.1
0,2021-09-21,12.78,28329.60,43949.56,16.6,17.7
0,2021-09-22,9.06,18209.70,43783.27,19.1,20.5
0,2021-09-23,10.36,35787.83,43617.53,17.0,19.9
0,2021-09-24,14.83,39675.38,43452.43,9.9,13.3
0,2021-09-25,17.94,36658.12,43287.88,10.5,13.2
0,2021-09-26,12.87,27514.95,43122.71,12.8,14.3
0,2021-09-27,13.28,38630.27,42956.84,13.5,15.1
0,2021-09-28,11.16,28293.70,42790.37,15.5,16.1
0,2021-09-29,13.19,28800.00,42623.41,16.3,18.0
0,2021-09-30,4.08,6152.93,42456.08,16.6,19.7
0,2021-10-01,12.37,25538.58,42288.47,14.8,17.3
0,2021-10-02,13.58,38353.38,42120.69,11.7,14.9
0,2021-10-03,15.15,39600.00,41952.87,13.6,18.9
0,2021-10-04,14.71,29134.56,41785.09,16.5,19.2
0,2021-10-05,4.65,7396.82,41617.47,13.0,14.9
0,2021-10-06,13.24,34368.42,41450.13,7.2,10.8
0,2021-10-07,7.73,15743.41,41283.18,10.2,12.1
0,2021-10-08,15.12,39600.00,41116.72,9.0,11.4
0,2021-10-09,15.21,39600.00,40950.87,10.9,14.3
0,2021-10-10,9.91,25034.96,40785.75,16.9,19.0
0,2021-10-11,4.18,7200.00,40621.47,8.5,14.2
0,2021-10-12,14.23,36697.39,40458.15,9.0,11.3
0,2021-10-13,11.14,39119.77,40295.92,8.8,11.6
0,2021-10-14,10.26,30702.80,40134.89,12.3,13.9
0,2021-10-15,5.25,9059.12,39974.95,8.3,14.1
0,2021-10-16,4.55,3774.13,39814.86,7.2,11.6
0,2021-10-17,13.67,38910.81,39654.49,0.1,2.0
0,2021-10-18,11.36,36377.30,39493.98,2.0,6.7
0,2021-10-19,8.73,21567.15,39333.46,8.6,10.9
0,2021-10-20,4.38,7365.74,39173.05,7.0,11.0
0,2021-10-21,12.45,38168.38,39012.88,2.7,4.6
0,2021-10-22,11.23,37504.01,38853.10,2.6,3.7
0,2021-10-23,12.91,37159.67,38693.82,1.3,7.3
0,2021-10-24,13.26,37137.29,38535.20,5.8,8.3
0,2021-10-25,12.36,28800.00,38377.36,8.0,11.0
0,2021-10-26,7.83,19477.50,38220.46,9.0,11.9
0,2021-10-27,8.09,23080.48,38064.64,9.8,11.4
0,2021-10-28,11.29,34872.35,37910.05,5.2,8.7
0,2021-10-29,9.51,34846.93,37756.83,3.9,6.8
0,2021-10-30,11.95,29226.72,37605.15,5.1,7.5
0,2021-10-31,7.17,20908.09,37455.15,7.1,8.7
0,2021-11-01,10.97,28800.00,37307.01,7.7,10.4
0,2021-11-02,2.56,177.83,37160.88,9.3,10.2
0,2021-11-03,7.97,30455.05,37016.94,6.5,8.6
0,2021-11-04,9.62,32501.28,36875.10,6.6,9.0
0,2021-11-05,9.88,33551.49,36734.01,5.8,9.6
0,2021-11-06,9.82,33594.51,36593.59,4.8,7.4
0,2021-11-07,9.04,32293.26,36453.96,6.1,9.9
0,2021-11-08,8.61,25200.00,36315.29,10.5,12.3
0,2021-11-09,1.95,820.22,36177.74,11.5,14.8
0,2021-11-10,9.21,25413.15,36041.45,6.2,8.4
0,2021-11-11,7.77,28844.60,35906.59,3.2,6.0
0,2021-11-12,7.97,28060.00,35773.32,2.4,5.5
0,2021-11-13,6.36,20587.88,35641.81,2.5,8.4
0,2021-11-14,2.94,7729.94,35512.24,6.1,9.7
0,2021-11-15,8.29,32400.00,35384.76,-0.6,2.3
0,2021-11-16,6.56,28583.29,35259.57,-2.0,0.3
0,2021-11-17,7.50,30942.34,35136.83,-0.6,5.1
0,2021-11-18,5.87,15489.03,35016.74,6.5,9.2
0,2021-11-19,5.98,25395.84,34899.48,2.6,10.3
0,2021-11-20,9.25,32400.00,34785.24,-1.0,1.3
0,2021-11-21,7.11,26320.22,34674.20,3.7,8.1
0,2021-11-22,2.65,3600.00,34566.57,6.0,12.7
0,2021-11-23,6.47,18000.00,34462.54,-2.8,-1.3
0,2021-11-24,8.01,32400.00,34362.09,-3.3,-1.1
0,2021-11-25,8.08,32400.00,34264.09,-2.6,-1.6
0,2021-11-26,8.51,32400.00,34168.43,-3.0,-1.0
0,2021-11-27,7.69,32400.00,34075.27,-0.5,0.2
0,2021-11-28,9.00,29091.36,33984.71,-0.6,2.9
0,2021-11-29,5.51,23463.52,33896.89,4.5,6.4
0,2021-11-30,7.02,23041.43,33811.93,7.7,11.0
0,2021-12-01,3.48,18000.00,33729.97,-2.3,10.1
0,2021-12-02,7.48,26887.50,33651.13,-1.3,5.8
0,2021-12-03,3.23,12025.45,33575.54,2.6,6.8
0,2021-12-04,5.56,19378.55,33503.35,-7.1,-1.6
0,2021-12-05,6.39,28800.00,33434.68,-3.8,-0.3
0,2021-12-06,3.04,3600.00,33369.65,3.5,5.8
0,2021-12-07,6.76,28800.00,33308.42,2.9,7.6
0,2021-12-08,5.78,23068.64,33251.11,-0.8,1.6
0,2021-12-09,8.36,32400.00,33197.84,-1.4,2.0
0,2021-12-10,7.03,27362.04,33148.76,2.5,4.4
0,2021-12-11,5.70,32390.79,33103.98,1.8,5.4
0,2021-12-12,3.59,10744.62,33063.65,-0.6,7.0
0,2021-12-13,7.48,28800.00,33027.88,-6.9,-3.4
0,2021-12-14,4.77,21208.56,32996.73,0.5,2.4
0,2021-12-15,7.19,28800.00,32969.77,-3.0,2.6
0,2021-12-16,2.75,3075.58,32946.94,-1.2,0.7
0,2021-12-17,2.60,7050.79,32928.24,-7.6,1.2
0,2021-12-18,8.07,28800.00,32913.67,-12.8,-10.1
0,2021-12-19,7.21,30967.59,32903.21,-8.8,-7.6
0,2021-12-20,7.41,31710.59,32896.88,-3.0,1.0
0,2021-12-21,6.84,32008.37,32894.66,-4.4,1.8
0,2021-12-22,7.96,31979.56,32896.54,-6.7,-4.2
0,2021-12-23,7.52,28626.36,32902.51,-8.8,-7.5
0,2021-12-24,5.00,17921.06,32912.56,-10.5,-8.3
0,2021-12-25,5.40,21082.87,32926.68,-14.1,-10.1
0,2021-12-26,6.94,28322.62,32944.84,-12.6,-9.8
0,2021-12-27,8.14,31867.51,32967.02,-12.7,-11.7
0,2021-12-28,8.39,28800.00,32993.22,-9.8,-7.4
0,2021-12-29,2.55,354.16,33023.39,-3.2,0.9
0,2021-12-30,8.34,31828.86,33057.52,-10.5,-5.1
0,2021-12-31,8.47,31821.23,33095.59,-15.4,-13.5
0,2022-01-01,9.57,29530.95,33137.56,-12.6,-8.5
0,2022-01-02,6.94,20091.46,33183.38,-7.0,1.0
0,2022-01-03,8.81,31814.89,33233.17,-12.1,-11.0
0,2022-01-04,9.64,31817.79,33287.45,-13.5,-10.4
0,2022-01-05,8.98,31823.01,33346.20,-10.6,-6.6
0,2022-01-06,8.00,25957.01,33409.27,-7.5,-3.8
0,2022-01-07,7.75,24412.30,33476.50,-8.7,-4.5
0,2022-01-08,6.61,13110.07,33547.74,-2.4,0.7
0,2022-01-09,7.73,21564.56,33622.85,-9.4,-2.8
0,2022-01-10,8.52,23360.71,33701.67,-7.2,-2.4
0,2022-01-11,3.40,4203.80,33784.04,-0.6,3.2
0,2022-01-12,6.84,23458.24,33869.84,-4.8,-1.9
0,2022-01-13,8.20,31945.42,33958.89,-6.3,-5.2
0,2022-01-14,9.74,31970.53,34051.06,-5.9,-5.1
0,2022-01-15,9.39,25820.44,34146.20,-6.2,-2.9
0,2022-01-16,4.84,8657.76,34244.17,-1.5,0.8
0,2022-01-17,9.62,32636.60,34344.81,-9.0,-2.9
0,2022-01-18,10.65,32985.09,34448.00,-9.8,-7.7
0,2022-01-19,10.35,29299.72,34553.58,-5.9,-3.0
0,2022-01-20,5.62,5171.53,34661.42,-12.2,-4.2
0,2022-01-21,10.38,32977.31,34771.38,-9.2,-6.2
0,2022-01-22,10.45,27389.92,34883.33,-9.1,-5.5
0,2022-01-23,9.67,21876.29,34997.36,-5.4,-4.0
0,2022-01-24,9.54,21821.94,35114.69,-9.3,-4.6
0,2022-01-25,9.18,22443.57,35235.36,-7.2,-3.7
0,2022-01-26,7.70,13212.22,35359.14,-4.0,-0.8
0,2022-01-27,11.11,34658.39,35485.86,-8.5,-3.7
0,2022-01-28,10.79,34611.23,35615.32,-8.9,-5.7
0,2022-01-29,10.40,31083.94,35747.33,-11.1,-7.6
0,2022-01-30,11.84,35049.21,35881.70,-15.4,-12.1
0,2022-01-31,11.87,35127.33,36018.25,-16.0,-12.8
0,2022-02-01,9.99,28417.79,36156.81,-10.5,-7.0
0,2022-02-02,11.64,34029.81,36297.18,-8.2,-5.6
0,2022-02-03,11.95,35362.99,36439.21,-9.7,-7.7
0,2022-02-04,10.52,34953.47,36582.73,-11.3,-7.9
0,2022-02-05,12.36,35520.28,36727.56,-10.8,-7.3
0,2022-02-06,12.92,35598.74,36873.54,-10.2,-7.7
0,2022-02-07,10.80,31647.80,37020.52,-9.4,-7.1
0,2022-02-08,9.58,20731.93,37168.35,-8.1,-5.8
0,2022-02-09,11.49,30189.12,37316.86,-11.1,-6.4
0,2022-02-10,12.04,25200.00,37465.91,-8.5,-4.5
0,2022-02-11,13.83,35985.87,37615.35,-8.5,-4.4
0,2022-02-12,12.40,32400.00,37765.28,-4.0,-0.3
0,2022-02-13,11.66,31542.20,37917.10,-8.1,-6.4
0,2022-02-14,14.36,32400.00,38070.88,-6.7,-4.6
0,2022-02-15,6.30,1485.08,38226.47,-3.3,-1.8
0,2022-02-16,7.90,4700.43,38383.71,-2.9,-1.9
0,2022-02-17,8.60,8056.05,38542.43,-6.2,-2.8
0,2022-02-18,14.61,32400.00,38702.50,-8.9,-6.0
0,2022-02-19,11.75,18287.94,38863.75,-2.6,0.4
0,2022-02-20,15.12,32765.75,39026.04,-8.5,-3.9
0,2022-02-21,14.91,36318.30,39189.24,-8.6,-7.0
0,2022-02-22,15.64,36589.50,39353.18,-8.6,-7.8
0,2022-02-23,12.28,18285.72,39517.74,-7.3,-6.7
0,2022-02-24,10.34,5811.83,39682.79,-6.9,-5.4
0,2022-02-25,10.78,14260.17,39848.18,-4.7,-1.6
0,2022-02-26,14.64,29591.20,40013.77,-0.1,1.1
0,2022-02-27,9.66,18000.00,40179.46,-4.4,0.3
0,2022-02-28,16.57,32876.81,40345.10,-7.4,-2.6
0,2022-03-01,9.18,7983.27,40510.56,-4.2,0.8
0,2022-03-02,14.91,28020.74,40675.72,-5.0,-0.8
0,2022-03-03,12.42,27654.63,40840.45,-6.5,0.1
0,2022-03-04,17.03,32326.32,41004.87,-5.7,-1.3
0,2022-03-05,8.39,7695.24,41170.25,-2.8,1.4
0,2022-03-06,16.45,36090.86,41336.72,-4.1,-2.3
0,2022-03-07,17.72,32454.72,41504.16,-4.1,-2.5
0,2022-03-08,13.03,33186.55,41672.44,-6.7,-1.9
0,2022-03-09,18.24,40352.73,41841.45,-4.6,-0.6
0,2022-03-10,17.92,35127.70,42011.08,-2.4,0.8
0,2022-03-11,13.36,32400.00,42181.21,1.7,5.2
0,2022-03-12,16.72,33515.48,42351.72,-4.0,-2.4
0,2022-03-13,8.33,9706.78,42522.51,-0.0,1.0
0,2022-03-14,7.89,10287.00,42693.46,-0.0,0.7
0,2022-03-15,3.77,5528.08,42864.46,0.6,4.3
0,2022-03-16,9.64,15801.21,43035.41,-1.8,1.3
0,2022-03-17,16.02,41155.18,43206.19,-3.2,-1.0
0,2022-03-18,16.47,29492.38,43376.69,-3.7,-2.0
0,2022-03-19,7.04,2719.25,43546.80,-3.1,-1.9
0,2022-03-20,12.50,36525.84,43716.41,-4.9,-3.1
0,2022-03-21,18.71,42315.93,43885.40,-6.8,-3.3
0,2022-03-22,19.41,42216.05,44053.68,-4.2,-1.6
0,2022-03-23,15.84,27240.04,44221.12,-1.0,0.4
0,2022-03-24,14.43,36234.00,44387.82,-0.9,1.6
0,2022-03-25,17.72,32400.00,44554.98,1.4,4.1
0,2022-03-26,9.28,12075.66,44722.70,5.7,9.6
0,2022-03-27,19.01,42176.65,44890.89,0.3,3.8
0,2022-03-28,20.21,42820.10,45059.44,-2.3,0.5
0,2022-03-29,21.45,42847.24,45228.25,-0.5,4.2
0,2022-03-30,18.25,31947.27,45397.21,2.7,5.0
0,2022-03-31,19.03,43354.84,45566.23,-4.8,-0.7
0,2022-04-01,20.12,43499.03,45735.18,-6.8,-1.7
0,2022-04-02,18.24,44132.91,45903.98,-3.0,0.4
0,2022-04-03,22.23,44458.72,46072.51,-2.5,0.4
0,2022-04-04,22.32,44433.14,46240.67,0.4,3.2
0,2022-04-05,21.60,43200.00,46408.34,5.0,7.4
0,2022-04-06,15.52,38506.12,46575.41,-3.4,6.8
0,2022-04-07,17.53,25200.00,46741.78,-1.7,1.1
0,2022-04-08,18.71,42632.37,46907.31,-0.4,2.2
0,2022-04-09,22.10,45198.42,47071.91,4.6,7.4
0,2022-04-10,20.79,43763.09,47235.45,7.3,10.6
0,2022-04-11,22.47,45977.67,47397.81,8.3,11.6
0,2022-04-12,19.46,32973.02,47558.86,9.5,10.9
0,2022-04-13,6.22,5738.85,47718.69,2.4,8.2
0,2022-04-14,14.13,21600.00,47878.44,1.0,1.6
0,2022-04-15,8.60,11192.76,48038.22,1.3,2.4
0,2022-04-16,23.85,46800.00,48197.92,1.6,5.2
0,2022-04-17,17.61,38431.83,48357.42,5.4,6.5
0,2022-04-18,18.23,31727.02,48516.63,3.5,7.3
0,2022-04-19,23.63,46800.00,48675.42,0.3,3.2
0,2022-04-20,24.18,46800.00,48833.68,0.2,5.7
0,2022-04-21,22.83,36000.00,48991.30,5.8,8.4
0,2022-04-22,16.44,31294.64,49148.15,9.2,10.9
0,2022-04-23,23.32,45449.30,49304.12,2.3,5.7
0,2022-04-24,24.13,46800.00,49459.08,5.3,8.7
0,2022-04-25,22.49,42392.03,49612.90,9.4,13.1
0,2022-04-26,14.05,19012.01,49765.46,10.5,11.5
0,2022-04-27,24.09,46800.00,49916.61,2.1,5.6
0,2022-04-28,24.26,37086.67,50066.22,-3.4,0.6
0,2022-04-29,11.44,13960.81,50214.16,-0.8,3.1
0,2022-04-30,24.41,36000.00,50360.29,-2.4,3.5
0,2022-05-01,10.25,14691.01,50504.44,4.8,6.9
0,2022-05-02,21.69,46800.00,50646.50,2.2,3.5
0,2022-05-03,20.98,42693.26,50786.49,4.6,8.0
0,2022-05-04,21.49,46800.00,50925.50,5.2,8.9
0,2022-05-05,24.57,46800.00,51063.61,7.3,8.8
0,2022-05-06,26.06,46800.00,51200.70,7.1,9.9
0,2022-05-07,17.50,33988.43,51336.65,8.3,11.4
0,2022-05-08,24.72,46800.00,51471.35,2.6,5.6
0,2022-05-09,24.89,47296.87,51604.65,2.2,7.6
0,2022-05-10,26.79,47274.52,51736.45,3.1,8.6
0,2022-05-11,24.67,43641.57,51866.60,8.2,12.1
0,2022-05-12,21.56,33072.22,51994.96,10.9,12.3
0,2022-05-13,8.86,3072.67,52121.42,13.4,15.3
0,2022-05-14,12.05,16415.93,52245.82,8.0,14.3
0,2022-05-15,22.22,47665.91,52368.03,6.4,8.3
0,2022-05-16,25.91,48286.69,52487.90,5.2,8.7
0,2022-05-17,27.08,48575.81,52605.28,5.9,7.7
0,2022-05-18,26.09,46378.76,52720.03,8.9,10.5
0,2022-05-19,15.72,29180.18,52832.01,11.7,14.3
0,2022-05-20,18.66,45287.21,52941.04,10.9,12.5
0,2022-05-21,23.60,42930.12,53046.98,10.4,12.5
0,2022-05-22,15.95,22322.18,53149.67,12.5,14.3
0,2022-05-23,19.62,46843.74,53249.12,11.5,13.4
0,2022-05-24,25.78,49301.35,53346.14,10.4,13.0
0,2022-05-25,25.60,48616.44,53440.81,10.4,12.2
0,2022-05-26,21.68,32303.58,53533.04,12.5,13.4
0,2022-05-27,5.61,7224.40,53622.71,13.4,14.6
0,2022-05-28,21.71,44573.29,53709.73,10.4,12.0
0,2022-05-29,27.25,51201.55,53794.01,8.7,10.9
0,2022-05-30,24.45,39081.60,53875.43,8.3,10.5
0,2022-05-31,6.27,10122.28,53953.91,9.9,11.3
0,2022-06-01,19.19,36525.23,54029.33,10.5,11.9
0,2022-06-02,17.06,25743.20,54101.60,11.3,12.3
0,2022-06-03,15.08,26200.39,54170.61,10.3,12.5
0,2022-06-04,15.34,21235.17,54236.27,8.7,11.0
0,2022-06-05,19.09,38221.11,54298.46,7.8,9.2
0,2022-06-06,9.52,0.00,54357.10,6.7,7.2
0,2022-06-07,19.62,33101.73,54412.08,7.3,8.0
0,2022-06-08,26.78,51319.83,54463.29,8.1,9.1
0,2022-06-09,25.16,40557.70,54510.65,10.0,11.4
0,2022-06-10,23.40,37711.45,54554.05,12.4,13.2
0,2022-06-11,20.70,38155.72,54593.39,12.8,14.6
0,2022-06-12,23.58,40576.77,54628.63,10.0,13.1
0,2022-06-13,22.46,51862.64,54660.08,10.7,12.5
0,2022-06-14,27.41,48624.97,54687.76,9.3,11.1
0,2022-06-15,13.84,9913.62,54711.68,12.5,15.4
0,2022-06-16,11.93,12133.66,54731.83,15.3,17.3
0,2022-06-17,17.72,30873.11,54748.21,14.4,15.9
0,2022-06-18,20.47,31984.02,54760.81,15.8,18.2
0,2022-06-19,17.32,32374.13,54769.64,17.2,19.0
0,2022-06-20,26.74,51302.08,54774.69,13.4,16.6
0,2022-06-21,27.20,51527.13,54775.98,13.3,15.1
0,2022-06-22,20.38,26452.14,54773.51,14.3,14.7
0,2022-06-23,7.09,1718.20,54767.30,15.4,17.5
0,2022-06-24,4.51,1559.02,54757.33,18.8,19.7
0,2022-06-25,16.67,34294.87,54743.64,18.6,20.6
0,2022-06-26,15.12,16452.90,54726.24,19.2,20.6
0,2022-06-27,19.61,33871.11,54705.13,17.2,20.3
0,2022-06-28,3.69,0.00,54680.34,19.0,20.1
0,2022-06-29,8.92,1515.59,54651.89,19.9,21.1
0,2022-06-30,8.84,0.00,54619.79,16.4,19.5
0,2022-07-01,11.65,1334.13,54584.06,17.1,18.8
0,2022-07-02,16.77,37066.70,54544.68,19.7,21.2
0,2022-07-03,25.85,49940.20,54501.23,20.3,24.3
0,2022-07-04,12.84,22275.90,54453.74,20.5,22.6
0,2022-07-05,16.48,29879.93,54402.33,20.5,23.4
0,2022-07-06,16.16,20275.90,54347.10,17.9,19.6
0,2022-07-07,16.47,19098.74,54288.17,17.2,18.0
0,2022-07-08,16.93,30743.23,54225.64,17.1,19.5
0,2022-07-09,10.39,6523.69,54159.63,17.7,19.7
0,2022-07-10,20.04,41429.87,54090.24,19.5,22.8
0,2022-07-11,20.74,29258.43,54017.59,20.4,21.7
0,2022-07-12,5.90,0.00,53941.79,19.8,21.0
0,2022-07-13,8.68,7708.98,53862.95,17.4,19.1
0,2022-07-14,20.54,36930.15,53781.17,17.0,18.1
0,2022-07-15,6.83,0.00,53696.58,17.7,18.5
0,2022-07-16,6.40,0.00,53609.28,16.5,17.4
0,2022-07-17,7.34,6576.47,53519.37,17.9,18.9
0,2022-07-18,20.16,48438.06,53426.97,18.7,20.3
0,2022-07-19,17.56,25234.97,53332.17,19.4,21.4
0,2022-07-20,12.14,28820.04,53235.10,19.2,20.4
0,2022-07-21,19.49,38754.58,53135.83,20.1,22.6
0,2022-07-22,7.66,335.44,53034.33,18.7,19.8
0,2022-07-23,10.92,9773.54,52929.71,18.6,19.9
0,2022-07-24,15.04,33603.38,52821.94,16.8,18.0
0,2022-07-25,24.97,50273.27,52711.21,18.5,20.4
0,2022-07-26,20.90,40090.97,52597.66,21.0,21.9
0,2022-07-27,16.94,34637.77,52481.44,20.8,22.1
0,2022-07-28,23.34,47553.87,52362.71,20.9,23.0
0,2022-07-29,23.52,43062.28,52241.61,21.1,22.4
0,2022-07-30,24.62,49874.73,52118.30,20.8,22.4
0,2022-07-31,20.79,28800.00,51992.90,21.8,22.3
0,2022-08-01,3.92,1248.23,51865.58,21.0,23.0
0,2022-08-02,22.42,36496.76,51736.45,20.9,22.2
0,2022-08-03,11.14,9919.90,51605.66,17.7,18.8
0,2022-08-04,19.81,37008.80,51473.35,16.5,17.5
0,2022-08-05,21.24,37536.13,51339.63,15.4,17.2
0,2022-08-06,16.45,27367.28,51204.65,17.8,19.1
0,2022-08-07,19.09,32597.40,51068.53,20.3,22.9
0,2022-08-08,13.50,18907.30,50931.39,23.4,24.7
0,2022-08-09,3.66,0.00,50793.34,21.1,23.1
0,2022-08-10,8.93,18728.51,50654.51,19.1,20.6
0,2022-08-11,12.57,18000.00,50514.81,21.5,22.6
0,2022-08-12,19.95,42127.17,50373.18,22.0,24.0
0,2022-08-13,20.73,36692.25,50229.57,19.6,23.2
0,2022-08-14,20.23,34834.43,50084.12,18.5,20.3
0,2022-08-15,12.41,18000.00,49936.96,20.9,22.9
0,2022-08-16,14.94,34452.94,49788.23,19.8,24.4
0,2022-08-17,21.72,36056.31,49638.06,18.9,20.3
0,2022-08-18,5.20,10800.00,49486.58,17.1,19.7
0,2022-08-19,22.51,36270.53,49333.92,18.5,20.5
0,2022-08-20,11.20,25200.00,49180.21,19.1,21.9
0,2022-08-21,23.97,46800.00,49025.56,16.8,19.9
0,2022-08-22,18.05,23577.89,48870.10,20.5,23.2
0,2022-08-23,10.58,18094.26,48713.94,18.0,23.7
0,2022-08-24,24.02,46800.00,48557.20,13.4,15.9
0,2022-08-25,20.56,26608.63,48399.98,17.3,18.2
0,2022-08-26,9.45,12883.61,48242.40,16.4,19.2
0,2022-08-27,8.18,13056.47,48084.57,19.4,21.4
0,2022-08-28,13.44,27143.17,47926.60,13.9,17.3
0,2022-08-29,15.45,24085.20,47768.57,15.9,18.1
0,2022-08-30,7.66,5182.64,47610.62,18.2,18.9
0,2022-08-31,3.23,1482.52,47452.62,18.6,19.8
0,2022-09-01,14.80,31548.40,47293.50,18.1,20.5
0,2022-09-02,18.89,36955.52,47133.18,12.3,14.1
0,2022-09-03,14.30,22791.63,46971.76,15.0,18.1
0,2022-09-04,18.82,36000.00,46809.37,17.4,18.2
0,2022-09-05,8.79,17651.10,46646.10,19.5,20.5
0,2022-09-06,18.32,45724.48,46482.07,19.6,21.9
0,2022-09-07,21.94,45765.09,46317.39,14.1,17.9
0,2022-09-08,21.35,42813.01,46152.15,14.8,17.1
0,2022-09-09,21.79,45435.60,45986.48,15.8,19.0
0,2022-09-10,21.32,40859.92,45820.45,13.7,15.7
0,2022-09-11,16.82,37417.93,45654.18,16.6,18.4
0,2022-09-12,14.90,29764.76,45487.77,19.3,20.1
0,2022-09-13,17.03,44266.35,45321.30,16.7,22.0
0,2022-09-14,20.38,41719.87,45154.90,11.6,14.1
0,2022-09-15,18.51,32963.38,44988.63,15.4,17.4
0,2022-09-16,8.83,9692.21,44822.61,17.6,19.6
0,2022-09-17,13.04,25154.96,44656.93,18.4,20.4
0,2022-09-18,3.67,0.00,44491.69,19.4,21.5
0,2022-09-19,6.70,462.30,44326.98,18.0,22.6
0,2022-09-20,15.92,29311.77,44162.69,6.1,9.6
0,2022-09-21,16.62,34565.78,43997.70,7.6,11.6
0,2022-09-22,15.87,28945.98,43831.93,14.6,18.2
0,2022-09-23,4.26,0.00,43665.47,19.8,21.0
0,2022-09-24,9.95,29866.02,43498.43,13.4,19.2
0,2022-09-25,17.14,35730.93,43330.92,12.7,14.2
0,2022-09-26,17.70,39600.00,43163.05,11.7,15.3
0,2022-09-27,16.76,32400.00,42994.90,14.5,17.9
0,2022-09-28,15.90,36000.00,42826.60,14.9,16.5
0,2022-09-29,15.51,39600.00,42658.24,15.0,16.8
0,2022-09-30,16.14,37629.52,42489.92,16.5,19.2
0,2022-10-01,16.69,39600.00,42321.77,16.2,19.3
0,2022-10-02,14.74,32400.00,42153.88,16.3,17.4
0,2022-10-03,7.93,3610.52,41986.35,16.7,19.2
0,2022-10-04,2.98,7200.00,41819.29,11.4,20.2
0,2022-10-05,10.11,30755.12,41652.82,2.9,4.2
0,2022-10-06,11.65,39477.01,41487.04,1.6,5.1
0,2022-10-07,7.87,10922.81,41322.05,4.9,8.6
0,2022-10-08,15.49,39600.00,41157.99,5.2,7.7
0,2022-10-09,7.85,14977.07,40994.93,10.6,14.4
0,2022-10-10,1.99,2552.15,40832.81,14.3,17.3
0,2022-10-11,11.04,35907.83,40670.36,8.1,9.8
0,2022-10-12,15.35,39411.52,40507.51,5.0,8.1
0,2022-10-13,15.27,39315.30,40344.36,7.8,12.1
0,2022-10-14,13.22,32891.75,40181.03,12.6,14.8
0,2022-10-15,11.69,29594.04,40017.65,12.6,14.3
0,2022-10-16,12.28,30938.17,39854.34,13.2,15.3
0,2022-10-17,10.07,32400.00,39691.23,5.9,13.6
0,2022-10-18,12.82,38839.11,39528.45,1.7,3.3
0,2022-10-19,11.87,35323.17,39366.11,2.3,5.8
0,2022-10-20,11.18,37228.26,39204.36,7.7,11.8
0,2022-10-21,9.97,26099.74,39043.33,10.7,12.3
0,2022-10-22,12.23,37510.39,38883.16,8.8,12.2
0,2022-10-23,11.58,37489.89,38723.97,3.0,4.7
0,2022-10-24,12.90,36497.23,38565.92,1.6,3.4
0,2022-10-25,13.73,37122.19,38409.14,-0.3,3.1
0,2022-10-26,12.98,36448.32,38253.78,2.5,6.4
0,2022-10-27,9.33,29445.44,38099.99,5.8,8.0
0,2022-10-28,10.30,35180.85,37947.92,7.7,10.0
0,2022-10-29,10.81,35713.67,37797.73,6.3,7.5
0,2022-10-30,11.08,35683.46,37649.33,5.8,8.3
0,2022-10-31,10.51,32308.99,37501.37,7.6,8.6
0,2022-11-01,9.99,33568.92,37353.76,7.7,9.4
0,2022-11-02,10.69,29327.19,37206.63,3.9,7.2
0,2022-11-03,2.56,6175.22,37060.15,2.3,7.0
0,2022-11-04,11.70,32492.12,36914.44,-1.6,0.6
0,2022-11-05,10.34,34215.38,36769.67,0.3,2.1
0,2022-11-06,10.52,33248.72,36625.99,0.0,2.7
0,2022-11-07,9.40,30266.61,36483.57,1.7,5.1
0,2022-11-08,5.79,19016.64,36342.56,3.6,7.0
0,2022-11-09,10.42,33037.25,36203.13,5.2,9.4
0,2022-11-10,9.81,33420.03,36065.44,1.2,8.6
0,2022-11-11,10.76,33120.93,35929.67,0.4,4.8
0,2022-11-12,9.05,28800.00,35796.00,8.1,11.9
0,2022-11-13,2.51,3716.94,35664.60,6.3,14.0
0,2022-11-14,6.71,26670.12,35535.66,0.4,2.4
0,2022-11-15,5.01,17712.59,35409.35,1.3,5.3
0,2022-11-16,9.85,32634.12,35285.87,-1.8,-0.8
0,2022-11-17,9.70,32400.00,35165.42,-2.7,-0.3
0,2022-11-18,6.47,18000.00,35048.18,3.5,5.3
0,2022-11-19,8.34,31447.10,34934.11,2.6,4.4
0,2022-11-20,6.96,31294.49,34821.99,7.0,9.5
0,2022-11-21,7.69,32400.00,34711.72,6.8,10.7
0,2022-11-22,9.12,32400.00,34603.44,-4.2,-1.7
0,2022-11-23,6.98,25200.00,34497.29,3.2,6.9
0,2022-11-24,5.90,28800.00,34393.42,1.7,7.1
0,2022-11-25,8.27,28461.07,34291.97,3.9,10.2
0,2022-11-26,4.10,18451.59,34193.08,2.7,10.3
0,2022-11-27,7.50,30895.77,34096.92,-2.4,0.9
0,2022-11-28,4.07,8903.18,34003.62,5.9,8.5
0,2022-11-29,3.64,7948.30,33913.35,7.1,13.2
0,2022-11-30,3.43,12348.07,33826.26,-7.7,-2.3
0,2022-12-01,8.41,32400.00,33742.51,-10.3,-7.9
0,2022-12-02,9.98,29624.09,33662.24,-9.1,-6.3
0,2022-12-03,4.76,7753.73,33585.62,-1.2,1.3
0,2022-12-04,8.61,32400.00,33512.81,-9.8,-4.7
0,2022-12-05,7.83,32400.00,33443.95,-8.4,-6.2
0,2022-12-06,5.24,17493.44,33379.23,-2.8,-1.8
0,2022-12-07,6.83,32400.00,33318.78,-3.4,-1.3
0,2022-12-08,8.44,32400.00,33262.78,-8.2,-5.1
0,2022-12-09,7.54,32400.00,33211.24,-3.7,-1.4
0,2022-12-10,7.50,32400.00,33163.53,-3.7,-0.9
0,2022-12-11,8.20,32400.00,33119.56,-5.7,-3.3
0,2022-12-12,7.57,27044.99,33079.37,-3.0,3.3
0,2022-12-13,2.15,114.40,33043.02,-0.2,4.6
0,2022-12-14,5.02,19634.02,33010.53,-10.6,-6.5
0,2022-12-15,7.89,32217.68,32981.95,-9.8,-7.5
0,2022-12-16,9.17,32189.50,32957.31,-11.6,-9.7
0,2022-12-17,7.87,18423.57,32936.65,-7.0,-1.2
0,2022-12-18,9.01,31682.88,32920.01,-14.1,-11.1
0,2022-12-19,9.47,32071.05,32907.40,-13.6,-11.6
0,2022-12-20,8.61,27159.58,32898.86,-7.6,-6.0
0,2022-12-21,6.79,9753.61,32894.42,-3.4,2.2
0,2022-12-22,2.64,0.00,32894.11,1.6,3.2
0,2022-12-23,4.76,4531.25,32897.94,-2.2,1.2
0,2022-12-24,6.49,26930.03,32905.94,-2.4,0.0
0,2022-12-25,7.21,25762.76,32918.12,-2.2,-0.8
0,2022-12-26,4.97,20237.54,32934.51,-1.8,0.4
0,2022-12-27,7.30,30647.38,32955.11,-2.3,0.1
0,2022-12-28,3.34,9407.79,32979.93,-2.6,0.4
0,2022-12-29,7.51,31777.34,33009.06,-8.6,-6.6
0,2022-12-30,7.94,28107.88,33042.80,-7.7,-5.1
0,2022-12-31,7.01,17677.41,33081.09,-3.2,-2.4
0,2023-01-01,8.40,31823.10,33123.82,-9.2,-2.4
0,2023-01-02,9.17,31820.38,33170.87,-12.4,-11.7
0,2023-01-03,8.46,31819.86,33222.13,-11.5,-10.3
0,2023-01-04,9.29,31375.51,33277.47,-13.0,-9.4
0,2023-01-05,9.25,31825.38,33336.77,-10.1,-7.4
0,2023-01-06,8.63,31831.44,33399.92,-9.5,-5.8
0,2023-01-07,9.21,31839.72,33466.77,-9.5,-4.9
0,2023-01-08,9.77,28800.00,33537.22,-7.6,-5.0
0,2023-01-09,7.71,24662.96,33611.14,-5.9,-1.2
0,2023-01-10,9.96,28800.00,33688.41,-10.0,-6.8
0,2023-01-11,7.51,26002.95,33768.90,-3.8,-1.2
0,2023-01-12,9.95,30220.20,33852.49,-1.9,1.7
0,2023-01-13,8.27,28800.00,33939.07,2.6,4.0
0,2023-01-14,2.82,2229.95,34028.50,-3.2,1.6
0,2023-01-15,2.59,3186.77,34120.68,-3.7,-0.8
0,2023-01-16,9.95,31373.61,34215.48,-10.9,-4.7
0,2023-01-17,7.49,14400.00,34312.78,-9.9,-8.4
0,2023-01-18,8.96,26518.30,34412.68,-11.5,-5.9
0,2023-01-19,8.70,22451.38,34516.27,-4.7,-0.5
0,2023-01-20,10.18,28553.87,34623.55,-5.1,0.0
0,2023-01-21,10.80,32277.62,34734.33,-13.5,-8.3
0,2023-01-22,11.04,30318.51,34848.42,-14.4,-10.5
0,2023-01-23,8.94,17045.16,34965.62,-8.6,-2.5
0,2023-01-24,7.30,3529.59,35085.74,-17.8,-9.2
0,2023-01-25,11.53,32998.97,35208.60,-16.8,-15.0
0,2023-01-26,11.86,34722.63,35334.00,-14.7,-12.6
0,2023-01-27,11.10,34799.98,35461.77,-14.1,-9.1
0,2023-01-28,11.51,32400.00,35591.74,-15.0,-12.3
0,2023-01-29,11.66,34594.02,35723.72,-16.9,-13.2
0,2023-01-30,10.33,24650.87,35857.54,-10.9,-7.9
0,2023-01-31,12.00,31512.33,35993.04,-11.6,-8.5
0,2023-02-01,6.49,7000.37,36130.05,-5.2,0.5
0,2023-02-02,12.54,35268.86,36268.42,-13.2,-9.6
0,2023-02-03,10.78,24584.66,36407.96,-12.7,-9.9
0,2023-02-04,8.58,14400.00,36548.55,-11.0,-6.9
0,2023-02-05,10.86,26831.88,36690.02,-6.8,-2.3
0,2023-02-06,12.60,35204.51,36832.22,-7.5,-4.1
0,2023-02-07,13.22,34480.87,36975.27,-11.5,-6.7
0,2023-02-08,12.13,35731.54,37120.53,-10.9,-6.4
0,2023-02-09,13.89,32208.14,37268.08,-15.2,-11.5
0,2023-02-10,9.03,6342.02,37417.75,-5.3,-2.6
0,2023-02-11,12.02,25903.14,37569.35,-3.2,-0.3
0,2023-02-12,11.00,29581.48,37722.74,-4.1,0.8
0,2023-02-13,10.16,34728.89,37877.74,-7.2,-3.2
0,2023-02-14,13.70,36000.00,38034.17,-11.5,-7.2
0,2023-02-15,14.28,36000.00,38191.91,-14.8,-11.2
0,2023-02-16,10.94,16719.82,38350.78,-7.2,-3.7
0,2023-02-17,11.74,31412.78,38510.63,-2.5,0.3
0,2023-02-18,13.95,32400.00,38671.31,-3.1,-1.1
0,2023-02-19,6.86,4020.35,38832.67,-2.7,1.1
0,2023-02-20,15.08,36694.20,38994.58,-10.7,-7.4
0,2023-02-21,14.32,36327.00,39156.88,-12.2,-8.8
0,2023-02-22,12.33,22138.94,39319.45,-5.3,-2.2
0,2023-02-23,9.26,19188.50,39482.15,-4.5,0.8
0,2023-02-24,15.37,33571.21,39644.84,-5.2,-3.5
0,2023-02-25,16.19,37408.00,39807.38,-9.3,-5.6
0,2023-02-26,16.19,38309.35,39969.64,-11.1,-9.4
0,2023-02-27,16.67,36992.49,40131.74,-0.6,1.8
0,2023-02-28,13.74,37890.50,40295.00,2.1,4.0
0,2023-03-01,14.76,32948.26,40459.52,-0.9,2.2
0,2023-03-02,14.77,37786.44,40625.18,-6.4,-1.0
0,2023-03-03,14.67,34457.08,40791.85,-5.1,-2.3
0,2023-03-04,14.40,38361.79,40959.41,-6.8,-2.4
0,2023-03-05,16.51,38078.14,41127.73,-2.9,0.8
0,2023-03-06,10.84,28022.05,41296.69,2.4,5.5
0,2023-03-07,9.86,29155.28,41466.18,3.1,7.2
0,2023-03-08,9.24,23820.71,41636.06,2.2,7.7
0,2023-03-09,13.38,26025.59,41806.24,3.4,7.1
0,2023-03-10,10.07,26040.18,41976.59,1.6,8.8
0,2023-03-11,17.48,39600.00,42147.00,-0.5,2.0
0,2023-03-12,14.82,33803.73,42317.35,3.9,6.8
0,2023-03-13,3.49,4403.98,42487.52,-0.8,8.0
0,2023-03-14,13.11,36807.07,42657.41,-6.3,-2.2
0,2023-03-15,18.08,35036.47,42826.90,0.9,4.3
0,2023-03-16,6.32,13821.10,42995.88,-0.8,7.5
0,2023-03-17,15.20,41781.42,43164.23,-5.5,-3.1
0,2023-03-18,14.77,38977.17,43331.84,-4.6,-0.7
0,2023-03-19,19.65,41402.72,43498.81,-1.5,1.4
0,2023-03-20,19.92,42231.70,43666.36,1.1,4.9
0,2023-03-21,20.06,42298.71,43834.60,1.7,6.6
0,2023-03-22,19.56,38943.64,44003.41,5.7,8.5
0,2023-03-23,14.91,21801.40,44172.70,9.8,12.6
0,2023-03-24,17.84,39565.98,44342.37,-2.0,5.3
0,2023-03-25,17.48,38422.97,44512.30,-0.5,4.3
0,2023-03-26,5.04,7200.00,44682.40,3.6,6.7
0,2023-03-27,20.34,42798.30,44852.56,-4.4,-1.2
0,2023-03-28,19.26,42813.14,45022.68,-2.3,1.1
0,2023-03-29,15.76,42303.67,45192.64,1.8,4.5
0,2023-03-30,17.32,35696.60,45362.36,3.8,5.1
0,2023-03-31,14.55,31650.63,45531.71,0.5,7.3
0,2023-04-01,21.26,43182.09,45700.59,-0.2,2.0
0,2023-04-02,17.96,43197.89,45868.89,1.0,3.7
0,2023-04-03,21.96,44141.58,46036.49,2.3,6.0
0,2023-04-04,20.28,37126.60,46203.30,3.4,7.0
0,2023-04-05,12.88,20427.96,46369.17,5.7,7.7
0,2023-04-06,5.56,3737.00,46534.02,9.7,10.7
0,2023-04-07,4.16,2368.72,46697.71,7.5,11.1
0,2023-04-08,19.23,38198.56,46860.34,1.2,6.7
0,2023-04-09,18.59,43900.49,47023.06,0.7,6.6
0,2023-04-10,20.32,43232.06,47185.98,7.1,8.9
0,2023-04-11,16.41,29946.72,47348.98,8.8,10.2
0,2023-04-12,20.69,39600.00,47511.97,-2.3,6.5
0,2023-04-13,22.05,36869.27,47674.84,1.7,8.1
0,2023-04-14,16.53,34886.24,47837.47,2.9,9.3
0,2023-04-15,14.66,23342.43,47999.77,2.7,6.7
0,2023-04-16,8.63,14137.10,48161.60,2.5,9.2
0,2023-04-17,15.03,40418.32,48322.87,-1.4,1.3
0,2023-04-18,19.77,32662.69,48483.44,4.8,6.8
0,2023-04-19,15.49,40700.93,48643.21,4.9,6.2
0,2023-04-20,12.39,21305.82,48802.05,6.0,11.9
0,2023-04-21,24.27,46800.00,48959.84,-3.7,-1.6
0,2023-04-22,21.57,46800.00,49116.44,-0.8,1.0
0,2023-04-23,22.77,46800.00,49271.73,-2.9,0.5
0,2023-04-24,23.13,46800.00,49425.58,-1.6,3.7
0,2023-04-25,20.86,28800.00,49577.85,2.3,9.2
0,2023-04-26,6.90,10800.00,49728.39,6.3,10.9
0,2023-04-27,25.19,44479.87,49877.08,0.6,7.3
0,2023-04-28,18.66,42338.24,50023.97,6.9,10.3
0,2023-04-29,16.74,30986.73,50170.16,8.7,11.0
0,2023-04-30,17.98,39115.56,50315.74,7.7,13.0
0,2023-05-01,21.91,40546.83,50460.61,5.8,9.6
0,2023-05-02,24.69,46800.00,50604.63,4.0,9.7
0,2023-05-03,19.08,39059.05,50747.70,7.4,10.7
0,2023-05-04,21.70,45053.14,50889.68,9.8,12.1
0,2023-05-05,18.04,25200.00,51030.46,12.2,13.9
0,2023-05-06,4.54,0.00,51169.89,7.0,11.0
0,2023-05-07,19.04,25722.42,51307.85,4.0,6.4
0,2023-05-08,10.65,14984.84,51444.21,4.7,7.6
0,2023-05-09,20.55,34565.32,51578.83,8.1,9.3
0,2023-05-10,23.37,47285.51,51711.56,4.5,9.2
0,2023-05-11,19.49,40100.66,51842.26,2.6,4.5
0,2023-05-12,22.50,45384.77,51970.80,5.7,8.5
0,2023-05-13,23.31,43283.89,52097.01,6.7,10.4
0,2023-05-14,18.86,22306.89,52220.75,11.7,13.0
0,2023-05-15,14.89,26972.30,52341.86,11.9,13.7
0,2023-05-16,21.57,47114.35,52460.19,11.1,14.1
0,2023-05-17,26.27,47762.20,52575.58,12.5,15.5
0,2023-05-18,23.96,36000.00,52688.04,13.9,15.9
0,2023-05-19,10.08,9437.44,52798.49,10.6,13.7
0,2023-05-20,23.69,32400.00,52907.01,9.4,11.1
0,2023-05-21,7.75,7200.00,53013.48,11.2,14.2
0,2023-05-22,24.49,46814.68,53117.79,7.0,11.3
0,2023-05-23,26.49,47643.58,53219.82,6.7,8.8
0,2023-05-24,28.00,50337.03,53319.48,8.8,11.9
0,2023-05-25,27.74,48932.40,53416.64,9.1,14.8
0,2023-05-26,16.44,19945.14,53511.19,12.3,14.7
0,2023-05-27,23.82,36388.69,53603.01,13.8,16.0
0,2023-05-28,8.52,2783.15,53691.98,14.5,16.0
0,2023-05-29,21.38,41650.50,53777.98,10.9,16.5
0,2023-05-30,20.31,44661.05,53860.89,8.2,10.5
0,2023-05-31,25.66,51973.09,53940.61,8.3,12.3
0,2023-06-01,25.71,44309.45,54016.99,10.7,14.5
0,2023-06-02,15.38,22295.80,54089.92,15.2,17.6
0,2023-06-03,22.95,46939.51,54159.27,10.8,14.3
0,2023-06-04,22.32,46913.59,54224.94,10.3,13.8
0,2023-06-05,26.95,51391.34,54286.79,10.7,14.7
0,2023-06-06,19.20,36193.08,54344.70,13.5,16.4
0,2023-06-07,14.19,29108.08,54398.65,14.9,17.3
0,2023-06-08,23.51,36629.25,54449.09,15.0,17.5
0,2023-06-09,7.39,2622.73,54496.07,14.2,16.3
0,2023-06-10,14.02,19515.94,54539.55,14.4,16.0
0,2023-06-11,16.86,25370.06,54579.50,14.9,15.8
0,2023-06-12,17.48,28167.32,54615.88,15.1,17.5
0,2023-06-13,10.37,904.09,54648.66,15.1,16.1
0,2023-06-14,18.78,33980.70,54677.81,16.7,19.3
0,2023-06-15,16.05,20424.89,54703.30,16.7,18.0
0,2023-06-16,20.63,43729.21,54725.10,16.8,18.1
0,2023-06-17,22.40,47916.87,54743.19,16.6,18.5
0,2023-06-18,26.77,52351.16,54757.54,10.7,11.9
0,2023-06-19,28.41,52356.76,54768.13,11.1,14.3
0,2023-06-20,26.05,42655.79,54774.92,12.9,15.5
0,2023-06-21,25.46,45816.62,54777.92,13.1,15.0
0,2023-06-22,13.37,5533.25,54777.10,15.2,16.5
0,2023-06-23,6.09,0.00,54772.44,13.8,15.8
0,2023-06-24,16.19,26778.85,54763.94,14.3,15.6
0,2023-06-25,22.63,44541.64,54751.57,16.4,17.6
0,2023-06-26,24.48,47577.87,54735.33,16.7,18.5
0,2023-06-27,21.45,27721.95,54715.18,18.4,20.2
0,2023-06-28,18.23,31171.29,54690.88,20.4,21.6
0,2023-06-29,16.20,25492.93,54662.49,19.9,21.2
0,2023-06-30,10.84,11835.80,54630.07,19.5,21.8
0,2023-07-01,21.81,41577.28,54593.72,16.1,18.7
0,2023-07-02,15.95,36190.08,54553.51,16.6,17.9
0,2023-07-03,20.31,42719.62,54509.54,17.4,19.4
0,2023-07-04,25.19,51099.80,54461.89,16.4,18.8
0,2023-07-05,23.04,29368.22,54410.65,16.9,19.3
0,2023-07-06,18.57,36819.59,54355.90,18.2,21.7
0,2023-07-07,20.22,43359.66,54297.75,19.7,21.7
0,2023-07-08,23.70,46867.63,54236.28,19.5,23.4
0,2023-07-09,21.16,35361.88,54171.57,19.8,21.2
0,2023-07-10,13.99,29142.83,54103.74,20.6,21.5
0,2023-07-11,13.53,21022.04,54032.85,20.8,21.7
0,2023-07-12,9.59,14823.21,53959.01,19.8,21.6
0,2023-07-13,18.16,40002.04,53882.30,16.1,18.1
0,2023-07-14,15.83,27370.09,53802.82,18.5,19.6
0,2023-07-15,4.35,0.00,53720.65,20.6,21.7
0,2023-07-16,14.55,22908.92,53635.90,20.8,22.8
0,2023-07-17,19.85,34794.89,53548.49,21.7,24.3
0,2023-07-18,21.40,40107.35,53457.65,18.8,21.0
0,2023-07-19,15.14,21418.99,53363.39,18.6,19.8
0,2023-07-20,22.72,49186.84,53265.84,16.8,18.3
0,2023-07-21,25.28,39600.00,53165.17,17.6,19.0
0,2023-07-22,20.32,35780.23,53061.51,19.7,21.0
0,2023-07-23,23.42,49738.74,52955.04,20.7,21.8
0,2023-07-24,22.60,50092.65,52845.88,22.3,23.7
0,2023-07-25,22.43,46855.23,52734.19,23.4,24.0
0,2023-07-26,23.70,46627.21,52620.08,22.0,23.7
0,2023-07-27,24.03,50144.68,52503.73,22.4,23.7
0,2023-07-28,23.42,50110.77,52385.26,22.0,23.3
0,2023-07-29,23.76,46478.35,52264.80,22.9,24.0
0,2023-07-30,11.92,15204.88,52142.49,22.8,23.6
0,2023-07-31,14.17,31739.87,52018.47,20.7,22.2
0,2023-08-01,21.28,49859.74,51892.85,20.6,22.2
0,2023-08-02,21.33,41843.78,51765.76,23.0,24.0
0,2023-08-03,16.30,37600.01,51637.32,24.2,24.9
0,2023-08-04,19.87,43721.44,51507.67,23.9,24.9
0,2023-08-05,17.79,37538.31,51376.91,24.5,25.8
0,2023-08-06,15.63,21685.78,51244.97,23.4,25.6
0,2023-08-07,10.61,7097.08,51110.81,21.0,22.1
0,2023-08-08,12.27,22733.18,50974.39,23.4,24.9
0,2023-08-09,19.54,44813.40,50835.84,24.7,26.5
0,2023-08-10,23.97,47442.66,50695.33,23.7,26.2
0,2023-08-11,22.69,39191.96,50552.99,22.4,24.2
0,2023-08-12,16.99,20464.65,50408.96,20.5,21.8
0,2023-08-13,7.08,783.53,50263.39,20.1,20.8
0,2023-08-14,4.81,0.00,50116.39,18.6,19.2
0,2023-08-15,7.34,4160.40,49968.12,20.5,23.4
0,2023-08-16,11.45,15019.99,49818.69,23.0,23.7
0,2023-08-17,21.29,43520.51,49668.23,21.0,22.5
0,2023-08-18,14.17,18805.07,49516.87,22.1,23.2
0,2023-08-19,12.50,20594.71,49364.72,22.8,23.2
0,2023-08-20,19.38,43437.15,49211.91,23.2,25.4
0,2023-08-21,18.83,39600.00,49058.55,23.5,24.5
0,2023-08-22,21.51,46800.00,48904.75,23.7,25.5
0,2023-08-23,21.91,46800.00,48750.62,24.9,27.0
0,2023-08-24,20.41,46800.00,48596.28,25.1,27.1
0,2023-08-25,21.26,46767.77,48441.84,24.9,26.3
0,2023-08-26,19.38,41968.85,48287.18,24.0,25.4
0,2023-08-27,14.15,39119.70,48131.24,22.3,23.7
0,2023-08-28,19.00,41654.07,47973.94,20.5,22.1
0,2023-08-29,16.99,35271.74,47815.38,21.8,23.0
0,2023-08-30,13.00,30789.04,47655.70,23.3,24.3
0,2023-08-31,18.73,35428.01,47495.00,23.6,24.9
0,2023-09-01,7.26,6653.68,47333.40,21.2,24.0
0,2023-09-02,17.35,40404.24,47171.01,17.9,20.8
0,2023-09-03,20.15,39600.00,47007.95,19.2,22.3
0,2023-09-04,16.00,37962.35,46844.30,23.1,24.3
0,2023-09-05,11.43,29162.18,46680.19,21.2,23.2
0,2023-09-06,13.82,31560.50,46515.72,19.0,21.6
0,2023-09-07,20.86,44422.20,46350.98,14.2,17.6
0,2023-09-08,16.47,36445.20,46186.08,18.1,19.7
0,2023-09-09,8.16,10800.00,46021.13,20.7,21.5
0,2023-09-10,15.18,37405.58,45856.21,21.2,21.9
0,2023-09-11,10.14,12990.11,45691.42,22.7,23.6
0,2023-09-12,11.55,19433.00,45526.87,21.9,23.7
0,2023-09-13,17.20,32238.89,45362.64,19.2,21.0
0,2023-09-14,5.05,7875.92,45198.83,18.5,21.7
0,2023-09-15,15.54,39600.00,45035.35,17.4,18.3
0,2023-09-16,17.91,32543.84,44871.08,16.1,18.6
0,2023-09-17,12.75,26571.21,44705.94,21.1,23.0
0,2023-09-18,16.32,37143.13,44540.03,20.0,23.2
0,2023-09-19,8.30,22732.60,44373.44,19.3,21.7
0,2023-09-20,9.06,14808.65,44206.31,11.7,14.7
0,2023-09-21,4.47,7200.00,44038.70,14.5,16.4
0,2023-09-22,19.32,40508.33,43870.74,11.2,14.3
0,2023-09-23,16.42,39977.09,43702.53,11.5,15.3
0,2023-09-24,18.03,35457.97,43534.16,10.9,13.8
0,2023-09-25,10.48,15804.56,43365.74,15.4,17.8
0,2023-09-26,9.34,22123.54,43197.36,16.9,18.4
0,2023-09-27,14.08,28800.00,43029.14,16.9,17.6
0,2023-09-28,3.79,12879.45,42861.16,15.7,18.3
0,2023-09-29,15.94,32709.34,42693.54,10.5,14.2
0,2023-09-30,7.60,18000.00,42526.37,14.9,16.5
0,2023-10-01,14.00,39600.00,42359.75,12.4,17.0
0,2023-10-02,15.95,39600.00,42193.80,8.4,10.5
0,2023-10-03,16.26,36502.12,42028.60,8.7,11.1
0,2023-10-04,15.04,38695.90,41864.27,12.5,15.2
0,2023-10-05,7.78,18569.70,41700.72,10.1,15.2
0,2023-10-06,10.09,28800.00,41536.71,10.0,12.4
0,2023-10-07,13.14,39555.24,41372.18,8.7,10.1
0,2023-10-08,15.06,38061.58,41207.22,7.3,10.4
0,2023-10-09,14.12,33691.29,41041.96,12.5,14.3
0,2023-10-10,8.18,17247.96,40876.51,9.3,13.9
0,2023-10-11,12.80,39532.96,40710.99,6.8,8.5
0,2023-10-12,13.57,39434.18,40545.51,8.0,12.8
0,2023-10-13,15.03,39335.84,40380.20,10.7,14.0
0,2023-10-14,14.30,38510.68,40215.19,10.6,14.2
0,2023-10-15,13.15,32098.24,40050.58,11.3,12.9
0,2023-10-16,14.00,39044.59,39886.50,3.6,11.8
0,2023-10-17,10.71,34497.72,39723.08,3.7,7.5
0,2023-10-18,11.86,30753.50,39560.45,9.5,14.5
0,2023-10-19,4.30,6870.66,39398.74,12.5,15.8
0,2023-10-20,2.51,7200.00,39238.08,7.0,11.3
0,2023-10-21,8.09,22366.69,39078.61,0.7,3.9
0,2023-10-22,8.08,26576.25,38920.45,4.5,7.6
0,2023-10-23,12.77,36644.85,38763.77,3.1,8.0
0,2023-10-24,12.20,35720.99,38608.68,9.3,11.4
0,2023-10-25,11.74,36155.72,38455.11,9.5,12.9
0,2023-10-26,11.73,34776.47,38301.73,10.5,13.5
0,2023-10-27,8.38,30033.15,38148.42,9.9,12.6
0,2023-10-28,10.54,28062.58,37995.33,9.7,11.2
0,2023-10-29,8.10,26391.50,37842.61,8.3,10.8
0,2023-10-30,9.40,35335.36,37690.39,7.3,10.8
0,2023-10-31,11.32,32515.11,37538.82,7.6,9.8
0,2023-11-01,8.49,24298.45,37388.04,11.4,13.2
0,2023-11-02,10.28,28800.00,37238.22,7.9,15.3
0,2023-11-03,8.09,28800.00,37089.50,11.8,17.4
0,2023-11-04,9.51,29890.79,36942.05,2.5,7.1
0,2023-11-05,10.26,28800.00,36796.02,6.5,12.7
0,2023-11-06,4.01,2173.07,36651.57,14.6,15.9
0,2023-11-07,6.46,29012.33,36508.88,5.2,13.9
0,2023-11-08,7.25,23596.80,36368.12,2.7,5.4
0,2023-11-09,9.68,28800.00,36229.46,8.4,13.7
0,2023-11-10,1.97,4609.99,36093.08,4.0,14.6
0,2023-11-11,10.39,33110.35,35959.16,-5.8,-3.2
0,2023-11-12,9.08,33151.10,35827.88,-4.2,-2.9
0,2023-11-13,9.50,32400.00,35699.44,-3.1,-2.0
0,2023-11-14,6.89,19680.78,35573.77,-2.7,0.4
0,2023-11-15,9.28,32582.51,35449.60,-1.2,1.8
0,2023-11-16,9.59,28800.00,35326.80,5.6,10.5
0,2023-11-17,1.20,3600.00,35205.53,9.1,12.7
0,2023-11-18,7.65,31605.09,35085.93,1.6,3.8
0,2023-11-19,6.04,27876.20,34968.18,2.9,4.9
0,2023-11-20,5.64,29291.38,34852.41,-2.0,1.3
0,2023-11-21,8.34,27251.38,34738.78,5.1,8.4
0,2023-11-22,8.31,25459.66,34627.45,10.2,12.1
0,2023-11-23,3.93,10868.03,34518.60,8.3,12.8
0,2023-11-24,6.21,22026.23,34412.39,-6.7,2.9
0,2023-11-25,8.21,29387.33,34308.97,-9.6,-6.2
0,2023-11-26,4.28,1917.19,34208.52,-3.1,-1.6
0,2023-11-27,5.25,13083.66,34111.22,3.1,8.7
0,2023-11-28,4.39,17577.74,34017.24,-1.4,7.1
0,2023-11-29,8.09,29131.03,33926.74,-9.3,-7.0
0,2023-11-30,7.59,32207.48,33839.92,-10.2,-8.3
0,2023-12-01,7.86,32296.16,33756.94,-9.4,-6.9
0,2023-12-02,5.79,24538.11,33677.99,-5.4,-4.2
0,2023-12-03,6.94,31061.07,33603.24,-4.4,-2.8
0,2023-12-04,6.53,28545.81,33532.71,0.1,5.8
0,2023-12-05,7.48,32400.00,33465.55,0.9,6.8
0,2023-12-06,7.10,28800.00,33401.67,6.0,7.2
0,2023-12-07,2.75,7714.99,33341.15,-1.2,8.1
0,2023-12-08,7.92,29391.59,33284.08,1.2,9.5
0,2023-12-09,3.07,14392.12,33230.52,3.8,11.1
0,2023-12-10,6.91,23567.36,33180.57,-7.4,-5.6
0,2023-12-11,4.35,13799.88,33134.28,-6.4,-2.9
0,2023-12-12,4.45,16496.19,33091.74,-5.1,-2.7
0,2023-12-13,5.26,26245.63,33053.02,-8.4,-8.0
0,2023-12-14,5.40,23535.28,33018.20,-8.6,-8.2
0,2023-12-15,1.65,0.00,32987.34,-4.3,-0.9
0,2023-12-16,1.04,0.00,32960.51,0.2,4.9
0,2023-12-17,7.02,32151.27,32937.79,-11.6,-7.5
0,2023-12-18,8.16,32113.10,32919.24,-12.5,-10.8
0,2023-12-19,5.36,7901.81,32904.92,-8.4,-6.6
0,2023-12-20,5.84,16125.97,32894.89,-11.0,-8.5
0,2023-12-21,5.75,25697.07,32889.22,-9.8,-8.5
0,2023-12-22,7.62,31985.01,32887.96,-12.3,-10.1
0,2023-12-23,7.04,31745.62,32891.18,-13.4,-12.6
0,2023-12-24,6.67,21933.16,32898.92,-8.0,-5.8
0,2023-12-25,7.82,28800.00,32911.24,-4.7,-3.2
0,2023-12-26,4.78,14315.92,32928.09,-5.4,-2.0
0,2023-12-27,8.65,29515.57,32949.39,-9.0,-7.4
0,2023-12-28,6.81,22337.56,32975.05,-6.5,-4.1
0,2023-12-29,7.68,29124.73,33005.01,-3.9,-1.1
0,2023-12-30,6.48,25113.35,33039.15,-2.0,1.5
0,2023-12-31,0.99,3031.69,33077.43,-2.7,2.2
0,2024-01-01,6.72,29585.33,33119.73,-8.2,-2.8
0,2024-01-02,6.25,22873.10,33165.97,-2.2,1.0
0,2024-01-03,7.69,25231.80,33216.06,-5.2,-2.9
0,2024-01-04,8.38,29520.25,33269.93,-4.8,0.2
0,2024-01-05,2.48,7738.84,33327.46,-0.8,4.2
0,2024-01-06,6.97,31825.34,33388.57,-5.3,-2.5
0,2024-01-07,7.70,31832.41,33453.17,-7.6,-6.1
0,2024-01-08,8.81,28800.00,33521.16,-7.7,-5.6
0,2024-01-09,2.28,3354.74,33592.46,-5.9,0.5
0,2024-01-10,8.49,28930.75,33666.97,-13.9,-9.7
0,2024-01-11,5.57,17445.46,33744.58,-2.6,1.4
0,2024-01-12,7.71,27122.09,33825.22,-7.2,-2.2
0,2024-01-13,9.18,29456.08,33908.97,-8.1,-6.5
0,2024-01-14,4.23,11755.45,33996.76,-5.4,1.9
0,2024-01-15,7.94,32298.16,34088.58,-14.0,-11.6
0,2024-01-16,9.29,32291.18,34184.24,-9.3,-3.4
0,2024-01-17,5.97,22920.08,34283.56,-0.2,2.1
0,2024-01-18,8.29,28681.81,34386.35,-4.4,0.5
0,2024-01-19,5.39,18174.64,34492.43,-8.1,-6.2
0,2024-01-20,8.72,28800.00,34601.61,-6.9,-2.1
0,2024-01-21,1.45,0.00,34713.72,-3.1,-1.1
0,2024-01-22,2.50,3430.57,34828.57,1.0,3.4
0,2024-01-23,7.94,28547.55,34946.00,-5.6,-1.2
0,2024-01-24,5.37,12168.65,35065.83,-7.4,-4.6
0,2024-01-25,7.92,24749.51,35187.91,-6.3,-5.0
0,2024-01-26,7.20,23610.25,35312.04,-5.0,-4.2
0,2024-01-27,9.48,33668.51,35438.09,-4.5,-1.7
0,2024-01-28,9.58,34865.32,35565.88,-4.3,-1.9
0,2024-01-29,7.32,21600.00,35695.26,-4.0,-1.4
0,2024-01-30,7.92,29728.77,35826.07,-8.4,-4.5
0,2024-01-31,2.66,3626.04,35958.17,-3.5,0.0
0,2024-02-01,10.02,35172.60,36091.39,-13.5,-11.2
0,2024-02-02,7.26,17923.79,36225.86,-11.6,-9.0
0,2024-02-03,8.70,22327.16,36362.91,-8.5,-6.7
0,2024-02-04,6.92,14676.32,36502.60,-9.1,-7.4
0,2024-02-05,7.55,24702.88,36644.75,-8.6,-6.9
0,2024-02-06,10.05,32525.53,36789.18,-10.3,-7.3
0,2024-02-07,9.61,35390.13,36935.69,-8.6,-6.7
0,2024-02-08,6.94,23963.03,37084.12,-9.4,-5.6
0,2024-02-09,9.68,29177.84,37234.30,-11.4,-8.3
0,2024-02-10,9.10,21600.00,37386.04,-6.3,-3.4
0,2024-02-11,12.53,35944.55,37539.21,-10.4,-7.7
0,2024-02-12,12.01,33906.08,37693.61,-4.0,0.6
0,2024-02-13,10.23,36000.00,37849.11,2.7,4.9
0,2024-02-14,12.34,32400.00,38005.53,2.8,5.3
0,2024-02-15,3.88,4715.93,38162.73,-3.4,1.2
0,2024-02-16,13.41,34099.96,38320.56,-10.6,-7.8
0,2024-02-17,8.28,20576.29,38478.88,-3.7,-0.5
0,2024-02-18,13.21,36000.00,38637.53,2.3,6.0
0,2024-02-19,9.99,22687.07,38796.37,6.5,9.9
0,2024-02-20,12.75,29298.52,38955.27,-10.3,-2.9
0,2024-02-21,7.99,15360.39,39114.10,-11.7,-10.3
0,2024-02-22,13.71,33084.38,39272.94,-11.8,-10.4
0,2024-02-23,9.39,19067.41,39433.17,-10.3,-7.8
0,2024-02-24,8.20,16727.20,39594.88,-10.3,-9.1
0,2024-02-25,7.27,9826.03,39757.93,-5.8,-3.4
0,2024-02-26,6.88,8697.11,39922.20,-3.6,-2.8
0,2024-02-27,9.86,24521.76,40087.53,-6.6,-3.7
0,2024-02-28,16.04,37270.87,40253.81,-8.3,-7.2
0,2024-02-29,8.27,17660.43,40420.89,-4.9,0.5
0,2024-03-01,2.88,5397.01,40588.66,-5.1,1.6
0,2024-03-02,13.27,33338.56,40756.98,-11.9,-9.0
0,2024-03-03,10.67,17303.86,40925.73,-8.9,-5.1
0,2024-03-04,16.25,38519.33,41094.78,-12.4,-7.3
0,2024-03-05,14.69,29977.49,41264.02,-10.0,-4.1
0,2024-03-06,17.92,38027.16,41433.32,-9.5,-7.1
0,2024-03-07,14.31,31571.32,41602.57,-10.5,-6.8
0,2024-03-08,16.34,26966.24,41771.64,-8.9,-5.3
0,2024-03-09,14.49,30917.63,41940.42,-8.5,-6.2
0,2024-03-10,13.76,20855.05,42108.78,-5.8,-3.7
0,2024-03-11,15.54,32400.00,42276.62,-0.5,1.4
0,2024-03-12,5.38,7200.00,42443.81,-1.5,2.8
0,2024-03-13,17.06,40660.46,42610.46,-7.7,-4.6
0,2024-03-14,15.35,37643.24,42777.81,-3.3,-1.3
0,2024-03-15,9.14,13440.67,42945.96,-1.1,2.3
0,2024-03-16,17.98,33972.23,43114.81,-3.4,1.0
0,2024-03-17,6.85,3922.68,43284.26,0.9,3.9
0,2024-03-18,15.39,40485.25,43454.19,-5.3,-1.5
0,2024-03-19,19.38,38045.49,43624.51,-7.7,-6.2
0,2024-03-20,16.25,23942.10,43795.10,-6.1,-4.7
0,2024-03-21,14.63,27835.73,43965.86,-5.4,-4.2
0,2024-03-22,12.78,37251.63,44136.69,-4.9,-2.6
0,2024-03-23,18.57,42483.58,44307.48,-2.6,0.5
0,2024-03-24,16.70,32774.39,44478.12,1.8,3.7
0,2024-03-25,18.35,39399.83,44648.51,-5.7,-2.6
0,2024-03-26,13.25,23792.32,44818.54,-4.4,-1.7
0,2024-03-27,21.15,42806.92,44988.11,-6.7,-1.6
0,2024-03-28,15.65,25200.00,45157.09,2.2,7.4
0,2024-03-29,4.72,8954.08,45325.40,6.9,9.9
0,2024-03-30,18.35,42946.49,45492.90,0.2,3.5
0,2024-03-31,20.73,43795.83,45659.49,-4.2,-0.3
0,2024-04-01,19.78,43813.22,45825.06,-4.4,-2.0
0,2024-04-02,20.26,43521.77,45989.71,-4.2,-0.1
0,2024-04-03,21.03,41209.58,46154.58,0.9,3.1
0,2024-04-04,18.67,44411.08,46319.79,0.7,5.3
0,2024-04-05,21.28,44983.66,46485.24,-2.3,3.0
0,2024-04-06,22.56,45247.40,46650.81,1.8,5.9
0,2024-04-07,22.81,45201.44,46816.43,3.2,6.9
0,2024-04-08,17.88,24766.64,46981.95,6.2,9.3
0,2024-04-09,5.53,10226.93,47147.30,-2.9,3.2
0,2024-04-10,23.36,46312.05,47312.35,-1.4,3.2
0,2024-04-11,15.43,21947.82,47476.99,2.3,7.9
0,2024-04-12,15.78,28806.10,47641.12,7.9,10.1
0,2024-04-13,21.72,43368.89,47804.61,8.2,11.4
0,2024-04-14,23.33,46712.49,47967.36,8.3,13.2
0,2024-04-15,22.64,43899.98,48129.23,9.0,13.1
0,2024-04-16,16.90,33652.29,48290.12,10.5,14.0
0,2024-04-17,7.41,6317.46,48449.90,10.1,12.9
0,2024-04-18,15.34,38310.25,48608.44,8.9,10.4
0,2024-04-19,17.19,44926.21,48765.60,5.1,9.7
0,2024-04-20,21.57,39600.00,48921.27,3.7,5.1
0,2024-04-21,22.77,45520.88,49075.31,4.5,6.5
0,2024-04-22,23.27,39600.53,49227.78,6.2,10.6
0,2024-04-23,21.69,35912.10,49379.81,5.5,6.0
0,2024-04-24,6.70,0.00,49531.49,9.2,11.2
0,2024-04-25,8.73,12312.64,49682.73,8.6,11.0
0,2024-04-26,24.34,46800.00,49833.38,9.3,12.5
0,2024-04-27,24.79,46800.00,49983.35,9.4,13.6
0,2024-04-28,23.14,43005.98,50132.50,7.4,12.9
0,2024-04-29,14.01,16517.87,50280.72,5.8,9.3
0,2024-04-30,10.43,14400.00,50427.88,6.9,10.7
0,2024-05-01,26.14,46800.00,50573.85,2.6,6.2
0,2024-05-02,26.18,46825.54,50718.49,2.8,10.2
0,2024-05-03,25.10,46800.00,50861.69,5.3,8.7
0,2024-05-04,24.43,44822.07,51003.29,9.7,12.8
0,2024-05-05,19.92,27082.79,51143.15,8.5,10.7
0,2024-05-06,5.81,0.00,51281.15,12.4,13.3
0,2024-05-07,5.81,9873.77,51417.11,7.9,14.0
0,2024-05-08,19.02,45938.51,51550.90,2.1,3.8
0,2024-05-09,21.19,44994.92,51682.38,6.0,10.6
0,2024-05-10,25.29,40267.11,51811.37,7.4,10.3
0,2024-05-11,23.55,45807.25,51937.73,8.9,10.9
0,2024-05-12,8.61,4357.88,52061.47,11.8,13.4
0,2024-05-13,10.62,15899.23,52183.60,8.4,13.4
0,2024-05-14,26.60,47693.57,52304.18,8.1,11.2
0,2024-05-15,24.92,36000.00,52423.11,11.3,13.5
0,2024-05-16,17.13,29034.54,52540.26,11.2,14.3
0,2024-05-17,15.36,32235.64,52655.52,9.2,11.8
0,2024-05-18,27.14,48509.20,52768.76,11.0,12.9
0,2024-05-19,23.54,36976.48,52879.87,11.6,16.5
0,2024-05-20,18.32,35888.43,52988.71,11.7,13.8
0,2024-05-21,20.85,46070.90,53095.17,5.9,9.7
0,2024-05-22,26.93,47625.48,53199.10,7.4,13.4
0,2024-05-23,23.59,33753.51,53300.39,13.5,14.7
0,2024-05-24,8.33,16879.83,53398.89,8.8,14.3
0,2024-05-25,25.24,47817.33,53494.49,6.9,8.7
0,2024-05-26,9.29,4854.67,53587.03,8.3,12.2
0,2024-05-27,8.02,4104.38,53676.38,13.4,16.0
0,2024-05-28,12.89,14748.56,53762.41,9.6,11.3
0,2024-05-29,19.03,39600.00,53844.99,8.7,12.0
0,2024-05-30,22.74,36617.01,53923.96,10.7,12.7
0,2024-05-31,16.31,20785.64,53999.19,10.0,12.0
0,2024-06-01,18.18,37736.66,54070.68,6.8,10.0
0,2024-06-02,14.25,12277.78,54139.00,9.5,10.8
0,2024-06-03,9.26,2825.43,54204.23,8.4,10.3
0,2024-06-04,15.97,31879.39,54266.29,9.2,10.6
0,2024-06-05,16.64,39489.15,54325.14,10.0,12.0
0,2024-06-06,15.89,36448.50,54380.69,9.0,10.6
0,2024-06-07,26.06,43626.02,54432.90,13.2,14.5
0,2024-06-08,24.56,38760.21,54481.70,14.5,16.6
0,2024-06-09,17.46,36920.49,54527.04,15.5,17.1
0,2024-06-10,19.84,38568.19,54568.85,16.0,18.2
0,2024-06-11,21.22,38966.59,54607.08,16.2,17.5
0,2024-06-12,25.55,50273.97,54641.67,16.1,17.9
0,2024-06-13,24.10,38960.54,54672.57,16.7,18.6
0,2024-06-14,19.31,44432.39,54699.73,15.0,16.9
0,2024-06-15,22.98,38627.68,54723.10,16.6,17.6
0,2024-06-16,18.03,37370.89,54742.61,16.8,19.8
0,2024-06-17,25.84,50112.70,54758.23,15.8,17.7
0,2024-06-18,25.08,49725.83,54769.91,16.6,18.7
0,2024-06-19,27.39,50400.00,54777.61,12.9,15.7
0,2024-06-20,24.89,52365.41,54781.28,14.4,16.8
0,2024-06-21,24.79,51603.11,54780.87,15.2,17.5
0,2024-06-22,20.89,32961.83,54776.36,16.6,18.3
0,2024-06-23,17.76,28307.72,54767.78,17.0,18.2
0,2024-06-24,8.09,3356.39,54755.18,17.8,18.6
0,2024-06-25,22.80,49640.62,54738.61,13.6,17.0
0,2024-06-26,20.84,51057.72,54718.13,11.9,15.8
0,2024-06-27,25.47,46259.73,54693.80,15.7,17.3
0,2024-06-28,25.15,50400.00,54665.67,16.6,19.7
0,2024-06-29,28.06,52450.73,54633.81,15.4,19.9
0,2024-06-30,16.86,20617.57,54598.28,18.4,20.4
0,2024-07-01,21.95,48524.42,54559.14,14.1,18.4
0,2024-07-02,26.93,50400.00,54516.45,14.2,16.6
0,2024-07-03,15.75,24857.60,54470.29,15.3,18.4
0,2024-07-04,18.55,35795.16,54420.71,18.6,20.9
0,2024-07-05,17.58,28355.70,54367.80,19.4,20.5
0,2024-07-06,14.79,32460.20,54311.60,19.7,20.2
0,2024-07-07,11.69,14642.85,54252.21,20.5,21.8
0,2024-07-08,18.69,26952.10,54189.68,17.9,20.1
0,2024-07-09,15.88,27422.96,54124.08,18.9,21.0
0,2024-07-10,22.49,37458.46,54055.49,18.2,20.0
0,2024-07-11,22.47,47989.79,53983.84,17.9,20.4
0,2024-07-12,25.79,50558.72,53908.49,17.6,19.7
0,2024-07-13,22.76,51273.26,53829.44,17.7,20.3
0,2024-07-14,25.24,40435.80,53746.83,17.4,19.3
0,2024-07-15,25.33,48399.31,53660.81,19.7,21.6
0,2024-07-16,26.68,47987.28,53571.52,19.2,21.2
0,2024-07-17,23.17,46548.57,53479.09,19.9,21.5
0,2024-07-18,21.14,36053.33,53383.67,21.1,22.2
0,2024-07-19,7.06,3600.00,53285.39,22.4,23.2
0,2024-07-20,21.84,47345.80,53184.39,21.6,24.4
0,2024-07-21,23.55,42751.33,53080.81,22.5,23.5
0,2024-07-22,23.48,39598.43,52974.77,21.9,23.1
0,2024-07-23,9.74,5936.53,52866.41,22.8,24.0
0,2024-07-24,15.75,35175.37,52755.86,19.4,23.1
0,2024-07-25,22.51,43203.30,52643.24,19.4,20.9
0,2024-07-26,18.43,26259.37,52528.68,19.1,19.9
0,2024-07-27,3.66,0.00,52412.31,20.1,20.9
0,2024-07-28,7.94,3049.63,52294.23,22.0,23.9
0,2024-07-29,7.16,10354.77,52174.58,22.5,24.1
0,2024-07-30,21.41,44622.05,52053.47,21.2,22.5
0,2024-07-31,14.35,26771.41,51930.83,20.7,21.8
0,2024-08-01,14.79,33186.20,51805.65,20.1,21.6
0,2024-08-02,22.58,47640.31,51677.92,21.4,22.6
0,2024-08-03,21.18,43740.20,51547.78,23.2,23.6
0,2024-08-04,18.48,33520.83,51415.38,22.6,25.5
0,2024-08-05,15.19,32345.76,51280.87,21.0,21.6
0,2024-08-06,15.65,27099.73,51144.40,22.6,23.4
0,2024-08-07,19.89,41355.85,51006.12,22.9,24.0
0,2024-08-08,21.12,39525.03,50866.15,21.7,23.7
0,2024-08-09,15.20,34427.14,50724.64,22.4,24.0
0,2024-08-10,22.50,45909.08,50581.73,22.3,24.3
0,2024-08-11,18.98,36000.00,50437.54,21.1,22.5
0,2024-08-12,7.56,3925.71,50292.21,23.5,25.2
0,2024-08-13,9.63,8356.06,50145.85,24.4,25.8
0,2024-08-14,10.76,15422.57,49998.60,23.7,24.4
0,2024-08-15,15.45,32543.46,49850.57,22.9,24.0
0,2024-08-16,7.19,2416.44,49701.89,20.7,21.9
0,2024-08-17,13.43,27317.93,49552.67,19.8,20.3
0,2024-08-18,20.14,45918.96,49403.01,19.7,22.4
0,2024-08-19,20.85,36000.00,49253.05,20.3,21.8
0,2024-08-20,7.62,8208.20,49102.67,19.8,20.7
0,2024-08-21,20.56,39499.54,48950.80,19.4,21.0
0,2024-08-22,12.67,21669.94,48797.37,22.5,25.0
0,2024-08-23,20.51,46266.66,48642.50,24.4,25.4
0,2024-08-24,22.47,46784.86,48486.33,18.9,23.6
0,2024-08-25,17.87,27034.25,48328.96,20.6,21.6
0,2024-08-26,13.05,23211.92,48170.53,22.0,23.0
0,2024-08-27,6.03,1219.20,48011.15,21.3,23.1
0,2024-08-28,17.28,36607.67,47850.93,20.6,22.4
0,2024-08-29,14.32,26651.54,47689.99,21.8,22.9
0,2024-08-30,20.14,35853.33,47528.44,22.4,23.4
0,2024-08-31,11.95,27186.23,47366.39,18.6,23.1
0,2024-09-01,21.88,46294.71,47203.94,16.9,18.8
0,2024-09-02,20.40,43288.96,47041.21,18.7,20.2
0,2024-09-03,22.76,46172.26,46878.29,16.4,19.8
0,2024-09-04,21.95,44845.60,46715.28,19.3,20.0
0,2024-09-05,19.96,39600.00,46552.30,20.4,21.5
0,2024-09-06,20.68,39083.44,46389.42,13.7,17.7
0,2024-09-07,21.53,45674.53,46226.77,16.0,19.0
0,2024-09-08,21.38,44603.45,46064.43,18.1,20.2
0,2024-09-09,20.14,44222.52,45902.29,19.3,20.7
0,2024-09-10,15.57,37341.77,45739.28,20.2,21.8
0,2024-09-11,8.35,15814.04,45575.28,17.0,21.5
0,2024-09-12,18.42,43607.75,45410.43,13.7,16.2
0,2024-09-13,19.02,43928.48,45244.81,13.5,17.0
0,2024-09-14,14.17,20335.48,45078.53,17.1,21.9
0,2024-09-15,10.89,21448.27,44911.70,13.2,17.3
0,2024-09-16,18.39,29656.46,44744.42,13.8,17.1
0,2024-09-17,10.05,21364.71,44576.78,16.0,18.2
0,2024-09-18,14.35,26427.96,44408.90,14.1,18.7
0,2024-09-19,17.90,30308.94,44240.86,14.5,18.8
0,2024-09-20,13.44,25200.00,44072.77,11.3,18.8
0,2024-09-21,4.74,1074.21,43904.73,9.2,12.7
0,2024-09-22,4.22,7221.21,43736.83,11.6,13.5
0,2024-09-23,16.29,39736.22,43569.17,10.0,12.2
0,2024-09-24,14.19,39684.27,43401.86,10.7,11.3
0,2024-09-25,13.83,21600.00,43234.99,14.4,17.1
0,2024-09-26,13.24,32415.54,43068.65,18.2,19.6
0,2024-09-27,15.84,39600.00,42902.96,15.4,18.3
0,2024-09-28,16.93,39600.00,42738.00,13.3,15.6
0,2024-09-29,13.75,38716.35,42573.67,14.9,16.0
0,2024-09-30,15.60,39600.00,42408.81,14.4,16.4
0,2024-10-01,15.39,36997.22,42243.32,15.0,17.5
0,2024-10-02,7.43,18000.00,42077.31,11.9,18.2
0,2024-10-03,5.73,6241.68,41910.89,12.0,14.9
0,2024-10-04,4.00,7200.00,41744.18,14.5,19.0
0,2024-10-05,16.49,39600.00,41577.27,10.1,14.2
0,2024-10-06,12.78,28800.00,41410.29,14.4,16.3
0,2024-10-07,5.14,1434.25,41243.35,13.8,16.7
0,2024-10-08,13.59,34381.77,41076.55,8.5,12.8
0,2024-10-09,12.39,31743.74,40910.02,8.4,10.2
0,2024-10-10,13.13,34945.66,40743.87,7.0,8.7
0,2024-10-11,14.25,39450.83,40578.21,8.4,11.3
0,2024-10-12,13.36,39352.35,40413.17,11.1,12.4
0,2024-10-13,15.44,39254.82,40248.86,5.3,8.4
0,2024-10-14,14.36,33905.99,40085.42,10.1,12.9
0,2024-10-15,8.90,18000.00,39922.94,14.6,16.9
0,2024-10-16,14.76,38969.15,39761.58,5.8,12.8
0,2024-10-17,13.59,38876.63,39601.45,7.2,10.9
0,2024-10-18,11.94,26179.48,39442.68,15.1,19.0
0,2024-10-19,5.31,8458.69,39285.17,3.7,16.9
0,2024-10-20,12.96,38507.05,39127.64,-0.8,4.0
0,2024-10-21,12.61,28798.26,38969.96,8.6,11.5
0,2024-10-22,6.14,13894.69,38812.29,13.7,17.0
0,2024-10-23,1.76,2270.11,38654.74,14.5,18.7
0,2024-10-24,9.68,32572.59,38497.45,7.2,9.2
0,2024-10-25,13.11,36783.01,38340.57,6.2,10.5
0,2024-10-26,11.28,32984.81,38184.24,8.2,12.1
0,2024-10-27,8.01,21721.04,38028.60,9.9,11.5
0,2024-10-28,7.89,24741.68,37873.79,2.1,6.8
0,2024-10-29,9.72,34983.52,37719.97,3.3,7.4
0,2024-10-30,8.51,35335.91,37567.29,7.1,9.7
0,2024-10-31,11.73,34167.25,37415.90,5.8,8.4
0,2024-11-01,7.57,18906.24,37265.95,9.4,11.4
0,2024-11-02,5.82,9790.56,37117.62,8.0,12.2
0,2024-11-03,9.07,30942.05,36971.07,4.2,8.7
0,2024-11-04,3.31,10143.88,36826.47,6.1,12.3
0,2024-11-05,10.57,28800.00,36683.97,-2.0,0.5
0,2024-11-06,8.92,33946.88,36543.77,0.0,2.6
0,2024-11-07,10.91,33990.17,36406.04,-3.9,-1.3
0,2024-11-08,6.40,18145.45,36270.72,-0.5,1.7
0,2024-11-09,10.67,32271.56,36136.46,1.2,4.6
0,2024-11-10,7.30,28382.85,36003.16,8.2,10.7
0,2024-11-11,9.37,28800.00,35870.97,1.8,10.9
0,2024-11-12,5.95,13769.18,35740.04,3.4,7.4
0,2024-11-13,9.40,32400.00,35610.55,-2.4,-0.5
0,2024-11-14,9.80,28800.00,35482.62,2.4,4.6
0,2024-11-15,3.63,10939.47,35356.43,4.4,10.0
0,2024-11-16,8.92,28800.00,35232.16,8.5,13.2
0,2024-11-17,3.08,7907.23,35109.95,1.5,14.6
0,2024-11-18,9.10,32400.00,34989.98,-8.2,-5.9
0,2024-11-19,8.00,30543.86,34872.42,-4.8,0.2
0,2024-11-20,6.51,28858.83,34757.46,2.0,5.7
0,2024-11-21,9.03,28800.00,34645.27,0.7,4.9
0,2024-11-22,6.90,26992.43,34536.03,0.9,2.7
0,2024-11-23,8.41,32400.00,34429.92,-1.7,0.6
0,2024-11-24,6.16,29199.44,34327.13,-4.7,-4.1
0,2024-11-25,9.21,32400.00,34227.86,-4.1,-1.9
0,2024-11-26,8.14,28152.64,34132.28,7.1,10.8
0,2024-11-27,4.47,13242.44,34040.60,4.9,9.5
0,2024-11-28,7.47,22928.64,33952.79,0.5,2.5
0,2024-11-29,6.89,28136.36,33867.87,-3.4,-1.8
0,2024-11-30,7.46,32366.18,33785.72,-4.6,-3.1
0,2024-12-01,7.33,29533.39,33706.45,-4.0,-3.1
0,2024-12-02,8.20,28800.00,33630.18,3.7,8.3
0,2024-12-03,6.89,26346.67,33557.02,-3.9,1.9
0,2024-12-04,5.32,20264.47,33487.08,-5.3,-3.8
0,2024-12-05,6.97,28800.00,33420.44,-4.8,-1.9
0,2024-12-06,4.34,14961.41,33357.24,-7.3,-3.7
0,2024-12-07,7.23,31762.20,33297.58,-7.1,-5.6
0,2024-12-08,8.20,32400.00,33241.57,-7.6,-5.5
0,2024-12-09,6.30,27403.01,33189.31,-5.6,-4.5
0,2024-12-10,6.22,22416.77,33140.92,-4.8,-3.4
0,2024-12-11,6.93,30750.77,33096.49,-10.0,-5.8
0,2024-12-12,8.24,29298.12,33056.13,-9.0,-7.5
0,2024-12-13,6.36,31689.56,33019.95,-8.8,-6.8
0,2024-12-14,6.57,32241.10,32988.06,-9.4,-7.5
0,2024-12-15,4.82,17931.37,32960.54,-7.8,-2.7
0,2024-12-16,8.55,32161.55,32937.51,-9.7,-7.2
0,2024-12-17,8.08,25925.77,32919.05,-8.1,-6.9
0,2024-12-18,9.07,32092.00,32905.22,-11.8,-9.5
0,2024-12-19,8.58,28800.00,32895.81,-5.7,-4.7
0,2024-12-20,5.43,7522.53,32890.76,-8.2,-5.7
0,2024-12-21,4.30,5583.85,32890.03,-3.5,-1.4
0,2024-12-22,8.28,29182.70,32893.59,-7.5,-4.8
0,2024-12-23,8.57,31948.40,32901.39,-7.8,-5.9
0,2024-12-24,8.14,28001.20,32913.40,-7.3,-4.9
0,2024-12-25,7.59,23533.35,32929.57,-2.1,2.0
0,2024-12-26,7.23,31855.99,32949.86,-7.6,-3.1
0,2024-12-27,8.21,29894.84,32974.21,-9.8,-9.2
0,2024-12-28,8.64,31399.45,33002.60,-9.7,-9.0
0,2024-12-29,8.55,28800.00,33034.94,-11.1,-8.6
0,2024-12-30,7.53,26533.27,33071.21,-4.9,-0.9
0,2024-12-31,5.17,6540.18,33111.35,-4.4,-0.1
0,2025-01-01,6.44,27925.63,33155.29,-9.2,-6.7
0,2025-01-02,8.59,31813.51,33202.98,-10.4,-8.1
0,2025-01-03,8.89,31813.12,33254.37,-13.2,-11.0
0,2025-01-04,8.60,31815.35,33309.39,-10.1,-8.9
0,2025-01-05,6.40,20900.34,33368.00,-4.1,2.4
0,2025-01-06,1.58,704.17,33430.11,0.7,3.8
0,2025-01-07,2.55,7702.54,33495.81,-4.2,-0.6
0,2025-01-08,7.02,21871.16,33565.86,-7.5,-6.6
0,2025-01-09,6.36,26494.87,33640.20,-8.9,-7.3
0,2025-01-10,7.05,28694.67,33718.69,-5.6,-2.5
0,2025-01-11,8.23,28800.00,33801.14,-6.6,-4.7
0,2025-01-12,2.57,1720.59,33887.38,-4.6,-0.7
0,2025-01-13,7.53,28807.56,33977.26,-3.8,-1.3
0,2025-01-14,6.92,28704.83,34070.59,-6.7,-1.2
0,2025-01-15,8.84,32005.06,34167.20,-12.0,-9.0
0,2025-01-16,7.88,21967.47,34266.95,-9.3,-7.0
0,2025-01-17,10.43,32417.15,34369.65,-13.2,-10.8
0,2025-01-18,8.83,27215.82,34475.15,-11.0,-4.1
0,2025-01-19,2.80,3340.39,34583.30,1.1,3.2
0,2025-01-20,8.03,30723.07,34693.93,-2.6,0.7
0,2025-01-21,6.71,22160.97,34806.87,-1.8,0.8
0,2025-01-22,3.86,9940.92,34921.99,-1.2,1.5
0,2025-01-23,7.12,22665.45,35039.15,-0.6,0.5
0,2025-01-24,6.78,28613.26,35158.16,-2.8,0.4
0,2025-01-25,5.64,21534.30,35278.91,-3.0,-0.4
0,2025-01-26,10.41,31168.80,35401.24,-5.3,-2.8
0,2025-01-27,5.00,13741.37,35525.25,-2.1,-0.4
0,2025-01-28,5.66,15779.41,35652.24,-1.7,1.3
0,2025-01-29,9.29,34994.49,35782.23,-4.8,-0.6
0,2025-01-30,6.03,19400.19,35915.04,-6.7,-5.3
0,2025-01-31,7.88,25200.00,36050.48,-7.1,-6.2
0,2025-02-01,10.08,34352.12,36188.35,-7.0,-5.5
0,2025-02-02,7.51,23871.54,36328.48,-5.8,-3.5
0,2025-02-03,3.14,3600.00,36470.68,-1.0,1.2
0,2025-02-04,9.67,34175.23,36614.77,-6.7,-0.2
0,2025-02-05,9.27,33228.29,36760.59,-6.5,-3.9
0,2025-02-06,10.59,25047.04,36907.95,-6.5,-4.9
0,2025-02-07,13.01,35694.59,37056.70,-13.5,-7.2
0,2025-02-08,13.92,35772.86,37206.67,-6.8,-4.7
0,2025-02-09,12.25,26488.45,37357.70,-7.7,-6.0
0,2025-02-10,12.05,34977.81,37509.64,-9.0,-7.3
0,2025-02-11,14.08,34966.01,37662.32,-6.9,-2.7
0,2025-02-12,9.01,12686.97,37815.60,-0.6,2.4
0,2025-02-13,12.79,36000.00,37969.33,-8.9,-6.4
0,2025-02-14,11.97,36000.00,38123.37,-9.2,-7.3
0,2025-02-15,10.70,36000.00,38277.56,-3.1,0.6
0,2025-02-16,9.39,33713.84,38432.03,-0.7,2.4
0,2025-02-17,10.08,23470.25,38588.15,-5.5,-1.3
0,2025-02-18,13.10,34523.10,38746.01,-8.9,-5.9
0,2025-02-19,14.32,36401.47,38905.45,-7.4,-5.4
0,2025-02-20,14.40,36000.00,39066.34,-8.0,-5.9
0,2025-02-21,11.73,35400.16,39228.52,-11.2,-6.2
0,2025-02-22,13.31,36578.83,39391.84,-9.2,-6.7
0,2025-02-23,14.29,32400.00,39556.17,-10.3,-7.0
0,2025-02-24,9.73,17058.67,39721.37,-5.0,-3.7
0,2025-02-25,12.92,37065.52,39887.31,-2.3,2.0
0,2025-02-26,13.44,36381.22,40053.83,-6.8,-3.1
0,2025-02-27,10.51,26860.53,40220.83,-4.7,-0.1
0,2025-02-28,14.66,37543.40,40388.15,1.9,3.3
0,2025-03-01,15.14,32157.86,40555.69,-1.7,4.9
0,2025-03-02,15.60,32400.00,40723.30,-7.7,-1.8
0,2025-03-03,13.27,35553.00,40890.87,-11.2,-10.4
0,2025-03-04,14.67,28800.00,41058.26,-7.4,-2.8
0,2025-03-05,2.91,0.00,41225.36,-0.1,1.1
0,2025-03-06,5.68,6775.18,41392.05,-3.5,-0.3
0,2025-03-07,16.11,32755.50,41558.20,-8.3,-7.3
0,2025-03-08,13.89,37102.29,41723.92,-6.9,-4.9
0,2025-03-09,13.97,39466.81,41890.46,-4.0,-1.3
0,2025-03-10,17.61,40433.97,42057.96,-3.0,-0.4
0,2025-03-11,17.07,39600.00,42226.30,1.7,5.2
0,2025-03-12,15.22,35125.45,42395.36,5.0,7.1
0,2025-03-13,16.02,40360.22,42565.03,-1.5,3.2
0,2025-03-14,15.13,40324.76,42735.21,-3.9,-2.9
0,2025-03-15,9.89,18331.09,42905.77,-4.6,-3.6
0,2025-03-16,6.62,522.21,43076.63,-2.0,-0.3
0,2025-03-17,9.42,4278.15,43247.65,-5.1,-1.4
0,2025-03-18,15.20,38147.27,43418.75,-5.0,-2.8
0,2025-03-19,12.43,33260.50,43589.81,-3.9,-0.8
0,2025-03-20,16.84,35984.07,43760.72,-2.1,4.1
0,2025-03-21,9.98,21164.21,43931.37,4.6,6.2
0,2025-03-22,16.02,35503.56,44101.66,-2.9,4.4
0,2025-03-23,18.49,42467.08,44271.48,-3.1,-0.9
0,2025-03-24,18.46,33698.90,44440.71,3.1,7.6
0,2025-03-25,16.33,35771.76,44609.25,7.6,9.3
0,2025-03-26,13.79,30420.20,44776.99,-0.4,7.1
0,2025-03-27,5.71,3600.00,44943.80,3.8,5.8
0,2025-03-28,5.26,6232.24,45109.80,0.6,6.3
0,2025-03-29,20.77,36143.85,45276.15,-7.4,-4.2
0,2025-03-30,15.34,33121.17,45442.96,-6.9,-0.8
0,2025-03-31,18.81,42407.65,45610.13,-5.4,-2.7
0,2025-04-01,19.75,35861.33,45777.56,1.1,3.1
0,2025-04-02,3.61,0.00,45945.14,2.1,3.0
0,2025-04-03,6.65,1530.55,46112.78,1.8,2.6
0,2025-04-04,13.60,28155.55,46280.37,-1.0,0.4
0,2025-04-05,15.10,36902.68,46447.80,1.2,3.3
0,2025-04-06,17.40,39805.63,46614.96,5.5,7.3
0,2025-04-07,15.64,36062.98,46781.75,4.2,6.4
0,2025-04-08,13.87,31194.47,46948.06,3.3,4.9
0,2025-04-09,20.03,36000.00,47113.78,4.4,5.9
0,2025-04-10,12.15,11508.15,47278.79,5.3,8.3
0,2025-04-11,19.72,37588.10,47442.98,6.3,7.9
0,2025-04-12,19.02,36000.00,47606.23,8.2,10.6
0,2025-04-13,5.28,0.00,47768.42,6.7,8.2
0,2025-04-14,2.23,0.00,47929.43,6.2,7.4
0,2025-04-15,8.83,4266.80,48089.13,5.1,6.6
0,2025-04-16,16.87,41721.10,48247.40,2.5,4.5
0,2025-04-17,22.62,36790.97,48404.31,1.2,5.0
0,2025-04-18,7.47,0.00,48561.01,7.5,10.4
0,2025-04-19,13.79,23158.44,48717.58,5.6,9.1
0,2025-04-20,9.52,13365.26,48873.93,6.0,11.2
0,2025-04-21,22.06,46800.00,49029.94,2.2,4.1
0,2025-04-22,20.07,25302.89,49185.48,4.8,7.5
0,2025-04-23,9.20,12379.66,49340.45,7.7,9.8
0,2025-04-24,18.35,25829.82,49494.74,7.4,9.0
0,2025-04-25,9.44,21600.00,49648.20,4.4,9.0
0,2025-04-26,21.96,46800.00,49800.73,1.4,4.6
0,2025-04-27,19.30,29536.44,49952.19,3.3,6.3
0,2025-04-28,12.41,10180.00,50102.46,3.4,5.7
0,2025-04-29,5.19,4080.99,50251.39,3.9,4.6
0,2025-04-30,19.77,44270.86,50398.86,3.2,5.0
0,2025-05-01,25.17,46160.49,50544.73,7.4,10.6
0,2025-05-02,22.91,36529.54,50688.85,9.6,10.9
0,2025-05-03,19.56,28808.68,50831.08,7.1,8.5
0,2025-05-04,15.17,34207.15,50971.28,6.9,7.8
0,2025-05-05,23.35,43505.53,51109.29,5.4,7.3
0,2025-05-06,15.78,26611.51,51244.95,6.0,7.7
0,2025-05-07,11.78,28258.24,51378.31,7.3,9.3
0,2025-05-08,25.69,46800.00,51510.42,7.2,10.0
0,2025-05-09,23.39,35628.35,51641.35,6.7,11.5
0,2025-05-10,11.60,13260.97,51771.00,12.1,13.8
0,2025-05-11,15.69,32767.54,51899.23,8.4,10.3
0,2025-05-12,19.20,38298.83,52025.92,9.6,11.6
0,2025-05-13,24.58,43924.15,52150.97,10.0,12.3
0,2025-05-14,17.77,29999.97,52274.22,9.9,12.3
0,2025-05-15,18.94,26900.53,52395.56,11.6,13.5
0,2025-05-16,19.12,44180.03,52514.84,13.6,15.7
0,2025-05-17,13.71,20845.25,52631.95,13.8,15.8
0,2025-05-18,11.99,18000.00,52746.73,8.9,13.6
0,2025-05-19,24.47,35501.26,52859.06,8.1,11.0
0,2025-05-20,20.08,31832.98,52968.79,8.2,12.0
0,2025-05-21,21.52,30369.57,53075.77,9.8,11.4
0,2025-05-22,22.51,48306.54,53179.86,8.8,11.9
0,2025-05-23,23.76,44359.10,53280.92,7.9,9.4
0,2025-05-24,15.30,18161.78,53378.80,9.5,10.2
0,2025-05-25,5.85,1271.51,53473.33,8.8,9.7
0,2025-05-26,19.33,47418.36,53564.39,8.7,10.3
0,2025-05-27,19.14,49528.48,53651.95,9.5,11.4
0,2025-05-28,24.92,49499.73,53736.76,10.3,12.5
0,2025-05-29,27.38,49895.10,53818.87,11.0,15.5
0,2025-05-30,23.49,30574.12,53898.19,11.5,13.2
0,2025-05-31,16.39,33218.93,53974.65,8.6,10.2
0,2025-06-01,24.99,37394.95,54048.15,10.2,12.8
0,2025-06-02,18.21,38329.54,54118.62,11.1,11.8
0,2025-06-03,16.27,17770.52,54185.98,11.3,12.1
0,2025-06-04,18.61,38534.93,54250.12,11.2,12.9
0,2025-06-05,13.31,23835.15,54310.98,10.9,12.9
0,2025-06-06,25.24,45759.39,54368.47,11.4,14.4
0,2025-06-07,17.83,36104.95,54422.50,13.3,15.0
0,2025-06-08,26.94,52334.56,54473.00,12.1,14.9
0,2025-06-09,28.61,52684.56,54519.88,11.2,14.8
0,2025-06-10,25.20,33702.13,54563.06,13.3,14.9
0,2025-06-11,17.68,32851.93,54602.46,15.1,17.6
0,2025-06-12,25.62,48354.50,54637.99,12.0,13.0
0,2025-06-13,25.91,46222.58,54669.61,12.7,13.8
0,2025-06-14,21.89,31475.82,54697.21,14.2,15.1
0,2025-06-15,15.59,19736.20,54720.73,14.9,16.5
0,2025-06-16,16.43,20325.61,54740.12,16.7,17.8
0,2025-06-17,21.04,36295.76,54755.54,17.7,18.6
0,2025-06-18,26.52,51607.28,54767.01,15.6,16.7
0,2025-06-19,23.58,51042.98,54774.56,17.1,17.8
0,2025-06-20,23.35,38018.63,54778.23,17.8,18.6
0,2025-06-21,10.37,10718.27,54778.01,19.2,20.2
0,2025-06-22,8.67,1475.96,54773.95,18.2,20.4
0,2025-06-23,20.29,36656.63,54766.06,17.3,19.4
0,2025-06-24,28.02,52041.68,54754.39,16.8,20.3
0,2025-06-25,24.00,32442.77,54738.95,18.6,20.1
0,2025-06-26,11.72,16094.31,54719.78,19.8,21.1
0,2025-06-27,19.74,43486.03,54696.92,17.7,20.3
0,2025-06-28,26.11,49924.17,54670.41,18.2,21.6
0,2025-06-29,23.48,37013.31,54640.27,19.2,21.3
0,2025-06-30,16.43,39321.90,54606.56,20.1,21.5
0,2025-07-01,16.10,31510.59,54569.30,21.6,22.8
0,2025-07-02,17.02,32120.11,54528.55,21.4,22.3
0,2025-07-03,19.26,38001.51,54484.34,22.2,23.2
0,2025-07-04,5.60,2718.26,54436.72,21.4,24.0
0,2025-07-05,17.54,35591.86,54385.74,21.9,24.5
0,2025-07-06,18.71,33772.58,54331.33,22.5,23.3
0,2025-07-07,24.45,51082.52,54272.99,22.2,26.2
0,2025-07-08,28.09,51224.09,54210.74,19.1,23.8
0,2025-07-09,28.56,51191.78,54144.70,16.2,19.9
0,2025-07-10,25.53,39600.00,54075.00,14.9,15.7
0,2025-07-11,17.80,29915.02,54001.77,12.8,13.9
0,2025-07-12,26.12,50400.00,53925.12,12.9,14.5
0,2025-07-13,25.12,50574.62,53845.19,16.7,18.4
0,2025-07-14,25.55,44233.96,53762.11,20.5,21.7
0,2025-07-15,14.68,20307.64,53675.99,22.4,23.5
0,2025-07-16,17.76,37059.41,53586.97,22.6,24.5
0,2025-07-17,24.82,50400.00,53495.16,22.6,23.6
0,2025-07-18,17.94,33565.31,53400.69,22.2,23.1
0,2025-07-19,15.07,24008.32,53303.68,22.4,23.3
0,2025-07-20,20.35,48846.38,53204.25,22.6,23.3
0,2025-07-21,22.31,48460.38,53102.51,22.3,23.0
0,2025-07-22,23.60,46800.00,52998.60,22.4,23.5
0,2025-07-23,25.38,50362.42,52892.61,20.0,22.4
0,2025-07-24,24.77,48522.99,52784.66,21.3,22.2
0,2025-07-25,23.36,39457.13,52674.87,20.9,22.8
0,2025-07-26,7.66,1652.88,52563.17,23.0,23.8
0,2025-07-27,10.61,8223.87,52448.62,22.7,23.5
0,2025-07-28,19.50,45770.77,52331.20,22.9,23.8
0,2025-07-29,19.15,40556.16,52211.06,22.1,23.3
0,2025-07-30,13.94,25269.07,52088.37,21.4,22.1
0,2025-07-31,19.44,37829.84,51963.26,21.0,21.8
0,2025-08-01,23.91,39655.86,51835.90,21.2,23.4
0,2025-08-02,18.30,36595.12,51706.43,23.3,24.1
0,2025-08-03,19.54,37305.47,51574.98,21.9,22.6
0,2025-08-04,13.80,16451.30,51441.72,22.9,23.6
0,2025-08-05,21.16,37447.27,51306.76,21.6,23.3
0,2025-08-06,7.67,125.46,51170.26,21.4,22.4
0,2025-08-07,14.33,21277.69,51032.33,20.8,22.1
0,2025-08-08,19.78,40613.48,50893.12,19.3,20.7
0,2025-08-09,20.37,44051.85,50752.74,19.9,21.0
0,2025-08-10,20.58,46761.39,50611.33,20.3,22.2
0,2025-08-11,22.47,46124.96,50469.01,21.2,22.4
0,2025-08-12,21.46,45871.85,50325.88,19.5,21.3
0,2025-08-13,23.11,41679.15,50182.09,17.9,20.0
0,2025-08-14,17.45,26415.88,50037.73,20.4,23.2
0,2025-08-15,24.98,47429.49,49892.71,17.5,21.8
0,2025-08-16,21.29,35831.42,49745.98,19.4,20.9
0,2025-08-17,10.43,23058.84,49597.46,20.0,23.0
0,2025-08-18,22.40,42659.80,49447.28,17.3,19.9
0,2025-08-19,7.08,9778.24,49295.58,22.1,23.2
0,2025-08-20,11.49,21683.05,49142.50,21.8,23.1
0,2025-08-21,20.54,38001.90,48988.15,18.2,21.9
0,2025-08-22,11.04,15852.42,48832.67,20.1,23.4
0,2025-08-23,16.20,37249.55,48676.17,20.3,23.8
0,2025-08-24,23.43,46798.50,48518.77,19.4,20.6
0,2025-08-25,21.30,39600.00,48360.60,21.0,22.8
0,2025-08-26,17.41,34779.29,48201.76,23.2,24.6
0,2025-08-27,18.93,43315.01,48042.37,17.6,21.6
0,2025-08-28,12.37,13932.16,47882.54,18.6,19.7
0,2025-08-29,6.85,3727.52,47722.38,19.3,21.7
0,2025-08-30,18.19,42210.87,47561.99,19.7,22.1
0,2025-08-31,17.04,43796.66,47401.48,20.5,22.3
0,2025-09-01,9.05,11924.34,47240.95,22.7,23.7
0,2025-09-02,9.57,16434.28,47080.51,21.5,23.2
0,2025-09-03,20.84,45123.01,46920.25,17.3,19.0
0,2025-09-04,13.77,23146.13,46760.08,19.1,19.9
0,2025-09-05,15.93,37526.75,46598.90,19.4,20.7
0,2025-09-06,17.82,35881.23,46436.62,20.5,21.5
0,2025-09-07,8.19,12388.99,46273.36,19.5,22.9
0,2025-09-08,20.43,35677.50,46109.23,16.8,18.9
0,2025-09-09,8.68,12437.20,45944.32,18.9,20.1
0,2025-09-10,15.17,26081.92,45778.76,16.6,18.7
0,2025-09-11,19.49,43169.02,45612.63,17.2,18.1
0,2025-09-12,18.68,35766.08,45446.05,18.1,19.2
0,2025-09-13,6.65,12316.07,45279.12,20.0,22.4
0,2025-09-14,19.96,42973.57,45111.94,15.5,18.4
0,2025-09-15,16.87,42438.53,44944.60,18.6,19.5
0,2025-09-16,19.00,35511.20,44777.20,17.2,21.2
0,2025-09-17,13.94,29880.83,44609.86,16.0,21.4
0,2025-09-18,15.99,37949.29,44442.65,11.6,13.9
0,2025-09-19,16.61,36476.97,44275.68,11.8,13.9
0,2025-09-20,6.44,9032.98,44109.05,13.6,17.5
0,2025-09-21,17.20,40472.30,43942.84,11.2,12.2
0,2025-09-22,15.84,35680.89,43777.17,11.3,13.1
0,2025-09-23,15.87,39011.92,43612.13,13.1,14.6
0,2025-09-24,15.12,25719.52,43447.60,14.9,16.5
0,2025-09-25,6.13,13952.89,43282.46,17.2,20.7
0,2025-09-26,16.52,39600.00,43116.61,13.3,17.3
0,2025-09-27,17.48,38636.33,42950.15,12.9,15.1
0,2025-09-28,13.68,24593.56,42783.20,13.7,15.7
0,2025-09-29,14.32,37355.17,42615.85,13.6,15.9
0,2025-09-30,15.53,36000.00,42448.21,15.4,17.5
0,2025-10-01,10.71,25237.01,42280.40,15.4,17.1
0,2025-10-02,14.62,39600.00,42112.51,14.1,16.5
0,2025-10-03,17.02,39600.00,41944.65,14.0,16.2
0,2025-10-04,15.97,32979.39,41776.94,16.2,17.7
0,2025-10-05,11.88,32400.00,41609.48,14.5,18.8
0,2025-10-06,15.81,38369.76,41442.37,6.9,9.4
0,2025-10-07,12.83,33328.75,41275.73,12.9,14.8
0,2025-10-08,13.66,39049.68,41109.67,8.3,12.9
0,2025-10-09,10.83,27927.85,40944.30,6.5,9.2
0,2025-10-10,11.42,37929.99,40779.74,3.2,5.8
0,2025-10-11,8.78,15462.80,40616.11,6.3,13.2
0,2025-10-12,5.05,9712.05,40453.51,12.3,14.4
0,2025-10-13,13.37,39281.55,40292.07,6.8,9.6
0,2025-10-14,13.73,38257.70,40131.68,9.3,11.8
0,2025-10-15,13.20,31894.57,39971.10,7.0,10.2
0,2025-10-16,5.95,12650.67,39810.20,11.8,14.2
0,2025-10-17,11.54,28800.00,39649.12,9.4,12.6
0,2025-10-18,3.75,7200.00,39487.99,9.1,13.7
0,2025-10-19,10.52,25645.91,39326.93,3.1,5.0
0,2025-10-20,10.22,31637.81,39166.08,-0.3,2.9
0,2025-10-21,11.81,38166.98,39005.56,0.9,2.6
0,2025-10-22,10.31,29369.89,38845.52,0.3,2.8
0,2025-10-23,11.45,37481.49,38686.08,0.5,2.4
0,2025-10-24,11.11,31603.56,38527.39,-1.6,0.8
0,2025-10-25,7.86,18465.11,38369.60,4.1,9.4
0,2025-10-26,4.74,9726.77,38212.83,11.7,13.2
0,2025-10-27,11.55,35760.20,38057.25,2.2,8.8
0,2025-10-28,10.40,35732.09,37903.00,-1.4,1.3
0,2025-10-29,11.87,35703.17,37750.23,-0.8,2.3
0,2025-10-30,11.49,32499.75,37599.11,4.2,8.3
0,2025-10-31,7.85,17212.65,37449.78,8.9,10.6
0,2025-11-01,2.29,5986.30,37302.42,7.2,9.1
0,2025-11-02,9.27,19724.60,37157.19,5.4,7.7
0,2025-11-03,10.48,34473.23,37014.00,0.2,3.0
0,2025-11-04,9.32,33174.97,36871.52,3.2,7.9
0,2025-11-05,9.45,32400.00,36729.62,5.2,9.0
0,2025-11-06,9.39,33934.56,36588.48,5.1,9.7
0,2025-11-07,10.35,32963.57,36448.23,-2.6,-0.8
0,2025-11-08,7.66,25966.77,36309.02,-1.5,1.8
0,2025-11-09,5.93,20575.92,36171.02,5.2,9.9
0,2025-11-10,6.48,21948.28,36034.39,-1.2,3.2
0,2025-11-11,9.64,32789.41,35899.28,-3.0,-1.7
0,2025-11-12,9.69,32086.12,35765.87,-0.6,4.7
0,2025-11-13,6.81,30890.31,35634.33,1.1,8.5
0,2025-11-14,5.92,25063.93,35504.82,-2.7,-1.5
0,2025-11-15,5.80,22360.15,35377.52,-3.2,-1.8
0,2025-11-16,9.55,28800.00,35252.62,3.9,9.5
0,2025-11-17,2.80,5806.78,35130.29,-3.8,4.2
0,2025-11-18,9.26,32400.00,35010.73,-6.4,-4.1
0,2025-11-19,5.53,17278.49,34894.12,-2.1,2.8
0,2025-11-20,5.67,21759.24,34780.64,4.5,7.8
0,2025-11-21,7.71,27825.30,34670.51,-3.4,-0.7
0,2025-11-22,4.05,4575.79,34563.90,-1.1,6.6
0,2025-11-23,7.88,28800.00,34460.80,5.1,7.4
0,2025-11-24,7.16,31875.79,34360.06,2.8,8.1
0,2025-11-25,8.22,28800.00,34261.60,5.8,7.3
0,2025-11-26,7.38,26277.38,34165.51,1.3,4.0
0,2025-11-27,8.19,32400.00,34071.96,4.5,8.5
0,2025-11-28,5.91,30387.02,33981.06,-2.0,6.6
0,2025-11-29,5.36,18611.60,33892.94,-1.7,6.5
0,2025-11-30,7.41,28800.00,33807.74,3.4,8.7
0,2025-12-01,5.18,26577.26,33725.60,-1.2,9.9
0,2025-12-02,4.34,8208.07,33646.65,-0.9,4.7
0,2025-12-03,4.04,12385.34,33571.03,-8.6,-4.9
0,2025-12-04,7.30,32400.00,33498.86,-8.4,-5.7
0,2025-12-05,9.48,28800.00,33430.29,-4.7,-1.6
0,2025-12-06,5.98,25169.26,33365.47,1.6,5.2
0,2025-12-07,6.12,28800.00,33304.51,0.9,4.3
0,2025-12-08,2.17,9261.98,33247.56,-2.9,4.3
0,2025-12-09,7.01,32400.00,33194.77,-7.1,-5.2
0,2025-12-10,6.73,28800.00,33146.25,-5.6,3.1
0,2025-12-11,1.73,3590.80,33102.15,-6.7,3.6
0,2025-12-12,8.06,32345.49,33062.60,-12.7,-11.6
0,2025-12-13,4.78,15777.03,33027.63,-6.8,-2.8
0,2025-12-14,0.87,0.00,32996.81,0.3,1.5
0,2025-12-15,6.22,27173.21,32970.04,-4.1,-1.0
0,2025-12-16,3.81,11138.37,32947.35,-6.9,-0.9
0,2025-12-17,3.15,1781.00,32928.73,-8.6,-7.0
0,2025-12-18,3.29,4919.55,32914.20,-7.8,-6.4
0,2025-12-19,2.77,4891.25,32903.75,2.1,8.0
0,2025-12-20,2.10,1219.18,32897.39,9.4,11.6
0,2025-12-21,1.80,4015.79,32895.12,-1.4,11.2
0,2025-12-22,7.41,27948.58,32896.93,-7.7,-6.2
0,2025-12-23,4.19,14168.99,32902.82,-2.6,1.2
0,2025-12-24,1.56,0.00,32912.79,2.2,4.5
0,2025-12-25,2.78,0.00,32926.82,-2.0,-0.1
0,2025-12-26,5.63,24683.40,32944.90,-12.1,-3.8
0,2025-12-27,6.31,31638.25,32967.02,-9.5,-7.6
0,2025-12-28,6.85,25037.95,32993.17,-4.4,1.8
0,2025-12-29,2.71,3097.44,33023.32,1.5,4.4
0,2025-12-30,6.97,31206.77,33057.46,-5.2,2.1
0,2025-12-31,8.20,31400.69,33095.57,-12.1,-10.0
0,2026-01-01,8.65,31396.81,33137.63,-10.3,-4.8
0,2026-01-02,9.11,29900.77,33183.70,-9.3,-5.2
0,2026-01-03,7.68,24179.91,33234.31,-5.0,-3.4
0,2026-01-04,6.61,17202.48,33289.41,-8.5,-6.3
0,2026-01-05,7.93,30301.35,33348.86,-12.7,-9.7
0,2026-01-06,8.04,31831.25,33412.52,-10.2,-8.4
0,2026-01-07,3.66,5511.06,33480.23,-2.5,0.9
0,2026-01-08,8.59,29483.65,33551.85,-10.5,-6.7
0,2026-01-09,4.23,1965.68,33627.23,-5.5,-1.5
0,2026-01-10,1.81,2491.97,33706.24,1.6,3.8
0,2026-01-11,7.77,30541.61,33788.71,-6.0,-2.5
0,2026-01-12,9.36,28848.36,33874.51,-8.8,-5.9
0,2026-01-13,4.45,6524.55,33963.48,-7.8,0.6
0,2026-01-14,9.36,31970.36,34055.51,-10.9,-8.2
0,2026-01-15,6.61,7774.57,34150.42,-5.4,-3.9
0,2026-01-16,6.12,6135.88,34248.10,-5.7,-3.9
0,2026-01-17,5.47,9100.44,34348.38,-7.0,-3.5
0,2026-01-18,10.26,28983.10,34451.15,-7.7,-5.6
0,2026-01-19,4.80,3692.83,34556.26,-6.2,-2.8
0,2026-01-20,9.88,28904.90,34663.58,-10.9,-9.6
0,2026-01-21,10.21,32624.41,34772.98,-14.4,-10.4
0,2026-01-22,10.90,32246.85,34884.54,-12.9,-9.6
0,2026-01-23,9.96,32004.36,34999.48,-10.9,-9.3
0,2026-01-24,10.66,33337.27,35117.80,-12.5,-10.1
0,2026-01-25,11.31,32387.66,35239.31,-11.7,-10.1
0,2026-01-26,8.83,19985.11,35363.82,-8.6,-7.4
0,2026-01-27,7.51,6369.94,35491.13,-8.9,-4.3
0,2026-01-28,11.36,30455.63,35621.05,-8.8,-5.7
0,2026-01-29,10.45,31401.19,35753.41,-9.8,-5.1
0,2026-01-30,11.12,35052.50,35888.00,-9.6,-7.3
0,2026-01-31,11.48,34348.31,36024.67,-6.9,-5.4
1,2021-01-01,6.45,26913.73,33288.22,-14.2,-12.8
1,2021-01-02,6.53,23484.17,33335.40,-10.8,-8.8
1,2021-01-03,6.20,24186.80,33386.23,-8.6,-6.9
1,2021-01-04,7.53,31733.87,33440.63,-9.3,-7.8
1,2021-01-05,6.60,24764.97,33498.55,-9.1,-8.2
1,2021-01-06,6.63,28396.70,33559.92,-9.3,-7.9
1,2021-01-07,5.04,15067.79,33624.67,-9.5,-6.5
1,2021-01-08,8.33,31766.09,33692.88,-11.6,-10.3
1,2021-01-09,8.29,28800.00,33765.33,-10.8,-9.3
1,2021-01-10,5.61,19552.98,33841.98,-10.0,-8.2
1,2021-01-11,7.57,30192.44,33922.66,-7.7,-2.9
1,2021-01-12,6.96,21676.51,34007.21,-1.5,2.3
1,2021-01-13,7.62,30969.05,34095.45,-2.3,0.8
1,2021-01-14,8.41,30714.02,34187.22,-9.4,-5.4
1,2021-01-15,8.45,27532.61,34282.33,-2.7,5.5
1,2021-01-16,8.12,30607.12,34380.63,-3.8,1.6
1,2021-01-17,8.92,30170.16,34481.95,-9.2,-5.6
1,2021-01-18,5.94,15643.89,34586.13,-8.9,-7.5
1,2021-01-19,7.42,23726.37,34692.99,-12.1,-10.2
1,2021-01-20,3.78,3285.83,34802.39,-4.6,2.4
1,2021-01-21,10.10,31312.33,34914.17,-0.3,1.9
1,2021-01-22,6.92,22519.26,35028.16,-5.4,-1.6
1,2021-01-23,6.56,26268.93,35144.22,-5.4,-3.1
1,2021-01-24,10.17,34518.46,35262.19,-2.2,-0.3
1,2021-01-25,9.06,31297.74,35381.93,-1.2,0.6
1,2021-01-26,8.20,29589.54,35503.29,2.1,5.1
1,2021-01-27,7.58,22142.76,35626.14,-6.1,4.2
1,2021-01-28,5.96,4098.00,35750.56,-4.5,1.1
1,2021-01-29,7.94,24168.56,35877.84,-5.2,-2.1
1,2021-01-30,8.38,23928.52,36008.03,-8.2,-3.8
1,2021-01-31,4.45,2398.95,36140.94,-9.4,-4.3
1,2021-02-01,7.35,13404.55,36276.38,0.9,5.8
1,2021-02-02,8.08,21600.00,36414.16,-11.5,-4.0
1,2021-02-03,8.39,23745.33,36554.10,-12.3,-10.6
1,2021-02-04,7.85,17639.11,36696.04,-12.4,-9.5
1,2021-02-05,6.55,18595.34,36839.79,-4.2,0.7
1,2021-02-06,8.92,29212.37,36985.18,-0.5,1.3
1,2021-02-07,10.86,32285.81,37132.04,-8.4,-3.4
1,2021-02-08,10.80,35963.11,37280.21,-11.2,-9.6
1,2021-02-09,11.15,32400.00,37429.54,-9.3,-7.2
1,2021-02-10,5.44,5345.87,37579.86,-6.3,-5.4
1,2021-02-11,7.96,17616.98,37731.03,-6.4,-4.8
1,2021-02-12,13.70,36000.00,37882.88,-3.2,-0.3
1,2021-02-13,13.67,33435.72,38035.27,-0.4,4.0
1,2021-02-14,7.87,14487.26,38188.06,3.7,5.3
1,2021-02-15,3.08,0.00,38341.10,3.0,6.0
1,2021-02-16,9.21,31814.29,38494.26,-9.1,-5.4
1,2021-02-17,11.96,36000.00,38647.62,-7.8,-3.9
1,2021-02-18,9.33,24924.20,38802.57,-3.9,-1.9
1,2021-02-19,8.33,18602.60,38959.18,-0.4,4.6
1,2021-02-20,6.47,7608.39,39117.30,-3.6,2.1
1,2021-02-21,12.33,29528.24,39276.81,-5.5,-1.9
1,2021-02-22,11.89,28800.00,39437.54,-0.7,1.6
1,2021-02-23,13.66,36268.34,39599.37,-10.0,-8.2
1,2021-02-24,12.60,32400.00,39762.16,-11.7,-11.1
1,2021-02-25,11.74,32173.79,39925.77,-5.6,-0.6
1,2021-02-26,8.27,18938.04,40090.07,-9.4,-8.3
1,2021-02-27,14.72,36893.89,40254.93,-6.4,-3.0
1,2021-02-28,13.63,32400.00,40420.22,2.0,6.6
1,2021-03-01,5.79,3492.59,40585.82,1.3,3.5
1,2021-03-02,3.10,4776.26,40751.60,-3.6,1.4
1,2021-03-03,10.34,22505.09,40917.44,-6.3,-1.9
1,2021-03-04,15.16,36445.42,41083.22,1.0,6.8
1,2021-03-05,15.40,32430.23,41248.81,4.2,8.5
1,2021-03-06,11.20,28647.40,41414.10,-10.1,-6.2
1,2021-03-07,12.09,31829.15,41578.96,-7.8,-5.5
1,2021-03-08,11.46,26227.72,41743.28,-5.6,-4.3
1,2021-03-09,16.10,35725.68,41907.17,-1.0,4.3
1,2021-03-10,14.07,39584.99,42071.87,-3.4,-1.0
1,2021-03-11,14.09,26180.25,42237.48,0.7,6.0
1,2021-03-12,17.17,40308.14,42403.90,-1.3,5.3
1,2021-03-13,11.56,18000.00,42571.01,1.8,3.3
1,2021-03-14,6.58,10800.00,42738.73,1.5,4.5
1,2021-03-15,18.46,41077.25,42906.91,2.5,5.2
1,2021-03-16,8.18,15872.78,43075.47,1.2,6.3
1,2021-03-17,7.93,14205.86,43244.28,-0.9,1.6
1,2021-03-18,8.88,11912.82,43413.26,-1.9,-1.3
1,2021-03-19,14.80,38933.93,43582.28,-3.2,-1.5
1,2021-03-20,14.81,29804.12,43751.25,0.8,4.7
1,2021-03-21,2.83,7200.00,43920.05,4.4,7.8
1,2021-03-22,17.15,41499.71,44088.58,-2.4,1.4
1,2021-03-23,18.22,41466.58,44256.73,0.9,6.7
1,2021-03-24,17.49,31372.49,44424.39,8.4,8.9
1,2021-03-25,9.96,15120.25,44591.45,6.9,7.9
1,2021-03-26,17.76,40293.63,44757.80,1.6,5.1
1,2021-03-27,18.17,40422.82,44923.33,0.4,2.8
1,2021-03-28,12.05,21600.00,45087.94,6.3,10.5
1,2021-03-29,12.84,32397.22,45251.70,7.6,11.3
1,2021-03-30,19.38,39600.00,45415.79,4.2,6.3
1,2021-03-31,21.10,43392.27,45580.31,3.7,4.8
1,2021-04-01,21.65,43715.19,45745.16,0.5,3.8
1,2021-04-02,18.37,38152.93,45910.25,2.1,5.8
1,2021-04-03,13.17,28142.36,46075.46,7.9,9.8
1,2021-04-04,4.05,3818.80,46240.69,6.2,8.4
1,2021-04-05,22.35,44446.43,46405.86,0.5,2.2
1,2021-04-06,19.88,35516.31,46570.83,-0.4,2.3
1,2021-04-07,20.96,43889.68,46735.52,-0.4,5.7
1,2021-04-08,20.91,40087.27,46899.81,-5.3,-1.5
1,2021-04-09,18.88,43200.00,47063.59,-2.8,-0.6
1,2021-04-10,19.70,44660.28,47226.75,-0.6,2.9
1,2021-04-11,22.92,46029.78,47389.18,1.9,3.7
1,2021-04-12,20.92,34162.09,47550.76,1.4,9.2
1,2021-04-13,4.62,1670.84,47711.38,6.4,10.8
1,2021-04-14,18.03,42312.87,47870.92,-4.1,-0.9
1,2021-04-15,21.57,43993.38,48029.24,2.9,4.9
1,2021-04-16,18.37,28800.00,48186.24,4.8,7.9
1,2021-04-17,4.54,66.29,48341.78,10.2,11.2
1,2021-04-18,7.40,5548.82,48495.94,6.0,11.2
1,2021-04-19,21.92,45086.47,48649.83,6.1,8.4
1,2021-04-20,23.81,46800.00,48803.55,-0.5,9.0
1,2021-04-21,25.02,46800.00,48956.99,-1.2,4.7
1,2021-04-22,24.49,46800.00,49110.04,2.4,4.8
1,2021-04-23,24.43,46319.12,49262.60,3.7,6.2
1,2021-04-24,19.61,36118.49,49414.53,3.7,6.0
1,2021-04-25,23.45,46800.00,49565.73,-1.1,1.7
1,2021-04-26,24.77,46800.00,49716.07,-1.8,1.3
1,2021-04-27,24.44,41645.74,49865.44,1.7,4.2
1,2021-04-28,15.66,29056.63,50013.70,9.1,11.5
1,2021-04-29,9.68,888.91,50160.74,6.8,8.9
1,2021-04-30,18.00,38119.47,50306.41,5.1,7.0
1,2021-05-01,19.36,23883.90,50450.59,4.1,4.8
1,2021-05-02,17.94,39992.65,50593.13,3.1,6.2
1,2021-05-03,18.82,41791.13,50733.90,4.8,7.6
1,2021-05-04,24.74,41557.58,50872.76,7.8,10.2
1,2021-05-05,10.41,15275.37,51009.56,9.0,11.4
1,2021-05-06,26.20,46117.39,51144.15,8.4,9.6
1,2021-05-07,23.82,36551.36,51276.39,7.6,11.6
1,2021-05-08,24.07,36456.98,51406.30,8.4,10.1
1,2021-05-09,18.32,27164.60,51534.91,7.2,12.3
1,2021-05-10,14.14,26790.56,51662.30,5.5,6.6
1,2021-05-11,20.13,46413.81,51788.35,6.9,8.0
1,2021-05-12,24.56,36680.72,51912.96,7.8,9.1
1,2021-05-13,12.87,13189.30,52035.97,10.5,12.8
1,2021-05-14,26.75,47761.47,52157.30,8.1,12.0
1,2021-05-15,24.83,36936.56,52276.79,8.3,14.1
1,2021-05-16,6.81,889.02,52394.34,15.5,17.2
1,2021-05-17,15.54,32738.43,52509.80,12.0,15.6
1,2021-05-18,23.96,36295.51,52623.04,9.3,10.7
1,2021-05-19,13.33,17721.76,52733.94,12.8,14.5
1,2021-05-20,23.67,31218.49,52842.34,11.9,13.0
1,2021-05-21,6.04,255.15,52948.12,12.1,13.3
1,2021-05-22,9.15,4058.48,53051.14,11.1,12.1
1,2021-05-23,13.19,23824.29,53151.25,12.5,13.5
1,2021-05-24,10.79,7302.90,53248.31,12.7,13.7
1,2021-05-25,21.85,40276.20,53342.17,10.8,14.1
1,2021-05-26,26.85,46265.87,53432.69,10.3,12.4
1,2021-05-27,16.82,23212.64,53519.71,10.7,14.1
1,2021-05-28,19.85,36000.00,53603.24,11.5,13.1
1,2021-05-29,16.83,32617.95,53683.98,12.9,14.7
1,2021-05-30,15.15,31723.10,53761.97,8.6,12.4
1,2021-05-31,25.77,48021.32,53837.15,7.0,8.0
1,2021-06-01,24.84,40402.51,53909.44,7.7,11.5
1,2021-06-02,27.74,51147.81,53978.75,10.8,12.3
1,2021-06-03,22.40,27863.52,54045.01,13.6,15.3
1,2021-06-04,6.04,11158.98,54108.14,14.0,17.2
1,2021-06-05,26.24,47869.00,54168.05,13.8,14.4
1,2021-06-06,24.33,48608.96,54224.67,14.0,15.9
1,2021-06-07,26.96,50046.43,54277.93,12.9,14.3
1,2021-06-08,22.66,49593.09,54327.75,13.8,15.4
1,2021-06-09,26.60,50381.82,54374.04,14.3,15.7
1,2021-06-10,27.11,48752.89,54416.74,14.6,16.9
1,2021-06-11,22.94,34668.61,54455.77,15.9,20.0
1,2021-06-12,11.19,10464.70,54491.06,17.2,17.8
1,2021-06-13,23.27,46697.74,54522.54,15.2,16.4
1,2021-06-14,26.02,49398.87,54550.12,15.5,16.5
1,2021-06-15,18.74,40221.45,54573.76,14.5,15.6
1,2021-06-16,19.56,48572.28,54593.37,14.4,15.0
1,2021-06-17,26.36,50400.00,54608.92,14.0,15.1
1,2021-06-18,22.30,34668.85,54620.52,13.7,14.5
1,2021-06-19,12.28,26109.92,54628.20,14.8,16.0
1,2021-06-20,18.08,31720.71,54632.00,14.3,15.2
1,2021-06-21,17.48,42999.83,54631.94,14.2,14.6
1,2021-06-22,24.16,45841.83,54628.05,14.6,17.0
1,2021-06-23,17.46,41073.38,54620.36,16.4,17.9
1,2021-06-24,26.05,51078.57,54608.90,14.7,17.8
1,2021-06-25,28.28,51791.68,54593.71,13.8,15.0
1,2021-06-26,28.57,51802.21,54574.82,14.9,15.9
1,2021-06-27,26.74,47239.55,54552.27,16.8,19.0
1,2021-06-28,25.84,43495.00,54526.11,16.0,18.7
1,2021-06-29,16.27,24830.77,54496.37,16.1,17.4
1,2021-06-30,26.65,50327.01,54463.09,16.1,17.0
1,2021-07-01,24.84,47299.74,54426.31,17.7,20.2
1,2021-07-02,23.37,37129.15,54386.10,16.9,18.3
1,2021-07-03,25.47,47820.20,54342.48,14.8,16.0
1,2021-07-04,18.04,26973.79,54295.52,15.6,18.9
1,2021-07-05,12.42,8811.11,54245.24,19.2,21.5
1,2021-07-06,19.23,46045.04,54191.72,16.9,17.4
1,2021-07-07,24.69,45373.66,54134.89,17.6,18.6
1,2021-07-08,20.50,47489.56,54074.21,18.2,18.6
1,2021-07-09,18.97,36910.85,54009.71,18.1,18.6
1,2021-07-10,12.97,20342.56,53941.51,18.9,19.6
1,2021-07-11,21.79,49080.69,53869.74,19.5,20.1
1,2021-07-12,24.85,49810.54,53794.53,19.6,20.5
1,2021-07-13,24.59,48329.09,53716.00,18.7,19.4
1,2021-07-14,25.06,50400.00,53634.28,18.1,18.7
1,2021-07-15,26.41,50400.00,53549.51,19.2,20.5
1,2021-07-16,26.91,50400.00,53461.79,20.7,21.9
1,2021-07-17,27.31,50417.25,53371.26,21.4,22.5
1,2021-07-18,27.41,50440.87,53278.04,20.7,22.3
1,2021-07-19,26.91,50464.81,53182.25,21.1,22.1
1,2021-07-20,25.77,50400.00,53084.01,21.3,22.9
1,2021-07-21,24.53,45438.50,52983.45,21.8,23.5
1,2021-07-22,21.45,47659.74,52880.68,21.3,21.7
1,2021-07-23,24.83,49606.46,52775.81,21.5,22.0
1,2021-07-24,24.87,49497.37,52668.97,21.6,22.5
1,2021-07-25,25.73,50349.91,52560.26,21.2,22.1
1,2021-07-26,26.70,49344.45,52449.80,18.4,19.4
1,2021-07-27,18.03,40463.60,52337.52,20.9,21.6
1,2021-07-28,16.98,42650.31,52222.47,22.3,22.8
1,2021-07-29,23.09,50109.28,52104.64,21.8,22.5
1,2021-07-30,24.02,47901.93,51984.19,22.0,22.8
1,2021-07-31,23.46,41501.77,51861.25,20.9,21.6
1,2021-08-01,11.30,16757.78,51735.99,22.7,23.7
1,2021-08-02,18.86,41991.99,51608.55,23.4,25.2
1,2021-08-03,22.32,39444.01,51479.07,23.6,24.4
1,2021-08-04,16.85,40658.88,51347.71,23.1,24.5
1,2021-08-05,24.16,48311.89,51214.58,23.5,24.5
1,2021-08-06,25.19,48667.94,51079.85,23.8,25.0
1,2021-08-07,23.62,47372.74,50943.63,23.4,24.8
1,2021-08-08,21.11,36631.76,50806.06,23.0,24.0
1,2021-08-09,5.40,0.00,50667.26,19.8,21.1
1,2021-08-10,6.71,9373.48,50527.37,17.5,19.8
1,2021-08-11,16.48,36448.99,50386.51,15.5,17.3
1,2021-08-12,15.04,34475.10,50244.80,16.0,16.8
1,2021-08-13,12.15,20218.85,50102.35,14.7,15.9
1,2021-08-14,10.62,6554.21,49959.28,13.9,14.5
1,2021-08-15,13.38,24260.97,49815.70,14.9,15.7
1,2021-08-16,18.90,43200.00,49671.53,16.0,17.4
1,2021-08-17,14.60,20966.16,49525.70,18.3,19.5
1,2021-08-18,9.38,11919.79,49378.17,20.0,21.4
1,2021-08-19,18.62,35995.77,49229.04,18.7,20.1
1,2021-08-20,23.18,46569.64,49078.45,19.2,20.5
1,2021-08-21,13.50,25252.99,48926.53,20.6,21.3
1,2021-08-22,6.42,5932.45,48773.40,22.3,23.1
1,2021-08-23,18.99,40689.99,48619.19,21.9,25.7
1,2021-08-24,14.67,25200.00,48464.01,20.2,21.4
1,2021-08-25,13.49,32857.43,48307.97,22.7,24.1
1,2021-08-26,17.61,38165.00,48151.19,20.4,21.3
1,2021-08-27,13.56,30042.96,47993.78,20.9,22.8
1,2021-08-28,21.48,46381.86,47835.85,19.7,20.8
1,2021-08-29,20.95,39366.21,47677.51,20.0,21.7
1,2021-08-30,21.87,46261.28,47518.87,18.1,21.4
1,2021-08-31,22.26,43577.14,47360.02,13.6,15.5
1,2021-09-01,18.43,45753.13,47201.06,15.4,16.8
1,2021-09-02,18.93,46080.79,47042.11,16.1,16.7
1,2021-09-03,21.32,44569.03,46883.26,15.4,16.0
1,2021-09-04,20.12,45213.23,46724.59,14.2,15.1
1,2021-09-05,21.22,41797.45,46566.03,14.1,14.7
1,2021-09-06,18.04,44035.10,46406.49,15.2,16.3
1,2021-09-07,15.42,29978.37,46245.88,13.6,14.6
1,2021-09-08,8.28,18140.00,46084.32,15.3,17.3
1,2021-09-09,18.55,43219.00,45921.92,17.8,18.5
1,2021-09-10,20.73,41093.76,45758.76,17.1,18.7
1,2021-09-11,18.10,36479.67,45594.98,18.8,19.6
1,2021-09-12,10.95,30136.91,45430.65,14.9,19.5
1,2021-09-13,18.39,38220.32,45265.89,11.8,14.0
1,2021-09-14,16.24,39959.63,45100.80,11.1,12.7
1,2021-09-15,17.58,42107.74,44935.46,12.0,12.5
1,2021-09-16,13.94,32915.82,44770.00,12.3,13.0
1,2021-09-17,11.70,20530.95,44604.49,15.4,17.6
1,2021-09-18,15.31,38139.21,44439.05,15.9,18.2
1,2021-09-19,19.54,39896.06,44273.76,13.6,15.9
1,2021-09-20,18.28,40679.08,44108.72,14.4,16.9
1,2021-09-21,14.34,37555.93,43944.03,16.1,17.6
1,2021-09-22,7.03,14997.66,43779.78,19.9,21.5
1,2021-09-23,9.66,30743.14,43616.08,18.0,19.7
1,2021-09-24,16.28,39783.19,43453.00,10.1,13.1
1,2021-09-25,18.14,34893.98,43290.47,11.1,12.2
1,2021-09-26,14.61,35123.92,43127.33,14.0,15.5
1,2021-09-27,17.84,39157.01,42963.50,13.9,14.9
1,2021-09-28,14.03,39600.00,42799.07,15.9,17.0
1,2021-09-29,14.40,25200.00,42634.17,16.9,19.9
1,2021-09-30,3.82,7200.00,42468.89,18.1,20.6
1,2021-10-01,12.66,26718.89,42303.35,15.0,17.6
1,2021-10-02,13.33,39600.00,42137.64,10.9,15.2
1,2021-10-03,14.80,39600.00,41971.87,14.9,19.3
1,2021-10-04,14.57,29210.92,41806.17,17.7,19.9
1,2021-10-05,3.62,7200.00,41640.62,14.7,17.4
1,2021-10-06,15.13,32564.95,41475.35,6.9,11.0
1,2021-10-07,6.35,11352.87,41310.45,11.4,14.2
1,2021-10-08,14.47,34421.68,41146.06,10.0,10.9
1,2021-10-09,15.47,39600.00,40982.26,10.8,14.9
1,2021-10-10,10.74,30194.90,40819.18,18.0,20.1
1,2021-10-11,4.54,7200.00,40656.95,9.2,14.3
1,2021-10-12,15.09,39548.71,40495.66,9.4,11.6
1,2021-10-13,12.83,39453.93,40335.44,9.5,11.1
1,2021-10-14,13.96,30600.31,40176.42,12.5,15.3
1,2021-10-15,5.64,12416.20,40018.48,8.5,14.3
1,2021-10-16,4.54,4584.69,39860.38,7.9,12.9
1,2021-10-17,12.78,38643.51,39702.02,1.4,3.2
1,2021-10-18,10.85,30446.58,39543.52,2.8,7.2
1,2021-10-19,8.27,21600.00,39385.01,10.4,12.1
1,2021-10-20,4.74,7071.82,39226.62,7.3,11.5
1,2021-10-21,11.06,33527.16,39068.47,4.3,5.5
1,2021-10-22,10.52,35709.29,38910.70,3.3,4.9
1,2021-10-23,12.02,35973.69,38753.44,2.6,6.3
1,2021-10-24,12.93,36916.95,38596.83,7.1,8.8
1,2021-10-25,11.70,28800.00,38441.00,8.4,10.5
1,2021-10-26,8.87,32547.33,38286.10,10.5,12.6
1,2021-10-27,8.22,23600.03,38132.26,9.7,12.7
1,2021-10-28,11.10,35131.31,37979.65,5.7,6.9
1,2021-10-29,10.18,35476.63,37828.39,4.8,5.9
1,2021-10-30,11.44,28800.00,37678.66,5.9,9.2
1,2021-10-31,7.03,17441.29,37530.59,9.1,10.4
1,2021-11-01,11.37,30198.03,37384.36,9.2,12.2
1,2021-11-02,7.05,26573.51,37240.12,11.0,12.0
1,2021-11-03,7.66,28971.51,37098.05,8.6,9.8
1,2021-11-04,10.26,32400.00,36958.05,7.7,8.7
1,2021-11-05,10.21,32918.31,36818.80,6.9,9.1
1,2021-11-06,10.67,32959.04,36680.21,5.2,7.7
1,2021-11-07,8.55,32400.00,36542.42,7.7,9.8
1,2021-11-08,8.88,25395.43,36405.56,10.8,13.3
1,2021-11-09,2.19,1533.14,36269.82,11.0,15.3
1,2021-11-10,8.50,25200.00,36135.33,6.3,9.2
1,2021-11-11,6.59,31026.49,36002.26,4.2,7.2
1,2021-11-12,7.61,25574.70,35870.76,1.4,2.7
1,2021-11-13,5.45,13539.29,35740.99,4.6,10.1
1,2021-11-14,3.34,5728.64,35613.15,5.9,10.4
1,2021-11-15,6.51,28800.00,35487.38,-0.7,3.9
1,2021-11-16,7.16,30696.46,35363.86,-1.8,-0.6
1,2021-11-17,7.42,32400.00,35242.78,0.7,5.7
1,2021-11-18,4.06,11930.11,35124.31,8.5,11.2
1,2021-11-19,5.43,23823.83,35008.63,2.9,11.2
1,2021-11-20,8.58,31119.97,34895.94,-0.3,1.2
1,2021-11-21,4.87,11818.80,34786.41,4.6,8.3
1,2021-11-22,2.38,3600.00,34680.25,5.5,12.9
1,2021-11-23,5.68,18502.30,34577.64,-2.2,-0.2
1,2021-11-24,7.35,32333.37,34478.56,-2.9,-1.1
1,2021-11-25,8.43,32400.00,34381.90,-2.8,-0.6
1,2021-11-26,8.13,28800.00,34287.58,-2.6,0.0
1,2021-11-27,7.21,32400.00,34195.69,0.4,1.6
1,2021-11-28,8.36,28800.00,34106.39,0.3,3.0
1,2021-11-29,4.98,19482.20,34019.78,6.2,8.6
1,2021-11-30,7.11,27588.18,33936.01,8.0,11.6
1,2021-12-01,3.74,17792.82,33855.18,-2.1,10.1
1,2021-12-02,6.98,25584.17,33777.44,-0.1,6.2
1,2021-12-03,3.35,10729.48,33702.91,2.7,7.3
1,2021-12-04,4.63,8529.97,33631.73,-6.4,-3.0
1,2021-12-05,4.89,19199.14,33564.02,-1.9,2.7
1,2021-12-06,3.50,5567.95,33499.91,5.1,7.0
1,2021-12-07,6.87,26302.25,33439.54,2.6,6.6
1,2021-12-08,5.89,21457.05,33383.03,-0.7,1.1
1,2021-12-09,8.43,32400.00,33330.52,1.8,4.4
1,2021-12-10,7.13,27202.20,33282.13,4.3,5.8
1,2021-12-11,4.90,24700.51,33237.99,2.9,6.1
1,2021-12-12,3.26,10664.58,33198.23,-1.1,8.4
1,2021-12-13,6.93,26630.43,33162.97,-5.5,-2.3
1,2021-12-14,4.54,13049.05,33132.26,2.7,5.7
1,2021-12-15,7.39,28800.00,33105.69,-2.0,1.5
1,2021-12-16,2.07,1062.94,33083.18,1.9,3.7
1,2021-12-17,3.17,2602.57,33064.74,-6.8,3.2
1,2021-12-18,6.79,31677.46,33050.38,-10.6,-6.7
1,2021-12-19,7.22,31809.65,33040.08,-5.2,-3.7
1,2021-12-20,7.75,28350.08,33033.83,-1.3,2.7
1,2021-12-21,7.33,29553.23,33031.65,-4.1,2.4
1,2021-12-22,7.32,31900.61,33033.50,-6.3,-3.8
1,2021-12-23,5.76,20249.83,33039.38,-7.2,-6.5
1,2021-12-24,3.15,3493.18,33049.30,-7.1,-5.6
1,2021-12-25,5.12,15432.73,33063.21,-12.5,-8.4
1,2021-12-26,5.85,15451.43,33081.11,-10.5,-7.8
1,2021-12-27,6.83,26161.32,33102.98,-10.1,-8.8
1,2021-12-28,7.55,27443.04,33128.80,-7.4,-3.0
1,2021-12-29,2.45,2306.83,33158.55,-0.6,1.8
1,2021-12-30,6.85,27132.32,33192.19,-8.8,-3.1
1,2021-12-31,7.27,28543.96,33229.72,-13.3,-12.4
1,2022-01-01,6.86,28509.77,33271.09,-8.3,-5.2
1,2022-01-02,4.92,15626.78,33316.27,-5.8,0.8
1,2022-01-03,7.06,29231.14,33365.35,-9.9,-8.5
1,2022-01-04,7.57,31380.85,33418.86,-10.2,-8.0
1,2022-01-05,8.02,29901.44,33476.79,-5.6,-4.7
1,2022-01-06,6.34,24719.67,33538.97,-4.3,-3.4
1,2022-01-07,7.16,23344.97,33605.26,-5.3,-4.2
1,2022-01-08,5.88,19669.84,33675.50,-0.5,3.2
1,2022-01-09,5.73,20613.85,33749.56,-5.4,-3.5
1,2022-01-10,6.54,26904.22,33827.27,-4.9,-1.5
1,2022-01-11,2.75,3016.00,33908.51,-1.4,2.6
1,2022-01-12,5.72,13848.74,33993.11,-3.9,-0.9
1,2022-01-13,7.27,23024.18,34080.93,-5.2,-4.3
1,2022-01-14,7.33,25200.00,34171.83,-4.1,-3.1
1,2022-01-15,6.46,14980.43,34265.65,-3.9,-2.7
1,2022-01-16,2.58,3138.17,34362.27,-0.7,1.4
1,2022-01-17,8.92,30431.68,34461.53,-7.2,-4.8
1,2022-01-18,8.46,32076.48,34563.29,-7.2,-4.1
1,2022-01-19,9.55,25200.00,34667.43,-4.0,-1.3
1,2022-01-20,3.59,3273.37,34773.80,-6.7,-2.7
1,2022-01-21,9.91,30509.85,34882.27,-6.7,-5.2
1,2022-01-22,5.07,5949.65,34992.70,-5.0,-4.1
1,2022-01-23,5.13,12272.58,35105.19,-3.3,-1.6
1,2022-01-24,6.51,19261.75,35220.94,-4.8,-3.7
1,2022-01-25,7.17,17990.76,35339.97,-3.6,-2.0
1,2022-01-26,7.13,22967.90,35462.10,-2.4,-0.2
1,2022-01-27,9.29,32633.05,35587.13,-4.5,-3.2
1,2022-01-28,8.06,34149.43,35714.86,-6.8,-5.1
1,2022-01-29,9.04,28927.40,35845.11,-9.5,-6.8
1,2022-01-30,10.19,33714.52,35977.70,-11.2,-10.5
1,2022-01-31,9.31,31217.59,36112.44,-10.1,-7.2
1,2022-02-01,8.22,28776.69,36249.17,-6.3,-5.4
1,2022-02-02,9.01,32400.00,36387.70,-6.0,-4.6
1,2022-02-03,10.87,34323.62,36527.86,-8.1,-7.1
1,2022-02-04,9.16,26196.56,36669.49,-8.1,-7.2
1,2022-02-05,9.89,33775.99,36812.43,-8.0,-7.0
1,2022-02-06,10.18,32171.30,36956.51,-7.4,-6.8
1,2022-02-07,6.81,11907.51,37101.59,-7.2,-6.4
1,2022-02-08,6.57,8609.97,37247.49,-6.5,-6.1
1,2022-02-09,9.28,31053.49,37394.08,-5.3,-4.1
1,2022-02-10,7.44,15821.86,37541.21,-4.3,-2.7
1,2022-02-11,12.70,36000.00,37688.72,-4.6,-2.9
1,2022-02-12,11.21,29617.55,37836.74,-3.9,-0.8
1,2022-02-13,10.03,29237.94,37986.60,-5.5,-3.2
1,2022-02-14,13.47,33381.99,38138.42,-3.8,-1.9
1,2022-02-15,6.31,3455.07,38292.03,-1.7,-0.3
1,2022-02-16,10.00,29071.53,38447.27,-1.6,-0.3
1,2022-02-17,11.78,35900.96,38603.97,-3.3,-1.7
1,2022-02-18,12.85,32400.00,38762.01,-5.5,-4.3
1,2022-02-19,9.09,12058.85,38921.22,-1.9,1.0
1,2022-02-20,14.13,32835.35,39081.47,-8.0,-5.0
1,2022-02-21,12.46,32993.56,39242.60,-8.9,-8.1
1,2022-02-22,14.27,33622.70,39404.49,-7.7,-6.5
1,2022-02-23,11.57,31506.84,39566.99,-7.0,-6.3
1,2022-02-24,8.09,7388.56,39729.96,-6.6,-5.8
1,2022-02-25,9.28,21839.72,39893.28,-3.8,-0.2
1,2022-02-26,12.41,27035.02,40056.81,1.4,3.1
1,2022-02-27,9.90,21600.00,40220.43,-3.7,1.6
1,2022-02-28,15.56,32400.00,40384.00,-5.1,-2.0
1,2022-03-01,5.80,4187.30,40547.40,-1.3,2.4
1,2022-03-02,12.74,24699.84,40710.51,-3.3,-0.0
1,2022-03-03,12.36,28410.17,40873.21,-4.0,0.8
1,2022-03-04,13.96,31201.70,41035.58,-3.6,-1.3
1,2022-03-05,5.55,11940.72,41198.92,-2.1,2.9
1,2022-03-06,13.01,30329.65,41363.34,-3.1,-1.3
1,2022-03-07,14.00,26499.70,41528.70,-3.2,-2.3
1,2022-03-08,11.85,30698.89,41694.91,-3.2,-2.2
1,2022-03-09,17.92,40124.11,41861.84,-1.9,-0.5
1,2022-03-10,17.87,36995.06,42029.37,0.1,1.6
1,2022-03-11,11.86,25719.53,42197.40,2.1,6.0
1,2022-03-12,17.36,33733.59,42365.82,-2.1,-0.2
1,2022-03-13,7.02,1129.95,42534.51,1.1,1.9
1,2022-03-14,7.83,6073.91,42703.36,1.1,1.9
1,2022-03-15,5.13,3899.35,42872.26,1.8,4.1
1,2022-03-16,10.47,20848.69,43041.10,-0.3,0.4
1,2022-03-17,14.48,35557.71,43209.79,-2.4,-0.2
1,2022-03-18,15.58,28647.63,43378.19,-2.7,-0.0
1,2022-03-19,7.50,4930.42,43546.21,-1.4,0.5
1,2022-03-20,14.56,39600.00,43713.74,-4.2,-2.2
1,2022-03-21,18.98,42155.23,43880.66,-6.8,-3.9
1,2022-03-22,19.96,42530.74,44046.87,-3.3,-0.9
1,2022-03-23,15.96,29126.65,44212.25,-1.3,1.3
1,2022-03-24,17.11,32400.00,44376.90,0.8,3.5
1,2022-03-25,17.65,25200.00,44542.01,0.8,3.2
1,2022-03-26,6.32,2247.36,44707.66,5.3,10.7
1,2022-03-27,20.22,42857.74,44873.78,1.1,2.7
1,2022-03-28,20.87,42922.89,45040.26,-1.7,0.8
1,2022-03-29,21.34,42987.98,45206.99,1.3,5.1
1,2022-03-30,17.94,28800.00,45373.87,2.0,4.7
1,2022-03-31,21.18,43117.97,45540.80,-5.2,-2.1
1,2022-04-01,19.86,43182.87,45707.67,-6.5,-4.4
1,2022-04-02,19.65,43677.14,45874.38,-2.5,0.0
1,2022-04-03,22.04,43935.44,46040.82,-2.1,1.4
1,2022-04-04,22.11,43886.78,46206.90,-1.2,6.0
1,2022-04-05,21.56,43200.00,46372.49,6.4,7.2
1,2022-04-06,16.98,37413.48,46537.48,-2.4,7.4
1,2022-04-07,17.29,25671.52,46701.78,-0.9,2.4
1,2022-04-08,17.83,44198.77,46865.25,0.7,4.1
1,2022-04-09,21.49,42566.63,47027.80,6.2,9.3
1,2022-04-10,20.25,44392.83,47189.30,8.3,10.3
1,2022-04-11,22.34,45419.99,47349.62,7.9,8.8
1,2022-04-12,19.39,31634.48,47508.65,8.8,10.8
1,2022-04-13,6.76,3600.00,47666.48,2.8,9.0
1,2022-04-14,13.32,19821.88,47824.22,2.1,3.4
1,2022-04-15,7.84,13581.86,47981.98,2.3,3.2
1,2022-04-16,23.85,46463.23,48139.67,2.1,6.3
1,2022-04-17,18.26,36274.25,48297.15,6.2,7.1
1,2022-04-18,17.02,29521.18,48454.34,4.0,8.3
1,2022-04-19,24.45,46800.00,48611.12,1.6,3.9
1,2022-04-20,24.13,46800.00,48767.37,0.3,6.6
1,2022-04-21,22.86,36000.00,48922.97,6.4,11.8
1,2022-04-22,19.41,33823.04,49077.82,9.6,12.1
1,2022-04-23,23.27,44491.24,49231.79,4.6,7.0
1,2022-04-24,24.30,45459.61,49384.76,5.9,9.0
1,2022-04-25,22.02,37323.61,49536.60,9.3,11.6
1,2022-04-26,13.02,15085.31,49687.18,10.9,12.5
1,2022-04-27,24.64,46800.00,49836.38,4.1,5.7
1,2022-04-28,23.93,36941.04,49984.05,-1.9,3.6
1,2022-04-29,10.82,12038.28,50130.07,-0.3,5.3
1,2022-04-30,23.98,36000.00,50274.29,-1.0,5.9
1,2022-05-01,10.74,14860.21,50416.56,5.3,7.5
1,2022-05-02,21.11,45979.00,50556.75,3.0,3.6
1,2022-05-03,21.88,41108.40,50694.90,6.4,10.1
1,2022-05-04,19.00,37435.37,50832.08,5.7,9.8
1,2022-05-05,22.25,46800.00,50968.36,8.2,10.0
1,2022-05-06,25.91,46991.67,51103.64,7.7,11.7
1,2022-05-07,14.46,26486.97,51237.78,8.9,13.9
1,2022-05-08,26.19,46934.98,51370.68,4.9,7.1
1,2022-05-09,26.07,47235.45,51502.21,8.3,10.1
1,2022-05-10,26.64,47537.53,51632.23,3.2,9.0
1,2022-05-11,24.43,38616.30,51760.63,6.1,9.8
1,2022-05-12,17.41,21877.46,51887.27,12.7,14.7
1,2022-05-13,10.22,5171.28,52012.01,14.5,16.2
1,2022-05-14,14.14,22219.27,52134.73,8.7,14.5
1,2022-05-15,23.36,47273.99,52255.27,8.2,9.4
1,2022-05-16,26.39,48383.23,52373.51,6.8,8.6
1,2022-05-17,27.06,48025.85,52489.29,6.8,10.1
1,2022-05-18,26.83,48337.81,52602.46,9.4,11.7
1,2022-05-19,17.94,34629.28,52712.89,12.1,13.4
1,2022-05-20,20.33,36766.26,52820.42,11.7,13.6
1,2022-05-21,25.78,47750.48,52924.89,11.1,12.3
1,2022-05-22,17.77,31867.63,53026.16,12.8,15.3
1,2022-05-23,22.98,47502.62,53124.23,11.7,12.5
1,2022-05-24,23.68,49325.10,53219.90,11.3,12.6
1,2022-05-25,26.74,49287.60,53313.25,10.0,15.2
1,2022-05-26,20.24,33003.81,53404.17,13.7,15.5
1,2022-05-27,5.67,8596.38,53492.59,14.2,15.8
1,2022-05-28,15.93,20243.34,53578.39,11.5,11.9
1,2022-05-29,25.61,49843.28,53661.47,9.8,11.6
1,2022-05-30,24.53,38661.31,53741.74,8.7,9.8
1,2022-05-31,8.58,10317.77,53819.10,11.4,14.1
1,2022-06-01,22.22,39499.42,53893.45,11.6,13.2
1,2022-06-02,20.74,35546.54,53964.69,11.8,12.8
1,2022-06-03,20.16,43219.48,54032.71,11.6,13.9
1,2022-06-04,23.15,49936.08,54097.44,9.1,9.9
1,2022-06-05,21.17,38442.63,54158.74,8.5,10.2
1,2022-06-06,11.22,720.95,54216.54,8.3,8.9
1,2022-06-07,15.06,16846.97,54270.72,8.5,9.0
1,2022-06-08,28.36,50680.06,54321.20,9.5,10.6
1,2022-06-09,27.51,51368.00,54367.88,10.9,13.4
1,2022-06-10,26.73,48261.75,54410.64,13.1,14.3
1,2022-06-11,25.94,49358.55,54449.42,12.6,14.1
1,2022-06-12,26.33,50965.01,54484.15,10.9,12.7
1,2022-06-13,26.66,51454.71,54515.14,11.3,12.2
1,2022-06-14,27.26,46800.00,54542.42,9.7,11.8
1,2022-06-15,11.08,5831.38,54565.99,13.0,16.6
1,2022-06-16,9.09,2729.51,54585.85,15.7,17.0
1,2022-06-17,17.29,28021.68,54601.98,15.5,17.1
1,2022-06-18,22.31,34325.00,54614.40,16.5,17.8
1,2022-06-19,19.23,33389.85,54623.10,17.1,18.5
1,2022-06-20,26.83,51398.61,54628.09,14.2,15.7
1,2022-06-21,27.67,51405.73,54629.36,14.5,18.3
1,2022-06-22,23.25,29342.82,54626.93,15.1,16.1
1,2022-06-23,7.39,0.00,54620.80,16.9,18.9
1,2022-06-24,3.68,0.00,54610.98,19.8,20.3
1,2022-06-25,16.97,34995.51,54597.49,19.1,20.3
1,2022-06-26,14.95,19196.27,54580.34,19.4,20.0
1,2022-06-27,17.42,27200.54,54559.54,18.0,19.3
1,2022-06-28,4.40,0.00,54535.10,19.7,20.4
1,2022-06-29,9.30,5255.05,54507.06,19.5,20.0
1,2022-06-30,17.67,25690.40,54475.43,18.3,20.0
1,2022-07-01,15.04,21666.14,54440.23,19.1,19.7
1,2022-07-02,16.07,36160.27,54401.41,19.2,19.6
1,2022-07-03,20.47,36000.00,54358.58,19.5,21.3
1,2022-07-04,13.58,21766.59,54311.78,20.7,21.8
1,2022-07-05,15.17,32767.87,54261.11,21.1,22.6
1,2022-07-06,24.27,46331.13,54206.68,19.2,20.7
1,2022-07-07,23.99,45226.27,54148.59,18.3,19.0
1,2022-07-08,24.18,44052.85,54086.96,18.1,19.7
1,2022-07-09,19.48,38059.20,54021.89,18.4,19.6
1,2022-07-10,20.28,42108.05,53953.49,20.1,21.1
1,2022-07-11,23.07,36529.58,53881.88,20.6,21.2
1,2022-07-12,5.99,0.00,53807.16,20.8,21.3
1,2022-07-13,10.46,15312.96,53729.44,18.3,20.2
1,2022-07-14,22.73,32965.53,53648.82,17.1,18.7
1,2022-07-15,9.80,7221.80,53565.42,19.5,20.4
1,2022-07-16,13.35,13895.96,53479.35,17.7,18.5
1,2022-07-17,11.84,15538.25,53390.70,18.6,19.6
1,2022-07-18,25.61,50232.14,53299.59,19.1,20.8
1,2022-07-19,16.15,18211.62,53206.12,20.0,20.9
1,2022-07-20,18.42,38015.30,53110.40,20.2,20.8
1,2022-07-21,23.67,39600.00,53012.52,19.0,20.3
1,2022-07-22,11.66,6337.44,52912.42,19.5,20.2
1,2022-07-23,13.66,21944.85,52809.24,18.9,20.3
1,2022-07-24,15.24,31221.40,52702.98,17.3,18.6
1,2022-07-25,25.51,50366.32,52593.76,19.1,20.3
1,2022-07-26,24.53,47037.69,52481.77,21.1,21.7
1,2022-07-27,21.95,46800.00,52367.14,20.4,21.8
1,2022-07-28,24.49,49544.73,52250.03,21.0,22.6
1,2022-07-29,25.19,47064.30,52130.58,21.6,24.1
1,2022-07-30,26.24,50072.35,52008.93,21.9,23.4
1,2022-07-31,21.45,29123.20,51885.23,22.9,23.5
1,2022-08-01,4.91,0.00,51759.62,22.7,24.6
1,2022-08-02,21.71,33018.80,51632.23,21.9,22.8
1,2022-08-03,13.84,22454.33,51503.20,18.6,20.5
1,2022-08-04,21.99,46672.80,51372.65,17.4,18.1
1,2022-08-05,23.22,40006.72,51240.73,16.5,17.4
1,2022-08-06,18.17,35217.69,51107.54,18.4,20.9
1,2022-08-07,16.45,20261.74,50973.22,22.0,24.2
1,2022-08-08,13.90,20292.92,50837.89,24.5,25.2
1,2022-08-09,2.97,0.00,50701.65,21.6,23.1
1,2022-08-10,7.35,12010.92,50564.65,20.8,22.8
1,2022-08-11,10.67,12839.88,50426.79,22.6,23.5
1,2022-08-12,22.89,47882.01,50287.01,22.4,22.8
1,2022-08-13,22.63,39398.32,50145.28,19.6,21.1
1,2022-08-14,22.07,36000.00,50001.72,18.7,20.6
1,2022-08-15,9.98,10800.00,49856.46,21.2,23.6
1,2022-08-16,16.85,38008.40,49709.66,20.7,24.9
1,2022-08-17,21.67,36312.44,49561.43,18.9,20.9
1,2022-08-18,4.70,10800.00,49411.90,18.2,19.5
1,2022-08-19,21.24,36000.00,49261.21,19.1,21.2
1,2022-08-20,12.19,30533.78,49109.47,20.1,22.6
1,2022-08-21,24.37,46800.00,48956.80,17.1,20.0
1,2022-08-22,17.09,20814.91,48803.32,20.7,23.8
1,2022-08-23,9.95,18749.40,48649.15,18.1,24.3
1,2022-08-24,24.07,46635.06,48494.39,14.3,15.9
1,2022-08-25,20.54,25997.97,48339.17,16.0,17.8
1,2022-08-26,11.60,18588.67,48183.59,16.2,20.3
1,2022-08-27,12.51,25200.00,48027.75,19.4,21.3
1,2022-08-28,17.87,37478.70,47871.77,13.7,16.0
1,2022-08-29,15.86,18931.36,47715.74,15.7,18.2
1,2022-08-30,7.75,2504.94,47559.76,18.7,19.5
1,2022-08-31,3.52,530.68,47403.74,20.0,21.1
1,2022-09-01,15.97,29463.10,47246.62,17.9,20.2
1,2022-09-02,17.58,35752.14,47088.30,11.9,14.1
1,2022-09-03,14.72,24494.37,46928.89,16.2,18.3
1,2022-09-04,21.36,36062.63,46768.52,17.9,18.9
1,2022-09-05,13.77,32377.52,46607.29,20.0,20.7
1,2022-09-06,19.53,45260.97,46445.31,19.9,22.3
1,2022-09-07,21.95,45535.24,46282.66,14.1,18.1
1,2022-09-08,21.57,43073.98,46119.48,14.1,16.2
1,2022-09-09,21.79,45076.94,45955.85,15.2,17.7
1,2022-09-10,21.32,42852.12,45791.88,14.4,16.2
1,2022-09-11,18.12,36305.66,45627.67,17.1,18.7
1,2022-09-12,18.08,36943.67,45463.31,19.2,20.9
1,2022-09-13,17.70,43464.06,45298.90,17.6,21.2
1,2022-09-14,19.50,36751.92,45134.54,13.2,14.5
1,2022-09-15,17.81,28800.00,44970.32,15.7,17.2
1,2022-09-16,10.11,13690.48,44806.35,17.9,19.4
1,2022-09-17,15.09,32400.00,44642.70,18.9,20.5
1,2022-09-18,3.30,0.00,44479.49,20.3,22.6
1,2022-09-19,6.61,338.65,44316.81,19.0,23.1
1,2022-09-20,15.74,29230.25,44154.54,6.2,9.6
1,2022-09-21,17.75,39709.73,43991.58,7.9,10.8
1,2022-09-22,17.76,32400.00,43827.84,15.3,19.1
1,2022-09-23,4.22,0.00,43663.43,20.2,21.5
1,2022-09-24,12.58,31100.65,43498.44,13.3,18.6
1,2022-09-25,17.13,35722.85,43332.99,13.7,15.0
1,2022-09-26,17.57,38645.31,43167.17,12.1,14.4
1,2022-09-27,16.84,31005.38,43001.09,15.4,17.4
1,2022-09-28,16.60,38178.93,42834.85,15.2,16.7
1,2022-09-29,14.36,39600.00,42668.56,16.2,17.2
1,2022-09-30,15.90,37768.81,42502.33,17.3,18.9
1,2022-10-01,16.51,39600.00,42336.24,17.6,18.3
1,2022-10-02,15.50,32400.00,42170.42,17.5,19.0
1,2022-10-03,7.04,1174.20,42004.95,17.8,20.5
1,2022-10-04,2.90,5013.22,41839.95,11.0,20.8
1,2022-10-05,8.47,10877.41,41675.53,2.5,3.8
1,2022-10-06,10.32,23948.18,41511.79,2.4,6.5
1,2022-10-07,4.84,4027.83,41348.85,6.5,9.7
1,2022-10-08,13.45,37569.52,41186.81,5.1,6.9
1,2022-10-09,10.34,18849.07,41025.77,11.2,15.9
1,2022-10-10,2.87,2209.16,40865.65,14.8,18.8
1,2022-10-11,12.36,39600.00,40705.23,7.9,10.0
1,2022-10-12,15.37,39581.09,40544.40,5.8,6.4
1,2022-10-13,15.64,39485.88,40383.27,8.7,11.1
1,2022-10-14,14.17,32190.87,40221.98,12.2,14.7
1,2022-10-15,13.50,39296.16,40060.63,12.5,14.3
1,2022-10-16,12.63,35601.84,39899.37,13.1,14.5
1,2022-10-17,9.32,28432.58,39738.30,5.5,13.1
1,2022-10-18,13.80,38951.00,39577.55,2.1,4.2
1,2022-10-19,10.61,34408.30,39417.26,2.2,3.7
1,2022-10-20,8.84,32505.33,39257.54,8.4,11.2
1,2022-10-21,9.71,25099.43,39098.54,12.1,13.6
1,2022-10-22,11.72,34207.41,38940.39,9.1,12.7
1,2022-10-23,9.24,29523.08,38783.21,3.0,3.8
1,2022-10-24,12.87,36924.39,38627.16,1.9,3.4
1,2022-10-25,13.64,37548.11,38472.37,-0.1,2.3
1,2022-10-26,13.10,36226.95,38318.99,2.4,5.9
1,2022-10-27,10.18,27528.32,38167.16,6.8,10.7
1,2022-10-28,9.09,32003.12,38017.03,8.7,11.5
1,2022-10-29,10.18,35196.55,37868.77,7.4,9.0
1,2022-10-30,11.51,35798.56,37722.26,6.5,8.9
1,2022-10-31,12.14,32427.41,37576.21,7.8,8.7
1,2022-11-01,10.27,32867.42,37430.51,8.2,11.4
1,2022-11-02,10.59,29235.65,37285.28,4.4,6.3
1,2022-11-03,2.25,5356.86,37140.69,4.7,9.4
1,2022-11-04,11.25,32535.47,36996.88,0.1,1.4
1,2022-11-05,9.69,32909.81,36854.00,1.0,4.4
1,2022-11-06,8.85,32616.27,36712.19,2.5,5.9
1,2022-11-07,8.87,26695.66,36571.63,3.9,8.2
1,2022-11-08,6.66,22238.58,36432.47,4.7,9.9
1,2022-11-09,10.01,33075.32,36294.88,6.2,10.5
1,2022-11-10,10.10,32440.06,36159.01,3.1,9.2
1,2022-11-11,10.67,32818.76,36025.04,3.6,7.9
1,2022-11-12,9.08,28800.00,35893.13,10.6,14.4
1,2022-11-13,2.23,3758.07,35763.48,6.5,15.1
1,2022-11-14,7.72,28800.00,35636.26,1.4,4.8
1,2022-11-15,5.05,18525.46,35511.64,2.4,6.7
1,2022-11-16,9.33,32400.00,35389.82,-1.1,0.4
1,2022-11-17,9.23,32400.00,35270.98,-0.8,3.1
1,2022-11-18,5.46,17426.35,35155.32,4.7,6.7
1,2022-11-19,7.21,32400.00,35042.80,3.4,6.8
1,2022-11-20,7.76,29135.43,34932.19,8.3,11.2
1,2022-11-21,8.39,32400.00,34823.42,7.0,11.6
1,2022-11-22,8.54,32204.02,34716.61,-2.0,0.0
1,2022-11-23,7.16,23617.74,34611.92,4.2,8.1
1,2022-11-24,7.49,29425.85,34509.47,2.7,8.4
1,2022-11-25,7.50,24102.19,34409.40,4.8,11.2
1,2022-11-26,5.84,25179.90,34311.88,2.8,11.2
1,2022-11-27,7.46,24393.45,34217.04,-1.4,2.5
1,2022-11-28,4.57,8751.84,34125.04,6.3,12.9
1,2022-11-29,3.08,8338.34,34036.02,7.3,14.6
1,2022-11-30,2.12,3600.00,33950.14,-6.4,-0.2
1,2022-12-01,7.93,31006.88,33867.54,-7.6,-4.1
1,2022-12-02,8.51,28800.00,33788.40,-5.9,-0.8
1,2022-12-03,2.66,3449.64,33712.85,0.2,3.9
1,2022-12-04,7.52,32074.05,33641.06,-8.2,-5.7
1,2022-12-05,6.12,17163.15,33573.17,-5.8,-3.3
1,2022-12-06,3.39,6811.04,33509.35,-2.4,-0.1
1,2022-12-07,7.32,30468.13,33449.76,-3.3,-0.5
1,2022-12-08,6.99,29335.59,33394.54,-4.7,-3.4
1,2022-12-09,6.87,26867.52,33343.73,-2.0,0.4
1,2022-12-10,7.11,29995.20,33296.69,-3.0,-1.8
1,2022-12-11,6.55,23782.13,33253.35,-4.5,-3.7
1,2022-12-12,3.97,9942.58,33213.73,-1.9,4.5
1,2022-12-13,1.84,0.00,33177.89,0.2,6.4
1,2022-12-14,5.28,24750.92,33145.87,-9.6,-5.3
1,2022-12-15,6.79,32151.61,33117.70,-8.2,-6.0
1,2022-12-16,7.59,31260.97,33093.41,-8.8,-6.9
1,2022-12-17,4.09,5045.82,33073.04,-4.8,-0.5
1,2022-12-18,7.61,28432.51,33056.63,-10.8,-7.2
1,2022-12-19,8.10,31996.50,33044.20,-8.2,-6.0
1,2022-12-20,6.35,27104.98,33035.79,-5.8,-5.1
1,2022-12-21,5.81,16142.74,33031.42,-1.2,3.9
1,2022-12-22,2.92,318.42,33031.10,2.9,5.8
1,2022-12-23,6.36,19429.85,33034.88,-1.9,0.7
1,2022-12-24,6.92,30218.53,33042.77,-1.7,1.0
1,2022-12-25,7.66,29152.04,33054.77,-1.4,-0.4
1,2022-12-26,4.51,13113.74,33070.92,-1.4,0.8
1,2022-12-27,6.86,31401.35,33091.23,-0.4,2.0
1,2022-12-28,1.98,1116.12,33115.71,-2.3,1.2
1,2022-12-29,6.53,30290.50,33144.42,-5.8,-4.5
1,2022-12-30,6.41,24862.28,33177.68,-4.4,-3.7
1,2022-12-31,4.62,8223.60,33215.42,-3.1,-2.4
1,2023-01-01,7.30,29549.16,33257.55,-7.7,-2.2
1,2023-01-02,7.30,31394.51,33303.94,-10.1,-8.8
1,2023-01-03,7.35,31388.14,33354.47,-8.7,-7.5
1,2023-01-04,7.88,31012.13,33409.03,-8.7,-6.1
1,2023-01-05,8.23,31743.03,33467.50,-7.0,-5.3
1,2023-01-06,7.99,29159.67,33529.75,-4.8,-3.4
1,2023-01-07,7.96,30250.27,33595.67,-4.4,-2.2
1,2023-01-08,7.01,28800.00,33665.13,-3.0,-1.5
1,2023-01-09,6.00,20978.60,33738.01,-3.8,0.2
1,2023-01-10,7.81,28813.23,33814.20,-5.9,-3.1
1,2023-01-11,6.80,30630.52,33893.57,-0.4,0.4
1,2023-01-12,9.36,32130.61,33976.00,3.2,7.4
1,2023-01-13,7.41,24172.29,34061.38,7.6,9.6
1,2023-01-14,2.06,0.00,34149.57,-0.8,5.4
1,2023-01-15,1.81,247.79,34240.47,-2.5,0.5
1,2023-01-16,7.28,22468.40,34333.97,-7.4,-4.9
1,2023-01-17,5.21,6142.95,34429.93,-6.8,-4.7
1,2023-01-18,7.82,23835.14,34528.46,-7.6,-4.1
1,2023-01-19,5.84,18145.00,34630.63,-2.9,0.6
1,2023-01-20,8.51,25289.57,34736.45,-3.9,0.2
1,2023-01-21,9.03,32102.11,34845.73,-10.0,-7.1
1,2023-01-22,9.39,28800.00,34958.27,-9.6,-7.4
1,2023-01-23,5.33,3600.00,35073.88,-6.2,-1.5
1,2023-01-24,4.83,1488.32,35192.38,-15.3,-8.5
1,2023-01-25,8.47,32445.58,35313.58,-14.0,-11.9
1,2023-01-26,10.26,34530.63,35437.29,-10.9,-8.7
1,2023-01-27,10.74,34880.90,35563.36,-9.0,-7.6
1,2023-01-28,9.93,32431.75,35691.59,-13.3,-11.2
1,2023-01-29,9.86,35002.34,35821.81,-11.2,-9.3
1,2023-01-30,7.60,21600.00,35953.86,-8.6,-6.4
1,2023-01-31,10.43,30419.12,36087.56,-7.1,-2.1
1,2023-02-01,3.79,3905.88,36222.76,-3.8,0.7
1,2023-02-02,10.75,35466.06,36359.30,-10.2,-7.7
1,2023-02-03,10.38,25732.83,36497.02,-8.8,-7.2
1,2023-02-04,5.79,5849.51,36635.76,-7.1,-6.0
1,2023-02-05,8.71,30641.40,36775.38,-4.3,-0.3
1,2023-02-06,10.30,34077.82,36915.73,-3.9,-1.1
1,2023-02-07,12.01,35847.65,37056.92,-6.8,-4.9
1,2023-02-08,8.13,28496.50,37200.29,-7.6,-5.6
1,2023-02-09,10.98,32398.73,37345.93,-9.0,-7.0
1,2023-02-10,6.06,3694.00,37493.67,-4.6,-2.6
1,2023-02-11,10.83,30448.93,37643.33,-1.2,2.9
1,2023-02-12,7.62,15869.87,37794.74,-1.5,1.3
1,2023-02-13,9.36,28587.43,37947.75,-5.7,-3.8
1,2023-02-14,9.02,25739.02,38102.19,-9.4,-6.1
1,2023-02-15,10.58,33250.24,38257.91,-10.7,-7.3
1,2023-02-16,8.74,22713.02,38414.75,-5.6,-3.2
1,2023-02-17,8.26,16492.59,38572.57,-0.7,2.2
1,2023-02-18,13.14,31741.86,38731.21,-0.7,1.4
1,2023-02-19,5.15,3600.00,38890.54,-2.0,1.6
1,2023-02-20,12.38,35827.18,39050.40,-8.2,-6.9
1,2023-02-21,12.01,35361.06,39210.66,-8.7,-7.5
1,2023-02-22,9.38,20425.33,39371.19,-4.8,-2.1
1,2023-02-23,6.97,14478.44,39531.84,-1.9,2.2
1,2023-02-24,12.64,32955.64,39692.49,-3.6,-1.9
1,2023-02-25,14.72,36508.32,39852.99,-7.0,-5.0
1,2023-02-26,14.30,37405.69,40013.23,-8.3,-5.9
1,2023-02-27,15.69,36000.00,40173.31,1.5,4.8
1,2023-02-28,14.31,36365.21,40334.53,4.5,7.1
1,2023-03-01,14.69,31153.89,40497.01,-0.0,1.1
1,2023-03-02,14.45,37990.23,40660.61,-6.4,-3.4
1,2023-03-03,12.55,31643.45,40825.21,-3.2,2.3
1,2023-03-04,14.37,38351.92,40990.69,-4.8,-2.9
1,2023-03-05,15.34,33915.63,41156.93,-1.7,0.9
1,2023-03-06,11.58,33745.12,41323.80,3.7,6.8
1,2023-03-07,10.28,33143.71,41491.19,6.1,8.4
1,2023-03-08,13.44,38581.81,41658.98,4.2,8.7
1,2023-03-09,14.14,28800.00,41827.06,5.1,8.8
1,2023-03-10,8.22,13834.60,41995.31,2.0,8.1
1,2023-03-11,17.31,39483.12,42163.62,0.6,2.9
1,2023-03-12,13.75,28091.28,42331.87,3.8,6.1
1,2023-03-13,2.73,3211.29,42499.95,-1.6,8.8
1,2023-03-14,15.76,38345.79,42667.75,-4.1,0.1
1,2023-03-15,17.89,34657.76,42835.16,0.3,1.9
1,2023-03-16,5.02,10013.81,43002.06,-1.2,9.1
1,2023-03-17,16.36,41994.81,43168.34,-5.4,-4.2
1,2023-03-18,19.12,40731.65,43333.89,-3.1,-1.0
1,2023-03-19,19.68,41618.40,43498.82,0.7,5.5
1,2023-03-20,19.85,41584.25,43664.31,4.9,7.2
1,2023-03-21,20.04,41243.64,43830.48,1.4,6.3
1,2023-03-22,19.71,40290.02,43997.21,5.2,7.0
1,2023-03-23,13.95,22249.28,44164.42,9.0,11.4
1,2023-03-24,19.22,37834.31,44332.01,-2.2,5.1
1,2023-03-25,19.55,37917.58,44499.85,-0.9,3.1
1,2023-03-26,5.89,6843.40,44667.86,4.0,7.2
1,2023-03-27,20.05,42841.31,44835.92,-3.0,-0.8
1,2023-03-28,20.34,42906.47,45003.95,-1.0,2.0
1,2023-03-29,17.60,42971.54,45171.82,2.6,5.7
1,2023-03-30,19.30,36492.53,45339.44,3.5,5.5
1,2023-03-31,16.11,34753.52,45506.71,2.7,8.2
1,2023-04-01,21.69,43394.29,45673.50,0.5,1.7
1,2023-04-02,19.81,43378.61,45839.71,1.7,3.2
1,2023-04-03,21.79,43637.07,46005.24,1.3,5.4
1,2023-04-04,20.63,37762.36,46169.98,5.5,7.2
1,2023-04-05,14.44,23966.23,46333.80,7.1,9.7
1,2023-04-06,4.15,0.00,46496.60,10.6,11.7
1,2023-04-07,4.25,4087.42,46658.26,7.8,11.5
1,2023-04-08,18.31,37143.28,46818.87,0.2,4.2
1,2023-04-09,18.45,43355.23,46979.56,2.4,7.6
1,2023-04-10,21.65,43928.57,47140.44,8.4,9.8
1,2023-04-11,18.62,30238.13,47301.40,9.5,11.3
1,2023-04-12,22.61,44149.01,47462.35,-1.7,4.4
1,2023-04-13,20.84,29678.48,47623.17,4.4,8.1
1,2023-04-14,14.24,32226.64,47783.77,2.5,9.3
1,2023-04-15,15.07,20884.87,47944.01,3.4,8.7
1,2023-04-16,10.57,13651.83,48103.81,2.9,10.8
1,2023-04-17,18.55,41138.78,48263.04,-0.6,1.5
1,2023-04-18,20.90,37147.18,48421.58,5.6,8.5
1,2023-04-19,17.47,37723.12,48579.32,6.0,7.7
1,2023-04-20,15.61,30832.60,48736.14,5.7,12.2
1,2023-04-21,24.20,46784.66,48891.91,-3.9,0.2
1,2023-04-22,21.18,45752.00,49046.51,-1.6,0.2
1,2023-04-23,22.50,46800.00,49199.82,-3.0,1.4
1,2023-04-24,23.71,46800.00,49351.69,-2.2,2.8
1,2023-04-25,20.05,27380.87,49501.99,1.1,9.8
1,2023-04-26,5.72,13554.75,49650.60,6.1,10.9
1,2023-04-27,25.34,45121.96,49797.37,2.9,8.4
1,2023-04-28,19.88,41122.01,49942.35,7.0,9.5
1,2023-04-29,16.62,25200.00,50086.64,9.1,12.3
1,2023-04-30,19.20,39293.20,50230.33,8.7,12.3
1,2023-05-01,21.51,34293.94,50373.30,6.4,9.2
1,2023-05-02,25.11,43705.96,50515.44,6.9,9.9
1,2023-05-03,23.37,43200.00,50656.62,9.2,10.4
1,2023-05-04,22.23,45992.83,50796.74,10.4,11.1
1,2023-05-05,17.35,23541.00,50935.65,11.9,13.3
1,2023-05-06,7.03,8749.34,51073.24,8.4,14.0
1,2023-05-07,19.53,27943.42,51209.37,4.2,5.2
1,2023-05-08,12.35,22698.77,51343.91,5.4,8.4
1,2023-05-09,22.44,39946.91,51476.73,9.6,10.5
1,2023-05-10,25.86,47542.74,51607.68,3.1,8.1
1,2023-05-11,25.45,44045.03,51736.63,3.9,6.1
1,2023-05-12,24.83,46418.24,51863.43,6.4,9.4
1,2023-05-13,22.18,42733.31,51987.94,4.8,9.2
1,2023-05-14,16.27,17495.78,52110.00,11.5,13.3
1,2023-05-15,18.34,36361.78,52229.47,12.5,13.9
1,2023-05-16,24.97,46800.00,52346.18,12.4,14.6
1,2023-05-17,26.41,47364.46,52459.99,13.3,14.8
1,2023-05-18,24.27,35985.03,52570.91,13.6,14.8
1,2023-05-19,9.91,10782.84,52679.85,10.9,12.5
1,2023-05-20,24.29,32400.00,52786.86,10.2,12.1
1,2023-05-21,7.08,8395.62,52891.86,12.7,14.5
1,2023-05-22,25.92,45873.86,52994.72,8.7,10.8
1,2023-05-23,26.70,47221.49,53095.34,7.2,8.3
1,2023-05-24,27.79,50013.15,53193.61,9.2,11.2
1,2023-05-25,26.98,47566.66,53289.42,7.8,10.9
1,2023-05-26,14.16,17035.47,53382.64,13.4,14.9
1,2023-05-27,22.83,35767.55,53473.17,14.3,15.8
1,2023-05-28,6.21,5192.29,53560.88,14.7,15.8
1,2023-05-29,20.18,34498.63,53645.67,10.5,14.1
1,2023-05-30,25.30,48102.47,53727.41,9.4,11.6
1,2023-05-31,26.65,51086.94,53805.99,10.8,13.5
1,2023-06-01,26.42,45342.11,53881.28,12.4,15.5
1,2023-06-02,11.86,14323.99,53953.18,15.7,17.4
1,2023-06-03,21.33,45513.46,54021.54,11.8,14.6
1,2023-06-04,26.25,43266.15,54086.27,11.0,13.9
1,2023-06-05,27.19,49950.46,54147.23,13.2,14.9
1,2023-06-06,18.29,31494.59,54204.31,13.9,15.7
1,2023-06-07,17.56,29695.48,54257.49,14.9,17.0
1,2023-06-08,22.67,32908.44,54307.20,15.2,17.5
1,2023-06-09,9.13,10800.00,54353.50,15.6,17.0
1,2023-06-10,23.66,39387.50,54396.35,15.8,17.0
1,2023-06-11,20.53,38263.02,54435.73,15.3,16.0
1,2023-06-12,21.84,41209.32,54471.58,16.4,17.1
1,2023-06-13,17.64,30485.11,54503.89,16.7,17.7
1,2023-06-14,20.47,34777.84,54532.61,17.2,19.8
1,2023-06-15,22.38,35993.12,54557.73,17.7,19.3
1,2023-06-16,18.53,35347.74,54579.22,17.5,18.4
1,2023-06-17,22.66,40580.62,54597.05,17.6,18.8
1,2023-06-18,28.26,51738.80,54611.18,11.1,13.0
1,2023-06-19,27.49,51744.20,54621.62,11.8,14.5
1,2023-06-20,26.43,40057.46,54628.32,13.1,14.6
1,2023-06-21,24.74,37155.51,54631.27,13.1,15.1
1,2023-06-22,12.55,3775.35,54630.46,15.2,16.3
1,2023-06-23,11.51,16160.23,54625.87,15.1,18.6
1,2023-06-24,22.10,42741.06,54617.49,15.7,16.8
1,2023-06-25,25.71,49782.24,54605.30,17.6,19.0
1,2023-06-26,26.40,48487.79,54589.30,18.1,19.9
1,2023-06-27,18.83,22887.71,54569.44,19.6,20.5
1,2023-06-28,16.80,26027.89,54545.50,20.7,21.8
1,2023-06-29,18.63,30069.45,54517.51,20.5,21.4
1,2023-06-30,7.43,5544.58,54485.57,20.3,22.1
1,2023-07-01,18.27,38825.04,54449.74,16.2,18.3
1,2023-07-02,17.31,38159.79,54410.12,16.7,18.8
1,2023-07-03,20.96,45583.68,54366.78,17.5,19.2
1,2023-07-04,26.02,50847.76,54319.81,17.0,18.7
1,2023-07-05,22.26,30626.96,54269.31,17.1,21.7
1,2023-07-06,24.02,48865.22,54215.36,19.2,22.4
1,2023-07-07,20.02,40076.75,54158.04,20.1,21.6
1,2023-07-08,24.59,48356.88,54097.45,19.9,23.0
1,2023-07-09,19.24,28226.49,54033.67,20.6,21.5
1,2023-07-10,15.24,22709.15,53966.80,21.0,22.0
1,2023-07-11,9.30,13938.71,53896.92,21.3,22.2
1,2023-07-12,11.90,20332.81,53824.13,20.0,21.4
1,2023-07-13,19.71,46067.46,53748.51,16.8,18.5
1,2023-07-14,18.32,25537.48,53670.16,18.5,20.8
1,2023-07-15,4.83,0.00,53589.15,22.1,22.9
1,2023-07-16,12.31,17188.45,53505.59,21.2,22.1
1,2023-07-17,16.09,30411.19,53419.42,21.8,23.0
1,2023-07-18,17.81,33993.86,53329.85,18.9,21.5
1,2023-07-19,18.00,34494.90,53236.90,19.2,19.8
1,2023-07-20,23.13,50400.00,53140.71,18.1,19.0
1,2023-07-21,26.54,50400.00,53041.44,18.0,19.8
1,2023-07-22,25.59,49163.79,52939.23,20.3,21.4
1,2023-07-23,26.04,46145.98,52834.23,21.4,22.4
1,2023-07-24,25.16,50400.00,52726.58,23.1,23.7
1,2023-07-25,23.00,41936.16,52616.42,23.9,24.2
1,2023-07-26,23.24,46804.39,52503.89,23.4,23.8
1,2023-07-27,23.54,49044.18,52389.12,23.5,24.2
1,2023-07-28,22.93,49749.50,52272.27,23.4,24.4
1,2023-07-29,23.74,45410.16,52153.46,24.1,24.6
1,2023-07-30,17.04,27816.88,52032.80,24.3,25.0
1,2023-07-31,17.90,38223.98,51910.46,22.2,24.8
1,2023-08-01,23.09,47670.87,51786.53,22.9,23.9
1,2023-08-02,17.97,39215.00,51661.15,24.7,25.7
1,2023-08-03,16.29,41040.13,51534.44,25.3,25.9
1,2023-08-04,22.20,44582.28,51406.52,25.4,26.2
1,2023-08-05,18.65,40713.52,51277.51,25.3,26.8
1,2023-08-06,19.66,30859.15,51147.32,23.6,24.8
1,2023-08-07,18.05,31242.15,51014.94,22.6,23.9
1,2023-08-08,16.26,33250.25,50880.32,23.9,24.8
1,2023-08-09,21.59,45114.69,50743.61,24.8,26.5
1,2023-08-10,24.10,48127.16,50604.94,24.1,28.0
1,2023-08-11,23.88,47838.56,50464.47,23.3,25.1
1,2023-08-12,17.15,29854.05,50322.32,21.5,23.0
1,2023-08-13,14.96,33807.29,50178.65,21.2,21.8
1,2023-08-14,12.77,19194.02,50033.57,19.9,20.8
1,2023-08-15,12.36,14070.37,49887.23,21.7,23.5
1,2023-08-16,14.46,26323.58,49739.73,23.8,24.4
1,2023-08-17,21.77,40031.51,49591.22,21.7,22.6
1,2023-08-18,15.43,38310.52,49441.81,23.2,24.9
1,2023-08-19,15.77,35513.11,49291.62,23.8,24.7
1,2023-08-20,20.89,43200.00,49140.76,22.3,24.6
1,2023-08-21,19.32,42666.90,48989.37,23.3,24.7
1,2023-08-22,23.17,46769.90,48837.53,23.9,25.1
1,2023-08-23,22.83,46709.53,48685.37,25.0,27.9
1,2023-08-24,22.13,46649.33,48532.99,25.8,26.7
1,2023-08-25,21.37,46508.22,48380.50,25.7,27.3
1,2023-08-26,19.26,40878.06,48227.80,24.3,25.5
1,2023-08-27,15.81,40275.23,48073.83,23.0,25.1
1,2023-08-28,18.33,44708.43,47918.51,22.0,24.7
1,2023-08-29,20.08,45355.94,47761.95,23.1,24.4
1,2023-08-30,20.96,45691.46,47604.28,24.1,24.5
1,2023-08-31,17.91,35819.77,47445.59,23.7,25.8
1,2023-09-01,5.44,3600.00,47286.02,22.2,23.8
1,2023-09-02,18.25,44314.12,47125.66,18.1,19.3
1,2023-09-03,21.13,43217.52,46964.63,20.1,22.7
1,2023-09-04,20.51,42065.90,46803.03,23.2,24.4
1,2023-09-05,15.90,36000.00,46640.96,21.4,22.7
1,2023-09-06,12.38,22579.31,46478.53,19.6,22.3
1,2023-09-07,21.19,44007.65,46315.84,14.8,17.4
1,2023-09-08,18.45,35619.19,46152.99,19.1,20.6
1,2023-09-09,12.05,24120.52,45990.07,21.0,21.8
1,2023-09-10,18.10,41935.60,45827.19,21.6,22.5
1,2023-09-11,12.43,28578.81,45664.44,23.0,23.7
1,2023-09-12,11.35,22755.24,45501.92,22.1,24.1
1,2023-09-13,16.87,34608.93,45339.72,19.8,21.4
1,2023-09-14,5.00,6691.41,45177.93,20.2,22.7
1,2023-09-15,14.74,34897.18,45016.46,17.8,19.9
1,2023-09-16,14.87,25086.74,44854.22,16.1,18.6
1,2023-09-17,13.74,26408.24,44691.11,21.2,24.2
1,2023-09-18,16.67,36312.70,44527.24,20.5,22.0
1,2023-09-19,7.82,22464.40,44362.71,19.9,22.4
1,2023-09-20,8.22,8819.59,44197.62,12.0,14.6
1,2023-09-21,3.68,7200.00,44032.07,15.5,17.4
1,2023-09-22,19.35,40494.15,43866.17,12.2,14.9
1,2023-09-23,16.62,40271.29,43700.03,11.2,15.1
1,2023-09-24,18.71,34335.83,43533.73,11.4,14.2
1,2023-09-25,10.62,14510.73,43367.38,16.2,18.7
1,2023-09-26,12.73,28410.18,43201.07,16.2,18.3
1,2023-09-27,16.28,29032.87,43034.91,17.2,19.1
1,2023-09-28,6.06,18000.00,42869.00,17.3,19.5
1,2023-09-29,17.00,38952.27,42703.44,10.6,13.6
1,2023-09-30,8.49,18000.00,42538.31,14.9,17.7
1,2023-10-01,14.27,39482.02,42373.75,11.7,15.0
1,2023-10-02,15.32,39600.00,42209.84,8.1,9.8
1,2023-10-03,16.78,38399.79,42046.68,9.6,11.9
1,2023-10-04,15.85,38706.97,41884.38,13.2,15.9
1,2023-10-05,7.87,16200.67,41722.83,10.4,15.6
1,2023-10-06,8.73,27268.82,41560.86,10.6,12.5
1,2023-10-07,13.50,39600.00,41398.35,8.3,9.3
1,2023-10-08,14.82,35745.45,41235.43,9.2,12.0
1,2023-10-09,14.62,38509.89,41072.22,12.8,14.6
1,2023-10-10,12.35,33995.72,40908.82,9.2,13.7
1,2023-10-11,13.95,39600.00,40745.35,6.8,7.9
1,2023-10-12,14.37,39600.00,40581.93,9.4,13.7
1,2023-10-13,15.34,39506.20,40418.67,13.0,14.2
1,2023-10-14,14.59,39409.45,40255.71,11.5,13.4
1,2023-10-15,11.31,25200.00,40093.15,12.0,13.6
1,2023-10-16,14.35,39218.05,39931.13,3.8,8.2
1,2023-10-17,10.63,32351.67,39769.75,4.3,7.1
1,2023-10-18,11.09,31250.22,39609.16,10.0,15.3
1,2023-10-19,5.65,8162.74,39449.48,13.3,15.4
1,2023-10-20,2.39,7081.54,39290.84,7.1,12.3
1,2023-10-21,7.12,15538.41,39133.37,0.9,6.8
1,2023-10-22,7.17,21128.48,38977.21,4.7,10.0
1,2023-10-23,12.10,35274.45,38822.51,4.7,9.5
1,2023-10-24,10.95,31035.20,38669.39,10.9,13.1
1,2023-10-25,10.65,36432.56,38517.76,11.2,13.9
1,2023-10-26,11.65,29574.77,38366.33,11.3,13.1
1,2023-10-27,7.21,22625.48,38214.97,10.0,13.2
1,2023-10-28,11.97,28800.00,38063.85,9.5,11.4
1,2023-10-29,7.32,22905.40,37913.07,9.7,11.7
1,2023-10-30,12.05,35256.80,37762.80,7.7,9.4
1,2023-10-31,11.12,32713.20,37613.18,8.8,11.7
1,2023-11-01,7.91,19990.22,37464.35,12.1,14.3
1,2023-11-02,11.18,33207.70,37316.46,9.4,17.7
1,2023-11-03,9.04,26266.43,37169.67,11.8,17.7
1,2023-11-04,9.19,27147.61,37024.13,2.1,6.9
1,2023-11-05,9.91,28800.00,36880.00,6.3,11.3
1,2023-11-06,4.25,5828.86,36737.43,14.9,17.1
1,2023-11-07,6.19,24228.83,36596.61,5.2,13.1
1,2023-11-08,6.07,20865.61,36457.70,3.2,7.5
1,2023-11-09,10.20,28800.00,36320.86,9.8,14.5
1,2023-11-10,2.27,3968.79,36186.27,3.7,15.1
1,2023-11-11,9.54,32469.49,36054.13,-4.2,-1.6
1,2023-11-12,8.14,32193.44,35924.59,-2.9,-2.0
1,2023-11-13,9.24,28913.73,35797.86,-2.3,-0.3
1,2023-11-14,5.03,9072.11,35673.86,-1.5,0.3
1,2023-11-15,8.43,29867.81,35551.35,0.5,5.2
1,2023-11-16,8.94,28800.00,35430.19,7.1,11.5
1,2023-11-17,1.38,3600.00,35310.55,9.3,13.2
1,2023-11-18,7.20,24024.73,35192.57,2.0,4.0
1,2023-11-19,6.58,21630.23,35076.40,3.3,7.2
1,2023-11-20,5.82,27258.69,34962.20,-1.6,1.3
1,2023-11-21,7.54,21600.00,34850.11,6.1,9.2
1,2023-11-22,6.92,24222.24,34740.31,11.3,12.8
1,2023-11-23,4.33,12535.51,34632.94,8.4,13.6
1,2023-11-24,6.04,19353.41,34528.17,-5.7,3.4
1,2023-11-25,7.78,28800.00,34426.18,-7.0,-4.1
1,2023-11-26,2.80,3600.00,34327.11,-1.2,1.7
1,2023-11-27,3.86,7725.23,34231.15,4.2,10.7
1,2023-11-28,4.20,16287.88,34138.46,-1.3,5.8
1,2023-11-29,7.44,28800.00,34049.22,-7.1,-5.8
1,2023-11-30,6.74,28800.00,33963.60,-7.8,-5.7
1,2023-12-01,7.34,29942.69,33881.78,-5.0,-3.8
1,2023-12-02,6.20,26805.28,33803.93,-2.7,-0.9
1,2023-12-03,6.57,25492.10,33730.22,-2.0,-0.2
1,2023-12-04,5.20,21119.01,33660.68,2.4,7.3
1,2023-12-05,7.64,32400.00,33594.45,2.4,4.4
1,2023-12-06,7.20,28998.60,33531.48,7.5,8.5
1,2023-12-07,3.12,11884.89,33471.81,-0.7,8.7
1,2023-12-08,8.38,28800.00,33415.54,4.0,10.6
1,2023-12-09,4.45,22078.09,33362.75,4.5,11.9
1,2023-12-10,6.52,21600.00,33313.49,-5.8,-3.7
1,2023-12-11,4.13,6770.62,33267.86,-5.1,-3.5
1,2023-12-12,4.25,14164.41,33225.93,-3.3,-1.9
1,2023-12-13,4.80,19733.02,33187.76,-6.9,-6.2
1,2023-12-14,5.89,27249.95,33153.43,-6.3,-4.7
1,2023-12-15,1.86,0.00,33123.01,-2.2,0.9
1,2023-12-16,1.35,1337.20,33096.56,1.1,6.1
1,2023-12-17,6.92,32072.10,33074.17,-10.8,-8.7
1,2023-12-18,6.98,28800.00,33055.87,-10.3,-7.3
1,2023-12-19,5.76,19458.56,33041.76,-6.4,-4.7
1,2023-12-20,5.25,8229.17,33031.87,-8.3,-7.8
1,2023-12-21,5.79,15474.48,33026.28,-8.3,-7.5
1,2023-12-22,7.42,27034.76,33025.04,-9.9,-8.1
1,2023-12-23,6.44,27331.24,33028.21,-9.2,-6.5
1,2023-12-24,4.52,10776.99,33035.84,-5.6,-4.3
1,2023-12-25,7.95,24893.19,33047.99,-3.3,-1.0
1,2023-12-26,4.41,16247.07,33064.60,-3.8,0.9
1,2023-12-27,7.47,28173.23,33085.60,-6.7,-4.3
1,2023-12-28,6.29,22989.10,33110.90,-3.9,-3.3
1,2023-12-29,7.62,26568.42,33140.42,-1.9,0.2
1,2023-12-30,4.86,7856.48,33174.08,0.9,4.2
1,2023-12-31,1.90,2951.29,33211.81,-1.0,5.4
1,2024-01-01,5.03,15006.01,33253.51,-4.8,0.5
1,2024-01-02,5.57,23658.37,33299.10,0.0,4.4
1,2024-01-03,6.31,22146.37,33348.49,-4.2,-3.4
1,2024-01-04,7.31,28800.00,33401.59,-2.2,1.8
1,2024-01-05,2.83,10800.00,33458.31,0.7,6.6
1,2024-01-06,5.22,17916.25,33518.56,-4.4,-3.5
1,2024-01-07,7.79,29888.75,33582.25,-6.7,-5.7
1,2024-01-08,7.01,28800.00,33649.29,-6.1,-2.8
1,2024-01-09,2.67,12380.59,33719.59,-4.0,1.6
1,2024-01-10,8.03,28819.49,33793.05,-8.2,-4.5
1,2024-01-11,4.67,11201.30,33869.59,-0.6,3.4
1,2024-01-12,7.68,25200.00,33949.11,-5.0,-1.9
1,2024-01-13,6.02,28577.46,34031.70,-5.6,-4.9
1,2024-01-14,3.21,4350.73,34118.27,-4.3,3.9
1,2024-01-15,7.38,29772.80,34208.82,-11.8,-9.5
1,2024-01-16,7.61,31919.40,34303.17,-6.8,-1.8
1,2024-01-17,5.70,18194.33,34401.11,1.0,3.6
1,2024-01-18,7.88,29491.31,34502.49,-4.0,0.0
1,2024-01-19,4.62,15657.29,34607.12,-6.0,-4.6
1,2024-01-20,5.75,15695.90,34714.81,-5.0,-0.9
1,2024-01-21,1.13,0.00,34825.38,-1.0,1.0
1,2024-01-22,1.93,3337.51,34938.68,2.6,4.4
1,2024-01-23,8.27,30446.16,35054.52,-4.7,-1.7
1,2024-01-24,7.50,26809.51,35172.74,-5.5,-1.3
1,2024-01-25,5.48,9940.73,35293.17,-4.3,-2.6
1,2024-01-26,5.49,6680.04,35415.63,-2.8,-2.0
1,2024-01-27,6.69,24710.10,35539.99,-2.4,-0.9
1,2024-01-28,9.18,33222.65,35666.07,-2.6,-1.2
1,2024-01-29,6.39,24722.52,35793.73,-2.0,0.2
1,2024-01-30,8.98,31619.64,35922.80,-4.4,-2.7
1,2024-01-31,3.38,6180.91,36053.15,-1.4,2.2
1,2024-02-01,9.82,29771.79,36184.61,-10.5,-7.3
1,2024-02-02,7.58,21212.78,36317.31,-8.7,-7.6
1,2024-02-03,5.26,2445.81,36452.56,-6.9,-5.2
1,2024-02-04,10.54,34523.95,36590.42,-7.2,-6.2
1,2024-02-05,8.16,25876.89,36730.71,-7.3,-5.2
1,2024-02-06,11.61,30351.34,36873.24,-5.9,-4.0
1,2024-02-07,11.74,35723.55,37017.85,-5.2,-4.0
1,2024-02-08,6.18,18682.06,37164.36,-6.0,-3.0
1,2024-02-09,9.09,27110.77,37312.59,-6.6,-5.7
1,2024-02-10,6.42,10752.96,37462.38,-4.2,-1.9
1,2024-02-11,12.56,36000.00,37613.56,-6.8,-5.5
1,2024-02-12,9.92,32518.84,37765.98,-2.6,1.6
1,2024-02-13,9.79,31134.24,37919.48,5.0,6.4
1,2024-02-14,12.82,32400.00,38073.90,5.8,8.1
1,2024-02-15,2.76,3657.00,38229.10,-2.1,3.2
1,2024-02-16,10.61,26229.46,38384.92,-6.4,-3.1
1,2024-02-17,5.85,6618.25,38541.23,-2.3,1.5
1,2024-02-18,12.45,36000.00,38697.86,5.2,8.6
1,2024-02-19,8.06,15591.23,38854.70,6.7,10.8
1,2024-02-20,10.06,23240.48,39011.60,-8.7,-5.0
1,2024-02-21,6.78,9352.53,39168.41,-9.1,-8.3
1,2024-02-22,7.30,7077.93,39325.26,-9.2,-8.0
1,2024-02-23,6.03,1484.14,39483.47,-8.8,-7.6
1,2024-02-24,6.18,192.93,39643.15,-7.3,-5.9
1,2024-02-25,7.47,4646.01,39804.17,-4.1,-1.0
1,2024-02-26,11.60,26058.04,39966.38,-3.8,-3.1
1,2024-02-27,10.47,29133.12,40129.65,-6.2,-3.5
1,2024-02-28,15.75,32400.00,40293.85,-6.3,-5.0
1,2024-02-29,7.59,13440.49,40458.86,-3.6,1.4
1,2024-03-01,3.55,4503.09,40624.54,-4.9,2.4
1,2024-03-02,12.79,33797.56,40790.77,-9.7,-8.0
1,2024-03-03,7.09,9715.91,40957.42,-7.2,-4.7
1,2024-03-04,16.19,38926.00,41124.39,-8.2,-6.7
1,2024-03-05,13.51,31762.30,41291.53,-6.0,-2.2
1,2024-03-06,16.60,36352.51,41458.74,-7.4,-5.8
1,2024-03-07,11.21,23971.01,41625.90,-7.8,-6.4
1,2024-03-08,14.68,29693.76,41792.88,-6.1,-3.2
1,2024-03-09,12.78,31825.82,41959.58,-7.0,-5.1
1,2024-03-10,10.60,13798.20,42125.87,-5.2,-1.4
1,2024-03-11,15.02,31660.62,42291.64,1.7,3.7
1,2024-03-12,5.10,7200.00,42456.78,-0.7,4.3
1,2024-03-13,17.37,39647.77,42621.38,-5.8,-1.7
1,2024-03-14,13.95,32840.79,42786.67,-0.4,2.0
1,2024-03-15,9.30,15721.48,42952.75,0.6,6.0
1,2024-03-16,17.13,33936.18,43119.53,-1.8,1.4
1,2024-03-17,6.08,3174.03,43286.90,0.7,7.1
1,2024-03-18,6.21,11282.25,43454.74,-5.6,-2.3
1,2024-03-19,19.49,35401.05,43622.97,-6.8,-4.7
1,2024-03-20,14.73,23262.70,43791.46,-6.6,-4.7
1,2024-03-21,13.78,27178.68,43960.13,-4.6,-3.6
1,2024-03-22,11.59,32927.29,44128.85,-4.1,-2.8
1,2024-03-23,16.01,40711.24,44297.55,-3.1,-0.3
1,2024-03-24,13.40,28072.55,44466.09,2.0,4.1
1,2024-03-25,17.34,37813.02,44634.39,-5.9,-4.1
1,2024-03-26,12.12,17213.69,44802.33,-6.4,-2.5
1,2024-03-27,20.98,42891.01,44969.80,-3.5,0.4
1,2024-03-28,16.15,27907.93,45136.71,0.9,7.7
1,2024-03-29,7.38,17449.24,45302.94,7.4,10.5
1,2024-03-30,19.68,43085.62,45468.38,0.1,4.3
1,2024-03-31,20.84,43390.82,45632.91,-4.3,-1.4
1,2024-04-01,19.88,38075.90,45796.44,-4.0,0.2
1,2024-04-02,20.58,43344.60,45959.04,-2.9,0.5
1,2024-04-03,19.90,36096.72,46121.87,0.3,2.9
1,2024-04-04,20.68,43864.69,46285.03,1.3,2.3
1,2024-04-05,22.43,44125.60,46448.43,1.2,4.8
1,2024-04-06,22.57,44387.21,46611.95,-0.3,7.0
1,2024-04-07,22.41,44649.66,46775.49,1.5,7.4
1,2024-04-08,18.10,26417.13,46938.96,5.4,8.8
1,2024-04-09,5.45,9836.77,47102.24,-0.9,7.1
1,2024-04-10,23.12,45442.81,47265.23,0.7,3.4
1,2024-04-11,14.71,18104.63,47427.81,2.7,8.9
1,2024-04-12,14.05,33270.80,47589.88,6.1,9.2
1,2024-04-13,21.86,43200.00,47751.32,7.8,11.3
1,2024-04-14,22.79,46517.65,47912.01,7.4,8.8
1,2024-04-15,22.56,39048.26,48071.85,8.2,14.7
1,2024-04-16,16.51,25439.35,48230.71,9.9,12.1
1,2024-04-17,8.38,7200.00,48388.46,10.4,13.2
1,2024-04-18,17.35,31731.34,48544.99,8.0,8.7
1,2024-04-19,15.28,35282.02,48700.15,5.1,7.9
1,2024-04-20,16.05,30739.23,48853.84,4.1,5.3
1,2024-04-21,23.08,45583.45,49005.90,4.5,5.8
1,2024-04-22,22.74,39316.96,49156.42,6.5,8.3
1,2024-04-23,22.00,37071.70,49306.51,6.4,6.8
1,2024-04-24,10.07,7232.62,49456.24,10.1,11.4
1,2024-04-25,8.70,13424.80,49605.52,9.4,11.1
1,2024-04-26,23.95,46260.65,49754.23,9.7,11.6
1,2024-04-27,24.86,46800.00,49902.25,7.5,10.4
1,2024-04-28,23.63,43486.06,50049.47,2.7,10.8
1,2024-04-29,20.11,36166.85,50195.76,5.3,9.2
1,2024-04-30,11.38,18305.52,50340.99,6.9,11.4
1,2024-05-01,25.89,46800.00,50485.05,4.0,6.9
1,2024-05-02,25.87,46800.00,50627.80,5.2,9.3
1,2024-05-03,24.04,44535.71,50769.11,9.1,11.5
1,2024-05-04,22.58,43566.48,50908.84,9.7,11.9
1,2024-05-05,20.89,30141.06,51046.86,8.8,10.8
1,2024-05-06,5.11,0.00,51183.01,12.9,14.0
1,2024-05-07,5.16,7200.00,51317.17,8.5,13.7
1,2024-05-08,17.59,43801.43,51449.18,3.0,4.1
1,2024-05-09,23.31,45347.34,51578.89,6.6,10.6
1,2024-05-10,24.72,45952.97,51706.15,8.9,10.9
1,2024-05-11,23.88,39600.00,51830.80,9.6,11.2
1,2024-05-12,7.46,3600.00,51952.87,12.1,14.0
1,2024-05-13,13.55,20973.25,52073.35,9.1,12.7
1,2024-05-14,26.59,47754.86,52192.30,7.1,10.1
1,2024-05-15,25.78,41019.93,52309.60,10.0,13.4
1,2024-05-16,20.96,35619.17,52425.15,11.5,14.0
1,2024-05-17,17.91,36962.76,52538.83,10.6,12.6
1,2024-05-18,26.95,48328.65,52650.53,12.1,12.6
1,2024-05-19,22.49,32445.29,52760.10,9.1,13.2
1,2024-05-20,21.60,40298.24,52867.44,12.0,14.0
1,2024-05-21,22.06,42587.33,52972.42,7.9,10.6
1,2024-05-22,27.03,49040.65,53074.91,8.8,13.6
1,2024-05-23,24.47,36063.19,53174.78,13.9,14.5
1,2024-05-24,18.81,38415.97,53271.91,8.0,13.8
1,2024-05-25,26.28,47636.38,53366.17,7.9,9.5
1,2024-05-26,15.11,18767.90,53457.40,7.8,12.4
1,2024-05-27,6.90,3912.74,53545.51,13.6,16.1
1,2024-05-28,13.98,12592.34,53630.32,10.6,12.7
1,2024-05-29,17.63,36963.09,53711.73,9.3,12.8
1,2024-05-30,21.14,28800.00,53789.58,11.7,13.7
1,2024-05-31,12.62,8953.70,53863.75,10.5,12.1
1,2024-06-01,19.28,41146.44,53934.21,9.0,11.3
1,2024-06-02,19.44,33011.83,54001.56,10.5,11.6
1,2024-06-03,11.82,18334.44,54065.85,10.1,11.8
1,2024-06-04,21.68,44413.10,54127.03,10.5,11.9
1,2024-06-05,19.55,39348.15,54185.03,10.5,12.1
1,2024-06-06,19.94,45713.18,54239.79,8.9,10.5
1,2024-06-07,26.81,48446.19,54291.24,13.0,15.4
1,2024-06-08,24.39,37671.22,54339.34,15.0,17.9
1,2024-06-09,15.18,27568.92,54384.03,16.3,18.1
1,2024-06-10,19.61,38289.22,54425.23,16.5,18.6
1,2024-06-11,23.12,39600.00,54462.90,16.5,17.1
1,2024-06-12,27.05,50924.40,54497.00,16.8,17.9
1,2024-06-13,25.63,42244.48,54527.45,17.2,19.3
1,2024-06-14,23.33,49193.86,54554.21,15.1,16.6
1,2024-06-15,25.04,44454.21,54577.24,17.0,18.8
1,2024-06-16,22.13,44731.81,54596.47,17.2,18.8
1,2024-06-17,27.28,50400.00,54611.87,17.2,18.2
1,2024-06-18,26.34,49580.29,54623.37,17.2,19.3
1,2024-06-19,27.89,47348.58,54630.96,12.2,15.7
1,2024-06-20,26.73,50697.51,54634.58,14.3,16.4
1,2024-06-21,24.93,51407.31,54634.18,15.4,20.0
1,2024-06-22,18.21,22364.55,54629.74,16.1,17.4
1,2024-06-23,17.74,28710.31,54621.27,17.7,18.3
1,2024-06-24,11.09,7674.30,54608.85,18.5,19.3
1,2024-06-25,22.65,39361.10,54592.53,13.6,16.7
1,2024-06-26,20.37,42334.21,54572.35,13.4,16.9
1,2024-06-27,25.03,44263.81,54548.37,17.5,18.2
1,2024-06-28,27.46,50400.00,54520.65,15.3,17.7
1,2024-06-29,27.58,51137.83,54489.25,14.6,19.5
1,2024-06-30,15.18,17808.11,54454.23,19.0,21.5
1,2024-07-01,15.53,28192.98,54415.65,14.6,17.1
1,2024-07-02,27.25,44032.51,54373.58,16.5,17.6
1,2024-07-03,12.73,12269.79,54328.09,18.1,20.6
1,2024-07-04,19.49,34579.07,54279.23,19.6,21.1
1,2024-07-05,16.74,29036.42,54227.08,20.3,21.6
1,2024-07-06,15.73,27732.49,54171.70,20.5,21.4
1,2024-07-07,9.56,13179.09,54113.15,20.7,22.3
1,2024-07-08,14.41,15689.22,54051.51,18.8,21.2
1,2024-07-09,13.83,25307.40,53986.85,19.3,21.1
1,2024-07-10,20.78,27799.07,53919.24,19.3,20.3
1,2024-07-11,23.72,47038.71,53848.61,18.2,19.5
1,2024-07-12,26.13,50400.00,53774.33,18.5,19.2
1,2024-07-13,27.19,50678.69,53696.40,15.8,18.6
1,2024-07-14,25.67,39787.95,53614.96,16.9,19.6
1,2024-07-15,26.22,50721.06,53530.15,19.7,22.0
1,2024-07-16,26.56,48328.53,53442.12,19.6,21.3
1,2024-07-17,24.01,43745.23,53350.99,21.6,22.4
1,2024-07-18,22.10,35230.70,53256.90,22.3,23.2
1,2024-07-19,8.88,7289.52,53160.00,23.1,23.6
1,2024-07-20,22.39,47253.72,53060.41,22.6,23.0
1,2024-07-21,21.01,42011.35,52958.26,23.3,24.6
1,2024-07-22,22.30,39318.87,52853.69,22.8,23.7
1,2024-07-23,12.89,19262.54,52746.83,23.3,24.3
1,2024-07-24,15.18,34912.57,52637.80,18.9,22.4
1,2024-07-25,20.04,34933.32,52526.73,19.9,21.8
1,2024-07-26,17.63,28800.00,52413.73,19.8,21.0
1,2024-07-27,4.44,0.00,52298.94,21.4,23.5
1,2024-07-28,7.80,238.76,52182.48,22.9,23.5
1,2024-07-29,9.07,15822.40,52064.46,22.8,24.3
1,2024-07-30,20.34,49805.30,51944.99,20.7,21.9
1,2024-07-31,15.69,38394.48,51824.00,20.3,21.6
1,2024-08-01,15.24,34603.17,51700.51,20.2,22.2
1,2024-08-02,24.56,45288.39,51574.49,21.8,22.9
1,2024-08-03,23.93,44004.37,51446.09,24.1,24.7
1,2024-08-04,23.61,48615.53,51315.46,21.5,24.3
1,2024-08-05,23.31,39188.60,51182.75,20.3,22.2
1,2024-08-06,22.34,37548.79,51048.09,22.5,23.5
1,2024-08-07,23.34,44844.85,50911.63,23.2,24.0
1,2024-08-08,22.35,37287.92,50773.51,22.0,22.9
1,2024-08-09,17.37,36350.78,50633.87,22.9,24.2
1,2024-08-10,23.45,47832.59,50492.83,22.1,22.9
1,2024-08-11,18.96,36767.11,50350.53,21.8,23.4
1,2024-08-12,10.52,11523.04,50207.09,23.9,25.1
1,2024-08-13,10.42,10637.62,50062.65,24.6,25.4
1,2024-08-14,16.92,37323.66,49917.31,23.5,25.4
1,2024-08-15,20.82,44166.96,49771.20,23.4,24.5
1,2024-08-16,17.46,40348.93,49624.44,22.0,22.9
1,2024-08-17,16.37,46576.06,49477.14,20.4,21.0
1,2024-08-18,22.49,46859.45,49329.41,19.3,20.6
1,2024-08-19,23.16,46462.44,49181.37,20.2,21.8
1,2024-08-20,8.92,15100.11,49032.92,20.8,21.8
1,2024-08-21,20.12,37667.60,48882.99,20.0,21.3
1,2024-08-22,12.27,24519.50,48731.51,23.8,25.4
1,2024-08-23,21.79,46459.56,48578.62,24.9,25.8
1,2024-08-24,22.59,46606.12,48424.42,19.0,23.2
1,2024-08-25,20.40,35118.01,48269.05,21.2,22.6
1,2024-08-26,16.60,31109.64,48112.62,22.8,23.6
1,2024-08-27,5.14,0.00,47955.25,22.3,23.9
1,2024-08-28,17.82,36000.00,47797.06,20.6,22.1
1,2024-08-29,15.31,31614.12,47638.14,22.1,23.1
1,2024-08-30,20.32,36000.00,47478.62,22.5,23.7
1,2024-08-31,12.45,27197.34,47318.60,18.6,22.9
1,2024-09-01,22.51,46123.98,47158.18,16.5,18.0
1,2024-09-02,20.04,42123.31,46997.48,19.1,20.8
1,2024-09-03,22.94,46003.55,46836.59,15.8,19.8
1,2024-09-04,22.40,45220.91,46675.61,18.7,20.4
1,2024-09-05,19.87,39600.00,46514.65,20.9,22.5
1,2024-09-06,21.23,42231.34,46353.80,14.6,17.4
1,2024-09-07,21.66,44568.03,46193.17,16.2,18.6
1,2024-09-08,21.56,44496.29,46032.83,19.1,20.6
1,2024-09-09,21.09,44117.77,45872.71,19.4,21.1
1,2024-09-10,16.66,38353.90,45711.71,21.8,24.4
1,2024-09-11,13.44,24549.14,45549.74,17.3,22.1
1,2024-09-12,18.39,39993.53,45386.92,15.1,16.6
1,2024-09-13,19.40,41047.13,45223.34,15.2,17.9
1,2024-09-14,12.63,21001.33,45059.12,17.9,23.2
1,2024-09-15,12.68,30105.97,44894.34,12.9,16.6
1,2024-09-16,19.06,33662.94,44729.12,13.9,18.0
1,2024-09-17,9.37,13714.07,44563.54,17.5,19.5
1,2024-09-18,12.05,22379.73,44397.72,15.6,18.2
1,2024-09-19,18.05,31546.61,44231.75,16.6,20.2
1,2024-09-20,13.40,23476.66,44065.73,12.7,20.2
1,2024-09-21,4.00,126.87,43899.74,10.9,14.5
1,2024-09-22,4.69,7796.78,43733.91,11.8,14.7
1,2024-09-23,18.79,39909.70,43568.31,11.7,13.7
1,2024-09-24,18.40,39961.81,43403.05,11.5,12.4
1,2024-09-25,17.54,36164.70,43238.23,15.9,18.2
1,2024-09-26,16.05,38405.13,43073.94,18.7,19.7
1,2024-09-27,17.12,39600.00,42910.28,15.2,18.5
1,2024-09-28,17.10,37427.43,42747.35,12.7,14.2
1,2024-09-29,16.65,39600.00,42585.04,15.6,16.8
1,2024-09-30,16.96,39600.00,42422.21,16.2,18.1
1,2024-10-01,15.62,35650.22,42258.76,16.0,18.9
1,2024-10-02,7.58,13970.90,42094.79,11.7,19.0
1,2024-10-03,4.99,3946.37,41930.42,12.9,16.7
1,2024-10-04,4.10,7200.00,41765.76,15.1,19.5
1,2024-10-05,16.61,39600.00,41600.92,10.0,12.9
1,2024-10-06,14.56,28731.22,41435.99,14.1,16.6
1,2024-10-07,5.18,3892.07,41271.11,13.2,15.7
1,2024-10-08,13.90,36522.71,41106.38,7.6,12.8
1,2024-10-09,13.02,30165.93,40941.91,9.8,12.5
1,2024-10-10,11.87,35534.96,40777.82,8.8,11.4
1,2024-10-11,14.13,39600.00,40614.22,10.0,12.7
1,2024-10-12,14.62,39522.50,40451.23,11.8,13.6
1,2024-10-13,15.41,39426.01,40288.97,5.5,9.4
1,2024-10-14,14.37,35818.57,40127.56,11.1,14.0
1,2024-10-15,7.67,15276.33,39967.11,15.5,18.5
1,2024-10-16,14.61,39143.40,39807.76,7.9,9.2
1,2024-10-17,14.16,39051.88,39649.64,8.7,10.9
1,2024-10-18,12.09,29869.15,39492.86,15.2,19.9
1,2024-10-19,4.57,7101.39,39337.34,3.3,14.3
1,2024-10-20,8.86,34079.01,39181.78,1.1,6.6
1,2024-10-21,12.37,29292.35,39026.09,9.8,12.9
1,2024-10-22,5.49,11037.62,38870.41,13.1,17.1
1,2024-10-23,1.28,261.79,38714.85,14.7,19.3
1,2024-10-24,9.64,35621.20,38559.56,8.2,9.2
1,2024-10-25,13.13,36498.79,38404.68,7.5,11.0
1,2024-10-26,11.12,33532.79,38250.34,8.3,11.8
1,2024-10-27,8.71,20881.41,38096.68,10.5,12.6
1,2024-10-28,6.45,15997.10,37943.86,3.2,6.4
1,2024-10-29,10.86,34582.17,37792.01,4.0,9.2
1,2024-10-30,10.85,34999.13,37641.29,7.3,9.9
1,2024-10-31,11.65,32778.18,37491.84,7.4,9.8
1,2024-11-01,8.29,21349.41,37343.84,9.8,10.7
1,2024-11-02,5.95,9675.77,37197.43,7.5,11.3
1,2024-11-03,7.60,28331.02,37052.77,5.1,9.9
1,2024-11-04,3.37,6682.86,36910.05,6.6,13.5
1,2024-11-05,9.59,28800.00,36769.42,-0.3,1.3
1,2024-11-06,9.92,32637.38,36631.05,0.4,3.7
1,2024-11-07,9.40,31338.71,36495.12,-2.3,-0.2
1,2024-11-08,5.79,13629.57,36361.58,-0.0,1.1
1,2024-11-09,10.61,31023.75,36229.08,3.1,7.5
1,2024-11-10,7.63,28800.00,36097.54,10.0,12.3
1,2024-11-11,9.75,25372.95,35967.11,3.4,10.7
1,2024-11-12,5.99,15609.62,35837.92,3.6,8.5
1,2024-11-13,8.53,31037.67,35710.15,-0.3,1.7
1,2024-11-14,9.00,28800.00,35583.93,4.1,6.9
1,2024-11-15,3.76,13333.60,35459.43,6.8,11.5
1,2024-11-16,9.80,28800.00,35336.82,9.4,14.6
1,2024-11-17,3.22,7624.11,35216.26,1.9,15.5
1,2024-11-18,8.51,28800.00,35097.91,-6.3,-4.0
1,2024-11-19,4.31,3547.02,34981.94,-3.3,0.4
1,2024-11-20,5.90,23912.00,34868.54,3.5,7.4
1,2024-11-21,9.13,28800.00,34757.88,0.9,3.4
1,2024-11-22,7.23,29262.00,34650.13,1.4,3.7
1,2024-11-23,8.31,28800.00,34545.47,-1.1,-0.2
1,2024-11-24,4.65,6987.45,34444.09,-3.1,-2.2
1,2024-11-25,8.50,29993.77,34346.17,-1.4,3.1
1,2024-11-26,8.43,27857.91,34251.92,7.6,11.0
1,2024-11-27,4.55,19748.76,34161.50,5.1,9.5
1,2024-11-28,7.46,28497.06,34074.91,1.0,3.5
1,2024-11-29,6.92,28632.19,33991.16,-2.4,-0.3
1,2024-11-30,7.31,32400.00,33910.15,-3.4,-1.4
1,2024-12-01,6.34,25123.90,33832.00,-2.2,-0.2
1,2024-12-02,7.99,28414.18,33756.79,5.0,9.6
1,2024-12-03,5.16,11031.59,33684.65,-2.7,1.0
1,2024-12-04,6.16,27270.09,33615.68,-3.0,-0.5
1,2024-12-05,7.42,28800.00,33549.99,-3.1,-0.2
1,2024-12-06,3.52,13704.43,33487.68,-5.0,-1.3
1,2024-12-07,6.51,27274.37,33428.86,-4.6,-3.5
1,2024-12-08,6.95,25200.00,33373.63,-4.9,-3.0
1,2024-12-09,5.13,17871.93,33322.11,-4.2,-3.2
1,2024-12-10,5.38,21999.07,33274.40,-3.3,-2.2
1,2024-12-11,6.78,32297.79,33230.61,-7.5,-3.8
1,2024-12-12,7.72,31186.42,33190.82,-6.4,-4.5
1,2024-12-13,6.88,29703.41,33155.16,-5.6,-3.9
1,2024-12-14,6.23,28414.68,33123.72,-6.0,-2.7
1,2024-12-15,4.44,14913.49,33096.59,-5.6,-2.1
1,2024-12-16,6.50,29417.75,33073.88,-6.7,-5.6
1,2024-12-17,6.76,19745.40,33055.68,-6.2,-5.6
1,2024-12-18,6.91,28452.32,33042.05,-7.1,-6.0
1,2024-12-19,7.52,28800.00,33032.78,-5.7,-4.1
1,2024-12-20,4.61,12068.27,33027.80,-5.3,-4.5
1,2024-12-21,3.24,6815.21,33027.08,-4.1,-2.5
1,2024-12-22,6.13,24173.10,33030.59,-5.9,-4.7
1,2024-12-23,7.48,31000.29,33038.28,-6.4,-4.6
1,2024-12-24,6.34,24938.41,33050.12,-5.1,-3.5
1,2024-12-25,6.05,23037.47,33066.06,-0.6,4.4
1,2024-12-26,6.75,31767.73,33086.06,-6.0,-2.2
1,2024-12-27,7.35,29910.93,33110.06,-8.0,-6.7
1,2024-12-28,7.86,29172.06,33138.04,-6.6,-5.4
1,2024-12-29,7.70,28800.00,33169.93,-7.8,-5.2
1,2024-12-30,7.62,26602.58,33205.69,-2.5,1.1
1,2024-12-31,4.11,5209.67,33245.25,-3.6,2.0
1,2025-01-01,7.63,30659.13,33288.57,-6.4,-5.4
1,2025-01-02,7.03,31732.17,33335.59,-7.4,-5.6
1,2025-01-03,7.28,31731.40,33386.26,-9.0,-7.8
1,2025-01-04,8.09,31733.22,33440.50,-8.1,-6.3
1,2025-01-05,6.18,22044.42,33498.28,-2.8,4.4
1,2025-01-06,1.21,1459.09,33559.52,1.3,3.9
1,2025-01-07,2.46,6303.47,33624.30,-2.7,0.2
1,2025-01-08,7.03,24238.32,33693.36,-5.5,-4.6
1,2025-01-09,8.01,31461.78,33766.67,-6.1,-3.6
1,2025-01-10,8.43,31798.55,33844.06,-5.1,-1.7
1,2025-01-11,7.64,28800.00,33925.36,-4.7,-2.4
1,2025-01-12,4.44,13307.55,34010.41,-1.6,0.3
1,2025-01-13,7.53,25813.34,34099.04,-2.1,0.6
1,2025-01-14,7.94,31574.58,34191.08,-4.3,-0.5
1,2025-01-15,8.00,31916.68,34286.36,-9.3,-6.9
1,2025-01-16,6.35,15881.53,34384.73,-7.2,-4.9
1,2025-01-17,7.97,28723.09,34486.02,-9.2,-6.6
1,2025-01-18,5.50,14539.55,34590.08,-5.3,1.3
1,2025-01-19,2.30,3441.84,34696.75,2.7,4.6
1,2025-01-20,6.69,26557.25,34805.86,-2.9,-0.1
1,2025-01-21,7.86,28914.03,34917.28,-0.9,1.2
1,2025-01-22,6.54,22692.87,35030.85,-0.4,1.6
1,2025-01-23,6.96,20076.78,35146.40,0.1,1.6
1,2025-01-24,8.08,27276.70,35263.82,-1.3,1.1
1,2025-01-25,6.35,27384.63,35382.95,-2.1,0.7
1,2025-01-26,10.92,31371.85,35503.63,-2.4,-0.4
1,2025-01-27,5.10,13271.48,35625.99,-0.9,0.9
1,2025-01-28,7.04,23575.81,35751.28,-1.1,2.1
1,2025-01-29,6.77,18026.74,35879.54,-3.1,-1.0
1,2025-01-30,5.59,10959.19,36010.59,-5.2,-4.8
1,2025-01-31,5.46,4745.98,36144.24,-5.4,-4.8
1,2025-02-01,7.39,26615.41,36280.29,-4.5,-3.6
1,2025-02-02,6.11,10221.83,36418.58,-4.8,-3.5
1,2025-02-03,6.33,8074.71,36558.91,-0.5,1.1
1,2025-02-04,9.51,35654.35,36701.12,-5.1,-1.5
1,2025-02-05,8.89,33011.83,36845.03,-6.0,-4.0
1,2025-02-06,5.38,11446.97,36990.48,-6.1,-4.6
1,2025-02-07,10.95,35094.49,37137.29,-8.0,-6.9
1,2025-02-08,12.49,35963.86,37285.32,-5.5,-3.5
1,2025-02-09,9.26,27431.64,37434.40,-5.8,-4.9
1,2025-02-10,11.37,35904.63,37584.38,-6.7,-6.0
1,2025-02-11,11.64,32400.00,37735.10,-5.9,-2.5
1,2025-02-12,5.10,496.74,37886.41,-0.4,2.4
1,2025-02-13,10.20,29693.75,38038.17,-6.1,-2.3
1,2025-02-14,12.67,36000.00,38190.24,-6.0,-4.0
1,2025-02-15,11.77,31858.01,38342.47,-1.2,2.1
1,2025-02-16,10.36,31850.85,38494.98,1.3,4.6
1,2025-02-17,7.02,13423.79,38649.11,-4.7,-1.5
1,2025-02-18,9.70,24619.51,38804.97,-7.6,-4.7
1,2025-02-19,13.19,35911.81,38962.40,-5.3,-4.1
1,2025-02-20,12.40,34269.42,39121.26,-6.2,-3.5
1,2025-02-21,9.81,17719.86,39281.39,-6.4,-4.4
1,2025-02-22,11.24,25348.76,39442.66,-6.0,-4.7
1,2025-02-23,11.78,35029.86,39604.93,-6.3,-5.2
1,2025-02-24,8.86,15243.40,39768.06,-4.2,-2.3
1,2025-02-25,13.89,35352.79,39931.92,-1.2,3.1
1,2025-02-26,15.01,36120.16,40096.37,-5.9,-3.3
1,2025-02-27,11.30,23943.01,40261.28,-2.3,2.4
1,2025-02-28,14.27,37903.71,40426.52,4.2,5.5
1,2025-03-01,15.29,32505.10,40591.98,2.3,6.0
1,2025-03-02,15.06,32400.00,40757.51,-5.4,-1.4
1,2025-03-03,8.57,9722.16,40923.00,-7.8,-7.1
1,2025-03-04,11.53,18487.04,41088.32,-5.5,-0.3
1,2025-03-05,2.47,0.00,41253.35,0.7,1.3
1,2025-03-06,7.50,14961.94,41417.98,-2.3,0.6
1,2025-03-07,14.82,34624.47,41582.08,-6.3,-4.4
1,2025-03-08,16.11,35473.63,41745.75,-6.9,-5.1
1,2025-03-09,12.56,33253.92,41910.24,-2.7,0.6
1,2025-03-10,17.51,40513.35,42075.68,-2.0,2.4
1,2025-03-11,15.43,39192.88,42241.94,4.7,7.4
1,2025-03-12,13.55,36637.14,42408.92,5.0,7.6
1,2025-03-13,16.74,40272.37,42576.51,-1.4,2.9
1,2025-03-14,11.78,24491.81,42744.59,-3.4,-2.7
1,2025-03-15,9.08,9016.80,42913.06,-4.3,-3.5
1,2025-03-16,4.67,0.00,43081.81,-0.6,0.8
1,2025-03-17,7.35,7375.37,43250.74,-4.1,-0.4
1,2025-03-18,17.25,39319.55,43419.74,-5.5,-3.0
1,2025-03-19,17.61,38996.75,43588.69,-4.2,-2.4
1,2025-03-20,16.65,33139.38,43757.50,-0.9,5.1
1,2025-03-21,9.03,16280.80,43926.06,6.5,7.5
1,2025-03-22,14.44,25779.59,44094.26,-1.7,5.9
1,2025-03-23,17.40,42613.70,44261.99,-2.1,-0.2
1,2025-03-24,17.59,30138.33,44429.15,3.4,8.2
1,2025-03-25,16.44,28968.15,44595.61,8.2,9.1
1,2025-03-26,10.62,17704.47,44761.28,-0.3,3.8
1,2025-03-27,5.85,7200.00,44926.05,5.9,8.5
1,2025-03-28,6.55,6149.28,45090.00,0.4,8.8
1,2025-03-29,19.95,35804.37,45254.30,-6.1,0.1
1,2025-03-30,15.58,34350.22,45419.05,-5.3,0.7
1,2025-03-31,19.20,39600.00,45584.15,-4.8,-2.8
1,2025-04-01,20.02,35998.70,45749.52,0.8,3.9
1,2025-04-02,4.13,0.00,45915.03,3.3,4.3
1,2025-04-03,5.31,4139.80,46080.59,2.5,4.0
1,2025-04-04,10.81,25979.75,46246.10,0.4,0.9
1,2025-04-05,12.35,27537.87,46411.45,2.2,3.8
1,2025-04-06,13.65,32302.67,46576.54,5.9,7.2
1,2025-04-07,13.70,22153.87,46741.26,4.8,6.0
1,2025-04-08,16.16,31084.43,46905.49,3.8,5.3
1,2025-04-09,20.62,42864.35,47069.14,6.3,7.7
1,2025-04-10,11.56,16849.88,47232.09,5.6,8.5
1,2025-04-11,19.58,42393.37,47394.23,7.0,8.4
1,2025-04-12,19.54,36000.00,47555.42,8.4,11.1
1,2025-04-13,12.41,13970.49,47715.58,8.3,9.1
1,2025-04-14,2.96,4985.54,47874.56,6.5,8.8
1,2025-04-15,10.32,10116.96,48032.25,5.1,6.8
1,2025-04-16,19.86,45802.81,48188.52,4.2,6.0
1,2025-04-17,21.88,36000.00,48343.45,6.8,9.9
1,2025-04-18,9.03,9062.80,48498.15,9.7,11.9
1,2025-04-19,17.48,25200.00,48652.74,6.7,12.0
1,2025-04-20,10.63,15621.21,48807.10,6.5,11.9
1,2025-04-21,23.39,46690.55,48961.11,4.8,6.5
1,2025-04-22,19.47,25200.00,49114.67,5.5,8.8
1,2025-04-23,9.27,9982.60,49267.66,8.6,10.3
1,2025-04-24,18.68,36000.00,49419.96,8.7,9.9
1,2025-04-25,9.36,21600.00,49571.44,5.4,9.4
1,2025-04-26,22.19,39600.00,49722.00,3.5,5.2
1,2025-04-27,15.67,23035.78,49871.50,4.9,6.7
1,2025-04-28,10.97,4325.10,50019.82,5.2,6.5
1,2025-04-29,5.75,1367.24,50166.81,5.6,6.7
1,2025-04-30,18.25,42223.46,50312.36,3.7,5.3
1,2025-05-01,25.05,44696.37,50456.31,7.5,10.7
1,2025-05-02,22.81,37105.58,50598.55,10.5,12.2
1,2025-05-03,19.07,23961.36,50738.91,8.1,8.9
1,2025-05-04,18.30,37074.43,50877.26,7.7,10.0
1,2025-05-05,23.03,37596.92,51013.44,8.3,9.1
1,2025-05-06,18.19,30396.86,51147.30,6.3,8.1
1,2025-05-07,14.10,32461.88,51278.89,8.2,11.2
1,2025-05-08,25.89,46928.28,51409.23,8.4,10.3
1,2025-05-09,22.19,29469.38,51538.41,7.1,12.0
1,2025-05-10,8.57,4952.96,51666.32,12.2,13.8
1,2025-05-11,16.84,36736.29,51792.83,9.2,10.8
1,2025-05-12,10.30,7406.24,51917.81,10.6,11.6
1,2025-05-13,22.08,41624.21,52041.16,10.4,11.7
1,2025-05-14,11.25,10986.99,52162.74,8.6,11.6
1,2025-05-15,17.65,20828.41,52282.42,12.4,14.2
1,2025-05-16,19.20,40009.54,52400.08,14.0,16.2
1,2025-05-17,12.84,15911.58,52515.58,14.7,16.5
1,2025-05-18,12.20,23700.48,52628.79,9.5,13.3
1,2025-05-19,24.01,30462.14,52739.58,8.4,12.1
1,2025-05-20,21.10,33214.48,52847.78,9.8,12.8
1,2025-05-21,20.93,27439.22,52953.29,10.9,12.7
1,2025-05-22,24.89,48920.81,53055.93,9.2,12.8
1,2025-05-23,24.42,41403.48,53155.59,7.6,9.5
1,2025-05-24,14.99,19009.30,53252.10,10.4,10.9
1,2025-05-25,5.41,3600.00,53345.31,9.2,10.2
1,2025-05-26,19.37,39687.64,53435.09,10.3,11.5
1,2025-05-27,26.38,48443.43,53521.42,9.5,11.8
1,2025-05-28,26.50,50205.49,53605.03,9.8,14.9
1,2025-05-29,27.51,49446.66,53685.98,9.4,12.7
1,2025-05-30,21.70,24635.43,53764.17,13.3,19.5
1,2025-05-31,13.14,20133.64,53839.55,8.4,11.2
1,2025-06-01,23.96,37059.94,53912.01,11.9,12.9
1,2025-06-02,18.15,31043.95,53981.48,11.4,12.5
1,2025-06-03,15.57,18338.63,54047.86,12.3,13.9
1,2025-06-04,17.55,38209.57,54111.09,12.3,14.2
1,2025-06-05,15.17,32792.88,54171.08,12.8,13.7
1,2025-06-06,23.47,45191.62,54227.74,13.4,15.6
1,2025-06-07,16.10,25606.76,54280.99,14.2,15.3
1,2025-06-08,27.31,51726.17,54330.76,12.8,15.6
1,2025-06-09,28.27,51724.10,54376.97,13.2,18.1
1,2025-06-10,25.07,32400.00,54419.52,16.4,19.5
1,2025-06-11,13.96,15866.90,54458.35,15.5,18.5
1,2025-06-12,18.94,41244.86,54493.38,12.5,14.5
1,2025-06-13,27.28,50400.00,54524.53,14.1,16.1
1,2025-06-14,20.52,32473.15,54551.73,16.9,18.8
1,2025-06-15,15.73,19240.86,54574.91,18.4,21.1
1,2025-06-16,15.51,20038.90,54594.02,18.0,20.3
1,2025-06-17,13.43,18484.08,54609.21,17.8,18.5
1,2025-06-18,23.93,48382.39,54620.52,17.9,20.0
1,2025-06-19,25.33,46309.83,54627.96,19.8,23.0
1,2025-06-20,22.74,33452.79,54631.57,19.8,23.3
1,2025-06-21,10.23,7723.06,54631.35,20.2,21.7
1,2025-06-22,9.12,2654.93,54627.36,18.0,19.5
1,2025-06-23,19.60,34167.20,54619.59,17.9,18.5
1,2025-06-24,27.99,51079.45,54608.08,15.7,19.3
1,2025-06-25,22.19,30593.08,54592.87,19.7,21.8
1,2025-06-26,8.87,3755.14,54573.98,20.8,23.6
1,2025-06-27,15.43,27744.79,54551.45,18.1,20.4
1,2025-06-28,25.48,39600.00,54525.32,18.8,21.3
1,2025-06-29,19.07,28800.00,54495.62,19.6,20.5
1,2025-06-30,19.03,40867.32,54462.40,20.6,21.3
1,2025-07-01,17.99,30574.95,54425.67,21.5,22.6
1,2025-07-02,22.37,39396.49,54385.51,22.3,23.8
1,2025-07-03,21.67,33414.96,54341.94,22.9,23.8
1,2025-07-04,5.67,2132.56,54295.01,22.3,23.6
1,2025-07-05,15.29,32365.13,54244.76,21.9,23.0
1,2025-07-06,18.76,30844.79,54191.14,22.8,23.2
1,2025-07-07,21.88,44282.13,54133.64,20.7,24.3
1,2025-07-08,28.56,51270.75,54072.28,16.1,22.7
1,2025-07-09,28.47,50941.03,54007.18,16.7,22.0
1,2025-07-10,26.67,50148.99,53938.48,16.5,18.4
1,2025-07-11,23.42,48901.78,53866.28,14.3,15.4
1,2025-07-12,27.22,50400.00,53790.73,15.1,17.6
1,2025-07-13,26.08,50400.00,53711.93,18.1,20.3
1,2025-07-14,25.48,44144.61,53630.03,21.6,23.2
1,2025-07-15,10.29,9544.84,53545.12,23.9,24.9
1,2025-07-16,20.60,45657.55,53457.35,23.0,25.3
1,2025-07-17,24.61,46640.48,53366.83,23.5,24.7
1,2025-07-18,19.33,37143.51,53273.69,23.4,25.0
1,2025-07-19,18.20,35891.45,53178.03,23.6,24.5
1,2025-07-20,21.85,44216.63,53079.99,24.2,24.7
1,2025-07-21,20.74,49887.48,52979.66,24.1,25.0
1,2025-07-22,21.45,39390.73,52877.19,24.5,25.5
1,2025-07-23,24.74,47653.15,52772.66,23.9,24.8
1,2025-07-24,24.70,50400.00,52666.20,23.5,25.3
1,2025-07-25,23.73,39235.29,52557.92,22.9,24.1
1,2025-07-26,8.81,4464.76,52447.75,24.3,25.4
1,2025-07-27,12.70,21602.43,52334.77,24.0,25.0
1,2025-07-28,20.88,42557.51,52218.95,24.2,24.9
1,2025-07-29,25.17,50120.62,52100.44,23.0,24.3
1,2025-07-30,22.13,49043.34,51979.41,22.7,23.8
1,2025-07-31,22.36,44890.61,51855.99,22.4,23.9
1,2025-08-01,24.82,45834.69,51730.35,22.4,24.2
1,2025-08-02,23.56,43150.85,51602.62,24.2,25.3
1,2025-08-03,23.57,47213.76,51472.94,22.2,23.6
1,2025-08-04,14.69,23915.15,51341.45,23.5,24.4
1,2025-08-05,21.47,38222.04,51208.30,22.6,24.4
1,2025-08-06,8.13,0.00,51073.60,21.9,23.3
1,2025-08-07,14.73,25585.48,50937.50,21.2,23.3
1,2025-08-08,20.32,42641.81,50800.13,19.9,21.0
1,2025-08-09,23.72,43734.75,50661.60,20.6,21.8
1,2025-08-10,21.95,47824.76,50522.05,20.3,22.1
1,2025-08-11,23.86,44297.06,50381.58,22.0,23.3
1,2025-08-12,22.26,47452.65,50240.33,20.5,22.4
1,2025-08-13,23.81,44838.83,50098.41,19.4,21.4
1,2025-08-14,14.50,24873.15,49955.92,21.9,24.2
1,2025-08-15,24.31,47363.58,49812.80,20.4,22.2
1,2025-08-16,21.09,40229.36,49667.96,21.7,22.8
1,2025-08-17,10.98,21773.04,49521.35,21.5,24.2
1,2025-08-18,21.43,43312.37,49373.10,19.8,22.6
1,2025-08-19,8.53,13369.81,49223.36,23.4,24.2
1,2025-08-20,11.08,24091.68,49072.23,22.8,23.9
1,2025-08-21,22.32,43200.00,48919.86,19.7,23.9
1,2025-08-22,14.80,26055.58,48766.36,21.9,25.7
1,2025-08-23,17.23,46680.10,48611.85,22.5,25.3
1,2025-08-24,23.49,46619.56,48456.46,21.5,23.1
1,2025-08-25,21.76,38916.61,48300.29,22.5,24.5
1,2025-08-26,17.87,38393.93,48143.46,24.5,26.1
1,2025-08-27,19.34,46437.99,47986.08,18.8,23.0
1,2025-08-28,13.56,21247.39,47828.27,18.6,21.2
1,2025-08-29,6.09,8747.91,47670.12,20.2,23.7
1,2025-08-30,20.90,44774.06,47511.74,20.4,23.9
1,2025-08-31,20.22,45729.92,47353.24,20.9,22.9
1,2025-09-01,7.11,7340.09,47194.73,23.8,25.2
1,2025-09-02,9.44,15644.20,47036.29,22.1,24.1
1,2025-09-03,20.64,41814.66,46878.03,18.3,20.1
1,2025-09-04,13.76,27812.37,46719.85,20.2,21.4
1,2025-09-05,19.27,42094.31,46560.67,20.2,21.6
1,2025-09-06,17.82,36000.00,46400.42,20.5,22.2
1,2025-09-07,8.99,23042.83,46239.18,21.2,23.8
1,2025-09-08,19.99,35812.57,46077.08,17.7,19.8
1,2025-09-09,8.87,10737.50,45914.22,19.1,20.6
1,2025-09-10,13.88,26346.54,45750.70,17.7,20.1
1,2025-09-11,19.88,43377.38,45586.63,17.8,19.7
1,2025-09-12,19.70,35400.68,45422.11,18.7,19.5
1,2025-09-13,4.41,8942.83,45257.23,20.9,23.2
1,2025-09-14,18.81,41418.05,45092.11,16.8,19.5
1,2025-09-15,17.34,41804.99,44926.83,19.7,21.7
1,2025-09-16,19.16,37107.24,44761.49,19.5,22.5
1,2025-09-17,16.06,31934.34,44596.21,16.7,22.3
1,2025-09-18,17.02,38143.57,44431.05,12.1,14.6
1,2025-09-19,16.86,33408.22,44266.14,12.9,15.1
1,2025-09-20,5.87,7463.06,44101.55,14.8,17.6
1,2025-09-21,16.23,40152.43,43937.39,12.1,13.6
1,2025-09-22,15.93,34240.19,43773.76,12.2,14.3
1,2025-09-23,16.88,39894.99,43610.74,14.0,16.0
1,2025-09-24,14.72,22768.80,43448.24,15.7,17.9
1,2025-09-25,8.71,27733.01,43285.12,18.2,22.3
1,2025-09-26,16.48,39600.00,43121.31,14.0,16.3
1,2025-09-27,16.88,37568.45,42956.90,14.0,14.7
1,2025-09-28,12.26,20293.27,42791.99,14.7,16.4
1,2025-09-29,14.77,36000.00,42626.70,15.1,16.5
1,2025-09-30,16.57,35478.42,42461.13,14.4,17.9
1,2025-10-01,11.27,32240.43,42295.38,16.1,17.7
1,2025-10-02,14.60,39600.00,42129.55,16.0,17.4
1,2025-10-03,16.94,39600.00,41963.76,14.8,17.3
1,2025-10-04,16.19,32548.55,41798.12,16.7,18.9
1,2025-10-05,10.22,26062.46,41632.72,15.4,19.2
1,2025-10-06,15.07,36408.42,41467.67,7.8,9.8
1,2025-10-07,15.38,39600.00,41303.10,13.6,16.8
1,2025-10-08,13.24,36000.00,41139.09,9.2,13.1
1,2025-10-09,12.81,35975.54,40975.77,7.1,9.1
1,2025-10-10,10.11,28762.04,40813.25,4.9,6.3
1,2025-10-11,8.32,11215.52,40651.64,7.6,13.2
1,2025-10-12,7.17,14543.42,40491.07,13.0,14.9
1,2025-10-13,13.39,36425.06,40331.64,8.0,11.8
1,2025-10-14,14.16,37574.67,40173.25,10.0,11.8
1,2025-10-15,13.55,32067.50,40014.66,8.7,11.1
1,2025-10-16,6.31,17575.37,39855.78,11.7,14.2
1,2025-10-17,12.32,28800.00,39696.71,10.1,12.9
1,2025-10-18,2.05,769.85,39537.60,9.8,15.4
1,2025-10-19,7.85,20506.43,39378.56,4.3,7.8
1,2025-10-20,6.63,21593.68,39219.74,1.8,4.7
1,2025-10-21,11.50,36018.01,39061.24,2.3,4.8
1,2025-10-22,10.55,33302.95,38903.22,2.7,4.3
1,2025-10-23,10.25,31060.43,38745.80,1.6,2.9
1,2025-10-24,10.68,34766.40,38589.13,1.0,4.7
1,2025-10-25,8.11,19319.32,38433.33,6.4,10.5
1,2025-10-26,6.50,17574.97,38278.56,12.2,13.6
1,2025-10-27,10.89,36022.01,38124.97,2.3,8.6
1,2025-10-28,10.91,34152.25,37972.69,-0.3,2.3
1,2025-10-29,10.89,32348.27,37821.88,0.1,3.7
1,2025-10-30,11.63,32845.65,37672.69,6.2,9.5
1,2025-10-31,7.39,15157.51,37525.29,9.7,11.5
1,2025-11-01,4.91,13241.60,37379.83,8.7,9.8
1,2025-11-02,8.31,17491.56,37236.48,5.8,9.1
1,2025-11-03,11.31,33663.53,37095.15,1.7,3.9
1,2025-11-04,7.20,20390.19,36954.51,4.8,10.5
1,2025-11-05,9.10,33254.74,36814.47,6.9,10.1
1,2025-11-06,10.25,33296.52,36675.17,6.1,9.3
1,2025-11-07,9.53,32057.62,36536.76,-0.9,2.2
1,2025-11-08,5.98,12595.25,36399.38,0.4,4.6
1,2025-11-09,5.33,14821.35,36263.20,6.3,10.6
1,2025-11-10,6.77,21060.89,36128.36,-0.1,3.4
1,2025-11-11,9.07,32400.00,35995.05,-2.5,-0.4
1,2025-11-12,9.01,28800.00,35863.41,1.6,9.0
1,2025-11-13,7.51,30246.11,35733.61,2.0,9.1
1,2025-11-14,6.33,20585.61,35605.83,-1.6,-1.1
1,2025-11-15,6.65,27375.70,35480.24,-0.9,1.6
1,2025-11-16,9.67,28800.00,35357.01,5.4,10.8
1,2025-11-17,3.09,8584.52,35236.33,-2.9,4.3
1,2025-11-18,8.61,31128.99,35118.38,-5.3,-3.5
1,2025-11-19,5.42,15904.43,35003.34,-0.6,2.7
1,2025-11-20,4.23,14273.04,34891.41,4.7,8.6
1,2025-11-21,7.40,26007.24,34782.76,-2.5,-0.5
1,2025-11-22,4.48,9562.81,34677.61,0.9,7.9
1,2025-11-23,8.72,28800.00,34575.93,7.5,8.9
1,2025-11-24,7.24,27916.90,34476.57,5.1,8.1
1,2025-11-25,7.93,25545.95,34379.45,6.8,8.2
1,2025-11-26,7.19,32400.00,34284.70,2.0,5.3
1,2025-11-27,8.40,29352.38,34192.43,5.5,9.3
1,2025-11-28,5.53,22781.44,34102.79,-1.6,5.2
1,2025-11-29,6.03,18963.84,34015.89,0.2,8.1
1,2025-11-30,7.75,30983.04,33931.88,5.0,11.8
1,2025-12-01,6.70,28800.00,33850.88,-0.3,10.1
1,2025-12-02,2.93,3600.00,33773.03,-0.1,6.7
1,2025-12-03,2.52,3600.00,33698.46,-6.9,-4.7
1,2025-12-04,6.44,28486.19,33627.31,-6.3,-3.9
1,2025-12-05,8.24,29639.72,33559.70,-5.0,-2.3
1,2025-12-06,4.33,14289.54,33495.79,3.0,5.6
1,2025-12-07,6.96,28800.00,33435.69,1.2,4.8
1,2025-12-08,3.01,10224.02,33379.54,-1.9,5.3
1,2025-12-09,6.82,31715.93,33327.49,-5.1,-3.1
1,2025-12-10,7.44,28800.00,33279.66,-3.9,4.5
1,2025-12-11,2.01,3510.50,33236.18,-4.8,5.6
1,2025-12-12,6.85,32265.46,33197.20,-9.1,-7.4
1,2025-12-13,3.93,8768.56,33162.73,-4.8,-0.4
1,2025-12-14,1.19,2798.98,33132.34,1.4,2.9
1,2025-12-15,4.40,14400.00,33105.95,-3.4,0.2
1,2025-12-16,3.60,6817.20,33083.58,-5.3,0.7
1,2025-12-17,3.11,500.17,33065.23,-6.4,-5.4
1,2025-12-18,3.28,432.43,33050.90,-5.5,-3.6
1,2025-12-19,1.90,0.00,33040.60,5.0,10.2
1,2025-12-20,2.89,8563.75,33034.34,11.2,12.3
1,2025-12-21,1.45,3127.69,33032.10,-1.1,9.7
1,2025-12-22,4.41,11613.64,33033.89,-4.7,-3.5
1,2025-12-23,3.66,3883.95,33039.69,-1.3,4.1
1,2025-12-24,1.78,806.56,33049.52,3.8,8.3
1,2025-12-25,2.62,0.00,33063.35,-2.8,-1.8
1,2025-12-26,4.72,13953.23,33081.17,-10.3,-3.0
1,2025-12-27,6.70,27659.08,33102.98,-8.8,-5.8
1,2025-12-28,6.26,28193.36,33128.75,-2.4,4.0
1,2025-12-29,2.97,12663.42,33158.48,2.1,4.9
1,2025-12-30,7.11,27783.93,33192.13,-4.2,1.5
1,2025-12-31,8.05,31740.40,33229.70,-10.4,-9.0
1,2026-01-01,7.92,28800.00,33271.16,-8.4,-3.6
1,2026-01-02,6.67,25200.00,33316.58,-3.8,-3.1
1,2026-01-03,5.16,15190.58,33366.48,-5.0,-3.4
1,2026-01-04,4.45,10883.33,33420.80,-6.9,-5.4
1,2026-01-05,5.39,18733.51,33479.42,-9.3,-7.8
1,2026-01-06,6.90,28800.00,33542.17,-7.8,-5.3
1,2026-01-07,2.20,3349.94,33608.93,-2.1,2.5
1,2026-01-08,6.39,31768.92,33679.55,-9.3,-8.1
1,2026-01-09,4.29,12850.37,33753.88,-3.4,2.5
1,2026-01-10,0.97,2998.24,33831.78,2.2,5.1
1,2026-01-11,7.91,30918.70,33913.10,-5.6,-2.4
1,2026-01-12,8.32,28800.00,33997.71,-7.5,-2.9
1,2026-01-13,2.38,3622.35,34085.45,-6.1,2.1
1,2026-01-14,7.75,28800.00,34176.20,-9.5,-5.9
1,2026-01-15,3.65,2299.60,34269.81,-2.9,-1.2
1,2026-01-16,3.58,6313.41,34366.13,-4.9,-3.1
1,2026-01-17,2.89,7780.71,34465.05,-5.3,-2.5
1,2026-01-18,8.16,28800.00,34566.41,-5.0,-3.1
1,2026-01-19,2.78,2647.32,34670.08,-5.2,-1.5
1,2026-01-20,8.56,29992.81,34775.94,-9.5,-8.0
1,2026-01-21,8.08,27523.99,34883.85,-9.3,-8.1
1,2026-01-22,7.28,24574.38,34993.90,-9.1,-8.3
1,2026-01-23,8.90,32428.01,35107.28,-8.9,-7.8
1,2026-01-24,9.58,28611.06,35224.01,-9.4,-8.6
1,2026-01-25,7.43,22220.29,35343.88,-9.5,-8.5
1,2026-01-26,6.69,12840.21,35466.72,-6.2,-4.4
1,2026-01-27,3.79,6288.63,35592.32,-5.2,-3.6
1,2026-01-28,9.45,29859.35,35720.51,-5.2,-4.4
1,2026-01-29,8.61,28658.37,35851.10,-5.9,-3.7
1,2026-01-30,10.92,33712.55,35983.92,-7.4,-5.5
1,2026-01-31,10.12,31520.48,36118.77,-5.5,-3.4
2,2021-01-01,7.64,30805.90,33047.08,-15.6,-14.8
2,2021-01-02,7.97,28800.00,33095.49,-13.9,-11.1
2,2021-01-03,4.52,2623.76,33147.63,-9.9,-9.3
2,2021-01-04,7.60,30437.78,33203.45,-11.1,-10.5
2,2021-01-05,9.10,31742.69,33262.86,-12.7,-10.6
2,2021-01-06,6.56,17789.65,33325.81,-10.2,-7.5
2,2021-01-07,5.97,15859.30,33392.24,-9.3,-6.8
2,2021-01-08,9.21,31773.45,33462.21,-14.4,-13.3
2,2021-01-09,8.53,30999.01,33536.51,-13.6,-11.9
2,2021-01-10,7.70,31806.66,33615.13,-12.3,-11.2
2,2021-01-11,8.27,28765.35,33697.88,-9.8,-7.0
2,2021-01-12,7.39,23716.87,33784.59,-1.6,0.6
2,2021-01-13,8.46,32260.24,33875.08,-3.6,-0.2
2,2021-01-14,9.27,31263.63,33969.17,-10.0,-5.5
2,2021-01-15,8.20,31197.72,34066.69,-4.3,3.5
2,2021-01-16,8.02,30558.60,34167.48,-4.3,1.1
2,2021-01-17,9.23,32586.86,34271.35,-9.6,-6.7
2,2021-01-18,7.88,18953.70,34378.15,-9.1,-7.4
2,2021-01-19,7.61,25974.98,34487.69,-12.8,-9.1
2,2021-01-20,4.48,3307.80,34599.83,-6.9,-0.6
2,2021-01-21,8.16,30061.17,34714.39,-2.6,-0.8
2,2021-01-22,9.47,29608.33,34831.22,-7.2,-1.4
2,2021-01-23,6.49,20728.45,34950.16,-9.1,-5.3
2,2021-01-24,10.66,34344.54,35071.05,-5.9,-1.9
2,2021-01-25,10.70,31430.76,35193.75,-3.0,-1.0
2,2021-01-26,6.96,15311.78,35318.10,1.3,3.2
2,2021-01-27,6.74,18560.69,35443.95,-6.3,3.8
2,2021-01-28,7.55,16096.43,35571.42,-5.3,0.6
2,2021-01-29,6.31,15564.27,35701.81,-4.6,-0.7
2,2021-01-30,9.23,31465.92,35835.17,-8.7,-3.0
2,2021-01-31,7.37,13805.53,35971.29,-10.7,-7.3
2,2021-02-01,9.02,26262.62,36110.01,-0.4,2.9
2,2021-02-02,11.06,30127.99,36251.13,-12.5,-3.7
2,2021-02-03,10.72,28800.00,36394.44,-14.5,-13.0
2,2021-02-04,11.31,31029.67,36539.78,-13.8,-11.5
2,2021-02-05,7.34,13774.64,36686.97,-6.2,-0.4
2,2021-02-06,9.12,31948.52,36835.83,-2.3,0.9
2,2021-02-07,11.79,32221.97,36986.19,-9.1,-5.1
2,2021-02-08,11.72,35762.18,37137.88,-12.4,-10.7
2,2021-02-09,9.86,18241.63,37290.75,-9.8,-8.1
2,2021-02-10,5.67,1494.04,37444.63,-6.8,-5.3
2,2021-02-11,9.40,24463.70,37599.35,-8.1,-6.1
2,2021-02-12,13.80,36000.00,37754.77,-7.2,-3.9
2,2021-02-13,13.73,34616.73,37910.74,-3.4,0.4
2,2021-02-14,11.49,26308.56,38067.10,1.3,2.6
2,2021-02-15,3.34,0.00,38223.72,2.6,4.1
2,2021-02-16,7.13,11062.41,38380.43,-9.3,-4.0
2,2021-02-17,12.30,34805.15,38537.38,-8.5,-5.1
2,2021-02-18,12.23,32400.00,38695.91,-4.1,-2.5
2,2021-02-19,9.43,18418.44,38856.15,-1.7,3.1
2,2021-02-20,7.95,13383.65,39017.93,-4.0,2.0
2,2021-02-21,13.87,32400.00,39181.11,-8.4,-5.8
2,2021-02-22,10.44,19576.62,39345.55,-1.3,0.6
2,2021-02-23,12.86,36561.99,39511.10,-9.6,-8.2
2,2021-02-24,14.65,31832.01,39677.62,-12.1,-11.2
2,2021-02-25,12.54,30568.60,39844.97,-7.2,-4.0
2,2021-02-26,12.14,31071.35,40013.03,-9.8,-7.6
2,2021-02-27,13.53,35713.68,40181.65,-8.4,-4.7
2,2021-02-28,14.72,32400.00,40350.72,0.8,3.9
2,2021-03-01,6.84,1184.94,40520.09,0.3,3.5
2,2021-03-02,2.46,2839.40,40689.63,-4.3,-0.8
2,2021-03-03,12.41,33588.67,40859.24,-9.7,-6.8
2,2021-03-04,16.18,32400.00,41028.78,-1.1,5.3
2,2021-03-05,16.13,32400.00,41198.12,2.8,5.7
2,2021-03-06,10.64,14884.21,41367.15,-10.1,-6.3
2,2021-03-07,16.54,35891.52,41535.74,-8.5,-5.4
2,2021-03-08,15.56,39308.13,41703.77,-7.8,-4.9
2,2021-03-09,18.54,38642.66,41871.36,-2.0,1.5
2,2021-03-10,13.08,38679.80,42039.77,-3.4,-0.1
2,2021-03-11,15.88,28513.49,42209.11,0.0,3.6
2,2021-03-12,17.90,37107.62,42379.28,-3.3,3.8
2,2021-03-13,15.82,23472.12,42550.16,0.8,1.6
2,2021-03-14,12.29,20094.09,42721.64,-2.6,0.6
2,2021-03-15,19.82,39053.74,42893.61,-2.2,1.8
2,2021-03-16,9.95,15073.67,43065.96,1.0,3.7
2,2021-03-17,9.87,24348.07,43238.57,-0.6,0.8
2,2021-03-18,8.83,18595.50,43411.35,-1.1,1.1
2,2021-03-19,14.42,36887.00,43584.17,-2.0,-0.6
2,2021-03-20,16.00,27493.55,43756.93,-1.2,1.4
2,2021-03-21,2.97,7200.00,43929.53,2.9,6.1
2,2021-03-22,16.43,41903.07,44101.85,-1.9,2.3
2,2021-03-23,17.65,41686.21,44273.78,0.2,5.8
2,2021-03-24,15.25,32358.19,44445.21,6.7,7.6
2,2021-03-25,8.57,6042.17,44616.03,6.0,8.8
2,2021-03-26,18.46,42694.47,44786.13,0.8,5.1
2,2021-03-27,18.25,35737.75,44955.39,0.2,3.8
2,2021-03-28,12.77,21600.00,45123.71,7.1,10.3
2,2021-03-29,13.01,35055.12,45291.17,7.1,10.7
2,2021-03-30,18.26,43208.01,45458.96,2.9,5.3
2,2021-03-31,19.65,43534.76,45627.20,2.2,4.9
2,2021-04-01,20.49,44172.05,45795.78,-0.4,2.0
2,2021-04-02,18.96,41819.93,45964.60,1.7,6.0
2,2021-04-03,10.69,21609.53,46133.56,8.4,11.1
2,2021-04-04,5.03,5732.26,46302.55,3.4,6.6
2,2021-04-05,22.97,44703.69,46471.46,-1.5,1.3
2,2021-04-06,19.25,37167.88,46640.18,-0.6,1.5
2,2021-04-07,19.76,45543.85,46808.62,1.3,5.9
2,2021-04-08,20.48,45037.74,46976.66,-6.8,-4.1
2,2021-04-09,19.57,44597.22,47144.18,-2.5,-0.2
2,2021-04-10,20.91,45229.27,47311.08,-0.8,2.5
2,2021-04-11,22.65,46395.45,47477.23,1.0,2.7
2,2021-04-12,20.47,32925.96,47642.53,2.8,8.2
2,2021-04-13,5.38,5024.80,47806.84,6.7,10.9
2,2021-04-14,18.52,40711.23,47970.05,-4.6,-0.7
2,2021-04-15,20.65,44560.83,48132.04,1.5,5.2
2,2021-04-16,17.43,26501.72,48292.67,4.7,9.6
2,2021-04-17,5.19,472.46,48451.81,9.2,11.2
2,2021-04-18,3.00,0.00,48609.55,5.9,9.0
2,2021-04-19,19.36,40144.74,48767.02,4.4,6.2
2,2021-04-20,24.26,46800.00,48924.33,-3.6,6.5
2,2021-04-21,24.90,46800.00,49081.36,-3.7,1.9
2,2021-04-22,23.76,46800.00,49238.00,0.6,3.6
2,2021-04-23,25.03,45302.96,49394.14,2.3,6.0
2,2021-04-24,19.55,32620.58,49549.65,4.3,6.2
2,2021-04-25,21.11,46800.00,49704.42,-0.1,4.5
2,2021-04-26,25.71,46800.00,49858.32,-2.2,1.7
2,2021-04-27,24.50,40357.46,50011.23,1.3,3.9
2,2021-04-28,17.93,32419.64,50163.03,8.2,11.4
2,2021-04-29,11.62,6151.76,50313.57,7.7,10.4
2,2021-04-30,14.31,30867.79,50462.73,4.4,6.9
2,2021-05-01,21.86,28323.86,50610.36,3.8,4.9
2,2021-05-02,14.48,21662.36,50756.34,2.4,4.2
2,2021-05-03,14.19,31586.68,50900.51,3.3,5.8
2,2021-05-04,24.65,40879.42,51042.73,5.9,8.9
2,2021-05-05,11.32,14994.33,51182.85,9.4,12.0
2,2021-05-06,25.59,46257.33,51320.71,5.4,8.3
2,2021-05-07,24.61,36000.00,51456.18,7.8,12.1
2,2021-05-08,22.85,37255.24,51589.26,7.1,9.9
2,2021-05-09,14.95,29267.63,51721.04,6.9,11.4
2,2021-05-10,17.70,37749.60,51851.56,4.6,6.2
2,2021-05-11,16.61,35701.45,51980.73,6.2,7.9
2,2021-05-12,20.64,36720.16,52108.41,7.7,10.0
2,2021-05-13,9.82,10800.00,52234.49,10.3,11.8
2,2021-05-14,26.36,48018.35,52358.84,9.4,13.2
2,2021-05-15,22.54,37487.32,52481.32,9.1,14.0
2,2021-05-16,8.75,4683.45,52601.81,15.6,17.3
2,2021-05-17,16.38,28033.99,52720.17,11.7,16.1
2,2021-05-18,25.31,41455.18,52836.27,11.7,17.0
2,2021-05-19,17.50,34707.20,52949.97,12.4,13.5
2,2021-05-20,23.32,33203.17,53061.12,13.8,17.6
2,2021-05-21,5.81,1851.45,53169.60,12.0,13.2
2,2021-05-22,7.00,2529.63,53275.24,11.8,12.6
2,2021-05-23,17.15,34221.83,53377.91,13.2,14.4
2,2021-05-24,14.75,20293.69,53477.46,12.6,13.9
2,2021-05-25,23.12,45946.62,53573.73,9.4,13.2
2,2021-05-26,25.78,42731.22,53666.59,8.3,11.3
2,2021-05-27,16.65,21510.17,53755.86,10.3,11.5
2,2021-05-28,13.04,17741.83,53841.55,11.6,14.4
2,2021-05-29,13.05,22949.58,53924.39,12.2,14.6
2,2021-05-30,18.68,41771.60,54004.41,7.9,10.9
2,2021-05-31,24.56,47649.03,54081.56,6.4,7.1
2,2021-06-01,23.71,33271.51,54155.73,9.3,12.1
2,2021-06-02,26.61,51483.44,54226.86,12.3,15.6
2,2021-06-03,20.22,28800.00,54294.86,14.8,16.8
2,2021-06-04,8.14,12478.44,54359.65,13.8,17.7
2,2021-06-05,28.00,51291.79,54421.14,13.4,15.0
2,2021-06-06,25.58,49152.67,54479.27,13.9,17.0
2,2021-06-07,27.48,51987.78,54533.93,12.1,13.8
2,2021-06-08,27.63,51187.64,54585.07,13.4,16.1
2,2021-06-09,27.73,52456.58,54632.59,15.4,18.5
2,2021-06-10,27.98,49638.14,54676.43,14.3,20.1
2,2021-06-11,24.20,34926.76,54716.49,18.2,22.1
2,2021-06-12,16.39,32490.71,54752.73,17.1,18.1
2,2021-06-13,27.56,50919.23,54785.04,14.5,17.0
2,2021-06-14,26.96,50810.92,54813.36,16.3,18.6
2,2021-06-15,13.06,17087.48,54837.63,14.5,15.8
2,2021-06-16,20.63,39939.35,54857.76,14.2,15.8
2,2021-06-17,26.86,46070.29,54873.73,14.9,16.5
2,2021-06-18,23.61,37851.21,54885.64,14.7,17.2
2,2021-06-19,17.12,26252.63,54893.53,13.0,13.5
2,2021-06-20,20.91,36989.55,54897.43,14.0,15.7
2,2021-06-21,11.10,16046.36,54897.37,14.6,16.8
2,2021-06-22,23.86,39710.06,54893.37,14.0,15.2
2,2021-06-23,16.92,37596.85,54885.48,15.9,17.7
2,2021-06-24,20.79,48862.03,54873.71,15.7,18.7
2,2021-06-25,24.58,52762.41,54858.11,15.0,17.8
2,2021-06-26,28.78,52417.39,54838.72,15.9,19.5
2,2021-06-27,26.61,44692.34,54815.57,18.2,20.6
2,2021-06-28,23.54,39600.00,54788.71,17.5,21.2
2,2021-06-29,13.69,11554.96,54758.17,16.9,17.5
2,2021-06-30,23.43,40555.32,54724.01,17.9,20.7
2,2021-07-01,21.65,36079.75,54686.26,18.3,19.6
2,2021-07-02,19.52,35412.03,54644.97,16.8,18.4
2,2021-07-03,26.20,50400.00,54600.20,15.9,18.8
2,2021-07-04,22.24,34255.16,54551.98,15.9,18.7
2,2021-07-05,13.44,20680.02,54500.38,19.2,21.4
2,2021-07-06,17.25,36661.70,54445.44,17.7,18.4
2,2021-07-07,17.65,29734.85,54387.10,18.1,19.4
2,2021-07-08,14.47,19428.28,54324.83,17.7,18.9
2,2021-07-09,14.42,13181.33,54258.63,17.6,18.3
2,2021-07-10,12.06,8791.04,54188.64,17.9,19.2
2,2021-07-11,11.96,19542.41,54114.99,19.8,20.9
2,2021-07-12,15.27,25507.91,54037.81,20.1,20.9
2,2021-07-13,20.23,39600.00,53957.24,19.1,21.0
2,2021-07-14,24.50,41497.58,53873.40,18.6,20.3
2,2021-07-15,24.30,46340.89,53786.42,19.1,20.7
2,2021-07-16,24.24,50979.87,53696.44,21.8,25.4
2,2021-07-17,26.88,51002.33,53603.57,20.9,21.9
2,2021-07-18,27.60,50679.34,53507.95,20.2,21.6
2,2021-07-19,27.09,50400.00,53409.70,20.7,21.5
2,2021-07-20,26.45,50400.00,53308.95,21.9,22.7
2,2021-07-21,23.27,38009.52,53205.83,22.0,23.6
2,2021-07-22,14.95,30616.98,53100.44,21.5,22.5
2,2021-07-23,20.01,43671.64,52992.91,22.3,23.2
2,2021-07-24,22.00,47110.06,52883.36,22.5,23.3
2,2021-07-25,23.83,50325.77,52771.91,21.7,23.0
2,2021-07-26,27.43,50270.07,52658.66,18.4,19.0
2,2021-07-27,20.39,33099.82,52543.56,20.8,22.0
2,2021-07-28,15.22,27335.95,52425.64,22.2,22.7
2,2021-07-29,21.57,48560.12,52304.87,22.7,23.2
2,2021-07-30,22.01,38820.99,52181.42,22.2,24.0
2,2021-07-31,22.78,37088.58,52055.43,22.0,23.3
2,2021-08-01,15.95,35362.88,51927.07,22.7,23.8
2,2021-08-02,16.14,42508.92,51796.48,23.3,25.1
2,2021-08-03,20.26,45610.94,51663.83,23.6,25.5
2,2021-08-04,15.75,40362.27,51529.23,23.2,24.2
2,2021-08-05,23.20,48365.60,51392.86,23.1,23.9
2,2021-08-06,23.20,42244.74,51254.84,24.9,25.8
2,2021-08-07,21.34,40463.72,51115.31,24.0,24.7
2,2021-08-08,17.41,36348.35,50974.41,22.5,24.3
2,2021-08-09,8.50,2917.55,50832.26,18.5,20.4
2,2021-08-10,4.99,4958.22,50689.00,16.2,17.8
2,2021-08-11,20.11,44417.02,50544.75,14.5,15.2
2,2021-08-12,12.74,10574.52,50399.64,14.2,14.7
2,2021-08-13,14.93,33493.60,50253.78,13.1,13.8
2,2021-08-14,15.22,31613.36,50107.30,13.1,14.1
2,2021-08-15,15.35,43837.21,49960.31,14.7,15.3
2,2021-08-16,14.05,37740.92,49812.73,15.4,17.0
2,2021-08-17,10.59,5297.30,49663.45,17.4,18.3
2,2021-08-18,6.50,9874.37,49512.43,18.1,18.4
2,2021-08-19,21.99,45744.76,49359.79,16.7,18.9
2,2021-08-20,23.94,45868.20,49205.67,19.8,21.3
2,2021-08-21,19.86,33735.43,49050.19,19.9,21.7
2,2021-08-22,8.18,4474.72,48893.49,20.8,21.6
2,2021-08-23,14.29,30900.39,48735.67,20.9,22.5
2,2021-08-24,16.89,32400.00,48576.88,20.1,21.4
2,2021-08-25,10.48,23546.36,48417.22,22.1,22.9
2,2021-08-26,16.05,38340.78,48256.80,19.7,22.1
2,2021-08-27,12.10,25614.86,48095.75,19.8,21.1
2,2021-08-28,19.74,45929.94,47934.18,18.9,19.9
2,2021-08-29,18.95,37118.04,47772.19,19.1,20.5
2,2021-08-30,20.74,46429.58,47609.90,17.3,20.1
2,2021-08-31,19.01,44432.96,47447.40,13.7,15.9
2,2021-09-01,20.08,45710.98,47284.81,16.2,17.3
2,2021-09-02,20.42,45737.32,47122.21,15.9,17.5
2,2021-09-03,20.20,45763.89,46959.73,16.3,17.4
2,2021-09-04,20.93,46120.11,46797.45,15.2,16.1
2,2021-09-05,19.93,45506.33,46635.28,14.3,16.1
2,2021-09-06,18.77,45916.25,46472.10,15.0,16.3
2,2021-09-07,16.71,29384.14,46307.85,14.6,15.3
2,2021-09-08,8.56,11702.06,46142.62,15.5,18.0
2,2021-09-09,16.46,44609.16,45976.53,17.5,19.8
2,2021-09-10,20.43,41734.43,45809.69,16.2,18.2
2,2021-09-11,18.05,34619.65,45642.19,18.1,19.1
2,2021-09-12,12.07,39103.82,45474.15,15.3,19.3
2,2021-09-13,19.10,37232.94,45305.67,11.4,14.4
2,2021-09-14,17.15,42369.42,45136.85,10.7,13.5
2,2021-09-15,17.38,42142.44,44967.80,11.6,13.7
2,2021-09-16,13.27,30304.59,44798.60,11.9,13.6
2,2021-09-17,9.91,15222.55,44629.37,16.2,18.2
2,2021-09-18,10.37,26111.16,44460.20,15.8,18.4
2,2021-09-19,18.63,40930.07,44291.19,12.9,15.7
2,2021-09-20,19.16,40431.13,44122.44,12.8,17.1
2,2021-09-21,11.15,22525.57,43954.05,16.3,18.5
2,2021-09-22,8.83,19944.92,43786.10,20.1,21.1
2,2021-09-23,11.23,35221.74,43618.72,17.5,21.3
2,2021-09-24,17.49,39804.77,43451.98,9.8,13.4
2,2021-09-25,18.09,36521.65,43285.79,10.9,13.2
2,2021-09-26,13.68,32400.00,43118.99,12.7,14.5
2,2021-09-27,12.18,33968.20,42951.47,13.3,15.5
2,2021-09-28,11.85,31807.92,42783.35,15.4,16.6
2,2021-09-29,13.37,27193.42,42614.74,16.4,18.3
2,2021-09-30,4.18,7200.00,42445.74,17.4,20.4
2,2021-10-01,12.88,26640.07,42276.46,16.1,18.1
2,2021-10-02,14.07,39600.00,42107.02,11.5,15.3
2,2021-10-03,16.25,39600.00,41937.52,12.6,18.0
2,2021-10-04,12.65,28800.00,41768.08,16.8,19.3
2,2021-10-05,4.26,7200.00,41598.79,13.1,15.0
2,2021-10-06,12.54,32937.72,41429.78,6.5,11.1
2,2021-10-07,8.32,16528.56,41261.15,10.4,12.7
2,2021-10-08,14.84,39600.00,41093.04,9.7,12.0
2,2021-10-09,15.16,39600.00,40925.52,10.4,14.0
2,2021-10-10,10.83,30627.01,40758.76,17.1,19.0
2,2021-10-11,3.86,7365.76,40592.83,8.4,14.2
2,2021-10-12,14.82,39386.05,40427.87,9.5,11.1
2,2021-10-13,13.45,39289.43,40264.00,8.8,11.8
2,2021-10-14,11.98,29758.27,40101.35,12.3,14.0
2,2021-10-15,9.65,24700.46,39939.80,8.1,13.6
2,2021-10-16,6.34,10800.00,39778.09,7.5,11.5
2,2021-10-17,13.23,38913.94,39616.10,-0.0,1.9
2,2021-10-18,9.52,29174.95,39453.96,1.5,7.7
2,2021-10-19,8.98,15708.11,39291.81,9.1,11.2
2,2021-10-20,3.02,6067.67,39129.77,8.1,11.2
2,2021-10-21,11.53,38138.01,38967.97,3.9,6.1
2,2021-10-22,11.26,36821.85,38806.55,3.7,4.3
2,2021-10-23,12.28,36799.09,38645.65,2.5,7.9
2,2021-10-24,13.23,37101.23,38485.40,7.0,9.1
2,2021-10-25,12.83,29736.74,38325.94,7.9,12.2
2,2021-10-26,8.70,26280.97,38167.43,9.9,12.5
2,2021-10-27,8.60,30946.49,38010.00,9.8,11.7
2,2021-10-28,10.97,34265.18,37853.81,5.9,7.3
2,2021-10-29,8.43,25951.86,37699.00,5.3,7.2
2,2021-10-30,12.04,29428.98,37545.74,5.7,8.7
2,2021-10-31,7.55,23634.32,37394.19,8.2,10.8
2,2021-11-01,11.15,28990.44,37244.50,8.3,10.4
2,2021-11-02,3.91,2698.91,37096.84,10.1,11.3
2,2021-11-03,7.91,25953.43,36951.39,7.8,8.9
2,2021-11-04,10.25,28800.00,36808.05,8.1,9.5
2,2021-11-05,10.07,33592.52,36665.48,7.0,9.6
2,2021-11-06,9.91,33296.76,36523.56,5.4,8.6
2,2021-11-07,9.12,33339.59,36382.46,6.5,10.1
2,2021-11-08,8.37,25200.00,36242.32,10.4,12.0
2,2021-11-09,1.69,0.00,36103.30,12.0,14.8
2,2021-11-10,8.79,25345.97,35965.55,6.3,8.7
2,2021-11-11,8.47,32481.57,35829.25,2.9,5.7
2,2021-11-12,8.66,31655.83,35694.55,2.5,5.4
2,2021-11-13,5.61,14884.42,35561.62,2.6,7.8
2,2021-11-14,4.29,19881.62,35430.64,6.4,10.5
2,2021-11-15,7.27,26211.36,35301.79,-0.7,3.0
2,2021-11-16,5.94,21935.60,35175.23,-2.4,-0.3
2,2021-11-17,7.30,30842.37,35051.17,-0.2,3.5
2,2021-11-18,6.65,16336.16,34929.76,7.2,8.5
2,2021-11-19,5.97,26156.58,34811.21,2.7,10.3
2,2021-11-20,7.75,32400.00,34695.71,-0.7,1.8
2,2021-11-21,6.97,27555.30,34583.45,4.0,8.0
2,2021-11-22,2.41,3600.00,34474.63,6.1,12.2
2,2021-11-23,6.51,20664.81,34369.45,-3.0,-1.3
2,2021-11-24,7.32,32400.00,34267.88,-3.8,-1.4
2,2021-11-25,7.53,32400.00,34168.79,-3.2,-2.2
2,2021-11-26,8.01,32400.00,34072.07,-2.8,0.4
2,2021-11-27,6.34,30213.69,33977.86,0.9,2.1
2,2021-11-28,8.90,28800.00,33886.29,-0.1,3.6
2,2021-11-29,5.25,17067.87,33797.47,5.2,7.0
2,2021-11-30,7.56,25200.00,33711.56,7.3,11.0
2,2021-12-01,3.20,15003.04,33628.67,-2.4,11.2
2,2021-12-02,6.80,26481.68,33548.94,-1.9,4.9
2,2021-12-03,3.71,9792.10,33472.50,3.1,7.1
2,2021-12-04,6.62,24711.46,33399.48,-7.3,-2.3
2,2021-12-05,6.60,30333.45,33330.03,-3.5,0.7
2,2021-12-06,5.14,18305.67,33264.26,3.3,4.6
2,2021-12-07,5.57,28584.20,33202.33,3.2,6.7
2,2021-12-08,6.42,27524.79,33144.36,0.1,1.6
2,2021-12-09,8.30,32400.00,33090.48,-1.9,0.6
2,2021-12-10,7.21,25356.79,33040.83,1.8,3.5
2,2021-12-11,6.03,29379.73,32995.54,2.5,5.8
2,2021-12-12,4.18,14972.22,32954.75,-1.0,5.8
2,2021-12-13,7.01,28800.00,32918.57,-7.5,-4.3
2,2021-12-14,5.03,19407.24,32887.05,1.1,3.5
2,2021-12-15,5.97,28850.38,32859.78,-2.4,3.2
2,2021-12-16,2.65,3540.02,32836.69,-0.5,1.8
2,2021-12-17,2.07,4582.30,32817.77,-6.3,1.3
2,2021-12-18,7.74,28800.00,32803.03,-11.8,-8.0
2,2021-12-19,6.92,29637.34,32792.45,-7.5,-6.0
2,2021-12-20,6.85,31100.33,32786.05,-3.0,0.6
2,2021-12-21,6.41,27004.68,32783.80,-5.2,1.1
2,2021-12-22,7.53,31898.77,32785.70,-6.1,-4.3
2,2021-12-23,7.88,28800.00,32791.74,-9.0,-7.3
2,2021-12-24,4.62,9427.74,32801.92,-9.8,-8.9
2,2021-12-25,6.44,29894.66,32816.19,-14.5,-10.7
2,2021-12-26,5.95,22613.78,32834.56,-10.6,-8.3
2,2021-12-27,7.89,31787.19,32857.01,-10.8,-9.3
2,2021-12-28,8.07,29954.77,32883.50,-9.2,-7.0
2,2021-12-29,2.87,1019.12,32914.03,-2.2,0.1
2,2021-12-30,6.50,25034.81,32948.56,-9.9,-4.3
2,2021-12-31,8.22,30711.09,32987.05,-14.4,-14.0
2,2022-01-01,8.01,29207.53,33029.50,-10.0,-7.0
2,2022-01-02,6.52,21392.11,33075.86,-6.9,-0.5
2,2022-01-03,8.23,31736.23,33126.21,-11.9,-10.9
2,2022-01-04,8.67,31063.72,33181.12,-10.7,-6.8
2,2022-01-05,7.63,31745.03,33240.54,-9.4,-5.4
2,2022-01-06,6.17,15004.01,33304.33,-5.8,-3.0
2,2022-01-07,5.74,14034.59,33372.33,-6.1,-3.2
2,2022-01-08,5.45,13158.26,33444.38,-1.7,1.0
2,2022-01-09,6.46,23758.02,33520.34,-7.2,-3.4
2,2022-01-10,7.13,19006.32,33600.05,-7.1,-3.0
2,2022-01-11,3.36,2059.27,33683.36,-0.5,2.8
2,2022-01-12,6.91,19566.83,33770.12,-3.9,-0.4
2,2022-01-13,8.92,31689.75,33860.18,-5.5,-4.7
2,2022-01-14,8.76,31896.73,33953.38,-4.6,-3.9
2,2022-01-15,8.52,25200.00,34049.60,-4.4,-2.2
2,2022-01-16,5.36,9177.35,34148.65,-1.6,0.9
2,2022-01-17,8.81,31986.44,34250.42,-8.2,-3.0
2,2022-01-18,10.17,32579.95,34354.75,-6.6,-4.1
2,2022-01-19,10.22,29675.01,34461.49,-5.5,-3.0
2,2022-01-20,6.39,12809.69,34570.52,-9.8,-4.6
2,2022-01-21,9.52,32575.28,34681.70,-6.2,-5.2
2,2022-01-22,8.35,22357.46,34794.88,-6.3,-5.3
2,2022-01-23,8.19,25520.16,34910.17,-4.5,-2.8
2,2022-01-24,8.29,27380.59,35028.78,-5.7,-3.9
2,2022-01-25,6.96,14751.82,35150.76,-5.6,-4.6
2,2022-01-26,7.40,20838.55,35275.89,-3.1,-0.7
2,2022-01-27,10.62,33989.58,35403.98,-6.0,-4.0
2,2022-01-28,9.90,33943.68,35534.85,-7.7,-5.6
2,2022-01-29,9.52,29113.13,35668.28,-10.4,-8.5
2,2022-01-30,10.98,33850.92,35804.10,-12.6,-11.5
2,2022-01-31,10.97,34494.10,35942.11,-11.9,-10.5
2,2022-02-01,8.77,20598.81,36082.15,-7.1,-6.0
2,2022-02-02,10.51,32400.00,36224.02,-7.1,-5.7
2,2022-02-03,10.95,35349.01,36367.56,-8.7,-7.7
2,2022-02-04,8.51,21551.72,36512.60,-9.8,-8.3
2,2022-02-05,11.58,35507.85,36658.96,-8.7,-7.6
2,2022-02-06,11.80,34540.88,36806.48,-7.9,-7.4
2,2022-02-07,9.28,23046.37,36955.01,-8.0,-6.9
2,2022-02-08,7.45,11147.45,37104.38,-6.8,-6.3
2,2022-02-09,10.21,30909.00,37254.45,-8.2,-6.3
2,2022-02-10,12.50,33601.74,37405.05,-6.5,-4.6
2,2022-02-11,13.20,35978.16,37556.05,-9.0,-4.9
2,2022-02-12,12.33,32400.00,37707.54,-4.6,-0.9
2,2022-02-13,10.49,25787.06,37860.93,-6.6,-5.1
2,2022-02-14,14.12,36000.00,38016.31,-7.0,-3.8
2,2022-02-15,7.59,9370.75,38173.50,-3.8,-2.6
2,2022-02-16,9.36,18663.82,38332.35,-2.9,-2.1
2,2022-02-17,9.58,23039.46,38492.71,-4.7,-2.3
2,2022-02-18,14.12,31870.05,38654.42,-7.1,-5.3
2,2022-02-19,11.19,23311.00,38817.31,-2.8,-0.0
2,2022-02-20,14.21,32904.37,38981.27,-8.1,-3.7
2,2022-02-21,11.56,32803.29,39146.12,-7.9,-6.6
2,2022-02-22,13.48,36619.23,39311.74,-8.1,-6.9
2,2022-02-23,11.61,25075.35,39477.96,-7.0,-6.4
2,2022-02-24,8.45,2893.72,39644.68,-6.8,-5.5
2,2022-02-25,10.09,22392.03,39811.74,-4.0,-0.6
2,2022-02-26,13.68,28999.63,39979.02,0.5,2.1
2,2022-02-27,9.78,19229.59,40146.37,-4.1,-0.3
2,2022-02-28,15.94,33043.45,40313.67,-6.4,-2.9
2,2022-03-01,7.40,5771.67,40480.79,-2.9,0.9
2,2022-03-02,13.77,29483.85,40647.61,-5.4,-3.0
2,2022-03-03,9.86,20116.78,40814.00,-5.0,-0.1
2,2022-03-04,15.47,30786.94,40980.06,-6.3,-2.9
2,2022-03-05,7.20,11186.70,41147.10,-2.4,1.1
2,2022-03-06,14.15,35252.55,41315.24,-3.1,-1.3
2,2022-03-07,17.39,33614.79,41484.35,-3.1,-2.1
2,2022-03-08,11.29,18733.69,41654.31,-5.7,-3.0
2,2022-03-09,18.20,40009.72,41825.00,-3.0,-0.9
2,2022-03-10,18.29,36072.83,41996.31,-0.7,2.7
2,2022-03-11,13.14,29064.13,42168.14,1.6,4.4
2,2022-03-12,17.80,33205.92,42340.34,-3.7,-1.8
2,2022-03-13,13.04,19152.92,42512.83,0.5,1.4
2,2022-03-14,13.86,25933.63,42685.48,0.5,1.7
2,2022-03-15,6.35,5337.70,42858.18,0.6,1.7
2,2022-03-16,12.16,19193.48,43030.82,-1.7,0.3
2,2022-03-17,15.48,41112.92,43203.30,-3.3,-0.1
2,2022-03-18,17.02,30147.10,43375.49,-3.2,-0.9
2,2022-03-19,9.73,4719.94,43547.29,-2.0,-1.1
2,2022-03-20,13.28,29935.63,43718.58,-4.2,-1.6
2,2022-03-21,19.23,42340.03,43889.25,-6.5,-2.7
2,2022-03-22,19.74,40982.90,44059.20,-2.5,-0.7
2,2022-03-23,16.82,24716.45,44228.30,-1.8,0.6
2,2022-03-24,15.24,34808.17,44396.66,0.5,3.0
2,2022-03-25,18.07,31477.18,44565.47,-0.1,2.8
2,2022-03-26,8.64,6941.17,44734.86,5.5,9.5
2,2022-03-27,20.06,42744.00,44904.73,0.2,3.8
2,2022-03-28,20.24,42862.39,45074.95,-1.8,1.1
2,2022-03-29,21.51,42878.22,45245.44,-1.0,3.8
2,2022-03-30,17.03,32400.00,45416.08,2.6,4.8
2,2022-03-31,17.49,37820.67,45586.79,-5.6,-2.4
2,2022-04-01,20.20,43545.75,45757.44,-7.4,-2.8
2,2022-04-02,18.62,44182.81,45927.92,-1.9,0.3
2,2022-04-03,22.51,44498.58,46098.14,-2.3,0.3
2,2022-04-04,22.81,44449.52,46267.98,1.8,7.6
2,2022-04-05,21.41,40213.54,46437.33,5.3,9.9
2,2022-04-06,16.34,37467.68,46606.08,-3.1,7.1
2,2022-04-07,17.22,28800.00,46774.12,-2.4,0.3
2,2022-04-08,20.31,44882.15,46941.32,-0.3,3.6
2,2022-04-09,22.38,45148.82,47107.58,5.6,8.1
2,2022-04-10,18.81,45104.07,47272.76,8.7,13.2
2,2022-04-11,21.43,45999.80,47436.77,9.0,12.1
2,2022-04-12,17.68,28582.05,47599.45,10.3,13.9
2,2022-04-13,7.14,8540.26,47760.90,2.7,6.6
2,2022-04-14,17.33,22160.39,47922.28,1.3,2.2
2,2022-04-15,12.59,22133.31,48083.68,1.3,2.6
2,2022-04-16,24.32,46021.29,48245.01,-0.8,4.6
2,2022-04-17,15.21,20444.96,48406.15,5.9,6.9
2,2022-04-18,16.81,30547.78,48566.99,3.9,6.9
2,2022-04-19,24.36,46800.00,48727.41,-1.5,1.7
2,2022-04-20,24.24,46800.00,48887.30,0.0,8.8
2,2022-04-21,22.90,36000.00,49046.55,6.0,12.9
2,2022-04-22,16.19,31421.15,49205.03,9.2,10.9
2,2022-04-23,23.99,46800.00,49362.61,2.0,5.5
2,2022-04-24,23.08,38772.20,49519.18,5.3,8.4
2,2022-04-25,22.67,42407.58,49674.60,4.9,10.8
2,2022-04-26,13.47,17376.69,49828.75,10.7,13.0
2,2022-04-27,23.92,46800.00,49981.49,1.1,5.3
2,2022-04-28,24.81,40133.63,50132.67,-5.3,-2.3
2,2022-04-29,12.22,14069.99,50282.17,-1.3,0.9
2,2022-04-30,24.76,36688.34,50429.84,-4.5,2.1
2,2022-05-01,10.35,17762.56,50575.52,5.3,7.2
2,2022-05-02,21.00,45190.65,50719.08,2.6,3.3
2,2022-05-03,20.39,39512.95,50860.56,5.0,8.4
2,2022-05-04,19.23,39255.47,51001.06,5.2,9.0
2,2022-05-05,25.09,46800.00,51140.65,9.5,13.1
2,2022-05-06,25.90,46800.00,51279.21,8.9,13.9
2,2022-05-07,15.22,27790.54,51416.63,9.9,15.5
2,2022-05-08,23.64,46438.67,51552.78,3.4,5.9
2,2022-05-09,25.29,47306.35,51687.53,3.3,6.9
2,2022-05-10,27.07,47580.13,51820.75,1.5,6.4
2,2022-05-11,24.82,41900.07,51952.31,9.6,11.9
2,2022-05-12,19.64,33726.16,52082.09,13.8,17.5
2,2022-05-13,7.94,1237.86,52209.94,12.8,16.3
2,2022-05-14,12.72,18123.70,52335.71,8.7,16.6
2,2022-05-15,21.50,47638.60,52459.26,6.8,7.5
2,2022-05-16,26.39,48262.10,52580.46,5.4,10.6
2,2022-05-17,26.64,48552.43,52699.14,6.3,12.1
2,2022-05-18,26.13,43483.10,52815.17,9.7,13.1
2,2022-05-19,15.96,36081.83,52928.39,12.5,14.8
2,2022-05-20,17.35,39444.01,53038.64,11.4,14.3
2,2022-05-21,21.90,44704.76,53145.78,11.8,15.4
2,2022-05-22,16.43,27600.51,53249.62,13.1,15.0
2,2022-05-23,21.04,48286.89,53350.19,12.4,14.9
2,2022-05-24,26.70,49624.58,53448.32,10.8,14.2
2,2022-05-25,25.33,48798.85,53544.07,12.8,17.5
2,2022-05-26,19.02,25855.34,53637.34,13.3,14.3
2,2022-05-27,5.60,5904.68,53728.04,13.9,15.9
2,2022-05-28,19.98,38894.77,53816.05,10.7,11.5
2,2022-05-29,26.67,51536.78,53901.30,9.4,10.7
2,2022-05-30,24.77,39415.15,53983.66,8.7,11.7
2,2022-05-31,6.54,7200.00,54063.04,10.0,11.5
2,2022-06-01,16.89,29889.05,54139.33,11.1,12.3
2,2022-06-02,14.32,20124.39,54212.43,12.1,13.8
2,2022-06-03,18.60,33899.52,54282.25,10.1,12.0
2,2022-06-04,23.27,49056.51,54348.67,8.3,9.3
2,2022-06-05,23.10,38812.36,54411.59,7.8,8.4
2,2022-06-06,13.88,3388.39,54470.91,7.3,8.0
2,2022-06-07,20.04,36362.10,54526.53,7.9,9.6
2,2022-06-08,27.01,49051.74,54578.35,10.4,12.7
2,2022-06-09,25.84,45474.50,54626.26,11.5,13.1
2,2022-06-10,23.04,37319.79,54670.17,13.2,14.2
2,2022-06-11,19.24,34499.04,54709.97,12.6,14.0
2,2022-06-12,25.01,43200.00,54745.63,9.7,11.2
2,2022-06-13,23.05,52132.81,54777.44,11.6,14.1
2,2022-06-14,28.14,46614.44,54805.46,10.3,13.8
2,2022-06-15,15.30,12433.21,54829.66,13.3,15.6
2,2022-06-16,14.65,21403.45,54850.04,15.9,16.8
2,2022-06-17,18.28,40575.47,54866.62,14.7,16.7
2,2022-06-18,21.36,35255.40,54879.37,16.5,17.5
2,2022-06-19,15.79,28370.48,54888.30,17.5,20.2
2,2022-06-20,27.53,50400.00,54893.41,13.8,15.1
2,2022-06-21,27.56,49094.81,54894.72,15.0,16.9
2,2022-06-22,21.21,29366.03,54892.22,15.4,16.4
2,2022-06-23,8.99,2510.64,54885.92,16.7,19.1
2,2022-06-24,4.71,0.00,54875.85,20.6,21.6
2,2022-06-25,19.99,36202.45,54862.00,18.7,21.3
2,2022-06-26,19.36,28881.02,54844.39,20.4,21.1
2,2022-06-27,21.14,33479.85,54823.03,17.3,19.8
2,2022-06-28,3.97,0.00,54797.95,20.7,21.3
2,2022-06-29,5.55,0.00,54769.15,19.6,20.6
2,2022-06-30,13.86,13475.62,54736.68,18.0,20.3
2,2022-07-01,12.90,7075.34,54700.54,19.1,20.2
2,2022-07-02,18.77,40694.14,54660.69,19.9,21.0
2,2022-07-03,27.33,48921.26,54616.72,19.2,22.3
2,2022-07-04,15.16,24606.62,54568.67,21.3,23.7
2,2022-07-05,18.72,30707.39,54516.66,21.8,23.7
2,2022-07-06,23.22,44575.76,54460.79,19.6,22.0
2,2022-07-07,22.68,38856.92,54401.17,18.6,19.7
2,2022-07-08,19.82,38659.56,54337.92,18.0,20.6
2,2022-07-09,18.22,26676.71,54271.14,18.9,20.7
2,2022-07-10,24.09,46352.50,54200.95,20.4,22.0
2,2022-07-11,22.50,34524.19,54127.46,21.5,23.1
2,2022-07-12,5.90,0.00,54050.78,20.8,21.8
2,2022-07-13,9.14,7200.00,53971.03,18.5,20.3
2,2022-07-14,20.98,33313.47,53888.31,17.7,18.9
2,2022-07-15,6.53,0.00,53802.76,18.1,19.1
2,2022-07-16,10.17,3603.36,53714.45,17.2,18.0
2,2022-07-17,7.11,10234.50,53623.52,18.3,20.0
2,2022-07-18,21.74,48327.57,53530.06,18.9,20.8
2,2022-07-19,17.88,25653.25,53434.19,20.7,23.0
2,2022-07-20,13.86,21213.40,53336.01,20.3,21.6
2,2022-07-21,21.77,39297.81,53235.63,20.2,21.4
2,2022-07-22,11.80,9646.69,53132.99,19.6,20.2
2,2022-07-23,11.10,11112.24,53027.19,19.7,21.2
2,2022-07-24,19.08,44930.28,52918.23,18.0,19.0
2,2022-07-25,25.90,49077.50,52806.25,20.1,22.0
2,2022-07-26,23.42,41029.24,52691.44,21.7,23.3
2,2022-07-27,19.56,41995.59,52573.93,21.6,23.8
2,2022-07-28,25.96,48737.51,52453.89,20.3,22.2
2,2022-07-29,23.79,43212.08,52331.45,21.9,23.8
2,2022-07-30,24.84,50041.48,52206.78,21.9,25.5
2,2022-07-31,20.03,29321.21,52080.01,22.6,23.5
2,2022-08-01,5.02,7200.00,51951.29,22.0,24.0
2,2022-08-02,22.67,36474.21,51820.75,21.3,22.9
2,2022-08-03,14.95,27786.79,51688.54,18.4,19.8
2,2022-08-04,22.28,45915.55,51554.80,17.2,18.2
2,2022-08-05,23.61,37800.95,51419.64,16.1,17.2
2,2022-08-06,18.32,32386.69,51283.21,18.4,19.9
2,2022-08-07,20.18,33726.97,51145.62,21.5,23.7
2,2022-08-08,13.85,14493.04,51007.01,23.9,25.3
2,2022-08-09,7.30,7200.00,50867.48,21.9,23.4
2,2022-08-10,13.72,28954.74,50727.17,19.7,20.7
2,2022-08-11,14.25,18000.00,50585.99,22.1,23.1
2,2022-08-12,22.48,46863.12,50442.87,20.6,22.5
2,2022-08-13,20.84,36000.00,50297.74,19.9,22.7
2,2022-08-14,19.02,33242.41,50150.75,18.8,20.3
2,2022-08-15,10.26,9794.52,50002.05,21.0,23.3
2,2022-08-16,14.88,37782.61,49851.75,20.7,25.0
2,2022-08-17,23.04,36356.37,49700.02,18.3,21.2
2,2022-08-18,6.36,10800.00,49546.96,18.1,20.5
2,2022-08-19,22.58,36000.00,49392.72,18.9,21.0
2,2022-08-20,12.44,30221.55,49237.41,19.5,22.6
2,2022-08-21,23.98,46800.00,49081.16,17.2,19.9
2,2022-08-22,17.92,23039.96,48924.10,20.9,23.3
2,2022-08-23,11.35,18176.42,48766.33,17.6,22.7
2,2022-08-24,24.17,46800.00,48607.97,14.3,16.8
2,2022-08-25,20.93,31651.23,48449.14,17.8,19.3
2,2022-08-26,11.89,20520.78,48289.96,17.5,19.7
2,2022-08-27,9.33,11915.57,48130.51,19.6,21.6
2,2022-08-28,15.51,34237.51,47970.92,14.2,17.4
2,2022-08-29,15.23,21600.00,47811.30,16.7,18.9
2,2022-08-30,8.38,9473.83,47651.73,18.8,19.9
2,2022-08-31,4.45,4010.85,47492.13,19.1,20.2
2,2022-09-01,17.70,39519.95,47331.40,18.0,20.0
2,2022-09-02,19.26,37296.47,47169.46,12.6,15.2
2,2022-09-03,17.20,38131.19,47006.42,15.4,17.9
2,2022-09-04,19.03,37338.16,46842.38,18.0,19.7
2,2022-09-05,8.06,8566.27,46677.48,19.8,21.6
2,2022-09-06,19.05,45162.49,46511.80,20.2,22.1
2,2022-09-07,21.85,45790.50,46345.46,13.9,17.1
2,2022-09-08,21.63,44346.98,46178.58,14.2,17.1
2,2022-09-09,21.94,45457.72,46011.24,15.5,17.6
2,2022-09-10,22.06,44547.72,45843.56,13.8,16.3
2,2022-09-11,18.63,37314.85,45675.62,16.9,18.9
2,2022-09-12,15.29,36091.17,45507.55,19.5,20.6
2,2022-09-13,17.70,43700.11,45339.42,17.0,21.2
2,2022-09-14,19.71,40609.15,45171.36,12.1,14.6
2,2022-09-15,18.38,32400.00,45003.44,14.7,17.6
2,2022-09-16,6.52,4199.78,44835.77,18.5,20.7
2,2022-09-17,13.69,25493.37,44668.44,19.4,21.9
2,2022-09-18,2.82,0.00,44501.56,20.0,22.3
2,2022-09-19,8.28,5957.24,44335.21,18.2,22.7
2,2022-09-20,15.22,28996.61,44169.29,5.6,8.2
2,2022-09-21,18.15,37624.67,44002.67,7.2,12.2
2,2022-09-22,17.13,31752.46,43835.25,14.9,18.4
2,2022-09-23,2.42,0.00,43667.14,19.7,21.1
2,2022-09-24,10.63,30651.58,43498.44,13.3,18.1
2,2022-09-25,16.87,36000.00,43329.27,13.7,16.1
2,2022-09-26,17.97,39600.00,43159.72,12.6,16.1
2,2022-09-27,16.81,33239.51,42989.91,14.0,17.1
2,2022-09-28,16.14,38838.24,42819.93,15.8,18.2
2,2022-09-29,15.97,39600.00,42649.90,15.9,17.8
2,2022-09-30,16.89,39600.00,42479.92,16.7,18.9
2,2022-10-01,17.11,39600.00,42310.10,16.4,18.6
2,2022-10-02,14.68,32938.67,42140.53,16.9,18.7
2,2022-10-03,8.25,7070.12,41971.34,16.9,19.8
2,2022-10-04,2.88,208.15,41802.62,10.9,21.0
2,2022-10-05,8.10,10615.27,41634.49,2.3,3.7
2,2022-10-06,11.61,33914.83,41467.05,1.6,4.8
2,2022-10-07,8.12,11886.83,41300.42,4.7,9.3
2,2022-10-08,15.31,39600.00,41134.71,5.3,8.0
2,2022-10-09,8.95,14778.79,40970.03,10.8,14.7
2,2022-10-10,2.18,2680.07,40806.28,14.6,17.4
2,2022-10-11,11.69,35580.60,40642.21,8.3,10.9
2,2022-10-12,15.64,39418.99,40477.71,5.6,8.1
2,2022-10-13,15.20,39321.94,40312.92,8.1,11.0
2,2022-10-14,13.04,33053.37,40147.95,12.4,14.9
2,2022-10-15,12.02,34752.62,39982.92,12.5,15.1
2,2022-10-16,10.62,32390.79,39817.97,13.1,15.0
2,2022-10-17,9.17,26074.66,39653.21,5.9,13.3
2,2022-10-18,12.34,38115.79,39488.78,1.5,3.6
2,2022-10-19,10.39,36493.45,39324.80,2.2,6.2
2,2022-10-20,11.11,38161.84,39161.40,7.8,11.3
2,2022-10-21,10.27,27711.79,38998.73,11.5,12.8
2,2022-10-22,12.16,35979.92,38836.92,9.2,12.6
2,2022-10-23,10.40,36465.13,38676.11,3.9,5.5
2,2022-10-24,12.17,35807.28,38516.44,2.5,4.9
2,2022-10-25,13.72,37085.86,38358.04,-0.6,5.4
2,2022-10-26,12.79,36036.37,38201.09,3.2,6.6
2,2022-10-27,9.06,22834.44,38045.71,6.2,8.4
2,2022-10-28,8.62,30628.52,37892.07,8.2,10.1
2,2022-10-29,10.49,34994.55,37740.33,7.2,8.8
2,2022-10-30,11.06,35309.21,37590.38,8.0,9.2
2,2022-10-31,11.09,32535.55,37440.88,8.0,8.7
2,2022-11-01,8.83,29479.33,37291.73,8.2,10.1
2,2022-11-02,10.25,29016.71,37143.07,3.3,6.0
2,2022-11-03,2.83,6040.98,36995.05,2.2,7.4
2,2022-11-04,11.06,31319.57,36847.81,-1.3,0.2
2,2022-11-05,8.91,32648.14,36701.51,-0.4,1.9
2,2022-11-06,11.28,32949.48,36556.32,-0.5,1.4
2,2022-11-07,9.85,31304.52,36412.39,0.8,4.0
2,2022-11-08,5.91,21608.93,36269.88,3.9,8.0
2,2022-11-09,10.52,32735.00,36128.96,5.4,9.6
2,2022-11-10,10.30,33461.50,35989.80,1.2,7.4
2,2022-11-11,10.69,33161.17,35852.58,1.5,5.5
2,2022-11-12,8.89,28800.00,35717.47,8.7,13.1
2,2022-11-13,2.88,3600.00,35584.66,7.3,15.0
2,2022-11-14,6.37,22796.25,35454.32,1.8,4.4
2,2022-11-15,5.14,16666.43,35326.65,1.6,5.2
2,2022-11-16,9.41,32400.00,35201.83,-1.1,-0.4
2,2022-11-17,8.84,32400.00,35080.06,-2.2,-0.3
2,2022-11-18,6.55,18958.60,34961.54,4.0,5.3
2,2022-11-19,7.88,32400.00,34846.22,3.5,4.7
2,2022-11-20,7.47,32192.60,34732.87,7.0,9.5
2,2022-11-21,7.63,32400.00,34621.38,7.3,11.7
2,2022-11-22,8.41,32400.00,34511.91,-3.8,-0.9
2,2022-11-23,7.23,24650.23,34404.58,3.2,7.0
2,2022-11-24,3.28,11820.07,34299.56,2.3,7.2
2,2022-11-25,8.15,25635.41,34196.98,3.6,10.0
2,2022-11-26,3.57,9200.51,34096.99,2.7,10.8
2,2022-11-27,6.07,26047.17,33999.75,-2.3,0.1
2,2022-11-28,3.38,3682.15,33905.41,5.6,7.2
2,2022-11-29,3.95,8184.94,33814.13,6.8,13.8
2,2022-11-30,3.93,18006.79,33726.06,-8.2,-1.2
2,2022-12-01,8.46,32400.00,33641.35,-9.6,-7.0
2,2022-12-02,8.50,30637.76,33560.17,-7.8,-4.9
2,2022-12-03,3.25,10800.00,33482.68,-0.9,1.8
2,2022-12-04,8.29,32400.00,33409.04,-9.9,-5.5
2,2022-12-05,7.64,30313.62,33339.41,-7.9,-4.5
2,2022-12-06,5.95,25609.61,33273.95,-3.1,-1.7
2,2022-12-07,5.35,30057.00,33212.81,-3.2,-1.3
2,2022-12-08,7.73,32400.00,33156.17,-6.2,-5.1
2,2022-12-09,6.87,32400.00,33104.03,-3.4,-1.4
2,2022-12-10,6.65,30098.57,33055.77,-3.3,-1.4
2,2022-12-11,6.20,22493.32,33011.30,-4.9,-3.6
2,2022-12-12,4.94,21390.59,32970.65,-3.1,1.5
2,2022-12-13,2.67,6159.31,32933.88,0.0,4.8
2,2022-12-14,4.40,19713.68,32901.02,-11.0,-6.8
2,2022-12-15,6.96,32150.72,32872.11,-10.4,-8.7
2,2022-12-16,8.32,30562.79,32847.18,-10.8,-10.3
2,2022-12-17,6.85,18771.93,32826.29,-5.7,-1.0
2,2022-12-18,8.08,30837.02,32809.44,-12.4,-9.3
2,2022-12-19,8.42,31758.73,32796.69,-10.7,-7.7
2,2022-12-20,6.67,21082.90,32788.06,-7.1,-5.4
2,2022-12-21,6.52,22723.45,32783.57,-3.5,2.5
2,2022-12-22,2.37,0.00,32783.25,2.1,3.7
2,2022-12-23,4.27,1117.51,32787.12,-1.2,0.9
2,2022-12-24,6.05,23934.03,32795.21,-0.8,0.9
2,2022-12-25,7.50,28800.00,32807.54,-0.4,0.6
2,2022-12-26,6.13,22888.75,32824.11,0.2,1.7
2,2022-12-27,7.03,28816.85,32844.95,-1.7,1.3
2,2022-12-28,4.06,8122.79,32870.07,-2.6,0.4
2,2022-12-29,7.50,30710.92,32899.53,-7.2,-5.6
2,2022-12-30,5.85,14999.28,32933.65,-5.4,-4.6
2,2022-12-31,6.03,13753.97,32972.38,-2.9,-2.2
2,2023-01-01,6.18,26031.93,33015.61,-8.6,-2.2
2,2023-01-02,7.91,31741.35,33063.21,-11.9,-11.0
2,2023-01-03,7.58,31741.14,33115.05,-10.5,-9.7
2,2023-01-04,8.10,31063.22,33171.02,-10.5,-7.4
2,2023-01-05,8.30,31747.35,33231.01,-7.5,-6.5
2,2023-01-06,6.76,24683.05,33294.87,-6.7,-5.6
2,2023-01-07,8.20,31316.86,33362.49,-7.6,-4.6
2,2023-01-08,8.86,28800.00,33433.74,-5.3,-3.2
2,2023-01-09,5.99,18107.95,33508.50,-4.5,-1.7
2,2023-01-10,8.58,28800.00,33586.64,-6.8,-4.4
2,2023-01-11,6.91,27543.15,33668.04,-2.0,-0.4
2,2023-01-12,9.53,31914.09,33752.58,0.1,4.0
2,2023-01-13,7.65,28349.93,33840.13,4.6,6.0
2,2023-01-14,3.26,256.56,33930.57,-2.6,3.4
2,2023-01-15,2.44,0.00,34023.78,-3.8,-2.5
2,2023-01-16,6.79,21209.55,34119.64,-8.3,-4.2
2,2023-01-17,5.86,12336.14,34218.02,-9.1,-5.6
2,2023-01-18,8.37,24443.68,34319.04,-8.0,-4.3
2,2023-01-19,7.44,20891.18,34423.77,-4.4,-0.5
2,2023-01-20,9.33,27217.10,34532.24,-4.1,-0.3
2,2023-01-21,10.00,32579.21,34644.25,-10.9,-7.4
2,2023-01-22,9.98,29567.16,34759.59,-10.7,-9.0
2,2023-01-23,7.54,15530.23,34878.08,-6.9,-3.5
2,2023-01-24,5.58,3461.72,34999.51,-15.8,-8.4
2,2023-01-25,10.43,32951.63,35123.70,-15.9,-13.7
2,2023-01-26,10.90,34665.96,35250.48,-12.1,-10.6
2,2023-01-27,9.76,31938.25,35379.63,-11.2,-9.1
2,2023-01-28,10.81,32909.67,35511.01,-14.1,-11.7
2,2023-01-29,10.57,33451.15,35644.40,-15.6,-13.4
2,2023-01-30,9.91,25200.00,35779.67,-9.7,-7.5
2,2023-01-31,11.10,31495.93,35916.63,-10.7,-8.9
2,2023-02-01,6.49,9532.06,36055.10,-4.4,-0.6
2,2023-02-02,11.38,35253.96,36194.94,-11.2,-8.8
2,2023-02-03,9.92,24766.24,36335.98,-10.2,-9.3
2,2023-02-04,7.94,15402.63,36478.06,-9.6,-7.6
2,2023-02-05,8.96,24948.59,36621.02,-5.1,-1.0
2,2023-02-06,11.42,34214.01,36764.72,-5.1,-3.2
2,2023-02-07,11.17,35644.03,36909.28,-8.9,-6.8
2,2023-02-08,10.16,31002.57,37056.06,-8.9,-7.5
2,2023-02-09,12.70,32198.59,37205.16,-11.5,-10.2
2,2023-02-10,7.92,2068.11,37356.39,-4.5,-1.3
2,2023-02-11,10.03,19874.87,37509.58,-1.6,1.2
2,2023-02-12,7.61,11231.07,37664.56,-1.9,1.5
2,2023-02-13,8.35,28245.33,37821.16,-5.1,-1.7
2,2023-02-14,12.94,36000.00,37979.22,-10.6,-7.7
2,2023-02-15,13.52,36000.00,38138.58,-11.1,-9.1
2,2023-02-16,9.41,12186.68,38299.08,-6.8,-3.8
2,2023-02-17,9.73,19162.37,38460.58,-1.1,0.8
2,2023-02-18,13.66,32400.00,38622.90,-1.4,0.0
2,2023-02-19,5.75,3727.60,38785.92,-1.7,1.0
2,2023-02-20,14.22,36403.11,38949.48,-8.4,-7.0
2,2023-02-21,14.05,36355.82,39113.44,-8.9,-7.4
2,2023-02-22,11.46,23520.30,39277.67,-5.0,-1.4
2,2023-02-23,9.62,20491.58,39442.01,-3.4,1.3
2,2023-02-24,14.91,32436.36,39606.35,-4.3,-2.7
2,2023-02-25,15.39,37121.85,39770.53,-7.5,-5.2
2,2023-02-26,15.30,38027.52,39934.43,-9.4,-7.6
2,2023-02-27,16.08,37022.92,40098.17,0.5,3.0
2,2023-02-28,13.38,36655.35,40263.07,2.4,4.6
2,2023-03-01,15.44,29234.05,40429.25,-0.2,1.6
2,2023-03-02,16.35,38136.07,40596.57,-6.0,-2.1
2,2023-03-03,15.42,37785.91,40764.91,-4.6,-3.0
2,2023-03-04,13.64,27051.11,40934.15,-6.1,-2.4
2,2023-03-05,17.40,36534.90,41104.15,-2.3,1.4
2,2023-03-06,13.74,32845.56,41274.81,2.9,5.2
2,2023-03-07,14.97,38371.90,41445.98,2.9,6.2
2,2023-03-08,10.88,25590.54,41617.57,2.8,8.6
2,2023-03-09,15.62,28800.00,41789.44,3.5,6.9
2,2023-03-10,10.12,22064.95,41961.49,2.2,8.0
2,2023-03-11,17.42,39592.54,42133.59,-0.6,1.3
2,2023-03-12,14.64,29377.36,42305.63,4.1,7.1
2,2023-03-13,4.17,3771.96,42477.49,-0.5,8.8
2,2023-03-14,14.04,41274.47,42649.07,-5.9,-1.7
2,2023-03-15,18.08,35583.97,42820.24,-0.1,1.5
2,2023-03-16,6.75,10326.22,42990.90,-1.0,8.8
2,2023-03-17,16.11,38186.43,43160.92,-5.4,-3.6
2,2023-03-18,16.51,37360.22,43330.20,-3.8,-1.1
2,2023-03-19,19.49,41095.59,43498.83,-1.2,1.4
2,2023-03-20,19.99,42254.71,43668.04,3.1,5.4
2,2023-03-21,19.57,42264.98,43837.94,2.3,7.0
2,2023-03-22,18.88,34052.91,44008.43,7.1,11.9
2,2023-03-23,9.97,17126.35,44179.40,8.3,9.7
2,2023-03-24,17.47,38649.73,44350.75,-1.3,5.1
2,2023-03-25,18.00,34731.88,44522.37,-0.8,2.1
2,2023-03-26,5.75,7200.00,44694.16,3.6,6.9
2,2023-03-27,20.71,42840.07,44866.01,-4.4,-0.6
2,2023-03-28,19.81,42855.32,45037.82,-0.9,2.4
2,2023-03-29,17.63,42626.96,45209.49,1.9,4.5
2,2023-03-30,15.71,35728.01,45380.89,3.2,8.4
2,2023-03-31,13.88,31147.57,45551.93,1.2,7.2
2,2023-04-01,20.80,38494.59,45722.49,1.3,2.4
2,2023-04-02,19.35,43553.91,45892.47,1.5,4.3
2,2023-04-03,22.19,44191.82,46061.75,0.4,6.5
2,2023-04-04,20.10,36407.02,46230.22,2.3,5.2
2,2023-04-05,11.81,13069.93,46397.77,6.3,10.1
2,2023-04-06,4.66,1145.89,46564.27,11.5,12.4
2,2023-04-07,3.77,1111.82,46729.61,8.0,12.4
2,2023-04-08,18.93,34189.00,46893.87,1.0,5.0
2,2023-04-09,18.80,43601.27,47058.23,1.9,6.4
2,2023-04-10,20.67,43174.98,47222.79,7.2,9.4
2,2023-04-11,16.37,26462.50,47387.44,9.2,11.2
2,2023-04-12,21.87,43200.00,47552.08,-2.6,7.4
2,2023-04-13,22.33,35629.01,47716.60,0.9,7.8
2,2023-04-14,17.54,39435.17,47880.89,2.3,9.6
2,2023-04-15,15.46,25200.00,48044.84,2.7,5.7
2,2023-04-16,7.92,4611.85,48208.33,3.0,10.2
2,2023-04-17,17.65,42914.19,48371.24,-0.6,2.0
2,2023-04-18,20.95,33521.15,48533.46,5.0,7.2
2,2023-04-19,11.26,17856.26,48694.87,5.2,7.0
2,2023-04-20,11.55,17097.07,48855.35,6.4,13.0
2,2023-04-21,24.77,46800.00,49014.76,-3.9,-1.9
2,2023-04-22,21.34,46800.00,49172.98,-0.6,0.3
2,2023-04-23,23.47,46800.00,49329.88,-2.5,0.6
2,2023-04-24,22.90,46800.00,49485.33,-1.1,3.1
2,2023-04-25,21.87,30206.11,49639.18,0.5,10.2
2,2023-04-26,9.14,10800.00,49791.30,6.9,12.2
2,2023-04-27,25.32,45102.92,49941.54,0.5,7.2
2,2023-04-28,16.20,31616.59,50089.97,7.0,9.8
2,2023-04-29,17.82,30539.25,50237.70,11.2,14.6
2,2023-04-30,14.88,36720.50,50384.82,7.9,13.4
2,2023-05-01,22.89,43200.00,50531.22,4.5,6.0
2,2023-05-02,25.14,46825.00,50676.78,4.2,9.6
2,2023-05-03,20.32,45525.81,50821.37,5.9,10.2
2,2023-05-04,21.90,45578.63,50964.86,10.1,11.5
2,2023-05-05,17.83,22635.83,51107.14,12.0,13.2
2,2023-05-06,7.46,601.71,51248.07,7.6,10.9
2,2023-05-07,19.93,30471.47,51387.52,4.4,5.8
2,2023-05-08,12.50,20284.34,51525.35,5.4,7.4
2,2023-05-09,21.07,42231.96,51661.42,7.8,9.1
2,2023-05-10,23.90,47250.59,51795.60,2.5,6.6
2,2023-05-11,22.51,37656.31,51927.73,2.7,5.0
2,2023-05-12,23.26,47529.99,52057.66,6.2,10.5
2,2023-05-13,24.16,40887.13,52185.26,8.1,11.7
2,2023-05-14,19.34,22642.05,52310.36,12.5,14.0
2,2023-05-15,12.91,11831.37,52432.81,12.8,15.4
2,2023-05-16,21.00,45949.70,52552.44,13.3,15.9
2,2023-05-17,24.09,45926.55,52669.11,14.5,19.0
2,2023-05-18,24.03,36000.00,52782.82,14.0,17.4
2,2023-05-19,12.33,7330.43,52894.51,11.8,14.7
2,2023-05-20,23.86,32400.00,53004.24,10.4,12.9
2,2023-05-21,9.40,10493.81,53111.90,11.9,14.8
2,2023-05-22,25.34,47522.38,53217.38,7.1,10.1
2,2023-05-23,27.44,47271.54,53320.57,6.5,7.8
2,2023-05-24,28.54,50664.08,53421.36,7.5,11.0
2,2023-05-25,28.18,49614.19,53519.62,8.2,11.3
2,2023-05-26,15.98,18471.37,53615.24,13.5,14.8
2,2023-05-27,24.90,37051.99,53708.11,12.2,14.9
2,2023-05-28,8.63,8511.46,53798.10,15.4,17.2
2,2023-05-29,24.18,45026.81,53885.08,11.0,15.3
2,2023-05-30,22.87,48737.20,53968.96,8.6,10.9
2,2023-05-31,25.59,52034.19,54049.58,8.6,12.2
2,2023-06-01,25.16,35383.33,54126.84,10.3,16.1
2,2023-06-02,16.35,26179.69,54200.62,15.6,18.9
2,2023-06-03,21.38,47777.25,54270.78,11.0,14.6
2,2023-06-04,22.65,50167.13,54337.21,9.9,13.3
2,2023-06-05,26.97,52202.28,54399.78,11.2,15.8
2,2023-06-06,18.76,35730.77,54458.37,14.8,17.5
2,2023-06-07,14.08,28165.06,54512.95,15.2,18.0
2,2023-06-08,21.32,35586.98,54563.98,15.8,18.4
2,2023-06-09,7.32,2264.23,54611.51,15.0,17.1
2,2023-06-10,16.97,36561.11,54655.50,16.2,18.5
2,2023-06-11,19.91,31044.48,54695.91,15.9,18.6
2,2023-06-12,19.35,33935.61,54732.72,16.6,19.1
2,2023-06-13,13.01,10236.51,54765.89,17.0,18.1
2,2023-06-14,21.05,35036.58,54795.39,17.2,20.0
2,2023-06-15,17.92,26574.18,54821.17,16.9,18.8
2,2023-06-16,20.51,40541.93,54843.24,17.2,19.4
2,2023-06-17,22.72,50202.03,54861.54,16.2,18.6
2,2023-06-18,28.39,52353.94,54876.06,11.8,12.2
2,2023-06-19,29.10,52359.53,54886.77,11.0,12.1
2,2023-06-20,26.74,41931.51,54893.65,13.1,16.1
2,2023-06-21,26.05,47302.49,54896.68,16.1,19.1
2,2023-06-22,12.43,5395.12,54895.85,16.3,17.5
2,2023-06-23,8.89,1888.72,54891.14,14.7,17.4
2,2023-06-24,17.94,32917.56,54882.53,15.1,16.4
2,2023-06-25,23.32,44168.67,54870.02,18.0,19.5
2,2023-06-26,20.57,44942.62,54853.59,18.3,20.0
2,2023-06-27,19.42,31042.85,54833.19,20.3,21.3
2,2023-06-28,18.37,32854.71,54808.61,21.0,21.7
2,2023-06-29,18.79,38964.37,54779.88,20.4,22.3
2,2023-06-30,11.80,15279.72,54747.08,20.1,22.4
2,2023-07-01,22.93,46535.20,54710.30,16.6,19.5
2,2023-07-02,19.55,38450.10,54669.62,18.0,19.5
2,2023-07-03,23.28,46161.22,54625.13,17.3,18.2
2,2023-07-04,25.96,48871.76,54576.92,17.5,19.2
2,2023-07-05,23.12,28899.18,54525.08,18.7,20.4
2,2023-07-06,18.11,34995.75,54469.70,18.6,22.0
2,2023-07-07,18.62,34150.28,54410.87,20.7,23.1
2,2023-07-08,23.71,42747.53,54348.68,22.1,25.5
2,2023-07-09,22.25,36699.10,54283.23,21.6,23.3
2,2023-07-10,14.81,23504.12,54214.60,21.2,23.2
2,2023-07-11,15.52,29803.14,54142.89,21.9,23.3
2,2023-07-12,9.08,14760.50,54068.20,20.9,23.5
2,2023-07-13,16.20,26250.10,53990.60,16.7,18.5
2,2023-07-14,18.68,25200.00,53910.21,19.8,21.3
2,2023-07-15,7.48,1403.51,53827.10,22.0,23.1
2,2023-07-16,18.68,34606.46,53741.38,21.6,22.6
2,2023-07-17,20.15,29873.99,53652.97,21.7,23.0
2,2023-07-18,22.55,44678.06,53561.10,19.4,21.1
2,2023-07-19,15.65,27404.32,53465.76,19.4,20.0
2,2023-07-20,23.69,50400.00,53367.10,18.2,20.4
2,2023-07-21,25.97,40288.92,53265.30,19.0,21.0
2,2023-07-22,21.35,42445.72,53160.48,20.7,22.4
2,2023-07-23,21.68,48945.70,53052.81,22.2,24.0
2,2023-07-24,18.25,42437.19,52942.43,23.8,25.9
2,2023-07-25,22.47,46495.72,52829.48,23.6,24.0
2,2023-07-26,24.39,46445.46,52714.12,22.7,23.7
2,2023-07-27,24.89,50135.08,52596.47,22.7,23.2
2,2023-07-28,24.17,50178.34,52476.68,22.2,22.8
2,2023-07-29,22.88,41263.13,52354.90,23.3,23.7
2,2023-07-30,6.57,1821.35,52231.24,22.7,23.9
2,2023-07-31,14.46,28795.82,52105.85,21.8,23.7
2,2023-08-01,23.12,49904.35,51978.85,21.5,22.2
2,2023-08-02,21.38,39266.32,51850.38,22.8,24.7
2,2023-08-03,13.83,29797.46,51720.56,24.5,25.5
2,2023-08-04,20.36,42743.63,51589.49,24.5,25.3
2,2023-08-05,18.05,42904.87,51457.32,24.6,25.7
2,2023-08-06,12.77,14245.11,51323.96,23.6,25.6
2,2023-08-07,14.42,25497.89,51188.36,21.9,23.7
2,2023-08-08,11.29,9664.72,51050.47,24.0,24.7
2,2023-08-09,17.68,39846.46,50910.44,25.2,27.5
2,2023-08-10,22.70,43272.02,50768.43,24.2,26.6
2,2023-08-11,21.70,36762.18,50624.58,23.2,23.8
2,2023-08-12,20.55,32400.00,50479.03,21.7,23.0
2,2023-08-13,14.03,25282.52,50331.91,21.0,22.3
2,2023-08-14,13.84,22751.76,50183.37,19.4,20.7
2,2023-08-15,11.03,12475.19,50033.54,21.0,23.5
2,2023-08-16,7.98,3600.00,49882.54,23.9,24.5
2,2023-08-17,19.42,41133.38,49730.51,21.7,23.2
2,2023-08-18,12.08,15583.44,49577.57,23.6,24.8
2,2023-08-19,14.02,24316.65,49423.84,24.1,25.0
2,2023-08-20,19.13,46088.89,49269.44,23.9,25.1
2,2023-08-21,21.46,44806.38,49114.49,24.4,26.0
2,2023-08-22,20.65,46371.16,48959.10,25.5,27.6
2,2023-08-23,20.42,44716.86,48803.39,26.7,28.6
2,2023-08-24,18.67,44948.47,48647.46,26.2,28.5
2,2023-08-25,19.63,46767.49,48491.43,25.8,27.7
2,2023-08-26,19.66,43200.00,48335.19,23.7,24.9
2,2023-08-27,11.89,29157.64,48177.66,22.9,24.1
2,2023-08-28,18.96,42523.70,48018.74,21.5,23.1
2,2023-08-29,18.48,38557.45,47858.58,22.6,23.4
2,2023-08-30,14.86,44723.52,47697.27,24.0,25.9
2,2023-08-31,17.57,35000.75,47534.94,24.4,27.0
2,2023-09-01,6.73,9072.98,47371.71,22.0,24.3
2,2023-09-02,19.77,40631.93,47207.68,18.7,20.5
2,2023-09-03,19.27,36000.00,47042.96,20.4,22.3
2,2023-09-04,12.44,22838.94,46877.67,23.3,24.5
2,2023-09-05,9.10,3514.29,46711.91,22.4,23.1
2,2023-09-06,13.75,25891.02,46545.78,20.0,23.0
2,2023-09-07,21.47,45719.95,46379.39,14.8,18.1
2,2023-09-08,17.39,39632.03,46212.84,18.7,20.7
2,2023-09-09,9.93,15799.85,46046.23,21.4,22.3
2,2023-09-10,15.98,34499.46,45879.66,21.7,23.1
2,2023-09-11,10.25,15038.62,45713.23,23.4,24.4
2,2023-09-12,11.31,24575.38,45547.03,22.3,24.3
2,2023-09-13,17.16,29917.28,45381.17,19.4,20.6
2,2023-09-14,5.97,8201.79,45215.74,19.4,21.9
2,2023-09-15,17.54,39642.13,45050.62,16.8,19.3
2,2023-09-16,17.18,27938.98,44884.72,16.8,18.9
2,2023-09-17,11.86,24363.15,44717.94,21.0,22.8
2,2023-09-18,14.63,33469.47,44550.37,20.3,23.5
2,2023-09-19,7.44,11607.47,44382.14,20.0,22.6
2,2023-09-20,11.43,19637.19,44213.34,11.9,14.7
2,2023-09-21,5.36,7200.00,44044.07,15.3,17.0
2,2023-09-22,19.21,40520.01,43874.45,12.8,15.2
2,2023-09-23,15.85,40296.07,43704.56,12.6,16.0
2,2023-09-24,18.55,36885.87,43534.52,10.8,13.7
2,2023-09-25,11.20,16965.49,43364.43,15.7,18.3
2,2023-09-26,11.30,32343.44,43194.39,17.9,19.2
2,2023-09-27,14.66,28054.25,43024.49,17.5,18.5
2,2023-09-28,4.23,10800.00,42854.84,16.7,19.9
2,2023-09-29,16.25,32400.00,42685.56,11.5,15.5
2,2023-09-30,6.03,7849.51,42516.73,15.3,17.3
2,2023-10-01,15.10,39600.00,42348.46,12.5,16.7
2,2023-10-02,15.66,39600.00,42180.85,9.0,10.9
2,2023-10-03,16.01,36000.00,42014.01,9.8,12.3
2,2023-10-04,14.60,35986.79,41848.05,12.8,15.5
2,2023-10-05,7.41,20752.84,41682.85,10.8,14.7
2,2023-10-06,8.74,24170.15,41517.22,11.3,13.6
2,2023-10-07,13.15,39600.00,41351.05,10.3,11.1
2,2023-10-08,15.88,38845.03,41184.44,7.9,10.4
2,2023-10-09,12.61,32400.00,41017.53,12.1,14.2
2,2023-10-10,7.34,16797.66,40850.42,10.1,15.2
2,2023-10-11,14.04,39541.45,40683.24,7.9,9.6
2,2023-10-12,14.07,39441.84,40516.11,9.2,14.2
2,2023-10-13,15.12,39336.04,40349.13,11.6,14.8
2,2023-10-14,14.22,39244.04,40182.45,10.8,14.3
2,2023-10-15,12.99,32400.00,40016.18,12.0,14.0
2,2023-10-16,12.99,38484.67,39850.45,4.3,10.0
2,2023-10-17,10.56,34312.57,39685.38,4.5,8.8
2,2023-10-18,11.90,30715.35,39521.11,9.5,14.0
2,2023-10-19,6.36,14363.58,39357.76,12.0,16.3
2,2023-10-20,2.36,7156.53,39195.47,7.9,11.9
2,2023-10-21,9.24,26381.98,39034.37,0.6,4.1
2,2023-10-22,8.87,25969.77,38874.61,5.1,8.1
2,2023-10-23,12.25,36691.26,38716.32,4.2,9.1
2,2023-10-24,12.00,35815.48,38559.65,9.8,12.8
2,2023-10-25,11.82,36440.63,38404.50,10.6,13.4
2,2023-10-26,11.39,32167.48,38249.53,10.8,15.0
2,2023-10-27,9.22,27587.74,38094.65,10.8,12.9
2,2023-10-28,9.49,28610.41,37939.98,10.4,11.4
2,2023-10-29,8.76,29921.01,37785.67,8.6,10.9
2,2023-10-30,9.14,33394.60,37631.87,8.5,12.3
2,2023-10-31,11.58,32813.15,37478.72,8.4,10.8
2,2023-11-01,8.05,24088.19,37326.38,11.7,13.5
2,2023-11-02,9.94,30008.76,37174.99,8.6,15.0
2,2023-11-03,8.69,25440.84,37024.71,11.4,17.4
2,2023-11-04,10.29,30268.15,36875.71,2.8,7.1
2,2023-11-05,10.00,28800.00,36728.14,6.1,11.8
2,2023-11-06,4.13,2280.67,36582.17,14.7,16.5
2,2023-11-07,4.74,16026.14,36437.97,5.9,14.6
2,2023-11-08,6.97,25836.77,36295.71,3.9,6.0
2,2023-11-09,10.16,28800.00,36155.57,8.5,13.5
2,2023-11-10,2.53,4308.99,36017.74,3.6,14.5
2,2023-11-11,10.10,32807.24,35882.38,-5.5,-2.4
2,2023-11-12,8.33,31130.19,35749.70,-3.6,-2.4
2,2023-11-13,8.58,32484.35,35619.87,-2.7,-0.9
2,2023-11-14,7.40,22510.70,35492.85,-1.9,1.3
2,2023-11-15,8.58,32620.87,35367.33,-1.8,0.8
2,2023-11-16,9.48,28800.00,35243.19,5.4,10.2
2,2023-11-17,1.50,3600.00,35120.60,9.4,13.0
2,2023-11-18,8.73,32400.00,34999.71,2.2,3.8
2,2023-11-19,6.51,32400.00,34880.66,2.6,5.1
2,2023-11-20,6.14,30435.75,34763.62,-1.5,1.0
2,2023-11-21,8.10,29265.44,34648.74,5.5,9.5
2,2023-11-22,8.80,28484.99,34536.19,9.4,11.8
2,2023-11-23,5.30,17755.22,34426.13,7.8,12.7
2,2023-11-24,6.49,25200.00,34318.74,-5.8,3.1
2,2023-11-25,8.22,32400.00,34214.17,-9.1,-6.7
2,2023-11-26,5.29,11793.30,34112.61,-2.9,0.1
2,2023-11-27,6.06,15201.16,34014.22,2.8,8.3
2,2023-11-28,5.21,21960.27,33919.18,-1.3,6.6
2,2023-11-29,8.11,31139.78,33827.67,-9.4,-8.0
2,2023-11-30,7.89,32400.00,33739.86,-9.2,-7.4
2,2023-12-01,7.38,31609.36,33655.95,-7.6,-6.2
2,2023-12-02,3.92,10800.00,33576.11,-4.2,-2.6
2,2023-12-03,7.01,32119.14,33500.51,-2.7,-1.1
2,2023-12-04,6.27,28800.00,33429.18,0.8,5.6
2,2023-12-05,7.53,32400.00,33361.25,0.8,6.5
2,2023-12-06,6.90,28800.00,33296.64,5.1,7.4
2,2023-12-07,2.92,7029.71,33235.43,-1.3,8.4
2,2023-12-08,7.65,30219.26,33177.71,0.7,9.6
2,2023-12-09,3.39,15622.33,33123.54,3.5,11.8
2,2023-12-10,6.74,28111.90,33073.01,-8.2,-5.8
2,2023-12-11,4.55,9760.14,33026.19,-5.7,-2.0
2,2023-12-12,3.67,5621.24,32983.17,-4.1,-2.0
2,2023-12-13,4.91,20857.48,32944.00,-8.4,-7.9
2,2023-12-14,5.61,27189.89,32908.77,-8.0,-7.3
2,2023-12-15,2.36,0.00,32877.56,-2.8,0.1
2,2023-12-16,1.17,0.00,32850.42,0.2,3.1
2,2023-12-17,6.64,32070.66,32827.43,-11.3,-8.0
2,2023-12-18,7.78,30981.30,32808.67,-11.8,-9.4
2,2023-12-19,5.64,24937.06,32794.18,-7.6,-6.0
2,2023-12-20,5.32,18148.39,32784.04,-10.5,-9.8
2,2023-12-21,6.36,31932.26,32778.30,-9.7,-8.9
2,2023-12-22,7.76,31904.17,32777.03,-11.3,-9.5
2,2023-12-23,6.94,31052.46,32780.27,-11.7,-9.2
2,2023-12-24,5.71,20522.82,32788.11,-6.0,-4.6
2,2023-12-25,6.80,28800.00,32800.58,-4.9,-2.6
2,2023-12-26,4.31,13816.24,32817.63,-4.8,-0.4
2,2023-12-27,8.00,28800.00,32839.17,-7.7,-5.0
2,2023-12-28,4.07,2604.48,32865.13,-5.1,-3.1
2,2023-12-29,6.82,29103.17,32895.43,-3.4,-0.4
2,2023-12-30,6.37,23285.48,32929.97,-1.2,2.0
2,2023-12-31,1.17,2952.08,32968.68,-1.9,2.5
2,2024-01-01,4.80,11393.13,33011.47,-5.8,-0.7
2,2024-01-02,5.62,17759.64,33058.24,-0.7,2.0
2,2024-01-03,7.83,26524.15,33108.92,-3.8,-2.7
2,2024-01-04,8.40,30030.96,33163.39,-3.1,-1.3
2,2024-01-05,2.29,8952.34,33221.58,-0.2,3.7
2,2024-01-06,7.07,31747.62,33283.40,-5.0,-2.6
2,2024-01-07,8.33,30665.10,33348.72,-6.0,-4.9
2,2024-01-08,7.56,28800.00,33417.50,-6.7,-4.9
2,2024-01-09,2.75,2977.35,33489.60,-5.0,-0.4
2,2024-01-10,8.78,28800.00,33564.95,-11.3,-8.1
2,2024-01-11,4.73,12762.41,33643.45,-2.1,1.1
2,2024-01-12,8.11,28038.33,33725.00,-5.6,-2.1
2,2024-01-13,8.88,30622.51,33809.70,-6.2,-4.1
2,2024-01-14,4.00,5016.70,33898.47,-5.4,0.7
2,2024-01-15,8.69,31904.92,33991.32,-11.5,-8.4
2,2024-01-16,8.54,31934.88,34088.06,-7.8,-3.9
2,2024-01-17,6.57,27580.65,34188.48,0.1,1.5
2,2024-01-18,8.46,30448.21,34292.42,-3.6,0.2
2,2024-01-19,4.33,15230.06,34399.67,-7.1,-5.0
2,2024-01-20,5.78,20616.52,34510.05,-6.4,-1.6
2,2024-01-21,1.99,0.00,34623.40,-2.6,-1.1
2,2024-01-22,3.26,3361.25,34739.52,1.0,2.2
2,2024-01-23,7.28,15910.24,34858.24,-5.3,-1.3
2,2024-01-24,7.49,18099.45,34979.38,-5.3,-3.4
2,2024-01-25,8.08,19755.12,35102.79,-4.0,-2.8
2,2024-01-26,6.98,19408.02,35228.28,-2.8,-2.2
2,2024-01-27,10.23,34355.90,35355.69,-3.6,-1.7
2,2024-01-28,10.80,34657.03,35484.86,-3.5,-1.6
2,2024-01-29,8.23,25205.49,35615.64,-3.3,-0.2
2,2024-01-30,9.42,31402.16,35747.86,-9.0,-4.4
2,2024-01-31,4.48,4677.77,35881.38,-3.4,0.4
2,2024-02-01,10.28,35156.75,36016.03,-12.4,-9.6
2,2024-02-02,6.92,18083.01,36151.93,-10.4,-9.1
2,2024-02-03,8.36,19853.90,36290.45,-8.8,-7.2
2,2024-02-04,6.99,10901.40,36431.62,-8.1,-6.9
2,2024-02-05,9.55,32653.69,36575.27,-7.7,-5.8
2,2024-02-06,8.89,23154.49,36721.22,-8.1,-5.4
2,2024-02-07,9.24,28549.93,36869.28,-6.9,-5.4
2,2024-02-08,11.85,35700.64,37019.27,-7.6,-5.9
2,2024-02-09,10.20,24108.08,37171.02,-9.2,-6.7
2,2024-02-10,10.35,28613.17,37324.36,-4.6,-2.2
2,2024-02-11,11.89,34243.26,37479.11,-9.1,-7.2
2,2024-02-12,12.78,36000.00,37635.12,-3.5,1.4
2,2024-02-13,11.86,36000.00,37792.23,3.3,4.7
2,2024-02-14,12.72,32400.00,37950.28,2.6,4.8
2,2024-02-15,4.56,4990.24,38109.10,-3.0,1.5
2,2024-02-16,13.27,34526.12,38268.56,-8.6,-6.5
2,2024-02-17,9.45,17879.25,38428.51,-4.3,-2.0
2,2024-02-18,13.78,36000.00,38588.78,1.2,6.8
2,2024-02-19,9.82,21600.00,38749.26,6.5,10.4
2,2024-02-20,12.84,28207.31,38909.77,-9.8,-3.7
2,2024-02-21,9.48,22373.10,39070.21,-10.6,-9.4
2,2024-02-22,12.13,26289.78,39230.68,-10.5,-8.7
2,2024-02-23,10.02,25200.00,39392.53,-9.1,-6.5
2,2024-02-24,9.16,22706.50,39555.88,-9.0,-8.2
2,2024-02-25,8.22,11930.64,39720.59,-5.0,-2.1
2,2024-02-26,8.08,10451.26,39886.51,-2.3,-1.3
2,2024-02-27,10.01,23590.31,40053.52,-5.3,-2.6
2,2024-02-28,16.00,33351.95,40221.47,-7.1,-5.6
2,2024-02-29,8.43,13367.76,40390.23,-4.8,-0.3
2,2024-03-01,4.63,5430.34,40559.68,-5.0,1.4
2,2024-03-02,14.10,36512.43,40729.69,-11.9,-9.6
2,2024-03-03,11.37,20866.73,40900.13,-8.0,-4.5
2,2024-03-04,16.09,35510.58,41070.88,-10.0,-7.2
2,2024-03-05,13.70,32408.19,41241.81,-8.2,-4.3
2,2024-03-06,16.76,35485.56,41412.80,-7.6,-4.4
2,2024-03-07,13.76,24425.86,41583.74,-8.0,-6.4
2,2024-03-08,16.57,33524.87,41754.49,-6.7,-4.5
2,2024-03-09,14.17,33955.10,41924.95,-6.6,-4.1
2,2024-03-10,14.52,35819.03,42094.99,-5.4,-3.0
2,2024-03-11,15.05,28800.00,42264.49,0.0,2.9
2,2024-03-12,5.35,7200.00,42433.35,-0.5,3.4
2,2024-03-13,17.91,39729.10,42601.65,-6.1,-0.6
2,2024-03-14,14.36,34914.18,42770.66,-2.2,-0.3
2,2024-03-15,9.78,15126.67,42940.48,-0.6,2.5
2,2024-03-16,18.85,34284.76,43111.01,-3.2,0.4
2,2024-03-17,7.58,3969.44,43282.14,1.0,3.5
2,2024-03-18,13.55,30956.17,43453.76,-4.2,-0.2
2,2024-03-19,19.51,40393.76,43625.76,-7.4,-6.5
2,2024-03-20,16.75,26776.28,43798.05,-5.2,-3.5
2,2024-03-21,15.08,27981.61,43970.51,-4.3,-3.1
2,2024-03-22,16.78,41275.13,44143.03,-4.0,-2.7
2,2024-03-23,19.28,42509.76,44315.52,-2.1,0.5
2,2024-03-24,17.02,37251.51,44487.85,1.5,3.7
2,2024-03-25,19.51,40554.97,44659.94,-6.0,-3.9
2,2024-03-26,14.48,26189.97,44831.66,-3.1,-1.3
2,2024-03-27,21.48,42849.03,45002.91,-5.3,0.4
2,2024-03-28,15.60,25111.38,45173.58,1.3,7.8
2,2024-03-29,6.58,8369.53,45343.56,7.2,10.6
2,2024-03-30,18.29,42978.56,45512.73,0.1,3.5
2,2024-03-31,20.77,43533.71,45680.99,-4.1,-0.6
2,2024-04-01,20.08,43551.30,45848.21,-4.1,-1.9
2,2024-04-02,19.83,43879.64,46014.50,-3.5,0.4
2,2024-04-03,21.26,40865.72,46181.02,2.5,5.5
2,2024-04-04,19.02,44427.27,46347.89,0.6,4.3
2,2024-04-05,21.05,45002.26,46514.99,-1.0,2.6
2,2024-04-06,22.21,44955.37,46682.24,0.6,7.0
2,2024-04-07,18.32,43627.65,46849.51,5.5,13.5
2,2024-04-08,13.81,21742.94,47016.71,7.7,12.5
2,2024-04-09,6.07,10220.74,47183.73,-2.5,2.1
2,2024-04-10,23.52,46319.83,47350.44,-1.2,3.2
2,2024-04-11,14.85,21428.22,47516.75,4.3,8.3
2,2024-04-12,13.72,28536.91,47682.55,8.0,11.5
2,2024-04-13,17.14,41897.15,47847.70,9.3,12.5
2,2024-04-14,20.40,46710.42,48012.10,9.1,14.3
2,2024-04-15,22.24,40442.38,48175.63,11.4,17.8
2,2024-04-16,13.69,20911.82,48338.16,10.6,13.2
2,2024-04-17,7.47,9158.94,48499.57,10.6,13.1
2,2024-04-18,18.46,34063.43,48659.74,9.3,11.0
2,2024-04-19,18.18,36142.83,48818.53,5.3,9.7
2,2024-04-20,19.75,39600.00,48975.80,4.3,4.8
2,2024-04-21,22.91,45776.77,49131.42,5.1,6.2
2,2024-04-22,23.44,39600.00,49285.47,5.3,6.1
2,2024-04-23,21.25,36000.00,49439.08,6.6,7.8
2,2024-04-24,8.18,2234.00,49592.35,9.9,12.5
2,2024-04-25,8.59,8363.34,49745.15,9.3,12.4
2,2024-04-26,24.27,46800.00,49897.39,9.5,13.8
2,2024-04-27,24.63,46800.00,50048.93,10.1,17.0
2,2024-04-28,22.54,36103.48,50199.65,4.9,10.7
2,2024-04-29,16.87,25657.89,50349.43,4.9,8.4
2,2024-04-30,11.29,17860.31,50498.14,7.1,11.9
2,2024-05-01,26.34,46831.42,50645.66,2.2,4.5
2,2024-05-02,26.38,46800.85,50791.85,2.4,9.7
2,2024-05-03,24.69,46800.00,50936.57,4.6,8.2
2,2024-05-04,24.98,44139.78,51079.68,9.7,13.7
2,2024-05-05,18.76,25200.00,51221.05,12.0,16.1
2,2024-05-06,7.03,0.00,51360.52,14.3,16.6
2,2024-05-07,5.46,3943.18,51497.96,8.1,16.1
2,2024-05-08,17.31,33768.56,51633.20,2.4,4.1
2,2024-05-09,23.80,46086.30,51766.10,6.9,10.2
2,2024-05-10,25.46,39600.00,51896.49,7.0,11.6
2,2024-05-11,22.65,39932.28,52024.23,11.1,18.3
2,2024-05-12,9.75,8084.62,52149.33,13.0,15.0
2,2024-05-13,11.94,19983.15,52272.80,8.3,13.8
2,2024-05-14,26.72,48003.18,52394.71,8.5,14.5
2,2024-05-15,24.93,37257.68,52514.95,12.5,14.6
2,2024-05-16,14.25,16991.19,52633.40,11.6,14.7
2,2024-05-17,16.67,29705.29,52749.94,9.6,11.8
2,2024-05-18,27.34,48483.90,52864.44,10.8,13.9
2,2024-05-19,24.25,43012.18,52976.80,11.5,15.0
2,2024-05-20,22.52,40107.91,53086.86,14.0,18.0
2,2024-05-21,22.58,45103.57,53194.51,6.4,9.0
2,2024-05-22,26.69,47259.08,53299.62,5.5,12.8
2,2024-05-23,22.15,32521.82,53402.05,13.2,14.8
2,2024-05-24,9.11,20364.22,53501.67,8.5,14.6
2,2024-05-25,26.41,47747.72,53598.35,7.3,9.7
2,2024-05-26,10.08,7355.47,53691.94,9.4,12.3
2,2024-05-27,9.87,3804.62,53782.33,13.9,17.8
2,2024-05-28,12.77,11412.94,53869.34,9.0,10.1
2,2024-05-29,20.79,36954.63,53952.86,9.3,11.8
2,2024-05-30,21.54,30062.49,54032.74,11.4,12.5
2,2024-05-31,20.21,21600.00,54108.85,11.1,12.5
2,2024-06-01,19.95,36795.47,54181.15,8.3,12.0
2,2024-06-02,18.40,34270.56,54250.28,10.5,11.4
2,2024-06-03,11.30,11736.60,54316.26,9.8,10.9
2,2024-06-04,17.85,36557.74,54379.04,10.1,11.9
2,2024-06-05,14.58,27782.00,54438.57,10.6,12.1
2,2024-06-06,16.27,30659.69,54494.78,10.1,12.0
2,2024-06-07,26.36,44821.47,54547.60,14.4,16.5
2,2024-06-08,23.29,36717.19,54596.97,15.8,17.7
2,2024-06-09,15.91,25551.73,54642.84,16.7,19.3
2,2024-06-10,22.03,45247.41,54685.14,16.2,16.9
2,2024-06-11,22.86,48620.58,54723.82,16.1,17.2
2,2024-06-12,24.11,42876.34,54758.82,18.3,22.2
2,2024-06-13,22.34,36645.96,54790.09,18.5,21.4
2,2024-06-14,19.91,39610.61,54817.57,17.2,19.2
2,2024-06-15,25.41,41607.86,54841.20,17.8,19.3
2,2024-06-16,14.96,32817.81,54860.95,17.6,20.2
2,2024-06-17,26.27,48921.93,54876.76,16.4,17.5
2,2024-06-18,22.79,49411.69,54888.57,17.0,19.2
2,2024-06-19,27.58,49754.73,54896.36,13.2,15.3
2,2024-06-20,23.95,49263.23,54900.08,15.6,19.4
2,2024-06-21,26.21,52018.95,54899.67,18.5,20.2
2,2024-06-22,19.71,37875.88,54895.10,17.8,19.7
2,2024-06-23,19.35,32643.77,54886.42,17.7,18.3
2,2024-06-24,9.78,3736.95,54873.67,18.8,20.0
2,2024-06-25,21.56,39757.52,54856.90,13.9,16.3
2,2024-06-26,20.45,46364.20,54836.18,12.8,15.5
2,2024-06-27,23.83,43750.33,54811.56,16.0,17.7
2,2024-06-28,26.64,50400.00,54783.10,16.5,18.3
2,2024-06-29,28.18,52453.84,54750.86,15.1,20.8
2,2024-06-30,18.04,21891.79,54714.91,19.0,21.5
2,2024-07-01,21.62,51771.53,54675.31,13.7,19.2
2,2024-07-02,27.52,48710.39,54632.12,13.9,16.6
2,2024-07-03,15.55,18053.74,54585.42,15.9,20.1
2,2024-07-04,18.32,36090.70,54535.27,19.0,21.0
2,2024-07-05,16.24,24849.05,54481.74,19.8,21.2
2,2024-07-06,11.78,18439.51,54424.89,20.1,21.0
2,2024-07-07,13.77,19910.20,54364.79,21.1,22.8
2,2024-07-08,20.08,38123.18,54301.54,18.6,20.2
2,2024-07-09,18.83,41821.54,54235.17,20.0,22.4
2,2024-07-10,23.58,36221.20,54165.79,18.5,20.2
2,2024-07-11,25.08,48891.06,54093.31,17.6,20.4
2,2024-07-12,26.37,50400.00,54017.09,17.6,18.6
2,2024-07-13,24.30,51270.35,53937.13,16.7,18.5
2,2024-07-14,25.71,41305.44,53853.58,18.5,20.5
2,2024-07-15,25.41,46573.24,53766.57,20.0,21.3
2,2024-07-16,26.43,47386.05,53676.26,20.7,21.9
2,2024-07-17,23.03,44664.55,53582.78,21.6,23.0
2,2024-07-18,20.97,37611.50,53486.27,22.6,23.7
2,2024-07-19,8.25,4600.13,53386.88,23.5,24.1
2,2024-07-20,22.49,49684.94,53284.74,21.6,23.2
2,2024-07-21,24.35,46800.00,53179.99,22.8,23.5
2,2024-07-22,23.03,37473.06,53072.76,21.8,23.4
2,2024-07-23,8.58,1471.39,52963.19,23.1,23.7
2,2024-07-24,17.45,39851.48,52851.40,19.4,22.5
2,2024-07-25,23.19,43493.83,52737.53,20.0,21.4
2,2024-07-26,18.55,22539.69,52621.69,20.1,20.8
2,2024-07-27,4.58,0.00,52504.03,21.5,22.5
2,2024-07-28,7.59,2285.97,52384.65,22.9,24.1
2,2024-07-29,7.38,10800.00,52263.68,23.3,24.8
2,2024-07-30,21.74,37737.86,52141.24,21.5,22.6
2,2024-07-31,18.98,38309.99,52017.26,20.7,21.0
2,2024-08-01,15.37,33968.14,51890.72,21.5,23.1
2,2024-08-02,22.30,48283.74,51761.59,23.3,25.4
2,2024-08-03,20.07,32586.68,51630.04,24.5,27.0
2,2024-08-04,19.14,34013.39,51496.21,20.3,23.0
2,2024-08-05,12.60,13686.53,51360.25,21.4,22.1
2,2024-08-06,15.44,32197.19,51222.31,23.0,24.0
2,2024-08-07,18.30,38647.06,51082.53,23.8,24.7
2,2024-08-08,20.91,37012.13,50941.08,22.4,25.3
2,2024-08-09,14.26,29886.38,50798.06,23.1,24.5
2,2024-08-10,23.58,43815.32,50653.62,22.6,23.4
2,2024-08-11,22.25,36466.96,50507.90,21.7,22.8
2,2024-08-12,7.83,1475.63,50361.03,24.3,26.0
2,2024-08-13,9.97,10308.74,50213.14,25.1,25.9
2,2024-08-14,14.34,37154.96,50064.34,24.5,26.2
2,2024-08-15,19.53,38896.39,49914.76,22.9,23.4
2,2024-08-16,15.08,29125.35,49764.52,21.8,23.8
2,2024-08-17,13.57,23952.59,49613.74,21.7,22.7
2,2024-08-18,23.38,46031.29,49462.53,19.7,21.1
2,2024-08-19,20.46,36000.00,49311.00,21.1,21.7
2,2024-08-20,9.53,15358.71,49159.06,20.7,22.2
2,2024-08-21,21.10,43757.07,49005.62,19.5,20.8
2,2024-08-22,12.11,17749.48,48850.62,23.2,25.7
2,2024-08-23,19.85,42427.12,48694.15,24.7,26.6
2,2024-08-24,22.73,46784.81,48536.37,19.3,23.4
2,2024-08-25,19.70,37078.80,48377.40,20.7,21.9
2,2024-08-26,13.11,21880.94,48217.35,22.8,23.9
2,2024-08-27,6.52,3483.45,48056.33,22.1,24.8
2,2024-08-28,17.36,36149.72,47894.49,20.7,21.7
2,2024-08-29,15.18,31340.97,47731.91,22.5,23.1
2,2024-08-30,19.01,36000.00,47568.73,23.2,24.2
2,2024-08-31,12.22,30853.59,47405.03,18.8,23.8
2,2024-09-01,22.62,46288.19,47240.94,18.1,22.0
2,2024-09-02,18.89,39918.70,47076.56,19.6,20.7
2,2024-09-03,23.00,46164.10,46912.01,15.9,19.9
2,2024-09-04,21.62,44863.92,46747.35,19.8,20.8
2,2024-09-05,18.41,35806.22,46582.73,20.7,22.1
2,2024-09-06,20.73,39712.10,46418.23,14.9,17.3
2,2024-09-07,21.03,45699.05,46253.93,16.4,19.7
2,2024-09-08,21.53,44658.37,46089.96,18.1,19.9
2,2024-09-09,21.04,43344.99,45926.21,17.8,20.2
2,2024-09-10,14.50,29569.72,45761.57,21.4,22.7
2,2024-09-11,9.65,22713.53,45595.94,17.5,22.9
2,2024-09-12,18.78,42051.21,45429.44,15.2,17.1
2,2024-09-13,19.16,43547.14,45262.17,14.0,17.4
2,2024-09-14,14.93,18000.00,45094.23,17.1,20.2
2,2024-09-15,10.84,18773.11,44925.74,13.5,17.3
2,2024-09-16,17.63,26497.51,44756.80,13.6,16.4
2,2024-09-17,11.93,32423.15,44587.49,16.7,18.4
2,2024-09-18,14.96,28772.77,44417.94,15.4,17.9
2,2024-09-19,17.78,31837.21,44248.24,15.4,19.7
2,2024-09-20,14.10,25200.00,44078.48,10.5,19.7
2,2024-09-21,5.85,3927.95,43908.77,9.6,13.2
2,2024-09-22,4.51,7237.14,43739.21,12.1,13.4
2,2024-09-23,17.56,39985.54,43569.89,10.6,13.0
2,2024-09-24,15.79,39830.35,43400.92,11.5,13.0
2,2024-09-25,16.44,39163.65,43232.38,14.8,17.3
2,2024-09-26,13.68,32025.46,43064.40,18.3,19.1
2,2024-09-27,15.72,39600.00,42897.05,16.4,19.0
2,2024-09-28,17.47,39600.00,42730.46,14.5,15.3
2,2024-09-29,14.77,39493.27,42564.50,15.1,16.7
2,2024-09-30,14.36,39600.00,42398.00,14.7,16.9
2,2024-10-01,13.13,32400.00,42230.87,15.5,18.5
2,2024-10-02,7.21,15192.61,42063.21,12.1,19.4
2,2024-10-03,6.36,5566.32,41895.13,12.5,15.4
2,2024-10-04,3.93,7200.00,41726.75,14.4,16.0
2,2024-10-05,16.68,39600.00,41558.18,10.7,13.5
2,2024-10-06,12.54,27078.37,41389.53,15.2,16.8
2,2024-10-07,4.33,3292.41,41220.92,14.8,16.8
2,2024-10-08,14.09,39260.39,41052.46,9.5,13.8
2,2024-10-09,14.12,36655.93,40884.27,8.3,11.6
2,2024-10-10,13.92,38031.97,40716.45,7.6,9.6
2,2024-10-11,14.61,39458.66,40549.13,9.3,12.8
2,2024-10-12,14.24,39359.34,40382.43,11.8,13.7
2,2024-10-13,15.44,39260.98,40216.47,6.0,8.7
2,2024-10-14,14.29,32735.63,40051.38,10.2,14.3
2,2024-10-15,9.24,18174.23,39887.27,15.2,17.5
2,2024-10-16,14.71,37082.49,39724.27,7.0,11.0
2,2024-10-17,13.77,38879.48,39562.52,8.0,11.1
2,2024-10-18,12.01,24570.55,39402.14,14.7,18.3
2,2024-10-19,4.22,7176.93,39243.04,4.0,14.8
2,2024-10-20,11.01,37509.36,39083.90,0.1,5.0
2,2024-10-21,12.62,28822.74,38924.61,8.4,11.5
2,2024-10-22,6.65,12429.65,38765.33,13.4,17.1
2,2024-10-23,2.42,1956.54,38606.16,15.1,18.8
2,2024-10-24,10.04,35617.00,38447.27,7.9,9.7
2,2024-10-25,13.14,36744.95,38288.77,7.0,11.5
2,2024-10-26,11.82,32995.05,38130.84,8.5,11.8
2,2024-10-27,7.45,15567.75,37973.59,10.3,11.8
2,2024-10-28,7.79,26019.42,37817.18,3.1,7.9
2,2024-10-29,10.17,35370.16,37661.76,3.3,7.6
2,2024-10-30,7.34,23324.75,37507.49,7.7,9.3
2,2024-10-31,11.63,32881.31,37354.52,6.9,10.2
2,2024-11-01,7.61,19610.88,37203.01,10.5,11.5
2,2024-11-02,6.39,13275.00,37053.13,8.8,12.4
2,2024-11-03,8.58,27816.98,36905.04,4.8,8.9
2,2024-11-04,2.79,5439.78,36758.91,6.4,12.5
2,2024-11-05,9.15,29627.91,36614.91,-1.5,0.9
2,2024-11-06,8.08,28482.89,36473.23,1.0,3.5
2,2024-11-07,10.22,33353.14,36334.04,-2.2,0.2
2,2024-11-08,6.42,16167.85,36197.27,-0.2,1.7
2,2024-11-09,10.34,30868.97,36061.58,2.5,5.5
2,2024-11-10,7.54,28167.60,35926.85,9.5,11.9
2,2024-11-11,9.43,28800.00,35793.25,2.7,9.7
2,2024-11-12,6.32,20004.71,35660.92,3.8,8.2
2,2024-11-13,8.22,32063.37,35530.02,-1.8,0.2
2,2024-11-14,9.54,28800.00,35400.71,1.9,4.5
2,2024-11-15,3.95,11423.60,35273.15,5.5,10.2
2,2024-11-16,9.23,28800.00,35147.52,7.8,13.3
2,2024-11-17,2.18,3600.00,35023.98,1.9,14.1
2,2024-11-18,8.84,32400.00,34902.70,-7.4,-5.7
2,2024-11-19,6.92,28876.48,34783.85,-4.1,1.5
2,2024-11-20,7.07,29041.18,34667.63,1.9,5.0
2,2024-11-21,8.53,28800.00,34554.20,0.9,4.6
2,2024-11-22,7.26,28800.00,34443.75,1.7,3.3
2,2024-11-23,8.06,32400.00,34336.47,-0.2,2.6
2,2024-11-24,4.94,15947.16,34232.54,-3.8,-3.3
2,2024-11-25,8.99,32400.00,34132.16,-4.0,-2.1
2,2024-11-26,8.24,28723.25,34035.51,6.5,10.8
2,2024-11-27,4.78,17528.99,33942.80,5.3,9.3
2,2024-11-28,7.70,27663.78,33854.01,-0.9,2.9
2,2024-11-29,6.79,30370.54,33768.13,-3.8,-2.2
2,2024-11-30,7.74,32339.30,33685.05,-4.6,-3.0
2,2024-12-01,6.62,27333.80,33604.89,-2.9,-1.6
2,2024-12-02,7.86,29421.64,33527.76,2.5,7.0
2,2024-12-03,6.49,22033.53,33453.77,-3.9,2.3
2,2024-12-04,5.67,23389.35,33383.02,-5.2,-2.7
2,2024-12-05,6.88,27157.08,33315.63,-4.2,-0.8
2,2024-12-06,4.40,17593.33,33251.71,-6.5,-3.6
2,2024-12-07,7.46,32400.00,33191.37,-6.0,-5.1
2,2024-12-08,7.42,29202.32,33134.71,-5.2,-3.6
2,2024-12-09,4.71,18514.29,33081.85,-4.5,-3.6
2,2024-12-10,5.85,19064.77,33032.90,-4.4,-3.0
2,2024-12-11,7.14,29784.58,32987.97,-8.4,-5.2
2,2024-12-12,7.91,28971.19,32947.14,-6.8,-5.4
2,2024-12-13,6.46,19383.72,32910.55,-6.5,-5.3
2,2024-12-14,5.93,20229.23,32878.28,-7.7,-6.8
2,2024-12-15,4.15,13991.23,32850.45,-6.5,-1.5
2,2024-12-16,8.15,32080.94,32827.15,-9.0,-7.8
2,2024-12-17,6.93,22647.05,32808.48,-7.4,-6.9
2,2024-12-18,7.80,31372.12,32794.49,-9.0,-7.0
2,2024-12-19,7.79,27636.33,32784.97,-4.8,-3.7
2,2024-12-20,5.56,15416.88,32779.86,-7.1,-4.2
2,2024-12-21,2.85,3119.74,32779.13,-2.7,-0.7
2,2024-12-22,7.84,27277.25,32782.72,-5.6,-3.9
2,2024-12-23,8.26,28800.00,32790.62,-6.4,-4.2
2,2024-12-24,6.40,21764.12,32802.76,-5.7,-4.3
2,2024-12-25,7.03,28223.36,32819.12,-1.7,2.3
2,2024-12-26,7.59,31804.30,32839.64,-6.4,-2.8
2,2024-12-27,8.03,29194.17,32864.27,-9.0,-8.0
2,2024-12-28,8.29,31462.03,32892.99,-9.0,-8.1
2,2024-12-29,8.11,28800.00,32925.71,-8.2,-6.6
2,2024-12-30,7.70,27974.50,32962.40,-4.9,-0.9
2,2024-12-31,5.10,10960.16,33002.99,-3.0,0.4
2,2025-01-01,6.55,20970.42,33047.43,-6.6,-4.8
2,2025-01-02,8.63,31734.66,33095.68,-8.3,-6.6
2,2025-01-03,8.76,31734.59,33147.66,-10.3,-8.4
2,2025-01-04,8.59,31737.15,33203.31,-8.2,-7.6
2,2025-01-05,6.89,21600.00,33262.58,-5.1,0.2
2,2025-01-06,3.75,96.69,33325.41,1.4,2.5
2,2025-01-07,3.05,3611.49,33391.86,-2.6,0.5
2,2025-01-08,5.23,8276.98,33462.70,-6.6,-5.7
2,2025-01-09,6.68,18947.74,33537.89,-8.1,-6.4
2,2025-01-10,7.11,29643.06,33617.27,-3.4,-0.9
2,2025-01-11,7.75,21600.00,33700.65,-4.8,-2.5
2,2025-01-12,4.58,10841.32,33787.86,-4.2,-1.1
2,2025-01-13,7.95,27025.52,33878.75,-3.4,-0.4
2,2025-01-14,6.68,25820.76,33973.12,-6.0,-0.9
2,2025-01-15,9.31,31931.94,34070.82,-10.6,-8.1
2,2025-01-16,7.11,19433.85,34171.68,-8.1,-6.0
2,2025-01-17,9.59,31545.71,34275.53,-10.7,-9.0
2,2025-01-18,7.88,28962.96,34382.20,-10.2,-7.4
2,2025-01-19,2.89,3269.66,34491.54,1.0,2.2
2,2025-01-20,9.45,28509.13,34603.39,-2.1,0.2
2,2025-01-21,9.24,24246.22,34717.58,-2.0,0.6
2,2025-01-22,6.44,16471.03,34833.97,-1.2,1.0
2,2025-01-23,8.28,22071.32,34952.40,0.1,1.5
2,2025-01-24,4.86,10157.52,35072.72,-2.2,1.2
2,2025-01-25,9.29,29348.31,35194.78,-3.3,1.0
2,2025-01-26,10.81,34702.77,35318.44,-2.5,-0.6
2,2025-01-27,8.92,27617.75,35443.80,-1.8,-0.7
2,2025-01-28,7.08,17960.59,35572.15,-2.5,-0.9
2,2025-01-29,9.80,29728.54,35703.55,-3.3,-1.0
2,2025-01-30,8.16,34183.86,35837.79,-5.3,-4.0
2,2025-01-31,9.79,34136.86,35974.68,-6.4,-4.4
2,2025-02-01,11.08,35210.04,36114.02,-6.3,-3.9
2,2025-02-02,9.62,23425.48,36255.65,-4.7,-2.0
2,2025-02-03,4.93,3600.00,36399.36,-0.5,1.3
2,2025-02-04,8.64,33032.19,36544.98,-4.9,-0.1
2,2025-02-05,8.91,27260.82,36692.34,-5.8,-3.8
2,2025-02-06,10.03,25154.34,36841.26,-6.9,-5.3
2,2025-02-07,11.61,35683.92,36991.57,-11.4,-7.8
2,2025-02-08,12.91,35762.99,37143.11,-4.8,-2.9
2,2025-02-09,11.16,28722.60,37295.72,-6.7,-4.9
2,2025-02-10,9.10,25334.45,37449.24,-7.8,-7.2
2,2025-02-11,13.24,35492.87,37603.51,-6.7,-3.1
2,2025-02-12,7.85,12385.24,37758.38,-0.2,1.6
2,2025-02-13,12.99,35129.68,37913.70,-7.7,-5.7
2,2025-02-14,13.77,36003.67,38069.33,-7.3,-6.2
2,2025-02-15,11.75,32533.77,38225.12,-3.3,-0.3
2,2025-02-16,10.40,32400.00,38381.18,-0.8,1.7
2,2025-02-17,11.84,24944.54,38538.90,-4.3,-1.6
2,2025-02-18,10.74,27414.58,38698.37,-7.7,-4.0
2,2025-02-19,13.68,36108.81,38859.45,-5.9,-4.4
2,2025-02-20,15.48,36384.00,39021.97,-7.1,-4.5
2,2025-02-21,14.61,36015.44,39185.80,-9.6,-5.5
2,2025-02-22,14.49,36288.15,39350.79,-7.3,-4.5
2,2025-02-23,14.89,36000.00,39516.78,-8.2,-6.5
2,2025-02-24,13.07,34172.51,39683.66,-5.1,-3.7
2,2025-02-25,15.17,36459.39,39851.27,-1.9,1.9
2,2025-02-26,14.64,36090.97,40019.47,-5.9,-2.8
2,2025-02-27,12.19,25297.79,40188.15,-2.8,1.3
2,2025-02-28,15.98,37575.89,40357.16,2.2,2.8
2,2025-03-01,15.58,32804.73,40526.38,-1.9,2.3
2,2025-03-02,14.79,32400.00,40695.67,-7.4,-2.9
2,2025-03-03,9.46,20507.69,40864.92,-10.4,-9.0
2,2025-03-04,11.39,27368.49,41033.99,-7.3,-3.1
2,2025-03-05,3.70,0.00,41202.77,0.2,1.1
2,2025-03-06,6.93,7295.79,41371.12,-2.5,0.2
2,2025-03-07,15.89,36354.93,41538.92,-6.7,-5.2
2,2025-03-08,13.95,35443.38,41706.29,-8.3,-5.8
2,2025-03-09,13.69,38404.18,41874.50,-3.2,-0.8
2,2025-03-10,17.78,40715.07,42043.67,-4.0,-0.5
2,2025-03-11,17.00,35696.38,42213.68,1.7,5.5
2,2025-03-12,14.22,27196.46,42384.42,3.5,6.3
2,2025-03-13,15.03,39533.72,42555.78,-0.9,3.2
2,2025-03-14,15.83,40013.35,42727.64,-3.1,-2.5
2,2025-03-15,12.61,24968.33,42899.90,-4.4,-2.7
2,2025-03-16,7.06,1499.51,43072.45,-1.2,0.7
2,2025-03-17,9.57,7200.00,43245.17,-4.0,-0.1
2,2025-03-18,17.96,36892.60,43417.97,-5.6,-2.0
2,2025-03-19,17.20,32400.00,43590.73,-4.0,-1.5
2,2025-03-20,18.44,36932.17,43763.33,-1.5,3.1
2,2025-03-21,12.42,32521.19,43935.68,3.8,5.3
2,2025-03-22,16.57,39546.86,44107.66,-3.1,3.7
2,2025-03-23,17.37,42493.08,44279.16,-3.3,-1.2
2,2025-03-24,18.36,31286.16,44450.08,2.3,7.9
2,2025-03-25,14.34,25853.62,44620.29,6.9,8.7
2,2025-03-26,11.63,25851.28,44789.69,-1.1,4.8
2,2025-03-27,5.72,3632.73,44958.17,4.1,5.6
2,2025-03-28,7.88,11935.46,45125.81,0.6,5.9
2,2025-03-29,20.16,35694.91,45293.82,-8.7,-5.4
2,2025-03-30,14.09,28411.95,45462.29,-6.3,-0.5
2,2025-03-31,19.39,40490.70,45631.13,-6.2,-3.8
2,2025-04-01,19.86,35894.81,45800.23,-0.6,3.7
2,2025-04-02,3.51,0.00,45969.49,3.0,3.9
2,2025-04-03,6.30,2492.69,46138.80,3.0,4.9
2,2025-04-04,15.39,36522.27,46308.07,-0.4,1.3
2,2025-04-05,16.30,35181.58,46477.17,1.2,3.3
2,2025-04-06,16.74,34108.66,46646.02,5.6,7.5
2,2025-04-07,12.05,22789.06,46814.49,4.2,5.2
2,2025-04-08,14.88,29652.69,46982.48,3.1,4.1
2,2025-04-09,19.77,36684.79,47149.87,5.0,6.3
2,2025-04-10,13.18,17202.10,47316.55,5.0,7.6
2,2025-04-11,19.29,41446.41,47482.39,5.7,8.5
2,2025-04-12,20.71,36000.00,47647.30,5.7,7.6
2,2025-04-13,5.95,0.00,47811.14,7.4,9.3
2,2025-04-14,4.43,0.00,47973.78,7.2,8.3
2,2025-04-15,7.56,0.00,48135.11,6.0,7.8
2,2025-04-16,16.16,39999.04,48295.00,3.0,5.1
2,2025-04-17,23.66,46800.00,48453.52,-0.8,5.2
2,2025-04-18,8.58,1674.85,48611.82,8.6,11.4
2,2025-04-19,15.17,25523.66,48770.01,6.1,10.9
2,2025-04-20,9.38,16885.10,48927.96,6.5,12.1
2,2025-04-21,23.05,46800.00,49085.58,3.1,4.1
2,2025-04-22,20.09,25244.64,49242.74,5.5,7.0
2,2025-04-23,10.86,17599.06,49399.32,7.5,8.9
2,2025-04-24,18.21,34168.46,49555.21,8.5,9.5
2,2025-04-25,11.97,28198.76,49710.27,5.1,9.1
2,2025-04-26,22.14,46800.00,49864.39,2.0,5.7
2,2025-04-27,19.80,32400.00,50017.44,3.5,6.5
2,2025-04-28,13.81,12486.29,50169.29,3.9,6.2
2,2025-04-29,5.03,3600.00,50319.79,5.1,5.8
2,2025-04-30,23.01,46800.00,50468.82,3.0,4.2
2,2025-05-01,24.92,39949.24,50616.23,8.0,11.1
2,2025-05-02,22.86,34543.30,50761.89,10.5,11.5
2,2025-05-03,19.84,28068.03,50905.64,6.7,8.8
2,2025-05-04,17.41,36083.43,51047.33,7.1,8.7
2,2025-05-05,23.89,44697.88,51186.81,4.7,8.0
2,2025-05-06,17.35,33903.87,51323.94,6.2,8.4
2,2025-05-07,14.51,28991.12,51458.74,5.5,8.6
2,2025-05-08,26.08,46800.00,51592.27,4.2,6.5
2,2025-05-09,23.33,35534.63,51724.62,7.1,11.5
2,2025-05-10,11.86,13110.74,51855.68,12.6,14.2
2,2025-05-11,16.66,34129.18,51985.31,8.6,10.9
2,2025-05-12,20.95,46262.95,52113.39,10.0,11.2
2,2025-05-13,24.92,44428.70,52239.80,9.8,12.1
2,2025-05-14,18.45,39095.97,52364.42,11.4,16.4
2,2025-05-15,18.12,20084.48,52487.09,12.9,15.1
2,2025-05-16,15.17,23712.63,52607.70,15.6,19.0
2,2025-05-17,10.70,8421.07,52726.11,13.5,15.3
2,2025-05-18,13.47,21239.99,52842.17,9.5,15.4
2,2025-05-19,24.06,36342.61,52955.75,6.3,11.3
2,2025-05-20,20.75,33102.17,53066.70,8.4,12.7
2,2025-05-21,20.52,40265.75,53174.89,10.3,12.2
2,2025-05-22,23.46,48632.90,53280.16,8.7,11.1
2,2025-05-23,24.41,47245.56,53382.36,7.8,9.8
2,2025-05-24,16.61,25385.24,53481.34,10.2,11.1
2,2025-05-25,6.26,4195.85,53576.96,9.7,10.5
2,2025-05-26,21.73,47517.99,53669.05,9.6,10.9
2,2025-05-27,22.87,50545.04,53757.61,10.3,12.9
2,2025-05-28,25.44,47095.19,53843.39,11.9,16.3
2,2025-05-29,27.41,47653.77,53926.44,11.1,15.3
2,2025-05-30,24.10,28800.00,54006.67,14.3,17.6
2,2025-05-31,20.38,35349.60,54084.01,12.1,14.5
2,2025-06-01,26.27,49237.84,54158.37,11.5,14.4
2,2025-06-02,19.32,27848.68,54229.65,12.1,13.5
2,2025-06-03,15.26,16278.22,54297.79,13.0,14.2
2,2025-06-04,16.49,32405.91,54362.68,11.9,14.7
2,2025-06-05,15.82,32643.50,54424.25,11.4,13.3
2,2025-06-06,23.64,48915.99,54482.41,12.3,16.0
2,2025-06-07,20.43,34428.72,54537.08,14.0,16.0
2,2025-06-08,27.99,52690.79,54588.17,12.2,13.6
2,2025-06-09,27.97,52689.64,54635.59,13.3,16.8
2,2025-06-10,24.81,33139.65,54679.28,16.7,18.7
2,2025-06-11,17.98,39006.88,54719.14,16.0,18.7
2,2025-06-12,25.34,48299.97,54755.11,12.7,13.7
2,2025-06-13,25.75,48159.81,54787.09,15.2,18.2
2,2025-06-14,22.00,33117.79,54815.02,16.5,18.9
2,2025-06-15,14.81,15318.40,54838.81,17.1,18.1
2,2025-06-16,16.20,20647.91,54858.43,18.8,19.6
2,2025-06-17,19.39,32173.75,54874.03,18.8,20.1
2,2025-06-18,27.63,52352.76,54885.64,16.5,17.7
2,2025-06-19,25.69,50907.31,54893.28,19.0,21.6
2,2025-06-20,21.83,35897.88,54896.98,19.5,20.7
2,2025-06-21,9.69,7147.74,54896.77,21.0,22.0
2,2025-06-22,10.03,7864.71,54892.66,17.8,21.0
2,2025-06-23,22.07,39676.02,54884.68,16.9,18.0
2,2025-06-24,28.31,52042.53,54872.87,16.2,18.1
2,2025-06-25,24.90,35961.27,54857.25,21.4,23.6
2,2025-06-26,11.67,14717.20,54837.85,21.6,23.6
2,2025-06-27,22.06,46121.42,54814.73,18.7,21.6
2,2025-06-28,27.50,51021.11,54787.90,17.8,20.1
2,2025-06-29,24.58,35659.06,54757.41,19.7,20.9
2,2025-06-30,16.37,38662.77,54723.30,20.8,22.0
2,2025-07-01,16.42,29001.90,54685.60,22.0,22.9
2,2025-07-02,19.95,34746.94,54644.37,23.3,24.7
2,2025-07-03,16.69,32085.25,54599.64,24.2,26.7
2,2025-07-04,6.12,37.80,54551.46,22.7,24.0
2,2025-07-05,21.70,33922.92,54499.88,22.8,25.0
2,2025-07-06,19.02,37536.80,54444.84,23.7,25.5
2,2025-07-07,26.85,51504.99,54385.82,20.5,24.4
2,2025-07-08,28.35,50818.57,54322.85,17.1,20.5
2,2025-07-09,28.39,50485.85,54256.04,17.7,19.4
2,2025-07-10,26.13,40272.30,54185.53,16.5,17.7
2,2025-07-11,19.93,45642.72,54111.44,14.6,16.0
2,2025-07-12,26.50,48573.37,54033.92,14.8,16.7
2,2025-07-13,24.89,49342.71,53953.07,18.7,21.0
2,2025-07-14,23.05,39789.79,53869.03,21.6,23.7
2,2025-07-15,13.63,16258.87,53781.93,22.3,25.5
2,2025-07-16,18.13,36809.31,53691.89,23.3,25.5
2,2025-07-17,23.77,50269.78,53599.03,24.6,27.2
2,2025-07-18,16.27,25786.82,53503.49,23.2,25.5
2,2025-07-19,12.91,11763.72,53405.38,22.8,24.0
2,2025-07-20,17.15,43289.60,53304.82,23.0,23.3
2,2025-07-21,22.20,47202.86,53201.94,23.5,24.1
2,2025-07-22,23.31,49549.64,53096.85,23.8,24.4
2,2025-07-23,25.17,44856.28,52989.67,22.2,23.7
2,2025-07-24,26.66,50380.35,52880.52,22.3,23.2
2,2025-07-25,23.87,38630.71,52769.51,22.2,24.3
2,2025-07-26,10.33,4738.44,52656.56,23.5,24.5
2,2025-07-27,15.17,20857.56,52540.75,23.4,24.3
2,2025-07-28,19.08,46482.70,52422.03,23.5,24.0
2,2025-07-29,21.52,45576.73,52300.56,23.6,25.0
2,2025-07-30,21.72,39068.92,52176.51,22.4,23.4
2,2025-07-31,18.03,28597.12,52050.04,22.6,24.4
2,2025-08-01,24.19,42382.10,51921.29,22.4,24.0
2,2025-08-02,20.41,37548.63,51790.40,24.4,25.3
2,2025-08-03,22.24,45698.91,51657.54,23.0,23.9
2,2025-08-04,13.91,19874.90,51522.83,23.1,24.7
2,2025-08-05,21.29,38606.35,51386.42,22.4,24.1
2,2025-08-06,8.86,550.84,51248.44,21.5,22.9
2,2025-08-07,11.33,16177.20,51109.04,21.7,24.3
2,2025-08-08,16.67,31672.39,50968.33,20.1,21.6
2,2025-08-09,21.90,43543.33,50826.46,20.0,21.7
2,2025-08-10,16.23,40570.36,50683.54,21.3,23.0
2,2025-08-11,23.01,47257.97,50539.71,21.8,23.4
2,2025-08-12,22.76,46969.98,50395.07,20.9,24.1
2,2025-08-13,24.65,40996.29,50249.76,18.1,20.4
2,2025-08-14,15.51,21087.66,50103.88,21.0,23.6
2,2025-08-15,24.88,47409.71,49957.34,18.3,21.3
2,2025-08-16,21.35,29136.06,49809.07,19.9,21.4
2,2025-08-17,8.62,20742.26,49658.99,20.7,23.8
2,2025-08-18,22.13,40450.00,49507.25,18.4,21.5
2,2025-08-19,7.33,11318.94,49353.98,22.8,24.1
2,2025-08-20,15.30,29426.53,49199.31,22.3,23.7
2,2025-08-21,21.07,41799.88,49043.36,19.4,21.0
2,2025-08-22,12.27,14806.32,48886.28,21.0,24.8
2,2025-08-23,19.23,46800.00,48728.16,21.6,25.3
2,2025-08-24,23.42,46798.61,48569.15,19.3,21.1
2,2025-08-25,20.40,38826.38,48409.35,22.1,23.7
2,2025-08-26,17.76,37816.51,48248.89,23.9,25.0
2,2025-08-27,20.31,46611.64,48087.88,18.2,22.3
2,2025-08-28,14.59,22147.28,47926.42,18.7,19.9
2,2025-08-29,6.93,3217.40,47764.63,20.4,21.7
2,2025-08-30,16.44,35327.01,47602.61,20.1,23.1
2,2025-08-31,18.16,43200.00,47440.48,21.0,22.9
2,2025-09-01,10.13,15503.58,47278.32,23.5,24.7
2,2025-09-02,9.37,11180.55,47116.26,22.2,25.0
2,2025-09-03,20.67,45454.17,46954.39,18.2,19.8
2,2025-09-04,15.17,30251.46,46792.60,20.0,21.2
2,2025-09-05,15.00,39444.47,46629.80,20.4,21.5
2,2025-09-06,16.98,32475.50,46465.89,21.3,23.0
2,2025-09-07,8.82,13239.61,46300.99,20.5,23.7
2,2025-09-08,20.31,35712.83,46135.21,17.9,19.9
2,2025-09-09,7.87,7504.48,45968.66,19.1,20.6
2,2025-09-10,15.77,27150.46,45801.44,16.9,19.5
2,2025-09-11,18.85,41014.22,45633.66,17.8,19.4
2,2025-09-12,18.26,37788.08,45465.42,18.0,20.2
2,2025-09-13,5.94,7568.82,45296.82,20.5,22.9
2,2025-09-14,19.71,43609.04,45127.97,16.3,18.8
2,2025-09-15,18.32,42146.44,44958.97,18.8,20.5
2,2025-09-16,19.17,36762.77,44789.91,17.6,22.3
2,2025-09-17,15.40,35284.75,44620.90,16.2,22.2
2,2025-09-18,17.23,40849.97,44452.03,12.3,14.1
2,2025-09-19,17.94,35688.58,44283.40,11.5,12.9
2,2025-09-20,7.14,7878.92,44115.11,14.7,18.0
2,2025-09-21,16.86,40174.47,43947.26,12.4,13.7
2,2025-09-22,16.84,34816.52,43779.95,12.4,13.7
2,2025-09-23,16.45,39377.54,43613.26,13.0,16.3
2,2025-09-24,14.34,25155.42,43447.10,15.0,16.7
2,2025-09-25,6.89,12150.51,43280.33,17.9,21.5
2,2025-09-26,16.38,39600.00,43112.83,14.0,17.1
2,2025-09-27,17.54,37137.75,42944.72,14.0,15.5
2,2025-09-28,13.30,21600.00,42776.11,14.3,17.0
2,2025-09-29,14.62,33553.79,42607.10,15.0,16.8
2,2025-09-30,16.89,37331.22,42437.80,15.3,17.8
2,2025-10-01,10.96,27044.57,42268.32,15.9,17.7
2,2025-10-02,15.10,39600.00,42098.76,15.3,17.4
2,2025-10-03,16.84,39600.00,41929.23,14.5,16.2
2,2025-10-04,16.29,35793.35,41759.85,16.4,18.6
2,2025-10-05,13.18,33997.65,41590.71,14.8,19.1
2,2025-10-06,15.85,39146.85,41421.93,7.0,9.9
2,2025-10-07,10.97,28967.88,41253.63,13.0,15.9
2,2025-10-08,12.92,39365.80,41085.91,8.4,13.5
2,2025-10-09,13.54,39600.00,40918.89,7.0,8.0
2,2025-10-10,11.58,36606.63,40752.68,3.2,6.0
2,2025-10-11,9.39,15106.75,40587.41,5.2,12.8
2,2025-10-12,5.85,7557.10,40423.18,13.2,14.5
2,2025-10-13,14.35,39287.92,40260.11,7.5,10.2
2,2025-10-14,14.82,39193.42,40098.11,9.6,11.9
2,2025-10-15,12.91,31899.31,39935.90,7.3,10.2
2,2025-10-16,8.82,29564.25,39773.38,12.5,13.5
2,2025-10-17,11.73,28800.00,39610.67,10.0,11.9
2,2025-10-18,3.54,6706.75,39447.91,9.8,15.0
2,2025-10-19,9.77,25200.00,39285.22,3.5,6.6
2,2025-10-20,9.24,34555.56,39122.73,0.4,2.2
2,2025-10-21,10.05,33412.51,38960.57,1.3,3.0
2,2025-10-22,8.76,25563.43,38798.90,1.2,2.6
2,2025-10-23,11.22,37122.47,38637.83,1.0,2.9
2,2025-10-24,11.13,35220.31,38477.52,-0.8,0.6
2,2025-10-25,9.22,20930.33,38318.10,3.9,9.7
2,2025-10-26,5.17,10277.27,38159.72,11.8,13.0
2,2025-10-27,11.33,35716.68,38002.53,2.1,8.1
2,2025-10-28,10.06,35359.70,37846.68,-1.8,1.5
2,2025-10-29,11.09,35329.66,37692.34,-0.0,1.6
2,2025-10-30,11.29,31921.33,37539.64,4.6,9.0
2,2025-10-31,7.28,13048.36,37388.76,9.3,11.7
2,2025-11-01,1.82,4521.22,37239.86,8.3,9.7
2,2025-11-02,9.53,26769.62,37093.11,5.5,7.6
2,2025-11-03,10.25,33171.66,36948.42,1.3,3.2
2,2025-11-04,8.63,32106.89,36804.43,4.0,10.2
2,2025-11-05,10.31,32591.24,36661.04,5.7,10.3
2,2025-11-06,9.40,32963.20,36518.41,4.8,8.3
2,2025-11-07,10.13,32400.00,36376.67,-1.3,0.1
2,2025-11-08,5.90,16813.86,36235.99,-2.2,0.9
2,2025-11-09,5.57,21515.09,36096.51,5.2,7.7
2,2025-11-10,7.42,31431.84,35958.42,-0.8,3.6
2,2025-11-11,8.98,32484.48,35821.86,-2.6,-1.4
2,2025-11-12,8.84,32022.27,35687.02,0.0,5.9
2,2025-11-13,6.97,26653.51,35554.06,1.1,8.9
2,2025-11-14,5.91,20756.96,35423.15,-2.0,-0.9
2,2025-11-15,5.88,21179.62,35294.47,-2.3,-1.7
2,2025-11-16,9.46,28800.00,35168.21,2.8,9.5
2,2025-11-17,2.95,7838.62,35044.56,-3.5,4.5
2,2025-11-18,9.25,30530.80,34923.68,-5.3,-3.5
2,2025-11-19,5.27,11667.35,34805.79,-1.7,2.6
2,2025-11-20,6.33,24062.03,34691.07,4.2,7.3
2,2025-11-21,7.93,28800.00,34579.72,-3.6,-2.0
2,2025-11-22,4.46,6517.29,34471.93,-1.1,5.0
2,2025-11-23,7.82,28800.00,34367.69,5.2,6.7
2,2025-11-24,7.34,29315.12,34265.84,3.4,8.2
2,2025-11-25,6.58,26623.37,34166.27,6.3,8.0
2,2025-11-26,6.89,24164.06,34069.11,1.6,3.6
2,2025-11-27,8.24,32400.00,33974.51,4.0,8.7
2,2025-11-28,5.42,29646.19,33882.59,-2.0,7.1
2,2025-11-29,5.46,20556.86,33793.49,-2.0,4.8
2,2025-11-30,6.96,26274.01,33707.33,2.5,7.8
2,2025-12-01,4.78,19877.46,33624.26,-1.5,9.2
2,2025-12-02,4.69,14286.82,33544.41,-1.6,3.1
2,2025-12-03,4.23,17195.08,33467.93,-7.4,-4.0
2,2025-12-04,8.31,32400.00,33394.94,-7.7,-5.9
2,2025-12-05,8.97,28800.00,33325.60,-4.3,-1.1
2,2025-12-06,5.54,16650.41,33260.03,0.9,3.6
2,2025-12-07,5.50,28800.00,33198.37,1.2,4.0
2,2025-12-08,1.50,7200.00,33140.78,-2.3,2.8
2,2025-12-09,6.94,31848.35,33087.37,-6.6,-5.4
2,2025-12-10,7.86,28800.00,33038.30,-5.8,1.8
2,2025-12-11,1.09,3511.11,32993.68,-5.3,2.8
2,2025-12-12,8.18,32265.58,32953.68,-9.6,-8.2
2,2025-12-13,6.17,11344.98,32918.31,-5.3,-2.8
2,2025-12-14,1.51,1346.99,32887.13,1.5,2.4
2,2025-12-15,6.34,24873.25,32860.06,-3.0,1.0
2,2025-12-16,3.14,3691.10,32837.10,-6.6,-1.6
2,2025-12-17,3.89,9392.03,32818.27,-7.9,-7.1
2,2025-12-18,3.39,7936.59,32803.57,-6.8,-5.2
2,2025-12-19,3.12,7503.57,32793.00,1.5,6.0
2,2025-12-20,2.69,1936.93,32786.56,6.5,10.1
2,2025-12-21,1.41,3125.81,32784.27,-1.4,6.2
2,2025-12-22,5.72,18469.74,32786.11,-7.6,-6.3
2,2025-12-23,5.70,17536.82,32792.06,-3.0,0.4
2,2025-12-24,2.26,161.85,32802.15,2.7,4.9
2,2025-12-25,2.55,0.00,32816.34,-1.5,-0.4
2,2025-12-26,5.59,22960.01,32834.63,-10.4,-3.0
2,2025-12-27,7.12,31785.39,32857.01,-9.4,-7.8
2,2025-12-28,7.32,27358.94,32883.45,-4.1,2.1
2,2025-12-29,3.59,12046.59,32913.95,1.7,3.2
2,2025-12-30,6.62,30449.91,32948.49,-5.3,2.6
2,2025-12-31,8.20,31087.01,32987.04,-12.4,-10.3
2,2026-01-01,7.59,29207.36,33029.58,-9.9,-3.9
2,2026-01-02,8.26,28830.48,33076.18,-5.9,-3.7
2,2026-01-03,6.53,23328.94,33127.38,-4.5,-3.0
2,2026-01-04,4.99,5864.77,33183.10,-7.9,-6.1
2,2026-01-05,7.87,31425.87,33243.24,-10.9,-9.6
2,2026-01-06,7.62,29182.56,33307.61,-9.4,-6.8
2,2026-01-07,4.77,10379.67,33376.10,-2.5,0.9
2,2026-01-08,8.16,25346.50,33448.53,-8.9,-5.7
2,2026-01-09,4.97,5487.45,33524.77,-4.7,-1.8
2,2026-01-10,3.52,3007.48,33604.67,1.1,3.0
2,2026-01-11,7.51,29125.55,33688.07,-5.6,-2.8
2,2026-01-12,9.00,28866.56,33774.84,-8.9,-5.6
2,2026-01-13,5.50,15266.91,33864.82,-7.7,0.4
2,2026-01-14,8.86,31896.59,33957.87,-11.0,-8.2
2,2026-01-15,6.87,21726.83,34053.85,-6.4,-4.5
2,2026-01-16,5.45,8888.23,34152.61,-5.9,-4.9
2,2026-01-17,5.67,11630.16,34254.02,-6.9,-4.3
2,2026-01-18,9.61,28800.00,34357.93,-7.0,-4.8
2,2026-01-19,5.28,4004.84,34464.21,-6.0,-1.8
2,2026-01-20,9.05,26879.31,34572.72,-9.7,-7.7
2,2026-01-21,9.58,32574.11,34683.32,-11.7,-9.5
2,2026-01-22,9.72,32113.98,34796.11,-10.5,-8.5
2,2026-01-23,8.53,30267.05,34912.31,-10.8,-9.1
2,2026-01-24,10.01,33291.65,35031.92,-11.2,-9.1
2,2026-01-25,10.07,31510.53,35154.76,-9.8,-8.0
2,2026-01-26,6.66,10863.53,35280.62,-7.6,-5.8
2,2026-01-27,6.34,7495.42,35409.31,-7.3,-3.4
2,2026-01-28,10.40,30689.48,35540.64,-7.5,-4.4
2,2026-01-29,8.30,29255.25,35674.42,-8.9,-4.7
2,2026-01-30,11.16,35035.53,35810.46,-7.6,-5.8
2,2026-01-31,11.21,30102.04,35948.59,-6.2,-4.7
3,2021-01-01,6.38,28155.51,33181.73,-14.3,-13.5
3,2021-01-02,6.86,26714.82,33229.45,-12.0,-10.1
3,2021-01-03,5.76,17813.05,33280.85,-9.0,-8.1
3,2021-01-04,6.88,31749.45,33335.88,-10.5,-9.2
3,2021-01-05,7.87,31753.90,33394.45,-11.2,-9.4
3,2021-01-06,6.75,22310.65,33456.52,-9.8,-8.1
3,2021-01-07,6.18,17370.78,33522.01,-9.3,-7.4
3,2021-01-08,8.31,30246.92,33591.00,-12.6,-11.3
3,2021-01-09,6.86,29133.65,33664.26,-11.3,-9.8
3,2021-01-10,5.42,17898.84,33741.78,-11.2,-10.1
3,2021-01-11,5.58,19505.33,33823.38,-8.7,-6.7
3,2021-01-12,7.30,23347.61,33908.88,-1.5,0.9
3,2021-01-13,7.59,32200.12,33998.11,-2.5,0.2
3,2021-01-14,8.77,30064.56,34090.90,-9.3,-5.6
3,2021-01-15,7.82,26522.29,34187.08,-3.1,4.1
3,2021-01-16,6.62,30691.28,34286.47,-3.5,0.8
3,2021-01-17,7.72,30075.33,34388.92,-8.1,-5.0
3,2021-01-18,6.83,17112.61,34494.25,-8.9,-6.7
3,2021-01-19,6.20,25587.42,34602.30,-12.2,-9.5
3,2021-01-20,3.90,3309.37,34712.91,-5.6,0.3
3,2021-01-21,8.42,28914.55,34825.91,-0.9,-0.3
3,2021-01-22,6.67,20719.99,34941.15,-6.2,-0.4
3,2021-01-23,7.74,32237.01,35058.48,-8.2,-5.8
3,2021-01-24,9.33,33919.19,35177.75,-3.6,-1.1
3,2021-01-25,9.87,34340.14,35298.79,-2.7,0.1
3,2021-01-26,7.55,18823.37,35421.47,1.6,3.8
3,2021-01-27,6.82,16962.37,35545.65,-6.1,4.1
3,2021-01-28,6.94,8990.63,35671.41,-4.8,1.3
3,2021-01-29,7.51,20281.49,35800.06,-4.9,-2.4
3,2021-01-30,7.53,24551.81,35931.65,-7.4,-3.4
3,2021-01-31,4.94,7200.00,36065.98,-9.7,-7.2
3,2021-02-01,8.61,21318.06,36202.86,0.1,3.7
3,2021-02-02,8.81,25200.00,36342.12,-11.5,-3.7
3,2021-02-03,8.24,24239.05,36483.55,-12.9,-11.5
3,2021-02-04,9.01,30891.15,36626.99,-12.6,-10.5
3,2021-02-05,6.14,9256.77,36772.26,-5.8,-0.1
3,2021-02-06,9.22,31871.52,36919.18,-1.1,0.9
3,2021-02-07,10.56,30395.21,37067.58,-8.1,-4.0
3,2021-02-08,10.51,35860.52,37217.32,-11.2,-9.7
3,2021-02-09,9.91,30713.01,37368.21,-9.2,-7.5
3,2021-02-10,5.18,4063.98,37520.10,-6.5,-5.9
3,2021-02-11,9.46,31988.67,37672.83,-6.8,-6.0
3,2021-02-12,13.78,36000.00,37826.26,-5.8,-3.4
3,2021-02-13,13.73,36000.00,37980.23,-2.8,-0.8
3,2021-02-14,9.55,26356.91,38134.60,2.1,5.0
3,2021-02-15,3.08,0.00,38289.22,2.8,5.4
3,2021-02-16,8.07,29924.34,38443.94,-9.4,-5.5
3,2021-02-17,11.71,35881.33,38598.90,-7.7,-3.0
3,2021-02-18,10.24,30211.37,38755.42,-3.9,-2.5
3,2021-02-19,8.63,18728.51,38913.63,-1.3,3.0
3,2021-02-20,5.41,348.48,39073.38,-3.7,2.0
3,2021-02-21,13.71,33013.45,39234.51,-6.6,-4.3
3,2021-02-22,9.83,29440.59,39396.88,-0.5,1.9
3,2021-02-23,13.64,36249.97,39560.35,-9.2,-7.3
3,2021-02-24,12.57,31810.61,39724.79,-11.5,-10.7
3,2021-02-25,10.40,29149.35,39890.05,-5.9,-1.9
3,2021-02-26,8.61,20824.50,40056.01,-9.7,-8.7
3,2021-02-27,14.04,37644.05,40222.54,-7.3,-4.6
3,2021-02-28,14.40,32400.00,40389.49,0.1,4.6
3,2021-03-01,5.84,1628.08,40556.76,1.0,3.3
3,2021-03-02,2.91,6017.90,40724.20,-3.9,0.4
3,2021-03-03,13.45,37096.69,40891.71,-8.5,-5.4
3,2021-03-04,15.12,34610.67,41059.15,-0.9,4.6
3,2021-03-05,16.58,35916.53,41226.40,2.9,6.0
3,2021-03-06,11.26,27244.25,41393.34,-9.1,-5.2
3,2021-03-07,13.13,26728.10,41559.85,-7.4,-4.1
3,2021-03-08,14.39,37710.69,41725.81,-6.1,-3.9
3,2021-03-09,17.58,37042.27,41891.33,-1.5,1.8
3,2021-03-10,14.45,39075.73,42057.67,-2.6,0.1
3,2021-03-11,14.72,25769.07,42224.93,-0.2,3.2
3,2021-03-12,17.87,39735.22,42393.01,-3.1,4.2
3,2021-03-13,13.99,21012.71,42561.79,1.1,2.3
3,2021-03-14,8.79,9024.00,42731.16,0.2,1.6
3,2021-03-15,19.50,40435.98,42901.02,0.3,2.5
3,2021-03-16,9.48,12011.90,43071.25,1.3,4.8
3,2021-03-17,9.12,10949.16,43241.75,-0.1,1.3
3,2021-03-18,7.90,10865.43,43412.40,-1.0,-0.1
3,2021-03-19,15.90,39196.64,43583.11,-2.4,-1.3
3,2021-03-20,15.89,28863.87,43753.76,0.2,3.7
3,2021-03-21,2.95,6165.57,43924.23,3.4,5.7
3,2021-03-22,15.45,42163.83,44094.43,-1.6,1.6
3,2021-03-23,17.26,41514.36,44264.26,0.3,6.1
3,2021-03-24,14.71,29785.47,44433.58,7.1,8.1
3,2021-03-25,9.00,7825.13,44602.31,6.3,8.8
3,2021-03-26,16.91,42744.87,44770.31,2.1,7.2
3,2021-03-27,17.76,38050.79,44937.50,0.6,3.3
3,2021-03-28,13.11,18439.90,45103.74,6.5,10.4
3,2021-03-29,15.41,39614.70,45269.14,6.9,11.0
3,2021-03-30,19.26,41288.18,45434.86,3.1,5.8
3,2021-03-31,20.82,43605.78,45601.03,3.7,4.5
3,2021-04-01,21.87,43930.67,45767.53,0.5,2.5
3,2021-04-02,19.01,37851.75,45934.26,2.4,6.4
3,2021-04-03,13.63,24614.13,46101.13,7.7,9.4
3,2021-04-04,3.99,3921.18,46268.02,4.5,8.5
3,2021-04-05,22.80,44415.64,46434.84,0.4,2.2
3,2021-04-06,19.45,33718.40,46601.48,0.9,2.4
3,2021-04-07,18.86,45250.99,46767.82,0.8,4.7
3,2021-04-08,20.34,42828.69,46933.76,-5.3,-1.7
3,2021-04-09,16.94,43833.36,47099.20,-2.2,0.2
3,2021-04-10,19.54,45736.87,47264.01,-0.9,3.0
3,2021-04-11,22.26,46315.38,47428.09,0.5,3.3
3,2021-04-12,20.83,33338.65,47591.31,2.4,7.6
3,2021-04-13,5.16,5354.74,47753.56,6.8,11.0
3,2021-04-14,17.52,40909.56,47914.72,-3.9,0.0
3,2021-04-15,20.60,44585.33,48074.66,1.6,5.3
3,2021-04-16,18.21,28615.85,48233.26,5.3,8.6
3,2021-04-17,4.56,0.00,48390.40,9.9,11.6
3,2021-04-18,4.16,0.00,48546.14,6.6,10.3
3,2021-04-19,19.97,43200.00,48701.61,4.6,7.4
3,2021-04-20,24.52,46800.00,48856.91,-1.8,7.1
3,2021-04-21,25.05,46800.00,49011.94,-2.6,3.1
3,2021-04-22,24.69,46800.00,49166.57,2.0,6.9
3,2021-04-23,24.80,46800.00,49320.71,3.9,5.8
3,2021-04-24,20.32,37511.47,49474.22,3.1,6.2
3,2021-04-25,22.26,46800.00,49627.00,-1.0,4.2
3,2021-04-26,23.58,46800.00,49778.91,-1.5,1.2
3,2021-04-27,24.60,42299.92,49929.85,1.7,5.0
3,2021-04-28,17.43,34719.79,50079.67,8.5,11.3
3,2021-04-29,10.30,0.00,50228.25,7.0,8.4
3,2021-04-30,12.36,23152.82,50375.47,4.9,7.3
3,2021-05-01,19.94,24792.65,50521.17,4.4,6.8
3,2021-05-02,12.67,17472.74,50665.23,3.1,6.7
3,2021-05-03,16.98,45630.76,50807.50,4.3,7.3
3,2021-05-04,24.89,41174.11,50947.84,6.0,8.4
3,2021-05-05,11.63,15440.05,51086.11,9.3,12.0
3,2021-05-06,26.50,47007.01,51222.14,5.9,8.4
3,2021-05-07,24.77,36000.00,51355.80,8.5,12.9
3,2021-05-08,23.54,36512.36,51487.11,7.4,10.0
3,2021-05-09,16.59,34227.09,51617.12,6.9,12.3
3,2021-05-10,14.69,31661.78,51745.90,5.4,6.3
3,2021-05-11,19.87,46623.35,51873.32,6.7,7.7
3,2021-05-12,20.76,36705.16,51999.29,7.8,9.5
3,2021-05-13,10.51,12123.23,52123.65,10.0,12.5
3,2021-05-14,27.10,48049.46,52246.31,9.2,12.5
3,2021-05-15,23.98,37084.82,52367.12,9.7,13.2
3,2021-05-16,6.48,0.00,52485.96,15.6,17.0
3,2021-05-17,14.79,27657.25,52602.70,13.5,17.4
3,2021-05-18,24.38,39647.36,52717.21,9.6,11.8
3,2021-05-19,14.08,23608.03,52829.34,12.3,13.1
3,2021-05-20,24.51,32464.26,52938.96,12.6,14.9
3,2021-05-21,5.22,0.00,53045.92,12.0,13.4
3,2021-05-22,10.84,7583.27,53150.10,11.5,12.6
3,2021-05-23,10.70,10147.90,53251.34,12.5,14.1
3,2021-05-24,10.98,4404.43,53349.49,12.6,14.0
3,2021-05-25,20.42,42538.09,53444.42,10.1,12.6
3,2021-05-26,26.23,42754.06,53535.96,8.5,11.8
3,2021-05-27,17.33,21600.00,53623.98,11.0,12.8
3,2021-05-28,15.79,29499.93,53708.47,12.1,13.1
3,2021-05-29,11.93,18989.43,53790.12,13.0,15.6
3,2021-05-30,14.46,33538.46,53869.01,8.7,12.3
3,2021-05-31,24.31,50061.05,53945.06,7.1,8.0
3,2021-06-01,24.20,37038.49,54018.18,8.3,9.9
3,2021-06-02,27.73,51519.93,54088.29,11.8,15.0
3,2021-06-03,21.76,28676.89,54155.32,14.6,16.0
3,2021-06-04,6.88,12409.44,54219.17,13.3,17.6
3,2021-06-05,27.82,48558.56,54279.79,13.4,14.1
3,2021-06-06,26.36,48595.74,54337.07,13.3,15.9
3,2021-06-07,27.76,51608.35,54390.95,12.0,13.2
3,2021-06-08,27.45,50877.17,54441.35,13.1,14.3
3,2021-06-09,27.59,52026.75,54488.18,14.2,16.1
3,2021-06-10,28.07,49686.63,54531.39,14.5,16.8
3,2021-06-11,23.56,36000.00,54570.87,17.7,22.3
3,2021-06-12,14.17,25175.38,54606.58,17.3,18.1
3,2021-06-13,27.42,50617.27,54638.42,14.6,15.8
3,2021-06-14,26.38,44973.80,54666.33,15.6,17.7
3,2021-06-15,13.29,20159.25,54690.24,14.1,15.2
3,2021-06-16,14.70,20228.96,54710.09,14.0,14.7
3,2021-06-17,24.20,44444.88,54725.82,14.3,15.1
3,2021-06-18,21.58,35186.09,54737.55,13.7,14.8
3,2021-06-19,11.26,5898.07,54745.33,13.5,14.1
3,2021-06-20,19.48,36086.19,54749.17,14.1,15.9
3,2021-06-21,12.33,11819.49,54749.11,14.8,16.2
3,2021-06-22,21.91,37712.04,54745.17,14.1,15.1
3,2021-06-23,15.03,22168.86,54737.39,15.8,17.0
3,2021-06-24,20.80,48803.48,54725.80,16.0,19.0
3,2021-06-25,25.61,52095.41,54710.43,13.5,15.3
3,2021-06-26,28.69,52105.87,54691.32,15.0,17.0
3,2021-06-27,27.16,44944.30,54668.51,16.7,17.5
3,2021-06-28,22.92,39735.83,54642.03,16.2,17.7
3,2021-06-29,12.62,11785.93,54611.94,16.9,17.7
3,2021-06-30,25.73,48871.65,54578.27,17.2,18.6
3,2021-07-01,23.90,46244.17,54541.07,18.2,19.6
3,2021-07-02,20.40,29641.28,54500.38,17.1,18.9
3,2021-07-03,26.24,49897.31,54456.26,15.0,15.5
3,2021-07-04,20.52,29666.24,54408.74,16.0,18.0
3,2021-07-05,12.29,12897.30,54357.88,18.8,21.2
3,2021-07-06,13.02,18802.59,54303.73,17.4,17.9
3,2021-07-07,21.14,37043.43,54246.24,17.7,18.7
3,2021-07-08,11.91,10607.52,54184.86,18.0,18.7
3,2021-07-09,12.49,9726.56,54119.61,18.2,18.8
3,2021-07-10,11.02,7484.94,54050.62,18.4,19.3
3,2021-07-11,14.43,26927.09,53978.02,19.5,20.6
3,2021-07-12,19.98,36988.42,53901.95,19.7,20.7
3,2021-07-13,23.24,40270.67,53822.52,18.6,19.9
3,2021-07-14,22.98,44545.76,53739.86,18.1,18.7
3,2021-07-15,23.09,48916.86,53654.12,18.4,19.3
3,2021-07-16,25.78,50684.10,53565.40,21.1,23.5
3,2021-07-17,27.00,50706.96,53473.83,20.5,21.8
3,2021-07-18,27.53,50730.15,53379.56,20.1,22.0
3,2021-07-19,27.10,50410.59,53282.69,21.1,22.0
3,2021-07-20,26.27,50400.00,53183.34,21.7,22.3
3,2021-07-21,22.54,38306.82,53081.65,21.6,22.9
3,2021-07-22,18.32,34086.64,52977.73,21.0,21.3
3,2021-07-23,21.10,48152.00,52871.68,21.7,22.2
3,2021-07-24,23.80,43757.53,52763.65,21.9,22.2
3,2021-07-25,23.98,50325.42,52653.73,21.6,22.5
3,2021-07-26,26.42,48673.29,52542.05,18.8,19.5
3,2021-07-27,16.95,25504.13,52428.52,21.4,22.1
3,2021-07-28,14.38,20641.76,52312.21,22.4,23.0
3,2021-07-29,20.67,46682.21,52193.07,22.6,23.1
3,2021-07-30,20.41,44120.05,52071.30,22.3,23.7
3,2021-07-31,21.70,37732.68,51947.01,21.4,23.3
3,2021-08-01,9.06,3529.22,51820.39,23.2,24.1
3,2021-08-02,18.21,38445.97,51691.56,23.2,24.8
3,2021-08-03,18.34,36342.48,51560.68,24.1,26.3
3,2021-08-04,15.32,35282.77,51427.89,23.7,25.3
3,2021-08-05,23.44,48670.71,51293.33,23.4,24.6
3,2021-08-06,24.78,48289.38,51157.15,23.9,24.9
3,2021-08-07,23.16,44390.21,51019.47,24.0,24.7
3,2021-08-08,17.49,31163.71,50880.43,23.3,25.3
3,2021-08-09,4.99,0.00,50740.15,19.2,21.1
3,2021-08-10,6.40,2403.64,50598.78,17.3,18.9
3,2021-08-11,14.96,34748.36,50456.42,15.2,16.0
3,2021-08-12,12.58,18608.90,50313.20,15.9,17.2
3,2021-08-13,12.60,28715.42,50169.25,14.3,15.2
3,2021-08-14,9.73,4065.13,50024.67,13.9,15.0
3,2021-08-15,14.45,31868.99,49879.59,14.8,15.5
3,2021-08-16,13.47,32810.55,49733.91,16.0,17.9
3,2021-08-17,11.01,10657.03,49586.56,18.4,19.2
3,2021-08-18,7.28,5965.62,49437.48,19.1,20.6
3,2021-08-19,20.80,43065.63,49286.81,18.1,20.9
3,2021-08-20,23.35,44885.61,49134.66,18.8,19.7
3,2021-08-21,17.03,33969.63,48981.17,20.0,20.9
3,2021-08-22,7.75,4645.68,48826.46,21.8,22.5
3,2021-08-23,17.75,38104.76,48670.66,21.0,23.2
3,2021-08-24,15.97,26595.40,48513.88,20.5,21.7
3,2021-08-25,11.01,17985.09,48356.24,22.1,23.2
3,2021-08-26,14.50,34806.23,48197.86,20.5,22.2
3,2021-08-27,13.87,27808.95,48038.84,20.0,21.6
3,2021-08-28,18.81,46471.64,47879.30,18.6,19.7
3,2021-08-29,20.47,38388.33,47719.35,18.8,21.7
3,2021-08-30,21.18,45988.01,47559.09,17.7,22.0
3,2021-08-31,20.46,44768.14,47398.63,13.7,16.1
3,2021-09-01,18.73,46227.48,47238.06,15.4,16.7
3,2021-09-02,18.87,45442.87,47077.50,16.5,17.4
3,2021-09-03,20.44,44848.92,46917.05,16.2,16.7
3,2021-09-04,20.58,44256.43,46756.78,15.1,16.0
3,2021-09-05,20.68,42512.96,46596.62,14.5,15.7
3,2021-09-06,17.10,44890.55,46435.48,15.1,15.9
3,2021-09-07,15.00,27308.48,46273.26,14.5,15.0
3,2021-09-08,7.65,15768.03,46110.08,15.7,18.2
3,2021-09-09,17.10,44361.28,45946.05,17.9,19.7
3,2021-09-10,20.72,40826.77,45781.26,17.1,20.1
3,2021-09-11,16.99,38753.28,45615.83,18.5,19.6
3,2021-09-12,11.11,31981.82,45449.87,15.5,19.7
3,2021-09-13,16.20,36523.40,45283.47,11.7,14.5
3,2021-09-14,17.11,42656.80,45116.73,10.6,13.2
3,2021-09-15,16.61,42678.93,44949.75,12.6,13.4
3,2021-09-16,13.17,27590.14,44782.64,12.5,13.7
3,2021-09-17,10.58,24290.45,44615.48,15.9,18.1
3,2021-09-18,13.47,31694.21,44448.39,16.1,18.7
3,2021-09-19,18.73,39992.23,44281.46,13.8,15.9
3,2021-09-20,17.41,40086.51,44114.78,15.9,18.4
3,2021-09-21,12.51,27664.25,43948.45,17.2,18.8
3,2021-09-22,7.73,16754.33,43782.57,19.7,21.1
3,2021-09-23,11.17,34547.51,43617.24,17.6,20.3
3,2021-09-24,17.97,40100.29,43452.55,10.0,13.6
3,2021-09-25,18.06,36506.99,43288.39,11.9,14.2
3,2021-09-26,13.13,30738.11,43123.64,13.5,15.3
3,2021-09-27,16.07,38731.43,42958.17,14.1,15.7
3,2021-09-28,12.01,33024.00,42792.12,16.0,17.2
3,2021-09-29,13.50,26586.02,42625.57,17.3,19.8
3,2021-09-30,4.84,7200.00,42458.65,17.9,20.3
3,2021-10-01,13.05,29940.73,42291.46,15.8,17.8
3,2021-10-02,11.84,36502.61,42124.09,12.0,15.8
3,2021-10-03,14.54,39600.00,41956.68,14.2,18.5
3,2021-10-04,14.90,28800.00,41789.32,17.2,19.2
3,2021-10-05,4.57,7464.84,41622.12,14.0,16.3
3,2021-10-06,14.61,34100.40,41455.20,6.9,11.4
3,2021-10-07,6.74,9488.03,41288.65,11.2,13.4
3,2021-10-08,15.06,39600.00,41122.61,9.9,12.4
3,2021-10-09,15.80,39600.00,40957.18,10.6,15.1
3,2021-10-10,10.20,26326.44,40792.47,17.5,19.4
3,2021-10-11,4.24,7200.00,40628.60,9.0,14.9
3,2021-10-12,14.63,39463.02,40465.69,9.8,12.0
3,2021-10-13,11.60,36074.78,40303.86,9.7,12.9
3,2021-10-14,11.91,31293.66,40143.23,12.8,14.9
3,2021-10-15,6.71,18015.21,39983.70,8.3,13.7
3,2021-10-16,4.81,3936.91,39824.00,8.1,11.8
3,2021-10-17,12.38,38996.01,39664.04,1.7,3.9
3,2021-10-18,10.74,34534.02,39503.93,2.0,7.1
3,2021-10-19,8.24,19001.11,39343.81,9.2,11.5
3,2021-10-20,4.47,9517.47,39183.81,7.4,12.2
3,2021-10-21,10.73,37405.49,39024.05,4.1,5.4
3,2021-10-22,11.06,36989.68,38864.66,3.4,4.4
3,2021-10-23,12.44,37041.07,38705.80,2.7,7.8
3,2021-10-24,13.31,37342.60,38547.58,7.1,9.8
3,2021-10-25,12.27,28868.49,38390.15,8.0,11.7
3,2021-10-26,8.52,26205.58,38233.65,10.4,12.1
3,2021-10-27,8.43,24280.50,38078.23,9.8,11.8
3,2021-10-28,9.75,33633.40,37924.03,6.0,7.7
3,2021-10-29,9.74,31825.23,37771.21,4.4,7.0
3,2021-10-30,12.12,29181.98,37619.91,5.9,9.0
3,2021-10-31,6.97,22004.14,37470.31,8.3,10.6
3,2021-11-01,11.36,28936.23,37322.55,9.0,12.0
3,2021-11-02,3.68,2059.23,37176.81,10.7,12.1
3,2021-11-03,6.46,19953.79,37033.24,8.1,10.2
3,2021-11-04,9.36,33204.83,36891.76,7.5,9.7
3,2021-11-05,10.40,34254.69,36751.05,6.7,9.9
3,2021-11-06,10.31,32951.68,36610.99,5.5,8.6
3,2021-11-07,8.70,31141.66,36471.73,6.8,9.9
3,2021-11-08,8.77,25200.00,36333.43,10.8,13.2
3,2021-11-09,1.87,528.63,36196.24,11.9,15.4
3,2021-11-10,9.31,26723.15,36060.31,6.5,8.7
3,2021-11-11,6.97,26402.69,35925.81,3.9,7.2
3,2021-11-12,7.81,29346.41,35792.90,2.3,6.3
3,2021-11-13,5.60,15432.13,35661.74,4.0,8.9
3,2021-11-14,4.22,15956.08,35532.51,6.3,10.9
3,2021-11-15,7.43,23793.74,35405.38,-0.5,3.3
3,2021-11-16,5.81,19449.31,35280.52,-1.7,0.2
3,2021-11-17,7.12,26605.20,35158.12,0.5,3.9
3,2021-11-18,5.66,16468.69,35038.36,7.9,9.6
3,2021-11-19,5.56,23296.28,34921.42,3.0,11.1
3,2021-11-20,8.27,28800.00,34807.49,0.1,2.6
3,2021-11-21,5.61,14653.06,34696.75,4.6,8.6
3,2021-11-22,2.38,3600.00,34589.42,6.2,12.8
3,2021-11-23,6.27,19899.93,34485.67,-2.8,-1.3
3,2021-11-24,7.25,32400.00,34385.50,-3.0,-1.2
3,2021-11-25,7.95,31834.96,34287.76,-2.3,-1.1
3,2021-11-26,7.24,32400.00,34192.38,-2.1,-0.4
3,2021-11-27,8.10,32400.00,34099.47,-0.1,0.6
3,2021-11-28,8.40,28800.00,34009.17,0.3,3.2
3,2021-11-29,4.96,14333.20,33921.59,5.2,7.6
3,2021-11-30,7.08,21750.92,33836.87,8.5,11.5
3,2021-12-01,3.16,7666.50,33755.13,-2.2,10.5
3,2021-12-02,6.97,26724.49,33676.51,-0.8,5.8
3,2021-12-03,2.92,5911.22,33601.14,3.2,7.5
3,2021-12-04,5.01,14575.51,33529.15,-5.9,-1.1
3,2021-12-05,5.35,23800.61,33460.68,-3.7,0.2
3,2021-12-06,3.82,7165.80,33395.84,2.7,5.5
3,2021-12-07,6.66,28800.00,33334.77,2.9,7.1
3,2021-12-08,6.00,23384.40,33277.62,-0.5,2.2
3,2021-12-09,8.50,32400.00,33224.51,-0.5,2.5
3,2021-12-10,7.16,26186.25,33175.56,2.6,4.1
3,2021-12-11,4.92,26955.25,33130.92,3.2,5.7
3,2021-12-12,3.37,10678.49,33090.70,-0.3,7.6
3,2021-12-13,6.27,27887.31,33055.03,-5.8,-3.0
3,2021-12-14,4.23,11341.11,33023.97,1.1,3.2
3,2021-12-15,7.14,28800.00,32997.09,-2.2,2.7
3,2021-12-16,2.25,0.00,32974.33,-0.4,2.0
3,2021-12-17,2.78,8080.10,32955.68,-6.4,2.2
3,2021-12-18,7.13,26401.83,32941.15,-10.3,-8.1
3,2021-12-19,6.67,29457.13,32930.72,-6.0,-4.7
3,2021-12-20,6.93,31171.41,32924.41,-3.0,0.6
3,2021-12-21,6.81,29438.24,32922.19,-3.8,0.5
3,2021-12-22,7.35,31005.44,32924.07,-5.3,-2.4
3,2021-12-23,6.21,16793.74,32930.02,-7.3,-6.2
3,2021-12-24,4.17,4604.52,32940.05,-7.6,-6.8
3,2021-12-25,5.68,19073.20,32954.12,-13.0,-8.9
3,2021-12-26,6.51,24216.10,32972.23,-11.0,-9.2
3,2021-12-27,6.77,31420.85,32994.35,-10.9,-10.0
3,2021-12-28,6.67,26843.87,33020.47,-8.1,-6.3
3,2021-12-29,2.86,1911.79,33050.56,-1.7,1.0
3,2021-12-30,6.47,29558.72,33084.60,-9.1,-4.1
3,2021-12-31,7.48,29932.30,33122.55,-13.5,-12.6
3,2022-01-01,7.18,28800.00,33164.40,-9.0,-5.4
3,2022-01-02,5.49,16643.08,33210.10,-6.4,0.2
3,2022-01-03,6.85,31748.45,33259.74,-10.7,-9.4
3,2022-01-04,7.97,31751.28,33313.87,-11.5,-9.7
3,2022-01-05,8.45,29910.16,33372.45,-7.3,-6.4
3,2022-01-06,5.55,22068.03,33435.34,-5.8,-3.1
3,2022-01-07,7.07,25335.12,33502.38,-5.6,-4.7
3,2022-01-08,4.61,7899.79,33573.42,-1.1,1.4
3,2022-01-09,4.83,11691.73,33648.32,-5.7,-3.5
3,2022-01-10,5.70,14400.00,33726.91,-5.6,-1.9
3,2022-01-11,3.35,2863.12,33809.06,-0.9,3.0
3,2022-01-12,6.37,17130.06,33894.61,-3.6,-0.7
3,2022-01-13,6.83,22047.72,33983.42,-5.0,-4.0
3,2022-01-14,7.18,31813.10,34075.34,-4.2,-3.4
3,2022-01-15,6.96,25810.24,34170.21,-3.8,-2.2
3,2022-01-16,3.93,5351.06,34267.90,-1.2,0.9
3,2022-01-17,7.73,32167.06,34368.27,-6.8,-3.3
3,2022-01-18,9.54,32869.92,34471.17,-7.7,-5.5
3,2022-01-19,10.13,28800.00,34576.46,-5.4,-2.5
3,2022-01-20,4.32,4379.92,34684.00,-8.8,-3.1
3,2022-01-21,10.06,33565.00,34793.66,-7.1,-6.3
3,2022-01-22,6.66,17674.07,34905.31,-5.0,-3.8
3,2022-01-23,7.39,21070.96,35019.03,-4.0,-2.7
3,2022-01-24,6.88,18287.64,35136.04,-5.6,-4.1
3,2022-01-25,6.70,19328.15,35256.38,-5.0,-3.5
3,2022-01-26,6.36,14410.11,35379.83,-2.4,-0.6
3,2022-01-27,7.94,31151.85,35506.21,-4.5,-3.2
3,2022-01-28,6.88,21192.49,35635.32,-6.7,-4.3
3,2022-01-29,8.60,28795.32,35766.97,-9.6,-7.3
3,2022-01-30,9.62,31860.23,35900.99,-11.3,-10.6
3,2022-01-31,8.69,33392.12,36037.18,-11.1,-8.3
3,2022-02-01,7.61,21880.44,36175.36,-6.4,-5.5
3,2022-02-02,8.57,27913.63,36315.37,-6.2,-5.3
3,2022-02-03,9.73,33473.72,36457.02,-7.9,-7.4
3,2022-02-04,8.17,27663.30,36600.16,-8.2,-7.3
3,2022-02-05,8.65,34522.65,36744.61,-7.6,-7.1
3,2022-02-06,9.49,35144.65,36890.21,-7.2,-6.5
3,2022-02-07,7.03,16648.99,37036.81,-6.8,-6.1
3,2022-02-08,6.99,15458.88,37184.25,-6.3,-5.3
3,2022-02-09,9.45,27654.79,37332.38,-7.1,-5.5
3,2022-02-10,10.57,27601.82,37481.04,-6.9,-3.8
3,2022-02-11,13.55,36000.00,37630.09,-7.5,-5.0
3,2022-02-12,11.53,30636.01,37779.64,-4.5,-1.6
3,2022-02-13,10.01,30354.51,37931.06,-5.6,-3.4
3,2022-02-14,13.89,32400.00,38084.45,-5.1,-3.0
3,2022-02-15,6.05,4560.24,38239.64,-1.7,0.5
3,2022-02-16,7.62,16433.96,38396.48,-1.8,-0.4
3,2022-02-17,8.13,17202.77,38554.80,-3.6,-1.6
3,2022-02-18,12.74,32400.00,38714.45,-5.2,-4.3
3,2022-02-19,10.56,20713.55,38875.29,-2.0,0.3
3,2022-02-20,13.08,32726.97,39037.18,-7.4,-4.5
3,2022-02-21,9.88,26890.42,39199.95,-8.2,-6.8
3,2022-02-22,12.96,34496.28,39363.49,-7.4,-6.5
3,2022-02-23,8.00,11115.11,39527.63,-6.5,-6.2
3,2022-02-24,7.71,4353.88,39692.26,-6.3,-5.5
3,2022-02-25,8.56,11287.41,39857.23,-4.0,-0.6
3,2022-02-26,12.36,28574.58,40022.42,0.6,2.0
3,2022-02-27,8.63,18000.00,40187.69,-3.6,1.1
3,2022-02-28,14.43,32400.00,40352.91,-4.9,-1.4
3,2022-03-01,7.22,5260.28,40517.95,-1.4,1.3
3,2022-03-02,11.29,24636.80,40682.70,-3.7,0.1
3,2022-03-03,10.68,27026.13,40847.02,-3.8,0.7
3,2022-03-04,14.01,32835.11,41011.04,-4.5,-1.3
3,2022-03-05,5.90,5846.95,41176.01,-2.3,1.5
3,2022-03-06,11.94,37596.65,41342.07,-3.3,-1.7
3,2022-03-07,15.99,32412.49,41509.09,-3.0,-1.8
3,2022-03-08,10.04,20105.87,41676.95,-3.9,-2.4
3,2022-03-09,18.14,40232.02,41845.55,-2.6,0.0
3,2022-03-10,17.97,38531.64,42014.75,-1.8,1.0
3,2022-03-11,13.35,25046.80,42184.46,1.6,4.5
3,2022-03-12,16.64,33782.13,42354.55,-2.5,-1.2
3,2022-03-13,8.94,7200.00,42524.92,0.9,2.1
3,2022-03-14,9.11,4962.75,42695.45,1.1,1.6
3,2022-03-15,4.87,5658.23,42866.03,1.6,4.2
3,2022-03-16,9.30,10800.00,43036.55,-0.6,0.1
3,2022-03-17,16.23,40495.43,43206.91,-2.3,-0.2
3,2022-03-18,16.48,28800.00,43376.99,-2.7,-1.4
3,2022-03-19,8.61,2281.99,43546.68,-2.0,-1.2
3,2022-03-20,14.97,36881.51,43715.87,-3.7,-2.4
3,2022-03-21,19.04,41898.41,43884.45,-6.1,-2.4
3,2022-03-22,20.55,42172.47,44052.31,-3.2,-0.9
3,2022-03-23,16.11,22081.12,44219.33,-1.4,0.5
3,2022-03-24,15.27,32487.06,44385.62,0.1,2.0
3,2022-03-25,17.79,28800.00,44552.37,1.2,3.4
3,2022-03-26,7.90,6051.84,44719.68,5.9,10.3
3,2022-03-27,19.10,42793.67,44887.45,0.7,3.0
3,2022-03-28,19.60,42362.82,45055.58,-1.2,0.9
3,2022-03-29,21.54,42953.83,45223.97,-0.6,3.8
3,2022-03-30,17.21,32017.41,45392.52,1.7,4.7
3,2022-03-31,20.15,43057.21,45561.12,-4.4,-1.8
3,2022-04-01,18.52,43122.94,45729.65,-5.6,-1.9
3,2022-04-02,18.22,43940.83,45898.03,-2.2,0.6
3,2022-04-03,22.31,44211.73,46066.15,-1.7,0.6
3,2022-04-04,22.42,44162.92,46233.89,0.2,4.5
3,2022-04-05,21.66,43134.06,46401.14,4.9,6.4
3,2022-04-06,16.29,37176.27,46567.80,-1.7,6.9
3,2022-04-07,17.23,24050.43,46733.74,-1.2,2.2
3,2022-04-08,18.74,42287.50,46898.87,-0.4,2.8
3,2022-04-09,22.09,44199.00,47063.05,4.8,7.0
3,2022-04-10,20.70,42906.75,47226.18,7.9,9.9
3,2022-04-11,22.53,45703.86,47388.12,7.4,10.4
3,2022-04-12,19.90,32437.76,47548.77,9.4,11.0
3,2022-04-13,5.93,6021.37,47708.20,3.7,8.9
3,2022-04-14,14.40,21600.00,47867.55,2.2,3.3
3,2022-04-15,7.73,10343.54,48026.92,2.5,3.2
3,2022-04-16,24.06,46752.94,48186.21,1.1,5.2
3,2022-04-17,17.01,36334.82,48345.31,5.3,6.6
3,2022-04-18,17.74,30116.83,48504.11,3.8,7.8
3,2022-04-19,24.15,46800.00,48662.50,-0.0,4.3
3,2022-04-20,24.32,46800.00,48820.36,-1.0,5.9
3,2022-04-21,22.81,36000.00,48977.57,6.1,9.9
3,2022-04-22,18.28,31744.62,49134.02,9.5,11.1
3,2022-04-23,22.82,44344.69,49289.59,2.9,6.7
3,2022-04-24,24.18,43200.00,49444.15,5.0,8.8
3,2022-04-25,22.34,38703.15,49597.57,6.0,10.5
3,2022-04-26,14.21,14756.03,49749.73,10.7,13.2
3,2022-04-27,24.03,46800.00,49900.48,2.3,5.1
3,2022-04-28,24.11,33650.37,50049.71,-2.2,1.5
3,2022-04-29,11.48,14520.75,50197.26,-0.9,3.8
3,2022-04-30,24.55,36000.00,50343.00,-1.5,5.2
3,2022-05-01,10.92,17618.92,50486.78,5.5,7.7
3,2022-05-02,20.93,46216.53,50628.46,2.9,3.6
3,2022-05-03,20.86,42831.20,50768.08,5.1,8.7
3,2022-05-04,21.10,42511.03,50906.72,5.7,9.1
3,2022-05-05,23.90,46800.00,51044.47,8.6,11.5
3,2022-05-06,26.12,47014.53,51181.19,9.6,12.9
3,2022-05-07,13.86,23751.46,51316.78,8.5,12.2
3,2022-05-08,25.20,46957.23,51451.11,3.3,5.5
3,2022-05-09,25.70,47259.10,51584.06,3.0,7.4
3,2022-05-10,26.97,47612.31,51715.50,1.3,4.5
3,2022-05-11,24.75,43843.16,51845.29,8.1,11.7
3,2022-05-12,21.04,32692.18,51973.31,12.3,14.4
3,2022-05-13,7.60,191.03,52099.43,13.0,15.1
3,2022-05-14,11.91,15403.45,52223.49,8.9,16.3
3,2022-05-15,22.04,48007.31,52345.36,7.2,8.5
3,2022-05-16,27.12,48411.95,52464.91,5.5,7.5
3,2022-05-17,27.32,48243.56,52581.97,5.3,9.7
3,2022-05-18,26.79,45165.33,52696.40,9.0,11.0
3,2022-05-19,16.17,29609.73,52808.06,12.0,15.3
3,2022-05-20,21.31,44618.13,52916.79,11.1,12.7
3,2022-05-21,25.30,46142.77,53022.44,10.7,13.2
3,2022-05-22,16.86,22967.07,53124.84,13.0,14.4
3,2022-05-23,21.03,41989.80,53224.01,12.0,12.8
3,2022-05-24,25.38,49647.12,53320.76,11.2,12.5
3,2022-05-25,25.99,49056.21,53415.17,11.5,12.9
3,2022-05-26,20.63,32778.38,53507.14,13.1,14.1
3,2022-05-27,6.23,9916.72,53596.55,13.7,15.6
3,2022-05-28,18.47,38356.63,53683.33,11.2,12.3
3,2022-05-29,26.26,50859.84,53767.36,10.4,12.6
3,2022-05-30,24.49,39039.54,53848.55,9.3,10.5
3,2022-05-31,6.80,10800.00,53926.80,11.0,12.3
3,2022-06-01,19.03,35840.15,54002.01,11.3,12.4
3,2022-06-02,17.65,31927.92,54074.07,12.1,12.7
3,2022-06-03,16.33,34373.11,54142.89,11.8,13.9
3,2022-06-04,19.67,42305.53,54208.35,9.0,11.1
3,2022-06-05,19.43,39143.29,54270.37,8.6,10.1
3,2022-06-06,9.52,0.00,54328.84,8.2,8.8
3,2022-06-07,17.59,25727.79,54383.66,8.5,9.3
3,2022-06-08,26.50,50011.21,54434.73,9.2,10.4
3,2022-06-09,26.42,50839.67,54481.94,10.8,12.4
3,2022-06-10,23.66,41992.52,54525.21,13.3,13.8
3,2022-06-11,23.30,47514.30,54564.44,12.8,14.6
3,2022-06-12,24.68,44079.36,54599.58,11.2,14.8
3,2022-06-13,23.93,48278.13,54630.94,11.7,12.7
3,2022-06-14,27.96,48245.07,54658.54,10.6,12.4
3,2022-06-15,12.95,8823.90,54682.39,13.2,16.0
3,2022-06-16,11.86,11951.14,54702.48,15.9,17.4
3,2022-06-17,15.22,24823.03,54718.81,15.2,17.4
3,2022-06-18,21.86,29274.05,54731.37,16.3,17.6
3,2022-06-19,18.53,33911.58,54740.17,18.0,20.4
3,2022-06-20,27.57,52054.07,54745.22,13.8,15.3
3,2022-06-21,27.69,51707.87,54746.50,14.1,16.2
3,2022-06-22,21.25,25200.00,54744.04,15.3,15.6
3,2022-06-23,8.23,3637.45,54737.84,16.1,17.9
3,2022-06-24,4.95,2827.59,54727.90,20.3,21.2
3,2022-06-25,16.57,29664.50,54714.26,19.3,21.2
3,2022-06-26,15.14,13536.96,54696.90,20.2,21.3
3,2022-06-27,16.54,31392.85,54675.85,17.5,19.9
3,2022-06-28,4.45,0.00,54651.14,20.4,21.8
3,2022-06-29,8.78,4163.61,54622.76,20.4,21.2
3,2022-06-30,13.60,18379.15,54590.76,18.0,21.2
3,2022-07-01,12.13,1991.58,54555.15,17.8,20.5
3,2022-07-02,15.24,23938.18,54515.87,19.8,21.4
3,2022-07-03,27.23,47884.97,54472.54,19.2,22.0
3,2022-07-04,15.65,32457.28,54425.20,21.4,23.2
3,2022-07-05,16.51,26844.50,54373.93,21.1,22.9
3,2022-07-06,19.36,30452.12,54318.87,18.8,20.3
3,2022-07-07,17.12,19141.99,54260.10,18.0,18.4
3,2022-07-08,21.35,33981.49,54197.76,18.1,20.3
3,2022-07-09,14.51,13131.72,54131.94,18.6,21.1
3,2022-07-10,19.38,43923.17,54062.75,20.3,21.9
3,2022-07-11,21.96,32553.12,53990.30,20.8,21.4
3,2022-07-12,6.29,0.00,53914.72,20.4,21.3
3,2022-07-13,8.27,8348.70,53836.11,18.2,19.2
3,2022-07-14,21.52,30537.92,53754.57,17.8,18.6
3,2022-07-15,6.03,0.00,53670.22,18.9,19.8
3,2022-07-16,7.05,351.60,53583.16,17.8,18.5
3,2022-07-17,8.27,6896.34,53493.51,18.6,19.5
3,2022-07-18,20.89,41979.18,53401.36,19.0,20.8
3,2022-07-19,15.57,25010.52,53306.83,20.0,21.4
3,2022-07-20,12.87,26469.66,53210.03,20.2,21.0
3,2022-07-21,23.06,39600.00,53111.05,19.0,20.0
3,2022-07-22,9.40,4581.96,53009.83,19.8,20.7
3,2022-07-23,11.48,13631.43,52905.49,18.8,20.0
3,2022-07-24,14.25,29971.59,52798.03,17.5,18.7
3,2022-07-25,24.66,50342.01,52687.60,19.7,21.3
3,2022-07-26,22.12,44102.05,52574.37,21.2,22.9
3,2022-07-27,19.85,43201.68,52458.47,21.0,22.9
3,2022-07-28,24.34,44744.51,52340.06,20.6,21.9
3,2022-07-29,24.99,45335.71,52219.30,21.5,23.7
3,2022-07-30,25.40,50044.89,52096.31,21.7,25.1
3,2022-07-31,19.67,26297.79,51971.26,22.7,23.3
3,2022-08-01,3.77,0.00,51844.28,22.2,23.9
3,2022-08-02,19.63,36000.00,51715.50,21.4,22.2
3,2022-08-03,13.82,19390.22,51585.06,18.6,20.2
3,2022-08-04,22.18,43752.10,51453.11,17.6,18.3
3,2022-08-05,22.95,38503.04,51319.75,16.6,17.7
3,2022-08-06,16.65,25948.42,51185.14,18.7,19.8
3,2022-08-07,17.61,29042.08,51049.37,21.3,24.3
3,2022-08-08,13.90,17100.88,50912.59,24.1,24.9
3,2022-08-09,3.59,0.00,50774.91,21.7,23.7
3,2022-08-10,9.71,21667.70,50636.45,20.1,21.1
3,2022-08-11,11.86,14400.00,50497.12,22.4,23.4
3,2022-08-12,20.94,43843.08,50355.87,21.4,23.6
3,2022-08-13,21.23,37384.24,50212.63,19.5,22.5
3,2022-08-14,20.49,34902.36,50067.56,19.1,19.9
3,2022-08-15,11.74,12556.42,49920.78,21.4,23.4
3,2022-08-16,14.35,32820.13,49772.44,20.8,24.8
3,2022-08-17,21.44,36018.54,49622.66,19.4,20.3
3,2022-08-18,4.72,10800.00,49471.58,18.4,20.2
3,2022-08-19,21.50,36000.00,49319.31,18.9,21.1
3,2022-08-20,11.14,25218.89,49165.99,20.2,22.6
3,2022-08-21,24.44,46800.00,49011.74,16.9,19.9
3,2022-08-22,17.89,19210.27,48856.68,21.3,24.2
3,2022-08-23,10.72,18352.53,48700.92,18.4,23.3
3,2022-08-24,24.24,46728.18,48544.58,14.6,16.0
3,2022-08-25,20.22,26179.43,48387.76,17.2,19.1
3,2022-08-26,10.60,16234.90,48230.58,17.6,20.4
3,2022-08-27,9.50,14155.92,48073.15,19.8,22.0
3,2022-08-28,15.35,31660.41,47915.58,14.6,16.9
3,2022-08-29,15.30,19234.93,47757.96,16.5,18.8
3,2022-08-30,7.64,6933.76,47600.40,18.8,19.6
3,2022-08-31,3.25,2454.35,47442.80,19.7,20.6
3,2022-09-01,15.90,32745.54,47284.08,18.1,19.9
3,2022-09-02,18.90,36373.74,47124.16,12.2,14.7
3,2022-09-03,15.57,29668.67,46963.15,15.7,18.7
3,2022-09-04,20.29,36227.73,46801.15,18.1,19.1
3,2022-09-05,10.45,26278.30,46638.30,20.2,21.1
3,2022-09-06,19.49,45529.12,46474.69,20.3,22.8
3,2022-09-07,21.86,45758.77,46310.41,14.1,17.1
3,2022-09-08,21.78,42998.23,46145.59,14.6,16.7
3,2022-09-09,21.95,45301.74,45980.33,15.5,17.8
3,2022-09-10,21.73,43375.24,45814.71,14.9,16.3
3,2022-09-11,18.43,38476.03,45648.85,17.3,19.2
3,2022-09-12,17.56,34250.54,45482.85,19.9,21.3
3,2022-09-13,17.67,44074.08,45316.80,17.5,21.2
3,2022-09-14,20.93,43383.54,45150.80,12.2,14.2
3,2022-09-15,18.24,30797.04,44984.95,15.3,17.5
3,2022-09-16,8.65,9245.17,44819.34,18.3,20.3
3,2022-09-17,13.42,28102.72,44654.07,19.0,20.4
3,2022-09-18,3.06,0.00,44489.24,20.3,22.7
3,2022-09-19,7.12,1393.40,44324.93,18.6,22.1
3,2022-09-20,15.56,29270.48,44161.05,6.3,8.6
3,2022-09-21,18.76,40749.69,43996.47,7.6,12.8
3,2022-09-22,16.54,29704.23,43831.11,15.3,19.0
3,2022-09-23,3.85,0.00,43665.06,20.1,21.5
3,2022-09-24,11.92,32569.51,43498.43,13.6,18.8
3,2022-09-25,17.41,36000.00,43331.33,13.7,15.4
3,2022-09-26,17.91,39600.00,43163.87,12.7,15.1
3,2022-09-27,16.81,32400.00,42996.14,15.3,18.7
3,2022-09-28,16.60,38117.63,42828.25,15.7,17.7
3,2022-09-29,15.04,39600.00,42660.31,15.5,18.2
3,2022-09-30,16.54,37342.27,42492.42,16.0,19.3
3,2022-10-01,16.80,39600.00,42324.68,16.7,19.0
3,2022-10-02,15.38,32400.00,42157.20,17.3,17.9
3,2022-10-03,7.46,1585.34,41990.08,17.7,20.2
3,2022-10-04,2.30,0.00,41823.44,11.9,21.2
3,2022-10-05,7.32,6647.52,41657.38,3.2,4.4
3,2022-10-06,10.45,31993.56,41492.01,2.7,5.6
3,2022-10-07,7.13,7925.07,41327.43,6.6,9.6
3,2022-10-08,15.49,39598.86,41163.77,5.4,8.0
3,2022-10-09,8.89,18445.39,41001.13,11.5,15.5
3,2022-10-10,2.25,2961.87,40839.40,14.9,17.7
3,2022-10-11,11.10,31658.04,40677.37,8.4,10.7
3,2022-10-12,15.58,39495.64,40514.92,5.8,7.5
3,2022-10-13,15.60,39399.63,40352.17,8.4,11.6
3,2022-10-14,13.80,32606.72,40189.25,12.7,15.5
3,2022-10-15,12.02,37443.88,40026.28,12.5,14.8
3,2022-10-16,12.19,30189.01,39863.38,13.5,14.8
3,2022-10-17,8.70,24566.63,39700.68,6.2,13.9
3,2022-10-18,13.23,38218.49,39538.31,2.0,4.2
3,2022-10-19,10.47,26883.61,39376.39,3.4,5.2
3,2022-10-20,9.72,33409.67,39215.05,8.3,11.8
3,2022-10-21,9.55,25040.25,39054.43,11.4,13.0
3,2022-10-22,11.51,34235.22,38894.65,8.8,12.4
3,2022-10-23,10.73,30955.86,38735.87,3.8,5.0
3,2022-10-24,12.43,37349.95,38578.22,2.3,3.8
3,2022-10-25,13.80,37328.10,38421.84,-0.5,2.2
3,2022-10-26,13.26,36655.42,38266.88,2.4,6.0
3,2022-10-27,8.42,22532.69,38113.48,6.3,9.6
3,2022-10-28,9.30,32902.84,37961.80,8.7,10.5
3,2022-10-29,9.69,35269.27,37812.00,7.7,8.6
3,2022-10-30,11.21,35566.36,37663.98,6.7,8.6
3,2022-10-31,11.35,32400.00,37516.40,8.2,9.3
3,2022-11-01,9.67,34173.48,37369.18,8.4,10.2
3,2022-11-02,10.78,29311.67,37222.43,4.2,6.8
3,2022-11-03,2.05,5355.27,37076.33,3.4,8.9
3,2022-11-04,10.94,32860.27,36931.00,0.4,1.8
3,2022-11-05,9.51,32620.53,36786.61,0.9,3.7
3,2022-11-06,9.56,32943.63,36643.31,1.8,3.5
3,2022-11-07,9.17,28106.16,36501.27,1.9,5.5
3,2022-11-08,5.23,15476.07,36360.62,5.2,9.2
3,2022-11-09,10.08,33408.48,36221.56,5.5,8.8
3,2022-11-10,9.70,33110.95,36084.24,2.0,8.7
3,2022-11-11,10.81,32811.53,35948.83,1.7,4.9
3,2022-11-12,9.20,28800.00,35815.52,9.4,13.1
3,2022-11-13,2.39,3749.76,35684.47,6.6,14.7
3,2022-11-14,7.20,26020.43,35555.87,1.3,4.7
3,2022-11-15,5.28,22392.12,35429.90,2.5,6.3
3,2022-11-16,8.97,32400.00,35306.76,-0.6,0.8
3,2022-11-17,9.40,31984.55,35186.63,-1.1,1.7
3,2022-11-18,6.20,18202.40,35069.71,4.9,6.6
3,2022-11-19,6.93,24353.28,34955.95,2.8,4.6
3,2022-11-20,7.83,31935.87,34844.14,7.5,9.9
3,2022-11-21,8.07,32400.00,34734.17,6.7,11.3
3,2022-11-22,8.41,32400.00,34626.18,-2.9,-0.8
3,2022-11-23,7.01,21512.89,34520.33,3.9,7.6
3,2022-11-24,6.96,32070.05,34416.74,3.1,8.2
3,2022-11-25,7.91,27604.04,34315.57,4.5,10.3
3,2022-11-26,3.75,12275.77,34216.96,3.1,10.5
3,2022-11-27,6.11,22419.00,34121.06,-1.3,1.9
3,2022-11-28,3.93,8120.89,34028.03,6.5,8.8
3,2022-11-29,3.56,8473.04,33938.01,7.2,13.9
3,2022-11-30,3.06,9680.85,33851.16,-6.5,-0.3
3,2022-12-01,7.39,32400.00,33767.64,-8.4,-5.4
3,2022-12-02,7.48,28800.00,33687.60,-8.5,-4.7
3,2022-12-03,3.22,3134.83,33611.19,-0.5,1.6
3,2022-12-04,7.41,32400.00,33538.58,-8.0,-4.2
3,2022-12-05,6.71,30717.10,33469.93,-6.8,-5.8
3,2022-12-06,4.73,9081.24,33405.38,-2.5,-0.4
3,2022-12-07,7.03,31848.94,33345.11,-2.4,-0.7
3,2022-12-08,7.33,30672.28,33289.26,-6.2,-3.4
3,2022-12-09,6.35,28809.38,33237.87,-3.1,-0.6
3,2022-12-10,7.18,29327.59,33190.29,-2.9,-1.2
3,2022-12-11,7.32,32346.29,33146.45,-4.9,-3.4
3,2022-12-12,6.46,20318.46,33106.38,-1.3,3.0
3,2022-12-13,2.64,1217.62,33070.13,-0.1,5.5
3,2022-12-14,4.46,13949.11,33037.74,-9.2,-5.7
3,2022-12-15,5.28,27592.47,33009.24,-9.0,-6.9
3,2022-12-16,7.33,31281.74,32984.67,-9.5,-7.5
3,2022-12-17,5.14,17488.01,32964.07,-5.7,-0.8
3,2022-12-18,7.32,28047.43,32947.47,-11.2,-8.1
3,2022-12-19,7.91,28800.00,32934.90,-10.3,-8.0
3,2022-12-20,5.78,18295.05,32926.39,-6.1,-5.4
3,2022-12-21,4.91,4757.82,32921.96,-2.1,3.0
3,2022-12-22,2.19,0.00,32921.65,2.8,5.0
3,2022-12-23,5.35,3684.60,32925.47,-1.8,0.3
3,2022-12-24,7.06,24365.21,32933.44,-1.8,0.4
3,2022-12-25,7.86,27427.40,32945.59,-1.5,-0.8
3,2022-12-26,6.56,27430.04,32961.92,-1.4,0.6
3,2022-12-27,7.76,29172.59,32982.47,-1.0,0.0
3,2022-12-28,2.78,3600.00,33007.23,-1.9,0.4
3,2022-12-29,6.07,25551.19,33036.27,-6.2,-5.0
3,2022-12-30,4.35,8265.20,33069.91,-4.5,-3.4
3,2022-12-31,4.56,5318.21,33108.09,-2.9,-2.4
3,2023-01-01,6.23,28799.68,33150.70,-7.8,-2.4
3,2023-01-02,6.89,28530.59,33197.62,-10.4,-9.3
3,2023-01-03,6.85,29772.62,33248.73,-9.5,-8.2
3,2023-01-04,7.11,30287.13,33303.92,-9.1,-6.5
3,2023-01-05,8.09,31758.78,33363.05,-7.2,-5.6
3,2023-01-06,6.85,29908.22,33426.01,-6.0,-4.4
3,2023-01-07,7.51,31772.94,33492.68,-6.8,-4.0
3,2023-01-08,7.26,28800.00,33562.93,-4.2,-2.3
3,2023-01-09,4.83,15740.94,33636.64,-4.1,-0.6
3,2023-01-10,8.16,28877.41,33713.69,-6.6,-2.4
3,2023-01-11,6.47,25087.26,33793.96,-1.0,-0.4
3,2023-01-12,9.41,30193.99,33877.31,-0.2,3.0
3,2023-01-13,7.74,28800.00,33963.65,4.2,6.5
3,2023-01-14,2.66,421.71,34052.84,-2.1,2.0
3,2023-01-15,2.04,3119.03,34144.76,-2.8,-1.0
3,2023-01-16,7.29,23625.88,34239.29,-8.0,-5.5
3,2023-01-17,4.85,5762.22,34336.33,-7.4,-6.1
3,2023-01-18,6.82,25456.23,34435.95,-9.4,-5.4
3,2023-01-19,6.36,17659.61,34539.25,-3.9,-0.3
3,2023-01-20,9.21,28485.42,34646.24,-4.5,0.2
3,2023-01-21,7.95,30087.63,34756.72,-10.0,-6.8
3,2023-01-22,8.42,29148.45,34870.49,-10.6,-8.3
3,2023-01-23,7.57,12387.18,34987.38,-7.0,-2.2
3,2023-01-24,5.01,3460.49,35107.17,-15.1,-9.3
3,2023-01-25,9.11,31059.35,35229.69,-14.6,-12.8
3,2023-01-26,10.25,33934.22,35354.76,-11.3,-9.1
3,2023-01-27,8.90,34274.91,35482.18,-9.2,-8.0
3,2023-01-28,9.01,30451.51,35611.79,-13.2,-11.2
3,2023-01-29,9.12,35046.18,35743.43,-13.1,-12.3
3,2023-01-30,8.27,19223.25,35876.89,-8.8,-6.7
3,2023-01-31,10.28,31516.43,36012.03,-8.8,-6.1
3,2023-02-01,4.97,3600.00,36148.68,-4.0,-0.0
3,2023-02-02,9.58,32489.77,36286.68,-10.3,-8.1
3,2023-02-03,7.24,14310.61,36425.86,-9.1,-7.4
3,2023-02-04,5.93,3685.52,36566.08,-7.8,-6.2
3,2023-02-05,7.79,25109.78,36707.17,-4.6,-1.0
3,2023-02-06,10.18,34820.06,36849.00,-4.0,-2.1
3,2023-02-07,11.05,33423.79,36991.67,-7.9,-5.1
3,2023-02-08,9.09,35820.08,37136.56,-7.5,-5.9
3,2023-02-09,11.48,32296.49,37283.72,-10.5,-9.3
3,2023-02-10,7.29,4142.99,37433.00,-4.8,-3.3
3,2023-02-11,10.44,25997.89,37584.22,-1.9,1.2
3,2023-02-12,8.26,27173.84,37737.20,-1.5,1.2
3,2023-02-13,10.44,36000.00,37891.80,-5.5,-2.0
3,2023-02-14,9.78,34431.18,38047.84,-9.5,-6.5
3,2023-02-15,12.87,32400.00,38205.17,-11.6,-8.8
3,2023-02-16,6.87,3522.47,38363.62,-5.7,-2.9
3,2023-02-17,9.46,28971.77,38523.07,-1.1,0.8
3,2023-02-18,13.50,32400.00,38683.34,-1.3,-0.5
3,2023-02-19,5.34,3600.00,38844.30,-1.4,1.6
3,2023-02-20,11.00,36089.03,39005.79,-8.0,-6.3
3,2023-02-21,12.53,36000.00,39167.69,-8.9,-7.7
3,2023-02-22,8.66,13145.01,39329.85,-4.7,-1.8
3,2023-02-23,7.88,15309.65,39492.13,-1.8,1.3
3,2023-02-24,13.62,31890.16,39654.41,-3.1,-1.5
3,2023-02-25,12.92,36490.80,39816.54,-6.8,-4.8
3,2023-02-26,14.06,38025.25,39978.40,-9.2,-7.5
3,2023-02-27,15.44,36710.98,40140.09,0.5,2.9
3,2023-02-28,12.82,33929.95,40302.94,2.5,5.2
3,2023-03-01,15.09,30986.89,40467.05,-0.2,1.4
3,2023-03-02,15.08,35136.42,40632.29,-5.3,-0.9
3,2023-03-03,13.34,27947.08,40798.55,-3.7,-1.9
3,2023-03-04,14.35,38975.45,40965.69,-5.4,-2.2
3,2023-03-05,17.15,36501.22,41133.60,-2.8,0.7
3,2023-03-06,11.10,25145.22,41302.13,1.7,4.6
3,2023-03-07,11.98,32255.39,41471.20,2.0,6.3
3,2023-03-08,10.05,21658.85,41640.67,2.9,7.9
3,2023-03-09,13.67,28800.00,41810.42,4.2,7.0
3,2023-03-10,8.23,15096.35,41980.35,2.1,7.9
3,2023-03-11,17.40,39545.27,42150.34,0.5,2.4
3,2023-03-12,14.22,31552.31,42320.26,4.6,7.0
3,2023-03-13,3.63,3600.00,42490.02,-0.6,8.7
3,2023-03-14,12.82,32955.39,42659.49,-5.0,-0.6
3,2023-03-15,17.83,32546.83,42828.56,1.1,4.2
3,2023-03-16,4.87,8027.41,42997.12,-0.5,8.0
3,2023-03-17,16.17,41738.00,43165.05,-4.3,-2.5
3,2023-03-18,15.67,40777.79,43332.25,-3.1,-0.6
3,2023-03-19,19.72,41667.96,43498.81,-1.1,1.6
3,2023-03-20,19.98,42311.96,43665.95,1.7,4.7
3,2023-03-21,20.11,42378.76,43833.76,2.6,5.6
3,2023-03-22,19.72,41873.24,44002.16,6.4,9.8
3,2023-03-23,14.31,20581.45,44171.04,9.2,10.2
3,2023-03-24,19.06,36927.14,44340.28,-1.1,7.5
3,2023-03-25,19.08,37396.91,44509.80,-0.4,4.4
3,2023-03-26,5.43,7200.00,44679.48,4.2,7.1
3,2023-03-27,20.24,42777.05,44849.21,-3.4,-0.9
3,2023-03-28,19.90,42843.05,45018.91,-1.8,2.6
3,2023-03-29,16.47,42946.35,45188.46,1.5,4.8
3,2023-03-30,18.12,35774.77,45357.75,1.8,5.0
3,2023-03-31,15.33,32667.94,45526.68,2.2,7.3
3,2023-04-01,21.24,43299.80,45695.15,0.9,2.4
3,2023-04-02,20.12,43624.10,45863.02,1.7,3.7
3,2023-04-03,21.94,43912.06,46030.21,3.1,6.5
3,2023-04-04,20.32,36000.00,46196.60,1.3,4.7
3,2023-04-05,13.09,18025.24,46362.06,4.8,8.8
3,2023-04-06,5.18,141.84,46526.50,10.7,11.6
3,2023-04-07,3.73,3600.00,46689.79,7.9,11.9
3,2023-04-08,18.64,34213.54,46852.01,0.1,3.7
3,2023-04-09,16.89,42847.47,47014.32,1.8,6.6
3,2023-04-10,20.52,40303.07,47176.83,7.5,9.3
3,2023-04-11,17.73,30228.76,47339.42,9.5,11.4
3,2023-04-12,22.01,43200.00,47502.00,-2.6,6.9
3,2023-04-13,21.60,34080.86,47664.46,1.6,8.1
3,2023-04-14,15.34,28018.46,47826.68,2.8,8.6
3,2023-04-15,14.67,23871.43,47988.56,3.4,7.8
3,2023-04-16,8.57,8363.05,48149.99,3.4,10.6
3,2023-04-17,17.45,43673.93,48310.84,-0.6,1.7
3,2023-04-18,20.51,32400.00,48471.01,4.3,7.7
3,2023-04-19,17.16,40504.93,48630.38,5.0,7.0
3,2023-04-20,15.09,26611.69,48788.81,5.6,12.9
3,2023-04-21,23.82,46314.26,48946.19,-3.9,-1.8
3,2023-04-22,22.08,46800.00,49102.39,-0.5,2.3
3,2023-04-23,22.32,46203.26,49257.28,-2.0,1.4
3,2023-04-24,23.21,46800.00,49410.73,-1.5,3.2
3,2023-04-25,20.61,28800.00,49562.60,2.1,10.0
3,2023-04-26,7.07,11400.99,49712.76,6.7,11.7
3,2023-04-27,25.42,45211.82,49861.06,0.5,7.4
3,2023-04-28,18.90,40544.31,50007.56,6.9,9.2
3,2023-04-29,17.28,29659.11,50153.37,9.6,12.2
3,2023-04-30,17.36,38529.98,50298.58,8.0,13.6
3,2023-05-01,21.78,40522.29,50443.06,5.5,9.1
3,2023-05-02,24.96,45502.02,50586.71,4.4,10.1
3,2023-05-03,21.58,43200.00,50729.40,6.2,11.2
3,2023-05-04,21.64,43803.99,50871.00,10.1,11.2
3,2023-05-05,18.30,25200.00,51011.40,12.0,13.4
3,2023-05-06,5.87,0.00,51150.47,8.3,12.5
3,2023-05-07,18.62,26739.60,51288.06,5.1,6.3
3,2023-05-08,11.51,18596.81,51424.05,5.3,7.6
3,2023-05-09,20.22,34662.70,51558.31,8.1,9.4
3,2023-05-10,24.88,47567.85,51690.68,2.9,5.5
3,2023-05-11,22.57,41885.48,51821.04,3.6,5.9
3,2023-05-12,24.21,47514.83,51949.22,5.8,8.4
3,2023-05-13,23.27,43580.18,52075.09,7.3,10.9
3,2023-05-14,17.29,18000.00,52198.49,11.8,12.5
3,2023-05-15,15.79,25510.69,52319.27,12.4,13.5
3,2023-05-16,21.14,47340.49,52437.28,11.7,14.4
3,2023-05-17,26.46,47723.80,52552.35,13.3,16.7
3,2023-05-18,24.27,36000.00,52664.50,13.8,15.2
3,2023-05-19,9.72,6305.97,52774.65,11.4,13.9
3,2023-05-20,23.81,32400.00,52882.86,10.1,11.8
3,2023-05-21,7.07,7200.00,52989.03,12.0,15.1
3,2023-05-22,24.95,47568.45,53093.05,7.8,10.2
3,2023-05-23,26.76,48604.02,53194.80,7.6,9.1
3,2023-05-24,27.94,50338.80,53294.18,8.4,10.7
3,2023-05-25,27.75,48597.95,53391.06,8.5,11.1
3,2023-05-26,15.61,18192.57,53485.35,13.5,15.2
3,2023-05-27,24.04,36694.01,53576.91,12.7,14.6
3,2023-05-28,7.52,442.39,53665.62,15.4,17.5
3,2023-05-29,22.13,40362.94,53751.38,10.6,14.1
3,2023-05-30,22.56,47478.78,53834.06,8.7,10.5
3,2023-05-31,26.42,51729.40,53913.55,8.5,12.9
3,2023-06-01,26.75,46093.92,53989.70,10.7,15.8
3,2023-06-02,13.64,19014.39,54062.42,15.4,18.0
3,2023-06-03,20.28,45892.45,54131.58,11.3,13.9
3,2023-06-04,22.06,44562.50,54197.06,10.5,13.1
3,2023-06-05,26.85,50302.88,54258.73,11.1,15.6
3,2023-06-06,17.42,28375.38,54316.48,14.3,16.5
3,2023-06-07,14.76,26539.58,54370.27,14.9,17.3
3,2023-06-08,23.67,37136.69,54420.56,15.3,16.9
3,2023-06-09,9.89,6732.31,54467.40,15.0,17.2
3,2023-06-10,16.98,34794.49,54510.76,15.6,17.6
3,2023-06-11,19.31,32405.49,54550.59,15.3,16.4
3,2023-06-12,20.57,33229.88,54586.86,15.7,17.8
3,2023-06-13,13.90,9458.67,54619.55,15.7,17.1
3,2023-06-14,21.27,35986.90,54648.62,17.1,19.0
3,2023-06-15,17.96,26532.74,54674.03,16.9,18.0
3,2023-06-16,19.62,38606.21,54695.77,17.2,18.4
3,2023-06-17,22.46,42635.89,54713.80,16.8,18.8
3,2023-06-18,27.23,52042.47,54728.11,11.4,13.8
3,2023-06-19,28.48,52047.98,54738.67,11.1,15.2
3,2023-06-20,26.45,44724.06,54745.44,13.4,15.2
3,2023-06-21,25.12,44633.05,54748.44,14.2,16.1
3,2023-06-22,13.90,7291.87,54747.62,16.2,17.5
3,2023-06-23,8.00,1379.77,54742.98,15.1,17.4
3,2023-06-24,17.28,32178.83,54734.49,15.1,16.3
3,2023-06-25,20.41,45149.21,54722.16,17.4,19.3
3,2023-06-26,23.26,44318.99,54705.97,17.4,19.2
3,2023-06-27,21.29,28955.92,54685.87,19.5,21.2
3,2023-06-28,17.64,26267.81,54661.65,20.9,21.8
3,2023-06-29,17.00,28800.00,54633.34,20.7,22.0
3,2023-06-30,9.25,4705.84,54601.02,20.1,22.1
3,2023-07-01,18.00,40472.12,54564.77,16.5,18.8
3,2023-07-02,13.31,18000.63,54524.68,17.1,18.5
3,2023-07-03,23.13,47024.89,54480.83,17.9,19.9
3,2023-07-04,26.73,50442.66,54433.32,16.9,18.4
3,2023-07-05,23.14,29222.76,54382.23,17.6,19.9
3,2023-07-06,17.97,33413.27,54327.65,18.7,22.2
3,2023-07-07,20.22,36716.48,54269.66,20.3,23.7
3,2023-07-08,24.90,46364.96,54208.37,20.5,23.1
3,2023-07-09,19.64,27641.81,54143.85,20.3,21.2
3,2023-07-10,13.40,27777.13,54076.21,20.9,21.7
3,2023-07-11,13.70,23264.24,54005.52,21.8,22.6
3,2023-07-12,8.91,13579.12,53931.89,20.4,22.5
3,2023-07-13,13.59,24019.68,53855.40,17.0,18.2
3,2023-07-14,15.14,18040.72,53776.15,19.1,20.6
3,2023-07-15,4.68,0.00,53694.22,21.7,23.1
3,2023-07-16,13.81,18804.78,53609.71,21.1,22.7
3,2023-07-17,19.94,34350.05,53522.55,21.6,22.2
3,2023-07-18,21.84,35070.01,53431.96,18.9,21.3
3,2023-07-19,16.50,24516.09,53337.96,19.3,19.9
3,2023-07-20,22.46,49314.33,53240.69,18.1,19.3
3,2023-07-21,24.66,42070.89,53140.30,18.3,19.6
3,2023-07-22,20.52,45297.11,53036.94,20.4,21.5
3,2023-07-23,24.08,43785.71,52930.76,22.1,23.9
3,2023-07-24,24.25,50400.00,52821.90,22.7,24.3
3,2023-07-25,23.13,46751.69,52710.51,23.4,24.1
3,2023-07-26,23.82,46743.53,52596.73,22.7,23.5
3,2023-07-27,24.49,49432.53,52480.70,22.3,23.4
3,2023-07-28,23.04,50179.95,52362.55,22.1,23.3
3,2023-07-29,23.70,42320.64,52242.42,23.1,24.1
3,2023-07-30,14.47,22121.88,52120.45,22.7,24.1
3,2023-07-31,14.31,29615.62,51996.76,21.7,22.9
3,2023-08-01,21.31,49431.23,51871.48,21.1,22.2
3,2023-08-02,20.89,42364.90,51744.73,22.8,24.8
3,2023-08-03,18.90,44343.70,51616.65,24.6,25.9
3,2023-08-04,20.11,45454.83,51487.34,24.5,25.3
3,2023-08-05,17.64,38043.09,51356.94,24.3,25.6
3,2023-08-06,16.49,24180.35,51225.35,23.6,25.0
3,2023-08-07,12.97,16148.41,51091.55,22.2,22.9
3,2023-08-08,15.08,26753.98,50955.48,24.3,25.9
3,2023-08-09,19.36,46776.15,50817.30,25.2,26.3
3,2023-08-10,23.82,47832.52,50677.16,24.4,26.1
3,2023-08-11,21.91,37067.59,50535.20,23.5,25.1
3,2023-08-12,16.66,23448.30,50391.55,21.8,23.4
3,2023-08-13,7.31,1116.41,50246.35,21.5,22.1
3,2023-08-14,4.87,0.00,50099.75,20.4,21.2
3,2023-08-15,7.47,5269.24,49951.86,21.8,24.2
3,2023-08-16,13.96,22036.71,49802.82,24.1,25.1
3,2023-08-17,20.13,39611.20,49652.76,21.5,23.2
3,2023-08-18,12.95,14524.74,49501.79,22.9,24.7
3,2023-08-19,11.98,20481.79,49350.03,23.4,24.3
3,2023-08-20,19.79,46275.09,49197.62,22.9,25.2
3,2023-08-21,19.75,42371.45,49044.65,23.9,25.0
3,2023-08-22,22.06,46800.00,48891.24,24.9,27.0
3,2023-08-23,21.51,46800.00,48737.51,25.3,27.2
3,2023-08-24,19.49,46742.65,48583.56,25.9,27.2
3,2023-08-25,20.48,46681.85,48429.51,25.5,27.3
3,2023-08-26,18.90,42248.43,48275.25,24.2,26.5
3,2023-08-27,14.77,41924.11,48119.71,23.2,25.3
3,2023-08-28,19.27,44677.03,47962.80,21.5,23.4
3,2023-08-29,17.90,36000.00,47804.64,23.3,24.3
3,2023-08-30,16.74,40786.56,47645.37,24.5,25.0
3,2023-08-31,17.53,32898.42,47485.07,24.3,25.7
3,2023-09-01,6.00,7371.52,47323.88,22.0,23.9
3,2023-09-02,18.65,44898.79,47161.90,18.4,21.2
3,2023-09-03,20.24,37665.45,46999.24,20.2,23.0
3,2023-09-04,17.65,38093.67,46836.01,23.9,25.0
3,2023-09-05,13.25,33508.26,46672.31,22.4,24.0
3,2023-09-06,14.01,28563.30,46508.24,19.5,22.3
3,2023-09-07,21.93,44537.65,46343.92,14.7,18.0
3,2023-09-08,17.43,37767.38,46179.43,19.0,20.6
3,2023-09-09,10.26,19728.58,46014.89,21.2,21.9
3,2023-09-10,17.23,37806.14,45850.37,21.9,22.9
3,2023-09-11,11.49,20820.12,45686.00,23.6,24.1
3,2023-09-12,11.49,22967.64,45521.85,22.6,24.1
3,2023-09-13,17.56,32400.00,45358.03,19.6,20.7
3,2023-09-14,5.56,7200.00,45194.64,19.9,22.4
3,2023-09-15,15.69,37629.99,45031.56,17.9,19.9
3,2023-09-16,17.41,29598.92,44867.69,16.7,19.9
3,2023-09-17,13.45,30499.47,44702.96,21.3,23.5
3,2023-09-18,15.13,36352.02,44537.46,20.5,23.2
3,2023-09-19,8.21,20513.27,44371.29,19.9,22.4
3,2023-09-20,9.47,15721.45,44204.56,12.4,15.7
3,2023-09-21,4.13,7200.00,44037.37,15.2,17.5
3,2023-09-22,19.63,40505.51,43869.82,12.3,16.4
3,2023-09-23,16.33,40282.17,43702.02,12.2,15.1
3,2023-09-24,18.70,33764.70,43534.07,11.9,15.9
3,2023-09-25,10.92,15886.16,43366.07,16.0,19.0
3,2023-09-26,10.36,22835.07,43198.11,17.0,19.1
3,2023-09-27,14.94,29434.78,43030.30,18.0,18.9
3,2023-09-28,5.40,15811.31,42862.73,17.3,19.3
3,2023-09-29,16.55,33378.95,42695.53,11.5,14.9
3,2023-09-30,7.90,18000.00,42528.76,15.5,17.6
3,2023-10-01,14.06,39600.00,42362.56,12.7,17.2
3,2023-10-02,15.87,39600.00,42197.01,8.9,10.6
3,2023-10-03,15.69,36363.85,42032.23,10.1,12.7
3,2023-10-04,15.04,38632.32,41868.31,13.4,16.0
3,2023-10-05,7.15,17196.29,41705.15,10.9,16.5
3,2023-10-06,7.63,18742.09,41541.56,10.6,12.2
3,2023-10-07,14.60,39600.00,41377.43,8.5,9.6
3,2023-10-08,15.62,34336.16,41212.89,8.3,10.5
3,2023-10-09,14.64,36676.15,41048.04,13.0,14.2
3,2023-10-10,9.01,24905.04,40883.00,9.9,14.9
3,2023-10-11,13.04,39600.00,40717.89,7.8,10.8
3,2023-10-12,14.14,39518.25,40552.83,9.1,14.6
3,2023-10-13,15.27,39420.12,40387.93,11.7,15.6
3,2023-10-14,14.31,39322.55,40223.33,10.9,14.7
3,2023-10-15,12.52,31026.10,40059.13,12.3,13.9
3,2023-10-16,13.53,39129.49,39895.46,4.8,9.7
3,2023-10-17,9.56,30271.75,39732.45,5.1,9.1
3,2023-10-18,12.31,31145.37,39570.24,9.7,14.8
3,2023-10-19,5.05,8489.72,39408.93,13.4,16.2
3,2023-10-20,2.15,7128.48,39248.68,7.5,11.4
3,2023-10-21,7.70,21268.04,39089.61,1.4,4.0
3,2023-10-22,7.33,17483.96,38931.86,5.0,8.3
3,2023-10-23,12.60,35978.89,38775.57,4.0,8.4
3,2023-10-24,11.96,33709.47,38620.88,10.9,13.0
3,2023-10-25,11.73,36361.99,38467.70,10.3,14.0
3,2023-10-26,11.62,31608.79,38314.70,9.9,14.5
3,2023-10-27,7.88,25784.52,38161.79,10.1,12.7
3,2023-10-28,11.08,28800.00,38009.10,9.8,11.5
3,2023-10-29,7.69,25112.23,37856.77,9.7,11.9
3,2023-10-30,10.30,35570.38,37704.94,7.8,11.6
3,2023-10-31,10.88,33420.21,37553.76,7.8,10.7
3,2023-11-01,8.43,21858.87,37403.37,11.9,13.5
3,2023-11-02,11.01,28952.92,37253.94,8.4,16.9
3,2023-11-03,8.57,28800.00,37105.61,11.2,17.5
3,2023-11-04,10.38,31159.46,36958.54,1.9,5.8
3,2023-11-05,10.32,28800.00,36812.89,6.8,12.9
3,2023-11-06,3.60,3600.00,36668.82,14.9,16.8
3,2023-11-07,6.23,28800.00,36526.51,5.7,13.1
3,2023-11-08,5.90,20993.62,36386.12,3.0,5.3
3,2023-11-09,9.96,28800.00,36247.83,8.5,13.8
3,2023-11-10,2.26,3961.05,36111.81,3.7,14.9
3,2023-11-11,9.59,32460.25,35978.24,-3.8,-1.3
3,2023-11-12,8.81,32840.96,35847.31,-2.3,-1.5
3,2023-11-13,8.09,27213.25,35719.22,-1.8,-0.2
3,2023-11-14,5.32,13972.36,35593.89,-0.8,1.8
3,2023-11-15,9.01,32615.15,35470.04,-1.2,1.7
3,2023-11-16,9.55,28367.55,35347.57,6.8,12.0
3,2023-11-17,1.41,3600.00,35226.63,9.6,13.1
3,2023-11-18,7.86,28073.77,35107.36,2.5,4.6
3,2023-11-19,5.28,18787.25,34989.93,3.3,5.8
3,2023-11-20,5.03,16335.68,34874.47,-1.0,1.6
3,2023-11-21,8.02,25200.00,34761.15,6.1,9.3
3,2023-11-22,7.44,25200.00,34650.13,9.8,12.2
3,2023-11-23,4.18,9340.38,34541.58,8.3,13.0
3,2023-11-24,5.48,19100.12,34435.66,-5.0,3.7
3,2023-11-25,7.47,28800.00,34332.52,-7.7,-4.4
3,2023-11-26,3.51,629.42,34232.36,-1.4,1.0
3,2023-11-27,4.59,13431.90,34135.33,3.5,7.9
3,2023-11-28,4.31,15624.06,34041.60,-0.5,6.4
3,2023-11-29,7.06,28800.00,33951.36,-7.2,-6.1
3,2023-11-30,6.37,29027.35,33864.78,-7.7,-6.3
3,2023-12-01,6.79,25200.00,33782.03,-6.5,-4.3
3,2023-12-02,5.28,16632.43,33703.30,-3.7,-2.1
3,2023-12-03,7.13,29222.79,33628.76,-4.1,-0.9
3,2023-12-04,6.72,32296.51,33558.43,0.1,5.1
3,2023-12-05,7.70,32400.00,33491.45,0.9,5.9
3,2023-12-06,6.99,30326.77,33427.76,6.4,8.0
3,2023-12-07,2.79,7824.02,33367.42,-0.4,8.6
3,2023-12-08,8.29,28800.00,33310.51,0.8,9.7
3,2023-12-09,3.19,9573.17,33257.10,4.0,11.8
3,2023-12-10,6.29,20389.76,33207.29,-6.3,-4.4
3,2023-12-11,2.87,0.00,33161.13,-5.5,-2.4
3,2023-12-12,4.37,13183.14,33118.72,-3.9,-2.2
3,2023-12-13,3.86,6956.59,33080.11,-6.7,-5.9
3,2023-12-14,4.37,8345.87,33045.38,-6.5,-5.6
3,2023-12-15,1.54,0.00,33014.61,-3.2,-0.1
3,2023-12-16,1.07,0.00,32987.86,0.4,2.8
3,2023-12-17,7.14,32085.32,32965.20,-10.9,-8.3
3,2023-12-18,7.43,26737.67,32946.70,-10.4,-7.3
3,2023-12-19,4.49,897.75,32932.43,-6.6,-5.1
3,2023-12-20,4.98,6755.86,32922.43,-9.0,-7.6
3,2023-12-21,5.06,17440.51,32916.77,-8.3,-7.6
3,2023-12-22,6.80,28476.93,32915.52,-9.9,-8.4
3,2023-12-23,5.81,22232.08,32918.72,-10.9,-9.7
3,2023-12-24,4.20,10270.95,32926.44,-7.4,-4.2
3,2023-12-25,7.62,25200.00,32938.73,-4.5,-2.4
3,2023-12-26,4.34,8832.88,32955.53,-4.1,-0.2
3,2023-12-27,7.71,28195.21,32976.77,-6.8,-4.2
3,2023-12-28,6.90,22948.16,33002.36,-6.1,-3.3
3,2023-12-29,6.39,20889.70,33032.23,-2.1,0.0
3,2023-12-30,4.76,4586.02,33066.28,-1.1,2.5
3,2023-12-31,1.42,2965.49,33104.44,-2.4,2.7
3,2024-01-01,7.15,23385.52,33146.62,-5.9,-0.7
3,2024-01-02,6.06,19011.55,33192.73,-0.7,2.6
3,2024-01-03,7.13,24503.02,33242.68,-4.3,-2.0
3,2024-01-04,8.54,28800.00,33296.39,-2.8,1.1
3,2024-01-05,2.61,8312.83,33353.76,0.2,4.5
3,2024-01-06,6.03,28321.54,33414.70,-4.4,-2.4
3,2024-01-07,7.00,31708.04,33479.11,-6.0,-4.7
3,2024-01-08,7.21,28800.00,33546.92,-6.1,-4.3
3,2024-01-09,2.33,2045.47,33618.01,-4.5,-0.0
3,2024-01-10,8.16,28883.77,33692.31,-9.2,-6.3
3,2024-01-11,5.00,13834.57,33769.70,-1.5,1.7
3,2024-01-12,7.83,27691.79,33850.12,-5.5,-2.2
3,2024-01-13,8.24,28800.00,33933.64,-5.9,-4.2
3,2024-01-14,4.01,6995.24,34021.18,-4.3,1.7
3,2024-01-15,7.56,30410.90,34112.75,-11.0,-9.1
3,2024-01-16,8.74,32176.55,34208.15,-7.2,-2.5
3,2024-01-17,7.21,25431.00,34307.18,0.8,2.7
3,2024-01-18,7.74,28567.03,34409.69,-3.6,1.2
3,2024-01-19,6.03,23786.35,34515.48,-6.9,-5.5
3,2024-01-20,7.48,29589.65,34624.36,-6.6,-0.5
3,2024-01-21,1.33,0.00,34736.15,-1.3,0.6
3,2024-01-22,2.09,3361.83,34850.70,1.8,3.7
3,2024-01-23,7.76,24723.33,34967.81,-4.8,-1.6
3,2024-01-24,6.37,15721.76,35087.32,-5.8,-3.6
3,2024-01-25,8.05,28105.53,35209.06,-4.5,-3.5
3,2024-01-26,7.49,22753.81,35332.86,-3.0,-2.2
3,2024-01-27,8.34,33935.45,35458.56,-3.1,-0.7
3,2024-01-28,10.16,34581.98,35586.01,-3.3,-1.5
3,2024-01-29,6.71,20170.39,35715.04,-2.1,0.4
3,2024-01-30,7.50,29531.22,35845.50,-5.8,-3.8
3,2024-01-31,2.84,4213.39,35977.25,-2.4,0.8
3,2024-02-01,9.40,28266.50,36110.12,-10.7,-7.6
3,2024-02-02,6.79,11763.19,36244.24,-10.5,-8.1
3,2024-02-03,5.62,6535.15,36380.92,-7.1,-5.4
3,2024-02-04,7.17,16011.50,36520.25,-7.1,-6.3
3,2024-02-05,9.37,24204.94,36662.02,-9.0,-5.3
3,2024-02-06,11.51,28339.17,36806.06,-6.8,-4.9
3,2024-02-07,10.67,35722.25,36952.20,-5.5,-4.1
3,2024-02-08,5.62,5436.12,37100.24,-6.6,-3.5
3,2024-02-09,8.20,19239.99,37250.02,-8.2,-6.4
3,2024-02-10,9.31,19841.34,37401.38,-4.7,-2.6
3,2024-02-11,11.40,36000.00,37554.15,-9.0,-6.4
3,2024-02-12,10.94,34616.97,37708.15,-3.1,0.9
3,2024-02-13,9.59,32433.39,37863.24,3.4,5.4
3,2024-02-14,12.48,32400.00,38019.26,3.9,6.4
3,2024-02-15,4.00,6576.26,38176.06,-2.0,3.5
3,2024-02-16,12.24,32400.00,38333.49,-6.9,-4.4
3,2024-02-17,6.84,14400.00,38491.40,-2.6,-0.1
3,2024-02-18,13.11,36000.00,38649.65,2.1,6.8
3,2024-02-19,9.39,21557.62,38808.09,6.2,10.3
3,2024-02-20,11.02,25200.00,38966.59,-8.9,-3.9
3,2024-02-21,6.25,8482.90,39125.01,-10.1,-9.2
3,2024-02-22,11.89,33246.56,39283.45,-9.7,-7.9
3,2024-02-23,7.12,10800.00,39443.27,-9.6,-8.7
3,2024-02-24,5.54,938.92,39604.58,-8.2,-7.5
3,2024-02-25,7.76,10325.90,39767.22,-5.0,-2.4
3,2024-02-26,11.30,24021.19,39931.07,-3.2,-2.5
3,2024-02-27,11.15,25867.59,40095.99,-6.3,-3.0
3,2024-02-28,16.10,36989.35,40261.85,-8.3,-6.2
3,2024-02-29,7.15,12930.16,40428.52,-3.5,1.0
3,2024-03-01,3.38,4214.07,40595.86,-4.4,1.8
3,2024-03-02,12.80,32920.50,40763.76,-10.5,-8.7
3,2024-03-03,8.26,12028.47,40932.10,-7.7,-5.3
3,2024-03-04,13.85,31828.22,41100.73,-8.5,-6.7
3,2024-03-05,13.81,34977.61,41269.54,-7.7,-2.9
3,2024-03-06,16.91,32028.59,41438.43,-8.3,-5.9
3,2024-03-07,13.01,38565.49,41607.25,-9.9,-6.2
3,2024-03-08,14.40,26825.13,41775.90,-8.4,-3.8
3,2024-03-09,13.16,28629.65,41944.26,-7.6,-5.7
3,2024-03-10,10.85,14899.25,42112.21,-5.2,-3.7
3,2024-03-11,15.39,32400.00,42279.64,0.3,2.7
3,2024-03-12,5.21,8282.74,42446.41,-0.6,4.9
3,2024-03-13,16.71,40617.83,42612.65,-6.1,-1.1
3,2024-03-14,16.11,36430.85,42779.59,-1.5,0.3
3,2024-03-15,9.37,14610.90,42947.32,-0.2,3.1
3,2024-03-16,17.79,34237.85,43115.76,-1.9,1.7
3,2024-03-17,5.11,171.26,43284.79,0.6,3.5
3,2024-03-18,12.41,35785.36,43454.30,-4.5,-0.9
3,2024-03-19,19.70,39020.17,43624.19,-6.7,-5.4
3,2024-03-20,16.18,22245.53,43794.37,-6.3,-5.5
3,2024-03-21,14.48,27082.32,43964.71,-5.0,-3.5
3,2024-03-22,10.66,19467.97,44135.12,-3.6,-2.4
3,2024-03-23,18.64,42563.05,44305.48,-2.7,-0.2
3,2024-03-24,14.81,32233.43,44475.71,1.8,3.8
3,2024-03-25,18.30,36609.61,44645.67,-5.0,-2.9
3,2024-03-26,13.14,22316.92,44815.28,-4.4,-2.4
3,2024-03-27,20.83,42827.42,44984.43,-4.2,-1.2
3,2024-03-28,15.48,25200.00,45153.00,2.6,7.9
3,2024-03-29,5.13,8911.68,45320.88,7.2,10.6
3,2024-03-30,18.79,43024.50,45487.97,0.5,3.7
3,2024-03-31,20.64,43604.56,45654.15,-3.4,-0.6
3,2024-04-01,19.87,42983.33,45819.31,-3.9,-0.4
3,2024-04-02,19.91,43618.27,45983.54,-3.1,0.5
3,2024-04-03,20.84,40235.40,46148.01,1.0,3.3
3,2024-04-04,20.28,44140.80,46312.81,1.1,3.2
3,2024-04-05,21.93,44402.93,46477.84,-1.8,3.5
3,2024-04-06,22.63,44975.73,46643.01,1.1,5.3
3,2024-04-07,22.57,45239.75,46808.20,1.7,6.7
3,2024-04-08,18.20,26820.07,46973.32,6.6,11.4
3,2024-04-09,5.36,9770.82,47138.24,-1.2,4.7
3,2024-04-10,23.42,45415.40,47302.88,-1.4,3.2
3,2024-04-11,14.90,19991.49,47467.11,3.9,8.2
3,2024-04-12,14.61,32817.99,47630.83,7.4,9.5
3,2024-04-13,21.98,44347.14,47793.90,8.3,11.4
3,2024-04-14,23.07,46627.03,47956.24,7.4,10.1
3,2024-04-15,22.52,43582.81,48117.71,7.9,10.7
3,2024-04-16,16.35,31841.56,48278.19,10.8,12.8
3,2024-04-17,5.75,218.94,48437.56,10.8,13.4
3,2024-04-18,11.47,21429.49,48595.69,8.9,9.8
3,2024-04-19,16.56,44660.53,48752.46,5.4,8.6
3,2024-04-20,19.38,39600.00,48907.72,4.6,5.6
3,2024-04-21,22.56,46177.51,49061.36,5.5,7.6
3,2024-04-22,23.03,37513.13,49213.44,5.2,7.8
3,2024-04-23,21.38,36000.00,49365.08,6.6,7.3
3,2024-04-24,6.79,38.81,49516.37,9.9,11.7
3,2024-04-25,7.96,11322.78,49667.21,9.1,11.3
3,2024-04-26,24.21,46800.00,49817.48,9.3,11.5
3,2024-04-27,24.82,46800.00,49967.05,9.6,14.1
3,2024-04-28,23.82,42709.07,50115.82,4.0,10.8
3,2024-04-29,14.22,19949.77,50263.65,4.9,8.2
3,2024-04-30,11.54,17618.10,50410.42,6.9,11.7
3,2024-05-01,26.07,46818.47,50556.01,4.5,6.1
3,2024-05-02,26.40,46800.00,50700.27,1.3,5.7
3,2024-05-03,25.24,45164.27,50843.08,6.4,8.7
3,2024-05-04,24.60,43682.04,50984.31,8.9,12.3
3,2024-05-05,20.28,28745.21,51123.80,8.6,10.7
3,2024-05-06,4.45,0.00,51261.43,13.2,14.6
3,2024-05-07,6.30,13973.34,51397.03,8.8,15.4
3,2024-05-08,18.25,45157.08,51530.46,2.3,4.3
3,2024-05-09,22.78,46321.23,51661.58,6.3,9.5
3,2024-05-10,25.76,42276.72,51790.23,6.5,9.8
3,2024-05-11,23.83,41464.73,51916.23,10.1,11.8
3,2024-05-12,9.24,3902.06,52039.64,12.5,14.8
3,2024-05-13,11.51,19903.45,52161.44,8.9,14.1
3,2024-05-14,26.77,47780.44,52281.69,8.5,14.9
3,2024-05-15,25.16,36300.21,52400.30,11.5,13.4
3,2024-05-16,19.13,32575.36,52517.13,12.0,15.1
3,2024-05-17,15.27,28957.63,52632.07,9.3,12.1
3,2024-05-18,27.33,48513.38,52744.99,11.0,13.1
3,2024-05-19,23.95,37181.50,52855.80,11.6,16.2
3,2024-05-20,21.27,43365.64,52964.33,12.2,14.1
3,2024-05-21,21.89,46480.85,53070.49,7.4,9.2
3,2024-05-22,27.40,48267.40,53174.14,6.6,14.3
3,2024-05-23,23.81,34423.35,53275.14,13.2,15.0
3,2024-05-24,11.29,24350.28,53373.37,8.7,14.7
3,2024-05-25,25.14,44423.55,53468.69,7.3,9.5
3,2024-05-26,10.38,12711.21,53560.97,8.8,11.6
3,2024-05-27,8.18,3600.00,53650.07,13.8,16.5
3,2024-05-28,11.20,8357.65,53735.86,9.9,11.1
3,2024-05-29,19.24,39961.12,53818.20,9.1,12.5
3,2024-05-30,22.37,36768.99,53896.94,11.0,13.1
3,2024-05-31,14.77,17402.90,53971.97,10.8,12.2
3,2024-06-01,15.34,19894.49,54043.24,8.6,11.5
3,2024-06-02,16.28,23465.01,54111.37,10.9,12.0
3,2024-06-03,9.44,1448.39,54176.41,9.7,11.3
3,2024-06-04,16.58,34757.18,54238.29,10.4,11.5
3,2024-06-05,17.74,32682.77,54296.97,10.5,12.0
3,2024-06-06,15.97,33235.85,54352.36,9.0,10.3
3,2024-06-07,26.41,45689.22,54404.42,13.0,14.6
3,2024-06-08,23.54,35696.99,54453.08,14.6,16.4
3,2024-06-09,15.08,24319.06,54498.28,16.2,18.0
3,2024-06-10,18.90,41748.89,54539.98,15.9,17.7
3,2024-06-11,21.67,44714.42,54578.09,16.3,17.3
3,2024-06-12,26.85,51321.73,54612.58,16.8,18.7
3,2024-06-13,23.82,37756.63,54643.39,17.9,19.8
3,2024-06-14,20.47,43827.71,54670.47,15.7,16.9
3,2024-06-15,24.55,41061.34,54693.76,17.2,18.8
3,2024-06-16,18.16,38193.18,54713.22,17.5,20.2
3,2024-06-17,26.44,49963.51,54728.80,16.2,17.8
3,2024-06-18,25.18,51053.30,54740.44,16.9,18.9
3,2024-06-19,27.89,49979.04,54748.12,12.4,13.7
3,2024-06-20,26.65,51703.08,54751.78,13.7,17.2
3,2024-06-21,25.41,51709.50,54751.38,16.0,18.0
3,2024-06-22,20.00,32400.00,54746.88,16.5,18.1
3,2024-06-23,17.76,27977.04,54738.32,17.7,18.2
3,2024-06-24,8.31,734.04,54725.76,18.3,19.7
3,2024-06-25,18.60,45178.20,54709.24,13.7,17.6
3,2024-06-26,21.68,46237.04,54688.81,12.9,16.3
3,2024-06-27,24.89,44565.68,54664.55,15.7,17.8
3,2024-06-28,25.57,50400.00,54636.51,15.6,17.3
3,2024-06-29,28.00,51790.22,54604.74,13.8,16.7
3,2024-06-30,16.07,19160.82,54569.31,18.5,21.6
3,2024-07-01,16.59,32279.68,54530.28,14.5,18.0
3,2024-07-02,27.33,47050.03,54487.73,14.5,17.1
3,2024-07-03,14.72,21584.57,54441.70,16.0,19.6
3,2024-07-04,18.22,37093.32,54392.27,18.7,20.7
3,2024-07-05,17.15,21724.89,54339.50,19.6,21.7
3,2024-07-06,14.43,22206.96,54283.48,20.2,20.9
3,2024-07-07,11.37,14188.08,54224.25,21.2,22.9
3,2024-07-08,16.02,23365.01,54161.90,18.4,19.9
3,2024-07-09,16.48,28200.22,54096.49,19.7,22.4
3,2024-07-10,23.32,39144.29,54028.09,18.7,19.7
3,2024-07-11,25.72,50932.23,53956.65,17.4,19.6
3,2024-07-12,25.76,50400.00,53881.51,17.7,18.9
3,2024-07-13,26.19,50971.49,53802.69,16.2,17.9
3,2024-07-14,26.06,39915.77,53720.32,17.2,19.6
3,2024-07-15,26.76,49834.50,53634.54,19.5,20.9
3,2024-07-16,26.88,50400.00,53545.50,19.3,20.7
3,2024-07-17,22.21,46496.45,53453.34,20.8,22.2
3,2024-07-18,20.37,36883.55,53358.19,21.7,22.7
3,2024-07-19,7.64,6088.30,53260.19,23.2,24.2
3,2024-07-20,21.70,46265.90,53159.47,21.6,23.6
3,2024-07-21,22.08,43200.00,53056.17,22.9,23.7
3,2024-07-22,22.65,38758.07,52950.43,22.2,23.8
3,2024-07-23,11.06,5087.71,52842.37,23.1,23.7
3,2024-07-24,15.08,34083.70,52732.13,19.4,22.4
3,2024-07-25,21.75,45008.92,52619.82,19.3,21.2
3,2024-07-26,18.61,26649.09,52505.57,19.8,20.4
3,2024-07-27,3.97,0.00,52389.52,20.8,21.3
3,2024-07-28,6.77,520.17,52271.77,22.8,24.4
3,2024-07-29,6.78,7200.00,52152.45,23.1,24.8
3,2024-07-30,20.87,46370.72,52031.67,21.1,22.1
3,2024-07-31,17.70,32079.23,51909.36,21.0,22.2
3,2024-08-01,13.88,30626.44,51784.52,20.9,21.9
3,2024-08-02,22.64,47271.60,51657.14,22.5,24.3
3,2024-08-03,22.06,43769.69,51527.34,24.4,25.6
3,2024-08-04,21.48,38299.78,51395.30,22.8,25.5
3,2024-08-05,17.15,39496.91,51261.15,21.3,22.2
3,2024-08-06,16.61,29204.52,51125.05,23.2,24.0
3,2024-08-07,21.02,47472.74,50987.13,23.4,24.1
3,2024-08-08,21.79,37317.94,50847.53,22.0,23.5
3,2024-08-09,15.89,33388.26,50706.40,23.4,25.0
3,2024-08-10,22.39,45185.78,50563.86,22.8,23.7
3,2024-08-11,19.16,36449.74,50420.06,22.0,23.9
3,2024-08-12,8.65,6811.99,50275.10,24.3,26.1
3,2024-08-13,8.86,10397.42,50129.13,24.8,25.9
3,2024-08-14,10.52,13412.30,49982.26,24.0,25.7
3,2024-08-15,16.62,33881.79,49834.62,23.6,24.7
3,2024-08-16,8.41,261.82,49686.33,22.0,22.9
3,2024-08-17,13.05,22515.22,49537.49,20.5,21.1
3,2024-08-18,21.20,46884.81,49388.23,20.0,21.6
3,2024-08-19,21.53,36000.00,49238.64,20.7,21.7
3,2024-08-20,7.07,7200.00,49088.65,21.0,22.3
3,2024-08-21,22.01,38850.75,48937.17,20.0,21.0
3,2024-08-22,11.04,17995.68,48784.14,23.5,25.7
3,2024-08-23,20.39,43549.91,48629.67,24.7,25.5
3,2024-08-24,22.46,46698.89,48473.89,19.6,22.9
3,2024-08-25,18.73,30872.79,48316.92,21.5,22.3
3,2024-08-26,14.28,27607.92,48158.89,22.7,23.8
3,2024-08-27,5.35,2253.44,47999.92,22.0,23.8
3,2024-08-28,17.67,36188.23,47840.10,20.9,22.6
3,2024-08-29,15.29,29250.93,47679.58,22.4,23.0
3,2024-08-30,20.20,36000.00,47518.43,23.2,24.0
3,2024-08-31,11.39,24913.62,47356.79,19.2,23.5
3,2024-09-01,21.76,46210.35,47194.75,17.6,20.7
3,2024-09-02,20.04,42473.14,47032.42,19.2,20.6
3,2024-09-03,23.01,46088.31,46869.91,16.1,18.5
3,2024-09-04,22.33,44574.29,46707.31,19.7,20.8
3,2024-09-05,19.75,38262.95,46544.74,20.7,22.1
3,2024-09-06,20.89,37852.93,46382.27,15.1,18.8
3,2024-09-07,21.83,45100.05,46220.02,16.7,19.6
3,2024-09-08,21.62,45027.42,46058.08,18.6,20.9
3,2024-09-09,20.96,44338.21,45896.35,19.3,20.8
3,2024-09-10,15.17,33464.18,45733.74,21.2,22.8
3,2024-09-11,8.44,13121.99,45570.15,17.1,22.2
3,2024-09-12,18.49,42972.26,45405.70,15.4,17.8
3,2024-09-13,19.57,43520.75,45240.49,14.5,17.6
3,2024-09-14,13.18,15853.74,45074.63,17.8,22.8
3,2024-09-15,10.93,19809.38,44908.21,13.3,18.3
3,2024-09-16,18.89,33686.57,44741.34,14.3,16.8
3,2024-09-17,10.03,21600.00,44574.12,17.2,19.0
3,2024-09-18,13.97,25200.00,44406.65,15.6,18.2
3,2024-09-19,18.13,31277.48,44239.03,15.6,19.9
3,2024-09-20,13.31,21600.00,44071.35,11.8,19.7
3,2024-09-21,4.48,125.22,43903.73,11.0,14.2
3,2024-09-22,4.51,7260.10,43736.24,12.1,14.5
3,2024-09-23,18.35,40041.52,43569.00,11.0,13.7
3,2024-09-24,15.89,39817.93,43402.10,11.7,12.9
3,2024-09-25,14.18,32838.96,43235.64,15.5,18.3
3,2024-09-26,13.98,33887.05,43069.71,18.6,19.9
3,2024-09-27,17.20,39600.00,42904.42,15.5,18.4
3,2024-09-28,17.96,39600.00,42739.87,13.1,16.3
3,2024-09-29,15.47,38005.84,42575.95,15.7,16.8
3,2024-09-30,15.86,39600.00,42411.50,15.5,17.1
3,2024-10-01,14.87,34039.76,42246.42,14.9,18.6
3,2024-10-02,6.96,13591.16,42080.82,12.0,19.6
3,2024-10-03,5.86,5455.56,41914.81,12.9,16.3
3,2024-10-04,3.76,7200.00,41748.51,14.8,17.8
3,2024-10-05,16.66,39600.00,41582.01,11.0,13.2
3,2024-10-06,11.82,26362.65,41415.45,14.5,15.9
3,2024-10-07,4.73,2428.06,41248.92,14.1,16.1
3,2024-10-08,14.80,36481.77,41082.54,8.4,13.2
3,2024-10-09,13.31,31845.46,40916.42,8.7,11.3
3,2024-10-10,12.60,36060.44,40750.68,8.5,10.1
3,2024-10-11,14.86,39534.86,40585.44,10.0,13.8
3,2024-10-12,13.21,39436.59,40420.81,12.1,13.7
3,2024-10-13,15.53,39339.27,40256.92,5.9,8.6
3,2024-10-14,14.29,32947.77,40093.88,11.1,13.8
3,2024-10-15,7.69,14593.50,39931.81,15.5,17.4
3,2024-10-16,14.82,39054.22,39770.86,7.6,10.5
3,2024-10-17,13.16,38469.11,39611.13,8.7,11.2
3,2024-10-18,12.13,28803.47,39452.76,14.9,19.8
3,2024-10-19,4.62,9666.10,39295.65,3.9,14.7
3,2024-10-20,10.61,35722.22,39138.51,0.6,4.6
3,2024-10-21,12.67,29823.82,38981.24,8.6,12.4
3,2024-10-22,5.06,6789.48,38823.96,14.3,17.2
3,2024-10-23,1.79,2726.39,38666.81,14.8,18.7
3,2024-10-24,8.76,30915.32,38509.93,8.5,9.9
3,2024-10-25,13.08,36888.40,38353.45,7.2,12.0
3,2024-10-26,11.12,33590.96,38197.52,8.5,12.2
3,2024-10-27,8.17,21961.89,38042.28,10.5,12.5
3,2024-10-28,7.13,22192.35,37887.87,2.8,6.8
3,2024-10-29,10.07,34635.08,37734.44,3.9,7.9
3,2024-10-30,10.13,35219.07,37582.15,8.1,10.3
3,2024-10-31,11.76,32824.65,37431.15,7.1,9.6
3,2024-11-01,7.78,19311.90,37281.60,9.7,11.6
3,2024-11-02,5.95,10294.10,37133.66,8.4,12.2
3,2024-11-03,8.79,32400.00,36987.49,4.4,9.9
3,2024-11-04,3.16,8019.23,36843.26,6.6,13.2
3,2024-11-05,9.16,29308.51,36701.14,-0.2,1.4
3,2024-11-06,8.81,33302.70,36561.31,0.9,3.4
3,2024-11-07,9.43,32668.07,36423.95,-2.3,-0.2
3,2024-11-08,5.45,13420.64,36288.98,0.5,2.4
3,2024-11-09,10.74,31693.50,36155.07,2.2,5.5
3,2024-11-10,7.66,25200.00,36022.13,8.9,11.7
3,2024-11-11,10.17,28800.00,35890.29,3.0,11.0
3,2024-11-12,5.26,9464.61,35759.71,3.9,8.5
3,2024-11-13,9.31,32400.00,35630.56,-1.3,0.5
3,2024-11-14,9.69,28800.00,35502.98,2.4,5.2
3,2024-11-15,3.25,10067.90,35377.13,6.3,10.7
3,2024-11-16,9.08,28800.00,35253.18,8.8,14.2
3,2024-11-17,3.29,10736.89,35131.31,1.9,14.5
3,2024-11-18,7.59,29278.75,35011.67,-6.6,-3.2
3,2024-11-19,5.20,14473.61,34894.43,-3.0,1.0
3,2024-11-20,5.78,23386.98,34779.78,1.9,4.9
3,2024-11-21,9.31,28800.00,34667.90,0.4,5.4
3,2024-11-22,6.82,26296.74,34558.95,1.0,3.4
3,2024-11-23,8.58,32400.00,34453.14,-1.4,1.8
3,2024-11-24,4.29,8556.36,34350.64,-3.3,-2.4
3,2024-11-25,8.55,31734.22,34251.64,-3.0,-1.1
3,2024-11-26,8.38,28800.00,34156.33,7.2,10.6
3,2024-11-27,4.10,10572.24,34064.89,5.5,9.8
3,2024-11-28,7.54,28796.54,33977.34,0.1,3.7
3,2024-11-29,6.24,21370.75,33892.65,-2.2,-0.5
3,2024-11-30,6.55,29782.20,33810.72,-3.1,-1.5
3,2024-12-01,5.88,18799.39,33731.69,-3.0,-2.1
3,2024-12-02,8.29,28800.00,33655.63,3.5,8.3
3,2024-12-03,5.35,12826.83,33582.68,-3.1,2.6
3,2024-12-04,4.54,16506.06,33512.92,-3.6,-1.9
3,2024-12-05,6.44,24242.87,33446.48,-3.3,-0.8
3,2024-12-06,4.14,18000.00,33383.46,-5.6,-2.7
3,2024-12-07,5.70,27587.17,33323.97,-4.7,-3.8
3,2024-12-08,6.49,23968.69,33268.12,-5.5,-2.9
3,2024-12-09,5.88,21683.29,33216.01,-3.7,-2.7
3,2024-12-10,4.77,14466.61,33167.75,-3.5,-2.3
3,2024-12-11,6.33,28451.82,33123.45,-7.5,-4.6
3,2024-12-12,7.42,28800.00,33083.21,-6.2,-4.8
3,2024-12-13,6.75,25422.25,33047.13,-6.0,-4.8
3,2024-12-14,5.14,19150.90,33015.33,-6.0,-3.4
3,2024-12-15,4.23,15023.46,32987.89,-6.0,-1.7
3,2024-12-16,6.41,30535.04,32964.92,-8.1,-6.3
3,2024-12-17,5.49,19007.66,32946.52,-6.7,-5.8
3,2024-12-18,7.58,32026.09,32932.72,-8.9,-6.1
3,2024-12-19,7.28,28489.47,32923.35,-4.7,-3.7
3,2024-12-20,4.40,13343.12,32918.31,-6.3,-5.1
3,2024-12-21,4.33,13653.63,32917.58,-3.5,-1.7
3,2024-12-22,6.49,23257.10,32921.13,-5.7,-3.9
3,2024-12-23,6.60,31770.47,32928.91,-6.4,-4.6
3,2024-12-24,5.41,19817.49,32940.88,-5.6,-4.1
3,2024-12-25,5.33,17925.66,32957.01,-1.7,2.5
3,2024-12-26,6.81,31818.72,32977.23,-6.4,-2.5
3,2024-12-27,6.62,28800.00,33001.52,-8.7,-7.9
3,2024-12-28,6.83,27830.27,33029.82,-7.4,-6.2
3,2024-12-29,6.83,25200.00,33062.08,-7.7,-6.3
3,2024-12-30,5.64,20139.03,33098.24,-4.4,-1.0
3,2024-12-31,4.62,9751.56,33138.26,-4.4,-0.3
3,2025-01-01,5.65,23736.63,33182.08,-6.5,-5.0
3,2025-01-02,7.51,31747.12,33229.64,-8.9,-6.5
3,2025-01-03,7.46,31746.65,33280.88,-11.6,-9.2
3,2025-01-04,7.28,31062.26,33335.74,-8.1,-7.2
3,2025-01-05,5.86,15338.09,33394.18,-4.4,1.8
3,2025-01-06,2.07,1469.80,33456.12,0.8,2.4
3,2025-01-07,2.34,7888.57,33521.64,-3.6,-0.4
3,2025-01-08,6.58,18517.07,33591.49,-6.2,-5.4
3,2025-01-09,6.42,21677.00,33665.62,-7.9,-6.1
3,2025-01-10,8.13,31694.48,33743.89,-5.8,-2.2
3,2025-01-11,8.79,28830.30,33826.11,-7.8,-4.5
3,2025-01-12,2.43,3058.19,33912.11,-5.2,0.4
3,2025-01-13,6.66,24101.57,34001.73,-3.3,-0.8
3,2025-01-14,6.82,27124.60,34094.80,-5.2,-0.6
3,2025-01-15,6.25,29252.37,34191.15,-10.3,-7.7
3,2025-01-16,5.69,14582.12,34290.62,-8.2,-5.5
3,2025-01-17,7.37,29327.50,34393.04,-11.8,-9.9
3,2025-01-18,4.13,1398.78,34498.25,-9.3,-4.1
3,2025-01-19,2.18,150.93,34606.10,1.4,2.7
3,2025-01-20,6.69,22530.80,34716.42,-3.9,0.2
3,2025-01-21,7.27,18000.00,34829.06,-1.0,1.5
3,2025-01-22,4.34,17027.80,34943.87,-0.5,1.5
3,2025-01-23,7.43,20456.68,35060.70,-0.7,0.9
3,2025-01-24,7.50,27733.07,35179.39,-4.5,-0.1
3,2025-01-25,7.14,28126.54,35299.81,-4.0,-0.2
3,2025-01-26,10.74,31259.66,35421.81,-6.3,-2.5
3,2025-01-27,3.38,0.00,35545.49,-2.2,0.2
3,2025-01-28,5.48,18073.10,35672.13,-1.8,1.4
3,2025-01-29,8.73,30903.02,35801.78,-3.5,-1.7
3,2025-01-30,5.41,5353.78,35934.24,-5.1,-4.3
3,2025-01-31,6.14,18165.29,36069.31,-5.5,-4.7
3,2025-02-01,8.35,29519.86,36206.83,-4.5,-3.5
3,2025-02-02,4.23,3600.00,36346.58,-4.8,-2.7
3,2025-02-03,3.54,3600.00,36488.41,-0.5,1.5
3,2025-02-04,8.52,30208.45,36632.12,-6.1,-1.2
3,2025-02-05,7.46,23559.74,36777.56,-6.4,-3.5
3,2025-02-06,7.52,26478.05,36924.54,-6.5,-4.9
3,2025-02-07,10.52,35419.05,37072.90,-11.6,-7.4
3,2025-02-08,12.95,35861.29,37222.48,-6.7,-4.9
3,2025-02-09,9.01,21833.67,37373.11,-5.9,-4.9
3,2025-02-10,9.30,21601.28,37524.65,-7.1,-6.5
3,2025-02-11,10.91,36000.00,37676.94,-6.1,-3.2
3,2025-02-12,6.57,10933.49,37829.83,-0.5,1.9
3,2025-02-13,11.59,33409.69,37983.17,-6.9,-4.7
3,2025-02-14,11.62,33016.10,38136.81,-7.0,-5.1
3,2025-02-15,11.86,36000.00,38290.60,-2.5,1.3
3,2025-02-16,9.76,30506.57,38444.68,-0.8,1.7
3,2025-02-17,8.54,23166.27,38600.40,-4.3,-1.8
3,2025-02-18,8.24,22891.52,38757.85,-7.9,-6.3
3,2025-02-19,13.54,36116.29,38916.89,-6.3,-4.9
3,2025-02-20,14.63,36390.06,39077.37,-8.9,-6.2
3,2025-02-21,12.32,35265.63,39239.14,-9.5,-6.8
3,2025-02-22,13.09,33607.80,39402.05,-8.1,-4.7
3,2025-02-23,11.32,32400.00,39565.97,-7.1,-5.3
3,2025-02-24,5.71,4433.10,39730.75,-4.3,-2.7
3,2025-02-25,12.66,36149.69,39896.26,-1.9,1.7
3,2025-02-26,13.29,36000.00,40062.38,-5.7,-2.4
3,2025-02-27,10.65,24738.25,40228.95,-4.9,0.9
3,2025-02-28,15.71,37892.23,40395.86,1.6,2.9
3,2025-03-01,15.81,33455.20,40562.97,-0.6,3.8
3,2025-03-02,15.95,32400.00,40730.17,-6.5,-2.5
3,2025-03-03,12.02,33401.20,40897.32,-9.5,-8.0
3,2025-03-04,15.32,28695.06,41064.30,-5.8,-0.9
3,2025-03-05,2.92,0.00,41230.99,0.9,1.8
3,2025-03-06,6.06,14313.41,41397.26,-3.0,-0.4
3,2025-03-07,14.81,32713.04,41562.99,-6.5,-4.8
3,2025-03-08,14.81,36494.43,41728.30,-6.0,-4.6
3,2025-03-09,13.54,39171.67,41894.43,-2.5,-0.2
3,2025-03-10,17.70,40623.06,42061.52,-4.5,0.3
3,2025-03-11,16.46,37006.71,42229.44,1.4,5.2
3,2025-03-12,14.13,36133.34,42398.08,4.1,5.8
3,2025-03-13,15.39,40008.66,42567.33,-1.2,1.7
3,2025-03-14,12.29,32468.89,42737.09,-2.8,-1.6
3,2025-03-15,9.47,16123.36,42907.23,-4.2,-2.7
3,2025-03-16,6.04,2135.73,43077.67,-1.2,0.8
3,2025-03-17,7.14,3659.30,43248.27,-4.2,-0.4
3,2025-03-18,16.44,39835.04,43418.95,-5.7,-3.5
3,2025-03-19,15.07,36089.05,43589.58,-4.1,-2.2
3,2025-03-20,16.47,33001.40,43760.07,-2.4,4.6
3,2025-03-21,11.08,25719.53,43930.30,4.3,5.8
3,2025-03-22,14.69,33015.39,44100.18,-2.1,5.3
3,2025-03-23,17.34,42546.59,44269.57,-3.4,-0.8
3,2025-03-24,18.45,35521.00,44438.39,3.2,8.0
3,2025-03-25,16.25,33713.37,44606.51,7.6,8.7
3,2025-03-26,12.39,33476.13,44773.83,-0.3,4.8
3,2025-03-27,5.49,4206.61,44940.24,5.1,7.6
3,2025-03-28,5.21,6391.10,45105.83,0.9,8.1
3,2025-03-29,20.29,35742.20,45271.76,-6.6,-3.3
3,2025-03-30,14.10,33609.99,45438.15,-5.4,-0.3
3,2025-03-31,18.58,40553.45,45604.91,-4.9,-2.6
3,2025-04-01,20.10,35938.99,45771.92,0.5,4.6
3,2025-04-02,2.98,0.00,45939.09,3.6,4.9
3,2025-04-03,5.96,1611.94,46106.31,2.5,3.8
3,2025-04-04,13.03,29996.07,46273.48,-0.1,1.1
3,2025-04-05,12.55,32419.83,46440.49,1.6,4.6
3,2025-04-06,15.51,33255.32,46607.24,5.9,7.8
3,2025-04-07,12.50,24322.83,46773.62,4.7,5.9
3,2025-04-08,14.08,36294.91,46939.51,3.8,4.9
3,2025-04-09,20.17,36000.00,47104.81,4.7,6.3
3,2025-04-10,12.20,15513.88,47269.41,5.3,8.2
3,2025-04-11,18.58,36717.66,47433.19,6.5,8.1
3,2025-04-12,19.29,36000.00,47596.02,7.2,8.3
3,2025-04-13,5.31,0.00,47757.80,7.9,9.1
3,2025-04-14,2.67,0.00,47918.40,6.8,8.5
3,2025-04-15,8.51,3600.00,48077.70,5.3,6.5
3,2025-04-16,16.33,39011.02,48235.56,2.8,5.4
3,2025-04-17,22.55,36000.00,48392.08,2.8,4.9
3,2025-04-18,7.39,707.01,48548.38,7.7,11.1
3,2025-04-19,12.48,15813.51,48704.55,6.3,9.4
3,2025-04-20,8.01,3881.50,48860.50,6.6,12.3
3,2025-04-21,23.43,46800.00,49016.11,3.8,5.4
3,2025-04-22,20.01,25200.00,49171.25,5.4,8.2
3,2025-04-23,8.24,7445.35,49325.82,8.1,10.0
3,2025-04-24,18.42,33949.03,49479.71,8.2,9.6
3,2025-04-25,9.14,21600.00,49632.78,4.9,9.1
3,2025-04-26,22.35,46128.04,49784.91,2.3,5.7
3,2025-04-27,18.19,28800.00,49935.98,3.2,5.1
3,2025-04-28,11.78,11791.16,50085.85,4.7,6.9
3,2025-04-29,4.90,2982.87,50234.39,5.5,6.1
3,2025-04-30,16.39,33747.99,50381.48,3.9,6.1
3,2025-05-01,25.08,46481.23,50526.96,7.9,11.2
3,2025-05-02,22.82,33910.61,50670.70,10.5,11.7
3,2025-05-03,19.94,25200.00,50812.56,7.0,9.4
3,2025-05-04,15.21,33109.45,50952.39,7.2,9.4
3,2025-05-05,23.22,42959.14,51090.02,5.6,7.1
3,2025-05-06,16.24,29626.56,51225.32,6.2,8.7
3,2025-05-07,14.36,32578.51,51358.33,7.1,10.3
3,2025-05-08,26.21,46950.44,51490.08,5.0,7.3
3,2025-05-09,22.59,30998.17,51620.66,7.5,11.5
3,2025-05-10,9.33,6470.36,51749.96,12.3,13.6
3,2025-05-11,15.03,27637.40,51877.84,8.6,10.4
3,2025-05-12,18.91,39378.09,52004.19,9.4,11.8
3,2025-05-13,24.62,38672.91,52128.90,9.7,12.4
3,2025-05-14,18.65,34251.03,52251.81,9.7,11.9
3,2025-05-15,18.98,27426.73,52372.81,12.2,14.4
3,2025-05-16,20.11,42387.52,52491.78,14.3,16.4
3,2025-05-17,13.31,20289.25,52608.56,14.4,15.0
3,2025-05-18,12.96,19700.85,52723.02,9.1,14.8
3,2025-05-19,24.06,35018.78,52835.04,6.3,12.0
3,2025-05-20,21.26,32268.89,52944.46,8.7,12.7
3,2025-05-21,22.44,32303.12,53051.14,9.9,11.7
3,2025-05-22,24.55,45942.38,53154.95,9.0,11.8
3,2025-05-23,25.50,44365.50,53255.73,7.6,9.5
3,2025-05-24,15.26,21014.26,53353.32,10.7,11.1
3,2025-05-25,4.65,0.00,53447.60,9.6,10.3
3,2025-05-26,16.41,30612.61,53538.39,9.7,10.8
3,2025-05-27,19.72,48804.82,53625.71,10.0,12.0
3,2025-05-28,26.19,50190.47,53710.28,9.7,13.2
3,2025-05-29,27.70,49382.88,53792.15,9.4,12.8
3,2025-05-30,23.10,30369.73,53871.24,11.3,12.8
3,2025-05-31,11.96,14373.03,53947.48,9.1,11.1
3,2025-06-01,23.59,33284.42,54020.78,12.0,13.8
3,2025-06-02,16.17,25448.90,54091.05,11.8,12.4
3,2025-06-03,15.76,15916.63,54158.21,12.0,12.8
3,2025-06-04,15.01,26262.93,54222.17,11.9,14.4
3,2025-06-05,12.68,20481.47,54282.85,11.7,14.0
3,2025-06-06,24.30,46822.10,54340.18,12.4,16.6
3,2025-06-07,17.14,31537.20,54394.05,14.6,17.1
3,2025-06-08,27.20,52028.04,54444.40,12.0,13.9
3,2025-06-09,28.57,52377.43,54491.14,13.7,16.4
3,2025-06-10,24.54,34084.63,54534.19,15.3,16.9
3,2025-06-11,16.20,24436.89,54573.48,15.8,18.2
3,2025-06-12,21.16,43760.79,54608.92,12.5,14.3
3,2025-06-13,26.70,49681.84,54640.44,14.2,15.7
3,2025-06-14,21.73,32959.30,54667.96,15.9,17.7
3,2025-06-15,13.61,7902.43,54691.41,17.5,18.3
3,2025-06-16,16.88,27536.54,54710.74,17.7,19.2
3,2025-06-17,20.52,33624.55,54726.11,18.8,20.0
3,2025-06-18,27.35,51688.01,54737.55,16.4,18.8
3,2025-06-19,23.83,49820.15,54745.08,19.0,21.4
3,2025-06-20,22.62,33109.61,54748.74,18.9,20.4
3,2025-06-21,9.45,8044.01,54748.52,20.6,21.3
3,2025-06-22,8.60,2680.42,54744.48,18.1,20.5
3,2025-06-23,20.22,36274.35,54736.61,16.9,19.7
3,2025-06-24,28.10,51379.86,54724.97,16.2,19.3
3,2025-06-25,23.40,29910.51,54709.58,17.9,20.4
3,2025-06-26,9.22,8698.73,54690.47,21.1,22.4
3,2025-06-27,14.53,23443.64,54667.67,18.4,20.6
3,2025-06-28,26.41,49229.82,54641.24,17.5,19.5
3,2025-06-29,22.24,32075.51,54611.19,19.5,21.2
3,2025-06-30,19.26,38017.19,54577.57,20.7,22.2
3,2025-07-01,17.37,29573.75,54540.42,21.7,22.8
3,2025-07-02,18.05,35046.33,54499.79,22.9,24.7
3,2025-07-03,19.14,32505.64,54455.71,23.3,24.2
3,2025-07-04,6.10,4029.33,54408.23,22.4,23.8
3,2025-07-05,18.39,34243.98,54357.39,21.9,24.1
3,2025-07-06,21.05,34590.78,54303.15,23.1,23.7
3,2025-07-07,24.72,49562.53,54244.98,20.7,23.7
3,2025-07-08,28.80,51219.17,54182.90,16.8,19.0
3,2025-07-09,28.55,51236.92,54117.05,16.3,18.6
3,2025-07-10,26.33,45190.42,54047.55,16.5,17.8
3,2025-07-11,22.53,47993.12,53974.53,14.1,15.2
3,2025-07-12,27.81,50400.00,53898.10,14.5,16.4
3,2025-07-13,25.21,50620.12,53818.40,18.0,20.2
3,2025-07-14,26.82,45877.99,53735.56,21.7,22.7
3,2025-07-15,11.39,9222.79,53649.68,23.1,24.4
3,2025-07-16,19.27,42024.76,53560.91,23.1,25.6
3,2025-07-17,25.14,49155.30,53469.36,23.7,25.3
3,2025-07-18,17.77,27495.61,53375.16,23.3,25.6
3,2025-07-19,15.02,19522.07,53278.42,22.9,24.5
3,2025-07-20,19.38,42950.58,53179.27,22.7,23.3
3,2025-07-21,19.64,46636.46,53077.82,23.2,23.9
3,2025-07-22,23.39,48556.10,52974.19,23.4,24.2
3,2025-07-23,24.60,46165.49,52868.49,21.4,23.8
3,2025-07-24,23.62,48849.70,52760.85,22.3,23.5
3,2025-07-25,23.54,39525.93,52651.36,21.5,23.4
3,2025-07-26,7.05,0.00,52539.98,23.7,24.4
3,2025-07-27,10.76,16211.17,52425.74,23.3,23.9
3,2025-07-28,20.56,42594.92,52308.64,23.1,24.1
3,2025-07-29,19.97,39305.37,52188.83,23.5,25.2
3,2025-07-30,16.35,27518.93,52066.46,22.6,23.0
3,2025-07-31,19.48,37660.63,51941.70,22.4,23.5
3,2025-08-01,24.23,46010.83,51814.69,22.6,24.2
3,2025-08-02,19.05,37867.79,51685.56,24.0,25.1
3,2025-08-03,21.92,41910.44,51554.48,22.1,23.5
3,2025-08-04,13.73,19738.74,51421.57,23.8,24.7
3,2025-08-05,21.86,36139.60,51286.98,22.1,24.2
3,2025-08-06,7.16,0.00,51150.83,22.1,22.9
3,2025-08-07,12.88,21806.26,51013.27,21.6,23.3
3,2025-08-08,18.23,37425.99,50874.43,19.8,21.3
3,2025-08-09,21.99,44055.39,50734.42,20.1,21.8
3,2025-08-10,19.90,47529.08,50593.39,20.2,22.0
3,2025-08-11,22.11,45076.92,50451.44,21.6,22.6
3,2025-08-12,21.96,47600.92,50308.69,20.2,22.1
3,2025-08-13,22.91,43788.66,50165.27,19.1,21.4
3,2025-08-14,15.69,23143.25,50021.29,21.8,23.8
3,2025-08-15,24.40,47390.89,49876.65,19.2,22.4
3,2025-08-16,20.99,37253.44,49730.30,19.7,21.8
3,2025-08-17,10.66,24376.00,49582.16,21.1,23.8
3,2025-08-18,22.25,42187.95,49432.37,18.7,21.1
3,2025-08-19,7.03,6605.62,49281.07,23.1,24.1
3,2025-08-20,11.79,23130.04,49128.38,22.7,24.3
3,2025-08-21,21.34,36000.00,48974.43,19.3,21.7
3,2025-08-22,12.08,23180.17,48819.34,21.5,24.1
3,2025-08-23,14.39,35973.82,48663.24,22.2,25.0
3,2025-08-24,23.60,46712.49,48506.25,20.3,22.6
3,2025-08-25,21.54,38134.74,48348.48,22.2,23.8
3,2025-08-26,16.43,35021.07,48190.05,23.9,25.1
3,2025-08-27,18.63,46528.53,48031.06,18.9,22.4
3,2025-08-28,12.68,15580.49,47871.63,18.4,19.4
3,2025-08-29,6.69,974.40,47711.88,20.4,22.1
3,2025-08-30,19.71,44019.11,47551.89,20.1,23.4
3,2025-08-31,18.00,43836.62,47391.79,20.9,22.7
3,2025-09-01,8.47,10006.14,47231.67,23.5,24.3
3,2025-09-02,9.65,16107.07,47071.62,22.5,25.1
3,2025-09-03,20.91,44230.78,46911.77,18.3,19.6
3,2025-09-04,13.13,18406.63,46751.99,20.2,20.8
3,2025-09-05,17.52,43200.00,46591.22,20.2,21.5
3,2025-09-06,17.27,35958.02,46429.35,20.9,21.8
3,2025-09-07,9.22,21361.21,46266.49,21.0,23.4
3,2025-09-08,20.60,35754.69,46102.76,17.2,19.8
3,2025-09-09,8.97,12817.50,45938.27,19.3,21.1
3,2025-09-10,15.08,26737.43,45773.12,17.3,19.2
3,2025-09-11,20.10,43285.90,45607.40,17.2,19.1
3,2025-09-12,19.18,35339.54,45441.24,18.7,19.9
3,2025-09-13,5.58,10288.78,45274.73,20.7,23.2
3,2025-09-14,20.23,42353.35,45107.95,16.0,19.2
3,2025-09-15,16.53,41819.09,44941.03,19.0,20.5
3,2025-09-16,19.30,37509.98,44774.05,18.0,22.1
3,2025-09-17,14.44,32061.75,44607.12,16.2,22.3
3,2025-09-18,15.94,37264.13,44440.32,11.8,13.7
3,2025-09-19,16.81,37050.77,44273.76,12.0,14.5
3,2025-09-20,6.46,7814.71,44107.53,14.4,17.5
3,2025-09-21,17.55,40469.54,43941.75,11.8,13.3
3,2025-09-22,16.77,36862.25,43776.48,12.1,13.6
3,2025-09-23,15.21,39935.25,43611.85,13.4,16.9
3,2025-09-24,14.69,21600.00,43447.73,15.6,17.9
3,2025-09-25,6.03,13081.28,43283.00,17.9,22.0
3,2025-09-26,16.29,39600.00,43117.55,14.3,16.3
3,2025-09-27,17.07,36992.47,42951.51,13.9,15.7
3,2025-09-28,13.02,18286.91,42784.96,14.4,15.5
3,2025-09-29,14.39,36000.00,42618.03,14.7,16.8
3,2025-09-30,15.80,36618.15,42450.81,14.9,18.1
3,2025-10-01,11.41,26955.44,42283.40,15.8,18.0
3,2025-10-02,14.66,39600.00,42115.93,16.1,17.7
3,2025-10-03,17.00,39600.00,41948.49,14.2,16.9
3,2025-10-04,16.22,36761.69,41781.19,16.3,18.9
3,2025-10-05,11.73,29125.31,41614.14,14.9,19.5
3,2025-10-06,15.42,38715.63,41447.45,7.3,9.6
3,2025-10-07,14.34,35903.41,41281.22,12.7,15.9
3,2025-10-08,13.29,39600.00,41115.58,8.7,13.1
3,2025-10-09,11.94,37932.62,40950.62,6.8,8.9
3,2025-10-10,10.85,31948.86,40786.47,3.3,5.8
3,2025-10-11,9.20,16903.31,40623.24,7.3,13.8
3,2025-10-12,6.09,10498.49,40461.06,13.2,15.7
3,2025-10-13,13.68,39365.95,40300.02,7.3,10.3
3,2025-10-14,13.86,39272.46,40140.03,9.6,11.6
3,2025-10-15,13.47,31979.37,39979.85,7.5,9.9
3,2025-10-16,7.53,21450.64,39819.35,11.9,14.3
3,2025-10-17,11.77,28800.00,39658.68,9.5,12.7
3,2025-10-18,2.55,3545.95,39497.95,10.1,14.8
3,2025-10-19,7.91,16160.17,39337.30,4.4,7.4
3,2025-10-20,8.71,29188.41,39176.86,2.0,5.0
3,2025-10-21,10.45,36486.49,39016.75,2.7,4.9
3,2025-10-22,8.30,25837.90,38857.11,2.0,3.9
3,2025-10-23,11.20,37039.60,38698.08,0.9,2.1
3,2025-10-24,11.55,31719.70,38539.80,-0.9,0.9
3,2025-10-25,6.84,12356.27,38382.40,4.7,9.7
3,2025-10-26,4.56,5812.16,38226.04,12.4,13.6
3,2025-10-27,10.89,35426.58,38070.85,2.7,9.3
3,2025-10-28,10.36,34894.41,37917.00,-0.0,3.2
3,2025-10-29,10.93,35280.88,37764.63,0.0,1.6
3,2025-10-30,11.30,32455.22,37613.89,4.1,7.3
3,2025-10-31,7.92,16487.65,37464.95,9.3,10.7
3,2025-11-01,3.48,5196.05,37317.97,8.6,10.3
3,2025-11-02,8.60,19556.66,37173.12,5.9,7.5
3,2025-11-03,11.02,34168.30,37030.30,1.0,4.3
3,2025-11-04,8.29,32536.33,36888.19,4.0,8.8
3,2025-11-05,9.29,33584.85,36746.67,6.2,10.1
3,2025-11-06,9.85,30833.77,36605.89,6.0,9.3
3,2025-11-07,9.91,31416.88,36466.01,-1.9,-0.1
3,2025-11-08,8.26,25890.44,36327.18,-1.3,2.0
3,2025-11-09,5.77,18272.50,36189.54,6.2,9.6
3,2025-11-10,5.71,21657.02,36053.27,0.2,4.8
3,2025-11-11,8.75,32400.00,35918.53,-2.2,-0.7
3,2025-11-12,9.02,32170.90,35785.47,0.6,7.4
3,2025-11-13,7.51,32272.35,35654.28,1.5,9.0
3,2025-11-14,4.55,7264.75,35525.11,-1.2,0.5
3,2025-11-15,5.35,15854.81,35398.16,-1.4,-0.1
3,2025-11-16,9.44,28800.00,35273.60,3.6,10.6
3,2025-11-17,2.19,6119.36,35151.60,-2.7,5.2
3,2025-11-18,8.61,31947.30,35032.36,-4.6,-3.3
3,2025-11-19,4.32,5436.72,34916.07,-0.7,3.2
3,2025-11-20,5.16,22770.93,34802.90,4.5,7.5
3,2025-11-21,7.00,19610.07,34693.07,-2.4,-0.7
3,2025-11-22,3.55,3803.02,34586.75,-0.2,5.6
3,2025-11-23,8.44,28800.00,34483.94,5.2,8.3
3,2025-11-24,7.48,31536.07,34383.48,4.6,9.1
3,2025-11-25,7.98,28800.00,34285.28,6.2,7.8
3,2025-11-26,7.70,28045.26,34189.47,2.0,5.1
3,2025-11-27,8.15,32400.00,34096.17,5.5,9.1
3,2025-11-28,4.67,19253.15,34005.52,-1.3,7.2
3,2025-11-29,4.86,14605.76,33917.65,-0.3,6.9
3,2025-11-30,7.70,28800.00,33832.69,3.8,7.9
3,2025-12-01,5.13,20998.24,33750.78,-0.6,9.0
3,2025-12-02,3.43,7034.45,33672.05,-0.1,5.1
3,2025-12-03,3.06,3600.00,33596.64,-6.9,-4.0
3,2025-12-04,5.49,18236.64,33524.68,-6.5,-4.0
3,2025-12-05,8.07,29636.36,33456.31,-4.5,-1.5
3,2025-12-06,5.23,17493.96,33391.66,0.5,2.6
3,2025-12-07,6.31,28800.00,33330.88,1.4,4.8
3,2025-12-08,2.40,10165.19,33274.10,-1.5,4.5
3,2025-12-09,6.36,32400.00,33221.45,-5.1,-3.7
3,2025-12-10,5.97,28718.09,33173.06,-4.7,1.7
3,2025-12-11,2.32,3959.49,33129.09,-5.0,4.4
3,2025-12-12,7.24,29997.01,33089.65,-9.1,-7.1
3,2025-12-13,3.78,7200.00,33054.79,-4.6,-0.2
3,2025-12-14,0.86,2445.47,33024.05,1.1,2.4
3,2025-12-15,5.43,21317.03,32997.36,-3.2,-0.0
3,2025-12-16,3.04,5301.05,32974.73,-5.7,-0.4
3,2025-12-17,2.61,109.24,32956.17,-7.0,-5.1
3,2025-12-18,3.05,5756.27,32941.67,-5.9,-3.9
3,2025-12-19,2.17,0.00,32931.26,3.1,7.7
3,2025-12-20,2.35,2855.91,32924.92,8.7,12.1
3,2025-12-21,1.59,5585.44,32922.65,-0.8,9.5
3,2025-12-22,6.16,27181.28,32924.46,-6.2,-5.0
3,2025-12-23,4.70,20486.05,32930.34,-2.2,2.3
3,2025-12-24,1.98,0.00,32940.27,3.2,5.5
3,2025-12-25,2.86,0.00,32954.27,-1.9,0.8
3,2025-12-26,4.23,15048.44,32972.29,-9.7,-2.9
3,2025-12-27,5.75,31527.93,32994.35,-8.5,-6.3
3,2025-12-28,5.53,20505.19,33020.42,-3.9,2.6
3,2025-12-29,3.57,9023.19,33050.49,1.7,4.2
3,2025-12-30,6.53,30305.77,33084.53,-4.2,3.3
3,2025-12-31,7.60,31050.90,33122.53,-10.8,-8.8
3,2026-01-01,7.30,31750.37,33164.47,-9.3,-4.0
3,2026-01-02,7.42,30299.30,33210.42,-4.6,-3.5
3,2026-01-03,3.69,7200.00,33260.88,-4.1,-2.9
3,2026-01-04,4.60,4259.39,33315.83,-7.3,-5.8
3,2026-01-05,4.49,10800.00,33375.11,-10.0,-8.3
3,2026-01-06,4.44,8813.45,33438.58,-7.8,-5.3
3,2026-01-07,2.64,3519.83,33506.10,-2.2,1.0
3,2026-01-08,7.17,29511.85,33577.51,-8.3,-6.7
3,2026-01-09,4.00,3149.48,33652.68,-3.8,-0.2
3,2026-01-10,1.74,3016.17,33731.47,1.5,3.7
3,2026-01-11,7.98,28800.00,33813.70,-5.5,-3.4
3,2026-01-12,8.34,28801.49,33899.26,-8.3,-3.3
3,2026-01-13,2.62,6434.13,33988.00,-6.4,1.7
3,2026-01-14,7.80,31902.72,34079.76,-10.4,-7.3
3,2026-01-15,4.17,2466.12,34174.42,-3.4,-1.9
3,2026-01-16,3.77,1175.97,34271.82,-4.8,-3.1
3,2026-01-17,2.71,3790.42,34371.83,-5.7,-3.0
3,2026-01-18,8.36,28800.00,34474.32,-5.0,-3.6
3,2026-01-19,2.33,516.29,34579.13,-5.4,-1.3
3,2026-01-20,7.45,29172.89,34686.16,-9.8,-7.3
3,2026-01-21,7.41,30865.79,34795.26,-10.7,-9.4
3,2026-01-22,7.78,26184.14,34906.52,-9.6,-8.5
3,2026-01-23,7.05,27236.39,35021.14,-9.3,-7.9
3,2026-01-24,8.12,30086.11,35139.14,-9.6,-8.8
3,2026-01-25,7.68,29584.72,35260.32,-10.2,-8.8
3,2026-01-26,4.53,3600.00,35384.50,-7.0,-5.7
3,2026-01-27,4.79,3994.96,35511.46,-5.5,-3.1
3,2026-01-28,9.24,31502.17,35641.04,-7.2,-4.8
3,2026-01-29,7.50,26954.31,35773.03,-7.5,-5.5
3,2026-01-30,9.94,32026.28,35907.27,-7.9,-6.1
3,2026-01-31,8.35,29113.33,36043.58,-5.8,-4.1
