location_id,city/town,latitude,longitude,elevation,utc_offset_seconds,timezone,timezone_abbreviation
0,Morioka,39.683655,141.125,130.0,0,GMT,GMT
1,Miyako,39.613354,141.92789,13.0,0,GMT,GMT
2,Ichinoseki,38.910366,141.09439,31.0,0,GMT,GMT
3,Kuji,40.175747,141.75316,6.0,0,GMT,GMT

location_id,time,shortwave_radiation_sum (MJ/m²),sunshine_duration (s),daylight_duration (s),dew_point_2m_mean (°C),dew_point_2m_max (°C)
0,2021-01-01,4.41,4970.87,33930.75,-11.3,-9.5
0,2021-01-02,6.43,8089.70,33974.70,-15.2,-9.2
0,2021-01-03,8.16,26883.03,34022.06,-8.8,-6.3
0,2021-01-04,4.48,8334.09,34072.74,-7.5,-6.2
0,2021-01-05,6.25,17188.88,34126.72,-8.0,-5.3
0,2021-01-06,10.79,31014.42,34183.91,-8.3,-2.7
0,2021-01-07,7.36,24030.22,34244.26,-7.6,-2.3
0,2021-01-08,8.76,28725.92,34307.85,-16.0,-12.2
0,2021-01-09,9.51,28800.00,34375.39,-13.2,-10.3
0,2021-01-10,8.01,24887.90,34446.86,-11.4,-8.5
0,2021-01-11,10.69,29053.53,34522.10,-9.1,-7.4
0,2021-01-12,7.11,16732.82,34600.96,-3.7,-2.1
0,2021-01-13,7.33,21872.45,34683.27,-1.5,0.7
0,2021-01-14,7.02,18205.84,34768.88,-8.3,1.0
0,2021-01-15,10.94,28800.00,34857.63,-6.4,1.3
0,2021-01-16,4.56,5071.61,34949.36,-4.4,1.2
0,2021-01-17,8.24,25613.10,35043.93,-9.0,-5.8
0,2021-01-18,6.77,16790.41,35141.18,-6.0,-3.4
0,2021-01-19,7.64,21511.83,35240.96,-11.9,-7.7
0,2021-01-20,5.14,1395.93,35343.13,-6.6,-3.6
0,2021-01-21,3.42,0.00,35447.52,-0.8,0.2
0,2021-01-22,8.27,21314.46,35554.01,-4.1,0.8
0,2021-01-23,11.92,28800.00,35662.44,-7.4,-4.3
0,2021-01-24,10.97,31227.30,35772.69,-7.4,-2.8
0,2021-01-25,12.63,34916.57,35884.60,-6.8,-1.6
0,2021-01-26,7.53,15994.81,35998.06,-0.9,2.2
0,2021-01-27,6.14,15375.01,36112.91,-4.8,3.2
0,2021-01-28,6.29,1876.23,36229.25,-5.0,-1.4
0,2021-01-29,9.72,22712.49,36348.29,-7.6,-2.5
0,2021-01-30,9.48,30672.35,36470.07,-9.0,-7.2
0,2021-01-31,7.83,12026.97,36594.41,-9.9,-8.1
0,2021-02-01,12.86,27549.42,36721.15,-1.6,1.8
0,2021-02-02,5.67,7509.71,36850.09,-8.1,0.2
0,2021-02-03,9.49,28357.04,36981.09,-10.9,-9.2
0,2021-02-04,6.57,17578.78,37113.96,-11.4,-6.3
0,2021-02-05,8.73,19084.41,37248.56,-3.0,0.5
0,2021-02-06,8.42,20796.96,37384.72,-1.1,1.4
0,2021-02-07,6.57,18712.44,37522.27,-7.0,0.2
0,2021-02-08,8.29,21420.97,37661.08,-11.7,-8.7
0,2021-02-09,11.23,24081.49,37800.99,-9.1,-6.1
0,2021-02-10,6.65,9537.30,37941.85,-3.9,-2.3
0,2021-02-11,12.00,31298.62,38083.51,-6.7,-3.4
0,2021-02-12,15.43,36198.63,38225.85,-7.4,-2.7
0,2021-02-13,15.52,36159.86,38368.71,-3.8,-2.5
0,2021-02-14,9.14,20910.87,38511.96,0.9,3.1
0,2021-02-15,3.77,3681.38,38655.47,1.3,5.0
0,2021-02-16,9.80,24740.14,38799.11,-7.4,-4.3
0,2021-02-17,7.02,12055.93,38942.96,-9.5,-7.8
0,2021-02-18,11.28,31096.63,39088.30,-6.4,-4.0
0,2021-02-19,4.32,1089.31,39235.23,-1.2,1.3
0,2021-02-20,4.90,3714.60,39383.60,-0.2,5.2
0,2021-02-21,12.41,26921.71,39533.27,-0.3,4.4
0,2021-02-22,4.15,4302.78,39684.12,4.6,8.3
0,2021-02-23,9.60,29650.97,39836.01,-9.9,-5.5
0,2021-02-24,10.63,32400.00,39988.81,-11.2,-9.9
0,2021-02-25,11.52,32842.24,40142.41,-7.1,-4.7
0,2021-02-26,16.39,38644.75,40296.66,-9.4,-5.3
0,2021-02-27,17.62,38711.33,40451.45,-10.8,-9.3
0,2021-02-28,17.68,38219.92,40606.67,-5.9,-2.9
0,2021-03-01,10.34,24701.81,40762.18,2.7,9.0
0,2021-03-02,2.01,6582.34,40917.88,0.7,9.9
0,2021-03-03,12.77,36904.47,41073.65,-7.6,-3.4
0,2021-03-04,17.11,37762.24,41229.36,-0.8,3.0
0,2021-03-05,12.77,24950.39,41384.91,4.6,5.5
0,2021-03-06,13.96,38292.99,41540.18,-6.5,4.7
0,2021-03-07,17.34,40364.20,41695.07,-8.2,-7.0
0,2021-03-08,9.28,29419.43,41849.45,-5.6,-4.6
0,2021-03-09,18.99,36300.76,42003.44,-3.1,0.9
0,2021-03-10,16.95,39600.00,42158.18,-5.0,-3.8
0,2021-03-11,18.62,38571.17,42313.80,-3.9,-1.4
0,2021-03-12,12.49,29081.23,42470.18,-0.6,2.6
0,2021-03-13,4.55,422.83,42627.22,3.2,5.1
0,2021-03-14,2.97,2087.00,42784.81,2.7,4.2
0,2021-03-15,17.54,39963.20,42942.87,1.2,2.3
0,2021-03-16,9.05,16794.15,43101.27,0.4,6.7
0,2021-03-17,10.34,23481.46,43259.92,-4.2,-1.9
0,2021-03-18,9.83,23397.39,43418.72,-2.3,-1.7
0,2021-03-19,19.82,42112.39,43577.56,-3.8,-2.5
0,2021-03-20,18.93,29126.57,43736.35,2.3,6.3
0,2021-03-21,4.10,7078.34,43894.99,6.8,12.5
0,2021-03-22,15.83,42133.97,44053.37,-2.5,1.4
0,2021-03-23,15.85,41011.56,44211.39,-3.1,1.3
0,2021-03-24,20.12,35216.34,44368.94,1.8,4.1
0,2021-03-25,11.44,19993.71,44525.94,5.6,7.6
0,2021-03-26,17.82,40707.45,44682.25,2.0,4.9
0,2021-03-27,18.34,36628.67,44837.80,0.5,4.7
0,2021-03-28,6.70,1696.47,44992.46,10.1,12.0
0,2021-03-29,13.57,34140.22,45146.34,7.1,12.2
0,2021-03-30,16.02,38060.03,45300.51,4.3,9.9
0,2021-03-31,21.50,43269.52,45455.07,2.7,4.5
0,2021-04-01,22.91,44180.39,45609.95,0.7,2.4
0,2021-04-02,19.92,32395.08,45765.03,3.9,7.0
0,2021-04-03,16.47,35486.67,45920.22,7.6,9.4
0,2021-04-04,5.05,0.00,46075.42,9.3,12.7
0,2021-04-05,7.34,17490.14,46230.54,-1.0,3.0
0,2021-04-06,17.00,36002.69,46385.48,-2.0,0.1
0,2021-04-07,20.30,45986.30,46540.14,0.3,2.6
0,2021-04-08,20.69,43265.03,46694.40,-5.1,-3.4
0,2021-04-09,19.40,45630.82,46848.18,-3.6,-1.3
0,2021-04-10,18.99,44656.90,47001.36,-2.8,-1.7
0,2021-04-11,24.84,46357.47,47153.85,-1.1,4.4
0,2021-04-12,23.04,36000.00,47305.51,5.0,6.4
0,2021-04-13,12.25,20398.51,47456.27,9.5,11.7
0,2021-04-14,10.37,18757.10,47605.98,-1.7,8.1
0,2021-04-15,17.77,43115.04,47754.55,-2.1,1.1
0,2021-04-16,17.03,23306.87,47901.85,5.7,9.6
0,2021-04-17,3.95,0.00,48047.77,10.3,11.7
0,2021-04-18,13.16,21653.49,48192.37,4.6,8.1
0,2021-04-19,18.15,40459.85,48336.71,5.1,6.8
0,2021-04-20,20.55,46800.00,48480.86,0.9,7.9
0,2021-04-21,25.69,46800.00,48624.74,-3.4,2.2
0,2021-04-22,24.90,46800.00,48768.23,-1.0,2.7
0,2021-04-23,26.45,46800.00,48911.24,1.1,4.6
0,2021-04-24,20.16,33110.15,49053.64,6.4,11.1
0,2021-04-25,16.72,35974.93,49195.34,-0.3,5.5
0,2021-04-26,25.26,46800.00,49336.21,-3.8,-0.3
0,2021-04-27,25.79,46137.22,49476.14,1.0,4.5
0,2021-04-28,11.38,11570.67,49615.03,9.5,11.9
0,2021-04-29,5.60,0.00,49752.73,9.2,12.5
0,2021-04-30,9.57,12122.10,49889.14,4.8,7.3
0,2021-05-01,16.25,19055.82,50024.13,6.8,10.4
0,2021-05-02,10.99,21071.60,50157.56,5.1,8.5
0,2021-05-03,15.02,28177.18,50289.32,4.7,8.3
0,2021-05-04,23.76,43840.52,50419.26,5.4,7.7
0,2021-05-05,14.02,20755.10,50547.26,11.2,13.8
0,2021-05-06,26.37,44437.54,50673.16,4.2,7.7
0,2021-05-07,17.72,31038.19,50796.84,7.7,10.5
0,2021-05-08,23.33,43200.00,50918.32,6.3,11.2
0,2021-05-09,18.20,41601.40,51038.57,7.4,11.5
0,2021-05-10,22.03,43945.84,51157.66,5.5,6.3
0,2021-05-11,20.25,46800.00,51275.47,6.7,8.1
0,2021-05-12,23.75,43861.36,51391.90,6.6,10.6
0,2021-05-13,21.06,34203.06,51506.84,12.6,14.6
0,2021-05-14,21.83,43981.81,51620.18,9.5,15.1
0,2021-05-15,25.32,36476.18,51731.78,8.6,13.3
0,2021-05-16,11.63,14543.07,51841.54,15.0,17.7
0,2021-05-17,10.23,7021.94,51949.34,14.6,19.7
0,2021-05-18,22.68,31785.12,52055.05,12.6,14.6
0,2021-05-19,7.37,2574.43,52158.54,13.3,15.4
0,2021-05-20,17.99,27318.78,52259.70,12.9,16.0
0,2021-05-21,5.55,6204.75,52358.39,14.7,15.9
0,2021-05-22,12.87,28935.43,52454.48,14.0,15.5
0,2021-05-23,12.08,20591.12,52547.84,13.2,15.2
0,2021-05-24,13.54,14483.49,52638.34,12.9,14.4
0,2021-05-25,24.20,47433.40,52725.85,10.0,13.3
0,2021-05-26,24.76,39204.96,52810.23,6.7,9.4
0,2021-05-27,9.62,2368.96,52891.33,12.9,15.2
0,2021-05-28,17.06,41364.56,52969.17,12.0,14.7
0,2021-05-29,14.69,30374.95,53044.39,12.1,15.5
0,2021-05-30,20.91,46331.95,53117.05,9.3,10.0
0,2021-05-31,19.98,40635.15,53187.07,10.7,13.0
0,2021-06-01,19.80,39510.59,53254.39,12.0,13.3
0,2021-06-02,25.11,50196.97,53318.93,14.2,16.4
0,2021-06-03,22.49,30498.11,53380.62,14.9,16.9
0,2021-06-04,5.64,7611.73,53439.39,14.5,17.7
0,2021-06-05,26.11,42691.80,53495.15,12.7,16.0
0,2021-06-06,22.01,43205.73,53547.86,13.5,15.5
0,2021-06-07,26.10,46560.90,53597.42,12.9,15.2
0,2021-06-08,18.15,35916.86,53643.78,15.5,17.4
0,2021-06-09,23.11,49295.26,53686.85,15.9,18.4
0,2021-06-10,26.62,50725.42,53726.58,16.6,20.2
0,2021-06-11,25.98,36000.00,53762.88,15.3,18.1
0,2021-06-12,20.12,36203.96,53795.71,16.1,17.4
0,2021-06-13,19.89,44332.10,53824.98,17.4,20.8
0,2021-06-14,20.89,44305.15,53850.64,17.0,19.3
0,2021-06-15,18.06,44729.51,53872.62,17.1,18.3
0,2021-06-16,19.11,45477.21,53890.86,16.6,18.7
0,2021-06-17,22.16,46279.40,53905.32,15.9,17.0
0,2021-06-18,19.52,35371.42,53916.10,15.7,17.9
0,2021-06-19,10.67,5236.67,53923.24,16.7,18.5
0,2021-06-20,23.67,50400.00,53926.78,14.3,16.4
0,2021-06-21,18.26,37101.92,53926.73,14.4,17.0
0,2021-06-22,11.35,21025.23,53923.10,16.9,18.2
0,2021-06-23,11.39,17387.84,53915.95,15.8,18.0
0,2021-06-24,18.35,46532.77,53905.30,16.6,18.0
0,2021-06-25,21.69,35410.48,53891.17,16.9,18.0
0,2021-06-26,19.89,44465.20,53873.60,18.4,20.9
0,2021-06-27,21.84,43605.84,53852.64,17.7,20.7
0,2021-06-28,23.98,37016.91,53828.30,16.7,19.6
0,2021-06-29,15.54,24446.75,53800.64,15.0,19.2
0,2021-06-30,25.31,39600.00,53769.68,15.6,17.6
0,2021-07-01,15.68,26561.28,53735.48,17.1,18.2
0,2021-07-02,19.09,48392.72,53698.07,17.6,19.3
0,2021-07-03,13.17,23790.89,53657.49,16.6,18.0
0,2021-07-04,12.75,11670.31,53613.78,16.8,19.3
0,2021-07-05,9.69,10800.00,53567.00,19.0,21.7
0,2021-07-06,19.62,35914.21,53517.19,17.1,18.4
0,2021-07-07,8.09,3973.14,53464.29,19.8,20.8
0,2021-07-08,10.31,13313.89,53407.80,19.6,21.3
0,2021-07-09,8.02,5268.21,53347.76,19.7,20.4
0,2021-07-10,9.73,13554.66,53284.26,20.4,22.2
0,2021-07-11,13.47,21920.44,53217.42,20.4,21.9
0,2021-07-12,13.85,29833.57,53147.37,20.1,22.0
0,2021-07-13,15.97,42000.89,53074.22,20.8,21.9
0,2021-07-14,20.71,46807.40,52998.09,19.9,21.5
0,2021-07-15,25.60,47290.62,52919.10,20.3,21.5
0,2021-07-16,25.08,50218.92,52837.34,22.2,23.7
0,2021-07-17,28.17,50195.27,52752.96,22.8,26.2
0,2021-07-18,28.30,50511.16,52666.06,22.0,26.0
0,2021-07-19,27.43,50162.97,52576.75,21.8,24.7
0,2021-07-20,25.38,49756.33,52485.14,22.5,26.4
0,2021-07-21,21.41,45491.73,52391.34,21.8,23.8
0,2021-07-22,14.49,20853.75,52295.47,21.6,22.4
0,2021-07-23,17.50,38843.42,52197.62,22.1,23.0
0,2021-07-24,19.25,44846.75,52097.92,22.1,23.9
0,2021-07-25,21.64,45705.52,51996.45,21.1,21.8
0,2021-07-26,24.48,40167.01,51893.33,18.2,20.3
0,2021-07-27,21.77,45551.10,51788.49,20.8,22.9
0,2021-07-28,11.02,26691.24,51681.05,22.0,23.8
0,2021-07-29,19.05,37900.29,51570.99,22.2,23.8
0,2021-07-30,22.34,48633.08,51458.46,20.9,21.8
0,2021-07-31,17.52,29953.22,51343.59,21.7,24.1
0,2021-08-01,10.20,11233.95,51226.53,23.3,25.0
0,2021-08-02,19.60,39620.00,51107.41,23.3,24.4
0,2021-08-03,19.87,42779.51,50986.37,24.4,26.1
0,2021-08-04,18.59,45722.48,50863.53,24.0,25.4
0,2021-08-05,23.42,44232.47,50739.04,24.0,25.7
0,2021-08-06,21.58,45258.58,50613.01,22.9,24.1
0,2021-08-07,22.20,38216.71,50485.57,23.0,23.7
0,2021-08-08,13.76,16813.86,50356.85,23.8,25.5
0,2021-08-09,8.44,6021.74,50226.96,22.7,24.7
0,2021-08-10,6.97,9214.52,50096.01,19.4,23.5
0,2021-08-11,19.38,34625.87,49964.14,17.4,19.8
0,2021-08-12,5.64,0.00,49831.45,17.4,18.7
0,2021-08-13,5.45,0.00,49698.05,16.8,18.0
0,2021-08-14,8.02,10800.00,49564.05,15.4,16.6
0,2021-08-15,15.69,33777.10,49429.55,15.4,16.6
0,2021-08-16,12.47,7279.96,49294.48,15.9,16.8
0,2021-08-17,7.01,1460.26,49157.84,19.2,22.6
0,2021-08-18,10.08,18817.50,49019.56,21.0,24.0
0,2021-08-19,22.04,45289.70,48879.79,20.9,23.6
0,2021-08-20,22.54,46217.35,48738.62,21.5,23.1
0,2021-08-21,13.00,26799.13,48596.19,21.8,23.5
0,2021-08-22,6.61,2487.61,48452.60,22.2,24.0
0,2021-08-23,19.88,46595.21,48307.98,19.9,23.6
0,2021-08-24,13.89,18000.00,48162.42,20.0,21.0
0,2021-08-25,11.13,21222.10,48016.05,22.5,24.1
0,2021-08-26,13.84,26173.23,47868.96,22.6,23.5
0,2021-08-27,17.59,39922.67,47721.28,20.4,22.2
0,2021-08-28,7.15,6416.78,47573.08,20.3,22.8
0,2021-08-29,17.85,37098.64,47424.48,17.9,20.4
0,2021-08-30,12.70,32791.09,47275.58,18.4,19.8
0,2021-08-31,14.91,25526.02,47126.46,15.3,18.4
0,2021-09-01,14.88,26490.85,46977.25,15.4,18.4
0,2021-09-02,21.02,46225.22,46828.01,15.5,17.5
0,2021-09-03,21.58,36642.97,46678.86,14.2,15.8
0,2021-09-04,13.98,31817.03,46529.88,14.7,18.2
0,2021-09-05,18.28,45845.78,46380.98,12.7,15.6
0,2021-09-06,20.70,45696.76,46231.14,11.4,13.2
0,2021-09-07,20.40,32400.00,46080.30,12.4,14.3
0,2021-09-08,6.57,2045.11,45928.55,15.7,17.7
0,2021-09-09,15.49,41477.67,45775.99,18.9,21.2
0,2021-09-10,17.70,35891.13,45622.72,18.7,20.5
0,2021-09-11,17.64,40867.11,45468.85,18.8,20.6
0,2021-09-12,16.38,41649.43,45314.46,16.4,20.4
0,2021-09-13,18.00,41580.29,45159.67,13.3,15.2
0,2021-09-14,12.96,31397.65,45004.55,14.1,16.6
0,2021-09-15,17.99,41716.75,44849.20,12.5,14.2
0,2021-09-16,11.92,27188.70,44693.71,11.4,13.2
0,2021-09-17,8.17,8948.93,44538.19,16.5,18.3
0,2021-09-18,4.73,12550.13,44382.72,16.8,21.0
0,2021-09-19,20.45,39650.17,44227.39,13.3,16.3
0,2021-09-20,19.71,40013.74,44072.30,14.3,19.2
0,2021-09-21,18.27,40182.36,43917.53,15.7,17.5
0,2021-09-22,15.63,38753.65,43763.17,19.0,22.2
0,2021-09-23,14.63,39600.00,43609.32,17.1,18.3
0,2021-09-24,13.54,33778.02,43456.07,14.6,16.8
0,2021-09-25,11.59,29739.49,43303.32,12.4,13.7
0,2021-09-26,11.56,28974.55,43150.01,11.2,12.8
0,2021-09-27,18.24,39600.00,42996.05,10.6,12.8
0,2021-09-28,16.77,37087.73,42841.53,11.9,14.0
0,2021-09-29,13.89,32400.00,42686.56,15.6,17.2
0,2021-09-30,11.84,32449.74,42531.25,17.5,19.7
0,2021-10-01,3.20,7200.00,42375.69,14.6,19.0
0,2021-10-02,15.88,39600.00,42219.98,11.9,14.0
0,2021-10-03,18.06,39600.00,42064.23,12.1,15.3
0,2021-10-04,16.25,32400.00,41908.53,14.4,17.1
0,2021-10-05,6.61,21913.46,41753.00,16.1,19.4
0,2021-10-06,12.69,36000.00,41597.72,10.7,12.4
0,2021-10-07,10.54,28800.00,41442.82,14.9,17.2
0,2021-10-08,9.93,30871.88,41288.38,14.4,17.4
0,2021-10-09,14.74,30799.91,41134.53,12.5,14.8
0,2021-10-10,10.06,31359.16,40981.36,17.1,18.1
0,2021-10-11,5.72,3742.36,40828.98,12.9,19.1
0,2021-10-12,9.50,20581.25,40677.51,10.7,12.1
0,2021-10-13,6.90,13028.75,40527.06,9.8,14.9
0,2021-10-14,14.44,32647.38,40377.74,10.9,14.1
0,2021-10-15,3.65,213.00,40229.45,11.2,15.4
0,2021-10-16,1.77,0.00,40081.02,11.1,12.3
0,2021-10-17,9.53,30487.05,39932.36,0.2,6.7
0,2021-10-18,9.50,33096.68,39783.59,3.6,6.3
0,2021-10-19,9.89,28012.89,39634.82,7.7,10.4
0,2021-10-20,8.33,27637.05,39486.17,7.3,10.5
0,2021-10-21,12.65,38623.19,39337.77,1.8,4.5
0,2021-10-22,8.26,26736.19,39189.75,3.5,6.3
0,2021-10-23,13.57,37895.68,39042.22,1.0,4.3
0,2021-10-24,11.93,37286.20,38895.31,6.3,8.8
0,2021-10-25,11.44,21620.50,38749.16,7.5,9.2
0,2021-10-26,2.79,0.00,38603.89,8.0,12.3
0,2021-10-27,6.25,10068.58,38459.65,10.3,11.6
0,2021-10-28,12.33,36884.29,38316.56,4.2,10.9
0,2021-10-29,10.91,36227.50,38174.77,3.8,6.5
0,2021-10-30,13.48,29433.04,38034.43,4.6,7.2
0,2021-10-31,7.97,22689.09,37895.67,7.7,9.7
0,2021-11-01,11.39,30953.46,37758.65,9.2,10.6
0,2021-11-02,11.16,34900.10,37623.52,8.4,11.8
0,2021-11-03,11.57,32036.13,37490.43,8.2,9.4
0,2021-11-04,10.99,35060.54,37359.31,5.8,8.8
0,2021-11-05,9.48,35125.58,37228.91,5.4,8.3
0,2021-11-06,12.03,35094.61,37099.14,5.3,7.4
0,2021-11-07,12.71,35025.58,36970.14,3.9,7.9
0,2021-11-08,8.86,20335.90,36842.05,8.7,12.8
0,2021-11-09,4.24,6068.58,36715.01,12.3,15.2
0,2021-11-10,6.03,11877.77,36589.17,7.7,9.5
0,2021-11-11,2.93,1945.61,36464.67,7.7,9.0
0,2021-11-12,3.12,4967.53,36341.66,5.9,7.8
0,2021-11-13,6.49,14995.18,36220.31,4.6,6.6
0,2021-11-14,7.98,20394.13,36100.76,6.2,8.6
0,2021-11-15,6.60,17809.02,35983.17,2.9,7.8
0,2021-11-16,8.45,29815.46,35867.71,-0.0,1.6
0,2021-11-17,7.78,28055.90,35754.55,0.4,3.8
0,2021-11-18,6.76,20459.00,35643.85,5.6,6.9
0,2021-11-19,8.46,33183.66,35535.77,4.8,8.6
0,2021-11-20,10.58,32883.74,35430.50,-0.3,1.9
0,2021-11-21,7.67,19255.33,35328.20,2.8,6.1
0,2021-11-22,1.94,3600.00,35229.07,7.0,12.1
0,2021-11-23,3.29,6724.28,35133.26,3.9,5.6
0,2021-11-24,4.87,13193.13,35040.77,2.4,3.8
0,2021-11-25,2.07,1995.63,34950.55,2.0,4.4
0,2021-11-26,6.04,24406.76,34862.52,-1.6,3.0
0,2021-11-27,6.62,25200.00,34776.79,-2.5,-0.5
0,2021-11-28,9.33,32400.00,34693.47,-3.3,1.0
0,2021-11-29,7.87,30963.73,34612.68,1.1,2.9
0,2021-11-30,9.32,28800.00,34534.54,6.5,12.5
0,2021-12-01,1.91,3688.53,34459.17,0.7,10.7
0,2021-12-02,5.18,19639.13,34386.68,-3.6,0.4
0,2021-12-03,8.99,28887.68,34317.20,2.3,4.1
0,2021-12-04,5.15,9727.68,34250.85,-2.0,1.6
0,2021-12-05,5.91,26279.02,34187.73,-3.6,-1.9
0,2021-12-06,8.17,27924.45,34127.99,0.6,1.8
0,2021-12-07,6.12,14772.87,34071.73,6.5,7.2
0,2021-12-08,3.25,2480.54,34019.08,2.0,6.8
0,2021-12-09,9.02,32400.00,33970.16,-1.7,1.8
0,2021-12-10,8.34,23439.68,33925.08,-1.0,1.0
0,2021-12-11,6.65,21792.77,33883.96,0.4,3.7
0,2021-12-12,2.68,3832.87,33846.93,1.8,7.1
0,2021-12-13,7.03,32400.00,33814.09,-7.6,-3.1
0,2021-12-14,4.27,14181.84,33785.48,-0.4,1.5
0,2021-12-15,2.57,6344.58,33760.74,-1.1,4.3
0,2021-12-16,2.17,3600.00,33739.78,2.9,5.4
0,2021-12-17,3.37,2639.34,33722.62,-3.1,7.2
0,2021-12-18,7.78,32400.00,33709.24,-10.6,-7.4
0,2021-12-19,6.09,21245.52,33699.64,-6.6,-4.4
0,2021-12-20,8.00,27352.66,33693.83,-2.6,1.4
0,2021-12-21,5.40,18100.26,33691.79,-2.0,2.0
0,2021-12-22,8.54,32400.00,33693.52,-8.1,-6.3
0,2021-12-23,6.96,24390.59,33699.00,-5.4,-3.9
0,2021-12-24,6.49,20799.29,33708.22,-3.0,0.5
0,2021-12-25,4.22,13469.02,33721.18,-12.2,-5.1
0,2021-12-26,6.86,17842.73,33737.85,-12.0,-8.5
0,2021-12-27,6.88,25168.49,33758.22,-11.0,-9.2
0,2021-12-28,6.84,27709.43,33782.27,-9.2,-4.4
0,2021-12-29,3.59,3739.27,33809.97,-1.1,0.6
0,2021-12-30,5.72,11586.49,33841.31,-5.9,-0.2
0,2021-12-31,8.98,28800.00,33876.25,-14.2,-10.9
0,2022-01-01,6.79,13070.57,33914.79,-13.6,-10.8
0,2022-01-02,3.76,2650.73,33956.88,-5.2,-0.5
0,2022-01-03,8.54,20235.14,34002.60,-8.5,-6.3
0,2022-01-04,7.95,21504.73,34052.47,-13.6,-8.3
0,2022-01-05,8.99,21698.27,34106.44,-11.6,-6.0
0,2022-01-06,9.49,27562.20,34164.38,-8.3,-5.1
0,2022-01-07,8.11,30529.22,34226.17,-7.7,-4.9
0,2022-01-08,5.15,9576.83,34291.65,-5.4,-2.1
0,2022-01-09,7.79,22771.50,34360.68,-4.5,-1.0
0,2022-01-10,10.41,29093.79,34433.15,-7.9,-3.4
0,2022-01-11,3.98,4009.81,34508.90,-2.6,0.6
0,2022-01-12,5.60,5760.98,34587.80,-5.3,-2.7
0,2022-01-13,9.62,26761.33,34669.72,-8.9,-5.1
0,2022-01-14,8.14,21887.71,34754.52,-6.8,-5.9
0,2022-01-15,6.86,16012.40,34842.06,-7.1,-4.0
0,2022-01-16,4.81,7104.32,34932.23,-2.7,-0.5
0,2022-01-17,9.09,28774.16,35024.87,-8.4,-5.5
0,2022-01-18,9.38,34118.72,35119.87,-12.3,-9.0
0,2022-01-19,10.70,31438.81,35217.10,-6.2,-3.7
0,2022-01-20,7.07,15432.90,35316.43,-7.3,-3.7
0,2022-01-21,11.11,34615.30,35417.73,-10.7,-6.2
0,2022-01-22,10.96,29684.08,35520.88,-8.3,-6.4
0,2022-01-23,6.85,11331.76,35625.98,-3.2,-0.5
0,2022-01-24,9.26,32040.88,35734.14,-7.3,-1.9
0,2022-01-25,9.01,23504.98,35845.38,-6.9,-3.0
0,2022-01-26,8.55,20617.48,35959.54,-3.8,-1.5
0,2022-01-27,9.04,33260.05,36076.43,-7.1,-3.9
0,2022-01-28,10.55,34121.56,36195.86,-6.7,-5.0
0,2022-01-29,11.55,28800.00,36317.68,-8.1,-5.5
0,2022-01-30,10.21,29763.52,36441.70,-9.9,-7.1
0,2022-01-31,11.61,35321.02,36567.75,-12.1,-9.1
0,2022-02-01,7.54,13824.53,36695.68,-9.5,-5.1
0,2022-02-02,10.39,30810.70,36825.33,-7.6,-5.3
0,2022-02-03,10.18,29242.48,36956.52,-8.3,-5.2
0,2022-02-04,13.34,35444.10,37089.11,-11.1,-6.9
0,2022-02-05,11.52,31069.18,37222.94,-12.3,-8.9
0,2022-02-06,11.25,28624.39,37357.87,-11.1,-8.4
0,2022-02-07,8.49,17090.81,37493.75,-8.0,-6.5
0,2022-02-08,8.17,15019.81,37630.42,-7.5,-4.6
0,2022-02-09,12.77,32376.03,37767.76,-8.2,-5.0
0,2022-02-10,6.54,4377.17,37905.62,-4.2,-2.4
0,2022-02-11,12.68,36248.81,38043.86,-7.5,-4.1
0,2022-02-12,13.37,28800.00,38182.60,-3.5,-0.3
0,2022-02-13,13.76,32708.18,38323.09,-6.3,-4.4
0,2022-02-14,12.57,26628.96,38465.42,-5.9,-3.7
0,2022-02-15,6.42,3561.05,38609.46,-3.0,-1.8
0,2022-02-16,12.59,29827.71,38755.04,-5.0,-1.0
0,2022-02-17,13.03,26595.69,38902.02,-6.4,-3.6
0,2022-02-18,15.07,32400.00,39050.26,-6.3,-3.2
0,2022-02-19,9.03,6828.51,39199.62,-1.5,0.4
0,2022-02-20,11.00,24907.19,39349.97,-7.9,-0.2
0,2022-02-21,13.02,35406.10,39501.18,-11.0,-9.2
0,2022-02-22,15.81,37340.06,39653.10,-11.4,-9.0
0,2022-02-23,16.11,32727.88,39805.61,-10.7,-6.8
0,2022-02-24,9.98,16361.62,39958.59,-7.7,-5.9
0,2022-02-25,9.56,13526.54,40111.91,-5.5,-2.7
0,2022-02-26,11.09,20883.71,40265.44,0.3,1.1
0,2022-02-27,6.26,13760.08,40419.06,-2.9,4.0
0,2022-02-28,15.42,36055.16,40572.65,-6.4,-2.5
0,2022-03-01,7.74,10438.20,40726.11,-0.8,2.0
0,2022-03-02,13.30,27877.14,40879.29,-4.7,-2.3
0,2022-03-03,8.43,19263.58,41032.10,-4.6,0.1
0,2022-03-04,7.45,19586.49,41184.62,-6.0,-4.0
0,2022-03-05,11.30,21308.18,41338.05,-2.6,2.2
0,2022-03-06,8.83,20463.41,41492.50,-4.7,-3.2
0,2022-03-07,11.22,19482.04,41647.85,-3.4,-2.1
0,2022-03-08,12.37,36298.77,41804.01,-5.9,-1.8
0,2022-03-09,12.35,33394.30,41960.84,-3.1,-1.1
0,2022-03-10,19.14,39937.37,42118.26,-3.4,-0.4
0,2022-03-11,15.62,38432.81,42276.14,0.8,4.1
0,2022-03-12,19.49,36458.03,42434.40,-5.2,-0.5
0,2022-03-13,3.46,2273.80,42592.91,2.6,4.4
0,2022-03-14,7.88,18719.53,42751.58,1.8,3.8
0,2022-03-15,6.16,13233.70,42910.31,1.9,6.6
0,2022-03-16,12.11,30331.90,43068.98,0.5,3.9
0,2022-03-17,13.31,25508.09,43227.50,-2.7,2.8
0,2022-03-18,7.99,5034.99,43385.76,-1.1,1.3
0,2022-03-19,12.06,16660.71,43543.67,-0.9,0.0
0,2022-03-20,13.79,34529.48,43701.11,-3.5,-0.8
0,2022-03-21,19.57,35298.76,43857.98,-7.1,-3.6
0,2022-03-22,14.81,29134.24,44014.17,-7.8,-5.4
0,2022-03-23,16.73,25200.00,44169.59,-4.3,-1.3
0,2022-03-24,16.43,33778.73,44324.32,0.2,2.9
0,2022-03-25,17.96,33656.70,44479.47,-0.9,2.3
0,2022-03-26,4.67,0.00,44635.14,9.2,11.5
0,2022-03-27,17.10,35125.30,44791.23,0.8,5.3
0,2022-03-28,22.01,42847.22,44947.66,-3.9,-0.3
0,2022-03-29,22.44,42941.43,45104.32,-1.9,3.5
0,2022-03-30,16.42,32400.00,45261.12,5.2,6.4
0,2022-03-31,8.66,9869.49,45417.95,-1.3,7.6
0,2022-04-01,18.79,37629.57,45574.72,-6.3,-3.6
0,2022-04-02,21.19,44487.84,45731.33,-4.2,-1.4
0,2022-04-03,22.17,36073.22,45887.68,-0.3,3.6
0,2022-04-04,10.22,13667.20,46043.67,5.0,8.6
0,2022-04-05,17.31,40325.58,46199.21,6.1,7.8
0,2022-04-06,18.98,43403.35,46354.16,1.3,6.9
0,2022-04-07,16.96,25194.91,46508.45,0.6,3.2
0,2022-04-08,20.42,44763.47,46661.96,-1.6,2.6
0,2022-04-09,24.02,45940.56,46814.58,2.4,6.3
0,2022-04-10,23.23,46245.17,46966.20,5.8,10.2
0,2022-04-11,22.91,45902.48,47116.71,7.0,12.5
0,2022-04-12,22.72,36000.00,47265.99,7.8,10.8
0,2022-04-13,9.77,10723.18,47414.12,8.6,12.6
0,2022-04-14,6.92,2041.09,47562.16,5.2,6.7
0,2022-04-15,4.05,0.00,47710.20,3.8,6.1
0,2022-04-16,21.63,43222.76,47858.15,0.1,2.2
0,2022-04-17,24.90,46800.00,48005.90,1.0,4.3
0,2022-04-18,17.09,28493.73,48153.35,3.2,7.6
0,2022-04-19,23.49,46800.00,48300.40,0.1,5.0
0,2022-04-20,25.85,46800.00,48446.94,3.7,7.0
0,2022-04-21,23.14,34511.50,48592.85,8.2,11.7
0,2022-04-22,13.81,28058.27,48738.03,9.7,12.5
0,2022-04-23,17.64,39001.35,48882.37,3.8,12.1
0,2022-04-24,21.89,40834.79,49025.75,6.1,11.0
0,2022-04-25,20.40,36000.00,49168.04,10.2,11.5
0,2022-04-26,10.18,6197.41,49309.15,14.7,16.8
0,2022-04-27,17.92,32636.02,49448.92,3.3,10.9
0,2022-04-28,23.83,38288.67,49587.26,2.3,3.9
0,2022-04-29,7.73,7200.00,49724.01,2.0,4.1
0,2022-04-30,23.45,30875.18,49859.06,1.8,6.5
0,2022-05-01,6.21,10800.00,49992.28,6.6,8.9
0,2022-05-02,24.75,39991.71,50123.51,0.6,3.0
0,2022-05-03,22.26,46546.59,50252.82,2.6,3.9
0,2022-05-04,24.52,44813.89,50381.20,6.7,9.0
0,2022-05-05,26.76,46800.00,50508.71,8.1,15.0
0,2022-05-06,24.97,45814.18,50635.26,10.5,12.6
0,2022-05-07,23.92,42596.96,50760.74,10.1,14.5
0,2022-05-08,22.98,39618.04,50885.02,3.1,6.4
0,2022-05-09,26.07,46800.00,51008.00,2.9,4.8
0,2022-05-10,27.86,46871.06,51129.55,5.4,9.5
0,2022-05-11,23.20,45940.72,51249.56,11.8,14.1
0,2022-05-12,18.96,36000.00,51367.90,14.1,16.3
0,2022-05-13,10.68,8998.08,51484.46,15.8,17.4
0,2022-05-14,7.73,5117.34,51599.10,9.6,17.6
0,2022-05-15,22.56,47061.91,51711.69,4.9,6.1
0,2022-05-16,23.59,41194.55,51822.09,7.6,10.3
0,2022-05-17,19.44,38345.34,51930.19,9.0,11.1
0,2022-05-18,28.58,48378.76,52035.84,6.3,10.5
0,2022-05-19,22.70,36394.11,52138.90,8.6,11.8
0,2022-05-20,23.98,47815.46,52239.24,8.7,10.9
0,2022-05-21,18.06,22900.80,52336.71,12.4,16.3
0,2022-05-22,8.19,12291.59,52431.18,11.3,15.4
0,2022-05-23,16.44,35031.50,52522.64,10.4,12.6
0,2022-05-24,24.54,48801.15,52611.85,10.5,12.4
0,2022-05-25,24.72,38520.69,52698.89,13.7,15.7
0,2022-05-26,21.43,36891.66,52783.65,14.1,16.0
0,2022-05-27,6.59,12582.77,52866.05,13.8,17.2
0,2022-05-28,17.03,32998.34,52946.01,10.9,12.6
0,2022-05-29,27.20,49635.71,53023.42,11.7,14.7
0,2022-05-30,24.27,36812.91,53098.20,10.5,13.4
0,2022-05-31,6.88,4702.38,53170.26,12.9,13.8
0,2022-06-01,24.42,47888.31,53239.51,11.1,12.6
0,2022-06-02,18.83,25071.30,53305.84,12.9,14.4
0,2022-06-03,15.06,21198.48,53369.18,12.2,14.1
0,2022-06-04,18.60,37553.56,53429.43,8.6,10.6
0,2022-06-05,21.02,36289.13,53486.49,8.5,10.6
0,2022-06-06,8.91,686.54,53540.29,10.2,12.4
0,2022-06-07,8.58,7200.00,53590.71,8.9,11.1
0,2022-06-08,18.06,33245.87,53637.68,9.6,10.8
0,2022-06-09,18.91,35650.86,53681.11,11.9,13.8
0,2022-06-10,17.64,26927.63,53720.90,14.6,15.6
0,2022-06-11,22.36,40549.04,53756.97,15.1,16.0
0,2022-06-12,22.56,50571.35,53789.28,11.4,14.3
0,2022-06-13,19.45,47900.21,53818.10,10.1,11.8
0,2022-06-14,25.97,40713.61,53843.48,10.0,11.9
0,2022-06-15,9.57,1501.22,53865.40,13.8,16.5
0,2022-06-16,16.55,27176.73,53883.86,16.5,17.7
0,2022-06-17,21.30,46678.26,53898.87,15.1,18.1
0,2022-06-18,27.45,49930.13,53910.42,15.8,17.7
0,2022-06-19,17.00,21600.00,53918.51,18.4,19.4
0,2022-06-20,20.84,49326.60,53923.14,15.9,17.4
0,2022-06-21,27.74,51713.96,53924.32,14.6,18.3
0,2022-06-22,23.41,42207.21,53922.06,15.4,17.5
0,2022-06-23,10.94,4512.88,53916.36,17.4,19.6
0,2022-06-24,8.71,8554.42,53907.23,21.1,21.6
0,2022-06-25,17.56,38640.24,53894.69,19.0,21.5
0,2022-06-26,20.23,32400.00,53878.74,19.5,20.4
0,2022-06-27,14.79,24351.16,53859.39,19.9,21.4
0,2022-06-28,8.02,4348.07,53836.67,21.4,23.2
0,2022-06-29,7.68,1054.23,53810.59,21.2,22.8
0,2022-06-30,9.10,1169.79,53781.17,21.6,23.1
0,2022-07-01,19.64,36079.72,53748.42,20.6,21.9
0,2022-07-02,26.02,51486.77,53712.31,19.9,21.5
0,2022-07-03,27.58,46623.27,53672.47,18.3,21.6
0,2022-07-04,25.52,50499.37,53628.92,19.8,22.9
0,2022-07-05,24.58,50294.45,53581.77,19.9,21.7
0,2022-07-06,22.50,48508.87,53531.11,19.8,23.6
0,2022-07-07,23.28,49035.07,53477.05,19.1,22.0
0,2022-07-08,21.56,47456.31,53419.68,17.8,20.5
0,2022-07-09,16.87,34101.55,53359.10,19.1,19.7
0,2022-07-10,19.22,35776.60,53295.42,19.8,21.7
0,2022-07-11,18.67,27213.23,53228.73,20.8,22.0
0,2022-07-12,14.73,20120.02,53159.14,20.9,21.7
0,2022-07-13,13.99,27419.87,53086.74,19.4,22.3
0,2022-07-14,19.45,40318.15,53011.64,17.1,18.7
0,2022-07-15,8.91,3600.00,52933.93,19.7,21.1
0,2022-07-16,7.44,993.44,52853.71,19.8,21.8
0,2022-07-17,12.33,21389.65,52771.09,20.3,21.9
0,2022-07-18,23.05,34103.38,52686.16,19.7,20.8
0,2022-07-19,16.82,26721.55,52599.01,20.5,21.7
0,2022-07-20,21.20,41327.94,52509.74,20.4,22.6
0,2022-07-21,20.70,37553.26,52418.45,19.1,20.9
0,2022-07-22,7.49,10800.00,52325.08,20.9,22.6
0,2022-07-23,15.86,21965.18,52228.81,21.2,23.0
0,2022-07-24,22.04,40097.59,52129.65,20.1,22.1
0,2022-07-25,22.16,49498.13,52027.72,21.6,22.5
0,2022-07-26,24.40,49774.09,51923.17,22.2,23.7
0,2022-07-27,24.47,43579.19,51816.15,21.9,23.5
0,2022-07-28,23.59,46718.18,51706.79,21.3,23.6
0,2022-07-29,24.32,44039.10,51595.22,21.8,24.3
0,2022-07-30,26.38,49575.30,51481.58,20.2,22.6
0,2022-07-31,23.09,42086.86,51366.01,21.7,23.6
0,2022-08-01,10.81,7749.03,51248.62,23.7,25.5
0,2022-08-02,13.58,20557.41,51129.55,23.0,24.3
0,2022-08-03,9.73,22568.97,51008.92,18.7,23.2
0,2022-08-04,14.63,31721.08,50886.87,18.2,19.8
0,2022-08-05,19.98,41824.18,50763.49,16.6,18.7
0,2022-08-06,21.24,37054.97,50638.91,17.6,20.2
0,2022-08-07,16.12,30032.26,50513.25,21.4,22.6
0,2022-08-08,18.73,36350.71,50386.63,23.2,24.6
0,2022-08-09,11.19,9813.09,50259.15,22.0,23.3
0,2022-08-10,8.27,4759.15,50130.91,22.1,23.9
0,2022-08-11,11.42,11054.28,50001.85,22.6,23.6
0,2022-08-12,9.84,7508.89,49870.99,22.6,24.1
0,2022-08-13,14.19,32479.17,49738.26,22.8,24.8
0,2022-08-14,21.09,36543.51,49603.80,20.5,23.0
0,2022-08-15,12.05,11403.00,49467.74,22.2,23.6
0,2022-08-16,9.30,11859.31,49330.20,21.6,24.5
0,2022-08-17,19.04,32400.00,49191.31,19.1,20.1
0,2022-08-18,7.23,18000.00,49051.18,18.7,21.8
0,2022-08-19,22.97,43200.00,48909.94,16.2,18.3
0,2022-08-20,18.06,31789.73,48767.69,20.2,22.2
0,2022-08-21,25.52,46800.00,48624.56,19.8,23.7
0,2022-08-22,22.60,39576.92,48480.65,21.3,22.7
0,2022-08-23,19.72,43074.54,48336.07,21.3,24.1
0,2022-08-24,20.77,46735.17,48190.92,16.3,17.6
0,2022-08-25,13.93,26163.60,48045.32,18.1,19.2
0,2022-08-26,11.48,19300.10,47899.36,19.8,20.8
0,2022-08-27,11.60,18706.97,47753.15,20.9,23.6
0,2022-08-28,10.13,25838.76,47606.78,14.9,18.8
0,2022-08-29,21.09,33973.27,47460.35,15.3,17.5
0,2022-08-30,10.38,9540.90,47313.96,18.3,20.2
0,2022-08-31,12.13,21825.62,47167.51,21.1,22.4
0,2022-09-01,6.17,1023.57,47020.01,21.0,23.8
0,2022-09-02,10.01,11406.94,46871.38,17.3,19.8
0,2022-09-03,13.60,23647.55,46721.72,18.2,19.8
0,2022-09-04,15.26,36418.90,46571.13,18.8,20.4
0,2022-09-05,15.36,21219.40,46419.72,19.4,21.0
0,2022-09-06,14.63,35107.77,46267.60,20.9,21.7
0,2022-09-07,19.23,40916.81,46114.84,17.4,22.0
0,2022-09-08,15.30,27132.15,45961.57,18.7,20.2
0,2022-09-09,18.37,43947.47,45807.87,16.3,20.4
0,2022-09-10,22.25,45122.19,45653.83,16.0,19.2
0,2022-09-11,20.13,40421.99,45499.56,16.8,18.6
0,2022-09-12,17.99,37262.56,45345.15,18.2,19.7
0,2022-09-13,16.77,30475.36,45190.68,18.2,21.2
0,2022-09-14,20.86,42131.27,45036.25,12.9,16.1
0,2022-09-15,19.42,38038.81,44881.95,14.9,16.8
0,2022-09-16,13.91,37290.43,44727.87,17.0,19.1
0,2022-09-17,13.73,32079.68,44574.10,20.7,22.0
0,2022-09-18,13.10,30142.97,44420.73,22.4,23.1
0,2022-09-19,10.26,14577.39,44267.85,22.7,24.1
0,2022-09-20,6.44,8613.78,44115.35,9.0,15.5
0,2022-09-21,11.49,26558.01,43962.21,7.6,11.5
0,2022-09-22,11.62,13238.43,43808.33,14.1,18.0
0,2022-09-23,4.04,0.00,43653.82,20.1,21.8
0,2022-09-24,7.29,13088.36,43498.77,14.5,22.1
0,2022-09-25,17.04,32400.00,43343.28,14.1,16.6
0,2022-09-26,13.97,31112.89,43187.45,14.7,17.9
0,2022-09-27,10.76,12570.64,43031.38,12.9,14.4
0,2022-09-28,11.07,28901.14,42875.15,13.0,15.2
0,2022-09-29,19.02,39733.15,42718.89,12.8,16.0
0,2022-09-30,18.86,39600.00,42562.67,13.0,17.7
0,2022-10-01,18.56,39600.00,42406.60,14.4,18.0
0,2022-10-02,17.86,38677.51,42250.78,14.3,15.5
0,2022-10-03,7.92,2961.80,42095.31,16.0,17.0
0,2022-10-04,9.46,14400.00,41940.27,16.4,18.8
0,2022-10-05,3.69,465.78,41785.80,5.6,9.7
0,2022-10-06,6.49,5501.55,41631.97,4.4,7.2
0,2022-10-07,6.76,2405.02,41478.89,8.7,10.8
0,2022-10-08,9.38,28800.00,41326.67,8.0,10.2
0,2022-10-09,9.96,14400.00,41175.40,10.6,13.2
0,2022-10-10,3.46,1795.73,41025.01,15.2,17.3
0,2022-10-11,10.53,26032.17,40874.33,10.1,12.9
0,2022-10-12,12.96,36165.76,40723.28,6.6,9.1
0,2022-10-13,10.54,27465.94,40571.97,9.3,11.9
0,2022-10-14,16.10,39254.20,40420.52,11.8,14.9
0,2022-10-15,10.47,36754.43,40269.03,12.5,16.1
0,2022-10-16,12.83,32399.43,40117.62,12.5,14.4
0,2022-10-17,5.36,10547.21,39966.42,11.3,16.3
0,2022-10-18,13.23,37426.48,39815.53,3.7,5.5
0,2022-10-19,12.34,38810.52,39665.08,2.5,5.0
0,2022-10-20,13.33,38723.85,39515.19,4.3,9.5
0,2022-10-21,9.86,26133.22,39366.00,9.3,12.4
0,2022-10-22,5.67,12153.99,39217.60,11.9,13.6
0,2022-10-23,11.72,26341.81,39070.15,5.8,11.8
0,2022-10-24,12.63,38231.86,38923.76,1.1,5.8
0,2022-10-25,12.54,36959.53,38778.58,3.1,4.7
0,2022-10-26,13.06,38079.53,38634.74,1.4,5.2
0,2022-10-27,13.32,28822.42,38492.37,3.5,6.2
0,2022-10-28,13.06,34699.85,38351.61,6.6,9.0
0,2022-10-29,11.92,36145.00,38212.62,4.7,8.5
0,2022-10-30,11.00,32353.33,38075.30,6.6,9.9
0,2022-10-31,11.14,35544.99,37938.42,6.2,8.3
0,2022-11-01,9.57,23754.01,37801.89,8.2,10.3
0,2022-11-02,11.90,36121.29,37665.83,5.1,11.3
0,2022-11-03,6.63,12547.76,37530.37,8.5,12.0
0,2022-11-04,10.89,31818.17,37395.67,1.1,4.4
0,2022-11-05,10.98,35177.01,37261.86,0.7,2.8
0,2022-11-06,10.57,29591.18,37129.09,3.5,4.7
0,2022-11-07,8.60,26986.73,36997.49,4.2,7.0
0,2022-11-08,7.72,27394.21,36867.24,4.8,8.3
0,2022-11-09,10.01,32752.65,36738.46,2.6,5.7
0,2022-11-10,5.06,7751.31,36611.32,6.9,9.5
0,2022-11-11,11.84,33199.29,36485.98,2.3,5.5
0,2022-11-12,11.49,32400.00,36362.59,8.2,10.6
0,2022-11-13,8.64,24853.54,36241.33,8.1,12.5
0,2022-11-14,10.95,33649.23,36122.36,-0.5,2.7
0,2022-11-15,10.25,30715.19,36005.85,3.7,5.6
0,2022-11-16,9.30,32726.63,35891.97,-0.1,4.5
0,2022-11-17,9.15,33432.10,35780.91,-2.4,1.7
0,2022-11-18,9.92,28488.46,35672.82,0.9,4.3
0,2022-11-19,9.03,32400.00,35567.68,0.1,5.3
0,2022-11-20,5.87,11710.20,35464.36,3.3,6.9
0,2022-11-21,6.85,25200.00,35362.77,8.0,10.2
0,2022-11-22,9.99,28800.00,35263.02,-0.9,7.0
0,2022-11-23,5.23,8583.70,35165.26,4.3,6.8
0,2022-11-24,6.00,24067.99,35069.62,2.8,6.9
0,2022-11-25,8.24,32189.43,34976.22,2.1,6.0
0,2022-11-26,9.26,27857.91,34885.20,5.4,9.8
0,2022-11-27,7.41,30958.16,34796.71,-2.2,0.8
0,2022-11-28,9.71,28800.00,34710.87,2.5,8.9
0,2022-11-29,5.54,15755.08,34627.82,11.1,13.1
0,2022-11-30,3.39,5628.58,34547.72,-2.5,7.0
0,2022-12-01,4.59,11149.19,34470.70,-4.7,-2.8
0,2022-12-02,6.20,22729.46,34396.90,-6.7,-4.4
0,2022-12-03,3.81,9328.48,34326.46,1.8,5.8
0,2022-12-04,2.69,3600.00,34259.53,-3.4,3.3
0,2022-12-05,6.84,20469.58,34196.26,-6.1,-4.3
0,2022-12-06,4.90,14987.82,34136.79,-0.9,1.0
0,2022-12-07,3.55,7200.00,34081.25,0.7,2.3
0,2022-12-08,6.00,23711.57,34029.80,-3.4,0.3
0,2022-12-09,6.05,23387.69,33982.46,-1.9,0.4
0,2022-12-10,7.35,28304.98,33938.64,-1.6,1.9
0,2022-12-11,6.19,27716.46,33898.26,-4.5,0.8
0,2022-12-12,8.86,28800.00,33861.36,-3.4,1.4
0,2022-12-13,1.40,0.00,33827.98,2.6,5.5
0,2022-12-14,3.06,6304.27,33798.16,-8.2,2.2
0,2022-12-15,3.20,3600.00,33771.92,-6.0,-4.0
0,2022-12-16,5.35,14400.00,33749.31,-9.3,-4.9
0,2022-12-17,4.70,7200.00,33730.34,-2.7,0.2
0,2022-12-18,5.74,6636.74,33715.06,-8.1,-3.6
0,2022-12-19,7.73,23305.91,33703.49,-7.9,-5.8
0,2022-12-20,8.55,32194.95,33695.65,-6.6,-4.3
0,2022-12-21,7.56,19181.82,33691.58,-2.8,-0.2
0,2022-12-22,2.08,276.92,33691.29,0.7,3.3
0,2022-12-23,5.32,17291.55,33694.81,-3.0,-0.3
0,2022-12-24,7.42,23978.92,33702.15,-5.7,-0.6
0,2022-12-25,7.74,27847.64,33713.33,-5.7,-1.1
0,2022-12-26,9.01,32388.61,33728.37,-3.9,-0.9
0,2022-12-27,9.30,28800.00,33747.28,-1.7,0.3
0,2022-12-28,4.07,9302.07,33770.07,-0.6,1.5
0,2022-12-29,6.28,28255.36,33796.81,-6.9,-4.3
0,2022-12-30,5.92,19722.58,33827.78,-6.1,-4.6
0,2022-12-31,7.97,27984.18,33862.94,-5.0,-2.8
0,2023-01-01,4.69,14552.51,33902.18,-6.7,-0.1
0,2023-01-02,6.65,28452.82,33945.39,-9.8,-7.7
0,2023-01-03,7.40,27035.43,33992.47,-8.8,-7.1
0,2023-01-04,6.66,28454.86,34043.30,-9.4,-7.2
0,2023-01-05,7.86,32310.17,34097.78,-7.9,-6.3
0,2023-01-06,6.28,22565.90,34155.79,-6.2,-4.6
0,2023-01-07,6.07,19957.73,34217.23,-2.6,-0.5
0,2023-01-08,8.29,28414.51,34281.98,-3.4,-1.5
0,2023-01-09,5.77,17936.11,34349.92,-2.3,1.3
0,2023-01-10,8.77,32347.84,34420.96,-7.0,-3.9
0,2023-01-11,6.15,14400.00,34494.97,-0.1,2.8
0,2023-01-12,8.25,24467.86,34571.85,-0.5,4.5
0,2023-01-13,5.25,12888.73,34651.48,1.9,3.9
0,2023-01-14,1.43,0.00,34733.76,3.6,7.7
0,2023-01-15,2.55,309.93,34818.57,-0.3,2.4
0,2023-01-16,5.20,14297.77,34905.81,-6.6,-2.2
0,2023-01-17,5.24,7200.00,34995.38,-6.0,-1.9
0,2023-01-18,6.28,18757.36,35087.35,-6.6,-2.3
0,2023-01-19,11.01,30152.95,35182.74,-5.1,0.8
0,2023-01-20,3.14,3600.00,35281.55,-2.9,1.6
0,2023-01-21,7.41,27537.69,35383.60,-10.5,-6.4
0,2023-01-22,9.41,31724.61,35488.72,-9.5,-8.5
0,2023-01-23,4.33,2624.86,35596.73,-4.6,-1.6
0,2023-01-24,4.24,2500.17,35707.45,-13.6,-1.4
0,2023-01-25,11.41,31250.19,35820.72,-14.3,-11.8
0,2023-01-26,10.14,30062.74,35936.36,-11.7,-9.8
0,2023-01-27,11.81,30634.94,36054.20,-10.3,-7.5
0,2023-01-28,11.02,33066.58,36174.10,-13.4,-8.8
0,2023-01-29,11.95,30604.49,36295.88,-11.7,-9.8
0,2023-01-30,11.44,25200.00,36419.39,-8.8,-3.7
0,2023-01-31,10.40,27199.19,36544.47,-11.4,-7.3
0,2023-02-01,5.88,7399.31,36670.98,-3.9,0.2
0,2023-02-02,11.00,33216.25,36798.75,-11.0,-6.8
0,2023-02-03,9.46,19073.74,36927.65,-9.8,-7.6
0,2023-02-04,10.23,19718.77,37057.53,-8.4,-5.4
0,2023-02-05,10.09,24308.11,37188.26,-7.4,-4.2
0,2023-02-06,12.78,30501.14,37319.68,-2.8,-0.2
0,2023-02-07,14.15,35811.83,37451.91,-5.3,-1.0
0,2023-02-08,12.46,35882.69,37586.21,-7.1,-2.6
0,2023-02-09,13.58,32353.67,37722.65,-12.1,-9.1
0,2023-02-10,7.53,2739.74,37861.07,-4.2,-1.8
0,2023-02-11,12.58,34574.09,38001.31,-5.0,-1.1
0,2023-02-12,6.64,7481.09,38143.23,-0.6,0.5
0,2023-02-13,5.15,3600.00,38286.66,-3.9,-0.1
0,2023-02-14,13.33,33773.42,38431.45,-9.3,-7.1
0,2023-02-15,14.04,36414.20,38577.46,-12.0,-9.0
0,2023-02-16,9.67,12714.98,38724.54,-7.6,-5.7
0,2023-02-17,11.01,22156.39,38872.56,-1.1,0.1
0,2023-02-18,14.44,32400.00,39021.36,-0.2,0.6
0,2023-02-19,2.77,4465.83,39170.83,-1.3,1.5
0,2023-02-20,15.62,36821.29,39320.82,-9.8,-7.2
0,2023-02-21,14.66,32628.55,39471.20,-10.9,-8.1
0,2023-02-22,10.57,21124.44,39621.85,-6.3,-4.3
0,2023-02-23,12.45,29858.35,39772.63,-1.7,0.0
0,2023-02-24,13.13,33518.11,39923.42,-2.4,0.2
0,2023-02-25,12.91,32400.00,40074.09,-7.7,-3.7
0,2023-02-26,11.84,27155.87,40224.52,-8.4,-6.7
0,2023-02-27,15.87,38486.56,40374.81,-3.4,-2.1
0,2023-02-28,16.41,32400.00,40526.20,-0.6,3.2
0,2023-03-01,8.32,21600.00,40678.77,4.0,6.2
0,2023-03-02,10.46,31616.91,40832.42,-3.4,2.8
0,2023-03-03,11.92,25410.65,40987.01,-3.8,-0.5
0,2023-03-04,16.50,39250.72,41142.44,-6.2,-1.2
0,2023-03-05,18.71,39913.69,41298.60,-5.1,-2.2
0,2023-03-06,18.44,39972.79,41455.36,-5.5,-1.9
0,2023-03-07,18.10,39390.84,41612.61,0.6,3.4
0,2023-03-08,18.00,38349.73,41770.25,4.0,6.7
0,2023-03-09,16.12,31449.09,41928.17,4.6,7.1
0,2023-03-10,11.33,23174.85,42086.25,2.1,7.8
0,2023-03-11,19.04,40409.04,42244.39,0.4,4.0
0,2023-03-12,16.65,31294.22,42402.49,5.1,8.3
0,2023-03-13,3.67,5776.68,42560.44,0.7,10.0
0,2023-03-14,16.93,41209.45,42718.12,-5.0,-3.0
0,2023-03-15,19.88,41476.02,42875.44,0.1,3.8
0,2023-03-16,13.62,25200.00,43032.28,1.6,6.0
0,2023-03-17,15.69,34758.36,43188.55,-4.2,-0.8
0,2023-03-18,6.75,7200.00,43344.13,-1.2,2.1
0,2023-03-19,19.27,35263.30,43499.13,-0.9,2.1
0,2023-03-20,12.14,26272.25,43654.65,0.1,3.7
0,2023-03-21,19.47,37919.83,43810.81,2.4,6.9
0,2023-03-22,20.33,35086.26,43967.51,6.8,11.5
0,2023-03-23,11.94,19873.30,44124.65,11.6,12.5
0,2023-03-24,15.99,39129.03,44282.13,0.5,12.8
0,2023-03-25,14.43,28384.52,44439.86,0.4,3.3
0,2023-03-26,3.77,7200.00,44597.73,5.5,8.4
0,2023-03-27,18.47,42910.76,44755.66,-3.3,-1.0
0,2023-03-28,21.81,43221.02,44913.55,-2.9,-0.4
0,2023-03-29,22.71,43531.60,45071.29,-0.8,5.3
0,2023-03-30,23.03,43245.26,45228.77,1.8,5.3
0,2023-03-31,21.37,43257.65,45385.92,3.5,6.1
0,2023-04-01,22.92,43868.36,45542.62,-1.0,4.0
0,2023-04-02,22.62,42983.91,45698.77,1.9,2.8
0,2023-04-03,23.53,44793.88,45854.26,-3.3,2.7
0,2023-04-04,22.97,43310.14,46009.00,3.3,6.7
0,2023-04-05,14.94,28840.45,46162.87,5.0,7.3
0,2023-04-06,8.63,10800.00,46315.77,10.7,12.8
0,2023-04-07,5.71,4711.08,46467.59,11.8,15.6
0,2023-04-08,11.28,15038.08,46618.40,1.2,7.7
0,2023-04-09,20.22,45050.21,46769.28,-2.2,1.3
0,2023-04-10,24.14,46215.80,46920.33,1.8,4.8
0,2023-04-11,20.29,36000.00,47071.45,5.3,9.9
0,2023-04-12,9.66,23422.15,47222.53,-0.2,10.1
0,2023-04-13,20.99,44582.53,47373.48,1.5,5.0
0,2023-04-14,17.00,29146.97,47524.20,5.3,7.3
0,2023-04-15,7.23,3600.00,47674.57,8.2,11.2
0,2023-04-16,8.22,5542.06,47824.51,4.0,12.9
0,2023-04-17,18.65,41374.73,47973.90,0.4,2.5
0,2023-04-18,13.30,24337.66,48122.62,4.1,6.3
0,2023-04-19,20.23,42701.69,48270.58,3.4,6.4
0,2023-04-20,24.03,46800.00,48417.65,10.0,14.1
0,2023-04-21,25.30,46800.00,48563.73,-1.9,7.1
0,2023-04-22,23.70,42902.56,48708.67,-3.3,-0.5
0,2023-04-23,24.13,45157.55,48852.39,-4.0,1.0
0,2023-04-24,21.72,46800.00,48994.75,-4.2,-1.6
0,2023-04-25,22.43,29572.87,49135.61,1.3,10.7
0,2023-04-26,4.34,7200.00,49274.87,7.6,12.2
0,2023-04-27,26.60,46800.00,49412.37,0.1,4.6
0,2023-04-28,25.65,44852.21,49548.19,4.0,10.2
0,2023-04-29,18.16,32167.90,49683.34,11.9,13.6
0,2023-04-30,10.92,13607.27,49817.90,8.3,15.0
0,2023-05-01,22.98,40540.40,49951.77,5.6,7.3
0,2023-05-02,23.49,46800.00,50084.84,3.0,6.7
0,2023-05-03,23.49,45733.17,50217.00,2.9,6.8
0,2023-05-04,26.54,46800.00,50348.12,6.0,8.8
0,2023-05-05,20.89,32400.00,50478.11,11.7,14.1
0,2023-05-06,6.88,0.00,50606.83,12.2,17.0
0,2023-05-07,7.97,1349.48,50734.16,4.9,7.4
0,2023-05-08,10.26,15103.41,50859.99,1.3,4.2
0,2023-05-09,27.78,46800.00,50984.17,4.6,7.6
0,2023-05-10,26.58,47089.69,51106.60,2.5,5.5
0,2023-05-11,24.59,46847.69,51227.13,2.2,4.9
0,2023-05-12,25.33,46800.00,51345.63,4.6,8.4
0,2023-05-13,21.07,35580.26,51461.96,9.1,10.8
0,2023-05-14,11.35,20076.25,51576.00,10.3,11.8
0,2023-05-15,8.24,10149.40,51687.58,12.7,14.4
0,2023-05-16,21.91,47042.48,51796.58,11.1,14.0
0,2023-05-17,27.36,47238.80,51902.84,12.6,15.4
0,2023-05-18,24.95,36000.00,52006.39,12.8,16.4
0,2023-05-19,7.40,9389.95,52108.06,14.5,17.6
0,2023-05-20,18.06,33888.02,52207.93,12.4,14.7
0,2023-05-21,18.33,38075.49,52305.89,13.6,15.8
0,2023-05-22,16.05,23548.41,52401.85,9.0,10.9
0,2023-05-23,17.40,31277.73,52495.70,7.7,11.6
0,2023-05-24,19.76,43078.59,52587.34,7.5,10.4
0,2023-05-25,29.08,48446.44,52676.67,6.9,11.3
0,2023-05-26,15.52,12263.13,52763.57,13.4,15.3
0,2023-05-27,22.17,35975.76,52847.95,13.1,15.1
0,2023-05-28,6.13,0.00,52929.70,16.0,17.4
0,2023-05-29,13.11,14306.77,53008.70,15.0,17.3
0,2023-05-30,23.38,45880.01,53084.85,9.6,14.8
0,2023-05-31,22.89,49918.74,53158.05,8.7,10.5
0,2023-06-01,21.09,30002.96,53228.17,11.8,15.5
0,2023-06-02,6.77,0.00,53295.12,16.7,18.7
0,2023-06-03,20.04,38367.57,53358.78,11.6,14.7
0,2023-06-04,12.90,21245.25,53419.03,12.1,14.4
0,2023-06-05,27.67,51147.35,53475.79,9.2,12.6
0,2023-06-06,25.79,46309.96,53528.91,13.9,16.4
0,2023-06-07,23.32,48423.14,53578.40,14.2,16.0
0,2023-06-08,21.30,31931.24,53624.65,15.1,16.2
0,2023-06-09,6.78,0.00,53667.74,15.8,17.0
0,2023-06-10,23.94,37648.10,53707.61,15.0,18.1
0,2023-06-11,11.21,3712.79,53744.23,17.5,18.6
0,2023-06-12,14.34,12399.52,53777.58,18.1,20.0
0,2023-06-13,19.86,39248.64,53807.64,18.0,20.0
0,2023-06-14,16.26,27961.58,53834.35,18.6,19.4
0,2023-06-15,7.03,746.65,53857.72,18.0,19.5
0,2023-06-16,4.41,35.15,53877.70,17.0,18.4
0,2023-06-17,21.81,39533.68,53894.28,16.2,17.6
0,2023-06-18,23.72,46873.09,53907.42,13.9,19.1
0,2023-06-19,25.66,51020.83,53917.12,11.2,13.0
0,2023-06-20,25.05,42249.14,53923.35,13.2,16.9
0,2023-06-21,22.05,29027.93,53926.10,14.1,15.9
0,2023-06-22,9.72,1838.42,53925.35,16.0,18.6
0,2023-06-23,14.63,25762.79,53921.08,17.5,19.0
0,2023-06-24,18.14,43418.03,53913.29,17.7,20.2
0,2023-06-25,18.77,44406.42,53901.96,17.4,19.9
0,2023-06-26,21.24,39769.59,53887.07,18.4,19.4
0,2023-06-27,19.54,29027.89,53868.60,20.6,21.5
0,2023-06-28,19.44,36697.69,53846.34,20.2,21.0
0,2023-06-29,14.82,23361.03,53820.31,18.2,19.6
0,2023-06-30,8.05,4805.49,53790.59,20.8,22.2
0,2023-07-01,18.18,33237.49,53757.27,18.1,19.7
0,2023-07-02,25.04,42971.63,53720.41,18.4,20.0
0,2023-07-03,21.35,48864.71,53680.09,17.8,19.1
0,2023-07-04,23.58,46466.85,53636.39,16.8,20.8
0,2023-07-05,20.42,27431.05,53589.40,18.7,20.6
0,2023-07-06,23.28,40404.79,53539.19,19.1,21.5
0,2023-07-07,15.26,20343.48,53485.84,19.0,21.5
0,2023-07-08,16.80,23052.51,53429.44,18.7,21.1
0,2023-07-09,14.63,20335.69,53370.07,21.1,23.1
0,2023-07-10,16.51,30404.61,53307.81,21.4,22.5
0,2023-07-11,14.28,30019.69,53242.74,21.7,23.9
0,2023-07-12,6.88,7200.00,53174.94,20.9,23.6
0,2023-07-13,23.07,37906.74,53104.51,17.6,18.9
0,2023-07-14,18.38,25200.00,53031.51,19.8,21.6
0,2023-07-15,4.92,0.00,52956.05,22.3,23.4
0,2023-07-16,8.81,7942.28,52878.17,22.2,24.2
0,2023-07-17,17.39,31875.19,52797.85,22.7,24.1
0,2023-07-18,7.92,1676.76,52714.36,22.1,24.5
0,2023-07-19,7.20,8091.31,52627.71,20.6,22.7
0,2023-07-20,17.78,41321.67,52538.01,19.2,20.3
0,2023-07-21,18.53,47152.38,52445.43,19.3,20.9
0,2023-07-22,24.45,48475.51,52350.09,20.4,21.6
0,2023-07-23,22.61,48615.73,52252.13,21.1,23.4
0,2023-07-24,26.85,49908.86,52151.68,21.7,23.9
0,2023-07-25,25.88,49859.15,52048.87,21.6,23.3
0,2023-07-26,24.28,49512.73,51943.82,21.5,22.7
0,2023-07-27,24.60,49530.73,51836.68,21.1,22.6
0,2023-07-28,25.51,49549.46,51727.56,21.1,22.7
0,2023-07-29,27.05,49568.88,51616.59,21.3,23.1
0,2023-07-30,26.44,48945.55,51503.89,20.6,23.0
0,2023-07-31,19.61,30598.14,51389.57,21.3,22.5
0,2023-08-01,24.18,48029.24,51273.76,20.2,22.1
0,2023-08-02,21.24,46690.18,51156.58,21.0,22.4
0,2023-08-03,22.40,44480.79,51038.14,22.1,23.3
0,2023-08-04,23.62,47470.59,50918.54,22.2,23.3
0,2023-08-05,22.85,47499.21,50797.89,23.2,25.3
0,2023-08-06,20.58,36049.09,50676.13,23.1,24.4
0,2023-08-07,18.14,36000.00,50552.29,23.4,24.5
0,2023-08-08,21.87,36473.71,50426.33,22.9,24.0
0,2023-08-09,17.00,36250.87,50298.40,23.7,24.4
0,2023-08-10,23.62,45270.39,50168.62,21.5,22.8
0,2023-08-11,20.15,36259.63,50037.13,21.3,23.3
0,2023-08-12,14.61,35952.46,49904.05,22.8,24.1
0,2023-08-13,16.89,34554.94,49769.51,23.7,24.6
0,2023-08-14,14.94,30466.91,49633.64,22.8,25.0
0,2023-08-15,15.47,31210.27,49496.56,23.0,24.5
0,2023-08-16,20.38,36847.65,49358.38,22.6,23.9
0,2023-08-17,19.95,44860.78,49219.22,23.7,24.7
0,2023-08-18,15.37,31519.87,49079.21,24.4,26.1
0,2023-08-19,18.16,36109.36,48938.44,24.2,25.5
0,2023-08-20,20.18,43640.39,48797.03,24.0,25.3
0,2023-08-21,20.46,42599.65,48655.10,24.1,25.7
0,2023-08-22,18.82,43767.39,48512.73,24.1,24.8
0,2023-08-23,18.10,41887.21,48370.03,24.1,24.8
0,2023-08-24,20.12,46301.98,48227.12,24.0,27.1
0,2023-08-25,20.85,41126.84,48084.09,23.6,24.7
0,2023-08-26,19.15,43835.11,47940.84,23.4,24.6
0,2023-08-27,17.72,37847.17,47796.39,21.5,23.4
0,2023-08-28,16.58,40828.18,47650.64,21.3,23.1
0,2023-08-29,20.31,46472.01,47503.73,22.1,22.6
0,2023-08-30,17.90,29971.77,47355.74,23.2,25.4
0,2023-08-31,17.40,41113.73,47206.80,23.0,23.7
0,2023-09-01,19.82,36000.00,47057.00,21.1,23.5
0,2023-09-02,8.04,11423.67,46906.46,22.1,24.6
0,2023-09-03,16.12,38670.50,46755.26,21.5,23.1
0,2023-09-04,15.47,31996.98,46603.53,21.9,22.7
0,2023-09-05,13.24,27592.73,46451.34,21.6,23.5
0,2023-09-06,7.42,7884.93,46298.80,21.0,23.0
0,2023-09-07,20.11,39236.86,46146.00,16.7,20.0
0,2023-09-08,12.72,18763.61,45993.04,18.2,20.7
0,2023-09-09,14.25,31510.71,45840.01,22.5,23.9
0,2023-09-10,18.72,41323.56,45687.00,22.3,24.0
0,2023-09-11,15.16,31307.00,45534.11,22.1,23.6
0,2023-09-12,14.58,28800.00,45381.42,22.3,23.4
0,2023-09-13,14.45,37105.13,45229.03,21.6,23.6
0,2023-09-14,13.67,30609.24,45077.03,21.7,22.8
0,2023-09-15,18.46,34452.61,44925.31,19.0,20.8
0,2023-09-16,10.56,21739.63,44772.85,20.3,22.3
0,2023-09-17,12.88,29537.96,44619.58,22.3,23.5
0,2023-09-18,14.14,33201.92,44465.59,21.3,23.7
0,2023-09-19,10.83,20473.76,44310.98,21.5,23.7
0,2023-09-20,9.46,21600.00,44155.83,18.0,20.6
0,2023-09-21,2.63,0.00,44000.27,17.7,20.0
0,2023-09-22,15.71,36000.00,43844.36,14.6,18.1
0,2023-09-23,19.65,40206.10,43688.22,11.2,13.7
0,2023-09-24,19.54,40284.88,43531.93,10.7,13.9
0,2023-09-25,10.34,12363.86,43375.60,15.4,17.2
0,2023-09-26,7.53,8353.12,43219.31,17.4,19.0
0,2023-09-27,9.66,20758.14,43063.16,17.5,18.5
0,2023-09-28,4.15,3636.57,42907.24,17.8,21.5
0,2023-09-29,16.78,39600.00,42751.65,12.3,18.4
0,2023-09-30,7.88,10062.23,42596.49,15.6,17.8
0,2023-10-01,12.37,31795.92,42441.85,15.8,18.4
0,2023-10-02,15.79,39600.00,42287.83,10.3,13.0
0,2023-10-03,15.12,36000.00,42134.52,10.6,12.3
0,2023-10-04,15.41,33525.35,41982.02,13.7,15.5
0,2023-10-05,9.63,29588.37,41830.24,11.1,16.9
0,2023-10-06,9.57,32772.17,41678.06,9.9,11.1
0,2023-10-07,15.18,39600.00,41525.39,7.9,11.1
0,2023-10-08,15.76,38527.44,41372.35,9.5,12.2
0,2023-10-09,6.32,7200.00,41219.02,12.8,14.8
0,2023-10-10,9.37,28986.79,41065.54,12.3,15.5
0,2023-10-11,15.38,39548.54,40912.01,5.7,10.3
0,2023-10-12,15.15,39455.79,40758.53,7.8,9.7
0,2023-10-13,14.13,39363.49,40605.22,8.9,11.0
0,2023-10-14,15.09,33450.49,40452.19,8.7,11.5
0,2023-10-15,4.17,7198.34,40299.56,11.9,13.9
0,2023-10-16,10.41,33567.52,40147.43,9.8,14.3
0,2023-10-17,9.56,28200.88,39995.94,6.6,12.1
0,2023-10-18,12.87,37365.84,39845.20,7.9,11.1
0,2023-10-19,8.89,24574.82,39695.32,12.4,14.1
0,2023-10-20,4.33,461.88,39546.44,10.9,13.9
0,2023-10-21,5.68,10036.92,39398.67,5.6,9.0
0,2023-10-22,9.49,33997.29,39252.16,5.6,8.5
0,2023-10-23,13.59,38488.89,39107.01,4.4,9.3
0,2023-10-24,13.95,34808.73,38963.38,6.5,9.1
0,2023-10-25,11.72,33992.03,38821.16,7.8,12.2
0,2023-10-26,12.60,37256.64,38679.13,8.4,12.1
0,2023-10-27,10.11,32204.90,38537.20,8.9,12.4
0,2023-10-28,9.51,26109.83,38395.50,10.7,11.5
0,2023-10-29,10.01,30134.48,38254.15,8.2,11.8
0,2023-10-30,12.09,36527.99,38113.30,6.9,9.7
0,2023-10-31,11.98,36183.57,37973.07,8.5,10.5
0,2023-11-01,10.22,29170.93,37833.60,10.1,12.5
0,2023-11-02,10.85,35806.99,37695.03,8.2,12.8
0,2023-11-03,11.36,29726.96,37557.52,10.9,15.2
0,2023-11-04,4.28,9079.41,37421.19,10.5,14.4
0,2023-11-05,9.10,16963.82,37286.21,10.7,12.0
0,2023-11-06,5.48,4718.26,37152.72,15.7,17.0
0,2023-11-07,4.84,16590.25,37020.88,7.7,15.5
0,2023-11-08,8.48,34983.08,36890.85,3.9,5.0
0,2023-11-09,11.15,28813.40,36762.77,7.5,9.4
0,2023-11-10,5.32,11128.11,36636.83,7.8,12.9
0,2023-11-11,10.38,31869.24,36513.19,-2.3,1.6
0,2023-11-12,3.56,6762.49,36392.02,1.5,4.1
0,2023-11-13,8.69,29451.91,36273.48,0.1,2.8
0,2023-11-14,7.33,28101.53,36157.53,1.1,2.8
0,2023-11-15,8.62,34008.45,36042.97,1.0,4.5
0,2023-11-16,10.92,28800.00,35929.71,4.6,8.1
0,2023-11-17,1.43,0.00,35817.88,8.6,10.8
0,2023-11-18,4.21,3913.05,35707.63,4.7,7.4
0,2023-11-19,5.35,16081.15,35599.08,6.1,8.7
0,2023-11-20,8.47,32863.29,35492.39,-0.0,3.9
0,2023-11-21,7.77,32400.00,35387.69,1.7,4.7
0,2023-11-22,7.46,25430.71,35285.15,5.3,10.4
0,2023-11-23,8.49,25089.23,35184.89,7.3,9.4
0,2023-11-24,4.80,17386.89,35087.08,0.7,10.2
0,2023-11-25,8.16,28386.15,34991.88,-5.3,-2.5
0,2023-11-26,4.65,8583.43,34899.42,1.0,4.2
0,2023-11-27,1.54,0.00,34809.87,6.2,8.0
0,2023-11-28,3.15,6259.24,34723.39,2.4,9.9
0,2023-11-29,1.67,0.00,34640.15,-0.6,2.5
0,2023-11-30,6.18,21600.00,34560.28,-6.2,-2.7
0,2023-12-01,5.99,23082.34,34483.97,-4.1,-2.4
0,2023-12-02,5.94,28488.05,34411.38,-2.0,-0.6
0,2023-12-03,2.33,3600.00,34342.66,-0.3,1.7
0,2023-12-04,9.78,28932.49,34277.83,-1.0,3.7
0,2023-12-05,7.75,25352.98,34216.10,-0.9,1.3
0,2023-12-06,4.22,8175.03,34157.40,1.4,4.1
0,2023-12-07,4.29,14400.00,34101.81,-0.4,5.5
0,2023-12-08,9.61,32400.00,34049.37,1.3,3.9
0,2023-12-09,6.03,20509.91,34000.18,7.8,9.9
0,2023-12-10,5.07,18195.25,33954.29,-0.4,7.9
0,2023-12-11,8.12,28800.00,33911.79,-0.7,3.9
0,2023-12-12,1.72,2510.99,33872.72,-0.3,4.3
0,2023-12-13,6.24,31744.73,33837.17,-4.0,-3.0
0,2023-12-14,7.67,28800.00,33805.20,-4.3,-1.5
0,2023-12-15,1.38,0.00,33776.87,2.9,4.8
0,2023-12-16,1.80,0.00,33752.24,5.1,9.5
0,2023-12-17,3.89,7716.57,33731.39,-10.6,-4.4
0,2023-12-18,5.49,23378.82,33714.35,-9.6,-7.5
0,2023-12-19,7.39,27402.55,33701.21,-5.3,-0.4
0,2023-12-20,3.10,1185.03,33692.01,-7.5,-4.1
0,2023-12-21,6.66,28176.89,33686.80,-9.7,-7.7
0,2023-12-22,8.60,28800.00,33685.65,-8.9,-7.3
0,2023-12-23,5.08,20047.94,33688.60,-9.2,-7.6
0,2023-12-24,6.76,22195.43,33695.70,-4.2,-1.2
0,2023-12-25,6.63,22428.80,33707.01,-2.0,0.2
0,2023-12-26,2.54,6842.91,33722.48,-1.3,2.6
0,2023-12-27,6.97,29537.53,33742.03,-6.7,-5.0
0,2023-12-28,6.39,25852.50,33765.59,-3.0,-0.2
0,2023-12-29,4.23,19993.63,33793.09,-0.6,1.2
0,2023-12-30,6.07,23718.81,33824.44,-0.6,0.7
0,2023-12-31,4.05,6214.74,33859.58,1.7,4.9
0,2024-01-01,7.74,28800.00,33898.42,-7.0,-4.6
0,2024-01-02,2.92,4743.01,33940.88,-0.7,2.4
0,2024-01-03,5.94,15054.99,33986.90,1.7,3.6
0,2024-01-04,6.28,21361.23,34036.37,-3.0,0.6
0,2024-01-05,5.80,16569.67,34089.22,2.3,4.3
0,2024-01-06,4.50,12508.97,34145.37,-0.7,0.9
0,2024-01-07,8.38,32312.27,34204.73,-7.2,-4.9
0,2024-01-08,7.70,28665.43,34267.22,-6.9,-3.3
0,2024-01-09,3.17,3600.00,34332.75,-1.0,1.7
0,2024-01-10,6.57,28856.35,34401.24,-8.9,-3.0
0,2024-01-11,10.32,29418.04,34472.61,-9.9,-6.8
0,2024-01-12,2.70,4195.73,34546.77,-4.6,-1.6
0,2024-01-13,7.06,27610.95,34623.79,-7.0,-3.6
0,2024-01-14,4.34,11798.07,34704.56,-3.5,0.9
0,2024-01-15,6.80,32543.01,34789.03,-11.4,-6.6
0,2024-01-16,8.34,32400.00,34877.07,-9.2,-4.0
0,2024-01-17,7.13,28800.00,34968.48,0.7,1.9
0,2024-01-18,3.80,8028.01,35063.11,-0.6,5.1
0,2024-01-19,8.37,32742.25,35160.78,-5.6,-2.0
0,2024-01-20,9.81,30802.26,35261.33,-5.5,0.0
0,2024-01-21,1.20,0.00,35364.60,0.9,2.1
0,2024-01-22,2.28,1207.69,35470.43,2.2,4.5
0,2024-01-23,5.00,19068.48,35578.64,-4.0,-0.1
0,2024-01-24,6.00,16520.26,35689.10,-5.9,-3.3
0,2024-01-25,5.64,13246.01,35801.64,-6.2,-2.8
0,2024-01-26,4.35,7692.83,35916.11,-3.2,-2.1
0,2024-01-27,4.40,8472.13,36032.36,-5.1,-2.3
0,2024-01-28,4.54,14400.00,36150.24,-3.2,-0.8
0,2024-01-29,10.52,35148.76,36269.62,-2.6,-1.1
0,2024-01-30,7.87,28872.83,36390.34,-3.8,-1.7
0,2024-01-31,3.96,9195.46,36512.27,0.5,2.8
0,2024-02-01,8.96,30284.81,36635.28,-10.0,-3.6
0,2024-02-02,7.11,30910.72,36759.45,-9.4,-7.8
0,2024-02-03,8.00,29875.03,36886.03,-8.2,-5.4
0,2024-02-04,6.33,20575.76,37015.08,-6.4,-5.8
0,2024-02-05,6.12,7242.35,37146.42,-7.6,-5.8
0,2024-02-06,10.30,32513.50,37279.89,-7.7,-6.3
0,2024-02-07,9.84,31984.11,37415.31,-5.3,-3.5
0,2024-02-08,8.78,30255.61,37552.54,-5.1,-3.9
0,2024-02-09,10.31,32400.00,37691.40,-6.0,-4.3
0,2024-02-10,9.99,22843.17,37831.75,-5.5,-0.9
0,2024-02-11,11.73,34201.49,37973.43,-7.3,-4.3
0,2024-02-12,8.36,22942.08,38116.28,-5.7,-2.7
0,2024-02-13,5.72,8594.12,38260.17,2.9,5.7
0,2024-02-14,6.74,18027.85,38404.93,6.9,8.3
0,2024-02-15,2.46,2730.64,38550.45,4.8,10.3
0,2024-02-16,9.18,35584.27,38696.57,-8.2,-7.2
0,2024-02-17,14.82,36651.13,38843.16,-4.3,-1.6
0,2024-02-18,14.98,36000.00,38990.08,1.4,4.1
0,2024-02-19,10.89,26178.07,39137.21,9.7,10.9
0,2024-02-20,10.80,30811.00,39284.41,-5.2,5.2
0,2024-02-21,3.21,0.00,39431.55,-4.0,-1.1
0,2024-02-22,12.48,27824.47,39578.74,-7.6,-5.1
0,2024-02-23,7.19,10801.56,39727.23,-7.8,-5.6
0,2024-02-24,10.44,31048.27,39877.10,-8.7,-6.9
0,2024-02-25,6.98,4030.53,40028.25,-2.8,-0.5
0,2024-02-26,8.90,6855.09,40180.53,-3.0,-1.5
0,2024-02-27,8.15,11043.78,40333.83,-4.9,-2.5
0,2024-02-28,17.41,38612.81,40488.01,-6.2,-3.5
0,2024-02-29,11.19,23644.12,40642.95,-3.3,1.3
0,2024-03-01,4.80,6111.04,40798.54,-3.3,2.3
0,2024-03-02,14.03,38459.93,40954.67,-10.8,-7.8
0,2024-03-03,7.12,6695.26,41111.20,-6.8,0.4
0,2024-03-04,16.12,36713.69,41268.03,-8.2,-6.3
0,2024-03-05,10.19,10576.44,41425.04,-4.8,-2.8
0,2024-03-06,7.56,7538.51,41582.13,-5.7,-3.4
0,2024-03-07,11.20,22151.91,41739.17,-6.1,-3.9
0,2024-03-08,11.73,28467.05,41896.05,-5.6,-3.3
0,2024-03-09,6.75,8080.34,42052.68,-6.8,-4.9
0,2024-03-10,10.22,22597.53,42208.93,-6.2,-2.7
0,2024-03-11,4.56,4995.13,42364.69,-0.7,2.3
0,2024-03-12,9.63,15658.62,42519.87,0.7,3.8
0,2024-03-13,10.21,16914.17,42674.55,-5.1,-1.2
0,2024-03-14,6.62,10629.96,42829.87,0.6,3.8
0,2024-03-15,11.26,27007.98,42985.95,1.3,5.4
0,2024-03-16,17.43,41418.45,43142.68,-3.5,-1.2
0,2024-03-17,10.87,15284.42,43299.96,0.9,6.6
0,2024-03-18,11.82,36345.69,43457.71,-7.0,-4.5
0,2024-03-19,17.52,30667.04,43615.80,-4.9,-1.6
0,2024-03-20,5.61,0.00,43774.15,-4.8,-2.5
0,2024-03-21,11.87,13149.96,43932.65,-4.4,-2.3
0,2024-03-22,12.97,32023.61,44091.23,-4.3,-0.9
0,2024-03-23,12.99,20538.54,44249.74,-2.2,2.2
0,2024-03-24,20.66,34772.23,44408.14,1.0,3.6
0,2024-03-25,14.17,27901.33,44566.28,-0.2,2.9
0,2024-03-26,6.34,7552.91,44724.09,-4.5,-2.0
0,2024-03-27,22.28,43215.37,44881.46,-5.0,-3.1
0,2024-03-28,18.58,30585.84,45038.29,2.9,9.6
0,2024-03-29,3.43,0.00,45194.48,8.0,11.9
0,2024-03-30,17.22,37053.31,45349.91,1.4,5.9
0,2024-03-31,21.70,42851.36,45504.49,-1.4,3.8
0,2024-04-01,20.64,42982.24,45658.11,-2.0,1.4
0,2024-04-02,16.65,39995.26,45810.86,-2.0,1.1
0,2024-04-03,12.42,17063.11,45963.81,2.6,6.4
0,2024-04-04,21.65,43089.84,46117.07,1.8,7.6
0,2024-04-05,22.75,44839.81,46270.53,-1.4,2.4
0,2024-04-06,20.22,36000.00,46424.10,7.7,11.1
0,2024-04-07,19.48,37191.50,46577.68,8.1,11.3
0,2024-04-08,14.53,27960.73,46731.17,12.7,14.3
0,2024-04-09,4.05,10194.72,46884.47,2.2,9.1
0,2024-04-10,24.60,44975.95,47037.49,-0.6,2.0
0,2024-04-11,21.35,33719.86,47190.11,5.0,7.4
0,2024-04-12,19.72,44912.98,47342.23,6.9,8.8
0,2024-04-13,21.63,45760.44,47493.74,8.2,12.7
0,2024-04-14,23.56,46650.56,47644.55,7.7,12.6
0,2024-04-15,24.31,45075.23,47794.53,8.0,12.8
0,2024-04-16,16.86,33908.00,47943.56,9.6,12.0
0,2024-04-17,12.19,26614.31,48091.56,8.9,13.0
0,2024-04-18,19.36,38565.70,48238.38,7.9,9.9
0,2024-04-19,14.82,33241.39,48383.90,5.9,7.5
0,2024-04-20,19.03,39309.80,48528.02,4.1,5.6
0,2024-04-21,22.59,44428.41,48670.61,4.4,6.3
0,2024-04-22,24.01,46800.00,48811.72,5.3,7.0
0,2024-04-23,16.83,37922.45,48952.40,7.8,8.9
0,2024-04-24,10.90,12638.66,49092.74,10.5,13.6
0,2024-04-25,10.36,16940.81,49232.63,8.6,10.5
0,2024-04-26,26.11,46800.00,49371.96,10.1,14.2
0,2024-04-27,23.61,44309.84,49510.64,13.3,14.7
0,2024-04-28,26.28,46800.00,49648.53,9.1,11.1
0,2024-04-29,22.43,36000.00,49785.53,10.6,15.0
0,2024-04-30,8.14,5254.12,49921.53,11.7,15.7
0,2024-05-01,22.25,41198.18,50056.40,1.7,4.2
0,2024-05-02,25.01,46800.00,50190.02,3.3,6.4
0,2024-05-03,26.90,46800.00,50322.27,6.6,8.8
0,2024-05-04,26.54,46800.00,50453.02,5.6,8.9
0,2024-05-05,23.50,36000.00,50582.15,10.4,14.4
0,2024-05-06,7.87,0.00,50709.51,13.2,15.8
0,2024-05-07,8.44,3771.60,50834.98,12.8,16.3
0,2024-05-08,17.58,42770.85,50958.42,3.8,5.4
0,2024-05-09,15.67,35439.01,51079.69,3.7,5.9
0,2024-05-10,20.79,34833.01,51198.64,4.6,7.4
0,2024-05-11,25.98,47045.74,51315.14,9.9,12.8
0,2024-05-12,18.02,27973.65,51429.21,14.3,16.8
0,2024-05-13,6.89,10800.00,51541.76,10.8,16.6
0,2024-05-14,27.25,47567.60,51652.87,7.0,9.1
0,2024-05-15,25.68,36423.33,51762.42,11.3,13.4
0,2024-05-16,14.58,25200.00,51870.31,11.9,16.7
0,2024-05-17,8.79,15735.49,51976.44,9.7,12.5
0,2024-05-18,27.78,46046.76,52080.69,6.9,9.7
0,2024-05-19,22.01,32400.00,52182.96,10.3,14.3
0,2024-05-20,6.26,0.00,52283.12,14.6,18.0
0,2024-05-21,19.00,38671.39,52381.05,7.1,11.0
0,2024-05-22,28.80,48854.80,52476.65,8.4,12.0
0,2024-05-23,26.15,48817.78,52569.79,11.4,14.5
0,2024-05-24,13.43,18471.50,52660.35,10.7,15.5
0,2024-05-25,26.78,49408.69,52748.22,4.9,6.6
0,2024-05-26,24.75,32618.43,52833.27,10.2,15.3
0,2024-05-27,12.70,14400.00,52915.37,15.6,17.3
0,2024-05-28,7.86,4425.34,52994.40,13.2,15.5
0,2024-05-29,25.89,48950.60,53070.24,8.2,12.2
0,2024-05-30,21.28,32417.76,53142.77,11.1,13.0
0,2024-05-31,9.53,14400.00,53211.84,14.1,17.3
0,2024-06-01,19.58,42737.05,53277.46,12.5,15.4
0,2024-06-02,11.15,8710.77,53340.17,13.0,15.1
0,2024-06-03,11.64,17688.39,53400.03,12.3,14.1
0,2024-06-04,20.77,42022.23,53456.98,10.6,11.9
0,2024-06-05,22.11,47146.10,53510.96,11.6,13.3
0,2024-06-06,27.08,45216.49,53561.92,11.6,15.0
0,2024-06-07,23.23,43030.87,53609.81,14.6,15.7
0,2024-06-08,25.11,36318.43,53654.56,14.3,15.5
0,2024-06-09,14.47,14764.52,53696.14,15.7,16.8
0,2024-06-10,17.11,34341.99,53734.47,16.4,18.3
0,2024-06-11,26.40,51727.35,53769.52,15.6,17.5
0,2024-06-12,27.31,49354.96,53801.23,17.5,19.9
0,2024-06-13,25.76,50954.16,53829.55,17.8,20.4
0,2024-06-14,26.51,51660.56,53854.44,16.0,19.9
0,2024-06-15,25.21,42915.32,53875.85,17.1,18.5
0,2024-06-16,22.02,31024.63,53893.74,17.6,21.6
0,2024-06-17,24.91,41311.11,53908.05,13.5,16.0
0,2024-06-18,17.04,29126.34,53918.76,16.9,18.4
0,2024-06-19,25.32,51363.48,53925.81,13.8,17.3
0,2024-06-20,28.20,50400.00,53929.17,14.7,18.8
0,2024-06-21,20.53,34473.33,53928.81,17.5,19.0
0,2024-06-22,23.48,36109.17,53924.67,16.7,19.4
0,2024-06-23,11.78,8777.15,53916.80,17.5,19.7
0,2024-06-24,11.54,5998.56,53905.26,19.4,21.8
0,2024-06-25,14.95,22437.67,53890.07,19.0,22.1
0,2024-06-26,23.86,49079.68,53871.30,13.6,16.9
0,2024-06-27,25.95,50751.46,53849.01,13.7,17.9
0,2024-06-28,23.32,40848.36,53823.23,15.8,18.6
0,2024-06-29,25.92,51115.44,53794.02,16.8,20.3
0,2024-06-30,13.46,14400.00,53761.45,19.9,21.7
0,2024-07-01,17.01,35823.48,53725.56,16.8,19.4
0,2024-07-02,28.31,42728.84,53686.42,13.9,15.7
0,2024-07-03,16.57,18707.17,53644.10,17.8,21.7
0,2024-07-04,21.71,39270.38,53598.64,18.5,21.4
0,2024-07-05,14.66,24345.49,53550.10,20.3,21.5
0,2024-07-06,22.94,36772.93,53498.55,19.6,22.0
0,2024-07-07,8.25,8320.96,53444.06,22.4,23.9
0,2024-07-08,13.23,12132.15,53386.68,20.5,21.7
0,2024-07-09,5.61,3600.00,53326.48,21.2,23.4
0,2024-07-10,10.94,7200.00,53263.52,20.6,21.8
0,2024-07-11,21.22,45682.92,53197.74,19.1,22.7
0,2024-07-12,24.15,50924.30,53128.56,17.9,20.6
0,2024-07-13,27.04,46341.96,53055.96,18.7,20.7
0,2024-07-14,20.48,22941.27,52980.08,19.5,20.7
0,2024-07-15,22.58,38284.74,52901.06,19.3,22.1
0,2024-07-16,25.90,43972.64,52819.01,18.9,20.6
0,2024-07-17,22.59,42237.14,52734.07,21.1,22.5
0,2024-07-18,18.49,41219.74,52646.36,21.9,22.9
0,2024-07-19,9.27,3627.84,52556.00,23.1,24.8
0,2024-07-20,18.15,43821.58,52463.12,21.8,23.9
0,2024-07-21,23.89,48427.02,52367.84,22.1,23.6
0,2024-07-22,23.20,49205.08,52270.28,20.5,22.7
0,2024-07-23,18.86,34943.30,52170.57,22.3,23.4
0,2024-07-24,9.59,15858.94,52068.82,21.5,24.0
0,2024-07-25,7.23,0.00,51965.14,22.2,23.4
0,2024-07-26,14.26,25110.91,51859.65,22.7,24.3
0,2024-07-27,4.13,0.00,51752.47,22.1,23.6
0,2024-07-28,7.35,1894.65,51643.70,23.7,25.3
0,2024-07-29,8.91,5035.10,51533.45,23.1,24.8
0,2024-07-30,19.55,41880.05,51421.84,22.3,23.6
0,2024-07-31,19.59,31225.37,51308.79,21.8,23.8
0,2024-08-01,18.50,42700.73,51193.38,21.8,23.9
0,2024-08-02,21.66,44686.39,51075.58,22.4,24.7
0,2024-08-03,23.80,47840.07,50955.53,23.1,25.8
0,2024-08-04,19.84,45997.58,50833.38,23.8,25.0
0,2024-08-05,20.47,46308.58,50709.26,23.7,25.3
0,2024-08-06,19.66,35045.01,50583.30,23.2,23.9
0,2024-08-07,20.70,43538.16,50455.63,22.9,24.9
0,2024-08-08,22.47,47197.81,50326.39,20.6,23.1
0,2024-08-09,24.20,47018.95,50195.70,20.6,22.3
0,2024-08-10,21.96,37114.72,50063.68,20.7,21.4
0,2024-08-11,13.90,25752.60,49930.46,21.6,23.7
0,2024-08-12,6.49,5628.49,49796.15,24.4,25.9
0,2024-08-13,13.06,23083.69,49660.87,24.8,25.9
0,2024-08-14,14.17,31991.72,49524.74,23.7,25.2
0,2024-08-15,20.70,46800.00,49387.86,23.7,24.6
0,2024-08-16,20.24,44752.99,49250.35,23.6,24.7
0,2024-08-17,19.50,36843.33,49112.32,21.4,23.6
0,2024-08-18,21.25,44444.53,48973.87,21.4,23.2
0,2024-08-19,23.97,43200.00,48835.10,21.4,22.7
0,2024-08-20,22.44,44542.67,48695.93,21.1,22.3
0,2024-08-21,19.36,36943.82,48555.35,21.2,22.8
0,2024-08-22,11.79,14710.26,48413.31,22.5,24.0
0,2024-08-23,16.24,36200.56,48269.92,24.6,25.8
0,2024-08-24,21.81,46621.18,48125.29,22.4,24.4
0,2024-08-25,13.47,20416.59,47979.54,23.2,24.9
0,2024-08-26,15.06,25993.09,47832.78,23.2,24.2
0,2024-08-27,13.38,21592.16,47685.12,23.2,24.2
0,2024-08-28,12.19,15175.33,47536.67,22.5,23.6
0,2024-08-29,7.69,1953.44,47387.52,22.9,24.9
0,2024-08-30,5.81,191.08,47237.80,23.6,24.2
0,2024-08-31,11.57,21483.99,47087.59,23.0,26.7
0,2024-09-01,17.24,40931.41,46936.99,23.5,24.3
0,2024-09-02,10.15,17423.41,46786.11,20.5,24.9
0,2024-09-03,17.50,45575.86,46635.05,18.9,20.6
0,2024-09-04,22.80,44903.96,46483.89,18.0,20.2
0,2024-09-05,18.05,35527.46,46332.72,20.7,21.7
0,2024-09-06,11.76,25184.34,46181.66,20.7,22.9
0,2024-09-07,18.50,43494.80,46030.78,20.7,23.7
0,2024-09-08,20.86,44623.64,45880.18,17.5,20.8
0,2024-09-09,18.05,39788.27,45729.76,18.5,21.7
0,2024-09-10,16.00,41084.62,45578.51,22.5,23.3
0,2024-09-11,19.29,43230.13,45426.35,22.1,23.6
0,2024-09-12,17.64,44343.04,45273.38,21.1,23.9
0,2024-09-13,15.27,28800.00,45119.69,18.1,19.3
0,2024-09-14,9.08,11544.19,44965.38,19.8,22.0
0,2024-09-15,11.54,25482.38,44810.55,19.9,23.5
0,2024-09-16,19.20,29702.11,44655.30,15.3,18.2
0,2024-09-17,12.97,26799.56,44499.71,16.9,19.2
0,2024-09-18,11.88,27307.13,44343.88,17.2,19.2
0,2024-09-19,18.00,33193.45,44187.91,17.6,20.1
0,2024-09-20,6.36,4213.05,44031.89,17.7,21.6
0,2024-09-21,2.06,0.00,43875.91,13.3,14.5
0,2024-09-22,4.56,6661.90,43720.06,14.3,16.9
0,2024-09-23,14.90,39698.26,43564.44,11.2,13.4
0,2024-09-24,20.18,40199.05,43409.13,9.5,11.8
0,2024-09-25,14.90,29936.16,43254.23,14.9,16.7
0,2024-09-26,13.83,29802.61,43099.84,18.6,20.3
0,2024-09-27,17.70,39688.90,42946.04,17.1,20.7
0,2024-09-28,16.48,38878.77,42792.92,14.5,16.8
0,2024-09-29,15.60,35080.49,42640.40,14.6,16.5
0,2024-09-30,16.21,39600.00,42487.39,14.2,16.5
0,2024-10-01,16.75,34573.61,42333.79,15.8,18.2
0,2024-10-02,10.26,21600.00,42179.72,16.2,20.5
0,2024-10-03,8.24,11242.99,42025.28,13.8,17.0
0,2024-10-04,4.57,5277.51,41870.57,17.1,19.5
0,2024-10-05,13.94,32400.00,41715.69,14.7,16.0
0,2024-10-06,6.45,7435.53,41560.76,16.0,17.2
0,2024-10-07,4.08,1797.52,41405.86,15.4,18.3
0,2024-10-08,6.69,3297.97,41251.11,13.5,15.5
0,2024-10-09,6.20,4452.88,41096.63,10.6,12.8
0,2024-10-10,12.31,34532.22,40942.50,8.9,11.2
0,2024-10-11,12.77,39471.24,40788.85,10.6,11.7
0,2024-10-12,16.18,38394.45,40635.79,9.9,12.7
0,2024-10-13,14.17,39287.28,40483.42,8.7,15.5
0,2024-10-14,14.78,31996.82,40331.86,10.3,14.2
0,2024-10-15,5.71,4099.18,40181.22,14.9,16.4
0,2024-10-16,6.18,17311.31,40031.63,13.4,18.2
0,2024-10-17,15.87,38932.87,39883.19,9.5,12.4
0,2024-10-18,9.09,22721.48,39736.04,16.6,19.6
0,2024-10-19,3.78,7498.32,39590.08,10.6,20.7
0,2024-10-20,13.97,38681.22,39444.10,0.5,2.8
0,2024-10-21,15.00,38598.65,39298.01,7.2,10.4
0,2024-10-22,12.03,21600.00,39151.95,13.9,17.6
0,2024-10-23,5.12,11041.70,39006.02,16.3,19.6
0,2024-10-24,13.26,38220.61,38860.36,9.9,11.5
0,2024-10-25,14.53,37412.81,38715.10,9.1,13.5
0,2024-10-26,13.26,33614.63,38570.36,7.4,10.9
0,2024-10-27,8.73,24894.58,38426.29,12.6,14.0
0,2024-10-28,8.11,24177.50,38283.02,5.5,12.8
0,2024-10-29,13.34,27942.02,38140.67,5.1,10.6
0,2024-10-30,4.20,11400.20,37999.40,8.6,12.4
0,2024-10-31,12.52,36163.31,37859.36,6.9,10.1
0,2024-11-01,9.10,19619.66,37720.68,8.5,11.2
0,2024-11-02,3.14,6544.32,37583.52,9.1,14.0
0,2024-11-03,12.47,35435.23,37448.02,4.2,8.8
0,2024-11-04,12.64,34242.90,37314.35,9.0,11.7
0,2024-11-05,10.72,25950.76,37182.66,2.4,6.9
0,2024-11-06,7.12,23450.02,37053.11,2.1,5.3
0,2024-11-07,10.90,35004.14,36925.88,-2.2,-0.2
0,2024-11-08,7.96,18682.61,36800.88,0.6,3.0
0,2024-11-09,9.88,32772.23,36676.89,3.7,7.4
0,2024-11-10,11.88,34799.22,36553.81,6.3,7.9
0,2024-11-11,8.15,21600.00,36431.79,6.6,10.5
0,2024-11-12,8.21,28229.08,36310.95,5.6,8.5
0,2024-11-13,10.76,34290.16,36191.45,-1.2,0.9
0,2024-11-14,10.88,30675.01,36073.43,1.4,6.4
0,2024-11-15,6.30,27172.69,35957.04,2.9,7.6
0,2024-11-16,11.23,28800.00,35842.44,6.0,9.0
0,2024-11-17,5.59,16878.25,35729.76,8.3,15.2
0,2024-11-18,8.94,33491.36,35619.17,-5.4,-3.6
0,2024-11-19,7.94,32520.92,35510.83,-4.5,-3.0
0,2024-11-20,9.86,32894.20,35404.91,-3.0,-1.3
0,2024-11-21,9.66,28800.00,35301.55,0.7,4.3
0,2024-11-22,5.26,14256.90,35200.94,3.1,5.6
0,2024-11-23,7.70,32400.00,35103.22,-1.3,3.2
0,2024-11-24,6.62,29747.27,35008.60,-2.8,-0.8
0,2024-11-25,7.38,32400.00,34917.21,-2.8,-0.8
0,2024-11-26,9.92,30567.40,34829.25,5.9,11.4
0,2024-11-27,4.58,13977.77,34744.88,7.1,10.3
0,2024-11-28,5.50,17227.03,34664.11,2.8,4.4
0,2024-11-29,6.88,22435.91,34585.99,-1.4,2.2
0,2024-11-30,7.46,32400.00,34510.43,-3.1,0.4
0,2024-12-01,8.75,32400.00,34437.55,-3.8,-2.4
0,2024-12-02,9.42,28800.00,34367.43,-0.7,3.2
0,2024-12-03,4.51,10431.41,34300.18,3.0,5.8
0,2024-12-04,4.00,10272.09,34235.88,-0.5,5.7
0,2024-12-05,5.65,21727.60,34174.65,-0.6,2.9
0,2024-12-06,3.45,14400.00,34116.59,-4.7,2.1
0,2024-12-07,7.44,32400.00,34061.77,-5.6,-3.0
0,2024-12-08,5.47,20597.95,34010.32,-6.0,-3.6
0,2024-12-09,3.51,3291.07,33962.32,-3.2,-2.9
0,2024-12-10,4.31,18575.47,33917.88,-1.4,0.5
0,2024-12-11,5.48,25612.16,33877.08,-7.5,-1.8
0,2024-12-12,6.73,28093.18,33840.02,-6.4,-4.1
0,2024-12-13,6.74,25827.42,33806.81,-3.7,-1.5
0,2024-12-14,6.51,29900.62,33777.53,-5.5,-2.8
0,2024-12-15,3.47,10800.00,33752.27,-4.1,0.8
0,2024-12-16,7.74,25165.46,33731.13,-4.8,-2.7
0,2024-12-17,5.76,23568.49,33714.18,-3.9,-3.2
0,2024-12-18,6.94,30281.40,33701.49,-8.5,-4.2
0,2024-12-19,9.10,32400.00,33692.86,-6.7,-3.5
0,2024-12-20,6.97,32072.77,33688.22,-3.9,-0.3
0,2024-12-21,1.65,3337.66,33687.55,-0.6,0.8
0,2024-12-22,6.04,24772.86,33690.81,-6.8,-1.3
0,2024-12-23,5.36,19205.04,33697.97,-7.7,-6.9
0,2024-12-24,6.20,24029.58,33708.99,-6.8,-4.4
0,2024-12-25,4.99,20160.52,33723.84,-3.3,0.1
0,2024-12-26,1.93,735.18,33742.46,-3.0,2.3
0,2024-12-27,6.08,23668.72,33764.82,-8.1,-5.8
0,2024-12-28,8.49,27512.60,33790.87,-6.9,-5.0
0,2024-12-29,4.56,8295.17,33820.58,-7.2,-3.0
0,2024-12-30,7.00,13488.23,33853.87,-2.3,0.4
0,2024-12-31,3.13,2191.07,33890.72,-2.4,2.2
0,2025-01-01,6.84,25706.61,33931.07,-4.3,-3.1
0,2025-01-02,8.39,30985.47,33974.88,-6.9,-4.5
0,2025-01-03,6.73,26578.17,34022.08,-8.1,-5.3
0,2025-01-04,6.90,25101.37,34072.63,-7.3,-5.9
0,2025-01-05,5.60,18210.62,34126.47,-5.3,-3.2
0,2025-01-06,7.48,19533.59,34183.54,-1.3,0.6
0,2025-01-07,6.11,20203.85,34243.92,-0.9,3.7
0,2025-01-08,7.93,28800.00,34308.29,-6.0,-3.3
0,2025-01-09,3.83,1765.12,34376.64,-7.5,-4.1
0,2025-01-10,8.11,30243.95,34448.80,-6.2,-3.7
0,2025-01-11,9.54,29397.61,34524.61,-4.8,-1.7
0,2025-01-12,6.52,20021.25,34603.94,-5.5,-2.0
0,2025-01-13,9.20,26592.89,34686.61,-5.4,-1.2
0,2025-01-14,4.20,0.00,34772.47,-3.3,0.0
0,2025-01-15,6.51,3990.64,34861.38,-8.4,-3.5
0,2025-01-16,6.33,14107.09,34953.19,-6.0,-2.4
0,2025-01-17,9.26,28960.92,35047.74,-9.0,-7.1
0,2025-01-18,6.31,1938.71,35144.88,-5.8,-3.1
0,2025-01-19,10.75,31212.19,35244.47,-4.5,-2.5
0,2025-01-20,8.06,29352.84,35346.37,-3.0,1.4
0,2025-01-21,8.10,29373.20,35450.43,-3.0,-1.6
0,2025-01-22,9.25,30009.12,35556.52,-3.9,-2.4
0,2025-01-23,4.99,12187.11,35664.49,-0.7,1.2
0,2025-01-24,7.17,28871.83,35774.22,-4.1,-1.7
0,2025-01-25,8.59,28034.10,35885.55,-4.3,-0.5
0,2025-01-26,7.82,21096.65,35998.37,-3.6,-0.8
0,2025-01-27,10.72,35056.41,36112.77,-6.3,-4.9
0,2025-01-28,5.71,10681.50,36229.92,-1.6,0.3
0,2025-01-29,7.25,19594.47,36349.88,-3.3,-1.0
0,2025-01-30,11.13,31991.20,36472.47,-6.0,-4.1
0,2025-01-31,7.86,18341.02,36597.50,-6.0,-5.4
0,2025-02-01,8.07,12912.63,36724.81,-6.2,-4.2
0,2025-02-02,13.62,31909.49,36854.23,-10.3,-6.1
0,2025-02-03,9.52,18151.10,36985.58,-2.1,0.3
0,2025-02-04,11.83,35630.02,37118.72,-7.1,-2.8
0,2025-02-05,11.44,33604.46,37253.47,-9.9,-6.8
0,2025-02-06,11.76,30070.07,37389.68,-8.5,-6.3
0,2025-02-07,8.92,12561.63,37527.19,-11.7,-7.2
0,2025-02-08,14.33,32265.44,37665.86,-11.4,-6.3
0,2025-02-09,13.65,34380.56,37805.54,-7.2,-5.3
0,2025-02-10,12.61,28800.00,37946.08,-9.6,-5.2
0,2025-02-11,11.04,19018.31,38087.33,-6.8,-5.6
0,2025-02-12,7.16,1906.11,38229.16,-1.7,0.5
0,2025-02-13,11.03,24386.62,38371.43,-5.7,-1.8
0,2025-02-14,13.88,36119.63,38514.01,-6.8,-4.4
0,2025-02-15,15.78,36393.30,38656.76,-6.1,-4.4
0,2025-02-16,8.61,23480.58,38799.78,-1.2,0.5
0,2025-02-17,10.03,18345.66,38944.35,-5.1,0.4
0,2025-02-18,13.70,31552.04,39090.56,-11.4,-8.3
0,2025-02-19,14.75,36000.00,39238.26,-8.3,-4.8
0,2025-02-20,12.84,32950.19,39387.31,-6.3,-4.9
0,2025-02-21,13.17,36448.93,39537.58,-6.8,-4.6
0,2025-02-22,13.67,35914.89,39688.93,-7.0,-4.8
0,2025-02-23,14.07,38206.89,39841.23,-9.4,-6.5
0,2025-02-24,12.21,25151.35,39994.36,-6.1,-5.0
0,2025-02-25,8.34,29912.97,40148.18,-2.7,1.4
0,2025-02-26,10.66,27556.34,40302.58,-6.3,1.7
0,2025-02-27,11.82,30664.42,40457.42,-5.4,0.4
0,2025-02-28,14.58,33564.52,40612.59,-2.1,3.6
0,2025-03-01,13.15,33574.16,40767.97,-0.6,4.2
0,2025-03-02,9.01,19113.33,40923.43,-2.4,3.2
0,2025-03-03,9.61,22538.52,41078.86,-9.3,-8.4
0,2025-03-04,14.11,25319.13,41234.15,-5.5,-0.6
0,2025-03-05,3.94,0.00,41389.18,0.8,1.6
0,2025-03-06,5.03,6949.71,41543.83,-1.6,2.2
0,2025-03-07,16.60,34674.43,41697.99,-8.2,-3.3
0,2025-03-08,12.84,33006.47,41851.77,-6.1,-4.2
0,2025-03-09,17.22,38380.26,42006.32,-3.2,-1.2
0,2025-03-10,18.86,41025.24,42161.76,-4.1,-0.8
0,2025-03-11,17.63,39600.00,42317.99,0.4,2.2
0,2025-03-12,16.20,33458.71,42474.90,2.9,6.2
0,2025-03-13,16.91,39045.02,42632.38,-3.0,4.0
0,2025-03-14,16.29,32470.22,42790.33,-4.8,-3.6
0,2025-03-15,10.06,16715.19,42948.65,-4.4,-3.1
0,2025-03-16,3.93,0.00,43107.24,1.2,2.7
0,2025-03-17,5.21,6984.07,43265.99,-1.3,0.2
0,2025-03-18,16.09,33878.16,43424.81,-6.0,-3.8
0,2025-03-19,10.33,11396.02,43583.59,-4.1,-1.4
0,2025-03-20,8.37,12346.67,43742.24,-0.7,1.8
0,2025-03-21,9.90,13432.93,43900.65,3.1,5.2
0,2025-03-22,14.21,40044.74,44058.71,2.9,6.0
0,2025-03-23,21.22,42356.05,44216.33,-4.3,-1.4
0,2025-03-24,18.45,31685.85,44373.41,2.3,6.9
0,2025-03-25,12.92,32878.07,44529.85,6.3,8.4
0,2025-03-26,7.59,7299.82,44685.53,0.5,6.4
0,2025-03-27,12.42,21600.00,44840.35,7.1,10.0
0,2025-03-28,6.96,5557.29,44994.40,2.6,11.3
0,2025-03-29,14.87,36040.83,45148.78,-6.5,-3.3
0,2025-03-30,10.56,27100.96,45303.57,-5.2,0.7
0,2025-03-31,15.06,42836.51,45458.69,-7.1,-4.5
0,2025-04-01,10.41,11301.20,45614.03,1.7,4.0
0,2025-04-02,6.05,0.00,45769.52,2.0,4.7
0,2025-04-03,8.40,7966.92,45925.04,2.4,3.8
0,2025-04-04,11.43,21229.42,46080.50,-0.1,1.4
0,2025-04-05,20.11,36229.49,46235.80,-0.2,4.4
0,2025-04-06,13.96,28907.59,46390.84,6.0,7.7
0,2025-04-07,16.14,31614.48,46545.53,2.3,4.6
0,2025-04-08,13.21,21600.00,46699.74,3.8,6.6
0,2025-04-09,18.53,42471.43,46853.40,2.9,3.9
0,2025-04-10,18.39,41307.63,47006.38,4.0,5.4
0,2025-04-11,19.76,42475.10,47158.58,7.0,8.4
0,2025-04-12,19.02,36257.27,47309.90,5.0,6.7
0,2025-04-13,7.86,6579.88,47460.20,7.9,11.0
0,2025-04-14,5.86,3600.00,47609.40,6.4,11.9
0,2025-04-15,7.36,3993.11,47757.37,4.4,6.0
0,2025-04-16,13.06,30352.34,47903.99,1.7,4.8
0,2025-04-17,18.50,24919.42,48049.33,7.6,11.0
0,2025-04-18,12.05,23427.18,48194.45,11.1,12.4
0,2025-04-19,22.05,36750.76,48339.44,5.7,12.9
0,2025-04-20,8.44,11727.77,48484.19,7.9,13.1
0,2025-04-21,17.87,46800.00,48628.61,3.9,6.2
0,2025-04-22,22.10,28110.90,48772.57,6.6,10.4
0,2025-04-23,10.05,7579.74,48915.98,10.0,11.5
0,2025-04-24,19.69,37279.68,49058.73,9.9,12.1
0,2025-04-25,17.81,36067.12,49200.69,4.6,9.2
0,2025-04-26,20.84,41890.82,49341.76,2.7,4.8
0,2025-04-27,21.68,32730.72,49481.83,6.0,8.6
0,2025-04-28,13.14,10865.02,49620.75,7.6,9.1
0,2025-04-29,10.18,13559.44,49758.42,4.6,8.2
0,2025-04-30,12.62,22798.93,49894.72,3.8,5.4
0,2025-05-01,24.93,41262.82,50029.49,9.3,10.9
0,2025-05-02,14.70,22410.67,50162.64,10.1,12.0
0,2025-05-03,17.25,21811.14,50294.01,5.7,8.5
0,2025-05-04,15.31,32212.15,50423.47,5.8,9.2
0,2025-05-05,18.66,31092.88,50550.88,5.0,6.6
0,2025-05-06,5.24,0.00,50676.11,8.9,10.3
0,2025-05-07,10.74,19986.21,50799.18,8.1,11.1
0,2025-05-08,24.02,46811.69,50921.06,4.7,7.2
0,2025-05-09,20.95,29946.45,51041.85,10.6,13.3
0,2025-05-10,5.71,511.89,51161.41,13.0,15.9
0,2025-05-11,5.14,0.00,51279.65,8.7,10.3
0,2025-05-12,9.36,2597.70,51396.45,9.8,11.3
0,2025-05-13,25.41,47324.51,51511.69,8.4,10.7
0,2025-05-14,24.94,46162.16,51625.26,10.7,13.8
0,2025-05-15,22.47,36148.10,51737.04,13.6,14.7
0,2025-05-16,21.77,37032.76,51846.91,14.7,17.2
0,2025-05-17,7.02,707.86,51954.74,15.8,16.6
0,2025-05-18,15.35,27751.12,52060.41,11.9,15.9
0,2025-05-19,25.32,36052.01,52163.81,7.0,12.1
0,2025-05-20,12.15,18962.12,52264.78,10.3,14.2
0,2025-05-21,7.33,1730.19,52363.21,15.3,18.2
0,2025-05-22,11.25,22629.67,52458.95,10.0,13.1
0,2025-05-23,19.86,38577.01,52551.89,8.5,10.9
0,2025-05-24,7.60,0.00,52641.88,9.8,12.2
0,2025-05-25,6.63,3612.68,52728.78,10.6,13.1
0,2025-05-26,21.45,37928.61,52812.46,7.2,8.8
0,2025-05-27,25.01,42486.30,52892.92,9.7,12.0
0,2025-05-28,24.90,48992.32,52970.83,12.1,14.4
0,2025-05-29,25.10,37160.49,53046.25,12.3,14.3
0,2025-05-30,13.54,11382.41,53119.10,12.8,14.2
0,2025-05-31,10.44,3207.50,53189.30,9.0,11.9
0,2025-06-01,18.36,35175.63,53256.78,8.9,11.2
0,2025-06-02,25.58,42926.25,53321.47,11.3,12.9
0,2025-06-03,14.67,15763.61,53383.28,15.3,16.7
0,2025-06-04,14.92,31470.37,53442.14,12.7,15.0
0,2025-06-05,20.87,39385.18,53497.98,10.7,12.6
0,2025-06-06,26.45,47487.39,53550.72,13.8,16.1
0,2025-06-07,25.53,47747.46,53600.27,13.9,15.7
0,2025-06-08,27.29,52152.72,53646.58,12.9,15.8
0,2025-06-09,26.66,48416.25,53689.57,14.6,17.2
0,2025-06-10,22.89,29480.10,53729.16,17.7,18.7
0,2025-06-11,9.95,10800.00,53765.28,16.4,19.3
0,2025-06-12,19.60,45887.78,53797.87,12.2,13.2
0,2025-06-13,26.39,39547.28,53826.84,13.8,15.2
0,2025-06-14,10.94,3691.45,53852.14,16.9,18.1
0,2025-06-15,15.79,28037.91,53873.69,19.4,20.7
0,2025-06-16,20.86,29768.29,53891.46,19.5,21.1
0,2025-06-17,24.09,52029.23,53905.58,17.7,19.8
0,2025-06-18,25.75,50422.46,53916.10,17.9,19.5
0,2025-06-19,26.13,50170.03,53923.02,19.7,21.2
0,2025-06-20,24.76,45887.73,53926.38,19.8,20.5
0,2025-06-21,22.41,45076.26,53926.18,20.4,21.0
0,2025-06-22,16.37,22183.64,53922.46,20.9,21.8
0,2025-06-23,9.72,2728.45,53915.23,19.0,21.5
0,2025-06-24,18.87,38033.60,53904.53,20.4,21.6
0,2025-06-25,19.14,25792.42,53890.39,22.3,23.2
0,2025-06-26,10.15,4163.72,53872.82,20.0,23.9
0,2025-06-27,20.21,45407.30,53851.87,18.1,18.8
0,2025-06-28,24.57,50762.76,53827.58,18.0,19.8
0,2025-06-29,26.29,41933.97,53799.95,19.1,21.1
0,2025-06-30,17.66,31421.13,53769.04,19.4,22.1
0,2025-07-01,15.61,25787.62,53734.89,20.8,22.0
0,2025-07-02,21.72,42063.92,53697.52,22.0,23.0
0,2025-07-03,22.00,42845.25,53656.98,22.7,23.6
0,2025-07-04,13.35,18617.92,53613.31,23.0,24.2
0,2025-07-05,18.89,43783.75,53566.55,20.4,22.5
0,2025-07-06,21.44,48346.08,53516.65,21.5,22.3
0,2025-07-07,21.86,51226.45,53463.13,22.4,23.6
0,2025-07-08,27.60,50286.52,53406.01,21.9,24.0
0,2025-07-09,25.58,48685.50,53345.40,19.7,22.8
0,2025-07-10,21.16,46497.99,53281.43,16.2,18.6
0,2025-07-11,16.82,35729.08,53214.20,13.7,14.7
0,2025-07-12,18.72,37650.49,53143.83,14.3,15.5
0,2025-07-13,26.16,41296.33,53070.43,17.6,20.6
0,2025-07-14,15.64,24933.09,52994.12,21.5,22.8
0,2025-07-15,8.93,2042.03,52915.01,22.9,23.3
0,2025-07-16,19.12,35226.34,52833.21,22.3,23.6
0,2025-07-17,15.38,29141.62,52748.84,22.2,23.8
0,2025-07-18,21.43,43850.30,52662.01,22.2,23.4
0,2025-07-19,22.76,46800.00,52572.81,20.8,22.3
0,2025-07-20,27.16,50065.45,52481.38,19.7,20.8
0,2025-07-21,24.63,50022.76,52387.81,20.7,22.2
0,2025-07-22,24.83,49455.59,52292.21,20.7,21.5
0,2025-07-23,23.02,46645.85,52194.68,21.5,22.2
0,2025-07-24,25.37,49160.99,52095.33,20.7,21.7
0,2025-07-25,27.67,49835.62,51994.26,19.0,21.3
0,2025-07-26,12.77,13423.31,51891.41,18.8,20.7
0,2025-07-27,11.78,16760.18,51785.92,21.5,22.2
0,2025-07-28,23.66,49557.17,51677.76,21.2,22.4
0,2025-07-29,27.27,49577.04,51567.06,19.6,20.8
0,2025-07-30,26.20,48954.84,51454.00,19.3,20.8
0,2025-07-31,22.63,48336.10,51338.69,19.7,20.9
0,2025-08-01,23.64,43163.46,51221.26,21.3,22.7
0,2025-08-02,21.19,44692.33,51101.87,23.3,24.5
0,2025-08-03,23.73,45845.95,50980.63,22.1,23.7
0,2025-08-04,20.83,32449.67,50857.68,22.7,25.0
0,2025-08-05,12.34,16916.57,50733.15,22.7,23.8
0,2025-08-06,17.63,28800.00,50607.16,22.3,23.8
0,2025-08-07,11.00,19455.77,50479.84,21.6,23.2
0,2025-08-08,21.38,44600.09,50351.30,18.7,20.5
0,2025-08-09,22.80,40528.20,50221.65,19.7,20.9
0,2025-08-10,12.91,11873.35,50091.03,21.3,22.0
0,2025-08-11,12.60,16944.29,49959.53,22.7,23.6
0,2025-08-12,10.05,18713.95,49827.28,20.7,23.1
0,2025-08-13,24.04,45017.57,49694.37,19.3,21.9
0,2025-08-14,19.84,36075.27,49560.91,20.9,22.2
0,2025-08-15,23.22,46912.23,49426.83,18.8,22.5
0,2025-08-16,25.52,43349.99,49291.13,16.9,20.3
0,2025-08-17,21.81,40369.56,49153.75,21.4,23.3
0,2025-08-18,23.64,44362.37,49014.82,19.4,21.9
0,2025-08-19,18.82,36000.00,48874.46,20.9,22.4
0,2025-08-20,13.19,19749.52,48732.79,22.2,23.3
0,2025-08-21,19.23,44680.27,48589.93,18.2,21.8
0,2025-08-22,20.13,39120.13,48445.99,19.2,21.3
0,2025-08-23,17.93,41230.17,48301.09,21.2,22.4
0,2025-08-24,17.30,37720.01,48155.34,22.9,24.1
0,2025-08-25,17.14,33628.34,48008.84,21.5,22.0
0,2025-08-26,16.14,34935.42,47861.71,23.0,24.0
0,2025-08-27,13.30,30404.78,47714.05,19.7,23.5
0,2025-08-28,20.08,33179.37,47565.96,17.3,19.6
0,2025-08-29,13.15,25846.84,47417.54,19.2,22.4
0,2025-08-30,19.83,46386.91,47268.89,20.3,22.8
0,2025-08-31,21.29,36000.00,47120.11,20.8,22.9
0,2025-09-01,13.06,27188.44,46971.30,22.8,23.5
0,2025-09-02,13.51,33688.96,46822.55,22.4,22.9
0,2025-09-03,21.75,46137.19,46673.95,16.6,20.3
0,2025-09-04,17.97,35879.04,46525.42,19.1,21.9
0,2025-09-05,7.93,17255.31,46375.94,19.5,22.1
0,2025-09-06,21.48,40451.13,46225.44,18.6,19.8
0,2025-09-07,9.60,14367.05,46074.00,21.3,22.6
0,2025-09-08,18.73,35499.02,45921.74,18.8,22.1
0,2025-09-09,13.92,31579.87,45768.76,20.0,21.0
0,2025-09-10,14.01,24367.51,45615.15,19.0,20.8
0,2025-09-11,15.09,33646.47,45461.01,18.0,20.0
0,2025-09-12,17.91,33437.49,45306.44,17.3,18.3
0,2025-09-13,6.47,7669.09,45151.53,21.2,22.5
0,2025-09-14,18.93,43436.11,44996.39,16.2,20.0
0,2025-09-15,14.02,37180.70,44841.08,19.6,20.8
0,2025-09-16,17.05,34229.05,44685.73,19.0,21.4
0,2025-09-17,11.80,25508.44,44530.40,20.6,22.3
0,2025-09-18,9.35,22287.70,44375.21,13.5,17.3
0,2025-09-19,19.73,32586.92,44220.23,11.0,13.9
0,2025-09-20,5.89,7200.00,44065.56,17.5,20.2
0,2025-09-21,18.23,40690.85,43911.29,11.9,15.8
0,2025-09-22,18.72,37285.70,43757.51,11.3,13.2
0,2025-09-23,19.11,40845.24,43604.31,11.6,13.6
0,2025-09-24,18.76,32532.38,43451.59,11.7,13.6
0,2025-09-25,8.05,9582.17,43298.30,17.4,19.3
0,2025-09-26,16.85,39654.04,43144.35,13.2,17.7
0,2025-09-27,16.63,39683.13,42989.85,12.1,14.9
0,2025-09-28,17.72,31649.02,42834.87,15.5,17.5
0,2025-09-29,10.27,25629.74,42679.55,12.8,17.7
0,2025-09-30,17.85,32400.00,42523.96,13.2,15.0
0,2025-10-01,5.26,6872.33,42368.20,15.5,17.1
0,2025-10-02,15.49,39600.00,42212.39,13.6,15.5
0,2025-10-03,18.38,39600.00,42056.61,13.0,16.2
0,2025-10-04,17.34,32604.68,41900.97,14.8,17.8
0,2025-10-05,8.69,12713.27,41745.57,17.8,19.2
0,2025-10-06,12.03,24987.60,41590.52,10.5,14.5
0,2025-10-07,11.48,30205.85,41435.91,12.0,14.5
0,2025-10-08,9.38,25200.00,41281.85,11.5,15.9
0,2025-10-09,11.62,36208.50,41128.43,6.9,8.4
0,2025-10-10,13.26,28473.85,40975.78,6.6,7.9
0,2025-10-11,3.91,1400.53,40824.01,8.2,11.7
0,2025-10-12,3.93,0.00,40673.20,12.9,13.7
0,2025-10-13,11.87,33050.99,40523.49,10.2,13.9
0,2025-10-14,12.09,29117.09,40374.76,8.8,10.4
0,2025-10-15,14.97,31937.22,40225.87,9.7,13.0
0,2025-10-16,2.71,7200.00,40076.70,12.7,13.4
0,2025-10-17,13.46,31763.01,39927.38,12.1,14.5
0,2025-10-18,5.54,9916.08,39778.03,12.2,15.2
0,2025-10-19,10.64,30638.09,39628.77,5.1,7.1
0,2025-10-20,6.27,10321.56,39479.72,4.4,6.1
0,2025-10-21,9.80,27015.17,39331.00,3.6,5.3
0,2025-10-22,8.55,20403.30,39182.73,3.3,5.3
0,2025-10-23,14.11,36960.69,39035.05,1.4,2.9
0,2025-10-24,9.33,30194.66,38888.09,3.7,5.6
0,2025-10-25,6.01,5493.66,38741.97,8.1,10.0
0,2025-10-26,5.99,9216.07,38596.83,11.8,13.2
0,2025-10-27,11.52,26235.77,38452.81,5.0,9.6
0,2025-10-28,9.44,29301.47,38310.04,0.9,3.4
0,2025-10-29,10.20,36542.06,38168.67,-0.3,1.9
0,2025-10-30,13.69,34243.71,38028.84,2.4,4.6
0,2025-10-31,6.35,6569.24,37890.70,8.7,10.5
0,2025-11-01,5.91,20104.33,37754.40,9.2,10.7
0,2025-11-02,9.89,22099.73,37620.10,7.2,9.5
0,2025-11-03,5.91,15270.78,37487.71,2.4,7.9
0,2025-11-04,12.88,35411.08,37356.00,1.9,3.5
0,2025-11-05,12.73,35377.01,37224.85,4.2,7.4
0,2025-11-06,12.49,34966.87,37094.42,5.0,9.3
0,2025-11-07,11.32,35011.06,36964.85,-0.7,3.7
0,2025-11-08,10.00,25341.46,36836.26,-0.5,2.4
0,2025-11-09,2.96,5314.81,36708.81,7.0,8.7
0,2025-11-10,6.17,23446.74,36582.65,0.8,5.7
0,2025-11-11,9.42,33857.74,36457.93,-1.0,1.4
0,2025-11-12,11.33,34241.42,36334.79,-2.2,-0.8
0,2025-11-13,6.70,22528.54,36213.40,2.0,5.5
0,2025-11-14,8.97,33660.63,36093.92,-1.1,4.4
0,2025-11-15,8.52,33700.74,35976.50,-2.4,-1.4
0,2025-11-16,11.12,33072.70,35861.31,0.2,5.1
0,2025-11-17,3.50,7872.86,35748.52,0.6,7.9
0,2025-11-18,8.16,22116.28,35638.30,-4.8,-2.2
0,2025-11-19,5.78,22842.21,35530.83,-0.7,1.5
0,2025-11-20,6.04,14693.05,35426.27,3.1,5.3
0,2025-11-21,3.84,8304.06,35324.80,0.8,6.7
0,2025-11-22,6.11,22801.74,35226.61,-1.2,1.3
0,2025-11-23,3.47,9543.59,35131.67,3.1,5.0
0,2025-11-24,5.12,15225.38,35038.91,6.0,8.1
0,2025-11-25,6.06,16160.99,34948.26,6.0,7.6
0,2025-11-26,4.93,23471.81,34859.83,2.2,6.0
0,2025-11-27,7.94,21600.00,34773.74,4.8,7.4
0,2025-11-28,4.41,14392.72,34690.11,0.7,7.8
0,2025-11-29,7.84,29185.17,34609.05,-3.5,-1.6
0,2025-11-30,2.63,3600.00,34530.69,1.6,3.5
0,2025-12-01,4.96,18915.64,34455.16,3.1,7.4
0,2025-12-02,8.38,27184.06,34382.57,4.6,6.9
0,2025-12-03,3.34,5975.91,34313.05,-1.9,4.3
0,2025-12-04,6.19,19972.70,34246.72,-4.8,-1.7
0,2025-12-05,7.88,23838.14,34183.71,-3.4,-0.4
0,2025-12-06,4.64,11769.10,34124.15,-0.4,1.0
0,2025-12-07,4.57,14744.38,34068.14,2.8,5.0
0,2025-12-08,1.99,6984.02,34015.83,0.3,4.9
0,2025-12-09,6.21,20202.57,33967.33,-3.3,-1.1
0,2025-12-10,7.61,25281.91,33922.78,-5.5,-1.7
0,2025-12-11,4.26,10999.76,33882.27,-4.0,2.4
0,2025-12-12,8.98,30490.82,33845.96,-11.6,-7.7
0,2025-12-13,5.70,19099.43,33813.86,-5.5,-1.0
0,2025-12-14,1.76,315.93,33785.56,0.3,1.4
0,2025-12-15,6.51,24226.74,33760.99,-3.2,1.8
0,2025-12-16,2.11,4384.87,33740.15,-1.7,1.8
0,2025-12-17,3.32,5507.61,33723.06,-1.7,0.3
0,2025-12-18,5.75,22523.87,33709.73,-4.9,-2.5
0,2025-12-19,3.50,9312.05,33700.14,-2.0,-0.7
0,2025-12-20,8.67,31795.89,33694.30,1.8,5.3
0,2025-12-21,4.27,16835.97,33692.22,2.4,8.4
0,2025-12-22,7.48,32400.00,33693.88,-7.3,-4.8
0,2025-12-23,9.02,25572.65,33699.29,-5.9,-1.2
0,2025-12-24,2.33,0.00,33708.43,2.4,4.4
0,2025-12-25,0.96,0.00,33721.31,1.8,4.5
0,2025-12-26,5.88,19461.61,33737.91,-8.4,-0.4
0,2025-12-27,5.13,21736.53,33758.22,-5.6,-2.7
0,2025-12-28,4.60,10750.32,33782.22,-2.7,-0.7
0,2025-12-29,4.91,18054.81,33809.90,-0.9,0.9
0,2025-12-30,6.53,27438.96,33841.25,-3.0,3.7
0,2025-12-31,2.82,0.00,33876.24,-6.7,-4.4
0,2026-01-01,4.15,3938.82,33914.86,-9.4,-6.8
0,2026-01-02,10.26,32306.44,33957.17,-10.3,-5.9
0,2026-01-03,5.46,10800.00,34003.66,-4.3,-2.6
0,2026-01-04,5.85,16093.90,34054.27,-5.7,-3.9
0,2026-01-05,3.82,6559.78,34108.89,-6.1,-3.7
0,2026-01-06,6.48,18051.95,34167.38,-6.5,-4.9
0,2026-01-07,8.22,27092.94,34229.60,-2.5,-0.9
0,2026-01-08,4.97,14103.90,34295.42,-7.8,-3.8
0,2026-01-09,3.76,2894.89,34364.71,-5.1,-3.2
0,2026-01-10,7.53,21600.00,34437.35,-0.4,2.0
0,2026-01-11,4.29,9793.09,34513.18,-5.5,0.5
0,2026-01-12,8.50,23978.08,34592.09,-6.6,-2.7
0,2026-01-13,3.37,3600.00,34673.94,-5.1,0.8
0,2026-01-14,9.46,31065.41,34758.60,-9.0,-6.3
0,2026-01-15,8.18,17927.67,34845.94,-0.9,0.2
0,2026-01-16,8.06,23366.11,34935.83,-2.7,-0.2
0,2026-01-17,3.13,0.00,35028.15,-3.7,-0.2
0,2026-01-18,7.12,13102.57,35122.78,-8.1,-5.0
0,2026-01-19,2.49,0.00,35219.58,-3.1,0.2
0,2026-01-20,8.58,23599.05,35318.42,-11.6,-10.2
0,2026-01-21,9.92,33321.57,35419.20,-12.3,-9.9
0,2026-01-22,11.02,33253.54,35522.01,-10.0,-8.8
0,2026-01-23,9.06,23953.28,35627.93,-10.5,-7.7
0,2026-01-24,10.86,28925.05,35737.00,-10.0,-7.9
0,2026-01-25,9.18,27011.66,35849.04,-13.1,-8.7
0,2026-01-26,7.44,13814.72,35963.86,-6.5,-3.8
0,2026-01-27,5.59,3036.24,36081.29,-5.2,-1.2
0,2026-01-28,11.57,33017.02,36201.15,-9.0,-6.0
0,2026-01-29,10.40,27134.58,36323.28,-9.8,-5.8
0,2026-01-30,10.63,28719.76,36447.51,-8.2,-6.0
0,2026-01-31,11.28,30643.36,36573.67,-8.6,-6.9
1,2021-01-01,5.93,22700.04,33955.67,-11.5,-9.2
1,2021-01-02,8.61,32400.00,33999.50,-12.7,-9.4
1,2021-01-03,9.45,32400.00,34046.72,-9.8,-7.6
1,2021-01-04,8.67,32400.00,34097.27,-9.5,-8.1
1,2021-01-05,4.83,20773.57,34151.08,-7.3,-3.4
1,2021-01-06,10.18,32400.00,34208.11,-8.1,-1.4
1,2021-01-07,8.16,25200.00,34268.30,-7.0,-0.0
1,2021-01-08,10.60,32488.70,34331.71,-14.6,-11.5
1,2021-01-09,10.53,32459.02,34399.06,-14.3,-9.4
1,2021-01-10,9.60,31988.64,34470.33,-12.8,-8.1
1,2021-01-11,10.50,28800.00,34545.36,-9.2,-6.7
1,2021-01-12,2.84,3600.00,34624.00,-3.0,0.4
1,2021-01-13,9.27,29074.13,34706.08,-2.0,2.3
1,2021-01-14,8.22,29039.84,34791.45,-7.5,2.0
1,2021-01-15,10.33,32394.91,34879.96,-2.3,4.1
1,2021-01-16,6.26,20815.85,34971.44,-2.7,4.7
1,2021-01-17,7.28,30027.59,35065.75,-8.4,-7.3
1,2021-01-18,6.70,22206.50,35162.74,-5.6,-3.2
1,2021-01-19,10.18,33475.95,35262.24,-13.2,-9.5
1,2021-01-20,7.74,31279.15,35364.13,-8.0,-3.7
1,2021-01-21,8.59,30856.73,35468.24,-0.6,0.5
1,2021-01-22,6.39,27609.40,35574.43,-1.5,4.5
1,2021-01-23,9.23,26892.71,35682.58,-4.3,-3.2
1,2021-01-24,5.39,8004.72,35792.52,-3.9,-0.9
1,2021-01-25,11.69,31368.11,35904.13,-5.6,-2.7
1,2021-01-26,4.27,6042.26,36017.28,1.8,5.8
1,2021-01-27,6.45,14410.97,36131.82,-2.1,7.8
1,2021-01-28,6.02,8847.40,36247.85,-2.6,2.7
1,2021-01-29,8.41,29199.72,36366.57,-8.4,-3.6
1,2021-01-30,12.79,35085.87,36488.03,-11.3,-9.8
1,2021-01-31,9.40,30746.05,36612.04,-11.5,-8.6
1,2021-02-01,12.26,28800.00,36738.44,0.1,3.5
1,2021-02-02,8.85,29622.23,36867.04,-8.1,4.1
1,2021-02-03,11.47,35373.01,36997.69,-11.8,-10.0
1,2021-02-04,6.47,18013.60,37130.22,-12.0,-3.7
1,2021-02-05,9.61,26920.31,37264.45,-3.5,1.2
1,2021-02-06,5.92,18985.40,37400.26,1.0,2.5
1,2021-02-07,7.74,28752.62,37537.45,-5.0,3.9
1,2021-02-08,12.28,35984.52,37675.90,-12.6,-10.3
1,2021-02-09,14.27,36019.88,37815.44,-10.7,-8.1
1,2021-02-10,7.88,27571.20,37955.93,-4.1,-2.8
1,2021-02-11,13.77,36403.93,38097.23,-6.8,-4.7
1,2021-02-12,14.49,36098.96,38239.20,-5.3,-2.6
1,2021-02-13,14.62,36060.28,38381.69,-1.7,4.9
1,2021-02-14,11.18,32400.00,38524.58,2.2,6.5
1,2021-02-15,3.58,3600.00,38667.71,4.6,10.2
1,2021-02-16,13.05,36000.00,38810.97,-7.8,-4.6
1,2021-02-17,14.95,37148.71,38954.45,-10.0,-9.0
1,2021-02-18,15.29,33426.62,39099.43,-7.3,-5.0
1,2021-02-19,8.89,21745.25,39245.98,-1.3,2.0
1,2021-02-20,6.80,19083.02,39393.97,-0.6,5.3
1,2021-02-21,14.60,32400.00,39543.26,1.3,4.2
1,2021-02-22,9.60,30225.07,39693.72,5.1,8.9
1,2021-02-23,14.13,37802.85,39845.23,-9.4,-4.8
1,2021-02-24,15.97,38643.33,39997.65,-11.0,-9.0
1,2021-02-25,16.36,38730.75,40150.85,-7.4,-4.1
1,2021-02-26,16.78,38819.03,40304.71,-9.1,-5.1
1,2021-02-27,17.09,38908.04,40459.11,-9.6,-8.5
1,2021-02-28,17.59,38216.65,40613.93,-4.8,-0.4
1,2021-03-01,11.92,25950.90,40769.06,5.1,10.0
1,2021-03-02,5.51,6778.47,40924.36,2.2,12.9
1,2021-03-03,15.69,38322.72,41079.74,-5.3,-2.4
1,2021-03-04,17.20,39360.46,41235.06,1.3,5.5
1,2021-03-05,9.52,17907.46,41390.22,5.4,6.9
1,2021-03-06,11.71,34668.00,41545.10,-5.0,6.7
1,2021-03-07,18.72,39715.43,41699.60,-6.6,-4.3
1,2021-03-08,16.98,39682.73,41853.60,-4.4,-1.9
1,2021-03-09,17.87,39981.47,42007.19,-0.7,1.7
1,2021-03-10,18.98,40217.72,42161.55,-4.9,-3.7
1,2021-03-11,18.91,38713.87,42316.78,-2.1,2.4
1,2021-03-12,12.73,28722.52,42472.77,-0.3,2.0
1,2021-03-13,6.29,4057.28,42629.42,4.0,7.8
1,2021-03-14,5.13,5863.74,42786.62,2.9,4.1
1,2021-03-15,13.94,32561.19,42944.28,1.0,3.8
1,2021-03-16,12.59,33269.09,43102.28,0.8,4.8
1,2021-03-17,15.71,38701.93,43260.54,-3.6,-1.4
1,2021-03-18,16.96,41156.28,43418.94,-1.2,-0.3
1,2021-03-19,18.95,40826.59,43577.39,-0.7,1.1
1,2021-03-20,15.04,26715.05,43735.78,3.1,8.5
1,2021-03-21,7.64,12656.90,43894.03,9.3,13.9
1,2021-03-22,20.58,42265.55,44052.01,-2.6,-1.0
1,2021-03-23,20.72,42277.64,44209.63,-2.3,2.5
1,2021-03-24,20.73,38132.41,44366.80,3.1,7.4
1,2021-03-25,12.18,20095.66,44523.39,6.6,10.3
1,2021-03-26,18.26,41480.26,44679.32,2.7,6.5
1,2021-03-27,19.30,38476.48,44834.48,2.5,8.7
1,2021-03-28,8.53,12372.77,44988.76,11.0,12.8
1,2021-03-29,16.71,36480.48,45142.24,7.2,14.1
1,2021-03-30,17.51,32556.09,45296.03,6.6,8.4
1,2021-03-31,20.55,41701.34,45450.21,5.0,8.7
1,2021-04-01,22.53,44186.81,45604.69,3.4,4.9
1,2021-04-02,21.43,35789.54,45759.39,5.4,7.9
1,2021-04-03,18.42,35620.57,45914.19,8.4,9.7
1,2021-04-04,3.66,0.00,46069.00,8.3,10.9
1,2021-04-05,5.95,8033.71,46223.73,0.0,3.1
1,2021-04-06,17.13,36048.74,46378.28,0.9,2.7
1,2021-04-07,20.61,46033.88,46532.54,1.8,3.6
1,2021-04-08,17.13,32332.53,46686.42,-0.9,1.1
1,2021-04-09,19.63,44852.71,46839.81,-5.3,-2.1
1,2021-04-10,21.29,43023.28,46992.60,-0.6,1.8
1,2021-04-11,24.23,46545.80,47144.70,0.3,5.9
1,2021-04-12,22.37,36000.00,47295.98,6.7,8.2
1,2021-04-13,12.92,31413.62,47446.35,10.7,12.2
1,2021-04-14,7.93,14329.05,47595.68,2.1,12.7
1,2021-04-15,16.52,38252.75,47743.88,0.4,2.7
1,2021-04-16,16.21,23937.75,47890.80,6.8,10.1
1,2021-04-17,5.04,3600.00,48036.34,11.4,12.2
1,2021-04-18,22.23,37303.20,48180.58,4.0,7.9
1,2021-04-19,21.36,46683.87,48324.54,4.0,6.9
1,2021-04-20,25.41,46800.00,48468.33,3.0,7.9
1,2021-04-21,25.88,46800.00,48611.83,-3.6,3.2
1,2021-04-22,23.40,46800.00,48754.96,1.4,4.1
1,2021-04-23,25.86,46800.00,48897.59,3.5,5.9
1,2021-04-24,19.81,30828.77,49039.62,7.9,12.8
1,2021-04-25,11.28,27030.71,49180.95,2.7,7.9
1,2021-04-26,23.92,46800.00,49321.46,-0.8,2.1
1,2021-04-27,26.00,46800.00,49461.03,1.9,5.7
1,2021-04-28,17.17,31488.25,49599.54,10.1,12.5
1,2021-04-29,6.04,5892.77,49736.89,9.9,12.2
1,2021-04-30,20.78,45140.96,49872.94,5.6,8.6
1,2021-05-01,18.65,18616.52,50007.57,6.8,8.5
1,2021-05-02,14.61,32097.50,50140.65,4.4,6.9
1,2021-05-03,21.79,46800.00,50272.06,4.3,7.2
1,2021-05-04,25.43,46800.00,50401.66,7.2,11.3
1,2021-05-05,12.47,16290.00,50529.31,12.7,14.6
1,2021-05-06,26.64,46800.00,50654.88,5.4,7.6
1,2021-05-07,20.96,39204.70,50778.23,7.4,11.4
1,2021-05-08,25.97,46800.00,50899.39,8.7,11.7
1,2021-05-09,22.92,46127.45,51019.31,7.3,11.4
1,2021-05-10,25.38,46800.00,51138.08,6.2,7.2
1,2021-05-11,19.32,45086.35,51255.58,7.8,9.0
1,2021-05-12,22.72,46800.00,51371.69,8.8,11.5
1,2021-05-13,23.55,36079.48,51486.32,12.9,13.9
1,2021-05-14,18.95,40110.14,51599.35,11.2,15.0
1,2021-05-15,27.18,46800.00,51710.65,10.5,14.3
1,2021-05-16,12.65,20859.76,51820.11,15.7,18.7
1,2021-05-17,13.11,24837.60,51927.61,16.6,21.1
1,2021-05-18,22.42,34722.15,52033.03,13.0,15.4
1,2021-05-19,12.96,14538.25,52136.24,14.0,15.2
1,2021-05-20,21.20,29537.83,52237.11,13.6,15.3
1,2021-05-21,5.51,303.06,52335.53,13.7,14.8
1,2021-05-22,9.82,14565.63,52431.35,11.9,13.2
1,2021-05-23,14.09,26057.61,52524.46,12.6,14.8
1,2021-05-24,17.70,22481.20,52614.70,15.1,16.7
1,2021-05-25,26.16,47476.67,52701.97,11.1,15.1
1,2021-05-26,24.23,39836.76,52786.11,7.2,11.4
1,2021-05-27,13.11,14748.75,52866.99,13.7,14.7
1,2021-05-28,17.28,30082.79,52944.60,13.2,16.6
1,2021-05-29,19.17,42863.09,53019.61,12.6,15.9
1,2021-05-30,22.72,48736.92,53092.06,10.0,11.4
1,2021-05-31,20.17,28128.49,53161.89,10.8,12.2
1,2021-06-01,17.84,32528.16,53229.02,11.8,14.2
1,2021-06-02,24.83,49200.15,53293.38,15.3,18.2
1,2021-06-03,22.88,32814.42,53354.90,16.4,19.7
1,2021-06-04,7.12,10664.81,53413.49,15.1,17.5
1,2021-06-05,25.38,40756.15,53469.10,14.3,16.2
1,2021-06-06,20.26,38720.83,53521.65,15.7,18.3
1,2021-06-07,26.27,44235.24,53571.08,15.9,20.4
1,2021-06-08,18.57,43877.51,53617.30,16.1,19.4
1,2021-06-09,23.17,48513.80,53660.25,15.8,17.5
1,2021-06-10,28.37,51409.98,53699.86,17.6,19.4
1,2021-06-11,27.76,46575.85,53736.06,17.2,21.7
1,2021-06-12,22.51,41879.43,53768.79,18.2,20.0
1,2021-06-13,17.18,30335.65,53797.98,18.5,19.9
1,2021-06-14,21.63,37872.15,53823.56,19.1,21.1
1,2021-06-15,15.20,15662.93,53845.48,18.0,18.9
1,2021-06-16,11.85,16931.35,53863.67,17.5,19.4
1,2021-06-17,23.33,47924.17,53878.09,16.2,17.2
1,2021-06-18,19.42,35767.86,53888.84,15.2,16.2
1,2021-06-19,12.17,12975.75,53895.97,17.5,19.2
1,2021-06-20,22.42,45837.75,53899.49,16.3,18.7
1,2021-06-21,19.41,33080.77,53899.43,16.6,17.3
1,2021-06-22,10.03,586.49,53895.82,17.4,18.0
1,2021-06-23,18.13,36953.54,53888.69,16.2,17.3
1,2021-06-24,19.26,46900.59,53878.07,16.3,17.4
1,2021-06-25,22.30,33610.51,53863.98,17.9,19.6
1,2021-06-26,19.71,48715.29,53846.47,19.3,21.0
1,2021-06-27,23.47,37242.26,53825.56,19.5,21.2
1,2021-06-28,24.40,36000.00,53801.30,17.5,19.0
1,2021-06-29,10.18,14712.09,53773.71,17.0,19.6
1,2021-06-30,25.93,39947.95,53742.84,16.6,18.1
1,2021-07-01,10.34,8239.68,53708.74,18.6,19.0
1,2021-07-02,9.77,629.69,53671.43,17.8,18.6
1,2021-07-03,14.32,29646.02,53630.97,16.2,17.8
1,2021-07-04,17.33,17588.54,53587.39,16.9,19.9
1,2021-07-05,21.15,39383.65,53540.74,20.3,23.1
1,2021-07-06,20.55,37612.73,53491.07,19.5,20.9
1,2021-07-07,8.90,2713.11,53438.33,19.4,21.3
1,2021-07-08,8.24,1160.56,53382.00,19.4,19.7
1,2021-07-09,6.69,2142.53,53322.12,19.5,20.1
1,2021-07-10,11.56,14535.13,53258.80,19.6,21.9
1,2021-07-11,15.03,33439.77,53192.16,21.1,22.4
1,2021-07-12,13.80,21324.00,53122.30,20.9,21.8
1,2021-07-13,15.81,26298.52,53049.37,20.1,21.0
1,2021-07-14,16.28,36560.46,52973.45,19.6,20.3
1,2021-07-15,24.72,50344.93,52894.67,21.3,23.0
1,2021-07-16,22.45,48118.09,52813.15,23.0,24.1
1,2021-07-17,24.53,48755.99,52729.01,23.7,24.7
1,2021-07-18,26.87,50106.12,52642.35,23.0,25.0
1,2021-07-19,26.72,50139.30,52553.28,22.2,23.4
1,2021-07-20,25.35,48546.56,52461.92,22.6,23.8
1,2021-07-21,21.59,36780.48,52368.39,22.6,23.3
1,2021-07-22,14.11,25084.42,52272.78,22.2,23.1
1,2021-07-23,22.33,46845.99,52175.21,22.5,23.3
1,2021-07-24,22.81,48286.67,52075.78,23.2,24.3
1,2021-07-25,22.74,45646.91,51974.59,22.1,23.8
1,2021-07-26,19.72,32215.17,51871.75,20.6,22.1
1,2021-07-27,8.81,15622.22,51767.20,22.8,23.5
1,2021-07-28,15.62,24415.04,51660.06,22.9,23.6
1,2021-07-29,19.43,37740.69,51550.30,23.3,24.1
1,2021-07-30,21.80,46451.96,51438.07,22.7,23.6
1,2021-07-31,7.69,0.00,51323.51,22.2,23.1
1,2021-08-01,11.51,16359.94,51206.77,23.8,25.7
1,2021-08-02,24.72,45164.23,51087.97,24.7,26.5
1,2021-08-03,24.49,46918.89,50967.25,26.0,27.2
1,2021-08-04,17.79,32014.48,50844.74,25.8,27.2
1,2021-08-05,23.40,46980.31,50720.58,25.4,26.5
1,2021-08-06,24.04,46800.00,50594.89,24.6,27.2
1,2021-08-07,24.27,41974.44,50467.79,24.8,25.4
1,2021-08-08,13.11,22145.30,50339.41,24.6,25.0
1,2021-08-09,5.44,3600.00,50209.86,23.7,24.6
1,2021-08-10,11.88,26797.15,50079.27,19.2,24.9
1,2021-08-11,9.36,4978.21,49947.75,16.4,17.8
1,2021-08-12,6.32,0.00,49815.40,17.0,18.0
1,2021-08-13,4.18,0.00,49682.35,16.5,17.5
1,2021-08-14,3.46,0.00,49548.70,16.4,17.0
1,2021-08-15,8.61,1504.63,49414.55,16.4,17.0
1,2021-08-16,11.42,7656.43,49279.83,16.4,18.1
1,2021-08-17,5.27,0.00,49143.55,20.2,23.6
1,2021-08-18,12.89,25679.92,49005.64,21.4,24.4
1,2021-08-19,21.86,46695.18,48866.22,20.8,22.3
1,2021-08-20,21.11,43701.89,48725.42,20.5,21.3
1,2021-08-21,13.11,21839.41,48583.35,22.0,22.9
1,2021-08-22,7.13,0.00,48440.14,22.2,23.5
1,2021-08-23,19.28,46800.00,48295.89,21.9,24.2
1,2021-08-24,15.11,20087.71,48150.70,21.0,21.7
1,2021-08-25,18.52,39600.00,48004.71,23.0,25.0
1,2021-08-26,20.09,35645.76,47858.00,23.0,24.4
1,2021-08-27,15.15,39079.93,47710.68,21.8,23.2
1,2021-08-28,9.16,21668.02,47562.87,20.4,22.4
1,2021-08-29,18.17,39661.39,47414.65,19.2,21.8
1,2021-08-30,10.98,18851.84,47266.12,19.0,20.8
1,2021-08-31,16.18,25477.90,47117.39,17.1,19.3
1,2021-09-01,14.00,22986.91,46968.55,16.6,17.7
1,2021-09-02,20.36,46273.45,46819.69,16.7,17.8
1,2021-09-03,18.03,32800.39,46670.92,16.1,17.4
1,2021-09-04,14.32,29459.34,46522.31,16.0,17.0
1,2021-09-05,15.02,41233.05,46373.78,14.6,16.6
1,2021-09-06,13.78,40787.27,46224.32,14.0,15.0
1,2021-09-07,16.89,31473.11,46073.86,13.0,14.4
1,2021-09-08,7.01,10084.38,45922.49,16.3,19.7
1,2021-09-09,18.69,45211.83,45770.31,19.1,21.6
1,2021-09-10,17.82,38875.58,45617.43,19.0,19.6
1,2021-09-11,15.42,40410.76,45463.95,19.1,20.4
1,2021-09-12,19.17,43693.16,45309.95,16.8,20.1
1,2021-09-13,18.60,33876.88,45155.54,14.2,15.4
1,2021-09-14,10.18,13425.33,45000.81,14.6,16.4
1,2021-09-15,13.86,25570.47,44845.85,14.4,15.9
1,2021-09-16,16.34,38178.87,44690.76,11.6,13.6
1,2021-09-17,8.57,11069.80,44535.62,17.5,19.2
1,2021-09-18,5.40,9312.13,44380.53,17.7,21.5
1,2021-09-19,20.76,41722.40,44225.59,14.7,17.6
1,2021-09-20,20.03,40310.07,44070.89,14.6,16.6
1,2021-09-21,20.08,40685.45,43916.50,16.7,19.3
1,2021-09-22,18.64,39600.00,43762.53,20.4,22.6
1,2021-09-23,17.61,40661.13,43609.07,17.2,19.6
1,2021-09-24,15.32,33042.50,43456.20,16.1,17.8
1,2021-09-25,12.73,29738.56,43303.83,13.4,14.5
1,2021-09-26,8.28,9710.67,43150.90,12.9,14.8
1,2021-09-27,14.66,39446.65,42997.33,13.3,15.3
1,2021-09-28,16.15,39911.63,42843.19,14.9,16.8
1,2021-09-29,15.16,39642.24,42688.62,16.6,18.5
1,2021-09-30,15.69,32400.00,42533.69,18.7,20.4
1,2021-10-01,3.50,7200.00,42378.52,15.7,19.3
1,2021-10-02,17.01,39731.51,42223.20,13.1,17.2
1,2021-10-03,18.12,39761.62,42067.84,13.2,15.6
1,2021-10-04,15.18,25664.74,41912.53,14.0,16.0
1,2021-10-05,8.85,14591.03,41757.38,16.8,19.6
1,2021-10-06,6.43,19512.53,41602.50,12.7,13.7
1,2021-10-07,6.56,11724.74,41447.98,15.5,17.5
1,2021-10-08,6.22,8347.78,41293.93,15.8,17.3
1,2021-10-09,14.84,38520.37,41140.46,12.5,15.5
1,2021-10-10,13.44,38076.40,40987.68,17.7,18.8
1,2021-10-11,7.11,12273.87,40835.68,15.7,18.8
1,2021-10-12,5.74,0.00,40684.60,12.1,13.8
1,2021-10-13,8.24,32309.04,40534.52,11.5,13.3
1,2021-10-14,8.90,27879.06,40385.58,14.1,15.8
1,2021-10-15,9.04,21600.00,40237.67,13.0,16.3
1,2021-10-16,2.70,0.00,40089.62,11.8,13.4
1,2021-10-17,6.76,20618.84,39941.33,2.2,6.4
1,2021-10-18,10.67,29142.10,39792.94,5.7,7.4
1,2021-10-19,10.04,29279.96,39644.55,9.6,13.1
1,2021-10-20,12.46,37218.79,39496.28,7.3,11.5
1,2021-10-21,13.10,38197.02,39348.27,3.5,5.3
1,2021-10-22,10.88,32872.26,39200.62,4.6,6.5
1,2021-10-23,14.10,37981.93,39053.46,1.6,5.4
1,2021-10-24,13.85,37404.68,38906.93,6.6,10.7
1,2021-10-25,11.66,23087.63,38761.15,9.7,11.7
1,2021-10-26,2.41,7200.00,38616.26,8.7,12.3
1,2021-10-27,8.71,24160.74,38472.39,10.3,11.9
1,2021-10-28,12.81,36541.82,38329.67,4.8,11.1
1,2021-10-29,13.05,36200.80,38188.25,5.1,7.0
1,2021-10-30,13.42,32769.60,38048.27,6.5,8.7
1,2021-10-31,9.27,24424.80,37909.88,8.0,11.8
1,2021-11-01,10.30,25714.36,37773.22,11.5,12.2
1,2021-11-02,10.14,35566.68,37638.43,10.5,13.7
1,2021-11-03,11.46,35499.56,37505.70,8.6,10.8
1,2021-11-04,11.05,35432.21,37374.91,6.5,9.0
1,2021-11-05,9.49,35364.28,37244.86,7.6,9.8
1,2021-11-06,10.80,35295.85,37115.43,7.6,10.1
1,2021-11-07,12.23,35226.98,36986.77,5.9,8.6
1,2021-11-08,6.03,13072.68,36859.02,11.6,14.6
1,2021-11-09,2.24,1181.25,36732.31,14.0,16.3
1,2021-11-10,7.17,33066.22,36606.81,6.5,10.2
1,2021-11-11,9.96,34390.00,36482.64,6.4,7.6
1,2021-11-12,8.67,28356.22,36359.96,5.1,7.7
1,2021-11-13,9.68,34181.03,36238.93,4.6,5.9
1,2021-11-14,10.86,33557.88,36119.70,5.7,7.2
1,2021-11-15,7.88,24436.31,36002.43,4.3,7.3
1,2021-11-16,6.82,24724.53,35887.29,0.9,2.3
1,2021-11-17,9.57,28800.00,35774.43,2.1,5.8
1,2021-11-18,7.96,30799.01,35664.02,6.3,7.9
1,2021-11-19,9.74,33755.78,35556.25,5.9,8.6
1,2021-11-20,10.80,33119.96,35451.26,0.8,3.0
1,2021-11-21,9.16,23676.57,35349.24,4.5,9.2
1,2021-11-22,2.48,4053.73,35250.38,8.6,14.6
1,2021-11-23,8.32,31508.41,35154.83,2.5,3.6
1,2021-11-24,8.97,31990.01,35062.60,0.4,3.1
1,2021-11-25,7.32,29235.67,34972.63,0.6,2.9
1,2021-11-26,9.22,32649.67,34884.84,-2.0,-0.9
1,2021-11-27,10.02,32400.00,34799.35,-1.3,-0.2
1,2021-11-28,9.66,32400.00,34716.26,-2.3,0.0
1,2021-11-29,7.63,24807.24,34635.69,2.1,4.4
1,2021-11-30,9.27,28800.00,34557.77,8.3,13.1
1,2021-12-01,3.15,12870.74,34482.61,0.7,13.3
1,2021-12-02,8.60,32400.00,34410.32,-1.6,4.6
1,2021-12-03,7.48,27369.52,34341.03,3.3,7.3
1,2021-12-04,3.79,10800.00,34274.86,-1.2,2.7
1,2021-12-05,9.65,32400.00,34211.93,-2.7,0.1
1,2021-12-06,8.81,28941.21,34152.35,2.6,4.7
1,2021-12-07,5.21,16772.66,34096.25,8.4,9.9
1,2021-12-08,1.48,0.00,34043.75,3.6,7.1
1,2021-12-09,5.88,19372.58,33994.97,0.6,1.7
1,2021-12-10,5.40,17683.78,33950.01,1.8,4.5
1,2021-12-11,8.32,28800.00,33909.01,1.9,5.2
1,2021-12-12,3.85,9004.79,33872.08,1.8,7.7
1,2021-12-13,9.13,32400.00,33839.34,-7.4,-1.6
1,2021-12-14,8.95,32400.00,33810.81,-0.3,1.1
1,2021-12-15,6.89,29985.55,33786.14,0.2,3.5
1,2021-12-16,4.88,9800.96,33765.24,4.1,5.5
1,2021-12-17,2.31,3600.00,33748.12,-2.2,7.7
1,2021-12-18,8.65,32400.00,33734.78,-9.5,-5.2
1,2021-12-19,6.21,21600.00,33725.22,-6.1,-4.1
1,2021-12-20,8.89,32400.00,33719.42,-3.4,3.0
1,2021-12-21,7.37,32400.00,33717.38,-1.9,5.3
1,2021-12-22,9.10,32400.00,33719.11,-7.1,-6.0
1,2021-12-23,9.16,32400.00,33724.58,-5.5,-4.3
1,2021-12-24,7.28,25200.00,33733.78,-1.7,1.4
1,2021-12-25,3.55,14400.00,33746.70,-11.0,-4.4
1,2021-12-26,9.10,32400.00,33763.32,-13.7,-10.8
1,2021-12-27,9.06,32400.00,33783.63,-12.1,-9.8
1,2021-12-28,9.64,32400.00,33807.60,-9.9,-5.4
1,2021-12-29,8.24,26045.34,33835.23,-1.2,0.9
1,2021-12-30,2.11,3600.00,33866.48,-4.5,2.0
1,2021-12-31,9.22,32400.00,33901.33,-14.3,-10.3
1,2022-01-01,8.90,32400.00,33939.75,-11.9,-8.4
1,2022-01-02,4.96,19639.89,33981.73,-6.3,-1.7
1,2022-01-03,9.48,32400.00,34027.33,-9.8,-8.3
1,2022-01-04,9.13,32400.00,34077.04,-12.4,-9.8
1,2022-01-05,9.82,30022.08,34130.86,-10.1,-8.7
1,2022-01-06,8.60,31544.71,34188.65,-6.8,-4.3
1,2022-01-07,9.71,32400.00,34250.26,-8.2,-6.4
1,2022-01-08,8.79,32400.00,34315.55,-4.2,-0.8
1,2022-01-09,9.23,32468.07,34384.40,-3.9,-0.4
1,2022-01-10,9.40,28836.49,34456.66,-6.4,-2.3
1,2022-01-11,2.18,3600.00,34532.20,-0.6,3.5
1,2022-01-12,7.66,28536.93,34610.88,-6.9,-4.1
1,2022-01-13,10.51,32400.00,34692.57,-8.7,-6.6
1,2022-01-14,9.96,32645.93,34777.13,-7.7,-7.0
1,2022-01-15,10.16,31191.15,34864.44,-6.1,-4.5
1,2022-01-16,7.15,27034.79,34954.35,-2.1,-0.1
1,2022-01-17,10.57,33220.08,35046.74,-8.8,-5.3
1,2022-01-18,10.61,33182.80,35141.49,-9.8,-7.2
1,2022-01-19,10.34,32400.00,35238.44,-5.2,-2.7
1,2022-01-20,7.83,22665.99,35337.50,-6.2,-2.1
1,2022-01-21,10.93,33744.70,35438.52,-9.1,-7.2
1,2022-01-22,11.25,30778.81,35541.40,-8.1,-6.5
1,2022-01-23,9.36,30594.55,35646.21,-3.3,-0.5
1,2022-01-24,9.60,32621.42,35754.08,-6.3,-4.1
1,2022-01-25,10.03,29652.40,35865.02,-6.3,-3.5
1,2022-01-26,7.68,24191.75,35978.87,-2.9,-0.8
1,2022-01-27,11.52,34836.61,36095.44,-7.4,-4.9
1,2022-01-28,11.60,34920.63,36214.55,-7.7,-6.3
1,2022-01-29,11.29,34747.35,36336.04,-9.0,-6.5
1,2022-01-30,10.03,35064.91,36459.73,-9.7,-7.7
1,2022-01-31,11.36,35137.53,36585.45,-11.6,-9.6
1,2022-02-01,11.48,35210.36,36713.04,-6.9,-5.3
1,2022-02-02,12.74,35283.32,36842.34,-7.1,-5.0
1,2022-02-03,11.98,35356.32,36973.19,-8.5,-7.1
1,2022-02-04,11.08,35429.29,37105.42,-10.0,-8.3
1,2022-02-05,12.95,35544.00,37238.91,-11.1,-9.4
1,2022-02-06,13.52,35583.17,37373.48,-10.8,-10.1
1,2022-02-07,11.24,27303.82,37509.00,-8.4,-6.4
1,2022-02-08,10.09,29296.77,37645.32,-7.0,-5.3
1,2022-02-09,13.65,32190.94,37782.30,-6.3,-2.6
1,2022-02-10,2.90,0.00,37919.80,-3.1,-1.6
1,2022-02-11,4.41,3748.99,38057.68,-4.4,-2.7
1,2022-02-12,12.39,35181.74,38196.06,-3.5,0.6
1,2022-02-13,11.93,30586.40,38336.18,-4.8,-0.0
1,2022-02-14,13.40,32400.00,38478.15,-4.7,-1.2
1,2022-02-15,6.43,8316.70,38621.81,-1.7,0.9
1,2022-02-16,12.41,31805.31,38767.02,-0.9,1.2
1,2022-02-17,5.93,5661.52,38913.62,-2.6,-1.1
1,2022-02-18,12.31,33050.74,39061.48,-6.2,-2.4
1,2022-02-19,8.84,15231.14,39210.46,-0.3,1.8
1,2022-02-20,11.40,28842.64,39360.43,-8.3,1.3
1,2022-02-21,15.21,38373.54,39511.25,-13.3,-11.6
1,2022-02-22,16.01,38458.09,39662.79,-13.0,-10.7
1,2022-02-23,16.55,38543.45,39814.91,-10.8,-8.5
1,2022-02-24,15.28,38629.50,39967.50,-7.8,-5.4
1,2022-02-25,15.75,38716.14,40120.42,-5.1,-2.0
1,2022-02-26,13.59,26370.58,40273.57,0.3,2.4
1,2022-02-27,13.10,36240.69,40426.80,-3.4,3.2
1,2022-02-28,16.71,34646.10,40580.01,-6.1,-2.7
1,2022-03-01,10.65,25298.12,40733.07,-0.3,2.8
1,2022-03-02,14.38,38782.61,40885.87,-3.9,-1.9
1,2022-03-03,13.68,35947.45,41038.29,-4.6,1.0
1,2022-03-04,15.47,39331.11,41190.43,-5.0,0.3
1,2022-03-05,15.09,35434.90,41343.48,-1.8,3.4
1,2022-03-06,16.01,39511.98,41497.54,-5.7,-4.3
1,2022-03-07,18.17,39600.00,41652.50,-4.0,-1.7
1,2022-03-08,14.53,39600.00,41808.26,-3.9,0.5
1,2022-03-09,16.22,39658.88,41964.70,-3.3,-0.9
1,2022-03-10,18.97,38738.85,42121.73,-3.5,-0.9
1,2022-03-11,15.28,33621.46,42279.22,1.2,2.6
1,2022-03-12,19.40,36589.11,42437.08,-4.0,0.1
1,2022-03-13,5.90,5979.68,42595.19,2.8,4.1
1,2022-03-14,7.18,3711.32,42753.47,1.8,3.5
1,2022-03-15,9.85,22496.70,42911.80,2.4,6.7
1,2022-03-16,14.35,28172.87,43070.08,2.1,3.8
1,2022-03-17,8.91,20547.26,43228.20,0.6,4.0
1,2022-03-18,7.16,7959.18,43386.07,-0.0,1.1
1,2022-03-19,10.73,14442.60,43543.58,-0.4,0.4
1,2022-03-20,17.02,37654.53,43700.62,-3.6,-0.6
1,2022-03-21,21.18,35379.45,43857.10,-6.8,-2.7
1,2022-03-22,12.11,15650.90,44012.90,-5.7,-1.0
1,2022-03-23,17.40,21625.26,44167.94,-4.0,-1.7
1,2022-03-24,17.10,36539.36,44322.28,-0.2,2.2
1,2022-03-25,19.73,34048.04,44477.05,2.0,6.2
1,2022-03-26,5.03,0.00,44632.33,10.0,12.4
1,2022-03-27,13.68,29270.67,44788.03,1.1,6.8
1,2022-03-28,22.27,41947.05,44944.07,-3.6,-2.4
1,2022-03-29,21.78,40975.08,45100.33,-0.5,5.0
1,2022-03-30,19.04,32409.28,45256.74,4.7,6.2
1,2022-03-31,9.75,15807.49,45413.17,-0.4,3.9
1,2022-04-01,19.86,41338.54,45569.55,-6.4,-4.6
1,2022-04-02,22.61,44195.00,45725.77,-2.4,0.5
1,2022-04-03,21.83,35605.90,45881.73,3.2,6.2
1,2022-04-04,9.31,13890.98,46037.33,5.7,7.6
1,2022-04-05,14.99,37688.25,46192.47,6.6,7.8
1,2022-04-06,21.98,45452.17,46347.04,3.2,8.0
1,2022-04-07,19.75,40823.59,46500.94,1.9,4.0
1,2022-04-08,22.96,46154.28,46654.06,0.8,4.3
1,2022-04-09,23.39,45804.14,46806.29,3.1,8.3
1,2022-04-10,22.73,46433.74,46957.53,8.0,10.4
1,2022-04-11,23.30,46523.34,47107.65,9.0,12.1
1,2022-04-12,22.28,39600.00,47256.56,10.5,13.7
1,2022-04-13,13.99,22470.15,47404.31,7.7,13.4
1,2022-04-14,7.89,4920.50,47551.98,4.4,6.1
1,2022-04-15,4.13,0.00,47699.64,3.3,6.1
1,2022-04-16,17.90,36128.58,47847.21,1.4,3.8
1,2022-04-17,24.67,46800.00,47994.58,2.7,5.2
1,2022-04-18,19.26,38562.38,48141.65,6.9,8.7
1,2022-04-19,24.93,46800.00,48288.33,1.9,3.5
1,2022-04-20,25.44,46800.00,48434.48,4.9,8.7
1,2022-04-21,22.69,35932.88,48580.02,10.5,12.3
1,2022-04-22,14.45,28857.03,48724.83,11.4,14.6
1,2022-04-23,17.53,41329.26,48868.79,5.4,12.1
1,2022-04-24,20.23,32160.56,49011.80,8.8,11.8
1,2022-04-25,22.69,37191.89,49153.73,11.1,13.6
1,2022-04-26,8.51,2919.78,49294.46,16.0,17.7
1,2022-04-27,20.34,42899.58,49433.87,3.5,14.2
1,2022-04-28,25.33,46800.00,49571.85,3.3,9.2
1,2022-04-29,10.88,16258.98,49708.24,0.7,3.1
1,2022-04-30,24.56,33384.00,49842.94,2.6,6.8
1,2022-05-01,9.01,10800.00,49975.80,7.7,9.7
1,2022-05-02,24.44,44627.72,50106.69,4.4,7.1
1,2022-05-03,23.49,42687.97,50235.66,2.4,4.3
1,2022-05-04,25.36,46800.00,50363.69,7.6,10.5
1,2022-05-05,25.58,46800.00,50490.87,12.0,16.7
1,2022-05-06,27.07,46800.00,50617.08,11.7,15.5
1,2022-05-07,25.70,45708.39,50742.22,12.0,15.6
1,2022-05-08,21.84,32630.99,50866.17,4.5,7.3
1,2022-05-09,25.92,46806.18,50988.82,3.0,7.9
1,2022-05-10,27.96,46800.00,51110.05,6.3,9.5
1,2022-05-11,23.93,43970.20,51229.73,13.4,15.8
1,2022-05-12,19.06,35911.10,51347.76,15.9,16.5
1,2022-05-13,14.94,15077.38,51464.00,16.6,18.7
1,2022-05-14,16.86,29548.42,51578.32,11.2,19.7
1,2022-05-15,18.13,31959.33,51690.60,5.5,7.8
1,2022-05-16,21.91,34095.81,51800.71,9.1,11.4
1,2022-05-17,14.17,23860.46,51908.51,11.2,13.2
1,2022-05-18,25.99,47550.65,52013.87,10.6,13.2
1,2022-05-19,24.79,47204.31,52116.65,11.5,14.9
1,2022-05-20,25.32,46111.73,52216.71,11.7,15.6
1,2022-05-21,19.20,22181.63,52313.91,14.6,16.0
1,2022-05-22,12.19,18387.79,52408.12,12.8,15.2
1,2022-05-23,16.81,28867.95,52499.32,12.2,14.3
1,2022-05-24,24.69,47819.50,52588.29,12.5,14.3
1,2022-05-25,25.34,47783.39,52675.08,15.5,17.3
1,2022-05-26,23.49,36000.00,52759.61,15.9,17.6
1,2022-05-27,7.47,15143.00,52841.78,14.1,16.0
1,2022-05-28,23.37,48054.54,52921.51,10.6,13.1
1,2022-05-29,25.53,46406.78,52998.71,12.9,17.0
1,2022-05-30,15.81,29445.71,53073.27,10.1,11.6
1,2022-05-31,7.96,10304.64,53145.13,13.0,14.8
1,2022-06-01,25.37,43410.34,53214.18,13.0,15.3
1,2022-06-02,16.88,30012.85,53280.33,14.4,16.5
1,2022-06-03,13.06,15258.56,53343.48,11.7,14.2
1,2022-06-04,19.97,38828.17,53403.56,11.1,13.2
1,2022-06-05,17.67,30482.80,53460.47,9.4,10.9
1,2022-06-06,5.82,0.00,53514.11,11.6,12.2
1,2022-06-07,5.39,56.97,53564.39,9.9,11.5
1,2022-06-08,22.80,47314.71,53611.23,9.5,12.0
1,2022-06-09,19.54,44821.38,53654.52,12.2,14.1
1,2022-06-10,20.56,43588.96,53694.20,14.8,16.7
1,2022-06-11,18.76,31884.41,53730.16,16.0,18.2
1,2022-06-12,17.00,35435.99,53762.39,11.8,14.9
1,2022-06-13,17.06,29257.24,53791.12,11.1,12.7
1,2022-06-14,24.83,42975.30,53816.43,10.5,12.9
1,2022-06-15,13.36,15797.95,53838.28,14.8,18.4
1,2022-06-16,20.65,46348.55,53856.69,17.2,18.7
1,2022-06-17,23.90,50001.21,53871.66,16.9,20.4
1,2022-06-18,27.35,48337.20,53883.17,18.8,22.0
1,2022-06-19,21.28,39635.56,53891.24,18.9,20.7
1,2022-06-20,25.71,52363.61,53895.86,16.7,20.1
1,2022-06-21,26.39,50333.14,53897.04,16.3,18.0
1,2022-06-22,24.41,40280.60,53894.78,16.9,17.8
1,2022-06-23,17.20,24345.49,53889.10,18.1,19.4
1,2022-06-24,11.05,5866.05,53880.00,20.9,21.9
1,2022-06-25,23.62,46729.78,53867.49,19.7,22.7
1,2022-06-26,25.10,40564.83,53851.58,20.5,22.0
1,2022-06-27,18.85,30729.24,53832.30,20.1,22.0
1,2022-06-28,5.25,0.00,53809.64,22.0,23.6
1,2022-06-29,10.10,3568.64,53783.64,21.7,24.2
1,2022-06-30,14.05,16909.24,53754.30,20.4,23.1
1,2022-07-01,22.96,48030.18,53721.65,21.2,23.4
1,2022-07-02,23.19,49730.81,53685.64,22.1,24.7
1,2022-07-03,26.22,44131.46,53645.90,21.1,26.4
1,2022-07-04,25.33,50430.93,53602.49,20.8,22.3
1,2022-07-05,20.48,38392.48,53555.46,22.3,24.1
1,2022-07-06,16.87,34158.05,53504.96,20.4,21.3
1,2022-07-07,7.45,0.00,53451.05,19.7,20.4
1,2022-07-08,16.44,20931.65,53393.84,19.2,20.5
1,2022-07-09,10.03,10044.88,53333.44,20.0,21.3
1,2022-07-10,19.89,37021.70,53269.94,20.9,22.3
1,2022-07-11,19.45,36000.00,53203.44,22.4,23.3
1,2022-07-12,10.25,6495.16,53134.04,21.5,22.4
1,2022-07-13,7.35,0.00,53061.85,19.4,20.7
1,2022-07-14,10.94,5198.52,52986.95,18.6,19.9
1,2022-07-15,12.34,16165.62,52909.46,20.7,21.3
1,2022-07-16,4.10,0.00,52829.48,20.2,21.3
1,2022-07-17,14.35,27996.90,52747.08,20.9,22.3
1,2022-07-18,20.34,31360.45,52662.39,21.7,23.9
1,2022-07-19,15.62,23335.46,52575.48,21.8,23.0
1,2022-07-20,22.68,44123.57,52486.46,20.4,21.9
1,2022-07-21,18.45,36412.54,52395.43,21.1,21.9
1,2022-07-22,6.67,10800.00,52302.31,22.2,23.1
1,2022-07-23,15.39,25689.56,52206.31,21.2,23.5
1,2022-07-24,21.41,35514.62,52107.42,21.6,23.3
1,2022-07-25,17.80,41816.93,52005.77,21.7,23.7
1,2022-07-26,20.27,44404.64,51901.51,23.7,25.1
1,2022-07-27,16.84,40145.53,51794.78,23.1,24.6
1,2022-07-28,20.09,40295.77,51685.72,22.5,23.2
1,2022-07-29,22.99,43450.78,51574.46,23.5,24.8
1,2022-07-30,24.20,47764.32,51461.13,22.9,25.2
1,2022-07-31,23.81,40589.51,51345.86,24.6,26.9
1,2022-08-01,8.76,4956.77,51228.80,23.3,24.1
1,2022-08-02,15.62,26603.83,51110.05,23.3,25.4
1,2022-08-03,7.68,11635.65,50989.74,19.5,21.8
1,2022-08-04,11.71,8735.74,50868.01,18.3,19.0
1,2022-08-05,18.31,34460.91,50744.97,16.4,17.0
1,2022-08-06,21.79,45669.40,50620.73,18.1,20.6
1,2022-08-07,17.79,43889.91,50495.40,22.3,25.1
1,2022-08-08,18.53,34371.38,50369.11,24.8,26.8
1,2022-08-09,8.77,6628.89,50241.97,22.6,23.7
1,2022-08-10,7.57,4789.30,50114.07,22.5,25.7
1,2022-08-11,9.65,14399.33,49985.35,24.1,26.2
1,2022-08-12,10.24,8732.93,49854.83,23.7,24.8
1,2022-08-13,12.49,19598.46,49722.45,24.1,25.9
1,2022-08-14,20.59,34754.05,49588.35,21.1,22.5
1,2022-08-15,15.90,23026.96,49452.64,22.8,23.4
1,2022-08-16,7.65,10800.00,49315.46,21.9,24.7
1,2022-08-17,18.66,29290.49,49176.93,19.4,21.0
1,2022-08-18,7.48,18000.00,49037.17,19.8,23.1
1,2022-08-19,22.84,37582.38,48896.29,17.9,21.0
1,2022-08-20,19.15,38056.75,48754.42,21.6,23.1
1,2022-08-21,22.46,46800.00,48611.65,19.9,22.6
1,2022-08-22,22.16,36091.01,48468.11,22.6,24.2
1,2022-08-23,21.63,46800.00,48323.90,23.7,26.1
1,2022-08-24,19.39,33623.60,48179.14,18.4,19.6
1,2022-08-25,16.83,28755.60,48033.90,19.3,20.4
1,2022-08-26,10.12,8457.15,47888.31,20.4,21.8
1,2022-08-27,14.07,30133.59,47742.48,22.5,25.1
1,2022-08-28,6.85,15858.95,47596.48,16.4,18.4
1,2022-08-29,20.64,32973.48,47450.42,16.8,18.4
1,2022-08-30,12.97,14762.75,47304.40,19.8,21.2
1,2022-08-31,8.92,18442.66,47158.33,21.8,24.5
1,2022-09-01,7.71,2031.51,47011.21,21.1,23.1
1,2022-09-02,12.27,24745.87,46862.95,17.0,18.0
1,2022-09-03,17.49,28800.00,46713.66,18.7,19.3
1,2022-09-04,14.25,38381.69,46563.46,19.0,20.1
1,2022-09-05,16.62,31586.46,46412.43,20.0,21.7
1,2022-09-06,7.67,1773.67,46260.69,21.7,22.9
1,2022-09-07,13.92,20619.20,46108.32,19.1,22.2
1,2022-09-08,10.90,20300.56,45955.43,16.8,19.0
1,2022-09-09,18.13,44915.62,45802.12,16.7,19.3
1,2022-09-10,21.29,42818.81,45648.47,17.1,18.0
1,2022-09-11,18.30,37201.08,45494.58,19.1,19.9
1,2022-09-12,17.58,39825.78,45340.56,19.7,20.6
1,2022-09-13,17.35,32477.55,45186.48,19.2,22.4
1,2022-09-14,21.09,43412.03,45032.44,13.7,17.0
1,2022-09-15,20.81,41697.72,44878.52,15.5,17.0
1,2022-09-16,16.03,37639.59,44724.82,18.2,20.3
1,2022-09-17,11.96,21036.53,44571.44,21.6,22.7
1,2022-09-18,15.03,31141.38,44418.45,23.2,23.7
1,2022-09-19,12.47,21600.00,44265.95,23.4,24.9
1,2022-09-20,6.49,11054.30,44113.84,10.7,17.1
1,2022-09-21,14.79,29214.88,43961.08,9.6,12.8
1,2022-09-22,7.25,5249.49,43807.58,16.3,19.9
1,2022-09-23,3.41,0.00,43653.46,21.5,22.4
1,2022-09-24,9.10,15154.81,43498.79,17.2,23.3
1,2022-09-25,17.41,32400.00,43343.69,14.7,16.5
1,2022-09-26,12.17,24510.38,43188.25,14.7,16.1
1,2022-09-27,14.29,27131.61,43032.56,14.5,16.7
1,2022-09-28,13.18,33003.81,42876.74,13.5,16.4
1,2022-09-29,18.94,39934.53,42720.85,14.9,18.0
1,2022-09-30,18.48,39964.20,42565.03,15.8,19.3
1,2022-10-01,18.10,39694.73,42409.35,16.2,19.9
1,2022-10-02,16.96,37861.70,42253.92,17.3,18.5
1,2022-10-03,11.28,23431.54,42098.83,17.1,18.7
1,2022-10-04,3.69,3600.00,41944.19,16.6,19.4
1,2022-10-05,7.95,5913.20,41790.10,7.1,8.0
1,2022-10-06,8.54,11627.37,41636.65,5.8,8.7
1,2022-10-07,5.99,2986.58,41483.96,10.1,11.9
1,2022-10-08,9.04,24730.82,41332.12,10.4,12.1
1,2022-10-09,8.79,17031.22,41181.24,13.1,17.6
1,2022-10-10,5.62,12147.25,41031.22,16.4,18.7
1,2022-10-11,12.70,29733.17,40880.92,11.3,14.3
1,2022-10-12,14.57,31152.49,40730.26,10.5,12.2
1,2022-10-13,9.48,16132.15,40579.33,9.5,11.4
1,2022-10-14,15.94,39065.63,40428.25,13.6,14.8
1,2022-10-15,11.03,33502.18,40277.15,13.7,15.2
1,2022-10-16,12.27,24980.80,40126.13,13.5,16.3
1,2022-10-17,7.42,18921.42,39975.31,11.7,17.3
1,2022-10-18,12.86,32494.41,39824.80,4.2,6.3
1,2022-10-19,13.88,38399.08,39674.74,4.3,5.5
1,2022-10-20,15.10,38536.42,39525.23,6.0,10.8
1,2022-10-21,12.92,26503.08,39376.41,10.5,12.6
1,2022-10-22,4.19,6527.71,39228.40,12.3,15.3
1,2022-10-23,10.76,23801.33,39081.32,8.1,12.7
1,2022-10-24,11.48,32791.39,38935.31,2.8,7.1
1,2022-10-25,8.87,27432.76,38790.50,6.0,7.9
1,2022-10-26,8.76,19734.97,38647.02,3.0,5.1
1,2022-10-27,13.72,30538.54,38505.02,4.7,7.1
1,2022-10-28,13.44,36549.69,38364.64,7.5,9.7
1,2022-10-29,11.81,35853.53,38226.00,6.9,9.8
1,2022-10-30,11.20,35787.09,38089.04,7.4,10.4
1,2022-10-31,8.82,27650.40,37952.52,7.8,9.4
1,2022-11-01,8.90,30125.99,37816.33,9.2,11.2
1,2022-11-02,12.16,35773.98,37680.63,8.3,13.2
1,2022-11-03,9.17,28697.40,37545.53,9.1,11.1
1,2022-11-04,10.74,35417.44,37411.18,3.6,6.9
1,2022-11-05,10.68,35378.03,37277.72,1.5,4.0
1,2022-11-06,11.48,32575.43,37145.30,2.9,5.4
1,2022-11-07,10.65,33832.68,37014.05,4.6,6.8
1,2022-11-08,9.85,35084.37,36884.14,5.7,9.5
1,2022-11-09,11.80,34005.43,36755.70,3.9,7.0
1,2022-11-10,6.57,15637.70,36628.90,7.6,9.9
1,2022-11-11,11.93,34419.38,36503.90,3.6,8.7
1,2022-11-12,11.38,32807.92,36380.84,9.9,11.6
1,2022-11-13,7.78,22141.85,36259.90,8.8,13.1
1,2022-11-14,9.05,34214.11,36141.26,0.5,2.7
1,2022-11-15,11.25,33255.56,36025.05,3.4,5.1
1,2022-11-16,10.67,32959.91,35911.49,0.5,3.8
1,2022-11-17,6.34,21782.56,35800.71,-1.4,1.2
1,2022-11-18,10.63,29769.28,35692.92,2.5,4.2
1,2022-11-19,9.15,28800.00,35588.08,2.7,6.7
1,2022-11-20,2.66,421.59,35485.03,9.0,10.4
1,2022-11-21,4.23,15362.02,35383.72,7.9,11.6
1,2022-11-22,8.95,28800.00,35284.24,2.0,9.6
1,2022-11-23,5.25,7200.00,35186.75,6.1,9.6
1,2022-11-24,4.01,10175.93,35091.36,4.5,7.9
1,2022-11-25,9.86,32948.90,34998.22,4.2,7.3
1,2022-11-26,9.80,32643.03,34907.46,6.3,9.8
1,2022-11-27,8.57,32400.00,34819.20,-0.8,0.5
1,2022-11-28,9.58,28800.00,34733.60,5.9,11.7
1,2022-11-29,6.47,21273.34,34650.79,12.9,14.8
1,2022-11-30,4.50,7963.10,34570.92,3.9,11.9
1,2022-12-01,3.72,7451.04,34494.11,-1.0,2.2
1,2022-12-02,9.02,29607.36,34420.51,-5.8,-3.5
1,2022-12-03,8.41,28800.00,34350.27,2.0,5.2
1,2022-12-04,3.68,6706.46,34283.53,0.5,7.1
1,2022-12-05,5.83,15205.46,34220.43,-2.6,-0.2
1,2022-12-06,2.67,3600.00,34161.12,0.2,3.4
1,2022-12-07,6.61,23727.69,34105.75,-0.1,1.5
1,2022-12-08,8.68,32400.00,34054.44,-2.7,-0.8
1,2022-12-09,7.75,32400.00,34007.24,-1.2,1.5
1,2022-12-10,8.49,28800.00,33963.54,-0.5,3.3
1,2022-12-11,4.89,11846.27,33923.27,-2.6,0.6
1,2022-12-12,9.00,28800.00,33886.48,-1.7,3.0
1,2022-12-13,5.20,17082.75,33853.19,1.8,6.3
1,2022-12-14,6.47,26743.10,33823.45,-8.2,0.4
1,2022-12-15,7.89,28800.00,33797.29,-6.3,-1.2
1,2022-12-16,7.92,28240.60,33774.74,-8.9,-5.1
1,2022-12-17,3.79,12922.24,33755.83,-1.9,2.4
1,2022-12-18,8.22,32400.00,33740.59,-9.7,-5.3
1,2022-12-19,9.22,32400.00,33729.05,-7.7,-6.1
1,2022-12-20,8.93,32400.00,33721.24,-5.7,-4.0
1,2022-12-21,6.98,22738.76,33717.18,0.5,4.3
1,2022-12-22,1.02,3600.00,33716.89,3.1,10.1
1,2022-12-23,8.24,31100.82,33720.39,-4.0,-2.5
1,2022-12-24,8.27,32400.00,33727.71,-3.0,-1.2
1,2022-12-25,8.99,32400.00,33738.86,-3.7,-2.5
1,2022-12-26,8.86,32400.00,33753.86,-1.8,-0.9
1,2022-12-27,8.95,28800.00,33772.72,-2.2,0.2
1,2022-12-28,5.09,17330.99,33795.44,-0.4,2.3
1,2022-12-29,9.16,32400.00,33822.11,-7.3,-5.5
1,2022-12-30,6.56,19029.29,33852.99,-5.4,-4.4
1,2022-12-31,9.50,32400.00,33888.05,-5.0,-2.0
1,2023-01-01,6.51,25200.00,33927.18,-7.0,-0.4
1,2023-01-02,9.07,32400.00,33970.27,-10.3,-8.5
1,2023-01-03,9.11,32400.00,34017.22,-8.5,-7.3
1,2023-01-04,8.81,32400.00,34067.90,-8.7,-7.2
1,2023-01-05,9.76,32400.00,34122.23,-8.0,-6.7
1,2023-01-06,8.05,31466.51,34180.08,-5.9,-4.5
1,2023-01-07,7.92,32400.00,34241.34,-3.7,-1.9
1,2023-01-08,8.62,32400.00,34305.91,-4.0,-1.8
1,2023-01-09,8.33,29095.79,34373.66,-2.9,0.3
1,2023-01-10,9.86,29972.54,34444.50,-7.9,-6.3
1,2023-01-11,9.10,32400.00,34518.31,-0.8,1.9
1,2023-01-12,8.49,29119.67,34594.97,-0.1,4.6
1,2023-01-13,8.15,28769.57,34674.38,3.0,6.2
1,2023-01-14,4.22,11628.75,34756.43,5.0,9.2
1,2023-01-15,1.82,0.00,34841.01,1.4,3.1
1,2023-01-16,4.63,11528.27,34928.02,-5.6,-1.9
1,2023-01-17,8.10,28086.54,35017.34,-5.5,-2.2
1,2023-01-18,6.51,18315.58,35109.06,-6.3,-1.1
1,2023-01-19,11.02,32819.42,35204.18,-3.8,0.9
1,2023-01-20,7.63,23763.65,35302.72,-2.2,2.1
1,2023-01-21,7.41,24703.13,35404.49,-7.9,-5.6
1,2023-01-22,6.25,17565.17,35509.32,-8.8,-4.1
1,2023-01-23,3.13,676.72,35617.04,-2.8,-0.1
1,2023-01-24,2.82,4593.11,35727.45,-12.1,-0.2
1,2023-01-25,10.32,33931.99,35840.42,-16.8,-14.2
1,2023-01-26,11.26,34557.42,35955.75,-11.8,-8.8
1,2023-01-27,11.47,32400.00,36073.27,-8.0,-3.5
1,2023-01-28,10.81,34905.14,36192.85,-13.3,-8.9
1,2023-01-29,11.69,34424.85,36314.31,-11.2,-8.8
1,2023-01-30,10.81,28800.00,36437.49,-7.7,-2.9
1,2023-01-31,10.90,35123.53,36562.24,-8.9,-5.5
1,2023-02-01,8.92,24497.84,36688.40,-4.2,1.1
1,2023-02-02,12.81,35269.01,36815.84,-10.9,-6.7
1,2023-02-03,8.64,18822.60,36944.39,-9.9,-6.4
1,2023-02-04,8.76,20094.97,37073.93,-7.5,-1.4
1,2023-02-05,13.08,31885.26,37204.31,-7.2,-3.8
1,2023-02-06,9.70,29955.04,37335.39,-1.9,0.2
1,2023-02-07,12.57,31725.18,37467.27,-0.3,0.8
1,2023-02-08,6.74,22588.75,37601.22,-5.0,-2.2
1,2023-02-09,12.79,32168.65,37737.30,-11.7,-10.5
1,2023-02-10,5.12,1686.91,37875.37,-2.2,1.5
1,2023-02-11,8.45,20445.09,38015.25,-2.5,0.9
1,2023-02-12,11.67,27165.98,38156.79,0.2,1.8
1,2023-02-13,4.87,3996.45,38299.85,-1.8,1.5
1,2023-02-14,12.88,36042.01,38444.26,-8.4,-5.6
1,2023-02-15,13.76,33027.97,38589.90,-12.0,-8.8
1,2023-02-16,15.52,36273.13,38736.60,-9.1,-6.6
1,2023-02-17,14.91,36230.98,38884.24,-1.9,-0.3
1,2023-02-18,13.99,32400.00,39032.66,-0.5,2.9
1,2023-02-19,2.87,5609.39,39181.74,-0.5,3.0
1,2023-02-20,16.10,38272.56,39331.35,-11.3,-8.4
1,2023-02-21,13.64,37915.49,39481.35,-11.4,-9.1
1,2023-02-22,15.06,32400.00,39631.61,-7.5,-6.5
1,2023-02-23,10.22,27021.20,39782.01,-1.8,2.3
1,2023-02-24,11.50,29751.82,39932.41,1.2,2.2
1,2023-02-25,12.78,36290.93,40082.70,-8.9,-2.4
1,2023-02-26,14.57,38057.98,40232.75,-9.1,-7.2
1,2023-02-27,17.27,38862.20,40382.67,-3.3,-1.6
1,2023-02-28,17.06,33351.07,40533.67,-1.1,3.9
1,2023-03-01,11.35,25093.39,40685.86,4.1,6.1
1,2023-03-02,5.59,9288.44,40839.12,-2.3,3.4
1,2023-03-03,13.78,31257.19,40993.32,-3.9,-0.1
1,2023-03-04,16.58,39307.29,41148.36,-5.6,-0.4
1,2023-03-05,18.46,39598.46,41304.12,-5.2,-2.5
1,2023-03-06,16.49,38821.80,41460.49,-2.1,3.4
1,2023-03-07,18.36,39718.81,41617.35,0.5,3.4
1,2023-03-08,18.08,34181.36,41774.59,3.3,5.5
1,2023-03-09,15.81,32530.36,41932.11,5.5,7.4
1,2023-03-10,13.99,30795.38,42089.80,2.1,7.0
1,2023-03-11,19.07,39902.15,42247.55,1.3,3.8
1,2023-03-12,15.94,30305.02,42405.25,4.9,8.6
1,2023-03-13,8.31,14982.72,42562.80,2.4,10.4
1,2023-03-14,17.15,40270.09,42720.09,-3.0,-1.8
1,2023-03-15,19.69,40670.62,42877.02,0.1,5.3
1,2023-03-16,16.88,38305.08,43033.47,5.3,7.7
1,2023-03-17,18.13,33705.43,43189.35,-2.2,-0.3
1,2023-03-18,5.85,7200.00,43344.54,0.5,3.4
1,2023-03-19,20.80,41439.19,43499.15,-0.3,3.5
1,2023-03-20,18.41,34506.20,43654.28,1.1,4.0
1,2023-03-21,18.67,36308.90,43810.05,4.7,8.1
1,2023-03-22,20.19,39775.19,43966.36,8.0,11.8
1,2023-03-23,13.01,25250.08,44123.11,12.8,13.5
1,2023-03-24,11.85,27227.33,44280.20,5.2,13.4
1,2023-03-25,10.41,19746.54,44437.53,3.3,7.3
1,2023-03-26,5.32,7200.00,44595.01,6.5,9.4
1,2023-03-27,20.35,38625.82,44752.55,-0.2,1.6
1,2023-03-28,18.42,42559.90,44910.04,0.9,2.3
1,2023-03-29,18.97,41289.61,45067.38,2.6,4.0
1,2023-03-30,21.71,43550.77,45224.48,5.5,7.1
1,2023-03-31,20.25,44160.51,45381.23,2.5,5.5
1,2023-04-01,21.85,37764.25,45537.54,3.3,3.9
1,2023-04-02,17.42,37580.44,45693.30,2.8,3.8
1,2023-04-03,23.06,44799.83,45848.40,1.2,4.1
1,2023-04-04,22.83,42849.55,46002.74,3.7,7.8
1,2023-04-05,16.71,28386.26,46156.23,7.8,12.0
1,2023-04-06,13.80,18278.91,46308.74,11.5,13.7
1,2023-04-07,9.80,8076.36,46460.18,12.7,15.9
1,2023-04-08,9.53,12811.83,46610.61,2.9,9.5
1,2023-04-09,22.44,43695.00,46761.11,-1.2,4.2
1,2023-04-10,23.54,46404.42,46911.78,2.5,6.6
1,2023-04-11,21.39,38717.23,47062.51,6.6,9.9
1,2023-04-12,12.52,28132.57,47213.21,2.1,11.6
1,2023-04-13,23.45,45694.30,47363.78,1.4,5.4
1,2023-04-14,16.81,28563.08,47514.11,5.7,7.2
1,2023-04-15,6.19,1247.31,47664.10,6.9,14.0
1,2023-04-16,15.74,30223.54,47813.65,5.5,16.1
1,2023-04-17,19.83,44562.39,47962.66,1.3,5.0
1,2023-04-18,19.12,39855.71,48111.01,5.8,7.7
1,2023-04-19,23.34,46800.00,48258.58,5.4,8.4
1,2023-04-20,23.49,45959.67,48405.27,10.0,14.1
1,2023-04-21,24.97,46800.00,48550.97,2.2,9.4
1,2023-04-22,24.85,43803.65,48695.55,-2.3,0.0
1,2023-04-23,21.74,43971.56,48838.90,-2.5,0.2
1,2023-04-24,20.57,46800.00,48980.88,-3.4,-0.1
1,2023-04-25,22.29,28800.00,49121.38,2.6,11.4
1,2023-04-26,7.05,9792.62,49260.27,8.9,13.8
1,2023-04-27,25.91,46800.00,49397.42,1.4,6.7
1,2023-04-28,25.18,42529.99,49532.88,7.0,12.8
1,2023-04-29,19.60,32636.22,49667.68,13.9,15.2
1,2023-04-30,11.58,10018.80,49801.89,9.3,17.1
1,2023-05-01,24.03,46800.00,49935.40,7.3,9.5
1,2023-05-02,21.74,46465.46,50068.12,5.7,9.3
1,2023-05-03,23.87,40047.96,50199.93,5.7,13.5
1,2023-05-04,26.35,46800.00,50330.71,8.0,11.6
1,2023-05-05,23.14,32400.00,50460.35,12.4,15.1
1,2023-05-06,4.39,0.00,50588.73,11.9,17.6
1,2023-05-07,4.72,0.00,50715.71,5.2,7.3
1,2023-05-08,8.56,14519.06,50841.21,2.2,5.6
1,2023-05-09,27.47,46811.74,50965.06,5.4,8.3
1,2023-05-10,25.88,46800.00,51087.16,5.5,9.1
1,2023-05-11,26.37,45160.60,51207.36,5.0,7.1
1,2023-05-12,25.14,46551.67,51325.55,7.3,8.8
1,2023-05-13,19.70,34924.35,51441.56,10.2,11.4
1,2023-05-14,16.15,24979.95,51555.28,11.3,12.4
1,2023-05-15,7.83,1214.38,51666.57,13.3,14.9
1,2023-05-16,21.83,45482.96,51775.26,11.4,13.5
1,2023-05-17,26.82,46925.89,51881.24,14.8,20.6
1,2023-05-18,26.49,40833.63,51984.50,14.8,20.0
1,2023-05-19,8.67,1329.31,52085.90,13.5,16.2
1,2023-05-20,19.17,32771.19,52185.49,12.1,17.1
1,2023-05-21,18.59,26957.84,52283.18,15.7,17.8
1,2023-05-22,7.42,1838.75,52378.87,10.5,13.3
1,2023-05-23,12.58,15084.46,52472.46,8.3,10.7
1,2023-05-24,22.70,46573.99,52563.85,7.7,11.9
1,2023-05-25,28.60,48782.43,52652.92,10.0,14.3
1,2023-05-26,18.68,25909.60,52739.58,14.1,15.6
1,2023-05-27,21.71,36000.00,52823.73,14.9,17.2
1,2023-05-28,4.92,0.00,52905.24,16.4,18.1
1,2023-05-29,13.53,10280.37,52984.03,15.5,18.6
1,2023-05-30,20.39,46800.00,53059.96,11.2,13.8
1,2023-05-31,23.22,48593.54,53132.96,9.5,13.0
1,2023-06-01,19.66,26372.06,53202.88,13.1,16.3
1,2023-06-02,8.54,10800.00,53269.64,17.6,19.2
1,2023-06-03,26.41,49519.25,53333.11,11.9,13.5
1,2023-06-04,21.87,49356.17,53393.20,11.8,12.8
1,2023-06-05,26.53,50818.66,53449.79,10.3,15.4
1,2023-06-06,24.78,40061.45,53502.76,15.8,17.7
1,2023-06-07,24.42,49423.11,53552.10,16.2,18.2
1,2023-06-08,20.83,32400.00,53598.23,17.5,18.4
1,2023-06-09,7.76,7200.00,53641.19,16.5,17.5
1,2023-06-10,21.65,32400.00,53680.94,17.8,19.7
1,2023-06-11,7.11,2863.75,53717.47,18.4,19.4
1,2023-06-12,10.45,6303.84,53750.72,18.2,19.5
1,2023-06-13,14.14,21471.33,53780.69,18.8,19.9
1,2023-06-14,11.44,9077.97,53807.33,19.3,20.1
1,2023-06-15,4.84,0.00,53830.62,17.7,19.5
1,2023-06-16,6.81,10332.05,53850.55,16.8,18.7
1,2023-06-17,27.10,44580.20,53867.08,16.4,18.7
1,2023-06-18,25.10,51015.50,53880.19,15.0,19.7
1,2023-06-19,27.96,51347.80,53889.86,12.5,14.2
1,2023-06-20,26.36,41531.41,53896.08,15.6,17.4
1,2023-06-21,24.30,34808.70,53898.81,15.8,16.6
1,2023-06-22,10.92,2539.42,53898.06,16.4,17.6
1,2023-06-23,7.26,4311.53,53893.81,17.6,18.4
1,2023-06-24,17.89,42422.24,53886.04,18.0,19.0
1,2023-06-25,19.33,39047.57,53874.73,18.4,19.5
1,2023-06-26,24.04,48123.47,53859.90,19.2,20.5
1,2023-06-27,23.38,39600.00,53841.48,21.8,23.0
1,2023-06-28,24.64,37943.36,53819.28,21.5,24.1
1,2023-06-29,19.75,44202.50,53793.32,19.9,22.2
1,2023-06-30,9.65,10842.83,53763.70,21.3,22.9
1,2023-07-01,20.85,36191.51,53730.47,19.2,20.9
1,2023-07-02,21.96,34771.83,53693.71,18.9,20.6
1,2023-07-03,21.59,46469.65,53653.51,19.7,21.0
1,2023-07-04,19.90,49416.69,53609.94,17.8,19.1
1,2023-07-05,21.22,38454.26,53563.08,19.5,21.4
1,2023-07-06,23.26,42221.28,53513.01,20.6,23.0
1,2023-07-07,15.21,25058.55,53459.81,21.3,24.8
1,2023-07-08,15.87,22689.57,53403.58,20.2,23.8
1,2023-07-09,20.50,36507.76,53344.37,23.2,25.2
1,2023-07-10,23.54,46045.66,53282.29,23.0,24.8
1,2023-07-11,21.28,40648.68,53217.40,22.4,24.5
1,2023-07-12,11.20,14213.84,53149.80,21.7,24.8
1,2023-07-13,26.42,47608.11,53079.56,18.6,20.3
1,2023-07-14,21.84,28800.00,53006.78,20.8,22.1
1,2023-07-15,4.61,0.00,52931.52,22.8,24.9
1,2023-07-16,8.81,9779.12,52853.87,23.2,26.1
1,2023-07-17,21.32,37696.63,52773.77,24.4,26.3
1,2023-07-18,7.44,365.81,52690.51,23.1,25.8
1,2023-07-19,6.57,0.00,52604.10,21.2,22.6
1,2023-07-20,15.49,29225.12,52514.66,18.7,19.9
1,2023-07-21,19.89,45635.14,52422.33,19.1,20.9
1,2023-07-22,23.01,47120.32,52327.26,21.5,22.6
1,2023-07-23,25.01,47913.30,52229.56,22.5,24.3
1,2023-07-24,24.52,49320.31,52129.39,23.4,24.9
1,2023-07-25,24.78,47736.55,52026.86,24.1,27.1
1,2023-07-26,23.80,48640.51,51922.11,23.4,26.3
1,2023-07-27,24.40,48336.75,51815.25,23.4,26.0
1,2023-07-28,25.19,48680.96,51706.43,22.7,25.2
1,2023-07-29,26.05,48379.94,51595.77,22.8,25.1
1,2023-07-30,26.32,48402.64,51483.37,23.9,27.7
1,2023-07-31,22.42,33600.06,51369.37,22.4,24.2
1,2023-08-01,22.47,47809.36,51253.87,22.2,24.4
1,2023-08-02,23.26,46800.00,51137.01,22.9,25.5
1,2023-08-03,22.89,47223.97,51018.88,24.2,25.9
1,2023-08-04,24.36,47570.94,50899.60,24.1,27.0
1,2023-08-05,22.82,47281.75,50779.28,24.1,25.6
1,2023-08-06,23.44,42561.67,50657.84,24.6,25.8
1,2023-08-07,17.29,31767.89,50534.33,24.9,25.4
1,2023-08-08,22.56,44065.45,50408.71,24.8,25.5
1,2023-08-09,20.95,43537.08,50281.12,25.2,25.5
1,2023-08-10,24.19,47124.93,50151.68,23.5,24.9
1,2023-08-11,22.92,36000.00,50020.53,23.5,24.2
1,2023-08-12,13.43,30212.63,49887.81,24.2,25.5
1,2023-08-13,17.77,36705.55,49753.62,24.8,25.7
1,2023-08-14,11.25,16042.55,49618.10,25.0,25.8
1,2023-08-15,11.98,22997.57,49481.39,24.8,25.5
1,2023-08-16,21.24,44024.43,49343.56,24.5,25.3
1,2023-08-17,21.77,46800.00,49204.77,24.9,25.9
1,2023-08-18,18.38,36660.60,49065.12,25.3,26.2
1,2023-08-19,18.80,36131.34,48924.72,25.2,26.5
1,2023-08-20,18.21,37178.13,48783.68,24.8,25.9
1,2023-08-21,20.82,46800.00,48642.11,25.0,26.5
1,2023-08-22,22.02,46800.00,48500.11,25.1,26.3
1,2023-08-23,21.42,46800.00,48357.78,25.2,26.2
1,2023-08-24,23.27,46800.00,48215.24,25.3,26.9
1,2023-08-25,23.67,46800.00,48072.57,24.8,26.2
1,2023-08-26,21.13,39359.43,47929.69,24.4,26.1
1,2023-08-27,16.00,32840.35,47785.60,23.6,24.2
1,2023-08-28,15.36,39028.06,47640.23,22.8,24.0
1,2023-08-29,19.55,40508.39,47493.69,24.0,24.6
1,2023-08-30,17.54,34875.01,47346.08,24.5,25.2
1,2023-08-31,21.77,45143.94,47197.52,24.3,25.5
1,2023-09-01,21.07,36925.51,47048.10,23.7,25.2
1,2023-09-02,7.71,1113.95,46897.94,23.1,24.3
1,2023-09-03,16.95,39705.96,46747.13,22.9,24.0
1,2023-09-04,11.69,13944.57,46595.77,23.7,24.5
1,2023-09-05,11.97,22731.74,46443.97,22.9,24.8
1,2023-09-06,8.20,11930.02,46291.81,21.6,23.1
1,2023-09-07,19.08,38374.64,46139.40,17.0,20.6
1,2023-09-08,9.89,5873.42,45986.82,20.3,21.2
1,2023-09-09,15.16,34860.33,45834.18,23.7,25.7
1,2023-09-10,15.85,39785.10,45681.56,23.0,23.8
1,2023-09-11,15.02,34133.39,45529.05,23.5,25.1
1,2023-09-12,19.61,41240.65,45376.74,23.0,24.5
1,2023-09-13,15.58,40985.58,45224.73,22.3,23.3
1,2023-09-14,17.90,40398.45,45073.11,23.4,24.6
1,2023-09-15,14.10,35720.95,44921.77,20.2,21.5
1,2023-09-16,14.25,33965.36,44769.70,21.9,23.8
1,2023-09-17,14.89,40149.09,44616.81,22.7,24.5
1,2023-09-18,17.29,39125.14,44463.20,22.5,24.9
1,2023-09-19,11.17,25200.00,44308.97,21.7,24.2
1,2023-09-20,5.35,0.00,44154.22,19.2,20.9
1,2023-09-21,3.55,653.87,43999.04,18.8,20.7
1,2023-09-22,13.99,36693.16,43843.52,16.4,18.6
1,2023-09-23,19.69,40647.71,43687.77,13.1,15.5
1,2023-09-24,18.95,40080.02,43531.87,12.7,15.4
1,2023-09-25,10.83,18793.73,43375.93,16.5,17.9
1,2023-09-26,6.43,3612.76,43220.03,18.5,19.6
1,2023-09-27,8.31,18000.00,43064.27,18.0,19.5
1,2023-09-28,6.62,18526.82,42908.74,17.8,22.5
1,2023-09-29,17.26,38871.70,42753.54,14.0,18.9
1,2023-09-30,7.05,11833.12,42598.76,16.7,18.7
1,2023-10-01,14.52,35081.29,42444.51,16.1,19.3
1,2023-10-02,16.62,39716.66,42290.87,10.7,12.5
1,2023-10-03,15.80,36000.00,42137.95,11.7,15.4
1,2023-10-04,11.28,32761.16,41985.83,15.4,17.1
1,2023-10-05,12.90,38346.02,41834.43,10.3,17.0
1,2023-10-06,14.22,39600.00,41682.63,9.0,10.4
1,2023-10-07,14.84,39600.00,41530.35,8.6,10.5
1,2023-10-08,12.44,33768.42,41377.68,11.4,12.3
1,2023-10-09,5.45,7200.00,41224.75,14.5,16.4
1,2023-10-10,5.79,8348.62,41071.65,13.9,16.7
1,2023-10-11,16.36,39359.33,40918.51,7.5,9.9
1,2023-10-12,15.62,39266.77,40765.41,9.2,11.5
1,2023-10-13,15.63,39174.67,40612.49,9.8,13.6
1,2023-10-14,14.59,31883.12,40459.85,10.0,15.1
1,2023-10-15,3.44,7200.00,40307.60,13.4,15.2
1,2023-10-16,14.38,38902.10,40155.86,9.5,12.2
1,2023-10-17,9.86,26575.71,40004.75,7.1,10.9
1,2023-10-18,14.87,36369.43,39854.39,9.8,13.2
1,2023-10-19,8.70,27773.97,39704.90,12.8,14.1
1,2023-10-20,10.18,32468.26,39556.39,11.0,14.7
1,2023-10-21,10.53,26421.07,39409.01,3.8,7.1
1,2023-10-22,11.50,36651.06,39262.86,5.6,10.2
1,2023-10-23,14.66,37962.81,39118.09,5.7,9.9
1,2023-10-24,13.34,37696.82,38974.82,9.3,12.7
1,2023-10-25,12.75,36491.09,38832.96,10.7,14.2
1,2023-10-26,12.82,36532.95,38691.31,9.8,13.2
1,2023-10-27,12.11,33455.61,38549.75,11.4,13.2
1,2023-10-28,8.94,23652.26,38408.41,12.7,13.3
1,2023-10-29,6.23,17329.60,38267.43,11.1,12.4
1,2023-10-30,9.81,35802.58,38126.94,8.6,10.7
1,2023-10-31,13.24,35839.35,37987.07,8.7,12.2
1,2023-11-01,12.89,35737.40,37847.96,10.9,12.1
1,2023-11-02,10.77,35597.77,37709.76,10.3,13.7
1,2023-11-03,12.48,32707.17,37572.61,12.5,15.3
1,2023-11-04,4.35,11043.94,37436.64,11.3,14.4
1,2023-11-05,6.67,21190.24,37302.01,9.9,15.1
1,2023-11-06,6.64,10183.62,37168.87,17.1,19.0
1,2023-11-07,6.78,24523.30,37037.38,8.0,16.5
1,2023-11-08,11.67,35184.59,36907.69,6.4,8.0
1,2023-11-09,9.88,28800.00,36779.96,8.9,10.7
1,2023-11-10,5.64,6182.27,36654.35,9.5,14.0
1,2023-11-11,10.35,34979.45,36531.04,-1.5,1.0
1,2023-11-12,4.04,11811.49,36410.18,3.1,4.9
1,2023-11-13,9.42,31241.98,36291.97,-0.8,1.3
1,2023-11-14,6.65,28932.37,36176.33,1.8,4.9
1,2023-11-15,8.88,29934.19,36062.08,2.1,4.9
1,2023-11-16,10.20,28800.00,35949.12,7.6,12.7
1,2023-11-17,1.65,4519.99,35837.59,9.5,14.9
1,2023-11-18,9.79,32344.75,35727.63,2.2,4.9
1,2023-11-19,8.32,32069.76,35619.38,5.9,8.1
1,2023-11-20,9.84,33099.12,35512.99,-0.3,4.0
1,2023-11-21,10.56,32799.26,35408.57,2.3,4.7
1,2023-11-22,10.42,28800.00,35306.30,5.0,11.1
1,2023-11-23,8.14,29616.57,35206.33,7.4,9.7
1,2023-11-24,5.77,19650.42,35108.79,-0.2,8.7
1,2023-11-25,9.24,32400.00,35013.83,-5.6,-2.2
1,2023-11-26,6.27,16564.66,34921.63,0.3,5.2
1,2023-11-27,2.48,4770.77,34832.33,5.8,8.1
1,2023-11-28,6.87,26383.44,34746.10,1.9,10.5
1,2023-11-29,2.98,1364.09,34663.08,-0.0,2.8
1,2023-11-30,7.30,28827.17,34583.44,-5.5,-2.0
1,2023-12-01,7.42,32400.00,34507.35,-4.3,-3.0
1,2023-12-02,7.63,30784.10,34434.95,-2.8,-0.6
1,2023-12-03,5.30,13829.25,34366.42,2.4,3.9
1,2023-12-04,9.71,32400.00,34301.77,-0.1,2.5
1,2023-12-05,8.20,28800.00,34240.22,0.7,3.6
1,2023-12-06,2.14,0.00,34181.68,4.9,9.2
1,2023-12-07,8.13,22340.06,34126.24,0.2,8.3
1,2023-12-08,9.55,32400.00,34073.96,0.6,3.7
1,2023-12-09,8.56,30260.50,34024.90,7.4,9.6
1,2023-12-10,5.94,28607.52,33979.15,3.1,7.3
1,2023-12-11,8.62,28800.00,33936.76,1.9,4.1
1,2023-12-12,2.01,3600.00,33897.81,-0.4,3.9
1,2023-12-13,6.63,30596.16,33862.36,-2.5,-0.6
1,2023-12-14,8.51,28800.00,33830.48,-2.9,0.8
1,2023-12-15,1.39,0.00,33802.22,2.4,4.0
1,2023-12-16,2.23,3600.00,33777.67,4.5,10.1
1,2023-12-17,7.31,32400.00,33756.87,-10.6,-5.5
1,2023-12-18,8.78,32400.00,33739.88,-9.7,-6.1
1,2023-12-19,6.76,25253.10,33726.77,-4.5,-0.3
1,2023-12-20,1.53,0.00,33717.60,-7.0,-4.0
1,2023-12-21,3.18,5123.02,33712.41,-9.2,-3.4
1,2023-12-22,9.47,32400.00,33711.26,-10.0,-8.7
1,2023-12-23,7.71,32400.00,33714.20,-8.8,-6.4
1,2023-12-24,7.57,29324.44,33721.29,-3.5,-0.9
1,2023-12-25,7.08,25916.50,33732.57,-2.6,-0.5
1,2023-12-26,5.83,21600.00,33747.99,-1.5,3.2
1,2023-12-27,8.97,32400.00,33767.48,-6.0,-4.1
1,2023-12-28,7.91,28800.00,33790.98,-2.5,0.7
1,2023-12-29,3.93,15716.14,33818.40,-0.0,3.2
1,2023-12-30,7.84,25200.00,33849.66,-0.0,2.8
1,2023-12-31,5.26,20251.36,33884.69,3.1,5.8
1,2024-01-01,8.85,32400.00,33923.43,-7.0,-5.5
1,2024-01-02,7.30,30703.75,33965.77,-0.8,1.9
1,2024-01-03,4.06,7200.00,34011.65,1.8,3.1
1,2024-01-04,6.29,27190.52,34060.99,-2.2,2.0
1,2024-01-05,8.77,29800.67,34113.69,1.8,4.0
1,2024-01-06,6.95,26958.44,34169.68,-1.0,1.4
1,2024-01-07,9.13,32400.00,34228.88,-8.6,-4.7
1,2024-01-08,9.98,29432.36,34291.19,-7.8,-3.6
1,2024-01-09,6.92,25171.52,34356.54,-1.9,0.6
1,2024-01-10,9.41,32446.77,34424.84,-9.3,-3.9
1,2024-01-11,10.30,29935.61,34496.01,-6.5,-3.6
1,2024-01-12,6.36,26372.49,34569.96,-4.8,-1.6
1,2024-01-13,8.64,32696.39,34646.77,-7.3,-5.3
1,2024-01-14,6.75,20431.60,34727.31,-4.2,1.0
1,2024-01-15,9.67,32972.10,34811.56,-12.4,-8.8
1,2024-01-16,10.28,32596.13,34899.35,-9.6,-5.7
1,2024-01-17,9.44,29398.92,34990.51,0.6,2.3
1,2024-01-18,5.76,21204.66,35084.88,0.9,5.4
1,2024-01-19,10.54,32828.85,35182.28,-5.5,-4.5
1,2024-01-20,9.39,29191.58,35282.56,-2.6,3.5
1,2024-01-21,0.63,0.00,35385.54,4.0,5.2
1,2024-01-22,1.66,3600.00,35491.08,5.1,8.0
1,2024-01-23,9.89,33349.76,35599.00,-4.5,-0.6
1,2024-01-24,9.90,31191.72,35709.15,-7.0,-4.5
1,2024-01-25,9.34,31889.52,35821.39,-7.3,-5.0
1,2024-01-26,8.51,31983.11,35935.55,-4.4,-3.1
1,2024-01-27,10.23,33854.15,36051.49,-4.6,-3.5
1,2024-01-28,10.53,34476.56,36169.06,-4.1,-1.2
1,2024-01-29,11.41,34101.16,36288.12,-2.6,1.3
1,2024-01-30,11.20,31437.38,36408.52,-4.9,-1.3
1,2024-01-31,8.51,28387.82,36530.12,1.4,3.5
1,2024-02-01,11.03,35179.83,36652.80,-9.9,0.2
1,2024-02-02,10.04,34258.86,36776.64,-8.7,-7.2
1,2024-02-03,10.19,32905.09,36902.89,-7.8,-5.2
1,2024-02-04,9.00,35392.33,37031.60,-5.6,-4.6
1,2024-02-05,7.65,15602.94,37162.59,-5.2,-2.9
1,2024-02-06,6.45,14946.00,37295.70,-7.0,-3.5
1,2024-02-07,10.39,31213.45,37430.78,-5.0,-1.2
1,2024-02-08,13.21,35678.92,37567.65,-5.7,-4.3
1,2024-02-09,11.24,32000.19,37706.14,-4.9,-2.5
1,2024-02-10,11.92,32400.00,37846.12,-3.1,-1.4
1,2024-02-11,12.54,36376.51,37987.43,-8.2,-6.5
1,2024-02-12,11.51,36093.56,38129.91,-5.1,-0.9
1,2024-02-13,11.82,32400.00,38273.42,3.3,5.5
1,2024-02-14,10.25,31281.43,38417.81,5.9,8.3
1,2024-02-15,6.77,21409.79,38562.95,3.9,10.7
1,2024-02-16,10.95,35408.41,38708.70,-7.9,-6.5
1,2024-02-17,13.42,36529.35,38854.92,-2.1,0.3
1,2024-02-18,15.03,36821.04,39001.46,2.6,5.9
1,2024-02-19,12.01,25200.00,39148.21,10.7,12.4
1,2024-02-20,8.18,20640.91,39295.04,-2.1,12.0
1,2024-02-21,2.97,0.00,39441.80,-3.7,-1.8
1,2024-02-22,9.26,22669.16,39588.61,-6.5,-3.8
1,2024-02-23,9.39,20427.24,39736.72,-6.8,-2.7
1,2024-02-24,13.79,32400.00,39886.22,-7.9,-5.5
1,2024-02-25,6.38,4410.68,40036.98,-1.9,0.6
1,2024-02-26,4.37,0.00,40188.88,-2.4,-0.7
1,2024-02-27,4.85,7109.03,40341.78,-3.0,-1.0
1,2024-02-28,17.15,38927.65,40495.57,-8.0,-4.0
1,2024-02-29,11.78,26858.89,40650.13,-1.7,2.1
1,2024-03-01,3.99,12007.96,40805.33,-2.8,3.1
1,2024-03-02,16.66,39199.24,40961.06,-12.2,-8.5
1,2024-03-03,14.32,36372.38,41117.20,-5.2,0.5
1,2024-03-04,16.41,39383.55,41273.63,-8.3,-6.7
1,2024-03-05,8.88,13558.90,41430.25,-3.9,-2.3
1,2024-03-06,6.05,7169.42,41586.94,-4.5,-1.2
1,2024-03-07,14.29,31559.31,41743.58,-5.6,-1.5
1,2024-03-08,6.37,0.00,41900.08,-2.6,-0.9
1,2024-03-09,6.58,7386.97,42056.31,-4.7,-1.0
1,2024-03-10,14.05,34996.90,42212.17,-7.7,-4.9
1,2024-03-11,12.52,29308.10,42367.55,-1.6,1.4
1,2024-03-12,11.66,22023.70,42522.33,0.5,3.4
1,2024-03-13,15.86,34869.41,42676.62,-5.9,-2.1
1,2024-03-14,11.46,26092.52,42831.56,0.1,3.8
1,2024-03-15,16.09,38842.85,42987.25,0.3,4.2
1,2024-03-16,18.89,40122.14,43143.60,-3.7,0.1
1,2024-03-17,17.29,34140.92,43300.49,0.1,5.0
1,2024-03-18,17.46,40252.87,43457.83,-7.2,-5.0
1,2024-03-19,18.21,32400.00,43615.53,-4.2,-0.0
1,2024-03-20,3.56,0.00,43773.49,-2.7,-0.8
1,2024-03-21,10.99,10851.77,43931.60,-3.8,-0.9
1,2024-03-22,14.10,34785.09,44089.77,-4.3,-1.4
1,2024-03-23,12.14,19466.83,44247.90,0.0,2.3
1,2024-03-24,19.94,33466.26,44405.89,1.5,4.6
1,2024-03-25,7.49,1350.89,44563.64,1.2,4.1
1,2024-03-26,6.35,7456.14,44721.06,-2.4,0.5
1,2024-03-27,21.43,43222.40,44878.03,-2.9,0.5
1,2024-03-28,18.19,30260.42,45034.47,4.8,10.1
1,2024-03-29,5.66,12596.18,45190.26,8.1,13.1
1,2024-03-30,18.59,40637.73,45345.31,1.6,5.1
1,2024-03-31,20.68,35456.47,45499.50,0.5,5.2
1,2024-04-01,19.09,41311.56,45652.74,-0.5,1.9
1,2024-04-02,21.16,43901.49,45805.10,-2.0,1.2
1,2024-04-03,10.21,7697.51,45957.67,5.5,8.9
1,2024-04-04,17.29,38541.92,46110.54,4.0,10.3
1,2024-04-05,22.60,44846.11,46263.61,0.7,4.2
1,2024-04-06,15.07,35813.11,46416.80,9.6,12.9
1,2024-04-07,18.31,32272.60,46569.99,11.5,14.2
1,2024-04-08,15.42,27186.31,46723.10,14.3,15.2
1,2024-04-09,4.39,10383.39,46876.01,1.4,9.4
1,2024-04-10,24.21,45179.65,47028.64,1.0,5.8
1,2024-04-11,20.99,27439.61,47180.87,6.7,8.8
1,2024-04-12,20.48,41754.66,47332.60,7.9,9.8
1,2024-04-13,20.89,46748.62,47483.74,9.6,11.6
1,2024-04-14,21.90,46800.00,47634.15,9.5,12.0
1,2024-04-15,24.23,45934.41,47783.75,9.7,12.3
1,2024-04-16,18.58,35285.31,47932.41,11.2,14.9
1,2024-04-17,15.34,39934.29,48080.02,10.5,14.3
1,2024-04-18,18.13,30258.94,48226.46,10.0,10.9
1,2024-04-19,16.15,39786.21,48371.62,6.9,9.4
1,2024-04-20,23.98,42473.23,48515.36,1.2,6.0
1,2024-04-21,24.65,46800.00,48657.58,7.0,8.6
1,2024-04-22,21.62,34687.60,48798.33,6.8,8.7
1,2024-04-23,9.60,3942.46,48938.64,9.1,11.0
1,2024-04-24,9.57,4696.06,49078.62,12.1,14.8
1,2024-04-25,17.45,36000.00,49218.14,9.5,15.7
1,2024-04-26,25.60,46800.00,49357.12,12.3,16.5
1,2024-04-27,21.85,43344.32,49495.42,15.4,18.1
1,2024-04-28,22.76,43566.89,49632.96,13.3,17.3
1,2024-04-29,21.29,34053.83,49769.60,9.0,16.5
1,2024-04-30,16.08,24092.90,49905.24,13.3,16.2
1,2024-05-01,20.60,41006.65,50039.76,3.3,5.8
1,2024-05-02,26.14,46800.00,50173.03,6.0,8.8
1,2024-05-03,26.74,46800.00,50304.92,5.7,9.3
1,2024-05-04,25.74,46800.00,50435.33,9.6,12.3
1,2024-05-05,23.52,36000.00,50564.11,13.7,17.2
1,2024-05-06,7.16,0.00,50691.13,15.3,17.1
1,2024-05-07,13.31,22095.20,50816.27,14.2,17.2
1,2024-05-08,11.30,16669.09,50939.38,7.3,10.8
1,2024-05-09,14.68,26537.15,51060.32,5.4,7.0
1,2024-05-10,25.38,42092.59,51178.96,6.1,9.2
1,2024-05-11,24.43,42565.48,51295.14,12.8,15.5
1,2024-05-12,15.90,29271.17,51408.89,15.5,17.1
1,2024-05-13,7.62,7848.03,51521.14,12.6,17.9
1,2024-05-14,27.72,47302.65,51631.95,6.1,9.5
1,2024-05-15,24.03,35940.45,51741.20,13.4,15.0
1,2024-05-16,12.21,16172.85,51848.80,12.2,16.2
1,2024-05-17,13.39,25075.40,51954.64,9.3,11.3
1,2024-05-18,27.33,44903.55,52058.60,8.9,13.4
1,2024-05-19,20.45,34679.23,52160.58,13.9,17.2
1,2024-05-20,8.05,5814.45,52260.46,15.1,17.0
1,2024-05-21,26.23,48571.37,52358.12,6.0,13.3
1,2024-05-22,28.56,48532.80,52453.46,10.4,14.4
1,2024-05-23,27.71,47836.97,52546.34,14.1,17.7
1,2024-05-24,17.72,28277.19,52636.65,12.1,18.8
1,2024-05-25,26.87,49084.48,52724.27,7.2,11.4
1,2024-05-26,25.34,36318.71,52809.08,12.3,16.5
1,2024-05-27,17.19,22479.14,52890.95,17.0,18.3
1,2024-05-28,6.60,1488.21,52969.77,13.3,15.4
1,2024-05-29,23.48,44122.67,53045.39,11.4,15.3
1,2024-05-30,18.16,25079.84,53117.71,12.7,14.9
1,2024-05-31,6.35,0.00,53186.60,13.9,15.9
1,2024-06-01,17.22,31393.69,53252.03,11.5,12.8
1,2024-06-02,9.35,2030.46,53314.56,12.3,13.1
1,2024-06-03,5.99,0.00,53374.25,13.4,14.4
1,2024-06-04,16.17,26404.07,53431.03,12.7,13.3
1,2024-06-05,23.52,44434.00,53484.87,12.3,13.3
1,2024-06-06,23.33,34301.03,53535.68,13.2,14.6
1,2024-06-07,20.43,37132.69,53583.43,15.8,17.7
1,2024-06-08,26.31,43865.24,53628.05,15.9,17.9
1,2024-06-09,19.14,26724.52,53669.51,17.0,17.6
1,2024-06-10,20.01,46860.06,53707.73,17.0,18.7
1,2024-06-11,24.90,50045.60,53742.68,18.0,20.3
1,2024-06-12,25.46,49698.50,53774.30,19.9,22.8
1,2024-06-13,23.91,49685.77,53802.55,20.3,23.6
1,2024-06-14,22.10,44363.05,53827.36,17.9,19.8
1,2024-06-15,24.57,43367.74,53848.71,18.6,21.1
1,2024-06-16,24.39,42478.36,53866.54,19.2,21.6
1,2024-06-17,26.31,39981.56,53880.82,14.3,18.5
1,2024-06-18,17.08,22886.32,53891.49,18.1,20.1
1,2024-06-19,24.51,46655.79,53898.52,17.6,19.4
1,2024-06-20,27.35,50326.86,53901.88,18.4,20.2
1,2024-06-21,20.58,34287.46,53901.51,20.5,22.7
1,2024-06-22,21.09,36000.00,53897.39,19.7,21.5
1,2024-06-23,12.52,10695.51,53889.55,18.8,20.3
1,2024-06-24,19.55,37299.78,53878.03,20.4,24.3
1,2024-06-25,14.17,28477.67,53862.89,19.9,22.2
1,2024-06-26,23.84,50350.62,53844.17,15.8,19.9
1,2024-06-27,27.57,50590.55,53821.94,15.5,19.2
1,2024-06-28,22.82,39025.65,53796.23,18.5,20.8
1,2024-06-29,24.84,51051.41,53767.11,20.4,22.1
1,2024-06-30,16.49,18950.19,53734.63,21.9,22.7
1,2024-07-01,21.51,47747.35,53698.85,17.2,21.7
1,2024-07-02,28.12,47429.13,53659.83,14.2,17.7
1,2024-07-03,18.14,27563.75,53617.62,18.5,23.1
1,2024-07-04,22.68,41266.11,53572.28,18.4,22.9
1,2024-07-05,16.41,30399.36,53523.89,20.4,22.3
1,2024-07-06,22.19,34245.92,53472.49,20.8,22.8
1,2024-07-07,12.65,16465.13,53418.15,23.3,25.9
1,2024-07-08,12.97,22164.02,53360.94,21.6,22.6
1,2024-07-09,5.85,9821.64,53300.90,21.8,23.8
1,2024-07-10,12.12,20322.07,53238.12,22.0,23.2
1,2024-07-11,19.80,47220.72,53172.54,20.5,22.3
1,2024-07-12,19.39,38644.15,53103.54,20.0,22.1
1,2024-07-13,24.16,45280.54,53031.15,19.9,21.3
1,2024-07-14,19.04,23008.16,52955.49,20.8,22.7
1,2024-07-15,23.16,39772.91,52876.69,20.2,21.7
1,2024-07-16,25.51,39208.30,52794.87,20.1,21.6
1,2024-07-17,19.59,40875.99,52710.17,21.7,23.2
1,2024-07-18,20.81,45283.15,52622.69,22.8,24.4
1,2024-07-19,9.24,5254.00,52532.59,24.4,25.3
1,2024-07-20,15.91,35491.14,52439.97,23.3,26.6
1,2024-07-21,26.09,46931.24,52344.95,23.4,24.6
1,2024-07-22,26.07,49761.62,52247.67,21.3,24.9
1,2024-07-23,16.56,34976.17,52148.23,23.4,25.3
1,2024-07-24,7.67,11317.25,52046.76,21.6,23.7
1,2024-07-25,10.95,7657.94,51943.37,22.9,24.8
1,2024-07-26,13.51,18317.54,51838.16,21.7,23.3
1,2024-07-27,4.93,0.00,51731.28,21.4,24.3
1,2024-07-28,10.90,8618.79,51622.80,24.7,27.2
1,2024-07-29,10.36,22303.28,51512.86,24.1,26.1
1,2024-07-30,22.50,43387.89,51401.55,22.7,23.9
1,2024-07-31,18.65,38109.30,51288.80,22.5,23.5
1,2024-08-01,18.82,41297.74,51173.70,22.1,23.3
1,2024-08-02,24.39,46800.00,51056.22,23.7,25.3
1,2024-08-03,23.70,47244.13,50936.50,24.7,26.3
1,2024-08-04,20.30,47273.81,50814.67,24.8,26.0
1,2024-08-05,19.83,46800.00,50690.88,24.5,25.9
1,2024-08-06,20.96,43739.45,50565.26,23.7,24.7
1,2024-08-07,19.71,39933.99,50437.93,24.1,24.8
1,2024-08-08,23.12,46800.00,50309.03,23.4,24.6
1,2024-08-09,22.20,44073.95,50178.69,23.1,24.6
1,2024-08-10,15.46,32400.00,50047.01,23.1,23.7
1,2024-08-11,5.93,1319.87,49914.14,23.9,25.1
1,2024-08-12,4.31,5155.92,49780.19,24.9,25.8
1,2024-08-13,20.62,42280.07,49645.27,24.9,26.0
1,2024-08-14,19.34,46454.10,49509.49,25.0,27.1
1,2024-08-15,16.72,30438.61,49372.97,24.2,25.8
1,2024-08-16,14.80,22000.53,49235.83,24.1,25.0
1,2024-08-17,9.36,11637.11,49098.15,22.3,24.2
1,2024-08-18,16.73,39581.66,48960.06,22.7,23.2
1,2024-08-19,19.95,43493.98,48821.64,22.3,23.3
1,2024-08-20,12.47,15383.08,48682.83,21.6,22.7
1,2024-08-21,11.20,14410.63,48542.63,21.4,22.4
1,2024-08-22,14.35,27010.81,48400.95,22.8,24.4
1,2024-08-23,16.65,40256.55,48257.92,25.0,26.6
1,2024-08-24,18.03,40398.66,48113.67,25.0,27.6
1,2024-08-25,10.93,19489.20,47968.29,23.5,24.4
1,2024-08-26,15.80,36766.55,47821.90,24.6,25.4
1,2024-08-27,17.85,31808.40,47674.62,24.1,24.8
1,2024-08-28,7.93,4434.13,47526.55,23.4,24.8
1,2024-08-29,7.51,309.74,47377.78,23.6,24.6
1,2024-08-30,4.28,175.54,47228.44,24.1,24.7
1,2024-08-31,10.86,22882.27,47078.61,23.4,25.6
1,2024-09-01,15.68,39528.56,46928.39,24.0,25.4
1,2024-09-02,14.80,22480.70,46777.90,21.8,26.2
1,2024-09-03,16.47,44675.44,46627.21,18.7,21.0
1,2024-09-04,19.83,43409.64,46476.44,19.8,21.4
1,2024-09-05,20.50,45139.21,46325.65,22.0,23.7
1,2024-09-06,10.05,22888.74,46174.97,20.5,23.1
1,2024-09-07,16.53,40804.30,46024.47,21.8,22.3
1,2024-09-08,20.51,45341.89,45874.24,19.2,21.7
1,2024-09-09,18.78,38984.26,45724.21,19.0,21.5
1,2024-09-10,18.04,42257.23,45573.35,23.5,25.0
1,2024-09-11,19.63,43822.69,45421.56,23.0,24.9
1,2024-09-12,13.84,35019.49,45268.97,21.2,22.7
1,2024-09-13,15.61,29475.37,45115.66,20.8,22.6
1,2024-09-14,9.68,20751.58,44961.74,20.1,23.5
1,2024-09-15,13.65,32438.16,44807.30,20.3,25.6
1,2024-09-16,20.68,40771.23,44652.43,15.7,19.6
1,2024-09-17,10.64,17412.10,44497.23,19.9,22.2
1,2024-09-18,11.39,28153.06,44341.80,18.4,19.8
1,2024-09-19,18.25,35753.29,44186.22,19.7,22.1
1,2024-09-20,11.34,28800.00,44030.58,18.5,22.6
1,2024-09-21,2.82,0.00,43874.99,14.0,16.8
1,2024-09-22,2.97,3660.53,43719.53,16.3,17.6
1,2024-09-23,8.38,14611.75,43564.30,12.6,14.2
1,2024-09-24,15.05,38957.38,43409.37,10.6,13.3
1,2024-09-25,8.34,7819.41,43254.87,16.3,19.2
1,2024-09-26,8.00,8711.29,43100.85,19.5,20.6
1,2024-09-27,15.10,39890.15,42947.44,19.4,22.2
1,2024-09-28,16.53,38018.90,42794.71,15.8,17.7
1,2024-09-29,13.71,31056.49,42642.56,15.1,16.9
1,2024-09-30,18.27,39013.57,42489.93,14.7,18.2
1,2024-10-01,16.07,36721.34,42336.72,18.0,19.5
1,2024-10-02,14.27,32400.00,42183.04,17.0,21.4
1,2024-10-03,4.53,3600.00,42028.98,15.5,18.3
1,2024-10-04,7.99,12596.24,41874.65,17.9,21.7
1,2024-10-05,12.45,39526.84,41720.17,15.8,16.8
1,2024-10-06,8.61,17818.82,41565.62,16.7,19.5
1,2024-10-07,5.71,2273.91,41411.11,15.7,20.1
1,2024-10-08,4.79,1681.20,41256.76,14.5,15.5
1,2024-10-09,4.80,4820.90,41102.66,12.8,13.8
1,2024-10-10,11.29,28164.60,40948.93,11.3,13.2
1,2024-10-11,6.56,16080.18,40795.67,11.5,13.8
1,2024-10-12,16.09,39189.94,40642.98,10.4,14.4
1,2024-10-13,14.55,39098.62,40491.00,10.1,14.9
1,2024-10-14,15.35,34347.01,40339.82,10.9,14.2
1,2024-10-15,11.05,20698.10,40189.56,16.4,17.8
1,2024-10-16,4.18,13939.05,40040.35,16.4,19.4
1,2024-10-17,13.15,34637.61,39892.29,12.2,14.5
1,2024-10-18,7.11,9526.24,39745.52,17.6,20.6
1,2024-10-19,9.48,26761.71,39599.92,10.9,22.3
1,2024-10-20,13.73,38473.53,39454.31,1.1,3.0
1,2024-10-21,13.95,37900.34,39308.61,9.1,13.9
1,2024-10-22,11.73,24176.40,39162.91,16.3,18.7
1,2024-10-23,7.70,19913.72,39017.36,17.0,21.1
1,2024-10-24,13.63,36790.77,38872.07,11.7,15.8
1,2024-10-25,14.14,35067.60,38727.18,10.2,12.1
1,2024-10-26,13.05,31567.88,38582.82,9.0,11.6
1,2024-10-27,7.33,13692.79,38439.12,13.9,16.1
1,2024-10-28,8.03,28702.87,38296.21,6.7,14.1
1,2024-10-29,12.52,25697.76,38154.24,6.6,11.4
1,2024-10-30,7.05,24976.80,38013.34,9.3,12.8
1,2024-10-31,12.09,35817.95,37873.66,7.6,10.8
1,2024-11-01,9.93,25200.00,37735.35,10.9,13.1
1,2024-11-02,2.42,6744.91,37598.54,10.2,13.3
1,2024-11-03,12.19,35476.85,37463.40,4.5,7.6
1,2024-11-04,12.54,33451.10,37330.08,9.5,12.6
1,2024-11-05,7.07,16261.46,37198.73,2.8,5.7
1,2024-11-06,4.58,10997.86,37069.53,2.9,5.2
1,2024-11-07,10.30,35205.60,36942.63,-1.8,-0.4
1,2024-11-08,11.24,27973.98,36817.96,0.5,4.1
1,2024-11-09,10.61,32459.43,36694.30,4.3,7.0
1,2024-11-10,11.64,34724.66,36571.55,9.0,10.8
1,2024-11-11,10.80,28800.00,36449.85,7.0,10.2
1,2024-11-12,8.27,27246.07,36329.34,6.8,9.6
1,2024-11-13,10.59,34522.56,36210.16,-0.1,1.4
1,2024-11-14,10.41,28800.00,36092.46,5.0,7.8
1,2024-11-15,6.22,23954.45,35976.38,5.6,9.5
1,2024-11-16,10.72,33312.90,35862.08,8.8,13.4
1,2024-11-17,7.52,28444.57,35749.71,9.5,15.9
1,2024-11-18,9.04,33726.74,35639.42,-5.2,-2.8
1,2024-11-19,10.38,33092.99,35531.38,-4.5,-1.5
1,2024-11-20,9.16,32455.94,35425.74,-1.0,1.4
1,2024-11-21,10.13,32400.00,35322.67,0.5,5.2
1,2024-11-22,7.70,25731.76,35222.33,2.4,5.8
1,2024-11-23,9.53,32901.11,35124.88,-1.1,0.7
1,2024-11-24,9.85,32400.00,35030.51,-2.7,-0.2
1,2024-11-25,9.44,29276.77,34939.38,-2.4,-0.1
1,2024-11-26,8.32,31924.54,34851.66,8.0,12.9
1,2024-11-27,8.56,32400.00,34767.53,7.3,12.7
1,2024-11-28,8.01,30627.85,34686.97,1.2,3.4
1,2024-11-29,8.88,32400.00,34609.07,-2.0,2.1
1,2024-11-30,9.04,32445.82,34533.73,-3.8,-0.1
1,2024-12-01,9.83,32400.00,34461.05,-3.2,-1.1
1,2024-12-02,9.60,32400.00,34391.12,0.4,3.7
1,2024-12-03,6.11,18000.00,34324.06,5.3,7.6
1,2024-12-04,4.71,16940.62,34259.95,0.4,6.8
1,2024-12-05,8.56,29097.76,34198.88,-0.9,1.6
1,2024-12-06,5.89,25028.62,34140.98,-4.4,4.7
1,2024-12-07,9.63,32400.00,34086.33,-7.3,-5.4
1,2024-12-08,8.23,32400.00,34035.02,-6.0,-3.5
1,2024-12-09,7.81,32206.88,33987.15,-3.5,-1.9
1,2024-12-10,7.84,32400.00,33942.83,-2.5,-1.1
1,2024-12-11,8.00,32229.40,33902.15,-7.5,-1.5
1,2024-12-12,5.58,25200.00,33865.20,-6.9,-5.1
1,2024-12-13,8.72,30009.95,33832.08,-5.0,-2.0
1,2024-12-14,8.26,32073.42,33802.88,-6.5,-2.8
1,2024-12-15,4.15,12502.76,33777.69,-4.5,-1.0
1,2024-12-16,9.19,32400.00,33756.61,-6.6,-4.4
1,2024-12-17,8.11,32330.65,33739.72,-6.3,-4.4
1,2024-12-18,8.54,32400.00,33727.06,-9.2,-6.0
1,2024-12-19,9.38,32400.00,33718.45,-7.5,-2.9
1,2024-12-20,8.74,32400.00,33713.82,-4.0,-1.1
1,2024-12-21,5.89,23999.82,33713.16,0.3,2.8
1,2024-12-22,8.22,32400.00,33716.42,-7.8,-1.7
1,2024-12-23,8.15,32400.00,33723.56,-8.4,-7.6
1,2024-12-24,7.61,31598.21,33734.54,-7.3,-3.9
1,2024-12-25,8.22,29266.60,33749.34,-3.1,0.8
1,2024-12-26,5.64,24627.65,33767.92,-4.4,1.8
1,2024-12-27,7.48,31644.55,33790.20,-8.6,-7.4
1,2024-12-28,8.64,32400.00,33816.19,-7.2,-5.5
1,2024-12-29,5.92,21853.66,33845.80,-7.4,-4.0
1,2024-12-30,8.38,28800.00,33879.01,-3.0,2.3
1,2024-12-31,6.45,27038.34,33915.75,-2.1,4.5
1,2025-01-01,9.23,32400.00,33955.99,-6.1,-4.7
1,2025-01-02,9.43,32400.00,33999.67,-8.0,-5.3
1,2025-01-03,8.81,32400.00,34046.74,-9.8,-7.9
1,2025-01-04,8.61,32400.00,34097.15,-8.7,-6.6
1,2025-01-05,6.96,21600.00,34150.83,-5.3,-2.7
1,2025-01-06,8.71,28800.00,34207.74,-0.1,2.8
1,2025-01-07,8.58,32400.00,34267.96,-2.0,3.9
1,2025-01-08,9.55,32287.64,34332.16,-7.4,-5.9
1,2025-01-09,8.21,28800.00,34400.31,-9.8,-6.4
1,2025-01-10,9.71,32427.99,34472.27,-6.2,-3.2
1,2025-01-11,9.64,32400.00,34547.87,-3.4,-0.7
1,2025-01-12,8.34,25997.36,34626.97,-2.1,-1.0
1,2025-01-13,7.50,24906.71,34709.41,-4.9,-1.5
1,2025-01-14,7.82,30333.56,34795.04,-4.3,0.6
1,2025-01-15,7.01,31065.31,34883.71,-9.3,-6.2
1,2025-01-16,9.08,32568.09,34975.26,-7.3,-3.0
1,2025-01-17,8.45,32532.09,35069.54,-10.0,-8.8
1,2025-01-18,7.27,29387.69,35166.42,-6.8,-3.7
1,2025-01-19,9.98,31555.58,35265.74,-4.1,-2.1
1,2025-01-20,8.56,31344.60,35367.36,1.1,3.2
1,2025-01-21,5.66,18182.15,35471.14,1.4,2.3
1,2025-01-22,5.73,18373.19,35576.94,-1.5,1.8
1,2025-01-23,8.00,25445.74,35684.62,-1.0,2.0
1,2025-01-24,10.27,33947.10,35794.04,-4.4,-1.4
1,2025-01-25,10.47,28800.00,35905.08,-3.6,2.8
1,2025-01-26,3.41,937.44,36017.60,-1.4,2.4
1,2025-01-27,9.85,32423.02,36131.68,-4.6,-0.6
1,2025-01-28,10.45,34446.43,36248.52,-2.7,-0.4
1,2025-01-29,9.27,33213.70,36368.17,-4.6,-3.0
1,2025-01-30,11.63,35085.30,36490.42,-7.6,-5.9
1,2025-01-31,9.32,34974.75,36615.12,-7.7,-6.7
1,2025-02-01,9.56,35228.74,36742.10,-7.9,-6.1
1,2025-02-02,12.38,31700.91,36871.17,-6.5,-4.8
1,2025-02-03,7.22,17629.97,37002.18,-1.8,1.4
1,2025-02-04,12.57,35445.79,37134.96,-8.8,-1.9
1,2025-02-05,11.37,35552.29,37269.35,-11.3,-7.8
1,2025-02-06,12.76,35590.93,37405.21,-10.7,-9.6
1,2025-02-07,10.90,35946.78,37542.36,-12.8,-10.2
1,2025-02-08,14.10,35982.93,37680.67,-11.2,-7.3
1,2025-02-09,13.60,35807.96,37819.98,-8.1,-6.6
1,2025-02-10,13.35,35879.86,37960.15,-8.4,-6.7
1,2025-02-11,13.23,36086.89,38101.03,-8.6,-6.3
1,2025-02-12,7.34,21849.87,38242.50,-2.5,3.6
1,2025-02-13,11.46,34953.02,38384.40,-7.7,3.3
1,2025-02-14,14.00,36960.64,38526.61,-8.4,-6.6
1,2025-02-15,14.78,36000.00,38668.99,-6.2,-4.0
1,2025-02-16,12.29,36000.00,38811.65,-1.0,1.9
1,2025-02-17,12.48,30570.57,38955.85,-7.1,0.9
1,2025-02-18,15.86,38146.45,39101.68,-13.3,-11.4
1,2025-02-19,14.41,37383.84,39248.99,-9.3,-7.1
1,2025-02-20,14.98,36394.54,39397.67,-8.0,-5.2
1,2025-02-21,14.02,38392.04,39547.55,-6.8,-3.0
1,2025-02-22,14.39,38476.51,39698.52,-8.8,-6.4
1,2025-02-23,15.00,38562.08,39850.43,-10.3,-7.9
1,2025-02-24,14.92,38648.64,40003.17,-8.9,-4.8
1,2025-02-25,15.43,32400.00,40156.61,-3.1,0.2
1,2025-02-26,13.89,36916.49,40310.61,-6.6,0.3
1,2025-02-27,14.88,37910.64,40465.06,-5.3,0.9
1,2025-02-28,13.68,36851.39,40619.84,-2.0,2.7
1,2025-03-01,15.29,32331.29,40774.83,-0.5,2.1
1,2025-03-02,11.76,27071.39,40929.90,-1.7,4.9
1,2025-03-03,10.25,18367.54,41084.94,-8.9,-7.1
1,2025-03-04,12.78,25200.00,41239.84,-4.1,0.2
1,2025-03-05,2.50,0.00,41394.48,4.1,5.1
1,2025-03-06,6.52,8090.53,41548.74,-1.0,3.8
1,2025-03-07,17.12,40015.54,41702.52,-9.2,-7.7
1,2025-03-08,15.85,36046.74,41855.90,-5.1,-3.2
1,2025-03-09,16.47,39600.00,42010.07,-3.0,-1.5
1,2025-03-10,18.95,40217.19,42165.13,-2.9,1.4
1,2025-03-11,18.50,39884.99,42320.97,-0.1,2.2
1,2025-03-12,16.05,31885.75,42477.48,5.5,8.9
1,2025-03-13,17.88,40718.36,42634.56,-2.8,5.0
1,2025-03-14,18.93,39600.00,42792.12,-5.4,-3.6
1,2025-03-15,13.91,24484.55,42950.05,-3.8,0.1
1,2025-03-16,2.67,0.00,43108.24,1.9,3.0
1,2025-03-17,7.46,7271.91,43266.59,-1.5,0.7
1,2025-03-18,17.40,34254.35,43425.02,-5.1,-0.4
1,2025-03-19,7.14,0.00,43583.40,-1.9,1.4
1,2025-03-20,14.64,31077.44,43741.65,-1.9,-0.0
1,2025-03-21,14.92,37969.30,43899.66,2.7,5.3
1,2025-03-22,17.61,41032.26,44057.34,3.1,5.1
1,2025-03-23,20.94,42009.21,44214.56,-2.4,2.8
1,2025-03-24,19.51,36000.00,44371.26,3.8,6.8
1,2025-03-25,19.59,41836.74,44527.30,6.8,8.1
1,2025-03-26,14.34,37329.44,44682.59,0.7,5.6
1,2025-03-27,17.30,25200.00,44837.02,7.9,13.0
1,2025-03-28,9.25,12956.56,44990.69,6.3,15.4
1,2025-03-29,7.82,15609.25,45144.68,-1.4,1.7
1,2025-03-30,16.52,39395.01,45299.08,-5.0,1.1
1,2025-03-31,21.57,42641.67,45453.81,-4.8,-1.9
1,2025-04-01,11.46,17378.20,45608.77,2.6,5.3
1,2025-04-02,3.49,0.00,45763.86,4.7,6.2
1,2025-04-03,7.52,8292.80,45918.99,3.1,4.2
1,2025-04-04,13.87,31215.70,46074.06,1.3,4.1
1,2025-04-05,20.65,38514.01,46228.97,2.4,6.7
1,2025-04-06,17.61,35590.17,46383.62,8.4,10.2
1,2025-04-07,18.86,45171.96,46537.92,2.9,6.9
1,2025-04-08,17.38,25767.52,46691.75,4.7,6.7
1,2025-04-09,16.85,39144.31,46845.01,3.8,6.4
1,2025-04-10,13.75,26887.51,46997.60,6.1,9.3
1,2025-04-11,14.85,32911.47,47149.42,9.3,10.4
1,2025-04-12,14.18,22349.69,47300.35,7.2,8.0
1,2025-04-13,4.47,0.00,47450.28,9.2,10.2
1,2025-04-14,5.00,2002.69,47599.10,8.0,11.7
1,2025-04-15,8.11,10194.23,47746.69,6.4,9.5
1,2025-04-16,17.18,41212.99,47892.93,0.5,3.1
1,2025-04-17,22.18,37100.34,48037.90,6.9,10.4
1,2025-04-18,13.02,27775.82,48182.65,11.6,15.3
1,2025-04-19,23.07,39480.77,48327.27,8.0,14.2
1,2025-04-20,15.29,30058.09,48471.65,10.0,16.2
1,2025-04-21,21.77,46800.00,48615.69,3.2,5.1
1,2025-04-22,20.32,28803.45,48759.28,7.0,12.8
1,2025-04-23,11.26,15164.39,48902.32,11.5,13.9
1,2025-04-24,9.89,14949.00,49044.70,8.5,10.2
1,2025-04-25,18.44,41216.49,49186.29,5.2,11.2
1,2025-04-26,23.17,44984.12,49327.00,1.4,3.5
1,2025-04-27,22.00,28976.86,49466.69,6.2,9.3
1,2025-04-28,12.95,12681.73,49605.26,7.9,10.1
1,2025-04-29,12.59,26158.95,49742.56,6.0,12.5
1,2025-04-30,21.11,46800.00,49878.50,5.2,8.8
1,2025-05-01,23.88,46800.00,50012.93,9.3,11.7
1,2025-05-02,11.80,16221.60,50145.71,11.2,11.9
1,2025-05-03,20.29,35829.47,50276.74,8.3,11.4
1,2025-05-04,23.66,44705.72,50405.85,6.0,8.8
1,2025-05-05,22.94,34680.73,50532.93,6.0,9.7
1,2025-05-06,5.76,0.00,50657.82,10.2,10.7
1,2025-05-07,13.46,26051.83,50780.56,8.4,10.7
1,2025-05-08,24.91,46825.49,50902.12,6.2,9.4
1,2025-05-09,21.24,30343.00,51022.58,11.9,13.6
1,2025-05-10,7.87,0.00,51141.82,13.8,15.8
1,2025-05-11,12.41,13905.63,51259.74,9.2,13.1
1,2025-05-12,12.95,21506.52,51376.23,10.7,12.3
1,2025-05-13,27.01,47010.63,51491.15,10.3,14.1
1,2025-05-14,23.91,46227.56,51604.42,11.1,14.7
1,2025-05-15,22.52,38691.27,51715.89,15.2,17.2
1,2025-05-16,20.87,36688.84,51825.46,16.4,19.2
1,2025-05-17,10.68,15501.78,51933.00,16.5,18.0
1,2025-05-18,22.98,34837.90,52038.38,13.8,16.9
1,2025-05-19,25.56,36153.58,52141.48,7.7,14.8
1,2025-05-20,19.20,34914.67,52242.17,11.6,15.7
1,2025-05-21,10.54,14456.00,52340.33,13.9,15.5
1,2025-05-22,13.34,19396.99,52435.81,10.2,14.3
1,2025-05-23,21.84,42871.65,52528.49,10.1,11.2
1,2025-05-24,7.17,3815.86,52618.23,11.0,12.6
1,2025-05-25,7.47,7728.74,52704.89,10.6,12.7
1,2025-05-26,22.73,42170.26,52788.34,9.6,13.8
1,2025-05-27,21.46,30847.84,52868.57,11.9,14.0
1,2025-05-28,24.74,48998.74,52946.26,12.7,14.8
1,2025-05-29,24.05,36979.06,53021.47,14.4,16.6
1,2025-05-30,11.21,2992.63,53094.12,14.0,15.7
1,2025-05-31,5.08,0.00,53164.12,10.1,12.2
1,2025-06-01,14.39,26158.67,53231.41,9.1,12.0
1,2025-06-02,27.23,44156.50,53295.91,12.1,14.6
1,2025-06-03,17.35,23842.25,53357.55,16.2,19.2
1,2025-06-04,20.99,49824.42,53416.24,12.5,18.7
1,2025-06-05,24.67,47109.63,53471.92,11.6,14.0
1,2025-06-06,24.00,43200.00,53524.50,15.7,18.4
1,2025-06-07,24.84,42693.33,53573.92,16.5,20.4
1,2025-06-08,25.53,51098.34,53620.10,15.5,19.2
1,2025-06-09,25.23,42793.76,53662.96,15.9,18.2
1,2025-06-10,23.48,29398.00,53702.44,18.7,20.2
1,2025-06-11,9.59,13104.49,53738.45,17.7,21.9
1,2025-06-12,25.51,51386.73,53770.94,14.3,17.7
1,2025-06-13,26.69,43845.01,53799.83,15.5,16.8
1,2025-06-14,12.25,7576.99,53825.06,17.6,18.0
1,2025-06-15,19.60,40237.95,53846.55,19.6,20.8
1,2025-06-16,17.76,27349.74,53864.27,20.3,22.2
1,2025-06-17,26.41,52368.35,53878.36,19.0,21.5
1,2025-06-18,25.91,51348.02,53888.84,19.7,23.9
1,2025-06-19,24.75,50332.16,53895.74,20.4,22.7
1,2025-06-20,25.92,45812.90,53899.08,21.3,22.7
1,2025-06-21,24.04,41913.69,53898.89,21.5,22.5
1,2025-06-22,18.96,32519.14,53895.18,21.1,22.8
1,2025-06-23,9.75,5508.59,53887.98,20.9,22.5
1,2025-06-24,15.27,31818.94,53877.31,21.2,23.4
1,2025-06-25,19.88,32890.71,53863.20,23.3,24.3
1,2025-06-26,13.86,24078.61,53845.69,22.2,25.1
1,2025-06-27,25.78,50334.53,53824.80,19.6,22.3
1,2025-06-28,25.93,51376.34,53800.56,18.5,20.2
1,2025-06-29,27.35,43977.37,53773.02,19.3,21.2
1,2025-06-30,18.31,37922.96,53742.20,21.2,23.1
1,2025-07-01,20.71,39280.67,53708.14,23.0,25.3
1,2025-07-02,20.07,40163.22,53670.89,23.5,25.3
1,2025-07-03,20.68,38755.02,53630.46,24.3,26.1
1,2025-07-04,13.86,18000.00,53586.92,24.4,26.5
1,2025-07-05,20.71,44964.94,53540.30,22.4,24.4
1,2025-07-06,24.78,50133.04,53490.53,23.7,26.4
1,2025-07-07,24.32,48417.12,53437.17,24.1,25.3
1,2025-07-08,22.15,45308.72,53380.21,23.4,24.3
1,2025-07-09,18.77,33530.24,53319.78,21.3,24.1
1,2025-07-10,13.24,19045.35,53255.98,17.7,19.2
1,2025-07-11,17.02,28990.66,53188.95,15.2,16.3
1,2025-07-12,17.53,32722.99,53118.78,16.1,18.5
1,2025-07-13,28.17,50111.58,53045.58,20.1,21.5
1,2025-07-14,15.31,18000.00,52969.49,23.3,24.3
1,2025-07-15,8.91,164.33,52890.60,23.8,24.8
1,2025-07-16,15.96,24473.30,52809.03,23.7,25.3
1,2025-07-17,11.94,15021.42,52724.89,23.7,24.8
1,2025-07-18,22.33,47296.50,52638.30,25.0,27.1
1,2025-07-19,23.78,42331.09,52549.36,24.7,26.9
1,2025-07-20,24.33,48873.67,52458.18,22.8,26.6
1,2025-07-21,23.88,48572.74,52364.87,23.1,25.0
1,2025-07-22,25.75,49230.06,52269.53,22.5,24.1
1,2025-07-23,24.43,48325.62,52172.27,23.2,25.3
1,2025-07-24,23.99,48692.06,52073.20,23.1,24.5
1,2025-07-25,25.75,46367.92,51972.41,22.7,25.1
1,2025-07-26,14.09,16776.85,51869.84,20.9,22.5
1,2025-07-27,16.24,30819.56,51764.64,22.6,23.7
1,2025-07-28,24.29,48044.19,51656.77,23.0,24.3
1,2025-07-29,25.19,48389.23,51546.38,22.5,23.9
1,2025-07-30,24.90,48091.10,51433.62,22.4,24.0
1,2025-07-31,23.36,46985.69,51318.62,22.0,22.9
1,2025-08-01,17.34,27543.15,51201.51,24.0,25.8
1,2025-08-02,15.80,39731.49,51082.44,24.7,25.6
1,2025-08-03,20.22,44242.06,50961.53,25.0,25.6
1,2025-08-04,22.14,43324.06,50838.91,25.2,26.5
1,2025-08-05,18.60,40098.65,50714.71,23.8,26.3
1,2025-08-06,18.91,32474.79,50589.06,23.8,25.1
1,2025-08-07,14.07,31167.26,50462.07,23.2,25.8
1,2025-08-08,23.96,47078.27,50333.87,19.5,23.0
1,2025-08-09,22.63,43200.00,50204.57,21.1,24.0
1,2025-08-10,13.63,20187.80,50074.29,22.5,23.6
1,2025-08-11,16.95,25802.84,49943.14,24.2,25.7
1,2025-08-12,11.29,17496.10,49811.23,22.1,24.3
1,2025-08-13,23.67,46800.00,49678.67,20.1,21.8
1,2025-08-14,21.66,42717.60,49545.57,21.9,23.4
1,2025-08-15,22.54,46800.00,49411.84,22.2,24.8
1,2025-08-16,25.11,46800.00,49276.49,18.6,21.9
1,2025-08-17,24.11,46241.18,49139.47,21.5,23.2
1,2025-08-18,23.35,46800.00,49000.90,20.6,23.3
1,2025-08-19,19.93,39127.60,48860.91,21.4,23.8
1,2025-08-20,16.23,33301.87,48719.60,22.1,23.9
1,2025-08-21,21.32,46800.00,48577.11,18.6,22.3
1,2025-08-22,18.75,41937.95,48433.55,21.3,22.8
1,2025-08-23,16.60,43200.00,48289.02,21.7,23.4
1,2025-08-24,16.05,32400.00,48143.64,22.7,24.7
1,2025-08-25,13.52,33042.83,47997.52,22.5,23.0
1,2025-08-26,19.60,46796.94,47850.76,24.3,25.4
1,2025-08-27,15.20,31801.02,47703.48,19.8,23.4
1,2025-08-28,19.05,38295.63,47555.76,18.4,20.5
1,2025-08-29,11.76,31502.99,47407.72,21.7,23.6
1,2025-08-30,20.55,46340.04,47259.45,22.0,23.7
1,2025-08-31,16.83,34793.21,47111.05,22.3,23.7
1,2025-09-01,10.12,19527.72,46962.62,23.9,25.2
1,2025-09-02,16.84,39467.60,46814.24,22.5,23.5
1,2025-09-03,21.92,45904.30,46666.03,19.4,22.4
1,2025-09-04,16.21,33461.31,46517.87,21.1,22.9
1,2025-09-05,6.29,13561.62,46368.76,20.1,23.2
1,2025-09-06,21.41,45095.39,46218.64,20.0,21.2
1,2025-09-07,11.18,17573.85,46067.58,22.2,23.6
1,2025-09-08,11.42,23849.61,45915.70,20.8,23.8
1,2025-09-09,13.14,29843.17,45763.10,22.3,23.3
1,2025-09-10,18.17,32400.00,45609.88,21.0,21.7
1,2025-09-11,8.97,10881.22,45456.13,19.4,20.6
1,2025-09-12,19.20,34129.02,45301.95,18.0,19.6
1,2025-09-13,6.89,11120.98,45147.43,22.0,23.6
1,2025-09-14,19.89,42536.56,44992.67,17.2,20.5
1,2025-09-15,16.10,42910.21,44837.76,19.3,21.8
1,2025-09-16,18.56,33428.35,44682.79,20.1,21.9
1,2025-09-17,13.33,28983.60,44527.85,20.9,23.7
1,2025-09-18,9.25,24283.25,44373.05,14.8,17.7
1,2025-09-19,19.46,32682.10,44218.46,12.8,15.0
1,2025-09-20,4.97,7880.06,44064.17,18.6,22.0
1,2025-09-21,17.56,40986.60,43910.28,12.4,14.6
1,2025-09-22,18.80,39600.00,43756.89,12.3,14.8
1,2025-09-23,19.14,39768.86,43604.07,11.7,13.8
1,2025-09-24,17.77,37989.78,43451.73,12.5,15.9
1,2025-09-25,5.59,11324.61,43298.82,17.8,19.6
1,2025-09-26,18.58,40153.69,43145.26,14.1,17.1
1,2025-09-27,17.78,40182.99,42991.14,13.1,16.1
1,2025-09-28,17.61,28800.00,42836.56,16.8,18.5
1,2025-09-29,8.85,23538.38,42681.62,14.0,18.5
1,2025-09-30,17.52,39600.00,42526.41,14.6,17.7
1,2025-10-01,7.50,12883.74,42371.05,16.2,18.4
1,2025-10-02,16.23,39733.32,42215.62,14.9,17.8
1,2025-10-03,18.11,39600.00,42060.24,13.8,15.9
1,2025-10-04,17.59,39600.00,41904.99,16.9,19.0
1,2025-10-05,13.14,28800.00,41749.98,19.1,21.0
1,2025-10-06,11.88,27977.47,41595.31,11.2,14.7
1,2025-10-07,9.50,27467.15,41441.09,13.1,15.6
1,2025-10-08,13.15,31137.80,41287.41,13.3,17.9
1,2025-10-09,8.73,26827.48,41134.39,8.1,9.9
1,2025-10-10,12.76,29668.91,40982.12,8.6,11.4
1,2025-10-11,4.58,3600.00,40830.72,10.3,15.4
1,2025-10-12,3.44,0.00,40680.30,16.0,17.4
1,2025-10-13,10.52,24723.73,40530.96,12.8,15.4
1,2025-10-14,6.63,7725.10,40382.61,10.0,12.3
1,2025-10-15,14.76,31748.89,40234.10,11.4,13.0
1,2025-10-16,2.14,6990.67,40085.31,14.7,15.5
1,2025-10-17,11.67,30187.00,39936.37,13.6,14.7
1,2025-10-18,5.71,8448.80,39787.40,14.0,17.5
1,2025-10-19,9.17,25135.08,39638.52,6.6,8.5
1,2025-10-20,10.34,25200.00,39489.84,4.8,8.7
1,2025-10-21,7.74,18000.00,39341.50,5.3,8.3
1,2025-10-22,9.83,25013.33,39193.61,5.2,7.3
1,2025-10-23,13.54,36737.40,39046.31,3.7,5.8
1,2025-10-24,8.64,25237.36,38899.72,5.7,7.6
1,2025-10-25,6.90,14657.90,38753.98,10.3,14.7
1,2025-10-26,5.04,7218.00,38609.22,13.7,16.7
1,2025-10-27,12.15,33708.77,38465.57,4.7,10.3
1,2025-10-28,12.10,36225.20,38323.17,1.0,2.3
1,2025-10-29,9.58,26929.35,38182.17,0.2,2.5
1,2025-10-30,12.75,34011.27,38042.70,4.2,8.1
1,2025-10-31,7.58,16579.99,37904.92,12.8,16.4
1,2025-11-01,9.51,32597.21,37768.98,8.5,10.5
1,2025-11-02,11.58,28800.00,37635.02,6.8,9.9
1,2025-11-03,6.36,19230.92,37502.98,3.2,8.5
1,2025-11-04,13.06,35428.66,37371.61,1.4,4.4
1,2025-11-05,12.61,34824.35,37240.81,4.4,7.8
1,2025-11-06,12.09,35291.49,37110.73,6.4,10.3
1,2025-11-07,10.94,35222.33,36981.49,-0.7,4.7
1,2025-11-08,9.73,27922.37,36853.24,0.5,6.0
1,2025-11-09,5.55,11669.29,36726.13,8.4,10.4
1,2025-11-10,10.95,34716.43,36600.31,0.0,3.7
1,2025-11-11,11.03,34943.67,36475.92,-1.6,0.3
1,2025-11-12,11.70,34141.94,36353.11,-1.0,2.1
1,2025-11-13,10.66,34515.77,36232.05,3.6,7.1
1,2025-11-14,10.57,34225.81,36112.88,-0.6,0.7
1,2025-11-15,10.85,33267.35,35995.78,-2.2,1.0
1,2025-11-16,10.77,33974.70,35880.90,3.8,6.6
1,2025-11-17,7.88,24651.63,35768.42,-0.4,7.6
1,2025-11-18,10.20,32938.74,35658.50,-4.7,-3.0
1,2025-11-19,8.82,33084.92,35551.32,-2.0,1.3
1,2025-11-20,10.48,31946.76,35447.04,2.9,5.8
1,2025-11-21,7.77,32045.18,35345.85,0.1,4.6
1,2025-11-22,8.21,31086.43,35247.93,-1.7,1.7
1,2025-11-23,7.87,25993.97,35153.24,2.5,4.6
1,2025-11-24,4.39,7292.46,35060.75,5.7,8.9
1,2025-11-25,7.38,25044.43,34970.34,7.3,8.1
1,2025-11-26,3.36,10405.72,34882.16,2.9,7.8
1,2025-11-27,8.60,29219.79,34796.31,6.5,10.4
1,2025-11-28,7.08,28800.00,34712.90,-0.0,6.4
1,2025-11-29,9.69,32400.00,34632.07,-3.2,-2.0
1,2025-11-30,5.99,23068.32,34553.93,2.5,4.6
1,2025-12-01,8.38,32400.00,34478.61,4.7,7.5
1,2025-12-02,6.47,27560.75,34406.22,5.8,6.9
1,2025-12-03,2.16,3600.00,34336.90,-0.9,5.9
1,2025-12-04,8.32,32400.00,34270.75,-6.3,-2.2
1,2025-12-05,8.93,32400.00,34207.92,-4.5,-1.0
1,2025-12-06,8.09,32400.00,34148.52,-0.6,1.8
1,2025-12-07,8.38,28800.00,34092.67,2.3,4.2
1,2025-12-08,5.28,24142.16,34040.51,-0.0,5.1
1,2025-12-09,6.92,31794.26,33992.15,-3.7,-1.8
1,2025-12-10,6.21,24444.33,33947.72,-5.8,-1.4
1,2025-12-11,7.35,29594.18,33907.33,-2.4,4.2
1,2025-12-12,9.49,32400.00,33871.12,-11.9,-8.0
1,2025-12-13,8.60,27604.44,33839.11,-5.8,1.7
1,2025-12-14,1.48,2346.83,33810.89,2.2,5.3
1,2025-12-15,7.70,31499.64,33786.39,-3.3,-1.6
1,2025-12-16,2.75,8142.74,33765.61,-0.5,2.4
1,2025-12-17,6.88,24509.05,33748.58,-1.4,2.3
1,2025-12-18,7.75,31708.04,33735.27,-5.5,-2.3
1,2025-12-19,7.78,30696.90,33725.71,-0.8,0.6
1,2025-12-20,8.85,32400.00,33719.89,3.1,7.1
1,2025-12-21,7.45,25033.88,33717.81,4.9,10.7
1,2025-12-22,6.06,20188.73,33719.47,-7.3,-4.5
1,2025-12-23,9.17,26445.76,33724.86,-3.3,1.0
1,2025-12-24,4.35,12110.51,33733.99,5.9,9.4
1,2025-12-25,1.85,233.06,33746.83,4.3,7.2
1,2025-12-26,4.25,14400.00,33763.38,-8.7,-0.2
1,2025-12-27,7.88,31572.60,33783.63,-7.2,-4.0
1,2025-12-28,8.07,32400.00,33807.56,-3.7,-2.2
1,2025-12-29,9.04,32400.00,33835.16,-0.3,1.4
1,2025-12-30,8.46,32400.00,33866.42,-3.1,3.1
1,2025-12-31,5.76,22930.72,33901.31,-8.7,-5.3
1,2026-01-01,6.78,30714.96,33939.82,-10.3,-8.6
1,2026-01-02,9.73,32400.00,33982.02,-10.4,-8.5
1,2026-01-03,9.12,32397.59,34028.37,-5.7,-3.1
1,2026-01-04,7.78,32400.00,34078.84,-6.5,-4.8
1,2026-01-05,6.29,24935.31,34133.31,-6.5,-3.2
1,2026-01-06,6.99,31994.93,34191.63,-8.1,-5.5
1,2026-01-07,8.53,32400.00,34253.68,-2.8,-0.5
1,2026-01-08,7.96,28800.00,34319.31,-8.7,-1.9
1,2026-01-09,7.33,26857.14,34388.42,-5.8,-3.2
1,2026-01-10,9.43,28834.44,34460.85,0.9,2.9
1,2026-01-11,3.72,7177.83,34536.47,-5.8,3.9
1,2026-01-12,8.14,28800.00,34615.16,-7.9,-4.0
1,2026-01-13,3.54,12780.95,34696.78,-5.0,3.0
1,2026-01-14,10.00,32400.00,34781.20,-11.0,-7.4
1,2026-01-15,9.50,32400.00,34868.30,-1.6,1.2
1,2026-01-16,9.20,32400.00,34957.95,-4.0,3.6
1,2026-01-17,3.15,8504.70,35050.02,-4.4,0.8
1,2026-01-18,9.11,28902.11,35144.38,-8.1,-6.2
1,2026-01-19,3.04,3600.00,35240.91,-2.6,0.6
1,2026-01-20,10.18,33782.49,35339.49,-13.4,-11.3
1,2026-01-21,10.84,33743.70,35440.00,-11.9,-9.1
1,2026-01-22,10.67,34378.13,35542.52,-11.6,-8.0
1,2026-01-23,8.70,31070.33,35648.16,-10.6,-7.2
1,2026-01-24,7.38,23496.10,35756.93,-10.3,-8.9
1,2026-01-25,8.58,33251.19,35868.66,-13.0,-10.1
1,2026-01-26,10.23,32419.62,35983.17,-8.1,-4.2
1,2026-01-27,7.65,20122.63,36100.29,-5.1,-0.3
1,2026-01-28,10.96,34923.46,36219.83,-9.6,-7.9
1,2026-01-29,12.11,34995.54,36341.63,-10.2,-9.0
1,2026-01-30,12.11,34700.33,36465.53,-9.5,-7.6
1,2026-01-31,12.54,35140.59,36591.36,-9.4,-6.6
2,2021-01-01,3.71,3600.00,34201.72,-8.6,-6.7
2,2021-01-02,9.01,32400.00,34244.33,-11.9,-7.5
2,2021-01-03,8.07,29424.54,34290.23,-6.7,-5.0
2,2021-01-04,4.16,694.71,34339.38,-5.9,-3.9
2,2021-01-05,5.72,23527.91,34391.70,-5.5,-3.9
2,2021-01-06,10.47,32400.00,34447.15,-7.6,-4.4
2,2021-01-07,8.73,22192.52,34505.68,-6.8,-1.3
2,2021-01-08,7.11,22007.05,34567.33,-11.6,-8.7
2,2021-01-09,9.49,32632.69,34632.82,-11.1,-6.2
2,2021-01-10,8.81,32400.00,34702.13,-9.6,-8.0
2,2021-01-11,9.62,28970.68,34775.10,-7.5,-5.4
2,2021-01-12,3.42,3600.00,34851.58,-3.3,-1.3
2,2021-01-13,7.98,30672.87,34931.42,-1.9,-0.2
2,2021-01-14,5.75,17108.00,35014.45,-4.7,2.5
2,2021-01-15,10.86,33451.00,35100.54,-3.8,-0.1
2,2021-01-16,4.05,8959.60,35189.54,-1.7,3.7
2,2021-01-17,6.39,21070.77,35281.29,-7.2,-3.9
2,2021-01-18,5.75,15261.62,35375.64,-4.9,-2.2
2,2021-01-19,9.27,30036.43,35472.45,-9.6,-7.7
2,2021-01-20,3.72,3600.00,35571.58,-5.4,-3.4
2,2021-01-21,11.28,34559.31,35672.89,-2.8,-1.2
2,2021-01-22,6.20,23854.61,35776.24,-2.2,1.2
2,2021-01-23,9.03,25200.00,35881.48,-4.1,-3.4
2,2021-01-24,8.11,26727.67,35988.48,-3.1,-1.1
2,2021-01-25,12.02,34605.04,36097.11,-3.9,-1.4
2,2021-01-26,5.84,7660.93,36207.24,1.2,3.0
2,2021-01-27,4.99,6207.96,36318.74,-2.5,6.2
2,2021-01-28,6.69,10653.84,36431.70,-3.0,0.6
2,2021-01-29,8.67,29860.79,36547.27,-7.7,-3.7
2,2021-01-30,9.87,33527.55,36665.52,-7.3,-6.2
2,2021-01-31,7.77,25490.05,36786.27,-8.5,-7.1
2,2021-02-01,11.35,24976.69,36909.34,-0.2,2.9
2,2021-02-02,5.87,12054.73,37034.57,-6.4,4.5
2,2021-02-03,8.34,24790.29,37161.80,-9.6,-8.0
2,2021-02-04,7.21,18342.96,37290.87,-7.8,-1.6
2,2021-02-05,8.69,23803.51,37421.61,-2.2,-0.2
2,2021-02-06,10.15,35157.41,37553.87,0.3,2.3
2,2021-02-07,7.37,25689.99,37687.52,-4.7,3.7
2,2021-02-08,9.06,32947.08,37822.38,-9.9,-7.9
2,2021-02-09,10.13,32628.34,37958.31,-7.7,-4.8
2,2021-02-10,4.65,13908.80,38095.18,-1.0,1.1
2,2021-02-11,10.14,36190.88,38232.85,-4.8,-3.1
2,2021-02-12,14.43,36153.60,38371.17,-4.2,-2.8
2,2021-02-13,14.63,36115.89,38510.01,-2.1,0.4
2,2021-02-14,12.74,32400.00,38649.24,2.3,5.3
2,2021-02-15,2.29,3639.55,38788.72,3.3,7.5
2,2021-02-16,11.52,27771.74,38928.33,-7.3,-5.7
2,2021-02-17,11.62,34852.74,39068.17,-7.7,-5.7
2,2021-02-18,11.17,32400.00,39209.46,-6.0,-3.1
2,2021-02-19,6.03,8818.99,39352.29,-1.4,0.3
2,2021-02-20,6.32,20148.67,39496.54,0.9,5.2
2,2021-02-21,13.95,36714.53,39642.06,1.9,3.7
2,2021-02-22,12.82,33392.15,39788.72,4.0,7.1
2,2021-02-23,14.47,36320.72,39936.41,-8.6,-4.7
2,2021-02-24,12.88,35200.74,40084.99,-9.3,-8.6
2,2021-02-25,15.21,36000.00,40234.35,-6.7,-3.9
2,2021-02-26,15.55,38660.72,40384.35,-7.7,-4.1
2,2021-02-27,17.60,38747.79,40534.89,-8.7,-6.9
2,2021-02-28,17.65,38835.49,40685.83,-3.3,-0.9
2,2021-03-01,14.94,30942.74,40837.08,3.2,9.6
2,2021-03-02,2.76,6612.36,40988.51,1.8,11.9
2,2021-03-03,14.87,39101.32,41140.00,-5.9,-2.4
2,2021-03-04,17.02,39281.27,41291.45,1.3,4.0
2,2021-03-05,11.94,22680.28,41442.75,5.9,7.0
2,2021-03-06,11.42,35048.33,41593.78,-5.3,7.3
2,2021-03-07,18.82,40048.04,41744.44,-6.4,-4.2
2,2021-03-08,17.36,35111.74,41894.61,-4.3,-1.7
2,2021-03-09,18.72,36525.56,42044.40,-1.4,2.3
2,2021-03-10,16.07,39103.29,42194.93,-4.4,-2.9
2,2021-03-11,19.03,40655.67,42346.31,-2.9,-0.9
2,2021-03-12,10.63,14759.24,42498.43,-0.0,1.9
2,2021-03-13,2.71,0.00,42651.20,4.1,6.2
2,2021-03-14,4.64,6704.40,42804.51,3.2,5.2
2,2021-03-15,18.64,41417.49,42958.26,0.0,3.6
2,2021-03-16,10.71,28030.81,43112.36,1.7,7.7
2,2021-03-17,10.45,24299.07,43266.70,-2.5,-0.5
2,2021-03-18,12.63,32583.79,43421.19,-0.3,1.1
2,2021-03-19,20.11,42121.93,43575.71,-2.2,-0.4
2,2021-03-20,12.99,18000.00,43730.19,4.0,7.1
2,2021-03-21,3.72,7200.00,43884.52,7.7,13.7
2,2021-03-22,18.97,41794.56,44038.60,-1.7,-0.1
2,2021-03-23,18.46,42356.78,44192.32,-2.0,0.8
2,2021-03-24,20.79,36712.91,44345.60,3.7,7.1
2,2021-03-25,12.05,25349.61,44498.31,6.1,9.8
2,2021-03-26,17.94,38602.73,44650.38,2.8,5.5
2,2021-03-27,18.87,32400.00,44801.69,2.5,5.9
2,2021-03-28,6.44,2415.34,44952.15,10.7,12.0
2,2021-03-29,19.16,42705.24,45101.83,7.2,13.4
2,2021-03-30,17.61,32744.20,45251.80,5.6,8.5
2,2021-03-31,21.52,43252.94,45402.15,3.1,4.8
2,2021-04-01,22.26,43561.17,45552.79,2.0,4.5
2,2021-04-02,21.03,40050.76,45703.64,5.4,8.2
2,2021-04-03,19.29,36310.80,45854.58,8.6,9.8
2,2021-04-04,4.00,0.00,46005.54,10.9,12.7
2,2021-04-05,7.49,16559.02,46156.42,1.6,7.3
2,2021-04-06,16.88,38029.05,46307.10,-0.2,1.5
2,2021-04-07,17.56,43950.44,46457.51,1.5,4.4
2,2021-04-08,19.27,39600.00,46607.54,-1.7,0.4
2,2021-04-09,21.08,43526.69,46757.08,-4.2,-0.9
2,2021-04-10,20.33,43483.19,46906.05,-2.4,-0.9
2,2021-04-11,24.39,46128.93,47054.32,0.1,4.7
2,2021-04-12,21.15,36000.00,47201.80,6.1,7.7
2,2021-04-13,11.15,21217.90,47348.38,10.3,11.8
2,2021-04-14,7.25,12148.10,47493.95,0.3,8.4
2,2021-04-15,16.78,41114.76,47638.39,-1.3,2.8
2,2021-04-16,11.26,11421.54,47781.60,6.8,10.4
2,2021-04-17,5.22,5014.01,47923.45,11.2,12.4
2,2021-04-18,19.53,33145.83,48064.03,3.8,6.3
2,2021-04-19,20.82,46800.00,48204.33,3.8,5.8
2,2021-04-20,24.49,46800.00,48344.45,3.6,7.6
2,2021-04-21,25.64,46800.00,48484.29,-0.1,4.3
2,2021-04-22,24.67,46477.98,48623.75,1.0,3.4
2,2021-04-23,25.60,46800.00,48762.73,3.2,5.4
2,2021-04-24,20.62,34863.58,48901.12,6.8,8.3
2,2021-04-25,14.54,30210.49,49038.81,0.7,6.2
2,2021-04-26,22.63,44600.12,49175.70,-2.4,0.3
2,2021-04-27,25.34,46800.00,49311.66,2.0,5.3
2,2021-04-28,14.05,30268.98,49446.59,9.8,12.3
2,2021-04-29,5.02,7753.56,49580.37,10.8,12.8
2,2021-04-30,16.97,37859.88,49712.89,5.8,6.7
2,2021-05-01,10.06,18300.82,49844.01,8.5,11.3
2,2021-05-02,16.07,33765.65,49973.62,6.0,10.3
2,2021-05-03,19.54,46800.00,50101.59,4.4,7.8
2,2021-05-04,25.30,46403.13,50227.78,5.9,10.7
2,2021-05-05,11.07,15404.67,50352.08,12.4,14.2
2,2021-05-06,26.15,41888.29,50474.34,5.6,10.7
2,2021-05-07,17.88,38191.20,50594.42,9.8,12.5
2,2021-05-08,25.36,46800.00,50712.38,8.2,12.6
2,2021-05-09,22.11,46800.00,50829.12,7.0,12.3
2,2021-05-10,24.02,44436.25,50944.73,6.4,8.0
2,2021-05-11,20.66,46800.00,51059.09,5.5,7.6
2,2021-05-12,22.37,46800.00,51172.10,7.7,11.7
2,2021-05-13,16.65,28110.98,51283.66,13.4,14.9
2,2021-05-14,22.94,42054.73,51393.65,10.3,15.0
2,2021-05-15,24.35,36000.00,51501.95,10.0,14.5
2,2021-05-16,11.01,15428.82,51608.46,15.2,17.7
2,2021-05-17,13.88,25137.18,51713.05,15.9,20.6
2,2021-05-18,22.40,29886.95,51815.61,12.7,14.3
2,2021-05-19,8.41,9160.80,51916.02,13.9,15.0
2,2021-05-20,20.76,27446.06,52014.14,13.3,14.1
2,2021-05-21,5.01,1140.26,52109.87,14.8,16.2
2,2021-05-22,11.56,21419.21,52203.08,13.8,16.5
2,2021-05-23,12.14,23375.38,52293.63,12.6,14.7
2,2021-05-24,17.72,26573.38,52381.40,14.1,15.1
2,2021-05-25,26.59,47235.46,52466.26,10.2,13.7
2,2021-05-26,23.84,35974.54,52548.07,7.4,9.3
2,2021-05-27,8.74,9967.89,52626.71,13.5,15.5
2,2021-05-28,22.65,37205.81,52702.18,12.6,15.6
2,2021-05-29,18.73,45673.00,52775.10,11.6,15.2
2,2021-05-30,25.73,47970.55,52845.55,9.0,10.1
2,2021-05-31,21.93,36306.97,52913.43,10.6,11.8
2,2021-06-01,18.23,27307.53,52978.68,12.4,14.2
2,2021-06-02,20.29,39545.61,53041.24,15.3,16.7
2,2021-06-03,23.19,30096.76,53101.03,15.4,16.7
2,2021-06-04,5.23,8691.61,53157.99,15.4,18.4
2,2021-06-05,26.41,43116.91,53212.03,13.4,16.0
2,2021-06-06,21.21,39183.09,53263.10,15.2,19.4
2,2021-06-07,24.25,41356.28,53311.14,15.1,18.8
2,2021-06-08,18.00,41073.81,53356.06,15.1,17.1
2,2021-06-09,24.78,45801.55,53397.79,15.0,16.5
2,2021-06-10,27.58,50109.77,53436.28,15.7,18.0
2,2021-06-11,26.00,36000.00,53471.46,16.3,18.4
2,2021-06-12,21.14,40824.24,53503.26,16.9,18.8
2,2021-06-13,18.02,37373.78,53531.62,18.2,19.6
2,2021-06-14,20.06,35125.29,53556.48,18.2,19.6
2,2021-06-15,15.66,32448.17,53577.77,17.8,19.2
2,2021-06-16,16.88,33253.00,53595.44,17.0,18.8
2,2021-06-17,20.09,41238.17,53609.45,15.7,16.6
2,2021-06-18,14.37,20342.66,53619.90,15.6,16.8
2,2021-06-19,8.23,7200.00,53626.82,17.9,18.9
2,2021-06-20,21.88,50710.48,53630.25,15.1,17.8
2,2021-06-21,20.66,38559.89,53630.19,15.1,17.3
2,2021-06-22,10.70,12623.13,53626.69,17.7,19.7
2,2021-06-23,11.03,16835.99,53619.76,16.2,17.6
2,2021-06-24,12.82,21629.48,53609.44,16.5,17.9
2,2021-06-25,17.92,22316.16,53595.75,17.6,19.0
2,2021-06-26,19.14,40347.31,53578.73,18.0,19.5
2,2021-06-27,22.41,37544.52,53558.42,18.0,18.9
2,2021-06-28,23.93,36000.00,53534.85,16.4,17.6
2,2021-06-29,13.13,23392.04,53508.04,16.2,19.9
2,2021-06-30,24.65,35384.84,53478.05,16.1,18.0
2,2021-07-01,10.57,3841.55,53444.91,18.1,18.6
2,2021-07-02,16.47,38057.96,53408.65,17.9,19.2
2,2021-07-03,10.92,8090.62,53369.34,17.0,19.0
2,2021-07-04,6.90,0.00,53326.99,16.8,19.4
2,2021-07-05,13.58,28366.64,53281.66,19.2,21.5
2,2021-07-06,18.78,39185.30,53233.39,18.6,19.9
2,2021-07-07,4.59,0.00,53182.12,19.6,20.7
2,2021-07-08,6.40,0.00,53127.38,19.6,20.1
2,2021-07-09,4.26,0.00,53069.17,20.2,21.1
2,2021-07-10,10.49,8534.78,53007.63,20.0,20.8
2,2021-07-11,11.61,20639.93,52942.85,21.1,22.5
2,2021-07-12,15.41,29607.85,52874.94,21.1,22.6
2,2021-07-13,18.33,39711.53,52804.03,20.9,22.2
2,2021-07-14,18.18,34642.54,52730.23,19.4,21.2
2,2021-07-15,16.02,24806.94,52653.64,20.6,21.5
2,2021-07-16,22.90,49713.67,52574.37,22.4,23.7
2,2021-07-17,25.70,50048.65,52492.55,22.1,24.3
2,2021-07-18,26.96,50115.56,52408.28,21.9,24.5
2,2021-07-19,26.87,49744.56,52321.66,22.0,24.5
2,2021-07-20,25.95,48785.26,52232.81,21.1,22.1
2,2021-07-21,22.65,42516.09,52141.84,20.7,21.6
2,2021-07-22,14.05,27225.69,52048.84,22.1,22.9
2,2021-07-23,15.49,25399.89,51953.93,22.6,23.6
2,2021-07-24,18.64,45583.81,51857.20,22.6,23.6
2,2021-07-25,18.59,41828.89,51758.76,21.3,22.1
2,2021-07-26,22.98,42573.57,51658.71,18.4,21.2
2,2021-07-27,13.06,22427.05,51556.98,21.3,22.1
2,2021-07-28,12.94,24885.27,51452.73,22.7,23.6
2,2021-07-29,16.56,31185.87,51345.92,23.0,24.3
2,2021-07-30,17.59,47691.14,51236.70,22.4,25.1
2,2021-07-31,15.45,28800.00,51125.21,22.5,23.8
2,2021-08-01,10.48,19369.39,51011.59,24.2,25.3
2,2021-08-02,22.03,41924.58,50895.95,23.9,24.6
2,2021-08-03,19.49,43670.51,50778.44,24.5,25.5
2,2021-08-04,18.42,34008.88,50659.18,25.3,26.5
2,2021-08-05,21.72,44090.15,50538.30,24.3,25.5
2,2021-08-06,24.24,40676.31,50415.93,23.4,24.7
2,2021-08-07,17.16,36048.33,50292.17,23.9,24.7
2,2021-08-08,11.66,9384.16,50167.16,24.0,24.5
2,2021-08-09,8.48,6498.75,50041.01,23.6,24.9
2,2021-08-10,16.65,39600.00,49913.84,19.5,24.4
2,2021-08-11,15.76,30086.35,49785.74,17.4,19.2
2,2021-08-12,5.39,0.00,49656.85,17.7,18.4
2,2021-08-13,5.73,0.00,49527.25,16.7,17.9
2,2021-08-14,4.89,0.00,49397.06,16.7,18.9
2,2021-08-15,9.70,13513.91,49266.39,15.9,17.3
2,2021-08-16,8.01,2908.39,49135.15,16.7,17.9
2,2021-08-17,4.30,452.79,49002.37,20.8,23.4
2,2021-08-18,14.08,33750.91,48868.00,21.3,25.0
2,2021-08-19,21.19,42941.85,48732.16,22.8,25.4
2,2021-08-20,18.61,34663.06,48594.97,20.8,22.7
2,2021-08-21,10.74,12806.42,48456.54,22.1,22.8
2,2021-08-22,7.68,12938.43,48316.98,22.7,23.8
2,2021-08-23,19.95,42517.48,48176.40,19.3,23.3
2,2021-08-24,12.93,16523.21,48034.91,20.7,22.2
2,2021-08-25,15.43,42582.38,47892.62,22.6,23.8
2,2021-08-26,20.34,44227.26,47749.63,22.8,24.1
2,2021-08-27,20.36,46349.26,47606.04,20.6,22.0
2,2021-08-28,14.47,37079.72,47461.96,20.8,23.9
2,2021-08-29,22.14,44296.79,47317.48,18.1,19.9
2,2021-08-30,16.92,36804.78,47172.69,18.8,21.4
2,2021-08-31,18.67,35732.18,47027.70,16.5,19.1
2,2021-09-01,9.31,11570.12,46882.60,16.7,18.6
2,2021-09-02,18.03,45879.68,46737.47,15.2,17.0
2,2021-09-03,15.46,30368.56,46592.42,15.8,17.6
2,2021-09-04,12.22,28649.59,46447.54,15.6,16.6
2,2021-09-05,10.55,25948.58,46302.72,14.3,17.6
2,2021-09-06,13.94,36626.63,46156.99,13.0,15.2
2,2021-09-07,18.16,35572.20,46010.28,12.4,13.5
2,2021-09-08,6.48,7648.04,45862.68,16.7,18.0
2,2021-09-09,18.00,43615.32,45714.30,18.9,20.7
2,2021-09-10,16.45,33251.75,45565.22,19.1,19.8
2,2021-09-11,16.34,40082.26,45415.55,19.6,20.8
2,2021-09-12,19.35,44323.15,45265.37,17.1,19.9
2,2021-09-13,18.85,34998.85,45114.79,13.4,14.4
2,2021-09-14,6.85,4584.88,44963.90,15.8,16.9
2,2021-09-15,15.69,41092.33,44812.78,14.1,15.9
2,2021-09-16,10.72,21539.42,44661.53,11.7,13.5
2,2021-09-17,7.71,8274.70,44510.24,17.4,19.2
2,2021-09-18,4.43,9449.00,44359.00,18.7,21.2
2,2021-09-19,20.97,41096.47,44207.89,14.5,18.4
2,2021-09-20,19.43,38804.15,44057.01,14.7,17.1
2,2021-09-21,16.48,37814.21,43906.44,16.6,18.4
2,2021-09-22,17.96,39825.82,43756.28,19.1,21.2
2,2021-09-23,17.00,39923.03,43606.61,16.9,18.6
2,2021-09-24,16.87,36596.52,43457.53,14.8,16.5
2,2021-09-25,12.39,30572.72,43308.92,14.2,14.8
2,2021-09-26,11.00,25501.39,43159.78,11.9,13.2
2,2021-09-27,14.98,39437.40,43010.00,11.7,13.3
2,2021-09-28,15.67,39600.00,42859.68,13.7,16.4
2,2021-09-29,12.15,33230.95,42708.93,16.6,18.1
2,2021-09-30,13.54,32400.00,42557.84,18.4,20.3
2,2021-10-01,3.09,7200.00,42406.51,13.8,19.7
2,2021-10-02,16.83,39600.00,42255.05,12.8,14.7
2,2021-10-03,17.14,39600.00,42103.54,14.2,15.5
2,2021-10-04,16.74,33512.31,41952.08,14.5,17.4
2,2021-10-05,11.25,33986.24,41800.79,16.3,17.9
2,2021-10-06,11.38,31675.45,41649.75,12.4,14.8
2,2021-10-07,6.46,9999.07,41499.08,15.5,17.6
2,2021-10-08,9.23,25804.37,41348.86,17.1,19.1
2,2021-10-09,8.90,18332.40,41199.22,14.3,15.6
2,2021-10-10,7.69,13688.55,41050.24,17.4,18.7
2,2021-10-11,10.77,19937.59,40902.04,14.2,18.9
2,2021-10-12,2.86,395.64,40754.73,13.2,14.1
2,2021-10-13,5.15,7200.00,40608.41,11.3,13.7
2,2021-10-14,15.48,38376.24,40463.19,12.5,14.4
2,2021-10-15,6.90,12475.79,40318.99,13.7,16.0
2,2021-10-16,1.85,0.00,40174.65,11.9,13.3
2,2021-10-17,6.56,21024.00,40030.10,2.9,6.8
2,2021-10-18,10.82,26444.71,39885.44,4.9,7.0
2,2021-10-19,9.40,22122.54,39740.79,9.7,11.5
2,2021-10-20,11.46,31282.96,39596.27,7.1,11.7
2,2021-10-21,12.84,38653.16,39451.99,3.7,5.6
2,2021-10-22,9.33,35285.44,39308.08,5.4,8.2
2,2021-10-23,14.12,37206.26,39164.66,2.7,5.0
2,2021-10-24,12.35,37560.63,39021.86,6.4,8.4
2,2021-10-25,10.47,21783.25,38879.79,9.5,10.6
2,2021-10-26,2.30,7100.28,38738.59,8.0,12.2
2,2021-10-27,8.47,25867.93,38598.39,10.0,11.8
2,2021-10-28,11.58,36573.65,38459.33,5.9,10.9
2,2021-10-29,11.78,36862.33,38321.54,5.2,7.5
2,2021-10-30,12.93,29820.93,38185.15,7.1,9.4
2,2021-10-31,9.86,31863.49,38050.32,8.7,11.8
2,2021-11-01,9.44,17949.87,37917.18,11.0,12.8
2,2021-11-02,10.76,35814.70,37785.88,9.4,12.9
2,2021-11-03,11.60,33234.83,37656.58,8.3,11.0
2,2021-11-04,12.28,35437.12,37529.20,5.6,9.5
2,2021-11-05,11.18,35151.85,37402.52,6.6,8.3
2,2021-11-06,11.25,35180.19,37276.47,7.2,9.4
2,2021-11-07,11.73,28800.00,37151.17,6.4,8.8
2,2021-11-08,4.89,11244.50,37026.76,11.6,14.6
2,2021-11-09,2.28,5003.64,36903.38,13.5,16.1
2,2021-11-10,8.46,32451.21,36781.17,6.4,9.3
2,2021-11-11,8.65,29984.48,36660.27,6.5,8.1
2,2021-11-12,5.70,20891.63,36540.84,4.9,7.3
2,2021-11-13,9.95,32884.04,36423.01,5.0,6.5
2,2021-11-14,10.91,31327.98,36306.95,6.5,7.9
2,2021-11-15,6.76,24998.94,36192.79,6.1,9.3
2,2021-11-16,9.96,33656.28,36080.72,1.3,5.7
2,2021-11-17,8.54,28800.00,35970.87,1.5,4.1
2,2021-11-18,7.93,25925.75,35863.42,5.1,8.1
2,2021-11-19,10.34,33107.56,35758.54,5.9,8.6
2,2021-11-20,11.01,32811.14,35656.37,0.9,4.1
2,2021-11-21,8.99,24168.01,35557.10,4.2,7.9
2,2021-11-22,1.77,3600.00,35460.91,7.8,11.0
2,2021-11-23,8.78,28197.13,35367.95,2.9,3.9
2,2021-11-24,6.49,22120.00,35278.22,3.1,4.7
2,2021-11-25,3.55,6470.97,35190.69,4.2,6.0
2,2021-11-26,8.40,32400.00,35105.29,0.6,3.1
2,2021-11-27,9.03,32400.00,35022.13,0.3,1.6
2,2021-11-28,9.43,32405.85,34941.31,-1.4,1.7
2,2021-11-29,8.02,32400.00,34862.95,1.4,4.0
2,2021-11-30,9.68,28800.00,34787.17,6.3,13.2
2,2021-12-01,4.02,13843.26,34714.07,2.1,12.6
2,2021-12-02,7.85,32400.00,34643.77,-1.8,0.2
2,2021-12-03,9.43,28800.00,34576.40,2.3,5.6
2,2021-12-04,5.27,13856.46,34512.06,-0.6,2.3
2,2021-12-05,5.90,23790.87,34450.86,-2.9,-1.3
2,2021-12-06,7.60,22039.50,34392.93,1.7,4.0
2,2021-12-07,4.46,14400.00,34338.39,7.1,8.5
2,2021-12-08,2.47,1203.75,34287.35,3.5,7.8
2,2021-12-09,8.49,32400.00,34239.92,0.0,2.1
2,2021-12-10,5.96,21066.45,34196.22,1.0,4.0
2,2021-12-11,6.88,24516.66,34156.36,3.3,7.0
2,2021-12-12,2.78,4451.12,34120.46,3.1,7.3
2,2021-12-13,6.64,29515.31,34088.63,-5.0,-0.8
2,2021-12-14,9.12,32400.00,34060.91,-0.9,1.5
2,2021-12-15,5.57,25163.13,34036.92,2.5,5.6
2,2021-12-16,3.99,7200.00,34016.61,4.1,5.3
2,2021-12-17,2.07,3600.00,33999.97,-1.6,6.8
2,2021-12-18,7.56,28800.00,33987.01,-8.0,-4.4
2,2021-12-19,4.50,10920.56,33977.71,-3.9,-2.2
2,2021-12-20,6.97,30425.26,33972.07,-1.1,2.2
2,2021-12-21,6.30,31928.59,33970.10,1.5,6.5
2,2021-12-22,6.86,30836.91,33971.77,-6.0,-4.5
2,2021-12-23,7.83,32400.00,33977.08,-4.0,-2.6
2,2021-12-24,7.76,28800.00,33986.02,-0.5,1.8
2,2021-12-25,2.04,3220.01,33998.59,-8.3,-2.6
2,2021-12-26,8.19,25752.13,34014.74,-10.6,-8.7
2,2021-12-27,7.29,27978.99,34034.48,-8.8,-6.6
2,2021-12-28,6.91,28099.67,34057.79,-6.8,-3.7
2,2021-12-29,8.58,24627.88,34084.64,-0.9,0.7
2,2021-12-30,3.91,6626.31,34115.02,-4.1,1.7
2,2021-12-31,8.18,31135.76,34148.89,-11.2,-8.0
2,2022-01-01,7.08,26756.05,34186.25,-8.7,-7.5
2,2022-01-02,5.26,21500.61,34227.05,-4.4,-0.8
2,2022-01-03,8.25,27550.11,34271.38,-5.9,-4.5
2,2022-01-04,7.11,22782.99,34319.72,-9.0,-5.7
2,2022-01-05,8.47,29066.38,34372.05,-7.6,-5.5
2,2022-01-06,7.88,23630.13,34428.22,-5.9,-2.9
2,2022-01-07,7.22,27730.38,34488.13,-5.9,-4.4
2,2022-01-08,4.74,9312.08,34551.62,-3.7,-0.6
2,2022-01-09,8.87,32050.00,34618.57,-3.4,0.4
2,2022-01-10,9.72,29010.18,34688.84,-6.4,-2.4
2,2022-01-11,1.58,2167.44,34762.30,-1.9,1.0
2,2022-01-12,7.12,21923.24,34838.82,-5.0,-3.3
2,2022-01-13,9.05,29996.52,34918.27,-6.0,-3.9
2,2022-01-14,6.84,22689.12,35000.52,-5.3,-4.5
2,2022-01-15,6.40,21493.94,35085.44,-4.4,-2.2
2,2022-01-16,4.54,6941.01,35172.91,-1.7,-0.1
2,2022-01-17,9.36,33720.45,35262.79,-6.5,-0.1
2,2022-01-18,7.92,27837.15,35354.96,-8.9,-5.7
2,2022-01-19,10.26,32973.81,35449.29,-5.2,-3.2
2,2022-01-20,8.50,31932.88,35545.68,-6.0,-2.9
2,2022-01-21,10.14,31139.90,35643.98,-7.3,-4.8
2,2022-01-22,8.71,25663.14,35744.09,-5.1,-4.1
2,2022-01-23,5.34,16259.98,35846.09,-2.9,-0.9
2,2022-01-24,9.84,34940.60,35951.06,-6.0,-3.7
2,2022-01-25,9.11,25200.00,36059.04,-4.6,-2.7
2,2022-01-26,8.23,23075.01,36169.86,-2.2,0.5
2,2022-01-27,8.68,30970.24,36283.33,-4.9,-3.2
2,2022-01-28,8.41,29138.90,36399.28,-5.6,-4.1
2,2022-01-29,10.23,33908.92,36517.55,-6.6,-3.8
2,2022-01-30,9.69,30920.95,36637.97,-7.5,-5.9
2,2022-01-31,9.76,29492.56,36760.38,-7.9,-6.0
2,2022-02-01,8.14,24499.89,36884.61,-5.9,-3.7
2,2022-02-02,10.59,35570.94,37010.52,-6.0,-3.5
2,2022-02-03,9.56,28757.75,37137.94,-6.1,-4.1
2,2022-02-04,10.12,35108.26,37266.72,-6.9,-5.5
2,2022-02-05,11.92,35784.52,37396.73,-8.1,-6.3
2,2022-02-06,10.09,31767.13,37527.80,-7.1,-5.5
2,2022-02-07,8.21,24546.76,37659.80,-6.5,-5.3
2,2022-02-08,8.61,25991.53,37792.59,-4.4,-3.3
2,2022-02-09,11.12,31670.19,37926.03,-5.8,-4.2
2,2022-02-10,3.13,3275.24,38059.99,-2.4,-1.2
2,2022-02-11,8.93,26757.42,38194.32,-4.3,-2.5
2,2022-02-12,10.81,28718.57,38329.14,-2.7,0.1
2,2022-02-13,10.49,30257.11,38465.67,-4.8,-1.5
2,2022-02-14,14.70,32400.00,38604.01,-5.3,-3.7
2,2022-02-15,3.46,3651.85,38743.99,-1.8,-0.1
2,2022-02-16,11.30,34702.92,38885.50,-2.8,0.2
2,2022-02-17,11.83,29774.25,39028.37,-4.3,-2.6
2,2022-02-18,13.65,34367.86,39172.47,-4.0,-2.3
2,2022-02-19,8.78,13979.56,39317.68,-0.2,1.3
2,2022-02-20,9.95,25375.45,39463.85,-7.1,1.2
2,2022-02-21,11.67,35290.73,39610.85,-10.6,-9.4
2,2022-02-22,14.35,36677.35,39758.56,-10.3,-8.9
2,2022-02-23,15.66,35721.93,39906.85,-8.0,-5.6
2,2022-02-24,11.34,31908.04,40055.60,-5.7,-2.5
2,2022-02-25,9.98,30620.24,40204.69,-4.1,-1.7
2,2022-02-26,13.12,35389.37,40353.99,-0.2,0.7
2,2022-02-27,10.47,29781.96,40503.38,-2.0,2.5
2,2022-02-28,14.14,37263.04,40652.75,-3.8,-0.7
2,2022-03-01,10.86,24499.53,40801.99,1.1,2.9
2,2022-03-02,12.08,37075.50,40950.97,-4.1,-1.2
2,2022-03-03,10.99,22794.35,41099.58,-2.6,2.2
2,2022-03-04,13.06,37754.77,41247.93,-4.6,-1.9
2,2022-03-05,13.18,32472.71,41397.17,-1.7,3.6
2,2022-03-06,13.98,35380.98,41547.40,-4.5,-2.6
2,2022-03-07,14.16,37585.33,41698.51,-3.4,-1.3
2,2022-03-08,15.52,39330.43,41850.40,-3.8,-2.3
2,2022-03-09,13.04,36902.32,42002.96,-0.8,2.7
2,2022-03-10,18.04,37809.22,42156.08,-1.4,1.6
2,2022-03-11,16.79,39773.58,42309.67,2.2,5.7
2,2022-03-12,18.77,35091.84,42463.62,-2.2,0.7
2,2022-03-13,4.77,0.00,42617.82,3.0,4.3
2,2022-03-14,8.85,15947.59,42772.18,3.4,7.5
2,2022-03-15,8.06,4345.42,42926.59,2.1,5.2
2,2022-03-16,12.95,20081.03,43080.95,1.5,4.1
2,2022-03-17,16.18,32980.21,43235.16,-1.1,2.1
2,2022-03-18,4.87,0.00,43389.13,-0.2,1.8
2,2022-03-19,9.92,11559.73,43542.74,-0.2,1.2
2,2022-03-20,15.29,37881.03,43695.90,-2.3,-0.4
2,2022-03-21,17.22,33379.58,43848.51,-5.0,-2.7
2,2022-03-22,8.48,9435.91,44000.46,-4.4,-1.4
2,2022-03-23,16.85,27560.76,44151.65,-3.8,-1.5
2,2022-03-24,14.97,34374.57,44302.18,0.8,2.7
2,2022-03-25,17.24,32400.00,44453.11,0.6,4.5
2,2022-03-26,3.77,0.00,44604.55,9.8,11.8
2,2022-03-27,12.50,22472.30,44756.40,0.9,6.0
2,2022-03-28,20.63,40151.99,44908.56,-3.1,-1.1
2,2022-03-29,19.08,36239.87,45060.96,-1.1,3.0
2,2022-03-30,20.01,35548.58,45213.48,5.2,7.0
2,2022-03-31,9.10,15138.09,45366.04,-0.6,7.7
2,2022-04-01,20.58,41619.77,45518.53,-5.4,-2.8
2,2022-04-02,21.84,43568.15,45670.87,-3.0,-0.1
2,2022-04-03,19.49,35779.45,45822.94,2.3,6.2
2,2022-04-04,7.88,1282.54,45974.67,6.3,8.2
2,2022-04-05,8.37,9625.49,46125.93,6.7,8.4
2,2022-04-06,21.84,44806.27,46276.64,1.0,7.4
2,2022-04-07,20.24,34011.27,46426.70,1.5,3.0
2,2022-04-08,18.96,41764.10,46575.99,-0.2,3.0
2,2022-04-09,23.52,45620.88,46724.41,4.6,9.9
2,2022-04-10,23.18,45879.02,46871.85,6.8,9.1
2,2022-04-11,22.40,43232.42,47018.21,8.8,11.6
2,2022-04-12,23.46,45502.80,47163.37,8.7,11.6
2,2022-04-13,19.52,33849.92,47307.40,9.7,12.8
2,2022-04-14,6.27,0.00,47451.34,4.6,5.9
2,2022-04-15,3.50,0.00,47595.28,5.5,8.0
2,2022-04-16,17.91,40130.56,47739.11,1.7,3.7
2,2022-04-17,24.50,46793.60,47882.75,2.0,4.8
2,2022-04-18,18.72,31475.51,48026.09,7.4,10.6
2,2022-04-19,23.17,46800.00,48169.03,1.5,5.2
2,2022-04-20,24.50,45391.44,48311.47,5.2,8.7
2,2022-04-21,22.42,34554.72,48453.29,10.7,12.6
2,2022-04-22,19.13,39600.00,48594.40,9.8,13.3
2,2022-04-23,16.48,38687.05,48734.67,4.8,11.3
2,2022-04-24,19.27,37488.86,48874.01,6.6,11.2
2,2022-04-25,18.16,35378.26,49012.29,11.8,13.6
2,2022-04-26,8.76,5344.68,49149.40,15.4,16.8
2,2022-04-27,19.73,39450.90,49285.21,4.7,12.0
2,2022-04-28,25.63,46800.00,49419.61,2.3,3.8
2,2022-04-29,11.61,21881.57,49552.47,1.5,5.6
2,2022-04-30,23.12,33069.09,49683.67,2.8,7.0
2,2022-05-01,6.46,9037.00,49813.07,6.9,8.8
2,2022-05-02,23.85,46269.56,49940.55,1.5,4.4
2,2022-05-03,22.82,46800.00,50066.14,2.5,4.5
2,2022-05-04,25.50,46800.00,50190.81,6.0,8.0
2,2022-05-05,26.03,46800.00,50314.65,9.1,11.1
2,2022-05-06,25.47,43598.64,50437.54,12.4,14.2
2,2022-05-07,22.60,46474.47,50559.37,10.7,15.1
2,2022-05-08,22.90,36000.00,50680.04,2.8,6.4
2,2022-05-09,22.98,44631.39,50799.44,1.8,4.9
2,2022-05-10,26.28,43200.00,50917.44,4.4,7.7
2,2022-05-11,18.52,38082.79,51033.94,12.3,14.4
2,2022-05-12,20.52,32400.00,51148.81,14.9,16.1
2,2022-05-13,6.61,0.00,51261.94,16.2,17.1
2,2022-05-14,15.03,30147.80,51373.19,10.0,18.4
2,2022-05-15,18.96,28308.05,51482.45,4.6,6.7
2,2022-05-16,16.77,18157.95,51589.59,8.7,10.4
2,2022-05-17,14.13,15047.17,51694.48,9.7,12.1
2,2022-05-18,27.42,47241.45,51796.98,7.0,10.9
2,2022-05-19,24.72,46896.37,51896.96,10.1,12.2
2,2022-05-20,23.58,36152.74,51994.30,9.1,11.3
2,2022-05-21,14.70,13969.46,52088.85,12.8,15.3
2,2022-05-22,7.56,9766.92,52180.48,12.5,14.6
2,2022-05-23,17.64,34800.47,52269.18,11.6,13.2
2,2022-05-24,23.70,47564.18,52355.71,11.2,13.5
2,2022-05-25,25.48,36615.61,52440.11,15.4,16.4
2,2022-05-26,21.26,33665.00,52522.30,15.2,16.6
2,2022-05-27,5.98,14096.21,52602.21,14.8,17.0
2,2022-05-28,22.65,47240.63,52679.73,10.4,13.9
2,2022-05-29,26.61,47345.10,52754.78,12.2,13.5
2,2022-05-30,17.43,30065.09,52827.27,10.3,12.7
2,2022-05-31,5.76,10800.00,52897.13,13.1,15.0
2,2022-06-01,23.39,43559.95,52964.25,12.1,15.1
2,2022-06-02,19.05,27389.35,53028.55,14.3,15.2
2,2022-06-03,14.89,23997.83,53089.94,12.8,15.2
2,2022-06-04,25.58,48223.49,53148.33,9.2,11.3
2,2022-06-05,19.59,31366.04,53203.64,8.9,10.5
2,2022-06-06,5.31,0.00,53255.77,11.3,12.3
2,2022-06-07,5.76,0.00,53304.64,11.3,12.6
2,2022-06-08,5.44,0.00,53350.15,10.5,11.4
2,2022-06-09,13.04,11258.36,53392.23,12.3,13.1
2,2022-06-10,14.24,24402.66,53430.78,15.1,15.9
2,2022-06-11,15.72,23884.87,53465.73,16.3,17.1
2,2022-06-12,14.09,30296.65,53497.04,13.1,16.8
2,2022-06-13,21.59,45344.91,53524.96,10.9,13.3
2,2022-06-14,20.55,27658.86,53549.55,10.0,12.8
2,2022-06-15,11.20,10624.12,53570.78,14.7,17.8
2,2022-06-16,20.71,49067.46,53588.67,16.2,18.2
2,2022-06-17,24.96,50384.19,53603.21,15.3,19.1
2,2022-06-18,25.14,40959.93,53614.40,17.4,19.9
2,2022-06-19,21.94,43481.34,53622.23,18.9,20.6
2,2022-06-20,26.63,51355.62,53626.72,16.4,18.3
2,2022-06-21,25.55,47705.61,53627.87,15.0,17.1
2,2022-06-22,22.11,38730.82,53625.68,16.0,16.9
2,2022-06-23,9.87,3740.10,53620.16,18.0,19.8
2,2022-06-24,10.08,5390.88,53611.31,21.1,22.9
2,2022-06-25,25.82,50399.80,53599.16,19.3,21.7
2,2022-06-26,24.02,38520.43,53583.71,19.6,20.6
2,2022-06-27,15.63,25714.40,53564.96,20.6,22.3
2,2022-06-28,10.98,17638.60,53542.95,21.7,23.6
2,2022-06-29,22.25,37714.22,53517.69,20.6,21.8
2,2022-06-30,22.54,46050.28,53489.17,21.2,22.3
2,2022-07-01,19.91,45198.15,53457.45,21.4,22.9
2,2022-07-02,25.58,51191.39,53422.46,20.9,23.2
2,2022-07-03,25.26,48655.53,53383.85,19.5,21.9
2,2022-07-04,25.05,48325.87,53341.66,20.2,22.3
2,2022-07-05,21.54,38203.76,53295.97,21.2,22.6
2,2022-07-06,21.29,38868.90,53246.88,19.6,20.6
2,2022-07-07,16.52,33133.54,53194.49,20.3,21.0
2,2022-07-08,21.94,41196.13,53138.89,17.9,19.6
2,2022-07-09,17.99,38823.76,53080.17,19.8,21.5
2,2022-07-10,22.11,42797.94,53018.45,21.4,22.8
2,2022-07-11,15.03,22647.83,52953.81,21.5,22.1
2,2022-07-12,13.36,14937.74,52886.35,21.1,21.6
2,2022-07-13,7.33,712.81,52816.17,19.3,20.8
2,2022-07-14,10.38,39.16,52743.35,17.8,19.9
2,2022-07-15,11.75,9553.15,52668.01,20.3,21.3
2,2022-07-16,5.07,0.00,52590.24,20.9,21.7
2,2022-07-17,13.25,24250.76,52510.13,21.2,22.2
2,2022-07-18,20.39,25954.92,52427.76,20.6,21.9
2,2022-07-19,16.06,29176.63,52343.25,21.3,22.3
2,2022-07-20,22.07,43563.22,52256.68,20.2,22.0
2,2022-07-21,16.69,26144.22,52168.14,21.1,22.5
2,2022-07-22,5.64,6263.31,52077.56,22.2,23.5
2,2022-07-23,17.15,34448.10,51984.19,21.8,23.1
2,2022-07-24,21.61,36475.19,51887.99,20.3,21.7
2,2022-07-25,20.28,43425.14,51789.10,22.0,23.7
2,2022-07-26,22.32,44565.24,51687.67,23.5,24.5
2,2022-07-27,20.89,45935.94,51583.82,23.3,25.0
2,2022-07-28,21.73,36839.32,51477.70,21.5,23.1
2,2022-07-29,19.57,33167.42,51369.42,22.9,24.4
2,2022-07-30,21.95,44721.63,51259.14,22.7,24.6
2,2022-07-31,24.16,39323.48,51146.97,21.8,23.1
2,2022-08-01,13.32,20591.60,51033.03,23.5,25.7
2,2022-08-02,16.27,19319.97,50917.44,23.4,24.7
2,2022-08-03,8.78,9256.60,50800.34,21.2,24.4
2,2022-08-04,9.08,3948.80,50681.83,18.1,19.3
2,2022-08-05,11.73,14187.44,50562.05,16.4,17.3
2,2022-08-06,16.75,32548.33,50441.08,18.2,19.7
2,2022-08-07,13.32,19270.86,50319.06,22.0,23.5
2,2022-08-08,20.52,42899.05,50196.09,24.2,25.8
2,2022-08-09,17.00,37376.18,50072.28,21.9,23.4
2,2022-08-10,12.88,19808.43,49947.73,22.9,24.0
2,2022-08-11,15.95,23495.99,49822.37,24.1,25.2
2,2022-08-12,14.65,15360.33,49695.25,23.9,26.6
2,2022-08-13,13.52,21303.91,49566.31,23.5,25.2
2,2022-08-14,20.62,40746.61,49435.69,22.1,23.2
2,2022-08-15,11.67,16887.83,49303.49,22.9,23.8
2,2022-08-16,8.90,13641.23,49169.85,21.7,25.6
2,2022-08-17,18.12,25852.40,49034.90,19.8,20.4
2,2022-08-18,9.77,28800.00,48898.73,19.7,24.1
2,2022-08-19,23.27,43657.12,48761.47,16.8,18.6
2,2022-08-20,13.58,26123.41,48623.23,21.2,22.7
2,2022-08-21,21.75,46800.00,48484.12,19.9,21.2
2,2022-08-22,19.79,30076.11,48344.24,21.8,23.3
2,2022-08-23,19.50,41576.68,48203.70,22.4,25.6
2,2022-08-24,19.05,37466.70,48062.62,16.9,18.2
2,2022-08-25,15.22,23951.00,47921.08,18.1,19.4
2,2022-08-26,13.79,27169.22,47779.17,20.2,21.6
2,2022-08-27,10.88,15389.95,47637.03,21.5,23.8
2,2022-08-28,7.02,15151.07,47494.72,16.0,18.3
2,2022-08-29,21.21,32400.00,47352.35,16.4,18.4
2,2022-08-30,14.64,26835.46,47210.01,19.1,20.0
2,2022-08-31,7.39,5687.46,47067.61,21.3,22.8
2,2022-09-01,9.14,5311.85,46924.18,21.8,25.0
2,2022-09-02,17.10,40488.61,46779.64,17.7,19.8
2,2022-09-03,13.85,26329.06,46634.10,18.9,19.5
2,2022-09-04,9.14,8049.86,46487.65,19.2,20.6
2,2022-09-05,8.45,2071.15,46340.40,20.1,21.4
2,2022-09-06,7.98,16859.14,46192.45,21.8,22.7
2,2022-09-07,12.19,16869.23,46043.88,20.6,22.0
2,2022-09-08,7.07,7531.94,45894.80,18.2,19.7
2,2022-09-09,16.00,42986.36,45745.31,18.5,21.6
2,2022-09-10,22.07,42999.92,45595.48,16.7,19.0
2,2022-09-11,18.99,40578.29,45445.42,17.9,19.7
2,2022-09-12,13.50,30000.36,45295.22,19.7,20.2
2,2022-09-13,15.62,32927.69,45144.97,19.9,22.7
2,2022-09-14,20.73,39600.00,44994.74,15.4,17.9
2,2022-09-15,17.48,38963.66,44844.64,15.5,16.8
2,2022-09-16,16.28,39630.32,44694.76,18.3,20.5
2,2022-09-17,11.37,20919.03,44545.17,21.5,22.4
2,2022-09-18,13.40,28845.54,44395.97,22.8,23.5
2,2022-09-19,11.73,21629.12,44247.24,23.2,24.1
2,2022-09-20,6.41,8928.75,44098.89,10.7,18.0
2,2022-09-21,15.62,35376.38,43949.92,8.6,12.3
2,2022-09-22,6.09,4009.82,43800.22,15.9,19.4
2,2022-09-23,2.55,0.00,43649.90,21.2,22.2
2,2022-09-24,8.33,16540.90,43499.06,16.1,23.2
2,2022-09-25,17.07,32400.00,43347.80,14.8,15.6
2,2022-09-26,15.11,34227.09,43196.20,15.2,17.5
2,2022-09-27,9.80,14400.00,43044.37,14.4,17.5
2,2022-09-28,16.37,36091.41,42892.39,13.4,15.2
2,2022-09-29,18.49,39719.70,42740.37,14.1,17.4
2,2022-09-30,18.75,39600.00,42588.40,14.1,16.0
2,2022-10-01,18.62,39600.00,42436.58,15.0,17.2
2,2022-10-02,17.49,35824.62,42285.00,16.4,17.2
2,2022-10-03,9.19,16704.81,42133.76,17.1,18.1
2,2022-10-04,3.43,1179.86,41982.96,15.9,19.1
2,2022-10-05,3.49,3600.00,41832.69,6.1,7.5
2,2022-10-06,6.38,2346.13,41683.06,5.4,7.5
2,2022-10-07,6.42,6535.69,41534.16,9.2,10.8
2,2022-10-08,15.99,39600.00,41386.10,9.7,11.0
2,2022-10-09,8.12,13481.68,41238.97,12.5,16.0
2,2022-10-10,4.73,8205.34,41092.69,15.7,17.3
2,2022-10-11,11.93,27732.83,40946.15,10.9,15.1
2,2022-10-12,13.93,32282.47,40799.24,8.0,11.2
2,2022-10-13,7.93,10196.25,40652.09,9.7,11.3
2,2022-10-14,15.06,36000.00,40504.79,13.1,14.8
2,2022-10-15,12.52,36351.04,40357.48,13.8,16.0
2,2022-10-16,10.59,25811.65,40210.24,13.5,15.2
2,2022-10-17,5.25,8556.23,40063.22,11.9,16.9
2,2022-10-18,14.20,35358.56,39916.50,4.2,6.5
2,2022-10-19,12.36,38852.26,39770.22,4.3,6.4
2,2022-10-20,13.31,38788.57,39624.48,6.6,8.8
2,2022-10-21,12.09,28179.56,39479.42,9.0,12.0
2,2022-10-22,8.44,22543.85,39335.16,12.3,14.3
2,2022-10-23,11.95,28186.23,39191.81,7.1,13.2
2,2022-10-24,11.79,29005.22,39049.51,1.3,3.9
2,2022-10-25,13.00,35972.82,38908.38,3.5,5.2
2,2022-10-26,12.48,37247.65,38768.57,2.5,5.2
2,2022-10-27,13.35,30990.87,38630.19,4.5,7.7
2,2022-10-28,13.52,36892.88,38493.39,6.8,9.2
2,2022-10-29,10.71,35962.93,38358.31,5.6,9.2
2,2022-10-30,12.47,36218.38,38224.87,6.3,7.5
2,2022-10-31,12.29,35210.88,38091.86,6.7,8.8
2,2022-11-01,10.30,31998.64,37959.18,9.2,10.5
2,2022-11-02,11.63,35819.00,37826.99,8.4,11.5
2,2022-11-03,9.89,26797.16,37695.39,9.0,11.4
2,2022-11-04,9.55,33252.19,37564.52,2.7,6.2
2,2022-11-05,11.15,35407.53,37434.53,1.6,4.8
2,2022-11-06,8.92,27391.73,37305.56,4.9,7.2
2,2022-11-07,8.17,30793.11,37177.74,5.1,8.2
2,2022-11-08,9.90,35057.14,37051.22,5.1,7.5
2,2022-11-09,10.56,34670.54,36926.15,3.5,6.7
2,2022-11-10,9.50,34921.52,36802.68,7.7,9.7
2,2022-11-11,11.88,33778.47,36680.97,5.5,7.4
2,2022-11-12,11.33,31408.25,36561.16,10.8,12.9
2,2022-11-13,7.25,20646.05,36443.43,8.8,12.9
2,2022-11-14,10.68,32400.00,36327.92,0.9,2.4
2,2022-11-15,9.65,32400.00,36214.81,4.3,5.2
2,2022-11-16,10.12,31591.86,36104.27,0.9,3.1
2,2022-11-17,8.67,33684.08,35996.45,-0.3,3.6
2,2022-11-18,10.83,32400.00,35891.54,3.0,5.4
2,2022-11-19,9.39,32431.94,35789.51,1.3,5.9
2,2022-11-20,5.32,15785.98,35689.24,6.3,8.5
2,2022-11-21,5.52,18000.00,35590.64,8.6,11.2
2,2022-11-22,8.78,28015.33,35493.86,1.2,8.6
2,2022-11-23,3.39,2288.01,35399.00,5.8,7.4
2,2022-11-24,8.16,28800.00,35306.20,4.0,6.6
2,2022-11-25,9.33,32400.00,35215.59,3.3,5.6
2,2022-11-26,8.90,32400.00,35127.29,6.8,12.6
2,2022-11-27,9.73,32400.00,35041.45,-1.0,0.8
2,2022-11-28,9.96,32400.00,34958.18,3.9,10.2
2,2022-11-29,4.96,7976.24,34877.64,12.2,13.8
2,2022-11-30,4.94,7681.20,34799.95,0.4,10.5
2,2022-12-01,3.09,4115.65,34725.26,-2.3,0.2
2,2022-12-02,8.81,32400.00,34653.68,-5.5,-3.8
2,2022-12-03,8.40,29244.43,34585.38,1.8,5.1
2,2022-12-04,3.47,1416.59,34520.48,-1.2,5.0
2,2022-12-05,5.35,10829.03,34459.13,-3.5,-2.2
2,2022-12-06,2.89,5788.68,34401.46,-1.0,0.6
2,2022-12-07,3.45,7445.20,34347.62,2.1,3.7
2,2022-12-08,8.45,29485.76,34297.74,-2.0,2.9
2,2022-12-09,7.51,31596.63,34251.85,0.0,2.0
2,2022-12-10,7.60,28461.39,34209.37,0.7,4.2
2,2022-12-11,5.72,21797.19,34170.22,-2.0,2.3
2,2022-12-12,8.83,28800.00,34134.46,-2.1,0.4
2,2022-12-13,6.32,25200.00,34102.11,3.4,7.0
2,2022-12-14,5.16,12917.24,34073.20,-5.1,2.7
2,2022-12-15,5.66,15328.69,34047.76,-3.6,-1.6
2,2022-12-16,3.43,2119.31,34025.84,-6.4,-3.6
2,2022-12-17,3.56,10563.70,34007.46,-1.9,0.2
2,2022-12-18,5.78,11375.88,33992.65,-7.0,-1.8
2,2022-12-19,8.55,29786.67,33981.43,-7.2,-4.2
2,2022-12-20,7.27,27475.56,33973.84,-5.2,-3.7
2,2022-12-21,7.95,20953.50,33969.89,-0.3,2.1
2,2022-12-22,1.48,3600.00,33969.61,2.0,5.5
2,2022-12-23,8.26,28800.00,33973.02,-4.9,-0.8
2,2022-12-24,7.91,30575.85,33980.13,-1.6,0.6
2,2022-12-25,7.79,28800.00,33990.97,-1.9,-0.5
2,2022-12-26,6.52,21170.91,34005.55,-0.4,1.6
2,2022-12-27,8.98,28800.00,34023.88,-0.1,1.0
2,2022-12-28,7.30,20075.12,34045.97,1.3,2.8
2,2022-12-29,5.61,14653.61,34071.89,-5.3,-3.7
2,2022-12-30,4.81,16606.39,34101.91,-2.9,-1.8
2,2022-12-31,7.87,28800.00,34135.99,-3.2,-0.3
2,2023-01-01,4.56,14080.01,34174.02,-4.2,2.6
2,2023-01-02,7.30,32019.51,34215.92,-7.7,-6.6
2,2023-01-03,8.18,32173.92,34261.55,-6.5,-5.2
2,2023-01-04,8.71,32400.00,34310.83,-7.1,-5.1
2,2023-01-05,8.48,32400.00,34363.65,-7.2,-5.6
2,2023-01-06,7.76,28846.27,34419.90,-5.0,-3.4
2,2023-01-07,6.49,22989.61,34479.46,-2.8,-0.3
2,2023-01-08,8.32,29692.86,34542.24,-2.5,-0.5
2,2023-01-09,4.74,12679.63,34608.13,-1.2,2.2
2,2023-01-10,7.93,31685.54,34677.01,-6.4,-4.8
2,2023-01-11,7.52,24528.83,34748.79,0.1,2.2
2,2023-01-12,3.90,14400.00,34823.35,2.5,5.9
2,2023-01-13,8.74,26958.25,34900.58,4.0,5.7
2,2023-01-14,2.70,1139.35,34980.39,5.8,8.0
2,2023-01-15,3.25,3600.00,35062.66,1.1,2.8
2,2023-01-16,4.94,8640.93,35147.29,-4.4,-1.4
2,2023-01-17,3.61,609.66,35234.18,-4.3,-3.1
2,2023-01-18,5.63,10647.67,35323.41,-5.4,-1.8
2,2023-01-19,11.24,33093.42,35415.96,-4.6,-1.4
2,2023-01-20,7.80,28467.70,35511.83,-2.6,1.8
2,2023-01-21,7.93,24553.98,35610.86,-7.6,-5.0
2,2023-01-22,8.38,23296.33,35712.87,-7.6,-6.1
2,2023-01-23,2.11,0.00,35817.69,-3.7,-1.7
2,2023-01-24,4.47,6211.41,35925.16,-10.8,-0.3
2,2023-01-25,8.58,33139.56,36035.10,-13.0,-9.4
2,2023-01-26,10.00,29804.43,36147.35,-8.7,-7.7
2,2023-01-27,8.59,26685.69,36261.75,-6.8,-4.8
2,2023-01-28,9.94,29158.68,36378.15,-10.0,-7.1
2,2023-01-29,9.26,31323.68,36496.39,-8.6,-7.3
2,2023-01-30,11.03,24923.01,36616.31,-6.5,-2.7
2,2023-01-31,10.39,28800.00,36737.77,-7.8,-6.5
2,2023-02-01,8.22,21859.58,36860.62,-2.8,0.8
2,2023-02-02,11.12,31415.66,36984.71,-8.2,-5.6
2,2023-02-03,5.98,8574.63,37109.90,-7.7,-5.3
2,2023-02-04,7.72,18000.00,37236.05,-4.8,-0.8
2,2023-02-05,7.64,23829.16,37363.03,-5.3,-2.4
2,2023-02-06,8.67,26232.04,37490.70,-1.1,0.9
2,2023-02-07,12.01,32400.00,37619.15,-0.2,1.8
2,2023-02-08,10.26,31460.87,37749.63,-5.1,-3.4
2,2023-02-09,12.42,32400.00,37882.20,-9.4,-8.0
2,2023-02-10,3.99,3600.00,38016.70,-2.6,-0.8
2,2023-02-11,14.53,36000.00,38152.97,-4.7,-1.1
2,2023-02-12,13.54,27759.14,38290.88,-0.2,1.1
2,2023-02-13,3.80,3600.00,38430.27,-2.5,1.5
2,2023-02-14,11.79,35892.45,38570.99,-8.1,-4.7
2,2023-02-15,11.03,33843.13,38712.90,-8.9,-7.2
2,2023-02-16,10.31,29736.91,38855.86,-6.4,-4.9
2,2023-02-17,12.29,34005.06,38999.74,-1.5,1.9
2,2023-02-18,9.31,21283.27,39144.39,1.9,3.4
2,2023-02-19,2.91,3802.95,39289.69,0.6,5.6
2,2023-02-20,15.16,36467.17,39435.51,-8.8,-7.8
2,2023-02-21,12.90,34842.62,39581.71,-8.3,-6.5
2,2023-02-22,6.15,3600.00,39728.18,-5.3,-3.2
2,2023-02-23,9.98,21538.55,39874.78,-2.1,1.2
2,2023-02-24,10.71,28293.10,40021.40,0.3,2.8
2,2023-02-25,13.65,36000.00,40167.91,-5.5,-1.4
2,2023-02-26,12.92,35828.61,40314.20,-7.2,-5.9
2,2023-02-27,16.12,38702.93,40460.35,-4.0,-2.7
2,2023-02-28,17.45,37328.18,40607.58,-2.3,2.0
2,2023-03-01,12.59,30119.46,40755.96,3.5,4.9
2,2023-03-02,9.58,19929.95,40905.39,-2.6,1.8
2,2023-03-03,11.78,28942.10,41055.74,-3.3,-0.5
2,2023-03-04,14.95,39138.38,41206.92,-4.0,0.8
2,2023-03-05,18.16,37997.53,41358.79,-3.7,-2.3
2,2023-03-06,15.38,39661.05,41511.27,-1.1,4.8
2,2023-03-07,18.05,40018.36,41664.23,-0.6,2.9
2,2023-03-08,18.34,40078.11,41817.57,2.4,4.5
2,2023-03-09,16.74,32400.00,41971.17,5.8,7.5
2,2023-03-10,14.77,32400.00,42124.95,2.8,7.3
2,2023-03-11,18.55,40375.30,42278.79,1.5,4.0
2,2023-03-12,13.07,28450.45,42432.58,5.9,10.1
2,2023-03-13,5.37,1583.16,42586.23,2.8,10.2
2,2023-03-14,14.40,37569.13,42739.63,-3.1,-1.7
2,2023-03-15,19.59,39953.33,42892.67,1.4,3.9
2,2023-03-16,16.35,34567.57,43045.25,3.2,9.8
2,2023-03-17,17.19,32400.00,43197.27,-2.6,-1.3
2,2023-03-18,3.98,7200.00,43348.63,-0.1,2.8
2,2023-03-19,16.79,41309.25,43499.41,-0.1,2.3
2,2023-03-20,20.17,38550.86,43650.71,0.3,3.8
2,2023-03-21,18.48,37266.96,43802.63,4.7,9.7
2,2023-03-22,19.43,34019.07,43955.06,9.1,12.5
2,2023-03-23,9.13,11948.84,44107.94,12.9,13.7
2,2023-03-24,9.69,14525.69,44261.14,2.7,10.9
2,2023-03-25,7.60,10353.56,44414.58,1.9,6.1
2,2023-03-26,2.81,6546.76,44568.16,5.7,8.6
2,2023-03-27,19.89,40167.63,44721.80,-1.9,-0.2
2,2023-03-28,15.99,40404.67,44875.38,0.7,2.4
2,2023-03-29,17.54,40970.23,45028.82,3.2,5.7
2,2023-03-30,20.53,42733.58,45182.02,4.3,6.8
2,2023-03-31,21.77,43537.12,45334.88,3.7,6.4
2,2023-04-01,22.60,43548.83,45487.30,0.1,2.9
2,2023-04-02,21.96,42388.26,45639.19,2.6,3.7
2,2023-04-03,22.46,43869.45,45790.44,1.7,3.7
2,2023-04-04,22.65,43289.71,45940.94,4.2,8.8
2,2023-04-05,16.29,28800.00,46090.60,6.7,9.7
2,2023-04-06,8.73,11673.94,46239.30,11.5,13.8
2,2023-04-07,5.02,0.00,46386.96,12.9,16.0
2,2023-04-08,11.95,21930.26,46533.62,2.1,8.5
2,2023-04-09,21.79,43846.94,46680.36,-1.8,1.5
2,2023-04-10,23.14,45593.82,46827.25,2.0,5.4
2,2023-04-11,21.58,34845.80,46974.20,7.5,10.4
2,2023-04-12,7.77,17912.15,47121.11,3.4,11.3
2,2023-04-13,22.98,44278.47,47267.88,0.8,3.9
2,2023-04-14,14.59,28260.12,47414.43,4.9,8.3
2,2023-04-15,7.78,5005.53,47560.64,8.8,12.1
2,2023-04-16,13.93,18027.15,47706.41,5.3,14.5
2,2023-04-17,18.36,38307.35,47851.64,2.6,5.1
2,2023-04-18,14.99,27403.03,47996.22,5.2,7.7
2,2023-04-19,23.51,46800.00,48140.04,4.3,6.2
2,2023-04-20,24.20,44078.64,48283.00,10.9,13.5
2,2023-04-21,24.09,46800.00,48424.98,0.6,7.1
2,2023-04-22,23.16,46800.00,48565.87,-2.4,0.3
2,2023-04-23,22.76,45821.15,48705.54,-2.9,-0.3
2,2023-04-24,19.92,45625.57,48843.89,-3.3,-0.7
2,2023-04-25,21.92,28800.00,48980.78,2.3,11.6
2,2023-04-26,4.34,3600.00,49116.09,8.7,12.8
2,2023-04-27,25.86,46800.00,49249.70,1.3,5.0
2,2023-04-28,25.26,45133.22,49381.65,7.2,10.8
2,2023-04-29,20.63,32400.00,49512.96,12.8,14.0
2,2023-04-30,9.36,8952.69,49643.68,8.4,16.9
2,2023-05-01,23.30,43200.00,49773.73,6.9,9.2
2,2023-05-02,23.82,46800.00,49902.98,3.3,5.2
2,2023-05-03,24.10,43200.00,50031.34,4.2,8.3
2,2023-05-04,26.67,46800.00,50158.69,6.5,8.9
2,2023-05-05,20.85,32190.92,50284.93,11.4,14.8
2,2023-05-06,4.84,0.00,50409.92,14.3,18.4
2,2023-05-07,3.77,0.00,50533.57,6.9,9.3
2,2023-05-08,7.57,14400.00,50655.74,2.3,4.7
2,2023-05-09,27.02,46800.00,50776.31,4.8,7.5
2,2023-05-10,26.77,46805.04,50895.16,3.6,6.1
2,2023-05-11,25.43,46800.00,51012.16,3.2,6.1
2,2023-05-12,24.90,44555.14,51127.19,4.8,7.1
2,2023-05-13,17.52,24571.50,51240.10,10.7,12.4
2,2023-05-14,15.92,26950.59,51350.77,11.2,12.8
2,2023-05-15,5.80,7119.96,51459.06,13.2,14.1
2,2023-05-16,20.79,37424.73,51564.83,11.3,13.5
2,2023-05-17,26.83,46950.75,51667.94,12.9,17.0
2,2023-05-18,24.76,37458.15,51768.40,13.8,16.1
2,2023-05-19,7.55,191.44,51867.05,15.0,17.1
2,2023-05-20,17.18,32678.30,51963.93,12.7,14.3
2,2023-05-21,15.61,26732.81,52058.96,15.5,17.0
2,2023-05-22,18.63,24287.65,52152.04,10.2,11.8
2,2023-05-23,12.62,18406.98,52243.06,9.9,12.6
2,2023-05-24,20.19,47300.77,52331.94,7.1,9.8
2,2023-05-25,27.41,43644.31,52418.56,8.5,12.7
2,2023-05-26,16.40,22453.41,52502.83,14.0,16.0
2,2023-05-27,21.78,34529.77,52584.65,14.3,15.8
2,2023-05-28,5.27,0.00,52663.91,16.4,17.8
2,2023-05-29,9.58,2817.55,52740.51,16.0,17.7
2,2023-05-30,25.08,46606.24,52814.34,10.1,14.3
2,2023-05-31,23.93,47896.27,52885.29,7.8,10.1
2,2023-06-01,18.91,26625.29,52953.27,13.5,17.3
2,2023-06-02,6.85,10800.00,53018.16,17.1,18.8
2,2023-06-03,25.34,48250.46,53079.86,11.0,13.3
2,2023-06-04,24.31,49220.10,53138.26,11.2,14.1
2,2023-06-05,27.50,49862.55,53193.26,11.0,14.1
2,2023-06-06,23.24,42652.73,53244.75,16.1,18.2
2,2023-06-07,25.25,49495.30,53292.70,14.1,15.7
2,2023-06-08,17.92,26920.42,53337.52,16.5,17.7
2,2023-06-09,8.37,14324.79,53379.27,16.0,18.0
2,2023-06-10,21.48,33343.20,53417.90,17.2,18.6
2,2023-06-11,7.24,3600.00,53453.39,18.4,19.4
2,2023-06-12,11.83,10605.12,53485.71,18.4,19.2
2,2023-06-13,18.28,30683.99,53514.82,19.2,20.5
2,2023-06-14,13.96,21883.52,53540.71,19.4,20.6
2,2023-06-15,7.33,0.00,53563.34,18.7,19.3
2,2023-06-16,4.95,10245.34,53582.70,17.7,18.8
2,2023-06-17,26.47,50719.38,53598.75,15.1,18.4
2,2023-06-18,20.11,41221.20,53611.49,15.5,17.8
2,2023-06-19,26.07,45405.35,53620.89,12.1,14.4
2,2023-06-20,23.91,38188.37,53626.93,13.8,16.3
2,2023-06-21,22.53,25200.00,53629.59,15.5,16.4
2,2023-06-22,8.77,0.00,53628.86,16.4,17.7
2,2023-06-23,14.91,31805.88,53624.73,18.1,19.2
2,2023-06-24,18.02,43929.77,53617.18,18.5,19.6
2,2023-06-25,20.39,37201.80,53606.20,17.5,18.6
2,2023-06-26,17.60,30674.64,53591.78,19.1,20.3
2,2023-06-27,16.91,24891.21,53573.89,21.3,22.4
2,2023-06-28,19.90,35334.57,53552.31,20.8,22.3
2,2023-06-29,19.83,43471.76,53527.10,19.3,21.8
2,2023-06-30,7.51,3599.31,53498.31,21.0,22.3
2,2023-07-01,13.97,14976.23,53466.02,18.6,20.1
2,2023-07-02,24.87,42828.84,53430.31,19.8,21.8
2,2023-07-03,20.70,50786.50,53391.24,17.2,19.1
2,2023-07-04,23.21,49652.28,53348.90,17.1,18.3
2,2023-07-05,13.04,15894.72,53303.36,19.9,21.5
2,2023-07-06,23.38,44375.58,53254.71,20.6,22.8
2,2023-07-07,15.57,20480.23,53203.01,20.7,22.5
2,2023-07-08,10.05,10611.37,53148.35,18.8,22.6
2,2023-07-09,17.82,33955.81,53090.80,22.3,24.4
2,2023-07-10,21.43,37279.60,53030.46,22.3,23.8
2,2023-07-11,22.35,46071.33,52967.39,22.4,23.5
2,2023-07-12,10.21,14113.49,52901.67,21.1,24.1
2,2023-07-13,26.48,43200.00,52833.39,17.1,19.6
2,2023-07-14,16.07,18053.76,52762.63,20.8,22.3
2,2023-07-15,5.79,0.00,52689.46,22.1,23.5
2,2023-07-16,15.22,25162.65,52613.96,22.4,24.5
2,2023-07-17,22.36,39241.38,52536.08,22.3,23.8
2,2023-07-18,4.11,0.00,52455.12,23.1,24.2
2,2023-07-19,7.48,10800.00,52371.08,20.7,23.5
2,2023-07-20,18.41,40488.92,52284.10,19.2,21.2
2,2023-07-21,14.49,25259.69,52194.31,19.1,20.2
2,2023-07-22,19.63,39003.72,52101.83,20.8,21.4
2,2023-07-23,19.30,33964.69,52006.80,21.0,22.1
2,2023-07-24,23.74,48838.12,51909.35,22.3,23.4
2,2023-07-25,24.81,48855.39,51809.61,23.0,26.3
2,2023-07-26,25.43,48873.41,51707.70,22.2,23.6
2,2023-07-27,25.50,48572.43,51603.74,22.2,23.6
2,2023-07-28,24.88,48592.51,51497.85,22.9,25.4
2,2023-07-29,25.77,48294.86,51390.17,23.0,24.6
2,2023-07-30,25.74,48634.78,51280.79,23.0,26.6
2,2023-07-31,23.01,37336.99,51169.84,22.0,23.8
2,2023-08-01,19.99,45942.11,51057.43,22.3,23.1
2,2023-08-02,22.49,46353.73,50943.68,22.3,24.4
2,2023-08-03,22.02,41967.39,50828.70,24.2,25.2
2,2023-08-04,23.10,47493.64,50712.58,23.3,24.5
2,2023-08-05,21.38,43985.12,50595.44,24.0,25.2
2,2023-08-06,21.62,42885.53,50477.22,23.7,24.7
2,2023-08-07,16.21,30998.40,50356.97,24.3,25.0
2,2023-08-08,20.52,36784.31,50234.65,24.0,24.6
2,2023-08-09,14.75,33867.45,50110.40,24.5,25.0
2,2023-08-10,22.67,40468.78,49984.35,22.6,23.8
2,2023-08-11,21.19,43200.00,49856.63,22.6,23.9
2,2023-08-12,9.67,13793.66,49727.37,23.6,24.7
2,2023-08-13,18.16,35748.09,49596.67,24.4,24.7
2,2023-08-14,17.49,41737.20,49464.67,24.3,25.2
2,2023-08-15,19.17,41789.72,49331.49,24.0,25.2
2,2023-08-16,21.47,44522.58,49197.23,23.7,24.9
2,2023-08-17,19.50,39235.85,49062.02,25.1,25.8
2,2023-08-18,19.52,34316.22,48925.96,25.3,25.9
2,2023-08-19,15.99,30926.40,48789.17,24.6,25.1
2,2023-08-20,17.49,42281.46,48651.74,24.8,25.7
2,2023-08-21,18.97,44651.45,48513.79,24.8,25.3
2,2023-08-22,20.55,45335.44,48375.42,24.8,25.4
2,2023-08-23,19.53,45959.81,48236.72,24.8,25.3
2,2023-08-24,20.31,44774.50,48097.80,24.8,25.4
2,2023-08-25,21.99,41131.67,47958.76,24.3,25.0
2,2023-08-26,20.17,36679.22,47819.51,23.5,24.4
2,2023-08-27,16.54,31447.80,47679.06,22.1,23.2
2,2023-08-28,20.33,45162.32,47537.37,22.5,23.8
2,2023-08-29,17.33,40741.54,47394.53,23.5,24.3
2,2023-08-30,16.16,42428.13,47250.64,23.6,24.9
2,2023-08-31,21.10,44631.59,47105.81,23.7,24.5
2,2023-09-01,19.91,40773.24,46960.15,23.3,24.2
2,2023-09-02,11.38,18718.62,46813.76,22.4,23.3
2,2023-09-03,17.06,41653.49,46666.73,22.7,23.5
2,2023-09-04,10.12,14570.67,46519.16,23.5,24.0
2,2023-09-05,11.01,16400.13,46371.15,23.8,25.1
2,2023-09-06,7.20,12147.39,46222.80,22.1,23.2
2,2023-09-07,19.23,36193.13,46074.19,18.4,21.3
2,2023-09-08,8.55,730.24,45925.42,19.6,21.1
2,2023-09-09,16.70,35150.67,45776.57,23.6,24.8
2,2023-09-10,18.19,36313.24,45627.75,22.8,24.0
2,2023-09-11,16.49,38778.30,45479.03,23.1,24.1
2,2023-09-12,16.67,37120.21,45330.51,22.2,24.0
2,2023-09-13,16.46,34635.82,45182.27,22.5,23.4
2,2023-09-14,16.00,34614.64,45034.41,23.0,24.0
2,2023-09-15,16.31,27642.68,44886.82,20.6,22.8
2,2023-09-16,13.95,33413.24,44738.52,21.4,23.0
2,2023-09-17,10.56,19715.14,44589.42,23.5,24.5
2,2023-09-18,16.90,38812.25,44439.62,22.7,25.4
2,2023-09-19,12.40,31795.15,44289.20,21.8,23.2
2,2023-09-20,11.15,18170.77,44138.28,19.2,21.4
2,2023-09-21,3.22,0.00,43986.94,20.1,22.3
2,2023-09-22,12.28,32908.14,43835.27,16.5,19.5
2,2023-09-23,19.54,40474.22,43683.37,12.4,14.5
2,2023-09-24,18.84,39960.72,43531.33,12.7,14.7
2,2023-09-25,10.84,15851.15,43379.24,16.8,19.0
2,2023-09-26,8.06,8406.56,43227.19,18.5,19.4
2,2023-09-27,7.68,14400.00,43075.28,18.6,19.3
2,2023-09-28,10.07,28604.82,42923.61,18.6,21.2
2,2023-09-29,15.98,38467.05,42772.25,13.5,19.8
2,2023-09-30,6.43,9805.43,42621.31,16.9,18.2
2,2023-10-01,13.22,36000.00,42470.87,16.4,19.2
2,2023-10-02,16.37,39600.00,42321.04,10.7,12.2
2,2023-10-03,14.21,32400.00,42171.90,12.2,14.8
2,2023-10-04,14.37,32342.42,42023.56,15.0,16.7
2,2023-10-05,10.95,31688.10,41875.92,10.7,17.1
2,2023-10-06,13.45,39600.00,41727.89,9.6,11.2
2,2023-10-07,16.34,39600.00,41579.39,9.3,10.3
2,2023-10-08,13.67,28512.54,41430.53,10.9,12.8
2,2023-10-09,2.82,0.00,41281.40,14.6,15.4
2,2023-10-10,9.44,25062.12,41132.12,13.4,17.3
2,2023-10-11,15.39,39593.87,40982.79,8.1,11.2
2,2023-10-12,15.07,39503.24,40833.52,8.9,11.0
2,2023-10-13,14.64,39413.06,40684.42,9.3,11.3
2,2023-10-14,14.46,32123.42,40535.60,10.4,12.7
2,2023-10-15,3.14,7200.00,40387.17,12.4,14.2
2,2023-10-16,13.78,37778.59,40239.24,10.2,14.0
2,2023-10-17,12.03,39058.90,40091.92,7.2,8.5
2,2023-10-18,14.77,36000.00,39945.34,9.4,11.4
2,2023-10-19,13.18,36617.13,39799.61,13.1,16.2
2,2023-10-20,6.30,12332.69,39654.86,11.4,15.0
2,2023-10-21,10.15,25200.00,39511.19,6.0,7.4
2,2023-10-22,10.97,37959.13,39368.75,5.6,11.5
2,2023-10-23,13.81,38559.35,39227.64,5.5,11.2
2,2023-10-24,13.06,37850.03,39088.01,9.4,12.0
2,2023-10-25,12.45,36653.89,38949.77,10.1,13.1
2,2023-10-26,13.48,37562.30,38811.72,9.1,12.4
2,2023-10-27,11.01,29577.91,38673.77,10.1,12.3
2,2023-10-28,10.17,31944.19,38536.04,11.4,12.4
2,2023-10-29,10.27,34337.38,38398.68,8.6,11.5
2,2023-10-30,13.54,36534.26,38261.79,8.0,11.1
2,2023-10-31,10.93,35880.90,38125.52,9.3,12.2
2,2023-11-01,12.01,35586.26,37990.00,10.9,13.3
2,2023-11-02,11.32,35671.39,37855.37,10.3,13.7
2,2023-11-03,12.31,35114.07,37721.76,11.5,15.1
2,2023-11-04,3.45,3730.18,37589.32,12.4,14.6
2,2023-11-05,4.25,7237.69,37458.18,11.5,13.7
2,2023-11-06,5.84,11362.97,37328.51,16.6,18.4
2,2023-11-07,6.79,20458.87,37200.45,8.4,14.9
2,2023-11-08,9.95,34619.17,37074.15,5.4,7.0
2,2023-11-09,11.47,28800.00,36949.77,8.6,9.2
2,2023-11-10,4.73,6315.97,36827.46,8.2,12.6
2,2023-11-11,8.09,26609.36,36707.40,-0.1,1.9
2,2023-11-12,5.34,16022.39,36589.73,3.3,4.5
2,2023-11-13,9.20,28935.03,36474.64,2.6,5.4
2,2023-11-14,6.43,18530.55,36362.07,3.4,4.7
2,2023-11-15,8.90,33923.96,36250.85,2.7,5.8
2,2023-11-16,10.83,28800.00,36140.90,6.4,11.2
2,2023-11-17,1.40,4542.38,36032.35,9.0,12.8
2,2023-11-18,10.05,30925.80,35925.33,3.4,6.6
2,2023-11-19,7.92,25217.51,35819.98,6.6,8.9
2,2023-11-20,7.15,26732.91,35716.43,1.6,5.2
2,2023-11-21,10.85,32827.30,35614.83,2.6,6.0
2,2023-11-22,10.42,28800.00,35515.33,4.8,7.8
2,2023-11-23,6.99,25528.74,35418.04,7.0,8.9
2,2023-11-24,6.08,25842.36,35323.15,1.9,9.5
2,2023-11-25,8.43,32400.00,35230.77,-3.5,-1.2
2,2023-11-26,6.72,19285.14,35141.08,1.0,3.3
2,2023-11-27,3.19,9277.96,35054.22,5.5,7.2
2,2023-11-28,6.40,21600.00,34970.33,4.2,9.8
2,2023-11-29,1.70,0.00,34889.59,0.3,2.8
2,2023-11-30,5.86,19435.16,34812.13,-3.5,0.2
2,2023-12-01,6.30,28800.00,34738.13,-2.2,-1.1
2,2023-12-02,5.15,24653.47,34667.72,-0.1,1.6
2,2023-12-03,4.69,11799.51,34601.08,1.1,3.6
2,2023-12-04,9.70,32400.00,34538.22,-0.2,2.7
2,2023-12-05,8.90,25200.00,34478.37,-0.1,2.8
2,2023-12-06,2.23,332.18,34421.45,3.5,6.9
2,2023-12-07,6.72,22179.27,34367.55,1.6,7.9
2,2023-12-08,8.86,32400.00,34316.71,2.9,6.0
2,2023-12-09,8.60,28800.00,34269.02,7.2,9.3
2,2023-12-10,4.25,15378.83,34224.54,4.3,9.3
2,2023-12-11,9.10,28800.00,34183.34,1.0,5.1
2,2023-12-12,2.68,2113.24,34145.47,2.0,6.6
2,2023-12-13,4.41,16690.93,34111.01,-1.0,0.4
2,2023-12-14,3.49,1317.72,34080.02,-0.7,0.3
2,2023-12-15,1.61,3216.88,34052.56,4.4,5.8
2,2023-12-16,3.60,8261.50,34028.69,5.1,9.7
2,2023-12-17,4.99,20444.46,34008.47,-6.9,-2.5
2,2023-12-18,6.51,26514.97,33991.97,-6.9,-4.7
2,2023-12-19,3.37,5159.83,33979.22,-3.5,-1.3
2,2023-12-20,3.16,7121.67,33970.31,-5.4,-0.8
2,2023-12-21,6.69,27300.90,33965.26,-7.2,-2.8
2,2023-12-22,8.86,25968.21,33964.14,-6.9,-5.8
2,2023-12-23,5.95,27826.27,33967.00,-6.6,-4.9
2,2023-12-24,4.81,12842.39,33973.88,-2.9,-1.3
2,2023-12-25,4.98,18697.35,33984.85,-2.0,-1.0
2,2023-12-26,4.59,17282.37,33999.84,0.3,3.4
2,2023-12-27,6.54,32304.70,34018.79,-5.0,-4.0
2,2023-12-28,9.29,31043.51,34041.62,-2.1,0.3
2,2023-12-29,4.65,21741.25,34068.27,1.0,2.3
2,2023-12-30,3.03,5253.15,34098.67,1.4,2.8
2,2023-12-31,4.35,9854.35,34132.73,2.3,4.7
2,2024-01-01,9.25,32400.00,34170.38,-5.0,-1.4
2,2024-01-02,5.79,21803.71,34211.54,-0.7,2.7
2,2024-01-03,3.28,3991.42,34256.15,2.9,4.2
2,2024-01-04,9.37,32453.06,34304.11,-2.2,1.5
2,2024-01-05,8.55,21600.00,34355.35,2.7,5.6
2,2024-01-06,4.59,14221.85,34409.79,-0.6,3.1
2,2024-01-07,8.29,32400.00,34467.34,-6.0,-2.6
2,2024-01-08,7.91,25787.17,34527.93,-5.8,-3.0
2,2024-01-09,7.65,22228.74,34591.47,0.3,2.7
2,2024-01-10,6.48,27747.51,34657.89,-6.4,-1.4
2,2024-01-11,9.99,32930.15,34727.10,-5.7,-2.5
2,2024-01-12,4.81,14058.27,34799.02,-3.2,1.6
2,2024-01-13,7.48,28800.00,34873.73,-5.0,-2.2
2,2024-01-14,5.76,21223.80,34952.06,-3.0,0.4
2,2024-01-15,8.37,32400.00,35034.01,-9.3,-7.1
2,2024-01-16,7.30,29504.29,35119.41,-7.2,-3.1
2,2024-01-17,7.74,27280.15,35208.08,-1.3,1.8
2,2024-01-18,4.89,11057.11,35299.89,1.2,5.3
2,2024-01-19,9.43,32996.03,35394.65,-3.9,-2.2
2,2024-01-20,10.17,30028.98,35492.22,-2.8,2.1
2,2024-01-21,0.52,0.00,35592.43,4.2,6.4
2,2024-01-22,1.73,3600.00,35695.12,3.6,5.6
2,2024-01-23,8.09,31735.37,35800.14,-3.8,0.3
2,2024-01-24,8.74,26753.76,35907.35,-5.4,-3.9
2,2024-01-25,9.15,28027.19,36016.58,-5.7,-2.4
2,2024-01-26,5.99,20465.51,36127.69,-3.0,-1.7
2,2024-01-27,7.61,25200.00,36240.55,-2.6,-0.5
2,2024-01-28,10.79,35190.38,36354.99,-5.1,-1.5
2,2024-01-29,8.66,32901.19,36470.89,-2.0,-0.4
2,2024-01-30,10.62,35330.78,36588.11,-3.2,-0.9
2,2024-01-31,10.35,31800.57,36706.51,-0.4,1.9
2,2024-02-01,5.23,8575.49,36825.95,-7.7,-1.1
2,2024-02-02,6.71,17749.07,36946.54,-6.9,-5.9
2,2024-02-03,5.36,7513.48,37069.47,-5.8,-3.8
2,2024-02-04,8.38,32017.08,37194.82,-4.4,-3.2
2,2024-02-05,5.95,5780.25,37322.40,-5.5,-3.3
2,2024-02-06,6.00,9970.34,37452.04,-6.5,-4.8
2,2024-02-07,10.96,35886.93,37583.61,-4.8,-2.3
2,2024-02-08,9.43,33484.81,37716.92,-3.9,-1.9
2,2024-02-09,10.16,31606.35,37851.84,-4.7,-3.1
2,2024-02-10,13.10,31275.13,37988.20,-3.5,-0.2
2,2024-02-11,8.64,27834.64,38125.87,-6.1,-4.8
2,2024-02-12,12.71,36181.31,38264.69,-5.1,-3.3
2,2024-02-13,13.53,32400.00,38404.51,1.4,4.8
2,2024-02-14,11.45,35423.16,38545.22,5.5,6.7
2,2024-02-15,9.32,25586.60,38686.64,4.5,8.1
2,2024-02-16,8.03,26274.07,38828.67,-6.5,-5.8
2,2024-02-17,10.07,35236.39,38971.16,-1.9,0.7
2,2024-02-18,14.80,36000.00,39113.98,4.0,6.8
2,2024-02-19,11.65,26076.93,39257.01,10.0,11.4
2,2024-02-20,8.54,19894.23,39400.11,-3.6,4.3
2,2024-02-21,1.91,0.00,39543.16,-1.0,1.1
2,2024-02-22,5.40,9134.96,39686.26,-5.4,-3.4
2,2024-02-23,8.22,18035.10,39830.63,-6.0,-4.4
2,2024-02-24,13.56,32400.00,39976.37,-7.0,-5.5
2,2024-02-25,5.14,0.00,40123.34,-0.7,0.7
2,2024-02-26,9.44,24230.83,40271.42,-3.2,0.8
2,2024-02-27,6.31,13585.23,40420.49,-3.2,-1.8
2,2024-02-28,14.48,33179.26,40570.43,-3.9,-2.3
2,2024-02-29,10.23,22871.69,40721.11,-1.0,1.5
2,2024-03-01,5.44,15694.48,40872.44,-1.9,3.6
2,2024-03-02,15.41,34499.15,41024.28,-7.4,-3.4
2,2024-03-03,10.18,19974.63,41176.52,-2.2,1.5
2,2024-03-04,14.17,34379.14,41329.07,-5.6,-3.2
2,2024-03-05,8.78,8990.21,41481.78,-3.0,-1.5
2,2024-03-06,4.62,6995.03,41634.58,-3.5,-0.7
2,2024-03-07,17.24,32400.00,41787.33,-4.8,-2.3
2,2024-03-08,8.82,8758.58,41939.94,-3.8,-2.2
2,2024-03-09,6.73,17462.60,42092.30,-5.1,-2.5
2,2024-03-10,14.28,38229.21,42244.29,-5.5,-3.0
2,2024-03-11,14.03,32853.64,42395.82,-1.5,1.8
2,2024-03-12,8.25,8275.94,42546.77,0.8,4.2
2,2024-03-13,13.04,31375.33,42697.24,-2.9,0.4
2,2024-03-14,12.46,26420.24,42848.34,-0.5,3.1
2,2024-03-15,17.63,35514.00,43000.18,0.2,3.7
2,2024-03-16,17.55,41673.64,43152.65,-2.3,-1.4
2,2024-03-17,15.14,35230.75,43305.66,0.5,5.2
2,2024-03-18,15.40,39600.00,43459.11,-6.6,-5.0
2,2024-03-19,17.16,32400.00,43612.91,-3.5,-0.5
2,2024-03-20,5.12,97.53,43766.96,-4.0,1.0
2,2024-03-21,13.15,25165.94,43921.16,-3.9,-2.5
2,2024-03-22,19.70,42082.28,44075.42,-3.8,-2.1
2,2024-03-23,9.37,15158.70,44229.64,-0.2,3.3
2,2024-03-24,19.68,35229.91,44383.72,2.0,4.5
2,2024-03-25,10.48,12237.14,44537.57,1.1,5.9
2,2024-03-26,4.11,7255.71,44691.08,-0.3,2.9
2,2024-03-27,21.30,42907.68,44844.17,-3.6,-1.6
2,2024-03-28,17.55,28800.00,44996.73,4.4,10.3
2,2024-03-29,4.93,8802.93,45148.66,7.5,12.9
2,2024-03-30,18.26,42777.13,45299.85,2.4,6.7
2,2024-03-31,20.51,35634.74,45450.21,-0.4,5.4
2,2024-04-01,20.38,39292.30,45599.65,-1.8,1.7
2,2024-04-02,21.35,36097.78,45748.22,-2.2,0.8
2,2024-04-03,14.89,23399.62,45896.99,4.9,8.2
2,2024-04-04,18.74,39838.39,46046.05,2.7,8.7
2,2024-04-05,22.98,44207.25,46195.30,0.5,4.0
2,2024-04-06,13.14,29099.32,46344.66,9.6,12.3
2,2024-04-07,16.54,33545.59,46494.02,12.2,13.7
2,2024-04-08,12.63,20561.40,46643.29,13.9,14.8
2,2024-04-09,3.90,10143.55,46792.38,2.3,13.5
2,2024-04-10,24.09,45562.49,46941.17,0.1,2.7
2,2024-04-11,20.28,32147.70,47089.58,6.3,8.1
2,2024-04-12,17.82,46080.79,47237.50,7.3,9.0
2,2024-04-13,20.79,44358.67,47384.82,8.7,10.6
2,2024-04-14,22.59,46588.98,47531.44,9.0,13.0
2,2024-04-15,23.49,41042.06,47677.26,10.3,12.6
2,2024-04-16,17.51,33425.73,47822.15,11.3,13.6
2,2024-04-17,17.44,37031.10,47966.02,8.3,14.1
2,2024-04-18,17.46,28153.99,48108.74,8.4,11.4
2,2024-04-19,12.47,18653.19,48250.20,6.1,7.2
2,2024-04-20,18.16,35530.88,48390.28,4.7,5.7
2,2024-04-21,21.72,38095.66,48528.87,7.2,9.5
2,2024-04-22,18.01,32640.80,48666.01,7.9,9.7
2,2024-04-23,7.30,2088.12,48802.73,8.6,9.5
2,2024-04-24,7.35,155.04,48939.11,11.7,14.3
2,2024-04-25,19.32,36281.78,49075.05,8.7,14.2
2,2024-04-26,23.93,36000.00,49210.44,13.2,15.5
2,2024-04-27,19.12,38036.02,49345.17,15.3,16.6
2,2024-04-28,25.02,46800.00,49479.14,10.3,12.8
2,2024-04-29,21.74,36000.00,49612.24,11.9,15.4
2,2024-04-30,10.79,7853.97,49744.35,12.4,17.1
2,2024-05-01,11.62,16138.78,49875.35,4.6,7.3
2,2024-05-02,26.14,46800.00,50005.14,5.5,8.0
2,2024-05-03,26.52,46800.00,50133.59,5.6,9.5
2,2024-05-04,25.92,46800.00,50260.56,9.1,11.7
2,2024-05-05,23.44,36000.00,50385.96,12.1,14.6
2,2024-05-06,7.07,0.00,50509.64,13.7,16.1
2,2024-05-07,11.33,12969.15,50631.46,13.1,17.1
2,2024-05-08,18.40,37458.68,50751.31,5.0,6.4
2,2024-05-09,14.79,27886.14,50869.04,3.9,5.3
2,2024-05-10,26.21,43838.46,50984.51,5.5,8.9
2,2024-05-11,24.98,44723.53,51097.59,11.6,14.8
2,2024-05-12,16.91,23687.37,51208.31,15.0,16.7
2,2024-05-13,6.31,10800.00,51317.55,12.3,16.9
2,2024-05-14,27.40,47006.14,51425.37,7.4,9.9
2,2024-05-15,23.53,37024.48,51531.69,13.0,14.2
2,2024-05-16,9.13,8970.14,51636.38,12.7,16.5
2,2024-05-17,14.14,27285.18,51739.35,9.3,11.1
2,2024-05-18,26.94,42647.34,51840.49,9.3,14.1
2,2024-05-19,20.59,34271.51,51939.70,13.2,15.8
2,2024-05-20,7.20,4133.25,52036.86,14.1,15.8
2,2024-05-21,23.50,47659.03,52131.86,7.4,11.1
2,2024-05-22,28.03,47619.65,52224.58,9.8,13.1
2,2024-05-23,25.39,44539.55,52314.91,14.2,17.0
2,2024-05-24,19.14,35290.86,52402.74,11.6,16.2
2,2024-05-25,26.52,48487.54,52487.95,5.7,6.8
2,2024-05-26,23.36,36582.25,52570.41,13.0,15.9
2,2024-05-27,12.48,18000.00,52650.02,16.5,17.9
2,2024-05-28,5.86,3600.00,52726.64,14.1,15.8
2,2024-05-29,23.94,48690.83,52800.17,8.9,12.6
2,2024-05-30,18.31,22340.34,52870.48,13.5,16.4
2,2024-05-31,9.48,16527.22,52937.44,14.2,16.9
2,2024-06-01,17.40,29543.01,53001.04,12.9,14.6
2,2024-06-02,8.74,1390.19,53061.83,12.7,14.0
2,2024-06-03,11.67,17968.74,53119.84,12.9,14.9
2,2024-06-04,19.87,40936.31,53175.03,11.7,13.1
2,2024-06-05,23.99,49188.24,53227.35,11.8,13.8
2,2024-06-06,25.15,35122.37,53276.73,12.9,14.4
2,2024-06-07,16.95,27707.92,53323.14,15.5,16.9
2,2024-06-08,25.33,36026.06,53366.51,14.9,16.2
2,2024-06-09,16.91,24137.59,53406.78,16.5,17.5
2,2024-06-10,20.93,43006.53,53443.93,15.8,18.0
2,2024-06-11,25.43,49761.13,53477.89,16.6,18.3
2,2024-06-12,24.13,42414.18,53508.61,18.5,20.0
2,2024-06-13,24.42,50075.23,53536.05,18.7,20.7
2,2024-06-14,27.60,50063.76,53560.17,16.3,18.2
2,2024-06-15,24.54,38603.13,53580.91,18.5,19.4
2,2024-06-16,24.55,47784.71,53598.24,18.5,20.5
2,2024-06-17,23.22,31433.26,53612.11,15.2,18.2
2,2024-06-18,13.21,12599.88,53622.48,16.9,19.0
2,2024-06-19,24.33,51013.42,53629.31,15.2,17.8
2,2024-06-20,27.49,47656.99,53632.56,16.1,18.0
2,2024-06-21,17.44,25175.60,53632.21,18.6,20.2
2,2024-06-22,23.48,34875.08,53628.20,17.9,19.4
2,2024-06-23,5.71,800.37,53620.58,18.7,19.5
2,2024-06-24,19.75,40122.13,53609.40,19.6,21.5
2,2024-06-25,13.22,23087.56,53594.69,19.5,21.5
2,2024-06-26,24.62,49053.44,53576.50,14.7,17.4
2,2024-06-27,27.52,47326.89,53554.90,15.2,17.3
2,2024-06-28,18.90,28319.90,53529.92,17.4,19.1
2,2024-06-29,26.61,50828.37,53501.62,18.1,19.8
2,2024-06-30,13.92,12952.78,53470.06,21.0,22.1
2,2024-07-01,18.30,33774.04,53435.30,17.8,20.0
2,2024-07-02,26.99,45536.27,53397.38,14.6,16.7
2,2024-07-03,16.92,24458.38,53356.36,20.1,23.1
2,2024-07-04,23.36,42451.72,53312.31,18.7,22.1
2,2024-07-05,15.79,30101.36,53265.28,20.0,22.0
2,2024-07-06,22.92,37719.13,53215.32,20.4,23.4
2,2024-07-07,19.76,29096.29,53162.51,22.6,24.1
2,2024-07-08,9.55,10800.00,53106.90,21.9,24.1
2,2024-07-09,4.68,1.74,53048.55,21.3,23.1
2,2024-07-10,10.00,9221.20,52987.53,21.7,23.1
2,2024-07-11,17.16,31176.29,52923.77,20.2,22.3
2,2024-07-12,18.68,35141.18,52856.70,18.9,21.4
2,2024-07-13,24.22,37792.23,52786.33,18.2,20.0
2,2024-07-14,12.33,12582.92,52712.76,20.8,21.8
2,2024-07-15,22.20,36634.58,52636.15,18.9,20.7
2,2024-07-16,23.49,38589.11,52556.60,19.8,20.5
2,2024-07-17,16.88,37152.10,52474.23,21.8,22.6
2,2024-07-18,15.26,30190.17,52389.17,22.0,23.1
2,2024-07-19,11.06,7582.68,52301.54,23.7,24.8
2,2024-07-20,18.37,39600.13,52211.46,22.8,24.9
2,2024-07-21,25.19,47698.82,52119.05,22.1,23.5
2,2024-07-22,25.75,48801.06,52024.42,21.6,23.2
2,2024-07-23,19.96,40571.78,51927.69,22.6,23.8
2,2024-07-24,11.84,14014.90,51828.98,22.4,23.5
2,2024-07-25,8.33,8779.90,51728.39,23.4,24.4
2,2024-07-26,14.93,22167.27,51626.03,23.0,25.4
2,2024-07-27,5.22,0.00,51522.03,22.0,23.5
2,2024-07-28,6.53,6183.09,51416.48,24.5,26.0
2,2024-07-29,10.35,22049.55,51309.48,22.8,25.3
2,2024-07-30,23.28,47063.39,51201.15,22.5,23.6
2,2024-07-31,22.53,46800.00,51091.42,22.3,23.4
2,2024-08-01,20.15,37447.30,50979.40,21.9,22.7
2,2024-08-02,19.75,42268.37,50865.04,22.3,23.7
2,2024-08-03,21.76,46032.06,50748.50,22.9,24.1
2,2024-08-04,18.99,39429.09,50629.90,24.1,25.2
2,2024-08-05,17.59,37100.47,50509.39,24.2,25.0
2,2024-08-06,19.52,43360.84,50387.08,23.6,25.0
2,2024-08-07,21.58,42768.19,50263.10,23.4,24.6
2,2024-08-08,24.12,47323.36,50137.59,21.9,23.5
2,2024-08-09,22.44,45625.51,50010.65,22.4,24.0
2,2024-08-10,20.57,43716.33,49882.42,20.9,21.4
2,2024-08-11,15.35,29164.00,49753.02,21.7,23.4
2,2024-08-12,4.01,4806.58,49622.55,24.9,26.1
2,2024-08-13,17.09,30065.74,49491.13,25.1,26.3
2,2024-08-14,18.52,39889.89,49358.87,24.5,26.4
2,2024-08-15,20.25,34206.77,49225.88,24.4,25.4
2,2024-08-16,17.04,38629.77,49092.27,23.9,24.9
2,2024-08-17,18.87,37928.67,48958.14,23.7,24.8
2,2024-08-18,20.87,43437.70,48823.60,23.2,24.7
2,2024-08-19,19.21,42988.53,48688.73,22.8,23.8
2,2024-08-20,21.90,39881.88,48553.48,21.1,23.2
2,2024-08-21,17.68,30390.59,48416.85,21.4,22.6
2,2024-08-22,11.59,13700.55,48278.79,23.0,24.2
2,2024-08-23,16.04,40935.90,48139.40,24.5,25.5
2,2024-08-24,17.42,30230.28,47998.81,24.5,26.2
2,2024-08-25,10.32,14119.34,47857.12,23.3,24.1
2,2024-08-26,13.55,30982.18,47714.45,23.9,24.3
2,2024-08-27,16.54,29803.71,47570.89,23.7,24.7
2,2024-08-28,10.99,13994.94,47426.55,23.4,24.4
2,2024-08-29,8.41,2306.63,47281.55,23.5,25.2
2,2024-08-30,7.14,10800.00,47135.96,24.2,24.6
2,2024-08-31,10.66,16995.30,46989.89,23.6,25.1
2,2024-09-01,11.24,17841.18,46843.45,24.2,25.1
2,2024-09-02,11.82,21600.00,46696.73,20.5,25.3
2,2024-09-03,15.10,37734.26,46549.81,18.8,20.1
2,2024-09-04,21.03,40167.43,46402.81,19.1,20.6
2,2024-09-05,15.94,37244.99,46255.80,21.6,22.6
2,2024-09-06,11.35,21616.71,46108.87,22.0,23.4
2,2024-09-07,14.69,25529.77,45962.12,22.4,23.9
2,2024-09-08,18.93,44583.03,45815.64,18.8,20.6
2,2024-09-09,17.89,36124.24,45669.34,20.0,21.4
2,2024-09-10,13.65,32329.98,45522.22,23.4,24.1
2,2024-09-11,18.96,43775.14,45374.21,22.9,25.0
2,2024-09-12,18.30,40004.31,45225.41,22.9,24.1
2,2024-09-13,14.67,31363.45,45075.91,20.7,22.3
2,2024-09-14,9.52,13145.29,44925.80,20.4,22.9
2,2024-09-15,8.72,14765.44,44775.19,22.2,24.2
2,2024-09-16,9.88,17050.40,44624.15,16.2,18.0
2,2024-09-17,17.57,32469.10,44472.80,19.1,21.1
2,2024-09-18,15.42,39553.88,44321.22,19.7,21.0
2,2024-09-19,16.20,32583.63,44169.48,19.3,22.3
2,2024-09-20,10.97,24723.70,44017.70,19.4,23.4
2,2024-09-21,2.42,0.00,43865.96,14.2,15.8
2,2024-09-22,3.92,7820.21,43714.35,14.8,16.1
2,2024-09-23,11.53,33428.56,43562.95,13.5,16.5
2,2024-09-24,13.81,34812.19,43411.86,10.8,12.8
2,2024-09-25,11.75,21341.93,43261.17,16.4,17.6
2,2024-09-26,15.20,39600.00,43110.96,19.2,20.7
2,2024-09-27,16.21,39677.03,42961.35,19.4,21.2
2,2024-09-28,14.39,28399.70,42812.39,17.7,19.0
2,2024-09-29,12.44,28951.51,42664.02,15.2,17.2
2,2024-09-30,15.30,39600.00,42515.17,15.1,16.4
2,2024-10-01,15.26,33937.74,42365.75,17.5,20.1
2,2024-10-02,14.40,32400.00,42215.88,15.7,19.4
2,2024-10-03,4.24,4764.19,42065.65,15.3,18.6
2,2024-10-04,5.50,3600.00,41915.15,18.3,20.4
2,2024-10-05,11.53,29190.02,41764.50,16.0,17.6
2,2024-10-06,8.13,13142.94,41613.79,16.4,17.2
2,2024-10-07,6.35,9456.37,41463.13,15.7,18.6
2,2024-10-08,3.83,0.00,41312.61,14.7,15.8
2,2024-10-09,4.78,7200.00,41162.35,11.5,14.1
2,2024-10-10,12.91,39313.90,41012.45,9.2,10.5
2,2024-10-11,13.01,35681.23,40863.02,11.9,14.2
2,2024-10-12,15.93,39427.94,40714.15,10.6,13.8
2,2024-10-13,15.16,39338.53,40565.97,10.8,14.5
2,2024-10-14,14.62,35650.17,40418.58,11.3,13.4
2,2024-10-15,10.49,26075.68,40272.10,16.0,17.0
2,2024-10-16,5.22,15516.59,40126.62,14.3,19.4
2,2024-10-17,14.86,31792.47,39982.29,10.6,12.2
2,2024-10-18,4.81,1309.12,39839.21,17.9,20.0
2,2024-10-19,8.11,23660.22,39697.29,10.5,21.5
2,2024-10-20,14.76,38746.95,39555.36,1.7,3.9
2,2024-10-21,13.06,38013.00,39413.33,9.3,11.7
2,2024-10-22,11.36,19776.97,39271.33,15.3,18.0
2,2024-10-23,6.54,14313.89,39129.47,16.8,20.5
2,2024-10-24,11.31,36333.47,38987.88,11.7,13.6
2,2024-10-25,13.94,34326.26,38846.68,10.3,12.7
2,2024-10-26,12.80,30149.76,38706.00,12.1,14.1
2,2024-10-27,9.87,24191.60,38565.97,14.1,14.8
2,2024-10-28,7.67,26055.15,38426.72,7.1,15.2
2,2024-10-29,12.02,27944.31,38288.40,6.7,11.6
2,2024-10-30,7.79,30657.39,38151.12,8.7,12.6
2,2024-10-31,11.75,35555.43,38015.04,6.9,9.7
2,2024-11-01,9.08,20522.83,37880.29,10.6,12.7
2,2024-11-02,2.16,6622.93,37747.02,10.3,13.2
2,2024-11-03,12.19,35773.48,37615.39,5.0,8.4
2,2024-11-04,12.67,34297.06,37485.53,10.0,11.8
2,2024-11-05,7.94,18000.00,37357.60,3.2,7.2
2,2024-11-06,4.15,7109.01,37231.76,4.8,6.9
2,2024-11-07,8.50,29757.34,37108.17,0.6,3.7
2,2024-11-08,8.31,28651.81,36986.77,1.9,4.0
2,2024-11-09,8.30,32936.53,36866.36,5.0,8.2
2,2024-11-10,11.84,33430.34,36746.85,7.9,9.6
2,2024-11-11,10.82,28979.66,36628.35,7.4,10.5
2,2024-11-12,8.85,29614.52,36511.02,6.9,9.1
2,2024-11-13,11.62,34202.81,36395.00,0.9,4.2
2,2024-11-14,10.72,27397.27,36280.42,4.4,7.6
2,2024-11-15,7.92,29713.98,36167.43,6.0,8.6
2,2024-11-16,10.65,32675.85,36056.18,7.9,10.8
2,2024-11-17,8.37,25558.54,35946.81,8.7,16.1
2,2024-11-18,7.75,29360.94,35839.48,-1.6,1.4
2,2024-11-19,6.55,25693.10,35734.33,-3.1,-1.4
2,2024-11-20,9.47,32488.67,35631.54,0.3,2.2
2,2024-11-21,10.34,32400.00,35531.25,3.3,6.2
2,2024-11-22,6.59,21600.00,35433.61,4.0,6.5
2,2024-11-23,9.80,32592.13,35338.81,-0.0,4.0
2,2024-11-24,9.55,32400.00,35246.99,-1.2,0.6
2,2024-11-25,9.72,32400.00,35158.34,-1.0,0.7
2,2024-11-26,9.65,28800.00,35073.01,8.1,12.2
2,2024-11-27,8.42,29331.69,34991.18,6.4,11.6
2,2024-11-28,8.96,32400.00,34912.83,2.0,4.2
2,2024-11-29,7.82,31781.98,34837.06,-0.5,4.2
2,2024-11-30,7.20,27795.34,34763.79,-0.8,2.7
2,2024-12-01,8.07,30395.14,34693.11,-1.6,0.7
2,2024-12-02,9.64,32400.00,34625.11,1.0,2.9
2,2024-12-03,4.91,18227.12,34559.89,4.6,6.8
2,2024-12-04,5.32,22521.78,34497.55,0.9,6.8
2,2024-12-05,7.12,32256.01,34438.18,1.2,3.8
2,2024-12-06,4.63,23473.36,34381.88,-1.5,4.1
2,2024-12-07,8.45,30444.71,34328.74,-4.2,-0.8
2,2024-12-08,6.36,29103.21,34278.86,-3.6,1.6
2,2024-12-09,4.99,22860.53,34232.33,-0.5,1.2
2,2024-12-10,6.63,31712.21,34189.24,-0.8,0.7
2,2024-12-11,5.20,15108.02,34149.69,-4.8,0.1
2,2024-12-12,5.16,19001.65,34113.77,-3.9,-2.6
2,2024-12-13,5.16,12289.76,34081.58,-2.7,-1.0
2,2024-12-14,7.74,32372.45,34053.20,-3.9,-2.4
2,2024-12-15,3.84,16954.43,34028.72,-0.6,2.8
2,2024-12-16,7.37,29527.96,34008.22,-3.7,-1.9
2,2024-12-17,7.53,32400.00,33991.80,-4.5,-3.6
2,2024-12-18,7.86,32400.00,33979.49,-6.4,-3.3
2,2024-12-19,9.41,30984.27,33971.13,-6.0,-2.5
2,2024-12-20,7.75,32293.09,33966.63,-3.6,-1.0
2,2024-12-21,6.12,18536.73,33965.99,-0.7,1.2
2,2024-12-22,6.98,32358.81,33969.15,-5.6,-1.8
2,2024-12-23,5.18,16821.47,33976.09,-5.0,-4.1
2,2024-12-24,7.28,28004.24,33986.77,-4.2,-3.3
2,2024-12-25,6.04,28777.91,34001.16,-2.6,-1.2
2,2024-12-26,4.90,16592.18,34019.21,-1.2,5.1
2,2024-12-27,7.17,31759.23,34040.88,-7.1,-6.0
2,2024-12-28,8.46,30390.09,34066.13,-5.0,-3.7
2,2024-12-29,4.11,6018.10,34094.92,-5.1,-3.1
2,2024-12-30,8.10,29461.19,34127.20,-2.6,0.6
2,2024-12-31,5.33,18363.36,34162.92,-0.9,4.7
2,2025-01-01,6.93,27949.43,34202.03,-4.4,-3.3
2,2025-01-02,7.52,30098.41,34244.50,-5.9,-3.2
2,2025-01-03,8.36,31154.14,34290.26,-8.0,-6.9
2,2025-01-04,7.83,30457.86,34339.26,-7.5,-5.7
2,2025-01-05,5.56,17089.44,34391.46,-4.9,-3.5
2,2025-01-06,6.65,19309.69,34446.79,-0.6,1.8
2,2025-01-07,8.54,32400.00,34505.34,-0.7,4.1
2,2025-01-08,8.27,27665.08,34567.77,-5.2,-3.2
2,2025-01-09,4.53,6195.25,34634.04,-5.6,-1.7
2,2025-01-10,9.00,32400.00,34704.01,-4.7,-2.9
2,2025-01-11,10.40,32910.16,34777.54,-5.3,-2.7
2,2025-01-12,8.46,24075.16,34854.47,-4.4,-3.5
2,2025-01-13,8.74,27069.34,34934.65,-3.4,-0.2
2,2025-01-14,5.74,25468.85,35017.94,-0.4,4.1
2,2025-01-15,6.92,13355.59,35104.19,-5.7,-0.7
2,2025-01-16,6.65,18328.92,35193.24,-5.4,-1.7
2,2025-01-17,8.05,27510.31,35284.97,-5.7,-4.3
2,2025-01-18,6.75,18011.56,35379.22,-4.6,-2.8
2,2025-01-19,10.84,34305.51,35475.86,-5.4,-2.4
2,2025-01-20,9.40,32838.46,35574.74,-1.9,-0.8
2,2025-01-21,6.32,18820.16,35675.72,-2.0,-0.1
2,2025-01-22,9.09,33184.38,35778.67,-3.5,-1.3
2,2025-01-23,5.57,19485.97,35883.46,-1.5,0.4
2,2025-01-24,8.66,33770.02,35989.96,-4.7,1.4
2,2025-01-25,9.52,30928.89,36098.03,-4.1,-0.2
2,2025-01-26,8.29,26462.82,36207.55,-4.5,-0.8
2,2025-01-27,10.99,35170.65,36318.60,-6.7,-5.1
2,2025-01-28,7.29,17676.79,36432.35,-3.1,-0.1
2,2025-01-29,8.27,31304.61,36548.82,-3.7,-0.4
2,2025-01-30,9.49,32809.01,36667.85,-6.3,-4.7
2,2025-01-31,10.35,30433.17,36789.27,-5.9,-3.9
2,2025-02-01,7.54,26616.49,36912.90,-5.5,-4.1
2,2025-02-02,12.67,32804.06,37038.59,-7.7,-4.5
2,2025-02-03,5.95,12757.80,37166.17,-1.6,0.1
2,2025-02-04,12.04,35314.93,37295.49,-7.7,0.3
2,2025-02-05,10.27,29581.86,37426.38,-7.7,-5.0
2,2025-02-06,12.46,32271.12,37558.70,-7.8,-6.1
2,2025-02-07,9.28,18794.84,37692.29,-8.9,-4.1
2,2025-02-08,13.40,28800.00,37827.02,-7.3,-4.5
2,2025-02-09,12.72,36000.00,37962.74,-4.9,-4.0
2,2025-02-10,13.97,33117.72,38099.29,-7.0,-4.9
2,2025-02-11,9.07,17413.64,38236.56,-4.8,-3.0
2,2025-02-12,9.63,15759.19,38374.39,-1.8,0.5
2,2025-02-13,8.46,18545.01,38512.66,-5.0,-0.6
2,2025-02-14,13.88,36076.75,38651.23,-6.2,-3.8
2,2025-02-15,15.00,36000.00,38789.97,-5.1,-1.4
2,2025-02-16,10.65,32899.96,38928.99,0.0,2.6
2,2025-02-17,10.47,27086.03,39069.52,-3.9,3.2
2,2025-02-18,13.13,36842.27,39211.65,-8.7,-7.1
2,2025-02-19,11.56,31451.03,39355.23,-6.4,-4.3
2,2025-02-20,14.00,37062.28,39500.14,-7.1,-5.8
2,2025-02-21,14.72,36406.50,39646.24,-7.8,-6.0
2,2025-02-22,13.74,36362.53,39793.40,-7.2,-5.6
2,2025-02-23,13.85,36000.00,39941.49,-8.2,-6.9
2,2025-02-24,11.59,33394.42,40090.38,-5.5,-3.3
2,2025-02-25,14.55,35483.45,40239.97,-3.8,-0.7
2,2025-02-26,10.42,28594.48,40390.10,-4.7,1.4
2,2025-02-27,16.02,37952.58,40540.68,-4.9,-0.8
2,2025-02-28,15.58,32792.99,40691.59,-2.4,3.5
2,2025-03-01,14.44,37469.67,40842.70,-0.1,4.7
2,2025-03-02,13.05,32400.00,40993.90,-1.9,2.5
2,2025-03-03,7.82,5661.97,41145.08,-7.7,-6.5
2,2025-03-04,13.18,22592.41,41296.11,-4.5,0.9
2,2025-03-05,2.49,0.00,41446.90,3.3,4.3
2,2025-03-06,12.67,37587.12,41597.33,-0.6,2.4
2,2025-03-07,15.70,37566.27,41747.28,-7.1,-4.8
2,2025-03-08,13.71,32684.69,41896.86,-5.5,-2.9
2,2025-03-09,17.48,40422.32,42047.20,-3.5,-1.3
2,2025-03-10,18.94,40687.24,42198.41,-2.6,0.2
2,2025-03-11,17.49,39764.85,42350.39,0.2,2.7
2,2025-03-12,15.17,26983.58,42503.02,5.3,7.9
2,2025-03-13,16.56,40591.67,42656.22,-1.8,3.6
2,2025-03-14,18.20,35195.47,42809.87,-4.8,-3.0
2,2025-03-15,10.74,19134.98,42963.89,-3.4,0.5
2,2025-03-16,2.50,0.00,43118.17,2.8,4.8
2,2025-03-17,5.52,10800.00,43272.60,-0.3,2.5
2,2025-03-18,18.93,34715.10,43427.11,-5.4,-3.5
2,2025-03-19,9.68,5548.62,43581.58,-3.1,-2.0
2,2025-03-20,10.88,26272.55,43735.92,-1.6,-0.2
2,2025-03-21,16.51,41233.45,43890.02,1.9,3.5
2,2025-03-22,18.08,36020.17,44043.79,4.8,6.6
2,2025-03-23,21.08,42356.92,44197.13,-3.2,1.0
2,2025-03-24,18.19,36000.00,44349.94,3.5,5.6
2,2025-03-25,18.55,41427.94,44502.12,6.6,7.6
2,2025-03-26,11.97,31647.34,44653.56,1.3,4.5
2,2025-03-27,15.00,26072.88,44804.17,7.7,10.1
2,2025-03-28,8.34,4834.31,44954.03,4.0,12.5
2,2025-03-29,6.76,16099.11,45104.20,-3.7,0.7
2,2025-03-30,16.55,39150.13,45254.78,-3.2,1.1
2,2025-03-31,13.71,33770.51,45405.66,-5.4,-1.8
2,2025-04-01,3.87,0.00,45556.77,2.8,5.3
2,2025-04-02,5.63,2405.45,45708.01,3.7,6.2
2,2025-04-03,6.25,0.00,45859.28,3.5,4.1
2,2025-04-04,14.07,36285.30,46010.48,0.7,3.0
2,2025-04-05,19.61,36204.02,46161.53,1.4,5.5
2,2025-04-06,13.26,22815.10,46312.31,7.5,10.7
2,2025-04-07,19.19,42534.00,46462.75,2.5,3.6
2,2025-04-08,11.80,21016.41,46612.73,4.1,6.3
2,2025-04-09,17.13,36909.17,46762.16,2.5,5.4
2,2025-04-10,15.17,33120.09,46910.92,7.3,9.0
2,2025-04-11,19.06,34933.36,47058.92,7.5,9.3
2,2025-04-12,14.85,31722.02,47206.06,7.1,8.5
2,2025-04-13,5.35,502.70,47352.21,9.1,10.3
2,2025-04-14,5.07,5762.95,47497.27,5.9,12.4
2,2025-04-15,9.31,12661.85,47641.13,4.7,8.0
2,2025-04-16,17.95,38555.56,47783.68,0.9,4.3
2,2025-04-17,19.26,32026.31,47924.97,6.7,9.5
2,2025-04-18,15.21,37391.19,48066.05,11.1,12.6
2,2025-04-19,22.60,36000.00,48206.98,9.3,12.4
2,2025-04-20,11.54,16569.30,48347.69,9.9,17.0
2,2025-04-21,21.59,46800.00,48488.05,4.3,6.5
2,2025-04-22,21.48,33037.50,48627.97,6.9,10.6
2,2025-04-23,5.84,3197.93,48767.35,11.9,13.4
2,2025-04-24,18.62,36000.00,48906.06,11.4,12.8
2,2025-04-25,17.88,40906.55,49044.02,5.3,10.7
2,2025-04-26,22.33,41443.72,49181.10,1.6,4.5
2,2025-04-27,23.35,36000.00,49317.18,4.4,7.2
2,2025-04-28,10.56,7272.01,49452.16,8.7,10.4
2,2025-04-29,15.21,21480.79,49585.90,5.1,8.9
2,2025-04-30,14.30,28502.18,49718.30,3.7,5.3
2,2025-05-01,23.13,39517.82,49849.23,9.7,11.3
2,2025-05-02,11.39,13786.61,49978.54,11.7,12.6
2,2025-05-03,21.20,34284.25,50106.14,7.3,10.4
2,2025-05-04,20.94,43297.65,50231.87,6.0,10.8
2,2025-05-05,22.39,35964.24,50355.60,6.3,10.0
2,2025-05-06,6.73,0.00,50477.20,10.8,12.4
2,2025-05-07,14.03,28201.88,50596.69,7.5,12.6
2,2025-05-08,25.72,45891.34,50715.04,5.8,9.1
2,2025-05-09,18.61,26165.51,50832.30,11.9,14.3
2,2025-05-10,4.73,0.00,50948.37,14.1,16.6
2,2025-05-11,6.86,0.00,51063.14,9.5,10.8
2,2025-05-12,12.65,23011.01,51176.51,10.9,12.8
2,2025-05-13,24.87,44803.37,51288.37,10.3,13.9
2,2025-05-14,22.71,46800.00,51398.58,12.1,15.2
2,2025-05-15,19.73,30380.52,51507.06,14.8,15.7
2,2025-05-16,20.58,36000.00,51613.67,15.2,16.4
2,2025-05-17,7.20,7068.52,51718.30,16.3,17.5
2,2025-05-18,20.35,28626.30,51820.82,12.5,17.5
2,2025-05-19,25.25,37070.66,51921.12,7.8,12.6
2,2025-05-20,19.58,35307.40,52019.07,13.5,15.4
2,2025-05-21,14.57,26025.44,52114.55,16.2,20.7
2,2025-05-22,10.11,16839.90,52207.42,13.0,16.5
2,2025-05-23,21.50,38948.81,52297.55,9.7,11.8
2,2025-05-24,8.87,7073.53,52384.82,11.1,13.8
2,2025-05-25,8.36,5181.30,52469.10,10.9,14.5
2,2025-05-26,21.93,41467.66,52550.24,8.3,10.0
2,2025-05-27,21.04,37450.02,52628.26,10.7,13.0
2,2025-05-28,22.55,44241.14,52703.80,12.0,13.9
2,2025-05-29,23.99,37073.30,52776.91,13.0,14.8
2,2025-05-30,10.33,1506.20,52847.53,13.6,14.5
2,2025-05-31,5.22,0.00,52915.59,10.7,12.4
2,2025-06-01,15.66,29935.32,52981.00,10.1,12.8
2,2025-06-02,25.75,38210.99,53043.70,13.1,16.5
2,2025-06-03,10.83,9373.26,53103.61,16.4,18.0
2,2025-06-04,21.50,48299.89,53160.65,12.7,16.8
2,2025-06-05,23.89,48200.24,53214.77,11.1,13.2
2,2025-06-06,25.05,39338.80,53265.87,15.9,18.0
2,2025-06-07,24.89,47838.48,53313.90,16.4,19.0
2,2025-06-08,23.55,50136.83,53358.77,15.3,17.9
2,2025-06-09,23.48,39390.22,53400.43,16.2,17.9
2,2025-06-10,17.23,21600.00,53438.78,18.3,19.3
2,2025-06-11,7.07,12960.32,53473.78,16.9,20.9
2,2025-06-12,25.07,49752.60,53505.35,13.0,14.5
2,2025-06-13,23.04,38626.03,53533.42,14.8,16.5
2,2025-06-14,5.53,0.00,53557.93,18.0,18.7
2,2025-06-15,17.55,36517.05,53578.81,20.2,22.8
2,2025-06-16,19.39,33077.24,53596.03,19.9,22.2
2,2025-06-17,27.40,51291.31,53609.72,18.7,21.4
2,2025-06-18,26.54,49406.89,53619.90,20.0,23.5
2,2025-06-19,23.60,39279.15,53626.61,21.0,23.0
2,2025-06-20,22.87,37144.33,53629.86,20.7,21.2
2,2025-06-21,18.92,34929.11,53629.66,21.1,21.6
2,2025-06-22,19.23,32977.10,53626.06,21.2,23.2
2,2025-06-23,9.03,2787.25,53619.06,21.0,23.1
2,2025-06-24,12.39,23652.87,53608.70,21.2,22.2
2,2025-06-25,15.99,18767.89,53594.99,22.9,23.7
2,2025-06-26,11.62,10497.14,53577.98,21.2,24.5
2,2025-06-27,24.06,47498.39,53557.68,19.5,20.6
2,2025-06-28,27.18,50480.14,53534.14,18.4,19.5
2,2025-06-29,26.83,43306.30,53507.37,20.2,22.0
2,2025-06-30,19.34,34653.74,53477.42,22.0,25.5
2,2025-07-01,18.01,44176.42,53444.33,21.9,23.8
2,2025-07-02,19.23,31932.29,53408.13,22.7,23.7
2,2025-07-03,19.27,42222.83,53368.85,23.4,24.4
2,2025-07-04,13.58,16161.12,53326.53,23.8,25.2
2,2025-07-05,19.89,40178.36,53281.22,21.5,23.4
2,2025-07-06,23.57,50315.56,53232.86,23.1,25.4
2,2025-07-07,23.39,48006.23,53180.99,23.8,25.7
2,2025-07-08,22.13,42131.08,53125.64,23.3,24.1
2,2025-07-09,17.33,35440.35,53066.90,23.6,25.4
2,2025-07-10,9.51,11125.99,53004.89,18.6,22.6
2,2025-07-11,12.99,25524.79,52939.73,15.1,16.5
2,2025-07-12,11.91,18726.20,52871.51,16.0,17.4
2,2025-07-13,24.23,44242.44,52800.36,19.5,21.5
2,2025-07-14,15.38,22759.04,52726.37,22.9,23.5
2,2025-07-15,10.53,6755.15,52649.67,23.4,24.2
2,2025-07-16,18.65,28454.26,52570.37,23.1,24.6
2,2025-07-17,17.77,31484.85,52488.55,22.3,23.8
2,2025-07-18,22.36,40336.41,52404.34,22.7,23.8
2,2025-07-19,24.02,47839.25,52317.85,22.3,23.8
2,2025-07-20,23.79,49755.55,52229.17,21.8,23.6
2,2025-07-21,21.30,45521.88,52138.41,22.7,24.2
2,2025-07-22,25.55,49458.67,52045.68,22.3,23.8
2,2025-07-23,25.55,49151.30,51951.07,21.8,23.3
2,2025-07-24,24.22,48845.90,51854.69,22.2,23.5
2,2025-07-25,26.40,49183.75,51756.64,20.5,22.6
2,2025-07-26,17.49,21378.53,51656.85,20.4,22.0
2,2025-07-27,16.70,31979.84,51554.49,22.1,23.4
2,2025-07-28,25.08,48282.06,51449.53,21.1,23.0
2,2025-07-29,24.49,47324.67,51342.11,21.7,22.8
2,2025-07-30,24.56,45044.09,51232.37,21.3,23.1
2,2025-07-31,18.68,43086.15,51120.44,21.1,22.0
2,2025-08-01,11.56,14185.38,51006.46,23.4,25.0
2,2025-08-02,20.44,43618.59,50890.56,24.3,25.8
2,2025-08-03,22.88,36000.00,50772.87,24.1,24.7
2,2025-08-04,16.27,32360.83,50653.50,25.1,25.5
2,2025-08-05,19.43,45790.76,50532.59,23.2,24.9
2,2025-08-06,11.25,11419.85,50410.25,24.1,25.5
2,2025-08-07,14.34,31412.43,50286.61,22.1,25.0
2,2025-08-08,23.24,47316.93,50161.78,19.6,21.2
2,2025-08-09,21.02,36237.90,50035.87,20.9,22.2
2,2025-08-10,7.98,2299.82,49908.99,22.8,23.7
2,2025-08-11,18.04,35720.86,49781.26,23.4,24.3
2,2025-08-12,10.07,12755.99,49652.78,21.7,24.4
2,2025-08-13,22.52,41032.03,49523.67,21.1,22.5
2,2025-08-14,20.22,43549.60,49394.01,22.1,23.6
2,2025-08-15,15.65,39694.77,49263.74,21.0,24.7
2,2025-08-16,23.57,39600.00,49131.89,20.9,22.4
2,2025-08-17,23.32,46800.00,48998.40,22.3,23.6
2,2025-08-18,21.65,38789.28,48863.39,22.5,23.6
2,2025-08-19,20.47,46800.00,48726.99,21.7,23.5
2,2025-08-20,21.11,43458.99,48589.30,21.5,23.4
2,2025-08-21,21.65,46800.00,48450.46,19.1,21.9
2,2025-08-22,20.04,45345.63,48310.55,21.2,23.0
2,2025-08-23,21.70,46707.49,48169.71,21.4,22.8
2,2025-08-24,17.43,32550.27,48028.02,22.9,25.1
2,2025-08-25,6.27,0.00,47885.61,22.5,23.6
2,2025-08-26,16.51,42388.55,47742.58,24.2,25.0
2,2025-08-27,14.48,32445.87,47599.01,21.1,25.0
2,2025-08-28,18.32,36000.00,47455.03,19.4,21.8
2,2025-08-29,16.03,40465.29,47310.72,21.0,22.3
2,2025-08-30,20.85,46332.03,47166.19,20.9,23.1
2,2025-08-31,11.97,18924.20,47021.52,22.7,24.2
2,2025-09-01,18.71,40298.81,46876.81,23.9,25.2
2,2025-09-02,19.43,39600.00,46732.16,22.5,23.5
2,2025-09-03,22.40,46057.37,46587.65,17.7,22.8
2,2025-09-04,9.69,9886.42,46443.21,21.3,22.8
2,2025-09-05,7.74,16219.03,46297.83,20.9,22.8
2,2025-09-06,19.76,41362.90,46151.44,20.1,21.3
2,2025-09-07,16.19,30827.96,46004.15,21.5,23.4
2,2025-09-08,11.22,17488.55,45856.07,22.7,24.0
2,2025-09-09,16.12,36582.27,45707.27,22.0,23.2
2,2025-09-10,15.96,31709.65,45557.85,19.3,21.2
2,2025-09-11,13.33,31108.11,45407.92,20.1,21.1
2,2025-09-12,13.25,28232.43,45257.57,18.6,20.6
2,2025-09-13,4.60,7384.93,45106.89,22.2,23.1
2,2025-09-14,18.02,34399.32,44955.96,17.9,20.7
2,2025-09-15,9.48,23945.28,44804.89,20.2,21.2
2,2025-09-16,17.72,33904.24,44653.76,21.1,22.6
2,2025-09-17,14.56,32772.11,44502.66,22.1,23.3
2,2025-09-18,8.90,16252.50,44351.69,15.9,21.9
2,2025-09-19,18.98,33163.54,44200.92,13.3,15.3
2,2025-09-20,5.21,7200.00,44050.46,18.8,21.4
2,2025-09-21,18.04,40660.43,43900.37,12.2,15.8
2,2025-09-22,19.16,36317.52,43750.77,12.4,13.7
2,2025-09-23,16.83,39925.54,43601.73,12.7,14.6
2,2025-09-24,15.79,32769.48,43453.16,12.5,14.6
2,2025-09-25,11.20,23102.03,43304.04,18.2,20.0
2,2025-09-26,18.06,39643.55,43154.28,14.4,19.0
2,2025-09-27,16.98,39671.56,43003.96,12.8,15.5
2,2025-09-28,17.32,32400.00,42853.21,17.8,20.4
2,2025-09-29,12.91,35572.45,42702.10,15.4,20.5
2,2025-09-30,16.54,32895.97,42550.74,14.9,16.5
2,2025-10-01,5.00,10839.50,42399.23,16.5,18.5
2,2025-10-02,16.69,39600.00,42247.66,14.3,17.3
2,2025-10-03,17.70,39600.00,42096.12,15.1,17.1
2,2025-10-04,16.53,36081.31,41944.73,16.9,18.9
2,2025-10-05,10.16,21966.19,41793.57,19.2,20.8
2,2025-10-06,12.68,26605.09,41642.74,13.3,17.6
2,2025-10-07,8.77,20650.02,41492.35,12.6,16.1
2,2025-10-08,13.17,39600.00,41342.50,13.8,17.7
2,2025-10-09,13.60,37247.75,41193.29,8.7,9.8
2,2025-10-10,13.37,29140.95,41044.82,8.9,11.6
2,2025-10-11,4.60,3600.00,40897.20,10.5,13.4
2,2025-10-12,4.57,0.00,40750.54,14.3,16.1
2,2025-10-13,9.68,26790.99,40604.94,11.1,15.7
2,2025-10-14,7.30,18349.71,40460.30,10.2,11.0
2,2025-10-15,15.09,31992.05,40315.50,10.3,13.2
2,2025-10-16,2.93,7200.00,40170.45,13.7,15.6
2,2025-10-17,13.06,33181.66,40025.26,13.4,14.2
2,2025-10-18,4.82,10800.00,39880.04,13.3,15.9
2,2025-10-19,5.52,3808.52,39734.91,7.0,8.3
2,2025-10-20,11.01,26402.46,39589.99,5.8,8.1
2,2025-10-21,6.96,12515.94,39445.40,4.9,6.3
2,2025-10-22,8.93,19690.35,39301.26,5.3,8.5
2,2025-10-23,14.82,38443.42,39157.70,2.5,4.5
2,2025-10-24,7.50,15343.99,39014.83,6.3,7.8
2,2025-10-25,5.39,4708.21,38872.80,10.5,12.1
2,2025-10-26,4.26,4989.77,38731.72,13.5,15.8
2,2025-10-27,11.15,28800.00,38591.74,7.4,12.2
2,2025-10-28,10.52,29548.81,38452.99,3.8,6.5
2,2025-10-29,7.70,26148.51,38315.60,1.9,3.7
2,2025-10-30,13.31,29900.21,38179.72,4.3,7.3
2,2025-10-31,6.24,9299.41,38045.49,10.9,13.2
2,2025-11-01,7.61,29927.67,37913.06,9.8,11.2
2,2025-11-02,11.05,24552.48,37782.56,7.4,9.8
2,2025-11-03,8.55,35375.75,37653.94,3.9,9.4
2,2025-11-04,12.77,35433.63,37525.98,3.2,5.6
2,2025-11-05,12.75,34026.72,37398.58,5.3,7.9
2,2025-11-06,11.89,33416.08,37271.89,7.2,9.0
2,2025-11-07,10.45,32659.43,37146.02,1.1,6.9
2,2025-11-08,9.62,25126.81,37021.13,0.2,3.9
2,2025-11-09,5.07,4907.88,36897.36,7.0,9.5
2,2025-11-10,6.89,26108.64,36774.84,2.5,9.0
2,2025-11-11,10.37,29593.28,36653.73,0.4,2.8
2,2025-11-12,11.21,32522.27,36534.17,-0.7,0.9
2,2025-11-13,9.97,29649.24,36416.31,4.9,8.5
2,2025-11-14,10.29,33909.02,36300.30,0.9,3.9
2,2025-11-15,9.69,32400.00,36186.31,0.5,1.8
2,2025-11-16,10.83,33329.09,36074.50,3.5,4.7
2,2025-11-17,8.37,22613.02,35965.02,2.6,9.0
2,2025-11-18,7.59,27429.93,35858.04,-1.8,1.3
2,2025-11-19,7.95,27139.02,35753.74,0.3,1.9
2,2025-11-20,8.37,28281.41,35652.26,2.3,4.8
2,2025-11-21,5.21,14400.00,35553.80,3.2,6.7
2,2025-11-22,9.37,31479.93,35458.52,-1.0,2.2
2,2025-11-23,8.44,28800.00,35366.40,3.5,6.3
2,2025-11-24,5.97,15311.02,35276.41,6.6,10.0
2,2025-11-25,6.95,26184.22,35188.47,6.9,8.0
2,2025-11-26,4.00,11914.64,35102.68,3.6,7.9
2,2025-11-27,6.67,24957.61,35019.17,5.1,7.5
2,2025-11-28,7.02,32400.00,34938.05,0.8,8.5
2,2025-11-29,7.67,32400.00,34859.43,-1.9,-0.7
2,2025-11-30,7.68,32400.00,34783.43,2.4,4.6
2,2025-12-01,8.73,31823.99,34710.18,5.5,8.2
2,2025-12-02,6.99,19148.30,34639.79,5.7,7.2
2,2025-12-03,3.34,3213.21,34572.37,-0.5,6.4
2,2025-12-04,5.57,21113.74,34508.06,-3.3,-0.7
2,2025-12-05,7.55,32400.00,34446.96,-2.2,-0.9
2,2025-12-06,8.18,32400.00,34389.21,-1.8,0.9
2,2025-12-07,7.64,27420.45,34334.91,1.5,3.8
2,2025-12-08,6.92,25612.26,34284.20,1.3,5.0
2,2025-12-09,5.63,25045.61,34237.18,-1.4,0.5
2,2025-12-10,4.17,13530.49,34193.99,-3.4,0.5
2,2025-12-11,6.77,27462.44,34154.73,-2.4,4.1
2,2025-12-12,7.54,28894.67,34119.52,-6.4,-4.0
2,2025-12-13,3.39,3957.58,34088.41,-3.2,0.1
2,2025-12-14,1.91,0.00,34060.98,1.5,3.9
2,2025-12-15,3.84,9155.24,34037.16,-0.8,1.3
2,2025-12-16,4.68,14458.33,34016.97,0.8,3.2
2,2025-12-17,6.32,22162.66,34000.41,-0.2,2.1
2,2025-12-18,5.87,20917.21,33987.48,-3.2,1.1
2,2025-12-19,8.31,30379.30,33978.18,-0.6,0.5
2,2025-12-20,8.68,32400.00,33972.53,1.1,3.7
2,2025-12-21,5.61,19502.19,33970.51,3.4,8.5
2,2025-12-22,3.70,11442.81,33972.12,-5.1,-1.7
2,2025-12-23,9.28,28800.00,33977.36,-5.1,-1.8
2,2025-12-24,1.56,0.00,33986.23,2.1,3.7
2,2025-12-25,1.01,0.00,33998.71,3.6,5.9
2,2025-12-26,5.06,18157.58,34014.80,-8.1,-1.3
2,2025-12-27,6.04,27193.00,34034.48,-4.3,-1.7
2,2025-12-28,9.01,32400.00,34057.74,-3.3,-1.4
2,2025-12-29,8.77,31624.98,34084.57,-2.2,-0.2
2,2025-12-30,7.45,30777.48,34114.96,-1.4,3.7
2,2025-12-31,4.97,10362.72,34148.88,-5.2,-3.1
2,2026-01-01,5.80,13876.75,34186.31,-6.0,-3.4
2,2026-01-02,10.00,32400.00,34227.33,-6.8,-3.4
2,2026-01-03,6.40,23534.09,34272.40,-3.8,-2.4
2,2026-01-04,4.50,12766.34,34321.47,-3.3,-0.9
2,2026-01-05,6.43,18020.13,34374.42,-4.8,-2.2
2,2026-01-06,5.85,24985.69,34431.13,-6.1,-4.7
2,2026-01-07,7.89,32400.00,34491.45,-3.5,-0.7
2,2026-01-08,6.95,24055.45,34555.28,-6.3,-1.1
2,2026-01-09,6.68,27016.82,34622.47,-4.5,-3.4
2,2026-01-10,9.37,29210.64,34692.91,-0.1,3.1
2,2026-01-11,5.67,19876.76,34766.45,-5.7,3.4
2,2026-01-12,8.41,32233.66,34842.98,-6.1,-3.6
2,2026-01-13,5.81,14669.09,34922.37,-2.4,2.5
2,2026-01-14,8.01,31515.61,35004.48,-7.7,-5.4
2,2026-01-15,7.94,28815.11,35089.21,-0.9,1.7
2,2026-01-16,5.74,26260.33,35176.42,-2.9,1.8
2,2026-01-17,4.56,14006.20,35265.98,-3.3,2.5
2,2026-01-18,5.70,10801.42,35357.78,-5.5,-4.3
2,2026-01-19,1.71,0.00,35451.69,-2.7,-0.1
2,2026-01-20,8.28,28251.42,35547.61,-8.7,-7.1
2,2026-01-21,9.54,33901.04,35645.41,-8.5,-7.0
2,2026-01-22,10.69,29543.71,35745.18,-7.7,-6.8
2,2026-01-23,9.64,29814.66,35847.98,-7.4,-6.4
2,2026-01-24,9.39,20542.37,35953.84,-6.9,-5.3
2,2026-01-25,8.19,25549.26,36062.59,-9.2,-6.9
2,2026-01-26,6.16,16102.72,36174.04,-6.4,-3.5
2,2026-01-27,5.97,14400.00,36288.04,-4.2,-0.6
2,2026-01-28,8.31,23149.42,36404.42,-6.8,-5.1
2,2026-01-29,10.57,34328.52,36522.99,-7.8,-4.9
2,2026-01-30,11.57,35360.59,36643.62,-8.8,-7.2
2,2026-01-31,10.95,30548.40,36766.13,-6.6,-3.8
3,2021-01-01,6.75,29766.11,33754.70,-12.8,-12.0
3,2021-01-02,9.72,32365.80,33799.53,-12.1,-10.4
3,2021-01-03,9.50,32363.46,33847.83,-8.8,-7.4
3,2021-01-04,9.83,28800.00,33899.53,-9.4,-8.0
3,2021-01-05,7.48,25166.14,33954.58,-9.1,-7.1
3,2021-01-06,9.84,32371.26,34012.90,-7.8,-2.1
3,2021-01-07,7.73,25179.00,34074.45,-7.0,-0.7
3,2021-01-08,10.38,32514.01,34139.30,-13.4,-12.8
3,2021-01-09,10.01,32400.00,34208.18,-11.5,-9.1
3,2021-01-10,8.54,30451.65,34281.06,-11.4,-9.0
3,2021-01-11,10.28,28831.71,34357.79,-8.5,-4.4
3,2021-01-12,4.33,8388.87,34438.20,-2.0,-0.0
3,2021-01-13,9.44,29111.50,34522.12,-1.9,1.7
3,2021-01-14,9.00,29076.69,34609.42,-8.1,0.0
3,2021-01-15,9.94,30627.32,34699.90,-3.9,2.5
3,2021-01-16,6.30,21621.63,34793.42,-3.9,3.0
3,2021-01-17,8.51,33255.45,34889.83,-9.4,-7.7
3,2021-01-18,5.91,20147.74,34988.97,-7.2,-5.1
3,2021-01-19,8.66,30540.91,35090.69,-12.3,-9.4
3,2021-01-20,6.27,16130.83,35194.83,-6.9,-2.7
3,2021-01-21,7.14,17130.79,35301.23,0.6,2.2
3,2021-01-22,6.52,25096.04,35409.77,-2.8,2.9
3,2021-01-23,9.93,29081.02,35520.29,-5.3,-3.3
3,2021-01-24,7.59,27248.29,35632.65,-4.6,-1.4
3,2021-01-25,11.48,34694.19,35746.69,-3.7,-1.3
3,2021-01-26,7.12,26017.18,35862.31,1.1,4.3
3,2021-01-27,6.84,22396.70,35979.35,-3.6,5.6
3,2021-01-28,5.48,2439.42,36097.90,-3.4,1.6
3,2021-01-29,7.73,24180.32,36219.19,-8.8,-2.7
3,2021-01-30,10.36,34787.70,36343.27,-9.4,-8.3
3,2021-01-31,9.08,33969.73,36469.95,-9.8,-8.1
3,2021-02-01,11.96,28800.00,36599.07,-2.1,3.8
3,2021-02-02,7.97,26160.48,36730.43,-10.2,1.9
3,2021-02-03,12.68,35345.17,36863.88,-12.7,-10.4
3,2021-02-04,5.33,17418.98,36999.23,-11.8,-5.8
3,2021-02-05,10.86,30641.92,37136.33,-5.0,-0.0
3,2021-02-06,5.41,21727.26,37275.02,-0.5,1.1
3,2021-02-07,5.78,12494.94,37415.12,-7.4,-0.9
3,2021-02-08,12.26,35714.68,37556.49,-13.2,-11.7
3,2021-02-09,13.80,35788.39,37698.98,-10.8,-7.4
3,2021-02-10,5.40,10620.71,37842.43,-4.2,-3.2
3,2021-02-11,11.90,35034.81,37986.70,-6.7,-5.3
3,2021-02-12,13.98,36473.43,38131.65,-6.0,-3.6
3,2021-02-13,14.39,36433.27,38277.12,-2.4,0.3
3,2021-02-14,11.04,29147.73,38422.99,2.3,4.2
3,2021-02-15,3.24,3600.00,38569.11,4.0,8.7
3,2021-02-16,12.00,33446.32,38715.35,-10.1,-7.5
3,2021-02-17,12.67,34473.42,38861.82,-10.3,-8.1
3,2021-02-18,14.51,32400.00,39009.79,-6.3,-4.1
3,2021-02-19,6.84,8918.26,39159.37,-2.3,2.1
3,2021-02-20,6.17,27013.83,39310.42,-1.0,4.9
3,2021-02-21,13.80,32400.00,39462.79,-0.7,3.2
3,2021-02-22,4.86,6544.88,39616.35,3.5,5.8
3,2021-02-23,14.06,37247.55,39770.97,-10.2,-6.3
3,2021-02-24,15.80,36889.08,39926.51,-11.5,-10.0
3,2021-02-25,15.99,38389.15,40082.85,-8.0,-4.0
3,2021-02-26,16.20,38743.08,40239.86,-9.1,-5.2
3,2021-02-27,16.30,38833.68,40397.42,-9.2,-6.9
3,2021-02-28,17.05,35169.43,40555.40,-3.6,2.6
3,2021-03-01,6.02,8780.17,40713.69,4.3,7.5
3,2021-03-02,3.99,6708.87,40872.16,1.4,12.9
3,2021-03-03,9.28,26877.52,41030.68,-8.4,-5.3
3,2021-03-04,17.11,37294.06,41189.16,-1.5,2.3
3,2021-03-05,11.36,33678.11,41347.47,3.5,5.3
3,2021-03-06,12.75,35879.56,41505.49,-6.8,2.7
3,2021-03-07,16.43,39684.60,41663.12,-7.9,-5.3
3,2021-03-08,10.34,31777.94,41820.24,-6.1,-4.8
3,2021-03-09,18.27,35411.81,41976.94,-2.4,1.0
3,2021-03-10,18.13,39914.97,42134.42,-4.6,-3.6
3,2021-03-11,18.48,39124.25,42292.78,-4.0,-2.0
3,2021-03-12,13.12,26823.59,42451.92,2.4,5.2
3,2021-03-13,7.69,10800.00,42611.73,3.3,6.3
3,2021-03-14,1.89,0.00,42772.10,3.0,4.2
3,2021-03-15,16.12,39142.13,42932.94,-1.4,3.3
3,2021-03-16,13.24,32180.32,43094.13,0.3,4.4
3,2021-03-17,19.09,40288.76,43255.58,-3.7,-1.2
3,2021-03-18,15.50,37559.34,43417.17,-2.0,-1.0
3,2021-03-19,12.14,32139.00,43578.81,-2.7,-0.4
3,2021-03-20,8.97,12742.59,43740.40,2.2,5.9
3,2021-03-21,5.48,7319.44,43901.83,7.3,14.1
3,2021-03-22,19.92,42147.21,44062.99,-3.4,-1.3
3,2021-03-23,18.81,42203.58,44223.80,-3.0,2.5
3,2021-03-24,20.02,33469.55,44384.13,1.7,5.4
3,2021-03-25,12.14,23735.79,44543.89,5.8,7.9
3,2021-03-26,16.64,40903.78,44702.96,2.4,5.7
3,2021-03-27,18.36,42382.96,44861.25,1.3,8.2
3,2021-03-28,10.14,14081.69,45018.64,10.3,12.1
3,2021-03-29,17.55,39132.19,45175.23,7.4,14.3
3,2021-03-30,14.28,25644.20,45332.13,6.6,8.3
3,2021-03-31,18.66,42715.18,45489.42,3.9,7.5
3,2021-04-01,22.10,43979.59,45647.04,1.4,3.5
3,2021-04-02,20.66,36313.35,45804.87,4.6,8.0
3,2021-04-03,17.71,34077.45,45962.81,9.3,13.2
3,2021-04-04,3.79,0.00,46120.77,6.7,9.5
3,2021-04-05,6.13,16750.78,46278.65,-0.9,2.2
3,2021-04-06,17.43,36000.00,46436.34,-0.2,1.6
3,2021-04-07,19.43,44228.18,46593.75,1.5,4.5
3,2021-04-08,18.89,44839.42,46750.77,-6.0,-2.3
3,2021-04-09,19.19,42707.95,46907.29,-4.4,-1.0
3,2021-04-10,22.07,40250.80,47063.21,-2.2,0.1
3,2021-04-11,23.91,46539.03,47218.42,-0.2,4.1
3,2021-04-12,22.21,36000.00,47372.81,6.0,8.7
3,2021-04-13,11.81,21186.63,47526.27,8.9,10.4
3,2021-04-14,9.39,17449.92,47678.68,-1.4,7.4
3,2021-04-15,15.87,41359.18,47829.92,-2.4,1.0
3,2021-04-16,19.99,33821.56,47979.88,6.0,9.5
3,2021-04-17,4.96,0.00,48128.44,11.0,12.3
3,2021-04-18,21.46,41203.83,48275.66,4.3,9.0
3,2021-04-19,22.01,46800.00,48422.62,3.1,6.1
3,2021-04-20,24.88,46800.00,48569.39,-0.5,7.2
3,2021-04-21,25.66,46800.00,48715.89,-4.9,0.9
3,2021-04-22,24.04,46800.00,48862.01,0.6,3.3
3,2021-04-23,25.62,46800.00,49007.62,1.7,5.2
3,2021-04-24,17.96,27912.10,49152.64,7.1,13.2
3,2021-04-25,11.91,27791.44,49296.93,-0.1,5.6
3,2021-04-26,22.44,44254.90,49440.40,-1.8,2.0
3,2021-04-27,25.57,46800.00,49582.92,2.2,6.0
3,2021-04-28,15.91,29347.95,49724.37,10.5,14.5
3,2021-04-29,8.57,5273.60,49864.63,8.6,12.0
3,2021-04-30,21.72,43588.42,50003.57,4.8,6.9
3,2021-05-01,19.49,23286.99,50141.08,5.9,7.9
3,2021-05-02,10.79,20109.33,50277.00,4.2,5.6
3,2021-05-03,19.26,46800.00,50411.22,3.6,6.4
3,2021-05-04,24.24,42593.00,50543.60,6.4,10.2
3,2021-05-05,8.92,13981.94,50674.01,10.5,13.4
3,2021-05-06,26.27,46800.00,50802.28,4.5,9.3
3,2021-05-07,21.11,35256.60,50928.30,9.2,11.8
3,2021-05-08,25.34,46800.00,51052.08,8.2,13.6
3,2021-05-09,20.84,46800.00,51174.62,7.0,12.5
3,2021-05-10,25.00,46800.00,51295.97,5.1,5.8
3,2021-05-11,15.27,30510.74,51416.04,7.5,9.4
3,2021-05-12,23.26,46800.00,51534.70,8.3,12.4
3,2021-05-13,23.01,36000.00,51651.85,13.4,17.9
3,2021-05-14,21.64,43934.59,51767.36,10.0,14.6
3,2021-05-15,25.98,41468.15,51881.12,9.3,15.5
3,2021-05-16,14.05,18273.98,51993.00,16.5,17.9
3,2021-05-17,16.95,27630.50,52102.89,16.3,21.4
3,2021-05-18,22.15,28800.00,52210.65,11.9,13.5
3,2021-05-19,13.98,20533.48,52316.15,14.1,15.7
3,2021-05-20,23.07,30998.89,52419.29,13.1,14.1
3,2021-05-21,3.70,0.00,52519.91,12.6,14.0
3,2021-05-22,7.53,3045.83,52617.89,10.6,11.3
3,2021-05-23,14.43,29488.97,52713.10,11.8,14.3
3,2021-05-24,14.12,19789.46,52805.38,14.1,16.0
3,2021-05-25,25.93,47094.31,52894.61,10.8,16.0
3,2021-05-26,26.53,39324.52,52980.66,6.2,9.3
3,2021-05-27,13.85,18235.81,53063.38,13.5,14.2
3,2021-05-28,17.89,27010.57,53142.77,12.4,15.3
3,2021-05-29,15.46,30996.30,53219.49,11.9,16.2
3,2021-05-30,19.11,45424.32,53293.59,9.0,10.7
3,2021-05-31,17.70,39669.78,53365.02,9.7,11.4
3,2021-06-01,24.06,41485.34,53433.69,11.0,14.9
3,2021-06-02,25.38,49827.45,53499.53,14.2,16.9
3,2021-06-03,20.80,31980.76,53562.46,15.6,19.5
3,2021-06-04,6.57,13010.10,53622.42,13.3,17.6
3,2021-06-05,26.95,43200.00,53679.31,12.9,18.4
3,2021-06-06,22.48,45674.49,53733.08,14.1,16.7
3,2021-06-07,26.32,49221.54,53783.65,14.5,17.0
3,2021-06-08,17.75,45789.71,53830.94,15.8,19.1
3,2021-06-09,24.84,51054.05,53874.89,15.2,18.3
3,2021-06-10,28.34,52062.24,53915.42,18.0,20.8
3,2021-06-11,25.85,37400.73,53952.47,17.7,23.3
3,2021-06-12,20.67,49490.26,53985.96,17.5,20.4
3,2021-06-13,20.25,45743.23,54015.83,18.6,21.0
3,2021-06-14,23.62,43251.03,54042.02,17.6,19.3
3,2021-06-15,13.77,12534.96,54064.44,17.3,18.1
3,2021-06-16,7.68,0.00,54083.06,16.4,16.9
3,2021-06-17,13.40,12830.59,54097.81,15.8,16.5
3,2021-06-18,16.91,27482.10,54108.82,14.4,15.7
3,2021-06-19,13.34,11998.61,54116.12,16.7,19.5
3,2021-06-20,21.52,44354.85,54119.72,15.8,17.4
3,2021-06-21,17.29,31316.21,54119.66,16.0,17.2
3,2021-06-22,8.53,5999.62,54115.97,16.6,17.3
3,2021-06-23,11.11,18542.46,54108.67,16.3,17.5
3,2021-06-24,18.84,45105.49,54097.80,16.8,18.2
3,2021-06-25,21.14,43048.01,54083.38,16.9,18.7
3,2021-06-26,20.92,45642.47,54065.45,18.5,20.1
3,2021-06-27,20.55,33124.20,54044.06,19.0,20.6
3,2021-06-28,23.62,38760.59,54019.23,16.9,18.0
3,2021-06-29,11.92,18012.84,53991.00,16.3,18.1
3,2021-06-30,25.36,47141.34,53959.41,16.5,18.4
3,2021-07-01,18.99,33762.02,53924.51,18.0,18.5
3,2021-07-02,17.06,19296.84,53886.33,17.7,18.7
3,2021-07-03,12.21,23168.87,53844.93,15.5,17.3
3,2021-07-04,16.43,21627.22,53800.34,16.6,20.0
3,2021-07-05,17.07,35673.92,53752.61,21.0,25.8
3,2021-07-06,21.67,40942.52,53701.79,19.1,20.6
3,2021-07-07,12.86,16144.59,53647.82,19.1,20.7
3,2021-07-08,9.44,2770.29,53590.20,19.1,20.0
3,2021-07-09,11.21,4684.53,53528.94,18.9,19.6
3,2021-07-10,13.72,22917.52,53464.16,19.3,21.3
3,2021-07-11,15.59,27741.17,53395.98,21.1,22.1
3,2021-07-12,15.29,20527.18,53324.53,20.8,22.5
3,2021-07-13,15.27,20746.85,53249.92,19.5,20.3
3,2021-07-14,12.70,13223.26,53172.27,19.1,19.8
3,2021-07-15,23.73,49306.36,53091.70,20.9,22.5
3,2021-07-16,21.63,49673.28,53008.33,23.0,25.0
3,2021-07-17,23.08,48706.26,52922.27,23.5,26.4
3,2021-07-18,27.16,50669.42,52833.65,23.6,27.8
3,2021-07-19,27.01,50035.45,52742.57,21.9,23.8
3,2021-07-20,26.10,49833.34,52649.15,23.0,23.7
3,2021-07-21,24.75,39564.70,52553.51,22.4,23.0
3,2021-07-22,14.46,23023.36,52455.76,22.4,22.9
3,2021-07-23,21.97,47901.85,52356.00,22.8,24.1
3,2021-07-24,21.64,48905.58,52254.35,23.3,24.1
3,2021-07-25,21.96,44292.03,52150.91,22.0,23.7
3,2021-07-26,19.30,28590.35,52045.78,20.3,21.4
3,2021-07-27,6.32,9688.15,51938.92,22.4,23.2
3,2021-07-28,14.59,30561.64,51829.40,22.7,23.1
3,2021-07-29,21.16,46800.00,51717.23,23.3,24.5
3,2021-07-30,23.10,38624.98,51602.53,23.0,24.1
3,2021-07-31,6.73,0.00,51485.46,21.9,22.7
3,2021-08-01,7.73,10842.69,51366.16,23.2,25.4
3,2021-08-02,22.82,44642.15,51244.77,25.6,28.1
3,2021-08-03,22.17,45590.43,51121.42,26.5,27.5
3,2021-08-04,17.72,34725.76,50996.26,25.4,27.4
3,2021-08-05,23.01,47254.87,50869.40,24.9,26.4
3,2021-08-06,22.36,46966.99,50741.00,25.2,27.2
3,2021-08-07,24.75,47249.00,50611.15,24.4,26.2
3,2021-08-08,13.53,21006.30,50480.01,24.3,25.2
3,2021-08-09,4.25,4825.63,50347.69,23.2,24.5
3,2021-08-10,5.70,1500.29,50214.30,18.6,23.7
3,2021-08-11,6.27,792.93,50079.97,16.0,17.4
3,2021-08-12,9.16,6652.61,49944.81,16.6,17.5
3,2021-08-13,5.82,100.44,49808.93,15.9,16.5
3,2021-08-14,4.07,0.00,49672.45,16.1,16.6
3,2021-08-15,8.00,4052.34,49535.46,15.9,16.7
3,2021-08-16,12.65,21502.30,49397.90,15.8,17.6
3,2021-08-17,9.02,7200.00,49258.74,19.4,21.8
3,2021-08-18,8.96,6887.50,49117.94,20.9,25.3
3,2021-08-19,18.31,40739.91,48975.59,20.2,21.6
3,2021-08-20,19.93,43448.93,48831.85,20.7,21.8
3,2021-08-21,18.45,33876.27,48686.82,21.6,22.7
3,2021-08-22,10.35,8306.28,48540.62,22.1,22.6
3,2021-08-23,14.69,43490.22,48393.36,22.0,23.5
3,2021-08-24,12.70,22329.10,48245.17,21.2,23.1
3,2021-08-25,12.89,37806.40,48096.15,23.7,27.2
3,2021-08-26,16.29,28019.90,47946.40,24.0,26.4
3,2021-08-27,14.67,40271.94,47796.05,22.3,24.0
3,2021-08-28,8.51,16169.09,47645.19,20.6,23.8
3,2021-08-29,17.20,35584.41,47493.91,19.1,21.8
3,2021-08-30,13.99,34347.04,47342.34,19.2,21.8
3,2021-08-31,18.64,36000.00,47190.55,14.2,17.3
3,2021-09-01,16.96,37315.20,47038.66,15.5,17.1
3,2021-09-02,18.95,46344.96,46886.77,16.3,17.3
3,2021-09-03,20.25,38087.58,46734.95,15.9,16.9
3,2021-09-04,16.08,32486.75,46583.31,15.5,16.9
3,2021-09-05,16.46,42918.74,46431.76,14.2,16.6
3,2021-09-06,17.35,45740.66,46279.25,13.1,13.9
3,2021-09-07,16.42,28800.00,46125.73,12.7,13.3
3,2021-09-08,7.48,8808.43,45971.29,15.6,18.6
3,2021-09-09,17.31,43091.98,45816.02,20.0,22.7
3,2021-09-10,19.45,42140.87,45660.05,18.4,19.5
3,2021-09-11,14.30,41138.05,45503.44,18.6,19.7
3,2021-09-12,17.42,41840.30,45346.33,16.0,19.1
3,2021-09-13,18.47,35017.85,45188.80,13.7,15.2
3,2021-09-14,11.11,15820.39,45030.94,14.0,15.6
3,2021-09-15,13.27,36271.46,44872.85,13.5,16.0
3,2021-09-16,17.39,39600.00,44714.63,10.8,12.3
3,2021-09-17,10.36,18458.05,44556.36,17.1,19.0
3,2021-09-18,5.01,11673.57,44398.14,17.5,20.8
3,2021-09-19,20.46,41150.88,44240.08,13.8,18.7
3,2021-09-20,19.87,41229.87,44082.25,14.5,15.8
3,2021-09-21,19.16,41008.31,43924.76,15.9,18.1
3,2021-09-22,16.34,40069.50,43767.68,20.7,24.7
3,2021-09-23,15.72,40399.39,43611.13,16.6,19.3
3,2021-09-24,12.03,25446.16,43455.18,15.6,17.5
3,2021-09-25,13.14,30765.68,43299.74,11.6,14.0
3,2021-09-26,11.76,25505.57,43143.73,12.3,14.6
3,2021-09-27,15.56,36973.65,42987.05,13.0,15.4
3,2021-09-28,15.62,39947.06,42829.82,14.8,16.6
3,2021-09-29,16.93,36108.96,42672.12,16.0,18.7
3,2021-09-30,13.20,28908.16,42514.07,18.9,20.3
3,2021-10-01,3.44,7200.00,42355.76,15.8,19.3
3,2021-10-02,13.33,39600.00,42197.31,11.8,14.8
3,2021-10-03,17.67,39600.00,42038.81,10.6,14.5
3,2021-10-04,11.27,26465.26,41880.36,13.8,17.9
3,2021-10-05,3.19,1599.76,41722.08,16.5,18.9
3,2021-10-06,9.28,24180.06,41564.05,10.4,13.2
3,2021-10-07,8.20,15970.54,41406.40,14.0,16.0
3,2021-10-08,7.71,11675.88,41249.23,14.2,15.8
3,2021-10-09,15.17,37167.29,41092.65,11.4,15.9
3,2021-10-10,13.97,33423.32,40936.76,16.9,18.5
3,2021-10-11,3.59,1160.09,40781.67,12.3,18.5
3,2021-10-12,8.90,21412.15,40627.51,11.6,13.2
3,2021-10-13,9.66,27861.28,40474.37,11.7,13.5
3,2021-10-14,5.16,7954.88,40322.39,13.3,15.4
3,2021-10-15,5.65,10931.46,40171.45,11.6,15.0
3,2021-10-16,2.12,0.00,40020.37,11.1,12.8
3,2021-10-17,7.72,23192.66,39869.05,1.2,5.5
3,2021-10-18,9.90,27449.97,39717.61,4.8,6.7
3,2021-10-19,11.89,30379.64,39566.17,8.9,12.3
3,2021-10-20,10.05,27642.23,39414.85,8.5,13.2
3,2021-10-21,14.34,38228.76,39263.77,2.6,3.8
3,2021-10-22,10.40,27859.50,39113.07,4.0,6.2
3,2021-10-23,13.95,37698.27,38962.87,2.2,6.1
3,2021-10-24,13.84,37115.64,38813.31,7.0,9.3
3,2021-10-25,11.67,24927.42,38664.50,9.2,11.6
3,2021-10-26,3.73,7140.65,38516.59,9.4,12.8
3,2021-10-27,7.29,11374.83,38369.72,10.1,13.4
3,2021-10-28,11.56,36464.95,38224.02,4.8,9.7
3,2021-10-29,11.21,33606.98,38079.63,5.5,6.7
3,2021-10-30,13.03,31521.53,37936.72,6.3,8.5
3,2021-10-31,8.97,28521.23,37795.41,8.9,10.6
3,2021-11-01,8.35,19769.99,37655.87,11.1,12.1
3,2021-11-02,8.26,33114.50,37518.24,10.7,13.1
3,2021-11-03,8.47,26354.64,37382.69,9.8,11.3
3,2021-11-04,9.60,34867.22,37249.14,7.4,9.4
3,2021-11-05,9.03,32770.38,37116.31,8.0,9.8
3,2021-11-06,10.10,34782.35,36984.13,7.3,9.9
3,2021-11-07,12.20,35114.81,36852.72,4.5,7.4
3,2021-11-08,10.78,26124.22,36722.24,10.9,14.2
3,2021-11-09,2.10,0.00,36592.82,13.1,15.8
3,2021-11-10,6.93,24409.24,36464.61,6.2,8.9
3,2021-11-11,8.71,30907.31,36337.76,6.0,7.0
3,2021-11-12,5.49,11555.33,36212.43,4.9,7.6
3,2021-11-13,9.23,29511.87,36088.79,3.7,6.0
3,2021-11-14,8.68,29704.47,35966.96,5.6,7.6
3,2021-11-15,6.82,22211.57,35847.14,2.0,5.2
3,2021-11-16,7.16,30564.17,35729.49,0.2,2.3
3,2021-11-17,9.08,31185.94,35614.16,0.6,2.8
3,2021-11-18,7.57,29047.03,35501.33,6.0,7.6
3,2021-11-19,9.24,33162.61,35391.18,4.7,8.2
3,2021-11-20,10.10,32519.65,35283.88,-0.1,2.1
3,2021-11-21,8.61,21600.00,35179.61,4.1,7.9
3,2021-11-22,2.75,3790.34,35078.56,7.8,13.5
3,2021-11-23,6.59,27765.04,34980.90,2.4,3.6
3,2021-11-24,8.25,27363.61,34886.61,-0.7,2.1
3,2021-11-25,8.13,25199.98,34794.63,-0.4,2.0
3,2021-11-26,9.08,32400.00,34704.88,-2.9,-0.4
3,2021-11-27,9.44,32415.92,34617.47,-0.4,0.8
3,2021-11-28,8.99,32448.94,34532.52,-2.1,0.2
3,2021-11-29,8.49,29374.15,34450.15,3.1,5.7
3,2021-11-30,8.94,28800.00,34370.47,7.5,12.6
3,2021-12-01,4.74,18329.32,34293.61,-0.6,12.3
3,2021-12-02,8.73,32400.00,34219.69,-3.2,2.8
3,2021-12-03,8.99,28800.00,34148.84,1.9,6.0
3,2021-12-04,5.43,16017.67,34081.17,-3.8,-0.5
3,2021-12-05,8.31,32400.00,34016.81,-3.4,-1.3
3,2021-12-06,8.70,30371.70,33955.87,2.7,4.6
3,2021-12-07,6.68,20543.83,33898.49,7.9,9.6
3,2021-12-08,1.42,0.00,33844.79,3.0,6.6
3,2021-12-09,5.50,25673.39,33794.89,0.7,3.0
3,2021-12-10,6.62,26155.13,33748.91,1.9,4.2
3,2021-12-11,8.04,28800.00,33706.97,2.6,5.0
3,2021-12-12,3.57,7722.22,33669.20,0.9,6.8
3,2021-12-13,8.64,32400.00,33635.70,-7.2,-2.9
3,2021-12-14,7.82,31467.34,33606.52,0.0,3.1
3,2021-12-15,4.17,12884.32,33581.28,-0.4,4.0
3,2021-12-16,3.79,5407.23,33559.90,3.1,5.0
3,2021-12-17,2.20,3600.00,33542.39,-3.1,7.1
3,2021-12-18,7.64,32400.00,33528.74,-10.8,-7.4
3,2021-12-19,6.93,28761.27,33518.95,-6.6,-4.6
3,2021-12-20,8.58,29969.89,33513.02,-3.2,2.1
3,2021-12-21,7.07,25433.44,33510.95,-2.6,4.2
3,2021-12-22,8.82,32400.00,33512.71,-8.1,-6.0
3,2021-12-23,7.68,30099.51,33518.29,-6.1,-5.3
3,2021-12-24,6.21,15274.71,33527.71,-5.1,-4.1
3,2021-12-25,5.21,18078.23,33540.92,-12.1,-6.3
3,2021-12-26,9.42,32400.00,33557.93,-12.9,-10.0
3,2021-12-27,8.73,32400.00,33578.71,-12.2,-10.6
3,2021-12-28,9.21,32400.00,33603.24,-9.2,-6.2
3,2021-12-29,7.65,23496.39,33631.49,-1.4,0.8
3,2021-12-30,3.05,3677.29,33663.46,-5.8,0.0
3,2021-12-31,9.21,32375.96,33699.11,-14.4,-13.1
3,2022-01-01,7.99,32369.67,33738.42,-10.8,-7.0
3,2022-01-02,7.08,30113.72,33781.35,-6.6,-1.9
3,2022-01-03,8.77,32364.98,33827.99,-10.5,-8.5
3,2022-01-04,8.81,32366.06,33878.85,-11.3,-10.0
3,2022-01-05,9.53,32369.31,33933.90,-8.7,-6.4
3,2022-01-06,8.52,32374.72,33992.99,-7.4,-5.2
3,2022-01-07,9.24,32382.26,34056.00,-6.8,-6.1
3,2022-01-08,7.46,26961.43,34122.77,-4.2,-1.0
3,2022-01-09,8.88,32400.00,34193.18,-4.0,-0.4
3,2022-01-10,8.93,28871.81,34267.08,-6.3,-3.9
3,2022-01-11,2.53,3600.00,34344.33,-1.1,3.4
3,2022-01-12,8.52,28853.43,34424.78,-5.9,-2.4
3,2022-01-13,9.80,32717.93,34508.31,-8.5,-5.5
3,2022-01-14,9.49,31139.00,34594.77,-6.5,-6.0
3,2022-01-15,9.32,28413.91,34684.03,-5.0,-4.2
3,2022-01-16,5.45,12745.04,34775.95,-2.5,-0.5
3,2022-01-17,10.39,33262.28,34870.40,-9.3,-6.0
3,2022-01-18,10.27,33224.40,34967.24,-9.5,-6.6
3,2022-01-19,9.94,32400.00,35066.36,-5.9,-3.2
3,2022-01-20,6.43,18350.09,35167.61,-5.6,-2.5
3,2022-01-21,9.72,33450.45,35270.86,-7.6,-5.4
3,2022-01-22,8.07,24818.54,35376.01,-6.7,-5.4
3,2022-01-23,7.02,16456.57,35483.12,-3.0,-0.4
3,2022-01-24,6.39,11634.62,35593.36,-6.0,-2.8
3,2022-01-25,8.05,24193.38,35706.73,-5.9,-4.3
3,2022-01-26,6.66,18489.30,35823.06,-3.3,-0.9
3,2022-01-27,11.08,34555.81,35942.18,-6.7,-5.0
3,2022-01-28,11.89,34884.24,36063.88,-7.9,-6.8
3,2022-01-29,11.87,34957.52,36187.99,-9.8,-7.9
3,2022-01-30,11.70,34421.24,36314.36,-11.0,-9.8
3,2022-01-31,10.93,34043.07,36442.79,-11.4,-9.8
3,2022-02-01,10.41,30730.45,36573.13,-7.6,-6.5
3,2022-02-02,11.81,35253.79,36705.20,-7.2,-5.8
3,2022-02-03,11.74,35328.22,36838.85,-9.4,-7.8
3,2022-02-04,11.76,35402.62,36973.91,-10.0,-7.8
3,2022-02-05,12.61,35476.92,37110.24,-10.9,-10.2
3,2022-02-06,12.68,35551.03,37247.67,-10.1,-9.3
3,2022-02-07,10.76,30406.17,37386.07,-8.6,-7.6
3,2022-02-08,9.78,27026.59,37525.27,-7.3,-6.0
3,2022-02-09,12.27,33195.04,37665.15,-6.8,-6.1
3,2022-02-10,3.57,4404.41,37805.54,-3.9,-2.7
3,2022-02-11,5.23,5654.08,37946.33,-5.8,-3.9
3,2022-02-12,10.95,29639.41,38087.60,-3.9,-1.5
3,2022-02-13,12.39,32582.60,38230.66,-6.9,-5.4
3,2022-02-14,9.86,19755.40,38375.60,-4.6,-2.1
3,2022-02-15,5.61,4472.21,38522.26,-2.9,-1.4
3,2022-02-16,6.78,12876.09,38670.48,-0.7,0.9
3,2022-02-17,5.87,6061.26,38820.13,-3.4,-1.7
3,2022-02-18,11.71,28431.45,38971.06,-5.8,-2.8
3,2022-02-19,9.10,18931.96,39123.12,-1.5,0.6
3,2022-02-20,10.97,27998.68,39276.18,-8.7,-1.3
3,2022-02-21,16.14,37974.87,39430.11,-12.6,-11.3
3,2022-02-22,16.13,38375.50,39584.77,-12.3,-10.1
3,2022-02-23,16.00,38462.43,39740.02,-9.3,-7.0
3,2022-02-24,13.63,38138.02,39895.75,-7.3,-5.4
3,2022-02-25,14.11,38397.90,40051.81,-5.6,-2.6
3,2022-02-26,13.22,32390.19,40208.08,-0.3,2.5
3,2022-02-27,12.62,34998.60,40364.45,-4.2,1.6
3,2022-02-28,16.32,37103.74,40520.79,-6.8,-4.8
3,2022-03-01,9.14,14113.95,40676.97,-0.2,2.4
3,2022-03-02,12.75,32400.00,40832.88,-5.0,-2.9
3,2022-03-03,15.19,38475.54,40988.40,-5.0,-1.0
3,2022-03-04,15.05,39264.22,41143.63,-6.6,-4.6
3,2022-03-05,14.86,35009.94,41299.78,-3.0,3.3
3,2022-03-06,16.30,39448.23,41456.96,-5.3,-3.7
3,2022-03-07,17.18,39541.92,41615.07,-4.4,-2.5
3,2022-03-08,13.46,37937.49,41773.98,-5.8,-2.9
3,2022-03-09,17.43,39654.49,41933.59,-3.9,-1.4
3,2022-03-10,18.71,38070.92,42093.78,-4.2,-2.4
3,2022-03-11,16.65,36000.00,42254.46,-0.8,2.7
3,2022-03-12,18.46,33497.58,42415.51,-5.8,-2.3
3,2022-03-13,3.61,2064.16,42576.81,2.6,3.6
3,2022-03-14,3.65,0.00,42738.28,1.4,2.9
3,2022-03-15,12.27,32131.83,42899.80,1.8,5.6
3,2022-03-16,12.24,20856.93,43061.27,1.9,3.0
3,2022-03-17,10.71,24793.68,43222.58,-2.1,1.7
3,2022-03-18,8.91,9592.10,43383.64,-0.5,1.4
3,2022-03-19,4.17,3675.85,43544.32,0.1,1.0
3,2022-03-20,13.48,31766.61,43704.53,-3.0,-0.4
3,2022-03-21,20.94,38382.23,43864.16,-6.6,-3.0
3,2022-03-22,16.80,33030.36,44023.10,-5.2,-1.3
3,2022-03-23,16.26,20831.90,44181.26,-3.1,-1.2
3,2022-03-24,13.09,22293.22,44338.71,0.3,2.8
3,2022-03-25,19.59,34048.11,44496.60,1.0,5.2
3,2022-03-26,6.02,0.00,44655.01,8.9,10.6
3,2022-03-27,19.02,38840.18,44813.86,-0.2,5.2
3,2022-03-28,22.11,43176.90,44973.05,-4.4,-1.2
3,2022-03-29,22.05,42497.92,45132.48,-0.8,5.2
3,2022-03-30,19.33,32400.00,45292.04,4.1,6.0
3,2022-03-31,9.19,16101.02,45451.65,-2.1,2.9
3,2022-04-01,18.79,34923.93,45611.19,-6.6,-4.7
3,2022-04-02,19.63,38397.42,45770.58,-3.3,0.6
3,2022-04-03,22.52,43700.91,45929.70,1.2,5.9
3,2022-04-04,9.80,16687.99,46088.46,6.2,9.3
3,2022-04-05,19.18,44032.23,46246.75,5.6,8.1
3,2022-04-06,20.25,40349.74,46404.47,-1.2,7.0
3,2022-04-07,20.07,38161.14,46561.50,0.7,2.7
3,2022-04-08,18.03,38951.29,46717.74,-2.3,1.2
3,2022-04-09,22.99,44971.59,46873.09,2.8,8.9
3,2022-04-10,21.22,43907.67,47027.42,5.9,8.9
3,2022-04-11,23.25,45590.14,47180.62,9.2,17.5
3,2022-04-12,22.71,44237.69,47332.58,10.9,14.5
3,2022-04-13,9.29,8865.89,47483.37,7.0,12.4
3,2022-04-14,4.78,0.00,47634.07,4.0,6.0
3,2022-04-15,2.14,0.00,47784.78,3.0,5.0
3,2022-04-16,16.79,35536.77,47935.39,-0.6,3.1
3,2022-04-17,22.76,46800.00,48085.81,2.1,7.5
3,2022-04-18,17.01,27002.20,48235.94,5.2,11.4
3,2022-04-19,25.07,46800.00,48385.65,-0.8,2.5
3,2022-04-20,25.02,46800.00,48534.85,5.0,9.9
3,2022-04-21,22.13,36000.00,48683.42,9.7,14.7
3,2022-04-22,14.27,28951.91,48831.24,11.2,14.8
3,2022-04-23,22.90,46800.00,48978.23,2.5,10.1
3,2022-04-24,22.10,39922.53,49124.23,9.4,13.2
3,2022-04-25,22.91,38679.61,49269.14,11.3,14.1
3,2022-04-26,9.59,8672.11,49412.83,14.8,15.9
3,2022-04-27,20.91,42479.59,49555.19,1.2,12.9
3,2022-04-28,22.80,36000.00,49696.08,1.7,3.7
3,2022-04-29,7.83,10800.00,49835.37,1.0,3.0
3,2022-04-30,23.85,34941.96,49972.94,1.0,4.2
3,2022-05-01,7.22,10800.00,50108.63,7.0,9.2
3,2022-05-02,23.38,41616.96,50242.31,2.0,5.8
3,2022-05-03,23.96,43266.85,50374.04,1.3,3.3
3,2022-05-04,25.28,46800.00,50504.82,7.5,10.9
3,2022-05-05,25.21,46800.00,50634.73,12.4,16.5
3,2022-05-06,25.87,46800.00,50763.67,11.3,18.3
3,2022-05-07,25.88,43662.90,50891.51,10.1,16.1
3,2022-05-08,23.48,40873.89,51018.15,1.2,4.0
3,2022-05-09,23.99,46800.00,51143.46,1.7,4.0
3,2022-05-10,27.56,46814.78,51267.33,6.6,8.5
3,2022-05-11,24.70,39600.00,51389.63,12.7,15.5
3,2022-05-12,17.10,28565.15,51510.24,14.6,17.5
3,2022-05-13,14.62,18367.73,51629.03,16.4,19.3
3,2022-05-14,17.38,35432.03,51745.87,10.0,20.5
3,2022-05-15,20.48,45041.35,51860.63,4.6,6.0
3,2022-05-16,22.89,43381.56,51973.17,8.5,11.6
3,2022-05-17,17.24,30899.23,52083.37,9.5,12.8
3,2022-05-18,27.32,47547.36,52191.07,8.7,12.3
3,2022-05-19,21.05,42406.85,52296.14,11.7,14.9
3,2022-05-20,25.33,44625.40,52398.43,10.8,15.8
3,2022-05-21,18.47,25200.00,52497.81,13.6,15.0
3,2022-05-22,9.15,4837.49,52594.14,12.4,15.8
3,2022-05-23,20.29,43138.88,52687.39,12.1,13.6
3,2022-05-24,23.55,48427.21,52778.37,12.7,14.3
3,2022-05-25,27.51,48391.55,52867.12,15.0,16.9
3,2022-05-26,20.39,35294.77,52953.56,14.8,18.3
3,2022-05-27,7.88,11957.55,53037.60,13.7,16.0
3,2022-05-28,20.97,42362.44,53119.15,10.5,12.1
3,2022-05-29,25.54,47385.30,53198.10,11.3,12.3
3,2022-05-30,19.40,30018.95,53274.38,9.3,10.6
3,2022-05-31,7.08,10716.76,53347.88,11.9,13.2
3,2022-06-01,23.69,47834.14,53418.51,12.4,15.2
3,2022-06-02,16.46,30202.68,53486.18,14.2,17.8
3,2022-06-03,12.05,8414.39,53550.80,10.9,13.0
3,2022-06-04,14.94,27568.53,53612.26,10.6,12.5
3,2022-06-05,14.55,21982.49,53670.48,8.9,10.5
3,2022-06-06,5.35,0.00,53725.36,10.5,11.0
3,2022-06-07,4.96,3701.66,53776.80,9.0,9.9
3,2022-06-08,23.89,46406.62,53824.73,8.8,12.0
3,2022-06-09,25.09,49354.12,53869.03,12.3,14.1
3,2022-06-10,23.41,45860.17,53909.63,14.7,16.5
3,2022-06-11,18.43,36000.00,53946.44,15.4,16.5
3,2022-06-12,13.43,19708.73,53979.40,11.4,13.7
3,2022-06-13,10.58,11791.51,54008.82,10.8,12.3
3,2022-06-14,25.78,40550.24,54034.71,10.1,13.5
3,2022-06-15,11.64,15457.87,54057.08,14.4,18.7
3,2022-06-16,22.46,48326.57,54075.92,16.2,19.6
3,2022-06-17,20.56,46621.96,54091.24,16.7,19.4
3,2022-06-18,24.82,52005.06,54103.02,19.0,22.3
3,2022-06-19,20.38,38447.29,54111.27,19.6,22.9
3,2022-06-20,25.04,51605.73,54116.00,16.4,19.5
3,2022-06-21,26.91,51955.54,54117.22,15.8,17.5
3,2022-06-22,25.02,39832.13,54114.90,16.7,18.1
3,2022-06-23,14.94,19588.41,54109.09,18.5,19.8
3,2022-06-24,13.00,16901.42,54099.78,21.5,23.0
3,2022-06-25,23.06,47074.92,54086.97,19.2,23.1
3,2022-06-26,26.46,43681.31,54070.69,20.9,23.0
3,2022-06-27,20.38,31628.82,54050.96,20.0,23.8
3,2022-06-28,5.31,3600.00,54027.77,21.2,24.5
3,2022-06-29,5.08,0.00,54001.15,21.3,22.4
3,2022-06-30,15.03,18626.88,53971.13,19.6,23.2
3,2022-07-01,13.47,26142.75,53937.72,20.2,24.2
3,2022-07-02,22.15,48451.79,53900.87,22.3,25.4
3,2022-07-03,23.61,40587.63,53860.21,23.4,29.0
3,2022-07-04,22.90,47467.51,53815.79,21.8,24.7
3,2022-07-05,18.03,27869.62,53767.67,21.7,23.8
3,2022-07-06,13.74,16175.28,53715.99,19.8,20.6
3,2022-07-07,7.31,38.36,53660.84,19.2,19.7
3,2022-07-08,13.90,17285.24,53602.31,18.7,20.0
3,2022-07-09,5.42,0.00,53540.52,19.1,19.9
3,2022-07-10,18.10,43270.64,53475.55,20.1,21.7
3,2022-07-11,20.19,32400.00,53407.52,22.1,23.6
3,2022-07-12,7.32,294.75,53336.53,21.1,22.5
3,2022-07-13,9.64,1386.45,53262.68,19.1,20.0
3,2022-07-14,9.06,1294.97,53186.08,18.2,19.3
3,2022-07-15,10.82,10407.44,53106.82,20.2,20.8
3,2022-07-16,4.90,0.00,53025.01,19.6,20.8
3,2022-07-17,12.90,21600.00,52940.75,20.6,23.0
3,2022-07-18,18.24,32400.00,52854.14,21.9,24.3
3,2022-07-19,16.55,31744.55,52765.27,21.4,23.5
3,2022-07-20,13.42,19645.75,52674.24,19.7,21.5
3,2022-07-21,18.15,30619.41,52581.15,21.2,22.2
3,2022-07-22,7.18,10812.75,52485.96,21.1,22.6
3,2022-07-23,15.45,20514.74,52387.80,20.2,22.5
3,2022-07-24,16.05,21808.89,52286.70,21.2,23.1
3,2022-07-25,15.84,32201.60,52182.79,21.0,22.9
3,2022-07-26,21.66,42866.96,52076.21,23.4,25.1
3,2022-07-27,13.29,14225.39,51967.12,22.7,23.8
3,2022-07-28,21.21,46800.00,51855.64,21.9,22.8
3,2022-07-29,24.51,46800.00,51741.92,23.1,24.5
3,2022-07-30,24.72,48048.12,51626.10,23.0,25.5
3,2022-07-31,23.08,35634.84,51508.30,23.9,27.3
3,2022-08-01,4.83,49.92,51388.67,22.9,25.3
3,2022-08-02,17.22,30989.81,51267.33,22.8,25.1
3,2022-08-03,7.37,11644.04,51144.41,19.1,20.2
3,2022-08-04,11.32,7534.23,51020.03,18.3,19.0
3,2022-08-05,18.55,43386.05,50894.31,15.9,17.1
3,2022-08-06,21.17,37815.99,50767.39,18.5,20.6
3,2022-08-07,20.94,46123.85,50639.36,23.1,26.0
3,2022-08-08,18.57,34679.25,50510.36,25.3,29.6
3,2022-08-09,5.82,2404.67,50380.48,23.1,26.2
3,2022-08-10,6.16,1805.87,50249.85,22.2,24.5
3,2022-08-11,5.23,1092.76,50118.38,24.4,26.5
3,2022-08-12,8.41,198.31,49985.08,23.9,25.9
3,2022-08-13,15.47,27753.53,49849.89,24.4,27.4
3,2022-08-14,21.14,36185.81,49712.94,21.1,22.7
3,2022-08-15,12.01,11151.73,49574.36,22.0,22.9
3,2022-08-16,6.48,10800.00,49434.28,21.2,23.7
3,2022-08-17,20.03,30797.76,49292.83,18.7,20.3
3,2022-08-18,4.88,10800.00,49150.14,18.9,21.2
3,2022-08-19,21.86,36603.43,49006.30,16.8,20.0
3,2022-08-20,16.96,32529.17,48861.45,21.6,23.4
3,2022-08-21,22.97,46800.00,48715.71,19.1,21.8
3,2022-08-22,21.30,30923.45,48569.17,21.8,24.0
3,2022-08-23,21.72,45312.58,48421.97,22.0,25.9
3,2022-08-24,22.70,43097.56,48274.19,16.8,18.6
3,2022-08-25,15.07,24656.06,48125.95,20.0,21.0
3,2022-08-26,9.22,8670.60,47977.35,20.1,20.8
3,2022-08-27,12.37,19606.98,47828.50,21.9,25.6
3,2022-08-28,7.22,16316.79,47679.49,15.8,18.7
3,2022-08-29,20.43,32400.00,47530.43,16.0,17.9
3,2022-08-30,11.01,10809.21,47381.41,20.2,21.3
3,2022-08-31,9.02,4871.58,47232.34,21.3,22.0
3,2022-09-01,5.58,915.42,47082.20,19.9,21.6
3,2022-09-02,9.55,8136.18,46930.90,16.8,19.4
3,2022-09-03,12.76,20014.69,46778.57,17.9,18.6
3,2022-09-04,13.27,29894.31,46625.30,18.6,20.0
3,2022-09-05,19.54,44992.52,46471.19,20.1,21.3
3,2022-09-06,18.57,37933.57,46316.35,21.3,22.0
3,2022-09-07,15.51,42078.90,46160.89,18.2,19.6
3,2022-09-08,16.51,25874.36,46004.89,16.6,18.5
3,2022-09-09,19.90,45312.07,45848.47,15.9,19.7
3,2022-09-10,19.93,43753.01,45691.71,17.2,18.5
3,2022-09-11,17.54,38425.40,45534.71,18.4,19.6
3,2022-09-12,18.67,40289.62,45377.56,19.5,21.0
3,2022-09-13,16.02,36246.87,45220.36,19.5,23.7
3,2022-09-14,16.97,34724.67,45063.21,13.1,15.5
3,2022-09-15,20.27,40558.05,44906.18,15.9,17.8
3,2022-09-16,13.39,24915.12,44749.38,18.1,20.3
3,2022-09-17,18.76,37770.76,44592.90,20.8,22.7
3,2022-09-18,15.64,35674.33,44436.83,23.7,25.2
3,2022-09-19,13.08,27522.68,44281.24,22.6,26.1
3,2022-09-20,6.20,11878.68,44126.07,8.8,14.5
3,2022-09-21,12.74,29809.72,43970.23,8.8,12.1
3,2022-09-22,9.54,10800.00,43813.65,15.7,19.3
3,2022-09-23,4.94,12.17,43656.41,21.2,22.4
3,2022-09-24,6.63,11211.21,43498.63,15.9,23.3
3,2022-09-25,15.15,31113.42,43340.40,15.0,16.2
3,2022-09-26,12.44,27979.93,43181.83,15.2,17.0
3,2022-09-27,12.18,21426.78,43023.01,14.1,16.4
3,2022-09-28,10.03,24203.10,42864.03,14.1,16.3
3,2022-09-29,18.67,39669.24,42705.01,14.6,17.5
3,2022-09-30,17.94,39600.00,42546.04,15.4,19.1
3,2022-10-01,18.09,39729.95,42387.22,15.7,20.8
3,2022-10-02,14.03,36000.00,42228.65,17.1,18.4
3,2022-10-03,10.00,12907.96,42070.43,16.3,19.6
3,2022-10-04,3.56,299.18,41912.67,15.2,19.3
3,2022-10-05,5.90,439.97,41755.45,4.7,5.7
3,2022-10-06,7.21,9009.40,41598.90,4.2,6.3
3,2022-10-07,6.52,3717.61,41443.11,9.5,11.9
3,2022-10-08,4.33,10542.42,41288.20,9.7,12.0
3,2022-10-09,8.90,16002.22,41134.25,12.3,16.5
3,2022-10-10,3.06,4812.63,40981.18,16.8,19.9
3,2022-10-11,13.32,32660.60,40827.83,10.2,13.8
3,2022-10-12,14.10,37147.40,40674.10,6.8,9.1
3,2022-10-13,10.80,27955.61,40520.09,8.9,10.4
3,2022-10-14,15.23,34047.81,40365.93,13.6,14.6
3,2022-10-15,8.28,22810.52,40211.74,13.6,15.5
3,2022-10-16,12.53,34988.53,40057.63,13.2,14.8
3,2022-10-17,7.79,17469.30,39903.71,9.7,15.1
3,2022-10-18,11.93,38712.79,39750.12,2.5,4.4
3,2022-10-19,12.91,38623.92,39596.97,3.0,5.4
3,2022-10-20,14.42,38535.88,39444.39,5.5,9.3
3,2022-10-21,12.28,30470.95,39292.50,11.2,14.8
3,2022-10-22,3.15,7200.00,39141.42,12.4,15.8
3,2022-10-23,6.87,14869.32,38991.31,5.8,10.5
3,2022-10-24,12.30,32006.21,38842.27,2.4,7.7
3,2022-10-25,6.19,10260.92,38694.45,5.0,7.3
3,2022-10-26,8.01,19943.78,38547.99,2.2,4.2
3,2022-10-27,13.47,33160.55,38403.03,3.9,7.3
3,2022-10-28,13.08,36155.38,38259.71,8.0,9.9
3,2022-10-29,12.12,34494.02,38118.18,5.6,7.5
3,2022-10-30,10.31,34606.81,37978.34,7.3,8.8
3,2022-10-31,7.84,24883.74,37838.95,8.0,9.7
3,2022-11-01,10.65,35549.20,37699.90,9.1,11.0
3,2022-11-02,11.34,35479.69,37561.33,7.6,11.7
3,2022-11-03,4.99,16488.83,37423.37,8.2,11.5
3,2022-11-04,9.92,34053.70,37286.18,0.9,3.3
3,2022-11-05,10.43,35268.99,37149.88,0.9,2.1
3,2022-11-06,10.83,32400.00,37014.64,3.3,4.6
3,2022-11-07,8.64,27792.54,36880.60,5.4,8.7
3,2022-11-08,8.49,28349.32,36747.90,5.5,8.3
3,2022-11-09,11.02,33426.67,36616.70,3.7,7.6
3,2022-11-10,7.48,23688.55,36487.18,6.4,9.5
3,2022-11-11,11.74,34843.98,36359.48,2.3,5.6
3,2022-11-12,11.17,31978.57,36233.76,8.9,12.5
3,2022-11-13,6.18,19020.88,36110.21,7.9,13.3
3,2022-11-14,9.08,33966.77,35988.98,-0.3,1.6
3,2022-11-15,9.92,33034.59,35870.26,4.0,6.5
3,2022-11-16,9.81,33374.31,35754.20,-0.2,2.8
3,2022-11-17,8.31,30854.78,35641.02,-2.7,-0.1
3,2022-11-18,10.37,29512.59,35530.86,3.3,5.4
3,2022-11-19,6.74,23283.42,35423.71,2.9,5.6
3,2022-11-20,4.47,8309.00,35318.40,7.5,10.1
3,2022-11-21,5.27,19000.69,35214.85,8.8,11.6
3,2022-11-22,9.78,28800.00,35113.17,-0.8,4.6
3,2022-11-23,5.75,9523.23,35013.52,5.7,9.2
3,2022-11-24,2.52,5580.10,34916.01,5.3,8.5
3,2022-11-25,9.21,32685.27,34820.80,2.7,6.9
3,2022-11-26,9.40,32400.00,34728.01,5.0,8.5
3,2022-11-27,7.05,30149.04,34637.78,-1.1,1.7
3,2022-11-28,9.36,28800.00,34550.26,4.7,10.7
3,2022-11-29,5.71,18696.60,34465.59,11.9,14.1
3,2022-11-30,3.27,6217.42,34383.92,-2.2,8.5
3,2022-12-01,6.15,14808.55,34305.37,-5.4,-3.6
3,2022-12-02,8.88,31143.30,34230.11,-6.7,-3.2
3,2022-12-03,7.49,25385.22,34158.28,1.8,4.9
3,2022-12-04,2.81,6802.40,34090.04,-4.3,3.3
3,2022-12-05,8.71,31700.43,34025.51,-6.0,-4.6
3,2022-12-06,5.22,17248.65,33964.85,-0.3,2.2
3,2022-12-07,6.77,18519.76,33908.20,-0.6,1.6
3,2022-12-08,8.34,32400.00,33855.73,-3.2,-1.7
3,2022-12-09,7.33,31878.50,33807.45,-2.2,0.6
3,2022-12-10,7.60,26574.22,33762.74,-2.5,0.5
3,2022-12-11,4.97,21676.09,33721.56,-2.8,0.9
3,2022-12-12,6.99,28436.07,33683.92,-2.4,1.8
3,2022-12-13,6.03,21887.37,33649.88,1.7,6.2
3,2022-12-14,4.29,11263.60,33619.45,-8.1,-1.3
3,2022-12-15,5.78,13228.14,33592.69,-6.5,-5.4
3,2022-12-16,8.90,32400.00,33569.61,-7.5,-5.8
3,2022-12-17,4.65,14057.50,33550.27,-2.3,-0.1
3,2022-12-18,6.58,29887.93,33534.68,-9.3,-4.9
3,2022-12-19,9.20,32400.00,33522.87,-7.5,-6.1
3,2022-12-20,8.78,31944.14,33514.88,-5.2,-4.1
3,2022-12-21,7.60,21675.64,33510.73,0.4,6.4
3,2022-12-22,1.02,3600.00,33510.43,3.5,9.9
3,2022-12-23,8.55,32400.00,33514.02,-4.1,-2.5
3,2022-12-24,6.71,29980.91,33521.51,-2.0,0.5
3,2022-12-25,8.83,32400.00,33532.92,-2.7,-1.7
3,2022-12-26,7.80,32400.00,33548.26,-0.6,0.2
3,2022-12-27,7.88,28800.00,33567.54,-1.0,0.5
3,2022-12-28,5.08,12883.49,33590.80,-0.9,2.4
3,2022-12-29,8.87,32400.00,33618.08,-7.1,-5.9
3,2022-12-30,6.57,29602.18,33649.67,-5.0,-4.1
3,2022-12-31,9.04,32383.17,33685.53,-4.7,-3.7
3,2023-01-01,5.92,21576.84,33725.55,-7.0,-0.6
3,2023-01-02,9.06,32372.54,33769.63,-10.5,-9.3
3,2023-01-03,8.60,32370.29,33817.65,-9.1,-7.6
3,2023-01-04,8.45,32370.10,33869.50,-9.9,-7.8
3,2023-01-05,9.40,32371.99,33925.06,-8.4,-6.6
3,2023-01-06,9.15,32375.96,33984.23,-6.1,-4.6
3,2023-01-07,6.64,22072.16,34046.89,-2.0,0.5
3,2023-01-08,7.79,32390.23,34112.92,-4.0,-2.5
3,2023-01-09,6.67,21600.00,34182.21,-2.9,0.6
3,2023-01-10,8.75,29910.26,34254.65,-7.3,-4.7
3,2023-01-11,8.14,31646.12,34330.12,-1.4,0.6
3,2023-01-12,7.61,28810.80,34408.51,-0.7,1.9
3,2023-01-13,7.99,28535.05,34489.71,3.0,6.0
3,2023-01-14,2.51,4867.68,34573.60,4.4,8.5
3,2023-01-15,1.13,0.00,34660.08,0.5,2.0
3,2023-01-16,4.77,8234.50,34749.02,-5.7,-1.2
3,2023-01-17,8.88,30543.57,34840.34,-6.2,-3.6
3,2023-01-18,5.64,9771.73,34934.10,-6.0,-2.3
3,2023-01-19,10.85,33199.63,35031.33,-5.1,-0.9
3,2023-01-20,4.34,12292.24,35132.06,-3.3,1.8
3,2023-01-21,7.57,23008.42,35236.08,-8.5,-4.9
3,2023-01-22,8.64,26225.07,35343.22,-9.0,-8.3
3,2023-01-23,4.61,7200.00,35453.31,-3.9,-2.2
3,2023-01-24,2.35,2671.56,35566.15,-11.6,-1.6
3,2023-01-25,10.78,33641.25,35681.59,-14.6,-11.7
3,2023-01-26,11.02,34610.44,35799.43,-10.5,-9.6
3,2023-01-27,10.16,32400.00,35919.53,-8.9,-7.0
3,2023-01-28,10.18,33514.09,36041.70,-12.4,-8.5
3,2023-01-29,12.03,34475.27,36165.79,-12.4,-10.5
3,2023-01-30,11.05,28800.00,36291.64,-7.1,-3.3
3,2023-01-31,11.25,33385.53,36419.08,-8.7,-5.5
3,2023-02-01,8.16,17211.59,36547.96,-3.5,-0.6
3,2023-02-02,12.30,35239.20,36678.13,-9.6,-6.9
3,2023-02-03,9.01,19470.16,36809.44,-8.6,-7.4
3,2023-02-04,9.23,21600.00,36941.75,-6.0,-2.5
3,2023-02-05,9.26,24100.86,37074.91,-5.3,-1.8
3,2023-02-06,12.47,35532.29,37208.77,-3.1,-0.6
3,2023-02-07,10.02,29196.05,37343.45,-2.4,-0.5
3,2023-02-08,9.85,35676.51,37480.24,-6.3,-4.4
3,2023-02-09,11.98,32148.76,37619.20,-10.7,-9.7
3,2023-02-10,6.01,4205.75,37760.17,-3.0,1.4
3,2023-02-11,4.73,2539.52,37903.00,-1.8,1.0
3,2023-02-12,8.96,21553.30,38047.51,0.3,1.0
3,2023-02-13,3.32,4055.67,38193.57,-1.9,0.9
3,2023-02-14,12.75,34850.04,38341.00,-7.8,-5.3
3,2023-02-15,13.55,32772.39,38489.67,-10.9,-9.3
3,2023-02-16,12.91,35138.59,38639.43,-8.0,-6.4
3,2023-02-17,11.64,25366.23,38790.14,-2.3,-0.2
3,2023-02-18,13.85,31700.03,38941.64,-1.4,2.5
3,2023-02-19,2.01,4739.60,39093.81,-0.5,2.9
3,2023-02-20,15.42,37719.01,39246.51,-9.8,-8.0
3,2023-02-21,12.48,36525.76,39399.60,-8.3,-6.1
3,2023-02-22,14.43,32400.00,39552.95,-7.3,-4.7
3,2023-02-23,11.93,31301.01,39706.45,-1.7,1.0
3,2023-02-24,11.05,27752.70,39859.94,-0.6,1.8
3,2023-02-25,13.92,38614.60,40013.31,-7.8,-3.3
3,2023-02-26,15.38,38700.46,40166.43,-8.6,-6.7
3,2023-02-27,16.88,38787.04,40319.42,-3.4,-1.6
3,2023-02-28,16.72,36000.00,40473.51,0.6,3.5
3,2023-03-01,11.93,28800.00,40628.80,3.4,5.2
3,2023-03-02,5.36,7785.09,40785.18,-2.5,2.0
3,2023-03-03,14.09,39147.11,40942.52,-4.0,-0.6
3,2023-03-04,13.73,35639.98,41100.70,-5.0,-2.0
3,2023-03-05,18.04,39531.83,41259.63,-5.3,-2.4
3,2023-03-06,17.85,39592.33,41419.16,-2.3,2.2
3,2023-03-07,17.78,39653.71,41579.20,2.0,3.7
3,2023-03-08,17.73,36019.19,41739.63,4.1,5.2
3,2023-03-09,14.97,28800.00,41900.34,5.3,7.3
3,2023-03-10,11.41,28800.00,42061.22,2.9,7.6
3,2023-03-11,18.68,39898.81,42222.15,0.9,3.5
3,2023-03-12,16.06,32400.00,42383.04,4.7,7.4
3,2023-03-13,7.58,14114.09,42543.77,1.6,11.4
3,2023-03-14,18.32,40704.62,42704.23,-5.3,-3.3
3,2023-03-15,19.42,40671.54,42864.32,-0.5,2.6
3,2023-03-16,14.36,37742.60,43023.93,1.7,6.3
3,2023-03-17,17.10,34008.26,43182.95,-4.6,-0.6
3,2023-03-18,7.01,7200.00,43341.27,-0.8,2.1
3,2023-03-19,20.13,41745.15,43498.99,-2.7,3.1
3,2023-03-20,16.33,39680.59,43657.26,-0.1,3.7
3,2023-03-21,19.90,39375.36,43816.16,4.4,7.0
3,2023-03-22,20.35,41649.54,43975.62,5.8,9.0
3,2023-03-23,15.85,25200.00,44135.53,11.9,12.8
3,2023-03-24,11.86,23009.33,44295.78,0.7,11.6
3,2023-03-25,11.97,21500.60,44456.29,1.9,5.9
3,2023-03-26,5.65,7200.00,44616.95,5.9,8.8
3,2023-03-27,19.06,42697.47,44777.67,-3.0,0.4
3,2023-03-28,21.00,42592.42,44938.33,-0.1,1.5
3,2023-03-29,20.63,43324.05,45098.85,1.3,3.1
3,2023-03-30,21.40,42608.80,45259.13,3.0,6.5
3,2023-03-31,16.53,43563.90,45419.05,5.3,11.3
3,2023-04-01,21.47,36100.87,45578.52,2.0,3.8
3,2023-04-02,11.11,19077.90,45737.44,1.9,3.2
3,2023-04-03,22.88,44598.51,45895.69,-0.4,3.7
3,2023-04-04,22.19,42914.30,46053.17,2.2,7.7
3,2023-04-05,16.53,28800.00,46209.78,6.5,9.5
3,2023-04-06,9.11,9429.50,46365.39,11.3,15.8
3,2023-04-07,5.19,2619.62,46519.91,12.9,18.2
3,2023-04-08,9.35,9313.67,46673.41,2.0,9.0
3,2023-04-09,20.62,45288.61,46826.98,-1.5,4.4
3,2023-04-10,23.58,46395.28,46980.73,3.2,8.3
3,2023-04-11,20.90,33465.72,47134.55,5.2,10.0
3,2023-04-12,13.83,32893.81,47288.34,-0.4,12.5
3,2023-04-13,22.39,46670.41,47442.00,0.1,5.0
3,2023-04-14,15.65,22127.50,47595.42,4.8,6.1
3,2023-04-15,8.86,7603.37,47748.51,5.6,12.4
3,2023-04-16,14.94,34151.08,47901.15,4.5,14.6
3,2023-04-17,17.53,44767.81,48053.23,0.5,2.7
3,2023-04-18,17.75,34746.27,48204.65,5.2,8.2
3,2023-04-19,21.51,43904.96,48355.28,2.4,5.6
3,2023-04-20,23.91,46800.00,48505.03,10.0,14.1
3,2023-04-21,24.79,46800.00,48653.76,-3.9,5.3
3,2023-04-22,20.30,45148.66,48801.36,-3.1,-0.8
3,2023-04-23,23.00,45766.00,48947.70,-4.7,-1.0
3,2023-04-24,22.00,46800.00,49092.66,-5.4,-2.0
3,2023-04-25,21.88,28800.00,49236.12,1.5,9.9
3,2023-04-26,5.42,9205.76,49377.93,8.5,14.5
3,2023-04-27,26.02,46800.00,49517.97,-1.3,2.7
3,2023-04-28,24.73,44141.69,49656.30,7.8,13.6
3,2023-04-29,19.52,33932.34,49793.95,12.4,15.6
3,2023-04-30,13.18,21974.98,49931.01,9.2,18.9
3,2023-05-01,21.11,46800.00,50067.37,6.6,10.7
3,2023-05-02,19.61,42234.59,50202.92,2.2,5.6
3,2023-05-03,25.30,45361.77,50337.55,3.9,14.0
3,2023-05-04,25.43,46756.71,50471.12,8.5,16.1
3,2023-05-05,21.47,33108.25,50603.55,13.7,18.2
3,2023-05-06,4.43,0.00,50734.70,10.3,16.9
3,2023-05-07,9.12,1825.88,50864.44,4.6,5.9
3,2023-05-08,7.16,18034.79,50992.64,2.4,5.3
3,2023-05-09,27.13,46804.26,51119.19,6.3,10.7
3,2023-05-10,23.44,46800.00,51243.94,5.8,10.7
3,2023-05-11,23.15,46800.00,51366.77,5.5,9.0
3,2023-05-12,24.05,46800.00,51487.54,6.8,10.0
3,2023-05-13,22.06,41698.96,51606.10,9.6,13.2
3,2023-05-14,10.76,7454.96,51722.32,11.6,14.6
3,2023-05-15,7.92,9382.89,51836.06,13.0,14.2
3,2023-05-16,24.65,45707.76,51947.16,11.5,13.9
3,2023-05-17,26.03,43200.00,52055.48,13.3,20.2
3,2023-05-18,24.65,36139.77,52161.04,13.7,18.0
3,2023-05-19,7.75,0.00,52264.70,12.8,15.2
3,2023-05-20,18.93,32713.21,52366.51,11.3,15.6
3,2023-05-21,20.36,37924.44,52466.39,14.6,19.6
3,2023-05-22,10.63,4219.42,52564.23,9.8,14.1
3,2023-05-23,11.08,10667.72,52659.92,7.7,9.4
3,2023-05-24,21.18,41281.14,52753.37,6.4,9.6
3,2023-05-25,28.49,49066.78,52844.46,9.8,15.8
3,2023-05-26,18.85,24119.04,52933.08,14.6,18.7
3,2023-05-27,21.87,35461.15,53019.14,14.6,16.6
3,2023-05-28,6.15,0.00,53102.51,16.7,19.3
3,2023-05-29,15.74,19228.65,53183.09,14.2,17.9
3,2023-05-30,22.74,48906.38,53260.76,10.6,13.5
3,2023-05-31,22.73,50222.69,53335.42,7.1,10.7
3,2023-06-01,21.25,28800.00,53406.95,12.3,15.8
3,2023-06-02,7.34,11334.72,53475.24,17.1,19.3
3,2023-06-03,24.18,49474.00,53540.18,11.4,14.6
3,2023-06-04,21.04,50449.49,53601.65,10.3,12.1
3,2023-06-05,26.97,51463.21,53659.55,8.6,13.2
3,2023-06-06,25.95,47918.45,53713.75,14.5,19.2
3,2023-06-07,20.39,45299.67,53764.24,16.0,17.7
3,2023-06-08,22.30,32400.00,53811.44,16.5,18.7
3,2023-06-09,7.12,3600.00,53855.39,15.8,16.5
3,2023-06-10,17.70,29755.35,53896.07,16.9,19.4
3,2023-06-11,11.21,2749.67,53933.44,17.3,18.3
3,2023-06-12,13.96,11316.98,53967.47,17.3,18.4
3,2023-06-13,14.42,12677.38,53998.14,17.7,18.6
3,2023-06-14,12.88,17278.29,54025.40,18.3,19.2
3,2023-06-15,7.51,2530.64,54049.24,17.3,20.3
3,2023-06-16,6.53,11985.16,54069.63,16.5,17.5
3,2023-06-17,26.99,46535.85,54086.55,15.8,18.1
3,2023-06-18,25.61,51664.55,54099.96,13.8,17.9
3,2023-06-19,28.37,52627.50,54109.87,11.7,14.0
3,2023-06-20,26.76,41207.38,54116.22,15.2,17.5
3,2023-06-21,24.06,40023.27,54119.03,15.5,18.0
3,2023-06-22,9.60,3172.87,54118.26,16.1,17.5
3,2023-06-23,7.08,0.00,54113.90,16.8,17.7
3,2023-06-24,15.40,24106.88,54105.95,17.6,18.6
3,2023-06-25,20.49,46425.34,54094.39,17.5,19.3
3,2023-06-26,25.47,49564.80,54079.20,19.1,21.7
3,2023-06-27,23.86,37453.23,54060.35,22.7,25.3
3,2023-06-28,23.50,37453.22,54037.63,22.2,27.4
3,2023-06-29,12.78,27118.64,54011.07,20.2,22.8
3,2023-06-30,10.07,5473.29,53980.75,20.7,22.9
3,2023-07-01,23.07,43701.15,53946.74,18.3,20.4
3,2023-07-02,18.82,33355.17,53909.13,18.3,21.3
3,2023-07-03,18.28,40922.46,53867.99,19.4,21.7
3,2023-07-04,17.97,37043.26,53823.41,17.6,18.8
3,2023-07-05,23.74,41435.82,53775.46,18.9,20.6
3,2023-07-06,23.86,41083.61,53724.24,19.2,21.1
3,2023-07-07,17.72,28615.52,53669.81,21.2,24.8
3,2023-07-08,16.83,32091.13,53612.27,21.2,24.7
3,2023-07-09,16.91,30554.73,53551.70,22.0,23.8
3,2023-07-10,20.65,43253.57,53488.18,23.0,25.6
3,2023-07-11,20.00,39521.95,53421.81,22.2,26.5
3,2023-07-12,9.54,18688.79,53352.65,21.4,23.4
3,2023-07-13,26.17,48230.90,53280.81,18.9,22.6
3,2023-07-14,21.42,26566.15,53206.36,20.5,21.7
3,2023-07-15,4.55,0.00,53129.38,22.9,24.1
3,2023-07-16,9.62,12403.36,53049.96,23.5,25.8
3,2023-07-17,21.68,47323.68,52968.05,24.0,27.2
3,2023-07-18,14.90,20254.87,52882.90,22.1,24.0
3,2023-07-19,6.17,0.00,52794.53,20.8,21.9
3,2023-07-20,12.51,19568.11,52703.07,18.3,19.4
3,2023-07-21,20.15,40565.27,52608.67,19.2,21.1
3,2023-07-22,21.95,49198.37,52511.46,21.6,22.8
3,2023-07-23,23.10,48550.25,52411.58,22.9,25.2
3,2023-07-24,24.62,49278.70,52309.16,24.2,26.4
3,2023-07-25,23.81,48259.16,52204.35,25.5,29.4
3,2023-07-26,22.17,48606.62,52097.26,23.8,26.2
3,2023-07-27,23.22,48626.93,51988.04,23.9,27.1
3,2023-07-28,21.86,48647.98,51876.81,23.5,26.2
3,2023-07-29,25.10,48669.73,51763.70,24.6,28.0
3,2023-07-30,25.29,47718.58,51648.83,24.1,27.9
3,2023-07-31,18.58,25087.64,51532.32,22.1,23.1
3,2023-08-01,22.66,47769.68,51414.30,22.1,23.8
3,2023-08-02,20.93,44295.62,51294.88,23.2,25.3
3,2023-08-03,19.59,46709.75,51174.17,23.9,28.5
3,2023-08-04,21.58,47208.85,51052.30,24.1,25.6
3,2023-08-05,20.79,45899.62,50929.37,25.3,27.2
3,2023-08-06,20.55,38008.24,50805.30,25.1,27.1
3,2023-08-07,15.58,36343.85,50679.13,24.9,26.1
3,2023-08-08,23.52,43413.86,50550.81,24.8,25.6
3,2023-08-09,21.37,46800.00,50420.47,25.2,26.7
3,2023-08-10,25.63,47399.32,50288.26,22.8,25.0
3,2023-08-11,22.71,36317.30,50154.31,23.5,24.5
3,2023-08-12,6.18,9340.18,50018.75,23.1,24.8
3,2023-08-13,7.34,4675.19,49881.72,23.2,24.8
3,2023-08-14,4.95,0.00,49743.33,23.1,24.4
3,2023-08-15,7.98,9659.62,49603.71,24.4,24.9
3,2023-08-16,20.79,43443.59,49462.98,23.9,25.7
3,2023-08-17,21.46,46800.00,49321.26,24.9,27.8
3,2023-08-18,16.49,31245.08,49178.67,24.3,25.5
3,2023-08-19,16.35,34196.53,49035.33,25.2,26.5
3,2023-08-20,17.67,40095.37,48891.33,24.9,26.9
3,2023-08-21,19.38,45794.63,48746.80,25.0,26.5
3,2023-08-22,22.41,46800.00,48601.83,25.8,28.0
3,2023-08-23,22.41,46800.00,48456.55,26.0,28.3
3,2023-08-24,21.97,46800.00,48311.05,26.6,28.8
3,2023-08-25,21.13,46800.00,48165.42,26.1,28.7
3,2023-08-26,21.18,46800.00,48019.58,24.6,25.8
3,2023-08-27,17.52,32624.10,47872.51,24.1,25.2
3,2023-08-28,11.95,26195.30,47724.14,22.7,24.5
3,2023-08-29,18.23,44836.39,47574.58,24.2,24.5
3,2023-08-30,17.91,46599.16,47423.94,24.2,25.7
3,2023-08-31,21.45,45786.06,47272.33,24.5,26.6
3,2023-09-01,19.77,36000.00,47119.85,23.4,26.0
3,2023-09-02,4.75,6724.62,46966.61,22.5,24.8
3,2023-09-03,15.36,42079.14,46812.72,22.3,23.7
3,2023-09-04,14.61,28755.22,46658.27,24.0,25.2
3,2023-09-05,8.46,3600.00,46503.37,22.8,24.0
3,2023-09-06,7.13,10631.05,46348.12,21.1,22.4
3,2023-09-07,18.45,42547.44,46192.60,16.7,20.1
3,2023-09-08,10.69,15862.67,46036.93,19.5,21.0
3,2023-09-09,13.28,32647.74,45881.18,23.4,25.4
3,2023-09-10,14.33,37608.32,45725.46,22.8,23.6
3,2023-09-11,16.01,41150.25,45569.86,23.5,26.1
3,2023-09-12,16.86,29254.69,45414.48,23.7,25.9
3,2023-09-13,11.70,27195.33,45259.39,22.3,23.8
3,2023-09-14,14.41,35312.87,45104.70,23.3,26.0
3,2023-09-15,14.43,33944.50,44950.30,19.1,20.5
3,2023-09-16,11.37,25457.79,44795.16,20.5,23.9
3,2023-09-17,13.92,35036.37,44639.18,22.3,24.1
3,2023-09-18,17.25,32888.50,44482.48,21.9,24.8
3,2023-09-19,11.10,21600.00,44325.14,21.4,24.3
3,2023-09-20,7.04,7549.09,44167.26,17.6,19.3
3,2023-09-21,2.42,0.00,44008.96,18.8,21.2
3,2023-09-22,14.78,32855.90,43850.31,15.1,18.6
3,2023-09-23,18.95,40385.60,43691.41,13.1,14.8
3,2023-09-24,18.96,40415.03,43532.38,12.1,15.3
3,2023-09-25,10.18,15873.36,43373.29,16.2,17.9
3,2023-09-26,4.67,8728.31,43214.25,17.9,19.7
3,2023-09-27,10.77,22411.45,43055.35,18.1,19.5
3,2023-09-28,5.49,11941.22,42896.68,17.5,21.2
3,2023-09-29,17.47,39661.45,42738.36,11.9,16.4
3,2023-09-30,9.44,14247.12,42580.46,16.4,18.1
3,2023-10-01,14.94,36121.95,42423.09,15.2,18.8
3,2023-10-02,17.14,39752.46,42266.35,9.7,11.1
3,2023-10-03,16.63,34842.08,42110.33,10.1,12.8
3,2023-10-04,14.52,36809.87,41955.15,14.4,16.0
3,2023-10-05,13.51,39600.00,41800.68,10.2,16.4
3,2023-10-06,16.06,39600.00,41645.81,9.7,11.3
3,2023-10-07,14.62,39600.00,41490.44,9.2,10.7
3,2023-10-08,11.13,26273.31,41334.68,10.7,12.2
3,2023-10-09,9.87,16774.20,41178.65,13.8,15.7
3,2023-10-10,4.83,8053.15,41022.44,13.3,15.9
3,2023-10-11,15.47,39373.15,40866.18,6.8,9.3
3,2023-10-12,15.48,39279.03,40709.97,8.0,11.0
3,2023-10-13,15.28,38486.63,40553.93,10.0,10.8
3,2023-10-14,14.26,34138.72,40398.17,9.2,11.0
3,2023-10-15,5.71,10982.76,40242.81,13.8,15.1
3,2023-10-16,12.22,34979.15,40087.97,8.4,12.3
3,2023-10-17,11.73,36245.08,39933.77,6.3,9.3
3,2023-10-18,12.99,33100.36,39780.32,8.9,12.3
3,2023-10-19,8.06,22909.94,39627.75,12.9,15.4
3,2023-10-20,5.57,13551.30,39476.20,11.0,16.4
3,2023-10-21,7.09,23525.13,39325.77,3.1,7.5
3,2023-10-22,10.32,34679.49,39176.60,5.3,8.5
3,2023-10-23,13.92,37679.00,39028.84,4.2,8.6
3,2023-10-24,13.11,30628.43,38882.60,8.3,12.1
3,2023-10-25,9.63,31175.28,38737.80,10.3,13.2
3,2023-10-26,12.24,36528.31,38593.19,10.4,13.5
3,2023-10-27,11.38,35777.95,38448.68,10.7,12.9
3,2023-10-28,8.77,22578.14,38304.40,12.3,13.3
3,2023-10-29,5.02,10770.76,38160.47,10.9,12.9
3,2023-10-30,8.39,33702.02,38017.03,8.7,11.2
3,2023-10-31,13.03,35755.01,37874.23,8.5,11.1
3,2023-11-01,12.18,33251.85,37732.20,11.2,12.8
3,2023-11-02,10.72,35493.36,37591.08,9.3,12.4
3,2023-11-03,11.91,28800.00,37451.02,12.6,16.2
3,2023-11-04,3.28,6552.85,37312.17,8.5,13.1
3,2023-11-05,11.45,30088.95,37174.68,9.7,14.3
3,2023-11-06,5.50,10200.20,37038.71,15.6,17.5
3,2023-11-07,7.29,24037.46,36904.41,7.6,17.3
3,2023-11-08,9.85,34037.52,36771.95,4.4,6.9
3,2023-11-09,10.85,28800.00,36641.48,8.1,10.5
3,2023-11-10,5.63,10994.25,36513.17,7.8,13.3
3,2023-11-11,10.77,34164.20,36387.21,-2.7,-0.2
3,2023-11-12,4.93,11790.54,36263.74,1.2,3.3
3,2023-11-13,9.05,28800.00,36142.97,-0.7,0.5
3,2023-11-14,4.83,16151.97,36024.82,1.4,4.2
3,2023-11-15,8.09,29319.01,35908.08,2.6,6.1
3,2023-11-16,9.53,28800.00,35792.67,7.9,12.2
3,2023-11-17,2.05,3925.83,35678.70,9.4,14.7
3,2023-11-18,7.62,27419.11,35566.34,2.6,4.4
3,2023-11-19,8.22,32462.38,35455.71,4.6,7.5
3,2023-11-20,8.74,33178.96,35346.97,-0.2,2.4
3,2023-11-21,10.19,32536.10,35240.25,2.5,5.4
3,2023-11-22,9.90,28800.00,35135.72,5.7,9.5
3,2023-11-23,6.74,25752.59,35033.53,7.7,10.0
3,2023-11-24,5.07,16124.59,34933.82,-0.5,8.9
3,2023-11-25,8.47,29275.75,34836.76,-5.5,-2.4
3,2023-11-26,6.78,17633.96,34742.50,0.8,4.2
3,2023-11-27,1.74,660.27,34651.20,5.7,8.5
3,2023-11-28,5.41,17211.38,34563.03,1.1,9.7
3,2023-11-29,2.86,3600.00,34478.15,-3.9,-3.0
3,2023-11-30,6.62,21162.29,34396.72,-5.5,-3.3
3,2023-12-01,7.00,30348.25,34318.91,-4.8,-3.4
3,2023-12-02,6.83,21363.00,34244.88,-3.3,-1.0
3,2023-12-03,2.96,3600.00,34174.80,1.5,2.7
3,2023-12-04,9.01,32400.00,34108.69,-0.2,2.2
3,2023-12-05,7.87,28800.00,34045.74,2.8,6.9
3,2023-12-06,2.78,225.32,33985.87,4.0,7.7
3,2023-12-07,6.49,21824.81,33929.17,0.6,7.9
3,2023-12-08,9.23,32400.00,33875.69,0.8,4.6
3,2023-12-09,7.77,28501.80,33825.52,6.9,9.3
3,2023-12-10,5.77,25200.00,33778.71,-0.6,4.2
3,2023-12-11,7.17,28800.00,33735.35,-1.1,3.2
3,2023-12-12,1.73,3600.00,33695.51,-0.2,2.8
3,2023-12-13,6.10,21026.40,33659.25,-4.0,-3.1
3,2023-12-14,7.98,28800.00,33626.63,-5.1,-3.4
3,2023-12-15,1.11,0.00,33597.73,1.3,2.7
3,2023-12-16,2.85,6474.38,33572.61,3.8,7.4
3,2023-12-17,7.86,32400.00,33551.33,-10.3,-3.9
3,2023-12-18,8.75,32400.00,33533.96,-9.6,-7.9
3,2023-12-19,8.16,28943.82,33520.55,-5.2,-2.4
3,2023-12-20,3.56,2023.07,33511.16,-6.8,-5.0
3,2023-12-21,7.12,26863.12,33505.85,-9.2,-6.8
3,2023-12-22,8.82,32400.00,33504.68,-9.2,-7.9
3,2023-12-23,7.44,28058.62,33507.68,-9.0,-7.2
3,2023-12-24,7.78,29419.85,33514.93,-2.6,-0.1
3,2023-12-25,7.30,23365.12,33526.47,-2.1,0.1
3,2023-12-26,4.45,13529.62,33542.25,-1.9,2.5
3,2023-12-27,8.03,32400.00,33562.19,-5.9,-3.6
3,2023-12-28,7.61,26232.38,33586.23,-2.4,-0.4
3,2023-12-29,5.57,21217.38,33614.27,-1.0,0.4
3,2023-12-30,6.00,24085.44,33646.26,0.3,1.8
3,2023-12-31,3.70,7187.01,33682.10,2.8,6.2
3,2024-01-01,7.96,32222.03,33721.72,-6.6,-5.3
3,2024-01-02,8.07,25200.00,33765.04,0.2,2.5
3,2024-01-03,3.90,4089.41,33811.96,1.1,2.2
3,2024-01-04,2.82,10767.16,33862.43,-1.2,2.8
3,2024-01-05,7.67,32367.59,33916.33,0.8,2.9
3,2024-01-06,8.41,27393.05,33973.60,-2.0,-0.6
3,2024-01-07,9.29,32375.20,34034.13,-7.6,-4.6
3,2024-01-08,9.46,32382.46,34097.86,-6.6,-4.6
3,2024-01-09,8.36,32305.80,34164.69,-2.1,0.7
3,2024-01-10,8.46,29601.00,34234.54,-8.8,-4.7
3,2024-01-11,9.98,32451.01,34307.32,-6.8,-1.1
3,2024-01-12,5.23,20368.47,34382.94,-3.6,1.5
3,2024-01-13,7.88,32734.11,34461.48,-5.2,-3.9
3,2024-01-14,6.81,24228.02,34543.83,-3.0,1.3
3,2024-01-15,8.84,32362.65,34629.96,-11.3,-8.3
3,2024-01-16,9.91,32976.97,34719.72,-8.2,-3.7
3,2024-01-17,9.15,30430.17,34812.92,0.7,2.7
3,2024-01-18,5.58,21600.00,34909.38,-0.7,4.0
3,2024-01-19,7.66,23289.70,35008.95,-5.1,-4.4
3,2024-01-20,9.13,29228.80,35111.45,-3.3,2.1
3,2024-01-21,0.94,0.00,35216.72,2.2,3.4
3,2024-01-22,1.68,3600.00,35324.58,4.4,7.2
3,2024-01-23,9.50,33731.39,35434.88,-5.1,0.1
3,2024-01-24,9.93,31873.85,35547.45,-6.1,-3.8
3,2024-01-25,8.50,33309.67,35662.15,-5.7,-3.8
3,2024-01-26,9.29,33605.60,35778.81,-3.0,-2.0
3,2024-01-27,9.77,33899.81,35897.27,-2.9,-1.9
3,2024-01-28,10.00,34528.01,36017.40,-3.0,-1.8
3,2024-01-29,10.44,34148.50,36139.03,-2.2,-0.9
3,2024-01-30,9.73,31403.13,36262.04,-3.0,-1.1
3,2024-01-31,7.64,21672.72,36386.27,0.8,2.4
3,2024-02-01,10.85,33168.24,36511.59,-10.2,-4.0
3,2024-02-02,9.31,28822.08,36638.10,-8.4,-6.5
3,2024-02-03,6.09,14157.05,36767.04,-7.3,-4.8
3,2024-02-04,8.54,35364.86,36898.51,-6.0,-4.6
3,2024-02-05,7.70,14882.93,37032.30,-6.0,-2.8
3,2024-02-06,4.50,2680.26,37168.25,-6.9,-4.0
3,2024-02-07,9.02,29903.18,37306.18,-4.1,-0.7
3,2024-02-08,11.09,35362.48,37445.95,-4.7,-3.0
3,2024-02-09,12.39,32060.08,37587.38,-6.2,-4.2
3,2024-02-10,9.78,21600.00,37730.31,-3.1,-1.1
3,2024-02-11,9.21,25590.57,37874.59,-6.0,-4.5
3,2024-02-12,10.57,31518.90,38020.07,-4.6,-0.5
3,2024-02-13,12.20,36145.10,38166.59,3.6,5.2
3,2024-02-14,12.56,32400.00,38314.01,4.4,6.7
3,2024-02-15,3.07,3854.25,38462.17,2.9,10.5
3,2024-02-16,12.68,31900.59,38610.95,-6.7,-5.5
3,2024-02-17,14.58,36925.35,38760.20,-3.9,-1.8
3,2024-02-18,14.31,36567.59,38909.79,2.4,6.8
3,2024-02-19,13.12,25200.00,39059.58,8.8,10.7
3,2024-02-20,9.86,28256.12,39209.44,-5.3,2.9
3,2024-02-21,3.76,0.00,39359.24,-5.6,-4.0
3,2024-02-22,9.84,22732.93,39509.08,-7.2,-6.2
3,2024-02-23,7.88,14894.40,39660.23,-7.4,-5.1
3,2024-02-24,7.79,8280.03,39812.80,-7.2,-5.7
3,2024-02-25,7.15,2453.04,39966.65,-1.3,1.4
3,2024-02-26,3.24,0.00,40121.66,-0.9,-0.3
3,2024-02-27,4.08,6363.29,40277.69,-2.5,-0.4
3,2024-02-28,17.34,36115.92,40434.63,-5.2,-4.2
3,2024-02-29,9.18,8708.38,40592.33,-2.1,1.6
3,2024-03-01,3.79,6637.14,40750.70,-3.1,1.9
3,2024-03-02,17.78,39130.03,40909.59,-10.8,-8.8
3,2024-03-03,10.15,17721.24,41068.90,-5.1,-0.1
3,2024-03-04,17.31,39317.53,41228.52,-7.3,-6.4
3,2024-03-05,13.44,26686.90,41388.31,-5.2,-1.2
3,2024-03-06,9.08,15885.74,41548.18,-3.9,-0.6
3,2024-03-07,9.50,12026.27,41708.00,-6.7,-4.5
3,2024-03-08,7.22,7641.17,41867.66,-3.3,-0.8
3,2024-03-09,5.18,8077.84,42027.05,-4.5,-1.2
3,2024-03-10,12.72,30005.04,42186.06,-5.5,-2.6
3,2024-03-11,13.34,30394.85,42344.57,-0.3,2.8
3,2024-03-12,9.57,18000.00,42502.48,2.1,5.9
3,2024-03-13,16.42,37985.80,42659.89,-4.9,-1.7
3,2024-03-14,13.02,27774.47,42817.95,0.1,2.9
3,2024-03-15,14.81,31643.64,42976.78,1.4,6.2
3,2024-03-16,16.24,38573.61,43136.27,-3.3,-1.2
3,2024-03-17,17.17,39678.29,43296.33,0.3,5.0
3,2024-03-18,18.05,40549.15,43456.84,-5.8,-3.9
3,2024-03-19,18.73,33918.82,43617.72,-4.8,-1.5
3,2024-03-20,4.53,0.00,43778.85,-2.8,-1.8
3,2024-03-21,11.48,10546.98,43940.15,-2.8,-1.3
3,2024-03-22,9.88,10221.43,44101.51,-3.3,-1.6
3,2024-03-23,12.56,20151.63,44262.83,-1.5,2.2
3,2024-03-24,20.28,36094.96,44424.01,2.0,5.5
3,2024-03-25,13.75,26329.44,44584.94,-0.7,5.4
3,2024-03-26,8.92,7200.00,44745.54,-2.3,-0.9
3,2024-03-27,20.19,43004.81,44905.68,-4.7,0.4
3,2024-03-28,18.17,29785.63,45065.28,3.1,9.2
3,2024-03-29,8.70,18872.83,45224.22,7.3,12.6
3,2024-03-30,19.91,42076.31,45382.40,0.4,4.2
3,2024-03-31,22.04,42716.14,45539.72,-1.4,3.2
3,2024-04-01,20.26,43677.09,45696.06,-2.3,-0.4
3,2024-04-02,19.50,44264.93,45851.51,-1.2,2.5
3,2024-04-03,13.46,15641.29,46007.18,5.0,8.9
3,2024-04-04,12.43,30897.53,46163.15,3.1,9.6
3,2024-04-05,20.75,45251.06,46319.34,0.1,2.4
3,2024-04-06,21.06,37484.17,46475.64,7.5,10.8
3,2024-04-07,19.04,42583.93,46631.96,10.8,13.8
3,2024-04-08,15.60,32717.19,46788.19,13.1,15.4
3,2024-04-09,3.84,10373.89,46944.23,0.9,7.0
3,2024-04-10,23.85,45213.81,47099.98,-0.9,3.4
3,2024-04-11,21.20,33982.93,47255.34,7.4,10.6
3,2024-04-12,19.50,46653.35,47410.19,8.9,11.2
3,2024-04-13,22.43,46309.31,47564.42,9.7,12.1
3,2024-04-14,21.18,46800.00,47717.94,11.3,17.2
3,2024-04-15,24.03,45973.23,47870.62,9.1,12.4
3,2024-04-16,19.21,37181.47,48022.35,12.4,15.1
3,2024-04-17,13.79,26219.16,48173.02,10.4,13.2
3,2024-04-18,16.44,30253.43,48322.50,9.6,11.5
3,2024-04-19,11.39,20646.11,48470.67,7.1,10.0
3,2024-04-20,23.28,43200.00,48617.41,3.6,5.9
3,2024-04-21,21.92,46800.00,48762.59,6.3,8.5
3,2024-04-22,21.28,35205.24,48906.28,5.5,7.4
3,2024-04-23,9.82,5754.56,49049.53,8.4,10.3
3,2024-04-24,11.90,13569.15,49192.45,11.4,15.4
3,2024-04-25,15.98,31370.19,49334.91,9.3,15.3
3,2024-04-26,25.09,45334.98,49476.82,12.8,17.4
3,2024-04-27,22.06,44430.72,49618.05,14.7,21.2
3,2024-04-28,23.63,46800.00,49758.49,12.1,20.1
3,2024-04-29,21.19,32898.29,49898.04,7.3,13.5
3,2024-04-30,8.40,4331.04,50036.56,11.6,16.0
3,2024-05-01,22.16,41033.47,50173.94,2.9,5.4
3,2024-05-02,26.58,46800.00,50310.06,6.1,8.8
3,2024-05-03,26.32,46800.00,50444.79,6.3,10.5
3,2024-05-04,25.13,46800.00,50577.99,9.8,13.4
3,2024-05-05,22.56,36000.00,50709.55,13.1,17.0
3,2024-05-06,4.89,0.00,50839.32,15.2,18.8
3,2024-05-07,10.11,15143.38,50967.16,13.6,18.9
3,2024-05-08,14.74,18694.27,51092.94,6.1,7.6
3,2024-05-09,12.63,13588.15,51216.52,4.9,7.2
3,2024-05-10,25.02,40497.48,51337.74,7.7,12.7
3,2024-05-11,24.67,46800.00,51456.46,13.8,21.7
3,2024-05-12,11.09,15653.34,51572.72,16.3,18.3
3,2024-05-13,5.66,10800.00,51687.43,10.3,17.4
3,2024-05-14,27.71,47520.10,51800.68,6.8,9.9
3,2024-05-15,26.78,43853.93,51912.35,12.9,14.7
3,2024-05-16,13.27,18486.12,52022.33,12.2,15.6
3,2024-05-17,21.25,43543.92,52130.52,8.5,11.1
3,2024-05-18,27.24,47988.54,52236.80,9.0,15.6
3,2024-05-19,21.45,31759.15,52341.05,15.1,20.1
3,2024-05-20,7.69,10354.07,52443.16,14.8,17.3
3,2024-05-21,24.69,48522.18,52543.02,6.4,12.0
3,2024-05-22,28.11,48482.76,52640.49,10.7,15.2
3,2024-05-23,27.64,48776.64,52735.47,13.3,19.7
3,2024-05-24,12.48,22613.47,52827.82,11.1,17.7
3,2024-05-25,25.77,49371.74,52917.43,5.0,8.6
3,2024-05-26,24.72,36934.02,53004.16,11.2,15.1
3,2024-05-27,12.87,19510.08,53087.90,17.1,21.0
3,2024-05-28,8.27,3600.00,53168.51,12.6,14.5
3,2024-05-29,23.29,43981.21,53245.86,9.1,12.5
3,2024-05-30,19.61,32400.00,53319.83,14.1,16.6
3,2024-05-31,5.19,0.00,53390.30,12.6,14.3
3,2024-06-01,15.59,25570.15,53457.23,10.7,11.9
3,2024-06-02,11.57,6699.43,53521.20,12.0,13.0
3,2024-06-03,6.45,2132.50,53582.27,13.0,14.1
3,2024-06-04,14.68,20940.71,53640.37,12.2,13.2
3,2024-06-05,20.76,40447.29,53695.44,12.2,13.8
3,2024-06-06,21.22,35776.15,53747.43,12.0,14.6
3,2024-06-07,24.56,48362.64,53796.29,15.6,17.7
3,2024-06-08,23.44,43026.73,53841.95,16.9,19.4
3,2024-06-09,20.55,39290.24,53884.37,17.4,19.5
3,2024-06-10,19.66,40320.06,53923.48,17.3,20.7
3,2024-06-11,24.80,49664.81,53959.24,17.5,19.9
3,2024-06-12,26.20,49311.91,53991.60,19.8,23.1
3,2024-06-13,24.18,48663.14,54020.50,20.7,24.3
3,2024-06-14,18.50,36614.61,54045.90,17.6,20.8
3,2024-06-15,22.85,46094.73,54067.75,18.4,22.8
3,2024-06-16,24.60,46270.23,54086.00,19.2,22.7
3,2024-06-17,26.88,45294.29,54100.61,13.6,17.3
3,2024-06-18,21.05,42151.76,54111.53,17.8,21.3
3,2024-06-19,23.50,51602.39,54118.73,16.4,19.6
3,2024-06-20,27.19,50884.94,54122.16,17.5,20.2
3,2024-06-21,20.83,35977.56,54121.79,19.6,21.1
3,2024-06-22,19.78,31175.39,54117.56,20.3,21.3
3,2024-06-23,18.12,23028.13,54109.54,18.7,20.7
3,2024-06-24,15.56,23154.46,54097.75,20.2,23.0
3,2024-06-25,14.27,22509.69,54082.26,19.6,23.0
3,2024-06-26,25.41,51140.87,54063.11,13.5,15.0
3,2024-06-27,24.41,51829.04,54040.35,16.5,20.3
3,2024-06-28,24.70,45546.02,54014.05,17.8,20.0
3,2024-06-29,26.56,52377.08,53984.25,19.7,22.0
3,2024-06-30,16.06,18917.33,53951.01,21.6,23.4
3,2024-07-01,24.40,51595.86,53914.39,14.8,20.6
3,2024-07-02,28.07,44989.70,53874.46,11.1,13.1
3,2024-07-03,16.79,25415.81,53831.27,17.8,21.6
3,2024-07-04,24.20,49305.10,53784.88,19.2,21.6
3,2024-07-05,19.18,34633.81,53735.37,21.2,24.8
3,2024-07-06,22.17,36000.00,53682.78,22.0,25.4
3,2024-07-07,19.05,34952.53,53627.18,23.6,25.8
3,2024-07-08,18.76,26832.38,53568.64,21.7,23.2
3,2024-07-09,6.65,4341.98,53507.23,21.4,23.3
3,2024-07-10,12.10,15616.93,53443.01,21.2,22.7
3,2024-07-11,17.40,38538.59,53375.91,20.0,21.9
3,2024-07-12,21.63,50904.26,53305.34,20.3,22.3
3,2024-07-13,25.86,47296.48,53231.29,19.1,21.6
3,2024-07-14,20.70,26765.13,53153.90,20.8,21.6
3,2024-07-15,23.20,47641.55,53073.31,21.4,22.2
3,2024-07-16,22.51,41590.84,52989.62,21.5,23.1
3,2024-07-17,18.57,42011.72,52903.00,22.1,23.5
3,2024-07-18,20.99,39323.61,52813.55,23.1,24.5
3,2024-07-19,9.91,6339.02,52721.41,25.3,27.8
3,2024-07-20,18.25,38573.65,52626.70,24.0,27.3
3,2024-07-21,24.08,48201.51,52529.55,24.7,27.5
3,2024-07-22,25.60,48876.47,52430.08,22.6,25.4
3,2024-07-23,12.90,21810.08,52328.42,23.7,27.1
3,2024-07-24,9.63,15258.22,52224.69,20.6,23.6
3,2024-07-25,12.91,10601.24,52118.99,22.4,23.9
3,2024-07-26,8.03,1058.39,52011.46,21.4,21.9
3,2024-07-27,5.80,0.00,51902.20,21.8,23.9
3,2024-07-28,10.16,10072.26,51791.33,24.4,26.2
3,2024-07-29,13.36,30426.36,51678.96,23.9,27.0
3,2024-07-30,22.26,45492.12,51565.21,22.7,24.4
3,2024-07-31,14.98,31193.14,51449.99,21.8,23.0
3,2024-08-01,12.82,24740.79,51332.37,21.9,23.9
3,2024-08-02,24.99,47170.81,51212.33,23.7,25.5
3,2024-08-03,22.71,46878.82,51090.00,25.4,26.6
3,2024-08-04,19.17,35007.90,50965.53,25.0,26.5
3,2024-08-05,13.67,22559.86,50839.06,24.2,25.0
3,2024-08-06,18.92,42014.79,50710.73,23.7,24.8
3,2024-08-07,19.19,46293.10,50580.65,24.1,24.8
3,2024-08-08,19.89,45671.43,50448.98,22.8,24.5
3,2024-08-09,22.38,39600.00,50315.84,23.0,24.1
3,2024-08-10,18.72,32400.00,50181.36,22.8,23.5
3,2024-08-11,4.85,0.00,50045.65,23.3,24.5
3,2024-08-12,7.21,8236.55,49908.85,24.8,26.7
3,2024-08-13,18.61,41510.92,49771.06,25.6,27.0
3,2024-08-14,13.02,23168.87,49632.41,25.1,26.7
3,2024-08-15,11.30,13663.20,49493.01,23.8,24.6
3,2024-08-16,10.33,11551.68,49352.96,23.9,24.3
3,2024-08-17,7.08,2010.57,49212.40,21.9,23.2
3,2024-08-18,16.02,35075.68,49071.40,21.4,23.1
3,2024-08-19,18.79,41901.13,48930.09,22.2,23.1
3,2024-08-20,9.27,3901.15,48788.38,21.3,21.9
3,2024-08-21,15.66,32712.93,48645.24,21.0,22.5
3,2024-08-22,15.72,27795.76,48500.62,23.7,25.0
3,2024-08-23,17.78,41842.35,48354.62,25.3,28.0
3,2024-08-24,20.02,45472.28,48207.37,23.9,27.0
3,2024-08-25,15.79,28800.00,48058.98,23.1,24.3
3,2024-08-26,17.01,38682.14,47909.56,24.1,25.5
3,2024-08-27,13.71,23552.14,47759.24,24.8,26.5
3,2024-08-28,9.31,7736.93,47608.12,22.4,23.8
3,2024-08-29,7.79,2175.51,47456.30,23.4,25.6
3,2024-08-30,6.95,1934.11,47303.88,23.6,25.7
3,2024-08-31,11.05,20566.99,47150.98,23.4,26.8
3,2024-09-01,14.66,38083.47,46997.69,22.0,23.5
3,2024-09-02,7.55,7469.58,46844.11,20.0,24.1
3,2024-09-03,18.49,46149.78,46690.35,17.5,21.0
3,2024-09-04,18.98,43459.58,46536.49,19.2,20.7
3,2024-09-05,20.22,36535.21,46382.65,21.7,24.4
3,2024-09-06,16.25,35382.16,46228.90,19.3,22.0
3,2024-09-07,19.27,42310.10,46075.34,19.9,21.4
3,2024-09-08,19.21,45384.93,45922.06,16.8,19.2
3,2024-09-09,20.03,45232.44,45768.98,17.7,20.5
3,2024-09-10,20.35,41240.42,45615.05,23.3,25.9
3,2024-09-11,18.24,37386.34,45460.20,22.9,24.2
3,2024-09-12,13.03,36891.32,45304.52,19.5,21.3
3,2024-09-13,17.48,32679.20,45148.12,19.4,22.5
3,2024-09-14,8.23,16450.36,44991.08,19.5,22.6
3,2024-09-15,8.90,19255.90,44833.52,18.9,24.2
3,2024-09-16,20.69,39600.00,44675.53,15.4,19.8
3,2024-09-17,13.44,32341.78,44517.20,17.8,20.3
3,2024-09-18,9.52,18891.03,44358.63,18.3,19.7
3,2024-09-19,18.43,32400.00,44199.91,17.9,20.4
3,2024-09-20,14.92,30334.50,44041.14,17.0,22.4
3,2024-09-21,2.34,0.00,43882.41,13.5,15.7
3,2024-09-22,3.31,2023.15,43723.81,15.5,17.3
3,2024-09-23,8.85,16872.97,43565.45,12.3,13.6
3,2024-09-24,17.12,40136.52,43407.41,10.3,13.0
3,2024-09-25,9.89,15981.51,43249.78,16.0,18.9
3,2024-09-26,7.98,17001.02,43092.67,18.9,20.4
3,2024-09-27,15.51,39600.00,42936.16,18.8,21.0
3,2024-09-28,14.10,37392.01,42780.35,15.8,17.2
3,2024-09-29,11.40,30146.99,42625.14,15.0,16.9
3,2024-09-30,17.14,39462.24,42469.42,14.7,17.8
3,2024-10-01,16.73,39744.96,42313.13,17.9,20.2
3,2024-10-02,13.44,25259.60,42156.34,15.6,20.3
3,2024-10-03,5.32,5459.08,41999.17,15.4,18.0
3,2024-10-04,5.51,11074.39,41841.72,17.0,19.1
3,2024-10-05,13.59,37308.22,41684.11,13.4,15.1
3,2024-10-06,8.44,18721.42,41526.43,16.4,18.0
3,2024-10-07,2.94,0.00,41368.79,13.8,18.5
3,2024-10-08,6.96,7200.00,41211.31,13.7,14.6
3,2024-10-09,5.30,194.39,41054.07,12.4,13.3
3,2024-10-10,10.07,25042.49,40897.22,10.8,12.9
3,2024-10-11,6.62,20031.15,40740.83,9.6,12.3
3,2024-10-12,15.99,39200.93,40585.04,10.8,12.9
3,2024-10-13,14.82,39108.05,40429.96,8.6,13.8
3,2024-10-14,15.02,33988.27,40275.69,10.9,13.8
3,2024-10-15,11.00,19017.21,40122.37,16.7,19.0
3,2024-10-16,6.22,18494.72,39970.09,12.7,18.9
3,2024-10-17,15.27,38748.24,39819.00,10.3,13.1
3,2024-10-18,12.37,29113.32,39669.20,17.1,19.9
3,2024-10-19,7.66,16873.34,39520.62,8.8,21.0
3,2024-10-20,11.33,34863.57,39372.01,0.9,2.8
3,2024-10-21,14.57,37929.57,39223.29,8.6,12.5
3,2024-10-22,11.64,23213.50,39074.59,15.8,17.8
3,2024-10-23,5.14,14757.25,38926.02,16.5,21.1
3,2024-10-24,13.70,37126.67,38777.72,10.6,12.1
3,2024-10-25,13.68,36257.89,38629.82,8.7,10.4
3,2024-10-26,12.68,36823.97,38482.45,8.8,12.2
3,2024-10-27,10.27,24864.08,38335.75,12.7,15.2
3,2024-10-28,7.87,25570.88,38189.85,5.1,11.2
3,2024-10-29,12.70,28800.00,38044.91,5.9,11.7
3,2024-10-30,2.59,6847.75,37901.05,10.0,13.4
3,2024-10-31,11.84,33654.38,37758.43,6.8,8.8
3,2024-11-01,9.48,18494.00,37617.20,10.4,11.9
3,2024-11-02,3.13,6639.32,37477.50,10.3,13.2
3,2024-11-03,10.89,35369.81,37339.50,3.6,5.2
3,2024-11-04,12.33,35300.35,37203.35,8.5,11.4
3,2024-11-05,9.84,25786.98,37069.21,1.1,4.0
3,2024-11-06,6.35,13002.27,36937.25,2.1,4.1
3,2024-11-07,10.62,33409.34,36807.63,-1.3,0.2
3,2024-11-08,9.99,31321.93,36680.30,1.0,4.4
3,2024-11-09,10.68,34096.20,36553.98,3.4,5.9
3,2024-11-10,11.24,34884.52,36428.59,6.5,9.6
3,2024-11-11,9.17,25578.00,36304.26,6.0,10.6
3,2024-11-12,6.51,17427.27,36181.15,5.3,9.1
3,2024-11-13,8.59,34278.27,36059.38,-0.6,0.3
3,2024-11-14,9.83,28800.00,35939.13,3.5,7.4
3,2024-11-15,7.36,22996.59,35820.52,5.4,8.5
3,2024-11-16,10.76,32400.00,35703.73,8.3,12.5
3,2024-11-17,7.22,24478.74,35588.89,7.4,14.8
3,2024-11-18,8.72,33134.24,35476.19,-4.8,-3.0
3,2024-11-19,8.39,31781.92,35365.77,-4.0,-2.2
3,2024-11-20,9.84,32870.57,35257.80,-1.8,2.6
3,2024-11-21,8.50,32400.00,35152.45,3.8,6.8
3,2024-11-22,7.88,31505.87,35049.88,2.1,5.5
3,2024-11-23,7.26,31308.66,34950.28,0.3,2.4
3,2024-11-24,7.07,28811.25,34853.81,-2.0,-0.3
3,2024-11-25,8.94,30589.62,34760.65,-2.0,-1.0
3,2024-11-26,9.24,31608.64,34670.96,7.6,11.5
3,2024-11-27,6.19,23175.91,34584.95,6.8,12.3
3,2024-11-28,8.34,32400.00,34502.59,1.5,3.7
3,2024-11-29,8.63,32398.90,34422.93,-2.3,0.8
3,2024-11-30,8.37,32400.00,34345.89,-2.7,-1.5
3,2024-12-01,9.10,32400.00,34271.57,-3.5,-1.3
3,2024-12-02,9.25,32103.59,34200.07,0.3,4.8
3,2024-12-03,4.79,15596.64,34131.48,3.3,6.6
3,2024-12-04,3.06,14210.93,34065.91,-1.4,3.5
3,2024-12-05,7.91,32400.00,34003.47,-1.5,-0.1
3,2024-12-06,4.14,15303.65,33944.24,-3.4,3.3
3,2024-12-07,9.05,32400.00,33888.34,-6.3,-3.3
3,2024-12-08,7.88,28800.00,33835.86,-5.1,-3.5
3,2024-12-09,8.07,29438.43,33786.90,-3.8,-3.2
3,2024-12-10,7.09,32089.29,33741.57,-2.2,-0.5
3,2024-12-11,8.05,32400.00,33699.95,-6.3,-2.1
3,2024-12-12,7.65,32400.00,33662.16,-6.5,-4.4
3,2024-12-13,8.06,32400.00,33628.27,-4.7,-3.1
3,2024-12-14,7.12,31963.45,33598.40,-6.2,-4.3
3,2024-12-15,6.30,26637.48,33572.64,-5.3,-0.2
3,2024-12-16,8.74,32400.00,33551.07,-6.6,-5.2
3,2024-12-17,7.90,32400.00,33533.78,-7.0,-5.0
3,2024-12-18,6.63,24942.72,33520.83,-8.1,-5.5
3,2024-12-19,8.87,32400.00,33512.03,-5.6,-3.2
3,2024-12-20,5.62,24121.45,33507.30,-2.8,1.3
3,2024-12-21,4.11,18000.00,33506.61,0.5,2.0
3,2024-12-22,7.78,32400.00,33509.95,-6.1,-1.6
3,2024-12-23,8.46,32400.00,33517.25,-7.6,-6.6
3,2024-12-24,8.09,30887.86,33528.49,-6.4,-4.0
3,2024-12-25,7.05,31999.61,33543.63,-2.9,1.2
3,2024-12-26,5.71,18611.91,33562.63,-4.1,2.1
3,2024-12-27,7.45,31175.18,33585.44,-7.4,-5.8
3,2024-12-28,6.70,29611.91,33612.02,-6.7,-5.8
3,2024-12-29,4.85,19861.52,33642.31,-7.0,-5.4
3,2024-12-30,7.05,27406.48,33676.28,-3.6,-0.3
3,2024-12-31,5.10,16436.70,33713.87,-1.5,2.9
3,2025-01-01,8.42,32369.18,33755.03,-5.0,-3.6
3,2025-01-02,8.71,32364.62,33799.71,-7.0,-5.4
3,2025-01-03,9.53,32362.51,33847.85,-8.6,-7.8
3,2025-01-04,6.90,28762.91,33899.40,-7.5,-5.8
3,2025-01-05,7.36,24505.73,33954.32,-5.4,-2.4
3,2025-01-06,8.22,21600.00,34012.52,-0.5,2.9
3,2025-01-07,5.90,21579.67,34074.11,-0.4,3.8
3,2025-01-08,9.08,32390.12,34139.76,-6.6,-5.4
3,2025-01-09,7.94,32400.00,34209.46,-9.3,-7.1
3,2025-01-10,9.57,30946.36,34283.04,-4.8,-2.3
3,2025-01-11,8.70,32431.01,34360.35,-4.7,-2.2
3,2025-01-12,7.16,28062.23,34441.23,-2.6,0.4
3,2025-01-13,8.98,32710.43,34525.53,-4.7,-2.9
3,2025-01-14,8.38,27207.48,34613.08,-4.7,-0.9
3,2025-01-15,6.78,21202.60,34703.72,-8.5,-6.8
3,2025-01-16,6.27,23411.34,34797.32,-6.9,-4.0
3,2025-01-17,6.50,22757.43,34893.71,-9.2,-8.1
3,2025-01-18,6.77,27365.13,34992.74,-6.3,-4.0
3,2025-01-19,10.12,32718.89,35094.26,-5.1,-2.9
3,2025-01-20,9.39,32455.23,35198.13,-0.1,0.9
3,2025-01-21,5.81,21024.89,35304.20,1.7,3.4
3,2025-01-22,6.09,19065.10,35412.33,-1.4,2.5
3,2025-01-23,7.53,19943.05,35522.37,-1.3,2.4
3,2025-01-24,9.62,33994.57,35634.20,-4.2,-1.6
3,2025-01-25,10.25,28800.00,35747.66,-1.2,2.2
3,2025-01-26,4.28,6235.70,35862.63,-1.1,0.7
3,2025-01-27,10.63,33869.11,35979.20,-5.7,-1.5
3,2025-01-28,9.03,30759.38,36098.58,-2.5,0.1
3,2025-01-29,11.11,34979.48,36220.81,-4.0,-2.9
3,2025-01-30,10.55,32864.78,36345.71,-6.0,-3.9
3,2025-01-31,7.11,24872.95,36473.10,-6.3,-5.4
3,2025-02-01,8.29,27225.62,36602.80,-6.5,-5.6
3,2025-02-02,12.18,31671.69,36734.64,-8.2,-6.0
3,2025-02-03,7.37,16062.67,36868.46,-2.1,1.0
3,2025-02-04,12.34,35419.44,37004.08,-9.7,-2.8
3,2025-02-05,12.95,35493.46,37141.34,-11.7,-9.5
3,2025-02-06,12.25,35567.49,37280.07,-9.7,-7.3
3,2025-02-07,11.24,35664.42,37420.13,-12.2,-8.4
3,2025-02-08,13.51,35715.31,37561.36,-8.0,-4.8
3,2025-02-09,12.99,34608.10,37703.62,-7.0,-6.0
3,2025-02-10,12.64,33588.54,37846.74,-7.5,-7.1
3,2025-02-11,12.46,35935.44,37990.59,-7.6,-5.9
3,2025-02-12,6.13,8612.72,38135.02,-2.0,2.4
3,2025-02-13,10.51,28915.01,38279.89,-6.8,-0.0
3,2025-02-14,13.30,36391.58,38425.07,-7.1,-5.9
3,2025-02-15,14.09,36000.00,38570.42,-5.8,-3.4
3,2025-02-16,13.60,36000.00,38716.04,-1.2,1.7
3,2025-02-17,10.56,22496.60,38863.24,-6.0,0.1
3,2025-02-18,15.09,33566.23,39012.08,-11.8,-9.7
3,2025-02-19,13.37,37433.97,39162.45,-7.0,-5.8
3,2025-02-20,13.94,37387.44,39314.20,-7.2,-4.7
3,2025-02-21,12.11,33329.93,39467.17,-6.3,-2.4
3,2025-02-22,13.62,35850.31,39621.24,-6.9,-5.8
3,2025-02-23,14.69,38481.43,39776.28,-9.3,-7.5
3,2025-02-24,14.40,38569.58,39932.15,-6.8,-4.9
3,2025-02-25,16.16,37767.01,40088.73,-3.1,-0.0
3,2025-02-26,14.83,36956.48,40245.88,-6.1,0.5
3,2025-02-27,11.81,34947.35,40403.49,-5.3,0.2
3,2025-02-28,15.29,38929.95,40561.43,-2.2,2.0
3,2025-03-01,15.90,35496.14,40719.57,-0.5,1.9
3,2025-03-02,11.13,24616.47,40877.80,-2.8,3.6
3,2025-03-03,7.89,5517.71,41036.00,-8.4,-7.6
3,2025-03-04,11.56,22658.77,41194.04,-5.1,0.1
3,2025-03-05,1.76,0.00,41351.82,3.1,4.2
3,2025-03-06,3.74,7227.32,41509.20,-0.1,3.2
3,2025-03-07,16.88,39685.57,41666.10,-8.2,-5.6
3,2025-03-08,15.35,34985.44,41822.59,-6.3,-4.1
3,2025-03-09,16.25,39130.39,41979.88,-2.7,-1.1
3,2025-03-10,18.42,40216.79,42138.06,-4.1,-2.0
3,2025-03-11,18.19,40183.39,42297.05,-0.7,2.2
3,2025-03-12,16.04,33045.75,42456.72,3.6,9.6
3,2025-03-13,18.28,40720.56,42616.98,-2.7,5.9
3,2025-03-14,17.24,38357.84,42777.71,-4.3,-3.3
3,2025-03-15,11.46,24256.05,42938.82,-3.8,-1.0
3,2025-03-16,2.39,0.00,43100.20,1.6,2.7
3,2025-03-17,6.23,3686.33,43261.75,-0.8,0.4
3,2025-03-18,8.36,13505.67,43423.37,-2.5,0.0
3,2025-03-19,7.03,7222.82,43584.95,-2.6,0.8
3,2025-03-20,14.46,27336.96,43746.38,-2.0,0.8
3,2025-03-21,15.65,33476.66,43907.58,3.1,6.0
3,2025-03-22,18.48,40130.07,44068.43,2.2,6.0
3,2025-03-23,20.97,42347.77,44228.83,-3.6,-0.5
3,2025-03-24,19.11,35543.61,44388.67,4.2,6.8
3,2025-03-25,19.08,38822.93,44547.86,6.7,9.3
3,2025-03-26,11.33,14873.74,44706.29,0.4,5.9
3,2025-03-27,13.91,22737.54,44863.84,8.1,11.1
3,2025-03-28,6.58,4123.96,45020.62,3.7,13.8
3,2025-03-29,12.96,29573.36,45177.71,-4.7,-0.4
3,2025-03-30,18.24,42246.11,45335.24,-7.1,-1.6
3,2025-03-31,19.79,42324.34,45493.11,-6.4,-2.8
3,2025-04-01,11.82,13817.90,45651.20,2.4,5.2
3,2025-04-02,2.44,0.00,45809.44,4.6,5.5
3,2025-04-03,5.92,7718.62,45967.72,2.6,3.2
3,2025-04-04,10.94,18451.09,46125.94,1.0,2.2
3,2025-04-05,19.72,38556.11,46283.99,1.0,3.3
3,2025-04-06,17.60,37224.63,46441.80,8.4,12.8
3,2025-04-07,18.00,44975.67,46599.23,3.0,7.8
3,2025-04-08,14.27,23863.34,46756.20,5.1,7.2
3,2025-04-09,18.16,40564.63,46912.60,2.7,4.9
3,2025-04-10,17.20,42654.07,47068.31,5.6,9.4
3,2025-04-11,15.83,26444.71,47223.24,9.1,10.4
3,2025-04-12,14.94,25200.00,47377.27,7.0,8.3
3,2025-04-13,5.32,0.00,47530.28,8.9,9.7
3,2025-04-14,4.49,1515.81,47682.16,7.1,12.1
3,2025-04-15,10.14,13523.28,47832.79,5.4,7.5
3,2025-04-16,19.86,46800.00,47982.06,0.2,4.1
3,2025-04-17,21.54,33493.13,48130.03,6.2,10.3
3,2025-04-18,13.49,26888.25,48277.78,11.5,13.0
3,2025-04-19,21.99,29459.02,48425.40,8.1,15.3
3,2025-04-20,18.08,41992.62,48572.78,8.1,15.6
3,2025-04-21,20.06,46800.00,48719.83,3.7,5.8
3,2025-04-22,20.57,30583.34,48866.42,6.6,12.3
3,2025-04-23,13.74,26170.03,49012.46,10.0,13.4
3,2025-04-24,8.87,7221.43,49157.82,7.8,9.2
3,2025-04-25,19.87,37252.12,49302.39,5.2,11.2
3,2025-04-26,22.31,43200.00,49446.06,1.0,3.6
3,2025-04-27,19.63,26989.84,49588.70,6.5,9.7
3,2025-04-28,12.59,11144.54,49730.20,7.1,8.2
3,2025-04-29,6.27,2834.73,49870.42,6.5,9.8
3,2025-04-30,21.44,46800.00,50009.24,4.4,7.0
3,2025-05-01,24.64,46666.50,50146.54,9.6,11.2
3,2025-05-02,17.27,21600.00,50282.17,11.1,11.8
3,2025-05-03,20.49,41838.99,50415.99,7.2,9.9
3,2025-05-04,23.04,43715.94,50547.89,6.0,8.8
3,2025-05-05,22.59,32400.00,50677.70,5.1,7.7
3,2025-05-06,3.90,0.00,50805.28,9.2,10.2
3,2025-05-07,10.22,14760.57,50930.68,6.7,9.5
3,2025-05-08,25.86,46818.33,51054.88,5.6,9.2
3,2025-05-09,21.38,32213.40,51177.96,11.7,13.7
3,2025-05-10,11.81,23714.88,51299.80,14.5,17.2
3,2025-05-11,15.60,25035.04,51420.29,8.9,13.3
3,2025-05-12,10.37,14764.69,51539.33,10.6,13.0
3,2025-05-13,26.21,46800.00,51656.78,11.9,16.6
3,2025-05-14,21.84,42346.53,51772.54,12.7,15.3
3,2025-05-15,23.29,39115.24,51886.48,15.6,19.0
3,2025-05-16,21.32,42289.60,51998.47,17.1,20.0
3,2025-05-17,11.35,19056.47,52108.39,16.9,19.7
3,2025-05-18,21.40,41149.45,52216.12,11.5,21.6
3,2025-05-19,24.71,36000.00,52321.53,8.1,14.4
3,2025-05-20,20.92,36737.06,52424.47,10.2,16.8
3,2025-05-21,10.77,10883.04,52524.82,12.9,13.8
3,2025-05-22,9.71,20019.13,52622.45,9.6,12.2
3,2025-05-23,20.97,37367.73,52717.21,9.8,11.0
3,2025-05-24,6.56,785.14,52808.98,11.2,12.1
3,2025-05-25,6.07,8089.97,52897.60,10.1,11.7
3,2025-05-26,23.83,44707.80,52982.95,8.1,10.3
3,2025-05-27,23.41,42245.51,53065.00,12.1,14.3
3,2025-05-28,25.04,49285.63,53144.47,12.5,14.8
3,2025-05-29,24.79,38663.00,53221.39,14.8,17.1
3,2025-05-30,13.38,13165.89,53295.69,14.0,16.8
3,2025-05-31,5.33,0.00,53367.30,9.5,11.1
3,2025-06-01,12.60,27435.11,53436.14,9.0,11.9
3,2025-06-02,27.23,47487.64,53502.12,12.6,15.2
3,2025-06-03,18.15,22395.95,53565.18,14.7,17.7
3,2025-06-04,19.70,46301.55,53625.23,12.3,18.1
3,2025-06-05,23.56,49762.04,53682.19,11.3,14.3
3,2025-06-06,23.91,41147.23,53735.99,15.4,20.6
3,2025-06-07,26.65,47863.57,53786.56,16.7,21.4
3,2025-06-08,24.59,51747.39,53833.81,16.2,20.1
3,2025-06-09,26.54,49014.16,53877.67,16.4,19.6
3,2025-06-10,22.96,26746.41,53918.06,18.9,20.7
3,2025-06-11,12.57,17950.50,53954.92,17.3,22.4
3,2025-06-12,23.41,52040.16,53988.17,12.8,14.2
3,2025-06-13,27.39,47298.89,54017.73,15.3,18.2
3,2025-06-14,16.78,18495.49,54043.55,18.6,20.8
3,2025-06-15,23.96,43428.60,54065.54,19.0,20.5
3,2025-06-16,18.89,32520.70,54083.68,20.3,22.9
3,2025-06-17,26.06,48939.83,54098.09,20.5,25.5
3,2025-06-18,23.18,50635.09,54108.82,20.7,23.4
3,2025-06-19,24.57,50955.72,54115.89,20.6,22.5
3,2025-06-20,23.65,48031.42,54119.31,21.5,23.3
3,2025-06-21,21.25,38212.42,54119.11,23.4,25.6
3,2025-06-22,9.85,7127.75,54115.31,21.3,24.4
3,2025-06-23,12.34,2688.89,54107.94,20.1,22.1
3,2025-06-24,20.33,43955.54,54097.02,21.0,24.1
3,2025-06-25,21.11,39019.48,54082.58,23.3,25.1
3,2025-06-26,14.77,20521.56,54064.66,21.9,26.6
3,2025-06-27,25.77,49804.12,54043.28,19.0,21.7
3,2025-06-28,27.71,52022.63,54018.48,18.4,20.5
3,2025-06-29,26.19,39757.40,53990.29,20.1,22.3
3,2025-06-30,13.66,15773.61,53958.76,22.1,24.5
3,2025-07-01,18.54,38644.30,53923.90,23.8,26.1
3,2025-07-02,20.69,42720.26,53885.78,23.9,26.5
3,2025-07-03,18.27,31688.60,53844.42,24.8,27.3
3,2025-07-04,11.80,11677.53,53799.86,24.6,27.8
3,2025-07-05,22.72,45424.47,53752.15,22.6,25.8
3,2025-07-06,22.30,51065.11,53701.24,23.9,25.5
3,2025-07-07,23.87,47182.62,53646.64,24.4,25.3
3,2025-07-08,23.49,47564.91,53588.37,23.2,25.4
3,2025-07-09,22.76,42756.49,53526.54,20.2,21.7
3,2025-07-10,19.09,36559.89,53461.28,16.8,18.2
3,2025-07-11,15.46,24126.57,53392.70,14.8,15.7
3,2025-07-12,14.71,24737.64,53320.92,15.5,18.3
3,2025-07-13,27.99,50742.70,53246.06,19.2,22.8
3,2025-07-14,18.05,24119.06,53168.22,22.7,23.9
3,2025-07-15,7.20,6837.11,53087.53,24.3,26.5
3,2025-07-16,18.86,34181.56,53004.11,25.1,27.7
3,2025-07-17,14.95,28412.93,52918.06,26.0,28.9
3,2025-07-18,19.86,36000.00,52829.51,25.4,28.9
3,2025-07-19,20.85,38541.90,52738.56,24.4,26.8
3,2025-07-20,22.28,47907.42,52645.32,24.8,28.9
3,2025-07-21,22.71,49185.63,52549.91,25.3,28.1
3,2025-07-22,23.29,48871.30,52452.44,24.9,29.4
3,2025-07-23,22.31,48558.98,52353.00,23.6,26.0
3,2025-07-24,21.48,47983.75,52251.71,23.6,26.1
3,2025-07-25,25.56,44340.50,52148.68,23.0,26.2
3,2025-07-26,8.41,3600.00,52043.83,22.6,24.7
3,2025-07-27,10.09,3988.12,51936.30,23.1,25.8
3,2025-07-28,21.78,47771.96,51826.05,23.7,26.2
3,2025-07-29,24.76,46205.88,51713.22,23.5,25.2
3,2025-07-30,25.05,48053.47,51597.98,23.2,24.8
3,2025-07-31,25.61,45100.17,51480.46,22.1,23.8
3,2025-08-01,22.97,36981.83,51360.79,23.9,25.3
3,2025-08-02,16.71,22635.98,51239.12,24.9,25.6
3,2025-08-03,20.58,46642.30,51115.57,24.6,25.5
3,2025-08-04,21.43,38615.81,50990.30,25.9,28.5
3,2025-08-05,17.62,38317.22,50863.41,24.7,27.3
3,2025-08-06,15.09,22504.14,50735.04,23.8,25.1
3,2025-08-07,13.77,32516.62,50605.31,22.6,25.4
3,2025-08-08,22.46,47034.51,50474.36,19.6,20.9
3,2025-08-09,21.68,46800.00,50342.29,20.9,22.2
3,2025-08-10,16.87,34638.35,50209.22,22.5,23.5
3,2025-08-11,15.56,32060.83,50075.27,23.4,24.5
3,2025-08-12,11.06,21658.49,49940.55,22.3,24.7
3,2025-08-13,23.94,43200.00,49805.17,19.8,22.1
3,2025-08-14,20.10,39469.49,49669.25,22.3,25.3
3,2025-08-15,23.03,46800.00,49532.69,20.0,25.0
3,2025-08-16,25.45,46364.45,49394.49,17.6,21.2
3,2025-08-17,22.66,40946.22,49254.59,22.0,23.3
3,2025-08-18,23.48,46800.00,49113.10,19.5,23.4
3,2025-08-19,18.77,43123.21,48970.17,21.7,23.9
3,2025-08-20,13.01,26652.23,48825.92,23.9,26.5
3,2025-08-21,19.91,45397.41,48680.45,17.5,20.6
3,2025-08-22,19.09,39145.31,48533.89,20.9,23.2
3,2025-08-23,15.49,31108.53,48386.35,23.0,24.7
3,2025-08-24,14.07,31998.56,48237.96,21.8,23.9
3,2025-08-25,18.35,46616.57,48088.81,22.7,24.3
3,2025-08-26,19.50,46796.23,47939.02,25.0,27.5
3,2025-08-27,14.40,35939.22,47788.69,20.5,26.8
3,2025-08-28,20.35,34978.56,47637.93,18.5,20.4
3,2025-08-29,9.91,14762.47,47486.85,21.6,24.4
3,2025-08-30,20.35,46568.49,47335.53,21.2,24.1
3,2025-08-31,18.09,41726.43,47184.08,21.4,24.0
3,2025-09-01,8.59,14990.23,47032.61,24.4,27.5
3,2025-09-02,15.87,39340.26,46881.20,23.2,25.3
3,2025-09-03,20.41,46188.93,46729.95,18.2,21.3
3,2025-09-04,16.33,29545.81,46578.78,20.4,22.4
3,2025-09-05,7.55,14783.44,46426.63,19.8,23.0
3,2025-09-06,21.23,45734.95,46273.45,19.5,21.4
3,2025-09-07,8.22,5407.12,46119.32,22.8,25.1
3,2025-09-08,12.01,30579.74,45964.36,19.6,23.0
3,2025-09-09,11.42,16719.57,45808.67,22.1,23.8
3,2025-09-10,12.14,18245.00,45652.33,20.6,21.0
3,2025-09-11,8.00,11014.50,45495.47,18.3,21.6
3,2025-09-12,20.02,34904.59,45338.17,17.9,19.1
3,2025-09-13,7.90,14400.00,45180.52,21.4,22.4
3,2025-09-14,19.83,43169.53,45022.63,16.7,19.6
3,2025-09-15,17.06,42945.76,44864.59,19.7,22.8
3,2025-09-16,18.74,33419.70,44706.49,19.6,24.0
3,2025-09-17,13.72,26729.14,44548.43,20.2,23.1
3,2025-09-18,8.62,23589.26,44390.50,14.6,18.4
3,2025-09-19,18.76,32668.39,44232.79,12.1,14.4
3,2025-09-20,5.12,8515.10,44075.40,17.5,20.3
3,2025-09-21,17.70,40711.29,43918.41,12.8,14.1
3,2025-09-22,18.24,37896.63,43761.92,12.3,14.6
3,2025-09-23,18.25,39600.00,43606.03,12.9,14.7
3,2025-09-24,18.51,36000.00,43450.62,12.8,15.7
3,2025-09-25,3.50,7760.18,43294.63,17.9,20.0
3,2025-09-26,18.55,39889.13,43137.97,14.2,15.9
3,2025-09-27,14.85,39919.05,42980.74,12.7,14.9
3,2025-09-28,16.52,28800.00,42823.05,16.8,18.7
3,2025-09-29,8.47,23803.79,42664.98,14.9,19.0
3,2025-09-30,16.20,33639.99,42506.64,15.1,17.9
3,2025-10-01,7.57,10597.07,42348.14,16.8,19.4
3,2025-10-02,16.45,39600.00,42189.58,15.1,17.4
3,2025-10-03,17.72,39600.00,42031.05,13.3,17.8
3,2025-10-04,17.39,39600.00,41872.67,16.3,19.3
3,2025-10-05,12.19,26074.70,41714.52,19.3,20.8
3,2025-10-06,10.96,24387.64,41556.72,10.8,13.3
3,2025-10-07,11.68,31660.53,41399.37,12.9,15.3
3,2025-10-08,11.30,23482.47,41242.58,11.9,17.1
3,2025-10-09,6.72,12013.69,41086.44,7.6,8.9
3,2025-10-10,12.18,21500.19,40931.09,6.7,9.1
3,2025-10-11,5.75,4218.23,40776.61,8.9,14.2
3,2025-10-12,5.55,6881.97,40623.12,15.5,16.0
3,2025-10-13,11.26,28546.58,40470.74,12.4,14.8
3,2025-10-14,7.32,13892.12,40319.36,10.0,13.2
3,2025-10-15,14.23,31755.68,40167.81,11.8,13.0
3,2025-10-16,2.71,6736.48,40015.97,14.7,15.5
3,2025-10-17,11.62,31578.77,39863.98,12.8,14.6
3,2025-10-18,4.67,7835.42,39711.95,13.1,17.8
3,2025-10-19,10.01,31966.53,39560.01,5.0,6.7
3,2025-10-20,6.73,12369.34,39408.27,3.7,6.7
3,2025-10-21,9.49,27395.86,39256.87,3.3,4.9
3,2025-10-22,9.10,21968.72,39105.93,3.4,5.0
3,2025-10-23,11.54,35731.71,38955.58,3.1,4.7
3,2025-10-24,9.41,28519.37,38805.95,2.9,4.8
3,2025-10-25,6.18,10259.47,38657.18,8.3,13.9
3,2025-10-26,3.54,7137.07,38509.40,13.6,16.1
3,2025-10-27,12.16,32400.00,38362.75,4.4,9.5
3,2025-10-28,12.02,36145.42,38217.38,0.5,2.2
3,2025-10-29,12.37,36118.49,38073.42,-0.2,2.7
3,2025-10-30,13.25,35077.18,37931.03,2.5,7.3
3,2025-10-31,8.04,15869.35,37790.35,11.8,15.3
3,2025-11-01,7.79,30818.85,37651.54,8.5,10.1
3,2025-11-02,10.92,28497.49,37514.76,7.3,11.3
3,2025-11-03,4.56,9899.26,37379.93,3.3,8.0
3,2025-11-04,12.48,35320.64,37245.77,2.0,4.3
3,2025-11-05,12.13,35250.87,37112.18,4.5,6.7
3,2025-11-06,11.90,35180.66,36979.33,7.4,10.0
3,2025-11-07,10.61,35110.10,36847.33,-0.7,3.0
3,2025-11-08,7.89,23364.24,36716.34,-0.4,5.1
3,2025-11-09,5.57,16351.93,36586.50,7.8,10.2
3,2025-11-10,10.88,34142.68,36457.97,0.6,3.4
3,2025-11-11,10.72,34518.86,36330.89,-0.9,1.0
3,2025-11-12,10.09,34562.63,36205.43,-1.6,0.4
3,2025-11-13,10.05,34271.42,36081.75,3.5,6.7
3,2025-11-14,9.54,33642.87,35959.99,-0.4,0.2
3,2025-11-15,8.99,33683.72,35840.34,-0.7,0.6
3,2025-11-16,10.64,33387.01,35722.96,2.8,5.5
3,2025-11-17,4.70,12384.32,35608.01,0.2,8.1
3,2025-11-18,9.16,29526.70,35495.68,-4.2,-3.0
3,2025-11-19,8.28,30401.97,35386.14,-1.8,0.1
3,2025-11-20,9.36,32400.00,35279.57,2.9,5.2
3,2025-11-21,8.72,32556.64,35176.15,-0.8,3.8
3,2025-11-22,6.43,24177.45,35076.05,-1.6,2.0
3,2025-11-23,8.17,28800.00,34979.27,4.0,6.1
3,2025-11-24,4.99,14336.58,34884.71,6.3,7.7
3,2025-11-25,8.48,28800.00,34792.30,7.5,9.6
3,2025-11-26,3.93,15412.67,34702.15,3.2,6.9
3,2025-11-27,8.92,31341.74,34614.37,4.9,6.7
3,2025-11-28,7.44,32400.00,34529.10,0.3,8.0
3,2025-11-29,8.97,32400.00,34446.45,-3.4,-1.6
3,2025-11-30,5.39,18506.86,34366.55,4.1,6.3
3,2025-12-01,7.61,32400.00,34289.52,3.1,8.3
3,2025-12-02,7.80,28326.89,34215.50,4.0,6.5
3,2025-12-03,2.13,3600.00,34144.61,-1.7,4.8
3,2025-12-04,8.38,30263.62,34076.97,-6.7,-3.0
3,2025-12-05,8.98,28979.52,34012.70,-4.1,-0.5
3,2025-12-06,7.35,27110.61,33951.95,0.4,3.4
3,2025-12-07,8.40,28800.00,33894.83,2.7,4.6
3,2025-12-08,4.90,22678.46,33841.48,0.3,7.8
3,2025-12-09,8.15,31417.98,33792.01,-4.7,-3.0
3,2025-12-10,6.98,26044.98,33746.56,-6.9,-2.4
3,2025-12-11,7.11,25160.60,33705.26,-1.8,5.3
3,2025-12-12,8.86,32400.00,33668.21,-10.8,-8.2
3,2025-12-13,8.49,25763.44,33635.47,-5.6,1.2
3,2025-12-14,1.12,0.00,33606.60,2.8,4.9
3,2025-12-15,7.68,32162.36,33581.53,-3.1,0.7
3,2025-12-16,5.44,18000.00,33560.28,-1.4,2.8
3,2025-12-17,4.43,11441.77,33542.85,-2.9,-0.8
3,2025-12-18,6.22,31126.32,33529.24,-5.0,-2.9
3,2025-12-19,6.73,23910.27,33519.46,-1.2,1.3
3,2025-12-20,8.48,32400.00,33513.51,3.8,6.0
3,2025-12-21,6.75,26417.50,33511.38,3.9,10.6
3,2025-12-22,6.72,30448.51,33513.08,-7.4,-4.8
3,2025-12-23,8.77,25200.00,33518.59,-4.3,-0.1
3,2025-12-24,3.29,788.61,33527.92,5.1,7.1
3,2025-12-25,0.95,0.00,33541.06,3.1,6.0
3,2025-12-26,4.73,16754.80,33557.99,-7.6,-0.4
3,2025-12-27,7.48,31590.91,33578.70,-7.1,-5.4
3,2025-12-28,6.11,27646.83,33603.18,-3.6,-1.8
3,2025-12-29,6.47,22298.38,33631.42,-1.2,1.1
3,2025-12-30,8.30,29190.27,33663.40,-3.3,4.4
3,2025-12-31,4.68,6284.30,33699.10,-9.5,-7.0
3,2026-01-01,5.99,25898.18,33738.49,-9.5,-8.3
3,2026-01-02,9.43,32366.76,33781.65,-7.9,-5.6
3,2026-01-03,8.08,28800.00,33829.06,-4.5,-2.4
3,2026-01-04,6.03,24617.86,33880.69,-5.2,-4.0
3,2026-01-05,6.22,20487.68,33936.39,-7.1,-4.7
3,2026-01-06,6.79,24848.20,33996.04,-8.8,-6.4
3,2026-01-07,8.07,32382.80,34059.50,-3.5,0.2
3,2026-01-08,8.19,32392.36,34126.63,-8.5,-5.0
3,2026-01-09,5.53,21265.23,34197.29,-5.5,-2.5
3,2026-01-10,8.32,29825.12,34271.36,-0.1,4.5
3,2026-01-11,7.38,31191.63,34348.69,-5.3,1.4
3,2026-01-12,8.23,32346.52,34429.15,-8.1,-7.1
3,2026-01-13,6.39,25461.92,34512.61,-5.9,3.9
3,2026-01-14,9.43,32373.73,34598.93,-9.4,-5.9
3,2026-01-15,9.17,28127.82,34687.98,-0.9,1.5
3,2026-01-16,8.03,29009.19,34779.63,-3.6,1.4
3,2026-01-17,2.20,5704.24,34873.75,-4.5,-0.3
3,2026-01-18,9.71,28800.00,34970.21,-7.6,-5.8
3,2026-01-19,2.06,1904.54,35068.88,-3.1,-0.5
3,2026-01-20,10.00,33829.63,35169.64,-10.6,-9.3
3,2026-01-21,11.27,33790.19,35272.37,-10.6,-9.4
3,2026-01-22,10.84,34090.74,35377.15,-9.7,-8.6
3,2026-01-23,10.00,33371.47,35485.11,-9.3,-8.3
3,2026-01-24,9.69,32811.46,35596.27,-9.9,-8.3
3,2026-01-25,9.94,32615.97,35710.45,-11.0,-9.9
3,2026-01-26,8.67,24782.27,35827.47,-7.4,-5.8
3,2026-01-27,6.10,17999.91,35947.13,-5.6,-1.6
3,2026-01-28,10.83,34844.71,36069.27,-8.3,-6.9
3,2026-01-29,11.81,34960.55,36193.71,-8.5,-7.4
3,2026-01-30,10.89,30982.66,36320.29,-7.3,-4.4
3,2026-01-31,12.12,35108.33,36448.83,-7.9,-6.4
