location_id,city/town,latitude,longitude,elevation,utc_offset_seconds,timezone,timezone_abbreviation
0,Nara,34.69244,135.73956,65.0,0,GMT,GMT
1,Gojo,34.411247,135.73586,136.0,0,GMT,GMT
2,Kamikitayama,34.13005,135.95744,682.0,0,GMT,GMT
3,Uda (Oouda),34.481544,135.9068,348.0,0,GMT,GMT

location_id,time,shortwave_radiation_sum (MJ/m²),sunshine_duration (s),daylight_duration (s),dew_point_2m_mean (°C),dew_point_2m_max (°C)
0,2021-01-01,10.25,30693.34,35572.33,-3.4,-1.2
0,2021-01-02,10.25,33509.63,35608.28,-2.3,1.0
0,2021-01-03,8.19,23973.17,35647.01,-1.5,-0.6
0,2021-01-04,10.92,32089.61,35688.49,-1.3,1.0
0,2021-01-05,5.40,20469.83,35732.65,0.4,2.2
0,2021-01-06,10.07,29324.19,35779.47,-2.9,1.1
0,2021-01-07,4.89,16758.80,35828.88,-8.1,1.2
0,2021-01-08,11.29,35328.36,35880.95,-10.0,-7.8
0,2021-01-09,11.79,35385.16,35936.28,-8.5,-5.6
0,2021-01-10,9.27,24548.19,35994.84,-5.0,-3.3
0,2021-01-11,7.10,18155.60,36056.51,-2.1,0.9
0,2021-01-12,3.86,5496.50,36121.17,-0.6,2.5
0,2021-01-13,11.60,35486.38,36188.68,-0.3,1.5
0,2021-01-14,10.51,35501.04,36258.92,2.1,5.7
0,2021-01-15,11.90,35517.48,36331.76,3.6,6.4
0,2021-01-16,6.63,25176.91,36407.07,4.1,9.1
0,2021-01-17,9.33,28502.16,36484.74,-2.5,2.3
0,2021-01-18,11.97,32400.00,36564.64,-1.8,1.9
0,2021-01-19,6.07,13999.12,36646.65,-4.8,0.1
0,2021-01-20,12.10,35625.73,36730.65,-2.6,-0.9
0,2021-01-21,12.68,32400.00,36816.52,2.2,6.6
0,2021-01-22,1.67,0.00,36904.13,7.6,9.2
0,2021-01-23,1.30,0.00,36993.39,6.4,7.5
0,2021-01-24,1.87,1128.63,37084.17,5.5,7.4
0,2021-01-25,12.72,35775.83,37176.36,3.4,5.8
0,2021-01-26,9.19,21600.00,37269.85,8.2,9.7
0,2021-01-27,9.53,24619.04,37364.53,2.6,8.6
0,2021-01-28,6.60,21178.12,37460.47,-0.2,5.2
0,2021-01-29,9.19,20459.49,37558.68,-6.3,-3.8
0,2021-01-30,8.79,19651.98,37659.19,-1.7,1.4
0,2021-01-31,9.34,29082.05,37761.85,-1.4,1.4
0,2021-02-01,10.03,23577.79,37866.52,5.6,11.1
0,2021-02-02,11.74,31683.25,37973.06,-1.6,6.3
0,2021-02-03,7.63,21313.99,38081.33,-4.1,-2.4
0,2021-02-04,8.62,25903.21,38191.20,-1.3,2.8
0,2021-02-05,14.66,36000.00,38302.52,1.2,3.9
0,2021-02-06,14.91,36385.88,38415.18,2.1,5.3
0,2021-02-07,11.98,36056.34,38529.04,4.5,7.5
0,2021-02-08,9.21,25242.85,38643.98,-1.3,2.0
0,2021-02-09,6.84,12405.26,38759.87,-2.0,0.3
0,2021-02-10,15.47,36550.13,38876.59,0.6,2.3
0,2021-02-11,13.15,32400.00,38994.02,1.0,3.4
0,2021-02-12,10.75,22465.66,39112.04,5.1,7.4
0,2021-02-13,12.49,36000.00,39230.53,7.0,10.1
0,2021-02-14,14.23,32527.78,39349.38,9.2,11.3
0,2021-02-15,3.96,8426.28,39468.49,3.7,11.2
0,2021-02-16,13.52,37231.27,39587.72,-2.1,2.6
0,2021-02-17,13.37,36570.16,39707.18,-9.1,-2.9
0,2021-02-18,13.23,28865.00,39827.91,-4.9,-1.7
0,2021-02-19,15.47,37213.27,39949.99,-1.1,0.6
0,2021-02-20,16.90,38258.88,40073.29,3.9,6.7
0,2021-02-21,17.26,38480.44,40197.73,6.7,8.7
0,2021-02-22,17.42,38191.41,40323.16,6.3,8.1
0,2021-02-23,9.69,27983.64,40449.49,-1.6,4.6
0,2021-02-24,17.99,38771.93,40576.61,-4.5,-2.3
0,2021-02-25,17.40,32625.21,40704.42,-0.8,2.9
0,2021-02-26,4.19,3600.00,40832.80,1.0,4.9
0,2021-02-27,18.19,38817.43,40961.67,-1.7,3.4
0,2021-02-28,12.88,30542.64,41090.90,5.0,7.8
0,2021-03-01,15.90,34649.88,41220.41,8.8,12.7
0,2021-03-02,3.62,4340.76,41350.10,0.7,13.8
0,2021-03-03,17.36,38756.17,41479.86,-1.0,4.2
0,2021-03-04,11.89,19708.16,41609.61,7.1,9.1
0,2021-03-05,5.66,7567.77,41739.24,10.1,11.3
0,2021-03-06,10.08,15522.41,41868.65,3.2,10.4
0,2021-03-07,12.17,18428.77,41997.76,3.4,5.5
0,2021-03-08,11.59,25190.25,42126.47,1.4,5.1
0,2021-03-09,13.93,34633.93,42254.85,5.1,8.5
0,2021-03-10,18.44,41922.92,42383.89,0.0,5.5
0,2021-03-11,20.13,33506.33,42513.67,2.8,6.7
0,2021-03-12,7.78,7200.00,42644.09,9.5,11.0
0,2021-03-13,7.35,14671.95,42775.07,4.9,9.3
0,2021-03-14,20.22,40945.46,42906.52,1.0,5.3
0,2021-03-15,19.50,36000.00,43038.37,3.9,6.7
0,2021-03-16,9.96,14970.05,43170.50,9.5,12.6
0,2021-03-17,21.14,42723.39,43302.86,1.2,5.0
0,2021-03-18,22.15,42807.76,43435.33,2.3,5.8
0,2021-03-19,21.67,42892.27,43567.85,3.3,7.1
0,2021-03-20,17.15,27994.09,43700.33,10.9,14.0
0,2021-03-21,5.09,7061.30,43832.67,10.0,18.3
0,2021-03-22,16.96,36714.56,43964.80,0.9,2.6
0,2021-03-23,20.78,43200.00,44096.62,1.6,5.5
0,2021-03-24,20.35,36000.00,44228.06,8.4,10.1
0,2021-03-25,7.25,15123.53,44359.01,9.0,10.6
0,2021-03-26,22.52,43200.00,44489.40,4.1,8.8
0,2021-03-27,21.12,31736.74,44619.14,6.8,10.6
0,2021-03-28,5.90,7467.66,44748.13,12.9,14.9
0,2021-03-29,20.21,41219.26,44876.45,9.7,11.7
0,2021-03-30,19.38,36563.40,45005.00,7.9,11.2
0,2021-03-31,23.71,43200.00,45133.87,5.4,7.5
0,2021-04-01,23.05,43200.00,45262.99,10.5,12.7
0,2021-04-02,17.11,43200.00,45392.26,10.5,11.9
0,2021-04-03,14.60,30355.97,45521.60,10.6,13.6
0,2021-04-04,6.97,5239.95,45650.94,12.7,17.8
0,2021-04-05,18.49,32301.00,45780.19,3.4,5.4
0,2021-04-06,12.39,22793.38,45909.26,8.6,10.0
0,2021-04-07,23.76,43200.00,46038.08,4.3,8.4
0,2021-04-08,19.52,40885.98,46166.55,5.2,7.3
0,2021-04-09,23.68,43200.00,46294.58,-0.0,2.5
0,2021-04-10,24.93,43200.00,46422.10,2.3,5.0
0,2021-04-11,24.40,43200.00,46549.01,6.8,9.6
0,2021-04-12,16.91,22821.00,46675.21,8.6,11.7
0,2021-04-13,9.60,9724.77,46800.62,13.8,15.6
0,2021-04-14,12.69,20567.73,46925.14,5.5,13.4
0,2021-04-15,21.74,34011.11,47048.67,5.6,9.5
0,2021-04-16,7.49,10155.76,47171.12,11.2,13.4
0,2021-04-17,3.31,7324.60,47292.39,10.7,14.3
0,2021-04-18,20.02,43200.00,47412.54,4.1,6.4
0,2021-04-19,22.50,43541.80,47532.43,6.1,8.4
0,2021-04-20,25.87,43794.45,47652.13,7.9,11.0
0,2021-04-21,25.56,43761.67,47771.57,5.8,11.9
0,2021-04-22,23.48,43729.22,47890.65,5.2,12.5
0,2021-04-23,23.40,36171.27,48009.30,11.1,13.0
0,2021-04-24,18.69,41644.01,48127.40,11.2,12.2
0,2021-04-25,22.11,37516.37,48244.88,3.8,11.4
0,2021-04-26,27.09,44908.66,48361.64,2.1,4.8
0,2021-04-27,23.19,36000.00,48477.59,8.7,12.7
0,2021-04-28,6.22,2662.50,48592.62,15.0,15.9
0,2021-04-29,3.97,7513.74,48706.64,12.6,15.3
0,2021-04-30,24.00,43262.44,48819.54,10.3,12.3
0,2021-05-01,19.54,35145.80,48931.22,11.2,15.7
0,2021-05-02,18.22,44132.67,49041.58,7.1,8.7
0,2021-05-03,24.78,45448.36,49150.51,7.8,10.2
0,2021-05-04,23.55,29936.25,49257.90,10.6,13.8
0,2021-05-05,6.93,9993.60,49363.64,14.3,16.9
0,2021-05-06,26.36,38275.13,49467.62,11.0,14.4
0,2021-05-07,9.30,14825.09,49569.71,12.0,14.6
0,2021-05-08,17.51,25060.76,49669.96,14.9,16.4
0,2021-05-09,23.93,47096.11,49769.15,9.9,15.2
0,2021-05-10,27.00,45753.25,49867.34,8.6,12.1
0,2021-05-11,19.41,25328.60,49964.45,11.3,14.4
0,2021-05-12,6.92,2239.08,50060.38,13.6,14.6
0,2021-05-13,22.23,41533.56,50155.04,15.6,17.4
0,2021-05-14,24.84,45290.66,50248.33,17.2,18.3
0,2021-05-15,17.16,24952.46,50340.18,17.0,18.8
0,2021-05-16,9.57,6547.93,50430.47,19.9,22.1
0,2021-05-17,7.72,4794.60,50519.10,20.6,23.7
0,2021-05-18,14.14,18000.00,50605.99,18.5,19.4
0,2021-05-19,8.45,5616.81,50691.02,18.0,19.6
0,2021-05-20,3.69,0.00,50774.09,20.1,21.8
0,2021-05-21,9.64,13549.04,50855.12,16.6,21.2
0,2021-05-22,18.40,42968.17,50933.97,14.7,16.1
0,2021-05-23,22.68,37704.15,51010.56,15.4,17.2
0,2021-05-24,7.88,10930.64,51084.78,15.6,17.3
0,2021-05-25,21.74,47070.72,51156.50,13.4,16.3
0,2021-05-26,18.96,32159.13,51225.65,11.1,13.3
0,2021-05-27,5.26,9403.65,51292.08,15.1,16.7
0,2021-05-28,19.34,36386.17,51355.82,16.1,17.4
0,2021-05-29,27.53,49643.33,51417.40,13.5,15.9
0,2021-05-30,26.31,50337.64,51476.85,12.5,15.7
0,2021-05-31,28.95,50374.61,51534.14,13.6,16.2
0,2021-06-01,27.48,39650.48,51589.20,14.8,18.0
0,2021-06-02,18.85,29631.75,51641.97,16.2,17.7
0,2021-06-03,18.66,22685.08,51692.39,17.0,20.3
0,2021-06-04,6.88,4151.99,51740.40,17.3,22.7
0,2021-06-05,12.85,11418.75,51785.97,15.3,16.9
0,2021-06-06,18.14,19873.04,51829.01,17.2,19.0
0,2021-06-07,25.81,45814.10,51869.48,17.1,19.0
0,2021-06-08,25.18,49331.99,51907.32,16.7,19.5
0,2021-06-09,28.94,50400.00,51942.48,15.6,18.5
0,2021-06-10,28.40,49430.55,51974.89,16.4,19.1
0,2021-06-11,22.33,38848.31,52004.52,17.6,20.2
0,2021-06-12,17.97,25080.93,52031.29,18.2,19.6
0,2021-06-13,13.18,16924.45,52055.16,19.5,20.5
0,2021-06-14,22.42,47030.14,52076.09,19.1,20.2
0,2021-06-15,20.41,28800.00,52094.01,19.9,21.3
0,2021-06-16,5.84,7200.00,52108.89,18.7,20.7
0,2021-06-17,22.93,37780.32,52120.67,18.2,19.6
0,2021-06-18,10.85,7325.77,52129.46,19.2,20.5
0,2021-06-19,8.10,11543.10,52135.29,19.4,21.3
0,2021-06-20,25.25,42368.54,52138.17,16.0,17.4
0,2021-06-21,27.38,40291.00,52138.12,17.8,20.6
0,2021-06-22,15.22,25827.07,52135.17,18.6,19.9
0,2021-06-23,23.73,47586.19,52129.34,18.3,19.5
0,2021-06-24,24.15,42103.60,52120.66,19.3,20.1
0,2021-06-25,23.93,41282.87,52109.14,19.4,20.7
0,2021-06-26,12.06,13157.32,52094.82,19.6,20.5
0,2021-06-27,12.58,14753.83,52077.72,19.0,20.1
0,2021-06-28,17.74,25327.80,52057.88,19.7,21.4
0,2021-06-29,22.65,48647.67,52035.31,20.0,21.1
0,2021-06-30,17.68,25545.70,52010.06,20.7,22.8
0,2021-07-01,9.86,16346.44,51982.16,20.9,23.0
0,2021-07-02,12.24,16615.97,51951.63,23.7,24.6
0,2021-07-03,17.24,34313.29,51918.51,23.4,24.0
0,2021-07-04,13.33,19956.28,51882.84,23.5,24.8
0,2021-07-05,15.63,21247.47,51844.64,23.5,24.4
0,2021-07-06,10.16,66.74,51803.97,23.6,24.9
0,2021-07-07,5.82,3600.00,51760.76,23.7,24.4
0,2021-07-08,7.25,6764.85,51714.60,24.1,24.8
0,2021-07-09,9.63,11480.85,51665.53,24.1,25.1
0,2021-07-10,17.38,26574.05,51613.62,23.2,24.4
0,2021-07-11,25.67,42990.10,51558.97,21.7,22.5
0,2021-07-12,15.42,26005.99,51501.67,22.3,23.2
0,2021-07-13,20.84,40712.29,51441.81,22.4,23.1
0,2021-07-14,17.88,32952.54,51379.50,22.2,23.1
0,2021-07-15,20.29,38673.14,51314.82,22.4,23.3
0,2021-07-16,21.45,44384.37,51247.87,21.7,22.6
0,2021-07-17,25.69,50312.05,51178.73,21.4,23.4
0,2021-07-18,22.42,42843.13,51107.50,23.3,24.8
0,2021-07-19,26.20,49938.65,51034.27,23.3,24.0
0,2021-07-20,25.97,50190.03,50959.13,22.4,24.2
0,2021-07-21,27.75,50148.66,50882.17,20.1,22.4
0,2021-07-22,26.94,50107.07,50803.46,21.0,22.5
0,2021-07-23,25.41,49777.31,50723.12,22.6,24.1
0,2021-07-24,24.65,41598.93,50641.21,21.9,24.1
0,2021-07-25,24.87,48731.12,50557.83,21.6,23.7
0,2021-07-26,22.64,49416.28,50473.05,21.5,22.6
0,2021-07-27,20.90,33844.26,50386.83,21.7,23.2
0,2021-07-28,21.27,47091.51,50298.44,21.7,23.8
0,2021-07-29,23.68,48614.43,50207.85,22.8,24.2
0,2021-07-30,24.41,49288.36,50115.20,22.5,23.8
0,2021-07-31,24.03,47784.43,50020.58,22.3,24.0
0,2021-08-01,22.46,46134.76,49924.12,23.6,25.3
0,2021-08-02,20.14,38222.58,49825.92,23.1,25.1
0,2021-08-03,15.06,30473.93,49726.09,23.4,25.1
0,2021-08-04,24.39,45120.08,49624.76,24.4,25.7
0,2021-08-05,25.29,48170.41,49522.00,21.2,23.9
0,2021-08-06,18.89,40940.05,49417.95,23.2,23.8
0,2021-08-07,22.41,46568.45,49312.69,23.5,24.9
0,2021-08-08,23.78,46609.73,49206.32,23.5,24.6
0,2021-08-09,16.03,42616.12,49098.96,21.6,23.1
0,2021-08-10,19.89,39600.00,48990.69,20.7,22.2
0,2021-08-11,15.46,18000.00,48881.60,21.6,23.4
0,2021-08-12,3.52,0.00,48771.80,23.2,24.8
0,2021-08-13,3.43,0.00,48661.37,23.1,24.1
0,2021-08-14,5.71,0.00,48550.40,24.0,25.1
0,2021-08-15,12.61,21152.91,48438.99,20.8,22.9
0,2021-08-16,8.24,794.59,48327.06,22.1,23.5
0,2021-08-17,8.73,9403.90,48213.80,22.9,24.6
0,2021-08-18,16.71,36024.42,48099.15,22.9,24.5
0,2021-08-19,5.03,7200.00,47983.21,22.3,24.2
0,2021-08-20,16.95,39311.17,47866.08,22.8,24.5
0,2021-08-21,10.90,15051.55,47747.87,22.7,24.4
0,2021-08-22,15.88,29771.54,47628.67,23.2,23.9
0,2021-08-23,13.10,20945.89,47508.56,24.1,25.0
0,2021-08-24,15.49,28934.09,47387.66,22.6,24.1
0,2021-08-25,19.96,43200.00,47266.04,24.0,25.6
0,2021-08-26,20.03,42834.33,47143.79,24.4,25.1
0,2021-08-27,22.47,43264.24,47021.01,21.8,24.3
0,2021-08-28,23.38,43200.00,46897.78,22.7,23.8
0,2021-08-29,20.94,43223.41,46774.18,22.8,24.3
0,2021-08-30,22.24,43200.00,46650.30,23.0,25.0
0,2021-08-31,22.39,41873.79,46526.23,20.2,22.6
0,2021-09-01,15.96,25995.74,46402.03,22.9,23.8
0,2021-09-02,3.92,0.00,46277.80,21.8,23.6
0,2021-09-03,4.04,4940.69,46153.61,21.7,22.5
0,2021-09-04,14.95,37744.47,46029.53,21.5,23.4
0,2021-09-05,16.53,42110.51,45905.51,20.5,21.7
0,2021-09-06,19.43,38606.02,45780.68,18.3,20.3
0,2021-09-07,11.24,17936.93,45655.00,19.1,20.2
0,2021-09-08,7.39,5957.46,45528.54,21.3,22.6
0,2021-09-09,16.77,43200.00,45401.39,19.6,21.7
0,2021-09-10,21.96,41632.80,45273.64,19.6,20.8
0,2021-09-11,15.00,25037.77,45145.36,20.8,21.5
0,2021-09-12,5.20,0.00,45016.64,21.8,23.0
0,2021-09-13,12.27,15544.82,44887.56,17.9,21.4
0,2021-09-14,3.51,3600.00,44758.21,19.2,20.4
0,2021-09-15,16.05,42963.19,44628.64,18.0,20.2
0,2021-09-16,14.19,33999.90,44498.96,19.3,21.0
0,2021-09-17,4.57,4212.61,44369.24,21.6,23.8
0,2021-09-18,14.90,36662.79,44239.55,20.8,23.3
0,2021-09-19,17.82,36000.00,44109.98,19.0,20.5
0,2021-09-20,18.79,42777.12,43980.59,18.4,21.5
0,2021-09-21,17.46,36507.13,43851.48,20.3,22.6
0,2021-09-22,14.78,35565.55,43722.70,21.3,24.0
0,2021-09-23,19.19,42336.96,43594.35,19.3,20.9
0,2021-09-24,16.19,35810.36,43466.50,17.0,18.6
0,2021-09-25,15.46,32400.00,43339.06,19.3,20.1
0,2021-09-26,5.94,14086.58,43211.17,16.9,18.1
0,2021-09-27,18.91,36871.81,43082.73,17.1,17.9
0,2021-09-28,12.03,29161.17,42953.83,17.8,19.0
0,2021-09-29,17.42,40633.98,42824.57,19.2,20.1
0,2021-09-30,11.25,18609.33,42695.03,19.4,21.1
0,2021-10-01,9.48,14326.36,42565.28,17.5,19.7
0,2021-10-02,19.69,40203.05,42435.42,16.4,18.3
0,2021-10-03,19.72,40808.46,42305.55,17.1,20.2
0,2021-10-04,18.98,40289.71,42175.73,19.0,20.4
0,2021-10-05,19.03,40051.46,42046.05,16.6,19.3
0,2021-10-06,15.89,40084.00,41916.61,17.6,19.7
0,2021-10-07,14.63,39542.65,41787.50,19.6,21.2
0,2021-10-08,16.86,39495.29,41658.79,18.6,19.8
0,2021-10-09,16.03,36397.11,41530.59,18.6,20.3
0,2021-10-10,14.36,39399.58,41402.97,19.1,21.3
0,2021-10-11,15.23,29990.21,41276.04,20.8,22.1
0,2021-10-12,10.71,30045.00,41149.89,20.5,21.3
0,2021-10-13,14.10,38477.61,41024.61,18.5,20.8
0,2021-10-14,16.57,39203.97,40900.29,14.4,17.1
0,2021-10-15,17.16,39154.10,40776.85,14.3,16.7
0,2021-10-16,15.63,29756.76,40653.33,17.1,20.8
0,2021-10-17,13.95,35648.33,40529.64,8.6,13.0
0,2021-10-18,15.02,32143.73,40405.88,8.9,12.6
0,2021-10-19,9.69,21552.88,40282.16,11.4,13.6
0,2021-10-20,14.90,36000.00,40158.57,6.1,8.2
0,2021-10-21,10.43,21107.46,40035.22,6.9,7.8
0,2021-10-22,14.77,34493.94,39912.20,7.8,9.0
0,2021-10-23,14.00,38739.79,39789.63,5.0,8.2
0,2021-10-24,12.89,24194.42,39667.61,10.0,13.4
0,2021-10-25,2.19,5794.37,39546.26,11.5,12.8
0,2021-10-26,12.46,36762.74,39425.67,11.0,13.6
0,2021-10-27,13.24,36216.54,39305.97,10.1,12.8
0,2021-10-28,14.65,38297.17,39187.27,9.1,11.9
0,2021-10-29,15.49,37742.02,39069.68,7.0,9.1
0,2021-10-30,14.26,26572.03,38953.33,10.9,13.5
0,2021-10-31,5.38,8438.22,38838.33,12.1,15.3
0,2021-11-01,12.89,29554.04,38724.80,12.4,14.0
0,2021-11-02,13.16,34040.04,38612.88,9.4,12.0
0,2021-11-03,13.19,36856.69,38502.69,9.0,10.9
0,2021-11-04,13.55,36536.47,38394.16,8.7,11.6
0,2021-11-05,11.71,35136.81,38286.27,7.8,10.9
0,2021-11-06,12.87,29463.51,38178.93,10.0,12.1
0,2021-11-07,11.38,29040.47,38072.28,11.9,13.7
0,2021-11-08,9.66,25809.65,37966.41,13.9,16.1
0,2021-11-09,3.17,3910.83,37861.45,9.3,14.0
0,2021-11-10,10.88,35127.42,37757.51,7.0,8.4
0,2021-11-11,7.67,24844.82,37654.73,7.1,9.2
0,2021-11-12,11.09,35500.45,37553.21,3.8,8.8
0,2021-11-13,12.24,32884.37,37453.10,5.7,7.4
0,2021-11-14,10.54,31713.79,37354.51,7.2,8.8
0,2021-11-15,12.91,32338.59,37257.59,8.4,10.2
0,2021-11-16,11.86,32400.00,37162.44,8.5,9.7
0,2021-11-17,11.97,35029.42,37069.24,6.8,8.7
0,2021-11-18,11.85,33668.23,36978.08,5.8,8.6
0,2021-11-19,12.29,35133.99,36889.13,6.2,10.5
0,2021-11-20,12.49,35103.42,36802.51,6.3,9.9
0,2021-11-21,9.52,22403.55,36718.38,11.0,13.8
0,2021-11-22,2.13,3600.00,36636.87,9.3,16.2
0,2021-11-23,10.07,32260.40,36558.13,1.1,2.8
0,2021-11-24,10.14,34875.79,36482.15,3.4,7.4
0,2021-11-25,10.72,33632.23,36408.05,6.3,8.3
0,2021-11-26,11.36,33330.45,36335.77,3.7,9.0
0,2021-11-27,10.52,34292.76,36265.41,1.7,3.4
0,2021-11-28,11.68,34623.28,36197.05,0.6,2.7
0,2021-11-29,11.71,34318.37,36130.78,2.9,6.9
0,2021-11-30,9.94,28800.00,36066.71,9.0,12.7
0,2021-12-01,10.87,34900.40,36004.93,-1.6,2.9
0,2021-12-02,9.77,34348.74,35945.53,1.4,2.9
0,2021-12-03,10.64,33396.35,35888.61,3.8,6.0
0,2021-12-04,8.90,26403.35,35834.27,0.9,2.6
0,2021-12-05,8.44,26702.44,35782.60,2.0,4.9
0,2021-12-06,6.71,16226.86,35733.69,8.9,10.2
0,2021-12-07,2.82,811.98,35687.66,8.9,10.3
0,2021-12-08,6.85,20988.07,35644.58,4.1,8.2
0,2021-12-09,10.99,31104.65,35604.56,5.1,8.7
0,2021-12-10,9.16,30458.37,35567.69,5.5,8.0
0,2021-12-11,10.52,34057.15,35534.08,6.6,9.7
0,2021-12-12,8.34,29158.01,35503.80,7.0,9.8
0,2021-12-13,9.32,28765.63,35476.96,0.9,3.7
0,2021-12-14,11.32,34880.86,35453.58,1.7,3.9
0,2021-12-15,10.37,29140.61,35433.36,3.6,4.8
0,2021-12-16,9.83,23751.37,35416.24,8.0,9.5
0,2021-12-17,5.79,21418.53,35402.21,-0.5,9.9
0,2021-12-18,9.39,34451.00,35391.28,-3.4,-1.3
0,2021-12-19,9.56,32103.64,35383.45,-1.6,1.2
0,2021-12-20,10.87,34362.79,35378.70,0.5,1.7
0,2021-12-21,9.71,30704.34,35377.03,5.0,6.8
0,2021-12-22,7.29,24652.26,35378.44,1.5,7.0
0,2021-12-23,11.04,34810.82,35382.92,0.4,5.4
0,2021-12-24,8.77,31871.02,35390.46,6.8,8.1
0,2021-12-25,8.41,31340.67,35401.04,0.3,7.8
0,2021-12-26,7.61,24597.56,35414.67,-4.9,-1.9
0,2021-12-27,9.18,30234.34,35431.31,-3.2,-1.0
0,2021-12-28,6.29,12213.52,35450.95,-1.0,1.5
0,2021-12-29,8.09,22091.30,35473.59,3.2,5.4
0,2021-12-30,10.37,34933.56,35499.20,-3.1,2.9
0,2021-12-31,7.55,27545.83,35527.77,-2.8,-1.9
0,2022-01-01,9.53,31724.27,35559.28,-5.8,-1.5
0,2022-01-02,11.29,35032.37,35593.70,-0.6,1.8
0,2022-01-03,11.18,34067.22,35631.10,-0.1,2.4
0,2022-01-04,8.73,31635.54,35671.89,-0.5,1.4
0,2022-01-05,8.18,22523.98,35716.06,-3.3,-0.4
0,2022-01-06,4.55,16567.31,35763.48,-1.6,-0.1
0,2022-01-07,9.46,33373.82,35814.06,-3.1,-1.5
0,2022-01-08,11.67,35314.15,35867.68,-1.2,1.2
0,2022-01-09,10.36,30446.00,35924.23,1.2,2.5
0,2022-01-10,11.75,32377.41,35983.60,0.0,4.1
0,2022-01-11,1.79,6012.35,36045.69,0.6,5.6
0,2022-01-12,8.88,26140.26,36110.38,-2.5,-0.4
0,2022-01-13,11.13,32400.00,36177.56,-5.5,-0.1
0,2022-01-14,9.36,31922.57,36247.13,-2.8,-1.7
0,2022-01-15,9.55,35146.27,36318.98,-2.9,-0.3
0,2022-01-16,11.41,32735.84,36393.00,2.4,5.2
0,2022-01-17,9.06,24018.19,36469.08,-2.8,2.9
0,2022-01-18,7.05,19021.44,36547.13,-3.4,-1.4
0,2022-01-19,8.55,25764.07,36627.04,-1.7,0.4
0,2022-01-20,10.56,35616.82,36708.70,-3.8,0.6
0,2022-01-21,10.38,30474.30,36792.01,-4.8,-3.2
0,2022-01-22,12.69,32400.00,36876.88,-2.6,0.4
0,2022-01-23,2.92,0.00,36963.38,2.4,3.5
0,2022-01-24,8.66,24437.30,37052.43,-1.4,3.2
0,2022-01-25,9.04,22828.66,37144.05,-1.5,2.1
0,2022-01-26,10.99,33326.07,37238.11,0.9,5.0
0,2022-01-27,8.36,21670.45,37334.45,-1.8,1.9
0,2022-01-28,9.58,30605.45,37432.94,0.6,3.7
0,2022-01-29,7.82,20412.43,37533.42,0.3,2.6
0,2022-01-30,8.33,29015.41,37635.77,-1.3,1.4
0,2022-01-31,9.22,30207.89,37739.83,-2.7,-1.4
0,2022-02-01,11.03,25620.16,37845.48,-1.8,2.6
0,2022-02-02,11.50,30543.23,37952.59,-1.3,0.0
0,2022-02-03,8.36,18387.34,38061.02,-2.9,-0.7
0,2022-02-04,9.51,27318.89,38170.64,-3.7,-0.4
0,2022-02-05,12.11,34334.82,38281.33,-6.6,-4.5
0,2022-02-06,12.43,36095.56,38392.97,-5.0,-3.2
0,2022-02-07,9.69,21074.08,38505.43,-2.3,-0.9
0,2022-02-08,7.35,11396.04,38618.60,0.2,2.6
0,2022-02-09,14.97,32695.12,38732.35,-1.6,0.1
0,2022-02-10,5.85,10356.68,38846.57,0.2,1.5
0,2022-02-11,13.79,36820.10,38961.15,-1.8,2.2
0,2022-02-12,15.02,33187.49,39076.17,-0.6,2.8
0,2022-02-13,3.56,0.00,39192.68,2.0,3.2
0,2022-02-14,13.46,30390.20,39310.77,-0.1,2.5
0,2022-02-15,13.93,36982.58,39430.29,0.5,3.9
0,2022-02-16,12.19,26467.13,39551.13,-7.1,-5.4
0,2022-02-17,15.30,37790.50,39673.18,-6.8,-3.6
0,2022-02-18,11.81,33260.23,39796.31,-3.0,-0.9
0,2022-02-19,6.17,9493.81,39920.40,3.1,5.4
0,2022-02-20,13.98,36791.32,40045.35,-3.9,3.3
0,2022-02-21,12.73,30267.07,40171.04,-6.0,-3.2
0,2022-02-22,13.11,25831.66,40297.36,-4.8,-0.8
0,2022-02-23,10.71,21094.04,40424.20,-3.1,-2.0
0,2022-02-24,13.55,32196.10,40551.46,-5.6,-2.1
0,2022-02-25,15.69,38065.09,40679.03,-1.7,-0.0
0,2022-02-26,18.35,37557.50,40806.81,-0.1,3.3
0,2022-02-27,13.71,38909.50,40934.69,-1.1,5.0
0,2022-02-28,18.50,38847.86,41062.58,-1.2,1.9
0,2022-03-01,5.36,7349.31,41190.36,6.1,8.0
0,2022-03-02,13.15,30348.25,41317.95,4.6,8.0
0,2022-03-03,14.02,32247.35,41445.24,1.5,3.2
0,2022-03-04,15.49,30056.98,41572.33,-0.2,3.7
0,2022-03-05,17.77,39459.86,41700.18,0.4,5.7
0,2022-03-06,14.81,37315.81,41828.90,-2.8,-0.9
0,2022-03-07,11.75,24142.64,41958.40,-2.6,-0.5
0,2022-03-08,19.37,39263.62,42088.58,-1.8,0.2
0,2022-03-09,14.39,37516.56,42219.34,-0.3,2.5
0,2022-03-10,18.97,40351.31,42350.60,-0.9,4.2
0,2022-03-11,16.96,38723.38,42482.26,6.1,8.3
0,2022-03-12,18.19,36707.35,42614.24,8.8,10.8
0,2022-03-13,16.20,33092.96,42746.45,11.3,13.4
0,2022-03-14,14.51,39562.40,42878.80,12.4,15.0
0,2022-03-15,17.94,42541.80,43011.20,5.6,14.8
0,2022-03-16,21.09,42625.60,43143.57,5.8,8.4
0,2022-03-17,16.13,28175.87,43275.81,3.8,5.8
0,2022-03-18,2.66,2015.45,43407.84,8.2,11.0
0,2022-03-19,7.47,6876.46,43539.57,3.7,5.5
0,2022-03-20,11.92,18582.82,43670.92,2.2,3.4
0,2022-03-21,13.92,29480.13,43801.79,3.1,5.0
0,2022-03-22,4.60,13518.74,43932.10,1.3,4.0
0,2022-03-23,10.47,16815.98,44061.76,3.8,6.0
0,2022-03-24,18.46,42566.19,44190.83,3.9,5.6
0,2022-03-25,19.44,32400.00,44320.25,6.4,9.2
0,2022-03-26,4.14,0.00,44450.10,12.1,14.2
0,2022-03-27,19.61,33721.49,44580.30,5.3,7.6
0,2022-03-28,18.42,29305.43,44710.77,0.3,3.8
0,2022-03-29,11.81,14334.41,44841.41,8.1,10.7
0,2022-03-30,20.18,36000.00,44972.15,10.3,11.3
0,2022-03-31,4.96,1653.86,45102.92,7.3,14.0
0,2022-04-01,22.04,39097.61,45233.62,-2.6,0.4
0,2022-04-02,17.87,33821.28,45364.17,3.9,7.1
0,2022-04-03,6.60,4969.92,45494.49,6.6,7.7
0,2022-04-04,21.39,43200.00,45624.49,4.7,8.4
0,2022-04-05,23.85,39370.33,45754.08,5.1,8.6
0,2022-04-06,23.80,43200.00,45883.17,4.0,8.2
0,2022-04-07,23.22,43200.00,46011.69,8.6,11.7
0,2022-04-08,23.97,43200.00,46139.53,5.6,9.7
0,2022-04-09,24.06,43200.00,46266.61,8.7,10.9
0,2022-04-10,23.69,40882.49,46392.83,10.6,12.1
0,2022-04-11,19.48,34024.64,46518.10,11.8,13.5
0,2022-04-12,22.99,39600.00,46642.32,14.3,16.2
0,2022-04-13,19.56,36000.00,46765.56,14.5,16.1
0,2022-04-14,14.19,20887.45,46888.70,16.1,18.0
0,2022-04-15,7.53,5104.37,47011.80,9.9,14.4
0,2022-04-16,21.67,41640.56,47134.80,3.1,5.1
0,2022-04-17,21.97,39600.00,47257.60,10.1,12.2
0,2022-04-18,18.09,35961.25,47380.12,9.4,13.6
0,2022-04-19,23.04,43265.21,47502.27,4.0,7.5
0,2022-04-20,24.53,39600.00,47623.96,7.4,12.7
0,2022-04-21,7.57,5022.09,47745.10,13.8,15.7
0,2022-04-22,20.98,37045.64,47865.59,11.8,14.3
0,2022-04-23,19.00,25200.00,47985.35,13.0,14.4
0,2022-04-24,5.29,7383.37,48104.27,15.2,16.2
0,2022-04-25,23.83,38235.00,48222.26,15.7,17.6
0,2022-04-26,10.20,9904.28,48339.21,19.6,20.3
0,2022-04-27,12.17,8507.99,48455.03,12.0,20.4
0,2022-04-28,23.81,36000.00,48569.62,12.7,16.2
0,2022-04-29,5.79,7602.98,48682.86,9.4,16.0
0,2022-04-30,24.29,36000.00,48794.65,9.6,12.7
0,2022-05-01,10.84,23639.69,48904.87,9.2,12.9
0,2022-05-02,25.45,43200.00,49013.42,6.0,9.4
0,2022-05-03,27.21,46338.39,49120.34,5.9,9.1
0,2022-05-04,26.64,44556.53,49226.45,10.6,12.8
0,2022-05-05,25.78,33903.95,49331.81,11.4,14.7
0,2022-05-06,21.39,46609.84,49436.32,11.7,14.2
0,2022-05-07,25.98,46174.41,49539.91,12.3,14.7
0,2022-05-08,25.95,38658.16,49642.48,3.7,6.0
0,2022-05-09,8.41,10323.86,49743.93,7.3,9.9
0,2022-05-10,17.34,29913.74,49844.17,12.1,13.6
0,2022-05-11,15.35,19425.20,49943.10,15.5,17.1
0,2022-05-12,7.70,2642.94,50040.61,17.1,18.3
0,2022-05-13,6.39,796.29,50136.60,19.2,20.2
0,2022-05-14,15.94,30690.89,50230.99,11.3,18.4
0,2022-05-15,13.85,10889.10,50323.64,8.0,10.4
0,2022-05-16,9.14,1259.46,50414.47,11.6,14.2
0,2022-05-17,13.18,15931.96,50503.36,11.3,13.5
0,2022-05-18,28.11,48893.03,50590.20,9.6,12.8
0,2022-05-19,23.99,35938.27,50674.89,9.4,11.6
0,2022-05-20,15.75,17555.91,50757.30,11.5,14.5
0,2022-05-21,11.42,11156.09,50837.33,13.4,14.8
0,2022-05-22,25.60,49134.14,50914.85,14.0,15.8
0,2022-05-23,28.00,49726.56,50989.89,10.4,15.1
0,2022-05-24,27.64,48154.06,51063.06,14.4,17.9
0,2022-05-25,23.80,45606.76,51134.41,14.7,16.5
0,2022-05-26,17.40,29466.16,51203.87,17.8,19.5
0,2022-05-27,26.09,49977.75,51271.38,14.8,17.4
0,2022-05-28,25.01,47018.07,51336.86,14.2,15.8
0,2022-05-29,28.46,46692.31,51400.24,12.4,14.8
0,2022-05-30,16.80,18005.79,51461.43,15.9,18.5
0,2022-05-31,16.93,28275.21,51520.40,13.9,17.5
0,2022-06-01,20.63,38121.72,51577.03,12.4,17.9
0,2022-06-02,28.66,50400.00,51631.27,13.8,17.4
0,2022-06-03,25.46,47733.11,51683.04,14.0,16.0
0,2022-06-04,27.75,49713.19,51732.27,12.5,15.6
0,2022-06-05,14.22,15900.18,51778.89,16.5,19.4
0,2022-06-06,8.76,9552.65,51822.83,16.2,18.3
0,2022-06-07,21.63,45817.69,51864.00,12.8,14.3
0,2022-06-08,25.60,50181.42,51902.35,13.5,15.3
0,2022-06-09,27.05,48971.63,51937.79,16.3,18.3
0,2022-06-10,24.51,33989.73,51970.26,18.0,19.3
0,2022-06-11,9.30,10800.00,51999.69,17.0,18.5
0,2022-06-12,27.27,42401.15,52026.05,12.9,15.5
0,2022-06-13,18.83,25828.03,52049.55,14.5,16.7
0,2022-06-14,6.72,0.00,52070.25,15.3,16.5
0,2022-06-15,15.37,17413.94,52088.13,17.7,19.4
0,2022-06-16,17.15,20757.02,52103.18,18.9,20.7
0,2022-06-17,23.92,35223.32,52115.42,18.7,21.0
0,2022-06-18,14.06,17560.63,52124.83,20.1,20.4
0,2022-06-19,24.88,34230.65,52131.43,20.0,21.0
0,2022-06-20,20.48,32400.00,52135.21,20.5,21.4
0,2022-06-21,4.90,882.11,52136.17,21.5,22.6
0,2022-06-22,22.51,46755.51,52134.33,22.5,23.8
0,2022-06-23,26.93,50400.00,52129.67,22.6,24.1
0,2022-06-24,26.29,46679.46,52122.23,22.4,23.9
0,2022-06-25,19.82,30370.47,52112.01,23.0,24.5
0,2022-06-26,22.66,42518.83,52099.00,22.2,23.7
0,2022-06-27,23.54,46800.00,52083.23,23.2,24.8
0,2022-06-28,27.49,50400.00,52064.70,21.7,24.5
0,2022-06-29,27.89,50400.00,52043.43,22.0,22.9
0,2022-06-30,27.82,50400.00,52019.44,22.0,23.1
0,2022-07-01,27.31,50400.00,51992.72,21.5,23.8
0,2022-07-02,23.93,38896.83,51963.25,23.1,24.1
0,2022-07-03,11.43,10782.15,51930.74,23.6,24.2
0,2022-07-04,4.94,0.00,51895.19,23.4,24.5
0,2022-07-05,11.28,12651.09,51856.70,24.0,24.7
0,2022-07-06,20.63,47875.57,51815.33,23.0,25.1
0,2022-07-07,24.66,40548.91,51771.17,22.4,23.8
0,2022-07-08,20.12,32075.88,51724.31,23.3,24.2
0,2022-07-09,17.75,34859.29,51674.80,23.3,24.0
0,2022-07-10,22.17,45118.54,51622.74,23.8,24.5
0,2022-07-11,21.97,39026.32,51568.22,23.6,24.4
0,2022-07-12,16.07,38324.31,51511.30,22.9,24.5
0,2022-07-13,19.99,32400.00,51452.06,22.1,22.9
0,2022-07-14,12.78,13482.84,51390.59,22.6,23.8
0,2022-07-15,16.14,21519.32,51326.97,22.4,24.3
0,2022-07-16,11.92,11531.30,51261.27,22.2,23.4
0,2022-07-17,23.58,39600.00,51193.58,22.0,22.9
0,2022-07-18,19.48,28030.58,51123.98,23.0,24.4
0,2022-07-19,7.45,9898.67,51052.53,24.2,25.7
0,2022-07-20,23.97,48708.93,50979.31,22.0,23.1
0,2022-07-21,18.82,32853.36,50904.41,23.3,24.1
0,2022-07-22,24.60,49369.82,50827.78,21.5,22.6
0,2022-07-23,23.28,49684.65,50748.74,19.6,21.1
0,2022-07-24,26.43,49396.55,50667.28,21.5,23.2
0,2022-07-25,26.61,48208.08,50583.53,23.2,24.3
0,2022-07-26,25.52,47021.10,50497.59,24.3,25.7
0,2022-07-27,18.82,37645.31,50409.58,24.2,25.6
0,2022-07-28,23.20,45819.89,50319.61,24.1,25.6
0,2022-07-29,24.08,48309.71,50227.80,23.6,25.1
0,2022-07-30,23.79,47949.14,50134.24,23.7,25.1
0,2022-07-31,22.84,48075.26,50039.04,24.8,25.7
0,2022-08-01,24.81,46328.31,49942.32,23.7,25.1
0,2022-08-02,25.97,45476.94,49844.17,23.5,25.2
0,2022-08-03,24.38,37054.79,49744.70,24.2,25.9
0,2022-08-04,18.13,25956.71,49644.01,23.2,24.6
0,2022-08-05,21.90,42124.41,49542.19,23.9,24.9
0,2022-08-06,19.92,37729.38,49439.34,24.0,24.6
0,2022-08-07,22.90,45385.83,49335.55,24.2,25.4
0,2022-08-08,23.74,44549.76,49230.94,24.3,25.7
0,2022-08-09,24.86,46056.48,49125.57,23.9,25.3
0,2022-08-10,22.86,43041.67,49019.54,24.3,25.5
0,2022-08-11,22.27,37729.42,48912.80,23.9,25.7
0,2022-08-12,14.39,22204.25,48804.51,23.6,24.4
0,2022-08-13,16.68,28115.83,48694.65,24.1,25.2
0,2022-08-14,17.02,26371.45,48583.32,24.6,25.9
0,2022-08-15,21.35,40385.88,48470.62,23.8,24.8
0,2022-08-16,19.58,33187.38,48356.67,24.2,25.2
0,2022-08-17,10.91,10234.08,48241.55,23.9,25.4
0,2022-08-18,20.96,37815.26,48125.37,21.6,23.0
0,2022-08-19,22.62,41322.96,48008.22,20.6,23.3
0,2022-08-20,12.64,23700.76,47890.21,24.7,26.3
0,2022-08-21,19.74,40149.44,47771.42,23.6,24.9
0,2022-08-22,21.59,39600.00,47651.95,24.7,25.5
0,2022-08-23,20.20,35441.56,47531.89,24.1,25.0
0,2022-08-24,14.52,26397.58,47411.33,24.1,25.4
0,2022-08-25,17.39,30606.89,47290.36,23.9,26.2
0,2022-08-26,19.84,39617.81,47169.06,22.1,23.9
0,2022-08-27,18.27,37466.08,47047.51,21.4,22.8
0,2022-08-28,19.56,41886.58,46925.80,17.7,20.6
0,2022-08-29,19.49,37535.06,46804.02,20.4,22.3
0,2022-08-30,13.40,24121.55,46682.24,24.1,25.5
0,2022-08-31,20.15,39121.45,46560.39,24.5,25.5
0,2022-09-01,11.34,19774.55,46437.63,23.5,24.7
0,2022-09-02,18.59,40854.33,46313.90,22.5,23.2
0,2022-09-03,18.51,32855.80,46189.29,22.8,24.1
0,2022-09-04,20.55,43200.00,46063.89,22.5,24.4
0,2022-09-05,20.61,41173.63,45937.78,22.1,23.2
0,2022-09-06,15.13,24191.97,45811.05,22.8,25.3
0,2022-09-07,17.47,38651.75,45683.78,20.6,21.5
0,2022-09-08,10.39,12865.20,45556.06,22.7,23.3
0,2022-09-09,9.30,15478.55,45427.96,22.8,23.6
0,2022-09-10,16.77,37230.01,45299.57,22.5,23.9
0,2022-09-11,21.45,43200.00,45170.97,20.7,22.4
0,2022-09-12,21.80,43200.00,45042.23,21.5,22.8
0,2022-09-13,20.69,43200.00,44913.42,22.4,23.9
0,2022-09-14,19.70,42351.53,44784.64,22.3,24.3
0,2022-09-15,20.01,43200.00,44655.96,20.2,22.1
0,2022-09-16,20.57,37520.56,44527.45,19.6,21.4
0,2022-09-17,11.32,15817.52,44399.19,22.8,24.0
0,2022-09-18,12.86,24556.36,44271.26,23.0,24.1
0,2022-09-19,11.28,20718.68,44143.72,21.8,24.5
0,2022-09-20,14.34,30857.81,44016.51,13.7,15.6
0,2022-09-21,11.87,19643.04,43888.75,14.8,17.3
0,2022-09-22,14.48,28416.03,43760.38,19.1,21.0
0,2022-09-23,2.71,7098.11,43631.48,20.3,21.1
0,2022-09-24,19.32,42464.63,43502.12,15.8,19.4
0,2022-09-25,20.83,42378.83,43372.40,16.1,20.0
0,2022-09-26,19.71,42292.84,43242.40,19.3,21.7
0,2022-09-27,13.73,24420.01,43112.20,20.1,21.8
0,2022-09-28,15.47,29512.79,42981.88,17.9,20.3
0,2022-09-29,12.52,25200.00,42851.53,17.5,19.3
0,2022-09-30,19.66,41510.74,42721.23,17.5,19.6
0,2022-10-01,19.41,40993.87,42591.06,16.9,19.9
0,2022-10-02,18.69,40476.26,42461.11,16.4,19.2
0,2022-10-03,16.83,39676.77,42331.46,18.8,20.8
0,2022-10-04,15.00,32400.00,42202.19,19.8,22.0
0,2022-10-05,10.31,17079.06,42073.40,12.6,16.4
0,2022-10-06,5.68,953.73,41945.16,11.8,15.9
0,2022-10-07,2.41,3600.00,41817.56,14.8,15.9
0,2022-10-08,13.50,27621.52,41690.69,11.7,14.6
0,2022-10-09,3.55,1842.35,41564.65,15.8,18.8
0,2022-10-10,6.48,7433.58,41439.34,13.6,19.1
0,2022-10-11,15.67,33171.05,41313.82,9.9,11.8
0,2022-10-12,9.33,13129.62,41188.01,12.8,13.8
0,2022-10-13,15.23,35664.41,41062.01,13.6,15.3
0,2022-10-14,17.38,39214.77,40935.90,14.7,16.3
0,2022-10-15,16.88,36428.45,40809.80,16.1,17.3
0,2022-10-16,14.11,32400.00,40683.79,18.5,19.9
0,2022-10-17,4.16,6663.61,40557.97,16.5,20.3
0,2022-10-18,15.36,39012.51,40432.45,10.0,13.7
0,2022-10-19,17.41,38961.05,40307.33,7.0,9.0
0,2022-10-20,17.13,38909.25,40182.69,8.3,11.4
0,2022-10-21,15.93,32400.00,40058.66,12.7,14.2
0,2022-10-22,12.54,27542.35,39935.34,15.1,16.5
0,2022-10-23,14.52,28880.62,39812.83,12.0,16.9
0,2022-10-24,14.98,38444.93,39691.24,8.1,9.7
0,2022-10-25,14.45,38645.45,39570.68,6.7,8.7
0,2022-10-26,16.13,36541.77,39451.27,6.6,9.5
0,2022-10-27,10.84,28529.59,39333.12,8.5,10.6
0,2022-10-28,15.39,37405.62,39216.34,9.6,12.1
0,2022-10-29,14.74,36000.00,39101.06,7.3,11.1
0,2022-10-30,14.21,38061.47,38987.21,7.1,9.4
0,2022-10-31,11.67,24194.57,38873.76,12.4,14.0
0,2022-11-01,2.64,649.64,38760.62,12.6,14.3
0,2022-11-02,14.01,36892.84,38647.91,11.8,15.5
0,2022-11-03,14.29,36571.12,38535.75,12.5,14.6
0,2022-11-04,12.78,34520.27,38424.25,9.1,12.8
0,2022-11-05,11.65,36525.90,38313.53,7.8,10.4
0,2022-11-06,13.26,35905.88,38203.70,6.0,8.3
0,2022-11-07,12.98,29342.20,38094.89,7.4,11.6
0,2022-11-08,12.19,36167.19,37987.22,8.7,12.6
0,2022-11-09,13.89,35848.56,37880.82,7.6,12.7
0,2022-11-10,13.20,35530.08,37775.80,9.9,13.0
0,2022-11-11,13.05,35514.77,37672.32,10.1,12.6
0,2022-11-12,12.94,35403.76,37570.49,12.7,14.8
0,2022-11-13,4.26,11793.16,37470.44,13.5,18.2
0,2022-11-14,10.49,35319.08,37372.33,5.7,7.0
0,2022-11-15,10.95,34661.43,37276.27,6.7,8.4
0,2022-11-16,10.15,32552.81,37182.43,5.5,10.0
0,2022-11-17,9.08,25564.80,37090.93,5.0,8.6
0,2022-11-18,12.94,35172.28,37001.93,6.1,9.3
0,2022-11-19,11.26,29429.00,36915.39,7.6,10.8
0,2022-11-20,7.95,28192.43,36830.37,10.8,11.9
0,2022-11-21,9.31,29604.73,36746.80,11.5,14.3
0,2022-11-22,9.41,19506.13,36664.79,10.8,12.8
0,2022-11-23,2.23,3600.00,36584.43,11.8,13.9
0,2022-11-24,10.70,30093.05,36505.84,7.0,12.1
0,2022-11-25,12.14,32201.42,36429.12,7.9,10.4
0,2022-11-26,6.71,18925.34,36354.39,10.8,13.6
0,2022-11-27,11.15,31004.17,36281.75,6.3,9.8
0,2022-11-28,10.00,25723.08,36211.32,12.6,15.0
0,2022-11-29,4.09,4699.29,36143.20,15.6,17.7
0,2022-11-30,6.01,16947.63,36077.52,5.1,11.6
0,2022-12-01,8.34,21893.13,36014.38,1.5,3.8
0,2022-12-02,9.43,33708.20,35953.90,-0.7,1.5
0,2022-12-03,11.14,31312.49,35896.20,3.3,5.9
0,2022-12-04,4.14,10800.00,35841.38,5.2,7.6
0,2022-12-05,7.42,21835.17,35789.58,4.5,6.7
0,2022-12-06,9.35,30311.93,35740.89,1.6,6.7
0,2022-12-07,9.46,26116.81,35695.45,0.8,2.8
0,2022-12-08,10.27,31840.12,35653.35,2.6,6.3
0,2022-12-09,11.28,33738.29,35614.63,2.6,6.0
0,2022-12-10,11.22,31107.92,35578.79,5.0,7.8
0,2022-12-11,9.38,33030.38,35545.77,3.9,7.1
0,2022-12-12,11.24,31318.72,35515.60,3.6,7.0
0,2022-12-13,7.40,25075.58,35488.32,3.7,8.3
0,2022-12-14,10.67,33664.38,35463.94,-4.6,1.5
0,2022-12-15,8.82,26411.68,35442.50,-2.3,0.5
0,2022-12-16,8.91,28008.83,35424.02,1.5,3.0
0,2022-12-17,1.73,3425.14,35408.52,1.7,5.0
0,2022-12-18,11.16,34781.34,35396.04,-7.5,-3.4
0,2022-12-19,10.74,34812.57,35386.59,-6.0,-3.6
0,2022-12-20,8.89,20349.11,35380.19,-2.0,0.2
0,2022-12-21,9.32,24943.31,35376.86,3.8,6.9
0,2022-12-22,5.80,21607.64,35376.62,-0.9,8.8
0,2022-12-23,9.46,34807.52,35379.49,-7.4,-1.7
0,2022-12-24,9.48,34192.42,35385.49,0.3,1.3
0,2022-12-25,9.34,33825.12,35394.63,-0.0,2.3
0,2022-12-26,8.84,34438.51,35406.91,-0.7,1.3
0,2022-12-27,7.87,25678.86,35422.36,-1.4,2.1
0,2022-12-28,10.58,30335.68,35440.99,1.9,4.0
0,2022-12-29,8.29,25780.19,35462.83,-0.9,1.8
0,2022-12-30,8.75,25147.09,35488.15,-1.0,0.3
0,2022-12-31,8.50,30680.00,35516.89,-0.4,1.4
0,2023-01-01,9.53,25344.57,35548.97,0.3,2.0
0,2023-01-02,6.32,23593.21,35584.31,0.2,3.8
0,2023-01-03,9.67,35061.67,35622.81,-1.6,2.1
0,2023-01-04,9.42,35104.46,35664.39,-0.7,1.3
0,2023-01-05,7.53,29153.42,35708.97,-0.4,1.8
0,2023-01-06,8.13,30576.10,35756.45,-1.2,1.7
0,2023-01-07,5.69,11492.66,35806.74,1.9,4.1
0,2023-01-08,8.85,28686.41,35859.76,2.8,4.6
0,2023-01-09,11.19,35362.58,35915.42,3.4,6.2
0,2023-01-10,9.49,32447.87,35973.61,-3.1,0.1
0,2023-01-11,11.73,35459.36,36034.27,-2.8,1.3
0,2023-01-12,11.80,35468.18,36097.29,2.1,5.9
0,2023-01-13,7.18,16788.78,36162.60,9.8,12.1
0,2023-01-14,3.32,4422.78,36230.10,10.3,13.0
0,2023-01-15,7.43,21600.00,36299.70,6.9,9.0
0,2023-01-16,6.16,19297.56,36371.31,0.9,8.7
0,2023-01-17,12.31,32400.00,36444.86,0.1,2.4
0,2023-01-18,8.19,31252.92,36520.41,0.5,3.0
0,2023-01-19,10.39,35585.26,36598.79,0.0,2.7
0,2023-01-20,11.35,35610.09,36680.01,-1.1,2.6
0,2023-01-21,9.33,29712.02,36763.94,-3.6,-1.0
0,2023-01-22,11.16,32400.00,36850.41,0.1,2.4
0,2023-01-23,3.75,1306.83,36939.29,3.5,4.4
0,2023-01-24,8.07,27858.18,37030.45,-6.7,3.7
0,2023-01-25,10.43,35762.28,37123.73,-7.6,-5.6
0,2023-01-26,11.94,31009.29,37219.00,-2.1,-1.1
0,2023-01-27,2.77,7035.15,37316.13,-0.9,2.5
0,2023-01-28,11.21,29018.34,37414.99,-4.1,-1.7
0,2023-01-29,10.78,29446.14,37515.45,-3.4,-0.6
0,2023-01-30,11.12,35956.01,37617.36,-2.8,0.7
0,2023-01-31,10.70,31880.65,37720.61,-3.5,-1.3
0,2023-02-01,9.48,22710.05,37825.08,1.8,5.3
0,2023-02-02,8.18,19744.48,37930.63,-2.3,0.2
0,2023-02-03,5.13,6373.14,38037.15,-2.0,-0.4
0,2023-02-04,13.30,36000.00,38144.52,0.4,3.5
0,2023-02-05,13.48,36135.44,38252.63,-1.1,2.5
0,2023-02-06,12.82,28801.35,38361.36,1.4,2.6
0,2023-02-07,4.86,3779.59,38470.79,3.6,4.9
0,2023-02-08,10.36,31070.16,38581.98,0.9,5.3
0,2023-02-09,10.67,27946.27,38694.97,-2.4,2.6
0,2023-02-10,2.87,3796.76,38809.65,5.3,6.7
0,2023-02-11,13.71,36000.00,38925.88,2.8,5.8
0,2023-02-12,14.67,32400.00,39043.52,6.4,8.0
0,2023-02-13,2.90,3600.00,39162.47,2.5,8.0
0,2023-02-14,7.84,11222.62,39282.57,-4.7,-2.0
0,2023-02-15,7.41,10076.00,39403.74,-4.9,-3.6
0,2023-02-16,10.29,27982.58,39525.82,-4.1,-2.8
0,2023-02-17,13.98,33034.56,39648.72,0.3,2.2
0,2023-02-18,4.90,3640.67,39772.31,8.5,13.1
0,2023-02-19,1.63,1878.04,39896.48,6.7,13.3
0,2023-02-20,12.15,30143.54,40021.12,-1.0,3.7
0,2023-02-21,15.57,36138.26,40146.12,-4.9,-1.8
0,2023-02-22,16.97,34896.18,40271.37,-0.6,2.2
0,2023-02-23,11.34,20788.40,40396.76,3.0,4.9
0,2023-02-24,2.89,3600.00,40522.20,2.2,4.7
0,2023-02-25,15.73,38777.90,40647.56,-4.0,-0.7
0,2023-02-26,9.37,16127.73,40772.76,-3.5,-1.5
0,2023-02-27,18.41,39095.93,40897.86,0.1,4.0
0,2023-02-28,18.44,38834.63,41023.90,3.3,6.0
0,2023-03-01,17.11,35097.27,41150.95,6.5,9.2
0,2023-03-02,13.50,34649.73,41278.91,-1.5,5.2
0,2023-03-03,16.35,38992.74,41407.69,-1.3,0.3
0,2023-03-04,15.06,33804.72,41537.18,1.3,3.4
0,2023-03-05,18.27,37699.22,41667.30,0.2,2.8
0,2023-03-06,19.55,40312.29,41797.95,1.2,4.0
0,2023-03-07,19.77,40602.99,41929.02,-0.1,3.8
0,2023-03-08,19.34,40610.99,42060.44,2.7,5.7
0,2023-03-09,16.61,32873.65,42192.09,9.0,11.6
0,2023-03-10,16.66,41751.31,42323.91,6.7,12.0
0,2023-03-11,20.24,40633.25,42455.78,4.6,12.1
0,2023-03-12,15.88,29611.57,42587.64,9.5,11.1
0,2023-03-13,11.47,28895.29,42719.37,-0.4,6.7
0,2023-03-14,20.94,42391.98,42850.89,1.2,3.5
0,2023-03-15,20.85,42523.33,42982.12,6.2,8.3
0,2023-03-16,18.27,34160.08,43112.96,9.6,11.4
0,2023-03-17,10.05,8784.63,43243.31,5.9,8.5
0,2023-03-18,9.96,22330.73,43373.11,3.9,7.2
0,2023-03-19,21.38,42850.14,43502.42,2.6,6.6
0,2023-03-20,20.82,35315.10,43632.16,4.2,7.9
0,2023-03-21,8.37,7568.43,43762.44,10.3,12.3
0,2023-03-22,20.06,36000.00,43893.17,12.7,14.4
0,2023-03-23,5.11,3312.82,44024.26,16.3,18.1
0,2023-03-24,10.65,11662.53,44155.64,10.8,15.6
0,2023-03-25,11.07,15707.99,44287.21,8.1,11.1
0,2023-03-26,3.54,7200.00,44418.90,7.7,11.2
0,2023-03-27,17.76,39600.00,44550.64,2.8,6.0
0,2023-03-28,23.00,43200.00,44682.31,1.1,3.5
0,2023-03-29,23.04,41481.92,44813.86,1.1,4.7
0,2023-03-30,22.21,34816.62,44945.19,2.8,7.9
0,2023-03-31,17.43,34078.37,45076.22,5.0,8.1
0,2023-04-01,23.25,42643.08,45206.86,5.1,8.3
0,2023-04-02,19.29,37450.23,45337.03,6.8,10.1
0,2023-04-03,18.13,39885.31,45466.64,6.6,7.9
0,2023-04-04,22.01,36000.00,45595.59,9.1,10.3
0,2023-04-05,12.23,12984.86,45723.81,9.3,12.9
0,2023-04-06,10.83,15463.92,45851.19,14.1,15.0
0,2023-04-07,4.04,7200.00,45977.65,11.7,16.7
0,2023-04-08,18.62,43200.00,46103.26,1.4,8.8
0,2023-04-09,24.35,43200.00,46228.90,3.6,6.9
0,2023-04-10,23.90,43200.00,46354.65,8.4,10.9
0,2023-04-11,20.75,43192.44,46480.44,10.9,14.0
0,2023-04-12,10.88,16805.92,46606.17,7.9,13.7
0,2023-04-13,24.75,40095.30,46731.76,3.7,7.6
0,2023-04-14,18.30,21600.00,46857.12,9.9,13.5
0,2023-04-15,7.44,6433.77,46982.18,12.8,13.7
0,2023-04-16,19.76,43200.00,47106.84,8.7,10.2
0,2023-04-17,19.72,43200.00,47231.00,5.0,7.9
0,2023-04-18,18.72,25788.11,47354.59,11.6,16.4
0,2023-04-19,9.21,5843.22,47477.51,15.4,16.7
0,2023-04-20,23.50,39600.00,47599.64,15.1,16.8
0,2023-04-21,21.68,43774.45,47720.92,8.2,16.2
0,2023-04-22,25.70,43741.38,47841.23,2.0,4.0
0,2023-04-23,24.40,40785.04,47960.48,1.9,4.0
0,2023-04-24,8.61,1801.61,48078.56,1.4,6.4
0,2023-04-25,4.50,0.00,48195.37,12.1,14.3
0,2023-04-26,6.60,7904.28,48310.80,9.5,15.2
0,2023-04-27,24.80,43585.92,48424.75,8.8,11.4
0,2023-04-28,24.11,44136.31,48537.26,10.0,12.7
0,2023-04-29,17.32,23201.76,48649.18,15.6,18.5
0,2023-04-30,11.98,10640.74,48760.58,11.2,15.2
0,2023-05-01,26.47,45219.60,48871.36,6.7,9.9
0,2023-05-02,25.97,43230.45,48981.44,6.6,8.9
0,2023-05-03,24.90,40695.06,49090.72,12.1,13.5
0,2023-05-04,25.47,40745.15,49199.12,12.4,14.0
0,2023-05-05,19.72,38826.37,49306.52,13.7,15.2
0,2023-05-06,14.97,27110.13,49412.84,17.3,19.0
0,2023-05-07,3.81,0.00,49517.98,15.5,20.5
0,2023-05-08,19.08,37761.06,49621.83,8.0,10.1
0,2023-05-09,27.24,47669.74,49724.28,10.4,11.8
0,2023-05-10,25.83,47249.40,49825.25,10.0,15.3
0,2023-05-11,28.13,48328.31,49924.61,5.5,7.7
0,2023-05-12,26.74,36000.00,50022.26,7.9,13.4
0,2023-05-13,11.25,10800.00,50118.08,13.1,14.8
0,2023-05-14,17.18,34154.54,50211.97,14.3,16.1
0,2023-05-15,23.31,44747.86,50303.81,13.8,16.1
0,2023-05-16,27.60,48930.21,50393.48,13.6,15.8
0,2023-05-17,27.64,47595.79,50480.87,15.7,18.6
0,2023-05-18,20.16,23030.05,50565.99,17.5,18.4
0,2023-05-19,6.29,8552.34,50649.55,16.1,17.3
0,2023-05-20,19.02,40623.65,50731.59,15.6,17.7
0,2023-05-21,27.44,49404.48,50812.03,16.3,17.9
0,2023-05-22,24.21,32400.00,50890.79,15.2,18.3
0,2023-05-23,20.33,46130.23,50967.79,10.2,13.4
0,2023-05-24,26.55,37640.95,51042.96,9.2,12.9
0,2023-05-25,17.60,35950.85,51116.19,13.2,16.5
0,2023-05-26,21.16,41673.74,51187.42,15.4,16.9
0,2023-05-27,20.24,40334.51,51256.55,15.8,17.7
0,2023-05-28,20.40,35235.95,51323.51,17.3,20.8
0,2023-05-29,9.39,9176.87,51388.19,20.3,20.9
0,2023-05-30,10.05,5625.38,51450.52,16.9,18.3
0,2023-05-31,15.30,29481.30,51510.40,14.3,17.7
0,2023-06-01,17.92,21266.84,51567.76,19.1,19.8
0,2023-06-02,2.52,3600.00,51622.50,19.1,20.4
0,2023-06-03,25.93,47695.10,51674.54,12.6,16.7
0,2023-06-04,22.06,38057.52,51723.78,13.9,17.3
0,2023-06-05,22.66,37429.15,51770.15,15.0,17.9
0,2023-06-06,10.52,11832.06,51813.54,14.9,16.1
0,2023-06-07,22.33,36871.16,51853.95,16.1,17.9
0,2023-06-08,7.14,2063.04,51891.72,18.3,20.3
0,2023-06-09,19.09,33082.90,51926.88,17.7,19.1
0,2023-06-10,14.08,10784.27,51959.42,19.0,20.1
0,2023-06-11,6.17,0.00,51989.30,19.9,20.8
0,2023-06-12,8.06,7612.82,52016.51,20.5,22.1
0,2023-06-13,21.79,31886.14,52041.02,19.8,20.9
0,2023-06-14,13.17,15153.41,52062.81,20.5,21.7
0,2023-06-15,9.05,12142.04,52081.86,19.2,21.2
0,2023-06-16,25.05,50261.96,52098.15,17.1,18.9
0,2023-06-17,27.74,44026.61,52111.67,17.4,19.3
0,2023-06-18,16.86,25288.67,52122.39,18.3,19.8
0,2023-06-19,27.59,50400.00,52130.30,16.5,19.6
0,2023-06-20,23.02,47278.18,52135.38,18.4,19.8
0,2023-06-21,15.89,15659.46,52137.62,16.9,18.0
0,2023-06-22,9.48,7568.07,52137.00,18.5,19.7
0,2023-06-23,20.54,42481.66,52133.53,18.8,20.1
0,2023-06-24,18.28,29327.23,52127.17,19.0,20.2
0,2023-06-25,18.45,21590.85,52117.93,18.5,20.1
0,2023-06-26,8.59,7241.88,52105.80,21.3,22.1
0,2023-06-27,22.08,46443.22,52090.74,22.8,24.5
0,2023-06-28,19.89,29849.11,52072.58,22.7,24.8
0,2023-06-29,21.13,29239.95,52051.36,22.9,23.6
0,2023-06-30,8.46,4642.25,52027.12,23.9,25.5
0,2023-07-01,10.75,12301.50,51999.94,22.5,23.2
0,2023-07-02,26.14,43803.36,51969.86,22.2,23.2
0,2023-07-03,20.88,37410.28,51936.96,22.4,23.6
0,2023-07-04,26.51,39600.00,51901.30,20.8,22.0
0,2023-07-05,9.05,10479.90,51862.93,22.8,23.8
0,2023-07-06,26.74,48412.40,51821.93,19.6,23.2
0,2023-07-07,23.21,32400.00,51778.36,23.5,25.2
0,2023-07-08,15.15,29052.59,51732.28,24.1,25.3
0,2023-07-09,12.46,20543.69,51683.76,24.4,26.4
0,2023-07-10,22.11,46505.37,51632.87,24.0,25.9
0,2023-07-11,26.64,50400.00,51579.67,23.0,25.1
0,2023-07-12,17.65,25201.20,51524.22,23.7,25.6
0,2023-07-13,12.01,7862.84,51466.60,22.8,24.3
0,2023-07-14,18.13,19599.02,51406.86,22.4,25.1
0,2023-07-15,21.06,45353.59,51345.07,22.9,24.0
0,2023-07-16,27.21,50366.63,51281.31,22.3,23.9
0,2023-07-17,27.48,50329.35,51215.51,22.5,23.9
0,2023-07-18,24.62,40409.28,51147.09,23.4,25.1
0,2023-07-19,18.68,32976.10,51076.05,22.8,24.3
0,2023-07-20,24.67,50212.42,51002.50,20.2,21.2
0,2023-07-21,27.62,50171.96,50926.55,20.7,22.7
0,2023-07-22,25.98,50130.85,50848.31,22.4,23.4
0,2023-07-23,25.14,49982.29,50767.88,22.6,23.4
0,2023-07-24,25.32,49693.92,50685.38,22.7,23.6
0,2023-07-25,25.42,49707.35,50600.90,23.4,25.0
0,2023-07-26,23.93,48801.85,50514.56,23.9,25.7
0,2023-07-27,22.77,45543.40,50426.47,24.0,25.6
0,2023-07-28,23.27,48171.97,50336.71,24.0,24.9
0,2023-07-29,25.21,48739.15,50245.39,22.9,24.2
0,2023-07-30,24.00,40731.24,50152.60,23.7,24.4
0,2023-07-31,20.08,30062.72,50058.46,23.1,24.2
0,2023-08-01,22.09,44501.34,49963.04,23.0,24.4
0,2023-08-02,24.20,48134.29,49866.46,23.2,25.3
0,2023-08-03,22.77,46689.35,49768.79,23.9,25.3
0,2023-08-04,23.02,47611.89,49670.14,23.9,24.9
0,2023-08-05,23.55,47058.35,49570.58,23.4,25.5
0,2023-08-06,23.16,45625.15,49470.06,23.2,24.5
0,2023-08-07,14.86,27217.44,49367.80,23.6,24.3
0,2023-08-08,22.38,44828.88,49263.75,23.5,24.2
0,2023-08-09,21.72,42439.82,49158.02,23.7,24.2
0,2023-08-10,23.41,45210.36,49050.73,22.5,23.4
0,2023-08-11,24.38,46713.19,48941.97,23.2,24.9
0,2023-08-12,24.57,46756.76,48831.87,21.7,24.5
0,2023-08-13,22.23,36720.18,48720.52,22.7,23.8
0,2023-08-14,10.90,12522.07,48608.03,23.8,25.4
0,2023-08-15,3.25,5928.66,48494.49,23.5,24.3
0,2023-08-16,22.78,42841.48,48380.01,24.6,26.2
0,2023-08-17,12.60,10019.31,48264.69,25.3,26.7
0,2023-08-18,11.87,10579.76,48148.60,25.3,25.6
0,2023-08-19,22.43,43917.18,48031.87,24.9,25.8
0,2023-08-20,23.43,43683.72,47914.55,25.3,26.9
0,2023-08-21,23.00,43738.01,47796.76,24.2,25.7
0,2023-08-22,20.81,43348.68,47678.58,24.1,24.9
0,2023-08-23,20.27,39477.51,47560.10,24.1,25.5
0,2023-08-24,12.98,18280.63,47441.40,24.4,25.2
0,2023-08-25,19.79,41077.43,47322.57,23.7,24.5
0,2023-08-26,20.96,40042.76,47203.53,23.3,24.9
0,2023-08-27,21.93,43200.00,47083.46,23.5,24.4
0,2023-08-28,22.14,43200.00,46962.28,23.5,24.1
0,2023-08-29,21.79,36000.00,46840.10,23.1,25.0
0,2023-08-30,9.73,6904.35,46717.00,23.6,25.0
0,2023-08-31,18.10,39541.53,46593.08,22.1,23.3
0,2023-09-01,21.76,37774.43,46468.41,22.3,23.8
0,2023-09-02,18.24,35202.30,46343.10,22.0,23.5
0,2023-09-03,21.45,39600.00,46217.23,22.2,24.0
0,2023-09-04,17.56,39600.00,46090.87,23.2,24.1
0,2023-09-05,18.49,39981.53,45964.12,23.3,24.0
0,2023-09-06,12.20,30882.31,45837.05,21.8,24.0
0,2023-09-07,14.49,30401.76,45709.75,20.6,21.6
0,2023-09-08,14.60,36101.45,45582.29,22.0,23.4
0,2023-09-09,21.09,39600.00,45454.75,20.1,22.0
0,2023-09-10,17.01,30154.39,45327.22,22.3,23.6
0,2023-09-11,13.55,24458.96,45199.77,22.7,24.0
0,2023-09-12,18.04,40736.63,45072.47,22.8,23.8
0,2023-09-13,20.12,42625.35,44945.40,22.1,23.4
0,2023-09-14,17.16,33245.10,44818.65,23.3,24.4
0,2023-09-15,18.51,41991.46,44692.12,24.0,25.3
0,2023-09-16,21.32,43169.69,44564.97,22.9,24.2
0,2023-09-17,18.30,41918.34,44437.13,23.3,23.9
0,2023-09-18,14.94,34050.61,44308.68,22.9,24.1
0,2023-09-19,19.55,39314.10,44179.70,22.3,23.6
0,2023-09-20,16.00,28800.00,44050.28,22.3,23.5
0,2023-09-21,14.36,28290.68,43920.50,23.3,24.3
0,2023-09-22,13.23,23177.23,43790.44,21.0,22.8
0,2023-09-23,16.80,30838.46,43660.17,16.1,20.0
0,2023-09-24,19.97,42480.97,43529.79,16.6,18.2
0,2023-09-25,19.62,42394.17,43399.36,17.7,19.3
0,2023-09-26,16.82,39834.53,43268.98,19.0,20.3
0,2023-09-27,18.58,41370.36,43138.71,21.3,22.7
0,2023-09-28,17.44,39733.34,43008.64,21.0,23.1
0,2023-09-29,18.93,41738.87,42878.86,17.2,19.4
0,2023-09-30,17.86,33549.83,42749.44,20.4,21.8
0,2023-10-01,8.03,12793.25,42620.46,16.9,20.6
0,2023-10-02,18.68,41028.29,42492.01,11.7,14.6
0,2023-10-03,13.73,29263.88,42364.15,15.9,19.3
0,2023-10-04,15.21,34703.77,42237.00,17.7,19.9
0,2023-10-05,8.56,19995.22,42110.45,11.3,18.1
0,2023-10-06,15.38,37031.83,41983.58,9.6,12.2
0,2023-10-07,13.34,30451.18,41856.32,10.2,12.0
0,2023-10-08,4.32,0.00,41728.76,13.2,14.8
0,2023-10-09,5.81,3885.82,41601.00,17.0,17.6
0,2023-10-10,14.91,35165.85,41473.11,13.9,18.1
0,2023-10-11,17.64,39488.25,41345.20,11.1,13.2
0,2023-10-12,18.13,39325.30,41217.36,10.6,12.7
0,2023-10-13,17.64,34481.15,41089.69,10.6,12.5
0,2023-10-14,9.96,16720.48,40962.27,15.2,16.8
0,2023-10-15,15.79,39176.97,40835.21,12.8,16.3
0,2023-10-16,15.47,39126.84,40708.60,13.1,14.6
0,2023-10-17,14.43,39076.39,40582.54,12.4,16.2
0,2023-10-18,17.19,39025.60,40457.13,11.9,14.7
0,2023-10-19,16.72,38974.46,40332.47,13.9,16.6
0,2023-10-20,11.76,26069.68,40208.67,12.9,17.3
0,2023-10-21,13.89,38871.21,40085.83,7.4,10.0
0,2023-10-22,14.62,36000.00,39964.05,8.2,10.2
0,2023-10-23,15.79,38766.65,39843.45,10.3,12.5
0,2023-10-24,14.93,38143.62,39724.14,10.8,13.0
0,2023-10-25,14.50,38660.70,39606.03,11.3,13.1
0,2023-10-26,15.36,38112.37,39488.12,10.4,12.7
0,2023-10-27,15.00,36190.66,39370.32,11.2,13.4
0,2023-10-28,13.94,37781.36,39252.75,8.8,12.2
0,2023-10-29,13.59,37135.27,39135.51,8.3,9.9
0,2023-10-30,12.39,37095.45,39018.71,9.7,11.4
0,2023-10-31,15.19,37792.45,38902.47,8.2,11.2
0,2023-11-01,15.05,37519.72,38786.89,9.3,11.2
0,2023-11-02,14.61,37197.20,38672.11,12.1,15.5
0,2023-11-03,14.68,36874.73,38558.23,12.0,15.8
0,2023-11-04,12.65,28800.00,38445.38,13.1,15.8
0,2023-11-05,13.26,35758.52,38333.67,15.6,16.7
0,2023-11-06,7.65,15635.18,38223.25,17.2,20.4
0,2023-11-07,11.82,32286.61,38114.22,8.8,11.2
0,2023-11-08,13.89,33255.35,38006.73,9.9,12.1
0,2023-11-09,10.37,28350.20,37900.91,14.8,17.1
0,2023-11-10,2.53,2001.39,37796.88,13.4,16.7
0,2023-11-11,10.04,28796.82,37694.79,6.1,7.5
0,2023-11-12,3.36,0.00,37594.77,6.2,10.3
0,2023-11-13,7.53,21402.07,37496.96,3.6,5.8
0,2023-11-14,10.90,31333.00,37401.33,5.0,6.6
0,2023-11-15,10.57,31361.12,37306.88,6.4,9.5
0,2023-11-16,10.16,23175.23,37213.53,9.2,11.7
0,2023-11-17,6.41,15776.85,37121.40,5.6,11.7
0,2023-11-18,6.63,17990.90,37030.60,0.8,5.6
0,2023-11-19,11.67,35066.09,36941.23,6.0,8.1
0,2023-11-20,9.62,29910.39,36853.43,4.2,7.6
0,2023-11-21,12.88,35093.63,36767.30,4.4,7.9
0,2023-11-22,12.67,35066.48,36682.97,6.6,11.3
0,2023-11-23,11.53,34216.64,36600.56,11.1,14.2
0,2023-11-24,11.72,33606.48,36520.19,3.1,11.3
0,2023-11-25,6.94,19088.25,36441.98,2.3,3.8
0,2023-11-26,11.56,34900.96,36366.06,3.0,5.6
0,2023-11-27,6.45,18000.00,36292.56,7.9,10.2
0,2023-11-28,9.94,33982.77,36221.59,1.4,11.5
0,2023-11-29,8.85,23615.26,36153.31,3.8,5.3
0,2023-11-30,9.57,34325.68,36087.82,1.8,3.3
0,2023-12-01,9.81,34138.58,36025.26,0.2,3.4
0,2023-12-02,8.74,33080.85,35965.77,1.4,1.9
0,2023-12-03,9.80,34355.90,35909.47,1.4,5.3
0,2023-12-04,11.43,31281.18,35856.36,1.6,5.1
0,2023-12-05,4.05,4138.99,35805.82,6.1,7.6
0,2023-12-06,10.60,32357.71,35757.77,6.8,8.4
0,2023-12-07,9.13,34378.80,35712.26,1.0,8.5
0,2023-12-08,11.39,34884.14,35669.36,3.1,7.3
0,2023-12-09,10.25,29704.46,35629.12,8.1,10.9
0,2023-12-10,10.81,30782.70,35591.58,9.7,12.9
0,2023-12-11,8.98,23944.17,35556.82,10.3,13.0
0,2023-12-12,3.69,10800.00,35524.89,8.4,15.3
0,2023-12-13,10.61,32587.64,35495.83,2.9,4.6
0,2023-12-14,9.31,20396.19,35469.70,7.6,10.0
0,2023-12-15,6.55,19178.21,35446.54,15.4,17.7
0,2023-12-16,4.86,10664.49,35426.42,4.7,13.5
0,2023-12-17,8.57,23491.18,35409.38,-6.1,-4.2
0,2023-12-18,7.87,19917.15,35395.46,-0.5,1.5
0,2023-12-19,4.17,9402.68,35384.72,2.3,4.1
0,2023-12-20,8.90,31014.19,35377.21,-0.9,4.9
0,2023-12-21,11.22,34800.64,35372.95,-8.4,-5.1
0,2023-12-22,11.20,34800.46,35372.01,-7.0,-3.2
0,2023-12-23,9.27,24810.47,35374.42,-2.4,-0.6
0,2023-12-24,9.62,34810.09,35380.22,-0.9,0.9
0,2023-12-25,9.66,33443.26,35389.47,-0.8,2.5
0,2023-12-26,10.67,33478.61,35402.10,0.4,1.8
0,2023-12-27,8.72,31684.26,35418.08,1.8,4.1
0,2023-12-28,10.97,34869.32,35437.32,3.2,4.1
0,2023-12-29,9.73,34892.56,35459.79,0.7,5.7
0,2023-12-30,10.72,34919.05,35485.42,4.4,6.9
0,2023-12-31,6.00,23324.40,35514.14,6.2,11.0
0,2024-01-01,9.19,34981.54,35545.90,-0.6,3.8
0,2024-01-02,11.34,32048.26,35580.62,0.5,2.0
0,2024-01-03,6.57,18265.70,35618.25,5.4,7.4
0,2024-01-04,8.14,29457.43,35658.72,1.0,4.5
0,2024-01-05,11.35,35142.65,35701.97,2.6,3.9
0,2024-01-06,6.01,22963.85,35747.92,4.5,8.2
0,2024-01-07,10.61,35240.22,35796.51,-4.0,1.4
0,2024-01-08,6.52,16825.52,35847.68,-3.3,-1.1
0,2024-01-09,11.21,32307.61,35901.35,-0.2,1.6
0,2024-01-10,2.45,975.00,35957.46,1.6,4.4
0,2024-01-11,9.60,28888.50,36015.95,0.0,2.5
0,2024-01-12,9.79,35461.89,36076.74,2.0,5.5
0,2024-01-13,9.84,35473.27,36139.90,-2.7,2.1
0,2024-01-14,12.15,32400.00,36206.14,2.0,4.7
0,2024-01-15,8.24,25464.35,36275.45,-1.9,3.9
0,2024-01-16,9.43,35519.26,36347.72,-4.1,-3.0
0,2024-01-17,12.39,32400.00,36422.77,-0.0,3.4
0,2024-01-18,1.70,0.00,36500.49,7.2,8.6
0,2024-01-19,10.24,28384.20,36580.75,3.5,5.9
0,2024-01-20,5.58,12590.05,36663.40,8.6,11.3
0,2024-01-21,4.06,2107.53,36748.31,5.5,10.2
0,2024-01-22,10.61,32356.50,36835.36,2.0,5.5
0,2024-01-23,11.62,33565.95,36924.41,-7.6,-4.4
0,2024-01-24,11.14,35722.09,37015.34,-6.3,-4.5
0,2024-01-25,9.50,34139.39,37108.02,-3.6,-2.5
0,2024-01-26,8.89,26923.24,37202.32,-2.2,-0.9
0,2024-01-27,9.71,26100.25,37298.13,-1.1,0.9
0,2024-01-28,9.33,24493.16,37395.32,1.3,3.5
0,2024-01-29,11.33,34719.77,37493.78,-0.9,2.6
0,2024-01-30,12.51,32400.00,37593.38,0.2,3.2
0,2024-01-31,3.65,1888.13,37694.03,6.4,8.1
0,2024-02-01,7.37,15489.66,37795.59,0.6,8.6
0,2024-02-02,12.66,34415.50,37898.16,-2.5,-1.2
0,2024-02-03,11.94,27502.57,38002.76,0.3,2.2
0,2024-02-04,10.76,28800.00,38109.43,0.5,3.0
0,2024-02-05,2.56,3699.91,38218.04,2.5,4.5
0,2024-02-06,8.88,28345.90,38328.44,-0.8,3.2
0,2024-02-07,12.11,36000.00,38440.51,-0.0,2.5
0,2024-02-08,12.10,34717.20,38554.11,-1.9,1.2
0,2024-02-09,14.22,32961.60,38669.10,-1.4,0.2
0,2024-02-10,12.84,36000.00,38785.36,0.4,3.6
0,2024-02-11,12.73,36248.58,38902.76,0.2,2.8
0,2024-02-12,12.64,36804.63,39021.18,-1.7,0.8
0,2024-02-13,15.63,36771.41,39140.49,4.7,8.1
0,2024-02-14,14.55,28800.00,39260.58,7.2,9.9
0,2024-02-15,10.37,25816.75,39381.31,8.9,13.9
0,2024-02-16,11.28,27169.78,39502.60,-1.3,0.3
0,2024-02-17,10.65,25797.38,39624.31,6.1,8.6
0,2024-02-18,11.31,32718.04,39746.32,10.1,12.6
0,2024-02-19,4.49,3470.71,39868.54,14.1,15.9
0,2024-02-20,6.90,3139.59,39990.86,9.3,14.8
0,2024-02-21,4.60,3600.00,40113.16,8.5,12.5
0,2024-02-22,9.13,16483.54,40235.52,2.7,4.6
0,2024-02-23,3.42,1558.41,40359.00,0.5,3.3
0,2024-02-24,15.01,32535.55,40483.67,0.4,4.7
0,2024-02-25,3.00,3600.00,40609.42,3.8,5.3
0,2024-02-26,12.36,38449.71,40736.14,-1.1,1.9
0,2024-02-27,11.67,32931.87,40863.74,-1.9,-0.0
0,2024-02-28,17.66,35221.44,40992.09,-0.2,0.7
0,2024-02-29,4.04,0.00,41121.11,4.1,6.0
0,2024-03-01,11.81,30786.43,41250.69,-0.4,5.0
0,2024-03-02,10.20,17724.55,41380.74,-4.5,-2.7
0,2024-03-03,16.92,36988.06,41511.15,0.4,4.0
0,2024-03-04,13.60,31479.60,41641.83,3.3,5.5
0,2024-03-05,2.57,0.00,41772.68,5.2,7.0
0,2024-03-06,7.83,9849.90,41903.61,1.2,5.2
0,2024-03-07,16.34,32761.60,42034.53,-0.9,0.8
0,2024-03-08,16.02,36756.63,42165.32,-1.6,0.9
0,2024-03-09,17.10,41187.26,42295.91,-4.1,-1.6
0,2024-03-10,16.07,41476.37,42426.21,-3.7,-1.1
0,2024-03-11,18.57,31478.65,42556.11,3.0,6.3
0,2024-03-12,2.66,5040.50,42685.53,4.4,7.4
0,2024-03-13,15.04,37531.36,42814.55,-1.4,1.4
0,2024-03-14,16.96,42484.87,42944.11,3.2,5.6
0,2024-03-15,21.32,42577.92,43074.30,1.7,5.7
0,2024-03-16,20.37,36213.63,43205.05,6.8,9.6
0,2024-03-17,7.99,14705.88,43336.26,5.8,9.8
0,2024-03-18,19.51,36760.11,43467.86,-3.6,-1.8
0,2024-03-19,13.66,29838.45,43599.75,2.1,5.1
0,2024-03-20,17.05,42995.64,43731.86,-2.6,2.5
0,2024-03-21,14.85,30902.95,43864.10,-2.1,0.7
0,2024-03-22,18.53,36000.00,43996.38,0.1,4.3
0,2024-03-23,3.35,0.00,44128.62,7.9,10.1
0,2024-03-24,4.74,0.00,44260.75,9.3,10.2
0,2024-03-25,4.44,0.00,44392.67,11.3,12.3
0,2024-03-26,5.69,4304.49,44524.30,5.5,13.9
0,2024-03-27,21.75,40984.88,44655.55,1.7,5.3
0,2024-03-28,11.66,16961.08,44786.35,10.5,14.8
0,2024-03-29,20.55,39788.87,44916.59,8.5,14.3
0,2024-03-30,21.54,39406.48,45046.19,9.4,12.7
0,2024-03-31,19.81,33010.06,45175.08,11.8,13.7
0,2024-04-01,22.05,43200.00,45303.14,4.1,7.8
0,2024-04-02,17.22,21923.08,45430.46,7.9,10.8
0,2024-04-03,5.28,3919.14,45557.93,13.0,14.5
0,2024-04-04,16.42,31731.91,45685.64,8.1,11.9
0,2024-04-05,14.94,22164.21,45813.50,7.7,11.2
0,2024-04-06,20.27,34831.40,45941.43,10.6,12.4
0,2024-04-07,19.66,32027.45,46069.34,12.7,14.8
0,2024-04-08,11.59,13362.40,46197.17,14.7,16.6
0,2024-04-09,9.76,13440.52,46324.80,4.5,9.0
0,2024-04-10,24.24,42251.49,46452.17,5.8,9.1
0,2024-04-11,19.11,34373.85,46579.19,8.2,10.0
0,2024-04-12,23.82,43200.00,46705.76,8.6,11.3
0,2024-04-13,23.43,43200.00,46831.80,8.9,11.5
0,2024-04-14,24.00,39189.92,46957.21,11.1,13.4
0,2024-04-15,18.78,27023.35,47081.91,13.6,15.9
0,2024-04-16,16.37,28656.31,47205.80,14.4,16.7
0,2024-04-17,22.57,32400.00,47328.78,9.5,14.4
0,2024-04-18,11.89,12458.73,47450.75,8.7,11.0
0,2024-04-19,24.53,42612.30,47571.62,9.2,12.8
0,2024-04-20,17.31,25676.62,47691.28,11.2,14.6
0,2024-04-21,5.04,0.00,47809.64,14.9,16.0
0,2024-04-22,17.28,29799.89,47926.74,16.5,17.7
0,2024-04-23,6.57,0.00,48043.44,14.2,15.8
0,2024-04-24,12.87,21029.64,48159.82,14.3,16.3
0,2024-04-25,21.03,43200.00,48275.80,12.5,15.2
0,2024-04-26,15.70,20375.21,48391.27,13.6,15.2
0,2024-04-27,11.51,21990.77,48506.15,14.4,17.1
0,2024-04-28,23.87,37237.44,48620.36,15.1,17.1
0,2024-04-29,13.36,18847.96,48733.78,16.5,18.1
0,2024-04-30,12.31,14788.79,48846.34,16.4,19.0
0,2024-05-01,5.90,9200.54,48957.91,9.9,13.2
0,2024-05-02,25.87,43505.56,49068.42,9.0,12.1
0,2024-05-03,26.50,46315.48,49177.75,11.0,13.2
0,2024-05-04,26.01,45393.47,49285.80,12.8,16.3
0,2024-05-05,25.19,35235.75,49392.46,14.6,15.6
0,2024-05-06,13.59,19181.27,49497.63,15.8,19.0
0,2024-05-07,13.29,18166.85,49601.19,14.4,18.6
0,2024-05-08,18.16,35642.31,49703.05,7.1,11.7
0,2024-05-09,24.61,47994.81,49803.06,4.5,7.1
0,2024-05-10,27.78,48026.76,49901.13,9.2,13.9
0,2024-05-11,25.80,36000.00,49997.14,13.5,16.6
0,2024-05-12,12.77,10892.00,50091.10,16.2,18.0
0,2024-05-13,8.10,15672.69,50183.79,9.5,13.5
0,2024-05-14,26.82,47486.02,50275.24,12.7,16.7
0,2024-05-15,11.60,17568.10,50365.39,15.9,17.9
0,2024-05-16,17.50,36201.23,50454.13,7.7,11.6
0,2024-05-17,26.54,48902.89,50541.39,10.8,13.3
0,2024-05-18,25.32,36000.00,50627.06,10.3,14.6
0,2024-05-19,9.82,10800.00,50711.07,12.3,14.3
0,2024-05-20,25.06,43080.78,50793.32,14.5,17.7
0,2024-05-21,26.41,48833.14,50873.72,13.1,15.5
0,2024-05-22,20.38,32005.29,50952.16,16.4,17.8
0,2024-05-23,20.27,30733.37,51028.56,16.8,18.2
0,2024-05-24,25.02,45437.12,51102.82,15.0,18.6
0,2024-05-25,28.24,50157.81,51174.84,10.7,15.9
0,2024-05-26,24.31,37961.57,51244.52,17.1,18.6
0,2024-05-27,12.87,15957.62,51311.77,20.9,22.9
0,2024-05-28,4.46,10759.64,51376.48,15.1,21.0
0,2024-05-29,27.08,50315.98,51438.56,11.3,13.7
0,2024-05-30,20.13,26078.08,51497.90,15.7,17.7
0,2024-05-31,6.97,6097.40,51554.40,15.9,17.6
0,2024-06-01,25.64,41864.49,51608.06,15.8,17.6
0,2024-06-02,22.61,46565.83,51659.33,14.7,17.0
0,2024-06-03,23.99,49451.79,51708.25,12.5,13.8
0,2024-06-04,22.94,50174.72,51754.78,13.2,14.5
0,2024-06-05,25.89,45844.05,51798.88,14.3,16.2
0,2024-06-06,18.31,28159.73,51840.49,16.2,17.8
0,2024-06-07,25.32,50400.00,51879.59,15.3,18.1
0,2024-06-08,22.32,36951.95,51916.13,16.8,18.5
0,2024-06-09,7.70,9828.17,51950.05,17.0,18.1
0,2024-06-10,23.53,46853.13,51981.34,17.5,20.1
0,2024-06-11,27.18,46408.42,52009.92,18.7,20.2
0,2024-06-12,25.66,45795.08,52035.80,19.1,20.6
0,2024-06-13,21.27,42676.43,52058.89,19.4,20.8
0,2024-06-14,26.67,42463.25,52079.19,18.9,21.0
0,2024-06-15,19.55,32279.70,52096.65,19.3,21.2
0,2024-06-16,26.24,48728.53,52111.23,20.0,21.7
0,2024-06-17,10.23,7933.62,52122.90,18.1,20.3
0,2024-06-18,12.72,28484.84,52131.63,17.0,19.4
0,2024-06-19,26.38,39600.00,52137.38,18.9,21.0
0,2024-06-20,15.38,18092.32,52140.12,19.4,21.3
0,2024-06-21,21.69,43844.35,52139.82,17.9,20.3
0,2024-06-22,17.70,20177.46,52136.45,22.3,24.9
0,2024-06-23,8.99,8325.89,52130.04,24.2,26.1
0,2024-06-24,17.18,22681.79,52120.62,21.6,22.8
0,2024-06-25,12.36,14571.42,52108.24,21.9,23.5
0,2024-06-26,18.66,28562.43,52092.94,18.1,20.7
0,2024-06-27,11.04,6432.96,52074.76,19.8,20.9
0,2024-06-28,5.69,0.00,52053.73,21.8,23.4
0,2024-06-29,21.07,31012.42,52029.91,21.4,22.3
0,2024-06-30,9.36,6449.10,52003.34,23.6,24.7
0,2024-07-01,8.19,4385.91,51974.06,23.6,25.0
0,2024-07-02,9.18,7595.80,51942.13,23.3,24.6
0,2024-07-03,21.50,47188.56,51907.58,24.0,25.5
0,2024-07-04,23.47,48305.01,51870.47,24.2,25.5
0,2024-07-05,27.02,49978.12,51830.84,23.5,24.7
0,2024-07-06,23.74,50225.49,51788.74,23.5,24.9
0,2024-07-07,27.53,50400.00,51744.23,23.3,25.1
0,2024-07-08,26.02,43734.78,51697.34,22.9,24.6
0,2024-07-09,17.08,23563.45,51648.14,23.2,25.0
0,2024-07-10,14.97,20023.46,51596.66,24.1,25.3
0,2024-07-11,8.33,1428.58,51542.87,22.9,24.1
0,2024-07-12,12.59,19004.20,51486.28,21.1,22.3
0,2024-07-13,13.73,14799.75,51426.87,23.0,24.0
0,2024-07-14,13.20,15368.97,51364.76,24.0,25.1
0,2024-07-15,11.37,11522.69,51300.05,23.7,25.5
0,2024-07-16,22.48,37604.58,51232.85,23.1,24.1
0,2024-07-17,23.35,47070.47,51163.24,23.6,24.6
0,2024-07-18,26.32,46036.22,51091.35,23.3,24.7
0,2024-07-19,25.73,49638.21,51017.25,24.0,25.5
0,2024-07-20,23.85,46294.23,50941.06,23.6,25.6
0,2024-07-21,26.10,49060.19,50862.87,25.0,26.2
0,2024-07-22,25.28,50096.92,50782.79,24.6,26.3
0,2024-07-23,25.88,46340.73,50700.90,24.2,25.5
0,2024-07-24,19.66,34906.57,50617.30,24.4,25.2
0,2024-07-25,21.66,45062.58,50532.09,24.5,25.2
0,2024-07-26,23.79,47339.60,50445.36,25.3,26.6
0,2024-07-27,23.46,46772.24,50357.20,25.3,26.1
0,2024-07-28,24.17,48894.01,50267.70,24.2,26.0
0,2024-07-29,25.00,49313.51,50176.95,23.3,24.8
0,2024-07-30,21.50,47762.03,50085.03,23.8,24.9
0,2024-07-31,25.91,49244.44,49991.90,21.0,23.0
0,2024-08-01,26.61,48911.20,49896.79,22.2,23.8
0,2024-08-02,25.83,48157.23,49799.67,24.0,25.7
0,2024-08-03,23.70,46714.75,49700.66,24.8,26.0
0,2024-08-04,21.61,37785.83,49599.87,25.6,26.6
0,2024-08-05,22.30,44437.26,49497.42,25.6,26.6
0,2024-08-06,22.91,43344.34,49393.41,24.2,25.3
0,2024-08-07,24.26,47457.51,49287.95,22.1,23.4
0,2024-08-08,25.90,47739.56,49181.15,21.9,23.2
0,2024-08-09,24.56,46661.70,49073.11,22.0,23.5
0,2024-08-10,20.11,43839.83,48963.94,21.4,22.6
0,2024-08-11,20.25,46266.08,48853.72,21.8,22.8
0,2024-08-12,19.72,45920.53,48742.57,22.0,24.3
0,2024-08-13,24.11,43936.42,48630.58,22.3,24.1
0,2024-08-14,23.29,44855.31,48517.84,23.3,24.2
0,2024-08-15,20.90,43521.15,48404.45,24.2,25.7
0,2024-08-16,19.77,39292.05,48290.49,22.2,24.0
0,2024-08-17,17.11,38248.42,48176.06,23.0,23.9
0,2024-08-18,24.00,37609.06,48061.25,20.9,23.3
0,2024-08-19,7.96,1839.39,47946.14,24.0,25.3
0,2024-08-20,18.65,36112.22,47830.65,24.7,25.9
0,2024-08-21,20.08,43200.00,47713.98,25.3,26.4
0,2024-08-22,23.30,43200.00,47596.04,25.3,26.4
0,2024-08-23,23.07,43200.00,47476.95,24.8,26.1
0,2024-08-24,21.29,37536.93,47356.81,24.9,25.9
0,2024-08-25,19.53,41149.89,47235.70,24.3,25.7
0,2024-08-26,22.12,41370.26,47113.71,23.2,24.2
0,2024-08-27,21.69,43200.00,46990.95,23.3,24.6
0,2024-08-28,18.93,28609.35,46867.49,22.9,23.5
0,2024-08-29,7.92,8517.42,46743.44,23.8,24.7
0,2024-08-30,20.25,35704.42,46618.87,24.1,25.3
0,2024-08-31,4.29,7200.00,46493.87,23.5,25.4
0,2024-09-01,13.71,30464.32,46368.52,24.5,25.3
0,2024-09-02,19.17,40160.13,46242.91,23.1,24.4
0,2024-09-03,13.91,32217.45,46117.12,21.3,23.2
0,2024-09-04,22.91,43200.00,45991.23,21.5,22.8
0,2024-09-05,22.84,43200.00,45865.31,22.2,23.4
0,2024-09-06,22.98,43200.00,45739.46,21.0,23.1
0,2024-09-07,23.04,43200.00,45613.74,21.1,22.7
0,2024-09-08,21.60,43200.00,45488.24,23.1,24.1
0,2024-09-09,21.46,43200.00,45362.86,22.4,24.0
0,2024-09-10,18.10,39347.72,45236.78,24.6,25.6
0,2024-09-11,20.52,43200.00,45109.93,24.4,25.5
0,2024-09-12,19.23,40165.27,44982.38,24.4,25.2
0,2024-09-13,20.05,42938.69,44854.23,23.7,24.4
0,2024-09-14,18.47,40598.15,44725.54,24.6,26.1
0,2024-09-15,12.21,29494.46,44596.41,24.9,25.9
0,2024-09-16,17.51,35430.39,44466.92,24.7,25.8
0,2024-09-17,18.75,42369.10,44337.14,24.6,25.5
0,2024-09-18,18.13,42930.51,44207.15,24.3,25.1
0,2024-09-19,16.03,32400.00,44077.05,24.0,25.4
0,2024-09-20,19.36,39156.39,43946.89,23.6,24.3
0,2024-09-21,15.18,24564.60,43816.75,22.6,24.6
0,2024-09-22,7.24,10800.00,43686.73,19.4,24.7
0,2024-09-23,15.20,37085.56,43556.90,17.3,18.2
0,2024-09-24,18.44,42410.51,43427.33,15.9,18.3
0,2024-09-25,16.83,30999.75,43298.12,18.1,20.1
0,2024-09-26,16.64,41920.70,43169.31,20.3,21.5
0,2024-09-27,15.37,31284.86,43041.01,21.1,22.0
0,2024-09-28,10.69,12348.15,42913.28,20.6,21.7
0,2024-09-29,8.89,1918.58,42786.06,19.6,21.5
0,2024-09-30,15.23,33321.07,42658.44,18.6,19.3
0,2024-10-01,17.37,40733.12,42530.34,19.2,20.4
0,2024-10-02,16.69,32452.47,42401.85,18.6,19.9
0,2024-10-03,2.40,1123.66,42273.07,21.5,23.1
0,2024-10-04,3.57,1199.13,42144.07,19.5,22.5
0,2024-10-05,16.28,36586.13,42014.95,17.4,18.6
0,2024-10-06,16.97,32400.00,41885.79,20.2,22.6
0,2024-10-07,12.61,23960.22,41756.69,20.3,22.6
0,2024-10-08,12.50,29578.26,41627.74,16.6,19.2
0,2024-10-09,16.67,36065.86,41499.01,15.0,16.7
0,2024-10-10,16.22,36000.00,41370.61,14.1,15.5
0,2024-10-11,16.86,39337.95,41242.62,11.8,15.0
0,2024-10-12,17.55,34801.45,41115.15,14.3,15.8
0,2024-10-13,17.41,39240.02,40988.27,14.2,17.3
0,2024-10-14,17.06,38710.95,40862.10,15.7,18.4
0,2024-10-15,12.72,28429.84,40736.72,18.5,21.7
0,2024-10-16,9.68,17636.69,40612.23,19.5,21.7
0,2024-10-17,15.26,29482.67,40488.74,17.8,19.4
0,2024-10-18,5.65,15142.96,40366.34,20.4,22.1
0,2024-10-19,8.04,13122.02,40244.95,16.6,22.3
0,2024-10-20,16.03,33135.36,40123.59,9.7,11.8
0,2024-10-21,16.01,38359.50,40002.17,12.5,15.3
0,2024-10-22,8.10,9193.56,39880.79,17.9,20.6
0,2024-10-23,9.76,26516.85,39759.56,19.2,24.3
0,2024-10-24,10.36,20858.93,39638.58,15.5,16.8
0,2024-10-25,14.39,27766.60,39517.97,14.2,15.8
0,2024-10-26,5.94,8570.08,39397.84,16.7,18.2
0,2024-10-27,9.92,17940.44,39278.29,18.4,19.5
0,2024-10-28,7.82,18527.20,39159.44,13.7,15.5
0,2024-10-29,3.18,7040.56,39041.40,15.5,16.5
0,2024-10-30,13.38,34925.48,38924.30,10.3,15.9
0,2024-10-31,10.37,23631.14,38808.24,14.1,17.3
0,2024-11-01,4.73,6705.89,38693.35,17.6,18.7
0,2024-11-02,2.78,5876.51,38579.76,15.1,20.4
0,2024-11-03,14.85,36851.07,38467.59,8.9,11.4
0,2024-11-04,13.87,35767.22,38356.96,14.0,15.7
0,2024-11-05,11.24,32773.17,38248.01,12.0,14.5
0,2024-11-06,13.13,35661.51,38140.88,9.0,12.3
0,2024-11-07,10.55,29923.20,38035.69,4.2,6.6
0,2024-11-08,13.72,36152.77,37932.39,4.4,7.9
0,2024-11-09,13.89,35516.80,37829.96,6.6,9.4
0,2024-11-10,10.79,24404.73,37728.32,14.0,15.0
0,2024-11-11,12.52,35427.52,37627.59,11.0,15.4
0,2024-11-12,12.79,35495.40,37527.88,12.5,14.6
0,2024-11-13,13.29,35343.77,37429.31,8.6,10.5
0,2024-11-14,12.42,31352.33,37331.99,13.2,14.6
0,2024-11-15,4.80,1191.08,37236.05,15.1,16.6
0,2024-11-16,4.62,5154.56,37141.63,15.7,16.4
0,2024-11-17,9.86,34104.36,37048.82,14.1,17.9
0,2024-11-18,9.54,33817.28,36957.77,5.0,8.5
0,2024-11-19,11.39,34728.37,36868.61,3.5,4.8
0,2024-11-20,10.97,34173.00,36781.46,5.1,6.7
0,2024-11-21,10.65,32914.17,36696.46,6.7,9.1
0,2024-11-22,11.28,34214.10,36613.75,6.4,9.2
0,2024-11-23,9.28,30915.94,36533.45,3.7,4.8
0,2024-11-24,7.63,27903.22,36455.71,4.9,5.5
0,2024-11-25,11.99,31375.60,36380.67,5.8,10.8
0,2024-11-26,3.52,3584.62,36308.46,11.0,14.7
0,2024-11-27,7.37,25595.01,36239.22,5.8,9.1
0,2024-11-28,10.25,32196.27,36172.96,3.6,6.1
0,2024-11-29,11.03,34641.61,36108.89,1.6,3.6
0,2024-11-30,10.73,34334.54,36046.95,2.6,4.1
0,2024-12-01,11.10,34025.15,35987.22,4.8,6.6
0,2024-12-02,11.29,34352.92,35929.76,5.8,8.7
0,2024-12-03,11.00,34040.12,35874.67,8.4,10.2
0,2024-12-04,10.40,33725.13,35822.02,2.7,5.4
0,2024-12-05,8.98,34371.82,35771.89,1.5,3.8
0,2024-12-06,9.60,32400.00,35724.36,1.7,3.8
0,2024-12-07,9.82,28329.45,35679.51,-0.1,2.6
0,2024-12-08,8.96,29262.39,35637.42,0.5,2.1
0,2024-12-09,8.49,32832.14,35598.15,2.0,3.1
0,2024-12-10,9.90,33086.58,35561.81,3.0,4.3
0,2024-12-11,9.42,30209.71,35528.45,2.1,6.0
0,2024-12-12,9.46,31100.83,35498.16,-0.3,1.1
0,2024-12-13,8.95,25398.53,35471.01,2.0,4.2
0,2024-12-14,7.67,30353.74,35447.08,0.5,2.7
0,2024-12-15,10.73,34235.02,35426.44,0.2,2.0
0,2024-12-16,9.82,34192.25,35409.17,-0.1,3.2
0,2024-12-17,10.32,34476.15,35395.32,0.3,2.0
0,2024-12-18,10.17,34760.96,35384.95,-0.7,1.5
0,2024-12-19,10.11,34719.66,35377.90,-2.1,0.5
0,2024-12-20,8.34,25010.86,35374.11,-0.6,1.4
0,2024-12-21,6.76,20954.29,35373.57,1.2,6.0
0,2024-12-22,9.17,34804.34,35376.23,-0.0,1.5
0,2024-12-23,8.10,23816.22,35382.08,-1.0,2.0
0,2024-12-24,9.19,33856.97,35391.08,1.1,2.1
0,2024-12-25,9.57,29984.16,35403.21,2.9,6.1
0,2024-12-26,8.89,26215.07,35418.43,2.0,7.8
0,2024-12-27,10.67,34867.77,35436.69,-3.0,-1.1
0,2024-12-28,10.83,34889.95,35457.99,-3.1,-1.6
0,2024-12-29,8.50,18000.00,35482.26,-1.3,-0.3
0,2024-12-30,9.63,28406.55,35509.47,0.9,3.5
0,2024-12-31,8.09,32031.82,35539.61,1.3,6.5
0,2025-01-01,9.93,35009.15,35572.60,0.2,2.5
0,2025-01-02,10.79,34158.60,35608.42,1.7,3.3
0,2025-01-03,9.75,34087.31,35647.03,-1.6,2.7
0,2025-01-04,7.29,25190.37,35688.39,-1.3,0.2
0,2025-01-05,9.78,29078.31,35732.45,-0.3,3.0
0,2025-01-06,1.74,1387.36,35779.16,4.4,6.1
0,2025-01-07,11.18,35274.53,35828.60,-3.8,2.5
0,2025-01-08,11.13,32287.35,35881.32,-3.2,0.9
0,2025-01-09,10.38,34403.70,35937.31,-7.5,1.3
0,2025-01-10,10.77,35446.83,35996.43,-2.5,-0.5
0,2025-01-11,10.80,33748.14,36058.58,-0.2,1.0
0,2025-01-12,9.83,32414.15,36123.61,-1.2,1.7
0,2025-01-13,10.59,35487.43,36191.42,-0.0,1.3
0,2025-01-14,10.68,31695.75,36261.87,1.2,4.2
0,2025-01-15,6.82,19549.65,36334.84,-0.8,5.3
0,2025-01-16,8.65,34179.74,36410.21,-2.1,-0.5
0,2025-01-17,7.26,17065.69,36487.86,-1.9,1.2
0,2025-01-18,12.29,35578.23,36567.68,-1.0,1.0
0,2025-01-19,11.92,30711.82,36649.53,3.2,5.0
0,2025-01-20,10.34,25200.00,36733.32,4.3,7.2
0,2025-01-21,9.23,29845.50,36818.91,0.4,4.2
0,2025-01-22,11.04,35446.90,36906.20,0.7,2.7
0,2025-01-23,12.52,34797.58,36995.08,-0.0,3.1
0,2025-01-24,12.66,35743.49,37085.43,1.6,5.2
0,2025-01-25,12.14,35776.83,37177.14,-1.1,0.3
0,2025-01-26,12.72,32400.00,37270.11,-0.0,1.6
0,2025-01-27,5.28,4724.61,37364.42,2.3,4.4
0,2025-01-28,13.26,35887.50,37461.03,-2.8,-0.7
0,2025-01-29,11.53,35928.35,37559.99,-5.0,-2.7
0,2025-01-30,7.85,14558.80,37661.17,-4.1,-0.8
0,2025-01-31,7.78,22141.69,37764.40,-1.0,-0.0
0,2025-02-01,9.33,16606.15,37869.54,2.8,3.8
0,2025-02-02,5.62,937.52,37976.47,4.1,5.8
0,2025-02-03,9.12,23597.89,38085.04,-0.1,5.0
0,2025-02-04,13.56,36153.13,38195.13,-7.3,-5.3
0,2025-02-05,13.50,36418.68,38306.59,-9.2,-5.9
0,2025-02-06,12.39,33633.95,38419.29,-6.7,-5.1
0,2025-02-07,12.97,28800.00,38533.12,-6.1,-0.6
0,2025-02-08,13.89,36320.11,38647.95,-4.9,-2.9
0,2025-02-09,13.31,36000.00,38763.64,-2.6,-1.4
0,2025-02-10,13.45,36549.99,38880.09,-4.2,-2.1
0,2025-02-11,9.18,21600.62,38997.18,-3.0,-1.5
0,2025-02-12,4.15,2777.40,39114.78,2.4,6.7
0,2025-02-13,11.64,25933.18,39232.78,-2.5,-0.0
0,2025-02-14,14.63,36712.99,39351.08,-0.9,0.8
0,2025-02-15,15.74,28800.00,39469.55,1.0,5.2
0,2025-02-16,11.45,36831.76,39588.29,5.0,6.3
0,2025-02-17,14.56,35104.40,39708.34,-2.5,4.6
0,2025-02-18,12.18,32154.86,39829.78,-3.4,-2.0
0,2025-02-19,15.27,37134.17,39952.51,-4.4,-2.9
0,2025-02-20,13.35,32324.99,40076.38,-2.6,-1.1
0,2025-02-21,11.01,23087.00,40201.30,-2.4,-0.8
0,2025-02-22,15.06,37614.90,40327.15,-3.8,-2.1
0,2025-02-23,15.03,36000.00,40453.83,-2.1,0.4
0,2025-02-24,14.98,36555.27,40581.22,-2.7,-0.4
0,2025-02-25,16.23,35099.66,40709.22,-0.2,2.6
0,2025-02-26,15.19,37754.56,40837.72,-0.1,2.5
0,2025-02-27,17.25,32400.00,40966.63,2.8,3.8
0,2025-02-28,7.84,14648.40,41095.83,6.1,8.6
0,2025-03-01,16.13,33089.02,41225.22,8.5,10.1
0,2025-03-02,5.99,4061.82,41354.72,11.5,13.8
0,2025-03-03,5.17,4861.34,41484.21,1.8,6.1
0,2025-03-04,2.49,0.00,41613.60,5.9,8.0
0,2025-03-05,3.15,3600.00,41742.79,6.0,9.6
0,2025-03-06,12.24,34557.21,41871.69,0.5,2.6
0,2025-03-07,11.17,26954.98,42000.20,-2.9,-0.6
0,2025-03-08,12.65,26822.01,42128.40,-0.5,1.3
0,2025-03-09,19.50,41471.18,42257.26,-0.9,1.2
0,2025-03-10,19.11,32400.00,42386.88,3.1,6.4
0,2025-03-11,6.43,7375.76,42517.16,7.9,9.7
0,2025-03-12,10.10,22148.05,42648.03,10.9,12.7
0,2025-03-13,15.27,29396.87,42779.37,3.7,9.8
0,2025-03-14,17.10,34133.60,42911.12,1.4,4.3
0,2025-03-15,3.85,0.00,43043.19,3.7,6.8
0,2025-03-16,6.35,7008.47,43175.49,5.5,8.4
0,2025-03-17,14.31,35577.10,43307.92,0.2,1.8
0,2025-03-18,19.99,33595.43,43440.41,0.8,4.1
0,2025-03-19,12.79,31268.30,43572.88,-1.7,1.1
0,2025-03-20,17.32,42390.53,43705.24,-0.2,4.0
0,2025-03-21,20.56,43066.05,43837.39,4.8,6.6
0,2025-03-22,21.77,43150.14,43969.26,6.0,7.5
0,2025-03-23,21.34,36000.00,44100.75,7.2,10.1
0,2025-03-24,15.52,26790.28,44231.79,8.7,11.7
0,2025-03-25,21.50,43200.00,44362.28,9.9,11.7
0,2025-03-26,22.22,43200.00,44492.13,8.3,10.7
0,2025-03-27,17.75,36790.74,44621.26,15.9,16.9
0,2025-03-28,13.13,25200.00,44749.74,6.8,13.9
0,2025-03-29,19.20,36000.00,44878.48,1.0,3.9
0,2025-03-30,14.94,28770.90,45007.56,-0.7,1.9
0,2025-03-31,20.84,36000.00,45136.89,0.6,4.2
0,2025-04-01,11.54,8082.44,45266.39,7.0,7.6
0,2025-04-02,10.18,12502.34,45396.00,8.3,10.5
0,2025-04-03,20.26,43200.00,45525.62,4.8,5.8
0,2025-04-04,19.23,42831.41,45655.17,2.5,4.3
0,2025-04-05,20.31,35123.56,45784.57,5.6,10.3
0,2025-04-06,19.48,41487.64,45913.73,7.7,11.4
0,2025-04-07,20.20,43200.00,46042.57,5.1,7.3
0,2025-04-08,22.08,39278.43,46170.99,5.8,10.5
0,2025-04-09,21.96,38032.44,46298.93,7.4,9.2
0,2025-04-10,13.45,19137.34,46426.28,11.8,13.4
0,2025-04-11,17.11,39804.49,46552.95,9.2,13.4
0,2025-04-12,21.16,26692.12,46678.86,10.1,12.7
0,2025-04-13,6.68,7200.00,46803.90,8.3,14.2
0,2025-04-14,24.41,41266.04,46927.99,6.0,8.9
0,2025-04-15,21.10,43200.00,47051.02,3.6,5.9
0,2025-04-16,20.01,43200.00,47172.90,6.9,10.7
0,2025-04-17,23.74,39474.82,47293.69,12.5,15.2
0,2025-04-18,19.98,41876.45,47414.27,15.2,17.3
0,2025-04-19,23.03,36000.00,47534.70,15.2,16.4
0,2025-04-20,14.30,17391.65,47654.90,13.8,16.3
0,2025-04-21,25.66,43200.00,47774.78,10.1,15.1
0,2025-04-22,15.40,18000.00,47894.26,15.1,17.5
0,2025-04-23,13.51,25105.59,48013.24,14.8,19.3
0,2025-04-24,22.81,36000.00,48131.62,11.1,12.3
0,2025-04-25,19.54,32629.98,48249.33,5.3,9.1
0,2025-04-26,26.47,44617.71,48366.25,5.2,8.5
0,2025-04-27,24.63,36000.00,48482.30,9.2,12.3
0,2025-04-28,7.12,8435.22,48597.36,11.2,14.8
0,2025-04-29,24.72,45629.32,48711.35,4.0,6.3
0,2025-04-30,26.44,45229.10,48824.15,8.2,11.5
0,2025-05-01,22.20,32665.05,48935.66,11.9,14.0
0,2025-05-02,7.38,18729.62,49045.78,10.1,14.7
0,2025-05-03,25.33,39600.00,49154.39,10.9,14.5
0,2025-05-04,23.81,46575.53,49261.38,7.9,12.3
0,2025-05-05,24.84,36000.00,49366.64,8.8,13.2
0,2025-05-06,10.02,21001.49,49470.05,11.8,14.6
0,2025-05-07,26.05,47623.55,49571.64,6.7,8.3
0,2025-05-08,26.01,35187.59,49672.23,12.3,15.5
0,2025-05-09,7.20,0.00,49771.85,15.9,19.3
0,2025-05-10,14.08,22405.49,49870.44,14.2,20.8
0,2025-05-11,17.84,22798.90,49967.89,12.3,13.9
0,2025-05-12,19.21,45782.95,50064.12,12.2,13.3
0,2025-05-13,27.05,40879.74,50159.03,11.8,14.6
0,2025-05-14,25.69,41878.88,50252.53,12.7,15.5
0,2025-05-15,18.76,29463.46,50344.51,14.9,16.6
0,2025-05-16,13.93,14054.80,50434.88,16.9,20.0
0,2025-05-17,16.75,26297.30,50523.55,21.3,22.8
0,2025-05-18,19.79,23048.24,50610.40,18.2,20.3
0,2025-05-19,21.70,37651.85,50695.34,14.1,18.0
0,2025-05-20,25.94,39086.63,50778.26,19.5,21.2
0,2025-05-21,18.00,25085.28,50859.06,20.8,21.9
0,2025-05-22,22.87,45871.17,50937.64,15.9,20.2
0,2025-05-23,23.99,32467.59,51013.88,14.2,16.4
0,2025-05-24,5.57,611.95,51087.67,17.1,18.8
0,2025-05-25,9.52,5937.42,51158.91,12.6,17.8
0,2025-05-26,15.11,13363.67,51227.48,11.7,13.2
0,2025-05-27,18.05,33220.28,51293.39,14.2,16.2
0,2025-05-28,23.99,32400.00,51357.19,15.2,16.8
0,2025-05-29,8.69,3883.01,51418.92,15.9,18.2
0,2025-05-30,16.77,23293.20,51478.53,13.8,15.4
0,2025-05-31,13.40,19413.53,51535.97,12.2,13.4
0,2025-06-01,17.31,29727.15,51591.16,12.9,13.8
0,2025-06-02,19.70,21600.00,51644.04,15.2,17.5
0,2025-06-03,6.51,10570.18,51694.56,17.1,18.1
0,2025-06-04,26.12,50400.00,51742.66,13.5,16.7
0,2025-06-05,28.22,50400.00,51788.27,14.9,16.4
0,2025-06-06,23.81,36871.20,51831.34,16.7,18.3
0,2025-06-07,18.20,31416.85,51871.81,16.5,18.4
0,2025-06-08,8.76,1354.42,51909.61,18.4,19.7
0,2025-06-09,10.05,10696.44,51944.70,18.4,19.8
0,2025-06-10,5.52,0.00,51977.00,22.3,23.9
0,2025-06-11,10.12,16367.09,52006.47,18.6,22.3
0,2025-06-12,16.12,26938.18,52033.05,16.2,17.6
0,2025-06-13,24.54,37275.54,52056.68,17.7,20.1
0,2025-06-14,5.03,0.00,52077.31,22.0,23.6
0,2025-06-15,19.55,40193.66,52094.89,22.4,23.4
0,2025-06-16,23.36,42426.41,52109.38,23.6,24.8
0,2025-06-17,24.09,46310.29,52120.89,22.6,23.9
0,2025-06-18,25.48,46543.90,52129.46,20.5,23.6
0,2025-06-19,28.20,50400.00,52135.11,18.8,21.9
0,2025-06-20,27.98,50400.00,52137.84,19.7,21.5
0,2025-06-21,24.87,47630.18,52137.68,20.2,22.1
0,2025-06-22,22.24,38144.31,52134.65,21.0,22.6
0,2025-06-23,7.09,6172.22,52128.76,23.5,24.9
0,2025-06-24,10.09,7878.50,52120.04,23.6,25.1
0,2025-06-25,19.94,33957.10,52108.50,24.3,25.4
0,2025-06-26,13.99,28800.00,52094.18,22.8,24.3
0,2025-06-27,25.76,49241.54,52077.10,19.8,21.5
0,2025-06-28,26.99,50400.00,52057.28,21.0,22.2
0,2025-06-29,26.42,50400.00,52034.75,22.1,23.5
0,2025-06-30,27.09,50400.00,52009.54,22.3,23.9
0,2025-07-01,22.77,33789.53,51981.67,22.6,24.1
0,2025-07-02,19.64,41509.60,51951.18,23.2,24.9
0,2025-07-03,22.82,38903.11,51918.10,24.4,25.4
0,2025-07-04,24.59,46540.86,51882.45,23.9,25.2
0,2025-07-05,24.04,45040.91,51844.28,23.2,25.1
0,2025-07-06,25.44,46670.22,51803.52,22.1,23.6
0,2025-07-07,24.84,38081.20,51759.80,21.9,24.5
0,2025-07-08,20.91,45126.96,51713.14,24.6,26.9
0,2025-07-09,25.02,50400.00,51663.61,23.6,24.8
0,2025-07-10,22.50,41478.84,51611.31,23.6,25.2
0,2025-07-11,20.99,39548.03,51556.33,23.3,24.7
0,2025-07-12,25.13,44155.41,51498.77,22.8,24.0
0,2025-07-13,24.34,47961.15,51438.71,22.2,24.1
0,2025-07-14,19.12,29179.88,51376.25,23.3,25.3
0,2025-07-15,25.60,50195.22,51311.48,21.6,23.7
0,2025-07-16,20.26,39803.29,51244.48,24.1,25.0
0,2025-07-17,5.76,10010.72,51175.35,24.3,25.7
0,2025-07-18,23.08,44232.91,51104.17,22.9,24.6
0,2025-07-19,26.20,50227.09,51031.04,22.7,23.9
0,2025-07-20,24.40,47424.35,50956.04,24.3,25.6
0,2025-07-21,23.78,46865.12,50879.26,24.2,25.5
0,2025-07-22,24.37,47297.89,50800.79,23.6,24.8
0,2025-07-23,21.15,38336.85,50720.70,23.7,24.8
0,2025-07-24,22.96,46606.84,50639.09,23.5,25.2
0,2025-07-25,23.38,49979.31,50556.03,22.4,24.1
0,2025-07-26,24.39,49717.81,50471.48,22.2,23.9
0,2025-07-27,24.77,47360.51,50384.72,22.1,23.9
0,2025-07-28,25.45,48758.85,50295.73,21.9,24.3
0,2025-07-29,25.10,49621.56,50204.62,21.9,24.0
0,2025-07-30,24.65,49288.73,50111.52,22.0,25.0
0,2025-07-31,24.43,48082.82,50016.53,22.2,24.3
0,2025-08-01,23.39,48622.12,49919.77,22.3,23.7
0,2025-08-02,22.81,48584.53,49821.34,21.5,23.7
0,2025-08-03,24.84,46772.76,49721.36,21.2,23.3
0,2025-08-04,25.75,46736.03,49619.93,21.2,24.1
0,2025-08-05,24.32,46195.26,49517.14,23.2,25.2
0,2025-08-06,23.53,36838.30,49413.12,23.2,27.0
0,2025-08-07,15.06,31064.30,49307.95,23.1,24.9
0,2025-08-08,21.84,44388.85,49201.73,22.3,23.3
0,2025-08-09,17.40,26797.92,49094.57,22.8,24.4
0,2025-08-10,7.16,0.00,48986.56,24.5,25.1
0,2025-08-11,15.09,21383.72,48877.78,24.4,25.5
0,2025-08-12,10.97,6721.53,48768.33,24.5,25.4
0,2025-08-13,17.06,33795.24,48658.31,25.1,26.4
0,2025-08-14,21.61,41568.46,48547.80,24.6,26.0
0,2025-08-15,22.31,43636.30,48436.73,24.7,25.7
0,2025-08-16,23.13,44361.92,48324.29,24.0,25.3
0,2025-08-17,22.81,42727.90,48210.41,23.9,25.5
0,2025-08-18,23.37,44175.94,48095.21,23.6,25.0
0,2025-08-19,24.40,44228.62,47978.79,21.4,22.4
0,2025-08-20,22.82,43708.18,47861.24,22.0,23.5
0,2025-08-21,22.82,43615.36,47742.67,21.5,23.4
0,2025-08-22,23.08,43364.56,47623.18,22.3,23.9
0,2025-08-23,19.73,41403.05,47502.85,23.3,25.4
0,2025-08-24,20.47,39600.00,47381.77,24.4,26.2
0,2025-08-25,19.63,35259.38,47260.05,24.6,25.9
0,2025-08-26,22.05,43227.38,47137.76,22.3,23.3
0,2025-08-27,19.43,37068.42,47015.00,22.5,23.8
0,2025-08-28,22.49,43200.00,46891.85,21.5,24.5
0,2025-08-29,22.25,42714.72,46768.40,22.3,24.5
0,2025-08-30,21.32,43200.00,46644.74,23.0,24.4
0,2025-08-31,22.63,43200.00,46520.94,22.1,24.3
0,2025-09-01,22.77,43200.00,46397.08,21.4,22.4
0,2025-09-02,22.40,43200.00,46273.25,21.6,24.2
0,2025-09-03,17.56,24241.65,46149.52,22.3,23.8
0,2025-09-04,7.41,3164.50,46025.83,23.6,24.7
0,2025-09-05,14.40,32400.00,45901.32,23.7,25.4
0,2025-09-06,23.12,43200.00,45775.93,21.5,23.4
0,2025-09-07,21.95,43200.00,45649.76,23.3,24.4
0,2025-09-08,19.72,38999.99,45522.87,24.6,25.5
0,2025-09-09,20.93,38302.50,45395.37,23.7,25.0
0,2025-09-10,16.95,28800.00,45267.32,23.4,25.0
0,2025-09-11,11.83,19763.37,45138.83,23.1,24.4
0,2025-09-12,16.52,27885.89,45009.95,23.4,24.6
0,2025-09-13,14.02,28808.34,44880.78,24.3,25.4
0,2025-09-14,12.71,20960.97,44751.40,24.3,25.2
0,2025-09-15,18.05,43200.00,44621.88,24.2,25.1
0,2025-09-16,20.40,42038.90,44492.30,24.3,25.6
0,2025-09-17,19.73,43004.10,44362.74,23.8,25.0
0,2025-09-18,16.36,40242.36,44233.29,20.6,24.2
0,2025-09-19,19.39,42726.11,44104.00,19.7,21.3
0,2025-09-20,14.84,23721.28,43974.97,22.4,24.2
0,2025-09-21,18.49,36798.27,43846.27,17.1,20.4
0,2025-09-22,20.31,42014.76,43717.98,15.3,17.3
0,2025-09-23,11.16,22747.91,43590.17,17.1,18.1
0,2025-09-24,9.52,22447.14,43462.75,18.2,18.8
0,2025-09-25,9.69,17336.21,43334.87,20.9,22.0
0,2025-09-26,14.57,36327.42,43206.45,20.6,22.9
0,2025-09-27,17.45,37181.80,43077.55,15.6,17.2
0,2025-09-28,14.26,22534.94,42948.28,20.2,22.7
0,2025-09-29,12.29,34545.16,42818.71,18.1,22.3
0,2025-09-30,17.85,40117.85,42688.94,17.7,19.0
0,2025-10-01,17.55,40441.98,42559.04,17.2,19.4
0,2025-10-02,14.88,27312.55,42429.09,16.2,17.7
0,2025-10-03,4.66,0.00,42299.19,18.8,20.0
0,2025-10-04,6.79,5671.55,42169.42,20.6,22.1
0,2025-10-05,6.09,9907.16,42039.86,21.2,23.2
0,2025-10-06,17.63,39801.70,41910.60,17.9,21.1
0,2025-10-07,16.12,39797.07,41781.74,17.9,19.2
0,2025-10-08,17.42,39493.06,41653.34,18.6,20.1
0,2025-10-09,16.90,32457.85,41525.51,14.7,15.4
0,2025-10-10,7.94,15441.46,41398.33,17.0,19.3
0,2025-10-11,12.87,30045.28,41271.90,19.9,21.1
0,2025-10-12,7.86,6322.58,41146.30,21.4,22.6
0,2025-10-13,14.26,39251.35,41021.63,18.3,20.3
0,2025-10-14,16.29,34816.35,40897.81,20.3,21.3
0,2025-10-15,12.79,37297.98,40773.87,19.0,20.1
0,2025-10-16,8.50,17489.66,40649.74,19.7,22.3
0,2025-10-17,16.71,39050.55,40525.50,16.7,18.5
0,2025-10-18,9.17,23590.12,40401.26,19.4,21.3
0,2025-10-19,10.51,25603.56,40277.13,17.1,18.0
0,2025-10-20,10.62,24665.24,40153.20,12.5,17.4
0,2025-10-21,8.05,17411.36,40029.58,9.2,11.9
0,2025-10-22,2.81,3600.00,39906.36,11.3,12.4
0,2025-10-23,16.28,37837.39,39783.68,9.3,11.4
0,2025-10-24,10.55,30670.34,39661.61,12.5,14.1
0,2025-10-25,10.01,21045.12,39540.29,15.6,16.9
0,2025-10-26,6.14,11296.25,39419.81,15.7,18.5
0,2025-10-27,13.66,36223.26,39300.29,9.7,11.8
0,2025-10-28,13.00,37121.57,39181.86,6.3,9.0
0,2025-10-29,14.96,37448.80,39064.62,6.9,8.1
0,2025-10-30,14.31,32400.00,38948.69,11.4,12.9
0,2025-10-31,2.23,3634.11,38834.20,12.5,14.4
0,2025-11-01,13.47,35951.97,38721.28,11.1,13.5
0,2025-11-02,11.47,36584.15,38610.05,9.2,11.7
0,2025-11-03,12.45,36560.55,38500.44,6.1,7.2
0,2025-11-04,11.62,27660.23,38391.42,9.8,10.9
0,2025-11-05,5.57,0.00,38282.91,11.3,12.7
0,2025-11-06,10.98,28698.89,38175.03,10.4,12.5
0,2025-11-07,12.93,36180.22,38067.90,7.3,11.7
0,2025-11-08,13.60,31980.66,37961.62,10.2,13.2
0,2025-11-09,3.04,3944.31,37856.32,14.2,15.9
0,2025-11-10,12.70,35528.38,37752.13,5.7,10.4
0,2025-11-11,11.44,35514.31,37649.16,6.2,8.3
0,2025-11-12,11.20,28800.00,37547.54,7.6,9.8
0,2025-11-13,5.77,2811.06,37447.40,10.6,12.7
0,2025-11-14,11.76,34531.10,37348.87,8.3,11.4
0,2025-11-15,12.65,35273.16,37252.08,6.5,9.6
0,2025-11-16,12.86,35235.46,37157.17,6.7,10.3
0,2025-11-17,11.46,29260.38,37064.27,8.7,12.9
0,2025-11-18,7.89,29004.65,36973.52,3.9,6.2
0,2025-11-19,8.58,33197.87,36885.06,3.5,5.4
0,2025-11-20,11.56,32608.69,36799.03,5.1,6.8
0,2025-11-21,11.68,34815.99,36715.58,5.4,9.3
0,2025-11-22,10.78,34210.22,36634.85,5.3,7.5
0,2025-11-23,12.19,35023.96,36556.82,5.2,8.0
0,2025-11-24,10.90,25200.00,36480.62,8.5,10.5
0,2025-11-25,3.69,12662.73,36406.17,8.7,10.5
0,2025-11-26,8.61,29987.08,36333.56,6.4,8.5
0,2025-11-27,10.56,28305.80,36262.91,8.0,10.8
0,2025-11-28,8.77,32281.61,36194.29,4.0,6.4
0,2025-11-29,10.62,34636.07,36127.81,4.6,7.6
0,2025-11-30,11.82,34909.77,36063.56,6.3,8.9
0,2025-12-01,10.06,30361.95,36001.64,10.2,12.6
0,2025-12-02,10.17,30429.24,35942.17,9.6,12.7
0,2025-12-03,7.51,19622.91,35885.22,-1.4,8.6
0,2025-12-04,7.62,27165.16,35830.90,-1.5,0.1
0,2025-12-05,10.11,32370.92,35779.30,-0.3,1.4
0,2025-12-06,11.61,34696.23,35730.54,2.3,4.9
0,2025-12-07,10.92,34056.02,35684.72,5.5,7.8
0,2025-12-08,8.84,30840.40,35641.92,5.7,9.3
0,2025-12-09,9.07,34382.25,35602.25,1.7,4.1
0,2025-12-10,9.53,29468.60,35565.81,2.7,4.5
0,2025-12-11,8.73,28296.91,35532.70,5.7,9.4
0,2025-12-12,9.01,30265.40,35503.01,-1.3,0.8
0,2025-12-13,11.15,31337.38,35476.77,3.3,7.7
0,2025-12-14,6.79,19356.90,35453.65,2.5,8.5
0,2025-12-15,9.26,32956.38,35433.57,1.6,3.7
0,2025-12-16,10.75,30759.01,35416.54,3.3,4.9
0,2025-12-17,6.14,17118.29,35402.58,6.5,8.9
0,2025-12-18,9.82,34817.94,35391.68,0.9,5.4
0,2025-12-19,10.69,32775.01,35383.85,4.3,7.1
0,2025-12-20,10.26,31043.02,35379.08,10.3,12.7
0,2025-12-21,2.05,3279.47,35377.38,7.9,13.6
0,2025-12-22,6.18,18654.58,35378.74,0.6,3.6
0,2025-12-23,10.75,30672.93,35383.16,6.5,8.2
0,2025-12-24,4.46,4980.90,35390.63,9.9,11.5
0,2025-12-25,1.70,2668.06,35401.15,4.7,11.2
0,2025-12-26,8.77,32950.38,35414.71,-1.7,-0.3
0,2025-12-27,10.26,32942.27,35431.30,-1.3,0.2
0,2025-12-28,10.49,34883.08,35450.91,0.2,2.9
0,2025-12-29,11.01,31889.57,35473.54,2.8,5.8
0,2025-12-30,8.45,30559.95,35499.15,4.2,8.7
0,2025-12-31,7.54,19060.74,35527.76,-0.3,2.3
0,2026-01-01,7.96,22314.44,35559.34,-1.5,-0.0
0,2026-01-02,10.80,32870.48,35593.94,-3.7,-1.9
0,2026-01-03,10.20,35071.81,35631.96,-0.5,0.5
0,2026-01-04,9.89,30812.36,35673.37,0.4,2.3
0,2026-01-05,8.36,31560.32,35718.06,1.7,4.6
0,2026-01-06,9.57,29544.67,35765.93,-1.5,0.7
0,2026-01-07,11.27,35261.81,35816.87,0.5,3.1
0,2026-01-08,9.43,35317.16,35870.77,-1.7,1.7
0,2026-01-09,7.07,25463.68,35927.54,-2.3,-0.6
0,2026-01-10,11.33,32381.05,35987.05,2.3,5.7
0,2026-01-11,10.99,35454.88,36049.20,-8.2,-4.8
0,2026-01-12,11.70,35473.14,36113.90,-3.0,0.6
0,2026-01-13,8.66,35484.67,36181.02,-1.0,4.9
0,2026-01-14,5.52,12581.74,36250.48,-3.2,-1.3
0,2026-01-15,9.84,33066.04,36322.16,1.4,6.4
0,2026-01-16,11.83,32825.97,36395.96,2.8,7.9
0,2026-01-17,12.43,32406.44,36471.78,3.6,7.4
0,2026-01-18,11.55,33923.30,36549.52,1.5,5.4
0,2026-01-19,12.26,34896.61,36629.07,4.5,7.5
0,2026-01-20,7.79,17616.29,36710.34,-4.2,1.5
0,2026-01-21,9.09,33625.10,36793.22,-5.7,-3.3
0,2026-01-22,12.10,35670.68,36877.80,-6.6,-4.4
0,2026-01-23,11.24,33676.02,36964.98,-4.3,-1.3
0,2026-01-24,12.59,35714.70,37054.78,-5.1,-0.0
0,2026-01-25,12.03,35767.49,37147.06,-4.0,-2.9
0,2026-01-26,9.20,27812.01,37241.67,-3.6,-2.2
0,2026-01-27,9.55,29267.95,37338.46,-0.4,1.0
0,2026-01-28,7.83,23385.90,37437.30,-1.4,0.9
0,2026-01-29,11.44,35922.38,37538.05,-4.9,-0.5
0,2026-01-30,9.57,27909.29,37640.56,-2.3,-0.9
0,2026-01-31,7.92,18474.94,37744.72,-3.0,-0.5
1,2021-01-01,8.95,29084.54,35658.02,-3.5,-0.2
1,2021-01-02,8.73,33192.50,35693.55,-2.5,0.1
1,2021-01-03,8.99,27989.53,35731.84,-1.6,0.0
1,2021-01-04,11.27,32133.89,35772.85,-2.1,0.4
1,2021-01-05,3.54,8040.52,35816.51,0.1,2.4
1,2021-01-06,10.52,29131.54,35862.79,-2.6,-0.1
1,2021-01-07,5.98,23066.54,35911.64,-7.0,-0.4
1,2021-01-08,9.60,35321.18,35963.13,-9.4,-7.8
1,2021-01-09,10.92,35468.91,36017.83,-7.9,-5.6
1,2021-01-10,8.51,25200.00,36075.73,-4.7,-3.3
1,2021-01-11,5.49,12783.88,36136.70,-2.2,-0.1
1,2021-01-12,2.75,3113.32,36200.63,0.1,2.4
1,2021-01-13,11.03,35525.79,36267.38,-0.8,1.3
1,2021-01-14,10.89,35540.04,36336.83,0.6,4.4
1,2021-01-15,12.38,35556.06,36408.85,3.1,6.4
1,2021-01-16,7.90,30923.75,36483.32,4.9,9.6
1,2021-01-17,8.96,25319.78,36560.12,-3.0,1.7
1,2021-01-18,11.09,35190.31,36639.13,-2.6,1.9
1,2021-01-19,5.30,12533.50,36720.22,-4.5,-1.4
1,2021-01-20,13.19,35662.01,36803.29,-2.7,-0.0
1,2021-01-21,13.09,32400.00,36888.20,3.1,8.3
1,2021-01-22,2.61,520.55,36974.84,8.4,9.9
1,2021-01-23,1.62,0.00,37063.11,6.8,8.1
1,2021-01-24,1.66,1410.44,37152.88,5.6,6.6
1,2021-01-25,12.61,35735.19,37244.05,3.2,5.4
1,2021-01-26,10.74,23910.47,37336.51,8.2,10.1
1,2021-01-27,7.83,25108.13,37430.14,3.0,8.8
1,2021-01-28,7.19,23465.26,37525.04,0.6,5.7
1,2021-01-29,7.65,17871.40,37622.16,-6.2,-3.9
1,2021-01-30,9.05,27097.91,37721.57,-2.2,2.1
1,2021-01-31,10.02,31768.75,37823.10,-1.5,1.9
1,2021-02-01,12.03,28053.30,37926.63,5.7,11.2
1,2021-02-02,13.08,32400.00,38032.00,-2.0,5.9
1,2021-02-03,10.01,28682.00,38139.09,-4.1,-2.6
1,2021-02-04,7.27,26449.91,38247.76,-1.4,4.5
1,2021-02-05,15.11,36102.77,38357.88,1.6,4.0
1,2021-02-06,15.16,36367.04,38469.32,2.0,4.1
1,2021-02-07,12.95,36038.89,38581.95,3.9,7.0
1,2021-02-08,11.67,33683.85,38695.65,-0.3,4.0
1,2021-02-09,8.79,21600.00,38810.28,-2.4,-0.1
1,2021-02-10,15.49,36825.33,38925.74,-0.2,2.0
1,2021-02-11,13.83,31960.90,39041.91,0.4,2.9
1,2021-02-12,10.71,25132.12,39158.65,3.6,6.3
1,2021-02-13,12.60,32572.53,39275.87,6.6,11.3
1,2021-02-14,13.94,32511.63,39393.45,8.5,10.3
1,2021-02-15,3.45,7700.13,39511.27,4.6,11.1
1,2021-02-16,15.85,35599.69,39629.25,-2.2,1.7
1,2021-02-17,11.94,32962.49,39747.43,-8.5,-0.9
1,2021-02-18,12.82,26763.50,39866.87,-5.0,-1.3
1,2021-02-19,14.95,36006.81,39987.65,-2.0,0.2
1,2021-02-20,17.65,38444.89,40109.64,3.2,5.6
1,2021-02-21,17.76,38499.80,40232.74,6.6,8.4
1,2021-02-22,17.86,38169.91,40356.85,6.5,8.9
1,2021-02-23,11.43,38003.97,40481.84,-0.6,4.7
1,2021-02-24,18.21,38778.68,40607.61,-4.1,-2.9
1,2021-02-25,17.99,33614.44,40734.06,-0.1,2.5
1,2021-02-26,3.67,3600.00,40861.10,1.2,3.9
1,2021-02-27,18.80,38823.20,40988.60,-2.3,0.9
1,2021-02-28,13.18,27802.18,41116.47,4.0,6.4
1,2021-03-01,17.60,35327.88,41244.62,8.6,13.0
1,2021-03-02,3.94,4047.07,41372.94,1.2,15.3
1,2021-03-03,18.66,37034.77,41501.34,-0.4,3.5
1,2021-03-04,13.88,23321.72,41629.72,6.0,8.5
1,2021-03-05,7.48,13821.49,41757.98,9.8,11.2
1,2021-03-06,6.16,9105.98,41886.04,3.9,10.3
1,2021-03-07,11.37,20949.65,42013.80,4.2,6.4
1,2021-03-08,6.93,16767.68,42141.15,2.3,5.8
1,2021-03-09,13.17,36750.68,42268.19,6.0,7.4
1,2021-03-10,18.42,41936.36,42395.87,0.4,4.5
1,2021-03-11,20.15,32931.08,42524.29,3.9,6.7
1,2021-03-12,8.67,7523.69,42653.35,9.3,11.6
1,2021-03-13,6.15,12714.66,42782.96,5.2,9.6
1,2021-03-14,19.50,42455.95,42913.04,1.6,4.4
1,2021-03-15,20.29,39748.56,43043.50,3.2,6.6
1,2021-03-16,9.32,15739.11,43174.26,10.5,12.6
1,2021-03-17,21.25,42724.22,43305.23,1.8,5.8
1,2021-03-18,22.65,42807.89,43436.32,3.3,5.2
1,2021-03-19,22.06,42891.71,43567.46,3.6,5.5
1,2021-03-20,17.96,29459.09,43698.55,10.0,14.5
1,2021-03-21,7.56,17422.19,43829.51,10.7,17.9
1,2021-03-22,17.24,41467.87,43960.25,1.8,3.7
1,2021-03-23,22.48,43200.00,44090.69,1.7,7.1
1,2021-03-24,20.83,36000.00,44220.76,8.4,11.4
1,2021-03-25,7.19,13189.48,44350.34,7.8,11.0
1,2021-03-26,22.73,43200.00,44479.37,2.8,7.3
1,2021-03-27,22.15,32911.17,44607.74,6.9,10.3
1,2021-03-28,6.57,9099.97,44735.38,12.1,14.1
1,2021-03-29,22.13,43200.00,44862.36,9.3,11.8
1,2021-03-30,19.05,30544.13,44989.57,8.5,12.5
1,2021-03-31,24.29,43200.00,45117.09,6.3,9.6
1,2021-04-01,22.90,42211.87,45244.85,9.9,12.4
1,2021-04-02,18.96,43200.00,45372.76,10.1,12.2
1,2021-04-03,16.07,34664.35,45500.75,10.0,13.0
1,2021-04-04,9.39,12801.36,45628.73,13.3,18.3
1,2021-04-05,16.83,30042.79,45756.62,3.3,6.2
1,2021-04-06,10.01,19900.83,45884.34,9.1,10.4
1,2021-04-07,24.03,43200.00,46011.80,5.0,8.1
1,2021-04-08,20.95,43200.00,46138.92,4.5,7.6
1,2021-04-09,24.11,43200.00,46265.60,0.4,2.9
1,2021-04-10,25.51,43200.00,46391.78,2.6,6.0
1,2021-04-11,24.16,43200.00,46517.34,5.5,8.2
1,2021-04-12,19.21,32400.00,46642.21,8.6,11.5
1,2021-04-13,11.59,15831.32,46766.30,13.6,15.3
1,2021-04-14,13.63,25200.00,46889.49,5.9,13.5
1,2021-04-15,22.38,38314.01,47011.72,5.8,9.3
1,2021-04-16,8.54,13487.76,47132.87,11.3,12.8
1,2021-04-17,3.24,7330.64,47252.85,9.4,13.0
1,2021-04-18,20.37,43296.58,47371.72,3.6,6.7
1,2021-04-19,23.71,43547.47,47490.33,4.8,8.5
1,2021-04-20,26.42,43799.42,47608.76,6.0,8.0
1,2021-04-21,26.42,44052.55,47726.92,5.8,11.5
1,2021-04-22,24.94,42621.63,47844.73,4.8,9.0
1,2021-04-23,22.40,39863.71,47962.10,11.0,12.7
1,2021-04-24,16.98,41881.60,48078.94,11.0,13.1
1,2021-04-25,21.88,43433.98,48195.17,4.2,11.5
1,2021-04-26,27.48,44919.05,48310.67,2.3,8.2
1,2021-04-27,23.29,36135.80,48425.37,8.8,12.6
1,2021-04-28,5.78,0.00,48539.15,14.3,15.3
1,2021-04-29,4.93,8968.43,48651.94,12.2,16.3
1,2021-04-30,25.96,44723.93,48763.62,7.8,11.8
1,2021-05-01,18.41,32487.92,48874.10,11.1,14.6
1,2021-05-02,18.19,37952.08,48983.26,7.0,8.4
1,2021-05-03,26.46,46042.66,49091.01,6.1,10.4
1,2021-05-04,23.98,29732.13,49197.23,9.8,14.8
1,2021-05-05,5.59,9700.76,49301.82,14.1,15.6
1,2021-05-06,26.42,37402.64,49404.66,10.6,15.1
1,2021-05-07,9.26,17697.65,49505.64,12.2,14.5
1,2021-05-08,17.84,26922.98,49604.79,14.8,15.8
1,2021-05-09,25.38,47957.05,49702.89,9.1,14.6
1,2021-05-10,27.31,45765.85,49800.01,8.2,11.4
1,2021-05-11,21.30,28800.00,49896.04,11.4,14.2
1,2021-05-12,7.30,3600.00,49990.92,13.6,15.0
1,2021-05-13,24.00,43481.92,50084.53,15.6,16.8
1,2021-05-14,24.06,45271.66,50176.80,17.2,19.5
1,2021-05-15,19.41,25798.40,50267.62,17.5,19.2
1,2021-05-16,13.55,18285.86,50356.91,19.9,21.4
1,2021-05-17,9.26,6541.15,50444.56,21.1,23.6
1,2021-05-18,13.32,18000.00,50530.48,19.1,19.8
1,2021-05-19,6.51,12.77,50614.56,18.7,19.6
1,2021-05-20,3.72,0.00,50696.71,20.5,21.5
1,2021-05-21,11.16,12465.61,50776.82,16.8,21.9
1,2021-05-22,19.57,43236.65,50854.80,13.3,14.7
1,2021-05-23,24.90,41524.19,50930.53,15.1,17.5
1,2021-05-24,8.66,11770.83,51003.91,16.2,18.6
1,2021-05-25,23.78,50106.69,51074.83,12.9,15.0
1,2021-05-26,16.14,26654.37,51143.19,11.1,13.9
1,2021-05-27,5.52,2832.48,51208.88,14.9,16.6
1,2021-05-28,17.93,29552.42,51271.90,15.4,17.8
1,2021-05-29,27.23,50260.05,51332.78,13.3,15.9
1,2021-05-30,29.02,50297.08,51391.56,12.2,15.2
1,2021-05-31,29.28,50333.73,51448.20,12.4,14.5
1,2021-06-01,26.07,40256.06,51502.63,14.6,17.5
1,2021-06-02,18.00,29781.92,51554.80,15.1,17.7
1,2021-06-03,18.99,21600.00,51604.65,16.5,20.9
1,2021-06-04,6.94,6040.67,51652.12,17.9,23.4
1,2021-06-05,10.39,5975.14,51697.17,15.3,16.7
1,2021-06-06,16.47,21870.25,51739.71,16.7,18.3
1,2021-06-07,26.47,45044.00,51779.72,17.7,20.4
1,2021-06-08,26.72,50400.00,51817.13,16.6,20.4
1,2021-06-09,29.33,50400.00,51851.89,14.4,17.3
1,2021-06-10,28.95,47921.47,51883.92,14.0,17.1
1,2021-06-11,23.50,39519.97,51913.21,15.6,17.3
1,2021-06-12,16.63,28354.28,51939.68,17.6,19.6
1,2021-06-13,13.48,24740.03,51963.28,18.4,19.7
1,2021-06-14,23.21,45574.46,51983.96,18.9,20.3
1,2021-06-15,17.51,26190.54,52001.68,19.6,21.5
1,2021-06-16,5.56,6855.30,52016.38,18.7,20.7
1,2021-06-17,21.41,39811.20,52028.03,17.6,19.3
1,2021-06-18,10.98,11484.65,52036.73,18.1,19.3
1,2021-06-19,8.02,7200.00,52042.48,19.7,21.3
1,2021-06-20,25.72,44600.22,52045.33,15.9,18.0
1,2021-06-21,27.58,48624.30,52045.28,16.1,20.0
1,2021-06-22,14.08,22824.69,52042.37,18.5,20.1
1,2021-06-23,22.82,50391.27,52036.60,17.8,19.5
1,2021-06-24,22.84,44123.16,52028.02,18.8,19.9
1,2021-06-25,22.06,39321.68,52016.64,18.7,20.5
1,2021-06-26,10.72,7757.20,52002.48,19.2,20.3
1,2021-06-27,12.46,13608.07,51985.57,18.5,20.4
1,2021-06-28,15.01,26882.45,51965.96,19.7,21.6
1,2021-06-29,21.02,48684.11,51943.65,19.4,21.0
1,2021-06-30,17.85,33852.53,51918.69,20.6,21.7
1,2021-07-01,8.68,12849.74,51891.11,21.2,22.8
1,2021-07-02,12.50,13654.32,51860.93,23.1,24.6
1,2021-07-03,15.74,27725.76,51828.19,23.1,24.0
1,2021-07-04,16.65,35226.71,51792.92,22.8,24.1
1,2021-07-05,17.16,26759.65,51755.17,22.4,25.1
1,2021-07-06,11.96,8463.16,51714.95,23.0,25.2
1,2021-07-07,8.46,1593.47,51672.24,23.3,24.8
1,2021-07-08,8.48,10123.79,51626.61,23.7,25.1
1,2021-07-09,13.28,20863.46,51578.09,23.9,25.5
1,2021-07-10,16.60,24095.63,51526.78,22.9,24.2
1,2021-07-11,24.52,47848.81,51472.74,21.5,23.9
1,2021-07-12,18.30,34438.12,51416.09,22.1,23.0
1,2021-07-13,21.42,43943.36,51356.92,21.7,23.0
1,2021-07-14,18.42,36507.99,51295.31,21.3,22.7
1,2021-07-15,19.24,40601.28,51231.36,22.1,22.9
1,2021-07-16,19.43,41195.82,51165.16,21.5,22.6
1,2021-07-17,24.66,50271.49,51096.80,20.9,23.2
1,2021-07-18,21.55,42980.78,51026.38,22.7,24.7
1,2021-07-19,25.18,47518.31,50953.97,23.0,24.6
1,2021-07-20,26.18,50150.69,50879.67,21.6,24.4
1,2021-07-21,28.33,50109.75,50803.57,18.7,21.3
1,2021-07-22,27.11,50068.60,50725.75,19.9,21.8
1,2021-07-23,24.30,47791.43,50646.30,21.6,23.5
1,2021-07-24,24.09,48754.21,50565.31,21.5,23.4
1,2021-07-25,24.24,49939.09,50482.85,19.9,22.3
1,2021-07-26,23.02,46558.03,50399.02,20.4,22.4
1,2021-07-27,19.50,32383.89,50313.76,20.9,22.4
1,2021-07-28,24.53,47397.36,50226.35,20.1,23.0
1,2021-07-29,22.34,48399.81,50136.76,22.0,24.1
1,2021-07-30,24.60,49507.21,50045.13,20.8,23.6
1,2021-07-31,25.47,48629.67,49951.55,20.3,22.5
1,2021-08-01,22.26,48002.81,49856.15,22.1,24.4
1,2021-08-02,19.84,36159.86,49759.03,22.1,24.8
1,2021-08-03,14.44,32438.10,49660.31,23.0,25.2
1,2021-08-04,23.31,47044.96,49560.08,23.7,25.2
1,2021-08-05,26.16,47851.17,49458.45,19.7,23.6
1,2021-08-06,18.67,42057.26,49355.53,23.1,24.5
1,2021-08-07,22.91,46868.15,49251.42,22.7,24.4
1,2021-08-08,24.71,46324.91,49146.21,22.7,24.1
1,2021-08-09,22.53,46075.81,49040.01,21.9,23.6
1,2021-08-10,21.16,41111.30,48932.92,20.7,22.6
1,2021-08-11,16.29,18000.00,48825.01,21.5,23.2
1,2021-08-12,3.98,0.00,48716.40,23.0,24.4
1,2021-08-13,3.89,0.00,48607.16,22.7,24.0
1,2021-08-14,4.28,0.00,48497.39,23.7,24.7
1,2021-08-15,9.53,12682.70,48387.18,20.9,21.9
1,2021-08-16,8.63,1846.60,48276.46,21.7,22.8
1,2021-08-17,10.99,13371.97,48164.41,22.3,23.7
1,2021-08-18,17.15,35791.89,48050.99,21.7,23.9
1,2021-08-19,5.95,8709.11,47936.30,21.4,24.2
1,2021-08-20,17.98,42476.35,47820.42,21.5,23.2
1,2021-08-21,13.29,24912.50,47703.48,22.0,22.8
1,2021-08-22,18.76,30124.87,47585.54,22.2,22.9
1,2021-08-23,15.12,26657.92,47466.72,22.9,24.8
1,2021-08-24,16.46,27394.56,47347.10,22.0,23.5
1,2021-08-25,21.59,43200.00,47226.77,23.1,24.4
1,2021-08-26,20.00,41507.70,47105.83,23.3,24.4
1,2021-08-27,23.86,43269.58,46984.35,19.8,24.0
1,2021-08-28,23.90,43208.78,46862.42,21.5,23.4
1,2021-08-29,23.68,43228.89,46740.14,21.8,24.1
1,2021-08-30,23.34,43200.00,46617.56,22.1,23.5
1,2021-08-31,23.01,43200.00,46494.80,21.4,22.6
1,2021-09-01,13.87,22321.66,46371.91,22.1,23.6
1,2021-09-02,5.74,1551.12,46248.99,21.8,23.2
1,2021-09-03,6.37,7505.20,46126.11,21.4,22.3
1,2021-09-04,16.96,40813.76,46003.35,21.7,23.5
1,2021-09-05,14.55,32288.76,45880.62,20.5,22.1
1,2021-09-06,19.51,39964.65,45757.11,17.9,19.3
1,2021-09-07,10.34,15411.64,45632.75,19.9,21.4
1,2021-09-08,7.83,6525.35,45507.62,21.3,22.7
1,2021-09-09,15.67,35462.68,45381.80,19.9,20.8
1,2021-09-10,21.42,37119.09,45255.39,19.8,21.2
1,2021-09-11,14.85,19679.66,45128.46,20.7,21.9
1,2021-09-12,3.90,0.00,45001.09,21.5,22.7
1,2021-09-13,12.63,13774.69,44873.36,18.3,20.8
1,2021-09-14,2.93,0.00,44745.35,19.3,20.0
1,2021-09-15,11.80,32948.67,44617.15,18.1,20.3
1,2021-09-16,14.50,31279.98,44488.83,19.7,21.4
1,2021-09-17,4.85,8690.15,44360.46,21.8,23.5
1,2021-09-18,12.63,33236.23,44232.13,20.8,22.5
1,2021-09-19,15.79,36000.00,44103.90,19.1,20.4
1,2021-09-20,18.58,42776.39,43975.87,17.9,21.6
1,2021-09-21,16.36,32400.00,43848.11,20.2,23.0
1,2021-09-22,15.29,39518.30,43720.68,20.5,23.2
1,2021-09-23,21.24,42522.76,43593.67,18.5,20.1
1,2021-09-24,19.86,39600.00,43467.15,16.7,19.0
1,2021-09-25,16.85,32400.00,43341.05,18.8,20.5
1,2021-09-26,5.22,7200.00,43214.49,18.0,19.8
1,2021-09-27,17.69,35456.05,43087.40,17.1,18.6
1,2021-09-28,12.48,34703.76,42959.85,18.0,19.4
1,2021-09-29,17.02,41182.57,42831.94,18.8,20.2
1,2021-09-30,9.44,15128.78,42703.75,19.2,21.9
1,2021-10-01,8.91,13287.25,42575.37,17.5,19.9
1,2021-10-02,20.35,41033.33,42446.87,15.2,17.4
1,2021-10-03,20.40,41356.97,42318.35,14.6,18.1
1,2021-10-04,19.22,40559.87,42189.90,18.0,20.5
1,2021-10-05,19.40,40602.98,42061.58,16.1,19.0
1,2021-10-06,15.10,39809.61,41933.50,17.0,18.9
1,2021-10-07,15.94,39551.99,41805.74,18.4,20.8
1,2021-10-08,17.43,39511.53,41678.38,18.1,19.5
1,2021-10-09,15.81,39076.63,41551.53,18.2,21.1
1,2021-10-10,15.38,39410.96,41425.26,18.3,21.7
1,2021-10-11,14.50,30529.08,41299.67,20.3,21.6
1,2021-10-12,12.46,29634.06,41174.84,20.7,21.7
1,2021-10-13,12.76,34335.91,41050.88,19.0,21.6
1,2021-10-14,17.37,39218.00,40927.87,15.4,17.2
1,2021-10-15,17.66,39168.79,40805.74,15.5,17.9
1,2021-10-16,14.41,32400.00,40683.52,17.3,20.4
1,2021-10-17,10.84,30959.86,40561.14,8.6,14.0
1,2021-10-18,14.05,28978.57,40438.70,10.1,12.7
1,2021-10-19,8.69,22135.60,40316.29,11.4,13.7
1,2021-10-20,13.37,35690.73,40194.01,6.3,8.1
1,2021-10-21,9.33,18760.07,40071.96,6.9,8.3
1,2021-10-22,12.08,33025.48,39950.26,7.9,9.8
1,2021-10-23,14.00,38759.76,39828.99,5.0,8.1
1,2021-10-24,15.14,27832.60,39708.28,9.4,12.8
1,2021-10-25,2.39,5771.09,39588.22,11.4,13.1
1,2021-10-26,11.13,35000.27,39468.93,10.4,12.8
1,2021-10-27,13.68,32610.34,39350.51,9.7,12.7
1,2021-10-28,14.46,38492.45,39233.08,8.7,11.2
1,2021-10-29,15.58,38307.06,39116.76,6.8,8.3
1,2021-10-30,12.10,27840.68,39001.65,10.5,12.5
1,2021-10-31,7.59,19728.01,38887.89,11.6,15.7
1,2021-11-01,13.75,32002.18,38775.59,10.6,13.2
1,2021-11-02,14.34,37183.58,38664.88,9.8,12.0
1,2021-11-03,13.52,37160.76,38555.88,8.8,11.6
1,2021-11-04,13.94,37139.99,38448.52,8.0,9.7
1,2021-11-05,12.54,37120.87,38341.80,7.6,9.5
1,2021-11-06,12.83,25834.08,38235.64,9.4,11.7
1,2021-11-07,9.93,23070.75,38130.14,12.2,14.3
1,2021-11-08,10.20,23775.70,38025.43,14.2,14.9
1,2021-11-09,3.30,3600.00,37921.61,10.1,14.4
1,2021-11-10,11.73,35518.92,37818.81,6.0,7.6
1,2021-11-11,9.76,30689.01,37717.15,6.7,8.5
1,2021-11-12,11.28,33410.58,37616.75,5.0,8.5
1,2021-11-13,11.25,35388.87,37517.74,5.1,7.4
1,2021-11-14,11.56,35494.56,37420.24,6.6,8.9
1,2021-11-15,13.50,35309.67,37324.38,7.1,9.0
1,2021-11-16,12.56,30726.02,37230.29,7.6,9.7
1,2021-11-17,13.08,31636.98,37138.11,6.3,8.2
1,2021-11-18,11.21,32500.96,37047.97,6.9,9.8
1,2021-11-19,11.44,32570.60,36960.00,7.0,10.7
1,2021-11-20,12.94,35141.22,36874.35,5.9,9.5
1,2021-11-21,9.48,22302.55,36791.15,10.0,11.4
1,2021-11-22,2.31,3600.00,36710.55,9.2,16.5
1,2021-11-23,7.61,26833.71,36632.69,2.1,3.2
1,2021-11-24,8.95,33198.28,36557.55,3.2,6.1
1,2021-11-25,9.25,32400.00,36484.29,6.7,8.6
1,2021-11-26,11.41,35003.05,36412.82,3.8,8.9
1,2021-11-27,10.54,34890.28,36343.24,1.8,3.6
1,2021-11-28,12.43,34973.14,36275.65,0.6,2.7
1,2021-11-29,12.00,34601.29,36210.13,4.5,6.9
1,2021-11-30,10.26,29614.71,36146.79,9.2,12.6
1,2021-12-01,8.18,25163.45,36085.70,-1.0,2.7
1,2021-12-02,11.12,34936.41,36026.98,1.4,2.6
1,2021-12-03,11.75,33684.54,35970.70,3.3,4.7
1,2021-12-04,8.66,23070.24,35916.97,1.1,4.0
1,2021-12-05,9.32,29642.40,35865.88,1.7,3.7
1,2021-12-06,6.65,16931.36,35817.54,8.5,10.4
1,2021-12-07,2.28,0.00,35772.02,8.7,9.3
1,2021-12-08,6.51,21759.53,35729.43,4.3,7.4
1,2021-12-09,11.39,31342.66,35689.87,5.0,8.9
1,2021-12-10,9.35,31068.20,35653.43,5.9,9.4
1,2021-12-11,11.15,34960.13,35620.19,6.3,9.6
1,2021-12-12,10.02,33714.37,35590.26,6.8,9.2
1,2021-12-13,7.30,22893.57,35563.72,0.9,3.2
1,2021-12-14,11.78,34970.32,35540.62,1.6,4.1
1,2021-12-15,11.00,31899.14,35520.63,3.0,5.2
1,2021-12-16,10.54,25502.68,35503.70,7.4,10.7
1,2021-12-17,5.06,17353.84,35489.83,-0.5,10.0
1,2021-12-18,8.45,26632.60,35479.03,-2.3,-0.7
1,2021-12-19,7.54,32593.51,35471.28,-1.0,0.1
1,2021-12-20,9.48,34895.72,35466.59,0.1,2.7
1,2021-12-21,10.22,31317.46,35464.94,4.3,6.3
1,2021-12-22,6.88,22624.70,35466.34,2.3,7.6
1,2021-12-23,11.52,34901.06,35470.76,0.4,3.8
1,2021-12-24,7.28,24849.06,35478.22,6.8,8.7
1,2021-12-25,9.60,27103.41,35488.68,0.7,6.6
1,2021-12-26,6.10,21043.30,35502.14,-4.6,-2.4
1,2021-12-27,7.19,27802.42,35518.60,-2.4,0.1
1,2021-12-28,5.98,18400.42,35538.02,-0.7,1.5
1,2021-12-29,8.46,30711.29,35560.40,2.8,4.8
1,2021-12-30,8.54,35022.42,35585.72,-1.8,3.9
1,2021-12-31,7.52,28708.46,35613.96,-2.8,-1.1
1,2022-01-01,8.55,29035.05,35645.11,-6.7,-0.9
1,2022-01-02,11.56,35120.11,35679.14,-0.8,0.6
1,2022-01-03,11.17,32137.10,35716.11,-0.5,2.9
1,2022-01-04,8.02,28831.23,35756.44,0.2,1.8
1,2022-01-05,8.32,21301.44,35800.11,-2.5,-1.1
1,2022-01-06,3.05,12883.19,35846.99,-1.0,1.3
1,2022-01-07,7.53,26666.06,35896.99,-3.2,-1.3
1,2022-01-08,12.28,35398.69,35950.01,-1.4,2.0
1,2022-01-09,11.06,31890.32,36005.92,0.3,1.5
1,2022-01-10,12.28,32400.00,36064.62,0.3,4.1
1,2022-01-11,1.76,4693.99,36126.01,0.7,6.1
1,2022-01-12,7.61,22206.95,36189.96,-2.7,-0.7
1,2022-01-13,9.08,30686.47,36256.39,-4.8,-1.4
1,2022-01-14,8.74,29449.56,36325.18,-2.5,-1.1
1,2022-01-15,10.33,34183.94,36396.22,-3.7,0.1
1,2022-01-16,12.37,35233.95,36469.41,1.5,3.4
1,2022-01-17,9.32,29920.01,36544.64,-2.6,2.3
1,2022-01-18,6.90,17510.16,36621.81,-3.3,-2.1
1,2022-01-19,8.52,32704.08,36700.83,-2.3,-0.1
1,2022-01-20,9.11,30691.19,36781.58,-3.4,-0.5
1,2022-01-21,9.10,26849.88,36863.96,-4.7,-3.4
1,2022-01-22,13.06,33550.69,36947.89,-3.0,-0.2
1,2022-01-23,3.15,0.00,37033.42,3.2,4.6
1,2022-01-24,7.42,20768.60,37121.49,-1.6,1.8
1,2022-01-25,7.74,19402.34,37212.10,-0.5,2.7
1,2022-01-26,11.94,35835.35,37305.12,1.0,3.7
1,2022-01-27,8.79,24892.22,37400.40,-1.3,1.1
1,2022-01-28,10.68,31323.72,37497.80,0.1,1.7
1,2022-01-29,10.36,32405.32,37597.18,-0.7,1.0
1,2022-01-30,8.13,15967.38,37698.40,-1.0,0.6
1,2022-01-31,10.75,30821.08,37801.32,-3.0,-1.1
1,2022-02-01,12.42,25542.63,37905.82,-1.7,2.6
1,2022-02-02,11.26,32400.00,38011.76,-2.2,-0.2
1,2022-02-03,8.88,21895.06,38119.00,-2.6,-0.1
1,2022-02-04,12.47,36000.00,38227.43,-3.6,-1.0
1,2022-02-05,12.28,32400.00,38336.92,-6.1,-4.7
1,2022-02-06,12.05,32400.00,38447.35,-4.8,-3.1
1,2022-02-07,12.14,32400.00,38558.59,-2.6,-0.9
1,2022-02-08,5.45,4477.27,38670.53,0.6,2.4
1,2022-02-09,15.61,32971.73,38783.05,-1.4,0.7
1,2022-02-10,5.25,4048.00,38896.04,0.5,2.1
1,2022-02-11,12.29,33200.70,39009.39,-1.8,1.7
1,2022-02-12,14.52,33754.00,39123.17,-2.4,1.6
1,2022-02-13,3.22,1718.79,39238.43,1.7,2.9
1,2022-02-14,12.33,26850.26,39355.25,0.5,2.3
1,2022-02-15,14.27,37254.57,39473.49,-0.7,4.1
1,2022-02-16,11.63,28880.20,39593.04,-6.1,-4.2
1,2022-02-17,14.81,32500.18,39713.79,-6.5,-2.2
1,2022-02-18,12.59,37360.97,39835.60,-3.3,-0.7
1,2022-02-19,6.16,6338.36,39958.37,3.3,5.9
1,2022-02-20,13.19,30474.65,40081.99,-3.9,3.3
1,2022-02-21,12.36,25677.66,40206.35,-5.2,-3.4
1,2022-02-22,11.82,20501.32,40331.32,-4.8,-2.7
1,2022-02-23,10.82,23946.52,40456.83,-2.6,-0.5
1,2022-02-24,10.47,18471.97,40582.74,-5.5,-2.7
1,2022-02-25,17.71,39070.82,40708.95,-3.0,-1.4
1,2022-02-26,18.89,37662.97,40835.38,-0.1,1.9
1,2022-02-27,15.96,39384.34,40961.91,-0.9,3.1
1,2022-02-28,19.12,39115.26,41088.45,-1.2,3.6
1,2022-03-01,6.04,10800.00,41214.88,7.1,9.7
1,2022-03-02,12.95,34113.15,41341.13,4.2,7.5
1,2022-03-03,17.79,40284.21,41467.08,1.2,2.9
1,2022-03-04,16.39,31689.31,41592.83,0.1,3.7
1,2022-03-05,18.53,40024.77,41719.34,0.6,4.8
1,2022-03-06,14.64,35311.10,41846.71,-2.4,-1.1
1,2022-03-07,11.13,19300.33,41974.85,-2.8,-1.1
1,2022-03-08,20.38,40895.03,42103.65,-1.4,1.5
1,2022-03-09,18.06,38173.67,42233.05,-0.9,1.5
1,2022-03-10,19.25,41469.93,42362.93,0.0,5.1
1,2022-03-11,15.09,27334.90,42493.22,5.8,8.3
1,2022-03-12,17.59,36359.04,42623.81,8.0,10.6
1,2022-03-13,16.68,28800.00,42754.64,11.4,13.8
1,2022-03-14,16.36,32367.60,42885.61,13.0,15.0
1,2022-03-15,19.62,40984.18,43016.62,5.7,13.1
1,2022-03-16,21.63,42627.26,43147.60,5.0,8.5
1,2022-03-17,17.30,32400.00,43278.46,4.0,6.3
1,2022-03-18,2.21,0.00,43409.11,8.8,11.5
1,2022-03-19,7.52,6876.05,43539.47,4.3,6.7
1,2022-03-20,12.48,22754.41,43669.44,2.7,3.8
1,2022-03-21,17.58,32400.00,43798.95,3.5,6.1
1,2022-03-22,4.10,8937.65,43927.89,1.6,4.3
1,2022-03-23,10.82,16728.30,44056.19,3.6,5.3
1,2022-03-24,19.57,43200.00,44183.92,3.5,5.7
1,2022-03-25,20.47,32400.00,44311.99,7.0,9.9
1,2022-03-26,4.42,0.00,44440.48,12.3,15.2
1,2022-03-27,18.54,31258.90,44569.31,5.4,8.3
1,2022-03-28,17.97,33928.90,44698.41,1.4,3.1
1,2022-03-29,10.32,11145.75,44827.69,7.2,11.8
1,2022-03-30,19.16,34299.59,44957.07,10.6,13.0
1,2022-03-31,6.60,4286.04,45086.46,7.8,14.1
1,2022-04-01,21.04,36578.39,45215.79,-2.3,-0.7
1,2022-04-02,18.87,32683.43,45344.97,2.9,7.1
1,2022-04-03,8.31,8147.83,45473.92,7.2,8.4
1,2022-04-04,20.22,43200.00,45602.55,4.8,8.3
1,2022-04-05,24.26,37969.85,45730.78,5.5,8.1
1,2022-04-06,24.00,43200.00,45858.53,3.8,8.8
1,2022-04-07,22.83,43200.00,45985.69,8.5,12.4
1,2022-04-08,24.40,43200.00,46112.19,6.4,9.2
1,2022-04-09,24.66,43200.00,46237.92,7.4,11.9
1,2022-04-10,24.38,43200.00,46362.81,10.6,12.6
1,2022-04-11,20.71,33177.60,46486.76,11.2,14.7
1,2022-04-12,21.88,39600.00,46609.67,14.5,16.7
1,2022-04-13,20.43,36000.00,46731.61,15.0,16.6
1,2022-04-14,17.72,31274.41,46853.44,16.2,18.1
1,2022-04-15,5.68,0.00,46975.24,10.5,15.6
1,2022-04-16,19.05,38469.36,47096.93,3.1,4.8
1,2022-04-17,22.54,38077.40,47218.43,8.8,11.5
1,2022-04-18,15.53,26962.69,47339.65,10.5,13.1
1,2022-04-19,23.45,43556.43,47460.49,5.3,8.7
1,2022-04-20,19.63,38392.00,47580.88,7.6,11.3
1,2022-04-21,6.09,3600.00,47700.73,13.5,15.6
1,2022-04-22,22.41,36000.00,47819.94,11.2,13.8
1,2022-04-23,19.50,25200.00,47938.41,13.3,15.0
1,2022-04-24,4.25,2601.09,48056.06,15.9,16.9
1,2022-04-25,23.79,38763.16,48172.78,16.4,18.7
1,2022-04-26,13.19,20371.65,48288.48,19.4,20.0
1,2022-04-27,9.45,8774.36,48403.06,13.3,19.6
1,2022-04-28,22.87,36000.00,48516.41,12.9,16.1
1,2022-04-29,6.10,8299.93,48628.42,10.6,19.4
1,2022-04-30,24.23,36076.52,48739.00,9.7,11.9
1,2022-05-01,11.50,24205.31,48848.04,9.2,12.4
1,2022-05-02,26.81,45480.76,48955.40,5.5,9.1
1,2022-05-03,28.04,47145.74,49061.17,4.1,8.4
1,2022-05-04,26.80,44561.20,49166.12,10.0,14.4
1,2022-05-05,25.60,34784.75,49270.33,10.9,14.6
1,2022-05-06,20.03,44635.60,49373.71,10.9,13.2
1,2022-05-07,25.48,46477.50,49476.17,13.2,17.5
1,2022-05-08,27.21,45851.64,49577.62,5.2,7.7
1,2022-05-09,10.27,14944.75,49677.95,8.3,10.6
1,2022-05-10,18.23,33818.80,49777.09,13.5,15.9
1,2022-05-11,14.75,19868.29,49874.92,16.4,18.0
1,2022-05-12,6.43,3600.00,49971.37,17.6,19.5
1,2022-05-13,6.75,2373.87,50066.30,19.3,20.4
1,2022-05-14,11.11,22864.89,50159.64,11.9,19.2
1,2022-05-15,16.44,15387.77,50251.27,9.6,11.9
1,2022-05-16,8.55,3600.00,50341.09,12.3,13.6
1,2022-05-17,11.79,10181.80,50428.99,10.1,13.3
1,2022-05-18,28.46,49197.20,50514.87,9.3,13.4
1,2022-05-19,23.70,33013.48,50598.61,10.5,16.3
1,2022-05-20,14.51,8702.70,50680.10,12.1,16.0
1,2022-05-21,9.67,10344.17,50759.23,13.4,14.9
1,2022-05-22,27.58,49741.67,50835.90,13.8,15.3
1,2022-05-23,27.84,47007.87,50910.09,11.7,14.3
1,2022-05-24,25.45,48806.81,50982.43,13.8,16.9
1,2022-05-25,23.63,47060.59,51052.99,14.7,18.1
1,2022-05-26,16.70,27247.39,51121.66,17.9,19.8
1,2022-05-27,26.90,50173.33,51188.41,13.6,16.7
1,2022-05-28,27.62,49356.92,51253.15,13.7,16.5
1,2022-05-29,28.86,50252.18,51315.81,13.4,16.9
1,2022-05-30,15.83,20089.60,51376.32,15.7,18.6
1,2022-05-31,18.78,33299.38,51434.60,14.1,18.2
1,2022-06-01,19.65,29151.44,51490.60,11.3,15.8
1,2022-06-02,29.07,50400.00,51544.22,13.3,16.0
1,2022-06-03,27.40,48605.60,51595.41,14.2,16.9
1,2022-06-04,28.36,48149.80,51644.08,14.2,16.4
1,2022-06-05,14.07,14694.04,51690.17,17.4,19.9
1,2022-06-06,9.32,8770.02,51733.60,16.4,19.0
1,2022-06-07,18.01,39456.92,51774.31,13.1,14.1
1,2022-06-08,27.66,50400.00,51812.21,13.0,15.2
1,2022-06-09,25.93,49151.27,51847.25,15.5,17.2
1,2022-06-10,23.11,34878.46,51879.35,17.4,19.3
1,2022-06-11,8.68,10800.00,51908.44,16.7,19.3
1,2022-06-12,27.48,43200.00,51934.49,13.6,17.4
1,2022-06-13,18.55,26045.02,51957.74,14.7,16.8
1,2022-06-14,5.65,0.00,51978.19,16.1,18.5
1,2022-06-15,15.53,15826.27,51995.86,18.2,19.8
1,2022-06-16,15.88,16776.68,52010.74,18.7,21.0
1,2022-06-17,22.13,34130.12,52022.84,18.2,21.2
1,2022-06-18,12.47,20201.71,52032.15,19.7,22.1
1,2022-06-19,23.38,32400.00,52038.66,20.3,21.5
1,2022-06-20,18.34,30059.57,52042.40,20.7,22.3
1,2022-06-21,5.99,10494.49,52043.35,22.1,23.1
1,2022-06-22,20.74,50359.30,52041.53,21.9,23.2
1,2022-06-23,25.72,48427.78,52036.94,21.7,22.7
1,2022-06-24,26.75,47728.65,52029.58,22.2,23.5
1,2022-06-25,20.17,29037.65,52019.47,22.0,24.3
1,2022-06-26,23.09,46668.87,52006.61,21.1,22.5
1,2022-06-27,22.57,48149.11,51991.02,22.4,24.7
1,2022-06-28,28.29,50400.00,51972.71,20.1,21.5
1,2022-06-29,28.61,50400.00,51951.68,20.2,21.4
1,2022-06-30,28.24,50400.00,51927.96,21.0,23.5
1,2022-07-01,27.75,50400.00,51901.55,21.0,23.8
1,2022-07-02,25.10,38727.68,51872.42,23.3,25.0
1,2022-07-03,11.61,15399.60,51840.28,23.1,24.0
1,2022-07-04,4.76,0.00,51805.14,23.4,24.5
1,2022-07-05,11.74,15583.73,51767.08,23.7,24.8
1,2022-07-06,19.58,46800.00,51726.19,23.0,24.4
1,2022-07-07,25.44,42465.71,51682.54,21.5,23.2
1,2022-07-08,20.62,40710.63,51636.21,22.5,23.6
1,2022-07-09,18.09,34627.40,51587.26,23.1,24.2
1,2022-07-10,20.34,42933.54,51535.80,23.1,24.9
1,2022-07-11,21.07,43423.75,51481.89,23.3,24.9
1,2022-07-12,17.10,44352.10,51425.61,23.0,24.7
1,2022-07-13,21.47,29995.39,51367.05,21.4,22.9
1,2022-07-14,12.00,10164.94,51306.28,22.6,24.0
1,2022-07-15,16.62,25859.35,51243.37,22.0,23.9
1,2022-07-16,12.70,15277.77,51178.42,22.2,23.2
1,2022-07-17,24.36,44191.76,51111.49,21.0,22.2
1,2022-07-18,20.66,28800.00,51042.67,21.9,24.2
1,2022-07-19,7.77,7704.62,50972.02,23.8,25.1
1,2022-07-20,25.21,50158.43,50899.63,20.3,22.7
1,2022-07-21,19.56,27878.98,50825.57,22.7,24.8
1,2022-07-22,24.33,48470.53,50749.79,21.0,22.3
1,2022-07-23,23.86,50039.42,50671.63,19.5,21.2
1,2022-07-24,25.29,49399.77,50591.09,21.2,23.2
1,2022-07-25,26.67,46800.00,50508.27,23.0,24.9
1,2022-07-26,25.67,47031.59,50423.29,24.0,24.9
1,2022-07-27,18.02,37958.01,50336.26,23.6,24.7
1,2022-07-28,22.04,47986.54,50247.28,23.7,25.6
1,2022-07-29,24.89,47124.58,50156.48,23.6,24.8
1,2022-07-30,23.03,47780.67,50063.96,22.9,23.8
1,2022-07-31,21.02,43128.10,49969.81,23.4,25.9
1,2022-08-01,23.72,48703.32,49874.15,22.4,25.5
1,2022-08-02,26.45,46375.24,49777.09,22.5,24.5
1,2022-08-03,25.85,45350.49,49678.71,23.5,25.2
1,2022-08-04,20.46,36917.45,49579.12,23.1,24.5
1,2022-08-05,22.03,45901.64,49478.41,23.2,24.3
1,2022-08-06,16.75,27561.07,49376.69,23.4,24.2
1,2022-08-07,22.57,44445.84,49274.04,23.6,25.0
1,2022-08-08,23.17,45439.81,49170.56,23.6,25.3
1,2022-08-09,25.24,46356.44,49066.34,23.0,24.1
1,2022-08-10,20.96,43557.15,48961.46,23.7,24.6
1,2022-08-11,21.81,39907.09,48855.87,23.7,25.6
1,2022-08-12,18.08,37858.55,48748.76,24.0,25.4
1,2022-08-13,18.02,36442.13,48640.09,24.3,25.4
1,2022-08-14,18.29,35756.01,48529.96,24.0,25.3
1,2022-08-15,21.43,40679.24,48418.48,23.7,24.6
1,2022-08-16,19.19,36000.00,48305.74,24.3,25.3
1,2022-08-17,14.19,22730.10,48191.86,23.5,25.9
1,2022-08-18,21.90,38525.38,48076.93,20.6,22.2
1,2022-08-19,22.65,37667.71,47961.04,20.4,23.7
1,2022-08-20,16.37,25501.97,47844.29,24.1,25.5
1,2022-08-21,19.70,43761.77,47726.78,23.3,25.3
1,2022-08-22,21.37,39385.46,47608.58,23.9,25.6
1,2022-08-23,21.23,36188.75,47489.80,23.6,25.0
1,2022-08-24,17.73,35119.63,47370.53,24.4,25.3
1,2022-08-25,17.60,30165.55,47250.84,24.0,25.3
1,2022-08-26,17.11,39600.00,47130.82,22.7,23.6
1,2022-08-27,18.58,42281.42,47010.57,21.7,23.5
1,2022-08-28,19.14,41736.07,46890.15,18.3,20.9
1,2022-08-29,20.24,37884.20,46769.65,21.3,22.8
1,2022-08-30,13.86,24365.64,46649.16,24.2,25.4
1,2022-08-31,21.75,39615.35,46528.60,23.5,24.9
1,2022-09-01,14.81,30538.49,46407.14,23.6,25.7
1,2022-09-02,19.13,40060.24,46284.72,22.5,23.2
1,2022-09-03,18.91,39380.49,46161.42,22.2,23.6
1,2022-09-04,20.43,43200.00,46037.34,22.4,24.4
1,2022-09-05,21.38,40610.11,45912.56,21.9,22.6
1,2022-09-06,17.54,32033.05,45787.16,22.8,25.5
1,2022-09-07,14.86,32796.90,45661.23,20.9,21.5
1,2022-09-08,10.98,12682.17,45534.85,22.6,23.9
1,2022-09-09,9.23,16112.62,45408.10,22.6,23.5
1,2022-09-10,16.48,35375.96,45281.05,22.2,24.5
1,2022-09-11,21.68,43200.00,45153.80,20.8,23.0
1,2022-09-12,22.23,43200.00,45026.40,21.2,22.5
1,2022-09-13,19.22,43200.00,44898.95,21.6,22.8
1,2022-09-14,20.75,43200.00,44771.51,21.5,23.3
1,2022-09-15,20.01,43200.00,44644.18,20.9,23.7
1,2022-09-16,21.31,35938.33,44517.01,19.7,22.7
1,2022-09-17,11.43,8317.27,44390.10,23.4,25.2
1,2022-09-18,12.93,19819.88,44263.50,23.2,23.8
1,2022-09-19,8.81,8773.12,44137.30,21.8,24.4
1,2022-09-20,11.32,20307.12,44011.42,13.7,15.2
1,2022-09-21,15.55,32433.95,43884.99,14.6,18.5
1,2022-09-22,15.60,30008.61,43757.97,19.4,20.5
1,2022-09-23,2.93,2802.95,43630.41,20.5,21.6
1,2022-09-24,19.43,41792.99,43502.40,15.9,18.9
1,2022-09-25,21.18,42381.27,43374.04,17.1,20.0
1,2022-09-26,19.38,38559.06,43245.40,20.0,20.7
1,2022-09-27,12.15,18000.00,43116.56,20.2,21.6
1,2022-09-28,13.71,26353.22,42987.60,18.7,21.1
1,2022-09-29,13.51,27998.93,42858.62,17.4,18.7
1,2022-09-30,19.48,40938.29,42729.68,17.3,19.3
1,2022-10-01,19.45,41541.38,42600.88,15.6,18.9
1,2022-10-02,17.92,40465.98,42472.29,15.6,18.2
1,2022-10-03,16.75,39949.06,42343.99,18.3,20.2
1,2022-10-04,16.36,33071.85,42216.08,19.8,21.6
1,2022-10-05,12.06,29063.44,42088.64,13.3,17.8
1,2022-10-06,6.71,4963.18,41961.74,11.8,15.4
1,2022-10-07,2.80,0.00,41835.49,15.1,16.8
1,2022-10-08,12.33,19112.36,41709.95,11.6,14.1
1,2022-10-09,4.63,8233.24,41585.23,16.4,20.4
1,2022-10-10,5.72,6436.09,41461.24,13.7,19.0
1,2022-10-11,16.36,36704.48,41337.04,9.9,12.0
1,2022-10-12,12.04,18616.71,41212.55,13.0,13.7
1,2022-10-13,14.23,35677.59,41087.88,13.0,14.9
1,2022-10-14,18.01,39228.62,40963.11,14.5,17.2
1,2022-10-15,16.92,39179.27,40838.34,16.4,17.9
1,2022-10-16,13.61,32400.00,40713.66,18.4,19.5
1,2022-10-17,4.80,5793.64,40589.18,16.7,19.9
1,2022-10-18,13.67,39029.04,40464.98,10.6,14.1
1,2022-10-19,17.95,38978.24,40341.18,6.7,8.5
1,2022-10-20,17.75,38927.11,40217.88,7.8,9.9
1,2022-10-21,16.34,32400.00,40095.17,12.8,15.1
1,2022-10-22,12.02,33452.23,39973.15,13.9,16.0
1,2022-10-23,15.11,35998.01,39851.95,12.1,17.5
1,2022-10-24,15.90,36966.93,39731.65,8.3,9.8
1,2022-10-25,15.70,38666.58,39612.38,6.5,8.8
1,2022-10-26,16.75,37028.82,39494.25,5.1,7.0
1,2022-10-27,11.70,33781.52,39377.36,7.9,11.2
1,2022-10-28,15.76,37091.41,39261.84,8.8,10.7
1,2022-10-29,13.74,36000.00,39147.80,7.2,10.6
1,2022-10-30,14.58,38037.46,39035.17,6.7,8.7
1,2022-10-31,12.02,30261.99,38922.93,12.6,14.6
1,2022-11-01,3.63,4819.30,38811.02,14.2,16.3
1,2022-11-02,14.28,37195.74,38699.53,11.8,14.7
1,2022-11-03,14.62,36876.01,38588.59,11.5,14.6
1,2022-11-04,14.31,37150.95,38478.29,8.8,11.4
1,2022-11-05,13.76,36534.60,38368.77,7.9,9.7
1,2022-11-06,14.76,36514.27,38260.14,5.8,7.8
1,2022-11-07,13.15,29621.29,38152.51,8.1,11.5
1,2022-11-08,13.77,36477.75,38046.01,7.9,10.5
1,2022-11-09,14.62,36161.13,37940.77,6.9,10.5
1,2022-11-10,12.72,35844.68,37836.90,9.8,13.2
1,2022-11-11,13.83,35830.29,37734.55,9.7,11.7
1,2022-11-12,12.38,35437.24,37633.84,12.9,15.1
1,2022-11-13,4.40,10651.06,37534.90,14.1,18.4
1,2022-11-14,9.59,32129.05,37437.86,5.7,7.4
1,2022-11-15,13.22,35314.58,37342.87,6.6,8.2
1,2022-11-16,11.39,31545.58,37250.06,5.5,6.9
1,2022-11-17,9.05,22841.35,37159.58,4.7,7.9
1,2022-11-18,13.57,35208.95,37071.56,5.0,8.5
1,2022-11-19,11.04,25252.08,36985.97,7.2,10.9
1,2022-11-20,7.77,25346.77,36901.90,11.4,12.0
1,2022-11-21,9.48,29965.60,36819.26,11.4,12.9
1,2022-11-22,10.16,21684.12,36738.15,10.0,12.1
1,2022-11-23,3.42,2671.79,36658.70,12.2,15.1
1,2022-11-24,9.17,29297.27,36580.99,7.3,11.3
1,2022-11-25,12.66,32604.23,36505.13,7.5,10.9
1,2022-11-26,6.14,16800.86,36431.23,10.7,13.9
1,2022-11-27,11.22,31394.36,36359.41,5.6,9.4
1,2022-11-28,10.17,29115.40,36289.77,11.1,14.7
1,2022-11-29,4.58,1383.45,36222.42,15.5,17.5
1,2022-11-30,4.40,6232.62,36157.48,5.7,11.5
1,2022-12-01,7.68,23763.81,36095.05,1.8,3.4
1,2022-12-02,8.24,25132.74,36035.25,-0.9,0.6
1,2022-12-03,11.02,34396.75,35978.20,3.9,5.9
1,2022-12-04,3.69,7940.78,35924.01,5.7,8.0
1,2022-12-05,10.11,28800.00,35872.79,4.3,6.4
1,2022-12-06,10.03,31358.57,35824.66,1.3,6.2
1,2022-12-07,9.05,27304.84,35779.72,1.0,2.8
1,2022-12-08,11.10,32400.00,35738.11,2.6,5.1
1,2022-12-09,11.69,32400.00,35699.83,2.3,5.9
1,2022-12-10,11.67,34942.28,35664.39,5.1,8.8
1,2022-12-11,9.67,30924.15,35631.76,4.5,7.8
1,2022-12-12,11.65,31363.93,35601.93,3.6,7.3
1,2022-12-13,6.66,19104.61,35574.95,4.2,7.7
1,2022-12-14,8.90,33834.79,35550.86,-2.8,2.1
1,2022-12-15,8.68,30950.69,35529.66,-2.2,-0.0
1,2022-12-16,7.93,27203.41,35511.39,1.4,3.2
1,2022-12-17,1.58,0.00,35496.07,1.5,4.9
1,2022-12-18,10.20,32233.18,35483.73,-6.3,-4.3
1,2022-12-19,8.63,30216.75,35474.39,-4.6,-1.7
1,2022-12-20,9.69,22908.92,35468.06,-2.5,0.6
1,2022-12-21,9.76,23755.20,35464.77,3.6,7.1
1,2022-12-22,3.54,11470.59,35464.54,-1.0,7.8
1,2022-12-23,8.72,28637.75,35467.38,-6.1,-1.9
1,2022-12-24,6.42,20973.12,35473.30,0.7,1.7
1,2022-12-25,7.30,30754.17,35482.34,0.1,2.0
1,2022-12-26,6.75,23475.74,35494.48,-0.3,1.4
1,2022-12-27,7.21,18704.72,35509.76,-1.2,1.4
1,2022-12-28,11.08,33393.23,35528.17,1.0,4.0
1,2022-12-29,10.65,31145.04,35549.77,-0.7,1.0
1,2022-12-30,9.17,34295.78,35574.79,-1.7,-0.4
1,2022-12-31,10.22,32561.43,35603.20,-0.5,1.1
1,2023-01-01,10.06,29978.60,35634.92,0.2,1.2
1,2023-01-02,7.12,31528.49,35669.85,0.4,3.4
1,2023-01-03,8.83,35149.06,35707.92,-1.1,1.5
1,2023-01-04,8.76,33687.13,35749.03,-1.0,0.5
1,2023-01-05,6.50,27441.91,35793.10,-0.4,0.9
1,2023-01-06,8.86,35284.97,35840.04,-1.9,0.9
1,2023-01-07,5.55,13205.49,35889.76,1.7,3.8
1,2023-01-08,7.82,28128.97,35942.18,1.7,4.1
1,2023-01-09,11.97,35446.56,35997.20,2.5,5.9
1,2023-01-10,8.69,31257.12,36054.74,-3.2,-1.6
1,2023-01-11,12.33,35058.37,36114.72,-2.8,1.3
1,2023-01-12,12.30,35508.12,36177.03,2.8,6.4
1,2023-01-13,8.06,20284.86,36241.60,9.8,12.4
1,2023-01-14,2.68,2239.49,36308.33,11.1,14.1
1,2023-01-15,6.25,17844.46,36377.15,7.4,9.2
1,2023-01-16,5.30,16355.37,36447.96,1.8,8.1
1,2023-01-17,12.88,32400.00,36520.69,-0.0,1.7
1,2023-01-18,6.02,18181.02,36595.39,1.0,2.4
1,2023-01-19,11.01,34554.77,36672.90,-0.7,2.5
1,2023-01-20,10.90,33358.11,36753.22,-1.0,2.9
1,2023-01-21,8.46,29044.66,36836.20,-3.2,-1.1
1,2023-01-22,11.77,32400.00,36921.71,-0.5,1.8
1,2023-01-23,3.72,411.51,37009.61,3.5,5.2
1,2023-01-24,5.16,12298.42,37099.75,-6.3,3.1
1,2023-01-25,10.59,35370.67,37192.00,-6.6,-4.5
1,2023-01-26,9.78,29873.02,37286.22,-2.7,-1.3
1,2023-01-27,2.79,5618.31,37382.28,-0.8,2.3
1,2023-01-28,10.41,31913.77,37480.06,-3.9,-1.9
1,2023-01-29,10.74,34190.39,37579.40,-3.5,-1.4
1,2023-01-30,11.25,35987.28,37680.20,-2.8,0.1
1,2023-01-31,10.67,36000.00,37782.32,-4.1,-1.6
1,2023-02-01,10.61,31657.19,37885.64,1.8,5.4
1,2023-02-02,7.56,14603.33,37990.04,-1.9,0.3
1,2023-02-03,6.76,17068.24,38095.40,-2.4,0.4
1,2023-02-04,12.71,36000.00,38201.61,0.0,2.9
1,2023-02-05,14.11,36414.35,38308.54,-1.9,1.3
1,2023-02-06,12.96,27826.41,38416.09,0.7,3.3
1,2023-02-07,4.47,3600.00,38524.33,3.6,5.6
1,2023-02-08,11.76,36023.48,38634.31,1.1,5.3
1,2023-02-09,11.54,32948.15,38746.09,-1.5,1.5
1,2023-02-10,4.40,4802.37,38859.52,6.4,10.7
1,2023-02-11,14.15,36000.00,38974.50,3.1,4.6
1,2023-02-12,14.61,32400.00,39090.88,7.3,9.3
1,2023-02-13,2.79,3600.00,39208.54,3.0,8.4
1,2023-02-14,8.76,19305.11,39327.36,-4.4,-2.1
1,2023-02-15,7.30,9264.66,39447.22,-4.7,-4.1
1,2023-02-16,12.32,33196.19,39568.01,-4.1,-2.6
1,2023-02-17,16.30,34177.44,39689.58,0.4,3.3
1,2023-02-18,6.43,9365.14,39811.86,9.9,12.7
1,2023-02-19,1.59,3600.00,39934.70,6.9,13.3
1,2023-02-20,13.62,37965.18,40058.02,-0.8,4.9
1,2023-02-21,13.82,35479.10,40181.69,-4.9,-3.2
1,2023-02-22,17.63,34926.77,40305.61,-0.1,1.1
1,2023-02-23,8.54,17347.33,40429.67,2.7,4.8
1,2023-02-24,2.86,3600.00,40553.78,3.2,6.1
1,2023-02-25,12.92,36936.49,40677.81,-3.6,-0.3
1,2023-02-26,9.95,20381.92,40801.68,-3.0,-1.5
1,2023-02-27,19.09,39384.39,40925.47,-0.7,2.8
1,2023-02-28,18.69,38849.60,41050.17,4.0,6.7
1,2023-03-01,16.30,35686.13,41175.88,6.1,9.0
1,2023-03-02,10.39,25255.56,41302.50,-1.2,5.3
1,2023-03-03,18.03,39005.68,41429.92,-1.7,1.1
1,2023-03-04,16.35,34244.22,41558.06,1.6,3.3
1,2023-03-05,18.15,40302.20,41686.81,0.4,2.0
1,2023-03-06,20.16,40873.64,41816.08,0.6,3.5
1,2023-03-07,20.33,41162.53,41945.78,0.2,4.2
1,2023-03-08,20.05,41169.76,42075.81,3.7,9.1
1,2023-03-09,18.12,38471.65,42206.09,8.3,11.2
1,2023-03-10,18.29,41877.79,42336.52,6.7,12.0
1,2023-03-11,20.83,41469.88,42467.02,5.4,12.3
1,2023-03-12,15.87,31907.26,42597.48,9.4,11.1
1,2023-03-13,14.62,25545.06,42727.84,-0.6,6.7
1,2023-03-14,21.61,42400.51,42857.98,1.4,3.2
1,2023-03-15,20.97,42527.09,42987.84,6.1,8.9
1,2023-03-16,17.41,35502.12,43117.31,9.9,11.9
1,2023-03-17,8.18,6915.60,43246.31,8.5,10.7
1,2023-03-18,7.68,12735.79,43374.74,4.4,7.7
1,2023-03-19,22.18,42849.93,43502.70,2.4,4.1
1,2023-03-20,20.89,41005.22,43631.09,5.7,9.3
1,2023-03-21,8.65,8397.10,43760.01,10.1,12.0
1,2023-03-22,20.23,36000.00,43889.37,12.5,15.1
1,2023-03-23,4.87,4793.81,44019.09,16.7,18.2
1,2023-03-24,11.52,20647.24,44149.09,11.7,15.1
1,2023-03-25,9.38,12532.16,44279.29,8.7,10.5
1,2023-03-26,3.48,7003.35,44409.61,7.8,10.7
1,2023-03-27,18.12,42467.81,44539.96,1.8,5.1
1,2023-03-28,23.57,43200.00,44670.26,1.4,3.6
1,2023-03-29,23.60,43200.00,44800.43,1.4,6.0
1,2023-03-30,22.33,34210.13,44930.39,4.0,8.1
1,2023-03-31,15.76,34406.01,45060.04,5.6,9.4
1,2023-04-01,23.66,40897.41,45189.31,5.3,7.8
1,2023-04-02,18.91,39198.19,45318.12,7.7,11.4
1,2023-04-03,19.57,43200.00,45446.36,6.8,9.0
1,2023-04-04,20.32,36139.01,45573.96,9.6,11.5
1,2023-04-05,15.13,23614.78,45700.83,8.6,12.4
1,2023-04-06,13.73,25200.00,45826.88,14.2,15.5
1,2023-04-07,4.16,7200.00,45952.01,11.9,16.3
1,2023-04-08,19.16,43200.00,46076.30,1.5,8.6
1,2023-04-09,25.08,43200.00,46200.61,2.9,8.1
1,2023-04-10,24.43,43200.00,46325.04,7.4,11.0
1,2023-04-11,22.57,43200.00,46449.49,10.2,11.7
1,2023-04-12,12.57,21649.29,46573.89,8.6,13.4
1,2023-04-13,25.43,41609.07,46698.15,5.6,9.2
1,2023-04-14,17.81,21873.64,46822.20,9.9,12.7
1,2023-04-15,7.51,9201.01,46945.93,13.6,16.2
1,2023-04-16,22.25,39600.00,47069.27,7.9,10.5
1,2023-04-17,17.32,39108.34,47192.12,4.9,8.2
1,2023-04-18,20.62,27279.42,47314.39,10.8,14.9
1,2023-04-19,8.53,10433.78,47435.99,14.5,17.4
1,2023-04-20,23.47,40881.36,47556.83,15.9,18.1
1,2023-04-21,22.96,43428.50,47676.81,9.3,16.5
1,2023-04-22,26.32,44032.69,47795.84,2.5,4.7
1,2023-04-23,24.67,43200.00,47913.81,2.9,4.9
1,2023-04-24,7.28,0.00,48030.63,1.4,5.8
1,2023-04-25,4.75,0.00,48146.19,12.1,15.0
1,2023-04-26,6.12,7909.88,48260.38,9.9,14.9
1,2023-04-27,24.65,43592.81,48373.10,7.8,12.4
1,2023-04-28,25.36,44844.22,48484.40,11.0,13.6
1,2023-04-29,14.86,18271.32,48595.11,15.6,18.2
1,2023-04-30,9.18,10392.57,48705.30,11.4,14.9
1,2023-05-01,27.42,45801.71,48814.89,6.7,10.7
1,2023-05-02,26.51,44074.91,48923.77,6.7,10.2
1,2023-05-03,24.30,38628.34,49031.87,12.3,14.6
1,2023-05-04,25.17,40333.48,49139.08,12.5,15.7
1,2023-05-05,21.33,41737.25,49245.32,13.5,15.7
1,2023-05-06,18.36,32222.53,49350.48,16.9,18.4
1,2023-05-07,4.41,0.00,49454.47,16.6,20.4
1,2023-05-08,16.55,34180.72,49557.18,7.6,9.9
1,2023-05-09,27.11,47938.40,49658.52,9.1,12.4
1,2023-05-10,26.55,47971.56,49758.37,10.7,14.7
1,2023-05-11,28.62,48595.27,49856.64,4.7,9.9
1,2023-05-12,27.23,38085.74,49953.21,7.7,12.2
1,2023-05-13,11.35,11298.67,50047.98,12.8,15.6
1,2023-05-14,14.11,26032.33,50140.83,14.0,15.6
1,2023-05-15,23.93,42632.64,50231.66,13.3,15.3
1,2023-05-16,28.20,49232.78,50320.33,12.5,16.5
1,2023-05-17,28.22,48514.03,50406.76,14.9,19.9
1,2023-05-18,19.02,21600.00,50490.93,15.7,18.9
1,2023-05-19,6.45,2451.05,50573.55,16.3,17.9
1,2023-05-20,15.89,33558.39,50654.67,16.0,17.9
1,2023-05-21,24.17,49760.08,50734.22,15.8,18.4
1,2023-05-22,24.63,35270.45,50812.10,15.3,17.6
1,2023-05-23,15.54,36255.62,50888.24,10.3,12.9
1,2023-05-24,26.63,40097.08,50962.56,9.3,12.2
1,2023-05-25,19.91,38276.89,51034.98,12.6,14.1
1,2023-05-26,17.66,40227.79,51105.40,14.9,16.9
1,2023-05-27,19.37,34066.22,51173.75,16.0,18.3
1,2023-05-28,21.21,33996.63,51239.94,17.7,20.9
1,2023-05-29,12.55,10132.52,51303.90,20.5,22.6
1,2023-05-30,7.47,215.10,51365.52,17.5,18.6
1,2023-05-31,12.56,25209.96,51424.73,13.4,15.7
1,2023-06-01,16.17,20029.34,51481.44,18.5,20.0
1,2023-06-02,1.95,1083.67,51535.56,19.2,20.9
1,2023-06-03,25.37,46800.00,51587.00,12.3,16.2
1,2023-06-04,20.44,29996.97,51635.68,12.1,15.7
1,2023-06-05,22.74,35453.72,51681.52,14.0,17.2
1,2023-06-06,10.29,11753.39,51724.42,15.4,16.6
1,2023-06-07,23.07,42356.02,51764.37,15.2,17.3
1,2023-06-08,8.01,3600.00,51801.70,17.9,19.9
1,2023-06-09,16.65,21694.02,51836.46,17.6,20.1
1,2023-06-10,13.09,10559.40,51868.63,19.2,20.8
1,2023-06-11,5.23,0.00,51898.17,19.7,20.4
1,2023-06-12,6.92,7200.00,51925.06,19.9,21.4
1,2023-06-13,22.58,35088.38,51949.30,19.5,21.4
1,2023-06-14,11.33,10708.18,51970.84,20.2,21.9
1,2023-06-15,7.45,11889.55,51989.67,18.4,20.7
1,2023-06-16,27.52,50400.00,52005.78,16.1,18.2
1,2023-06-17,27.95,40227.32,52019.13,16.5,18.6
1,2023-06-18,14.75,15555.35,52029.73,17.3,19.7
1,2023-06-19,28.43,50400.00,52037.55,16.4,18.5
1,2023-06-20,21.57,48697.97,52042.56,18.7,20.5
1,2023-06-21,15.75,15135.94,52044.78,16.9,18.4
1,2023-06-22,13.00,17170.66,52044.17,19.9,21.6
1,2023-06-23,22.79,42879.09,52040.74,18.2,19.8
1,2023-06-24,21.29,39964.76,52034.46,18.6,19.6
1,2023-06-25,19.19,33716.04,52025.32,19.0,20.4
1,2023-06-26,8.88,5613.77,52013.33,21.2,22.5
1,2023-06-27,22.64,46465.42,51998.44,21.6,23.4
1,2023-06-28,21.36,38989.95,51980.49,22.0,24.9
1,2023-06-29,23.55,35481.40,51959.51,22.4,23.7
1,2023-06-30,11.08,10785.34,51935.56,23.5,24.3
1,2023-07-01,9.14,10735.00,51908.68,22.3,24.0
1,2023-07-02,26.76,44461.64,51878.95,21.9,24.2
1,2023-07-03,17.57,33044.76,51846.43,22.1,23.8
1,2023-07-04,27.12,39600.00,51811.17,21.1,22.7
1,2023-07-05,10.18,8080.50,51773.24,22.6,24.1
1,2023-07-06,27.36,49540.17,51732.71,20.0,22.6
1,2023-07-07,22.69,30635.94,51689.64,23.1,24.8
1,2023-07-08,22.73,39600.00,51644.09,23.3,24.7
1,2023-07-09,15.66,23738.23,51596.12,23.7,25.4
1,2023-07-10,25.73,50400.00,51545.81,23.0,24.3
1,2023-07-11,26.13,50400.00,51493.21,22.1,24.2
1,2023-07-12,19.71,31090.69,51438.39,23.4,24.3
1,2023-07-13,17.39,30480.25,51381.42,22.7,24.2
1,2023-07-14,19.51,21916.35,51322.36,21.6,24.3
1,2023-07-15,22.58,46761.97,51261.28,22.3,23.3
1,2023-07-16,27.89,50325.49,51198.23,21.1,23.1
1,2023-07-17,27.97,50288.58,51133.17,21.9,24.0
1,2023-07-18,25.55,46447.81,51065.52,22.4,25.6
1,2023-07-19,17.47,31870.48,50995.29,22.6,24.0
1,2023-07-20,23.22,50172.85,50922.56,20.3,21.7
1,2023-07-21,27.29,50132.80,50847.46,20.0,21.8
1,2023-07-22,25.14,50092.14,50770.09,22.0,23.9
1,2023-07-23,24.21,49682.88,50690.56,22.2,24.4
1,2023-07-24,25.12,49267.49,50608.98,21.8,24.5
1,2023-07-25,23.05,48429.26,50525.45,23.1,25.1
1,2023-07-26,24.35,49749.21,50440.07,23.7,24.9
1,2023-07-27,22.67,45093.68,50352.95,22.7,25.4
1,2023-07-28,23.61,48740.41,50264.18,23.6,24.9
1,2023-07-29,24.86,49304.62,50173.88,21.1,22.9
1,2023-07-30,22.98,39608.38,50082.12,22.0,24.5
1,2023-07-31,20.65,31675.46,49989.01,23.2,25.4
1,2023-08-01,21.01,46460.74,49894.65,22.3,23.7
1,2023-08-02,23.99,48575.23,49799.13,22.2,23.4
1,2023-08-03,21.34,48170.99,49702.53,22.9,24.0
1,2023-08-04,21.16,47322.51,49604.96,23.0,25.8
1,2023-08-05,23.65,47581.04,49506.50,23.8,26.3
1,2023-08-06,21.77,37709.11,49407.08,23.3,25.5
1,2023-08-07,11.34,16601.63,49305.93,23.7,24.9
1,2023-08-08,22.44,43308.96,49203.01,23.4,24.0
1,2023-08-09,22.02,40130.66,49098.43,24.2,26.1
1,2023-08-10,23.17,44057.91,48992.30,22.5,24.0
1,2023-08-11,23.71,47009.34,48884.73,21.7,24.4
1,2023-08-12,25.14,46761.94,48775.82,20.9,22.6
1,2023-08-13,22.59,37594.17,48665.68,21.7,23.1
1,2023-08-14,8.42,4600.92,48554.40,23.8,25.3
1,2023-08-15,5.34,7513.76,48442.09,23.7,24.5
1,2023-08-16,23.91,44592.36,48328.84,23.7,25.6
1,2023-08-17,13.13,13328.79,48214.75,23.7,25.1
1,2023-08-18,13.29,21327.08,48099.92,24.6,25.5
1,2023-08-19,22.67,44216.20,47984.43,24.7,25.9
1,2023-08-20,23.42,43410.64,47868.37,24.8,26.9
1,2023-08-21,21.59,43605.79,47751.84,24.0,25.7
1,2023-08-22,19.31,43200.00,47634.93,24.4,25.2
1,2023-08-23,16.10,36274.50,47517.71,24.4,25.9
1,2023-08-24,14.31,30660.74,47400.28,24.2,25.5
1,2023-08-25,21.37,43683.90,47282.71,22.9,24.1
1,2023-08-26,20.11,42200.29,47164.94,22.9,23.6
1,2023-08-27,21.38,43200.00,47046.14,22.6,23.9
1,2023-08-28,21.27,43482.90,46926.24,22.6,24.3
1,2023-08-29,22.20,36000.00,46805.35,22.3,24.9
1,2023-08-30,10.86,6925.68,46683.55,23.2,24.6
1,2023-08-31,19.60,39600.00,46560.94,22.1,23.4
1,2023-09-01,22.95,43200.00,46437.60,20.7,23.7
1,2023-09-02,17.44,38471.01,46313.61,22.5,23.8
1,2023-09-03,21.60,38419.38,46189.06,22.0,23.6
1,2023-09-04,14.34,33927.98,46064.04,23.3,24.4
1,2023-09-05,18.17,39600.00,45938.62,23.1,23.9
1,2023-09-06,13.06,26767.51,45812.89,22.0,23.5
1,2023-09-07,12.72,23903.23,45686.92,20.4,21.2
1,2023-09-08,15.20,41778.82,45560.80,21.7,22.5
1,2023-09-09,20.76,37334.66,45434.61,21.2,22.8
1,2023-09-10,16.35,28800.00,45308.41,21.9,22.9
1,2023-09-11,11.92,19310.13,45182.29,21.9,24.0
1,2023-09-12,15.89,37576.61,45056.33,21.8,22.7
1,2023-09-13,19.95,43200.00,44930.60,21.3,23.6
1,2023-09-14,18.50,36000.00,44805.17,23.3,24.2
1,2023-09-15,18.92,42115.43,44679.96,23.5,24.6
1,2023-09-16,20.89,43165.91,44554.15,22.8,24.6
1,2023-09-17,18.84,38971.29,44427.64,22.7,24.2
1,2023-09-18,15.10,38211.79,44300.53,22.7,23.6
1,2023-09-19,19.95,39669.65,44172.91,21.5,22.3
1,2023-09-20,17.06,32982.07,44044.84,22.1,23.8
1,2023-09-21,12.34,27453.13,43916.41,23.2,23.7
1,2023-09-22,14.15,26457.62,43787.71,21.5,22.9
1,2023-09-23,16.17,40332.40,43658.81,16.0,19.6
1,2023-09-24,18.46,41226.90,43529.78,16.6,17.9
1,2023-09-25,17.86,42386.49,43400.72,18.1,19.9
1,2023-09-26,19.21,41593.39,43271.70,18.7,20.1
1,2023-09-27,18.78,41637.26,43142.80,20.9,22.6
1,2023-09-28,18.05,41122.64,43014.09,20.8,22.9
1,2023-09-29,19.83,42004.32,42885.67,17.2,18.2
1,2023-09-30,17.52,33171.20,42757.60,20.2,22.6
1,2023-10-01,6.94,15738.10,42629.97,17.5,20.9
1,2023-10-02,17.79,35876.13,42502.85,11.3,13.9
1,2023-10-03,14.76,29865.85,42376.35,15.6,18.6
1,2023-10-04,15.93,38181.55,42250.52,17.6,19.4
1,2023-10-05,8.83,23348.30,42125.30,11.4,16.6
1,2023-10-06,15.17,36651.88,41999.76,9.6,11.5
1,2023-10-07,12.63,25723.87,41873.84,9.8,11.5
1,2023-10-08,4.48,0.00,41747.62,14.2,16.3
1,2023-10-09,5.40,3770.71,41621.20,17.4,18.3
1,2023-10-10,13.67,36064.05,41494.66,13.6,17.3
1,2023-10-11,17.61,39490.47,41368.10,11.2,12.7
1,2023-10-12,18.47,39337.66,41241.60,10.5,12.0
1,2023-10-13,17.86,33936.29,41115.27,10.5,12.9
1,2023-10-14,8.02,16936.15,40989.20,15.0,16.7
1,2023-10-15,16.19,39191.35,40863.48,12.4,15.7
1,2023-10-16,16.80,39141.90,40738.20,12.4,15.1
1,2023-10-17,16.27,39092.11,40613.48,12.2,14.9
1,2023-10-18,17.50,39041.99,40489.40,12.3,15.7
1,2023-10-19,17.22,38991.52,40366.06,14.4,16.7
1,2023-10-20,13.30,31254.93,40243.58,12.7,17.5
1,2023-10-21,11.99,38060.67,40122.04,7.4,8.5
1,2023-10-22,16.52,38056.22,40001.56,7.8,10.3
1,2023-10-23,16.39,38786.31,39882.25,10.0,13.4
1,2023-10-24,15.89,38120.93,39764.20,11.4,13.1
1,2023-10-25,14.72,38681.65,39647.36,11.1,13.9
1,2023-10-26,16.43,38548.65,39530.70,9.7,12.9
1,2023-10-27,15.20,37635.94,39414.17,10.1,12.4
1,2023-10-28,13.82,38520.72,39297.86,8.8,11.2
1,2023-10-29,11.61,32564.84,39181.88,8.3,10.0
1,2023-10-30,13.09,38029.58,39066.33,9.2,11.5
1,2023-10-31,14.62,38355.62,38951.34,8.7,11.4
1,2023-11-01,15.63,37803.35,38837.01,8.3,11.5
1,2023-11-02,15.20,37794.73,38723.46,11.2,15.1
1,2023-11-03,14.83,37474.91,38610.82,11.2,16.0
1,2023-11-04,13.56,30225.68,38499.19,12.6,15.9
1,2023-11-05,13.47,32681.89,38388.70,15.4,17.2
1,2023-11-06,8.52,20720.95,38279.47,17.5,20.1
1,2023-11-07,11.45,28698.10,38171.63,9.0,11.6
1,2023-11-08,14.35,32042.68,38065.31,9.9,12.2
1,2023-11-09,10.61,31981.15,37960.64,14.0,16.8
1,2023-11-10,2.85,0.00,37857.75,13.5,16.4
1,2023-11-11,7.71,13818.61,37756.77,6.3,8.3
1,2023-11-12,5.09,7042.57,37657.85,7.3,9.8
1,2023-11-13,7.57,20011.91,37561.12,3.7,6.0
1,2023-11-14,10.25,31763.99,37466.54,4.3,6.5
1,2023-11-15,8.26,24685.62,37373.13,5.3,8.4
1,2023-11-16,10.73,26492.59,37280.81,8.8,11.7
1,2023-11-17,6.47,17680.45,37189.70,5.7,10.8
1,2023-11-18,7.00,24350.36,37099.90,1.9,5.4
1,2023-11-19,11.44,35189.97,37011.52,5.5,8.5
1,2023-11-20,9.93,32786.44,36924.70,4.2,8.2
1,2023-11-21,13.36,35131.63,36839.53,4.6,9.7
1,2023-11-22,13.22,35104.95,36756.14,6.4,10.2
1,2023-11-23,11.70,35079.97,36674.65,10.4,14.9
1,2023-11-24,9.69,35056.71,36595.18,3.6,9.4
1,2023-11-25,6.67,13364.84,36517.84,1.7,3.1
1,2023-11-26,12.11,35015.45,36442.77,1.8,4.4
1,2023-11-27,5.43,12995.61,36370.09,7.9,10.5
1,2023-11-28,10.24,32015.03,36299.93,2.6,11.1
1,2023-11-29,8.01,24533.49,36232.41,4.9,6.3
1,2023-11-30,11.46,33341.13,36167.66,2.0,4.5
1,2023-12-01,7.53,29650.55,36105.80,1.6,3.3
1,2023-12-02,8.27,29084.08,36046.98,1.5,3.0
1,2023-12-03,9.37,33684.30,35991.32,1.2,4.2
1,2023-12-04,11.92,31324.40,35938.82,1.6,4.3
1,2023-12-05,3.57,3683.78,35888.85,7.2,9.1
1,2023-12-06,10.79,30896.25,35841.34,6.5,8.8
1,2023-12-07,8.65,34924.14,35796.35,1.8,7.4
1,2023-12-08,11.89,34928.45,35753.93,3.6,8.3
1,2023-12-09,10.52,32418.37,35714.15,8.3,12.6
1,2023-12-10,11.39,31343.28,35677.04,9.1,11.7
1,2023-12-11,8.22,25002.35,35642.68,10.9,13.3
1,2023-12-12,4.55,12199.16,35611.11,9.2,15.2
1,2023-12-13,11.13,32793.17,35582.38,2.6,5.0
1,2023-12-14,9.34,25933.13,35556.54,7.8,11.3
1,2023-12-15,7.56,26074.73,35533.66,15.9,17.5
1,2023-12-16,3.32,7108.52,35513.76,6.4,14.7
1,2023-12-17,9.51,29845.51,35496.92,-4.8,-2.0
1,2023-12-18,7.29,22473.95,35483.16,0.2,1.8
1,2023-12-19,4.51,11122.30,35472.55,2.5,3.9
1,2023-12-20,7.94,29951.82,35465.11,1.8,4.4
1,2023-12-21,8.24,32132.75,35460.91,-5.8,-3.7
1,2023-12-22,10.56,34294.27,35459.98,-5.5,-1.8
1,2023-12-23,7.35,24134.14,35462.36,-2.2,-1.1
1,2023-12-24,9.72,34900.35,35468.10,-1.1,0.9
1,2023-12-25,8.83,29601.33,35477.24,-0.7,2.5
1,2023-12-26,10.45,32901.38,35489.73,1.1,2.5
1,2023-12-27,7.69,31903.95,35505.52,1.6,4.8
1,2023-12-28,11.36,33124.01,35524.55,3.0,4.8
1,2023-12-29,8.49,34981.87,35546.76,1.1,6.7
1,2023-12-30,11.14,33866.51,35572.09,5.3,8.2
1,2023-12-31,7.09,25337.60,35600.49,6.6,11.6
1,2024-01-01,8.03,33179.10,35631.88,-0.7,3.3
1,2024-01-02,11.66,31999.42,35666.20,0.5,2.3
1,2024-01-03,5.50,9338.22,35703.41,5.2,6.7
1,2024-01-04,7.59,32431.24,35743.42,0.7,4.3
1,2024-01-05,12.01,35229.13,35786.17,1.9,4.1
1,2024-01-06,6.34,24580.39,35831.60,4.8,8.2
1,2024-01-07,10.27,35325.58,35879.64,-2.9,0.7
1,2024-01-08,7.19,19045.51,35930.22,-2.5,-0.4
1,2024-01-09,12.14,32731.07,35983.29,-1.8,1.8
1,2024-01-10,2.73,3600.00,36038.77,1.6,3.6
1,2024-01-11,9.46,29038.35,36096.60,-0.2,2.4
1,2024-01-12,9.56,35501.95,36156.70,1.9,4.4
1,2024-01-13,9.49,35512.96,36219.15,-2.7,2.0
1,2024-01-14,12.68,32400.00,36284.65,2.0,5.1
1,2024-01-15,5.50,19773.12,36353.18,-1.2,4.4
1,2024-01-16,7.65,27939.98,36424.63,-4.3,-2.8
1,2024-01-17,12.94,32400.00,36498.85,0.5,4.4
1,2024-01-18,4.09,3600.00,36575.70,8.5,11.1
1,2024-01-19,8.90,26211.58,36655.06,3.9,6.8
1,2024-01-20,7.50,17849.72,36736.78,8.8,10.6
1,2024-01-21,3.54,0.00,36820.75,5.9,9.9
1,2024-01-22,10.68,32096.82,36906.83,1.7,4.9
1,2024-01-23,10.03,28800.00,36994.89,-5.9,-4.1
1,2024-01-24,9.72,29745.05,37084.81,-5.2,-3.2
1,2024-01-25,9.59,30986.04,37176.46,-2.4,-0.9
1,2024-01-26,8.05,22268.89,37269.72,-1.9,-0.5
1,2024-01-27,10.57,34204.20,37364.47,-1.1,1.1
1,2024-01-28,8.88,25163.31,37460.60,0.7,3.0
1,2024-01-29,13.56,35933.69,37557.97,-1.7,2.3
1,2024-01-30,12.90,32400.00,37656.49,0.7,4.0
1,2024-01-31,4.76,7642.04,37756.02,7.8,9.4
1,2024-02-01,4.98,3319.83,37856.48,1.6,8.9
1,2024-02-02,12.46,35492.90,37957.93,-2.0,-0.8
1,2024-02-03,11.90,21600.00,38061.38,1.0,2.8
1,2024-02-04,8.24,27486.00,38166.89,1.6,3.3
1,2024-02-05,3.81,9033.03,38274.31,3.3,8.4
1,2024-02-06,7.43,13743.45,38383.52,-0.5,2.4
1,2024-02-07,11.19,36000.00,38494.38,0.1,3.0
1,2024-02-08,13.06,34042.98,38606.74,-2.2,0.8
1,2024-02-09,14.39,32344.56,38720.49,-1.2,2.1
1,2024-02-10,12.51,36557.34,38835.49,0.5,2.8
1,2024-02-11,13.05,36231.11,38951.63,-0.3,1.7
1,2024-02-12,11.11,29203.07,39068.77,-1.8,1.4
1,2024-02-13,16.12,37337.45,39186.80,3.8,6.3
1,2024-02-14,13.90,34726.42,39305.60,7.6,10.5
1,2024-02-15,11.21,27653.75,39425.04,9.2,14.0
1,2024-02-16,10.26,26804.09,39545.03,-1.2,0.9
1,2024-02-17,9.53,25364.43,39665.43,5.9,8.8
1,2024-02-18,11.47,28112.66,39786.15,10.4,11.1
1,2024-02-19,4.90,3600.00,39907.06,14.1,15.5
1,2024-02-20,9.31,24939.47,40028.08,10.7,15.1
1,2024-02-21,5.81,3943.21,40149.08,9.8,15.3
1,2024-02-22,8.03,14698.05,40270.15,3.5,5.2
1,2024-02-23,3.26,3027.36,40392.31,0.7,3.1
1,2024-02-24,14.71,33954.83,40515.67,1.1,5.0
1,2024-02-25,4.01,3807.39,40640.08,4.5,6.7
1,2024-02-26,10.87,31110.58,40765.46,-0.6,2.4
1,2024-02-27,10.58,25781.45,40891.70,-1.7,-0.3
1,2024-02-28,18.00,36694.73,41018.70,-0.4,1.4
1,2024-02-29,5.04,2948.16,41146.36,4.9,7.7
1,2024-03-01,11.97,30607.82,41274.58,-0.2,5.2
1,2024-03-02,11.95,26975.23,41403.26,-4.2,-1.7
1,2024-03-03,18.46,39044.77,41532.30,-1.0,2.3
1,2024-03-04,16.17,33681.63,41661.60,3.0,4.8
1,2024-03-05,3.77,0.00,41791.08,6.0,8.3
1,2024-03-06,6.12,4717.59,41920.63,1.8,5.6
1,2024-03-07,16.76,34160.04,42050.17,-0.6,1.4
1,2024-03-08,17.45,40893.61,42179.60,-1.8,0.6
1,2024-03-09,16.65,40901.49,42308.82,-3.9,-2.3
1,2024-03-10,14.58,40318.70,42437.75,-3.8,-1.1
1,2024-03-11,19.44,32400.00,42566.29,3.3,6.5
1,2024-03-12,2.62,3600.00,42694.36,4.4,7.8
1,2024-03-13,15.08,41492.26,42822.02,-1.1,1.9
1,2024-03-14,17.22,42492.44,42950.23,1.9,4.1
1,2024-03-15,21.97,42579.95,43079.06,0.6,4.7
1,2024-03-16,21.52,39600.00,43208.44,5.2,8.3
1,2024-03-17,8.42,14657.09,43338.29,6.8,11.1
1,2024-03-18,19.67,42174.73,43468.50,-3.1,-1.9
1,2024-03-19,13.73,20876.23,43599.01,2.0,4.9
1,2024-03-20,15.86,41169.77,43729.74,-2.4,1.6
1,2024-03-21,18.87,43078.15,43860.60,-2.1,-0.1
1,2024-03-22,18.36,35604.14,43991.50,0.4,6.3
1,2024-03-23,3.63,0.00,44122.36,10.3,13.4
1,2024-03-24,3.12,0.00,44253.10,10.7,12.4
1,2024-03-25,4.46,0.00,44383.65,11.9,12.9
1,2024-03-26,5.67,7371.36,44513.90,6.0,14.6
1,2024-03-27,21.36,38328.22,44643.78,2.3,5.0
1,2024-03-28,11.40,14680.75,44773.20,10.8,15.4
1,2024-03-29,18.61,34890.90,44902.08,7.2,13.6
1,2024-03-30,22.33,40570.36,45030.33,9.3,12.2
1,2024-03-31,21.07,32928.45,45157.86,12.1,13.6
1,2024-04-01,23.81,43200.00,45284.58,3.8,8.2
1,2024-04-02,16.86,23743.46,45410.56,8.5,12.9
1,2024-04-03,6.10,244.07,45536.70,15.0,18.7
1,2024-04-04,11.22,15858.15,45663.07,8.6,12.1
1,2024-04-05,14.38,25946.95,45789.58,7.5,10.1
1,2024-04-06,20.00,32900.00,45916.17,11.1,13.2
1,2024-04-07,18.63,29605.85,46042.74,12.4,15.4
1,2024-04-08,11.65,18720.21,46169.21,15.2,16.5
1,2024-04-09,10.08,13586.08,46295.50,4.8,9.1
1,2024-04-10,24.84,42117.57,46421.52,6.2,9.5
1,2024-04-11,20.49,36360.92,46547.20,8.8,10.3
1,2024-04-12,23.72,42159.99,46672.43,8.7,11.3
1,2024-04-13,23.72,39600.00,46797.14,9.4,12.7
1,2024-04-14,24.35,40904.64,46921.23,10.7,13.3
1,2024-04-15,19.17,31553.98,47044.60,11.6,13.8
1,2024-04-16,18.17,31135.20,47167.17,13.6,14.1
1,2024-04-17,21.38,30294.88,47288.85,10.4,14.3
1,2024-04-18,11.92,12849.89,47409.53,8.3,10.1
1,2024-04-19,24.84,40892.43,47529.11,8.3,11.6
1,2024-04-20,16.97,22789.84,47647.49,10.6,14.5
1,2024-04-21,6.39,1203.58,47764.58,16.1,17.6
1,2024-04-22,12.53,19932.43,47880.42,17.2,18.8
1,2024-04-23,5.98,3566.53,47995.88,15.0,16.7
1,2024-04-24,17.05,34704.17,48111.01,15.5,17.7
1,2024-04-25,23.74,43200.00,48225.74,11.7,15.7
1,2024-04-26,14.01,15586.85,48339.98,13.6,16.6
1,2024-04-27,11.91,13645.02,48453.63,13.3,15.6
1,2024-04-28,23.15,33829.41,48566.60,15.6,17.8
1,2024-04-29,12.10,15098.40,48678.80,16.6,18.5
1,2024-04-30,14.17,29031.19,48790.14,16.9,19.2
1,2024-05-01,5.52,8040.21,48900.50,10.6,13.8
1,2024-05-02,25.68,43805.37,49009.81,9.3,12.2
1,2024-05-03,25.54,46873.41,49117.95,10.8,13.3
1,2024-05-04,26.47,46865.94,49224.82,12.0,15.8
1,2024-05-05,26.23,39135.72,49330.32,10.7,14.5
1,2024-05-06,9.84,1996.29,49434.34,15.6,19.1
1,2024-05-07,15.14,17394.24,49536.77,14.2,18.7
1,2024-05-08,16.81,26057.45,49637.50,7.6,11.8
1,2024-05-09,23.06,44662.57,49736.43,4.1,5.8
1,2024-05-10,28.30,47999.05,49833.42,8.3,11.6
1,2024-05-11,26.08,36000.00,49928.37,12.6,15.2
1,2024-05-12,9.90,6281.86,50021.30,16.2,18.9
1,2024-05-13,7.48,13338.76,50112.96,9.9,15.2
1,2024-05-14,26.35,38005.42,50203.40,12.5,16.1
1,2024-05-15,9.80,17829.14,50292.55,15.8,17.4
1,2024-05-16,18.95,43675.44,50380.31,7.2,11.0
1,2024-05-17,28.40,49206.66,50466.60,10.3,14.6
1,2024-05-18,24.79,33319.58,50551.32,12.8,15.0
1,2024-05-19,8.05,10682.32,50634.39,12.8,15.0
1,2024-05-20,24.79,41506.60,50715.72,14.7,17.3
1,2024-05-21,27.22,49446.59,50795.21,13.7,15.7
1,2024-05-22,19.60,26787.05,50872.78,15.2,16.5
1,2024-05-23,17.79,26155.69,50948.32,16.7,17.9
1,2024-05-24,24.94,48191.18,51021.75,15.0,18.2
1,2024-05-25,28.58,49828.73,51092.96,11.2,16.2
1,2024-05-26,21.35,39183.02,51161.86,16.3,19.2
1,2024-05-27,13.69,18762.20,51228.35,21.0,22.8
1,2024-05-28,4.84,8709.04,51292.33,15.7,22.4
1,2024-05-29,27.05,50275.64,51353.70,11.6,13.5
1,2024-05-30,20.05,23712.50,51412.37,15.4,17.7
1,2024-05-31,7.33,10800.00,51468.23,15.7,18.5
1,2024-06-01,27.31,45210.15,51521.28,14.8,16.4
1,2024-06-02,21.66,36237.98,51571.97,14.4,15.7
1,2024-06-03,25.12,47094.82,51620.33,12.4,13.7
1,2024-06-04,21.75,47380.60,51666.33,13.0,14.0
1,2024-06-05,25.81,40905.98,51709.92,14.6,16.6
1,2024-06-06,16.92,25218.98,51751.07,15.9,16.8
1,2024-06-07,25.25,50329.63,51789.72,14.6,17.6
1,2024-06-08,23.41,37133.89,51825.83,15.6,18.2
1,2024-06-09,6.91,9218.13,51859.37,16.8,18.7
1,2024-06-10,24.39,48500.37,51890.30,17.0,19.0
1,2024-06-11,25.90,42942.89,51918.56,19.0,20.9
1,2024-06-12,23.99,39182.56,51944.13,18.7,20.4
1,2024-06-13,25.36,46800.00,51966.96,18.6,20.3
1,2024-06-14,25.90,43200.00,51987.03,18.3,22.3
1,2024-06-15,17.87,25048.15,52004.29,18.5,21.3
1,2024-06-16,25.28,48858.75,52018.71,19.9,21.6
1,2024-06-17,9.80,7200.00,52030.24,16.4,19.3
1,2024-06-18,10.79,24696.49,52038.87,17.1,19.1
1,2024-06-19,26.44,42378.24,52044.55,17.6,21.4
1,2024-06-20,15.15,11068.87,52047.26,19.9,21.1
1,2024-06-21,18.41,39987.83,52046.96,17.7,20.1
1,2024-06-22,17.85,21600.00,52043.63,21.5,24.8
1,2024-06-23,13.54,15229.38,52037.29,23.8,25.4
1,2024-06-24,13.98,19643.23,52027.98,21.3,22.2
1,2024-06-25,14.04,24731.54,52015.75,21.6,23.4
1,2024-06-26,17.84,30323.73,52000.62,18.1,19.4
1,2024-06-27,9.46,6688.96,51982.64,20.4,22.5
1,2024-06-28,6.86,0.00,51961.86,21.7,22.8
1,2024-06-29,23.04,33663.86,51938.32,21.0,22.9
1,2024-06-30,11.09,16076.89,51912.05,23.4,24.6
1,2024-07-01,7.60,804.11,51883.11,23.9,25.3
1,2024-07-02,11.83,17574.02,51851.54,23.2,25.2
1,2024-07-03,24.56,50020.01,51817.39,23.7,25.3
1,2024-07-04,23.80,48121.98,51780.69,23.7,25.0
1,2024-07-05,27.21,50400.00,51741.52,23.2,25.2
1,2024-07-06,25.95,50301.80,51699.90,22.4,24.9
1,2024-07-07,27.86,50400.00,51655.89,22.2,24.1
1,2024-07-08,27.46,49721.08,51609.54,22.2,24.9
1,2024-07-09,19.35,35282.34,51560.90,22.4,23.8
1,2024-07-10,17.28,23706.05,51510.01,23.5,24.6
1,2024-07-11,6.93,0.00,51456.83,22.9,24.7
1,2024-07-12,10.31,14989.08,51400.87,21.2,22.3
1,2024-07-13,12.54,13479.14,51342.14,22.8,23.9
1,2024-07-14,16.10,16050.41,51280.74,24.0,25.0
1,2024-07-15,11.64,13589.39,51216.76,23.9,25.6
1,2024-07-16,21.14,42078.62,51150.31,23.0,23.8
1,2024-07-17,25.09,48673.39,51081.49,22.5,24.9
1,2024-07-18,26.95,47056.26,51010.40,22.3,24.8
1,2024-07-19,26.84,49640.99,50937.14,23.5,25.1
1,2024-07-20,24.57,49955.71,50861.81,23.2,25.1
1,2024-07-21,25.84,49366.08,50784.49,24.7,26.0
1,2024-07-22,26.16,50058.56,50705.31,23.3,25.3
1,2024-07-23,26.60,46000.66,50624.33,23.3,24.4
1,2024-07-24,20.17,35819.20,50541.67,23.9,25.1
1,2024-07-25,22.76,43033.99,50457.40,23.2,26.4
1,2024-07-26,22.42,47944.85,50371.64,24.1,26.1
1,2024-07-27,24.42,47080.34,50284.46,24.5,26.1
1,2024-07-28,25.66,49237.23,50195.94,23.9,25.5
1,2024-07-29,27.07,49567.49,50106.20,22.8,24.7
1,2024-07-30,22.02,46582.19,50015.30,23.7,25.6
1,2024-07-31,23.17,49387.01,49923.19,20.6,23.7
1,2024-08-01,27.14,49294.13,49829.12,21.6,25.3
1,2024-08-02,26.38,45779.28,49733.07,22.7,24.9
1,2024-08-03,25.03,47605.74,49635.15,24.3,25.8
1,2024-08-04,21.46,34210.74,49535.47,25.1,26.4
1,2024-08-05,20.69,40538.13,49434.14,24.9,25.6
1,2024-08-06,22.88,44788.90,49331.26,24.6,25.6
1,2024-08-07,24.92,47461.66,49226.95,22.8,24.3
1,2024-08-08,26.41,48007.37,49121.32,21.8,23.5
1,2024-08-09,25.40,46376.90,49014.45,21.8,23.3
1,2024-08-10,21.52,45838.75,48906.46,21.4,22.8
1,2024-08-11,24.87,44088.01,48797.44,21.7,23.1
1,2024-08-12,23.72,45349.34,48687.49,21.6,23.7
1,2024-08-13,24.16,44818.21,48576.71,21.7,23.4
1,2024-08-14,23.88,44866.20,48465.18,22.2,24.2
1,2024-08-15,21.61,39207.21,48353.01,23.7,25.1
1,2024-08-16,18.99,42280.41,48240.28,22.5,24.0
1,2024-08-17,16.05,32377.56,48127.08,23.2,24.3
1,2024-08-18,24.01,36903.15,48013.50,21.7,23.4
1,2024-08-19,7.43,2768.05,47899.62,24.9,25.8
1,2024-08-20,19.51,38397.12,47785.37,24.2,25.2
1,2024-08-21,22.61,43200.00,47669.94,24.7,25.8
1,2024-08-22,22.95,43663.73,47553.27,24.1,25.4
1,2024-08-23,21.61,43200.00,47435.45,24.5,25.9
1,2024-08-24,18.17,33816.37,47316.58,24.6,25.6
1,2024-08-25,18.98,36900.00,47196.75,23.7,24.7
1,2024-08-26,22.39,41822.95,47076.06,23.6,25.2
1,2024-08-27,22.33,43200.00,46954.60,22.4,24.8
1,2024-08-28,18.66,30937.77,46832.46,23.0,24.0
1,2024-08-29,8.96,12975.66,46709.72,24.5,25.7
1,2024-08-30,20.62,37096.43,46586.47,24.2,25.4
1,2024-08-31,4.13,4160.25,46462.78,23.5,25.1
1,2024-09-01,11.40,23617.07,46338.76,24.0,25.2
1,2024-09-02,20.59,43200.00,46214.48,22.5,24.1
1,2024-09-03,15.18,37526.04,46090.01,21.3,23.1
1,2024-09-04,23.71,43200.00,45965.44,20.6,22.7
1,2024-09-05,22.14,43200.00,45840.85,21.0,23.3
1,2024-09-06,23.13,43200.00,45716.32,20.4,22.4
1,2024-09-07,23.53,43200.00,45591.92,20.6,23.5
1,2024-09-08,23.00,43200.00,45467.73,22.5,24.3
1,2024-09-09,22.22,43200.00,45343.68,22.6,24.3
1,2024-09-10,17.91,43200.00,45218.92,24.0,25.5
1,2024-09-11,20.21,41349.58,45093.40,23.6,25.0
1,2024-09-12,19.59,43200.00,44967.19,23.9,25.1
1,2024-09-13,19.69,43200.00,44840.37,23.4,24.9
1,2024-09-14,18.57,40868.48,44713.03,24.6,26.3
1,2024-09-15,12.88,33589.16,44585.26,23.7,25.1
1,2024-09-16,17.45,40918.25,44457.12,24.0,24.9
1,2024-09-17,18.24,43014.92,44328.69,23.8,25.8
1,2024-09-18,17.75,42928.60,44200.07,23.2,24.9
1,2024-09-19,17.16,38561.81,44071.32,23.0,26.1
1,2024-09-20,19.94,39155.84,43942.52,22.6,23.7
1,2024-09-21,14.57,25377.06,43813.75,22.5,24.0
1,2024-09-22,8.36,18000.00,43685.09,20.1,24.3
1,2024-09-23,15.83,42497.92,43556.62,17.3,18.9
1,2024-09-24,17.85,42412.67,43428.40,17.4,18.3
1,2024-09-25,18.42,35127.93,43300.53,18.0,19.6
1,2024-09-26,17.62,41627.52,43173.08,20.4,22.0
1,2024-09-27,15.31,32400.00,43046.12,21.0,22.4
1,2024-09-28,8.79,6683.13,42919.73,21.3,22.2
1,2024-09-29,7.97,291.86,42793.83,20.3,21.6
1,2024-09-30,13.98,31933.41,42667.54,18.9,21.0
1,2024-10-01,18.25,41001.82,42540.79,18.3,20.3
1,2024-10-02,17.92,32724.83,42413.65,19.4,20.6
1,2024-10-03,2.27,0.00,42286.21,22.0,24.3
1,2024-10-04,2.79,0.00,42158.57,19.8,22.2
1,2024-10-05,14.70,36201.82,42030.81,18.0,19.6
1,2024-10-06,16.59,35489.85,41903.01,19.9,21.4
1,2024-10-07,13.26,26021.35,41775.26,20.2,22.2
1,2024-10-08,9.10,21167.31,41647.65,16.6,18.9
1,2024-10-09,15.45,36056.81,41520.28,14.9,16.0
1,2024-10-10,16.82,36000.00,41393.24,14.0,16.0
1,2024-10-11,17.64,39350.18,41266.60,11.8,14.3
1,2024-10-12,18.15,39302.06,41140.46,13.3,15.8
1,2024-10-13,18.03,39253.59,41014.93,13.4,16.4
1,2024-10-14,16.93,39204.77,40890.08,15.1,17.1
1,2024-10-15,14.16,33748.39,40766.03,17.5,19.1
1,2024-10-16,9.81,21299.73,40642.86,19.2,21.1
1,2024-10-17,16.07,32805.65,40520.67,18.6,19.5
1,2024-10-18,5.98,19472.01,40399.57,19.6,21.2
1,2024-10-19,8.49,15472.17,40279.47,17.3,22.5
1,2024-10-20,15.72,36859.43,40159.40,10.2,12.5
1,2024-10-21,16.68,38852.09,40039.27,12.1,15.0
1,2024-10-22,9.32,14877.29,39919.18,17.5,20.1
1,2024-10-23,11.54,29520.63,39799.24,19.3,22.7
1,2024-10-24,7.84,12570.81,39679.57,16.3,17.6
1,2024-10-25,13.91,27209.00,39560.24,13.9,16.3
1,2024-10-26,4.50,5813.18,39441.40,16.9,19.2
1,2024-10-27,9.99,19113.18,39323.13,18.2,19.3
1,2024-10-28,6.26,11599.89,39205.55,13.9,15.5
1,2024-10-29,2.45,0.00,39088.78,15.7,16.7
1,2024-10-30,11.68,28800.00,38972.93,10.3,15.3
1,2024-10-31,10.73,21681.28,38858.13,13.4,16.0
1,2024-11-01,5.76,9282.84,38744.48,17.8,19.3
1,2024-11-02,2.99,6064.78,38632.11,16.1,23.0
1,2024-11-03,15.39,37155.41,38521.16,9.0,12.5
1,2024-11-04,12.57,35796.36,38411.73,14.3,15.9
1,2024-11-05,9.77,29141.67,38303.97,12.7,14.8
1,2024-11-06,12.48,34425.50,38197.99,9.2,12.7
1,2024-11-07,9.89,29159.26,38093.95,4.4,6.2
1,2024-11-08,13.89,33790.60,37991.78,3.9,6.2
1,2024-11-09,14.16,35548.84,37890.47,7.7,10.5
1,2024-11-10,11.01,25458.76,37789.95,14.5,15.5
1,2024-11-11,12.13,35822.67,37690.32,10.6,15.2
1,2024-11-12,12.68,35509.52,37591.69,13.2,15.7
1,2024-11-13,13.77,35499.98,37494.21,8.3,11.3
1,2024-11-14,12.30,30398.97,37397.97,12.7,14.0
1,2024-11-15,5.89,1787.64,37303.09,15.1,17.0
1,2024-11-16,3.95,3600.00,37209.70,15.4,17.9
1,2024-11-17,8.39,31037.07,37117.92,14.5,17.8
1,2024-11-18,8.58,29551.35,37027.88,4.7,8.1
1,2024-11-19,10.25,31566.22,36939.71,2.5,3.3
1,2024-11-20,9.63,30852.81,36853.53,4.9,8.7
1,2024-11-21,11.67,34474.22,36769.49,6.1,7.4
1,2024-11-22,10.39,32932.82,36687.69,6.1,8.5
1,2024-11-23,7.70,21247.18,36608.29,2.9,4.2
1,2024-11-24,6.08,17919.90,36531.42,4.3,4.9
1,2024-11-25,12.36,31415.80,36457.22,4.9,10.2
1,2024-11-26,3.95,2217.16,36385.82,11.2,14.4
1,2024-11-27,6.88,24694.85,36317.36,6.3,8.6
1,2024-11-28,9.62,31695.63,36251.84,2.3,6.2
1,2024-11-29,9.49,33973.20,36188.49,3.4,6.8
1,2024-11-30,9.22,33348.72,36127.25,2.2,3.2
1,2024-12-01,10.52,33356.58,36068.18,3.6,6.0
1,2024-12-02,11.72,34930.99,36011.38,4.7,8.5
1,2024-12-03,11.60,34325.77,35956.92,7.2,10.1
1,2024-12-04,9.46,34925.43,35904.86,2.4,4.5
1,2024-12-05,8.41,30958.40,35855.30,2.2,3.8
1,2024-12-06,7.47,29240.29,35808.31,3.1,4.5
1,2024-12-07,9.36,28635.22,35763.97,0.4,4.2
1,2024-12-08,9.21,30745.02,35722.36,-0.7,2.4
1,2024-12-09,8.24,30288.77,35683.54,0.9,2.3
1,2024-12-10,9.44,32095.67,35647.61,1.8,3.6
1,2024-12-11,9.45,31832.36,35614.63,1.7,4.6
1,2024-12-12,9.78,32141.46,35584.68,-1.4,1.4
1,2024-12-13,7.84,23469.58,35557.85,1.6,4.3
1,2024-12-14,5.14,17054.68,35534.19,0.2,3.3
1,2024-12-15,9.06,30523.45,35513.79,0.7,3.3
1,2024-12-16,8.72,32623.67,35496.71,0.8,4.9
1,2024-12-17,9.08,33509.46,35483.02,0.4,1.8
1,2024-12-18,10.49,32266.89,35472.77,-1.3,1.3
1,2024-12-19,10.32,34895.79,35465.80,-3.1,0.3
1,2024-12-20,9.06,26138.57,35462.06,-2.3,0.1
1,2024-12-21,6.99,20489.12,35461.51,1.8,5.0
1,2024-12-22,6.54,27329.37,35464.15,-0.1,2.6
1,2024-12-23,8.02,31284.35,35469.93,-0.7,2.3
1,2024-12-24,8.78,34514.65,35478.83,0.4,2.6
1,2024-12-25,10.60,30600.47,35490.82,2.1,6.1
1,2024-12-26,7.91,24852.57,35505.86,1.8,7.6
1,2024-12-27,10.20,34419.88,35523.92,-2.7,0.5
1,2024-12-28,9.86,34979.29,35544.97,-3.2,0.4
1,2024-12-29,7.97,23996.63,35568.97,-2.3,-0.8
1,2024-12-30,9.87,28871.27,35595.87,-1.0,3.3
1,2024-12-31,7.57,29598.80,35625.66,0.7,6.2
1,2025-01-01,9.99,35097.13,35658.28,-0.9,2.4
1,2025-01-02,10.94,35133.92,35693.69,-0.4,2.2
1,2025-01-03,9.35,32087.00,35731.86,-2.8,2.3
1,2025-01-04,7.45,25283.73,35772.75,-2.4,-1.6
1,2025-01-05,10.08,28800.00,35816.30,-1.4,3.3
1,2025-01-06,2.26,2961.85,35862.49,3.2,5.1
1,2025-01-07,9.93,34010.35,35911.36,-4.2,2.6
1,2025-01-08,10.02,32330.53,35963.49,-4.7,0.4
1,2025-01-09,7.37,28632.37,36018.84,-6.4,2.4
1,2025-01-10,10.63,33406.89,36077.30,-3.4,-0.6
1,2025-01-11,10.57,34991.04,36138.74,-2.4,-0.2
1,2025-01-12,10.30,31914.35,36203.04,-2.8,1.1
1,2025-01-13,9.45,35526.82,36270.09,-0.6,0.7
1,2025-01-14,9.95,29236.10,36339.75,-0.2,3.7
1,2025-01-15,6.42,16759.57,36411.90,-1.4,4.6
1,2025-01-16,7.42,24957.62,36486.43,-2.5,0.8
1,2025-01-17,6.98,17594.26,36563.21,-2.7,1.6
1,2025-01-18,12.86,35615.44,36642.13,-1.9,-0.6
1,2025-01-19,12.42,32400.00,36723.07,2.1,4.5
1,2025-01-20,10.62,32303.00,36805.92,2.5,6.9
1,2025-01-21,10.76,25157.08,36890.57,-0.3,3.7
1,2025-01-22,12.24,35717.02,36976.89,-1.6,1.7
1,2025-01-23,12.62,33211.39,37064.77,-2.0,2.9
1,2025-01-24,13.11,35777.76,37154.13,0.5,4.6
1,2025-01-25,11.65,35810.58,37244.83,-2.3,-0.2
1,2025-01-26,11.77,32400.00,37336.77,-1.8,0.6
1,2025-01-27,5.44,7081.32,37430.03,1.0,4.3
1,2025-01-28,11.07,35919.65,37525.58,-3.4,-0.7
1,2025-01-29,10.26,35058.74,37623.47,-4.9,-2.9
1,2025-01-30,7.77,19657.16,37723.52,-4.8,-1.3
1,2025-01-31,8.43,17015.50,37825.62,-2.0,-0.1
1,2025-02-01,9.49,17358.13,37929.62,1.3,3.8
1,2025-02-02,5.54,4740.37,38035.38,3.5,4.7
1,2025-02-03,9.48,28911.39,38142.77,-0.9,3.7
1,2025-02-04,13.38,36000.00,38251.66,-7.2,-3.8
1,2025-02-05,12.26,36102.64,38361.90,-8.1,-5.6
1,2025-02-06,10.61,32286.01,38473.38,-6.6,-5.4
1,2025-02-07,13.25,36000.00,38585.99,-7.3,-1.9
1,2025-02-08,12.87,34911.16,38699.56,-5.7,-2.1
1,2025-02-09,12.68,36000.00,38814.01,-2.9,-1.3
1,2025-02-10,13.05,35146.88,38929.21,-4.7,-2.4
1,2025-02-11,8.48,20201.23,39045.03,-4.4,-2.2
1,2025-02-12,5.25,1638.38,39161.37,2.4,6.6
1,2025-02-13,10.75,26480.58,39278.11,-3.6,0.8
1,2025-02-14,16.16,37569.05,39395.13,-2.3,0.9
1,2025-02-15,16.29,31342.45,39512.34,0.4,4.8
1,2025-02-16,11.75,37212.13,39629.80,4.0,7.1
1,2025-02-17,13.54,34559.97,39748.57,-2.5,4.6
1,2025-02-18,13.02,34628.84,39868.72,-4.1,-2.1
1,2025-02-19,14.06,34645.36,39990.13,-5.0,-3.2
1,2025-02-20,14.88,33940.51,40112.69,-3.7,-2.0
1,2025-02-21,11.22,28420.75,40236.28,-3.4,-2.1
1,2025-02-22,13.65,31631.48,40360.80,-4.8,-2.6
1,2025-02-23,16.68,38608.35,40486.13,-3.9,-0.1
1,2025-02-24,15.38,36437.12,40612.18,-3.1,-1.1
1,2025-02-25,17.00,35116.29,40738.82,-1.9,0.5
1,2025-02-26,16.38,39090.36,40865.97,-2.0,2.0
1,2025-02-27,18.28,32400.00,40993.51,-1.4,2.1
1,2025-02-28,7.22,11042.00,41121.35,5.1,9.0
1,2025-03-01,18.15,35328.35,41249.38,7.9,11.2
1,2025-03-02,7.77,12121.54,41377.51,12.3,15.1
1,2025-03-03,6.26,7745.02,41505.63,2.0,7.0
1,2025-03-04,3.73,0.00,41633.67,6.6,7.9
1,2025-03-05,3.05,0.00,41761.50,6.4,9.2
1,2025-03-06,8.30,10038.43,41889.05,0.0,2.4
1,2025-03-07,11.00,27443.30,42016.21,-3.8,-1.6
1,2025-03-08,12.23,23861.14,42143.06,-0.5,1.9
1,2025-03-09,19.07,41810.56,42270.57,-2.7,-0.6
1,2025-03-10,19.63,32675.95,42398.83,2.4,6.5
1,2025-03-11,4.91,5083.75,42527.75,7.8,9.1
1,2025-03-12,11.54,27884.71,42657.24,10.3,12.1
1,2025-03-13,13.64,23903.51,42787.21,3.6,10.1
1,2025-03-14,18.05,33731.18,42917.59,0.0,3.3
1,2025-03-15,4.40,2151.29,43048.27,4.6,8.1
1,2025-03-16,8.14,15080.59,43179.18,6.1,9.2
1,2025-03-17,13.66,38904.30,43310.24,-0.8,1.5
1,2025-03-18,19.06,35612.89,43441.35,-0.6,3.3
1,2025-03-19,11.28,27324.95,43572.43,-2.6,0.9
1,2025-03-20,22.09,42980.46,43703.40,-1.9,3.7
1,2025-03-21,22.15,43064.09,43834.17,3.1,6.7
1,2025-03-22,22.36,43147.48,43964.66,3.1,6.9
1,2025-03-23,21.96,36000.00,44094.78,4.6,8.2
1,2025-03-24,16.03,31274.41,44224.45,6.4,10.6
1,2025-03-25,22.55,43200.00,44353.57,8.5,12.8
1,2025-03-26,22.54,42883.20,44482.07,7.9,16.2
1,2025-03-27,16.06,29941.85,44609.85,15.8,17.2
1,2025-03-28,9.26,12300.83,44736.98,7.5,15.5
1,2025-03-29,17.90,35622.59,44864.37,0.0,1.9
1,2025-03-30,14.20,26906.20,44992.09,-1.3,1.1
1,2025-03-31,20.11,36000.00,45120.07,0.3,3.9
1,2025-04-01,11.06,7390.35,45248.22,7.4,8.2
1,2025-04-02,9.63,13470.55,45376.47,8.4,9.7
1,2025-04-03,18.59,39042.75,45504.73,4.4,6.0
1,2025-04-04,19.04,42295.46,45632.92,1.2,4.4
1,2025-04-05,21.51,36184.88,45760.95,4.2,11.1
1,2025-04-06,19.00,43200.00,45888.76,8.9,12.0
1,2025-04-07,23.70,43200.00,46016.24,3.1,6.2
1,2025-04-08,22.20,41747.40,46143.32,5.1,10.2
1,2025-04-09,24.20,39600.00,46269.90,5.2,12.0
1,2025-04-10,15.14,29904.88,46395.91,11.3,13.8
1,2025-04-11,18.46,42461.17,46521.24,9.5,13.5
1,2025-04-12,21.64,27416.21,46645.81,10.7,13.0
1,2025-04-13,7.05,7200.00,46769.54,8.4,16.9
1,2025-04-14,24.07,36609.10,46892.31,5.5,9.1
1,2025-04-15,21.00,43200.00,47014.04,2.8,4.8
1,2025-04-16,21.33,43363.91,47134.62,5.8,12.2
1,2025-04-17,24.45,38276.56,47254.14,11.7,15.1
1,2025-04-18,19.53,42133.95,47373.43,13.7,15.7
1,2025-04-19,22.71,36000.00,47492.57,14.8,18.7
1,2025-04-20,14.08,19792.79,47611.50,13.5,15.4
1,2025-04-21,26.08,43200.00,47730.10,10.0,14.2
1,2025-04-22,15.49,16692.43,47848.30,14.6,18.1
1,2025-04-23,13.67,24081.38,47966.00,15.7,19.6
1,2025-04-24,21.31,36000.00,48083.12,11.1,12.7
1,2025-04-25,17.58,28209.14,48199.56,5.2,12.4
1,2025-04-26,27.30,44629.13,48315.22,3.9,8.7
1,2025-04-27,25.10,36000.00,48430.02,7.9,12.4
1,2025-04-28,7.13,9017.01,48543.85,11.8,15.9
1,2025-04-29,26.44,45927.73,48656.60,2.9,5.5
1,2025-04-30,26.87,44988.54,48768.18,6.6,13.8
1,2025-05-01,20.59,32400.00,48878.49,11.0,14.8
1,2025-05-02,8.47,23663.50,48987.41,9.9,14.5
1,2025-05-03,25.57,36405.26,49094.84,10.7,14.4
1,2025-05-04,26.60,46335.73,49200.67,6.7,11.5
1,2025-05-05,25.22,36000.00,49304.78,9.4,13.7
1,2025-05-06,8.83,19014.66,49407.06,12.9,14.6
1,2025-05-07,25.70,47597.90,49507.55,6.1,8.2
1,2025-05-08,26.38,33583.30,49607.03,10.6,14.2
1,2025-05-09,6.43,153.02,49705.56,16.2,21.2
1,2025-05-10,15.73,29235.58,49803.06,14.7,21.7
1,2025-05-11,19.46,25200.00,49899.45,12.2,14.4
1,2025-05-12,19.44,41314.36,49994.62,10.9,13.0
1,2025-05-13,27.62,41478.09,50088.48,11.6,15.9
1,2025-05-14,25.39,43870.05,50180.94,12.6,16.3
1,2025-05-15,17.34,28543.80,50271.90,14.5,17.0
1,2025-05-16,12.46,12092.43,50361.27,16.6,20.4
1,2025-05-17,12.23,21443.13,50448.95,21.2,22.9
1,2025-05-18,16.93,18677.07,50534.84,18.5,21.4
1,2025-05-19,20.08,35545.31,50618.83,14.3,17.5
1,2025-05-20,26.28,39268.59,50700.83,19.4,21.1
1,2025-05-21,15.11,19747.02,50780.73,20.6,23.0
1,2025-05-22,17.87,35901.61,50858.43,16.4,20.3
1,2025-05-23,24.91,32400.00,50933.81,14.6,15.9
1,2025-05-24,5.31,0.00,51006.77,18.3,21.6
1,2025-05-25,8.11,470.03,51077.21,13.0,16.7
1,2025-05-26,12.88,1984.18,51145.01,11.6,13.9
1,2025-05-27,15.74,31234.17,51210.17,14.7,16.6
1,2025-05-28,23.36,31973.64,51273.25,15.0,16.7
1,2025-05-29,8.96,5906.88,51334.29,15.8,18.1
1,2025-05-30,15.31,27649.55,51393.23,13.9,15.3
1,2025-05-31,11.26,12578.96,51450.01,11.7,13.2
1,2025-06-01,15.54,32611.26,51504.57,12.5,14.0
1,2025-06-02,17.05,18000.00,51556.85,16.1,18.3
1,2025-06-03,8.58,6081.53,51606.80,18.4,20.0
1,2025-06-04,27.41,50400.00,51654.35,12.2,16.7
1,2025-06-05,29.31,50400.00,51699.44,13.5,16.7
1,2025-06-06,23.17,32883.66,51742.02,15.2,19.1
1,2025-06-07,20.98,35238.43,51782.02,16.4,19.8
1,2025-06-08,8.10,245.94,51819.39,18.6,20.5
1,2025-06-09,7.24,4557.57,51854.08,19.2,20.7
1,2025-06-10,6.21,0.00,51886.01,22.8,23.7
1,2025-06-11,8.69,7191.35,51915.14,19.3,23.2
1,2025-06-12,15.04,22419.52,51941.42,16.6,19.3
1,2025-06-13,23.89,37326.56,51964.78,17.4,19.6
1,2025-06-14,6.98,0.00,51985.17,23.0,24.4
1,2025-06-15,19.75,44276.34,52002.55,21.8,24.6
1,2025-06-16,23.35,39135.44,52016.87,23.5,24.4
1,2025-06-17,22.10,45928.86,52028.25,22.7,24.6
1,2025-06-18,27.95,50400.00,52036.73,21.0,24.4
1,2025-06-19,28.65,50400.00,52042.30,18.7,24.4
1,2025-06-20,28.34,50400.00,52045.01,20.3,23.2
1,2025-06-21,26.16,49628.52,52044.85,20.7,22.4
1,2025-06-22,24.84,40067.61,52041.84,22.4,24.3
1,2025-06-23,8.57,4345.20,52036.02,23.5,25.2
1,2025-06-24,11.21,15721.58,52027.40,23.0,25.8
1,2025-06-25,18.68,30392.68,52016.00,23.6,25.0
1,2025-06-26,15.62,28475.55,52001.85,22.5,25.0
1,2025-06-27,28.02,50400.00,51984.96,19.6,20.6
1,2025-06-28,28.31,50400.00,51965.37,21.4,24.3
1,2025-06-29,27.15,50400.00,51943.10,22.7,25.2
1,2025-06-30,27.49,50400.00,51918.17,23.4,25.3
1,2025-07-01,24.86,36518.15,51890.63,22.9,27.1
1,2025-07-02,21.20,46894.37,51860.49,23.6,25.4
1,2025-07-03,22.50,35776.60,51827.78,23.7,25.1
1,2025-07-04,24.48,48405.87,51792.55,23.4,25.1
1,2025-07-05,26.37,50306.54,51754.80,22.7,26.1
1,2025-07-06,26.26,47957.28,51714.51,22.8,24.6
1,2025-07-07,25.29,42545.84,51671.30,24.1,25.9
1,2025-07-08,21.08,45775.35,51625.16,23.7,25.2
1,2025-07-09,24.70,50400.00,51576.19,22.8,24.7
1,2025-07-10,22.94,41176.38,51524.49,23.1,24.7
1,2025-07-11,20.53,41871.36,51470.14,23.3,24.3
1,2025-07-12,23.87,49328.80,51413.23,23.2,24.8
1,2025-07-13,24.86,48917.38,51353.85,21.8,23.9
1,2025-07-14,18.04,23432.43,51292.10,23.6,25.6
1,2025-07-15,27.68,49284.07,51228.06,21.1,23.7
1,2025-07-16,23.84,42042.96,51161.81,23.7,25.2
1,2025-07-17,5.34,10620.12,51093.46,24.0,25.9
1,2025-07-18,25.12,49090.23,51023.09,21.6,23.6
1,2025-07-19,25.27,50187.35,50950.78,22.1,24.6
1,2025-07-20,22.96,47240.48,50876.62,23.9,26.0
1,2025-07-21,21.90,38098.49,50800.70,24.1,26.6
1,2025-07-22,24.02,47270.82,50723.10,23.6,25.1
1,2025-07-23,22.22,41196.02,50643.91,24.2,26.1
1,2025-07-24,21.88,45497.03,50563.21,23.7,25.4
1,2025-07-25,23.28,49937.50,50481.08,22.4,24.0
1,2025-07-26,24.96,49855.03,50397.46,21.7,22.4
1,2025-07-27,24.20,47864.93,50311.67,21.9,23.8
1,2025-07-28,24.91,47538.64,50223.66,21.7,23.9
1,2025-07-29,26.63,49594.50,50133.56,20.8,22.9
1,2025-07-30,25.50,49257.69,50041.49,22.4,25.2
1,2025-07-31,25.11,48629.86,49947.55,22.1,24.0
1,2025-08-01,24.07,47233.12,49851.86,22.2,22.9
1,2025-08-02,21.12,48851.59,49754.51,21.7,23.2
1,2025-08-03,24.63,47046.00,49655.62,21.7,23.5
1,2025-08-04,26.66,47302.89,49555.30,21.6,23.1
1,2025-08-05,24.61,47964.49,49453.65,23.3,24.4
1,2025-08-06,23.86,38893.90,49350.76,23.3,25.2
1,2025-08-07,14.66,33348.42,49246.74,22.6,25.3
1,2025-08-08,22.30,47201.84,49141.68,21.0,22.8
1,2025-08-09,14.10,18728.26,49035.68,22.2,23.9
1,2025-08-10,8.12,619.85,48928.83,24.0,25.2
1,2025-08-11,12.27,16635.00,48821.24,23.9,25.3
1,2025-08-12,14.39,28550.54,48712.98,24.3,25.5
1,2025-08-13,19.26,42538.08,48604.14,24.4,25.9
1,2025-08-14,23.41,44276.14,48494.82,23.8,25.4
1,2025-08-15,23.78,44324.59,48384.95,23.3,24.9
1,2025-08-16,22.53,44949.34,48273.71,23.7,25.6
1,2025-08-17,23.11,44136.91,48161.06,22.9,24.2
1,2025-08-18,22.21,42186.87,48047.10,23.6,24.9
1,2025-08-19,24.60,44812.57,47931.92,21.6,23.2
1,2025-08-20,23.36,43720.79,47815.64,22.7,24.2
1,2025-08-21,22.91,44060.55,47698.34,21.5,23.3
1,2025-08-22,23.21,43370.46,47580.12,21.7,23.7
1,2025-08-23,18.59,43200.00,47461.06,24.2,25.5
1,2025-08-24,19.32,43200.00,47341.28,24.3,26.1
1,2025-08-25,19.16,38376.51,47220.85,23.6,25.6
1,2025-08-26,22.52,43486.32,47099.86,21.7,22.8
1,2025-08-27,20.91,43200.00,46978.40,23.1,24.5
1,2025-08-28,22.76,43210.47,46856.56,21.6,23.7
1,2025-08-29,22.40,43230.65,46734.42,22.2,24.0
1,2025-08-30,22.98,43250.86,46612.06,21.8,22.8
1,2025-08-31,22.06,43271.06,46489.56,21.7,23.8
1,2025-09-01,22.37,43200.00,46367.02,21.5,23.5
1,2025-09-02,23.30,43200.00,46244.49,20.8,22.8
1,2025-09-03,15.88,25350.41,46122.07,22.7,24.0
1,2025-09-04,5.62,0.00,45999.67,24.9,26.9
1,2025-09-05,11.18,25829.20,45876.48,23.6,25.3
1,2025-09-06,23.48,43200.00,45752.41,20.6,23.9
1,2025-09-07,20.74,43200.00,45627.56,22.5,24.6
1,2025-09-08,22.02,41161.83,45502.01,23.1,24.1
1,2025-09-09,21.20,41732.26,45375.84,22.8,23.8
1,2025-09-10,17.95,31669.40,45249.14,22.5,23.6
1,2025-09-11,13.31,27012.93,45121.99,23.0,24.4
1,2025-09-12,16.34,27614.13,44994.46,23.2,24.4
1,2025-09-13,13.74,27641.04,44866.65,23.6,24.7
1,2025-09-14,17.08,35851.63,44738.62,23.5,25.6
1,2025-09-15,20.82,43200.00,44610.46,22.1,24.1
1,2025-09-16,19.62,43116.86,44482.23,23.5,25.1
1,2025-09-17,20.12,43030.96,44354.03,23.5,24.8
1,2025-09-18,18.62,41552.98,44225.93,20.8,23.9
1,2025-09-19,18.12,38972.02,44098.00,19.0,20.5
1,2025-09-20,14.44,24960.87,43970.31,22.0,23.4
1,2025-09-21,18.99,38811.77,43842.96,16.8,20.8
1,2025-09-22,20.61,39193.58,43716.01,14.7,17.1
1,2025-09-23,10.84,20350.71,43589.53,17.2,19.6
1,2025-09-24,10.61,27320.91,43463.46,17.8,18.4
1,2025-09-25,11.67,22073.10,43336.91,20.7,22.4
1,2025-09-26,15.11,38005.52,43209.82,20.6,22.7
1,2025-09-27,17.65,32727.47,43082.28,15.0,18.3
1,2025-09-28,15.00,23522.01,42954.36,19.5,22.8
1,2025-09-29,7.13,18913.98,42826.15,18.9,22.6
1,2025-09-30,18.09,40388.71,42697.73,16.1,17.5
1,2025-10-01,18.53,40572.05,42569.19,15.4,18.0
1,2025-10-02,14.26,20711.07,42440.61,14.2,16.4
1,2025-10-03,4.66,0.00,42312.06,18.5,20.8
1,2025-10-04,7.30,16133.75,42183.65,20.7,22.8
1,2025-10-05,9.52,14338.54,42055.46,21.2,23.8
1,2025-10-06,16.97,39529.22,41927.56,17.7,20.6
1,2025-10-07,16.62,39549.70,41800.04,18.5,20.1
1,2025-10-08,17.59,38502.36,41672.99,18.9,21.2
1,2025-10-09,17.20,32730.43,41546.51,14.5,15.7
1,2025-10-10,6.10,7008.89,41420.67,16.9,19.5
1,2025-10-11,9.75,23166.63,41295.56,20.6,22.0
1,2025-10-12,7.21,3600.00,41171.29,21.5,22.4
1,2025-10-13,12.83,39264.73,41047.93,17.4,19.9
1,2025-10-14,15.49,33363.48,40925.42,19.9,21.8
1,2025-10-15,13.74,34169.15,40802.79,19.3,20.6
1,2025-10-16,8.75,25378.26,40679.97,19.9,22.4
1,2025-10-17,16.73,38201.66,40557.04,16.2,18.2
1,2025-10-18,12.06,33482.12,40434.13,19.9,21.6
1,2025-10-19,13.47,36000.00,40311.31,17.0,17.8
1,2025-10-20,11.29,27941.26,40188.70,12.8,17.6
1,2025-10-21,9.42,19659.77,40066.38,8.6,10.7
1,2025-10-22,2.73,0.00,39944.49,11.0,12.5
1,2025-10-23,16.10,35066.35,39823.11,8.0,11.3
1,2025-10-24,11.58,24093.49,39702.35,11.4,13.2
1,2025-10-25,10.81,26329.31,39582.31,15.6,17.2
1,2025-10-26,6.09,15430.38,39463.13,16.1,18.7
1,2025-10-27,14.04,38240.43,39344.89,8.9,11.7
1,2025-10-28,11.88,38274.49,39227.73,5.7,7.6
1,2025-10-29,15.56,38308.76,39111.75,5.8,7.5
1,2025-10-30,14.05,32400.00,38997.07,10.8,12.8
1,2025-10-31,2.35,0.00,38883.82,12.6,14.7
1,2025-11-01,12.21,34370.87,38772.11,10.7,13.3
1,2025-11-02,10.92,36681.07,38662.08,9.3,11.0
1,2025-11-03,12.81,37162.59,38553.65,4.7,6.1
1,2025-11-04,11.95,25200.00,38445.81,9.4,11.9
1,2025-11-05,4.46,1691.24,38338.49,12.4,13.6
1,2025-11-06,9.95,25230.75,38231.78,10.0,12.7
1,2025-11-07,12.87,36490.11,38125.81,6.5,11.2
1,2025-11-08,14.00,32011.98,38020.69,8.9,11.9
1,2025-11-09,3.59,1076.81,37916.54,14.6,17.7
1,2025-11-10,11.88,35843.20,37813.49,4.7,9.0
1,2025-11-11,12.50,35830.05,37711.65,5.5,8.4
1,2025-11-12,12.13,28800.00,37611.15,6.4,9.0
1,2025-11-13,4.69,3600.00,37512.10,10.3,13.2
1,2025-11-14,12.05,35347.26,37414.66,7.3,10.4
1,2025-11-15,13.03,35487.81,37318.94,5.1,9.5
1,2025-11-16,13.44,35271.26,37225.07,5.7,10.6
1,2025-11-17,12.11,32526.18,37133.20,8.7,13.5
1,2025-11-18,8.53,27765.90,37043.45,3.5,6.0
1,2025-11-19,8.55,34116.71,36955.98,2.4,4.0
1,2025-11-20,11.85,34760.14,36870.90,4.1,6.5
1,2025-11-21,9.93,35093.61,36788.38,4.5,8.1
1,2025-11-22,11.84,35086.86,36708.55,3.0,7.4
1,2025-11-23,12.83,35063.15,36631.40,4.1,8.1
1,2025-11-24,11.30,28313.95,36556.04,6.7,8.4
1,2025-11-25,2.81,9658.37,36482.43,8.0,10.4
1,2025-11-26,9.46,31284.14,36410.64,5.0,9.1
1,2025-11-27,11.14,30661.42,36340.77,8.0,10.7
1,2025-11-28,10.27,32739.61,36272.93,3.2,6.1
1,2025-11-29,12.11,34962.00,36207.19,3.1,7.6
1,2025-11-30,12.39,34951.79,36143.67,5.7,8.8
1,2025-12-01,10.59,31282.81,36082.45,8.2,12.4
1,2025-12-02,10.73,32801.61,36023.65,8.7,11.0
1,2025-12-03,8.06,23621.45,35967.34,-2.2,7.8
1,2025-12-04,6.88,20419.09,35913.63,-1.6,-0.3
1,2025-12-05,9.62,33375.11,35862.63,-1.4,3.6
1,2025-12-06,12.11,34929.05,35814.42,0.9,5.1
1,2025-12-07,11.63,34931.54,35769.12,4.0,6.2
1,2025-12-08,9.49,33381.33,35726.81,5.3,9.4
1,2025-12-09,8.68,33703.10,35687.60,0.6,3.0
1,2025-12-10,10.97,31349.47,35651.57,0.4,4.0
1,2025-12-11,8.03,26387.63,35618.83,5.5,9.2
1,2025-12-12,9.06,32400.00,35589.48,-2.4,1.1
1,2025-12-13,11.53,31382.83,35563.54,1.4,7.1
1,2025-12-14,7.38,22167.98,35540.68,3.0,8.7
1,2025-12-15,8.62,32696.32,35520.83,1.1,3.6
1,2025-12-16,10.99,34932.81,35504.00,1.8,3.5
1,2025-12-17,8.28,23139.43,35490.20,5.9,8.6
1,2025-12-18,9.25,34908.10,35479.42,-0.2,5.4
1,2025-12-19,11.21,34411.12,35471.68,1.5,4.1
1,2025-12-20,10.50,31329.79,35466.97,9.4,12.9
1,2025-12-21,1.69,3330.65,35465.29,8.1,14.1
1,2025-12-22,6.07,19656.41,35466.63,-0.2,5.0
1,2025-12-23,10.56,31619.07,35471.00,5.7,8.8
1,2025-12-24,4.80,8667.84,35478.38,9.7,11.7
1,2025-12-25,1.97,1649.80,35488.78,4.8,11.8
1,2025-12-26,7.41,29204.77,35502.18,-1.6,0.2
1,2025-12-27,7.42,28368.88,35518.59,-1.8,0.2
1,2025-12-28,10.50,34972.50,35537.98,-1.5,1.5
1,2025-12-29,11.31,31852.98,35560.35,0.4,3.7
1,2025-12-30,7.33,24244.68,35585.67,3.0,7.1
1,2025-12-31,8.50,31250.35,35613.95,-0.9,1.0
1,2026-01-01,7.64,21510.29,35645.17,-1.8,-0.4
1,2026-01-02,10.46,35002.60,35679.38,-3.8,-1.5
1,2026-01-03,9.73,34721.53,35716.97,-0.8,0.6
1,2026-01-04,6.90,16676.09,35757.90,0.2,1.7
1,2026-01-05,8.63,35215.00,35802.09,1.3,3.5
1,2026-01-06,8.62,27247.06,35849.41,-3.0,0.3
1,2026-01-07,11.63,35216.57,35899.77,-1.9,1.5
1,2026-01-08,9.36,35210.27,35953.06,-2.2,0.4
1,2026-01-09,7.79,33274.78,36009.18,-3.6,-1.0
1,2026-01-10,12.07,32400.00,36068.02,1.7,5.8
1,2026-01-11,9.47,28989.77,36129.48,-8.0,-2.7
1,2026-01-12,10.30,35512.98,36193.44,-3.9,0.9
1,2026-01-13,8.78,31015.68,36259.81,-1.6,4.1
1,2026-01-14,9.10,31957.94,36328.49,-4.8,-3.4
1,2026-01-15,11.02,35551.78,36399.36,0.4,4.7
1,2026-01-16,11.90,35568.31,36472.33,0.5,7.9
1,2026-01-17,12.93,35586.66,36547.31,1.4,4.8
1,2026-01-18,13.01,35606.83,36624.17,0.5,5.2
1,2026-01-19,12.28,33294.10,36702.83,4.4,6.5
1,2026-01-20,5.95,12164.09,36783.20,-4.5,3.5
1,2026-01-21,10.23,29896.82,36865.16,-5.5,-2.1
1,2026-01-22,10.68,33025.16,36948.80,-6.6,-4.3
1,2026-01-23,6.79,18566.49,37035.01,-4.5,-1.9
1,2026-01-24,11.36,35057.74,37123.82,-5.2,-1.6
1,2026-01-25,11.29,35801.41,37215.08,-4.5,-3.1
1,2026-01-26,9.95,34717.72,37308.64,-4.5,-3.1
1,2026-01-27,12.59,32400.00,37404.36,-1.6,0.2
1,2026-01-28,6.67,18239.22,37502.12,-1.6,0.8
1,2026-01-29,11.09,35954.10,37601.76,-5.2,-1.4
1,2026-01-30,10.70,28386.39,37703.15,-3.1,-1.8
1,2026-01-31,6.67,17980.77,37806.16,-3.0,-0.9
2,2021-01-01,9.18,26089.36,35743.06,-5.0,-1.9
2,2021-01-02,8.42,26531.53,35778.19,-4.1,-3.5
2,2021-01-03,11.19,32075.97,35816.05,-3.8,-2.8
2,2021-01-04,11.66,30163.28,35856.58,-5.8,-1.2
2,2021-01-05,3.20,3216.00,35899.75,-3.2,-0.7
2,2021-01-06,11.92,35393.97,35945.50,-4.5,-3.3
2,2021-01-07,9.05,30103.15,35993.80,-9.3,-2.7
2,2021-01-08,12.60,35496.49,36044.70,-11.8,-9.8
2,2021-01-09,13.06,35552.02,36098.78,-10.4,-7.9
2,2021-01-10,10.59,30791.74,36156.02,-7.4,-5.3
2,2021-01-11,8.82,19801.41,36216.31,-4.1,-0.1
2,2021-01-12,3.32,5226.32,36279.51,-2.4,0.3
2,2021-01-13,13.20,35618.96,36345.51,-2.2,1.5
2,2021-01-14,12.73,35632.81,36414.18,-2.7,2.4
2,2021-01-15,12.92,35648.41,36485.39,2.4,5.8
2,2021-01-16,10.00,32653.48,36559.02,2.6,7.7
2,2021-01-17,10.61,29702.29,36634.96,-5.1,-3.2
2,2021-01-18,13.48,35705.55,36713.08,-5.4,-1.4
2,2021-01-19,8.70,25292.20,36793.27,-6.6,-4.2
2,2021-01-20,14.05,35752.09,36875.40,-5.6,2.2
2,2021-01-21,13.66,32400.00,36959.36,0.5,6.4
2,2021-01-22,2.95,0.00,37045.05,6.5,9.1
2,2021-01-23,1.73,0.00,37132.33,6.6,8.7
2,2021-01-24,2.07,1355.89,37221.11,3.7,7.0
2,2021-01-25,13.44,35897.17,37311.26,2.9,4.8
2,2021-01-26,7.09,16152.95,37402.70,7.7,9.7
2,2021-01-27,6.83,14483.51,37495.30,1.8,6.7
2,2021-01-28,4.44,6815.52,37589.14,1.2,7.0
2,2021-01-29,9.03,18000.00,37685.20,-8.2,-6.6
2,2021-01-30,13.41,36002.16,37783.51,-4.0,0.0
2,2021-01-31,12.65,36000.00,37883.93,-3.9,-0.9
2,2021-02-01,12.01,31231.26,37986.32,4.9,9.5
2,2021-02-02,13.86,34204.63,38090.54,-4.1,3.4
2,2021-02-03,15.43,36174.99,38196.46,-6.1,-4.6
2,2021-02-04,9.56,28757.55,38303.95,-3.0,0.2
2,2021-02-05,15.71,32807.24,38412.86,-1.8,3.0
2,2021-02-06,14.85,36670.06,38523.09,0.7,3.1
2,2021-02-07,14.36,36048.32,38634.49,1.5,4.0
2,2021-02-08,14.00,36000.00,38746.96,-3.5,0.2
2,2021-02-09,14.82,36572.03,38860.35,-4.5,-2.7
2,2021-02-10,15.93,36839.43,38974.56,-3.1,0.2
2,2021-02-11,15.01,32400.00,39089.47,-4.2,0.2
2,2021-02-12,8.45,14899.79,39204.96,4.3,7.1
2,2021-02-13,8.34,23576.79,39320.92,6.7,8.9
2,2021-02-14,11.81,32400.00,39437.23,8.1,12.1
2,2021-02-15,7.61,19075.02,39553.79,3.5,11.9
2,2021-02-16,16.96,34678.00,39670.49,-5.1,-1.0
2,2021-02-17,12.51,29056.40,39787.41,-9.5,-2.8
2,2021-02-18,13.04,28449.55,39905.57,-5.8,-4.1
2,2021-02-19,18.08,38616.65,40025.06,-5.1,-2.9
2,2021-02-20,18.62,38636.01,40145.75,1.3,5.2
2,2021-02-21,18.55,38654.41,40267.54,4.4,8.3
2,2021-02-22,18.68,38518.91,40390.32,3.8,7.3
2,2021-02-23,16.70,38827.91,40513.99,-2.1,2.6
2,2021-02-24,18.70,39271.65,40638.42,-7.6,-5.2
2,2021-02-25,18.80,33623.62,40763.53,-5.5,-0.8
2,2021-02-26,2.94,3600.00,40889.21,-4.5,3.1
2,2021-02-27,17.95,34799.26,41015.36,-1.6,2.9
2,2021-02-28,6.93,6852.24,41141.88,4.8,7.3
2,2021-03-01,13.11,35229.74,41268.67,8.6,12.2
2,2021-03-02,6.96,14414.89,41395.64,0.0,14.0
2,2021-03-03,19.88,34293.35,41522.68,-0.2,4.8
2,2021-03-04,9.51,19983.33,41649.70,5.9,7.5
2,2021-03-05,6.39,10800.00,41776.61,8.8,9.8
2,2021-03-06,12.33,29341.15,41903.32,2.9,9.7
2,2021-03-07,6.07,6468.94,42029.73,6.1,6.6
2,2021-03-08,5.77,14040.89,42155.74,3.7,6.5
2,2021-03-09,7.65,10402.55,42281.45,6.4,8.0
2,2021-03-10,21.19,41949.71,42407.79,-5.5,2.2
2,2021-03-11,19.00,32400.00,42534.85,5.2,7.6
2,2021-03-12,7.16,13178.02,42662.55,9.2,10.9
2,2021-03-13,11.86,29787.98,42790.81,3.1,9.0
2,2021-03-14,21.74,42463.85,42919.52,-0.7,1.5
2,2021-03-15,21.96,38690.66,43048.61,-0.1,5.2
2,2021-03-16,11.46,26497.11,43177.99,9.2,11.6
2,2021-03-17,22.32,42779.11,43307.59,-4.4,6.3
2,2021-03-18,23.21,42862.10,43437.31,-1.2,4.1
2,2021-03-19,22.35,42945.23,43567.06,2.8,7.9
2,2021-03-20,17.19,28800.00,43696.78,10.0,14.2
2,2021-03-21,4.69,8050.17,43826.37,9.0,16.2
2,2021-03-22,18.48,43194.45,43955.74,-1.4,0.8
2,2021-03-23,23.55,43200.00,44084.82,-1.3,5.1
2,2021-03-24,21.03,36000.00,44213.51,6.1,8.1
2,2021-03-25,6.59,10800.00,44341.74,5.5,9.1
2,2021-03-26,23.72,43200.00,44469.41,-3.1,3.4
2,2021-03-27,22.57,35964.06,44596.44,6.5,10.1
2,2021-03-28,5.71,7732.23,44722.74,11.2,14.4
2,2021-03-29,24.02,43200.00,44848.38,5.8,9.1
2,2021-03-30,20.10,34931.81,44974.25,6.1,11.0
2,2021-03-31,24.65,43200.00,45100.44,4.3,7.9
2,2021-04-01,21.04,35645.77,45226.85,9.6,11.2
2,2021-04-02,12.10,21558.05,45353.42,10.1,10.7
2,2021-04-03,10.49,18190.97,45480.05,9.8,12.1
2,2021-04-04,6.49,2797.33,45606.69,12.1,15.6
2,2021-04-05,19.87,41016.28,45733.23,4.1,7.9
2,2021-04-06,8.87,17471.23,45859.60,6.5,7.5
2,2021-04-07,25.19,42540.39,45985.71,0.6,4.0
2,2021-04-08,20.76,41733.33,46111.49,-0.1,4.7
2,2021-04-09,24.70,43200.00,46236.83,-2.7,0.3
2,2021-04-10,26.09,43200.00,46361.67,1.1,5.3
2,2021-04-11,20.25,40143.92,46485.90,5.3,7.4
2,2021-04-12,12.03,16624.92,46609.45,8.3,10.4
2,2021-04-13,6.56,80.68,46732.21,13.0,14.7
2,2021-04-14,17.45,32028.58,46854.11,2.5,11.4
2,2021-04-15,20.64,30493.39,46975.03,6.4,8.7
2,2021-04-16,6.62,3600.00,47094.89,10.2,11.6
2,2021-04-17,3.51,7875.44,47213.59,7.5,12.4
2,2021-04-18,25.01,44125.79,47331.19,1.6,3.0
2,2021-04-19,27.17,44151.07,47448.53,2.5,4.9
2,2021-04-20,27.21,44381.44,47565.69,2.7,5.3
2,2021-04-21,27.35,44612.93,47682.59,0.0,6.1
2,2021-04-22,23.44,39878.73,47799.14,1.9,10.9
2,2021-04-23,18.29,32224.35,47915.26,9.5,10.0
2,2021-04-24,20.49,43685.62,48030.84,8.6,10.8
2,2021-04-25,22.95,46010.90,48145.81,2.2,9.0
2,2021-04-26,28.32,45216.44,48260.06,1.8,7.2
2,2021-04-27,22.08,36170.96,48373.53,7.5,11.2
2,2021-04-28,5.10,0.00,48486.08,12.8,13.8
2,2021-04-29,5.99,10057.16,48597.65,10.2,13.9
2,2021-04-30,27.44,45314.16,48708.12,4.1,10.0
2,2021-05-01,12.44,23744.92,48817.40,9.6,15.0
2,2021-05-02,21.47,38771.06,48925.37,5.3,8.2
2,2021-05-03,28.24,47213.57,49031.95,2.4,5.6
2,2021-05-04,24.41,32364.81,49137.01,8.7,12.5
2,2021-05-05,5.71,10412.81,49240.46,11.5,14.4
2,2021-05-06,26.79,37566.33,49342.17,8.6,13.8
2,2021-05-07,10.39,20017.12,49442.04,11.1,14.0
2,2021-05-08,15.85,19848.66,49540.10,13.2,14.4
2,2021-05-09,26.51,48305.52,49637.13,4.7,12.6
2,2021-05-10,27.99,46954.95,49733.17,5.9,11.8
2,2021-05-11,22.42,29668.33,49828.15,10.9,14.0
2,2021-05-12,5.25,3600.00,49921.98,12.8,14.0
2,2021-05-13,15.68,41354.27,50014.55,13.8,15.2
2,2021-05-14,21.92,39726.20,50105.80,16.2,18.6
2,2021-05-15,14.40,18108.76,50195.61,15.5,16.2
2,2021-05-16,9.03,2575.57,50283.90,18.6,20.7
2,2021-05-17,7.92,7295.85,50370.58,19.3,21.2
2,2021-05-18,11.60,14469.17,50455.54,17.8,20.6
2,2021-05-19,5.35,3504.29,50538.69,17.5,19.3
2,2021-05-20,3.47,0.00,50619.92,19.2,20.5
2,2021-05-21,8.15,9740.84,50699.13,15.0,19.8
2,2021-05-22,17.55,32848.48,50776.23,11.4,12.2
2,2021-05-23,27.68,47326.86,50851.11,12.8,14.8
2,2021-05-24,11.07,15513.54,50923.66,13.3,16.2
2,2021-05-25,26.50,50014.15,50993.79,9.5,13.3
2,2021-05-26,14.33,14313.42,51061.38,8.4,11.7
2,2021-05-27,6.48,11122.84,51126.33,14.1,18.0
2,2021-05-28,19.29,29016.23,51188.63,13.4,15.5
2,2021-05-29,25.25,50166.06,51248.81,10.6,13.2
2,2021-05-30,29.56,50202.77,51306.94,9.2,11.4
2,2021-05-31,27.18,50239.10,51362.93,12.0,16.1
2,2021-06-01,22.06,35361.68,51416.74,13.2,16.2
2,2021-06-02,16.89,23318.83,51468.31,14.2,15.2
2,2021-06-03,15.62,18000.00,51517.60,16.1,19.6
2,2021-06-04,6.33,7331.40,51564.53,17.0,21.9
2,2021-06-05,11.85,9797.39,51609.05,14.0,15.8
2,2021-06-06,12.23,13516.83,51651.12,14.6,17.8
2,2021-06-07,23.97,43796.78,51690.67,15.7,19.1
2,2021-06-08,27.46,50135.33,51727.65,13.6,16.6
2,2021-06-09,29.68,50400.00,51762.00,11.9,14.5
2,2021-06-10,29.44,47899.03,51793.68,13.3,15.7
2,2021-06-11,22.02,34553.54,51822.63,15.4,17.6
2,2021-06-12,17.91,28621.63,51848.79,15.6,17.8
2,2021-06-13,13.79,17389.79,51872.12,16.6,18.0
2,2021-06-14,21.21,42990.42,51892.57,17.7,20.1
2,2021-06-15,13.87,17219.07,51910.08,18.2,20.5
2,2021-06-16,5.13,3600.00,51924.61,16.3,18.2
2,2021-06-17,20.25,40856.93,51936.13,15.1,16.9
2,2021-06-18,11.95,15081.89,51944.72,16.6,17.8
2,2021-06-19,7.41,10800.00,51950.41,17.4,19.9
2,2021-06-20,24.86,45757.90,51953.23,11.7,15.7
2,2021-06-21,25.31,50103.54,51953.18,15.2,18.5
2,2021-06-22,14.06,27455.83,51950.30,16.2,17.8
2,2021-06-23,21.32,48615.14,51944.60,16.1,18.9
2,2021-06-24,20.03,35783.31,51936.12,16.6,19.6
2,2021-06-25,20.25,39984.69,51924.86,17.0,19.0
2,2021-06-26,10.78,5298.02,51910.87,16.1,17.5
2,2021-06-27,10.16,10800.00,51894.16,16.4,17.7
2,2021-06-28,13.65,23775.11,51874.77,17.7,19.4
2,2021-06-29,18.87,44393.21,51852.72,18.3,19.4
2,2021-06-30,15.39,26960.29,51828.05,19.4,21.0
2,2021-07-01,5.43,2868.23,51800.78,20.0,22.2
2,2021-07-02,8.72,2265.94,51770.95,21.7,22.7
2,2021-07-03,16.91,35224.49,51738.58,22.2,24.3
2,2021-07-04,14.91,31871.54,51703.72,21.6,22.5
2,2021-07-05,19.60,29995.92,51666.40,20.6,21.5
2,2021-07-06,14.19,18651.17,51626.64,21.0,22.1
2,2021-07-07,13.83,22869.14,51584.41,21.2,22.3
2,2021-07-08,8.71,12718.43,51539.31,22.3,24.1
2,2021-07-09,14.04,17443.20,51491.35,22.2,22.9
2,2021-07-10,18.33,28971.46,51440.61,20.8,21.8
2,2021-07-11,23.01,47584.33,51387.19,19.7,22.3
2,2021-07-12,18.83,36706.49,51331.19,20.2,21.8
2,2021-07-13,21.04,43229.95,51272.69,19.2,20.9
2,2021-07-14,17.50,39035.08,51211.78,19.6,21.2
2,2021-07-15,18.40,42076.10,51148.55,20.2,22.1
2,2021-07-16,13.99,14974.69,51083.10,20.5,21.6
2,2021-07-17,21.34,43200.00,51015.51,20.4,22.0
2,2021-07-18,18.21,32087.73,50945.88,21.5,23.8
2,2021-07-19,28.08,50205.95,50874.29,19.6,21.6
2,2021-07-20,28.10,50165.71,50800.82,18.1,20.4
2,2021-07-21,28.81,50125.19,50725.58,17.4,19.3
2,2021-07-22,26.35,50084.48,50648.63,18.5,20.0
2,2021-07-23,24.76,50026.13,50570.07,19.3,21.1
2,2021-07-24,25.77,49947.25,50489.98,19.3,21.0
2,2021-07-25,25.80,49866.96,50408.45,17.0,19.2
2,2021-07-26,20.46,42634.85,50325.55,19.6,20.7
2,2021-07-27,25.85,41922.16,50241.24,18.7,20.3
2,2021-07-28,23.01,48914.14,50154.79,18.1,20.5
2,2021-07-29,22.82,49529.37,50066.20,20.0,21.9
2,2021-07-30,22.42,49439.89,49975.59,20.1,22.4
2,2021-07-31,24.21,49109.70,49883.05,20.4,22.2
2,2021-08-01,19.99,39143.65,49788.70,21.4,24.9
2,2021-08-02,19.81,35540.25,49692.65,20.8,23.4
2,2021-08-03,11.69,22679.88,49595.01,22.1,23.7
2,2021-08-04,24.40,48966.19,49495.88,20.6,23.0
2,2021-08-05,26.24,37898.64,49395.37,18.5,22.6
2,2021-08-06,13.49,25466.05,49293.58,22.3,23.1
2,2021-08-07,17.16,46613.64,49190.60,21.7,23.1
2,2021-08-08,24.56,43884.05,49086.55,22.2,23.3
2,2021-08-09,16.20,46954.86,48981.51,21.0,23.3
2,2021-08-10,24.70,42275.17,48875.57,18.7,19.6
2,2021-08-11,14.26,18000.00,48768.84,20.4,21.6
2,2021-08-12,3.20,0.00,48661.40,21.6,22.3
2,2021-08-13,3.15,0.00,48553.35,21.7,22.6
2,2021-08-14,4.25,0.00,48444.77,22.7,23.2
2,2021-08-15,10.34,14732.62,48335.75,20.3,22.3
2,2021-08-16,7.69,1481.55,48226.23,20.8,21.5
2,2021-08-17,8.37,7794.60,48115.38,21.4,22.3
2,2021-08-18,15.52,35273.11,48003.18,21.1,23.5
2,2021-08-19,5.86,1892.00,47889.72,20.3,22.9
2,2021-08-20,14.21,28910.62,47775.09,21.0,23.2
2,2021-08-21,11.93,18616.33,47659.40,21.1,23.2
2,2021-08-22,14.59,25551.11,47542.73,21.2,22.5
2,2021-08-23,15.57,22007.14,47425.18,20.9,21.9
2,2021-08-24,15.66,22389.97,47306.83,20.9,22.4
2,2021-08-25,18.14,43267.89,47187.79,21.7,22.6
2,2021-08-26,20.67,37427.08,47068.14,21.2,22.2
2,2021-08-27,25.13,43551.53,46947.95,17.0,22.0
2,2021-08-28,25.34,43608.83,46827.32,19.6,21.6
2,2021-08-29,24.29,43488.37,46706.33,20.5,22.0
2,2021-08-30,21.56,43200.00,46585.06,20.1,21.8
2,2021-08-31,22.10,43200.00,46463.60,20.0,22.5
2,2021-09-01,13.58,24235.24,46342.02,21.2,22.1
2,2021-09-02,7.02,3115.30,46220.39,20.5,22.0
2,2021-09-03,8.72,4933.11,46098.81,21.0,22.9
2,2021-09-04,16.59,42043.95,45977.35,20.1,22.2
2,2021-09-05,9.88,15711.25,45855.92,18.7,20.0
2,2021-09-06,19.98,37946.67,45733.71,16.5,18.0
2,2021-09-07,8.99,8290.08,45610.66,18.8,20.0
2,2021-09-08,6.15,3600.00,45486.85,19.5,20.5
2,2021-09-09,19.21,43200.00,45362.36,18.5,20.3
2,2021-09-10,20.37,39476.71,45237.28,18.8,22.0
2,2021-09-11,16.65,28800.00,45111.67,19.6,21.0
2,2021-09-12,3.61,0.00,44985.65,19.5,20.9
2,2021-09-13,10.39,3869.37,44859.26,17.9,19.7
2,2021-09-14,2.76,0.00,44732.60,18.5,19.3
2,2021-09-15,8.40,11450.92,44605.74,18.5,20.5
2,2021-09-16,10.58,24107.12,44478.77,18.4,20.1
2,2021-09-17,5.90,5193.18,44351.75,20.3,22.5
2,2021-09-18,16.01,38889.95,44224.76,19.2,21.8
2,2021-09-19,16.20,38384.08,44097.89,17.9,19.8
2,2021-09-20,18.53,41948.96,43971.21,16.2,19.3
2,2021-09-21,8.77,12831.88,43844.78,19.9,21.4
2,2021-09-22,13.50,37419.03,43718.69,18.6,21.5
2,2021-09-23,22.10,42469.98,43593.01,14.7,16.9
2,2021-09-24,21.51,39874.21,43467.82,14.9,17.5
2,2021-09-25,16.35,32400.00,43343.05,17.6,18.6
2,2021-09-26,5.28,7545.29,43217.81,16.8,19.0
2,2021-09-27,16.39,33312.28,43092.05,16.2,17.2
2,2021-09-28,12.91,37302.70,42965.84,16.7,17.4
2,2021-09-29,13.48,33006.63,42839.28,18.0,19.0
2,2021-09-30,6.92,7519.79,42712.43,17.9,20.5
2,2021-10-01,8.55,17485.05,42585.40,15.9,17.5
2,2021-10-02,21.33,41605.64,42458.25,11.6,13.9
2,2021-10-03,20.75,38251.45,42331.08,13.5,18.2
2,2021-10-04,18.59,40296.36,42203.98,16.3,18.3
2,2021-10-05,20.25,40618.38,42077.01,13.5,17.5
2,2021-10-06,18.78,33682.22,41950.28,16.0,18.5
2,2021-10-07,11.72,36480.18,41823.87,17.7,19.0
2,2021-10-08,16.19,39874.17,41697.86,16.3,18.0
2,2021-10-09,13.85,32465.36,41572.34,17.2,18.3
2,2021-10-10,12.57,39476.32,41447.40,17.8,18.5
2,2021-10-11,13.41,36125.82,41323.13,19.3,20.3
2,2021-10-12,15.23,36866.86,41199.63,18.0,19.8
2,2021-10-13,13.38,35909.16,41076.98,17.2,18.9
2,2021-10-14,14.79,35686.00,40955.27,15.3,17.3
2,2021-10-15,17.33,39237.43,40834.44,16.2,17.5
2,2021-10-16,12.29,32400.00,40713.52,16.0,18.8
2,2021-10-17,10.14,28338.97,40592.44,6.5,11.8
2,2021-10-18,8.57,16292.02,40471.30,9.1,12.4
2,2021-10-19,7.72,18387.88,40350.19,10.2,13.5
2,2021-10-20,14.59,35443.91,40229.22,4.4,5.8
2,2021-10-21,9.34,16174.61,40108.48,5.8,8.5
2,2021-10-22,6.58,17938.98,39988.07,7.3,10.0
2,2021-10-23,15.72,38833.65,39868.10,3.4,4.8
2,2021-10-24,14.59,27337.66,39748.68,9.6,11.9
2,2021-10-25,2.25,6328.93,39629.91,10.2,11.7
2,2021-10-26,15.02,37864.35,39511.89,9.8,11.0
2,2021-10-27,14.46,33221.90,39394.75,7.7,10.2
2,2021-10-28,16.48,38569.55,39278.58,6.7,9.4
2,2021-10-29,16.77,37963.82,39163.51,5.8,10.1
2,2021-10-30,9.26,24199.94,39049.65,9.9,10.9
2,2021-10-31,9.19,23099.25,38937.12,9.9,12.4
2,2021-11-01,14.02,29514.49,38826.04,9.0,11.0
2,2021-11-02,14.85,37699.72,38716.52,7.7,9.9
2,2021-11-03,14.93,37974.29,38608.70,6.4,8.5
2,2021-11-04,14.25,37978.47,38502.52,5.2,7.4
2,2021-11-05,14.28,37641.51,38396.96,5.7,6.9
2,2021-11-06,12.27,26172.88,38291.95,9.1,10.8
2,2021-11-07,8.18,14400.00,38187.61,11.9,12.7
2,2021-11-08,7.43,15644.58,38084.04,13.2,14.8
2,2021-11-09,8.52,25196.33,37981.36,7.7,13.6
2,2021-11-10,12.69,36373.84,37879.68,3.6,5.3
2,2021-11-11,10.77,34677.35,37779.15,4.5,6.0
2,2021-11-12,12.64,33040.69,37679.85,2.6,4.4
2,2021-11-13,13.24,31768.70,37581.93,3.3,5.3
2,2021-11-14,11.34,32433.83,37485.51,4.9,6.0
2,2021-11-15,14.26,35290.58,37390.70,5.2,6.7
2,2021-11-16,13.38,30071.17,37297.66,5.4,7.4
2,2021-11-17,13.53,31618.94,37206.50,4.6,7.4
2,2021-11-18,9.62,32334.11,37117.36,6.4,8.9
2,2021-11-19,10.07,33714.65,37030.37,6.1,8.7
2,2021-11-20,13.17,35124.68,36945.67,4.8,7.7
2,2021-11-21,8.51,21600.00,36863.40,10.6,12.9
2,2021-11-22,1.98,3600.00,36783.70,7.9,14.8
2,2021-11-23,11.31,32633.39,36706.72,0.2,1.7
2,2021-11-24,10.91,32400.00,36632.42,1.5,4.7
2,2021-11-25,9.57,34093.69,36559.98,4.5,6.5
2,2021-11-26,12.21,34423.91,36489.31,1.8,4.5
2,2021-11-27,10.68,34252.40,36420.52,-0.0,0.8
2,2021-11-28,13.26,34960.02,36353.69,-1.4,2.4
2,2021-11-29,12.15,30676.95,36288.91,3.3,7.1
2,2021-11-30,9.00,28800.00,36226.28,9.0,13.3
2,2021-12-01,10.76,34613.57,36165.88,-2.4,3.8
2,2021-12-02,12.59,34924.72,36107.83,0.4,2.0
2,2021-12-03,12.51,34920.55,36052.18,1.0,2.8
2,2021-12-04,9.93,28808.82,35999.07,-0.7,1.6
2,2021-12-05,11.87,31317.63,35948.56,4.1,8.7
2,2021-12-06,6.59,19020.25,35900.76,9.4,10.9
2,2021-12-07,2.21,1395.19,35855.77,7.2,9.9
2,2021-12-08,7.26,21068.41,35813.67,3.4,6.3
2,2021-12-09,11.81,31332.94,35774.56,4.0,6.4
2,2021-12-10,7.25,24047.99,35738.52,4.7,8.3
2,2021-12-11,11.56,34267.10,35705.67,5.0,6.9
2,2021-12-12,10.70,30732.67,35676.08,5.2,7.7
2,2021-12-13,9.43,32400.00,35649.85,-0.9,1.5
2,2021-12-14,12.24,33040.84,35627.00,-0.6,2.8
2,2021-12-15,11.37,33128.27,35607.24,0.7,2.8
2,2021-12-16,10.60,26277.51,35590.51,6.3,9.3
2,2021-12-17,7.33,15226.70,35576.81,-1.8,8.3
2,2021-12-18,9.06,31139.10,35566.12,-4.5,-2.4
2,2021-12-19,9.20,27959.68,35558.47,-2.4,-0.8
2,2021-12-20,9.46,34985.33,35553.82,-1.0,2.1
2,2021-12-21,9.89,31553.54,35552.20,2.8,4.5
2,2021-12-22,8.00,26415.46,35553.58,0.6,4.4
2,2021-12-23,12.01,34990.61,35557.95,-0.6,2.2
2,2021-12-24,5.57,17215.16,35565.31,5.5,7.4
2,2021-12-25,10.53,25367.48,35575.66,-1.9,3.2
2,2021-12-26,7.16,18430.64,35588.97,-6.5,-5.7
2,2021-12-27,7.83,22634.82,35605.24,-4.4,-2.1
2,2021-12-28,8.54,23111.55,35624.43,-3.5,-0.9
2,2021-12-29,7.96,21045.30,35646.56,0.8,3.1
2,2021-12-30,9.77,31884.14,35671.59,-3.4,0.1
2,2021-12-31,8.47,26895.30,35699.51,-4.8,-3.9
2,2022-01-01,9.45,32035.67,35730.30,-7.0,-3.3
2,2022-01-02,11.62,35207.17,35763.95,-2.5,-0.7
2,2022-01-03,12.09,35245.01,35800.49,-2.5,-0.9
2,2022-01-04,9.63,29409.96,35840.36,-2.1,-0.6
2,2022-01-05,10.53,27569.53,35883.53,-4.2,-1.5
2,2022-01-06,2.64,6297.34,35929.88,-2.3,0.2
2,2022-01-07,10.11,35428.78,35979.32,-4.8,-3.4
2,2022-01-08,13.22,35482.59,36031.73,-5.4,-2.0
2,2022-01-09,12.75,35539.32,36087.01,-1.3,0.4
2,2022-01-10,13.09,32400.00,36145.04,-1.4,3.8
2,2022-01-11,3.06,8540.77,36205.74,-1.1,6.4
2,2022-01-12,8.57,18751.44,36268.97,-4.5,-3.4
2,2022-01-13,11.79,30005.59,36334.65,-6.2,-4.4
2,2022-01-14,9.08,20804.28,36402.65,-4.6,-3.3
2,2022-01-15,11.01,33290.32,36472.90,-8.8,-3.3
2,2022-01-16,13.23,35487.20,36545.26,-0.6,1.6
2,2022-01-17,11.46,30565.68,36619.65,-4.1,-2.7
2,2022-01-18,9.14,24776.77,36695.96,-5.5,-4.5
2,2022-01-19,11.79,31582.41,36774.09,-5.2,-3.5
2,2022-01-20,9.55,18722.18,36853.93,-5.1,-2.5
2,2022-01-21,9.12,27882.50,36935.40,-6.9,-5.2
2,2022-01-22,14.29,34427.90,37018.39,-7.0,-1.7
2,2022-01-23,3.71,1709.74,37102.98,2.5,5.8
2,2022-01-24,10.51,29895.62,37190.06,-4.9,-0.1
2,2022-01-25,9.39,22310.60,37279.67,0.4,3.1
2,2022-01-26,12.40,32400.00,37371.66,-0.8,0.9
2,2022-01-27,10.72,31542.37,37465.89,-1.9,-0.2
2,2022-01-28,12.92,32438.75,37562.21,-2.6,-1.0
2,2022-01-29,11.10,32047.98,37660.50,-3.3,-1.3
2,2022-01-30,5.59,7487.67,37760.60,-2.5,-1.0
2,2022-01-31,13.12,36000.00,37862.39,-5.3,-3.5
2,2022-02-01,14.77,32400.00,37965.74,-4.7,0.4
2,2022-02-02,11.94,30298.39,38070.52,-4.6,-2.8
2,2022-02-03,11.17,31308.69,38176.59,-4.3,-2.9
2,2022-02-04,14.39,33123.06,38283.84,-5.4,-3.0
2,2022-02-05,13.21,28277.00,38392.13,-7.3,-5.8
2,2022-02-06,11.09,29665.21,38501.35,-6.0,-4.6
2,2022-02-07,13.90,33044.35,38611.39,-5.1,-3.3
2,2022-02-08,5.22,3776.91,38722.11,-1.6,0.4
2,2022-02-09,16.06,29744.25,38833.42,-0.4,2.6
2,2022-02-10,5.17,7200.00,38945.18,-1.0,-0.1
2,2022-02-11,15.77,37392.35,39057.31,-5.4,-1.6
2,2022-02-12,15.12,32602.47,39169.86,-5.9,-1.8
2,2022-02-13,3.56,2577.00,39283.88,0.5,2.4
2,2022-02-14,10.38,25032.75,39399.44,0.7,2.2
2,2022-02-15,14.28,34392.13,39516.41,-1.7,1.8
2,2022-02-16,15.97,36070.94,39634.68,-7.4,-5.3
2,2022-02-17,16.80,32400.00,39754.13,-7.9,-4.6
2,2022-02-18,15.53,32549.32,39874.64,-5.3,-0.0
2,2022-02-19,5.60,1308.77,39996.10,1.7,3.1
2,2022-02-20,14.95,29399.28,40118.40,-5.7,-0.3
2,2022-02-21,11.46,21243.77,40241.42,-6.7,-5.2
2,2022-02-22,15.24,26457.17,40365.07,-6.6,-4.8
2,2022-02-23,14.46,33276.22,40489.23,-5.1,-2.8
2,2022-02-24,15.37,26984.93,40613.81,-7.2,-4.9
2,2022-02-25,19.83,39278.72,40738.68,-5.6,-4.2
2,2022-02-26,20.22,39576.15,40863.77,-3.2,1.5
2,2022-02-27,18.89,39872.37,40988.96,-4.0,0.4
2,2022-02-28,20.33,39603.17,41114.15,-4.6,1.8
2,2022-03-01,8.26,14577.38,41239.26,4.6,7.8
2,2022-03-02,15.01,40473.07,41364.16,0.8,3.8
2,2022-03-03,19.79,41025.49,41488.79,-2.3,-0.2
2,2022-03-04,16.99,32690.78,41613.20,-1.8,1.3
2,2022-03-05,19.07,41277.05,41738.38,-2.1,2.1
2,2022-03-06,14.25,36811.08,41864.41,-4.4,-3.3
2,2022-03-07,15.13,33152.69,41991.19,-5.0,-2.9
2,2022-03-08,20.94,41659.98,42118.65,-5.6,-1.6
2,2022-03-09,19.56,38536.11,42246.68,-3.9,-0.0
2,2022-03-10,20.31,41917.90,42375.19,-3.0,5.4
2,2022-03-11,14.45,28412.86,42504.11,4.2,7.5
2,2022-03-12,15.95,35822.89,42633.34,5.7,9.1
2,2022-03-13,14.68,27538.22,42762.79,10.0,11.9
2,2022-03-14,15.31,35918.70,42892.38,11.1,12.8
2,2022-03-15,21.24,40648.54,43022.01,2.5,11.3
2,2022-03-16,22.18,42682.98,43151.62,2.3,6.5
2,2022-03-17,19.61,33568.58,43281.11,4.1,8.8
2,2022-03-18,2.37,0.00,43410.39,7.6,10.1
2,2022-03-19,13.42,25912.71,43539.38,2.7,4.9
2,2022-03-20,17.98,35114.70,43667.99,-0.2,1.6
2,2022-03-21,18.15,33538.26,43796.13,2.0,3.9
2,2022-03-22,4.44,4595.47,43923.72,-2.9,4.7
2,2022-03-23,8.89,3594.43,44050.67,1.5,2.5
2,2022-03-24,23.39,43200.00,44177.06,-0.6,2.2
2,2022-03-25,21.67,33293.14,44303.78,5.9,9.9
2,2022-03-26,4.32,0.00,44430.94,11.5,14.9
2,2022-03-27,18.66,31266.76,44558.41,3.8,7.3
2,2022-03-28,17.34,27844.88,44686.15,1.3,5.2
2,2022-03-29,8.46,5656.58,44814.07,6.4,9.9
2,2022-03-30,18.94,35111.80,44942.09,8.6,11.5
2,2022-03-31,12.27,21600.00,45070.12,6.4,12.6
2,2022-04-01,21.69,32608.62,45198.09,-5.0,-3.3
2,2022-04-02,16.97,23013.20,45325.92,2.8,5.2
2,2022-04-03,5.92,7200.00,45453.51,6.0,7.0
2,2022-04-04,20.39,43200.00,45580.78,2.3,7.0
2,2022-04-05,24.85,38381.56,45707.66,1.5,6.9
2,2022-04-06,24.36,41239.68,45834.05,0.1,2.5
2,2022-04-07,22.78,43200.00,45959.88,5.8,8.6
2,2022-04-08,25.24,43200.00,46085.04,4.8,7.9
2,2022-04-09,25.44,43200.00,46209.45,4.5,8.9
2,2022-04-10,24.48,38832.00,46333.01,7.5,10.7
2,2022-04-11,21.84,31313.97,46455.65,8.5,13.5
2,2022-04-12,16.78,37868.57,46577.26,13.1,15.2
2,2022-04-13,20.94,39600.00,46697.89,13.0,14.9
2,2022-04-14,16.57,28453.04,46818.43,14.6,16.5
2,2022-04-15,6.88,993.28,46938.94,10.3,15.2
2,2022-04-16,21.25,39600.00,47059.33,1.4,5.4
2,2022-04-17,16.64,31837.46,47179.54,9.4,11.4
2,2022-04-18,12.88,20892.71,47299.46,7.3,12.7
2,2022-04-19,23.20,43818.51,47419.02,1.9,5.5
2,2022-04-20,20.31,36000.00,47538.12,7.1,10.2
2,2022-04-21,6.66,1000.95,47656.69,11.9,13.3
2,2022-04-22,24.10,36000.00,47774.61,8.6,11.5
2,2022-04-23,15.57,24307.33,47891.81,11.6,13.0
2,2022-04-24,2.85,1839.48,48008.20,13.8,15.2
2,2022-04-25,22.83,36000.00,48123.67,14.5,17.3
2,2022-04-26,9.98,7055.38,48238.12,18.0,19.9
2,2022-04-27,12.19,13181.87,48351.46,15.1,17.6
2,2022-04-28,15.55,20958.32,48463.58,14.2,16.4
2,2022-04-29,5.18,311.82,48574.39,9.4,17.2
2,2022-04-30,23.93,32400.00,48683.77,9.1,11.5
2,2022-05-01,10.11,20435.24,48791.62,5.8,12.2
2,2022-05-02,26.68,43787.33,48897.82,2.1,5.9
2,2022-05-03,29.01,47204.15,49002.43,-0.4,5.2
2,2022-05-04,27.21,44829.34,49106.23,6.6,12.0
2,2022-05-05,24.89,36181.67,49209.30,8.9,11.4
2,2022-05-06,17.25,33750.39,49311.55,10.4,13.2
2,2022-05-07,20.89,47346.50,49412.89,11.9,15.2
2,2022-05-08,27.93,47034.46,49513.23,6.3,11.7
2,2022-05-09,11.11,17417.12,49612.46,11.5,14.6
2,2022-05-10,13.88,18780.05,49710.51,12.0,12.9
2,2022-05-11,10.35,5689.10,49807.26,14.2,15.0
2,2022-05-12,5.02,0.00,49902.64,15.5,17.5
2,2022-05-13,6.43,265.91,49996.53,17.9,19.1
2,2022-05-14,16.24,32965.83,50088.83,8.6,16.5
2,2022-05-15,15.39,16496.12,50179.44,7.3,10.9
2,2022-05-16,7.55,0.00,50268.26,10.6,11.7
2,2022-05-17,11.03,8933.23,50355.19,8.4,11.8
2,2022-05-18,28.49,48630.83,50440.11,6.7,10.9
2,2022-05-19,24.52,33950.51,50522.92,7.1,12.4
2,2022-05-20,15.09,14422.84,50603.49,9.1,13.4
2,2022-05-21,11.10,13390.97,50681.74,11.1,12.0
2,2022-05-22,28.52,49879.50,50757.54,11.2,12.9
2,2022-05-23,27.06,45551.84,50830.90,10.1,14.6
2,2022-05-24,20.64,41648.64,50902.43,13.6,15.5
2,2022-05-25,24.78,38480.51,50972.19,13.9,15.1
2,2022-05-26,13.83,19749.11,51040.10,16.3,17.3
2,2022-05-27,26.22,50080.15,51106.09,11.3,15.5
2,2022-05-28,28.17,49691.96,51170.10,10.9,13.2
2,2022-05-29,29.12,50158.29,51232.05,10.7,14.1
2,2022-05-30,15.59,17984.54,51291.87,14.1,17.0
2,2022-05-31,20.01,35569.52,51349.49,10.6,17.0
2,2022-06-01,19.09,26996.47,51404.85,8.8,12.2
2,2022-06-02,26.93,50307.40,51457.86,12.9,16.7
2,2022-06-03,28.16,50342.70,51508.46,11.8,14.6
2,2022-06-04,27.85,46488.11,51556.58,12.5,15.8
2,2022-06-05,13.11,12792.50,51602.14,14.8,15.8
2,2022-06-06,8.97,5683.72,51645.08,14.7,17.0
2,2022-06-07,19.32,36778.63,51685.32,11.3,13.0
2,2022-06-08,22.18,46048.78,51722.79,12.1,14.4
2,2022-06-09,20.62,44021.73,51757.42,14.7,16.3
2,2022-06-10,18.73,28977.05,51789.15,15.8,17.0
2,2022-06-11,7.63,8296.23,51817.91,14.5,16.2
2,2022-06-12,28.38,44015.27,51843.67,11.2,13.8
2,2022-06-13,17.46,21807.24,51866.64,14.3,15.6
2,2022-06-14,4.13,0.00,51886.86,14.4,15.8
2,2022-06-15,11.80,10625.83,51904.33,16.7,17.9
2,2022-06-16,14.94,15800.24,51919.04,16.9,17.9
2,2022-06-17,19.77,32474.84,51930.99,16.5,19.7
2,2022-06-18,7.73,19391.76,51940.19,18.1,19.6
2,2022-06-19,19.05,30125.86,51946.64,18.3,20.0
2,2022-06-20,17.67,31052.29,51950.33,18.3,19.9
2,2022-06-21,6.04,7143.01,51951.28,20.2,21.0
2,2022-06-22,16.78,37424.27,51949.47,19.8,21.0
2,2022-06-23,24.64,43728.56,51944.93,20.6,21.6
2,2022-06-24,24.25,35442.56,51937.66,20.9,22.3
2,2022-06-25,19.02,29075.51,51927.67,19.7,21.9
2,2022-06-26,21.83,45027.91,51914.96,19.9,21.1
2,2022-06-27,23.46,47676.85,51899.55,20.4,22.2
2,2022-06-28,28.86,50400.00,51881.44,18.9,19.8
2,2022-06-29,29.27,50400.00,51860.65,18.3,21.1
2,2022-06-30,27.94,50400.00,51837.20,18.9,22.0
2,2022-07-01,26.54,46997.73,51811.10,19.5,22.4
2,2022-07-02,25.06,36925.62,51782.30,20.3,22.1
2,2022-07-03,8.18,5360.27,51750.53,21.5,22.1
2,2022-07-04,5.28,0.00,51715.80,21.2,22.4
2,2022-07-05,8.41,5594.48,51678.18,21.9,22.8
2,2022-07-06,21.28,49131.23,51637.75,20.5,22.0
2,2022-07-07,23.61,46882.93,51594.60,20.3,21.5
2,2022-07-08,20.64,38449.27,51548.80,19.6,21.1
2,2022-07-09,17.39,31721.02,51500.41,20.9,22.3
2,2022-07-10,16.28,28099.52,51449.53,21.5,22.2
2,2022-07-11,16.50,28431.21,51396.23,21.8,22.6
2,2022-07-12,17.19,37329.66,51340.60,21.1,23.1
2,2022-07-13,23.36,32400.00,51282.70,18.9,20.7
2,2022-07-14,11.75,13309.12,51222.62,20.9,22.0
2,2022-07-15,16.03,20195.69,51160.43,19.4,22.3
2,2022-07-16,8.97,10265.97,51096.20,20.6,21.5
2,2022-07-17,24.55,46657.68,51030.03,18.6,20.0
2,2022-07-18,21.94,28800.00,50961.99,20.2,23.2
2,2022-07-19,6.18,7200.00,50892.14,22.2,24.0
2,2022-07-20,26.06,50173.33,50820.56,18.1,20.1
2,2022-07-21,23.26,40485.50,50747.33,20.9,23.1
2,2022-07-22,25.30,49531.48,50672.40,19.1,20.7
2,2022-07-23,26.00,50051.19,50595.12,17.8,18.7
2,2022-07-24,23.59,48118.37,50515.48,19.3,21.7
2,2022-07-25,25.73,48709.52,50433.58,20.8,23.2
2,2022-07-26,22.67,40994.52,50349.55,22.4,23.7
2,2022-07-27,18.23,41138.94,50263.49,22.0,23.5
2,2022-07-28,21.09,40303.76,50175.50,22.0,23.3
2,2022-07-29,23.66,42139.43,50085.71,21.7,22.4
2,2022-07-30,19.67,43263.28,49994.21,21.9,23.3
2,2022-07-31,21.47,44414.58,49901.11,20.6,22.6
2,2022-08-01,24.35,49272.74,49806.50,19.6,22.0
2,2022-08-02,25.70,48443.00,49710.51,20.3,23.6
2,2022-08-03,26.55,47889.05,49613.21,21.5,22.1
2,2022-08-04,21.51,41303.21,49514.71,21.6,22.4
2,2022-08-05,21.25,47666.74,49415.11,20.6,21.8
2,2022-08-06,16.11,26932.19,49314.51,21.8,23.0
2,2022-08-07,18.67,40158.10,49212.98,21.9,22.7
2,2022-08-08,21.16,43939.46,49110.63,22.4,23.0
2,2022-08-09,21.37,44912.73,49007.54,22.0,22.4
2,2022-08-10,20.73,42363.18,48903.81,22.5,23.5
2,2022-08-11,19.62,32268.72,48799.37,22.3,23.3
2,2022-08-12,18.00,32443.28,48693.42,22.4,23.3
2,2022-08-13,17.51,39252.31,48585.92,22.7,23.4
2,2022-08-14,19.23,36175.45,48476.98,22.1,23.0
2,2022-08-15,22.00,37196.42,48366.71,22.4,23.5
2,2022-08-16,17.06,33726.27,48255.19,22.9,23.5
2,2022-08-17,17.94,32192.11,48142.54,22.1,23.3
2,2022-08-18,18.98,39770.46,48028.84,19.4,22.7
2,2022-08-19,23.20,43351.80,47914.20,18.0,21.9
2,2022-08-20,16.32,28909.57,47798.71,22.0,23.1
2,2022-08-21,16.98,39285.32,47682.45,21.8,23.5
2,2022-08-22,18.13,33517.41,47565.52,22.9,23.7
2,2022-08-23,20.16,40051.54,47448.01,22.3,23.8
2,2022-08-24,18.09,37419.91,47330.01,22.3,23.6
2,2022-08-25,18.26,32896.38,47211.60,21.5,23.1
2,2022-08-26,16.47,30790.96,47092.86,21.4,22.7
2,2022-08-27,15.99,33254.41,46973.89,20.7,21.8
2,2022-08-28,19.72,39586.02,46854.76,17.3,19.3
2,2022-08-29,13.01,18471.18,46735.54,20.0,21.9
2,2022-08-30,6.99,2669.53,46616.33,22.8,23.5
2,2022-08-31,19.05,37388.44,46497.04,22.6,23.3
2,2022-09-01,15.80,36937.46,46376.87,21.9,23.9
2,2022-09-02,18.26,38872.36,46255.74,21.1,22.7
2,2022-09-03,18.82,41445.83,46133.75,20.3,21.9
2,2022-09-04,20.52,43200.00,46010.98,21.0,21.7
2,2022-09-05,18.45,35433.28,45887.52,21.4,21.9
2,2022-09-06,14.20,28898.12,45763.45,22.4,23.6
2,2022-09-07,14.98,32298.26,45638.84,21.6,25.0
2,2022-09-08,9.39,9118.68,45513.79,21.6,22.8
2,2022-09-09,10.03,14593.37,45388.37,21.0,21.7
2,2022-09-10,15.65,38319.84,45262.67,19.8,22.0
2,2022-09-11,21.13,43200.00,45136.75,19.3,20.8
2,2022-09-12,22.20,39414.59,45010.69,20.1,21.3
2,2022-09-13,17.85,40237.81,44884.58,20.4,21.4
2,2022-09-14,21.44,41364.44,44758.49,20.4,21.4
2,2022-09-15,15.93,32400.00,44632.49,19.6,21.8
2,2022-09-16,17.80,34274.24,44506.67,19.4,21.7
2,2022-09-17,5.26,0.00,44381.08,22.1,22.6
2,2022-09-18,7.23,5371.92,44255.81,21.9,22.7
2,2022-09-19,4.31,0.00,44130.94,21.0,23.0
2,2022-09-20,13.29,25064.75,44006.37,12.5,15.2
2,2022-09-21,19.42,29790.22,43881.28,14.4,17.2
2,2022-09-22,9.83,12560.94,43755.58,18.7,20.6
2,2022-09-23,3.91,7200.00,43629.36,19.8,21.6
2,2022-09-24,20.96,42414.09,43502.70,12.8,18.6
2,2022-09-25,20.82,42127.55,43375.69,17.8,19.4
2,2022-09-26,17.72,37458.49,43248.39,19.4,20.7
2,2022-09-27,12.74,22014.15,43120.90,18.7,20.5
2,2022-09-28,11.89,28318.22,42993.30,17.7,19.7
2,2022-09-29,12.36,25874.29,42865.67,17.0,18.3
2,2022-09-30,20.29,40953.58,42738.09,15.7,17.4
2,2022-10-01,18.95,41275.65,42610.64,13.7,15.5
2,2022-10-02,19.78,40386.20,42483.40,14.8,17.0
2,2022-10-03,15.77,36424.14,42356.46,16.9,18.1
2,2022-10-04,12.97,30149.66,42229.89,18.9,20.3
2,2022-10-05,13.28,25200.00,42103.78,11.6,17.8
2,2022-10-06,6.50,7620.19,41978.23,12.9,15.5
2,2022-10-07,2.91,4859.60,41853.30,13.7,16.9
2,2022-10-08,12.61,23998.39,41729.09,11.1,14.4
2,2022-10-09,4.09,2898.23,41605.68,16.2,19.7
2,2022-10-10,12.87,31416.47,41483.00,12.4,19.0
2,2022-10-11,18.43,39572.69,41360.12,8.5,10.0
2,2022-10-12,10.88,17210.21,41236.95,12.4,14.3
2,2022-10-13,8.05,15828.84,41113.60,12.5,14.6
2,2022-10-14,16.75,35392.25,40990.14,13.5,15.6
2,2022-10-15,12.78,32595.78,40866.69,15.9,17.7
2,2022-10-16,9.99,20369.58,40743.34,16.9,18.0
2,2022-10-17,4.05,6033.12,40620.18,15.0,18.6
2,2022-10-18,15.02,39099.51,40497.31,6.8,10.6
2,2022-10-19,18.40,39049.38,40374.83,4.2,7.1
2,2022-10-20,18.37,38998.91,40252.83,5.6,9.9
2,2022-10-21,17.02,32522.97,40131.43,11.2,13.2
2,2022-10-22,12.29,27878.43,40010.72,12.2,14.5
2,2022-10-23,16.24,38845.49,39890.81,9.0,13.7
2,2022-10-24,16.52,37502.02,39771.80,5.7,6.7
2,2022-10-25,15.68,38741.64,39653.81,4.0,7.0
2,2022-10-26,17.19,33092.41,39536.94,3.5,6.6
2,2022-10-27,11.93,31797.91,39421.31,6.1,8.3
2,2022-10-28,15.43,36000.00,39307.04,7.6,9.9
2,2022-10-29,15.36,38247.35,39194.22,5.8,7.7
2,2022-10-30,16.10,36000.00,39082.81,5.3,8.2
2,2022-10-31,7.23,12728.02,38971.79,12.5,13.1
2,2022-11-01,3.97,5066.34,38861.08,12.8,14.3
2,2022-11-02,12.82,38006.56,38750.80,11.1,14.0
2,2022-11-03,15.41,36211.32,38641.06,9.3,10.4
2,2022-11-04,15.15,37966.00,38531.97,6.6,8.7
2,2022-11-05,15.12,37056.82,38423.63,4.9,7.0
2,2022-11-06,14.91,37037.97,38316.18,3.8,6.4
2,2022-11-07,12.81,30608.62,38209.73,6.2,9.1
2,2022-11-08,14.89,37004.58,38104.40,5.7,7.7
2,2022-11-09,15.13,36390.97,38000.31,4.5,10.7
2,2022-11-10,11.24,36255.76,37897.58,7.9,10.4
2,2022-11-11,13.62,36062.95,37796.36,8.4,11.6
2,2022-11-12,11.31,33982.48,37696.75,12.3,13.8
2,2022-11-13,3.11,3096.82,37598.89,12.5,16.6
2,2022-11-14,12.07,36031.86,37502.93,4.5,6.3
2,2022-11-15,13.78,35418.22,37408.99,4.7,6.6
2,2022-11-16,11.86,34226.84,37317.21,3.4,5.4
2,2022-11-17,9.44,22502.66,37227.73,2.3,4.1
2,2022-11-18,14.16,35403.53,37140.68,3.1,7.0
2,2022-11-19,11.44,21600.00,37056.05,7.2,10.7
2,2022-11-20,5.79,10510.62,36972.92,10.7,11.6
2,2022-11-21,11.52,31736.39,36891.20,9.4,13.1
2,2022-11-22,11.10,22459.94,36811.01,7.4,10.0
2,2022-11-23,4.73,7444.33,36732.43,10.5,12.5
2,2022-11-24,9.88,28800.00,36655.59,5.1,7.6
2,2022-11-25,13.14,31415.07,36580.58,6.6,11.2
2,2022-11-26,5.37,4462.71,36507.52,9.3,12.4
2,2022-11-27,11.93,30727.56,36436.50,1.4,5.6
2,2022-11-28,9.37,26550.98,36367.65,12.2,13.9
2,2022-11-29,2.70,0.00,36301.06,14.7,17.6
2,2022-11-30,5.84,7324.18,36236.85,4.5,10.0
2,2022-12-01,8.64,25833.92,36175.12,-0.0,1.3
2,2022-12-02,9.87,30041.20,36116.00,-3.3,-1.3
2,2022-12-03,10.67,29782.93,36059.60,2.6,5.3
2,2022-12-04,3.57,8748.95,36006.02,3.0,5.8
2,2022-12-05,10.49,26187.73,35955.39,2.0,3.2
2,2022-12-06,11.35,34011.98,35907.80,-0.8,2.3
2,2022-12-07,10.60,32418.92,35863.38,-0.9,1.4
2,2022-12-08,11.87,32400.00,35822.24,0.5,2.5
2,2022-12-09,12.17,34925.15,35784.40,-1.0,2.4
2,2022-12-10,12.14,34932.72,35749.36,3.7,7.7
2,2022-12-11,10.35,34658.44,35717.10,2.3,4.9
2,2022-12-12,12.40,32835.42,35687.61,2.6,7.8
2,2022-12-13,7.86,20569.04,35660.95,2.7,7.8
2,2022-12-14,8.85,26156.14,35637.13,-4.4,0.1
2,2022-12-15,10.97,35003.82,35616.17,-4.0,-1.4
2,2022-12-16,8.94,27493.07,35598.11,-0.5,1.4
2,2022-12-17,1.83,823.14,35582.97,-0.2,3.9
2,2022-12-18,11.12,32610.28,35570.77,-7.7,-5.8
2,2022-12-19,10.58,29485.79,35561.53,-6.3,-4.1
2,2022-12-20,11.55,30977.13,35555.27,-4.1,-1.9
2,2022-12-21,7.86,17663.69,35552.03,3.0,5.6
2,2022-12-22,8.46,30288.36,35551.80,-2.6,5.7
2,2022-12-23,11.46,30952.08,35554.60,-8.1,-3.7
2,2022-12-24,5.93,9734.30,35560.46,-1.3,-0.4
2,2022-12-25,9.44,29583.21,35569.39,-1.8,-0.5
2,2022-12-26,8.10,24348.17,35581.40,-2.2,-0.9
2,2022-12-27,10.01,32261.30,35596.49,-3.8,-0.3
2,2022-12-28,11.91,32064.23,35614.70,-1.1,1.4
2,2022-12-29,12.31,35074.76,35636.05,-3.0,-1.3
2,2022-12-30,11.28,35100.26,35660.79,-4.2,-2.3
2,2022-12-31,12.25,35129.21,35688.88,-2.3,-1.0
2,2023-01-01,12.35,35161.50,35720.23,-1.4,-0.5
2,2023-01-02,8.68,30543.93,35754.76,-1.6,0.2
2,2023-01-03,10.32,33983.05,35792.40,-3.3,-1.6
2,2023-01-04,9.54,30626.68,35833.03,-3.2,-1.9
2,2023-01-05,7.87,23299.33,35876.60,-3.7,-1.2
2,2023-01-06,10.38,35370.15,35923.01,-5.6,-2.0
2,2023-01-07,7.82,18077.29,35972.17,-0.3,1.1
2,2023-01-08,7.76,25737.12,36023.99,-0.3,1.5
2,2023-01-09,12.77,35529.92,36078.38,-0.5,3.1
2,2023-01-10,11.03,34308.54,36135.28,-5.9,-2.9
2,2023-01-11,13.06,35593.74,36194.57,-9.0,-2.3
2,2023-01-12,13.08,35557.13,36256.18,0.5,6.6
2,2023-01-13,7.56,18512.06,36320.02,9.0,12.4
2,2023-01-14,2.46,3223.73,36386.00,9.8,14.0
2,2023-01-15,8.20,20572.22,36454.04,7.1,9.7
2,2023-01-16,6.32,17193.94,36524.06,-0.3,5.6
2,2023-01-17,13.51,32400.00,36595.97,-2.5,0.9
2,2023-01-18,8.74,28491.20,36669.83,-0.5,0.8
2,2023-01-19,13.33,33870.91,36746.47,-2.8,0.0
2,2023-01-20,12.45,31582.84,36825.89,-3.3,-0.7
2,2023-01-21,10.65,35083.61,36907.95,-4.8,-3.9
2,2023-01-22,12.95,32400.00,36992.51,-5.2,0.7
2,2023-01-23,4.04,1615.44,37079.43,0.9,2.1
2,2023-01-24,9.24,21451.26,37168.56,-8.2,-1.3
2,2023-01-25,12.15,28600.45,37259.79,-9.1,-6.8
2,2023-01-26,13.55,32400.00,37352.97,-5.1,-2.6
2,2023-01-27,3.24,3600.00,37447.97,-3.6,-1.1
2,2023-01-28,12.67,33849.95,37544.66,-6.2,-4.3
2,2023-01-29,11.03,34779.57,37642.91,-5.6,-3.9
2,2023-01-30,12.58,29012.08,37742.60,-5.2,-3.3
2,2023-01-31,14.31,36000.00,37843.59,-8.3,-4.7
2,2023-02-01,12.99,27732.29,37945.78,1.3,4.7
2,2023-02-02,11.56,35772.42,38049.04,-4.2,-2.5
2,2023-02-03,9.69,23704.40,38153.25,-4.8,-0.3
2,2023-02-04,14.67,32557.30,38258.29,-1.8,1.1
2,2023-02-05,15.85,36073.75,38364.06,-4.6,-0.9
2,2023-02-06,13.41,28237.79,38470.43,-3.5,-1.2
2,2023-02-07,5.62,2168.38,38577.51,1.2,2.5
2,2023-02-08,13.00,33411.03,38686.29,-0.8,1.9
2,2023-02-09,14.81,33576.62,38796.85,-3.6,3.8
2,2023-02-10,4.47,5233.67,38909.06,4.5,7.8
2,2023-02-11,15.13,36000.00,39022.79,2.4,6.4
2,2023-02-12,12.29,32400.00,39137.92,5.5,8.5
2,2023-02-13,3.01,671.56,39254.31,1.9,8.1
2,2023-02-14,9.80,24366.78,39371.85,-5.8,-3.4
2,2023-02-15,9.57,22900.47,39490.42,-6.5,-5.8
2,2023-02-16,17.16,38158.15,39609.90,-7.2,-5.1
2,2023-02-17,17.21,38071.22,39730.18,-1.8,2.2
2,2023-02-18,8.70,12502.08,39851.15,8.4,11.4
2,2023-02-19,3.16,3600.00,39972.68,5.1,12.4
2,2023-02-20,14.86,34875.09,40094.68,-3.3,0.1
2,2023-02-21,11.55,28253.24,40217.03,-6.8,-5.7
2,2023-02-22,18.64,34891.54,40339.63,-5.4,1.3
2,2023-02-23,6.31,10121.25,40462.37,1.2,3.7
2,2023-02-24,3.27,3600.00,40585.16,0.9,2.8
2,2023-02-25,16.98,36484.83,40707.87,-5.0,-2.8
2,2023-02-26,13.61,35788.74,40830.43,-4.6,-3.9
2,2023-02-27,20.34,39590.14,40952.90,-2.4,-0.7
2,2023-02-28,20.01,38810.39,41076.29,0.0,3.7
2,2023-03-01,16.13,32952.22,41200.67,4.5,7.9
2,2023-03-02,13.68,37378.61,41325.94,-2.9,4.0
2,2023-03-03,20.24,38964.46,41452.01,-4.1,-2.5
2,2023-03-04,15.97,30763.71,41578.80,-3.2,1.0
2,2023-03-05,13.76,34382.42,41706.18,-0.3,2.7
2,2023-03-06,20.85,41374.31,41834.10,-1.9,1.0
2,2023-03-07,21.08,41503.37,41962.43,-3.7,2.8
2,2023-03-08,19.75,41632.70,42091.09,-0.1,6.6
2,2023-03-09,18.68,39436.32,42220.00,7.3,9.3
2,2023-03-10,19.05,41891.77,42349.06,2.6,9.0
2,2023-03-11,21.08,40545.03,42478.19,5.5,10.2
2,2023-03-12,12.86,20559.93,42607.28,9.0,10.7
2,2023-03-13,13.68,25302.83,42736.26,-2.9,4.3
2,2023-03-14,22.19,42409.00,42865.05,-1.7,2.7
2,2023-03-15,21.37,42537.62,42993.54,4.6,7.6
2,2023-03-16,16.33,31948.93,43121.65,7.6,9.7
2,2023-03-17,8.06,14100.55,43249.29,8.7,11.2
2,2023-03-18,8.95,18353.61,43376.38,3.0,9.3
2,2023-03-19,23.00,42903.78,43502.99,-1.0,2.9
2,2023-03-20,20.74,34565.19,43630.04,4.8,8.8
2,2023-03-21,8.83,5386.58,43757.60,8.8,11.6
2,2023-03-22,20.85,36000.00,43885.60,11.6,13.8
2,2023-03-23,3.90,0.00,44013.97,15.2,16.7
2,2023-03-24,13.60,27316.44,44142.60,11.9,14.1
2,2023-03-25,5.13,2437.30,44271.43,9.2,11.1
2,2023-03-26,5.30,7200.00,44400.38,7.0,13.4
2,2023-03-27,19.79,43200.00,44529.36,-1.6,3.1
2,2023-03-28,24.25,43200.00,44658.30,-2.1,1.6
2,2023-03-29,23.57,42805.08,44787.10,-1.8,4.3
2,2023-03-30,22.72,32851.99,44915.69,1.7,5.3
2,2023-03-31,12.22,26380.93,45043.98,3.3,7.2
2,2023-04-01,23.39,37852.74,45171.89,3.7,9.9
2,2023-04-02,17.19,30243.02,45299.34,8.6,10.7
2,2023-04-03,17.54,36000.00,45426.24,6.6,8.4
2,2023-04-04,19.82,37204.33,45552.49,7.1,9.2
2,2023-04-05,14.18,19327.09,45678.03,7.7,11.3
2,2023-04-06,9.03,11862.88,45802.74,13.1,13.9
2,2023-04-07,5.30,7200.00,45926.55,10.0,15.2
2,2023-04-08,21.64,43200.00,46049.52,-1.3,4.3
2,2023-04-09,26.01,43200.00,46172.53,-0.2,4.2
2,2023-04-10,24.53,43200.00,46295.64,5.8,9.5
2,2023-04-11,22.60,43200.00,46418.77,9.3,10.3
2,2023-04-12,16.11,32863.50,46541.85,5.5,11.7
2,2023-04-13,26.13,43200.00,46664.80,0.8,6.8
2,2023-04-14,17.85,22225.96,46787.53,7.6,10.8
2,2023-04-15,7.20,1697.17,46909.94,12.0,14.4
2,2023-04-16,24.27,42567.16,47031.96,4.8,8.0
2,2023-04-17,18.95,43609.92,47153.51,2.4,3.9
2,2023-04-18,23.29,32902.07,47274.47,9.9,13.8
2,2023-04-19,10.19,7482.67,47394.78,12.1,14.8
2,2023-04-20,24.25,43200.00,47514.32,12.8,14.9
2,2023-04-21,23.98,39499.13,47633.02,6.8,13.8
2,2023-04-22,26.99,44582.15,47750.77,-1.3,2.7
2,2023-04-23,25.52,43193.61,47867.48,-2.4,2.1
2,2023-04-24,6.63,0.00,47983.04,-1.4,8.7
2,2023-04-25,3.58,0.00,48097.35,11.2,14.7
2,2023-04-26,12.35,22533.56,48210.32,8.5,14.9
2,2023-04-27,26.54,42718.96,48321.83,4.6,9.9
2,2023-04-28,25.24,41534.46,48431.92,7.8,10.8
2,2023-04-29,11.23,13232.48,48541.43,14.3,17.0
2,2023-04-30,8.54,10086.71,48650.43,8.2,13.8
2,2023-05-01,28.25,46533.94,48758.83,3.7,8.3
2,2023-05-02,28.22,45828.49,48866.53,5.0,7.4
2,2023-05-03,24.86,37450.60,48973.45,9.0,11.3
2,2023-05-04,25.06,41623.28,49079.50,8.9,11.8
2,2023-05-05,21.86,42813.28,49184.57,12.5,14.0
2,2023-05-06,14.52,25121.98,49288.58,15.9,17.3
2,2023-05-07,4.04,226.30,49391.43,15.7,18.4
2,2023-05-08,20.39,40257.35,49493.02,5.1,8.7
2,2023-05-09,23.47,44624.76,49593.24,7.5,10.1
2,2023-05-10,27.09,47263.12,49691.99,5.4,12.0
2,2023-05-11,29.42,48647.28,49789.18,-0.2,5.0
2,2023-05-12,27.16,38226.83,49884.69,6.6,11.7
2,2023-05-13,12.12,14881.64,49978.41,10.9,13.0
2,2023-05-14,6.54,3600.00,50070.23,12.5,14.5
2,2023-05-15,21.36,42409.25,50160.05,10.5,13.1
2,2023-05-16,29.01,49560.99,50247.74,8.9,14.2
2,2023-05-17,27.60,49546.63,50333.20,11.3,16.6
2,2023-05-18,19.09,20887.10,50416.44,12.0,15.5
2,2023-05-19,8.27,8298.40,50498.14,15.0,16.6
2,2023-05-20,16.11,29256.23,50578.35,15.5,17.3
2,2023-05-21,22.26,49189.33,50657.00,13.8,16.2
2,2023-05-22,23.42,36000.00,50734.01,14.5,16.9
2,2023-05-23,19.45,36609.14,50809.30,8.4,11.5
2,2023-05-24,27.32,38947.94,50882.78,8.2,12.1
2,2023-05-25,16.56,29643.56,50954.38,12.3,13.6
2,2023-05-26,12.32,15067.08,51024.01,13.1,14.2
2,2023-05-27,18.59,38347.85,51091.59,13.6,15.3
2,2023-05-28,18.19,26815.20,51157.04,16.3,19.3
2,2023-05-29,12.27,13593.27,51220.26,18.6,19.6
2,2023-05-30,6.04,0.00,51281.19,16.2,19.7
2,2023-05-31,11.96,21131.56,51339.73,13.0,15.2
2,2023-06-01,11.25,10001.10,51395.79,17.9,19.5
2,2023-06-02,1.99,0.00,51449.29,18.4,21.0
2,2023-06-03,26.12,44408.02,51500.15,9.1,13.8
2,2023-06-04,25.82,44631.48,51548.28,8.7,12.9
2,2023-06-05,20.91,37725.53,51593.59,9.1,15.8
2,2023-06-06,8.91,11397.01,51636.00,13.2,15.1
2,2023-06-07,27.14,44280.06,51675.49,12.5,16.1
2,2023-06-08,8.85,3600.00,51712.39,16.5,19.1
2,2023-06-09,16.56,16259.07,51746.76,14.6,17.3
2,2023-06-10,13.83,11866.10,51778.56,15.4,18.5
2,2023-06-11,4.50,0.00,51807.76,18.4,19.1
2,2023-06-12,5.77,7200.00,51834.35,18.0,19.4
2,2023-06-13,22.86,38154.37,51858.30,16.8,19.0
2,2023-06-14,14.31,18761.96,51879.59,17.8,18.9
2,2023-06-15,7.64,11146.20,51898.21,16.9,19.2
2,2023-06-16,29.41,50400.00,51914.13,13.9,15.8
2,2023-06-17,27.15,40058.80,51927.33,14.2,18.9
2,2023-06-18,13.08,12292.90,51937.81,15.7,18.3
2,2023-06-19,26.42,50400.00,51945.53,14.9,16.8
2,2023-06-20,12.85,17354.09,51950.50,17.1,18.2
2,2023-06-21,14.49,14296.47,51952.69,16.0,17.0
2,2023-06-22,10.27,12175.17,51952.08,17.5,18.5
2,2023-06-23,23.50,42097.60,51948.69,15.8,18.1
2,2023-06-24,20.94,34883.98,51942.48,16.9,19.3
2,2023-06-25,18.69,29326.95,51933.45,16.4,18.3
2,2023-06-26,12.65,13461.73,51921.60,19.1,20.6
2,2023-06-27,23.25,44904.17,51906.89,19.6,20.7
2,2023-06-28,22.23,39600.00,51889.14,19.6,20.5
2,2023-06-29,22.27,35397.47,51868.40,20.3,21.8
2,2023-06-30,7.84,2212.69,51844.71,21.9,22.9
2,2023-07-01,8.53,5719.79,51818.15,20.3,21.6
2,2023-07-02,28.48,46800.00,51788.76,19.2,21.6
2,2023-07-03,18.65,26887.82,51756.61,19.1,20.8
2,2023-07-04,25.38,39600.00,51721.76,19.0,22.5
2,2023-07-05,9.60,10800.00,51684.27,20.5,22.1
2,2023-07-06,29.06,46120.21,51644.20,16.5,20.5
2,2023-07-07,22.51,27955.01,51601.62,21.1,22.9
2,2023-07-08,22.99,36764.32,51556.59,22.1,23.1
2,2023-07-09,17.49,35235.31,51509.17,22.4,23.2
2,2023-07-10,25.15,48209.11,51459.43,21.5,22.2
2,2023-07-11,26.30,48826.31,51407.43,20.5,22.2
2,2023-07-12,17.64,26124.23,51353.23,21.8,22.7
2,2023-07-13,19.34,30030.53,51296.91,20.5,21.5
2,2023-07-14,19.90,25839.95,51238.52,20.7,22.1
2,2023-07-15,22.09,45270.72,51178.12,21.1,21.7
2,2023-07-16,26.87,50338.71,51115.79,19.5,21.1
2,2023-07-17,27.37,50302.18,51051.47,19.5,22.5
2,2023-07-18,26.16,47499.17,50984.58,20.0,23.7
2,2023-07-19,15.06,26288.95,50915.14,21.2,22.4
2,2023-07-20,25.16,49017.54,50843.23,18.7,20.4
2,2023-07-21,22.29,50148.00,50768.98,19.8,21.1
2,2023-07-22,22.37,47081.64,50692.48,19.9,21.1
2,2023-07-23,20.71,47588.96,50613.84,19.6,20.9
2,2023-07-24,25.58,49989.69,50533.17,19.6,21.6
2,2023-07-25,22.27,46878.24,50450.57,20.9,22.6
2,2023-07-26,23.63,49240.72,50366.15,21.2,23.9
2,2023-07-27,22.42,49739.89,50279.99,21.7,24.1
2,2023-07-28,20.89,47341.85,50192.21,21.4,22.9
2,2023-07-29,25.51,49191.70,50102.91,19.7,22.0
2,2023-07-30,24.12,46793.31,50012.17,20.7,22.2
2,2023-07-31,19.47,35095.18,49920.09,22.0,23.1
2,2023-08-01,23.41,47814.58,49826.77,20.9,22.6
2,2023-08-02,23.86,48740.51,49732.30,21.1,22.0
2,2023-08-03,19.93,37600.52,49636.78,21.8,22.4
2,2023-08-04,22.22,44017.82,49540.27,21.8,23.3
2,2023-08-05,20.79,40753.47,49442.89,22.4,23.1
2,2023-08-06,17.71,31269.11,49344.56,22.3,22.9
2,2023-08-07,9.09,4864.55,49244.52,22.5,23.4
2,2023-08-08,11.75,12472.88,49142.73,22.9,24.2
2,2023-08-09,9.42,1723.70,49039.29,22.9,24.3
2,2023-08-10,15.15,18824.81,48934.31,22.1,23.0
2,2023-08-11,22.50,48093.16,48827.91,19.7,22.1
2,2023-08-12,24.69,47345.07,48720.19,20.3,22.6
2,2023-08-13,22.35,37335.60,48611.24,21.5,22.4
2,2023-08-14,5.66,1072.27,48501.16,22.5,23.6
2,2023-08-15,3.65,4923.08,48390.07,22.4,23.1
2,2023-08-16,21.45,43368.45,48278.04,22.3,23.3
2,2023-08-17,16.05,27004.03,48165.19,21.5,22.7
2,2023-08-18,11.28,11550.86,48051.59,22.4,23.4
2,2023-08-19,21.15,44798.55,47937.34,22.5,23.7
2,2023-08-20,22.90,44849.74,47822.53,21.5,23.5
2,2023-08-21,22.92,37448.94,47707.25,21.3,22.9
2,2023-08-22,16.28,32362.18,47591.59,22.6,23.5
2,2023-08-23,11.52,13326.33,47475.62,22.3,22.6
2,2023-08-24,14.67,26329.88,47359.45,21.9,22.9
2,2023-08-25,20.74,43411.89,47243.13,20.6,21.8
2,2023-08-26,21.41,43200.00,47126.61,20.5,21.1
2,2023-08-27,22.02,42219.56,47009.08,20.3,21.6
2,2023-08-28,21.18,39882.77,46890.46,20.8,22.6
2,2023-08-29,20.71,32990.42,46770.86,20.6,22.2
2,2023-08-30,7.30,0.00,46650.35,21.8,22.8
2,2023-08-31,16.39,31393.57,46529.04,21.0,22.3
2,2023-09-01,22.98,40355.61,46407.00,20.0,21.5
2,2023-09-02,18.90,41673.66,46284.33,20.5,22.0
2,2023-09-03,21.11,36000.00,46161.10,20.1,21.5
2,2023-09-04,11.16,12032.91,46037.40,21.9,22.9
2,2023-09-05,20.13,43200.00,45913.30,21.1,22.0
2,2023-09-06,7.00,10744.17,45788.90,20.6,23.0
2,2023-09-07,10.84,24928.10,45664.26,19.3,21.3
2,2023-09-08,14.10,30160.98,45539.47,18.7,19.8
2,2023-09-09,18.79,36063.01,45414.60,19.2,21.3
2,2023-09-10,13.99,19889.17,45289.74,20.2,21.1
2,2023-09-11,11.62,19447.91,45164.95,19.7,21.5
2,2023-09-12,18.06,43200.00,45040.31,19.6,21.3
2,2023-09-13,21.48,39468.20,44915.90,19.0,21.0
2,2023-09-14,19.08,36995.30,44791.79,21.0,22.2
2,2023-09-15,18.09,39669.17,44667.90,21.5,22.9
2,2023-09-16,21.31,43108.09,44543.40,21.2,22.9
2,2023-09-17,18.96,39424.81,44418.23,20.9,21.9
2,2023-09-18,15.44,38208.67,44292.45,20.6,21.7
2,2023-09-19,20.05,40715.58,44166.16,19.9,20.7
2,2023-09-20,16.52,29868.44,44039.44,20.2,21.5
2,2023-09-21,7.71,9990.13,43912.36,21.4,22.6
2,2023-09-22,13.42,30875.61,43785.01,19.3,20.6
2,2023-09-23,15.92,36865.04,43657.46,14.3,17.9
2,2023-09-24,14.26,33615.60,43529.79,15.5,17.1
2,2023-09-25,17.33,42344.70,43402.08,16.3,17.1
2,2023-09-26,19.12,42163.41,43274.42,18.1,19.9
2,2023-09-27,18.59,42174.47,43146.87,18.9,20.5
2,2023-09-28,17.68,42089.87,43019.51,18.6,20.3
2,2023-09-29,20.29,42005.74,42892.43,16.1,19.5
2,2023-09-30,17.28,33745.58,42765.71,18.8,20.6
2,2023-10-01,11.55,22472.42,42639.42,15.4,19.6
2,2023-10-02,18.69,38392.42,42513.65,9.8,11.7
2,2023-10-03,13.81,28503.89,42388.47,14.2,17.7
2,2023-10-04,12.93,37621.42,42263.97,15.6,17.9
2,2023-10-05,13.32,38430.40,42140.06,9.7,14.1
2,2023-10-06,17.19,33524.03,42015.85,7.8,9.1
2,2023-10-07,11.79,24208.63,41891.25,7.5,9.9
2,2023-10-08,3.53,0.00,41766.36,14.0,16.3
2,2023-10-09,5.73,3491.54,41641.27,16.5,17.4
2,2023-10-10,15.08,37708.03,41516.07,11.9,15.1
2,2023-10-11,16.81,39573.63,41390.85,9.2,11.0
2,2023-10-12,16.39,39566.42,41265.69,9.0,11.5
2,2023-10-13,17.43,32400.00,41140.70,9.6,13.4
2,2023-10-14,6.16,12583.62,41015.96,13.5,14.3
2,2023-10-15,16.79,38934.36,40891.57,10.2,12.4
2,2023-10-16,17.57,39210.92,40767.63,10.1,11.1
2,2023-10-17,17.72,39161.79,40644.22,9.1,11.1
2,2023-10-18,17.55,39112.33,40521.46,11.2,13.8
2,2023-10-19,16.28,36181.03,40399.44,13.2,15.0
2,2023-10-20,15.23,31608.56,40278.26,10.7,14.3
2,2023-10-21,12.04,33161.97,40158.02,6.1,7.6
2,2023-10-22,17.49,38911.06,40038.82,5.9,9.0
2,2023-10-23,16.60,38859.90,39920.79,8.4,11.7
2,2023-10-24,15.71,38808.42,39804.00,9.4,12.2
2,2023-10-25,13.53,38756.51,39688.41,8.7,11.4
2,2023-10-26,17.25,37946.58,39573.01,6.0,8.4
2,2023-10-27,15.54,36180.36,39457.73,7.4,9.5
2,2023-10-28,13.19,38496.77,39342.67,7.2,9.0
2,2023-10-29,9.56,32259.80,39227.93,7.1,8.6
2,2023-10-30,15.51,38489.06,39113.63,8.3,10.2
2,2023-10-31,14.54,38434.25,38999.88,6.9,9.4
2,2023-11-01,16.38,38367.65,38886.79,5.2,9.0
2,2023-11-02,15.95,38253.93,38774.47,7.4,12.4
2,2023-11-03,15.57,38141.09,38663.04,8.2,13.8
2,2023-11-04,14.65,32400.00,38552.63,8.9,13.3
2,2023-11-05,11.26,31005.70,38443.35,14.8,16.3
2,2023-11-06,7.38,14669.80,38335.31,16.9,18.9
2,2023-11-07,12.54,36723.19,38228.64,7.5,11.0
2,2023-11-08,15.03,32007.74,38123.49,7.9,13.1
2,2023-11-09,8.28,19585.16,38019.96,13.5,14.0
2,2023-11-10,2.77,0.00,37918.20,12.2,15.2
2,2023-11-11,8.80,16030.87,37818.33,4.4,6.6
2,2023-11-12,7.56,16615.73,37720.50,5.2,7.8
2,2023-11-13,9.23,26805.01,37624.83,1.8,3.1
2,2023-11-14,9.77,31744.11,37531.30,2.1,3.6
2,2023-11-15,8.21,21956.03,37438.92,2.7,4.2
2,2023-11-16,10.68,24508.67,37347.62,7.3,10.7
2,2023-11-17,8.09,27823.90,37257.51,3.6,9.5
2,2023-11-18,8.86,28780.20,37168.71,-0.4,3.2
2,2023-11-19,12.86,31572.65,37081.33,4.0,6.6
2,2023-11-20,8.58,24707.90,36995.46,1.4,5.9
2,2023-11-21,13.96,35115.28,36911.24,3.0,7.4
2,2023-11-22,13.68,35108.38,36828.78,4.8,11.0
2,2023-11-23,12.11,35064.56,36748.20,8.5,11.0
2,2023-11-24,10.10,23781.00,36669.62,2.0,7.2
2,2023-11-25,7.32,29199.56,36593.15,-0.4,1.3
2,2023-11-26,12.69,35001.36,36518.93,-2.2,2.6
2,2023-11-27,5.01,7908.03,36447.06,8.7,11.3
2,2023-11-28,10.83,31287.69,36377.69,1.4,7.8
2,2023-11-29,10.70,30357.16,36310.93,2.6,4.2
2,2023-11-30,10.95,28675.85,36246.91,0.3,3.9
2,2023-12-01,7.21,21331.26,36185.76,-0.7,0.7
2,2023-12-02,8.28,32589.12,36127.60,-0.5,0.9
2,2023-12-03,9.63,34312.83,36072.57,-0.0,1.9
2,2023-12-04,12.40,31313.23,36020.67,-1.8,4.7
2,2023-12-05,2.84,3600.00,35971.27,4.8,6.4
2,2023-12-06,10.95,27498.04,35924.29,5.5,7.3
2,2023-12-07,10.46,34913.80,35879.82,-0.1,4.9
2,2023-12-08,12.40,34918.36,35837.88,1.7,5.3
2,2023-12-09,10.98,33377.34,35798.55,6.4,9.5
2,2023-12-10,12.04,31333.65,35761.88,5.9,9.1
2,2023-12-11,8.45,23577.57,35727.90,10.3,14.3
2,2023-12-12,5.73,17080.84,35696.69,7.6,14.7
2,2023-12-13,11.96,34971.13,35668.29,-2.8,2.0
2,2023-12-14,9.27,25585.23,35642.75,8.5,12.6
2,2023-12-15,4.83,11556.44,35620.13,14.5,16.0
2,2023-12-16,4.96,14400.00,35600.46,5.1,13.5
2,2023-12-17,7.79,23054.78,35583.81,-6.3,-4.6
2,2023-12-18,6.87,19024.30,35570.20,-2.7,-2.0
2,2023-12-19,4.80,13411.08,35559.71,-0.1,1.0
2,2023-12-20,9.24,28376.46,35552.37,-0.6,1.2
2,2023-12-21,7.50,24502.54,35548.21,-7.7,-5.9
2,2023-12-22,10.68,31572.58,35547.29,-7.4,-3.8
2,2023-12-23,7.61,25447.13,35549.65,-3.9,-2.3
2,2023-12-24,11.90,34989.93,35555.32,-3.4,-0.8
2,2023-12-25,10.41,31138.01,35564.35,-2.7,-0.6
2,2023-12-26,12.17,31699.06,35576.69,-2.0,1.3
2,2023-12-27,8.01,29965.77,35592.30,0.1,1.8
2,2023-12-28,11.88,31773.88,35611.11,0.1,3.5
2,2023-12-29,9.88,31470.49,35633.08,-0.9,2.0
2,2023-12-30,11.92,35096.39,35658.12,3.5,10.0
2,2023-12-31,7.75,30290.74,35686.19,4.8,10.2
2,2024-01-01,7.24,23700.24,35717.22,-2.1,1.6
2,2024-01-02,12.23,31989.91,35751.16,-1.3,1.0
2,2024-01-03,4.92,5963.68,35787.94,2.3,3.5
2,2024-01-04,6.38,22812.41,35827.49,-1.4,2.0
2,2024-01-05,12.77,35314.93,35869.76,-1.7,2.6
2,2024-01-06,8.68,35351.19,35914.67,2.0,4.8
2,2024-01-07,9.59,28560.96,35962.16,-4.6,-2.5
2,2024-01-08,7.70,25548.48,36012.17,-4.4,-3.2
2,2024-01-09,12.81,33303.77,36064.63,-4.8,-1.8
2,2024-01-10,3.77,5342.57,36119.49,-0.1,3.7
2,2024-01-11,8.38,18866.29,36176.65,-3.1,1.2
2,2024-01-12,9.39,34070.24,36236.08,-0.1,1.8
2,2024-01-13,9.14,28031.17,36297.82,-5.8,-1.2
2,2024-01-14,13.36,32400.00,36362.58,-2.6,4.1
2,2024-01-15,6.22,13132.70,36430.35,-2.8,2.2
2,2024-01-16,8.13,23630.46,36500.99,-7.2,-4.7
2,2024-01-17,13.65,32400.00,36574.37,-7.8,4.4
2,2024-01-18,6.80,12245.09,36650.36,6.7,8.8
2,2024-01-19,7.96,18535.11,36728.83,4.7,7.0
2,2024-01-20,4.53,1599.41,36809.64,9.0,12.2
2,2024-01-21,5.27,6169.36,36892.67,4.6,12.0
2,2024-01-22,11.97,34747.20,36977.79,0.6,3.9
2,2024-01-23,10.84,29028.13,37064.88,-7.8,-5.6
2,2024-01-24,9.35,26009.73,37153.79,-7.3,-5.4
2,2024-01-25,8.17,20076.62,37244.43,-4.5,-3.2
2,2024-01-26,8.09,20539.25,37336.65,-3.8,-2.7
2,2024-01-27,11.21,34590.64,37430.36,-2.7,-1.8
2,2024-01-28,7.45,22434.71,37525.42,-2.0,0.3
2,2024-01-29,14.92,36000.00,37621.72,-3.2,0.7
2,2024-01-30,14.18,31906.59,37719.15,-1.3,6.6
2,2024-01-31,3.37,785.56,37817.60,7.0,9.8
2,2024-02-01,5.48,6767.09,37916.94,0.5,6.5
2,2024-02-02,12.10,35578.02,38017.27,-4.1,-3.0
2,2024-02-03,13.02,25200.00,38119.60,-1.9,2.5
2,2024-02-04,7.83,20311.76,38223.95,1.8,4.0
2,2024-02-05,2.57,0.00,38330.21,2.2,7.5
2,2024-02-06,7.63,15027.95,38438.22,-1.7,0.5
2,2024-02-07,13.22,36072.60,38547.87,-2.3,0.1
2,2024-02-08,15.43,36041.33,38659.02,-4.4,-3.5
2,2024-02-09,15.05,36010.13,38771.53,-4.1,-1.4
2,2024-02-10,13.23,36858.33,38885.29,-1.6,-0.0
2,2024-02-11,11.76,31180.08,39000.17,-2.9,-0.6
2,2024-02-12,11.63,34665.72,39116.05,-4.9,-2.1
2,2024-02-13,16.75,37634.27,39232.81,2.3,3.9
2,2024-02-14,11.97,29276.05,39350.32,5.9,9.2
2,2024-02-15,5.81,7837.06,39468.49,7.7,11.6
2,2024-02-16,12.62,26145.73,39587.18,0.6,4.7
2,2024-02-17,4.87,0.00,39706.29,7.0,8.5
2,2024-02-18,6.31,10704.35,39825.72,9.7,10.6
2,2024-02-19,3.39,0.00,39945.34,12.8,13.6
2,2024-02-20,13.37,31232.51,40065.06,11.3,12.7
2,2024-02-21,4.20,0.00,40184.77,13.6,15.3
2,2024-02-22,6.67,7575.66,40304.54,4.5,7.6
2,2024-02-23,2.61,3600.00,40425.41,-1.3,3.3
2,2024-02-24,15.70,34986.95,40547.45,0.5,4.9
2,2024-02-25,3.41,0.00,40670.54,2.9,5.5
2,2024-02-26,11.93,28745.67,40794.59,-2.7,-0.6
2,2024-02-27,10.81,26801.29,40919.49,-3.8,-2.7
2,2024-02-28,19.58,38797.54,41045.15,-5.2,-0.4
2,2024-02-29,4.83,316.86,41171.45,4.5,9.8
2,2024-03-01,10.65,27415.62,41298.32,-2.1,2.3
2,2024-03-02,13.38,31907.33,41425.63,-6.7,-4.3
2,2024-03-03,20.11,39003.01,41553.31,-4.3,0.3
2,2024-03-04,16.93,32564.80,41681.25,-0.5,1.8
2,2024-03-05,3.92,0.00,41809.36,5.3,8.3
2,2024-03-06,6.45,8049.04,41937.55,0.6,5.1
2,2024-03-07,19.06,34803.16,42065.73,-1.5,2.3
2,2024-03-08,18.09,34816.35,42193.79,-3.9,-1.6
2,2024-03-09,15.75,31912.30,42321.65,-5.5,-4.2
2,2024-03-10,18.85,40038.14,42449.23,-6.1,-5.0
2,2024-03-11,20.43,32400.00,42576.42,1.1,6.6
2,2024-03-12,3.39,3058.85,42703.14,2.8,7.7
2,2024-03-13,17.52,38772.49,42829.46,-2.5,-1.1
2,2024-03-14,18.84,42499.95,42956.32,-0.9,0.9
2,2024-03-15,22.83,42627.96,43083.80,-3.9,-0.1
2,2024-03-16,22.55,39600.00,43211.82,1.6,5.2
2,2024-03-17,11.18,18493.77,43340.30,5.0,10.2
2,2024-03-18,19.64,37977.73,43469.15,-6.1,-3.3
2,2024-03-19,12.50,19786.39,43598.30,0.4,3.6
2,2024-03-20,13.75,24724.84,43727.65,-4.2,-1.0
2,2024-03-21,19.46,40192.62,43857.14,-4.4,-2.6
2,2024-03-22,20.73,36000.00,43986.66,-1.7,6.2
2,2024-03-23,3.87,1225.95,44116.15,8.4,10.6
2,2024-03-24,3.33,0.00,44245.52,10.2,13.2
2,2024-03-25,5.22,0.00,44374.69,12.5,14.7
2,2024-03-26,6.30,4772.54,44503.58,5.2,15.9
2,2024-03-27,21.63,36000.00,44632.10,1.0,5.5
2,2024-03-28,5.97,1956.72,44760.16,9.8,13.6
2,2024-03-29,18.32,32392.25,44887.69,4.3,11.3
2,2024-03-30,22.74,39617.70,45014.58,6.1,8.3
2,2024-03-31,21.75,30039.98,45140.77,9.5,12.2
2,2024-04-01,24.53,43200.00,45266.16,-0.2,7.6
2,2024-04-02,17.67,23813.16,45390.82,3.6,10.4
2,2024-04-03,4.15,0.00,45515.62,13.5,16.2
2,2024-04-04,13.27,24529.22,45640.66,7.4,12.2
2,2024-04-05,12.35,15895.83,45765.84,8.7,10.3
2,2024-04-06,17.36,32674.66,45891.08,10.1,11.8
2,2024-04-07,18.83,32620.87,46016.32,11.0,13.5
2,2024-04-08,8.37,4313.18,46141.46,14.3,15.6
2,2024-04-09,8.91,8215.72,46266.41,1.2,8.3
2,2024-04-10,23.85,34684.10,46391.10,5.1,7.3
2,2024-04-11,15.41,24205.81,46515.44,7.1,9.2
2,2024-04-12,16.01,36936.75,46639.35,7.0,10.6
2,2024-04-13,21.97,35656.63,46762.73,8.1,12.0
2,2024-04-14,23.48,40724.90,46885.50,9.2,12.8
2,2024-04-15,19.66,31625.44,47007.56,10.1,12.0
2,2024-04-16,10.40,10238.49,47128.83,12.4,13.7
2,2024-04-17,22.00,32400.00,47249.20,7.2,11.8
2,2024-04-18,9.39,6619.77,47368.59,6.4,9.3
2,2024-04-19,26.17,44133.35,47486.90,5.4,8.0
2,2024-04-20,18.61,25200.00,47604.02,7.6,13.3
2,2024-04-21,5.44,0.00,47719.85,14.3,15.6
2,2024-04-22,9.54,6698.80,47834.46,13.0,14.3
2,2024-04-23,4.14,0.00,47948.66,12.8,13.8
2,2024-04-24,13.60,26411.14,48062.56,13.3,14.5
2,2024-04-25,24.99,39908.93,48176.06,8.8,10.5
2,2024-04-26,12.63,10564.31,48289.06,9.7,12.5
2,2024-04-27,11.64,12100.19,48401.48,13.1,16.0
2,2024-04-28,23.04,33282.82,48513.23,12.9,15.8
2,2024-04-29,8.67,2005.26,48624.21,14.8,16.5
2,2024-04-30,15.66,23897.11,48734.34,15.9,18.1
2,2024-05-01,5.34,9466.67,48843.51,9.3,13.4
2,2024-05-02,20.55,34883.96,48951.63,9.6,10.9
2,2024-05-03,24.83,46932.62,49058.59,9.0,11.2
2,2024-05-04,28.27,47552.99,49164.30,6.7,13.2
2,2024-05-05,26.41,37163.97,49268.64,10.3,13.3
2,2024-05-06,8.33,6325.49,49371.53,14.2,16.7
2,2024-05-07,16.73,20102.52,49472.83,12.4,16.8
2,2024-05-08,18.08,19693.29,49572.46,6.1,9.7
2,2024-05-09,27.33,48610.11,49670.30,-0.1,4.0
2,2024-05-10,29.18,48347.84,49766.21,5.7,10.9
2,2024-05-11,25.49,36167.65,49860.12,11.9,14.2
2,2024-05-12,9.41,7795.14,49952.03,15.4,17.6
2,2024-05-13,6.47,11224.88,50042.67,6.4,17.0
2,2024-05-14,25.74,39866.31,50132.11,10.9,14.3
2,2024-05-15,7.30,4310.38,50220.26,14.4,15.5
2,2024-05-16,23.31,45480.65,50307.05,5.7,14.4
2,2024-05-17,29.36,47447.03,50392.37,7.6,10.0
2,2024-05-18,24.70,31858.32,50476.15,9.5,14.1
2,2024-05-19,6.58,3600.00,50558.30,11.9,15.1
2,2024-05-20,26.53,42407.24,50638.72,11.6,15.4
2,2024-05-21,28.39,47682.10,50717.32,10.1,13.2
2,2024-05-22,14.03,13059.45,50794.01,14.3,15.6
2,2024-05-23,14.19,23304.68,50868.71,14.6,16.1
2,2024-05-24,24.20,39717.53,50941.30,12.0,15.2
2,2024-05-25,27.95,42755.00,51011.71,10.5,15.0
2,2024-05-26,15.30,26750.65,51079.83,15.3,17.2
2,2024-05-27,10.84,16027.47,51145.57,19.5,20.2
2,2024-05-28,4.41,4905.95,51208.82,14.7,20.4
2,2024-05-29,29.63,50181.54,51269.50,8.8,11.5
2,2024-05-30,21.16,25200.00,51327.51,13.9,17.8
2,2024-05-31,8.08,10800.00,51382.73,13.7,16.6
2,2024-06-01,28.80,50287.30,51435.18,11.5,14.3
2,2024-06-02,17.32,30021.84,51485.29,12.2,14.4
2,2024-06-03,23.98,48504.22,51533.10,9.8,11.0
2,2024-06-04,25.03,50212.38,51578.57,10.7,12.1
2,2024-06-05,27.47,39599.91,51621.67,13.0,14.8
2,2024-06-06,17.61,28580.74,51662.35,12.9,13.8
2,2024-06-07,26.38,50400.00,51700.55,12.4,14.2
2,2024-06-08,22.50,25787.28,51736.25,14.2,15.8
2,2024-06-09,6.25,7405.74,51769.41,14.7,16.0
2,2024-06-10,22.07,46098.99,51799.97,15.3,17.5
2,2024-06-11,24.70,39924.45,51827.92,15.2,17.9
2,2024-06-12,25.53,39600.00,51853.19,15.7,18.2
2,2024-06-13,25.03,50400.00,51875.77,16.4,19.5
2,2024-06-14,27.15,46800.00,51895.60,14.8,18.4
2,2024-06-15,14.11,19442.61,51912.66,17.7,20.3
2,2024-06-16,25.52,50400.00,51926.90,17.9,19.7
2,2024-06-17,10.20,9610.99,51938.31,17.8,19.5
2,2024-06-18,10.87,18503.93,51946.84,15.2,19.8
2,2024-06-19,26.95,50013.94,51952.45,14.4,17.4
2,2024-06-20,15.80,16890.21,51955.14,17.0,18.8
2,2024-06-21,13.59,33143.00,51954.84,16.4,19.1
2,2024-06-22,18.80,21884.45,51951.55,19.6,23.1
2,2024-06-23,10.87,5218.64,51945.28,22.1,23.9
2,2024-06-24,11.55,16818.72,51936.08,19.9,21.4
2,2024-06-25,18.81,37825.59,51923.99,18.6,20.5
2,2024-06-26,17.30,23563.81,51909.03,16.0,17.5
2,2024-06-27,9.21,5273.28,51891.26,19.2,21.1
2,2024-06-28,7.08,0.00,51870.72,20.1,21.7
2,2024-06-29,21.25,31712.99,51847.45,19.1,21.1
2,2024-06-30,7.37,3962.24,51821.49,21.9,23.3
2,2024-07-01,7.42,6555.44,51792.87,22.2,23.6
2,2024-07-02,15.91,24902.11,51761.67,21.7,23.3
2,2024-07-03,25.65,50400.00,51727.90,21.3,22.6
2,2024-07-04,21.91,49234.45,51691.64,21.9,22.7
2,2024-07-05,27.24,50400.00,51652.90,21.2,23.6
2,2024-07-06,26.69,50400.00,51611.76,20.1,22.1
2,2024-07-07,29.06,50400.00,51568.26,20.4,22.7
2,2024-07-08,28.06,48862.06,51522.44,20.0,22.6
2,2024-07-09,20.06,38275.50,51474.35,20.8,21.6
2,2024-07-10,13.51,18073.47,51424.04,22.2,23.2
2,2024-07-11,4.89,0.00,51371.46,21.1,22.3
2,2024-07-12,11.33,8417.53,51316.14,19.6,21.6
2,2024-07-13,10.93,10958.70,51258.08,20.9,21.9
2,2024-07-14,20.06,33847.29,51197.37,21.8,22.5
2,2024-07-15,15.39,19708.44,51134.12,21.3,22.2
2,2024-07-16,18.30,37602.91,51068.41,21.1,22.2
2,2024-07-17,25.53,50275.91,51000.37,19.7,21.5
2,2024-07-18,26.26,41819.24,50930.08,20.8,22.9
2,2024-07-19,25.22,43200.00,50857.65,22.3,23.4
2,2024-07-20,23.78,50156.51,50783.16,21.2,22.6
2,2024-07-21,26.07,50115.72,50706.72,22.1,23.7
2,2024-07-22,25.24,50074.55,50628.42,21.4,22.5
2,2024-07-23,26.91,44573.30,50548.35,21.9,22.9
2,2024-07-24,20.87,35624.39,50466.61,21.9,22.8
2,2024-07-25,21.06,45355.93,50383.28,21.6,22.5
2,2024-07-26,21.52,42174.19,50298.47,22.3,23.7
2,2024-07-27,22.92,46342.74,50212.26,22.5,23.8
2,2024-07-28,26.15,49586.96,50124.73,21.6,23.2
2,2024-07-29,27.87,49499.50,50035.98,21.2,22.3
2,2024-07-30,20.43,42298.86,49946.08,22.2,23.5
2,2024-07-31,24.76,49321.02,49855.00,18.6,20.1
2,2024-08-01,27.83,49229.17,49761.97,20.0,22.6
2,2024-08-02,26.34,47852.98,49666.98,21.7,22.9
2,2024-08-03,22.57,47317.64,49570.13,22.9,24.5
2,2024-08-04,18.33,45207.76,49471.54,23.0,24.9
2,2024-08-05,17.92,40962.15,49371.32,23.2,24.2
2,2024-08-06,16.81,38993.10,49269.57,22.5,23.6
2,2024-08-07,22.71,48452.67,49166.40,21.2,22.5
2,2024-08-08,26.45,48482.35,49061.92,19.2,20.8
2,2024-08-09,25.44,47834.64,48956.22,19.6,21.9
2,2024-08-10,24.02,43011.12,48849.40,20.3,21.9
2,2024-08-11,20.34,42867.55,48741.57,20.8,21.7
2,2024-08-12,23.40,45182.31,48632.81,21.8,24.1
2,2024-08-13,24.36,45117.93,48523.23,21.3,22.5
2,2024-08-14,23.29,45739.42,48412.91,21.3,22.9
2,2024-08-15,21.05,43456.93,48301.96,22.1,23.6
2,2024-08-16,20.73,42240.56,48190.44,21.6,22.6
2,2024-08-17,22.17,45594.54,48078.46,21.1,22.3
2,2024-08-18,23.28,35710.34,47966.10,21.3,24.1
2,2024-08-19,7.46,3600.00,47853.44,22.8,24.2
2,2024-08-20,18.64,37251.07,47740.42,21.8,23.2
2,2024-08-21,21.93,43200.00,47626.22,22.4,23.7
2,2024-08-22,21.42,43642.19,47510.80,22.6,23.8
2,2024-08-23,19.17,36094.80,47394.24,22.7,23.8
2,2024-08-24,15.88,31962.79,47276.64,22.6,24.2
2,2024-08-25,19.39,41838.43,47158.10,21.6,22.8
2,2024-08-26,18.72,28800.00,47038.69,21.7,22.7
2,2024-08-27,17.94,34945.57,46918.53,21.5,23.2
2,2024-08-28,15.17,28773.83,46797.67,21.9,23.1
2,2024-08-29,6.12,1277.15,46676.24,22.2,23.4
2,2024-08-30,13.32,20835.45,46554.29,22.7,23.7
2,2024-08-31,4.03,3718.68,46431.92,21.6,23.1
2,2024-09-01,10.07,18656.76,46309.21,22.3,23.6
2,2024-09-02,20.66,43292.32,46186.24,20.6,22.6
2,2024-09-03,17.38,36000.00,46063.10,19.4,20.6
2,2024-09-04,21.68,43200.00,45939.84,19.0,20.6
2,2024-09-05,21.50,43200.00,45816.57,18.2,20.8
2,2024-09-06,22.11,43200.00,45693.35,18.0,21.0
2,2024-09-07,23.25,43200.00,45570.26,18.6,21.5
2,2024-09-08,19.62,43200.00,45447.38,20.0,22.4
2,2024-09-09,22.04,36042.61,45324.64,20.9,22.6
2,2024-09-10,13.24,26775.14,45201.20,22.3,23.6
2,2024-09-11,18.68,43200.00,45076.99,21.7,23.2
2,2024-09-12,16.41,42550.53,44952.10,21.9,23.4
2,2024-09-13,19.94,40632.71,44826.62,20.8,21.8
2,2024-09-14,15.26,33177.82,44700.62,22.5,23.1
2,2024-09-15,9.46,14616.51,44574.19,21.7,22.4
2,2024-09-16,14.46,42456.78,44447.39,22.3,24.1
2,2024-09-17,18.47,42958.28,44320.32,21.3,22.9
2,2024-09-18,17.90,42872.63,44193.04,21.3,22.8
2,2024-09-19,17.00,39506.63,44065.64,19.5,21.8
2,2024-09-20,20.04,36462.29,43938.20,21.4,22.4
2,2024-09-21,14.18,19252.28,43810.78,21.7,22.7
2,2024-09-22,10.30,18455.38,43683.47,19.0,23.4
2,2024-09-23,19.67,42089.78,43556.34,15.9,17.1
2,2024-09-24,16.58,40443.60,43429.48,15.5,16.6
2,2024-09-25,19.76,37164.22,43302.94,16.7,19.9
2,2024-09-26,16.29,33504.18,43176.83,19.4,20.6
2,2024-09-27,11.56,25720.01,43051.20,19.5,21.4
2,2024-09-28,8.99,4787.11,42926.14,19.3,20.3
2,2024-09-29,6.85,0.00,42801.57,18.2,19.9
2,2024-09-30,14.58,35461.28,42676.61,16.3,17.9
2,2024-10-01,18.83,41295.39,42551.18,16.5,18.5
2,2024-10-02,17.67,32464.23,42425.38,17.7,19.7
2,2024-10-03,3.07,0.00,42299.28,20.5,21.5
2,2024-10-04,3.06,0.00,42172.98,18.7,21.2
2,2024-10-05,9.46,20534.74,42046.56,18.1,20.2
2,2024-10-06,14.67,33678.10,41920.11,19.1,19.7
2,2024-10-07,14.27,27763.21,41793.71,19.0,19.8
2,2024-10-08,8.78,15440.21,41667.45,15.3,19.2
2,2024-10-09,15.80,31541.67,41541.42,12.6,14.0
2,2024-10-10,13.73,34967.72,41415.72,11.8,13.6
2,2024-10-11,15.65,39572.28,41290.42,9.9,11.8
2,2024-10-12,18.21,39368.93,41165.62,11.7,14.7
2,2024-10-13,17.99,39321.13,41041.41,12.7,14.2
2,2024-10-14,15.28,29284.85,40917.89,14.8,16.7
2,2024-10-15,12.81,28833.36,40795.16,17.0,18.8
2,2024-10-16,8.19,19728.10,40673.29,17.7,19.8
2,2024-10-17,14.45,28800.00,40552.41,18.1,18.9
2,2024-10-18,5.84,8972.45,40432.59,18.9,20.3
2,2024-10-19,9.41,20000.58,40313.77,16.1,19.8
2,2024-10-20,15.35,34580.51,40194.98,10.5,12.8
2,2024-10-21,12.61,33558.11,40076.13,12.4,14.6
2,2024-10-22,7.37,12683.09,39957.33,17.0,19.3
2,2024-10-23,7.51,23604.12,39838.67,18.0,21.1
2,2024-10-24,7.44,12103.61,39720.27,16.4,19.1
2,2024-10-25,11.67,23525.27,39602.23,14.3,16.3
2,2024-10-26,2.91,3725.04,39484.66,16.2,17.3
2,2024-10-27,7.31,9584.72,39367.67,16.9,17.9
2,2024-10-28,9.35,25521.18,39251.35,11.7,14.9
2,2024-10-29,1.85,106.03,39135.84,15.3,16.3
2,2024-10-30,10.86,26803.99,39021.24,8.5,14.5
2,2024-10-31,9.45,16732.43,38907.68,14.2,15.9
2,2024-11-01,5.27,2716.17,38795.26,16.3,19.9
2,2024-11-02,3.54,5881.25,38684.11,15.1,21.5
2,2024-11-03,16.16,37673.49,38574.36,8.5,13.1
2,2024-11-04,10.63,33307.33,38466.12,13.1,14.4
2,2024-11-05,10.04,25718.17,38359.54,11.4,13.4
2,2024-11-06,12.32,32067.88,38254.72,7.0,9.1
2,2024-11-07,11.15,29108.47,38151.81,2.0,5.1
2,2024-11-08,13.63,34649.66,38050.76,3.1,7.3
2,2024-11-09,14.42,35526.60,37950.56,9.2,10.5
2,2024-11-10,5.96,9908.12,37851.14,13.9,14.5
2,2024-11-11,12.77,34458.73,37752.60,9.6,14.1
2,2024-11-12,11.78,34246.77,37655.07,11.5,14.0
2,2024-11-13,13.95,31758.00,37558.66,7.1,12.0
2,2024-11-14,7.08,20061.65,37463.48,13.2,14.4
2,2024-11-15,6.74,8783.70,37369.65,13.2,14.6
2,2024-11-16,2.51,3600.00,37277.29,14.9,15.9
2,2024-11-17,9.03,29371.75,37186.54,13.1,16.4
2,2024-11-18,7.36,18172.79,37097.50,2.9,6.1
2,2024-11-19,11.79,30917.42,37010.31,3.2,9.1
2,2024-11-20,4.40,5411.56,36925.09,6.4,10.5
2,2024-11-21,12.21,35106.88,36841.98,4.5,5.9
2,2024-11-22,10.51,29332.37,36761.10,4.1,5.6
2,2024-11-23,6.81,15323.86,36682.59,1.8,3.0
2,2024-11-24,9.61,30025.92,36606.58,2.8,3.5
2,2024-11-25,12.55,31401.64,36533.21,3.8,10.2
2,2024-11-26,2.33,2438.85,36462.61,11.2,14.5
2,2024-11-27,8.71,24984.60,36394.93,3.9,5.8
2,2024-11-28,10.22,31353.77,36330.15,0.0,3.3
2,2024-11-29,9.59,33036.58,36267.51,1.0,2.0
2,2024-11-30,8.86,27138.80,36206.96,1.2,2.4
2,2024-12-01,11.88,34924.88,36148.57,1.6,3.2
2,2024-12-02,11.77,34919.40,36092.41,3.3,6.0
2,2024-12-03,11.76,34915.95,36038.56,4.7,6.9
2,2024-12-04,11.11,34914.45,35987.10,1.0,2.6
2,2024-12-05,10.50,33848.92,35938.10,0.5,1.5
2,2024-12-06,8.24,27056.89,35891.64,1.2,2.3
2,2024-12-07,10.03,28817.09,35847.81,-1.6,0.4
2,2024-12-08,9.70,25278.76,35806.67,-2.0,-0.1
2,2024-12-09,9.95,34335.60,35768.29,-0.3,0.6
2,2024-12-10,9.37,34655.54,35732.77,-0.0,1.8
2,2024-12-11,8.88,31464.28,35700.17,-0.9,2.5
2,2024-12-12,11.06,34420.23,35670.57,-2.8,1.2
2,2024-12-13,6.48,19395.87,35644.04,0.2,2.0
2,2024-12-14,6.93,25040.53,35620.65,-1.7,-0.7
2,2024-12-15,8.81,32474.37,35600.48,-1.5,0.7
2,2024-12-16,9.75,35015.43,35583.60,-0.9,0.3
2,2024-12-17,9.49,33005.42,35570.07,-1.2,0.6
2,2024-12-18,11.07,31479.01,35559.93,-3.1,-1.4
2,2024-12-19,9.75,30562.30,35553.04,-4.0,-2.4
2,2024-12-20,9.61,26920.97,35549.34,-5.3,-0.1
2,2024-12-21,4.64,13504.95,35548.81,1.9,5.6
2,2024-12-22,6.78,19479.45,35551.42,-2.1,-1.0
2,2024-12-23,8.07,30308.29,35557.13,-2.2,-1.1
2,2024-12-24,8.45,26454.06,35565.93,-0.9,0.2
2,2024-12-25,11.86,30589.52,35577.78,-0.1,4.5
2,2024-12-26,6.00,16998.79,35592.65,0.8,4.3
2,2024-12-27,10.34,31769.06,35610.50,-4.2,-2.8
2,2024-12-28,10.45,32974.40,35631.31,-4.6,-3.0
2,2024-12-29,7.15,20296.68,35655.03,-3.0,-1.4
2,2024-12-30,9.67,27923.11,35681.63,-1.8,3.2
2,2024-12-31,7.49,20836.82,35711.08,-0.4,3.5
2,2025-01-01,11.43,35184.44,35743.32,-2.9,-1.6
2,2025-01-02,11.93,35220.81,35778.33,-1.9,-0.4
2,2025-01-03,10.75,26558.20,35816.06,-4.1,-1.9
2,2025-01-04,8.56,25845.63,35856.49,-3.9,-2.9
2,2025-01-05,10.89,28800.00,35899.54,-3.2,3.8
2,2025-01-06,1.83,0.00,35945.20,3.4,7.2
2,2025-01-07,8.61,23969.32,35993.53,-5.8,-1.7
2,2025-01-08,11.55,32327.06,36045.06,-6.7,-1.1
2,2025-01-09,7.03,18071.05,36099.79,-7.6,-2.5
2,2025-01-10,5.91,12024.38,36157.58,-4.0,-2.3
2,2025-01-11,10.87,30400.76,36218.33,-5.1,-2.3
2,2025-01-12,9.60,24824.51,36281.90,-3.9,-2.2
2,2025-01-13,11.03,35619.97,36348.19,-2.2,-0.2
2,2025-01-14,11.89,32400.00,36417.06,-1.3,1.8
2,2025-01-15,6.67,12081.33,36488.40,-3.1,1.5
2,2025-01-16,8.17,25349.82,36562.09,-3.7,-1.0
2,2025-01-17,6.21,13123.68,36638.02,-4.2,-2.1
2,2025-01-18,13.75,35706.45,36716.05,-2.0,1.3
2,2025-01-19,13.28,32400.00,36796.09,1.5,4.3
2,2025-01-20,11.00,31174.63,36878.01,0.9,5.1
2,2025-01-21,12.99,32670.91,36961.71,-1.8,1.3
2,2025-01-22,12.66,34419.70,37047.07,-2.6,1.2
2,2025-01-23,12.64,34087.23,37133.98,-3.3,2.1
2,2025-01-24,13.46,35865.85,37222.34,-2.1,0.7
2,2025-01-25,13.41,35898.15,37312.03,-4.1,-2.6
2,2025-01-26,12.40,32400.00,37402.95,-5.9,-2.1
2,2025-01-27,5.22,7167.85,37495.19,0.9,2.7
2,2025-01-28,11.07,35848.51,37589.69,-5.0,-3.0
2,2025-01-29,10.04,28734.66,37686.49,-6.6,-5.4
2,2025-01-30,7.76,17763.52,37785.45,-6.0,-3.2
2,2025-01-31,9.37,23120.97,37886.42,-3.1,-2.4
2,2025-02-01,9.55,15154.51,37989.28,-0.3,2.1
2,2025-02-02,6.29,8878.53,38093.88,2.6,4.0
2,2025-02-03,10.27,27108.85,38200.10,-2.1,2.6
2,2025-02-04,12.90,31160.28,38307.79,-8.7,-7.1
2,2025-02-05,13.44,33996.51,38416.84,-10.1,-7.6
2,2025-02-06,12.43,27263.29,38527.11,-7.9,-6.8
2,2025-02-07,13.96,27813.32,38638.49,-8.9,-4.3
2,2025-02-08,12.01,26891.41,38750.83,-6.8,-4.3
2,2025-02-09,12.16,23591.36,38864.04,-4.8,-3.3
2,2025-02-10,14.03,32721.68,38977.99,-5.5,-4.4
2,2025-02-11,8.59,20305.86,39092.56,-7.4,-3.5
2,2025-02-12,5.81,3988.76,39207.65,3.3,8.8
2,2025-02-13,9.93,26702.87,39323.13,-4.7,-1.8
2,2025-02-14,17.19,38077.49,39438.89,-3.9,-2.0
2,2025-02-15,17.05,33940.96,39554.84,-2.2,4.2
2,2025-02-16,9.10,19847.98,39671.04,3.0,5.9
2,2025-02-17,13.27,28751.94,39788.54,-5.0,0.9
2,2025-02-18,13.52,31035.11,39907.41,-6.2,-3.9
2,2025-02-19,13.99,32787.06,40027.52,-6.8,-4.9
2,2025-02-20,14.92,32400.00,40148.77,-5.8,-4.1
2,2025-02-21,13.55,30328.93,40271.04,-5.4,-4.0
2,2025-02-22,13.13,28484.20,40394.24,-6.4,-4.8
2,2025-02-23,17.02,34972.15,40518.23,-6.6,-4.3
2,2025-02-24,15.19,36408.13,40642.93,-5.1,-3.4
2,2025-02-25,19.55,35408.90,40768.24,-5.2,-0.4
2,2025-02-26,19.08,39297.37,40894.03,-3.8,-1.0
2,2025-02-27,19.61,34982.56,41020.22,-5.9,-1.8
2,2025-02-28,6.31,9668.63,41146.70,3.8,7.1
2,2025-03-01,17.16,35288.09,41273.38,6.0,9.2
2,2025-03-02,8.21,16130.85,41400.16,11.8,13.6
2,2025-03-03,5.18,6250.15,41526.93,3.7,14.0
2,2025-03-04,2.70,0.00,41653.61,5.4,7.6
2,2025-03-05,3.52,0.00,41780.10,4.6,9.1
2,2025-03-06,8.32,6873.04,41906.29,-1.6,0.7
2,2025-03-07,11.92,25029.44,42032.12,-6.5,-3.3
2,2025-03-08,10.61,18395.88,42157.64,-1.5,0.8
2,2025-03-09,21.24,41825.23,42283.81,-4.9,-2.2
2,2025-03-10,20.54,32692.05,42410.72,-1.0,5.2
2,2025-03-11,4.77,0.00,42538.28,6.7,8.3
2,2025-03-12,7.60,11164.66,42666.41,9.1,12.6
2,2025-03-13,13.26,25785.43,42795.02,-2.3,7.9
2,2025-03-14,19.35,35932.20,42924.02,-9.2,0.2
2,2025-03-15,3.41,0.00,43053.33,2.8,6.2
2,2025-03-16,8.01,9871.78,43182.87,4.0,9.1
2,2025-03-17,14.04,30858.60,43312.55,-3.3,-1.0
2,2025-03-18,15.03,29687.55,43442.28,-3.0,0.7
2,2025-03-19,8.32,17195.61,43571.99,-4.3,-1.5
2,2025-03-20,23.60,43033.26,43701.58,-4.1,1.4
2,2025-03-21,23.44,43116.21,43830.99,0.3,3.2
2,2025-03-22,23.37,43198.91,43960.10,-0.3,2.1
2,2025-03-23,22.77,36000.00,44088.86,1.0,3.2
2,2025-03-24,16.31,30158.27,44217.17,4.1,8.1
2,2025-03-25,23.19,43200.00,44344.94,6.4,9.5
2,2025-03-26,22.74,36557.56,44472.08,4.4,14.2
2,2025-03-27,11.12,17378.75,44598.52,14.7,15.6
2,2025-03-28,10.35,14565.12,44724.32,7.1,14.1
2,2025-03-29,16.10,27210.52,44850.37,-2.1,0.4
2,2025-03-30,17.98,38759.50,44976.75,-3.3,-1.7
2,2025-03-31,20.74,32972.32,45103.38,-0.8,5.3
2,2025-04-01,11.25,14929.90,45230.18,6.0,9.2
2,2025-04-02,7.58,7200.00,45357.08,7.3,8.7
2,2025-04-03,19.80,33194.52,45483.99,2.0,5.5
2,2025-04-04,21.93,43200.00,45610.83,-2.1,1.9
2,2025-04-05,20.89,31437.07,45737.51,1.9,9.1
2,2025-04-06,17.34,37407.81,45863.97,5.8,10.4
2,2025-04-07,25.19,43200.00,45990.10,0.3,2.1
2,2025-04-08,22.42,43200.00,46115.84,2.4,8.1
2,2025-04-09,24.80,36081.47,46241.08,1.3,11.0
2,2025-04-10,15.89,27930.33,46365.75,10.0,12.0
2,2025-04-11,17.06,40408.82,46489.76,6.1,11.9
2,2025-04-12,22.49,30591.40,46613.01,8.0,11.7
2,2025-04-13,5.70,7354.99,46735.42,5.7,12.8
2,2025-04-14,25.56,41336.10,46856.89,3.7,8.0
2,2025-04-15,20.53,41983.91,46977.33,1.0,2.3
2,2025-04-16,23.84,43342.53,47096.63,3.5,5.9
2,2025-04-17,24.44,36000.00,47214.86,10.1,12.9
2,2025-04-18,17.21,37894.61,47332.89,12.1,14.2
2,2025-04-19,22.01,36000.00,47450.76,12.9,16.1
2,2025-04-20,14.59,19567.03,47568.40,10.9,13.2
2,2025-04-21,25.94,36014.39,47685.73,7.7,12.9
2,2025-04-22,11.92,14061.79,47802.67,14.0,17.3
2,2025-04-23,15.21,27883.54,47919.11,15.8,19.2
2,2025-04-24,24.07,36234.92,48034.97,8.7,14.3
2,2025-04-25,17.52,27622.84,48150.15,1.1,10.3
2,2025-04-26,28.19,45214.51,48264.58,0.0,2.9
2,2025-04-27,25.90,36000.00,48378.13,5.1,9.4
2,2025-04-28,7.25,7200.00,48490.73,8.5,11.9
2,2025-04-29,27.00,46766.85,48602.26,0.0,3.3
2,2025-04-30,27.42,45205.14,48712.63,3.2,9.2
2,2025-05-01,17.05,30293.93,48821.74,10.2,11.8
2,2025-05-02,8.88,22368.04,48929.48,7.8,12.3
2,2025-05-03,26.08,36044.02,49035.73,8.4,13.2
2,2025-05-04,26.47,45265.80,49140.40,4.0,10.9
2,2025-05-05,25.53,32751.91,49243.38,6.5,10.6
2,2025-05-06,9.14,13162.79,49344.55,10.4,12.1
2,2025-05-07,26.54,48239.85,49443.93,3.1,7.5
2,2025-05-08,25.74,38302.54,49542.32,9.4,13.2
2,2025-05-09,5.04,0.00,49639.76,14.4,18.8
2,2025-05-10,10.85,15489.54,49736.20,13.5,19.1
2,2025-05-11,21.32,26397.78,49831.51,10.5,13.0
2,2025-05-12,17.56,25873.51,49925.64,8.2,9.6
2,2025-05-13,27.82,43245.61,50018.46,10.6,14.5
2,2025-05-14,25.03,42474.74,50109.89,11.8,14.3
2,2025-05-15,16.41,24941.57,50199.85,13.0,14.1
2,2025-05-16,12.03,12288.59,50288.22,15.3,18.2
2,2025-05-17,7.65,2508.11,50374.92,19.5,21.0
2,2025-05-18,14.53,15817.30,50459.85,15.9,18.4
2,2025-05-19,19.33,33496.07,50542.91,10.8,14.7
2,2025-05-20,26.14,36295.47,50623.99,17.7,19.6
2,2025-05-21,14.59,15142.41,50702.99,18.2,20.2
2,2025-05-22,12.97,28070.56,50779.82,17.0,20.9
2,2025-05-23,14.80,23576.45,50854.35,13.1,16.7
2,2025-05-24,5.63,3600.00,50926.49,16.3,19.8
2,2025-05-25,12.98,7102.50,50996.14,11.2,16.1
2,2025-05-26,9.81,492.60,51063.17,10.3,13.4
2,2025-05-27,9.12,11136.89,51127.60,12.3,14.5
2,2025-05-28,20.33,27124.49,51189.96,13.2,14.6
2,2025-05-29,9.18,0.00,51250.31,12.9,14.9
2,2025-05-30,12.41,12350.44,51308.58,12.9,14.0
2,2025-05-31,10.21,1862.53,51364.71,10.5,11.7
2,2025-06-01,17.64,33214.74,51418.66,10.8,12.2
2,2025-06-02,16.72,17520.33,51470.35,13.8,16.0
2,2025-06-03,6.89,413.19,51519.72,17.0,20.2
2,2025-06-04,26.49,50380.64,51566.73,9.0,14.5
2,2025-06-05,30.14,50400.00,51611.31,9.9,15.8
2,2025-06-06,22.47,28680.84,51653.40,12.2,14.8
2,2025-06-07,23.62,43345.70,51692.94,13.9,17.2
2,2025-06-08,7.49,363.45,51729.89,15.7,18.0
2,2025-06-09,4.70,0.00,51764.17,17.0,19.1
2,2025-06-10,6.62,0.00,51795.74,20.9,21.7
2,2025-06-11,7.66,4329.45,51824.54,17.2,21.5
2,2025-06-12,13.94,17167.17,51850.51,12.6,15.1
2,2025-06-13,17.38,28410.76,51873.60,15.9,18.7
2,2025-06-14,6.23,0.00,51893.76,20.6,21.9
2,2025-06-15,19.92,48352.71,51910.94,20.4,22.2
2,2025-06-16,23.48,37999.86,51925.09,22.3,23.2
2,2025-06-17,22.61,44238.92,51936.35,20.7,22.8
2,2025-06-18,28.76,50400.00,51944.72,16.8,20.6
2,2025-06-19,27.23,50400.00,51950.24,16.1,20.8
2,2025-06-20,25.63,48425.66,51952.90,19.2,21.5
2,2025-06-21,23.05,48118.69,51952.75,19.5,21.0
2,2025-06-22,21.54,38145.05,51949.78,21.3,22.0
2,2025-06-23,8.32,2719.83,51944.03,20.7,22.0
2,2025-06-24,13.23,24291.36,51935.51,20.6,22.4
2,2025-06-25,19.79,37326.87,51924.24,21.7,23.3
2,2025-06-26,15.74,30450.25,51910.25,20.9,22.9
2,2025-06-27,28.16,50400.00,51893.55,17.9,18.5
2,2025-06-28,27.82,50400.00,51874.19,19.0,21.1
2,2025-06-29,25.56,50400.00,51852.17,20.0,22.2
2,2025-06-30,25.85,50201.43,51827.54,21.1,23.3
2,2025-07-01,23.99,37615.49,51800.31,20.5,23.1
2,2025-07-02,20.83,48419.40,51770.51,21.4,23.7
2,2025-07-03,21.91,42944.44,51738.18,22.3,23.5
2,2025-07-04,22.95,50400.00,51703.35,20.9,22.7
2,2025-07-05,27.06,50400.00,51666.04,20.3,22.0
2,2025-07-06,25.73,48996.56,51626.21,20.3,22.8
2,2025-07-07,24.02,49051.94,51583.49,22.1,24.1
2,2025-07-08,21.99,50018.20,51537.88,21.6,23.1
2,2025-07-09,25.20,50400.00,51489.46,20.7,22.0
2,2025-07-10,21.34,32884.24,51438.35,21.6,22.8
2,2025-07-11,14.02,18765.28,51384.62,21.5,22.2
2,2025-07-12,20.74,42072.93,51328.36,21.3,22.3
2,2025-07-13,22.17,39600.00,51269.65,21.0,21.8
2,2025-07-14,13.83,21978.88,51208.60,22.0,22.7
2,2025-07-15,26.22,39600.00,51145.28,20.3,22.0
2,2025-07-16,13.23,20880.72,51079.79,21.8,22.8
2,2025-07-17,4.65,3637.78,51012.21,21.4,22.1
2,2025-07-18,20.07,38131.80,50942.63,20.8,22.2
2,2025-07-19,21.53,40825.52,50871.14,20.4,21.2
2,2025-07-20,20.20,42475.02,50797.81,21.6,22.8
2,2025-07-21,24.33,45811.83,50722.74,22.0,23.2
2,2025-07-22,23.99,43200.00,50646.01,21.8,23.2
2,2025-07-23,23.65,49059.47,50567.71,21.9,24.2
2,2025-07-24,22.69,45104.17,50487.91,21.8,22.7
2,2025-07-25,25.51,46705.96,50406.69,21.2,21.7
2,2025-07-26,24.39,47188.79,50324.01,21.2,21.9
2,2025-07-27,24.79,49700.08,50239.17,19.7,21.5
2,2025-07-28,26.62,49614.17,50152.14,20.3,22.9
2,2025-07-29,27.76,49526.22,50063.05,18.1,20.8
2,2025-07-30,26.54,49436.33,49971.99,20.1,22.5
2,2025-07-31,24.50,49344.60,49879.08,20.1,23.0
2,2025-08-01,23.37,48484.33,49784.44,21.2,22.8
2,2025-08-02,24.24,48865.33,49688.18,21.7,24.0
2,2025-08-03,24.09,47822.55,49590.38,21.1,22.9
2,2025-08-04,26.87,47784.24,49491.16,21.2,22.5
2,2025-08-05,24.02,46575.85,49390.62,22.6,23.7
2,2025-08-06,23.77,39110.31,49288.85,22.6,24.0
2,2025-08-07,12.71,24144.71,49185.97,21.3,23.4
2,2025-08-08,22.22,44188.23,49082.06,19.1,20.9
2,2025-08-09,13.62,19340.07,48977.22,20.9,22.6
2,2025-08-10,4.69,0.00,48871.53,22.6,23.4
2,2025-08-11,6.15,1692.80,48765.11,22.5,23.7
2,2025-08-12,14.80,26863.53,48658.02,22.2,22.9
2,2025-08-13,21.92,42507.71,48550.37,21.4,22.6
2,2025-08-14,22.06,44289.35,48442.23,21.4,22.6
2,2025-08-15,23.14,44624.08,48333.54,20.9,22.5
2,2025-08-16,21.55,44386.11,48223.51,21.4,22.8
2,2025-08-17,21.26,44149.31,48112.07,21.5,23.6
2,2025-08-18,18.64,43691.94,47999.33,22.0,23.7
2,2025-08-19,24.95,44821.98,47885.40,20.3,22.7
2,2025-08-20,23.44,44303.17,47770.36,20.8,22.8
2,2025-08-21,23.53,44355.81,47654.31,20.1,23.1
2,2025-08-22,23.34,41262.77,47537.36,21.2,22.4
2,2025-08-23,19.00,41220.37,47419.58,23.0,24.8
2,2025-08-24,18.45,42068.90,47301.08,22.8,24.0
2,2025-08-25,18.31,37161.85,47181.93,22.5,24.1
2,2025-08-26,21.64,43265.79,47062.23,21.1,22.2
2,2025-08-27,19.42,36901.95,46942.06,21.5,22.4
2,2025-08-28,20.94,43200.00,46821.53,21.1,22.4
2,2025-08-29,22.18,43490.10,46700.68,21.0,23.1
2,2025-08-30,23.17,43509.64,46579.62,21.1,23.6
2,2025-08-31,21.85,43529.22,46458.42,20.7,23.0
2,2025-09-01,21.67,43200.00,46337.17,20.9,22.0
2,2025-09-02,22.69,43200.00,46215.94,20.6,22.2
2,2025-09-03,13.68,19844.15,46094.81,21.4,22.5
2,2025-09-04,4.57,0.00,45973.72,22.1,22.7
2,2025-09-05,12.24,26836.33,45851.82,21.0,22.8
2,2025-09-06,23.94,43200.00,45729.06,18.0,21.8
2,2025-09-07,20.76,43200.00,45605.53,20.2,21.6
2,2025-09-08,21.84,43200.00,45481.30,21.1,22.0
2,2025-09-09,20.89,43200.00,45356.46,21.2,23.3
2,2025-09-10,18.14,32794.56,45231.09,21.8,22.9
2,2025-09-11,13.33,31239.62,45105.28,21.2,22.4
2,2025-09-12,14.65,26907.79,44979.09,21.5,22.0
2,2025-09-13,11.71,21425.96,44852.62,22.5,23.3
2,2025-09-14,17.92,40536.30,44725.94,21.8,23.1
2,2025-09-15,21.30,43144.73,44599.12,20.4,21.8
2,2025-09-16,19.21,43059.42,44472.25,21.5,23.0
2,2025-09-17,19.59,41254.40,44345.39,21.6,22.5
2,2025-09-18,19.26,42889.13,44218.63,19.5,22.4
2,2025-09-19,14.90,35499.25,44092.04,19.7,21.0
2,2025-09-20,12.95,26156.95,43965.70,21.1,21.8
2,2025-09-21,19.81,41138.77,43839.68,14.3,19.5
2,2025-09-22,19.90,35251.48,43714.06,14.5,16.6
2,2025-09-23,8.95,6144.11,43588.91,16.3,17.0
2,2025-09-24,9.09,11030.30,43464.16,17.3,18.0
2,2025-09-25,11.75,21345.54,43338.94,19.0,20.8
2,2025-09-26,17.81,40513.77,43213.19,17.5,20.7
2,2025-09-27,16.62,29512.83,43086.98,13.9,16.9
2,2025-09-28,16.29,30201.86,42960.40,18.4,20.3
2,2025-09-29,11.91,33732.29,42833.54,16.6,20.5
2,2025-09-30,18.13,40405.87,42706.47,14.7,17.2
2,2025-10-01,19.23,41285.02,42579.28,13.4,16.3
2,2025-10-02,15.05,21933.88,42452.05,12.8,15.8
2,2025-10-03,4.30,0.00,42324.86,17.1,18.6
2,2025-10-04,5.12,1418.63,42197.80,19.0,20.4
2,2025-10-05,7.50,8191.20,42070.96,19.0,21.6
2,2025-10-06,17.00,36783.06,41944.40,16.3,18.4
2,2025-10-07,12.51,35139.85,41818.23,17.0,18.4
2,2025-10-08,15.05,31429.83,41692.52,17.7,18.9
2,2025-10-09,17.65,32747.38,41567.37,13.4,15.7
2,2025-10-10,4.73,98.68,41442.86,16.9,18.6
2,2025-10-11,7.86,10628.87,41319.08,19.3,20.8
2,2025-10-12,6.72,1948.33,41196.11,19.9,21.3
2,2025-10-13,12.33,32697.57,41074.07,16.0,18.7
2,2025-10-14,14.55,38633.63,40952.86,18.4,19.4
2,2025-10-15,9.09,20341.35,40831.53,18.3,19.6
2,2025-10-16,8.85,21015.01,40710.01,18.1,20.8
2,2025-10-17,15.36,27531.82,40588.39,15.2,17.1
2,2025-10-18,7.96,15242.16,40466.78,18.0,19.3
2,2025-10-19,12.82,23029.20,40345.27,16.9,18.8
2,2025-10-20,12.83,31898.94,40223.96,11.6,17.1
2,2025-10-21,8.90,13872.29,40102.95,5.0,12.2
2,2025-10-22,2.65,0.00,39982.36,12.2,13.7
2,2025-10-23,14.21,31310.33,39862.27,8.3,12.4
2,2025-10-24,9.51,21953.52,39742.81,12.2,13.5
2,2025-10-25,8.66,16888.84,39624.06,15.3,17.8
2,2025-10-26,4.77,6360.73,39506.16,14.7,19.0
2,2025-10-27,14.45,38620.11,39389.19,6.8,8.3
2,2025-10-28,13.00,38566.71,39273.29,4.1,4.6
2,2025-10-29,15.01,36793.85,39158.56,4.6,9.3
2,2025-10-30,12.16,32400.00,39045.12,9.8,11.8
2,2025-10-31,2.02,0.00,38933.09,10.4,12.7
2,2025-11-01,12.18,26725.88,38822.60,8.5,9.4
2,2025-11-02,11.10,29548.35,38713.75,6.8,8.1
2,2025-11-03,12.59,37384.38,38606.51,2.3,5.1
2,2025-11-04,9.61,17735.42,38499.84,9.1,10.6
2,2025-11-05,2.39,0.00,38393.68,11.2,12.0
2,2025-11-06,9.17,24869.19,38288.14,9.0,12.8
2,2025-11-07,14.06,37314.09,38183.33,4.3,8.2
2,2025-11-08,14.46,31989.01,38079.36,8.4,12.5
2,2025-11-09,2.74,0.00,37976.35,13.5,15.9
2,2025-11-10,10.89,35060.27,37874.43,3.7,7.0
2,2025-11-11,11.88,34361.07,37773.70,3.4,6.0
2,2025-11-12,11.62,27651.87,37674.31,3.8,9.7
2,2025-11-13,4.12,3620.52,37576.36,9.0,11.8
2,2025-11-14,13.55,35732.19,37479.99,5.3,6.3
2,2025-11-15,13.83,35725.25,37385.32,3.5,5.1
2,2025-11-16,13.78,35125.18,37292.50,2.8,10.5
2,2025-11-17,12.29,32400.00,37201.65,6.9,10.9
2,2025-11-18,8.27,23968.75,37112.90,1.7,3.8
2,2025-11-19,8.92,34420.67,37026.39,-0.2,1.4
2,2025-11-20,12.30,35124.02,36942.27,2.4,5.7
2,2025-11-21,10.58,35102.51,36860.67,3.3,4.9
2,2025-11-22,12.87,35105.63,36781.73,2.2,4.4
2,2025-11-23,13.30,35047.99,36705.43,2.2,7.8
2,2025-11-24,12.48,30919.61,36630.93,2.5,6.3
2,2025-11-25,3.46,10993.59,36558.14,5.9,8.4
2,2025-11-26,9.88,34865.01,36487.16,2.7,5.9
2,2025-11-27,10.52,30654.69,36418.08,7.2,9.5
2,2025-11-28,11.89,34960.98,36351.00,2.0,4.1
2,2025-11-29,12.86,34949.27,36286.00,-0.2,3.6
2,2025-11-30,12.93,34939.43,36223.20,2.4,10.2
2,2025-12-01,11.21,31824.74,36162.67,6.9,10.8
2,2025-12-02,10.09,31022.82,36104.53,6.5,8.4
2,2025-12-03,7.44,15079.70,36048.86,-3.0,4.3
2,2025-12-04,7.57,25618.98,35995.77,-3.3,-2.2
2,2025-12-05,10.07,34917.60,35945.35,-2.6,0.1
2,2025-12-06,12.78,34918.60,35897.69,-1.8,3.1
2,2025-12-07,12.33,34921.36,35852.90,1.6,5.1
2,2025-12-08,10.72,34925.85,35811.07,3.3,5.5
2,2025-12-09,10.31,34656.91,35772.30,-1.0,1.1
2,2025-12-10,11.56,33867.31,35736.69,-2.7,-1.2
2,2025-12-11,7.59,25344.47,35704.33,3.2,6.9
2,2025-12-12,8.37,28589.31,35675.31,-4.3,0.0
2,2025-12-13,11.96,30408.35,35649.67,-0.7,9.5
2,2025-12-14,7.97,22211.26,35627.07,1.2,7.6
2,2025-12-15,6.51,23125.84,35607.44,-0.3,1.1
2,2025-12-16,11.83,35022.00,35590.81,-0.9,2.6
2,2025-12-17,9.76,31291.04,35577.17,3.4,5.4
2,2025-12-18,10.34,34997.58,35566.51,-2.1,2.3
2,2025-12-19,11.78,33010.33,35558.86,3.1,8.3
2,2025-12-20,9.93,30346.10,35554.20,9.4,11.8
2,2025-12-21,1.40,0.00,35552.54,7.1,12.2
2,2025-12-22,8.40,30278.10,35553.87,-0.5,2.3
2,2025-12-23,3.94,3148.49,35558.18,6.9,10.2
2,2025-12-24,5.91,13014.54,35565.49,9.3,11.4
2,2025-12-25,2.88,0.00,35575.76,4.0,12.2
2,2025-12-26,6.55,21752.60,35589.02,-3.8,-3.1
2,2025-12-27,5.44,9507.13,35605.23,-3.0,-1.0
2,2025-12-28,11.45,35061.23,35624.40,-3.2,-0.8
2,2025-12-29,9.22,29846.12,35646.50,-0.4,3.1
2,2025-12-30,9.18,31051.48,35671.54,1.0,4.2
2,2025-12-31,10.13,33680.09,35699.50,-3.0,-0.9
2,2026-01-01,9.65,30689.05,35730.36,-3.8,-2.3
2,2026-01-02,10.21,32012.83,35764.18,-5.7,-3.2
2,2026-01-03,7.21,21236.16,35801.34,-2.7,-1.2
2,2026-01-04,8.94,28514.99,35841.81,-1.6,0.5
2,2026-01-05,9.57,32808.83,35885.49,-0.8,1.1
2,2026-01-06,9.79,32201.49,35932.27,-5.2,-3.0
2,2026-01-07,11.60,30176.97,35982.06,-4.2,0.0
2,2026-01-08,8.96,25841.04,36034.75,-4.2,-3.3
2,2026-01-09,11.35,35542.48,36090.23,-6.1,-2.2
2,2026-01-10,12.03,32103.80,36148.41,2.2,5.4
2,2026-01-11,9.30,23582.52,36209.17,-8.2,-4.1
2,2026-01-12,11.98,34068.96,36272.41,-5.4,0.5
2,2026-01-13,10.70,32537.81,36338.03,-1.8,3.4
2,2026-01-14,11.54,35629.87,36405.93,-6.0,-4.9
2,2026-01-15,11.31,35644.18,36476.01,0.6,4.7
2,2026-01-16,12.46,35660.30,36548.16,-3.0,5.6
2,2026-01-17,13.54,35678.21,36622.29,-0.4,5.3
2,2026-01-18,13.64,35697.94,36698.29,-0.2,4.1
2,2026-01-19,10.19,32400.00,36776.08,4.9,6.9
2,2026-01-20,4.78,4700.75,36855.54,-5.1,2.4
2,2026-01-21,12.00,32168.16,36936.59,-7.7,-4.9
2,2026-01-22,8.68,21560.23,37019.29,-7.6,-5.8
2,2026-01-23,6.59,10801.78,37104.54,-6.0,-4.0
2,2026-01-24,11.63,32400.00,37192.37,-5.6,-3.6
2,2026-01-25,10.08,22630.65,37282.61,-6.2,-4.7
2,2026-01-26,12.59,35924.18,37375.13,-6.4,-1.7
2,2026-01-27,12.58,29202.97,37469.81,-2.1,-0.5
2,2026-01-28,8.17,18608.89,37566.48,-3.3,-2.5
2,2026-01-29,11.02,31544.14,37665.02,-5.8,-4.2
2,2026-01-30,9.79,23872.05,37765.30,-4.8,-3.0
2,2026-01-31,7.46,12340.18,37867.18,-4.7,-3.2
3,2021-01-01,10.40,32004.83,35636.66,-5.7,-1.2
3,2021-01-02,9.76,34871.76,35672.29,-3.5,-1.0
3,2021-01-03,8.98,26907.35,35710.70,-2.8,-2.0
3,2021-01-04,10.97,32082.05,35751.81,-3.7,-0.2
3,2021-01-05,3.56,7541.06,35795.60,-1.0,0.8
3,2021-01-06,10.77,31042.39,35842.02,-3.9,-0.5
3,2021-01-07,5.82,18251.43,35891.01,-8.5,-0.9
3,2021-01-08,9.00,34187.48,35942.64,-10.4,-7.8
3,2021-01-09,10.88,35448.03,35997.49,-9.1,-6.5
3,2021-01-10,8.58,26979.09,36055.56,-5.8,-4.8
3,2021-01-11,6.15,16225.70,36116.71,-2.9,0.4
3,2021-01-12,2.85,3144.20,36180.82,-0.3,1.5
3,2021-01-13,11.20,35556.77,36247.76,-1.8,0.6
3,2021-01-14,10.76,35571.12,36317.40,0.5,4.4
3,2021-01-15,12.39,35587.25,36389.63,2.0,6.2
3,2021-01-16,8.34,28386.38,36464.31,4.1,9.4
3,2021-01-17,9.27,24939.96,36541.33,-3.9,0.8
3,2021-01-18,11.74,33922.45,36620.56,-3.4,0.3
3,2021-01-19,6.64,13148.13,36701.88,-5.7,-1.7
3,2021-01-20,13.27,35693.77,36785.18,-3.9,-0.8
3,2021-01-21,13.19,32400.00,36870.33,1.6,7.5
3,2021-01-22,2.68,124.68,36957.21,7.6,9.6
3,2021-01-23,1.79,0.00,37045.73,6.3,7.5
3,2021-01-24,1.81,2639.68,37135.75,5.2,5.9
3,2021-01-25,12.83,35841.98,37227.17,2.7,4.3
3,2021-01-26,10.16,24918.59,37319.89,7.4,9.3
3,2021-01-27,7.66,23312.30,37413.78,2.3,8.2
3,2021-01-28,6.84,20657.69,37508.94,-0.0,5.0
3,2021-01-29,9.23,22186.65,37606.33,-7.2,-4.8
3,2021-01-30,7.06,22393.11,37706.01,-3.2,1.2
3,2021-01-31,9.13,23026.83,37807.83,-2.9,0.9
3,2021-02-01,12.35,27211.41,37911.64,4.5,9.9
3,2021-02-02,12.75,32400.00,38017.30,-3.0,4.8
3,2021-02-03,9.00,25497.84,38124.69,-5.3,-4.0
3,2021-02-04,7.31,26610.84,38233.66,-2.3,2.8
3,2021-02-05,15.11,36127.46,38344.08,0.5,2.6
3,2021-02-06,15.16,36391.85,38455.82,0.7,3.4
3,2021-02-07,12.81,36000.00,38568.76,3.3,6.1
3,2021-02-08,11.53,31631.95,38682.76,-1.4,2.7
3,2021-02-09,7.44,12463.35,38797.71,-3.7,-1.2
3,2021-02-10,15.47,36850.20,38913.48,-0.9,1.7
3,2021-02-11,13.62,32400.00,39029.96,-0.7,2.0
3,2021-02-12,10.95,22935.83,39147.03,3.7,7.3
3,2021-02-13,11.80,30341.99,39264.56,5.8,9.1
3,2021-02-14,13.14,32535.77,39382.46,8.0,11.3
3,2021-02-15,3.18,4329.23,39500.61,3.5,10.7
3,2021-02-16,16.29,34723.91,39618.89,-3.4,0.5
3,2021-02-17,12.46,31984.85,39737.39,-9.4,-0.3
3,2021-02-18,12.68,26043.44,39857.15,-5.6,-2.1
3,2021-02-19,15.85,36021.61,39978.26,-3.0,-1.0
3,2021-02-20,17.56,38399.10,40100.58,1.9,4.7
3,2021-02-21,17.67,38454.17,40224.01,5.3,8.3
3,2021-02-22,17.86,38194.91,40348.45,5.3,8.2
3,2021-02-23,11.22,37724.20,40473.77,-1.9,3.8
3,2021-02-24,18.23,39000.74,40599.88,-5.5,-3.8
3,2021-02-25,18.09,33638.65,40726.67,-2.2,1.3
3,2021-02-26,3.87,3621.50,40854.04,-0.6,3.0
3,2021-02-27,18.83,39044.30,40981.88,-2.3,3.4
3,2021-02-28,12.77,27333.04,41110.09,3.8,7.3
3,2021-03-01,16.80,35283.60,41238.58,7.8,11.7
3,2021-03-02,4.86,4312.05,41367.24,0.3,14.3
3,2021-03-03,18.76,37058.44,41495.98,-0.6,5.6
3,2021-03-04,12.18,20805.98,41624.70,5.7,7.8
3,2021-03-05,7.03,13506.22,41753.31,8.8,9.8
3,2021-03-06,7.27,10868.74,41881.70,2.9,9.5
3,2021-03-07,12.03,22108.91,42009.80,4.5,6.9
3,2021-03-08,6.74,12080.65,42137.49,1.4,4.6
3,2021-03-09,11.25,27388.92,42264.86,5.3,7.4
3,2021-03-10,18.58,41933.01,42392.89,-1.6,4.3
3,2021-03-11,20.00,33797.64,42521.64,3.4,6.2
3,2021-03-12,8.64,8288.25,42651.04,8.5,10.2
3,2021-03-13,6.31,13094.50,42780.99,4.4,9.6
3,2021-03-14,19.59,41719.85,42911.41,0.0,3.5
3,2021-03-15,19.99,41880.45,43042.22,1.8,5.3
3,2021-03-16,9.47,19502.84,43173.32,9.5,11.4
3,2021-03-17,21.07,42764.81,43304.64,-0.3,6.0
3,2021-03-18,22.60,42848.67,43436.07,0.6,4.8
3,2021-03-19,22.07,42932.65,43567.55,2.5,5.8
3,2021-03-20,18.85,29845.21,43698.99,9.8,13.5
3,2021-03-21,6.27,8757.79,43830.30,9.7,17.5
3,2021-03-22,16.41,41820.86,43961.39,0.4,2.2
3,2021-03-23,22.15,43200.00,44092.17,-0.0,6.4
3,2021-03-24,20.63,36000.00,44222.58,7.2,9.3
3,2021-03-25,7.01,10800.00,44352.50,6.7,9.9
3,2021-03-26,22.72,43200.00,44481.87,1.5,7.2
3,2021-03-27,21.81,32738.12,44610.58,6.8,10.2
3,2021-03-28,6.40,9854.84,44738.56,11.6,13.3
3,2021-03-29,21.66,43200.00,44865.87,8.2,10.9
3,2021-03-30,19.47,33294.28,44993.41,7.3,11.8
3,2021-03-31,24.26,43200.00,45121.28,3.2,9.3
3,2021-04-01,22.75,43200.00,45249.37,9.0,11.1
3,2021-04-02,19.30,43200.00,45377.62,9.4,10.7
3,2021-04-03,15.95,35811.79,45505.95,9.5,12.1
3,2021-04-04,7.96,7578.33,45634.27,12.6,17.2
3,2021-04-05,17.07,30209.53,45762.50,2.8,6.0
3,2021-04-06,11.71,23097.79,45890.55,7.8,9.0
3,2021-04-07,23.90,43200.00,46018.35,4.0,7.1
3,2021-04-08,21.26,43191.47,46145.81,3.8,7.1
3,2021-04-09,24.19,43200.00,46272.83,-0.9,1.1
3,2021-04-10,25.38,43200.00,46399.33,1.7,5.9
3,2021-04-11,23.41,43200.00,46525.24,5.4,8.1
3,2021-04-12,19.89,32400.00,46650.44,7.7,11.4
3,2021-04-13,10.76,14904.26,46774.85,12.6,14.4
3,2021-04-14,14.93,25547.72,46898.38,4.8,12.4
3,2021-04-15,21.85,34455.38,47020.93,5.3,8.2
3,2021-04-16,8.00,8201.10,47142.41,9.8,11.3
3,2021-04-17,3.37,7308.67,47262.71,9.0,12.8
3,2021-04-18,20.65,43274.54,47381.89,3.4,5.5
3,2021-04-19,22.84,43810.53,47500.82,3.8,7.1
3,2021-04-20,26.40,43777.67,47619.57,5.7,8.3
3,2021-04-21,26.31,44030.94,47738.05,2.8,11.1
3,2021-04-22,24.26,39600.00,47856.18,4.8,11.6
3,2021-04-23,23.40,41777.55,47973.87,10.1,12.4
3,2021-04-24,17.86,39939.48,48091.03,10.3,11.8
3,2021-04-25,21.64,42340.99,48207.56,3.2,11.1
3,2021-04-26,27.49,44916.35,48323.38,1.3,7.7
3,2021-04-27,23.19,36154.31,48438.39,8.5,11.9
3,2021-04-28,6.67,1037.98,48552.49,13.3,14.2
3,2021-04-29,5.14,8947.14,48665.58,11.2,15.2
3,2021-04-30,26.21,45881.33,48777.56,6.7,10.3
3,2021-05-01,18.05,33805.19,48888.34,10.1,14.0
3,2021-05-02,18.06,39260.88,48997.80,6.5,7.4
3,2021-05-03,25.90,46040.29,49105.84,5.1,9.5
3,2021-05-04,24.18,29951.55,49212.36,9.5,13.0
3,2021-05-05,6.08,7923.16,49317.23,13.3,14.7
3,2021-05-06,26.40,38437.19,49420.36,9.3,13.8
3,2021-05-07,9.33,17746.46,49521.62,11.1,13.3
3,2021-05-08,18.28,24625.00,49621.04,13.5,15.4
3,2021-05-09,25.80,48025.38,49719.41,8.0,13.8
3,2021-05-10,27.23,46944.48,49816.79,7.3,10.3
3,2021-05-11,21.09,28800.00,49913.10,10.0,13.9
3,2021-05-12,7.43,3600.00,50008.23,12.4,13.5
3,2021-05-13,20.40,39512.39,50102.11,14.0,15.7
3,2021-05-14,23.49,45945.24,50194.64,16.1,18.1
3,2021-05-15,18.62,28800.00,50285.71,15.5,16.8
3,2021-05-16,11.97,16053.76,50375.24,18.7,20.6
3,2021-05-17,10.01,7452.56,50463.14,20.1,22.5
3,2021-05-18,13.49,18000.00,50549.30,17.9,19.0
3,2021-05-19,6.61,158.00,50633.62,17.9,19.5
3,2021-05-20,3.57,0.00,50716.00,19.2,20.4
3,2021-05-21,10.32,10286.21,50796.34,15.8,20.5
3,2021-05-22,19.66,44042.37,50874.54,12.7,13.8
3,2021-05-23,23.07,41978.81,50950.48,14.1,16.2
3,2021-05-24,8.20,12360.62,51024.06,14.9,17.3
3,2021-05-25,23.77,50075.56,51095.19,12.0,13.9
3,2021-05-26,17.04,27381.09,51163.75,9.7,11.7
3,2021-05-27,4.61,856.88,51229.62,14.1,15.5
3,2021-05-28,17.72,26252.73,51292.82,14.6,17.7
3,2021-05-29,26.69,49658.40,51353.87,12.3,15.7
3,2021-05-30,28.43,50266.39,51412.83,10.9,14.7
3,2021-05-31,29.17,50303.12,51469.62,11.5,14.4
3,2021-06-01,26.22,41527.96,51524.21,13.4,15.9
3,2021-06-02,18.07,30353.60,51576.53,14.3,15.4
3,2021-06-03,19.09,21600.00,51626.52,16.0,19.8
3,2021-06-04,6.97,5076.06,51674.13,16.9,22.3
3,2021-06-05,10.47,10224.96,51719.30,14.7,16.3
3,2021-06-06,14.99,16167.17,51761.98,16.3,17.5
3,2021-06-07,26.25,44968.08,51802.10,17.0,19.8
3,2021-06-08,26.59,50400.00,51839.61,14.7,20.0
3,2021-06-09,29.15,50400.00,51874.46,13.0,15.5
3,2021-06-10,29.01,47422.80,51906.60,13.4,16.3
3,2021-06-11,23.00,35504.13,51935.97,15.2,16.8
3,2021-06-12,18.60,26562.10,51962.51,17.1,18.2
3,2021-06-13,13.47,23019.87,51986.19,18.3,18.9
3,2021-06-14,23.14,44825.60,52006.92,18.0,19.6
3,2021-06-15,18.94,28800.00,52024.69,18.8,19.8
3,2021-06-16,5.84,5289.93,52039.44,17.1,19.1
3,2021-06-17,22.99,38902.92,52051.12,16.7,19.1
3,2021-06-18,10.99,7783.03,52059.84,17.7,18.9
3,2021-06-19,7.69,8509.00,52065.62,18.6,20.3
3,2021-06-20,25.61,43767.28,52068.47,14.3,16.7
3,2021-06-21,27.00,47363.79,52068.42,15.7,17.5
3,2021-06-22,13.96,23537.33,52065.50,17.9,18.7
3,2021-06-23,20.76,48570.47,52059.72,17.0,18.5
3,2021-06-24,22.99,45063.39,52051.11,17.7,18.8
3,2021-06-25,22.48,42230.38,52039.69,17.7,19.2
3,2021-06-26,11.49,8264.60,52025.49,18.1,19.6
3,2021-06-27,12.61,14396.88,52008.54,17.1,18.7
3,2021-06-28,16.46,28667.60,51988.87,18.0,19.5
3,2021-06-29,20.72,46642.33,51966.50,18.6,20.0
3,2021-06-30,18.50,36375.74,51941.47,19.2,20.7
3,2021-07-01,8.52,11586.63,51913.80,19.7,21.9
3,2021-07-02,12.04,13860.14,51883.54,22.2,24.1
3,2021-07-03,16.57,30983.97,51850.71,22.2,24.0
3,2021-07-04,15.77,29403.56,51815.34,21.8,22.9
3,2021-07-05,17.04,25200.00,51777.47,21.4,22.8
3,2021-07-06,10.88,6076.58,51737.14,21.6,23.2
3,2021-07-07,7.18,91.09,51694.30,22.2,23.0
3,2021-07-08,7.89,10438.45,51648.55,22.3,23.8
3,2021-07-09,13.27,19053.43,51599.89,22.8,24.2
3,2021-07-10,17.52,32004.07,51548.42,21.8,22.9
3,2021-07-11,24.22,42170.06,51494.24,20.3,21.6
3,2021-07-12,17.15,33837.95,51437.43,21.1,22.4
3,2021-07-13,21.45,41681.13,51378.08,20.4,22.0
3,2021-07-14,17.99,34235.17,51316.30,20.6,21.4
3,2021-07-15,20.96,43024.08,51252.17,20.7,22.1
3,2021-07-16,19.73,38569.34,51185.78,20.5,21.3
3,2021-07-17,25.06,50322.40,51117.23,20.2,21.8
3,2021-07-18,22.62,45320.46,51046.60,21.6,23.1
3,2021-07-19,26.35,50242.06,50973.99,21.7,23.0
3,2021-07-20,26.68,50201.30,50899.48,19.4,22.0
3,2021-07-21,28.30,50160.25,50823.16,18.0,20.7
3,2021-07-22,27.46,50118.99,50745.12,18.6,20.4
3,2021-07-23,25.34,50077.58,50665.45,20.1,21.9
3,2021-07-24,24.70,44680.36,50584.23,19.9,22.2
3,2021-07-25,25.97,49957.21,50501.55,18.1,20.7
3,2021-07-26,21.97,39521.14,50417.48,19.8,21.7
3,2021-07-27,19.64,30709.71,50331.97,20.1,21.4
3,2021-07-28,24.71,47991.65,50244.31,18.7,21.1
3,2021-07-29,21.93,48345.19,50154.48,21.4,23.4
3,2021-07-30,23.45,49524.12,50062.60,20.1,21.6
3,2021-07-31,25.56,48871.47,49968.76,20.2,21.9
3,2021-08-01,22.66,47526.74,49873.10,22.0,23.6
3,2021-08-02,20.20,36591.70,49775.71,21.3,23.5
3,2021-08-03,14.05,30793.11,49676.71,22.4,24.0
3,2021-08-04,24.05,47925.81,49576.20,22.5,24.0
3,2021-08-05,25.77,48089.41,49474.30,19.5,23.0
3,2021-08-06,17.07,40476.44,49371.09,22.2,22.6
3,2021-08-07,21.86,46281.56,49266.69,22.1,22.9
3,2021-08-08,24.99,46614.99,49161.20,22.5,23.7
3,2021-08-09,21.19,46365.30,49054.71,20.9,23.0
3,2021-08-10,20.19,42385.10,48947.32,19.9,20.9
3,2021-08-11,17.42,18747.46,48839.12,20.5,22.3
3,2021-08-12,4.55,0.00,48730.21,21.8,23.4
3,2021-08-13,4.29,0.00,48620.67,21.6,22.8
3,2021-08-14,4.84,0.00,48510.61,22.8,24.0
3,2021-08-15,8.97,11799.45,48400.10,19.9,20.8
3,2021-08-16,8.10,614.47,48289.08,21.1,22.8
3,2021-08-17,11.38,12101.49,48176.73,21.3,23.3
3,2021-08-18,17.03,36624.47,48063.00,21.2,23.0
3,2021-08-19,7.02,7328.27,47947.99,20.8,23.8
3,2021-08-20,17.47,40048.05,47831.81,21.3,23.8
3,2021-08-21,12.03,19043.35,47714.54,21.2,22.7
3,2021-08-22,18.17,32400.00,47596.30,21.2,22.2
3,2021-08-23,14.68,25794.34,47477.15,22.0,23.8
3,2021-08-24,16.15,27777.78,47357.21,21.0,22.4
3,2021-08-25,21.10,43200.00,47236.56,21.8,23.4
3,2021-08-26,19.54,37020.40,47115.29,22.5,23.3
3,2021-08-27,23.46,43288.72,46993.49,19.1,23.3
3,2021-08-28,23.76,43200.00,46871.24,20.7,22.4
3,2021-08-29,22.95,43489.39,46748.62,21.2,24.3
3,2021-08-30,23.89,43200.00,46625.73,21.3,22.3
3,2021-08-31,22.92,43200.00,46502.64,20.1,21.3
3,2021-09-01,12.73,19173.83,46379.42,21.4,22.7
3,2021-09-02,5.79,577.09,46256.17,21.0,22.0
3,2021-09-03,6.68,10497.65,46132.96,20.7,21.8
3,2021-09-04,16.11,38976.10,46009.87,21.0,22.6
3,2021-09-05,13.75,32400.00,45886.83,19.5,21.0
3,2021-09-06,19.47,36616.91,45762.99,17.2,18.7
3,2021-09-07,9.75,12211.37,45638.30,18.1,18.8
3,2021-09-08,8.89,15256.98,45512.83,19.8,20.9
3,2021-09-09,15.86,37017.38,45386.69,18.7,20.8
3,2021-09-10,21.50,38277.86,45259.94,18.8,20.4
3,2021-09-11,15.40,22095.55,45132.67,19.5,20.2
3,2021-09-12,4.00,0.00,45004.96,20.4,21.8
3,2021-09-13,13.27,16470.38,44876.90,17.7,19.2
3,2021-09-14,2.96,380.51,44748.56,19.1,19.9
3,2021-09-15,11.47,29060.15,44620.01,17.1,19.3
3,2021-09-16,14.31,33105.63,44491.35,17.9,19.6
3,2021-09-17,4.83,7588.98,44362.65,20.2,23.3
3,2021-09-18,13.52,37124.54,44233.98,20.1,22.2
3,2021-09-19,14.64,32455.82,44105.42,18.7,20.2
3,2021-09-20,19.42,42735.76,43977.05,16.5,19.9
3,2021-09-21,15.27,32400.00,43848.94,19.6,21.5
3,2021-09-22,13.97,38248.50,43721.18,19.7,22.6
3,2021-09-23,21.07,42481.64,43593.84,17.3,18.8
3,2021-09-24,20.07,39600.00,43466.99,16.0,17.8
3,2021-09-25,16.54,32400.00,43340.56,18.0,19.7
3,2021-09-26,5.15,7559.59,43213.66,16.4,18.6
3,2021-09-27,18.70,37431.51,43086.23,15.8,16.6
3,2021-09-28,13.54,37601.16,42958.35,16.6,17.5
3,2021-09-29,17.62,40926.05,42830.10,17.9,18.8
3,2021-09-30,8.84,15840.46,42701.58,17.9,20.4
3,2021-10-01,8.47,12304.76,42572.85,16.8,19.2
3,2021-10-02,20.26,40776.39,42444.01,14.5,16.6
3,2021-10-03,20.28,41100.14,42315.16,14.8,18.8
3,2021-10-04,19.05,40021.81,42186.36,17.4,19.5
3,2021-10-05,18.98,40625.96,42057.71,15.1,17.9
3,2021-10-06,15.05,37987.17,41929.29,16.6,18.9
3,2021-10-07,14.77,39590.47,41801.19,18.0,20.6
3,2021-10-08,16.68,39543.62,41673.50,17.4,18.6
3,2021-10-09,17.06,36069.87,41546.31,16.8,18.4
3,2021-10-10,13.88,39077.98,41419.70,17.4,18.9
3,2021-10-11,15.21,33293.89,41293.77,19.1,20.1
3,2021-10-12,12.63,30957.04,41168.61,19.7,21.4
3,2021-10-13,12.29,28766.64,41044.32,17.4,20.7
3,2021-10-14,17.04,39255.30,40920.99,14.2,16.7
3,2021-10-15,17.55,39205.93,40798.53,14.8,17.7
3,2021-10-16,15.14,32400.00,40675.99,16.6,19.1
3,2021-10-17,12.19,31905.83,40553.29,7.5,12.7
3,2021-10-18,11.88,26205.52,40430.51,8.7,11.9
3,2021-10-19,8.29,17434.13,40307.77,10.9,13.8
3,2021-10-20,14.88,36000.00,40185.17,5.4,8.8
3,2021-10-21,8.50,14257.70,40062.80,6.5,8.2
3,2021-10-22,11.26,31648.24,39940.77,6.9,8.0
3,2021-10-23,14.59,38795.58,39819.18,4.4,8.1
3,2021-10-24,14.38,27671.09,39698.14,9.5,12.8
3,2021-10-25,2.75,6289.24,39577.76,10.1,11.8
3,2021-10-26,12.10,34536.90,39458.14,9.7,12.3
3,2021-10-27,13.67,33419.27,39339.40,8.8,11.2
3,2021-10-28,14.09,38527.47,39221.66,7.6,10.6
3,2021-10-29,15.92,38293.79,39105.01,6.0,8.9
3,2021-10-30,12.57,26366.84,38989.60,10.3,12.4
3,2021-10-31,8.16,23980.89,38875.53,10.8,14.3
3,2021-11-01,13.55,31784.10,38762.93,10.4,12.4
3,2021-11-02,13.94,36689.32,38651.91,8.6,11.7
3,2021-11-03,12.98,37395.90,38542.61,8.0,9.9
3,2021-11-04,13.81,37077.87,38434.97,7.4,9.4
3,2021-11-05,11.79,37058.66,38327.95,6.9,8.9
3,2021-11-06,12.77,25767.93,38221.50,8.8,10.5
3,2021-11-07,9.64,19510.80,38115.71,11.6,13.1
3,2021-11-08,8.78,21600.00,38010.71,13.3,14.3
3,2021-11-09,3.61,3600.00,37906.61,9.0,14.1
3,2021-11-10,11.40,35426.12,37803.53,5.2,6.8
3,2021-11-11,9.51,28525.02,37701.59,5.9,7.9
3,2021-11-12,10.69,33617.46,37600.91,3.9,6.6
3,2021-11-13,11.23,35339.56,37501.62,4.1,6.7
3,2021-11-14,11.79,35429.98,37403.85,5.7,7.9
3,2021-11-15,13.44,35260.08,37307.72,6.4,8.1
3,2021-11-16,12.46,29888.09,37213.37,6.8,8.2
3,2021-11-17,13.10,31587.13,37120.93,5.3,8.0
3,2021-11-18,11.60,33500.68,37030.54,5.8,9.0
3,2021-11-19,11.40,31510.03,36942.33,6.0,9.7
3,2021-11-20,12.87,35098.81,36856.44,4.9,9.0
3,2021-11-21,9.94,23655.84,36773.01,10.2,12.5
3,2021-11-22,2.33,3600.00,36692.18,8.5,15.9
3,2021-11-23,8.70,28253.81,36614.11,1.0,2.6
3,2021-11-24,9.85,33614.11,36538.75,2.1,5.4
3,2021-11-25,9.32,31745.92,36465.28,5.8,7.0
3,2021-11-26,11.96,34952.17,36393.61,2.7,7.9
3,2021-11-27,10.58,34602.68,36323.84,1.0,2.8
3,2021-11-28,12.45,34922.06,36256.06,-0.8,2.6
3,2021-11-29,12.14,33995.60,36190.35,3.3,6.9
3,2021-11-30,10.27,30469.25,36126.82,8.4,11.6
3,2021-12-01,8.75,29791.11,36065.56,-2.2,2.1
3,2021-12-02,10.71,34660.61,36006.67,0.6,2.3
3,2021-12-03,11.82,33073.88,35950.23,2.5,4.0
3,2021-12-04,9.05,20747.04,35896.35,0.1,3.2
3,2021-12-05,9.54,27676.70,35845.12,2.3,7.0
3,2021-12-06,5.59,8154.31,35796.63,8.5,9.9
3,2021-12-07,2.21,0.00,35750.99,8.1,9.0
3,2021-12-08,5.87,15532.48,35708.28,3.6,7.0
3,2021-12-09,11.30,31290.72,35668.61,4.2,8.1
3,2021-12-10,9.53,31096.39,35632.05,5.0,8.4
3,2021-12-11,11.15,34695.88,35598.72,5.6,8.8
3,2021-12-12,9.73,33663.92,35568.70,5.9,8.4
3,2021-12-13,8.00,23583.31,35542.10,-0.2,2.7
3,2021-12-14,11.74,34946.67,35518.92,0.8,3.5
3,2021-12-15,11.06,30940.77,35498.87,2.2,4.5
3,2021-12-16,10.43,25529.82,35481.89,6.7,9.6
3,2021-12-17,4.60,17659.89,35467.99,-1.6,8.8
3,2021-12-18,8.90,30242.99,35457.15,-3.6,-2.0
3,2021-12-19,8.79,34146.55,35449.38,-2.1,-0.3
3,2021-12-20,9.83,34752.20,35444.68,-0.7,1.4
3,2021-12-21,9.82,32446.84,35443.03,3.4,5.4
3,2021-12-22,8.06,24949.73,35444.42,0.8,6.6
3,2021-12-23,11.51,34878.57,35448.86,-0.6,3.7
3,2021-12-24,7.95,24878.85,35456.34,6.0,8.4
3,2021-12-25,9.57,28724.84,35466.83,-0.7,6.2
3,2021-12-26,7.76,22822.02,35480.33,-5.1,-2.7
3,2021-12-27,9.36,29291.74,35496.83,-3.2,-0.9
3,2021-12-28,7.50,19505.97,35516.31,-2.8,0.6
3,2021-12-29,8.75,25609.38,35538.76,0.6,2.4
3,2021-12-30,8.97,33812.86,35564.15,-2.8,1.9
3,2021-12-31,7.38,21175.22,35592.47,-3.6,-1.8
3,2022-01-01,9.31,31549.53,35623.71,-6.6,-1.6
3,2022-01-02,11.94,35098.24,35657.84,-2.8,-0.8
3,2022-01-03,11.50,32015.30,35694.92,-1.5,1.7
3,2022-01-04,7.86,28327.03,35735.36,-0.6,1.0
3,2022-01-05,7.77,19323.47,35779.15,-4.3,-1.8
3,2022-01-06,2.85,10071.53,35826.17,-2.2,-0.9
3,2022-01-07,7.21,20576.47,35876.32,-3.8,-2.1
3,2022-01-08,12.25,35377.61,35929.48,-2.5,2.4
3,2022-01-09,11.01,32418.61,35985.55,-0.3,2.5
3,2022-01-10,12.23,32368.59,36044.42,-0.8,3.5
3,2022-01-11,2.06,4589.78,36105.98,-0.4,5.3
3,2022-01-12,8.47,27699.67,36170.12,-3.6,-1.9
3,2022-01-13,9.71,34932.73,36236.74,-5.9,-2.8
3,2022-01-14,9.55,31022.85,36305.72,-4.6,-2.0
3,2022-01-15,10.12,30412.01,36376.96,-5.5,-1.1
3,2022-01-16,12.42,35600.40,36450.36,0.4,3.0
3,2022-01-17,9.45,28943.19,36525.80,-4.0,0.6
3,2022-01-18,6.40,16368.62,36603.20,-4.3,-3.0
3,2022-01-19,9.14,30097.68,36682.43,-3.3,-1.3
3,2022-01-20,9.15,28924.98,36763.40,-4.4,-1.5
3,2022-01-21,9.57,29863.80,36846.02,-5.9,-4.2
3,2022-01-22,13.31,32400.00,36930.18,-4.5,-1.7
3,2022-01-23,3.18,615.29,37015.96,2.1,3.6
3,2022-01-24,8.26,24014.27,37104.27,-2.8,1.0
3,2022-01-25,8.28,20357.46,37195.13,-1.7,1.6
3,2022-01-26,12.07,35302.98,37288.41,-0.1,2.9
3,2022-01-27,8.41,20902.65,37383.96,-2.6,0.7
3,2022-01-28,10.09,33006.03,37481.63,-0.7,1.4
3,2022-01-29,9.14,23889.55,37581.28,-1.4,-0.1
3,2022-01-30,6.80,11196.35,37682.78,-2.1,0.1
3,2022-01-31,10.11,28262.83,37785.99,-3.9,-1.7
3,2022-02-01,12.18,24304.42,37890.77,-2.9,1.9
3,2022-02-02,10.44,28853.16,37997.00,-3.3,-1.1
3,2022-02-03,9.68,24802.60,38104.54,-3.5,-0.4
3,2022-02-04,11.21,30559.65,38213.27,-4.7,-2.3
3,2022-02-05,11.38,32400.00,38323.06,-7.1,-5.1
3,2022-02-06,11.08,31904.68,38433.79,-5.4,-3.3
3,2022-02-07,10.75,23178.37,38545.33,-3.4,-2.0
3,2022-02-08,6.32,9887.90,38657.58,-0.8,1.2
3,2022-02-09,15.56,32996.52,38770.41,-1.2,1.4
3,2022-02-10,5.13,5850.94,38883.71,-0.2,1.3
3,2022-02-11,12.41,33225.51,38997.36,-2.9,1.2
3,2022-02-12,14.41,33486.15,39111.45,-3.2,-0.7
3,2022-02-13,3.35,3087.57,39227.02,1.0,1.8
3,2022-02-14,12.10,26482.18,39344.16,-0.4,1.2
3,2022-02-15,14.08,36696.93,39462.72,-1.1,3.2
3,2022-02-16,12.63,30493.87,39582.60,-7.6,-5.5
3,2022-02-17,14.40,32261.13,39703.66,-7.0,-2.9
3,2022-02-18,12.08,33754.18,39825.80,-4.8,-2.0
3,2022-02-19,6.88,7339.44,39948.90,1.9,3.3
3,2022-02-20,12.71,26158.99,40072.85,-4.7,2.1
3,2022-02-21,12.53,27031.57,40197.54,-6.6,-4.3
3,2022-02-22,12.46,22560.62,40322.85,-5.7,-3.7
3,2022-02-23,10.85,23957.17,40448.69,-3.8,-2.4
3,2022-02-24,10.74,19963.41,40574.93,-6.9,-3.3
3,2022-02-25,17.08,39008.45,40701.49,-3.8,-1.9
3,2022-02-26,18.87,36502.18,40828.26,-1.1,1.3
3,2022-02-27,13.59,37885.03,40955.12,-2.0,3.8
3,2022-02-28,18.89,38528.73,41081.99,-2.9,2.0
3,2022-03-01,6.05,10104.13,41208.77,5.9,8.3
3,2022-03-02,13.40,36046.09,41335.35,3.4,6.2
3,2022-03-03,16.84,39732.18,41461.63,0.1,1.6
3,2022-03-04,16.55,32564.33,41587.71,-1.0,2.3
3,2022-03-05,18.41,39118.54,41714.56,-0.9,4.1
3,2022-03-06,13.93,35081.10,41842.27,-3.5,-0.3
3,2022-03-07,12.15,25976.73,41970.74,-3.8,-2.0
3,2022-03-08,20.34,40554.16,42099.90,-3.2,-0.8
3,2022-03-09,18.01,38169.88,42229.63,-1.7,0.7
3,2022-03-10,19.06,39719.72,42359.85,-1.2,6.1
3,2022-03-11,15.27,29047.51,42490.48,5.1,7.3
3,2022-03-12,16.60,36021.75,42621.42,7.3,9.9
3,2022-03-13,16.68,28800.00,42752.60,10.3,12.7
3,2022-03-14,15.16,32325.50,42883.91,11.9,13.7
3,2022-03-15,18.28,38958.30,43015.27,4.3,13.7
3,2022-03-16,21.67,42667.64,43146.60,4.2,7.6
3,2022-03-17,17.20,32400.00,43277.80,2.7,4.8
3,2022-03-18,2.34,0.00,43408.80,7.7,10.2
3,2022-03-19,7.32,6916.96,43539.49,3.5,5.3
3,2022-03-20,11.44,18642.82,43669.81,1.5,3.6
3,2022-03-21,16.51,32799.29,43799.65,2.2,4.5
3,2022-03-22,4.10,8770.91,43928.94,0.3,3.0
3,2022-03-23,10.90,17222.26,44057.57,2.5,3.9
3,2022-03-24,17.29,43133.23,44185.64,2.4,4.2
3,2022-03-25,20.52,32400.00,44314.05,5.2,9.0
3,2022-03-26,4.31,0.00,44442.88,11.3,13.7
3,2022-03-27,18.16,27665.66,44572.06,4.2,7.2
3,2022-03-28,18.91,34602.90,44701.49,-0.1,4.9
3,2022-03-29,9.93,12194.21,44831.11,7.2,10.5
3,2022-03-30,19.10,34861.67,44960.83,9.3,11.3
3,2022-03-31,7.33,4096.60,45090.56,6.9,13.0
3,2022-04-01,20.84,36540.95,45220.24,-3.8,-2.1
3,2022-04-02,17.87,32523.48,45349.76,3.3,5.7
3,2022-04-03,8.58,7664.01,45479.05,5.9,6.9
3,2022-04-04,19.81,43200.00,45608.02,3.6,7.6
3,2022-04-05,24.33,39028.68,45736.59,5.3,7.7
3,2022-04-06,24.09,43200.00,45864.67,2.2,7.7
3,2022-04-07,22.71,43200.00,45992.17,7.3,10.8
3,2022-04-08,24.57,43200.00,46119.01,5.4,7.5
3,2022-04-09,24.60,43200.00,46245.08,7.1,11.2
3,2022-04-10,24.40,43200.00,46370.30,8.8,10.6
3,2022-04-11,20.49,33777.70,46494.58,10.7,12.8
3,2022-04-12,22.26,39600.00,46617.81,13.3,16.3
3,2022-04-13,19.90,36000.00,46740.07,13.8,15.7
3,2022-04-14,16.55,25744.89,46862.23,14.7,16.5
3,2022-04-15,6.11,0.00,46984.36,10.1,14.8
3,2022-04-16,19.40,36280.78,47106.38,2.0,3.8
3,2022-04-17,18.86,35680.47,47228.19,9.1,10.8
3,2022-04-18,13.79,22904.26,47349.74,9.9,12.5
3,2022-04-19,23.39,43534.54,47470.91,3.2,7.4
3,2022-04-20,20.30,36000.00,47591.63,6.8,11.1
3,2022-04-21,6.95,3600.00,47711.79,12.4,14.3
3,2022-04-22,21.32,36000.00,47831.32,9.7,13.1
3,2022-04-23,19.26,25200.00,47950.11,11.9,13.9
3,2022-04-24,4.73,3236.71,48068.08,14.3,15.7
3,2022-04-25,23.27,36000.00,48185.12,15.0,17.8
3,2022-04-26,12.72,18000.00,48301.13,18.2,18.9
3,2022-04-27,9.25,8944.17,48416.01,11.9,18.4
3,2022-04-28,22.40,35148.09,48529.67,12.0,15.3
3,2022-04-29,6.52,10176.78,48641.99,9.4,17.3
3,2022-04-30,24.02,36000.00,48752.88,9.4,11.4
3,2022-05-01,10.44,19606.99,48862.21,8.2,11.6
3,2022-05-02,26.55,45459.79,48969.87,5.0,7.6
3,2022-05-03,28.01,47212.97,49075.92,2.3,8.2
3,2022-05-04,26.58,44247.29,49181.16,10.2,13.9
3,2022-05-05,25.28,36234.80,49285.65,10.9,13.8
3,2022-05-06,19.79,44991.56,49389.31,10.7,13.5
3,2022-05-07,24.90,47062.92,49492.06,12.6,15.5
3,2022-05-08,27.28,46437.27,49593.79,4.9,10.3
3,2022-05-09,10.21,13675.11,49694.40,7.8,10.8
3,2022-05-10,18.16,35567.38,49793.81,11.9,12.7
3,2022-05-11,15.20,20958.03,49891.92,14.6,16.3
3,2022-05-12,6.28,3902.74,49988.63,16.0,17.7
3,2022-05-13,6.85,1338.31,50083.83,18.4,20.0
3,2022-05-14,11.79,23552.06,50177.43,10.4,17.0
3,2022-05-15,15.89,14600.59,50269.31,8.6,10.3
3,2022-05-16,8.35,3600.00,50359.39,11.1,12.5
3,2022-05-17,11.74,12491.21,50447.53,9.3,12.4
3,2022-05-18,28.21,49217.33,50533.65,8.2,11.7
3,2022-05-19,23.89,33375.31,50617.62,8.5,15.2
3,2022-05-20,14.36,10866.03,50699.35,10.5,13.0
3,2022-05-21,9.82,10800.00,50778.70,11.9,13.3
3,2022-05-22,27.17,49460.18,50855.58,12.9,14.2
3,2022-05-23,28.07,47328.12,50929.98,10.3,13.7
3,2022-05-24,26.16,49432.55,51002.53,13.0,16.2
3,2022-05-25,23.63,46697.38,51073.28,14.0,16.1
3,2022-05-26,15.10,21282.41,51142.16,16.6,18.1
3,2022-05-27,26.77,50142.35,51209.09,12.8,15.8
3,2022-05-28,26.93,49072.19,51274.02,12.5,15.0
3,2022-05-29,28.70,48513.35,51336.86,12.3,15.8
3,2022-05-30,17.89,26357.13,51397.54,14.7,17.1
3,2022-05-31,16.26,29490.50,51455.99,12.8,17.3
3,2022-06-01,19.99,28939.54,51512.14,11.6,16.3
3,2022-06-02,28.55,49923.21,51565.92,11.8,14.9
3,2022-06-03,26.95,48670.33,51617.25,13.3,15.5
3,2022-06-04,28.38,50400.00,51666.06,12.6,14.8
3,2022-06-05,14.31,15259.08,51712.28,15.4,18.7
3,2022-06-06,8.80,1419.08,51755.84,15.3,17.7
3,2022-06-07,17.36,37868.85,51796.66,11.7,13.5
3,2022-06-08,27.45,50400.00,51834.68,12.1,14.3
3,2022-06-09,25.63,48295.86,51869.82,14.1,16.5
3,2022-06-10,23.85,33535.40,51902.01,16.2,17.7
3,2022-06-11,9.04,10800.00,51931.19,15.5,16.9
3,2022-06-12,27.45,43200.00,51957.31,11.9,16.8
3,2022-06-13,19.16,26546.83,51980.62,13.7,15.5
3,2022-06-14,5.34,0.00,52001.14,14.0,15.4
3,2022-06-15,13.68,10348.46,52018.86,16.8,18.4
3,2022-06-16,15.78,17336.82,52033.78,17.6,20.1
3,2022-06-17,22.36,33670.68,52045.91,17.1,19.8
3,2022-06-18,12.04,19773.69,52055.25,18.3,19.9
3,2022-06-19,23.68,32400.00,52061.78,19.3,21.1
3,2022-06-20,18.45,28881.56,52065.53,19.4,21.1
3,2022-06-21,6.12,9709.49,52066.49,20.7,21.8
3,2022-06-22,21.38,48000.23,52064.66,21.0,22.8
3,2022-06-23,25.91,50400.00,52060.05,20.7,21.5
3,2022-06-24,26.97,48933.68,52052.67,21.2,22.8
3,2022-06-25,18.62,28098.84,52042.53,20.5,22.8
3,2022-06-26,21.96,43688.19,52029.64,20.0,22.3
3,2022-06-27,22.33,50400.00,52014.00,21.4,23.7
3,2022-06-28,28.26,50400.00,51995.64,18.9,20.8
3,2022-06-29,28.53,50400.00,51974.55,19.0,20.8
3,2022-06-30,28.18,50400.00,51950.76,19.6,21.4
3,2022-07-01,27.97,49430.77,51924.27,20.2,24.8
3,2022-07-02,24.59,38066.93,51895.06,22.5,23.7
3,2022-07-03,10.79,14069.42,51862.83,22.1,23.1
3,2022-07-04,4.96,2439.39,51827.59,22.0,23.2
3,2022-07-05,10.43,12948.91,51789.42,22.7,23.5
3,2022-07-06,18.73,41848.60,51748.41,21.9,23.8
3,2022-07-07,24.57,42832.92,51704.63,20.2,21.9
3,2022-07-08,19.56,35528.54,51658.16,21.3,22.4
3,2022-07-09,18.63,37210.66,51609.08,22.0,22.8
3,2022-07-10,20.99,40019.77,51557.47,22.1,23.6
3,2022-07-11,21.28,40724.43,51503.40,22.5,23.0
3,2022-07-12,15.08,28625.00,51446.97,22.1,24.2
3,2022-07-13,21.80,32683.18,51388.24,20.5,21.9
3,2022-07-14,12.76,14969.94,51327.29,21.2,22.5
3,2022-07-15,16.01,26848.19,51264.21,20.9,22.9
3,2022-07-16,12.44,18738.53,51199.07,21.2,21.8
3,2022-07-17,24.22,42611.51,51131.95,19.9,21.0
3,2022-07-18,20.48,28800.00,51062.94,21.6,24.2
3,2022-07-19,7.69,5729.48,50992.09,22.8,24.5
3,2022-07-20,24.88,48116.91,50919.49,19.5,21.5
3,2022-07-21,20.25,28386.07,50845.23,21.7,23.5
3,2022-07-22,24.03,45446.96,50769.23,20.3,21.4
3,2022-07-23,22.98,50089.74,50690.85,18.4,19.8
3,2022-07-24,25.75,49978.36,50610.08,20.4,22.2
3,2022-07-25,26.56,46969.30,50527.03,21.9,23.5
3,2022-07-26,25.68,47627.15,50441.81,23.1,23.8
3,2022-07-27,18.10,34370.23,50354.54,22.7,24.3
3,2022-07-28,22.38,49177.02,50265.32,22.5,24.4
3,2022-07-29,24.88,48054.26,50174.26,21.8,22.8
3,2022-07-30,22.96,48616.47,50081.48,22.2,23.7
3,2022-07-31,21.86,47189.30,49987.07,23.1,24.6
3,2022-08-01,23.16,48407.09,49891.15,22.4,24.3
3,2022-08-02,26.31,46963.30,49793.81,21.1,23.3
3,2022-08-03,25.82,45268.56,49695.16,22.2,23.3
3,2022-08-04,20.74,36695.17,49595.30,22.0,23.3
3,2022-08-05,21.15,45605.33,49494.31,22.2,23.0
3,2022-08-06,16.86,28621.07,49392.31,22.5,23.3
3,2022-08-07,22.60,45979.76,49289.37,22.1,23.8
3,2022-08-08,22.31,45449.51,49185.61,22.4,23.5
3,2022-08-09,24.83,45479.71,49081.10,21.8,23.3
3,2022-08-10,21.88,44358.58,48975.94,22.7,23.9
3,2022-08-11,22.63,36877.22,48870.06,22.4,23.7
3,2022-08-12,17.33,31924.00,48762.66,22.7,23.3
3,2022-08-13,17.49,30224.01,48653.69,22.9,23.8
3,2022-08-14,18.53,32191.82,48543.26,22.8,23.8
3,2022-08-15,20.21,38516.61,48431.48,22.4,23.5
3,2022-08-16,18.48,31922.61,48318.44,23.0,23.6
3,2022-08-17,14.46,23414.85,48204.25,22.5,24.3
3,2022-08-18,22.41,40504.40,48089.00,19.6,21.2
3,2022-08-19,22.32,40174.40,47972.80,19.2,22.5
3,2022-08-20,16.55,26248.32,47855.74,23.0,24.1
3,2022-08-21,19.54,42885.11,47737.90,22.3,24.1
3,2022-08-22,21.24,38887.88,47619.39,23.2,24.0
3,2022-08-23,21.47,36593.79,47500.30,22.4,23.5
3,2022-08-24,16.46,34482.18,47380.70,23.5,24.3
3,2022-08-25,16.14,22427.92,47260.69,22.9,24.9
3,2022-08-26,16.87,39729.03,47140.35,21.8,22.8
3,2022-08-27,18.21,39712.17,47019.78,20.8,21.9
3,2022-08-28,19.09,40439.15,46899.04,16.9,20.4
3,2022-08-29,20.79,37420.75,46778.23,19.7,21.8
3,2022-08-30,13.47,23327.41,46657.41,23.0,23.9
3,2022-08-31,21.93,39600.00,46536.52,22.6,23.8
3,2022-09-01,14.81,30008.59,46414.74,22.7,24.7
3,2022-09-02,18.92,42294.91,46291.99,21.6,22.9
3,2022-09-03,18.46,37216.64,46168.37,21.0,22.1
3,2022-09-04,20.17,42123.47,46043.96,21.1,23.8
3,2022-09-05,21.43,39600.00,45918.85,20.9,21.4
3,2022-09-06,17.97,32241.73,45793.12,21.8,24.6
3,2022-09-07,14.98,32760.57,45666.85,19.9,20.5
3,2022-09-08,9.41,7607.73,45540.14,21.7,22.6
3,2022-09-09,9.64,16872.62,45413.05,21.6,22.5
3,2022-09-10,15.93,35494.99,45285.67,20.8,23.1
3,2022-09-11,21.61,43200.00,45158.07,19.3,20.9
3,2022-09-12,22.14,43200.00,45030.35,20.2,21.2
3,2022-09-13,19.88,43200.00,44902.56,20.8,22.0
3,2022-09-14,20.02,43200.00,44774.79,20.6,21.9
3,2022-09-15,19.24,43183.42,44647.12,19.1,21.2
3,2022-09-16,20.49,35898.42,44519.62,18.9,21.3
3,2022-09-17,10.02,4307.91,44392.37,22.2,22.7
3,2022-09-18,12.24,18484.94,44265.44,22.2,23.2
3,2022-09-19,10.55,14962.58,44138.90,21.2,23.8
3,2022-09-20,11.19,16467.61,44012.69,12.7,14.4
3,2022-09-21,14.45,28781.94,43885.93,14.2,16.7
3,2022-09-22,14.41,28261.95,43758.57,18.4,20.4
3,2022-09-23,2.75,3852.65,43630.67,19.5,20.1
3,2022-09-24,18.96,42425.16,43502.33,14.9,18.8
3,2022-09-25,20.99,42138.92,43373.63,16.5,19.9
3,2022-09-26,18.86,34982.69,43244.65,19.3,20.4
3,2022-09-27,12.06,18000.00,43115.47,19.2,20.4
3,2022-09-28,13.76,26228.42,42986.18,18.2,19.8
3,2022-09-29,13.89,28262.53,42856.85,17.2,19.1
3,2022-09-30,19.94,41520.70,42727.57,15.9,18.8
3,2022-10-01,19.77,41284.95,42598.43,14.4,18.2
3,2022-10-02,18.62,41048.83,42469.50,15.0,18.4
3,2022-10-03,16.56,39971.45,42340.87,17.3,18.3
3,2022-10-04,15.93,32533.65,42212.62,18.6,20.7
3,2022-10-05,13.00,27134.59,42084.83,11.8,16.7
3,2022-10-06,6.59,8314.63,41957.61,11.0,15.7
3,2022-10-07,2.67,0.00,41831.01,14.4,15.5
3,2022-10-08,12.28,17643.97,41705.15,11.1,14.3
3,2022-10-09,4.40,6349.32,41580.10,15.2,19.2
3,2022-10-10,6.40,5622.76,41455.78,12.9,18.6
3,2022-10-11,17.27,36995.55,41331.25,9.0,11.5
3,2022-10-12,12.42,18367.10,41206.43,11.8,13.0
3,2022-10-13,12.61,30988.96,41081.43,12.3,13.8
3,2022-10-14,17.83,39265.97,40956.33,13.2,15.2
3,2022-10-15,16.11,37210.73,40831.22,15.5,16.7
3,2022-10-16,13.40,32400.00,40706.21,17.3,19.7
3,2022-10-17,5.04,4916.86,40581.39,15.6,19.0
3,2022-10-18,14.17,38269.54,40456.87,9.1,13.9
3,2022-10-19,17.87,39014.76,40332.74,5.5,7.2
3,2022-10-20,17.66,38963.46,40209.10,7.0,11.9
3,2022-10-21,16.49,32400.00,40086.06,11.5,13.9
3,2022-10-22,12.40,36000.00,39963.72,13.1,14.9
3,2022-10-23,14.91,37720.45,39842.19,11.5,15.3
3,2022-10-24,15.59,38407.51,39721.58,7.0,8.8
3,2022-10-25,15.34,38702.12,39601.98,5.6,8.2
3,2022-10-26,16.76,37598.37,39483.53,4.8,9.0
3,2022-10-27,11.61,33911.49,39366.33,7.1,8.9
3,2022-10-28,15.53,36196.28,39250.49,8.1,9.6
3,2022-10-29,13.96,36000.00,39136.14,6.4,9.9
3,2022-10-30,14.21,38023.93,39023.21,5.8,7.8
3,2022-10-31,10.44,24928.78,38910.67,11.8,13.2
3,2022-11-01,3.67,4509.10,38798.45,12.6,14.4
3,2022-11-02,14.32,37726.59,38686.66,11.2,13.9
3,2022-11-03,14.16,36813.60,38575.41,10.7,13.4
3,2022-11-04,14.01,37088.82,38464.81,7.7,10.1
3,2022-11-05,13.26,36770.05,38355.00,6.3,8.1
3,2022-11-06,14.53,36750.24,38246.06,4.4,7.2
3,2022-11-07,13.28,29954.02,38138.14,6.4,9.1
3,2022-11-08,13.47,36414.63,38031.35,7.1,8.8
3,2022-11-09,14.53,36097.60,37925.82,5.9,10.6
3,2022-11-10,12.20,35780.76,37821.67,8.9,11.8
3,2022-11-11,13.73,35766.29,37719.04,9.1,12.3
3,2022-11-12,12.54,35388.09,37618.04,12.1,15.1
3,2022-11-13,4.42,15820.00,37518.82,13.1,17.2
3,2022-11-14,9.98,31704.25,37421.52,4.6,6.1
3,2022-11-15,12.70,35265.02,37326.26,5.5,7.0
3,2022-11-16,10.97,31420.04,37233.20,4.2,5.8
3,2022-11-17,9.07,22633.95,37142.46,3.5,5.9
3,2022-11-18,13.49,35159.01,37054.19,4.6,8.6
3,2022-11-19,11.11,23043.94,36968.37,7.0,10.3
3,2022-11-20,6.84,15848.09,36884.06,10.3,10.9
3,2022-11-21,9.77,31673.85,36801.20,10.6,12.0
3,2022-11-22,10.11,21853.86,36719.87,9.4,10.7
3,2022-11-23,2.91,3600.00,36640.18,11.4,13.2
3,2022-11-24,10.24,31164.04,36562.25,6.0,10.6
3,2022-11-25,12.61,32734.63,36486.18,6.3,10.1
3,2022-11-26,6.58,18375.88,36412.08,10.2,12.9
3,2022-11-27,10.82,31343.39,36340.05,4.6,8.8
3,2022-11-28,9.64,27633.61,36270.21,12.0,14.0
3,2022-11-29,3.99,0.00,36202.67,14.7,16.4
3,2022-11-30,4.27,7710.14,36137.54,4.5,11.2
3,2022-12-01,7.61,22832.48,36074.94,0.7,2.8
3,2022-12-02,9.09,27621.24,36014.97,-2.5,-0.2
3,2022-12-03,11.09,34880.49,35957.76,2.5,4.8
3,2022-12-04,4.51,10800.00,35903.41,4.4,6.7
3,2022-12-05,10.14,28800.00,35852.04,3.7,5.4
3,2022-12-06,9.87,31833.43,35803.77,0.2,4.7
3,2022-12-07,9.51,29270.91,35758.71,-0.2,1.9
3,2022-12-08,11.00,32446.57,35716.98,1.8,3.9
3,2022-12-09,11.66,32445.71,35678.59,0.7,5.6
3,2022-12-10,11.64,34890.31,35643.05,4.4,7.9
3,2022-12-11,9.35,31168.03,35610.32,3.7,7.1
3,2022-12-12,11.66,31311.86,35580.41,2.9,6.2
3,2022-12-13,7.12,21183.94,35553.36,3.2,6.5
3,2022-12-14,10.07,34942.17,35529.18,-4.4,1.4
3,2022-12-15,9.66,31771.01,35507.93,-3.3,-1.1
3,2022-12-16,8.55,23355.34,35489.61,0.5,2.1
3,2022-12-17,1.80,0.00,35474.25,0.6,3.8
3,2022-12-18,10.85,32572.60,35461.87,-7.6,-4.0
3,2022-12-19,10.11,33500.40,35452.49,-6.2,-2.9
3,2022-12-20,9.48,25779.18,35446.15,-3.6,-1.2
3,2022-12-21,9.55,21624.37,35442.85,2.3,6.3
3,2022-12-22,4.24,11895.66,35442.62,-1.8,6.9
3,2022-12-23,8.81,25447.23,35445.47,-6.4,-2.7
3,2022-12-24,6.79,21131.85,35451.41,-0.6,0.6
3,2022-12-25,7.95,28163.10,35460.47,-0.5,1.0
3,2022-12-26,7.85,29554.12,35472.65,-1.7,0.1
3,2022-12-27,7.91,17786.48,35487.97,-2.4,0.8
3,2022-12-28,11.14,33776.20,35506.43,-0.2,2.8
3,2022-12-29,9.78,28152.85,35528.10,-1.7,-0.2
3,2022-12-30,8.75,28913.95,35553.19,-2.9,-1.5
3,2022-12-31,9.57,34645.45,35581.68,-1.7,-0.2
3,2023-01-01,9.90,31043.75,35613.49,-0.6,0.8
3,2023-01-02,6.88,25931.48,35648.52,-0.5,2.4
3,2023-01-03,8.10,34217.88,35686.70,-2.1,0.2
3,2023-01-04,8.45,31117.20,35727.93,-1.3,0.1
3,2023-01-05,5.60,20163.21,35772.12,-1.3,0.5
3,2023-01-06,7.88,30197.46,35819.20,-2.5,0.1
3,2023-01-07,5.93,11035.82,35869.06,0.8,3.0
3,2023-01-08,6.85,21115.98,35921.63,1.0,3.3
3,2023-01-09,11.91,35425.63,35976.81,1.5,4.7
3,2023-01-10,8.51,29950.29,36034.52,-4.2,-2.1
3,2023-01-11,12.09,33956.44,36094.66,-4.5,1.2
3,2023-01-12,12.25,35538.97,36157.15,2.7,7.6
3,2023-01-13,7.92,19527.04,36221.90,8.9,11.5
3,2023-01-14,2.64,2546.85,36288.83,10.6,13.6
3,2023-01-15,6.13,15149.80,36357.84,6.6,8.5
3,2023-01-16,6.02,20640.77,36428.85,0.4,7.0
3,2023-01-17,12.83,32400.00,36501.79,-0.5,1.6
3,2023-01-18,6.22,18185.82,36576.70,-0.2,1.9
3,2023-01-19,10.58,35292.28,36654.42,-1.8,1.2
3,2023-01-20,11.07,34937.38,36734.97,-2.1,1.0
3,2023-01-21,7.64,20468.63,36818.18,-4.5,-1.8
3,2023-01-22,11.72,32400.00,36903.93,-2.6,-0.2
3,2023-01-23,3.92,705.62,36992.08,2.4,4.3
3,2023-01-24,5.30,11940.48,37082.47,-7.1,2.3
3,2023-01-25,12.18,35828.64,37174.98,-9.0,-6.7
3,2023-01-26,10.62,30125.97,37269.46,-4.3,-2.7
3,2023-01-27,3.46,7024.83,37365.79,-2.0,1.4
3,2023-01-28,10.82,30627.26,37463.83,-5.2,-2.6
3,2023-01-29,11.43,28494.49,37563.45,-4.8,-2.6
3,2023-01-30,11.78,35966.38,37664.52,-4.3,-1.5
3,2023-01-31,10.81,24914.64,37766.93,-5.8,-3.3
3,2023-02-01,10.20,27533.13,37870.53,0.3,4.5
3,2023-02-02,8.05,12787.51,37975.22,-3.3,-1.3
3,2023-02-03,6.14,11665.48,38080.87,-3.7,-0.6
3,2023-02-04,12.96,36000.00,38187.37,-1.2,2.4
3,2023-02-05,13.53,36141.92,38294.60,-3.3,0.4
3,2023-02-06,13.04,28446.26,38402.44,-1.6,0.2
3,2023-02-07,4.82,3652.40,38510.98,2.9,5.0
3,2023-02-08,11.37,34742.95,38621.26,0.4,4.5
3,2023-02-09,12.04,31991.58,38733.35,-2.7,2.5
3,2023-02-10,4.10,7121.81,38847.09,5.3,8.5
3,2023-02-11,14.74,36000.00,38962.38,2.5,5.2
3,2023-02-12,14.26,32400.00,39079.07,6.9,8.5
3,2023-02-13,2.80,3600.00,39197.05,2.1,7.6
3,2023-02-14,7.93,12872.90,39316.19,-5.5,-2.8
3,2023-02-15,6.70,6056.39,39436.38,-5.7,-4.9
3,2023-02-16,11.71,33756.33,39557.48,-5.2,-3.3
3,2023-02-17,16.14,33912.26,39679.39,-1.1,2.8
3,2023-02-18,5.72,5218.80,39801.99,8.5,11.6
3,2023-02-19,1.86,2521.20,39925.17,6.6,12.2
3,2023-02-20,13.45,35050.61,40048.82,-2.1,4.2
3,2023-02-21,14.92,34337.97,40172.82,-5.8,-2.7
3,2023-02-22,17.78,34881.24,40297.07,-1.9,0.7
3,2023-02-23,8.46,13346.97,40421.47,1.5,4.5
3,2023-02-24,3.04,3600.00,40545.90,1.8,4.6
3,2023-02-25,14.73,38721.77,40670.27,-4.8,-1.1
3,2023-02-26,10.53,23069.80,40794.47,-4.4,-2.4
3,2023-02-27,19.08,39322.42,40918.58,-1.5,2.7
3,2023-02-28,18.46,39053.34,41043.62,3.3,6.6
3,2023-03-01,16.66,37152.63,41169.66,5.1,8.3
3,2023-03-02,10.83,25174.87,41296.61,-2.4,3.5
3,2023-03-03,17.88,38961.65,41424.37,-2.6,0.7
3,2023-03-04,16.11,34212.76,41552.85,-0.2,2.7
3,2023-03-05,17.03,40523.39,41681.94,-0.0,3.5
3,2023-03-06,20.16,41095.19,41811.56,-0.4,3.0
3,2023-03-07,20.29,41384.18,41941.60,-1.2,5.5
3,2023-03-08,19.93,41110.15,42071.98,2.3,8.6
3,2023-03-09,18.18,37350.28,42202.60,7.1,10.0
3,2023-03-10,18.05,41874.28,42333.37,5.0,10.0
3,2023-03-11,20.70,41130.39,42464.22,4.1,10.4
3,2023-03-12,15.51,32467.68,42595.03,8.6,10.2
3,2023-03-13,13.07,23609.00,42725.73,-1.7,5.8
3,2023-03-14,21.53,42398.39,42856.22,0.3,4.2
3,2023-03-15,21.17,42528.71,42986.41,4.7,7.9
3,2023-03-16,17.16,31698.35,43116.23,9.1,10.5
3,2023-03-17,7.83,4610.11,43245.56,7.0,9.3
3,2023-03-18,7.55,14453.57,43374.34,3.1,7.0
3,2023-03-19,22.05,42890.78,43502.63,2.1,5.6
3,2023-03-20,21.27,42972.10,43631.36,4.2,8.6
3,2023-03-21,8.48,7519.89,43760.62,9.8,11.7
3,2023-03-22,20.52,36000.00,43890.32,11.7,13.4
3,2023-03-23,5.56,6496.36,44020.38,15.6,17.3
3,2023-03-24,10.04,8221.56,44150.73,11.2,14.7
3,2023-03-25,9.34,11129.16,44281.27,8.0,10.5
3,2023-03-26,3.92,7200.00,44411.92,7.4,10.9
3,2023-03-27,18.13,43184.42,44542.62,1.0,4.9
3,2023-03-28,23.55,43200.00,44673.26,-0.5,2.7
3,2023-03-29,23.64,43200.00,44803.78,0.4,5.0
3,2023-03-30,22.46,33658.61,44934.07,2.7,7.1
3,2023-03-31,15.75,33476.22,45064.07,4.6,6.9
3,2023-04-01,23.68,42126.97,45193.69,4.9,11.0
3,2023-04-02,18.91,38569.05,45322.83,8.0,10.2
3,2023-04-03,17.58,38086.51,45451.42,6.0,8.4
3,2023-04-04,21.27,36000.00,45579.36,8.3,9.9
3,2023-04-05,15.21,24645.26,45706.56,8.0,12.3
3,2023-04-06,13.31,22156.81,45832.94,13.1,14.3
3,2023-04-07,3.70,7200.00,45958.40,10.7,15.2
3,2023-04-08,18.00,43200.00,46083.02,0.8,7.1
3,2023-04-09,25.05,43200.00,46207.66,1.8,6.2
3,2023-04-10,24.16,43200.00,46332.42,6.3,9.7
3,2023-04-11,22.59,43200.00,46457.21,9.5,13.3
3,2023-04-12,13.50,23290.22,46581.94,6.8,12.3
3,2023-04-13,25.46,42432.41,46706.53,2.8,5.1
3,2023-04-14,18.59,23338.54,46830.91,8.6,11.9
3,2023-04-15,6.43,3600.00,46954.97,11.8,13.3
3,2023-04-16,20.65,36000.00,47078.63,7.3,10.9
3,2023-04-17,17.00,37936.50,47201.81,3.5,6.4
3,2023-04-18,20.57,26986.28,47324.41,9.6,14.4
3,2023-04-19,8.98,11140.35,47446.34,13.6,16.0
3,2023-04-20,24.02,41992.39,47567.50,14.2,16.4
3,2023-04-21,22.98,42899.76,47687.81,8.9,15.0
3,2023-04-22,26.33,44011.06,47807.16,1.3,3.8
3,2023-04-23,24.71,42768.78,47925.45,1.7,4.8
3,2023-04-24,7.55,16.80,48042.58,0.7,8.6
3,2023-04-25,5.44,0.00,48158.45,11.2,13.9
3,2023-04-26,6.41,7887.93,48272.95,9.0,14.0
3,2023-04-27,24.93,44147.40,48385.98,7.5,11.3
3,2023-04-28,24.85,44552.42,48497.58,9.7,12.7
3,2023-04-29,13.87,15352.62,48608.59,14.6,17.1
3,2023-04-30,9.30,10094.42,48719.08,9.5,13.2
3,2023-05-01,27.43,45781.06,48828.97,5.5,8.4
3,2023-05-02,26.34,44362.03,48938.15,6.0,9.7
3,2023-05-03,25.00,39600.00,49046.55,11.3,13.9
3,2023-05-04,25.42,40199.37,49154.05,11.1,14.3
3,2023-05-05,21.43,41302.97,49260.58,12.5,14.5
3,2023-05-06,16.27,29533.10,49366.03,15.9,17.6
3,2023-05-07,4.82,0.00,49470.30,15.8,19.5
3,2023-05-08,17.15,33723.40,49573.30,6.5,9.1
3,2023-05-09,26.68,47711.62,49674.91,8.3,11.7
3,2023-05-10,26.59,47744.34,49775.05,8.1,14.4
3,2023-05-11,28.60,48664.39,49873.58,3.5,7.2
3,2023-05-12,27.35,37460.74,49970.43,6.6,12.8
3,2023-05-13,11.74,11544.61,50065.46,11.6,13.4
3,2023-05-14,14.88,25302.98,50158.57,12.8,15.0
3,2023-05-15,23.94,42323.18,50249.64,12.3,14.2
3,2023-05-16,28.14,48954.05,50338.57,10.9,14.5
3,2023-05-17,28.22,49237.87,50425.23,14.0,18.6
3,2023-05-18,19.20,21600.00,50509.65,16.8,18.4
3,2023-05-19,7.20,2331.63,50592.50,15.3,16.5
3,2023-05-20,14.79,26110.19,50673.85,14.9,16.8
3,2023-05-21,23.91,49780.74,50753.62,15.3,17.7
3,2023-05-22,24.26,36000.00,50831.71,14.6,17.8
3,2023-05-23,14.69,30101.00,50908.07,9.2,13.0
3,2023-05-24,26.43,40720.92,50982.60,8.6,12.6
3,2023-05-25,19.27,38014.07,51055.22,11.7,13.7
3,2023-05-26,16.79,32947.25,51125.85,14.0,15.7
3,2023-05-27,18.51,31526.22,51194.39,14.7,17.3
3,2023-05-28,22.02,35923.99,51260.78,16.5,20.1
3,2023-05-29,12.37,12146.49,51324.91,19.6,21.5
3,2023-05-30,7.86,0.00,51386.71,16.3,17.8
3,2023-05-31,13.38,26166.12,51446.08,13.2,16.1
3,2023-06-01,14.46,13113.54,51502.96,17.6,18.9
3,2023-06-02,1.77,0.00,51557.23,18.4,19.4
3,2023-06-03,24.65,44620.98,51608.82,11.2,16.7
3,2023-06-04,20.95,29620.39,51657.64,10.8,14.7
3,2023-06-05,23.08,38802.45,51703.61,12.4,15.6
3,2023-06-06,10.57,13950.11,51746.64,14.3,15.8
3,2023-06-07,23.14,42147.17,51786.69,14.3,17.7
3,2023-06-08,7.64,3600.00,51824.14,17.0,18.8
3,2023-06-09,15.61,17576.54,51859.00,16.6,18.6
3,2023-06-10,13.01,10800.00,51891.26,18.2,19.3
3,2023-06-11,5.31,0.00,51920.89,18.8,19.5
3,2023-06-12,6.99,7016.05,51947.85,19.3,20.7
3,2023-06-13,22.00,34106.91,51972.15,18.3,19.4
3,2023-06-14,13.12,19038.60,51993.76,19.0,20.5
3,2023-06-15,7.01,5640.55,52012.65,17.6,19.6
3,2023-06-16,26.85,50400.00,52028.80,15.2,16.8
3,2023-06-17,27.83,40553.30,52042.20,15.2,18.1
3,2023-06-18,15.66,20155.76,52052.82,17.0,19.7
3,2023-06-19,27.83,50386.77,52060.67,15.9,18.4
3,2023-06-20,21.19,46396.34,52065.70,17.0,18.4
3,2023-06-21,16.14,18898.82,52067.92,15.7,17.0
3,2023-06-22,11.67,11494.17,52067.31,17.7,19.4
3,2023-06-23,22.58,41390.35,52063.87,17.0,18.9
3,2023-06-24,19.53,34257.90,52057.56,17.1,18.9
3,2023-06-25,18.76,31306.05,52048.40,17.4,19.1
3,2023-06-26,9.42,4530.51,52036.38,19.9,21.1
3,2023-06-27,22.44,43048.46,52021.45,21.5,23.1
3,2023-06-28,21.55,33778.33,52003.45,21.2,23.8
3,2023-06-29,23.43,34821.49,51982.41,21.5,22.6
3,2023-06-30,12.35,12648.74,51958.38,22.5,23.9
3,2023-07-01,9.42,10278.86,51931.42,21.2,22.3
3,2023-07-02,26.42,43453.32,51901.61,20.7,22.2
3,2023-07-03,17.54,29794.47,51868.99,21.0,23.0
3,2023-07-04,26.69,39989.29,51833.64,19.1,21.2
3,2023-07-05,10.39,8598.19,51795.60,21.4,22.4
3,2023-07-06,27.51,49693.61,51754.95,18.7,22.0
3,2023-07-07,23.44,34597.40,51711.75,22.5,23.9
3,2023-07-08,23.64,39579.11,51666.07,22.2,23.4
3,2023-07-09,15.09,20542.21,51617.97,22.7,24.7
3,2023-07-10,25.42,50400.00,51567.51,22.2,24.1
3,2023-07-11,25.74,50400.00,51514.76,21.3,23.4
3,2023-07-12,17.32,24814.27,51459.79,22.1,23.5
3,2023-07-13,14.32,15000.75,51402.65,21.8,23.3
3,2023-07-14,18.93,24450.06,51343.42,20.5,23.6
3,2023-07-15,21.13,44062.23,51282.17,21.1,22.5
3,2023-07-16,27.59,50376.55,51218.94,20.6,23.1
3,2023-07-17,27.76,50339.55,51153.69,21.1,23.2
3,2023-07-18,25.39,43718.21,51085.86,21.4,24.2
3,2023-07-19,18.95,32146.32,51015.42,21.6,22.7
3,2023-07-20,23.70,50223.52,50942.49,19.3,20.5
3,2023-07-21,27.35,50183.37,50867.17,18.9,20.7
3,2023-07-22,24.87,50142.59,50789.59,21.0,23.0
3,2023-07-23,24.82,50101.24,50709.84,20.9,22.8
3,2023-07-24,26.03,49996.92,50628.03,21.3,22.7
3,2023-07-25,23.70,48222.36,50544.26,21.7,23.1
3,2023-07-26,24.04,49851.51,50458.65,22.5,23.7
3,2023-07-27,22.55,45462.58,50371.28,22.7,23.5
3,2023-07-28,23.54,49282.45,50282.26,22.4,23.3
3,2023-07-29,25.51,49548.35,50191.70,21.3,22.8
3,2023-07-30,23.83,40040.36,50099.69,22.0,23.9
3,2023-07-31,21.05,35613.25,50006.32,22.4,24.1
3,2023-08-01,21.61,47634.85,49911.70,21.4,22.2
3,2023-08-02,23.13,49111.53,49815.91,21.4,22.9
3,2023-08-03,20.75,46449.38,49719.05,22.1,23.2
3,2023-08-04,22.04,48204.24,49621.21,22.3,23.9
3,2023-08-05,22.99,46937.81,49522.47,22.1,22.6
3,2023-08-06,21.46,36001.00,49422.78,22.1,23.4
3,2023-08-07,12.55,14558.10,49321.36,22.5,23.3
3,2023-08-08,19.76,41127.39,49218.15,22.6,23.0
3,2023-08-09,20.31,38182.69,49113.29,22.9,23.8
3,2023-08-10,21.15,39600.00,49006.87,21.7,22.7
3,2023-08-11,25.16,47562.94,48899.01,19.9,22.3
3,2023-08-12,24.42,46760.54,48789.80,21.0,22.6
3,2023-08-13,22.64,37034.69,48679.35,21.5,22.5
3,2023-08-14,9.03,7268.81,48567.77,22.8,24.1
3,2023-08-15,4.87,7491.28,48455.16,22.5,23.6
3,2023-08-16,23.25,44035.80,48341.60,23.1,24.4
3,2023-08-17,14.24,17005.11,48227.20,23.1,24.9
3,2023-08-18,11.66,12299.72,48112.05,23.6,24.6
3,2023-08-19,22.94,44213.28,47996.25,23.7,24.8
3,2023-08-20,23.57,43693.29,47879.89,23.1,24.4
3,2023-08-21,22.44,43196.22,47763.04,22.0,23.4
3,2023-08-22,19.99,43373.71,47645.81,22.9,23.5
3,2023-08-23,15.76,28198.65,47528.28,22.9,24.2
3,2023-08-24,12.78,20109.94,47410.53,23.1,24.5
3,2023-08-25,21.11,41106.16,47292.65,22.1,23.9
3,2023-08-26,20.99,43200.00,47174.56,21.5,23.4
3,2023-08-27,21.97,43200.00,47055.44,21.6,22.5
3,2023-08-28,21.48,42425.18,46935.23,21.7,22.8
3,2023-08-29,22.09,36103.29,46814.02,21.8,25.0
3,2023-08-30,11.37,10491.03,46691.89,22.3,24.3
3,2023-08-31,19.67,39600.00,46568.95,21.0,21.9
3,2023-09-01,23.59,43200.00,46445.28,20.5,23.6
3,2023-09-02,17.95,40348.36,46320.96,21.9,23.8
3,2023-09-03,21.45,36000.00,46196.09,20.9,22.6
3,2023-09-04,15.06,31636.68,46070.73,22.2,23.2
3,2023-09-05,18.22,41120.94,45944.98,22.4,23.2
3,2023-09-06,12.84,30111.79,45818.91,21.4,22.9
3,2023-09-07,12.24,22341.15,45692.62,19.3,20.2
3,2023-09-08,12.41,27511.12,45566.16,20.6,21.5
3,2023-09-09,20.25,36000.00,45439.63,20.3,21.5
3,2023-09-10,16.47,28729.00,45313.10,21.0,22.1
3,2023-09-11,12.25,23324.82,45186.65,21.1,22.8
3,2023-09-12,15.35,31121.28,45060.35,21.2,22.6
3,2023-09-13,20.37,43200.00,44934.29,20.3,22.3
3,2023-09-14,18.85,36000.00,44808.53,22.2,23.0
3,2023-09-15,18.75,40923.06,44682.99,22.5,24.0
3,2023-09-16,21.02,43126.05,44556.85,21.8,23.1
3,2023-09-17,19.30,43041.94,44430.00,22.0,22.9
3,2023-09-18,15.39,37390.55,44302.56,21.2,22.3
3,2023-09-19,19.59,39271.96,44174.60,20.5,21.4
3,2023-09-20,16.82,32123.57,44046.20,21.1,22.5
3,2023-09-21,14.08,29820.22,43917.43,22.3,22.9
3,2023-09-22,14.20,23589.07,43788.39,20.7,21.5
3,2023-09-23,16.19,36788.38,43659.15,15.2,19.3
3,2023-09-24,19.19,41528.87,43529.78,15.3,16.5
3,2023-09-25,19.61,42355.10,43400.38,16.6,18.5
3,2023-09-26,18.34,41895.87,43271.02,17.4,18.7
3,2023-09-27,18.74,41660.56,43141.78,19.6,20.9
3,2023-09-28,17.77,40586.74,43012.73,19.9,21.4
3,2023-09-29,19.44,42012.75,42883.97,16.7,18.1
3,2023-09-30,17.58,33193.73,42755.56,19.4,21.0
3,2023-10-01,6.43,9077.94,42627.60,16.5,20.0
3,2023-10-02,17.87,38008.73,42500.15,10.6,13.8
3,2023-10-03,14.47,30323.59,42373.31,15.7,18.2
3,2023-10-04,15.58,38366.39,42247.15,16.2,18.6
3,2023-10-05,10.25,26982.72,42121.60,10.2,15.7
3,2023-10-06,15.22,35200.21,41995.73,8.5,10.5
3,2023-10-07,11.92,24524.46,41869.47,8.7,10.4
3,2023-10-08,4.29,0.00,41742.92,13.2,14.9
3,2023-10-09,5.28,3600.00,41616.16,16.3,16.8
3,2023-10-10,13.54,34054.69,41489.28,12.8,16.5
3,2023-10-11,17.87,39551.01,41362.39,10.0,11.6
3,2023-10-12,18.35,39375.38,41235.56,9.5,11.0
3,2023-10-13,17.76,33294.62,41108.90,9.6,13.8
3,2023-10-14,6.88,7200.00,40982.48,14.0,15.6
3,2023-10-15,16.02,39228.56,40856.43,11.2,14.9
3,2023-10-16,16.19,39178.95,40730.83,11.4,13.5
3,2023-10-17,15.32,39129.00,40605.76,10.8,14.1
3,2023-10-18,17.56,39078.70,40481.35,11.2,14.7
3,2023-10-19,16.88,39028.06,40357.69,13.4,15.5
3,2023-10-20,12.26,28276.45,40234.87,11.9,16.2
3,2023-10-21,11.97,38925.80,40113.01,6.3,8.1
3,2023-10-22,16.24,37752.18,39992.20,6.9,10.3
3,2023-10-23,16.43,38822.21,39872.57,9.0,11.5
3,2023-10-24,15.89,38107.02,39754.21,9.9,12.3
3,2023-10-25,14.63,38717.22,39637.05,10.0,12.9
3,2023-10-26,16.24,38663.95,39520.09,8.4,11.5
3,2023-10-27,15.24,37621.68,39403.24,9.4,12.1
3,2023-10-28,13.52,36759.65,39286.61,7.8,10.9
3,2023-10-29,12.29,33908.39,39170.31,7.2,9.1
3,2023-10-30,12.38,37854.86,39054.45,8.6,11.0
3,2023-10-31,14.86,38345.54,38939.15,7.8,10.6
3,2023-11-01,15.60,38053.77,38824.51,7.1,10.8
3,2023-11-02,15.17,38029.74,38710.66,9.8,15.3
3,2023-11-03,14.97,37710.13,38597.70,10.4,13.7
3,2023-11-04,13.51,29605.01,38485.77,11.8,15.2
3,2023-11-05,13.18,33756.14,38374.97,14.8,16.2
3,2023-11-06,8.26,18678.76,38265.45,16.6,18.9
3,2023-11-07,10.52,25333.81,38157.32,7.9,10.0
3,2023-11-08,14.18,31982.41,38050.70,9.2,12.9
3,2023-11-09,9.81,28333.16,37945.74,13.7,15.5
3,2023-11-10,2.66,0.00,37842.57,12.6,16.0
3,2023-11-11,9.15,20893.40,37741.32,4.8,6.9
3,2023-11-12,4.39,2076.09,37642.12,6.1,9.1
3,2023-11-13,7.28,18600.31,37545.13,2.5,5.0
3,2023-11-14,9.57,30661.89,37450.28,3.6,5.5
3,2023-11-15,8.13,22461.81,37356.61,4.5,7.1
3,2023-11-16,10.67,24707.52,37264.03,7.7,10.5
3,2023-11-17,6.23,17205.06,37172.67,5.1,10.5
3,2023-11-18,6.64,21691.08,37082.62,0.7,4.1
3,2023-11-19,11.62,35139.95,36994.00,4.5,7.7
3,2023-11-20,10.14,33521.75,36906.93,3.0,7.7
3,2023-11-21,13.37,35102.94,36821.52,4.8,8.8
3,2023-11-22,13.23,35054.56,36737.90,6.1,8.5
3,2023-11-23,11.72,35029.46,36656.17,9.4,13.6
3,2023-11-24,11.45,35006.09,36576.48,2.4,9.1
3,2023-11-25,6.11,11032.65,36498.92,0.5,2.4
3,2023-11-26,12.13,34964.60,36423.65,1.2,4.3
3,2023-11-27,6.54,14400.00,36350.76,7.6,9.6
3,2023-11-28,10.16,31975.38,36280.40,0.8,9.3
3,2023-11-29,8.57,25200.00,36212.68,3.5,5.3
3,2023-11-30,11.35,33051.04,36147.75,0.9,3.5
3,2023-12-01,8.80,33377.52,36085.72,0.5,2.6
3,2023-12-02,8.69,27186.81,36026.73,0.3,1.3
3,2023-12-03,9.29,34349.25,35970.91,0.3,3.4
3,2023-12-04,11.90,31272.83,35918.26,0.1,5.1
3,2023-12-05,3.68,4333.64,35868.15,6.1,8.0
3,2023-12-06,10.82,32043.13,35820.50,5.4,7.6
3,2023-12-07,8.42,33207.48,35775.39,0.4,6.7
3,2023-12-08,11.86,34876.60,35732.85,1.8,6.3
3,2023-12-09,10.44,29430.05,35692.95,7.4,10.9
3,2023-12-10,11.36,31291.32,35655.74,7.8,10.7
3,2023-12-11,8.95,22538.75,35621.28,10.3,12.8
3,2023-12-12,4.40,11393.77,35589.61,8.2,14.3
3,2023-12-13,11.39,34928.11,35560.80,0.7,4.2
3,2023-12-14,9.67,22925.05,35534.90,7.0,11.2
3,2023-12-15,6.97,24651.76,35511.94,14.9,16.9
3,2023-12-16,3.93,7138.35,35491.99,5.2,13.8
3,2023-12-17,10.16,32046.19,35475.09,-6.2,-3.6
3,2023-12-18,7.30,18241.02,35461.30,-1.5,0.4
3,2023-12-19,4.32,10397.18,35450.65,1.9,3.5
3,2023-12-20,8.69,32198.18,35443.20,0.3,3.2
3,2023-12-21,9.71,32917.86,35438.98,-7.1,-3.4
3,2023-12-22,10.75,34868.31,35438.05,-6.7,-2.8
3,2023-12-23,8.10,23358.94,35440.43,-3.3,-1.3
3,2023-12-24,10.27,34877.86,35446.19,-2.6,-0.2
3,2023-12-25,9.22,30309.51,35455.35,-2.1,1.7
3,2023-12-26,10.68,34195.86,35467.88,-0.4,1.4
3,2023-12-27,8.18,27265.43,35483.71,0.7,3.6
3,2023-12-28,11.35,34039.18,35502.80,1.8,3.9
3,2023-12-29,9.10,34959.61,35525.08,0.2,5.4
3,2023-12-30,11.21,34985.88,35550.48,3.4,7.3
3,2023-12-31,6.54,21960.67,35578.96,5.9,10.4
3,2024-01-01,8.74,32268.77,35610.44,-1.9,3.1
3,2024-01-02,11.71,32648.53,35644.87,-0.4,1.6
3,2024-01-03,5.18,7402.63,35682.18,4.3,5.6
3,2024-01-04,6.97,28538.47,35722.30,-0.1,3.5
3,2024-01-05,12.00,35207.57,35765.18,1.3,3.1
3,2024-01-06,6.76,24710.92,35810.74,4.1,7.1
3,2024-01-07,10.56,35304.30,35858.91,-4.2,-0.3
3,2024-01-08,6.61,17408.70,35909.65,-4.1,-2.2
3,2024-01-09,12.09,32667.01,35962.86,-2.7,0.8
3,2024-01-10,2.64,3600.00,36018.50,1.2,3.0
3,2024-01-11,9.19,24608.51,36076.49,-1.2,1.8
3,2024-01-12,9.80,33829.60,36136.76,0.9,3.3
3,2024-01-13,9.72,35543.87,36199.39,-3.6,1.2
3,2024-01-14,12.71,32400.00,36265.07,-0.4,4.2
3,2024-01-15,5.88,18651.42,36333.80,-2.5,3.3
3,2024-01-16,8.27,30127.85,36405.45,-5.4,-3.9
3,2024-01-17,12.90,32400.00,36479.88,-2.4,4.3
3,2024-01-18,3.35,1543.47,36556.95,7.7,10.1
3,2024-01-19,9.27,25200.00,36636.53,3.8,6.4
3,2024-01-20,5.92,11509.42,36718.49,8.6,11.6
3,2024-01-21,3.67,205.19,36802.69,5.2,9.8
3,2024-01-22,10.29,32128.73,36889.01,0.9,4.2
3,2024-01-23,10.85,30400.28,36977.32,-7.3,-4.5
3,2024-01-24,7.84,24708.45,37067.49,-6.6,-4.1
3,2024-01-25,10.39,35573.19,37159.40,-3.4,-2.0
3,2024-01-26,8.40,21574.55,37252.92,-2.7,-1.3
3,2024-01-27,9.93,23511.00,37347.93,-2.0,-0.4
3,2024-01-28,8.53,26697.75,37444.32,-0.2,1.9
3,2024-01-29,13.05,35966.52,37541.96,-3.0,0.7
3,2024-01-30,12.92,32400.00,37640.75,-1.2,3.0
3,2024-01-31,4.99,10239.15,37740.57,6.8,8.9
3,2024-02-01,5.67,8219.12,37841.29,0.3,7.7
3,2024-02-02,12.41,34848.29,37943.02,-3.2,-1.8
3,2024-02-03,11.97,21600.00,38046.76,-0.1,1.4
3,2024-02-04,8.69,27719.83,38152.56,-0.0,2.4
3,2024-02-05,2.95,2510.00,38260.28,2.5,6.6
3,2024-02-06,7.57,16134.12,38369.79,-1.5,2.2
3,2024-02-07,10.40,30951.35,38480.94,-1.0,1.9
3,2024-02-08,12.41,33297.99,38593.61,-3.0,-0.1
3,2024-02-09,14.41,31652.85,38707.68,-2.5,1.7
3,2024-02-10,12.51,36287.63,38822.99,-0.2,1.9
3,2024-02-11,12.63,36255.57,38939.44,-0.8,1.1
3,2024-02-12,11.32,30073.17,39056.91,-3.5,-0.5
3,2024-02-13,16.18,37069.88,39175.25,3.3,7.9
3,2024-02-14,14.35,32166.09,39294.37,6.9,9.5
3,2024-02-15,10.53,25404.11,39414.14,8.2,12.2
3,2024-02-16,10.90,26749.77,39534.45,-1.5,1.8
3,2024-02-17,7.25,11083.74,39655.18,6.3,7.6
3,2024-02-18,10.20,23209.27,39776.22,9.8,10.5
3,2024-02-19,4.36,3270.55,39897.46,13.2,14.3
3,2024-02-20,9.12,17061.36,40018.80,10.7,14.4
3,2024-02-21,6.63,6369.19,40140.12,10.0,15.0
3,2024-02-22,8.99,16931.61,40261.52,2.7,5.3
3,2024-02-23,3.30,3600.00,40384.01,-0.4,2.0
3,2024-02-24,15.29,33405.67,40507.68,0.3,4.8
3,2024-02-25,3.83,4061.65,40632.43,3.8,5.7
3,2024-02-26,11.58,31575.66,40758.15,-1.6,1.4
3,2024-02-27,10.43,23261.59,40884.72,-2.8,-1.7
3,2024-02-28,18.34,36326.36,41012.07,-2.8,0.7
3,2024-02-29,5.85,5723.99,41140.06,4.1,6.6
3,2024-03-01,10.61,27896.96,41268.63,-1.3,4.1
3,2024-03-02,11.22,25065.15,41397.64,-5.5,-3.4
3,2024-03-03,18.78,39000.88,41527.02,-2.1,2.0
3,2024-03-04,15.09,32756.20,41656.67,1.9,3.9
3,2024-03-05,3.07,0.00,41786.49,5.3,8.6
3,2024-03-06,5.97,6260.19,41916.39,0.8,4.8
3,2024-03-07,17.05,35030.55,42046.27,-1.8,-0.8
3,2024-03-08,17.21,40552.92,42176.03,-2.6,0.1
3,2024-03-09,16.64,40841.77,42305.60,-5.1,-3.2
3,2024-03-10,14.68,39762.08,42434.87,-5.1,-1.6
3,2024-03-11,19.52,32400.00,42563.75,1.5,5.7
3,2024-03-12,2.81,3485.47,42692.15,3.6,6.9
3,2024-03-13,14.93,39873.61,42820.15,-2.2,1.1
3,2024-03-14,17.57,42490.55,42948.70,1.4,3.4
3,2024-03-15,21.92,42620.25,43077.88,-0.7,3.8
3,2024-03-16,21.23,39547.31,43207.60,4.5,8.3
3,2024-03-17,8.02,12129.57,43337.78,5.4,11.0
3,2024-03-18,20.31,40862.01,43468.34,-4.5,-2.5
3,2024-03-19,13.51,21619.85,43599.20,0.8,3.4
3,2024-03-20,13.81,30131.73,43730.27,-3.5,0.8
3,2024-03-21,17.89,43030.69,43861.47,-2.9,-0.7
3,2024-03-22,17.59,32176.19,43992.71,-1.3,4.6
3,2024-03-23,3.37,0.00,44123.92,8.6,10.5
3,2024-03-24,3.48,0.00,44255.01,9.5,12.1
3,2024-03-25,4.36,0.00,44385.90,11.3,12.3
3,2024-03-26,5.15,7200.00,44516.49,5.5,14.2
3,2024-03-27,21.72,39731.67,44646.71,1.1,5.5
3,2024-03-28,11.50,14400.00,44776.48,9.8,14.3
3,2024-03-29,18.37,36477.93,44905.70,5.9,12.7
3,2024-03-30,22.44,40414.67,45034.28,7.6,10.7
3,2024-03-31,21.12,32944.34,45162.15,11.2,12.3
3,2024-04-01,23.69,43200.00,45289.21,2.2,8.5
3,2024-04-02,17.20,22929.68,45415.53,6.4,13.2
3,2024-04-03,4.81,207.19,45541.99,13.0,17.3
3,2024-04-04,12.84,19829.42,45668.69,7.5,11.5
3,2024-04-05,13.82,23599.93,45795.55,7.2,10.0
3,2024-04-06,19.89,33608.03,45922.46,9.3,11.0
3,2024-04-07,18.49,29789.12,46049.37,11.8,14.1
3,2024-04-08,10.43,12177.64,46176.18,14.0,15.0
3,2024-04-09,9.86,11997.37,46302.80,3.8,9.0
3,2024-04-10,24.57,42342.70,46429.17,5.6,7.7
3,2024-04-11,20.15,37461.15,46555.17,7.1,9.4
3,2024-04-12,22.18,43033.06,46680.74,7.6,10.4
3,2024-04-13,23.76,40058.04,46805.78,7.7,10.3
3,2024-04-14,24.28,42124.56,46930.20,9.3,12.4
3,2024-04-15,19.91,33306.72,47053.91,10.2,12.6
3,2024-04-16,16.35,31029.22,47176.80,12.6,13.7
3,2024-04-17,21.66,30063.17,47298.80,7.8,13.6
3,2024-04-18,12.40,15486.85,47419.80,7.4,9.9
3,2024-04-19,24.50,41210.74,47539.71,7.4,10.5
3,2024-04-20,17.43,25388.38,47658.41,8.7,14.3
3,2024-04-21,5.82,163.10,47775.81,14.2,16.8
3,2024-04-22,15.24,21600.00,47891.97,15.1,16.7
3,2024-04-23,6.08,1281.86,48007.74,12.9,14.3
3,2024-04-24,15.74,30136.28,48123.18,13.7,15.4
3,2024-04-25,22.15,43200.00,48238.22,10.7,13.1
3,2024-04-26,14.75,19264.92,48352.77,12.2,15.1
3,2024-04-27,11.63,13600.54,48466.73,13.4,15.6
3,2024-04-28,23.66,33172.98,48580.00,14.3,16.5
3,2024-04-29,12.45,17993.75,48692.51,15.1,16.8
3,2024-04-30,11.68,19381.38,48804.15,16.2,18.1
3,2024-05-01,5.87,8890.50,48914.81,10.0,13.3
3,2024-05-02,25.62,43532.48,49024.42,7.9,11.2
3,2024-05-03,25.54,46940.39,49132.86,9.5,12.5
3,2024-05-04,26.67,46978.27,49240.03,11.5,16.0
3,2024-05-05,25.87,36856.37,49345.81,11.1,14.0
3,2024-05-06,9.99,5607.06,49450.12,14.5,17.3
3,2024-05-07,14.58,15078.00,49552.83,13.3,18.6
3,2024-05-08,15.67,28742.17,49653.85,6.3,10.8
3,2024-05-09,23.42,43348.56,49753.04,2.9,8.1
3,2024-05-10,28.30,48067.47,49850.30,8.6,12.7
3,2024-05-11,26.24,36444.15,49945.51,12.0,14.3
3,2024-05-12,11.81,10024.82,50038.70,15.2,17.7
3,2024-05-13,7.70,11503.22,50130.62,9.1,14.7
3,2024-05-14,26.10,38250.99,50221.31,12.4,16.1
3,2024-05-15,11.35,19290.52,50310.71,14.9,16.0
3,2024-05-16,18.54,40730.96,50398.71,5.9,9.3
3,2024-05-17,28.27,48927.00,50485.24,9.0,13.0
3,2024-05-18,25.06,33289.47,50570.20,10.7,15.3
3,2024-05-19,7.70,10934.52,50653.51,11.5,14.8
3,2024-05-20,24.48,42680.81,50735.07,13.6,16.5
3,2024-05-21,27.07,49466.90,50814.78,12.4,14.6
3,2024-05-22,19.68,27130.78,50892.57,14.8,16.2
3,2024-05-23,18.48,27485.36,50968.33,16.2,17.7
3,2024-05-24,25.23,48210.08,51041.96,14.3,16.8
3,2024-05-25,28.47,50087.83,51113.37,11.0,15.8
3,2024-05-26,20.76,35800.46,51182.46,15.9,18.3
3,2024-05-27,13.06,19299.28,51249.14,19.9,21.4
3,2024-05-28,4.13,7945.64,51313.30,14.8,20.9
3,2024-05-29,27.03,50244.90,51374.85,10.4,13.8
3,2024-05-30,20.64,25200.00,51433.69,15.3,16.7
3,2024-05-31,6.61,10800.00,51489.72,14.8,17.3
3,2024-06-01,26.82,46579.04,51542.91,14.5,16.7
3,2024-06-02,21.25,38460.85,51593.74,13.3,15.1
3,2024-06-03,25.70,48295.48,51642.25,11.5,12.6
3,2024-06-04,21.90,48490.82,51688.38,11.8,13.2
3,2024-06-05,25.44,43750.95,51732.10,13.5,15.3
3,2024-06-06,16.35,21612.69,51773.36,14.9,15.9
3,2024-06-07,25.79,50400.00,51812.12,13.3,15.2
3,2024-06-08,23.48,37501.58,51848.34,14.6,16.7
3,2024-06-09,7.29,9037.99,51881.98,15.6,16.7
3,2024-06-10,23.90,48829.54,51912.99,15.9,18.4
3,2024-06-11,26.34,45778.60,51941.33,17.4,19.0
3,2024-06-12,23.54,38409.47,51966.98,17.5,19.3
3,2024-06-13,24.77,46800.00,51989.88,17.0,19.0
3,2024-06-14,25.87,44054.73,52010.00,16.8,20.0
3,2024-06-15,18.44,26875.16,52027.31,18.4,20.4
3,2024-06-16,25.57,50064.41,52041.76,19.0,20.4
3,2024-06-17,10.27,7200.00,52053.33,16.6,19.6
3,2024-06-18,10.03,22327.02,52061.99,15.9,18.4
3,2024-06-19,26.35,41954.69,52067.69,17.3,19.9
3,2024-06-20,14.87,11397.80,52070.41,18.8,20.2
3,2024-06-21,17.40,36709.70,52070.11,16.3,18.8
3,2024-06-22,18.20,21124.51,52066.76,20.6,24.0
3,2024-06-23,13.19,15532.95,52060.41,23.0,24.8
3,2024-06-24,15.00,20380.55,52051.08,20.2,21.2
3,2024-06-25,13.01,21490.46,52038.80,20.7,22.7
3,2024-06-26,17.15,25422.21,52023.64,17.4,18.9
3,2024-06-27,9.51,9033.74,52005.61,19.2,21.2
3,2024-06-28,6.19,0.00,51984.76,20.7,22.0
3,2024-06-29,22.40,35137.76,51961.15,19.7,21.6
3,2024-06-30,10.09,14119.25,51934.81,22.3,23.7
3,2024-07-01,6.82,0.00,51905.78,22.7,24.2
3,2024-07-02,10.24,10874.30,51874.12,22.1,23.6
3,2024-07-03,23.30,49364.35,51839.87,22.2,24.0
3,2024-07-04,23.42,45287.45,51803.07,22.7,23.6
3,2024-07-05,27.22,50400.00,51763.79,21.8,23.6
3,2024-07-06,25.75,50400.00,51722.05,20.8,24.0
3,2024-07-07,28.14,50400.00,51677.91,21.2,23.6
3,2024-07-08,27.47,50400.00,51631.43,21.0,23.3
3,2024-07-09,18.43,31789.80,51582.64,21.5,22.9
3,2024-07-10,16.80,24420.45,51531.61,22.6,23.8
3,2024-07-11,6.84,0.00,51478.28,21.5,22.5
3,2024-07-12,10.83,16707.10,51422.16,20.1,21.2
3,2024-07-13,13.72,19056.93,51363.26,21.7,22.7
3,2024-07-14,14.86,18000.00,51301.69,22.8,24.0
3,2024-07-15,12.01,13789.98,51237.53,22.8,24.5
3,2024-07-16,21.74,39111.27,51170.89,21.9,22.8
3,2024-07-17,24.76,46789.32,51101.87,21.1,22.8
3,2024-07-18,26.59,45255.11,51030.58,21.3,23.6
3,2024-07-19,26.45,50224.00,50957.11,22.4,24.3
3,2024-07-20,24.93,46061.93,50881.56,21.9,24.4
3,2024-07-21,25.86,49344.18,50804.03,23.2,24.1
3,2024-07-22,26.19,50108.92,50724.62,21.8,24.1
3,2024-07-23,26.28,46075.14,50643.42,22.7,24.4
3,2024-07-24,18.70,32427.24,50560.52,22.9,23.6
3,2024-07-25,23.02,44897.76,50476.03,22.6,24.2
3,2024-07-26,22.06,42851.76,50390.01,23.2,24.5
3,2024-07-27,23.64,45795.27,50302.58,23.6,24.9
3,2024-07-28,25.56,49010.23,50213.83,22.9,24.5
3,2024-07-29,26.87,49525.53,50123.84,22.3,23.4
3,2024-07-30,20.98,44799.53,50032.68,23.0,24.0
3,2024-07-31,25.74,49403.58,49940.32,19.8,22.2
3,2024-08-01,27.15,49310.44,49845.99,20.8,22.1
3,2024-08-02,26.23,47459.50,49749.67,22.9,24.0
3,2024-08-03,23.59,47015.43,49651.48,23.9,24.9
3,2024-08-04,21.32,36000.00,49551.53,24.4,25.4
3,2024-08-05,20.61,41729.42,49449.91,24.2,25.5
3,2024-08-06,22.05,37296.04,49346.76,23.5,24.4
3,2024-08-07,24.32,47753.00,49242.16,21.9,23.7
3,2024-08-08,25.95,47952.04,49136.23,20.9,23.5
3,2024-08-09,25.30,46375.03,49029.08,21.2,22.1
3,2024-08-10,22.87,46464.38,48920.79,21.0,22.0
3,2024-08-11,23.95,46461.80,48811.47,21.0,21.7
3,2024-08-12,23.52,41743.42,48701.23,21.1,22.4
3,2024-08-13,24.10,45104.45,48590.14,21.4,22.7
3,2024-08-14,24.02,44863.44,48478.31,21.8,23.0
3,2024-08-15,21.08,36541.13,48365.83,23.4,25.1
3,2024-08-16,20.32,44098.10,48252.80,21.6,23.5
3,2024-08-17,16.14,31638.77,48139.30,22.1,23.0
3,2024-08-18,24.08,36635.74,48025.40,20.2,22.4
3,2024-08-19,8.82,2114.29,47911.21,23.4,24.3
3,2024-08-20,20.47,39845.78,47796.66,22.9,24.5
3,2024-08-21,21.79,43200.00,47680.92,23.5,25.1
3,2024-08-22,22.77,43641.83,47563.93,22.9,24.6
3,2024-08-23,21.53,43200.00,47445.80,23.2,24.3
3,2024-08-24,19.51,36000.00,47326.61,23.3,24.5
3,2024-08-25,19.54,42147.06,47206.47,23.0,24.5
3,2024-08-26,21.93,42472.35,47085.45,22.2,23.2
3,2024-08-27,21.37,43200.00,46963.66,22.0,23.5
3,2024-08-28,17.81,25765.37,46841.19,21.8,23.0
3,2024-08-29,8.37,10800.00,46718.13,22.6,23.9
3,2024-08-30,20.19,36194.80,46594.55,23.1,24.2
3,2024-08-31,3.27,3458.21,46470.54,22.4,24.4
3,2024-09-01,12.31,23165.74,46346.18,23.0,24.1
3,2024-09-02,20.80,43200.00,46221.56,21.8,23.3
3,2024-09-03,15.44,33631.85,46096.77,20.0,22.3
3,2024-09-04,22.92,43200.00,45971.87,19.3,20.7
3,2024-09-05,21.93,43200.00,45846.95,19.8,20.9
3,2024-09-06,23.03,43200.00,45722.09,19.1,20.9
3,2024-09-07,23.32,43200.00,45597.36,18.5,20.6
3,2024-09-08,22.11,43200.00,45472.84,21.4,23.2
3,2024-09-09,22.33,43200.00,45348.46,21.1,22.7
3,2024-09-10,17.79,42409.44,45223.38,23.1,24.5
3,2024-09-11,20.33,39971.33,45097.52,22.5,23.5
3,2024-09-12,18.42,40875.36,44970.98,22.9,23.7
3,2024-09-13,19.08,43200.00,44843.83,22.2,23.6
3,2024-09-14,18.33,43200.00,44716.15,23.3,24.4
3,2024-09-15,12.52,32183.44,44588.04,23.1,24.0
3,2024-09-16,17.37,42057.29,44459.56,22.8,23.8
3,2024-09-17,17.70,42974.77,44330.80,23.2,24.8
3,2024-09-18,17.73,42888.27,44201.83,22.2,24.4
3,2024-09-19,17.24,34905.75,44072.74,21.5,24.3
3,2024-09-20,19.85,39115.17,43943.60,21.5,22.5
3,2024-09-21,15.63,25077.49,43814.50,21.4,23.1
3,2024-09-22,8.38,16508.64,43685.50,19.9,23.6
3,2024-09-23,16.19,42110.44,43556.69,16.5,17.2
3,2024-09-24,19.25,42371.33,43428.14,15.1,16.3
3,2024-09-25,18.08,34452.05,43299.93,17.1,18.9
3,2024-09-26,18.18,34171.48,43172.14,19.4,20.7
3,2024-09-27,14.18,30126.39,43044.84,19.7,21.2
3,2024-09-28,8.19,5762.81,42918.12,20.3,21.3
3,2024-09-29,8.14,1219.23,42791.89,18.6,20.5
3,2024-09-30,14.45,32319.10,42665.27,17.1,18.5
3,2024-10-01,18.70,40744.95,42538.18,17.4,19.9
3,2024-10-02,17.95,32969.90,42410.71,18.1,19.7
3,2024-10-03,2.79,0.00,42282.94,20.9,22.7
3,2024-10-04,3.36,0.00,42154.95,18.7,21.9
3,2024-10-05,14.93,36756.39,42026.85,17.6,18.8
3,2024-10-06,16.35,32400.00,41898.71,19.2,20.8
3,2024-10-07,12.74,27530.47,41770.63,19.4,21.3
3,2024-10-08,8.41,15371.07,41642.68,15.5,18.4
3,2024-10-09,13.55,36248.60,41514.98,13.7,14.9
3,2024-10-10,16.92,36559.81,41387.59,13.0,15.3
3,2024-10-11,17.37,39387.93,41260.61,11.1,13.9
3,2024-10-12,17.82,39339.64,41134.15,12.6,14.6
3,2024-10-13,18.19,39291.01,41008.28,13.1,15.0
3,2024-10-14,17.06,36670.10,40883.10,14.8,17.3
3,2024-10-15,13.77,34159.27,40758.72,17.0,18.7
3,2024-10-16,10.26,25625.23,40635.22,18.0,20.0
3,2024-10-17,16.15,33918.73,40512.71,17.9,18.9
3,2024-10-18,5.97,15784.23,40391.29,18.9,20.2
3,2024-10-19,9.08,18981.27,40270.86,16.3,21.1
3,2024-10-20,16.25,36000.00,40150.47,10.0,11.8
3,2024-10-21,15.59,37453.56,40030.01,12.1,14.9
3,2024-10-22,8.95,14918.12,39909.61,17.1,19.6
3,2024-10-23,10.90,31539.24,39789.35,18.7,22.5
3,2024-10-24,8.39,12155.00,39669.34,15.7,16.6
3,2024-10-25,13.88,27336.69,39549.70,14.3,16.1
3,2024-10-26,4.24,5799.59,39430.53,16.3,18.1
3,2024-10-27,10.14,17457.87,39311.95,17.2,18.4
3,2024-10-28,6.18,8963.05,39194.05,13.5,15.1
3,2024-10-29,2.49,0.00,39076.97,14.7,16.2
3,2024-10-30,11.65,28800.00,38960.80,9.4,14.9
3,2024-10-31,10.46,20626.49,38845.68,13.7,16.3
3,2024-11-01,5.26,4875.53,38731.73,16.5,18.6
3,2024-11-02,3.17,5153.74,38619.06,15.3,21.5
3,2024-11-03,15.38,37390.75,38507.79,8.1,12.8
3,2024-11-04,13.35,35879.11,38398.07,13.5,15.1
3,2024-11-05,9.89,29157.66,38290.01,11.6,13.6
3,2024-11-06,12.43,32441.71,38183.76,8.1,12.0
3,2024-11-07,10.25,28624.61,38079.42,3.2,5.2
3,2024-11-08,13.75,34405.24,37976.97,2.9,6.7
3,2024-11-09,14.17,35500.05,37875.38,6.8,10.6
3,2024-11-10,9.41,21696.53,37774.58,13.8,14.6
3,2024-11-11,12.04,35596.71,37674.67,9.8,14.9
3,2024-11-12,12.84,34352.93,37575.78,11.9,14.8
3,2024-11-13,13.71,35435.46,37478.02,7.4,10.0
3,2024-11-14,10.98,29197.48,37381.51,12.7,14.4
3,2024-11-15,5.98,3818.66,37286.37,13.4,15.0
3,2024-11-16,3.84,4662.47,37192.72,15.0,16.0
3,2024-11-17,8.04,26082.58,37100.69,13.5,17.0
3,2024-11-18,9.06,31761.98,37010.40,3.6,6.9
3,2024-11-19,11.29,31516.09,36921.98,2.1,4.8
3,2024-11-20,6.93,18645.03,36835.56,4.9,7.1
3,2024-11-21,11.67,34189.65,36751.28,4.8,6.4
3,2024-11-22,11.02,33584.35,36669.25,5.2,7.0
3,2024-11-23,8.45,28174.40,36589.63,2.4,3.5
3,2024-11-24,6.24,15090.39,36512.54,3.5,4.2
3,2024-11-25,12.42,31364.98,36438.13,4.7,10.0
3,2024-11-26,3.52,2993.94,36366.53,10.2,13.4
3,2024-11-27,6.99,25963.22,36297.88,5.2,7.8
3,2024-11-28,9.14,32596.60,36232.17,1.4,4.9
3,2024-11-29,9.91,34317.53,36168.65,2.2,5.6
3,2024-11-30,10.32,33627.15,36107.23,1.2,2.9
3,2024-12-01,10.65,33701.75,36048.00,2.9,4.7
3,2024-12-02,11.69,34879.52,35991.03,4.1,6.9
3,2024-12-03,11.51,34672.69,35936.41,6.3,8.1
3,2024-12-04,9.83,34873.81,35884.21,1.3,3.5
3,2024-12-05,9.74,33404.21,35834.51,0.7,2.5
3,2024-12-06,8.55,31677.75,35787.38,1.7,3.0
3,2024-12-07,9.95,28800.00,35742.91,-1.2,2.1
3,2024-12-08,9.03,27245.63,35701.18,-1.3,1.3
3,2024-12-09,8.96,33729.51,35662.26,0.1,1.4
3,2024-12-10,9.27,28800.00,35626.22,0.8,2.3
3,2024-12-11,9.26,27970.32,35593.15,0.3,3.4
3,2024-12-12,9.60,31420.51,35563.11,-2.5,0.9
3,2024-12-13,8.10,26334.70,35536.20,0.5,3.1
3,2024-12-14,5.49,16344.29,35512.47,-0.8,2.3
3,2024-12-15,9.96,32356.21,35492.01,-0.5,1.8
3,2024-12-16,9.12,32406.66,35474.88,-0.6,3.2
3,2024-12-17,9.72,33891.56,35461.16,-0.4,1.2
3,2024-12-18,10.73,33589.88,35450.88,-2.6,0.1
3,2024-12-19,10.31,34873.28,35443.89,-3.7,-0.5
3,2024-12-20,9.02,25802.93,35440.13,-2.8,-1.4
3,2024-12-21,6.95,20219.22,35439.59,0.8,4.6
3,2024-12-22,6.02,23175.04,35442.24,-0.8,0.7
3,2024-12-23,7.80,25177.64,35448.03,-1.8,-0.1
3,2024-12-24,8.80,34247.72,35456.96,-0.3,0.7
3,2024-12-25,10.41,30303.33,35468.98,1.0,5.0
3,2024-12-26,8.07,26639.33,35484.06,0.8,6.5
3,2024-12-27,10.45,33706.97,35502.18,-4.1,-1.2
3,2024-12-28,10.00,34957.02,35523.28,-4.4,-0.8
3,2024-12-29,8.26,21959.45,35547.35,-3.1,-1.5
3,2024-12-30,9.97,29223.18,35574.34,-1.4,2.4
3,2024-12-31,7.10,28309.90,35604.20,0.1,5.3
3,2025-01-01,9.98,35075.20,35636.92,-2.3,0.4
3,2025-01-02,10.68,35112.09,35672.43,-1.3,0.3
3,2025-01-03,9.41,31676.65,35710.71,-3.5,0.8
3,2025-01-04,6.71,16746.29,35751.71,-3.3,-2.5
3,2025-01-05,9.78,28800.00,35795.40,-3.1,2.7
3,2025-01-06,1.85,3108.09,35841.72,2.5,4.8
3,2025-01-07,10.49,35338.34,35890.73,-5.2,1.5
3,2025-01-08,10.86,32278.97,35943.00,-5.5,-0.7
3,2025-01-09,7.77,24649.02,35998.51,-7.5,0.4
3,2025-01-10,10.17,33059.11,36057.14,-4.3,-1.7
3,2025-01-11,10.30,32373.05,36118.76,-3.5,-0.9
3,2025-01-12,9.91,29952.96,36183.24,-3.7,-1.8
3,2025-01-13,9.12,31158.54,36250.47,-1.7,-0.6
3,2025-01-14,10.13,31875.15,36320.33,-1.4,1.8
3,2025-01-15,6.25,14413.40,36392.68,-1.6,3.7
3,2025-01-16,7.50,24167.01,36467.42,-3.4,-0.4
3,2025-01-17,6.93,17882.37,36544.42,-3.8,-0.2
3,2025-01-18,12.93,35646.97,36623.56,-2.8,-1.4
3,2025-01-19,12.55,32400.00,36704.74,0.6,3.1
3,2025-01-20,9.93,28609.30,36787.82,1.8,5.3
3,2025-01-21,10.54,25821.37,36872.70,-1.8,2.8
3,2025-01-22,11.71,35749.03,36959.27,-1.7,0.5
3,2025-01-23,12.29,33820.68,37047.40,-2.4,2.5
3,2025-01-24,13.14,35810.02,37136.99,-1.1,2.4
3,2025-01-25,11.80,35842.97,37227.95,-3.3,-1.3
3,2025-01-26,12.64,32400.00,37320.15,-2.8,-0.2
3,2025-01-27,4.94,6589.29,37413.67,-1.1,3.2
3,2025-01-28,12.23,35952.44,37509.49,-4.3,-1.5
3,2025-01-29,10.82,35992.87,37607.64,-5.8,-3.7
3,2025-01-30,9.14,20644.14,37707.97,-5.7,-2.2
3,2025-01-31,8.40,18716.06,37810.35,-2.6,-0.7
3,2025-02-01,9.80,18000.00,37914.64,-0.1,2.1
3,2025-02-02,5.65,4038.03,38020.69,1.8,3.3
3,2025-02-03,9.55,27923.34,38128.37,-1.7,3.0
3,2025-02-04,13.42,36000.00,38237.56,-8.4,-6.7
3,2025-02-05,12.55,36127.33,38348.11,-9.5,-5.8
3,2025-02-06,10.92,27610.56,38459.90,-7.7,-6.3
3,2025-02-07,12.95,33150.32,38572.80,-8.2,-2.2
3,2025-02-08,11.24,30915.81,38686.69,-6.5,-3.2
3,2025-02-09,12.43,32907.02,38801.45,-4.1,-2.6
3,2025-02-10,13.42,35408.48,38916.96,-5.5,-3.1
3,2025-02-11,8.96,19696.00,39033.10,-5.4,-2.7
3,2025-02-12,4.89,4896.04,39149.75,0.9,5.5
3,2025-02-13,12.20,27490.39,39266.80,-4.5,0.2
3,2025-02-14,15.91,37302.55,39384.15,-2.9,-0.6
3,2025-02-15,16.26,28800.00,39501.66,-2.0,3.7
3,2025-02-16,11.28,35084.13,39619.45,3.1,5.7
3,2025-02-17,12.43,31858.14,39738.54,-3.5,3.6
3,2025-02-18,11.56,28545.39,39859.01,-4.6,-3.1
3,2025-02-19,13.72,33966.00,39980.75,-6.3,-4.4
3,2025-02-20,14.04,35009.49,40103.63,-4.4,-2.8
3,2025-02-21,10.79,25764.33,40227.56,-4.1,-2.5
3,2025-02-22,13.46,29614.53,40352.41,-5.5,-4.0
3,2025-02-23,16.25,38563.06,40478.08,-5.2,-1.5
3,2025-02-24,15.40,38713.29,40604.46,-4.5,-2.2
3,2025-02-25,17.30,35071.35,40731.44,-3.3,-0.3
3,2025-02-26,16.34,38882.34,40858.92,-3.1,1.1
3,2025-02-27,18.30,32400.00,40986.81,-3.6,0.4
3,2025-02-28,7.29,12620.06,41114.98,3.9,7.4
3,2025-03-01,18.33,35284.08,41243.35,7.2,9.9
3,2025-03-02,6.62,8436.99,41371.83,11.2,13.6
3,2025-03-03,5.75,6536.89,41500.29,1.9,6.8
3,2025-03-04,3.00,0.00,41628.66,5.3,7.1
3,2025-03-05,2.74,0.00,41756.84,5.4,7.9
3,2025-03-06,8.63,6223.18,41884.72,-0.9,2.1
3,2025-03-07,10.62,22341.16,42012.21,-4.9,-2.4
3,2025-03-08,12.11,24762.30,42139.40,-2.2,0.9
3,2025-03-09,19.60,41806.87,42267.25,-3.4,-1.0
3,2025-03-10,19.64,32365.66,42395.85,-0.2,4.7
3,2025-03-11,4.55,1122.91,42525.11,6.6,8.8
3,2025-03-12,8.80,13499.62,42654.94,9.4,11.1
3,2025-03-13,14.79,27444.58,42785.26,1.8,8.6
3,2025-03-14,17.93,35313.71,42915.98,-2.7,1.9
3,2025-03-15,4.18,460.67,43047.00,2.7,6.0
3,2025-03-16,7.52,8592.06,43178.26,4.8,8.2
3,2025-03-17,13.31,35238.10,43309.65,-1.9,0.2
3,2025-03-18,18.29,36985.69,43441.12,-2.0,1.7
3,2025-03-19,10.17,22962.12,43572.54,-3.4,-0.2
3,2025-03-20,21.68,40842.34,43703.86,-3.3,2.2
3,2025-03-21,21.99,43105.38,43834.97,1.9,4.4
3,2025-03-22,22.33,43188.95,43965.80,1.4,4.7
3,2025-03-23,21.95,36000.00,44096.27,3.0,5.3
3,2025-03-24,14.97,31563.93,44226.28,4.5,8.5
3,2025-03-25,22.50,43200.00,44355.74,6.9,9.4
3,2025-03-26,22.70,43200.00,44484.58,4.4,14.5
3,2025-03-27,15.86,29779.90,44612.69,14.4,16.4
3,2025-03-28,8.99,12008.77,44740.17,6.4,14.1
3,2025-03-29,17.89,33327.50,44867.89,-2.1,1.3
3,2025-03-30,13.77,23892.47,44995.95,-2.2,-0.1
3,2025-03-31,20.62,36000.00,45124.26,0.6,4.0
3,2025-04-01,11.33,8917.08,45252.75,6.2,7.1
3,2025-04-02,9.31,7946.58,45381.34,7.5,8.9
3,2025-04-03,18.39,37698.53,45509.94,3.4,5.4
3,2025-04-04,18.90,42762.54,45638.46,0.2,3.3
3,2025-04-05,21.62,38510.89,45766.84,2.5,8.9
3,2025-04-06,18.82,43200.00,45894.98,7.0,11.3
3,2025-04-07,22.18,43200.00,46022.81,1.9,4.4
3,2025-04-08,22.10,39887.81,46150.22,3.6,7.7
3,2025-04-09,23.94,40918.13,46277.14,3.6,9.3
3,2025-04-10,14.49,28540.51,46403.48,10.0,12.7
3,2025-04-11,18.09,40428.74,46529.15,8.3,12.0
3,2025-04-12,21.37,26908.01,46654.05,9.2,11.5
3,2025-04-13,6.92,7589.35,46778.10,7.2,13.7
3,2025-04-14,24.52,37197.06,46901.21,4.3,7.8
3,2025-04-15,20.28,43377.02,47023.26,2.4,5.4
3,2025-04-16,20.63,41813.03,47144.17,4.3,7.7
3,2025-04-17,24.46,38046.51,47264.00,9.9,13.7
3,2025-04-18,18.91,41950.08,47383.61,12.3,15.0
3,2025-04-19,22.59,36000.00,47503.08,13.5,16.7
3,2025-04-20,14.52,19197.32,47622.31,12.6,14.5
3,2025-04-21,25.90,43200.00,47741.24,9.6,13.8
3,2025-04-22,15.58,16877.02,47859.76,13.7,17.2
3,2025-04-23,12.96,22702.14,47977.78,15.0,18.8
3,2025-04-24,21.66,36000.00,48095.21,9.5,11.4
3,2025-04-25,17.19,27845.26,48211.97,3.7,9.9
3,2025-04-26,27.22,44914.35,48327.95,1.9,5.2
3,2025-04-27,25.22,36000.00,48443.05,5.6,10.3
3,2025-04-28,7.22,10800.00,48557.19,9.9,13.3
3,2025-04-29,26.85,46215.28,48670.25,1.7,4.0
3,2025-04-30,26.86,45565.85,48782.14,4.9,9.8
3,2025-05-01,20.87,32560.33,48892.74,10.2,13.0
3,2025-05-02,7.74,19129.07,49001.96,8.8,13.0
3,2025-05-03,25.42,36000.00,49109.69,9.4,13.3
3,2025-05-04,25.49,46388.16,49215.81,5.0,11.8
3,2025-05-05,25.08,36000.00,49320.21,6.7,11.3
3,2025-05-06,8.80,20128.41,49422.76,11.2,13.5
3,2025-05-07,26.28,47665.77,49523.53,4.7,7.6
3,2025-05-08,26.01,34387.81,49623.28,10.5,13.7
3,2025-05-09,6.66,0.00,49722.09,15.0,20.0
3,2025-05-10,16.38,31302.08,49819.86,13.7,20.8
3,2025-05-11,19.91,25200.00,49916.51,10.8,13.2
3,2025-05-12,19.39,41245.77,50011.94,9.7,12.1
3,2025-05-13,27.45,40638.10,50106.06,9.9,12.9
3,2025-05-14,24.83,43526.44,50198.78,11.2,13.2
3,2025-05-15,19.34,29391.33,50290.00,13.6,14.9
3,2025-05-16,12.69,10350.88,50379.62,15.9,19.6
3,2025-05-17,13.49,23617.30,50467.55,20.1,21.8
3,2025-05-18,16.68,19080.37,50553.68,17.3,20.1
3,2025-05-19,19.81,35357.95,50637.91,12.2,15.2
3,2025-05-20,26.69,41983.20,50720.14,17.9,21.2
3,2025-05-21,16.60,20873.94,50800.26,19.5,21.4
3,2025-05-22,17.69,36510.10,50878.17,15.8,19.0
3,2025-05-23,24.85,32400.00,50953.77,12.9,15.8
3,2025-05-24,5.15,0.00,51026.94,16.4,20.1
3,2025-05-25,8.02,791.60,51097.58,11.9,16.2
3,2025-05-26,13.46,4286.27,51165.56,10.9,13.3
3,2025-05-27,14.78,27166.99,51230.91,12.2,14.0
3,2025-05-28,23.22,32400.00,51294.17,13.5,15.4
3,2025-05-29,8.99,5371.17,51355.39,14.0,16.6
3,2025-05-30,17.03,31348.92,51414.49,13.1,14.1
3,2025-05-31,13.04,21411.24,51471.43,11.2,12.9
3,2025-06-01,15.60,30774.20,51526.15,11.2,13.1
3,2025-06-02,18.82,18640.50,51578.58,14.2,16.3
3,2025-06-03,8.09,7449.03,51628.67,16.7,17.8
3,2025-06-04,26.43,50400.00,51676.36,10.5,15.4
3,2025-06-05,29.21,50400.00,51721.58,11.6,16.0
3,2025-06-06,24.37,35037.72,51764.28,14.9,18.4
3,2025-06-07,20.30,33039.15,51804.40,14.7,16.6
3,2025-06-08,7.78,275.10,51841.88,16.2,18.3
3,2025-06-09,7.66,6933.64,51876.66,17.6,19.9
3,2025-06-10,6.27,0.00,51908.69,21.5,22.4
3,2025-06-11,8.65,7595.95,51937.90,18.1,22.0
3,2025-06-12,15.42,25273.03,51964.26,14.5,16.3
3,2025-06-13,23.65,36316.36,51987.69,15.5,20.5
3,2025-06-14,6.48,1173.83,52008.14,21.3,23.2
3,2025-06-15,18.40,37572.23,52025.56,20.8,22.8
3,2025-06-16,23.26,39753.34,52039.93,22.2,23.4
3,2025-06-17,22.59,47705.35,52051.34,21.3,22.8
3,2025-06-18,27.85,50400.00,52059.84,17.6,20.5
3,2025-06-19,28.41,50400.00,52065.43,16.2,19.7
3,2025-06-20,28.30,50400.00,52068.15,18.7,21.4
3,2025-06-21,26.15,50213.61,52067.98,19.9,22.0
3,2025-06-22,23.85,39600.00,52064.98,21.0,23.4
3,2025-06-23,6.83,2473.02,52059.14,22.4,23.6
3,2025-06-24,10.22,13684.20,52050.49,22.3,24.5
3,2025-06-25,19.13,29539.92,52039.06,22.7,24.3
3,2025-06-26,15.30,26150.26,52024.86,21.3,23.6
3,2025-06-27,27.88,50400.00,52007.93,18.4,19.3
3,2025-06-28,28.09,50400.00,51988.28,20.2,22.6
3,2025-06-29,27.15,50400.00,51965.94,20.4,22.2
3,2025-06-30,27.39,50314.51,51940.94,21.8,23.5
3,2025-07-01,23.88,36000.00,51913.32,21.7,23.5
3,2025-07-02,20.23,46823.21,51883.10,21.8,23.5
3,2025-07-03,21.70,33888.85,51850.30,22.8,24.3
3,2025-07-04,23.94,48582.78,51814.96,21.7,23.5
3,2025-07-05,26.13,50400.00,51777.11,21.0,22.3
3,2025-07-06,26.08,47624.47,51736.70,21.2,22.7
3,2025-07-07,25.21,42326.22,51693.36,22.8,24.6
3,2025-07-08,22.16,50400.00,51647.09,22.7,24.1
3,2025-07-09,24.96,50400.00,51597.98,21.6,23.8
3,2025-07-10,22.79,41479.13,51546.13,21.8,23.9
3,2025-07-11,20.47,42091.38,51491.62,21.3,22.3
3,2025-07-12,23.69,45765.45,51434.55,21.2,22.6
3,2025-07-13,23.87,48226.51,51375.01,20.4,21.3
3,2025-07-14,18.05,22100.91,51313.08,22.6,24.6
3,2025-07-15,27.22,50396.71,51248.85,19.8,23.2
3,2025-07-16,22.62,43200.00,51182.42,22.8,25.0
3,2025-07-17,5.38,10718.31,51113.87,22.7,24.7
3,2025-07-18,24.76,46774.24,51043.30,20.9,22.2
3,2025-07-19,24.00,48640.53,50970.79,20.6,23.4
3,2025-07-20,22.77,48088.42,50896.42,22.6,24.0
3,2025-07-21,22.24,37033.46,50820.29,22.7,23.7
3,2025-07-22,24.09,47569.83,50742.47,22.5,23.7
3,2025-07-23,22.11,41925.88,50663.05,23.0,24.5
3,2025-07-24,21.99,41495.08,50582.12,22.5,24.0
3,2025-07-25,21.90,48596.67,50499.76,21.5,22.6
3,2025-07-26,25.20,49872.90,50415.92,20.9,22.0
3,2025-07-27,24.57,48705.34,50329.87,21.6,23.3
3,2025-07-28,25.45,49568.84,50241.62,20.6,22.3
3,2025-07-29,26.97,49611.65,50151.28,18.1,21.7
3,2025-07-30,24.94,49500.55,50058.95,19.6,21.6
3,2025-07-31,24.57,48871.65,49964.75,19.4,21.6
3,2025-08-01,23.65,46935.77,49868.79,21.4,22.4
3,2025-08-02,22.27,49092.35,49771.17,21.1,22.4
3,2025-08-03,24.33,46990.11,49672.01,20.2,22.6
3,2025-08-04,26.66,46953.05,49571.41,20.4,21.7
3,2025-08-05,24.11,47670.22,49469.48,22.1,22.9
3,2025-08-06,23.89,38621.96,49366.31,22.0,24.2
3,2025-08-07,13.38,27994.55,49262.00,21.7,24.8
3,2025-08-08,22.23,47492.69,49156.65,20.0,21.4
3,2025-08-09,14.63,22010.93,49050.36,21.3,22.9
3,2025-08-10,9.05,3294.32,48943.23,23.0,24.2
3,2025-08-11,13.30,15661.30,48835.33,22.9,24.9
3,2025-08-12,14.28,26070.23,48726.78,23.0,23.9
3,2025-08-13,18.86,43272.04,48617.65,23.1,24.7
3,2025-08-14,22.73,44391.46,48508.03,22.7,24.2
3,2025-08-15,23.57,44609.77,48397.86,22.3,23.8
3,2025-08-16,22.91,44946.88,48286.32,21.5,23.0
3,2025-08-17,23.03,44133.85,48173.36,21.5,23.1
3,2025-08-18,22.24,40584.88,48059.09,22.4,23.4
3,2025-08-19,24.82,44810.01,47943.61,20.1,22.3
3,2025-08-20,23.22,43717.57,47827.01,21.1,22.8
3,2025-08-21,23.27,43772.05,47709.39,20.1,21.8
3,2025-08-22,23.52,43200.00,47590.85,20.5,22.6
3,2025-08-23,17.52,39600.00,47471.48,22.7,23.8
3,2025-08-24,19.55,43391.73,47351.37,22.9,24.2
3,2025-08-25,19.72,39262.16,47230.62,23.1,24.6
3,2025-08-26,21.79,43483.53,47109.31,20.7,21.9
3,2025-08-27,20.60,40050.68,46987.53,22.1,23.3
3,2025-08-28,22.76,43200.00,46865.37,20.6,22.3
3,2025-08-29,22.26,43208.85,46742.89,21.0,22.4
3,2025-08-30,22.34,43229.14,46620.21,21.4,22.2
3,2025-08-31,22.15,43249.42,46497.39,20.8,22.3
3,2025-09-01,22.61,43269.73,46374.51,20.3,21.4
3,2025-09-02,22.98,43200.00,46251.66,19.4,22.0
3,2025-09-03,15.75,24945.55,46128.91,21.6,23.3
3,2025-09-04,6.77,0.00,46006.19,23.2,24.9
3,2025-09-05,10.05,24718.66,45882.67,22.8,24.4
3,2025-09-06,23.19,43200.00,45758.28,18.4,21.5
3,2025-09-07,22.00,43200.00,45633.09,20.9,22.8
3,2025-09-08,21.87,41860.52,45507.21,22.0,22.5
3,2025-09-09,21.38,43200.00,45380.71,21.1,22.7
3,2025-09-10,17.29,30070.11,45253.67,21.5,22.7
3,2025-09-11,13.10,29908.01,45126.19,21.9,23.2
3,2025-09-12,16.10,26284.78,44998.32,22.2,23.8
3,2025-09-13,12.77,21132.04,44870.17,22.7,24.5
3,2025-09-14,15.95,33843.72,44741.80,22.3,24.1
3,2025-09-15,20.52,43163.06,44613.30,21.0,23.3
3,2025-09-16,19.80,43076.90,44484.74,22.1,23.5
3,2025-09-17,19.98,42990.84,44356.21,22.3,23.5
3,2025-09-18,17.56,42413.11,44227.76,20.4,22.8
3,2025-09-19,17.29,35878.22,44099.49,18.7,19.8
3,2025-09-20,13.62,19931.07,43971.48,21.0,22.0
3,2025-09-21,18.81,39049.25,43843.78,15.8,20.3
3,2025-09-22,20.34,40076.20,43716.49,14.1,15.8
3,2025-09-23,11.60,26333.93,43589.69,16.0,17.0
3,2025-09-24,9.00,22157.85,43463.28,16.9,17.3
3,2025-09-25,11.71,21638.48,43336.40,19.3,21.0
3,2025-09-26,14.42,38592.67,43208.98,19.7,21.7
3,2025-09-27,18.11,35576.20,43081.10,14.4,17.8
3,2025-09-28,14.55,27839.39,42952.84,18.9,21.1
3,2025-09-29,8.20,22458.41,42824.29,17.4,21.1
3,2025-09-30,16.81,39704.23,42695.54,15.2,17.5
3,2025-10-01,18.26,41014.48,42566.65,14.8,17.7
3,2025-10-02,14.97,22933.01,42437.74,13.5,16.3
3,2025-10-03,4.35,0.00,42308.85,17.5,19.2
3,2025-10-04,7.19,15333.74,42180.10,19.5,21.2
3,2025-10-05,8.50,8995.64,42051.57,20.2,23.0
3,2025-10-06,16.95,39298.39,41923.33,16.7,19.5
3,2025-10-07,16.98,39588.17,41795.47,16.6,18.2
3,2025-10-08,17.49,39541.41,41668.09,18.0,19.5
3,2025-10-09,17.27,32471.39,41541.27,13.6,15.2
3,2025-10-10,6.11,7744.10,41415.10,15.7,18.2
3,2025-10-11,9.62,19369.77,41289.66,18.7,20.1
3,2025-10-12,7.24,4938.32,41165.06,20.5,21.4
3,2025-10-13,13.09,39302.20,41041.38,16.4,19.4
3,2025-10-14,15.73,33064.91,40918.54,18.8,19.9
3,2025-10-15,12.16,35197.41,40795.58,17.9,19.4
3,2025-10-16,8.33,20671.80,40672.43,19.0,21.2
3,2025-10-17,16.32,39050.27,40549.18,15.4,17.5
3,2025-10-18,10.64,30890.58,40425.93,18.6,19.9
3,2025-10-19,13.87,36000.00,40302.78,15.9,17.5
3,2025-10-20,11.98,27886.55,40179.84,11.9,17.1
3,2025-10-21,8.80,13841.50,40057.20,7.1,10.0
3,2025-10-22,2.78,0.00,39934.98,10.3,10.8
3,2025-10-23,15.94,33077.79,39813.27,7.4,9.4
3,2025-10-24,11.51,28500.80,39692.18,10.8,12.1
3,2025-10-25,10.65,22831.64,39571.83,14.9,17.5
3,2025-10-26,6.70,14061.07,39452.33,15.4,18.4
3,2025-10-27,13.36,38578.78,39333.77,8.4,11.5
3,2025-10-28,12.07,38524.59,39216.29,4.7,6.5
3,2025-10-29,15.42,38001.26,39099.99,4.9,9.3
3,2025-10-30,13.81,32400.00,38985.01,10.0,12.0
3,2025-10-31,2.46,1143.79,38871.44,11.8,14.2
3,2025-11-01,12.50,33024.06,38759.43,9.7,11.5
3,2025-11-02,10.66,34603.91,38649.10,8.2,9.3
3,2025-11-03,12.46,37100.52,38540.38,3.9,5.2
3,2025-11-04,11.59,25200.00,38432.25,8.8,10.4
3,2025-11-05,4.39,4544.86,38324.63,10.7,11.9
3,2025-11-06,9.62,23903.11,38217.63,9.0,12.2
3,2025-11-07,12.66,36726.79,38111.37,5.4,10.1
3,2025-11-08,13.99,31963.37,38005.96,8.6,12.2
3,2025-11-09,3.24,1048.91,37901.53,13.9,16.4
3,2025-11-10,12.56,35779.25,37798.19,4.0,8.3
3,2025-11-11,12.41,36068.31,37696.07,4.5,6.6
3,2025-11-12,11.83,28800.00,37595.29,4.6,6.8
3,2025-11-13,4.95,3600.00,37495.97,9.1,11.4
3,2025-11-14,12.32,35431.06,37398.26,6.4,9.0
3,2025-11-15,13.32,35423.18,37302.27,4.0,7.7
3,2025-11-16,13.44,35221.53,37208.14,3.5,9.9
3,2025-11-17,12.27,32861.08,37116.02,7.9,12.3
3,2025-11-18,8.68,26889.69,37026.02,2.9,5.7
3,2025-11-19,7.41,24411.15,36938.29,1.1,3.0
3,2025-11-20,11.42,35090.31,36852.98,2.9,6.2
3,2025-11-21,10.52,35062.33,36770.23,3.7,7.4
3,2025-11-22,11.48,35036.40,36690.18,2.8,6.4
3,2025-11-23,12.81,35012.58,36612.80,3.4,7.4
3,2025-11-24,11.17,27263.15,36537.24,5.2,7.6
3,2025-11-25,3.04,9686.12,36463.41,7.2,9.4
3,2025-11-26,8.89,30136.96,36391.42,4.3,7.1
3,2025-11-27,11.01,30430.97,36321.36,6.7,9.0
3,2025-11-28,10.21,33983.94,36253.32,2.2,4.6
3,2025-11-29,12.00,34910.81,36187.40,2.3,6.6
3,2025-11-30,12.31,34900.52,36123.69,4.5,8.3
3,2025-12-01,10.52,30929.14,36062.31,8.0,11.0
3,2025-12-02,10.95,30859.63,36003.33,7.9,10.0
3,2025-12-03,7.91,18963.38,35946.86,-3.1,7.7
3,2025-12-04,8.25,24855.69,35893.01,-2.6,-1.4
3,2025-12-05,9.55,28886.11,35841.86,-2.0,0.8
3,2025-12-06,12.06,34877.29,35793.51,-0.0,2.3
3,2025-12-07,11.58,34691.88,35748.08,3.9,5.8
3,2025-12-08,9.18,33730.23,35705.64,4.5,7.5
3,2025-12-09,7.80,30177.53,35666.31,-0.3,2.4
3,2025-12-10,10.74,31396.00,35630.19,-0.6,3.2
3,2025-12-11,7.59,24717.84,35597.36,4.3,8.8
3,2025-12-12,9.30,31532.69,35567.93,-3.4,0.1
3,2025-12-13,11.55,31330.70,35541.91,1.5,7.1
3,2025-12-14,7.18,19387.78,35518.98,2.1,7.9
3,2025-12-15,8.52,33674.50,35499.07,0.1,3.3
3,2025-12-16,11.19,34531.83,35482.20,1.2,2.7
3,2025-12-17,8.10,23456.95,35468.35,4.8,7.8
3,2025-12-18,9.62,34885.63,35457.55,-1.6,3.7
3,2025-12-19,11.18,33494.87,35449.79,1.5,5.3
3,2025-12-20,10.04,31033.41,35445.06,8.5,11.5
3,2025-12-21,1.88,3360.41,35443.37,7.6,13.5
3,2025-12-22,7.45,28339.64,35444.72,-1.3,2.2
3,2025-12-23,9.89,30091.37,35449.10,5.6,7.3
3,2025-12-24,4.51,5807.22,35456.51,8.8,10.9
3,2025-12-25,2.07,3252.18,35466.93,3.9,10.4
3,2025-12-26,6.80,28151.15,35480.38,-2.6,-1.1
3,2025-12-27,8.42,31653.58,35496.83,-2.8,-0.9
3,2025-12-28,10.40,34950.21,35516.27,-2.8,-0.4
3,2025-12-29,10.95,31800.84,35538.70,-0.5,2.4
3,2025-12-30,8.10,27755.89,35564.10,1.6,5.5
3,2025-12-31,8.26,25961.83,35592.46,-1.7,0.0
3,2026-01-01,7.69,19842.13,35623.77,-2.7,-1.7
3,2026-01-02,10.26,35098.55,35658.08,-4.6,-2.5
3,2026-01-03,9.85,35137.33,35695.77,-2.0,-0.2
3,2026-01-04,8.02,26411.28,35736.83,-1.2,0.4
3,2026-01-05,9.09,35225.09,35781.14,0.3,2.3
3,2026-01-06,9.00,29670.02,35828.60,-4.2,-0.8
3,2026-01-07,11.48,35325.72,35879.10,-2.8,0.3
3,2026-01-08,9.59,35380.60,35932.54,-3.0,0.1
3,2026-01-09,8.40,31838.37,35988.82,-4.9,-2.9
3,2026-01-10,11.96,32372.21,36047.83,0.9,4.6
3,2026-01-11,9.51,30787.05,36109.46,-8.9,-3.6
3,2026-01-12,11.43,35543.85,36173.61,-4.8,-0.6
3,2026-01-13,8.88,29592.43,36240.17,-2.6,4.3
3,2026-01-14,8.27,28789.55,36309.04,-5.5,-3.8
3,2026-01-15,10.99,35582.95,36380.11,-0.6,3.9
3,2026-01-16,11.91,35599.59,36453.29,-0.7,6.6
3,2026-01-17,12.90,35618.05,36528.48,0.8,5.3
3,2026-01-18,12.88,35638.33,36605.56,-0.2,3.7
3,2026-01-19,12.34,34537.73,36684.44,4.2,6.1
3,2026-01-20,6.16,12263.60,36765.03,-5.3,2.3
3,2026-01-21,10.74,30977.37,36847.22,-6.4,-2.8
3,2026-01-22,10.93,32138.10,36931.10,-7.2,-5.6
3,2026-01-23,8.09,21678.62,37017.55,-5.5,-3.2
3,2026-01-24,11.36,32563.23,37106.61,-5.9,-3.4
3,2026-01-25,11.79,35773.40,37198.11,-5.5,-3.8
3,2026-01-26,10.48,35869.45,37291.94,-5.7,-4.3
3,2026-01-27,12.36,32400.00,37387.93,-1.9,-0.6
3,2026-01-28,6.61,19486.00,37485.96,-2.5,-0.5
3,2026-01-29,11.06,32874.29,37585.87,-6.2,-1.6
3,2026-01-30,10.59,29370.78,37687.54,-3.7,-2.2
3,2026-01-31,8.92,26941.17,37790.84,-4.4,-2.2
