location_id,city/town,latitude,longitude,elevation,utc_offset_seconds,timezone,timezone_abbreviation
0,Naha,26.18629,127.69737,12.0,0,GMT,GMT
1,Ishigakishima,24.358522,124.15778,13.0,0,GMT,GMT
2,Miyakoshima,24.780315,125.343346,19.0,0,GMT,GMT
3,Nago,26.608084,127.94702,6.0,0,GMT,GMT
4,Yonagunishima,24.428822,123.041626,31.0,0,GMT,GMT

location_id,time,shortwave_radiation_sum (MJ/m²),sunshine_duration (s),daylight_duration (s),dew_point_2m_mean (°C),dew_point_2m_max (°C)
0,2021-01-01,11.52,34499.15,37927.03,9.8,11.9
0,2021-01-02,13.50,34496.30,37951.98,10.0,11.1
0,2021-01-03,10.95,33241.88,37978.87,13.4,15.8
0,2021-01-04,7.97,18499.87,38007.67,17.0,19.0
0,2021-01-05,3.91,0.00,38038.34,13.9,17.7
0,2021-01-06,6.64,12504.99,38070.86,11.2,12.3
0,2021-01-07,3.27,0.00,38105.19,7.6,11.2
0,2021-01-08,4.47,1352.62,38141.39,3.8,6.7
0,2021-01-09,5.28,3702.32,38179.86,3.4,5.1
0,2021-01-10,10.66,30004.96,38220.59,7.5,10.5
0,2021-01-11,9.69,33088.94,38263.50,11.6,13.3
0,2021-01-12,4.26,5473.90,38308.50,5.1,7.9
0,2021-01-13,13.92,31901.68,38355.50,7.2,9.0
0,2021-01-14,10.85,27195.20,38404.42,10.8,13.7
0,2021-01-15,12.33,36987.98,38455.17,14.6,15.4
0,2021-01-16,12.57,32173.18,38507.66,13.9,15.8
0,2021-01-17,9.75,18635.05,38561.82,7.0,11.2
0,2021-01-18,9.92,24179.26,38617.55,5.8,6.7
0,2021-01-19,9.15,19133.56,38674.78,8.8,11.0
0,2021-01-20,11.13,34331.20,38733.42,13.4,16.4
0,2021-01-21,5.81,3079.95,38793.39,17.5,18.7
0,2021-01-22,2.82,0.00,38854.61,20.4,21.6
0,2021-01-23,7.84,16385.65,38917.00,17.5,19.2
0,2021-01-24,16.54,36000.00,38980.48,12.9,15.1
0,2021-01-25,9.84,27207.05,39044.97,15.6,16.7
0,2021-01-26,14.08,36172.03,39110.40,14.7,16.8
0,2021-01-27,15.07,33110.06,39176.69,13.1,14.6
0,2021-01-28,13.05,26295.01,39243.90,7.6,11.9
0,2021-01-29,8.79,13769.11,39312.72,4.5,5.8
0,2021-01-30,15.65,36386.78,39383.18,6.8,8.7
0,2021-01-31,14.10,36095.58,39455.18,9.0,10.8
0,2021-02-01,14.53,35168.04,39528.63,12.5,14.4
0,2021-02-02,10.41,30367.66,39603.41,11.3,17.0
0,2021-02-03,17.56,37673.20,39679.44,8.8,10.4
0,2021-02-04,17.41,37650.29,39756.63,10.4,12.1
0,2021-02-05,14.00,38710.45,39834.88,11.2,13.1
0,2021-02-06,16.81,38685.09,39914.10,15.2,16.9
0,2021-02-07,17.69,38785.03,39994.19,13.5,16.3
0,2021-02-08,17.82,38631.45,40075.08,9.8,11.4
0,2021-02-09,14.63,31478.80,40156.67,9.1,11.0
0,2021-02-10,11.66,20357.39,40238.87,14.6,16.4
0,2021-02-11,4.08,403.31,40321.61,14.8,16.1
0,2021-02-12,9.13,19089.28,40404.79,16.1,16.7
0,2021-02-13,13.99,39032.97,40488.34,17.7,18.5
0,2021-02-14,15.89,39077.23,40572.17,16.9,20.5
0,2021-02-15,17.65,33153.20,40656.22,10.7,12.4
0,2021-02-16,18.87,33012.95,40740.38,10.0,12.5
0,2021-02-17,8.96,14148.25,40824.74,4.7,8.9
0,2021-02-18,9.58,8898.38,40910.02,3.6,4.2
0,2021-02-19,15.71,35031.86,40996.27,7.4,11.2
0,2021-02-20,20.60,39362.70,41083.43,8.3,11.6
0,2021-02-21,19.53,37994.28,41171.40,11.4,14.2
0,2021-02-22,18.51,39467.73,41260.12,13.2,13.7
0,2021-02-23,18.09,39517.90,41349.49,15.8,17.1
0,2021-02-24,20.12,39576.84,41439.45,15.4,16.5
0,2021-02-25,16.32,38585.23,41529.92,18.3,19.9
0,2021-02-26,13.62,35797.13,41620.82,19.5,20.4
0,2021-02-27,11.65,28855.15,41712.09,18.3,19.2
0,2021-02-28,17.51,39600.00,41803.65,17.8,18.3
0,2021-03-01,17.77,36000.00,41895.42,18.3,19.2
0,2021-03-02,10.92,16717.79,41987.33,11.4,16.7
0,2021-03-03,15.85,38428.15,42079.33,10.4,13.0
0,2021-03-04,16.79,37338.71,42171.32,15.9,18.6
0,2021-03-05,18.13,32576.31,42263.25,13.8,14.6
0,2021-03-06,13.00,25395.23,42355.05,17.1,18.9
0,2021-03-07,5.09,3228.98,42446.65,18.7,20.4
0,2021-03-08,19.98,39710.85,42537.98,16.6,17.7
0,2021-03-09,19.31,39951.29,42629.10,17.0,18.1
0,2021-03-10,18.71,39934.68,42720.68,13.1,14.3
0,2021-03-11,20.25,39600.00,42812.80,15.5,16.9
0,2021-03-12,15.44,29633.82,42905.40,14.9,18.8
0,2021-03-13,15.57,31902.26,42998.40,11.9,13.5
0,2021-03-14,16.51,33387.56,43091.75,13.2,14.7
0,2021-03-15,22.05,39600.00,43185.38,14.2,16.1
0,2021-03-16,20.64,40096.12,43279.23,17.5,19.7
0,2021-03-17,19.38,40080.97,43373.24,18.7,19.7
0,2021-03-18,21.53,39810.00,43467.34,18.3,19.8
0,2021-03-19,19.58,39795.28,43561.48,19.0,19.8
0,2021-03-20,19.40,36692.60,43655.58,19.6,20.9
0,2021-03-21,15.06,26476.87,43749.60,11.8,17.3
0,2021-03-22,13.63,16939.68,43843.46,6.7,8.4
0,2021-03-23,21.54,35864.77,43937.11,8.3,10.9
0,2021-03-24,6.63,5082.56,44030.48,15.7,18.5
0,2021-03-25,22.89,40221.48,44123.50,16.3,17.9
0,2021-03-26,19.17,40062.41,44216.12,15.0,16.2
0,2021-03-27,18.47,35033.97,44308.27,19.0,20.7
0,2021-03-28,15.14,30004.16,44399.89,21.2,22.2
0,2021-03-29,18.10,33884.46,44491.02,21.1,22.0
0,2021-03-30,15.86,26709.88,44582.31,21.4,22.9
0,2021-03-31,17.43,29752.67,44673.83,21.5,21.9
0,2021-04-01,21.12,39612.94,44765.50,22.1,22.6
0,2021-04-02,15.91,28211.81,44857.28,21.9,23.1
0,2021-04-03,20.11,40870.44,44949.09,20.8,21.8
0,2021-04-04,17.31,31240.38,45040.89,15.3,19.9
0,2021-04-05,19.10,33955.94,45132.61,12.2,15.5
0,2021-04-06,21.30,41430.35,45224.19,12.4,12.9
0,2021-04-07,25.55,43395.94,45315.57,12.8,14.1
0,2021-04-08,20.36,39600.00,45406.69,13.3,14.6
0,2021-04-09,16.86,41510.67,45497.49,15.2,17.3
0,2021-04-10,21.33,41212.13,45587.90,15.6,16.7
0,2021-04-11,23.51,40167.53,45677.87,15.0,16.1
0,2021-04-12,21.07,41908.61,45767.30,18.8,20.6
0,2021-04-13,21.82,38229.31,45856.16,19.3,21.2
0,2021-04-14,12.88,18037.05,45944.37,14.9,17.3
0,2021-04-15,14.67,25848.03,46031.85,16.5,19.0
0,2021-04-16,20.29,40716.42,46118.55,18.9,20.4
0,2021-04-17,17.61,39684.60,46204.39,16.1,21.0
0,2021-04-18,24.87,45745.33,46289.40,10.0,11.8
0,2021-04-19,21.62,33684.64,46374.22,12.2,12.8
0,2021-04-20,22.08,41666.75,46458.87,13.3,14.5
0,2021-04-21,12.50,15221.52,46543.32,17.8,19.8
0,2021-04-22,5.12,0.00,46627.49,19.7,20.3
0,2021-04-23,4.95,6466.80,46711.31,17.6,19.3
0,2021-04-24,17.10,34345.88,46794.74,15.9,16.8
0,2021-04-25,23.52,43198.20,46877.69,15.4,16.4
0,2021-04-26,25.54,43890.96,46960.10,15.1,15.7
0,2021-04-27,24.35,43925.46,47041.91,13.3,15.8
0,2021-04-28,22.80,35826.77,47123.05,18.5,20.2
0,2021-04-29,6.58,7200.00,47203.44,17.1,20.6
0,2021-04-30,27.42,46567.10,47283.01,17.7,20.4
0,2021-05-01,22.24,39198.01,47361.70,20.7,22.6
0,2021-05-02,27.06,46654.07,47439.43,14.6,17.7
0,2021-05-03,26.29,45690.89,47516.12,15.5,17.1
0,2021-05-04,15.69,27826.45,47591.69,19.4,22.0
0,2021-05-05,17.59,33706.54,47666.08,21.9,23.3
0,2021-05-06,20.35,38810.54,47739.19,23.3,24.0
0,2021-05-07,22.62,42262.99,47810.96,23.0,23.5
0,2021-05-08,20.20,42705.50,47881.39,22.6,23.4
0,2021-05-09,12.13,7825.42,47951.05,22.0,24.1
0,2021-05-10,15.11,21600.00,48019.99,23.3,23.9
0,2021-05-11,23.17,42490.20,48088.14,23.6,24.2
0,2021-05-12,25.08,45510.33,48155.43,23.7,23.9
0,2021-05-13,24.74,45983.05,48221.80,23.9,24.4
0,2021-05-14,25.60,45950.38,48287.20,24.0,24.7
0,2021-05-15,26.60,46800.00,48351.55,24.0,24.7
0,2021-05-16,26.20,46216.10,48414.78,24.0,24.4
0,2021-05-17,26.91,46800.00,48476.83,24.2,24.7
0,2021-05-18,25.53,41843.88,48537.63,24.1,24.4
0,2021-05-19,17.49,30990.26,48597.10,24.2,24.6
0,2021-05-20,26.36,41562.52,48655.19,24.5,24.9
0,2021-05-21,20.93,35580.13,48711.82,24.8,25.3
0,2021-05-22,12.57,12524.87,48766.91,24.6,25.3
0,2021-05-23,17.16,36824.12,48820.40,25.2,25.9
0,2021-05-24,24.65,46020.91,48872.21,23.9,25.2
0,2021-05-25,18.69,42699.85,48922.26,23.2,24.5
0,2021-05-26,24.96,46800.00,48970.49,24.8,25.4
0,2021-05-27,22.30,43726.47,49016.83,25.4,26.3
0,2021-05-28,16.99,24729.28,49061.26,24.3,25.9
0,2021-05-29,13.90,17625.64,49104.17,20.1,23.4
0,2021-05-30,6.50,0.00,49145.59,21.8,22.5
0,2021-05-31,19.49,39075.50,49185.49,21.4,22.0
0,2021-06-01,20.89,41322.45,49223.82,22.3,23.2
0,2021-06-02,24.39,43083.85,49260.55,24.2,25.4
0,2021-06-03,23.55,46549.67,49295.63,25.5,26.0
0,2021-06-04,22.56,37284.23,49329.03,25.7,26.7
0,2021-06-05,19.52,23410.38,49360.72,24.9,26.3
0,2021-06-06,19.48,26834.65,49390.64,24.9,25.7
0,2021-06-07,15.71,25270.04,49418.77,24.6,25.4
0,2021-06-08,18.09,25943.09,49445.07,24.6,25.1
0,2021-06-09,17.05,36623.36,49469.49,24.0,25.5
0,2021-06-10,22.63,43179.12,49492.01,23.9,24.3
0,2021-06-11,25.57,46800.00,49512.58,24.2,24.9
0,2021-06-12,25.43,44036.74,49531.17,25.0,25.5
0,2021-06-13,18.97,24613.83,49547.75,24.9,25.5
0,2021-06-14,5.63,2062.20,49562.28,24.3,24.7
0,2021-06-15,20.52,42197.76,49574.72,25.9,26.5
0,2021-06-16,21.19,35493.94,49585.04,25.7,26.8
0,2021-06-17,18.43,25312.97,49593.22,25.4,26.1
0,2021-06-18,20.72,37490.00,49599.32,25.7,26.2
0,2021-06-19,20.46,46451.52,49603.36,25.7,26.1
0,2021-06-20,21.43,28965.37,49605.36,25.6,26.5
0,2021-06-21,9.25,3136.56,49605.33,25.6,26.2
0,2021-06-22,8.43,2577.59,49603.28,24.4,25.4
0,2021-06-23,10.51,9480.47,49599.24,21.5,23.2
0,2021-06-24,7.69,4631.21,49593.21,22.5,24.1
0,2021-06-25,19.57,34328.84,49585.21,24.7,25.2
0,2021-06-26,20.76,37124.51,49575.28,25.2,26.0
0,2021-06-27,15.52,23898.18,49563.41,25.0,25.5
0,2021-06-28,13.69,17109.53,49549.63,25.2,25.7
0,2021-06-29,6.16,6206.52,49533.97,24.5,25.9
0,2021-06-30,9.06,4649.10,49516.44,25.4,26.1
0,2021-07-01,18.23,28295.28,49497.05,25.9,26.3
0,2021-07-02,19.72,32377.88,49475.85,25.3,25.6
0,2021-07-03,26.67,46800.00,49452.84,25.4,25.7
0,2021-07-04,26.27,46800.00,49428.06,25.1,25.5
0,2021-07-05,25.34,46800.00,49401.51,25.2,25.6
0,2021-07-06,26.88,46800.00,49373.23,25.8,26.3
0,2021-07-07,25.74,46800.00,49343.18,25.6,26.1
0,2021-07-08,27.51,46800.00,49311.08,24.7,25.2
0,2021-07-09,27.70,46800.00,49276.94,24.7,25.6
0,2021-07-10,24.03,46800.00,49240.81,24.6,25.1
0,2021-07-11,22.83,45455.78,49202.77,25.3,25.8
0,2021-07-12,24.58,46800.00,49162.87,25.0,25.4
0,2021-07-13,26.18,46800.00,49121.18,24.2,25.1
0,2021-07-14,24.38,46800.00,49077.76,24.5,24.9
0,2021-07-15,23.88,40733.52,49032.68,23.9,24.6
0,2021-07-16,25.62,46800.00,48985.99,23.4,23.8
0,2021-07-17,23.54,46800.00,48937.77,24.4,25.2
0,2021-07-18,24.80,46800.00,48888.07,24.4,25.9
0,2021-07-19,24.97,38960.02,48836.95,23.8,24.2
0,2021-07-20,7.56,1187.10,48784.48,24.2,25.0
0,2021-07-21,5.93,0.00,48730.72,25.0,25.4
0,2021-07-22,8.69,6395.77,48675.72,24.7,25.2
0,2021-07-23,2.82,0.00,48619.55,24.7,25.2
0,2021-07-24,6.04,7200.00,48562.27,25.4,25.9
0,2021-07-25,22.20,42538.03,48503.93,25.7,25.9
0,2021-07-26,22.26,45508.11,48444.59,25.4,25.8
0,2021-07-27,24.09,46800.00,48384.23,25.5,25.8
0,2021-07-28,23.19,46800.00,48322.31,25.1,25.8
0,2021-07-29,23.26,46800.00,48258.83,25.4,26.1
0,2021-07-30,24.34,46800.00,48193.87,25.5,26.1
0,2021-07-31,23.08,46800.00,48127.51,25.8,26.6
0,2021-08-01,21.84,46800.00,48059.83,25.2,26.0
0,2021-08-02,23.34,46719.98,47990.91,25.0,25.5
0,2021-08-03,17.91,45925.20,47920.81,24.7,25.3
0,2021-08-04,20.62,39600.00,47849.63,24.8,25.3
0,2021-08-05,9.16,17857.38,47777.42,24.9,25.6
0,2021-08-06,21.87,39447.00,47704.26,25.5,25.9
0,2021-08-07,19.78,32602.43,47630.23,25.6,26.1
0,2021-08-08,18.59,39443.79,47555.39,25.3,26.2
0,2021-08-09,23.99,46614.81,47479.83,24.9,25.4
0,2021-08-10,22.92,46586.01,47403.58,25.6,26.0
0,2021-08-11,23.60,45716.87,47326.74,24.9,25.1
0,2021-08-12,22.76,43505.92,47249.37,24.6,25.2
0,2021-08-13,23.97,46500.87,47171.52,24.7,25.1
0,2021-08-14,24.89,46472.99,47093.27,25.0,25.4
0,2021-08-15,25.30,46445.40,47014.67,25.1,25.7
0,2021-08-16,25.76,46418.08,46935.69,25.0,25.5
0,2021-08-17,20.99,33247.65,46855.74,24.7,25.1
0,2021-08-18,12.74,13018.06,46774.78,24.5,25.0
0,2021-08-19,18.03,40802.76,46692.88,24.2,24.8
0,2021-08-20,24.62,45927.62,46610.12,24.6,25.3
0,2021-08-21,23.10,43525.92,46526.56,24.6,25.1
0,2021-08-22,22.47,45978.46,46442.28,24.9,25.3
0,2021-08-23,23.36,45777.44,46357.33,25.1,25.5
0,2021-08-24,23.26,45809.63,46271.80,24.4,25.3
0,2021-08-25,23.17,45724.35,46185.73,24.8,25.0
0,2021-08-26,25.74,45638.58,46099.20,23.8,24.1
0,2021-08-27,25.33,45552.37,46012.26,23.2,23.8
0,2021-08-28,20.08,45465.79,45924.99,24.4,25.0
0,2021-08-29,23.06,45378.90,45837.43,24.0,24.3
0,2021-08-30,25.02,45147.41,45749.65,23.6,24.5
0,2021-08-31,24.20,45204.41,45661.72,22.8,23.9
0,2021-09-01,21.57,44329.68,45573.68,24.3,25.3
0,2021-09-02,22.63,44668.19,45485.59,24.8,25.6
0,2021-09-03,21.17,42857.42,45397.52,24.4,25.0
0,2021-09-04,21.36,41350.98,45309.51,24.8,25.8
0,2021-09-05,20.04,42163.42,45221.53,25.3,26.0
0,2021-09-06,22.41,43746.56,45132.96,24.5,25.2
0,2021-09-07,22.29,43146.45,45043.77,24.1,24.9
0,2021-09-08,21.95,42285.71,44954.02,23.9,24.8
0,2021-09-09,22.13,42070.84,44863.76,24.7,25.3
0,2021-09-10,22.89,37701.00,44773.06,25.2,25.7
0,2021-09-11,11.91,14022.19,44681.98,24.9,25.5
0,2021-09-12,16.62,30919.35,44590.58,24.8,25.3
0,2021-09-13,15.52,29373.32,44498.92,25.1,25.6
0,2021-09-14,18.75,39031.02,44407.04,25.4,25.9
0,2021-09-15,19.31,40441.37,44315.02,24.9,25.3
0,2021-09-16,22.59,42120.96,44222.91,24.0,25.0
0,2021-09-17,21.17,41142.67,44130.76,24.5,24.9
0,2021-09-18,20.64,41730.71,44038.64,23.0,24.4
0,2021-09-19,21.69,42228.26,43946.59,22.0,23.0
0,2021-09-20,23.31,41792.12,43854.68,22.1,23.4
0,2021-09-21,21.24,40487.80,43762.95,24.0,24.9
0,2021-09-22,19.22,41012.54,43671.48,24.9,26.0
0,2021-09-23,20.61,41793.74,43580.30,24.3,26.4
0,2021-09-24,22.77,40526.79,43489.48,22.2,23.5
0,2021-09-25,18.87,40540.26,43398.96,24.7,25.3
0,2021-09-26,21.55,41066.36,43308.11,24.7,25.1
0,2021-09-27,19.71,41080.31,43216.89,23.2,24.5
0,2021-09-28,19.84,40581.55,43125.35,23.6,24.8
0,2021-09-29,21.15,40852.27,43033.56,23.7,24.5
0,2021-09-30,21.27,40609.98,42941.56,23.1,24.0
0,2021-10-01,21.57,40624.49,42849.45,22.2,23.3
0,2021-10-02,22.17,39611.07,42757.26,20.7,22.7
0,2021-10-03,19.78,40396.96,42665.07,21.3,22.6
0,2021-10-04,16.96,40411.99,42572.94,19.7,21.5
0,2021-10-05,19.41,39600.00,42480.92,23.0,24.1
0,2021-10-06,12.63,26938.14,42389.08,23.6,24.2
0,2021-10-07,16.69,40458.50,42297.49,23.1,24.8
0,2021-10-08,17.93,39699.56,42206.20,21.2,23.4
0,2021-10-09,18.66,39973.67,42115.29,23.3,24.4
0,2021-10-10,17.50,32400.00,42024.81,23.5,24.0
0,2021-10-11,8.90,11298.12,41934.85,24.3,24.8
0,2021-10-12,3.25,481.34,41845.44,24.4,25.2
0,2021-10-13,14.30,36562.35,41756.68,22.6,24.1
0,2021-10-14,19.12,37050.63,41668.62,21.6,22.8
0,2021-10-15,19.13,39681.93,41581.21,22.3,23.0
0,2021-10-16,18.50,39412.02,41493.76,21.8,23.3
0,2021-10-17,15.36,28519.77,41406.21,16.4,18.7
0,2021-10-18,14.56,38038.46,41318.64,18.5,20.2
0,2021-10-19,17.26,37801.93,41231.12,18.3,20.5
0,2021-10-20,16.96,35591.53,41143.72,17.0,19.6
0,2021-10-21,10.54,23292.81,41056.51,20.1,22.3
0,2021-10-22,10.70,20039.42,40969.57,14.8,18.2
0,2021-10-23,12.24,20748.89,40882.97,14.8,18.4
0,2021-10-24,14.55,34891.15,40796.79,19.1,20.7
0,2021-10-25,17.41,38929.50,40711.11,17.7,19.9
0,2021-10-26,19.14,38879.66,40626.01,15.0,16.2
0,2021-10-27,17.49,37785.20,40541.55,15.5,16.6
0,2021-10-28,15.93,38783.17,40457.83,13.8,15.0
0,2021-10-29,18.97,38736.68,40374.93,14.2,16.7
0,2021-10-30,17.00,38675.60,40292.93,17.4,18.9
0,2021-10-31,18.09,38647.60,40211.92,17.3,18.9
0,2021-11-01,17.58,38605.17,40131.97,17.4,18.8
0,2021-11-02,18.09,38491.04,40053.19,15.1,16.4
0,2021-11-03,18.06,37042.46,39975.65,15.0,15.7
0,2021-11-04,16.28,31873.05,39899.31,14.9,15.8
0,2021-11-05,12.64,24413.62,39823.45,16.7,19.9
0,2021-11-06,5.66,7552.08,39748.02,20.9,21.6
0,2021-11-07,16.69,37801.27,39673.09,18.1,20.9
0,2021-11-08,8.26,14553.68,39598.74,18.0,20.7
0,2021-11-09,12.01,32710.43,39525.06,11.1,13.9
0,2021-11-10,12.12,28797.26,39452.14,9.6,11.3
0,2021-11-11,15.38,36461.30,39380.05,10.2,11.4
0,2021-11-12,14.92,32934.32,39308.89,11.6,13.7
0,2021-11-13,6.02,2854.93,39238.73,16.2,18.3
0,2021-11-14,11.17,19369.63,39169.68,15.6,17.8
0,2021-11-15,16.40,37135.03,39101.82,12.9,14.4
0,2021-11-16,15.52,36597.45,39035.24,14.7,17.0
0,2021-11-17,14.89,36020.67,38970.03,16.8,17.5
0,2021-11-18,7.68,10732.96,38906.29,19.6,21.0
0,2021-11-19,11.19,28830.71,38844.12,19.2,20.5
0,2021-11-20,15.58,36000.00,38783.61,18.3,19.0
0,2021-11-21,13.97,36380.49,38724.85,19.2,20.8
0,2021-11-22,10.22,21600.00,38667.95,16.3,20.5
0,2021-11-23,8.23,14808.38,38613.01,10.1,12.2
0,2021-11-24,13.64,36125.53,38560.01,10.1,11.9
0,2021-11-25,9.06,15272.01,38508.34,13.6,15.1
0,2021-11-26,11.86,25200.00,38457.97,14.0,15.7
0,2021-11-27,4.31,3600.00,38408.93,13.2,15.0
0,2021-11-28,4.24,0.00,38361.33,14.1,16.6
0,2021-11-29,3.55,2574.67,38315.19,16.7,18.3
0,2021-11-30,12.67,31344.16,38270.60,15.1,19.2
0,2021-12-01,11.04,29638.00,38227.61,9.6,11.5
0,2021-12-02,11.62,34674.51,38186.29,11.5,12.4
0,2021-12-03,13.53,33120.75,38146.72,7.4,8.6
0,2021-12-04,11.33,28435.73,38108.94,9.0,10.3
0,2021-12-05,11.94,35573.65,38073.04,11.5,13.3
0,2021-12-06,13.91,35962.20,38039.06,14.4,15.3
0,2021-12-07,13.58,35033.73,38007.09,13.4,15.1
0,2021-12-08,10.95,27325.51,37977.18,10.3,11.8
0,2021-12-09,10.88,34296.08,37949.40,11.9,13.0
0,2021-12-10,12.96,35782.74,37923.81,13.3,15.2
0,2021-12-11,14.53,36026.03,37900.49,12.4,16.0
0,2021-12-12,14.34,32801.82,37879.48,14.3,16.1
0,2021-12-13,7.71,21859.80,37860.86,12.5,14.8
0,2021-12-14,15.27,36185.81,37844.65,11.5,13.3
0,2021-12-15,14.52,36431.10,37830.63,13.3,14.5
0,2021-12-16,14.37,34866.31,37818.76,16.7,18.1
0,2021-12-17,10.40,22219.03,37809.03,10.1,17.0
0,2021-12-18,8.92,21955.26,37801.45,7.6,8.9
0,2021-12-19,10.42,27425.36,37796.02,8.5,10.9
0,2021-12-20,14.72,33584.69,37792.73,9.9,12.2
0,2021-12-21,8.49,11677.23,37791.58,13.9,17.0
0,2021-12-22,3.63,0.00,37792.55,18.3,18.8
0,2021-12-23,5.57,3110.41,37795.65,19.3,21.4
0,2021-12-24,13.36,34584.10,37800.88,18.9,21.9
0,2021-12-25,6.57,8232.82,37808.22,10.1,13.0
0,2021-12-26,7.57,15976.19,37817.66,8.4,9.6
0,2021-12-27,5.43,0.00,37829.20,8.3,9.8
0,2021-12-28,13.40,34028.99,37842.83,11.1,14.4
0,2021-12-29,6.55,16530.69,37858.53,14.6,16.9
0,2021-12-30,11.13,31869.42,37876.29,8.6,10.1
0,2021-12-31,11.30,32487.52,37896.11,7.6,9.2
0,2022-01-01,10.47,18618.86,37917.97,9.5,12.2
0,2022-01-02,3.71,0.00,37941.86,13.2,13.9
0,2022-01-03,14.60,37153.94,37967.83,13.2,14.2
0,2022-01-04,15.33,35192.08,37996.14,11.3,12.9
0,2022-01-05,6.81,9342.21,38026.81,15.2,17.6
0,2022-01-06,9.72,26882.73,38059.76,13.2,16.9
0,2022-01-07,12.43,31499.73,38094.90,13.0,14.6
0,2022-01-08,12.80,36654.97,38132.17,14.2,14.8
0,2022-01-09,14.15,36268.43,38171.48,13.9,14.3
0,2022-01-10,13.17,35453.16,38212.77,14.9,16.3
0,2022-01-11,6.09,6312.79,38255.97,8.3,14.5
0,2022-01-12,11.31,22585.53,38300.99,7.3,9.5
0,2022-01-13,3.50,0.00,38347.76,8.3,10.2
0,2022-01-14,11.17,26979.80,38396.20,7.9,11.2
0,2022-01-15,10.21,25819.08,38446.26,11.6,14.2
0,2022-01-16,10.95,24701.25,38497.85,14.6,16.0
0,2022-01-17,5.09,4163.13,38550.90,12.6,15.7
0,2022-01-18,6.38,5522.32,38605.34,10.6,12.4
0,2022-01-19,4.57,1651.37,38661.09,9.0,12.6
0,2022-01-20,14.59,37285.31,38718.09,8.1,9.0
0,2022-01-21,11.96,24857.97,38776.27,9.2,11.6
0,2022-01-22,8.03,11303.31,38835.56,15.0,16.8
0,2022-01-23,6.47,11039.46,38896.01,19.0,20.0
0,2022-01-24,11.87,28967.82,38958.27,16.2,19.3
0,2022-01-25,14.39,36000.00,39022.37,12.2,13.9
0,2022-01-26,14.08,37834.16,39088.18,12.7,14.0
0,2022-01-27,11.72,27139.21,39155.63,16.3,18.0
0,2022-01-28,14.35,32400.00,39224.61,15.9,17.2
0,2022-01-29,2.65,0.00,39295.02,16.0,18.5
0,2022-01-30,8.23,10914.06,39366.76,10.8,15.5
0,2022-01-31,12.43,28182.33,39439.74,7.4,9.1
0,2022-02-01,12.55,30238.87,39513.86,10.2,11.0
0,2022-02-02,9.43,15681.36,39589.04,16.3,17.6
0,2022-02-03,6.72,11154.63,39665.18,15.7,18.9
0,2022-02-04,6.18,4984.41,39742.19,10.6,14.8
0,2022-02-05,15.21,28806.84,39819.98,6.5,7.8
0,2022-02-06,10.82,23268.45,39898.47,6.5,8.6
0,2022-02-07,11.31,23455.49,39977.58,13.1,17.8
0,2022-02-08,14.16,32844.68,40057.21,13.4,16.2
0,2022-02-09,14.25,35085.60,40137.28,13.9,15.4
0,2022-02-10,9.79,16882.45,40217.72,11.5,15.2
0,2022-02-11,16.26,33351.63,40298.44,12.1,14.4
0,2022-02-12,12.87,27537.99,40379.51,17.1,18.3
0,2022-02-13,9.94,20410.40,40461.65,17.6,18.8
0,2022-02-14,4.07,3061.81,40544.93,13.1,16.4
0,2022-02-15,17.78,37110.29,40629.26,10.1,11.5
0,2022-02-16,6.70,2771.31,40714.56,10.5,11.6
0,2022-02-17,6.39,3202.23,40800.72,11.4,12.4
0,2022-02-18,5.48,3603.77,40887.68,14.2,16.8
0,2022-02-19,13.50,24883.37,40975.36,14.3,17.9
0,2022-02-20,3.88,0.00,41063.67,6.8,10.2
0,2022-02-21,5.88,0.00,41152.53,8.5,10.0
0,2022-02-22,10.35,13275.00,41241.87,10.8,12.5
0,2022-02-23,3.32,0.00,41331.60,13.9,16.9
0,2022-02-24,10.66,12432.45,41421.65,7.8,11.6
0,2022-02-25,13.89,33584.07,41511.95,8.1,11.1
0,2022-02-26,12.02,20372.18,41602.42,13.1,16.1
0,2022-02-27,19.29,36689.06,41692.99,12.8,14.9
0,2022-02-28,17.11,39600.00,41783.58,15.8,17.2
0,2022-03-01,19.76,36035.96,41874.12,17.5,18.4
0,2022-03-02,6.88,4230.55,41964.55,14.1,17.6
0,2022-03-03,20.44,36000.00,42054.78,12.8,14.9
0,2022-03-04,12.76,23717.67,42144.88,17.5,18.8
0,2022-03-05,20.49,37038.51,42235.56,14.5,16.6
0,2022-03-06,20.78,36406.42,42326.86,10.2,11.5
0,2022-03-07,4.35,3600.00,42418.73,12.3,14.5
0,2022-03-08,20.01,39972.27,42511.09,9.4,11.0
0,2022-03-09,20.72,39955.56,42603.89,9.5,11.4
0,2022-03-10,19.01,38714.86,42697.05,9.9,12.2
0,2022-03-11,19.68,39666.06,42790.51,13.0,13.7
0,2022-03-12,22.42,40163.55,42884.21,13.3,14.6
0,2022-03-13,19.22,39891.08,42978.08,17.4,18.9
0,2022-03-14,19.51,39600.00,43072.06,17.6,18.9
0,2022-03-15,20.54,39600.00,43166.09,17.4,18.9
0,2022-03-16,22.62,36395.24,43260.10,17.9,18.4
0,2022-03-17,17.37,28768.30,43354.03,19.0,21.1
0,2022-03-18,18.42,28427.58,43447.81,16.9,21.4
0,2022-03-19,19.62,38480.97,43541.39,14.9,16.3
0,2022-03-20,18.32,27994.46,43634.69,15.5,16.3
0,2022-03-21,18.30,36170.38,43727.66,18.7,21.0
0,2022-03-22,15.18,24335.97,43820.23,17.6,21.2
0,2022-03-23,7.98,1593.96,43912.33,15.9,19.8
0,2022-03-24,19.54,30675.11,44004.03,13.5,15.2
0,2022-03-25,10.99,11374.40,44095.96,18.1,21.9
0,2022-03-26,8.23,3467.31,44188.21,19.7,22.8
0,2022-03-27,10.99,10961.54,44280.69,16.0,17.4
0,2022-03-28,8.27,891.06,44373.35,16.3,17.9
0,2022-03-29,12.49,9206.65,44466.14,19.0,20.3
0,2022-03-30,7.11,0.00,44558.99,21.1,21.8
0,2022-03-31,18.59,35172.30,44651.85,19.7,22.8
0,2022-04-01,12.50,14400.00,44744.65,12.9,15.3
0,2022-04-02,7.33,1111.20,44837.34,14.6,16.0
0,2022-04-03,6.08,4495.65,44929.85,14.6,15.5
0,2022-04-04,23.72,39104.02,45022.11,11.7,13.2
0,2022-04-05,23.18,40032.53,45114.08,12.3,14.1
0,2022-04-06,19.59,38707.49,45205.68,12.2,13.4
0,2022-04-07,22.14,42631.65,45296.86,12.0,13.9
0,2022-04-08,25.01,42333.46,45387.54,14.2,14.9
0,2022-04-09,23.86,41575.35,45477.66,16.8,19.9
0,2022-04-10,17.41,34954.18,45567.16,20.7,21.2
0,2022-04-11,17.14,33329.66,45655.96,21.0,21.5
0,2022-04-12,22.47,38142.66,45744.00,20.3,20.7
0,2022-04-13,21.24,43694.59,45831.32,20.6,21.0
0,2022-04-14,22.70,42621.55,45918.56,20.2,20.7
0,2022-04-15,23.46,41806.41,46005.74,18.2,20.6
0,2022-04-16,22.66,38417.72,46092.84,12.9,14.0
0,2022-04-17,16.85,34084.35,46179.76,13.2,16.0
0,2022-04-18,20.42,29963.64,46266.47,16.2,18.4
0,2022-04-19,14.73,16230.30,46352.89,16.7,18.7
0,2022-04-20,18.12,37833.45,46438.96,17.7,19.9
0,2022-04-21,21.76,35098.79,46524.60,21.5,22.3
0,2022-04-22,17.89,32235.97,46609.78,22.6,23.3
0,2022-04-23,18.19,25542.78,46694.39,23.0,23.5
0,2022-04-24,15.84,23665.55,46778.39,22.0,23.0
0,2022-04-25,24.22,45135.27,46861.71,23.1,23.5
0,2022-04-26,24.08,42210.87,46944.27,23.6,24.2
0,2022-04-27,18.94,37966.66,47026.00,23.4,24.1
0,2022-04-28,23.25,46293.96,47106.82,23.2,23.9
0,2022-04-29,21.24,28792.66,47186.68,21.3,24.7
0,2022-04-30,16.54,28321.00,47265.47,17.6,18.6
0,2022-05-01,8.85,959.90,47343.14,16.4,17.7
0,2022-05-02,8.58,125.22,47419.60,15.2,16.4
0,2022-05-03,20.21,34649.11,47494.88,13.3,15.9
0,2022-05-04,5.42,0.00,47569.56,19.6,21.3
0,2022-05-05,10.05,9254.34,47643.68,21.2,22.0
0,2022-05-06,18.48,26531.02,47717.19,22.6,23.2
0,2022-05-07,23.57,43532.30,47790.01,22.8,23.8
0,2022-05-08,17.87,25309.65,47862.08,22.2,22.7
0,2022-05-09,12.61,11488.45,47933.35,21.1,22.7
0,2022-05-10,22.38,38268.73,48003.72,21.4,22.7
0,2022-05-11,10.75,7632.40,48073.15,22.3,23.1
0,2022-05-12,23.07,39113.54,48141.56,22.9,23.5
0,2022-05-13,8.05,174.25,48208.88,23.2,24.2
0,2022-05-14,7.35,428.91,48275.05,22.6,23.4
0,2022-05-15,11.41,6899.85,48339.96,17.8,23.1
0,2022-05-16,5.94,0.00,48403.58,17.7,18.2
0,2022-05-17,9.17,10049.95,48465.81,18.0,18.7
0,2022-05-18,24.66,38039.97,48526.58,18.2,18.9
0,2022-05-19,19.56,24133.32,48585.82,20.0,22.1
0,2022-05-20,5.63,7200.00,48643.45,22.3,23.1
0,2022-05-21,25.53,44896.37,48699.39,20.3,22.0
0,2022-05-22,24.45,36000.00,48753.56,19.6,20.5
0,2022-05-23,6.74,0.00,48805.96,20.6,23.3
0,2022-05-24,9.66,2154.42,48857.05,22.7,23.5
0,2022-05-25,17.78,24371.85,48906.85,22.3,22.8
0,2022-05-26,16.43,18461.96,48955.31,21.8,23.3
0,2022-05-27,8.77,320.60,49002.39,20.7,21.9
0,2022-05-28,10.74,15319.88,49048.04,24.0,25.0
0,2022-05-29,26.06,46800.00,49092.21,25.1,25.6
0,2022-05-30,26.73,46800.00,49134.85,24.9,25.3
0,2022-05-31,13.69,12064.96,49175.91,23.7,25.9
0,2022-06-01,22.83,36000.00,49215.34,24.4,24.9
0,2022-06-02,12.86,8904.84,49253.10,23.8,24.5
0,2022-06-03,8.44,644.53,49289.12,23.8,24.6
0,2022-06-04,16.69,23424.16,49323.37,23.9,24.8
0,2022-06-05,23.44,46800.00,49355.79,25.0,25.3
0,2022-06-06,14.07,12774.70,49386.34,23.9,25.6
0,2022-06-07,14.23,22606.36,49414.96,21.9,23.0
0,2022-06-08,9.10,2266.63,49441.61,21.4,22.9
0,2022-06-09,7.41,1889.13,49466.24,21.8,23.3
0,2022-06-10,7.74,3600.00,49488.79,23.8,24.9
0,2022-06-11,9.38,7105.51,49509.23,23.6,24.8
0,2022-06-12,11.40,8153.10,49527.53,23.8,24.8
0,2022-06-13,22.62,39547.25,49543.86,24.9,25.7
0,2022-06-14,23.08,46800.00,49558.22,24.8,25.9
0,2022-06-15,23.48,36000.00,49570.63,24.1,25.2
0,2022-06-16,7.10,2361.64,49581.08,23.5,24.4
0,2022-06-17,9.27,9434.36,49589.57,24.0,24.8
0,2022-06-18,21.87,36193.82,49596.11,24.6,25.5
0,2022-06-19,25.56,46800.00,49600.69,24.9,26.2
0,2022-06-20,24.77,46800.00,49603.30,25.0,25.6
0,2022-06-21,27.12,46800.00,49603.97,24.9,25.3
0,2022-06-22,26.93,46800.00,49602.69,25.4,25.7
0,2022-06-23,27.34,46800.00,49599.47,25.5,25.9
0,2022-06-24,26.51,46800.00,49594.31,25.8,26.3
0,2022-06-25,24.88,39181.56,49587.21,24.5,25.4
0,2022-06-26,25.20,40003.41,49578.18,24.9,25.6
0,2022-06-27,27.09,46800.00,49567.24,24.0,25.2
0,2022-06-28,26.03,46800.00,49554.37,23.5,24.2
0,2022-06-29,27.69,46800.00,49539.60,23.7,24.4
0,2022-06-30,24.67,40372.24,49522.94,23.8,24.3
0,2022-07-01,17.10,27002.82,49504.39,23.6,24.6
0,2022-07-02,11.93,8543.51,49483.92,24.0,24.6
0,2022-07-03,10.86,14309.94,49461.33,24.1,24.5
0,2022-07-04,24.33,44749.30,49436.64,24.7,25.4
0,2022-07-05,24.57,46800.00,49409.89,24.6,25.2
0,2022-07-06,26.04,46800.00,49381.14,24.9,25.4
0,2022-07-07,23.13,39877.87,49350.43,25.4,25.9
0,2022-07-08,24.96,45478.35,49317.83,25.5,25.7
0,2022-07-09,25.09,46800.00,49283.39,25.9,26.5
0,2022-07-10,26.55,46800.00,49247.17,25.8,26.4
0,2022-07-11,26.14,46800.00,49209.21,25.5,26.3
0,2022-07-12,24.62,46800.00,49169.58,25.2,25.9
0,2022-07-13,27.12,43102.91,49128.31,24.8,25.5
0,2022-07-14,24.75,45164.05,49085.49,25.8,26.1
0,2022-07-15,23.63,40125.45,49041.15,25.4,26.2
0,2022-07-16,20.20,39709.71,48995.34,25.9,27.1
0,2022-07-17,21.46,36000.00,48948.13,25.7,27.4
0,2022-07-18,21.61,46800.00,48899.56,25.9,26.5
0,2022-07-19,23.88,46800.00,48849.70,26.3,26.7
0,2022-07-20,25.61,46800.00,48798.58,26.2,26.6
0,2022-07-21,27.11,46800.00,48746.26,26.4,26.9
0,2022-07-22,26.73,46800.00,48692.71,26.1,26.7
0,2022-07-23,22.74,46627.19,48637.46,26.1,26.6
0,2022-07-24,26.14,46800.00,48580.51,26.3,27.1
0,2022-07-25,23.23,45202.47,48521.92,25.7,26.5
0,2022-07-26,25.37,46800.00,48461.77,24.5,25.9
0,2022-07-27,26.56,46800.00,48400.16,24.1,25.2
0,2022-07-28,21.87,36970.95,48337.14,24.9,25.7
0,2022-07-29,24.72,45461.31,48272.81,25.3,25.9
0,2022-07-30,21.79,32575.83,48207.23,24.9,25.4
0,2022-07-31,8.35,6350.35,48140.47,24.9,25.8
0,2022-08-01,14.16,28306.71,48072.61,24.5,25.0
0,2022-08-02,25.80,46800.00,48003.72,24.5,24.9
0,2022-08-03,23.40,43608.94,47933.89,25.0,25.9
0,2022-08-04,26.09,46764.82,47863.15,25.1,25.6
0,2022-08-05,24.25,42068.88,47791.60,24.8,25.8
0,2022-08-06,25.05,46705.79,47719.30,24.3,25.2
0,2022-08-07,26.22,46676.58,47646.32,23.6,24.6
0,2022-08-08,25.85,46647.63,47572.72,23.9,24.7
0,2022-08-09,25.04,46618.96,47498.55,24.9,25.6
0,2022-08-10,26.16,46590.61,47423.90,24.4,25.3
0,2022-08-11,23.63,46293.65,47348.72,25.4,26.3
0,2022-08-12,21.52,45770.63,47272.42,25.6,26.1
0,2022-08-13,25.65,46307.09,47194.99,24.5,25.3
0,2022-08-14,24.55,46479.21,47116.49,24.3,25.2
0,2022-08-15,25.68,46451.77,47037.00,24.3,24.9
0,2022-08-16,25.34,46424.49,46956.59,24.7,25.2
0,2022-08-17,23.10,35533.80,46875.33,25.1,25.8
0,2022-08-18,23.61,45984.94,46793.30,24.6,24.9
0,2022-08-19,25.91,46243.87,46710.55,25.0,25.3
0,2022-08-20,22.98,39871.51,46627.17,25.1,25.6
0,2022-08-21,22.53,38165.80,46543.21,24.9,25.4
0,2022-08-22,22.38,45994.65,46458.75,25.0,25.5
0,2022-08-23,23.77,45526.17,46373.84,25.5,26.2
0,2022-08-24,23.23,45826.06,46288.55,25.1,25.7
0,2022-08-25,23.15,45424.53,46202.95,25.5,26.1
0,2022-08-26,22.93,36183.80,46117.09,25.3,26.0
0,2022-08-27,14.80,16709.28,46031.03,25.6,26.4
0,2022-08-28,21.99,45485.24,45944.84,25.9,26.9
0,2022-08-29,24.03,45399.62,45858.57,25.1,26.0
0,2022-08-30,23.70,45313.95,45772.29,25.0,25.6
0,2022-08-31,19.84,27265.85,45685.93,25.0,25.8
0,2022-09-01,20.09,40541.00,45598.91,24.7,25.3
0,2022-09-02,20.46,36000.00,45511.19,24.7,25.2
0,2022-09-03,3.95,0.00,45422.83,24.6,25.3
0,2022-09-04,3.57,0.00,45333.89,24.6,25.2
0,2022-09-05,5.84,3600.00,45244.43,25.1,25.9
0,2022-09-06,17.14,37932.61,45154.51,24.6,25.4
0,2022-09-07,24.36,44172.37,45064.20,20.8,22.3
0,2022-09-08,19.18,42533.41,44973.55,23.2,24.7
0,2022-09-09,23.03,40384.09,44882.62,24.5,25.1
0,2022-09-10,18.14,24008.62,44791.48,24.6,25.2
0,2022-09-11,12.21,10494.37,44700.17,24.6,25.2
0,2022-09-12,20.64,39360.75,44608.75,24.9,25.5
0,2022-09-13,22.49,42234.81,44517.28,25.0,25.4
0,2022-09-14,22.88,37190.75,44425.82,24.7,25.4
0,2022-09-15,20.00,41298.69,44334.43,25.3,26.2
0,2022-09-16,20.57,41087.29,44243.15,24.9,25.8
0,2022-09-17,17.08,36625.48,44152.04,24.4,25.5
0,2022-09-18,20.97,40960.70,44061.16,23.8,24.5
0,2022-09-19,21.14,41228.95,43970.56,22.7,23.3
0,2022-09-20,19.94,41241.45,43880.19,22.5,24.4
0,2022-09-21,22.77,41312.97,43789.43,20.7,23.5
0,2022-09-22,21.45,41266.87,43698.24,23.6,24.7
0,2022-09-23,21.81,40255.70,43606.67,23.9,24.5
0,2022-09-24,19.69,40268.63,43514.78,24.2,25.0
0,2022-09-25,19.35,38611.32,43422.64,24.4,25.3
0,2022-09-26,20.32,41319.81,43330.29,24.1,25.0
0,2022-09-27,20.56,41077.24,43237.82,23.6,24.2
0,2022-09-28,22.03,41091.15,43145.27,23.3,23.8
0,2022-09-29,21.30,41105.28,43052.70,23.1,23.8
0,2022-09-30,20.80,40863.00,42960.17,23.1,24.3
0,2022-10-01,20.28,40877.50,42867.75,23.2,24.0
0,2022-10-02,21.56,40635.28,42775.49,22.0,22.6
0,2022-10-03,20.60,40392.97,42683.46,22.8,23.5
0,2022-10-04,20.39,40407.93,42591.72,23.1,24.0
0,2022-10-05,19.91,39600.00,42500.32,23.0,24.2
0,2022-10-06,20.13,39923.13,42409.33,22.6,23.5
0,2022-10-07,19.27,40196.50,42318.81,21.8,23.3
0,2022-10-08,17.06,38005.24,42228.83,19.8,20.5
0,2022-10-09,20.67,39711.57,42139.44,20.1,20.9
0,2022-10-10,17.69,37221.09,42050.60,17.0,20.1
0,2022-10-11,14.07,30229.25,41961.62,15.2,16.7
0,2022-10-12,14.66,31439.16,41872.45,18.8,20.7
0,2022-10-13,17.76,39600.00,41783.17,22.0,23.1
0,2022-10-14,17.91,38415.07,41693.85,23.7,24.1
0,2022-10-15,16.27,35885.91,41604.54,24.0,24.6
0,2022-10-16,16.96,32415.58,41515.32,23.5,24.1
0,2022-10-17,6.58,6159.22,41426.26,22.4,24.1
0,2022-10-18,7.39,5211.63,41337.44,17.2,18.8
0,2022-10-19,9.58,12898.37,41248.92,17.2,18.4
0,2022-10-20,17.04,34370.33,41160.77,17.7,20.0
0,2022-10-21,12.06,29319.70,41073.09,23.0,24.2
0,2022-10-22,13.02,27786.04,40985.92,24.1,25.1
0,2022-10-23,14.13,29513.89,40899.36,21.1,24.6
0,2022-10-24,18.57,38988.27,40813.48,14.5,16.8
0,2022-10-25,15.89,35337.68,40728.36,13.6,14.7
0,2022-10-26,12.96,29369.26,40644.07,14.8,16.3
0,2022-10-27,17.81,38840.34,40560.70,17.5,18.2
0,2022-10-28,17.49,38074.88,40478.34,19.4,20.5
0,2022-10-29,15.96,38103.24,40397.05,20.6,21.4
0,2022-10-30,14.63,25999.12,40316.81,20.9,21.7
0,2022-10-31,3.52,2552.36,40236.87,21.5,22.5
0,2022-11-01,2.81,0.00,40157.19,20.6,21.8
0,2022-11-02,6.72,1716.50,40077.85,20.8,21.6
0,2022-11-03,14.84,29192.82,39998.91,20.6,21.2
0,2022-11-04,14.94,28800.00,39920.48,16.6,20.5
0,2022-11-05,13.32,28800.00,39842.62,14.3,15.5
0,2022-11-06,12.23,28633.09,39765.42,16.0,18.7
0,2022-11-07,9.69,18437.46,39688.97,19.2,19.8
0,2022-11-08,14.36,35466.41,39613.35,19.2,20.5
0,2022-11-09,12.65,36476.24,39538.66,20.6,21.4
0,2022-11-10,8.95,19407.36,39464.97,21.1,21.8
0,2022-11-11,9.02,15193.59,39392.39,21.7,22.4
0,2022-11-12,10.11,26814.68,39320.99,22.9,23.8
0,2022-11-13,15.51,37374.00,39250.88,21.5,23.7
0,2022-11-14,15.34,36225.29,39182.16,17.3,18.7
0,2022-11-15,10.62,26438.86,39114.90,17.8,18.7
0,2022-11-16,14.28,27943.04,39049.22,17.5,18.4
0,2022-11-17,6.88,11801.32,38985.21,20.2,22.4
0,2022-11-18,14.90,36622.76,38922.97,22.0,22.9
0,2022-11-19,14.91,36634.90,38862.47,20.9,22.2
0,2022-11-20,15.16,36000.00,38803.07,19.7,20.3
0,2022-11-21,15.69,36656.69,38744.70,19.9,20.7
0,2022-11-22,12.88,30911.30,38687.44,21.1,21.9
0,2022-11-23,6.86,10920.15,38631.36,20.6,21.8
0,2022-11-24,12.88,32400.00,38576.53,18.0,19.0
0,2022-11-25,5.50,5749.49,38523.04,20.3,21.3
0,2022-11-26,10.49,25791.71,38470.94,18.9,21.3
0,2022-11-27,15.23,33384.99,38420.33,17.2,19.7
0,2022-11-28,10.63,25233.52,38371.26,21.6,22.4
0,2022-11-29,14.67,33112.13,38323.83,22.2,22.7
0,2022-11-30,4.74,0.00,38278.11,17.0,20.9
0,2022-12-01,5.43,1125.96,38234.18,14.4,15.6
0,2022-12-02,6.06,910.42,38192.11,16.9,20.1
0,2022-12-03,3.04,4746.69,38151.99,19.3,21.0
0,2022-12-04,13.39,35829.37,38113.89,20.5,21.1
0,2022-12-05,12.21,25200.00,38077.89,18.2,20.7
0,2022-12-06,6.51,12069.75,38044.06,11.9,16.7
0,2022-12-07,12.16,25200.00,38012.50,12.4,13.9
0,2022-12-08,13.31,32541.54,37983.27,15.0,16.9
0,2022-12-09,2.54,301.01,37956.39,18.0,18.8
0,2022-12-10,13.14,32492.24,37931.51,17.3,17.8
0,2022-12-11,12.21,33942.94,37908.60,14.9,16.7
0,2022-12-12,10.39,25693.35,37887.67,13.1,14.8
0,2022-12-13,9.94,29541.99,37868.74,10.7,13.7
0,2022-12-14,7.19,10809.18,37851.83,11.0,11.9
0,2022-12-15,6.68,10433.58,37836.96,12.9,16.7
0,2022-12-16,2.75,4142.52,37824.15,19.8,20.8
0,2022-12-17,5.25,9098.14,37813.40,11.5,18.0
0,2022-12-18,6.63,4594.59,37804.75,5.7,6.6
0,2022-12-19,9.66,27953.89,37798.20,6.8,9.6
0,2022-12-20,12.12,31708.81,37793.76,12.8,17.0
0,2022-12-21,5.01,11749.86,37791.45,13.3,18.2
0,2022-12-22,12.45,32689.46,37791.29,5.8,7.2
0,2022-12-23,8.18,13020.79,37793.28,5.5,6.4
0,2022-12-24,10.37,29516.67,37797.44,6.2,7.3
0,2022-12-25,11.51,30336.94,37803.77,8.0,9.2
0,2022-12-26,8.86,21984.75,37812.29,8.9,10.4
0,2022-12-27,9.85,30398.55,37823.00,11.7,13.5
0,2022-12-28,13.07,34035.75,37835.92,13.4,14.0
0,2022-12-29,7.70,10746.68,37851.07,14.8,16.2
0,2022-12-30,2.43,0.00,37868.63,14.0,15.2
0,2022-12-31,9.54,17833.41,37888.56,11.2,13.8
0,2023-01-01,9.03,21382.10,37910.82,10.6,11.6
0,2023-01-02,5.04,11686.69,37935.34,12.0,13.3
0,2023-01-03,10.83,25200.00,37962.07,13.2,14.2
0,2023-01-04,9.94,24654.43,37990.93,8.8,11.9
0,2023-01-05,13.45,34154.32,38021.89,9.4,11.1
0,2023-01-06,8.72,22562.76,38054.87,12.7,15.1
0,2023-01-07,15.77,37314.65,38089.82,9.6,10.2
0,2023-01-08,15.57,35932.16,38126.66,11.3,12.9
0,2023-01-09,13.76,34916.30,38165.36,12.7,14.3
0,2023-01-10,10.85,30308.18,38205.83,12.7,14.3
0,2023-01-11,11.49,33055.89,38248.02,13.7,14.7
0,2023-01-12,13.77,36112.35,38291.88,14.6,15.6
0,2023-01-13,14.47,35586.02,38337.34,16.9,18.1
0,2023-01-14,13.07,29768.72,38384.35,19.7,20.6
0,2023-01-15,6.23,8381.18,38432.83,15.5,20.5
0,2023-01-16,6.83,4357.55,38482.73,10.0,11.0
0,2023-01-17,11.04,30385.17,38534.01,10.2,11.4
0,2023-01-18,11.21,26331.56,38586.69,9.7,10.9
0,2023-01-19,15.63,33195.93,38641.38,9.5,10.6
0,2023-01-20,15.00,34558.29,38698.07,8.8,10.0
0,2023-01-21,14.04,30056.10,38756.66,11.7,14.3
0,2023-01-22,12.85,35117.61,38817.07,16.3,18.2
0,2023-01-23,5.66,1812.57,38879.18,16.2,17.6
0,2023-01-24,6.67,3667.26,38942.90,5.6,12.9
0,2023-01-25,10.19,27577.10,39008.15,7.0,10.5
0,2023-01-26,13.47,36000.00,39074.81,11.4,14.7
0,2023-01-27,7.57,14348.63,39142.81,5.8,12.0
0,2023-01-28,8.60,18602.78,39212.04,4.5,5.4
0,2023-01-29,11.48,27799.69,39282.42,4.9,5.6
0,2023-01-30,15.38,38511.66,39353.85,5.7,7.3
0,2023-01-31,18.32,36374.11,39426.26,9.6,12.0
0,2023-02-01,13.95,32933.63,39499.54,13.6,16.7
0,2023-02-02,13.15,31373.24,39573.62,13.8,17.2
0,2023-02-03,12.71,30801.37,39648.42,11.5,12.6
0,2023-02-04,9.83,17691.10,39723.84,13.2,14.5
0,2023-02-05,7.58,675.01,39799.81,16.1,17.7
0,2023-02-06,4.24,3148.46,39876.25,18.1,18.9
0,2023-02-07,16.37,37529.97,39953.21,16.8,19.1
0,2023-02-08,14.84,37936.39,40031.44,14.6,16.6
0,2023-02-09,14.23,37209.24,40110.97,16.7,18.6
0,2023-02-10,12.31,25714.28,40191.72,16.2,19.2
0,2023-02-11,8.66,12320.17,40273.60,18.3,19.2
0,2023-02-12,16.68,38964.92,40356.50,19.6,20.1
0,2023-02-13,14.60,27672.62,40440.34,17.5,20.4
0,2023-02-14,4.81,0.00,40525.05,12.8,14.9
0,2023-02-15,7.68,6484.78,40610.52,9.0,11.2
0,2023-02-16,15.77,38250.30,40696.68,12.0,14.1
0,2023-02-17,19.91,39196.98,40783.45,11.6,12.8
0,2023-02-18,19.25,39246.27,40870.74,13.6,16.5
0,2023-02-19,17.00,32991.65,40958.46,13.4,16.9
0,2023-02-20,5.99,0.00,41046.55,8.7,10.6
0,2023-02-21,12.02,22199.50,41134.92,8.4,10.6
0,2023-02-22,11.92,21199.35,41223.49,11.9,12.8
0,2023-02-23,15.91,32244.01,41312.18,13.8,15.5
0,2023-02-24,15.47,36000.00,41400.94,15.1,17.1
0,2023-02-25,13.99,21690.62,41489.67,7.8,11.9
0,2023-02-26,13.15,33043.25,41578.30,7.5,10.4
0,2023-02-27,12.06,27503.65,41666.90,10.4,11.8
0,2023-02-28,19.77,39600.56,41756.17,10.1,12.7
0,2023-03-01,19.92,37909.71,41846.19,13.3,15.3
0,2023-03-02,8.70,11416.67,41936.88,8.7,13.2
0,2023-03-03,12.63,22295.27,42028.15,9.0,10.2
0,2023-03-04,15.94,39600.00,42119.97,10.0,10.8
0,2023-03-05,21.27,40028.72,42212.24,8.7,10.3
0,2023-03-06,20.57,40011.32,42304.90,8.1,9.8
0,2023-03-07,21.50,38512.58,42397.88,10.4,12.0
0,2023-03-08,17.95,36674.14,42491.12,12.1,14.0
0,2023-03-09,13.45,23068.76,42584.55,14.8,15.5
0,2023-03-10,21.75,39944.08,42678.10,13.5,15.1
0,2023-03-11,19.38,39670.92,42771.71,14.8,16.1
0,2023-03-12,19.00,36054.97,42865.32,15.3,16.6
0,2023-03-13,6.76,5574.80,42958.85,10.3,13.3
0,2023-03-14,12.36,17965.88,43052.25,12.7,16.5
0,2023-03-15,13.79,24845.58,43145.44,16.8,17.3
0,2023-03-16,21.05,40105.05,43238.36,17.1,17.8
0,2023-03-17,20.92,39216.08,43330.94,18.0,18.5
0,2023-03-18,19.02,36315.79,43423.14,15.7,16.4
0,2023-03-19,15.17,22444.85,43514.99,14.3,15.7
0,2023-03-20,9.20,3941.28,43607.16,17.6,19.7
0,2023-03-21,17.84,32861.27,43699.71,20.5,21.6
0,2023-03-22,14.59,23730.06,43792.57,21.7,22.7
0,2023-03-23,19.89,36000.00,43885.70,22.2,22.7
0,2023-03-24,19.81,28824.34,43979.03,20.1,23.3
0,2023-03-25,11.48,10234.60,44072.49,19.0,19.9
0,2023-03-26,10.70,7860.05,44166.05,16.4,18.4
0,2023-03-27,16.81,28218.41,44259.61,14.0,16.4
0,2023-03-28,20.70,38318.65,44353.14,13.0,15.9
0,2023-03-29,14.93,22054.28,44446.57,16.0,16.7
0,2023-03-30,13.77,21476.58,44539.84,18.2,20.3
0,2023-03-31,19.89,40252.15,44632.89,18.3,19.8
0,2023-04-01,17.21,25200.00,44725.65,17.7,18.4
0,2023-04-02,23.16,42078.72,44818.07,15.2,17.8
0,2023-04-03,23.83,41014.18,44910.08,13.6,15.0
0,2023-04-04,19.70,39341.49,45001.60,13.4,15.3
0,2023-04-05,16.07,25230.91,45092.60,15.7,17.9
0,2023-04-06,15.38,22214.47,45182.99,18.4,19.6
0,2023-04-07,6.94,7069.64,45272.71,16.2,20.2
0,2023-04-08,19.69,39282.93,45361.81,9.2,11.0
0,2023-04-09,22.80,41875.65,45450.92,9.8,12.4
0,2023-04-10,22.23,40979.49,45540.09,12.8,14.6
0,2023-04-11,23.34,39526.68,45629.26,18.3,20.7
0,2023-04-12,23.03,42706.20,45718.37,19.4,21.3
0,2023-04-13,22.21,36000.00,45807.37,19.4,20.8
0,2023-04-14,18.02,30902.71,45896.19,21.6,22.0
0,2023-04-15,12.29,22218.03,45984.77,19.4,22.0
0,2023-04-16,26.54,45639.91,46073.04,16.9,19.0
0,2023-04-17,26.17,45726.92,46160.94,18.8,19.7
0,2023-04-18,25.42,39011.26,46248.40,20.1,21.4
0,2023-04-19,9.00,5046.63,46335.36,22.2,22.7
0,2023-04-20,9.68,6296.74,46421.76,21.8,22.6
0,2023-04-21,19.52,41948.57,46507.51,19.2,21.2
0,2023-04-22,22.60,43468.37,46592.56,18.6,20.0
0,2023-04-23,25.52,45219.58,46676.83,17.5,18.3
0,2023-04-24,23.25,45995.94,46760.24,17.4,18.4
0,2023-04-25,24.49,38858.82,46842.73,18.6,20.5
0,2023-04-26,17.24,27433.42,46924.22,16.0,18.2
0,2023-04-27,21.92,42881.73,47004.63,16.0,18.2
0,2023-04-28,21.77,38379.66,47084.01,19.9,22.1
0,2023-04-29,19.94,25200.00,47162.93,22.2,23.5
0,2023-04-30,14.67,13316.87,47241.46,19.5,21.3
0,2023-05-01,17.36,32969.91,47319.53,15.9,18.2
0,2023-05-02,26.56,39438.00,47397.07,17.0,19.0
0,2023-05-03,16.60,21107.48,47474.03,19.6,20.6
0,2023-05-04,20.92,37874.56,47550.32,21.1,22.2
0,2023-05-05,23.83,43835.37,47625.90,22.5,23.0
0,2023-05-06,19.05,25032.13,47700.67,22.7,23.3
0,2023-05-07,8.36,0.00,47774.59,21.2,23.4
0,2023-05-08,8.16,7200.00,47847.57,17.4,19.7
0,2023-05-09,24.26,46800.00,47919.55,15.6,17.1
0,2023-05-10,25.56,46800.00,47990.44,15.7,18.0
0,2023-05-11,26.16,46800.00,48060.18,14.3,16.4
0,2023-05-12,26.38,42613.45,48128.69,15.2,16.7
0,2023-05-13,17.46,21202.58,48195.90,18.2,20.8
0,2023-05-14,8.72,3257.01,48261.71,17.3,18.3
0,2023-05-15,18.69,32622.29,48326.07,19.0,20.4
0,2023-05-16,27.25,39775.93,48388.88,18.6,19.6
0,2023-05-17,22.86,36000.00,48450.07,19.8,22.5
0,2023-05-18,10.93,13525.80,48509.65,23.0,24.4
0,2023-05-19,25.20,43404.97,48568.10,20.0,21.4
0,2023-05-20,26.90,41113.80,48625.48,18.8,19.6
0,2023-05-21,17.14,29522.94,48681.71,21.2,24.0
0,2023-05-22,18.67,26580.11,48736.74,22.8,24.7
0,2023-05-23,21.15,41688.11,48790.53,16.8,17.8
0,2023-05-24,28.21,46800.00,48843.02,16.9,19.1
0,2023-05-25,23.57,45996.67,48894.14,18.7,19.7
0,2023-05-26,26.69,44869.52,48943.83,18.8,21.7
0,2023-05-27,15.69,16108.13,48992.05,22.6,23.2
0,2023-05-28,20.91,41265.91,49038.73,23.4,23.8
0,2023-05-29,17.83,32750.93,49083.81,23.9,24.2
0,2023-05-30,23.55,35791.79,49127.24,24.4,24.8
0,2023-05-31,17.60,19306.36,49168.96,24.2,24.9
0,2023-06-01,6.30,1809.42,49208.90,24.1,24.6
0,2023-06-02,13.92,19366.07,49247.00,22.9,24.2
0,2023-06-03,29.09,46800.00,49283.21,22.0,22.4
0,2023-06-04,27.19,46800.00,49317.46,22.3,22.8
0,2023-06-05,27.87,46800.00,49349.71,22.4,23.5
0,2023-06-06,27.40,46800.00,49379.89,23.4,24.1
0,2023-06-07,25.97,46800.00,49407.98,24.0,24.6
0,2023-06-08,26.99,45222.97,49434.22,23.7,24.1
0,2023-06-09,23.66,36000.00,49458.65,24.3,24.9
0,2023-06-10,18.98,32103.15,49481.26,24.2,24.7
0,2023-06-11,22.92,46800.00,49502.01,24.1,24.9
0,2023-06-12,15.76,19777.65,49520.91,23.8,24.5
0,2023-06-13,5.63,0.00,49537.93,24.1,24.8
0,2023-06-14,4.58,4186.06,49553.06,24.0,24.8
0,2023-06-15,19.03,25200.00,49566.28,22.8,24.0
0,2023-06-16,13.56,14914.28,49577.59,24.0,25.0
0,2023-06-17,9.30,4239.81,49586.97,24.9,25.3
0,2023-06-18,22.45,33315.82,49594.41,25.0,25.2
0,2023-06-19,13.09,12084.87,49599.90,25.1,25.4
0,2023-06-20,24.74,42177.48,49603.42,25.6,26.1
0,2023-06-21,25.49,41824.31,49604.98,25.8,26.4
0,2023-06-22,14.99,27286.58,49604.55,24.8,26.0
0,2023-06-23,23.91,46346.87,49602.14,25.2,25.7
0,2023-06-24,24.06,46800.00,49597.73,24.4,25.3
0,2023-06-25,27.94,46800.00,49591.31,24.4,24.7
0,2023-06-26,28.14,46800.00,49582.90,24.6,24.8
0,2023-06-27,27.84,43373.71,49572.45,24.1,24.7
0,2023-06-28,15.90,25851.55,49559.84,24.6,24.9
0,2023-06-29,26.22,46800.00,49545.11,25.0,25.6
0,2023-06-30,25.48,46800.00,49528.28,25.0,25.2
0,2023-07-01,25.39,44172.21,49509.40,25.4,25.6
0,2023-07-02,21.84,43327.57,49488.51,25.8,26.1
0,2023-07-03,24.96,46800.00,49465.66,25.5,26.2
0,2023-07-04,25.96,43352.80,49440.88,25.6,26.5
0,2023-07-05,23.56,46281.63,49414.22,26.0,26.5
0,2023-07-06,27.40,46800.00,49385.72,26.2,27.1
0,2023-07-07,24.44,46800.00,49355.42,25.9,26.7
0,2023-07-08,25.33,46800.00,49323.38,25.2,26.0
0,2023-07-09,25.48,46800.00,49289.63,24.4,25.3
0,2023-07-10,25.23,43200.00,49254.22,25.1,25.6
0,2023-07-11,26.96,46800.00,49217.19,25.2,25.6
0,2023-07-12,26.94,46800.00,49178.58,24.6,25.0
0,2023-07-13,27.55,46800.00,49138.45,24.5,24.9
0,2023-07-14,26.07,46800.00,49096.83,25.1,25.4
0,2023-07-15,26.37,46800.00,49053.77,24.6,25.0
0,2023-07-16,21.93,32878.95,49009.31,24.1,24.6
0,2023-07-17,16.87,30474.31,48963.43,24.2,25.2
0,2023-07-18,26.42,46800.00,48915.69,25.0,25.9
0,2023-07-19,26.80,46800.00,48866.12,24.7,25.2
0,2023-07-20,25.87,46800.00,48814.77,24.5,25.2
0,2023-07-21,24.97,46800.00,48761.73,24.3,24.7
0,2023-07-22,24.75,46236.13,48707.06,25.2,25.8
0,2023-07-23,26.06,46800.00,48650.85,24.4,24.9
0,2023-07-24,25.43,46800.00,48593.16,24.1,24.4
0,2023-07-25,25.50,46800.00,48534.07,24.0,24.3
0,2023-07-26,14.96,24937.68,48473.65,24.6,25.3
0,2023-07-27,8.17,2537.66,48411.98,24.6,25.1
0,2023-07-28,23.85,40019.26,48349.11,25.1,25.4
0,2023-07-29,22.00,42748.54,48285.13,25.1,25.4
0,2023-07-30,25.41,45563.24,48220.10,24.4,25.4
0,2023-07-31,15.16,18529.76,48154.08,24.7,25.3
0,2023-08-01,16.28,24108.31,48087.15,24.9,25.4
0,2023-08-02,2.76,0.00,48019.37,24.4,25.1
0,2023-08-03,4.77,0.00,47950.80,25.2,25.6
0,2023-08-04,4.50,0.00,47881.51,24.7,25.6
0,2023-08-05,3.16,0.00,47811.56,24.7,25.4
0,2023-08-06,3.32,6924.94,47740.91,24.9,25.3
0,2023-08-07,16.27,19016.15,47669.00,25.6,26.3
0,2023-08-08,17.10,37197.43,47595.80,25.6,26.1
0,2023-08-09,24.31,46628.20,47521.40,25.8,26.5
0,2023-08-10,25.75,46599.84,47445.87,25.8,26.4
0,2023-08-11,21.85,46571.59,47369.27,25.1,26.0
0,2023-08-12,25.11,46543.46,47291.71,25.0,25.7
0,2023-08-13,26.56,46515.44,47213.23,25.0,25.8
0,2023-08-14,25.64,46487.56,47133.92,26.0,26.5
0,2023-08-15,21.29,27574.43,47053.84,25.2,26.5
0,2023-08-16,21.74,37769.22,46973.06,25.1,26.4
0,2023-08-17,24.62,43763.99,46891.66,24.8,25.5
0,2023-08-18,24.03,46341.79,46809.71,24.9,25.9
0,2023-08-19,25.04,46260.23,46727.25,25.8,26.5
0,2023-08-20,24.09,43616.88,46644.37,25.7,26.5
0,2023-08-21,24.57,46095.83,46561.12,24.8,26.0
0,2023-08-22,24.85,46013.12,46477.58,24.0,25.0
0,2023-08-23,25.13,45930.14,46393.79,24.4,25.0
0,2023-08-24,22.56,45489.58,46309.83,25.0,25.8
0,2023-08-25,21.20,34529.09,46225.74,24.6,25.4
0,2023-08-26,22.68,45680.19,46141.49,24.4,25.3
0,2023-08-27,22.20,45596.01,46056.48,24.3,25.0
0,2023-08-28,23.75,45511.01,45970.67,24.6,25.4
0,2023-08-29,23.88,45425.23,45884.13,24.9,25.5
0,2023-08-30,24.16,45338.76,45796.92,25.1,26.0
0,2023-08-31,22.78,39731.37,45709.10,25.4,26.2
0,2023-09-01,23.02,43017.74,45620.74,25.4,26.3
0,2023-09-02,21.10,43459.19,45531.90,24.6,25.3
0,2023-09-03,24.38,42384.51,45442.64,24.1,24.6
0,2023-09-04,22.70,43383.26,45353.03,24.0,24.5
0,2023-09-05,23.05,44808.62,45263.11,23.9,24.7
0,2023-09-06,23.25,44682.85,45172.96,24.2,25.1
0,2023-09-07,22.67,37905.04,45082.62,23.5,24.2
0,2023-09-08,13.09,21448.51,44992.16,22.0,23.0
0,2023-09-09,23.58,43418.40,44901.64,21.6,23.2
0,2023-09-10,23.52,43425.87,44811.10,22.6,23.7
0,2023-09-11,22.61,42651.06,44720.61,23.1,23.7
0,2023-09-12,21.78,40377.61,44630.23,24.0,24.9
0,2023-09-13,21.54,41199.06,44539.99,24.4,24.9
0,2023-09-14,23.01,42779.51,44449.98,24.0,25.3
0,2023-09-15,22.10,41542.46,44360.11,24.8,25.7
0,2023-09-16,13.36,27619.84,44269.80,24.3,25.0
0,2023-09-17,16.10,28292.82,44178.99,23.9,24.5
0,2023-09-18,21.16,41931.89,44087.74,24.2,25.0
0,2023-09-19,21.30,41977.22,43996.12,24.0,24.7
0,2023-09-20,21.29,41255.34,43904.19,24.2,25.1
0,2023-09-21,19.86,39600.00,43811.99,24.5,25.3
0,2023-09-22,19.62,41263.40,43719.59,25.0,25.4
0,2023-09-23,20.76,40570.69,43627.05,24.0,25.0
0,2023-09-24,21.31,40264.72,43534.43,24.3,25.2
0,2023-09-25,20.88,41046.02,43441.79,23.7,24.3
0,2023-09-26,20.71,40546.92,43349.17,23.1,24.0
0,2023-09-27,21.95,40047.71,43256.65,23.7,24.5
0,2023-09-28,17.62,32400.00,43164.28,24.9,25.6
0,2023-09-29,13.91,32207.10,43072.11,24.9,25.4
0,2023-09-30,19.59,39831.98,42980.21,24.9,26.0
0,2023-10-01,19.63,40616.38,42888.63,23.9,25.0
0,2023-10-02,20.09,38113.92,42797.43,24.4,26.1
0,2023-10-03,16.79,31736.44,42706.67,25.6,26.6
0,2023-10-04,19.13,40404.13,42616.42,25.7,26.3
0,2023-10-05,17.70,38276.19,42526.61,23.5,26.0
0,2023-10-06,13.04,29496.80,42436.59,22.2,23.4
0,2023-10-07,19.07,39201.14,42346.31,24.2,24.7
0,2023-10-08,18.75,39950.74,42255.83,24.6,25.5
0,2023-10-09,19.89,39708.12,42165.22,22.6,24.4
0,2023-10-10,15.78,36427.52,42074.54,19.9,21.3
0,2023-10-11,18.66,36865.24,41983.87,19.4,21.4
0,2023-10-12,18.70,40274.61,41893.26,17.9,19.7
0,2023-10-13,19.42,40032.09,41802.79,17.1,17.6
0,2023-10-14,20.08,39744.47,41712.52,18.5,19.5
0,2023-10-15,18.87,36187.38,41622.53,16.4,19.1
0,2023-10-16,17.82,39660.06,41532.88,14.9,16.8
0,2023-10-17,20.39,39880.24,41443.65,14.8,16.5
0,2023-10-18,20.47,39579.77,41354.90,15.5,16.4
0,2023-10-19,18.48,38341.06,41266.70,16.7,18.4
0,2023-10-20,12.55,23277.65,41179.15,19.0,20.7
0,2023-10-21,12.43,33232.31,41092.29,13.4,15.2
0,2023-10-22,19.27,39103.11,41006.21,13.6,17.7
0,2023-10-23,13.74,27224.33,40920.99,18.3,19.4
0,2023-10-24,13.14,29826.62,40836.71,20.2,21.5
0,2023-10-25,17.99,38952.66,40753.31,19.2,20.8
0,2023-10-26,17.21,38904.68,40670.08,17.2,18.3
0,2023-10-27,17.72,32400.00,40586.95,15.4,17.5
0,2023-10-28,12.20,27986.24,40504.01,15.6,16.8
0,2023-10-29,18.13,38764.81,40421.34,15.8,16.9
0,2023-10-30,18.20,38719.72,40339.01,16.0,18.7
0,2023-10-31,16.78,38675.49,40257.10,19.0,19.6
0,2023-11-01,16.57,37371.71,40175.69,19.1,20.2
0,2023-11-02,15.38,38137.30,40094.87,18.5,20.6
0,2023-11-03,16.22,38232.51,40014.72,18.0,19.0
0,2023-11-04,16.99,38259.05,39935.33,18.8,20.0
0,2023-11-05,15.79,36931.31,39856.78,20.9,22.2
0,2023-11-06,15.21,38310.56,39779.16,21.3,22.6
0,2023-11-07,15.05,38335.45,39702.55,15.7,18.5
0,2023-11-08,16.44,37811.50,39627.06,17.2,21.1
0,2023-11-09,14.04,36000.00,39552.76,22.2,23.1
0,2023-11-10,14.67,33439.42,39479.76,21.6,22.9
0,2023-11-11,8.77,12280.36,39408.14,19.0,20.7
0,2023-11-12,10.16,30655.09,39338.01,15.9,18.6
0,2023-11-13,12.00,35562.17,39269.47,12.4,14.3
0,2023-11-14,12.97,36010.60,39202.47,13.6,14.7
0,2023-11-15,15.13,36576.44,39136.32,14.1,15.1
0,2023-11-16,16.32,32400.00,39070.98,15.6,19.2
0,2023-11-17,12.89,34240.84,39006.52,10.2,12.5
0,2023-11-18,11.73,27909.51,38943.01,11.2,12.4
0,2023-11-19,14.47,36629.91,38880.53,11.8,13.1
0,2023-11-20,15.03,33041.50,38819.18,12.2,14.1
0,2023-11-21,8.80,18361.10,38759.02,14.6,16.4
0,2023-11-22,15.02,36662.47,38700.13,16.9,18.6
0,2023-11-23,15.84,36951.86,38642.61,15.7,16.9
0,2023-11-24,13.39,31896.75,38586.54,13.2,16.1
0,2023-11-25,8.96,14469.03,38532.00,14.7,18.0
0,2023-11-26,8.90,14517.25,38479.07,17.4,18.6
0,2023-11-27,13.69,36644.54,38427.85,16.4,18.6
0,2023-11-28,16.24,37170.18,38378.42,12.3,14.3
0,2023-11-29,15.69,36283.09,38330.87,15.7,17.2
0,2023-11-30,10.83,27974.03,38285.28,14.0,16.3
0,2023-12-01,5.41,1351.39,38241.76,12.7,13.9
0,2023-12-02,7.84,10857.12,38200.37,10.3,11.8
0,2023-12-03,9.23,18428.99,38161.22,14.4,18.2
0,2023-12-04,1.70,2695.69,38124.30,19.6,20.5
0,2023-12-05,14.40,36323.80,38089.18,17.0,19.3
0,2023-12-06,6.65,10971.46,38055.79,15.3,17.4
0,2023-12-07,11.62,29534.59,38024.18,12.6,14.3
0,2023-12-08,15.16,36764.84,37994.38,14.2,15.9
0,2023-12-09,13.35,34198.47,37966.44,16.8,17.6
0,2023-12-10,13.29,33105.83,37940.40,17.7,19.2
0,2023-12-11,11.03,25200.00,37916.27,19.8,21.1
0,2023-12-12,8.03,12426.09,37894.11,17.1,20.2
0,2023-12-13,10.25,34761.21,37873.95,16.0,17.2
0,2023-12-14,13.08,33107.88,37855.82,18.5,19.5
0,2023-12-15,11.84,32778.73,37839.77,19.5,20.3
0,2023-12-16,6.23,4339.08,37825.81,13.6,19.3
0,2023-12-17,7.43,13768.53,37814.00,9.7,10.4
0,2023-12-18,10.32,26286.96,37804.35,13.9,15.8
0,2023-12-19,11.04,32444.94,37796.90,17.8,19.4
0,2023-12-20,3.64,0.00,37791.70,13.4,16.4
0,2023-12-21,4.90,770.60,37788.75,7.0,10.5
0,2023-12-22,8.51,19044.56,37788.10,6.7,8.2
0,2023-12-23,4.61,3600.00,37789.76,12.0,14.6
0,2023-12-24,3.85,1924.09,37793.79,13.1,15.1
0,2023-12-25,14.17,35451.56,37800.19,8.6,10.1
0,2023-12-26,12.71,32097.47,37808.95,11.7,14.0
0,2023-12-27,10.85,23863.60,37820.03,14.5,15.0
0,2023-12-28,3.48,0.00,37833.38,17.2,18.4
0,2023-12-29,8.04,20172.59,37848.96,18.5,19.0
0,2023-12-30,9.81,27674.77,37866.73,19.7,20.7
0,2023-12-31,14.04,37283.26,37886.65,12.6,17.3
0,2024-01-01,10.59,35314.08,37908.69,11.0,12.5
0,2024-01-02,13.74,37087.11,37932.78,11.5,12.7
0,2024-01-03,8.09,16574.78,37958.90,11.9,15.9
0,2024-01-04,12.48,33309.38,37987.00,9.5,11.5
0,2024-01-05,10.13,32072.76,38017.02,11.2,12.9
0,2024-01-06,10.15,28940.80,38048.94,13.1,15.4
0,2024-01-07,12.90,37313.67,38082.70,10.6,12.5
0,2024-01-08,12.19,34943.29,38118.26,11.1,12.7
0,2024-01-09,4.66,2757.03,38155.58,16.0,17.3
0,2024-01-10,13.83,36588.35,38194.59,9.3,14.5
0,2024-01-11,11.64,31557.51,38235.27,7.8,8.8
0,2024-01-12,14.37,37238.88,38277.57,9.0,9.9
0,2024-01-13,15.45,36994.38,38321.53,10.0,10.9
0,2024-01-14,15.79,35901.78,38367.66,11.4,12.9
0,2024-01-15,14.06,35942.39,38415.93,10.7,13.2
0,2024-01-16,12.31,33991.77,38466.29,9.1,12.0
0,2024-01-17,11.10,33988.54,38518.61,12.3,13.9
0,2024-01-18,15.97,37186.36,38572.80,14.8,16.1
0,2024-01-19,13.28,37146.49,38628.79,16.9,17.8
0,2024-01-20,14.32,35895.50,38686.47,17.9,19.0
0,2024-01-21,5.37,4953.69,38745.75,14.2,15.9
0,2024-01-22,11.63,22456.91,38806.55,10.6,13.4
0,2024-01-23,3.66,0.00,38868.77,6.3,8.6
0,2024-01-24,9.19,19982.16,38932.34,6.8,8.0
0,2024-01-25,11.12,32153.68,38997.15,8.2,9.4
0,2024-01-26,10.23,23308.65,39063.14,8.3,9.9
0,2024-01-27,9.13,11216.02,39130.20,10.5,11.9
0,2024-01-28,12.62,29955.70,39198.26,7.5,10.4
0,2024-01-29,12.35,34081.85,39267.23,9.7,11.7
0,2024-01-30,11.26,22511.19,39337.05,14.2,16.7
0,2024-01-31,14.70,35594.76,39407.61,17.4,17.9
0,2024-02-01,15.67,38004.86,39478.86,17.3,18.1
0,2024-02-02,14.33,38257.06,39550.83,18.2,19.1
0,2024-02-03,14.96,36872.22,39624.26,18.8,19.4
0,2024-02-04,13.54,28800.00,39699.18,19.9,20.9
0,2024-02-05,7.73,10422.81,39775.49,13.4,18.7
0,2024-02-06,14.68,37621.63,39853.10,12.5,14.5
0,2024-02-07,7.08,3978.10,39931.91,14.5,15.6
0,2024-02-08,5.45,1897.12,40011.83,12.6,14.4
0,2024-02-09,4.02,0.00,40092.76,11.1,13.3
0,2024-02-10,15.92,35273.70,40174.61,7.5,8.9
0,2024-02-11,19.21,38915.55,40257.31,6.4,8.2
0,2024-02-12,18.51,36000.00,40340.74,8.2,9.9
0,2024-02-13,12.53,28685.97,40424.85,11.7,14.4
0,2024-02-14,16.65,39047.13,40509.53,16.3,17.4
0,2024-02-15,17.73,36000.00,40594.71,17.5,18.8
0,2024-02-16,14.18,30555.46,40680.29,14.9,16.8
0,2024-02-17,15.37,39186.39,40766.21,13.9,15.6
0,2024-02-18,15.23,39234.21,40852.38,17.8,19.5
0,2024-02-19,16.48,38067.10,40938.72,20.0,20.6
0,2024-02-20,16.03,39331.58,41025.16,19.9,20.4
0,2024-02-21,17.66,39381.00,41111.61,19.2,19.8
0,2024-02-22,19.44,36000.00,41198.14,18.8,20.0
0,2024-02-23,14.08,21258.81,41285.47,15.9,18.0
0,2024-02-24,12.90,15390.92,41373.68,15.2,16.3
0,2024-02-25,8.50,6021.79,41462.67,11.2,13.3
0,2024-02-26,8.37,7048.47,41552.38,13.3,14.1
0,2024-02-27,8.38,7200.00,41642.73,13.2,14.1
0,2024-02-28,13.50,27198.71,41733.65,16.4,18.0
0,2024-02-29,16.79,35943.66,41825.05,17.9,19.1
0,2024-03-01,8.10,7297.46,41916.88,13.0,16.0
0,2024-03-02,8.82,10800.00,42009.06,10.0,11.5
0,2024-03-03,10.88,9318.71,42101.51,12.4,15.7
0,2024-03-04,15.04,31424.65,42194.18,18.4,19.7
0,2024-03-05,16.68,38248.66,42286.98,21.0,21.9
0,2024-03-06,12.64,20445.79,42379.85,15.8,19.3
0,2024-03-07,9.12,9319.33,42472.74,12.8,14.6
0,2024-03-08,16.35,38862.59,42565.55,6.9,8.6
0,2024-03-09,15.65,39600.00,42658.24,8.8,10.1
0,2024-03-10,18.19,36512.76,42750.72,9.3,10.2
0,2024-03-11,11.05,13177.69,42842.94,14.2,17.7
0,2024-03-12,23.15,40411.83,42934.83,8.4,12.8
0,2024-03-13,21.97,36539.06,43026.44,9.2,10.9
0,2024-03-14,19.43,34554.60,43118.44,11.4,14.4
0,2024-03-15,16.42,25127.90,43210.90,13.2,14.2
0,2024-03-16,9.99,9097.39,43303.77,14.6,16.2
0,2024-03-17,15.29,29646.41,43396.97,17.0,19.2
0,2024-03-18,19.79,36461.88,43490.44,14.9,17.4
0,2024-03-19,9.05,8973.35,43584.14,13.1,17.9
0,2024-03-20,23.85,40800.35,43677.98,6.3,7.9
0,2024-03-21,24.06,41041.78,43771.92,9.1,11.4
0,2024-03-22,20.87,36373.85,43865.89,12.1,15.8
0,2024-03-23,20.14,34043.83,43959.84,17.1,19.1
0,2024-03-24,21.40,40487.78,44053.70,19.8,20.3
0,2024-03-25,22.90,39600.00,44147.41,20.9,21.2
0,2024-03-26,16.52,30440.58,44240.91,14.8,22.0
0,2024-03-27,22.70,39600.00,44334.14,12.6,13.8
0,2024-03-28,14.45,23757.93,44427.03,18.1,21.1
0,2024-03-29,17.60,32370.85,44519.53,18.5,20.1
0,2024-03-30,12.50,10145.66,44611.57,19.7,21.5
0,2024-03-31,10.65,16234.56,44703.08,21.0,22.8
0,2024-04-01,23.46,36780.58,44794.01,18.7,20.9
0,2024-04-02,18.35,35413.58,44884.40,22.1,22.9
0,2024-04-03,21.79,41235.52,44974.88,22.4,22.9
0,2024-04-04,21.29,33767.77,45065.51,22.3,23.2
0,2024-04-05,15.38,21536.86,45156.25,21.2,22.8
0,2024-04-06,13.14,22316.14,45247.01,21.0,21.8
0,2024-04-07,8.70,4323.82,45337.75,21.5,22.3
0,2024-04-08,6.63,1969.83,45428.41,20.7,21.9
0,2024-04-09,17.71,34128.86,45518.92,15.7,19.7
0,2024-04-10,20.24,39805.80,45609.22,15.4,17.1
0,2024-04-11,22.82,42972.76,45699.26,17.7,18.4
0,2024-04-12,22.67,35108.67,45788.95,19.2,21.1
0,2024-04-13,20.78,35564.18,45878.25,21.2,22.1
0,2024-04-14,13.65,16868.51,45967.08,22.6,23.1
0,2024-04-15,16.45,29342.88,46055.39,21.6,22.5
0,2024-04-16,17.63,25864.65,46143.10,22.2,23.0
0,2024-04-17,23.22,36841.76,46230.14,22.1,23.4
0,2024-04-18,22.28,45026.76,46316.44,17.4,20.7
0,2024-04-19,24.60,42983.19,46401.94,16.9,18.3
0,2024-04-20,21.61,34906.24,46486.56,21.2,23.4
0,2024-04-21,23.32,39481.27,46570.23,23.8,24.2
0,2024-04-22,17.51,27182.17,46652.98,22.8,24.8
0,2024-04-23,14.54,21633.46,46735.43,21.9,23.3
0,2024-04-24,14.39,16079.59,46817.62,19.4,22.7
0,2024-04-25,17.92,22012.87,46899.50,21.1,22.8
0,2024-04-26,16.12,27620.59,46981.01,22.4,23.2
0,2024-04-27,22.87,40025.17,47062.06,23.0,23.9
0,2024-04-28,21.92,29430.92,47142.61,23.7,25.1
0,2024-04-29,20.82,41816.20,47222.57,23.6,24.6
0,2024-04-30,21.94,42658.90,47301.90,24.2,24.9
0,2024-05-01,19.77,31679.09,47380.50,19.9,22.9
0,2024-05-02,8.07,8394.34,47458.32,20.1,21.1
0,2024-05-03,23.65,46514.48,47535.28,20.9,21.5
0,2024-05-04,25.35,46726.90,47611.31,21.1,21.5
0,2024-05-05,25.92,45808.98,47686.34,22.3,23.3
0,2024-05-06,23.09,39946.32,47760.29,23.1,24.4
0,2024-05-07,26.01,43518.52,47833.07,19.4,22.3
0,2024-05-08,24.83,46800.00,47904.62,15.8,18.8
0,2024-05-09,24.24,46020.58,47974.86,15.2,16.5
0,2024-05-10,23.99,45192.81,48043.70,16.7,19.5
0,2024-05-11,20.92,32400.00,48111.07,20.4,22.8
0,2024-05-12,21.78,31882.30,48176.98,23.0,24.1
0,2024-05-13,10.92,4079.97,48241.96,20.0,22.7
0,2024-05-14,12.35,10258.75,48306.05,19.0,20.0
0,2024-05-15,27.54,46800.00,48369.21,18.3,20.1
0,2024-05-16,28.68,46800.00,48431.35,15.5,16.4
0,2024-05-17,22.66,39600.00,48492.42,18.2,21.3
0,2024-05-18,17.74,33014.14,48552.37,20.8,21.6
0,2024-05-19,26.65,46800.00,48611.13,20.7,21.6
0,2024-05-20,21.31,28800.00,48668.63,20.9,22.0
0,2024-05-21,4.18,4997.40,48724.81,22.9,23.9
0,2024-05-22,13.35,17304.59,48779.62,24.3,24.8
0,2024-05-23,14.51,15239.32,48832.97,24.2,25.4
0,2024-05-24,13.84,11951.37,48884.80,23.8,25.1
0,2024-05-25,14.61,15195.68,48935.05,24.1,25.0
0,2024-05-26,12.89,12426.10,48983.66,24.5,25.1
0,2024-05-27,10.93,7719.08,49030.55,24.4,25.8
0,2024-05-28,15.03,21240.78,49075.65,22.3,25.6
0,2024-05-29,27.03,46800.00,49118.91,21.2,22.7
0,2024-05-30,23.52,46800.00,49160.25,23.9,25.2
0,2024-05-31,21.82,36000.00,49199.60,25.1,26.9
0,2024-06-01,15.84,22659.93,49236.95,22.8,25.0
0,2024-06-02,8.74,4643.05,49272.63,19.5,21.9
0,2024-06-03,15.93,29913.92,49306.66,17.9,18.7
0,2024-06-04,28.78,46800.00,49339.03,18.1,19.4
0,2024-06-05,25.07,39825.31,49369.69,17.7,18.7
0,2024-06-06,15.71,23144.66,49398.62,20.1,21.2
0,2024-06-07,22.87,40030.45,49425.80,21.6,23.1
0,2024-06-08,18.19,23267.50,49451.19,24.1,25.3
0,2024-06-09,16.29,18000.00,49474.76,23.9,24.9
0,2024-06-10,17.08,30495.08,49496.48,24.2,24.8
0,2024-06-11,4.99,0.00,49516.34,24.4,25.1
0,2024-06-12,6.96,396.95,49534.30,24.5,25.6
0,2024-06-13,10.18,6523.43,49550.34,24.4,25.0
0,2024-06-14,9.47,8949.74,49564.43,25.1,25.9
0,2024-06-15,12.48,8771.77,49576.55,25.3,26.6
0,2024-06-16,19.86,26449.39,49586.67,25.3,25.9
0,2024-06-17,14.40,15164.59,49594.77,25.2,26.0
0,2024-06-18,4.39,454.98,49600.83,24.2,24.9
0,2024-06-19,19.07,26306.40,49604.81,25.7,26.1
0,2024-06-20,25.23,44981.27,49606.72,25.8,26.3
0,2024-06-21,27.10,46800.00,49606.51,26.3,26.8
0,2024-06-22,26.84,46800.00,49604.17,26.5,26.9
0,2024-06-23,27.51,46800.00,49599.72,26.3,26.8
0,2024-06-24,27.95,46800.00,49593.19,26.0,26.6
0,2024-06-25,27.15,46800.00,49584.60,25.7,26.3
0,2024-06-26,27.70,46800.00,49573.98,25.1,25.6
0,2024-06-27,26.76,46800.00,49561.35,24.9,25.5
0,2024-06-28,25.53,45820.40,49546.76,25.8,26.2
0,2024-06-29,26.42,46800.00,49530.22,25.4,26.1
0,2024-06-30,26.49,46800.00,49511.77,25.7,26.1
0,2024-07-01,27.45,46800.00,49491.44,25.8,26.4
0,2024-07-02,26.81,46800.00,49469.26,25.7,26.2
0,2024-07-03,26.36,46800.00,49445.25,26.0,26.7
0,2024-07-04,27.84,46800.00,49419.46,25.5,26.1
0,2024-07-05,27.19,46800.00,49391.91,25.1,25.7
0,2024-07-06,27.97,46800.00,49362.64,25.3,26.7
0,2024-07-07,25.01,46800.00,49331.69,25.3,25.9
0,2024-07-08,27.00,46800.00,49299.07,24.5,26.3
0,2024-07-09,23.89,46800.00,49264.84,25.5,26.1
0,2024-07-10,24.91,46007.68,49229.01,25.8,26.3
0,2024-07-11,25.52,46800.00,49191.56,25.5,26.1
0,2024-07-12,25.26,46800.00,49152.15,25.6,26.1
0,2024-07-13,26.66,46800.00,49110.77,25.1,26.4
0,2024-07-14,27.25,46800.00,49067.49,24.9,25.6
0,2024-07-15,28.13,46800.00,49022.38,24.1,25.2
0,2024-07-16,23.63,39600.00,48975.52,24.9,25.7
0,2024-07-17,25.99,46800.00,48926.97,25.6,26.2
0,2024-07-18,26.76,46800.00,48876.79,25.4,26.2
0,2024-07-19,26.28,46800.00,48825.07,25.2,25.8
0,2024-07-20,27.52,46800.00,48771.87,24.7,25.8
0,2024-07-21,26.86,46800.00,48717.24,24.3,25.1
0,2024-07-22,25.81,46800.00,48661.27,24.7,25.2
0,2024-07-23,20.12,35236.15,48604.01,24.9,25.4
0,2024-07-24,12.20,10659.17,48545.55,25.1,25.9
0,2024-07-25,14.51,18993.24,48485.92,25.0,25.5
0,2024-07-26,8.54,1682.29,48425.21,25.3,25.9
0,2024-07-27,26.38,45280.75,48363.47,25.4,26.0
0,2024-07-28,26.24,46800.00,48300.76,24.9,25.5
0,2024-07-29,26.86,46800.00,48237.17,25.5,25.9
0,2024-07-30,26.64,46800.00,48172.72,25.8,26.2
0,2024-07-31,25.27,46800.00,48107.40,26.0,26.4
0,2024-08-01,25.70,46800.00,48040.66,25.8,26.4
0,2024-08-02,25.30,46800.00,47972.48,25.3,25.9
0,2024-08-03,27.04,46781.39,47902.95,25.2,25.8
0,2024-08-04,25.77,46247.87,47832.14,24.8,25.7
0,2024-08-05,18.54,23862.92,47760.14,25.6,26.3
0,2024-08-06,22.09,42394.33,47687.01,26.1,27.0
0,2024-08-07,22.20,35865.43,47612.83,26.2,26.8
0,2024-08-08,23.39,46636.60,47537.68,26.1,27.3
0,2024-08-09,25.30,46607.88,47461.63,25.2,26.2
0,2024-08-10,25.67,46579.28,47384.74,25.0,26.5
0,2024-08-11,24.93,46550.80,47307.10,25.1,26.3
0,2024-08-12,21.90,46522.48,47228.77,24.9,26.0
0,2024-08-13,25.46,46494.31,47149.81,24.3,25.0
0,2024-08-14,22.83,34070.73,47070.30,25.1,26.0
0,2024-08-15,18.31,34934.84,46990.30,25.1,25.8
0,2024-08-16,21.40,45732.37,46909.88,24.3,25.3
0,2024-08-17,20.21,34693.15,46829.09,25.3,26.0
0,2024-08-18,23.06,44217.40,46748.01,25.0,25.9
0,2024-08-19,20.57,46200.23,46666.69,24.5,25.3
0,2024-08-20,24.18,45123.24,46585.08,25.6,26.3
0,2024-08-21,20.61,36455.64,46502.60,25.9,26.4
0,2024-08-22,25.19,45955.47,46419.21,25.9,26.3
0,2024-08-23,20.03,35805.49,46334.98,25.5,26.1
0,2024-08-24,17.97,33001.37,46249.97,25.2,25.7
0,2024-08-25,23.35,45703.04,46164.26,25.5,25.9
0,2024-08-26,22.92,45617.48,46077.90,25.0,25.6
0,2024-08-27,22.23,40214.07,45990.98,24.7,25.7
0,2024-08-28,20.30,42497.80,45903.53,25.4,26.3
0,2024-08-29,18.44,42890.01,45815.65,25.7,26.4
0,2024-08-30,24.12,45175.61,45727.38,25.7,26.3
0,2024-08-31,24.00,45181.80,45638.78,24.5,26.5
0,2024-09-01,22.49,45093.52,45549.92,22.0,24.5
0,2024-09-02,22.47,41798.10,45460.85,22.8,24.6
0,2024-09-03,23.01,41607.60,45371.64,25.0,25.5
0,2024-09-04,21.75,43938.12,45282.34,25.0,25.6
0,2024-09-05,23.52,42176.19,45193.01,24.4,25.4
0,2024-09-06,20.83,40299.16,45103.71,24.4,25.5
0,2024-09-07,22.86,40202.60,45014.49,24.6,25.1
0,2024-09-08,19.45,36000.00,44925.40,24.3,25.2
0,2024-09-09,12.33,15969.42,44836.40,25.0,25.8
0,2024-09-10,16.47,27816.60,44746.90,25.6,26.3
0,2024-09-11,6.56,6304.85,44656.83,25.0,26.0
0,2024-09-12,23.15,37592.53,44566.26,23.6,24.3
0,2024-09-13,13.42,18460.09,44475.24,24.5,25.2
0,2024-09-14,16.72,29431.95,44383.85,25.6,26.3
0,2024-09-15,16.79,37523.26,44292.13,25.4,26.0
0,2024-09-16,20.27,42132.29,44200.15,25.0,26.6
0,2024-09-17,21.47,38087.53,44107.96,24.5,25.0
0,2024-09-18,15.06,31837.60,44015.62,25.2,26.4
0,2024-09-19,13.20,21440.84,43923.19,25.3,26.1
0,2024-09-20,20.48,40735.18,43830.73,25.1,25.6
0,2024-09-21,20.54,39723.66,43738.29,25.2,25.6
0,2024-09-22,19.74,38349.72,43645.92,25.0,25.9
0,2024-09-23,18.18,28800.00,43553.69,25.2,26.1
0,2024-09-24,11.58,20835.01,43461.65,24.3,25.0
0,2024-09-25,16.70,36641.50,43369.87,24.6,25.2
0,2024-09-26,20.22,38552.75,43278.38,24.0,24.9
0,2024-09-27,18.32,28736.43,43187.26,24.3,25.0
0,2024-09-28,8.12,0.00,43096.55,24.3,25.1
0,2024-09-29,9.68,6097.44,43006.21,24.3,25.2
0,2024-09-30,18.22,36753.91,42915.59,24.7,25.2
0,2024-10-01,19.87,36000.00,42824.64,25.0,25.6
0,2024-10-02,11.14,20985.82,42733.43,24.1,25.8
0,2024-10-03,16.41,27027.55,42642.02,24.3,25.8
0,2024-10-04,6.75,4026.70,42550.48,24.2,25.0
0,2024-10-05,17.55,40173.92,42458.85,23.7,25.1
0,2024-10-06,20.19,40189.30,42367.22,23.5,24.0
0,2024-10-07,19.78,40463.04,42275.64,23.7,24.3
0,2024-10-08,17.59,39703.99,42184.17,21.0,23.8
0,2024-10-09,18.44,39600.00,42092.90,19.3,19.9
0,2024-10-10,20.29,40253.17,42001.87,18.2,20.1
0,2024-10-11,20.53,40010.60,41911.16,19.8,21.2
0,2024-10-12,19.50,39767.68,41820.82,20.4,21.5
0,2024-10-13,19.31,40008.47,41730.94,20.6,21.6
0,2024-10-14,19.65,36604.26,41641.57,22.0,23.7
0,2024-10-15,15.44,35014.35,41552.79,23.9,24.9
0,2024-10-16,17.91,39625.56,41464.66,23.9,24.5
0,2024-10-17,18.55,39334.28,41377.26,24.1,24.7
0,2024-10-18,18.33,39550.71,41290.66,23.4,24.4
0,2024-10-19,18.60,39253.80,41204.80,23.6,24.2
0,2024-10-20,18.20,39219.25,41118.99,23.3,23.9
0,2024-10-21,18.22,39185.44,41033.15,23.5,23.8
0,2024-10-22,18.10,39069.79,40947.37,23.7,24.4
0,2024-10-23,16.65,29552.24,40861.73,23.2,24.5
0,2024-10-24,2.29,0.00,40776.30,24.3,24.9
0,2024-10-25,6.77,7359.69,40691.15,23.5,24.5
0,2024-10-26,17.70,38869.31,40606.37,23.1,23.5
0,2024-10-27,18.15,38821.13,40522.03,22.9,23.5
0,2024-10-28,17.42,37553.11,40438.21,22.7,23.6
0,2024-10-29,7.55,8037.19,40355.00,24.1,24.6
0,2024-10-30,14.08,30978.68,40272.48,24.6,25.7
0,2024-10-31,12.01,34654.55,40190.72,24.9,25.4
0,2024-11-01,16.87,37183.76,40109.83,25.4,26.2
0,2024-11-02,14.96,34089.32,40029.88,21.8,23.5
0,2024-11-03,15.44,37444.71,39950.95,20.6,22.3
0,2024-11-04,16.12,37469.10,39873.16,21.4,22.5
0,2024-11-05,15.53,36950.47,39796.56,18.3,21.0
0,2024-11-06,13.02,32859.86,39721.27,14.1,15.7
0,2024-11-07,6.02,1264.72,39647.39,19.3,21.7
0,2024-11-08,4.11,128.86,39574.86,23.1,24.1
0,2024-11-09,11.31,33890.25,39502.97,23.2,23.8
0,2024-11-10,13.20,33843.53,39431.67,23.6,24.2
0,2024-11-11,15.07,36248.27,39361.02,23.3,23.9
0,2024-11-12,11.15,23537.10,39291.13,22.3,23.7
0,2024-11-13,6.35,7726.79,39222.06,22.8,23.2
0,2024-11-14,14.61,32971.10,39153.91,23.6,24.2
0,2024-11-15,12.94,29779.15,39086.74,23.6,24.7
0,2024-11-16,10.99,23940.10,39020.67,23.0,24.4
0,2024-11-17,9.73,24557.82,38955.75,21.8,23.9
0,2024-11-18,10.84,24517.42,38892.10,15.8,18.1
0,2024-11-19,6.07,7559.35,38829.78,17.8,18.9
0,2024-11-20,9.65,23770.54,38768.90,18.3,19.4
0,2024-11-21,10.35,20489.07,38709.55,18.5,19.0
0,2024-11-22,11.53,30060.77,38651.82,15.7,19.0
0,2024-11-23,13.76,36960.50,38595.79,14.0,15.3
0,2024-11-24,14.16,36407.51,38541.58,14.3,16.6
0,2024-11-25,13.26,36133.13,38489.25,17.4,18.3
0,2024-11-26,10.88,30855.13,38438.93,16.1,19.9
0,2024-11-27,15.11,34214.95,38390.70,10.9,12.6
0,2024-11-28,10.84,31027.02,38344.56,9.5,10.6
0,2024-11-29,13.79,34550.01,38299.95,9.1,10.7
0,2024-11-30,10.84,31266.08,38256.85,10.9,12.6
0,2024-12-01,15.29,36746.60,38215.29,12.6,13.8
0,2024-12-02,15.52,36419.93,38175.33,14.2,15.6
0,2024-12-03,13.94,36091.63,38137.03,14.9,16.1
0,2024-12-04,14.63,36617.28,38100.43,13.5,15.0
0,2024-12-05,11.10,22322.22,38065.60,13.2,14.9
0,2024-12-06,9.83,21335.06,38032.58,16.3,18.1
0,2024-12-07,4.65,0.00,38001.43,17.0,18.4
0,2024-12-08,7.70,11197.30,37972.20,11.1,13.7
0,2024-12-09,12.54,35399.01,37944.95,11.2,12.5
0,2024-12-10,12.70,36058.24,37919.73,13.7,15.2
0,2024-12-11,7.55,13707.95,37896.58,15.9,18.1
0,2024-12-12,12.68,33676.02,37875.57,15.2,16.4
0,2024-12-13,12.30,32400.00,37856.74,14.8,17.2
0,2024-12-14,7.45,12885.39,37840.14,10.7,12.7
0,2024-12-15,13.87,33348.77,37825.83,9.2,10.4
0,2024-12-16,12.39,27598.23,37813.85,9.7,11.2
0,2024-12-17,14.31,33906.18,37804.25,11.0,12.0
0,2024-12-18,7.28,5006.17,37797.06,10.2,13.1
0,2024-12-19,8.71,21060.76,37792.17,8.5,12.1
0,2024-12-20,13.24,35284.66,37789.55,11.8,13.3
0,2024-12-21,11.90,26865.26,37789.17,11.8,14.1
0,2024-12-22,7.44,10857.11,37791.02,8.9,10.1
0,2024-12-23,9.76,20267.55,37795.08,9.6,10.8
0,2024-12-24,8.14,12975.25,37801.32,11.3,12.9
0,2024-12-25,14.90,34660.24,37809.72,12.9,15.6
0,2024-12-26,4.65,4873.80,37820.27,14.1,17.5
0,2024-12-27,8.44,18137.33,37832.94,10.8,12.5
0,2024-12-28,8.10,14425.27,37847.70,7.4,9.7
0,2024-12-29,10.67,31048.90,37864.54,7.4,10.5
0,2024-12-30,12.36,31250.57,37883.42,13.3,16.8
0,2024-12-31,7.33,12076.66,37904.32,10.2,14.6
0,2025-01-01,9.06,25163.08,37927.22,11.0,13.5
0,2025-01-02,3.30,0.00,37952.08,13.9,15.4
0,2025-01-03,5.30,3754.60,37978.88,9.7,11.5
0,2025-01-04,14.72,35784.08,38007.60,8.6,12.3
0,2025-01-05,8.49,16127.20,38038.20,14.8,17.0
0,2025-01-06,13.00,30980.78,38070.65,9.4,14.7
0,2025-01-07,11.63,32978.35,38105.01,7.4,8.8
0,2025-01-08,12.63,35378.61,38141.65,8.1,9.3
0,2025-01-09,7.38,12342.27,38180.58,7.5,9.5
0,2025-01-10,6.53,7917.91,38221.70,6.7,8.0
0,2025-01-11,11.56,32146.16,38264.93,8.6,9.9
0,2025-01-12,15.23,32810.95,38310.20,5.5,8.1
0,2025-01-13,12.32,36169.87,38357.41,7.0,9.5
0,2025-01-14,13.79,35650.02,38406.47,10.5,13.0
0,2025-01-15,3.93,1909.38,38457.31,10.7,13.8
0,2025-01-16,14.22,36103.37,38509.85,8.0,9.1
0,2025-01-17,14.69,37178.85,38563.99,8.7,9.1
0,2025-01-18,15.78,35840.26,38619.67,8.5,11.8
0,2025-01-19,3.60,807.28,38676.79,15.0,16.5
0,2025-01-20,14.14,37851.61,38735.28,12.1,14.0
0,2025-01-21,16.62,37886.93,38795.06,10.4,11.0
0,2025-01-22,14.71,33641.20,38856.06,10.7,12.1
0,2025-01-23,7.45,15156.34,38918.18,15.2,16.8
0,2025-01-24,11.85,23322.65,38981.35,17.6,18.6
0,2025-01-25,9.80,21665.96,39045.51,15.0,17.0
0,2025-01-26,12.27,28055.48,39110.58,14.3,15.2
0,2025-01-27,4.46,0.00,39176.61,8.2,11.6
0,2025-01-28,11.66,28416.54,39244.29,5.0,6.0
0,2025-01-29,11.79,27635.22,39313.64,5.6,6.7
0,2025-01-30,17.33,36111.18,39384.57,7.4,9.4
0,2025-01-31,7.11,10831.39,39456.97,12.8,15.6
0,2025-02-01,8.10,13306.96,39530.75,16.8,18.4
0,2025-02-02,12.57,23800.77,39605.81,13.9,15.3
0,2025-02-03,6.66,792.12,39682.06,9.4,12.9
0,2025-02-04,11.74,25840.53,39759.39,3.9,5.4
0,2025-02-05,11.67,24490.43,39837.74,4.7,6.4
0,2025-02-06,9.76,12642.22,39916.99,8.5,9.9
0,2025-02-07,3.90,0.00,39997.06,7.1,9.2
0,2025-02-08,8.24,1617.99,40077.86,4.9,6.6
0,2025-02-09,11.54,24749.38,40159.32,7.0,8.4
0,2025-02-10,15.23,35257.81,40241.33,8.3,11.2
0,2025-02-11,13.42,29906.93,40323.83,11.5,13.4
0,2025-02-12,7.37,3600.00,40406.72,15.7,18.3
0,2025-02-13,4.32,1421.20,40489.93,11.3,14.1
0,2025-02-14,17.33,36000.00,40573.37,11.5,13.3
0,2025-02-15,11.03,19369.76,40656.97,16.9,20.0
0,2025-02-16,16.36,37856.49,40740.78,15.0,20.1
0,2025-02-17,19.76,36249.65,40825.56,9.0,9.7
0,2025-02-18,12.12,21887.45,40911.34,7.2,9.4
0,2025-02-19,15.50,35670.08,40998.05,7.1,8.4
0,2025-02-20,8.33,3405.03,41085.61,11.0,14.1
0,2025-02-21,5.41,6651.13,41173.93,11.1,14.3
0,2025-02-22,16.08,32073.58,41262.94,9.6,11.4
0,2025-02-23,5.27,0.00,41352.56,9.5,10.9
0,2025-02-24,10.87,15209.87,41442.71,5.0,5.9
0,2025-02-25,18.35,36047.31,41533.33,6.9,9.6
0,2025-02-26,13.81,24033.28,41624.31,11.3,13.0
0,2025-02-27,12.34,28068.79,41715.61,14.0,16.2
0,2025-02-28,17.77,36303.21,41807.14,17.6,18.3
0,2025-03-01,19.48,36000.00,41898.83,18.3,19.9
0,2025-03-02,18.00,35262.11,41990.61,19.9,20.5
0,2025-03-03,17.13,35709.44,42082.40,20.8,21.2
0,2025-03-04,15.50,30900.19,42174.15,19.3,20.8
0,2025-03-05,8.42,4415.36,42265.78,16.7,19.1
0,2025-03-06,4.36,0.00,42357.21,12.8,15.6
0,2025-03-07,12.31,16496.15,42448.38,9.9,13.1
0,2025-03-08,8.97,6166.94,42539.35,14.1,15.7
0,2025-03-09,16.70,38307.13,42630.80,16.1,16.8
0,2025-03-10,17.92,39677.55,42722.80,17.1,17.9
0,2025-03-11,18.95,39600.00,42815.29,18.3,19.1
0,2025-03-12,18.33,36045.52,42908.19,19.4,20.5
0,2025-03-13,13.75,20710.21,43001.46,20.2,20.7
0,2025-03-14,8.35,10780.17,43095.02,19.8,21.1
0,2025-03-15,6.43,1718.45,43188.81,18.5,20.7
0,2025-03-16,8.05,6312.89,43282.77,9.4,15.5
0,2025-03-17,13.43,20984.74,43376.84,5.9,6.6
0,2025-03-18,10.39,11389.13,43470.95,5.2,6.7
0,2025-03-19,15.97,28925.10,43565.05,6.6,7.8
0,2025-03-20,16.19,34828.06,43659.07,7.4,9.3
0,2025-03-21,22.36,40804.10,43752.95,7.6,9.1
0,2025-03-22,24.40,41031.88,43846.62,8.5,11.2
0,2025-03-23,23.91,41017.68,43940.04,11.9,14.4
0,2025-03-24,20.00,40491.79,44033.12,17.0,18.3
0,2025-03-25,21.47,40427.74,44125.81,18.9,20.7
0,2025-03-26,19.24,35980.75,44218.06,21.7,22.1
0,2025-03-27,15.76,24711.19,44309.78,22.0,22.8
0,2025-03-28,10.22,4087.74,44401.04,15.7,21.1
0,2025-03-29,11.72,13295.30,44492.47,12.2,13.3
0,2025-03-30,6.99,0.00,44584.13,12.2,13.3
0,2025-03-31,5.81,0.00,44675.97,15.0,17.5
0,2025-04-01,10.32,11419.57,44767.92,16.6,17.7
0,2025-04-02,15.44,29224.57,44859.93,13.4,16.6
0,2025-04-03,23.08,42786.98,44951.94,10.4,12.1
0,2025-04-04,24.86,39600.00,45043.89,11.0,13.0
0,2025-04-05,11.15,8812.30,45135.72,15.0,17.2
0,2025-04-06,7.62,6604.63,45227.36,15.5,17.8
0,2025-04-07,25.55,43652.11,45318.76,12.5,14.2
0,2025-04-08,22.62,42581.28,45409.85,14.2,15.6
0,2025-04-09,23.41,36000.00,45500.58,15.5,17.8
0,2025-04-10,7.19,6679.14,45590.87,15.5,18.9
0,2025-04-11,25.46,41550.93,45680.66,17.9,19.3
0,2025-04-12,19.98,32827.31,45769.89,19.0,22.0
0,2025-04-13,8.74,5386.23,45858.49,10.7,12.4
0,2025-04-14,26.18,43337.76,45946.38,13.7,16.5
0,2025-04-15,26.28,45159.69,46033.51,11.1,13.3
0,2025-04-16,25.75,36164.92,46119.81,14.1,17.1
0,2025-04-17,16.44,25226.31,46205.31,18.3,21.7
0,2025-04-18,12.66,17402.73,46290.63,18.7,21.2
0,2025-04-19,21.06,30522.54,46375.82,20.7,22.9
0,2025-04-20,17.14,29565.59,46460.83,22.0,23.6
0,2025-04-21,23.74,44197.60,46545.59,20.9,21.6
0,2025-04-22,23.02,34638.47,46630.03,22.6,23.6
0,2025-04-23,14.74,22163.06,46714.09,20.0,23.8
0,2025-04-24,25.02,39205.24,46797.72,16.2,17.6
0,2025-04-25,9.19,5598.17,46880.82,16.3,18.0
0,2025-04-26,14.83,19187.85,46963.35,16.0,17.8
0,2025-04-27,22.46,36725.76,47045.23,19.4,21.8
0,2025-04-28,11.85,18796.17,47126.39,18.4,21.6
0,2025-04-29,26.97,46560.10,47206.76,14.4,16.2
0,2025-04-30,26.74,44578.34,47286.26,16.6,19.6
0,2025-05-01,20.38,37842.90,47364.83,19.8,21.4
0,2025-05-02,27.90,43271.72,47442.38,14.7,17.2
0,2025-05-03,25.85,33020.37,47518.84,19.9,21.3
0,2025-05-04,15.77,25226.55,47594.14,21.8,22.5
0,2025-05-05,13.36,20374.65,47668.18,22.1,23.0
0,2025-05-06,17.67,28029.63,47740.90,19.8,22.7
0,2025-05-07,11.12,8663.87,47812.31,16.6,19.0
0,2025-05-08,17.75,23091.20,47882.98,20.7,23.8
0,2025-05-09,23.36,38472.35,47952.95,24.1,24.7
0,2025-05-10,6.58,3092.59,48022.16,20.5,23.5
0,2025-05-11,9.13,1264.39,48090.55,17.5,20.5
0,2025-05-12,10.49,5600.18,48158.05,16.9,18.1
0,2025-05-13,17.56,28399.36,48224.60,19.6,20.3
0,2025-05-14,26.20,44799.17,48290.13,21.5,22.6
0,2025-05-15,24.75,46800.00,48354.58,23.0,23.5
0,2025-05-16,25.64,46800.00,48417.87,24.0,24.8
0,2025-05-17,26.41,46800.00,48479.94,24.7,25.2
0,2025-05-18,22.74,42410.00,48540.71,24.5,25.1
0,2025-05-19,22.84,43331.31,48600.13,24.6,25.6
0,2025-05-20,25.02,46800.00,48658.11,24.8,25.3
0,2025-05-21,23.75,36000.00,48714.58,25.0,25.3
0,2025-05-22,15.15,30687.93,48769.48,24.0,24.5
0,2025-05-23,21.63,38052.26,48822.72,24.5,25.0
0,2025-05-24,9.07,494.76,48874.23,22.8,24.8
0,2025-05-25,10.38,4018.33,48923.94,18.6,20.7
0,2025-05-26,11.94,12006.31,48971.77,18.3,19.4
0,2025-05-27,26.83,46800.00,49017.74,19.2,19.6
0,2025-05-28,16.73,21436.47,49062.21,21.0,22.3
0,2025-05-29,9.39,4771.48,49105.23,20.8,23.8
0,2025-05-30,28.26,46800.00,49146.76,17.7,19.6
0,2025-05-31,28.31,45989.00,49186.76,17.2,18.7
0,2025-06-01,13.42,12967.65,49225.18,20.3,24.8
0,2025-06-02,22.34,39401.53,49261.99,25.2,25.7
0,2025-06-03,14.18,16791.90,49297.14,23.2,25.4
0,2025-06-04,13.89,17202.88,49330.60,18.8,21.7
0,2025-06-05,23.17,39600.00,49362.32,19.7,22.9
0,2025-06-06,19.54,29961.15,49392.26,24.3,25.3
0,2025-06-07,25.22,44321.96,49420.39,25.6,26.1
0,2025-06-08,25.71,46800.00,49446.66,25.9,26.5
0,2025-06-09,25.59,46800.00,49471.03,25.5,26.2
0,2025-06-10,26.63,46800.00,49493.48,25.6,25.9
0,2025-06-11,27.64,46800.00,49513.94,25.5,26.3
0,2025-06-12,26.25,45648.14,49532.39,25.8,26.3
0,2025-06-13,25.23,43200.00,49548.80,25.4,26.2
0,2025-06-14,15.82,26322.69,49563.12,26.0,26.6
0,2025-06-15,26.32,46800.00,49575.32,26.4,26.7
0,2025-06-16,25.86,46800.00,49585.38,25.4,25.8
0,2025-06-17,25.82,46351.50,49593.37,25.1,25.9
0,2025-06-18,17.32,28466.84,49599.32,25.3,25.8
0,2025-06-19,25.21,45931.15,49603.24,24.5,25.4
0,2025-06-20,26.56,46800.00,49605.14,24.4,25.3
0,2025-06-21,26.34,46800.00,49605.02,24.2,25.3
0,2025-06-22,26.64,46800.00,49602.92,24.9,25.8
0,2025-06-23,25.03,46800.00,49598.83,24.5,25.2
0,2025-06-24,25.57,46800.00,49592.78,24.8,25.9
0,2025-06-25,23.99,46800.00,49584.77,24.7,25.9
0,2025-06-26,25.43,46800.00,49574.83,24.7,25.5
0,2025-06-27,26.93,46800.00,49562.98,24.2,25.1
0,2025-06-28,25.86,43200.00,49549.22,24.4,25.4
0,2025-06-29,24.99,46800.00,49533.58,25.6,26.2
0,2025-06-30,25.79,46800.00,49516.07,25.0,25.6
0,2025-07-01,26.66,46800.00,49496.72,23.1,24.8
0,2025-07-02,26.87,46800.00,49475.54,22.1,23.3
0,2025-07-03,25.37,46800.00,49452.56,22.6,23.4
0,2025-07-04,22.67,46800.00,49427.79,23.7,24.9
0,2025-07-05,23.24,35435.05,49401.25,24.0,24.8
0,2025-07-06,22.24,39111.73,49372.92,24.8,25.7
0,2025-07-07,18.68,32638.69,49342.52,25.0,25.6
0,2025-07-08,12.46,10834.32,49310.06,24.4,25.5
0,2025-07-09,22.15,36000.00,49275.60,24.3,25.3
0,2025-07-10,22.41,40614.29,49239.21,25.0,25.6
0,2025-07-11,14.40,15657.60,49200.94,25.1,25.9
0,2025-07-12,24.81,43200.00,49160.85,26.3,26.8
0,2025-07-13,24.06,41128.74,49119.02,25.6,26.7
0,2025-07-14,25.30,46800.00,49075.50,24.8,25.5
0,2025-07-15,21.86,33968.48,49030.35,25.3,26.3
0,2025-07-16,25.41,46800.00,48983.63,25.7,26.4
0,2025-07-17,19.02,33471.10,48935.41,25.0,25.8
0,2025-07-18,22.08,38802.57,48885.74,25.0,25.4
0,2025-07-19,24.39,43460.21,48834.70,25.0,25.6
0,2025-07-20,22.64,46800.00,48782.33,24.7,25.6
0,2025-07-21,23.95,46800.00,48728.69,24.3,24.7
0,2025-07-22,25.91,45770.74,48673.85,24.5,25.1
0,2025-07-23,19.79,35252.23,48617.86,24.3,25.4
0,2025-07-24,14.82,23666.96,48560.78,25.2,26.4
0,2025-07-25,18.51,30401.59,48502.67,25.6,26.2
0,2025-07-26,12.16,11778.11,48443.49,25.7,26.7
0,2025-07-27,11.38,21372.06,48382.74,25.5,26.5
0,2025-07-28,20.33,42227.90,48320.40,25.4,26.3
0,2025-07-29,22.89,46181.89,48256.56,25.2,25.6
0,2025-07-30,17.86,30565.32,48191.30,26.1,26.8
0,2025-07-31,19.09,37950.98,48124.67,26.1,26.6
0,2025-08-01,22.39,46649.80,48056.78,26.0,26.4
0,2025-08-02,23.44,46800.00,47987.70,25.7,26.4
0,2025-08-03,25.07,46788.12,47917.49,26.3,26.9
0,2025-08-04,19.24,38057.27,47846.24,25.7,27.1
0,2025-08-05,23.40,46729.16,47774.01,25.2,25.7
0,2025-08-06,26.18,46699.81,47700.87,25.2,25.6
0,2025-08-07,26.79,46670.58,47626.90,24.9,25.5
0,2025-08-08,21.73,43613.65,47552.17,25.6,26.0
0,2025-08-09,25.19,46612.58,47476.74,25.6,26.1
0,2025-08-10,24.98,46583.85,47400.68,25.2,25.6
0,2025-08-11,25.88,46555.33,47324.05,24.5,25.5
0,2025-08-12,25.15,46527.05,47246.92,24.5,25.0
0,2025-08-13,25.27,46499.03,47169.37,24.5,24.8
0,2025-08-14,24.40,43939.94,47091.44,24.2,24.7
0,2025-08-15,25.45,44740.95,47013.08,23.1,23.8
0,2025-08-16,24.28,46416.52,46933.73,23.6,24.4
0,2025-08-17,24.47,45017.47,46853.35,23.8,24.4
0,2025-08-18,21.25,35962.72,46772.00,23.1,23.8
0,2025-08-19,20.91,42341.42,46689.76,24.2,24.6
0,2025-08-20,25.29,46141.14,46606.70,24.8,25.3
0,2025-08-21,25.20,45615.78,46522.89,25.0,25.5
0,2025-08-22,21.98,45974.56,46438.40,25.4,26.1
0,2025-08-23,23.46,45890.29,46353.29,24.6,25.3
0,2025-08-24,24.14,45805.44,46267.64,24.7,25.4
0,2025-08-25,22.51,42580.83,46181.49,24.5,25.2
0,2025-08-26,24.23,45634.27,46094.93,23.8,24.4
0,2025-08-27,24.67,45548.07,46008.01,22.9,23.9
0,2025-08-28,21.76,45254.36,45920.79,23.6,24.3
0,2025-08-29,23.65,39915.72,45833.34,23.5,24.7
0,2025-08-30,18.31,38346.63,45745.71,24.6,25.0
0,2025-08-31,18.54,42922.34,45657.97,24.3,24.8
0,2025-09-01,24.30,45113.37,45570.17,23.9,25.3
0,2025-09-02,21.81,44664.68,45482.37,24.2,24.9
0,2025-09-03,22.50,43889.72,45394.62,24.3,25.1
0,2025-09-04,22.39,44155.83,45306.89,25.2,26.2
0,2025-09-05,23.54,43965.99,45218.55,24.5,25.3
0,2025-09-06,23.65,43490.81,45129.59,24.7,25.3
0,2025-09-07,23.58,43657.46,45040.05,24.5,25.5
0,2025-09-08,21.79,43314.77,44949.99,24.9,25.5
0,2025-09-09,21.86,42586.23,44859.48,25.0,26.3
0,2025-09-10,21.14,34983.61,44768.58,24.6,25.6
0,2025-09-11,16.53,31436.67,44677.34,24.7,26.0
0,2025-09-12,22.46,41945.69,44585.83,23.8,24.2
0,2025-09-13,21.09,41221.25,44494.10,24.5,25.3
0,2025-09-14,21.68,42290.19,44402.21,24.7,25.6
0,2025-09-15,23.26,42078.60,44310.22,24.4,24.8
0,2025-09-16,22.46,42123.49,44218.18,23.6,24.5
0,2025-09-17,22.89,40377.02,44126.15,23.5,24.3
0,2025-09-18,22.28,41220.26,44034.19,23.2,24.1
0,2025-09-19,22.62,41492.03,43942.35,23.4,24.4
0,2025-09-20,21.02,40732.80,43850.69,24.1,24.7
0,2025-09-21,21.83,41328.11,43759.26,24.1,25.2
0,2025-09-22,21.56,41014.21,43668.12,23.7,24.4
0,2025-09-23,22.33,41283.38,43577.32,23.5,24.0
0,2025-09-24,21.95,40528.52,43486.82,23.5,24.1
0,2025-09-25,17.45,40029.56,43395.98,23.9,25.1
0,2025-09-26,21.00,40811.67,43304.76,23.9,25.1
0,2025-09-27,21.37,40569.10,43213.21,23.3,24.1
0,2025-09-28,20.15,40839.39,43121.40,22.9,23.9
0,2025-09-29,18.55,39558.51,43029.40,23.5,24.9
0,2025-09-30,19.56,39211.27,42937.25,23.4,24.5
0,2025-10-01,19.24,40625.65,42845.02,23.6,24.2
0,2025-10-02,20.82,40383.25,42752.77,22.4,24.2
0,2025-10-03,21.84,40655.20,42660.56,22.9,23.7
0,2025-10-04,19.67,40412.94,42568.46,23.5,24.8
0,2025-10-05,20.33,40170.50,42476.53,22.9,24.2
0,2025-10-06,20.01,40443.58,42384.81,22.7,23.3
0,2025-10-07,19.21,40201.22,42293.40,22.1,23.6
0,2025-10-08,19.00,40216.97,42202.34,23.8,24.5
0,2025-10-09,18.95,39974.43,42111.69,23.5,24.5
0,2025-10-10,19.36,39600.00,42021.52,23.4,24.1
0,2025-10-11,17.65,40006.85,41931.90,22.6,23.7
0,2025-10-12,18.34,40023.50,41842.90,22.9,23.8
0,2025-10-13,18.69,39762.26,41754.57,22.8,24.1
0,2025-10-14,19.68,39722.08,41666.86,22.1,23.0
0,2025-10-15,19.02,39682.58,41579.10,22.9,24.0
0,2025-10-16,17.80,38987.92,41491.21,23.2,24.0
0,2025-10-17,19.61,39605.18,41403.28,22.7,23.5
0,2025-10-18,19.23,39306.04,41315.37,22.9,23.5
0,2025-10-19,11.50,19341.77,41227.56,23.5,24.3
0,2025-10-20,4.03,0.00,41139.92,23.6,24.5
0,2025-10-21,3.55,0.00,41052.52,23.0,24.3
0,2025-10-22,6.27,0.00,40965.45,22.6,23.7
0,2025-10-23,8.60,11182.53,40878.77,22.4,23.5
0,2025-10-24,15.49,30185.17,40792.55,22.9,23.7
0,2025-10-25,16.53,36981.15,40706.90,23.4,24.0
0,2025-10-26,13.86,35145.46,40621.87,20.6,23.2
0,2025-10-27,13.88,29510.24,40537.55,18.6,19.9
0,2025-10-28,8.01,8821.00,40454.02,18.9,19.6
0,2025-10-29,15.05,33481.19,40371.36,20.0,21.0
0,2025-10-30,16.12,32400.00,40289.67,19.7,21.6
0,2025-10-31,13.30,31557.90,40209.01,20.5,23.4
0,2025-11-01,17.85,37119.04,40129.49,15.9,17.7
0,2025-11-02,15.70,35913.29,40051.19,14.4,15.8
0,2025-11-03,16.04,34986.05,39974.06,15.9,16.8
0,2025-11-04,15.42,32508.46,39897.38,19.5,21.8
0,2025-11-05,10.22,22166.57,39821.10,20.2,21.3
0,2025-11-06,16.48,37507.03,39745.27,19.9,21.1
0,2025-11-07,15.38,36713.36,39670.01,19.6,20.7
0,2025-11-08,16.91,37551.19,39595.38,19.7,22.0
0,2025-11-09,15.83,37026.48,39521.47,21.9,22.9
0,2025-11-10,6.78,6111.45,39448.36,19.6,21.8
0,2025-11-11,4.46,0.00,39376.15,23.3,24.1
0,2025-11-12,12.25,29609.25,39304.91,24.4,25.3
0,2025-11-13,12.57,29998.33,39234.74,21.8,24.9
0,2025-11-14,14.99,36843.30,39165.73,19.0,19.7
0,2025-11-15,15.05,36859.30,39097.96,18.6,19.3
0,2025-11-16,15.02,32444.43,39031.54,20.1,21.0
0,2025-11-17,8.13,13897.54,38966.56,19.7,21.7
0,2025-11-18,4.48,0.00,38903.10,15.5,17.0
0,2025-11-19,9.40,22405.39,38841.27,13.3,14.7
0,2025-11-20,15.56,32491.56,38781.17,13.4,15.7
0,2025-11-21,7.88,10763.85,38722.90,15.0,16.6
0,2025-11-22,15.32,36389.92,38666.54,14.3,15.6
0,2025-11-23,15.93,36958.83,38612.10,16.0,16.8
0,2025-11-24,15.40,36405.90,38558.94,15.7,17.2
0,2025-11-25,11.74,29077.66,38507.03,12.7,16.8
0,2025-11-26,13.02,35431.79,38456.43,11.7,14.0
0,2025-11-27,8.45,16917.51,38407.20,11.8,13.8
0,2025-11-28,6.08,6499.03,38359.40,11.7,12.9
0,2025-11-29,15.66,36833.03,38313.12,12.9,15.6
0,2025-11-30,15.08,36224.44,38268.40,15.6,16.7
0,2025-12-01,7.75,16073.87,38225.33,18.6,19.9
0,2025-12-02,13.14,32101.92,38183.95,17.5,19.1
0,2025-12-03,13.23,32971.40,38144.35,11.7,14.6
0,2025-12-04,11.56,35764.08,38106.60,10.2,11.8
0,2025-12-05,13.26,36004.63,38070.75,10.1,11.2
0,2025-12-06,13.43,35881.94,38036.87,12.7,14.1
0,2025-12-07,12.51,34805.99,38005.05,13.1,14.4
0,2025-12-08,14.58,36157.48,37975.33,13.6,14.6
0,2025-12-09,14.22,36113.59,37947.80,13.1,14.2
0,2025-12-10,13.63,35782.96,37922.51,14.8,17.3
0,2025-12-11,9.83,27003.36,37899.53,17.6,19.3
0,2025-12-12,13.19,30941.93,37878.93,16.8,18.5
0,2025-12-13,11.97,32795.17,37860.74,17.1,18.7
0,2025-12-14,6.25,15804.47,37844.69,8.5,13.1
0,2025-12-15,14.70,36143.10,37830.77,8.2,9.5
0,2025-12-16,9.37,27168.33,37818.97,13.0,15.2
0,2025-12-17,12.64,35741.80,37809.29,13.6,15.3
0,2025-12-18,13.44,33321.26,37801.73,13.5,14.9
0,2025-12-19,6.17,7200.00,37796.30,17.0,18.9
0,2025-12-20,2.66,0.00,37792.99,19.1,19.8
0,2025-12-21,9.52,21613.41,37791.81,15.8,19.5
0,2025-12-22,8.60,11469.61,37792.76,14.4,17.4
0,2025-12-23,9.89,31041.98,37795.82,18.2,19.0
0,2025-12-24,7.25,16680.57,37801.00,17.2,19.7
0,2025-12-25,5.22,11450.19,37808.29,11.5,15.7
0,2025-12-26,11.53,34065.43,37817.69,9.0,10.0
0,2025-12-27,12.87,33757.99,37829.20,10.8,12.1
0,2025-12-28,11.10,23151.30,37842.80,13.9,15.7
0,2025-12-29,3.43,1113.27,37858.49,14.7,16.4
0,2025-12-30,10.49,28138.38,37876.26,16.3,17.6
0,2025-12-31,9.69,24327.10,37896.11,15.5,17.8
0,2026-01-01,4.46,0.00,37918.01,12.1,15.3
0,2026-01-02,11.72,34792.62,37942.03,6.5,8.7
0,2026-01-03,9.36,32064.18,37968.42,8.2,9.2
0,2026-01-04,13.96,35605.09,37997.17,8.9,11.0
0,2026-01-05,13.24,32972.46,38028.20,12.2,14.9
0,2026-01-06,13.81,35565.65,38061.45,10.6,12.1
0,2026-01-07,13.20,34874.51,38096.85,8.3,10.6
0,2026-01-08,13.95,36226.85,38134.32,7.7,8.2
0,2026-01-09,13.56,35410.49,38173.78,8.7,10.2
0,2026-01-10,12.39,35453.42,38215.17,10.6,12.2
0,2026-01-11,13.75,33994.40,38258.41,7.4,9.5
0,2026-01-12,14.62,35549.33,38303.43,8.0,11.6
0,2026-01-13,11.17,32331.71,38350.17,11.5,14.9
0,2026-01-14,16.46,37337.46,38398.54,9.0,10.4
0,2026-01-15,13.41,35669.15,38448.48,10.4,12.9
0,2026-01-16,15.63,35738.47,38499.92,12.9,13.9
0,2026-01-17,11.42,26948.96,38552.78,14.4,15.0
0,2026-01-18,13.78,35833.01,38607.00,16.8,17.6
0,2026-01-19,12.64,30499.53,38662.51,16.6,18.3
0,2026-01-20,9.72,19515.95,38719.24,12.2,15.2
0,2026-01-21,8.67,15613.73,38777.12,8.6,10.4
0,2026-01-22,11.97,34445.50,38836.21,7.8,9.4
0,2026-01-23,14.37,37474.72,38897.13,8.4,9.8
0,2026-01-24,16.48,36000.00,38959.92,8.5,10.2
0,2026-01-25,14.66,31631.20,39024.47,10.7,12.1
0,2026-01-26,13.31,32400.00,39090.67,13.1,16.2
0,2026-01-27,8.94,12988.10,39158.44,14.5,17.7
0,2026-01-28,15.36,38073.20,39227.67,10.2,12.4
0,2026-01-29,14.23,37229.07,39298.26,8.4,10.7
0,2026-01-30,13.53,36000.00,39370.13,11.8,14.5
0,2026-01-31,7.37,14400.00,39443.17,14.5,17.8
1,2021-01-01,10.41,27977.13,38381.63,9.9,11.6
1,2021-01-02,10.07,17396.74,38404.51,11.4,13.1
1,2021-01-03,11.14,32536.67,38429.17,16.7,18.0
1,2021-01-04,5.56,7554.72,38455.57,18.6,19.9
1,2021-01-05,10.54,28800.00,38483.71,15.5,18.7
1,2021-01-06,9.96,28800.00,38513.54,14.2,15.6
1,2021-01-07,3.97,0.00,38545.02,9.3,13.7
1,2021-01-08,3.26,0.00,38578.22,5.6,7.7
1,2021-01-09,4.63,0.00,38613.51,4.3,5.0
1,2021-01-10,9.63,25394.63,38650.88,7.0,8.7
1,2021-01-11,8.90,24730.18,38690.24,10.7,13.1
1,2021-01-12,4.54,0.00,38731.52,5.8,8.1
1,2021-01-13,13.65,33897.01,38774.64,8.3,9.5
1,2021-01-14,12.99,32980.37,38819.52,11.2,13.6
1,2021-01-15,14.89,36012.27,38866.09,14.2,14.9
1,2021-01-16,12.33,29589.44,38914.26,13.4,15.0
1,2021-01-17,5.52,6178.29,38963.96,8.3,10.9
1,2021-01-18,8.63,13769.44,39015.11,7.6,9.3
1,2021-01-19,6.24,6488.59,39067.63,11.8,13.6
1,2021-01-20,13.58,29350.75,39121.46,16.3,19.0
1,2021-01-21,6.96,5790.52,39176.51,20.3,21.7
1,2021-01-22,5.50,1922.97,39232.71,21.2,22.6
1,2021-01-23,12.71,31513.57,39289.99,16.8,19.7
1,2021-01-24,11.11,23929.46,39348.26,11.9,12.6
1,2021-01-25,17.00,34373.18,39407.48,12.8,13.7
1,2021-01-26,16.41,36000.00,39467.56,15.1,16.1
1,2021-01-27,15.34,36000.00,39528.43,14.2,15.4
1,2021-01-28,9.95,25589.43,39590.16,10.4,14.6
1,2021-01-29,7.93,4145.12,39653.36,6.7,8.4
1,2021-01-30,14.64,32802.50,39718.08,8.2,10.9
1,2021-01-31,16.70,36139.99,39784.22,11.3,14.8
1,2021-02-01,17.36,36707.60,39851.68,14.6,15.7
1,2021-02-02,11.65,31894.90,39920.38,13.5,17.5
1,2021-02-03,18.32,36269.99,39990.24,11.4,12.1
1,2021-02-04,15.57,36073.87,40061.16,11.9,13.2
1,2021-02-05,18.51,37608.10,40133.06,13.3,14.9
1,2021-02-06,18.93,36504.72,40205.86,15.5,16.7
1,2021-02-07,18.21,36992.10,40279.47,16.3,17.5
1,2021-02-08,16.92,36158.80,40353.81,12.5,15.7
1,2021-02-09,15.12,25274.34,40428.79,12.0,13.3
1,2021-02-10,10.82,22438.56,40504.35,16.6,20.5
1,2021-02-11,3.41,1334.36,40580.41,19.4,22.1
1,2021-02-12,16.92,36774.95,40656.88,17.2,17.8
1,2021-02-13,17.33,37254.73,40733.69,17.0,17.8
1,2021-02-14,17.94,38516.85,40810.78,16.6,18.0
1,2021-02-15,18.78,38469.80,40888.05,12.0,13.5
1,2021-02-16,19.70,37034.28,40965.45,12.5,15.8
1,2021-02-17,10.43,23013.10,41043.02,8.3,15.0
1,2021-02-18,12.31,23248.92,41121.44,5.5,6.2
1,2021-02-19,14.88,30773.53,41200.77,7.6,9.9
1,2021-02-20,19.18,40047.79,41280.93,9.7,11.0
1,2021-02-21,19.14,37022.44,41361.85,12.6,15.4
1,2021-02-22,20.45,40205.33,41443.45,14.9,16.2
1,2021-02-23,11.11,29978.40,41525.67,16.3,17.5
1,2021-02-24,12.38,29313.15,41608.43,17.0,18.8
1,2021-02-25,12.38,23047.22,41691.67,19.8,20.9
1,2021-02-26,18.59,38976.08,41775.30,19.0,20.5
1,2021-02-27,15.72,29880.98,41859.27,17.7,18.6
1,2021-02-28,18.41,36661.13,41943.51,16.9,18.0
1,2021-03-01,20.00,36780.82,42027.96,18.7,19.9
1,2021-03-02,6.03,1246.75,42112.54,13.6,17.9
1,2021-03-03,12.83,28390.52,42197.19,13.5,15.8
1,2021-03-04,20.02,37497.05,42281.86,18.0,19.2
1,2021-03-05,12.72,18636.91,42366.47,18.9,20.2
1,2021-03-06,14.10,23995.22,42450.96,20.3,21.2
1,2021-03-07,8.55,14310.72,42535.26,19.8,21.6
1,2021-03-08,14.31,32303.55,42619.31,17.4,18.0
1,2021-03-09,19.99,40432.70,42703.18,17.3,18.2
1,2021-03-10,17.29,40397.79,42787.48,15.9,16.6
1,2021-03-11,19.51,40981.73,42872.28,17.7,19.0
1,2021-03-12,17.61,31317.35,42957.52,16.7,19.7
1,2021-03-13,21.65,37316.18,43043.13,13.2,14.7
1,2021-03-14,18.92,40673.61,43129.06,13.8,16.3
1,2021-03-15,21.20,39452.08,43215.26,16.2,19.0
1,2021-03-16,20.79,41414.38,43301.66,19.6,21.3
1,2021-03-17,18.93,40389.24,43388.20,20.9,21.3
1,2021-03-18,22.40,42597.21,43474.83,19.9,20.7
1,2021-03-19,22.53,42323.36,43561.50,19.7,20.4
1,2021-03-20,21.55,38012.83,43648.14,20.1,20.9
1,2021-03-21,9.90,7907.37,43734.70,13.7,18.6
1,2021-03-22,12.00,13758.62,43821.11,8.2,9.2
1,2021-03-23,14.60,28957.19,43907.33,11.5,16.8
1,2021-03-24,7.08,16646.05,43993.29,16.5,20.0
1,2021-03-25,23.37,42771.31,44078.94,15.9,17.0
1,2021-03-26,20.13,37433.25,44164.21,19.1,20.6
1,2021-03-27,14.43,34384.78,44249.06,21.6,22.0
1,2021-03-28,17.91,38178.67,44333.40,22.7,23.5
1,2021-03-29,20.57,39270.78,44417.31,23.3,25.0
1,2021-03-30,17.33,41140.80,44501.37,22.8,23.5
1,2021-03-31,21.20,38893.26,44585.62,23.2,23.7
1,2021-04-01,14.12,25296.05,44670.02,23.8,24.0
1,2021-04-02,21.23,41966.47,44754.51,23.3,23.8
1,2021-04-03,21.84,39557.47,44839.03,22.3,23.3
1,2021-04-04,14.78,22925.35,44923.55,16.4,20.5
1,2021-04-05,19.17,28800.00,45007.99,13.2,14.5
1,2021-04-06,21.45,36843.42,45092.30,13.5,13.8
1,2021-04-07,18.59,39492.20,45176.42,13.4,13.9
1,2021-04-08,22.92,41146.49,45260.31,14.7,16.0
1,2021-04-09,21.32,33909.21,45343.89,16.8,18.6
1,2021-04-10,18.76,42655.37,45427.12,17.4,18.7
1,2021-04-11,19.00,43157.16,45509.92,19.2,19.8
1,2021-04-12,23.01,43200.00,45592.25,19.8,20.6
1,2021-04-13,24.27,42047.69,45674.04,20.6,21.6
1,2021-04-14,13.22,20028.30,45755.23,20.2,21.2
1,2021-04-15,17.30,34305.72,45835.74,21.3,22.2
1,2021-04-16,19.44,40486.48,45915.53,21.9,22.7
1,2021-04-17,21.19,37333.13,45994.53,17.3,21.3
1,2021-04-18,24.80,39739.96,46072.77,11.9,12.9
1,2021-04-19,19.39,39105.40,46150.82,13.4,14.3
1,2021-04-20,20.17,36013.03,46228.73,15.9,19.0
1,2021-04-21,9.15,885.68,46306.43,20.8,21.7
1,2021-04-22,11.06,17713.04,46383.88,21.9,22.3
1,2021-04-23,10.83,20354.53,46461.01,19.8,22.0
1,2021-04-24,25.19,43726.35,46537.76,17.7,18.2
1,2021-04-25,16.80,30597.39,46614.08,16.4,17.5
1,2021-04-26,24.79,44462.93,46689.90,15.9,16.8
1,2021-04-27,25.22,43855.98,46765.15,15.7,17.1
1,2021-04-28,20.45,36473.13,46839.80,18.0,19.7
1,2021-04-29,17.29,37976.02,46913.74,18.2,19.0
1,2021-04-30,25.75,43897.53,46986.94,19.7,22.7
1,2021-05-01,21.75,28800.00,47059.31,20.8,22.3
1,2021-05-02,24.31,37846.94,47130.80,19.9,21.5
1,2021-05-03,18.01,33359.67,47201.32,19.0,21.5
1,2021-05-04,21.98,37563.02,47270.82,22.7,23.6
1,2021-05-05,15.47,28117.81,47339.22,23.1,24.0
1,2021-05-06,20.06,39716.43,47406.44,24.0,24.4
1,2021-05-07,25.63,46126.87,47472.43,23.5,24.1
1,2021-05-08,22.20,39600.00,47537.19,24.1,24.9
1,2021-05-09,20.12,33080.22,47601.24,23.9,25.5
1,2021-05-10,22.89,42242.76,47664.61,24.8,25.2
1,2021-05-11,24.75,46354.10,47727.25,25.2,25.6
1,2021-05-12,22.69,45547.73,47789.11,24.9,25.2
1,2021-05-13,25.44,46072.18,47850.12,24.8,25.4
1,2021-05-14,26.08,46547.72,47910.22,25.1,25.6
1,2021-05-15,25.25,46575.49,47969.36,25.3,25.6
1,2021-05-16,25.03,45515.99,48027.47,25.5,25.8
1,2021-05-17,24.91,46627.85,48084.49,25.1,25.5
1,2021-05-18,25.94,46652.42,48140.35,25.1,25.5
1,2021-05-19,25.24,46675.90,48195.01,24.8,25.2
1,2021-05-20,23.65,44729.40,48248.37,25.5,25.9
1,2021-05-21,23.26,46719.53,48300.40,25.6,25.8
1,2021-05-22,21.22,37577.01,48351.01,25.4,26.1
1,2021-05-23,24.66,46758.61,48400.15,25.4,25.9
1,2021-05-24,25.87,46776.41,48447.74,25.0,25.4
1,2021-05-25,21.29,46793.03,48493.71,24.2,24.7
1,2021-05-26,27.27,46800.00,48538.01,24.2,25.0
1,2021-05-27,26.22,40231.82,48580.57,25.7,26.4
1,2021-05-28,20.41,33606.45,48621.37,25.3,26.1
1,2021-05-29,19.12,36910.21,48660.78,24.8,25.8
1,2021-05-30,16.66,35036.36,48698.81,25.1,26.3
1,2021-05-31,23.31,46670.87,48735.45,24.3,24.9
1,2021-06-01,17.31,33061.08,48770.64,24.7,25.3
1,2021-06-02,24.47,46800.00,48804.37,25.6,26.4
1,2021-06-03,25.92,46800.00,48836.58,26.1,26.9
1,2021-06-04,21.07,42492.71,48867.25,25.5,26.8
1,2021-06-05,9.36,2959.74,48896.34,25.1,25.8
1,2021-06-06,6.88,492.71,48923.81,24.8,25.5
1,2021-06-07,15.51,19834.87,48949.64,24.7,25.8
1,2021-06-08,16.55,30944.37,48973.78,24.6,25.3
1,2021-06-09,15.61,29359.18,48996.20,24.5,25.3
1,2021-06-10,23.71,46653.79,49016.87,24.6,25.4
1,2021-06-11,26.37,46403.20,49035.75,24.8,25.2
1,2021-06-12,25.65,39600.00,49052.81,25.1,25.4
1,2021-06-13,14.99,25338.36,49068.03,25.5,26.0
1,2021-06-14,24.35,46800.00,49081.36,26.2,26.6
1,2021-06-15,22.84,46800.00,49092.78,26.2,26.5
1,2021-06-16,22.49,47032.39,49102.26,26.7,27.7
1,2021-06-17,26.97,46800.00,49109.76,27.0,27.6
1,2021-06-18,25.80,46800.00,49115.37,27.0,27.7
1,2021-06-19,26.28,46031.97,49119.08,26.7,27.2
1,2021-06-20,24.64,45061.69,49120.90,26.3,26.9
1,2021-06-21,19.94,29428.24,49120.88,26.2,27.2
1,2021-06-22,11.16,7570.23,49119.00,25.3,26.1
1,2021-06-23,10.32,16541.56,49115.29,24.9,25.7
1,2021-06-24,21.11,38047.60,49109.75,24.7,25.8
1,2021-06-25,19.63,43731.21,49102.42,24.5,25.2
1,2021-06-26,21.31,46718.83,49093.30,25.3,26.1
1,2021-06-27,22.01,34289.78,49082.40,25.6,26.3
1,2021-06-28,21.14,36683.32,49069.75,25.9,26.3
1,2021-06-29,13.12,18599.09,49055.38,26.2,26.7
1,2021-06-30,26.22,46590.16,49039.28,26.0,26.7
1,2021-07-01,27.49,46053.18,49021.49,26.0,26.7
1,2021-07-02,26.52,46598.11,49002.03,25.4,26.4
1,2021-07-03,27.31,46727.03,48980.91,25.2,25.6
1,2021-07-04,26.75,47256.75,48958.16,25.1,25.5
1,2021-07-05,26.74,46532.84,48933.79,25.1,25.5
1,2021-07-06,27.14,47212.85,48907.83,25.7,26.1
1,2021-07-07,27.49,46916.20,48880.24,25.8,26.3
1,2021-07-08,27.85,46931.17,48850.77,25.0,26.0
1,2021-07-09,27.14,46873.24,48819.42,25.0,25.5
1,2021-07-10,27.35,46417.03,48786.26,24.8,25.3
1,2021-07-11,26.85,43184.87,48751.32,24.8,25.4
1,2021-07-12,26.72,46807.80,48714.69,24.7,25.1
1,2021-07-13,27.12,46711.25,48676.40,24.4,24.9
1,2021-07-14,25.40,46313.79,48636.53,24.3,24.7
1,2021-07-15,24.25,46286.96,48595.12,24.0,24.8
1,2021-07-16,25.98,46259.85,48552.25,23.6,24.1
1,2021-07-17,26.36,46428.23,48507.96,23.6,24.9
1,2021-07-18,25.35,46205.01,48462.30,24.5,25.4
1,2021-07-19,25.76,46388.18,48415.35,24.5,25.2
1,2021-07-20,22.83,39819.12,48367.15,24.3,24.9
1,2021-07-21,8.97,5635.79,48317.76,25.0,25.8
1,2021-07-22,7.10,329.69,48267.23,25.4,25.9
1,2021-07-23,6.49,3224.27,48215.63,25.4,26.1
1,2021-07-24,13.46,21789.82,48163.00,25.6,27.0
1,2021-07-25,24.29,46012.90,48109.39,26.9,27.5
1,2021-07-26,26.92,44497.97,48054.87,27.3,27.8
1,2021-07-27,23.90,44520.03,47999.39,26.4,26.9
1,2021-07-28,26.79,45610.92,47942.48,25.9,26.5
1,2021-07-29,26.12,45579.61,47884.15,26.1,27.0
1,2021-07-30,23.78,43989.88,47824.44,26.3,27.1
1,2021-07-31,21.95,43284.73,47763.45,25.9,26.9
1,2021-08-01,18.50,31065.55,47701.24,25.7,26.4
1,2021-08-02,10.56,14246.44,47637.88,25.8,26.9
1,2021-08-03,18.15,28692.17,47573.44,25.8,26.5
1,2021-08-04,15.81,33285.69,47507.99,25.6,26.4
1,2021-08-05,17.92,35166.03,47441.60,25.9,26.3
1,2021-08-06,20.74,38261.41,47374.34,26.0,26.5
1,2021-08-07,15.38,19339.82,47306.26,25.5,26.0
1,2021-08-08,19.91,39524.84,47237.44,25.4,26.2
1,2021-08-09,22.91,43826.69,47167.94,25.6,26.7
1,2021-08-10,22.86,43313.54,47097.83,25.5,26.0
1,2021-08-11,25.90,41538.73,47027.16,24.9,26.0
1,2021-08-12,14.81,29094.77,46955.99,25.0,25.6
1,2021-08-13,18.00,41001.94,46884.39,24.8,25.3
1,2021-08-14,24.00,44135.90,46812.40,24.9,25.4
1,2021-08-15,25.53,44664.30,46740.11,25.2,25.5
1,2021-08-16,25.80,44413.40,46667.44,25.5,25.9
1,2021-08-17,24.12,36816.43,46593.89,25.3,25.6
1,2021-08-18,12.77,17802.84,46519.40,24.9,25.8
1,2021-08-19,18.36,32640.02,46444.05,24.7,25.6
1,2021-08-20,25.88,44447.34,46367.90,25.0,25.3
1,2021-08-21,22.85,43425.94,46291.02,25.0,26.1
1,2021-08-22,8.60,12942.79,46213.46,25.2,25.7
1,2021-08-23,14.98,33664.41,46135.29,25.1,25.5
1,2021-08-24,23.20,43967.61,46056.57,25.1,25.8
1,2021-08-25,25.71,44232.59,45977.36,24.8,25.5
1,2021-08-26,25.67,43729.51,45897.73,24.5,25.2
1,2021-08-27,24.22,43738.69,45817.71,24.9,25.6
1,2021-08-28,24.58,43747.84,45737.39,24.4,25.0
1,2021-08-29,23.56,42733.48,45656.80,24.6,25.0
1,2021-08-30,21.85,42442.56,45576.01,25.0,25.6
1,2021-08-31,21.67,43973.39,45495.06,24.7,25.7
1,2021-09-01,24.47,43414.95,45414.02,24.3,24.8
1,2021-09-02,23.38,43365.28,45332.94,24.5,25.4
1,2021-09-03,23.48,43061.88,45251.86,24.5,25.3
1,2021-09-04,22.26,42077.11,45170.85,24.6,25.0
1,2021-09-05,22.04,42847.58,45089.85,24.9,25.3
1,2021-09-06,22.53,40666.74,45008.31,25.1,25.6
1,2021-09-07,24.65,43114.73,44926.20,24.3,24.7
1,2021-09-08,24.67,42665.31,44843.57,23.9,24.6
1,2021-09-09,21.75,42603.14,44760.48,25.0,25.6
1,2021-09-10,21.64,37817.77,44676.98,25.3,25.8
1,2021-09-11,6.39,2489.94,44593.12,25.1,25.7
1,2021-09-12,6.21,5.65,44508.98,24.9,25.5
1,2021-09-13,16.93,33768.40,44424.58,25.4,26.1
1,2021-09-14,20.01,35862.43,44339.99,25.9,26.7
1,2021-09-15,16.96,36708.29,44255.27,25.7,26.8
1,2021-09-16,21.62,41601.27,44170.47,24.9,25.6
1,2021-09-17,21.36,41884.83,44085.63,25.0,25.3
1,2021-09-18,23.19,41916.21,44000.81,24.5,25.1
1,2021-09-19,23.11,41443.44,43916.06,24.6,25.2
1,2021-09-20,22.81,41475.03,43831.44,24.6,25.1
1,2021-09-21,21.90,41024.15,43746.99,24.8,25.3
1,2021-09-22,23.40,41066.35,43662.77,24.1,25.0
1,2021-09-23,21.90,40813.06,43578.83,24.3,24.9
1,2021-09-24,19.91,39890.25,43495.21,23.7,25.4
1,2021-09-25,21.09,40370.80,43411.88,23.3,24.3
1,2021-09-26,21.37,40149.64,43328.25,24.6,25.0
1,2021-09-27,21.73,40180.88,43244.26,24.2,24.8
1,2021-09-28,21.95,39959.97,43159.99,22.9,24.6
1,2021-09-29,21.05,39739.03,43075.49,24.5,25.2
1,2021-09-30,21.95,39770.51,42990.81,24.4,25.0
1,2021-10-01,19.80,39600.00,42906.02,22.9,24.3
1,2021-10-02,22.67,39600.00,42821.16,21.5,22.8
1,2021-10-03,19.18,39600.00,42736.30,22.8,23.9
1,2021-10-04,17.67,39643.38,42651.49,21.9,24.3
1,2021-10-05,19.23,39600.00,42566.80,22.9,24.2
1,2021-10-06,15.85,34855.60,42482.27,24.1,24.7
1,2021-10-07,14.73,38561.41,42397.97,24.5,25.0
1,2021-10-08,18.55,39600.00,42313.96,23.6,24.3
1,2021-10-09,18.34,39600.00,42230.30,23.5,24.1
1,2021-10-10,18.58,33830.08,42147.03,24.2,24.9
1,2021-10-11,6.39,9341.64,42064.24,25.0,25.6
1,2021-10-12,8.93,19277.53,41981.98,24.8,25.5
1,2021-10-13,7.48,8578.69,41900.30,24.3,25.2
1,2021-10-14,17.29,39600.00,41819.27,22.7,25.2
1,2021-10-15,17.11,39600.00,41738.85,22.3,23.2
1,2021-10-16,18.59,36000.00,41658.39,22.1,23.5
1,2021-10-17,15.62,27214.89,41577.85,18.2,19.8
1,2021-10-18,18.05,39600.00,41497.29,18.1,19.3
1,2021-10-19,18.21,36000.00,41416.78,18.8,20.0
1,2021-10-20,14.61,26035.56,41336.39,20.0,21.8
1,2021-10-21,14.97,25200.00,41256.18,21.2,22.2
1,2021-10-22,8.40,14400.00,41176.21,18.3,20.1
1,2021-10-23,7.99,10376.86,41096.57,17.3,18.0
1,2021-10-24,11.73,21057.18,41017.32,19.5,21.2
1,2021-10-25,17.32,38939.91,40938.53,18.9,19.5
1,2021-10-26,17.01,38217.99,40860.27,17.4,18.8
1,2021-10-27,18.03,39135.04,40782.62,16.7,17.2
1,2021-10-28,18.39,39600.00,40705.65,15.3,16.3
1,2021-10-29,18.45,39600.00,40629.43,16.8,19.3
1,2021-10-30,16.18,35147.22,40554.05,18.3,19.7
1,2021-10-31,17.13,39600.00,40479.58,18.5,19.2
1,2021-11-01,16.77,38678.86,40406.10,18.4,19.2
1,2021-11-02,15.30,37355.11,40333.68,18.9,19.5
1,2021-11-03,14.44,29771.25,40262.42,17.8,19.0
1,2021-11-04,10.51,21108.75,40192.27,18.8,20.4
1,2021-11-05,11.93,37904.55,40122.56,20.7,22.1
1,2021-11-06,13.22,33638.61,40053.25,21.9,22.6
1,2021-11-07,17.40,39389.52,39984.40,20.6,21.5
1,2021-11-08,6.38,8765.72,39916.10,16.9,20.8
1,2021-11-09,10.56,21196.33,39848.41,12.5,13.7
1,2021-11-10,14.94,36701.00,39781.42,10.9,11.9
1,2021-11-11,18.24,39235.09,39715.21,11.6,12.9
1,2021-11-12,16.24,35117.83,39649.84,12.2,15.6
1,2021-11-13,6.04,6725.17,39585.41,18.0,19.7
1,2021-11-14,11.93,25488.59,39521.99,16.8,18.3
1,2021-11-15,16.35,38975.02,39459.68,14.5,15.8
1,2021-11-16,17.04,36538.10,39398.54,15.1,16.2
1,2021-11-17,13.55,38829.24,39338.67,18.4,19.2
1,2021-11-18,9.53,21040.55,39280.15,20.6,21.5
1,2021-11-19,15.37,36273.61,39223.08,20.2,21.4
1,2021-11-20,16.48,38677.75,39167.53,19.3,20.5
1,2021-11-21,15.27,34454.13,39113.59,20.7,21.5
1,2021-11-22,9.05,18562.63,39061.37,17.0,20.4
1,2021-11-23,7.25,10239.52,39010.95,14.2,15.0
1,2021-11-24,11.30,21256.10,38962.30,13.6,14.5
1,2021-11-25,6.83,14541.94,38914.89,16.5,18.1
1,2021-11-26,8.41,14229.59,38868.66,17.6,18.7
1,2021-11-27,6.44,7719.56,38823.67,17.7,19.0
1,2021-11-28,2.96,0.00,38779.99,18.2,19.8
1,2021-11-29,4.98,3405.78,38737.66,18.5,19.8
1,2021-11-30,9.48,22934.41,38696.75,15.9,20.3
1,2021-12-01,12.17,30126.64,38657.31,11.2,12.4
1,2021-12-02,10.61,30374.46,38619.41,10.0,11.5
1,2021-12-03,14.89,36375.06,38583.11,9.1,11.2
1,2021-12-04,11.18,28041.88,38548.46,11.4,14.1
1,2021-12-05,13.97,37843.45,38515.53,13.5,14.4
1,2021-12-06,14.10,37595.55,38484.37,14.9,16.2
1,2021-12-07,14.05,37951.28,38455.05,14.2,15.5
1,2021-12-08,12.87,34038.86,38427.61,13.2,15.4
1,2021-12-09,14.80,35508.64,38402.14,13.7,15.0
1,2021-12-10,8.76,26359.55,38378.68,13.9,15.8
1,2021-12-11,14.34,37206.61,38357.29,14.8,16.7
1,2021-12-12,14.94,35555.79,38338.02,16.0,17.7
1,2021-12-13,7.57,16534.82,38320.95,15.0,15.7
1,2021-12-14,14.48,35901.77,38306.09,15.1,16.0
1,2021-12-15,14.57,35939.59,38293.23,16.2,17.1
1,2021-12-16,15.44,36261.78,38282.35,17.5,19.2
1,2021-12-17,11.37,21625.57,38273.43,13.1,17.8
1,2021-12-18,6.59,2968.02,38266.49,9.4,10.9
1,2021-12-19,12.88,32428.14,38261.50,9.2,11.1
1,2021-12-20,11.74,29930.15,38258.49,13.7,16.9
1,2021-12-21,5.50,4312.91,38257.42,20.0,22.3
1,2021-12-22,12.46,29629.93,38258.32,20.1,22.5
1,2021-12-23,13.86,36284.91,38261.17,19.2,20.0
1,2021-12-24,14.66,35866.53,38265.96,18.7,20.4
1,2021-12-25,4.66,3600.00,38272.69,12.8,15.1
1,2021-12-26,3.66,0.00,38281.35,10.8,11.9
1,2021-12-27,5.14,4476.22,38291.92,11.4,12.3
1,2021-12-28,10.20,26108.05,38304.42,13.9,15.0
1,2021-12-29,10.32,33667.42,38318.81,16.1,17.8
1,2021-12-30,8.36,18684.09,38335.10,11.6,12.3
1,2021-12-31,8.87,14785.28,38353.28,11.3,12.0
1,2022-01-01,7.81,13823.64,38373.32,13.6,16.3
1,2022-01-02,9.63,31754.25,38395.23,15.1,16.0
1,2022-01-03,12.19,31503.44,38419.04,14.8,15.3
1,2022-01-04,11.17,27577.84,38445.01,15.8,16.5
1,2022-01-05,6.05,3930.08,38473.14,17.7,19.2
1,2022-01-06,4.86,1640.87,38503.35,15.2,17.5
1,2022-01-07,3.56,0.00,38535.58,15.4,16.4
1,2022-01-08,9.88,25153.34,38569.77,14.9,15.5
1,2022-01-09,12.32,32624.80,38605.83,15.9,16.3
1,2022-01-10,8.45,16032.24,38643.71,16.2,17.2
1,2022-01-11,4.28,49.37,38683.33,10.1,15.1
1,2022-01-12,7.26,8567.10,38724.63,10.3,12.3
1,2022-01-13,4.22,395.93,38767.54,11.3,13.8
1,2022-01-14,8.98,14499.43,38811.99,11.1,13.2
1,2022-01-15,11.13,32413.09,38857.92,15.4,16.3
1,2022-01-16,14.91,36000.00,38905.26,16.7,17.5
1,2022-01-17,6.62,7652.05,38953.94,17.6,18.8
1,2022-01-18,3.27,0.00,39003.90,15.6,16.9
1,2022-01-19,4.38,1007.41,39055.07,14.2,16.1
1,2022-01-20,15.04,30085.97,39107.39,11.9,12.6
1,2022-01-21,4.85,0.00,39160.79,14.2,15.4
1,2022-01-22,4.79,1215.41,39215.22,17.7,19.4
1,2022-01-23,8.13,16484.06,39270.71,20.0,21.0
1,2022-01-24,15.04,32472.44,39327.88,16.3,18.9
1,2022-01-25,12.25,28745.28,39386.72,15.6,16.7
1,2022-01-26,14.99,35410.52,39447.16,16.7,17.5
1,2022-01-27,16.05,36000.00,39509.10,17.6,18.7
1,2022-01-28,12.75,26361.56,39572.44,18.6,19.5
1,2022-01-29,3.10,0.00,39637.10,18.1,19.4
1,2022-01-30,6.16,5230.46,39702.99,11.7,16.7
1,2022-01-31,9.58,19882.94,39770.03,9.6,11.4
1,2022-02-01,12.79,25200.00,39838.12,14.2,16.1
1,2022-02-02,10.39,25960.24,39907.18,17.9,18.9
1,2022-02-03,11.53,31344.08,39977.13,18.3,19.8
1,2022-02-04,5.68,6563.31,40047.89,13.2,17.2
1,2022-02-05,13.11,17860.90,40119.38,9.8,11.1
1,2022-02-06,9.48,19884.71,40191.50,11.3,12.4
1,2022-02-07,7.94,7496.26,40264.20,15.0,18.0
1,2022-02-08,6.18,1849.94,40337.38,14.4,16.0
1,2022-02-09,7.31,2454.72,40410.98,16.9,17.3
1,2022-02-10,11.49,22065.31,40484.92,15.8,17.5
1,2022-02-11,12.62,21554.89,40559.12,16.5,18.5
1,2022-02-12,3.88,1585.52,40633.64,18.9,19.8
1,2022-02-13,9.03,18929.19,40709.16,18.8,20.6
1,2022-02-14,7.31,9669.14,40785.73,12.8,15.8
1,2022-02-15,18.02,36540.37,40863.27,12.4,13.5
1,2022-02-16,5.86,0.00,40941.70,14.6,15.3
1,2022-02-17,10.33,23566.74,41020.93,16.9,18.5
1,2022-02-18,11.66,20925.13,41100.91,18.6,19.2
1,2022-02-19,10.68,15043.63,41181.54,14.3,19.0
1,2022-02-20,4.00,0.00,41262.76,9.5,10.9
1,2022-02-21,3.73,0.00,41344.50,12.8,14.4
1,2022-02-22,8.38,9778.05,41426.67,16.1,18.9
1,2022-02-23,5.04,876.18,41509.22,15.1,19.9
1,2022-02-24,8.85,5759.08,41592.06,12.4,13.4
1,2022-02-25,16.04,32292.61,41675.13,12.1,13.8
1,2022-02-26,18.46,35214.70,41758.36,15.4,17.8
1,2022-02-27,14.80,31880.83,41841.69,15.7,16.7
1,2022-02-28,19.08,39913.06,41925.05,16.9,18.3
1,2022-03-01,20.90,40879.51,42008.36,17.7,18.3
1,2022-03-02,10.97,18000.00,42091.57,17.8,19.7
1,2022-03-03,10.31,14732.89,42174.61,17.9,19.0
1,2022-03-04,18.29,37756.02,42257.53,19.4,20.4
1,2022-03-05,16.53,36514.97,42340.98,16.6,18.6
1,2022-03-06,18.12,29251.77,42425.01,15.1,18.0
1,2022-03-07,4.63,2589.63,42509.56,13.6,19.9
1,2022-03-08,16.29,35959.48,42594.57,10.9,12.6
1,2022-03-09,22.12,40239.61,42679.98,11.1,13.5
1,2022-03-10,15.94,40517.01,42765.73,12.6,14.7
1,2022-03-11,21.43,41746.84,42851.76,15.6,16.3
1,2022-03-12,21.22,42433.13,42938.01,16.0,16.8
1,2022-03-13,22.15,42459.59,43024.43,16.1,18.2
1,2022-03-14,22.55,41954.06,43110.94,18.3,20.0
1,2022-03-15,21.13,41421.66,43197.50,18.3,19.2
1,2022-03-16,20.19,35602.62,43284.05,17.8,19.5
1,2022-03-17,12.01,17465.65,43370.51,21.2,22.3
1,2022-03-18,10.09,11253.76,43456.85,17.2,20.8
1,2022-03-19,21.58,40565.31,43543.00,16.2,16.9
1,2022-03-20,19.89,38774.67,43628.90,17.4,19.1
1,2022-03-21,18.39,37825.83,43714.50,21.1,22.7
1,2022-03-22,11.88,12879.30,43799.72,20.1,21.5
1,2022-03-23,9.94,8952.73,43884.52,16.6,20.6
1,2022-03-24,11.35,9928.88,43968.95,16.4,19.0
1,2022-03-25,17.62,33591.94,44053.59,21.7,23.6
1,2022-03-26,14.90,25348.89,44138.52,22.2,24.7
1,2022-03-27,11.29,11591.67,44223.66,17.9,18.9
1,2022-03-28,8.13,1476.82,44308.97,18.8,19.8
1,2022-03-29,14.03,20304.57,44394.40,20.5,21.8
1,2022-03-30,11.49,14555.19,44479.89,22.1,22.8
1,2022-03-31,21.31,39314.06,44565.38,20.7,22.9
1,2022-04-01,8.14,638.67,44650.82,15.5,17.0
1,2022-04-02,7.82,2025.68,44736.15,14.9,15.6
1,2022-04-03,4.08,3600.00,44821.32,15.7,16.8
1,2022-04-04,24.49,43011.23,44906.26,13.0,14.1
1,2022-04-05,22.44,42701.04,44990.93,14.4,15.7
1,2022-04-06,24.92,42256.37,45075.26,14.8,17.3
1,2022-04-07,23.40,42216.28,45159.19,14.5,16.5
1,2022-04-08,21.65,39412.78,45242.67,14.2,16.4
1,2022-04-09,21.80,42411.90,45325.64,18.2,20.3
1,2022-04-10,21.97,38526.62,45408.01,21.4,22.2
1,2022-04-11,22.60,40311.79,45489.76,21.7,22.3
1,2022-04-12,24.13,39600.00,45570.80,20.8,21.7
1,2022-04-13,18.53,41545.98,45651.18,21.7,22.6
1,2022-04-14,21.98,43200.00,45731.46,20.1,22.8
1,2022-04-15,16.47,33523.76,45811.72,18.0,19.5
1,2022-04-16,20.84,34131.87,45891.87,15.9,16.9
1,2022-04-17,19.55,37763.33,45971.87,15.6,17.8
1,2022-04-18,19.54,37231.28,46051.67,18.2,19.5
1,2022-04-19,23.89,32529.13,46131.19,15.1,16.5
1,2022-04-20,23.01,36000.00,46210.39,18.6,20.9
1,2022-04-21,19.75,37886.69,46289.21,22.0,22.5
1,2022-04-22,20.97,36477.65,46367.58,22.9,23.5
1,2022-04-23,22.67,39097.46,46445.44,23.4,24.1
1,2022-04-24,22.68,43751.69,46522.73,23.8,24.1
1,2022-04-25,25.18,43967.83,46599.38,24.0,24.5
1,2022-04-26,25.04,43428.03,46675.33,24.4,24.9
1,2022-04-27,24.12,43926.92,46750.52,23.7,24.8
1,2022-04-28,25.11,43420.85,46824.87,23.9,24.7
1,2022-04-29,22.56,30616.59,46898.32,22.6,25.3
1,2022-04-30,14.61,19489.82,46970.80,21.8,22.5
1,2022-05-01,9.45,3502.66,47042.24,18.6,19.8
1,2022-05-02,7.06,1629.95,47112.56,17.0,17.9
1,2022-05-03,17.39,23134.73,47181.79,17.4,19.8
1,2022-05-04,8.46,56.24,47250.47,21.1,22.8
1,2022-05-05,18.18,39418.38,47318.63,22.7,23.3
1,2022-05-06,25.64,45172.46,47386.22,22.4,23.5
1,2022-05-07,24.72,42916.23,47453.17,22.3,22.9
1,2022-05-08,16.39,20971.53,47519.44,22.4,23.5
1,2022-05-09,10.43,8035.54,47584.96,22.3,23.4
1,2022-05-10,20.93,33342.82,47649.66,22.7,23.2
1,2022-05-11,12.62,15096.57,47713.48,23.0,23.7
1,2022-05-12,22.53,36012.83,47776.37,23.4,24.3
1,2022-05-13,12.91,18837.30,47838.24,24.0,25.2
1,2022-05-14,8.99,6467.09,47899.05,23.4,24.2
1,2022-05-15,17.51,25607.96,47958.71,21.0,22.9
1,2022-05-16,7.78,451.20,48017.18,18.8,19.5
1,2022-05-17,15.07,26814.01,48074.36,19.0,19.8
1,2022-05-18,19.84,34101.17,48130.21,20.1,22.1
1,2022-05-19,2.94,0.00,48184.64,22.9,23.6
1,2022-05-20,14.43,20831.17,48237.59,22.2,23.8
1,2022-05-21,25.52,39987.49,48288.98,20.0,21.2
1,2022-05-22,21.12,37748.61,48338.74,21.3,22.4
1,2022-05-23,17.23,25716.76,48386.89,23.1,24.1
1,2022-05-24,17.40,22982.60,48433.81,23.4,24.3
1,2022-05-25,8.13,564.63,48479.55,23.3,23.9
1,2022-05-26,11.56,15911.71,48524.06,24.0,25.0
1,2022-05-27,10.76,17598.69,48567.31,24.5,25.1
1,2022-05-28,25.25,46800.00,48609.23,25.5,25.9
1,2022-05-29,25.10,46800.00,48649.80,25.7,26.1
1,2022-05-30,25.55,46175.65,48688.95,25.5,26.1
1,2022-05-31,14.44,16141.10,48726.66,24.8,25.2
1,2022-06-01,25.93,44826.08,48762.87,25.1,26.0
1,2022-06-02,23.53,41426.22,48797.53,25.6,26.3
1,2022-06-03,24.64,43960.76,48830.61,25.4,27.1
1,2022-06-04,20.29,37026.81,48862.05,25.2,26.1
1,2022-06-05,26.00,46800.00,48891.82,25.5,25.7
1,2022-06-06,23.26,35906.36,48919.87,25.2,26.6
1,2022-06-07,20.51,26684.04,48946.14,22.4,23.5
1,2022-06-08,10.23,13613.14,48970.60,23.1,24.3
1,2022-06-09,13.49,17061.38,48993.21,24.0,25.1
1,2022-06-10,14.76,26491.00,49013.91,25.4,26.0
1,2022-06-11,22.68,36000.00,49032.67,25.0,26.4
1,2022-06-12,16.35,25544.99,49049.48,25.3,26.2
1,2022-06-13,26.19,46800.00,49064.46,25.8,26.1
1,2022-06-14,26.15,43521.46,49077.64,25.7,26.1
1,2022-06-15,18.24,27806.28,49089.03,24.7,26.0
1,2022-06-16,15.04,15778.87,49098.62,24.2,25.3
1,2022-06-17,19.83,36009.68,49106.42,24.7,25.5
1,2022-06-18,27.22,46800.00,49112.41,25.5,26.0
1,2022-06-19,26.34,45954.22,49116.61,25.1,25.7
1,2022-06-20,25.81,46800.00,49119.02,25.4,26.1
1,2022-06-21,22.90,40401.96,49119.64,24.8,25.8
1,2022-06-22,27.58,47251.59,49118.46,25.0,25.5
1,2022-06-23,27.51,46952.34,49115.50,24.9,25.4
1,2022-06-24,27.26,42251.06,49110.76,24.9,25.5
1,2022-06-25,23.79,44002.55,49104.24,24.7,25.4
1,2022-06-26,17.77,26096.81,49095.96,24.5,25.1
1,2022-06-27,26.63,46863.96,49085.91,24.8,25.6
1,2022-06-28,24.81,42405.30,49074.11,24.4,25.4
1,2022-06-29,15.81,29586.60,49060.55,23.6,24.6
1,2022-06-30,23.30,47075.60,49045.26,23.8,24.4
1,2022-07-01,24.82,46777.83,49028.23,24.0,24.8
1,2022-07-02,25.56,47033.49,49009.44,24.3,25.0
1,2022-07-03,26.29,46735.74,48988.71,24.3,25.4
1,2022-07-04,21.88,38465.02,48966.04,24.9,25.5
1,2022-07-05,16.48,21273.99,48941.48,24.7,25.7
1,2022-07-06,25.66,46945.11,48915.08,24.6,25.3
1,2022-07-07,27.34,46922.23,48886.89,25.4,25.8
1,2022-07-08,27.69,46899.22,48856.97,25.4,25.7
1,2022-07-09,27.46,46876.15,48825.35,25.3,26.0
1,2022-07-10,27.61,47127.60,48792.09,24.4,25.1
1,2022-07-11,28.00,47104.34,48757.23,24.0,24.5
1,2022-07-12,27.66,47081.19,48720.84,24.4,25.4
1,2022-07-13,27.41,45617.63,48682.95,24.8,25.5
1,2022-07-14,26.81,46489.13,48643.62,25.1,25.5
1,2022-07-15,23.67,38574.36,48602.90,25.6,27.0
1,2022-07-16,25.23,43200.00,48560.83,26.7,27.3
1,2022-07-17,25.50,44125.20,48517.47,26.3,26.7
1,2022-07-18,24.43,42330.96,48472.86,25.5,25.8
1,2022-07-19,24.25,46180.51,48427.06,25.6,26.4
1,2022-07-20,27.28,46368.95,48380.10,25.7,26.3
1,2022-07-21,27.82,46622.31,48332.04,25.5,25.8
1,2022-07-22,27.26,46296.31,48282.85,25.3,25.7
1,2022-07-23,27.50,46318.50,48232.09,25.0,25.6
1,2022-07-24,27.14,46302.56,48179.76,24.3,25.1
1,2022-07-25,27.66,46287.08,48125.92,23.6,25.0
1,2022-07-26,26.28,46003.25,48070.65,23.9,25.9
1,2022-07-27,25.70,45989.09,48014.03,23.6,24.8
1,2022-07-28,26.72,44804.54,47956.12,23.8,25.1
1,2022-07-29,22.65,44017.16,47896.99,25.0,26.3
1,2022-07-30,25.38,40475.96,47836.71,24.7,25.9
1,2022-07-31,13.18,11857.69,47775.35,25.2,25.9
1,2022-08-01,7.84,3142.94,47712.98,25.0,26.2
1,2022-08-02,15.87,35238.25,47649.66,24.3,24.9
1,2022-08-03,24.36,45351.74,47585.45,24.5,25.3
1,2022-08-04,26.42,45359.69,47520.43,24.3,25.0
1,2022-08-05,26.14,45722.38,47454.64,24.6,24.8
1,2022-08-06,26.12,44585.39,47388.17,24.0,24.3
1,2022-08-07,23.41,43805.64,47321.05,23.8,24.8
1,2022-08-08,25.84,45390.76,47253.37,24.0,24.8
1,2022-08-09,27.42,44874.15,47185.17,23.5,25.0
1,2022-08-10,25.87,45405.76,47116.52,24.1,24.8
1,2022-08-11,26.40,45151.80,47047.37,23.8,24.7
1,2022-08-12,26.02,42722.89,46977.19,24.1,25.2
1,2022-08-13,25.18,44646.06,46905.97,24.6,25.1
1,2022-08-14,25.38,44914.46,46833.76,24.6,25.1
1,2022-08-15,24.45,44402.89,46760.64,24.2,24.7
1,2022-08-16,25.80,44411.44,46686.67,24.5,25.0
1,2022-08-17,23.00,43384.16,46611.91,24.8,25.2
1,2022-08-18,24.12,44169.88,46536.44,24.8,25.8
1,2022-08-19,26.15,44436.90,46460.31,24.2,24.9
1,2022-08-20,25.58,44187.48,46383.58,24.3,25.0
1,2022-08-21,24.39,39184.81,46306.33,23.5,24.5
1,2022-08-22,25.88,43690.66,46228.61,23.5,24.8
1,2022-08-23,24.84,43956.89,46150.48,24.2,24.8
1,2022-08-24,24.54,44222.44,46071.99,24.5,25.0
1,2022-08-25,24.44,43974.98,45993.21,25.3,26.1
1,2022-08-26,25.48,43216.41,45914.19,24.2,25.7
1,2022-08-27,18.78,28359.25,45834.99,24.1,24.8
1,2022-08-28,22.08,42612.47,45755.65,24.5,25.4
1,2022-08-29,24.85,44011.24,45676.26,24.5,25.4
1,2022-08-30,24.32,43200.00,45596.83,24.4,25.4
1,2022-08-31,23.36,39563.77,45517.35,24.5,25.4
1,2022-09-01,7.54,3600.00,45437.25,24.9,25.5
1,2022-09-02,16.89,25702.35,45356.50,24.6,25.4
1,2022-09-03,4.56,2762.26,45275.16,25.2,25.9
1,2022-09-04,1.36,0.00,45193.28,25.1,26.4
1,2022-09-05,15.48,26349.35,45110.93,25.2,25.7
1,2022-09-06,21.31,34523.47,45028.15,25.7,26.5
1,2022-09-07,19.14,42264.88,44945.01,22.7,25.5
1,2022-09-08,22.65,42678.68,44861.56,20.3,22.4
1,2022-09-09,22.99,42141.80,44777.85,22.9,23.9
1,2022-09-10,16.27,22195.77,44693.93,24.5,25.2
1,2022-09-11,3.29,0.00,44609.87,24.0,24.9
1,2022-09-12,5.54,1334.64,44525.70,24.3,26.1
1,2022-09-13,8.43,7460.22,44441.49,23.3,24.4
1,2022-09-14,23.12,42290.66,44357.28,23.3,24.6
1,2022-09-15,19.99,39726.19,44273.14,24.0,24.8
1,2022-09-16,23.21,42099.06,44189.10,23.7,24.7
1,2022-09-17,21.73,41877.35,44105.21,23.3,24.0
1,2022-09-18,22.77,38055.75,44021.55,22.8,23.7
1,2022-09-19,18.98,36722.82,43938.13,21.9,23.6
1,2022-09-20,20.83,39128.61,43854.93,20.7,22.9
1,2022-09-21,21.33,38168.06,43771.37,19.4,22.1
1,2022-09-22,21.08,40266.24,43687.41,22.1,22.6
1,2022-09-23,22.47,39793.54,43603.10,22.2,23.5
1,2022-09-24,21.48,40077.34,43518.51,23.7,24.2
1,2022-09-25,20.52,39604.93,43433.68,24.3,24.8
1,2022-09-26,22.54,40468.47,43348.67,23.7,24.1
1,2022-09-27,21.29,39921.12,43263.53,23.2,23.9
1,2022-09-28,22.23,39953.20,43178.33,23.5,24.3
1,2022-09-29,22.29,39985.30,43093.12,23.4,24.2
1,2022-09-30,21.53,40017.33,43007.94,23.4,24.3
1,2022-10-01,20.29,39796.65,42922.86,23.2,23.8
1,2022-10-02,21.70,39600.00,42837.94,23.0,23.6
1,2022-10-03,19.94,39606.91,42753.23,22.3,23.0
1,2022-10-04,20.53,39600.00,42668.78,22.7,23.5
1,2022-10-05,21.02,39600.00,42584.65,22.5,23.2
1,2022-10-06,18.39,39600.00,42500.91,22.7,23.1
1,2022-10-07,18.33,36000.00,42417.60,22.6,23.8
1,2022-10-08,16.17,39600.00,42334.78,21.3,22.0
1,2022-10-09,20.38,36149.25,42252.52,21.6,22.2
1,2022-10-10,11.51,13838.23,42170.76,17.8,19.8
1,2022-10-11,10.48,11936.06,42088.88,17.0,18.8
1,2022-10-12,12.46,22407.46,42006.83,19.3,20.7
1,2022-10-13,19.59,39456.31,41924.68,21.0,22.4
1,2022-10-14,17.32,36944.01,41842.49,23.2,24.8
1,2022-10-15,16.91,36000.00,41760.31,24.4,24.8
1,2022-10-16,13.26,22609.61,41678.23,24.7,25.4
1,2022-10-17,17.65,36000.00,41596.30,22.8,26.1
1,2022-10-18,7.16,1268.10,41514.58,17.9,18.6
1,2022-10-19,10.39,14614.44,41433.16,17.4,19.4
1,2022-10-20,14.39,32400.00,41352.08,19.3,22.8
1,2022-10-21,11.95,25425.11,41271.42,24.0,24.5
1,2022-10-22,17.00,32400.00,41191.25,24.6,25.8
1,2022-10-23,12.55,25403.62,41111.65,21.3,24.5
1,2022-10-24,17.94,36000.00,41032.66,15.5,17.4
1,2022-10-25,13.54,33748.33,40954.39,15.4,18.4
1,2022-10-26,18.24,39600.00,40876.88,17.0,19.3
1,2022-10-27,17.03,39600.00,40800.23,19.1,19.6
1,2022-10-28,15.64,39600.00,40724.50,19.8,20.7
1,2022-10-29,17.55,36739.22,40649.77,20.7,21.3
1,2022-10-30,9.25,13826.52,40576.00,22.5,23.6
1,2022-10-31,4.36,0.00,40502.52,23.3,24.1
1,2022-11-01,3.24,0.00,40429.28,21.7,23.0
1,2022-11-02,5.12,1072.98,40356.35,22.7,23.9
1,2022-11-03,13.00,29204.30,40283.81,22.9,24.1
1,2022-11-04,2.30,0.00,40211.72,20.7,22.8
1,2022-11-05,7.48,6694.55,40140.17,17.9,19.9
1,2022-11-06,9.07,17560.80,40069.24,18.2,18.7
1,2022-11-07,10.08,20629.38,39999.00,19.3,21.3
1,2022-11-08,14.16,37009.31,39929.52,21.4,22.3
1,2022-11-09,13.61,37365.54,39860.90,22.0,22.9
1,2022-11-10,7.40,16015.66,39793.21,22.8,23.3
1,2022-11-11,12.39,29097.27,39726.54,23.4,24.2
1,2022-11-12,16.40,39180.27,39660.96,23.6,24.2
1,2022-11-13,15.56,39114.77,39596.57,22.6,24.5
1,2022-11-14,15.73,38601.67,39533.45,19.4,20.4
1,2022-11-15,14.73,38987.71,39471.70,19.5,20.2
1,2022-11-16,6.65,17994.57,39411.38,20.3,21.7
1,2022-11-17,14.57,38261.03,39352.61,21.8,22.8
1,2022-11-18,16.05,37413.36,39295.46,22.1,22.8
1,2022-11-19,16.52,38751.60,39239.93,21.4,22.6
1,2022-11-20,15.83,38695.78,39185.39,20.2,20.7
1,2022-11-21,15.78,37286.27,39131.81,19.4,19.9
1,2022-11-22,14.88,29399.74,39079.25,21.5,22.8
1,2022-11-23,6.51,14400.00,39027.78,21.4,22.8
1,2022-11-24,4.67,6318.70,38977.47,21.7,22.3
1,2022-11-25,13.65,32415.33,38928.37,22.1,22.9
1,2022-11-26,10.13,24222.30,38880.56,19.4,21.5
1,2022-11-27,14.20,33982.50,38834.12,20.5,21.2
1,2022-11-28,14.40,38291.14,38789.11,22.1,22.6
1,2022-11-29,15.18,35985.32,38745.59,22.4,23.0
1,2022-11-30,4.26,1714.48,38703.65,18.9,20.9
1,2022-12-01,9.01,15549.25,38663.35,18.9,20.2
1,2022-12-02,7.66,16695.95,38624.76,20.8,22.2
1,2022-12-03,12.71,32981.47,38587.95,22.0,23.3
1,2022-12-04,14.77,37522.66,38553.00,21.2,21.9
1,2022-12-05,10.57,28106.78,38519.98,19.0,21.6
1,2022-12-06,6.33,9582.60,38488.95,16.1,18.2
1,2022-12-07,11.68,32377.83,38460.01,17.1,18.2
1,2022-12-08,6.62,13796.47,38433.20,20.6,21.7
1,2022-12-09,7.16,10235.29,38408.55,20.0,21.9
1,2022-12-10,13.79,34814.62,38385.74,18.4,19.3
1,2022-12-11,5.18,4144.17,38364.73,17.0,18.0
1,2022-12-12,10.59,25900.26,38345.53,16.5,17.6
1,2022-12-13,12.16,25200.00,38328.18,14.8,15.8
1,2022-12-14,2.73,0.00,38312.67,15.2,16.3
1,2022-12-15,4.12,3600.00,38299.04,18.9,21.1
1,2022-12-16,7.92,19047.49,38287.29,20.6,21.8
1,2022-12-17,4.41,884.18,38277.44,11.6,17.2
1,2022-12-18,5.01,543.61,38269.51,6.9,8.2
1,2022-12-19,9.57,19552.24,38263.50,9.6,10.5
1,2022-12-20,10.57,25065.43,38259.43,13.3,16.5
1,2022-12-21,14.22,36473.66,38257.31,12.0,16.4
1,2022-12-22,14.90,35798.93,38257.17,7.1,9.3
1,2022-12-23,7.98,12937.24,38258.99,5.9,6.7
1,2022-12-24,10.20,25370.10,38262.80,5.9,7.3
1,2022-12-25,7.79,15301.40,38268.61,9.0,10.4
1,2022-12-26,9.78,26676.42,38276.42,9.9,10.9
1,2022-12-27,8.72,19473.80,38286.24,11.8,13.8
1,2022-12-28,11.75,35460.51,38298.08,14.4,14.9
1,2022-12-29,8.48,18081.03,38311.97,16.2,17.8
1,2022-12-30,3.59,1375.04,38328.07,17.0,18.6
1,2022-12-31,9.09,25952.30,38346.36,15.6,16.9
1,2023-01-01,3.35,0.00,38366.76,15.8,17.4
1,2023-01-02,3.48,0.00,38389.25,15.3,16.2
1,2023-01-03,14.50,36000.00,38413.76,15.0,16.2
1,2023-01-04,10.09,25753.35,38440.23,15.1,15.4
1,2023-01-05,5.53,8722.53,38468.62,15.6,16.1
1,2023-01-06,5.19,5580.23,38498.87,15.8,17.3
1,2023-01-07,12.91,33572.47,38530.92,11.8,12.6
1,2023-01-08,13.70,36000.00,38564.72,13.0,14.3
1,2023-01-09,12.21,25200.00,38600.20,14.3,15.3
1,2023-01-10,14.32,36018.30,38637.33,13.4,14.7
1,2023-01-11,15.64,36019.30,38676.04,15.5,17.2
1,2023-01-12,13.16,36000.00,38716.27,18.8,19.7
1,2023-01-13,11.53,28899.26,38757.98,19.9,20.5
1,2023-01-14,11.61,35077.17,38801.11,20.6,21.1
1,2023-01-15,4.25,209.35,38845.60,14.6,18.1
1,2023-01-16,9.24,18226.28,38891.39,11.6,12.2
1,2023-01-17,12.12,35325.98,38938.44,12.4,13.0
1,2023-01-18,5.95,8721.28,38986.79,13.2,14.5
1,2023-01-19,10.63,18886.50,39036.98,12.9,13.5
1,2023-01-20,11.59,15677.09,39089.01,12.5,13.3
1,2023-01-21,11.72,28800.00,39142.79,14.1,15.8
1,2023-01-22,13.92,34010.37,39198.24,17.9,19.8
1,2023-01-23,4.67,3600.00,39255.26,16.0,17.3
1,2023-01-24,7.20,7733.75,39313.77,6.7,11.6
1,2023-01-25,7.53,6538.38,39373.67,8.2,10.7
1,2023-01-26,16.41,36000.00,39434.88,13.5,15.3
1,2023-01-27,6.34,477.00,39497.32,6.4,10.9
1,2023-01-28,7.08,3563.21,39560.89,5.4,6.4
1,2023-01-29,12.56,25770.38,39625.53,6.4,7.3
1,2023-01-30,17.56,36695.29,39691.14,8.0,10.1
1,2023-01-31,17.86,36000.00,39757.65,11.5,12.8
1,2023-02-01,12.76,32998.07,39824.96,15.4,18.2
1,2023-02-02,4.50,0.00,39893.02,16.5,17.9
1,2023-02-03,10.80,14346.15,39961.74,14.5,15.7
1,2023-02-04,13.85,32863.88,40031.03,15.0,15.8
1,2023-02-05,6.25,3202.91,40100.84,16.8,17.9
1,2023-02-06,8.39,16722.58,40171.08,18.1,20.3
1,2023-02-07,15.03,26374.43,40241.81,17.7,19.1
1,2023-02-08,15.38,30352.98,40313.70,17.3,18.4
1,2023-02-09,16.82,36930.10,40386.80,18.7,19.1
1,2023-02-10,11.40,22439.88,40461.02,18.8,20.0
1,2023-02-11,18.15,37369.56,40536.27,19.9,20.3
1,2023-02-12,18.10,36085.58,40612.49,20.1,21.0
1,2023-02-13,17.33,36000.00,40689.57,18.7,21.6
1,2023-02-14,5.95,119.81,40767.45,11.7,15.0
1,2023-02-15,10.59,16282.95,40846.04,8.6,10.7
1,2023-02-16,11.30,19741.55,40925.26,10.9,15.2
1,2023-02-17,16.44,38659.70,41005.05,15.7,16.4
1,2023-02-18,19.46,38350.79,41085.32,15.6,16.9
1,2023-02-19,18.28,30050.59,41166.00,14.8,16.8
1,2023-02-20,2.97,0.00,41247.01,11.2,12.7
1,2023-02-21,10.80,18172.58,41328.29,12.0,13.2
1,2023-02-22,7.25,2605.38,41409.76,16.1,18.0
1,2023-02-23,11.14,21925.66,41491.36,18.8,19.6
1,2023-02-24,13.74,20297.69,41573.01,15.9,19.9
1,2023-02-25,7.33,464.67,41654.63,11.4,14.7
1,2023-02-26,10.58,14235.50,41736.18,8.0,11.4
1,2023-02-27,14.97,36658.58,41817.69,12.3,15.3
1,2023-02-28,17.01,37441.75,41899.83,15.3,16.3
1,2023-03-01,13.11,23550.54,41982.66,16.1,18.6
1,2023-03-02,15.69,30556.22,42066.11,10.2,13.0
1,2023-03-03,19.85,36723.00,42150.11,9.7,12.0
1,2023-03-04,20.88,40974.88,42234.60,10.7,12.3
1,2023-03-05,21.65,41013.93,42319.51,9.8,11.0
1,2023-03-06,22.40,40566.69,42404.79,8.2,10.3
1,2023-03-07,21.37,42073.43,42490.37,9.4,12.6
1,2023-03-08,19.81,41390.95,42576.19,12.3,15.2
1,2023-03-09,20.11,41687.26,42662.18,13.6,15.6
1,2023-03-10,21.49,42332.83,42748.30,12.5,13.2
1,2023-03-11,17.16,39600.00,42834.46,13.7,16.4
1,2023-03-12,20.97,38389.35,42920.62,14.6,15.8
1,2023-03-13,7.04,0.00,43006.73,13.3,15.7
1,2023-03-14,10.65,12698.60,43092.70,14.4,16.8
1,2023-03-15,15.00,33042.06,43178.48,17.5,18.9
1,2023-03-16,18.00,41675.70,43264.03,18.4,19.0
1,2023-03-17,20.20,37555.62,43349.27,18.7,19.1
1,2023-03-18,16.85,23556.67,43434.15,16.6,17.6
1,2023-03-19,15.73,26165.01,43518.70,17.7,18.4
1,2023-03-20,12.41,17396.38,43603.56,19.6,20.8
1,2023-03-21,17.37,35651.65,43688.76,22.0,22.6
1,2023-03-22,21.35,41845.69,43774.26,22.0,23.2
1,2023-03-23,22.03,40065.11,43860.00,22.5,23.5
1,2023-03-24,19.78,36957.80,43945.92,21.7,22.9
1,2023-03-25,8.15,3001.78,44031.98,20.1,21.3
1,2023-03-26,9.91,10952.65,44118.11,16.9,18.6
1,2023-03-27,17.16,30182.63,44204.26,17.6,18.2
1,2023-03-28,8.50,8609.42,44290.37,17.0,18.2
1,2023-03-29,17.04,25215.57,44376.39,19.6,21.1
1,2023-03-30,17.67,33647.53,44462.26,19.5,21.8
1,2023-03-31,21.67,38128.80,44547.92,17.1,18.0
1,2023-04-01,14.61,26049.03,44633.33,17.7,18.6
1,2023-04-02,24.24,42954.30,44718.41,15.6,16.9
1,2023-04-03,24.87,42978.67,44803.12,13.8,15.5
1,2023-04-04,18.34,30507.12,44887.39,15.4,17.7
1,2023-04-05,19.72,39427.76,44971.15,17.9,19.4
1,2023-04-06,21.48,37826.25,45054.37,19.8,21.0
1,2023-04-07,7.93,4262.30,45136.97,15.5,20.9
1,2023-04-08,15.94,24479.86,45218.99,10.4,11.5
1,2023-04-09,23.63,38692.99,45301.01,11.1,14.0
1,2023-04-10,19.48,35778.07,45383.10,13.7,15.6
1,2023-04-11,24.20,39943.34,45465.18,17.6,20.0
1,2023-04-12,23.72,42439.78,45547.21,19.7,20.5
1,2023-04-13,21.09,41316.16,45629.13,21.2,22.5
1,2023-04-14,18.40,38344.38,45710.88,22.8,23.4
1,2023-04-15,15.95,29008.54,45792.40,20.4,22.8
1,2023-04-16,26.34,44177.60,45873.65,19.3,20.5
1,2023-04-17,26.34,43640.44,45954.55,20.6,21.3
1,2023-04-18,24.55,42733.64,46035.04,22.0,23.0
1,2023-04-19,23.25,41132.06,46115.06,23.6,24.4
1,2023-04-20,11.00,21901.51,46194.57,22.2,24.2
1,2023-04-21,19.65,43543.28,46273.48,19.3,20.8
1,2023-04-22,25.26,43587.03,46351.74,17.8,18.4
1,2023-04-23,25.16,43755.70,46429.28,19.0,20.7
1,2023-04-24,21.15,33748.15,46506.03,20.0,21.2
1,2023-04-25,14.27,20193.90,46581.92,20.2,21.2
1,2023-04-26,12.91,14024.36,46656.89,17.7,19.4
1,2023-04-27,19.23,36084.61,46730.87,20.3,21.2
1,2023-04-28,23.54,43610.04,46803.88,21.8,23.2
1,2023-04-29,24.04,39600.00,46876.48,22.7,24.5
1,2023-04-30,9.67,2816.64,46948.72,20.2,21.1
1,2023-05-01,16.02,16109.59,47020.52,20.1,21.1
1,2023-05-02,21.74,38851.91,47091.84,21.7,22.6
1,2023-05-03,24.83,42658.68,47162.61,22.9,23.1
1,2023-05-04,22.56,36826.08,47232.78,23.5,23.9
1,2023-05-05,23.10,36289.75,47302.27,24.0,24.2
1,2023-05-06,17.25,29262.03,47371.03,24.2,24.5
1,2023-05-07,16.15,16788.11,47439.00,21.9,24.8
1,2023-05-08,7.92,3443.80,47506.10,18.4,20.3
1,2023-05-09,25.70,46112.39,47572.27,14.9,15.7
1,2023-05-10,25.02,46410.19,47637.44,16.9,18.2
1,2023-05-11,22.65,45561.75,47701.55,18.1,19.3
1,2023-05-12,26.28,40707.23,47764.53,17.5,19.2
1,2023-05-13,20.93,32452.13,47826.30,20.1,21.2
1,2023-05-14,11.18,10236.24,47886.80,17.8,19.6
1,2023-05-15,10.00,4117.03,47945.95,19.1,20.2
1,2023-05-16,25.25,39600.00,48003.67,19.3,20.8
1,2023-05-17,13.59,15746.86,48059.90,23.1,25.2
1,2023-05-18,25.06,41682.29,48114.65,24.5,25.3
1,2023-05-19,25.56,46666.83,48168.36,21.6,24.6
1,2023-05-20,26.65,46689.10,48221.07,21.7,23.7
1,2023-05-21,25.56,46710.17,48272.73,24.7,25.4
1,2023-05-22,21.84,36622.83,48323.30,24.1,25.8
1,2023-05-23,23.80,41880.70,48372.71,17.5,19.0
1,2023-05-24,26.63,39711.81,48420.92,18.5,20.6
1,2023-05-25,25.79,46782.67,48467.88,21.2,21.9
1,2023-05-26,26.74,46797.92,48513.52,20.2,21.4
1,2023-05-27,23.93,43293.79,48557.81,22.1,23.9
1,2023-05-28,21.75,46800.00,48600.68,23.9,24.2
1,2023-05-29,13.45,18874.71,48642.09,23.9,24.4
1,2023-05-30,16.98,23291.84,48681.97,24.1,24.8
1,2023-05-31,9.36,5642.09,48720.27,24.0,24.5
1,2023-06-01,10.27,16916.19,48756.94,24.0,24.6
1,2023-06-02,27.12,46800.00,48791.93,23.8,24.5
1,2023-06-03,27.91,46800.00,48825.18,23.2,24.4
1,2023-06-04,25.96,46800.00,48856.63,23.3,23.7
1,2023-06-05,27.55,46800.00,48886.23,23.9,24.5
1,2023-06-06,27.50,46800.00,48913.94,24.3,24.8
1,2023-06-07,27.38,46800.00,48939.72,23.9,24.4
1,2023-06-08,26.66,46838.83,48963.82,23.4,23.8
1,2023-06-09,25.13,36813.40,48986.25,24.0,24.6
1,2023-06-10,24.07,41564.57,49006.99,24.4,25.2
1,2023-06-11,21.10,32400.00,49026.05,24.3,25.1
1,2023-06-12,9.63,5590.70,49043.39,24.4,24.7
1,2023-06-13,12.31,12556.49,49059.01,24.2,25.3
1,2023-06-14,11.17,10280.97,49072.90,24.1,24.8
1,2023-06-15,16.89,25492.65,49085.04,23.5,24.7
1,2023-06-16,9.62,5219.25,49095.42,25.4,26.0
1,2023-06-17,15.85,20474.83,49104.03,25.6,25.9
1,2023-06-18,13.60,24034.35,49110.86,25.2,25.7
1,2023-06-19,25.45,46308.19,49115.89,25.5,25.9
1,2023-06-20,26.65,47004.06,49119.13,26.1,26.4
1,2023-06-21,27.07,46227.83,49120.56,26.2,26.9
1,2023-06-22,25.43,46159.34,49120.16,25.8,26.8
1,2023-06-23,26.57,46537.06,49117.95,25.1,26.2
1,2023-06-24,27.80,46935.13,49113.90,24.7,25.5
1,2023-06-25,27.58,46915.04,49108.02,24.8,25.1
1,2023-06-26,27.06,47172.53,49100.29,24.4,24.9
1,2023-06-27,25.79,39671.81,49090.70,24.7,25.3
1,2023-06-28,13.59,20808.63,49079.13,25.2,25.8
1,2023-06-29,22.13,41067.92,49065.60,25.2,25.8
1,2023-06-30,19.77,39600.00,49050.16,25.1,25.5
1,2023-07-01,13.24,19662.33,49032.83,25.6,25.9
1,2023-07-02,27.40,47042.70,49013.66,25.6,26.4
1,2023-07-03,26.03,46743.00,48992.67,25.2,25.8
1,2023-07-04,26.13,46618.91,48969.93,26.2,26.7
1,2023-07-05,24.70,45527.94,48945.46,26.5,27.1
1,2023-07-06,26.10,46085.13,48919.29,26.3,26.8
1,2023-07-07,26.04,46924.14,48891.48,26.1,26.8
1,2023-07-08,26.41,46900.35,48862.06,25.6,26.0
1,2023-07-09,27.67,46876.77,48831.07,25.3,26.0
1,2023-07-10,27.10,46853.47,48798.56,24.7,25.5
1,2023-07-11,24.06,46830.52,48764.56,25.2,25.9
1,2023-07-12,27.18,46808.03,48729.10,24.7,25.2
1,2023-07-13,26.84,47059.80,48692.25,24.8,25.2
1,2023-07-14,25.40,45626.50,48654.03,25.3,25.8
1,2023-07-15,24.50,46007.22,48614.49,25.0,25.5
1,2023-07-16,25.55,45110.59,48573.67,24.8,25.5
1,2023-07-17,23.03,41337.26,48531.52,25.3,25.7
1,2023-07-18,14.12,21073.56,48487.68,25.2,25.6
1,2023-07-19,24.06,46191.03,48442.14,25.2,26.6
1,2023-07-20,27.90,45988.07,48394.98,24.5,25.2
1,2023-07-21,26.95,46360.02,48346.25,24.5,25.0
1,2023-07-22,26.95,46342.50,48296.03,25.2,25.7
1,2023-07-23,25.79,46083.09,48244.38,24.8,26.3
1,2023-07-24,26.16,45251.39,48191.38,24.5,25.2
1,2023-07-25,22.92,39600.00,48137.09,24.8,25.3
1,2023-07-26,12.12,10473.05,48081.57,24.8,25.4
1,2023-07-27,19.88,35865.30,48024.89,25.1,25.8
1,2023-07-28,17.33,27095.61,47967.12,25.4,25.9
1,2023-07-29,23.48,43975.73,47908.32,25.6,26.2
1,2023-07-30,25.88,45318.01,47848.55,25.2,25.6
1,2023-07-31,25.23,40916.19,47787.87,24.6,25.7
1,2023-08-01,18.51,30925.88,47726.35,25.1,26.0
1,2023-08-02,10.69,10408.17,47664.04,24.7,25.7
1,2023-08-03,2.00,0.00,47601.01,25.3,26.8
1,2023-08-04,3.39,936.76,47537.31,26.0,27.0
1,2023-08-05,15.14,30521.33,47472.99,25.9,27.8
1,2023-08-06,22.84,41742.75,47408.03,26.7,28.0
1,2023-08-07,24.92,44854.90,47341.90,26.6,27.7
1,2023-08-08,16.44,31215.64,47274.60,25.4,26.1
1,2023-08-09,17.65,33689.15,47206.18,26.5,27.2
1,2023-08-10,23.74,39825.38,47136.71,26.2,27.4
1,2023-08-11,16.90,25603.97,47066.27,25.8,26.8
1,2023-08-12,23.57,45156.56,46994.93,25.8,26.6
1,2023-08-13,25.34,43861.24,46922.75,26.0,26.5
1,2023-08-14,24.29,44391.19,46849.79,26.3,27.1
1,2023-08-15,25.14,44140.10,46776.13,26.5,27.0
1,2023-08-16,21.74,44246.34,46701.83,25.4,27.0
1,2023-08-17,22.70,41284.07,46626.94,24.6,25.3
1,2023-08-18,22.85,39253.68,46551.53,24.4,25.7
1,2023-08-19,21.95,38295.78,46475.67,25.0,25.5
1,2023-08-20,22.98,44443.12,46399.41,25.5,26.1
1,2023-08-21,25.02,44451.71,46322.81,25.3,26.5
1,2023-08-22,25.63,44203.03,46245.94,25.2,26.1
1,2023-08-23,25.40,43955.03,46168.84,25.0,25.8
1,2023-08-24,24.07,43200.00,46091.56,25.3,25.8
1,2023-08-25,22.33,43200.00,46014.19,25.3,25.8
1,2023-08-26,21.73,43982.53,45936.65,25.3,26.2
1,2023-08-27,22.02,43735.88,45858.41,25.1,26.3
1,2023-08-28,22.82,43489.73,45779.44,24.9,25.5
1,2023-08-29,21.24,43200.00,45699.78,24.8,25.3
1,2023-08-30,23.00,43508.54,45619.50,25.0,25.4
1,2023-08-31,22.87,43497.34,45538.67,25.3,26.1
1,2023-09-01,16.82,42138.74,45457.33,25.5,26.3
1,2023-09-02,19.39,31410.73,45375.56,24.9,25.6
1,2023-09-03,5.89,0.00,45293.40,24.9,25.6
1,2023-09-04,19.92,37125.98,45210.90,25.3,25.9
1,2023-09-05,21.78,42875.78,45128.13,25.1,26.1
1,2023-09-06,19.59,39743.47,45045.13,25.3,26.2
1,2023-09-07,16.13,21428.21,44961.97,24.7,25.9
1,2023-09-08,6.12,5923.93,44878.69,22.9,24.2
1,2023-09-09,23.43,43028.15,44795.35,22.4,22.7
1,2023-09-10,25.01,42975.17,44712.00,22.2,23.1
1,2023-09-11,22.32,42669.97,44628.69,23.4,24.9
1,2023-09-12,24.11,42617.56,44545.48,23.6,24.1
1,2023-09-13,22.57,41747.67,44462.40,24.6,25.4
1,2023-09-14,20.47,40514.64,44379.52,25.2,25.7
1,2023-09-15,21.87,42462.60,44296.78,24.6,26.1
1,2023-09-16,22.93,41836.40,44213.64,24.3,25.4
1,2023-09-17,22.29,40353.22,44130.03,24.3,25.2
1,2023-09-18,20.57,39661.89,44046.02,24.9,25.8
1,2023-09-19,22.30,40919.99,43961.67,24.6,25.2
1,2023-09-20,22.27,41203.70,43877.02,24.5,25.0
1,2023-09-21,19.84,40731.33,43792.14,25.0,25.8
1,2023-09-22,18.85,36081.14,43707.07,24.6,25.7
1,2023-09-23,21.86,40795.59,43621.87,24.3,24.9
1,2023-09-24,22.57,40575.79,43536.60,24.1,24.7
1,2023-09-25,21.55,40356.02,43451.31,24.3,25.4
1,2023-09-26,19.89,40136.15,43366.05,23.9,25.0
1,2023-09-27,20.87,40168.38,43280.87,23.8,24.0
1,2023-09-28,21.52,38812.56,43195.83,24.4,25.2
1,2023-09-29,14.93,28962.08,43110.98,25.2,26.4
1,2023-09-30,20.71,39759.28,43026.38,25.2,26.4
1,2023-10-01,19.43,39790.62,42942.08,24.3,25.4
1,2023-10-02,19.48,36221.63,42858.13,23.4,25.4
1,2023-10-03,15.31,28946.98,42774.59,25.2,26.5
1,2023-10-04,11.55,17171.28,42691.52,24.7,25.5
1,2023-10-05,20.21,39600.00,42608.85,24.7,25.5
1,2023-10-06,19.69,39600.00,42526.00,24.8,25.8
1,2023-10-07,19.88,39600.00,42442.91,24.6,24.9
1,2023-10-08,19.97,39600.00,42359.63,24.2,24.9
1,2023-10-09,20.57,36955.44,42276.24,23.6,24.3
1,2023-10-10,15.29,37875.30,42192.79,22.7,23.8
1,2023-10-11,15.47,29571.64,42109.35,19.2,21.5
1,2023-10-12,20.20,39600.00,42025.97,20.6,21.9
1,2023-10-13,19.36,39600.00,41942.73,19.3,20.5
1,2023-10-14,19.26,38474.68,41859.67,19.6,20.5
1,2023-10-15,9.66,7859.59,41776.87,18.7,19.9
1,2023-10-16,10.88,12574.84,41694.39,16.1,16.9
1,2023-10-17,13.57,28279.54,41612.29,18.1,19.9
1,2023-10-18,15.24,35380.64,41530.65,18.2,19.4
1,2023-10-19,16.66,39600.00,41449.52,18.9,20.1
1,2023-10-20,16.23,30105.78,41368.97,21.4,23.2
1,2023-10-21,10.67,19193.90,41289.08,17.8,19.4
1,2023-10-22,16.89,39600.00,41209.92,17.9,18.5
1,2023-10-23,17.97,39600.00,41131.54,19.2,21.5
1,2023-10-24,17.86,39600.00,41054.03,22.1,23.5
1,2023-10-25,18.04,39600.00,40977.33,20.6,22.2
1,2023-10-26,18.87,38013.17,40900.80,19.6,20.9
1,2023-10-27,9.39,13572.61,40824.36,17.8,18.6
1,2023-10-28,5.55,2967.50,40748.10,17.6,19.4
1,2023-10-29,13.34,22309.06,40672.10,17.2,18.0
1,2023-10-30,12.26,23929.60,40596.41,17.8,18.7
1,2023-10-31,16.62,38204.46,40521.11,18.8,20.0
1,2023-11-01,17.56,39600.00,40446.29,19.7,20.5
1,2023-11-02,17.75,39581.28,40372.00,20.8,21.6
1,2023-11-03,17.90,38994.69,40298.33,20.6,21.0
1,2023-11-04,16.96,39506.36,40225.37,19.9,20.7
1,2023-11-05,17.16,39470.58,40153.19,20.4,21.3
1,2023-11-06,17.72,35835.99,40081.86,21.1,22.7
1,2023-11-07,12.08,24185.10,40011.47,16.7,19.2
1,2023-11-08,17.04,39370.66,39942.11,17.2,18.6
1,2023-11-09,15.36,39340.03,39873.86,21.3,23.5
1,2023-11-10,12.63,32976.29,39806.79,22.5,23.5
1,2023-11-11,10.07,24752.14,39741.01,21.8,22.5
1,2023-11-12,10.03,22086.63,39676.60,18.7,22.0
1,2023-11-13,10.59,22651.32,39613.63,14.8,16.7
1,2023-11-14,9.70,15351.62,39552.10,16.3,19.1
1,2023-11-15,12.77,34507.44,39491.36,17.4,19.2
1,2023-11-16,14.01,28800.00,39431.36,17.0,19.9
1,2023-11-17,11.50,25655.74,39372.17,10.0,11.9
1,2023-11-18,9.72,23376.16,39313.86,10.9,13.3
1,2023-11-19,13.52,36818.13,39256.51,13.6,14.8
1,2023-11-20,15.22,35828.49,39200.18,13.7,15.6
1,2023-11-21,15.94,38653.96,39144.95,15.0,17.0
1,2023-11-22,16.06,38126.22,39090.90,16.6,17.7
1,2023-11-23,15.88,38545.09,39038.11,16.4,17.6
1,2023-11-24,12.86,34345.10,38986.65,14.4,16.8
1,2023-11-25,11.31,35087.21,38936.60,15.3,16.7
1,2023-11-26,11.03,25903.27,38888.03,18.0,19.0
1,2023-11-27,12.78,30344.67,38841.02,16.8,18.7
1,2023-11-28,15.97,35436.06,38795.67,14.2,15.8
1,2023-11-29,12.14,31461.64,38752.04,18.1,20.8
1,2023-11-30,10.14,24220.78,38710.22,18.6,19.7
1,2023-12-01,4.06,0.00,38670.29,15.9,17.7
1,2023-12-02,6.00,2464.27,38632.33,16.9,18.2
1,2023-12-03,8.56,14400.00,38596.41,18.9,20.7
1,2023-12-04,4.74,5977.21,38562.55,20.6,21.5
1,2023-12-05,5.49,2558.09,38530.33,18.0,20.0
1,2023-12-06,5.38,806.42,38499.71,16.3,19.1
1,2023-12-07,8.97,23689.49,38470.72,14.4,15.9
1,2023-12-08,13.73,36790.91,38443.40,17.6,20.1
1,2023-12-09,14.09,35698.14,38417.77,20.3,21.0
1,2023-12-10,8.20,23827.54,38393.88,21.2,21.8
1,2023-12-11,13.78,35528.50,38371.76,21.8,22.4
1,2023-12-12,5.39,786.45,38351.44,19.3,21.6
1,2023-12-13,9.46,25039.85,38332.95,18.5,18.8
1,2023-12-14,13.62,36736.86,38316.33,19.4,20.2
1,2023-12-15,13.99,36212.30,38301.61,20.1,21.0
1,2023-12-16,5.31,9568.81,38288.82,14.4,19.4
1,2023-12-17,5.18,662.41,38277.99,13.3,14.3
1,2023-12-18,12.09,33907.35,38269.14,16.2,18.6
1,2023-12-19,7.91,14707.39,38262.31,18.6,19.9
1,2023-12-20,3.79,0.00,38257.54,14.6,17.2
1,2023-12-21,4.36,0.00,38254.83,9.2,12.0
1,2023-12-22,7.93,13187.58,38254.24,8.4,10.9
1,2023-12-23,7.03,8447.81,38255.77,13.5,16.2
1,2023-12-24,4.61,3915.75,38259.45,13.6,17.0
1,2023-12-25,12.01,24332.97,38265.33,10.0,11.6
1,2023-12-26,13.63,32930.69,38273.36,12.4,15.0
1,2023-12-27,10.14,23295.77,38283.51,18.2,20.0
1,2023-12-28,3.16,0.00,38295.75,19.8,20.7
1,2023-12-29,8.10,23029.69,38310.04,20.1,20.7
1,2023-12-30,10.35,29616.28,38326.34,20.9,22.0
1,2023-12-31,11.24,27065.13,38344.60,15.2,20.3
1,2024-01-01,8.98,21242.61,38364.81,12.5,13.8
1,2024-01-02,11.67,33556.58,38386.90,14.8,15.6
1,2024-01-03,10.87,23514.58,38410.86,12.3,17.8
1,2024-01-04,12.64,33449.05,38436.62,11.0,13.4
1,2024-01-05,13.60,36563.51,38464.16,12.6,14.1
1,2024-01-06,15.40,36008.67,38493.43,14.0,16.1
1,2024-01-07,11.85,35217.31,38524.39,12.1,13.1
1,2024-01-08,13.05,25435.47,38557.01,14.2,18.1
1,2024-01-09,8.85,25492.82,38591.23,16.9,18.7
1,2024-01-10,13.28,32400.00,38627.02,9.7,15.0
1,2024-01-11,9.88,20150.99,38664.34,8.7,9.4
1,2024-01-12,16.06,36298.45,38703.15,10.3,11.0
1,2024-01-13,16.31,36297.02,38743.48,11.5,12.3
1,2024-01-14,15.48,36018.30,38785.80,11.7,13.5
1,2024-01-15,14.03,36000.00,38830.10,12.8,14.5
1,2024-01-16,13.31,36000.00,38876.30,12.1,13.1
1,2024-01-17,14.94,36000.00,38924.31,15.6,16.6
1,2024-01-18,6.30,16460.11,38974.04,17.2,19.5
1,2024-01-19,9.17,28984.06,39025.42,18.6,19.2
1,2024-01-20,13.25,35187.40,39078.36,18.6,20.0
1,2024-01-21,4.46,0.00,39132.78,14.2,16.0
1,2024-01-22,9.00,18721.45,39188.59,12.1,14.5
1,2024-01-23,5.24,1314.25,39245.71,8.2,9.7
1,2024-01-24,8.32,14209.90,39304.07,7.2,8.3
1,2024-01-25,6.79,5447.11,39363.58,10.6,12.4
1,2024-01-26,6.68,2062.49,39424.16,12.1,12.7
1,2024-01-27,7.40,10800.00,39485.74,13.0,14.2
1,2024-01-28,9.50,9159.42,39548.24,12.0,12.7
1,2024-01-29,14.02,26617.66,39611.58,14.3,15.5
1,2024-01-30,16.43,36431.93,39675.70,16.8,17.4
1,2024-01-31,17.35,36503.74,39740.52,17.5,18.6
1,2024-02-01,16.55,36402.81,39805.96,17.7,18.3
1,2024-02-02,17.78,36428.81,39872.08,18.8,19.6
1,2024-02-03,17.22,36019.60,39939.54,19.5,20.1
1,2024-02-04,8.75,16689.97,40008.38,20.5,21.6
1,2024-02-05,5.95,1046.03,40078.50,15.6,19.8
1,2024-02-06,11.61,18848.23,40149.81,15.4,16.4
1,2024-02-07,7.86,8746.96,40222.23,16.7,19.9
1,2024-02-08,5.34,1094.95,40295.67,14.4,16.0
1,2024-02-09,5.07,0.00,40370.05,12.1,14.5
1,2024-02-10,14.66,29554.85,40445.29,10.0,10.9
1,2024-02-11,19.65,38167.08,40521.30,8.2,9.5
1,2024-02-12,16.05,36718.12,40598.01,9.4,12.3
1,2024-02-13,15.70,35595.20,40675.33,15.2,16.8
1,2024-02-14,17.99,38813.05,40753.18,17.4,18.6
1,2024-02-15,19.11,36550.81,40831.49,17.8,18.9
1,2024-02-16,16.50,33243.05,40910.19,15.5,16.5
1,2024-02-17,18.65,36000.00,40989.20,16.5,17.5
1,2024-02-18,16.78,37262.93,41068.44,19.6,21.0
1,2024-02-19,19.34,37247.04,41147.85,20.3,21.0
1,2024-02-20,19.62,39563.20,41227.34,20.7,21.4
1,2024-02-21,20.33,39255.59,41306.85,20.5,22.0
1,2024-02-22,19.52,37185.16,41386.45,19.9,20.6
1,2024-02-23,5.81,81.14,41466.78,16.8,18.2
1,2024-02-24,12.68,15510.31,41547.93,16.1,17.0
1,2024-02-25,9.39,6202.71,41629.80,12.9,15.1
1,2024-02-26,7.72,4047.57,41712.33,13.3,15.0
1,2024-02-27,11.56,20449.20,41795.45,14.0,15.3
1,2024-02-28,19.83,36705.15,41879.10,16.3,18.2
1,2024-02-29,20.17,36540.15,41963.21,17.8,19.7
1,2024-03-01,7.65,6148.65,42047.71,13.3,15.3
1,2024-03-02,6.69,719.93,42132.53,13.0,14.5
1,2024-03-03,11.43,17861.28,42217.61,16.5,19.0
1,2024-03-04,19.15,40968.76,42302.89,21.0,21.7
1,2024-03-05,19.61,38622.79,42388.30,22.2,22.9
1,2024-03-06,11.47,14685.25,42473.78,16.7,20.9
1,2024-03-07,8.05,2304.00,42559.26,14.2,16.0
1,2024-03-08,15.07,34943.42,42644.69,8.2,9.9
1,2024-03-09,17.15,29343.64,42730.01,8.4,11.0
1,2024-03-10,6.76,0.00,42815.14,12.7,15.2
1,2024-03-11,8.81,14520.38,42900.02,16.0,19.3
1,2024-03-12,22.80,42446.85,42984.61,10.5,11.4
1,2024-03-13,23.08,40998.62,43068.94,9.8,12.1
1,2024-03-14,18.94,35003.45,43153.64,12.7,14.8
1,2024-03-15,18.82,40918.97,43238.76,15.3,16.4
1,2024-03-16,21.81,42169.17,43324.24,17.1,19.0
1,2024-03-17,21.64,38554.93,43410.05,19.3,20.3
1,2024-03-18,15.11,26874.52,43496.10,17.3,18.2
1,2024-03-19,8.86,5026.57,43582.36,13.0,18.3
1,2024-03-20,21.38,42366.90,43668.76,8.1,9.1
1,2024-03-21,21.57,39317.54,43755.24,9.0,10.7
1,2024-03-22,18.33,32604.20,43841.76,14.2,18.6
1,2024-03-23,20.57,39600.00,43928.26,20.4,21.0
1,2024-03-24,22.64,42753.01,44014.67,21.4,22.5
1,2024-03-25,22.88,42777.36,44100.95,21.9,22.6
1,2024-03-26,17.59,31077.63,44187.03,16.9,22.3
1,2024-03-27,14.77,22346.59,44272.87,17.1,19.1
1,2024-03-28,12.20,14400.00,44358.40,20.9,22.0
1,2024-03-29,16.94,25892.11,44443.56,19.7,21.0
1,2024-03-30,14.22,24870.80,44528.30,22.1,23.8
1,2024-03-31,18.01,32630.95,44612.55,22.4,24.5
1,2024-04-01,18.27,40643.63,44696.26,20.1,23.3
1,2024-04-02,22.49,42973.61,44779.48,23.2,23.6
1,2024-04-03,23.26,42998.52,44862.78,23.4,23.9
1,2024-04-04,23.50,42959.04,44946.22,23.5,24.0
1,2024-04-05,20.86,32968.52,45029.75,21.9,23.1
1,2024-04-06,18.82,34610.83,45113.31,22.0,23.4
1,2024-04-07,8.92,11377.00,45196.84,21.7,22.5
1,2024-04-08,18.33,39522.66,45280.30,21.4,22.9
1,2024-04-09,14.57,22851.25,45363.62,18.0,20.0
1,2024-04-10,16.80,38628.24,45446.74,18.6,20.4
1,2024-04-11,21.37,43197.49,45529.61,21.0,22.0
1,2024-04-12,22.28,43200.00,45612.17,22.8,23.2
1,2024-04-13,17.27,40349.87,45694.37,23.0,23.6
1,2024-04-14,19.15,37525.77,45776.13,24.4,25.0
1,2024-04-15,19.80,42654.12,45857.40,24.4,25.4
1,2024-04-16,22.37,43388.14,45938.12,24.1,25.1
1,2024-04-17,23.87,41248.87,46018.23,23.9,25.1
1,2024-04-18,19.88,39018.33,46097.66,19.3,21.8
1,2024-04-19,21.20,38310.58,46176.33,20.1,22.9
1,2024-04-20,23.29,43433.19,46254.20,23.7,24.3
1,2024-04-21,23.01,42530.24,46331.19,24.1,25.1
1,2024-04-22,20.82,31779.75,46407.33,24.1,24.6
1,2024-04-23,15.65,20981.07,46483.20,23.4,24.9
1,2024-04-24,17.49,28209.55,46558.82,22.2,22.7
1,2024-04-25,18.47,29274.84,46634.15,23.1,23.6
1,2024-04-26,14.46,22334.48,46709.14,23.6,25.0
1,2024-04-27,16.89,27649.55,46783.70,24.0,25.0
1,2024-04-28,18.43,41227.90,46857.79,24.7,25.7
1,2024-04-29,23.93,44924.03,46931.35,25.6,26.3
1,2024-04-30,23.73,39600.00,47004.31,24.3,26.0
1,2024-05-01,16.75,15641.11,47076.60,21.6,24.1
1,2024-05-02,12.78,26152.43,47148.17,21.4,21.9
1,2024-05-03,23.62,44859.45,47218.95,22.5,23.1
1,2024-05-04,23.07,44581.59,47288.87,23.4,24.0
1,2024-05-05,22.66,45093.53,47357.85,23.7,24.2
1,2024-05-06,21.39,45080.12,47425.85,24.0,24.8
1,2024-05-07,24.39,42603.58,47492.77,21.4,23.6
1,2024-05-08,25.13,46370.46,47558.55,18.0,20.4
1,2024-05-09,25.93,41708.33,47623.13,17.0,17.6
1,2024-05-10,24.94,41432.19,47686.41,18.0,19.6
1,2024-05-11,19.53,34632.68,47748.33,21.2,23.6
1,2024-05-12,21.98,33384.72,47808.92,24.0,25.4
1,2024-05-13,12.46,8588.97,47868.64,19.4,23.2
1,2024-05-14,11.96,14634.85,47927.55,21.1,22.0
1,2024-05-15,26.40,46584.28,47985.58,18.5,21.7
1,2024-05-16,25.95,46585.16,48042.70,17.2,18.4
1,2024-05-17,19.72,31450.09,48098.82,21.2,22.4
1,2024-05-18,19.25,39568.92,48153.90,22.4,23.5
1,2024-05-19,20.69,40011.93,48207.89,22.8,23.8
1,2024-05-20,13.52,12877.23,48260.72,23.7,24.2
1,2024-05-21,19.80,30801.12,48312.34,24.4,24.9
1,2024-05-22,15.48,24468.10,48362.68,24.4,25.4
1,2024-05-23,24.01,46761.88,48411.69,25.1,26.3
1,2024-05-24,19.95,38004.48,48459.31,24.7,25.4
1,2024-05-25,19.43,32475.80,48505.46,24.8,26.1
1,2024-05-26,13.24,15679.15,48550.10,24.8,25.7
1,2024-05-27,14.03,16958.37,48593.17,25.3,26.3
1,2024-05-28,9.45,13548.87,48634.60,23.4,26.8
1,2024-05-29,13.02,19237.70,48674.32,23.2,24.4
1,2024-05-30,24.35,46422.43,48712.28,25.6,26.5
1,2024-05-31,19.93,33110.85,48748.40,26.3,27.6
1,2024-06-01,19.33,32367.57,48782.71,25.8,26.8
1,2024-06-02,14.31,12728.01,48815.46,24.7,26.2
1,2024-06-03,21.10,39600.00,48846.71,19.2,21.8
1,2024-06-04,25.06,46800.00,48876.42,19.5,20.2
1,2024-06-05,25.82,46800.00,48904.58,19.3,20.2
1,2024-06-06,23.39,39359.61,48931.14,21.4,22.6
1,2024-06-07,18.19,31326.56,48956.08,23.8,24.6
1,2024-06-08,16.29,27478.28,48979.39,24.9,25.6
1,2024-06-09,22.00,39610.40,49001.03,25.3,25.9
1,2024-06-10,21.61,39023.72,49020.97,25.5,26.4
1,2024-06-11,24.45,46800.00,49039.20,26.3,26.9
1,2024-06-12,25.92,46420.90,49055.69,26.5,27.1
1,2024-06-13,22.91,35140.31,49070.41,26.4,26.8
1,2024-06-14,17.61,33899.75,49083.34,26.4,26.9
1,2024-06-15,25.43,44619.32,49094.46,26.6,27.1
1,2024-06-16,25.56,39600.00,49103.75,26.1,26.9
1,2024-06-17,12.50,10495.10,49111.19,25.9,26.4
1,2024-06-18,8.16,7556.80,49116.74,25.0,26.3
1,2024-06-19,21.99,44958.01,49120.40,25.6,26.5
1,2024-06-20,26.74,44353.36,49122.15,25.9,26.2
1,2024-06-21,27.09,46988.71,49121.96,26.6,27.0
1,2024-06-22,26.87,46969.70,49119.81,27.0,27.4
1,2024-06-23,27.73,47227.27,49115.73,26.3,27.0
1,2024-06-24,27.44,47206.44,49109.73,25.8,26.7
1,2024-06-25,26.10,46907.51,49101.85,25.6,26.3
1,2024-06-26,26.42,46885.38,49092.10,25.6,26.3
1,2024-06-27,27.57,46004.85,49080.52,25.5,26.1
1,2024-06-28,27.21,47116.62,49067.12,25.4,26.1
1,2024-06-29,27.68,47093.03,49051.94,25.6,26.0
1,2024-06-30,27.00,47069.17,49035.00,25.9,26.4
1,2024-07-01,27.24,47045.17,49016.34,25.7,26.1
1,2024-07-02,26.47,47021.08,48995.98,25.5,25.9
1,2024-07-03,27.81,47273.19,48973.94,26.1,26.6
1,2024-07-04,27.29,46973.10,48950.26,25.6,26.4
1,2024-07-05,25.03,46949.44,48924.98,25.3,26.4
1,2024-07-06,27.12,43326.09,48898.11,25.3,25.8
1,2024-07-07,27.35,47178.39,48869.69,24.7,26.3
1,2024-07-08,22.86,43280.77,48839.74,24.4,25.3
1,2024-07-09,26.90,46584.32,48808.31,24.5,25.0
1,2024-07-10,26.86,46563.56,48775.42,25.6,26.3
1,2024-07-11,27.17,47091.53,48741.04,25.6,25.9
1,2024-07-12,26.87,46356.21,48704.84,25.5,25.8
1,2024-07-13,27.04,46776.19,48666.84,25.3,26.2
1,2024-07-14,26.86,46181.16,48627.09,25.3,25.8
1,2024-07-15,25.23,46462.32,48585.67,24.6,25.4
1,2024-07-16,26.32,45665.19,48542.63,24.7,25.5
1,2024-07-17,26.77,46225.76,48498.03,25.7,26.4
1,2024-07-18,27.36,46674.76,48451.95,25.3,25.8
1,2024-07-19,26.80,46171.20,48404.44,25.4,25.7
1,2024-07-20,27.00,44381.25,48355.56,24.7,25.6
1,2024-07-21,24.95,46346.57,48305.38,25.0,25.7
1,2024-07-22,23.71,39600.00,48253.96,25.2,25.9
1,2024-07-23,9.90,3750.31,48201.36,25.2,26.4
1,2024-07-24,3.23,0.00,48147.63,25.5,26.5
1,2024-07-25,12.69,8902.62,48092.84,25.3,26.1
1,2024-07-26,17.70,39743.66,48037.05,26.0,26.9
1,2024-07-27,19.79,38190.24,47980.31,25.5,26.2
1,2024-07-28,25.12,43243.16,47922.69,25.1,26.0
1,2024-07-29,24.09,45849.42,47864.23,25.1,25.5
1,2024-07-30,26.44,45928.33,47805.00,25.5,25.9
1,2024-07-31,26.30,45842.97,47744.96,25.8,26.1
1,2024-08-01,26.74,45605.18,47683.61,26.3,26.8
1,2024-08-02,26.79,45790.34,47620.94,26.5,27.2
1,2024-08-03,26.94,45764.08,47557.01,25.7,26.7
1,2024-08-04,26.69,44570.97,47491.91,25.1,25.6
1,2024-08-05,19.61,26429.80,47425.71,25.0,25.5
1,2024-08-06,9.91,3518.23,47358.47,25.5,26.1
1,2024-08-07,19.44,32221.09,47290.26,26.2,27.2
1,2024-08-08,18.45,33348.59,47221.15,25.9,27.1
1,2024-08-09,18.41,32387.61,47151.21,25.7,26.4
1,2024-08-10,23.47,41603.88,47080.50,25.6,27.0
1,2024-08-11,26.27,45415.21,47009.09,24.6,25.6
1,2024-08-12,26.69,45161.92,46937.04,24.9,25.2
1,2024-08-13,25.02,44909.37,46864.42,24.6,25.4
1,2024-08-14,25.77,43618.10,46791.28,24.5,25.0
1,2024-08-15,23.22,40920.47,46717.68,24.8,25.2
1,2024-08-16,14.92,21078.79,46643.70,25.0,25.4
1,2024-08-17,16.98,31821.00,46569.37,25.4,26.3
1,2024-08-18,7.96,843.86,46494.77,25.2,25.8
1,2024-08-19,4.18,3600.00,46419.95,25.2,26.9
1,2024-08-20,24.89,43934.65,46344.86,26.1,26.8
1,2024-08-21,24.83,44201.16,46268.96,26.2,27.0
1,2024-08-22,25.65,44209.90,46192.23,25.8,26.6
1,2024-08-23,25.51,44218.58,46114.71,25.4,25.9
1,2024-08-24,24.52,43201.80,46036.48,24.7,25.9
1,2024-08-25,14.36,23856.99,45957.60,24.8,25.4
1,2024-08-26,23.30,43988.59,45878.13,25.7,26.8
1,2024-08-27,24.79,43997.40,45798.12,25.3,26.0
1,2024-08-28,24.93,43751.06,45717.64,26.1,27.0
1,2024-08-29,24.83,44015.01,45636.75,25.9,27.1
1,2024-08-30,24.05,43758.31,45555.50,25.7,26.5
1,2024-08-31,23.52,43962.00,45473.94,25.7,27.0
1,2024-09-01,25.53,43910.77,45392.15,24.4,25.8
1,2024-09-02,25.08,43097.65,45310.16,23.4,24.7
1,2024-09-03,21.63,43300.31,45228.04,25.3,25.9
1,2024-09-04,23.90,43249.00,45145.83,24.9,25.4
1,2024-09-05,21.82,42417.33,45063.59,25.4,26.1
1,2024-09-06,19.85,37254.47,44981.38,24.9,26.1
1,2024-09-07,21.48,40327.52,44899.24,25.0,25.5
1,2024-09-08,20.05,42644.41,44817.23,24.7,25.8
1,2024-09-09,19.17,39517.82,44735.30,25.0,25.8
1,2024-09-10,22.80,42689.77,44652.89,25.2,25.7
1,2024-09-11,22.00,38457.24,44569.96,25.2,25.8
1,2024-09-12,22.22,42398.37,44486.58,24.5,26.3
1,2024-09-13,19.49,34819.00,44402.78,24.3,25.5
1,2024-09-14,23.72,42478.01,44318.64,24.5,25.4
1,2024-09-15,23.39,38263.11,44234.19,25.0,25.8
1,2024-09-16,18.72,37767.07,44149.51,25.7,26.8
1,2024-09-17,21.93,39391.33,44064.63,24.6,25.4
1,2024-09-18,18.71,40157.79,43979.62,25.6,26.3
1,2024-09-19,21.95,41198.31,43894.52,25.7,26.9
1,2024-09-20,15.67,22736.04,43809.39,25.5,26.0
1,2024-09-21,17.36,39542.55,43724.28,24.9,25.7
1,2024-09-22,16.43,30113.93,43639.24,25.3,25.8
1,2024-09-23,21.31,36566.61,43554.33,25.3,25.8
1,2024-09-24,14.51,25445.90,43469.60,25.4,26.2
1,2024-09-25,18.41,32111.24,43385.10,25.0,26.3
1,2024-09-26,15.57,35692.05,43300.88,24.2,25.4
1,2024-09-27,21.07,36783.25,43216.99,24.3,24.9
1,2024-09-28,13.22,26296.08,43133.48,24.3,24.9
1,2024-09-29,10.70,15763.62,43050.32,24.7,25.4
1,2024-09-30,12.46,20278.53,42966.90,24.7,25.2
1,2024-10-01,17.90,36474.54,42883.18,25.2,26.4
1,2024-10-02,7.12,3796.65,42799.22,24.1,24.8
1,2024-10-03,8.96,8705.68,42715.08,23.9,25.2
1,2024-10-04,9.62,20760.13,42630.81,24.2,24.9
1,2024-10-05,13.61,26239.14,42546.49,24.2,24.9
1,2024-10-06,19.29,39600.00,42462.15,23.9,25.0
1,2024-10-07,19.09,39600.00,42377.87,24.0,24.8
1,2024-10-08,15.58,33598.96,42293.69,22.3,24.0
1,2024-10-09,14.86,27102.34,42209.69,21.7,22.3
1,2024-10-10,18.23,38488.97,42125.92,20.3,21.9
1,2024-10-11,20.34,39600.00,42042.44,18.7,20.1
1,2024-10-12,17.31,39600.00,41959.32,21.1,22.5
1,2024-10-13,18.67,39600.00,41876.61,21.7,23.1
1,2024-10-14,18.87,39600.00,41794.39,22.4,23.0
1,2024-10-15,19.52,39600.00,41712.71,22.6,23.7
1,2024-10-16,16.83,39600.00,41631.63,24.4,24.9
1,2024-10-17,17.99,39600.00,41551.22,24.2,25.3
1,2024-10-18,17.69,39600.00,41471.56,24.9,25.4
1,2024-10-19,19.36,39600.00,41392.58,24.0,25.3
1,2024-10-20,14.83,39301.33,41313.64,23.4,24.3
1,2024-10-21,18.57,39600.00,41234.69,23.6,24.2
1,2024-10-22,18.23,38597.42,41155.80,23.4,24.3
1,2024-10-23,15.00,32400.00,41077.04,23.5,24.9
1,2024-10-24,7.23,5978.95,40998.47,24.8,25.3
1,2024-10-25,7.59,7200.00,40920.17,24.7,25.5
1,2024-10-26,16.08,38914.27,40842.22,23.8,24.5
1,2024-10-27,17.95,39600.00,40764.67,23.2,23.8
1,2024-10-28,16.44,36000.00,40687.61,23.0,23.5
1,2024-10-29,6.44,631.59,40611.11,23.1,24.4
1,2024-10-30,6.63,59.00,40535.25,24.5,25.0
1,2024-10-31,3.32,976.15,40460.10,24.2,25.3
1,2024-11-01,11.03,31436.46,40385.75,24.3,25.6
1,2024-11-02,7.73,10720.07,40312.26,21.8,22.4
1,2024-11-03,15.05,39510.83,40239.73,21.6,22.1
1,2024-11-04,15.90,39475.17,40168.24,20.7,21.8
1,2024-11-05,13.84,35340.78,40097.85,19.9,22.3
1,2024-11-06,10.05,16167.58,40028.68,16.2,17.7
1,2024-11-07,6.27,3511.05,39960.79,19.4,21.6
1,2024-11-08,8.77,20260.90,39894.16,23.4,24.2
1,2024-11-09,15.72,39319.53,39828.11,24.1,25.0
1,2024-11-10,16.43,39283.49,39762.61,23.6,24.7
1,2024-11-11,15.98,34832.20,39697.73,22.9,23.7
1,2024-11-12,7.35,9826.28,39633.53,23.3,23.8
1,2024-11-13,11.41,34644.55,39570.10,23.8,24.4
1,2024-11-14,13.41,28626.77,39507.51,24.3,24.6
1,2024-11-15,6.94,8508.99,39445.84,24.4,25.1
1,2024-11-16,7.66,13980.92,39385.17,24.0,24.7
1,2024-11-17,13.22,28740.27,39325.56,22.8,24.9
1,2024-11-18,4.95,148.04,39267.12,18.9,20.7
1,2024-11-19,5.77,1348.49,39209.92,18.3,19.6
1,2024-11-20,6.96,10041.64,39154.03,21.2,22.1
1,2024-11-21,3.60,265.77,39099.55,20.4,21.7
1,2024-11-22,7.38,11831.61,39046.56,17.1,18.9
1,2024-11-23,11.63,28593.98,38995.14,15.6,17.1
1,2024-11-24,11.21,28365.01,38945.38,16.6,17.5
1,2024-11-25,14.38,37856.65,38897.37,19.8,21.4
1,2024-11-26,8.07,14812.35,38851.20,16.0,20.6
1,2024-11-27,14.02,36829.49,38806.94,11.2,13.0
1,2024-11-28,13.35,34264.38,38764.60,9.9,11.9
1,2024-11-29,14.77,28800.00,38723.68,9.0,10.7
1,2024-11-30,14.40,33788.57,38684.13,11.6,15.3
1,2024-12-01,15.50,36972.15,38646.01,15.3,16.6
1,2024-12-02,14.64,38108.26,38609.35,15.9,16.7
1,2024-12-03,15.90,38061.80,38574.22,15.8,16.7
1,2024-12-04,11.97,28800.00,38540.65,16.9,17.9
1,2024-12-05,4.88,1025.03,38508.70,17.5,18.8
1,2024-12-06,3.55,258.33,38478.42,19.7,20.3
1,2024-12-07,8.94,18393.87,38449.86,18.9,20.8
1,2024-12-08,7.31,15898.02,38423.05,13.3,15.5
1,2024-12-09,9.15,20336.42,38398.06,13.9,15.0
1,2024-12-10,14.08,36182.22,38374.93,15.0,16.6
1,2024-12-11,7.57,17107.26,38353.71,17.8,19.4
1,2024-12-12,6.38,8784.81,38334.44,17.2,18.5
1,2024-12-13,10.58,32223.28,38317.17,16.4,18.3
1,2024-12-14,6.15,4105.10,38301.95,12.0,13.7
1,2024-12-15,9.17,15531.06,38288.83,10.1,12.1
1,2024-12-16,4.26,351.35,38277.85,11.6,13.9
1,2024-12-17,12.70,30919.15,38269.05,13.9,15.3
1,2024-12-18,3.45,232.10,38262.46,12.6,17.1
1,2024-12-19,5.84,1625.16,38257.98,11.4,14.0
1,2024-12-20,13.62,35876.08,38255.57,14.2,14.9
1,2024-12-21,3.85,5366.12,38255.22,14.1,18.2
1,2024-12-22,4.94,110.54,38256.92,10.4,11.6
1,2024-12-23,7.24,14400.00,38260.63,14.4,16.2
1,2024-12-24,4.30,466.46,38266.36,15.4,16.5
1,2024-12-25,13.54,35904.90,38274.06,16.8,19.2
1,2024-12-26,4.14,637.63,38283.74,17.0,20.1
1,2024-12-27,3.39,0.00,38295.35,13.7,15.1
1,2024-12-28,8.87,23187.51,38308.89,8.5,12.1
1,2024-12-29,8.24,13247.11,38324.33,9.5,12.8
1,2024-12-30,6.77,5416.61,38341.64,15.7,16.7
1,2024-12-31,6.27,3986.84,38360.80,11.7,15.0
1,2025-01-01,5.43,3839.42,38381.80,14.9,17.8
1,2025-01-02,3.01,0.00,38404.60,17.6,19.0
1,2025-01-03,2.16,0.00,38429.17,14.5,17.4
1,2025-01-04,13.68,36004.08,38455.51,11.3,14.0
1,2025-01-05,13.73,29168.93,38483.57,14.5,16.7
1,2025-01-06,14.44,33254.68,38513.34,9.1,12.1
1,2025-01-07,8.31,13444.96,38544.85,8.5,9.6
1,2025-01-08,9.47,23594.84,38578.46,12.3,14.0
1,2025-01-09,3.70,0.00,38614.17,10.1,12.0
1,2025-01-10,7.12,12311.71,38651.89,7.9,9.3
1,2025-01-11,7.25,5466.70,38691.55,9.0,10.4
1,2025-01-12,12.33,24457.39,38733.08,6.1,9.4
1,2025-01-13,14.64,36016.91,38776.39,8.5,12.1
1,2025-01-14,16.15,36000.00,38821.41,13.1,16.4
1,2025-01-15,2.59,192.41,38868.06,11.9,18.2
1,2025-01-16,10.08,16633.45,38916.27,8.2,9.0
1,2025-01-17,15.08,33570.52,38965.96,7.2,8.9
1,2025-01-18,11.01,25947.87,39017.06,11.7,14.9
1,2025-01-19,6.97,6161.67,39069.48,13.2,15.7
1,2025-01-20,17.06,36000.00,39123.17,10.9,12.2
1,2025-01-21,14.52,36000.00,39178.04,11.0,11.9
1,2025-01-22,13.60,36000.00,39234.03,13.3,16.9
1,2025-01-23,9.59,22314.13,39291.06,16.7,17.9
1,2025-01-24,9.16,19459.39,39349.07,16.5,18.0
1,2025-01-25,15.60,36000.00,39407.98,15.7,16.9
1,2025-01-26,15.20,33704.44,39467.73,13.5,15.2
1,2025-01-27,6.20,3704.99,39528.36,7.2,11.9
1,2025-01-28,11.69,23807.54,39590.52,4.6,6.2
1,2025-01-29,13.24,32636.59,39654.20,6.2,9.0
1,2025-01-30,11.93,27719.11,39719.35,10.0,12.1
1,2025-01-31,5.11,117.84,39785.86,16.2,17.9
1,2025-02-01,9.44,18071.50,39853.63,18.1,20.0
1,2025-02-02,10.63,22025.32,39922.59,14.4,15.5
1,2025-02-03,7.81,9965.88,39992.64,10.8,14.7
1,2025-02-04,14.42,29404.12,40063.70,4.6,6.5
1,2025-02-05,16.79,36000.00,40135.68,6.0,8.0
1,2025-02-06,11.10,20951.92,40208.51,11.3,15.8
1,2025-02-07,4.76,0.00,40282.10,9.9,15.3
1,2025-02-08,7.38,2781.61,40356.37,6.1,7.3
1,2025-02-09,11.49,18114.96,40431.24,6.8,7.6
1,2025-02-10,9.67,11876.15,40506.62,9.7,11.0
1,2025-02-11,16.62,32757.26,40582.46,13.8,17.9
1,2025-02-12,4.99,0.00,40658.66,18.3,19.4
1,2025-02-13,3.23,0.00,40735.16,14.9,16.0
1,2025-02-14,5.21,2867.76,40811.88,16.8,18.2
1,2025-02-15,5.58,1880.46,40888.75,20.2,21.0
1,2025-02-16,13.49,31125.53,40965.81,14.5,20.4
1,2025-02-17,20.32,36753.79,41043.77,10.3,11.3
1,2025-02-18,7.56,6602.61,41122.66,11.1,13.1
1,2025-02-19,14.92,30503.13,41202.41,10.2,11.9
1,2025-02-20,9.54,14304.64,41282.94,13.4,15.7
1,2025-02-21,11.22,22065.23,41364.18,14.7,17.5
1,2025-02-22,14.55,30069.72,41446.06,15.0,16.4
1,2025-02-23,5.86,1838.13,41528.50,14.0,18.2
1,2025-02-24,7.46,2871.93,41611.43,7.7,10.2
1,2025-02-25,16.45,33468.78,41694.79,9.8,12.0
1,2025-02-26,16.74,32561.73,41778.51,12.9,13.9
1,2025-02-27,14.77,32964.22,41862.51,16.4,18.1
1,2025-02-28,18.95,40599.60,41946.73,18.9,19.8
1,2025-03-01,20.08,41130.76,42031.10,20.0,21.0
1,2025-03-02,18.54,34014.47,42115.56,21.6,22.0
1,2025-03-03,16.35,31524.95,42200.03,22.1,22.6
1,2025-03-04,14.41,26823.99,42284.47,20.6,22.1
1,2025-03-05,8.94,12899.45,42368.79,18.1,20.3
1,2025-03-06,6.58,1135.20,42452.94,13.1,19.5
1,2025-03-07,8.83,7985.15,42536.85,15.3,17.1
1,2025-03-08,15.33,24107.10,42620.58,15.6,17.3
1,2025-03-09,19.66,35868.52,42704.76,15.7,17.3
1,2025-03-10,20.87,41237.27,42789.44,17.3,18.4
1,2025-03-11,18.87,41995.79,42874.57,19.3,20.5
1,2025-03-12,20.29,38126.63,42960.10,20.5,21.5
1,2025-03-13,12.80,19419.30,43045.94,21.9,22.5
1,2025-03-14,10.86,15996.74,43132.07,21.8,23.1
1,2025-03-15,12.72,22851.27,43218.41,19.0,21.6
1,2025-03-16,7.50,3600.00,43304.91,10.4,15.0
1,2025-03-17,11.04,13778.04,43391.51,6.4,8.0
1,2025-03-18,13.73,20112.02,43478.16,5.4,7.2
1,2025-03-19,15.58,38278.43,43564.79,6.4,7.7
1,2025-03-20,23.55,42646.50,43651.35,7.3,8.6
1,2025-03-21,24.24,42671.37,43737.78,9.0,11.4
1,2025-03-22,24.00,42696.17,43824.03,11.8,13.5
1,2025-03-23,23.87,42720.94,43910.03,13.8,16.2
1,2025-03-24,23.70,42745.69,43995.73,17.9,20.4
1,2025-03-25,18.26,31628.17,44081.07,22.0,23.0
1,2025-03-26,17.75,31456.13,44166.00,23.4,24.2
1,2025-03-27,21.03,38672.84,44250.45,23.4,24.3
1,2025-03-28,11.32,10574.78,44334.46,17.2,22.0
1,2025-03-29,7.08,696.62,44418.64,14.6,15.0
1,2025-03-30,9.19,9919.74,44503.03,15.4,16.8
1,2025-03-31,6.16,598.22,44587.58,18.6,19.7
1,2025-04-01,10.78,4905.26,44672.24,14.9,17.5
1,2025-04-02,18.48,40357.46,44756.96,12.2,14.2
1,2025-04-03,19.83,39925.57,44841.66,11.8,13.6
1,2025-04-04,24.94,39417.20,44926.31,12.7,14.7
1,2025-04-05,8.79,2439.64,45010.85,17.1,19.0
1,2025-04-06,9.75,6406.29,45095.22,17.9,19.6
1,2025-04-07,21.61,39952.57,45179.36,17.1,17.9
1,2025-04-08,19.84,39583.80,45263.21,18.1,18.6
1,2025-04-09,21.95,36774.61,45346.73,18.6,19.5
1,2025-04-10,6.90,14140.23,45429.84,20.4,22.0
1,2025-04-11,24.84,43189.16,45512.49,19.7,20.9
1,2025-04-12,19.97,33149.95,45594.63,21.4,24.1
1,2025-04-13,8.84,4534.40,45676.18,11.5,13.6
1,2025-04-14,24.89,42101.99,45757.08,16.5,19.1
1,2025-04-15,24.97,43675.28,45837.27,16.6,19.4
1,2025-04-16,24.70,39600.00,45916.69,17.9,20.7
1,2025-04-17,12.12,8467.48,45995.38,22.6,23.8
1,2025-04-18,19.11,32400.00,46073.90,23.2,24.5
1,2025-04-19,16.44,26303.94,46152.30,24.2,24.7
1,2025-04-20,21.07,36356.19,46230.53,23.6,25.7
1,2025-04-21,23.53,44048.69,46308.52,23.4,24.3
1,2025-04-22,23.63,39765.98,46386.22,24.2,24.6
1,2025-04-23,20.51,33034.48,46463.56,22.3,24.1
1,2025-04-24,21.44,37917.69,46540.50,21.0,22.6
1,2025-04-25,12.14,11997.02,46616.96,20.6,23.1
1,2025-04-26,12.61,12708.54,46692.89,19.5,21.0
1,2025-04-27,20.56,40349.94,46768.21,22.4,23.5
1,2025-04-28,17.95,37331.40,46842.87,18.5,23.8
1,2025-04-29,26.46,45969.67,46916.80,15.8,16.9
1,2025-04-30,26.43,44648.11,46989.92,18.3,20.2
1,2025-05-01,20.21,32400.00,47062.19,21.6,22.5
1,2025-05-02,26.64,45662.93,47133.51,17.6,20.3
1,2025-05-03,24.02,43200.00,47203.83,21.6,22.8
1,2025-05-04,19.21,39600.00,47273.06,22.4,23.8
1,2025-05-05,21.28,41785.80,47341.15,24.6,25.1
1,2025-05-06,21.06,28824.10,47408.02,22.8,26.0
1,2025-05-07,13.04,15870.03,47473.68,18.6,20.8
1,2025-05-08,17.90,33731.92,47538.65,23.1,24.8
1,2025-05-09,24.38,36997.31,47602.98,24.7,26.1
1,2025-05-10,7.35,7974.29,47666.61,23.1,24.2
1,2025-05-11,10.53,9125.65,47729.48,19.7,23.2
1,2025-05-12,8.91,2281.37,47791.52,19.0,21.1
1,2025-05-13,25.89,46520.10,47852.69,22.2,22.8
1,2025-05-14,26.27,46548.98,47912.92,23.3,23.9
1,2025-05-15,25.70,46576.81,47972.15,24.2,24.6
1,2025-05-16,26.44,46603.60,48030.31,24.9,25.3
1,2025-05-17,26.62,46045.30,48087.35,25.2,25.7
1,2025-05-18,26.72,46039.85,48143.19,25.2,26.0
1,2025-05-19,25.29,46677.49,48197.78,25.7,26.5
1,2025-05-20,26.79,46699.92,48251.05,25.6,25.9
1,2025-05-21,26.54,46721.20,48302.94,25.6,25.8
1,2025-05-22,17.90,31382.98,48353.37,25.2,26.2
1,2025-05-23,22.74,39600.00,48402.28,25.0,25.5
1,2025-05-24,10.95,5809.83,48449.59,23.6,25.7
1,2025-05-25,13.51,11854.58,48495.25,18.0,20.6
1,2025-05-26,18.37,27802.46,48539.19,19.4,20.6
1,2025-05-27,23.56,39423.61,48581.40,20.6,21.0
1,2025-05-28,16.11,20686.23,48622.24,23.0,23.8
1,2025-05-29,12.06,7926.91,48661.75,22.5,24.4
1,2025-05-30,26.07,46800.00,48699.89,18.9,21.2
1,2025-05-31,28.29,44271.07,48736.62,19.2,23.2
1,2025-06-01,11.92,18404.07,48771.90,25.1,25.8
1,2025-06-02,23.13,40921.93,48805.69,25.8,26.2
1,2025-06-03,10.94,5540.70,48837.97,25.2,26.2
1,2025-06-04,14.80,19162.08,48868.69,23.3,24.4
1,2025-06-05,16.16,33750.97,48897.81,23.8,25.1
1,2025-06-06,23.90,46800.00,48925.30,25.8,26.9
1,2025-06-07,26.64,46800.00,48951.12,26.0,26.4
1,2025-06-08,27.01,46800.00,48975.23,26.0,26.4
1,2025-06-09,25.70,46800.00,48997.61,25.9,26.5
1,2025-06-10,25.98,43200.00,49018.21,25.8,26.4
1,2025-06-11,27.17,44032.00,49037.00,25.7,26.3
1,2025-06-12,20.67,34473.24,49053.94,25.0,26.4
1,2025-06-13,17.08,22368.87,49068.99,25.0,25.7
1,2025-06-14,18.41,29237.42,49082.14,25.5,26.1
1,2025-06-15,26.95,46800.00,49093.34,26.2,26.6
1,2025-06-16,25.45,46800.00,49102.57,26.2,26.6
1,2025-06-17,17.51,30822.89,49109.90,25.2,26.3
1,2025-06-18,13.87,27465.76,49115.37,25.3,25.7
1,2025-06-19,26.37,46800.00,49118.96,25.2,26.2
1,2025-06-20,27.28,47004.07,49120.70,24.8,25.4
1,2025-06-21,27.91,47274.52,49120.60,24.7,25.3
1,2025-06-22,27.21,47253.40,49118.66,25.0,25.8
1,2025-06-23,26.69,47231.62,49114.91,24.9,25.4
1,2025-06-24,25.69,46931.88,49109.36,25.5,26.6
1,2025-06-25,27.36,47186.55,49102.01,25.2,25.9
1,2025-06-26,27.06,47163.46,49092.89,25.1,26.1
1,2025-06-27,26.99,46862.96,49082.00,24.7,25.2
1,2025-06-28,21.26,30400.85,49069.38,25.0,25.6
1,2025-06-29,20.53,39804.18,49055.02,25.5,26.5
1,2025-06-30,26.63,47069.75,49038.95,24.9,26.1
1,2025-07-01,27.25,46769.89,49021.19,25.3,25.9
1,2025-07-02,26.35,47023.51,49001.74,24.2,25.4
1,2025-07-03,26.23,47000.90,48980.65,24.2,25.2
1,2025-07-04,25.82,46553.44,48957.91,25.0,25.4
1,2025-07-05,24.10,39600.00,48933.55,23.8,25.5
1,2025-07-06,5.19,2744.35,48907.54,24.7,25.2
1,2025-07-07,15.29,21919.88,48879.63,25.4,26.1
1,2025-07-08,20.25,29607.27,48849.83,26.0,26.6
1,2025-07-09,19.72,29515.85,48818.20,25.9,26.9
1,2025-07-10,11.96,8478.87,48784.78,25.0,25.7
1,2025-07-11,20.96,41796.53,48749.64,25.3,26.7
1,2025-07-12,25.83,43780.76,48712.83,26.4,27.1
1,2025-07-13,26.08,46265.94,48674.41,26.3,26.9
1,2025-07-14,25.76,46487.06,48634.45,25.6,26.1
1,2025-07-15,26.46,46281.53,48592.99,26.2,27.2
1,2025-07-16,26.31,45392.02,48550.08,26.6,27.6
1,2025-07-17,24.17,46221.62,48505.79,25.2,26.1
1,2025-07-18,16.93,25200.00,48460.17,25.1,25.7
1,2025-07-19,15.16,23282.63,48413.28,24.9,25.7
1,2025-07-20,7.69,3066.51,48365.17,24.8,25.6
1,2025-07-21,13.43,16428.71,48315.90,24.7,25.3
1,2025-07-22,21.88,46091.56,48265.52,24.7,25.5
1,2025-07-23,24.17,42475.31,48214.08,24.8,25.3
1,2025-07-24,17.06,33489.17,48161.64,25.0,25.5
1,2025-07-25,25.74,43672.28,48108.24,25.7,26.0
1,2025-07-26,16.87,25207.31,48053.85,25.7,26.6
1,2025-07-27,16.35,29861.68,47998.03,26.0,27.2
1,2025-07-28,18.51,38925.61,47940.74,25.1,25.8
1,2025-07-29,21.58,42013.55,47882.06,25.7,26.4
1,2025-07-30,25.31,45587.99,47822.07,26.2,26.9
1,2025-07-31,23.41,40808.56,47760.84,26.4,26.9
1,2025-08-01,25.44,45602.99,47698.43,26.4,26.7
1,2025-08-02,22.60,42696.67,47634.92,26.4,27.6
1,2025-08-03,24.70,43237.37,47570.39,26.1,26.8
1,2025-08-04,22.51,32976.71,47504.87,26.0,26.8
1,2025-08-05,20.94,45368.89,47438.46,25.7,26.4
1,2025-08-06,25.52,45639.85,47371.22,25.3,26.0
1,2025-08-07,26.45,44595.88,47303.20,25.0,25.6
1,2025-08-08,25.96,45129.53,47234.48,25.7,26.3
1,2025-08-09,26.59,45137.51,47165.10,25.5,26.2
1,2025-08-10,26.07,44622.33,47095.15,25.1,25.5
1,2025-08-11,26.34,44369.83,47024.68,25.2,25.7
1,2025-08-12,25.14,42462.91,46953.74,24.6,25.2
1,2025-08-13,22.41,44648.15,46882.41,24.6,25.2
1,2025-08-14,24.92,44396.63,46810.72,24.3,24.7
1,2025-08-15,22.96,43366.98,46738.64,24.4,24.9
1,2025-08-16,24.52,44414.05,46665.64,24.2,25.1
1,2025-08-17,24.51,44163.76,46591.69,24.4,25.1
1,2025-08-18,25.32,43655.67,46516.84,24.7,25.2
1,2025-08-19,25.68,44439.57,46441.17,24.6,25.3
1,2025-08-20,24.88,44190.19,46364.75,24.6,25.5
1,2025-08-21,25.77,43941.49,46287.64,24.7,25.3
1,2025-08-22,25.92,44207.59,46209.89,24.8,25.4
1,2025-08-23,25.68,43200.00,46131.57,24.4,25.2
1,2025-08-24,24.58,44224.87,46052.74,24.3,25.0
1,2025-08-25,21.96,43200.00,45973.46,24.3,25.7
1,2025-08-26,21.68,35586.62,45893.80,24.2,24.7
1,2025-08-27,21.53,43995.26,45813.80,24.3,24.8
1,2025-08-28,25.04,44004.21,45733.53,23.8,24.7
1,2025-08-29,23.34,44013.19,45653.03,24.4,25.2
1,2025-08-30,23.79,40093.97,45572.37,24.5,25.4
1,2025-08-31,22.01,43211.00,45491.61,24.9,25.8
1,2025-09-01,19.17,35677.02,45410.78,25.1,26.3
1,2025-09-02,23.83,43620.98,45329.96,24.6,25.4
1,2025-09-03,24.55,43571.59,45249.19,23.9,24.6
1,2025-09-04,24.19,43268.64,45168.42,24.5,25.3
1,2025-09-05,22.85,42965.26,45087.11,25.0,25.5
1,2025-09-06,23.07,42787.71,45005.21,25.1,25.6
1,2025-09-07,22.86,42726.48,44922.77,24.9,26.0
1,2025-09-08,20.88,42119.23,44839.87,25.1,25.6
1,2025-09-09,22.77,42602.08,44756.54,25.2,25.9
1,2025-09-10,22.28,37312.51,44672.85,24.9,25.7
1,2025-09-11,20.78,40689.96,44588.85,25.1,25.5
1,2025-09-12,22.18,42411.88,44504.60,24.9,26.1
1,2025-09-13,22.38,42014.19,44420.15,24.8,25.2
1,2025-09-14,23.36,42487.50,44335.54,24.9,25.3
1,2025-09-15,23.77,42219.41,44250.85,24.9,25.4
1,2025-09-16,20.55,41602.05,44166.11,24.6,25.1
1,2025-09-17,22.00,38033.33,44081.38,24.1,24.7
1,2025-09-18,17.11,37849.72,43996.71,24.3,25.1
1,2025-09-19,20.48,40687.56,43912.15,24.6,25.2
1,2025-09-20,22.63,40719.06,43827.76,24.6,25.0
1,2025-09-21,21.19,40498.38,43743.59,24.5,25.0
1,2025-09-22,14.56,24045.69,43659.68,24.6,25.3
1,2025-09-23,18.94,37367.71,43576.09,24.4,25.0
1,2025-09-24,20.85,40339.48,43492.77,24.2,25.0
1,2025-09-25,20.55,38041.85,43409.14,24.8,25.8
1,2025-09-26,20.52,39897.47,43325.16,24.7,25.4
1,2025-09-27,19.16,39928.89,43240.88,25.3,26.2
1,2025-09-28,21.45,39960.47,43156.36,24.2,25.2
1,2025-09-29,22.01,39739.72,43071.67,24.1,24.8
1,2025-09-30,22.61,40023.93,42986.84,23.0,23.7
1,2025-10-01,21.25,39803.07,42901.94,23.4,24.3
1,2025-10-02,21.27,39600.00,42817.02,23.3,24.4
1,2025-10-03,20.58,39600.00,42732.15,24.0,24.9
1,2025-10-04,21.35,39600.00,42647.38,24.8,25.2
1,2025-10-05,21.46,39600.00,42562.75,23.8,24.7
1,2025-10-06,20.92,39600.00,42478.35,23.5,24.1
1,2025-10-07,20.70,39600.00,42394.21,22.5,24.0
1,2025-10-08,19.91,39600.00,42310.40,23.2,24.5
1,2025-10-09,19.99,39600.00,42226.98,23.5,24.5
1,2025-10-10,20.44,39600.00,42144.01,24.1,24.9
1,2025-10-11,20.11,37665.62,42061.54,24.5,25.8
1,2025-10-12,19.38,39600.00,41979.64,24.5,25.5
1,2025-10-13,19.83,39600.00,41898.36,23.4,24.4
1,2025-10-14,19.69,39600.00,41817.66,22.2,22.9
1,2025-10-15,19.41,39600.00,41736.91,23.4,24.0
1,2025-10-16,18.35,39600.00,41656.05,24.1,24.8
1,2025-10-17,19.76,39600.00,41575.15,23.5,24.1
1,2025-10-18,16.33,36000.00,41494.29,23.8,24.7
1,2025-10-19,3.54,173.55,41413.51,24.0,25.1
1,2025-10-20,4.51,3032.54,41332.90,24.3,24.9
1,2025-10-21,10.61,23399.71,41252.51,24.0,25.0
1,2025-10-22,1.48,0.00,41172.42,23.0,23.7
1,2025-10-23,6.09,7440.93,41092.70,23.1,24.1
1,2025-10-24,8.01,15112.58,41013.42,23.4,24.2
1,2025-10-25,12.88,21939.81,40934.65,23.5,24.7
1,2025-10-26,10.39,18464.35,40856.47,21.4,23.8
1,2025-10-27,8.97,16506.64,40778.94,20.2,21.8
1,2025-10-28,9.93,16986.11,40702.14,21.6,22.7
1,2025-10-29,13.18,26773.52,40626.15,20.6,22.1
1,2025-10-30,17.56,39600.00,40551.05,22.4,23.4
1,2025-10-31,16.59,39600.00,40476.91,20.7,23.0
1,2025-11-01,17.25,35994.84,40403.82,16.7,18.9
1,2025-11-02,6.91,7249.43,40331.86,16.9,20.1
1,2025-11-03,5.82,4489.51,40260.97,17.8,18.7
1,2025-11-04,12.06,31066.83,40190.50,21.4,23.5
1,2025-11-05,11.19,26269.14,40120.40,21.7,23.4
1,2025-11-06,17.36,39421.42,40050.73,20.9,21.6
1,2025-11-07,15.96,39389.97,39981.58,20.4,22.8
1,2025-11-08,15.83,39359.60,39913.01,20.6,21.8
1,2025-11-09,15.11,31423.81,39845.11,22.4,23.5
1,2025-11-10,5.31,554.42,39777.95,23.0,24.3
1,2025-11-11,7.85,12217.91,39711.62,24.6,25.6
1,2025-11-12,11.36,34631.14,39646.19,23.8,25.2
1,2025-11-13,11.82,34100.01,39581.75,21.4,24.2
1,2025-11-14,14.65,38676.25,39518.36,18.1,19.2
1,2025-11-15,16.14,38023.16,39456.14,19.0,20.6
1,2025-11-16,15.85,38909.45,39395.15,20.7,21.4
1,2025-11-17,13.27,30948.61,39335.48,20.8,22.0
1,2025-11-18,4.65,0.00,39277.23,16.5,18.7
1,2025-11-19,5.12,719.75,39220.47,14.8,17.1
1,2025-11-20,7.36,6198.88,39165.30,13.7,15.0
1,2025-11-21,10.01,22955.08,39111.80,16.5,17.4
1,2025-11-22,13.16,35111.64,39060.08,16.4,17.9
1,2025-11-23,15.18,38517.47,39010.10,17.9,19.2
1,2025-11-24,15.78,35885.01,38961.32,17.3,18.5
1,2025-11-25,10.56,18144.30,38913.68,13.3,18.5
1,2025-11-26,10.23,22485.16,38867.25,13.7,16.0
1,2025-11-27,3.76,0.00,38822.08,14.3,16.8
1,2025-11-28,6.59,10255.51,38778.22,13.3,15.7
1,2025-11-29,8.62,19462.92,38735.76,17.4,19.2
1,2025-11-30,9.05,23320.18,38694.74,20.6,21.3
1,2025-12-01,9.40,24030.49,38655.22,20.8,22.0
1,2025-12-02,14.12,36628.99,38617.27,18.6,21.5
1,2025-12-03,11.71,24267.25,38580.94,12.2,15.5
1,2025-12-04,11.65,31692.05,38546.31,11.1,12.8
1,2025-12-05,14.30,34851.61,38513.43,14.1,15.8
1,2025-12-06,11.80,26515.59,38482.36,13.4,16.4
1,2025-12-07,11.66,34359.68,38453.17,15.8,16.7
1,2025-12-08,12.05,24194.72,38425.92,16.4,17.6
1,2025-12-09,13.04,35724.64,38400.67,16.3,17.3
1,2025-12-10,10.41,30696.47,38377.48,17.5,19.2
1,2025-12-11,6.78,8755.19,38356.41,17.6,19.6
1,2025-12-12,11.62,35554.55,38337.52,18.5,19.3
1,2025-12-13,6.58,9436.75,38320.84,18.6,20.9
1,2025-12-14,6.89,10439.54,38306.13,9.5,11.9
1,2025-12-15,10.45,22540.52,38293.36,12.0,14.3
1,2025-12-16,12.51,31025.92,38282.54,16.0,17.0
1,2025-12-17,11.17,32572.69,38273.66,16.9,18.6
1,2025-12-18,13.20,35323.06,38266.74,16.4,18.1
1,2025-12-19,8.59,11681.70,38261.76,18.5,19.8
1,2025-12-20,3.03,0.00,38258.72,19.7,20.3
1,2025-12-21,10.55,27308.83,38257.64,15.9,20.1
1,2025-12-22,10.13,27498.82,38258.51,14.6,16.4
1,2025-12-23,14.75,36570.75,38261.32,16.9,17.8
1,2025-12-24,14.95,35868.77,38266.07,17.3,18.2
1,2025-12-25,5.62,10679.55,38272.76,12.8,17.3
1,2025-12-26,6.56,8911.64,38281.37,10.6,11.3
1,2025-12-27,10.32,23219.65,38291.92,14.5,16.3
1,2025-12-28,4.59,812.78,38304.39,17.4,18.6
1,2025-12-29,6.22,9287.07,38318.77,18.3,19.2
1,2025-12-30,9.80,22447.32,38335.07,18.9,19.6
1,2025-12-31,7.68,17589.76,38353.27,18.7,19.6
1,2026-01-01,5.17,6952.25,38373.36,14.0,17.8
1,2026-01-02,7.48,14887.14,38395.38,8.2,11.5
1,2026-01-03,10.92,25989.09,38419.58,8.4,10.7
1,2026-01-04,11.94,36280.29,38445.95,12.3,13.8
1,2026-01-05,13.45,33995.99,38474.41,13.5,15.3
1,2026-01-06,13.67,36000.00,38504.91,11.9,12.9
1,2026-01-07,8.40,14973.61,38537.37,8.3,10.5
1,2026-01-08,13.46,27729.52,38571.73,6.6,9.1
1,2026-01-09,13.68,35647.74,38607.93,8.1,9.6
1,2026-01-10,15.06,36000.00,38645.90,9.5,11.1
1,2026-01-11,12.60,29838.69,38685.57,7.4,9.7
1,2026-01-12,13.62,33771.96,38726.88,10.4,12.2
1,2026-01-13,12.38,31557.56,38769.75,11.7,14.7
1,2026-01-14,17.13,36000.00,38814.13,11.9,13.3
1,2026-01-15,14.80,32413.68,38859.95,14.9,16.4
1,2026-01-16,13.98,36000.00,38907.15,16.4,17.3
1,2026-01-17,11.41,21600.00,38955.67,18.0,19.0
1,2026-01-18,13.31,36000.00,39005.42,17.8,19.2
1,2026-01-19,13.80,36000.00,39056.37,16.8,18.5
1,2026-01-20,7.79,11075.77,39108.44,11.4,14.3
1,2026-01-21,7.88,10946.34,39161.57,9.4,11.0
1,2026-01-22,9.09,22148.61,39215.81,10.3,11.3
1,2026-01-23,13.15,30932.38,39271.75,11.5,13.3
1,2026-01-24,9.70,23752.33,39329.39,12.5,13.5
1,2026-01-25,13.99,35786.91,39388.65,13.4,14.0
1,2026-01-26,16.15,36000.00,39449.44,15.0,16.5
1,2026-01-27,4.62,2150.07,39511.67,15.6,18.3
1,2026-01-28,15.88,32212.90,39575.25,11.0,12.7
1,2026-01-29,16.20,36169.18,39640.08,11.8,13.2
1,2026-01-30,15.53,36155.02,39706.08,14.4,15.6
1,2026-01-31,11.10,24017.88,39773.18,15.6,18.2
2,2021-01-01,11.84,30587.07,38278.00,9.9,11.5
2,2021-01-02,12.18,25463.87,38301.35,11.1,13.4
2,2021-01-03,10.71,31610.62,38326.52,16.8,18.2
2,2021-01-04,4.52,9412.09,38353.47,19.0,19.7
2,2021-01-05,11.91,29891.44,38382.18,15.6,18.6
2,2021-01-06,10.47,28973.36,38412.62,14.1,15.4
2,2021-01-07,3.53,0.00,38444.76,9.0,12.8
2,2021-01-08,3.50,0.00,38478.64,5.1,7.6
2,2021-01-09,4.64,0.00,38514.65,4.3,5.3
2,2021-01-10,8.88,22067.85,38552.77,6.7,8.4
2,2021-01-11,10.38,33652.36,38592.94,10.9,13.1
2,2021-01-12,4.91,3609.36,38635.07,5.7,8.5
2,2021-01-13,12.47,31481.56,38679.08,7.6,9.0
2,2021-01-14,10.40,27463.54,38724.88,11.4,14.9
2,2021-01-15,14.57,36452.91,38772.40,15.3,16.4
2,2021-01-16,14.20,36000.00,38821.55,14.0,15.3
2,2021-01-17,7.59,16979.85,38872.26,8.3,11.9
2,2021-01-18,7.87,4599.65,38924.46,7.1,8.4
2,2021-01-19,9.51,16095.70,38978.05,10.4,11.6
2,2021-01-20,11.33,25234.59,39032.97,15.5,18.5
2,2021-01-21,5.69,4652.67,39089.14,19.5,20.7
2,2021-01-22,4.21,401.05,39146.48,21.0,22.4
2,2021-01-23,10.66,24048.34,39204.92,17.0,19.6
2,2021-01-24,15.52,33850.77,39264.38,11.4,12.6
2,2021-01-25,15.36,36373.78,39324.80,13.1,14.3
2,2021-01-26,14.41,36362.01,39386.10,15.0,16.2
2,2021-01-27,14.63,36620.93,39448.21,13.4,15.6
2,2021-01-28,11.96,23782.17,39511.18,9.6,13.3
2,2021-01-29,8.37,8021.83,39575.66,5.8,6.4
2,2021-01-30,14.68,33180.59,39641.69,7.4,9.0
2,2021-01-31,15.88,36000.00,39709.16,10.6,12.3
2,2021-02-01,17.13,37350.66,39777.98,13.1,13.9
2,2021-02-02,11.25,30399.87,39848.07,13.3,17.1
2,2021-02-03,18.59,36240.41,39919.34,10.5,12.0
2,2021-02-04,16.75,36222.01,39991.68,11.1,12.8
2,2021-02-05,18.40,37804.03,40065.03,12.6,14.3
2,2021-02-06,18.69,37781.48,40139.29,15.1,16.7
2,2021-02-07,17.54,38024.32,40214.38,16.2,17.2
2,2021-02-08,17.68,34916.66,40290.20,12.0,14.8
2,2021-02-09,15.02,29524.77,40366.70,11.4,12.3
2,2021-02-10,11.13,18751.49,40443.77,16.1,18.8
2,2021-02-11,4.86,5588.70,40521.35,19.1,21.5
2,2021-02-12,16.53,37637.08,40599.35,17.2,18.3
2,2021-02-13,17.18,38564.32,40677.70,17.4,18.1
2,2021-02-14,19.00,38797.20,40756.32,16.8,18.7
2,2021-02-15,18.80,36432.22,40835.14,11.3,13.6
2,2021-02-16,19.56,34662.33,40914.08,12.1,16.8
2,2021-02-17,10.64,24878.33,40993.20,7.7,14.3
2,2021-02-18,10.44,14296.54,41073.18,5.5,6.2
2,2021-02-19,14.46,26518.97,41154.09,7.3,10.4
2,2021-02-20,20.75,39726.73,41235.85,10.1,11.6
2,2021-02-21,19.58,39267.66,41318.38,12.4,14.3
2,2021-02-22,19.74,38178.51,41401.60,14.6,15.6
2,2021-02-23,11.83,34089.67,41485.45,15.8,17.0
2,2021-02-24,16.20,35931.06,41569.85,17.3,18.2
2,2021-02-25,14.15,32400.00,41654.73,19.5,20.6
2,2021-02-26,16.65,33462.65,41740.02,19.2,21.0
2,2021-02-27,17.62,39700.69,41825.66,17.8,18.6
2,2021-02-28,19.48,39294.86,41911.57,16.8,17.9
2,2021-03-01,20.65,38610.10,41997.68,18.1,19.1
2,2021-03-02,7.91,6566.81,42083.94,13.2,17.3
2,2021-03-03,14.80,27593.31,42170.27,12.5,14.8
2,2021-03-04,20.65,36374.95,42256.61,17.4,18.8
2,2021-03-05,18.57,34558.99,42342.89,17.4,18.8
2,2021-03-06,16.59,32400.00,42429.04,19.8,20.6
2,2021-03-07,10.66,23880.08,42515.01,19.6,20.5
2,2021-03-08,16.75,39600.00,42600.72,17.7,18.3
2,2021-03-09,19.85,40149.06,42686.24,17.0,18.0
2,2021-03-10,19.70,41106.09,42772.21,15.2,16.0
2,2021-03-11,20.94,40626.52,42858.68,17.0,18.6
2,2021-03-12,17.38,28959.93,42945.59,16.0,18.9
2,2021-03-13,16.39,33926.82,43032.89,12.0,12.7
2,2021-03-14,20.30,39448.27,43120.51,13.3,15.0
2,2021-03-15,22.04,39805.99,43208.40,15.4,18.0
2,2021-03-16,21.61,40959.56,43296.50,19.3,20.9
2,2021-03-17,19.78,40538.70,43384.75,20.6,21.2
2,2021-03-18,22.44,41285.07,43473.08,19.4,20.1
2,2021-03-19,22.63,42031.31,43561.46,19.7,20.5
2,2021-03-20,22.11,37911.15,43649.80,20.1,21.1
2,2021-03-21,12.12,16910.29,43738.05,13.1,17.7
2,2021-03-22,13.85,20405.98,43826.17,7.9,8.9
2,2021-03-23,17.43,30241.95,43914.08,10.4,14.4
2,2021-03-24,5.98,3607.68,44001.73,16.6,19.0
2,2021-03-25,23.45,42491.02,44089.06,15.7,16.6
2,2021-03-26,19.01,38560.61,44176.01,18.2,20.2
2,2021-03-27,18.86,37712.21,44262.53,21.1,21.6
2,2021-03-28,18.14,33350.48,44348.53,22.0,23.1
2,2021-03-29,16.61,36004.59,44434.08,22.8,23.9
2,2021-03-30,18.39,35529.75,44519.79,22.3,22.7
2,2021-03-31,18.37,38086.88,44605.70,22.7,23.7
2,2021-04-01,16.19,23242.39,44691.76,23.3,23.8
2,2021-04-02,20.81,39467.11,44777.91,23.1,23.5
2,2021-04-03,21.26,37996.22,44864.10,22.1,23.0
2,2021-04-04,16.39,25339.53,44950.27,16.1,20.1
2,2021-04-05,16.24,30216.90,45036.37,13.5,14.6
2,2021-04-06,20.45,34691.01,45122.35,13.4,13.9
2,2021-04-07,23.20,38681.62,45208.12,13.5,14.2
2,2021-04-08,22.04,40788.33,45293.65,14.7,15.9
2,2021-04-09,22.09,41523.22,45378.89,16.2,17.3
2,2021-04-10,20.62,42650.96,45463.75,17.0,18.8
2,2021-04-11,20.64,42492.84,45548.19,18.4,19.5
2,2021-04-12,22.78,43613.47,45632.14,19.7,20.6
2,2021-04-13,24.47,39376.54,45715.53,20.5,21.5
2,2021-04-14,15.16,19694.13,45798.32,18.4,20.7
2,2021-04-15,15.76,27478.75,45880.43,20.2,20.5
2,2021-04-16,9.55,14483.09,45961.80,21.4,22.0
2,2021-04-17,21.27,41279.91,46042.35,17.3,21.6
2,2021-04-18,24.87,42923.24,46122.13,11.4,12.3
2,2021-04-19,22.33,44253.16,46201.73,13.3,13.9
2,2021-04-20,20.37,40477.53,46281.17,15.6,18.7
2,2021-04-21,9.64,6806.29,46360.41,20.2,21.2
2,2021-04-22,7.68,2169.23,46439.39,21.6,22.0
2,2021-04-23,8.95,6589.27,46518.04,18.9,21.5
2,2021-04-24,24.40,45134.26,46596.31,17.6,18.3
2,2021-04-25,21.71,46133.28,46674.15,16.2,17.5
2,2021-04-26,25.49,45095.82,46751.47,15.6,16.1
2,2021-04-27,24.57,41225.69,46828.22,16.1,17.2
2,2021-04-28,23.00,33300.06,46904.33,18.0,20.1
2,2021-04-29,13.11,28551.52,46979.75,18.3,20.2
2,2021-04-30,25.70,39805.01,47054.39,19.8,22.5
2,2021-05-01,21.41,33877.04,47128.21,22.2,23.2
2,2021-05-02,25.57,46223.04,47201.11,19.5,21.4
2,2021-05-03,24.40,40514.14,47273.04,18.3,20.4
2,2021-05-04,20.81,43643.00,47343.92,22.1,23.3
2,2021-05-05,18.20,27049.70,47413.69,23.1,24.2
2,2021-05-06,22.19,42656.63,47482.25,23.9,24.9
2,2021-05-07,24.89,45189.20,47549.55,23.6,24.0
2,2021-05-08,23.75,42689.98,47615.60,23.7,24.1
2,2021-05-09,16.67,19563.81,47680.93,23.5,25.1
2,2021-05-10,20.38,41817.81,47745.57,24.2,24.6
2,2021-05-11,24.62,46474.35,47809.46,24.7,25.0
2,2021-05-12,25.72,46800.00,47872.56,24.5,24.9
2,2021-05-13,26.24,46800.00,47934.79,24.5,24.9
2,2021-05-14,25.53,46800.00,47996.10,24.7,25.2
2,2021-05-15,25.57,46800.00,48056.42,24.8,25.2
2,2021-05-16,26.46,44908.15,48115.69,24.8,25.3
2,2021-05-17,25.42,46599.57,48173.86,24.8,25.1
2,2021-05-18,25.37,43200.00,48230.85,24.5,24.9
2,2021-05-19,22.92,46297.17,48286.59,24.5,24.9
2,2021-05-20,22.29,41977.53,48341.03,25.1,25.4
2,2021-05-21,21.88,38202.82,48394.10,25.3,25.9
2,2021-05-22,18.55,34555.92,48445.73,25.3,25.5
2,2021-05-23,22.91,43721.82,48495.86,25.3,25.9
2,2021-05-24,24.65,46800.00,48544.41,24.9,25.7
2,2021-05-25,22.90,46800.00,48591.31,24.8,25.6
2,2021-05-26,27.26,46800.00,48636.51,24.7,25.6
2,2021-05-27,24.60,40236.10,48679.92,26.0,26.4
2,2021-05-28,19.92,34722.33,48721.55,24.9,26.0
2,2021-05-29,21.30,32950.45,48761.75,24.8,25.8
2,2021-05-30,13.49,21590.85,48800.56,24.9,25.9
2,2021-05-31,17.42,38352.39,48837.93,24.1,25.3
2,2021-06-01,18.03,30327.84,48873.84,24.4,25.4
2,2021-06-02,25.52,46800.00,48908.25,25.6,26.0
2,2021-06-03,26.04,46800.00,48941.11,26.1,26.6
2,2021-06-04,20.48,40076.59,48972.40,25.8,26.5
2,2021-06-05,13.10,13970.03,49002.08,25.0,25.7
2,2021-06-06,12.58,13214.76,49030.11,24.8,25.6
2,2021-06-07,15.94,22856.93,49056.46,24.5,25.2
2,2021-06-08,16.55,35946.35,49081.09,24.8,25.3
2,2021-06-09,20.57,46800.00,49103.96,24.4,25.2
2,2021-06-10,25.62,46094.40,49125.05,24.0,24.3
2,2021-06-11,25.66,45208.03,49144.31,24.6,25.1
2,2021-06-12,25.71,41830.04,49161.73,25.1,25.4
2,2021-06-13,16.02,18382.16,49177.26,25.3,25.8
2,2021-06-14,19.36,41280.86,49190.86,26.1,26.4
2,2021-06-15,21.52,44109.65,49202.51,26.1,26.5
2,2021-06-16,24.64,46800.00,49212.18,26.7,27.5
2,2021-06-17,22.46,45427.54,49219.84,27.0,27.3
2,2021-06-18,25.51,46800.00,49225.55,27.2,27.8
2,2021-06-19,25.95,46800.00,49229.34,26.8,27.3
2,2021-06-20,25.07,39887.04,49231.21,26.5,27.3
2,2021-06-21,19.43,30858.76,49231.18,25.8,26.8
2,2021-06-22,9.05,1719.91,49229.26,24.7,25.5
2,2021-06-23,14.26,26614.69,49225.48,25.0,25.5
2,2021-06-24,15.79,27619.74,49219.83,24.6,25.1
2,2021-06-25,20.81,39055.49,49212.34,24.5,24.8
2,2021-06-26,22.60,42312.36,49203.03,25.1,25.9
2,2021-06-27,22.41,33605.85,49191.92,25.2,26.4
2,2021-06-28,19.92,36013.27,49179.02,25.5,26.0
2,2021-06-29,11.13,13647.02,49164.35,25.9,26.4
2,2021-06-30,17.33,29370.90,49147.93,26.2,26.8
2,2021-07-01,21.85,45231.06,49129.78,25.8,26.2
2,2021-07-02,22.58,46177.52,49109.92,25.6,26.4
2,2021-07-03,27.21,46800.00,49088.37,25.2,25.5
2,2021-07-04,27.28,46800.00,49065.15,25.2,25.7
2,2021-07-05,27.46,46800.00,49040.29,25.5,25.9
2,2021-07-06,26.58,47072.31,49013.80,25.8,26.1
2,2021-07-07,27.28,46800.00,48985.66,25.7,25.9
2,2021-07-08,28.39,47076.09,48955.59,24.9,25.6
2,2021-07-09,26.64,47055.76,48923.61,24.8,25.1
2,2021-07-10,26.95,46752.19,48889.77,24.8,25.2
2,2021-07-11,26.38,42395.97,48854.13,25.0,25.6
2,2021-07-12,26.15,46715.46,48816.75,24.9,25.2
2,2021-07-13,27.15,45858.83,48777.69,24.5,24.9
2,2021-07-14,25.64,46647.42,48737.01,24.8,25.2
2,2021-07-15,24.66,46620.18,48694.77,24.3,25.0
2,2021-07-16,24.40,46592.63,48651.03,23.8,24.4
2,2021-07-17,25.62,46564.85,48605.84,24.4,25.1
2,2021-07-18,26.11,46536.89,48559.27,25.1,25.6
2,2021-07-19,25.82,46570.53,48511.37,24.8,25.4
2,2021-07-20,21.75,37901.38,48462.20,24.4,25.3
2,2021-07-21,10.54,6070.11,48411.81,25.1,25.6
2,2021-07-22,5.81,1497.71,48360.27,25.1,25.6
2,2021-07-23,9.70,8432.32,48307.63,25.6,26.4
2,2021-07-24,11.83,21361.26,48253.94,25.5,26.6
2,2021-07-25,23.28,46341.22,48199.26,26.4,27.1
2,2021-07-26,26.70,45942.42,48143.64,27.0,27.8
2,2021-07-27,24.17,46286.90,48087.05,26.2,26.4
2,2021-07-28,25.19,46259.70,48029.01,25.7,26.1
2,2021-07-29,26.10,46232.41,47969.50,26.0,26.9
2,2021-07-30,24.69,41009.24,47908.60,26.3,27.4
2,2021-07-31,22.75,44377.67,47846.39,25.9,26.4
2,2021-08-01,19.00,32796.49,47782.93,25.3,25.8
2,2021-08-02,9.64,7076.86,47718.30,24.9,25.4
2,2021-08-03,15.29,26623.17,47652.58,25.4,26.5
2,2021-08-04,15.70,28635.60,47585.82,25.2,25.7
2,2021-08-05,14.51,26182.53,47518.11,25.7,26.1
2,2021-08-06,20.93,37327.42,47449.50,25.8,26.5
2,2021-08-07,19.53,28800.00,47380.07,25.4,25.9
2,2021-08-08,17.38,24250.79,47309.89,25.1,26.3
2,2021-08-09,20.44,40897.58,47239.00,26.0,27.5
2,2021-08-10,24.63,44470.90,47167.49,25.6,26.1
2,2021-08-11,22.53,39600.00,47095.41,25.2,26.2
2,2021-08-12,7.80,7058.54,47022.83,24.7,25.2
2,2021-08-13,21.84,45542.85,46949.81,24.6,25.1
2,2021-08-14,24.81,45289.31,46876.40,24.9,25.4
2,2021-08-15,26.02,45778.35,46802.67,25.1,25.5
2,2021-08-16,26.42,45044.42,46728.56,25.5,25.8
2,2021-08-17,25.03,36000.00,46653.55,25.2,25.4
2,2021-08-18,12.61,19320.50,46577.59,24.9,25.5
2,2021-08-19,22.90,41785.20,46500.74,24.7,25.3
2,2021-08-20,24.52,45075.52,46423.09,25.2,25.8
2,2021-08-21,23.74,43275.12,46344.69,24.6,25.7
2,2021-08-22,18.03,31525.34,46265.60,24.9,25.9
2,2021-08-23,18.44,40908.33,46185.89,24.7,25.2
2,2021-08-24,24.81,44848.89,46105.61,25.1,25.7
2,2021-08-25,26.11,45113.89,46024.85,24.9,25.3
2,2021-08-26,25.81,44837.33,45943.64,24.6,24.9
2,2021-08-27,24.69,44530.81,45862.05,24.6,25.1
2,2021-08-28,25.48,44480.56,45780.13,23.9,24.9
2,2021-08-29,23.92,44685.75,45697.96,24.8,25.3
2,2021-08-30,23.47,44379.02,45615.57,24.6,25.1
2,2021-08-31,23.80,43817.37,45533.03,24.4,24.6
2,2021-09-01,23.79,44021.72,45450.39,24.1,25.1
2,2021-09-02,22.49,43970.74,45367.71,24.5,25.0
2,2021-09-03,22.33,43155.98,45285.04,24.9,25.6
2,2021-09-04,20.88,37485.62,45202.44,24.9,25.8
2,2021-09-05,21.76,42103.58,45119.84,25.0,25.3
2,2021-09-06,22.88,43258.67,45036.71,24.9,25.5
2,2021-09-07,24.36,43460.51,44952.98,24.4,24.8
2,2021-09-08,25.07,42900.23,44868.72,24.0,24.7
2,2021-09-09,22.24,42559.62,44784.00,25.3,25.8
2,2021-09-10,22.26,36696.23,44698.85,25.3,26.1
2,2021-09-11,4.20,0.00,44613.35,25.1,25.8
2,2021-09-12,8.14,4725.97,44527.55,25.1,25.6
2,2021-09-13,16.84,31976.95,44441.49,25.2,25.6
2,2021-09-14,19.70,36061.97,44355.25,25.5,26.1
2,2021-09-15,18.89,37009.04,44268.86,25.3,26.1
2,2021-09-16,21.59,40738.33,44182.39,25.1,25.6
2,2021-09-17,21.65,41620.52,44095.89,25.5,27.3
2,2021-09-18,21.97,41157.23,44009.40,24.8,25.6
2,2021-09-19,22.84,40947.24,43922.99,24.8,25.4
2,2021-09-20,20.79,40484.60,43836.70,24.8,25.2
2,2021-09-21,22.39,40780.35,43750.59,24.5,25.2
2,2021-09-22,22.85,40317.85,43664.71,24.3,25.1
2,2021-09-23,22.58,40203.62,43579.12,24.5,24.7
2,2021-09-24,20.61,39982.24,43493.87,23.1,25.0
2,2021-09-25,21.00,39941.22,43408.89,24.0,24.8
2,2021-09-26,22.26,39984.37,43323.61,25.0,25.4
2,2021-09-27,21.75,39600.00,43237.98,24.2,25.1
2,2021-09-28,19.61,39602.01,43152.05,23.4,25.1
2,2021-09-29,21.77,39600.00,43065.89,24.6,25.3
2,2021-09-30,20.43,39600.00,42979.54,24.2,24.9
2,2021-10-01,21.86,39853.35,42893.07,22.1,24.0
2,2021-10-02,21.21,39612.25,42806.55,21.7,22.8
2,2021-10-03,20.48,39624.86,42720.01,22.7,23.4
2,2021-10-04,18.86,39600.00,42633.53,21.4,24.2
2,2021-10-05,19.71,39600.00,42547.16,23.2,24.1
2,2021-10-06,18.40,36607.98,42460.97,24.0,24.4
2,2021-10-07,13.71,36735.69,42375.01,24.3,25.2
2,2021-10-08,19.39,39600.00,42289.34,23.1,24.1
2,2021-10-09,20.09,39600.00,42204.02,23.3,24.0
2,2021-10-10,18.69,29891.05,42119.12,24.2,24.8
2,2021-10-11,6.29,2892.98,42034.68,24.7,25.2
2,2021-10-12,5.91,5997.37,41950.79,24.6,25.3
2,2021-10-13,9.57,16959.58,41867.50,24.3,25.0
2,2021-10-14,18.09,36000.00,41784.87,21.6,23.8
2,2021-10-15,19.15,39600.00,41702.85,22.2,22.9
2,2021-10-16,17.83,36000.00,41620.80,22.2,23.1
2,2021-10-17,12.83,29180.08,41538.66,17.6,20.4
2,2021-10-18,18.23,39600.00,41456.51,18.0,19.6
2,2021-10-19,18.00,39600.00,41374.40,18.5,19.9
2,2021-10-20,13.89,25561.59,41292.40,18.8,21.3
2,2021-10-21,16.89,32834.11,41210.60,21.1,22.1
2,2021-10-22,9.47,8679.75,41129.04,17.2,20.0
2,2021-10-23,11.74,23122.34,41047.81,16.2,17.2
2,2021-10-24,14.63,27726.40,40966.98,18.7,19.9
2,2021-10-25,17.34,39584.69,40886.62,18.5,19.9
2,2021-10-26,18.92,39537.51,40806.80,15.7,17.7
2,2021-10-27,18.70,35891.36,40727.60,15.6,16.8
2,2021-10-28,16.24,39446.29,40649.09,15.8,17.3
2,2021-10-29,16.78,38420.24,40571.35,16.5,18.7
2,2021-10-30,17.89,37620.02,40494.46,17.3,19.0
2,2021-10-31,17.22,39318.43,40418.50,18.0,18.7
2,2021-11-01,17.54,39278.52,40343.54,18.3,18.7
2,2021-11-02,16.13,33716.69,40269.68,17.8,19.2
2,2021-11-03,16.16,33963.33,40196.99,17.0,18.0
2,2021-11-04,15.57,32400.00,40125.43,18.2,19.4
2,2021-11-05,13.39,29623.38,40054.32,19.7,21.7
2,2021-11-06,13.36,33402.17,39983.61,21.6,22.1
2,2021-11-07,17.27,39068.70,39913.38,20.9,21.8
2,2021-11-08,9.32,14583.60,39843.70,17.8,21.4
2,2021-11-09,9.45,17233.72,39774.65,12.3,14.9
2,2021-11-10,14.18,36212.01,39706.31,10.8,12.5
2,2021-11-11,18.16,38951.81,39638.76,11.8,13.7
2,2021-11-12,15.94,30872.56,39572.07,11.6,14.3
2,2021-11-13,5.68,4769.26,39506.34,17.8,19.8
2,2021-11-14,12.59,33523.63,39441.64,17.1,18.8
2,2021-11-15,17.06,38854.42,39378.06,14.0,15.4
2,2021-11-16,16.01,37157.22,39315.68,15.7,17.0
2,2021-11-17,14.42,38388.85,39254.60,18.4,19.2
2,2021-11-18,15.59,35128.08,39194.89,19.8,21.0
2,2021-11-19,13.38,32138.28,39136.65,20.0,21.8
2,2021-11-20,16.09,38308.05,39079.98,19.3,20.3
2,2021-11-21,15.79,38532.22,39024.95,20.9,21.7
2,2021-11-22,10.65,22473.95,38971.66,17.1,21.6
2,2021-11-23,7.46,8896.13,38920.20,13.2,14.5
2,2021-11-24,14.48,33868.27,38870.56,12.7,14.3
2,2021-11-25,8.01,17019.27,38822.18,15.5,17.9
2,2021-11-26,8.82,18461.76,38775.01,17.1,18.4
2,2021-11-27,7.34,10221.75,38729.11,15.8,17.8
2,2021-11-28,2.88,0.00,38684.53,16.8,19.0
2,2021-11-29,3.43,447.29,38641.34,18.4,19.2
2,2021-11-30,10.90,25499.74,38599.59,15.8,19.5
2,2021-12-01,11.47,28647.93,38559.35,10.8,12.2
2,2021-12-02,11.21,35597.47,38520.67,10.7,12.6
2,2021-12-03,15.03,35534.25,38483.62,8.2,10.5
2,2021-12-04,10.28,26393.42,38448.26,10.9,12.5
2,2021-12-05,14.88,37777.51,38414.65,12.7,14.1
2,2021-12-06,14.81,37877.37,38382.85,14.3,14.9
2,2021-12-07,13.82,36913.85,38352.93,13.6,15.4
2,2021-12-08,12.12,33857.68,38324.93,12.3,13.6
2,2021-12-09,12.42,30930.35,38298.93,12.9,14.5
2,2021-12-10,10.36,30350.20,38274.99,12.8,14.6
2,2021-12-11,14.58,36486.15,38253.16,13.2,15.2
2,2021-12-12,14.81,33554.31,38233.50,15.7,17.0
2,2021-12-13,7.87,15648.31,38216.08,14.4,15.7
2,2021-12-14,14.11,34966.36,38200.91,13.6,15.4
2,2021-12-15,14.62,36348.08,38187.78,14.9,16.4
2,2021-12-16,15.31,36672.02,38176.67,17.3,19.1
2,2021-12-17,11.12,23217.06,38167.58,12.5,17.9
2,2021-12-18,7.83,9478.25,38160.48,8.9,10.3
2,2021-12-19,11.88,30175.44,38155.40,8.4,10.4
2,2021-12-20,13.39,34332.59,38152.32,12.5,14.9
2,2021-12-21,8.25,11621.43,38151.24,18.0,21.3
2,2021-12-22,12.65,28244.34,38152.16,20.2,23.0
2,2021-12-23,13.22,32808.08,38155.06,19.1,19.5
2,2021-12-24,14.15,34844.73,38159.95,18.5,20.1
2,2021-12-25,5.21,2671.89,38166.82,11.9,14.6
2,2021-12-26,4.63,590.00,38175.65,10.3,11.4
2,2021-12-27,5.10,542.63,38186.45,10.3,11.3
2,2021-12-28,10.44,31198.81,38199.20,12.5,14.3
2,2021-12-29,9.72,29190.90,38213.90,15.5,17.3
2,2021-12-30,8.72,14449.29,38230.52,10.5,12.1
2,2021-12-31,11.47,26037.34,38249.07,9.2,10.6
2,2022-01-01,9.63,16978.20,38269.52,12.0,14.1
2,2022-01-02,10.98,21590.56,38291.88,14.9,16.1
2,2022-01-03,14.58,36060.78,38316.18,13.9,14.6
2,2022-01-04,14.02,35933.90,38342.68,14.6,15.2
2,2022-01-05,8.11,16585.14,38371.39,16.6,18.3
2,2022-01-06,7.71,9734.27,38402.23,14.8,17.1
2,2022-01-07,5.77,8906.64,38435.12,15.1,15.8
2,2022-01-08,12.31,33939.45,38470.00,14.6,15.2
2,2022-01-09,13.51,35057.55,38506.81,15.1,16.0
2,2022-01-10,12.11,25200.00,38545.46,15.2,16.6
2,2022-01-11,4.26,0.00,38585.90,9.5,14.6
2,2022-01-12,11.84,29696.75,38628.04,8.7,10.8
2,2022-01-13,3.02,0.00,38671.83,10.9,13.6
2,2022-01-14,14.46,29258.64,38717.19,9.4,12.0
2,2022-01-15,8.92,24978.73,38764.06,14.5,15.4
2,2022-01-16,15.25,36000.00,38812.36,16.1,16.9
2,2022-01-17,4.46,0.00,38862.04,16.6,18.6
2,2022-01-18,4.86,6589.60,38913.02,14.1,15.4
2,2022-01-19,5.31,2602.00,38965.23,12.4,14.8
2,2022-01-20,13.92,26729.37,39018.61,10.3,12.0
2,2022-01-21,7.56,11890.32,39073.10,12.1,13.6
2,2022-01-22,5.66,5120.21,39128.64,16.6,18.5
2,2022-01-23,9.41,17270.32,39185.26,19.8,20.5
2,2022-01-24,15.45,34535.98,39243.58,16.1,18.8
2,2022-01-25,13.64,32504.18,39303.63,15.7,16.4
2,2022-01-26,15.28,36092.52,39365.29,15.1,16.4
2,2022-01-27,16.15,36080.13,39428.48,16.7,18.2
2,2022-01-28,12.48,25262.88,39493.10,18.1,18.9
2,2022-01-29,2.72,0.00,39559.08,18.1,18.7
2,2022-01-30,5.61,3977.74,39626.30,11.8,16.7
2,2022-01-31,11.58,24043.69,39694.68,8.9,10.4
2,2022-02-01,12.70,25611.95,39764.15,12.5,15.0
2,2022-02-02,7.10,8328.91,39834.60,17.1,18.3
2,2022-02-03,9.86,18000.00,39905.96,17.8,19.7
2,2022-02-04,6.96,8199.94,39978.15,13.0,16.4
2,2022-02-05,9.54,10748.85,40051.07,8.8,10.1
2,2022-02-06,8.94,11292.52,40124.65,9.4,10.4
2,2022-02-07,10.02,13815.54,40198.80,14.0,17.6
2,2022-02-08,6.97,1436.68,40273.45,14.6,15.3
2,2022-02-09,7.23,2970.83,40348.53,16.2,16.7
2,2022-02-10,12.10,21971.05,40423.95,14.6,17.1
2,2022-02-11,13.15,26544.83,40499.63,14.8,17.1
2,2022-02-12,9.24,14254.11,40575.64,17.8,18.6
2,2022-02-13,6.33,3008.87,40652.67,18.5,19.7
2,2022-02-14,7.61,9445.36,40730.77,13.3,16.0
2,2022-02-15,18.31,37044.01,40809.86,11.4,12.3
2,2022-02-16,5.11,0.00,40889.85,13.5,14.6
2,2022-02-17,6.91,7915.98,40970.67,16.0,17.2
2,2022-02-18,6.09,2154.33,41052.24,17.5,18.5
2,2022-02-19,11.25,16606.24,41134.48,14.6,19.0
2,2022-02-20,3.56,0.00,41217.32,9.3,11.0
2,2022-02-21,4.14,0.00,41300.67,11.9,13.2
2,2022-02-22,9.74,10800.00,41384.48,14.8,17.2
2,2022-02-23,3.63,0.00,41468.67,15.8,18.8
2,2022-02-24,11.43,19544.99,41553.15,11.3,13.7
2,2022-02-25,18.48,34145.04,41637.87,10.4,12.4
2,2022-02-26,18.11,33905.63,41722.76,14.6,16.8
2,2022-02-27,15.16,31759.68,41807.73,15.5,16.8
2,2022-02-28,19.47,39700.49,41892.74,16.7,17.6
2,2022-03-01,20.71,40536.73,41977.71,16.9,18.0
2,2022-03-02,14.33,25200.00,42062.56,16.7,18.9
2,2022-03-03,18.23,32732.70,42147.23,16.6,18.2
2,2022-03-04,17.66,37145.66,42231.80,18.9,19.8
2,2022-03-05,18.78,39689.36,42316.89,15.9,17.8
2,2022-03-06,19.58,32400.00,42402.58,13.5,15.5
2,2022-03-07,3.87,3600.00,42488.80,14.5,19.4
2,2022-03-08,18.39,39913.95,42575.48,10.0,12.1
2,2022-03-09,22.29,40194.04,42662.58,9.9,11.7
2,2022-03-10,14.07,31470.43,42750.02,11.8,13.7
2,2022-03-11,21.77,41139.35,42837.75,14.4,15.8
2,2022-03-12,22.17,41631.93,42925.70,15.5,16.2
2,2022-03-13,21.73,41616.38,43013.81,15.9,18.4
2,2022-03-14,19.94,40078.45,43102.03,18.5,19.4
2,2022-03-15,21.70,41078.84,43190.30,17.6,18.9
2,2022-03-16,22.06,36196.59,43278.55,17.6,18.4
2,2022-03-17,16.51,25021.43,43366.72,20.2,21.7
2,2022-03-18,14.80,24223.40,43454.75,16.5,21.0
2,2022-03-19,20.67,39122.83,43542.60,15.3,15.8
2,2022-03-20,21.75,36612.51,43630.19,16.6,17.9
2,2022-03-21,13.82,20664.61,43717.46,20.2,22.2
2,2022-03-22,17.04,25200.00,43804.36,19.5,21.9
2,2022-03-23,10.07,10671.88,43890.83,16.4,19.8
2,2022-03-24,13.54,16398.91,43976.91,15.3,18.3
2,2022-03-25,13.02,19496.53,44063.22,20.9,22.9
2,2022-03-26,13.49,19067.93,44149.81,21.5,24.1
2,2022-03-27,10.15,11114.41,44236.63,17.9,18.9
2,2022-03-28,9.03,3733.26,44323.62,18.1,18.8
2,2022-03-29,16.27,25547.74,44410.73,20.3,21.6
2,2022-03-30,11.73,16747.28,44497.89,22.0,22.8
2,2022-03-31,22.13,38539.18,44585.06,20.6,22.7
2,2022-04-01,7.24,1088.93,44672.19,15.9,17.5
2,2022-04-02,8.85,4552.98,44759.19,15.5,16.4
2,2022-04-03,4.82,3600.00,44846.03,15.6,16.6
2,2022-04-04,24.70,42868.05,44932.65,12.3,13.8
2,2022-04-05,20.47,42863.73,45018.98,13.5,14.8
2,2022-04-06,23.94,42077.73,45104.97,14.3,16.0
2,2022-04-07,23.99,42814.88,45190.55,13.3,15.7
2,2022-04-08,23.35,42840.37,45275.67,14.2,15.7
2,2022-04-09,23.97,41068.29,45360.27,18.1,19.9
2,2022-04-10,18.40,38450.90,45444.27,21.3,21.9
2,2022-04-11,23.22,42453.19,45527.62,21.5,22.1
2,2022-04-12,24.42,42937.87,45610.26,20.9,21.5
2,2022-04-13,23.27,43359.24,45692.23,21.6,22.0
2,2022-04-14,23.66,43360.14,45774.10,19.9,21.8
2,2022-04-15,20.65,33353.22,45855.93,18.6,20.6
2,2022-04-16,18.75,34658.53,45937.66,14.5,16.2
2,2022-04-17,20.46,38505.08,46019.24,15.0,17.1
2,2022-04-18,21.33,36768.75,46100.61,18.0,19.7
2,2022-04-19,23.64,36554.79,46181.71,15.0,17.5
2,2022-04-20,22.02,35167.16,46262.48,18.0,20.9
2,2022-04-21,20.81,38342.86,46342.85,21.8,22.5
2,2022-04-22,23.02,41910.81,46422.76,22.6,23.2
2,2022-04-23,24.10,40002.22,46502.17,23.2,23.6
2,2022-04-24,22.47,45397.47,46580.98,23.1,24.1
2,2022-04-25,25.02,44077.96,46659.16,23.6,24.3
2,2022-04-26,24.55,43200.00,46736.62,24.1,24.6
2,2022-04-27,22.72,42589.66,46813.29,23.4,24.1
2,2022-04-28,25.33,45845.88,46889.12,23.5,24.0
2,2022-04-29,22.87,29824.27,46964.03,22.3,25.3
2,2022-04-30,16.27,13310.19,47037.94,21.7,22.5
2,2022-05-01,14.34,19503.17,47110.80,18.6,20.8
2,2022-05-02,7.15,1078.53,47182.51,16.6,17.8
2,2022-05-03,17.07,23621.39,47253.12,16.3,19.3
2,2022-05-04,7.29,1071.62,47323.16,20.5,21.9
2,2022-05-05,12.56,17829.94,47392.68,22.5,23.6
2,2022-05-06,24.75,45732.34,47461.62,22.6,23.4
2,2022-05-07,24.63,44835.03,47529.91,22.4,23.0
2,2022-05-08,19.09,31574.37,47597.50,23.0,24.0
2,2022-05-09,9.99,9490.75,47664.32,21.8,23.3
2,2022-05-10,23.40,38229.97,47730.32,22.4,22.9
2,2022-05-11,8.42,6222.19,47795.42,23.0,23.8
2,2022-05-12,23.28,39600.00,47859.56,23.3,24.0
2,2022-05-13,10.66,3724.51,47922.67,23.6,24.4
2,2022-05-14,8.82,4263.05,47984.70,23.4,24.3
2,2022-05-15,17.22,30707.95,48045.56,20.0,23.0
2,2022-05-16,6.73,0.00,48105.19,19.0,19.6
2,2022-05-17,14.26,18613.88,48163.53,18.7,19.3
2,2022-05-18,21.51,36036.11,48220.49,19.2,20.8
2,2022-05-19,9.80,4455.72,48276.02,22.1,23.0
2,2022-05-20,14.67,22767.92,48330.03,22.3,23.6
2,2022-05-21,25.32,40276.89,48382.45,20.5,21.1
2,2022-05-22,25.64,42396.45,48433.22,20.3,21.1
2,2022-05-23,14.21,13614.74,48482.33,22.6,23.3
2,2022-05-24,19.07,28800.00,48530.21,23.1,23.6
2,2022-05-25,9.96,3112.54,48576.87,23.0,23.7
2,2022-05-26,7.82,7850.50,48622.28,23.7,24.5
2,2022-05-27,13.92,14747.95,48666.39,24.0,25.2
2,2022-05-28,23.26,39600.00,48709.17,25.3,25.6
2,2022-05-29,26.20,46800.00,48750.55,25.5,26.0
2,2022-05-30,26.44,44556.09,48790.49,25.3,25.7
2,2022-05-31,19.52,28089.55,48828.96,25.0,26.2
2,2022-06-01,24.72,43004.54,48865.90,25.0,25.3
2,2022-06-02,21.41,46800.00,48901.27,25.1,26.3
2,2022-06-03,22.62,40288.01,48935.02,25.0,26.6
2,2022-06-04,20.88,44430.33,48967.10,24.9,25.7
2,2022-06-05,25.12,42968.50,48997.47,25.4,25.6
2,2022-06-06,22.67,32607.03,49026.08,24.6,25.9
2,2022-06-07,19.33,23525.68,49052.89,22.1,23.3
2,2022-06-08,7.33,2233.85,49077.85,22.4,23.2
2,2022-06-09,8.61,6134.75,49100.91,23.7,24.4
2,2022-06-10,11.59,11083.88,49122.04,24.6,25.5
2,2022-06-11,17.77,36913.92,49141.18,24.7,26.1
2,2022-06-12,18.32,28965.23,49158.32,25.2,26.0
2,2022-06-13,26.54,46800.00,49173.61,25.6,26.0
2,2022-06-14,25.62,40548.52,49187.06,25.4,26.3
2,2022-06-15,16.90,25200.00,49198.69,24.3,25.6
2,2022-06-16,12.16,10497.98,49208.47,23.9,24.8
2,2022-06-17,12.87,17522.86,49216.42,24.4,25.3
2,2022-06-18,25.11,46800.00,49222.54,25.4,26.1
2,2022-06-19,26.88,46136.15,49226.83,25.0,25.7
2,2022-06-20,25.64,46800.00,49229.28,25.2,26.0
2,2022-06-21,25.62,44628.46,49229.91,24.7,25.6
2,2022-06-22,27.84,46832.17,49228.71,25.3,25.8
2,2022-06-23,27.66,46825.95,49225.69,25.4,25.9
2,2022-06-24,27.72,45477.59,49220.85,25.2,25.6
2,2022-06-25,21.74,45730.08,49214.21,24.7,25.2
2,2022-06-26,20.52,36953.72,49205.75,24.8,25.2
2,2022-06-27,26.68,46806.04,49195.50,24.7,25.4
2,2022-06-28,23.94,44114.03,49183.46,24.1,25.1
2,2022-06-29,24.91,44974.37,49169.63,22.9,23.6
2,2022-06-30,24.89,46800.00,49154.02,23.4,24.3
2,2022-07-01,26.36,47073.64,49136.65,23.9,24.5
2,2022-07-02,25.59,46800.00,49117.48,24.2,25.0
2,2022-07-03,25.84,46800.00,49096.32,24.1,24.9
2,2022-07-04,21.89,40896.72,49073.19,25.1,26.1
2,2022-07-05,20.05,46091.85,49048.14,24.7,25.5
2,2022-07-06,27.22,46800.00,49021.20,24.7,25.2
2,2022-07-07,26.92,46800.00,48992.44,25.5,25.8
2,2022-07-08,27.30,46800.00,48961.91,25.3,25.6
2,2022-07-09,26.76,46780.61,48929.65,25.3,25.8
2,2022-07-10,26.37,47035.64,48895.72,24.8,25.3
2,2022-07-11,28.10,47012.76,48860.15,24.5,24.9
2,2022-07-12,27.09,46714.85,48823.03,24.5,25.7
2,2022-07-13,27.47,46692.69,48784.38,25.1,25.6
2,2022-07-14,25.56,46648.39,48744.25,25.3,25.6
2,2022-07-15,22.00,35260.34,48702.71,25.3,26.3
2,2022-07-16,22.30,42898.53,48659.78,26.6,27.3
2,2022-07-17,25.44,44239.11,48615.55,25.9,26.6
2,2022-07-18,25.26,45608.66,48570.05,25.3,25.6
2,2022-07-19,24.70,46512.03,48523.31,25.9,26.3
2,2022-07-20,27.39,46551.41,48475.41,26.0,26.4
2,2022-07-21,27.79,46534.12,48426.39,25.8,26.2
2,2022-07-22,27.98,46517.53,48376.20,25.8,26.1
2,2022-07-23,27.38,46404.39,48324.42,25.6,25.9
2,2022-07-24,27.32,46485.48,48271.03,25.5,25.9
2,2022-07-25,27.59,46349.64,48216.12,25.2,26.5
2,2022-07-26,24.76,46321.99,48159.74,25.1,25.5
2,2022-07-27,27.19,46294.22,48101.99,23.9,24.9
2,2022-07-28,24.57,39985.78,48042.91,24.5,25.3
2,2022-07-29,24.56,42513.27,47982.60,25.1,25.5
2,2022-07-30,26.39,40906.74,47921.12,25.1,25.9
2,2022-07-31,10.95,5446.27,47858.53,25.0,25.4
2,2022-08-01,7.06,5318.34,47794.91,24.7,25.5
2,2022-08-02,23.79,45724.79,47730.32,24.3,24.8
2,2022-08-03,25.41,46099.11,47664.83,24.5,24.9
2,2022-08-04,26.56,46071.54,47598.51,24.6,25.3
2,2022-08-05,26.46,45217.84,47531.41,24.7,25.0
2,2022-08-06,26.67,46016.97,47463.61,24.0,24.3
2,2022-08-07,24.48,45990.03,47395.16,24.1,24.9
2,2022-08-08,25.96,44715.32,47326.13,23.7,24.5
2,2022-08-09,25.11,45936.97,47256.57,24.5,25.0
2,2022-08-10,25.47,45910.92,47186.55,24.5,25.2
2,2022-08-11,26.88,45885.15,47116.03,24.3,25.6
2,2022-08-12,24.25,45796.48,47044.47,25.7,26.0
2,2022-08-13,26.29,45834.22,46971.82,24.9,25.3
2,2022-08-14,24.91,45548.98,46898.18,24.6,25.7
2,2022-08-15,26.04,45784.05,46823.61,24.0,24.6
2,2022-08-16,25.57,45302.85,46748.17,24.3,24.8
2,2022-08-17,25.00,43491.56,46671.93,24.7,25.0
2,2022-08-18,24.02,45577.05,46594.96,24.4,25.1
2,2022-08-19,26.02,45324.99,46517.33,24.5,25.0
2,2022-08-20,26.15,45073.64,46439.09,24.7,25.3
2,2022-08-21,24.29,41481.39,46360.31,24.9,25.9
2,2022-08-22,26.06,44831.11,46281.05,24.6,25.5
2,2022-08-23,25.26,43479.83,46201.37,25.0,25.5
2,2022-08-24,24.94,44847.38,46121.33,25.0,25.4
2,2022-08-25,25.25,44598.52,46041.00,25.4,25.9
2,2022-08-26,24.49,39585.15,45960.42,24.9,25.3
2,2022-08-27,12.35,5021.03,45879.66,25.3,25.9
2,2022-08-28,22.08,44690.84,45798.76,25.4,25.9
2,2022-08-29,25.10,44446.17,45717.80,25.1,25.7
2,2022-08-30,25.14,43885.97,45636.81,24.9,25.4
2,2022-08-31,20.79,35953.04,45555.76,25.2,25.7
2,2022-09-01,9.22,9028.39,45474.08,24.9,25.8
2,2022-09-02,17.99,38493.83,45391.74,24.5,25.4
2,2022-09-03,5.15,0.00,45308.80,24.8,25.4
2,2022-09-04,1.33,0.00,45225.31,24.7,25.3
2,2022-09-05,7.74,4221.58,45141.33,25.1,25.6
2,2022-09-06,20.12,30008.25,45056.94,24.9,26.1
2,2022-09-07,21.92,42469.78,44972.15,22.1,24.7
2,2022-09-08,23.58,42258.57,44887.06,20.6,22.5
2,2022-09-09,23.70,41097.98,44801.70,24.1,24.8
2,2022-09-10,14.86,18000.00,44716.14,25.1,25.8
2,2022-09-11,7.18,930.68,44630.42,24.1,25.2
2,2022-09-12,2.49,0.00,44544.60,23.8,24.2
2,2022-09-13,9.00,6457.61,44458.74,23.8,25.1
2,2022-09-14,22.59,41428.29,44372.88,24.2,25.2
2,2022-09-15,20.70,40446.94,44287.08,24.5,25.0
2,2022-09-16,21.67,39896.29,44201.39,24.4,25.0
2,2022-09-17,23.26,40852.17,44115.86,24.1,24.8
2,2022-09-18,22.42,37446.81,44030.54,22.9,23.9
2,2022-09-19,17.57,36314.48,43945.49,21.9,23.0
2,2022-09-20,22.14,36750.36,43860.65,22.2,23.2
2,2022-09-21,22.69,38939.51,43775.46,19.7,21.7
2,2022-09-22,20.81,40557.99,43689.85,23.0,23.8
2,2022-09-23,22.02,39842.74,43603.88,23.1,23.8
2,2022-09-24,20.07,39886.12,43517.62,24.0,24.5
2,2022-09-25,20.63,39778.70,43431.12,24.6,25.2
2,2022-09-26,23.00,40226.56,43344.44,23.9,24.7
2,2022-09-27,20.65,39600.00,43257.63,23.9,24.3
2,2022-09-28,21.79,39813.61,43170.75,23.9,24.9
2,2022-09-29,22.28,39825.55,43083.85,24.1,24.8
2,2022-09-30,21.97,39600.00,42997.00,23.9,24.3
2,2022-10-01,21.55,39600.00,42910.25,23.3,23.7
2,2022-10-02,21.44,39600.00,42823.65,22.8,23.3
2,2022-10-03,21.15,39621.30,42737.28,23.3,23.7
2,2022-10-04,21.78,39634.06,42651.16,23.0,23.4
2,2022-10-05,20.75,39600.00,42565.38,22.7,22.9
2,2022-10-06,18.18,39600.00,42479.98,22.8,23.3
2,2022-10-07,19.68,39600.00,42395.02,22.6,23.6
2,2022-10-08,19.01,39600.00,42310.57,21.1,22.4
2,2022-10-09,20.46,34629.59,42226.69,21.3,21.9
2,2022-10-10,13.60,25050.53,42143.31,18.4,21.2
2,2022-10-11,12.31,14718.94,42059.81,17.3,19.2
2,2022-10-12,14.48,31472.28,41976.14,19.6,21.1
2,2022-10-13,19.00,39600.00,41892.36,21.7,23.0
2,2022-10-14,17.95,38732.53,41808.54,23.7,25.0
2,2022-10-15,17.29,34530.54,41724.74,24.3,25.3
2,2022-10-16,12.58,20464.18,41641.03,24.4,24.9
2,2022-10-17,17.52,34853.12,41557.48,23.1,25.4
2,2022-10-18,6.52,872.22,41474.14,18.3,20.5
2,2022-10-19,10.22,18142.65,41391.10,17.8,19.6
2,2022-10-20,15.48,31461.89,41308.41,19.5,23.3
2,2022-10-21,14.16,28100.36,41226.15,23.9,24.5
2,2022-10-22,15.10,32400.00,41144.38,24.5,25.8
2,2022-10-23,14.25,28445.43,41063.19,21.5,23.7
2,2022-10-24,18.94,39600.00,40982.63,15.5,17.6
2,2022-10-25,14.33,34693.06,40902.80,14.8,16.2
2,2022-10-26,15.16,38460.52,40823.74,16.4,18.6
2,2022-10-27,17.98,39500.24,40745.56,19.0,19.5
2,2022-10-28,18.25,38764.30,40668.32,19.9,20.6
2,2022-10-29,17.23,35813.71,40592.10,20.6,21.6
2,2022-10-30,11.62,20483.64,40516.85,22.4,23.2
2,2022-10-31,3.39,0.00,40441.90,22.9,23.5
2,2022-11-01,1.98,0.00,40367.19,21.5,23.4
2,2022-11-02,7.43,10242.57,40292.80,22.2,22.9
2,2022-11-03,15.05,35617.51,40218.80,22.4,22.8
2,2022-11-04,5.04,0.00,40145.27,20.3,22.0
2,2022-11-05,10.00,14426.65,40072.28,17.1,19.4
2,2022-11-06,8.51,15263.57,39999.92,17.1,18.0
2,2022-11-07,8.19,12120.85,39928.27,19.3,21.0
2,2022-11-08,12.91,34393.56,39857.39,20.6,21.7
2,2022-11-09,14.26,35036.40,39787.39,22.0,22.5
2,2022-11-10,8.54,15517.80,39718.33,22.5,23.1
2,2022-11-11,12.97,28186.64,39650.31,23.3,24.2
2,2022-11-12,15.22,38929.09,39583.42,23.8,24.8
2,2022-11-13,16.60,38903.33,39517.72,22.3,24.4
2,2022-11-14,16.02,36619.57,39453.33,18.5,19.9
2,2022-11-15,13.40,34252.75,39390.32,19.3,20.1
2,2022-11-16,10.52,28247.60,39328.78,20.2,20.7
2,2022-11-17,13.63,36753.22,39268.82,21.3,22.4
2,2022-11-18,16.25,38721.42,39210.51,22.2,22.8
2,2022-11-19,16.36,38663.51,39153.85,21.4,22.5
2,2022-11-20,15.12,38606.58,39098.20,19.9,21.1
2,2022-11-21,14.80,36811.72,39043.54,18.9,19.5
2,2022-11-22,14.63,29912.38,38989.91,21.1,22.4
2,2022-11-23,6.38,7666.96,38937.38,21.1,23.0
2,2022-11-24,5.30,582.75,38886.04,21.3,21.8
2,2022-11-25,8.44,19257.71,38835.94,22.0,22.7
2,2022-11-26,11.91,27840.95,38787.17,19.2,21.2
2,2022-11-27,12.73,35663.60,38739.77,19.5,20.4
2,2022-11-28,13.98,38049.51,38693.84,21.7,22.9
2,2022-11-29,14.62,35697.70,38649.43,22.3,22.9
2,2022-11-30,4.96,484.85,38606.63,18.9,20.8
2,2022-12-01,8.24,15680.67,38565.50,18.2,19.0
2,2022-12-02,8.31,24103.60,38526.12,20.1,21.6
2,2022-12-03,9.14,29203.20,38488.56,21.5,22.3
2,2022-12-04,14.28,35838.47,38452.89,21.0,21.5
2,2022-12-05,12.30,30626.57,38419.19,19.2,21.2
2,2022-12-06,7.86,13760.25,38387.54,15.2,16.4
2,2022-12-07,13.37,32221.17,38357.99,15.8,17.4
2,2022-12-08,9.97,27465.49,38330.63,19.2,21.2
2,2022-12-09,4.92,8435.17,38305.47,19.9,21.6
2,2022-12-10,13.96,33973.17,38282.20,18.2,19.2
2,2022-12-11,9.49,28066.59,38260.76,16.8,18.1
2,2022-12-12,9.88,20597.36,38241.17,16.0,16.6
2,2022-12-13,11.44,29887.16,38223.45,13.1,15.3
2,2022-12-14,5.00,3531.00,38207.63,14.2,15.6
2,2022-12-15,4.82,0.00,38193.71,17.7,19.9
2,2022-12-16,8.64,23193.26,38181.72,20.6,22.3
2,2022-12-17,4.29,5538.39,38171.67,11.8,17.9
2,2022-12-18,5.14,280.23,38163.57,6.7,8.2
2,2022-12-19,9.05,18244.63,38157.44,8.6,10.6
2,2022-12-20,11.71,26713.74,38153.29,12.7,16.8
2,2022-12-21,12.95,34921.19,38151.13,12.5,17.9
2,2022-12-22,14.36,29911.84,38150.98,6.5,7.4
2,2022-12-23,9.23,16038.97,38152.84,6.0,7.0
2,2022-12-24,8.61,23398.41,38156.73,6.3,7.8
2,2022-12-25,7.55,10812.54,38162.65,9.0,10.3
2,2022-12-26,10.23,23069.71,38170.63,9.8,11.1
2,2022-12-27,8.38,15786.85,38180.65,12.1,14.4
2,2022-12-28,11.97,35656.52,38192.74,14.2,15.0
2,2022-12-29,5.63,5629.79,38206.92,16.1,18.2
2,2022-12-30,3.20,0.00,38223.34,16.5,18.2
2,2022-12-31,8.72,13566.21,38242.00,14.6,16.2
2,2023-01-01,3.12,0.00,38262.83,14.3,15.1
2,2023-01-02,3.64,1018.50,38285.78,13.7,15.1
2,2023-01-03,13.36,35880.68,38310.79,14.8,15.9
2,2023-01-04,6.65,13231.30,38337.81,13.5,14.4
2,2023-01-05,10.38,26880.49,38366.78,12.8,13.8
2,2023-01-06,4.59,2395.63,38397.65,14.9,16.3
2,2023-01-07,13.73,34246.43,38430.36,11.0,11.9
2,2023-01-08,15.47,36000.00,38464.85,12.1,12.7
2,2023-01-09,11.63,28800.00,38501.07,13.0,13.9
2,2023-01-10,13.80,35421.60,38538.95,13.1,13.8
2,2023-01-11,14.79,33951.58,38578.46,15.7,17.0
2,2023-01-12,13.84,36000.00,38619.52,18.0,18.8
2,2023-01-13,13.90,36000.00,38662.08,18.8,19.2
2,2023-01-14,13.72,32400.00,38706.08,20.3,21.1
2,2023-01-15,4.82,0.00,38751.48,14.9,19.4
2,2023-01-16,6.31,1255.63,38798.21,11.2,12.2
2,2023-01-17,11.07,30755.00,38846.22,11.6,12.1
2,2023-01-18,8.48,15544.49,38895.56,12.3,13.6
2,2023-01-19,13.16,29035.84,38946.77,11.4,12.4
2,2023-01-20,15.70,31155.94,38999.86,11.1,12.0
2,2023-01-21,12.70,28924.44,39054.74,13.1,15.2
2,2023-01-22,12.53,33387.88,39111.31,17.2,18.9
2,2023-01-23,5.56,2732.61,39169.49,15.8,17.4
2,2023-01-24,10.20,22650.61,39229.18,6.8,13.1
2,2023-01-25,7.65,7878.14,39290.30,7.9,11.0
2,2023-01-26,14.46,32400.00,39352.76,13.1,15.0
2,2023-01-27,9.07,15193.53,39416.46,6.3,10.8
2,2023-01-28,7.55,6598.99,39481.33,5.5,7.0
2,2023-01-29,10.92,21492.56,39547.27,5.5,6.6
2,2023-01-30,17.58,37661.24,39614.20,7.3,9.7
2,2023-01-31,18.27,36026.19,39682.05,11.3,12.2
2,2023-02-01,13.47,30815.14,39750.73,14.8,16.5
2,2023-02-02,10.05,19613.33,39820.16,16.1,17.6
2,2023-02-03,14.67,27174.12,39890.26,13.7,14.8
2,2023-02-04,13.95,33779.92,39960.95,14.6,15.2
2,2023-02-05,7.84,7438.83,40032.16,16.3,17.3
2,2023-02-06,8.96,13855.45,40103.81,18.5,19.3
2,2023-02-07,16.75,29420.71,40175.96,17.3,18.9
2,2023-02-08,15.81,32517.37,40249.30,17.0,18.0
2,2023-02-09,16.08,36399.42,40323.86,17.8,18.4
2,2023-02-10,14.73,28678.42,40399.57,18.2,19.6
2,2023-02-11,17.32,33551.24,40476.33,19.5,20.0
2,2023-02-12,17.88,37651.43,40554.07,19.7,20.3
2,2023-02-13,18.40,36000.00,40632.70,18.3,21.0
2,2023-02-14,4.49,0.00,40712.13,12.0,15.5
2,2023-02-15,10.69,14359.91,40792.29,8.7,10.8
2,2023-02-16,10.94,21215.46,40873.10,11.5,15.0
2,2023-02-17,15.79,33446.50,40954.47,14.8,16.1
2,2023-02-18,17.69,36568.52,41036.34,14.5,15.2
2,2023-02-19,18.39,32685.82,41118.62,14.5,16.7
2,2023-02-20,3.11,0.00,41201.25,11.5,13.2
2,2023-02-21,12.23,24323.91,41284.14,11.3,12.3
2,2023-02-22,6.89,3499.12,41367.24,15.8,17.0
2,2023-02-23,10.60,17589.52,41450.45,18.1,19.1
2,2023-02-24,12.34,18704.34,41533.72,16.9,19.8
2,2023-02-25,6.67,341.90,41616.97,11.4,15.9
2,2023-02-26,10.84,14358.68,41700.13,8.2,10.3
2,2023-02-27,17.52,36752.76,41783.26,12.6,15.0
2,2023-02-28,17.72,39602.39,41867.02,13.9,15.7
2,2023-03-01,20.46,35355.18,41951.49,14.6,16.5
2,2023-03-02,12.22,23123.58,42036.59,10.4,14.2
2,2023-03-03,15.99,32122.60,42122.25,10.0,11.4
2,2023-03-04,17.80,39868.23,42208.41,11.2,12.1
2,2023-03-05,21.06,40931.21,42295.00,10.2,12.8
2,2023-03-06,22.50,41737.09,42381.96,8.4,9.3
2,2023-03-07,19.34,39600.00,42469.24,9.7,12.1
2,2023-03-08,15.51,38557.54,42556.74,13.1,15.2
2,2023-03-09,18.44,39357.52,42644.44,15.0,16.5
2,2023-03-10,22.40,41160.05,42732.24,13.6,14.4
2,2023-03-11,19.62,40127.17,42820.11,14.8,16.2
2,2023-03-12,20.95,37528.48,42907.97,15.4,16.3
2,2023-03-13,11.55,14425.93,42995.76,13.1,14.2
2,2023-03-14,14.17,20811.23,43083.43,13.7,16.4
2,2023-03-15,17.57,33943.69,43170.90,17.6,18.6
2,2023-03-16,18.14,40814.68,43258.13,18.1,18.6
2,2023-03-17,20.29,37453.73,43345.05,18.5,19.1
2,2023-03-18,19.42,30260.22,43431.60,16.1,16.6
2,2023-03-19,19.28,38851.79,43517.81,17.4,18.0
2,2023-03-20,10.44,14164.31,43604.34,19.1,20.2
2,2023-03-21,20.01,39554.33,43691.22,21.4,22.3
2,2023-03-22,21.39,38452.24,43778.40,22.4,22.9
2,2023-03-23,22.11,40424.21,43865.82,22.7,23.2
2,2023-03-24,20.13,37865.07,43953.44,21.5,23.4
2,2023-03-25,10.39,14384.32,44041.19,20.0,21.1
2,2023-03-26,11.29,12375.89,44129.00,16.6,18.2
2,2023-03-27,18.27,32813.87,44216.85,17.5,18.2
2,2023-03-28,16.40,26805.22,44304.65,15.1,16.6
2,2023-03-29,21.64,35536.74,44392.36,18.4,20.2
2,2023-03-30,18.32,35663.29,44479.92,20.0,21.8
2,2023-03-31,22.20,37528.52,44567.26,17.5,18.5
2,2023-04-01,14.37,23094.18,44654.35,17.4,18.3
2,2023-04-02,24.60,42680.29,44741.11,15.6,16.8
2,2023-04-03,24.95,42705.49,44827.47,13.9,15.2
2,2023-04-04,21.21,33040.08,44913.40,13.8,15.3
2,2023-04-05,22.83,40856.53,44998.82,16.1,18.6
2,2023-04-06,22.52,42080.85,45083.67,18.9,20.1
2,2023-04-07,9.85,13108.88,45167.89,16.2,20.3
2,2023-04-08,16.46,26864.14,45251.53,9.8,11.4
2,2023-04-09,18.27,36821.35,45335.16,10.6,12.5
2,2023-04-10,22.24,42807.60,45418.86,13.0,15.7
2,2023-04-11,20.97,38626.57,45502.56,18.8,20.4
2,2023-04-12,24.35,43360.78,45586.21,20.0,20.5
2,2023-04-13,22.35,41246.06,45669.74,21.1,22.2
2,2023-04-14,17.63,33994.75,45753.10,22.8,23.3
2,2023-04-15,15.16,29153.73,45836.24,20.2,22.9
2,2023-04-16,26.57,44645.21,45919.08,19.1,19.8
2,2023-04-17,26.52,44390.64,46001.57,20.3,20.9
2,2023-04-18,25.59,39496.86,46083.65,21.6,22.9
2,2023-04-19,21.60,37775.93,46165.26,23.2,23.8
2,2023-04-20,13.69,20682.86,46246.34,22.1,24.0
2,2023-04-21,19.05,43140.50,46326.81,19.0,20.6
2,2023-04-22,25.57,44146.15,46406.61,17.4,19.6
2,2023-04-23,24.39,43864.94,46485.68,19.6,20.7
2,2023-04-24,24.73,39600.00,46563.95,18.8,20.5
2,2023-04-25,20.60,35058.79,46641.35,20.2,21.7
2,2023-04-26,14.46,17743.75,46717.80,17.2,18.1
2,2023-04-27,17.53,34402.07,46793.24,19.7,20.2
2,2023-04-28,23.97,42286.61,46867.71,21.0,22.9
2,2023-04-29,23.35,39600.00,46941.75,22.8,24.1
2,2023-04-30,12.52,13053.03,47015.42,20.8,21.6
2,2023-05-01,15.93,22733.76,47088.65,19.6,20.1
2,2023-05-02,25.24,41818.16,47161.39,20.4,21.9
2,2023-05-03,24.04,39698.26,47233.56,22.3,22.5
2,2023-05-04,22.23,34081.76,47305.12,23.1,23.5
2,2023-05-05,24.56,41511.06,47376.01,23.7,24.0
2,2023-05-06,14.08,14969.69,47446.14,23.9,24.2
2,2023-05-07,14.40,15357.24,47515.45,21.7,25.0
2,2023-05-08,7.21,4520.32,47583.89,18.2,20.1
2,2023-05-09,26.41,46699.28,47651.39,14.2,15.9
2,2023-05-10,26.62,46734.32,47717.86,16.6,18.5
2,2023-05-11,25.51,46768.28,47783.26,16.2,17.3
2,2023-05-12,26.65,45934.20,47847.49,16.8,18.2
2,2023-05-13,21.77,30816.86,47910.50,19.7,21.6
2,2023-05-14,13.00,10875.70,47972.20,16.5,18.1
2,2023-05-15,14.03,16309.29,48032.53,18.0,20.2
2,2023-05-16,26.17,36896.11,48091.42,19.7,20.9
2,2023-05-17,19.07,32580.47,48148.77,22.3,24.7
2,2023-05-18,23.08,43200.00,48204.62,24.4,25.5
2,2023-05-19,24.05,46800.00,48259.41,20.9,23.9
2,2023-05-20,26.96,45734.47,48313.18,21.0,22.7
2,2023-05-21,24.74,46800.00,48365.89,24.1,25.1
2,2023-05-22,24.34,35752.34,48417.47,23.8,26.2
2,2023-05-23,24.09,46788.70,48467.87,17.2,18.8
2,2023-05-24,27.10,43582.64,48517.06,18.1,20.2
2,2023-05-25,27.12,46800.00,48564.96,20.6,21.7
2,2023-05-26,27.81,46800.00,48611.53,19.8,21.2
2,2023-05-27,21.60,43200.00,48656.71,23.1,24.0
2,2023-05-28,23.89,41317.35,48700.44,24.0,24.6
2,2023-05-29,8.67,5664.83,48742.68,24.0,24.5
2,2023-05-30,17.38,18927.07,48783.37,24.2,24.6
2,2023-05-31,6.82,1640.68,48822.44,23.9,24.3
2,2023-06-01,15.30,23564.80,48859.86,24.1,24.8
2,2023-06-02,27.59,46800.00,48895.56,22.8,23.7
2,2023-06-03,28.29,46800.00,48929.48,22.7,23.3
2,2023-06-04,28.14,46800.00,48961.56,22.7,23.2
2,2023-06-05,27.77,46800.00,48991.77,23.5,24.8
2,2023-06-06,27.53,46800.00,49020.03,24.1,24.5
2,2023-06-07,27.81,46800.00,49046.34,24.1,24.8
2,2023-06-08,27.33,45847.39,49070.93,23.6,24.1
2,2023-06-09,26.19,45568.64,49093.81,24.3,25.0
2,2023-06-10,21.11,39450.20,49114.98,24.9,25.4
2,2023-06-11,24.74,38683.56,49134.42,24.4,25.3
2,2023-06-12,9.55,3207.67,49152.12,24.4,24.7
2,2023-06-13,7.22,1207.25,49168.06,24.4,24.9
2,2023-06-14,7.08,1554.47,49182.23,24.1,24.7
2,2023-06-15,15.66,21674.29,49194.61,23.3,24.6
2,2023-06-16,12.99,12702.50,49205.20,25.1,25.8
2,2023-06-17,17.90,30592.05,49213.99,25.5,25.9
2,2023-06-18,17.22,32822.37,49220.95,25.1,25.4
2,2023-06-19,25.84,44803.94,49226.09,25.0,25.4
2,2023-06-20,26.39,46800.00,49229.40,25.9,26.5
2,2023-06-21,26.90,46800.00,49230.85,26.1,26.4
2,2023-06-22,25.94,43984.86,49230.45,25.8,26.1
2,2023-06-23,27.28,46604.31,49228.19,25.2,25.8
2,2023-06-24,27.77,46820.56,49224.06,24.6,25.3
2,2023-06-25,27.98,46815.75,49218.06,24.9,25.3
2,2023-06-26,27.46,46811.61,49210.17,24.3,24.7
2,2023-06-27,25.64,39608.10,49200.39,24.9,25.2
2,2023-06-28,15.12,25224.45,49188.58,25.3,25.6
2,2023-06-29,26.70,45860.83,49174.78,25.3,25.8
2,2023-06-30,26.61,44729.87,49159.02,25.2,25.6
2,2023-07-01,16.26,22798.02,49141.34,25.6,26.1
2,2023-07-02,24.80,46800.00,49121.78,25.8,26.6
2,2023-07-03,27.02,46800.00,49100.37,25.3,25.7
2,2023-07-04,27.09,46800.00,49077.17,25.8,26.3
2,2023-07-05,24.69,45620.74,49052.19,26.1,26.5
2,2023-07-06,24.57,46800.00,49025.49,26.0,26.6
2,2023-07-07,26.85,47073.33,48997.12,26.0,26.5
2,2023-07-08,27.18,46800.00,48967.11,25.0,25.5
2,2023-07-09,28.08,47059.24,48935.49,24.5,25.1
2,2023-07-10,25.58,46650.30,48902.31,24.8,25.6
2,2023-07-11,23.70,46737.60,48867.63,24.9,25.4
2,2023-07-12,27.19,46715.54,48831.46,24.6,25.1
2,2023-07-13,27.84,46968.98,48793.86,24.7,25.3
2,2023-07-14,26.73,46653.37,48754.87,25.3,25.6
2,2023-07-15,25.02,46653.04,48714.53,24.9,25.3
2,2023-07-16,25.67,45836.11,48672.88,24.3,24.7
2,2023-07-17,12.15,6190.29,48629.89,24.7,25.2
2,2023-07-18,19.49,41663.38,48585.16,25.2,26.1
2,2023-07-19,26.49,46578.30,48538.71,25.4,26.4
2,2023-07-20,27.96,46495.64,48490.58,24.5,25.1
2,2023-07-21,26.99,46468.25,48440.88,24.7,25.3
2,2023-07-22,26.46,46525.16,48389.65,25.5,26.0
2,2023-07-23,27.20,46412.76,48336.96,24.7,25.2
2,2023-07-24,26.67,45113.94,48282.90,24.4,25.1
2,2023-07-25,24.13,41413.85,48227.51,24.8,25.2
2,2023-07-26,14.11,19919.42,48170.89,24.8,25.3
2,2023-07-27,19.75,38737.83,48113.06,24.9,25.3
2,2023-07-28,22.29,33668.51,48054.14,25.7,26.1
2,2023-07-29,20.43,41720.24,47994.15,25.4,26.0
2,2023-07-30,25.66,46215.42,47933.19,25.1,25.5
2,2023-07-31,26.11,40214.01,47871.30,24.3,25.2
2,2023-08-01,17.16,33261.13,47808.54,25.2,26.3
2,2023-08-02,2.54,0.00,47744.98,24.4,24.9
2,2023-08-03,1.70,0.00,47680.69,25.2,26.1
2,2023-08-04,2.64,0.00,47615.72,25.1,26.4
2,2023-08-05,8.02,11707.81,47550.12,25.5,26.2
2,2023-08-06,20.15,38535.72,47483.87,25.6,26.2
2,2023-08-07,26.01,45495.68,47416.43,25.9,27.0
2,2023-08-08,19.03,36509.54,47347.78,25.6,26.4
2,2023-08-09,24.59,45247.24,47278.00,26.0,27.0
2,2023-08-10,25.44,39600.00,47207.15,25.7,27.4
2,2023-08-11,22.45,41191.76,47135.31,25.9,26.9
2,2023-08-12,25.07,45867.88,47062.55,26.0,27.0
2,2023-08-13,26.28,45277.64,46988.93,25.6,26.4
2,2023-08-14,25.48,45546.24,46914.53,26.3,27.0
2,2023-08-15,25.61,44430.15,46839.41,26.4,27.4
2,2023-08-16,21.60,41575.00,46763.63,25.3,26.5
2,2023-08-17,25.67,41164.86,46687.26,24.1,25.1
2,2023-08-18,21.45,38877.09,46610.36,23.9,25.3
2,2023-08-19,24.80,45581.95,46533.00,25.5,26.4
2,2023-08-20,26.06,45589.14,46455.23,24.7,26.3
2,2023-08-21,26.12,45337.93,46377.12,24.9,26.4
2,2023-08-22,24.95,45087.41,46298.73,24.7,25.6
2,2023-08-23,25.87,44837.60,46220.10,24.1,25.2
2,2023-08-24,24.80,43816.14,46141.30,24.9,25.8
2,2023-08-25,24.55,43413.41,46062.39,25.3,26.0
2,2023-08-26,21.42,42262.02,45983.32,25.2,26.0
2,2023-08-27,23.43,43655.44,45903.54,24.6,25.9
2,2023-08-28,24.48,44256.69,45823.01,24.8,25.5
2,2023-08-29,23.43,44463.36,45741.78,24.7,25.1
2,2023-08-30,24.36,44157.21,45659.93,24.8,25.4
2,2023-08-31,23.51,41094.38,45577.50,25.5,26.1
2,2023-09-01,23.45,43033.72,45494.56,25.3,25.7
2,2023-09-02,21.45,35074.33,45411.18,24.7,25.4
2,2023-09-03,16.70,25200.00,45327.40,24.6,25.5
2,2023-09-04,20.57,39024.38,45243.28,25.0,25.6
2,2023-09-05,22.30,42644.49,45158.87,24.8,26.1
2,2023-09-06,22.78,42543.09,45074.25,24.3,25.2
2,2023-09-07,23.20,37665.00,44989.45,23.8,25.1
2,2023-09-08,6.97,4461.72,44904.53,21.8,24.2
2,2023-09-09,23.32,42358.15,44819.56,22.5,23.4
2,2023-09-10,24.70,43318.77,44734.56,22.5,22.9
2,2023-09-11,23.67,43011.88,44649.62,23.0,23.9
2,2023-09-12,24.06,42155.09,44564.77,23.6,24.5
2,2023-09-13,22.03,42146.63,44480.06,24.8,25.7
2,2023-09-14,22.72,41982.02,44395.55,25.1,25.6
2,2023-09-15,23.63,42022.28,44311.19,24.5,25.7
2,2023-09-16,23.68,41557.22,44226.40,24.5,25.1
2,2023-09-17,21.52,40333.92,44141.15,24.6,25.4
2,2023-09-18,21.14,36908.35,44055.50,24.3,24.9
2,2023-09-19,21.66,41177.09,43969.49,24.6,25.3
2,2023-09-20,22.96,40966.97,43883.18,24.3,25.0
2,2023-09-21,22.07,39868.03,43796.63,24.6,24.9
2,2023-09-22,18.58,39657.83,43709.89,24.6,25.6
2,2023-09-23,22.63,40338.56,43623.01,24.0,24.2
2,2023-09-24,22.35,39965.81,43536.07,24.3,24.5
2,2023-09-25,21.81,39920.59,43449.10,23.9,24.4
2,2023-09-26,22.08,39964.59,43362.16,23.2,23.9
2,2023-09-27,21.13,40008.66,43275.30,23.9,24.2
2,2023-09-28,21.10,39600.00,43188.59,24.5,25.4
2,2023-09-29,12.51,23098.39,43102.07,25.0,25.5
2,2023-09-30,20.56,39600.00,43015.81,25.5,26.3
2,2023-10-01,19.92,39600.00,42929.84,24.3,25.7
2,2023-10-02,20.05,35987.47,42844.24,24.1,26.1
2,2023-10-03,14.32,29646.73,42759.06,25.0,26.6
2,2023-10-04,17.34,32400.00,42674.35,25.0,26.0
2,2023-10-05,20.19,39600.00,42590.05,25.1,26.0
2,2023-10-06,17.87,39600.00,42505.56,24.7,25.8
2,2023-10-07,20.91,39600.00,42420.83,24.8,25.2
2,2023-10-08,21.21,39600.00,42335.91,24.1,24.7
2,2023-10-09,18.22,39600.00,42250.87,23.6,24.2
2,2023-10-10,17.59,35405.68,42165.78,22.1,23.7
2,2023-10-11,17.73,39193.81,42080.69,19.0,21.0
2,2023-10-12,19.54,39600.00,41995.66,20.7,21.9
2,2023-10-13,20.17,39600.00,41910.77,17.8,19.6
2,2023-10-14,19.25,39600.00,41826.06,18.4,19.5
2,2023-10-15,13.07,28366.89,41741.63,17.7,19.1
2,2023-10-16,16.97,30018.91,41657.51,15.1,16.9
2,2023-10-17,16.47,36313.51,41573.78,17.0,18.4
2,2023-10-18,20.15,37313.62,41490.52,16.2,17.6
2,2023-10-19,19.03,39600.00,41407.78,17.4,19.4
2,2023-10-20,15.61,30546.24,41325.64,18.9,21.2
2,2023-10-21,11.73,16247.16,41244.16,16.5,18.3
2,2023-10-22,17.09,37138.10,41163.42,16.2,17.1
2,2023-10-23,18.63,39262.55,41083.48,19.2,21.6
2,2023-10-24,15.19,39600.00,41004.43,21.6,22.0
2,2023-10-25,18.33,39600.00,40926.20,20.5,21.8
2,2023-10-26,18.36,39561.17,40848.14,19.3,20.4
2,2023-10-27,15.38,32400.00,40770.18,16.5,17.4
2,2023-10-28,10.44,21298.17,40692.40,16.1,17.7
2,2023-10-29,19.20,39429.07,40614.87,15.2,17.0
2,2023-10-30,16.74,39386.56,40537.67,15.5,17.2
2,2023-10-31,17.00,39344.91,40460.86,18.5,19.7
2,2023-11-01,16.20,39304.16,40384.54,19.5,20.3
2,2023-11-02,18.47,39264.39,40308.76,20.2,20.7
2,2023-11-03,18.04,39225.65,40233.62,19.5,20.3
2,2023-11-04,17.73,39187.99,40159.20,19.2,20.8
2,2023-11-05,17.98,39151.47,40085.56,19.5,20.8
2,2023-11-06,17.95,39116.17,40012.80,20.6,22.9
2,2023-11-07,13.30,29998.86,39941.00,16.8,19.7
2,2023-11-08,16.97,39049.42,39870.24,16.6,19.0
2,2023-11-09,14.38,38814.33,39800.60,22.2,23.5
2,2023-11-10,15.72,35965.83,39732.19,22.1,23.4
2,2023-11-11,11.33,25952.69,39665.08,21.2,21.8
2,2023-11-12,11.22,24961.11,39599.36,18.1,20.3
2,2023-11-13,12.90,26014.77,39535.13,14.0,16.7
2,2023-11-14,13.08,31996.53,39472.36,15.3,16.9
2,2023-11-15,15.74,38394.05,39410.38,16.5,16.9
2,2023-11-16,15.20,35242.00,39349.17,16.2,19.7
2,2023-11-17,11.68,23281.46,39288.77,10.1,11.8
2,2023-11-18,10.35,24914.48,39229.29,11.0,13.2
2,2023-11-19,12.54,32440.92,39170.76,13.4,14.2
2,2023-11-20,14.22,33059.10,39113.29,13.0,14.2
2,2023-11-21,11.79,30530.45,39056.94,15.3,17.5
2,2023-11-22,16.79,38507.73,39001.79,15.7,16.7
2,2023-11-23,15.90,38452.87,38947.92,17.0,18.7
2,2023-11-24,14.11,37398.56,38895.42,14.3,16.7
2,2023-11-25,11.67,30082.66,38844.34,14.9,17.3
2,2023-11-26,8.53,17511.72,38794.78,18.3,18.8
2,2023-11-27,15.10,34496.37,38746.82,16.6,18.4
2,2023-11-28,16.23,37202.99,38700.54,13.9,16.0
2,2023-11-29,13.55,35785.70,38656.02,16.6,18.6
2,2023-11-30,10.16,21600.00,38613.34,17.7,19.5
2,2023-12-01,4.76,0.00,38572.59,15.3,16.6
2,2023-12-02,8.18,16807.86,38533.85,15.0,15.8
2,2023-12-03,11.22,20866.45,38497.19,17.0,19.5
2,2023-12-04,4.81,1495.49,38462.64,20.3,21.1
2,2023-12-05,9.41,22851.15,38429.76,17.6,19.5
2,2023-12-06,6.43,10316.73,38398.51,15.4,18.8
2,2023-12-07,8.66,23230.39,38368.92,14.2,15.4
2,2023-12-08,15.24,37771.06,38341.04,16.8,19.6
2,2023-12-09,14.36,36956.06,38314.88,19.6,19.9
2,2023-12-10,14.57,36992.93,38290.51,19.7,20.3
2,2023-12-11,13.45,34416.96,38267.93,21.2,21.7
2,2023-12-12,6.57,7675.19,38247.19,18.9,21.5
2,2023-12-13,10.89,27982.83,38228.33,17.8,18.2
2,2023-12-14,13.88,37434.62,38211.36,18.6,19.3
2,2023-12-15,14.77,35768.91,38196.34,19.7,20.8
2,2023-12-16,5.54,5020.05,38183.28,14.7,19.0
2,2023-12-17,4.83,212.40,38172.22,12.7,13.4
2,2023-12-18,11.88,26671.72,38163.20,16.1,17.9
2,2023-12-19,8.54,18151.56,38156.23,18.5,19.4
2,2023-12-20,4.63,1587.87,38151.35,14.6,17.5
2,2023-12-21,3.83,0.00,38148.60,9.1,11.4
2,2023-12-22,7.91,14329.28,38147.99,8.2,10.2
2,2023-12-23,5.60,3710.71,38149.54,13.0,15.5
2,2023-12-24,3.36,0.00,38153.31,14.6,17.3
2,2023-12-25,11.79,30015.01,38159.31,10.2,12.0
2,2023-12-26,14.70,32817.70,38167.51,12.3,14.9
2,2023-12-27,11.65,25306.88,38177.86,18.0,19.3
2,2023-12-28,4.82,1930.28,38190.36,19.5,20.2
2,2023-12-29,9.59,26466.76,38204.93,19.6,20.0
2,2023-12-30,12.23,29422.83,38221.57,20.7,21.8
2,2023-12-31,12.56,32885.06,38240.22,14.5,19.4
2,2024-01-01,11.12,25618.75,38260.83,12.1,14.1
2,2024-01-02,14.65,36556.38,38283.38,13.3,14.5
2,2024-01-03,9.32,23848.32,38307.83,12.2,16.9
2,2024-01-04,11.91,33589.76,38334.13,10.7,12.4
2,2024-01-05,15.40,36979.00,38362.23,10.8,12.9
2,2024-01-06,14.14,36459.31,38392.10,13.7,16.1
2,2024-01-07,13.37,36000.00,38423.70,11.7,12.9
2,2024-01-08,13.83,31334.72,38456.99,13.0,16.8
2,2024-01-09,6.45,15346.28,38491.91,16.8,18.0
2,2024-01-10,13.53,32287.52,38528.43,9.4,14.9
2,2024-01-11,10.41,24020.70,38566.52,8.4,9.1
2,2024-01-12,15.63,36465.96,38606.12,9.2,9.7
2,2024-01-13,16.27,36185.38,38647.28,10.6,11.1
2,2024-01-14,15.48,35027.77,38690.46,10.8,12.4
2,2024-01-15,13.68,36179.74,38735.67,12.1,14.2
2,2024-01-16,15.34,33777.47,38782.81,11.3,13.8
2,2024-01-17,12.58,30500.89,38831.79,14.8,16.0
2,2024-01-18,15.15,34247.20,38882.55,16.8,18.2
2,2024-01-19,15.54,36000.00,38934.98,17.7,18.7
2,2024-01-20,15.66,36000.00,38989.00,18.5,19.6
2,2024-01-21,4.53,0.00,39044.52,14.2,15.7
2,2024-01-22,11.58,25200.00,39101.47,12.2,14.6
2,2024-01-23,4.12,0.00,39159.75,8.0,9.5
2,2024-01-24,10.45,25417.62,39219.29,7.0,8.1
2,2024-01-25,10.48,22754.27,39280.01,9.4,11.1
2,2024-01-26,8.94,14041.00,39341.82,10.8,11.7
2,2024-01-27,8.94,14620.07,39404.65,11.9,13.4
2,2024-01-28,9.55,10819.82,39468.41,10.9,12.7
2,2024-01-29,13.99,33690.68,39533.04,13.2,14.7
2,2024-01-30,15.08,37126.87,39598.45,16.2,17.0
2,2024-01-31,17.50,36841.05,39664.58,17.2,17.9
2,2024-02-01,17.27,36824.83,39731.35,17.3,18.0
2,2024-02-02,17.38,37076.59,39798.80,18.4,19.5
2,2024-02-03,17.06,36790.13,39867.62,19.3,20.1
2,2024-02-04,11.77,25091.72,39937.84,20.5,21.3
2,2024-02-05,6.80,6303.67,40009.36,15.0,18.7
2,2024-02-06,11.89,16954.03,40082.11,14.4,15.8
2,2024-02-07,8.64,11363.01,40155.99,16.1,17.8
2,2024-02-08,5.81,1213.35,40230.90,14.5,15.7
2,2024-02-09,3.93,0.00,40306.78,12.0,14.0
2,2024-02-10,14.60,29750.45,40383.52,9.5,11.3
2,2024-02-11,19.56,37687.91,40461.06,7.7,9.7
2,2024-02-12,17.57,32400.00,40539.30,9.1,10.8
2,2024-02-13,15.92,35467.10,40618.17,14.4,15.9
2,2024-02-14,16.21,37547.11,40697.58,16.8,17.7
2,2024-02-15,19.15,36448.98,40777.45,17.7,18.5
2,2024-02-16,16.60,35682.92,40857.72,15.3,17.0
2,2024-02-17,19.47,38193.30,40938.31,15.9,17.3
2,2024-02-18,19.05,38668.86,41019.13,19.1,20.6
2,2024-02-19,19.56,38619.64,41100.11,20.2,21.3
2,2024-02-20,19.73,39352.11,41181.19,20.8,21.7
2,2024-02-21,19.49,39479.70,41262.28,20.5,21.3
2,2024-02-22,19.55,36826.24,41343.45,19.5,20.2
2,2024-02-23,10.26,10989.55,41425.39,16.7,18.1
2,2024-02-24,13.17,18195.78,41508.14,15.7,16.6
2,2024-02-25,8.80,6416.99,41591.64,12.3,14.3
2,2024-02-26,7.43,695.52,41675.81,13.3,15.0
2,2024-02-27,14.52,29266.77,41760.58,14.9,16.3
2,2024-02-28,18.90,39251.31,41845.88,16.7,17.7
2,2024-02-29,20.22,36695.08,41931.66,17.8,19.5
2,2024-03-01,6.54,0.00,42017.83,13.6,16.2
2,2024-03-02,7.80,4283.36,42104.32,12.4,13.5
2,2024-03-03,9.38,10293.19,42191.09,15.8,18.3
2,2024-03-04,17.99,33468.13,42278.05,20.4,21.3
2,2024-03-05,19.63,37384.33,42365.15,22.3,22.8
2,2024-03-06,16.94,27160.19,42452.31,17.4,20.9
2,2024-03-07,5.42,0.00,42539.49,14.6,16.6
2,2024-03-08,14.18,33011.87,42626.60,8.2,10.3
2,2024-03-09,18.15,34724.23,42713.59,8.9,10.9
2,2024-03-10,13.64,25558.81,42800.40,11.5,12.7
2,2024-03-11,10.31,7731.83,42886.96,15.6,19.0
2,2024-03-12,22.47,40870.60,42973.21,10.1,12.2
2,2024-03-13,23.38,42115.73,43059.20,9.5,11.3
2,2024-03-14,19.93,34762.99,43145.57,11.5,13.6
2,2024-03-15,15.71,35837.27,43232.37,14.6,15.6
2,2024-03-16,20.33,41309.44,43319.53,16.3,18.1
2,2024-03-17,21.15,40017.29,43407.03,18.5,19.9
2,2024-03-18,20.75,37934.52,43494.77,16.7,18.3
2,2024-03-19,7.57,4637.44,43582.73,13.4,18.6
2,2024-03-20,22.73,42370.32,43670.82,7.5,9.0
2,2024-03-21,21.65,38795.97,43759.01,8.9,11.0
2,2024-03-22,19.92,35453.91,43847.23,13.6,17.3
2,2024-03-23,21.58,41215.30,43935.42,19.4,20.1
2,2024-03-24,22.53,40189.87,44023.53,21.0,21.7
2,2024-03-25,23.14,41443.83,44111.51,21.4,22.1
2,2024-03-26,16.29,23277.82,44199.28,16.6,22.0
2,2024-03-27,14.38,19601.64,44286.81,16.1,17.8
2,2024-03-28,15.50,18280.87,44374.01,20.3,21.7
2,2024-03-29,17.37,27706.72,44460.85,19.6,20.6
2,2024-03-30,14.60,26504.67,44547.25,21.1,22.3
2,2024-03-31,12.94,21956.89,44633.16,21.7,23.7
2,2024-04-01,21.64,39839.60,44718.51,20.8,23.3
2,2024-04-02,22.36,42700.20,44803.37,23.4,24.5
2,2024-04-03,23.70,42610.96,44888.31,23.1,23.8
2,2024-04-04,23.90,39151.60,44973.39,23.4,23.8
2,2024-04-05,20.81,34542.80,45058.56,22.3,24.0
2,2024-04-06,16.30,21823.12,45143.76,21.4,23.1
2,2024-04-07,6.73,4474.35,45228.94,21.6,22.3
2,2024-04-08,14.53,33151.82,45314.04,21.1,22.5
2,2024-04-09,18.65,38248.31,45398.99,17.8,20.6
2,2024-04-10,18.60,34914.48,45483.76,18.4,19.9
2,2024-04-11,21.88,42025.60,45568.26,20.8,21.4
2,2024-04-12,21.86,37648.81,45652.45,22.2,22.9
2,2024-04-13,17.63,36479.55,45736.26,22.6,23.5
2,2024-04-14,19.11,41307.22,45819.64,23.9,24.3
2,2024-04-15,17.25,37056.40,45902.51,23.1,24.1
2,2024-04-16,20.92,34918.02,45984.83,23.8,24.3
2,2024-04-17,23.59,38631.07,46066.51,23.3,25.7
2,2024-04-18,20.39,37708.16,46147.50,18.8,21.2
2,2024-04-19,23.37,43880.77,46227.74,19.4,22.4
2,2024-04-20,20.62,44989.35,46307.15,23.6,24.0
2,2024-04-21,24.94,43197.10,46385.65,24.1,24.9
2,2024-04-22,20.51,35293.61,46463.31,24.3,25.7
2,2024-04-23,12.71,11704.19,46540.67,23.3,24.7
2,2024-04-24,15.02,23625.35,46617.80,21.5,23.5
2,2024-04-25,9.84,5049.30,46694.62,22.6,23.0
2,2024-04-26,14.83,18000.00,46771.08,23.0,24.5
2,2024-04-27,18.95,34510.89,46847.13,24.1,25.1
2,2024-04-28,18.40,33733.65,46922.69,23.8,25.7
2,2024-04-29,20.71,43728.90,46997.71,24.9,25.9
2,2024-04-30,24.23,39600.00,47072.11,24.2,25.4
2,2024-05-01,20.90,31732.53,47145.85,21.1,23.3
2,2024-05-02,9.63,15077.17,47218.84,20.9,21.4
2,2024-05-03,24.99,46502.01,47291.02,22.0,22.8
2,2024-05-04,25.16,44202.25,47362.33,23.0,23.9
2,2024-05-05,24.07,46582.02,47432.69,23.9,24.5
2,2024-05-06,23.19,44056.12,47502.04,24.1,25.1
2,2024-05-07,25.49,43367.68,47570.30,21.2,23.5
2,2024-05-08,24.41,46693.81,47637.40,17.4,20.3
2,2024-05-09,26.18,45424.80,47703.25,16.2,17.1
2,2024-05-10,22.00,44990.95,47767.81,17.2,19.0
2,2024-05-11,22.52,44922.10,47830.97,20.6,23.2
2,2024-05-12,24.24,32615.91,47892.76,24.1,25.4
2,2024-05-13,11.25,6974.14,47953.68,20.6,22.7
2,2024-05-14,12.19,14383.85,48013.77,20.6,21.2
2,2024-05-15,27.13,46800.00,48072.97,18.5,20.8
2,2024-05-16,27.50,45393.79,48131.22,17.1,17.8
2,2024-05-17,19.34,30839.13,48188.48,20.4,22.0
2,2024-05-18,17.59,33452.78,48244.66,22.1,23.1
2,2024-05-19,23.84,44299.22,48299.74,22.6,23.6
2,2024-05-20,14.75,18672.24,48353.63,23.4,24.0
2,2024-05-21,13.69,18863.08,48406.28,24.1,24.8
2,2024-05-22,14.92,26760.23,48457.64,24.3,25.2
2,2024-05-23,21.21,39557.82,48507.64,24.9,26.0
2,2024-05-24,19.14,32191.75,48556.21,24.5,25.8
2,2024-05-25,18.21,30507.79,48603.30,24.8,26.3
2,2024-05-26,15.86,27137.93,48648.84,24.8,25.8
2,2024-05-27,10.02,16170.13,48692.78,24.7,25.8
2,2024-05-28,11.90,8856.52,48735.04,23.7,26.1
2,2024-05-29,18.75,32132.49,48775.56,23.0,24.2
2,2024-05-30,23.44,46800.00,48814.29,25.7,26.5
2,2024-05-31,22.98,39600.00,48851.15,25.7,27.2
2,2024-06-01,15.56,17275.39,48886.14,25.3,26.6
2,2024-06-02,11.51,7419.17,48919.56,23.9,25.4
2,2024-06-03,20.08,38355.45,48951.45,18.9,21.6
2,2024-06-04,28.04,46800.00,48981.76,19.1,19.7
2,2024-06-05,25.43,43200.00,49010.49,18.9,19.6
2,2024-06-06,21.02,36356.54,49037.59,20.8,22.2
2,2024-06-07,22.66,41254.07,49063.04,23.4,24.5
2,2024-06-08,18.02,37471.28,49086.82,24.9,25.8
2,2024-06-09,19.72,36910.24,49108.89,25.2,26.6
2,2024-06-10,17.76,35365.14,49129.24,25.3,26.2
2,2024-06-11,15.00,27169.10,49147.84,26.2,27.1
2,2024-06-12,19.76,34242.18,49164.66,26.3,27.4
2,2024-06-13,23.26,31744.55,49179.68,26.0,27.3
2,2024-06-14,16.92,29378.58,49192.88,26.3,27.0
2,2024-06-15,23.16,43200.00,49204.23,26.7,27.1
2,2024-06-16,24.84,39600.00,49213.71,25.3,26.8
2,2024-06-17,11.68,10261.99,49221.29,25.2,26.1
2,2024-06-18,6.16,1145.24,49226.96,25.0,26.0
2,2024-06-19,19.73,29755.54,49230.70,25.8,26.9
2,2024-06-20,26.84,44424.16,49232.48,26.0,26.7
2,2024-06-21,26.27,46800.00,49232.28,26.4,26.9
2,2024-06-22,26.72,46830.11,49230.09,26.9,27.4
2,2024-06-23,27.42,46824.90,49225.93,26.3,27.0
2,2024-06-24,27.77,46819.99,49219.81,25.9,26.7
2,2024-06-25,27.42,46815.45,49211.76,25.5,25.9
2,2024-06-26,27.75,46800.00,49201.81,25.7,26.5
2,2024-06-27,27.93,46807.47,49189.99,25.2,25.8
2,2024-06-28,25.98,46804.10,49176.32,25.6,26.2
2,2024-06-29,27.32,46801.17,49160.84,25.5,26.1
2,2024-06-30,27.29,46800.00,49143.56,25.8,26.1
2,2024-07-01,27.43,46800.00,49124.51,25.5,26.3
2,2024-07-02,27.64,47072.94,49103.74,25.5,26.1
2,2024-07-03,27.76,47071.81,49081.26,26.0,26.6
2,2024-07-04,28.00,47071.24,49057.10,25.2,25.7
2,2024-07-05,27.28,46800.00,49031.30,25.0,25.5
2,2024-07-06,27.41,43559.11,49003.89,25.4,26.2
2,2024-07-07,27.63,45225.06,48974.89,25.0,25.7
2,2024-07-08,14.86,23215.14,48944.34,24.8,25.7
2,2024-07-09,24.02,46765.59,48912.27,25.3,25.8
2,2024-07-10,26.13,46739.95,48878.71,25.8,26.1
2,2024-07-11,27.10,46715.56,48843.63,25.6,26.1
2,2024-07-12,25.98,46690.54,48806.70,25.5,26.1
2,2024-07-13,27.34,46959.12,48767.94,25.3,26.3
2,2024-07-14,26.61,46422.04,48727.39,25.2,25.6
2,2024-07-15,27.48,46644.22,48685.12,24.0,24.7
2,2024-07-16,23.86,44186.60,48641.21,24.8,25.5
2,2024-07-17,27.16,46557.99,48595.72,25.6,26.5
2,2024-07-18,27.44,46585.31,48548.71,24.9,25.5
2,2024-07-19,27.35,46566.21,48500.24,25.0,25.7
2,2024-07-20,27.28,45700.35,48450.38,24.5,25.3
2,2024-07-21,25.70,46446.21,48399.19,24.6,25.3
2,2024-07-22,25.21,44833.29,48346.73,25.2,26.0
2,2024-07-23,18.17,25467.28,48293.07,25.2,25.8
2,2024-07-24,4.56,1725.22,48238.26,25.2,25.8
2,2024-07-25,17.88,28241.31,48182.38,25.5,26.0
2,2024-07-26,15.34,21665.47,48125.47,26.0,26.6
2,2024-07-27,21.87,38928.55,48067.59,25.6,26.1
2,2024-07-28,25.92,45691.84,48008.82,25.2,26.5
2,2024-07-29,24.54,46221.72,47949.19,25.3,26.0
2,2024-07-30,26.21,46194.59,47888.77,25.7,26.2
2,2024-07-31,26.36,46167.64,47827.52,25.9,26.3
2,2024-08-01,27.00,46140.71,47764.94,26.1,26.7
2,2024-08-02,27.18,46113.77,47701.02,25.8,26.6
2,2024-08-03,27.26,46086.87,47635.83,25.5,26.1
2,2024-08-04,26.12,44683.31,47569.43,25.2,25.6
2,2024-08-05,16.60,24613.60,47501.90,25.2,26.1
2,2024-08-06,12.29,7267.24,47433.32,25.7,26.2
2,2024-08-07,14.53,18668.02,47363.75,25.9,26.8
2,2024-08-08,19.07,34079.78,47293.27,26.2,27.2
2,2024-08-09,20.21,38900.79,47221.94,26.0,27.3
2,2024-08-10,25.15,45891.64,47149.82,24.6,25.9
2,2024-08-11,26.60,45874.75,47076.99,24.6,26.1
2,2024-08-12,26.86,45848.84,47003.51,24.8,25.9
2,2024-08-13,26.10,45805.36,46929.44,24.5,26.1
2,2024-08-14,24.97,44769.31,46854.85,24.4,25.5
2,2024-08-15,24.45,43475.99,46779.80,23.7,24.8
2,2024-08-16,20.36,32000.91,46704.35,24.6,25.1
2,2024-08-17,12.20,18420.42,46628.55,25.3,25.8
2,2024-08-18,12.46,12450.66,46552.48,25.5,26.4
2,2024-08-19,7.01,5666.84,46476.17,24.9,25.9
2,2024-08-20,25.41,45077.98,46399.60,26.0,26.3
2,2024-08-21,23.81,45085.83,46322.20,26.2,26.9
2,2024-08-22,25.84,45093.64,46243.95,26.0,26.6
2,2024-08-23,25.90,44328.79,46164.90,25.1,25.9
2,2024-08-24,19.91,28194.63,46085.13,24.8,25.4
2,2024-08-25,15.20,29287.46,46004.69,25.0,25.6
2,2024-08-26,24.56,44626.59,45923.65,25.4,25.9
2,2024-08-27,23.73,44778.05,45842.06,25.4,25.8
2,2024-08-28,24.46,44471.14,45760.00,26.0,26.7
2,2024-08-29,23.12,44419.98,45677.51,26.2,27.4
2,2024-08-30,24.90,44368.34,45594.66,25.7,26.4
2,2024-08-31,24.05,44061.06,45511.50,25.9,26.6
2,2024-09-01,25.39,44518.95,45428.09,23.6,25.2
2,2024-09-02,25.03,43956.65,45344.49,23.6,25.1
2,2024-09-03,23.68,42885.97,45260.75,25.2,25.7
2,2024-09-04,22.05,43145.30,45176.93,25.3,26.0
2,2024-09-05,23.44,41655.54,45093.07,25.2,25.8
2,2024-09-06,20.80,42984.84,45009.24,24.7,25.6
2,2024-09-07,23.24,42495.29,44925.49,24.6,25.6
2,2024-09-08,22.49,42374.44,44841.87,24.7,25.6
2,2024-09-09,19.09,36688.02,44758.32,25.0,25.8
2,2024-09-10,22.25,41850.12,44674.29,25.4,25.9
2,2024-09-11,15.99,27652.85,44589.74,25.5,26.3
2,2024-09-12,22.92,41125.90,44504.71,24.2,25.2
2,2024-09-13,19.80,38116.98,44419.27,24.3,25.2
2,2024-09-14,23.89,41252.04,44333.47,24.9,25.6
2,2024-09-15,22.71,38210.71,44247.37,25.1,25.8
2,2024-09-16,21.12,41841.50,44161.02,25.5,26.9
2,2024-09-17,22.42,40018.15,44074.48,24.6,25.3
2,2024-09-18,17.99,38873.02,43987.80,25.8,26.2
2,2024-09-19,21.91,40083.04,43901.02,26.0,27.2
2,2024-09-20,12.04,22381.77,43814.22,25.2,25.7
2,2024-09-21,20.23,36931.74,43727.44,24.9,25.6
2,2024-09-22,18.26,38254.47,43640.73,25.3,25.9
2,2024-09-23,20.36,36107.45,43554.15,25.3,26.2
2,2024-09-24,10.99,11567.67,43467.75,25.2,25.6
2,2024-09-25,14.26,27913.00,43381.58,24.7,25.3
2,2024-09-26,16.73,39600.00,43295.71,24.4,25.5
2,2024-09-27,20.77,34724.92,43210.17,24.5,25.3
2,2024-09-28,7.42,4986.60,43125.02,24.2,24.9
2,2024-09-29,13.36,22292.43,43040.21,24.6,25.3
2,2024-09-30,18.39,36971.93,42955.15,25.4,26.1
2,2024-10-01,19.39,38063.41,42869.79,25.5,26.7
2,2024-10-02,12.59,21263.41,42784.17,24.6,26.3
2,2024-10-03,12.20,20776.16,42698.37,24.4,25.9
2,2024-10-04,9.40,14478.53,42612.45,24.3,25.3
2,2024-10-05,15.50,28892.75,42526.46,24.0,24.9
2,2024-10-06,20.93,39600.00,42440.45,23.9,24.6
2,2024-10-07,18.01,39600.00,42354.51,24.0,25.0
2,2024-10-08,17.01,36005.06,42268.67,22.2,23.6
2,2024-10-09,18.63,36859.23,42183.01,21.3,22.0
2,2024-10-10,19.93,39600.00,42097.58,20.0,21.9
2,2024-10-11,19.17,39600.00,42012.46,18.6,20.2
2,2024-10-12,19.10,39600.00,41927.69,21.0,22.1
2,2024-10-13,19.10,39600.00,41843.35,21.5,22.3
2,2024-10-14,19.13,38607.93,41759.49,21.8,23.2
2,2024-10-15,19.44,39600.00,41676.19,23.3,24.0
2,2024-10-16,18.06,38881.02,41593.50,24.5,25.0
2,2024-10-17,18.10,39600.00,41511.51,24.1,24.5
2,2024-10-18,19.32,39600.00,41430.26,24.9,25.3
2,2024-10-19,19.81,39600.00,41349.71,23.6,24.5
2,2024-10-20,17.34,39600.00,41269.20,23.6,24.0
2,2024-10-21,19.22,39600.00,41188.68,23.6,24.0
2,2024-10-22,18.47,39600.00,41108.22,23.6,24.3
2,2024-10-23,16.58,31295.16,41027.89,23.7,24.5
2,2024-10-24,6.11,0.00,40947.76,24.8,25.3
2,2024-10-25,8.29,6176.14,40867.90,24.3,25.0
2,2024-10-26,16.96,35068.45,40788.39,23.8,24.4
2,2024-10-27,18.30,39482.24,40709.29,23.2,24.1
2,2024-10-28,17.68,35837.61,40630.69,23.1,23.5
2,2024-10-29,6.93,4023.93,40552.67,23.7,24.6
2,2024-10-30,9.01,9657.87,40475.29,24.8,25.6
2,2024-10-31,7.73,5562.78,40398.63,24.5,25.5
2,2024-11-01,16.53,35669.47,40322.79,24.8,25.6
2,2024-11-02,11.52,27809.80,40247.83,22.1,22.6
2,2024-11-03,16.81,39192.60,40173.84,20.9,21.6
2,2024-11-04,17.08,39156.22,40100.91,21.0,22.2
2,2024-11-05,15.58,35584.20,40029.11,19.9,21.7
2,2024-11-06,11.38,21917.10,39958.55,16.3,17.9
2,2024-11-07,7.26,4385.56,39889.29,19.7,22.9
2,2024-11-08,6.72,10964.26,39821.32,23.5,24.1
2,2024-11-09,14.22,37748.13,39753.94,24.0,25.6
2,2024-11-10,16.44,38969.46,39687.12,23.8,24.8
2,2024-11-11,16.53,35343.01,39620.93,23.0,23.7
2,2024-11-12,8.15,11592.26,39555.43,23.2,24.0
2,2024-11-13,11.31,33992.22,39490.72,23.4,23.7
2,2024-11-14,15.14,36000.00,39426.86,24.0,24.9
2,2024-11-15,9.64,16520.15,39363.94,24.2,24.8
2,2024-11-16,8.87,14395.89,39302.03,24.1,24.7
2,2024-11-17,12.83,30952.54,39241.22,22.5,25.3
2,2024-11-18,7.36,7330.99,39181.60,18.0,19.5
2,2024-11-19,6.03,2185.94,39123.22,18.3,19.8
2,2024-11-20,8.77,24428.67,39066.20,20.3,21.1
2,2024-11-21,5.28,101.88,39010.61,19.7,20.9
2,2024-11-22,9.33,17401.15,38956.54,16.4,17.6
2,2024-11-23,13.13,33891.24,38904.08,15.0,16.4
2,2024-11-24,13.29,38174.90,38853.31,15.7,16.8
2,2024-11-25,14.41,37825.89,38804.32,18.3,20.7
2,2024-11-26,6.04,15654.29,38757.20,16.5,21.7
2,2024-11-27,15.52,35360.99,38712.04,11.1,13.2
2,2024-11-28,11.74,26478.03,38668.83,9.7,12.2
2,2024-11-29,13.85,32347.59,38627.07,8.4,10.0
2,2024-11-30,13.10,31195.30,38586.72,10.8,13.7
2,2024-12-01,15.63,38045.52,38547.81,14.2,15.4
2,2024-12-02,15.55,38007.26,38510.40,15.0,15.4
2,2024-12-03,15.90,37915.88,38474.55,15.5,16.3
2,2024-12-04,14.41,34994.88,38440.29,15.6,16.7
2,2024-12-05,6.14,9047.00,38407.69,15.7,17.8
2,2024-12-06,3.59,53.93,38376.79,18.6,20.0
2,2024-12-07,7.94,17635.48,38347.63,19.1,20.5
2,2024-12-08,6.19,5465.33,38320.27,12.8,15.9
2,2024-12-09,10.52,29051.49,38294.77,13.5,14.3
2,2024-12-10,14.11,35608.29,38271.17,14.0,15.3
2,2024-12-11,7.79,14706.85,38249.51,17.0,18.7
2,2024-12-12,9.16,22839.72,38229.84,16.3,17.5
2,2024-12-13,10.74,28561.87,38212.22,15.9,17.6
2,2024-12-14,8.20,18022.04,38196.68,11.4,13.5
2,2024-12-15,12.61,28466.57,38183.29,9.8,12.0
2,2024-12-16,5.85,3600.26,38172.08,10.5,12.3
2,2024-12-17,15.22,32660.45,38163.10,12.4,14.1
2,2024-12-18,4.38,1426.60,38156.38,12.3,15.7
2,2024-12-19,6.41,9109.35,38151.80,10.2,12.9
2,2024-12-20,13.33,34848.08,38149.35,13.1,14.2
2,2024-12-21,6.39,15357.58,38148.99,13.6,16.7
2,2024-12-22,5.86,2217.26,38150.72,10.2,12.1
2,2024-12-23,10.07,24338.88,38154.52,13.3,15.5
2,2024-12-24,6.02,7570.81,38160.36,14.0,14.6
2,2024-12-25,14.62,34051.93,38168.22,15.3,17.4
2,2024-12-26,5.46,8294.39,38178.10,17.0,20.4
2,2024-12-27,5.11,6499.81,38189.95,12.9,14.4
2,2024-12-28,8.47,18145.90,38203.76,8.2,11.8
2,2024-12-29,8.72,14440.38,38219.52,8.8,12.7
2,2024-12-30,6.58,2811.64,38237.19,15.4,17.2
2,2024-12-31,5.35,67.62,38256.75,11.6,15.2
2,2025-01-01,5.53,2913.78,38278.17,14.1,17.4
2,2025-01-02,4.23,109.07,38301.45,16.4,17.8
2,2025-01-03,3.12,451.12,38326.53,13.9,17.7
2,2025-01-04,14.80,36126.78,38353.40,10.6,13.2
2,2025-01-05,14.14,31565.06,38382.04,15.2,17.7
2,2025-01-06,13.86,34178.60,38412.42,9.0,12.4
2,2025-01-07,9.35,15540.80,38444.58,7.9,9.0
2,2025-01-08,10.83,27823.08,38478.88,10.0,11.9
2,2025-01-09,4.46,0.00,38515.31,9.8,11.5
2,2025-01-10,7.95,14704.17,38553.81,7.5,9.0
2,2025-01-11,7.23,7778.81,38594.29,8.6,9.9
2,2025-01-12,11.35,25319.43,38636.67,5.7,8.7
2,2025-01-13,13.97,34176.29,38680.86,7.7,9.9
2,2025-01-14,13.69,35257.14,38726.81,11.8,15.4
2,2025-01-15,2.43,0.00,38774.41,12.3,17.2
2,2025-01-16,13.33,33947.32,38823.60,8.2,9.4
2,2025-01-17,13.45,32699.38,38874.30,8.0,9.4
2,2025-01-18,14.59,36000.00,38926.43,10.6,14.6
2,2025-01-19,9.28,24614.06,38979.93,14.5,16.0
2,2025-01-20,15.64,36696.70,39034.72,11.8,12.8
2,2025-01-21,16.66,36139.20,39090.70,10.6,11.4
2,2025-01-22,13.56,34377.73,39147.83,11.9,13.5
2,2025-01-23,7.32,9919.76,39206.02,16.3,17.8
2,2025-01-24,7.60,8714.48,39265.21,17.2,18.1
2,2025-01-25,15.66,36645.70,39325.31,15.8,17.5
2,2025-01-26,15.44,36000.00,39386.27,13.2,14.5
2,2025-01-27,6.06,6869.78,39448.13,7.8,12.0
2,2025-01-28,13.78,34324.28,39511.54,4.6,5.8
2,2025-01-29,13.67,32600.30,39576.52,5.6,7.8
2,2025-01-30,15.89,30886.89,39642.99,8.7,10.7
2,2025-01-31,4.74,0.00,39710.83,15.1,18.0
2,2025-02-01,7.85,7644.54,39779.97,18.0,19.7
2,2025-02-02,12.06,24924.73,39850.32,14.3,15.8
2,2025-02-03,7.18,6227.31,39921.78,10.8,14.4
2,2025-02-04,15.48,30899.90,39994.27,4.4,6.0
2,2025-02-05,17.74,36000.00,40067.71,4.9,6.0
2,2025-02-06,16.19,31266.43,40142.00,8.9,13.4
2,2025-02-07,4.26,0.00,40217.06,9.3,13.6
2,2025-02-08,8.29,9161.54,40292.82,5.6,6.9
2,2025-02-09,10.60,19588.80,40369.19,6.6,7.8
2,2025-02-10,12.96,27070.14,40446.09,9.0,10.5
2,2025-02-11,17.10,36000.00,40523.44,12.6,16.9
2,2025-02-12,6.18,3985.16,40601.17,18.2,19.2
2,2025-02-13,3.36,0.00,40679.20,14.4,15.7
2,2025-02-14,6.20,1145.91,40757.45,15.4,17.4
2,2025-02-15,5.20,0.00,40835.85,19.8,20.9
2,2025-02-16,14.10,29469.26,40914.45,14.5,20.4
2,2025-02-17,19.92,36000.00,40993.96,9.9,10.8
2,2025-02-18,7.64,1276.04,41074.42,9.8,12.3
2,2025-02-19,14.22,30344.51,41155.76,9.0,11.1
2,2025-02-20,9.79,13030.70,41237.89,12.6,14.8
2,2025-02-21,9.55,11229.37,41320.75,14.2,17.4
2,2025-02-22,15.99,34567.10,41404.25,13.2,14.5
2,2025-02-23,4.21,0.00,41488.33,13.3,17.4
2,2025-02-24,9.07,6919.78,41572.91,6.8,9.1
2,2025-02-25,14.23,29126.40,41657.92,8.7,11.1
2,2025-02-26,17.63,29306.47,41743.29,11.7,12.8
2,2025-02-27,13.76,28430.21,41828.96,15.3,17.2
2,2025-02-28,20.18,40255.24,41914.85,18.6,19.5
2,2025-03-01,20.92,40548.87,42000.89,19.6,20.4
2,2025-03-02,19.99,38558.36,42087.01,21.0,21.7
2,2025-03-03,17.36,36968.52,42173.16,21.7,22.2
2,2025-03-04,15.61,26992.48,42259.26,20.4,21.4
2,2025-03-05,9.63,11538.43,42345.25,17.9,20.5
2,2025-03-06,5.09,0.00,42431.06,13.9,19.2
2,2025-03-07,7.19,2738.72,42516.63,14.1,15.7
2,2025-03-08,15.37,29091.51,42602.01,16.5,17.9
2,2025-03-09,18.87,39085.46,42687.84,16.3,17.4
2,2025-03-10,21.48,40642.00,42774.20,16.7,17.6
2,2025-03-11,20.52,41134.78,42861.01,19.0,20.4
2,2025-03-12,20.96,37265.21,42948.21,19.9,20.9
2,2025-03-13,15.38,30676.51,43035.76,21.4,21.8
2,2025-03-14,13.80,20734.68,43123.58,21.5,22.8
2,2025-03-15,10.00,13447.74,43211.62,18.6,21.6
2,2025-03-16,9.21,7344.39,43299.82,9.9,15.8
2,2025-03-17,11.48,11305.42,43388.12,6.0,7.2
2,2025-03-18,10.38,10359.34,43476.48,5.0,6.8
2,2025-03-19,21.76,42285.00,43564.80,5.4,6.5
2,2025-03-20,23.52,42362.01,43653.07,7.4,8.2
2,2025-03-21,24.48,42387.73,43741.20,8.1,11.7
2,2025-03-22,24.21,42413.39,43829.14,10.4,12.9
2,2025-03-23,23.66,42438.99,43916.83,13.3,16.9
2,2025-03-24,23.59,42464.59,44004.22,18.0,19.8
2,2025-03-25,21.38,38194.09,44091.24,21.0,22.3
2,2025-03-26,14.40,32751.98,44177.83,22.9,23.2
2,2025-03-27,21.37,32839.13,44263.94,23.0,23.5
2,2025-03-28,12.03,16541.07,44349.61,17.2,21.8
2,2025-03-29,7.44,2325.68,44435.44,14.4,15.4
2,2025-03-30,8.29,3381.56,44521.49,14.9,16.3
2,2025-03-31,5.30,146.50,44607.71,17.8,19.9
2,2025-04-01,15.03,28905.22,44694.03,16.1,18.1
2,2025-04-02,17.89,38476.74,44780.40,13.1,15.0
2,2025-04-03,22.89,42871.76,44866.78,11.6,13.3
2,2025-04-04,25.43,41709.52,44953.09,11.9,14.3
2,2025-04-05,11.76,16097.52,45039.29,17.2,18.7
2,2025-04-06,12.61,23906.48,45125.32,17.2,19.1
2,2025-04-07,23.89,39220.94,45211.11,15.6,16.8
2,2025-04-08,21.82,35906.52,45296.62,16.2,16.9
2,2025-04-09,24.35,37681.60,45381.78,17.8,20.0
2,2025-04-10,3.51,5731.16,45466.53,19.4,20.2
2,2025-04-11,25.23,40995.15,45550.81,19.4,20.7
2,2025-04-12,17.70,27661.82,45634.56,20.7,23.2
2,2025-04-13,9.13,353.53,45717.71,10.9,12.6
2,2025-04-14,25.44,43097.28,45800.21,15.4,17.3
2,2025-04-15,25.70,44638.21,45881.99,14.1,17.4
2,2025-04-16,26.13,43054.05,45962.98,16.9,19.2
2,2025-04-17,12.37,11119.47,46043.21,21.6,23.3
2,2025-04-18,20.62,36568.37,46123.28,22.0,24.0
2,2025-04-19,16.96,32557.47,46203.23,23.7,24.2
2,2025-04-20,19.75,39437.66,46283.00,23.0,25.3
2,2025-04-21,24.72,44925.13,46362.54,22.0,23.4
2,2025-04-22,23.70,39600.00,46441.77,23.9,24.5
2,2025-04-23,21.28,37787.32,46520.65,22.4,25.2
2,2025-04-24,23.83,37192.49,46599.11,18.6,20.6
2,2025-04-25,8.73,6737.91,46677.08,19.1,20.9
2,2025-04-26,14.74,18155.31,46754.51,18.8,20.2
2,2025-04-27,18.13,40494.10,46831.33,21.8,22.9
2,2025-04-28,17.50,35536.33,46907.47,18.3,23.4
2,2025-04-29,24.89,46323.87,46982.87,15.1,16.5
2,2025-04-30,26.73,43200.00,47057.44,17.9,20.3
2,2025-05-01,23.35,36000.00,47131.14,20.7,21.8
2,2025-05-02,27.28,43939.12,47203.88,16.4,19.5
2,2025-05-03,25.57,42035.09,47275.60,21.3,22.2
2,2025-05-04,18.06,28767.51,47346.21,22.5,23.4
2,2025-05-05,23.37,34426.47,47415.66,24.4,24.7
2,2025-05-06,22.40,36343.46,47483.86,21.9,25.4
2,2025-05-07,9.31,3562.42,47550.83,16.9,19.8
2,2025-05-08,16.37,24930.23,47617.10,22.4,24.3
2,2025-05-09,24.84,36477.51,47682.71,24.8,25.8
2,2025-05-10,3.90,0.00,47747.60,23.1,23.9
2,2025-05-11,12.74,12181.35,47811.73,20.5,23.2
2,2025-05-12,11.09,9382.61,47875.02,18.8,20.7
2,2025-05-13,24.85,46790.15,47937.41,21.9,22.8
2,2025-05-14,26.41,46800.00,47998.85,23.1,23.6
2,2025-05-15,25.79,46800.00,48059.26,24.1,24.8
2,2025-05-16,26.40,46800.00,48118.59,24.6,25.0
2,2025-05-17,26.55,46595.98,48176.77,25.0,25.3
2,2025-05-18,26.92,43846.51,48233.74,25.3,26.2
2,2025-05-19,26.42,46800.00,48289.42,25.3,25.6
2,2025-05-20,26.06,46800.00,48343.77,25.3,25.5
2,2025-05-21,26.43,46800.00,48396.69,25.3,25.5
2,2025-05-22,19.88,40768.70,48448.14,25.0,25.5
2,2025-05-23,24.62,39600.00,48498.03,24.8,25.1
2,2025-05-24,12.18,10983.85,48546.30,23.7,26.1
2,2025-05-25,9.75,6177.67,48592.89,18.4,22.2
2,2025-05-26,19.86,33696.98,48637.71,19.1,19.9
2,2025-05-27,24.15,46800.00,48680.77,20.0,20.5
2,2025-05-28,15.14,15626.55,48722.44,22.6,24.0
2,2025-05-29,9.40,7890.47,48762.75,22.4,24.5
2,2025-05-30,26.33,46800.00,48801.65,18.4,21.1
2,2025-05-31,28.97,44256.90,48839.12,18.0,21.1
2,2025-06-01,19.38,26128.01,48875.12,24.3,25.5
2,2025-06-02,23.46,36332.54,48909.60,25.6,26.0
2,2025-06-03,9.22,4151.41,48942.53,25.0,25.8
2,2025-06-04,10.47,2210.72,48973.87,22.8,24.4
2,2025-06-05,15.97,15990.68,49003.58,23.1,25.0
2,2025-06-06,24.44,46014.17,49031.63,25.7,26.3
2,2025-06-07,26.65,45507.35,49057.97,26.1,26.3
2,2025-06-08,27.52,46800.00,49082.58,26.0,26.4
2,2025-06-09,27.02,46800.00,49105.40,26.0,26.7
2,2025-06-10,26.97,46800.00,49126.42,25.9,26.3
2,2025-06-11,27.29,46800.00,49145.59,25.9,26.4
2,2025-06-12,25.70,46786.34,49162.88,25.3,26.6
2,2025-06-13,23.09,36481.99,49178.24,25.2,25.8
2,2025-06-14,25.06,44979.45,49191.65,25.9,26.4
2,2025-06-15,25.89,46800.00,49203.08,26.3,26.6
2,2025-06-16,26.69,46800.00,49212.50,26.1,26.5
2,2025-06-17,23.58,34251.58,49219.98,25.0,26.6
2,2025-06-18,16.95,32503.88,49225.55,25.5,26.6
2,2025-06-19,26.07,46800.00,49229.22,24.7,25.6
2,2025-06-20,27.41,46845.67,49230.99,24.8,25.5
2,2025-06-21,27.76,46839.04,49230.89,24.8,25.3
2,2025-06-22,27.21,46832.71,49228.92,24.9,25.4
2,2025-06-23,27.10,46826.76,49225.09,25.0,26.1
2,2025-06-24,27.49,46821.19,49219.42,25.1,26.0
2,2025-06-25,27.07,46816.05,49211.93,25.2,26.1
2,2025-06-26,26.86,46800.00,49202.62,24.7,25.3
2,2025-06-27,27.11,46807.10,49191.52,24.2,25.1
2,2025-06-28,26.15,40910.76,49178.63,24.6,25.5
2,2025-06-29,25.00,46800.00,49163.98,25.5,25.9
2,2025-06-30,27.30,46800.00,49147.59,25.1,25.8
2,2025-07-01,26.17,46800.00,49129.46,25.0,25.5
2,2025-07-02,26.85,47071.79,49109.63,23.9,25.5
2,2025-07-03,23.20,46800.00,49088.10,24.6,24.9
2,2025-07-04,25.60,46800.00,49064.90,24.6,25.1
2,2025-07-05,24.33,35546.93,49040.05,24.5,25.8
2,2025-07-06,14.37,15795.87,49013.51,24.3,25.3
2,2025-07-07,13.79,15265.37,48985.03,25.1,26.2
2,2025-07-08,22.00,30375.53,48954.63,25.7,26.3
2,2025-07-09,18.06,29717.13,48922.35,25.5,25.9
2,2025-07-10,15.49,15505.91,48888.26,25.0,25.9
2,2025-07-11,17.19,32883.68,48852.40,25.5,26.3
2,2025-07-12,26.68,46697.82,48814.86,26.6,27.2
2,2025-07-13,25.86,41465.11,48775.66,26.0,26.3
2,2025-07-14,25.23,46668.85,48734.89,25.2,26.3
2,2025-07-15,23.31,46616.75,48692.58,25.8,27.1
2,2025-07-16,25.23,44651.99,48648.81,25.6,26.1
2,2025-07-17,25.51,46184.43,48603.63,24.9,25.7
2,2025-07-18,11.61,14379.01,48557.10,25.0,25.8
2,2025-07-19,18.53,39781.90,48509.26,24.9,25.8
2,2025-07-20,16.03,23798.98,48460.18,24.4,25.1
2,2025-07-21,20.21,37884.72,48409.92,24.7,25.1
2,2025-07-22,19.93,41190.79,48358.52,24.8,25.3
2,2025-07-23,23.26,36457.22,48306.04,24.7,25.5
2,2025-07-24,17.60,39057.00,48252.55,25.3,25.9
2,2025-07-25,24.69,44052.39,48198.08,25.7,26.1
2,2025-07-26,20.03,32501.43,48142.61,25.9,26.4
2,2025-07-27,12.72,16168.07,48085.66,25.6,26.3
2,2025-07-28,20.03,44687.55,48027.23,25.2,26.3
2,2025-07-29,23.58,45162.04,47967.37,25.7,26.1
2,2025-07-30,21.25,40562.02,47906.18,26.2,26.9
2,2025-07-31,25.83,46175.39,47843.73,26.4,27.5
2,2025-08-01,26.29,46147.94,47780.07,26.3,27.5
2,2025-08-02,26.31,46120.52,47715.30,26.4,27.1
2,2025-08-03,25.03,43152.99,47649.46,26.3,27.6
2,2025-08-04,24.31,43886.51,47582.64,25.9,26.5
2,2025-08-05,23.43,45614.21,47514.90,25.5,26.3
2,2025-08-06,25.73,42505.39,47446.32,25.4,25.7
2,2025-08-07,27.03,45235.30,47376.95,25.1,25.9
2,2025-08-08,24.97,43744.04,47306.86,25.4,25.9
2,2025-08-09,26.63,45931.28,47236.11,25.6,26.0
2,2025-08-10,25.91,45521.48,47164.76,25.2,25.7
2,2025-08-11,25.95,45528.89,47092.89,25.3,26.1
2,2025-08-12,25.14,45274.65,47020.55,24.6,25.2
2,2025-08-13,24.78,45021.14,46947.79,24.5,24.9
2,2025-08-14,25.69,43985.81,46874.68,24.5,25.3
2,2025-08-15,22.96,44516.22,46801.17,24.3,25.3
2,2025-08-16,24.21,45045.05,46726.73,24.3,25.0
2,2025-08-17,24.45,45312.60,46651.31,24.4,25.0
2,2025-08-18,24.90,44801.30,46574.98,24.2,24.7
2,2025-08-19,25.68,45586.37,46497.82,24.5,24.8
2,2025-08-20,25.91,45334.75,46419.88,24.4,24.8
2,2025-08-21,26.10,45083.83,46341.24,24.8,25.5
2,2025-08-22,25.44,45091.52,46261.96,24.6,25.5
2,2025-08-23,25.37,43200.00,46182.09,24.5,25.1
2,2025-08-24,25.75,45106.96,46101.71,24.1,24.8
2,2025-08-25,21.20,35185.81,46020.87,24.2,25.5
2,2025-08-26,21.17,37858.96,45939.62,24.3,24.7
2,2025-08-27,23.48,45042.98,45858.05,24.1,24.8
2,2025-08-28,25.12,44480.24,45776.19,23.7,24.3
2,2025-08-29,24.84,44174.15,45694.11,24.2,25.0
2,2025-08-30,21.89,42025.97,45611.87,24.8,25.7
2,2025-08-31,21.84,41065.74,45529.51,25.1,26.0
2,2025-09-01,20.82,40422.97,45447.10,25.0,26.2
2,2025-09-02,24.81,43717.66,45364.68,24.1,24.7
2,2025-09-03,23.96,43099.15,45282.32,24.7,25.4
2,2025-09-04,22.58,43617.20,45199.96,25.0,25.6
2,2025-09-05,23.81,43057.74,45117.05,25.1,25.5
2,2025-09-06,23.87,42446.27,45033.54,25.2,25.5
2,2025-09-07,23.97,42953.90,44949.48,25.2,25.8
2,2025-09-08,22.26,42268.52,44864.95,25.2,25.5
2,2025-09-09,23.65,42593.74,44779.98,24.8,25.5
2,2025-09-10,21.23,36513.92,44694.64,24.6,25.4
2,2025-09-11,13.80,25363.00,44609.00,24.7,25.2
2,2025-09-12,23.64,42427.76,44523.09,24.1,25.3
2,2025-09-13,21.30,41455.18,44436.98,24.8,25.3
2,2025-09-14,22.82,42256.19,44350.71,24.8,25.0
2,2025-09-15,23.86,42044.58,44264.35,24.8,25.6
2,2025-09-16,21.59,40821.56,44177.94,24.5,25.3
2,2025-09-17,22.98,39802.87,44091.55,23.8,24.6
2,2025-09-18,19.40,39600.00,44005.22,24.5,25.1
2,2025-09-19,22.44,40190.70,43919.00,24.8,25.2
2,2025-09-20,22.74,39728.00,43832.95,24.7,25.3
2,2025-09-21,21.36,38907.70,43747.12,24.6,25.0
2,2025-09-22,16.99,31888.20,43661.56,24.6,25.0
2,2025-09-23,20.64,40083.69,43576.33,24.1,24.7
2,2025-09-24,21.92,40152.38,43491.37,23.9,24.3
2,2025-09-25,20.63,37095.08,43406.10,24.7,25.5
2,2025-09-26,21.45,39600.00,43320.46,24.5,25.4
2,2025-09-27,18.67,39600.00,43234.53,25.0,25.9
2,2025-09-28,22.52,39602.54,43148.35,23.3,24.7
2,2025-09-29,22.17,39634.47,43061.98,23.7,24.4
2,2025-09-30,21.52,39666.44,42975.48,23.5,23.7
2,2025-10-01,21.72,39600.85,42888.91,22.0,23.7
2,2025-10-02,21.39,39600.00,42802.32,22.3,23.5
2,2025-10-03,20.80,39625.76,42715.78,24.1,24.8
2,2025-10-04,21.51,39638.47,42629.33,24.4,24.8
2,2025-10-05,21.67,39600.00,42543.05,23.8,24.2
2,2025-10-06,19.75,39600.00,42456.97,23.9,24.7
2,2025-10-07,20.38,39600.00,42371.18,22.8,23.9
2,2025-10-08,19.96,39600.00,42285.71,23.5,24.2
2,2025-10-09,20.61,39600.00,42200.64,23.9,24.5
2,2025-10-10,18.80,38731.40,42116.03,24.2,24.9
2,2025-10-11,20.31,39600.00,42031.92,24.0,24.9
2,2025-10-12,20.75,39600.00,41948.40,23.6,24.3
2,2025-10-13,20.83,39600.00,41865.52,22.4,23.3
2,2025-10-14,20.26,39600.00,41783.22,22.2,22.5
2,2025-10-15,20.04,39600.00,41700.87,23.3,24.3
2,2025-10-16,19.85,39600.00,41618.41,23.9,24.5
2,2025-10-17,19.98,39600.00,41535.91,23.3,23.6
2,2025-10-18,18.87,36000.00,41453.43,23.9,24.4
2,2025-10-19,4.52,0.00,41371.06,24.0,24.4
2,2025-10-20,6.06,967.90,41288.84,24.1,24.8
2,2025-10-21,3.20,0.00,41206.86,23.9,24.5
2,2025-10-22,2.56,0.00,41125.18,22.8,23.4
2,2025-10-23,5.36,3600.00,41043.87,22.8,23.9
2,2025-10-24,11.70,20538.76,40963.01,23.5,24.2
2,2025-10-25,16.23,34219.56,40882.67,23.6,24.7
2,2025-10-26,11.84,23731.47,40802.93,21.3,23.2
2,2025-10-27,10.62,20570.24,40723.85,19.9,21.2
2,2025-10-28,9.96,18833.18,40645.52,21.3,22.3
2,2025-10-29,15.39,37590.95,40568.01,20.5,21.3
2,2025-10-30,17.69,37279.73,40491.40,21.7,22.8
2,2025-10-31,16.22,35717.74,40415.78,20.6,23.4
2,2025-11-01,17.17,35678.27,40341.22,16.4,18.9
2,2025-11-02,15.63,29154.45,40267.81,16.0,17.5
2,2025-11-03,15.29,38028.78,40195.51,16.9,18.2
2,2025-11-04,15.54,38434.72,40123.62,20.4,23.2
2,2025-11-05,13.85,35534.50,40052.11,21.3,24.2
2,2025-11-06,16.70,39101.28,39981.04,20.7,21.4
2,2025-11-07,17.49,39069.12,39910.50,20.2,21.2
2,2025-11-08,17.19,39038.06,39840.55,19.9,21.5
2,2025-11-09,16.95,33329.84,39771.28,22.4,23.3
2,2025-11-10,5.89,204.03,39702.77,22.6,23.7
2,2025-11-11,5.39,3600.00,39635.10,24.6,25.5
2,2025-11-12,15.62,32841.15,39568.35,24.5,25.2
2,2025-11-13,14.56,32935.90,39502.60,21.9,24.6
2,2025-11-14,15.79,38876.54,39437.93,18.8,19.9
2,2025-11-15,14.80,38854.10,39374.45,19.4,20.5
2,2025-11-16,16.49,38824.52,39312.22,20.5,21.9
2,2025-11-17,11.70,32241.50,39251.35,21.1,22.4
2,2025-11-18,4.33,1887.27,39191.90,16.5,19.4
2,2025-11-19,5.81,3835.11,39133.99,14.3,16.0
2,2025-11-20,8.56,15196.14,39077.70,13.3,16.3
2,2025-11-21,8.20,16976.82,39023.11,17.3,18.1
2,2025-11-22,13.74,34588.81,38970.34,16.1,17.6
2,2025-11-23,15.04,38219.04,38919.35,16.7,17.6
2,2025-11-24,16.25,38373.70,38869.57,16.7,18.3
2,2025-11-25,9.56,26392.28,38820.96,13.3,17.5
2,2025-11-26,10.83,23351.85,38773.58,12.7,14.2
2,2025-11-27,4.03,1061.00,38727.48,14.4,17.1
2,2025-11-28,6.33,12254.80,38682.74,13.1,14.8
2,2025-11-29,12.54,34586.60,38639.40,16.3,18.1
2,2025-11-30,13.89,36300.36,38597.53,19.2,20.9
2,2025-12-01,9.37,18203.69,38557.21,19.8,20.6
2,2025-12-02,10.66,30213.40,38518.48,18.5,21.3
2,2025-12-03,11.35,30756.72,38481.41,12.5,14.9
2,2025-12-04,11.62,33301.27,38446.07,11.2,12.4
2,2025-12-05,13.03,36717.46,38412.51,13.4,14.1
2,2025-12-06,13.80,35182.24,38380.81,13.3,16.1
2,2025-12-07,12.88,33484.36,38351.02,14.8,16.6
2,2025-12-08,13.76,36783.47,38323.21,15.6,16.2
2,2025-12-09,12.91,36983.24,38297.43,16.1,16.7
2,2025-12-10,14.41,35185.16,38273.77,16.6,18.1
2,2025-12-11,7.60,25354.29,38252.26,18.2,19.9
2,2025-12-12,12.40,33721.32,38232.99,18.3,19.5
2,2025-12-13,9.22,19113.25,38215.96,18.0,20.1
2,2025-12-14,6.20,7734.19,38200.95,9.5,12.5
2,2025-12-15,11.08,29634.86,38187.92,11.0,13.3
2,2025-12-16,12.67,31044.58,38176.87,14.6,16.2
2,2025-12-17,9.35,28804.28,38167.81,16.2,17.2
2,2025-12-18,12.64,34643.02,38160.74,15.6,16.3
2,2025-12-19,9.11,14987.72,38155.66,17.5,19.6
2,2025-12-20,2.75,17.41,38152.57,19.4,20.1
2,2025-12-21,10.90,33745.27,38151.47,16.0,18.9
2,2025-12-22,9.66,18930.04,38152.35,14.2,15.1
2,2025-12-23,13.04,32497.88,38155.21,18.6,19.8
2,2025-12-24,14.67,35530.22,38160.06,17.1,18.2
2,2025-12-25,5.88,9373.58,38166.89,12.5,16.3
2,2025-12-26,7.59,14611.61,38175.68,9.4,10.4
2,2025-12-27,10.83,33533.26,38186.45,13.0,14.9
2,2025-12-28,7.09,13488.38,38199.18,16.6,18.7
2,2025-12-29,4.37,2034.08,38213.86,17.9,18.6
2,2025-12-30,4.57,2755.88,38230.49,18.9,19.7
2,2025-12-31,9.98,27964.53,38249.06,18.4,19.6
2,2026-01-01,5.87,7976.73,38269.56,13.6,16.5
2,2026-01-02,8.79,17706.05,38292.04,7.9,11.1
2,2026-01-03,9.88,30001.85,38316.74,8.0,9.5
2,2026-01-04,13.06,35934.52,38343.64,11.2,13.1
2,2026-01-05,13.00,34887.70,38372.69,13.5,15.6
2,2026-01-06,13.33,36000.00,38403.82,11.5,12.1
2,2026-01-07,12.05,34282.06,38436.94,8.3,10.8
2,2026-01-08,13.73,36000.00,38472.01,6.8,9.2
2,2026-01-09,14.24,37023.85,38508.95,8.1,9.3
2,2026-01-10,16.09,36000.00,38547.70,9.1,10.0
2,2026-01-11,12.51,30752.42,38588.18,7.2,9.0
2,2026-01-12,15.50,35639.70,38630.33,9.3,11.9
2,2026-01-13,12.45,36288.85,38674.08,11.4,13.4
2,2026-01-14,16.98,36000.00,38719.38,10.9,12.8
2,2026-01-15,16.15,36454.46,38766.13,13.8,15.0
2,2026-01-16,16.15,36000.00,38814.30,15.1,16.0
2,2026-01-17,11.71,23387.91,38863.80,15.6,16.4
2,2026-01-18,15.30,35535.06,38914.57,17.0,17.5
2,2026-01-19,14.18,32400.00,38966.56,16.7,18.4
2,2026-01-20,8.88,18727.79,39019.68,12.0,15.3
2,2026-01-21,8.00,10877.47,39073.90,9.4,11.2
2,2026-01-22,8.95,17666.77,39129.24,9.6,10.9
2,2026-01-23,11.92,26692.96,39186.31,10.3,11.4
2,2026-01-24,15.55,34879.44,39245.13,10.8,12.1
2,2026-01-25,15.43,36000.00,39305.60,12.6,13.6
2,2026-01-26,15.22,35020.06,39367.61,14.3,17.2
2,2026-01-27,5.81,1665.92,39431.10,15.3,18.5
2,2026-01-28,11.87,33371.59,39495.97,10.3,12.9
2,2026-01-29,15.29,37134.18,39562.11,11.1,12.5
2,2026-01-30,15.57,36000.00,39629.45,13.1,15.0
2,2026-01-31,9.59,19686.21,39697.90,15.7,18.1
3,2021-01-01,10.38,34573.54,37819.99,9.9,11.9
3,2021-01-02,12.51,34267.89,37845.43,10.0,12.0
3,2021-01-03,10.88,28242.19,37872.85,13.2,15.2
3,2021-01-04,6.94,20285.90,37902.20,16.9,18.1
3,2021-01-05,3.11,0.00,37933.48,13.6,17.4
3,2021-01-06,5.51,8688.28,37966.64,11.3,12.1
3,2021-01-07,2.38,0.00,38001.65,7.4,10.6
3,2021-01-08,3.05,0.00,38038.55,3.6,6.7
3,2021-01-09,4.90,4539.01,38077.77,3.7,5.2
3,2021-01-10,9.26,28745.67,38119.29,7.9,11.1
3,2021-01-11,7.64,21712.40,38163.04,11.7,12.8
3,2021-01-12,2.94,5249.04,38208.92,5.6,8.1
3,2021-01-13,11.76,27846.61,38256.84,7.5,9.0
3,2021-01-14,9.51,23110.84,38306.71,10.4,13.6
3,2021-01-15,11.83,33678.95,38358.45,13.9,15.2
3,2021-01-16,11.47,28607.35,38411.96,13.6,15.8
3,2021-01-17,7.98,19589.24,38467.17,7.0,10.8
3,2021-01-18,9.16,25970.94,38523.99,5.9,7.1
3,2021-01-19,8.74,19182.64,38582.33,8.8,11.1
3,2021-01-20,11.03,36066.56,38642.11,13.1,15.3
3,2021-01-21,6.63,16602.58,38703.24,17.0,18.0
3,2021-01-22,3.30,0.00,38765.65,19.6,20.7
3,2021-01-23,6.79,16156.09,38829.24,17.3,18.6
3,2021-01-24,14.98,33464.13,38893.95,13.1,14.6
3,2021-01-25,9.08,32055.49,38959.69,14.5,15.5
3,2021-01-26,13.49,36447.22,39026.38,14.4,16.8
3,2021-01-27,14.56,36000.00,39093.95,13.3,14.1
3,2021-01-28,12.56,22626.30,39162.45,7.4,12.2
3,2021-01-29,8.54,13509.16,39232.60,4.8,7.0
3,2021-01-30,15.27,38537.43,39304.41,7.1,8.6
3,2021-01-31,13.09,36418.55,39377.79,9.5,11.9
3,2021-02-01,13.41,34214.89,39452.64,12.8,14.4
3,2021-02-02,8.16,26176.70,39528.87,10.8,16.4
3,2021-02-03,15.89,38663.44,39606.36,8.5,10.2
3,2021-02-04,16.28,36560.38,39685.02,10.2,11.9
3,2021-02-05,13.45,38734.72,39764.77,11.3,13.3
3,2021-02-06,16.61,38772.20,39845.50,14.9,16.3
3,2021-02-07,17.64,38810.83,39927.12,12.4,15.8
3,2021-02-08,16.99,37011.23,40009.55,9.6,12.0
3,2021-02-09,13.04,27685.14,40092.69,9.2,10.8
3,2021-02-10,12.21,21600.00,40176.47,13.8,15.8
3,2021-02-11,6.14,5476.55,40260.77,13.8,15.4
3,2021-02-12,9.98,25552.14,40345.54,15.6,16.5
3,2021-02-13,11.18,36115.96,40430.67,17.3,18.4
3,2021-02-14,13.92,39108.58,40516.10,16.8,20.2
3,2021-02-15,16.12,35114.55,40601.74,10.9,12.4
3,2021-02-16,19.01,35115.99,40687.50,9.9,12.2
3,2021-02-17,6.09,5284.16,40773.45,4.5,8.9
3,2021-02-18,7.22,4098.66,40860.34,3.6,4.4
3,2021-02-19,13.73,31185.46,40948.23,8.3,11.1
3,2021-02-20,19.65,39398.92,41037.03,8.6,10.8
3,2021-02-21,19.69,39451.72,41126.67,11.0,12.9
3,2021-02-22,18.46,39505.63,41217.06,13.6,15.9
3,2021-02-23,16.99,38790.42,41308.11,15.5,17.2
3,2021-02-24,20.07,39600.00,41399.77,14.6,15.9
3,2021-02-25,15.29,32400.00,41491.94,17.6,19.3
3,2021-02-26,11.89,33911.47,41584.55,18.9,20.2
3,2021-02-27,8.76,17459.84,41677.54,18.1,18.9
3,2021-02-28,17.79,39600.00,41770.81,17.2,18.9
3,2021-03-01,17.25,36000.00,41864.31,17.8,18.8
3,2021-03-02,6.72,4711.39,41957.95,10.8,16.2
3,2021-03-03,14.30,36614.22,42051.67,10.4,12.8
3,2021-03-04,15.49,34815.65,42145.39,15.4,18.2
3,2021-03-05,20.02,36202.13,42239.05,13.5,15.2
3,2021-03-06,9.91,19174.21,42332.56,16.5,18.2
3,2021-03-07,5.47,7200.00,42425.88,17.8,19.6
3,2021-03-08,19.25,39600.00,42518.92,16.5,17.7
3,2021-03-09,18.50,39600.00,42611.74,16.7,18.0
3,2021-03-10,19.17,39715.65,42705.03,12.6,14.9
3,2021-03-11,18.29,39550.85,42798.88,15.5,17.3
3,2021-03-12,12.34,25459.89,42893.21,14.7,18.7
3,2021-03-13,16.02,31147.54,42987.95,11.9,13.2
3,2021-03-14,16.60,35748.38,43083.04,12.8,14.3
3,2021-03-15,22.04,39634.68,43178.42,14.3,16.5
3,2021-03-16,17.78,39619.10,43274.02,16.8,18.8
3,2021-03-17,19.74,40117.70,43369.78,18.0,19.3
3,2021-03-18,18.93,38919.74,43465.64,18.6,19.9
3,2021-03-19,19.47,39600.00,43561.53,19.0,19.8
3,2021-03-20,17.50,38095.33,43657.40,19.2,20.4
3,2021-03-21,12.95,18474.41,43753.17,11.5,17.0
3,2021-03-22,11.70,15983.93,43848.78,7.0,8.5
3,2021-03-23,17.06,31841.27,43944.17,9.0,12.1
3,2021-03-24,6.72,3805.15,44039.29,16.1,17.9
3,2021-03-25,20.50,40112.66,44134.04,16.6,17.7
3,2021-03-26,20.44,40066.22,44228.39,14.4,15.9
3,2021-03-27,18.46,37683.85,44322.26,18.2,19.8
3,2021-03-28,13.24,29558.11,44415.59,20.5,22.2
3,2021-03-29,15.29,30421.44,44508.42,20.9,21.8
3,2021-03-30,11.76,14853.46,44601.42,21.2,22.5
3,2021-03-31,15.34,25990.15,44694.64,21.0,21.7
3,2021-04-01,17.35,35820.51,44788.03,22.0,22.3
3,2021-04-02,12.19,25065.03,44881.51,21.0,22.8
3,2021-04-03,21.79,36530.29,44975.04,20.4,22.3
3,2021-04-04,13.40,16237.69,45068.55,15.2,19.6
3,2021-04-05,19.20,30389.02,45161.99,12.6,15.9
3,2021-04-06,19.80,37699.68,45255.28,12.5,13.4
3,2021-04-07,25.33,43921.09,45348.37,12.6,14.1
3,2021-04-08,18.42,33743.31,45441.20,13.6,14.8
3,2021-04-09,14.88,32673.42,45533.70,15.2,17.0
3,2021-04-10,21.98,40118.49,45625.80,15.3,16.4
3,2021-04-11,23.86,42985.51,45717.44,14.7,15.7
3,2021-04-12,18.21,41648.20,45808.55,18.6,20.6
3,2021-04-13,20.10,38171.45,45899.08,19.0,21.9
3,2021-04-14,13.32,24870.87,45988.93,14.4,16.3
3,2021-04-15,9.50,16145.61,46078.06,16.5,18.1
3,2021-04-16,13.14,28107.16,46166.38,18.9,20.3
3,2021-04-17,15.10,35263.12,46253.83,15.8,21.6
3,2021-04-18,25.03,39279.99,46340.44,10.4,12.0
3,2021-04-19,21.86,44252.94,46426.85,12.7,13.5
3,2021-04-20,21.72,39269.64,46513.10,13.5,15.0
3,2021-04-21,15.24,29807.89,46599.13,16.6,18.2
3,2021-04-22,7.01,530.87,46684.88,18.8,19.6
3,2021-04-23,6.03,7183.93,46770.28,17.0,19.2
3,2021-04-24,18.59,42020.99,46855.28,15.7,16.5
3,2021-04-25,24.13,46406.63,46939.80,15.4,16.2
3,2021-04-26,24.61,44476.00,47023.76,15.3,16.4
3,2021-04-27,23.61,46067.19,47107.12,14.6,16.9
3,2021-04-28,19.24,33184.69,47189.78,18.4,20.0
3,2021-04-29,5.44,7200.00,47271.70,17.5,20.4
3,2021-04-30,27.44,42965.42,47352.78,17.6,20.4
3,2021-05-01,20.69,37638.40,47432.96,19.8,22.3
3,2021-05-02,27.25,46629.51,47512.15,13.7,16.2
3,2021-05-03,26.95,46661.63,47590.30,15.3,17.0
3,2021-05-04,13.72,24042.06,47667.30,19.0,21.7
3,2021-05-05,12.69,19675.91,47743.10,21.2,22.8
3,2021-05-06,14.48,32610.15,47817.60,23.1,24.5
3,2021-05-07,20.42,34031.72,47890.73,22.8,23.2
3,2021-05-08,17.61,33595.93,47962.50,22.2,22.8
3,2021-05-09,10.52,8027.89,48033.49,22.2,23.9
3,2021-05-10,13.08,20201.17,48103.74,23.1,23.9
3,2021-05-11,19.70,41060.47,48173.19,23.1,23.8
3,2021-05-12,22.71,41241.20,48241.77,23.1,23.5
3,2021-05-13,24.79,44716.46,48309.42,23.4,24.0
3,2021-05-14,25.23,45775.98,48376.06,23.6,24.4
3,2021-05-15,25.70,46800.00,48441.64,23.6,24.0
3,2021-05-16,25.56,44440.37,48506.08,23.5,24.1
3,2021-05-17,25.01,45654.30,48569.32,23.7,24.4
3,2021-05-18,23.48,39600.00,48631.28,23.5,24.2
3,2021-05-19,18.74,37652.89,48691.90,23.8,24.4
3,2021-05-20,25.53,42646.97,48751.10,24.0,24.6
3,2021-05-21,18.14,29717.35,48808.82,24.5,25.0
3,2021-05-22,9.17,5876.93,48864.98,24.0,25.6
3,2021-05-23,14.97,32569.73,48919.49,25.0,25.4
3,2021-05-24,22.49,38251.49,48972.30,23.2,24.7
3,2021-05-25,15.90,29015.31,49023.32,22.4,24.0
3,2021-05-26,21.88,46800.00,49072.48,24.7,25.4
3,2021-05-27,21.94,40373.52,49119.71,24.9,25.8
3,2021-05-28,11.94,11926.36,49164.99,24.0,25.8
3,2021-05-29,9.07,8555.92,49208.73,20.8,23.3
3,2021-05-30,7.12,1996.27,49250.96,21.5,22.2
3,2021-05-31,16.85,34319.34,49291.62,21.1,21.6
3,2021-06-01,14.91,24096.01,49330.70,21.7,22.8
3,2021-06-02,21.15,40351.67,49368.14,23.6,24.8
3,2021-06-03,21.34,42704.26,49403.90,24.8,25.7
3,2021-06-04,21.82,38410.79,49437.95,25.2,25.8
3,2021-06-05,15.53,19852.35,49470.25,24.6,26.6
3,2021-06-06,15.55,19881.61,49500.75,24.6,25.7
3,2021-06-07,16.32,27445.11,49529.43,24.3,25.2
3,2021-06-08,20.04,35896.77,49556.24,24.5,25.2
3,2021-06-09,15.45,28001.63,49581.14,24.0,25.5
3,2021-06-10,22.32,44449.51,49604.10,23.9,24.5
3,2021-06-11,21.83,46800.00,49625.06,24.4,25.5
3,2021-06-12,23.45,46163.44,49644.02,24.5,25.2
3,2021-06-13,15.90,21384.06,49660.92,24.6,25.1
3,2021-06-14,5.74,3534.66,49675.73,24.2,24.5
3,2021-06-15,20.76,44873.93,49688.41,25.7,26.1
3,2021-06-16,23.16,46063.63,49698.93,25.6,26.6
3,2021-06-17,18.23,28616.04,49707.27,25.2,25.8
3,2021-06-18,20.36,38044.42,49713.49,25.9,26.8
3,2021-06-19,18.08,30359.35,49717.62,25.8,26.3
3,2021-06-20,19.76,34841.30,49719.65,25.6,26.5
3,2021-06-21,8.86,6521.33,49719.62,25.6,27.1
3,2021-06-22,10.52,7601.94,49717.53,24.0,24.9
3,2021-06-23,16.81,34160.71,49713.41,21.4,23.3
3,2021-06-24,11.16,12688.95,49707.26,21.7,24.1
3,2021-06-25,19.95,36729.10,49699.12,24.7,25.6
3,2021-06-26,18.11,33926.01,49688.98,25.0,25.9
3,2021-06-27,15.65,33002.48,49676.88,25.0,25.9
3,2021-06-28,14.23,21420.76,49662.84,24.9,25.7
3,2021-06-29,6.40,5512.94,49646.87,24.6,25.1
3,2021-06-30,8.52,2491.44,49628.99,25.2,26.2
3,2021-07-01,9.39,1837.09,49609.24,25.7,26.2
3,2021-07-02,15.76,32446.14,49587.62,25.1,25.7
3,2021-07-03,24.78,46800.00,49564.17,25.1,25.6
3,2021-07-04,24.48,46800.00,49538.89,24.8,25.2
3,2021-07-05,24.53,46800.00,49511.83,24.9,25.7
3,2021-07-06,24.50,46800.00,49483.00,25.5,26.1
3,2021-07-07,24.67,46800.00,49452.38,25.6,26.4
3,2021-07-08,26.18,46800.00,49419.65,25.1,25.7
3,2021-07-09,25.42,46800.00,49384.85,24.9,25.9
3,2021-07-10,23.03,46800.00,49348.02,25.1,25.7
3,2021-07-11,21.20,46800.00,49309.24,25.3,26.0
3,2021-07-12,22.19,46800.00,49268.57,25.3,26.2
3,2021-07-13,24.45,46800.00,49226.08,24.3,25.2
3,2021-07-14,23.35,46800.00,49181.82,24.8,25.7
3,2021-07-15,23.09,42790.23,49135.87,24.2,25.0
3,2021-07-16,24.49,46800.00,49088.28,23.3,24.0
3,2021-07-17,22.32,45634.61,49039.12,24.5,25.8
3,2021-07-18,23.75,46800.00,48988.46,24.4,25.9
3,2021-07-19,24.18,39600.00,48936.36,23.8,24.4
3,2021-07-20,6.03,0.00,48882.88,24.0,24.8
3,2021-07-21,10.07,6828.97,48828.08,24.6,25.1
3,2021-07-22,6.62,232.80,48772.03,24.7,25.2
3,2021-07-23,4.18,0.00,48714.78,24.8,25.0
3,2021-07-24,6.92,6526.10,48656.40,25.3,26.0
3,2021-07-25,20.53,36350.03,48596.94,25.7,26.3
3,2021-07-26,22.26,43200.00,48536.47,25.4,26.0
3,2021-07-27,21.94,46800.00,48474.94,25.1,26.0
3,2021-07-28,21.84,46205.55,48411.84,25.0,25.6
3,2021-07-29,23.37,46800.00,48347.15,25.3,25.8
3,2021-07-30,21.52,45664.58,48280.94,25.3,25.8
3,2021-07-31,23.19,46800.00,48213.33,26.0,26.7
3,2021-08-01,20.32,46800.00,48144.35,25.6,26.7
3,2021-08-02,22.21,46800.00,48074.12,25.1,25.6
3,2021-08-03,19.48,45507.23,48002.69,25.0,26.1
3,2021-08-04,20.53,43200.00,47930.14,24.9,25.9
3,2021-08-05,14.66,35249.97,47856.56,24.9,25.8
3,2021-08-06,21.67,41292.55,47782.01,25.8,26.4
3,2021-08-07,15.31,27810.85,47706.57,25.5,26.2
3,2021-08-08,17.18,35114.61,47630.32,25.3,26.1
3,2021-08-09,23.05,46710.22,47553.31,25.1,25.8
3,2021-08-10,20.81,46042.46,47475.63,25.8,26.5
3,2021-08-11,21.81,43506.87,47397.33,24.7,25.0
3,2021-08-12,22.44,46538.06,47318.49,24.5,24.9
3,2021-08-13,21.94,46593.37,47239.18,24.5,25.0
3,2021-08-14,23.97,46564.76,47159.45,24.7,25.4
3,2021-08-15,24.40,46536.43,47079.37,25.0,25.8
3,2021-08-16,24.20,46508.36,46998.89,24.9,25.6
3,2021-08-17,17.99,30636.11,46917.43,24.8,25.7
3,2021-08-18,8.65,7508.37,46834.95,24.5,25.0
3,2021-08-19,15.47,37519.57,46751.51,24.6,25.6
3,2021-08-20,23.71,46199.54,46667.19,24.8,25.5
3,2021-08-21,22.13,45003.63,46582.06,24.7,25.3
3,2021-08-22,20.79,45296.55,46496.19,24.9,25.4
3,2021-08-23,22.73,45944.63,46409.65,25.3,25.8
3,2021-08-24,22.32,45858.31,46322.51,24.7,25.5
3,2021-08-25,22.37,45771.42,46234.82,24.8,25.6
3,2021-08-26,25.41,45684.03,46146.67,24.1,25.0
3,2021-08-27,21.96,45596.20,46058.10,23.7,24.6
3,2021-08-28,20.25,45507.99,45969.19,24.3,24.9
3,2021-08-29,23.06,45419.46,45879.99,24.5,25.1
3,2021-08-30,20.65,45330.68,45790.57,23.9,25.0
3,2021-08-31,22.92,45241.70,45700.99,22.4,23.7
3,2021-09-01,19.87,44517.54,45611.30,24.4,25.2
3,2021-09-02,19.87,44779.38,45521.57,25.1,26.2
3,2021-09-03,20.36,42086.93,45431.85,24.9,26.0
3,2021-09-04,20.76,38006.79,45342.20,25.2,25.7
3,2021-09-05,18.49,41909.52,45252.56,25.6,26.1
3,2021-09-06,21.84,43499.33,45162.35,24.3,25.8
3,2021-09-07,22.27,43282.17,45071.49,24.4,24.9
3,2021-09-08,20.13,41999.78,44980.06,24.8,26.0
3,2021-09-09,21.31,43365.71,44888.12,24.8,25.6
3,2021-09-10,22.11,41091.04,44795.73,25.3,25.6
3,2021-09-11,13.02,21912.91,44702.95,25.0,25.6
3,2021-09-12,16.37,31234.85,44609.84,24.8,25.6
3,2021-09-13,13.49,23476.23,44516.46,25.2,25.8
3,2021-09-14,17.10,39600.00,44422.88,25.3,25.6
3,2021-09-15,20.58,41283.68,44329.14,24.7,25.4
3,2021-09-16,22.41,42390.03,44235.31,24.6,25.4
3,2021-09-17,19.44,41185.51,44141.44,24.1,24.7
3,2021-09-18,21.40,42057.34,44047.60,22.3,23.9
3,2021-09-19,23.03,42322.83,43953.83,21.4,22.8
3,2021-09-20,23.46,42062.49,43860.21,21.8,23.4
3,2021-09-21,21.28,40465.21,43766.77,24.2,25.1
3,2021-09-22,19.41,41249.29,43673.58,24.8,25.8
3,2021-09-23,19.80,41928.51,43580.71,23.7,25.7
3,2021-09-24,22.16,41019.64,43488.19,22.3,23.4
3,2021-09-25,17.41,41033.70,43395.98,24.8,25.4
3,2021-09-26,19.89,41047.91,43303.44,24.7,25.4
3,2021-09-27,19.62,40547.66,43210.51,23.1,24.4
3,2021-09-28,18.89,40819.47,43117.26,23.9,24.7
3,2021-09-29,19.12,40319.03,43023.75,23.7,24.5
3,2021-09-30,20.22,41106.78,42930.05,23.0,23.8
3,2021-10-01,20.35,40606.32,42836.21,22.5,23.2
3,2021-10-02,22.50,40105.45,42742.30,20.8,22.5
3,2021-10-03,19.34,40895.15,42648.39,21.4,22.9
3,2021-10-04,18.99,40652.58,42554.53,20.0,22.4
3,2021-10-05,17.94,39600.00,42460.79,22.9,23.9
3,2021-10-06,14.46,31783.37,42367.23,23.4,24.3
3,2021-10-07,15.03,36750.02,42273.92,23.2,24.7
3,2021-10-08,17.96,40199.20,42180.92,21.6,23.8
3,2021-10-09,18.38,39956.11,42088.31,23.4,24.1
3,2021-10-10,16.46,36000.00,41996.14,23.3,23.7
3,2021-10-11,11.03,19359.98,41904.47,24.2,24.5
3,2021-10-12,3.94,3600.00,41813.40,24.4,25.3
3,2021-10-13,13.54,35679.42,41722.97,22.4,24.2
3,2021-10-14,18.19,39446.14,41633.25,21.6,22.8
3,2021-10-15,19.41,39388.87,41544.19,22.3,23.5
3,2021-10-16,18.44,39332.04,41455.10,21.5,23.0
3,2021-10-17,11.79,24811.25,41365.90,16.4,18.5
3,2021-10-18,8.95,17153.29,41276.68,18.9,20.2
3,2021-10-19,14.57,34123.18,41187.51,18.5,20.7
3,2021-10-20,16.31,32495.89,41098.46,17.0,19.8
3,2021-10-21,6.55,10534.47,41009.60,20.0,22.7
3,2021-10-22,7.95,8230.03,40921.02,14.8,18.0
3,2021-10-23,12.07,24848.11,40832.78,15.2,18.0
3,2021-10-24,13.21,33252.67,40744.97,19.1,20.5
3,2021-10-25,17.29,38842.08,40657.67,17.6,20.2
3,2021-10-26,19.03,38791.43,40570.95,15.0,15.7
3,2021-10-27,16.20,38376.54,40484.90,15.5,16.3
3,2021-10-28,14.84,37334.60,40399.59,14.1,15.7
3,2021-10-29,18.18,37631.45,40315.11,14.6,18.1
3,2021-10-30,15.38,38466.77,40231.55,17.4,18.5
3,2021-10-31,17.88,37721.06,40148.99,17.5,19.0
3,2021-11-01,17.03,38253.99,40067.53,17.2,18.8
3,2021-11-02,17.46,36928.65,39987.24,15.3,16.1
3,2021-11-03,17.74,38430.49,39908.22,15.2,15.8
3,2021-11-04,15.71,27938.68,39830.43,15.0,16.1
3,2021-11-05,7.93,13888.87,39753.12,16.6,20.4
3,2021-11-06,3.39,4931.71,39676.24,20.8,21.6
3,2021-11-07,16.74,33715.00,39599.88,17.7,19.7
3,2021-11-08,6.40,11544.29,39524.11,18.0,20.9
3,2021-11-09,12.96,23128.46,39449.02,11.4,13.4
3,2021-11-10,11.28,27391.25,39374.70,9.9,11.7
3,2021-11-11,14.32,34288.15,39301.22,10.8,12.2
3,2021-11-12,14.51,33542.06,39228.69,12.0,14.8
3,2021-11-13,6.92,5274.34,39157.18,16.0,18.0
3,2021-11-14,11.99,31232.92,39086.80,15.5,17.9
3,2021-11-15,16.15,36917.54,39017.63,12.8,14.1
3,2021-11-16,14.17,36034.10,38949.77,14.5,16.9
3,2021-11-17,13.35,31081.78,38883.30,16.2,17.6
3,2021-11-18,4.20,3608.05,38818.33,19.1,20.9
3,2021-11-19,11.96,34135.39,38754.95,18.7,19.9
3,2021-11-20,14.49,35326.13,38693.27,18.0,18.9
3,2021-11-21,13.92,36000.00,38633.37,19.3,20.2
3,2021-11-22,9.49,21600.00,38575.37,16.0,20.4
3,2021-11-23,8.05,15385.65,38519.36,10.3,12.2
3,2021-11-24,12.72,36747.49,38465.33,10.9,13.8
3,2021-11-25,9.45,16955.20,38412.66,13.5,14.2
3,2021-11-26,12.81,32400.00,38361.30,13.7,15.2
3,2021-11-27,5.72,9954.05,38311.32,12.9,14.4
3,2021-11-28,4.10,0.00,38262.78,13.7,15.2
3,2021-11-29,4.20,3448.63,38215.74,16.2,17.7
3,2021-11-30,9.16,25200.00,38170.28,15.0,19.3
3,2021-12-01,12.09,31802.35,38126.45,10.0,11.1
3,2021-12-02,11.08,34961.61,38084.33,11.7,12.6
3,2021-12-03,12.83,32897.74,38043.98,8.0,9.8
3,2021-12-04,9.63,26226.48,38005.47,9.5,10.8
3,2021-12-05,12.12,35033.18,37968.85,11.7,14.0
3,2021-12-06,13.19,36030.70,37934.22,14.2,15.1
3,2021-12-07,12.72,33666.44,37901.62,13.1,15.4
3,2021-12-08,9.33,31388.35,37871.12,10.7,12.0
3,2021-12-09,9.34,29067.84,37842.79,12.2,13.6
3,2021-12-10,11.71,30197.68,37816.71,13.7,15.2
3,2021-12-11,12.88,35518.11,37792.92,13.6,16.1
3,2021-12-12,13.10,32405.62,37771.50,14.7,16.7
3,2021-12-13,3.56,2512.73,37752.52,12.4,14.9
3,2021-12-14,14.23,35677.42,37735.99,11.6,13.2
3,2021-12-15,14.34,36212.79,37721.69,13.2,14.3
3,2021-12-16,14.31,33196.96,37709.58,16.7,18.0
3,2021-12-17,9.21,18638.43,37699.67,10.0,16.5
3,2021-12-18,7.63,18365.87,37691.94,8.0,9.1
3,2021-12-19,10.32,30043.85,37686.40,8.4,12.0
3,2021-12-20,14.27,33651.74,37683.04,10.8,13.5
3,2021-12-21,7.93,12687.44,37681.87,14.1,16.6
3,2021-12-22,5.12,8349.61,37682.86,17.9,18.3
3,2021-12-23,4.05,0.00,37686.03,18.7,20.8
3,2021-12-24,11.98,33009.60,37691.36,18.6,22.3
3,2021-12-25,4.32,0.00,37698.84,9.9,12.5
3,2021-12-26,6.56,12086.46,37708.47,8.3,9.9
3,2021-12-27,4.79,584.68,37720.24,8.3,9.9
3,2021-12-28,10.75,32900.68,37734.13,10.7,13.0
3,2021-12-29,5.95,10718.46,37750.14,14.6,16.6
3,2021-12-30,10.04,22608.87,37768.26,8.4,9.9
3,2021-12-31,9.57,20211.33,37788.46,7.9,9.2
3,2022-01-01,9.04,20008.00,37810.76,9.6,11.2
3,2022-01-02,3.34,2535.67,37835.11,13.1,14.4
3,2022-01-03,14.02,37052.01,37861.58,12.8,15.0
3,2022-01-04,14.76,34530.27,37890.46,11.4,13.0
3,2022-01-05,6.80,12535.96,37921.73,15.3,17.2
3,2022-01-06,9.33,21674.50,37955.32,13.1,17.0
3,2022-01-07,10.85,32445.17,37991.15,12.8,14.3
3,2022-01-08,12.22,36404.02,38029.15,14.0,15.0
3,2022-01-09,13.21,35560.93,38069.23,13.8,14.5
3,2022-01-10,11.96,32315.49,38111.33,14.6,15.8
3,2022-01-11,3.89,0.00,38155.36,8.1,14.6
3,2022-01-12,9.85,26803.20,38201.26,7.5,8.3
3,2022-01-13,4.09,690.89,38248.95,8.0,9.2
3,2022-01-14,9.87,28000.65,38298.34,8.2,10.4
3,2022-01-15,6.13,10039.29,38349.37,11.2,12.8
3,2022-01-16,8.16,15272.21,38401.96,14.0,14.9
3,2022-01-17,3.54,0.00,38456.04,12.0,14.7
3,2022-01-18,5.15,1688.18,38511.53,10.2,13.0
3,2022-01-19,4.72,4922.07,38568.38,8.9,10.5
3,2022-01-20,14.58,36902.38,38626.48,8.1,9.2
3,2022-01-21,11.14,28068.25,38685.79,9.1,11.7
3,2022-01-22,6.97,14303.51,38746.23,14.1,16.5
3,2022-01-23,3.99,7941.30,38807.85,18.3,19.3
3,2022-01-24,10.32,29674.15,38871.32,15.6,18.7
3,2022-01-25,11.40,29783.26,38936.65,11.7,13.4
3,2022-01-26,13.02,37839.32,39003.74,12.5,13.9
3,2022-01-27,9.69,19806.30,39072.49,16.2,17.3
3,2022-01-28,13.45,32621.92,39142.79,15.3,16.3
3,2022-01-29,1.69,0.00,39214.55,15.3,17.1
3,2022-01-30,6.91,12412.54,39287.67,10.6,15.3
3,2022-01-31,11.11,26267.28,39362.06,7.7,9.6
3,2022-02-01,9.33,15354.52,39437.60,9.9,11.5
3,2022-02-02,7.04,11979.28,39514.22,15.7,17.6
3,2022-02-03,6.14,11924.58,39591.82,14.9,18.6
3,2022-02-04,5.65,3600.00,39670.30,9.9,14.7
3,2022-02-05,14.25,30277.96,39749.59,6.3,7.2
3,2022-02-06,9.06,13836.42,39829.58,6.8,8.5
3,2022-02-07,10.54,20118.47,39910.19,12.9,17.6
3,2022-02-08,14.66,30855.72,39991.34,13.3,16.9
3,2022-02-09,12.71,32324.01,40072.94,13.7,15.0
3,2022-02-10,9.43,13688.04,40154.92,11.0,14.7
3,2022-02-11,13.29,36827.58,40237.17,11.8,14.0
3,2022-02-12,10.99,24710.40,40319.77,16.9,17.9
3,2022-02-13,9.65,18000.00,40403.48,17.0,18.7
3,2022-02-14,3.69,3092.90,40488.34,12.8,16.1
3,2022-02-15,17.52,37908.19,40574.27,10.2,11.4
3,2022-02-16,6.44,5800.77,40661.18,9.9,11.3
3,2022-02-17,6.09,5753.71,40748.98,10.5,11.3
3,2022-02-18,4.59,0.00,40837.59,13.4,15.8
3,2022-02-19,13.71,25387.13,40926.93,13.9,17.0
3,2022-02-20,3.44,0.00,41016.90,6.5,10.0
3,2022-02-21,4.73,0.00,41107.44,7.9,8.6
3,2022-02-22,8.03,5362.67,41198.46,9.9,11.6
3,2022-02-23,2.93,0.00,41289.88,13.1,15.6
3,2022-02-24,9.73,14268.69,41381.63,7.7,11.5
3,2022-02-25,12.60,29371.45,41473.63,8.1,10.4
3,2022-02-26,9.71,17818.18,41565.80,13.1,15.8
3,2022-02-27,19.45,39600.00,41658.08,11.8,13.7
3,2022-02-28,15.18,39334.01,41750.37,15.2,16.7
3,2022-03-01,18.71,36019.37,41842.61,17.2,18.7
3,2022-03-02,5.72,3600.00,41934.73,13.3,16.8
3,2022-03-03,18.93,38681.49,42026.67,11.2,13.9
3,2022-03-04,12.36,30962.15,42118.46,16.9,18.5
3,2022-03-05,20.14,37031.40,42210.83,14.0,17.3
3,2022-03-06,20.64,33715.15,42303.84,10.1,11.2
3,2022-03-07,4.28,3600.00,42397.43,12.0,14.3
3,2022-03-08,18.53,39985.18,42491.53,9.6,10.5
3,2022-03-09,20.17,39995.00,42586.06,9.3,10.8
3,2022-03-10,19.07,39214.98,42680.96,10.3,12.1
3,2022-03-11,19.75,38701.24,42776.17,12.6,13.7
3,2022-03-12,21.85,40202.56,42871.62,13.1,14.8
3,2022-03-13,17.67,39671.27,42967.25,16.8,18.4
3,2022-03-14,19.05,37180.80,43062.99,17.3,19.2
3,2022-03-15,18.88,40153.99,43158.77,16.9,19.3
3,2022-03-16,22.38,38371.01,43254.54,17.3,18.7
3,2022-03-17,13.11,18164.29,43350.21,18.5,20.8
3,2022-03-18,15.79,25533.02,43445.75,16.8,21.5
3,2022-03-19,19.07,33623.76,43541.07,14.5,15.9
3,2022-03-20,16.38,26368.71,43636.12,15.1,16.4
3,2022-03-21,18.98,36355.68,43730.82,18.2,20.5
3,2022-03-22,12.64,22798.74,43825.12,17.1,20.7
3,2022-03-23,6.82,2522.84,43918.94,15.2,19.3
3,2022-03-24,19.11,32706.31,44012.35,13.3,15.1
3,2022-03-25,11.30,17887.46,44106.00,17.5,21.2
3,2022-03-26,7.02,1422.10,44199.96,19.0,22.5
3,2022-03-27,9.72,10315.37,44294.17,15.0,17.4
3,2022-03-28,6.50,0.00,44388.56,15.7,17.2
3,2022-03-29,10.24,10529.54,44483.08,18.4,19.4
3,2022-03-30,5.61,0.00,44577.66,20.6,21.7
3,2022-03-31,16.89,36574.49,44672.25,19.0,22.5
3,2022-04-01,12.50,17489.28,44766.79,12.8,14.9
3,2022-04-02,5.23,0.00,44861.21,14.1,15.3
3,2022-04-03,6.87,4724.95,44955.44,14.2,15.0
3,2022-04-04,22.90,41988.78,45049.43,11.6,12.5
3,2022-04-05,22.88,38307.65,45143.11,12.1,13.1
3,2022-04-06,19.88,40444.13,45236.42,12.0,13.2
3,2022-04-07,19.16,38038.58,45329.30,12.2,14.1
3,2022-04-08,24.81,42854.52,45421.68,14.5,15.5
3,2022-04-09,23.04,38008.97,45513.49,16.3,19.6
3,2022-04-10,16.30,27981.90,45604.66,20.3,20.8
3,2022-04-11,13.09,21694.14,45695.12,20.4,21.3
3,2022-04-12,22.00,42178.39,45784.81,19.9,20.3
3,2022-04-13,19.55,42920.11,45873.77,20.2,20.6
3,2022-04-14,21.15,42362.74,45962.64,20.2,21.1
3,2022-04-15,23.09,41271.53,46051.46,17.8,20.6
3,2022-04-16,23.25,37668.23,46140.19,12.9,13.9
3,2022-04-17,16.92,32615.20,46228.74,12.6,14.5
3,2022-04-18,20.49,30614.87,46317.07,16.5,18.6
3,2022-04-19,12.43,14026.72,46405.12,17.1,18.3
3,2022-04-20,14.66,25058.01,46492.80,17.9,19.9
3,2022-04-21,20.06,33628.40,46580.06,20.8,22.0
3,2022-04-22,17.22,30367.93,46666.83,22.3,23.0
3,2022-04-23,13.91,20929.83,46753.05,22.5,23.0
3,2022-04-24,13.00,25783.49,46838.63,21.7,22.7
3,2022-04-25,22.45,44482.53,46923.52,22.9,23.3
3,2022-04-26,21.37,38725.20,47007.64,23.0,23.5
3,2022-04-27,12.88,19880.71,47090.90,22.3,23.3
3,2022-04-28,22.62,45833.93,47173.26,22.8,23.3
3,2022-04-29,17.02,22725.44,47254.62,20.7,24.1
3,2022-04-30,15.36,20347.27,47334.90,17.0,17.8
3,2022-05-01,8.32,2842.95,47414.04,16.4,17.7
3,2022-05-02,6.71,0.00,47491.95,15.3,17.9
3,2022-05-03,21.40,34530.38,47568.65,13.8,14.7
3,2022-05-04,7.50,0.00,47644.75,18.8,21.1
3,2022-05-05,10.62,8968.59,47720.28,21.1,22.3
3,2022-05-06,13.98,24589.60,47795.18,22.3,23.1
3,2022-05-07,22.31,41483.76,47869.39,22.4,23.3
3,2022-05-08,15.77,26282.23,47942.83,21.8,22.5
3,2022-05-09,18.10,19290.51,48015.45,20.9,21.8
3,2022-05-10,20.03,35141.79,48087.17,20.7,22.3
3,2022-05-11,10.06,4676.59,48157.93,22.4,23.2
3,2022-05-12,17.75,26460.32,48227.64,22.7,23.5
3,2022-05-13,5.68,2537.16,48296.25,22.9,23.5
3,2022-05-14,7.00,2527.81,48363.67,22.0,22.5
3,2022-05-15,9.02,3600.00,48429.83,17.5,22.5
3,2022-05-16,4.89,0.00,48494.66,18.1,18.4
3,2022-05-17,8.15,7900.37,48558.09,17.9,19.0
3,2022-05-18,24.24,39600.00,48620.03,17.9,19.0
3,2022-05-19,18.47,24627.87,48680.40,19.9,21.7
3,2022-05-20,5.47,7277.16,48739.14,22.1,22.7
3,2022-05-21,23.66,45150.64,48796.15,20.2,22.2
3,2022-05-22,24.40,39600.00,48851.36,19.6,21.0
3,2022-05-23,5.36,0.00,48904.78,18.9,21.6
3,2022-05-24,7.64,802.47,48956.85,22.2,23.3
3,2022-05-25,15.68,26441.40,49007.60,22.1,22.6
3,2022-05-26,14.64,21600.00,49057.00,21.5,23.5
3,2022-05-27,5.53,0.00,49104.99,20.1,21.1
3,2022-05-28,8.12,8305.97,49151.52,23.1,25.1
3,2022-05-29,25.43,46697.75,49196.54,24.7,25.3
3,2022-05-30,25.68,46367.71,49240.01,24.5,25.1
3,2022-05-31,12.70,13244.74,49281.87,23.4,24.7
3,2022-06-01,21.22,29035.67,49322.06,23.9,24.7
3,2022-06-02,7.47,100.54,49360.55,23.3,23.9
3,2022-06-03,8.69,8918.65,49397.27,23.6,24.3
3,2022-06-04,16.11,22873.82,49432.18,23.7,24.6
3,2022-06-05,22.20,40472.86,49465.23,24.7,25.1
3,2022-06-06,9.33,279.31,49496.37,22.4,24.9
3,2022-06-07,13.38,18798.69,49525.55,21.2,22.4
3,2022-06-08,13.52,15710.29,49552.72,20.8,23.1
3,2022-06-09,5.72,0.00,49577.82,21.2,23.5
3,2022-06-10,8.70,2164.48,49600.81,23.5,24.6
3,2022-06-11,8.69,5184.91,49621.65,23.4,24.4
3,2022-06-12,12.77,11282.78,49640.31,23.3,24.7
3,2022-06-13,19.89,38752.58,49656.95,24.5,25.4
3,2022-06-14,24.17,44199.18,49671.60,24.4,24.9
3,2022-06-15,16.86,27758.15,49684.25,24.3,25.2
3,2022-06-16,6.99,3769.56,49694.90,23.5,24.4
3,2022-06-17,7.24,7200.00,49703.55,23.9,25.0
3,2022-06-18,17.89,26157.37,49710.22,24.2,25.2
3,2022-06-19,20.32,42822.00,49714.88,24.6,25.7
3,2022-06-20,23.08,46800.00,49717.55,24.8,25.4
3,2022-06-21,24.74,46800.00,49718.24,24.5,25.3
3,2022-06-22,25.28,46800.00,49716.93,25.2,25.9
3,2022-06-23,26.83,46800.00,49713.65,25.2,25.8
3,2022-06-24,25.45,45859.82,49708.38,25.6,26.0
3,2022-06-25,23.01,37456.12,49701.14,24.8,25.5
3,2022-06-26,23.44,42426.70,49691.94,24.9,25.6
3,2022-06-27,26.51,46800.00,49680.78,24.0,25.0
3,2022-06-28,25.48,46800.00,49667.67,23.6,24.3
3,2022-06-29,27.50,46800.00,49652.61,23.7,24.3
3,2022-06-30,21.40,39689.56,49635.62,23.6,24.4
3,2022-07-01,16.75,23382.22,49616.71,23.8,24.5
3,2022-07-02,12.70,14764.93,49595.85,24.4,25.3
3,2022-07-03,12.03,21803.57,49572.82,24.3,24.9
3,2022-07-04,24.25,44671.82,49547.65,24.9,25.4
3,2022-07-05,24.13,46800.00,49520.37,24.8,25.6
3,2022-07-06,23.87,46800.00,49491.06,25.0,25.6
3,2022-07-07,22.93,43217.42,49459.76,25.4,26.0
3,2022-07-08,23.90,40107.60,49426.53,25.6,26.0
3,2022-07-09,25.90,46800.00,49391.43,26.2,26.5
3,2022-07-10,26.55,46800.00,49354.50,26.1,26.6
3,2022-07-11,26.16,46800.00,49315.81,25.7,26.6
3,2022-07-12,25.34,46800.00,49275.40,25.3,25.8
3,2022-07-13,25.00,44973.31,49233.35,25.2,26.1
3,2022-07-14,23.43,46800.00,49189.69,25.8,26.2
3,2022-07-15,22.55,43321.95,49144.49,25.4,26.4
3,2022-07-16,20.17,38221.10,49097.81,26.0,26.7
3,2022-07-17,18.18,32575.00,49049.68,25.7,27.0
3,2022-07-18,15.09,28874.82,49000.18,25.7,26.4
3,2022-07-19,20.69,44953.69,48949.35,26.0,26.4
3,2022-07-20,25.31,46800.00,48897.25,26.2,26.5
3,2022-07-21,27.03,46800.00,48843.93,26.4,26.8
3,2022-07-22,26.14,39990.01,48789.35,26.1,26.7
3,2022-07-23,23.65,45596.28,48733.04,26.2,27.0
3,2022-07-24,26.04,46800.00,48674.98,26.4,27.1
3,2022-07-25,22.31,46800.00,48615.27,25.7,27.0
3,2022-07-26,23.73,46800.00,48553.98,24.3,25.9
3,2022-07-27,25.93,46800.00,48491.17,24.5,25.4
3,2022-07-28,18.81,34738.85,48426.96,25.0,25.6
3,2022-07-29,20.53,34684.31,48361.39,25.4,25.9
3,2022-07-30,17.50,29903.15,48294.55,25.2,25.8
3,2022-07-31,8.93,11524.47,48226.52,25.1,26.1
3,2022-08-01,16.64,38441.68,48157.37,24.7,25.2
3,2022-08-02,25.10,46800.00,48087.17,24.7,25.3
3,2022-08-03,22.06,44588.23,48016.00,25.0,25.5
3,2022-08-04,23.52,46800.00,47943.93,25.1,25.6
3,2022-08-05,24.31,42545.28,47871.01,25.1,25.8
3,2022-08-06,21.72,44953.51,47797.34,24.6,25.8
3,2022-08-07,25.91,46773.57,47722.97,24.0,25.0
3,2022-08-08,24.65,46743.92,47647.97,24.2,24.8
3,2022-08-09,24.37,46714.56,47572.40,24.8,25.3
3,2022-08-10,25.66,46685.50,47496.34,24.3,25.6
3,2022-08-11,22.10,46656.69,47419.73,25.2,26.1
3,2022-08-12,22.21,46628.04,47341.99,25.5,26.2
3,2022-08-13,24.35,46599.55,47263.09,25.1,25.9
3,2022-08-14,23.90,46571.20,47183.11,24.6,25.3
3,2022-08-15,24.42,46543.00,47102.11,24.3,25.0
3,2022-08-16,24.97,46514.96,47020.18,24.8,25.3
3,2022-08-17,22.73,37509.21,46937.39,25.5,26.7
3,2022-08-18,22.61,45316.49,46853.81,24.7,25.1
3,2022-08-19,24.79,45574.21,46769.51,25.2,25.7
3,2022-08-20,21.82,45225.22,46684.56,25.3,25.8
3,2022-08-21,21.16,37539.90,46599.02,25.8,26.6
3,2022-08-22,19.81,42863.16,46512.97,25.6,26.2
3,2022-08-23,22.79,45961.15,46426.46,25.8,26.4
3,2022-08-24,22.86,45875.05,46339.58,25.5,25.9
3,2022-08-25,21.74,45788.61,46252.36,26.0,26.8
3,2022-08-26,22.68,33783.05,46164.89,25.7,26.3
3,2022-08-27,14.78,17184.64,46077.22,25.6,26.4
3,2022-08-28,20.57,45527.81,45989.41,25.8,27.0
3,2022-08-29,23.35,45286.20,45901.53,25.5,26.4
3,2022-08-30,23.18,45353.31,45813.62,25.3,25.8
3,2022-08-31,19.29,32010.28,45725.65,25.0,25.9
3,2022-09-01,19.87,43694.41,45637.01,24.7,25.3
3,2022-09-02,18.83,32831.04,45547.65,24.4,25.0
3,2022-09-03,3.52,0.00,45457.63,24.7,25.5
3,2022-09-04,3.55,0.00,45367.03,24.5,25.2
3,2022-09-05,5.86,4015.91,45275.90,24.8,25.6
3,2022-09-06,16.70,38044.33,45184.30,24.1,25.5
3,2022-09-07,24.11,41982.72,45092.30,20.9,23.1
3,2022-09-08,19.08,43255.23,44999.96,22.8,24.5
3,2022-09-09,22.01,38262.64,44907.33,24.6,25.0
3,2022-09-10,19.28,36472.11,44814.48,24.7,25.4
3,2022-09-11,13.43,26198.40,44721.47,24.4,24.8
3,2022-09-12,18.50,41352.41,44628.35,24.7,25.2
3,2022-09-13,22.34,41730.77,44535.17,24.8,25.1
3,2022-09-14,21.06,39861.63,44442.01,24.9,25.4
3,2022-09-15,20.20,41563.69,44348.90,25.2,26.4
3,2022-09-16,21.69,38483.20,44255.92,24.8,25.5
3,2022-09-17,7.94,12676.33,44163.12,24.4,25.7
3,2022-09-18,15.83,35364.04,44070.54,23.8,24.6
3,2022-09-19,20.85,40437.54,43978.26,23.1,23.7
3,2022-09-20,19.26,41991.96,43886.20,22.2,24.7
3,2022-09-21,23.22,40554.39,43793.75,21.1,23.6
3,2022-09-22,20.68,41504.44,43700.85,23.6,24.2
3,2022-09-23,20.53,39600.00,43607.57,24.4,24.7
3,2022-09-24,18.67,40503.31,43513.97,24.3,25.7
3,2022-09-25,18.93,40259.77,43420.10,24.4,24.8
3,2022-09-26,18.70,41559.42,43326.04,24.2,24.8
3,2022-09-27,20.74,41059.16,43231.83,23.6,24.6
3,2022-09-28,20.89,41330.91,43137.56,23.4,24.2
3,2022-09-29,21.82,40830.56,43043.26,23.0,24.0
3,2022-09-30,21.02,41102.96,42949.01,22.7,23.5
3,2022-10-01,19.36,41118.08,42854.86,22.8,24.0
3,2022-10-02,21.29,40875.49,42760.87,22.1,22.9
3,2022-10-03,19.90,40632.81,42667.12,22.9,24.0
3,2022-10-04,19.10,40390.06,42573.66,23.0,23.8
3,2022-10-05,19.60,39600.00,42480.55,23.1,24.3
3,2022-10-06,19.90,39645.32,42387.86,22.3,23.0
3,2022-10-07,13.71,35067.28,42295.65,21.5,22.6
3,2022-10-08,18.59,38528.99,42203.97,19.6,20.4
3,2022-10-09,20.44,36000.00,42112.91,20.2,21.1
3,2022-10-10,16.44,39138.20,42022.40,17.0,19.6
3,2022-10-11,12.43,27502.13,41931.75,15.6,16.8
3,2022-10-12,12.36,24364.70,41840.92,18.7,21.2
3,2022-10-13,16.73,39525.99,41749.96,21.8,22.8
3,2022-10-14,17.00,35890.74,41658.95,23.4,23.9
3,2022-10-15,17.09,39601.45,41567.96,23.7,24.6
3,2022-10-16,16.37,32861.77,41477.06,23.5,23.9
3,2022-10-17,9.04,20780.27,41386.33,22.4,24.4
3,2022-10-18,5.72,5450.62,41295.83,17.3,19.2
3,2022-10-19,8.49,11184.06,41205.64,17.3,18.8
3,2022-10-20,18.73,39140.74,41115.84,17.2,20.5
3,2022-10-21,12.27,26345.33,41026.49,22.4,23.4
3,2022-10-22,9.78,14950.01,40937.68,23.7,24.4
3,2022-10-23,10.99,23171.50,40849.48,20.9,25.1
3,2022-10-24,18.16,37163.48,40761.98,14.6,17.1
3,2022-10-25,15.31,31895.74,40675.24,13.6,15.5
3,2022-10-26,15.28,37271.20,40589.36,15.0,16.8
3,2022-10-27,17.88,38751.49,40504.41,17.2,19.2
3,2022-10-28,16.06,37596.11,40420.48,19.4,20.5
3,2022-10-29,16.12,37892.46,40337.66,20.2,20.9
3,2022-10-30,15.26,31181.78,40255.88,20.0,21.0
3,2022-10-31,4.52,0.00,40174.42,21.1,21.9
3,2022-11-01,2.77,0.00,40093.23,20.5,21.3
3,2022-11-02,6.31,1126.16,40012.37,20.5,21.4
3,2022-11-03,16.03,34156.29,39931.93,20.1,21.0
3,2022-11-04,13.92,26460.28,39852.00,16.1,19.1
3,2022-11-05,11.13,27873.96,39772.65,14.2,15.3
3,2022-11-06,9.96,17018.33,39693.98,16.3,18.7
3,2022-11-07,7.46,12147.40,39616.07,18.9,19.5
3,2022-11-08,13.15,25200.00,39539.00,18.9,19.9
3,2022-11-09,12.67,30411.62,39462.88,20.1,20.9
3,2022-11-10,10.16,28800.00,39387.77,20.8,21.5
3,2022-11-11,12.32,29449.62,39313.79,21.2,21.7
3,2022-11-12,11.99,28206.24,39241.03,22.4,23.2
3,2022-11-13,14.88,36881.86,39169.57,21.2,23.6
3,2022-11-14,13.82,35339.96,39099.52,17.1,18.3
3,2022-11-15,10.38,25392.90,39030.97,17.9,19.4
3,2022-11-16,11.10,29438.50,38964.02,16.9,18.5
3,2022-11-17,8.46,20596.02,38898.77,19.9,21.8
3,2022-11-18,14.07,36402.74,38835.33,21.9,22.7
3,2022-11-19,14.41,36414.68,38773.67,20.8,22.3
3,2022-11-20,14.22,32400.00,38713.11,20.3,20.7
3,2022-11-21,15.12,36716.24,38653.60,19.8,20.4
3,2022-11-22,11.72,30370.32,38595.23,20.8,21.7
3,2022-11-23,6.15,7976.48,38538.06,20.5,21.8
3,2022-11-24,8.29,20877.73,38482.18,17.5,20.2
3,2022-11-25,5.36,6346.89,38427.64,20.4,21.4
3,2022-11-26,10.56,28686.98,38374.53,18.7,21.4
3,2022-11-27,13.55,32598.14,38322.93,16.9,20.6
3,2022-11-28,10.45,26822.45,38272.91,21.2,22.3
3,2022-11-29,14.19,32605.93,38224.56,21.9,22.6
3,2022-11-30,4.53,3451.01,38177.95,16.7,19.8
3,2022-12-01,4.76,4708.61,38133.16,14.0,15.2
3,2022-12-02,5.84,4084.71,38090.26,16.2,19.2
3,2022-12-03,2.60,3275.30,38049.36,18.6,20.3
3,2022-12-04,13.43,35844.10,38010.51,20.2,21.2
3,2022-12-05,10.74,25200.00,37973.80,18.1,20.6
3,2022-12-06,4.40,3090.55,37939.31,11.6,16.0
3,2022-12-07,11.12,27298.21,37907.13,12.0,13.2
3,2022-12-08,12.25,25879.29,37877.33,14.4,17.0
3,2022-12-09,2.69,1679.65,37849.92,17.8,18.7
3,2022-12-10,11.86,35585.18,37824.56,16.9,17.7
3,2022-12-11,11.52,34993.97,37801.19,14.9,16.2
3,2022-12-12,11.61,24475.85,37779.86,12.7,14.5
3,2022-12-13,8.13,20649.34,37760.55,10.7,13.5
3,2022-12-14,4.22,3472.37,37743.31,10.9,11.9
3,2022-12-15,4.71,1063.55,37728.15,12.5,16.8
3,2022-12-16,1.88,654.99,37715.09,17.8,19.3
3,2022-12-17,3.86,1082.01,37704.13,11.5,18.2
3,2022-12-18,5.59,2077.76,37695.31,5.9,7.1
3,2022-12-19,8.82,27433.07,37688.62,7.7,9.9
3,2022-12-20,11.14,29296.69,37684.10,12.3,15.9
3,2022-12-21,4.37,5646.71,37681.74,13.2,18.2
3,2022-12-22,10.84,27061.29,37681.58,6.0,7.3
3,2022-12-23,6.66,9397.49,37683.61,5.8,6.7
3,2022-12-24,7.92,26205.83,37687.85,6.3,7.4
3,2022-12-25,9.24,28937.17,37694.31,8.0,9.2
3,2022-12-26,8.36,19821.94,37702.99,9.0,10.2
3,2022-12-27,9.59,26823.01,37713.91,11.8,13.3
3,2022-12-28,11.77,33814.66,37727.08,13.1,14.0
3,2022-12-29,7.01,9304.94,37742.54,14.3,15.4
3,2022-12-30,2.66,0.00,37760.43,13.8,14.9
3,2022-12-31,10.44,28971.94,37780.76,10.8,13.4
3,2023-01-01,12.27,30522.65,37803.46,10.3,11.2
3,2023-01-02,5.08,5952.73,37828.46,12.1,13.0
3,2023-01-03,7.10,16074.29,37855.71,13.0,14.4
3,2023-01-04,10.07,29518.31,37885.15,8.3,11.3
3,2023-01-05,12.01,31490.20,37916.71,9.3,10.4
3,2023-01-06,8.13,16861.27,37950.34,12.3,14.8
3,2023-01-07,15.27,37213.06,37985.96,9.5,10.2
3,2023-01-08,14.92,36110.62,38023.54,10.6,11.9
3,2023-01-09,12.04,30809.58,38062.98,12.4,13.7
3,2023-01-10,10.28,32843.41,38104.25,12.5,13.6
3,2023-01-11,11.83,37102.02,38147.27,13.0,14.3
3,2023-01-12,13.49,35719.81,38191.98,14.6,15.3
3,2023-01-13,14.00,36901.86,38238.33,16.4,17.2
3,2023-01-14,12.38,35416.13,38286.24,18.9,19.6
3,2023-01-15,4.81,3600.00,38335.67,15.3,19.4
3,2023-01-16,5.91,2421.71,38386.56,10.1,11.5
3,2023-01-17,8.46,20985.11,38438.83,10.0,11.4
3,2023-01-18,8.31,11337.05,38492.54,9.4,10.4
3,2023-01-19,15.65,35753.32,38548.28,9.3,10.0
3,2023-01-20,13.33,31074.52,38606.07,9.0,10.3
3,2023-01-21,13.18,29884.52,38665.80,11.5,14.2
3,2023-01-22,11.55,35893.93,38727.38,16.0,17.5
3,2023-01-23,6.21,6384.18,38790.69,15.8,17.5
3,2023-01-24,4.26,1303.90,38855.65,5.5,12.6
3,2023-01-25,7.29,9172.71,38922.15,7.3,10.1
3,2023-01-26,13.45,36000.00,38990.11,11.3,14.4
3,2023-01-27,5.09,5250.69,39059.41,5.9,11.3
3,2023-01-28,6.76,7424.93,39129.97,4.7,5.7
3,2023-01-29,9.64,21136.89,39201.71,5.2,6.1
3,2023-01-30,13.84,38531.25,39274.52,6.0,8.1
3,2023-01-31,18.00,36921.51,39348.31,9.7,12.7
3,2023-02-01,12.71,34007.12,39423.01,13.6,16.0
3,2023-02-02,11.57,25260.69,39498.51,13.1,17.2
3,2023-02-03,11.07,26916.38,39574.74,11.3,12.1
3,2023-02-04,9.09,12021.16,39651.61,12.3,13.6
3,2023-02-05,9.03,15545.69,39729.03,15.4,17.4
3,2023-02-06,3.20,1615.59,39806.93,17.5,18.1
3,2023-02-07,14.83,37591.89,39885.36,16.6,18.7
3,2023-02-08,12.96,30722.29,39965.08,13.8,16.2
3,2023-02-09,14.47,34693.12,40046.13,16.5,17.6
3,2023-02-10,9.16,18626.94,40128.42,15.3,19.1
3,2023-02-11,6.49,7611.45,40211.85,17.7,18.6
3,2023-02-12,14.46,38994.21,40296.33,19.0,19.7
3,2023-02-13,13.43,28994.91,40381.77,16.9,20.1
3,2023-02-14,3.73,0.00,40468.08,13.2,14.9
3,2023-02-15,6.63,4303.55,40555.18,9.6,11.8
3,2023-02-16,13.54,34423.85,40642.97,11.9,13.4
3,2023-02-17,19.68,39230.35,40731.38,11.3,12.3
3,2023-02-18,18.77,38620.84,40820.32,13.4,15.0
3,2023-02-19,17.33,30323.80,40909.70,13.2,16.6
3,2023-02-20,5.43,697.93,40999.45,8.8,10.0
3,2023-02-21,12.13,24073.52,41089.49,8.6,10.6
3,2023-02-22,12.47,21488.03,41179.73,11.4,12.4
3,2023-02-23,15.85,37716.61,41270.11,13.5,15.4
3,2023-02-24,14.49,33239.36,41360.53,14.9,17.5
3,2023-02-25,11.20,13822.58,41450.93,7.8,11.3
3,2023-02-26,11.21,24155.74,41541.24,7.8,10.9
3,2023-02-27,13.74,33006.28,41631.50,10.0,12.0
3,2023-02-28,19.02,39642.18,41722.45,9.7,11.2
3,2023-03-01,17.47,32400.00,41814.15,13.0,14.6
3,2023-03-02,12.12,25281.80,41906.54,8.7,13.6
3,2023-03-03,10.59,19546.91,41999.55,9.1,10.6
3,2023-03-04,15.53,39600.00,42093.08,10.2,10.7
3,2023-03-05,20.28,39810.97,42187.07,8.8,9.8
3,2023-03-06,20.12,40052.17,42281.47,8.8,10.5
3,2023-03-07,20.95,38424.54,42376.20,10.5,12.5
3,2023-03-08,16.33,38490.17,42471.18,12.3,13.9
3,2023-03-09,14.03,26318.85,42566.36,14.3,16.0
3,2023-03-10,21.09,39983.15,42661.66,13.7,15.6
3,2023-03-11,18.13,39708.63,42757.02,14.6,15.7
3,2023-03-12,19.97,36092.24,42852.38,14.7,16.3
3,2023-03-13,6.38,3041.74,42947.66,10.2,12.9
3,2023-03-14,12.19,16830.37,43042.80,12.7,15.9
3,2023-03-15,14.04,32194.42,43137.73,16.4,17.2
3,2023-03-16,19.23,39885.25,43232.39,16.7,18.5
3,2023-03-17,19.18,39869.46,43326.71,17.5,18.0
3,2023-03-18,16.26,35829.60,43420.62,15.7,16.7
3,2023-03-19,13.65,22401.62,43514.18,13.4,15.2
3,2023-03-20,8.32,8553.34,43608.07,17.1,19.2
3,2023-03-21,13.82,21688.11,43702.35,19.9,20.7
3,2023-03-22,8.76,6637.77,43796.94,20.9,21.7
3,2023-03-23,16.09,33026.77,43891.81,21.6,22.1
3,2023-03-24,18.71,28800.00,43986.88,19.6,22.8
3,2023-03-25,10.79,10034.85,44082.09,17.9,18.8
3,2023-03-26,8.67,7491.71,44177.38,16.2,18.5
3,2023-03-27,15.23,27214.01,44272.70,13.7,16.6
3,2023-03-28,18.32,28875.83,44367.97,13.3,15.7
3,2023-03-29,10.29,14128.56,44463.15,15.4,16.4
3,2023-03-30,10.76,15699.09,44558.15,17.8,19.8
3,2023-03-31,18.76,36762.99,44652.94,18.3,19.8
3,2023-04-01,15.54,28800.00,44747.43,18.1,18.8
3,2023-04-02,22.62,41827.87,44841.57,15.1,18.1
3,2023-04-03,23.69,41010.93,44935.30,13.7,14.9
3,2023-04-04,19.55,33386.25,45028.54,13.0,14.9
3,2023-04-05,14.60,24698.10,45121.23,15.8,17.8
3,2023-04-06,16.24,30990.88,45213.31,18.3,19.5
3,2023-04-07,4.08,1808.48,45304.71,15.7,20.2
3,2023-04-08,20.27,38847.58,45395.47,9.4,10.9
3,2023-04-09,22.61,43844.10,45486.24,9.9,12.1
3,2023-04-10,20.38,43823.53,45577.08,12.6,15.1
3,2023-04-11,22.39,41969.17,45667.92,17.4,20.4
3,2023-04-12,23.28,42449.12,45758.71,19.3,20.7
3,2023-04-13,21.25,36105.02,45849.37,19.1,20.4
3,2023-04-14,13.90,20256.92,45939.85,21.1,21.5
3,2023-04-15,7.75,10367.36,46030.09,19.2,21.7
3,2023-04-16,26.25,45685.42,46120.01,16.8,18.2
3,2023-04-17,25.80,45774.06,46209.56,18.5,19.6
3,2023-04-18,25.00,38975.53,46298.67,19.5,20.6
3,2023-04-19,4.84,0.00,46387.26,21.4,22.3
3,2023-04-20,9.72,8162.11,46475.28,21.6,22.5
3,2023-04-21,18.42,39367.82,46562.65,19.3,21.0
3,2023-04-22,21.91,44978.02,46649.30,18.5,19.6
3,2023-04-23,25.64,46293.23,46735.15,17.5,18.2
3,2023-04-24,22.50,45572.76,46820.14,17.7,18.9
3,2023-04-25,23.49,37043.51,46904.18,18.8,20.4
3,2023-04-26,17.61,28726.69,46987.21,15.6,18.1
3,2023-04-27,21.46,42344.81,47069.14,16.0,19.1
3,2023-04-28,18.92,33740.56,47150.01,19.8,21.7
3,2023-04-29,17.72,27966.72,47230.42,21.9,22.8
3,2023-04-30,12.21,11670.86,47310.44,18.7,20.9
3,2023-05-01,16.47,29191.56,47389.99,15.3,18.4
3,2023-05-02,26.78,39413.04,47469.00,16.0,18.3
3,2023-05-03,19.83,33164.29,47547.41,18.9,20.1
3,2023-05-04,16.10,24345.18,47625.15,20.5,21.6
3,2023-05-05,20.61,42423.01,47702.15,22.0,22.5
3,2023-05-06,17.86,31544.55,47778.35,22.3,22.9
3,2023-05-07,8.28,3077.43,47853.67,21.1,23.1
3,2023-05-08,9.26,10542.87,47928.05,17.2,19.4
3,2023-05-09,23.81,44123.87,48001.39,15.1,17.0
3,2023-05-10,24.76,46800.00,48073.64,15.5,17.0
3,2023-05-11,25.96,46800.00,48144.71,14.8,16.3
3,2023-05-12,23.41,41135.12,48214.53,15.6,17.2
3,2023-05-13,17.36,26623.08,48283.01,18.6,20.7
3,2023-05-14,8.49,4655.69,48350.09,17.8,18.8
3,2023-05-15,23.29,43716.57,48415.67,19.2,20.3
3,2023-05-16,27.17,39600.00,48479.69,18.5,19.5
3,2023-05-17,17.48,20323.55,48542.05,19.5,22.4
3,2023-05-18,6.85,6288.02,48602.77,22.6,23.6
3,2023-05-19,25.66,46800.00,48662.34,20.1,21.2
3,2023-05-20,21.57,43631.89,48720.81,19.1,19.8
3,2023-05-21,14.18,20317.19,48778.13,21.0,24.1
3,2023-05-22,15.61,17220.56,48834.23,22.4,24.2
3,2023-05-23,21.31,39529.56,48889.05,16.7,17.8
3,2023-05-24,27.89,46800.00,48942.54,17.3,19.8
3,2023-05-25,23.53,46791.60,48994.65,18.6,19.2
3,2023-05-26,25.42,40147.80,49045.31,18.8,21.4
3,2023-05-27,11.51,5270.79,49094.45,22.2,22.7
3,2023-05-28,19.83,38656.84,49142.03,23.1,23.5
3,2023-05-29,22.23,41584.72,49187.99,23.6,24.0
3,2023-05-30,22.13,39600.00,49232.26,24.2,24.5
3,2023-05-31,14.72,17524.59,49274.77,24.1,24.5
3,2023-06-01,5.91,0.00,49315.48,23.8,24.4
3,2023-06-02,14.47,20935.47,49354.32,22.7,24.1
3,2023-06-03,28.94,46800.00,49391.24,21.4,22.0
3,2023-06-04,28.05,46800.00,49426.16,20.7,22.1
3,2023-06-05,26.45,46800.00,49459.03,22.4,23.2
3,2023-06-06,27.44,46800.00,49489.79,23.1,23.7
3,2023-06-07,22.79,44538.35,49518.42,24.2,24.8
3,2023-06-08,26.72,46345.17,49545.18,23.4,23.6
3,2023-06-09,19.80,27487.33,49570.09,24.1,24.8
3,2023-06-10,13.59,13069.64,49593.13,24.2,24.9
3,2023-06-11,19.70,31230.95,49614.30,23.7,24.5
3,2023-06-12,13.55,16535.06,49633.56,24.0,24.9
3,2023-06-13,6.57,3472.78,49650.90,24.2,25.2
3,2023-06-14,4.90,3600.00,49666.33,23.5,24.6
3,2023-06-15,15.25,23958.51,49679.81,23.0,23.7
3,2023-06-16,12.67,12717.88,49691.34,23.9,24.7
3,2023-06-17,5.04,0.00,49700.90,24.7,25.1
3,2023-06-18,21.36,32400.00,49708.49,24.7,25.3
3,2023-06-19,10.34,2114.62,49714.08,25.0,25.3
3,2023-06-20,23.64,36591.53,49717.67,25.5,25.8
3,2023-06-21,23.87,35017.11,49719.26,25.4,25.9
3,2023-06-22,15.14,23558.43,49718.83,24.4,25.1
3,2023-06-23,19.68,43295.14,49716.37,25.1,25.5
3,2023-06-24,23.11,46800.00,49711.87,24.6,25.2
3,2023-06-25,27.13,46800.00,49705.33,24.1,24.6
3,2023-06-26,27.89,46800.00,49696.75,24.2,24.9
3,2023-06-27,26.23,46800.00,49686.09,23.8,24.3
3,2023-06-28,18.44,36907.66,49673.24,24.3,24.7
3,2023-06-29,24.31,46800.00,49658.23,24.4,24.8
3,2023-06-30,25.11,43200.00,49641.07,24.2,24.8
3,2023-07-01,24.97,43965.19,49621.82,24.6,25.1
3,2023-07-02,23.88,46800.00,49600.53,25.0,25.8
3,2023-07-03,25.38,44933.51,49577.23,24.9,25.7
3,2023-07-04,22.46,40484.75,49551.97,25.1,25.9
3,2023-07-05,24.28,46800.00,49524.79,25.7,26.4
3,2023-07-06,25.65,46800.00,49495.74,25.9,26.9
3,2023-07-07,25.04,46800.00,49464.85,25.1,26.2
3,2023-07-08,24.76,46800.00,49432.19,24.8,25.8
3,2023-07-09,25.24,46800.00,49397.78,24.0,25.1
3,2023-07-10,24.72,46800.00,49361.68,24.7,25.5
3,2023-07-11,25.47,46800.00,49323.94,24.9,25.6
3,2023-07-12,27.08,46800.00,49284.58,24.1,24.8
3,2023-07-13,26.73,46800.00,49243.67,24.0,24.7
3,2023-07-14,23.63,46800.00,49201.25,24.7,25.2
3,2023-07-15,25.43,46800.00,49157.36,24.5,24.8
3,2023-07-16,20.38,32189.51,49112.05,24.0,24.6
3,2023-07-17,22.19,45792.40,49065.27,24.2,25.1
3,2023-07-18,25.15,46800.00,49016.62,24.7,25.1
3,2023-07-19,25.61,46800.00,48966.10,24.5,25.4
3,2023-07-20,23.60,46800.00,48913.76,24.5,25.4
3,2023-07-21,23.98,43200.00,48859.69,24.0,25.3
3,2023-07-22,22.40,44883.09,48803.97,25.0,25.4
3,2023-07-23,24.74,46800.00,48746.68,24.3,25.2
3,2023-07-24,25.15,46092.81,48687.88,23.8,24.4
3,2023-07-25,25.01,46800.00,48627.66,24.0,24.8
3,2023-07-26,18.67,29381.48,48566.08,24.5,25.1
3,2023-07-27,6.29,8427.51,48503.23,24.6,26.0
3,2023-07-28,17.31,31890.22,48439.15,24.8,25.4
3,2023-07-29,19.44,40710.26,48373.95,24.9,25.4
3,2023-07-30,25.12,46715.59,48307.68,23.9,24.8
3,2023-07-31,12.48,12244.20,48240.40,24.7,25.3
3,2023-08-01,15.89,24844.41,48172.19,24.8,25.2
3,2023-08-02,3.48,0.00,48103.11,24.5,25.1
3,2023-08-03,5.39,0.00,48033.24,25.0,25.5
3,2023-08-04,5.13,0.00,47962.63,24.9,25.9
3,2023-08-05,3.92,1673.92,47891.35,25.0,25.8
3,2023-08-06,5.42,8603.64,47819.35,25.0,25.6
3,2023-08-07,15.06,16009.30,47746.08,25.5,26.2
3,2023-08-08,15.74,33536.07,47671.49,25.6,26.4
3,2023-08-09,23.26,43124.00,47595.68,25.3,25.9
3,2023-08-10,26.06,45988.07,47518.71,25.3,26.0
3,2023-08-11,22.28,45481.67,47440.67,24.7,25.4
3,2023-08-12,24.32,46637.08,47361.64,24.7,25.5
3,2023-08-13,26.52,46608.33,47281.67,24.3,25.5
3,2023-08-14,24.08,40869.81,47200.86,25.4,26.1
3,2023-08-15,17.45,26180.31,47119.27,25.3,26.5
3,2023-08-16,18.54,37712.59,47036.97,25.1,26.1
3,2023-08-17,23.36,46483.12,46954.04,24.4,25.1
3,2023-08-18,23.87,46400.54,46870.53,24.6,25.8
3,2023-08-19,24.56,46317.43,46786.53,25.1,26.0
3,2023-08-20,22.74,46233.87,46702.08,25.4,26.7
3,2023-08-21,23.95,46149.92,46617.27,23.9,24.9
3,2023-08-22,23.33,46065.65,46532.15,23.9,24.8
3,2023-08-23,24.50,45981.10,46446.79,24.2,25.2
3,2023-08-24,21.15,45345.98,46361.25,25.0,25.5
3,2023-08-25,18.15,31322.52,46275.59,24.7,25.9
3,2023-08-26,22.60,45546.80,46189.76,24.4,24.9
3,2023-08-27,22.89,45640.67,46103.15,23.9,24.6
3,2023-08-28,22.38,45554.06,46015.73,24.1,24.8
3,2023-08-29,23.36,45466.67,45927.56,24.4,24.8
3,2023-08-30,23.71,45378.56,45838.72,24.6,25.6
3,2023-08-31,21.24,38326.21,45749.25,25.2,25.8
3,2023-09-01,20.12,40873.03,45659.24,25.2,25.8
3,2023-09-02,20.43,45110.60,45568.74,24.3,24.9
3,2023-09-03,22.55,44120.49,45477.81,23.3,24.2
3,2023-09-04,22.85,44929.54,45386.52,23.4,24.2
3,2023-09-05,22.36,44008.34,45294.93,23.4,24.3
3,2023-09-06,23.07,41415.53,45203.09,24.0,25.1
3,2023-09-07,19.26,37693.58,45111.07,23.1,23.8
3,2023-09-08,17.92,44546.30,45018.92,21.8,23.5
3,2023-09-09,22.90,43522.09,44926.70,21.8,23.3
3,2023-09-10,22.96,43529.13,44834.48,22.6,23.7
3,2023-09-11,22.60,43433.24,44742.30,22.6,23.6
3,2023-09-12,21.11,41675.60,44650.23,23.6,24.7
3,2023-09-13,20.43,40433.56,44558.31,24.4,24.8
3,2023-09-14,20.97,42535.10,44466.61,24.4,25.5
3,2023-09-15,19.22,36000.00,44375.07,24.8,25.3
3,2023-09-16,14.18,28557.62,44283.07,24.4,24.9
3,2023-09-17,12.17,20636.00,44190.57,23.9,24.6
3,2023-09-18,19.42,41964.10,44097.62,24.2,24.9
3,2023-09-19,21.37,41990.63,44004.30,23.4,24.4
3,2023-09-20,20.58,41218.26,43910.64,24.0,24.9
3,2023-09-21,18.16,39946.39,43816.72,24.2,24.8
3,2023-09-22,18.85,40196.37,43722.60,24.7,25.3
3,2023-09-23,19.53,40743.10,43628.33,24.2,25.1
3,2023-09-24,20.49,40242.29,43533.99,24.0,24.6
3,2023-09-25,20.08,41284.01,43439.62,23.4,24.1
3,2023-09-26,20.58,41297.88,43345.27,23.1,23.7
3,2023-09-27,20.69,40025.61,43251.02,23.5,24.4
3,2023-09-28,15.97,30746.37,43156.92,24.8,25.2
3,2023-09-29,13.40,34415.83,43063.03,24.7,25.6
3,2023-09-30,18.01,40583.16,42969.41,24.9,25.8
3,2023-10-01,20.30,40598.02,42876.12,23.8,25.1
3,2023-10-02,18.58,36000.00,42783.22,23.9,25.6
3,2023-10-03,14.48,25488.79,42690.76,25.6,26.7
3,2023-10-04,15.60,34619.32,42598.82,25.4,26.1
3,2023-10-05,15.91,32420.35,42507.33,22.6,25.6
3,2023-10-06,16.84,40418.04,42415.63,21.0,22.7
3,2023-10-07,17.60,39600.00,42323.66,23.9,24.9
3,2023-10-08,18.02,39600.00,42231.48,24.2,25.6
3,2023-10-09,20.01,39689.32,42139.17,22.0,23.9
3,2023-10-10,15.37,38003.35,42046.80,19.2,20.9
3,2023-10-11,18.57,39721.95,41954.42,18.9,20.5
3,2023-10-12,18.80,39738.59,41862.11,17.4,18.9
3,2023-10-13,19.45,40215.06,41769.94,16.4,17.3
3,2023-10-14,19.03,37584.49,41677.98,18.3,19.3
3,2023-10-15,18.71,39868.08,41586.29,15.4,18.6
3,2023-10-16,18.85,39826.27,41494.96,14.9,16.5
3,2023-10-17,20.25,39785.52,41404.04,14.6,16.4
3,2023-10-18,20.02,39483.59,41313.62,15.6,17.0
3,2023-10-19,18.99,39183.14,41223.76,16.6,18.1
3,2023-10-20,11.56,20710.86,41134.56,18.9,21.6
3,2023-10-21,12.76,33731.09,41046.06,13.4,14.7
3,2023-10-22,17.23,36054.38,40958.36,13.4,17.4
3,2023-10-23,13.98,30087.14,40871.53,17.8,18.6
3,2023-10-24,13.32,32891.17,40785.65,20.1,21.4
3,2023-10-25,17.79,38865.64,40700.67,18.3,20.3
3,2023-10-26,16.84,38816.88,40615.86,15.8,17.1
3,2023-10-27,18.40,36000.00,40531.16,14.1,16.1
3,2023-10-28,15.38,35875.85,40446.65,14.8,15.9
3,2023-10-29,15.69,38674.63,40362.40,14.4,15.8
3,2023-10-30,18.18,38628.75,40278.50,15.8,18.4
3,2023-10-31,16.28,37670.10,40195.04,18.2,18.9
3,2023-11-01,16.27,37967.17,40112.08,18.4,20.0
3,2023-11-02,14.47,37724.33,40029.72,17.9,19.1
3,2023-11-03,15.53,38021.55,39948.05,17.5,18.6
3,2023-11-04,16.78,38048.01,39867.14,18.4,19.3
3,2023-11-05,14.45,36715.27,39787.09,20.3,22.6
3,2023-11-06,14.78,37827.14,39707.98,21.0,22.5
3,2023-11-07,14.18,37448.62,39629.91,15.4,17.4
3,2023-11-08,16.60,34001.72,39552.97,17.1,20.7
3,2023-11-09,11.17,35251.68,39477.25,21.6,22.9
3,2023-11-10,13.49,36822.77,39402.84,21.0,23.0
3,2023-11-11,6.82,12987.85,39329.85,18.6,19.9
3,2023-11-12,11.22,30387.59,39258.38,15.5,19.3
3,2023-11-13,13.20,33766.69,39188.51,11.8,13.4
3,2023-11-14,11.10,34909.39,39120.22,13.2,14.7
3,2023-11-15,15.08,37187.75,39052.80,13.2,14.5
3,2023-11-16,16.12,32400.00,38986.20,15.4,19.1
3,2023-11-17,11.88,29184.78,38920.49,9.5,11.4
3,2023-11-18,8.37,16695.03,38855.75,10.5,11.8
3,2023-11-19,12.81,36130.74,38792.07,11.4,12.7
3,2023-11-20,14.86,36000.00,38729.53,11.8,13.9
3,2023-11-21,9.63,25200.00,38668.20,13.9,17.0
3,2023-11-22,12.96,36441.73,38608.18,16.8,18.1
3,2023-11-23,15.70,36450.94,38549.54,15.1,17.0
3,2023-11-24,12.66,33046.90,38492.38,13.2,16.6
3,2023-11-25,9.54,24658.03,38436.77,14.4,17.3
3,2023-11-26,10.27,28800.00,38382.82,16.5,18.0
3,2023-11-27,13.36,32832.79,38330.60,15.8,18.3
3,2023-11-28,15.95,36676.45,38280.21,12.0,13.7
3,2023-11-29,15.30,36352.85,38231.73,14.6,15.7
3,2023-11-30,9.62,31791.66,38185.26,13.6,16.1
3,2023-12-01,4.16,2348.00,38140.88,12.3,13.4
3,2023-12-02,7.92,12572.27,38098.68,10.6,12.8
3,2023-12-03,8.71,14614.44,38058.76,13.6,16.9
3,2023-12-04,1.35,399.62,38021.13,18.5,20.0
3,2023-12-05,13.78,36107.26,37985.31,16.1,19.1
3,2023-12-06,7.11,16518.10,37951.27,14.9,18.0
3,2023-12-07,14.60,32993.64,37919.04,11.7,12.6
3,2023-12-08,15.11,36549.13,37888.67,13.2,15.0
3,2023-12-09,13.49,30991.83,37860.17,16.3,17.8
3,2023-12-10,12.84,35736.97,37833.61,17.1,19.1
3,2023-12-11,10.57,25200.00,37809.02,19.7,20.9
3,2023-12-12,4.57,0.00,37786.42,16.4,19.8
3,2023-12-13,9.19,28240.31,37765.86,15.1,17.0
3,2023-12-14,11.67,34762.43,37747.38,18.4,19.1
3,2023-12-15,11.30,32842.08,37731.01,19.3,19.9
3,2023-12-16,4.64,1146.12,37716.78,12.9,19.0
3,2023-12-17,5.14,1440.75,37704.73,9.2,10.5
3,2023-12-18,9.58,29188.51,37694.90,13.4,15.6
3,2023-12-19,10.42,30357.55,37687.31,17.4,19.5
3,2023-12-20,2.62,1332.90,37681.99,12.9,16.0
3,2023-12-21,5.59,4007.54,37678.99,6.3,8.6
3,2023-12-22,8.51,19285.34,37678.32,6.1,7.6
3,2023-12-23,5.36,5326.36,37680.02,11.3,14.3
3,2023-12-24,3.37,2519.36,37684.13,12.3,14.6
3,2023-12-25,14.02,35531.72,37690.66,8.0,9.1
3,2023-12-26,12.10,29492.86,37699.60,10.7,12.5
3,2023-12-27,10.16,22440.46,37710.88,13.1,13.9
3,2023-12-28,3.07,0.00,37724.49,16.5,17.6
3,2023-12-29,7.27,12350.59,37740.38,17.9,18.7
3,2023-12-30,7.97,22904.64,37758.51,19.3,20.1
3,2023-12-31,13.67,35470.43,37778.82,11.6,17.0
3,2024-01-01,10.53,34029.33,37801.29,10.3,11.3
3,2024-01-02,13.46,36985.07,37825.85,9.6,12.4
3,2024-01-03,6.77,14968.69,37852.49,11.4,15.5
3,2024-01-04,9.50,28180.92,37881.13,8.9,10.2
3,2024-01-05,10.76,30424.57,37911.75,11.3,13.0
3,2024-01-06,10.05,31306.06,37944.29,12.8,15.5
3,2024-01-07,12.85,36063.42,37978.71,9.7,11.8
3,2024-01-08,12.02,32709.73,38014.97,10.7,13.5
3,2024-01-09,4.14,7755.61,38053.01,15.5,17.5
3,2024-01-10,12.81,31728.33,38092.79,8.5,14.4
3,2024-01-11,9.47,22050.49,38134.26,7.0,8.3
3,2024-01-12,12.74,36851.46,38177.39,8.6,9.2
3,2024-01-13,15.10,37728.01,38222.21,8.8,9.7
3,2024-01-14,14.17,36077.42,38269.24,10.2,11.8
3,2024-01-15,13.45,34253.64,38318.46,9.9,12.8
3,2024-01-16,12.11,32553.61,38369.79,8.4,10.7
3,2024-01-17,13.11,35659.96,38423.12,11.6,13.5
3,2024-01-18,15.39,36519.34,38478.38,14.7,16.1
3,2024-01-19,12.75,36839.61,38535.45,16.9,18.0
3,2024-01-20,12.67,35063.72,38594.25,17.6,18.4
3,2024-01-21,5.93,3072.21,38654.68,13.8,15.9
3,2024-01-22,11.45,21600.00,38716.66,10.1,12.6
3,2024-01-23,3.68,0.00,38780.08,5.7,8.4
3,2024-01-24,7.70,13281.88,38844.88,6.6,8.0
3,2024-01-25,10.83,32400.00,38910.95,7.6,9.3
3,2024-01-26,9.29,18187.37,38978.20,7.7,8.4
3,2024-01-27,9.30,18044.40,39046.56,9.8,11.6
3,2024-01-28,10.86,25311.57,39115.93,7.4,9.7
3,2024-01-29,11.82,36166.73,39186.24,8.9,11.8
3,2024-01-30,9.72,19993.92,39257.39,14.1,16.7
3,2024-01-31,13.56,33927.44,39329.31,17.4,18.0
3,2024-02-01,14.67,38008.92,39401.92,17.0,18.1
3,2024-02-02,14.57,36000.00,39475.28,18.4,19.3
3,2024-02-03,15.04,35640.33,39550.12,18.6,19.5
3,2024-02-04,12.68,31983.59,39626.47,19.6,20.5
3,2024-02-05,6.15,5445.04,39704.25,12.9,18.2
3,2024-02-06,13.96,29858.69,39783.34,11.8,13.9
3,2024-02-07,6.52,7729.65,39863.65,14.0,14.9
3,2024-02-08,4.09,0.00,39945.10,11.8,14.7
3,2024-02-09,4.07,1802.70,40027.57,10.0,12.6
3,2024-02-10,14.84,35271.17,40110.98,6.8,8.5
3,2024-02-11,18.89,38841.97,40195.25,5.5,7.5
3,2024-02-12,18.44,37735.76,40280.28,8.3,9.5
3,2024-02-13,12.72,32517.01,40365.98,11.4,14.0
3,2024-02-14,16.21,37142.88,40452.27,15.9,17.3
3,2024-02-15,15.89,36000.00,40539.06,17.3,18.5
3,2024-02-16,12.52,23219.71,40626.27,13.8,16.1
3,2024-02-17,14.90,39219.60,40713.82,13.9,15.3
3,2024-02-18,13.25,35540.25,40801.62,17.1,19.4
3,2024-02-19,16.38,36735.19,40889.59,19.5,20.5
3,2024-02-20,15.55,39367.25,40977.66,19.5,20.4
3,2024-02-21,17.46,39417.49,41065.75,18.5,19.5
3,2024-02-22,16.83,36000.00,41153.90,18.5,19.5
3,2024-02-23,11.92,15496.88,41242.89,15.6,17.6
3,2024-02-24,11.89,18190.20,41332.76,15.1,16.5
3,2024-02-25,7.57,566.06,41423.43,11.1,12.9
3,2024-02-26,7.12,4609.19,41514.83,12.6,13.7
3,2024-02-27,7.71,10718.52,41606.87,12.4,13.4
3,2024-02-28,14.72,31463.60,41699.50,16.3,18.0
3,2024-02-29,16.19,36000.00,41792.62,17.6,19.2
3,2024-03-01,4.74,691.34,41886.17,12.8,16.2
3,2024-03-02,7.62,2865.43,41980.08,9.4,10.8
3,2024-03-03,9.31,15506.43,42074.27,11.4,14.5
3,2024-03-04,12.61,27149.26,42168.67,17.8,19.3
3,2024-03-05,12.79,24782.84,42263.22,20.4,21.3
3,2024-03-06,8.76,6134.67,42357.83,15.1,19.3
3,2024-03-07,10.85,19397.65,42452.45,11.7,13.8
3,2024-03-08,16.66,33083.54,42547.00,6.2,9.3
3,2024-03-09,14.14,34493.06,42641.42,8.5,9.8
3,2024-03-10,17.60,37990.33,42735.64,8.7,10.5
3,2024-03-11,11.74,14946.08,42829.58,14.0,17.6
3,2024-03-12,23.00,40451.51,42923.18,7.7,11.6
3,2024-03-13,21.83,36000.00,43016.50,8.5,10.5
3,2024-03-14,16.51,38957.02,43110.23,10.6,13.1
3,2024-03-15,13.59,20647.49,43204.42,13.0,14.4
3,2024-03-16,13.05,20262.75,43299.02,14.4,15.9
3,2024-03-17,12.59,24947.07,43393.96,16.7,18.9
3,2024-03-18,19.36,36000.00,43489.18,14.3,16.3
3,2024-03-19,8.95,11291.71,43584.62,12.2,17.2
3,2024-03-20,23.50,40581.52,43680.21,5.5,7.3
3,2024-03-21,24.06,40823.47,43775.90,8.6,11.5
3,2024-03-22,21.06,34583.35,43871.63,11.7,15.3
3,2024-03-23,18.52,36000.00,43967.33,16.7,18.8
3,2024-03-24,20.19,40266.30,44062.94,18.9,19.8
3,2024-03-25,19.77,39600.00,44158.40,20.1,20.9
3,2024-03-26,11.11,16321.21,44253.64,14.0,21.2
3,2024-03-27,20.29,40777.87,44348.61,12.1,14.6
3,2024-03-28,14.15,23159.90,44443.24,17.5,21.0
3,2024-03-29,17.08,28889.17,44537.46,17.3,18.9
3,2024-03-30,12.92,15627.53,44631.22,18.8,20.9
3,2024-03-31,10.74,18289.65,44724.44,20.6,21.9
3,2024-04-01,23.84,40901.20,44817.06,18.0,20.0
3,2024-04-02,14.38,26908.30,44909.14,21.7,22.4
3,2024-04-03,21.54,38619.59,45001.31,21.7,22.2
3,2024-04-04,19.78,32850.85,45093.64,21.8,22.7
3,2024-04-05,6.43,227.91,45186.06,20.5,22.0
3,2024-04-06,9.51,14335.78,45278.53,20.7,22.3
3,2024-04-07,6.81,0.00,45370.97,21.3,22.5
3,2024-04-08,6.36,2830.38,45463.31,20.8,22.2
3,2024-04-09,18.81,33321.19,45555.52,15.0,18.7
3,2024-04-10,20.65,42497.13,45647.51,14.1,16.8
3,2024-04-11,22.23,43755.24,45739.23,16.2,16.9
3,2024-04-12,21.35,32989.06,45830.60,18.2,20.1
3,2024-04-13,18.60,33577.15,45921.57,20.7,21.8
3,2024-04-14,10.01,7452.96,46012.07,22.2,22.5
3,2024-04-15,18.53,31133.80,46102.04,21.4,22.2
3,2024-04-16,19.10,33400.07,46191.39,21.5,22.2
3,2024-04-17,22.54,38806.78,46280.06,21.3,22.5
3,2024-04-18,22.92,45930.39,46367.99,16.9,19.7
3,2024-04-19,24.98,43571.03,46455.09,16.3,17.6
3,2024-04-20,20.50,39295.68,46541.30,20.3,23.1
3,2024-04-21,22.56,37222.15,46626.54,23.0,23.6
3,2024-04-22,15.16,22755.86,46710.85,22.2,23.8
3,2024-04-23,17.04,28072.01,46794.86,21.7,22.7
3,2024-04-24,11.44,15955.92,46878.60,19.1,22.3
3,2024-04-25,16.08,22972.35,46962.03,20.4,22.6
3,2024-04-26,18.14,35612.25,47045.06,22.3,23.5
3,2024-04-27,20.64,35597.08,47127.65,22.4,23.1
3,2024-04-28,19.91,31862.68,47209.72,23.1,24.2
3,2024-04-29,16.52,21305.77,47291.20,23.2,24.1
3,2024-04-30,21.51,41470.93,47372.02,23.5,24.1
3,2024-05-01,16.53,31034.43,47452.11,19.5,22.4
3,2024-05-02,8.21,12072.27,47531.41,19.7,20.9
3,2024-05-03,21.91,46545.62,47609.83,20.2,21.0
3,2024-05-04,23.76,46537.56,47687.30,20.6,21.4
3,2024-05-05,23.24,44875.21,47763.75,21.8,23.2
3,2024-05-06,19.94,38749.54,47839.10,22.9,23.9
3,2024-05-07,25.50,41135.85,47913.27,18.7,21.6
3,2024-05-08,24.63,41071.13,47986.19,15.1,18.4
3,2024-05-09,26.20,46800.00,48057.76,14.4,16.0
3,2024-05-10,21.42,31444.28,48127.91,16.4,19.3
3,2024-05-11,18.16,29735.74,48196.56,20.7,22.2
3,2024-05-12,19.52,26969.53,48263.73,22.3,23.1
3,2024-05-13,7.23,166.73,48329.96,19.4,22.2
3,2024-05-14,15.62,20606.84,48395.28,18.4,19.5
3,2024-05-15,27.40,46800.00,48459.64,18.1,20.3
3,2024-05-16,28.41,46800.00,48522.97,14.3,16.2
3,2024-05-17,20.19,32533.42,48585.22,17.3,20.7
3,2024-05-18,19.10,39605.55,48646.31,20.1,20.8
3,2024-05-19,24.78,46800.00,48706.19,20.0,21.0
3,2024-05-20,23.03,28800.00,48764.80,20.1,21.5
3,2024-05-21,5.55,3600.00,48822.07,22.8,24.1
3,2024-05-22,9.78,5289.95,48877.92,24.4,24.9
3,2024-05-23,13.98,16541.19,48932.30,24.0,24.7
3,2024-05-24,12.14,8196.38,48985.13,23.6,24.6
3,2024-05-25,15.69,19619.29,49036.35,23.9,24.8
3,2024-05-26,9.85,13675.12,49085.90,24.6,25.4
3,2024-05-27,13.51,18726.88,49133.69,24.4,26.0
3,2024-05-28,11.73,13640.93,49179.67,21.8,25.5
3,2024-05-29,26.64,43200.00,49223.76,20.5,22.5
3,2024-05-30,22.13,46800.00,49265.90,23.4,24.2
3,2024-05-31,19.72,34933.21,49306.01,24.6,25.8
3,2024-06-01,11.67,12250.33,49344.08,22.0,23.9
3,2024-06-02,7.38,2330.69,49380.45,19.4,22.3
3,2024-06-03,16.59,32400.00,49415.15,17.8,19.7
3,2024-06-04,28.40,43172.87,49448.14,17.9,19.1
3,2024-06-05,23.84,39600.00,49479.40,17.1,19.9
3,2024-06-06,12.85,22235.58,49508.89,20.1,20.9
3,2024-06-07,17.21,35490.44,49536.60,21.3,22.6
3,2024-06-08,14.89,21415.09,49562.48,23.6,24.7
3,2024-06-09,21.58,36000.00,49586.51,23.3,24.8
3,2024-06-10,13.50,13004.47,49608.65,23.8,24.6
3,2024-06-11,4.24,332.03,49628.90,24.2,25.0
3,2024-06-12,6.38,729.93,49647.21,24.2,25.3
3,2024-06-13,13.82,16928.93,49663.56,24.4,25.3
3,2024-06-14,8.30,7781.66,49677.92,25.0,25.9
3,2024-06-15,7.32,3600.00,49690.28,25.1,26.4
3,2024-06-16,17.33,20854.78,49700.60,24.9,25.5
3,2024-06-17,11.72,13498.78,49708.86,24.9,25.7
3,2024-06-18,3.99,0.00,49715.03,24.0,24.9
3,2024-06-19,13.98,21190.88,49719.09,25.2,25.5
3,2024-06-20,23.88,46314.40,49721.03,25.1,25.6
3,2024-06-21,25.69,46800.00,49720.82,25.5,26.0
3,2024-06-22,26.03,46800.00,49718.44,25.8,26.3
3,2024-06-23,26.12,46800.00,49713.90,25.6,26.0
3,2024-06-24,27.36,46800.00,49707.24,25.3,26.0
3,2024-06-25,26.54,46800.00,49698.48,25.3,25.7
3,2024-06-26,27.30,46781.62,49687.65,24.6,25.2
3,2024-06-27,26.63,46800.00,49674.78,24.4,25.4
3,2024-06-28,24.12,46800.00,49659.91,25.1,25.8
3,2024-06-29,25.74,46800.00,49643.05,24.9,25.7
3,2024-06-30,24.97,46800.00,49624.24,25.2,25.6
3,2024-07-01,26.58,46800.00,49603.51,25.1,25.9
3,2024-07-02,25.92,46800.00,49580.89,25.3,25.9
3,2024-07-03,25.61,46800.00,49556.42,25.5,26.5
3,2024-07-04,25.91,46800.00,49530.13,25.0,25.9
3,2024-07-05,26.47,46800.00,49502.05,24.8,25.8
3,2024-07-06,27.68,46800.00,49472.21,24.8,25.7
3,2024-07-07,24.13,46800.00,49440.65,25.0,25.9
3,2024-07-08,26.55,46800.00,49407.41,24.2,24.8
3,2024-07-09,24.42,46800.00,49372.51,25.4,26.3
3,2024-07-10,24.00,46178.03,49335.99,25.5,26.3
3,2024-07-11,24.99,46356.80,49297.82,25.1,25.9
3,2024-07-12,24.71,46729.43,49257.64,25.2,25.8
3,2024-07-13,24.53,46800.00,49215.46,24.9,26.2
3,2024-07-14,26.65,46800.00,49171.35,24.5,25.4
3,2024-07-15,27.48,46800.00,49125.37,23.7,25.0
3,2024-07-16,23.70,37802.51,49077.60,24.3,25.4
3,2024-07-17,22.86,46800.00,49028.11,25.4,26.5
3,2024-07-18,24.71,46800.00,48976.97,25.4,26.4
3,2024-07-19,25.50,46800.00,48924.25,25.2,25.9
3,2024-07-20,27.13,46800.00,48870.02,24.7,25.7
3,2024-07-21,26.12,46800.00,48814.35,24.4,25.0
3,2024-07-22,24.47,45364.81,48757.30,24.7,25.0
3,2024-07-23,20.71,38477.12,48698.94,24.7,25.4
3,2024-07-24,10.89,11727.64,48639.35,25.0,25.7
3,2024-07-25,9.31,8714.93,48578.58,25.2,25.9
3,2024-07-26,9.69,10743.06,48516.71,25.1,25.9
3,2024-07-27,25.93,46800.00,48453.79,25.0,25.4
3,2024-07-28,25.07,46800.00,48389.89,24.7,25.2
3,2024-07-29,26.10,46800.00,48325.07,25.2,26.1
3,2024-07-30,25.95,46800.00,48259.40,25.2,26.3
3,2024-07-31,25.33,46800.00,48192.82,25.6,26.1
3,2024-08-01,25.37,46800.00,48124.81,25.5,25.9
3,2024-08-02,25.14,46800.00,48055.33,25.2,25.9
3,2024-08-03,27.18,46800.00,47984.48,25.1,25.7
3,2024-08-04,25.30,45847.12,47912.32,24.9,25.3
3,2024-08-05,16.24,19268.82,47838.95,25.6,26.1
3,2024-08-06,22.66,44684.59,47764.43,25.7,26.5
3,2024-08-07,23.26,42625.61,47688.85,25.9,26.4
3,2024-08-08,24.35,46732.56,47612.27,25.6,26.7
3,2024-08-09,25.08,46703.12,47534.77,25.2,26.3
3,2024-08-10,25.16,46673.78,47456.43,24.7,25.9
3,2024-08-11,22.65,46644.58,47377.32,25.1,25.9
3,2024-08-12,23.92,46615.51,47297.51,25.0,26.3
3,2024-08-13,25.14,40395.74,47217.06,24.3,24.9
3,2024-08-14,18.55,28360.91,47136.05,25.3,25.8
3,2024-08-15,17.43,33359.79,47054.53,25.5,26.2
3,2024-08-16,18.11,38103.14,46972.60,24.5,26.3
3,2024-08-17,19.03,35211.21,46890.29,25.2,25.9
3,2024-08-18,23.21,43525.20,46807.67,25.1,26.0
3,2024-08-19,20.57,45215.87,46724.82,24.2,24.7
3,2024-08-20,21.72,44803.33,46641.67,25.5,26.6
3,2024-08-21,21.12,41376.33,46557.64,25.7,26.2
3,2024-08-22,24.87,46006.90,46472.69,25.7,26.1
3,2024-08-23,18.67,32206.57,46386.87,25.0,25.6
3,2024-08-24,17.22,33134.78,46300.26,24.8,25.5
3,2024-08-25,22.69,45749.71,46212.94,24.9,25.6
3,2024-08-26,21.95,43985.18,46124.97,24.6,25.6
3,2024-08-27,17.07,34932.81,46036.42,24.7,25.7
3,2024-08-28,17.51,40679.95,45947.33,25.4,26.6
3,2024-08-29,20.00,43717.31,45857.80,25.6,26.2
3,2024-08-30,23.74,44552.38,45767.88,25.5,26.0
3,2024-08-31,23.73,45218.65,45677.62,24.0,26.0
3,2024-09-01,25.21,45128.72,45587.10,20.5,23.3
3,2024-09-02,23.66,45038.55,45496.37,22.2,24.5
3,2024-09-03,21.30,43908.99,45405.49,24.8,25.2
3,2024-09-04,21.23,43495.86,45314.52,24.7,25.3
3,2024-09-05,21.19,43988.48,45223.52,24.3,25.1
3,2024-09-06,21.69,43248.69,45132.55,24.1,25.0
3,2024-09-07,20.89,43037.92,45041.66,24.6,25.4
3,2024-09-08,19.60,35361.11,44950.91,24.4,25.5
3,2024-09-09,9.22,7540.46,44860.26,25.1,25.6
3,2024-09-10,16.88,23014.89,44769.07,25.4,25.7
3,2024-09-11,7.55,10146.12,44677.32,25.0,26.5
3,2024-09-12,22.65,40432.47,44585.06,23.5,24.3
3,2024-09-13,9.98,14134.56,44492.35,24.7,25.4
3,2024-09-14,17.25,29464.08,44399.25,25.5,26.1
3,2024-09-15,15.57,29966.21,44305.82,25.3,26.0
3,2024-09-16,20.68,41887.39,44212.12,24.8,25.9
3,2024-09-17,19.56,40162.03,44118.22,24.2,24.9
3,2024-09-18,14.15,25333.23,44024.15,25.1,26.1
3,2024-09-19,12.51,23904.17,43930.00,25.1,26.1
3,2024-09-20,18.45,40970.15,43835.81,25.1,25.4
3,2024-09-21,19.64,39955.23,43741.65,24.9,25.3
3,2024-09-22,18.31,35410.16,43647.56,24.8,25.6
3,2024-09-23,14.35,22737.59,43553.61,24.9,25.6
3,2024-09-24,12.35,26491.34,43459.85,24.5,25.0
3,2024-09-25,18.41,39751.04,43366.35,24.2,25.1
3,2024-09-26,18.17,37054.83,43273.16,23.6,24.4
3,2024-09-27,19.16,30126.29,43180.33,24.2,24.8
3,2024-09-28,9.23,10800.00,43087.93,24.3,25.0
3,2024-09-29,12.46,22537.34,42995.90,23.8,24.9
3,2024-09-30,17.94,40079.58,42903.58,24.1,24.7
3,2024-10-01,19.50,36000.00,42810.94,24.6,25.1
3,2024-10-02,10.19,18011.40,42718.02,23.6,25.7
3,2024-10-03,15.75,27627.09,42624.90,24.4,25.9
3,2024-10-04,7.44,6884.38,42531.64,24.2,25.6
3,2024-10-05,14.09,32902.27,42438.31,23.5,24.6
3,2024-10-06,20.27,40430.42,42344.96,22.9,24.1
3,2024-10-07,19.43,39928.43,42251.66,22.9,23.9
3,2024-10-08,15.07,40098.48,42158.48,20.2,23.9
3,2024-10-09,18.92,39600.00,42065.50,18.2,19.6
3,2024-10-10,20.19,39977.27,41972.76,18.1,20.3
3,2024-10-11,18.90,40254.26,41880.35,19.4,21.4
3,2024-10-12,19.32,39958.66,41788.31,19.9,21.4
3,2024-10-13,18.76,39915.06,41696.74,20.0,21.2
3,2024-10-14,18.89,36126.20,41605.69,21.5,23.8
3,2024-10-15,15.87,35452.16,41515.24,23.5,24.5
3,2024-10-16,15.93,37825.36,41425.45,23.7,24.5
3,2024-10-17,17.25,39121.49,41336.41,23.9,24.6
3,2024-10-18,18.30,39197.80,41248.18,23.2,24.3
3,2024-10-19,17.14,39155.88,41160.70,23.4,23.9
3,2024-10-20,17.33,39120.95,41073.26,23.1,23.8
3,2024-10-21,18.06,39086.74,40985.80,23.1,23.7
3,2024-10-22,17.92,39053.32,40898.40,23.3,24.0
3,2024-10-23,16.52,32400.00,40811.15,23.1,24.2
3,2024-10-24,2.48,0.00,40724.09,24.3,24.8
3,2024-10-25,3.54,3600.00,40637.33,23.2,24.5
3,2024-10-26,16.46,37282.87,40550.94,22.8,23.6
3,2024-10-27,17.10,38731.92,40465.00,22.5,23.5
3,2024-10-28,17.43,38145.17,40379.60,22.8,23.6
3,2024-10-29,6.65,13657.95,40294.81,24.1,24.8
3,2024-10-30,10.70,26793.62,40210.71,24.5,25.9
3,2024-10-31,12.36,33910.53,40127.40,24.5,25.3
3,2024-11-01,15.46,34489.17,40044.97,24.8,25.4
3,2024-11-02,14.00,31810.52,39963.49,21.3,23.7
3,2024-11-03,14.64,38044.17,39883.06,20.4,22.0
3,2024-11-04,15.38,37526.70,39803.77,20.7,22.2
3,2024-11-05,14.81,37006.49,39725.72,17.7,20.7
3,2024-11-06,12.46,32464.89,39648.99,13.5,15.3
3,2024-11-07,7.85,8667.76,39573.69,18.6,21.9
3,2024-11-08,6.57,9190.28,39499.77,22.7,23.5
3,2024-11-09,8.36,25301.17,39426.50,23.1,24.3
3,2024-11-10,11.42,24766.44,39353.83,23.3,23.9
3,2024-11-11,14.58,36578.74,39281.83,22.7,23.7
3,2024-11-12,9.18,16640.74,39210.59,21.4,23.1
3,2024-11-13,4.63,6595.24,39140.20,21.7,22.5
3,2024-11-14,9.68,20835.68,39070.72,23.0,23.6
3,2024-11-15,10.53,26283.06,39002.27,23.1,24.2
3,2024-11-16,11.31,25200.00,38934.91,22.9,24.2
3,2024-11-17,8.41,24268.04,38868.74,21.2,23.9
3,2024-11-18,11.23,26552.03,38803.85,14.8,17.0
3,2024-11-19,5.97,6295.92,38740.34,17.0,18.3
3,2024-11-20,7.90,18358.32,38678.28,17.5,19.0
3,2024-11-21,7.71,11874.67,38617.78,17.9,19.1
3,2024-11-22,9.47,26567.08,38558.92,14.5,18.1
3,2024-11-23,11.96,36177.52,38501.81,13.0,15.0
3,2024-11-24,13.55,36185.13,38446.54,13.1,16.1
3,2024-11-25,12.95,36000.00,38393.20,16.5,18.0
3,2024-11-26,6.62,22823.90,38341.90,15.3,19.9
3,2024-11-27,13.79,32344.08,38292.72,9.4,11.0
3,2024-11-28,10.00,27528.93,38245.68,8.4,10.1
3,2024-11-29,11.81,32668.05,38200.20,8.0,9.4
3,2024-11-30,10.44,33275.34,38156.26,10.1,12.3
3,2024-12-01,14.94,36533.01,38113.89,11.4,13.5
3,2024-12-02,15.29,36490.14,38073.15,13.4,15.2
3,2024-12-03,13.36,35661.03,38034.10,13.9,15.4
3,2024-12-04,14.47,34180.43,37996.79,12.8,14.4
3,2024-12-05,9.23,22531.88,37961.27,12.4,14.0
3,2024-12-06,7.59,16174.65,37927.61,15.9,17.4
3,2024-12-07,4.24,6100.47,37895.85,16.4,17.7
3,2024-12-08,6.65,5934.52,37866.05,9.8,12.9
3,2024-12-09,11.83,35404.35,37838.26,10.4,12.2
3,2024-12-10,11.15,32125.53,37812.54,12.1,13.3
3,2024-12-11,6.72,14682.81,37788.94,16.0,17.3
3,2024-12-12,11.03,30150.01,37767.51,14.3,16.1
3,2024-12-13,11.66,32046.72,37748.31,13.9,16.2
3,2024-12-14,6.97,11626.36,37731.39,9.5,11.3
3,2024-12-15,12.73,32835.52,37716.80,7.9,9.5
3,2024-12-16,8.56,17937.49,37704.58,8.7,10.6
3,2024-12-17,13.65,34076.42,37694.80,10.0,11.5
3,2024-12-18,5.52,7316.08,37687.47,8.9,11.6
3,2024-12-19,6.69,11164.43,37682.48,7.4,11.3
3,2024-12-20,11.55,33033.38,37679.81,11.0,12.9
3,2024-12-21,11.06,25200.00,37679.42,10.7,13.7
3,2024-12-22,6.88,13427.09,37681.31,8.0,9.4
3,2024-12-23,6.89,13894.01,37685.44,8.8,9.8
3,2024-12-24,8.13,16446.45,37691.80,10.2,11.5
3,2024-12-25,14.74,35524.97,37700.37,12.0,14.4
3,2024-12-26,3.35,3542.03,37711.13,13.0,16.6
3,2024-12-27,9.95,20513.58,37724.05,9.9,11.8
3,2024-12-28,8.69,21725.25,37739.10,6.2,8.7
3,2024-12-29,10.02,26642.50,37756.27,6.5,9.8
3,2024-12-30,13.02,34280.93,37775.52,13.0,16.7
3,2024-12-31,11.39,29157.50,37796.83,9.0,13.8
3,2025-01-01,10.51,30445.53,37820.17,10.5,13.6
3,2025-01-02,3.43,0.00,37845.53,13.2,15.3
3,2025-01-03,3.88,3235.58,37872.86,9.2,11.1
3,2025-01-04,14.49,36251.40,37902.14,8.0,10.7
3,2025-01-05,8.19,19905.60,37933.33,14.4,16.7
3,2025-01-06,12.46,31581.31,37966.42,8.3,13.6
3,2025-01-07,10.92,28809.05,38001.45,5.6,7.0
3,2025-01-08,12.18,35266.15,38038.81,6.1,7.3
3,2025-01-09,7.08,11552.67,38078.50,5.9,8.4
3,2025-01-10,6.25,6476.61,38120.43,5.7,7.5
3,2025-01-11,11.64,33214.70,38164.51,7.7,8.9
3,2025-01-12,14.18,31846.18,38210.65,4.7,7.1
3,2025-01-13,13.53,36631.15,38258.78,5.8,7.6
3,2025-01-14,13.53,34260.68,38308.81,8.4,9.8
3,2025-01-15,3.77,275.64,38360.64,10.0,13.7
3,2025-01-16,10.31,30141.29,38414.20,7.1,8.7
3,2025-01-17,13.99,37923.27,38469.39,8.3,9.5
3,2025-01-18,13.19,35565.18,38526.15,7.8,10.9
3,2025-01-19,3.02,1091.09,38584.38,14.3,16.1
3,2025-01-20,14.27,36909.99,38644.01,11.0,13.6
3,2025-01-21,16.15,38223.06,38704.95,9.7,10.2
3,2025-01-22,14.24,36423.76,38767.12,10.0,10.8
3,2025-01-23,5.95,11286.15,38830.44,14.3,16.0
3,2025-01-24,9.54,26864.10,38894.85,16.8,17.3
3,2025-01-25,7.95,22247.10,38960.24,14.4,16.5
3,2025-01-26,12.30,28812.34,39026.57,14.0,15.4
3,2025-01-27,4.40,621.02,39093.87,7.2,11.9
3,2025-01-28,10.23,21041.89,39162.85,3.6,4.5
3,2025-01-29,9.02,16821.49,39233.54,4.1,5.8
3,2025-01-30,16.76,38035.58,39305.83,6.3,8.2
3,2025-01-31,6.48,10285.51,39379.61,12.2,15.0
3,2025-02-01,6.56,6682.09,39454.81,16.3,18.1
3,2025-02-02,10.51,22228.78,39531.31,12.8,14.7
3,2025-02-03,5.31,3119.78,39609.02,8.6,12.1
3,2025-02-04,10.64,24113.05,39687.84,2.5,4.0
3,2025-02-05,10.68,26054.08,39767.68,3.3,5.2
3,2025-02-06,9.24,17713.65,39848.44,7.5,9.7
3,2025-02-07,4.08,0.00,39930.04,6.3,9.2
3,2025-02-08,7.71,1059.86,40012.39,3.8,5.7
3,2025-02-09,10.57,23447.67,40095.40,5.7,8.1
3,2025-02-10,14.30,30240.78,40178.98,7.0,8.6
3,2025-02-11,13.25,33054.52,40263.04,10.8,12.7
3,2025-02-12,6.11,618.17,40347.51,15.1,17.9
3,2025-02-13,3.83,3065.72,40432.30,10.1,13.3
3,2025-02-14,17.56,36000.00,40517.32,10.0,11.6
3,2025-02-15,12.89,24294.57,40602.51,15.8,18.8
3,2025-02-16,16.45,39202.44,40687.90,14.1,19.8
3,2025-02-17,19.16,36000.00,40774.28,7.6,8.7
3,2025-02-18,9.99,15576.33,40861.69,5.6,8.1
3,2025-02-19,16.17,34036.51,40950.04,6.1,7.5
3,2025-02-20,6.72,5349.65,41039.25,10.0,12.9
3,2025-02-21,4.58,656.52,41129.24,10.4,12.6
3,2025-02-22,16.05,31195.54,41219.93,7.8,9.6
3,2025-02-23,3.84,0.00,41311.24,8.5,10.8
3,2025-02-24,10.27,10106.65,41403.09,3.5,5.1
3,2025-02-25,14.74,31655.60,41495.41,5.8,8.8
3,2025-02-26,11.52,18313.77,41588.11,10.8,13.0
3,2025-02-27,11.37,19682.74,41681.12,13.5,15.4
3,2025-02-28,15.73,39600.00,41774.37,17.2,18.5
3,2025-03-01,18.58,39614.90,41867.78,17.7,19.5
3,2025-03-02,16.31,38329.29,41961.28,19.3,19.9
3,2025-03-03,17.63,36000.00,42054.81,20.3,21.1
3,2025-03-04,13.85,25156.37,42148.28,18.8,20.3
3,2025-03-05,6.52,5184.11,42241.62,16.0,18.6
3,2025-03-06,3.33,0.00,42334.76,12.1,15.2
3,2025-03-07,10.94,12827.22,42427.64,7.9,10.8
3,2025-03-08,8.43,9700.53,42520.31,13.4,15.3
3,2025-03-09,16.50,39600.00,42613.48,15.2,16.2
3,2025-03-10,17.35,37189.42,42707.20,16.9,17.8
3,2025-03-11,18.61,39600.00,42801.41,17.3,18.7
3,2025-03-12,17.70,36082.59,42896.06,18.9,19.9
3,2025-03-13,8.82,9905.52,42991.06,19.9,20.5
3,2025-03-14,7.11,3434.29,43086.37,19.7,21.1
3,2025-03-15,5.91,727.94,43181.91,18.0,21.3
3,2025-03-16,8.24,5898.14,43277.62,8.3,15.2
3,2025-03-17,12.26,19820.87,43373.45,4.3,5.7
3,2025-03-18,12.67,22146.66,43469.32,4.1,5.6
3,2025-03-19,13.26,27528.83,43565.17,5.7,6.7
3,2025-03-20,14.30,28262.76,43660.95,6.1,8.6
3,2025-03-21,21.16,40828.00,43756.58,6.9,9.1
3,2025-03-22,24.26,41022.93,43852.00,8.4,11.5
3,2025-03-23,23.53,40541.76,43947.16,11.4,14.2
3,2025-03-24,19.03,40270.42,44041.98,16.4,18.1
3,2025-03-25,21.15,40512.84,44136.41,18.3,20.1
3,2025-03-26,17.56,36000.00,44230.37,21.4,21.9
3,2025-03-27,13.40,22061.73,44323.80,21.6,22.3
3,2025-03-28,10.02,12193.36,44416.76,14.8,20.6
3,2025-03-29,8.38,8003.63,44509.90,11.7,12.7
3,2025-03-30,6.83,1563.49,44603.26,11.6,13.6
3,2025-03-31,5.85,0.00,44696.82,14.3,17.0
3,2025-04-01,7.61,2943.03,44790.49,16.5,18.0
3,2025-04-02,13.21,29922.75,44884.22,12.5,17.1
3,2025-04-03,21.65,39645.20,44977.95,9.0,11.1
3,2025-04-04,24.67,37924.15,45071.61,10.3,12.2
3,2025-04-05,8.35,3600.00,45165.15,14.4,16.7
3,2025-04-06,8.21,9801.57,45258.51,15.0,17.5
3,2025-04-07,25.61,43143.98,45351.62,11.1,14.4
3,2025-04-08,22.60,40787.32,45444.41,13.9,14.9
3,2025-04-09,22.51,36000.00,45536.83,14.7,16.8
3,2025-04-10,4.72,4509.70,45628.81,15.6,18.0
3,2025-04-11,25.29,42984.04,45720.29,17.5,18.8
3,2025-04-12,16.80,28171.93,45811.19,18.2,21.6
3,2025-04-13,9.00,7591.19,45901.44,9.6,12.9
3,2025-04-14,26.16,45557.17,45990.99,12.2,15.8
3,2025-04-15,26.06,44053.12,46079.75,9.7,12.0
3,2025-04-16,25.51,37518.72,46167.66,13.1,16.5
3,2025-04-17,15.22,23805.56,46254.76,17.4,18.8
3,2025-04-18,13.92,20910.69,46341.69,18.0,19.0
3,2025-04-19,23.36,36585.38,46428.49,19.9,22.9
3,2025-04-20,16.66,24257.98,46515.09,21.8,23.5
3,2025-04-21,20.27,43020.38,46601.44,20.4,20.7
3,2025-04-22,22.74,41337.33,46687.47,22.1,23.4
3,2025-04-23,13.77,21232.34,46773.12,19.0,23.1
3,2025-04-24,24.93,39174.65,46858.31,15.1,16.0
3,2025-04-25,11.23,5787.60,46942.99,16.9,18.9
3,2025-04-26,9.31,8169.04,47027.08,16.0,18.8
3,2025-04-27,22.19,38602.77,47110.50,18.7,20.8
3,2025-04-28,8.43,8624.96,47193.19,18.3,21.3
3,2025-04-29,27.18,46533.36,47275.08,13.6,15.0
3,2025-04-30,26.34,41110.27,47356.09,15.8,19.3
3,2025-05-01,14.04,25184.82,47436.14,19.2,21.1
3,2025-05-02,28.13,43029.58,47515.16,13.6,16.3
3,2025-05-03,25.91,36407.90,47593.07,18.9,21.2
3,2025-05-04,11.32,8770.14,47669.80,21.3,22.1
3,2025-05-05,11.14,9922.60,47745.24,21.8,22.5
3,2025-05-06,19.28,36327.20,47819.34,19.3,22.1
3,2025-05-07,8.82,7384.82,47892.11,16.1,17.9
3,2025-05-08,16.05,27263.65,47964.13,20.0,23.4
3,2025-05-09,20.01,35802.01,48035.43,23.8,24.4
3,2025-05-10,4.55,798.66,48105.96,18.9,23.0
3,2025-05-11,7.20,0.00,48175.65,17.5,20.2
3,2025-05-12,10.47,6790.20,48244.44,15.7,18.1
3,2025-05-13,14.86,25873.43,48312.27,18.9,19.6
3,2025-05-14,24.74,44862.76,48379.05,20.7,22.1
3,2025-05-15,23.75,46650.89,48444.73,22.4,23.1
3,2025-05-16,24.18,46800.00,48509.23,23.3,24.0
3,2025-05-17,25.50,44084.05,48572.49,23.8,24.7
3,2025-05-18,21.45,34731.86,48634.43,23.9,24.6
3,2025-05-19,18.45,35983.19,48694.99,23.9,24.7
3,2025-05-20,23.71,41831.53,48754.08,24.3,25.1
3,2025-05-21,22.97,36000.00,48811.64,24.2,24.7
3,2025-05-22,15.38,32400.00,48867.58,23.6,24.2
3,2025-05-23,22.36,33601.49,48921.85,23.9,24.6
3,2025-05-24,7.22,948.11,48974.35,22.3,24.8
3,2025-05-25,7.95,0.00,49025.03,18.7,20.7
3,2025-05-26,8.76,585.14,49073.78,18.3,20.3
3,2025-05-27,25.98,43675.56,49120.63,18.3,19.0
3,2025-05-28,16.46,24602.01,49165.97,20.3,21.5
3,2025-05-29,7.39,3600.00,49209.82,20.1,22.9
3,2025-05-30,27.68,46800.00,49252.15,16.8,18.8
3,2025-05-31,27.95,42422.21,49292.92,16.7,17.9
3,2025-06-01,11.12,10800.00,49332.09,19.4,24.4
3,2025-06-02,20.76,33294.22,49369.60,24.8,25.3
3,2025-06-03,14.68,20327.80,49405.44,22.3,25.3
3,2025-06-04,12.67,18381.77,49439.55,18.4,21.8
3,2025-06-05,26.70,39600.00,49471.88,18.9,21.5
3,2025-06-06,15.81,22359.42,49502.40,23.4,25.5
3,2025-06-07,21.58,40276.19,49531.08,25.1,25.8
3,2025-06-08,24.64,46800.00,49557.86,25.3,25.8
3,2025-06-09,24.87,46800.00,49582.71,24.9,25.7
3,2025-06-10,26.02,46800.00,49605.58,25.3,25.6
3,2025-06-11,26.97,46800.00,49626.45,25.1,26.0
3,2025-06-12,25.84,45833.33,49645.26,25.5,25.9
3,2025-06-13,23.08,41681.70,49661.99,25.2,26.2
3,2025-06-14,15.25,24326.88,49676.59,25.3,26.0
3,2025-06-15,25.96,46800.00,49689.03,25.5,26.3
3,2025-06-16,25.22,46800.00,49699.28,24.9,25.4
3,2025-06-17,24.85,46800.00,49707.43,24.8,25.5
3,2025-06-18,13.44,19396.64,49713.49,24.9,25.7
3,2025-06-19,25.10,43933.64,49717.49,24.3,25.0
3,2025-06-20,26.58,46800.00,49719.42,24.1,25.0
3,2025-06-21,26.07,46484.78,49719.31,24.0,24.8
3,2025-06-22,25.63,46800.00,49717.16,24.8,25.6
3,2025-06-23,24.17,46800.00,49712.99,24.4,25.1
3,2025-06-24,23.41,46800.00,49706.82,24.5,25.4
3,2025-06-25,23.94,46800.00,49698.66,24.8,25.9
3,2025-06-26,24.73,46800.00,49688.53,24.7,25.9
3,2025-06-27,26.00,46800.00,49676.44,24.1,25.2
3,2025-06-28,26.36,45795.54,49662.42,24.3,25.0
3,2025-06-29,23.94,46668.61,49646.47,25.2,26.0
3,2025-06-30,25.99,46800.00,49628.62,24.7,25.4
3,2025-07-01,25.65,46800.00,49608.89,22.8,24.0
3,2025-07-02,25.36,46800.00,49587.31,21.9,23.3
3,2025-07-03,25.95,45591.09,49563.87,22.1,23.3
3,2025-07-04,22.91,46800.00,49538.62,24.2,24.7
3,2025-07-05,23.39,40945.24,49511.57,24.5,25.3
3,2025-07-06,21.32,43691.48,49482.69,25.1,25.6
3,2025-07-07,19.77,32400.00,49451.70,25.0,25.9
3,2025-07-08,13.88,16813.49,49418.62,24.5,26.2
3,2025-07-09,22.84,45034.85,49383.49,23.7,24.7
3,2025-07-10,19.70,39515.81,49346.39,24.6,25.0
3,2025-07-11,15.71,28815.14,49307.37,25.0,25.7
3,2025-07-12,22.06,41227.12,49266.51,25.9,26.3
3,2025-07-13,20.32,39348.13,49223.87,25.0,26.0
3,2025-07-14,24.21,43789.37,49179.51,24.5,25.5
3,2025-07-15,22.91,45144.17,49133.48,24.9,26.2
3,2025-07-16,24.74,46800.00,49085.87,25.2,26.0
3,2025-07-17,19.86,35504.67,49036.72,24.7,25.8
3,2025-07-18,21.78,42837.49,48986.10,24.7,25.3
3,2025-07-19,23.19,44406.02,48934.06,24.5,24.9
3,2025-07-20,21.02,42623.72,48880.69,24.3,26.5
3,2025-07-21,24.65,46800.00,48826.02,23.9,24.4
3,2025-07-22,24.80,46405.30,48770.12,24.2,24.9
3,2025-07-23,20.40,34999.74,48713.06,24.0,24.9
3,2025-07-24,7.52,5802.03,48654.89,25.0,26.1
3,2025-07-25,17.38,28522.75,48595.66,25.6,26.0
3,2025-07-26,12.39,18886.44,48535.35,25.8,26.8
3,2025-07-27,13.15,13275.74,48473.43,25.4,26.6
3,2025-07-28,17.77,35695.52,48409.90,25.2,25.9
3,2025-07-29,19.25,41051.81,48344.83,25.0,25.4
3,2025-07-30,14.36,26232.79,48278.32,25.7,26.7
3,2025-07-31,16.07,35396.85,48210.43,25.9,26.7
3,2025-08-01,25.61,46800.00,48141.24,25.5,26.1
3,2025-08-02,24.70,46800.00,48070.84,25.4,26.2
3,2025-08-03,23.61,46800.00,47999.30,25.5,26.5
3,2025-08-04,20.26,36664.62,47926.69,25.6,26.6
3,2025-08-05,20.62,40865.84,47853.08,24.9,26.0
3,2025-08-06,24.93,46797.31,47778.55,24.9,25.5
3,2025-08-07,25.01,46767.38,47703.18,24.8,25.3
3,2025-08-08,23.13,44037.63,47627.03,25.2,25.9
3,2025-08-09,24.65,45974.69,47550.17,25.3,25.7
3,2025-08-10,24.16,46678.51,47472.67,25.0,25.7
3,2025-08-11,25.44,46649.28,47394.59,24.1,24.9
3,2025-08-12,24.62,46620.27,47316.01,24.4,24.7
3,2025-08-13,24.12,46591.52,47236.98,24.3,24.8
3,2025-08-14,24.17,45227.70,47157.58,23.9,24.5
3,2025-08-15,24.87,46534.81,47077.75,23.1,24.3
3,2025-08-16,23.81,46506.78,46996.90,23.7,24.6
3,2025-08-17,23.53,46444.58,46915.00,23.9,24.6
3,2025-08-18,20.44,37407.82,46832.11,23.0,23.7
3,2025-08-19,16.55,27760.85,46748.33,23.9,24.6
3,2025-08-20,24.74,46196.08,46663.70,24.8,25.4
3,2025-08-21,24.06,46079.86,46578.32,24.6,25.3
3,2025-08-22,21.16,45566.58,46492.23,25.3,25.7
3,2025-08-23,22.55,45940.49,46405.53,24.5,25.1
3,2025-08-24,21.87,45854.04,46318.26,24.7,25.8
3,2025-08-25,22.58,44305.91,46230.51,24.4,25.3
3,2025-08-26,23.61,45679.64,46142.32,24.1,24.7
3,2025-08-27,23.93,45591.82,46053.77,23.9,24.6
3,2025-08-28,21.78,45503.67,45964.92,23.9,24.8
3,2025-08-29,23.53,43710.55,45875.82,23.9,24.7
3,2025-08-30,17.29,37454.59,45786.55,24.8,25.8
3,2025-08-31,18.52,44511.99,45697.17,24.3,25.0
3,2025-09-01,23.66,45148.94,45607.73,24.0,24.8
3,2025-09-02,19.82,44516.91,45518.28,24.3,24.7
3,2025-09-03,23.06,43640.48,45428.89,24.6,25.2
3,2025-09-04,21.10,43937.81,45339.52,25.5,26.1
3,2025-09-05,23.07,44010.01,45249.54,25.0,25.3
3,2025-09-06,22.59,44017.01,45158.91,24.9,25.2
3,2025-09-07,22.12,43762.73,45067.69,25.2,26.2
3,2025-09-08,20.97,43511.44,44975.96,24.9,25.3
3,2025-09-09,21.20,42745.91,44883.76,25.2,26.0
3,2025-09-10,20.40,38103.08,44791.16,24.8,25.5
3,2025-09-11,15.80,33177.70,44698.22,24.5,26.2
3,2025-09-12,21.80,42725.95,44605.00,23.7,24.0
3,2025-09-13,20.71,42256.26,44511.56,24.6,25.4
3,2025-09-14,19.98,42301.33,44417.96,24.9,25.5
3,2025-09-15,22.08,42346.70,44324.24,24.4,25.3
3,2025-09-16,22.25,42392.39,44230.49,23.8,24.7
3,2025-09-17,22.48,41924.77,44136.74,24.0,24.6
3,2025-09-18,22.56,42053.72,44043.06,23.4,24.2
3,2025-09-19,21.59,41761.00,43949.51,23.7,24.6
3,2025-09-20,21.72,41738.44,43856.14,24.1,24.6
3,2025-09-21,20.74,41237.65,43763.01,24.2,25.0
3,2025-09-22,21.13,41250.98,43670.17,23.9,24.5
3,2025-09-23,21.88,40750.59,43577.68,23.6,24.2
3,2025-09-24,21.24,41021.41,43485.49,23.6,24.2
3,2025-09-25,17.02,40778.20,43392.95,23.8,25.2
3,2025-09-26,20.17,41049.47,43300.03,23.5,24.8
3,2025-09-27,20.28,41063.79,43206.77,23.6,24.2
3,2025-09-28,18.28,40796.49,43113.25,23.7,24.4
3,2025-09-29,19.24,40062.80,43019.52,24.2,25.2
3,2025-09-30,20.39,39819.48,42925.65,24.0,24.5
3,2025-10-01,20.20,40607.49,42831.70,23.7,24.5
3,2025-10-02,19.77,40622.62,42737.73,23.2,24.3
3,2025-10-03,21.68,40637.98,42643.79,23.3,24.7
3,2025-10-04,20.08,40395.16,42549.97,23.8,24.7
3,2025-10-05,20.74,40152.17,42456.31,23.4,24.1
3,2025-10-06,20.20,40426.70,42362.89,23.0,23.3
3,2025-10-07,18.04,40442.89,42269.76,22.7,23.6
3,2025-10-08,18.46,40459.34,42176.99,23.8,24.3
3,2025-10-09,18.70,39956.88,42084.64,23.6,24.2
3,2025-10-10,19.53,39600.00,41992.78,23.4,24.0
3,2025-10-11,15.72,39990.19,41901.48,23.4,24.4
3,2025-10-12,18.84,40230.79,41810.81,23.0,23.9
3,2025-10-13,18.49,39928.65,41720.82,23.3,24.0
3,2025-10-14,18.60,39888.42,41631.46,22.3,23.5
3,2025-10-15,18.99,39587.44,41542.04,22.5,24.0
3,2025-10-16,16.23,39548.04,41452.50,23.7,24.7
3,2025-10-17,19.45,39509.22,41362.91,22.5,23.5
3,2025-10-18,18.75,39217.82,41273.35,22.9,23.5
3,2025-10-19,13.25,30150.36,41183.88,23.5,24.5
3,2025-10-20,2.96,0.00,41094.59,23.7,25.0
3,2025-10-21,3.34,0.00,41005.54,22.6,24.3
3,2025-10-22,8.11,12359.69,40916.82,22.0,24.0
3,2025-10-23,11.95,23984.39,40828.50,22.2,23.6
3,2025-10-24,16.61,36419.02,40740.66,22.4,23.2
3,2025-10-25,14.63,38048.68,40653.38,22.9,24.0
3,2025-10-26,15.28,32400.00,40566.74,19.5,22.6
3,2025-10-27,12.27,36259.25,40480.82,17.7,19.8
3,2025-10-28,8.18,15837.33,40395.70,18.2,18.9
3,2025-10-29,14.94,33591.24,40311.48,19.0,20.1
3,2025-10-30,15.15,29810.22,40228.23,18.6,21.0
3,2025-10-31,10.14,27400.47,40146.04,19.9,23.2
3,2025-11-01,17.21,37444.32,40065.01,14.3,16.3
3,2025-11-02,14.81,33574.65,39985.21,13.1,15.2
3,2025-11-03,14.70,35120.52,39906.61,15.0,16.6
3,2025-11-04,14.58,32400.00,39828.47,19.0,21.6
3,2025-11-05,7.09,13347.36,39750.72,19.9,20.9
3,2025-11-06,16.21,37565.32,39673.45,18.9,20.8
3,2025-11-07,13.85,36051.72,39596.74,19.0,21.2
3,2025-11-08,16.20,37610.29,39520.68,18.9,21.8
3,2025-11-09,14.52,33230.38,39445.36,21.7,22.9
3,2025-11-10,8.79,16386.06,39370.85,18.6,21.7
3,2025-11-11,2.60,2715.12,39297.25,22.8,23.5
3,2025-11-12,8.32,18132.15,39224.64,23.7,24.8
3,2025-11-13,11.49,25703.28,39153.12,21.6,25.2
3,2025-11-14,14.38,36901.66,39082.77,18.5,19.5
3,2025-11-15,14.89,36640.79,39013.70,17.4,18.4
3,2025-11-16,15.63,32778.14,38946.00,19.0,20.3
3,2025-11-17,8.21,17032.91,38879.76,18.9,21.1
3,2025-11-18,3.23,0.00,38815.08,14.9,16.8
3,2025-11-19,9.03,21600.00,38752.06,11.9,14.0
3,2025-11-20,14.54,32400.00,38690.79,12.9,15.2
3,2025-11-21,10.31,27386.92,38631.38,14.1,16.1
3,2025-11-22,13.98,36448.82,38573.93,13.3,14.8
3,2025-11-23,15.58,36738.85,38518.43,14.8,16.1
3,2025-11-24,14.78,36747.17,38464.24,15.1,16.3
3,2025-11-25,10.04,22805.72,38411.32,11.3,16.0
3,2025-11-26,13.81,36460.05,38359.73,11.3,13.7
3,2025-11-27,8.90,18000.00,38309.54,10.9,12.6
3,2025-11-28,6.68,18085.60,38260.82,10.7,12.3
3,2025-11-29,15.15,36620.76,38213.63,11.6,14.7
3,2025-11-30,13.66,34935.44,38168.04,15.6,16.7
3,2025-12-01,6.05,16209.96,38124.13,18.7,19.9
3,2025-12-02,12.21,28509.57,38081.95,17.0,20.7
3,2025-12-03,13.14,32605.37,38041.57,10.9,14.4
3,2025-12-04,9.78,31988.87,38003.07,10.2,11.1
3,2025-12-05,11.74,35577.61,37966.52,9.5,11.3
3,2025-12-06,12.17,36028.51,37931.99,12.9,13.9
3,2025-12-07,11.90,35983.80,37899.53,12.5,13.3
3,2025-12-08,13.87,36226.85,37869.24,13.5,14.5
3,2025-12-09,14.49,35894.93,37841.16,12.4,14.3
3,2025-12-10,13.27,34881.56,37815.38,14.7,17.2
3,2025-12-11,8.06,21029.74,37791.95,17.6,19.3
3,2025-12-12,12.55,35448.21,37770.95,16.2,18.0
3,2025-12-13,9.10,23481.13,37752.39,16.9,18.5
3,2025-12-14,5.91,15238.40,37736.03,7.7,12.1
3,2025-12-15,14.03,35634.26,37721.83,7.8,9.1
3,2025-12-16,10.31,24358.83,37709.80,12.1,14.1
3,2025-12-17,13.33,36123.81,37699.93,12.5,14.8
3,2025-12-18,13.11,33387.11,37692.22,12.8,13.8
3,2025-12-19,3.90,0.00,37686.69,17.1,18.9
3,2025-12-20,2.74,0.00,37683.32,18.7,20.2
3,2025-12-21,9.66,25887.35,37682.11,15.1,19.6
3,2025-12-22,7.85,13431.72,37683.08,13.9,16.9
3,2025-12-23,10.95,31743.13,37686.20,17.8,18.6
3,2025-12-24,7.43,18208.17,37691.49,16.6,20.0
3,2025-12-25,4.18,8980.47,37698.92,10.5,15.4
3,2025-12-26,11.21,32622.83,37708.51,8.0,9.7
3,2025-12-27,10.29,33900.61,37720.23,9.8,11.0
3,2025-12-28,9.59,27921.21,37734.10,13.0,15.2
3,2025-12-29,3.07,0.00,37750.10,14.7,16.1
3,2025-12-30,8.63,26277.98,37768.22,16.0,17.2
3,2025-12-31,6.50,10194.09,37788.45,15.1,17.3
3,2026-01-01,3.88,1005.58,37810.79,11.3,14.9
3,2026-01-02,11.59,33995.95,37835.28,5.5,8.3
3,2026-01-03,9.31,31014.05,37862.19,7.4,8.7
3,2026-01-04,12.03,35105.66,37891.51,7.0,9.1
3,2026-01-05,10.91,25378.07,37923.15,11.6,15.1
3,2026-01-06,12.91,36030.58,37957.05,9.4,11.3
3,2026-01-07,12.65,33306.39,37993.14,7.5,8.9
3,2026-01-08,13.77,36120.02,38031.34,6.7,7.8
3,2026-01-09,10.36,33495.34,38071.57,8.9,10.7
3,2026-01-10,12.65,36673.50,38113.77,10.0,11.4
3,2026-01-11,12.56,34923.38,38157.86,6.2,8.2
3,2026-01-12,12.03,31447.74,38203.76,7.0,9.9
3,2026-01-13,9.85,23401.11,38251.40,10.1,14.9
3,2026-01-14,16.15,36951.71,38300.72,7.8,9.5
3,2026-01-15,12.99,37559.79,38351.63,9.6,11.6
3,2026-01-16,15.13,36184.74,38404.07,12.9,13.6
3,2026-01-17,11.31,24527.43,38457.96,13.8,14.3
3,2026-01-18,13.74,35725.11,38513.24,15.8,16.8
3,2026-01-19,12.84,32172.57,38569.82,16.1,17.8
3,2026-01-20,6.26,11238.94,38627.65,11.6,15.1
3,2026-01-21,6.53,4239.67,38686.66,7.5,10.2
3,2026-01-22,8.02,17212.15,38746.89,7.0,8.8
3,2026-01-23,12.93,36727.47,38809.00,7.0,8.2
3,2026-01-24,15.23,37035.35,38873.00,7.6,9.2
3,2026-01-25,16.02,36000.00,38938.79,9.6,10.7
3,2026-01-26,12.01,31581.07,39006.27,12.3,17.2
3,2026-01-27,10.79,24463.09,39075.34,14.1,17.5
3,2026-01-28,13.69,36854.45,39145.90,8.8,11.9
3,2026-01-29,13.11,36665.94,39217.86,7.5,9.1
3,2026-01-30,9.69,22988.46,39291.10,11.3,13.8
3,2026-01-31,9.41,19214.70,39365.55,13.8,17.3
4,2021-01-01,6.90,10800.20,38364.42,10.7,12.1
4,2021-01-02,7.38,12618.62,38387.36,12.0,13.8
4,2021-01-03,12.05,32400.00,38412.11,16.1,17.5
4,2021-01-04,8.53,24465.77,38438.61,18.0,19.1
4,2021-01-05,5.76,7224.64,38466.84,15.4,18.3
4,2021-01-06,6.47,15409.34,38496.76,14.4,15.3
4,2021-01-07,3.61,0.00,38528.36,10.6,14.1
4,2021-01-08,3.03,0.00,38561.68,7.3,8.4
4,2021-01-09,5.00,94.58,38597.08,5.8,6.6
4,2021-01-10,9.92,29137.63,38634.58,8.4,10.5
4,2021-01-11,4.25,669.74,38674.07,11.5,13.3
4,2021-01-12,5.31,3223.77,38715.49,7.0,8.7
4,2021-01-13,13.87,36000.00,38758.76,8.1,8.8
4,2021-01-14,13.89,33351.67,38803.79,10.5,12.0
4,2021-01-15,16.67,36000.00,38850.52,13.7,15.1
4,2021-01-16,15.34,36000.00,38898.85,13.5,15.4
4,2021-01-17,5.41,2079.73,38948.72,10.0,11.4
4,2021-01-18,11.24,22251.72,39000.04,8.9,10.3
4,2021-01-19,10.00,20743.21,39052.75,13.1,14.8
4,2021-01-20,14.70,36000.00,39106.75,16.7,18.8
4,2021-01-21,6.86,9277.88,39161.99,20.0,21.6
4,2021-01-22,4.63,3240.05,39218.38,20.3,21.7
4,2021-01-23,11.87,32047.52,39275.85,17.4,19.1
4,2021-01-24,10.89,23660.01,39334.33,11.4,13.0
4,2021-01-25,17.06,35243.56,39393.74,12.5,13.2
4,2021-01-26,17.16,36000.00,39454.02,15.5,16.7
4,2021-01-27,11.42,29183.10,39515.10,15.2,15.9
4,2021-01-28,9.75,21600.00,39577.03,12.7,16.1
4,2021-01-29,7.41,4216.26,39640.45,8.5,9.6
4,2021-01-30,14.07,36022.90,39705.38,9.5,11.8
4,2021-01-31,17.25,36209.63,39771.74,12.5,14.8
4,2021-02-01,16.51,36722.21,39839.43,14.8,16.8
4,2021-02-02,11.64,35643.02,39908.36,14.8,17.8
4,2021-02-03,16.92,36000.00,39978.45,12.2,13.1
4,2021-02-04,14.95,36217.51,40049.62,13.0,14.6
4,2021-02-05,17.33,37084.81,40121.76,14.0,14.5
4,2021-02-06,18.66,37042.83,40194.79,15.6,16.5
4,2021-02-07,18.48,36846.15,40268.65,17.1,18.2
4,2021-02-08,10.68,28525.61,40343.23,14.9,17.0
4,2021-02-09,10.93,21871.72,40418.47,14.2,15.3
4,2021-02-10,10.90,24438.85,40494.29,17.5,20.6
4,2021-02-11,5.42,9032.03,40570.60,18.8,21.0
4,2021-02-12,14.66,36206.53,40647.32,18.1,18.6
4,2021-02-13,15.93,36738.32,40724.39,17.2,17.8
4,2021-02-14,16.50,37739.70,40801.73,16.7,17.4
4,2021-02-15,16.39,36927.71,40879.26,13.6,14.9
4,2021-02-16,16.81,33742.27,40956.91,13.8,16.9
4,2021-02-17,7.29,8453.99,41034.74,10.8,15.2
4,2021-02-18,11.43,21856.93,41113.42,8.0,8.8
4,2021-02-19,14.82,30578.79,41193.02,8.3,9.5
4,2021-02-20,19.16,39401.73,41273.44,10.2,11.5
4,2021-02-21,19.26,40442.50,41354.63,12.7,13.9
4,2021-02-22,20.41,39930.55,41436.50,15.3,16.3
4,2021-02-23,13.09,35300.61,41518.99,16.2,17.0
4,2021-02-24,16.86,35103.22,41602.02,18.0,19.1
4,2021-02-25,13.57,33895.04,41685.52,19.9,20.5
4,2021-02-26,14.69,34042.06,41769.43,18.9,20.1
4,2021-02-27,12.41,25312.61,41853.68,17.9,19.0
4,2021-02-28,13.81,20849.60,41938.20,17.0,17.8
4,2021-03-01,17.84,37678.77,42022.92,18.8,19.7
4,2021-03-02,4.94,0.00,42107.78,14.4,17.7
4,2021-03-03,8.24,3896.14,42192.72,14.7,16.7
4,2021-03-04,16.01,35521.89,42277.66,18.5,19.4
4,2021-03-05,8.44,6201.87,42362.55,19.4,21.0
4,2021-03-06,11.26,21600.00,42447.31,20.0,21.2
4,2021-03-07,10.18,15192.10,42531.89,18.9,19.8
4,2021-03-08,17.33,33306.60,42616.23,17.0,17.7
4,2021-03-09,17.18,35410.44,42700.37,17.8,18.6
4,2021-03-10,8.02,10175.49,42784.94,16.2,16.6
4,2021-03-11,20.02,40900.56,42870.02,17.9,18.5
4,2021-03-12,16.25,32400.00,42955.54,17.2,19.3
4,2021-03-13,20.93,36000.00,43041.43,13.4,14.4
4,2021-03-14,16.41,32515.14,43127.64,13.8,15.4
4,2021-03-15,21.11,42566.28,43214.12,16.6,18.6
4,2021-03-16,21.33,42804.61,43300.80,19.3,20.0
4,2021-03-17,20.81,40098.56,43387.62,20.7,21.6
4,2021-03-18,20.10,42864.81,43474.54,20.5,21.1
4,2021-03-19,21.54,42890.12,43561.49,19.7,20.3
4,2021-03-20,22.05,39315.28,43648.41,19.7,21.3
4,2021-03-21,6.32,1228.67,43735.25,14.9,18.8
4,2021-03-22,6.84,243.54,43821.95,11.0,12.3
4,2021-03-23,13.59,20319.84,43908.45,12.0,16.5
4,2021-03-24,9.93,15492.51,43994.69,16.1,18.2
4,2021-03-25,20.41,41420.46,44080.62,16.9,18.4
4,2021-03-26,22.24,40760.09,44166.17,18.6,20.5
4,2021-03-27,12.84,32550.81,44251.29,21.5,22.0
4,2021-03-28,18.27,35682.96,44335.92,22.5,22.8
4,2021-03-29,19.86,43139.91,44420.10,22.9,23.6
4,2021-03-30,16.81,32924.25,44504.42,22.8,23.4
4,2021-03-31,21.39,38257.27,44588.95,23.0,23.4
4,2021-04-01,10.62,15326.33,44673.63,23.6,24.0
4,2021-04-02,22.15,43200.00,44758.40,23.7,23.9
4,2021-04-03,19.97,39600.00,44843.20,22.7,23.7
4,2021-04-04,15.12,20049.37,44927.99,17.0,20.8
4,2021-04-05,19.73,34820.35,45012.71,14.2,14.7
4,2021-04-06,19.13,37950.16,45097.29,14.6,15.0
4,2021-04-07,19.04,39922.21,45181.69,13.9,14.5
4,2021-04-08,20.52,39600.00,45265.85,15.4,17.0
4,2021-04-09,6.52,0.00,45349.71,18.4,19.4
4,2021-04-10,15.56,31955.75,45433.21,18.5,18.9
4,2021-04-11,19.48,42477.38,45516.28,19.9,20.6
4,2021-04-12,21.23,43200.00,45598.88,20.5,20.9
4,2021-04-13,23.72,39755.25,45680.94,21.2,21.6
4,2021-04-14,8.72,10961.72,45762.39,20.5,21.4
4,2021-04-15,13.09,27428.25,45843.17,21.2,21.5
4,2021-04-16,16.66,39321.70,45923.22,21.2,21.5
4,2021-04-17,19.98,34694.89,46002.48,17.6,20.1
4,2021-04-18,24.44,41214.76,46080.98,13.0,13.7
4,2021-04-19,18.36,29320.96,46159.28,14.0,15.1
4,2021-04-20,20.21,34944.08,46237.44,16.3,18.5
4,2021-04-21,12.64,12806.32,46315.40,21.0,21.9
4,2021-04-22,11.94,18103.46,46393.10,22.2,22.7
4,2021-04-23,13.64,29692.80,46470.48,20.5,21.4
4,2021-04-24,22.20,42016.14,46547.49,18.6,19.4
4,2021-04-25,13.61,24088.37,46624.06,17.2,17.9
4,2021-04-26,21.65,43816.78,46700.13,16.7,17.2
4,2021-04-27,24.75,41450.09,46775.64,17.3,18.5
4,2021-04-28,11.52,15242.99,46850.52,19.0,20.0
4,2021-04-29,8.56,6854.10,46924.71,18.1,19.7
4,2021-04-30,23.54,40086.58,46998.14,19.6,20.4
4,2021-05-01,20.61,37376.87,47070.76,22.4,23.0
4,2021-05-02,21.47,33364.26,47142.48,21.4,22.1
4,2021-05-03,15.38,24323.28,47213.24,21.0,22.3
4,2021-05-04,17.86,33252.14,47282.96,23.2,23.6
4,2021-05-05,14.17,26088.31,47351.59,22.2,23.3
4,2021-05-06,24.53,44688.93,47419.04,23.5,24.0
4,2021-05-07,24.65,42430.12,47485.24,23.7,24.0
4,2021-05-08,22.44,41905.44,47550.22,24.0,24.7
4,2021-05-09,20.03,37518.10,47614.48,24.2,25.3
4,2021-05-10,23.66,45169.36,47678.06,24.9,25.1
4,2021-05-11,24.97,45158.82,47740.91,25.5,25.7
4,2021-05-12,24.65,44616.06,47802.97,25.4,25.6
4,2021-05-13,25.33,44872.48,47864.19,25.3,25.5
4,2021-05-14,25.46,43113.03,47924.49,25.2,25.6
4,2021-05-15,24.58,46192.19,47983.82,25.5,25.7
4,2021-05-16,24.92,44577.60,48042.13,25.7,25.9
4,2021-05-17,22.36,41785.04,48099.33,25.3,25.8
4,2021-05-18,25.84,44023.68,48155.39,25.0,25.5
4,2021-05-19,24.68,42626.52,48210.22,25.1,25.5
4,2021-05-20,21.68,42811.57,48263.77,25.6,25.9
4,2021-05-21,23.99,42294.25,48315.96,25.5,26.1
4,2021-05-22,17.83,34719.94,48366.75,25.0,25.2
4,2021-05-23,24.18,45883.43,48416.05,25.5,26.3
4,2021-05-24,23.50,41195.71,48463.80,24.9,25.5
4,2021-05-25,19.21,43745.58,48509.93,24.0,24.6
4,2021-05-26,24.53,45875.48,48554.38,24.9,25.2
4,2021-05-27,24.31,39117.88,48597.07,25.8,26.3
4,2021-05-28,22.56,32642.92,48638.01,24.9,26.2
4,2021-05-29,19.73,37749.32,48677.55,23.8,24.6
4,2021-05-30,18.74,36287.93,48715.72,24.4,24.8
4,2021-05-31,20.64,43473.99,48752.48,24.0,24.4
4,2021-06-01,19.38,38461.61,48787.79,24.3,24.8
4,2021-06-02,24.74,46620.01,48821.63,25.7,26.1
4,2021-06-03,25.68,46624.99,48853.94,26.5,27.1
4,2021-06-04,22.72,37386.10,48884.72,25.7,26.9
4,2021-06-05,12.84,18644.24,48913.90,24.8,25.4
4,2021-06-06,5.11,0.00,48941.47,24.3,25.0
4,2021-06-07,15.96,27313.61,48967.38,24.8,25.3
4,2021-06-08,7.79,9498.51,48991.60,24.5,25.3
4,2021-06-09,19.76,45185.07,49014.10,24.1,24.7
4,2021-06-10,24.22,46777.37,49034.84,24.3,24.6
4,2021-06-11,26.00,46317.84,49053.79,24.8,25.4
4,2021-06-12,22.50,39600.00,49070.91,25.1,25.3
4,2021-06-13,19.49,41550.88,49086.17,25.4,25.8
4,2021-06-14,26.10,46469.27,49099.55,26.0,26.4
4,2021-06-15,23.20,46299.60,49111.01,26.0,26.4
4,2021-06-16,25.77,46967.10,49120.51,26.5,27.3
4,2021-06-17,27.03,46587.61,49128.05,26.6,26.8
4,2021-06-18,26.08,46295.64,49133.67,27.0,27.5
4,2021-06-19,26.73,46639.06,49137.39,26.6,27.1
4,2021-06-20,25.68,42721.95,49139.23,26.4,26.9
4,2021-06-21,18.00,32550.16,49139.20,25.6,26.6
4,2021-06-22,12.98,15860.40,49137.31,24.7,25.1
4,2021-06-23,12.86,12477.92,49133.59,24.7,25.3
4,2021-06-24,21.66,45189.46,49128.04,24.4,24.9
4,2021-06-25,24.56,46514.12,49120.67,23.9,24.8
4,2021-06-26,26.10,46491.37,49111.52,25.0,25.6
4,2021-06-27,23.22,41645.87,49100.60,25.5,26.0
4,2021-06-28,23.50,36000.00,49087.91,26.3,27.0
4,2021-06-29,16.29,33471.76,49073.48,25.8,26.4
4,2021-06-30,26.47,46381.26,49057.33,25.5,25.9
4,2021-07-01,28.01,47481.33,49039.49,25.3,25.8
4,2021-07-02,27.61,45504.31,49019.95,25.5,26.6
4,2021-07-03,24.79,46881.76,48998.76,25.3,25.6
4,2021-07-04,26.80,47410.98,48975.93,25.4,25.5
4,2021-07-05,26.11,43711.69,48951.48,25.2,25.8
4,2021-07-06,25.18,47366.17,48925.43,25.7,26.2
4,2021-07-07,27.10,47619.61,48897.75,25.7,25.9
4,2021-07-08,26.58,47203.87,48868.19,25.2,25.7
4,2021-07-09,27.80,47024.99,48836.73,25.2,25.6
4,2021-07-10,26.71,46453.72,48803.45,24.9,25.1
4,2021-07-11,25.35,42684.33,48768.40,24.9,25.3
4,2021-07-12,26.65,46957.70,48731.64,24.9,25.3
4,2021-07-13,26.47,47208.74,48693.23,24.6,25.0
4,2021-07-14,25.93,45629.10,48653.22,24.9,25.2
4,2021-07-15,24.90,44827.29,48611.68,24.4,24.8
4,2021-07-16,26.18,46595.98,48568.66,24.0,24.6
4,2021-07-17,26.72,46218.86,48524.22,23.9,24.2
4,2021-07-18,23.28,45624.42,48478.42,24.7,25.5
4,2021-07-19,25.28,45977.37,48431.30,25.0,25.4
4,2021-07-20,25.48,43207.53,48382.94,25.0,25.5
4,2021-07-21,18.26,28722.45,48333.39,25.4,25.8
4,2021-07-22,9.16,2842.10,48282.69,25.6,26.0
4,2021-07-23,6.36,0.00,48230.91,25.3,25.6
4,2021-07-24,16.98,27985.22,48178.10,25.9,27.7
4,2021-07-25,25.00,45546.91,48124.32,27.5,27.9
4,2021-07-26,26.71,44225.82,48069.62,27.4,27.7
4,2021-07-27,26.50,45319.76,48013.96,26.4,26.9
4,2021-07-28,26.62,45073.51,47956.86,26.0,26.4
4,2021-07-29,25.95,44829.21,47898.33,26.5,27.0
4,2021-07-30,23.93,43520.52,47838.43,26.1,26.6
4,2021-07-31,21.79,41361.37,47777.23,25.3,25.9
4,2021-08-01,19.11,35368.50,47714.81,25.0,25.3
4,2021-08-02,11.26,14595.45,47651.24,25.1,25.4
4,2021-08-03,21.92,37315.28,47586.58,24.8,25.2
4,2021-08-04,16.03,33079.17,47520.92,25.4,25.6
4,2021-08-05,18.47,41244.22,47454.31,25.7,26.1
4,2021-08-06,17.18,28366.03,47386.82,26.1,26.4
4,2021-08-07,9.28,7915.79,47318.52,24.4,25.8
4,2021-08-08,24.24,42443.39,47249.48,25.4,26.2
4,2021-08-09,23.49,43697.14,47179.75,25.3,25.9
4,2021-08-10,21.58,43969.39,47109.40,25.6,26.0
4,2021-08-11,26.10,43200.00,47038.50,24.9,25.2
4,2021-08-12,21.99,37602.37,46967.09,25.4,25.7
4,2021-08-13,20.10,43477.85,46895.25,25.1,25.5
4,2021-08-14,24.30,44008.74,46823.04,25.0,25.3
4,2021-08-15,24.10,44018.35,46750.50,25.2,25.4
4,2021-08-16,25.54,43768.39,46677.60,25.4,25.9
4,2021-08-17,24.48,36000.00,46603.80,25.3,25.6
4,2021-08-18,15.95,35400.09,46529.06,24.2,24.7
4,2021-08-19,19.70,43280.71,46453.47,24.5,24.9
4,2021-08-20,24.78,43806.86,46377.07,24.7,25.0
4,2021-08-21,25.50,43558.65,46299.93,24.4,25.0
4,2021-08-22,21.45,36210.12,46222.12,24.7,25.4
4,2021-08-23,15.04,29852.30,46143.70,25.2,25.6
4,2021-08-24,22.11,43330.98,46064.72,25.4,25.6
4,2021-08-25,24.34,43340.86,45985.25,24.8,24.9
4,2021-08-26,24.94,43350.69,45905.35,24.5,25.0
4,2021-08-27,24.71,43616.16,45825.08,24.8,24.9
4,2021-08-28,24.86,43625.64,45744.49,24.6,25.0
4,2021-08-29,24.38,43200.00,45663.64,24.5,24.9
4,2021-08-30,21.53,41979.63,45582.58,24.9,25.4
4,2021-08-31,22.23,43399.58,45501.37,24.7,25.1
4,2021-09-01,25.11,43409.37,45420.06,24.0,24.3
4,2021-09-02,24.31,43200.00,45338.71,23.9,24.2
4,2021-09-03,22.86,43200.00,45257.37,24.1,24.4
4,2021-09-04,23.52,41480.24,45176.10,24.3,24.9
4,2021-09-05,21.48,43097.77,45094.83,24.9,25.1
4,2021-09-06,22.94,43063.08,45013.03,24.9,25.3
4,2021-09-07,24.24,43012.08,44930.65,24.0,24.4
4,2021-09-08,23.54,42935.16,44847.75,24.1,24.7
4,2021-09-09,22.79,42872.85,44764.39,24.9,25.8
4,2021-09-10,23.09,39209.97,44680.61,25.6,26.3
4,2021-09-11,8.38,1180.31,44596.49,25.2,25.6
4,2021-09-12,2.42,0.00,44512.06,25.7,26.1
4,2021-09-13,19.33,36512.56,44427.39,26.1,26.5
4,2021-09-14,21.20,36029.13,44342.53,26.1,26.8
4,2021-09-15,19.33,41417.84,44257.53,24.8,25.5
4,2021-09-16,22.55,42425.55,44172.45,24.3,24.6
4,2021-09-17,21.67,42006.77,44087.33,24.6,24.9
4,2021-09-18,22.91,42296.71,44002.23,24.4,24.7
4,2021-09-19,22.91,42232.55,43917.21,24.7,25.0
4,2021-09-20,22.64,42168.65,43832.31,24.6,24.9
4,2021-09-21,22.33,42105.12,43747.59,25.0,25.5
4,2021-09-22,21.38,41407.37,43663.09,24.2,24.5
4,2021-09-23,22.81,41438.81,43578.87,23.9,24.5
4,2021-09-24,19.46,39600.00,43494.99,24.0,25.2
4,2021-09-25,22.89,41501.20,43411.38,22.3,23.7
4,2021-09-26,20.62,40270.14,43327.47,24.5,25.6
4,2021-09-27,21.72,40554.08,43243.22,24.4,24.7
4,2021-09-28,20.71,40585.74,43158.67,23.0,24.2
4,2021-09-29,18.70,40112.13,43073.89,24.9,25.3
4,2021-09-30,19.90,40396.72,42988.94,24.6,25.3
4,2021-10-01,19.44,39669.86,42903.87,23.2,24.3
4,2021-10-02,22.33,40207.59,42818.73,21.7,22.5
4,2021-10-03,21.87,39733.03,42733.59,23.1,24.1
4,2021-10-04,20.53,39600.00,42648.51,23.1,24.8
4,2021-10-05,19.83,39218.67,42563.53,23.4,24.3
4,2021-10-06,16.35,35544.08,42478.73,24.2,24.6
4,2021-10-07,16.54,38110.53,42394.15,24.3,24.8
4,2021-10-08,11.71,29148.87,42309.87,24.0,24.9
4,2021-10-09,19.79,39664.68,42225.92,23.7,24.4
4,2021-10-10,19.07,37106.80,42142.39,24.6,25.2
4,2021-10-11,5.18,4513.91,42059.33,25.1,25.7
4,2021-10-12,11.39,17684.17,41976.79,24.9,25.5
4,2021-10-13,2.73,0.00,41894.85,24.2,24.7
4,2021-10-14,13.56,27871.33,41813.55,23.3,24.5
4,2021-10-15,19.55,36792.83,41732.86,21.9,23.0
4,2021-10-16,19.68,37136.51,41652.14,22.2,23.2
4,2021-10-17,11.50,26917.41,41571.34,18.8,19.8
4,2021-10-18,18.44,34936.66,41490.51,18.0,18.8
4,2021-10-19,14.24,35425.95,41409.74,19.4,20.5
4,2021-10-20,12.05,23415.58,41329.08,20.0,21.4
4,2021-10-21,10.60,21600.00,41248.60,21.3,22.2
4,2021-10-22,4.45,0.00,41168.37,19.1,20.2
4,2021-10-23,10.59,16987.72,41088.47,18.6,19.3
4,2021-10-24,4.32,0.00,41008.95,20.7,21.3
4,2021-10-25,10.23,16612.16,40929.90,19.7,20.6
4,2021-10-26,14.00,32874.77,40851.38,18.9,19.9
4,2021-10-27,15.11,39553.68,40773.47,17.9,19.5
4,2021-10-28,16.38,36000.00,40696.25,16.5,18.6
4,2021-10-29,15.10,39600.00,40619.78,16.3,17.8
4,2021-10-30,10.48,28107.48,40544.15,19.8,21.0
4,2021-10-31,13.93,30761.97,40469.43,19.2,20.0
4,2021-11-01,8.19,11660.37,40395.70,19.2,20.1
4,2021-11-02,12.27,28800.00,40323.04,19.9,20.5
4,2021-11-03,5.93,5977.43,40251.55,19.4,20.3
4,2021-11-04,7.22,5974.16,40181.16,20.2,21.6
4,2021-11-05,13.22,29351.22,40111.22,21.1,22.3
4,2021-11-06,15.44,34971.88,40041.68,22.0,22.8
4,2021-11-07,16.72,39445.60,39972.60,20.6,21.1
4,2021-11-08,5.94,7127.01,39904.06,17.4,21.2
4,2021-11-09,8.06,9121.07,39836.15,13.5,14.7
4,2021-11-10,11.44,28686.92,39768.93,12.3,13.8
4,2021-11-11,17.83,35936.76,39702.50,12.6,14.3
4,2021-11-12,12.64,25200.00,39636.92,14.7,16.4
4,2021-11-13,4.34,2740.11,39572.27,18.3,19.5
4,2021-11-14,6.67,1814.83,39508.64,17.1,17.8
4,2021-11-15,14.67,35313.55,39446.11,16.0,17.2
4,2021-11-16,14.96,36199.10,39384.77,16.4,17.7
4,2021-11-17,14.05,32201.85,39324.70,19.0,20.7
4,2021-11-18,8.20,21917.18,39265.98,20.5,21.3
4,2021-11-19,15.39,38719.57,39208.72,20.7,21.7
4,2021-11-20,15.42,35752.98,39152.98,19.5,19.8
4,2021-11-21,12.36,19238.16,39098.86,20.1,20.9
4,2021-11-22,4.88,6067.03,39046.46,17.6,20.9
4,2021-11-23,4.00,0.00,38995.86,15.9,16.4
4,2021-11-24,6.52,3248.14,38947.06,15.5,16.5
4,2021-11-25,5.04,1394.26,38899.48,18.1,19.5
4,2021-11-26,5.79,7201.89,38853.10,18.9,20.0
4,2021-11-27,4.59,1241.42,38807.96,18.1,18.6
4,2021-11-28,2.72,0.00,38764.12,18.9,19.8
4,2021-11-29,5.10,15336.19,38721.65,18.9,19.6
4,2021-11-30,10.41,29294.03,38680.60,16.4,19.7
4,2021-12-01,8.79,18633.79,38641.04,13.1,14.4
4,2021-12-02,11.50,31345.73,38603.01,12.4,14.4
4,2021-12-03,14.15,35705.92,38566.58,10.3,12.5
4,2021-12-04,10.58,32621.61,38531.81,12.8,15.7
4,2021-12-05,13.12,33261.88,38498.77,14.6,15.9
4,2021-12-06,11.97,35268.51,38467.50,16.4,18.3
4,2021-12-07,13.87,37178.99,38438.08,15.2,16.9
4,2021-12-08,11.41,33173.03,38410.55,15.2,16.6
4,2021-12-09,13.71,35090.31,38384.99,14.6,16.3
4,2021-12-10,10.71,28084.51,38361.45,15.3,17.5
4,2021-12-11,12.09,36398.99,38339.98,15.2,16.2
4,2021-12-12,14.69,35814.82,38320.66,16.8,18.2
4,2021-12-13,3.40,0.00,38303.53,16.3,16.7
4,2021-12-14,5.32,3331.10,38288.61,16.6,18.0
4,2021-12-15,9.95,25817.85,38275.71,17.5,17.9
4,2021-12-16,15.37,35894.36,38264.79,17.8,19.7
4,2021-12-17,10.08,24699.39,38255.84,14.9,18.3
4,2021-12-18,6.22,1258.57,38248.87,11.5,12.6
4,2021-12-19,10.25,21285.60,38243.87,11.1,12.5
4,2021-12-20,6.51,3341.41,38240.84,15.2,18.0
4,2021-12-21,3.87,0.00,38239.78,20.7,22.3
4,2021-12-22,6.06,6060.55,38240.68,19.4,21.5
4,2021-12-23,10.53,32423.71,38243.54,19.3,19.5
4,2021-12-24,12.20,35691.43,38248.34,18.9,20.2
4,2021-12-25,3.88,1349.52,38255.09,14.4,16.1
4,2021-12-26,4.28,0.00,38263.78,13.2,13.8
4,2021-12-27,3.44,0.00,38274.40,13.5,14.2
4,2021-12-28,9.78,22266.72,38286.93,15.5,16.7
4,2021-12-29,6.89,15944.07,38301.38,16.5,18.0
4,2021-12-30,7.34,8869.75,38317.72,13.1,14.0
4,2021-12-31,6.36,9672.31,38335.96,14.0,14.9
4,2022-01-01,4.72,0.00,38356.08,14.7,16.5
4,2022-01-02,5.92,6094.23,38378.06,15.5,16.6
4,2022-01-03,10.01,29312.13,38401.95,16.2,16.9
4,2022-01-04,4.13,0.00,38428.01,17.8,18.6
4,2022-01-05,5.24,6501.48,38456.23,18.5,19.1
4,2022-01-06,4.25,0.00,38486.55,15.6,16.5
4,2022-01-07,3.82,0.00,38518.89,15.5,15.9
4,2022-01-08,4.99,7261.67,38553.18,15.1,15.8
4,2022-01-09,9.23,23975.16,38589.37,16.2,16.8
4,2022-01-10,4.02,1463.15,38627.38,16.3,17.2
4,2022-01-11,4.96,938.31,38667.14,12.0,14.7
4,2022-01-12,5.62,3291.10,38708.58,12.3,14.1
4,2022-01-13,3.74,0.00,38751.63,12.4,14.9
4,2022-01-14,6.23,1072.35,38796.24,11.3,13.0
4,2022-01-15,11.95,32400.00,38842.33,15.7,16.1
4,2022-01-16,13.46,31690.79,38889.82,16.9,18.1
4,2022-01-17,4.85,3600.00,38938.67,17.4,18.1
4,2022-01-18,2.42,0.00,38988.79,16.4,17.5
4,2022-01-19,3.87,0.00,39040.14,15.8,16.5
4,2022-01-20,6.19,3440.30,39092.63,14.0,15.2
4,2022-01-21,4.65,4283.65,39146.22,15.6,16.4
4,2022-01-22,5.30,5295.41,39200.83,18.3,19.8
4,2022-01-23,10.58,22759.75,39256.52,19.8,21.4
4,2022-01-24,9.79,15248.21,39313.87,16.7,18.0
4,2022-01-25,8.96,18125.92,39372.92,15.8,17.0
4,2022-01-26,14.20,36000.00,39433.56,17.6,18.2
4,2022-01-27,9.31,19017.13,39495.70,18.3,18.8
4,2022-01-28,4.65,888.62,39559.26,18.3,18.7
4,2022-01-29,2.66,0.00,39624.13,17.1,18.3
4,2022-01-30,4.63,0.00,39690.25,12.9,16.1
4,2022-01-31,9.13,14567.50,39757.51,10.1,12.8
4,2022-02-01,9.23,13290.28,39825.83,15.7,17.8
4,2022-02-02,14.06,33485.87,39895.12,17.9,18.5
4,2022-02-03,9.90,22971.12,39965.31,17.5,18.6
4,2022-02-04,4.42,3600.00,40036.30,13.8,16.4
4,2022-02-05,8.74,7529.41,40108.02,12.0,13.8
4,2022-02-06,8.21,12833.97,40180.39,13.5,14.0
4,2022-02-07,6.05,3600.00,40253.33,15.9,17.8
4,2022-02-08,7.24,817.46,40326.76,14.7,15.8
4,2022-02-09,8.08,8129.19,40400.60,16.4,17.2
4,2022-02-10,6.26,7200.00,40474.78,16.5,17.3
4,2022-02-11,8.12,7997.35,40549.23,18.1,19.6
4,2022-02-12,6.10,6572.25,40624.00,19.0,20.0
4,2022-02-13,8.70,16718.44,40699.77,17.9,19.0
4,2022-02-14,8.73,12496.47,40776.60,13.1,16.0
4,2022-02-15,16.55,34743.51,40854.39,13.9,14.9
4,2022-02-16,6.51,6953.25,40933.08,15.5,16.0
4,2022-02-17,6.62,3803.87,41012.58,17.1,18.4
4,2022-02-18,7.34,14417.99,41092.82,18.6,19.4
4,2022-02-19,8.91,14400.00,41173.72,14.8,18.4
4,2022-02-20,2.93,0.00,41255.21,11.0,11.9
4,2022-02-21,3.29,0.00,41337.22,13.7,15.0
4,2022-02-22,6.84,959.46,41419.66,16.9,19.0
4,2022-02-23,3.75,0.00,41502.48,14.2,16.8
4,2022-02-24,8.68,3600.00,41585.59,12.8,13.6
4,2022-02-25,7.51,4164.46,41668.93,14.0,14.8
4,2022-02-26,7.32,1079.23,41752.45,16.6,17.7
4,2022-02-27,6.97,192.44,41836.05,15.8,17.5
4,2022-02-28,11.39,18473.42,41919.68,17.7,18.7
4,2022-03-01,10.48,17527.59,42003.26,19.0,19.5
4,2022-03-02,5.26,1503.93,42086.75,18.0,19.7
4,2022-03-03,7.03,5470.52,42170.06,18.4,19.2
4,2022-03-04,17.83,38649.74,42253.25,18.9,20.0
4,2022-03-05,13.45,27692.83,42336.97,16.8,18.0
4,2022-03-06,17.17,28286.72,42421.28,15.9,18.6
4,2022-03-07,3.96,2258.02,42506.10,14.0,19.0
4,2022-03-08,13.82,30125.60,42591.39,10.4,12.4
4,2022-03-09,20.33,42260.87,42677.09,11.2,13.5
4,2022-03-10,19.41,41468.55,42763.12,12.3,15.2
4,2022-03-11,19.33,42434.28,42849.43,16.2,17.0
4,2022-03-12,20.70,41370.90,42935.97,16.5,16.7
4,2022-03-13,21.05,42608.31,43022.66,17.5,18.4
4,2022-03-14,21.25,42528.90,43109.46,18.5,19.1
4,2022-03-15,21.36,42778.96,43196.30,18.5,19.0
4,2022-03-16,20.32,33843.61,43283.13,18.1,18.9
4,2022-03-17,10.43,12461.67,43369.88,21.1,22.1
4,2022-03-18,11.94,19193.70,43456.50,17.3,20.9
4,2022-03-19,19.07,37395.04,43542.93,17.1,17.9
4,2022-03-20,16.97,34114.73,43629.12,18.1,19.8
4,2022-03-21,16.21,32010.48,43714.99,21.5,23.0
4,2022-03-22,8.10,3600.00,43800.49,19.8,21.0
4,2022-03-23,4.50,0.00,43885.57,16.8,19.7
4,2022-03-24,11.81,9437.36,43970.26,16.8,18.8
4,2022-03-25,15.54,19301.75,44055.19,21.9,23.5
4,2022-03-26,12.64,26688.09,44140.39,21.7,23.9
4,2022-03-27,9.80,11090.54,44225.81,17.6,18.3
4,2022-03-28,6.13,0.00,44311.41,18.8,19.2
4,2022-03-29,12.83,13251.20,44397.12,20.2,21.3
4,2022-03-30,15.18,26221.19,44482.88,21.6,22.1
4,2022-03-31,17.26,38006.85,44568.65,19.8,21.8
4,2022-04-01,7.46,347.76,44654.37,15.3,16.7
4,2022-04-02,4.91,0.00,44739.98,15.5,16.6
4,2022-04-03,4.57,682.32,44825.42,16.0,16.8
4,2022-04-04,21.53,32534.20,44910.65,13.7,14.9
4,2022-04-05,24.30,43200.00,44995.59,14.1,15.8
4,2022-04-06,22.51,39600.00,45080.19,15.5,17.4
4,2022-04-07,13.70,27829.84,45164.40,15.4,16.5
4,2022-04-08,22.28,40205.89,45248.15,14.7,15.7
4,2022-04-09,21.16,36486.48,45331.39,17.3,20.4
4,2022-04-10,19.00,36000.00,45414.04,21.2,22.1
4,2022-04-11,21.27,39600.00,45496.05,21.7,22.1
4,2022-04-12,24.24,43200.00,45577.35,20.9,21.9
4,2022-04-13,23.41,43200.00,45658.00,21.3,22.1
4,2022-04-14,19.36,43200.00,45738.55,19.9,21.9
4,2022-04-15,18.24,39543.36,45819.06,18.1,19.1
4,2022-04-16,15.96,25842.90,45899.48,15.6,16.7
4,2022-04-17,14.22,24361.79,45979.74,15.7,16.3
4,2022-04-18,19.99,39021.55,46059.80,18.2,20.0
4,2022-04-19,18.09,29405.32,46139.58,15.1,16.2
4,2022-04-20,19.18,26476.02,46219.05,18.7,21.3
4,2022-04-21,22.25,43010.01,46298.12,21.5,22.2
4,2022-04-22,22.65,37930.65,46376.75,22.9,23.8
4,2022-04-23,18.82,35884.71,46454.86,23.4,23.8
4,2022-04-24,20.41,41325.01,46532.40,23.6,24.4
4,2022-04-25,24.22,43841.42,46609.31,24.1,24.5
4,2022-04-26,23.53,41043.93,46685.51,24.4,24.8
4,2022-04-27,20.60,39061.56,46760.95,23.3,24.0
4,2022-04-28,24.29,43779.53,46835.55,23.9,24.6
4,2022-04-29,21.27,28354.62,46909.24,22.5,24.5
4,2022-04-30,10.25,4774.66,46981.96,21.4,22.0
4,2022-05-01,6.25,0.00,47053.63,18.4,20.2
4,2022-05-02,5.73,0.00,47124.18,17.1,18.6
4,2022-05-03,14.66,16362.39,47193.64,18.1,19.6
4,2022-05-04,12.36,12619.72,47262.55,21.1,22.1
4,2022-05-05,19.76,35230.85,47330.93,22.1,22.4
4,2022-05-06,23.89,42755.67,47398.74,22.2,22.7
4,2022-05-07,23.51,41929.12,47465.92,22.1,22.7
4,2022-05-08,15.37,27491.20,47532.41,21.8,22.5
4,2022-05-09,10.05,5954.59,47598.14,21.6,22.0
4,2022-05-10,22.74,36000.00,47663.06,22.2,22.7
4,2022-05-11,6.78,2272.32,47727.09,22.7,23.1
4,2022-05-12,18.74,28800.00,47790.19,23.2,24.2
4,2022-05-13,15.04,22357.09,47852.27,23.5,25.0
4,2022-05-14,6.64,0.00,47913.28,22.8,23.8
4,2022-05-15,10.50,10800.00,47973.14,20.4,22.2
4,2022-05-16,5.57,0.00,48031.80,18.7,19.0
4,2022-05-17,11.94,4773.19,48089.18,19.7,20.4
4,2022-05-18,21.86,36862.63,48145.21,20.6,22.1
4,2022-05-19,4.54,0.00,48199.82,23.1,23.6
4,2022-05-20,13.55,25895.82,48252.94,21.9,22.9
4,2022-05-21,23.98,39861.66,48304.51,19.8,20.4
4,2022-05-22,21.32,33651.57,48354.44,21.7,22.6
4,2022-05-23,16.39,27362.70,48402.74,22.7,23.2
4,2022-05-24,17.27,24668.87,48449.83,22.4,22.9
4,2022-05-25,8.32,6021.94,48495.72,23.0,23.6
4,2022-05-26,14.51,23414.97,48540.39,23.6,24.1
4,2022-05-27,15.25,26746.39,48583.77,23.8,24.1
4,2022-05-28,24.74,46569.98,48625.83,24.7,25.5
4,2022-05-29,25.03,43338.44,48666.53,25.4,26.1
4,2022-05-30,25.54,44508.14,48705.82,25.7,26.1
4,2022-05-31,13.46,25955.33,48743.65,24.4,25.2
4,2022-06-01,23.10,39843.06,48779.98,25.2,25.8
4,2022-06-02,18.39,31619.77,48814.76,25.2,25.7
4,2022-06-03,21.32,42024.64,48847.95,24.8,25.6
4,2022-06-04,22.02,46624.57,48879.51,25.1,25.6
4,2022-06-05,26.31,44233.37,48909.37,25.4,26.0
4,2022-06-06,23.28,30621.59,48937.51,24.8,26.0
4,2022-06-07,14.52,17361.44,48963.87,22.4,23.3
4,2022-06-08,12.23,15908.58,48988.42,22.8,23.4
4,2022-06-09,12.77,7099.53,49011.10,23.9,24.7
4,2022-06-10,14.65,24419.92,49031.87,25.3,25.8
4,2022-06-11,20.03,37518.65,49050.70,24.4,25.2
4,2022-06-12,17.49,28143.99,49067.56,24.6,25.6
4,2022-06-13,25.83,46620.69,49082.59,25.9,26.3
4,2022-06-14,25.57,40304.61,49095.82,24.8,25.4
4,2022-06-15,20.75,29968.29,49107.25,24.0,24.8
4,2022-06-16,18.98,37999.33,49116.87,24.2,25.1
4,2022-06-17,24.22,40691.87,49124.69,24.7,25.6
4,2022-06-18,25.71,46577.96,49130.71,25.4,25.9
4,2022-06-19,24.80,42620.08,49134.92,25.4,25.7
4,2022-06-20,25.89,46553.12,49137.33,25.6,26.1
4,2022-06-21,17.43,29579.98,49137.95,25.1,25.7
4,2022-06-22,24.41,46020.29,49136.77,25.2,26.0
4,2022-06-23,27.49,47387.19,49133.80,25.2,25.9
4,2022-06-24,26.61,43764.28,49129.05,25.2,25.6
4,2022-06-25,15.15,20001.75,49122.51,24.9,25.4
4,2022-06-26,19.13,40003.49,49114.20,24.7,25.6
4,2022-06-27,26.22,47297.87,49104.12,24.9,25.2
4,2022-06-28,25.95,45478.21,49092.27,24.5,24.7
4,2022-06-29,17.00,23772.35,49078.67,24.0,24.4
4,2022-06-30,22.05,41478.17,49063.33,23.9,24.4
4,2022-07-01,17.73,32839.06,49046.24,24.0,24.4
4,2022-07-02,20.63,43733.31,49027.39,24.0,24.9
4,2022-07-03,23.81,41076.07,49006.58,24.6,25.2
4,2022-07-04,18.61,34970.51,48983.84,25.1,25.6
4,2022-07-05,20.65,34786.56,48959.20,24.9,25.5
4,2022-07-06,22.65,46822.99,48932.71,25.0,25.6
4,2022-07-07,26.10,47350.54,48904.43,25.4,25.8
4,2022-07-08,27.32,47601.82,48874.40,25.6,25.8
4,2022-07-09,27.55,47027.99,48842.67,25.6,25.9
4,2022-07-10,27.67,47278.85,48809.30,25.1,25.3
4,2022-07-11,27.64,47529.16,48774.33,24.6,24.8
4,2022-07-12,26.57,47231.16,48737.81,24.3,25.3
4,2022-07-13,27.02,44794.14,48699.80,25.1,25.8
4,2022-07-14,26.40,45080.77,48660.34,25.9,26.2
4,2022-07-15,24.43,42442.23,48619.48,26.1,26.7
4,2022-07-16,24.11,41971.65,48577.28,27.0,27.6
4,2022-07-17,25.51,43140.39,48533.76,26.9,27.3
4,2022-07-18,22.33,41976.20,48489.01,26.3,26.5
4,2022-07-19,24.47,45091.01,48443.05,26.0,26.4
4,2022-07-20,26.79,46260.45,48395.94,26.1,26.5
4,2022-07-21,27.79,46765.74,48347.71,26.1,26.2
4,2022-07-22,27.77,46747.83,48298.35,26.3,26.6
4,2022-07-23,27.71,46730.29,48247.42,26.0,26.4
4,2022-07-24,27.53,46713.15,48194.92,25.6,26.1
4,2022-07-25,27.24,46347.24,48140.90,24.7,24.9
4,2022-07-26,27.03,46366.39,48085.46,24.8,25.6
4,2022-07-27,26.52,46386.11,48028.64,24.9,25.9
4,2022-07-28,27.16,45871.06,47970.54,25.2,25.8
4,2022-07-29,22.57,39600.00,47911.21,24.7,25.4
4,2022-07-30,25.64,43661.58,47850.74,24.9,25.6
4,2022-07-31,19.85,27465.93,47789.17,25.1,25.8
4,2022-08-01,10.63,7200.00,47726.59,25.0,26.0
4,2022-08-02,11.36,18662.89,47663.06,24.2,24.9
4,2022-08-03,22.74,44691.14,47598.64,24.6,25.0
4,2022-08-04,25.65,44445.20,47533.40,24.6,25.2
4,2022-08-05,26.02,44736.59,47467.40,24.6,25.2
4,2022-08-06,25.37,44500.40,47400.70,24.4,24.7
4,2022-08-07,24.72,43675.08,47333.37,24.2,24.5
4,2022-08-08,24.71,44473.84,47265.46,24.5,25.3
4,2022-08-09,26.23,44220.72,47197.03,24.6,25.3
4,2022-08-10,26.42,43706.39,47128.15,24.1,24.6
4,2022-08-11,25.35,44239.60,47058.78,24.9,25.4
4,2022-08-12,25.63,44248.87,46988.37,24.4,24.8
4,2022-08-13,24.34,43736.62,46916.91,25.1,25.4
4,2022-08-14,25.80,43486.24,46844.47,25.1,25.6
4,2022-08-15,24.23,44016.31,46771.10,25.1,25.6
4,2022-08-16,25.94,43766.14,46696.89,24.8,25.3
4,2022-08-17,24.85,39600.00,46621.88,24.6,25.4
4,2022-08-18,23.00,43526.71,46546.16,25.2,25.6
4,2022-08-19,25.70,43795.07,46469.78,25.0,25.1
4,2022-08-20,25.84,43804.65,46392.81,24.7,25.2
4,2022-08-21,25.01,41165.26,46315.30,25.0,25.4
4,2022-08-22,26.19,43308.92,46237.32,24.5,25.4
4,2022-08-23,25.29,43576.05,46158.93,25.4,25.7
4,2022-08-24,23.07,43137.14,46080.19,25.0,25.7
4,2022-08-25,25.37,43339.17,46001.15,25.4,25.7
4,2022-08-26,25.48,43349.19,45921.87,25.5,26.1
4,2022-08-27,21.90,32517.65,45842.41,24.6,25.7
4,2022-08-28,23.20,41656.51,45762.82,23.9,24.7
4,2022-08-29,24.89,43379.12,45683.15,24.8,25.1
4,2022-08-30,25.05,43389.06,45603.48,24.8,25.4
4,2022-08-31,23.39,39600.00,45523.73,25.5,26.1
4,2022-09-01,11.04,13261.37,45443.37,25.2,26.1
4,2022-09-02,20.77,36000.00,45362.35,25.2,25.8
4,2022-09-03,7.34,4742.86,45280.75,25.1,25.8
4,2022-09-04,2.52,0.00,45198.60,25.4,27.3
4,2022-09-05,16.41,29320.07,45115.98,25.6,26.4
4,2022-09-06,19.14,36000.00,45032.93,24.8,25.2
4,2022-09-07,12.25,21324.36,44949.52,22.4,24.6
4,2022-09-08,23.47,42948.56,44865.79,19.8,20.5
4,2022-09-09,23.94,42885.32,44781.81,20.8,22.3
4,2022-09-10,19.36,33550.28,44697.62,23.9,24.7
4,2022-09-11,9.73,9475.98,44613.28,24.4,24.9
4,2022-09-12,1.09,0.00,44528.84,24.3,25.4
4,2022-09-13,9.74,7227.07,44444.35,23.6,24.5
4,2022-09-14,21.45,42566.65,44359.87,23.9,24.3
4,2022-09-15,22.98,42503.01,44275.45,23.4,23.9
4,2022-09-16,23.33,42439.58,44191.14,23.6,23.7
4,2022-09-17,23.40,42376.45,44106.98,23.1,23.5
4,2022-09-18,21.68,42313.71,44023.04,23.0,23.5
4,2022-09-19,19.51,41338.61,43939.35,22.0,22.9
4,2022-09-20,20.96,39443.92,43855.88,20.1,22.1
4,2022-09-21,14.82,25321.70,43772.05,19.8,22.3
4,2022-09-22,21.99,41396.02,43687.81,20.2,21.1
4,2022-09-23,22.44,39377.65,43603.23,21.5,23.0
4,2022-09-24,18.68,36998.42,43518.36,23.3,23.8
4,2022-09-25,18.86,40037.55,43433.25,24.2,24.4
4,2022-09-26,22.54,40766.69,43347.96,24.0,24.5
4,2022-09-27,22.90,41051.61,43262.55,22.8,23.6
4,2022-09-28,22.33,40578.91,43177.07,23.6,23.9
4,2022-09-29,22.42,40611.34,43091.57,23.4,23.9
4,2022-09-30,22.29,40390.95,43006.12,23.5,23.8
4,2022-10-01,21.60,39917.36,42920.77,23.6,23.9
4,2022-10-02,21.51,40202.26,42835.56,23.5,23.7
4,2022-10-03,21.97,39980.93,42750.58,22.9,23.4
4,2022-10-04,20.78,39600.00,42665.85,23.0,23.5
4,2022-10-05,20.01,39715.29,42581.45,23.1,23.5
4,2022-10-06,17.21,39600.00,42497.43,22.9,23.2
4,2022-10-07,14.20,32423.64,42413.85,22.7,23.2
4,2022-10-08,12.42,32015.87,42330.76,21.7,22.8
4,2022-10-09,12.16,20447.65,42248.23,21.9,22.5
4,2022-10-10,5.34,0.00,42166.20,19.0,20.6
4,2022-10-11,12.14,17022.22,42084.05,17.9,20.0
4,2022-10-12,6.99,7234.14,42001.73,20.5,21.7
4,2022-10-13,17.79,39600.00,41919.31,21.8,22.4
4,2022-10-14,17.68,36102.31,41836.84,23.0,24.0
4,2022-10-15,16.70,34143.43,41754.40,24.2,24.5
4,2022-10-16,7.39,10745.15,41672.05,24.4,24.9
4,2022-10-17,15.74,33712.37,41589.85,21.7,23.8
4,2022-10-18,4.96,0.00,41507.86,18.3,19.0
4,2022-10-19,8.81,5520.69,41426.17,17.1,18.8
4,2022-10-20,15.56,34633.68,41344.82,18.8,20.8
4,2022-10-21,9.23,13630.48,41263.90,23.7,24.7
4,2022-10-22,13.50,29908.66,41183.46,23.9,24.8
4,2022-10-23,8.92,11146.81,41103.59,20.5,22.3
4,2022-10-24,15.39,34193.08,41024.35,16.1,17.3
4,2022-10-25,12.45,27781.06,40945.81,15.9,18.2
4,2022-10-26,16.42,39600.00,40868.05,18.0,19.4
4,2022-10-27,17.99,39600.00,40791.14,19.9,20.6
4,2022-10-28,15.62,39154.31,40715.16,20.5,21.0
4,2022-10-29,16.15,36603.96,40640.19,21.0,21.5
4,2022-10-30,8.25,11268.73,40566.17,22.4,23.3
4,2022-10-31,3.27,0.00,40492.44,22.4,23.2
4,2022-11-01,4.55,1185.41,40418.96,21.5,22.2
4,2022-11-02,2.87,1747.81,40345.78,22.5,23.5
4,2022-11-03,11.09,21276.57,40273.00,22.9,23.4
4,2022-11-04,13.17,26769.53,40200.68,20.3,22.0
4,2022-11-05,8.97,16983.56,40128.89,18.3,19.7
4,2022-11-06,7.15,15486.23,40057.72,19.1,19.7
4,2022-11-07,15.33,39122.66,39987.24,19.5,20.0
4,2022-11-08,14.95,37458.22,39917.53,21.3,22.0
4,2022-11-09,12.28,35998.20,39848.68,21.5,22.3
4,2022-11-10,8.11,11670.80,39780.77,22.3,23.1
4,2022-11-11,14.37,37980.17,39713.87,22.9,23.4
4,2022-11-12,16.23,39167.06,39648.07,23.8,24.0
4,2022-11-13,14.82,38368.13,39583.47,22.2,23.2
4,2022-11-14,15.27,35865.51,39520.14,19.6,20.9
4,2022-11-15,15.43,30490.19,39458.17,19.4,20.2
4,2022-11-16,9.72,23418.78,39397.65,20.7,21.4
4,2022-11-17,13.97,38666.16,39338.68,21.5,22.2
4,2022-11-18,15.12,38116.25,39281.35,22.1,22.6
4,2022-11-19,15.62,37862.65,39225.62,21.4,22.0
4,2022-11-20,12.13,35080.96,39170.90,20.6,21.1
4,2022-11-21,15.82,35742.93,39117.14,20.2,20.5
4,2022-11-22,11.62,30315.21,39064.41,21.7,22.3
4,2022-11-23,7.50,14400.00,39012.76,20.8,22.2
4,2022-11-24,6.49,3418.35,38962.27,21.3,21.8
4,2022-11-25,13.36,32810.53,38913.01,21.9,22.6
4,2022-11-26,10.85,23284.16,38865.04,19.9,21.6
4,2022-11-27,11.49,24430.13,38818.44,21.1,21.9
4,2022-11-28,12.81,38274.97,38773.27,22.3,22.5
4,2022-11-29,15.02,35694.88,38729.61,21.8,22.6
4,2022-11-30,4.80,3969.84,38687.52,18.8,20.4
4,2022-12-01,4.27,0.00,38647.09,19.3,19.9
4,2022-12-02,3.01,1381.46,38608.36,20.9,21.8
4,2022-12-03,12.23,33215.44,38571.43,21.6,22.0
4,2022-12-04,11.33,34698.93,38536.36,20.8,21.3
4,2022-12-05,7.15,17120.43,38503.23,18.8,21.1
4,2022-12-06,5.75,6804.28,38472.10,17.1,18.2
4,2022-12-07,11.84,33286.54,38443.05,17.8,18.9
4,2022-12-08,5.41,4781.62,38416.16,20.2,21.5
4,2022-12-09,6.71,11151.87,38391.42,19.8,20.9
4,2022-12-10,11.17,35772.13,38368.53,19.3,19.7
4,2022-12-11,2.72,0.00,38347.45,17.7,19.0
4,2022-12-12,3.60,1042.10,38328.19,17.1,17.9
4,2022-12-13,5.38,5945.30,38310.77,16.5,17.5
4,2022-12-14,3.66,0.00,38295.22,16.1,17.0
4,2022-12-15,2.87,0.00,38281.54,19.2,20.6
4,2022-12-16,12.00,32007.80,38269.75,20.2,21.2
4,2022-12-17,3.19,0.00,38259.87,13.3,17.8
4,2022-12-18,4.86,0.00,38251.90,9.6,10.5
4,2022-12-19,8.84,17680.98,38245.88,11.0,12.4
4,2022-12-20,9.32,19926.57,38241.79,13.1,15.3
4,2022-12-21,13.18,32400.00,38239.67,13.0,17.0
4,2022-12-22,15.63,36000.00,38239.52,9.5,10.9
4,2022-12-23,9.64,21305.87,38241.35,9.2,9.6
4,2022-12-24,9.39,22981.31,38245.17,9.0,9.8
4,2022-12-25,7.45,13106.21,38251.01,10.8,12.5
4,2022-12-26,10.76,27231.12,38258.84,10.3,11.7
4,2022-12-27,7.84,11913.23,38268.69,12.7,14.7
4,2022-12-28,10.26,31426.07,38280.58,15.6,16.3
4,2022-12-29,2.40,0.00,38294.52,17.0,17.9
4,2022-12-30,3.83,1561.53,38310.67,17.1,17.8
4,2022-12-31,7.56,12324.72,38329.01,16.6,17.7
4,2023-01-01,4.10,460.59,38349.49,16.6,17.6
4,2023-01-02,4.68,2933.26,38372.06,16.1,17.2
4,2023-01-03,5.96,12370.24,38396.65,15.7,17.3
4,2023-01-04,4.75,5119.66,38423.22,16.3,16.9
4,2023-01-05,3.79,0.00,38451.70,17.2,17.8
4,2023-01-06,4.29,3143.17,38482.05,16.3,17.7
4,2023-01-07,11.28,30389.95,38514.20,12.3,12.8
4,2023-01-08,12.53,28800.86,38548.12,13.7,15.0
4,2023-01-09,9.67,18088.20,38583.73,15.8,16.1
4,2023-01-10,14.27,32983.15,38620.98,14.6,15.5
4,2023-01-11,8.16,22668.57,38659.82,15.6,17.1
4,2023-01-12,14.88,36000.00,38700.19,19.0,20.1
4,2023-01-13,14.76,36000.00,38742.04,20.7,21.2
4,2023-01-14,5.95,7701.61,38785.31,20.6,21.4
4,2023-01-15,4.70,1162.89,38829.95,15.3,17.9
4,2023-01-16,6.88,6273.68,38875.90,13.2,13.7
4,2023-01-17,7.63,12211.61,38923.11,13.8,15.1
4,2023-01-18,3.98,0.00,38971.63,14.2,14.7
4,2023-01-19,10.51,21675.06,39021.99,14.2,15.3
4,2023-01-20,4.32,1467.79,39074.20,14.2,15.3
4,2023-01-21,10.52,26558.24,39128.16,15.7,17.3
4,2023-01-22,5.37,5618.42,39183.79,18.1,19.1
4,2023-01-23,7.83,14107.77,39241.01,16.0,16.7
4,2023-01-24,4.07,23.72,39299.71,9.5,13.2
4,2023-01-25,6.79,1348.61,39359.82,8.8,10.7
4,2023-01-26,14.82,36070.08,39421.23,13.1,14.3
4,2023-01-27,5.94,3600.00,39483.88,9.3,12.4
4,2023-01-28,7.31,2351.96,39547.67,7.6,8.4
4,2023-01-29,13.07,25686.36,39612.52,7.7,9.0
4,2023-01-30,17.60,36294.35,39678.35,8.9,9.9
4,2023-01-31,17.78,36489.68,39745.08,12.7,14.1
4,2023-02-01,7.04,5478.43,39812.63,16.1,17.8
4,2023-02-02,5.59,0.00,39880.91,15.6,17.8
4,2023-02-03,7.08,4045.96,39949.86,15.0,15.6
4,2023-02-04,11.83,15448.14,40019.38,15.9,16.6
4,2023-02-05,5.29,1072.71,40089.42,17.9,18.4
4,2023-02-06,6.37,9661.96,40159.90,18.3,19.0
4,2023-02-07,7.62,10560.31,40230.86,18.0,19.2
4,2023-02-08,9.42,10853.39,40302.99,17.8,19.1
4,2023-02-09,10.44,20594.54,40376.34,19.8,20.2
4,2023-02-10,6.15,5924.56,40450.80,18.5,19.8
4,2023-02-11,9.86,22890.39,40526.31,20.6,21.1
4,2023-02-12,18.79,37270.24,40602.77,20.8,21.6
4,2023-02-13,15.12,29948.91,40680.11,18.6,21.9
4,2023-02-14,6.41,2608.25,40758.25,13.3,14.9
4,2023-02-15,7.79,3566.75,40837.10,11.0,12.5
4,2023-02-16,10.30,15247.72,40916.59,11.4,13.7
4,2023-02-17,16.96,33062.92,40996.64,16.3,17.7
4,2023-02-18,18.08,38618.94,41077.18,16.5,17.2
4,2023-02-19,16.29,35914.46,41158.12,15.2,17.9
4,2023-02-20,11.61,21680.43,41239.40,11.7,13.6
4,2023-02-21,7.83,7687.51,41320.95,12.8,14.4
4,2023-02-22,10.47,17063.80,41402.70,15.6,18.0
4,2023-02-23,15.18,33691.17,41484.56,18.8,19.4
4,2023-02-24,9.15,14400.00,41566.47,15.9,19.0
4,2023-02-25,8.07,5604.11,41648.37,12.5,15.1
4,2023-02-26,8.32,2242.92,41730.18,9.7,10.4
4,2023-02-27,12.60,23631.31,41811.97,12.4,15.6
4,2023-02-28,18.87,34544.67,41894.38,16.0,16.9
4,2023-03-01,9.44,13872.76,41977.48,16.4,17.6
4,2023-03-02,14.58,25566.02,42061.20,10.5,12.5
4,2023-03-03,16.53,33764.80,42145.48,9.8,11.3
4,2023-03-04,15.24,37171.18,42230.24,11.1,11.9
4,2023-03-05,22.23,41896.98,42315.44,10.7,11.7
4,2023-03-06,22.28,40200.76,42401.00,9.5,10.4
4,2023-03-07,19.68,40233.30,42486.85,9.9,11.6
4,2023-03-08,16.97,42011.51,42572.96,13.1,14.2
4,2023-03-09,20.29,42243.15,42659.23,14.6,16.6
4,2023-03-10,22.04,42329.97,42745.62,13.7,14.3
4,2023-03-11,20.55,39931.49,42832.07,14.1,15.8
4,2023-03-12,20.01,38769.08,42918.52,15.7,16.6
4,2023-03-13,9.51,6331.87,43004.90,13.2,14.1
4,2023-03-14,6.61,2548.11,43091.15,15.5,16.7
4,2023-03-15,15.78,37062.52,43177.23,17.9,18.4
4,2023-03-16,18.61,41546.94,43263.05,18.3,18.8
4,2023-03-17,19.91,38438.76,43348.56,18.4,19.3
4,2023-03-18,6.94,589.01,43433.72,16.9,17.4
4,2023-03-19,13.85,18000.00,43518.55,18.3,19.5
4,2023-03-20,8.14,2358.49,43603.69,19.9,20.6
4,2023-03-21,13.65,23397.60,43689.17,22.1,22.6
4,2023-03-22,20.36,40957.85,43774.95,22.5,23.1
4,2023-03-23,18.23,36520.97,43860.97,21.7,23.1
4,2023-03-24,18.46,37332.52,43947.17,20.6,21.5
4,2023-03-25,8.92,4438.01,44033.51,19.4,20.2
4,2023-03-26,5.95,0.00,44119.92,16.6,18.2
4,2023-03-27,14.07,25317.74,44206.35,17.3,17.8
4,2023-03-28,9.88,6712.02,44292.74,17.9,18.5
4,2023-03-29,13.21,20442.57,44379.04,19.8,20.4
4,2023-03-30,14.49,29422.40,44465.19,18.6,19.9
4,2023-03-31,17.27,28752.42,44551.14,16.8,17.5
4,2023-04-01,11.22,16396.32,44636.82,17.8,18.4
4,2023-04-02,23.21,43200.00,44722.18,15.8,17.0
4,2023-04-03,24.45,39600.00,44807.16,14.4,15.5
4,2023-04-04,17.47,34200.41,44891.71,16.6,18.7
4,2023-04-05,18.42,37033.78,44975.75,19.4,20.3
4,2023-04-06,11.42,20220.94,45059.24,20.7,21.6
4,2023-04-07,7.63,5499.66,45142.10,15.4,18.5
4,2023-04-08,15.80,30870.64,45224.39,10.8,12.8
4,2023-04-09,23.30,39600.00,45306.69,11.5,14.0
4,2023-04-10,21.07,41878.90,45389.04,14.4,16.5
4,2023-04-11,20.19,39600.00,45471.39,17.3,18.6
4,2023-04-12,22.43,40900.12,45553.69,20.1,21.2
4,2023-04-13,23.86,43200.00,45635.88,21.1,22.3
4,2023-04-14,20.70,37664.45,45717.89,22.5,22.8
4,2023-04-15,16.94,32531.60,45799.69,20.1,21.6
4,2023-04-16,25.99,43542.58,45881.19,19.7,20.4
4,2023-04-17,26.30,43200.00,45962.36,20.8,21.7
4,2023-04-18,22.57,32562.74,46043.12,22.4,23.0
4,2023-04-19,21.88,39125.16,46123.41,23.0,24.2
4,2023-04-20,13.26,18801.38,46203.17,21.0,22.2
4,2023-04-21,16.64,35420.60,46282.34,19.0,20.3
4,2023-04-22,23.59,43200.00,46360.85,17.5,18.0
4,2023-04-23,24.43,39600.00,46438.65,18.3,19.1
4,2023-04-24,13.20,10025.65,46515.65,20.0,20.8
4,2023-04-25,16.64,28537.93,46591.80,19.4,19.9
4,2023-04-26,8.82,1153.21,46667.01,16.6,18.7
4,2023-04-27,16.44,31794.14,46741.23,20.1,21.1
4,2023-04-28,18.24,37129.96,46814.49,22.0,22.7
4,2023-04-29,22.11,39584.18,46887.33,22.2,23.1
4,2023-04-30,6.42,0.00,46959.80,19.3,20.3
4,2023-05-01,16.16,18851.45,47031.84,19.3,21.2
4,2023-05-02,18.37,37846.50,47103.40,22.1,22.5
4,2023-05-03,22.01,40880.53,47174.40,23.2,23.4
4,2023-05-04,21.61,36296.77,47244.80,23.4,23.9
4,2023-05-05,24.19,39600.00,47314.52,23.9,24.5
4,2023-05-06,16.97,24425.74,47383.51,24.4,24.6
4,2023-05-07,12.18,14395.23,47451.70,21.3,24.5
4,2023-05-08,7.46,5235.88,47519.02,18.3,19.9
4,2023-05-09,24.38,45334.64,47585.42,14.6,15.7
4,2023-05-10,25.91,45597.57,47650.80,16.0,18.3
4,2023-05-11,24.29,44632.44,47715.13,17.4,19.5
4,2023-05-12,22.70,31070.49,47778.31,18.2,18.9
4,2023-05-13,9.85,7754.55,47840.29,19.6,21.3
4,2023-05-14,7.88,3910.30,47900.99,17.4,19.1
4,2023-05-15,9.47,7449.98,47960.33,18.6,21.1
4,2023-05-16,24.54,42698.35,48018.25,20.3,22.1
4,2023-05-17,10.99,8042.65,48074.66,23.7,25.0
4,2023-05-18,24.94,39600.00,48129.59,24.5,25.2
4,2023-05-19,20.19,39112.86,48183.48,21.3,23.1
4,2023-05-20,25.93,44549.47,48236.37,21.5,23.1
4,2023-05-21,24.64,44543.14,48288.21,24.0,25.3
4,2023-05-22,21.30,32400.00,48338.94,23.7,25.7
4,2023-05-23,21.50,38685.01,48388.52,17.5,18.8
4,2023-05-24,26.70,45882.13,48436.89,18.5,20.6
4,2023-05-25,26.58,46522.74,48484.01,21.9,22.6
4,2023-05-26,27.28,46538.06,48529.80,21.0,21.6
4,2023-05-27,28.05,45876.24,48574.24,21.5,23.9
4,2023-05-28,26.07,46565.31,48617.26,24.2,24.7
4,2023-05-29,22.52,34801.77,48658.80,24.4,24.7
4,2023-05-30,21.79,40088.11,48698.81,24.4,24.7
4,2023-05-31,14.98,23719.57,48737.24,23.9,24.4
4,2023-06-01,12.90,25006.59,48774.04,23.9,24.3
4,2023-06-02,26.62,46614.22,48809.14,24.6,25.1
4,2023-06-03,26.87,46851.71,48842.51,23.7,25.0
4,2023-06-04,26.47,45603.49,48874.06,23.9,24.5
4,2023-06-05,25.80,46630.82,48903.76,24.1,24.3
4,2023-06-06,26.79,45606.66,48931.56,24.7,25.1
4,2023-06-07,26.37,40353.07,48957.44,24.0,24.5
4,2023-06-08,26.11,43959.40,48981.61,23.5,24.0
4,2023-06-09,21.06,35927.33,49004.12,23.6,24.1
4,2023-06-10,18.33,30992.22,49024.94,23.6,24.3
4,2023-06-11,17.99,21883.00,49044.05,23.7,24.4
4,2023-06-12,6.30,792.00,49061.46,23.4,24.2
4,2023-06-13,15.18,20707.11,49077.13,23.8,24.5
4,2023-06-14,20.26,38403.91,49091.06,23.5,24.2
4,2023-06-15,9.87,4819.96,49103.24,23.2,24.1
4,2023-06-16,4.31,0.00,49113.66,25.0,26.1
4,2023-06-17,15.38,20184.49,49122.30,25.1,25.6
4,2023-06-18,19.77,42726.15,49129.15,25.7,25.9
4,2023-06-19,19.96,40039.94,49134.20,25.8,26.0
4,2023-06-20,26.85,47173.49,49137.45,25.9,26.5
4,2023-06-21,27.41,44356.87,49138.88,25.3,25.8
4,2023-06-22,26.46,45687.11,49138.49,25.6,26.4
4,2023-06-23,24.02,42949.22,49136.26,25.1,25.6
4,2023-06-24,26.97,47369.88,49132.20,24.8,25.4
4,2023-06-25,27.34,47349.60,49126.30,24.9,25.3
4,2023-06-26,27.20,47606.82,49118.54,24.5,24.7
4,2023-06-27,22.92,40954.49,49108.92,24.7,25.1
4,2023-06-28,12.45,18867.09,49097.31,24.9,25.4
4,2023-06-29,19.11,35946.36,49083.74,25.1,25.5
4,2023-06-30,16.88,28952.32,49068.24,25.3,25.6
4,2023-07-01,19.67,37315.35,49050.85,25.8,26.2
4,2023-07-02,26.38,46880.62,49031.62,25.8,26.2
4,2023-07-03,25.64,46897.96,49010.56,25.2,26.1
4,2023-07-04,26.13,47150.21,48987.74,26.4,27.0
4,2023-07-05,27.29,47401.81,48963.19,26.6,27.3
4,2023-07-06,27.30,47101.58,48936.93,26.7,27.2
4,2023-07-07,27.22,46801.80,48909.03,26.6,27.2
4,2023-07-08,27.14,46375.55,48879.51,26.2,26.7
4,2023-07-09,26.40,47578.46,48848.42,26.0,26.5
4,2023-07-10,26.86,46944.17,48815.80,25.2,26.1
4,2023-07-11,25.24,46981.28,48781.68,25.3,25.9
4,2023-07-12,27.31,47232.17,48746.11,25.1,25.6
4,2023-07-13,26.94,47482.93,48709.14,25.2,25.5
4,2023-07-14,26.19,46715.11,48670.79,25.6,25.9
4,2023-07-15,26.08,46034.26,48631.12,25.3,25.7
4,2023-07-16,24.76,44562.28,48590.15,24.9,25.2
4,2023-07-17,25.13,43524.14,48547.86,25.4,26.0
4,2023-07-18,17.68,34519.25,48503.88,25.3,25.8
4,2023-07-19,24.44,45358.19,48458.19,25.3,25.7
4,2023-07-20,25.56,45172.68,48410.86,24.9,25.3
4,2023-07-21,26.83,46272.47,48361.97,24.4,24.7
4,2023-07-22,27.10,46214.89,48311.58,25.1,25.5
4,2023-07-23,26.56,45496.94,48259.77,24.9,25.5
4,2023-07-24,26.79,44978.64,48206.58,24.9,25.6
4,2023-07-25,22.98,39600.00,48152.12,25.3,25.8
4,2023-07-26,14.93,15219.45,48096.40,25.4,25.6
4,2023-07-27,13.73,16998.47,48039.54,25.3,25.9
4,2023-07-28,14.10,16061.59,47981.58,25.2,26.1
4,2023-07-29,23.32,39974.17,47922.58,25.1,25.7
4,2023-07-30,21.70,44310.75,47862.61,24.9,25.4
4,2023-07-31,23.86,45193.99,47801.73,24.8,25.2
4,2023-08-01,19.84,42541.45,47740.00,25.4,26.0
4,2023-08-02,22.30,32400.00,47677.48,25.3,26.3
4,2023-08-03,3.94,0.00,47614.24,25.1,27.0
4,2023-08-04,4.32,3600.00,47550.33,26.5,27.6
4,2023-08-05,23.30,44443.44,47485.80,27.0,28.5
4,2023-08-06,25.63,44716.37,47420.63,26.9,27.9
4,2023-08-07,25.35,44198.56,47354.29,27.0,27.8
4,2023-08-08,19.33,36486.04,47286.76,25.7,26.3
4,2023-08-09,22.21,42204.87,47218.11,26.3,26.9
4,2023-08-10,24.98,39600.00,47148.42,25.5,26.4
4,2023-08-11,17.72,32956.33,47077.74,24.4,24.9
4,2023-08-12,23.97,43984.37,47006.16,25.3,25.7
4,2023-08-13,25.94,43994.01,46933.74,25.4,26.0
4,2023-08-14,25.42,44003.62,46860.55,25.7,26.2
4,2023-08-15,25.82,43493.15,46786.64,26.2,27.1
4,2023-08-16,23.02,43200.00,46712.10,25.1,26.1
4,2023-08-17,20.84,39426.70,46636.96,24.5,25.0
4,2023-08-18,22.45,36575.11,46561.31,23.6,23.8
4,2023-08-19,23.72,43200.00,46485.20,24.5,25.1
4,2023-08-20,23.63,43544.07,46408.69,24.8,25.2
4,2023-08-21,25.51,43811.86,46331.84,25.0,25.3
4,2023-08-22,25.61,43564.08,46254.71,25.1,25.4
4,2023-08-23,25.36,43574.02,46177.35,25.0,25.3
4,2023-08-24,25.12,43200.00,46099.83,25.1,26.0
4,2023-08-25,23.68,43337.31,46022.20,25.1,25.5
4,2023-08-26,23.01,39747.40,45944.40,24.8,25.1
4,2023-08-27,22.03,43200.00,45865.91,24.6,24.9
4,2023-08-28,23.88,42709.51,45786.67,24.8,25.2
4,2023-08-29,23.62,43200.00,45706.76,25.3,25.7
4,2023-08-30,23.35,43200.00,45626.22,25.2,25.9
4,2023-08-31,23.46,43200.00,45545.12,25.3,25.8
4,2023-09-01,18.29,32686.37,45463.52,25.5,25.8
4,2023-09-02,21.15,38713.83,45381.48,25.4,26.0
4,2023-09-03,7.76,4349.94,45299.04,25.2,25.9
4,2023-09-04,16.22,27494.42,45216.28,25.1,25.6
4,2023-09-05,21.25,40764.02,45133.24,24.9,25.4
4,2023-09-06,22.18,40577.70,45049.97,24.5,25.0
4,2023-09-07,9.27,3100.15,44966.53,23.8,24.3
4,2023-09-08,11.79,21727.26,44882.98,22.7,23.4
4,2023-09-09,24.58,42925.87,44799.37,22.3,23.0
4,2023-09-10,23.28,42873.11,44715.75,22.4,22.8
4,2023-09-11,23.88,42771.15,44632.17,22.9,23.5
4,2023-09-12,24.24,42768.14,44548.68,23.2,23.5
4,2023-09-13,24.43,42646.54,44465.33,23.7,24.9
4,2023-09-14,22.62,41250.42,44382.18,24.6,25.0
4,2023-09-15,22.06,42523.06,44299.17,24.4,25.0
4,2023-09-16,23.06,42460.96,44215.75,24.2,24.4
4,2023-09-17,21.59,42398.27,44131.88,24.2,24.4
4,2023-09-18,23.33,42019.46,44047.59,24.3,24.9
4,2023-09-19,22.41,42271.43,43962.96,24.1,24.4
4,2023-09-20,22.71,42082.12,43878.04,24.2,24.4
4,2023-09-21,22.30,40852.09,43792.88,24.4,24.9
4,2023-09-22,20.89,41136.60,43707.54,24.3,24.8
4,2023-09-23,21.75,41421.27,43622.06,24.2,24.8
4,2023-09-24,22.66,41706.12,43536.51,24.0,24.3
4,2023-09-25,21.06,40981.45,43450.94,24.1,24.5
4,2023-09-26,20.37,40004.12,43365.40,24.1,24.6
4,2023-09-27,21.52,40793.99,43279.94,24.0,24.4
4,2023-09-28,21.39,39191.70,43194.62,24.3,24.8
4,2023-09-29,19.18,39847.98,43109.50,25.0,25.3
4,2023-09-30,20.79,40385.29,43024.62,24.9,25.3
4,2023-10-01,21.23,39911.28,42940.04,24.1,24.9
4,2023-10-02,20.01,36595.50,42855.82,22.6,25.0
4,2023-10-03,13.59,27944.76,42772.01,25.5,26.0
4,2023-10-04,11.88,21256.70,42688.66,25.3,26.2
4,2023-10-05,18.65,39600.00,42605.73,24.8,25.3
4,2023-10-06,17.81,39600.00,42522.60,24.2,25.0
4,2023-10-07,15.64,33497.35,42439.23,24.5,24.9
4,2023-10-08,17.52,30534.93,42355.69,23.6,24.2
4,2023-10-09,17.51,36000.00,42272.03,23.7,24.1
4,2023-10-10,13.15,26111.33,42188.30,22.9,23.8
4,2023-10-11,10.50,17448.91,42104.58,20.4,21.9
4,2023-10-12,20.17,38617.47,42020.93,20.8,21.9
4,2023-10-13,19.83,39600.00,41937.41,19.3,20.7
4,2023-10-14,17.60,36000.00,41854.08,20.0,20.8
4,2023-10-15,11.78,20346.24,41771.01,19.2,20.1
4,2023-10-16,8.66,11996.00,41688.26,16.9,17.7
4,2023-10-17,13.94,24915.52,41605.89,18.6,20.4
4,2023-10-18,9.64,14612.97,41523.97,20.3,21.6
4,2023-10-19,19.47,36000.00,41442.58,19.6,20.0
4,2023-10-20,14.42,25200.00,41361.77,21.4,23.0
4,2023-10-21,7.12,8114.16,41281.62,19.3,20.4
4,2023-10-22,13.56,30671.41,41202.18,19.5,20.4
4,2023-10-23,16.24,32400.00,41123.55,20.1,20.4
4,2023-10-24,17.92,36000.00,41045.79,21.7,23.1
4,2023-10-25,17.72,39600.00,40968.84,21.1,22.8
4,2023-10-26,19.09,38730.29,40892.04,20.3,20.8
4,2023-10-27,11.47,20749.75,40815.36,19.6,20.9
4,2023-10-28,6.35,8753.81,40738.85,19.1,19.7
4,2023-10-29,8.31,9812.97,40662.58,18.6,19.8
4,2023-10-30,13.47,30852.94,40586.65,19.6,20.7
4,2023-10-31,10.32,32034.48,40511.10,19.7,20.7
4,2023-11-01,16.40,39600.00,40436.02,20.5,21.1
4,2023-11-02,14.50,36000.00,40361.49,21.3,22.0
4,2023-11-03,17.91,36058.99,40287.58,21.3,21.9
4,2023-11-04,11.97,39574.41,40214.37,21.4,22.0
4,2023-11-05,17.19,39536.74,40141.95,21.3,21.6
4,2023-11-06,17.13,36000.00,40070.38,21.6,22.9
4,2023-11-07,10.66,25993.10,39999.76,17.7,20.0
4,2023-11-08,15.28,39144.96,39930.17,18.3,20.0
4,2023-11-09,16.64,39382.90,39861.68,21.6,23.5
4,2023-11-10,15.75,35972.40,39794.39,22.6,23.5
4,2023-11-11,7.36,7358.70,39728.39,21.7,22.4
4,2023-11-12,9.19,21033.87,39663.76,19.4,21.3
4,2023-11-13,6.04,6059.20,39600.59,16.2,17.8
4,2023-11-14,4.81,152.50,39538.85,17.8,19.6
4,2023-11-15,7.83,14458.09,39477.90,18.9,19.4
4,2023-11-16,8.55,17063.62,39417.70,18.0,20.5
4,2023-11-17,12.00,28477.79,39358.31,11.5,13.1
4,2023-11-18,10.67,30601.46,39299.81,11.9,13.4
4,2023-11-19,14.41,38753.16,39242.26,13.1,14.5
4,2023-11-20,15.36,34073.93,39185.74,14.7,17.1
4,2023-11-21,14.87,37484.56,39130.33,14.8,15.7
4,2023-11-22,15.47,38583.73,39076.10,15.2,16.7
4,2023-11-23,14.79,36816.61,39023.13,16.2,17.8
4,2023-11-24,11.35,25479.56,38971.49,16.0,18.2
4,2023-11-25,10.81,27869.84,38921.26,17.5,18.3
4,2023-11-26,13.60,36035.88,38872.53,18.3,18.6
4,2023-11-27,14.26,37849.24,38825.37,17.3,18.5
4,2023-11-28,16.50,35695.88,38779.86,15.0,16.0
4,2023-11-29,12.32,30243.94,38736.09,18.3,20.1
4,2023-11-30,9.96,24883.95,38694.12,18.8,20.4
4,2023-12-01,3.21,0.00,38654.06,16.6,17.6
4,2023-12-02,5.31,1083.76,38615.96,17.7,19.2
4,2023-12-03,4.81,5778.51,38579.92,19.5,20.7
4,2023-12-04,4.52,5472.63,38545.95,20.1,20.7
4,2023-12-05,5.16,1022.12,38513.61,18.5,19.5
4,2023-12-06,4.29,389.16,38482.89,16.5,19.3
4,2023-12-07,11.80,31264.02,38453.81,13.9,14.6
4,2023-12-08,13.31,33249.60,38426.39,17.2,19.1
4,2023-12-09,12.97,35755.63,38400.68,20.1,20.9
4,2023-12-10,6.94,10463.45,38376.71,22.0,22.5
4,2023-12-11,10.66,29755.69,38354.51,22.5,23.1
4,2023-12-12,4.61,974.97,38334.12,19.3,20.9
4,2023-12-13,6.34,1075.15,38315.57,19.1,19.7
4,2023-12-14,14.14,36566.93,38298.89,20.0,20.3
4,2023-12-15,15.16,35867.93,38284.12,20.0,21.2
4,2023-12-16,2.88,111.43,38271.28,15.3,18.6
4,2023-12-17,4.38,0.00,38260.41,14.5,15.6
4,2023-12-18,11.51,32567.94,38251.53,16.6,17.5
4,2023-12-19,6.92,15352.35,38244.68,18.1,19.5
4,2023-12-20,3.03,0.00,38239.89,15.4,16.6
4,2023-12-21,3.67,0.00,38237.18,12.1,13.5
4,2023-12-22,6.63,3862.55,38236.58,10.5,12.0
4,2023-12-23,4.53,0.00,38238.11,14.3,16.9
4,2023-12-24,3.96,1029.92,38241.82,14.4,17.1
4,2023-12-25,7.60,13364.56,38247.71,10.7,12.0
4,2023-12-26,9.63,18857.10,38255.77,12.7,14.8
4,2023-12-27,11.44,32742.84,38265.96,17.1,19.0
4,2023-12-28,1.80,0.00,38278.24,19.5,20.1
4,2023-12-29,6.11,6499.67,38292.57,19.9,20.4
4,2023-12-30,9.98,31146.45,38308.93,20.7,21.1
4,2023-12-31,11.25,28839.06,38327.26,15.6,19.2
4,2024-01-01,8.10,14334.20,38347.53,12.2,12.8
4,2024-01-02,10.54,33530.24,38369.70,14.7,17.3
4,2024-01-03,9.81,20624.81,38393.73,13.3,17.4
4,2024-01-04,9.43,27177.21,38419.59,11.0,12.3
4,2024-01-05,14.61,36000.00,38447.22,11.6,12.6
4,2024-01-06,14.04,36000.00,38476.59,15.3,16.9
4,2024-01-07,10.39,26711.31,38507.66,12.8,14.0
4,2024-01-08,7.50,18000.00,38540.39,15.7,17.8
4,2024-01-09,9.84,27089.31,38574.73,16.7,17.7
4,2024-01-10,12.16,29033.20,38610.64,11.8,15.4
4,2024-01-11,12.88,30206.07,38648.09,8.8,10.3
4,2024-01-12,15.86,36000.00,38687.02,10.6,11.2
4,2024-01-13,15.95,36000.00,38727.49,11.2,12.1
4,2024-01-14,16.12,32554.35,38769.95,10.8,13.3
4,2024-01-15,13.21,34806.41,38814.40,14.5,16.6
4,2024-01-16,10.81,29733.39,38860.76,13.3,14.1
4,2024-01-17,15.48,35933.76,38908.93,15.1,16.9
4,2024-01-18,10.80,30442.72,38958.84,18.0,18.8
4,2024-01-19,7.50,13790.19,39010.39,18.7,19.5
4,2024-01-20,10.24,31808.88,39063.51,18.4,19.9
4,2024-01-21,6.08,636.49,39118.11,15.3,16.4
4,2024-01-22,5.98,6052.40,39174.11,13.2,15.2
4,2024-01-23,3.75,0.00,39231.43,10.7,12.1
4,2024-01-24,8.22,12655.79,39289.98,9.9,10.6
4,2024-01-25,5.43,989.16,39349.69,12.3,13.7
4,2024-01-26,5.08,924.21,39410.47,13.3,14.1
4,2024-01-27,4.86,0.00,39472.26,14.2,15.3
4,2024-01-28,6.74,2783.50,39534.97,13.4,14.5
4,2024-01-29,10.22,19145.91,39598.54,16.2,17.6
4,2024-01-30,14.57,32430.97,39662.86,17.9,18.6
4,2024-01-31,17.28,36243.13,39727.90,18.3,18.7
4,2024-02-01,17.19,36202.50,39793.56,18.3,18.8
4,2024-02-02,13.27,33502.92,39859.90,19.3,19.9
4,2024-02-03,12.52,33726.37,39927.59,18.9,19.5
4,2024-02-04,11.42,25509.92,39996.66,20.0,21.7
4,2024-02-05,4.86,0.00,40067.01,16.1,18.1
4,2024-02-06,12.80,25587.77,40138.56,16.4,17.8
4,2024-02-07,5.48,571.90,40211.22,16.3,18.6
4,2024-02-08,5.71,1277.77,40284.91,14.6,15.5
4,2024-02-09,5.26,0.00,40359.54,13.2,14.1
4,2024-02-10,8.73,8681.90,40435.02,10.7,11.7
4,2024-02-11,19.62,38176.34,40511.29,8.7,10.0
4,2024-02-12,14.02,28695.79,40588.25,9.8,12.3
4,2024-02-13,13.99,29993.13,40665.82,13.1,14.4
4,2024-02-14,19.44,38298.13,40743.94,16.4,17.6
4,2024-02-15,18.54,37206.75,40822.51,17.5,18.2
4,2024-02-16,8.43,8578.70,40901.47,16.2,17.2
4,2024-02-17,7.29,6550.80,40980.74,17.7,18.8
4,2024-02-18,17.29,37140.61,41060.24,20.2,21.5
4,2024-02-19,17.14,37542.76,41139.91,21.1,21.6
4,2024-02-20,19.13,39052.64,41219.67,21.3,21.6
4,2024-02-21,19.90,39522.40,41299.45,21.0,21.8
4,2024-02-22,12.00,18000.00,41379.30,19.7,21.4
4,2024-02-23,5.71,0.00,41459.90,16.8,17.8
4,2024-02-24,10.43,15469.61,41541.31,16.3,17.2
4,2024-02-25,7.79,4775.21,41623.45,14.0,15.1
4,2024-02-26,7.68,2207.35,41706.26,14.1,15.6
4,2024-02-27,8.83,11102.14,41789.66,14.8,15.2
4,2024-02-28,15.15,27582.79,41873.58,16.3,17.8
4,2024-02-29,17.52,36000.00,41957.96,17.3,19.1
4,2024-03-01,5.82,381.03,42042.74,13.8,15.0
4,2024-03-02,6.15,0.00,42127.84,13.7,14.7
4,2024-03-03,5.86,2364.70,42213.20,16.6,18.3
4,2024-03-04,20.59,37910.12,42298.76,20.5,21.8
4,2024-03-05,20.17,39433.22,42384.45,21.8,22.4
4,2024-03-06,13.41,23962.36,42470.21,16.2,18.1
4,2024-03-07,8.92,4674.20,42555.98,14.3,15.5
4,2024-03-08,14.57,28966.41,42641.69,9.6,11.0
4,2024-03-09,12.09,15335.94,42727.28,9.2,10.9
4,2024-03-10,7.39,992.59,42812.69,14.5,16.7
4,2024-03-11,7.01,6384.79,42897.85,16.3,18.5
4,2024-03-12,22.84,42566.78,42982.71,11.3,12.3
4,2024-03-13,21.47,41192.28,43067.32,10.0,11.0
4,2024-03-14,10.55,15794.18,43152.29,12.7,13.9
4,2024-03-15,18.41,40377.67,43237.69,15.4,16.7
4,2024-03-16,17.01,41028.19,43323.46,18.5,19.4
4,2024-03-17,20.52,37920.41,43409.54,19.2,19.8
4,2024-03-18,6.54,0.00,43495.88,17.4,17.7
4,2024-03-19,7.17,3624.98,43582.42,13.4,16.8
4,2024-03-20,21.07,42922.55,43669.10,9.4,10.1
4,2024-03-21,22.45,39347.49,43755.87,10.1,12.9
4,2024-03-22,17.18,36297.66,43842.67,16.2,19.9
4,2024-03-23,16.65,37010.37,43929.45,21.4,22.0
4,2024-03-24,21.87,42440.96,44016.15,21.9,22.3
4,2024-03-25,22.24,43045.98,44102.71,22.5,22.8
4,2024-03-26,10.99,12137.50,44189.07,17.7,23.1
4,2024-03-27,16.11,23798.49,44275.19,17.8,20.2
4,2024-03-28,10.18,11607.66,44360.99,21.3,22.3
4,2024-03-29,14.24,18118.06,44446.43,19.7,20.4
4,2024-03-30,14.14,23790.28,44531.45,21.6,23.3
4,2024-03-31,16.77,23487.16,44615.98,22.3,24.4
4,2024-04-01,18.01,39468.03,44699.96,19.6,20.8
4,2024-04-02,22.27,43200.00,44783.44,22.9,24.1
4,2024-04-03,23.04,43200.00,44867.02,23.7,24.2
4,2024-04-04,21.16,39267.24,44950.74,23.2,24.2
4,2024-04-05,17.39,34643.14,45034.54,21.1,21.6
4,2024-04-06,15.01,21077.79,45118.37,21.1,21.6
4,2024-04-07,11.76,24233.56,45202.17,21.9,22.8
4,2024-04-08,21.07,39486.83,45285.90,21.3,23.2
4,2024-04-09,12.96,16110.13,45369.49,18.6,20.1
4,2024-04-10,18.81,28301.45,45452.89,18.8,20.0
4,2024-04-11,16.05,31885.81,45536.03,21.2,22.0
4,2024-04-12,21.23,41625.56,45618.87,22.4,22.8
4,2024-04-13,16.52,22485.36,45701.33,22.6,23.4
4,2024-04-14,20.28,43200.00,45783.36,24.3,25.1
4,2024-04-15,17.87,40460.48,45864.90,24.3,24.8
4,2024-04-16,22.38,40954.24,45945.89,23.9,24.5
4,2024-04-17,22.93,41119.20,46026.25,24.0,24.7
4,2024-04-18,19.45,39600.00,46105.94,19.1,22.2
4,2024-04-19,18.10,29063.33,46184.87,20.8,23.1
4,2024-04-20,22.94,43423.67,46263.00,23.9,24.6
4,2024-04-21,23.42,43075.25,46340.24,23.8,24.3
4,2024-04-22,19.05,30445.34,46416.64,23.6,24.5
4,2024-04-23,19.75,31397.86,46492.74,23.1,24.4
4,2024-04-24,13.41,19678.59,46568.62,21.3,22.2
4,2024-04-25,15.04,22439.71,46644.20,22.1,22.8
4,2024-04-26,15.20,18393.66,46719.42,22.8,23.4
4,2024-04-27,17.32,37417.92,46794.24,23.3,24.7
4,2024-04-28,17.71,34568.65,46868.57,24.0,25.4
4,2024-04-29,24.80,44013.15,46942.37,25.2,25.8
4,2024-04-30,24.30,38396.67,47015.57,24.3,25.9
4,2024-05-01,15.50,23002.12,47088.10,21.6,22.9
4,2024-05-02,15.73,26784.24,47159.92,20.7,21.0
4,2024-05-03,22.94,41669.63,47230.92,21.7,22.4
4,2024-05-04,19.53,43884.17,47301.07,23.1,23.9
4,2024-05-05,20.28,35677.86,47370.29,23.5,23.9
4,2024-05-06,16.10,30973.60,47438.51,23.2,23.9
4,2024-05-07,21.03,34994.62,47505.65,20.8,22.4
4,2024-05-08,23.71,44005.99,47571.65,18.8,20.5
4,2024-05-09,25.10,42947.74,47636.44,16.7,17.8
4,2024-05-10,25.15,43305.85,47699.93,18.9,20.0
4,2024-05-11,16.67,35181.93,47762.06,21.1,23.4
4,2024-05-12,18.44,31747.65,47822.85,23.2,24.3
4,2024-05-13,11.12,4254.76,47882.77,17.8,21.1
4,2024-05-14,16.38,24801.21,47941.88,20.3,21.2
4,2024-05-15,26.45,45386.51,48000.10,18.1,20.5
4,2024-05-16,22.33,39408.50,48057.40,16.4,17.5
4,2024-05-17,23.79,40966.65,48113.71,20.6,22.3
4,2024-05-18,24.66,43690.88,48168.98,22.0,22.4
4,2024-05-19,22.97,36825.04,48223.15,22.3,22.6
4,2024-05-20,9.50,2426.56,48276.15,23.3,23.8
4,2024-05-21,9.95,7692.72,48327.94,23.5,24.0
4,2024-05-22,15.46,24999.99,48378.46,23.5,23.8
4,2024-05-23,19.45,26657.05,48427.63,24.4,24.9
4,2024-05-24,16.60,26026.10,48475.40,23.8,24.2
4,2024-05-25,16.95,29684.82,48521.72,24.1,25.0
4,2024-05-26,10.25,10515.64,48566.51,24.5,25.3
4,2024-05-27,13.56,20758.06,48609.72,25.2,26.7
4,2024-05-28,15.17,18000.00,48651.28,22.2,24.1
4,2024-05-29,11.72,11648.18,48691.14,23.0,23.9
4,2024-05-30,24.33,46599.39,48729.22,25.0,25.5
4,2024-05-31,21.63,37875.04,48765.48,25.6,26.7
4,2024-06-01,21.80,33814.81,48799.89,25.2,25.9
4,2024-06-02,11.23,13705.01,48832.76,24.0,25.2
4,2024-06-03,21.65,35733.49,48864.11,18.8,20.9
4,2024-06-04,21.10,40685.10,48893.93,19.8,21.0
4,2024-06-05,25.77,39784.41,48922.17,19.8,20.6
4,2024-06-06,11.26,6802.68,48948.82,22.5,23.6
4,2024-06-07,10.46,10359.48,48973.85,24.2,24.6
4,2024-06-08,13.87,25340.09,48997.23,24.1,24.6
4,2024-06-09,25.83,43357.92,49018.94,24.3,25.2
4,2024-06-10,23.65,46629.61,49038.96,25.4,25.9
4,2024-06-11,23.32,42946.56,49057.24,26.5,27.1
4,2024-06-12,25.64,43640.80,49073.79,26.3,26.9
4,2024-06-13,19.79,35854.04,49088.56,26.3,26.7
4,2024-06-14,19.78,36802.70,49101.54,26.4,26.8
4,2024-06-15,24.52,42602.59,49112.70,26.6,26.8
4,2024-06-16,23.78,33704.03,49122.01,25.9,26.7
4,2024-06-17,13.52,23233.20,49129.48,26.0,26.6
4,2024-06-18,14.65,27784.41,49135.05,25.3,26.2
4,2024-06-19,21.07,43192.44,49138.73,25.9,26.5
4,2024-06-20,25.47,47164.29,49140.48,26.1,26.3
4,2024-06-21,26.42,46845.56,49140.29,26.6,27.0
4,2024-06-22,27.07,47127.16,49138.14,27.1,27.3
4,2024-06-23,26.31,47384.59,49134.03,26.6,27.0
4,2024-06-24,27.15,47363.64,49128.02,26.0,26.4
4,2024-06-25,26.57,47341.88,49120.10,25.5,25.7
4,2024-06-26,27.02,47319.47,49110.33,25.5,26.0
4,2024-06-27,27.23,47296.46,49098.70,25.5,26.1
4,2024-06-28,26.86,47272.95,49085.26,25.5,25.8
4,2024-06-29,26.01,47249.09,49070.03,26.1,26.7
4,2024-06-30,26.02,47224.90,49053.03,26.3,26.6
4,2024-07-01,25.85,47200.53,49034.31,26.0,26.5
4,2024-07-02,27.34,46899.74,49013.88,25.6,25.8
4,2024-07-03,27.37,47427.70,48991.77,26.2,26.5
4,2024-07-04,27.97,47403.14,48968.01,25.8,26.0
4,2024-07-05,27.56,47378.78,48942.64,25.3,25.8
4,2024-07-06,27.23,47354.70,48915.68,25.5,26.0
4,2024-07-07,26.56,45446.14,48887.16,25.1,25.7
4,2024-07-08,23.33,46198.92,48857.12,24.6,25.7
4,2024-07-09,27.24,47010.56,48825.58,24.6,25.2
4,2024-07-10,26.61,46403.95,48792.58,25.8,26.3
4,2024-07-11,27.06,47241.86,48758.08,26.1,26.3
4,2024-07-12,25.89,43692.42,48721.76,26.0,26.2
4,2024-07-13,26.91,47198.71,48683.64,25.7,26.0
4,2024-07-14,25.83,46451.60,48643.76,25.9,26.4
4,2024-07-15,26.59,46609.99,48602.19,25.2,25.7
4,2024-07-16,26.87,44575.50,48559.01,24.9,25.6
4,2024-07-17,26.85,46568.75,48514.26,25.8,26.1
4,2024-07-18,27.34,46820.17,48468.02,25.8,26.0
4,2024-07-19,27.21,46523.71,48420.35,25.7,26.2
4,2024-07-20,26.71,44647.22,48371.31,25.3,26.1
4,2024-07-21,25.43,46489.58,48320.96,25.5,26.0
4,2024-07-22,25.02,41744.07,48269.37,25.7,26.2
4,2024-07-23,14.83,19307.93,48216.59,25.8,26.5
4,2024-07-24,1.77,0.00,48162.69,26.3,27.1
4,2024-07-25,5.14,0.00,48107.72,25.9,26.7
4,2024-07-26,17.74,29211.07,48051.74,26.0,26.5
4,2024-07-27,19.32,30472.18,47994.82,25.5,25.9
4,2024-07-28,25.94,43641.09,47937.00,25.0,25.4
4,2024-07-29,23.46,44383.32,47878.35,25.0,25.4
4,2024-07-30,25.72,44594.23,47818.92,25.1,25.3
4,2024-07-31,25.81,44668.35,47758.67,25.7,26.0
4,2024-08-01,26.64,44942.84,47697.12,26.0,26.4
4,2024-08-02,27.01,45199.05,47634.24,26.5,27.0
4,2024-08-03,26.97,44959.97,47570.11,26.1,26.7
4,2024-08-04,27.18,45250.16,47504.79,25.0,25.5
4,2024-08-05,25.35,39600.00,47438.37,24.8,25.2
4,2024-08-06,10.96,4466.26,47370.91,25.2,25.8
4,2024-08-07,18.41,37964.02,47302.47,25.2,25.7
4,2024-08-08,14.67,28747.30,47233.14,25.3,26.0
4,2024-08-09,18.46,31181.20,47162.96,25.1,25.7
4,2024-08-10,21.95,41956.56,47092.02,25.0,25.6
4,2024-08-11,25.47,44242.83,47020.37,25.0,25.5
4,2024-08-12,25.98,43730.47,46948.09,24.8,25.2
4,2024-08-13,24.34,36888.72,46875.22,24.5,25.0
4,2024-08-14,23.16,36287.24,46801.84,23.8,24.6
4,2024-08-15,18.84,25200.00,46728.00,24.6,25.3
4,2024-08-16,13.10,25992.74,46653.78,25.0,25.5
4,2024-08-17,18.35,35146.65,46579.21,25.3,25.8
4,2024-08-18,12.18,9711.03,46504.36,25.4,26.2
4,2024-08-19,8.58,5223.45,46429.29,25.0,25.7
4,2024-08-20,23.94,43551.99,46353.95,26.2,26.8
4,2024-08-21,24.78,43561.88,46277.81,26.3,26.5
4,2024-08-22,24.47,43571.67,46200.82,25.5,26.2
4,2024-08-23,24.48,43581.37,46123.05,25.6,25.9
4,2024-08-24,25.15,43334.48,46044.57,24.7,25.3
4,2024-08-25,23.88,43344.36,45965.42,24.2,24.7
4,2024-08-26,23.90,43610.06,45885.69,25.1,25.5
4,2024-08-27,25.60,43363.94,45805.42,25.1,26.1
4,2024-08-28,25.35,43373.64,45724.68,26.0,26.3
4,2024-08-29,24.81,43383.33,45643.52,25.4,25.9
4,2024-08-30,25.15,43392.98,45562.01,25.2,26.1
4,2024-08-31,24.95,43402.62,45480.19,25.2,26.1
4,2024-09-01,25.28,43412.26,45398.12,24.4,25.6
4,2024-09-02,24.91,43200.00,45315.86,23.0,24.1
4,2024-09-03,20.56,42834.86,45233.47,25.1,26.1
4,2024-09-04,23.92,43157.84,45151.00,25.1,25.5
4,2024-09-05,22.41,43096.87,45068.49,25.5,25.7
4,2024-09-06,22.86,43035.89,44986.01,25.1,25.6
4,2024-09-07,17.84,36575.42,44903.60,24.1,24.8
4,2024-09-08,19.81,42576.30,44821.32,24.3,24.7
4,2024-09-09,19.22,39583.13,44739.12,25.0,25.6
4,2024-09-10,22.62,42792.29,44656.44,25.4,26.0
4,2024-09-11,22.60,41913.55,44573.25,25.1,25.7
4,2024-09-12,21.31,42667.64,44489.59,24.6,25.7
4,2024-09-13,20.39,37028.89,44405.52,24.3,25.1
4,2024-09-14,22.81,42540.75,44321.10,23.8,24.4
4,2024-09-15,23.57,42476.69,44236.39,24.5,25.6
4,2024-09-16,14.40,26897.45,44151.42,25.7,26.4
4,2024-09-17,22.80,37150.88,44066.27,24.7,25.3
4,2024-09-18,20.31,38439.06,43980.98,25.1,25.9
4,2024-09-19,21.94,41824.34,43895.60,25.5,25.9
4,2024-09-20,20.61,34442.05,43810.19,25.3,26.0
4,2024-09-21,9.93,14593.03,43724.81,25.5,26.0
4,2024-09-22,20.05,34312.45,43639.49,25.2,25.7
4,2024-09-23,17.95,31095.03,43554.30,25.3,25.9
4,2024-09-24,19.81,36000.00,43469.29,24.5,25.0
4,2024-09-25,18.04,37202.38,43384.51,24.8,25.4
4,2024-09-26,16.92,38349.07,43300.01,23.9,24.6
4,2024-09-27,21.53,39600.00,43215.85,24.3,24.8
4,2024-09-28,15.87,30169.66,43132.08,24.4,24.9
4,2024-09-29,9.03,6212.88,43048.64,24.8,25.5
4,2024-09-30,12.79,23282.51,42964.95,24.9,25.3
4,2024-10-01,13.61,25974.81,42880.95,24.7,25.7
4,2024-10-02,7.67,7200.00,42796.72,23.9,25.0
4,2024-10-03,6.07,5596.10,42712.30,23.7,24.2
4,2024-10-04,10.91,15653.62,42627.76,23.9,24.6
4,2024-10-05,17.12,37521.74,42543.15,24.2,24.7
4,2024-10-06,19.05,39600.00,42458.54,23.9,24.5
4,2024-10-07,19.48,39600.00,42373.98,23.3,23.7
4,2024-10-08,16.13,30296.93,42289.53,22.6,23.4
4,2024-10-09,10.36,16378.45,42205.26,21.8,22.5
4,2024-10-10,18.99,36000.00,42121.21,19.3,21.5
4,2024-10-11,16.86,38452.37,42037.46,19.0,20.5
4,2024-10-12,17.29,39600.00,41954.06,21.0,22.4
4,2024-10-13,18.42,39600.00,41871.08,21.8,23.1
4,2024-10-14,18.12,39600.00,41788.59,22.9,23.1
4,2024-10-15,17.34,39600.00,41706.63,22.8,23.4
4,2024-10-16,17.61,36000.00,41625.29,23.9,24.3
4,2024-10-17,17.29,39600.00,41544.62,24.3,24.8
4,2024-10-18,19.85,39600.00,41464.69,24.6,25.2
4,2024-10-19,19.08,39600.00,41385.45,24.6,25.3
4,2024-10-20,16.74,39600.00,41306.26,23.3,23.6
4,2024-10-21,18.70,39600.00,41227.04,23.6,24.2
4,2024-10-22,17.27,36000.00,41147.89,23.4,24.0
4,2024-10-23,9.86,18569.18,41068.87,22.6,23.4
4,2024-10-24,4.74,0.00,40990.04,24.2,25.2
4,2024-10-25,8.27,6502.49,40911.49,24.6,25.0
4,2024-10-26,14.46,36000.00,40833.27,24.1,24.8
4,2024-10-27,18.23,38177.15,40755.47,23.4,23.8
4,2024-10-28,16.04,36345.51,40678.15,23.0,23.4
4,2024-10-29,6.69,5422.39,40601.40,22.4,23.1
4,2024-10-30,7.83,5450.54,40525.28,24.3,25.3
4,2024-10-31,1.60,0.00,40449.88,24.4,25.5
4,2024-11-01,15.54,31963.82,40375.28,24.0,25.6
4,2024-11-02,9.26,16678.07,40301.55,21.7,22.2
4,2024-11-03,13.67,33759.56,40228.78,19.8,21.8
4,2024-11-04,14.04,37980.74,40157.04,20.4,21.8
4,2024-11-05,11.89,24662.50,40086.43,19.9,21.3
4,2024-11-06,8.10,10770.65,40017.02,16.9,18.3
4,2024-11-07,5.52,0.00,39948.91,19.6,20.8
4,2024-11-08,6.29,6319.74,39882.05,22.9,23.9
4,2024-11-09,12.97,34067.26,39815.79,23.8,24.0
4,2024-11-10,16.21,39175.04,39750.07,23.1,23.6
4,2024-11-11,15.01,35928.10,39684.97,22.9,23.3
4,2024-11-12,6.07,5632.14,39620.55,23.2,24.0
4,2024-11-13,9.20,27648.67,39556.91,23.6,24.1
4,2024-11-14,13.80,28800.00,39494.11,23.9,24.4
4,2024-11-15,5.76,4517.02,39432.23,24.1,25.1
4,2024-11-16,5.22,3963.66,39371.35,23.7,24.2
4,2024-11-17,13.36,31583.38,39311.55,22.3,23.6
4,2024-11-18,3.61,0.00,39252.90,19.3,20.0
4,2024-11-19,5.15,1008.36,39195.51,19.4,20.3
4,2024-11-20,6.75,10798.29,39139.43,21.0,21.4
4,2024-11-21,4.20,5114.50,39084.77,20.1,21.3
4,2024-11-22,6.25,3972.93,39031.60,17.6,18.6
4,2024-11-23,9.95,16339.39,38980.01,16.8,17.5
4,2024-11-24,13.01,33768.43,38930.08,17.9,18.9
4,2024-11-25,14.39,33536.89,38881.91,19.9,20.6
4,2024-11-26,9.57,18000.00,38835.57,16.6,19.8
4,2024-11-27,13.25,30280.83,38791.17,12.3,13.6
4,2024-11-28,8.30,15764.24,38748.68,11.6,13.2
4,2024-11-29,15.32,35099.14,38707.62,10.2,12.0
4,2024-11-30,14.45,37366.88,38667.95,10.1,10.8
4,2024-12-01,15.51,37554.31,38629.69,14.3,15.7
4,2024-12-02,14.72,37022.66,38592.91,16.9,17.5
4,2024-12-03,12.24,25750.08,38557.66,17.2,18.5
4,2024-12-04,7.71,16949.90,38523.98,17.7,18.9
4,2024-12-05,4.58,2714.31,38491.92,18.5,19.3
4,2024-12-06,4.52,5592.40,38461.53,19.3,19.8
4,2024-12-07,7.27,16610.25,38432.87,19.0,20.5
4,2024-12-08,7.83,14400.00,38405.98,15.4,17.0
4,2024-12-09,5.79,3795.97,38380.90,15.5,17.1
4,2024-12-10,5.19,108.53,38357.69,16.5,17.7
4,2024-12-11,10.93,33931.26,38336.39,18.2,18.7
4,2024-12-12,4.16,0.00,38317.06,17.5,18.5
4,2024-12-13,8.16,17291.63,38299.73,17.0,18.3
4,2024-12-14,3.17,0.00,38284.46,14.2,15.1
4,2024-12-15,5.91,5308.52,38271.30,12.8,14.3
4,2024-12-16,2.58,0.00,38260.27,13.2,15.0
4,2024-12-17,11.40,32041.54,38251.45,15.9,17.1
4,2024-12-18,2.86,0.00,38244.83,13.6,16.1
4,2024-12-19,3.65,0.00,38240.33,13.3,15.4
4,2024-12-20,11.23,33455.09,38237.92,15.6,16.2
4,2024-12-21,3.18,0.00,38237.57,14.9,17.8
4,2024-12-22,3.92,403.67,38239.27,12.6,13.9
4,2024-12-23,4.01,3461.33,38243.00,15.0,16.4
4,2024-12-24,2.98,0.00,38248.74,16.9,17.3
4,2024-12-25,7.20,16736.43,38256.48,18.3,19.9
4,2024-12-26,4.11,0.00,38266.18,16.9,20.0
4,2024-12-27,3.84,1758.19,38277.84,14.7,15.7
4,2024-12-28,8.46,23005.71,38291.42,11.2,14.0
4,2024-12-29,7.88,14419.27,38306.91,10.9,14.0
4,2024-12-30,6.61,4541.32,38324.28,15.4,16.6
4,2024-12-31,5.25,506.36,38343.51,12.9,15.5
4,2025-01-01,5.42,763.98,38364.58,15.1,16.9
4,2025-01-02,2.83,0.00,38387.46,17.7,18.6
4,2025-01-03,1.94,0.00,38412.12,14.1,15.8
4,2025-01-04,13.31,36000.00,38438.54,13.5,14.7
4,2025-01-05,12.85,34386.95,38466.70,14.1,16.5
4,2025-01-06,13.81,36000.00,38496.57,10.3,12.4
4,2025-01-07,7.70,13699.52,38528.18,10.0,11.3
4,2025-01-08,4.28,0.00,38561.92,13.9,15.0
4,2025-01-09,3.41,0.00,38597.74,12.1,13.0
4,2025-01-10,5.09,485.38,38635.60,10.6,11.5
4,2025-01-11,7.08,7807.90,38675.39,10.8,12.9
4,2025-01-12,14.28,28800.00,38717.06,8.2,10.4
4,2025-01-13,12.00,26689.55,38760.52,9.2,11.4
4,2025-01-14,12.97,34383.24,38805.69,13.1,14.9
4,2025-01-15,2.59,0.00,38852.50,12.8,16.7
4,2025-01-16,7.69,8712.68,38900.87,9.5,11.0
4,2025-01-17,12.84,28800.00,38950.73,8.4,9.8
4,2025-01-18,13.12,26823.87,39001.99,11.5,14.6
4,2025-01-19,7.41,14424.11,39054.60,13.5,16.3
4,2025-01-20,16.97,36000.00,39108.47,11.0,11.9
4,2025-01-21,13.93,36000.00,39163.53,11.5,12.9
4,2025-01-22,13.71,35417.13,39219.70,14.9,16.8
4,2025-01-23,10.29,24397.03,39276.93,16.3,16.9
4,2025-01-24,7.13,10595.77,39335.13,16.7,17.6
4,2025-01-25,15.88,36000.00,39394.24,16.1,16.8
4,2025-01-26,14.71,36000.00,39454.19,14.1,15.3
4,2025-01-27,4.02,0.00,39515.03,9.7,13.1
4,2025-01-28,10.78,16256.49,39577.39,7.3,8.4
4,2025-01-29,12.62,31834.75,39641.30,7.4,8.7
4,2025-01-30,15.26,32400.00,39706.66,11.0,14.2
4,2025-01-31,4.55,0.00,39773.39,16.8,17.9
4,2025-02-01,10.32,17935.51,39841.39,17.6,18.7
4,2025-02-02,10.75,18523.89,39910.58,15.0,15.7
4,2025-02-03,4.42,0.00,39980.86,12.5,14.9
4,2025-02-04,12.63,23252.40,40052.17,7.6,9.4
4,2025-02-05,16.93,35735.19,40124.39,7.4,10.1
4,2025-02-06,4.26,687.83,40197.46,13.1,15.9
4,2025-02-07,3.90,0.00,40271.29,11.8,15.0
4,2025-02-08,6.09,0.00,40345.81,8.8,9.5
4,2025-02-09,7.79,4761.79,40420.92,8.9,9.9
4,2025-02-10,11.96,24520.28,40496.56,11.2,12.4
4,2025-02-11,15.90,32581.08,40572.65,14.9,18.0
4,2025-02-12,4.19,0.00,40649.10,18.1,19.2
4,2025-02-13,2.98,0.00,40725.86,14.6,15.2
4,2025-02-14,7.20,2472.75,40802.83,16.5,18.2
4,2025-02-15,8.93,14061.88,40879.95,20.0,20.6
4,2025-02-16,14.21,30721.95,40957.28,14.7,19.1
4,2025-02-17,19.61,36000.00,41035.49,11.4,12.6
4,2025-02-18,7.18,1862.18,41114.64,13.1,14.3
4,2025-02-19,8.39,10405.06,41194.66,12.8,13.8
4,2025-02-20,6.35,2289.48,41275.45,15.1,17.0
4,2025-02-21,10.22,20472.28,41356.96,15.0,15.7
4,2025-02-22,7.01,10800.00,41439.11,16.0,16.8
4,2025-02-23,7.02,5381.47,41521.82,14.2,17.0
4,2025-02-24,5.74,0.00,41605.03,10.0,11.8
4,2025-02-25,15.55,31483.17,41688.67,10.1,11.9
4,2025-02-26,11.19,19799.08,41772.65,13.3,14.7
4,2025-02-27,12.29,26702.46,41856.93,16.0,18.1
4,2025-02-28,19.25,40418.84,41941.42,19.1,19.8
4,2025-03-01,19.74,37678.79,42026.08,20.5,21.2
4,2025-03-02,15.92,34562.08,42110.81,22.1,22.3
4,2025-03-03,18.51,36000.00,42195.57,22.2,22.8
4,2025-03-04,13.80,21932.76,42280.28,19.7,21.1
4,2025-03-05,6.70,119.70,42364.87,17.8,19.1
4,2025-03-06,5.88,1458.85,42449.30,14.0,16.2
4,2025-03-07,6.03,0.00,42533.49,14.8,16.2
4,2025-03-08,10.88,15456.01,42617.49,15.7,16.4
4,2025-03-09,13.05,18589.74,42701.94,16.0,16.6
4,2025-03-10,18.53,40095.02,42786.90,17.3,18.0
4,2025-03-11,18.49,42456.76,42872.31,19.5,20.5
4,2025-03-12,19.43,38505.77,42958.12,21.3,22.2
4,2025-03-13,8.06,5813.23,43044.25,21.1,22.3
4,2025-03-14,10.51,20717.05,43130.66,20.9,21.9
4,2025-03-15,10.48,14400.00,43217.28,18.3,21.3
4,2025-03-16,5.48,0.00,43304.06,12.5,15.6
4,2025-03-17,7.85,567.40,43390.95,8.9,10.0
4,2025-03-18,10.88,7834.43,43477.88,8.0,10.8
4,2025-03-19,8.59,6757.25,43564.79,9.5,10.7
4,2025-03-20,21.61,42914.38,43651.63,8.5,9.4
4,2025-03-21,23.93,42939.40,43738.35,8.9,10.5
4,2025-03-22,23.88,42964.34,43824.87,11.4,13.4
4,2025-03-23,23.54,42989.24,43911.16,14.3,16.0
4,2025-03-24,23.38,43014.14,43997.14,17.5,18.7
4,2025-03-25,22.77,43039.06,44082.76,21.3,22.7
4,2025-03-26,22.41,43064.03,44167.97,23.3,23.6
4,2025-03-27,22.06,37796.89,44252.69,23.5,23.9
4,2025-03-28,7.30,2104.39,44336.98,17.3,20.8
4,2025-03-29,7.03,142.37,44421.43,15.3,16.0
4,2025-03-30,5.43,0.00,44506.10,15.9,16.8
4,2025-03-31,6.28,421.83,44590.93,18.4,19.7
4,2025-04-01,9.45,7386.28,44675.86,15.1,16.6
4,2025-04-02,15.07,27734.24,44760.85,12.4,12.9
4,2025-04-03,18.18,40764.20,44845.83,12.4,13.4
4,2025-04-04,24.64,39600.00,44930.76,13.2,14.1
4,2025-04-05,11.49,12041.02,45015.57,16.5,18.3
4,2025-04-06,8.93,4718.12,45100.22,18.1,18.9
4,2025-04-07,22.46,40492.98,45184.63,17.5,18.3
4,2025-04-08,16.50,35789.37,45268.76,19.2,19.6
4,2025-04-09,17.52,34705.18,45352.55,19.5,19.9
4,2025-04-10,9.84,21231.96,45435.94,20.1,20.8
4,2025-04-11,24.33,43032.99,45518.86,20.2,21.0
4,2025-04-12,15.15,27427.68,45601.26,21.0,23.7
4,2025-04-13,11.64,16121.54,45683.08,11.7,13.6
4,2025-04-14,25.76,43200.00,45764.24,17.5,19.7
4,2025-04-15,25.00,43200.00,45844.70,16.9,18.8
4,2025-04-16,22.88,39600.00,45924.39,18.5,20.1
4,2025-04-17,14.30,24944.25,46003.33,22.6,23.7
4,2025-04-18,20.18,32899.66,46082.10,23.3,23.7
4,2025-04-19,17.09,32877.95,46160.76,23.8,24.5
4,2025-04-20,18.75,30021.84,46239.24,23.7,24.9
4,2025-04-21,22.93,43200.00,46317.50,22.8,23.8
4,2025-04-22,24.26,41289.83,46395.45,24.0,24.6
4,2025-04-23,18.63,31057.34,46473.05,22.3,23.3
4,2025-04-24,10.52,4393.28,46550.24,21.8,22.7
4,2025-04-25,8.09,2337.05,46626.95,20.9,22.7
4,2025-04-26,6.97,7200.00,46703.13,20.4,21.1
4,2025-04-27,19.57,37254.05,46778.70,21.9,22.9
4,2025-04-28,14.97,29074.74,46853.60,18.9,21.9
4,2025-04-29,26.16,44798.90,46927.77,16.4,17.0
4,2025-04-30,26.06,43997.15,47001.14,18.2,19.0
4,2025-05-01,18.50,28801.20,47073.64,20.9,22.0
4,2025-05-02,26.32,43961.32,47145.20,18.6,20.1
4,2025-05-03,22.08,38806.58,47215.75,21.7,22.9
4,2025-05-04,20.24,37935.15,47285.22,22.1,23.0
4,2025-05-05,22.14,43313.57,47353.53,24.6,25.7
4,2025-05-06,20.27,31846.90,47420.62,22.5,24.2
4,2025-05-07,9.96,10697.52,47486.49,18.9,20.8
4,2025-05-08,14.75,26743.51,47551.68,23.5,24.9
4,2025-05-09,22.91,33226.01,47616.23,24.0,25.2
4,2025-05-10,5.99,2949.83,47680.06,22.6,23.5
4,2025-05-11,9.58,6800.86,47743.14,18.9,22.1
4,2025-05-12,9.25,4482.90,47805.39,18.6,20.5
4,2025-05-13,23.62,45939.31,47866.76,21.7,22.4
4,2025-05-14,24.19,45397.09,47927.20,23.1,23.6
4,2025-05-15,25.46,45121.31,47986.62,23.7,24.1
4,2025-05-16,24.97,45113.24,48044.97,24.7,25.4
4,2025-05-17,22.27,44300.28,48102.20,24.8,25.2
4,2025-05-18,24.72,42918.25,48158.23,24.7,25.5
4,2025-05-19,24.75,43200.00,48213.01,24.7,25.2
4,2025-05-20,24.19,45894.88,48266.46,25.5,25.9
4,2025-05-21,25.47,41727.35,48318.51,25.6,25.9
4,2025-05-22,21.27,36275.14,48369.11,24.6,25.4
4,2025-05-23,20.33,36000.00,48418.18,25.0,25.7
4,2025-05-24,13.52,12841.51,48465.66,22.8,24.2
4,2025-05-25,7.88,486.95,48511.48,18.3,19.3
4,2025-05-26,12.97,14528.88,48555.56,20.0,20.8
4,2025-05-27,23.04,39404.90,48597.91,21.1,21.7
4,2025-05-28,9.55,12721.07,48638.89,22.6,23.5
4,2025-05-29,9.81,13744.37,48678.53,21.6,23.1
4,2025-05-30,24.34,42561.28,48716.80,18.8,20.8
4,2025-05-31,23.73,36375.36,48753.65,20.7,23.7
4,2025-06-01,10.85,18273.54,48789.05,25.6,26.4
4,2025-06-02,21.66,40087.31,48822.96,26.5,27.0
4,2025-06-03,8.95,4014.00,48855.34,24.3,25.8
4,2025-06-04,13.95,14120.74,48886.16,22.6,23.8
4,2025-06-05,14.05,19194.50,48915.38,23.9,24.6
4,2025-06-06,19.93,42558.69,48942.96,24.9,25.4
4,2025-06-07,25.53,46633.83,48968.87,26.0,26.3
4,2025-06-08,26.73,46803.01,48993.06,26.1,26.4
4,2025-06-09,26.63,46631.96,49015.51,26.0,26.3
4,2025-06-10,26.48,46777.93,49036.18,26.0,26.3
4,2025-06-11,26.01,43142.30,49055.03,25.4,25.8
4,2025-06-12,13.38,23686.85,49072.03,24.9,25.5
4,2025-06-13,7.62,158.67,49087.14,25.0,25.6
4,2025-06-14,16.48,28910.31,49100.33,26.3,26.6
4,2025-06-15,26.78,47261.91,49111.57,26.7,26.9
4,2025-06-16,26.15,46597.53,49120.83,26.4,26.7
4,2025-06-17,13.42,17133.53,49128.19,25.2,27.2
4,2025-06-18,18.50,32937.38,49133.67,25.2,25.9
4,2025-06-19,26.43,46916.85,49137.28,25.4,25.9
4,2025-06-20,27.54,47174.85,49139.02,24.6,24.9
4,2025-06-21,27.90,47431.96,49138.92,24.7,25.0
4,2025-06-22,27.48,47133.29,49136.98,25.1,25.3
4,2025-06-23,27.63,47111.50,49133.22,25.4,25.6
4,2025-06-24,27.36,47366.50,49127.64,25.3,25.7
4,2025-06-25,27.11,47620.88,49120.27,25.0,25.6
4,2025-06-26,27.34,47043.09,49111.12,24.9,25.5
4,2025-06-27,27.01,47296.76,49100.20,24.5,25.3
4,2025-06-28,24.64,39600.00,49087.53,24.6,24.9
4,2025-06-29,16.10,28808.93,49073.12,25.0,25.6
4,2025-06-30,26.68,47502.26,49056.99,25.3,25.9
4,2025-07-01,27.63,47201.95,49039.17,24.9,25.4
4,2025-07-02,27.12,47159.04,49019.67,24.5,25.5
4,2025-07-03,25.73,44121.42,48998.50,24.5,25.1
4,2025-07-04,26.00,46305.13,48975.68,24.9,25.2
4,2025-07-05,24.80,40438.43,48951.24,24.4,25.0
4,2025-07-06,7.06,2746.67,48925.15,24.7,26.0
4,2025-07-07,13.64,21151.96,48897.14,26.4,27.1
4,2025-07-08,17.15,23779.52,48867.24,26.7,27.3
4,2025-07-09,17.60,21123.71,48835.50,25.1,26.8
4,2025-07-10,7.79,1559.05,48801.97,24.4,24.8
4,2025-07-11,14.09,19677.97,48766.71,24.8,25.8
4,2025-07-12,25.43,40881.41,48729.78,26.2,26.7
4,2025-07-13,26.44,43977.88,48691.24,26.4,26.9
4,2025-07-14,25.43,44773.05,48651.14,25.7,26.0
4,2025-07-15,26.57,46023.78,48609.53,26.5,27.0
4,2025-07-16,26.99,46864.21,48566.48,25.6,26.3
4,2025-07-17,24.70,46026.01,48522.05,25.5,26.1
4,2025-07-18,19.22,28949.06,48476.27,25.3,25.8
4,2025-07-19,9.06,4474.81,48429.23,25.4,25.9
4,2025-07-20,9.87,7000.56,48380.96,24.8,25.4
4,2025-07-21,8.71,1251.35,48331.52,24.5,24.8
4,2025-07-22,16.78,30074.12,48280.97,24.8,25.2
4,2025-07-23,25.19,42134.97,48229.35,24.9,25.5
4,2025-07-24,16.63,36107.43,48176.74,24.6,25.0
4,2025-07-25,23.97,45010.26,48123.17,25.6,26.1
4,2025-07-26,16.91,29295.04,48068.60,25.7,26.3
4,2025-07-27,18.98,24391.09,48012.59,26.0,26.4
4,2025-07-28,21.06,40773.94,47955.11,25.2,25.9
4,2025-07-29,19.15,39302.67,47896.24,25.7,26.2
4,2025-07-30,25.77,43324.10,47836.05,25.7,26.4
4,2025-07-31,21.61,41331.60,47774.61,25.1,25.9
4,2025-08-01,25.25,40443.63,47712.00,26.0,26.5
4,2025-08-02,23.64,40288.41,47648.28,26.0,26.2
4,2025-08-03,23.72,41690.99,47583.52,25.7,26.3
4,2025-08-04,24.02,40717.22,47517.80,25.9,26.4
4,2025-08-05,15.91,33069.26,47451.16,25.9,26.2
4,2025-08-06,24.53,44770.92,47383.69,25.3,25.8
4,2025-08-07,26.70,44466.13,47315.45,24.9,25.4
4,2025-08-08,26.37,43950.21,47246.50,25.8,26.0
4,2025-08-09,26.21,44222.51,47176.90,25.7,26.0
4,2025-08-10,26.02,44232.12,47106.72,25.3,25.6
4,2025-08-11,25.66,43980.26,47036.02,25.4,25.7
4,2025-08-12,26.19,43468.14,46964.84,25.0,25.9
4,2025-08-13,23.70,43200.00,46893.27,24.9,25.6
4,2025-08-14,25.11,43200.00,46821.35,24.3,24.7
4,2025-08-15,24.11,38818.76,46749.03,24.4,25.1
4,2025-08-16,24.47,43509.63,46675.79,24.2,24.9
4,2025-08-17,25.79,43778.81,46601.59,24.1,24.6
4,2025-08-18,24.51,43271.10,46526.50,24.8,25.2
4,2025-08-19,24.68,43798.05,46450.59,24.7,25.0
4,2025-08-20,24.41,41773.17,46373.91,24.6,25.0
4,2025-08-21,24.47,43816.98,46296.55,24.8,25.2
4,2025-08-22,25.79,43569.14,46218.54,25.1,25.4
4,2025-08-23,25.62,43200.00,46139.96,25.0,25.9
4,2025-08-24,25.14,43200.00,46060.87,24.7,25.3
4,2025-08-25,22.07,40918.82,45981.34,24.3,25.3
4,2025-08-26,18.09,30370.67,45901.41,23.8,24.4
4,2025-08-27,18.40,36604.99,45821.15,24.1,24.9
4,2025-08-28,24.67,43371.48,45740.62,24.1,24.5
4,2025-08-29,23.90,43381.32,45659.85,24.2,24.5
4,2025-08-30,24.37,39522.54,45578.94,23.9,24.3
4,2025-08-31,16.43,39232.60,45497.90,24.3,24.7
4,2025-09-01,13.68,22483.08,45416.82,24.3,24.9
4,2025-09-02,23.13,43200.00,45335.73,24.4,25.0
4,2025-09-03,24.59,43430.67,45254.70,23.7,24.1
4,2025-09-04,24.75,43178.19,45173.67,23.9,24.7
4,2025-09-05,22.63,43118.43,45092.08,25.0,25.2
4,2025-09-06,23.16,43064.69,45009.91,25.0,25.3
4,2025-09-07,23.33,42974.71,44927.21,24.2,24.7
4,2025-09-08,23.57,42748.90,44844.03,24.3,25.0
4,2025-09-09,23.76,42871.78,44760.44,24.6,25.0
4,2025-09-10,23.26,42808.65,44676.47,24.4,25.0
4,2025-09-11,23.21,42745.08,44592.20,24.2,25.0
4,2025-09-12,21.12,42681.18,44507.67,24.6,25.0
4,2025-09-13,21.02,42617.03,44422.94,24.6,25.2
4,2025-09-14,23.32,42552.71,44338.06,24.9,25.4
4,2025-09-15,23.21,42488.30,44253.09,25.0,25.5
4,2025-09-16,21.99,41976.28,44168.07,24.7,25.1
4,2025-09-17,22.60,37650.04,44083.07,24.4,25.0
4,2025-09-18,17.43,36924.23,43998.12,24.2,24.7
4,2025-09-19,19.88,40808.26,43913.29,24.9,25.2
4,2025-09-20,22.28,40335.06,43828.63,24.8,25.4
4,2025-09-21,19.78,40366.56,43744.17,25.1,25.5
4,2025-09-22,14.58,28506.63,43659.99,25.1,25.5
4,2025-09-23,11.97,16355.14,43576.13,25.1,25.4
4,2025-09-24,21.20,41217.25,43492.53,24.3,24.9
4,2025-09-25,20.44,36000.00,43408.63,24.7,25.2
4,2025-09-26,19.41,35944.88,43324.38,25.1,25.7
4,2025-09-27,20.55,40301.80,43239.82,25.1,25.4
4,2025-09-28,21.93,40333.61,43155.03,24.5,25.4
4,2025-09-29,22.50,40365.57,43070.05,23.7,24.6
4,2025-09-30,22.37,40144.79,42984.95,23.6,24.2
4,2025-10-01,21.84,40176.77,42899.77,23.2,24.2
4,2025-10-02,21.05,40208.74,42814.58,23.4,23.9
4,2025-10-03,21.21,39987.45,42729.43,24.3,24.6
4,2025-10-04,21.12,39765.77,42644.38,24.9,25.4
4,2025-10-05,21.33,39797.14,42559.48,24.1,24.8
4,2025-10-06,21.55,39600.00,42474.80,23.9,24.6
4,2025-10-07,20.87,39605.29,42390.38,23.8,24.7
4,2025-10-08,19.64,39635.70,42306.30,23.8,24.8
4,2025-10-09,20.01,39600.00,42222.60,24.2,25.1
4,2025-10-10,20.58,39600.00,42139.35,23.8,24.2
4,2025-10-11,20.43,39600.00,42056.62,24.6,25.0
4,2025-10-12,20.34,39600.00,41974.44,24.4,25.1
4,2025-10-13,20.22,39600.00,41892.90,23.7,24.8
4,2025-10-14,20.49,39600.00,41811.94,22.6,23.2
4,2025-10-15,19.92,39600.00,41730.92,23.4,23.9
4,2025-10-16,18.90,39293.74,41649.79,24.1,24.8
4,2025-10-17,17.92,39600.00,41568.63,24.0,24.4
4,2025-10-18,18.46,36000.00,41487.50,24.0,24.6
4,2025-10-19,3.65,2271.06,41406.45,23.8,24.8
4,2025-10-20,4.15,5219.16,41325.57,23.7,24.0
4,2025-10-21,10.76,21635.38,41244.92,23.7,24.4
4,2025-10-22,12.14,18852.17,41164.57,22.7,23.4
4,2025-10-23,7.05,3645.48,41084.59,22.6,23.6
4,2025-10-24,7.05,5970.24,41005.04,23.0,23.4
4,2025-10-25,13.52,32155.44,40926.01,23.1,23.4
4,2025-10-26,7.29,8994.65,40847.57,21.7,23.1
4,2025-10-27,5.98,2157.55,40769.78,20.7,21.6
4,2025-10-28,4.47,1738.33,40692.73,21.5,22.5
4,2025-10-29,10.51,23746.55,40616.49,20.9,21.8
4,2025-10-30,13.37,33536.62,40541.14,22.2,22.9
4,2025-10-31,16.41,39600.00,40466.76,20.9,22.3
4,2025-11-01,13.34,33107.38,40393.42,17.9,19.3
4,2025-11-02,4.61,0.00,40321.21,18.2,19.6
4,2025-11-03,5.65,3600.00,40250.09,19.6,20.6
4,2025-11-04,9.03,22364.22,40179.38,21.5,22.8
4,2025-11-05,12.16,37562.20,40109.04,22.1,23.0
4,2025-11-06,15.04,39481.26,40039.15,21.8,22.2
4,2025-11-07,16.31,39442.23,39969.76,21.0,22.3
4,2025-11-08,16.62,39402.72,39900.97,21.4,22.3
4,2025-11-09,15.76,35991.97,39832.84,22.3,23.5
4,2025-11-10,4.81,1922.77,39765.46,23.1,24.5
4,2025-11-11,6.93,11452.79,39698.90,24.2,25.1
4,2025-11-12,13.76,29687.12,39633.25,23.9,25.2
4,2025-11-13,8.76,24591.27,39568.59,21.3,24.4
4,2025-11-14,13.85,39021.13,39505.00,17.9,19.0
4,2025-11-15,16.83,38957.61,39442.56,18.3,20.3
4,2025-11-16,15.90,38895.34,39381.36,20.8,22.0
4,2025-11-17,13.69,35644.03,39321.50,21.0,21.9
4,2025-11-18,4.74,3600.00,39263.05,17.6,18.4
4,2025-11-19,4.69,0.00,39206.10,16.0,16.9
4,2025-11-20,6.58,1815.72,39150.74,15.5,17.0
4,2025-11-21,4.98,1652.76,39097.06,17.1,17.9
4,2025-11-22,11.34,29313.97,39045.16,17.4,18.3
4,2025-11-23,15.26,38502.06,38995.02,18.6,19.6
4,2025-11-24,16.01,35710.13,38946.07,18.1,19.4
4,2025-11-25,10.54,21243.89,38898.27,14.3,16.5
4,2025-11-26,9.21,20592.64,38851.68,14.5,16.4
4,2025-11-27,4.20,3644.94,38806.36,15.1,16.2
4,2025-11-28,6.98,10703.04,38762.36,12.7,13.4
4,2025-11-29,12.06,32996.93,38719.75,17.3,19.2
4,2025-11-30,5.48,3073.86,38678.58,21.0,21.6
4,2025-12-01,9.62,28509.42,38638.93,20.7,21.2
4,2025-12-02,14.49,35701.36,38600.85,18.8,21.1
4,2025-12-03,9.25,18077.53,38564.40,14.5,16.7
4,2025-12-04,10.88,30620.51,38529.65,12.5,14.1
4,2025-12-05,5.25,797.17,38496.66,15.9,17.1
4,2025-12-06,5.78,10917.59,38465.49,15.2,16.3
4,2025-12-07,13.23,35742.17,38436.20,16.5,18.9
4,2025-12-08,12.70,32487.04,38408.86,18.2,18.7
4,2025-12-09,8.34,24782.38,38383.52,17.8,18.6
4,2025-12-10,8.33,19649.52,38360.25,18.5,19.4
4,2025-12-11,11.53,33517.91,38339.10,17.8,18.3
4,2025-12-12,8.06,28436.91,38320.15,18.6,19.4
4,2025-12-13,9.76,30083.17,38303.41,18.2,20.0
4,2025-12-14,7.73,16632.02,38288.65,11.8,13.2
4,2025-12-15,7.43,7440.49,38275.84,12.6,14.3
4,2025-12-16,13.38,35894.61,38264.98,16.7,17.8
4,2025-12-17,12.03,32319.09,38256.08,17.9,18.6
4,2025-12-18,4.77,2453.55,38249.12,18.1,18.7
4,2025-12-19,4.19,1478.44,38244.13,18.4,19.1
4,2025-12-20,4.02,0.00,38241.09,18.4,19.2
4,2025-12-21,10.68,28184.29,38240.00,16.8,19.1
4,2025-12-22,11.21,28770.16,38240.87,15.9,17.4
4,2025-12-23,14.07,36024.74,38243.68,16.2,18.0
4,2025-12-24,14.36,36000.00,38248.45,17.5,18.2
4,2025-12-25,3.58,1695.09,38255.16,14.6,17.4
4,2025-12-26,6.28,8267.88,38263.81,12.6,14.9
4,2025-12-27,5.61,7230.74,38274.40,15.7,17.3
4,2025-12-28,3.95,271.47,38286.91,17.5,18.4
4,2025-12-29,7.68,20054.27,38301.35,18.2,19.3
4,2025-12-30,8.48,24536.67,38317.69,18.7,19.1
4,2025-12-31,8.33,18472.16,38335.95,18.1,18.7
4,2026-01-01,4.71,321.86,38356.11,15.1,16.7
4,2026-01-02,4.85,3600.00,38378.21,10.9,13.6
4,2026-01-03,8.74,20718.42,38402.49,9.5,11.2
4,2026-01-04,14.61,35454.74,38428.94,10.7,12.5
4,2026-01-05,14.34,36000.00,38457.51,14.0,15.4
4,2026-01-06,11.96,32400.00,38488.11,13.0,14.4
4,2026-01-07,7.96,11763.09,38520.68,10.2,11.3
4,2026-01-08,10.57,25422.11,38555.17,8.5,10.5
4,2026-01-09,11.55,33659.85,38591.49,8.5,9.6
4,2026-01-10,10.59,23033.16,38629.58,11.1,12.2
4,2026-01-11,12.06,35652.73,38669.39,9.0,10.9
4,2026-01-12,10.44,27228.51,38710.83,10.5,12.8
4,2026-01-13,14.85,36000.00,38753.86,12.5,13.4
4,2026-01-14,16.88,36000.00,38798.39,11.9,12.5
4,2026-01-15,15.79,36000.00,38844.36,14.9,15.4
4,2026-01-16,10.89,34105.24,38891.72,17.0,18.2
4,2026-01-17,13.86,29411.83,38940.40,15.4,16.1
4,2026-01-18,14.23,34370.31,38990.33,16.9,17.6
4,2026-01-19,14.11,35166.30,39041.44,16.7,17.7
4,2026-01-20,7.74,14333.10,39093.69,12.9,14.3
4,2026-01-21,6.33,2834.20,39147.00,11.9,12.4
4,2026-01-22,5.24,80.11,39201.42,12.2,12.9
4,2026-01-23,10.64,22843.12,39257.55,13.8,14.2
4,2026-01-24,3.92,0.00,39315.39,14.9,15.5
4,2026-01-25,8.50,18098.84,39374.85,14.8,15.5
4,2026-01-26,16.57,36000.00,39435.85,15.4,17.2
4,2026-01-27,4.38,1403.38,39498.29,15.5,17.2
4,2026-01-28,12.18,29408.64,39562.07,13.0,14.0
4,2026-01-29,16.72,36000.00,39627.12,12.8,14.8
4,2026-01-30,7.16,8716.56,39693.35,15.9,17.5
4,2026-01-31,11.23,22002.58,39760.67,16.2,17.9
