location_id,city/town,latitude,longitude,elevation,utc_offset_seconds,timezone,timezone_abbreviation
0,Abashiri,43.971878,144.2185,8.0,0,GMT,GMT
1,Kitami,43.83128,143.9183,74.0,0,GMT,GMT
2,Monbetsu,44.32337,143.3945,17.0,0,GMT,GMT
3,Shari,43.90158,144.68182,7.0,0,GMT,GMT

location_id,time,temperature_2m_max (°C),temperature_2m_min (°C),wind_speed_10m_max (km/h),wind_gusts_10m_max (km/h),precipitation_sum (mm),rain_sum (mm),precipitation_hours (h),snowfall_sum (cm)
0,2021-01-01,-7.4,-13.6,20.9,46.1,0.00,0.00,0.0,0.00
0,2021-01-02,-5.1,-11.7,27.2,55.8,0.00,0.00,0.0,0.00
0,2021-01-03,-2.4,-10.1,13.7,30.2,0.20,0.00,2.0,0.14
0,2021-01-04,-4.0,-11.0,16.5,36.0,0.10,0.00,1.0,0.07
0,2021-01-05,-4.2,-12.4,14.0,30.2,0.00,0.00,0.0,0.00
0,2021-01-06,-4.2,-12.5,9.0,20.9,0.00,0.00,0.0,0.00
0,2021-01-07,-3.2,-8.2,31.3,61.9,10.50,0.10,23.0,7.28
0,2021-01-08,-3.1,-14.2,35.9,72.0,10.40,0.10,19.0,7.21
0,2021-01-09,-6.6,-21.0,14.6,29.2,0.00,0.00,0.0,0.00
0,2021-01-10,-9.2,-17.4,15.9,31.3,0.00,0.00,0.0,0.00
0,2021-01-11,-9.4,-16.7,13.5,25.6,0.30,0.10,3.0,0.14
0,2021-01-12,0.1,-11.3,17.7,35.3,0.40,0.00,3.0,0.28
0,2021-01-13,1.6,-9.7,19.6,39.6,0.90,0.00,5.0,0.70
0,2021-01-14,0.2,-8.4,34.1,66.6,2.30,0.00,7.0,1.61
0,2021-01-15,1.3,-10.7,30.2,69.1,3.50,0.00,9.0,2.52
0,2021-01-16,4.1,-8.0,34.8,68.8,1.80,0.20,13.0,1.12
0,2021-01-17,-6.9,-12.2,11.8,23.0,0.80,0.00,8.0,0.56
0,2021-01-18,-5.0,-14.3,13.8,25.9,1.10,0.00,9.0,0.84
0,2021-01-19,-5.9,-14.7,27.0,55.8,1.50,0.00,12.0,1.05
0,2021-01-20,-7.0,-14.7,26.1,51.5,0.00,0.00,0.0,0.00
0,2021-01-21,0.0,-9.5,13.8,27.7,0.00,0.00,0.0,0.00
0,2021-01-22,-2.2,-8.8,25.6,51.5,0.70,0.00,7.0,0.56
0,2021-01-23,-6.2,-16.9,14.5,29.9,0.10,0.00,1.0,0.07
0,2021-01-24,-2.6,-12.6,12.5,24.1,0.00,0.00,0.0,0.00
0,2021-01-25,-3.8,-15.5,21.3,41.8,1.30,0.00,10.0,0.91
0,2021-01-26,-0.9,-10.4,19.1,38.5,0.60,0.00,3.0,0.42
0,2021-01-27,2.4,-5.9,28.7,56.2,0.90,0.00,4.0,0.63
0,2021-01-28,-3.5,-10.0,13.3,27.0,0.10,0.00,1.0,0.07
0,2021-01-29,-1.9,-4.2,24.0,48.6,15.00,0.00,24.0,10.50
0,2021-01-30,-1.7,-7.1,24.4,49.3,4.80,0.10,16.0,3.29
0,2021-01-31,-5.2,-9.3,20.9,42.8,0.50,0.00,5.0,0.35
0,2021-02-01,2.6,-8.3,31.4,69.1,0.80,0.00,2.0,0.56
0,2021-02-02,1.5,-16.8,21.8,58.0,1.90,0.00,9.0,1.33
0,2021-02-03,-10.9,-16.8,18.1,38.5,1.00,0.00,9.0,0.70
0,2021-02-04,-9.3,-17.4,15.3,29.5,0.10,0.00,1.0,0.07
0,2021-02-05,-6.1,-12.2,16.8,30.6,0.00,0.00,0.0,0.00
0,2021-02-06,-1.0,-7.1,15.3,29.5,0.60,0.00,6.0,0.42
0,2021-02-07,-7.0,-17.3,15.2,30.2,1.90,0.00,11.0,1.33
0,2021-02-08,-6.4,-15.0,16.9,33.1,0.20,0.00,2.0,0.14
0,2021-02-09,-4.8,-13.6,16.3,32.4,0.00,0.00,0.0,0.00
0,2021-02-10,-3.7,-11.0,14.2,26.6,0.00,0.00,0.0,0.00
0,2021-02-11,-2.5,-7.2,20.0,39.2,0.10,0.00,1.0,0.21
0,2021-02-12,-2.5,-10.8,13.7,27.7,0.00,0.00,0.0,0.00
0,2021-02-13,0.3,-7.2,12.9,23.4,0.00,0.00,0.0,0.00
0,2021-02-14,4.2,-3.4,12.4,23.0,0.00,0.00,0.0,0.00
0,2021-02-15,3.7,0.3,38.2,77.0,27.70,27.20,21.0,0.35
0,2021-02-16,4.1,-7.5,38.2,74.5,0.70,0.40,6.0,0.21
0,2021-02-17,-2.2,-6.9,32.2,62.6,0.60,0.00,3.0,0.42
0,2021-02-18,-2.3,-4.4,24.2,46.8,3.50,0.10,18.0,2.38
0,2021-02-19,0.7,-4.4,19.6,38.2,0.00,0.00,0.0,0.00
0,2021-02-20,4.8,-4.6,29.9,61.6,1.10,0.70,8.0,0.28
0,2021-02-21,-1.1,-11.2,19.2,44.3,0.50,0.00,5.0,0.42
0,2021-02-22,-2.0,-6.6,13.7,27.0,6.80,0.00,12.0,4.76
0,2021-02-23,-1.7,-7.8,23.0,45.4,2.80,0.00,14.0,1.96
0,2021-02-24,-5.1,-13.2,13.7,28.4,0.00,0.00,0.0,0.00
0,2021-02-25,-5.1,-15.2,14.6,29.5,0.10,0.00,1.0,0.07
0,2021-02-26,-4.6,-10.0,14.8,29.5,0.80,0.10,8.0,0.49
0,2021-02-27,-5.2,-12.1,25.6,51.1,0.20,0.00,2.0,0.14
0,2021-02-28,2.0,-6.1,13.7,25.6,0.00,0.00,0.0,0.00
0,2021-03-01,3.4,-4.3,19.9,38.5,13.30,0.10,19.0,9.31
0,2021-03-02,-3.2,-8.0,33.1,64.1,21.60,0.00,19.0,15.12
0,2021-03-03,-5.5,-13.1,27.3,53.3,0.10,0.00,1.0,0.07
0,2021-03-04,3.7,-4.7,26.9,52.2,0.00,0.00,0.0,0.00
0,2021-03-05,8.1,-2.4,28.8,54.4,1.50,0.50,5.0,0.70
0,2021-03-06,-4.9,-12.6,29.2,56.5,1.80,0.00,14.0,1.26
0,2021-03-07,-2.8,-10.4,16.3,30.2,0.00,0.00,0.0,0.00
0,2021-03-08,-0.1,-12.0,16.4,32.8,0.70,0.00,5.0,0.49
0,2021-03-09,2.1,-4.5,25.3,49.3,0.20,0.00,2.0,0.14
0,2021-03-10,1.0,-3.8,37.7,79.9,5.00,0.00,16.0,3.50
0,2021-03-11,4.3,-4.0,12.9,25.6,1.30,0.00,5.0,0.91
0,2021-03-12,4.3,-7.5,16.3,32.0,0.00,0.00,0.0,0.00
0,2021-03-13,5.0,-2.5,18.0,33.5,0.00,0.00,0.0,0.00
0,2021-03-14,2.1,-0.7,23.2,43.9,1.70,1.70,5.0,0.00
0,2021-03-15,1.2,-4.6,24.6,47.5,0.00,0.00,0.0,0.00
0,2021-03-16,5.8,-3.6,13.7,27.7,0.00,0.00,0.0,0.00
0,2021-03-17,1.9,-0.8,28.6,57.2,4.50,0.00,18.0,3.15
0,2021-03-18,-0.2,-2.3,31.1,62.3,0.10,0.00,1.0,0.14
0,2021-03-19,0.1,-4.6,26.6,52.9,0.00,0.00,0.0,0.00
0,2021-03-20,-0.6,-3.2,23.0,43.2,1.10,0.00,7.0,0.77
0,2021-03-21,5.6,-1.2,34.5,65.2,8.50,7.60,18.0,0.63
0,2021-03-22,6.4,-3.1,26.6,52.9,0.10,0.10,1.0,0.00
0,2021-03-23,5.7,0.1,27.3,52.9,0.10,0.10,1.0,0.00
0,2021-03-24,10.0,-2.2,20.2,37.8,0.00,0.00,0.0,0.00
0,2021-03-25,9.5,0.2,17.4,34.6,2.40,1.80,11.0,0.42
0,2021-03-26,0.5,-3.5,24.0,47.2,2.50,0.00,10.0,1.75
0,2021-03-27,4.2,-0.5,13.4,31.7,0.00,0.00,0.0,0.00
0,2021-03-28,9.9,5.2,24.2,50.8,3.20,3.20,10.0,0.00
0,2021-03-29,11.6,4.5,21.7,43.2,0.10,0.10,1.0,0.00
0,2021-03-30,14.4,2.9,15.6,30.2,0.00,0.00,0.0,0.00
0,2021-03-31,10.6,1.6,19.9,38.5,0.00,0.00,0.0,0.00
0,2021-04-01,6.3,-1.8,12.5,31.3,0.00,0.00,0.0,0.00
0,2021-04-02,13.1,4.8,23.0,47.2,0.00,0.00,0.0,0.00
0,2021-04-03,10.8,3.8,27.2,52.2,5.00,5.00,12.0,0.00
0,2021-04-04,5.2,0.7,13.2,28.1,4.30,1.80,18.0,1.75
0,2021-04-05,4.8,-3.4,18.6,41.8,0.00,0.00,0.0,0.00
0,2021-04-06,10.2,-1.6,22.3,45.4,0.00,0.00,0.0,0.00
0,2021-04-07,8.2,-1.6,20.9,43.2,0.00,0.00,0.0,0.00
0,2021-04-08,4.6,-2.8,26.2,54.0,0.30,0.30,3.0,0.00
0,2021-04-09,3.5,-1.0,29.0,58.0,3.50,0.10,12.0,2.38
0,2021-04-10,7.3,-2.5,23.5,49.3,0.00,0.00,0.0,0.00
0,2021-04-11,12.0,0.6,16.4,35.3,0.00,0.00,0.0,0.00
0,2021-04-12,18.5,8.7,29.6,58.0,0.00,0.00,0.0,0.00
0,2021-04-13,12.9,6.2,36.4,73.8,1.20,1.20,10.0,0.00
0,2021-04-14,6.9,-1.0,21.0,43.6,0.00,0.00,0.0,0.00
0,2021-04-15,8.2,-0.4,26.6,54.7,0.10,0.00,1.0,0.07
0,2021-04-16,15.2,6.6,28.9,57.6,0.00,0.00,0.0,0.00
0,2021-04-17,13.4,6.8,35.0,72.0,5.60,5.60,18.0,0.00
0,2021-04-18,10.3,3.1,31.8,67.3,7.80,7.80,16.0,0.00
0,2021-04-19,13.1,2.2,27.9,61.2,0.40,0.40,3.0,0.00
0,2021-04-20,18.5,1.3,36.2,78.1,0.40,0.40,1.0,0.00
0,2021-04-21,8.4,0.8,38.2,76.0,4.30,3.00,12.0,0.91
0,2021-04-22,4.4,0.3,35.6,74.9,0.00,0.00,0.0,0.00
0,2021-04-23,12.5,4.2,16.4,31.3,0.00,0.00,0.0,0.00
0,2021-04-24,18.2,0.7,20.6,40.0,13.60,3.20,13.0,7.28
0,2021-04-25,2.4,-1.1,18.7,38.2,1.80,0.00,8.0,1.26
0,2021-04-26,5.6,0.1,14.6,35.3,0.00,0.00,0.0,0.00
0,2021-04-27,9.3,1.9,13.5,33.1,0.00,0.00,0.0,0.00
0,2021-04-28,15.2,7.7,18.7,35.6,0.10,0.10,1.0,0.00
0,2021-04-29,15.5,5.8,21.3,42.8,10.80,10.80,10.0,0.00
0,2021-04-30,4.7,1.9,46.2,92.5,38.40,36.20,22.0,1.54
0,2021-05-01,6.3,1.8,30.8,67.0,0.00,0.00,0.0,0.00
0,2021-05-02,5.4,2.0,22.0,44.6,0.10,0.10,1.0,0.00
0,2021-05-03,5.4,2.3,35.3,71.3,6.60,6.30,23.0,0.21
0,2021-05-04,8.9,1.5,29.0,59.8,0.00,0.00,0.0,0.00
0,2021-05-05,14.0,8.1,36.1,70.9,1.20,1.20,1.0,0.00
0,2021-05-06,19.4,8.7,26.0,52.2,0.10,0.10,1.0,0.00
0,2021-05-07,23.6,10.6,23.6,46.8,0.20,0.20,1.0,0.00
0,2021-05-08,20.6,6.4,19.0,44.3,0.20,0.20,2.0,0.00
0,2021-05-09,14.3,3.4,17.1,40.3,3.00,3.00,9.0,0.00
0,2021-05-10,6.2,2.9,31.4,62.6,5.70,5.70,22.0,0.00
0,2021-05-11,4.3,2.6,27.8,56.2,0.40,0.40,4.0,0.00
0,2021-05-12,11.0,4.2,17.9,36.0,0.00,0.00,0.0,0.00
0,2021-05-13,15.0,5.9,20.5,46.4,0.00,0.00,0.0,0.00
0,2021-05-14,16.0,6.2,12.0,28.8,0.00,0.00,0.0,0.00
0,2021-05-15,18.0,9.4,29.1,58.3,0.00,0.00,0.0,0.00
0,2021-05-16,15.4,11.9,28.0,55.4,30.10,30.10,21.0,0.00
0,2021-05-17,13.3,7.3,17.6,38.9,4.80,4.80,5.0,0.00
0,2021-05-18,16.6,9.8,14.5,29.5,0.00,0.00,0.0,0.00
0,2021-05-19,21.7,11.0,19.2,39.2,0.00,0.00,0.0,0.00
0,2021-05-20,20.1,13.3,15.9,31.7,0.00,0.00,0.0,0.00
0,2021-05-21,21.6,11.0,21.3,42.8,0.00,0.00,0.0,0.00
0,2021-05-22,15.8,8.2,10.9,25.2,2.50,2.50,10.0,0.00
0,2021-05-23,10.5,6.5,12.3,27.0,2.60,2.60,11.0,0.00
0,2021-05-24,12.5,6.3,18.7,39.2,1.50,1.50,8.0,0.00
0,2021-05-25,18.0,6.2,14.5,42.1,7.50,7.50,6.0,0.00
0,2021-05-26,16.5,6.0,22.6,56.5,4.70,4.70,5.0,0.00
0,2021-05-27,15.4,10.2,13.1,26.3,6.50,6.50,10.0,0.00
0,2021-05-28,14.4,9.0,23.6,49.0,0.80,0.80,5.0,0.00
0,2021-05-29,12.5,6.0,24.5,51.5,20.70,20.70,6.0,0.00
0,2021-05-30,12.3,5.0,26.9,54.0,7.10,7.10,16.0,0.00
0,2021-05-31,9.5,5.0,31.6,67.0,0.00,0.00,0.0,0.00
0,2021-06-01,15.3,6.1,12.2,31.0,0.00,0.00,0.0,0.00
0,2021-06-02,17.1,9.9,10.9,27.0,0.30,0.30,1.0,0.00
0,2021-06-03,20.3,13.7,25.5,53.6,0.00,0.00,0.0,0.00
0,2021-06-04,18.2,10.8,44.9,90.7,15.90,15.90,14.0,0.00
0,2021-06-05,24.9,16.2,24.0,46.1,0.30,0.30,2.0,0.00
0,2021-06-06,25.2,12.3,22.2,49.0,1.50,1.50,5.0,0.00
0,2021-06-07,17.3,13.3,12.3,35.3,0.40,0.40,2.0,0.00
0,2021-06-08,15.7,7.1,16.7,50.4,1.60,1.60,4.0,0.00
0,2021-06-09,19.3,10.8,11.1,27.7,0.00,0.00,0.0,0.00
0,2021-06-10,23.5,15.0,12.8,26.6,0.00,0.00,0.0,0.00
0,2021-06-11,27.1,19.2,20.2,40.7,0.00,0.00,0.0,0.00
0,2021-06-12,23.7,17.6,25.4,50.8,0.00,0.00,0.0,0.00
0,2021-06-13,26.1,13.6,13.8,40.0,3.40,3.40,7.0,0.00
0,2021-06-14,15.1,9.8,12.2,28.1,0.80,0.80,8.0,0.00
0,2021-06-15,13.7,9.8,11.5,27.4,0.00,0.00,0.0,0.00
0,2021-06-16,16.6,10.5,14.1,33.5,0.00,0.00,0.0,0.00
0,2021-06-17,19.4,11.1,16.9,32.8,0.00,0.00,0.0,0.00
0,2021-06-18,18.0,9.9,14.9,35.6,0.00,0.00,0.0,0.00
0,2021-06-19,14.7,10.6,16.0,36.4,0.20,0.20,1.0,0.00
0,2021-06-20,12.7,10.1,11.2,33.5,10.10,10.10,19.0,0.00
0,2021-06-21,15.9,8.4,12.3,30.2,0.10,0.10,1.0,0.00
0,2021-06-22,19.3,11.1,11.1,27.7,0.00,0.00,0.0,0.00
0,2021-06-23,23.3,14.5,15.5,29.5,0.00,0.00,0.0,0.00
0,2021-06-24,23.4,14.3,14.7,29.2,0.00,0.00,0.0,0.00
0,2021-06-25,24.0,15.1,13.3,31.3,1.80,1.80,5.0,0.00
0,2021-06-26,27.8,14.4,12.5,28.8,0.20,0.20,2.0,0.00
0,2021-06-27,23.3,15.4,13.2,30.2,0.00,0.00,0.0,0.00
0,2021-06-28,20.3,13.7,14.8,34.2,0.00,0.00,0.0,0.00
0,2021-06-29,21.3,15.0,20.9,42.1,0.00,0.00,0.0,0.00
0,2021-06-30,19.4,13.9,16.0,35.3,0.00,0.00,0.0,0.00
0,2021-07-01,23.5,15.9,24.3,50.4,0.00,0.00,0.0,0.00
0,2021-07-02,23.9,14.7,16.6,37.4,0.00,0.00,0.0,0.00
0,2021-07-03,20.4,14.2,14.8,36.4,0.00,0.00,0.0,0.00
0,2021-07-04,24.6,15.1,19.9,41.4,0.10,0.10,1.0,0.00
0,2021-07-05,19.1,15.6,26.8,59.0,9.30,9.30,11.0,0.00
0,2021-07-06,22.2,15.9,23.2,49.3,0.00,0.00,0.0,0.00
0,2021-07-07,20.2,15.6,18.5,38.5,2.80,2.80,6.0,0.00
0,2021-07-08,20.7,15.4,21.5,44.3,0.10,0.10,1.0,0.00
0,2021-07-09,25.3,16.2,18.8,36.4,0.10,0.10,1.0,0.00
0,2021-07-10,24.0,16.8,22.1,46.8,0.10,0.10,1.0,0.00
0,2021-07-11,25.0,17.6,17.1,34.9,0.10,0.10,1.0,0.00
0,2021-07-12,25.2,18.8,14.3,28.8,0.40,0.40,3.0,0.00
0,2021-07-13,25.0,17.4,15.5,30.2,1.00,1.00,5.0,0.00
0,2021-07-14,27.1,17.2,19.7,40.3,0.00,0.00,0.0,0.00
0,2021-07-15,26.6,18.9,13.1,31.7,0.00,0.00,0.0,0.00
0,2021-07-16,27.8,20.5,11.1,26.3,0.00,0.00,0.0,0.00
0,2021-07-17,28.5,20.9,12.7,30.2,0.00,0.00,0.0,0.00
0,2021-07-18,31.3,22.4,12.0,30.6,0.00,0.00,0.0,0.00
0,2021-07-19,27.5,21.6,14.5,33.5,4.30,4.30,7.0,0.00
0,2021-07-20,26.5,18.9,15.9,37.1,0.00,0.00,0.0,0.00
0,2021-07-21,23.1,17.5,12.0,31.0,0.00,0.00,0.0,0.00
0,2021-07-22,25.9,19.9,13.4,28.4,0.00,0.00,0.0,0.00
0,2021-07-23,29.1,21.5,17.0,34.2,0.00,0.00,0.0,0.00
0,2021-07-24,28.3,22.3,14.5,31.7,0.00,0.00,0.0,0.00
0,2021-07-25,29.7,20.3,16.6,34.6,0.00,0.00,0.0,0.00
0,2021-07-26,30.3,20.0,21.3,42.8,0.00,0.00,0.0,0.00
0,2021-07-27,28.0,21.2,19.2,39.6,0.00,0.00,0.0,0.00
0,2021-07-28,33.4,23.3,23.8,48.2,0.00,0.00,0.0,0.00
0,2021-07-29,32.7,22.3,25.2,52.6,0.00,0.00,0.0,0.00
0,2021-07-30,32.5,22.1,20.5,46.8,0.00,0.00,0.0,0.00
0,2021-07-31,30.1,20.9,12.6,32.8,0.60,0.60,3.0,0.00
0,2021-08-01,24.3,20.4,15.9,34.9,10.90,10.90,15.0,0.00
0,2021-08-02,27.1,21.6,17.7,33.8,0.00,0.00,0.0,0.00
0,2021-08-03,28.2,21.6,12.0,29.5,0.00,0.00,0.0,0.00
0,2021-08-04,27.5,21.6,11.3,32.0,14.00,14.00,11.0,0.00
0,2021-08-05,30.1,22.6,6.8,34.2,5.90,5.90,8.0,0.00
0,2021-08-06,28.4,23.6,17.5,34.6,0.30,0.30,3.0,0.00
0,2021-08-07,31.2,21.3,16.3,34.6,1.80,1.80,9.0,0.00
0,2021-08-08,23.0,17.4,25.7,51.1,1.20,1.20,7.0,0.00
0,2021-08-09,20.8,15.5,19.2,38.9,13.60,13.60,18.0,0.00
0,2021-08-10,15.3,14.1,34.6,70.2,46.50,46.50,23.0,0.00
0,2021-08-11,16.7,12.9,24.3,51.1,0.50,0.50,4.0,0.00
0,2021-08-12,18.0,10.6,11.2,26.6,0.30,0.30,3.0,0.00
0,2021-08-13,19.1,13.5,15.1,32.8,0.00,0.00,0.0,0.00
0,2021-08-14,19.0,11.7,17.1,38.5,0.00,0.00,0.0,0.00
0,2021-08-15,19.9,13.5,18.3,38.2,0.00,0.00,0.0,0.00
0,2021-08-16,21.7,15.3,15.2,33.1,0.00,0.00,0.0,0.00
0,2021-08-17,23.4,15.6,16.7,34.2,0.10,0.10,1.0,0.00
0,2021-08-18,18.0,15.6,18.0,42.1,15.10,15.10,18.0,0.00
0,2021-08-19,19.3,12.6,20.9,43.6,0.00,0.00,0.0,0.00
0,2021-08-20,22.9,14.2,11.4,26.3,0.00,0.00,0.0,0.00
0,2021-08-21,23.5,15.8,15.9,32.8,0.00,0.00,0.0,0.00
0,2021-08-22,24.3,16.8,21.5,45.0,0.30,0.30,2.0,0.00
0,2021-08-23,18.9,16.3,17.7,36.4,22.00,22.00,20.0,0.00
0,2021-08-24,22.1,16.2,21.3,43.2,0.20,0.20,2.0,0.00
0,2021-08-25,20.3,17.6,22.4,45.7,11.40,11.40,24.0,0.00
0,2021-08-26,28.2,18.9,21.2,46.4,0.10,0.10,1.0,0.00
0,2021-08-27,25.5,20.3,13.7,30.6,0.50,0.50,5.0,0.00
0,2021-08-28,29.0,17.8,12.6,46.1,0.20,0.20,2.0,0.00
0,2021-08-29,27.0,18.4,13.0,28.8,0.90,0.90,5.0,0.00
0,2021-08-30,26.7,17.0,18.8,41.0,0.30,0.30,1.0,0.00
0,2021-08-31,22.4,15.7,23.1,49.0,5.00,5.00,11.0,0.00
0,2021-09-01,21.2,14.9,19.4,44.3,0.40,0.40,3.0,0.00
0,2021-09-02,19.2,14.5,12.3,29.5,0.50,0.50,2.0,0.00
0,2021-09-03,21.8,15.8,11.4,27.4,0.00,0.00,0.0,0.00
0,2021-09-04,21.7,14.7,14.1,31.3,1.40,1.40,9.0,0.00
0,2021-09-05,19.3,13.4,14.6,33.8,0.20,0.20,2.0,0.00
0,2021-09-06,18.8,11.3,10.2,25.9,0.00,0.00,0.0,0.00
0,2021-09-07,20.4,15.9,16.3,32.4,0.00,0.00,0.0,0.00
0,2021-09-08,21.8,14.8,20.7,42.5,0.00,0.00,0.0,0.00
0,2021-09-09,21.6,14.5,20.7,42.8,0.20,0.20,2.0,0.00
0,2021-09-10,21.2,15.8,11.4,27.7,0.00,0.00,0.0,0.00
0,2021-09-11,23.4,15.8,22.4,45.4,0.00,0.00,0.0,0.00
0,2021-09-12,22.5,13.5,26.0,54.7,1.30,1.30,4.0,0.00
0,2021-09-13,16.0,12.6,37.4,76.0,3.10,3.10,7.0,0.00
0,2021-09-14,17.0,8.7,18.0,41.4,0.00,0.00,0.0,0.00
0,2021-09-15,17.3,8.0,14.8,33.1,0.00,0.00,0.0,0.00
0,2021-09-16,17.6,12.8,18.5,37.4,0.00,0.00,0.0,0.00
0,2021-09-17,20.1,14.0,22.5,47.2,2.20,2.20,4.0,0.00
0,2021-09-18,18.1,10.9,19.4,45.7,25.00,25.00,13.0,0.00
0,2021-09-19,19.5,10.9,22.0,48.6,0.30,0.30,2.0,0.00
0,2021-09-20,18.3,11.0,19.3,41.0,0.10,0.10,1.0,0.00
0,2021-09-21,22.4,14.9,21.2,42.1,0.00,0.00,0.0,0.00
0,2021-09-22,24.7,18.2,29.2,57.2,2.00,2.00,7.0,0.00
0,2021-09-23,21.0,12.2,21.5,41.8,25.90,25.90,21.0,0.00
0,2021-09-24,14.8,11.8,23.9,49.0,1.40,1.40,7.0,0.00
0,2021-09-25,16.4,8.6,23.8,49.3,0.00,0.00,0.0,0.00
0,2021-09-26,18.5,10.7,11.5,22.3,0.00,0.00,0.0,0.00
0,2021-09-27,20.3,11.2,16.1,34.2,0.00,0.00,0.0,0.00
0,2021-09-28,20.4,12.8,17.2,35.6,0.00,0.00,0.0,0.00
0,2021-09-29,21.1,15.4,23.5,48.6,9.80,9.80,7.0,0.00
0,2021-09-30,19.6,14.3,30.4,64.8,14.40,14.40,10.0,0.00
0,2021-10-01,20.9,14.0,12.8,24.8,11.80,11.80,13.0,0.00
0,2021-10-02,17.0,12.5,24.1,49.0,4.10,4.10,14.0,0.00
0,2021-10-03,18.9,13.4,33.4,65.2,0.10,0.10,1.0,0.00
0,2021-10-04,22.5,11.5,23.5,53.3,21.60,21.60,14.0,0.00
0,2021-10-05,13.8,10.1,11.3,27.0,1.80,1.80,9.0,0.00
0,2021-10-06,14.8,7.6,18.6,40.0,0.20,0.20,1.0,0.00
0,2021-10-07,15.4,10.8,13.7,28.1,0.00,0.00,0.0,0.00
0,2021-10-08,17.0,8.3,11.5,22.7,0.00,0.00,0.0,0.00
0,2021-10-09,18.2,10.2,18.7,38.2,0.00,0.00,0.0,0.00
0,2021-10-10,21.0,13.8,35.2,77.0,18.00,18.00,11.0,0.00
0,2021-10-11,15.9,8.9,15.7,40.0,0.60,0.60,3.0,0.00
0,2021-10-12,14.8,8.8,14.3,31.7,0.00,0.00,0.0,0.00
0,2021-10-13,17.5,7.8,17.7,34.2,0.00,0.00,0.0,0.00
0,2021-10-14,18.0,12.3,16.8,33.1,0.10,0.10,1.0,0.00
0,2021-10-15,18.0,8.0,22.1,48.2,1.10,1.10,7.0,0.00
0,2021-10-16,13.2,6.1,27.9,53.3,10.50,10.50,9.0,0.00
0,2021-10-17,8.2,1.7,24.3,53.6,0.40,0.40,3.0,0.00
0,2021-10-18,9.6,1.9,12.8,28.8,0.00,0.00,0.0,0.00
0,2021-10-19,13.0,7.6,24.7,49.0,1.20,1.20,8.0,0.00
0,2021-10-20,12.2,8.0,26.5,50.8,11.70,11.70,23.0,0.00
0,2021-10-21,10.4,5.6,17.0,32.4,25.00,25.00,23.0,0.00
0,2021-10-22,8.9,2.3,11.5,22.0,0.60,0.60,3.0,0.00
0,2021-10-23,9.0,2.1,18.9,38.5,8.10,8.10,9.0,0.00
0,2021-10-24,15.4,4.3,14.5,30.6,0.00,0.00,0.0,0.00
0,2021-10-25,16.2,5.6,13.8,28.4,0.00,0.00,0.0,0.00
0,2021-10-26,16.2,6.3,14.8,29.2,1.40,1.40,3.0,0.00
0,2021-10-27,15.1,9.0,13.6,26.6,2.20,2.20,3.0,0.00
0,2021-10-28,16.4,6.0,31.7,60.1,4.10,4.10,9.0,0.00
0,2021-10-29,9.1,6.6,35.9,70.9,0.70,0.70,7.0,0.00
0,2021-10-30,10.0,4.7,11.2,30.2,0.00,0.00,0.0,0.00
0,2021-10-31,12.6,3.6,8.8,17.3,0.00,0.00,0.0,0.00
0,2021-11-01,9.0,6.7,21.7,42.5,1.60,1.60,8.0,0.00
0,2021-11-02,10.7,5.5,16.9,35.3,0.50,0.50,2.0,0.00
0,2021-11-03,9.8,7.5,16.9,32.4,29.20,29.20,21.0,0.00
0,2021-11-04,9.8,7.8,16.3,32.0,6.20,6.20,22.0,0.00
0,2021-11-05,9.4,3.2,10.7,21.2,1.40,1.40,9.0,0.00
0,2021-11-06,10.9,5.2,15.5,29.5,0.00,0.00,0.0,0.00
0,2021-11-07,8.2,0.6,18.8,41.4,0.60,0.60,3.0,0.00
0,2021-11-08,12.1,6.3,24.1,47.5,0.00,0.00,0.0,0.00
0,2021-11-09,14.8,12.3,28.8,67.0,53.90,53.90,15.0,0.00
0,2021-11-10,14.0,5.6,25.7,54.7,11.30,11.30,5.0,0.00
0,2021-11-11,12.7,5.6,27.8,55.4,0.50,0.50,3.0,0.00
0,2021-11-12,12.8,3.1,15.5,31.3,1.30,1.30,3.0,0.00
0,2021-11-13,9.7,4.5,19.2,42.5,0.00,0.00,0.0,0.00
0,2021-11-14,12.7,5.9,18.1,35.6,0.40,0.40,2.0,0.00
0,2021-11-15,8.2,-0.7,18.7,45.4,0.20,0.20,2.0,0.00
0,2021-11-16,6.4,0.1,19.1,38.9,0.40,0.40,3.0,0.00
0,2021-11-17,6.5,-1.2,20.6,40.3,0.80,0.70,4.0,0.07
0,2021-11-18,10.4,3.6,18.9,35.3,0.20,0.20,1.0,0.00
0,2021-11-19,12.3,2.7,33.5,65.2,2.80,2.80,9.0,0.00
0,2021-11-20,4.4,1.3,28.0,55.8,1.70,1.50,9.0,0.14
0,2021-11-21,4.4,-1.2,9.9,20.9,0.10,0.10,1.0,0.00
0,2021-11-22,10.8,3.6,31.6,64.1,25.40,25.40,15.0,0.00
0,2021-11-23,7.6,0.1,22.7,43.9,0.00,0.00,0.0,0.00
0,2021-11-24,5.3,-2.0,20.9,41.4,0.70,0.00,2.0,0.49
0,2021-11-25,5.1,-3.8,13.9,26.3,0.00,0.00,0.0,0.00
0,2021-11-26,4.1,-0.4,32.7,65.2,0.50,0.20,5.0,0.21
0,2021-11-27,3.8,1.6,34.9,66.6,3.50,0.90,12.0,1.82
0,2021-11-28,4.5,-2.0,24.6,48.2,0.10,0.10,1.0,0.00
0,2021-11-29,9.3,2.5,22.2,42.8,0.20,0.20,1.0,0.00
0,2021-11-30,13.0,3.8,36.3,69.5,1.40,1.40,4.0,0.00
0,2021-12-01,12.1,-1.1,47.9,99.0,28.00,28.00,8.0,0.00
0,2021-12-02,7.0,-1.7,28.9,59.0,0.00,0.00,0.0,0.00
0,2021-12-03,10.2,2.5,28.8,57.2,0.00,0.00,0.0,0.00
0,2021-12-04,5.0,-2.7,23.4,47.2,2.40,0.20,5.0,1.54
0,2021-12-05,1.0,-2.6,19.1,38.9,0.00,0.00,0.0,0.00
0,2021-12-06,8.1,1.3,17.9,32.8,0.00,0.00,0.0,0.00
0,2021-12-07,7.7,0.3,18.6,37.1,0.00,0.00,0.0,0.00
0,2021-12-08,3.8,-3.3,14.7,30.6,0.00,0.00,0.0,0.00
0,2021-12-09,6.2,-1.9,12.1,21.6,0.00,0.00,0.0,0.00
0,2021-12-10,8.0,-1.8,11.7,21.6,0.00,0.00,0.0,0.00
0,2021-12-11,6.0,0.6,11.8,22.7,0.10,0.10,1.0,0.00
0,2021-12-12,7.6,-1.4,22.1,42.1,1.00,0.80,4.0,0.14
0,2021-12-13,0.7,-2.0,40.3,80.6,1.50,0.00,5.0,1.05
0,2021-12-14,2.8,-1.5,23.8,48.2,0.00,0.00,0.0,0.00
0,2021-12-15,3.8,-1.9,19.0,36.0,0.50,0.50,4.0,0.00
0,2021-12-16,4.0,-2.9,11.2,22.0,0.20,0.00,2.0,0.14
0,2021-12-17,-0.2,-5.0,28.2,57.2,7.00,0.00,23.0,4.90
0,2021-12-18,-5.1,-10.7,28.5,58.0,1.60,0.00,6.0,1.12
0,2021-12-19,-3.3,-13.4,13.8,26.6,0.00,0.00,0.0,0.00
0,2021-12-20,1.6,-6.4,16.8,32.4,0.50,0.00,1.0,0.35
0,2021-12-21,4.3,-5.0,19.9,38.2,0.40,0.00,3.0,0.28
0,2021-12-22,0.6,-5.5,31.0,60.1,7.30,0.00,10.0,5.11
0,2021-12-23,-1.2,-13.6,20.5,40.0,0.00,0.00,0.0,0.00
0,2021-12-24,-4.6,-16.9,15.4,31.7,0.00,0.00,0.0,0.00
0,2021-12-25,-4.8,-10.2,27.1,54.0,3.00,0.00,11.0,2.10
0,2021-12-26,-6.2,-9.4,30.5,60.5,0.90,0.00,6.0,0.70
0,2021-12-27,-5.0,-8.5,23.7,47.2,1.30,0.00,8.0,0.91
0,2021-12-28,-4.5,-13.2,15.3,28.8,0.00,0.00,0.0,0.00
0,2021-12-29,0.0,-6.9,14.5,30.6,0.00,0.00,0.0,0.00
0,2021-12-30,0.1,-9.0,18.4,37.8,0.20,0.10,2.0,0.14
0,2021-12-31,-2.8,-16.5,39.0,75.2,1.80,0.00,5.0,1.26
0,2022-01-01,-7.5,-17.3,19.5,39.2,0.00,0.00,0.0,0.00
0,2022-01-02,-0.2,-9.0,22.7,45.4,0.70,0.00,3.0,0.49
0,2022-01-03,-6.9,-11.2,26.8,51.1,0.00,0.00,0.0,0.00
0,2022-01-04,-4.4,-8.3,38.9,73.8,8.30,0.00,20.0,5.81
0,2022-01-05,-4.8,-6.5,32.7,62.6,3.30,0.00,22.0,2.31
0,2022-01-06,-4.8,-10.4,19.7,40.0,0.20,0.00,2.0,0.14
0,2022-01-07,-5.2,-15.3,13.2,27.4,0.30,0.00,3.0,0.21
0,2022-01-08,-2.4,-10.8,18.2,34.2,0.60,0.00,5.0,0.42
0,2022-01-09,-3.0,-16.8,18.5,38.2,1.10,0.00,9.0,0.77
0,2022-01-10,-2.8,-14.7,13.6,24.5,0.00,0.00,0.0,0.00
0,2022-01-11,1.5,-10.3,58.8,106.9,31.60,0.10,17.0,22.05
0,2022-01-12,1.9,-1.1,35.0,107.3,9.40,0.10,18.0,6.51
0,2022-01-13,-0.1,-1.2,36.3,66.2,5.70,0.00,19.0,3.99
0,2022-01-14,-0.4,-1.3,43.7,79.6,9.00,0.10,24.0,6.30
0,2022-01-15,-0.6,-2.0,38.2,71.3,3.10,0.10,19.0,2.10
0,2022-01-16,-1.2,-4.1,12.5,23.8,3.00,0.00,6.0,2.10
0,2022-01-17,-0.7,-2.8,22.9,41.4,7.90,0.00,23.0,5.53
0,2022-01-18,-1.4,-3.4,29.5,53.3,5.20,0.00,20.0,3.64
0,2022-01-19,-3.1,-9.0,23.7,43.6,0.10,0.00,1.0,0.07
0,2022-01-20,-3.6,-8.2,27.4,51.1,2.20,0.00,15.0,1.54
0,2022-01-21,-3.2,-4.2,30.6,59.4,2.40,0.00,21.0,1.68
0,2022-01-22,-3.5,-9.5,23.0,44.3,1.10,0.00,11.0,0.77
0,2022-01-23,-4.3,-15.0,10.2,18.7,0.00,0.00,0.0,0.00
0,2022-01-24,-4.9,-12.8,18.6,34.9,1.80,0.00,15.0,1.26
0,2022-01-25,-4.8,-11.3,16.3,31.3,0.40,0.00,4.0,0.28
0,2022-01-26,-4.5,-10.3,11.7,22.0,0.60,0.00,4.0,0.42
0,2022-01-27,-4.6,-10.9,15.2,29.2,0.10,0.00,1.0,0.07
0,2022-01-28,-7.1,-13.8,13.3,26.3,0.00,0.00,0.0,0.00
0,2022-01-29,-4.7,-16.0,15.3,26.6,0.50,0.00,4.0,0.35
0,2022-01-30,-7.4,-17.2,13.5,27.0,0.30,0.00,3.0,0.21
0,2022-01-31,-7.3,-16.0,26.3,49.7,0.20,0.00,2.0,0.14
0,2022-02-01,-4.1,-8.0,16.4,30.2,0.00,0.00,0.0,0.00
0,2022-02-02,-3.2,-8.5,23.0,44.6,1.90,0.00,5.0,1.33
0,2022-02-03,-4.4,-11.0,11.5,22.3,0.60,0.00,5.0,0.42
0,2022-02-04,-5.0,-10.4,11.7,21.6,1.80,0.00,14.0,1.26
0,2022-02-05,-4.1,-8.0,20.4,38.5,2.20,0.00,14.0,1.54
0,2022-02-06,-3.7,-5.9,26.5,50.4,1.90,0.10,12.0,1.26
0,2022-02-07,-3.1,-11.4,19.0,35.6,0.70,0.00,5.0,0.49
0,2022-02-08,-2.2,-9.8,11.0,22.0,0.40,0.00,4.0,0.28
0,2022-02-09,-3.6,-14.4,20.4,39.6,0.00,0.00,0.0,0.00
0,2022-02-10,-4.6,-12.4,9.4,16.6,0.00,0.00,0.0,0.00
0,2022-02-11,-3.7,-9.8,11.8,22.3,0.40,0.00,4.0,0.35
0,2022-02-12,-3.8,-10.9,12.7,23.0,1.30,0.00,3.0,0.91
0,2022-02-13,-3.2,-7.0,14.5,26.6,3.10,0.10,12.0,2.10
0,2022-02-14,-2.5,-7.5,19.8,37.8,2.10,0.00,8.0,1.47
0,2022-02-15,-6.5,-9.7,10.1,22.7,0.00,0.00,0.0,0.00
0,2022-02-16,-5.1,-9.7,11.1,22.0,0.40,0.00,4.0,0.28
0,2022-02-17,-4.3,-7.1,13.4,27.0,1.20,0.00,10.0,0.91
0,2022-02-18,-4.7,-12.1,23.1,44.6,0.60,0.00,5.0,0.42
0,2022-02-19,-0.7,-10.3,21.4,39.6,0.00,0.00,0.0,0.00
0,2022-02-20,-0.0,-4.0,54.5,97.6,16.40,0.00,23.0,11.48
0,2022-02-21,-3.5,-5.7,57.5,107.6,16.00,0.00,24.0,11.20
0,2022-02-22,-4.5,-7.7,32.6,62.3,1.80,0.00,13.0,1.33
0,2022-02-23,-5.1,-11.2,29.3,55.4,0.60,0.00,5.0,0.42
0,2022-02-24,-3.0,-9.6,11.7,24.1,3.40,0.10,17.0,2.31
0,2022-02-25,-0.4,-8.1,15.5,31.7,0.10,0.00,1.0,0.07
0,2022-02-26,3.6,-2.3,25.2,45.4,0.00,0.00,0.0,0.00
0,2022-02-27,2.0,-5.8,22.4,42.8,0.30,0.00,2.0,0.21
0,2022-02-28,-1.1,-6.7,22.4,47.9,0.20,0.00,2.0,0.21
0,2022-03-01,1.4,-8.1,19.3,36.7,1.50,0.00,8.0,1.05
0,2022-03-02,-0.8,-8.8,13.4,27.7,0.80,0.00,6.0,0.56
0,2022-03-03,0.6,-8.7,21.6,40.3,0.60,0.00,6.0,0.42
0,2022-03-04,-1.1,-8.2,12.8,22.7,0.00,0.00,0.0,0.00
0,2022-03-05,1.3,-4.1,24.7,45.7,4.60,0.00,9.0,3.22
0,2022-03-06,0.9,-4.2,47.0,88.6,9.30,0.00,16.0,6.51
0,2022-03-07,-1.6,-3.9,35.0,70.9,0.10,0.00,1.0,0.07
0,2022-03-08,0.1,-6.8,10.2,18.0,0.30,0.00,3.0,0.21
0,2022-03-09,1.0,-7.3,14.6,25.9,0.00,0.00,0.0,0.00
0,2022-03-10,4.5,-3.7,14.5,25.2,0.00,0.00,0.0,0.00
0,2022-03-11,6.1,0.0,14.4,27.0,3.10,2.70,6.0,0.28
0,2022-03-12,3.0,-1.2,31.7,58.7,0.20,0.20,2.0,0.00
0,2022-03-13,0.6,-3.0,16.0,34.6,0.00,0.00,0.0,0.00
0,2022-03-14,0.4,-1.7,15.9,30.2,0.00,0.00,0.0,0.00
0,2022-03-15,0.0,-1.2,19.3,36.0,12.00,0.10,24.0,8.33
0,2022-03-16,0.5,-3.0,10.5,19.8,1.60,0.10,6.0,1.05
0,2022-03-17,2.4,-2.7,10.2,18.7,2.20,0.00,8.0,1.54
0,2022-03-18,1.7,-2.0,15.5,29.9,2.20,0.00,9.0,1.54
0,2022-03-19,-1.4,-2.0,34.3,62.6,22.10,0.00,24.0,15.47
0,2022-03-20,-0.8,-6.1,34.5,67.0,0.70,0.00,5.0,0.49
0,2022-03-21,2.7,-5.9,20.4,37.8,0.70,0.00,2.0,0.49
0,2022-03-22,4.1,-5.0,24.8,46.4,0.60,0.00,2.0,0.42
0,2022-03-23,4.7,-0.6,16.9,28.8,0.00,0.00,0.0,0.00
0,2022-03-24,2.7,-4.9,11.8,22.7,0.10,0.10,1.0,0.00
0,2022-03-25,3.6,-1.0,21.0,37.8,0.00,0.00,0.0,0.00
0,2022-03-26,5.8,3.4,23.4,43.2,5.40,5.40,12.0,0.00
0,2022-03-27,10.0,-0.9,22.7,41.8,0.00,0.00,0.0,0.00
0,2022-03-28,3.7,-4.1,20.8,41.4,0.10,0.10,1.0,0.07
0,2022-03-29,8.7,1.7,21.3,41.0,0.00,0.00,0.0,0.00
0,2022-03-30,8.8,-2.6,30.9,57.2,0.00,0.00,0.0,0.00
0,2022-03-31,4.4,-4.0,12.2,25.2,1.60,0.00,8.0,1.19
0,2022-04-01,0.9,-6.7,11.9,24.5,3.10,0.00,7.0,2.17
0,2022-04-02,4.4,-1.9,18.4,35.6,0.00,0.00,0.0,0.00
0,2022-04-03,10.7,-0.6,16.2,34.9,0.00,0.00,0.0,0.00
0,2022-04-04,10.9,0.9,12.9,25.2,0.00,0.00,0.0,0.00
0,2022-04-05,12.5,4.2,19.4,37.1,0.00,0.00,0.0,0.00
0,2022-04-06,15.9,-2.1,24.8,51.1,0.90,0.90,4.0,0.00
0,2022-04-07,7.6,-0.3,18.9,34.2,0.60,0.00,4.0,0.42
0,2022-04-08,6.7,0.6,16.5,34.6,0.30,0.30,3.0,0.00
0,2022-04-09,11.7,3.7,21.3,41.0,0.00,0.00,0.0,0.00
0,2022-04-10,10.0,1.6,21.8,42.1,0.00,0.00,0.0,0.00
0,2022-04-11,14.8,5.5,19.6,36.4,1.10,1.10,2.0,0.00
0,2022-04-12,18.1,1.3,15.9,29.2,7.60,7.50,7.0,0.07
0,2022-04-13,2.0,-1.2,15.3,31.3,0.50,0.30,5.0,0.14
0,2022-04-14,6.2,-0.4,20.3,37.8,0.00,0.00,0.0,0.00
0,2022-04-15,7.2,-0.3,14.6,28.8,0.00,0.00,0.0,0.00
0,2022-04-16,8.7,-1.8,14.3,33.1,0.00,0.00,0.0,0.00
0,2022-04-17,16.2,2.6,27.8,53.6,0.60,0.60,6.0,0.00
0,2022-04-18,14.5,2.4,25.2,48.6,7.80,7.60,14.0,0.14
0,2022-04-19,11.0,2.5,15.9,35.3,0.00,0.00,0.0,0.00
0,2022-04-20,17.9,9.2,28.0,53.6,0.00,0.00,0.0,0.00
0,2022-04-21,22.5,9.1,25.1,47.5,0.00,0.00,0.0,0.00
0,2022-04-22,16.1,10.6,25.8,51.1,0.80,0.80,2.0,0.00
0,2022-04-23,16.0,2.4,31.3,62.6,0.20,0.20,2.0,0.00
0,2022-04-24,16.1,6.5,28.8,57.6,0.00,0.00,0.0,0.00
0,2022-04-25,14.5,4.5,17.4,37.4,0.00,0.00,0.0,0.00
0,2022-04-26,18.5,10.3,27.0,53.6,0.00,0.00,0.0,0.00
0,2022-04-27,20.4,6.7,42.5,84.6,0.10,0.10,1.0,0.00
0,2022-04-28,12.5,4.0,33.2,73.8,0.00,0.00,0.0,0.00
0,2022-04-29,11.7,0.6,19.7,41.0,0.20,0.20,2.0,0.00
0,2022-04-30,8.9,1.4,26.0,54.4,0.00,0.00,0.0,0.00
0,2022-05-01,13.0,4.5,26.3,51.5,7.90,7.90,14.0,0.00
0,2022-05-02,11.9,2.6,17.1,39.6,2.90,2.90,10.0,0.00
0,2022-05-03,11.1,4.5,20.2,42.8,5.60,5.60,12.0,0.00
0,2022-05-04,10.6,3.0,26.8,56.9,9.80,9.80,12.0,0.00
0,2022-05-05,17.6,6.9,21.8,42.5,0.00,0.00,0.0,0.00
0,2022-05-06,26.2,11.9,24.5,48.2,0.00,0.00,0.0,0.00
0,2022-05-07,22.6,10.0,30.0,58.3,6.50,6.50,5.0,0.00
0,2022-05-08,15.9,5.1,26.0,56.2,1.20,1.20,3.0,0.00
0,2022-05-09,16.0,9.6,29.6,60.5,0.10,0.10,1.0,0.00
0,2022-05-10,17.0,7.3,13.4,32.4,0.00,0.00,0.0,0.00
0,2022-05-11,23.9,11.7,14.4,28.1,0.00,0.00,0.0,0.00
0,2022-05-12,23.2,10.4,19.9,37.1,3.10,3.10,4.0,0.00
0,2022-05-13,14.6,8.8,20.8,40.7,4.30,4.30,11.0,0.00
0,2022-05-14,22.5,9.5,37.5,72.7,0.70,0.70,2.0,0.00
0,2022-05-15,18.3,8.6,19.3,38.2,0.40,0.40,1.0,0.00
0,2022-05-16,20.7,8.8,18.4,38.2,0.10,0.10,1.0,0.00
0,2022-05-17,22.1,9.1,24.8,48.6,0.20,0.20,1.0,0.00
0,2022-05-18,23.6,10.3,20.8,38.9,0.00,0.00,0.0,0.00
0,2022-05-19,17.5,11.6,16.3,40.7,0.30,0.30,3.0,0.00
0,2022-05-20,19.1,10.7,13.3,29.9,3.20,3.20,4.0,0.00
0,2022-05-21,24.4,14.8,21.6,42.1,0.10,0.10,1.0,0.00
0,2022-05-22,21.7,12.7,22.9,48.2,0.30,0.30,2.0,0.00
0,2022-05-23,17.0,6.8,14.3,35.3,0.00,0.00,0.0,0.00
0,2022-05-24,17.8,8.4,11.6,27.0,0.00,0.00,0.0,0.00
0,2022-05-25,23.8,12.4,21.8,45.7,0.00,0.00,0.0,0.00
0,2022-05-26,26.2,15.9,26.3,51.8,0.00,0.00,0.0,0.00
0,2022-05-27,22.2,14.5,33.5,64.8,6.60,6.60,12.0,0.00
0,2022-05-28,15.8,8.5,30.9,60.1,32.90,32.90,24.0,0.00
0,2022-05-29,9.1,6.3,28.6,61.6,8.20,8.20,24.0,0.00
0,2022-05-30,10.4,6.9,18.6,39.2,0.70,0.70,7.0,0.00
0,2022-05-31,13.1,7.2,19.5,37.8,10.90,10.90,8.0,0.00
0,2022-06-01,13.7,9.9,12.7,26.6,3.70,3.70,7.0,0.00
0,2022-06-02,13.5,7.8,13.3,29.9,0.10,0.10,1.0,0.00
0,2022-06-03,10.0,6.8,18.1,35.3,0.60,0.60,5.0,0.00
0,2022-06-04,7.6,5.3,20.9,41.8,9.60,9.60,24.0,0.00
0,2022-06-05,7.0,5.2,18.1,36.7,1.00,1.00,9.0,0.00
0,2022-06-06,9.6,4.7,13.8,31.0,0.00,0.00,0.0,0.00
0,2022-06-07,9.6,6.2,13.2,31.0,0.00,0.00,0.0,0.00
0,2022-06-08,13.0,6.2,13.2,30.2,0.00,0.00,0.0,0.00
0,2022-06-09,15.6,8.2,15.9,33.1,0.00,0.00,0.0,0.00
0,2022-06-10,20.0,10.7,26.0,52.2,0.00,0.00,0.0,0.00
0,2022-06-11,18.9,10.5,25.9,51.5,2.00,2.00,8.0,0.00
0,2022-06-12,14.4,8.3,15.9,30.2,18.00,18.00,19.0,0.00
0,2022-06-13,14.4,8.1,12.9,28.8,0.00,0.00,0.0,0.00
0,2022-06-14,18.4,11.3,15.9,29.2,0.00,0.00,0.0,0.00
0,2022-06-15,24.5,13.4,25.3,47.2,5.30,5.30,7.0,0.00
0,2022-06-16,20.1,12.5,19.9,42.5,16.90,16.90,14.0,0.00
0,2022-06-17,17.8,12.2,11.0,25.2,0.50,0.50,2.0,0.00
0,2022-06-18,20.7,15.2,15.7,30.2,0.90,0.90,4.0,0.00
0,2022-06-19,25.8,16.0,17.3,36.0,6.10,6.10,7.0,0.00
0,2022-06-20,19.0,9.7,23.4,45.0,2.30,2.30,10.0,0.00
0,2022-06-21,14.4,10.1,16.0,33.8,0.00,0.00,0.0,0.00
0,2022-06-22,15.4,9.9,16.7,32.8,0.00,0.00,0.0,0.00
0,2022-06-23,19.4,14.8,25.9,50.8,0.00,0.00,0.0,0.00
0,2022-06-24,24.8,16.9,38.7,74.2,19.20,19.20,13.0,0.00
0,2022-06-25,26.0,19.7,26.1,50.8,0.10,0.10,1.0,0.00
0,2022-06-26,29.1,15.5,29.6,57.2,0.90,0.90,3.0,0.00
0,2022-06-27,20.2,13.6,15.2,34.9,11.80,11.80,8.0,0.00
0,2022-06-28,19.9,16.0,16.0,34.9,28.80,28.80,13.0,0.00
0,2022-06-29,16.8,11.6,11.6,26.3,7.40,7.40,10.0,0.00
0,2022-06-30,15.9,10.9,11.8,28.1,0.00,0.00,0.0,0.00
0,2022-07-01,21.4,15.4,13.1,29.5,0.00,0.00,0.0,0.00
0,2022-07-02,23.8,17.0,11.6,26.3,0.00,0.00,0.0,0.00
0,2022-07-03,27.3,19.0,11.1,24.1,0.20,0.20,2.0,0.00
0,2022-07-04,24.5,18.6,15.3,31.7,14.20,14.20,9.0,0.00
0,2022-07-05,22.0,16.9,9.7,24.5,0.00,0.00,0.0,0.00
0,2022-07-06,22.3,16.1,19.7,37.4,0.00,0.00,0.0,0.00
0,2022-07-07,25.4,16.9,21.5,42.1,0.00,0.00,0.0,0.00
0,2022-07-08,26.4,14.9,22.9,45.4,0.00,0.00,0.0,0.00
0,2022-07-09,23.8,17.5,17.9,37.4,0.00,0.00,0.0,0.00
0,2022-07-10,23.0,18.2,17.2,36.0,0.20,0.20,2.0,0.00
0,2022-07-11,25.3,20.4,18.8,37.4,2.00,2.00,8.0,0.00
0,2022-07-12,27.8,19.5,19.5,40.3,0.50,0.50,1.0,0.00
0,2022-07-13,23.9,17.2,12.2,28.4,0.20,0.20,2.0,0.00
0,2022-07-14,21.1,16.2,19.2,37.4,0.00,0.00,0.0,0.00
0,2022-07-15,21.7,15.7,21.1,42.5,0.20,0.20,2.0,0.00
0,2022-07-16,21.8,16.6,23.2,46.4,31.20,31.20,12.0,0.00
0,2022-07-17,23.2,16.9,18.3,44.3,17.50,17.50,12.0,0.00
0,2022-07-18,25.2,17.0,14.5,32.4,0.30,0.30,2.0,0.00
0,2022-07-19,20.6,16.3,13.2,31.3,0.00,0.00,0.0,0.00
0,2022-07-20,16.7,14.7,15.8,32.8,4.30,4.30,23.0,0.00
0,2022-07-21,17.9,12.7,17.1,34.9,0.50,0.50,3.0,0.00
0,2022-07-22,18.7,14.6,12.5,28.8,7.80,7.80,8.0,0.00
0,2022-07-23,17.8,15.3,16.0,31.7,27.90,27.90,14.0,0.00
0,2022-07-24,19.6,15.9,15.2,32.4,0.00,0.00,0.0,0.00
0,2022-07-25,21.5,16.2,11.1,25.9,0.10,0.10,1.0,0.00
0,2022-07-26,24.5,19.0,12.1,27.7,0.00,0.00,0.0,0.00
0,2022-07-27,23.1,17.5,10.7,25.9,13.90,13.90,8.0,0.00
0,2022-07-28,20.9,16.4,15.8,33.5,0.00,0.00,0.0,0.00
0,2022-07-29,24.5,17.9,12.9,28.4,0.00,0.00,0.0,0.00
0,2022-07-30,28.1,21.5,12.5,24.5,0.00,0.00,0.0,0.00
0,2022-07-31,28.7,16.7,25.0,50.0,1.20,1.20,10.0,0.00
0,2022-08-01,19.6,13.8,23.7,45.4,27.80,27.80,11.0,0.00
0,2022-08-02,19.0,16.0,26.2,50.8,4.90,4.90,19.0,0.00
0,2022-08-03,22.3,15.1,22.7,45.7,0.00,0.00,0.0,0.00
0,2022-08-04,22.5,14.0,21.9,43.2,0.00,0.00,0.0,0.00
0,2022-08-05,22.7,14.2,22.1,43.2,0.00,0.00,0.0,0.00
0,2022-08-06,23.3,17.5,19.7,40.7,0.00,0.00,0.0,0.00
0,2022-08-07,26.3,20.0,22.0,42.8,0.30,0.30,1.0,0.00
0,2022-08-08,28.0,22.6,22.7,44.6,17.00,17.00,9.0,0.00
0,2022-08-09,30.3,21.3,11.3,24.1,4.60,4.60,10.0,0.00
0,2022-08-10,27.1,18.9,14.4,29.9,0.10,0.10,1.0,0.00
0,2022-08-11,26.0,19.2,15.8,33.1,22.10,22.10,10.0,0.00
0,2022-08-12,28.5,20.9,15.9,32.8,2.10,2.10,3.0,0.00
0,2022-08-13,27.5,20.3,10.9,24.1,2.80,2.80,10.0,0.00
0,2022-08-14,23.5,18.7,9.4,26.3,4.40,4.40,9.0,0.00
0,2022-08-15,23.9,19.9,24.1,49.0,28.50,28.50,14.0,0.00
0,2022-08-16,21.9,17.4,28.5,55.4,19.70,19.70,17.0,0.00
0,2022-08-17,23.1,18.0,19.1,44.3,0.00,0.00,0.0,0.00
0,2022-08-18,24.8,16.8,18.4,34.9,26.20,26.20,15.0,0.00
0,2022-08-19,21.9,15.8,21.3,42.1,0.20,0.20,2.0,0.00
0,2022-08-20,26.8,17.2,23.1,46.4,1.30,1.30,4.0,0.00
0,2022-08-21,28.0,15.5,15.0,28.4,0.00,0.00,0.0,0.00
0,2022-08-22,27.7,20.1,31.3,60.1,3.10,3.10,3.0,0.00
0,2022-08-23,27.2,17.1,27.8,54.4,6.50,6.50,6.0,0.00
0,2022-08-24,25.5,14.5,21.3,42.5,0.00,0.00,0.0,0.00
0,2022-08-25,24.7,18.2,19.1,35.6,0.90,0.90,4.0,0.00
0,2022-08-26,23.2,17.7,16.8,33.5,0.40,0.40,3.0,0.00
0,2022-08-27,22.8,19.0,21.7,47.9,5.70,5.70,6.0,0.00
0,2022-08-28,22.1,15.7,18.9,36.4,2.20,2.20,6.0,0.00
0,2022-08-29,24.4,17.1,15.5,31.7,0.50,0.50,2.0,0.00
0,2022-08-30,23.6,18.2,9.1,18.7,0.30,0.30,3.0,0.00
0,2022-08-31,22.0,16.9,14.5,29.2,31.60,31.60,20.0,0.00
0,2022-09-01,22.1,16.5,13.3,28.4,0.40,0.40,2.0,0.00
0,2022-09-02,24.0,14.0,19.8,40.3,0.10,0.10,1.0,0.00
0,2022-09-03,21.6,15.2,12.6,27.0,0.00,0.00,0.0,0.00
0,2022-09-04,23.2,16.4,19.9,37.8,0.00,0.00,0.0,0.00
0,2022-09-05,23.2,19.3,23.4,45.0,0.50,0.50,4.0,0.00
0,2022-09-06,25.1,20.5,41.0,78.5,0.00,0.00,0.0,0.00
0,2022-09-07,28.7,16.0,22.9,45.0,0.00,0.00,0.0,0.00
0,2022-09-08,23.4,16.7,11.7,24.5,0.00,0.00,0.0,0.00
0,2022-09-09,26.3,15.3,14.3,28.8,0.00,0.00,0.0,0.00
0,2022-09-10,19.5,12.8,11.5,28.1,0.00,0.00,0.0,0.00
0,2022-09-11,24.5,15.5,15.8,32.0,0.00,0.00,0.0,0.00
0,2022-09-12,24.9,17.7,18.1,36.0,0.00,0.00,0.0,0.00
0,2022-09-13,26.0,13.4,35.1,72.4,1.90,1.90,9.0,0.00
0,2022-09-14,14.8,8.2,34.4,68.8,0.30,0.30,2.0,0.00
0,2022-09-15,20.8,13.0,9.4,20.2,0.00,0.00,0.0,0.00
0,2022-09-16,19.6,15.5,17.5,32.4,0.20,0.20,2.0,0.00
0,2022-09-17,23.2,18.7,18.3,35.6,4.50,4.50,4.0,0.00
0,2022-09-18,26.7,18.9,18.0,34.9,5.90,5.90,14.0,0.00
0,2022-09-19,25.0,14.2,20.2,46.1,40.00,40.00,12.0,0.00
0,2022-09-20,16.4,10.1,25.0,49.7,3.10,3.10,2.0,0.00
0,2022-09-21,15.0,8.6,10.3,20.9,0.00,0.00,0.0,0.00
0,2022-09-22,20.5,12.6,19.6,36.7,0.00,0.00,0.0,0.00
0,2022-09-23,21.0,15.5,23.8,44.6,28.80,28.80,24.0,0.00
0,2022-09-24,23.0,13.0,19.8,41.8,15.80,15.80,11.0,0.00
0,2022-09-25,23.0,13.3,19.5,41.8,0.00,0.00,0.0,0.00
0,2022-09-26,21.2,12.4,10.4,22.0,0.00,0.00,0.0,0.00
0,2022-09-27,22.6,12.4,8.9,20.2,0.00,0.00,0.0,0.00
0,2022-09-28,21.9,11.6,16.7,30.2,0.00,0.00,0.0,0.00
0,2022-09-29,21.6,13.3,24.5,49.3,0.00,0.00,0.0,0.00
0,2022-09-30,23.6,16.3,21.5,44.6,0.00,0.00,0.0,0.00
0,2022-10-01,27.3,13.7,18.2,36.4,2.10,2.10,8.0,0.00
0,2022-10-02,16.5,11.9,21.0,40.0,0.00,0.00,0.0,0.00
0,2022-10-03,20.8,16.7,28.1,56.5,0.60,0.60,3.0,0.00
0,2022-10-04,20.0,8.8,28.8,55.1,16.50,16.50,19.0,0.00
0,2022-10-05,12.3,6.6,24.5,49.3,0.20,0.20,2.0,0.00
0,2022-10-06,12.8,5.0,15.5,31.7,0.10,0.10,1.0,0.00
0,2022-10-07,12.7,8.1,12.0,24.1,5.80,5.80,9.0,0.00
0,2022-10-08,10.3,5.4,14.6,31.0,5.50,5.50,14.0,0.00
0,2022-10-09,14.3,10.0,17.4,34.2,0.30,0.30,1.0,0.00
0,2022-10-10,14.4,11.8,27.2,52.6,26.00,26.00,24.0,0.00
0,2022-10-11,19.4,10.9,31.7,64.1,0.30,0.30,1.0,0.00
0,2022-10-12,16.6,5.3,19.8,41.4,0.00,0.00,0.0,0.00
0,2022-10-13,17.3,10.7,14.5,30.6,0.00,0.00,0.0,0.00
0,2022-10-14,19.3,11.7,12.8,33.5,0.00,0.00,0.0,0.00
0,2022-10-15,18.7,8.7,12.8,38.5,0.50,0.50,1.0,0.00
0,2022-10-16,19.2,13.2,17.5,33.8,0.00,0.00,0.0,0.00
0,2022-10-17,20.7,5.7,27.4,52.6,1.80,1.80,8.0,0.00
0,2022-10-18,10.5,4.9,18.3,38.9,0.20,0.20,2.0,0.00
0,2022-10-19,11.8,4.5,21.7,46.4,0.00,0.00,0.0,0.00
0,2022-10-20,15.2,7.2,16.1,32.8,0.00,0.00,0.0,0.00
0,2022-10-21,17.9,11.7,18.9,36.4,0.00,0.00,0.0,0.00
0,2022-10-22,19.7,8.9,21.6,40.7,2.90,2.90,7.0,0.00
0,2022-10-23,11.2,5.8,20.2,39.2,24.80,24.20,18.0,0.42
0,2022-10-24,7.5,4.9,19.6,40.7,5.60,5.60,11.0,0.00
0,2022-10-25,9.1,1.6,12.8,33.5,0.40,0.40,3.0,0.00
0,2022-10-26,11.3,0.5,11.9,23.8,0.00,0.00,0.0,0.00
0,2022-10-27,12.9,7.8,10.2,19.8,0.00,0.00,0.0,0.00
0,2022-10-28,13.6,7.5,17.3,32.8,0.40,0.40,1.0,0.00
0,2022-10-29,12.9,3.7,12.5,25.6,6.40,6.40,9.0,0.00
0,2022-10-30,11.5,9.0,27.2,51.5,3.60,3.60,12.0,0.00
0,2022-10-31,11.5,5.7,13.5,31.3,0.00,0.00,0.0,0.00
0,2022-11-01,13.7,6.8,19.9,39.6,6.30,6.30,4.0,0.00
0,2022-11-02,12.0,4.3,17.1,37.4,0.00,0.00,0.0,0.00
0,2022-11-03,11.9,1.2,24.8,47.5,0.00,0.00,0.0,0.00
0,2022-11-04,8.3,-0.5,23.3,45.4,0.10,0.10,1.0,0.00
0,2022-11-05,9.0,0.7,17.3,34.9,0.80,0.80,4.0,0.00
0,2022-11-06,9.6,-0.5,21.6,43.9,0.00,0.00,0.0,0.00
0,2022-11-07,9.6,1.0,11.9,22.3,0.00,0.00,0.0,0.00
0,2022-11-08,12.0,1.8,13.3,27.4,0.00,0.00,0.0,0.00
0,2022-11-09,11.2,4.5,22.6,41.8,0.20,0.20,2.0,0.00
0,2022-11-10,11.1,-0.5,21.9,43.6,0.50,0.50,2.0,0.00
0,2022-11-11,8.3,1.9,18.0,36.4,0.00,0.00,0.0,0.00
0,2022-11-12,13.2,8.6,25.2,48.6,0.00,0.00,0.0,0.00
0,2022-11-13,16.3,3.9,39.6,74.2,5.30,5.20,12.0,0.07
0,2022-11-14,4.9,-2.2,33.6,65.9,0.00,0.00,0.0,0.00
0,2022-11-15,8.1,0.4,18.6,36.7,0.10,0.10,1.0,0.00
0,2022-11-16,6.5,1.0,11.2,23.4,6.20,3.80,18.0,1.68
0,2022-11-17,4.7,0.2,15.8,30.6,2.60,1.40,11.0,0.84
0,2022-11-18,5.3,0.9,10.2,18.4,0.20,0.20,2.0,0.00
0,2022-11-19,4.1,-1.0,13.6,24.8,1.20,1.20,6.0,0.00
0,2022-11-20,9.0,5.0,22.1,43.6,4.30,4.30,2.0,0.00
0,2022-11-21,12.0,4.3,29.9,57.2,4.20,4.20,9.0,0.00
0,2022-11-22,5.2,-2.0,24.4,48.2,1.00,0.90,6.0,0.07
0,2022-11-23,6.5,0.4,12.4,24.5,2.80,2.80,3.0,0.00
0,2022-11-24,4.5,1.3,13.8,25.6,6.60,6.60,14.0,0.00
0,2022-11-25,10.4,2.4,27.8,54.7,0.20,0.20,2.0,0.00
0,2022-11-26,15.1,1.2,30.3,58.3,3.20,3.20,8.0,0.00
0,2022-11-27,3.5,-1.4,23.2,48.6,0.70,0.10,5.0,0.42
0,2022-11-28,7.5,1.0,22.6,46.4,0.70,0.70,4.0,0.00
0,2022-11-29,13.7,2.1,26.3,52.6,8.10,8.10,14.0,0.00
0,2022-11-30,3.3,-4.2,28.5,57.2,2.20,0.00,5.0,1.54
0,2022-12-01,-1.5,-6.8,18.9,40.3,0.20,0.00,1.0,0.14
0,2022-12-02,-1.4,-4.6,20.5,41.0,0.20,0.00,2.0,0.14
0,2022-12-03,4.4,-2.0,18.7,38.9,1.80,0.00,6.0,1.26
0,2022-12-04,1.0,-6.7,27.2,52.6,0.10,0.00,1.0,0.07
0,2022-12-05,-1.4,-5.2,25.9,52.6,0.00,0.00,0.0,0.00
0,2022-12-06,2.3,-3.1,18.5,37.8,0.00,0.00,0.0,0.00
0,2022-12-07,3.5,-2.8,17.5,36.0,0.30,0.00,3.0,0.28
0,2022-12-08,0.5,-5.5,16.6,33.1,0.00,0.00,0.0,0.00
0,2022-12-09,1.4,-4.0,15.6,32.4,0.00,0.00,0.0,0.00
0,2022-12-10,3.1,-4.6,11.6,24.5,0.50,0.00,3.0,0.35
0,2022-12-11,2.0,-4.0,18.6,34.9,2.30,0.00,12.0,1.61
0,2022-12-12,1.7,-5.0,19.2,37.4,0.00,0.00,0.0,0.00
0,2022-12-13,6.5,-2.6,32.2,61.2,3.50,3.10,10.0,0.28
0,2022-12-14,-0.5,-7.4,32.8,61.9,1.10,0.00,4.0,0.77
0,2022-12-15,-1.9,-7.1,26.0,51.5,0.00,0.00,0.0,0.00
0,2022-12-16,-3.0,-7.8,23.8,48.6,0.00,0.00,0.0,0.00
0,2022-12-17,-0.2,-5.3,21.3,42.8,4.90,0.00,10.0,3.43
0,2022-12-18,-0.0,-8.1,30.9,61.6,0.00,0.00,0.0,0.00
0,2022-12-19,-4.2,-8.1,24.6,50.0,0.00,0.00,0.0,0.00
0,2022-12-20,-0.7,-6.9,16.7,34.2,0.00,0.00,0.0,0.00
0,2022-12-21,1.2,-4.5,11.8,27.7,0.00,0.00,0.0,0.00
0,2022-12-22,2.2,-1.0,48.0,94.0,34.60,0.70,17.0,23.73
0,2022-12-23,2.5,1.1,41.3,90.7,10.30,2.80,21.0,5.25
0,2022-12-24,1.6,0.1,36.5,68.4,6.80,0.10,22.0,4.69
0,2022-12-25,1.6,0.5,37.2,68.0,10.40,1.20,23.0,6.44
0,2022-12-26,2.2,0.1,29.2,52.9,6.30,1.30,24.0,3.50
0,2022-12-27,0.4,-7.5,19.9,38.9,0.30,0.00,3.0,0.21
0,2022-12-28,0.3,-8.4,15.1,27.7,2.80,0.00,7.0,1.96
0,2022-12-29,-3.2,-7.2,29.9,54.0,1.00,0.00,6.0,0.70
0,2022-12-30,-3.1,-11.5,16.6,33.8,0.00,0.00,0.0,0.00
0,2022-12-31,-3.9,-9.0,15.1,27.4,0.00,0.00,0.0,0.00
0,2023-01-01,-0.2,-11.3,26.0,47.9,1.30,0.10,6.0,0.84
0,2023-01-02,-7.8,-17.2,17.0,33.5,0.00,0.00,0.0,0.00
0,2023-01-03,-9.6,-17.7,15.3,27.0,0.00,0.00,0.0,0.00
0,2023-01-04,-7.7,-15.0,15.1,28.4,0.00,0.00,0.0,0.00
0,2023-01-05,-4.7,-12.3,24.8,47.5,0.70,0.00,7.0,0.49
0,2023-01-06,-2.3,-11.8,19.8,38.2,0.40,0.00,4.0,0.28
0,2023-01-07,-3.6,-13.4,10.4,19.8,0.20,0.00,2.0,0.14
0,2023-01-08,-5.9,-14.0,13.3,23.4,0.00,0.00,0.0,0.00
0,2023-01-09,-1.0,-8.1,25.4,46.8,1.60,0.00,6.0,1.12
0,2023-01-10,-5.3,-10.3,29.8,58.0,1.40,0.00,12.0,0.98
0,2023-01-11,-2.3,-9.5,15.7,26.3,0.10,0.00,1.0,0.07
0,2023-01-12,3.3,-8.9,16.4,29.5,0.00,0.00,0.0,0.00
0,2023-01-13,4.9,-3.6,23.3,42.5,0.60,0.50,4.0,0.07
0,2023-01-14,-1.0,-8.6,23.4,43.6,1.10,0.00,10.0,0.77
0,2023-01-15,-7.2,-11.7,16.0,28.8,2.20,0.00,9.0,1.54
0,2023-01-16,-4.9,-12.0,19.1,34.9,2.90,0.00,10.0,2.03
0,2023-01-17,-7.9,-15.2,12.2,21.2,0.00,0.00,0.0,0.00
0,2023-01-18,-5.7,-11.7,20.4,37.4,0.10,0.00,1.0,0.07
0,2023-01-19,-6.0,-11.5,19.7,36.4,0.80,0.00,5.0,0.56
0,2023-01-20,-1.2,-7.1,24.6,45.0,1.30,0.00,11.0,0.91
0,2023-01-21,-6.5,-13.7,23.2,46.8,0.90,0.00,9.0,0.63
0,2023-01-22,-7.4,-14.1,21.0,39.6,0.40,0.00,4.0,0.28
0,2023-01-23,-5.9,-13.2,17.3,31.3,3.70,0.00,10.0,2.59
0,2023-01-24,-4.2,-14.5,38.6,70.6,1.30,0.00,10.0,0.91
0,2023-01-25,-10.4,-14.1,41.1,76.0,0.00,0.00,0.0,0.00
0,2023-01-26,-7.1,-9.3,32.6,64.1,1.10,0.00,5.0,0.77
0,2023-01-27,-4.5,-15.5,21.1,41.0,0.00,0.00,0.0,0.00
0,2023-01-28,-5.4,-13.8,26.1,47.5,1.30,0.00,4.0,0.91
0,2023-01-29,-6.2,-17.7,25.1,47.2,0.30,0.00,2.0,0.21
0,2023-01-30,-7.7,-14.3,14.3,25.9,0.00,0.00,0.0,0.00
0,2023-01-31,-5.1,-14.0,14.3,27.0,0.30,0.00,3.0,0.21
0,2023-02-01,-3.5,-10.5,41.8,75.2,13.50,0.00,15.0,9.45
0,2023-02-02,-5.4,-10.8,32.1,65.5,1.90,0.00,13.0,1.33
0,2023-02-03,-7.0,-14.8,11.3,23.0,0.90,0.00,8.0,0.63
0,2023-02-04,-6.9,-13.7,12.0,20.2,0.00,0.00,0.0,0.00
0,2023-02-05,-4.4,-11.8,17.1,32.0,0.70,0.00,5.0,0.49
0,2023-02-06,-2.5,-9.6,14.9,28.4,1.20,0.00,11.0,0.84
0,2023-02-07,-5.4,-11.8,10.5,18.0,0.30,0.00,3.0,0.21
0,2023-02-08,-3.9,-12.1,16.4,32.4,0.70,0.00,3.0,0.49
0,2023-02-09,-7.8,-13.6,22.0,42.8,1.20,0.00,12.0,0.84
0,2023-02-10,-7.3,-13.2,12.3,21.2,0.10,0.00,1.0,0.14
0,2023-02-11,-1.7,-6.2,15.5,27.4,0.20,0.00,2.0,0.14
0,2023-02-12,-0.0,-6.1,17.1,32.4,1.10,0.00,7.0,0.91
0,2023-02-13,-4.7,-11.0,11.5,20.5,0.10,0.00,1.0,0.07
0,2023-02-14,-6.0,-12.0,24.0,46.1,2.10,0.00,15.0,1.47
0,2023-02-15,-8.8,-14.2,30.2,55.8,1.00,0.00,9.0,0.70
0,2023-02-16,-4.9,-11.9,14.5,28.4,0.40,0.10,4.0,0.21
0,2023-02-17,-1.2,-11.2,13.4,25.6,0.10,0.00,1.0,0.07
0,2023-02-18,2.5,-8.4,19.8,36.4,0.00,0.00,0.0,0.00
0,2023-02-19,-1.8,-4.8,15.3,27.7,5.50,0.00,14.0,3.85
0,2023-02-20,-3.2,-9.6,28.6,53.3,8.30,0.00,19.0,5.88
0,2023-02-21,-7.8,-13.8,26.1,49.7,0.30,0.00,3.0,0.21
0,2023-02-22,-5.2,-11.4,14.8,27.0,0.30,0.00,3.0,0.28
0,2023-02-23,0.4,-9.5,13.0,24.5,0.40,0.00,4.0,0.28
0,2023-02-24,-1.5,-7.7,10.3,19.4,0.40,0.00,4.0,0.28
0,2023-02-25,-1.0,-12.9,21.5,40.3,0.40,0.00,4.0,0.28
0,2023-02-26,-3.8,-10.3,27.1,49.7,0.20,0.00,2.0,0.14
0,2023-02-27,-1.2,-7.4,16.8,30.6,0.00,0.00,0.0,0.00
0,2023-02-28,6.1,1.3,31.7,57.6,0.60,0.60,4.0,0.00
0,2023-03-01,3.7,-3.7,23.3,45.0,4.50,0.30,10.0,2.94
0,2023-03-02,-2.0,-9.6,18.1,34.9,1.80,0.00,10.0,1.26
0,2023-03-03,1.1,-8.9,11.3,20.9,0.10,0.00,1.0,0.07
0,2023-03-04,-2.0,-9.8,14.7,28.8,0.20,0.00,2.0,0.14
0,2023-03-05,3.3,-5.3,14.0,24.8,0.00,0.00,0.0,0.00
0,2023-03-06,6.3,-0.1,15.3,27.4,0.00,0.00,0.0,0.00
0,2023-03-07,10.2,-4.0,19.9,35.6,0.00,0.00,0.0,0.00
0,2023-03-08,8.5,-3.6,26.0,55.4,1.60,1.30,4.0,0.21
0,2023-03-09,1.5,-4.1,23.8,43.6,0.90,0.40,5.0,0.35
0,2023-03-10,4.8,-0.9,21.6,41.0,8.50,8.10,9.0,0.28
0,2023-03-11,-0.0,-4.8,20.8,40.0,0.00,0.00,0.0,0.00
0,2023-03-12,4.9,-2.3,27.1,50.8,0.00,0.00,0.0,0.00
0,2023-03-13,7.0,-2.3,35.0,65.2,7.60,7.20,10.0,0.28
0,2023-03-14,3.0,-9.7,11.5,22.7,0.00,0.00,0.0,0.00
0,2023-03-15,2.4,-4.2,21.0,40.3,0.00,0.00,0.0,0.00
0,2023-03-16,6.1,-1.5,29.2,56.9,0.30,0.30,1.0,0.00
0,2023-03-17,3.7,-5.8,16.8,32.0,0.40,0.00,1.0,0.28
0,2023-03-18,4.1,-6.3,17.7,35.3,0.00,0.00,0.0,0.00
0,2023-03-19,6.0,-1.2,19.0,37.4,0.00,0.00,0.0,0.00
0,2023-03-20,10.7,-1.5,13.2,27.7,0.00,0.00,0.0,0.00
0,2023-03-21,9.1,-1.2,12.3,22.7,0.00,0.00,0.0,0.00
0,2023-03-22,14.8,2.4,16.2,31.0,0.00,0.00,0.0,0.00
0,2023-03-23,14.3,3.2,29.1,55.8,3.40,3.40,7.0,0.00
0,2023-03-24,2.1,-2.8,30.5,59.8,0.60,0.10,6.0,0.35
0,2023-03-25,4.4,-1.1,21.0,40.3,0.00,0.00,0.0,0.00
0,2023-03-26,7.6,0.5,22.4,44.3,20.30,1.60,16.0,13.09
0,2023-03-27,4.1,-5.3,31.8,62.3,1.70,0.40,3.0,0.91
0,2023-03-28,11.3,-3.0,16.3,31.0,0.00,0.00,0.0,0.00
0,2023-03-29,10.6,-2.1,15.5,29.5,0.00,0.00,0.0,0.00
0,2023-03-30,12.5,4.1,19.9,38.2,0.00,0.00,0.0,0.00
0,2023-03-31,11.3,1.2,22.1,42.5,8.30,8.30,9.0,0.00
0,2023-04-01,4.8,-0.0,32.8,63.7,0.30,0.10,3.0,0.14
0,2023-04-02,2.8,-4.0,13.5,30.2,0.00,0.00,0.0,0.00
0,2023-04-03,8.2,-2.1,12.2,28.8,0.00,0.00,0.0,0.00
0,2023-04-04,17.4,3.7,14.1,29.2,0.00,0.00,0.0,0.00
0,2023-04-05,10.9,3.5,14.0,28.4,0.00,0.00,0.0,0.00
0,2023-04-06,14.8,10.5,21.2,41.4,2.20,2.20,2.0,0.00
0,2023-04-07,18.4,3.6,18.0,35.3,20.50,20.50,21.0,0.00
0,2023-04-08,5.3,1.0,23.7,46.8,0.50,0.50,5.0,0.00
0,2023-04-09,7.2,-0.1,24.8,51.5,0.00,0.00,0.0,0.00
0,2023-04-10,15.4,5.3,18.8,38.9,0.00,0.00,0.0,0.00
0,2023-04-11,19.1,10.3,21.5,41.4,5.80,5.80,2.0,0.00
0,2023-04-12,16.0,2.6,33.7,64.8,3.60,3.60,1.0,0.00
0,2023-04-13,10.8,3.4,25.7,52.2,0.20,0.20,1.0,0.00
0,2023-04-14,13.6,-0.9,18.8,38.9,2.90,2.70,3.0,0.14
0,2023-04-15,10.1,2.0,21.8,43.6,6.20,4.60,9.0,1.12
0,2023-04-16,4.8,1.2,30.1,58.0,18.30,17.10,21.0,0.84
0,2023-04-17,5.9,1.1,38.4,74.9,3.00,0.10,8.0,2.03
0,2023-04-18,10.9,0.8,13.8,31.7,0.00,0.00,0.0,0.00
0,2023-04-19,10.9,2.9,12.1,24.5,0.00,0.00,0.0,0.00
0,2023-04-20,16.0,8.0,20.6,43.2,1.20,1.20,4.0,0.00
0,2023-04-21,13.9,3.8,37.2,74.5,0.10,0.10,1.0,0.00
0,2023-04-22,8.0,3.8,40.0,77.8,0.50,0.50,2.0,0.00
0,2023-04-23,9.2,1.3,15.8,38.2,4.80,4.30,11.0,0.35
0,2023-04-24,9.2,1.4,16.8,32.0,1.50,1.50,8.0,0.00
0,2023-04-25,12.7,5.4,31.8,62.3,0.20,0.20,2.0,0.00
0,2023-04-26,11.3,4.3,34.1,68.0,17.00,17.00,20.0,0.00
0,2023-04-27,12.2,7.2,35.9,70.2,0.70,0.70,1.0,0.00
0,2023-04-28,12.7,5.1,21.9,45.0,0.00,0.00,0.0,0.00
0,2023-04-29,17.2,9.1,20.4,41.0,12.20,12.20,9.0,0.00
0,2023-04-30,19.9,8.6,23.0,42.1,3.30,3.30,5.0,0.00
0,2023-05-01,16.4,3.1,16.8,35.3,1.90,1.90,5.0,0.00
0,2023-05-02,14.3,6.6,12.3,28.8,0.00,0.00,0.0,0.00
0,2023-05-03,21.0,8.5,14.4,29.2,0.00,0.00,0.0,0.00
0,2023-05-04,23.8,12.3,21.3,42.8,0.30,0.30,2.0,0.00
0,2023-05-05,16.5,4.1,15.3,34.2,5.40,5.40,8.0,0.00
0,2023-05-06,7.3,1.5,14.5,30.6,0.10,0.10,1.0,0.00
0,2023-05-07,11.4,3.2,16.7,37.1,0.00,0.00,0.0,0.00
0,2023-05-08,11.9,1.8,13.0,26.3,0.50,0.50,5.0,0.00
0,2023-05-09,18.5,5.9,28.4,57.6,8.20,8.20,7.0,0.00
0,2023-05-10,11.8,2.7,20.5,40.7,6.20,6.20,11.0,0.00
0,2023-05-11,8.3,2.3,22.1,45.0,0.70,0.70,6.0,0.00
0,2023-05-12,12.1,4.3,14.9,33.1,0.00,0.00,0.0,0.00
0,2023-05-13,19.1,6.2,16.2,30.2,0.00,0.00,0.0,0.00
0,2023-05-14,20.5,12.9,23.6,47.9,0.00,0.00,0.0,0.00
0,2023-05-15,19.5,10.6,29.7,57.2,0.00,0.00,0.0,0.00
0,2023-05-16,19.6,8.3,23.8,47.5,0.00,0.00,0.0,0.00
0,2023-05-17,18.2,9.6,16.8,33.5,0.00,0.00,0.0,0.00
0,2023-05-18,20.2,9.5,19.7,40.7,0.10,0.10,1.0,0.00
0,2023-05-19,12.5,6.7,12.7,30.6,0.00,0.00,0.0,0.00
0,2023-05-20,12.9,7.4,25.4,50.8,0.00,0.00,0.0,0.00
0,2023-05-21,14.3,5.7,24.3,51.8,10.90,10.90,8.0,0.00
0,2023-05-22,15.9,5.4,13.7,36.4,7.00,7.00,6.0,0.00
0,2023-05-23,9.4,5.0,13.0,28.8,0.00,0.00,0.0,0.00
0,2023-05-24,16.9,5.9,15.1,34.6,0.00,0.00,0.0,0.00
0,2023-05-25,26.5,10.4,14.7,29.2,0.00,0.00,0.0,0.00
0,2023-05-26,26.4,14.2,23.2,45.7,0.40,0.40,3.0,0.00
0,2023-05-27,23.0,16.8,17.3,37.1,0.40,0.40,3.0,0.00
0,2023-05-28,26.1,11.8,20.2,40.3,2.50,2.50,11.0,0.00
0,2023-05-29,13.4,8.5,23.7,47.5,0.30,0.30,2.0,0.00
0,2023-05-30,14.5,6.4,24.6,50.4,0.00,0.00,0.0,0.00
0,2023-05-31,19.2,10.7,20.4,40.3,0.00,0.00,0.0,0.00
0,2023-06-01,24.8,15.4,27.4,56.2,0.40,0.40,1.0,0.00
0,2023-06-02,22.2,10.1,33.1,61.9,32.50,32.50,14.0,0.00
0,2023-06-03,10.6,7.3,23.5,52.6,5.10,5.10,15.0,0.00
0,2023-06-04,18.0,9.1,24.8,50.0,2.20,2.20,4.0,0.00
0,2023-06-05,16.9,8.3,13.6,40.3,1.60,1.60,3.0,0.00
0,2023-06-06,21.0,13.6,15.1,35.3,4.40,4.40,5.0,0.00
0,2023-06-07,22.8,12.4,18.8,37.1,6.00,6.00,6.0,0.00
0,2023-06-08,17.9,10.6,15.9,31.3,0.00,0.00,0.0,0.00
0,2023-06-09,19.5,12.0,22.3,44.6,2.10,2.10,6.0,0.00
0,2023-06-10,18.5,12.3,21.9,43.2,0.60,0.60,2.0,0.00
0,2023-06-11,21.0,13.6,17.2,32.0,0.40,0.40,3.0,0.00
0,2023-06-12,25.4,15.6,17.6,34.9,0.00,0.00,0.0,0.00
0,2023-06-13,21.2,13.4,24.0,48.2,3.20,3.20,5.0,0.00
0,2023-06-14,21.7,14.4,17.7,36.0,1.20,1.20,6.0,0.00
0,2023-06-15,25.1,15.5,23.0,44.6,0.00,0.00,0.0,0.00
0,2023-06-16,23.5,14.1,13.9,31.0,0.00,0.00,0.0,0.00
0,2023-06-17,24.8,15.4,31.2,60.8,0.20,0.20,2.0,0.00
0,2023-06-18,16.1,10.5,30.6,62.3,2.40,2.40,19.0,0.00
0,2023-06-19,15.2,10.9,26.2,51.8,1.40,1.40,6.0,0.00
0,2023-06-20,18.9,11.1,17.1,38.2,0.00,0.00,0.0,0.00
0,2023-06-21,23.0,15.1,13.7,29.2,0.00,0.00,0.0,0.00
0,2023-06-22,26.8,16.7,19.0,39.6,0.00,0.00,0.0,0.00
0,2023-06-23,21.7,16.1,13.7,27.4,0.00,0.00,0.0,0.00
0,2023-06-24,22.5,13.2,12.9,30.2,0.00,0.00,0.0,0.00
0,2023-06-25,23.5,14.3,11.0,27.4,0.00,0.00,0.0,0.00
0,2023-06-26,29.3,17.9,17.1,31.7,0.00,0.00,0.0,0.00
0,2023-06-27,29.9,20.4,21.3,42.1,0.00,0.00,0.0,0.00
0,2023-06-28,28.7,19.1,21.3,42.5,2.20,2.20,6.0,0.00
0,2023-06-29,22.9,16.5,13.8,26.3,1.80,1.80,8.0,0.00
0,2023-06-30,20.8,15.2,20.5,39.2,33.60,33.60,13.0,0.00
0,2023-07-01,15.9,12.7,26.1,51.5,3.00,3.00,20.0,0.00
0,2023-07-02,18.9,14.8,12.9,28.1,0.40,0.40,3.0,0.00
0,2023-07-03,18.2,13.5,14.8,32.0,3.70,3.70,10.0,0.00
0,2023-07-04,17.6,12.5,13.9,31.7,0.00,0.00,0.0,0.00
0,2023-07-05,18.4,14.1,18.6,35.6,1.90,1.90,2.0,0.00
0,2023-07-06,25.1,16.4,27.7,55.8,3.90,3.90,3.0,0.00
0,2023-07-07,22.4,16.2,13.6,31.7,0.20,0.20,1.0,0.00
0,2023-07-08,26.4,19.7,16.8,35.3,0.00,0.00,0.0,0.00
0,2023-07-09,28.9,19.4,16.4,30.2,0.00,0.00,0.0,0.00
0,2023-07-10,26.8,19.5,12.4,24.1,0.00,0.00,0.0,0.00
0,2023-07-11,26.4,19.8,12.6,33.5,11.90,11.90,5.0,0.00
0,2023-07-12,26.0,18.6,10.6,22.0,5.40,5.40,8.0,0.00
0,2023-07-13,24.2,17.2,15.5,32.0,4.30,4.30,18.0,0.00
0,2023-07-14,18.3,16.0,13.9,29.5,1.10,1.10,9.0,0.00
0,2023-07-15,19.6,17.5,14.4,28.4,10.20,10.20,17.0,0.00
0,2023-07-16,20.2,16.1,11.6,25.6,1.70,1.70,2.0,0.00
0,2023-07-17,20.0,15.9,11.0,25.2,4.00,4.00,7.0,0.00
0,2023-07-18,18.2,15.3,10.7,24.5,0.00,0.00,0.0,0.00
0,2023-07-19,20.2,14.2,14.5,32.4,0.00,0.00,0.0,0.00
0,2023-07-20,22.6,16.4,13.5,28.8,0.00,0.00,0.0,0.00
0,2023-07-21,24.3,18.3,15.9,28.1,0.00,0.00,0.0,0.00
0,2023-07-22,28.3,18.6,16.3,29.2,0.00,0.00,0.0,0.00
0,2023-07-23,29.6,20.1,16.8,31.0,0.00,0.00,0.0,0.00
0,2023-07-24,28.0,23.2,17.4,31.7,6.80,6.80,11.0,0.00
0,2023-07-25,28.8,22.3,8.3,27.4,15.30,15.30,11.0,0.00
0,2023-07-26,29.2,22.8,10.1,27.4,0.80,0.80,4.0,0.00
0,2023-07-27,30.6,22.6,9.3,26.6,7.20,7.20,8.0,0.00
0,2023-07-28,31.4,22.9,10.1,20.9,0.10,0.10,1.0,0.00
0,2023-07-29,30.9,24.3,13.9,27.7,1.90,1.90,6.0,0.00
0,2023-07-30,30.3,24.0,15.5,33.8,0.40,0.40,3.0,0.00
0,2023-07-31,28.6,18.5,14.7,33.1,7.60,7.60,9.0,0.00
0,2023-08-01,29.8,22.7,15.3,29.2,0.40,0.40,2.0,0.00
0,2023-08-02,32.7,23.8,16.4,32.4,0.10,0.10,1.0,0.00
0,2023-08-03,28.9,24.1,21.1,39.2,12.70,12.70,11.0,0.00
0,2023-08-04,32.4,18.4,21.7,42.5,12.10,12.10,15.0,0.00
0,2023-08-05,21.3,17.4,19.0,36.4,12.00,12.00,19.0,0.00
0,2023-08-06,19.9,17.0,15.7,35.6,41.20,41.20,21.0,0.00
0,2023-08-07,18.9,17.1,14.3,32.4,1.10,1.10,6.0,0.00
0,2023-08-08,25.6,18.8,16.3,29.2,8.80,8.80,9.0,0.00
0,2023-08-09,30.3,20.3,19.8,40.0,0.80,0.80,4.0,0.00
0,2023-08-10,26.4,21.8,17.5,32.8,0.00,0.00,0.0,0.00
0,2023-08-11,27.5,17.2,18.8,37.1,0.10,0.10,1.0,0.00
0,2023-08-12,20.6,17.3,14.0,30.6,0.30,0.30,3.0,0.00
0,2023-08-13,23.7,17.4,15.5,33.1,0.00,0.00,0.0,0.00
0,2023-08-14,22.5,15.3,25.4,49.0,0.00,0.00,0.0,0.00
0,2023-08-15,24.8,19.2,30.2,58.0,0.00,0.00,0.0,0.00
0,2023-08-16,25.7,21.7,28.6,54.0,18.30,18.30,6.0,0.00
0,2023-08-17,28.4,23.1,34.3,69.1,0.00,0.00,0.0,0.00
0,2023-08-18,27.7,21.1,13.9,30.6,0.70,0.70,3.0,0.00
0,2023-08-19,30.0,21.9,16.6,32.4,0.10,0.10,1.0,0.00
0,2023-08-20,25.8,22.7,9.7,24.8,8.90,8.90,9.0,0.00
0,2023-08-21,26.2,22.4,18.8,38.5,0.00,0.00,0.0,0.00
0,2023-08-22,31.9,24.4,18.8,36.7,0.00,0.00,0.0,0.00
0,2023-08-23,32.3,25.0,15.1,27.7,0.00,0.00,0.0,0.00
0,2023-08-24,32.2,22.5,12.4,27.4,1.10,1.10,3.0,0.00
0,2023-08-25,28.7,24.3,17.1,33.1,1.30,1.30,2.0,0.00
0,2023-08-26,33.6,24.4,18.3,36.4,0.60,0.60,3.0,0.00
0,2023-08-27,30.3,21.9,26.0,49.7,3.90,3.90,14.0,0.00
0,2023-08-28,23.0,19.2,20.8,41.0,3.60,3.60,22.0,0.00
0,2023-08-29,21.3,17.3,17.0,35.3,0.60,0.60,3.0,0.00
0,2023-08-30,25.3,19.7,25.0,46.1,0.00,0.00,0.0,0.00
0,2023-08-31,29.2,25.1,30.7,59.0,0.00,0.00,0.0,0.00
0,2023-09-01,29.4,22.2,20.9,39.6,15.40,15.40,15.0,0.00
0,2023-09-02,27.1,19.5,10.5,22.7,0.50,0.50,5.0,0.00
0,2023-09-03,25.6,19.7,11.7,26.3,0.00,0.00,0.0,0.00
0,2023-09-04,25.5,21.6,19.3,36.4,20.20,20.20,12.0,0.00
0,2023-09-05,23.9,19.5,16.6,34.2,4.10,4.10,4.0,0.00
0,2023-09-06,23.4,18.6,26.0,50.0,4.00,4.00,12.0,0.00
0,2023-09-07,19.7,12.2,30.0,58.7,1.70,1.70,9.0,0.00
0,2023-09-08,24.1,17.0,16.9,31.0,0.00,0.00,0.0,0.00
0,2023-09-09,26.5,19.7,15.3,29.2,0.00,0.00,0.0,0.00
0,2023-09-10,22.9,18.1,13.0,28.8,0.10,0.10,1.0,0.00
0,2023-09-11,25.9,21.3,24.5,45.7,0.10,0.10,1.0,0.00
0,2023-09-12,28.8,22.4,21.7,42.1,3.50,3.50,8.0,0.00
0,2023-09-13,25.6,19.9,12.4,25.9,2.50,2.50,12.0,0.00
0,2023-09-14,20.6,17.0,21.4,42.5,34.80,34.80,17.0,0.00
0,2023-09-15,20.9,16.9,14.5,32.8,0.00,0.00,0.0,0.00
0,2023-09-16,25.3,16.2,11.7,25.2,0.00,0.00,0.0,0.00
0,2023-09-17,25.6,19.0,17.8,35.6,7.40,7.40,9.0,0.00
0,2023-09-18,21.6,18.4,16.3,32.8,0.30,0.30,3.0,0.00
0,2023-09-19,24.0,18.5,20.8,39.2,0.90,0.90,3.0,0.00
0,2023-09-20,23.8,12.4,27.1,51.8,1.30,1.30,7.0,0.00
0,2023-09-21,18.9,15.3,16.1,33.5,4.60,4.60,11.0,0.00
0,2023-09-22,21.0,12.3,14.0,28.8,0.80,0.80,5.0,0.00
0,2023-09-23,19.0,11.1,13.0,29.9,0.90,0.90,2.0,0.00
0,2023-09-24,19.4,12.5,10.1,21.2,0.00,0.00,0.0,0.00
0,2023-09-25,21.8,15.1,14.5,27.4,0.00,0.00,0.0,0.00
0,2023-09-26,22.8,14.3,13.1,27.7,0.00,0.00,0.0,0.00
0,2023-09-27,21.2,15.8,17.5,35.3,0.00,0.00,0.0,0.00
0,2023-09-28,18.7,13.5,21.1,40.7,20.40,20.40,11.0,0.00
0,2023-09-29,22.4,11.9,19.9,40.3,0.30,0.30,2.0,0.00
0,2023-09-30,21.6,15.8,19.0,33.5,3.60,3.60,3.0,0.00
0,2023-10-01,23.4,12.6,18.5,37.8,3.80,3.80,7.0,0.00
0,2023-10-02,20.5,11.6,23.2,43.6,0.00,0.00,0.0,0.00
0,2023-10-03,17.4,10.2,31.3,59.8,1.00,1.00,8.0,0.00
0,2023-10-04,18.7,13.2,16.9,31.7,0.00,0.00,0.0,0.00
0,2023-10-05,17.3,12.2,24.8,55.4,18.60,18.60,15.0,0.00
0,2023-10-06,15.6,11.3,40.8,74.2,11.80,11.80,23.0,0.00
0,2023-10-07,12.3,10.6,31.7,60.5,11.40,11.40,20.0,0.00
0,2023-10-08,14.4,8.3,17.5,36.4,0.10,0.10,1.0,0.00
0,2023-10-09,18.2,9.4,15.7,29.5,0.10,0.10,1.0,0.00
0,2023-10-10,14.0,10.9,24.6,47.5,4.50,4.50,14.0,0.00
0,2023-10-11,12.4,7.0,20.3,44.3,0.00,0.00,0.0,0.00
0,2023-10-12,18.3,7.5,14.6,31.0,0.00,0.00,0.0,0.00
0,2023-10-13,20.0,8.6,13.8,25.2,0.00,0.00,0.0,0.00
0,2023-10-14,21.0,8.6,10.2,23.8,0.00,0.00,0.0,0.00
0,2023-10-15,20.4,12.4,17.7,34.6,3.60,3.60,5.0,0.00
0,2023-10-16,18.6,5.2,21.3,48.2,5.20,5.20,7.0,0.00
0,2023-10-17,12.3,7.7,28.0,54.0,0.20,0.20,2.0,0.00
0,2023-10-18,14.6,10.1,21.5,41.8,0.20,0.20,1.0,0.00
0,2023-10-19,18.7,12.1,22.7,43.6,1.40,1.40,7.0,0.00
0,2023-10-20,12.2,6.8,27.1,49.3,29.30,29.30,17.0,0.00
0,2023-10-21,10.7,3.3,16.2,33.8,0.70,0.70,5.0,0.00
0,2023-10-22,12.0,6.4,24.7,47.9,0.10,0.10,1.0,0.00
0,2023-10-23,12.4,4.0,25.3,54.7,0.20,0.20,2.0,0.00
0,2023-10-24,15.3,7.8,15.3,31.0,0.00,0.00,0.0,0.00
0,2023-10-25,18.7,7.0,10.6,22.3,0.00,0.00,0.0,0.00
0,2023-10-26,17.1,8.6,12.9,23.8,0.00,0.00,0.0,0.00
0,2023-10-27,16.0,9.2,13.1,27.4,0.90,0.90,3.0,0.00
0,2023-10-28,12.7,9.9,15.0,27.0,5.70,5.70,14.0,0.00
0,2023-10-29,10.5,7.0,14.8,27.7,0.20,0.20,1.0,0.00
0,2023-10-30,11.9,6.8,13.0,23.4,0.00,0.00,0.0,0.00
0,2023-10-31,15.6,7.7,13.9,25.2,0.00,0.00,0.0,0.00
0,2023-11-01,17.4,9.0,27.2,50.8,3.50,3.50,8.0,0.00
0,2023-11-02,11.9,6.5,23.3,46.1,0.10,0.10,1.0,0.00
0,2023-11-03,18.4,8.1,30.2,57.2,6.50,6.50,7.0,0.00
0,2023-11-04,8.2,3.9,15.6,31.7,1.30,1.30,5.0,0.00
0,2023-11-05,11.1,6.1,14.5,29.2,0.00,0.00,0.0,0.00
0,2023-11-06,17.9,9.2,30.6,65.2,20.60,20.60,17.0,0.00
0,2023-11-07,16.2,7.6,29.2,54.7,11.50,11.50,14.0,0.00
0,2023-11-08,8.8,5.6,24.4,46.8,0.00,0.00,0.0,0.00
0,2023-11-09,14.3,9.5,27.8,52.2,0.00,0.00,0.0,0.00
0,2023-11-10,16.9,2.7,35.9,68.4,14.40,14.40,14.0,0.00
0,2023-11-11,5.4,-2.1,34.2,65.5,0.10,0.00,1.0,0.07
0,2023-11-12,6.1,-2.5,18.6,34.6,0.40,0.00,4.0,0.28
0,2023-11-13,5.6,0.3,18.8,37.1,0.60,0.00,4.0,0.42
0,2023-11-14,4.1,-0.2,19.1,38.5,0.20,0.10,2.0,0.07
0,2023-11-15,5.2,0.2,12.0,22.3,0.00,0.00,0.0,0.00
0,2023-11-16,9.5,3.6,21.5,38.9,0.00,0.00,0.0,0.00
0,2023-11-17,12.3,8.1,33.1,62.3,11.90,11.90,8.0,0.00
0,2023-11-18,13.3,2.0,26.4,49.3,0.00,0.00,0.0,0.00
0,2023-11-19,10.0,3.1,33.7,64.1,0.10,0.10,1.0,0.00
0,2023-11-20,7.8,1.7,28.3,54.7,1.50,1.50,6.0,0.00
0,2023-11-21,10.7,4.2,14.8,29.2,0.00,0.00,0.0,0.00
0,2023-11-22,10.6,6.1,19.1,34.2,0.00,0.00,0.0,0.00
0,2023-11-23,16.0,5.3,22.6,44.3,2.00,2.00,3.0,0.00
0,2023-11-24,7.1,-3.7,27.5,53.6,4.70,1.80,14.0,2.03
0,2023-11-25,-2.1,-4.6,32.7,67.7,0.30,0.00,3.0,0.21
0,2023-11-26,0.7,-2.1,24.0,49.7,0.00,0.00,0.0,0.00
0,2023-11-27,3.4,-0.8,13.7,24.8,3.30,0.30,5.0,2.10
0,2023-11-28,8.3,-1.7,29.0,59.8,2.00,1.10,1.0,0.63
0,2023-11-29,0.4,-5.3,33.3,66.2,0.00,0.00,0.0,0.00
0,2023-11-30,-0.7,-6.1,25.7,50.8,0.00,0.00,0.0,0.00
0,2023-12-01,-0.4,-5.4,23.2,45.7,0.00,0.00,0.0,0.00
0,2023-12-02,2.1,-3.0,15.1,26.6,0.00,0.00,0.0,0.00
0,2023-12-03,4.4,-2.7,15.0,31.0,0.20,0.00,2.0,0.14
0,2023-12-04,6.3,-1.4,24.9,44.6,0.00,0.00,0.0,0.00
0,2023-12-05,8.9,-1.6,27.5,50.4,0.00,0.00,0.0,0.00
0,2023-12-06,8.0,0.4,16.9,32.8,0.90,0.90,1.0,0.00
0,2023-12-07,9.9,-1.1,34.2,63.0,2.30,2.30,5.0,0.00
0,2023-12-08,4.1,-1.0,32.9,67.0,0.00,0.00,0.0,0.00
0,2023-12-09,11.0,-0.1,27.7,50.0,3.70,2.70,12.0,0.70
0,2023-12-10,2.8,-3.4,26.4,50.0,0.30,0.00,1.0,0.21
0,2023-12-11,-0.0,-4.3,32.2,60.8,0.50,0.00,3.0,0.35
0,2023-12-12,-0.5,-4.6,21.4,39.2,5.10,0.10,14.0,3.50
0,2023-12-13,-0.7,-6.5,28.3,52.9,0.00,0.00,0.0,0.00
0,2023-12-14,-4.3,-6.6,29.9,58.0,0.00,0.00,0.0,0.00
0,2023-12-15,-3.9,-9.4,16.2,37.4,0.30,0.10,3.0,0.14
0,2023-12-16,3.1,-4.8,35.8,68.0,6.90,0.10,15.0,4.76
0,2023-12-17,1.4,-8.2,36.8,67.0,7.30,0.00,16.0,5.11
0,2023-12-18,-6.0,-12.6,21.5,42.8,0.00,0.00,0.0,0.00
0,2023-12-19,-8.4,-13.9,16.9,29.9,0.00,0.00,0.0,0.00
0,2023-12-20,-6.2,-16.5,13.5,25.9,0.00,0.00,0.0,0.00
0,2023-12-21,-6.2,-14.3,18.0,32.8,0.00,0.00,0.0,0.00
0,2023-12-22,-3.9,-13.5,18.4,32.4,0.00,0.00,0.0,0.00
0,2023-12-23,-5.2,-11.6,21.2,39.6,0.00,0.00,0.0,0.00
0,2023-12-24,-6.6,-12.0,14.0,24.5,0.00,0.00,0.0,0.00
0,2023-12-25,-2.7,-10.1,17.2,31.7,0.00,0.00,0.0,0.00
0,2023-12-26,-0.8,-6.9,21.2,39.2,0.90,0.00,3.0,0.63
0,2023-12-27,-3.4,-11.0,17.0,32.4,0.60,0.00,5.0,0.49
0,2023-12-28,-3.8,-9.1,10.7,20.9,3.10,0.00,17.0,2.17
0,2023-12-29,-2.8,-8.7,12.1,23.0,1.30,0.00,13.0,0.91
0,2023-12-30,-1.2,-5.0,24.9,47.9,1.00,0.00,9.0,0.70
0,2023-12-31,-3.6,-7.9,28.3,51.1,7.80,0.00,23.0,5.46
0,2024-01-01,-6.4,-15.9,30.1,55.1,0.40,0.00,4.0,0.28
0,2024-01-02,0.7,-7.9,24.4,45.7,1.10,0.00,6.0,0.84
0,2024-01-03,-2.6,-9.7,12.0,23.8,0.50,0.00,5.0,0.35
0,2024-01-04,-4.5,-14.1,13.0,22.3,0.00,0.00,0.0,0.00
0,2024-01-05,2.5,-8.1,23.7,44.3,2.00,0.30,4.0,1.19
0,2024-01-06,-0.4,-8.3,14.8,28.4,0.20,0.10,2.0,0.07
0,2024-01-07,-2.6,-7.9,30.4,53.3,0.20,0.00,2.0,0.14
0,2024-01-08,-2.4,-14.0,30.8,58.3,0.40,0.00,3.0,0.28
0,2024-01-09,-0.9,-7.2,21.3,39.6,0.30,0.00,3.0,0.21
0,2024-01-10,-5.6,-20.0,29.5,54.7,0.60,0.00,3.0,0.42
0,2024-01-11,1.8,-16.0,30.2,55.1,1.00,0.10,5.0,0.63
0,2024-01-12,2.6,-7.4,35.0,63.4,1.40,0.10,9.0,0.91
0,2024-01-13,-4.8,-11.9,31.1,57.6,1.70,0.00,16.0,1.19
0,2024-01-14,-2.1,-12.9,24.5,44.3,2.60,0.00,5.0,1.82
0,2024-01-15,-4.6,-9.0,50.8,91.1,6.40,0.00,18.0,4.48
0,2024-01-16,-8.0,-15.9,21.2,41.0,1.10,0.00,11.0,0.77
0,2024-01-17,-2.2,-8.7,15.1,27.0,0.00,0.00,0.0,0.00
0,2024-01-18,-0.8,-6.7,22.5,40.0,1.60,0.20,10.0,0.98
0,2024-01-19,-4.8,-13.0,24.4,46.4,0.30,0.00,3.0,0.21
0,2024-01-20,-6.0,-18.8,12.2,22.0,0.00,0.00,0.0,0.00
0,2024-01-21,-5.7,-15.0,19.4,36.0,0.10,0.10,1.0,0.07
0,2024-01-22,-2.7,-7.1,21.0,38.9,5.00,0.00,10.0,3.50
0,2024-01-23,-0.3,-11.0,18.2,33.1,7.90,0.00,9.0,5.53
0,2024-01-24,-3.4,-9.5,51.6,90.7,9.60,0.00,14.0,6.72
0,2024-01-25,-1.6,-4.0,56.8,98.6,20.70,0.10,24.0,14.42
0,2024-01-26,-2.8,-3.7,42.8,76.3,7.70,0.00,24.0,5.39
0,2024-01-27,-2.1,-3.4,30.8,56.2,4.30,0.00,22.0,3.01
0,2024-01-28,-0.3,-3.2,20.6,36.4,1.60,0.20,11.0,0.98
0,2024-01-29,0.2,-12.0,14.6,24.5,0.00,0.00,0.0,0.00
0,2024-01-30,0.8,-12.8,21.6,37.4,0.00,0.00,0.0,0.00
0,2024-01-31,-1.4,-11.1,33.9,60.5,0.50,0.00,2.0,0.35
0,2024-02-01,-3.8,-11.0,38.5,75.2,2.50,0.00,16.0,1.82
0,2024-02-02,-7.6,-11.1,26.5,52.2,2.90,0.00,18.0,2.03
0,2024-02-03,-7.0,-12.0,24.4,50.0,1.40,0.00,9.0,0.98
0,2024-02-04,-5.4,-12.8,21.4,39.6,1.20,0.00,10.0,0.84
0,2024-02-05,-7.3,-10.5,17.4,32.0,1.00,0.00,8.0,0.70
0,2024-02-06,-7.9,-17.3,18.2,34.2,0.00,0.00,0.0,0.00
0,2024-02-07,-6.1,-17.8,13.8,23.4,0.10,0.00,1.0,0.07
0,2024-02-08,-1.0,-11.4,14.7,25.2,1.60,0.00,6.0,1.12
0,2024-02-09,-4.9,-13.8,11.0,20.2,0.40,0.00,4.0,0.28
0,2024-02-10,-4.7,-11.0,15.5,27.0,0.10,0.00,1.0,0.14
0,2024-02-11,-4.5,-12.6,13.4,22.3,0.30,0.00,3.0,0.21
0,2024-02-12,-2.1,-9.0,15.6,27.7,0.00,0.00,0.0,0.00
0,2024-02-13,4.9,-1.0,20.6,36.7,0.00,0.00,0.0,0.00
0,2024-02-14,5.9,-6.3,23.5,41.0,0.00,0.00,0.0,0.00
0,2024-02-15,1.1,-5.0,28.0,49.7,7.90,0.00,18.0,5.53
0,2024-02-16,-4.7,-14.8,24.4,46.8,0.50,0.00,3.0,0.35
0,2024-02-17,-2.3,-11.7,19.0,33.1,0.00,0.00,0.0,0.00
0,2024-02-18,2.7,-4.4,17.2,33.1,0.00,0.00,0.0,0.00
0,2024-02-19,9.3,-2.2,35.6,63.0,2.40,2.40,5.0,0.00
0,2024-02-20,-2.3,-11.5,23.9,51.5,0.80,0.00,6.0,0.56
0,2024-02-21,-3.8,-13.5,21.4,37.4,0.30,0.00,3.0,0.21
0,2024-02-22,-5.9,-15.7,21.8,41.0,0.40,0.00,4.0,0.28
0,2024-02-23,-6.8,-17.9,14.5,25.6,0.00,0.00,0.0,0.00
0,2024-02-24,-6.2,-12.1,13.9,24.5,0.70,0.00,6.0,0.49
0,2024-02-25,-5.8,-11.8,9.5,20.2,0.80,0.10,5.0,0.49
0,2024-02-26,-3.4,-7.9,27.3,48.2,10.30,0.00,22.0,7.21
0,2024-02-27,-3.2,-8.9,33.5,61.2,2.40,0.00,23.0,1.75
0,2024-02-28,-8.3,-9.5,37.5,70.6,0.00,0.00,0.0,0.00
0,2024-02-29,-3.4,-14.2,24.8,47.5,0.70,0.00,6.0,0.49
0,2024-03-01,-0.1,-9.0,28.6,50.0,2.30,0.00,10.0,1.61
0,2024-03-02,-4.2,-7.8,37.9,67.0,0.00,0.00,0.0,0.00
0,2024-03-03,-1.2,-16.2,15.6,29.5,0.20,0.00,1.0,0.14
0,2024-03-04,-2.1,-16.3,18.6,33.5,0.10,0.00,1.0,0.07
0,2024-03-05,-1.3,-15.3,14.2,27.0,0.20,0.00,2.0,0.14
0,2024-03-06,-1.2,-11.4,13.1,23.4,0.10,0.00,1.0,0.07
0,2024-03-07,-3.1,-17.0,14.6,28.8,0.00,0.00,0.0,0.00
0,2024-03-08,-2.2,-15.7,12.9,23.4,0.00,0.00,0.0,0.00
0,2024-03-09,-2.9,-12.1,11.5,20.5,0.60,0.00,5.0,0.42
0,2024-03-10,-2.0,-12.0,19.6,33.5,0.10,0.00,1.0,0.07
0,2024-03-11,2.2,-6.3,16.1,29.2,0.00,0.00,0.0,0.00
0,2024-03-12,2.6,-5.3,30.9,56.2,2.40,0.10,10.0,1.61
0,2024-03-13,-3.9,-7.8,38.5,74.2,0.10,0.00,1.0,0.07
0,2024-03-14,-0.6,-10.5,12.3,23.0,1.70,0.00,5.0,1.19
0,2024-03-15,2.0,-5.1,15.5,28.1,0.00,0.00,0.0,0.00
0,2024-03-16,1.0,-10.1,19.8,37.1,0.00,0.00,0.0,0.00
0,2024-03-17,2.5,-2.3,40.8,72.0,8.20,0.20,18.0,5.60
0,2024-03-18,-2.1,-4.9,38.4,71.6,5.50,0.10,13.0,3.78
0,2024-03-19,-2.5,-5.8,30.2,55.8,0.30,0.00,3.0,0.21
0,2024-03-20,-1.9,-3.9,26.0,46.8,0.70,0.00,7.0,0.49
0,2024-03-21,-2.6,-5.1,24.1,45.4,0.80,0.00,7.0,0.56
0,2024-03-22,-1.1,-12.1,18.0,33.8,0.00,0.00,0.0,0.00
0,2024-03-23,3.5,-7.9,15.8,26.3,0.00,0.00,0.0,0.00
0,2024-03-24,6.9,-4.3,25.5,43.6,0.00,0.00,0.0,0.00
0,2024-03-25,2.9,-9.5,15.2,25.9,0.00,0.00,0.0,0.00
0,2024-03-26,1.4,-7.1,19.0,35.3,0.00,0.00,0.0,0.00
0,2024-03-27,1.1,-10.7,17.7,33.1,0.00,0.00,0.0,0.00
0,2024-03-28,5.0,-1.9,36.7,65.5,1.50,1.50,5.0,0.00
0,2024-03-29,6.5,2.8,46.4,84.2,24.30,24.30,10.0,0.00
0,2024-03-30,8.0,-1.7,18.4,37.8,1.00,1.00,4.0,0.00
0,2024-03-31,5.4,-5.7,13.8,26.6,0.50,0.20,2.0,0.21
0,2024-04-01,5.6,-3.8,14.4,27.7,0.40,0.20,4.0,0.14
0,2024-04-02,3.1,-3.3,23.0,44.3,1.20,0.30,4.0,0.63
0,2024-04-03,7.1,-2.7,14.4,27.4,0.00,0.00,0.0,0.00
0,2024-04-04,4.9,-3.2,14.7,28.8,0.00,0.00,0.0,0.00
0,2024-04-05,10.5,0.9,21.7,43.6,0.90,0.60,2.0,0.21
0,2024-04-06,14.6,4.6,24.2,44.3,0.00,0.00,0.0,0.00
0,2024-04-07,13.4,6.2,32.3,60.5,0.00,0.00,0.0,0.00
0,2024-04-08,17.9,2.4,24.9,47.9,6.00,6.00,6.0,0.00
0,2024-04-09,1.7,-1.4,25.3,47.9,20.20,2.40,17.0,12.46
0,2024-04-10,9.6,-2.4,22.6,43.6,0.00,0.00,0.0,0.00
0,2024-04-11,15.4,7.3,18.6,33.5,0.20,0.20,2.0,0.00
0,2024-04-12,16.4,4.9,13.6,23.0,0.10,0.10,1.0,0.00
0,2024-04-13,18.3,5.9,17.6,31.7,0.00,0.00,0.0,0.00
0,2024-04-14,17.2,4.3,12.5,24.8,0.10,0.10,1.0,0.00
0,2024-04-15,18.2,8.3,16.2,29.2,0.00,0.00,0.0,0.00
0,2024-04-16,21.1,10.2,26.0,47.2,0.00,0.00,0.0,0.00
0,2024-04-17,20.4,9.4,20.4,39.6,0.00,0.00,0.0,0.00
0,2024-04-18,11.6,3.0,15.6,31.7,7.20,7.20,16.0,0.00
0,2024-04-19,4.5,2.4,31.1,57.2,10.70,10.70,18.0,0.00
0,2024-04-20,3.8,3.2,38.2,70.2,4.50,4.50,20.0,0.00
0,2024-04-21,4.7,2.8,24.5,46.4,4.10,4.10,23.0,0.00
0,2024-04-22,3.6,2.0,26.2,49.7,1.50,1.50,14.0,0.00
0,2024-04-23,7.1,1.0,18.4,37.1,0.00,0.00,0.0,0.00
0,2024-04-24,13.1,7.6,30.6,55.4,7.60,7.60,6.0,0.00
0,2024-04-25,13.7,8.0,29.2,55.8,20.90,20.90,18.0,0.00
0,2024-04-26,21.8,8.7,16.4,29.5,0.00,0.00,0.0,0.00
0,2024-04-27,26.0,7.1,23.5,43.9,0.00,0.00,0.0,0.00
0,2024-04-28,14.4,5.1,26.0,49.7,0.70,0.70,3.0,0.00
0,2024-04-29,9.4,5.6,26.4,51.8,0.00,0.00,0.0,0.00
0,2024-04-30,10.1,4.3,29.5,55.1,5.00,5.00,9.0,0.00
0,2024-05-01,11.9,3.5,28.0,55.1,0.10,0.10,1.0,0.00
0,2024-05-02,20.5,7.8,23.6,50.8,2.30,2.30,3.0,0.00
0,2024-05-03,17.8,3.7,32.5,61.6,3.60,3.60,4.0,0.00
0,2024-05-04,9.4,3.6,14.1,34.6,0.30,0.30,2.0,0.00
0,2024-05-05,16.4,8.9,26.4,51.1,1.10,1.10,3.0,0.00
0,2024-05-06,13.3,5.8,10.8,19.8,9.50,9.50,19.0,0.00
0,2024-05-07,8.5,2.5,23.4,46.4,15.80,15.80,23.0,0.00
0,2024-05-08,3.6,2.3,27.2,51.5,2.70,2.70,16.0,0.00
0,2024-05-09,11.1,3.9,22.4,43.2,0.00,0.00,0.0,0.00
0,2024-05-10,15.7,6.4,17.7,35.6,0.10,0.10,1.0,0.00
0,2024-05-11,18.0,9.5,27.5,51.1,0.00,0.00,0.0,0.00
0,2024-05-12,19.7,15.0,27.2,51.1,2.30,2.30,4.0,0.00
0,2024-05-13,18.5,5.9,14.5,28.4,13.60,13.60,12.0,0.00
0,2024-05-14,19.6,9.2,20.1,37.1,0.00,0.00,0.0,0.00
0,2024-05-15,21.8,9.6,22.0,42.8,0.00,0.00,0.0,0.00
0,2024-05-16,19.0,11.0,22.8,43.6,4.00,4.00,2.0,0.00
0,2024-05-17,20.1,9.4,31.9,62.6,4.90,4.90,5.0,0.00
0,2024-05-18,24.8,14.7,19.6,36.7,0.00,0.00,0.0,0.00
0,2024-05-19,18.9,9.9,20.6,41.8,0.00,0.00,0.0,0.00
0,2024-05-20,18.3,6.3,18.0,35.6,1.70,1.70,6.0,0.00
0,2024-05-21,15.2,5.5,20.7,40.7,7.50,7.50,6.0,0.00
0,2024-05-22,21.8,14.9,36.0,67.0,0.00,0.00,0.0,0.00
0,2024-05-23,22.1,9.2,14.8,27.4,0.80,0.80,3.0,0.00
0,2024-05-24,8.7,2.9,29.7,57.6,15.50,15.10,23.0,0.28
0,2024-05-25,10.8,6.0,27.3,56.5,3.00,3.00,7.0,0.00
0,2024-05-26,13.9,9.6,13.8,29.5,0.50,0.50,2.0,0.00
0,2024-05-27,18.9,9.1,21.1,44.3,6.50,6.50,8.0,0.00
0,2024-05-28,13.0,5.0,15.9,31.7,6.40,6.40,10.0,0.00
0,2024-05-29,10.5,5.5,21.9,43.2,1.10,1.10,8.0,0.00
0,2024-05-30,9.7,6.2,14.1,32.8,0.00,0.00,0.0,0.00
0,2024-05-31,11.7,5.6,12.2,27.7,0.00,0.00,0.0,0.00
0,2024-06-01,14.1,6.7,16.1,34.6,0.00,0.00,0.0,0.00
0,2024-06-02,19.0,7.4,24.4,46.1,0.00,0.00,0.0,0.00
0,2024-06-03,17.3,9.4,22.9,45.7,0.00,0.00,0.0,0.00
0,2024-06-04,15.8,8.5,20.5,40.3,0.00,0.00,0.0,0.00
0,2024-06-05,12.9,6.2,12.3,26.6,1.30,1.30,4.0,0.00
0,2024-06-06,15.1,7.3,12.3,27.4,0.00,0.00,0.0,0.00
0,2024-06-07,18.5,11.2,15.7,32.4,0.00,0.00,0.0,0.00
0,2024-06-08,25.2,16.0,23.7,46.1,0.00,0.00,0.0,0.00
0,2024-06-09,23.3,15.1,28.3,54.0,0.00,0.00,0.0,0.00
0,2024-06-10,19.4,13.6,22.1,41.8,4.50,4.50,8.0,0.00
0,2024-06-11,21.9,14.5,8.8,29.2,14.40,14.40,5.0,0.00
0,2024-06-12,23.2,13.9,17.5,31.7,0.00,0.00,0.0,0.00
0,2024-06-13,16.3,10.2,17.4,36.0,0.50,0.50,4.0,0.00
0,2024-06-14,19.1,11.5,14.7,30.2,0.30,0.30,2.0,0.00
0,2024-06-15,24.5,15.6,23.1,43.9,0.10,0.10,1.0,0.00
0,2024-06-16,25.2,17.0,27.1,54.0,0.30,0.30,2.0,0.00
0,2024-06-17,23.4,17.2,20.3,41.4,0.80,0.80,4.0,0.00
0,2024-06-18,27.3,13.3,25.6,48.6,3.50,3.50,6.0,0.00
0,2024-06-19,19.6,12.6,13.2,32.0,0.00,0.00,0.0,0.00
0,2024-06-20,22.7,15.2,16.6,32.4,0.70,0.70,3.0,0.00
0,2024-06-21,20.7,12.9,12.0,26.6,8.00,8.00,14.0,0.00
0,2024-06-22,16.5,12.0,15.1,32.8,0.40,0.40,4.0,0.00
0,2024-06-23,14.7,12.4,10.4,23.4,1.30,1.30,6.0,0.00
0,2024-06-24,20.7,14.0,19.2,36.7,15.60,15.60,13.0,0.00
0,2024-06-25,23.9,11.6,25.3,48.2,1.60,1.60,9.0,0.00
0,2024-06-26,19.7,9.9,26.4,52.6,0.00,0.00,0.0,0.00
0,2024-06-27,23.2,15.4,14.2,29.5,0.00,0.00,0.0,0.00
0,2024-06-28,25.0,17.1,15.2,29.5,0.30,0.30,1.0,0.00
0,2024-06-29,29.2,17.3,13.3,27.4,0.60,0.60,1.0,0.00
0,2024-06-30,31.3,19.0,25.3,48.2,15.30,15.30,5.0,0.00
0,2024-07-01,26.8,13.5,38.0,75.6,5.00,5.00,7.0,0.00
0,2024-07-02,25.1,15.4,31.6,60.8,0.00,0.00,0.0,0.00
0,2024-07-03,27.8,15.9,16.1,33.8,0.00,0.00,0.0,0.00
0,2024-07-04,25.2,16.7,10.7,25.9,0.00,0.00,0.0,0.00
0,2024-07-05,24.8,18.0,24.9,47.9,0.70,0.70,3.0,0.00
0,2024-07-06,28.0,19.1,33.2,63.0,5.90,5.90,9.0,0.00
0,2024-07-07,26.5,19.2,20.5,37.4,3.40,3.40,3.0,0.00
0,2024-07-08,24.9,17.0,13.4,28.8,6.80,6.80,12.0,0.00
0,2024-07-09,24.2,17.2,17.1,33.1,2.20,2.20,4.0,0.00
0,2024-07-10,22.7,17.7,14.7,31.0,1.50,1.50,10.0,0.00
0,2024-07-11,23.6,18.0,14.0,30.2,4.60,4.60,8.0,0.00
0,2024-07-12,24.8,17.4,16.9,44.6,14.10,14.10,6.0,0.00
0,2024-07-13,19.8,16.6,12.7,29.2,0.00,0.00,0.0,0.00
0,2024-07-14,21.8,16.4,12.7,29.2,1.00,1.00,6.0,0.00
0,2024-07-15,24.9,16.3,12.2,28.4,0.00,0.00,0.0,0.00
0,2024-07-16,28.5,19.3,16.9,32.8,0.00,0.00,0.0,0.00
0,2024-07-17,29.4,20.1,14.0,28.4,0.00,0.00,0.0,0.00
0,2024-07-18,24.9,19.0,17.0,34.2,0.00,0.00,0.0,0.00
0,2024-07-19,29.4,21.4,28.1,54.7,10.30,10.30,4.0,0.00
0,2024-07-20,28.3,21.7,14.3,29.9,0.00,0.00,0.0,0.00
0,2024-07-21,29.9,22.3,27.3,53.6,0.00,0.00,0.0,0.00
0,2024-07-22,31.3,23.3,26.9,53.6,0.40,0.40,3.0,0.00
0,2024-07-23,30.9,21.9,20.7,37.1,18.80,18.80,13.0,0.00
0,2024-07-24,21.3,18.0,18.4,36.4,7.20,7.20,8.0,0.00
0,2024-07-25,21.5,15.5,20.5,42.8,0.50,0.50,5.0,0.00
0,2024-07-26,18.5,15.6,11.6,27.0,0.00,0.00,0.0,0.00
0,2024-07-27,22.3,19.4,12.8,29.5,0.80,0.80,3.0,0.00
0,2024-07-28,26.7,20.4,23.2,45.4,1.80,1.80,6.0,0.00
0,2024-07-29,23.6,18.9,19.0,36.4,13.90,13.90,17.0,0.00
0,2024-07-30,20.6,17.2,16.8,34.6,4.20,4.20,5.0,0.00
0,2024-07-31,21.5,17.0,14.0,29.9,0.20,0.20,2.0,0.00
0,2024-08-01,24.6,21.4,18.9,36.7,1.20,1.20,4.0,0.00
0,2024-08-02,29.5,20.5,21.6,43.6,0.00,0.00,0.0,0.00
0,2024-08-03,29.3,21.7,19.1,38.2,0.80,0.80,4.0,0.00
0,2024-08-04,23.6,16.6,19.0,39.2,26.10,26.10,12.0,0.00
0,2024-08-05,24.5,17.8,11.3,23.4,0.00,0.00,0.0,0.00
0,2024-08-06,29.4,22.2,20.4,38.9,0.10,0.10,1.0,0.00
0,2024-08-07,30.3,22.1,20.4,37.8,18.90,18.90,12.0,0.00
0,2024-08-08,24.8,22.2,9.2,17.3,7.30,7.30,11.0,0.00
0,2024-08-09,26.7,21.2,12.2,26.3,2.60,2.60,6.0,0.00
0,2024-08-10,21.6,17.6,18.7,37.4,1.40,1.40,13.0,0.00
0,2024-08-11,22.1,18.8,14.5,31.0,0.10,0.10,1.0,0.00
0,2024-08-12,28.9,23.5,21.0,40.3,0.00,0.00,0.0,0.00
0,2024-08-13,31.0,23.7,21.1,41.8,0.00,0.00,0.0,0.00
0,2024-08-14,31.3,19.5,19.4,38.5,3.10,3.10,9.0,0.00
0,2024-08-15,21.0,18.3,15.4,32.0,1.20,1.20,11.0,0.00
0,2024-08-16,21.2,18.9,17.3,34.6,1.10,1.10,8.0,0.00
0,2024-08-17,24.2,19.1,21.4,41.4,1.60,1.60,7.0,0.00
0,2024-08-18,21.9,16.8,15.6,32.8,0.30,0.30,3.0,0.00
0,2024-08-19,24.9,15.7,15.3,31.7,16.50,16.50,16.0,0.00
0,2024-08-20,20.2,14.4,13.0,29.2,0.00,0.00,0.0,0.00
0,2024-08-21,22.7,17.9,20.4,40.7,0.00,0.00,0.0,0.00
0,2024-08-22,26.2,22.0,26.2,50.0,36.90,36.90,11.0,0.00
0,2024-08-23,30.2,26.0,28.2,53.3,0.10,0.10,1.0,0.00
0,2024-08-24,28.7,18.4,15.8,33.5,0.50,0.50,3.0,0.00
0,2024-08-25,21.7,16.4,17.5,35.6,1.80,1.80,4.0,0.00
0,2024-08-26,25.5,19.4,18.4,36.4,4.40,4.40,4.0,0.00
0,2024-08-27,26.4,19.4,12.3,35.6,22.70,22.70,21.0,0.00
0,2024-08-28,23.2,19.1,8.3,18.7,0.40,0.40,3.0,0.00
0,2024-08-29,25.9,21.1,16.9,30.2,7.80,7.80,3.0,0.00
0,2024-08-30,29.6,23.3,20.4,38.5,0.60,0.60,4.0,0.00
0,2024-08-31,25.4,18.0,22.9,55.4,34.80,34.80,10.0,0.00
0,2024-09-01,27.1,17.7,14.3,30.2,0.00,0.00,0.0,0.00
0,2024-09-02,26.3,17.8,16.3,33.5,0.60,0.60,1.0,0.00
0,2024-09-03,25.6,16.9,13.5,28.1,0.00,0.00,0.0,0.00
0,2024-09-04,27.2,16.1,19.1,36.7,0.00,0.00,0.0,0.00
0,2024-09-05,26.3,17.8,30.6,55.8,3.90,3.90,4.0,0.00
0,2024-09-06,24.9,15.1,20.4,39.6,0.00,0.00,0.0,0.00
0,2024-09-07,26.0,15.7,12.0,22.3,0.00,0.00,0.0,0.00
0,2024-09-08,26.8,18.7,19.0,37.1,0.00,0.00,0.0,0.00
0,2024-09-09,21.5,15.1,20.5,40.0,0.00,0.00,0.0,0.00
0,2024-09-10,25.5,20.9,28.6,53.6,2.10,2.10,2.0,0.00
0,2024-09-11,23.2,15.7,8.4,18.0,0.20,0.20,1.0,0.00
0,2024-09-12,25.2,15.8,11.4,23.4,0.00,0.00,0.0,0.00
0,2024-09-13,24.6,11.1,20.6,46.4,1.50,1.50,6.0,0.00
0,2024-09-14,20.6,14.7,16.5,30.6,27.70,27.70,12.0,0.00
0,2024-09-15,18.0,14.0,20.6,41.8,0.30,0.30,3.0,0.00
0,2024-09-16,19.6,15.4,16.4,31.3,3.20,3.20,7.0,0.00
0,2024-09-17,23.4,17.1,13.5,28.4,0.30,0.30,3.0,0.00
0,2024-09-18,24.6,12.4,22.3,44.3,0.00,0.00,0.0,0.00
0,2024-09-19,18.6,11.6,24.9,51.5,0.00,0.00,0.0,0.00
0,2024-09-20,21.6,12.0,35.0,64.1,2.20,2.20,13.0,0.00
0,2024-09-21,14.4,7.7,19.3,38.9,0.00,0.00,0.0,0.00
0,2024-09-22,15.1,10.7,14.3,29.2,0.40,0.40,3.0,0.00
0,2024-09-23,15.5,7.1,12.1,27.0,0.10,0.10,1.0,0.00
0,2024-09-24,19.4,10.9,18.0,32.4,0.00,0.00,0.0,0.00
0,2024-09-25,19.8,14.0,23.7,45.7,0.00,0.00,0.0,0.00
0,2024-09-26,20.9,15.5,21.5,41.8,7.40,7.40,5.0,0.00
0,2024-09-27,21.3,15.0,16.9,32.4,5.80,5.80,16.0,0.00
0,2024-09-28,16.0,13.7,22.3,43.2,1.30,1.30,13.0,0.00
0,2024-09-29,15.7,11.3,13.5,29.2,0.30,0.30,2.0,0.00
0,2024-09-30,22.4,13.5,26.7,50.4,0.00,0.00,0.0,0.00
0,2024-10-01,23.7,12.6,15.3,27.4,0.00,0.00,0.0,0.00
0,2024-10-02,23.5,12.1,22.0,40.7,3.30,3.30,10.0,0.00
0,2024-10-03,16.9,12.7,14.5,27.4,12.90,12.90,12.0,0.00
0,2024-10-04,14.0,12.2,21.0,37.8,11.40,11.40,19.0,0.00
0,2024-10-05,15.7,9.6,24.4,48.2,0.30,0.30,2.0,0.00
0,2024-10-06,21.0,13.6,14.7,28.1,0.00,0.00,0.0,0.00
0,2024-10-07,17.8,13.5,14.6,29.2,1.60,1.60,8.0,0.00
0,2024-10-08,14.6,7.4,13.6,29.2,0.30,0.30,2.0,0.00
0,2024-10-09,15.2,7.3,9.1,19.1,0.00,0.00,0.0,0.00
0,2024-10-10,15.8,8.8,20.8,40.3,0.60,0.60,5.0,0.00
0,2024-10-11,13.4,7.8,17.9,36.4,0.10,0.10,1.0,0.00
0,2024-10-12,16.3,12.3,21.8,40.7,0.00,0.00,0.0,0.00
0,2024-10-13,15.5,5.0,22.6,47.9,0.00,0.00,0.0,0.00
0,2024-10-14,17.9,11.3,19.4,38.5,0.00,0.00,0.0,0.00
0,2024-10-15,20.3,16.2,30.7,57.6,8.30,8.30,8.0,0.00
0,2024-10-16,18.0,6.8,23.9,45.4,0.00,0.00,0.0,0.00
0,2024-10-17,17.3,6.7,16.4,34.2,0.00,0.00,0.0,0.00
0,2024-10-18,17.7,13.1,24.9,49.7,6.80,6.80,6.0,0.00
0,2024-10-19,17.8,4.0,41.3,79.6,18.40,18.40,13.0,0.00
0,2024-10-20,8.3,2.1,27.2,54.4,0.10,0.10,1.0,0.00
0,2024-10-21,14.9,9.3,24.2,46.4,0.00,0.00,0.0,0.00
0,2024-10-22,19.6,13.1,26.2,48.2,0.70,0.70,3.0,0.00
0,2024-10-23,19.9,15.4,37.1,69.1,16.40,16.40,14.0,0.00
0,2024-10-24,19.8,9.2,22.3,40.7,0.00,0.00,0.0,0.00
0,2024-10-25,12.8,6.4,15.4,32.0,0.00,0.00,0.0,0.00
0,2024-10-26,14.0,3.5,24.2,50.8,0.00,0.00,0.0,0.00
0,2024-10-27,11.6,8.1,26.2,45.4,0.70,0.70,2.0,0.00
0,2024-10-28,9.4,4.5,36.1,69.8,2.40,2.40,11.0,0.00
0,2024-10-29,11.9,3.1,18.4,37.4,0.00,0.00,0.0,0.00
0,2024-10-30,12.7,6.9,17.8,42.5,3.90,3.90,3.0,0.00
0,2024-10-31,12.9,4.3,22.9,43.9,0.10,0.10,1.0,0.00
0,2024-11-01,13.6,7.5,13.4,26.6,0.00,0.00,0.0,0.00
0,2024-11-02,13.9,7.0,24.1,46.1,1.30,1.30,4.0,0.00
0,2024-11-03,8.4,4.4,23.8,46.8,3.60,3.60,8.0,0.00
0,2024-11-04,12.4,5.3,30.1,56.5,0.60,0.60,3.0,0.00
0,2024-11-05,8.7,1.6,24.4,47.5,0.90,0.90,6.0,0.00
0,2024-11-06,6.9,-1.1,20.8,37.8,0.80,0.80,6.0,0.00
0,2024-11-07,5.1,0.8,28.6,55.4,5.00,2.40,19.0,1.82
0,2024-11-08,7.0,2.4,25.5,49.0,1.20,0.70,7.0,0.35
0,2024-11-09,5.0,-1.0,26.5,50.4,0.10,0.10,1.0,0.00
0,2024-11-10,11.2,4.5,29.6,54.7,0.90,0.90,3.0,0.00
0,2024-11-11,12.2,-1.3,26.6,51.1,0.00,0.00,0.0,0.00
0,2024-11-12,8.5,2.4,28.6,58.3,2.00,2.00,4.0,0.00
0,2024-11-13,4.1,-2.2,22.9,46.1,0.00,0.00,0.0,0.00
0,2024-11-14,8.5,0.7,11.7,21.6,0.00,0.00,0.0,0.00
0,2024-11-15,9.5,1.4,17.9,34.9,2.50,2.50,4.0,0.00
0,2024-11-16,15.2,5.3,34.5,64.8,0.00,0.00,0.0,0.00
0,2024-11-17,18.9,1.3,34.0,66.2,13.80,13.40,16.0,0.28
0,2024-11-18,2.6,-3.1,18.5,38.5,0.10,0.00,1.0,0.07
0,2024-11-19,1.3,-2.1,22.7,45.0,0.00,0.00,0.0,0.00
0,2024-11-20,7.0,0.2,13.7,29.2,4.10,1.40,4.0,1.89
0,2024-11-21,7.7,1.7,9.5,22.3,0.00,0.00,0.0,0.00
0,2024-11-22,5.4,0.7,24.7,49.0,2.40,2.40,9.0,0.00
0,2024-11-23,3.8,-1.4,26.2,51.1,1.80,0.50,11.0,0.91
0,2024-11-24,2.4,0.5,33.9,66.2,0.20,0.00,2.0,0.14
0,2024-11-25,3.3,-2.6,27.2,52.6,0.50,0.00,5.0,0.35
0,2024-11-26,9.2,-0.3,27.6,53.3,6.60,6.60,8.0,0.00
0,2024-11-27,10.4,2.7,24.9,48.2,2.30,2.30,4.0,0.00
0,2024-11-28,6.5,-1.5,17.4,40.0,9.90,4.20,6.0,3.99
0,2024-11-29,3.2,-2.9,20.8,41.8,2.10,0.70,3.0,0.98
0,2024-11-30,3.9,-2.7,27.4,54.0,0.00,0.00,0.0,0.00
0,2024-12-01,4.8,-3.0,30.1,58.3,0.00,0.00,0.0,0.00
0,2024-12-02,5.7,1.0,15.9,31.7,10.80,8.30,4.0,1.75
0,2024-12-03,6.7,-0.6,17.6,32.4,0.30,0.10,3.0,0.14
0,2024-12-04,0.6,-3.6,11.8,24.1,1.50,0.00,8.0,1.05
0,2024-12-05,5.3,-4.1,30.3,58.7,0.20,0.00,2.0,0.14
0,2024-12-06,0.3,-5.6,21.5,49.3,0.00,0.00,0.0,0.00
0,2024-12-07,-0.1,-8.0,33.9,72.0,0.00,0.00,0.0,0.00
0,2024-12-08,-0.5,-3.6,32.1,60.5,1.40,0.00,6.0,0.98
0,2024-12-09,0.2,-4.1,29.3,56.9,0.30,0.00,2.0,0.21
0,2024-12-10,-0.2,-4.8,28.0,54.4,0.30,0.00,3.0,0.21
0,2024-12-11,1.9,-6.5,22.6,45.0,1.40,0.10,9.0,0.91
0,2024-12-12,-3.2,-8.6,24.4,49.7,0.40,0.00,4.0,0.28
0,2024-12-13,-4.2,-9.3,16.5,31.3,0.30,0.00,3.0,0.21
0,2024-12-14,-4.9,-9.4,16.2,34.6,0.00,0.00,0.0,0.00
0,2024-12-15,-0.2,-8.0,20.5,40.3,0.80,0.00,5.0,0.56
0,2024-12-16,-3.5,-10.0,15.8,34.2,0.00,0.00,0.0,0.00
0,2024-12-17,-3.7,-11.5,11.6,24.5,0.00,0.00,0.0,0.00
0,2024-12-18,-3.3,-7.2,20.1,41.4,0.00,0.00,0.0,0.00
0,2024-12-19,-1.5,-7.9,12.9,25.9,0.60,0.00,5.0,0.42
0,2024-12-20,-3.3,-12.1,21.7,43.9,0.00,0.00,0.0,0.00
0,2024-12-21,-3.8,-8.3,6.8,12.6,0.30,0.10,3.0,0.14
0,2024-12-22,-2.3,-5.9,20.7,38.5,6.00,0.00,18.0,4.20
0,2024-12-23,-2.2,-5.4,19.5,37.1,1.20,0.00,9.0,0.84
0,2024-12-24,-2.1,-6.8,15.8,31.0,0.10,0.00,1.0,0.07
0,2024-12-25,3.0,-7.7,27.2,50.8,0.30,0.30,2.0,0.00
0,2024-12-26,3.5,-7.8,28.6,53.3,0.10,0.10,1.0,0.00
0,2024-12-27,-4.7,-7.3,28.2,53.3,0.00,0.00,0.0,0.00
0,2024-12-28,-2.7,-12.2,23.5,46.4,0.40,0.00,3.0,0.28
0,2024-12-29,-2.3,-10.7,17.0,34.9,0.80,0.00,5.0,0.56
0,2024-12-30,-5.8,-14.9,22.9,44.3,0.10,0.00,1.0,0.07
0,2024-12-31,-2.3,-6.6,17.4,32.8,8.80,0.00,21.0,6.23
0,2025-01-01,-2.9,-13.7,18.5,37.4,2.10,0.00,8.0,1.47
0,2025-01-02,-3.1,-15.5,15.2,26.3,0.00,0.00,0.0,0.00
0,2025-01-03,-5.0,-14.6,17.3,33.8,0.00,0.00,0.0,0.00
0,2025-01-04,-4.6,-12.5,12.2,23.4,0.00,0.00,0.0,0.00
0,2025-01-05,-2.4,-12.0,16.4,29.5,1.00,0.00,1.0,0.70
0,2025-01-06,4.0,-0.6,24.9,45.0,15.20,1.30,16.0,9.73
0,2025-01-07,-0.1,-4.5,33.6,61.6,7.20,0.10,9.0,4.97
0,2025-01-08,-1.8,-5.2,27.9,51.5,0.00,0.00,0.0,0.00
0,2025-01-09,-0.7,-11.6,18.6,41.4,0.00,0.00,0.0,0.00
0,2025-01-10,0.3,-7.6,30.6,55.4,9.50,0.00,16.0,6.65
0,2025-01-11,-2.3,-8.8,17.2,32.0,0.60,0.00,6.0,0.42
0,2025-01-12,-3.1,-15.8,8.9,19.8,0.00,0.00,0.0,0.00
0,2025-01-13,-2.9,-11.7,8.7,15.5,0.30,0.00,2.0,0.21
0,2025-01-14,-0.0,-12.6,14.3,25.9,0.80,0.00,2.0,0.56
0,2025-01-15,-2.8,-10.4,23.1,42.8,0.10,0.00,1.0,0.07
0,2025-01-16,-3.3,-13.6,20.1,38.9,0.10,0.00,1.0,0.07
0,2025-01-17,-3.1,-6.4,24.1,47.2,2.00,0.00,13.0,1.40
0,2025-01-18,-4.0,-15.7,22.4,41.8,0.00,0.00,0.0,0.00
0,2025-01-19,2.0,-11.9,17.3,32.0,4.60,0.50,3.0,2.87
0,2025-01-20,3.2,-2.9,17.8,32.4,0.90,0.30,6.0,0.42
0,2025-01-21,-2.4,-10.4,11.9,24.5,0.00,0.00,0.0,0.00
0,2025-01-22,-2.0,-12.0,11.2,20.2,0.00,0.00,0.0,0.00
0,2025-01-23,2.3,-10.5,9.3,16.9,0.00,0.00,0.0,0.00
0,2025-01-24,0.3,-5.3,22.2,40.0,9.70,0.20,20.0,6.65
0,2025-01-25,0.6,-1.8,22.5,41.4,0.10,0.00,1.0,0.07
0,2025-01-26,-0.5,-1.1,22.6,42.5,1.90,0.30,16.0,1.12
0,2025-01-27,-0.4,-2.5,29.9,55.4,9.90,0.00,24.0,6.93
0,2025-01-28,-0.3,-9.5,24.0,45.0,1.00,0.00,6.0,0.70
0,2025-01-29,0.1,-7.0,29.8,55.4,3.30,0.00,13.0,2.31
0,2025-01-30,-0.8,-2.3,30.4,58.3,2.20,0.10,17.0,1.47
0,2025-01-31,-1.4,-3.9,26.6,51.8,0.90,0.00,9.0,0.63
0,2025-02-01,-2.8,-11.5,18.0,34.6,0.50,0.00,5.0,0.35
0,2025-02-02,-3.0,-12.4,11.9,20.5,0.00,0.00,0.0,0.00
0,2025-02-03,-1.3,-8.0,25.0,51.1,5.10,0.00,13.0,3.64
0,2025-02-04,0.1,-8.0,23.9,46.8,14.00,0.00,9.0,9.87
0,2025-02-05,0.5,-7.3,22.0,42.8,0.30,0.00,2.0,0.21
0,2025-02-06,1.9,-11.9,12.5,23.4,0.00,0.00,0.0,0.00
0,2025-02-07,-2.0,-8.5,26.5,47.9,6.70,0.10,11.0,4.62
0,2025-02-08,-0.9,-3.7,35.7,71.3,4.60,0.00,14.0,3.29
0,2025-02-09,-2.5,-4.6,27.3,50.4,0.80,0.00,8.0,0.56
0,2025-02-10,-2.7,-4.9,22.4,42.5,2.00,0.00,13.0,1.40
0,2025-02-11,-3.4,-10.7,20.6,39.6,0.20,0.00,2.0,0.14
0,2025-02-12,2.5,-6.5,20.1,36.4,3.90,0.00,9.0,2.73
0,2025-02-13,-1.7,-9.5,27.9,54.0,1.10,0.00,6.0,0.77
0,2025-02-14,-3.1,-6.5,20.8,39.2,0.90,0.00,6.0,0.63
0,2025-02-15,-2.1,-11.8,22.3,45.4,0.00,0.00,0.0,0.00
0,2025-02-16,-1.3,-7.7,7.5,15.8,0.10,0.00,1.0,0.07
0,2025-02-17,-2.1,-6.4,17.0,32.4,2.00,0.00,11.0,1.40
0,2025-02-18,-2.1,-5.2,24.3,43.9,2.20,0.00,8.0,1.54
0,2025-02-19,-3.5,-5.6,27.5,52.2,0.70,0.00,6.0,0.56
0,2025-02-20,-3.0,-8.5,33.8,63.0,9.00,0.00,9.0,6.30
0,2025-02-21,-2.0,-5.2,18.1,35.3,0.70,0.00,7.0,0.49
0,2025-02-22,-3.3,-7.4,16.5,32.4,2.00,0.10,10.0,1.33
0,2025-02-23,-3.8,-9.0,13.9,26.3,0.60,0.00,6.0,0.42
0,2025-02-24,-0.3,-10.9,16.0,29.9,0.00,0.00,0.0,0.00
0,2025-02-25,2.3,-3.3,25.3,46.4,0.00,0.00,0.0,0.00
0,2025-02-26,4.0,-7.0,28.6,55.4,0.30,0.20,3.0,0.07
0,2025-02-27,-1.9,-9.4,20.5,42.8,0.80,0.00,7.0,0.56
0,2025-02-28,6.3,-1.0,23.1,42.5,0.00,0.00,0.0,0.00
0,2025-03-01,5.7,-7.8,16.9,31.0,0.10,0.00,1.0,0.07
0,2025-03-02,0.5,-9.2,31.4,58.0,0.50,0.00,5.0,0.35
0,2025-03-03,-5.3,-11.8,25.1,47.5,1.80,0.00,14.0,1.26
0,2025-03-04,-4.3,-14.6,24.4,47.5,0.90,0.00,9.0,0.63
0,2025-03-05,-1.9,-6.7,19.2,36.4,1.80,0.00,11.0,1.26
0,2025-03-06,-1.4,-3.8,14.4,27.0,3.70,0.00,19.0,2.66
0,2025-03-07,-2.1,-7.7,22.5,43.2,1.30,0.00,10.0,0.91
0,2025-03-08,0.8,-8.5,14.7,28.4,0.00,0.00,0.0,0.07
0,2025-03-09,2.6,-9.9,17.8,33.8,0.80,0.00,4.0,0.56
0,2025-03-10,1.1,-6.2,13.2,23.8,0.00,0.00,0.0,0.00
0,2025-03-11,6.5,-5.9,14.1,25.2,0.00,0.00,0.0,0.00
0,2025-03-12,4.6,-0.2,20.4,39.6,0.90,0.70,2.0,0.14
0,2025-03-13,6.8,-0.2,35.5,65.2,2.50,1.50,10.0,0.70
0,2025-03-14,-0.3,-3.4,40.1,75.2,2.40,0.00,12.0,1.68
0,2025-03-15,-2.0,-4.9,33.7,64.4,1.80,0.00,9.0,1.33
0,2025-03-16,-0.9,-2.9,29.8,55.8,6.70,0.00,16.0,4.76
0,2025-03-17,-2.4,-4.1,38.1,72.7,15.50,0.00,20.0,10.85
0,2025-03-18,-2.1,-10.7,15.6,30.6,0.00,0.00,0.0,0.00
0,2025-03-19,0.2,-5.8,14.2,27.0,0.80,0.00,7.0,0.56
0,2025-03-20,3.5,-1.3,18.3,33.1,0.20,0.00,2.0,0.14
0,2025-03-21,6.5,1.5,24.1,44.3,2.00,1.70,3.0,0.21
0,2025-03-22,8.1,-3.6,30.9,57.2,1.40,1.40,5.0,0.00
0,2025-03-23,2.4,-7.8,30.7,56.9,0.00,0.00,0.0,0.00
0,2025-03-24,6.4,2.0,21.1,41.8,1.70,1.70,5.0,0.00
0,2025-03-25,4.4,-0.8,17.2,41.4,1.30,1.30,2.0,0.00
0,2025-03-26,3.1,-3.4,39.6,72.4,6.30,4.40,9.0,1.33
0,2025-03-27,1.0,-0.6,18.6,33.8,4.30,2.20,13.0,1.47
0,2025-03-28,2.5,-1.9,17.5,32.0,6.40,3.60,15.0,1.96
0,2025-03-29,2.8,-9.6,14.0,34.9,0.40,0.00,3.0,0.28
0,2025-03-30,4.6,-9.6,32.9,61.6,4.40,0.10,6.0,3.01
0,2025-03-31,2.6,-8.3,13.9,27.4,0.10,0.00,1.0,0.07
0,2025-04-01,6.6,-2.4,17.6,32.8,0.00,0.00,0.0,0.00
0,2025-04-02,5.5,-0.3,19.0,36.7,0.30,0.00,2.0,0.21
0,2025-04-03,0.7,-0.5,23.5,44.6,9.30,0.10,24.0,6.44
0,2025-04-04,3.7,0.2,31.9,63.0,2.80,0.00,10.0,1.96
0,2025-04-05,7.3,-3.0,14.0,30.2,0.00,0.00,0.0,0.00
0,2025-04-06,11.2,3.1,20.5,37.8,6.10,6.10,6.0,0.00
0,2025-04-07,14.7,2.2,13.8,27.0,0.20,0.20,2.0,0.00
0,2025-04-08,5.8,-0.6,11.1,22.3,0.20,0.20,2.0,0.00
0,2025-04-09,8.8,-0.7,13.3,26.6,10.60,5.10,5.0,3.85
0,2025-04-10,17.1,0.9,12.4,27.4,0.00,0.00,0.0,0.00
0,2025-04-11,14.4,1.8,14.6,29.9,0.00,0.00,0.0,0.00
0,2025-04-12,9.9,3.2,12.1,29.2,1.10,1.10,4.0,0.00
0,2025-04-13,15.1,3.0,22.6,44.6,0.00,0.00,0.0,0.00
0,2025-04-14,10.5,3.8,21.0,42.1,10.20,10.20,14.0,0.00
0,2025-04-15,15.9,3.7,21.6,40.0,15.30,15.30,15.0,0.00
0,2025-04-16,6.5,3.2,38.5,73.4,12.00,12.00,21.0,0.00
0,2025-04-17,9.4,2.4,31.7,63.4,0.00,0.00,0.0,0.00
0,2025-04-18,9.8,3.3,22.9,42.5,3.60,3.60,3.0,0.00
0,2025-04-19,14.5,3.3,26.3,47.9,2.10,2.10,5.0,0.00
0,2025-04-20,17.3,4.7,27.4,55.8,7.30,7.30,6.0,0.00
0,2025-04-21,5.2,1.1,26.6,51.8,0.70,0.70,6.0,0.00
0,2025-04-22,6.3,1.4,13.4,31.0,0.70,0.70,3.0,0.00
0,2025-04-23,13.7,1.1,18.3,41.8,0.00,0.00,0.0,0.00
0,2025-04-24,11.3,6.1,20.9,39.2,1.50,1.50,8.0,0.00
0,2025-04-25,13.4,1.9,24.8,50.4,3.10,3.10,8.0,0.00
0,2025-04-26,14.1,1.0,20.3,45.0,3.90,3.90,9.0,0.00
0,2025-04-27,11.1,2.8,23.2,46.1,1.90,1.90,5.0,0.00
0,2025-04-28,7.3,2.0,22.6,46.4,4.20,3.50,9.0,0.49
0,2025-04-29,4.1,1.1,30.1,59.8,26.60,10.50,24.0,11.27
0,2025-04-30,5.3,-1.5,36.1,69.8,0.90,0.80,8.0,0.07
0,2025-05-01,12.4,4.0,24.6,48.2,0.00,0.00,0.0,0.00
0,2025-05-02,15.2,8.3,32.5,63.4,1.90,1.90,5.0,0.00
0,2025-05-03,12.7,8.1,27.7,56.5,2.10,2.10,6.0,0.00
0,2025-05-04,13.6,4.1,15.2,34.9,1.20,1.20,5.0,0.00
0,2025-05-05,14.7,5.2,13.1,28.8,12.60,12.60,6.0,0.00
0,2025-05-06,17.9,3.6,16.1,30.2,0.10,0.10,1.0,0.00
0,2025-05-07,13.2,4.3,14.6,34.6,0.20,0.20,2.0,0.00
0,2025-05-08,16.4,7.5,12.0,32.8,4.20,4.20,5.0,0.00
0,2025-05-09,17.7,8.1,18.3,36.0,0.10,0.10,1.0,0.00
0,2025-05-10,14.2,8.9,26.8,51.1,5.50,5.50,13.0,0.00
0,2025-05-11,11.5,7.2,22.2,50.4,0.00,0.00,0.0,0.00
0,2025-05-12,18.9,7.9,16.1,32.4,0.00,0.00,0.0,0.00
0,2025-05-13,16.8,9.2,14.6,33.5,3.60,3.60,8.0,0.00
0,2025-05-14,16.7,8.8,23.9,43.2,1.80,1.80,2.0,0.00
0,2025-05-15,25.4,13.7,23.9,45.4,0.60,0.60,2.0,0.00
0,2025-05-16,27.3,15.2,24.2,48.2,0.00,0.00,0.0,0.00
0,2025-05-17,24.5,13.6,31.3,60.5,5.90,5.90,5.0,0.00
0,2025-05-18,24.2,11.2,22.5,45.4,0.20,0.20,2.0,0.00
0,2025-05-19,19.5,11.5,17.8,36.4,0.50,0.50,4.0,0.00
0,2025-05-20,16.9,7.7,24.6,52.6,3.70,3.70,6.0,0.00
0,2025-05-21,16.6,9.7,14.0,32.0,0.00,0.00,0.0,0.00
0,2025-05-22,14.6,6.4,18.5,36.4,2.90,2.90,17.0,0.00
0,2025-05-23,12.4,6.8,14.2,33.5,1.60,1.60,5.0,0.00
0,2025-05-24,16.6,9.8,14.9,29.5,1.60,1.60,6.0,0.00
0,2025-05-25,10.4,6.7,15.6,29.5,10.10,10.10,23.0,0.00
0,2025-05-26,15.3,6.1,18.9,39.2,1.10,1.10,5.0,0.00
0,2025-05-27,22.2,9.1,14.9,26.6,0.00,0.00,0.0,0.00
0,2025-05-28,22.2,11.3,15.3,29.9,0.00,0.00,0.0,0.00
0,2025-05-29,23.8,11.2,12.1,24.8,0.00,0.00,0.0,0.00
0,2025-05-30,16.4,8.6,13.2,31.0,0.00,0.00,0.0,0.00
0,2025-05-31,14.1,6.3,15.4,32.0,0.00,0.00,0.0,0.00
0,2025-06-01,10.8,6.4,16.3,36.4,0.00,0.00,0.0,0.00
0,2025-06-02,10.8,6.1,11.4,29.2,0.00,0.00,0.0,0.00
0,2025-06-03,11.7,9.4,10.8,26.3,10.90,10.90,7.0,0.00
0,2025-06-04,14.9,10.7,20.9,39.2,16.10,16.10,13.0,0.00
0,2025-06-05,19.9,11.3,21.1,46.4,0.00,0.00,0.0,0.00
0,2025-06-06,24.6,14.8,24.8,50.4,2.30,2.30,5.0,0.00
0,2025-06-07,24.7,13.7,21.3,53.3,12.30,12.30,3.0,0.00
0,2025-06-08,19.9,12.0,11.3,27.0,9.90,9.90,9.0,0.00
0,2025-06-09,24.8,14.8,15.8,29.2,0.00,0.00,0.0,0.00
0,2025-06-10,22.2,12.3,17.4,37.1,0.00,0.00,0.0,0.00
0,2025-06-11,21.4,10.4,24.6,48.2,42.10,42.10,16.0,0.00
0,2025-06-12,16.9,8.0,26.7,52.9,0.80,0.80,5.0,0.00
0,2025-06-13,21.9,15.5,13.3,24.8,0.00,0.00,0.0,0.00
0,2025-06-14,25.3,16.4,20.7,40.0,0.00,0.00,0.0,0.00
0,2025-06-15,20.5,14.8,25.8,51.1,0.00,0.00,0.0,0.00
0,2025-06-16,22.3,15.0,18.8,37.8,2.60,2.60,5.0,0.00
0,2025-06-17,24.9,17.2,21.7,44.3,0.00,0.00,0.0,0.00
0,2025-06-18,24.1,15.0,11.4,25.2,0.20,0.20,2.0,0.00
0,2025-06-19,23.5,16.0,10.7,25.9,0.00,0.00,0.0,0.00
0,2025-06-20,26.3,19.2,19.9,41.0,0.00,0.00,0.0,0.00
0,2025-06-21,28.1,20.5,22.3,42.5,6.50,6.50,11.0,0.00
0,2025-06-22,24.4,18.3,21.7,40.3,3.80,3.80,5.0,0.00
0,2025-06-23,27.1,17.1,11.9,24.5,0.50,0.50,3.0,0.00
0,2025-06-24,29.9,17.9,13.1,27.4,0.00,0.00,0.0,0.00
0,2025-06-25,26.5,19.8,16.6,30.6,0.00,0.00,0.0,0.00
0,2025-06-26,29.0,19.9,13.9,31.3,2.80,2.80,7.0,0.00
0,2025-06-27,22.1,14.2,21.1,41.4,6.20,6.20,13.0,0.00
0,2025-06-28,22.1,14.6,11.1,30.2,0.00,0.00,0.0,0.00
0,2025-06-29,26.8,18.9,13.0,25.2,0.00,0.00,0.0,0.00
0,2025-06-30,26.4,19.8,12.8,25.9,0.00,0.00,0.0,0.00
0,2025-07-01,26.4,18.1,14.6,33.1,0.60,0.60,4.0,0.00
0,2025-07-02,24.7,18.7,19.8,37.8,26.30,26.30,5.0,0.00
0,2025-07-03,30.9,24.3,21.7,41.0,0.10,0.10,1.0,0.00
0,2025-07-04,29.6,21.0,19.5,36.7,0.90,0.90,3.0,0.00
0,2025-07-05,27.1,19.8,11.0,25.9,0.00,0.00,0.0,0.00
0,2025-07-06,32.0,22.2,16.9,31.7,0.00,0.00,0.0,0.00
0,2025-07-07,29.4,20.2,12.7,27.4,0.70,0.70,3.0,0.00
0,2025-07-08,25.8,18.2,15.2,33.1,0.00,0.00,0.0,0.00
0,2025-07-09,21.5,15.8,16.5,36.7,0.50,0.50,4.0,0.00
0,2025-07-10,18.0,14.2,15.7,31.3,0.40,0.40,3.0,0.00
0,2025-07-11,21.0,12.9,15.7,29.5,0.00,0.00,0.0,0.00
0,2025-07-12,23.4,13.7,19.8,37.8,0.00,0.00,0.0,0.00
0,2025-07-13,25.6,17.0,14.8,29.9,0.00,0.00,0.0,0.00
0,2025-07-14,30.6,22.3,26.1,51.1,1.60,1.60,7.0,0.00
0,2025-07-15,31.7,19.6,24.5,45.4,5.00,5.00,11.0,0.00
0,2025-07-16,28.1,22.0,22.6,45.7,4.80,4.80,6.0,0.00
0,2025-07-17,32.0,23.7,11.1,25.2,0.10,0.10,1.0,0.00
0,2025-07-18,32.1,22.7,14.7,32.4,32.60,32.60,19.0,0.00
0,2025-07-19,27.2,23.2,15.5,28.4,13.20,13.20,23.0,0.00
0,2025-07-20,29.7,23.1,10.6,29.9,2.00,2.00,5.0,0.00
0,2025-07-21,30.3,24.3,12.2,24.1,0.10,0.10,1.0,0.00
0,2025-07-22,31.0,23.2,11.1,22.3,9.10,9.10,6.0,0.00
0,2025-07-23,34.0,21.8,11.5,21.6,0.00,0.00,0.0,0.00
0,2025-07-24,33.8,21.0,16.3,36.7,0.00,0.00,0.0,0.00
0,2025-07-25,29.4,21.8,10.7,25.9,4.30,4.30,6.0,0.00
0,2025-07-26,25.8,22.2,9.5,23.0,1.10,1.10,5.0,0.00
0,2025-07-27,24.3,20.1,10.2,20.5,5.90,5.90,7.0,0.00
0,2025-07-28,24.6,20.5,11.6,26.3,0.00,0.00,0.0,0.00
0,2025-07-29,26.0,20.2,11.9,28.4,0.10,0.10,1.0,0.00
0,2025-07-30,25.4,20.0,15.3,29.9,0.00,0.00,0.0,0.00
0,2025-07-31,28.2,22.2,16.6,33.1,0.20,0.20,2.0,0.00
0,2025-08-01,29.6,22.7,17.8,34.2,0.00,0.00,0.0,0.00
0,2025-08-02,29.8,22.3,18.9,37.4,0.60,0.60,4.0,0.00
0,2025-08-03,25.8,21.8,15.0,33.1,2.20,2.20,4.0,0.00
0,2025-08-04,30.0,23.1,22.7,44.3,4.10,4.10,4.0,0.00
0,2025-08-05,27.0,22.8,9.8,23.4,2.70,2.70,8.0,0.00
0,2025-08-06,27.5,22.1,8.7,20.9,3.10,3.10,6.0,0.00
0,2025-08-07,23.3,21.0,11.6,23.8,16.40,16.40,16.0,0.00
0,2025-08-08,24.6,18.6,16.3,32.8,10.50,10.50,15.0,0.00
0,2025-08-09,23.9,19.0,8.8,21.6,1.20,1.20,7.0,0.00
0,2025-08-10,27.2,21.0,18.7,36.7,1.00,1.00,6.0,0.00
0,2025-08-11,27.1,19.8,10.1,29.2,2.30,2.30,6.0,0.00
0,2025-08-12,25.0,19.5,13.8,31.0,0.40,0.40,4.0,0.00
0,2025-08-13,24.4,19.0,15.5,31.7,0.10,0.10,1.0,0.00
0,2025-08-14,27.2,21.6,19.8,41.0,21.50,21.50,8.0,0.00
0,2025-08-15,29.9,16.8,22.1,46.1,2.50,2.50,4.0,0.00
0,2025-08-16,30.0,22.0,14.1,27.0,0.00,0.00,0.0,0.00
0,2025-08-17,26.3,19.9,22.2,41.4,13.80,13.80,10.0,0.00
0,2025-08-18,24.2,20.1,15.7,33.8,0.90,0.90,4.0,0.00
0,2025-08-19,25.0,18.7,15.0,29.9,7.00,7.00,7.0,0.00
0,2025-08-20,28.2,19.9,18.7,45.7,12.30,12.30,12.0,0.00
0,2025-08-21,22.6,16.3,21.0,40.0,3.40,3.40,4.0,0.00
0,2025-08-22,23.6,16.9,20.7,42.1,36.50,36.50,13.0,0.00
0,2025-08-23,27.4,19.6,21.9,43.9,0.40,0.40,3.0,0.00
0,2025-08-24,22.7,17.4,14.8,31.3,0.30,0.30,3.0,0.00
0,2025-08-25,26.6,20.1,18.6,37.1,0.70,0.70,3.0,0.00
0,2025-08-26,26.8,22.0,27.9,53.6,2.00,2.00,3.0,0.00
0,2025-08-27,29.0,18.3,30.9,61.6,2.40,2.40,8.0,0.00
0,2025-08-28,20.5,16.1,29.5,63.0,0.10,0.10,1.0,0.00
0,2025-08-29,21.4,17.1,9.1,22.0,1.10,1.10,5.0,0.00
0,2025-08-30,20.3,16.8,10.5,21.6,2.80,2.80,8.0,0.00
0,2025-08-31,24.8,18.8,14.3,26.6,0.60,0.60,4.0,0.00
0,2025-09-01,24.4,19.3,22.4,43.2,2.20,2.20,9.0,0.00
0,2025-09-02,19.9,17.4,14.7,29.2,30.70,30.70,19.0,0.00
0,2025-09-03,21.3,16.4,14.2,29.2,1.40,1.40,7.0,0.00
0,2025-09-04,21.5,16.8,12.2,25.6,0.10,0.10,1.0,0.00
0,2025-09-05,25.6,16.5,9.9,24.1,0.00,0.00,0.0,0.00
0,2025-09-06,26.6,19.4,10.7,24.1,0.10,0.10,1.0,0.00
0,2025-09-07,25.3,19.2,22.7,44.6,0.70,0.70,4.0,0.00
0,2025-09-08,23.1,18.7,12.3,27.4,0.10,0.10,1.0,0.00
0,2025-09-09,23.6,19.0,18.9,35.3,0.00,0.00,0.0,0.00
0,2025-09-10,25.5,18.3,12.6,27.0,0.00,0.00,0.0,0.00
0,2025-09-11,25.4,14.6,23.2,45.0,0.60,0.60,1.0,0.00
0,2025-09-12,21.7,16.6,16.2,32.8,0.00,0.00,0.0,0.00
0,2025-09-13,24.7,17.6,38.6,68.8,29.10,29.10,13.0,0.00
0,2025-09-14,19.4,13.5,48.9,88.9,0.70,0.70,3.0,0.00
0,2025-09-15,26.4,16.6,19.5,37.1,0.00,0.00,0.0,0.00
0,2025-09-16,25.4,17.0,20.5,38.9,0.00,0.00,0.0,0.00
0,2025-09-17,24.7,14.7,20.6,38.9,6.60,6.60,2.0,0.00
0,2025-09-18,20.6,13.7,20.4,42.5,0.50,0.50,3.0,0.00
0,2025-09-19,20.0,10.7,16.5,35.3,0.00,0.00,0.0,0.00
0,2025-09-20,21.3,13.3,43.2,86.0,49.80,49.80,18.0,0.00
0,2025-09-21,15.4,12.4,50.8,98.6,14.10,14.10,14.0,0.00
0,2025-09-22,19.6,9.7,18.6,37.8,0.40,0.40,4.0,0.00
0,2025-09-23,21.0,11.2,12.2,22.3,0.00,0.00,0.0,0.00
0,2025-09-24,22.4,15.8,24.6,46.8,2.30,2.30,4.0,0.00
0,2025-09-25,17.8,14.3,33.5,63.0,13.40,13.40,9.0,0.00
0,2025-09-26,23.0,12.6,12.2,31.7,1.30,1.30,3.0,0.00
0,2025-09-27,23.2,12.1,13.7,27.7,0.00,0.00,0.0,0.00
0,2025-09-28,24.1,15.0,12.0,23.8,0.00,0.00,0.0,0.00
0,2025-09-29,20.8,12.5,23.3,45.0,0.30,0.30,3.0,0.00
0,2025-09-30,16.7,12.0,15.6,30.6,0.00,0.00,0.0,0.00
0,2025-10-01,20.8,14.5,18.4,37.1,0.90,0.90,4.0,0.00
0,2025-10-02,20.8,14.7,12.1,27.0,0.20,0.20,2.0,0.00
0,2025-10-03,25.4,12.3,18.6,36.4,0.00,0.00,0.0,0.00
0,2025-10-04,23.4,15.5,24.7,46.4,0.00,0.00,0.0,0.00
0,2025-10-05,25.5,13.4,23.3,44.3,0.30,0.30,2.0,0.00
0,2025-10-06,14.7,7.1,24.0,48.2,0.60,0.60,5.0,0.00
0,2025-10-07,15.8,12.2,25.0,48.6,29.50,29.50,5.0,0.00
0,2025-10-08,20.6,9.3,36.5,70.2,3.90,3.90,12.0,0.00
0,2025-10-09,10.9,3.6,23.5,47.5,0.20,0.20,1.0,0.00
0,2025-10-10,11.1,5.8,24.3,50.0,5.70,5.70,16.0,0.00
0,2025-10-11,11.8,6.0,27.2,55.1,0.00,0.00,0.0,0.00
0,2025-10-12,14.1,11.4,25.5,47.2,2.90,2.90,12.0,0.00
0,2025-10-13,12.6,4.5,23.4,48.6,0.00,0.00,0.0,0.00
0,2025-10-14,12.4,7.4,21.6,38.5,1.10,1.10,5.0,0.00
0,2025-10-15,12.0,4.4,24.8,49.7,0.10,0.10,1.0,0.00
0,2025-10-16,13.1,9.3,16.1,32.4,3.50,3.50,10.0,0.00
0,2025-10-17,14.2,10.1,14.3,31.7,0.50,0.50,4.0,0.00
0,2025-10-18,16.4,6.9,26.1,48.6,1.80,1.80,11.0,0.00
0,2025-10-19,11.1,4.2,21.3,46.4,1.00,1.00,4.0,0.00
0,2025-10-20,9.3,1.1,25.4,53.3,0.40,0.40,4.0,0.00
0,2025-10-21,8.2,3.1,11.4,25.6,1.60,1.60,7.0,0.00
0,2025-10-22,9.1,2.7,13.4,33.5,0.40,0.40,3.0,0.00
0,2025-10-23,8.9,2.2,13.9,28.8,0.50,0.50,3.0,0.00
0,2025-10-24,7.1,0.3,17.7,37.1,1.20,1.20,6.0,0.00
0,2025-10-25,11.8,1.8,15.9,31.3,0.00,0.00,0.0,0.00
0,2025-10-26,13.6,7.1,27.8,54.4,18.90,18.90,14.0,0.00
0,2025-10-27,15.8,3.3,24.7,49.7,0.10,0.10,1.0,0.00
0,2025-10-28,8.7,2.7,32.3,63.7,0.00,0.00,0.0,0.00
0,2025-10-29,7.7,-0.1,22.9,46.8,0.20,0.20,1.0,0.00
0,2025-10-30,12.3,6.8,23.6,46.1,13.60,13.60,3.0,0.00
0,2025-10-31,17.1,7.2,17.2,32.0,10.90,10.90,7.0,0.00
0,2025-11-01,10.0,5.7,58.0,109.1,64.60,64.60,20.0,0.00
0,2025-11-02,7.0,5.1,19.9,37.1,4.50,4.50,18.0,0.00
0,2025-11-03,7.4,-1.2,23.7,47.9,0.10,0.10,1.0,0.00
0,2025-11-04,10.7,2.6,21.6,40.7,0.00,0.00,0.0,0.00
0,2025-11-05,14.6,4.8,14.8,38.2,0.00,0.00,0.0,0.00
0,2025-11-06,11.2,4.6,17.9,35.3,0.30,0.30,2.0,0.00
0,2025-11-07,6.6,-1.6,35.5,69.5,5.70,0.50,20.0,3.71
0,2025-11-08,1.0,-4.1,27.0,54.0,0.30,0.00,3.0,0.21
0,2025-11-09,5.6,1.7,18.3,34.6,2.90,2.90,3.0,0.00
0,2025-11-10,8.0,0.7,25.1,50.4,1.20,0.90,3.0,0.21
0,2025-11-11,4.8,0.4,30.3,59.0,0.10,0.00,1.0,0.07
0,2025-11-12,6.0,0.0,26.9,51.1,0.90,0.80,1.0,0.07
0,2025-11-13,12.1,0.9,30.2,57.6,11.30,11.30,7.0,0.00
0,2025-11-14,4.5,-1.8,21.0,41.8,0.20,0.00,2.0,0.14
0,2025-11-15,5.5,-0.7,17.9,34.9,0.00,0.00,0.0,0.00
0,2025-11-16,11.3,1.6,40.3,82.4,0.00,0.00,0.0,0.00
0,2025-11-17,11.7,-3.1,39.6,86.0,3.10,2.70,5.0,0.28
0,2025-11-18,0.9,-3.2,23.2,47.5,0.00,0.00,0.0,0.00
0,2025-11-19,2.5,-3.7,20.9,42.8,0.00,0.00,0.0,0.00
0,2025-11-20,9.4,1.6,20.2,43.2,4.10,4.10,7.0,0.00
0,2025-11-21,7.4,-1.7,26.6,51.8,0.30,0.20,2.0,0.07
0,2025-11-22,3.7,0.1,24.4,47.5,0.00,0.00,0.0,0.00
0,2025-11-23,11.9,2.8,16.0,29.2,0.00,0.00,0.0,0.00
0,2025-11-24,11.2,-2.3,8.9,25.6,0.00,0.00,0.0,0.00
0,2025-11-25,8.9,1.2,13.0,23.0,0.60,0.60,5.0,0.00
0,2025-11-26,5.0,0.9,13.4,25.2,1.90,1.90,11.0,0.00
0,2025-11-27,8.6,1.5,27.9,51.8,5.90,5.90,4.0,0.00
0,2025-11-28,10.8,0.0,26.2,51.5,3.70,3.70,5.0,0.00
0,2025-11-29,3.8,-2.6,31.7,62.6,0.00,0.00,0.0,0.00
0,2025-11-30,8.4,-1.6,23.9,47.9,1.60,0.60,2.0,0.70
0,2025-12-01,11.3,-2.4,33.0,66.6,0.10,0.10,1.0,0.00
0,2025-12-02,4.2,-2.1,20.2,38.2,2.50,2.30,4.0,0.14
0,2025-12-03,3.0,-3.6,20.3,39.6,5.90,0.00,17.0,4.13
0,2025-12-04,-3.4,-6.3,27.0,53.6,0.20,0.00,2.0,0.14
0,2025-12-05,0.5,-3.0,21.9,49.0,0.00,0.00,0.0,0.00
0,2025-12-06,5.3,0.0,15.7,31.3,0.00,0.00,0.0,0.00
0,2025-12-07,10.2,-2.1,13.8,29.2,0.10,0.10,1.0,0.00
0,2025-12-08,5.7,-6.5,27.4,54.4,13.40,0.90,10.0,8.75
0,2025-12-09,-1.0,-9.2,14.2,26.6,0.00,0.00,0.0,0.00
0,2025-12-10,-1.8,-7.2,23.7,46.1,0.20,0.00,2.0,0.21
0,2025-12-11,-0.2,-7.6,24.3,46.1,11.80,0.00,24.0,8.26
0,2025-12-12,-6.7,-9.6,26.9,53.3,0.30,0.00,3.0,0.21
0,2025-12-13,-3.3,-10.0,23.3,47.9,0.00,0.00,0.0,0.00
0,2025-12-14,1.4,-6.9,61.2,113.0,42.90,1.10,19.0,29.26
0,2025-12-15,1.3,-5.5,60.9,111.6,5.10,0.30,10.0,3.36
0,2025-12-16,0.6,-7.4,31.3,57.2,0.00,0.00,0.0,0.00
0,2025-12-17,-3.2,-12.8,13.2,24.8,0.00,0.00,0.0,0.00
0,2025-12-18,-3.1,-13.1,15.8,29.2,0.00,0.00,0.0,0.00
0,2025-12-19,4.9,-10.1,25.1,46.8,0.00,0.00,0.0,0.00
0,2025-12-20,6.8,1.7,21.5,41.8,0.50,0.50,3.0,0.00
0,2025-12-21,2.0,-1.0,18.9,36.7,17.80,4.10,21.0,9.59
0,2025-12-22,-0.9,-12.6,20.7,41.8,2.40,0.00,3.0,1.68
0,2025-12-23,1.5,-9.3,16.6,31.7,0.20,0.00,2.0,0.14
0,2025-12-24,4.3,-2.8,16.1,32.0,0.40,0.40,3.0,0.00
0,2025-12-25,1.4,-2.2,24.6,45.0,8.30,0.60,18.0,5.39
0,2025-12-26,-2.1,-9.9,25.1,48.6,4.30,0.00,15.0,3.01
0,2025-12-27,-6.0,-9.9,17.4,32.0,0.00,0.00,0.0,0.00
0,2025-12-28,-2.4,-11.0,17.0,38.9,0.00,0.00,0.0,0.00
0,2025-12-29,2.4,-5.2,18.9,36.0,0.90,0.70,5.0,0.14
0,2025-12-30,2.6,-7.7,19.0,36.4,2.00,0.20,9.0,1.26
0,2025-12-31,-2.6,-15.8,18.2,35.3,0.00,0.00,0.0,0.00
0,2026-01-01,-6.9,-15.5,18.2,33.1,0.00,0.00,0.0,0.00
0,2026-01-02,-0.5,-6.0,18.4,35.3,0.00,0.00,0.0,0.00
0,2026-01-03,-1.8,-13.4,22.5,41.8,0.00,0.00,0.0,0.00
0,2026-01-04,-2.1,-12.9,26.5,49.3,0.00,0.00,0.0,0.00
0,2026-01-05,-4.9,-14.2,11.7,20.9,0.30,0.00,3.0,0.21
0,2026-01-06,-6.1,-17.9,13.8,25.2,0.00,0.00,0.0,0.00
0,2026-01-07,1.2,-12.2,22.3,44.3,4.80,0.00,8.0,3.36
0,2026-01-08,-2.1,-14.2,19.5,35.6,0.20,0.00,2.0,0.14
0,2026-01-09,-4.2,-12.2,13.8,26.6,0.00,0.00,0.0,0.00
0,2026-01-10,3.8,-9.2,28.8,56.2,1.10,0.00,4.0,0.77
0,2026-01-11,4.9,-5.6,30.9,56.5,0.20,0.00,2.0,0.14
0,2026-01-12,-2.9,-11.7,30.8,65.9,0.00,0.00,0.0,0.00
0,2026-01-13,0.6,-9.2,34.0,65.9,5.80,0.00,7.0,4.06
0,2026-01-14,-6.6,-14.3,25.0,51.1,0.10,0.00,1.0,0.07
0,2026-01-15,-3.0,-15.3,14.6,27.4,0.00,0.00,0.0,0.00
0,2026-01-16,-2.1,-12.0,11.2,21.2,0.00,0.00,0.0,0.00
0,2026-01-17,-1.5,-12.1,11.5,21.2,0.70,0.00,2.0,0.49
0,2026-01-18,-3.3,-9.1,22.4,43.9,1.20,0.00,6.0,0.84
0,2026-01-19,-3.6,-9.4,25.6,47.2,4.90,0.10,8.0,3.36
0,2026-01-20,-4.9,-12.7,36.7,72.7,11.10,0.00,7.0,7.77
0,2026-01-21,-4.0,-9.2,18.8,35.6,0.70,0.00,5.0,0.49
0,2026-01-22,-4.4,-11.0,18.6,35.6,1.00,0.00,5.0,0.70
0,2026-01-23,-4.6,-18.2,12.3,22.3,0.00,0.00,0.0,0.00
0,2026-01-24,-5.7,-19.1,12.5,22.0,0.00,0.00,0.0,0.00
0,2026-01-25,-6.3,-11.6,22.2,40.7,3.10,0.00,13.0,2.24
0,2026-01-26,-4.9,-16.6,10.2,25.9,0.10,0.00,1.0,0.07
0,2026-01-27,-3.1,-13.1,23.8,43.2,1.80,0.00,8.0,1.26
0,2026-01-28,-3.3,-9.6,23.6,45.0,4.20,0.00,10.0,2.94
0,2026-01-29,-4.8,-10.2,19.1,36.4,0.20,0.00,2.0,0.14
0,2026-01-30,-2.0,-3.7,25.0,47.2,2.80,0.00,18.0,2.03
0,2026-01-31,-2.6,-5.7,26.4,54.0,3.80,0.00,16.0,2.66
1,2021-01-01,-8.0,-15.2,18.2,39.6,0.00,0.00,0.0,0.00
1,2021-01-02,-5.2,-13.5,24.2,48.6,0.00,0.00,0.0,0.00
1,2021-01-03,-3.0,-9.8,10.5,22.7,0.00,0.00,0.0,0.00
1,2021-01-04,-3.8,-12.1,19.3,36.7,0.00,0.00,0.0,0.00
1,2021-01-05,-4.8,-14.5,13.5,29.5,0.00,0.00,0.0,0.00
1,2021-01-06,-4.5,-14.1,10.8,23.4,0.00,0.00,0.0,0.00
1,2021-01-07,-4.9,-9.2,23.4,43.9,12.90,0.00,23.0,9.03
1,2021-01-08,-4.7,-16.0,21.2,40.3,11.40,0.10,18.0,7.98
1,2021-01-09,-4.9,-21.8,15.3,28.8,0.00,0.00,0.0,0.00
1,2021-01-10,-6.2,-21.6,13.2,23.8,0.00,0.00,0.0,0.00
1,2021-01-11,-7.0,-18.7,13.2,20.9,0.00,0.00,0.0,0.00
1,2021-01-12,-0.4,-12.9,13.5,27.0,0.60,0.00,5.0,0.42
1,2021-01-13,1.4,-11.9,14.4,28.4,2.80,0.00,4.0,1.96
1,2021-01-14,-0.7,-12.5,27.3,53.3,0.70,0.00,5.0,0.49
1,2021-01-15,2.6,-12.3,27.8,54.0,3.80,0.10,9.0,2.59
1,2021-01-16,3.6,-9.4,30.1,55.4,0.50,0.00,5.0,0.35
1,2021-01-17,-8.2,-16.6,12.7,18.4,0.40,0.00,4.0,0.28
1,2021-01-18,-4.5,-15.6,10.5,19.4,1.10,0.00,9.0,0.77
1,2021-01-19,-6.7,-20.2,20.0,41.4,0.40,0.00,4.0,0.28
1,2021-01-20,-6.7,-17.8,20.8,38.5,0.00,0.00,0.0,0.00
1,2021-01-21,-1.1,-10.9,17.6,36.0,0.00,0.00,0.0,0.00
1,2021-01-22,-2.6,-13.3,15.8,29.2,0.40,0.00,4.0,0.28
1,2021-01-23,-5.9,-19.8,12.4,20.2,0.00,0.00,0.0,0.00
1,2021-01-24,-3.5,-16.4,16.1,30.6,0.00,0.00,0.0,0.00
1,2021-01-25,-5.1,-16.9,15.2,27.0,1.30,0.00,11.0,0.91
1,2021-01-26,-2.3,-12.2,13.4,27.7,1.00,0.00,4.0,0.70
1,2021-01-27,2.3,-9.9,16.4,30.6,0.90,0.00,3.0,0.63
1,2021-01-28,-4.2,-11.7,11.0,20.5,0.20,0.00,2.0,0.14
1,2021-01-29,-3.1,-6.9,16.3,32.8,20.50,0.00,24.0,14.35
1,2021-01-30,-2.8,-8.0,21.9,38.9,7.50,0.00,24.0,5.25
1,2021-01-31,-5.5,-12.7,16.9,32.0,0.70,0.00,5.0,0.49
1,2021-02-01,1.2,-8.8,33.8,59.8,0.50,0.20,5.0,0.21
1,2021-02-02,1.4,-18.0,28.2,50.8,1.10,0.00,5.0,0.77
1,2021-02-03,-11.7,-21.2,16.6,29.9,0.60,0.10,6.0,0.42
1,2021-02-04,-7.8,-20.7,14.2,23.8,0.40,0.00,4.0,0.28
1,2021-02-05,-4.5,-12.4,16.6,28.8,0.20,0.00,2.0,0.21
1,2021-02-06,-0.2,-7.7,14.8,24.8,1.30,0.00,12.0,0.91
1,2021-02-07,-7.5,-20.3,14.3,23.8,2.00,0.20,13.0,1.33
1,2021-02-08,-8.1,-17.3,15.4,26.3,0.20,0.00,2.0,0.14
1,2021-02-09,-5.6,-17.7,19.6,34.6,0.00,0.00,0.0,0.00
1,2021-02-10,-3.6,-14.0,15.2,25.6,0.10,0.00,1.0,0.07
1,2021-02-11,-2.5,-8.0,19.0,33.1,0.20,0.00,2.0,0.14
1,2021-02-12,-1.8,-12.5,13.9,23.8,0.00,0.00,0.0,0.00
1,2021-02-13,2.0,-8.7,12.5,18.4,0.00,0.00,0.0,0.00
1,2021-02-14,5.4,-2.3,8.5,13.7,0.00,0.00,0.0,0.00
1,2021-02-15,3.5,-0.7,33.3,68.8,33.10,24.50,20.0,6.02
1,2021-02-16,4.1,-8.1,31.6,54.4,0.70,0.30,6.0,0.28
1,2021-02-17,-2.8,-9.1,31.9,54.4,0.10,0.00,1.0,0.07
1,2021-02-18,-2.9,-5.5,20.8,36.0,3.80,0.10,18.0,2.59
1,2021-02-19,0.4,-6.3,15.0,28.1,0.10,0.00,1.0,0.07
1,2021-02-20,5.3,-6.2,24.5,45.7,1.20,0.80,7.0,0.28
1,2021-02-21,-1.2,-12.9,19.5,40.0,0.70,0.00,5.0,0.49
1,2021-02-22,-0.6,-6.1,12.1,20.2,6.00,0.00,12.0,4.20
1,2021-02-23,-1.3,-8.4,18.9,32.8,2.30,0.00,14.0,1.61
1,2021-02-24,-5.3,-16.3,12.2,20.9,0.20,0.00,2.0,0.14
1,2021-02-25,-5.0,-17.8,15.9,25.9,0.00,0.00,0.0,0.00
1,2021-02-26,-5.1,-13.9,13.9,24.1,0.70,0.00,7.0,0.49
1,2021-02-27,-5.8,-14.3,24.0,41.0,0.60,0.00,4.0,0.42
1,2021-02-28,4.1,-8.2,13.0,22.3,0.00,0.00,0.0,0.00
1,2021-03-01,5.5,-5.3,20.4,36.7,16.00,0.00,19.0,11.20
1,2021-03-02,-4.1,-8.9,26.0,45.4,22.80,0.10,21.0,15.89
1,2021-03-03,-5.5,-15.1,22.1,37.1,0.10,0.00,1.0,0.07
1,2021-03-04,2.2,-5.2,28.2,47.9,0.00,0.00,0.0,0.00
1,2021-03-05,7.7,-2.9,25.5,46.1,1.00,0.30,5.0,0.49
1,2021-03-06,-3.8,-13.6,23.4,39.2,2.60,0.10,15.0,1.75
1,2021-03-07,-3.0,-11.9,16.1,26.3,0.00,0.00,0.0,0.00
1,2021-03-08,-0.3,-13.1,16.3,27.7,0.00,0.00,0.0,0.00
1,2021-03-09,2.0,-4.6,22.4,38.2,0.30,0.00,3.0,0.21
1,2021-03-10,1.6,-7.6,36.7,65.9,2.00,0.10,9.0,1.33
1,2021-03-11,4.4,-4.9,14.8,25.2,0.00,0.00,0.0,0.00
1,2021-03-12,4.8,-8.5,18.1,31.3,0.00,0.00,0.0,0.00
1,2021-03-13,4.5,-3.7,17.4,31.3,0.00,0.00,0.0,0.00
1,2021-03-14,3.1,-0.8,21.6,37.1,1.00,0.00,4.0,0.70
1,2021-03-15,3.5,-2.6,23.2,40.3,0.00,0.00,0.0,0.00
1,2021-03-16,7.8,-2.4,12.3,22.7,0.00,0.00,0.0,0.00
1,2021-03-17,4.6,-0.7,19.2,34.6,1.80,0.10,10.0,1.19
1,2021-03-18,1.4,-3.3,21.1,35.6,0.00,0.00,0.0,0.00
1,2021-03-19,1.1,-5.2,20.8,34.9,0.00,0.00,0.0,0.00
1,2021-03-20,-0.3,-4.6,13.1,23.0,1.20,0.00,7.0,0.84
1,2021-03-21,4.2,-1.9,24.4,42.1,7.40,5.80,18.0,1.12
1,2021-03-22,6.0,-4.9,26.4,45.4,0.00,0.00,0.0,0.00
1,2021-03-23,5.0,-1.7,23.8,44.3,0.00,0.00,0.0,0.00
1,2021-03-24,9.0,-3.9,15.2,30.2,0.00,0.00,0.0,0.00
1,2021-03-25,8.8,0.1,16.0,29.5,2.60,2.10,12.0,0.35
1,2021-03-26,0.4,-5.4,21.5,40.3,0.90,0.00,7.0,0.63
1,2021-03-27,4.0,-1.3,16.4,32.4,0.00,0.00,0.0,0.00
1,2021-03-28,12.1,3.9,19.1,38.2,2.80,2.80,10.0,0.00
1,2021-03-29,12.6,4.3,22.0,44.6,0.90,0.90,2.0,0.00
1,2021-03-30,13.9,0.5,15.2,33.8,0.00,0.00,0.0,0.00
1,2021-03-31,12.5,1.1,18.7,38.9,0.00,0.00,0.0,0.00
1,2021-04-01,8.6,-3.1,12.7,29.5,0.40,0.40,2.0,0.00
1,2021-04-02,13.8,4.3,27.6,52.9,0.00,0.00,0.0,0.00
1,2021-04-03,10.7,3.6,25.9,49.0,6.00,6.00,14.0,0.00
1,2021-04-04,4.6,0.2,14.4,29.2,6.70,5.00,18.0,1.19
1,2021-04-05,5.1,-4.4,19.7,40.7,0.00,0.00,0.0,0.00
1,2021-04-06,10.2,-2.4,22.7,44.6,0.00,0.00,0.0,0.00
1,2021-04-07,9.5,-3.2,18.5,38.5,0.00,0.00,0.0,0.00
1,2021-04-08,5.7,-5.7,22.8,45.7,0.20,0.20,2.0,0.00
1,2021-04-09,3.7,-3.9,23.1,45.0,1.70,0.00,11.0,1.19
1,2021-04-10,8.7,-3.9,20.6,42.8,0.00,0.00,0.0,0.00
1,2021-04-11,13.8,-1.2,12.6,24.8,0.00,0.00,0.0,0.00
1,2021-04-12,18.2,7.9,29.3,55.4,0.00,0.00,0.0,0.00
1,2021-04-13,14.1,7.8,40.0,77.8,2.50,2.50,11.0,0.00
1,2021-04-14,8.6,-3.6,21.9,43.6,0.00,0.00,0.0,0.00
1,2021-04-15,8.2,-2.1,24.7,50.0,0.40,0.00,2.0,0.28
1,2021-04-16,14.0,6.4,27.0,51.5,0.00,0.00,0.0,0.00
1,2021-04-17,12.4,6.3,31.5,63.4,12.60,12.60,20.0,0.00
1,2021-04-18,8.2,3.4,24.4,76.3,11.30,11.30,14.0,0.00
1,2021-04-19,12.3,3.3,27.1,59.8,0.00,0.00,0.0,0.00
1,2021-04-20,17.5,-1.2,32.3,69.1,0.20,0.20,1.0,0.00
1,2021-04-21,8.6,-0.2,34.9,66.2,7.00,2.30,12.0,3.29
1,2021-04-22,5.0,-0.3,31.1,64.8,0.00,0.00,0.0,0.00
1,2021-04-23,11.8,3.9,16.7,29.2,0.00,0.00,0.0,0.00
1,2021-04-24,19.5,0.3,17.3,37.4,11.20,3.70,11.0,5.25
1,2021-04-25,2.1,-3.1,16.9,33.8,1.50,0.00,9.0,1.05
1,2021-04-26,5.6,-3.5,16.9,36.4,0.20,0.00,2.0,0.14
1,2021-04-27,12.7,0.2,18.5,38.2,0.10,0.10,1.0,0.00
1,2021-04-28,16.4,6.2,19.6,37.4,0.00,0.00,0.0,0.00
1,2021-04-29,16.7,5.9,21.3,40.0,14.70,14.70,14.0,0.00
1,2021-04-30,5.2,1.5,37.7,70.2,44.40,32.50,21.0,8.33
1,2021-05-01,8.5,-0.3,27.0,52.6,0.00,0.00,0.0,0.00
1,2021-05-02,5.6,0.1,19.2,37.1,0.20,0.20,2.0,0.00
1,2021-05-03,6.7,2.5,23.9,47.9,3.40,3.40,19.0,0.00
1,2021-05-04,7.7,0.8,26.4,50.4,0.00,0.00,0.0,0.00
1,2021-05-05,15.2,6.2,23.8,48.2,1.20,1.20,2.0,0.00
1,2021-05-06,18.2,8.9,23.8,46.4,0.10,0.10,1.0,0.00
1,2021-05-07,22.5,10.4,26.3,49.7,0.60,0.60,1.0,0.00
1,2021-05-08,19.8,5.1,20.3,44.6,0.40,0.40,4.0,0.00
1,2021-05-09,18.6,3.9,14.5,28.8,4.50,4.50,9.0,0.00
1,2021-05-10,9.5,2.8,23.9,45.7,3.10,3.10,18.0,0.00
1,2021-05-11,4.3,2.1,22.1,45.0,0.00,0.00,0.0,0.00
1,2021-05-12,12.1,5.1,20.0,38.2,0.00,0.00,0.0,0.00
1,2021-05-13,14.0,4.6,22.2,44.6,0.00,0.00,0.0,0.00
1,2021-05-14,17.8,4.6,13.2,32.0,0.10,0.10,1.0,0.00
1,2021-05-15,18.8,8.5,28.5,55.1,0.00,0.00,0.0,0.00
1,2021-05-16,14.9,11.9,26.5,50.8,29.00,29.00,20.0,0.00
1,2021-05-17,15.3,8.8,17.8,35.6,3.80,3.80,5.0,0.00
1,2021-05-18,19.0,9.7,14.5,29.5,0.00,0.00,0.0,0.00
1,2021-05-19,20.8,9.2,20.5,39.2,0.00,0.00,0.0,0.00
1,2021-05-20,21.4,14.1,15.5,29.5,0.00,0.00,0.0,0.00
1,2021-05-21,20.7,11.2,17.0,34.9,0.60,0.60,5.0,0.00
1,2021-05-22,16.3,9.5,11.7,23.8,2.40,2.40,10.0,0.00
1,2021-05-23,11.9,7.2,12.6,25.2,4.20,4.20,14.0,0.00
1,2021-05-24,15.5,6.2,17.4,34.9,0.40,0.40,4.0,0.00
1,2021-05-25,18.0,5.0,17.9,46.4,7.70,7.70,5.0,0.00
1,2021-05-26,17.1,5.2,22.5,54.0,0.40,0.40,1.0,0.00
1,2021-05-27,16.8,10.0,10.7,22.0,7.70,7.70,10.0,0.00
1,2021-05-28,14.3,8.7,19.1,38.2,3.20,3.20,7.0,0.00
1,2021-05-29,13.5,6.0,16.6,35.3,12.30,12.30,6.0,0.00
1,2021-05-30,12.5,4.2,22.3,42.5,8.80,8.80,17.0,0.00
1,2021-05-31,9.2,4.0,27.5,53.6,0.00,0.00,0.0,0.00
1,2021-06-01,14.9,5.2,15.1,32.8,0.00,0.00,0.0,0.00
1,2021-06-02,18.2,10.1,11.3,25.2,0.30,0.30,2.0,0.00
1,2021-06-03,22.0,13.8,35.1,66.6,0.10,0.10,1.0,0.00
1,2021-06-04,17.4,11.1,34.6,68.0,21.80,21.80,14.0,0.00
1,2021-06-05,25.0,14.0,22.0,42.1,0.20,0.20,1.0,0.00
1,2021-06-06,24.3,11.6,22.3,43.2,0.40,0.40,3.0,0.00
1,2021-06-07,20.2,11.0,13.0,41.8,1.60,1.60,7.0,0.00
1,2021-06-08,17.2,5.8,16.6,42.5,3.40,3.40,6.0,0.00
1,2021-06-09,19.8,9.9,11.6,25.9,0.00,0.00,0.0,0.00
1,2021-06-10,26.4,14.0,9.9,19.8,0.00,0.00,0.0,0.00
1,2021-06-11,28.7,18.3,21.1,38.5,0.00,0.00,0.0,0.00
1,2021-06-12,23.2,16.1,25.8,51.5,0.00,0.00,0.0,0.00
1,2021-06-13,26.1,13.4,13.0,32.8,2.80,2.80,7.0,0.00
1,2021-06-14,17.7,9.6,14.8,31.3,2.00,2.00,11.0,0.00
1,2021-06-15,15.4,8.3,13.3,27.4,0.00,0.00,0.0,0.00
1,2021-06-16,21.4,10.4,15.5,32.0,0.00,0.00,0.0,0.00
1,2021-06-17,22.5,10.7,13.2,27.7,0.00,0.00,0.0,0.00
1,2021-06-18,20.7,8.9,15.3,31.7,0.00,0.00,0.0,0.00
1,2021-06-19,16.3,9.6,16.3,33.1,1.20,1.20,3.0,0.00
1,2021-06-20,12.5,9.6,10.4,28.8,30.10,30.10,22.0,0.00
1,2021-06-21,17.1,6.9,10.5,24.5,0.10,0.10,1.0,0.00
1,2021-06-22,22.2,10.3,12.0,25.9,0.00,0.00,0.0,0.00
1,2021-06-23,24.5,12.9,14.4,26.6,0.10,0.10,1.0,0.00
1,2021-06-24,21.6,12.9,15.3,30.2,0.00,0.00,0.0,0.00
1,2021-06-25,23.4,13.0,15.6,32.4,0.80,0.80,3.0,0.00
1,2021-06-26,27.9,13.1,15.1,29.5,0.40,0.40,1.0,0.00
1,2021-06-27,27.1,14.5,14.9,27.7,4.10,4.10,2.0,0.00
1,2021-06-28,23.4,12.9,14.1,30.6,0.00,0.00,0.0,0.00
1,2021-06-29,25.5,14.2,16.5,30.6,0.20,0.20,2.0,0.00
1,2021-06-30,21.1,13.6,16.6,33.1,0.00,0.00,0.0,0.00
1,2021-07-01,22.0,14.8,25.8,49.7,0.10,0.10,1.0,0.00
1,2021-07-02,24.3,13.1,13.8,31.7,0.00,0.00,0.0,0.00
1,2021-07-03,22.4,13.2,15.3,33.5,0.00,0.00,0.0,0.00
1,2021-07-04,24.4,13.8,21.1,41.4,0.60,0.60,2.0,0.00
1,2021-07-05,18.1,14.4,25.3,48.6,9.10,9.10,16.0,0.00
1,2021-07-06,22.2,14.9,18.4,37.8,0.00,0.00,0.0,0.00
1,2021-07-07,21.6,15.5,15.3,31.0,2.00,2.00,7.0,0.00
1,2021-07-08,22.1,15.5,18.1,35.3,0.00,0.00,0.0,0.00
1,2021-07-09,23.9,14.8,17.8,35.6,0.00,0.00,0.0,0.00
1,2021-07-10,23.6,15.9,21.7,42.1,0.20,0.20,2.0,0.00
1,2021-07-11,24.3,16.5,17.0,32.0,0.30,0.30,3.0,0.00
1,2021-07-12,25.3,18.2,14.6,28.1,0.90,0.90,6.0,0.00
1,2021-07-13,25.3,16.6,14.8,27.0,1.70,1.70,7.0,0.00
1,2021-07-14,28.2,15.8,15.8,30.2,0.00,0.00,0.0,0.00
1,2021-07-15,28.9,17.5,12.9,28.4,0.00,0.00,0.0,0.00
1,2021-07-16,30.2,19.6,14.1,28.4,0.00,0.00,0.0,0.00
1,2021-07-17,32.3,19.5,15.9,34.2,0.00,0.00,0.0,0.00
1,2021-07-18,34.0,21.8,14.7,32.4,0.00,0.00,0.0,0.00
1,2021-07-19,31.0,22.6,12.1,27.0,3.70,3.70,5.0,0.00
1,2021-07-20,28.1,18.4,14.0,31.0,0.00,0.00,0.0,0.00
1,2021-07-21,26.9,16.0,13.4,28.4,0.00,0.00,0.0,0.00
1,2021-07-22,29.4,18.8,13.1,24.8,0.00,0.00,0.0,0.00
1,2021-07-23,31.5,19.6,15.8,29.5,0.00,0.00,0.0,0.00
1,2021-07-24,31.2,21.2,14.2,27.4,0.50,0.50,4.0,0.00
1,2021-07-25,32.2,19.4,14.8,27.4,0.00,0.00,0.0,0.00
1,2021-07-26,30.4,19.3,15.1,29.2,0.00,0.00,0.0,0.00
1,2021-07-27,28.7,21.1,16.6,31.7,0.10,0.10,1.0,0.00
1,2021-07-28,32.5,22.0,22.3,43.2,0.00,0.00,0.0,0.00
1,2021-07-29,30.5,21.0,25.9,51.5,0.00,0.00,0.0,0.00
1,2021-07-30,30.4,20.7,21.9,46.1,0.00,0.00,0.0,0.00
1,2021-07-31,30.8,20.8,13.4,30.6,0.80,0.80,5.0,0.00
1,2021-08-01,22.0,19.6,12.0,25.9,12.60,12.60,18.0,0.00
1,2021-08-02,28.8,21.2,10.9,20.5,0.00,0.00,0.0,0.00
1,2021-08-03,30.5,21.7,11.7,26.3,0.00,0.00,0.0,0.00
1,2021-08-04,29.3,21.3,10.9,33.8,11.00,11.00,13.0,0.00
1,2021-08-05,31.1,21.7,11.2,33.1,2.00,2.00,9.0,0.00
1,2021-08-06,30.8,22.8,14.8,29.9,0.20,0.20,2.0,0.00
1,2021-08-07,31.7,20.6,11.4,21.6,3.00,3.00,16.0,0.00
1,2021-08-08,22.0,16.4,15.3,30.6,2.10,2.10,13.0,0.00
1,2021-08-09,19.5,14.6,17.1,34.2,16.10,16.10,19.0,0.00
1,2021-08-10,14.5,12.5,24.2,46.4,55.90,55.90,24.0,0.00
1,2021-08-11,16.1,9.1,20.8,43.6,0.20,0.20,2.0,0.00
1,2021-08-12,19.5,9.4,14.1,29.5,0.10,0.10,1.0,0.00
1,2021-08-13,19.6,11.8,12.2,26.3,0.00,0.00,0.0,0.00
1,2021-08-14,18.8,9.1,14.3,31.0,0.00,0.00,0.0,0.00
1,2021-08-15,20.0,12.2,11.6,24.1,0.00,0.00,0.0,0.00
1,2021-08-16,19.9,14.3,17.0,34.6,0.00,0.00,0.0,0.00
1,2021-08-17,22.1,14.8,15.4,28.8,0.00,0.00,0.0,0.00
1,2021-08-18,17.5,14.8,14.4,28.1,18.60,18.60,17.0,0.00
1,2021-08-19,19.9,11.0,18.2,35.6,0.00,0.00,0.0,0.00
1,2021-08-20,25.3,12.9,11.8,23.0,0.00,0.00,0.0,0.00
1,2021-08-21,26.7,15.2,16.8,33.1,0.00,0.00,0.0,0.00
1,2021-08-22,24.3,15.6,23.0,44.6,0.40,0.40,4.0,0.00
1,2021-08-23,20.5,15.7,16.8,34.2,50.30,50.30,19.0,0.00
1,2021-08-24,21.6,16.0,18.1,35.6,0.50,0.50,5.0,0.00
1,2021-08-25,19.9,16.8,14.4,31.0,16.40,16.40,22.0,0.00
1,2021-08-26,27.5,17.2,21.3,41.8,0.80,0.80,4.0,0.00
1,2021-08-27,26.3,19.4,13.4,30.2,1.20,1.20,6.0,0.00
1,2021-08-28,28.7,15.6,8.5,26.3,0.60,0.60,5.0,0.00
1,2021-08-29,27.0,17.2,15.2,31.0,0.30,0.30,3.0,0.00
1,2021-08-30,26.3,15.5,15.9,34.6,0.60,0.60,4.0,0.00
1,2021-08-31,21.7,12.9,21.4,44.6,0.70,0.70,3.0,0.00
1,2021-09-01,21.0,13.5,18.4,41.8,1.60,1.60,5.0,0.00
1,2021-09-02,19.4,12.7,11.0,25.2,1.70,1.70,11.0,0.00
1,2021-09-03,22.1,13.3,8.4,19.8,1.10,1.10,6.0,0.00
1,2021-09-04,21.9,14.4,11.2,22.7,3.70,3.70,16.0,0.00
1,2021-09-05,19.9,10.7,14.3,29.9,0.80,0.80,6.0,0.00
1,2021-09-06,20.3,9.2,11.2,25.6,0.00,0.00,0.0,0.00
1,2021-09-07,20.9,14.8,15.2,28.8,0.40,0.40,2.0,0.00
1,2021-09-08,20.2,13.7,22.1,41.8,0.40,0.40,3.0,0.00
1,2021-09-09,21.5,13.1,18.4,36.4,0.00,0.00,0.0,0.00
1,2021-09-10,21.4,14.2,10.4,23.0,0.70,0.70,5.0,0.00
1,2021-09-11,24.6,15.4,26.1,48.6,0.00,0.00,0.0,0.00
1,2021-09-12,22.0,12.2,27.9,53.6,2.00,2.00,4.0,0.00
1,2021-09-13,15.0,10.3,28.9,58.0,2.70,2.70,7.0,0.00
1,2021-09-14,16.4,7.8,19.5,39.6,0.00,0.00,0.0,0.00
1,2021-09-15,17.2,6.0,12.5,27.0,0.00,0.00,0.0,0.00
1,2021-09-16,18.1,11.7,21.2,40.3,0.00,0.00,0.0,0.00
1,2021-09-17,18.8,13.0,22.9,45.4,3.10,3.10,5.0,0.00
1,2021-09-18,17.3,10.2,16.5,33.5,24.90,24.90,13.0,0.00
1,2021-09-19,20.2,8.3,21.0,39.6,0.00,0.00,0.0,0.00
1,2021-09-20,18.2,9.2,14.8,30.2,0.10,0.10,1.0,0.00
1,2021-09-21,20.9,14.1,27.9,50.8,0.00,0.00,0.0,0.00
1,2021-09-22,23.1,16.8,27.0,54.0,1.70,1.70,5.0,0.00
1,2021-09-23,20.9,11.5,16.2,32.4,30.10,30.10,23.0,0.00
1,2021-09-24,14.1,9.1,20.5,40.7,0.40,0.40,2.0,0.00
1,2021-09-25,16.1,5.8,21.7,42.8,0.10,0.10,1.0,0.00
1,2021-09-26,18.5,9.2,9.8,18.7,0.00,0.00,0.0,0.00
1,2021-09-27,19.7,9.5,17.9,34.6,0.00,0.00,0.0,0.00
1,2021-09-28,18.7,11.7,20.2,39.6,0.00,0.00,0.0,0.00
1,2021-09-29,19.7,14.8,20.2,40.0,9.50,9.50,7.0,0.00
1,2021-09-30,19.2,12.2,28.6,55.1,11.70,11.70,9.0,0.00
1,2021-10-01,21.7,13.4,14.0,27.0,14.80,14.80,15.0,0.00
1,2021-10-02,16.4,10.6,16.4,32.0,2.70,2.70,8.0,0.00
1,2021-10-03,18.1,9.9,28.2,53.6,0.30,0.30,3.0,0.00
1,2021-10-04,22.5,10.3,27.9,54.7,18.00,18.00,16.0,0.00
1,2021-10-05,13.4,8.7,9.9,21.6,1.30,1.30,6.0,0.00
1,2021-10-06,14.8,3.5,15.3,32.4,0.80,0.80,5.0,0.00
1,2021-10-07,14.3,9.4,12.3,24.5,0.00,0.00,0.0,0.00
1,2021-10-08,17.3,5.7,12.2,23.0,0.00,0.00,0.0,0.00
1,2021-10-09,19.2,7.7,20.2,38.5,0.00,0.00,0.0,0.00
1,2021-10-10,19.4,14.5,33.4,64.1,13.10,13.10,13.0,0.00
1,2021-10-11,15.1,5.4,19.6,37.1,1.90,1.90,4.0,0.00
1,2021-10-12,14.5,6.2,12.5,25.2,0.00,0.00,0.0,0.00
1,2021-10-13,16.6,5.1,11.7,23.8,0.00,0.00,0.0,0.00
1,2021-10-14,16.9,11.2,16.8,32.4,0.00,0.00,0.0,0.00
1,2021-10-15,18.1,7.1,17.8,35.6,1.00,1.00,5.0,0.00
1,2021-10-16,12.4,5.1,24.5,47.5,11.80,11.80,12.0,0.00
1,2021-10-17,7.9,-0.9,20.9,40.7,0.10,0.10,1.0,0.00
1,2021-10-18,9.1,-0.3,11.2,20.9,0.00,0.00,0.0,0.00
1,2021-10-19,12.3,6.6,25.9,48.6,1.30,1.30,8.0,0.00
1,2021-10-20,10.4,7.2,18.1,33.1,10.60,10.60,24.0,0.00
1,2021-10-21,9.2,4.1,17.0,31.0,28.60,28.60,21.0,0.00
1,2021-10-22,7.8,-0.7,10.2,20.2,0.40,0.40,3.0,0.00
1,2021-10-23,8.3,-1.0,18.5,34.9,1.80,1.80,5.0,0.00
1,2021-10-24,15.1,1.9,13.3,27.0,0.00,0.00,0.0,0.00
1,2021-10-25,15.6,3.4,11.3,21.6,0.00,0.00,0.0,0.00
1,2021-10-26,15.6,3.6,13.2,25.2,4.00,4.00,2.0,0.00
1,2021-10-27,15.4,6.5,13.4,27.0,2.60,2.60,5.0,0.00
1,2021-10-28,15.8,4.7,23.4,45.4,8.70,8.70,10.0,0.00
1,2021-10-29,8.2,4.2,28.2,52.9,0.40,0.40,3.0,0.00
1,2021-10-30,9.9,2.1,9.3,20.5,0.00,0.00,0.0,0.00
1,2021-10-31,11.6,1.2,6.5,14.4,0.00,0.00,0.0,0.00
1,2021-11-01,8.1,4.7,15.4,29.5,1.50,1.50,9.0,0.00
1,2021-11-02,10.0,2.6,15.2,29.9,1.70,1.70,9.0,0.00
1,2021-11-03,8.3,6.3,11.8,22.3,25.00,25.00,24.0,0.00
1,2021-11-04,8.9,7.0,13.2,25.6,4.50,4.50,20.0,0.00
1,2021-11-05,8.8,2.5,11.2,22.7,1.70,1.70,7.0,0.00
1,2021-11-06,10.2,3.6,13.8,25.6,0.80,0.80,1.0,0.00
1,2021-11-07,8.3,-0.8,17.1,34.9,1.30,1.30,3.0,0.00
1,2021-11-08,11.5,6.0,20.9,40.0,0.00,0.00,0.0,0.00
1,2021-11-09,14.0,11.7,25.2,48.2,59.20,59.20,16.0,0.00
1,2021-11-10,13.0,3.7,27.7,51.1,9.10,9.10,4.0,0.00
1,2021-11-11,11.7,3.3,25.3,50.4,0.00,0.00,0.0,0.00
1,2021-11-12,12.2,1.1,18.7,35.3,0.10,0.10,1.0,0.00
1,2021-11-13,9.3,1.2,17.6,30.6,0.10,0.10,1.0,0.00
1,2021-11-14,10.8,2.4,17.3,33.8,0.30,0.30,3.0,0.00
1,2021-11-15,8.3,-3.0,15.8,30.6,0.50,0.50,3.0,0.00
1,2021-11-16,5.7,-2.7,16.3,31.3,0.00,0.00,0.0,0.00
1,2021-11-17,6.8,-3.4,20.3,37.4,0.50,0.30,3.0,0.14
1,2021-11-18,9.9,1.6,18.7,34.6,0.50,0.50,1.0,0.00
1,2021-11-19,11.6,0.9,29.2,55.4,3.90,3.90,4.0,0.00
1,2021-11-20,5.0,-2.4,23.5,44.3,0.20,0.00,2.0,0.14
1,2021-11-21,4.2,-3.0,6.6,16.6,0.20,0.00,1.0,0.14
1,2021-11-22,9.3,2.3,23.9,47.9,26.90,26.90,17.0,0.00
1,2021-11-23,6.7,-2.0,20.1,38.5,0.00,0.00,0.0,0.00
1,2021-11-24,4.7,-4.2,20.1,37.8,0.20,0.00,2.0,0.14
1,2021-11-25,4.4,-5.4,17.5,28.4,0.00,0.00,0.0,0.00
1,2021-11-26,3.9,-3.6,24.3,48.6,1.20,0.00,6.0,0.84
1,2021-11-27,2.8,-0.7,27.2,51.8,4.10,0.40,18.0,2.59
1,2021-11-28,4.5,-3.5,21.0,38.9,0.00,0.00,0.0,0.00
1,2021-11-29,8.6,1.8,20.8,41.4,1.20,1.20,7.0,0.00
1,2021-11-30,12.1,1.4,48.0,89.6,2.60,2.60,5.0,0.00
1,2021-12-01,12.4,-1.9,45.9,94.7,18.80,18.80,8.0,0.00
1,2021-12-02,5.1,-3.7,23.5,46.1,0.10,0.10,1.0,0.00
1,2021-12-03,8.9,0.8,28.8,57.6,0.10,0.10,1.0,0.00
1,2021-12-04,4.8,-4.8,16.9,31.7,0.40,0.00,3.0,0.28
1,2021-12-05,1.0,-4.6,15.7,31.0,0.00,0.00,0.0,0.00
1,2021-12-06,7.7,0.3,14.5,26.3,0.00,0.00,0.0,0.00
1,2021-12-07,7.8,-1.8,15.8,30.6,0.00,0.00,0.0,0.00
1,2021-12-08,3.2,-5.5,12.3,25.2,0.00,0.00,0.0,0.00
1,2021-12-09,6.7,-3.2,12.5,20.5,0.00,0.00,0.0,0.00
1,2021-12-10,7.6,-3.4,10.9,20.9,0.00,0.00,0.0,0.00
1,2021-12-11,6.5,-2.2,9.9,18.7,0.00,0.00,0.0,0.00
1,2021-12-12,7.6,-2.4,25.2,47.5,0.70,0.50,4.0,0.14
1,2021-12-13,-0.3,-4.8,31.8,63.7,0.20,0.00,2.0,0.14
1,2021-12-14,2.7,-3.8,16.6,32.4,0.00,0.00,0.0,0.00
1,2021-12-15,2.7,-4.7,17.0,34.9,0.60,0.60,4.0,0.00
1,2021-12-16,3.2,-4.8,7.5,15.8,0.30,0.00,3.0,0.21
1,2021-12-17,-1.3,-8.3,20.6,37.8,6.50,0.10,19.0,4.55
1,2021-12-18,-5.5,-16.7,23.5,45.7,0.50,0.00,4.0,0.35
1,2021-12-19,-4.0,-12.0,11.8,19.4,0.00,0.00,0.0,0.00
1,2021-12-20,1.1,-6.5,12.8,23.8,1.60,0.00,1.0,1.12
1,2021-12-21,4.8,-5.5,15.1,29.2,1.20,0.00,4.0,0.84
1,2021-12-22,1.3,-10.4,29.9,56.2,9.90,0.00,8.0,6.93
1,2021-12-23,-1.8,-17.0,13.9,27.4,0.00,0.00,0.0,0.00
1,2021-12-24,-5.3,-17.9,12.4,24.1,0.00,0.00,0.0,0.00
1,2021-12-25,-6.0,-14.0,20.1,38.5,0.20,0.00,2.0,0.14
1,2021-12-26,-6.8,-11.1,21.7,41.0,0.10,0.00,1.0,0.07
1,2021-12-27,-4.4,-9.6,23.2,44.3,0.00,0.00,0.0,0.00
1,2021-12-28,-1.6,-9.0,15.2,27.0,0.00,0.00,0.0,0.00
1,2021-12-29,-0.6,-6.2,16.1,32.0,0.40,0.00,1.0,0.28
1,2021-12-30,0.8,-10.8,17.8,32.8,1.60,0.00,7.0,1.12
1,2021-12-31,-3.4,-18.9,29.5,54.0,0.40,0.00,3.0,0.35
1,2022-01-01,-8.2,-18.4,14.3,28.4,0.00,0.00,0.0,0.00
1,2022-01-02,0.1,-12.6,24.2,46.1,1.30,0.00,3.0,0.91
1,2022-01-03,-7.4,-17.7,28.4,54.0,0.20,0.00,2.0,0.14
1,2022-01-04,-5.9,-8.9,31.9,62.3,3.40,0.00,16.0,2.45
1,2022-01-05,-5.3,-12.4,26.3,49.0,1.00,0.00,6.0,0.70
1,2022-01-06,-5.6,-11.9,15.8,29.5,0.00,0.00,0.0,0.00
1,2022-01-07,-6.1,-18.1,11.4,19.1,0.00,0.00,0.0,0.00
1,2022-01-08,-1.4,-9.4,14.5,27.7,0.50,0.00,5.0,0.35
1,2022-01-09,-3.8,-17.8,16.0,29.2,1.00,0.00,6.0,0.70
1,2022-01-10,-1.7,-16.5,12.5,19.4,0.00,0.00,0.0,0.00
1,2022-01-11,1.4,-11.9,32.8,57.6,30.50,0.10,17.0,21.28
1,2022-01-12,0.9,-2.2,29.1,50.0,7.80,0.10,20.0,5.39
1,2022-01-13,0.7,-2.7,26.8,46.1,1.10,0.00,9.0,0.77
1,2022-01-14,-0.3,-2.1,29.3,51.8,12.80,0.00,20.0,8.96
1,2022-01-15,-0.8,-3.1,28.3,51.1,0.70,0.00,7.0,0.56
1,2022-01-16,-1.8,-6.4,7.5,12.6,2.40,0.10,7.0,1.61
1,2022-01-17,-2.0,-4.3,15.5,29.9,10.70,0.10,24.0,7.42
1,2022-01-18,-2.8,-4.6,21.9,37.1,10.70,0.00,20.0,7.49
1,2022-01-19,-4.0,-17.1,18.3,30.6,0.10,0.00,1.0,0.07
1,2022-01-20,-4.9,-13.8,19.8,32.8,3.70,0.00,12.0,2.59
1,2022-01-21,-4.1,-5.9,22.9,39.2,3.10,0.00,23.0,2.17
1,2022-01-22,-4.0,-17.1,19.9,32.0,0.20,0.00,1.0,0.14
1,2022-01-23,-4.7,-19.0,10.8,17.3,0.00,0.00,0.0,0.00
1,2022-01-24,-6.4,-15.3,13.4,22.0,0.30,0.00,3.0,0.21
1,2022-01-25,-6.1,-15.8,13.9,22.0,0.00,0.00,0.0,0.00
1,2022-01-26,-6.0,-12.5,9.1,14.4,0.90,0.00,9.0,0.70
1,2022-01-27,-5.3,-14.0,14.4,24.1,0.20,0.00,2.0,0.14
1,2022-01-28,-8.1,-18.2,13.9,22.3,0.10,0.00,1.0,0.07
1,2022-01-29,-4.9,-20.6,11.9,20.5,0.20,0.00,1.0,0.14
1,2022-01-30,-8.2,-23.6,12.6,20.5,0.00,0.00,0.0,0.00
1,2022-01-31,-9.5,-17.6,18.1,31.3,0.00,0.00,0.0,0.00
1,2022-02-01,-3.3,-12.6,17.4,32.0,0.00,0.00,0.0,0.00
1,2022-02-02,-3.3,-10.0,19.1,31.3,1.10,0.00,11.0,0.77
1,2022-02-03,-4.8,-16.2,10.3,16.9,0.80,0.00,7.0,0.56
1,2022-02-04,-3.8,-16.0,11.7,19.1,1.80,0.00,10.0,1.26
1,2022-02-05,-4.2,-10.5,15.3,24.8,0.00,0.00,0.0,0.00
1,2022-02-06,-4.2,-8.9,20.6,35.6,0.10,0.00,1.0,0.07
1,2022-02-07,-2.9,-13.7,18.2,29.9,0.40,0.00,4.0,0.28
1,2022-02-08,-1.8,-9.2,9.5,17.6,1.60,0.00,10.0,1.12
1,2022-02-09,-3.5,-20.2,15.2,24.5,0.50,0.00,4.0,0.35
1,2022-02-10,-5.0,-13.9,10.0,15.5,0.00,0.00,0.0,0.00
1,2022-02-11,-4.1,-11.3,10.9,17.6,0.00,0.00,0.0,0.00
1,2022-02-12,-4.5,-14.2,9.2,15.1,0.70,0.00,3.0,0.49
1,2022-02-13,-2.7,-9.1,8.9,14.8,1.50,0.00,6.0,1.05
1,2022-02-14,-3.3,-8.6,16.8,27.7,2.10,0.00,15.0,1.47
1,2022-02-15,-6.5,-11.4,9.0,17.6,0.20,0.00,2.0,0.14
1,2022-02-16,-6.0,-9.6,9.3,16.2,0.80,0.00,8.0,0.56
1,2022-02-17,-5.0,-8.7,12.6,21.6,2.00,0.10,14.0,1.33
1,2022-02-18,-4.9,-17.3,18.5,30.6,0.30,0.00,3.0,0.21
1,2022-02-19,-2.4,-10.5,11.7,19.1,0.10,0.00,1.0,0.07
1,2022-02-20,-0.3,-4.7,44.3,74.5,14.80,0.00,17.0,10.36
1,2022-02-21,-3.7,-6.4,44.5,75.2,12.90,0.00,24.0,9.03
1,2022-02-22,-4.3,-7.9,26.3,43.2,1.60,0.00,14.0,1.12
1,2022-02-23,-5.4,-12.2,21.5,35.6,0.80,0.00,8.0,0.63
1,2022-02-24,-2.6,-10.9,10.6,17.6,2.20,0.00,13.0,1.54
1,2022-02-25,-0.8,-11.6,18.1,30.2,0.00,0.00,0.0,0.00
1,2022-02-26,3.2,-4.6,21.1,35.6,0.20,0.00,2.0,0.14
1,2022-02-27,1.5,-9.7,17.1,28.8,0.50,0.00,5.0,0.35
1,2022-02-28,-1.3,-10.0,24.0,40.0,0.00,0.00,0.0,0.00
1,2022-03-01,2.3,-11.6,19.1,31.7,4.00,0.00,8.0,2.80
1,2022-03-02,-0.4,-11.4,16.3,27.4,0.30,0.00,3.0,0.21
1,2022-03-03,0.1,-11.7,20.0,33.5,0.80,0.00,6.0,0.63
1,2022-03-04,0.3,-11.5,12.7,22.0,0.00,0.00,0.0,0.00
1,2022-03-05,0.7,-6.5,18.2,35.3,4.70,0.10,14.0,3.22
1,2022-03-06,1.4,-5.1,40.8,69.1,11.50,0.00,19.0,8.19
1,2022-03-07,-1.2,-8.5,31.0,52.6,0.40,0.00,4.0,0.28
1,2022-03-08,-0.9,-11.3,10.7,15.8,0.80,0.00,8.0,0.56
1,2022-03-09,0.4,-10.0,15.0,22.3,0.00,0.00,0.0,0.00
1,2022-03-10,7.2,-7.5,12.0,19.4,0.00,0.00,0.0,0.00
1,2022-03-11,5.5,-0.1,18.6,31.7,3.90,2.20,8.0,1.19
1,2022-03-12,3.7,-2.4,23.5,39.6,0.30,0.30,3.0,0.00
1,2022-03-13,0.5,-4.5,13.4,24.5,0.00,0.00,0.0,0.00
1,2022-03-14,0.6,-2.6,16.0,26.6,0.10,0.00,1.0,0.07
1,2022-03-15,-0.2,-2.1,19.0,31.0,12.70,0.00,24.0,8.89
1,2022-03-16,1.4,-2.4,12.1,19.4,1.80,0.00,10.0,1.26
1,2022-03-17,2.1,-2.3,9.1,14.8,2.30,0.10,8.0,1.54
1,2022-03-18,1.3,-2.9,14.8,24.5,2.50,0.00,5.0,1.75
1,2022-03-19,-2.2,-2.9,26.1,44.6,22.60,0.10,24.0,15.75
1,2022-03-20,-0.7,-9.0,28.3,47.5,0.50,0.00,4.0,0.35
1,2022-03-21,3.0,-9.9,16.7,31.7,0.80,0.00,3.0,0.56
1,2022-03-22,3.7,-8.7,22.8,37.8,0.10,0.00,1.0,0.07
1,2022-03-23,6.3,-3.0,12.2,20.9,0.00,0.00,0.0,0.00
1,2022-03-24,3.1,-7.6,8.8,13.7,0.20,0.20,2.0,0.00
1,2022-03-25,3.0,-0.9,24.1,40.7,0.00,0.00,0.0,0.00
1,2022-03-26,5.5,1.9,18.3,32.4,5.70,5.70,12.0,0.00
1,2022-03-27,8.6,-2.4,13.9,26.6,0.00,0.00,0.0,0.00
1,2022-03-28,4.4,-7.4,22.9,41.0,0.30,0.20,2.0,0.07
1,2022-03-29,8.8,1.2,25.3,47.5,0.00,0.00,0.0,0.00
1,2022-03-30,11.5,-3.2,20.0,40.7,0.10,0.10,1.0,0.00
1,2022-03-31,6.7,-7.3,18.1,34.6,1.90,0.00,8.0,1.33
1,2022-04-01,2.5,-6.3,11.0,24.5,3.70,0.00,10.0,2.59
1,2022-04-02,5.3,-2.8,18.3,35.3,0.00,0.00,0.0,0.00
1,2022-04-03,11.4,-1.6,20.0,38.9,0.00,0.00,0.0,0.00
1,2022-04-04,15.3,1.1,16.4,30.6,0.00,0.00,0.0,0.00
1,2022-04-05,15.5,4.6,24.0,45.4,0.00,0.00,0.0,0.00
1,2022-04-06,14.6,-4.2,27.7,50.4,1.40,1.40,2.0,0.00
1,2022-04-07,6.5,-0.5,11.3,24.8,1.00,0.00,5.0,0.70
1,2022-04-08,7.8,0.5,21.0,40.3,0.20,0.10,2.0,0.07
1,2022-04-09,14.7,1.9,24.5,46.8,1.80,0.40,3.0,0.98
1,2022-04-10,10.4,3.0,18.1,33.8,0.10,0.10,1.0,0.00
1,2022-04-11,17.0,5.7,20.2,37.8,0.00,0.00,0.0,0.00
1,2022-04-12,17.8,1.6,20.4,37.1,7.10,7.10,6.0,0.00
1,2022-04-13,1.9,-3.5,14.4,28.4,0.20,0.10,2.0,0.07
1,2022-04-14,9.1,-1.4,15.6,28.4,0.00,0.00,0.0,0.00
1,2022-04-15,8.0,-1.8,12.9,26.6,0.00,0.00,0.0,0.00
1,2022-04-16,8.2,-3.4,18.3,34.9,0.00,0.00,0.0,0.00
1,2022-04-17,15.2,1.4,25.5,51.1,3.20,3.20,7.0,0.00
1,2022-04-18,13.2,0.9,22.3,43.9,11.70,10.30,15.0,0.98
1,2022-04-19,10.1,1.3,17.3,34.9,0.00,0.00,0.0,0.00
1,2022-04-20,17.7,7.3,26.1,49.3,0.00,0.00,0.0,0.00
1,2022-04-21,21.9,8.3,21.7,41.4,0.00,0.00,0.0,0.00
1,2022-04-22,16.7,9.7,23.2,44.6,0.80,0.80,2.0,0.00
1,2022-04-23,15.6,-0.2,29.0,54.0,0.10,0.10,1.0,0.00
1,2022-04-24,16.6,4.5,30.6,59.0,0.00,0.00,0.0,0.00
1,2022-04-25,16.3,3.0,16.7,34.2,0.00,0.00,0.0,0.00
1,2022-04-26,18.6,10.8,25.3,48.2,0.10,0.10,1.0,0.00
1,2022-04-27,19.4,5.3,33.6,65.2,0.20,0.20,1.0,0.00
1,2022-04-28,12.2,2.7,28.5,60.1,0.00,0.00,0.0,0.00
1,2022-04-29,12.1,-0.3,19.6,37.4,0.50,0.50,3.0,0.00
1,2022-04-30,10.3,-0.7,27.5,52.6,0.40,0.40,2.0,0.00
1,2022-05-01,12.2,4.4,27.4,53.3,7.50,7.50,16.0,0.00
1,2022-05-02,12.9,-0.9,17.0,36.7,1.60,1.60,9.0,0.00
1,2022-05-03,11.1,2.4,22.7,51.5,5.50,5.40,7.0,0.07
1,2022-05-04,11.0,2.8,27.0,55.8,7.00,7.00,11.0,0.00
1,2022-05-05,16.6,7.0,20.1,37.1,0.00,0.00,0.0,0.00
1,2022-05-06,24.8,11.4,23.4,43.6,0.00,0.00,0.0,0.00
1,2022-05-07,23.1,9.8,32.0,61.6,8.30,8.30,6.0,0.00
1,2022-05-08,14.2,3.5,22.7,48.6,0.10,0.10,1.0,0.00
1,2022-05-09,15.9,7.8,26.5,57.2,0.10,0.10,1.0,0.00
1,2022-05-10,19.7,6.3,13.8,29.9,0.00,0.00,0.0,0.00
1,2022-05-11,24.2,11.5,16.4,30.2,0.00,0.00,0.0,0.00
1,2022-05-12,24.2,9.2,15.9,28.4,0.90,0.90,2.0,0.00
1,2022-05-13,16.0,10.4,12.6,25.6,2.10,2.10,8.0,0.00
1,2022-05-14,21.4,7.5,28.0,52.9,0.40,0.40,1.0,0.00
1,2022-05-15,17.8,6.5,18.7,34.6,1.30,1.30,3.0,0.00
1,2022-05-16,20.0,5.9,16.8,38.2,0.70,0.70,3.0,0.00
1,2022-05-17,21.3,6.6,23.2,44.3,0.00,0.00,0.0,0.00
1,2022-05-18,22.6,9.2,20.9,38.9,0.00,0.00,0.0,0.00
1,2022-05-19,19.2,11.2,21.3,41.4,0.30,0.30,1.0,0.00
1,2022-05-20,20.6,9.1,15.2,34.9,0.60,0.60,3.0,0.00
1,2022-05-21,24.3,14.1,21.1,41.4,0.00,0.00,0.0,0.00
1,2022-05-22,22.1,10.0,22.6,46.1,0.40,0.40,2.0,0.00
1,2022-05-23,18.4,7.3,15.9,35.3,2.60,2.60,4.0,0.00
1,2022-05-24,17.8,7.2,13.0,28.1,0.00,0.00,0.0,0.00
1,2022-05-25,25.2,10.8,19.0,35.6,0.00,0.00,0.0,0.00
1,2022-05-26,27.1,14.2,32.6,59.0,0.00,0.00,0.0,0.00
1,2022-05-27,21.5,13.4,34.2,64.1,7.30,7.30,10.0,0.00
1,2022-05-28,15.4,8.2,29.2,54.7,29.30,29.30,24.0,0.00
1,2022-05-29,8.8,5.9,25.4,48.2,5.20,5.20,24.0,0.00
1,2022-05-30,9.6,6.4,17.1,34.2,0.10,0.10,1.0,0.00
1,2022-05-31,12.9,6.8,19.3,38.9,8.20,8.20,8.0,0.00
1,2022-06-01,15.9,9.9,12.0,25.2,1.50,1.50,8.0,0.00
1,2022-06-02,14.7,7.8,13.5,27.4,1.30,1.30,9.0,0.00
1,2022-06-03,11.2,6.1,18.2,33.1,0.50,0.50,4.0,0.00
1,2022-06-04,7.5,4.7,20.8,40.0,3.90,3.90,21.0,0.00
1,2022-06-05,6.9,4.7,18.4,35.3,0.70,0.70,7.0,0.00
1,2022-06-06,12.8,3.4,14.1,29.5,0.00,0.00,0.0,0.00
1,2022-06-07,11.6,5.4,12.0,27.4,0.00,0.00,0.0,0.00
1,2022-06-08,14.8,5.9,14.4,28.8,0.00,0.00,0.0,0.00
1,2022-06-09,15.0,7.7,17.6,31.7,0.30,0.30,3.0,0.00
1,2022-06-10,20.2,10.1,22.6,44.6,0.10,0.10,1.0,0.00
1,2022-06-11,18.6,8.5,22.8,44.6,5.60,5.60,7.0,0.00
1,2022-06-12,15.6,8.2,14.5,29.2,13.70,13.70,19.0,0.00
1,2022-06-13,15.4,7.9,12.3,25.2,0.10,0.10,1.0,0.00
1,2022-06-14,21.7,10.3,14.6,25.9,0.00,0.00,0.0,0.00
1,2022-06-15,22.6,13.0,24.2,45.0,4.10,4.10,5.0,0.00
1,2022-06-16,18.9,13.2,13.2,28.1,6.90,6.90,10.0,0.00
1,2022-06-17,19.4,13.0,12.5,25.9,5.20,5.20,10.0,0.00
1,2022-06-18,23.3,15.0,13.8,26.3,8.40,8.40,6.0,0.00
1,2022-06-19,25.1,15.0,13.8,29.2,15.40,15.40,9.0,0.00
1,2022-06-20,20.4,9.7,20.1,41.4,4.90,4.90,5.0,0.00
1,2022-06-21,15.9,8.8,13.8,28.4,0.10,0.10,1.0,0.00
1,2022-06-22,20.0,10.7,15.5,30.2,0.60,0.60,5.0,0.00
1,2022-06-23,18.0,14.3,21.0,39.6,0.40,0.40,4.0,0.00
1,2022-06-24,24.5,16.9,33.1,61.9,17.70,17.70,13.0,0.00
1,2022-06-25,29.3,18.4,21.6,39.6,0.70,0.70,2.0,0.00
1,2022-06-26,29.0,16.1,26.5,50.8,0.40,0.40,2.0,0.00
1,2022-06-27,22.6,12.7,16.7,34.6,17.60,17.60,8.0,0.00
1,2022-06-28,22.0,15.5,11.3,22.7,36.00,36.00,14.0,0.00
1,2022-06-29,17.5,11.4,13.4,27.0,8.70,8.70,10.0,0.00
1,2022-06-30,17.8,9.4,12.8,25.9,0.60,0.60,6.0,0.00
1,2022-07-01,24.9,14.7,10.9,21.2,0.00,0.00,0.0,0.00
1,2022-07-02,27.4,17.8,7.6,17.3,0.40,0.40,2.0,0.00
1,2022-07-03,28.7,19.9,13.3,28.8,25.60,25.60,7.0,0.00
1,2022-07-04,26.8,18.4,13.0,29.5,25.20,25.20,9.0,0.00
1,2022-07-05,24.0,16.8,11.8,26.3,0.80,0.80,3.0,0.00
1,2022-07-06,23.3,16.1,14.3,28.1,0.00,0.00,0.0,0.00
1,2022-07-07,26.5,16.2,18.7,35.3,0.00,0.00,0.0,0.00
1,2022-07-08,26.0,14.4,20.4,38.9,0.00,0.00,0.0,0.00
1,2022-07-09,23.2,17.0,16.3,33.1,0.30,0.30,3.0,0.00
1,2022-07-10,23.2,17.0,18.4,35.6,0.40,0.40,4.0,0.00
1,2022-07-11,24.9,19.4,21.7,41.8,8.90,8.90,8.0,0.00
1,2022-07-12,26.9,18.8,15.7,31.3,2.50,2.50,6.0,0.00
1,2022-07-13,26.2,17.3,14.9,30.6,0.40,0.40,4.0,0.00
1,2022-07-14,22.4,14.6,16.3,31.3,0.30,0.30,3.0,0.00
1,2022-07-15,22.1,15.5,19.3,37.1,0.20,0.20,2.0,0.00
1,2022-07-16,21.1,15.9,18.5,36.0,23.70,23.70,15.0,0.00
1,2022-07-17,22.5,16.0,14.0,36.0,18.50,18.50,13.0,0.00
1,2022-07-18,26.6,16.6,16.4,31.7,1.30,1.30,8.0,0.00
1,2022-07-19,23.9,16.9,14.8,29.9,0.80,0.80,4.0,0.00
1,2022-07-20,17.5,14.2,14.3,27.4,1.00,1.00,5.0,0.00
1,2022-07-21,18.5,11.6,14.0,27.7,0.00,0.00,0.0,0.00
1,2022-07-22,20.1,14.0,12.0,25.2,10.40,10.40,11.0,0.00
1,2022-07-23,17.3,14.5,13.3,34.9,26.20,26.20,11.0,0.00
1,2022-07-24,20.3,15.8,13.9,27.4,0.00,0.00,0.0,0.00
1,2022-07-25,22.6,15.5,13.8,27.7,0.50,0.50,4.0,0.00
1,2022-07-26,26.6,17.9,13.9,27.7,0.20,0.20,2.0,0.00
1,2022-07-27,25.4,18.4,11.4,23.4,11.40,11.40,17.0,0.00
1,2022-07-28,21.9,15.7,14.4,29.5,0.10,0.10,1.0,0.00
1,2022-07-29,25.4,17.5,14.5,28.4,0.00,0.00,0.0,0.00
1,2022-07-30,29.4,19.4,14.2,25.9,0.00,0.00,0.0,0.00
1,2022-07-31,28.7,16.0,22.4,41.4,0.10,0.10,1.0,0.00
1,2022-08-01,21.8,14.8,25.2,46.4,60.90,60.90,15.0,0.00
1,2022-08-02,19.6,16.3,22.7,42.8,1.60,1.60,9.0,0.00
1,2022-08-03,21.7,15.2,19.1,37.8,1.00,1.00,6.0,0.00
1,2022-08-04,24.3,14.0,15.2,30.2,0.00,0.00,0.0,0.00
1,2022-08-05,24.0,14.1,18.1,34.2,0.00,0.00,0.0,0.00
1,2022-08-06,22.7,17.1,20.2,37.8,0.00,0.00,0.0,0.00
1,2022-08-07,25.0,19.2,24.7,44.3,0.00,0.00,0.0,0.00
1,2022-08-08,26.2,22.8,24.9,50.8,22.90,22.90,7.0,0.00
1,2022-08-09,29.1,20.3,14.0,28.4,6.00,6.00,10.0,0.00
1,2022-08-10,25.8,16.5,17.8,35.3,0.20,0.20,2.0,0.00
1,2022-08-11,27.7,18.4,20.6,36.4,28.30,28.30,11.0,0.00
1,2022-08-12,28.1,17.6,18.4,36.0,0.70,0.70,4.0,0.00
1,2022-08-13,27.7,19.6,8.8,25.9,8.60,8.60,14.0,0.00
1,2022-08-14,23.9,14.9,8.0,19.8,7.40,7.40,8.0,0.00
1,2022-08-15,25.3,19.0,16.8,32.0,26.50,26.50,17.0,0.00
1,2022-08-16,22.0,16.8,21.6,39.6,26.40,26.40,18.0,0.00
1,2022-08-17,24.4,17.3,16.0,34.6,0.00,0.00,0.0,0.00
1,2022-08-18,22.9,15.7,17.5,33.1,26.20,26.20,17.0,0.00
1,2022-08-19,20.8,14.8,18.1,34.9,0.50,0.50,4.0,0.00
1,2022-08-20,24.9,15.8,25.6,47.5,4.70,4.70,1.0,0.00
1,2022-08-21,27.9,12.8,10.2,22.3,0.00,0.00,0.0,0.00
1,2022-08-22,27.5,19.8,27.9,52.2,1.00,1.00,2.0,0.00
1,2022-08-23,27.4,16.3,28.6,58.0,1.00,1.00,8.0,0.00
1,2022-08-24,24.5,12.9,14.8,28.8,0.20,0.20,1.0,0.00
1,2022-08-25,24.4,17.4,15.2,28.8,1.40,1.40,4.0,0.00
1,2022-08-26,22.5,15.5,12.5,23.4,0.80,0.80,3.0,0.00
1,2022-08-27,22.9,18.1,18.4,37.4,6.80,6.80,10.0,0.00
1,2022-08-28,20.4,14.4,16.9,30.2,2.70,2.70,5.0,0.00
1,2022-08-29,23.7,15.2,9.7,21.2,0.40,0.40,1.0,0.00
1,2022-08-30,23.1,16.1,8.3,16.6,0.10,0.10,1.0,0.00
1,2022-08-31,21.1,16.3,9.7,20.9,31.80,31.80,20.0,0.00
1,2022-09-01,22.9,15.2,9.9,20.2,0.40,0.40,2.0,0.00
1,2022-09-02,24.2,12.5,9.3,19.8,0.30,0.30,2.0,0.00
1,2022-09-03,22.5,13.7,14.9,28.1,0.00,0.00,0.0,0.00
1,2022-09-04,23.5,15.2,18.4,34.2,0.00,0.00,0.0,0.00
1,2022-09-05,21.9,18.4,23.8,42.1,1.30,1.30,4.0,0.00
1,2022-09-06,23.8,20.0,38.4,72.0,0.20,0.20,2.0,0.00
1,2022-09-07,27.7,13.1,20.9,40.3,0.00,0.00,0.0,0.00
1,2022-09-08,25.5,14.4,13.1,23.8,0.00,0.00,0.0,0.00
1,2022-09-09,26.2,11.7,12.8,28.8,0.00,0.00,0.0,0.00
1,2022-09-10,19.8,10.4,9.7,22.3,0.00,0.00,0.0,0.00
1,2022-09-11,23.5,13.8,20.8,38.9,0.00,0.00,0.0,0.00
1,2022-09-12,23.3,16.9,21.4,40.7,0.10,0.10,1.0,0.00
1,2022-09-13,25.4,12.5,27.2,52.6,2.70,2.70,9.0,0.00
1,2022-09-14,14.5,5.5,28.7,53.3,0.10,0.10,1.0,0.00
1,2022-09-15,20.9,12.1,8.4,15.8,0.00,0.00,0.0,0.00
1,2022-09-16,19.9,13.9,14.7,27.4,0.30,0.30,3.0,0.00
1,2022-09-17,22.2,18.7,16.7,32.8,3.10,3.10,4.0,0.00
1,2022-09-18,25.1,18.1,18.1,34.2,7.10,7.10,15.0,0.00
1,2022-09-19,24.2,14.2,15.3,34.6,52.30,52.30,14.0,0.00
1,2022-09-20,16.0,8.0,21.9,41.4,2.00,2.00,1.0,0.00
1,2022-09-21,15.0,6.0,7.8,16.9,0.00,0.00,0.0,0.00
1,2022-09-22,19.5,11.3,18.6,35.3,0.00,0.00,0.0,0.00
1,2022-09-23,20.0,15.3,22.8,41.8,31.80,31.80,24.0,0.00
1,2022-09-24,22.6,12.2,22.2,44.3,10.70,10.70,11.0,0.00
1,2022-09-25,22.3,12.7,14.4,27.7,0.00,0.00,0.0,0.00
1,2022-09-26,22.3,10.1,8.0,15.5,0.00,0.00,0.0,0.00
1,2022-09-27,22.9,11.2,10.8,20.5,0.00,0.00,0.0,0.00
1,2022-09-28,20.9,10.3,13.8,26.6,0.00,0.00,0.0,0.00
1,2022-09-29,22.1,10.9,24.1,42.5,0.00,0.00,0.0,0.00
1,2022-09-30,22.0,14.1,23.4,45.0,0.00,0.00,0.0,0.00
1,2022-10-01,26.9,12.9,15.9,31.3,0.90,0.90,8.0,0.00
1,2022-10-02,15.4,9.5,21.3,40.7,0.00,0.00,0.0,0.00
1,2022-10-03,19.2,15.7,27.6,52.2,0.20,0.20,2.0,0.00
1,2022-10-04,18.8,6.6,28.2,56.9,12.40,12.40,16.0,0.00
1,2022-10-05,12.0,2.8,20.1,39.6,0.00,0.00,0.0,0.00
1,2022-10-06,12.4,1.7,15.1,30.2,0.00,0.00,0.0,0.00
1,2022-10-07,12.2,6.8,11.8,22.7,6.00,6.00,9.0,0.00
1,2022-10-08,10.0,1.9,11.3,21.6,1.80,1.80,7.0,0.00
1,2022-10-09,14.3,7.4,8.7,18.7,0.90,0.90,3.0,0.00
1,2022-10-10,13.2,10.9,22.2,43.2,29.20,29.20,24.0,0.00
1,2022-10-11,17.6,8.4,27.0,56.2,0.10,0.10,1.0,0.00
1,2022-10-12,16.5,2.5,18.7,36.0,0.00,0.00,0.0,0.00
1,2022-10-13,16.1,9.1,17.9,34.6,0.00,0.00,0.0,0.00
1,2022-10-14,18.1,10.6,15.6,29.5,0.00,0.00,0.0,0.00
1,2022-10-15,18.2,7.0,13.2,25.2,0.80,0.80,4.0,0.00
1,2022-10-16,18.9,12.3,17.6,34.6,0.00,0.00,0.0,0.00
1,2022-10-17,19.8,3.2,23.3,44.6,0.50,0.50,4.0,0.00
1,2022-10-18,10.5,2.6,11.9,25.2,0.40,0.40,4.0,0.00
1,2022-10-19,11.8,2.2,19.9,38.5,0.10,0.10,1.0,0.00
1,2022-10-20,14.9,4.9,14.8,29.5,0.00,0.00,0.0,0.00
1,2022-10-21,17.9,10.6,21.3,38.2,0.00,0.00,0.0,0.00
1,2022-10-22,18.9,7.0,20.7,39.2,5.70,5.70,7.0,0.00
1,2022-10-23,10.0,2.7,14.7,28.8,13.80,13.80,19.0,0.00
1,2022-10-24,6.2,-0.1,17.4,33.5,3.30,3.30,9.0,0.00
1,2022-10-25,7.2,-1.1,10.8,20.9,0.70,0.70,3.0,0.00
1,2022-10-26,10.7,-2.6,8.4,16.2,0.00,0.00,0.0,0.00
1,2022-10-27,12.6,6.9,11.2,22.3,0.00,0.00,0.0,0.00
1,2022-10-28,14.4,5.3,15.4,29.2,0.10,0.10,1.0,0.00
1,2022-10-29,12.0,1.8,9.0,19.4,8.60,8.60,10.0,0.00
1,2022-10-30,10.5,7.0,22.0,40.7,2.80,2.80,15.0,0.00
1,2022-10-31,11.0,3.1,15.5,28.4,0.00,0.00,0.0,0.00
1,2022-11-01,12.1,7.0,22.6,42.1,4.10,4.10,3.0,0.00
1,2022-11-02,12.9,2.5,13.7,26.3,0.00,0.00,0.0,0.00
1,2022-11-03,10.7,-2.1,22.5,42.1,0.10,0.10,1.0,0.00
1,2022-11-04,8.0,-2.9,18.1,33.1,0.80,0.80,5.0,0.00
1,2022-11-05,8.2,-1.6,15.5,30.6,0.10,0.10,1.0,0.00
1,2022-11-06,9.0,-3.0,18.1,33.5,0.00,0.00,0.0,0.00
1,2022-11-07,8.6,-1.1,10.0,20.5,0.00,0.00,0.0,0.00
1,2022-11-08,10.5,-0.6,14.9,28.4,0.00,0.00,0.0,0.00
1,2022-11-09,10.8,1.6,22.1,42.5,0.00,0.00,0.0,0.00
1,2022-11-10,11.3,-3.3,19.1,35.6,0.20,0.20,1.0,0.00
1,2022-11-11,8.5,-0.9,14.8,28.4,0.00,0.00,0.0,0.00
1,2022-11-12,12.4,8.0,27.0,50.4,0.00,0.00,0.0,0.00
1,2022-11-13,16.0,1.9,31.6,69.5,13.30,13.10,20.0,0.14
1,2022-11-14,3.6,-4.8,28.2,51.8,0.50,0.40,4.0,0.07
1,2022-11-15,6.8,-2.4,18.5,35.6,0.00,0.00,0.0,0.00
1,2022-11-16,6.2,-1.6,10.8,21.6,5.80,1.00,13.0,3.36
1,2022-11-17,4.1,-3.6,12.6,24.5,0.30,0.20,3.0,0.07
1,2022-11-18,4.4,-2.4,9.7,18.7,0.40,0.00,2.0,0.28
1,2022-11-19,2.8,-1.0,12.3,21.6,5.80,1.60,10.0,2.94
1,2022-11-20,8.7,2.1,23.1,42.8,2.50,2.50,3.0,0.00
1,2022-11-21,11.0,4.2,23.4,44.3,4.50,4.50,7.0,0.00
1,2022-11-22,6.0,-4.2,20.5,39.2,0.00,0.00,0.0,0.00
1,2022-11-23,6.1,-1.4,8.8,18.0,1.20,1.20,3.0,0.00
1,2022-11-24,4.5,-0.7,9.2,18.0,3.30,3.30,9.0,0.00
1,2022-11-25,9.5,-0.2,27.7,52.6,0.10,0.10,1.0,0.00
1,2022-11-26,13.5,-0.7,31.1,58.7,2.20,2.00,6.0,0.14
1,2022-11-27,4.1,-3.4,17.8,34.2,0.30,0.10,3.0,0.14
1,2022-11-28,7.2,-0.9,20.4,45.4,1.10,1.10,6.0,0.00
1,2022-11-29,12.2,1.2,25.9,50.8,8.00,8.00,15.0,0.00
1,2022-11-30,2.6,-7.1,18.4,34.6,3.10,0.00,10.0,2.17
1,2022-12-01,-2.5,-8.7,17.3,33.8,0.10,0.00,1.0,0.07
1,2022-12-02,-2.0,-6.5,18.1,34.6,0.00,0.00,0.0,0.00
1,2022-12-03,3.6,-2.9,23.2,42.8,1.50,0.00,6.0,1.05
1,2022-12-04,0.1,-8.3,25.0,45.7,0.00,0.00,0.0,0.00
1,2022-12-05,-2.2,-7.7,23.8,44.6,0.00,0.00,0.0,0.00
1,2022-12-06,1.8,-4.9,20.0,37.8,0.00,0.00,0.0,0.00
1,2022-12-07,3.8,-3.8,13.9,28.1,0.50,0.10,5.0,0.35
1,2022-12-08,0.3,-7.1,12.7,29.5,0.70,0.00,2.0,0.49
1,2022-12-09,0.7,-6.1,11.8,25.2,0.00,0.00,0.0,0.00
1,2022-12-10,3.1,-6.0,10.1,19.1,0.20,0.00,1.0,0.14
1,2022-12-11,2.1,-6.4,14.7,28.1,0.00,0.00,0.0,0.00
1,2022-12-12,1.2,-7.2,15.7,29.9,0.00,0.00,0.0,0.00
1,2022-12-13,6.8,-3.9,29.0,56.5,1.50,1.00,8.0,0.35
1,2022-12-14,-1.0,-8.2,24.6,46.8,1.50,0.00,4.0,1.05
1,2022-12-15,-2.8,-8.7,22.4,40.7,0.40,0.00,3.0,0.28
1,2022-12-16,-3.6,-9.2,22.3,44.6,0.00,0.00,0.0,0.00
1,2022-12-17,-0.6,-6.8,18.7,35.6,4.80,0.00,9.0,3.36
1,2022-12-18,-0.3,-9.5,27.8,55.1,0.00,0.00,0.0,0.00
1,2022-12-19,-5.0,-10.1,21.9,41.8,0.00,0.00,0.0,0.00
1,2022-12-20,-1.2,-8.6,16.9,32.0,0.00,0.00,0.0,0.00
1,2022-12-21,0.5,-6.6,7.3,17.6,0.00,0.00,0.0,0.00
1,2022-12-22,3.0,-2.2,29.6,50.8,40.70,0.10,18.0,28.42
1,2022-12-23,1.3,-0.1,30.8,52.2,17.40,1.70,24.0,10.99
1,2022-12-24,0.7,-1.0,31.7,52.9,8.90,0.10,24.0,6.16
1,2022-12-25,0.6,-0.7,27.8,47.5,20.60,0.10,24.0,14.35
1,2022-12-26,0.9,-1.3,23.6,39.2,8.20,0.30,24.0,5.53
1,2022-12-27,-0.4,-8.7,16.5,27.7,0.70,0.00,7.0,0.49
1,2022-12-28,-0.2,-10.6,18.6,31.3,3.50,0.00,6.0,2.45
1,2022-12-29,-3.8,-11.2,19.7,33.1,0.00,0.00,0.0,0.00
1,2022-12-30,-3.3,-14.9,12.2,18.7,0.50,0.00,5.0,0.35
1,2022-12-31,-3.4,-12.6,16.5,25.9,0.00,0.00,0.0,0.00
1,2023-01-01,-1.5,-15.6,20.9,34.6,3.20,0.00,9.0,2.24
1,2023-01-02,-8.7,-21.2,14.6,23.4,0.00,0.00,0.0,0.00
1,2023-01-03,-9.5,-20.9,12.9,20.2,0.00,0.00,0.0,0.00
1,2023-01-04,-9.4,-19.4,14.1,23.4,0.00,0.00,0.0,0.00
1,2023-01-05,-6.0,-14.6,21.4,36.0,0.00,0.00,0.0,0.00
1,2023-01-06,-2.5,-13.6,15.3,24.8,0.40,0.00,4.0,0.28
1,2023-01-07,-3.5,-18.1,11.2,15.8,0.10,0.00,1.0,0.07
1,2023-01-08,-5.6,-16.1,12.3,18.4,0.00,0.00,0.0,0.00
1,2023-01-09,-2.1,-11.4,19.8,32.8,1.50,0.00,7.0,1.05
1,2023-01-10,-6.2,-13.6,26.1,42.5,0.50,0.00,4.0,0.42
1,2023-01-11,-3.5,-11.0,12.7,19.1,0.00,0.00,0.0,0.00
1,2023-01-12,2.9,-10.9,13.2,22.0,0.00,0.00,0.0,0.00
1,2023-01-13,3.7,-4.9,23.1,39.6,0.70,0.40,6.0,0.21
1,2023-01-14,-2.0,-11.1,19.5,32.4,1.40,0.00,12.0,1.05
1,2023-01-15,-8.2,-15.5,10.8,17.6,2.10,0.00,7.0,1.47
1,2023-01-16,-6.2,-16.7,16.5,27.0,1.80,0.00,6.0,1.26
1,2023-01-17,-7.1,-17.3,11.9,16.9,0.00,0.00,0.0,0.00
1,2023-01-18,-5.4,-18.3,15.3,27.0,0.00,0.00,0.0,0.00
1,2023-01-19,-8.1,-16.2,12.9,21.6,1.00,0.00,6.0,0.70
1,2023-01-20,-1.3,-9.0,20.2,33.5,2.20,0.00,13.0,1.54
1,2023-01-21,-7.1,-16.8,18.2,31.7,0.70,0.00,6.0,0.49
1,2023-01-22,-7.4,-19.7,15.9,27.0,0.30,0.00,3.0,0.21
1,2023-01-23,-8.0,-14.0,14.3,25.9,4.10,0.00,10.0,2.87
1,2023-01-24,-5.1,-16.4,27.5,46.4,1.40,0.00,9.0,0.98
1,2023-01-25,-11.7,-16.2,32.1,54.7,0.00,0.00,0.0,0.00
1,2023-01-26,-8.3,-14.9,28.7,49.7,0.00,0.00,0.0,0.00
1,2023-01-27,-5.1,-17.7,12.7,19.4,0.30,0.00,2.0,0.21
1,2023-01-28,-5.5,-16.3,18.8,31.0,0.20,0.00,2.0,0.14
1,2023-01-29,-7.0,-19.9,20.4,34.2,0.00,0.00,0.0,0.00
1,2023-01-30,-8.0,-17.4,15.6,25.9,0.00,0.00,0.0,0.00
1,2023-01-31,-5.5,-17.2,15.9,25.2,0.00,0.00,0.0,0.00
1,2023-02-01,-5.1,-11.1,32.6,55.1,12.90,0.00,14.0,9.03
1,2023-02-02,-5.9,-15.5,23.5,40.7,0.60,0.00,5.0,0.42
1,2023-02-03,-6.7,-16.3,11.3,17.3,0.60,0.10,6.0,0.35
1,2023-02-04,-7.1,-17.1,9.7,14.4,0.20,0.00,2.0,0.14
1,2023-02-05,-5.2,-14.5,13.8,21.6,0.50,0.10,4.0,0.28
1,2023-02-06,-2.9,-10.4,15.5,24.1,1.00,0.00,9.0,0.70
1,2023-02-07,-5.2,-14.4,10.8,15.1,0.10,0.00,1.0,0.07
1,2023-02-08,-3.8,-15.1,15.1,25.2,0.20,0.00,2.0,0.14
1,2023-02-09,-8.7,-17.7,18.4,30.6,1.30,0.00,11.0,0.91
1,2023-02-10,-8.1,-13.6,10.4,16.2,0.00,0.00,0.0,0.07
1,2023-02-11,-1.8,-8.4,17.8,28.8,0.00,0.00,0.0,0.00
1,2023-02-12,-0.1,-9.0,14.1,23.8,0.70,0.00,7.0,0.49
1,2023-02-13,-4.7,-11.5,11.0,17.6,1.30,0.10,7.0,0.84
1,2023-02-14,-7.0,-12.8,19.8,33.1,3.60,0.00,24.0,2.52
1,2023-02-15,-9.8,-19.3,23.8,38.2,0.00,0.00,0.0,0.00
1,2023-02-16,-5.3,-12.2,16.7,27.0,0.20,0.00,2.0,0.14
1,2023-02-17,-2.2,-14.1,15.0,24.8,0.00,0.00,0.0,0.00
1,2023-02-18,1.8,-9.7,17.9,30.6,0.00,0.00,0.0,0.00
1,2023-02-19,-1.1,-6.2,11.4,19.1,8.60,0.00,14.0,6.02
1,2023-02-20,-4.0,-9.9,23.4,38.5,9.60,0.00,23.0,6.72
1,2023-02-21,-7.8,-18.2,19.4,32.0,0.00,0.00,0.0,0.00
1,2023-02-22,-4.8,-12.8,13.8,22.3,0.00,0.00,0.0,0.00
1,2023-02-23,0.0,-9.6,17.1,27.4,0.20,0.00,2.0,0.14
1,2023-02-24,-1.2,-10.0,11.8,15.8,0.50,0.00,2.0,0.35
1,2023-02-25,-1.9,-13.7,18.5,31.0,1.10,0.00,6.0,0.77
1,2023-02-26,-3.7,-13.6,20.2,34.6,1.50,0.00,8.0,1.12
1,2023-02-27,-2.4,-9.9,15.5,24.8,0.00,0.00,0.0,0.00
1,2023-02-28,5.8,1.0,25.9,44.6,0.60,0.40,4.0,0.14
1,2023-03-01,2.8,-3.7,19.9,33.5,5.30,0.40,12.0,3.43
1,2023-03-02,-2.6,-11.7,16.1,26.3,1.10,0.00,8.0,0.77
1,2023-03-03,1.0,-11.7,12.2,21.6,0.00,0.00,0.0,0.00
1,2023-03-04,-2.2,-11.8,15.9,27.0,0.00,0.00,0.0,0.00
1,2023-03-05,2.4,-7.1,14.8,23.4,0.00,0.00,0.0,0.00
1,2023-03-06,8.1,-1.8,16.3,25.9,0.00,0.00,0.0,0.00
1,2023-03-07,7.9,-4.2,17.7,28.1,0.00,0.00,0.0,0.00
1,2023-03-08,8.2,-4.0,26.3,43.9,1.10,1.10,5.0,0.00
1,2023-03-09,1.1,-6.1,17.7,30.6,0.90,0.40,5.0,0.35
1,2023-03-10,5.3,-1.3,16.4,28.1,2.20,2.20,11.0,0.00
1,2023-03-11,0.3,-4.2,16.5,27.0,0.00,0.00,0.0,0.00
1,2023-03-12,6.3,-2.1,20.5,37.1,0.00,0.00,0.0,0.00
1,2023-03-13,7.5,-1.7,30.1,52.9,8.00,7.80,14.0,0.14
1,2023-03-14,1.7,-8.4,13.8,23.4,0.00,0.00,0.0,0.00
1,2023-03-15,2.0,-4.1,20.4,40.7,0.00,0.00,0.0,0.00
1,2023-03-16,5.9,-2.4,26.8,49.3,0.00,0.00,0.0,0.00
1,2023-03-17,2.4,-7.4,17.4,31.0,0.60,0.00,2.0,0.42
1,2023-03-18,3.7,-6.9,16.9,29.5,0.00,0.00,0.0,0.00
1,2023-03-19,5.6,-3.8,15.5,28.4,0.00,0.00,0.0,0.00
1,2023-03-20,12.8,-3.9,10.9,21.2,0.00,0.00,0.0,0.00
1,2023-03-21,13.1,-3.9,12.3,18.4,0.00,0.00,0.0,0.00
1,2023-03-22,15.4,2.5,20.6,38.5,0.00,0.00,0.0,0.00
1,2023-03-23,12.8,3.2,29.5,55.4,3.50,3.50,7.0,0.00
1,2023-03-24,2.6,-5.3,27.9,52.6,0.00,0.00,0.0,0.00
1,2023-03-25,6.4,-2.1,18.5,35.3,0.00,0.00,0.0,0.00
1,2023-03-26,7.6,0.2,24.2,45.4,18.80,1.30,16.0,12.25
1,2023-03-27,3.9,-7.9,22.9,43.6,1.00,0.20,2.0,0.56
1,2023-03-28,9.9,-3.6,16.8,30.6,0.00,0.00,0.0,0.00
1,2023-03-29,10.8,-2.6,12.2,22.0,0.00,0.00,0.0,0.00
1,2023-03-30,12.4,3.6,19.6,37.4,0.20,0.20,2.0,0.00
1,2023-03-31,11.0,0.4,21.6,39.2,3.30,3.30,7.0,0.00
1,2023-04-01,5.4,-0.2,27.9,52.9,0.00,0.00,0.0,0.00
1,2023-04-02,3.5,-4.4,12.6,28.1,0.00,0.00,0.0,0.00
1,2023-04-03,9.5,-2.6,13.2,28.4,0.00,0.00,0.0,0.00
1,2023-04-04,17.2,3.9,15.7,31.3,0.00,0.00,0.0,0.00
1,2023-04-05,14.5,3.9,16.5,31.3,0.00,0.00,0.0,0.00
1,2023-04-06,14.4,10.2,22.0,42.1,0.10,0.10,1.0,0.00
1,2023-04-07,16.9,3.8,25.1,46.8,21.80,21.80,21.0,0.00
1,2023-04-08,6.7,0.8,19.9,36.7,2.50,2.20,15.0,0.21
1,2023-04-09,6.7,-2.4,26.3,51.5,0.00,0.00,0.0,0.00
1,2023-04-10,15.2,2.8,20.8,41.0,0.00,0.00,0.0,0.00
1,2023-04-11,18.7,9.9,23.3,48.6,5.50,5.50,5.0,0.00
1,2023-04-12,15.2,0.9,33.4,62.3,1.10,1.10,1.0,0.00
1,2023-04-13,9.5,1.3,23.8,48.6,0.20,0.10,1.0,0.07
1,2023-04-14,15.4,-2.6,19.1,42.5,2.40,2.40,4.0,0.00
1,2023-04-15,13.5,1.0,20.5,40.0,9.00,3.70,10.0,3.71
1,2023-04-16,3.7,0.5,24.0,46.1,22.60,19.10,20.0,2.45
1,2023-04-17,5.0,-1.0,32.8,60.5,4.20,0.00,7.0,3.01
1,2023-04-18,12.5,-1.1,17.9,36.0,0.10,0.10,1.0,0.00
1,2023-04-19,11.0,1.2,13.1,26.3,0.20,0.20,2.0,0.00
1,2023-04-20,13.7,6.8,22.8,45.7,0.60,0.60,4.0,0.00
1,2023-04-21,12.3,0.7,29.6,55.4,0.00,0.00,0.0,0.00
1,2023-04-22,7.5,1.7,31.2,58.0,1.20,1.20,7.0,0.00
1,2023-04-23,10.2,-2.7,20.2,42.1,6.70,3.70,13.0,2.10
1,2023-04-24,8.9,-0.6,15.1,29.2,2.30,1.80,7.0,0.35
1,2023-04-25,13.9,3.7,29.9,56.9,0.60,0.60,3.0,0.00
1,2023-04-26,11.0,4.5,29.9,54.7,19.40,19.40,18.0,0.00
1,2023-04-27,11.8,6.5,33.9,63.0,0.40,0.40,2.0,0.00
1,2023-04-28,14.8,4.3,20.6,40.0,0.00,0.00,0.0,0.00
1,2023-04-29,16.9,8.9,24.1,46.1,10.50,10.50,10.0,0.00
1,2023-04-30,19.9,7.1,20.9,41.4,1.20,1.20,4.0,0.00
1,2023-05-01,16.9,2.0,18.8,36.0,6.60,6.60,7.0,0.00
1,2023-05-02,14.9,5.5,13.5,24.5,0.10,0.10,1.0,0.00
1,2023-05-03,20.8,8.4,15.0,31.0,0.00,0.00,0.0,0.00
1,2023-05-04,23.6,11.7,15.1,29.2,0.50,0.50,2.0,0.00
1,2023-05-05,19.5,3.6,17.8,35.6,6.10,6.10,9.0,0.00
1,2023-05-06,7.3,-0.9,12.7,27.7,0.20,0.20,2.0,0.00
1,2023-05-07,11.9,2.1,17.4,35.6,0.00,0.00,0.0,0.00
1,2023-05-08,11.5,-0.6,13.0,25.6,0.70,0.70,5.0,0.00
1,2023-05-09,17.4,3.1,28.6,52.9,6.50,6.50,6.0,0.00
1,2023-05-10,12.3,3.3,16.6,31.0,6.60,6.60,10.0,0.00
1,2023-05-11,7.6,-1.0,20.2,39.2,0.70,0.70,5.0,0.00
1,2023-05-12,13.2,1.6,10.4,22.3,0.20,0.20,2.0,0.00
1,2023-05-13,19.2,5.8,16.2,31.0,0.00,0.00,0.0,0.00
1,2023-05-14,19.8,12.0,26.0,47.9,0.20,0.20,2.0,0.00
1,2023-05-15,18.4,11.2,27.0,51.8,0.80,0.80,2.0,0.00
1,2023-05-16,19.1,7.1,20.7,40.3,0.00,0.00,0.0,0.00
1,2023-05-17,22.5,9.6,10.7,23.8,0.00,0.00,0.0,0.00
1,2023-05-18,25.7,9.4,18.7,33.1,0.30,0.30,3.0,0.00
1,2023-05-19,15.6,5.8,13.2,28.1,0.00,0.00,0.0,0.00
1,2023-05-20,18.0,7.4,19.5,38.5,0.00,0.00,0.0,0.00
1,2023-05-21,14.3,5.2,20.5,39.2,9.80,9.80,6.0,0.00
1,2023-05-22,17.6,5.2,15.8,35.3,9.60,9.60,6.0,0.00
1,2023-05-23,11.2,1.1,13.0,27.4,0.30,0.30,3.0,0.00
1,2023-05-24,18.1,4.7,16.1,33.8,0.00,0.00,0.0,0.00
1,2023-05-25,26.1,8.8,15.7,29.5,0.00,0.00,0.0,0.00
1,2023-05-26,25.0,13.4,23.5,44.6,0.60,0.60,3.0,0.00
1,2023-05-27,24.2,15.9,17.4,35.6,0.10,0.10,1.0,0.00
1,2023-05-28,24.7,11.9,20.3,38.5,2.00,2.00,5.0,0.00
1,2023-05-29,15.9,8.3,17.6,34.6,0.00,0.00,0.0,0.00
1,2023-05-30,14.4,4.2,20.6,42.8,0.00,0.00,0.0,0.00
1,2023-05-31,18.5,8.7,18.9,36.4,0.30,0.30,2.0,0.00
1,2023-06-01,23.8,14.7,28.8,53.3,0.70,0.70,1.0,0.00
1,2023-06-02,23.9,9.9,28.4,52.9,30.60,30.60,12.0,0.00
1,2023-06-03,11.6,6.6,21.6,46.1,4.50,4.50,8.0,0.00
1,2023-06-04,16.9,6.8,25.8,49.0,2.30,2.30,7.0,0.00
1,2023-06-05,17.4,5.9,19.7,41.4,1.30,1.30,6.0,0.00
1,2023-06-06,21.9,11.9,17.8,36.0,9.40,9.40,5.0,0.00
1,2023-06-07,22.5,10.5,12.9,34.2,16.80,16.80,9.0,0.00
1,2023-06-08,20.2,11.5,17.4,32.8,1.50,1.50,7.0,0.00
1,2023-06-09,19.2,11.4,19.6,36.7,2.40,2.40,13.0,0.00
1,2023-06-10,18.1,10.4,18.0,35.6,4.30,4.30,8.0,0.00
1,2023-06-11,22.9,12.4,16.2,28.4,0.60,0.60,4.0,0.00
1,2023-06-12,24.8,15.0,17.8,33.1,0.90,0.90,2.0,0.00
1,2023-06-13,21.8,12.7,23.0,43.6,1.20,1.20,2.0,0.00
1,2023-06-14,22.0,13.8,17.1,33.1,12.00,12.00,10.0,0.00
1,2023-06-15,23.6,15.2,22.7,41.0,0.00,0.00,0.0,0.00
1,2023-06-16,24.2,12.9,13.5,26.6,0.20,0.20,2.0,0.00
1,2023-06-17,26.3,13.6,25.3,47.2,0.10,0.10,1.0,0.00
1,2023-06-18,16.7,10.0,29.7,55.4,1.40,1.40,11.0,0.00
1,2023-06-19,15.3,8.5,23.8,43.6,0.10,0.10,1.0,0.00
1,2023-06-20,19.7,9.3,17.5,36.4,0.00,0.00,0.0,0.00
1,2023-06-21,25.2,14.1,12.2,22.7,0.00,0.00,0.0,0.00
1,2023-06-22,26.3,15.9,17.9,32.8,0.00,0.00,0.0,0.00
1,2023-06-23,21.6,15.5,12.8,27.0,0.00,0.00,0.0,0.00
1,2023-06-24,23.7,12.8,13.0,27.4,0.00,0.00,0.0,0.00
1,2023-06-25,25.1,14.4,12.2,26.6,0.00,0.00,0.0,0.00
1,2023-06-26,28.5,16.5,21.5,39.6,0.00,0.00,0.0,0.00
1,2023-06-27,29.3,19.2,19.5,37.1,0.70,0.70,1.0,0.00
1,2023-06-28,29.3,18.1,18.8,39.2,3.10,3.10,7.0,0.00
1,2023-06-29,25.1,17.3,8.5,20.2,1.20,1.20,7.0,0.00
1,2023-06-30,25.5,14.5,21.2,39.2,27.40,27.40,15.0,0.00
1,2023-07-01,16.0,12.0,25.1,49.0,0.20,0.20,2.0,0.00
1,2023-07-02,21.2,14.8,14.5,33.1,0.80,0.80,4.0,0.00
1,2023-07-03,19.6,12.8,15.8,32.8,11.10,11.10,13.0,0.00
1,2023-07-04,20.2,12.8,14.8,31.7,0.10,0.10,1.0,0.00
1,2023-07-05,22.3,13.9,14.4,32.0,2.40,2.40,2.0,0.00
1,2023-07-06,25.2,18.0,31.1,59.0,2.40,2.40,5.0,0.00
1,2023-07-07,26.2,15.3,14.2,34.6,2.30,2.30,9.0,0.00
1,2023-07-08,27.9,18.6,15.1,32.8,0.30,0.30,2.0,0.00
1,2023-07-09,31.1,18.0,15.7,28.1,0.00,0.00,0.0,0.00
1,2023-07-10,28.7,18.6,11.5,28.8,0.10,0.10,1.0,0.00
1,2023-07-11,28.4,18.1,13.0,25.9,1.10,1.10,6.0,0.00
1,2023-07-12,27.0,19.0,8.3,20.5,7.70,7.70,10.0,0.00
1,2023-07-13,24.8,16.1,18.0,37.4,10.10,10.10,9.0,0.00
1,2023-07-14,18.8,14.8,13.4,26.6,0.50,0.50,5.0,0.00
1,2023-07-15,21.5,16.8,10.5,21.2,8.60,8.60,18.0,0.00
1,2023-07-16,21.7,15.6,11.7,25.2,0.00,0.00,0.0,0.00
1,2023-07-17,22.4,15.7,11.4,24.8,5.30,5.30,10.0,0.00
1,2023-07-18,19.2,15.2,10.5,23.0,0.10,0.10,1.0,0.00
1,2023-07-19,23.2,14.1,13.1,28.4,0.20,0.20,2.0,0.00
1,2023-07-20,25.6,15.0,12.6,26.3,0.00,0.00,0.0,0.00
1,2023-07-21,27.2,16.2,13.8,24.1,0.40,0.40,2.0,0.00
1,2023-07-22,29.0,17.3,15.0,27.4,0.00,0.00,0.0,0.00
1,2023-07-23,28.5,18.3,15.5,30.6,0.00,0.00,0.0,0.00
1,2023-07-24,29.6,22.9,13.9,28.8,2.50,2.50,8.0,0.00
1,2023-07-25,29.1,20.6,10.9,27.0,17.50,17.50,8.0,0.00
1,2023-07-26,30.3,21.5,7.3,19.8,1.70,1.70,3.0,0.00
1,2023-07-27,31.2,20.7,10.3,23.4,0.00,0.00,0.0,0.00
1,2023-07-28,32.4,21.3,9.2,18.7,0.30,0.30,3.0,0.00
1,2023-07-29,32.1,23.3,8.4,29.2,18.20,18.20,4.0,0.00
1,2023-07-30,29.2,23.0,14.8,30.2,0.80,0.80,3.0,0.00
1,2023-07-31,27.3,17.2,11.6,25.6,5.40,5.40,8.0,0.00
1,2023-08-01,28.9,21.6,22.2,40.3,0.00,0.00,0.0,0.00
1,2023-08-02,32.5,22.2,14.1,28.4,0.20,0.20,1.0,0.00
1,2023-08-03,28.1,24.0,22.1,41.0,12.60,12.60,11.0,0.00
1,2023-08-04,32.4,17.5,22.4,45.0,10.20,10.20,23.0,0.00
1,2023-08-05,21.5,18.0,14.8,29.5,6.90,6.90,16.0,0.00
1,2023-08-06,20.1,16.0,11.5,36.7,20.70,20.70,21.0,0.00
1,2023-08-07,18.6,15.5,12.0,25.6,1.20,1.20,4.0,0.00
1,2023-08-08,24.8,19.4,15.6,30.2,13.80,13.80,10.0,0.00
1,2023-08-09,29.4,20.2,19.0,37.8,0.50,0.50,4.0,0.00
1,2023-08-10,28.9,22.0,18.6,34.9,0.60,0.60,4.0,0.00
1,2023-08-11,29.7,16.4,16.6,34.2,0.10,0.10,1.0,0.00
1,2023-08-12,20.4,15.7,10.2,23.8,0.00,0.00,0.0,0.00
1,2023-08-13,23.6,17.1,15.5,31.3,0.20,0.20,2.0,0.00
1,2023-08-14,22.6,14.0,24.0,45.0,0.00,0.00,0.0,0.00
1,2023-08-15,24.4,18.9,26.3,50.8,0.00,0.00,0.0,0.00
1,2023-08-16,24.8,21.4,25.7,49.3,9.80,9.80,11.0,0.00
1,2023-08-17,28.4,22.0,32.8,62.6,0.30,0.30,3.0,0.00
1,2023-08-18,29.0,20.5,14.4,31.3,1.10,1.10,5.0,0.00
1,2023-08-19,29.8,21.1,16.3,31.7,0.20,0.20,1.0,0.00
1,2023-08-20,28.2,19.9,9.7,23.8,12.60,12.60,9.0,0.00
1,2023-08-21,28.7,21.9,19.3,36.4,0.90,0.90,5.0,0.00
1,2023-08-22,30.1,23.4,21.1,41.8,0.00,0.00,0.0,0.00
1,2023-08-23,33.0,23.5,7.2,15.5,0.00,0.00,0.0,0.00
1,2023-08-24,33.7,22.9,8.7,17.3,1.50,1.50,4.0,0.00
1,2023-08-25,30.6,24.0,15.3,30.2,4.20,4.20,2.0,0.00
1,2023-08-26,32.5,23.2,22.0,42.8,1.00,1.00,2.0,0.00
1,2023-08-27,30.9,21.6,20.9,40.3,3.60,3.60,9.0,0.00
1,2023-08-28,23.3,17.7,18.4,37.1,1.90,1.90,9.0,0.00
1,2023-08-29,21.2,15.7,14.3,29.5,0.20,0.20,2.0,0.00
1,2023-08-30,24.0,19.4,20.9,41.4,0.00,0.00,0.0,0.00
1,2023-08-31,28.5,24.2,28.8,55.4,0.10,0.10,1.0,0.00
1,2023-09-01,28.6,21.0,22.1,42.8,7.20,7.20,8.0,0.00
1,2023-09-02,26.8,16.6,12.0,25.2,1.30,1.30,7.0,0.00
1,2023-09-03,28.1,17.9,12.6,26.3,0.00,0.00,0.0,0.00
1,2023-09-04,25.8,21.0,10.0,20.5,23.00,23.00,12.0,0.00
1,2023-09-05,24.2,18.0,13.7,28.4,6.30,6.30,3.0,0.00
1,2023-09-06,24.5,17.5,23.3,43.2,7.70,7.70,11.0,0.00
1,2023-09-07,19.5,9.5,26.3,50.8,0.20,0.20,2.0,0.00
1,2023-09-08,22.8,15.8,18.5,34.6,0.00,0.00,0.0,0.00
1,2023-09-09,26.3,17.4,11.3,23.4,0.10,0.10,1.0,0.00
1,2023-09-10,23.4,16.5,11.4,23.8,0.70,0.70,5.0,0.00
1,2023-09-11,26.8,21.5,19.3,38.5,0.00,0.00,0.0,0.00
1,2023-09-12,27.7,22.0,22.8,44.6,1.20,1.20,6.0,0.00
1,2023-09-13,25.6,18.7,10.5,22.3,8.40,8.40,11.0,0.00
1,2023-09-14,19.9,15.2,14.7,28.1,39.10,39.10,17.0,0.00
1,2023-09-15,22.1,14.7,13.0,27.0,0.30,0.30,3.0,0.00
1,2023-09-16,24.9,13.3,8.5,20.2,0.00,0.00,0.0,0.00
1,2023-09-17,25.0,18.3,16.0,31.3,9.40,9.40,7.0,0.00
1,2023-09-18,21.9,17.7,13.1,33.1,0.30,0.30,3.0,0.00
1,2023-09-19,24.8,17.0,19.9,38.2,1.10,1.10,3.0,0.00
1,2023-09-20,23.1,10.0,22.1,42.8,0.10,0.10,1.0,0.00
1,2023-09-21,17.5,14.1,18.0,37.1,6.70,6.70,10.0,0.00
1,2023-09-22,20.7,9.9,12.1,22.0,0.50,0.50,3.0,0.00
1,2023-09-23,18.6,8.6,13.0,28.4,0.60,0.60,5.0,0.00
1,2023-09-24,19.5,10.5,11.7,23.4,0.00,0.00,0.0,0.00
1,2023-09-25,21.0,13.6,15.6,29.2,0.00,0.00,0.0,0.00
1,2023-09-26,21.9,12.5,13.7,27.0,0.00,0.00,0.0,0.00
1,2023-09-27,21.7,15.1,11.9,24.1,0.10,0.10,1.0,0.00
1,2023-09-28,18.4,12.2,15.2,28.4,26.10,26.10,12.0,0.00
1,2023-09-29,22.5,9.2,21.3,40.0,0.40,0.40,2.0,0.00
1,2023-09-30,20.7,14.3,13.7,27.4,3.10,3.10,3.0,0.00
1,2023-10-01,22.9,10.6,17.5,36.0,1.10,1.10,6.0,0.00
1,2023-10-02,19.8,9.4,16.7,35.6,0.10,0.10,1.0,0.00
1,2023-10-03,17.3,8.2,29.2,54.7,0.10,0.10,1.0,0.00
1,2023-10-04,17.9,10.1,18.1,34.9,0.00,0.00,0.0,0.00
1,2023-10-05,15.0,10.0,19.7,40.0,14.70,14.70,12.0,0.00
1,2023-10-06,14.4,9.5,33.7,60.8,19.10,19.10,22.0,0.00
1,2023-10-07,11.6,8.0,26.1,53.3,17.40,17.40,22.0,0.00
1,2023-10-08,13.9,5.6,15.9,30.6,0.10,0.10,1.0,0.00
1,2023-10-09,17.0,7.1,13.3,25.9,0.10,0.10,1.0,0.00
1,2023-10-10,12.9,8.1,18.5,36.7,5.20,5.20,10.0,0.00
1,2023-10-11,12.4,4.3,16.9,37.4,0.00,0.00,0.0,0.00
1,2023-10-12,18.0,5.0,11.8,27.0,0.00,0.00,0.0,0.00
1,2023-10-13,19.4,5.9,12.4,24.1,0.00,0.00,0.0,0.00
1,2023-10-14,21.3,7.1,9.7,17.6,0.00,0.00,0.0,0.00
1,2023-10-15,20.1,11.2,14.0,27.4,3.60,3.60,6.0,0.00
1,2023-10-16,17.6,3.4,16.2,35.6,5.90,5.90,6.0,0.00
1,2023-10-17,11.7,7.0,21.4,40.7,0.10,0.10,1.0,0.00
1,2023-10-18,16.6,7.0,17.2,35.3,0.20,0.20,1.0,0.00
1,2023-10-19,17.8,10.2,23.9,45.7,1.20,1.20,5.0,0.00
1,2023-10-20,11.3,4.0,20.9,39.6,28.50,28.50,17.0,0.00
1,2023-10-21,10.5,0.1,15.2,31.3,3.70,3.70,5.0,0.00
1,2023-10-22,10.5,3.0,23.7,46.8,0.00,0.00,0.0,0.00
1,2023-10-23,11.8,1.4,27.4,54.4,0.10,0.10,1.0,0.00
1,2023-10-24,13.8,5.4,18.9,37.4,0.00,0.00,0.0,0.00
1,2023-10-25,18.1,5.1,10.9,23.0,0.00,0.00,0.0,0.00
1,2023-10-26,17.1,6.3,11.2,21.2,0.00,0.00,0.0,0.00
1,2023-10-27,15.0,8.6,13.4,26.6,1.50,1.50,7.0,0.00
1,2023-10-28,11.8,8.7,12.1,24.5,3.90,3.90,13.0,0.00
1,2023-10-29,9.5,6.9,10.9,22.3,0.50,0.50,3.0,0.00
1,2023-10-30,12.5,4.7,10.4,19.1,0.00,0.00,0.0,0.00
1,2023-10-31,14.9,5.2,13.2,22.7,0.00,0.00,0.0,0.00
1,2023-11-01,17.0,8.2,24.7,46.4,1.80,1.80,6.0,0.00
1,2023-11-02,10.0,4.0,24.2,44.6,0.30,0.30,3.0,0.00
1,2023-11-03,17.9,6.8,34.3,65.2,5.20,5.20,7.0,0.00
1,2023-11-04,7.2,1.4,13.2,27.0,0.90,0.90,6.0,0.00
1,2023-11-05,11.5,4.5,16.6,31.3,0.00,0.00,0.0,0.00
1,2023-11-06,16.8,8.8,33.7,63.7,16.70,16.70,17.0,0.00
1,2023-11-07,16.5,6.6,21.1,41.4,8.00,8.00,13.0,0.00
1,2023-11-08,8.2,5.3,19.2,38.5,0.00,0.00,0.0,0.00
1,2023-11-09,13.2,8.7,27.9,51.8,0.00,0.00,0.0,0.00
1,2023-11-10,15.5,1.6,36.8,66.6,15.70,15.70,15.0,0.00
1,2023-11-11,4.4,-5.0,27.9,54.7,0.00,0.00,0.0,0.00
1,2023-11-12,5.8,-5.4,13.9,28.4,0.00,0.00,0.0,0.00
1,2023-11-13,5.0,-2.2,11.2,22.0,0.00,0.00,0.0,0.00
1,2023-11-14,4.2,-3.1,15.1,31.0,0.20,0.00,2.0,0.14
1,2023-11-15,5.8,-2.8,8.1,16.6,0.00,0.00,0.0,0.00
1,2023-11-16,8.7,0.7,15.5,26.3,0.10,0.10,1.0,0.00
1,2023-11-17,10.5,7.2,29.0,54.7,16.00,16.00,11.0,0.00
1,2023-11-18,12.6,-0.1,28.2,50.8,0.00,0.00,0.0,0.00
1,2023-11-19,9.7,0.9,29.7,59.0,0.00,0.00,0.0,0.00
1,2023-11-20,7.8,-0.8,23.8,50.0,0.40,0.40,4.0,0.00
1,2023-11-21,10.4,2.2,16.3,32.8,0.00,0.00,0.0,0.00
1,2023-11-22,11.5,1.7,17.2,32.0,0.00,0.00,0.0,0.00
1,2023-11-23,14.7,4.5,24.9,47.2,2.00,2.00,3.0,0.00
1,2023-11-24,7.4,-4.9,22.8,43.9,2.90,0.60,10.0,1.61
1,2023-11-25,-3.2,-9.1,27.2,58.0,0.60,0.00,2.0,0.42
1,2023-11-26,-0.2,-3.7,11.6,25.2,0.20,0.00,1.0,0.14
1,2023-11-27,2.1,-4.4,7.9,16.9,3.80,0.00,6.0,2.66
1,2023-11-28,7.5,-2.3,22.1,43.2,0.20,0.00,2.0,0.14
1,2023-11-29,-0.6,-7.0,30.3,57.6,0.00,0.00,0.0,0.00
1,2023-11-30,-1.3,-7.9,22.7,44.6,0.00,0.00,0.0,0.00
1,2023-12-01,-1.2,-7.6,21.8,42.8,0.10,0.00,1.0,0.07
1,2023-12-02,1.7,-5.9,9.5,19.8,0.00,0.00,0.0,0.00
1,2023-12-03,4.6,-5.0,10.7,23.4,0.00,0.00,0.0,0.00
1,2023-12-04,5.4,-3.9,23.7,44.6,0.00,0.00,0.0,0.00
1,2023-12-05,7.9,-3.3,21.3,43.9,0.00,0.00,0.0,0.00
1,2023-12-06,8.7,-0.4,14.0,28.1,0.10,0.10,1.0,0.00
1,2023-12-07,10.0,-2.0,28.5,54.0,1.80,1.80,7.0,0.00
1,2023-12-08,5.1,-3.9,26.6,50.8,0.00,0.00,0.0,0.00
1,2023-12-09,10.0,-1.8,25.1,47.5,8.80,8.10,15.0,0.49
1,2023-12-10,2.4,-5.8,16.0,31.0,0.00,0.00,0.0,0.00
1,2023-12-11,-0.7,-5.9,27.0,51.8,0.50,0.10,2.0,0.28
1,2023-12-12,-2.2,-7.8,13.3,25.2,4.40,0.00,12.0,3.08
1,2023-12-13,-1.2,-8.4,22.9,43.6,0.40,0.00,3.0,0.28
1,2023-12-14,-5.1,-12.1,24.1,46.8,0.00,0.00,0.0,0.00
1,2023-12-15,-4.6,-11.3,9.5,20.2,0.60,0.00,6.0,0.42
1,2023-12-16,2.3,-6.5,39.3,71.6,7.10,0.10,14.0,4.90
1,2023-12-17,1.1,-12.6,34.9,73.1,4.20,0.00,8.0,2.94
1,2023-12-18,-6.6,-20.2,16.6,32.8,0.40,0.00,4.0,0.28
1,2023-12-19,-7.0,-18.1,14.1,25.6,0.00,0.00,0.0,0.00
1,2023-12-20,-3.5,-17.7,14.0,25.6,0.00,0.00,0.0,0.00
1,2023-12-21,-4.3,-14.5,16.1,28.4,0.00,0.00,0.0,0.00
1,2023-12-22,-4.4,-15.4,14.2,25.6,0.00,0.00,0.0,0.00
1,2023-12-23,-5.6,-14.9,15.8,30.2,0.00,0.00,0.0,0.00
1,2023-12-24,-6.0,-14.4,11.6,19.8,0.00,0.00,0.0,0.00
1,2023-12-25,-2.9,-10.8,19.4,34.9,0.20,0.00,2.0,0.14
1,2023-12-26,-1.9,-9.9,15.3,27.7,1.30,0.00,6.0,0.91
1,2023-12-27,-3.5,-16.4,14.4,28.4,0.30,0.00,2.0,0.21
1,2023-12-28,-2.1,-14.4,9.4,16.9,0.90,0.00,8.0,0.63
1,2023-12-29,-3.0,-9.4,9.7,17.3,0.90,0.00,9.0,0.63
1,2023-12-30,-0.9,-7.0,18.6,34.2,1.70,0.00,14.0,1.19
1,2023-12-31,-5.3,-9.9,22.4,38.9,8.60,0.00,23.0,6.02
1,2024-01-01,-7.6,-17.9,20.9,37.8,0.90,0.00,7.0,0.63
1,2024-01-02,-0.5,-12.3,27.6,48.2,0.40,0.00,4.0,0.28
1,2024-01-03,-3.7,-10.2,12.0,22.7,0.00,0.00,0.0,0.00
1,2024-01-04,-4.5,-15.3,12.2,20.9,0.00,0.00,0.0,0.00
1,2024-01-05,1.8,-10.8,18.8,36.7,2.70,0.60,5.0,1.54
1,2024-01-06,-0.3,-8.7,9.1,18.4,0.50,0.00,1.0,0.35
1,2024-01-07,-2.8,-10.3,24.5,44.3,0.80,0.10,5.0,0.49
1,2024-01-08,-3.5,-16.5,22.8,42.5,0.30,0.10,2.0,0.14
1,2024-01-09,-2.2,-11.9,21.7,39.6,0.50,0.00,5.0,0.35
1,2024-01-10,-5.9,-23.0,24.7,44.3,0.60,0.00,3.0,0.42
1,2024-01-11,1.5,-15.4,26.6,48.6,3.00,0.10,5.0,2.03
1,2024-01-12,2.6,-10.8,24.9,45.0,0.90,0.10,6.0,0.56
1,2024-01-13,-5.2,-20.1,23.5,42.8,0.40,0.00,4.0,0.28
1,2024-01-14,-3.8,-15.9,32.0,56.5,2.70,0.00,5.0,1.89
1,2024-01-15,-5.5,-10.3,40.7,72.0,5.50,0.00,17.0,3.92
1,2024-01-16,-8.4,-19.2,18.0,32.0,0.60,0.00,6.0,0.42
1,2024-01-17,-3.1,-10.9,14.8,27.0,0.00,0.00,0.0,0.00
1,2024-01-18,-1.5,-7.6,20.1,35.3,0.10,0.00,1.0,0.07
1,2024-01-19,-6.7,-20.4,20.9,37.4,0.00,0.00,0.0,0.00
1,2024-01-20,-7.3,-23.1,10.4,18.4,0.00,0.00,0.0,0.00
1,2024-01-21,-7.7,-14.8,9.8,18.0,0.40,0.00,4.0,0.28
1,2024-01-22,-4.6,-7.4,13.5,24.5,6.40,0.10,14.0,4.41
1,2024-01-23,-2.2,-15.1,13.6,23.0,9.80,0.00,9.0,6.86
1,2024-01-24,-2.9,-11.3,46.5,79.6,7.20,0.10,14.0,4.97
1,2024-01-25,-3.8,-5.0,46.8,81.4,21.40,0.10,24.0,14.91
1,2024-01-26,-3.2,-4.6,34.3,60.8,3.90,0.10,22.0,2.66
1,2024-01-27,-3.0,-4.1,25.4,44.6,1.90,0.00,15.0,1.33
1,2024-01-28,-0.9,-2.9,15.8,27.4,0.80,0.00,7.0,0.56
1,2024-01-29,0.4,-14.5,9.8,17.3,0.00,0.00,0.0,0.00
1,2024-01-30,0.1,-14.8,10.4,19.1,0.00,0.00,0.0,0.00
1,2024-01-31,-1.0,-10.1,23.1,39.6,0.30,0.00,2.0,0.21
1,2024-02-01,-4.7,-16.8,33.4,64.4,2.00,0.00,7.0,1.40
1,2024-02-02,-9.2,-14.5,19.9,37.4,2.10,0.00,12.0,1.47
1,2024-02-03,-6.8,-16.9,21.1,38.9,0.30,0.00,3.0,0.21
1,2024-02-04,-5.4,-12.7,13.1,23.8,1.50,0.00,13.0,1.05
1,2024-02-05,-7.5,-12.5,15.5,27.7,1.40,0.00,13.0,1.05
1,2024-02-06,-7.5,-20.1,16.0,29.2,0.00,0.00,0.0,0.00
1,2024-02-07,-6.2,-19.1,12.7,21.6,0.50,0.00,5.0,0.35
1,2024-02-08,-1.2,-15.5,16.3,28.8,0.50,0.00,5.0,0.35
1,2024-02-09,-4.9,-14.8,8.5,14.8,0.40,0.00,4.0,0.35
1,2024-02-10,-5.4,-10.4,9.5,17.3,0.20,0.00,2.0,0.14
1,2024-02-11,-4.6,-15.0,10.9,18.7,0.90,0.00,7.0,0.63
1,2024-02-12,-0.5,-11.3,12.6,24.1,0.00,0.00,0.0,0.00
1,2024-02-13,7.7,-3.0,19.4,33.8,0.00,0.00,0.0,0.00
1,2024-02-14,7.3,-6.6,13.7,26.6,0.00,0.00,0.0,0.00
1,2024-02-15,1.0,-5.8,22.3,38.5,10.40,0.10,22.0,7.21
1,2024-02-16,-5.4,-17.3,20.7,37.8,1.20,0.00,8.0,0.84
1,2024-02-17,-2.7,-11.0,21.6,36.7,0.00,0.00,0.0,0.00
1,2024-02-18,3.0,-4.7,18.9,37.4,0.00,0.00,0.0,0.00
1,2024-02-19,9.3,-2.5,34.3,60.1,1.20,1.10,5.0,0.07
1,2024-02-20,-1.9,-17.7,26.5,46.4,0.80,0.00,5.0,0.56
1,2024-02-21,-4.6,-17.4,13.9,25.9,0.00,0.00,0.0,0.00
1,2024-02-22,-5.7,-22.7,15.6,27.7,0.20,0.00,2.0,0.14
1,2024-02-23,-6.3,-19.8,11.3,23.0,0.70,0.00,6.0,0.49
1,2024-02-24,-6.5,-19.1,11.5,21.2,0.40,0.00,3.0,0.28
1,2024-02-25,-5.7,-11.4,10.2,19.4,1.30,0.00,7.0,0.91
1,2024-02-26,-4.4,-8.7,23.2,41.0,12.60,0.00,24.0,8.89
1,2024-02-27,-4.2,-10.1,28.7,49.0,2.60,0.00,23.0,1.82
1,2024-02-28,-8.3,-11.6,35.4,61.2,0.00,0.00,0.0,0.00
1,2024-02-29,-3.3,-15.7,22.5,40.0,0.00,0.00,0.0,0.00
1,2024-03-01,-0.3,-7.5,19.9,34.6,1.30,0.00,9.0,0.91
1,2024-03-02,-5.0,-9.4,33.5,58.0,0.00,0.00,0.0,0.00
1,2024-03-03,-1.5,-19.2,15.3,29.2,0.10,0.00,1.0,0.07
1,2024-03-04,-2.6,-18.1,20.1,36.4,0.20,0.00,2.0,0.14
1,2024-03-05,-1.2,-17.7,14.5,28.8,0.20,0.00,2.0,0.14
1,2024-03-06,-2.0,-12.0,8.4,18.7,0.10,0.00,1.0,0.07
1,2024-03-07,-2.9,-20.3,12.0,22.0,0.20,0.00,2.0,0.14
1,2024-03-08,-3.0,-18.2,11.3,20.5,0.00,0.00,0.0,0.00
1,2024-03-09,-2.3,-17.9,11.2,20.9,2.00,0.00,5.0,1.40
1,2024-03-10,-1.7,-16.0,14.3,24.5,0.20,0.00,2.0,0.14
1,2024-03-11,2.7,-7.7,12.5,23.8,0.00,0.00,0.0,0.00
1,2024-03-12,1.8,-6.1,27.3,47.5,3.20,0.10,10.0,2.17
1,2024-03-13,-5.6,-9.4,35.7,61.9,0.00,0.00,0.0,0.00
1,2024-03-14,-1.1,-11.2,12.5,23.8,1.50,0.00,8.0,1.05
1,2024-03-15,1.7,-10.1,12.3,22.3,0.00,0.00,0.0,0.00
1,2024-03-16,1.3,-12.1,19.4,36.4,0.10,0.00,1.0,0.07
1,2024-03-17,2.4,-3.4,30.0,52.2,8.50,0.20,18.0,5.81
1,2024-03-18,-2.9,-7.1,31.4,56.5,6.70,0.10,12.0,4.62
1,2024-03-19,-2.2,-9.8,26.9,47.9,0.00,0.00,0.0,0.00
1,2024-03-20,-2.2,-5.1,20.2,38.2,1.00,0.00,9.0,0.70
1,2024-03-21,-3.0,-7.0,21.9,38.5,0.20,0.00,2.0,0.28
1,2024-03-22,-0.2,-14.3,16.4,29.9,0.00,0.00,0.0,0.00
1,2024-03-23,3.4,-9.6,12.1,19.1,0.00,0.00,0.0,0.00
1,2024-03-24,7.3,-6.5,11.3,20.9,0.00,0.00,0.0,0.00
1,2024-03-25,3.1,-12.4,13.4,24.1,0.00,0.00,0.0,0.00
1,2024-03-26,1.8,-12.4,15.5,28.1,0.00,0.00,0.0,0.00
1,2024-03-27,1.6,-12.8,15.7,30.2,0.00,0.00,0.0,0.00
1,2024-03-28,5.0,-1.5,26.6,45.7,2.10,2.10,6.0,0.00
1,2024-03-29,6.8,1.7,32.3,58.7,20.60,20.60,10.0,0.00
1,2024-03-30,8.7,-3.3,20.3,38.9,1.10,0.60,5.0,0.35
1,2024-03-31,4.5,-7.4,11.8,28.1,2.10,0.90,6.0,0.84
1,2024-04-01,6.4,-4.5,10.6,24.1,1.70,0.20,4.0,1.05
1,2024-04-02,5.5,-5.6,21.1,46.4,1.30,0.20,2.0,0.77
1,2024-04-03,9.7,-4.1,13.2,29.2,0.00,0.00,0.0,0.00
1,2024-04-04,6.1,-3.9,12.4,24.1,0.00,0.00,0.0,0.00
1,2024-04-05,9.4,-0.5,27.4,53.3,0.10,0.10,1.0,0.00
1,2024-04-06,13.6,4.7,26.2,46.1,0.00,0.00,0.0,0.00
1,2024-04-07,13.1,5.5,35.3,66.6,0.00,0.00,0.0,0.00
1,2024-04-08,19.0,2.5,24.1,47.5,5.20,5.20,6.0,0.00
1,2024-04-09,2.3,-2.8,19.1,35.6,19.90,1.80,16.0,12.67
1,2024-04-10,9.4,-4.0,20.1,43.6,0.00,0.00,0.0,0.00
1,2024-04-11,15.5,6.7,14.3,26.6,0.00,0.00,0.0,0.00
1,2024-04-12,16.8,5.4,13.9,25.6,0.10,0.10,1.0,0.00
1,2024-04-13,18.2,5.5,15.6,29.2,0.00,0.00,0.0,0.00
1,2024-04-14,19.0,3.4,14.3,41.4,5.40,5.40,3.0,0.00
1,2024-04-15,21.8,9.3,16.0,31.3,0.00,0.00,0.0,0.00
1,2024-04-16,20.2,9.8,24.8,46.1,0.00,0.00,0.0,0.00
1,2024-04-17,19.5,8.8,21.3,42.1,0.00,0.00,0.0,0.00
1,2024-04-18,15.3,3.0,15.2,31.0,5.40,5.40,19.0,0.00
1,2024-04-19,5.2,2.2,30.1,55.4,4.80,4.80,17.0,0.00
1,2024-04-20,4.1,3.1,35.9,65.9,1.30,1.30,11.0,0.00
1,2024-04-21,4.9,3.0,18.6,34.9,0.50,0.50,5.0,0.00
1,2024-04-22,4.4,1.6,21.7,42.1,0.00,0.00,0.0,0.00
1,2024-04-23,7.2,-0.5,19.0,37.8,0.10,0.10,1.0,0.00
1,2024-04-24,12.5,7.3,29.7,56.2,3.40,3.40,7.0,0.00
1,2024-04-25,14.0,7.1,21.6,41.8,17.00,17.00,17.0,0.00
1,2024-04-26,23.6,8.0,11.9,25.6,0.00,0.00,0.0,0.00
1,2024-04-27,24.8,7.7,26.6,47.5,0.00,0.00,0.0,0.00
1,2024-04-28,16.5,3.0,21.0,41.4,0.30,0.30,1.0,0.00
1,2024-04-29,10.9,5.6,21.3,43.2,0.00,0.00,0.0,0.00
1,2024-04-30,9.9,4.1,26.3,49.0,4.40,4.40,9.0,0.00
1,2024-05-01,11.8,1.4,26.3,51.5,0.10,0.10,1.0,0.00
1,2024-05-02,19.8,5.4,18.8,45.0,3.70,3.70,4.0,0.00
1,2024-05-03,16.7,3.4,28.6,59.4,4.90,4.90,3.0,0.00
1,2024-05-04,11.5,3.5,14.0,32.0,0.20,0.20,1.0,0.00
1,2024-05-05,15.9,9.4,25.3,50.8,0.10,0.10,1.0,0.00
1,2024-05-06,12.4,6.2,10.5,17.3,8.40,8.40,19.0,0.00
1,2024-05-07,9.2,1.3,20.3,38.9,17.90,17.90,22.0,0.00
1,2024-05-08,3.0,1.3,25.1,47.5,0.90,0.90,8.0,0.00
1,2024-05-09,11.6,2.5,20.5,40.3,0.00,0.00,0.0,0.00
1,2024-05-10,16.8,4.9,18.7,36.7,0.80,0.80,5.0,0.00
1,2024-05-11,17.9,10.6,22.8,44.3,0.00,0.00,0.0,0.00
1,2024-05-12,21.9,15.5,24.2,46.1,2.80,2.80,5.0,0.00
1,2024-05-13,17.3,5.6,20.1,36.4,14.90,14.90,11.0,0.00
1,2024-05-14,21.5,9.3,17.1,31.7,0.00,0.00,0.0,0.00
1,2024-05-15,21.4,8.6,20.5,40.0,0.00,0.00,0.0,0.00
1,2024-05-16,21.6,11.1,22.9,45.0,1.10,1.10,2.0,0.00
1,2024-05-17,18.4,8.0,28.0,58.0,4.60,4.60,4.0,0.00
1,2024-05-18,24.5,13.9,23.5,44.3,0.00,0.00,0.0,0.00
1,2024-05-19,22.1,9.8,15.3,33.1,0.00,0.00,0.0,0.00
1,2024-05-20,21.0,6.0,21.0,40.0,2.80,2.80,6.0,0.00
1,2024-05-21,13.9,3.1,17.7,34.6,7.30,7.30,7.0,0.00
1,2024-05-22,21.4,13.4,33.6,62.3,0.00,0.00,0.0,0.00
1,2024-05-23,21.7,10.5,16.1,27.7,0.90,0.90,4.0,0.00
1,2024-05-24,10.0,2.0,24.3,46.8,9.40,9.30,19.0,0.07
1,2024-05-25,11.1,4.5,29.1,55.1,1.50,1.50,10.0,0.00
1,2024-05-26,18.4,8.8,26.3,50.4,2.00,2.00,9.0,0.00
1,2024-05-27,19.4,11.3,22.1,51.1,3.90,3.90,6.0,0.00
1,2024-05-28,15.6,4.7,16.4,34.9,6.60,6.60,15.0,0.00
1,2024-05-29,11.2,5.1,19.0,38.5,0.70,0.70,2.0,0.00
1,2024-05-30,11.2,5.6,15.0,30.6,1.60,1.60,6.0,0.00
1,2024-05-31,13.8,5.0,14.2,28.1,0.00,0.00,0.0,0.00
1,2024-06-01,15.7,6.3,17.1,35.6,0.00,0.00,0.0,0.00
1,2024-06-02,18.5,6.1,19.5,37.4,0.00,0.00,0.0,0.00
1,2024-06-03,17.8,8.1,18.4,36.7,0.00,0.00,0.0,0.00
1,2024-06-04,17.4,8.5,16.8,33.8,0.00,0.00,0.0,0.00
1,2024-06-05,13.3,5.7,13.7,28.8,1.50,1.50,5.0,0.00
1,2024-06-06,14.7,5.7,12.5,23.8,0.00,0.00,0.0,0.00
1,2024-06-07,20.6,10.8,15.2,31.3,0.00,0.00,0.0,0.00
1,2024-06-08,24.3,14.9,25.2,47.2,0.00,0.00,0.0,0.00
1,2024-06-09,21.5,14.5,27.8,53.6,1.60,1.60,1.0,0.00
1,2024-06-10,19.6,11.5,21.3,45.0,8.10,8.10,7.0,0.00
1,2024-06-11,22.3,12.9,14.6,32.4,5.70,5.70,6.0,0.00
1,2024-06-12,26.1,14.6,13.7,25.6,0.10,0.10,1.0,0.00
1,2024-06-13,19.4,10.7,13.9,31.0,0.60,0.60,5.0,0.00
1,2024-06-14,18.7,11.1,14.8,29.2,1.10,1.10,4.0,0.00
1,2024-06-15,24.6,15.5,25.8,49.0,0.10,0.10,1.0,0.00
1,2024-06-16,24.6,16.4,30.6,58.3,0.60,0.60,2.0,0.00
1,2024-06-17,22.3,16.7,22.0,41.8,1.10,1.10,3.0,0.00
1,2024-06-18,25.9,13.4,22.8,45.4,1.60,1.60,6.0,0.00
1,2024-06-19,19.3,10.4,12.4,27.4,0.00,0.00,0.0,0.00
1,2024-06-20,20.9,14.3,15.2,29.9,0.50,0.50,2.0,0.00
1,2024-06-21,19.3,12.7,9.6,21.2,5.80,5.80,12.0,0.00
1,2024-06-22,19.5,11.8,14.9,32.4,5.80,5.80,3.0,0.00
1,2024-06-23,14.4,12.0,10.5,23.0,1.00,1.00,3.0,0.00
1,2024-06-24,19.4,13.8,20.2,40.0,20.40,20.40,11.0,0.00
1,2024-06-25,24.0,11.6,21.1,40.3,10.30,10.30,6.0,0.00
1,2024-06-26,19.5,9.1,21.2,41.4,0.00,0.00,0.0,0.00
1,2024-06-27,25.2,14.1,16.5,32.4,0.60,0.60,5.0,0.00
1,2024-06-28,27.2,15.6,9.7,19.4,0.00,0.00,0.0,0.00
1,2024-06-29,29.3,16.9,9.2,21.2,0.00,0.00,0.0,0.00
1,2024-06-30,28.8,19.0,21.5,40.7,16.00,16.00,7.0,0.00
1,2024-07-01,27.3,14.5,27.1,51.1,8.90,8.90,4.0,0.00
1,2024-07-02,24.7,14.3,28.3,52.9,0.40,0.40,1.0,0.00
1,2024-07-03,29.2,15.0,20.6,40.0,0.00,0.00,0.0,0.00
1,2024-07-04,28.8,15.6,16.2,32.4,0.00,0.00,0.0,0.00
1,2024-07-05,27.4,18.7,24.2,46.1,0.80,0.80,1.0,0.00
1,2024-07-06,27.8,19.7,23.5,47.9,5.40,5.40,11.0,0.00
1,2024-07-07,26.1,18.1,19.2,37.1,0.10,0.10,1.0,0.00
1,2024-07-08,25.2,16.9,16.2,32.8,18.00,18.00,18.0,0.00
1,2024-07-09,25.2,17.7,16.5,30.6,0.60,0.60,5.0,0.00
1,2024-07-10,24.9,17.2,13.5,27.0,2.70,2.70,9.0,0.00
1,2024-07-11,25.6,17.0,14.2,28.8,4.80,4.80,6.0,0.00
1,2024-07-12,25.9,15.6,18.5,39.2,4.00,4.00,9.0,0.00
1,2024-07-13,21.1,15.2,15.1,32.0,0.60,0.60,5.0,0.00
1,2024-07-14,22.8,14.9,13.1,27.4,7.50,7.50,9.0,0.00
1,2024-07-15,25.5,16.2,11.6,25.2,0.10,0.10,1.0,0.00
1,2024-07-16,28.7,17.5,16.9,32.8,0.00,0.00,0.0,0.00
1,2024-07-17,30.5,17.9,13.7,26.6,0.10,0.10,1.0,0.00
1,2024-07-18,28.3,18.8,17.5,35.6,0.00,0.00,0.0,0.00
1,2024-07-19,28.6,21.8,28.7,55.1,8.70,8.70,4.0,0.00
1,2024-07-20,29.7,20.3,13.2,26.3,0.00,0.00,0.0,0.00
1,2024-07-21,31.7,23.1,27.4,55.1,0.00,0.00,0.0,0.00
1,2024-07-22,30.7,22.4,22.2,49.7,1.20,1.20,7.0,0.00
1,2024-07-23,31.4,22.1,21.1,39.2,16.30,16.30,14.0,0.00
1,2024-07-24,22.7,15.5,14.0,28.1,9.70,9.70,8.0,0.00
1,2024-07-25,23.5,15.4,17.1,36.4,0.00,0.00,0.0,0.00
1,2024-07-26,18.6,14.5,10.1,23.0,0.10,0.10,1.0,0.00
1,2024-07-27,25.6,18.8,13.6,25.2,2.30,2.30,5.0,0.00
1,2024-07-28,25.9,20.2,25.2,49.0,3.10,3.10,8.0,0.00
1,2024-07-29,24.2,18.5,18.7,34.9,15.60,15.60,19.0,0.00
1,2024-07-30,21.0,16.3,20.0,39.2,1.60,1.60,9.0,0.00
1,2024-07-31,21.1,15.3,11.2,24.1,0.00,0.00,0.0,0.00
1,2024-08-01,27.2,20.6,20.7,39.6,0.00,0.00,0.0,0.00
1,2024-08-02,28.9,19.9,21.6,41.8,0.00,0.00,0.0,0.00
1,2024-08-03,30.2,21.3,16.8,31.7,0.00,0.00,0.0,0.00
1,2024-08-04,25.0,15.6,15.1,33.1,15.50,15.50,13.0,0.00
1,2024-08-05,24.3,16.7,9.4,20.9,2.20,2.20,3.0,0.00
1,2024-08-06,28.5,21.6,18.9,36.4,0.00,0.00,0.0,0.00
1,2024-08-07,29.5,22.5,16.9,31.3,16.30,16.30,12.0,0.00
1,2024-08-08,25.0,19.9,6.5,16.9,3.60,3.60,10.0,0.00
1,2024-08-09,28.7,20.1,9.0,22.7,10.50,10.50,11.0,0.00
1,2024-08-10,21.6,16.7,14.6,29.5,1.50,1.50,9.0,0.00
1,2024-08-11,21.2,17.6,12.5,26.6,0.00,0.00,0.0,0.00
1,2024-08-12,28.9,22.9,21.1,40.0,0.00,0.00,0.0,0.00
1,2024-08-13,29.8,23.1,22.3,43.2,0.00,0.00,0.0,0.00
1,2024-08-14,30.7,18.5,20.3,39.2,4.00,4.00,10.0,0.00
1,2024-08-15,21.2,17.3,11.8,24.8,0.20,0.20,2.0,0.00
1,2024-08-16,21.2,17.4,13.8,27.4,0.20,0.20,2.0,0.00
1,2024-08-17,25.2,18.5,15.0,32.0,0.30,0.30,2.0,0.00
1,2024-08-18,22.1,15.3,13.1,27.4,0.00,0.00,0.0,0.00
1,2024-08-19,25.6,14.5,15.9,32.8,16.50,16.50,18.0,0.00
1,2024-08-20,21.5,13.0,13.5,28.1,0.00,0.00,0.0,0.00
1,2024-08-21,24.5,16.5,20.3,38.9,0.00,0.00,0.0,0.00
1,2024-08-22,24.6,21.6,31.0,58.3,37.80,37.80,10.0,0.00
1,2024-08-23,28.8,25.0,26.4,49.3,3.20,3.20,2.0,0.00
1,2024-08-24,29.6,16.7,20.3,40.7,0.70,0.70,4.0,0.00
1,2024-08-25,21.7,16.1,13.6,25.9,2.20,2.20,4.0,0.00
1,2024-08-26,26.4,19.4,16.0,32.0,6.40,6.40,5.0,0.00
1,2024-08-27,25.9,19.2,17.5,33.8,26.80,26.80,19.0,0.00
1,2024-08-28,22.8,17.6,6.6,15.8,0.30,0.30,2.0,0.00
1,2024-08-29,27.8,20.1,14.9,28.8,4.40,4.40,3.0,0.00
1,2024-08-30,28.2,22.1,19.4,37.8,0.80,0.80,2.0,0.00
1,2024-08-31,24.9,16.2,24.6,55.1,26.50,26.50,7.0,0.00
1,2024-09-01,27.4,14.9,13.2,25.2,0.00,0.00,0.0,0.00
1,2024-09-02,27.0,14.9,13.6,29.9,0.40,0.40,1.0,0.00
1,2024-09-03,26.6,14.7,13.8,26.6,0.00,0.00,0.0,0.00
1,2024-09-04,25.3,16.0,26.2,48.6,0.00,0.00,0.0,0.00
1,2024-09-05,24.9,19.0,27.9,54.4,2.70,2.70,4.0,0.00
1,2024-09-06,25.0,14.0,13.6,28.8,0.00,0.00,0.0,0.00
1,2024-09-07,24.9,12.7,9.0,18.4,0.00,0.00,0.0,0.00
1,2024-09-08,27.5,15.8,15.8,31.0,0.00,0.00,0.0,0.00
1,2024-09-09,21.4,13.7,20.2,38.2,0.00,0.00,0.0,0.00
1,2024-09-10,24.6,20.4,29.1,55.8,0.50,0.50,2.0,0.00
1,2024-09-11,22.5,15.4,10.4,19.8,0.20,0.20,2.0,0.00
1,2024-09-12,25.6,14.4,9.4,18.0,0.00,0.00,0.0,0.00
1,2024-09-13,23.8,7.4,21.7,42.5,0.30,0.30,2.0,0.00
1,2024-09-14,19.5,14.4,14.8,29.5,35.40,35.40,10.0,0.00
1,2024-09-15,17.4,10.9,16.5,34.9,0.00,0.00,0.0,0.00
1,2024-09-16,19.9,14.2,16.0,29.5,1.00,1.00,5.0,0.00
1,2024-09-17,23.7,14.5,12.1,26.6,0.10,0.10,1.0,0.00
1,2024-09-18,24.6,10.5,15.0,29.2,0.10,0.10,1.0,0.00
1,2024-09-19,18.7,9.2,20.3,41.8,0.10,0.10,1.0,0.00
1,2024-09-20,21.2,9.9,23.8,45.4,1.00,1.00,2.0,0.00
1,2024-09-21,14.2,4.7,17.4,33.8,0.10,0.10,1.0,0.00
1,2024-09-22,14.3,8.1,15.4,31.3,0.20,0.20,2.0,0.00
1,2024-09-23,15.0,4.7,12.6,25.6,0.20,0.20,2.0,0.00
1,2024-09-24,18.7,9.3,15.3,29.2,0.00,0.00,0.0,0.00
1,2024-09-25,19.2,11.5,21.3,41.0,0.00,0.00,0.0,0.00
1,2024-09-26,21.5,14.4,17.3,35.6,8.80,8.80,6.0,0.00
1,2024-09-27,20.7,14.6,13.4,27.0,15.40,15.40,13.0,0.00
1,2024-09-28,15.6,12.6,19.8,38.5,0.50,0.50,5.0,0.00
1,2024-09-29,16.2,9.2,9.6,19.4,0.10,0.10,1.0,0.00
1,2024-09-30,21.0,9.9,26.3,49.7,0.00,0.00,0.0,0.00
1,2024-10-01,24.0,9.9,19.0,34.2,0.00,0.00,0.0,0.00
1,2024-10-02,23.5,10.4,19.8,35.6,5.10,5.10,12.0,0.00
1,2024-10-03,16.2,11.4,7.5,19.1,14.10,14.10,12.0,0.00
1,2024-10-04,13.0,11.2,14.9,29.9,17.50,17.50,16.0,0.00
1,2024-10-05,16.3,7.8,23.8,46.1,0.10,0.10,1.0,0.00
1,2024-10-06,20.2,11.8,14.4,29.5,0.00,0.00,0.0,0.00
1,2024-10-07,16.9,12.7,15.0,29.9,4.20,4.20,11.0,0.00
1,2024-10-08,14.1,6.3,12.3,25.9,1.00,1.00,4.0,0.00
1,2024-10-09,15.0,3.8,9.1,18.0,0.00,0.00,0.0,0.00
1,2024-10-10,15.1,4.5,12.8,26.6,0.00,0.00,0.0,0.00
1,2024-10-11,12.8,2.6,15.7,31.7,0.00,0.00,0.0,0.00
1,2024-10-12,16.8,10.1,16.5,33.1,0.00,0.00,0.0,0.00
1,2024-10-13,16.1,2.9,20.9,40.7,0.00,0.00,0.0,0.00
1,2024-10-14,16.8,10.4,20.4,38.9,0.00,0.00,0.0,0.00
1,2024-10-15,18.8,15.5,30.6,57.6,6.90,6.90,6.0,0.00
1,2024-10-16,19.0,3.9,17.8,34.2,0.00,0.00,0.0,0.00
1,2024-10-17,17.0,4.0,8.6,16.2,0.00,0.00,0.0,0.00
1,2024-10-18,18.1,12.3,26.4,50.4,8.30,8.30,7.0,0.00
1,2024-10-19,18.8,2.3,34.5,65.2,21.20,21.20,9.0,0.00
1,2024-10-20,8.2,-1.2,23.8,46.1,0.00,0.00,0.0,0.00
1,2024-10-21,13.8,8.2,20.4,39.6,0.00,0.00,0.0,0.00
1,2024-10-22,18.1,12.6,24.4,47.2,1.10,1.10,4.0,0.00
1,2024-10-23,19.6,14.7,37.4,70.6,26.50,26.50,16.0,0.00
1,2024-10-24,20.1,8.4,10.5,27.0,0.00,0.00,0.0,0.00
1,2024-10-25,13.7,4.5,17.9,32.0,0.00,0.00,0.0,0.00
1,2024-10-26,15.7,1.6,28.8,55.4,0.30,0.30,1.0,0.00
1,2024-10-27,10.7,7.0,30.1,55.8,0.80,0.80,2.0,0.00
1,2024-10-28,8.7,-0.1,32.4,61.6,1.80,1.80,9.0,0.00
1,2024-10-29,11.4,0.3,15.5,30.6,0.10,0.10,1.0,0.00
1,2024-10-30,12.2,3.7,10.0,20.9,3.30,3.30,3.0,0.00
1,2024-10-31,13.0,2.4,19.6,38.9,0.10,0.10,1.0,0.00
1,2024-11-01,12.6,5.4,10.7,23.0,0.10,0.10,1.0,0.00
1,2024-11-02,14.2,4.9,16.6,31.0,1.50,1.50,3.0,0.00
1,2024-11-03,8.7,1.9,21.2,40.7,4.20,3.90,5.0,0.21
1,2024-11-04,10.9,3.5,25.9,49.7,1.20,1.20,8.0,0.00
1,2024-11-05,8.5,-1.6,22.5,43.9,0.00,0.00,0.0,0.00
1,2024-11-06,6.8,-2.8,22.0,38.2,1.90,0.90,10.0,0.70
1,2024-11-07,4.1,-2.3,31.6,58.0,2.10,1.00,9.0,0.77
1,2024-11-08,6.3,-1.4,19.0,36.0,0.20,0.00,1.0,0.14
1,2024-11-09,5.6,-4.2,21.1,40.0,0.00,0.00,0.0,0.00
1,2024-11-10,11.9,3.3,29.0,53.6,0.90,0.90,3.0,0.00
1,2024-11-11,11.8,-2.8,19.8,38.9,0.00,0.00,0.0,0.00
1,2024-11-12,9.5,-1.2,22.5,46.4,2.80,1.30,5.0,1.05
1,2024-11-13,3.6,-4.4,18.4,40.3,0.00,0.00,0.0,0.00
1,2024-11-14,8.3,-1.0,9.4,20.5,0.00,0.00,0.0,0.00
1,2024-11-15,7.4,-1.0,9.1,18.4,2.90,2.90,4.0,0.00
1,2024-11-16,15.6,4.4,32.4,68.8,0.50,0.50,3.0,0.00
1,2024-11-17,17.9,-0.4,31.8,68.8,9.90,9.90,15.0,0.00
1,2024-11-18,2.7,-4.4,19.1,42.1,0.30,0.00,2.0,0.21
1,2024-11-19,0.5,-4.2,21.0,48.6,0.00,0.00,0.0,0.00
1,2024-11-20,7.1,-2.1,9.7,23.8,11.30,0.50,5.0,7.56
1,2024-11-21,7.9,1.1,10.3,24.1,0.00,0.00,0.0,0.00
1,2024-11-22,4.3,-0.2,16.9,33.5,5.90,3.60,13.0,1.61
1,2024-11-23,2.8,-2.7,22.3,48.6,0.90,0.20,5.0,0.49
1,2024-11-24,2.1,-0.7,27.2,61.9,0.00,0.00,0.0,0.00
1,2024-11-25,3.7,-5.1,18.5,41.0,0.00,0.00,0.0,0.00
1,2024-11-26,5.0,-1.4,14.5,30.2,8.00,8.00,8.0,0.00
1,2024-11-27,7.6,0.9,15.8,31.0,2.00,2.00,3.0,0.00
1,2024-11-28,4.8,-2.0,11.1,20.5,4.30,3.90,5.0,0.28
1,2024-11-29,3.8,-3.2,16.6,37.4,1.10,0.20,2.0,0.63
1,2024-11-30,2.9,-4.6,20.6,46.8,0.00,0.00,0.0,0.00
1,2024-12-01,4.0,-5.1,28.1,61.6,0.00,0.00,0.0,0.00
1,2024-12-02,6.4,-0.8,20.1,40.3,0.70,0.70,6.0,0.00
1,2024-12-03,5.8,-2.6,8.1,15.8,0.40,0.10,4.0,0.21
1,2024-12-04,1.5,-5.6,14.6,30.6,1.80,0.00,7.0,1.26
1,2024-12-05,3.8,-4.1,24.0,53.3,0.80,0.00,5.0,0.56
1,2024-12-06,-0.2,-6.9,18.4,37.8,0.20,0.00,2.0,0.14
1,2024-12-07,-0.7,-9.3,23.6,56.2,0.00,0.00,0.0,0.00
1,2024-12-08,-1.0,-4.3,24.4,50.8,0.70,0.00,2.0,0.49
1,2024-12-09,-0.3,-4.8,24.3,52.9,0.20,0.00,1.0,0.14
1,2024-12-10,-0.1,-6.4,19.3,43.6,1.40,0.00,3.0,0.98
1,2024-12-11,0.1,-8.5,18.1,41.8,0.90,0.00,4.0,0.63
1,2024-12-12,-3.6,-9.6,21.5,49.3,0.70,0.00,7.0,0.49
1,2024-12-13,-4.3,-11.4,8.7,18.0,1.40,0.00,11.0,0.98
1,2024-12-14,-4.8,-10.8,14.1,32.8,0.10,0.00,1.0,0.07
1,2024-12-15,0.1,-8.5,22.4,46.4,0.40,0.00,4.0,0.28
1,2024-12-16,-2.7,-10.5,19.0,42.8,0.10,0.00,1.0,0.07
1,2024-12-17,-3.6,-12.5,13.7,31.0,0.00,0.00,0.0,0.00
1,2024-12-18,-2.5,-9.7,20.6,45.0,0.00,0.00,0.0,0.00
1,2024-12-19,-2.5,-9.1,9.9,21.2,0.10,0.00,1.0,0.07
1,2024-12-20,-4.2,-12.1,18.9,42.8,0.20,0.00,2.0,0.14
1,2024-12-21,-3.5,-10.3,8.7,18.0,0.10,0.10,1.0,0.00
1,2024-12-22,-3.1,-7.0,13.7,28.8,3.80,0.00,18.0,2.66
1,2024-12-23,-2.8,-10.0,11.5,24.1,0.10,0.00,1.0,0.07
1,2024-12-24,-2.4,-9.9,13.4,27.0,0.00,0.00,0.0,0.00
1,2024-12-25,2.4,-10.9,24.3,48.2,0.80,0.50,3.0,0.21
1,2024-12-26,2.7,-7.9,27.0,58.3,0.80,0.20,7.0,0.42
1,2024-12-27,-4.4,-8.0,26.4,57.6,0.00,0.00,0.0,0.00
1,2024-12-28,-1.7,-12.4,21.7,49.7,0.00,0.00,0.0,0.00
1,2024-12-29,-0.6,-9.7,18.3,42.8,1.40,0.00,7.0,0.98
1,2024-12-30,-6.1,-14.0,11.1,24.8,0.30,0.00,3.0,0.35
1,2024-12-31,-3.8,-8.0,15.2,29.5,14.10,0.00,22.0,9.87
1,2025-01-01,-3.9,-15.1,15.3,31.7,0.40,0.00,4.0,0.28
1,2025-01-02,-3.4,-17.1,9.7,19.1,0.10,0.00,1.0,0.07
1,2025-01-03,-5.3,-17.5,12.9,27.0,0.00,0.00,0.0,0.00
1,2025-01-04,-4.2,-13.2,15.3,30.6,0.00,0.00,0.0,0.00
1,2025-01-05,-2.6,-13.8,17.3,35.3,1.50,0.00,1.0,1.05
1,2025-01-06,3.2,-2.1,20.8,42.8,11.60,1.40,22.0,7.21
1,2025-01-07,-1.4,-5.7,24.3,50.8,3.70,0.20,8.0,2.45
1,2025-01-08,-2.5,-6.7,20.6,45.0,0.00,0.00,0.0,0.00
1,2025-01-09,-1.3,-13.1,15.6,33.8,2.90,0.00,4.0,2.10
1,2025-01-10,-0.7,-7.5,21.3,44.3,7.20,0.00,16.0,5.04
1,2025-01-11,-3.1,-17.8,13.0,27.0,0.40,0.00,3.0,0.35
1,2025-01-12,-4.3,-16.5,8.5,19.8,0.00,0.00,0.0,0.00
1,2025-01-13,-2.8,-12.4,6.3,13.3,0.60,0.00,3.0,0.42
1,2025-01-14,0.2,-16.2,10.8,21.2,0.60,0.00,3.0,0.42
1,2025-01-15,-3.4,-14.3,18.2,36.4,0.00,0.00,0.0,0.00
1,2025-01-16,-3.6,-13.3,15.2,31.3,0.10,0.00,1.0,0.07
1,2025-01-17,-3.9,-8.5,20.5,41.0,0.00,0.00,0.0,0.00
1,2025-01-18,-4.3,-17.0,13.6,30.6,0.00,0.00,0.0,0.00
1,2025-01-19,0.9,-10.4,18.2,36.0,1.20,0.10,2.0,0.77
1,2025-01-20,3.3,-4.5,13.0,25.6,0.50,0.30,5.0,0.14
1,2025-01-21,-3.4,-13.4,10.5,23.4,0.00,0.00,0.0,0.00
1,2025-01-22,-1.5,-11.5,9.7,17.6,0.00,0.00,0.0,0.00
1,2025-01-23,1.9,-10.4,14.3,28.8,0.30,0.00,1.0,0.21
1,2025-01-24,-0.2,-4.5,14.4,29.2,8.00,0.00,20.0,5.60
1,2025-01-25,-0.1,-3.0,14.2,29.5,0.90,0.00,9.0,0.63
1,2025-01-26,-1.6,-2.6,19.3,38.2,3.40,0.20,15.0,2.24
1,2025-01-27,-1.2,-3.6,22.7,47.5,5.60,0.10,23.0,3.85
1,2025-01-28,-0.1,-11.3,19.6,40.0,0.40,0.00,3.0,0.28
1,2025-01-29,1.2,-7.0,19.9,39.6,1.30,0.00,8.0,0.91
1,2025-01-30,-1.0,-3.0,19.3,41.0,1.70,0.00,14.0,1.19
1,2025-01-31,-1.9,-5.8,17.8,38.5,1.00,0.00,7.0,0.70
1,2025-02-01,-3.4,-15.2,10.8,23.0,0.70,0.00,6.0,0.49
1,2025-02-02,-2.3,-14.7,10.3,21.6,0.20,0.00,2.0,0.14
1,2025-02-03,-2.2,-8.3,14.1,37.4,8.40,0.00,15.0,5.95
1,2025-02-04,-1.8,-9.0,15.1,28.4,17.70,0.00,9.0,12.39
1,2025-02-05,0.3,-9.7,19.1,41.8,0.10,0.00,1.0,0.07
1,2025-02-06,1.4,-17.0,10.3,23.0,0.00,0.00,0.0,0.00
1,2025-02-07,-1.5,-9.2,20.6,41.4,5.00,0.00,15.0,3.57
1,2025-02-08,-1.7,-5.3,27.9,57.6,8.00,0.10,24.0,5.53
1,2025-02-09,-3.3,-8.6,23.6,47.2,0.60,0.00,6.0,0.42
1,2025-02-10,-2.6,-9.5,15.3,31.7,1.00,0.00,8.0,0.70
1,2025-02-11,-4.2,-14.3,14.0,29.2,0.50,0.00,4.0,0.35
1,2025-02-12,2.2,-8.5,20.2,39.6,2.10,0.00,10.0,1.47
1,2025-02-13,-2.0,-12.1,20.3,48.6,1.70,0.00,10.0,1.19
1,2025-02-14,-2.6,-9.2,16.0,37.4,4.20,0.00,10.0,2.94
1,2025-02-15,-1.6,-16.1,24.0,46.8,0.20,0.00,2.0,0.14
1,2025-02-16,-1.0,-10.1,8.0,16.2,0.10,0.00,1.0,0.07
1,2025-02-17,-2.6,-9.2,12.5,26.3,4.00,0.00,15.0,2.80
1,2025-02-18,-1.7,-7.0,18.2,36.7,2.10,0.00,9.0,1.47
1,2025-02-19,-4.0,-6.8,21.7,45.7,1.00,0.00,8.0,0.70
1,2025-02-20,-3.3,-14.1,26.4,53.3,4.40,0.10,8.0,3.01
1,2025-02-21,-2.0,-8.9,15.2,32.4,0.40,0.00,4.0,0.28
1,2025-02-22,-3.7,-12.9,12.6,27.0,0.20,0.00,2.0,0.14
1,2025-02-23,-2.3,-10.0,14.2,31.0,0.10,0.00,1.0,0.14
1,2025-02-24,1.2,-13.1,10.8,22.3,0.00,0.00,0.0,0.00
1,2025-02-25,2.9,-8.1,18.2,36.0,0.00,0.00,0.0,0.00
1,2025-02-26,3.4,-8.5,26.6,56.2,0.70,0.20,3.0,0.35
1,2025-02-27,-1.9,-11.1,18.3,37.4,0.90,0.00,7.0,0.70
1,2025-02-28,5.6,-2.3,24.2,47.9,0.00,0.00,0.0,0.00
1,2025-03-01,7.3,-11.2,14.1,30.6,0.10,0.00,1.0,0.07
1,2025-03-02,0.3,-12.4,25.9,51.8,0.20,0.00,2.0,0.14
1,2025-03-03,-5.6,-19.1,20.6,42.1,0.30,0.00,3.0,0.21
1,2025-03-04,-3.8,-15.3,19.1,42.5,0.30,0.00,3.0,0.21
1,2025-03-05,-1.0,-7.3,14.1,31.0,3.70,0.00,16.0,2.59
1,2025-03-06,-1.6,-4.9,11.4,23.4,3.60,0.00,18.0,2.52
1,2025-03-07,-2.5,-8.2,18.6,39.2,3.30,0.00,11.0,2.38
1,2025-03-08,0.4,-10.8,17.5,36.0,0.00,0.00,0.0,0.00
1,2025-03-09,3.0,-15.9,20.5,44.6,1.60,0.10,4.0,1.05
1,2025-03-10,3.3,-5.9,14.5,27.7,0.00,0.00,0.0,0.00
1,2025-03-11,5.9,-8.1,15.3,32.0,0.00,0.00,0.0,0.00
1,2025-03-12,6.8,-1.2,12.0,26.3,1.00,0.40,2.0,0.42
1,2025-03-13,6.5,0.1,23.0,48.2,1.20,0.90,5.0,0.21
1,2025-03-14,-0.1,-3.7,28.5,62.6,4.60,0.00,21.0,3.22
1,2025-03-15,-0.9,-5.3,23.9,51.5,0.70,0.00,7.0,0.49
1,2025-03-16,1.0,-4.8,20.8,41.8,9.70,0.00,16.0,6.79
1,2025-03-17,-3.2,-5.2,27.6,57.6,18.40,0.00,24.0,12.88
1,2025-03-18,-1.7,-13.5,11.4,25.2,0.20,0.00,2.0,0.14
1,2025-03-19,1.9,-9.0,11.7,23.0,2.30,0.00,7.0,1.61
1,2025-03-20,4.1,-3.3,22.2,44.3,0.20,0.00,2.0,0.14
1,2025-03-21,5.7,0.9,20.6,45.7,1.80,1.60,3.0,0.14
1,2025-03-22,7.8,-4.5,22.8,49.7,3.40,3.00,3.0,0.28
1,2025-03-23,3.1,-9.7,28.9,58.3,0.00,0.00,0.0,0.00
1,2025-03-24,7.2,2.2,21.6,42.8,6.00,6.00,5.0,0.00
1,2025-03-25,4.5,-2.0,15.1,33.1,2.60,2.60,2.0,0.00
1,2025-03-26,3.5,-6.3,30.1,62.3,5.10,2.90,9.0,1.54
1,2025-03-27,0.7,-1.0,13.3,27.4,3.50,1.80,14.0,1.19
1,2025-03-28,2.7,-4.8,17.6,35.3,6.10,3.60,14.0,1.75
1,2025-03-29,3.9,-9.7,19.7,40.7,0.10,0.00,1.0,0.07
1,2025-03-30,3.8,-12.4,28.7,58.3,5.50,0.00,6.0,3.85
1,2025-03-31,2.2,-8.8,9.4,18.0,0.20,0.00,2.0,0.14
1,2025-04-01,6.1,-3.1,18.6,37.1,0.00,0.00,0.0,0.00
1,2025-04-02,5.6,-0.8,14.7,34.2,0.40,0.00,4.0,0.28
1,2025-04-03,0.5,-1.4,19.2,38.5,7.40,0.10,24.0,5.11
1,2025-04-04,4.5,-0.6,26.4,57.2,2.60,0.00,10.0,1.82
1,2025-04-05,8.6,-3.2,12.7,28.4,0.00,0.00,0.0,0.00
1,2025-04-06,12.9,1.9,15.8,38.5,4.10,4.10,9.0,0.00
1,2025-04-07,15.5,2.2,15.6,32.8,1.60,1.60,8.0,0.00
1,2025-04-08,8.7,-0.2,14.9,36.4,0.30,0.30,2.0,0.00
1,2025-04-09,10.3,-0.3,10.5,27.7,1.30,1.30,5.0,0.00
1,2025-04-10,17.9,1.4,18.7,45.0,0.00,0.00,0.0,0.00
1,2025-04-11,17.2,0.7,14.5,36.4,0.00,0.00,0.0,0.00
1,2025-04-12,14.2,4.1,15.6,38.5,0.50,0.50,4.0,0.00
1,2025-04-13,14.2,2.8,21.5,53.3,0.10,0.10,1.0,0.00
1,2025-04-14,9.8,4.2,19.6,44.6,11.90,11.90,12.0,0.00
1,2025-04-15,18.2,4.2,19.7,41.0,13.10,13.10,12.0,0.00
1,2025-04-16,6.3,3.9,32.7,68.8,11.90,10.60,17.0,0.91
1,2025-04-17,12.1,0.1,31.2,68.4,0.00,0.00,0.0,0.00
1,2025-04-18,14.5,4.5,16.6,36.4,6.70,6.70,4.0,0.00
1,2025-04-19,14.1,4.2,16.7,41.4,3.10,3.10,6.0,0.00
1,2025-04-20,15.8,2.6,27.2,60.5,7.40,7.40,6.0,0.00
1,2025-04-21,6.6,0.4,21.1,47.2,0.70,0.40,5.0,0.21
1,2025-04-22,9.9,2.5,15.6,32.0,1.10,1.10,4.0,0.00
1,2025-04-23,15.4,0.2,16.1,43.6,0.00,0.00,0.0,0.00
1,2025-04-24,15.2,6.1,19.6,44.6,0.00,0.00,0.0,0.00
1,2025-04-25,14.7,1.8,23.7,54.7,4.70,4.70,6.0,0.00
1,2025-04-26,13.8,-1.4,20.6,48.6,12.10,5.50,11.0,4.62
1,2025-04-27,11.8,0.9,18.3,44.6,4.20,4.20,5.0,0.00
1,2025-04-28,9.9,1.1,13.9,35.3,5.00,2.00,8.0,2.10
1,2025-04-29,1.7,0.4,23.5,47.5,27.30,3.10,22.0,16.94
1,2025-04-30,5.1,-2.8,29.2,63.7,0.00,0.00,0.0,0.00
1,2025-05-01,14.5,4.1,20.7,45.4,0.00,0.00,0.0,0.00
1,2025-05-02,14.6,7.8,30.3,67.3,2.80,2.80,5.0,0.00
1,2025-05-03,13.7,7.1,19.5,48.2,3.00,3.00,7.0,0.00
1,2025-05-04,15.6,3.3,14.1,33.1,5.40,5.40,6.0,0.00
1,2025-05-05,16.2,3.5,17.5,50.0,5.10,5.10,6.0,0.00
1,2025-05-06,17.2,3.3,15.2,33.8,0.00,0.00,0.0,0.00
1,2025-05-07,14.6,1.4,15.5,39.6,0.00,0.00,0.0,0.00
1,2025-05-08,17.5,7.1,12.4,49.3,2.00,2.00,5.0,0.00
1,2025-05-09,17.3,6.4,13.3,30.2,0.00,0.00,0.0,0.00
1,2025-05-10,14.1,8.7,21.2,52.2,13.70,13.70,15.0,0.00
1,2025-05-11,13.3,4.9,18.6,43.2,0.30,0.30,1.0,0.00
1,2025-05-12,23.1,6.0,15.1,35.3,0.00,0.00,0.0,0.00
1,2025-05-13,20.9,10.1,12.5,35.6,1.60,1.60,6.0,0.00
1,2025-05-14,18.5,10.2,14.8,35.3,0.00,0.00,0.0,0.00
1,2025-05-15,24.5,11.9,26.1,56.5,2.00,2.00,2.0,0.00
1,2025-05-16,27.9,13.3,20.1,47.9,0.00,0.00,0.0,0.00
1,2025-05-17,26.1,13.6,26.7,58.0,5.10,5.10,6.0,0.00
1,2025-05-18,25.2,11.1,25.7,56.9,0.70,0.70,5.0,0.00
1,2025-05-19,21.0,10.3,21.5,46.8,1.00,1.00,7.0,0.00
1,2025-05-20,16.4,4.9,21.7,49.7,1.20,1.20,5.0,0.00
1,2025-05-21,19.8,9.1,17.9,41.0,0.00,0.00,0.0,0.00
1,2025-05-22,15.1,6.4,16.0,36.0,4.80,4.80,11.0,0.00
1,2025-05-23,12.3,4.5,11.3,30.6,4.50,4.50,6.0,0.00
1,2025-05-24,17.6,9.0,14.4,34.6,3.10,3.10,9.0,0.00
1,2025-05-25,9.9,6.1,11.3,27.7,13.90,13.90,24.0,0.00
1,2025-05-26,14.2,4.7,15.0,36.0,0.60,0.60,5.0,0.00
1,2025-05-27,20.8,7.3,11.8,29.2,0.50,0.50,4.0,0.00
1,2025-05-28,23.0,10.3,9.4,19.4,0.00,0.00,0.0,0.00
1,2025-05-29,25.7,11.3,6.1,19.4,0.00,0.00,0.0,0.00
1,2025-05-30,21.2,9.2,13.8,35.3,0.20,0.20,2.0,0.00
1,2025-05-31,17.0,5.7,12.2,29.9,0.00,0.00,0.0,0.00
1,2025-06-01,13.3,6.0,14.1,36.0,0.00,0.00,0.0,0.00
1,2025-06-02,15.1,6.0,10.7,30.2,0.00,0.00,0.0,0.00
1,2025-06-03,14.1,8.9,10.9,27.4,12.90,12.90,7.0,0.00
1,2025-06-04,16.5,10.2,13.8,43.2,12.70,12.70,11.0,0.00
1,2025-06-05,19.1,10.0,19.2,41.4,0.00,0.00,0.0,0.00
1,2025-06-06,24.1,13.9,23.6,55.4,5.80,5.80,4.0,0.00
1,2025-06-07,23.4,13.1,22.9,52.9,2.10,2.10,3.0,0.00
1,2025-06-08,20.5,10.1,11.5,33.5,10.20,10.20,7.0,0.00
1,2025-06-09,23.7,14.3,17.1,35.6,0.20,0.20,2.0,0.00
1,2025-06-10,23.2,11.7,15.8,38.9,0.10,0.10,1.0,0.00
1,2025-06-11,23.4,9.8,19.5,42.5,64.10,64.10,18.0,0.00
1,2025-06-12,17.1,7.1,25.1,54.7,0.20,0.20,2.0,0.00
1,2025-06-13,23.9,14.2,8.9,21.2,0.00,0.00,0.0,0.00
1,2025-06-14,25.4,15.3,20.9,43.2,0.00,0.00,0.0,0.00
1,2025-06-15,20.1,13.6,24.3,56.2,0.00,0.00,0.0,0.00
1,2025-06-16,23.7,16.9,14.1,31.0,2.20,2.20,7.0,0.00
1,2025-06-17,25.2,17.1,18.0,40.3,0.00,0.00,0.0,0.00
1,2025-06-18,26.9,15.6,11.0,29.9,1.40,1.40,6.0,0.00
1,2025-06-19,25.3,15.9,12.5,31.7,0.00,0.00,0.0,0.00
1,2025-06-20,28.6,18.5,18.9,41.8,0.00,0.00,0.0,0.00
1,2025-06-21,28.4,20.5,23.3,52.6,4.90,4.90,10.0,0.00
1,2025-06-22,24.3,16.6,20.1,43.2,2.70,2.70,9.0,0.00
1,2025-06-23,28.4,15.4,11.0,24.1,0.50,0.50,3.0,0.00
1,2025-06-24,30.0,16.0,9.4,22.0,0.00,0.00,0.0,0.00
1,2025-06-25,32.2,20.9,12.5,29.5,0.00,0.00,0.0,0.00
1,2025-06-26,32.1,19.3,15.9,38.5,17.00,17.00,10.0,0.00
1,2025-06-27,25.6,14.1,16.7,42.1,11.40,11.40,8.0,0.00
1,2025-06-28,23.7,13.1,19.4,45.7,0.10,0.10,1.0,0.00
1,2025-06-29,29.7,17.6,9.7,27.0,0.00,0.00,0.0,0.00
1,2025-06-30,30.6,18.9,16.4,37.1,0.00,0.00,0.0,0.00
1,2025-07-01,29.1,19.0,11.6,30.2,10.20,10.20,13.0,0.00
1,2025-07-02,25.3,19.5,15.9,33.5,0.90,0.90,5.0,0.00
1,2025-07-03,30.7,23.0,20.9,43.9,0.10,0.10,1.0,0.00
1,2025-07-04,29.4,19.6,20.2,47.9,1.30,1.30,3.0,0.00
1,2025-07-05,30.4,21.4,13.8,34.6,0.00,0.00,0.0,0.00
1,2025-07-06,32.1,21.4,22.0,50.4,0.00,0.00,0.0,0.00
1,2025-07-07,34.7,18.7,13.9,36.4,0.30,0.30,2.0,0.00
1,2025-07-08,31.8,16.7,16.0,42.8,0.00,0.00,0.0,0.00
1,2025-07-09,26.4,14.7,16.0,41.4,0.50,0.50,1.0,0.00
1,2025-07-10,20.1,14.6,11.9,29.9,0.00,0.00,0.0,0.00
1,2025-07-11,21.9,11.8,11.2,28.4,0.00,0.00,0.0,0.00
1,2025-07-12,26.4,12.1,15.8,36.0,0.00,0.00,0.0,0.00
1,2025-07-13,28.8,17.1,14.2,34.2,0.00,0.00,0.0,0.00
1,2025-07-14,30.6,21.5,26.6,60.5,4.00,4.00,9.0,0.00
1,2025-07-15,33.4,22.1,20.8,49.3,1.20,1.20,7.0,0.00
1,2025-07-16,28.4,21.4,23.1,49.0,1.30,1.30,5.0,0.00
1,2025-07-17,34.0,22.4,18.4,43.6,0.10,0.10,1.0,0.00
1,2025-07-18,32.6,21.8,19.5,47.2,27.80,27.80,19.0,0.00
1,2025-07-19,26.7,22.2,15.0,33.5,10.90,10.90,17.0,0.00
1,2025-07-20,29.2,21.5,6.6,19.4,3.60,3.60,5.0,0.00
1,2025-07-21,32.5,23.1,11.9,26.3,0.00,0.00,0.0,0.00
1,2025-07-22,33.2,22.6,9.9,26.6,2.00,2.00,4.0,0.00
1,2025-07-23,35.0,20.5,14.8,33.5,0.00,0.00,0.0,0.00
1,2025-07-24,37.1,20.3,17.0,47.9,0.00,0.00,0.0,0.00
1,2025-07-25,34.0,22.0,12.2,30.2,6.10,6.10,6.0,0.00
1,2025-07-26,26.6,21.1,7.5,26.6,5.10,5.10,9.0,0.00
1,2025-07-27,26.1,19.8,7.9,24.8,5.80,5.80,10.0,0.00
1,2025-07-28,25.1,19.8,11.3,29.5,1.00,1.00,7.0,0.00
1,2025-07-29,26.9,20.2,10.4,28.1,1.50,1.50,7.0,0.00
1,2025-07-30,27.8,19.9,12.9,30.6,0.00,0.00,0.0,0.00
1,2025-07-31,28.8,21.3,15.4,32.8,0.10,0.10,1.0,0.00
1,2025-08-01,29.2,21.4,17.6,41.4,0.00,0.00,0.0,0.00
1,2025-08-02,30.2,21.3,18.7,44.6,5.40,5.40,6.0,0.00
1,2025-08-03,28.3,21.2,16.2,36.4,4.60,4.60,12.0,0.00
1,2025-08-04,31.0,22.5,20.8,47.2,5.70,5.70,6.0,0.00
1,2025-08-05,27.8,21.8,12.9,28.8,1.90,1.90,13.0,0.00
1,2025-08-06,28.2,20.2,7.1,21.2,3.20,3.20,8.0,0.00
1,2025-08-07,23.3,20.0,7.9,17.6,11.90,11.90,13.0,0.00
1,2025-08-08,25.1,17.0,13.3,33.5,10.30,10.30,15.0,0.00
1,2025-08-09,23.4,18.2,10.0,25.9,1.60,1.60,8.0,0.00
1,2025-08-10,26.7,19.6,17.8,41.0,0.70,0.70,5.0,0.00
1,2025-08-11,27.7,19.2,10.3,28.4,16.70,16.70,6.0,0.00
1,2025-08-12,26.3,18.6,10.9,29.2,1.30,1.30,6.0,0.00
1,2025-08-13,25.7,18.7,15.9,37.8,2.80,2.80,9.0,0.00
1,2025-08-14,27.2,20.7,16.2,36.7,14.70,14.70,7.0,0.00
1,2025-08-15,28.9,14.3,22.6,48.6,1.30,1.30,7.0,0.00
1,2025-08-16,29.7,21.1,10.2,23.4,0.00,0.00,0.0,0.00
1,2025-08-17,24.6,18.0,15.7,31.0,17.50,17.50,7.0,0.00
1,2025-08-18,25.3,17.7,13.2,29.5,0.70,0.70,5.0,0.00
1,2025-08-19,24.5,17.4,17.3,39.2,6.80,6.80,5.0,0.00
1,2025-08-20,27.9,19.0,15.6,33.5,1.60,1.60,6.0,0.00
1,2025-08-21,22.6,14.9,17.4,41.0,1.00,1.00,6.0,0.00
1,2025-08-22,25.1,16.3,17.4,36.4,29.20,29.20,14.0,0.00
1,2025-08-23,27.5,18.8,15.1,35.3,0.90,0.90,6.0,0.00
1,2025-08-24,23.6,17.4,12.6,30.6,0.30,0.30,3.0,0.00
1,2025-08-25,24.2,19.5,16.2,36.0,0.60,0.60,3.0,0.00
1,2025-08-26,25.7,22.7,24.9,55.8,0.10,0.10,1.0,0.00
1,2025-08-27,28.6,17.8,26.4,55.8,0.10,0.10,1.0,0.00
1,2025-08-28,20.5,15.0,24.6,53.6,0.20,0.20,2.0,0.00
1,2025-08-29,22.0,15.1,8.3,22.0,0.20,0.20,2.0,0.00
1,2025-08-30,20.7,16.0,9.1,22.3,2.30,2.30,9.0,0.00
1,2025-08-31,24.1,18.0,15.3,31.3,1.10,1.10,5.0,0.00
1,2025-09-01,23.8,19.1,24.5,53.3,0.10,0.10,1.0,0.00
1,2025-09-02,20.3,16.2,9.6,23.4,37.10,37.10,17.0,0.00
1,2025-09-03,23.2,14.0,13.8,36.0,0.70,0.70,7.0,0.00
1,2025-09-04,23.5,15.6,11.0,23.4,0.10,0.10,1.0,0.00
1,2025-09-05,25.7,14.1,8.6,22.7,0.00,0.00,0.0,0.00
1,2025-09-06,27.6,18.0,11.4,25.9,0.20,0.20,2.0,0.00
1,2025-09-07,24.1,16.2,20.2,47.9,0.50,0.50,3.0,0.00
1,2025-09-08,25.2,18.4,11.6,23.0,0.00,0.00,0.0,0.00
1,2025-09-09,23.8,17.7,16.5,33.8,0.00,0.00,0.0,0.00
1,2025-09-10,26.5,17.6,11.6,28.8,0.00,0.00,0.0,0.00
1,2025-09-11,25.2,12.2,21.0,47.9,0.20,0.20,2.0,0.00
1,2025-09-12,23.5,15.5,17.8,43.6,0.00,0.00,0.0,0.00
1,2025-09-13,24.2,16.3,35.1,74.2,25.00,25.00,14.0,0.00
1,2025-09-14,18.8,11.5,28.9,73.8,0.50,0.50,3.0,0.00
1,2025-09-15,25.3,14.8,21.9,48.6,0.00,0.00,0.0,0.00
1,2025-09-16,25.3,15.0,20.7,43.2,0.90,0.90,1.0,0.00
1,2025-09-17,24.6,14.3,19.1,42.8,2.40,2.40,4.0,0.00
1,2025-09-18,21.2,10.3,14.9,37.8,0.70,0.70,5.0,0.00
1,2025-09-19,20.1,8.2,15.1,34.2,0.00,0.00,0.0,0.00
1,2025-09-20,21.0,11.6,33.8,68.0,74.50,74.50,20.0,0.00
1,2025-09-21,14.5,8.8,37.2,75.2,9.80,9.80,17.0,0.00
1,2025-09-22,19.7,8.3,16.7,37.4,0.30,0.30,2.0,0.00
1,2025-09-23,20.9,9.0,9.2,18.4,0.00,0.00,0.0,0.00
1,2025-09-24,22.2,15.0,19.6,39.2,2.50,2.50,5.0,0.00
1,2025-09-25,18.0,12.4,26.5,52.6,12.90,12.90,8.0,0.00
1,2025-09-26,22.5,10.2,13.9,28.4,6.40,6.40,3.0,0.00
1,2025-09-27,23.1,9.6,11.4,28.1,0.00,0.00,0.0,0.00
1,2025-09-28,24.4,13.1,9.9,21.2,0.00,0.00,0.0,0.00
1,2025-09-29,21.0,9.6,17.9,38.2,0.00,0.00,0.0,0.00
1,2025-09-30,17.8,11.2,15.4,31.7,0.00,0.00,0.0,0.00
1,2025-10-01,18.9,13.6,18.7,42.8,0.50,0.50,4.0,0.00
1,2025-10-02,21.1,11.5,10.3,27.4,0.20,0.20,2.0,0.00
1,2025-10-03,25.6,10.6,17.6,38.5,0.00,0.00,0.0,0.00
1,2025-10-04,21.7,14.1,20.7,43.6,0.00,0.00,0.0,0.00
1,2025-10-05,25.3,12.3,18.2,41.0,0.00,0.00,0.0,0.00
1,2025-10-06,14.7,4.4,21.4,48.2,0.10,0.10,1.0,0.00
1,2025-10-07,15.4,11.1,20.7,45.0,5.10,5.10,5.0,0.00
1,2025-10-08,20.8,6.7,20.1,48.2,0.80,0.80,7.0,0.00
1,2025-10-09,10.0,1.4,20.6,46.1,0.00,0.00,0.0,0.00
1,2025-10-10,11.5,1.0,18.6,41.8,0.30,0.30,3.0,0.00
1,2025-10-11,12.0,3.4,19.6,45.7,0.00,0.00,0.0,0.00
1,2025-10-12,13.9,10.6,18.9,40.0,4.70,4.70,11.0,0.00
1,2025-10-13,12.0,-0.2,18.9,44.3,0.00,0.00,0.0,0.00
1,2025-10-14,13.3,5.7,13.9,27.0,0.40,0.40,3.0,0.00
1,2025-10-15,11.9,2.4,19.4,46.4,0.00,0.00,0.0,0.00
1,2025-10-16,11.7,8.6,16.0,36.0,2.90,2.90,8.0,0.00
1,2025-10-17,13.7,8.6,10.3,24.1,0.50,0.50,3.0,0.00
1,2025-10-18,15.1,5.3,19.5,42.1,0.80,0.80,4.0,0.00
1,2025-10-19,11.0,1.3,21.1,47.2,0.00,0.00,0.0,0.00
1,2025-10-20,8.7,-0.7,22.8,51.5,0.00,0.00,0.0,0.00
1,2025-10-21,8.3,1.8,7.8,19.4,0.20,0.20,1.0,0.00
1,2025-10-22,8.4,1.2,9.8,28.8,0.40,0.40,4.0,0.00
1,2025-10-23,8.9,-1.3,8.6,22.0,3.30,2.60,11.0,0.49
1,2025-10-24,6.7,-1.8,16.0,36.7,0.50,0.50,4.0,0.00
1,2025-10-25,10.8,-0.5,15.2,34.6,0.00,0.00,0.0,0.00
1,2025-10-26,13.5,4.7,13.2,27.7,20.40,20.40,14.0,0.00
1,2025-10-27,14.9,1.0,21.4,49.7,1.00,1.00,1.0,0.00
1,2025-10-28,7.6,-0.6,26.2,59.8,0.00,0.00,0.0,0.00
1,2025-10-29,7.3,-2.5,18.3,41.8,0.10,0.10,1.0,0.00
1,2025-10-30,10.8,5.1,23.3,49.0,0.00,0.00,0.0,0.00
1,2025-10-31,15.9,5.3,15.7,36.0,12.30,12.30,8.0,0.00
1,2025-11-01,9.3,3.7,46.6,94.0,62.90,62.80,19.0,0.07
1,2025-11-02,5.6,3.6,13.9,29.5,2.50,2.50,14.0,0.00
1,2025-11-03,6.5,-3.3,18.5,41.8,0.00,0.00,0.0,0.00
1,2025-11-04,9.9,0.1,20.2,41.0,0.00,0.00,0.0,0.00
1,2025-11-05,13.6,0.9,12.0,38.5,0.00,0.00,0.0,0.00
1,2025-11-06,12.2,3.3,18.4,41.0,0.40,0.40,1.0,0.00
1,2025-11-07,5.9,-4.5,26.0,56.5,2.30,1.30,12.0,0.70
1,2025-11-08,0.9,-5.9,19.2,45.4,0.00,0.00,0.0,0.00
1,2025-11-09,6.1,0.9,14.4,30.2,3.60,3.60,3.0,0.00
1,2025-11-10,7.7,-1.3,18.7,39.6,0.50,0.50,2.0,0.00
1,2025-11-11,4.3,-1.0,23.0,52.9,0.00,0.00,0.0,0.00
1,2025-11-12,5.7,-2.5,23.8,49.3,0.00,0.00,0.0,0.00
1,2025-11-13,10.8,-0.7,26.1,57.6,4.30,4.30,7.0,0.00
1,2025-11-14,4.0,-3.7,16.7,37.1,0.00,0.00,0.0,0.00
1,2025-11-15,5.2,-3.8,18.6,41.4,0.00,0.00,0.0,0.00
1,2025-11-16,8.8,0.9,36.6,82.4,0.30,0.30,1.0,0.00
1,2025-11-17,9.3,-3.4,34.7,82.4,4.10,4.00,5.0,0.07
1,2025-11-18,-0.1,-5.5,22.1,49.3,0.00,0.00,0.0,0.00
1,2025-11-19,2.6,-5.8,16.0,36.7,0.00,0.00,0.0,0.00
1,2025-11-20,8.8,0.4,19.9,41.0,4.70,4.10,7.0,0.42
1,2025-11-21,6.9,-3.0,19.0,41.4,1.10,0.70,6.0,0.28
1,2025-11-22,3.1,-1.4,24.8,54.4,0.00,0.00,0.0,0.00
1,2025-11-23,12.0,0.5,17.4,35.3,0.00,0.00,0.0,0.00
1,2025-11-24,11.8,-3.2,11.2,25.6,0.00,0.00,0.0,0.00
1,2025-11-25,9.2,1.0,11.1,21.6,1.30,1.30,7.0,0.00
1,2025-11-26,3.5,0.0,10.1,21.6,2.20,2.20,13.0,0.00
1,2025-11-27,8.1,0.8,22.0,43.2,3.60,3.60,7.0,0.00
1,2025-11-28,10.6,-0.9,25.9,55.8,2.80,2.80,3.0,0.00
1,2025-11-29,2.7,-3.7,26.4,61.9,0.00,0.00,0.0,0.00
1,2025-11-30,5.6,-3.5,22.5,46.1,6.80,0.30,5.0,4.55
1,2025-12-01,10.4,-4.3,32.4,68.4,0.00,0.00,0.0,0.00
1,2025-12-02,5.3,-3.3,17.2,39.2,4.80,3.20,5.0,1.12
1,2025-12-03,3.3,-4.8,12.0,25.9,6.70,0.00,15.0,4.69
1,2025-12-04,-4.5,-9.5,20.0,41.4,0.10,0.00,1.0,0.07
1,2025-12-05,-1.2,-5.5,23.8,52.2,0.00,0.00,0.0,0.00
1,2025-12-06,3.2,-0.2,17.2,36.0,0.00,0.00,0.0,0.00
1,2025-12-07,9.6,-2.5,13.6,34.6,0.60,0.40,3.0,0.14
1,2025-12-08,4.5,-7.0,22.4,45.0,12.30,0.10,10.0,8.54
1,2025-12-09,-1.7,-12.5,10.0,21.6,0.30,0.00,2.0,0.21
1,2025-12-10,-2.3,-9.2,19.1,38.9,0.20,0.00,2.0,0.14
1,2025-12-11,-0.9,-12.4,19.0,37.8,10.60,0.00,19.0,7.42
1,2025-12-12,-7.6,-11.2,20.6,41.8,0.00,0.00,0.0,0.00
1,2025-12-13,-4.5,-12.6,18.4,38.2,0.00,0.00,0.0,0.00
1,2025-12-14,0.4,-7.6,43.4,86.4,44.20,0.00,20.0,31.01
1,2025-12-15,0.5,-5.8,46.3,91.1,8.90,0.00,9.0,6.23
1,2025-12-16,-0.4,-9.2,19.2,39.6,0.60,0.00,4.0,0.42
1,2025-12-17,-3.1,-12.6,13.1,24.5,0.00,0.00,0.0,0.00
1,2025-12-18,-3.4,-17.7,15.4,31.7,0.00,0.00,0.0,0.00
1,2025-12-19,3.3,-11.2,25.2,51.5,0.00,0.00,0.0,0.00
1,2025-12-20,6.1,1.2,18.3,38.2,1.30,1.30,3.0,0.00
1,2025-12-21,1.4,-2.8,17.7,35.3,13.10,4.20,21.0,6.23
1,2025-12-22,-2.1,-16.2,16.8,35.6,0.60,0.00,3.0,0.42
1,2025-12-23,-0.2,-9.5,15.0,31.7,0.30,0.00,3.0,0.21
1,2025-12-24,4.2,-3.7,13.0,25.9,0.80,0.60,5.0,0.14
1,2025-12-25,0.9,-3.5,17.7,35.6,7.30,0.20,16.0,4.97
1,2025-12-26,-2.9,-10.9,18.5,39.2,7.40,0.00,15.0,5.18
1,2025-12-27,-6.9,-12.4,16.3,36.4,0.00,0.00,0.0,0.00
1,2025-12-28,-3.1,-13.6,19.2,40.3,0.00,0.00,0.0,0.00
1,2025-12-29,2.2,-4.0,15.7,32.4,2.60,1.50,7.0,0.77
1,2025-12-30,2.9,-12.1,16.7,33.5,3.70,0.00,8.0,2.59
1,2025-12-31,-3.7,-18.8,14.7,30.6,0.00,0.00,0.0,0.00
1,2026-01-01,-7.5,-17.9,14.4,27.4,0.40,0.00,2.0,0.28
1,2026-01-02,-0.5,-9.4,12.3,26.3,0.00,0.00,0.0,0.00
1,2026-01-03,-2.6,-16.6,17.1,34.2,0.00,0.00,0.0,0.00
1,2026-01-04,-2.7,-14.7,19.1,44.6,0.30,0.00,3.0,0.21
1,2026-01-05,-6.0,-19.5,9.9,19.4,1.30,0.00,6.0,0.91
1,2026-01-06,-6.8,-19.3,11.5,21.2,0.00,0.00,0.0,0.00
1,2026-01-07,1.0,-11.5,17.5,41.4,5.50,0.00,7.0,3.85
1,2026-01-08,-2.5,-18.0,10.8,21.2,0.30,0.00,2.0,0.21
1,2026-01-09,-4.3,-13.7,13.9,31.0,0.00,0.00,0.0,0.00
1,2026-01-10,3.5,-10.3,27.1,58.3,1.40,0.10,7.0,0.91
1,2026-01-11,3.7,-6.2,23.4,46.8,0.00,0.00,0.0,0.00
1,2026-01-12,-3.6,-14.7,26.5,56.9,0.00,0.00,0.0,0.00
1,2026-01-13,-0.7,-10.7,31.9,64.8,3.60,0.00,6.0,2.52
1,2026-01-14,-7.2,-19.4,24.5,49.0,0.00,0.00,0.0,0.00
1,2026-01-15,-3.2,-18.6,12.7,27.4,0.00,0.00,0.0,0.00
1,2026-01-16,-2.2,-11.6,7.2,15.1,0.00,0.00,0.0,0.00
1,2026-01-17,-1.6,-13.4,9.6,18.4,0.10,0.00,1.0,0.07
1,2026-01-18,-3.9,-17.0,16.0,33.8,0.10,0.10,1.0,0.00
1,2026-01-19,-4.4,-12.7,20.3,39.2,4.60,0.00,7.0,3.22
1,2026-01-20,-6.0,-16.4,27.6,55.8,2.40,0.00,5.0,1.68
1,2026-01-21,-4.2,-12.7,15.8,32.8,0.00,0.00,0.0,0.00
1,2026-01-22,-4.2,-14.0,13.3,28.4,0.20,0.00,2.0,0.14
1,2026-01-23,-4.7,-21.2,11.4,20.9,0.20,0.00,2.0,0.14
1,2026-01-24,-4.9,-18.2,8.1,19.1,0.00,0.00,0.0,0.00
1,2026-01-25,-6.6,-14.9,18.0,36.0,1.70,0.00,7.0,1.19
1,2026-01-26,-4.7,-20.1,9.7,18.0,0.20,0.00,2.0,0.14
1,2026-01-27,-4.8,-13.7,13.4,26.3,2.70,0.00,7.0,1.89
1,2026-01-28,-4.2,-14.5,16.2,33.5,3.30,0.00,7.0,2.31
1,2026-01-29,-6.0,-17.0,18.8,38.2,0.00,0.00,0.0,0.00
1,2026-01-30,-2.6,-4.7,19.5,39.6,1.10,0.00,7.0,0.77
1,2026-01-31,-2.8,-9.6,17.3,36.0,1.60,0.00,16.0,1.12
2,2021-01-01,-10.3,-14.0,26.8,50.8,0.00,0.00,0.0,0.00
2,2021-01-02,-7.8,-12.7,30.2,57.2,0.10,0.00,1.0,0.07
2,2021-01-03,-5.1,-8.0,18.7,37.1,0.00,0.00,0.0,0.00
2,2021-01-04,-4.9,-10.6,18.5,37.4,0.40,0.00,4.0,0.28
2,2021-01-05,-5.4,-13.8,18.2,37.1,0.20,0.00,2.0,0.14
2,2021-01-06,-4.9,-12.6,12.8,27.7,0.00,0.00,0.0,0.00
2,2021-01-07,-3.8,-8.9,36.9,67.0,10.20,0.00,19.0,7.14
2,2021-01-08,-5.0,-9.7,40.1,75.6,12.80,0.00,17.0,8.96
2,2021-01-09,-5.3,-13.0,17.4,35.3,0.20,0.00,2.0,0.14
2,2021-01-10,-5.2,-11.8,23.8,43.6,0.00,0.00,0.0,0.00
2,2021-01-11,-6.8,-9.8,16.7,31.0,0.30,0.00,3.0,0.21
2,2021-01-12,0.2,-7.9,23.4,43.6,1.70,0.00,8.0,1.19
2,2021-01-13,2.7,-6.9,24.5,47.9,1.40,0.00,4.0,0.98
2,2021-01-14,0.1,-8.9,48.9,91.1,2.40,0.00,8.0,1.68
2,2021-01-15,0.6,-7.5,30.6,80.6,5.80,0.00,8.0,4.13
2,2021-01-16,5.1,-8.4,45.1,83.9,2.70,0.00,11.0,1.89
2,2021-01-17,-7.3,-11.3,15.3,28.1,0.70,0.00,4.0,0.56
2,2021-01-18,-5.1,-11.4,17.8,34.6,0.50,0.00,5.0,0.35
2,2021-01-19,-6.2,-12.1,28.6,55.8,1.20,0.00,8.0,0.91
2,2021-01-20,-6.5,-10.4,29.0,54.4,0.20,0.00,2.0,0.21
2,2021-01-21,0.8,-4.8,32.2,58.3,0.40,0.00,4.0,0.28
2,2021-01-22,-2.0,-8.8,26.0,49.0,0.30,0.00,3.0,0.21
2,2021-01-23,-5.9,-14.0,13.7,25.9,0.00,0.00,0.0,0.00
2,2021-01-24,-2.1,-12.3,17.9,33.8,0.20,0.00,2.0,0.14
2,2021-01-25,-4.8,-13.5,16.9,33.8,1.00,0.10,9.0,0.63
2,2021-01-26,-1.3,-10.6,28.3,50.8,0.40,0.00,2.0,0.28
2,2021-01-27,3.7,-6.1,41.9,78.1,0.50,0.00,4.0,0.35
2,2021-01-28,-3.5,-8.2,29.9,56.9,0.10,0.00,1.0,0.14
2,2021-01-29,-2.6,-4.4,25.4,48.2,24.30,0.00,24.0,17.01
2,2021-01-30,-2.7,-6.4,23.9,45.0,6.10,0.00,20.0,4.27
2,2021-01-31,-5.3,-7.3,27.2,55.8,0.80,0.00,8.0,0.56
2,2021-02-01,4.0,-5.0,31.6,61.6,1.20,0.80,9.0,0.28
2,2021-02-02,-0.6,-12.9,30.4,56.9,2.70,0.00,13.0,1.89
2,2021-02-03,-11.7,-14.2,27.8,58.0,1.90,0.10,17.0,1.26
2,2021-02-04,-7.8,-12.5,20.6,39.6,0.60,0.00,6.0,0.42
2,2021-02-05,-5.0,-8.8,29.6,54.0,1.50,0.00,10.0,1.05
2,2021-02-06,-2.1,-8.4,15.5,29.2,2.40,0.00,15.0,1.68
2,2021-02-07,-8.2,-15.0,14.3,28.8,1.60,0.00,10.0,1.19
2,2021-02-08,-6.1,-10.3,23.8,45.7,0.10,0.00,1.0,0.07
2,2021-02-09,-4.5,-7.5,28.1,52.6,0.00,0.00,0.0,0.00
2,2021-02-10,-2.6,-8.2,25.6,47.2,0.00,0.00,0.0,0.00
2,2021-02-11,-1.8,-5.1,20.9,38.9,0.10,0.00,1.0,0.07
2,2021-02-12,-2.0,-9.1,9.4,19.8,0.00,0.00,0.0,0.00
2,2021-02-13,3.2,-4.3,13.8,25.2,0.00,0.00,0.0,0.00
2,2021-02-14,5.6,0.3,17.4,31.0,0.00,0.00,0.0,0.00
2,2021-02-15,1.9,-0.8,38.0,70.6,27.10,16.80,23.0,7.21
2,2021-02-16,2.7,-6.2,62.0,118.4,3.40,0.60,12.0,1.96
2,2021-02-17,-2.2,-4.2,47.0,90.7,1.30,0.00,7.0,0.91
2,2021-02-18,-1.8,-3.7,28.7,53.3,5.30,0.00,18.0,3.78
2,2021-02-19,0.3,-2.5,21.3,37.8,0.40,0.10,4.0,0.21
2,2021-02-20,3.9,-4.1,37.4,69.5,2.00,1.10,9.0,0.63
2,2021-02-21,-1.3,-8.6,21.5,48.6,0.50,0.00,5.0,0.35
2,2021-02-22,-2.9,-5.2,17.5,33.5,3.70,0.00,11.0,2.59
2,2021-02-23,-1.6,-7.2,23.8,45.7,2.60,0.00,13.0,1.82
2,2021-02-24,-5.4,-9.7,16.0,30.2,0.80,0.00,6.0,0.56
2,2021-02-25,-4.7,-11.6,18.8,36.4,0.50,0.00,5.0,0.35
2,2021-02-26,-4.5,-9.4,21.6,39.2,1.80,0.10,8.0,1.19
2,2021-02-27,-4.8,-7.8,27.2,52.9,0.50,0.00,2.0,0.35
2,2021-02-28,3.3,-3.1,41.9,76.7,0.00,0.00,0.0,0.00
2,2021-03-01,4.5,-4.4,18.6,36.4,14.80,0.10,22.0,10.29
2,2021-03-02,-3.3,-7.6,33.3,61.9,21.70,0.00,19.0,15.19
2,2021-03-03,-4.6,-10.9,25.9,49.7,0.00,0.00,0.0,0.00
2,2021-03-04,2.3,-4.3,15.6,29.9,0.00,0.00,0.0,0.00
2,2021-03-05,8.7,-4.2,46.6,85.0,4.50,0.10,6.0,3.08
2,2021-03-06,-5.0,-8.6,23.3,56.2,4.70,0.20,15.0,3.15
2,2021-03-07,-2.9,-5.8,20.5,39.2,0.20,0.00,2.0,0.14
2,2021-03-08,-0.8,-7.9,21.0,41.8,0.90,0.00,6.0,0.63
2,2021-03-09,2.3,-3.7,17.3,31.0,0.20,0.00,2.0,0.14
2,2021-03-10,0.1,-3.6,39.0,73.8,1.80,0.00,9.0,1.26
2,2021-03-11,3.7,-2.0,26.4,49.0,0.00,0.00,0.0,0.00
2,2021-03-12,4.6,-5.3,29.5,54.7,0.00,0.00,0.0,0.00
2,2021-03-13,3.3,-3.9,11.3,20.9,0.00,0.00,0.0,0.00
2,2021-03-14,1.3,-0.9,18.2,34.2,0.00,0.00,0.0,0.00
2,2021-03-15,2.8,-2.2,17.1,32.8,0.00,0.00,0.0,0.00
2,2021-03-16,6.0,-0.4,13.4,24.1,0.00,0.00,0.0,0.00
2,2021-03-17,4.5,-0.5,27.8,51.1,2.90,0.30,15.0,1.82
2,2021-03-18,0.9,-1.4,29.7,56.2,0.00,0.00,0.0,0.00
2,2021-03-19,0.7,-4.0,27.5,52.6,0.00,0.00,0.0,0.00
2,2021-03-20,-0.5,-2.3,27.5,50.4,1.00,0.00,7.0,0.70
2,2021-03-21,6.2,-0.9,33.0,62.3,6.20,4.80,15.0,0.98
2,2021-03-22,3.8,-0.2,37.5,70.9,0.20,0.10,2.0,0.07
2,2021-03-23,6.7,0.4,32.6,58.3,0.00,0.00,0.0,0.00
2,2021-03-24,9.2,-2.3,27.7,58.7,0.00,0.00,0.0,0.00
2,2021-03-25,6.3,-0.2,18.0,33.5,2.70,0.60,10.0,1.47
2,2021-03-26,-0.3,-3.7,21.7,42.1,1.30,0.10,10.0,0.84
2,2021-03-27,3.9,-2.5,15.6,29.2,0.00,0.00,0.0,0.00
2,2021-03-28,6.6,1.8,21.6,38.5,0.70,0.70,5.0,0.00
2,2021-03-29,12.5,4.0,19.1,35.6,6.30,6.30,3.0,0.00
2,2021-03-30,10.3,-1.0,21.2,38.9,0.00,0.00,0.0,0.00
2,2021-03-31,7.4,0.4,11.6,22.0,0.00,0.00,0.0,0.00
2,2021-04-01,3.8,-1.0,12.7,23.0,0.20,0.20,2.0,0.00
2,2021-04-02,10.1,0.5,11.5,21.2,0.00,0.00,0.0,0.00
2,2021-04-03,12.9,3.5,20.8,42.1,4.50,4.50,11.0,0.00
2,2021-04-04,5.4,-0.8,10.9,24.1,0.00,0.00,0.0,0.00
2,2021-04-05,5.1,-2.4,15.3,27.4,0.00,0.00,0.0,0.00
2,2021-04-06,12.2,-2.4,13.8,29.5,0.00,0.00,0.0,0.00
2,2021-04-07,8.0,2.5,21.0,40.0,0.00,0.00,0.0,0.00
2,2021-04-08,3.9,-2.6,25.6,51.8,0.10,0.00,1.0,0.07
2,2021-04-09,3.9,-1.8,20.8,50.0,4.90,0.00,12.0,3.43
2,2021-04-10,7.6,2.5,25.3,46.1,0.00,0.00,0.0,0.00
2,2021-04-11,13.2,4.3,18.4,36.7,0.00,0.00,0.0,0.00
2,2021-04-12,16.6,5.7,24.0,46.1,0.00,0.00,0.0,0.00
2,2021-04-13,13.9,4.6,29.2,56.2,2.70,2.70,9.0,0.00
2,2021-04-14,7.0,-0.4,25.6,50.8,0.00,0.00,0.0,0.00
2,2021-04-15,9.2,1.0,29.9,58.7,0.20,0.10,2.0,0.07
2,2021-04-16,12.5,6.9,22.8,41.4,0.80,0.80,1.0,0.00
2,2021-04-17,14.7,7.2,25.4,46.8,4.80,4.80,20.0,0.00
2,2021-04-18,7.7,2.8,31.4,73.4,15.70,15.70,18.0,0.00
2,2021-04-19,13.6,5.1,40.9,76.3,0.80,0.80,6.0,0.00
2,2021-04-20,16.7,2.7,40.5,77.8,0.80,0.80,2.0,0.00
2,2021-04-21,8.0,1.3,40.7,77.0,4.70,4.10,11.0,0.42
2,2021-04-22,6.2,1.4,24.5,54.0,0.00,0.00,0.0,0.00
2,2021-04-23,12.1,4.7,12.0,28.1,0.00,0.00,0.0,0.00
2,2021-04-24,18.5,0.7,19.5,36.7,12.20,2.30,15.0,6.93
2,2021-04-25,2.0,-0.7,20.4,40.0,3.70,0.00,11.0,2.59
2,2021-04-26,6.2,-0.8,17.4,37.4,0.40,0.00,2.0,0.28
2,2021-04-27,9.1,1.7,12.1,29.5,0.00,0.00,0.0,0.00
2,2021-04-28,13.2,5.6,17.5,34.6,0.10,0.10,1.0,0.00
2,2021-04-29,15.2,4.3,23.1,42.1,8.50,8.50,9.0,0.00
2,2021-04-30,4.7,1.9,41.8,78.1,55.00,32.60,22.0,15.68
2,2021-05-01,7.0,1.7,31.9,62.3,0.30,0.30,3.0,0.00
2,2021-05-02,4.4,2.1,22.4,46.8,0.90,0.90,7.0,0.00
2,2021-05-03,5.6,2.8,31.7,59.4,6.40,5.80,19.0,0.42
2,2021-05-04,7.3,1.3,30.0,59.8,0.00,0.00,0.0,0.00
2,2021-05-05,15.7,9.2,37.1,69.5,0.10,0.10,1.0,0.00
2,2021-05-06,17.0,9.4,39.5,75.2,0.00,0.00,0.0,0.00
2,2021-05-07,23.7,9.6,16.6,31.7,0.30,0.30,1.0,0.00
2,2021-05-08,16.6,5.8,14.8,36.7,2.30,2.30,4.0,0.00
2,2021-05-09,7.5,2.7,15.6,39.2,5.00,5.00,12.0,0.00
2,2021-05-10,6.4,2.8,29.1,56.5,5.80,5.80,20.0,0.00
2,2021-05-11,4.2,2.2,20.7,46.1,0.50,0.50,4.0,0.00
2,2021-05-12,10.4,2.6,15.4,35.3,0.00,0.00,0.0,0.00
2,2021-05-13,12.8,5.1,12.7,24.1,0.10,0.10,1.0,0.00
2,2021-05-14,12.1,4.4,9.4,24.8,0.00,0.00,0.0,0.00
2,2021-05-15,17.1,11.2,22.0,39.6,0.00,0.00,0.0,0.00
2,2021-05-16,14.0,8.9,14.8,27.0,31.10,31.10,23.0,0.00
2,2021-05-17,11.9,6.5,15.1,30.2,2.10,2.10,3.0,0.00
2,2021-05-18,16.3,10.0,14.8,31.7,0.00,0.00,0.0,0.00
2,2021-05-19,20.2,9.7,17.0,32.4,0.00,0.00,0.0,0.00
2,2021-05-20,17.0,11.7,13.9,30.6,0.00,0.00,0.0,0.00
2,2021-05-21,20.0,8.6,18.9,35.6,0.00,0.00,0.0,0.00
2,2021-05-22,13.5,7.2,18.7,37.4,2.00,2.00,9.0,0.00
2,2021-05-23,9.2,6.2,19.0,37.1,2.10,2.10,13.0,0.00
2,2021-05-24,10.3,5.1,19.1,37.4,3.40,3.40,9.0,0.00
2,2021-05-25,15.9,8.8,24.1,50.4,4.50,4.50,4.0,0.00
2,2021-05-26,15.8,8.2,29.0,55.1,0.00,0.00,0.0,0.00
2,2021-05-27,13.3,9.1,15.3,29.5,5.50,5.50,11.0,0.00
2,2021-05-28,13.5,10.2,29.1,54.7,2.50,2.50,10.0,0.00
2,2021-05-29,13.1,7.1,31.4,61.2,6.80,6.80,9.0,0.00
2,2021-05-30,7.5,4.8,26.5,51.5,4.40,4.40,20.0,0.00
2,2021-05-31,9.9,4.4,29.2,59.0,0.00,0.00,0.0,0.00
2,2021-06-01,13.0,5.8,11.6,29.2,0.00,0.00,0.0,0.00
2,2021-06-02,15.7,9.7,12.6,24.8,0.00,0.00,0.0,0.00
2,2021-06-03,18.0,13.0,32.7,58.0,0.10,0.10,1.0,0.00
2,2021-06-04,18.6,11.8,57.3,105.1,11.00,11.00,12.0,0.00
2,2021-06-05,24.6,10.7,19.3,44.6,0.00,0.00,0.0,0.00
2,2021-06-06,21.0,11.5,18.5,41.4,8.70,8.70,9.0,0.00
2,2021-06-07,17.4,14.5,30.6,55.4,0.80,0.80,2.0,0.00
2,2021-06-08,13.1,5.6,17.7,41.8,2.80,2.80,5.0,0.00
2,2021-06-09,19.6,10.0,11.7,28.1,0.00,0.00,0.0,0.00
2,2021-06-10,22.3,13.3,14.1,30.2,0.00,0.00,0.0,0.00
2,2021-06-11,24.3,17.4,11.9,21.6,0.00,0.00,0.0,0.00
2,2021-06-12,22.7,17.9,24.1,44.3,1.30,1.30,4.0,0.00
2,2021-06-13,24.6,12.6,19.8,41.4,0.90,0.90,4.0,0.00
2,2021-06-14,14.9,9.4,11.6,27.7,0.70,0.70,6.0,0.00
2,2021-06-15,12.0,9.8,11.8,28.4,0.00,0.00,0.0,0.00
2,2021-06-16,15.0,9.8,11.8,30.2,0.00,0.00,0.0,0.00
2,2021-06-17,16.8,11.0,10.5,27.0,0.00,0.00,0.0,0.00
2,2021-06-18,13.2,8.9,9.5,25.6,0.00,0.00,0.0,0.00
2,2021-06-19,12.4,9.2,19.7,39.2,0.10,0.10,1.0,0.00
2,2021-06-20,11.7,9.1,20.5,50.0,6.70,6.70,11.0,0.00
2,2021-06-21,16.4,7.7,9.7,27.0,0.10,0.10,1.0,0.00
2,2021-06-22,18.2,10.0,9.5,24.8,0.00,0.00,0.0,0.00
2,2021-06-23,19.9,12.9,11.7,24.5,0.00,0.00,0.0,0.00
2,2021-06-24,20.8,13.3,12.8,26.6,3.10,3.10,8.0,0.00
2,2021-06-25,23.3,14.6,15.5,32.8,0.90,0.90,7.0,0.00
2,2021-06-26,27.1,14.2,14.5,30.6,0.00,0.00,0.0,0.00
2,2021-06-27,19.7,13.2,12.8,29.2,0.00,0.00,0.0,0.00
2,2021-06-28,15.9,13.0,11.6,29.5,0.00,0.00,0.0,0.00
2,2021-06-29,15.9,13.3,11.2,30.2,0.00,0.00,0.0,0.00
2,2021-06-30,17.1,13.0,10.9,26.6,0.00,0.00,0.0,0.00
2,2021-07-01,18.3,13.3,12.1,27.0,0.00,0.00,0.0,0.00
2,2021-07-02,18.2,13.3,10.1,24.8,0.00,0.00,0.0,0.00
2,2021-07-03,16.7,13.5,11.5,29.2,0.00,0.00,0.0,0.00
2,2021-07-04,18.3,14.5,13.6,32.8,0.10,0.10,1.0,0.00
2,2021-07-05,22.9,15.5,32.2,60.8,4.80,4.80,12.0,0.00
2,2021-07-06,21.6,14.9,27.4,51.8,0.80,0.80,5.0,0.00
2,2021-07-07,19.7,15.8,12.6,24.1,1.00,1.00,6.0,0.00
2,2021-07-08,20.6,15.6,17.4,35.6,2.40,2.40,7.0,0.00
2,2021-07-09,20.6,16.6,13.4,29.9,0.00,0.00,0.0,0.00
2,2021-07-10,21.4,16.9,10.6,23.4,0.00,0.00,0.0,0.00
2,2021-07-11,20.8,18.4,12.6,28.8,0.40,0.40,3.0,0.00
2,2021-07-12,21.7,18.6,10.9,25.9,0.80,0.80,7.0,0.00
2,2021-07-13,22.6,18.0,9.2,24.1,0.10,0.10,1.0,0.00
2,2021-07-14,24.3,18.9,11.7,27.4,0.00,0.00,0.0,0.00
2,2021-07-15,23.7,18.5,14.0,31.3,0.00,0.00,0.0,0.00
2,2021-07-16,27.5,20.9,14.1,30.6,0.00,0.00,0.0,0.00
2,2021-07-17,29.3,23.1,20.0,39.2,0.00,0.00,0.0,0.00
2,2021-07-18,31.0,22.8,15.3,39.2,0.00,0.00,0.0,0.00
2,2021-07-19,25.0,21.3,14.3,32.0,0.10,0.10,1.0,0.00
2,2021-07-20,23.6,19.6,10.5,27.4,0.00,0.00,0.0,0.00
2,2021-07-21,22.6,17.7,12.6,30.2,0.00,0.00,0.0,0.00
2,2021-07-22,25.1,19.0,12.5,29.9,0.00,0.00,0.0,0.00
2,2021-07-23,26.3,21.0,17.7,37.1,0.00,0.00,0.0,0.00
2,2021-07-24,26.7,21.5,18.8,38.5,0.00,0.00,0.0,0.00
2,2021-07-25,26.2,21.6,11.5,27.4,0.00,0.00,0.0,0.00
2,2021-07-26,26.4,19.2,19.5,36.4,0.00,0.00,0.0,0.00
2,2021-07-27,26.4,20.9,21.0,40.7,0.00,0.00,0.0,0.00
2,2021-07-28,28.8,22.3,20.5,37.8,0.00,0.00,0.0,0.00
2,2021-07-29,29.6,22.5,19.2,38.2,0.00,0.00,0.0,0.00
2,2021-07-30,28.7,23.3,14.3,30.6,0.00,0.00,0.0,0.00
2,2021-07-31,26.6,19.9,13.1,29.5,0.80,0.80,6.0,0.00
2,2021-08-01,21.4,19.5,17.4,34.2,8.00,8.00,21.0,0.00
2,2021-08-02,25.8,20.0,9.7,23.4,0.00,0.00,0.0,0.00
2,2021-08-03,26.6,21.4,11.7,28.4,0.00,0.00,0.0,0.00
2,2021-08-04,27.5,21.9,14.5,31.7,1.40,1.40,5.0,0.00
2,2021-08-05,30.2,22.6,14.1,37.4,1.10,1.10,8.0,0.00
2,2021-08-06,28.2,24.0,16.2,34.6,0.00,0.00,0.0,0.00
2,2021-08-07,28.5,19.2,20.8,40.3,8.60,8.60,12.0,0.00
2,2021-08-08,21.1,18.3,26.5,52.6,3.20,3.20,12.0,0.00
2,2021-08-09,20.6,15.8,29.2,53.6,25.10,25.10,19.0,0.00
2,2021-08-10,15.8,14.4,37.3,71.3,45.90,45.90,21.0,0.00
2,2021-08-11,17.1,12.1,21.1,43.6,0.30,0.30,3.0,0.00
2,2021-08-12,17.8,12.0,13.4,28.8,0.00,0.00,0.0,0.00
2,2021-08-13,18.3,12.6,15.4,33.8,0.00,0.00,0.0,0.00
2,2021-08-14,19.4,11.8,27.4,53.6,0.00,0.00,0.0,0.00
2,2021-08-15,18.2,12.6,22.0,45.4,0.00,0.00,0.0,0.00
2,2021-08-16,20.0,15.4,13.2,27.0,0.50,0.50,4.0,0.00
2,2021-08-17,20.7,15.2,15.6,34.2,0.10,0.10,1.0,0.00
2,2021-08-18,19.8,15.7,20.9,40.0,9.90,9.90,13.0,0.00
2,2021-08-19,20.7,14.4,22.2,45.7,0.00,0.00,0.0,0.00
2,2021-08-20,21.7,14.5,10.0,25.2,0.00,0.00,0.0,0.00
2,2021-08-21,22.3,15.7,14.0,31.3,0.00,0.00,0.0,0.00
2,2021-08-22,25.7,18.8,18.1,34.2,2.80,2.80,8.0,0.00
2,2021-08-23,21.1,17.9,10.3,26.3,3.20,3.20,8.0,0.00
2,2021-08-24,23.0,18.3,24.0,46.8,0.20,0.20,1.0,0.00
2,2021-08-25,20.8,17.3,25.5,46.8,11.40,11.40,20.0,0.00
2,2021-08-26,25.2,19.6,22.3,44.3,0.60,0.60,3.0,0.00
2,2021-08-27,25.9,19.1,24.3,43.6,1.80,1.80,4.0,0.00
2,2021-08-28,27.1,20.3,27.1,54.7,0.30,0.30,2.0,0.00
2,2021-08-29,26.6,18.5,21.9,42.5,0.00,0.00,0.0,0.00
2,2021-08-30,26.5,18.1,21.1,43.6,1.30,1.30,3.0,0.00
2,2021-08-31,21.7,16.5,27.1,56.9,5.40,5.40,12.0,0.00
2,2021-09-01,20.5,14.5,20.7,42.5,0.90,0.90,7.0,0.00
2,2021-09-02,19.0,14.1,13.0,29.9,0.10,0.10,1.0,0.00
2,2021-09-03,20.5,14.8,10.4,25.9,0.00,0.00,0.0,0.00
2,2021-09-04,19.6,15.9,10.7,27.0,0.20,0.20,2.0,0.00
2,2021-09-05,18.6,12.4,17.1,36.7,0.40,0.40,3.0,0.00
2,2021-09-06,18.7,12.9,10.2,25.9,0.00,0.00,0.0,0.00
2,2021-09-07,20.0,16.4,12.2,27.4,0.00,0.00,0.0,0.00
2,2021-09-08,22.4,14.6,15.5,31.3,0.00,0.00,0.0,0.00
2,2021-09-09,23.2,16.4,16.1,32.8,0.40,0.40,3.0,0.00
2,2021-09-10,20.0,14.9,11.5,27.4,0.10,0.10,1.0,0.00
2,2021-09-11,22.4,16.0,19.5,38.9,2.50,2.50,2.0,0.00
2,2021-09-12,25.1,14.8,32.3,58.3,8.80,8.80,8.0,0.00
2,2021-09-13,15.8,12.0,39.0,75.6,5.60,5.60,8.0,0.00
2,2021-09-14,16.1,11.4,20.8,47.5,0.00,0.00,0.0,0.00
2,2021-09-15,16.6,8.9,14.6,32.0,0.00,0.00,0.0,0.00
2,2021-09-16,17.1,12.5,15.8,32.4,0.00,0.00,0.0,0.00
2,2021-09-17,20.1,14.2,17.7,33.1,0.30,0.30,2.0,0.00
2,2021-09-18,18.4,12.0,21.8,42.8,2.00,2.00,9.0,0.00
2,2021-09-19,19.4,12.2,24.3,49.7,0.00,0.00,0.0,0.00
2,2021-09-20,17.6,10.6,18.2,37.4,0.00,0.00,0.0,0.00
2,2021-09-21,19.3,13.0,11.3,24.8,0.00,0.00,0.0,0.00
2,2021-09-22,21.7,17.1,10.1,19.4,0.50,0.50,3.0,0.00
2,2021-09-23,17.7,12.1,21.9,41.8,20.40,20.40,22.0,0.00
2,2021-09-24,15.1,12.0,19.9,40.3,0.30,0.30,1.0,0.00
2,2021-09-25,16.2,9.7,23.2,45.4,0.00,0.00,0.0,0.00
2,2021-09-26,18.2,10.8,12.7,24.1,0.00,0.00,0.0,0.00
2,2021-09-27,19.4,11.7,18.0,37.1,0.00,0.00,0.0,0.00
2,2021-09-28,19.0,11.7,13.0,27.4,0.00,0.00,0.0,0.00
2,2021-09-29,20.9,14.6,20.4,38.9,7.50,7.50,7.0,0.00
2,2021-09-30,19.2,13.0,23.6,46.1,10.40,10.40,9.0,0.00
2,2021-10-01,21.0,15.4,19.0,35.6,5.90,5.90,9.0,0.00
2,2021-10-02,16.5,12.2,27.1,51.1,5.10,5.10,15.0,0.00
2,2021-10-03,19.0,11.8,29.5,59.0,3.50,3.50,9.0,0.00
2,2021-10-04,16.4,10.8,18.0,48.2,53.00,53.00,19.0,0.00
2,2021-10-05,13.4,10.3,12.5,25.6,0.40,0.40,4.0,0.00
2,2021-10-06,14.3,8.6,22.8,45.7,1.00,1.00,4.0,0.00
2,2021-10-07,15.6,10.7,12.9,25.6,0.00,0.00,0.0,0.00
2,2021-10-08,16.9,10.4,17.4,34.6,0.30,0.30,3.0,0.00
2,2021-10-09,18.7,8.8,10.9,24.8,0.00,0.00,0.0,0.00
2,2021-10-10,19.5,13.5,25.7,50.0,23.60,23.60,13.0,0.00
2,2021-10-11,15.9,9.9,27.4,53.3,0.20,0.20,2.0,0.00
2,2021-10-12,14.2,7.2,11.5,26.3,0.00,0.00,0.0,0.00
2,2021-10-13,16.8,8.6,18.4,34.6,0.00,0.00,0.0,0.00
2,2021-10-14,16.5,12.0,15.2,29.2,2.40,2.40,5.0,0.00
2,2021-10-15,16.2,7.1,27.1,49.3,1.10,1.10,8.0,0.00
2,2021-10-16,13.2,5.0,30.0,55.8,7.20,7.20,8.0,0.00
2,2021-10-17,7.3,3.6,26.2,55.4,0.90,0.90,6.0,0.00
2,2021-10-18,8.9,3.2,21.8,42.8,0.50,0.50,3.0,0.00
2,2021-10-19,14.2,9.0,24.3,45.0,13.50,13.50,10.0,0.00
2,2021-10-20,10.0,8.3,30.2,53.6,40.80,40.80,24.0,0.00
2,2021-10-21,9.0,6.1,28.6,50.0,43.00,43.00,23.0,0.00
2,2021-10-22,9.2,4.3,14.5,28.1,1.10,1.10,7.0,0.00
2,2021-10-23,10.5,4.8,19.2,36.0,2.60,2.60,7.0,0.00
2,2021-10-24,14.9,7.8,28.5,52.6,0.00,0.00,0.0,0.00
2,2021-10-25,16.1,6.1,11.3,22.3,0.00,0.00,0.0,0.00
2,2021-10-26,13.8,8.2,12.7,22.7,0.00,0.00,0.0,0.00
2,2021-10-27,15.6,8.4,13.6,23.4,0.00,0.00,0.0,0.00
2,2021-10-28,13.8,7.6,38.3,66.2,5.70,5.70,10.0,0.00
2,2021-10-29,8.8,5.6,35.7,69.8,0.40,0.40,3.0,0.00
2,2021-10-30,9.4,3.9,10.0,19.8,0.00,0.00,0.0,0.00
2,2021-10-31,12.5,6.0,27.0,49.0,2.20,2.20,6.0,0.00
2,2021-11-01,8.2,6.8,21.9,47.2,5.40,5.40,13.0,0.00
2,2021-11-02,10.6,6.4,20.8,40.3,4.80,4.80,8.0,0.00
2,2021-11-03,9.2,7.7,22.0,38.9,11.50,11.50,23.0,0.00
2,2021-11-04,9.5,7.9,13.4,24.5,4.20,4.20,21.0,0.00
2,2021-11-05,9.2,5.0,9.4,17.6,2.60,2.60,12.0,0.00
2,2021-11-06,10.0,4.1,24.7,43.2,1.10,1.10,2.0,0.00
2,2021-11-07,6.4,1.4,19.5,45.4,3.90,3.90,5.0,0.00
2,2021-11-08,11.7,4.9,29.3,50.8,0.00,0.00,0.0,0.00
2,2021-11-09,14.0,10.4,39.0,70.2,43.40,43.40,14.0,0.00
2,2021-11-10,10.6,5.0,32.7,58.0,7.50,7.50,5.0,0.00
2,2021-11-11,12.0,4.4,25.5,47.9,0.00,0.00,0.0,0.00
2,2021-11-12,11.0,5.0,21.1,42.8,0.90,0.90,3.0,0.00
2,2021-11-13,8.2,4.8,35.1,68.0,0.00,0.00,0.0,0.00
2,2021-11-14,12.8,5.0,14.8,26.3,0.20,0.20,2.0,0.00
2,2021-11-15,7.3,2.1,21.0,42.1,0.40,0.40,4.0,0.00
2,2021-11-16,5.7,2.2,25.4,50.0,0.20,0.20,2.0,0.00
2,2021-11-17,6.5,1.3,26.8,49.7,0.90,0.70,3.0,0.14
2,2021-11-18,10.9,4.5,22.1,42.1,0.00,0.00,0.0,0.00
2,2021-11-19,11.5,2.8,43.0,78.1,2.90,2.60,9.0,0.21
2,2021-11-20,4.4,1.9,27.6,54.4,1.40,0.90,8.0,0.35
2,2021-11-21,4.0,1.8,23.7,44.3,0.40,0.30,2.0,0.07
2,2021-11-22,8.4,3.0,33.7,62.6,19.50,19.50,14.0,0.00
2,2021-11-23,5.0,-0.8,31.0,59.4,0.20,0.10,2.0,0.07
2,2021-11-24,4.0,-0.4,24.2,49.7,0.60,0.00,5.0,0.42
2,2021-11-25,4.0,-1.1,23.1,43.2,0.00,0.00,0.0,0.00
2,2021-11-26,3.7,1.1,31.6,58.7,6.00,0.50,7.0,3.85
2,2021-11-27,3.8,0.9,33.9,65.5,15.90,1.60,21.0,10.01
2,2021-11-28,5.2,0.7,18.7,33.1,0.10,0.00,1.0,0.07
2,2021-11-29,9.4,1.1,25.2,45.7,0.40,0.40,3.0,0.00
2,2021-11-30,11.8,3.0,25.3,54.0,1.50,1.50,2.0,0.00
2,2021-12-01,12.1,-1.8,39.8,73.1,17.90,16.50,13.0,0.98
2,2021-12-02,4.1,-0.9,42.7,80.6,0.00,0.00,0.0,0.00
2,2021-12-03,10.5,1.0,24.5,43.9,0.40,0.40,1.0,0.00
2,2021-12-04,3.5,-3.4,30.0,56.5,2.10,0.00,5.0,1.47
2,2021-12-05,2.7,-1.1,29.7,55.8,0.00,0.00,0.0,0.00
2,2021-12-06,7.2,1.8,13.9,24.8,0.00,0.00,0.0,0.00
2,2021-12-07,7.1,0.2,18.4,34.9,0.00,0.00,0.0,0.00
2,2021-12-08,3.5,-1.3,11.8,24.1,0.00,0.00,0.0,0.00
2,2021-12-09,6.0,-1.9,10.5,19.8,0.00,0.00,0.0,0.00
2,2021-12-10,6.7,-1.2,11.2,22.3,0.00,0.00,0.0,0.00
2,2021-12-11,7.3,1.8,22.4,39.6,0.00,0.00,0.0,0.00
2,2021-12-12,7.5,-1.6,30.7,58.3,2.50,1.40,5.0,0.77
2,2021-12-13,0.3,-1.9,49.3,90.7,1.00,0.00,4.0,0.70
2,2021-12-14,2.5,-0.9,34.6,66.6,0.40,0.30,4.0,0.07
2,2021-12-15,4.0,-1.5,21.7,40.0,0.30,0.20,3.0,0.07
2,2021-12-16,1.9,-1.2,27.5,51.8,1.40,0.00,5.0,0.98
2,2021-12-17,-0.5,-5.8,29.3,55.8,13.40,0.00,24.0,9.38
2,2021-12-18,-4.9,-10.0,30.0,58.7,1.00,0.00,7.0,0.70
2,2021-12-19,-3.0,-6.6,15.1,31.0,0.10,0.00,1.0,0.07
2,2021-12-20,-0.1,-3.5,20.5,39.2,0.30,0.00,3.0,0.21
2,2021-12-21,2.5,-4.1,29.3,51.8,2.40,0.00,5.0,1.68
2,2021-12-22,0.1,-3.3,35.4,64.4,9.60,0.00,18.0,6.72
2,2021-12-23,-0.8,-9.4,24.5,46.1,1.00,0.00,3.0,0.70
2,2021-12-24,-5.7,-10.5,20.2,33.8,0.70,0.00,6.0,0.49
2,2021-12-25,-4.0,-8.1,28.8,54.4,4.00,0.00,13.0,2.80
2,2021-12-26,-5.9,-9.4,30.1,58.7,0.70,0.00,6.0,0.49
2,2021-12-27,-5.4,-9.7,26.6,49.0,1.10,0.00,8.0,0.77
2,2021-12-28,-3.0,-9.1,18.8,36.7,0.40,0.00,4.0,0.28
2,2021-12-29,-0.6,-6.3,18.6,34.2,0.30,0.00,3.0,0.21
2,2021-12-30,-0.3,-7.7,18.8,35.6,0.00,0.00,0.0,0.00
2,2021-12-31,-5.3,-13.9,33.3,62.6,4.10,0.00,7.0,2.87
2,2022-01-01,-7.9,-12.5,21.6,37.4,0.60,0.00,1.0,0.42
2,2022-01-02,0.6,-9.0,34.9,63.7,1.50,0.00,4.0,1.05
2,2022-01-03,-7.0,-10.9,33.1,59.8,0.20,0.00,2.0,0.14
2,2022-01-04,-4.6,-9.0,37.1,68.0,8.10,0.00,22.0,5.67
2,2022-01-05,-4.5,-8.2,36.4,67.0,1.10,0.00,6.0,0.77
2,2022-01-06,-5.1,-8.8,16.4,32.4,0.30,0.00,3.0,0.21
2,2022-01-07,-5.3,-13.3,17.9,31.0,0.00,0.00,0.0,0.07
2,2022-01-08,-2.3,-6.8,17.4,31.7,2.00,0.00,14.0,1.47
2,2022-01-09,-3.9,-12.0,19.9,39.6,1.30,0.00,4.0,0.98
2,2022-01-10,-2.3,-8.6,18.9,34.6,0.10,0.00,1.0,0.07
2,2022-01-11,0.4,-5.4,45.9,88.9,23.70,0.00,17.0,16.59
2,2022-01-12,0.8,-0.6,42.8,81.4,12.70,0.00,20.0,8.89
2,2022-01-13,-0.3,-1.2,35.9,64.4,10.50,0.00,20.0,7.35
2,2022-01-14,-0.3,-1.3,42.1,77.4,8.60,0.00,24.0,6.02
2,2022-01-15,-0.4,-1.9,31.8,56.2,2.00,0.10,13.0,1.33
2,2022-01-16,-1.3,-2.7,20.9,36.7,2.30,0.00,8.0,1.61
2,2022-01-17,-1.2,-2.9,24.5,43.2,18.20,0.00,24.0,12.74
2,2022-01-18,-1.9,-4.1,30.1,51.8,5.20,0.00,22.0,3.64
2,2022-01-19,-3.3,-8.9,17.9,34.2,0.20,0.00,2.0,0.14
2,2022-01-20,-3.6,-8.1,26.4,47.2,3.40,0.00,17.0,2.38
2,2022-01-21,-3.2,-4.7,29.0,55.4,4.40,0.20,23.0,3.01
2,2022-01-22,-3.4,-9.1,18.2,34.9,0.10,0.00,1.0,0.07
2,2022-01-23,-4.2,-11.0,8.8,18.4,0.20,0.00,2.0,0.14
2,2022-01-24,-4.5,-8.5,17.4,30.6,1.00,0.00,7.0,0.70
2,2022-01-25,-4.3,-8.1,16.0,27.7,0.20,0.00,2.0,0.14
2,2022-01-26,-4.5,-6.3,11.8,21.6,1.80,0.00,10.0,1.26
2,2022-01-27,-5.1,-10.3,11.7,23.0,0.30,0.00,3.0,0.21
2,2022-01-28,-6.0,-9.0,14.3,25.6,0.40,0.00,4.0,0.28
2,2022-01-29,-5.1,-11.0,16.2,28.4,1.30,0.00,9.0,0.91
2,2022-01-30,-7.1,-14.2,18.1,32.8,1.70,0.00,11.0,1.19
2,2022-01-31,-6.9,-11.9,25.9,46.8,0.00,0.00,0.0,0.00
2,2022-02-01,-2.4,-7.6,20.4,37.4,0.00,0.00,0.0,0.00
2,2022-02-02,-2.8,-7.3,19.9,36.7,1.20,0.00,6.0,0.84
2,2022-02-03,-4.0,-8.4,16.9,29.2,0.40,0.00,4.0,0.28
2,2022-02-04,-3.4,-8.2,21.0,36.7,0.80,0.10,7.0,0.49
2,2022-02-05,-4.0,-7.2,20.8,36.7,1.50,0.00,10.0,1.12
2,2022-02-06,-3.8,-6.4,24.7,44.3,1.60,0.00,11.0,1.12
2,2022-02-07,-2.9,-9.8,18.4,34.9,1.00,0.00,9.0,0.70
2,2022-02-08,-1.4,-7.2,17.1,33.8,1.60,0.00,12.0,1.12
2,2022-02-09,-3.0,-10.3,18.2,34.6,0.00,0.00,0.0,0.00
2,2022-02-10,-4.0,-10.3,10.9,19.8,0.00,0.00,0.0,0.00
2,2022-02-11,-4.3,-7.3,12.9,24.5,0.00,0.00,0.0,0.00
2,2022-02-12,-3.6,-10.2,12.8,22.3,1.20,0.00,5.0,0.84
2,2022-02-13,-3.5,-6.9,16.8,31.0,2.40,0.00,13.0,1.68
2,2022-02-14,-3.0,-7.7,19.9,39.2,3.00,0.10,15.0,2.03
2,2022-02-15,-6.2,-8.8,12.2,21.6,0.20,0.00,2.0,0.14
2,2022-02-16,-4.3,-7.0,20.5,37.1,2.10,0.00,12.0,1.47
2,2022-02-17,-4.4,-6.9,19.5,37.4,0.50,0.00,5.0,0.35
2,2022-02-18,-3.6,-10.6,23.3,42.8,0.30,0.00,3.0,0.21
2,2022-02-19,-0.9,-6.2,27.3,47.9,0.90,0.00,1.0,0.63
2,2022-02-20,-1.2,-3.9,55.0,95.4,18.10,0.00,19.0,12.67
2,2022-02-21,-3.3,-5.5,53.7,97.2,15.20,0.00,24.0,10.64
2,2022-02-22,-4.4,-6.7,33.6,63.4,2.40,0.10,13.0,1.68
2,2022-02-23,-4.0,-8.5,26.4,51.1,0.20,0.00,2.0,0.21
2,2022-02-24,-1.8,-6.7,17.2,33.5,0.70,0.00,5.0,0.49
2,2022-02-25,-0.0,-3.0,27.3,49.0,0.00,0.00,0.0,0.00
2,2022-02-26,4.1,-0.2,27.9,51.1,0.40,0.10,4.0,0.21
2,2022-02-27,3.1,-3.6,22.6,40.0,1.10,0.10,5.0,0.70
2,2022-02-28,-1.5,-4.9,29.4,56.5,0.70,0.00,5.0,0.56
2,2022-03-01,1.7,-5.8,21.6,40.3,1.10,0.00,9.0,0.77
2,2022-03-02,-0.7,-5.6,15.5,29.5,0.20,0.00,2.0,0.14
2,2022-03-03,-2.4,-6.3,22.1,41.4,1.70,0.00,6.0,1.19
2,2022-03-04,0.4,-6.4,17.3,33.5,0.00,0.00,0.0,0.00
2,2022-03-05,1.6,-1.9,28.5,50.4,2.60,0.00,10.0,1.89
2,2022-03-06,1.4,-3.8,43.9,76.3,10.00,0.10,16.0,7.00
2,2022-03-07,-0.4,-4.6,32.1,61.6,0.00,0.00,0.0,0.00
2,2022-03-08,-0.6,-5.5,14.6,24.8,0.10,0.00,1.0,0.07
2,2022-03-09,2.9,-1.9,23.0,39.6,0.00,0.00,0.0,0.00
2,2022-03-10,5.9,-2.9,20.2,37.4,0.00,0.00,0.0,0.00
2,2022-03-11,6.2,2.0,17.9,31.3,4.60,4.30,8.0,0.21
2,2022-03-12,3.0,-1.3,31.7,57.6,0.30,0.10,3.0,0.14
2,2022-03-13,-0.3,-2.3,11.3,21.6,0.00,0.00,0.0,0.00
2,2022-03-14,0.0,-1.6,24.1,43.6,0.00,0.00,0.0,0.00
2,2022-03-15,-0.2,-1.1,28.0,50.8,11.20,0.00,24.0,7.84
2,2022-03-16,0.4,-1.1,16.5,29.9,2.40,0.10,14.0,1.61
2,2022-03-17,0.7,-4.7,9.2,18.7,2.30,0.00,9.0,1.61
2,2022-03-18,2.1,-1.9,17.2,31.3,2.10,0.00,10.0,1.61
2,2022-03-19,-1.6,-2.1,33.4,59.4,15.50,0.20,24.0,10.71
2,2022-03-20,-0.2,-3.7,33.8,64.4,0.60,0.00,5.0,0.42
2,2022-03-21,2.6,-3.3,24.5,46.1,1.80,0.00,5.0,1.26
2,2022-03-22,3.3,-2.4,25.3,52.2,0.20,0.00,2.0,0.14
2,2022-03-23,4.9,-0.9,17.1,31.3,0.00,0.00,0.0,0.00
2,2022-03-24,2.1,-4.1,7.7,15.5,0.00,0.00,0.0,0.00
2,2022-03-25,3.5,2.0,15.5,27.0,0.10,0.10,1.0,0.00
2,2022-03-26,5.3,1.8,14.5,25.6,3.90,3.90,11.0,0.00
2,2022-03-27,6.7,1.4,32.6,57.6,0.00,0.00,0.0,0.00
2,2022-03-28,4.2,-0.3,25.7,45.7,0.60,0.10,3.0,0.35
2,2022-03-29,8.4,1.8,29.1,51.5,0.00,0.00,0.0,0.00
2,2022-03-30,7.4,-0.6,21.2,37.4,0.10,0.10,1.0,0.00
2,2022-03-31,3.9,-6.9,13.7,27.0,0.70,0.00,6.0,0.49
2,2022-04-01,0.9,-3.6,18.1,32.4,6.20,0.00,8.0,4.34
2,2022-04-02,4.4,0.0,26.1,46.4,0.00,0.00,0.0,0.00
2,2022-04-03,8.5,1.8,21.3,41.0,0.00,0.00,0.0,0.00
2,2022-04-04,10.4,0.9,14.8,27.0,0.00,0.00,0.0,0.00
2,2022-04-05,11.2,0.4,15.0,27.0,0.00,0.00,0.0,0.00
2,2022-04-06,9.4,-2.3,24.2,43.9,0.30,0.30,3.0,0.00
2,2022-04-07,5.4,-0.1,17.9,33.8,0.10,0.00,1.0,0.07
2,2022-04-08,5.5,1.7,16.9,30.6,0.20,0.10,2.0,0.07
2,2022-04-09,8.1,2.5,23.8,42.1,4.30,3.20,9.0,0.77
2,2022-04-10,7.5,1.8,18.4,35.6,1.10,1.10,2.0,0.00
2,2022-04-11,10.8,3.8,11.9,26.3,0.10,0.10,1.0,0.00
2,2022-04-12,10.4,1.2,13.5,26.6,14.40,13.20,12.0,0.84
2,2022-04-13,2.0,-3.6,15.6,31.3,0.30,0.10,3.0,0.14
2,2022-04-14,5.0,-0.9,17.7,36.4,0.00,0.00,0.0,0.00
2,2022-04-15,5.7,-2.4,11.0,24.8,0.00,0.00,0.0,0.00
2,2022-04-16,8.8,-1.5,12.4,30.6,0.00,0.00,0.0,0.00
2,2022-04-17,13.9,2.5,21.3,43.9,3.30,3.30,4.0,0.00
2,2022-04-18,10.5,1.3,17.6,33.5,2.30,2.30,6.0,0.00
2,2022-04-19,11.0,3.1,15.8,28.1,0.00,0.00,0.0,0.00
2,2022-04-20,17.3,10.3,28.8,51.5,0.00,0.00,0.0,0.00
2,2022-04-21,20.9,10.4,26.0,46.4,0.00,0.00,0.0,0.00
2,2022-04-22,20.2,10.2,29.5,54.4,1.40,1.40,2.0,0.00
2,2022-04-23,11.3,3.3,37.0,71.3,0.00,0.00,0.0,0.00
2,2022-04-24,18.6,8.0,30.4,53.6,0.00,0.00,0.0,0.00
2,2022-04-25,14.3,4.4,16.9,37.1,0.00,0.00,0.0,0.00
2,2022-04-26,22.5,8.6,17.3,32.8,0.00,0.00,0.0,0.00
2,2022-04-27,12.6,6.1,45.0,84.6,0.00,0.00,0.0,0.00
2,2022-04-28,10.9,5.8,37.3,72.7,0.00,0.00,0.0,0.00
2,2022-04-29,10.8,1.4,20.6,41.0,0.30,0.30,2.0,0.00
2,2022-04-30,8.0,1.1,26.2,50.8,0.00,0.00,0.0,0.00
2,2022-05-01,13.0,5.5,28.4,50.4,3.50,3.50,10.0,0.00
2,2022-05-02,9.2,3.2,23.0,42.5,6.40,6.40,7.0,0.00
2,2022-05-03,9.5,4.1,30.0,56.5,8.70,8.10,8.0,0.42
2,2022-05-04,8.2,2.4,27.2,54.7,9.30,9.30,8.0,0.00
2,2022-05-05,18.9,4.8,20.2,41.0,0.00,0.00,0.0,0.00
2,2022-05-06,24.9,11.7,16.8,29.5,0.00,0.00,0.0,0.00
2,2022-05-07,17.5,6.7,30.1,57.6,15.50,15.50,8.0,0.00
2,2022-05-08,11.9,6.1,34.0,66.6,0.20,0.20,2.0,0.00
2,2022-05-09,15.1,10.7,40.2,73.1,0.20,0.20,1.0,0.00
2,2022-05-10,19.1,6.1,14.7,69.5,0.00,0.00,0.0,0.00
2,2022-05-11,22.4,7.8,13.8,29.2,0.00,0.00,0.0,0.00
2,2022-05-12,17.8,8.3,14.3,26.6,0.50,0.50,3.0,0.00
2,2022-05-13,13.0,6.2,23.2,40.0,8.90,8.90,13.0,0.00
2,2022-05-14,21.0,7.9,43.5,81.0,10.50,10.50,4.0,0.00
2,2022-05-15,16.6,7.5,25.6,51.5,0.10,0.10,1.0,0.00
2,2022-05-16,19.6,7.6,22.7,43.9,0.00,0.00,0.0,0.00
2,2022-05-17,17.0,8.7,17.9,31.3,0.00,0.00,0.0,0.00
2,2022-05-18,18.5,10.1,11.9,24.1,0.40,0.40,1.0,0.00
2,2022-05-19,16.3,10.4,13.7,30.2,0.70,0.70,3.0,0.00
2,2022-05-20,16.3,7.5,17.7,32.8,6.10,6.10,6.0,0.00
2,2022-05-21,18.3,12.0,17.0,32.0,1.20,1.20,1.0,0.00
2,2022-05-22,23.1,10.5,21.4,44.3,1.90,1.90,7.0,0.00
2,2022-05-23,14.1,7.8,16.3,34.2,0.40,0.40,4.0,0.00
2,2022-05-24,15.1,7.5,13.4,26.6,0.00,0.00,0.0,0.00
2,2022-05-25,19.9,9.4,15.9,28.1,0.00,0.00,0.0,0.00
2,2022-05-26,20.8,11.8,13.9,25.6,0.00,0.00,0.0,0.00
2,2022-05-27,23.1,13.6,34.0,60.5,4.30,4.30,7.0,0.00
2,2022-05-28,16.7,8.2,33.0,60.1,28.00,28.00,22.0,0.00
2,2022-05-29,8.8,6.6,31.1,60.1,6.70,6.70,24.0,0.00
2,2022-05-30,9.9,7.0,27.2,51.1,0.50,0.50,5.0,0.00
2,2022-05-31,12.9,8.0,28.8,51.5,12.80,12.80,11.0,0.00
2,2022-06-01,13.9,9.2,12.2,25.9,0.40,0.40,3.0,0.00
2,2022-06-02,10.7,7.0,9.0,21.2,0.00,0.00,0.0,0.00
2,2022-06-03,8.5,6.2,16.6,31.7,2.20,2.20,17.0,0.00
2,2022-06-04,6.7,5.0,20.9,40.0,10.50,10.50,24.0,0.00
2,2022-06-05,7.4,5.5,15.7,32.0,1.00,1.00,7.0,0.00
2,2022-06-06,8.8,6.1,15.9,35.3,0.00,0.00,0.0,0.00
2,2022-06-07,8.9,5.7,15.0,32.4,0.00,0.00,0.0,0.00
2,2022-06-08,11.0,5.2,14.5,32.0,0.00,0.00,0.0,0.00
2,2022-06-09,13.4,7.4,15.6,33.8,0.00,0.00,0.0,0.00
2,2022-06-10,17.4,10.5,14.8,30.6,8.60,8.60,6.0,0.00
2,2022-06-11,16.4,9.2,17.3,32.4,16.50,16.50,15.0,0.00
2,2022-06-12,11.8,7.9,16.2,32.8,3.70,3.70,10.0,0.00
2,2022-06-13,13.7,8.0,11.6,27.0,0.00,0.00,0.0,0.00
2,2022-06-14,16.0,10.5,12.0,27.4,0.00,0.00,0.0,0.00
2,2022-06-15,18.5,11.9,13.2,23.8,0.10,0.10,1.0,0.00
2,2022-06-16,16.5,10.0,17.1,31.7,3.40,3.40,10.0,0.00
2,2022-06-17,15.3,12.5,8.7,20.5,0.40,0.40,2.0,0.00
2,2022-06-18,21.0,14.3,17.7,34.9,2.80,2.80,5.0,0.00
2,2022-06-19,23.7,13.9,13.1,26.3,24.60,24.60,13.0,0.00
2,2022-06-20,15.9,9.8,21.1,41.4,8.60,8.60,11.0,0.00
2,2022-06-21,13.2,10.2,15.3,31.3,0.10,0.10,1.0,0.00
2,2022-06-22,14.0,10.3,17.7,37.1,1.00,1.00,6.0,0.00
2,2022-06-23,17.9,14.4,23.2,41.8,4.50,4.50,16.0,0.00
2,2022-06-24,22.1,17.4,32.9,58.3,15.70,15.70,12.0,0.00
2,2022-06-25,24.3,19.3,24.5,42.5,1.40,1.40,3.0,0.00
2,2022-06-26,28.6,14.4,23.1,43.9,8.40,8.40,10.0,0.00
2,2022-06-27,17.6,13.3,12.8,25.6,3.20,3.20,13.0,0.00
2,2022-06-28,17.5,14.3,17.1,29.9,24.80,24.80,14.0,0.00
2,2022-06-29,14.0,11.6,11.4,25.6,9.30,9.30,10.0,0.00
2,2022-06-30,15.8,11.6,13.1,29.2,0.00,0.00,0.0,0.00
2,2022-07-01,21.0,15.0,14.8,31.7,2.00,2.00,2.0,0.00
2,2022-07-02,23.7,17.7,14.4,28.8,0.00,0.00,0.0,0.00
2,2022-07-03,26.9,20.1,10.2,25.2,0.80,0.80,3.0,0.00
2,2022-07-04,22.2,15.5,16.9,34.6,9.20,9.20,8.0,0.00
2,2022-07-05,17.2,14.9,8.7,22.7,0.00,0.00,0.0,0.00
2,2022-07-06,21.5,16.0,13.7,29.5,0.00,0.00,0.0,0.00
2,2022-07-07,21.8,17.5,9.6,23.4,0.00,0.00,0.0,0.00
2,2022-07-08,24.1,16.9,13.4,28.8,0.00,0.00,0.0,0.00
2,2022-07-09,24.9,19.1,24.5,43.9,0.00,0.00,0.0,0.00
2,2022-07-10,22.2,18.7,21.7,40.0,0.00,0.00,0.0,0.00
2,2022-07-11,22.5,19.0,18.7,37.1,3.80,3.80,4.0,0.00
2,2022-07-12,23.8,19.2,14.8,26.3,1.50,1.50,7.0,0.00
2,2022-07-13,19.9,16.2,12.7,24.8,0.20,0.20,2.0,0.00
2,2022-07-14,20.7,16.6,23.5,44.6,0.20,0.20,2.0,0.00
2,2022-07-15,22.1,15.9,29.2,53.6,0.00,0.00,0.0,0.00
2,2022-07-16,22.8,16.7,23.3,43.2,9.50,9.50,9.0,0.00
2,2022-07-17,20.2,15.9,21.8,41.4,18.40,18.40,12.0,0.00
2,2022-07-18,22.9,17.3,16.4,34.2,2.50,2.50,10.0,0.00
2,2022-07-19,20.0,14.8,22.3,43.6,0.10,0.10,1.0,0.00
2,2022-07-20,15.5,14.5,13.1,25.2,2.40,2.40,14.0,0.00
2,2022-07-21,17.3,13.0,15.2,32.8,0.10,0.10,1.0,0.00
2,2022-07-22,16.9,14.3,11.5,27.4,6.20,6.20,5.0,0.00
2,2022-07-23,17.3,14.3,16.2,31.0,12.60,12.60,21.0,0.00
2,2022-07-24,19.2,16.0,19.9,38.5,0.00,0.00,0.0,0.00
2,2022-07-25,20.4,15.5,11.2,25.6,0.00,0.00,0.0,0.00
2,2022-07-26,21.2,17.5,10.8,25.6,0.10,0.10,1.0,0.00
2,2022-07-27,20.6,17.5,9.9,25.9,0.10,0.10,1.0,0.00
2,2022-07-28,20.9,17.3,18.0,37.1,0.00,0.00,0.0,0.00
2,2022-07-29,23.0,18.3,12.3,27.7,0.00,0.00,0.0,0.00
2,2022-07-30,26.5,23.6,28.6,51.1,0.00,0.00,0.0,0.00
2,2022-07-31,28.3,16.6,28.8,59.0,0.30,0.30,3.0,0.00
2,2022-08-01,18.5,16.1,27.2,48.2,27.80,27.80,12.0,0.00
2,2022-08-02,21.2,17.2,19.0,44.6,8.00,8.00,7.0,0.00
2,2022-08-03,23.7,18.7,21.8,40.3,0.00,0.00,0.0,0.00
2,2022-08-04,22.6,18.1,14.1,29.5,0.00,0.00,0.0,0.00
2,2022-08-05,22.7,16.1,20.2,37.1,0.00,0.00,0.0,0.00
2,2022-08-06,23.5,18.7,15.1,29.2,0.00,0.00,0.0,0.00
2,2022-08-07,24.7,19.5,12.8,28.4,0.00,0.00,0.0,0.00
2,2022-08-08,27.5,22.4,20.5,35.3,19.80,19.80,10.0,0.00
2,2022-08-09,29.1,20.6,21.5,38.9,0.00,0.00,0.0,0.00
2,2022-08-10,25.1,19.4,9.4,22.3,1.50,1.50,10.0,0.00
2,2022-08-11,26.3,20.4,13.7,28.4,4.40,4.40,9.0,0.00
2,2022-08-12,25.5,20.5,12.0,24.5,2.20,2.20,6.0,0.00
2,2022-08-13,24.1,20.0,12.1,25.2,0.40,0.40,1.0,0.00
2,2022-08-14,23.4,17.8,11.4,24.5,5.10,5.10,3.0,0.00
2,2022-08-15,23.3,19.6,25.9,46.4,47.20,47.20,16.0,0.00
2,2022-08-16,20.4,18.1,31.1,57.6,35.50,35.50,20.0,0.00
2,2022-08-17,23.5,16.6,15.0,36.4,0.00,0.00,0.0,0.00
2,2022-08-18,25.0,16.6,23.3,41.4,4.20,4.20,10.0,0.00
2,2022-08-19,22.0,16.6,18.6,39.2,1.20,1.20,6.0,0.00
2,2022-08-20,24.4,19.8,21.4,39.2,1.70,1.70,4.0,0.00
2,2022-08-21,26.4,16.4,21.3,41.0,0.00,0.00,0.0,0.00
2,2022-08-22,25.2,21.1,29.6,52.9,3.00,3.00,3.0,0.00
2,2022-08-23,28.8,19.0,32.9,62.3,1.00,1.00,2.0,0.00
2,2022-08-24,24.1,14.9,27.4,54.0,0.10,0.10,1.0,0.00
2,2022-08-25,23.3,17.7,16.8,33.8,0.00,0.00,0.0,0.00
2,2022-08-26,24.2,17.1,13.4,25.6,0.00,0.00,0.0,0.00
2,2022-08-27,23.3,19.5,23.4,43.9,8.50,8.50,12.0,0.00
2,2022-08-28,22.3,16.9,18.0,33.8,1.30,1.30,1.0,0.00
2,2022-08-29,24.0,17.0,15.6,31.7,0.00,0.00,0.0,0.00
2,2022-08-30,22.0,17.5,8.7,19.8,0.00,0.00,0.0,0.00
2,2022-08-31,21.6,17.5,21.4,40.7,17.60,17.60,18.0,0.00
2,2022-09-01,20.8,17.7,18.3,35.3,0.90,0.90,4.0,0.00
2,2022-09-02,22.9,13.3,22.5,43.2,0.00,0.00,0.0,0.00
2,2022-09-03,20.6,15.5,11.3,24.1,0.00,0.00,0.0,0.00
2,2022-09-04,20.8,15.3,11.5,26.3,0.00,0.00,0.0,0.00
2,2022-09-05,23.8,19.3,14.7,25.6,1.40,1.40,6.0,0.00
2,2022-09-06,27.9,21.4,47.8,84.6,0.00,0.00,0.0,0.00
2,2022-09-07,26.6,16.4,19.3,36.0,0.00,0.00,0.0,0.00
2,2022-09-08,25.3,16.5,15.3,31.7,0.00,0.00,0.0,0.00
2,2022-09-09,25.8,13.4,17.4,33.5,0.00,0.00,0.0,0.00
2,2022-09-10,19.1,12.4,12.3,22.0,0.00,0.00,0.0,0.00
2,2022-09-11,21.7,14.8,12.4,26.3,0.00,0.00,0.0,0.00
2,2022-09-12,23.0,18.2,13.2,28.4,0.00,0.00,0.0,0.00
2,2022-09-13,26.1,13.4,38.3,75.6,5.40,5.40,12.0,0.00
2,2022-09-14,16.0,10.4,26.1,58.7,0.50,0.50,2.0,0.00
2,2022-09-15,20.0,13.8,9.0,21.6,0.00,0.00,0.0,0.00
2,2022-09-16,19.4,13.7,15.5,28.8,0.00,0.00,0.0,0.00
2,2022-09-17,22.6,17.0,10.0,22.7,6.20,6.20,9.0,0.00
2,2022-09-18,24.0,18.6,13.3,23.4,1.70,1.70,9.0,0.00
2,2022-09-19,23.0,12.9,26.8,51.8,63.40,63.40,17.0,0.00
2,2022-09-20,15.3,10.7,27.9,55.4,0.20,0.20,1.0,0.00
2,2022-09-21,17.0,8.5,17.7,31.0,0.00,0.00,0.0,0.00
2,2022-09-22,17.5,13.7,18.1,32.8,0.00,0.00,0.0,0.00
2,2022-09-23,19.5,16.1,25.4,44.3,21.20,21.20,16.0,0.00
2,2022-09-24,21.6,15.8,24.0,45.0,6.20,6.20,6.0,0.00
2,2022-09-25,21.7,11.7,25.6,46.4,0.00,0.00,0.0,0.00
2,2022-09-26,19.2,12.2,17.5,31.3,0.00,0.00,0.0,0.00
2,2022-09-27,23.0,11.7,18.7,36.7,0.00,0.00,0.0,0.00
2,2022-09-28,21.3,13.2,25.2,45.0,0.00,0.00,0.0,0.00
2,2022-09-29,21.0,11.9,26.8,52.9,0.10,0.10,1.0,0.00
2,2022-09-30,25.0,14.9,19.2,34.9,0.00,0.00,0.0,0.00
2,2022-10-01,25.9,12.7,31.7,57.6,3.80,3.80,11.0,0.00
2,2022-10-02,16.5,11.9,18.1,34.2,0.10,0.10,1.0,0.00
2,2022-10-03,22.2,14.9,24.5,49.0,4.70,4.70,3.0,0.00
2,2022-10-04,18.5,7.9,35.5,65.5,19.40,19.40,16.0,0.00
2,2022-10-05,12.3,6.9,21.0,43.9,0.10,0.10,1.0,0.00
2,2022-10-06,11.8,5.4,22.7,44.3,2.40,2.40,6.0,0.00
2,2022-10-07,12.0,7.8,12.4,23.4,3.10,3.10,12.0,0.00
2,2022-10-08,9.5,5.8,9.7,22.0,8.30,8.30,13.0,0.00
2,2022-10-09,13.2,10.1,25.2,45.7,0.10,0.10,1.0,0.00
2,2022-10-10,13.4,11.2,37.8,67.3,26.20,26.20,24.0,0.00
2,2022-10-11,19.1,11.4,26.6,50.0,0.00,0.00,0.0,0.00
2,2022-10-12,15.9,6.0,23.4,46.4,0.50,0.50,1.0,0.00
2,2022-10-13,14.4,6.9,14.3,29.5,0.00,0.00,0.0,0.00
2,2022-10-14,15.5,9.5,12.6,25.9,0.00,0.00,0.0,0.00
2,2022-10-15,16.9,9.5,13.9,34.9,1.90,1.90,4.0,0.00
2,2022-10-16,17.4,12.3,16.9,31.7,0.00,0.00,0.0,0.00
2,2022-10-17,18.5,5.3,27.9,54.7,6.90,6.90,9.0,0.00
2,2022-10-18,10.5,6.6,20.8,41.8,0.20,0.20,2.0,0.00
2,2022-10-19,11.1,6.6,27.9,56.2,0.30,0.30,2.0,0.00
2,2022-10-20,14.7,9.1,28.0,49.3,0.00,0.00,0.0,0.00
2,2022-10-21,17.0,10.5,18.1,32.8,0.00,0.00,0.0,0.00
2,2022-10-22,19.5,8.7,25.4,46.8,5.70,5.70,8.0,0.00
2,2022-10-23,9.2,5.2,22.1,40.0,23.50,23.50,23.0,0.00
2,2022-10-24,7.3,3.1,19.4,38.5,2.00,2.00,9.0,0.00
2,2022-10-25,8.9,2.1,15.6,26.3,0.00,0.00,0.0,0.00
2,2022-10-26,11.4,3.0,16.4,29.2,0.00,0.00,0.0,0.00
2,2022-10-27,14.4,9.0,13.8,25.6,3.10,3.10,10.0,0.00
2,2022-10-28,11.7,8.7,22.4,38.9,1.40,1.40,7.0,0.00
2,2022-10-29,13.2,6.6,25.7,44.6,9.60,9.60,14.0,0.00
2,2022-10-30,10.3,8.7,26.6,47.5,9.90,9.90,18.0,0.00
2,2022-10-31,11.4,4.5,13.6,24.8,0.00,0.00,0.0,0.00
2,2022-11-01,13.3,9.2,22.4,41.8,1.50,1.50,3.0,0.00
2,2022-11-02,12.8,6.3,21.0,38.2,0.30,0.30,3.0,0.00
2,2022-11-03,9.1,3.1,25.1,50.4,0.80,0.80,5.0,0.00
2,2022-11-04,6.9,2.1,26.1,49.7,1.60,1.50,8.0,0.07
2,2022-11-05,7.4,3.8,26.0,49.3,0.20,0.20,2.0,0.00
2,2022-11-06,8.5,2.9,29.5,58.0,0.00,0.00,0.0,0.00
2,2022-11-07,9.0,4.3,21.4,42.1,0.00,0.00,0.0,0.00
2,2022-11-08,11.6,4.1,14.2,25.6,1.60,1.60,4.0,0.00
2,2022-11-09,11.6,6.1,32.6,59.0,0.00,0.00,0.0,0.00
2,2022-11-10,9.7,2.1,28.3,53.6,0.00,0.00,0.0,0.00
2,2022-11-11,10.4,3.3,32.7,59.4,0.00,0.00,0.0,0.00
2,2022-11-12,13.5,6.7,35.3,64.4,0.30,0.30,2.0,0.00
2,2022-11-13,9.3,3.0,41.8,76.3,22.30,20.80,22.0,1.05
2,2022-11-14,3.8,-0.1,31.7,63.7,0.50,0.30,4.0,0.14
2,2022-11-15,7.5,1.0,12.3,28.8,2.00,1.30,6.0,0.49
2,2022-11-16,5.8,0.6,12.3,25.6,11.40,4.50,18.0,4.83
2,2022-11-17,4.0,0.7,20.0,36.7,2.40,0.90,10.0,1.05
2,2022-11-18,5.1,1.5,17.0,30.6,0.10,0.10,1.0,0.00
2,2022-11-19,3.9,-1.1,10.2,20.9,1.60,1.60,7.0,0.00
2,2022-11-20,9.4,3.0,22.3,40.0,7.60,7.60,4.0,0.00
2,2022-11-21,8.7,3.1,25.3,46.8,8.20,7.30,10.0,0.63
2,2022-11-22,5.0,-0.9,23.2,46.4,0.60,0.40,6.0,0.14
2,2022-11-23,6.9,0.0,14.7,28.4,0.00,0.00,0.0,0.00
2,2022-11-24,5.9,2.9,13.0,23.0,1.50,1.50,8.0,0.00
2,2022-11-25,9.3,2.9,25.4,45.0,0.10,0.10,1.0,0.00
2,2022-11-26,14.0,1.2,28.0,53.3,3.90,3.90,8.0,0.00
2,2022-11-27,3.3,0.4,22.2,43.2,0.30,0.10,3.0,0.14
2,2022-11-28,8.9,2.2,30.4,60.8,0.40,0.40,4.0,0.00
2,2022-11-29,13.8,0.1,32.0,56.2,3.50,3.50,12.0,0.00
2,2022-11-30,1.4,-5.4,26.0,56.5,1.90,0.00,9.0,1.33
2,2022-12-01,-2.7,-6.0,35.1,66.2,1.30,0.00,8.0,0.98
2,2022-12-02,-0.6,-4.1,26.2,50.4,0.80,0.00,5.0,0.56
2,2022-12-03,4.2,-1.9,22.7,44.6,2.80,0.00,10.0,1.96
2,2022-12-04,-1.2,-7.2,30.1,56.5,0.60,0.00,5.0,0.42
2,2022-12-05,-1.4,-4.2,30.1,56.9,0.30,0.00,1.0,0.21
2,2022-12-06,2.6,-1.9,20.1,38.5,0.10,0.00,1.0,0.07
2,2022-12-07,2.2,-2.5,17.7,36.4,0.80,0.00,6.0,0.56
2,2022-12-08,-0.4,-4.7,17.1,34.9,2.00,0.00,6.0,1.40
2,2022-12-09,0.6,-2.2,20.4,39.6,1.20,0.00,7.0,0.84
2,2022-12-10,3.3,-2.8,22.2,43.6,0.20,0.00,1.0,0.14
2,2022-12-11,0.2,-4.5,20.3,40.7,1.00,0.10,8.0,0.63
2,2022-12-12,2.2,-4.0,27.0,49.3,0.00,0.00,0.0,0.00
2,2022-12-13,6.3,-2.4,30.4,56.9,1.00,0.90,8.0,0.07
2,2022-12-14,-1.6,-7.5,31.2,63.7,1.60,0.10,9.0,1.05
2,2022-12-15,-3.0,-7.0,37.3,75.6,2.20,0.00,14.0,1.54
2,2022-12-16,-3.7,-6.5,31.3,58.7,0.10,0.00,1.0,0.07
2,2022-12-17,-1.5,-5.2,22.5,42.5,6.50,0.00,12.0,4.55
2,2022-12-18,-2.1,-8.2,30.3,56.5,1.90,0.00,3.0,1.33
2,2022-12-19,-5.7,-7.8,28.2,54.0,0.30,0.00,3.0,0.21
2,2022-12-20,-1.9,-5.7,24.0,45.0,0.10,0.00,1.0,0.07
2,2022-12-21,-0.3,-4.4,22.7,44.6,0.00,0.00,0.0,0.00
2,2022-12-22,1.5,-1.5,43.3,77.4,34.80,0.40,16.0,24.08
2,2022-12-23,2.5,0.6,45.1,79.6,25.90,3.20,24.0,15.89
2,2022-12-24,1.6,-0.2,39.8,71.6,9.70,0.10,24.0,6.72
2,2022-12-25,1.6,0.1,36.0,62.6,13.80,0.40,23.0,9.38
2,2022-12-26,1.4,-0.3,29.7,51.8,7.60,0.30,24.0,5.11
2,2022-12-27,0.1,-4.5,18.3,35.3,0.80,0.00,8.0,0.56
2,2022-12-28,1.8,-4.1,15.2,26.3,0.70,0.00,7.0,0.49
2,2022-12-29,-2.5,-6.1,29.3,52.6,0.00,0.00,0.0,0.00
2,2022-12-30,-2.6,-6.9,16.4,31.3,0.50,0.00,5.0,0.35
2,2022-12-31,0.0,-4.4,16.0,30.6,0.30,0.00,2.0,0.21
2,2023-01-01,-0.1,-9.3,21.3,40.0,0.70,0.00,7.0,0.49
2,2023-01-02,-7.7,-12.0,20.6,41.0,0.10,0.00,1.0,0.07
2,2023-01-03,-8.7,-11.9,18.6,32.0,0.00,0.00,0.0,0.00
2,2023-01-04,-7.1,-10.2,20.4,36.4,0.00,0.00,0.0,0.00
2,2023-01-05,-4.4,-7.0,29.0,51.5,0.00,0.00,0.0,0.00
2,2023-01-06,-2.0,-6.5,19.1,37.8,3.00,0.10,10.0,2.03
2,2023-01-07,-2.8,-10.6,12.3,23.8,0.10,0.00,1.0,0.07
2,2023-01-08,-4.1,-10.4,13.5,23.4,0.00,0.00,0.0,0.00
2,2023-01-09,0.1,-5.6,26.7,49.3,3.20,0.00,16.0,2.24
2,2023-01-10,-5.6,-8.4,28.1,54.0,1.30,0.00,11.0,0.91
2,2023-01-11,0.5,-5.4,14.4,25.2,0.00,0.00,0.0,0.00
2,2023-01-12,3.9,-7.2,17.3,31.7,0.00,0.00,0.0,0.00
2,2023-01-13,6.8,-2.5,32.0,56.2,1.40,0.20,6.0,0.84
2,2023-01-14,-2.7,-8.8,19.5,37.8,3.10,0.00,24.0,2.24
2,2023-01-15,-7.6,-11.9,18.7,31.7,0.30,0.00,3.0,0.21
2,2023-01-16,-5.6,-12.9,19.0,33.8,0.20,0.00,2.0,0.21
2,2023-01-17,-5.9,-11.6,12.8,23.0,0.10,0.00,1.0,0.07
2,2023-01-18,-3.4,-13.2,21.1,37.8,0.20,0.00,2.0,0.14
2,2023-01-19,-4.4,-11.5,24.1,47.9,2.10,0.00,6.0,1.47
2,2023-01-20,-1.5,-7.3,26.2,49.3,2.20,0.00,13.0,1.54
2,2023-01-21,-6.8,-11.4,20.5,43.9,1.60,0.00,10.0,1.12
2,2023-01-22,-7.0,-11.9,25.5,46.1,0.10,0.00,1.0,0.07
2,2023-01-23,-5.8,-11.0,14.3,25.9,5.70,0.00,9.0,3.99
2,2023-01-24,-4.4,-14.9,38.6,70.6,0.30,0.00,3.0,0.21
2,2023-01-25,-10.3,-13.7,39.6,72.0,0.00,0.00,0.0,0.00
2,2023-01-26,-7.0,-9.5,37.6,69.8,0.40,0.00,4.0,0.28
2,2023-01-27,-4.0,-12.9,19.8,34.9,0.40,0.00,3.0,0.28
2,2023-01-28,-4.6,-9.6,40.7,72.4,2.40,0.00,5.0,1.68
2,2023-01-29,-5.7,-13.5,26.1,47.2,0.00,0.00,0.0,0.00
2,2023-01-30,-5.8,-10.3,21.0,36.7,0.00,0.00,0.0,0.00
2,2023-01-31,-5.1,-10.3,16.3,37.4,0.60,0.00,5.0,0.42
2,2023-02-01,-2.6,-7.0,39.3,68.8,9.60,0.00,15.0,6.72
2,2023-02-02,-6.0,-11.0,29.3,59.4,2.10,0.10,8.0,1.40
2,2023-02-03,-6.2,-13.2,16.0,29.2,0.00,0.00,0.0,0.00
2,2023-02-04,-6.5,-10.9,11.9,20.9,0.20,0.00,2.0,0.14
2,2023-02-05,-3.3,-8.8,16.9,33.8,1.40,0.10,9.0,0.91
2,2023-02-06,-4.0,-6.8,17.0,32.0,1.80,0.00,17.0,1.33
2,2023-02-07,-3.5,-10.0,12.9,22.7,0.60,0.00,5.0,0.42
2,2023-02-08,-2.7,-9.1,21.3,38.9,1.10,0.00,7.0,0.77
2,2023-02-09,-9.0,-13.4,21.5,40.3,1.40,0.00,9.0,0.98
2,2023-02-10,-6.3,-11.1,11.9,21.2,0.00,0.00,0.0,0.00
2,2023-02-11,-3.1,-7.4,13.0,22.7,0.70,0.00,5.0,0.56
2,2023-02-12,-1.7,-6.5,15.4,27.7,3.10,0.00,16.0,2.17
2,2023-02-13,-4.0,-6.7,20.3,36.4,4.30,0.00,10.0,3.01
2,2023-02-14,-6.2,-11.7,29.6,54.4,4.20,0.00,22.0,2.94
2,2023-02-15,-8.6,-12.3,27.7,51.1,1.20,0.00,12.0,0.84
2,2023-02-16,-4.6,-9.3,23.8,43.9,0.30,0.00,3.0,0.21
2,2023-02-17,0.5,-8.6,17.2,31.0,0.60,0.00,4.0,0.42
2,2023-02-18,2.5,-8.5,21.3,38.9,0.10,0.00,1.0,0.07
2,2023-02-19,-1.0,-3.9,18.4,34.6,8.40,0.00,19.0,5.88
2,2023-02-20,-3.6,-9.3,31.6,59.8,11.60,0.00,20.0,8.12
2,2023-02-21,-7.6,-12.3,24.1,45.7,0.60,0.00,5.0,0.42
2,2023-02-22,-4.4,-8.6,18.4,32.8,0.10,0.00,1.0,0.07
2,2023-02-23,0.9,-6.2,12.3,22.7,1.50,0.00,5.0,1.05
2,2023-02-24,0.1,-7.8,12.3,24.1,1.60,0.00,7.0,1.12
2,2023-02-25,-3.2,-9.2,18.1,34.6,0.70,0.00,4.0,0.49
2,2023-02-26,-3.6,-9.5,25.6,50.0,1.10,0.00,11.0,0.77
2,2023-02-27,3.2,-4.7,45.0,77.0,0.00,0.00,0.0,0.00
2,2023-02-28,6.9,1.6,28.1,50.0,0.10,0.10,1.0,0.00
2,2023-03-01,1.6,-3.1,21.0,41.0,3.40,0.10,11.0,2.31
2,2023-03-02,-2.8,-6.5,14.8,27.0,1.70,0.00,8.0,1.19
2,2023-03-03,0.8,-6.9,16.9,31.3,0.40,0.00,3.0,0.28
2,2023-03-04,0.4,-8.6,25.4,43.6,0.00,0.00,0.0,0.00
2,2023-03-05,4.2,0.3,25.0,44.3,0.00,0.00,0.0,0.00
2,2023-03-06,7.2,0.5,31.4,55.4,0.00,0.00,0.0,0.00
2,2023-03-07,8.3,-1.4,23.6,43.6,0.00,0.00,0.0,0.00
2,2023-03-08,10.4,-4.8,26.5,46.8,1.20,1.20,5.0,0.00
2,2023-03-09,0.6,-3.3,20.0,37.8,1.70,1.30,5.0,0.28
2,2023-03-10,3.5,-0.6,24.6,43.6,10.80,3.90,13.0,4.83
2,2023-03-11,0.3,-2.2,13.5,29.5,0.00,0.00,0.0,0.00
2,2023-03-12,6.5,-0.8,34.4,60.1,0.00,0.00,0.0,0.00
2,2023-03-13,8.7,-0.9,39.6,71.3,6.80,6.80,11.0,0.00
2,2023-03-14,3.4,-6.1,18.3,35.3,0.00,0.00,0.0,0.00
2,2023-03-15,2.7,-3.9,19.0,34.6,0.00,0.00,0.0,0.00
2,2023-03-16,10.8,-3.1,29.3,52.2,0.40,0.40,4.0,0.00
2,2023-03-17,3.2,-2.7,19.6,36.7,1.00,0.00,3.0,0.70
2,2023-03-18,4.0,-2.7,20.4,36.4,0.00,0.00,0.0,0.00
2,2023-03-19,5.5,2.6,29.9,55.4,0.00,0.00,0.0,0.00
2,2023-03-20,9.6,0.8,19.7,40.3,0.00,0.00,0.0,0.00
2,2023-03-21,11.2,-1.1,14.3,25.2,0.00,0.00,0.0,0.00
2,2023-03-22,9.8,0.8,11.2,20.5,0.00,0.00,0.0,0.00
2,2023-03-23,13.7,1.8,30.4,55.4,0.80,0.80,3.0,0.00
2,2023-03-24,1.8,-3.6,30.8,56.9,0.30,0.10,3.0,0.14
2,2023-03-25,3.8,-1.5,14.9,31.3,0.00,0.00,0.0,0.00
2,2023-03-26,7.1,0.6,25.9,45.0,16.40,3.30,14.0,9.17
2,2023-03-27,5.8,0.6,30.1,54.4,0.50,0.30,2.0,0.14
2,2023-03-28,10.1,-1.3,18.7,36.7,0.00,0.00,0.0,0.00
2,2023-03-29,9.5,0.0,14.7,27.0,0.00,0.00,0.0,0.00
2,2023-03-30,9.9,2.5,15.6,28.1,0.90,0.90,2.0,0.00
2,2023-03-31,8.5,1.3,22.3,39.6,1.90,1.90,6.0,0.00
2,2023-04-01,4.8,0.5,28.3,53.6,0.20,0.10,2.0,0.07
2,2023-04-02,1.7,-3.1,9.9,25.2,0.00,0.00,0.0,0.00
2,2023-04-03,4.9,-2.1,12.3,25.2,0.00,0.00,0.0,0.00
2,2023-04-04,16.4,7.8,30.3,55.4,0.00,0.00,0.0,0.00
2,2023-04-05,12.1,3.5,13.7,28.8,0.00,0.00,0.0,0.00
2,2023-04-06,11.8,7.4,17.1,28.4,1.10,1.10,5.0,0.00
2,2023-04-07,13.6,3.5,13.7,28.8,16.90,16.90,20.0,0.00
2,2023-04-08,5.4,1.5,21.9,42.5,0.80,0.70,8.0,0.07
2,2023-04-09,8.4,1.9,27.0,51.5,0.20,0.20,2.0,0.00
2,2023-04-10,15.0,4.0,24.2,45.4,0.00,0.00,0.0,0.00
2,2023-04-11,18.2,7.9,18.7,46.1,3.60,3.60,6.0,0.00
2,2023-04-12,15.6,1.7,36.3,67.0,0.30,0.30,1.0,0.00
2,2023-04-13,9.4,1.7,32.2,59.8,0.10,0.00,1.0,0.07
2,2023-04-14,12.4,-0.9,22.3,44.3,1.50,0.90,3.0,0.42
2,2023-04-15,10.0,1.6,27.4,49.0,5.50,3.40,8.0,1.47
2,2023-04-16,2.2,0.6,34.9,67.7,28.40,10.50,24.0,12.53
2,2023-04-17,5.2,0.6,38.2,72.0,4.20,0.00,6.0,2.94
2,2023-04-18,11.2,1.1,22.0,42.5,0.00,0.00,0.0,0.00
2,2023-04-19,11.1,3.3,18.0,32.0,0.10,0.10,1.0,0.00
2,2023-04-20,13.9,7.1,35.8,64.8,2.00,2.00,5.0,0.00
2,2023-04-21,11.5,3.4,41.0,79.9,0.00,0.00,0.0,0.00
2,2023-04-22,8.0,3.8,37.7,71.6,0.40,0.40,4.0,0.00
2,2023-04-23,8.4,0.8,17.4,46.4,10.40,3.00,10.0,5.18
2,2023-04-24,8.8,4.3,24.3,45.4,3.10,2.50,4.0,0.42
2,2023-04-25,12.1,5.5,30.8,55.8,0.60,0.60,2.0,0.00
2,2023-04-26,10.7,4.4,31.7,58.7,8.80,8.80,15.0,0.00
2,2023-04-27,11.3,8.3,40.4,72.7,0.00,0.00,0.0,0.00
2,2023-04-28,10.8,4.7,17.5,49.3,0.20,0.20,2.0,0.00
2,2023-04-29,12.1,6.6,18.3,31.0,11.10,11.10,10.0,0.00
2,2023-04-30,15.0,7.7,24.4,46.8,0.40,0.40,3.0,0.00
2,2023-05-01,15.3,2.8,26.1,50.8,0.30,0.30,2.0,0.00
2,2023-05-02,15.2,7.4,32.4,57.6,0.00,0.00,0.0,0.00
2,2023-05-03,19.5,10.1,39.6,69.1,0.00,0.00,0.0,0.00
2,2023-05-04,22.0,10.5,35.4,61.2,6.40,6.40,9.0,0.00
2,2023-05-05,15.5,2.8,17.1,33.8,5.70,5.70,9.0,0.00
2,2023-05-06,6.9,0.2,11.2,25.6,0.40,0.40,2.0,0.00
2,2023-05-07,9.6,2.5,13.3,29.5,0.00,0.00,0.0,0.00
2,2023-05-08,11.2,1.3,14.6,26.3,0.00,0.00,0.0,0.00
2,2023-05-09,16.7,5.0,20.4,40.0,4.60,4.60,6.0,0.00
2,2023-05-10,13.4,3.0,20.5,42.1,7.30,7.20,12.0,0.07
2,2023-05-11,8.7,2.2,23.5,48.2,0.40,0.40,3.0,0.00
2,2023-05-12,13.7,6.4,18.2,31.0,0.00,0.00,0.0,0.00
2,2023-05-13,17.6,6.2,13.1,23.8,0.00,0.00,0.0,0.00
2,2023-05-14,17.8,12.7,22.6,39.6,0.00,0.00,0.0,0.00
2,2023-05-15,19.2,12.2,24.5,42.5,0.20,0.20,2.0,0.00
2,2023-05-16,20.0,8.8,21.1,37.1,0.00,0.00,0.0,0.00
2,2023-05-17,17.7,8.4,23.3,42.5,0.00,0.00,0.0,0.00
2,2023-05-18,15.5,8.8,19.1,32.8,4.40,4.40,3.0,0.00
2,2023-05-19,11.7,6.5,14.4,31.0,0.00,0.00,0.0,0.00
2,2023-05-20,12.6,7.3,20.0,34.9,0.00,0.00,0.0,0.00
2,2023-05-21,14.9,9.5,22.1,41.0,9.30,9.30,9.0,0.00
2,2023-05-22,15.3,5.6,20.9,45.7,6.30,6.30,11.0,0.00
2,2023-05-23,9.7,4.0,13.1,28.8,0.00,0.00,0.0,0.00
2,2023-05-24,18.7,7.3,32.2,56.2,0.00,0.00,0.0,0.00
2,2023-05-25,23.5,11.2,31.4,55.8,0.00,0.00,0.0,0.00
2,2023-05-26,22.5,12.5,15.3,30.2,3.10,3.10,5.0,0.00
2,2023-05-27,23.8,16.0,26.6,46.1,0.00,0.00,0.0,0.00
2,2023-05-28,19.8,10.6,18.0,33.1,6.80,6.80,11.0,0.00
2,2023-05-29,10.9,8.0,27.1,51.8,0.00,0.00,0.0,0.00
2,2023-05-30,14.1,8.3,27.2,54.7,0.00,0.00,0.0,0.00
2,2023-05-31,18.2,12.5,26.8,47.5,0.00,0.00,0.0,0.00
2,2023-06-01,22.6,11.6,26.4,47.2,0.30,0.30,1.0,0.00
2,2023-06-02,17.2,9.1,27.1,50.4,29.60,29.60,14.0,0.00
2,2023-06-03,11.4,5.3,23.6,49.3,6.20,6.20,10.0,0.00
2,2023-06-04,15.5,8.1,28.6,53.3,9.30,9.30,6.0,0.00
2,2023-06-05,14.7,7.2,15.0,38.5,0.70,0.70,6.0,0.00
2,2023-06-06,17.8,11.4,16.9,34.2,1.80,1.80,4.0,0.00
2,2023-06-07,21.7,12.7,15.1,25.9,9.40,9.40,7.0,0.00
2,2023-06-08,14.5,9.9,10.2,24.1,0.00,0.00,0.0,0.00
2,2023-06-09,19.4,12.4,23.5,41.4,2.70,2.70,9.0,0.00
2,2023-06-10,18.9,12.7,21.5,43.2,3.10,3.10,6.0,0.00
2,2023-06-11,19.6,11.1,16.9,32.4,0.50,0.50,4.0,0.00
2,2023-06-12,21.0,14.1,16.9,31.7,0.10,0.10,1.0,0.00
2,2023-06-13,18.4,14.8,13.6,28.1,5.20,5.20,13.0,0.00
2,2023-06-14,18.1,14.1,12.8,28.8,2.50,2.50,7.0,0.00
2,2023-06-15,24.1,14.1,15.1,29.9,0.00,0.00,0.0,0.00
2,2023-06-16,19.7,15.0,9.9,23.4,0.00,0.00,0.0,0.00
2,2023-06-17,24.9,14.3,32.8,61.6,0.00,0.00,0.0,0.00
2,2023-06-18,14.8,10.5,32.0,63.0,1.50,1.50,9.0,0.00
2,2023-06-19,16.0,9.0,18.3,37.4,0.10,0.10,1.0,0.00
2,2023-06-20,18.8,10.7,15.5,32.8,0.00,0.00,0.0,0.00
2,2023-06-21,21.0,14.0,15.2,31.0,0.00,0.00,0.0,0.00
2,2023-06-22,21.2,14.7,17.6,32.4,0.00,0.00,0.0,0.00
2,2023-06-23,18.8,15.3,14.1,24.1,0.00,0.00,0.0,0.00
2,2023-06-24,18.9,14.6,12.7,27.7,0.00,0.00,0.0,0.00
2,2023-06-25,20.7,15.5,10.8,25.6,0.00,0.00,0.0,0.00
2,2023-06-26,24.1,17.3,15.1,30.6,0.00,0.00,0.0,0.00
2,2023-06-27,24.5,19.5,15.3,30.2,0.00,0.00,0.0,0.00
2,2023-06-28,24.3,17.8,16.1,33.8,5.10,5.10,8.0,0.00
2,2023-06-29,22.6,15.8,14.1,30.6,0.40,0.40,4.0,0.00
2,2023-06-30,18.7,13.4,19.6,37.1,25.50,25.50,18.0,0.00
2,2023-07-01,15.0,11.8,21.3,43.2,2.10,2.10,6.0,0.00
2,2023-07-02,17.4,12.1,14.5,33.8,0.00,0.00,0.0,0.00
2,2023-07-03,17.3,14.2,11.3,27.4,0.00,0.00,0.0,0.00
2,2023-07-04,17.7,13.3,16.6,37.8,0.00,0.00,0.0,0.00
2,2023-07-05,17.3,12.9,11.7,29.5,0.30,0.30,1.0,0.00
2,2023-07-06,24.4,15.4,19.4,37.4,6.40,6.40,8.0,0.00
2,2023-07-07,22.8,16.8,17.3,36.0,1.60,1.60,10.0,0.00
2,2023-07-08,23.2,17.3,14.0,29.2,0.00,0.00,0.0,0.00
2,2023-07-09,26.9,20.4,12.7,28.1,0.00,0.00,0.0,0.00
2,2023-07-10,27.9,19.4,13.2,26.3,0.00,0.00,0.0,0.00
2,2023-07-11,24.1,19.3,16.0,34.9,11.40,11.40,7.0,0.00
2,2023-07-12,23.4,18.7,13.7,29.5,11.50,11.50,12.0,0.00
2,2023-07-13,21.5,15.9,15.9,33.8,4.80,4.80,22.0,0.00
2,2023-07-14,17.6,15.9,16.0,32.4,0.90,0.90,6.0,0.00
2,2023-07-15,17.7,16.4,20.9,40.0,5.10,5.10,13.0,0.00
2,2023-07-16,18.1,15.7,15.4,31.7,0.30,0.30,2.0,0.00
2,2023-07-17,19.4,15.7,14.8,33.8,1.20,1.20,7.0,0.00
2,2023-07-18,18.0,14.7,9.5,23.0,0.10,0.10,1.0,0.00
2,2023-07-19,20.0,15.0,14.2,32.8,0.00,0.00,0.0,0.00
2,2023-07-20,22.0,15.7,12.1,29.2,0.00,0.00,0.0,0.00
2,2023-07-21,23.8,18.0,12.9,29.5,0.00,0.00,0.0,0.00
2,2023-07-22,25.1,18.6,15.1,31.3,0.00,0.00,0.0,0.00
2,2023-07-23,24.8,20.4,14.5,31.3,0.80,0.80,2.0,0.00
2,2023-07-24,26.0,21.6,14.5,28.8,17.10,17.10,12.0,0.00
2,2023-07-25,30.2,23.3,18.3,42.1,0.30,0.30,3.0,0.00
2,2023-07-26,31.3,23.3,18.8,34.2,1.70,1.70,6.0,0.00
2,2023-07-27,30.9,22.9,20.7,42.5,0.40,0.40,1.0,0.00
2,2023-07-28,32.4,23.3,22.5,46.1,0.10,0.10,1.0,0.00
2,2023-07-29,31.2,25.5,20.8,40.0,8.70,8.70,4.0,0.00
2,2023-07-30,29.9,24.5,33.2,61.9,0.10,0.10,1.0,0.00
2,2023-07-31,26.9,18.1,27.5,51.1,1.40,1.40,5.0,0.00
2,2023-08-01,28.1,24.0,23.0,46.1,0.20,0.20,2.0,0.00
2,2023-08-02,32.8,24.1,27.9,55.4,0.00,0.00,0.0,0.00
2,2023-08-03,29.8,23.5,21.3,41.8,14.80,14.80,11.0,0.00
2,2023-08-04,31.1,17.9,20.3,49.7,12.10,12.10,21.0,0.00
2,2023-08-05,18.9,17.2,21.0,43.9,41.40,41.40,24.0,0.00
2,2023-08-06,19.1,17.0,18.4,36.4,14.70,14.70,16.0,0.00
2,2023-08-07,20.1,17.3,17.1,35.6,0.70,0.70,6.0,0.00
2,2023-08-08,23.1,18.9,17.6,36.4,2.40,2.40,8.0,0.00
2,2023-08-09,25.5,19.2,12.6,28.4,0.80,0.80,5.0,0.00
2,2023-08-10,22.6,19.0,11.4,26.3,0.20,0.20,2.0,0.00
2,2023-08-11,22.2,16.3,17.0,34.9,0.00,0.00,0.0,0.00
2,2023-08-12,18.5,16.7,15.5,33.8,0.10,0.10,1.0,0.00
2,2023-08-13,19.8,18.2,17.4,33.8,0.00,0.00,0.0,0.00
2,2023-08-14,22.2,16.7,25.9,52.2,0.00,0.00,0.0,0.00
2,2023-08-15,26.4,19.8,25.8,51.1,0.00,0.00,0.0,0.00
2,2023-08-16,28.1,21.6,26.0,50.8,15.20,15.20,7.0,0.00
2,2023-08-17,31.0,23.5,33.5,63.4,0.00,0.00,0.0,0.00
2,2023-08-18,27.5,20.6,20.7,42.8,0.40,0.40,3.0,0.00
2,2023-08-19,27.5,21.9,14.3,29.9,7.40,7.40,10.0,0.00
2,2023-08-20,25.5,21.2,11.1,31.0,4.00,4.00,12.0,0.00
2,2023-08-21,25.4,20.6,13.4,29.9,0.00,0.00,0.0,0.00
2,2023-08-22,28.4,22.4,15.9,31.3,0.70,0.70,5.0,0.00
2,2023-08-23,31.2,23.7,16.3,32.4,0.60,0.60,4.0,0.00
2,2023-08-24,29.5,22.8,12.6,34.6,11.70,11.70,6.0,0.00
2,2023-08-25,28.8,23.5,11.3,25.2,0.70,0.70,2.0,0.00
2,2023-08-26,31.3,23.8,12.2,27.7,5.20,5.20,8.0,0.00
2,2023-08-27,24.7,22.0,14.7,33.1,13.90,13.90,17.0,0.00
2,2023-08-28,22.3,18.1,19.8,41.0,4.40,4.40,15.0,0.00
2,2023-08-29,20.6,17.6,13.7,30.2,0.90,0.90,6.0,0.00
2,2023-08-30,25.9,19.7,19.3,38.5,0.00,0.00,0.0,0.00
2,2023-08-31,31.2,24.7,19.1,34.2,1.80,1.80,6.0,0.00
2,2023-09-01,28.0,19.6,18.2,32.4,4.40,4.40,9.0,0.00
2,2023-09-02,27.6,17.4,13.8,24.8,0.40,0.40,2.0,0.00
2,2023-09-03,26.5,18.0,14.8,30.2,0.00,0.00,0.0,0.00
2,2023-09-04,23.7,19.9,16.5,37.1,4.50,4.50,10.0,0.00
2,2023-09-05,25.0,19.3,15.5,29.5,0.10,0.10,1.0,0.00
2,2023-09-06,23.1,17.5,27.3,53.6,12.30,12.30,14.0,0.00
2,2023-09-07,19.3,12.4,26.8,54.7,0.70,0.70,5.0,0.00
2,2023-09-08,24.8,15.4,12.3,25.6,0.00,0.00,0.0,0.00
2,2023-09-09,25.0,17.8,19.2,38.5,0.00,0.00,0.0,0.00
2,2023-09-10,21.2,18.4,11.6,26.3,0.10,0.10,1.0,0.00
2,2023-09-11,23.9,20.0,13.4,28.8,3.00,3.00,3.0,0.00
2,2023-09-12,24.6,20.8,19.6,38.9,4.20,4.20,13.0,0.00
2,2023-09-13,25.4,19.2,12.2,29.9,1.20,1.20,7.0,0.00
2,2023-09-14,21.1,16.6,12.2,24.1,27.00,27.00,16.0,0.00
2,2023-09-15,20.9,12.7,11.0,26.6,0.20,0.20,1.0,0.00
2,2023-09-16,25.2,16.3,9.3,20.2,0.00,0.00,0.0,0.00
2,2023-09-17,26.5,17.9,19.1,38.2,31.10,31.10,13.0,0.00
2,2023-09-18,21.7,17.8,16.3,34.9,3.50,3.50,7.0,0.00
2,2023-09-19,23.8,19.0,34.8,68.0,1.50,1.50,2.0,0.00
2,2023-09-20,22.4,11.4,26.0,51.5,0.20,0.20,2.0,0.00
2,2023-09-21,19.2,13.3,12.4,23.0,0.00,0.00,0.0,0.00
2,2023-09-22,21.6,14.8,19.4,35.6,0.00,0.00,0.0,0.00
2,2023-09-23,18.9,10.3,12.3,31.0,0.00,0.00,0.0,0.00
2,2023-09-24,19.3,10.7,11.9,21.2,0.00,0.00,0.0,0.00
2,2023-09-25,21.4,12.7,13.3,28.4,0.00,0.00,0.0,0.00
2,2023-09-26,21.6,13.5,11.3,26.3,0.40,0.40,1.0,0.00
2,2023-09-27,20.5,13.3,11.4,26.6,0.50,0.50,2.0,0.00
2,2023-09-28,20.6,11.9,20.3,37.1,8.90,8.90,13.0,0.00
2,2023-09-29,22.1,13.3,20.6,46.8,0.90,0.90,3.0,0.00
2,2023-09-30,22.0,15.4,20.2,36.0,7.70,7.70,8.0,0.00
2,2023-10-01,24.1,14.1,26.7,51.5,0.70,0.70,2.0,0.00
2,2023-10-02,18.9,12.2,28.6,56.9,0.20,0.20,1.0,0.00
2,2023-10-03,17.4,9.6,30.8,61.9,0.10,0.10,1.0,0.00
2,2023-10-04,19.7,12.0,24.2,46.4,0.00,0.00,0.0,0.00
2,2023-10-05,16.3,13.0,23.8,46.8,7.30,7.30,10.0,0.00
2,2023-10-06,14.2,10.2,39.2,74.2,20.20,20.20,24.0,0.00
2,2023-10-07,12.7,8.9,30.9,61.2,17.00,17.00,23.0,0.00
2,2023-10-08,14.9,9.6,16.6,30.2,0.30,0.30,2.0,0.00
2,2023-10-09,18.8,8.6,10.9,19.8,0.00,0.00,0.0,0.00
2,2023-10-10,14.6,9.9,22.6,42.8,2.80,2.80,10.0,0.00
2,2023-10-11,13.8,7.5,16.8,35.6,0.00,0.00,0.0,0.00
2,2023-10-12,18.3,11.5,22.7,47.2,0.20,0.20,1.0,0.00
2,2023-10-13,20.7,11.5,16.7,32.8,0.00,0.00,0.0,0.00
2,2023-10-14,20.9,8.4,20.1,40.0,0.00,0.00,0.0,0.00
2,2023-10-15,17.5,10.1,10.9,22.0,0.00,0.00,0.0,0.00
2,2023-10-16,19.0,5.6,23.8,47.9,2.70,2.70,6.0,0.00
2,2023-10-17,11.9,7.8,31.5,61.9,0.70,0.70,5.0,0.00
2,2023-10-18,16.6,9.3,18.7,38.9,0.10,0.10,1.0,0.00
2,2023-10-19,20.3,9.7,17.8,41.0,1.50,1.50,5.0,0.00
2,2023-10-20,10.8,5.4,27.9,52.6,33.20,33.20,21.0,0.00
2,2023-10-21,10.1,3.3,22.6,42.8,3.50,3.50,7.0,0.00
2,2023-10-22,9.8,6.7,29.8,58.0,0.70,0.70,4.0,0.00
2,2023-10-23,12.3,6.7,28.3,57.6,0.30,0.30,1.0,0.00
2,2023-10-24,16.2,8.7,12.5,23.0,0.00,0.00,0.0,0.00
2,2023-10-25,18.8,7.6,10.8,25.9,0.30,0.30,2.0,0.00
2,2023-10-26,15.9,6.5,13.8,25.2,0.00,0.00,0.0,0.00
2,2023-10-27,15.4,9.2,15.9,28.4,3.10,3.10,14.0,0.00
2,2023-10-28,10.4,8.9,13.9,28.1,1.40,1.40,11.0,0.00
2,2023-10-29,9.7,6.3,9.4,20.5,0.00,0.00,0.0,0.00
2,2023-10-30,11.7,4.2,13.6,29.5,0.00,0.00,0.0,0.00
2,2023-10-31,15.7,7.1,12.3,21.6,0.00,0.00,0.0,0.00
2,2023-11-01,18.9,8.4,24.9,45.7,4.20,4.20,7.0,0.00
2,2023-11-02,10.9,5.4,18.8,37.4,1.30,1.30,5.0,0.00
2,2023-11-03,18.9,6.8,24.5,46.8,2.40,2.40,9.0,0.00
2,2023-11-04,9.2,3.5,19.1,36.7,0.10,0.10,1.0,0.00
2,2023-11-05,11.8,4.9,10.7,23.0,0.00,0.00,0.0,0.00
2,2023-11-06,15.0,8.5,25.3,45.7,16.60,16.60,17.0,0.00
2,2023-11-07,14.0,7.0,28.2,59.0,11.70,11.70,14.0,0.00
2,2023-11-08,8.2,3.7,18.7,37.4,0.40,0.40,2.0,0.00
2,2023-11-09,16.1,6.0,19.9,37.1,0.00,0.00,0.0,0.00
2,2023-11-10,17.7,1.2,29.6,55.8,8.40,8.40,10.0,0.00
2,2023-11-11,4.2,-0.5,40.3,79.9,1.60,0.00,4.0,1.12
2,2023-11-12,4.5,-0.2,26.3,51.1,0.00,0.00,0.0,0.00
2,2023-11-13,4.8,-0.0,24.8,49.7,1.00,0.10,6.0,0.63
2,2023-11-14,4.2,0.6,19.1,35.3,0.20,0.00,1.0,0.14
2,2023-11-15,6.3,-0.2,14.8,30.6,0.20,0.20,1.0,0.00
2,2023-11-16,9.4,3.3,29.0,52.6,0.00,0.00,0.0,0.00
2,2023-11-17,10.5,9.1,41.4,76.0,22.20,22.20,12.0,0.00
2,2023-11-18,12.6,5.6,26.3,50.4,0.30,0.30,2.0,0.00
2,2023-11-19,9.9,4.2,32.8,65.2,1.30,1.10,2.0,0.14
2,2023-11-20,7.0,2.8,25.8,55.1,3.20,2.80,6.0,0.28
2,2023-11-21,10.6,7.2,36.5,73.1,0.00,0.00,0.0,0.00
2,2023-11-22,11.9,4.0,17.6,35.3,0.00,0.00,0.0,0.00
2,2023-11-23,17.0,3.9,31.5,60.8,6.80,6.80,5.0,0.00
2,2023-11-24,6.7,-5.0,28.0,58.3,10.90,0.50,14.0,7.28
2,2023-11-25,-3.3,-6.0,28.3,58.0,0.30,0.00,3.0,0.21
2,2023-11-26,-0.7,-2.4,22.8,45.7,0.50,0.00,4.0,0.35
2,2023-11-27,2.7,-4.0,24.2,47.5,7.40,0.40,8.0,4.90
2,2023-11-28,6.1,-2.6,27.8,51.5,0.60,0.40,5.0,0.14
2,2023-11-29,-1.0,-5.3,33.1,63.7,0.00,0.00,0.0,0.00
2,2023-11-30,-1.9,-6.0,29.0,56.9,0.00,0.00,0.0,0.00
2,2023-12-01,-1.9,-6.0,24.0,47.5,0.00,0.00,0.0,0.00
2,2023-12-02,2.5,-2.0,16.7,34.6,0.00,0.00,0.0,0.00
2,2023-12-03,4.3,-4.6,20.1,40.3,0.40,0.20,2.0,0.14
2,2023-12-04,5.7,-1.9,16.2,29.2,0.30,0.30,2.0,0.00
2,2023-12-05,8.1,-2.3,18.1,36.0,0.00,0.00,0.0,0.00
2,2023-12-06,7.4,-1.1,22.3,40.0,0.00,0.00,0.0,0.00
2,2023-12-07,9.4,-0.8,35.1,66.2,0.30,0.30,3.0,0.00
2,2023-12-08,5.0,0.3,41.4,82.4,0.00,0.00,0.0,0.00
2,2023-12-09,12.2,-1.1,26.7,49.7,1.40,1.40,4.0,0.00
2,2023-12-10,0.9,-3.6,38.5,76.7,0.00,0.00,0.0,0.00
2,2023-12-11,-1.4,-3.3,35.4,68.4,0.30,0.00,3.0,0.21
2,2023-12-12,-0.5,-4.7,18.6,36.4,6.00,0.10,17.0,4.13
2,2023-12-13,-1.4,-6.6,26.3,49.3,0.00,0.00,0.0,0.00
2,2023-12-14,-4.2,-6.8,27.9,52.2,0.40,0.00,2.0,0.28
2,2023-12-15,-1.9,-11.8,19.1,35.6,0.00,0.00,0.0,0.00
2,2023-12-16,1.6,-4.3,35.6,69.1,11.40,0.00,20.0,7.98
2,2023-12-17,0.3,-8.7,36.2,65.9,13.40,0.00,15.0,9.38
2,2023-12-18,-6.4,-10.1,22.1,41.0,0.10,0.00,1.0,0.07
2,2023-12-19,-4.6,-9.6,20.7,40.3,0.00,0.00,0.0,0.00
2,2023-12-20,-3.0,-9.5,27.3,49.3,0.00,0.00,0.0,0.00
2,2023-12-21,-2.5,-8.6,23.7,43.2,0.70,0.00,6.0,0.56
2,2023-12-22,-3.8,-11.0,25.6,46.8,0.10,0.00,1.0,0.07
2,2023-12-23,-5.4,-10.4,24.1,45.0,0.00,0.00,0.0,0.00
2,2023-12-24,-3.9,-11.3,14.6,25.2,0.00,0.00,0.0,0.00
2,2023-12-25,0.4,-6.7,19.8,36.0,0.10,0.00,1.0,0.07
2,2023-12-26,-0.2,-7.4,19.7,37.4,2.20,0.00,10.0,1.54
2,2023-12-27,-3.4,-6.8,24.5,45.4,0.30,0.00,2.0,0.21
2,2023-12-28,-1.6,-9.5,14.7,27.4,1.60,0.00,13.0,1.19
2,2023-12-29,-1.6,-7.9,15.5,27.0,0.90,0.00,9.0,0.63
2,2023-12-30,-1.2,-5.3,24.2,44.3,1.30,0.00,7.0,0.98
2,2023-12-31,-3.4,-8.0,25.1,46.8,9.50,0.00,20.0,6.65
2,2024-01-01,-1.4,-11.4,24.0,45.0,1.10,0.00,5.0,0.77
2,2024-01-02,3.1,-3.4,20.9,37.4,2.20,0.10,10.0,1.47
2,2024-01-03,-3.4,-12.9,14.3,28.4,0.30,0.00,3.0,0.21
2,2024-01-04,-2.8,-11.6,13.0,24.1,0.00,0.00,0.0,0.00
2,2024-01-05,3.0,-3.2,31.4,58.0,1.50,0.00,5.0,1.05
2,2024-01-06,-0.4,-11.1,16.7,31.7,0.40,0.00,1.0,0.28
2,2024-01-07,-1.5,-7.1,33.7,61.2,2.80,0.10,14.0,1.89
2,2024-01-08,-2.7,-8.6,22.9,46.4,1.30,0.00,9.0,0.98
2,2024-01-09,-0.1,-7.0,17.0,31.7,0.80,0.00,4.0,0.56
2,2024-01-10,-6.4,-16.5,23.8,46.4,0.40,0.00,3.0,0.35
2,2024-01-11,-0.1,-11.2,23.4,44.6,0.40,0.00,4.0,0.28
2,2024-01-12,2.0,-7.5,29.3,53.6,2.00,0.00,7.0,1.40
2,2024-01-13,-4.9,-11.4,24.6,48.6,0.70,0.00,7.0,0.49
2,2024-01-14,-1.5,-9.1,25.4,47.9,2.20,0.00,6.0,1.54
2,2024-01-15,-4.6,-8.7,44.0,81.7,7.70,0.00,20.0,5.46
2,2024-01-16,-5.9,-10.7,20.0,36.4,1.10,0.00,9.0,0.84
2,2024-01-17,0.8,-7.4,14.0,27.4,0.40,0.00,4.0,0.28
2,2024-01-18,-1.3,-6.5,22.7,42.5,2.80,0.00,14.0,2.03
2,2024-01-19,-6.7,-14.8,16.6,33.1,0.50,0.00,5.0,0.35
2,2024-01-20,-6.7,-13.2,11.6,20.5,0.00,0.00,0.0,0.00
2,2024-01-21,-4.9,-7.9,22.0,42.8,1.90,0.00,13.0,1.33
2,2024-01-22,-3.3,-4.5,30.3,55.1,12.30,0.00,22.0,8.61
2,2024-01-23,-0.8,-7.7,21.8,43.2,4.50,0.00,11.0,3.15
2,2024-01-24,-2.1,-5.6,47.3,84.6,14.80,0.10,21.0,10.29
2,2024-01-25,-2.9,-3.9,48.6,88.2,21.60,0.00,24.0,15.12
2,2024-01-26,-2.4,-3.4,34.1,62.6,7.90,0.10,24.0,5.46
2,2024-01-27,-2.2,-3.1,24.6,47.9,5.30,0.00,23.0,3.78
2,2024-01-28,-0.5,-1.8,14.3,27.7,0.80,0.30,7.0,0.35
2,2024-01-29,0.3,-8.3,14.7,27.4,0.00,0.00,0.0,0.00
2,2024-01-30,0.8,-6.5,23.8,41.4,0.30,0.00,3.0,0.21
2,2024-01-31,0.6,-5.0,34.9,62.3,0.60,0.00,4.0,0.42
2,2024-02-01,-4.2,-11.6,37.4,74.2,3.70,0.00,11.0,2.59
2,2024-02-02,-7.1,-13.0,24.2,49.3,2.30,0.00,10.0,1.61
2,2024-02-03,-5.5,-10.8,21.0,40.7,1.70,0.00,8.0,1.19
2,2024-02-04,-4.3,-11.3,16.4,32.8,0.60,0.00,5.0,0.42
2,2024-02-05,-6.6,-10.7,15.7,28.4,1.70,0.00,11.0,1.19
2,2024-02-06,-6.8,-13.9,17.1,33.5,0.40,0.00,4.0,0.28
2,2024-02-07,-5.9,-16.1,9.7,19.1,0.20,0.00,2.0,0.14
2,2024-02-08,0.2,-9.7,24.2,43.9,1.20,0.00,6.0,0.84
2,2024-02-09,-3.7,-10.8,8.0,15.5,1.30,0.00,10.0,0.91
2,2024-02-10,-3.6,-8.4,12.8,24.8,2.60,0.00,13.0,1.89
2,2024-02-11,-4.1,-10.5,16.6,29.2,0.10,0.00,1.0,0.07
2,2024-02-12,4.2,-4.3,34.8,64.4,0.00,0.00,0.0,0.00
2,2024-02-13,6.6,1.3,29.5,55.1,0.00,0.00,0.0,0.00
2,2024-02-14,6.9,-4.8,24.9,46.8,1.30,0.10,6.0,0.84
2,2024-02-15,1.8,-4.9,22.3,41.4,7.00,0.00,12.0,4.90
2,2024-02-16,-4.9,-12.5,19.9,39.6,1.20,0.00,7.0,0.84
2,2024-02-17,-2.2,-10.2,14.0,27.4,0.00,0.00,0.0,0.00
2,2024-02-18,7.7,-4.9,19.9,36.0,0.00,0.00,0.0,0.00
2,2024-02-19,12.5,-2.3,36.7,66.6,4.00,2.60,11.0,0.98
2,2024-02-20,-1.0,-8.0,34.9,64.1,1.00,0.00,6.0,0.70
2,2024-02-21,-4.2,-9.5,23.8,46.8,0.10,0.00,1.0,0.07
2,2024-02-22,-5.9,-16.6,19.3,40.0,0.20,0.00,2.0,0.14
2,2024-02-23,-5.6,-14.5,19.5,38.9,1.40,0.00,10.0,0.98
2,2024-02-24,-4.6,-9.2,16.2,28.4,0.80,0.00,3.0,0.63
2,2024-02-25,-5.9,-9.2,11.1,19.8,0.60,0.00,5.0,0.42
2,2024-02-26,-2.6,-6.4,27.6,50.8,15.50,0.00,24.0,10.85
2,2024-02-27,-2.8,-8.9,29.2,54.4,5.40,0.00,17.0,3.78
2,2024-02-28,-7.2,-11.9,29.2,57.6,0.00,0.00,0.0,0.00
2,2024-02-29,-1.9,-11.9,21.1,41.4,0.00,0.00,0.0,0.00
2,2024-03-01,1.1,-6.2,30.1,60.5,4.60,0.00,15.0,3.22
2,2024-03-02,-4.5,-6.4,40.3,74.9,1.90,0.10,9.0,1.26
2,2024-03-03,-1.8,-8.7,20.1,39.2,0.00,0.00,0.0,0.00
2,2024-03-04,-2.6,-9.0,22.7,46.8,0.00,0.00,0.0,0.00
2,2024-03-05,-1.2,-12.3,15.9,31.7,0.50,0.00,5.0,0.35
2,2024-03-06,-1.3,-11.2,14.0,25.2,1.50,0.00,7.0,1.12
2,2024-03-07,-2.9,-12.3,15.0,26.6,0.00,0.00,0.0,0.00
2,2024-03-08,-2.2,-13.9,16.2,31.0,0.00,0.00,0.0,0.00
2,2024-03-09,-2.9,-12.2,13.3,24.1,0.50,0.00,4.0,0.35
2,2024-03-10,-0.5,-5.9,18.7,33.1,0.40,0.00,3.0,0.28
2,2024-03-11,3.4,-6.2,21.8,40.0,1.60,0.00,3.0,1.12
2,2024-03-12,3.4,-5.5,20.9,39.2,0.80,0.10,4.0,0.49
2,2024-03-13,-2.3,-5.6,28.8,58.3,0.20,0.00,1.0,0.14
2,2024-03-14,-0.1,-9.5,17.6,35.6,0.50,0.00,4.0,0.35
2,2024-03-15,2.1,-7.1,15.2,25.9,0.10,0.00,1.0,0.07
2,2024-03-16,2.1,-6.9,20.5,40.0,0.00,0.00,0.0,0.00
2,2024-03-17,3.7,-2.3,35.5,64.1,15.40,0.00,16.0,10.78
2,2024-03-18,-2.4,-6.6,32.6,63.7,4.50,0.00,8.0,3.15
2,2024-03-19,-1.7,-7.4,26.6,52.6,0.10,0.00,1.0,0.07
2,2024-03-20,-2.0,-4.0,17.1,34.9,2.90,0.10,18.0,1.96
2,2024-03-21,-3.2,-4.7,17.9,36.7,1.20,0.00,11.0,0.84
2,2024-03-22,0.6,-5.6,15.6,28.8,0.00,0.00,0.0,0.00
2,2024-03-23,4.4,-9.6,13.0,24.1,0.00,0.00,0.0,0.00
2,2024-03-24,6.5,-1.8,21.6,39.2,0.00,0.00,0.0,0.00
2,2024-03-25,3.2,-3.4,21.7,41.8,0.00,0.00,0.0,0.00
2,2024-03-26,1.8,-8.3,15.2,28.1,0.00,0.00,0.0,0.00
2,2024-03-27,1.7,-5.7,18.6,34.6,0.00,0.00,0.0,0.00
2,2024-03-28,4.3,-1.0,30.0,53.6,0.20,0.20,2.0,0.00
2,2024-03-29,7.1,2.5,33.4,61.6,12.10,12.10,12.0,0.00
2,2024-03-30,7.1,1.7,31.2,58.7,1.00,0.80,4.0,0.14
2,2024-03-31,4.8,-1.8,25.8,55.8,0.40,0.20,3.0,0.14
2,2024-04-01,5.1,-0.6,23.3,46.4,0.60,0.30,4.0,0.21
2,2024-04-02,5.3,0.4,23.7,45.7,1.90,0.70,7.0,0.84
2,2024-04-03,8.8,-3.8,23.2,47.5,0.00,0.00,0.0,0.00
2,2024-04-04,5.2,-0.4,20.1,35.6,0.00,0.00,0.0,0.00
2,2024-04-05,8.8,2.3,27.3,59.8,0.20,0.20,2.0,0.00
2,2024-04-06,13.3,1.1,27.2,55.4,0.00,0.00,0.0,0.00
2,2024-04-07,18.7,2.0,17.6,36.4,0.00,0.00,0.0,0.00
2,2024-04-08,20.1,2.9,27.3,50.8,0.20,0.20,2.0,0.00
2,2024-04-09,5.0,-0.6,24.4,48.2,6.50,0.10,15.0,4.48
2,2024-04-10,9.6,0.9,33.2,66.6,0.00,0.00,0.0,0.00
2,2024-04-11,14.8,6.3,19.9,40.7,1.20,1.20,2.0,0.00
2,2024-04-12,13.6,2.3,13.7,28.8,1.50,1.50,5.0,0.00
2,2024-04-13,14.2,9.3,28.3,49.0,0.00,0.00,0.0,0.00
2,2024-04-14,18.7,3.4,24.4,51.1,0.50,0.50,1.0,0.00
2,2024-04-15,15.8,7.2,13.3,28.8,0.00,0.00,0.0,0.00
2,2024-04-16,22.3,6.3,11.5,24.5,0.00,0.00,0.0,0.00
2,2024-04-17,15.4,7.1,16.5,32.4,0.10,0.10,1.0,0.00
2,2024-04-18,8.7,3.1,14.8,32.8,9.70,9.70,21.0,0.00
2,2024-04-19,4.3,2.9,30.2,56.2,4.90,4.90,16.0,0.00
2,2024-04-20,5.0,3.7,33.1,64.4,0.70,0.70,7.0,0.00
2,2024-04-21,5.7,4.1,22.4,43.6,1.70,1.70,13.0,0.00
2,2024-04-22,4.0,1.9,23.3,45.4,1.50,1.50,13.0,0.00
2,2024-04-23,5.8,1.5,12.6,27.7,0.00,0.00,0.0,0.00
2,2024-04-24,15.5,7.9,26.7,48.6,6.10,6.10,7.0,0.00
2,2024-04-25,14.5,9.0,35.9,67.7,22.90,22.90,15.0,0.00
2,2024-04-26,22.1,12.5,33.7,67.3,0.00,0.00,0.0,0.00
2,2024-04-27,15.8,11.3,29.3,52.6,0.00,0.00,0.0,0.00
2,2024-04-28,16.9,7.4,25.6,46.1,0.40,0.40,2.0,0.00
2,2024-04-29,9.2,5.4,21.0,44.3,0.00,0.00,0.0,0.00
2,2024-04-30,11.3,4.0,25.7,49.3,6.20,6.20,11.0,0.00
2,2024-05-01,14.9,4.1,24.5,47.2,0.00,0.00,0.0,0.00
2,2024-05-02,19.9,9.1,32.3,64.1,4.80,4.80,4.0,0.00
2,2024-05-03,16.4,4.0,34.3,67.7,1.50,1.50,2.0,0.00
2,2024-05-04,8.0,3.8,14.2,29.5,1.00,1.00,1.0,0.00
2,2024-05-05,13.3,7.2,17.3,37.4,0.90,0.90,5.0,0.00
2,2024-05-06,9.1,3.6,14.5,27.0,17.80,17.80,24.0,0.00
2,2024-05-07,6.7,1.8,24.9,45.4,9.20,9.00,22.0,0.14
2,2024-05-08,4.8,1.3,24.9,49.7,1.40,1.40,8.0,0.00
2,2024-05-09,12.9,3.3,23.0,45.0,0.00,0.00,0.0,0.00
2,2024-05-10,16.2,6.1,23.8,51.5,0.60,0.60,3.0,0.00
2,2024-05-11,17.3,8.9,23.9,45.4,0.00,0.00,0.0,0.00
2,2024-05-12,24.1,12.0,21.6,40.0,3.90,3.90,6.0,0.00
2,2024-05-13,15.9,8.6,23.9,44.3,7.20,7.20,7.0,0.00
2,2024-05-14,20.5,8.8,17.8,34.9,0.00,0.00,0.0,0.00
2,2024-05-15,20.3,8.7,15.0,29.2,0.00,0.00,0.0,0.00
2,2024-05-16,16.1,8.2,23.0,40.7,0.00,0.00,0.0,0.00
2,2024-05-17,19.4,9.5,43.1,77.4,8.30,8.30,5.0,0.00
2,2024-05-18,23.8,15.6,43.6,78.5,0.00,0.00,0.0,0.00
2,2024-05-19,19.8,11.0,16.3,41.8,0.00,0.00,0.0,0.00
2,2024-05-20,14.3,5.7,16.6,34.6,8.60,8.60,10.0,0.00
2,2024-05-21,17.8,6.2,16.9,34.2,3.10,3.10,5.0,0.00
2,2024-05-22,21.6,15.8,28.0,53.3,0.00,0.00,0.0,0.00
2,2024-05-23,21.8,7.8,24.6,47.5,14.00,14.00,12.0,0.00
2,2024-05-24,7.3,3.8,21.9,42.8,2.70,2.70,11.0,0.00
2,2024-05-25,10.7,7.9,32.2,64.4,3.50,3.50,7.0,0.00
2,2024-05-26,15.8,10.4,12.6,28.8,2.30,2.30,11.0,0.00
2,2024-05-27,14.8,7.0,16.6,30.6,17.70,17.70,11.0,0.00
2,2024-05-28,10.7,4.5,13.8,32.4,2.20,2.20,8.0,0.00
2,2024-05-29,9.6,5.5,17.0,36.4,0.80,0.80,7.0,0.00
2,2024-05-30,9.9,5.7,18.6,37.8,0.00,0.00,0.0,0.00
2,2024-05-31,11.4,3.7,9.3,22.3,0.00,0.00,0.0,0.00
2,2024-06-01,14.3,5.3,15.1,33.8,0.00,0.00,0.0,0.00
2,2024-06-02,15.2,7.6,12.9,29.5,0.00,0.00,0.0,0.00
2,2024-06-03,15.4,7.3,11.0,25.9,0.00,0.00,0.0,0.00
2,2024-06-04,15.9,8.6,24.5,48.2,1.10,1.10,3.0,0.00
2,2024-06-05,9.3,6.1,11.7,27.7,2.70,2.70,6.0,0.00
2,2024-06-06,14.6,5.4,12.6,32.0,0.00,0.00,0.0,0.00
2,2024-06-07,18.2,10.5,16.9,36.4,0.00,0.00,0.0,0.00
2,2024-06-08,22.3,14.8,13.0,27.7,0.00,0.00,0.0,0.00
2,2024-06-09,25.1,15.6,11.9,23.0,10.70,10.70,12.0,0.00
2,2024-06-10,21.5,14.0,14.5,38.2,10.00,10.00,12.0,0.00
2,2024-06-11,21.8,14.8,11.2,34.6,8.30,8.30,7.0,0.00
2,2024-06-12,21.4,13.9,15.2,32.0,0.60,0.60,3.0,0.00
2,2024-06-13,13.9,9.3,11.2,26.6,1.00,1.00,5.0,0.00
2,2024-06-14,16.9,10.2,10.8,27.0,0.00,0.00,0.0,0.00
2,2024-06-15,20.0,13.1,12.5,28.1,4.60,4.60,2.0,0.00
2,2024-06-16,20.9,14.6,14.9,30.2,3.40,3.40,4.0,0.00
2,2024-06-17,22.9,17.9,18.9,41.8,1.50,1.50,6.0,0.00
2,2024-06-18,24.4,12.5,15.8,33.1,7.00,7.00,12.0,0.00
2,2024-06-19,20.2,11.7,11.5,28.1,0.20,0.20,2.0,0.00
2,2024-06-20,19.5,14.5,11.8,22.7,0.80,0.80,5.0,0.00
2,2024-06-21,17.6,11.8,14.9,35.3,12.50,12.50,13.0,0.00
2,2024-06-22,13.9,11.1,12.3,29.2,0.70,0.70,5.0,0.00
2,2024-06-23,14.0,11.0,12.0,24.8,0.20,0.20,2.0,0.00
2,2024-06-24,18.4,12.6,23.4,42.1,6.60,6.60,11.0,0.00
2,2024-06-25,19.0,11.6,23.5,48.6,1.40,1.40,7.0,0.00
2,2024-06-26,20.5,14.0,33.3,60.5,0.80,0.80,3.0,0.00
2,2024-06-27,25.7,16.1,28.1,56.5,0.70,0.70,3.0,0.00
2,2024-06-28,23.6,16.1,13.4,32.8,1.60,1.60,3.0,0.00
2,2024-06-29,25.7,18.2,11.8,22.7,2.00,2.00,4.0,0.00
2,2024-06-30,24.9,16.2,23.9,41.8,10.30,10.30,7.0,0.00
2,2024-07-01,19.5,14.1,37.3,74.5,1.20,1.20,5.0,0.00
2,2024-07-02,22.9,18.1,37.5,68.4,0.20,0.20,2.0,0.00
2,2024-07-03,28.5,16.5,40.1,73.4,0.00,0.00,0.0,0.00
2,2024-07-04,26.0,16.6,13.7,29.9,0.00,0.00,0.0,0.00
2,2024-07-05,25.4,19.7,20.1,36.7,0.60,0.60,2.0,0.00
2,2024-07-06,28.3,18.7,17.3,38.9,5.70,5.70,12.0,0.00
2,2024-07-07,23.6,17.3,11.8,24.5,1.60,1.60,8.0,0.00
2,2024-07-08,20.4,15.0,14.5,31.0,7.90,7.90,9.0,0.00
2,2024-07-09,21.6,16.7,15.0,32.8,0.60,0.60,2.0,0.00
2,2024-07-10,24.1,15.7,18.1,38.9,1.50,1.50,3.0,0.00
2,2024-07-11,21.2,15.3,9.3,24.1,19.60,19.60,5.0,0.00
2,2024-07-12,20.5,17.1,14.0,35.3,8.90,8.90,10.0,0.00
2,2024-07-13,18.9,15.2,14.2,32.4,0.00,0.00,0.0,0.00
2,2024-07-14,19.5,15.0,12.8,31.3,0.50,0.50,1.0,0.00
2,2024-07-15,23.4,16.6,10.0,24.5,0.00,0.00,0.0,0.00
2,2024-07-16,25.1,18.5,16.8,33.1,0.00,0.00,0.0,0.00
2,2024-07-17,27.4,18.1,13.1,28.8,0.40,0.40,2.0,0.00
2,2024-07-18,24.7,17.8,11.4,28.1,0.00,0.00,0.0,0.00
2,2024-07-19,29.7,20.8,21.3,37.4,8.20,8.20,2.0,0.00
2,2024-07-20,27.6,20.5,15.0,30.6,1.50,1.50,5.0,0.00
2,2024-07-21,28.0,21.4,30.4,57.2,0.00,0.00,0.0,0.00
2,2024-07-22,31.0,21.3,31.6,62.6,0.80,0.80,1.0,0.00
2,2024-07-23,30.7,19.3,23.3,52.6,50.20,50.20,17.0,0.00
2,2024-07-24,21.8,17.8,16.6,35.6,2.20,2.20,4.0,0.00
2,2024-07-25,21.5,15.3,19.8,42.1,0.10,0.10,1.0,0.00
2,2024-07-26,19.0,15.1,10.4,25.9,0.20,0.20,2.0,0.00
2,2024-07-27,21.3,18.3,14.8,32.8,3.00,3.00,4.0,0.00
2,2024-07-28,25.0,21.0,14.0,28.4,1.70,1.70,7.0,0.00
2,2024-07-29,24.0,17.9,18.6,36.4,22.70,22.70,21.0,0.00
2,2024-07-30,20.4,16.8,14.8,34.6,0.40,0.40,4.0,0.00
2,2024-07-31,19.9,16.2,11.7,29.5,0.00,0.00,0.0,0.00
2,2024-08-01,24.9,19.8,15.3,33.8,2.10,2.10,6.0,0.00
2,2024-08-02,26.5,20.7,13.8,33.1,11.80,11.80,5.0,0.00
2,2024-08-03,23.5,17.1,13.2,27.4,11.40,11.40,5.0,0.00
2,2024-08-04,18.6,15.4,20.0,40.0,0.10,0.10,1.0,0.00
2,2024-08-05,20.7,16.9,8.2,22.0,0.00,0.00,0.0,0.00
2,2024-08-06,23.9,19.6,13.8,30.6,0.00,0.00,0.0,0.00
2,2024-08-07,24.6,20.4,10.2,23.4,3.50,3.50,4.0,0.00
2,2024-08-08,25.6,21.5,13.0,22.7,2.00,2.00,11.0,0.00
2,2024-08-09,26.1,19.9,11.5,24.5,15.60,15.60,15.0,0.00
2,2024-08-10,20.4,17.0,17.3,36.4,1.80,1.80,13.0,0.00
2,2024-08-11,24.6,18.2,14.7,31.7,0.90,0.90,7.0,0.00
2,2024-08-12,28.6,24.0,25.5,46.1,0.00,0.00,0.0,0.00
2,2024-08-13,29.4,20.1,16.4,37.8,0.00,0.00,0.0,0.00
2,2024-08-14,23.9,17.8,15.6,29.5,5.30,5.30,13.0,0.00
2,2024-08-15,20.4,17.7,13.4,30.2,0.10,0.10,1.0,0.00
2,2024-08-16,21.0,18.6,18.7,38.2,1.90,1.90,7.0,0.00
2,2024-08-17,23.6,18.5,16.7,35.3,1.70,1.70,6.0,0.00
2,2024-08-18,22.1,16.7,13.1,29.5,0.50,0.50,4.0,0.00
2,2024-08-19,23.1,14.0,12.9,28.1,29.70,29.70,15.0,0.00
2,2024-08-20,20.5,14.2,14.5,33.1,0.00,0.00,0.0,0.00
2,2024-08-21,21.7,15.8,13.1,29.2,0.00,0.00,0.0,0.00
2,2024-08-22,26.4,21.2,15.5,37.8,17.00,17.00,8.0,0.00
2,2024-08-23,31.5,24.4,24.7,47.5,2.00,2.00,3.0,0.00
2,2024-08-24,28.4,17.0,24.7,49.7,0.10,0.10,1.0,0.00
2,2024-08-25,21.0,17.6,19.1,39.6,0.00,0.00,0.0,0.00
2,2024-08-26,24.4,19.4,13.3,41.4,7.50,7.50,5.0,0.00
2,2024-08-27,23.0,18.6,10.1,20.9,21.10,21.10,20.0,0.00
2,2024-08-28,23.0,17.0,13.4,28.1,0.10,0.10,1.0,0.00
2,2024-08-29,23.8,18.8,13.9,28.4,0.10,0.10,1.0,0.00
2,2024-08-30,25.0,23.3,22.1,40.7,4.70,4.70,4.0,0.00
2,2024-08-31,24.9,19.8,27.6,51.1,14.70,14.70,6.0,0.00
2,2024-09-01,26.9,17.1,21.5,42.8,0.00,0.00,0.0,0.00
2,2024-09-02,24.5,18.2,17.6,31.7,0.10,0.10,1.0,0.00
2,2024-09-03,26.5,14.4,12.5,28.8,0.00,0.00,0.0,0.00
2,2024-09-04,24.4,15.9,13.3,29.9,0.00,0.00,0.0,0.00
2,2024-09-05,25.2,18.7,29.3,61.9,8.80,8.80,6.0,0.00
2,2024-09-06,24.9,17.0,20.0,41.0,0.00,0.00,0.0,0.00
2,2024-09-07,25.9,18.9,25.6,46.1,0.00,0.00,0.0,0.00
2,2024-09-08,27.1,18.1,32.0,58.7,0.10,0.10,1.0,0.00
2,2024-09-09,21.5,13.3,13.8,33.8,0.00,0.00,0.0,0.00
2,2024-09-10,27.3,20.6,17.6,30.6,4.00,4.00,6.0,0.00
2,2024-09-11,23.8,18.0,22.1,45.4,0.00,0.00,0.0,0.00
2,2024-09-12,25.5,19.2,33.2,61.9,0.00,0.00,0.0,0.00
2,2024-09-13,23.2,10.7,23.4,53.3,0.20,0.20,1.0,0.00
2,2024-09-14,20.0,14.9,16.9,31.7,14.70,14.70,13.0,0.00
2,2024-09-15,18.2,12.4,21.2,38.5,2.10,2.10,7.0,0.00
2,2024-09-16,20.3,14.9,13.8,25.6,5.40,5.40,4.0,0.00
2,2024-09-17,23.6,17.3,24.0,43.2,0.30,0.30,3.0,0.00
2,2024-09-18,24.4,16.9,26.5,49.3,0.10,0.10,1.0,0.00
2,2024-09-19,19.4,11.5,24.0,50.4,0.20,0.20,2.0,0.00
2,2024-09-20,20.8,11.4,32.6,60.1,2.10,2.10,14.0,0.00
2,2024-09-21,14.5,8.3,16.8,34.9,0.30,0.30,2.0,0.00
2,2024-09-22,15.0,10.0,18.9,39.2,0.70,0.70,6.0,0.00
2,2024-09-23,15.0,7.5,10.6,24.8,0.00,0.00,0.0,0.00
2,2024-09-24,18.6,10.1,17.0,36.0,0.00,0.00,0.0,0.00
2,2024-09-25,21.1,12.1,17.8,35.3,0.00,0.00,0.0,0.00
2,2024-09-26,23.4,14.7,19.4,39.2,1.20,1.20,4.0,0.00
2,2024-09-27,19.7,14.6,17.2,33.1,1.70,1.70,10.0,0.00
2,2024-09-28,15.2,12.6,17.6,35.3,1.20,1.20,11.0,0.00
2,2024-09-29,16.1,9.4,13.6,30.2,0.00,0.00,0.0,0.00
2,2024-09-30,20.3,11.2,14.3,31.0,0.00,0.00,0.0,0.00
2,2024-10-01,23.1,12.5,12.9,24.1,0.00,0.00,0.0,0.00
2,2024-10-02,24.1,11.6,24.4,45.0,0.60,0.60,3.0,0.00
2,2024-10-03,17.6,11.8,16.6,29.5,11.60,11.60,10.0,0.00
2,2024-10-04,13.6,12.1,18.6,34.2,14.00,14.00,20.0,0.00
2,2024-10-05,16.5,8.9,20.0,40.7,0.30,0.30,3.0,0.00
2,2024-10-06,20.8,12.1,10.7,19.1,0.00,0.00,0.0,0.00
2,2024-10-07,17.7,13.1,15.8,28.8,2.20,2.20,8.0,0.00
2,2024-10-08,14.7,7.6,13.2,28.8,1.30,1.30,2.0,0.00
2,2024-10-09,15.8,5.9,10.1,17.6,0.00,0.00,0.0,0.00
2,2024-10-10,15.4,7.5,22.2,43.6,0.20,0.20,2.0,0.00
2,2024-10-11,13.2,7.2,14.6,29.9,0.00,0.00,0.0,0.00
2,2024-10-12,18.0,12.1,24.1,44.6,0.30,0.30,3.0,0.00
2,2024-10-13,15.7,5.4,23.6,47.5,0.00,0.00,0.0,0.00
2,2024-10-14,18.3,7.2,10.8,20.9,0.00,0.00,0.0,0.00
2,2024-10-15,20.7,14.7,22.5,42.5,5.00,5.00,7.0,0.00
2,2024-10-16,17.6,5.3,21.1,42.1,0.00,0.00,0.0,0.00
2,2024-10-17,17.6,6.3,24.7,50.4,0.00,0.00,0.0,0.00
2,2024-10-18,18.3,12.4,13.8,28.4,11.50,11.50,5.0,0.00
2,2024-10-19,16.6,3.7,34.4,64.8,12.60,12.60,9.0,0.00
2,2024-10-20,8.4,4.2,31.5,61.9,0.50,0.50,3.0,0.00
2,2024-10-21,14.4,7.7,9.5,20.9,0.00,0.00,0.0,0.00
2,2024-10-22,19.4,10.8,26.3,47.9,2.40,2.40,3.0,0.00
2,2024-10-23,18.8,15.4,30.4,58.3,20.90,20.90,15.0,0.00
2,2024-10-24,17.8,9.7,26.8,59.0,0.00,0.00,0.0,0.00
2,2024-10-25,13.3,7.9,37.8,68.4,0.40,0.40,1.0,0.00
2,2024-10-26,11.7,3.5,20.1,39.2,0.10,0.10,1.0,0.00
2,2024-10-27,12.0,7.6,30.2,61.6,3.40,3.40,7.0,0.00
2,2024-10-28,8.7,3.5,27.6,53.3,2.70,2.70,12.0,0.00
2,2024-10-29,11.2,3.8,24.0,47.2,0.50,0.50,3.0,0.00
2,2024-10-30,13.0,6.1,18.7,33.1,9.20,9.20,6.0,0.00
2,2024-10-31,13.2,7.9,24.9,51.5,0.00,0.00,0.0,0.00
2,2024-11-01,14.9,8.1,9.7,18.7,4.70,4.70,5.0,0.00
2,2024-11-02,13.4,6.2,20.2,40.7,4.50,4.50,11.0,0.00
2,2024-11-03,8.4,4.2,18.6,40.0,7.80,7.30,9.0,0.35
2,2024-11-04,13.1,4.9,31.3,58.0,1.30,1.30,5.0,0.00
2,2024-11-05,7.8,2.3,28.1,58.3,0.30,0.30,2.0,0.00
2,2024-11-06,6.1,1.1,27.3,51.8,1.50,0.70,5.0,0.56
2,2024-11-07,4.3,-0.0,23.6,48.6,9.20,1.20,17.0,5.60
2,2024-11-08,6.2,2.0,28.2,53.6,0.70,0.20,2.0,0.35
2,2024-11-09,6.5,-1.8,17.3,35.6,0.00,0.00,0.0,0.00
2,2024-11-10,13.6,5.9,26.5,50.8,1.80,1.80,4.0,0.00
2,2024-11-11,11.1,-0.5,19.5,40.0,0.00,0.00,0.0,0.00
2,2024-11-12,10.7,0.8,26.5,57.6,8.70,7.70,9.0,0.70
2,2024-11-13,4.7,-0.6,19.9,41.8,0.00,0.00,0.0,0.00
2,2024-11-14,9.4,2.4,13.9,26.3,0.10,0.10,1.0,0.00
2,2024-11-15,9.5,-0.1,19.7,35.3,1.40,1.40,3.0,0.00
2,2024-11-16,15.0,1.4,33.4,64.1,0.00,0.00,0.0,0.00
2,2024-11-17,16.2,-0.9,29.1,56.2,11.70,11.70,13.0,0.00
2,2024-11-18,1.8,-3.6,22.1,46.4,0.40,0.00,3.0,0.28
2,2024-11-19,2.7,-0.9,27.7,56.9,0.00,0.00,0.0,0.00
2,2024-11-20,8.3,-0.4,19.3,41.8,0.00,0.00,0.0,0.00
2,2024-11-21,7.5,2.5,14.2,30.6,0.00,0.00,0.0,0.00
2,2024-11-22,4.4,1.8,29.6,54.0,2.70,2.40,13.0,0.21
2,2024-11-23,2.4,-1.6,26.8,54.7,2.80,0.30,10.0,1.75
2,2024-11-24,2.2,0.0,33.6,68.4,0.00,0.00,0.0,0.00
2,2024-11-25,3.4,-2.8,24.5,51.1,0.30,0.00,3.0,0.21
2,2024-11-26,6.6,1.6,31.1,58.3,8.50,8.50,8.0,0.00
2,2024-11-27,9.5,0.9,22.2,43.2,1.10,1.10,2.0,0.00
2,2024-11-28,6.3,-0.5,12.9,27.7,4.10,2.30,7.0,1.26
2,2024-11-29,3.0,-1.8,23.9,49.7,2.80,0.20,11.0,1.82
2,2024-11-30,1.3,-0.6,33.7,68.0,0.00,0.00,0.0,0.00
2,2024-12-01,4.3,-0.9,33.4,69.1,0.00,0.00,0.0,0.00
2,2024-12-02,6.8,-0.2,17.3,30.2,0.00,0.00,0.0,0.00
2,2024-12-03,6.7,-1.9,32.1,61.9,0.20,0.00,1.0,0.14
2,2024-12-04,2.6,-3.8,18.5,36.4,0.70,0.00,3.0,0.49
2,2024-12-05,1.4,-5.7,17.8,35.3,0.90,0.00,4.0,0.63
2,2024-12-06,1.0,-6.2,25.6,49.3,1.70,0.00,6.0,1.19
2,2024-12-07,-0.8,-4.3,31.7,68.4,0.00,0.00,0.0,0.00
2,2024-12-08,-0.6,-3.3,30.1,61.2,0.40,0.00,3.0,0.28
2,2024-12-09,-0.2,-4.3,29.3,60.1,0.00,0.00,0.0,0.00
2,2024-12-10,-0.0,-3.7,26.7,54.4,0.50,0.00,3.0,0.35
2,2024-12-11,-0.7,-7.6,20.5,38.9,2.10,0.10,8.0,1.40
2,2024-12-12,-4.7,-8.2,21.9,45.4,0.30,0.00,3.0,0.21
2,2024-12-13,-3.5,-9.2,16.9,30.6,2.50,0.00,15.0,1.75
2,2024-12-14,-4.2,-7.4,17.4,38.5,0.10,0.00,1.0,0.07
2,2024-12-15,-0.8,-7.6,24.1,46.4,0.50,0.00,4.0,0.35
2,2024-12-16,-4.2,-8.1,20.1,40.3,0.00,0.00,0.0,0.00
2,2024-12-17,-4.5,-8.0,17.4,34.9,0.00,0.00,0.0,0.00
2,2024-12-18,-2.9,-6.5,22.9,46.8,0.00,0.00,0.0,0.00
2,2024-12-19,-1.0,-5.1,14.7,27.0,0.50,0.00,5.0,0.35
2,2024-12-20,-3.7,-10.9,25.1,48.6,0.00,0.00,0.0,0.00
2,2024-12-21,-3.8,-9.2,11.9,22.7,0.10,0.00,1.0,0.07
2,2024-12-22,-3.1,-5.6,21.4,37.4,8.20,0.00,13.0,5.81
2,2024-12-23,-2.2,-6.4,21.3,38.5,0.80,0.00,8.0,0.56
2,2024-12-24,-1.8,-5.8,17.5,33.5,0.00,0.00,0.0,0.00
2,2024-12-25,0.3,-6.8,19.9,37.8,0.60,0.00,4.0,0.42
2,2024-12-26,2.1,-7.4,22.4,42.5,0.80,0.00,4.0,0.56
2,2024-12-27,-4.5,-6.4,31.4,58.3,0.10,0.00,1.0,0.07
2,2024-12-28,-2.6,-11.1,26.0,51.1,0.20,0.00,2.0,0.14
2,2024-12-29,-2.8,-8.4,20.3,38.5,0.80,0.00,5.0,0.56
2,2024-12-30,-5.5,-12.1,19.4,38.2,0.00,0.00,0.0,0.00
2,2024-12-31,-2.5,-6.2,16.6,29.9,8.30,0.00,21.0,5.81
2,2025-01-01,-3.1,-7.9,17.2,34.9,1.00,0.00,6.0,0.77
2,2025-01-02,-2.8,-11.4,18.1,31.0,0.00,0.00,0.0,0.00
2,2025-01-03,-5.2,-10.9,17.1,33.8,0.00,0.00,0.0,0.00
2,2025-01-04,-4.2,-8.9,20.2,36.0,0.10,0.00,1.0,0.07
2,2025-01-05,-4.2,-7.8,23.8,44.6,0.00,0.00,0.0,0.00
2,2025-01-06,2.9,-1.8,25.2,46.4,5.00,0.20,23.0,3.36
2,2025-01-07,-1.5,-5.1,30.8,59.4,0.40,0.10,4.0,0.21
2,2025-01-08,-1.8,-3.2,43.5,82.4,0.00,0.00,0.0,0.00
2,2025-01-09,-2.1,-3.4,47.4,87.5,0.50,0.00,5.0,0.35
2,2025-01-10,0.1,-2.8,31.6,59.4,5.70,0.10,16.0,3.99
2,2025-01-11,-2.4,-7.6,17.3,36.0,0.40,0.10,3.0,0.21
2,2025-01-12,-2.3,-14.2,11.6,23.8,0.00,0.00,0.0,0.00
2,2025-01-13,-3.2,-9.7,6.7,13.7,0.40,0.00,3.0,0.28
2,2025-01-14,-0.1,-4.7,25.5,47.2,0.20,0.00,2.0,0.14
2,2025-01-15,-3.2,-7.3,27.4,52.2,0.00,0.00,0.0,0.00
2,2025-01-16,-3.3,-11.2,25.5,50.4,0.00,0.00,0.0,0.00
2,2025-01-17,-2.7,-7.0,22.8,41.8,0.90,0.00,4.0,0.63
2,2025-01-18,-3.3,-13.0,18.9,38.5,0.00,0.00,0.0,0.00
2,2025-01-19,1.8,-6.9,13.8,24.5,0.10,0.10,1.0,0.00
2,2025-01-20,3.3,-4.1,19.5,38.5,0.30,0.00,3.0,0.21
2,2025-01-21,-3.3,-9.4,9.9,19.1,0.00,0.00,0.0,0.00
2,2025-01-22,-2.5,-11.9,9.8,21.2,0.00,0.00,0.0,0.00
2,2025-01-23,0.3,-9.4,8.0,16.2,0.30,0.00,1.0,0.21
2,2025-01-24,0.0,-3.0,17.1,30.6,10.70,0.00,22.0,7.49
2,2025-01-25,-0.2,-1.8,20.7,37.4,4.90,0.20,18.0,3.29
2,2025-01-26,-0.9,-1.9,18.0,34.2,2.70,0.30,18.0,1.68
2,2025-01-27,-0.8,-2.7,27.9,54.4,9.70,0.00,22.0,6.79
2,2025-01-28,-0.8,-4.0,23.3,45.0,2.80,0.00,6.0,1.96
2,2025-01-29,0.4,-2.5,25.1,46.4,2.70,0.10,15.0,1.82
2,2025-01-30,-0.7,-2.1,25.1,49.7,3.40,0.00,18.0,2.38
2,2025-01-31,-1.5,-3.9,21.9,42.8,3.40,0.00,15.0,2.38
2,2025-02-01,-2.7,-12.6,11.3,24.1,0.90,0.00,6.0,0.63
2,2025-02-02,-2.4,-11.0,15.0,29.5,0.00,0.00,0.0,0.00
2,2025-02-03,-1.1,-4.9,30.1,56.9,6.50,0.00,14.0,4.55
2,2025-02-04,-0.6,-14.8,35.4,69.5,10.70,0.10,10.0,7.42
2,2025-02-05,0.9,-9.3,18.5,33.1,0.00,0.00,0.0,0.00
2,2025-02-06,1.1,-4.8,25.9,49.0,0.50,0.00,1.0,0.35
2,2025-02-07,0.5,-4.3,23.8,43.6,5.90,0.00,17.0,4.13
2,2025-02-08,-1.2,-4.0,33.5,66.2,3.20,0.00,21.0,2.24
2,2025-02-09,-2.5,-5.8,28.9,55.4,0.50,0.00,5.0,0.35
2,2025-02-10,-2.8,-5.8,20.4,40.7,0.80,0.00,5.0,0.63
2,2025-02-11,-0.5,-4.2,19.2,38.5,0.50,0.20,2.0,0.21
2,2025-02-12,3.0,-3.7,21.8,39.2,4.00,0.10,13.0,2.80
2,2025-02-13,-1.3,-7.4,27.3,59.8,0.90,0.00,5.0,0.63
2,2025-02-14,-2.8,-7.5,21.4,39.6,0.30,0.00,3.0,0.21
2,2025-02-15,-1.2,-13.6,27.1,53.3,0.30,0.00,2.0,0.21
2,2025-02-16,-0.8,-6.5,17.7,34.2,3.60,0.00,6.0,2.52
2,2025-02-17,-3.3,-7.2,18.1,35.6,1.90,0.00,11.0,1.33
2,2025-02-18,-0.8,-5.0,24.2,45.4,4.70,0.00,12.0,3.29
2,2025-02-19,-3.3,-4.8,22.7,48.6,1.10,0.00,8.0,0.77
2,2025-02-20,-2.8,-9.2,27.2,52.9,0.80,0.00,4.0,0.56
2,2025-02-21,-1.7,-6.0,21.3,40.0,0.60,0.00,3.0,0.42
2,2025-02-22,-3.2,-6.2,20.1,41.8,1.00,0.00,4.0,0.70
2,2025-02-23,-2.6,-8.0,15.6,30.6,0.80,0.00,8.0,0.56
2,2025-02-24,0.7,-2.7,21.6,41.4,0.00,0.00,0.0,0.00
2,2025-02-25,2.9,-3.0,25.1,45.4,0.10,0.10,1.0,0.00
2,2025-02-26,2.2,-6.1,33.0,66.2,0.30,0.00,3.0,0.21
2,2025-02-27,-1.8,-8.5,22.2,43.9,0.90,0.00,7.0,0.63
2,2025-02-28,6.9,2.2,30.0,55.1,0.00,0.00,0.0,0.00
2,2025-03-01,6.3,-7.5,25.8,48.6,0.00,0.00,0.0,0.07
2,2025-03-02,0.8,-10.1,26.8,53.3,1.50,0.00,8.0,1.05
2,2025-03-03,-5.4,-10.4,25.6,52.9,1.20,0.00,6.0,0.91
2,2025-03-04,-3.3,-15.0,20.9,43.6,0.80,0.00,3.0,0.56
2,2025-03-05,-0.9,-5.6,22.3,40.7,1.00,0.00,10.0,0.70
2,2025-03-06,-1.7,-3.4,17.6,36.0,5.30,0.00,24.0,3.71
2,2025-03-07,-2.4,-11.8,19.3,41.8,2.70,0.00,12.0,1.89
2,2025-03-08,0.4,-10.4,23.7,46.1,0.30,0.00,2.0,0.28
2,2025-03-09,2.5,-10.3,23.1,46.1,0.00,0.00,0.0,0.00
2,2025-03-10,1.7,-10.2,11.2,22.3,0.00,0.00,0.0,0.00
2,2025-03-11,7.2,-1.8,22.7,40.3,0.00,0.00,0.0,0.00
2,2025-03-12,5.9,-0.3,27.1,51.8,1.70,0.90,1.0,0.56
2,2025-03-13,6.6,-0.3,37.6,69.1,8.10,2.40,12.0,3.99
2,2025-03-14,-0.1,-3.2,37.5,72.7,5.80,0.20,23.0,3.92
2,2025-03-15,-0.9,-7.8,30.0,62.6,0.30,0.10,3.0,0.14
2,2025-03-16,-0.4,-2.7,30.5,55.8,9.10,0.00,15.0,6.37
2,2025-03-17,-2.4,-4.0,35.2,66.2,13.10,0.00,24.0,9.17
2,2025-03-18,-2.0,-11.4,13.0,28.1,0.50,0.00,5.0,0.35
2,2025-03-19,0.2,-5.7,15.9,31.3,0.40,0.00,4.0,0.28
2,2025-03-20,3.4,-1.6,16.5,30.2,0.00,0.00,0.0,0.00
2,2025-03-21,7.1,1.2,16.6,44.6,4.50,3.30,4.0,0.84
2,2025-03-22,8.8,-0.5,31.3,62.6,1.40,1.40,4.0,0.00
2,2025-03-23,2.7,-3.4,30.8,59.4,0.00,0.00,0.0,0.00
2,2025-03-24,6.8,0.5,26.6,52.2,1.30,1.30,5.0,0.00
2,2025-03-25,4.0,-2.4,17.1,37.4,1.30,0.40,4.0,0.63
2,2025-03-26,0.4,-5.5,38.4,76.0,16.60,1.40,8.0,10.64
2,2025-03-27,1.1,-0.7,22.9,43.2,3.60,0.90,12.0,1.89
2,2025-03-28,2.5,-0.6,25.8,49.0,2.40,1.50,11.0,0.63
2,2025-03-29,3.8,-7.1,31.5,61.9,0.40,0.00,4.0,0.28
2,2025-03-30,5.8,-5.1,30.1,59.8,3.00,0.00,3.0,2.10
2,2025-03-31,2.2,-4.9,24.1,47.2,0.90,0.00,4.0,0.63
2,2025-04-01,6.3,-7.8,11.7,20.9,0.00,0.00,0.0,0.00
2,2025-04-02,6.1,0.2,22.7,42.5,0.10,0.00,1.0,0.07
2,2025-04-03,0.6,-0.7,26.4,51.5,13.70,0.00,24.0,9.59
2,2025-04-04,3.8,0.3,33.6,67.3,0.70,0.00,7.0,0.49
2,2025-04-05,7.1,-0.4,30.7,57.2,0.00,0.00,0.0,0.00
2,2025-04-06,6.3,1.1,18.6,33.1,2.10,2.10,3.0,0.00
2,2025-04-07,9.5,2.2,11.4,26.6,0.30,0.30,2.0,0.00
2,2025-04-08,7.2,2.1,11.8,29.5,0.20,0.20,2.0,0.00
2,2025-04-09,11.8,0.7,16.0,33.5,3.10,3.10,7.0,0.00
2,2025-04-10,16.5,1.1,32.1,65.2,0.00,0.00,0.0,0.00
2,2025-04-11,14.2,1.9,17.6,36.7,0.00,0.00,0.0,0.00
2,2025-04-12,9.8,3.8,20.6,41.0,0.00,0.00,0.0,0.00
2,2025-04-13,15.2,4.9,29.4,58.7,0.00,0.00,0.0,0.00
2,2025-04-14,9.4,4.3,30.8,63.7,10.80,10.80,10.0,0.00
2,2025-04-15,12.4,3.6,30.8,55.8,12.50,12.50,17.0,0.00
2,2025-04-16,6.1,3.3,35.7,67.0,18.70,18.70,20.0,0.00
2,2025-04-17,11.2,2.3,33.7,70.2,0.20,0.20,2.0,0.00
2,2025-04-18,11.9,3.3,29.3,52.6,10.50,10.50,5.0,0.00
2,2025-04-19,14.3,2.7,17.8,36.7,2.40,2.40,6.0,0.00
2,2025-04-20,12.1,5.5,24.4,46.4,13.10,13.10,7.0,0.00
2,2025-04-21,4.9,0.8,30.1,61.6,0.10,0.10,1.0,0.00
2,2025-04-22,7.4,2.1,13.6,33.8,0.60,0.60,4.0,0.00
2,2025-04-23,10.8,1.1,15.5,36.4,0.00,0.00,0.0,0.00
2,2025-04-24,11.1,1.8,19.3,43.6,0.00,0.00,0.0,0.00
2,2025-04-25,16.2,5.9,27.1,54.7,5.40,5.40,6.0,0.00
2,2025-04-26,13.0,2.6,22.5,55.1,3.30,3.30,6.0,0.00
2,2025-04-27,11.4,1.9,30.8,63.7,1.40,1.40,9.0,0.00
2,2025-04-28,6.8,1.7,25.1,45.7,6.20,4.00,8.0,1.54
2,2025-04-29,1.6,0.9,26.0,48.2,37.00,4.10,24.0,23.03
2,2025-04-30,6.0,-2.5,27.5,57.2,0.50,0.30,5.0,0.14
2,2025-05-01,12.6,0.8,17.8,40.7,0.00,0.00,0.0,0.00
2,2025-05-02,21.7,9.7,35.2,70.9,0.70,0.70,4.0,0.00
2,2025-05-03,16.0,8.8,27.5,58.0,6.10,6.10,6.0,0.00
2,2025-05-04,13.4,4.6,17.1,36.7,4.60,4.60,5.0,0.00
2,2025-05-05,15.6,6.9,27.2,59.4,0.50,0.50,1.0,0.00
2,2025-05-06,17.0,3.5,20.7,46.4,0.00,0.00,0.0,0.00
2,2025-05-07,13.7,3.6,14.7,32.0,0.00,0.00,0.0,0.00
2,2025-05-08,16.9,9.1,19.9,38.2,2.20,2.20,5.0,0.00
2,2025-05-09,15.1,8.4,13.9,24.8,0.30,0.30,2.0,0.00
2,2025-05-10,17.2,8.3,24.0,54.7,6.70,6.70,13.0,0.00
2,2025-05-11,16.2,8.2,27.2,55.4,0.00,0.00,0.0,0.00
2,2025-05-12,20.0,13.1,29.1,54.7,1.50,1.50,2.0,0.00
2,2025-05-13,18.2,10.0,22.7,41.4,4.40,4.40,10.0,0.00
2,2025-05-14,18.4,7.8,15.8,36.0,0.30,0.30,1.0,0.00
2,2025-05-15,23.1,12.9,20.8,41.4,0.00,0.00,0.0,0.00
2,2025-05-16,25.7,13.8,19.4,43.2,0.00,0.00,0.0,0.00
2,2025-05-17,24.3,13.5,25.4,49.0,3.90,3.90,9.0,0.00
2,2025-05-18,22.8,10.4,30.1,63.4,0.20,0.20,2.0,0.00
2,2025-05-19,19.5,10.9,20.7,46.8,0.70,0.70,5.0,0.00
2,2025-05-20,17.4,10.5,30.8,57.2,1.40,1.40,6.0,0.00
2,2025-05-21,17.3,9.3,12.1,33.8,0.20,0.20,2.0,0.00
2,2025-05-22,12.9,6.4,19.5,40.3,2.50,2.50,12.0,0.00
2,2025-05-23,11.7,5.1,13.8,33.1,0.20,0.20,2.0,0.00
2,2025-05-24,12.4,7.6,15.0,32.0,0.30,0.30,2.0,0.00
2,2025-05-25,11.6,6.7,21.8,43.2,17.60,17.60,24.0,0.00
2,2025-05-26,15.5,6.5,16.4,36.0,1.40,1.40,6.0,0.00
2,2025-05-27,18.9,9.8,14.6,25.9,4.40,4.40,7.0,0.00
2,2025-05-28,19.7,10.4,13.6,36.0,0.20,0.20,2.0,0.00
2,2025-05-29,24.0,9.8,14.8,28.1,1.10,1.10,5.0,0.00
2,2025-05-30,15.4,8.7,11.3,29.2,0.00,0.00,0.0,0.00
2,2025-05-31,12.1,7.2,20.0,43.2,0.10,0.10,1.0,0.00
2,2025-06-01,10.6,6.5,14.3,34.9,0.00,0.00,0.0,0.00
2,2025-06-02,10.3,6.3,11.6,30.6,0.00,0.00,0.0,0.00
2,2025-06-03,11.3,8.7,17.0,34.6,11.50,11.50,9.0,0.00
2,2025-06-04,15.7,10.5,31.0,59.8,9.50,9.50,12.0,0.00
2,2025-06-05,20.7,12.7,33.8,70.9,0.00,0.00,0.0,0.00
2,2025-06-06,23.7,13.6,24.2,50.0,0.30,0.30,1.0,0.00
2,2025-06-07,24.9,13.0,14.8,38.5,3.90,3.90,5.0,0.00
2,2025-06-08,20.4,13.6,22.3,40.7,6.70,6.70,6.0,0.00
2,2025-06-09,25.2,14.9,14.3,30.6,0.50,0.50,3.0,0.00
2,2025-06-10,19.1,11.6,13.3,33.1,0.00,0.00,0.0,0.00
2,2025-06-11,14.6,9.5,23.9,48.2,17.90,17.90,17.0,0.00
2,2025-06-12,18.3,7.6,23.1,49.0,0.50,0.50,4.0,0.00
2,2025-06-13,21.1,14.6,15.8,28.4,6.30,6.30,7.0,0.00
2,2025-06-14,23.9,13.7,13.3,26.6,0.40,0.40,2.0,0.00
2,2025-06-15,23.3,17.3,12.0,27.0,1.10,1.10,5.0,0.00
2,2025-06-16,21.8,13.8,12.3,27.7,1.40,1.40,7.0,0.00
2,2025-06-17,21.9,16.4,14.8,27.7,0.20,0.20,2.0,0.00
2,2025-06-18,26.5,17.5,18.9,34.9,1.40,1.40,6.0,0.00
2,2025-06-19,22.0,15.6,11.6,27.7,0.00,0.00,0.0,0.00
2,2025-06-20,22.6,16.5,10.1,27.0,0.00,0.00,0.0,0.00
2,2025-06-21,25.4,20.0,18.4,33.1,13.60,13.60,12.0,0.00
2,2025-06-22,24.2,19.3,20.5,41.0,0.50,0.50,3.0,0.00
2,2025-06-23,26.4,18.6,18.9,39.6,0.30,0.30,2.0,0.00
2,2025-06-24,28.6,16.8,22.6,46.8,0.00,0.00,0.0,0.00
2,2025-06-25,25.9,19.4,11.2,24.8,0.00,0.00,0.0,0.00
2,2025-06-26,25.4,18.7,12.4,27.7,0.00,0.00,0.0,0.00
2,2025-06-27,19.9,14.5,21.3,44.3,1.20,1.20,5.0,0.00
2,2025-06-28,23.3,13.8,11.4,29.9,0.00,0.00,0.0,0.00
2,2025-06-29,25.5,19.4,11.2,27.0,0.00,0.00,0.0,0.00
2,2025-06-30,25.8,20.1,11.2,26.3,0.80,0.80,5.0,0.00
2,2025-07-01,25.0,17.5,15.6,36.4,0.30,0.30,2.0,0.00
2,2025-07-02,24.6,18.8,15.3,35.3,4.20,4.20,6.0,0.00
2,2025-07-03,28.8,25.1,13.8,32.4,31.80,31.80,4.0,0.00
2,2025-07-04,29.8,22.6,17.7,37.1,0.10,0.10,1.0,0.00
2,2025-07-05,25.7,20.4,16.2,35.3,0.00,0.00,0.0,0.00
2,2025-07-06,28.9,23.8,17.8,35.6,0.00,0.00,0.0,0.00
2,2025-07-07,31.9,22.2,22.0,42.5,0.00,0.00,0.0,0.00
2,2025-07-08,26.6,17.3,20.6,45.0,0.00,0.00,0.0,0.00
2,2025-07-09,21.2,15.3,14.3,35.6,0.40,0.40,2.0,0.00
2,2025-07-10,18.1,15.4,17.0,37.4,0.70,0.70,5.0,0.00
2,2025-07-11,20.9,13.6,19.4,42.8,0.00,0.00,0.0,0.00
2,2025-07-12,22.2,15.2,15.4,34.9,0.00,0.00,0.0,0.00
2,2025-07-13,24.4,17.5,14.1,32.0,0.00,0.00,0.0,0.00
2,2025-07-14,26.4,20.3,20.3,37.4,0.30,0.30,3.0,0.00
2,2025-07-15,24.9,18.7,15.9,34.9,2.80,2.80,12.0,0.00
2,2025-07-16,26.6,21.6,13.2,28.4,2.40,2.40,4.0,0.00
2,2025-07-17,30.5,23.5,14.7,31.0,3.30,3.30,2.0,0.00
2,2025-07-18,32.3,22.9,20.1,44.6,26.00,26.00,17.0,0.00
2,2025-07-19,27.1,22.0,14.3,28.8,15.50,15.50,20.0,0.00
2,2025-07-20,29.7,23.2,20.3,50.0,0.70,0.70,2.0,0.00
2,2025-07-21,31.2,24.9,24.6,46.8,1.30,1.30,4.0,0.00
2,2025-07-22,31.9,24.0,24.1,50.4,0.20,0.20,2.0,0.00
2,2025-07-23,33.0,26.4,28.0,56.9,0.00,0.00,0.0,0.00
2,2025-07-24,33.6,21.0,25.6,52.9,0.00,0.00,0.0,0.00
2,2025-07-25,30.1,24.4,16.2,34.2,0.10,0.10,1.0,0.00
2,2025-07-26,28.7,21.5,12.1,24.5,10.00,10.00,14.0,0.00
2,2025-07-27,25.3,20.0,10.6,27.0,1.20,1.20,7.0,0.00
2,2025-07-28,23.0,20.0,12.6,28.1,0.00,0.00,0.0,0.00
2,2025-07-29,23.5,20.3,11.8,29.2,0.40,0.40,4.0,0.00
2,2025-07-30,25.6,20.2,14.5,33.1,0.00,0.00,0.0,0.00
2,2025-07-31,26.9,21.9,13.0,28.4,0.50,0.50,5.0,0.00
2,2025-08-01,27.4,21.9,15.1,33.8,0.60,0.60,3.0,0.00
2,2025-08-02,27.5,22.0,11.8,28.8,1.00,1.00,8.0,0.00
2,2025-08-03,26.0,22.0,13.5,32.0,0.00,0.00,0.0,0.00
2,2025-08-04,27.8,23.3,14.2,34.2,5.70,5.70,8.0,0.00
2,2025-08-05,25.9,21.4,11.4,31.3,4.30,4.30,5.0,0.00
2,2025-08-06,28.9,20.5,9.8,22.7,12.10,12.10,5.0,0.00
2,2025-08-07,23.4,20.8,9.9,20.9,25.80,25.80,23.0,0.00
2,2025-08-08,21.8,18.1,22.9,47.9,18.60,18.60,18.0,0.00
2,2025-08-09,22.5,17.6,8.5,22.0,1.50,1.50,4.0,0.00
2,2025-08-10,24.9,18.9,14.7,29.9,8.90,8.90,7.0,0.00
2,2025-08-11,25.4,18.4,14.9,40.3,15.70,15.70,6.0,0.00
2,2025-08-12,23.9,18.9,12.1,30.2,0.20,0.20,2.0,0.00
2,2025-08-13,23.8,18.1,10.8,30.6,0.00,0.00,0.0,0.00
2,2025-08-14,26.6,20.8,16.8,29.9,6.80,6.80,7.0,0.00
2,2025-08-15,28.2,20.8,22.4,45.7,0.60,0.60,5.0,0.00
2,2025-08-16,29.9,22.9,17.4,37.8,0.00,0.00,0.0,0.00
2,2025-08-17,23.4,19.2,19.4,34.9,5.60,5.60,7.0,0.00
2,2025-08-18,24.0,19.1,11.6,32.4,1.30,1.30,4.0,0.00
2,2025-08-19,24.9,19.1,20.7,39.6,16.80,16.80,7.0,0.00
2,2025-08-20,26.8,19.1,20.5,46.1,9.20,9.20,11.0,0.00
2,2025-08-21,22.7,16.6,20.9,39.6,7.20,7.20,5.0,0.00
2,2025-08-22,22.9,17.4,29.1,58.3,46.10,46.10,17.0,0.00
2,2025-08-23,28.1,19.6,26.3,56.9,0.70,0.70,6.0,0.00
2,2025-08-24,23.8,18.6,13.6,31.3,0.30,0.30,2.0,0.00
2,2025-08-25,26.3,20.5,11.3,34.6,2.50,2.50,7.0,0.00
2,2025-08-26,27.3,22.0,18.8,36.7,0.90,0.90,4.0,0.00
2,2025-08-27,27.4,18.6,29.9,60.1,0.90,0.90,7.0,0.00
2,2025-08-28,20.3,16.0,30.1,61.2,0.10,0.10,1.0,0.00
2,2025-08-29,22.0,17.6,13.5,26.3,2.70,2.70,5.0,0.00
2,2025-08-30,22.0,17.2,14.5,31.3,3.10,3.10,9.0,0.00
2,2025-08-31,24.3,18.7,9.7,29.2,0.40,0.40,4.0,0.00
2,2025-09-01,25.3,19.2,22.6,42.5,2.40,2.40,14.0,0.00
2,2025-09-02,19.5,17.2,14.4,33.8,1.90,1.90,13.0,0.00
2,2025-09-03,22.4,17.1,15.0,28.4,2.20,2.20,8.0,0.00
2,2025-09-04,22.0,15.1,11.3,27.4,0.20,0.20,2.0,0.00
2,2025-09-05,24.9,17.4,14.6,27.0,0.00,0.00,0.0,0.00
2,2025-09-06,26.3,19.3,10.9,25.6,2.30,2.30,7.0,0.00
2,2025-09-07,26.8,19.6,21.3,40.3,1.60,1.60,3.0,0.00
2,2025-09-08,23.9,17.7,12.6,27.4,0.00,0.00,0.0,0.00
2,2025-09-09,25.4,19.6,20.5,40.7,0.10,0.10,1.0,0.00
2,2025-09-10,25.7,17.0,16.0,33.8,0.00,0.00,0.0,0.00
2,2025-09-11,25.3,14.4,23.3,55.4,0.20,0.20,2.0,0.00
2,2025-09-12,22.0,13.5,13.9,33.8,0.00,0.00,0.0,0.00
2,2025-09-13,25.4,16.6,47.8,91.8,52.50,52.50,14.0,0.00
2,2025-09-14,20.3,12.7,37.6,76.7,0.50,0.50,3.0,0.00
2,2025-09-15,26.2,19.0,24.0,46.1,0.00,0.00,0.0,0.00
2,2025-09-16,24.0,18.6,26.6,55.4,1.60,1.60,2.0,0.00
2,2025-09-17,24.5,15.0,21.3,43.2,0.10,0.10,1.0,0.00
2,2025-09-18,20.6,13.4,18.0,38.5,0.60,0.60,4.0,0.00
2,2025-09-19,19.9,9.8,17.8,37.8,0.00,0.00,0.0,0.00
2,2025-09-20,19.2,12.3,46.5,92.5,68.30,68.30,15.0,0.00
2,2025-09-21,14.9,11.0,44.1,87.1,15.30,15.30,15.0,0.00
2,2025-09-22,20.1,10.9,20.4,43.6,0.90,0.90,4.0,0.00
2,2025-09-23,21.4,11.5,13.1,25.6,0.00,0.00,0.0,0.00
2,2025-09-24,21.6,14.6,21.1,38.9,2.60,2.60,5.0,0.00
2,2025-09-25,20.1,16.1,24.1,46.4,7.70,7.70,6.0,0.00
2,2025-09-26,21.5,14.9,23.1,49.3,0.60,0.60,5.0,0.00
2,2025-09-27,22.7,17.6,32.4,60.1,0.00,0.00,0.0,0.00
2,2025-09-28,24.7,18.5,24.6,47.5,0.00,0.00,0.0,0.00
2,2025-09-29,22.5,11.5,19.1,38.2,0.60,0.60,4.0,0.00
2,2025-09-30,17.5,9.5,11.8,26.3,0.00,0.00,0.0,0.00
2,2025-10-01,21.9,12.6,12.0,27.0,0.00,0.00,0.0,0.00
2,2025-10-02,21.7,12.3,18.1,33.8,3.00,3.00,7.0,0.00
2,2025-10-03,24.0,13.2,26.3,54.0,0.30,0.30,2.0,0.00
2,2025-10-04,24.8,12.2,10.9,22.0,0.00,0.00,0.0,0.00
2,2025-10-05,24.4,13.2,27.2,54.7,0.00,0.00,0.0,0.00
2,2025-10-06,14.6,6.7,24.3,51.8,0.20,0.20,2.0,0.00
2,2025-10-07,15.6,12.0,18.6,34.9,6.10,6.10,5.0,0.00
2,2025-10-08,20.0,8.2,32.5,61.6,2.30,2.30,13.0,0.00
2,2025-10-09,10.4,4.8,20.9,44.3,0.10,0.10,1.0,0.00
2,2025-10-10,11.4,5.3,24.1,51.8,1.40,1.40,8.0,0.00
2,2025-10-11,12.3,5.8,26.1,54.4,0.00,0.00,0.0,0.00
2,2025-10-12,17.6,11.9,25.3,49.0,0.00,0.00,0.0,0.00
2,2025-10-13,11.9,3.8,25.1,53.3,0.00,0.00,0.0,0.00
2,2025-10-14,12.3,6.9,23.2,47.2,1.20,1.20,3.0,0.00
2,2025-10-15,11.2,5.1,25.1,52.6,0.00,0.00,0.0,0.00
2,2025-10-16,12.5,9.1,21.4,42.8,2.00,2.00,5.0,0.00
2,2025-10-17,12.7,8.9,10.8,26.3,0.20,0.20,2.0,0.00
2,2025-10-18,15.7,6.6,26.8,50.8,2.80,2.80,9.0,0.00
2,2025-10-19,10.1,4.9,23.9,49.3,4.20,4.20,12.0,0.00
2,2025-10-20,7.7,2.9,24.7,51.5,0.80,0.70,5.0,0.07
2,2025-10-21,8.4,3.1,17.9,38.2,1.90,1.90,9.0,0.00
2,2025-10-22,8.7,1.7,13.1,32.4,2.60,2.60,13.0,0.00
2,2025-10-23,8.4,1.1,16.2,29.9,3.00,2.80,9.0,0.14
2,2025-10-24,6.8,-0.8,17.1,36.0,1.10,1.10,5.0,0.00
2,2025-10-25,12.5,3.4,16.6,36.7,0.00,0.00,0.0,0.00
2,2025-10-26,13.2,7.4,26.1,48.6,26.70,26.70,15.0,0.00
2,2025-10-27,13.8,3.2,32.8,66.2,1.50,1.50,4.0,0.00
2,2025-10-28,6.3,2.6,39.3,78.8,0.40,0.40,4.0,0.00
2,2025-10-29,7.3,1.5,21.7,45.7,0.50,0.50,5.0,0.00
2,2025-10-30,13.0,5.8,15.8,33.5,0.90,0.90,1.0,0.00
2,2025-10-31,15.1,7.3,33.6,60.1,11.40,11.40,11.0,0.00
2,2025-11-01,9.4,5.3,46.4,89.3,63.20,63.20,22.0,0.00
2,2025-11-02,6.3,4.3,17.4,33.5,13.60,13.60,22.0,0.00
2,2025-11-03,6.5,-0.6,21.6,46.1,0.20,0.20,2.0,0.00
2,2025-11-04,11.4,5.4,16.6,32.4,0.00,0.00,0.0,0.00
2,2025-11-05,12.6,2.3,17.5,38.9,0.40,0.40,3.0,0.00
2,2025-11-06,10.4,4.5,21.5,42.8,1.80,1.80,3.0,0.00
2,2025-11-07,5.1,-3.2,35.7,69.8,4.30,0.50,15.0,2.66
2,2025-11-08,1.1,-4.8,27.5,51.8,0.00,0.00,0.0,0.00
2,2025-11-09,5.0,0.8,15.0,27.4,2.20,2.20,6.0,0.00
2,2025-11-10,5.6,0.1,22.6,42.8,2.30,1.30,5.0,0.70
2,2025-11-11,3.6,-0.4,26.9,54.0,0.10,0.00,1.0,0.07
2,2025-11-12,6.0,1.6,29.4,61.9,0.60,0.60,1.0,0.00
2,2025-11-13,10.1,0.8,22.3,49.7,5.20,5.20,10.0,0.00
2,2025-11-14,4.6,-0.1,27.7,56.9,0.00,0.00,0.0,0.00
2,2025-11-15,5.3,-2.6,19.9,41.4,0.80,0.30,3.0,0.35
2,2025-11-16,12.2,1.5,34.4,65.9,0.40,0.40,3.0,0.00
2,2025-11-17,6.6,-4.5,29.1,67.0,8.40,7.50,9.0,0.63
2,2025-11-18,-1.0,-4.3,23.0,45.4,0.00,0.00,0.0,0.00
2,2025-11-19,3.5,-0.6,24.5,49.3,0.00,0.00,0.0,0.00
2,2025-11-20,9.3,2.6,25.4,47.5,1.70,1.70,6.0,0.00
2,2025-11-21,5.5,-1.6,28.1,56.9,0.20,0.00,2.0,0.14
2,2025-11-22,5.7,1.1,29.7,62.6,0.00,0.00,0.0,0.00
2,2025-11-23,12.0,3.7,18.4,37.1,0.00,0.00,0.0,0.00
2,2025-11-24,12.7,-1.7,18.5,37.4,0.00,0.00,0.0,0.00
2,2025-11-25,6.7,3.1,16.3,30.2,3.60,3.60,14.0,0.00
2,2025-11-26,3.6,1.4,17.4,34.9,0.90,0.90,6.0,0.00
2,2025-11-27,5.4,1.8,25.1,46.8,3.70,3.70,3.0,0.00
2,2025-11-28,6.8,-0.3,33.5,63.4,5.80,5.80,7.0,0.00
2,2025-11-29,3.4,0.7,38.6,78.8,0.00,0.00,0.0,0.00
2,2025-11-30,10.0,0.2,21.8,42.1,2.40,1.10,2.0,0.91
2,2025-12-01,12.9,-0.5,49.1,97.9,0.40,0.10,1.0,0.21
2,2025-12-02,4.8,-2.0,18.7,36.4,1.70,0.10,5.0,1.12
2,2025-12-03,1.7,-3.7,20.7,43.9,1.40,0.00,7.0,0.98
2,2025-12-04,-2.4,-4.6,32.7,65.2,0.00,0.00,0.0,0.00
2,2025-12-05,0.8,-1.9,29.8,62.3,1.00,0.00,4.0,0.70
2,2025-12-06,4.5,-0.9,29.5,61.9,0.00,0.00,0.0,0.00
2,2025-12-07,9.3,0.1,16.7,36.0,9.30,3.90,8.0,3.78
2,2025-12-08,5.5,-3.9,27.4,50.8,7.50,0.10,8.0,5.18
2,2025-12-09,-1.2,-5.7,19.3,37.1,0.00,0.00,0.0,0.00
2,2025-12-10,-0.8,-4.3,20.0,41.4,2.60,0.00,11.0,1.82
2,2025-12-11,-0.5,-9.7,24.2,46.4,8.60,0.00,20.0,6.02
2,2025-12-12,-7.3,-9.9,26.9,48.6,0.00,0.00,0.0,0.00
2,2025-12-13,-3.2,-6.6,26.7,51.1,0.00,0.00,0.0,0.00
2,2025-12-14,1.0,-4.1,52.5,97.6,38.50,0.80,18.0,26.39
2,2025-12-15,1.2,-2.5,53.4,99.4,4.50,0.00,8.0,3.15
2,2025-12-16,-0.4,-5.9,29.0,53.6,0.00,0.00,0.0,0.00
2,2025-12-17,-2.7,-7.1,26.1,47.9,0.70,0.00,3.0,0.49
2,2025-12-18,-1.3,-5.3,24.9,46.1,0.00,0.00,0.0,0.00
2,2025-12-19,3.2,-5.3,17.8,33.8,0.30,0.30,3.0,0.00
2,2025-12-20,8.0,0.6,15.6,28.1,5.30,3.00,10.0,1.61
2,2025-12-21,0.9,-2.3,15.7,28.1,23.20,0.40,23.0,15.96
2,2025-12-22,-1.6,-12.5,20.9,42.5,0.40,0.00,2.0,0.28
2,2025-12-23,-0.6,-7.2,13.3,25.6,0.10,0.00,1.0,0.14
2,2025-12-24,5.0,0.8,10.7,18.7,2.90,2.90,14.0,0.00
2,2025-12-25,1.1,-3.0,26.0,49.0,6.50,1.00,23.0,3.85
2,2025-12-26,-2.8,-9.9,25.6,49.0,6.20,0.00,20.0,4.34
2,2025-12-27,-5.7,-8.5,27.9,55.4,0.50,0.00,5.0,0.35
2,2025-12-28,-0.9,-5.0,28.8,56.9,0.00,0.00,0.0,0.00
2,2025-12-29,4.4,-3.3,14.4,24.8,8.80,1.30,7.0,5.25
2,2025-12-30,2.0,-5.5,26.6,49.7,5.00,0.40,13.0,3.22
2,2025-12-31,-3.9,-9.5,25.1,47.2,0.00,0.00,0.0,0.00
2,2026-01-01,-4.4,-11.6,28.6,53.3,0.10,0.00,1.0,0.07
2,2026-01-02,-0.7,-4.8,22.0,43.2,0.10,0.00,1.0,0.07
2,2026-01-03,-1.1,-5.6,22.5,42.5,0.20,0.00,2.0,0.14
2,2026-01-04,-2.3,-9.6,22.1,43.2,0.30,0.00,3.0,0.21
2,2026-01-05,-5.4,-12.2,19.0,37.4,0.20,0.00,2.0,0.14
2,2026-01-06,-6.0,-17.2,12.5,24.1,0.00,0.00,0.0,0.00
2,2026-01-07,-1.1,-9.0,19.9,36.7,3.00,0.00,6.0,2.10
2,2026-01-08,-3.2,-9.9,19.5,40.0,0.00,0.00,0.0,0.00
2,2026-01-09,-3.9,-8.0,25.1,49.3,0.00,0.00,0.0,0.00
2,2026-01-10,3.2,-4.3,27.4,50.4,3.80,0.00,8.0,2.66
2,2026-01-11,5.6,-5.5,36.1,66.2,0.40,0.00,2.0,0.28
2,2026-01-12,-4.0,-6.5,39.2,81.4,0.00,0.00,0.0,0.00
2,2026-01-13,-0.1,-9.0,38.1,72.0,10.30,0.10,7.0,7.14
2,2026-01-14,-6.8,-9.1,33.5,62.3,0.00,0.00,0.0,0.00
2,2026-01-15,-2.4,-6.1,37.9,72.4,0.00,0.00,0.0,0.00
2,2026-01-16,-0.9,-8.8,16.6,36.4,0.00,0.00,0.0,0.00
2,2026-01-17,-0.9,-8.5,14.0,25.9,9.70,0.00,17.0,6.79
2,2026-01-18,-3.2,-11.8,20.4,41.0,0.10,0.00,1.0,0.07
2,2026-01-19,-3.1,-9.4,21.6,39.6,3.00,0.00,8.0,2.10
2,2026-01-20,-5.1,-8.2,31.4,61.9,4.70,0.00,7.0,3.29
2,2026-01-21,-3.9,-7.1,23.8,46.1,1.70,0.00,13.0,1.26
2,2026-01-22,-3.9,-10.6,18.3,37.4,0.60,0.00,5.0,0.42
2,2026-01-23,-3.5,-13.7,17.2,32.4,0.00,0.00,0.0,0.00
2,2026-01-24,-3.2,-15.5,17.6,33.1,0.10,0.00,1.0,0.07
2,2026-01-25,-6.4,-13.0,21.7,41.0,1.30,0.10,10.0,0.84
2,2026-01-26,-4.0,-13.4,12.8,25.9,0.10,0.00,1.0,0.07
2,2026-01-27,-3.9,-9.7,20.2,39.6,0.90,0.00,7.0,0.63
2,2026-01-28,-5.8,-14.3,18.6,37.4,2.00,0.10,8.0,1.33
2,2026-01-29,-4.8,-8.5,25.6,48.2,0.00,0.00,0.0,0.00
2,2026-01-30,-1.9,-4.1,26.4,50.4,2.40,0.00,14.0,1.68
2,2026-01-31,-2.1,-5.1,25.8,51.1,1.20,0.00,12.0,0.84
3,2021-01-01,-9.1,-15.4,19.7,40.3,0.00,0.00,0.0,0.00
3,2021-01-02,-6.5,-10.8,32.0,62.6,6.10,0.00,10.0,4.27
3,2021-01-03,-4.6,-13.7,10.2,19.1,0.00,0.00,0.0,0.00
3,2021-01-04,-5.8,-14.3,17.9,35.6,0.10,0.00,1.0,0.07
3,2021-01-05,-6.7,-16.1,11.3,19.1,0.00,0.00,0.0,0.00
3,2021-01-06,-6.8,-13.0,11.8,24.1,0.00,0.00,0.0,0.00
3,2021-01-07,-3.7,-7.0,31.1,58.0,12.80,0.00,23.0,8.96
3,2021-01-08,-3.8,-10.4,35.8,70.2,9.90,0.10,21.0,6.86
3,2021-01-09,-6.2,-14.4,11.1,18.7,0.00,0.00,0.0,0.00
3,2021-01-10,-9.3,-12.8,14.2,26.6,0.00,0.00,0.0,0.00
3,2021-01-11,-7.2,-12.5,14.3,26.6,0.00,0.00,0.0,0.00
3,2021-01-12,-0.3,-8.1,18.4,34.6,0.30,0.00,2.0,0.21
3,2021-01-13,1.5,-6.3,29.6,55.4,3.40,0.10,8.0,2.31
3,2021-01-14,0.6,-6.6,37.0,74.5,6.90,0.00,12.0,4.83
3,2021-01-15,2.0,-9.9,43.3,77.4,5.30,0.10,8.0,3.64
3,2021-01-16,4.6,-8.0,37.8,82.8,2.50,0.90,14.0,1.12
3,2021-01-17,-7.3,-10.4,12.7,28.4,0.40,0.00,4.0,0.35
3,2021-01-18,-5.2,-10.5,15.4,29.5,1.20,0.00,7.0,0.91
3,2021-01-19,-6.0,-12.7,32.1,60.8,7.00,0.10,16.0,4.90
3,2021-01-20,-5.5,-10.7,34.0,64.4,0.40,0.00,4.0,0.28
3,2021-01-21,0.1,-7.0,23.4,42.1,0.20,0.00,2.0,0.14
3,2021-01-22,-3.0,-8.5,32.6,61.6,4.60,0.00,14.0,3.22
3,2021-01-23,-6.3,-12.4,18.6,34.6,0.20,0.00,1.0,0.14
3,2021-01-24,-1.3,-7.9,19.9,37.8,0.00,0.00,0.0,0.00
3,2021-01-25,-3.9,-11.6,23.8,46.1,1.00,0.10,8.0,0.63
3,2021-01-26,-1.0,-11.3,29.5,56.2,1.20,0.10,3.0,0.84
3,2021-01-27,2.5,-5.5,49.2,89.3,2.90,0.10,5.0,1.96
3,2021-01-28,-4.0,-7.2,15.0,37.8,0.00,0.00,0.0,0.00
3,2021-01-29,-2.6,-3.7,15.3,32.8,18.20,0.00,23.0,12.74
3,2021-01-30,-2.2,-6.7,29.2,55.1,6.70,0.10,15.0,4.62
3,2021-01-31,-5.8,-7.7,23.3,45.4,1.20,0.00,8.0,0.98
3,2021-02-01,3.4,-5.9,48.0,88.9,0.60,0.00,2.0,0.42
3,2021-02-02,2.4,-13.2,29.2,58.0,4.30,0.20,12.0,2.87
3,2021-02-03,-10.9,-16.8,24.4,46.4,0.30,0.00,3.0,0.21
3,2021-02-04,-9.6,-13.6,12.5,25.2,0.00,0.00,0.0,0.00
3,2021-02-05,-1.3,-11.1,21.4,39.2,0.20,0.00,2.0,0.14
3,2021-02-06,-0.4,-7.5,13.6,25.2,0.80,0.10,7.0,0.49
3,2021-02-07,-7.3,-13.5,16.3,31.3,1.20,0.00,10.0,0.84
3,2021-02-08,-7.6,-11.3,20.6,39.6,0.00,0.00,0.0,0.00
3,2021-02-09,-5.7,-9.8,15.8,31.3,0.00,0.00,0.0,0.00
3,2021-02-10,-3.9,-8.8,12.2,28.4,1.70,0.00,14.0,1.19
3,2021-02-11,-3.7,-6.8,13.8,37.1,2.40,0.10,13.0,1.61
3,2021-02-12,-4.1,-9.0,14.6,28.4,0.00,0.00,0.0,0.00
3,2021-02-13,2.2,-4.0,10.3,14.8,0.00,0.00,0.0,0.00
3,2021-02-14,5.1,-1.8,11.4,20.9,0.00,0.00,0.0,0.00
3,2021-02-15,5.0,0.7,47.2,92.9,37.30,36.40,21.0,0.63
3,2021-02-16,4.2,-7.2,38.0,69.8,1.10,0.50,6.0,0.42
3,2021-02-17,-2.8,-4.8,27.6,53.3,1.20,0.00,8.0,0.84
3,2021-02-18,-3.0,-4.4,24.9,50.0,8.00,0.00,24.0,5.60
3,2021-02-19,1.9,-3.4,36.7,67.0,0.10,0.00,1.0,0.07
3,2021-02-20,3.9,-4.7,39.4,76.7,1.90,0.90,11.0,0.70
3,2021-02-21,-2.5,-7.5,21.5,46.8,1.90,0.00,8.0,1.33
3,2021-02-22,-1.0,-4.1,20.2,36.4,8.10,0.00,12.0,5.67
3,2021-02-23,-2.8,-8.1,22.8,42.1,7.20,0.20,19.0,4.90
3,2021-02-24,-6.3,-10.6,15.8,31.0,2.60,0.00,11.0,1.82
3,2021-02-25,-6.1,-11.6,14.5,28.8,0.20,0.00,2.0,0.14
3,2021-02-26,-5.6,-9.8,19.1,38.5,1.70,0.00,9.0,1.19
3,2021-02-27,-4.8,-8.7,24.6,47.5,0.10,0.00,1.0,0.14
3,2021-02-28,2.8,-3.0,13.8,27.0,0.00,0.00,0.0,0.00
3,2021-03-01,3.2,-4.2,12.4,26.6,15.30,0.00,19.0,10.71
3,2021-03-02,-3.7,-9.3,32.8,60.8,25.30,0.00,21.0,17.71
3,2021-03-03,-4.0,-11.8,27.1,52.9,0.00,0.00,0.0,0.00
3,2021-03-04,4.1,-3.6,36.7,68.4,0.00,0.00,0.0,0.00
3,2021-03-05,7.4,-2.2,31.1,56.2,2.60,0.20,5.0,1.68
3,2021-03-06,-5.0,-9.4,29.7,56.5,1.50,0.00,9.0,1.05
3,2021-03-07,-4.3,-8.3,15.5,28.1,0.00,0.00,0.0,0.00
3,2021-03-08,-1.0,-6.8,15.4,28.1,0.70,0.00,5.0,0.49
3,2021-03-09,1.7,-1.7,25.6,46.4,0.40,0.00,1.0,0.28
3,2021-03-10,1.8,-3.2,33.4,66.6,9.50,0.00,15.0,6.65
3,2021-03-11,2.7,-2.3,10.1,18.7,2.40,0.10,6.0,1.61
3,2021-03-12,3.6,-4.4,9.0,19.1,0.00,0.00,0.0,0.00
3,2021-03-13,4.3,-2.6,20.0,37.4,0.00,0.00,0.0,0.00
3,2021-03-14,2.7,-1.2,16.6,30.2,3.90,3.10,19.0,0.56
3,2021-03-15,1.3,-2.6,19.6,36.0,2.70,0.10,11.0,1.82
3,2021-03-16,7.8,-3.3,9.7,17.3,0.00,0.00,0.0,0.00
3,2021-03-17,0.3,-1.9,26.3,50.8,7.80,0.00,23.0,5.46
3,2021-03-18,-1.5,-3.0,22.9,45.7,0.10,0.00,1.0,0.07
3,2021-03-19,-1.3,-4.1,21.5,43.2,0.00,0.00,0.0,0.00
3,2021-03-20,-0.9,-3.6,16.7,31.3,1.80,0.00,6.0,1.26
3,2021-03-21,7.0,-1.4,52.8,95.4,18.40,13.80,20.0,3.22
3,2021-03-22,6.4,-2.2,25.7,50.8,0.00,0.00,0.0,0.00
3,2021-03-23,5.0,0.9,32.2,59.0,0.00,0.00,0.0,0.00
3,2021-03-24,9.2,0.6,26.6,53.6,0.00,0.00,0.0,0.00
3,2021-03-25,6.0,-0.4,8.3,16.2,3.50,2.80,11.0,0.49
3,2021-03-26,-0.4,-3.4,25.0,46.1,6.10,0.00,11.0,4.27
3,2021-03-27,5.3,-1.0,26.8,47.9,0.00,0.00,0.0,0.00
3,2021-03-28,8.4,6.4,35.2,65.5,6.70,6.70,13.0,0.00
3,2021-03-29,8.9,3.7,37.4,69.5,0.70,0.70,3.0,0.00
3,2021-03-30,10.0,2.9,17.6,34.9,0.00,0.00,0.0,0.00
3,2021-03-31,6.2,-1.6,9.5,19.8,0.00,0.00,0.0,0.00
3,2021-04-01,3.8,-2.4,9.7,19.8,0.00,0.00,0.0,0.00
3,2021-04-02,8.9,4.0,33.4,63.7,0.00,0.00,0.0,0.00
3,2021-04-03,8.9,2.1,34.7,65.2,6.90,6.90,10.0,0.00
3,2021-04-04,3.0,-0.8,11.4,23.8,7.00,2.30,20.0,3.29
3,2021-04-05,2.8,-6.9,16.1,33.1,0.00,0.00,0.0,0.00
3,2021-04-06,6.7,-4.2,19.6,38.9,0.00,0.00,0.0,0.00
3,2021-04-07,4.5,-3.1,19.9,37.8,0.00,0.00,0.0,0.00
3,2021-04-08,2.2,-4.2,20.2,43.2,0.60,0.20,3.0,0.28
3,2021-04-09,0.8,-1.6,26.3,51.1,7.40,0.00,17.0,5.18
3,2021-04-10,4.4,-4.9,17.8,37.4,0.00,0.00,0.0,0.00
3,2021-04-11,10.8,0.5,16.1,30.6,0.00,0.00,0.0,0.00
3,2021-04-12,15.0,7.6,38.0,73.1,0.00,0.00,0.0,0.00
3,2021-04-13,11.2,4.9,47.7,92.2,3.30,3.30,11.0,0.00
3,2021-04-14,5.8,-1.8,17.7,36.0,0.80,0.30,2.0,0.35
3,2021-04-15,8.1,-0.6,25.2,55.8,0.30,0.00,2.0,0.21
3,2021-04-16,12.9,5.5,33.6,65.9,0.00,0.00,0.0,0.00
3,2021-04-17,12.2,6.1,32.9,65.5,18.90,18.90,18.0,0.00
3,2021-04-18,10.5,3.7,45.1,88.6,16.50,16.50,13.0,0.00
3,2021-04-19,14.0,2.6,23.1,43.6,0.60,0.60,4.0,0.00
3,2021-04-20,17.1,1.9,34.8,68.4,0.20,0.20,1.0,0.00
3,2021-04-21,6.9,0.3,42.0,80.6,17.40,2.20,18.0,10.64
3,2021-04-22,2.3,-0.6,38.3,83.5,0.90,0.00,5.0,0.63
3,2021-04-23,13.1,1.9,17.1,31.0,0.00,0.00,0.0,0.00
3,2021-04-24,16.3,0.5,15.5,32.0,10.00,2.50,11.0,5.25
3,2021-04-25,1.6,-1.1,19.7,39.6,1.60,0.00,5.0,1.12
3,2021-04-26,3.4,-1.8,14.9,35.3,0.10,0.00,1.0,0.07
3,2021-04-27,10.6,1.5,10.7,27.0,0.00,0.00,0.0,0.00
3,2021-04-28,15.1,8.0,26.3,50.8,0.00,0.00,0.0,0.00
3,2021-04-29,14.0,5.8,16.4,34.9,10.90,10.90,10.0,0.00
3,2021-04-30,5.5,1.7,40.3,78.8,38.40,36.30,24.0,1.47
3,2021-05-01,4.4,1.0,29.2,59.4,0.20,0.20,2.0,0.00
3,2021-05-02,3.6,1.8,17.3,35.6,1.20,1.00,7.0,0.14
3,2021-05-03,3.7,1.5,34.8,69.1,11.70,9.50,24.0,1.54
3,2021-05-04,7.8,0.0,25.6,54.0,0.10,0.10,1.0,0.00
3,2021-05-05,14.4,9.0,37.5,73.1,1.90,1.90,5.0,0.00
3,2021-05-06,17.7,11.3,25.9,50.0,0.00,0.00,0.0,0.00
3,2021-05-07,21.8,12.0,32.4,63.7,0.10,0.10,1.0,0.00
3,2021-05-08,18.5,6.3,19.4,44.3,0.40,0.40,4.0,0.00
3,2021-05-09,17.9,3.2,13.9,29.9,6.90,6.90,11.0,0.00
3,2021-05-10,5.3,1.9,31.8,62.6,11.40,10.40,22.0,0.70
3,2021-05-11,2.9,1.5,27.5,55.4,5.00,2.70,14.0,1.61
3,2021-05-12,10.3,3.4,19.5,37.8,0.00,0.00,0.0,0.00
3,2021-05-13,13.0,7.4,26.0,51.8,0.00,0.00,0.0,0.00
3,2021-05-14,12.3,5.8,9.4,25.6,0.00,0.00,0.0,0.00
3,2021-05-15,17.0,9.3,44.0,83.5,0.00,0.00,0.0,0.00
3,2021-05-16,14.0,11.8,41.5,82.8,35.10,35.10,22.0,0.00
3,2021-05-17,9.4,6.4,6.5,22.3,7.10,7.10,10.0,0.00
3,2021-05-18,16.9,9.8,14.0,26.6,0.00,0.00,0.0,0.00
3,2021-05-19,19.9,10.7,19.7,38.9,0.00,0.00,0.0,0.00
3,2021-05-20,20.7,13.7,18.2,34.6,0.00,0.00,0.0,0.00
3,2021-05-21,20.3,11.2,14.4,28.4,0.30,0.30,3.0,0.00
3,2021-05-22,13.8,8.0,9.2,21.2,4.50,4.50,11.0,0.00
3,2021-05-23,9.3,5.3,8.6,20.2,3.60,3.60,18.0,0.00
3,2021-05-24,12.3,4.8,14.7,31.0,4.60,4.60,17.0,0.00
3,2021-05-25,15.5,5.7,18.4,42.5,5.10,5.10,5.0,0.00
3,2021-05-26,13.9,6.1,8.6,37.4,0.60,0.60,2.0,0.00
3,2021-05-27,15.5,9.9,18.9,36.0,8.00,8.00,10.0,0.00
3,2021-05-28,14.0,9.1,23.7,46.4,1.20,1.20,6.0,0.00
3,2021-05-29,11.7,5.4,28.2,57.6,20.80,20.80,7.0,0.00
3,2021-05-30,11.1,4.4,24.2,48.2,8.80,8.80,21.0,0.00
3,2021-05-31,6.5,4.5,33.4,66.6,0.40,0.40,4.0,0.00
3,2021-06-01,14.4,5.2,10.0,23.8,0.00,0.00,0.0,0.00
3,2021-06-02,16.9,10.6,11.5,25.6,0.30,0.30,2.0,0.00
3,2021-06-03,19.1,13.5,28.3,59.0,0.20,0.20,2.0,0.00
3,2021-06-04,17.7,10.9,49.8,98.6,21.30,21.30,16.0,0.00
3,2021-06-05,24.2,16.4,24.2,45.4,0.30,0.30,1.0,0.00
3,2021-06-06,23.6,12.1,22.6,45.7,0.00,0.00,0.0,0.00
3,2021-06-07,17.3,12.3,8.3,34.9,0.20,0.20,1.0,0.00
3,2021-06-08,14.3,5.8,12.9,51.5,2.00,2.00,5.0,0.00
3,2021-06-09,18.2,10.7,8.4,20.2,0.00,0.00,0.0,0.00
3,2021-06-10,22.0,15.1,11.6,23.0,0.00,0.00,0.0,0.00
3,2021-06-11,25.9,19.7,27.4,51.8,0.00,0.00,0.0,0.00
3,2021-06-12,23.1,17.1,34.9,67.0,0.00,0.00,0.0,0.00
3,2021-06-13,24.5,13.4,12.1,27.4,1.00,1.00,3.0,0.00
3,2021-06-14,13.9,9.6,11.9,27.7,1.60,1.60,13.0,0.00
3,2021-06-15,13.3,9.1,10.1,24.5,0.00,0.00,0.0,0.00
3,2021-06-16,16.1,11.2,13.4,30.6,0.00,0.00,0.0,0.00
3,2021-06-17,19.4,10.9,19.5,36.4,0.00,0.00,0.0,0.00
3,2021-06-18,17.1,10.0,14.2,32.4,0.00,0.00,0.0,0.00
3,2021-06-19,13.4,10.7,16.4,36.4,0.10,0.10,1.0,0.00
3,2021-06-20,13.2,9.9,9.0,22.0,12.90,12.90,14.0,0.00
3,2021-06-21,14.1,6.9,11.5,35.6,0.60,0.60,5.0,0.00
3,2021-06-22,17.8,10.5,9.5,22.3,0.00,0.00,0.0,0.00
3,2021-06-23,21.4,12.9,14.0,25.9,0.00,0.00,0.0,0.00
3,2021-06-24,22.5,14.6,16.3,31.3,0.00,0.00,0.0,0.00
3,2021-06-25,22.2,14.4,17.4,32.0,0.30,0.30,3.0,0.00
3,2021-06-26,25.7,14.0,11.8,25.9,0.00,0.00,0.0,0.00
3,2021-06-27,23.6,15.9,9.9,25.6,0.00,0.00,0.0,0.00
3,2021-06-28,19.5,13.8,9.3,23.8,0.00,0.00,0.0,0.00
3,2021-06-29,21.4,14.5,16.7,33.1,0.00,0.00,0.0,0.00
3,2021-06-30,18.4,14.5,14.7,31.0,0.00,0.00,0.0,0.00
3,2021-07-01,21.5,15.3,20.5,44.3,0.00,0.00,0.0,0.00
3,2021-07-02,23.3,13.7,15.8,32.8,0.00,0.00,0.0,0.00
3,2021-07-03,18.5,12.8,9.5,25.6,0.00,0.00,0.0,0.00
3,2021-07-04,22.8,14.8,21.9,42.1,0.00,0.00,0.0,0.00
3,2021-07-05,17.9,14.9,40.5,78.8,9.60,9.60,15.0,0.00
3,2021-07-06,18.5,15.7,30.1,66.2,2.30,2.30,9.0,0.00
3,2021-07-07,16.7,14.5,23.7,45.7,4.00,4.00,15.0,0.00
3,2021-07-08,20.3,14.7,19.9,41.0,0.00,0.00,0.0,0.00
3,2021-07-09,22.7,15.8,16.5,31.7,1.00,1.00,4.0,0.00
3,2021-07-10,22.6,16.6,17.7,35.3,0.10,0.10,1.0,0.00
3,2021-07-11,23.8,17.7,15.5,29.2,0.00,0.00,0.0,0.00
3,2021-07-12,24.0,18.9,13.9,27.0,0.40,0.40,3.0,0.00
3,2021-07-13,24.3,17.3,16.3,31.0,1.70,1.70,8.0,0.00
3,2021-07-14,26.0,17.0,17.4,33.8,0.00,0.00,0.0,0.00
3,2021-07-15,24.3,18.7,11.7,27.7,0.00,0.00,0.0,0.00
3,2021-07-16,24.2,20.4,9.2,22.3,0.00,0.00,0.0,0.00
3,2021-07-17,26.1,19.4,13.2,28.4,0.00,0.00,0.0,0.00
3,2021-07-18,28.8,20.7,12.1,27.0,0.00,0.00,0.0,0.00
3,2021-07-19,26.0,21.0,13.0,30.2,2.60,2.60,8.0,0.00
3,2021-07-20,23.0,18.2,9.5,23.8,0.00,0.00,0.0,0.00
3,2021-07-21,21.1,17.3,10.9,27.0,0.00,0.00,0.0,0.00
3,2021-07-22,25.6,19.5,13.8,26.3,0.00,0.00,0.0,0.00
3,2021-07-23,26.5,21.0,18.4,34.9,0.00,0.00,0.0,0.00
3,2021-07-24,26.6,21.6,14.1,27.0,0.00,0.00,0.0,0.00
3,2021-07-25,27.6,19.0,15.4,29.9,0.00,0.00,0.0,0.00
3,2021-07-26,28.2,19.6,21.0,41.0,0.00,0.00,0.0,0.00
3,2021-07-27,26.9,22.3,13.3,26.6,0.00,0.00,0.0,0.00
3,2021-07-28,31.0,23.1,16.4,32.4,0.00,0.00,0.0,0.00
3,2021-07-29,29.9,21.5,22.4,44.6,0.00,0.00,0.0,0.00
3,2021-07-30,29.5,21.4,20.5,41.0,0.00,0.00,0.0,0.00
3,2021-07-31,27.4,21.3,13.0,30.2,0.50,0.50,3.0,0.00
3,2021-08-01,24.2,20.9,10.7,24.5,16.70,16.70,19.0,0.00
3,2021-08-02,27.0,21.7,15.1,29.2,0.10,0.10,1.0,0.00
3,2021-08-03,27.1,22.5,10.8,25.2,0.00,0.00,0.0,0.00
3,2021-08-04,26.8,21.7,10.2,28.8,9.20,9.20,8.0,0.00
3,2021-08-05,28.7,21.9,7.8,21.2,0.60,0.60,3.0,0.00
3,2021-08-06,29.0,23.7,17.9,34.6,0.20,0.20,1.0,0.00
3,2021-08-07,29.8,22.5,11.8,26.3,0.70,0.70,5.0,0.00
3,2021-08-08,23.5,16.7,28.8,56.9,0.10,0.10,1.0,0.00
3,2021-08-09,19.3,15.3,25.3,58.0,11.70,11.70,17.0,0.00
3,2021-08-10,15.3,13.5,30.3,61.2,66.30,66.30,21.0,0.00
3,2021-08-11,15.5,12.9,26.3,52.9,2.20,2.20,13.0,0.00
3,2021-08-12,16.9,10.7,8.6,22.0,0.10,0.10,1.0,0.00
3,2021-08-13,18.2,13.7,14.1,31.3,0.10,0.10,1.0,0.00
3,2021-08-14,18.0,10.3,13.0,28.8,0.00,0.00,0.0,0.00
3,2021-08-15,18.1,13.6,18.2,34.6,0.00,0.00,0.0,0.00
3,2021-08-16,20.9,14.7,15.3,29.5,0.00,0.00,0.0,0.00
3,2021-08-17,22.1,15.6,14.3,28.1,0.00,0.00,0.0,0.00
3,2021-08-18,18.2,15.7,16.2,33.5,17.20,17.20,19.0,0.00
3,2021-08-19,18.0,13.8,20.0,41.4,1.70,1.70,12.0,0.00
3,2021-08-20,21.1,16.5,5.8,16.2,0.00,0.00,0.0,0.00
3,2021-08-21,22.5,16.4,16.5,32.0,0.00,0.00,0.0,0.00
3,2021-08-22,23.2,16.6,21.3,41.0,1.00,1.00,5.0,0.00
3,2021-08-23,18.6,16.2,18.2,35.3,7.00,7.00,15.0,0.00
3,2021-08-24,20.2,16.4,17.2,34.9,2.40,2.40,3.0,0.00
3,2021-08-25,19.2,17.2,28.8,56.2,9.50,9.50,20.0,0.00
3,2021-08-26,26.6,18.7,15.9,51.8,1.60,1.60,5.0,0.00
3,2021-08-27,24.9,20.3,8.0,20.2,0.00,0.00,0.0,0.00
3,2021-08-28,27.1,17.9,8.1,21.2,0.00,0.00,0.0,0.00
3,2021-08-29,25.5,19.4,8.0,17.3,0.00,0.00,0.0,0.00
3,2021-08-30,26.0,15.8,15.6,34.2,1.40,1.40,4.0,0.00
3,2021-08-31,21.5,16.8,26.1,51.5,23.90,23.90,19.0,0.00
3,2021-09-01,18.7,13.8,13.5,43.6,3.50,3.50,12.0,0.00
3,2021-09-02,19.1,15.6,10.6,24.8,0.10,0.10,1.0,0.00
3,2021-09-03,20.6,16.5,13.2,25.6,0.20,0.20,2.0,0.00
3,2021-09-04,20.8,15.1,12.5,25.6,1.90,1.90,8.0,0.00
3,2021-09-05,18.7,13.3,16.5,35.3,0.40,0.40,3.0,0.00
3,2021-09-06,16.8,11.4,10.9,26.6,0.00,0.00,0.0,0.00
3,2021-09-07,18.7,15.5,15.1,29.2,0.00,0.00,0.0,0.00
3,2021-09-08,20.1,14.3,17.0,33.5,0.00,0.00,0.0,0.00
3,2021-09-09,20.5,15.0,15.5,30.2,1.70,1.70,10.0,0.00
3,2021-09-10,19.5,14.8,7.3,21.6,0.10,0.10,1.0,0.00
3,2021-09-11,22.4,15.5,19.8,38.5,0.00,0.00,0.0,0.00
3,2021-09-12,20.7,13.4,32.0,61.2,13.10,13.10,12.0,0.00
3,2021-09-13,15.5,13.5,39.5,83.5,8.30,8.30,9.0,0.00
3,2021-09-14,15.2,8.7,19.6,43.6,0.20,0.20,1.0,0.00
3,2021-09-15,15.8,9.3,9.7,22.0,0.00,0.00,0.0,0.00
3,2021-09-16,16.8,12.5,16.9,31.7,0.00,0.00,0.0,0.00
3,2021-09-17,18.2,14.1,21.0,41.0,2.80,2.80,5.0,0.00
3,2021-09-18,16.0,13.6,27.0,56.9,28.20,28.20,16.0,0.00
3,2021-09-19,17.3,12.3,16.3,34.9,0.20,0.20,2.0,0.00
3,2021-09-20,17.0,10.9,20.7,44.3,0.30,0.30,2.0,0.00
3,2021-09-21,20.8,15.9,22.4,45.0,0.00,0.00,0.0,0.00
3,2021-09-22,23.8,18.5,24.6,48.2,3.20,3.20,12.0,0.00
3,2021-09-23,20.4,12.3,24.1,47.9,29.70,29.70,19.0,0.00
3,2021-09-24,13.6,11.6,24.5,49.7,4.00,4.00,15.0,0.00
3,2021-09-25,14.8,10.8,23.8,49.7,1.10,1.10,4.0,0.00
3,2021-09-26,17.1,11.8,13.1,25.6,0.00,0.00,0.0,0.00
3,2021-09-27,18.9,12.0,16.2,31.0,0.00,0.00,0.0,0.00
3,2021-09-28,19.4,12.6,20.9,39.6,0.00,0.00,0.0,0.00
3,2021-09-29,19.9,14.8,22.2,43.2,5.90,5.90,6.0,0.00
3,2021-09-30,19.8,15.0,37.9,74.5,9.70,9.70,12.0,0.00
3,2021-10-01,20.8,14.8,16.8,32.8,25.20,25.20,14.0,0.00
3,2021-10-02,15.7,12.2,25.8,53.6,14.70,14.70,17.0,0.00
3,2021-10-03,18.7,11.1,38.0,74.5,0.40,0.40,3.0,0.00
3,2021-10-04,22.5,11.2,26.1,71.6,13.90,13.90,12.0,0.00
3,2021-10-05,13.0,9.5,11.4,28.4,0.90,0.90,5.0,0.00
3,2021-10-06,13.5,7.6,19.5,46.4,4.90,4.90,9.0,0.00
3,2021-10-07,14.7,10.7,16.6,32.0,0.00,0.00,0.0,0.00
3,2021-10-08,15.3,10.4,8.5,18.4,0.00,0.00,0.0,0.00
3,2021-10-09,17.2,12.1,23.0,46.1,0.00,0.00,0.0,0.00
3,2021-10-10,20.0,14.9,39.8,85.7,18.50,18.50,6.0,0.00
3,2021-10-11,15.6,10.5,20.7,45.4,1.60,1.60,5.0,0.00
3,2021-10-12,13.9,8.3,12.9,29.2,0.00,0.00,0.0,0.00
3,2021-10-13,16.9,7.9,16.1,29.9,0.00,0.00,0.0,0.00
3,2021-10-14,17.2,12.1,20.5,38.5,0.10,0.10,1.0,0.00
3,2021-10-15,17.1,8.0,23.1,49.7,4.40,4.40,14.0,0.00
3,2021-10-16,12.2,6.6,32.8,62.3,17.00,17.00,12.0,0.00
3,2021-10-17,7.4,3.7,25.6,54.0,0.40,0.40,4.0,0.00
3,2021-10-18,9.5,3.9,16.1,32.0,0.00,0.00,0.0,0.00
3,2021-10-19,13.0,9.2,24.2,47.9,1.50,1.50,7.0,0.00
3,2021-10-20,12.5,8.1,27.9,51.1,11.20,11.20,21.0,0.00
3,2021-10-21,10.1,6.7,14.1,28.4,18.60,18.60,22.0,0.00
3,2021-10-22,8.6,4.1,12.2,21.2,0.70,0.70,6.0,0.00
3,2021-10-23,9.3,4.9,15.2,31.3,4.90,4.90,10.0,0.00
3,2021-10-24,14.1,6.0,14.3,29.2,0.00,0.00,0.0,0.00
3,2021-10-25,15.5,6.6,12.6,23.0,0.00,0.00,0.0,0.00
3,2021-10-26,16.0,7.7,13.2,24.8,0.00,0.00,0.0,0.00
3,2021-10-27,13.7,10.6,20.2,39.2,0.10,0.10,1.0,0.00
3,2021-10-28,16.3,6.5,37.8,70.6,7.20,7.20,9.0,0.00
3,2021-10-29,8.4,6.9,40.3,80.3,7.20,7.20,21.0,0.00
3,2021-10-30,9.7,3.8,13.0,30.2,0.10,0.10,1.0,0.00
3,2021-10-31,11.6,4.7,11.1,20.2,0.10,0.10,1.0,0.00
3,2021-11-01,9.0,5.4,22.7,45.4,1.30,1.30,4.0,0.00
3,2021-11-02,9.3,5.8,19.1,35.6,0.00,0.00,0.0,0.00
3,2021-11-03,9.8,7.5,14.8,28.4,36.20,36.20,23.0,0.00
3,2021-11-04,9.4,7.9,13.4,25.2,6.20,6.20,23.0,0.00
3,2021-11-05,9.1,3.6,11.6,25.2,0.00,0.00,0.0,0.00
3,2021-11-06,9.4,6.3,18.5,34.2,0.50,0.50,3.0,0.00
3,2021-11-07,10.1,1.0,18.4,42.5,2.20,2.20,5.0,0.00
3,2021-11-08,11.7,7.5,19.5,38.2,0.00,0.00,0.0,0.00
3,2021-11-09,15.0,11.7,45.6,98.3,69.40,69.40,18.0,0.00
3,2021-11-10,15.7,7.3,30.8,71.6,20.10,20.10,5.0,0.00
3,2021-11-11,13.1,7.2,27.3,55.8,2.90,2.90,3.0,0.00
3,2021-11-12,12.5,2.9,17.8,34.2,0.00,0.00,0.0,0.00
3,2021-11-13,8.9,4.6,13.5,31.3,0.00,0.00,0.0,0.00
3,2021-11-14,12.1,6.4,25.2,47.5,3.10,3.10,10.0,0.00
3,2021-11-15,7.3,-0.4,18.4,41.8,4.10,2.50,5.0,1.12
3,2021-11-16,6.0,1.9,19.7,40.3,0.30,0.30,3.0,0.00
3,2021-11-17,5.5,0.4,22.1,44.3,3.50,0.70,6.0,1.96
3,2021-11-18,9.7,4.5,27.7,51.8,1.10,1.10,2.0,0.00
3,2021-11-19,12.8,2.5,33.9,74.9,11.90,4.50,11.0,5.18
3,2021-11-20,3.4,1.7,27.6,60.1,15.00,3.80,24.0,7.84
3,2021-11-21,3.3,-2.9,13.3,27.0,0.90,0.40,4.0,0.35
3,2021-11-22,11.0,4.1,48.0,96.5,58.40,58.40,17.0,0.00
3,2021-11-23,7.4,0.1,21.5,46.8,0.00,0.00,0.0,0.00
3,2021-11-24,5.2,-2.4,23.7,46.4,1.10,0.00,3.0,0.77
3,2021-11-25,4.0,-2.4,11.4,22.0,0.40,0.10,3.0,0.21
3,2021-11-26,3.7,0.7,38.2,78.1,9.80,0.80,11.0,6.30
3,2021-11-27,3.8,1.3,36.7,72.4,29.30,1.80,23.0,19.25
3,2021-11-28,3.1,-2.6,26.4,52.9,0.60,0.20,6.0,0.28
3,2021-11-29,6.9,2.8,21.5,39.6,0.80,0.80,4.0,0.00
3,2021-11-30,12.2,4.1,40.1,77.8,2.40,2.40,7.0,0.00
3,2021-12-01,12.6,-0.5,54.2,109.8,36.30,36.30,9.0,0.00
3,2021-12-02,7.5,-3.1,34.6,65.9,0.00,0.00,0.0,0.00
3,2021-12-03,8.9,2.8,31.7,64.8,5.80,5.80,10.0,0.00
3,2021-12-04,4.2,-2.4,28.6,58.0,5.30,0.20,8.0,3.57
3,2021-12-05,1.5,-2.4,17.6,36.0,0.00,0.00,0.0,0.00
3,2021-12-06,7.5,3.0,16.6,31.7,0.00,0.00,0.0,0.00
3,2021-12-07,6.5,-0.3,13.3,27.4,0.00,0.00,0.0,0.00
3,2021-12-08,3.1,-2.4,15.1,31.7,0.00,0.00,0.0,0.00
3,2021-12-09,4.9,-1.0,10.8,19.4,0.00,0.00,0.0,0.00
3,2021-12-10,8.0,-1.0,13.7,24.1,0.00,0.00,0.0,0.00
3,2021-12-11,4.9,0.4,11.3,22.7,4.00,4.00,7.0,0.00
3,2021-12-12,7.1,-1.0,24.5,48.6,4.00,3.90,5.0,0.07
3,2021-12-13,0.5,-1.5,45.4,96.8,3.50,0.00,11.0,2.52
3,2021-12-14,3.4,-1.7,20.6,41.4,0.00,0.00,0.0,0.00
3,2021-12-15,3.6,-2.7,21.7,41.4,0.50,0.50,4.0,0.00
3,2021-12-16,2.9,-2.3,7.9,18.7,0.40,0.00,3.0,0.28
3,2021-12-17,1.1,-4.5,33.4,65.5,9.00,0.10,21.0,6.30
3,2021-12-18,-4.4,-9.3,31.4,62.3,6.30,0.00,11.0,4.41
3,2021-12-19,-5.3,-9.0,16.6,31.3,0.00,0.00,0.0,0.00
3,2021-12-20,-0.1,-6.4,18.5,36.4,1.30,0.00,3.0,0.91
3,2021-12-21,2.0,-5.2,18.2,37.8,0.40,0.00,4.0,0.28
3,2021-12-22,0.5,-3.5,30.4,59.8,12.80,0.00,19.0,8.96
3,2021-12-23,-1.8,-7.6,24.4,47.2,7.10,0.00,13.0,4.97
3,2021-12-24,-4.9,-11.8,17.7,38.9,2.10,0.00,5.0,1.47
3,2021-12-25,-4.8,-8.9,31.9,63.4,7.10,0.00,12.0,4.97
3,2021-12-26,-5.3,-8.6,34.9,70.2,6.30,0.00,24.0,4.48
3,2021-12-27,-4.8,-6.8,26.4,52.9,9.90,0.00,21.0,6.93
3,2021-12-28,-4.3,-9.6,16.4,32.4,1.00,0.00,3.0,0.70
3,2021-12-29,-0.4,-6.5,16.3,30.2,7.00,0.00,6.0,4.90
3,2021-12-30,-1.8,-7.2,16.1,31.7,2.80,0.10,18.0,1.89
3,2021-12-31,-4.9,-11.6,42.5,80.3,3.80,0.00,8.0,2.66
3,2022-01-01,-6.9,-10.7,22.7,44.3,0.60,0.00,5.0,0.42
3,2022-01-02,-0.3,-8.1,27.7,55.4,7.80,0.00,11.0,5.46
3,2022-01-03,-7.4,-10.2,27.6,59.0,1.50,0.00,5.0,1.05
3,2022-01-04,-4.0,-8.0,51.5,95.0,8.90,0.10,21.0,6.16
3,2022-01-05,-4.1,-5.8,37.5,70.9,6.60,0.00,24.0,4.62
3,2022-01-06,-4.5,-6.9,25.8,47.5,2.10,0.00,18.0,1.47
3,2022-01-07,-5.2,-8.7,16.8,33.1,2.10,0.10,15.0,1.40
3,2022-01-08,-0.7,-6.0,23.8,42.8,2.40,0.00,4.0,1.68
3,2022-01-09,-2.9,-8.6,20.6,38.5,5.00,0.00,16.0,3.50
3,2022-01-10,-3.5,-10.3,12.7,22.3,0.00,0.00,0.0,0.07
3,2022-01-11,1.1,-5.0,67.3,122.8,43.70,0.10,16.0,30.52
3,2022-01-12,1.7,-1.6,60.5,118.1,9.10,0.20,16.0,6.23
3,2022-01-13,-0.9,-1.9,36.4,63.7,17.00,0.00,24.0,11.90
3,2022-01-14,-0.9,-1.7,45.6,83.9,11.50,0.00,23.0,8.05
3,2022-01-15,-1.0,-1.9,38.0,70.2,9.80,0.00,24.0,6.86
3,2022-01-16,-1.5,-5.1,11.4,22.7,4.40,0.00,12.0,3.08
3,2022-01-17,-0.9,-2.6,22.5,39.6,13.60,0.00,24.0,9.52
3,2022-01-18,-1.7,-3.1,30.7,57.6,13.60,0.00,24.0,9.52
3,2022-01-19,-3.0,-7.1,29.6,52.2,2.40,0.00,15.0,1.68
3,2022-01-20,-3.6,-7.1,33.1,59.4,9.30,0.00,23.0,6.51
3,2022-01-21,-3.4,-4.3,35.3,68.0,8.20,0.00,24.0,5.74
3,2022-01-22,-4.1,-6.1,24.6,48.2,6.60,0.00,24.0,4.62
3,2022-01-23,-5.2,-8.7,11.7,21.6,0.40,0.00,3.0,0.28
3,2022-01-24,-5.0,-7.3,20.5,38.2,6.70,0.00,20.0,4.69
3,2022-01-25,-5.2,-9.9,19.1,36.4,2.20,0.00,12.0,1.54
3,2022-01-26,-2.8,-7.6,11.3,20.5,0.40,0.00,4.0,0.28
3,2022-01-27,-4.6,-8.4,17.1,31.7,1.30,0.00,13.0,0.91
3,2022-01-28,-6.2,-11.2,14.4,25.6,0.10,0.00,1.0,0.07
3,2022-01-29,-5.4,-11.8,12.1,22.7,0.10,0.00,1.0,0.07
3,2022-01-30,-8.0,-13.2,15.5,30.2,1.00,0.00,5.0,0.70
3,2022-01-31,-6.3,-12.2,29.3,53.3,2.70,0.00,12.0,1.89
3,2022-02-01,-4.7,-7.2,20.3,36.7,5.60,0.00,16.0,3.92
3,2022-02-02,-4.3,-7.3,20.9,40.7,4.00,0.00,16.0,2.94
3,2022-02-03,-5.4,-9.0,15.1,28.1,0.70,0.00,5.0,0.49
3,2022-02-04,-5.7,-8.9,13.4,24.1,2.20,0.10,15.0,1.47
3,2022-02-05,-5.6,-7.6,21.7,40.3,7.70,0.00,22.0,5.39
3,2022-02-06,-4.3,-6.2,29.3,52.9,8.30,0.00,24.0,5.81
3,2022-02-07,-4.1,-7.2,17.7,37.8,3.50,0.00,17.0,2.45
3,2022-02-08,-2.8,-7.4,14.2,27.0,1.40,0.00,9.0,0.98
3,2022-02-09,-4.3,-9.0,22.2,42.1,0.80,0.00,8.0,0.56
3,2022-02-10,-5.2,-8.7,9.1,15.5,0.00,0.00,0.0,0.00
3,2022-02-11,-4.5,-7.8,9.7,20.2,0.60,0.00,6.0,0.42
3,2022-02-12,-5.0,-9.1,10.4,18.4,0.30,0.00,2.0,0.21
3,2022-02-13,-3.4,-7.9,10.1,18.0,4.00,0.00,15.0,2.87
3,2022-02-14,-3.4,-7.9,18.4,33.1,4.80,0.00,14.0,3.36
3,2022-02-15,-7.5,-11.1,10.2,21.2,0.20,0.00,2.0,0.14
3,2022-02-16,-5.3,-10.2,12.7,24.8,0.00,0.00,0.0,0.00
3,2022-02-17,-5.3,-8.3,14.5,27.7,1.00,0.00,7.0,0.77
3,2022-02-18,-5.6,-9.2,22.8,42.8,0.80,0.10,7.0,0.63
3,2022-02-19,-0.7,-6.3,28.1,52.2,1.80,0.00,4.0,1.26
3,2022-02-20,0.3,-4.5,53.2,94.7,34.20,0.10,24.0,23.87
3,2022-02-21,-4.4,-6.7,60.4,113.8,22.10,0.00,24.0,15.47
3,2022-02-22,-5.5,-8.5,35.4,63.0,4.00,0.00,17.0,2.80
3,2022-02-23,-6.4,-10.1,24.8,48.2,0.90,0.00,7.0,0.63
3,2022-02-24,-4.0,-7.5,11.9,21.2,3.00,0.10,15.0,2.03
3,2022-02-25,-0.9,-6.8,14.9,26.3,0.90,0.00,6.0,0.63
3,2022-02-26,2.9,0.1,26.4,46.8,0.10,0.00,1.0,0.07
3,2022-02-27,1.8,-6.0,22.9,42.5,1.40,0.00,7.0,0.98
3,2022-02-28,-2.1,-4.7,21.4,43.6,0.80,0.00,6.0,0.56
3,2022-03-01,1.7,-6.6,18.5,36.4,2.80,0.00,9.0,1.96
3,2022-03-02,-1.4,-7.7,20.6,36.0,1.30,0.00,6.0,0.91
3,2022-03-03,0.4,-9.0,19.7,36.0,1.40,0.00,6.0,0.98
3,2022-03-04,-1.3,-7.0,12.6,24.1,0.00,0.00,0.0,0.00
3,2022-03-05,1.2,-3.1,33.5,61.9,11.40,0.10,10.0,7.98
3,2022-03-06,-0.9,-4.5,46.5,85.7,17.00,0.10,19.0,11.83
3,2022-03-07,-2.8,-4.5,35.0,64.1,3.80,0.00,14.0,2.66
3,2022-03-08,-1.4,-4.5,8.4,17.3,0.70,0.10,6.0,0.42
3,2022-03-09,0.7,-4.4,15.7,26.3,0.00,0.00,0.0,0.00
3,2022-03-10,4.6,-1.6,9.1,18.0,0.00,0.00,0.0,0.00
3,2022-03-11,5.3,0.3,19.3,34.9,1.30,0.20,3.0,0.77
3,2022-03-12,0.5,-1.7,30.0,55.8,9.50,0.20,18.0,6.51
3,2022-03-13,-0.4,-2.1,9.7,22.0,0.30,0.00,2.0,0.21
3,2022-03-14,-0.3,-2.4,10.1,20.2,0.00,0.00,0.0,0.00
3,2022-03-15,-0.3,-1.4,12.6,24.8,10.20,0.00,24.0,7.21
3,2022-03-16,0.8,-0.9,7.9,13.3,1.90,0.00,9.0,1.33
3,2022-03-17,1.4,-2.0,10.9,20.5,3.60,0.00,11.0,2.59
3,2022-03-18,1.2,-2.3,14.0,24.1,1.90,0.00,5.0,1.33
3,2022-03-19,-1.3,-2.5,38.3,70.2,30.60,0.00,24.0,21.42
3,2022-03-20,-1.7,-5.1,36.9,67.7,5.80,0.00,14.0,4.06
3,2022-03-21,2.3,-4.0,20.8,41.4,1.90,0.00,4.0,1.33
3,2022-03-22,3.3,-3.3,21.3,39.6,0.80,0.00,3.0,0.56
3,2022-03-23,4.8,-0.7,16.8,28.4,0.00,0.00,0.0,0.00
3,2022-03-24,2.7,-3.9,9.7,16.6,0.20,0.20,2.0,0.00
3,2022-03-25,4.2,-0.9,33.7,58.3,0.60,0.60,3.0,0.00
3,2022-03-26,8.0,2.5,35.6,65.5,7.70,7.70,14.0,0.00
3,2022-03-27,7.3,1.2,22.0,40.3,0.00,0.00,0.0,0.00
3,2022-03-28,3.2,-1.6,20.7,38.9,1.30,0.10,4.0,0.84
3,2022-03-29,8.3,2.8,27.7,49.0,0.00,0.00,0.0,0.00
3,2022-03-30,6.4,-3.0,16.7,32.0,0.00,0.00,0.0,0.00
3,2022-03-31,2.5,-2.7,10.2,18.0,3.20,0.00,12.0,2.24
3,2022-04-01,-0.5,-4.5,10.1,20.5,1.30,0.10,6.0,0.84
3,2022-04-02,3.8,0.4,15.8,28.8,0.00,0.00,0.0,0.00
3,2022-04-03,9.8,-0.7,15.5,27.7,0.00,0.00,0.0,0.00
3,2022-04-04,9.5,3.4,21.8,38.2,0.00,0.00,0.0,0.00
3,2022-04-05,10.8,5.4,35.3,62.3,0.00,0.00,0.0,0.00
3,2022-04-06,10.6,-3.4,27.6,50.8,2.10,0.80,3.0,0.91
3,2022-04-07,5.0,-1.1,18.8,33.1,0.60,0.00,5.0,0.42
3,2022-04-08,3.6,-0.8,25.8,44.6,0.20,0.10,2.0,0.07
3,2022-04-09,7.6,2.4,29.1,54.0,0.40,0.40,1.0,0.00
3,2022-04-10,7.5,2.3,22.0,42.8,0.00,0.00,0.0,0.00
3,2022-04-11,11.2,3.9,21.2,38.9,0.50,0.50,2.0,0.00
3,2022-04-12,16.2,0.3,13.9,20.9,5.90,5.20,8.0,0.49
3,2022-04-13,0.5,-2.4,16.2,30.2,2.10,0.00,13.0,1.47
3,2022-04-14,3.9,-2.4,18.6,33.5,0.00,0.00,0.0,0.00
3,2022-04-15,4.2,-1.6,10.7,19.4,0.00,0.00,0.0,0.00
3,2022-04-16,5.9,-2.7,14.4,28.1,0.00,0.00,0.0,0.00
3,2022-04-17,10.6,2.9,21.7,39.6,4.70,4.70,8.0,0.00
3,2022-04-18,10.7,0.8,15.1,28.8,7.30,6.00,11.0,0.91
3,2022-04-19,7.9,0.9,17.9,32.0,0.00,0.00,0.0,0.00
3,2022-04-20,12.3,8.0,28.2,51.8,0.00,0.00,0.0,0.00
3,2022-04-21,15.5,9.8,31.4,57.2,0.00,0.00,0.0,0.00
3,2022-04-22,13.5,7.7,30.9,54.7,1.50,1.50,3.0,0.00
3,2022-04-23,12.9,0.2,28.6,55.4,0.50,0.50,2.0,0.00
3,2022-04-24,12.8,6.2,39.2,72.0,0.00,0.00,0.0,0.00
3,2022-04-25,13.2,2.6,19.5,36.0,0.00,0.00,0.0,0.00
3,2022-04-26,16.6,11.0,35.3,67.7,0.00,0.00,0.0,0.00
3,2022-04-27,19.7,6.1,34.3,68.0,0.90,0.90,2.0,0.00
3,2022-04-28,9.5,3.5,31.7,64.1,0.00,0.00,0.0,0.00
3,2022-04-29,10.2,0.7,18.0,40.7,0.00,0.00,0.0,0.00
3,2022-04-30,9.1,0.6,17.2,39.6,0.00,0.00,0.0,0.00
3,2022-05-01,11.5,4.6,25.0,49.3,43.80,43.80,17.0,0.00
3,2022-05-02,10.1,2.4,18.3,42.8,7.40,7.40,8.0,0.00
3,2022-05-03,7.8,3.3,23.1,42.5,3.60,3.60,12.0,0.00
3,2022-05-04,10.2,1.7,27.9,53.3,8.00,8.00,17.0,0.00
3,2022-05-05,19.1,5.9,26.4,47.5,0.00,0.00,0.0,0.00
3,2022-05-06,24.3,13.5,31.8,59.4,0.00,0.00,0.0,0.00
3,2022-05-07,19.9,7.8,37.1,70.2,10.70,10.70,15.0,0.00
3,2022-05-08,14.0,4.0,19.8,42.8,1.10,1.10,4.0,0.00
3,2022-05-09,15.1,8.4,26.4,52.9,0.20,0.20,1.0,0.00
3,2022-05-10,16.8,6.5,10.3,34.9,0.00,0.00,0.0,0.00
3,2022-05-11,21.8,13.4,19.4,37.8,0.00,0.00,0.0,0.00
3,2022-05-12,20.7,10.3,10.3,21.6,0.40,0.40,1.0,0.00
3,2022-05-13,14.5,9.3,22.9,44.3,6.80,6.80,15.0,0.00
3,2022-05-14,20.3,8.4,29.6,54.7,0.40,0.40,2.0,0.00
3,2022-05-15,17.1,9.1,15.8,45.0,1.70,1.70,2.0,0.00
3,2022-05-16,18.5,9.7,23.9,42.5,0.00,0.00,0.0,0.00
3,2022-05-17,19.2,9.3,30.6,55.8,0.00,0.00,0.0,0.00
3,2022-05-18,20.1,10.4,23.9,42.5,0.00,0.00,0.0,0.00
3,2022-05-19,16.5,12.0,19.4,34.6,0.30,0.30,3.0,0.00
3,2022-05-20,18.1,10.0,11.7,27.0,5.30,5.30,4.0,0.00
3,2022-05-21,22.3,14.3,21.7,39.6,0.30,0.30,1.0,0.00
3,2022-05-22,21.1,12.7,24.3,47.2,0.00,0.00,0.0,0.00
3,2022-05-23,14.5,6.2,14.2,33.8,0.30,0.30,2.0,0.00
3,2022-05-24,15.9,6.8,7.9,21.6,0.00,0.00,0.0,0.00
3,2022-05-25,22.2,11.8,21.9,39.6,0.00,0.00,0.0,0.00
3,2022-05-26,23.0,15.3,31.4,58.3,0.00,0.00,0.0,0.00
3,2022-05-27,21.0,13.2,34.5,66.6,20.90,20.90,14.0,0.00
3,2022-05-28,12.8,7.5,24.8,48.2,30.20,30.20,24.0,0.00
3,2022-05-29,7.7,6.0,28.1,55.4,14.80,14.80,24.0,0.00
3,2022-05-30,10.0,6.0,19.1,38.9,0.80,0.80,6.0,0.00
3,2022-05-31,11.3,7.3,18.9,39.2,8.20,8.20,11.0,0.00
3,2022-06-01,12.7,8.9,12.5,32.8,4.50,4.50,9.0,0.00
3,2022-06-02,11.7,7.1,9.1,23.0,0.00,0.00,0.0,0.00
3,2022-06-03,8.3,6.4,13.3,27.0,2.10,2.10,14.0,0.00
3,2022-06-04,6.9,5.3,19.5,37.8,14.70,14.70,24.0,0.00
3,2022-06-05,6.0,4.1,17.7,36.0,1.90,1.90,10.0,0.00
3,2022-06-06,9.4,4.4,14.1,31.0,0.00,0.00,0.0,0.00
3,2022-06-07,9.4,5.9,14.3,33.8,0.00,0.00,0.0,0.00
3,2022-06-08,12.1,6.1,12.4,28.4,0.00,0.00,0.0,0.00
3,2022-06-09,14.4,8.5,17.3,33.1,0.00,0.00,0.0,0.00
3,2022-06-10,17.8,10.6,21.7,41.4,0.00,0.00,0.0,0.00
3,2022-06-11,16.6,9.8,22.9,45.4,64.60,64.60,14.0,0.00
3,2022-06-12,15.2,8.7,11.5,24.8,10.80,10.80,16.0,0.00
3,2022-06-13,12.6,6.2,11.7,26.3,0.00,0.00,0.0,0.00
3,2022-06-14,17.5,9.5,11.6,27.0,0.00,0.00,0.0,0.00
3,2022-06-15,22.3,13.8,26.0,50.4,4.70,4.70,7.0,0.00
3,2022-06-16,19.7,11.7,17.9,34.9,6.60,6.60,12.0,0.00
3,2022-06-17,16.1,10.6,6.9,17.6,0.90,0.90,3.0,0.00
3,2022-06-18,20.6,15.2,13.4,25.2,0.50,0.50,3.0,0.00
3,2022-06-19,24.7,14.8,11.5,24.1,24.50,24.50,11.0,0.00
3,2022-06-20,14.7,9.1,18.8,34.2,10.20,10.20,21.0,0.00
3,2022-06-21,12.5,8.1,16.5,32.8,1.10,1.10,7.0,0.00
3,2022-06-22,15.1,11.2,16.7,32.0,0.00,0.00,0.0,0.00
3,2022-06-23,18.9,14.1,19.1,36.4,0.00,0.00,0.0,0.00
3,2022-06-24,23.3,17.1,48.4,91.1,11.90,11.90,14.0,0.00
3,2022-06-25,26.4,19.8,23.5,44.3,0.00,0.00,0.0,0.00
3,2022-06-26,28.3,13.7,25.0,49.7,0.30,0.30,2.0,0.00
3,2022-06-27,20.1,12.1,14.6,33.8,20.60,20.60,14.0,0.00
3,2022-06-28,19.5,16.4,18.6,36.7,29.50,29.50,13.0,0.00
3,2022-06-29,17.8,11.0,13.1,27.7,6.50,6.50,10.0,0.00
3,2022-06-30,15.0,9.1,8.7,21.6,0.40,0.40,4.0,0.00
3,2022-07-01,20.0,15.2,10.5,25.2,0.00,0.00,0.0,0.00
3,2022-07-02,22.9,18.6,11.3,25.2,0.00,0.00,0.0,0.00
3,2022-07-03,24.2,19.2,10.8,28.8,0.10,0.10,1.0,0.00
3,2022-07-04,23.3,18.4,10.1,25.6,21.50,21.50,10.0,0.00
3,2022-07-05,19.9,16.4,7.6,19.8,0.00,0.00,0.0,0.00
3,2022-07-06,22.0,16.3,20.2,37.8,0.00,0.00,0.0,0.00
3,2022-07-07,24.4,17.1,20.4,36.4,0.00,0.00,0.0,0.00
3,2022-07-08,25.4,13.9,15.2,29.2,0.00,0.00,0.0,0.00
3,2022-07-09,22.3,17.4,16.6,33.1,0.30,0.30,3.0,0.00
3,2022-07-10,21.8,18.2,15.5,29.9,6.90,6.90,4.0,0.00
3,2022-07-11,24.0,20.1,17.7,35.6,0.10,0.10,1.0,0.00
3,2022-07-12,27.1,19.1,13.2,24.8,0.20,0.20,1.0,0.00
3,2022-07-13,21.4,17.2,10.8,26.3,0.50,0.50,4.0,0.00
3,2022-07-14,21.6,15.8,18.6,36.0,0.10,0.10,1.0,0.00
3,2022-07-15,19.6,14.7,18.8,36.4,0.00,0.00,0.0,0.00
3,2022-07-16,20.0,16.1,23.0,42.5,27.80,27.80,11.0,0.00
3,2022-07-17,22.7,16.4,28.3,53.6,38.50,38.50,15.0,0.00
3,2022-07-18,23.7,16.6,14.1,31.0,0.30,0.30,3.0,0.00
3,2022-07-19,21.1,15.8,10.8,25.2,0.00,0.00,0.0,0.00
3,2022-07-20,15.1,14.0,16.6,33.5,6.90,6.90,23.0,0.00
3,2022-07-21,16.8,14.2,19.7,39.6,2.80,2.80,9.0,0.00
3,2022-07-22,17.6,14.4,8.8,22.7,8.20,8.20,9.0,0.00
3,2022-07-23,18.3,15.1,13.0,34.2,36.70,36.70,21.0,0.00
3,2022-07-24,17.3,15.2,11.0,25.2,1.10,1.10,10.0,0.00
3,2022-07-25,21.0,17.0,7.9,18.0,0.00,0.00,0.0,0.00
3,2022-07-26,22.4,18.7,10.0,23.0,0.00,0.00,0.0,0.00
3,2022-07-27,20.4,16.6,9.0,24.1,20.20,20.20,9.0,0.00
3,2022-07-28,19.4,15.7,10.2,23.0,1.50,1.50,11.0,0.00
3,2022-07-29,23.7,18.6,6.8,16.9,0.00,0.00,0.0,0.00
3,2022-07-30,27.9,21.2,15.9,28.4,0.00,0.00,0.0,0.00
3,2022-07-31,26.5,15.4,20.5,41.0,3.20,3.20,12.0,0.00
3,2022-08-01,19.7,13.8,23.5,46.4,18.20,18.20,9.0,0.00
3,2022-08-02,17.7,15.3,22.1,45.4,3.60,3.60,18.0,0.00
3,2022-08-03,20.2,15.3,21.2,41.8,0.00,0.00,0.0,0.00
3,2022-08-04,20.6,13.9,21.4,40.0,0.00,0.00,0.0,0.00
3,2022-08-05,21.0,14.0,22.9,42.5,0.00,0.00,0.0,0.00
3,2022-08-06,22.1,16.9,19.4,35.6,0.00,0.00,0.0,0.00
3,2022-08-07,24.0,20.3,17.3,32.4,0.00,0.00,0.0,0.00
3,2022-08-08,26.2,22.9,35.3,78.1,32.40,32.40,8.0,0.00
3,2022-08-09,29.3,20.8,10.7,22.0,4.80,4.80,9.0,0.00
3,2022-08-10,25.4,19.1,14.8,29.2,0.30,0.30,1.0,0.00
3,2022-08-11,25.5,20.9,16.9,32.4,30.70,30.70,13.0,0.00
3,2022-08-12,27.8,20.6,13.0,29.5,5.00,5.00,1.0,0.00
3,2022-08-13,25.8,20.1,11.2,25.2,7.30,7.30,15.0,0.00
3,2022-08-14,22.7,18.2,11.3,26.6,4.80,4.80,16.0,0.00
3,2022-08-15,23.7,20.4,34.9,70.2,34.80,34.80,11.0,0.00
3,2022-08-16,24.1,17.0,30.3,56.9,35.90,35.90,24.0,0.00
3,2022-08-17,22.7,18.4,19.3,46.1,0.40,0.40,2.0,0.00
3,2022-08-18,23.9,17.0,20.4,40.0,21.60,21.60,16.0,0.00
3,2022-08-19,22.9,16.0,17.1,33.1,1.90,1.90,7.0,0.00
3,2022-08-20,25.1,17.9,25.4,49.7,12.90,12.90,3.0,0.00
3,2022-08-21,27.2,17.7,8.5,19.4,0.10,0.10,1.0,0.00
3,2022-08-22,26.5,21.0,35.8,67.3,1.00,1.00,6.0,0.00
3,2022-08-23,25.6,18.2,31.8,62.3,1.20,1.20,8.0,0.00
3,2022-08-24,23.4,14.5,14.3,32.8,0.00,0.00,0.0,0.00
3,2022-08-25,23.7,17.7,20.3,37.1,0.60,0.60,3.0,0.00
3,2022-08-26,22.5,18.3,15.1,26.3,0.40,0.40,2.0,0.00
3,2022-08-27,22.4,19.8,13.2,27.0,17.80,17.80,10.0,0.00
3,2022-08-28,22.7,15.3,19.5,37.1,3.20,3.20,8.0,0.00
3,2022-08-29,22.7,17.4,11.6,22.3,0.00,0.00,0.0,0.00
3,2022-08-30,22.8,17.5,7.7,18.7,1.50,1.50,7.0,0.00
3,2022-08-31,21.5,16.9,12.0,25.2,41.40,41.40,20.0,0.00
3,2022-09-01,21.1,16.9,9.8,22.7,0.00,0.00,0.0,0.00
3,2022-09-02,23.1,14.5,17.8,36.0,0.20,0.20,2.0,0.00
3,2022-09-03,21.1,14.5,12.3,25.9,0.00,0.00,0.0,0.00
3,2022-09-04,21.2,15.9,13.8,29.5,0.00,0.00,0.0,0.00
3,2022-09-05,22.4,18.7,21.0,40.0,0.20,0.20,2.0,0.00
3,2022-09-06,24.0,20.4,45.6,86.8,0.20,0.20,2.0,0.00
3,2022-09-07,27.7,15.6,14.8,41.8,0.00,0.00,0.0,0.00
3,2022-09-08,24.2,17.0,13.2,23.8,0.00,0.00,0.0,0.00
3,2022-09-09,24.1,15.9,13.4,27.4,0.10,0.10,1.0,0.00
3,2022-09-10,18.8,12.4,11.8,27.7,0.00,0.00,0.0,0.00
3,2022-09-11,23.5,14.3,16.4,28.4,0.00,0.00,0.0,0.00
3,2022-09-12,24.0,18.3,19.9,36.4,0.00,0.00,0.0,0.00
3,2022-09-13,24.3,13.2,36.8,74.5,12.60,12.60,11.0,0.00
3,2022-09-14,14.7,9.2,36.9,77.4,2.10,2.10,10.0,0.00
3,2022-09-15,19.0,12.6,5.7,14.8,0.00,0.00,0.0,0.00
3,2022-09-16,20.3,15.9,17.4,34.9,0.20,0.20,2.0,0.00
3,2022-09-17,23.2,18.8,20.1,39.2,6.30,6.30,6.0,0.00
3,2022-09-18,25.8,19.6,15.7,29.9,4.30,4.30,12.0,0.00
3,2022-09-19,24.5,15.2,35.3,67.0,32.00,32.00,16.0,0.00
3,2022-09-20,15.0,11.8,29.8,57.6,13.30,13.30,3.0,0.00
3,2022-09-21,16.1,9.6,12.0,25.9,0.00,0.00,0.0,0.00
3,2022-09-22,19.8,12.5,13.7,28.8,0.00,0.00,0.0,0.00
3,2022-09-23,21.9,16.4,30.3,60.1,24.50,24.50,22.0,0.00
3,2022-09-24,22.8,13.8,30.5,57.2,7.40,7.40,11.0,0.00
3,2022-09-25,20.8,13.6,15.1,34.9,0.00,0.00,0.0,0.00
3,2022-09-26,20.1,12.9,9.7,23.0,0.00,0.00,0.0,0.00
3,2022-09-27,20.7,13.1,7.9,15.1,0.00,0.00,0.0,0.00
3,2022-09-28,20.9,13.0,14.7,27.7,0.00,0.00,0.0,0.00
3,2022-09-29,19.1,12.2,21.6,44.3,0.50,0.50,4.0,0.00
3,2022-09-30,23.1,14.6,22.9,43.6,0.00,0.00,0.0,0.00
3,2022-10-01,26.6,13.3,20.4,39.6,1.60,1.60,6.0,0.00
3,2022-10-02,15.2,11.4,19.3,40.0,0.00,0.00,0.0,0.00
3,2022-10-03,19.5,16.2,31.3,58.7,2.80,2.80,3.0,0.00
3,2022-10-04,19.6,9.5,36.9,69.5,31.50,31.50,24.0,0.00
3,2022-10-05,10.9,5.8,24.8,53.6,0.60,0.60,5.0,0.00
3,2022-10-06,11.5,4.9,16.0,34.9,0.40,0.40,2.0,0.00
3,2022-10-07,11.6,9.0,11.3,24.1,6.40,6.40,9.0,0.00
3,2022-10-08,10.8,7.2,10.3,23.0,6.00,6.00,15.0,0.00
3,2022-10-09,13.2,10.4,28.8,54.4,0.50,0.50,2.0,0.00
3,2022-10-10,15.8,12.3,47.0,87.8,34.90,34.90,22.0,0.00
3,2022-10-11,17.8,10.8,26.2,49.7,1.50,1.50,2.0,0.00
3,2022-10-12,15.0,7.6,21.8,42.8,0.00,0.00,0.0,0.00
3,2022-10-13,16.4,11.1,19.4,36.7,0.00,0.00,0.0,0.00
3,2022-10-14,18.7,13.1,14.7,33.8,0.00,0.00,0.0,0.00
3,2022-10-15,18.0,9.3,9.4,21.2,0.00,0.00,0.0,0.00
3,2022-10-16,17.5,13.7,24.5,46.1,0.40,0.40,2.0,0.00
3,2022-10-17,19.6,6.7,21.5,44.3,13.10,13.10,17.0,0.00
3,2022-10-18,9.5,6.0,19.3,41.0,0.90,0.90,6.0,0.00
3,2022-10-19,11.2,7.1,18.9,38.9,0.20,0.20,2.0,0.00
3,2022-10-20,14.6,8.5,16.3,32.4,0.00,0.00,0.0,0.00
3,2022-10-21,16.9,11.9,18.9,36.7,0.00,0.00,0.0,0.00
3,2022-10-22,19.7,8.9,20.5,41.8,5.10,5.10,4.0,0.00
3,2022-10-23,10.5,6.3,19.1,38.9,4.90,4.90,20.0,0.00
3,2022-10-24,7.5,5.3,21.5,43.6,5.50,5.50,18.0,0.00
3,2022-10-25,8.7,2.7,13.7,36.0,0.00,0.00,0.0,0.00
3,2022-10-26,11.0,1.7,13.4,22.3,0.00,0.00,0.0,0.00
3,2022-10-27,11.4,7.6,15.3,28.1,0.00,0.00,0.0,0.00
3,2022-10-28,13.4,8.6,19.0,36.7,0.00,0.00,0.0,0.00
3,2022-10-29,12.0,6.6,10.4,22.3,11.60,11.60,12.0,0.00
3,2022-10-30,10.8,8.5,25.3,51.5,10.50,10.50,17.0,0.00
3,2022-10-31,10.9,5.8,14.8,31.3,0.00,0.00,0.0,0.00
3,2022-11-01,12.5,9.6,23.6,46.4,7.80,7.80,5.0,0.00
3,2022-11-02,11.8,4.8,17.6,39.6,0.00,0.00,0.0,0.00
3,2022-11-03,12.3,1.4,20.4,39.6,0.10,0.10,1.0,0.00
3,2022-11-04,6.8,1.9,23.7,50.4,1.90,0.80,3.0,0.77
3,2022-11-05,8.4,0.4,17.3,33.8,0.10,0.10,1.0,0.00
3,2022-11-06,8.6,1.1,17.9,37.4,0.00,0.00,0.0,0.00
3,2022-11-07,8.4,2.2,10.0,19.1,0.00,0.00,0.0,0.00
3,2022-11-08,11.2,3.4,13.8,27.0,4.20,4.20,6.0,0.00
3,2022-11-09,10.3,4.5,26.8,50.4,0.00,0.00,0.0,0.00
3,2022-11-10,10.7,2.2,27.0,52.2,0.50,0.50,1.0,0.00
3,2022-11-11,8.9,2.3,20.2,39.6,0.00,0.00,0.0,0.00
3,2022-11-12,13.7,9.5,20.3,39.6,0.00,0.00,0.0,0.00
3,2022-11-13,15.9,3.5,40.3,81.7,14.80,11.40,18.0,2.38
3,2022-11-14,4.3,0.5,36.9,77.0,2.60,1.10,8.0,1.05
3,2022-11-15,6.8,0.8,17.7,35.3,0.30,0.30,3.0,0.00
3,2022-11-16,6.2,2.1,11.8,25.9,5.90,3.90,21.0,1.40
3,2022-11-17,3.9,1.6,20.9,43.2,21.70,2.90,22.0,13.16
3,2022-11-18,3.7,-2.6,12.0,32.8,0.00,0.00,0.0,0.00
3,2022-11-19,5.7,-1.6,10.5,20.5,0.80,0.80,4.0,0.00
3,2022-11-20,9.7,5.1,24.5,46.8,0.20,0.20,1.0,0.00
3,2022-11-21,11.3,4.4,29.2,56.2,16.40,16.40,14.0,0.00
3,2022-11-22,4.9,-1.4,25.0,50.4,4.70,1.50,9.0,2.24
3,2022-11-23,6.1,1.1,8.9,18.4,2.10,2.10,5.0,0.00
3,2022-11-24,6.0,2.9,15.7,32.8,12.60,12.40,20.0,0.14
3,2022-11-25,10.8,1.0,42.2,79.6,0.90,0.80,4.0,0.07
3,2022-11-26,14.2,1.8,32.2,65.9,6.30,2.20,9.0,2.87
3,2022-11-27,2.7,-0.9,27.0,53.6,6.40,0.10,12.0,4.41
3,2022-11-28,9.0,2.0,30.4,58.0,0.90,0.90,5.0,0.00
3,2022-11-29,13.3,2.5,36.9,69.1,13.70,13.70,15.0,0.00
3,2022-11-30,3.6,-4.2,25.4,49.0,6.00,0.00,9.0,4.20
3,2022-12-01,-1.7,-5.3,20.0,40.7,0.10,0.00,1.0,0.07
3,2022-12-02,-0.6,-3.8,19.5,39.6,0.40,0.00,2.0,0.28
3,2022-12-03,4.3,-0.6,21.7,42.5,1.40,0.30,8.0,0.77
3,2022-12-04,0.6,-6.6,29.4,60.1,4.40,0.10,6.0,3.08
3,2022-12-05,-1.8,-6.0,20.2,41.0,0.00,0.00,0.0,0.00
3,2022-12-06,2.5,-2.6,18.7,36.0,0.00,0.00,0.0,0.00
3,2022-12-07,3.8,-2.6,19.5,40.7,2.20,0.00,6.0,1.54
3,2022-12-08,0.4,-4.4,21.0,43.2,7.60,0.00,11.0,5.39
3,2022-12-09,1.2,-4.0,17.3,35.3,0.00,0.00,0.0,0.00
3,2022-12-10,2.5,-4.0,9.0,18.0,1.20,0.00,2.0,0.84
3,2022-12-11,1.4,-3.6,23.3,47.9,5.10,0.00,18.0,3.57
3,2022-12-12,2.4,-6.0,18.8,37.4,0.40,0.00,4.0,0.35
3,2022-12-13,7.3,-1.6,32.0,64.1,8.90,7.40,15.0,1.05
3,2022-12-14,-0.1,-7.3,30.8,60.1,2.50,0.00,6.0,1.75
3,2022-12-15,-2.1,-8.5,28.2,56.5,0.10,0.00,1.0,0.07
3,2022-12-16,-3.6,-6.3,23.9,50.0,0.00,0.00,0.0,0.00
3,2022-12-17,-1.2,-4.7,22.9,43.9,5.20,0.00,8.0,3.64
3,2022-12-18,-0.6,-7.8,32.4,67.0,0.20,0.00,1.0,0.14
3,2022-12-19,-4.9,-7.2,25.4,51.5,0.70,0.00,5.0,0.49
3,2022-12-20,-1.8,-6.8,20.3,42.1,0.00,0.00,0.0,0.00
3,2022-12-21,-0.4,-5.2,13.6,41.4,0.00,0.00,0.0,0.00
3,2022-12-22,2.6,-0.4,30.0,67.3,52.00,1.20,18.0,35.56
3,2022-12-23,2.4,1.0,34.3,63.0,9.40,2.60,17.0,4.76
3,2022-12-24,1.5,0.5,42.3,76.3,23.20,0.20,24.0,16.10
3,2022-12-25,1.8,0.6,41.2,78.1,14.90,3.20,24.0,8.19
3,2022-12-26,2.0,0.0,30.3,56.5,17.10,2.40,24.0,10.29
3,2022-12-27,0.8,-2.7,25.8,46.1,9.30,0.00,21.0,6.51
3,2022-12-28,0.8,-4.8,14.7,27.4,1.60,0.00,6.0,1.12
3,2022-12-29,-1.9,-4.8,34.4,66.2,7.90,0.00,16.0,5.53
3,2022-12-30,-3.4,-5.3,19.8,42.1,3.50,0.00,15.0,2.45
3,2022-12-31,-2.0,-4.9,10.8,20.2,0.00,0.00,0.0,0.00
3,2023-01-01,0.1,-9.4,21.9,42.1,2.80,0.00,8.0,1.96
3,2023-01-02,-8.0,-11.2,23.8,45.0,0.10,0.00,1.0,0.07
3,2023-01-03,-8.8,-10.8,19.7,38.5,0.00,0.00,0.0,0.00
3,2023-01-04,-7.7,-9.7,22.7,43.6,0.90,0.00,4.0,0.63
3,2023-01-05,-4.1,-6.8,31.9,59.8,6.40,0.10,19.0,4.41
3,2023-01-06,-2.6,-7.5,26.6,49.0,1.90,0.00,9.0,1.33
3,2023-01-07,-4.4,-8.1,11.5,20.9,1.10,0.00,7.0,0.77
3,2023-01-08,-4.8,-9.8,13.8,24.5,0.00,0.00,0.0,0.00
3,2023-01-09,-1.2,-5.5,29.2,53.6,6.00,0.00,12.0,4.20
3,2023-01-10,-4.9,-7.3,31.5,59.8,5.30,0.10,22.0,3.64
3,2023-01-11,-2.3,-6.5,12.1,22.0,0.30,0.00,3.0,0.21
3,2023-01-12,2.9,-4.7,10.0,18.0,0.00,0.00,0.0,0.00
3,2023-01-13,5.2,-0.7,21.0,38.9,1.10,0.30,5.0,0.56
3,2023-01-14,-0.6,-8.4,26.5,49.3,4.20,0.00,23.0,2.94
3,2023-01-15,-7.4,-10.8,18.1,35.3,1.60,0.00,4.0,1.12
3,2023-01-16,-4.9,-10.6,22.8,42.5,7.80,0.00,19.0,5.46
3,2023-01-17,-8.2,-12.0,16.3,29.2,0.00,0.00,0.0,0.00
3,2023-01-18,-5.7,-8.8,25.2,45.4,2.10,0.00,12.0,1.47
3,2023-01-19,-5.1,-11.7,25.0,45.0,1.60,0.00,10.0,1.12
3,2023-01-20,-2.3,-7.9,29.3,52.6,4.30,0.00,12.0,3.01
3,2023-01-21,-7.0,-11.4,26.3,55.1,2.50,0.00,12.0,1.75
3,2023-01-22,-7.9,-12.3,24.9,45.7,0.60,0.00,5.0,0.42
3,2023-01-23,-6.0,-10.3,24.7,47.2,7.50,0.00,10.0,5.25
3,2023-01-24,-4.0,-12.8,36.9,70.6,3.30,0.00,13.0,2.31
3,2023-01-25,-9.8,-13.8,39.6,72.0,0.00,0.00,0.0,0.00
3,2023-01-26,-6.6,-9.3,34.6,62.6,6.30,0.00,13.0,4.41
3,2023-01-27,-5.1,-12.1,21.0,41.0,1.60,0.00,5.0,1.12
3,2023-01-28,-5.6,-11.2,26.1,50.8,1.40,0.00,3.0,0.98
3,2023-01-29,-6.8,-13.7,29.2,54.4,3.40,0.00,10.0,2.38
3,2023-01-30,-7.3,-10.6,18.5,32.0,0.20,0.00,2.0,0.14
3,2023-01-31,-6.1,-11.8,15.3,29.9,0.90,0.00,4.0,0.63
3,2023-02-01,-3.1,-7.2,45.9,81.4,16.90,0.00,15.0,11.83
3,2023-02-02,-5.6,-9.8,38.3,74.9,10.80,0.00,21.0,7.56
3,2023-02-03,-8.0,-11.8,15.5,29.9,0.40,0.00,4.0,0.28
3,2023-02-04,-5.7,-10.0,15.0,24.8,0.00,0.00,0.0,0.00
3,2023-02-05,-4.9,-9.9,16.3,29.5,0.30,0.00,3.0,0.21
3,2023-02-06,-4.1,-11.1,8.9,19.1,0.40,0.00,4.0,0.28
3,2023-02-07,-4.3,-10.3,8.5,14.4,0.20,0.00,2.0,0.14
3,2023-02-08,-4.1,-10.1,15.9,28.1,1.80,0.00,8.0,1.33
3,2023-02-09,-8.0,-12.6,25.5,46.8,1.60,0.00,10.0,1.12
3,2023-02-10,-6.7,-11.5,13.4,23.8,0.00,0.00,0.0,0.00
3,2023-02-11,-2.9,-5.4,20.4,35.3,0.00,0.00,0.0,0.00
3,2023-02-12,0.0,-6.4,19.3,34.9,1.30,0.00,6.0,0.91
3,2023-02-13,-5.4,-10.3,9.8,16.2,0.00,0.00,0.0,0.00
3,2023-02-14,-7.0,-12.7,24.6,45.0,1.90,0.00,18.0,1.33
3,2023-02-15,-10.4,-13.0,24.0,44.3,0.40,0.00,4.0,0.28
3,2023-02-16,-6.5,-10.1,14.2,26.6,1.50,0.00,14.0,1.05
3,2023-02-17,-1.6,-8.1,16.9,29.5,0.00,0.00,0.0,0.00
3,2023-02-18,1.8,-7.2,14.1,25.2,0.00,0.00,0.0,0.00
3,2023-02-19,-1.4,-4.8,18.4,33.8,5.00,0.00,14.0,3.50
3,2023-02-20,-3.8,-11.1,25.4,46.4,9.00,0.00,21.0,6.30
3,2023-02-21,-8.8,-11.2,23.7,44.3,1.30,0.00,8.0,0.91
3,2023-02-22,-4.8,-9.3,15.5,27.7,0.30,0.00,3.0,0.21
3,2023-02-23,-0.4,-7.5,17.0,31.0,0.90,0.00,6.0,0.63
3,2023-02-24,-0.3,-7.6,16.3,28.1,0.00,0.00,0.0,0.00
3,2023-02-25,-1.0,-10.1,15.0,27.0,3.00,0.00,7.0,2.10
3,2023-02-26,-6.1,-11.6,30.5,56.2,1.60,0.00,11.0,1.12
3,2023-02-27,1.5,-7.9,15.1,27.4,0.00,0.00,0.0,0.00
3,2023-02-28,5.8,0.1,28.4,50.4,0.00,0.00,0.0,0.00
3,2023-03-01,2.9,-3.8,16.2,33.8,5.20,0.20,13.0,3.57
3,2023-03-02,-2.6,-6.5,20.1,36.7,3.80,0.00,14.0,2.66
3,2023-03-03,-0.1,-6.6,10.4,19.1,0.00,0.00,0.0,0.00
3,2023-03-04,-2.4,-7.6,12.8,23.0,0.00,0.00,0.0,0.00
3,2023-03-05,3.5,-2.7,13.7,23.8,0.00,0.00,0.0,0.00
3,2023-03-06,7.4,0.9,8.3,13.7,0.00,0.00,0.0,0.00
3,2023-03-07,8.8,-0.3,23.9,41.0,0.00,0.00,0.0,0.00
3,2023-03-08,7.6,-4.4,32.4,57.6,5.00,1.40,11.0,2.52
3,2023-03-09,1.9,-4.1,27.2,51.5,8.20,8.10,6.0,0.07
3,2023-03-10,4.8,-1.5,37.0,65.9,8.20,6.90,23.0,0.91
3,2023-03-11,0.1,-4.6,16.8,30.2,0.40,0.00,4.0,0.28
3,2023-03-12,4.9,0.4,26.9,50.0,0.30,0.30,3.0,0.00
3,2023-03-13,7.1,-1.9,35.3,65.2,9.00,8.00,16.0,0.70
3,2023-03-14,1.2,-5.9,13.1,33.1,0.00,0.00,0.0,0.00
3,2023-03-15,3.8,-2.1,25.6,46.4,0.00,0.00,0.0,0.00
3,2023-03-16,5.6,-1.3,38.0,68.4,1.60,1.30,6.0,0.21
3,2023-03-17,2.9,-3.8,17.3,30.2,0.30,0.00,2.0,0.21
3,2023-03-18,3.5,-3.2,15.4,29.9,0.00,0.00,0.0,0.00
3,2023-03-19,4.5,0.4,17.4,33.1,0.00,0.00,0.0,0.00
3,2023-03-20,11.3,-0.7,11.5,23.0,0.00,0.00,0.0,0.00
3,2023-03-21,10.8,0.0,13.4,24.5,0.00,0.00,0.0,0.00
3,2023-03-22,11.6,3.4,22.3,40.3,0.00,0.00,0.0,0.00
3,2023-03-23,9.9,1.9,43.2,77.4,10.80,10.80,9.0,0.00
3,2023-03-24,1.3,-3.0,30.1,55.1,5.20,3.10,13.0,1.47
3,2023-03-25,3.2,-1.0,20.3,36.0,0.00,0.00,0.0,0.00
3,2023-03-26,5.1,-0.1,16.9,31.3,24.00,1.70,14.0,15.61
3,2023-03-27,3.0,-2.2,33.1,55.1,4.50,0.20,4.0,3.01
3,2023-03-28,6.0,-2.0,17.4,30.6,0.00,0.00,0.0,0.00
3,2023-03-29,7.7,-1.6,15.8,27.0,0.00,0.00,0.0,0.00
3,2023-03-30,8.1,4.1,27.8,50.0,0.00,0.00,0.0,0.00
3,2023-03-31,8.8,-0.5,20.8,38.2,8.20,5.80,15.0,1.68
3,2023-04-01,1.2,-0.5,25.4,46.4,3.30,0.60,17.0,1.89
3,2023-04-02,0.3,-3.2,14.8,28.1,0.90,0.00,7.0,0.63
3,2023-04-03,5.0,-2.2,12.3,17.3,0.00,0.00,0.0,0.00
3,2023-04-04,11.5,4.1,12.8,23.8,0.00,0.00,0.0,0.00
3,2023-04-05,9.4,4.4,11.7,21.2,0.00,0.00,0.0,0.00
3,2023-04-06,12.3,7.5,33.5,60.8,0.30,0.30,3.0,0.00
3,2023-04-07,13.5,1.4,23.6,50.8,30.30,30.30,22.0,0.00
3,2023-04-08,4.8,0.1,21.9,42.1,0.90,0.70,7.0,0.14
3,2023-04-09,7.0,-0.2,23.2,47.2,1.20,0.10,4.0,0.77
3,2023-04-10,13.8,3.9,17.3,34.2,0.00,0.00,0.0,0.00
3,2023-04-11,17.3,11.1,28.8,54.0,3.40,3.40,3.0,0.00
3,2023-04-12,14.3,2.8,32.8,65.9,1.10,1.10,3.0,0.00
3,2023-04-13,9.7,3.3,22.9,51.1,0.50,0.50,2.0,0.00
3,2023-04-14,11.2,-0.5,16.9,36.4,0.50,0.50,3.0,0.00
3,2023-04-15,12.3,2.7,23.3,45.7,9.50,9.50,9.0,0.00
3,2023-04-16,5.7,0.8,28.7,55.1,18.30,15.90,18.0,1.68
3,2023-04-17,4.1,0.6,38.4,75.6,5.70,0.00,16.0,3.99
3,2023-04-18,8.0,2.0,10.6,26.6,0.00,0.00,0.0,0.00
3,2023-04-19,11.3,3.4,11.3,24.5,0.10,0.10,1.0,0.00
3,2023-04-20,14.6,5.8,35.1,68.8,1.30,1.30,4.0,0.00
3,2023-04-21,11.9,2.8,32.8,68.4,5.30,1.30,7.0,2.80
3,2023-04-22,6.6,2.7,35.6,69.5,1.60,1.10,6.0,0.35
3,2023-04-23,7.6,1.3,18.4,35.6,10.30,4.30,20.0,4.20
3,2023-04-24,8.3,3.1,18.4,37.4,0.80,0.50,2.0,0.21
3,2023-04-25,11.6,4.6,27.6,61.9,0.60,0.60,2.0,0.00
3,2023-04-26,9.9,3.1,37.4,72.4,32.20,32.20,24.0,0.00
3,2023-04-27,9.2,3.4,33.1,65.9,0.00,0.00,0.0,0.00
3,2023-04-28,9.5,5.2,22.3,44.3,0.10,0.10,1.0,0.00
3,2023-04-29,16.0,8.7,25.8,49.7,15.80,15.80,8.0,0.00
3,2023-04-30,18.4,8.9,24.0,46.1,3.60,3.60,7.0,0.00
3,2023-05-01,15.7,2.6,15.3,30.6,0.40,0.40,2.0,0.00
3,2023-05-02,16.2,4.9,19.8,36.0,0.00,0.00,0.0,0.00
3,2023-05-03,20.0,9.1,9.9,23.4,0.00,0.00,0.0,0.00
3,2023-05-04,22.4,11.1,19.5,38.2,0.00,0.00,0.0,0.00
3,2023-05-05,14.8,5.7,12.8,25.6,4.10,4.10,8.0,0.00
3,2023-05-06,6.8,0.9,13.9,29.9,0.20,0.20,1.0,0.00
3,2023-05-07,8.5,2.4,8.7,25.2,0.00,0.00,0.0,0.00
3,2023-05-08,12.2,0.0,13.7,27.0,2.10,2.10,11.0,0.00
3,2023-05-09,15.8,7.2,27.8,55.1,0.70,0.70,5.0,0.00
3,2023-05-10,12.2,3.6,14.8,34.9,3.90,3.90,13.0,0.00
3,2023-05-11,6.4,3.0,18.6,40.7,2.40,2.00,9.0,0.28
3,2023-05-12,11.3,4.7,12.6,25.2,0.00,0.00,0.0,0.00
3,2023-05-13,18.2,8.7,20.5,37.8,0.00,0.00,0.0,0.00
3,2023-05-14,18.4,12.2,33.8,63.4,0.00,0.00,0.0,0.00
3,2023-05-15,17.8,10.4,24.3,47.5,0.00,0.00,0.0,0.00
3,2023-05-16,17.3,8.1,25.5,48.6,0.00,0.00,0.0,0.00
3,2023-05-17,17.9,10.5,11.9,26.6,0.00,0.00,0.0,0.00
3,2023-05-18,21.9,8.1,17.2,35.3,0.20,0.20,1.0,0.00
3,2023-05-19,10.1,6.2,8.5,20.5,0.00,0.00,0.0,0.00
3,2023-05-20,14.0,7.7,21.8,41.0,0.00,0.00,0.0,0.00
3,2023-05-21,13.6,7.9,39.8,72.7,17.60,17.60,9.0,0.00
3,2023-05-22,15.4,5.1,14.2,30.6,1.70,1.70,7.0,0.00
3,2023-05-23,8.0,2.9,16.1,33.1,0.00,0.00,0.0,0.00
3,2023-05-24,17.1,5.1,16.3,35.6,0.00,0.00,0.0,0.00
3,2023-05-25,24.8,13.2,11.5,22.7,0.00,0.00,0.0,0.00
3,2023-05-26,24.4,13.3,28.9,50.8,0.80,0.80,3.0,0.00
3,2023-05-27,21.8,16.5,22.2,43.9,0.40,0.40,3.0,0.00
3,2023-05-28,23.4,11.2,23.7,45.4,2.00,2.00,8.0,0.00
3,2023-05-29,11.2,7.3,19.7,40.0,1.70,1.70,6.0,0.00
3,2023-05-30,13.2,5.8,20.6,42.8,0.10,0.10,1.0,0.00
3,2023-05-31,17.9,10.7,14.4,31.3,0.00,0.00,0.0,0.00
3,2023-06-01,23.0,15.2,25.2,46.1,0.90,0.90,2.0,0.00
3,2023-06-02,22.4,8.9,25.7,49.7,28.20,28.20,13.0,0.00
3,2023-06-03,9.9,6.6,25.0,49.0,14.20,14.20,20.0,0.00
3,2023-06-04,16.4,7.9,26.2,49.7,4.00,4.00,4.0,0.00
3,2023-06-05,15.8,7.4,11.5,28.1,0.30,0.30,2.0,0.00
3,2023-06-06,21.0,12.5,14.6,29.9,2.60,2.60,4.0,0.00
3,2023-06-07,21.6,12.8,13.8,28.8,5.80,5.80,6.0,0.00
3,2023-06-08,17.3,12.4,9.5,22.7,0.00,0.00,0.0,0.00
3,2023-06-09,18.6,10.5,14.9,30.6,1.80,1.80,6.0,0.00
3,2023-06-10,17.7,11.5,18.1,35.6,1.60,1.60,4.0,0.00
3,2023-06-11,20.0,13.8,18.1,32.8,0.00,0.00,0.0,0.00
3,2023-06-12,22.4,15.8,18.8,33.8,0.60,0.60,3.0,0.00
3,2023-06-13,20.5,13.5,17.2,34.2,3.70,3.70,9.0,0.00
3,2023-06-14,20.0,14.3,16.4,30.2,0.40,0.40,3.0,0.00
3,2023-06-15,22.7,15.6,22.4,41.8,0.00,0.00,0.0,0.00
3,2023-06-16,20.9,13.6,11.3,25.6,0.00,0.00,0.0,0.00
3,2023-06-17,23.5,13.4,29.3,56.5,2.00,2.00,4.0,0.00
3,2023-06-18,14.1,9.5,26.7,56.9,12.10,12.10,23.0,0.00
3,2023-06-19,13.0,10.2,22.2,45.7,2.00,2.00,13.0,0.00
3,2023-06-20,18.3,10.4,11.1,27.7,0.00,0.00,0.0,0.00
3,2023-06-21,22.7,14.2,11.4,24.1,0.00,0.00,0.0,0.00
3,2023-06-22,23.9,15.9,16.9,31.7,0.00,0.00,0.0,0.00
3,2023-06-23,20.7,14.4,12.0,22.7,0.00,0.00,0.0,0.00
3,2023-06-24,19.9,13.2,8.5,21.6,0.00,0.00,0.0,0.00
3,2023-06-25,21.7,15.9,8.6,22.3,0.00,0.00,0.0,0.00
3,2023-06-26,26.3,18.7,27.4,49.7,0.00,0.00,0.0,0.00
3,2023-06-27,26.2,20.2,25.3,50.0,0.00,0.00,0.0,0.00
3,2023-06-28,25.3,18.8,20.2,42.8,1.30,1.30,2.0,0.00
3,2023-06-29,22.7,16.2,8.4,18.7,2.20,2.20,9.0,0.00
3,2023-06-30,20.0,15.7,12.6,31.0,23.80,23.80,15.0,0.00
3,2023-07-01,16.5,12.0,20.0,41.4,8.70,8.70,21.0,0.00
3,2023-07-02,17.7,14.2,11.4,28.4,1.20,1.20,5.0,0.00
3,2023-07-03,18.3,12.4,13.6,30.6,6.20,6.20,13.0,0.00
3,2023-07-04,16.8,12.5,13.4,31.3,0.00,0.00,0.0,0.00
3,2023-07-05,19.3,13.8,12.3,25.9,1.90,1.90,2.0,0.00
3,2023-07-06,22.7,16.5,33.5,69.1,4.20,4.20,4.0,0.00
3,2023-07-07,21.5,16.2,8.9,23.8,0.00,0.00,0.0,0.00
3,2023-07-08,25.3,18.4,11.3,27.0,0.00,0.00,0.0,0.00
3,2023-07-09,27.2,18.4,10.0,21.2,0.00,0.00,0.0,0.00
3,2023-07-10,25.0,18.7,9.0,23.8,0.00,0.00,0.0,0.00
3,2023-07-11,25.9,19.2,11.3,25.9,2.40,2.40,5.0,0.00
3,2023-07-12,24.1,18.7,8.7,20.5,6.20,6.20,12.0,0.00
3,2023-07-13,23.2,16.5,12.7,33.5,22.20,22.20,20.0,0.00
3,2023-07-14,19.2,14.4,11.8,27.7,0.90,0.90,8.0,0.00
3,2023-07-15,20.5,16.9,10.1,20.2,8.50,8.50,16.0,0.00
3,2023-07-16,20.0,15.5,12.6,29.2,2.10,2.10,9.0,0.00
3,2023-07-17,19.8,15.6,10.1,25.2,5.40,5.40,10.0,0.00
3,2023-07-18,17.4,14.2,8.1,22.7,0.40,0.40,4.0,0.00
3,2023-07-19,19.3,14.8,10.8,27.0,0.00,0.00,0.0,0.00
3,2023-07-20,22.2,15.8,11.6,28.4,0.00,0.00,0.0,0.00
3,2023-07-21,23.7,16.3,9.5,24.8,0.00,0.00,0.0,0.00
3,2023-07-22,26.5,17.4,10.0,21.2,0.00,0.00,0.0,0.00
3,2023-07-23,27.2,20.1,13.4,25.9,0.00,0.00,0.0,0.00
3,2023-07-24,27.0,22.9,14.8,26.6,7.10,7.10,9.0,0.00
3,2023-07-25,28.7,21.3,9.4,22.0,12.90,12.90,7.0,0.00
3,2023-07-26,28.6,21.3,10.2,24.1,0.20,0.20,2.0,0.00
3,2023-07-27,28.7,21.0,5.8,24.1,0.80,0.80,4.0,0.00
3,2023-07-28,30.2,21.5,7.9,17.3,0.00,0.00,0.0,0.00
3,2023-07-29,29.8,23.8,13.8,41.4,0.80,0.80,2.0,0.00
3,2023-07-30,30.2,23.9,16.8,33.8,0.60,0.60,2.0,0.00
3,2023-07-31,28.8,19.9,9.8,26.3,19.70,19.70,14.0,0.00
3,2023-08-01,27.8,22.6,17.4,32.4,2.00,2.00,2.0,0.00
3,2023-08-02,31.3,23.3,10.1,23.0,0.70,0.70,1.0,0.00
3,2023-08-03,29.3,25.4,23.0,42.8,7.20,7.20,8.0,0.00
3,2023-08-04,32.4,18.0,19.2,39.6,24.60,24.60,12.0,0.00
3,2023-08-05,21.5,16.6,11.4,24.1,5.50,5.50,13.0,0.00
3,2023-08-06,20.8,17.0,13.8,30.2,17.90,17.90,22.0,0.00
3,2023-08-07,19.3,16.7,15.5,33.5,0.40,0.40,3.0,0.00
3,2023-08-08,25.7,18.9,15.5,28.4,11.90,11.90,12.0,0.00
3,2023-08-09,27.9,21.8,20.8,42.5,7.90,7.90,2.0,0.00
3,2023-08-10,29.5,23.8,24.3,49.3,0.80,0.80,3.0,0.00
3,2023-08-11,28.5,17.0,15.3,34.6,0.50,0.50,4.0,0.00
3,2023-08-12,20.1,15.9,11.9,28.8,0.10,0.10,1.0,0.00
3,2023-08-13,22.2,15.9,15.9,34.2,0.00,0.00,0.0,0.00
3,2023-08-14,20.3,13.6,15.1,31.7,0.00,0.00,0.0,0.00
3,2023-08-15,23.0,19.4,19.8,39.6,0.00,0.00,0.0,0.00
3,2023-08-16,26.0,22.2,25.0,49.7,8.70,8.70,12.0,0.00
3,2023-08-17,27.5,23.8,35.7,68.0,1.30,1.30,8.0,0.00
3,2023-08-18,26.6,19.7,8.8,26.3,0.00,0.00,0.0,0.00
3,2023-08-19,29.2,21.3,13.8,27.0,0.00,0.00,0.0,0.00
3,2023-08-20,25.8,21.2,11.0,24.5,1.50,1.50,5.0,0.00
3,2023-08-21,25.7,21.9,10.6,26.3,0.00,0.00,0.0,0.00
3,2023-08-22,29.8,24.9,21.0,40.3,0.00,0.00,0.0,0.00
3,2023-08-23,30.1,24.1,7.8,22.0,0.50,0.50,1.0,0.00
3,2023-08-24,30.3,22.5,9.0,22.3,0.10,0.10,1.0,0.00
3,2023-08-25,28.2,25.0,20.2,39.2,0.00,0.00,0.0,0.00
3,2023-08-26,31.9,24.6,22.5,44.6,0.00,0.00,0.0,0.00
3,2023-08-27,30.1,22.0,19.8,37.8,1.20,1.20,5.0,0.00
3,2023-08-28,23.0,19.0,19.5,40.0,3.80,3.80,15.0,0.00
3,2023-08-29,20.7,15.5,16.8,39.2,1.90,1.90,5.0,0.00
3,2023-08-30,24.9,19.6,21.1,41.8,0.00,0.00,0.0,0.00
3,2023-08-31,27.3,25.0,32.2,60.8,0.00,0.00,0.0,0.00
3,2023-09-01,30.1,21.8,24.8,47.9,13.80,13.80,13.0,0.00
3,2023-09-02,26.9,18.1,9.1,21.2,0.10,0.10,1.0,0.00
3,2023-09-03,25.1,18.3,13.7,29.9,0.10,0.10,1.0,0.00
3,2023-09-04,25.1,21.2,12.9,24.8,26.90,26.90,11.0,0.00
3,2023-09-05,23.9,18.6,8.2,15.8,5.60,5.60,5.0,0.00
3,2023-09-06,23.1,18.5,23.7,47.9,5.70,5.70,12.0,0.00
3,2023-09-07,18.9,13.0,27.9,55.4,2.90,2.90,7.0,0.00
3,2023-09-08,22.9,16.7,14.1,28.1,0.00,0.00,0.0,0.00
3,2023-09-09,26.3,19.3,10.0,24.5,0.00,0.00,0.0,0.00
3,2023-09-10,22.4,16.6,12.2,28.8,0.00,0.00,0.0,0.00
3,2023-09-11,25.8,21.5,23.1,43.9,0.00,0.00,0.0,0.00
3,2023-09-12,28.6,22.6,26.7,52.2,16.50,16.50,6.0,0.00
3,2023-09-13,25.3,19.5,8.6,23.0,2.20,2.20,10.0,0.00
3,2023-09-14,21.3,17.2,19.5,38.2,31.80,31.80,20.0,0.00
3,2023-09-15,21.2,14.8,13.4,28.4,0.30,0.30,2.0,0.00
3,2023-09-16,24.8,14.3,15.3,31.0,0.00,0.00,0.0,0.00
3,2023-09-17,25.7,19.2,15.3,33.5,9.60,9.60,8.0,0.00
3,2023-09-18,21.7,18.4,10.2,22.0,0.30,0.30,1.0,0.00
3,2023-09-19,24.3,20.2,27.7,51.8,0.30,0.30,2.0,0.00
3,2023-09-20,23.1,12.6,21.6,43.6,2.70,2.70,6.0,0.00
3,2023-09-21,18.6,15.7,15.0,31.7,8.00,8.00,15.0,0.00
3,2023-09-22,20.1,11.9,10.0,24.5,0.50,0.50,4.0,0.00
3,2023-09-23,19.1,10.8,12.9,29.2,0.60,0.60,3.0,0.00
3,2023-09-24,18.2,10.6,7.1,19.1,0.00,0.00,0.0,0.00
3,2023-09-25,21.5,14.9,14.9,28.4,0.00,0.00,0.0,0.00
3,2023-09-26,22.7,12.9,12.8,27.0,0.00,0.00,0.0,0.00
3,2023-09-27,20.8,14.9,10.1,25.2,0.60,0.60,2.0,0.00
3,2023-09-28,18.5,13.2,18.6,37.1,14.40,14.40,10.0,0.00
3,2023-09-29,21.0,13.2,14.1,32.4,0.50,0.50,3.0,0.00
3,2023-09-30,21.2,15.3,15.3,29.5,1.40,1.40,3.0,0.00
3,2023-10-01,22.7,12.8,14.7,32.8,1.40,1.40,3.0,0.00
3,2023-10-02,19.7,11.8,21.6,43.2,0.80,0.80,2.0,0.00
3,2023-10-03,16.5,11.1,29.9,61.9,7.00,7.00,9.0,0.00
3,2023-10-04,18.5,12.2,15.8,29.5,0.00,0.00,0.0,0.00
3,2023-10-05,17.2,12.4,32.1,62.3,22.80,22.80,17.0,0.00
3,2023-10-06,14.9,11.1,36.0,69.1,22.40,22.40,23.0,0.00
3,2023-10-07,12.2,10.8,30.9,59.8,39.90,39.90,18.0,0.00
3,2023-10-08,14.3,8.8,22.3,46.8,0.00,0.00,0.0,0.00
3,2023-10-09,17.6,9.2,16.6,32.0,1.50,1.50,3.0,0.00
3,2023-10-10,14.1,10.2,24.4,46.4,7.00,7.00,18.0,0.00
3,2023-10-11,13.8,6.7,20.1,48.6,0.20,0.20,2.0,0.00
3,2023-10-12,17.5,7.2,12.8,28.4,0.00,0.00,0.0,0.00
3,2023-10-13,19.3,8.9,9.0,17.6,0.00,0.00,0.0,0.00
3,2023-10-14,19.4,10.2,8.1,13.7,0.00,0.00,0.0,0.00
3,2023-10-15,19.8,12.7,11.9,23.4,6.10,6.10,7.0,0.00
3,2023-10-16,18.1,5.9,22.7,45.0,6.70,6.70,9.0,0.00
3,2023-10-17,11.9,7.9,27.3,55.1,11.20,11.20,14.0,0.00
3,2023-10-18,14.8,8.6,21.2,49.7,0.30,0.30,2.0,0.00
3,2023-10-19,17.7,11.6,28.1,54.0,2.10,2.10,8.0,0.00
3,2023-10-20,12.6,7.3,23.2,43.6,38.90,38.90,24.0,0.00
3,2023-10-21,10.0,3.2,16.9,33.8,1.60,1.60,6.0,0.00
3,2023-10-22,11.4,6.0,23.9,48.6,0.00,0.00,0.0,0.00
3,2023-10-23,11.7,4.9,24.5,49.3,0.10,0.10,1.0,0.00
3,2023-10-24,14.7,6.6,17.6,35.6,0.00,0.00,0.0,0.00
3,2023-10-25,18.0,6.5,10.8,23.8,0.00,0.00,0.0,0.00
3,2023-10-26,15.7,8.2,10.2,23.4,0.00,0.00,0.0,0.00
3,2023-10-27,16.1,8.6,8.9,20.9,0.30,0.30,3.0,0.00
3,2023-10-28,12.4,9.1,16.4,33.1,0.60,0.60,5.0,0.00
3,2023-10-29,10.6,5.1,16.9,35.3,0.20,0.20,2.0,0.00
3,2023-10-30,11.2,5.2,9.4,22.0,0.00,0.00,0.0,0.00
3,2023-10-31,15.1,6.3,8.6,16.2,0.00,0.00,0.0,0.00
3,2023-11-01,17.5,9.0,25.8,47.5,16.00,16.00,11.0,0.00
3,2023-11-02,12.4,4.2,27.1,54.0,1.40,1.40,5.0,0.00
3,2023-11-03,17.8,7.8,37.5,73.8,4.70,4.70,11.0,0.00
3,2023-11-04,8.1,2.7,16.5,34.6,0.30,0.30,3.0,0.00
3,2023-11-05,11.2,4.8,13.5,27.4,0.00,0.00,0.0,0.00
3,2023-11-06,18.3,9.4,45.5,86.8,16.50,16.50,14.0,0.00
3,2023-11-07,17.7,7.3,24.3,49.3,15.90,15.90,16.0,0.00
3,2023-11-08,9.1,3.6,21.1,44.3,0.70,0.70,4.0,0.00
3,2023-11-09,14.6,9.9,35.5,68.0,0.00,0.00,0.0,0.00
3,2023-11-10,17.5,3.1,36.8,74.9,14.90,14.90,16.0,0.00
3,2023-11-11,5.2,-2.0,34.6,69.1,0.40,0.00,3.0,0.28
3,2023-11-12,5.5,-1.9,16.3,34.9,0.00,0.00,0.0,0.00
3,2023-11-13,4.7,-0.1,17.1,36.0,7.20,0.10,4.0,4.97
3,2023-11-14,3.5,-0.3,21.3,44.6,7.90,0.00,9.0,5.53
3,2023-11-15,5.2,-0.8,9.4,23.0,0.00,0.00,0.0,0.00
3,2023-11-16,9.1,0.3,19.6,36.7,0.00,0.00,0.0,0.00
3,2023-11-17,14.0,9.1,46.4,89.6,23.40,23.40,11.0,0.00
3,2023-11-18,13.4,1.8,21.3,41.8,0.60,0.60,1.0,0.00
3,2023-11-19,9.3,2.2,30.5,67.0,1.20,1.20,5.0,0.00
3,2023-11-20,7.3,1.1,27.1,54.7,9.00,6.20,14.0,1.96
3,2023-11-21,9.8,3.8,13.7,25.6,0.00,0.00,0.0,0.00
3,2023-11-22,12.0,5.4,23.1,43.6,0.00,0.00,0.0,0.00
3,2023-11-23,14.8,5.5,29.5,57.6,3.00,3.00,2.0,0.00
3,2023-11-24,6.9,-4.4,24.9,50.4,16.30,3.00,16.0,9.38
3,2023-11-25,-3.3,-5.7,30.9,61.2,0.00,0.00,0.0,0.00
3,2023-11-26,-0.5,-5.9,17.0,35.3,0.00,0.00,0.0,0.00
3,2023-11-27,3.3,-4.6,8.4,15.5,2.50,1.00,3.0,1.05
3,2023-11-28,3.7,-2.4,23.6,44.6,0.40,0.40,3.0,0.00
3,2023-11-29,0.2,-6.0,28.9,62.6,0.10,0.00,1.0,0.07
3,2023-11-30,-1.0,-6.3,22.0,46.4,0.00,0.00,0.0,0.00
3,2023-12-01,-0.5,-4.3,21.7,45.0,0.50,0.00,3.0,0.35
3,2023-12-02,1.6,-4.7,11.0,21.6,0.00,0.00,0.0,0.00
3,2023-12-03,5.3,-4.3,13.5,29.2,0.90,0.20,4.0,0.49
3,2023-12-04,5.8,-2.3,17.2,34.6,0.00,0.00,0.0,0.00
3,2023-12-05,9.5,-1.8,21.3,41.8,0.60,0.60,2.0,0.00
3,2023-12-06,8.3,0.2,18.6,33.8,0.00,0.00,0.0,0.00
3,2023-12-07,9.4,-1.0,33.2,62.3,6.40,6.40,11.0,0.00
3,2023-12-08,7.1,-2.1,31.5,67.7,0.00,0.00,0.0,0.00
3,2023-12-09,10.1,0.9,31.4,59.8,3.70,3.70,5.0,0.00
3,2023-12-10,2.7,-3.5,25.6,51.8,0.00,0.00,0.0,0.00
3,2023-12-11,0.6,-3.2,25.5,53.3,0.50,0.00,3.0,0.35
3,2023-12-12,-0.6,-4.0,22.4,43.6,13.20,0.20,22.0,9.17
3,2023-12-13,-2.4,-6.4,33.0,63.0,0.80,0.00,4.0,0.56
3,2023-12-14,-4.1,-5.4,33.4,68.8,0.30,0.00,3.0,0.21
3,2023-12-15,-2.3,-8.7,21.7,42.8,0.30,0.00,3.0,0.21
3,2023-12-16,4.6,-2.4,31.9,60.1,7.60,0.20,13.0,5.18
3,2023-12-17,1.6,-8.3,36.6,72.4,19.60,0.00,17.0,13.72
3,2023-12-18,-5.8,-10.7,22.9,48.2,0.10,0.00,1.0,0.07
3,2023-12-19,-6.1,-13.5,13.1,26.6,0.00,0.00,0.0,0.00
3,2023-12-20,-2.5,-12.9,9.6,18.4,0.00,0.00,0.0,0.00
3,2023-12-21,-4.1,-11.5,16.8,30.2,0.10,0.00,1.0,0.07
3,2023-12-22,-3.9,-11.3,19.2,38.5,0.20,0.00,2.0,0.14
3,2023-12-23,-5.2,-10.4,22.9,42.8,0.10,0.00,1.0,0.07
3,2023-12-24,-5.9,-13.3,10.9,20.2,0.00,0.00,0.0,0.00
3,2023-12-25,-1.4,-8.3,14.4,27.7,0.00,0.00,0.0,0.00
3,2023-12-26,-0.5,-6.1,22.4,43.2,4.90,0.00,9.0,3.43
3,2023-12-27,-3.9,-7.6,23.2,43.2,1.80,0.00,5.0,1.33
3,2023-12-28,-3.1,-5.6,14.2,27.0,4.60,0.10,20.0,3.15
3,2023-12-29,-2.8,-7.0,10.9,19.1,1.60,0.00,7.0,1.12
3,2023-12-30,-1.4,-6.2,27.5,55.1,1.10,0.00,9.0,0.77
3,2023-12-31,-3.8,-7.8,28.5,53.3,7.30,0.00,24.0,5.11
3,2024-01-01,-6.2,-11.9,27.6,55.1,2.00,0.00,12.0,1.40
3,2024-01-02,1.3,-6.6,23.2,41.4,2.90,0.10,10.0,1.96
3,2024-01-03,-2.3,-10.3,15.2,29.5,0.80,0.00,5.0,0.56
3,2024-01-04,-2.1,-9.9,13.5,23.4,0.00,0.00,0.0,0.00
3,2024-01-05,3.6,-6.9,29.2,53.3,1.30,0.40,5.0,0.63
3,2024-01-06,-0.3,-8.1,13.2,26.6,0.20,0.00,2.0,0.14
3,2024-01-07,-2.7,-5.9,9.8,16.9,1.10,0.00,5.0,0.77
3,2024-01-08,-1.9,-10.5,27.9,53.3,4.00,0.00,11.0,2.80
3,2024-01-09,-0.9,-9.4,23.8,43.2,1.20,0.00,6.0,0.84
3,2024-01-10,-5.6,-14.7,28.9,51.8,6.00,0.10,12.0,4.13
3,2024-01-11,2.6,-11.3,39.1,70.9,1.60,0.20,4.0,0.98
3,2024-01-12,3.2,-7.1,36.1,70.2,7.40,0.80,14.0,4.62
3,2024-01-13,-4.4,-7.1,30.0,58.3,6.90,0.10,24.0,4.76
3,2024-01-14,-1.9,-7.4,21.9,40.3,4.50,0.00,8.0,3.15
3,2024-01-15,-4.9,-9.4,49.3,89.3,9.70,0.00,18.0,6.79
3,2024-01-16,-8.6,-10.2,20.9,41.0,1.80,0.10,13.0,1.19
3,2024-01-17,-2.2,-8.4,12.7,23.0,0.00,0.00,0.0,0.00
3,2024-01-18,-1.2,-5.9,27.0,47.5,3.20,0.10,9.0,2.24
3,2024-01-19,-4.1,-10.1,24.1,46.8,5.30,0.00,15.0,3.78
3,2024-01-20,-5.7,-11.6,9.8,18.0,1.10,0.00,10.0,0.77
3,2024-01-21,-5.6,-10.0,12.9,25.2,0.10,0.10,1.0,0.00
3,2024-01-22,-1.6,-6.7,17.8,34.2,2.50,0.00,7.0,1.75
3,2024-01-23,0.9,-13.2,21.4,39.2,12.40,0.20,9.0,8.61
3,2024-01-24,-2.3,-8.7,45.9,82.4,9.40,0.00,13.0,6.58
3,2024-01-25,-1.0,-3.9,51.0,97.2,23.70,0.00,24.0,16.59
3,2024-01-26,-2.8,-3.7,40.7,74.9,12.50,0.20,24.0,8.61
3,2024-01-27,-2.3,-3.7,26.4,48.6,17.60,0.30,24.0,12.11
3,2024-01-28,-0.6,-2.9,10.9,22.3,4.00,0.30,17.0,2.59
3,2024-01-29,0.2,-7.1,7.9,14.4,0.20,0.00,2.0,0.14
3,2024-01-30,0.1,-9.3,11.7,21.6,0.30,0.00,2.0,0.21
3,2024-01-31,-0.7,-6.1,27.8,46.8,0.10,0.00,1.0,0.07
3,2024-02-01,-3.5,-10.1,41.1,77.4,3.20,0.00,16.0,2.31
3,2024-02-02,-7.9,-11.0,30.8,57.2,3.60,0.00,12.0,2.52
3,2024-02-03,-6.8,-9.4,25.0,47.5,2.60,0.00,16.0,1.82
3,2024-02-04,-5.4,-10.9,15.8,29.5,1.30,0.00,12.0,0.91
3,2024-02-05,-8.6,-15.9,13.6,31.3,0.00,0.00,0.0,0.00
3,2024-02-06,-8.9,-15.8,11.3,22.3,0.20,0.00,2.0,0.14
3,2024-02-07,-7.1,-16.6,8.4,14.8,0.00,0.00,0.0,0.00
3,2024-02-08,-1.5,-11.3,19.3,35.6,0.80,0.00,3.0,0.56
3,2024-02-09,-5.1,-12.1,8.3,16.6,0.60,0.00,5.0,0.42
3,2024-02-10,-4.2,-9.6,13.8,24.5,0.40,0.10,3.0,0.21
3,2024-02-11,-5.4,-13.8,12.0,18.4,0.50,0.00,3.0,0.35
3,2024-02-12,-3.0,-7.8,12.9,22.7,0.00,0.00,0.0,0.00
3,2024-02-13,5.9,-1.2,20.5,38.5,0.00,0.00,0.0,0.00
3,2024-02-14,5.2,-5.5,9.7,21.2,0.00,0.00,0.0,0.00
3,2024-02-15,1.0,-5.5,29.0,53.3,9.80,0.00,23.0,6.86
3,2024-02-16,-4.9,-13.4,23.1,47.9,0.70,0.00,5.0,0.49
3,2024-02-17,-2.5,-9.6,16.3,28.8,0.00,0.00,0.0,0.00
3,2024-02-18,5.4,-3.0,16.4,32.0,0.00,0.00,0.0,0.00
3,2024-02-19,10.3,-2.7,41.7,74.2,3.70,2.50,7.0,0.84
3,2024-02-20,-2.6,-8.4,29.1,54.7,0.60,0.00,3.0,0.42
3,2024-02-21,-4.5,-12.7,14.5,27.4,0.20,0.00,2.0,0.14
3,2024-02-22,-6.0,-11.5,21.9,42.5,1.70,0.00,12.0,1.19
3,2024-02-23,-7.2,-16.7,8.4,14.8,0.00,0.00,0.0,0.00
3,2024-02-24,-7.1,-14.5,12.2,22.7,1.10,0.00,10.0,0.77
3,2024-02-25,-6.6,-12.7,10.8,23.0,0.50,0.00,2.0,0.35
3,2024-02-26,-4.4,-8.3,23.7,43.9,8.60,0.00,21.0,6.02
3,2024-02-27,-3.8,-8.2,32.2,59.4,8.40,0.00,23.0,5.88
3,2024-02-28,-8.2,-11.0,30.1,56.9,1.60,0.00,12.0,1.12
3,2024-02-29,-4.8,-11.4,18.8,36.7,0.20,0.00,2.0,0.14
3,2024-03-01,0.1,-5.1,25.7,46.4,4.90,0.00,14.0,3.43
3,2024-03-02,-4.3,-7.8,34.3,62.3,0.10,0.00,1.0,0.07
3,2024-03-03,-2.6,-14.0,12.3,28.1,0.20,0.00,2.0,0.14
3,2024-03-04,-2.6,-12.7,12.2,28.8,0.30,0.00,3.0,0.21
3,2024-03-05,-2.2,-13.1,11.7,24.8,0.10,0.00,1.0,0.07
3,2024-03-06,-2.1,-11.8,11.5,19.8,0.00,0.00,0.0,0.00
3,2024-03-07,-3.9,-13.2,13.1,27.4,0.40,0.00,4.0,0.28
3,2024-03-08,-2.5,-9.9,9.2,19.8,0.10,0.00,1.0,0.07
3,2024-03-09,-3.7,-7.1,9.7,18.7,1.50,0.00,7.0,1.05
3,2024-03-10,-2.2,-8.1,9.0,24.1,0.50,0.00,4.0,0.35
3,2024-03-11,2.8,-5.0,14.1,28.1,0.00,0.00,0.0,0.00
3,2024-03-12,3.3,-5.1,32.1,58.7,2.50,0.10,11.0,1.68
3,2024-03-13,-3.4,-7.1,34.7,67.3,2.20,0.00,11.0,1.54
3,2024-03-14,-1.3,-7.9,9.5,17.6,0.70,0.00,5.0,0.49
3,2024-03-15,3.0,-7.4,13.1,24.1,0.20,0.00,1.0,0.21
3,2024-03-16,0.1,-7.7,17.3,37.4,0.30,0.00,3.0,0.21
3,2024-03-17,2.9,-2.9,37.5,65.2,13.30,0.30,18.0,9.17
3,2024-03-18,-2.5,-5.6,40.1,74.2,8.10,0.00,18.0,5.67
3,2024-03-19,-3.4,-6.0,30.8,60.8,1.80,0.00,6.0,1.26
3,2024-03-20,-2.2,-4.2,23.8,45.0,4.80,0.10,23.0,3.29
3,2024-03-21,-3.0,-8.6,23.9,47.2,3.60,0.00,14.0,2.52
3,2024-03-22,-2.5,-9.6,13.7,27.7,0.20,0.00,2.0,0.14
3,2024-03-23,4.6,-6.5,8.7,16.9,0.00,0.00,0.0,0.00
3,2024-03-24,5.7,-3.1,14.0,29.2,0.40,0.00,1.0,0.28
3,2024-03-25,2.2,-9.3,11.1,21.2,0.00,0.00,0.0,0.00
3,2024-03-26,0.6,-7.3,14.9,30.6,0.30,0.00,2.0,0.21
3,2024-03-27,0.0,-7.9,16.0,33.1,0.30,0.00,2.0,0.21
3,2024-03-28,5.6,0.2,32.4,60.5,6.20,6.20,5.0,0.00
3,2024-03-29,8.0,3.7,50.6,93.6,39.30,39.30,12.0,0.00
3,2024-03-30,6.9,1.0,26.6,60.8,4.70,3.00,5.0,1.19
3,2024-03-31,3.6,-3.6,11.6,30.2,5.20,1.80,6.0,2.38
3,2024-04-01,5.7,-2.0,13.4,28.1,0.70,0.10,6.0,0.42
3,2024-04-02,2.9,-4.6,20.4,42.8,12.80,0.10,15.0,8.89
3,2024-04-03,6.4,-4.6,11.9,24.5,0.00,0.00,0.0,0.00
3,2024-04-04,4.0,-5.0,10.9,15.1,0.10,0.10,1.0,0.00
3,2024-04-05,7.3,-1.2,12.2,28.1,0.50,0.50,2.0,0.00
3,2024-04-06,10.0,5.2,33.5,61.9,0.00,0.00,0.0,0.00
3,2024-04-07,10.8,4.0,34.6,66.2,0.00,0.00,0.0,0.00
3,2024-04-08,14.3,1.7,32.8,61.2,19.00,19.00,6.0,0.00
3,2024-04-09,1.6,-1.8,23.3,42.5,36.00,8.30,20.0,19.46
3,2024-04-10,6.6,-3.8,12.8,35.6,0.00,0.00,0.0,0.00
3,2024-04-11,14.0,5.5,19.7,35.3,0.00,0.00,0.0,0.00
3,2024-04-12,15.1,4.6,13.4,23.8,0.00,0.00,0.0,0.00
3,2024-04-13,17.0,5.1,16.6,29.9,0.00,0.00,0.0,0.00
3,2024-04-14,15.2,4.4,8.7,26.3,0.10,0.10,1.0,0.00
3,2024-04-15,18.4,6.9,16.8,31.0,0.00,0.00,0.0,0.00
3,2024-04-16,19.0,9.1,29.3,55.8,0.00,0.00,0.0,0.00
3,2024-04-17,19.9,6.7,14.5,32.4,0.00,0.00,0.0,0.00
3,2024-04-18,10.6,2.8,9.1,24.1,7.00,7.00,18.0,0.00
3,2024-04-19,3.8,2.3,27.2,49.7,20.20,20.20,20.0,0.00
3,2024-04-20,2.9,2.4,30.4,59.4,28.00,28.00,24.0,0.00
3,2024-04-21,3.4,2.2,20.4,38.2,12.00,12.00,24.0,0.00
3,2024-04-22,2.5,1.8,21.2,41.8,9.20,8.40,23.0,0.56
3,2024-04-23,6.7,0.3,9.7,23.0,0.00,0.00,0.0,0.00
3,2024-04-24,12.1,7.7,30.5,58.3,4.80,4.80,6.0,0.00
3,2024-04-25,13.0,6.6,32.0,61.6,26.30,26.30,19.0,0.00
3,2024-04-26,22.0,10.7,11.7,24.1,0.00,0.00,0.0,0.00
3,2024-04-27,23.6,7.9,26.4,51.1,0.00,0.00,0.0,0.00
3,2024-04-28,14.3,3.4,14.6,34.2,1.80,1.80,4.0,0.00
3,2024-04-29,8.2,4.5,16.3,36.7,0.00,0.00,0.0,0.00
3,2024-04-30,8.7,3.5,27.8,55.4,8.80,8.80,15.0,0.00
3,2024-05-01,12.8,1.7,27.9,58.0,0.70,0.70,5.0,0.00
3,2024-05-02,19.5,6.8,24.7,49.3,0.80,0.80,2.0,0.00
3,2024-05-03,16.8,3.0,31.3,62.6,2.40,2.40,11.0,0.00
3,2024-05-04,10.8,1.7,10.3,31.3,0.20,0.20,2.0,0.00
3,2024-05-05,14.7,9.0,25.9,51.8,1.40,1.40,3.0,0.00
3,2024-05-06,14.8,8.5,7.4,18.0,11.70,11.70,18.0,0.00
3,2024-05-07,9.6,2.2,20.5,40.0,14.80,14.80,23.0,0.00
3,2024-05-08,2.8,1.6,24.0,48.2,6.00,4.50,20.0,1.05
3,2024-05-09,11.0,2.2,19.6,38.9,0.10,0.10,1.0,0.00
3,2024-05-10,14.7,5.2,10.0,26.3,0.10,0.10,1.0,0.00
3,2024-05-11,17.8,11.8,24.3,47.9,0.00,0.00,0.0,0.00
3,2024-05-12,19.5,15.5,35.2,67.7,2.10,2.10,5.0,0.00
3,2024-05-13,17.1,5.9,27.5,52.2,12.30,12.30,12.0,0.00
3,2024-05-14,19.3,9.3,20.9,39.6,0.00,0.00,0.0,0.00
3,2024-05-15,21.2,9.6,18.4,38.2,0.00,0.00,0.0,0.00
3,2024-05-16,18.2,11.3,15.2,29.9,4.10,4.10,4.0,0.00
3,2024-05-17,19.9,9.0,33.0,66.6,0.60,0.60,4.0,0.00
3,2024-05-18,24.2,12.4,15.7,28.8,0.00,0.00,0.0,0.00
3,2024-05-19,18.7,8.8,12.7,29.2,0.00,0.00,0.0,0.00
3,2024-05-20,17.8,6.3,11.6,26.3,1.40,1.40,5.0,0.00
3,2024-05-21,16.3,4.5,17.7,36.4,6.70,6.70,8.0,0.00
3,2024-05-22,20.5,14.0,38.7,74.5,0.00,0.00,0.0,0.00
3,2024-05-23,20.9,9.4,13.4,24.8,1.30,1.30,3.0,0.00
3,2024-05-24,8.6,1.8,28.4,59.0,20.80,17.70,23.0,2.17
3,2024-05-25,9.9,4.6,24.8,62.3,3.80,3.80,13.0,0.00
3,2024-05-26,14.0,9.1,8.7,25.6,0.00,0.00,0.0,0.00
3,2024-05-27,18.4,10.7,29.9,55.8,3.90,3.90,8.0,0.00
3,2024-05-28,10.9,4.7,13.0,27.4,10.50,10.50,11.0,0.00
3,2024-05-29,8.6,4.6,17.2,37.4,2.30,2.30,12.0,0.00
3,2024-05-30,8.8,4.1,10.7,26.3,0.50,0.50,2.0,0.00
3,2024-05-31,10.5,3.8,11.2,28.1,0.00,0.00,0.0,0.00
3,2024-06-01,14.3,4.3,12.6,31.0,0.00,0.00,0.0,0.00
3,2024-06-02,17.5,7.8,18.7,37.4,0.00,0.00,0.0,0.00
3,2024-06-03,16.5,9.3,16.3,35.3,0.00,0.00,0.0,0.00
3,2024-06-04,14.4,7.4,15.6,33.5,0.10,0.10,1.0,0.00
3,2024-06-05,11.8,5.7,9.8,23.8,1.90,1.90,10.0,0.00
3,2024-06-06,14.8,6.5,7.8,22.7,0.00,0.00,0.0,0.00
3,2024-06-07,19.1,10.5,12.7,29.9,0.00,0.00,0.0,0.00
3,2024-06-08,24.0,16.7,25.9,49.0,0.00,0.00,0.0,0.00
3,2024-06-09,22.4,15.7,23.8,48.6,0.00,0.00,0.0,0.00
3,2024-06-10,19.6,13.0,25.6,50.8,6.70,6.70,5.0,0.00
3,2024-06-11,20.8,13.7,8.9,24.8,0.10,0.10,1.0,0.00
3,2024-06-12,22.6,14.6,14.0,26.3,0.30,0.30,2.0,0.00
3,2024-06-13,16.2,9.4,11.0,29.5,0.80,0.80,3.0,0.00
3,2024-06-14,19.2,11.1,10.8,25.9,0.00,0.00,0.0,0.00
3,2024-06-15,23.4,15.7,16.9,33.8,0.00,0.00,0.0,0.00
3,2024-06-16,25.0,16.5,19.6,41.4,21.40,21.40,4.0,0.00
3,2024-06-17,23.4,17.1,21.8,41.0,0.70,0.70,3.0,0.00
3,2024-06-18,26.8,13.2,23.7,46.8,0.70,0.70,5.0,0.00
3,2024-06-19,19.8,11.2,9.1,25.9,0.00,0.00,0.0,0.00
3,2024-06-20,22.3,14.9,16.9,34.6,4.40,4.40,6.0,0.00
3,2024-06-21,19.5,12.3,8.6,22.0,7.70,7.70,13.0,0.00
3,2024-06-22,16.7,11.4,11.9,28.4,0.70,0.70,5.0,0.00
3,2024-06-23,14.7,12.4,9.7,23.8,2.80,2.80,4.0,0.00
3,2024-06-24,21.0,12.5,12.9,27.7,7.70,7.70,12.0,0.00
3,2024-06-25,23.3,11.2,20.8,42.1,8.70,8.70,16.0,0.00
3,2024-06-26,19.7,10.7,23.8,49.3,0.50,0.50,4.0,0.00
3,2024-06-27,23.0,14.1,9.0,20.5,0.00,0.00,0.0,0.00
3,2024-06-28,24.5,16.7,12.8,28.1,0.00,0.00,0.0,0.00
3,2024-06-29,27.0,17.0,11.7,24.1,0.50,0.50,4.0,0.00
3,2024-06-30,29.7,19.9,20.9,40.7,6.00,6.00,6.0,0.00
3,2024-07-01,25.9,12.4,29.2,60.5,6.80,6.80,7.0,0.00
3,2024-07-02,22.4,14.4,29.0,59.4,0.20,0.20,2.0,0.00
3,2024-07-03,24.1,16.2,13.5,25.2,0.00,0.00,0.0,0.00
3,2024-07-04,23.5,15.6,11.9,27.4,0.00,0.00,0.0,0.00
3,2024-07-05,26.1,18.9,26.9,51.8,0.20,0.20,1.0,0.00
3,2024-07-06,26.8,19.5,29.7,61.6,9.80,9.80,10.0,0.00
3,2024-07-07,26.0,19.2,20.2,40.0,1.20,1.20,5.0,0.00
3,2024-07-08,24.1,15.7,10.5,25.9,19.60,19.60,9.0,0.00
3,2024-07-09,23.1,17.6,13.6,29.2,0.00,0.00,0.0,0.00
3,2024-07-10,22.6,17.8,10.7,26.6,2.20,2.20,7.0,0.00
3,2024-07-11,22.6,17.8,12.0,29.9,0.80,0.80,4.0,0.00
3,2024-07-12,24.5,16.3,13.7,31.7,1.20,1.20,6.0,0.00
3,2024-07-13,18.9,14.2,11.9,29.9,0.00,0.00,0.0,0.00
3,2024-07-14,20.7,17.0,12.6,29.5,0.20,0.20,2.0,0.00
3,2024-07-15,23.5,16.8,8.6,24.8,0.00,0.00,0.0,0.00
3,2024-07-16,26.3,18.8,15.5,30.6,0.50,0.50,5.0,0.00
3,2024-07-17,28.0,19.8,7.7,21.2,0.00,0.00,0.0,0.00
3,2024-07-18,25.0,18.6,12.6,31.0,0.00,0.00,0.0,0.00
3,2024-07-19,28.1,22.3,27.5,55.8,4.40,4.40,4.0,0.00
3,2024-07-20,27.7,21.0,9.6,26.6,0.70,0.70,2.0,0.00
3,2024-07-21,28.9,22.7,33.5,63.4,0.50,0.50,1.0,0.00
3,2024-07-22,30.4,23.4,26.6,53.3,1.20,1.20,4.0,0.00
3,2024-07-23,29.6,22.4,22.0,42.1,13.70,13.70,9.0,0.00
3,2024-07-24,23.1,17.6,15.6,33.5,9.70,9.70,14.0,0.00
3,2024-07-25,19.6,14.9,20.0,42.1,1.10,1.10,11.0,0.00
3,2024-07-26,18.2,13.2,11.2,27.7,0.10,0.10,1.0,0.00
3,2024-07-27,22.7,18.3,10.3,25.6,0.00,0.00,0.0,0.00
3,2024-07-28,25.6,20.3,20.0,41.8,2.90,2.90,5.0,0.00
3,2024-07-29,23.1,17.8,19.8,40.0,26.10,26.10,23.0,0.00
3,2024-07-30,20.7,16.5,16.0,34.2,1.30,1.30,10.0,0.00
3,2024-07-31,22.7,16.5,10.4,26.3,1.50,1.50,8.0,0.00
3,2024-08-01,24.8,21.6,22.4,42.8,0.80,0.80,4.0,0.00
3,2024-08-02,27.8,19.6,20.9,43.6,0.00,0.00,0.0,0.00
3,2024-08-03,27.0,22.3,16.8,33.8,1.70,1.70,5.0,0.00
3,2024-08-04,25.5,16.6,14.2,31.7,25.40,25.40,14.0,0.00
3,2024-08-05,24.0,18.0,11.3,25.2,3.00,3.00,10.0,0.00
3,2024-08-06,28.5,21.7,11.5,24.8,0.00,0.00,0.0,0.00
3,2024-08-07,29.7,22.2,14.2,29.9,10.50,10.50,9.0,0.00
3,2024-08-08,24.0,20.4,7.9,14.4,16.00,16.00,10.0,0.00
3,2024-08-09,26.3,20.2,12.2,30.2,10.00,10.00,9.0,0.00
3,2024-08-10,22.1,16.9,18.8,39.6,0.00,0.00,0.0,0.00
3,2024-08-11,22.7,18.1,14.9,33.8,2.70,2.70,6.0,0.00
3,2024-08-12,27.7,23.8,10.7,26.6,0.00,0.00,0.0,0.00
3,2024-08-13,30.3,23.6,16.6,33.5,0.00,0.00,0.0,0.00
3,2024-08-14,30.3,19.5,12.4,28.1,13.10,13.10,11.0,0.00
3,2024-08-15,20.3,18.0,12.1,27.7,4.30,4.30,21.0,0.00
3,2024-08-16,20.4,18.2,15.8,34.6,0.60,0.60,3.0,0.00
3,2024-08-17,23.3,18.2,13.8,30.6,0.90,0.90,3.0,0.00
3,2024-08-18,21.3,15.4,10.1,25.2,1.30,1.30,6.0,0.00
3,2024-08-19,23.5,14.8,13.7,28.4,13.60,13.60,13.0,0.00
3,2024-08-20,19.5,13.4,12.6,31.0,0.00,0.00,0.0,0.00
3,2024-08-21,22.2,17.7,19.5,37.4,0.00,0.00,0.0,0.00
3,2024-08-22,25.5,22.7,43.2,82.4,35.30,35.30,10.0,0.00
3,2024-08-23,28.3,25.0,34.3,68.0,0.90,0.90,1.0,0.00
3,2024-08-24,28.4,16.1,15.2,37.4,2.40,2.40,7.0,0.00
3,2024-08-25,21.8,15.3,13.5,27.4,1.80,1.80,4.0,0.00
3,2024-08-26,24.4,17.7,9.8,22.0,9.10,9.10,3.0,0.00
3,2024-08-27,25.9,18.9,28.3,54.0,26.30,26.30,18.0,0.00
3,2024-08-28,22.8,17.8,6.0,15.8,0.20,0.20,1.0,0.00
3,2024-08-29,25.7,20.7,11.5,26.3,0.20,0.20,2.0,0.00
3,2024-08-30,28.4,23.1,28.5,53.6,1.70,1.70,6.0,0.00
3,2024-08-31,25.7,17.8,41.6,77.4,24.10,24.10,10.0,0.00
3,2024-09-01,26.3,16.3,11.8,25.2,0.00,0.00,0.0,0.00
3,2024-09-02,25.8,17.8,12.1,26.6,0.10,0.10,1.0,0.00
3,2024-09-03,23.9,15.9,8.4,16.9,0.00,0.00,0.0,0.00
3,2024-09-04,26.2,13.3,15.9,32.8,0.00,0.00,0.0,0.00
3,2024-09-05,25.0,17.9,32.1,61.2,8.30,8.30,4.0,0.00
3,2024-09-06,22.4,14.4,16.6,36.4,0.10,0.10,1.0,0.00
3,2024-09-07,25.5,15.1,8.9,15.8,0.00,0.00,0.0,0.00
3,2024-09-08,25.7,18.3,17.3,35.6,0.00,0.00,0.0,0.00
3,2024-09-09,20.0,13.2,14.5,35.3,0.00,0.00,0.0,0.00
3,2024-09-10,24.0,20.5,30.6,58.3,1.80,1.80,2.0,0.00
3,2024-09-11,22.2,17.5,8.6,19.1,0.30,0.30,2.0,0.00
3,2024-09-12,24.4,15.3,8.5,16.2,0.00,0.00,0.0,0.00
3,2024-09-13,22.5,10.8,21.1,46.8,2.60,2.60,4.0,0.00
3,2024-09-14,19.3,15.0,14.9,28.4,37.60,37.60,12.0,0.00
3,2024-09-15,17.4,14.7,19.7,41.0,2.60,2.60,9.0,0.00
3,2024-09-16,18.1,14.9,19.4,36.0,2.00,2.00,7.0,0.00
3,2024-09-17,21.7,15.0,14.4,28.4,0.80,0.80,3.0,0.00
3,2024-09-18,22.7,13.8,20.6,43.2,0.40,0.40,2.0,0.00
3,2024-09-19,18.9,10.3,24.9,49.3,0.10,0.10,1.0,0.00
3,2024-09-20,23.0,12.0,35.2,66.2,8.70,8.70,13.0,0.00
3,2024-09-21,14.1,6.6,17.2,37.1,0.50,0.50,4.0,0.00
3,2024-09-22,14.7,7.2,12.9,27.7,0.00,0.00,0.0,0.00
3,2024-09-23,14.6,5.4,13.8,31.7,0.00,0.00,0.0,0.00
3,2024-09-24,18.4,8.9,14.0,25.6,0.00,0.00,0.0,0.00
3,2024-09-25,19.1,13.5,15.7,32.0,0.00,0.00,0.0,0.00
3,2024-09-26,20.7,14.9,15.3,32.4,1.90,1.90,3.0,0.00
3,2024-09-27,20.6,14.9,9.7,20.9,5.30,5.30,14.0,0.00
3,2024-09-28,15.6,13.6,20.3,41.0,18.50,18.50,23.0,0.00
3,2024-09-29,16.6,9.9,15.5,33.8,2.10,2.10,6.0,0.00
3,2024-09-30,21.4,16.9,21.0,43.9,0.20,0.20,2.0,0.00
3,2024-10-01,22.9,15.5,20.1,37.4,0.00,0.00,0.0,0.00
3,2024-10-02,23.5,12.3,14.6,27.4,4.50,4.50,8.0,0.00
3,2024-10-03,16.3,13.1,10.4,23.4,12.60,12.60,8.0,0.00
3,2024-10-04,14.1,12.6,16.0,28.8,16.40,16.40,21.0,0.00
3,2024-10-05,15.9,8.5,23.1,48.2,3.20,3.20,6.0,0.00
3,2024-10-06,20.4,14.5,16.0,29.2,0.00,0.00,0.0,0.00
3,2024-10-07,18.0,13.0,13.0,27.0,1.80,1.80,7.0,0.00
3,2024-10-08,14.6,7.1,13.8,31.0,0.10,0.10,1.0,0.00
3,2024-10-09,14.5,7.0,9.0,23.4,0.00,0.00,0.0,0.00
3,2024-10-10,16.1,7.2,16.8,31.3,0.30,0.30,2.0,0.00
3,2024-10-11,12.9,8.7,18.4,38.9,0.10,0.10,1.0,0.00
3,2024-10-12,16.0,12.9,19.5,41.4,0.10,0.10,1.0,0.00
3,2024-10-13,14.6,7.4,23.8,49.7,0.00,0.00,0.0,0.00
3,2024-10-14,17.3,11.0,20.4,41.0,0.00,0.00,0.0,0.00
3,2024-10-15,19.9,16.8,33.2,64.8,8.90,8.90,9.0,0.00
3,2024-10-16,16.4,5.8,16.2,44.6,0.30,0.30,2.0,0.00
3,2024-10-17,16.2,6.2,12.2,24.5,0.00,0.00,0.0,0.00
3,2024-10-18,19.5,13.7,36.0,67.7,4.10,4.10,5.0,0.00
3,2024-10-19,20.2,4.8,38.1,74.5,27.30,26.90,16.0,0.28
3,2024-10-20,8.3,2.0,25.1,53.3,1.50,0.90,4.0,0.42
3,2024-10-21,15.9,10.7,32.6,62.6,0.00,0.00,0.0,0.00
3,2024-10-22,19.3,15.7,24.8,49.7,0.10,0.10,1.0,0.00
3,2024-10-23,20.6,16.0,43.3,86.4,24.40,24.40,16.0,0.00
3,2024-10-24,19.9,10.6,15.4,33.8,0.00,0.00,0.0,0.00
3,2024-10-25,13.9,7.0,14.7,30.2,0.00,0.00,0.0,0.00
3,2024-10-26,14.6,3.7,17.4,36.7,0.00,0.00,0.0,0.00
3,2024-10-27,13.1,9.6,23.2,44.3,0.20,0.20,2.0,0.00
3,2024-10-28,10.6,5.8,25.3,58.0,10.20,10.20,15.0,0.00
3,2024-10-29,10.5,3.2,15.2,33.8,0.60,0.60,3.0,0.00
3,2024-10-30,11.7,5.2,14.9,38.9,2.80,2.80,4.0,0.00
3,2024-10-31,11.4,5.7,21.8,46.4,0.00,0.00,0.0,0.00
3,2024-11-01,14.9,7.1,6.3,15.8,0.00,0.00,0.0,0.00
3,2024-11-02,13.2,6.5,22.6,42.8,3.30,3.30,14.0,0.00
3,2024-11-03,8.0,3.2,22.7,47.2,4.90,4.90,9.0,0.00
3,2024-11-04,13.1,5.6,32.5,68.0,5.60,5.60,4.0,0.00
3,2024-11-05,8.4,1.6,24.6,50.4,2.50,2.30,7.0,0.14
3,2024-11-06,7.2,-0.7,11.6,27.0,2.00,1.70,8.0,0.21
3,2024-11-07,4.6,0.4,23.7,50.8,30.20,3.40,21.0,18.76
3,2024-11-08,5.4,-0.7,27.1,52.9,4.60,1.60,9.0,2.10
3,2024-11-09,4.3,-1.8,26.1,52.6,0.20,0.10,1.0,0.07
3,2024-11-10,12.2,3.8,24.2,45.7,1.00,1.00,2.0,0.00
3,2024-11-11,11.2,0.2,17.0,36.4,0.10,0.10,1.0,0.00
3,2024-11-12,8.3,2.6,28.9,56.5,5.50,4.70,9.0,0.56
3,2024-11-13,4.1,0.1,28.4,57.6,0.80,0.40,6.0,0.28
3,2024-11-14,8.3,0.7,9.3,18.4,0.00,0.00,0.0,0.00
3,2024-11-15,11.9,3.1,19.4,35.6,2.80,2.80,8.0,0.00
3,2024-11-16,14.9,5.2,38.2,71.3,0.30,0.30,3.0,0.00
3,2024-11-17,17.6,1.3,40.1,79.6,21.70,19.00,21.0,1.89
3,2024-11-18,2.2,-3.2,19.6,40.7,0.70,0.00,5.0,0.49
3,2024-11-19,3.3,-3.6,24.0,48.2,0.00,0.00,0.0,0.00
3,2024-11-20,7.5,0.9,11.8,23.4,0.60,0.60,2.0,0.00
3,2024-11-21,7.4,1.2,7.3,17.3,0.00,0.00,0.0,0.00
3,2024-11-22,5.3,1.6,27.5,49.7,11.30,6.70,18.0,3.22
3,2024-11-23,3.6,-1.9,30.8,62.3,15.10,0.70,21.0,10.08
3,2024-11-24,1.8,-0.8,33.1,64.4,2.90,0.10,17.0,2.03
3,2024-11-25,2.6,-1.4,28.3,55.4,6.50,0.10,11.0,4.48
3,2024-11-26,8.9,-1.4,42.0,79.6,12.90,12.90,7.0,0.00
3,2024-11-27,10.3,4.2,36.4,68.8,17.70,17.70,8.0,0.00
3,2024-11-28,7.1,-1.5,16.1,32.8,3.90,3.60,9.0,0.21
3,2024-11-29,4.6,-2.7,18.2,36.0,4.10,1.30,6.0,1.96
3,2024-11-30,3.9,-2.7,23.6,47.9,0.00,0.00,0.0,0.00
3,2024-12-01,4.5,-0.9,29.9,58.0,0.20,0.00,2.0,0.14
3,2024-12-02,6.6,-1.0,27.4,51.8,6.60,6.60,4.0,0.00
3,2024-12-03,6.1,-0.1,15.5,29.5,1.00,0.80,5.0,0.14
3,2024-12-04,1.1,-4.6,14.0,24.5,3.00,0.10,8.0,2.03
3,2024-12-05,5.0,-3.6,28.1,54.4,0.10,0.00,1.0,0.07
3,2024-12-06,0.3,-5.7,26.0,50.0,0.00,0.00,0.0,0.07
3,2024-12-07,-0.5,-6.6,37.6,73.1,0.00,0.00,0.0,0.00
3,2024-12-08,-1.2,-4.3,32.0,63.4,4.20,0.00,10.0,2.94
3,2024-12-09,-1.5,-3.7,31.4,59.0,7.80,0.10,22.0,5.39
3,2024-12-10,-1.2,-5.5,27.9,51.8,0.50,0.00,3.0,0.35
3,2024-12-11,0.1,-7.1,24.0,46.1,10.10,0.00,11.0,7.07
3,2024-12-12,-4.8,-9.2,25.6,48.2,0.00,0.00,0.0,0.00
3,2024-12-13,-4.5,-9.3,15.5,28.8,0.30,0.00,3.0,0.21
3,2024-12-14,-5.3,-8.4,19.5,37.1,0.50,0.00,3.0,0.35
3,2024-12-15,-1.0,-7.6,17.4,31.3,0.90,0.00,4.0,0.63
3,2024-12-16,-4.2,-12.1,17.2,33.5,0.00,0.00,0.0,0.00
3,2024-12-17,-4.8,-10.9,13.0,24.5,0.00,0.00,0.0,0.00
3,2024-12-18,-3.8,-7.3,22.9,42.1,2.30,0.00,12.0,1.61
3,2024-12-19,-2.2,-7.3,10.9,20.2,0.30,0.00,3.0,0.21
3,2024-12-20,-3.6,-11.6,27.2,55.1,1.90,0.00,4.0,1.33
3,2024-12-21,-3.9,-10.8,11.0,19.8,0.00,0.00,0.0,0.00
3,2024-12-22,-2.9,-6.3,21.9,40.3,6.80,0.00,18.0,4.76
3,2024-12-23,-2.5,-5.2,21.1,37.8,5.10,0.00,22.0,3.57
3,2024-12-24,-2.9,-6.0,18.4,33.8,2.10,0.00,12.0,1.47
3,2024-12-25,3.5,-10.3,25.6,53.3,4.50,1.50,6.0,2.10
3,2024-12-26,4.1,-7.6,31.0,54.7,2.60,1.40,4.0,0.84
3,2024-12-27,-4.8,-7.4,28.4,50.8,0.00,0.00,0.0,0.00
3,2024-12-28,-3.1,-12.5,28.0,50.0,2.50,0.00,11.0,1.75
3,2024-12-29,-3.2,-9.4,21.2,36.7,1.30,0.00,5.0,0.91
3,2024-12-30,-5.6,-13.7,26.9,48.2,0.10,0.00,1.0,0.07
3,2024-12-31,-2.6,-6.1,20.8,37.1,11.90,0.10,21.0,8.33
3,2025-01-01,-2.8,-13.7,21.9,38.9,9.10,0.00,10.0,6.37
3,2025-01-02,-3.9,-12.8,16.7,27.4,0.00,0.00,0.0,0.00
3,2025-01-03,-5.5,-11.3,21.7,39.2,1.50,0.00,7.0,1.05
3,2025-01-04,-5.2,-10.0,11.7,22.7,0.00,0.00,0.0,0.00
3,2025-01-05,1.1,-14.0,26.3,47.2,0.50,0.00,1.0,0.35
3,2025-01-06,4.2,-0.5,29.3,51.1,20.60,1.70,19.0,13.23
3,2025-01-07,0.0,-4.2,34.8,62.3,12.80,0.00,13.0,8.96
3,2025-01-08,-2.6,-5.8,23.2,42.5,0.00,0.00,0.0,0.00
3,2025-01-09,-1.0,-10.2,15.7,34.2,0.00,0.00,0.0,0.00
3,2025-01-10,-0.2,-6.2,29.1,51.5,8.20,0.10,19.0,5.67
3,2025-01-11,-2.4,-6.0,19.4,38.5,5.50,0.20,19.0,3.71
3,2025-01-12,-3.7,-12.1,9.6,19.4,0.20,0.10,2.0,0.07
3,2025-01-13,-3.3,-10.0,6.7,11.9,0.00,0.00,0.0,0.00
3,2025-01-14,0.2,-10.2,13.7,23.4,0.40,0.00,3.0,0.28
3,2025-01-15,-2.9,-9.7,19.7,35.3,0.50,0.00,2.0,0.42
3,2025-01-16,-3.6,-12.0,16.4,31.0,0.50,0.00,3.0,0.35
3,2025-01-17,-3.6,-7.0,25.2,44.6,6.70,0.00,19.0,4.69
3,2025-01-18,-4.1,-13.2,24.4,46.1,2.00,0.00,9.0,1.40
3,2025-01-19,3.6,-8.6,28.9,52.9,0.20,0.20,1.0,0.00
3,2025-01-20,2.2,-2.7,21.0,39.2,3.00,0.50,12.0,1.75
3,2025-01-21,-2.4,-11.5,14.9,29.9,0.50,0.10,5.0,0.28
3,2025-01-22,-2.1,-11.3,7.6,15.5,0.00,0.00,0.0,0.00
3,2025-01-23,2.7,-7.8,9.6,17.6,0.00,0.00,0.0,0.00
3,2025-01-24,1.5,-1.0,12.9,22.7,15.00,0.30,21.0,10.29
3,2025-01-25,1.2,-2.2,20.9,38.2,0.80,0.10,2.0,0.49
3,2025-01-26,-0.6,-1.2,25.6,46.1,3.90,0.20,17.0,2.59
3,2025-01-27,-0.8,-2.6,29.5,52.2,16.40,0.10,24.0,11.41
3,2025-01-28,-1.1,-7.0,22.0,39.6,1.40,0.00,6.0,0.98
3,2025-01-29,-1.4,-4.9,33.9,60.8,7.30,0.00,14.0,5.11
3,2025-01-30,-1.7,-2.2,30.5,56.2,9.20,0.00,19.0,6.44
3,2025-01-31,-2.2,-3.8,27.0,47.5,10.30,0.00,12.0,7.21
3,2025-02-01,-3.3,-6.4,19.5,37.1,0.20,0.00,2.0,0.14
3,2025-02-02,-3.4,-8.8,8.4,16.2,0.00,0.00,0.0,0.00
3,2025-02-03,-1.0,-4.6,20.7,42.8,6.20,0.00,13.0,4.34
3,2025-02-04,1.4,-8.2,35.8,66.2,27.10,0.00,9.0,18.97
3,2025-02-05,-0.2,-7.0,19.6,37.1,0.10,0.00,1.0,0.07
3,2025-02-06,1.0,-11.5,5.3,11.5,0.00,0.00,0.0,0.00
3,2025-02-07,-2.2,-7.3,25.8,45.4,6.00,0.00,13.0,4.27
3,2025-02-08,-1.1,-3.6,41.0,72.0,7.80,0.00,24.0,5.46
3,2025-02-09,-3.1,-4.1,28.3,54.0,3.70,0.00,16.0,2.59
3,2025-02-10,-3.3,-5.0,21.1,42.8,3.70,0.00,15.0,2.66
3,2025-02-11,-2.9,-7.8,20.0,38.9,0.90,0.00,5.0,0.63
3,2025-02-12,2.4,-3.2,28.6,52.2,4.20,0.10,10.0,2.87
3,2025-02-13,-1.8,-8.7,27.9,51.5,4.70,0.00,15.0,3.29
3,2025-02-14,-3.9,-6.5,22.3,40.7,1.70,0.00,13.0,1.33
3,2025-02-15,-2.6,-11.8,23.9,49.3,1.00,0.00,3.0,0.70
3,2025-02-16,-1.0,-6.6,8.8,15.5,0.00,0.00,0.0,0.00
3,2025-02-17,-1.8,-6.6,15.7,28.4,1.20,0.00,8.0,0.84
3,2025-02-18,-3.4,-5.7,24.7,42.5,3.10,0.10,13.0,2.10
3,2025-02-19,-4.1,-6.5,28.5,52.9,5.10,0.00,15.0,3.57
3,2025-02-20,-3.6,-9.4,31.2,55.8,17.50,0.30,17.0,12.04
3,2025-02-21,-3.8,-6.8,13.8,26.6,1.40,0.10,9.0,0.91
3,2025-02-22,-4.5,-7.0,16.7,30.6,3.10,0.00,14.0,2.17
3,2025-02-23,-5.1,-7.1,10.3,20.5,0.60,0.00,6.0,0.42
3,2025-02-24,-2.0,-8.7,10.6,19.8,0.00,0.00,0.0,0.00
3,2025-02-25,2.7,-4.8,33.3,58.7,0.10,0.10,1.0,0.00
3,2025-02-26,3.8,-7.0,26.4,47.2,1.80,0.00,6.0,1.26
3,2025-02-27,-2.8,-7.8,20.2,37.8,1.90,0.00,4.0,1.33
3,2025-02-28,5.6,1.2,22.2,39.2,0.00,0.00,0.0,0.00
3,2025-03-01,4.4,-7.3,7.6,15.8,0.00,0.00,0.0,0.00
3,2025-03-02,-0.5,-8.3,33.8,61.6,3.10,0.00,12.0,2.17
3,2025-03-03,-6.1,-9.1,23.7,44.6,5.90,0.10,18.0,4.06
3,2025-03-04,-5.0,-11.8,19.8,39.6,0.50,0.00,4.0,0.35
3,2025-03-05,-1.7,-5.2,17.5,31.3,2.20,0.00,14.0,1.54
3,2025-03-06,-1.6,-4.3,16.6,29.9,6.20,0.00,22.0,4.34
3,2025-03-07,-3.0,-8.3,21.2,38.2,4.90,0.00,17.0,3.43
3,2025-03-08,-0.4,-7.5,8.7,17.3,0.00,0.00,0.0,0.00
3,2025-03-09,2.2,-9.1,19.8,36.0,1.20,0.00,7.0,0.84
3,2025-03-10,0.4,-6.2,13.2,24.1,0.00,0.00,0.0,0.00
3,2025-03-11,5.2,-2.5,14.8,27.4,0.00,0.00,0.0,0.00
3,2025-03-12,4.4,-1.2,29.3,51.1,1.00,1.00,1.0,0.00
3,2025-03-13,6.9,-0.9,33.6,60.5,11.90,9.00,9.0,2.03
3,2025-03-14,-0.9,-3.7,40.6,76.3,6.30,0.00,22.0,4.41
3,2025-03-15,-3.0,-6.2,34.1,65.9,1.10,0.00,7.0,0.77
3,2025-03-16,0.4,-3.1,20.1,36.0,8.60,0.00,16.0,6.02
3,2025-03-17,-2.6,-4.3,41.5,75.6,22.30,0.00,24.0,15.61
3,2025-03-18,-3.2,-10.2,16.7,34.9,0.00,0.00,0.0,0.00
3,2025-03-19,1.4,-5.2,8.8,16.6,0.80,0.00,5.0,0.56
3,2025-03-20,3.2,-1.0,22.7,41.0,0.00,0.00,0.0,0.00
3,2025-03-21,5.6,1.6,30.1,53.6,0.20,0.20,2.0,0.00
3,2025-03-22,8.0,-2.7,35.9,68.4,3.60,3.50,5.0,0.07
3,2025-03-23,1.4,-5.6,31.2,56.5,2.10,0.00,6.0,1.47
3,2025-03-24,6.2,2.4,32.1,58.0,5.00,5.00,5.0,0.00
3,2025-03-25,4.6,-1.1,13.3,21.2,0.90,0.90,2.0,0.00
3,2025-03-26,3.8,-2.7,38.5,72.0,12.40,7.50,12.0,3.43
3,2025-03-27,1.2,-0.6,10.2,21.6,1.90,1.10,11.0,0.56
3,2025-03-28,2.3,-1.6,17.2,31.0,8.00,5.00,15.0,2.10
3,2025-03-29,2.1,-7.8,18.3,36.4,0.00,0.00,0.0,0.00
3,2025-03-30,3.9,-7.7,34.0,63.4,3.90,0.00,6.0,2.73
3,2025-03-31,1.6,-8.4,11.2,24.1,0.00,0.00,0.0,0.00
3,2025-04-01,7.6,-2.3,24.2,44.3,0.00,0.00,0.0,0.00
3,2025-04-02,6.9,0.1,15.7,34.2,1.50,0.00,5.0,1.05
3,2025-04-03,0.6,-0.8,24.6,46.1,8.20,0.10,24.0,5.67
3,2025-04-04,2.3,-0.4,36.7,69.5,4.10,0.30,11.0,2.66
3,2025-04-05,7.5,-0.1,13.0,30.6,0.00,0.00,0.0,0.00
3,2025-04-06,12.2,4.3,15.7,31.3,10.00,10.00,5.0,0.00
3,2025-04-07,13.6,1.9,8.4,18.4,2.00,2.00,15.0,0.00
3,2025-04-08,4.5,2.0,7.3,18.4,0.80,0.80,4.0,0.00
3,2025-04-09,8.5,0.6,6.6,19.4,1.10,1.10,5.0,0.00
3,2025-04-10,15.2,3.1,10.5,25.2,0.00,0.00,0.0,0.00
3,2025-04-11,15.2,3.2,14.7,31.3,0.00,0.00,0.0,0.00
3,2025-04-12,7.8,3.9,14.0,32.0,2.70,2.70,12.0,0.00
3,2025-04-13,11.5,2.7,20.8,43.9,0.00,0.00,0.0,0.00
3,2025-04-14,8.1,4.5,26.2,50.8,16.30,16.30,19.0,0.00
3,2025-04-15,15.8,4.0,18.4,37.1,27.60,27.60,15.0,0.00
3,2025-04-16,4.8,2.6,29.7,55.1,31.50,30.60,24.0,0.63
3,2025-04-17,7.1,2.7,30.5,57.6,1.20,1.20,9.0,0.00
3,2025-04-18,10.2,4.3,20.7,41.0,12.20,12.20,7.0,0.00
3,2025-04-19,13.7,4.2,15.2,35.3,1.30,1.30,5.0,0.00
3,2025-04-20,15.6,3.7,38.0,78.1,12.80,12.80,15.0,0.00
3,2025-04-21,4.3,0.8,27.1,52.6,4.20,2.60,12.0,1.12
3,2025-04-22,6.0,2.5,11.6,28.1,1.30,1.30,3.0,0.00
3,2025-04-23,12.5,1.8,19.1,38.5,0.30,0.30,1.0,0.00
3,2025-04-24,13.0,5.8,14.0,31.0,9.00,9.00,8.0,0.00
3,2025-04-25,11.8,2.6,20.2,41.0,6.80,6.80,6.0,0.00
3,2025-04-26,14.9,1.9,22.3,56.2,2.40,2.40,5.0,0.00
3,2025-04-27,10.2,2.6,22.5,44.6,11.50,10.10,17.0,0.98
3,2025-04-28,6.7,2.4,19.5,42.8,7.30,5.80,12.0,1.05
3,2025-04-29,4.0,0.5,31.5,55.4,39.70,17.60,24.0,15.47
3,2025-04-30,3.7,-1.1,35.3,71.3,2.10,0.80,11.0,0.91
3,2025-05-01,11.5,3.2,19.4,38.5,0.00,0.00,0.0,0.00
3,2025-05-02,15.0,8.0,26.6,52.2,1.70,1.70,5.0,0.00
3,2025-05-03,11.8,7.4,38.0,70.2,8.20,8.20,9.0,0.00
3,2025-05-04,13.8,5.6,9.9,31.7,12.30,12.30,11.0,0.00
3,2025-05-05,13.7,4.9,10.3,34.9,0.60,0.60,3.0,0.00
3,2025-05-06,17.1,3.4,12.4,24.1,0.00,0.00,0.0,0.00
3,2025-05-07,12.4,4.1,8.3,21.6,1.20,1.20,6.0,0.00
3,2025-05-08,15.5,8.1,15.0,34.6,0.60,0.60,4.0,0.00
3,2025-05-09,16.9,7.7,13.4,31.0,0.00,0.00,0.0,0.00
3,2025-05-10,15.0,8.9,33.0,67.3,19.80,19.80,18.0,0.00
3,2025-05-11,10.8,5.6,11.2,28.1,0.80,0.80,5.0,0.00
3,2025-05-12,19.9,9.7,20.1,35.3,0.00,0.00,0.0,0.00
3,2025-05-13,15.7,10.4,11.2,28.4,2.30,2.30,8.0,0.00
3,2025-05-14,18.7,8.8,18.0,33.8,0.00,0.00,0.0,0.00
3,2025-05-15,23.7,14.0,35.5,66.2,0.00,0.00,0.0,0.00
3,2025-05-16,26.4,15.6,23.4,49.0,0.00,0.00,0.0,0.00
3,2025-05-17,24.6,13.7,32.9,62.3,28.30,28.30,10.0,0.00
3,2025-05-18,23.2,11.2,20.5,37.4,0.20,0.20,1.0,0.00
3,2025-05-19,18.5,10.9,26.5,51.5,0.20,0.20,2.0,0.00
3,2025-05-20,15.8,8.3,27.8,55.1,2.90,2.90,6.0,0.00
3,2025-05-21,16.9,9.0,12.7,29.2,0.90,0.90,2.0,0.00
3,2025-05-22,14.1,5.8,15.8,31.3,12.90,12.90,18.0,0.00
3,2025-05-23,12.6,5.8,12.3,28.4,3.60,3.60,8.0,0.00
3,2025-05-24,16.1,9.6,17.5,32.8,1.40,1.40,7.0,0.00
3,2025-05-25,10.1,6.4,12.5,27.4,11.70,11.70,21.0,0.00
3,2025-05-26,15.6,5.1,16.3,36.4,2.20,2.20,7.0,0.00
3,2025-05-27,20.5,8.3,14.6,31.7,0.00,0.00,0.0,0.00
3,2025-05-28,20.1,11.7,12.8,24.5,0.20,0.20,2.0,0.00
3,2025-05-29,21.8,13.5,8.4,21.6,0.00,0.00,0.0,0.00
3,2025-05-30,16.2,8.5,12.3,29.2,0.00,0.00,0.0,0.00
3,2025-05-31,15.0,6.1,14.5,32.0,0.00,0.00,0.0,0.00
3,2025-06-01,11.5,5.6,16.9,37.8,0.10,0.10,1.0,0.00
3,2025-06-02,9.8,5.3,9.1,25.2,0.00,0.00,0.0,0.00
3,2025-06-03,12.5,8.8,11.9,28.4,9.10,9.10,7.0,0.00
3,2025-06-04,14.9,10.8,14.3,28.8,30.50,30.50,15.0,0.00
3,2025-06-05,20.4,12.3,15.4,31.7,0.50,0.50,4.0,0.00
3,2025-06-06,22.8,17.0,24.2,48.2,0.50,0.50,3.0,0.00
3,2025-06-07,23.7,13.2,25.2,49.0,2.30,2.30,7.0,0.00
3,2025-06-08,19.4,13.2,10.4,25.6,2.20,2.20,7.0,0.00
3,2025-06-09,24.4,17.0,20.7,39.6,0.00,0.00,0.0,0.00
3,2025-06-10,22.1,12.4,18.2,38.5,0.00,0.00,0.0,0.00
3,2025-06-11,21.7,10.0,18.8,36.7,17.20,17.20,19.0,0.00
3,2025-06-12,16.5,7.2,22.5,43.6,3.50,3.50,10.0,0.00
3,2025-06-13,21.3,14.4,10.3,18.4,0.00,0.00,0.0,0.00
3,2025-06-14,24.8,16.5,34.5,63.7,0.00,0.00,0.0,0.00
3,2025-06-15,19.1,14.5,26.8,51.1,0.30,0.30,3.0,0.00
3,2025-06-16,20.3,17.4,8.0,22.0,1.80,1.80,3.0,0.00
3,2025-06-17,24.4,17.6,14.0,29.9,0.00,0.00,0.0,0.00
3,2025-06-18,23.2,15.9,10.4,24.1,0.30,0.30,2.0,0.00
3,2025-06-19,22.3,15.4,7.8,22.0,0.00,0.00,0.0,0.00
3,2025-06-20,25.7,19.8,22.5,44.6,1.20,1.20,2.0,0.00
3,2025-06-21,25.7,19.8,35.5,64.8,5.40,5.40,9.0,0.00
3,2025-06-22,23.8,18.4,32.8,59.8,7.00,7.00,6.0,0.00
3,2025-06-23,26.7,16.8,10.7,22.7,0.00,0.00,0.0,0.00
3,2025-06-24,28.7,18.0,10.8,25.6,0.20,0.20,1.0,0.00
3,2025-06-25,27.8,20.1,13.1,23.8,0.00,0.00,0.0,0.00
3,2025-06-26,27.8,18.5,12.8,27.4,16.80,16.80,10.0,0.00
3,2025-06-27,21.7,13.4,17.7,35.3,6.50,6.50,19.0,0.00
3,2025-06-28,21.6,13.7,9.5,28.4,0.20,0.20,2.0,0.00
3,2025-06-29,25.9,18.6,8.4,19.1,0.00,0.00,0.0,0.00
3,2025-06-30,25.7,19.4,13.2,24.8,0.60,0.60,3.0,0.00
3,2025-07-01,25.8,17.7,12.4,29.5,0.00,0.00,0.0,0.00
3,2025-07-02,25.4,18.8,14.4,27.0,8.50,8.50,3.0,0.00
3,2025-07-03,29.8,24.4,25.1,46.8,0.00,0.00,0.0,0.00
3,2025-07-04,29.0,20.8,18.7,36.0,0.40,0.40,2.0,0.00
3,2025-07-05,26.7,20.2,10.8,26.3,0.00,0.00,0.0,0.00
3,2025-07-06,30.5,22.7,17.2,32.8,0.50,0.50,4.0,0.00
3,2025-07-07,28.7,21.1,14.9,30.6,0.00,0.00,0.0,0.00
3,2025-07-08,25.1,16.6,11.0,28.1,0.00,0.00,0.0,0.00
3,2025-07-09,20.9,15.1,16.9,37.8,0.80,0.80,4.0,0.00
3,2025-07-10,17.6,12.9,14.1,32.4,0.30,0.30,2.0,0.00
3,2025-07-11,20.4,11.9,13.2,27.4,0.00,0.00,0.0,0.00
3,2025-07-12,22.5,12.2,18.1,34.9,0.00,0.00,0.0,0.00
3,2025-07-13,24.4,16.7,14.8,30.6,0.00,0.00,0.0,0.00
3,2025-07-14,28.2,21.9,39.2,72.7,15.10,15.10,10.0,0.00
3,2025-07-15,28.0,23.2,33.5,67.7,4.70,4.70,7.0,0.00
3,2025-07-16,27.5,22.0,19.0,39.2,12.60,12.60,6.0,0.00
3,2025-07-17,29.5,24.4,8.6,18.0,3.00,3.00,5.0,0.00
3,2025-07-18,30.7,23.0,18.7,38.2,25.20,25.20,19.0,0.00
3,2025-07-19,27.5,23.1,15.5,28.1,11.60,11.60,19.0,0.00
3,2025-07-20,28.9,22.1,7.1,21.6,2.90,2.90,8.0,0.00
3,2025-07-21,29.4,23.8,8.3,22.0,1.80,1.80,7.0,0.00
3,2025-07-22,29.7,22.4,12.8,28.1,0.70,0.70,3.0,0.00
3,2025-07-23,33.2,23.8,8.5,19.4,0.00,0.00,0.0,0.00
3,2025-07-24,32.6,21.4,17.8,35.3,0.00,0.00,0.0,0.00
3,2025-07-25,29.0,21.2,9.7,20.9,3.20,3.20,4.0,0.00
3,2025-07-26,25.0,21.6,8.0,15.8,1.30,1.30,10.0,0.00
3,2025-07-27,24.4,20.2,9.7,22.0,5.70,5.70,8.0,0.00
3,2025-07-28,24.7,20.2,9.2,24.1,0.20,0.20,2.0,0.00
3,2025-07-29,25.5,19.4,12.4,28.4,1.30,1.30,5.0,0.00
3,2025-07-30,25.0,19.7,12.5,28.4,0.00,0.00,0.0,0.00
3,2025-07-31,27.9,22.1,15.9,29.9,0.70,0.70,3.0,0.00
3,2025-08-01,28.2,22.8,20.2,38.2,0.00,0.00,0.0,0.00
3,2025-08-02,29.2,21.6,18.4,36.4,0.20,0.20,2.0,0.00
3,2025-08-03,25.6,21.4,11.2,25.2,0.80,0.80,6.0,0.00
3,2025-08-04,29.2,23.0,19.0,37.1,2.40,2.40,3.0,0.00
3,2025-08-05,26.7,21.9,8.0,25.6,15.20,15.20,8.0,0.00
3,2025-08-06,27.0,21.2,9.4,20.9,3.70,3.70,7.0,0.00
3,2025-08-07,23.3,20.0,11.1,19.8,26.30,26.30,17.0,0.00
3,2025-08-08,24.5,19.2,12.4,31.7,6.10,6.10,17.0,0.00
3,2025-08-09,24.1,19.0,8.4,24.5,2.50,2.50,6.0,0.00
3,2025-08-10,26.5,20.5,17.4,34.9,0.10,0.10,1.0,0.00
3,2025-08-11,26.2,19.9,7.4,20.9,9.90,9.90,12.0,0.00
3,2025-08-12,23.5,19.4,11.3,27.7,2.70,2.70,16.0,0.00
3,2025-08-13,24.1,18.2,11.2,26.3,0.10,0.10,1.0,0.00
3,2025-08-14,27.4,22.0,17.7,33.8,2.90,2.90,5.0,0.00
3,2025-08-15,27.9,18.8,21.9,43.9,7.30,7.30,6.0,0.00
3,2025-08-16,29.1,21.2,13.4,23.8,0.00,0.00,0.0,0.00
3,2025-08-17,27.3,19.1,22.8,42.5,19.50,19.50,16.0,0.00
3,2025-08-18,23.7,19.7,16.9,32.4,2.50,2.50,4.0,0.00
3,2025-08-19,24.5,19.2,21.7,40.0,10.80,10.80,6.0,0.00
3,2025-08-20,28.5,19.5,19.4,37.1,4.00,4.00,10.0,0.00
3,2025-08-21,21.6,16.1,18.0,39.2,2.20,2.20,8.0,0.00
3,2025-08-22,22.8,16.9,20.8,38.5,31.30,31.30,12.0,0.00
3,2025-08-23,26.3,19.2,27.2,50.0,3.50,3.50,12.0,0.00
3,2025-08-24,22.4,17.3,15.5,33.8,0.50,0.50,3.0,0.00
3,2025-08-25,26.4,20.3,13.9,27.7,0.00,0.00,0.0,0.00
3,2025-08-26,25.7,22.4,36.0,67.0,0.70,0.70,3.0,0.00
3,2025-08-27,28.3,17.1,28.0,56.9,21.90,21.90,14.0,0.00
3,2025-08-28,20.1,15.1,30.7,60.1,0.60,0.60,4.0,0.00
3,2025-08-29,21.4,15.6,7.4,19.8,0.10,0.10,1.0,0.00
3,2025-08-30,20.2,15.9,8.3,18.0,1.60,1.60,5.0,0.00
3,2025-08-31,23.8,17.6,13.6,26.3,0.60,0.60,4.0,0.00
3,2025-09-01,24.0,19.5,26.2,50.8,3.80,3.80,12.0,0.00
3,2025-09-02,19.7,16.9,10.9,25.2,27.80,27.80,22.0,0.00
3,2025-09-03,20.6,16.9,15.0,34.9,3.30,3.30,18.0,0.00
3,2025-09-04,22.0,15.9,9.4,21.6,0.10,0.10,1.0,0.00
3,2025-09-05,24.7,16.5,9.7,22.7,0.00,0.00,0.0,0.00
3,2025-09-06,25.4,18.7,6.8,18.0,0.00,0.00,0.0,0.00
3,2025-09-07,24.7,18.9,23.8,46.8,1.80,1.80,7.0,0.00
3,2025-09-08,23.1,16.9,12.2,26.3,0.30,0.30,2.0,0.00
3,2025-09-09,24.7,19.0,19.0,36.7,0.00,0.00,0.0,0.00
3,2025-09-10,24.5,16.3,8.3,21.2,0.00,0.00,0.0,0.00
3,2025-09-11,24.5,15.1,14.2,28.4,0.30,0.30,2.0,0.00
3,2025-09-12,21.3,16.7,12.6,25.6,0.10,0.10,1.0,0.00
3,2025-09-13,23.6,17.8,44.7,84.6,26.70,26.70,12.0,0.00
3,2025-09-14,21.6,14.2,41.9,81.0,3.40,3.40,7.0,0.00
3,2025-09-15,25.2,17.1,23.7,43.9,0.00,0.00,0.0,0.00
3,2025-09-16,24.0,16.4,19.5,37.1,0.00,0.00,0.0,0.00
3,2025-09-17,23.9,14.9,15.7,33.1,1.50,1.50,6.0,0.00
3,2025-09-18,20.0,12.5,18.5,38.5,3.60,3.60,8.0,0.00
3,2025-09-19,18.2,10.0,15.5,34.9,0.10,0.10,1.0,0.00
3,2025-09-20,20.7,13.0,53.8,103.0,50.30,50.30,18.0,0.00
3,2025-09-21,16.7,12.3,49.1,94.7,15.60,15.60,20.0,0.00
3,2025-09-22,18.2,11.7,21.0,42.8,4.30,4.30,8.0,0.00
3,2025-09-23,19.8,11.0,8.1,19.4,0.00,0.00,0.0,0.00
3,2025-09-24,21.4,16.6,22.3,44.3,0.70,0.70,4.0,0.00
3,2025-09-25,19.5,15.2,37.4,72.0,12.60,12.60,13.0,0.00
3,2025-09-26,23.4,12.9,12.2,29.9,5.30,5.30,9.0,0.00
3,2025-09-27,21.3,12.7,10.7,26.6,0.00,0.00,0.0,0.00
3,2025-09-28,22.7,15.3,7.1,16.6,0.00,0.00,0.0,0.00
3,2025-09-29,21.2,12.3,24.2,45.0,2.70,2.70,7.0,0.00
3,2025-09-30,16.0,11.7,13.3,24.8,0.00,0.00,0.0,0.00
3,2025-10-01,19.2,13.1,18.5,37.4,0.10,0.10,1.0,0.00
3,2025-10-02,19.4,14.3,10.2,20.9,1.10,1.10,6.0,0.00
3,2025-10-03,24.1,10.6,14.6,29.9,0.30,0.30,2.0,0.00
3,2025-10-04,21.9,15.6,21.8,41.8,0.00,0.00,0.0,0.00
3,2025-10-05,24.8,13.6,21.3,42.8,0.00,0.00,0.0,0.00
3,2025-10-06,14.2,8.3,25.5,52.2,0.20,0.20,2.0,0.00
3,2025-10-07,15.7,12.0,25.7,48.2,6.90,6.90,5.0,0.00
3,2025-10-08,20.0,8.8,30.7,60.5,11.00,11.00,15.0,0.00
3,2025-10-09,10.3,4.8,24.1,49.3,0.30,0.30,2.0,0.00
3,2025-10-10,10.6,5.8,25.4,55.1,32.20,32.20,23.0,0.00
3,2025-10-11,12.0,4.6,29.6,57.6,0.30,0.30,1.0,0.00
3,2025-10-12,13.4,11.8,26.0,46.8,1.90,1.90,7.0,0.00
3,2025-10-13,11.8,5.4,24.3,51.1,0.30,0.30,2.0,0.00
3,2025-10-14,11.9,7.5,15.8,34.6,2.40,2.40,5.0,0.00
3,2025-10-15,11.2,4.9,26.8,54.4,3.10,3.10,3.0,0.00
3,2025-10-16,12.6,9.6,10.1,21.2,5.40,5.40,17.0,0.00
3,2025-10-17,13.5,9.9,14.2,32.4,0.70,0.70,6.0,0.00
3,2025-10-18,16.7,7.1,27.3,50.0,12.80,12.80,19.0,0.00
3,2025-10-19,8.9,3.8,22.4,49.0,2.90,2.90,5.0,0.00
3,2025-10-20,8.6,0.7,28.2,56.5,0.80,0.80,6.0,0.00
3,2025-10-21,8.6,2.8,12.3,29.5,0.00,0.00,0.0,0.00
3,2025-10-22,8.5,3.6,13.5,35.3,1.80,1.80,6.0,0.00
3,2025-10-23,8.0,2.7,12.0,28.8,1.50,1.50,11.0,0.00
3,2025-10-24,7.5,-0.2,11.7,33.1,3.40,3.40,12.0,0.00
3,2025-10-25,11.5,1.5,17.2,41.4,0.00,0.00,0.0,0.00
3,2025-10-26,13.5,8.3,23.1,43.9,24.10,24.10,15.0,0.00
3,2025-10-27,15.0,3.3,24.9,54.7,4.20,4.20,6.0,0.00
3,2025-10-28,8.9,2.0,33.9,74.9,0.00,0.00,0.0,0.00
3,2025-10-29,7.3,0.4,27.1,55.1,1.00,0.90,4.0,0.07
3,2025-10-30,13.2,7.7,30.4,56.9,0.00,0.00,0.0,0.00
3,2025-10-31,17.3,7.5,13.2,26.3,11.30,11.30,8.0,0.00
3,2025-11-01,10.5,5.8,56.0,113.4,63.40,63.40,23.0,0.00
3,2025-11-02,9.0,5.3,20.0,36.4,7.80,7.80,17.0,0.00
3,2025-11-03,6.8,-0.6,22.6,46.8,2.70,2.70,10.0,0.00
3,2025-11-04,10.8,2.8,19.0,34.6,0.00,0.00,0.0,0.00
3,2025-11-05,14.4,5.0,16.4,38.2,0.00,0.00,0.0,0.00
3,2025-11-06,11.7,4.7,17.8,38.2,2.00,1.90,7.0,0.07
3,2025-11-07,6.0,-1.1,35.5,69.8,31.40,2.90,21.0,20.02
3,2025-11-08,1.7,-4.8,29.2,57.2,0.10,0.00,1.0,0.07
3,2025-11-09,6.3,2.8,17.5,32.8,6.40,6.40,7.0,0.00
3,2025-11-10,7.3,0.8,27.7,52.2,6.80,3.80,9.0,2.10
3,2025-11-11,3.7,0.2,34.1,69.1,8.80,0.40,20.0,5.88
3,2025-11-12,6.9,-1.7,26.2,50.4,0.40,0.00,3.0,0.28
3,2025-11-13,12.2,0.8,27.4,53.3,4.40,4.40,11.0,0.00
3,2025-11-14,3.6,-2.0,25.1,50.8,9.20,0.10,10.0,6.37
3,2025-11-15,3.3,-0.8,21.1,40.3,1.60,0.30,6.0,0.91
3,2025-11-16,10.6,0.8,45.0,84.2,0.00,0.00,0.0,0.00
3,2025-11-17,12.6,-2.8,48.0,90.4,6.80,6.20,7.0,0.42
3,2025-11-18,0.2,-3.0,28.3,56.5,1.70,0.00,8.0,1.19
3,2025-11-19,2.1,-4.3,23.6,47.2,0.00,0.00,0.0,0.00
3,2025-11-20,8.7,0.8,30.4,59.4,2.20,2.20,5.0,0.00
3,2025-11-21,6.7,-1.8,19.0,37.8,2.10,1.40,7.0,0.49
3,2025-11-22,4.8,-0.2,24.2,49.3,0.00,0.00,0.0,0.00
3,2025-11-23,12.3,1.4,15.9,29.5,0.00,0.00,0.0,0.00
3,2025-11-24,10.4,0.3,7.2,17.6,0.00,0.00,0.0,0.00
3,2025-11-25,7.7,1.5,10.2,20.2,0.10,0.10,1.0,0.00
3,2025-11-26,5.1,0.7,11.2,24.5,3.90,3.90,10.0,0.00
3,2025-11-27,9.0,2.3,32.2,61.6,6.70,6.70,4.0,0.00
3,2025-11-28,10.3,0.0,29.1,65.9,21.20,16.50,12.0,3.29
3,2025-11-29,3.5,-2.1,31.7,63.7,0.00,0.00,0.0,0.00
3,2025-11-30,7.9,-1.3,26.9,52.6,3.30,1.90,3.0,0.98
3,2025-12-01,11.0,-1.4,41.0,76.0,1.00,1.00,3.0,0.00
3,2025-12-02,5.6,-0.8,18.7,41.4,11.00,10.20,7.0,0.56
3,2025-12-03,3.0,-3.5,24.7,45.7,14.30,0.00,16.0,10.01
3,2025-12-04,-3.6,-7.7,31.8,58.7,3.30,0.00,4.0,2.31
3,2025-12-05,-1.3,-4.9,18.7,34.6,0.00,0.00,0.0,0.00
3,2025-12-06,4.9,-2.1,25.4,46.4,0.00,0.00,0.0,0.00
3,2025-12-07,9.1,-0.7,9.1,21.6,0.70,0.20,3.0,0.35
3,2025-12-08,5.0,-5.4,29.6,57.2,16.30,0.60,12.0,10.99
3,2025-12-09,-2.2,-7.7,14.4,26.3,0.10,0.00,1.0,0.07
3,2025-12-10,-0.4,-7.2,25.6,48.6,0.00,0.00,0.0,0.00
3,2025-12-11,1.5,-6.3,28.2,57.2,17.60,0.00,22.0,12.39
3,2025-12-12,-6.6,-9.4,30.7,55.8,8.60,0.00,16.0,6.09
3,2025-12-13,-4.0,-10.0,26.9,49.3,0.00,0.00,0.0,0.00
3,2025-12-14,1.9,-5.2,62.4,112.7,53.80,3.20,18.0,35.42
3,2025-12-15,1.7,-4.3,61.7,106.9,11.80,2.60,15.0,6.51
3,2025-12-16,-0.2,-10.2,17.4,31.0,0.00,0.00,0.0,0.00
3,2025-12-17,-3.8,-12.6,10.2,19.1,0.00,0.00,0.0,0.00
3,2025-12-18,-3.6,-9.5,13.1,26.3,0.00,0.00,0.0,0.00
3,2025-12-19,5.7,-8.3,37.7,69.1,0.00,0.00,0.0,0.00
3,2025-12-20,7.9,1.5,26.3,55.8,2.80,2.80,2.0,0.00
3,2025-12-21,1.9,-1.0,22.7,38.9,12.70,5.10,19.0,5.32
3,2025-12-22,-1.3,-10.1,22.9,49.0,4.50,0.00,8.0,3.22
3,2025-12-23,3.0,-7.6,21.9,40.7,0.30,0.10,3.0,0.21
3,2025-12-24,4.7,-0.4,19.3,39.2,0.40,0.20,2.0,0.14
3,2025-12-25,1.3,-2.2,25.3,46.8,14.60,1.60,22.0,9.10
3,2025-12-26,-2.1,-8.9,26.3,47.5,9.30,0.00,21.0,6.58
3,2025-12-27,-7.4,-10.6,18.1,33.1,0.00,0.00,0.0,0.00
3,2025-12-28,-3.0,-11.0,14.7,29.2,0.00,0.00,0.0,0.00
3,2025-12-29,4.0,-3.4,23.7,44.3,1.90,1.90,5.0,0.00
3,2025-12-30,1.7,-7.3,14.9,29.2,6.20,0.40,12.0,4.06
3,2025-12-31,-3.5,-13.7,18.4,35.3,0.00,0.00,0.0,0.00
3,2026-01-01,-5.7,-12.0,17.9,32.8,0.40,0.00,4.0,0.35
3,2026-01-02,-1.5,-5.6,21.5,40.7,0.80,0.10,5.0,0.49
3,2026-01-03,-1.9,-11.7,23.7,43.2,2.30,0.00,13.0,1.61
3,2026-01-04,-2.8,-10.5,15.5,28.8,0.70,0.00,5.0,0.49
3,2026-01-05,-5.6,-12.0,16.8,28.1,5.60,0.00,4.0,3.92
3,2026-01-06,-6.4,-15.8,14.8,27.4,5.60,0.00,7.0,3.92
3,2026-01-07,3.1,-9.7,41.2,74.5,13.50,1.90,12.0,8.12
3,2026-01-08,-1.8,-10.2,21.6,38.9,3.70,0.00,12.0,2.59
3,2026-01-09,-5.0,-12.3,11.1,24.8,0.00,0.00,0.0,0.07
3,2026-01-10,4.5,-6.2,40.3,72.7,9.70,3.40,8.0,4.41
3,2026-01-11,4.7,-5.3,36.0,65.2,1.10,0.00,9.0,0.77
3,2026-01-12,-3.2,-12.2,34.1,67.3,0.00,0.00,0.0,0.00
3,2026-01-13,2.6,-9.1,36.0,70.2,4.60,0.00,5.0,3.22
3,2026-01-14,-6.5,-11.3,25.6,49.0,0.10,0.00,1.0,0.07
3,2026-01-15,-2.8,-11.7,12.4,27.4,0.00,0.00,0.0,0.00
3,2026-01-16,-2.1,-7.5,6.5,12.2,0.00,0.00,0.0,0.14
3,2026-01-17,-1.4,-8.7,15.5,25.9,0.40,0.00,3.0,0.28
3,2026-01-18,-3.4,-5.5,24.1,44.3,4.60,0.20,16.0,3.08
3,2026-01-19,-2.9,-9.8,27.3,50.4,6.20,0.00,8.0,4.34
3,2026-01-20,-4.1,-10.1,31.9,60.8,5.30,0.00,14.0,3.71
3,2026-01-21,-4.7,-8.2,20.1,37.1,1.80,0.00,13.0,1.26
3,2026-01-22,-5.0,-11.7,17.5,33.5,3.40,0.10,7.0,2.31
3,2026-01-23,-5.4,-17.0,5.4,12.6,0.00,0.00,0.0,0.00
3,2026-01-24,-6.0,-14.1,11.2,18.7,0.00,0.00,0.0,0.00
3,2026-01-25,-6.5,-10.1,23.4,42.8,9.00,0.10,18.0,6.23
3,2026-01-26,-6.0,-13.8,9.4,18.7,0.50,0.00,5.0,0.35
3,2026-01-27,-3.7,-8.1,18.5,32.4,1.40,0.00,5.0,0.98
3,2026-01-28,-3.2,-7.9,25.0,47.2,3.10,0.00,11.0,2.17
3,2026-01-29,-5.3,-8.7,15.2,26.3,2.30,0.30,8.0,1.40
3,2026-01-30,-2.4,-4.5,25.5,46.8,7.70,0.20,22.0,5.25
3,2026-01-31,-3.7,-5.8,24.0,45.7,3.50,0.00,21.0,2.45
