location_id,city/town,latitude,longitude,elevation,utc_offset_seconds,timezone,timezone_abbreviation
0,Tsu,34.76274,136.48102,17.0,32400,Asia/Tokyo,GMT+9
1,Kuwana,35.043934,136.71756,3.0,32400,Asia/Tokyo,GMT+9
2,Kumano,33.919155,136.1222,9.0,32400,Asia/Tokyo,GMT+9
3,Toba,34.481544,136.8136,10.0,32400,Asia/Tokyo,GMT+9

location_id,time,temperature_2m_max,temperature_2m_min,wind_speed_10m_max,wind_gusts_10m_max,snowfall_sum,rain_sum,precipitation_hours,precipitation_sum
0,2021-01-01,4.4,-0.9,27.7,53.3,0.0,0.0,0.0,0.0
0,2021-01-02,8.6,0.1,25.3,51.1,0.0,0.0,0.0,0.0
0,2021-01-03,8.5,0.9,26.4,52.2,0.0,0.0,0.0,0.0
0,2021-01-04,10.0,1.1,16.3,31.0,0.0,0.0,0.0,0.0
0,2021-01-05,9.1,1.1,11.8,24.5,0.0,0.0,0.0,0.0
0,2021-01-06,8.8,2.4,20.5,41.0,0.0,0.2,2.0,0.2
0,2021-01-07,7.5,-2.6,33.5,68.8,0.0,0.7,3.0,0.7
0,2021-01-08,2.7,-3.8,28.5,54.0,0.0,0.0,0.0,0.0
0,2021-01-09,3.7,-2.8,29.6,56.5,0.0,0.0,0.0,0.0
0,2021-01-10,5.7,-1.9,26.8,50.4,0.0,0.0,0.0,0.0
0,2021-01-11,7.0,-0.5,22.8,43.9,0.0,0.0,0.0,0.0
0,2021-01-12,5.4,1.3,15.7,28.4,0.0,3.4,10.0,3.4
0,2021-01-13,9.5,-1.1,17.6,34.9,0.0,0.0,0.0,0.0
0,2021-01-14,13.0,-0.2,17.1,32.4,0.0,0.0,0.0,0.0
0,2021-01-15,12.0,-0.4,10.5,19.8,0.0,0.0,0.0,0.0
0,2021-01-16,14.3,3.2,22.7,49.0,0.0,0.9,2.0,0.9
0,2021-01-17,9.2,2.6,22.6,42.5,0.0,0.0,0.0,0.0
0,2021-01-18,6.7,-0.1,24.1,46.8,0.14,0.1,3.0,0.3
0,2021-01-19,4.8,1.0,30.8,59.0,0.0,0.0,0.0,0.0
0,2021-01-20,8.3,-0.4,21.7,41.8,0.0,0.0,0.0,0.0
0,2021-01-21,12.5,-2.6,7.6,17.6,0.0,0.0,0.0,0.0
0,2021-01-22,9.5,4.2,7.3,13.3,0.0,4.6,12.0,4.6
0,2021-01-23,9.9,7.1,8.8,16.6,0.0,26.2,22.0,26.2
0,2021-01-24,9.2,7.2,23.2,42.1,0.0,15.6,20.0,15.6
0,2021-01-25,13.9,4.6,20.1,36.4,0.0,0.0,0.0,0.0
0,2021-01-26,12.7,4.7,20.9,38.5,0.0,3.5,9.0,3.5
0,2021-01-27,13.7,6.2,29.5,56.2,0.0,9.0,5.0,9.0
0,2021-01-28,9.7,4.8,20.7,38.5,0.0,0.2,1.0,0.2
0,2021-01-29,7.8,-0.1,32.2,64.1,0.0,0.2,2.0,0.2
0,2021-01-30,7.0,-0.2,27.5,51.8,0.0,0.0,0.0,0.0
0,2021-01-31,9.3,1.7,19.1,37.4,0.0,0.0,0.0,0.0
0,2021-02-01,11.2,-0.8,12.4,27.7,0.0,0.2,2.0,0.2
0,2021-02-02,13.3,3.1,30.0,56.5,0.0,14.9,9.0,14.9
0,2021-02-03,6.8,0.4,22.8,45.7,0.0,0.0,0.0,0.0
0,2021-02-04,9.1,-1.6,31.5,61.6,0.0,0.0,0.0,0.0
0,2021-02-05,10.8,0.7,11.0,22.3,0.0,0.0,0.0,0.0
0,2021-02-06,13.4,4.4,11.2,20.2,0.0,0.2,2.0,0.2
0,2021-02-07,14.3,3.9,23.2,45.0,0.0,0.1,1.0,0.1
0,2021-02-08,8.6,2.1,22.1,44.3,0.07,0.4,3.0,0.5
0,2021-02-09,6.6,-0.3,24.4,47.5,0.0,0.0,0.0,0.0
0,2021-02-10,10.9,-0.9,16.5,34.2,0.0,0.0,0.0,0.0
0,2021-02-11,11.8,3.5,24.3,47.2,0.0,0.0,0.0,0.0
0,2021-02-12,12.7,2.1,9.8,19.4,0.0,0.0,0.0,0.0
0,2021-02-13,14.6,8.8,9.9,23.4,0.0,0.0,0.0,0.0
0,2021-02-14,15.1,6.3,12.3,25.9,0.0,0.2,2.0,0.2
0,2021-02-15,14.8,9.9,34.9,72.4,0.0,64.6,15.0,64.6
0,2021-02-16,10.0,2.0,32.6,61.9,0.0,0.0,0.0,0.0
0,2021-02-17,6.0,-1.0,34.7,68.4,0.0,0.3,3.0,0.3
0,2021-02-18,5.4,-3.0,28.6,53.6,0.28,0.0,3.0,0.3
0,2021-02-19,9.1,-0.7,18.1,36.7,0.0,0.0,0.0,0.0
0,2021-02-20,15.7,0.5,19.8,38.5,0.0,0.0,0.0,0.0
0,2021-02-21,18.8,5.2,21.7,41.8,0.0,0.0,0.0,0.0
0,2021-02-22,19.0,5.6,20.9,40.7,0.0,0.0,0.0,0.0
0,2021-02-23,12.7,3.8,28.6,55.8,0.0,0.0,0.0,0.0
0,2021-02-24,8.3,1.3,23.6,47.2,0.0,0.0,0.0,0.0
0,2021-02-25,11.3,0.3,20.0,37.1,0.0,0.0,0.0,0.0
0,2021-02-26,8.1,5.2,18.4,34.9,0.0,3.1,11.0,3.1
0,2021-02-27,10.2,2.2,30.1,58.0,0.0,0.0,0.0,0.0
0,2021-02-28,11.5,4.9,23.3,46.1,0.0,0.1,1.0,0.1
0,2021-03-01,15.5,7.9,16.0,32.8,0.0,0.0,0.0,0.0
0,2021-03-02,16.2,4.8,41.0,80.3,0.0,19.9,15.0,19.9
0,2021-03-03,10.1,2.2,25.8,50.8,0.0,0.0,0.0,0.0
0,2021-03-04,11.8,3.8,13.4,27.0,0.0,2.2,9.0,2.2
0,2021-03-05,14.0,9.7,22.1,42.1,0.0,21.2,24.0,21.2
0,2021-03-06,16.5,5.4,35.2,65.2,0.0,1.0,7.0,1.0
0,2021-03-07,10.2,2.9,36.9,67.3,0.0,1.3,7.0,1.3
0,2021-03-08,11.8,3.8,22.1,40.3,0.0,13.3,12.0,13.3
0,2021-03-09,12.5,1.0,12.8,22.3,0.0,0.0,0.0,0.0
0,2021-03-10,14.3,4.7,27.7,53.3,0.0,0.0,0.0,0.0
0,2021-03-11,13.9,1.4,21.2,41.4,0.0,0.0,0.0,0.0
0,2021-03-12,13.2,7.8,20.6,50.8,0.0,31.6,12.0,31.6
0,2021-03-13,14.7,8.6,42.5,78.8,0.0,73.3,13.0,73.3
0,2021-03-14,13.0,5.8,28.6,54.7,0.0,0.0,0.0,0.0
0,2021-03-15,15.4,5.4,26.5,51.5,0.0,0.0,0.0,0.0
0,2021-03-16,17.8,4.6,9.0,18.0,0.0,1.9,6.0,1.9
0,2021-03-17,14.2,5.5,32.0,60.5,0.0,0.1,1.0,0.1
0,2021-03-18,17.1,4.1,25.8,48.2,0.0,0.0,0.0,0.0
0,2021-03-19,18.9,4.7,13.8,24.8,0.0,0.0,0.0,0.0
0,2021-03-20,16.6,8.6,27.5,53.3,0.0,5.4,4.0,5.4
0,2021-03-21,22.0,10.1,26.8,52.6,0.0,39.6,22.0,39.6
0,2021-03-22,12.6,5.5,27.2,54.0,0.0,0.1,1.0,0.1
0,2021-03-23,14.5,2.7,15.9,31.7,0.0,0.0,0.0,0.0
0,2021-03-24,15.8,4.4,11.4,27.7,0.0,0.0,0.0,0.0
0,2021-03-25,14.2,9.1,10.9,19.8,0.0,3.9,9.0,3.9
0,2021-03-26,18.5,5.9,29.7,56.5,0.0,0.0,0.0,0.0
0,2021-03-27,16.4,4.0,21.3,42.1,0.0,0.7,3.0,0.7
0,2021-03-28,16.8,13.9,22.1,44.3,0.0,36.0,15.0,36.0
0,2021-03-29,22.0,12.2,20.1,38.2,0.0,0.8,2.0,0.8
0,2021-03-30,20.6,7.6,20.9,38.9,0.0,0.0,0.0,0.0
0,2021-03-31,21.5,8.7,21.6,40.3,0.0,0.0,0.0,0.0
0,2021-04-01,19.2,6.2,12.3,25.9,0.0,0.4,3.0,0.4
0,2021-04-02,17.8,13.4,26.4,51.8,0.0,1.1,9.0,1.1
0,2021-04-03,17.8,13.8,21.3,42.8,0.0,1.9,7.0,1.9
0,2021-04-04,17.2,14.2,17.4,41.0,0.0,30.9,17.0,30.9
0,2021-04-05,14.8,8.4,36.4,69.1,0.0,1.7,2.0,1.7
0,2021-04-06,15.1,8.6,20.9,43.2,0.0,6.3,6.0,6.3
0,2021-04-07,18.1,9.0,25.3,48.2,0.0,1.2,5.0,1.2
0,2021-04-08,18.7,7.7,16.3,28.8,0.0,0.8,3.0,0.8
0,2021-04-09,14.8,5.6,25.5,51.8,0.0,0.0,0.0,0.0
0,2021-04-10,15.6,4.5,23.9,44.6,0.0,0.0,0.0,0.0
0,2021-04-11,15.5,4.4,16.0,33.1,0.0,0.0,0.0,0.0
0,2021-04-12,16.7,8.8,27.2,52.9,0.0,0.4,4.0,0.4
0,2021-04-13,17.4,13.2,22.7,43.9,0.0,18.9,17.0,18.9
0,2021-04-14,20.4,7.5,26.7,49.7,0.0,4.3,4.0,4.3
0,2021-04-15,15.2,5.3,25.0,46.8,0.0,0.0,0.0,0.0
0,2021-04-16,15.0,12.5,26.4,49.0,0.0,8.8,15.0,8.8
0,2021-04-17,15.0,11.7,22.7,45.4,0.0,75.3,22.0,75.3
0,2021-04-18,15.0,8.5,34.5,74.2,0.0,1.0,3.0,1.0
0,2021-04-19,18.2,7.1,21.6,44.3,0.0,0.0,0.0,0.0
0,2021-04-20,23.4,7.5,18.3,32.4,0.0,0.0,0.0,0.0
0,2021-04-21,23.7,11.5,23.4,44.6,0.0,0.0,0.0,0.0
0,2021-04-22,23.7,9.2,17.2,32.8,0.0,0.0,0.0,0.0
0,2021-04-23,19.0,9.2,20.1,41.4,0.0,0.1,1.0,0.1
0,2021-04-24,18.1,12.1,12.7,27.4,0.0,0.0,0.0,0.0
0,2021-04-25,19.7,9.4,33.2,61.9,0.0,0.0,0.0,0.0
0,2021-04-26,17.1,7.0,34.7,64.4,0.0,0.0,0.0,0.0
0,2021-04-27,19.4,5.7,16.8,31.7,0.0,0.0,0.0,0.0
0,2021-04-28,18.9,12.2,10.6,22.3,0.0,5.3,15.0,5.3
0,2021-04-29,17.9,13.4,28.9,53.3,0.0,41.6,21.0,41.6
0,2021-04-30,21.0,10.9,24.9,53.3,0.0,0.2,2.0,0.2
0,2021-05-01,22.6,9.5,25.5,53.3,0.0,1.8,5.0,1.8
0,2021-05-02,16.5,10.2,33.5,72.0,0.0,0.6,4.0,0.6
0,2021-05-03,19.2,9.3,23.1,45.0,0.0,0.0,0.0,0.0
0,2021-05-04,20.6,8.3,12.3,28.4,0.0,0.0,0.0,0.0
0,2021-05-05,17.4,14.1,18.0,34.9,0.0,29.5,17.0,29.5
0,2021-05-06,24.9,13.1,20.8,39.2,0.0,0.5,2.0,0.5
0,2021-05-07,18.3,13.6,14.8,29.2,0.0,8.7,7.0,8.7
0,2021-05-08,21.5,10.1,12.2,25.6,0.0,0.0,0.0,0.0
0,2021-05-09,24.0,13.7,26.4,50.0,0.0,0.0,0.0,0.0
0,2021-05-10,23.5,9.5,11.8,20.9,0.0,0.0,0.0,0.0
0,2021-05-11,22.6,13.2,14.7,28.8,0.0,0.0,0.0,0.0
0,2021-05-12,18.1,13.7,22.9,44.3,0.0,14.8,15.0,14.8
0,2021-05-13,22.3,14.6,19.2,42.1,0.0,13.0,10.0,13.0
0,2021-05-14,28.4,16.1,14.8,31.3,0.0,0.0,0.0,0.0
0,2021-05-15,22.0,17.7,24.8,48.2,0.0,2.7,12.0,2.7
0,2021-05-16,19.1,17.9,19.7,38.2,0.0,18.1,23.0,18.1
0,2021-05-17,24.2,18.4,9.1,30.6,0.0,14.8,19.0,14.8
0,2021-05-18,24.9,17.3,13.2,31.0,0.0,6.6,10.0,6.6
0,2021-05-19,22.7,17.7,11.0,21.6,0.0,11.1,13.0,11.1
0,2021-05-20,20.7,15.3,17.8,33.5,0.0,34.7,14.0,34.7
0,2021-05-21,26.6,18.3,22.1,41.4,0.0,34.1,20.0,34.1
0,2021-05-22,22.9,16.0,21.7,41.8,0.0,0.7,6.0,0.7
0,2021-05-23,26.2,15.2,21.5,41.8,0.0,0.0,0.0,0.0
0,2021-05-24,22.4,14.8,8.0,16.9,0.0,2.3,8.0,2.3
0,2021-05-25,24.7,14.7,19.8,38.2,0.0,0.1,1.0,0.1
0,2021-05-26,21.9,13.9,15.1,33.8,0.0,0.0,0.0,0.0
0,2021-05-27,17.7,14.3,26.4,55.8,0.0,59.5,15.0,59.5
0,2021-05-28,22.8,15.5,18.1,35.6,0.0,0.0,0.0,0.0
0,2021-05-29,26.1,15.7,21.6,41.4,0.0,0.1,1.0,0.1
0,2021-05-30,25.3,14.5,18.1,36.4,0.0,0.0,0.0,0.0
0,2021-05-31,22.7,11.5,16.9,34.2,0.0,0.0,0.0,0.0
0,2021-06-01,22.9,14.3,21.0,42.8,0.0,0.0,0.0,0.0
0,2021-06-02,22.8,18.7,13.4,28.8,0.0,1.6,10.0,1.6
0,2021-06-03,23.2,17.9,29.3,55.8,0.0,7.6,8.0,7.6
0,2021-06-04,23.5,17.5,26.0,55.8,0.0,32.7,20.0,32.7
0,2021-06-05,24.9,15.6,13.4,27.0,0.0,0.1,1.0,0.1
0,2021-06-06,23.9,17.4,9.1,20.9,0.0,15.0,11.0,15.0
0,2021-06-07,28.5,18.5,13.8,26.3,0.0,0.3,2.0,0.3
0,2021-06-08,30.1,16.9,15.6,27.0,0.0,0.0,0.0,0.0
0,2021-06-09,26.9,16.4,14.2,30.2,0.0,0.0,0.0,0.0
0,2021-06-10,25.9,18.4,18.7,38.5,0.0,0.0,0.0,0.0
0,2021-06-11,25.4,19.8,22.6,45.7,0.0,0.8,3.0,0.8
0,2021-06-12,25.5,20.6,19.1,40.0,0.0,0.9,7.0,0.9
0,2021-06-13,24.9,19.9,16.3,32.4,0.0,2.5,10.0,2.5
0,2021-06-14,25.4,20.1,14.1,29.9,0.0,3.8,10.0,3.8
0,2021-06-15,27.3,19.4,12.7,27.0,0.0,3.8,11.0,3.8
0,2021-06-16,21.1,20.0,20.6,38.2,0.0,44.3,23.0,44.3
0,2021-06-17,26.5,19.0,13.9,28.4,0.0,1.3,4.0,1.3
0,2021-06-18,24.5,18.3,9.9,21.6,0.0,1.2,7.0,1.2
0,2021-06-19,21.8,20.0,19.5,41.8,0.0,70.0,24.0,70.0
0,2021-06-20,26.8,19.1,24.1,46.4,0.0,0.0,0.0,0.0
0,2021-06-21,26.2,16.2,17.3,30.2,0.0,0.0,0.0,0.0
0,2021-06-22,25.4,18.7,11.3,24.1,0.0,0.0,0.0,0.0
0,2021-06-23,25.3,19.5,9.7,25.6,0.0,2.9,11.0,2.9
0,2021-06-24,25.5,17.8,12.7,29.9,0.0,2.5,8.0,2.5
0,2021-06-25,25.7,20.1,17.4,35.3,0.0,2.6,10.0,2.6
0,2021-06-26,24.7,20.1,9.4,20.2,0.0,0.8,7.0,0.8
0,2021-06-27,24.0,20.2,11.9,25.9,0.0,3.2,11.0,3.2
0,2021-06-28,26.2,19.7,15.9,30.6,0.0,3.1,8.0,3.1
0,2021-06-29,29.0,20.4,18.8,37.8,0.0,4.1,10.0,4.1
0,2021-06-30,25.8,19.1,21.4,41.8,0.0,12.2,13.0,12.2
0,2021-07-01,22.9,20.6,24.6,51.8,0.0,60.1,24.0,60.1
0,2021-07-02,27.5,23.2,23.1,53.3,0.0,38.6,20.0,38.6
0,2021-07-03,31.8,23.4,18.2,35.6,0.0,13.6,11.0,13.6
0,2021-07-04,26.7,23.2,14.1,33.8,0.0,5.0,17.0,5.0
0,2021-07-05,32.0,24.0,25.2,48.6,0.0,5.5,6.0,5.5
0,2021-07-06,27.8,23.8,9.2,20.9,0.0,0.0,0.0,0.0
0,2021-07-07,26.6,23.6,22.3,42.5,0.0,21.9,17.0,21.9
0,2021-07-08,27.4,23.1,6.7,27.0,0.0,31.8,18.0,31.8
0,2021-07-09,29.5,23.6,12.6,28.8,0.0,47.2,13.0,47.2
0,2021-07-10,31.4,23.0,11.5,30.6,0.0,0.9,6.0,0.9
0,2021-07-11,32.1,23.9,15.1,36.7,0.0,0.0,0.0,0.0
0,2021-07-12,29.5,22.6,10.1,30.6,0.0,9.3,11.0,9.3
0,2021-07-13,31.5,22.5,16.1,32.0,0.0,1.0,2.0,1.0
0,2021-07-14,27.1,22.3,10.8,24.1,0.0,16.2,17.0,16.2
0,2021-07-15,27.0,22.1,16.3,32.0,0.0,5.5,21.0,5.5
0,2021-07-16,28.0,23.4,25.2,49.3,0.0,8.4,20.0,8.4
0,2021-07-17,27.7,24.0,21.5,42.5,0.0,2.8,8.0,2.8
0,2021-07-18,28.5,24.2,21.5,42.8,0.0,5.8,16.0,5.8
0,2021-07-19,30.3,24.1,12.0,26.3,0.0,0.0,0.0,0.0
0,2021-07-20,30.0,23.9,14.6,30.6,0.0,0.0,0.0,0.0
0,2021-07-21,29.0,22.6,13.4,28.8,0.0,0.0,0.0,0.0
0,2021-07-22,29.6,23.2,15.0,30.2,0.0,0.4,2.0,0.4
0,2021-07-23,29.7,23.0,14.6,29.5,0.0,0.2,2.0,0.2
0,2021-07-24,29.6,23.2,14.4,28.8,0.0,0.0,0.0,0.0
0,2021-07-25,29.7,24.5,13.7,29.5,0.0,0.7,4.0,0.7
0,2021-07-26,33.6,23.1,21.6,39.2,0.0,0.0,0.0,0.0
0,2021-07-27,33.1,25.0,24.9,47.5,0.0,0.0,0.0,0.0
0,2021-07-28,32.8,24.4,15.8,29.5,0.0,0.3,1.0,0.3
0,2021-07-29,31.0,24.6,14.8,32.4,0.0,1.4,11.0,1.4
0,2021-07-30,31.1,24.2,10.0,26.6,0.0,1.2,7.0,1.2
0,2021-07-31,30.6,25.0,8.9,22.7,0.0,2.5,5.0,2.5
0,2021-08-01,31.0,24.9,12.8,26.3,0.0,2.0,10.0,2.0
0,2021-08-02,30.2,24.4,17.5,35.3,0.0,7.1,11.0,7.1
0,2021-08-03,28.6,25.4,23.2,42.8,0.0,28.8,17.0,28.8
0,2021-08-04,31.2,24.7,13.0,28.4,0.0,0.5,5.0,0.5
0,2021-08-05,30.9,24.1,15.5,32.4,0.0,0.0,0.0,0.0
0,2021-08-06,29.1,25.4,24.3,51.1,0.0,11.2,18.0,11.2
0,2021-08-07,29.6,25.1,24.0,46.8,0.0,6.9,16.0,6.9
0,2021-08-08,35.4,26.5,28.4,54.7,0.0,0.0,0.0,0.0
0,2021-08-09,32.1,26.3,38.3,72.4,0.0,4.3,11.0,4.3
0,2021-08-10,31.7,24.3,30.0,57.2,0.0,0.0,0.0,0.0
0,2021-08-11,31.3,22.5,12.5,25.9,0.0,0.8,2.0,0.8
0,2021-08-12,25.9,23.4,6.9,30.6,0.0,35.2,17.0,35.2
0,2021-08-13,25.2,23.2,26.2,61.9,0.0,68.1,23.0,68.1
0,2021-08-14,27.1,23.8,6.4,46.8,0.0,41.3,24.0,41.3
0,2021-08-15,28.4,22.8,20.2,37.8,0.0,29.1,13.0,29.1
0,2021-08-16,24.8,22.8,11.8,24.1,0.0,10.9,21.0,10.9
0,2021-08-17,27.0,23.1,20.9,47.5,0.0,14.8,18.0,14.8
0,2021-08-18,30.0,23.0,14.7,38.2,0.0,19.2,14.0,19.2
0,2021-08-19,27.3,22.9,19.8,39.6,0.0,24.5,13.0,24.5
0,2021-08-20,27.8,22.5,16.2,34.2,0.0,2.2,10.0,2.2
0,2021-08-21,26.8,23.2,12.8,27.4,0.0,2.3,12.0,2.3
0,2021-08-22,30.2,23.6,8.9,40.7,0.0,6.4,12.0,6.4
0,2021-08-23,30.8,24.1,12.6,29.2,0.0,2.4,9.0,2.4
0,2021-08-24,30.1,24.2,11.6,33.1,0.0,4.7,7.0,4.7
0,2021-08-25,32.6,24.5,6.6,29.2,0.0,1.6,4.0,1.6
0,2021-08-26,32.7,24.7,16.7,31.3,0.0,0.0,0.0,0.0
0,2021-08-27,33.5,25.4,16.8,33.8,0.0,0.0,0.0,0.0
0,2021-08-28,33.5,24.8,15.0,29.9,0.0,0.0,0.0,0.0
0,2021-08-29,34.0,24.7,14.9,31.0,0.0,0.0,0.0,0.0
0,2021-08-30,32.5,23.8,12.1,22.3,0.0,0.1,1.0,0.1
0,2021-08-31,32.5,24.2,16.3,30.6,0.0,0.0,0.0,0.0
0,2021-09-01,29.9,21.9,11.3,24.8,0.0,0.3,2.0,0.3
0,2021-09-02,26.6,22.4,13.4,28.4,0.0,20.8,21.0,20.8
0,2021-09-03,24.7,22.2,12.7,33.8,0.0,40.7,21.0,40.7
0,2021-09-04,25.4,21.5,14.3,32.8,0.0,43.3,17.0,43.3
0,2021-09-05,27.0,20.8,10.7,21.2,0.0,1.8,9.0,1.8
0,2021-09-06,27.6,21.6,8.4,31.0,0.0,2.6,14.0,2.6
0,2021-09-07,23.8,19.9,17.9,34.9,0.0,1.8,13.0,1.8
0,2021-09-08,24.4,22.3,18.2,35.3,0.0,22.8,18.0,22.8
0,2021-09-09,29.6,21.7,16.4,30.6,0.0,24.0,9.0,24.0
0,2021-09-10,28.1,19.5,11.6,26.3,0.0,0.0,0.0,0.0
0,2021-09-11,27.0,21.5,9.7,22.7,0.0,2.9,7.0,2.9
0,2021-09-12,24.2,22.1,5.9,12.2,0.0,5.7,10.0,5.7
0,2021-09-13,27.8,19.6,16.5,30.6,0.0,0.0,0.0,0.0
0,2021-09-14,21.9,19.3,8.1,16.2,0.0,19.0,18.0,19.0
0,2021-09-15,25.7,19.7,10.9,26.3,0.0,3.6,8.0,3.6
0,2021-09-16,25.8,18.7,21.5,42.5,0.0,3.3,7.0,3.3
0,2021-09-17,23.6,21.8,23.8,43.2,0.0,42.2,23.0,42.2
0,2021-09-18,29.5,23.5,29.0,53.6,0.0,14.6,10.0,14.6
0,2021-09-19,29.2,21.4,26.9,51.8,0.0,0.1,1.0,0.1
0,2021-09-20,26.6,22.0,15.6,33.1,0.0,0.0,0.0,0.0
0,2021-09-21,24.2,20.8,17.0,34.2,0.0,8.1,10.0,8.1
0,2021-09-22,26.3,21.6,13.3,34.6,0.0,19.2,21.0,19.2
0,2021-09-23,29.8,19.0,16.9,33.8,0.0,0.1,1.0,0.1
0,2021-09-24,27.3,19.1,19.0,37.4,0.0,0.0,0.0,0.0
0,2021-09-25,24.8,18.2,19.0,37.4,0.0,10.8,16.0,10.8
0,2021-09-26,21.1,19.1,22.0,41.4,0.0,45.0,20.0,45.0
0,2021-09-27,24.4,17.6,15.4,31.0,0.0,0.0,0.0,0.0
0,2021-09-28,24.7,19.8,15.9,31.7,0.0,0.0,0.0,0.0
0,2021-09-29,25.2,21.2,21.6,40.7,0.0,4.7,13.0,4.7
0,2021-09-30,25.2,21.1,18.9,38.5,0.0,10.8,11.0,10.8
0,2021-10-01,25.4,21.0,36.8,69.5,0.0,0.9,2.0,0.9
0,2021-10-02,27.2,19.7,31.6,59.0,0.0,0.0,0.0,0.0
0,2021-10-03,26.1,17.3,15.5,28.4,0.0,1.6,3.0,1.6
0,2021-10-04,26.2,20.9,14.9,31.7,0.0,3.1,11.0,3.1
0,2021-10-05,27.2,18.8,12.1,22.0,0.0,0.0,0.0,0.0
0,2021-10-06,27.4,18.6,26.8,50.0,0.0,0.0,0.0,0.0
0,2021-10-07,24.7,19.7,22.5,43.2,0.0,9.5,17.0,9.5
0,2021-10-08,25.9,19.6,10.5,22.0,0.0,0.4,2.0,0.4
0,2021-10-09,25.8,20.1,21.8,36.7,0.0,1.2,6.0,1.2
0,2021-10-10,24.1,20.8,22.6,43.6,0.0,7.8,20.0,7.8
0,2021-10-11,25.6,19.7,11.5,25.2,0.0,0.0,0.0,0.0
0,2021-10-12,26.5,21.5,7.6,19.4,0.0,1.7,8.0,1.7
0,2021-10-13,23.5,20.1,11.4,27.0,0.0,14.0,19.0,14.0
0,2021-10-14,25.7,17.7,11.8,19.4,0.0,0.2,2.0,0.2
0,2021-10-15,24.6,15.0,11.0,19.4,0.0,0.0,0.0,0.0
0,2021-10-16,24.0,16.1,20.3,35.3,0.0,1.4,3.0,1.4
0,2021-10-17,19.2,12.4,27.6,52.9,0.0,1.0,2.0,1.0
0,2021-10-18,18.1,10.4,14.0,25.9,0.0,0.0,0.0,0.0
0,2021-10-19,18.3,13.9,8.9,18.7,0.0,7.5,9.0,7.5
0,2021-10-20,16.9,11.7,31.7,58.7,0.0,0.0,0.0,0.0
0,2021-10-21,16.6,10.8,17.8,33.1,0.0,0.0,0.0,0.0
0,2021-10-22,18.7,11.6,12.2,21.2,0.0,0.0,0.0,0.0
0,2021-10-23,17.5,10.6,25.4,47.5,0.0,0.0,0.0,0.0
0,2021-10-24,18.0,7.6,11.7,19.8,0.0,0.2,2.0,0.2
0,2021-10-25,15.9,13.2,17.1,32.0,0.0,50.5,24.0,50.5
0,2021-10-26,20.7,12.1,26.2,48.2,0.0,4.7,4.0,4.7
0,2021-10-27,21.0,11.2,12.2,22.0,0.0,0.0,0.0,0.0
0,2021-10-28,21.0,12.8,23.2,43.9,0.0,0.0,0.0,0.0
0,2021-10-29,18.9,10.8,21.0,38.9,0.0,0.0,0.0,0.0
0,2021-10-30,18.4,7.9,10.8,18.0,0.0,0.0,0.0,0.0
0,2021-10-31,17.5,12.6,8.8,15.8,0.0,2.7,3.0,2.7
0,2021-11-01,21.1,10.6,11.4,20.5,0.0,0.0,0.0,0.0
0,2021-11-02,21.0,13.1,19.4,34.2,0.0,0.0,0.0,0.0
0,2021-11-03,20.4,12.3,22.1,40.0,0.0,0.0,0.0,0.0
0,2021-11-04,19.4,11.5,20.2,34.9,0.0,0.0,0.0,0.0
0,2021-11-05,19.3,10.7,18.8,34.6,0.0,0.0,0.0,0.0
0,2021-11-06,17.7,7.8,10.9,19.8,0.0,2.1,7.0,2.1
0,2021-11-07,18.7,13.5,14.9,27.4,0.0,0.7,2.0,0.7
0,2021-11-08,20.3,15.1,34.6,66.6,0.0,0.8,7.0,0.8
0,2021-11-09,18.2,12.2,32.4,63.4,0.0,42.6,8.0,42.6
0,2021-11-10,15.8,10.5,23.4,43.6,0.0,0.2,2.0,0.2
0,2021-11-11,15.4,9.0,21.1,40.7,0.0,0.3,3.0,0.3
0,2021-11-12,15.5,6.8,22.3,41.0,0.0,0.2,2.0,0.2
0,2021-11-13,15.8,5.9,17.4,32.4,0.0,0.0,0.0,0.0
0,2021-11-14,17.5,7.1,10.4,17.6,0.0,0.2,2.0,0.2
0,2021-11-15,19.0,7.4,16.3,30.2,0.0,0.0,0.0,0.0
0,2021-11-16,18.5,9.0,15.8,29.5,0.0,0.0,0.0,0.0
0,2021-11-17,18.0,8.7,14.8,27.7,0.0,0.0,0.0,0.0
0,2021-11-18,16.6,8.1,7.7,17.3,0.0,0.0,0.0,0.0
0,2021-11-19,17.1,7.3,13.6,23.8,0.0,0.0,0.0,0.0
0,2021-11-20,18.7,8.3,15.0,26.6,0.0,0.0,0.0,0.0
0,2021-11-21,16.9,6.7,9.6,16.9,0.0,1.2,4.0,1.2
0,2021-11-22,17.4,11.2,25.7,46.1,0.0,20.8,18.0,20.8
0,2021-11-23,12.4,7.5,27.9,51.8,0.0,0.0,0.0,0.0
0,2021-11-24,12.4,7.2,32.3,59.8,0.0,0.0,0.0,0.0
0,2021-11-25,16.0,6.3,26.3,47.2,0.0,0.0,0.0,0.0
0,2021-11-26,16.6,5.5,19.0,36.0,0.0,0.0,0.0,0.0
0,2021-11-27,9.7,5.6,24.5,47.2,0.0,0.2,2.0,0.2
0,2021-11-28,12.9,4.3,20.0,36.0,0.0,0.0,0.0,0.0
0,2021-11-29,11.9,1.9,10.1,17.3,0.0,0.0,0.0,0.0
0,2021-11-30,17.4,5.6,29.0,59.0,0.0,1.0,2.0,1.0
0,2021-12-01,15.8,5.5,31.2,57.6,0.0,36.3,6.0,36.3
0,2021-12-02,11.1,3.6,23.7,43.6,0.0,0.0,0.0,0.0
0,2021-12-03,13.5,3.2,20.1,37.4,0.0,0.0,0.0,0.0
0,2021-12-04,12.2,4.5,24.3,47.2,0.0,0.0,0.0,0.0
0,2021-12-05,11.5,4.1,16.0,30.6,0.0,0.0,0.0,0.0
0,2021-12-06,12.0,8.3,6.8,14.0,0.0,11.4,13.0,11.4
0,2021-12-07,12.9,10.4,18.2,32.8,0.0,45.2,21.0,45.2
0,2021-12-08,13.3,10.0,34.9,63.7,0.0,0.3,1.0,0.3
0,2021-12-09,15.5,6.4,22.1,41.4,0.0,0.0,0.0,0.0
0,2021-12-10,14.4,6.0,10.4,17.3,0.0,0.0,0.0,0.0
0,2021-12-11,17.1,6.1,14.5,28.8,0.0,0.0,0.0,0.0
0,2021-12-12,17.1,6.4,19.7,34.9,0.0,0.0,0.0,0.0
0,2021-12-13,10.6,5.0,26.4,48.6,0.0,0.1,1.0,0.1
0,2021-12-14,11.9,2.6,14.2,24.1,0.0,0.0,0.0,0.0
0,2021-12-15,13.6,3.5,19.3,35.6,0.0,0.0,0.0,0.0
0,2021-12-16,13.0,3.3,8.4,16.2,0.0,1.3,3.0,1.3
0,2021-12-17,13.6,3.5,38.4,69.1,0.0,22.5,13.0,22.5
0,2021-12-18,6.1,-0.2,28.3,65.5,0.49,0.1,3.0,0.8
0,2021-12-19,8.7,-0.1,27.7,50.4,0.0,0.0,0.0,0.0
0,2021-12-20,11.0,1.9,17.8,33.1,0.0,0.0,0.0,0.0
0,2021-12-21,13.9,3.2,18.8,35.6,0.0,0.0,0.0,0.0
0,2021-12-22,12.4,4.5,18.2,35.3,0.0,0.0,0.0,0.0
0,2021-12-23,11.8,2.8,17.2,29.2,0.0,0.0,0.0,0.0
0,2021-12-24,11.7,2.5,10.6,19.1,0.0,8.2,5.0,8.2
0,2021-12-25,12.3,3.1,32.6,61.2,0.0,6.0,7.0,6.0
0,2021-12-26,4.8,-0.6,28.5,54.4,1.12,0.0,10.0,1.6
0,2021-12-27,5.1,-2.2,30.3,55.1,0.0,0.2,2.0,0.2
0,2021-12-28,6.2,-0.1,31.7,58.0,0.0,0.1,1.0,0.1
0,2021-12-29,8.5,-1.0,9.8,21.2,0.0,0.0,0.0,0.0
0,2021-12-30,10.4,2.4,29.0,52.9,0.0,0.0,0.0,0.0
0,2021-12-31,5.2,0.3,33.9,61.9,0.21,0.0,2.0,0.3
0,2022-01-01,3.5,-1.9,23.3,44.3,0.07,0.0,1.0,0.1
0,2022-01-02,9.6,-3.4,16.0,28.8,0.0,0.0,0.0,0.0
0,2022-01-03,10.7,0.1,18.3,34.6,0.0,0.0,0.0,0.0
0,2022-01-04,9.1,2.7,32.1,59.0,0.0,0.1,1.0,0.1
0,2022-01-05,6.0,-0.0,22.1,41.4,0.0,0.0,0.0,0.0
0,2022-01-06,5.9,1.4,15.8,28.8,0.14,0.3,4.0,0.5
0,2022-01-07,5.8,1.8,28.5,52.2,0.0,0.0,0.0,0.0
0,2022-01-08,10.2,-0.1,12.3,21.6,0.0,0.0,0.0,0.0
0,2022-01-09,11.3,-1.3,15.0,25.6,0.0,0.0,0.0,0.0
0,2022-01-10,13.2,2.2,18.7,33.1,0.0,0.0,0.0,0.0
0,2022-01-11,9.1,3.2,25.9,47.2,0.0,8.8,11.0,8.8
0,2022-01-12,5.8,1.1,34.1,64.1,0.0,0.0,0.0,0.0
0,2022-01-13,6.8,0.8,34.9,64.8,0.0,0.2,2.0,0.2
0,2022-01-14,5.8,-0.4,33.0,62.3,0.35,0.1,5.0,0.6
0,2022-01-15,8.6,0.8,17.9,34.6,0.0,0.0,0.0,0.0
0,2022-01-16,11.3,-1.5,17.2,31.7,0.0,0.2,2.0,0.2
0,2022-01-17,9.3,2.2,26.2,47.5,0.0,0.1,1.0,0.1
0,2022-01-18,5.9,0.5,34.9,64.4,0.14,0.0,2.0,0.2
0,2022-01-19,6.9,-1.7,16.5,31.7,0.0,0.1,1.0,0.1
0,2022-01-20,5.8,-0.8,35.0,63.7,0.0,0.1,1.0,0.1
0,2022-01-21,4.7,-0.3,33.0,59.4,0.0,0.0,0.0,0.0
0,2022-01-22,8.0,-0.4,18.1,35.3,0.0,0.0,0.0,0.0
0,2022-01-23,6.4,-0.6,12.1,21.2,0.0,13.4,12.0,13.4
0,2022-01-24,8.6,2.2,30.0,55.8,0.0,1.3,3.0,1.3
0,2022-01-25,9.8,-1.4,20.4,36.7,0.0,0.0,0.0,0.0
0,2022-01-26,11.7,1.7,24.4,44.3,0.0,0.0,0.0,0.0
0,2022-01-27,8.6,3.3,21.7,40.3,0.0,0.0,0.0,0.0
0,2022-01-28,9.3,0.6,19.1,35.6,0.0,0.2,2.0,0.2
0,2022-01-29,9.7,-0.1,18.5,34.9,0.0,0.1,1.0,0.1
0,2022-01-30,8.5,1.4,20.5,36.0,0.0,0.0,0.0,0.0
0,2022-01-31,7.9,0.1,22.5,41.8,0.0,0.0,0.0,0.0
0,2022-02-01,10.1,-1.1,25.2,47.2,0.0,0.0,0.0,0.0
0,2022-02-02,8.4,-0.2,22.4,40.7,0.0,0.0,0.0,0.0
0,2022-02-03,9.3,0.5,23.7,43.6,0.0,0.0,0.0,0.0
0,2022-02-04,8.6,0.3,20.5,38.2,0.0,0.0,0.0,0.0
0,2022-02-05,5.5,-0.0,30.6,57.2,0.35,0.0,3.0,0.5
0,2022-02-06,5.8,-1.5,31.0,57.2,0.56,0.1,3.0,0.9
0,2022-02-07,6.4,-1.0,16.6,32.0,0.0,0.0,0.0,0.0
0,2022-02-08,10.0,1.3,14.4,25.6,0.0,1.4,4.0,1.4
0,2022-02-09,10.7,0.5,19.0,32.4,0.0,0.0,0.0,0.0
0,2022-02-10,6.0,3.3,25.8,45.7,0.0,8.1,13.0,8.1
0,2022-02-11,10.5,2.4,27.3,51.1,0.0,0.0,0.0,0.0
0,2022-02-12,11.7,0.1,15.0,27.7,0.0,0.0,0.0,0.0
0,2022-02-13,7.7,-0.7,12.8,22.7,1.12,10.3,12.0,11.9
0,2022-02-14,11.5,2.9,23.7,41.0,0.0,0.0,0.0,0.0
0,2022-02-15,12.7,0.7,23.9,43.9,0.0,1.0,4.0,1.0
0,2022-02-16,7.0,0.9,29.9,56.2,0.0,0.2,2.0,0.2
0,2022-02-17,4.5,-1.9,26.6,54.7,0.21,0.0,3.0,0.3
0,2022-02-18,8.0,-0.3,27.8,49.3,0.0,0.0,0.0,0.0
0,2022-02-19,8.1,-1.7,15.3,25.6,0.0,5.9,10.0,5.9
0,2022-02-20,8.2,1.1,33.1,60.8,0.0,1.6,6.0,1.6
0,2022-02-21,6.2,-1.1,34.4,63.4,0.0,0.0,0.0,0.0
0,2022-02-22,7.6,-1.4,32.0,59.4,0.0,0.1,1.0,0.1
0,2022-02-23,7.2,-1.6,23.5,44.6,0.0,0.0,0.0,0.0
0,2022-02-24,5.8,-2.5,23.9,44.3,0.84,0.4,4.0,1.6
0,2022-02-25,10.4,-2.0,23.5,45.7,0.0,0.0,0.0,0.0
0,2022-02-26,12.8,-0.6,14.8,29.2,0.0,0.0,0.0,0.0
0,2022-02-27,12.0,1.5,31.7,58.7,0.0,0.0,0.0,0.0
0,2022-02-28,14.3,-0.0,13.7,29.2,0.0,0.0,0.0,0.0
0,2022-03-01,10.8,1.4,11.7,22.7,0.0,9.0,8.0,9.0
0,2022-03-02,14.2,4.4,15.6,30.6,0.0,0.1,1.0,0.1
0,2022-03-03,13.2,2.4,25.4,47.9,0.0,0.0,0.0,0.0
0,2022-03-04,11.6,0.6,13.2,26.3,0.0,0.0,0.0,0.0
0,2022-03-05,16.6,2.1,31.3,56.5,0.0,0.0,0.0,0.0
0,2022-03-06,9.9,1.2,34.7,64.1,0.0,0.0,0.0,0.0
0,2022-03-07,8.8,2.2,24.4,46.4,0.0,0.0,0.0,0.0
0,2022-03-08,11.7,1.3,22.4,41.8,0.0,0.0,0.0,0.0
0,2022-03-09,12.7,0.9,20.1,35.6,0.0,0.0,0.0,0.0
0,2022-03-10,14.1,1.6,12.0,27.0,0.0,0.0,0.0,0.0
0,2022-03-11,14.6,1.8,11.2,23.8,0.0,0.0,0.0,0.0
0,2022-03-12,21.0,5.8,16.8,32.8,0.0,0.0,0.0,0.0
0,2022-03-13,19.9,9.4,11.4,24.5,0.0,0.0,0.0,0.0
0,2022-03-14,22.1,11.1,14.8,29.9,0.0,7.6,4.0,7.6
0,2022-03-15,17.2,8.2,21.4,41.4,0.0,1.7,4.0,1.7
0,2022-03-16,19.9,4.4,13.6,26.3,0.0,0.0,0.0,0.0
0,2022-03-17,17.1,8.2,18.4,35.6,0.0,0.0,0.0,0.0
0,2022-03-18,12.4,8.3,21.3,50.8,0.0,44.1,16.0,44.1
0,2022-03-19,12.0,6.4,33.0,60.1,0.0,1.2,3.0,1.2
0,2022-03-20,11.3,4.1,24.1,45.4,0.0,0.0,0.0,0.0
0,2022-03-21,13.4,5.2,17.6,35.6,0.0,0.0,0.0,0.0
0,2022-03-22,7.5,4.0,21.6,39.2,0.0,17.0,15.0,17.0
0,2022-03-23,11.0,-0.2,20.3,38.9,0.0,2.2,6.0,2.2
0,2022-03-24,16.6,4.1,25.1,46.1,0.0,0.1,1.0,0.1
0,2022-03-25,15.5,2.7,11.4,26.3,0.0,0.0,0.0,0.0
0,2022-03-26,15.9,9.8,25.7,47.5,0.0,22.4,14.0,22.4
0,2022-03-27,17.2,8.3,33.8,60.8,0.0,0.0,0.0,0.0
0,2022-03-28,13.1,7.2,25.9,46.8,0.0,0.0,0.0,0.0
0,2022-03-29,14.2,6.1,13.9,25.6,0.0,1.2,6.0,1.2
0,2022-03-30,17.6,11.0,13.9,31.3,0.0,0.1,1.0,0.1
0,2022-03-31,18.8,9.2,30.0,53.6,0.0,0.8,6.0,0.8
0,2022-04-01,12.9,5.0,27.4,50.0,0.0,2.6,5.0,2.6
0,2022-04-02,12.2,2.7,15.0,27.0,0.0,1.3,6.0,1.3
0,2022-04-03,11.0,8.6,11.4,21.6,0.0,6.8,18.0,6.8
0,2022-04-04,18.4,8.5,27.2,48.6,0.0,0.7,3.0,0.7
0,2022-04-05,19.4,7.2,26.1,45.7,0.0,0.0,0.0,0.0
0,2022-04-06,19.3,8.6,13.6,25.2,0.0,0.0,0.0,0.0
0,2022-04-07,21.3,7.6,18.7,37.1,0.0,0.0,0.0,0.0
0,2022-04-08,18.8,8.4,21.4,41.4,0.0,0.0,0.0,0.0
0,2022-04-09,20.2,9.1,14.1,29.5,0.0,0.0,0.0,0.0
0,2022-04-10,23.3,8.1,13.6,27.4,0.0,0.0,0.0,0.0
0,2022-04-11,22.6,13.0,17.4,34.2,0.0,0.0,0.0,0.0
0,2022-04-12,23.9,12.0,15.6,32.8,0.0,0.0,0.0,0.0
0,2022-04-13,26.1,13.7,19.5,34.6,0.0,0.0,0.0,0.0
0,2022-04-14,19.6,15.3,27.1,50.8,0.0,20.3,19.0,20.3
0,2022-04-15,19.1,12.8,34.5,61.6,0.0,11.4,15.0,11.4
0,2022-04-16,16.1,8.8,35.4,63.7,0.0,0.0,0.0,0.0
0,2022-04-17,14.2,7.0,19.3,33.1,0.0,5.8,12.0,5.8
0,2022-04-18,16.0,11.9,13.8,23.8,0.0,9.1,12.0,9.1
0,2022-04-19,21.0,10.7,21.4,40.0,0.0,0.0,0.0,0.0
0,2022-04-20,19.2,7.1,12.7,28.8,0.0,0.0,0.0,0.0
0,2022-04-21,17.9,12.8,20.5,38.5,0.0,34.1,14.0,34.1
0,2022-04-22,24.5,12.5,20.8,37.8,0.0,8.5,2.0,8.5
0,2022-04-23,26.0,12.3,18.4,35.6,0.0,0.0,0.0,0.0
0,2022-04-24,17.4,14.8,13.7,32.0,0.0,17.4,12.0,17.4
0,2022-04-25,24.1,13.3,14.0,30.2,0.0,0.0,0.0,0.0
0,2022-04-26,24.6,16.3,19.0,35.6,0.0,10.1,11.0,10.1
0,2022-04-27,23.8,14.1,27.9,49.7,0.0,5.9,8.0,5.9
0,2022-04-28,20.8,12.1,23.8,41.4,0.0,0.0,0.0,0.0
0,2022-04-29,17.2,10.6,37.8,69.8,0.0,46.0,16.0,46.0
0,2022-04-30,18.3,9.3,27.8,50.0,0.0,5.7,7.0,5.7
0,2022-05-01,15.6,11.0,20.5,36.0,0.0,12.0,12.0,12.0
0,2022-05-02,19.7,9.0,25.7,45.7,0.0,0.0,0.0,0.0
0,2022-05-03,19.0,7.4,16.1,32.4,0.0,0.0,0.0,0.0
0,2022-05-04,20.9,8.0,13.3,28.1,0.0,0.0,0.0,0.0
0,2022-05-05,23.3,10.0,10.5,24.1,0.0,0.0,0.0,0.0
0,2022-05-06,21.0,13.8,19.7,37.4,0.0,0.0,0.0,0.0
0,2022-05-07,23.2,13.0,20.7,37.1,0.0,0.0,0.0,0.0
0,2022-05-08,20.7,11.7,27.8,54.0,0.0,0.0,0.0,0.0
0,2022-05-09,18.7,9.6,10.9,20.5,0.0,2.8,6.0,2.8
0,2022-05-10,20.2,9.2,14.7,28.4,0.0,0.0,0.0,0.0
0,2022-05-11,20.6,15.1,15.3,31.0,0.0,0.0,0.0,0.0
0,2022-05-12,18.8,15.3,23.7,41.0,0.0,33.7,18.0,33.7
0,2022-05-13,19.9,17.7,19.8,35.6,0.0,34.8,24.0,34.8
0,2022-05-14,21.6,13.9,32.5,60.5,0.0,21.5,7.0,21.5
0,2022-05-15,19.7,12.4,16.1,29.9,0.0,0.0,0.0,0.0
0,2022-05-16,18.1,12.0,7.0,14.4,0.0,0.1,1.0,0.1
0,2022-05-17,20.4,12.6,7.7,14.0,0.0,0.0,0.0,0.0
0,2022-05-18,23.5,10.2,13.2,28.8,0.0,0.0,0.0,0.0
0,2022-05-19,23.3,12.1,10.5,24.5,0.0,0.0,0.0,0.0
0,2022-05-20,23.7,13.2,8.6,16.9,0.0,0.0,0.0,0.0
0,2022-05-21,19.3,16.2,13.4,28.8,0.0,1.0,7.0,1.0
0,2022-05-22,26.8,13.9,18.5,36.0,0.0,2.5,2.0,2.5
0,2022-05-23,25.4,14.9,20.0,38.2,0.0,0.0,0.0,0.0
0,2022-05-24,24.3,15.0,16.8,33.5,0.0,0.4,4.0,0.4
0,2022-05-25,23.5,16.8,18.7,35.6,0.0,0.5,4.0,0.5
0,2022-05-26,23.1,18.3,20.7,42.5,0.0,19.2,20.0,19.2
0,2022-05-27,26.9,18.3,17.4,43.2,0.0,21.1,10.0,21.1
0,2022-05-28,26.7,14.6,21.4,40.7,0.0,0.0,0.0,0.0
0,2022-05-29,29.2,15.1,13.6,22.7,0.0,0.0,0.0,0.0
0,2022-05-30,25.5,14.6,19.8,37.1,0.0,21.8,6.0,21.8
0,2022-05-31,25.7,17.0,18.7,36.0,0.0,10.1,11.0,10.1
0,2022-06-01,25.3,15.0,20.8,37.1,0.0,0.0,0.0,0.0
0,2022-06-02,24.9,16.8,13.7,28.4,0.0,0.1,1.0,0.1
0,2022-06-03,27.6,15.1,21.1,37.4,0.0,0.0,0.0,0.0
0,2022-06-04,24.3,15.8,20.0,35.3,0.0,0.0,0.0,0.0
0,2022-06-05,24.2,16.9,16.0,30.6,0.0,5.9,5.0,5.9
0,2022-06-06,19.5,17.8,33.9,65.5,0.0,87.6,23.0,87.6
0,2022-06-07,22.6,15.9,27.5,51.1,0.0,0.0,0.0,0.0
0,2022-06-08,23.7,13.8,13.7,29.5,0.0,0.6,4.0,0.6
0,2022-06-09,23.9,14.3,13.7,29.9,0.0,0.5,3.0,0.5
0,2022-06-10,24.4,18.1,16.0,32.4,0.0,1.0,9.0,1.0
0,2022-06-11,21.2,18.5,20.2,36.0,0.0,7.4,15.0,7.4
0,2022-06-12,25.4,16.7,28.5,52.9,0.0,0.8,4.0,0.8
0,2022-06-13,23.8,15.0,20.4,36.4,0.0,0.6,2.0,0.6
0,2022-06-14,19.7,17.3,32.4,59.0,0.0,30.0,24.0,30.0
0,2022-06-15,19.6,16.6,21.7,40.0,0.0,12.7,22.0,12.7
0,2022-06-16,23.6,16.9,9.9,23.8,0.0,1.2,5.0,1.2
0,2022-06-17,27.8,18.0,13.2,28.4,0.0,1.4,2.0,1.4
0,2022-06-18,23.7,20.1,11.5,28.8,0.0,6.0,11.0,6.0
0,2022-06-19,28.3,18.6,14.1,29.9,0.0,2.0,3.0,2.0
0,2022-06-20,28.6,20.3,12.4,24.8,0.0,0.0,0.0,0.0
0,2022-06-21,23.8,21.4,19.9,43.9,0.0,29.0,17.0,29.0
0,2022-06-22,26.4,20.9,11.9,30.6,0.0,36.1,17.0,36.1
0,2022-06-23,27.9,21.3,13.7,29.9,0.0,0.5,5.0,0.5
0,2022-06-24,31.9,23.0,14.0,29.2,0.0,0.5,2.0,0.5
0,2022-06-25,32.3,24.3,14.4,27.0,0.0,0.3,3.0,0.3
0,2022-06-26,29.5,23.0,11.7,31.7,0.0,1.1,3.0,1.1
0,2022-06-27,32.0,23.0,10.6,22.3,0.0,0.0,0.0,0.0
0,2022-06-28,31.8,23.4,16.3,32.8,0.0,0.0,0.0,0.0
0,2022-06-29,32.9,22.4,12.6,27.7,0.0,0.0,0.0,0.0
0,2022-06-30,35.2,23.5,13.4,23.0,0.0,0.0,0.0,0.0
0,2022-07-01,35.5,23.6,13.7,25.6,0.0,0.0,0.0,0.0
0,2022-07-02,32.5,24.1,19.1,38.9,0.0,0.0,0.0,0.0
0,2022-07-03,26.8,24.2,11.7,23.0,0.0,26.5,13.0,26.5
0,2022-07-04,25.1,23.6,9.4,23.4,0.0,18.3,16.0,18.3
0,2022-07-05,26.7,23.0,10.9,28.8,0.0,40.8,22.0,40.8
0,2022-07-06,32.3,23.5,22.1,39.2,0.0,1.3,3.0,1.3
0,2022-07-07,30.0,22.8,14.2,27.0,0.0,3.3,8.0,3.3
0,2022-07-08,29.2,22.3,11.2,24.8,0.0,0.8,4.0,0.8
0,2022-07-09,28.4,24.0,12.2,27.7,0.0,9.1,20.0,9.1
0,2022-07-10,28.0,23.6,16.3,33.5,0.0,4.8,15.0,4.8
0,2022-07-11,30.0,22.5,11.8,25.9,0.0,0.0,0.0,0.0
0,2022-07-12,27.9,24.1,11.2,22.0,0.0,27.2,18.0,27.2
0,2022-07-13,30.5,22.0,15.9,29.5,0.0,0.8,4.0,0.8
0,2022-07-14,27.0,22.3,15.3,29.9,0.0,6.8,15.0,6.8
0,2022-07-15,26.3,22.9,14.8,32.4,0.0,10.2,18.0,10.2
0,2022-07-16,25.9,22.4,15.9,33.1,0.0,16.3,11.0,16.3
0,2022-07-17,29.2,21.5,13.5,33.8,0.0,3.5,10.0,3.5
0,2022-07-18,31.6,23.4,13.6,28.8,0.0,0.9,3.0,0.9
0,2022-07-19,27.6,24.1,22.1,39.6,0.0,26.6,19.0,26.6
0,2022-07-20,32.6,23.1,16.9,39.2,0.0,0.4,1.0,0.4
0,2022-07-21,29.9,23.3,13.7,27.7,0.0,4.8,5.0,4.8
0,2022-07-22,32.2,24.3,22.0,41.4,0.0,1.9,3.0,1.9
0,2022-07-23,29.7,22.1,23.1,43.9,0.0,0.0,0.0,0.0
0,2022-07-24,29.1,20.5,13.2,27.7,0.0,0.0,0.0,0.0
0,2022-07-25,30.3,23.4,12.6,26.6,0.0,0.2,2.0,0.2
0,2022-07-26,30.6,24.4,17.9,36.0,0.0,6.1,12.0,6.1
0,2022-07-27,31.4,24.1,16.3,32.4,0.0,11.3,12.0,11.3
0,2022-07-28,30.3,24.7,17.8,33.5,0.0,1.2,10.0,1.2
0,2022-07-29,30.1,25.0,16.9,32.4,0.0,1.6,10.0,1.6
0,2022-07-30,31.4,24.7,19.4,37.4,0.0,1.2,6.0,1.2
0,2022-07-31,32.0,25.1,9.1,22.7,0.0,0.0,0.0,0.0
0,2022-08-01,32.3,25.3,9.4,22.7,0.0,0.1,1.0,0.1
0,2022-08-02,36.1,25.2,12.8,22.0,0.0,0.0,0.0,0.0
0,2022-08-03,36.1,26.4,18.8,35.3,0.0,0.4,2.0,0.4
0,2022-08-04,33.3,25.3,15.0,32.4,0.0,17.5,6.0,17.5
0,2022-08-05,29.7,23.4,12.2,31.3,0.0,16.1,13.0,16.1
0,2022-08-06,28.3,23.3,15.4,30.6,0.0,8.5,20.0,8.5
0,2022-08-07,30.0,24.9,14.6,28.4,0.0,1.6,9.0,1.6
0,2022-08-08,31.1,25.7,11.7,26.6,0.0,4.8,10.0,4.8
0,2022-08-09,31.7,25.4,12.4,27.0,0.0,0.5,4.0,0.5
0,2022-08-10,31.3,25.4,9.3,22.7,0.0,0.7,7.0,0.7
0,2022-08-11,30.7,26.0,21.6,41.4,0.0,2.5,5.0,2.5
0,2022-08-12,30.0,25.5,19.2,36.7,0.0,14.0,17.0,14.0
0,2022-08-13,30.9,24.6,21.7,42.1,0.0,8.6,13.0,8.6
0,2022-08-14,30.6,25.2,9.7,28.8,0.0,10.3,14.0,10.3
0,2022-08-15,30.6,25.2,12.7,34.2,0.0,1.3,7.0,1.3
0,2022-08-16,34.2,25.6,16.7,33.8,0.0,2.8,3.0,2.8
0,2022-08-17,28.9,24.6,12.7,23.4,0.0,18.0,17.0,18.0
0,2022-08-18,30.1,24.4,16.8,32.8,0.0,14.1,9.0,14.1
0,2022-08-19,31.5,22.5,14.9,28.4,0.0,0.0,0.0,0.0
0,2022-08-20,31.8,23.6,7.8,22.0,0.0,4.9,10.0,4.9
0,2022-08-21,28.7,24.0,7.9,22.3,0.0,16.2,17.0,16.2
0,2022-08-22,29.3,24.1,22.5,43.2,0.0,3.1,17.0,3.1
0,2022-08-23,29.9,25.5,11.4,23.4,0.0,3.5,14.0,3.5
0,2022-08-24,33.7,24.9,16.4,29.9,0.0,6.5,5.0,6.5
0,2022-08-25,29.1,24.4,12.9,29.5,0.0,8.3,13.0,8.3
0,2022-08-26,30.3,24.3,10.3,22.0,0.0,0.8,5.0,0.8
0,2022-08-27,30.4,23.7,11.5,24.1,0.0,5.5,12.0,5.5
0,2022-08-28,29.3,21.1,20.1,38.5,0.0,4.8,6.0,4.8
0,2022-08-29,27.6,19.4,16.3,33.1,0.0,0.3,3.0,0.3
0,2022-08-30,26.8,22.9,18.9,35.3,0.0,50.0,23.0,50.0
0,2022-08-31,31.4,23.6,21.4,40.3,0.0,1.6,8.0,1.6
0,2022-09-01,30.3,24.6,10.2,24.8,0.0,10.1,11.0,10.1
0,2022-09-02,29.5,23.3,12.5,28.8,0.0,17.7,16.0,17.7
0,2022-09-03,27.1,22.4,16.4,33.1,0.0,18.4,19.0,18.4
0,2022-09-04,28.5,22.3,18.1,36.4,0.0,3.8,16.0,3.8
0,2022-09-05,28.5,24.3,24.8,46.4,0.0,3.4,17.0,3.4
0,2022-09-06,30.4,25.2,37.0,69.1,0.0,7.6,18.0,7.6
0,2022-09-07,31.0,22.9,17.2,32.0,0.0,2.1,4.0,2.1
0,2022-09-08,25.9,23.6,9.8,22.3,0.0,8.5,15.0,8.5
0,2022-09-09,28.4,22.7,7.6,15.8,0.0,3.9,15.0,3.9
0,2022-09-10,29.0,23.1,10.8,23.4,0.0,0.9,2.0,0.9
0,2022-09-11,28.6,23.1,12.2,23.4,0.0,0.0,0.0,0.0
0,2022-09-12,29.3,22.5,11.5,24.8,0.0,0.0,0.0,0.0
0,2022-09-13,29.7,23.7,9.6,22.3,0.0,0.0,0.0,0.0
0,2022-09-14,30.3,24.3,12.3,23.8,0.0,0.5,2.0,0.5
0,2022-09-15,27.4,24.3,19.5,38.5,0.0,1.0,5.0,1.0
0,2022-09-16,27.5,23.5,21.6,40.3,0.0,0.0,0.0,0.0
0,2022-09-17,27.5,24.3,31.3,55.4,0.0,6.6,10.0,6.6
0,2022-09-18,27.9,24.0,36.4,65.9,0.0,30.5,24.0,30.5
0,2022-09-19,27.9,24.2,36.9,73.4,0.0,32.7,24.0,32.7
0,2022-09-20,25.9,18.1,45.5,82.8,0.0,11.8,6.0,11.8
0,2022-09-21,24.4,16.7,23.2,41.4,0.0,0.0,0.0,0.0
0,2022-09-22,23.4,19.4,21.2,40.7,0.0,5.3,10.0,5.3
0,2022-09-23,24.2,21.6,23.7,46.4,0.0,90.8,22.0,90.8
0,2022-09-24,27.7,18.7,29.6,53.6,0.0,0.0,0.0,0.0
0,2022-09-25,25.9,16.4,24.1,46.1,0.0,0.0,0.0,0.0
0,2022-09-26,27.0,21.2,11.3,24.5,0.0,0.9,6.0,0.9
0,2022-09-27,26.7,20.9,11.4,24.1,0.0,9.4,11.0,9.4
0,2022-09-28,25.2,20.4,12.7,23.8,0.0,5.9,16.0,5.9
0,2022-09-29,25.5,19.9,11.1,23.0,0.0,1.6,5.0,1.6
0,2022-09-30,25.3,18.6,10.0,23.0,0.0,0.1,1.0,0.1
0,2022-10-01,29.0,18.7,11.8,19.4,0.0,0.0,0.0,0.0
0,2022-10-02,26.0,16.9,9.7,20.5,0.0,0.0,0.0,0.0
0,2022-10-03,26.0,19.4,18.6,35.6,0.0,1.6,11.0,1.6
0,2022-10-04,27.4,19.9,14.5,28.1,0.0,0.6,3.0,0.6
0,2022-10-05,23.7,17.1,24.2,44.3,0.0,16.7,8.0,16.7
0,2022-10-06,19.1,15.8,16.2,35.6,0.0,0.0,0.0,0.0
0,2022-10-07,17.8,15.9,18.4,33.8,0.0,43.1,19.0,43.1
0,2022-10-08,22.2,15.6,24.7,44.6,0.0,0.1,1.0,0.1
0,2022-10-09,20.3,15.1,22.2,41.4,0.0,21.7,11.0,21.7
0,2022-10-10,24.7,17.1,21.0,40.7,0.0,8.6,9.0,8.6
0,2022-10-11,21.7,14.2,21.9,42.1,0.0,0.0,0.0,0.0
0,2022-10-12,22.8,15.3,17.9,32.4,0.0,0.0,0.0,0.0
0,2022-10-13,21.2,14.9,7.5,13.0,0.0,0.0,0.0,0.0
0,2022-10-14,24.4,13.1,9.4,19.8,0.0,0.0,0.0,0.0
0,2022-10-15,25.7,15.0,11.6,18.7,0.0,0.0,0.0,0.0
0,2022-10-16,24.0,16.0,14.8,26.6,0.0,0.5,4.0,0.5
0,2022-10-17,22.4,18.2,9.7,17.6,0.0,7.8,18.0,7.8
0,2022-10-18,21.4,13.6,24.9,46.1,0.0,0.0,0.0,0.0
0,2022-10-19,21.1,9.7,16.3,29.9,0.0,0.0,0.0,0.0
0,2022-10-20,20.7,9.7,12.5,21.2,0.0,0.0,0.0,0.0
0,2022-10-21,19.8,10.1,8.0,20.2,0.0,0.0,0.0,0.0
0,2022-10-22,21.7,15.1,12.5,25.6,0.0,0.0,0.0,0.0
0,2022-10-23,23.3,14.1,17.9,30.2,0.0,0.7,3.0,0.7
0,2022-10-24,19.9,12.4,22.0,39.2,0.0,0.0,0.0,0.0
0,2022-10-25,18.2,8.6,13.2,24.5,0.0,0.6,2.0,0.6
0,2022-10-26,19.0,7.9,12.3,20.2,0.0,0.0,0.0,0.0
0,2022-10-27,17.0,7.9,7.3,16.2,0.0,0.0,0.0,0.0
0,2022-10-28,20.2,9.0,13.4,23.8,0.0,0.0,0.0,0.0
0,2022-10-29,18.5,12.3,22.0,41.8,0.0,0.0,0.0,0.0
0,2022-10-30,19.1,10.8,18.4,33.5,0.0,0.0,0.0,0.0
0,2022-10-31,17.5,7.9,14.6,24.5,0.0,0.3,1.0,0.3
0,2022-11-01,15.7,13.2,21.7,38.5,0.0,19.7,23.0,19.7
0,2022-11-02,21.8,11.1,11.1,19.4,0.0,0.0,0.0,0.0
0,2022-11-03,21.7,9.7,11.3,20.2,0.0,0.1,1.0,0.1
0,2022-11-04,20.6,11.7,20.6,37.8,0.0,0.0,0.0,0.0
0,2022-11-05,17.9,9.2,17.6,31.3,0.0,0.0,0.0,0.0
0,2022-11-06,17.8,9.5,16.5,32.0,0.0,0.0,0.0,0.0
0,2022-11-07,17.5,6.1,12.1,20.5,0.0,0.0,0.0,0.0
0,2022-11-08,19.1,8.9,20.5,37.8,0.0,0.0,0.0,0.0
0,2022-11-09,19.5,8.6,11.1,18.7,0.0,0.0,0.0,0.0
0,2022-11-10,18.4,8.5,9.1,18.0,0.0,0.0,0.0,0.0
0,2022-11-11,19.6,9.6,11.4,20.5,0.0,0.0,0.0,0.0
0,2022-11-12,19.3,11.1,7.9,18.7,0.0,0.0,0.0,0.0
0,2022-11-13,19.0,13.0,30.8,55.4,0.0,10.6,8.0,10.6
0,2022-11-14,16.6,11.6,27.4,54.7,0.0,0.0,0.0,0.0
0,2022-11-15,17.7,9.1,22.4,41.8,0.0,0.0,0.0,0.0
0,2022-11-16,16.4,7.9,19.4,36.0,0.0,0.0,0.0,0.0
0,2022-11-17,17.1,6.0,10.4,18.7,0.0,0.0,0.0,0.0
0,2022-11-18,17.4,6.5,13.4,22.7,0.0,0.0,0.0,0.0
0,2022-11-19,17.4,7.8,14.8,28.1,0.0,0.0,0.0,0.0
0,2022-11-20,15.4,12.6,23.5,45.4,0.0,10.5,21.0,10.5
0,2022-11-21,20.4,12.8,20.4,35.6,0.0,19.7,9.0,19.7
0,2022-11-22,19.4,12.6,19.9,35.3,0.0,0.0,0.0,0.0
0,2022-11-23,15.2,13.0,22.3,43.2,0.0,31.9,19.0,31.9
0,2022-11-24,17.6,12.2,24.7,47.2,0.0,0.0,0.0,0.0
0,2022-11-25,16.9,10.1,21.9,42.1,0.0,0.0,0.0,0.0
0,2022-11-26,16.8,11.8,15.8,26.3,0.0,0.8,4.0,0.8
0,2022-11-27,16.3,8.5,21.7,40.3,0.0,0.0,0.0,0.0
0,2022-11-28,17.6,8.0,12.2,19.8,0.0,2.1,8.0,2.1
0,2022-11-29,20.0,16.2,23.6,42.8,0.0,21.8,16.0,21.8
0,2022-11-30,17.3,8.4,26.4,48.2,0.0,0.9,3.0,0.9
0,2022-12-01,11.8,6.6,22.7,43.2,0.0,0.0,0.0,0.0
0,2022-12-02,10.5,4.6,26.1,47.9,0.0,0.0,0.0,0.0
0,2022-12-03,13.3,1.5,12.0,20.5,0.0,0.0,0.0,0.0
0,2022-12-04,13.3,4.6,18.6,34.9,0.0,0.0,0.0,0.0
0,2022-12-05,14.2,7.8,16.1,30.2,0.0,0.9,6.0,0.9
0,2022-12-06,12.2,5.7,19.8,38.2,0.0,0.0,0.0,0.0
0,2022-12-07,12.1,4.7,21.3,39.6,0.0,0.0,0.0,0.0
0,2022-12-08,14.2,5.7,25.2,46.4,0.0,0.0,0.0,0.0
0,2022-12-09,13.7,2.9,9.6,16.9,0.0,0.0,0.0,0.0
0,2022-12-10,14.7,3.6,8.7,15.8,0.0,0.0,0.0,0.0
0,2022-12-11,15.5,5.9,22.8,41.8,0.0,0.0,0.0,0.0
0,2022-12-12,12.7,4.2,17.9,33.1,0.0,0.2,2.0,0.2
0,2022-12-13,14.3,7.4,22.9,41.8,0.0,5.8,8.0,5.8
0,2022-12-14,10.7,1.6,29.6,54.7,0.0,0.1,1.0,0.1
0,2022-12-15,8.2,-0.1,26.7,49.0,0.0,0.0,0.0,0.0
0,2022-12-16,11.5,2.8,26.9,48.6,0.0,0.0,0.0,0.0
0,2022-12-17,8.8,3.9,14.3,25.9,0.0,6.7,12.0,6.7
0,2022-12-18,5.0,-0.6,28.7,52.9,0.21,0.2,3.0,0.5
0,2022-12-19,6.1,-0.8,26.6,51.8,0.0,0.0,0.0,0.0
0,2022-12-20,8.8,-0.4,21.8,40.3,0.0,0.0,0.0,0.0
0,2022-12-21,8.0,-0.8,12.3,20.9,0.0,1.8,3.0,1.8
0,2022-12-22,12.6,1.7,32.7,61.6,0.0,7.8,15.0,7.8
0,2022-12-23,3.9,-1.0,32.0,59.8,0.07,0.1,2.0,0.2
0,2022-12-24,7.7,-0.0,34.6,63.7,0.0,0.5,5.0,0.5
0,2022-12-25,9.1,3.8,29.5,53.3,0.0,1.7,4.0,1.7
0,2022-12-26,7.6,2.9,29.2,56.5,0.0,0.0,0.0,0.0
0,2022-12-27,9.2,1.8,21.0,39.2,0.0,0.0,0.0,0.0
0,2022-12-28,11.6,-0.6,13.7,26.3,0.0,0.0,0.0,0.0
0,2022-12-29,10.6,2.9,24.4,44.6,0.0,0.0,0.0,0.0
0,2022-12-30,9.6,1.1,18.7,34.9,0.0,0.0,0.0,0.0
0,2022-12-31,10.5,0.3,19.5,36.0,0.0,0.0,0.0,0.0
0,2023-01-01,10.5,1.6,22.9,41.8,0.0,0.0,0.0,0.0
0,2023-01-02,8.8,1.4,19.9,38.5,0.0,0.0,0.0,0.0
0,2023-01-03,9.4,0.6,20.6,38.2,0.0,0.1,1.0,0.1
0,2023-01-04,9.2,1.4,28.8,51.8,0.0,0.0,0.0,0.0
0,2023-01-05,7.4,1.3,19.4,36.0,0.0,0.4,2.0,0.4
0,2023-01-06,8.0,0.4,12.0,21.6,0.0,0.3,2.0,0.3
0,2023-01-07,9.6,-1.0,17.3,31.7,0.0,0.1,1.0,0.1
0,2023-01-08,11.1,3.2,20.1,37.4,0.0,0.0,0.0,0.0
0,2023-01-09,12.9,2.1,18.1,33.8,0.0,0.0,0.0,0.0
0,2023-01-10,8.0,2.6,30.7,57.2,0.0,0.5,3.0,0.5
0,2023-01-11,11.4,0.5,15.9,29.9,0.0,0.0,0.0,0.0
0,2023-01-12,14.5,-1.1,10.5,19.1,0.0,0.0,0.0,0.0
0,2023-01-13,11.9,2.9,10.1,17.3,0.0,4.2,6.0,4.2
0,2023-01-14,14.4,8.4,26.2,45.0,0.0,13.4,15.0,13.4
0,2023-01-15,15.4,8.3,28.1,49.3,0.0,1.0,3.0,1.0
0,2023-01-16,11.6,4.0,30.1,54.0,0.0,1.4,7.0,1.4
0,2023-01-17,9.5,1.7,21.8,40.0,0.0,0.0,0.0,0.0
0,2023-01-18,9.6,3.0,23.4,43.2,0.0,0.1,1.0,0.1
0,2023-01-19,10.6,2.3,15.2,27.0,0.0,0.0,0.0,0.0
0,2023-01-20,10.8,0.8,25.1,48.2,0.0,0.1,1.0,0.1
0,2023-01-21,6.5,0.8,22.7,42.5,0.0,0.0,0.0,0.0
0,2023-01-22,9.2,-0.4,14.8,27.7,0.0,0.0,0.0,0.0
0,2023-01-23,7.4,4.0,15.4,25.9,0.0,1.8,10.0,1.8
0,2023-01-24,8.7,-3.2,35.9,71.6,1.4,1.4,13.0,3.4
0,2023-01-25,2.3,-7.4,28.6,52.6,1.05,0.0,7.0,1.5
0,2023-01-26,5.5,-9.3,23.1,43.9,0.0,0.0,0.0,0.0
0,2023-01-27,3.4,0.4,32.2,65.5,2.38,3.2,13.0,6.6
0,2023-01-28,4.9,-1.5,25.6,46.4,0.49,0.3,7.0,1.0
0,2023-01-29,6.8,-2.7,22.0,40.3,0.0,0.0,0.0,0.0
0,2023-01-30,7.4,-0.0,28.1,52.2,0.0,0.8,6.0,0.8
0,2023-01-31,6.8,-1.2,16.1,29.9,0.0,0.0,0.0,0.0
0,2023-02-01,10.2,-2.3,10.2,19.4,0.0,0.0,0.0,0.0
0,2023-02-02,6.3,1.7,24.0,44.3,0.0,0.1,1.0,0.1
0,2023-02-03,7.0,1.0,22.6,42.1,0.0,0.0,0.0,0.0
0,2023-02-04,12.4,-0.8,26.3,47.5,0.0,0.0,0.0,0.0
0,2023-02-05,11.5,0.8,17.9,32.4,0.0,0.0,0.0,0.0
0,2023-02-06,12.5,-1.3,13.4,24.5,0.0,0.0,0.0,0.0
0,2023-02-07,12.1,5.5,17.4,31.0,0.0,0.0,0.0,0.0
0,2023-02-08,12.1,3.7,26.4,50.0,0.0,0.0,0.0,0.0
0,2023-02-09,8.9,1.2,24.0,45.0,0.0,0.0,0.0,0.0
0,2023-02-10,8.1,1.3,27.9,50.4,0.0,20.6,17.0,20.6
0,2023-02-11,13.3,5.4,27.4,49.0,0.0,0.0,0.0,0.0
0,2023-02-12,14.7,6.3,7.7,18.0,0.0,0.0,0.0,0.0
0,2023-02-13,10.7,5.5,31.5,57.6,0.0,9.2,15.0,9.2
0,2023-02-14,6.1,1.6,28.0,52.2,0.0,0.0,0.0,0.0
0,2023-02-15,4.2,-0.4,29.1,54.4,0.0,0.0,0.0,0.0
0,2023-02-16,7.3,0.0,23.5,41.4,0.0,0.0,0.0,0.0
0,2023-02-17,11.6,-1.4,18.3,34.2,0.0,0.0,0.0,0.0
0,2023-02-18,11.2,1.0,11.0,19.1,0.0,0.2,1.0,0.2
0,2023-02-19,14.8,7.1,23.9,42.5,0.0,7.7,13.0,7.7
0,2023-02-20,10.4,2.9,25.5,49.0,0.0,0.2,2.0,0.2
0,2023-02-21,6.2,0.0,33.2,62.6,0.0,0.1,1.0,0.1
0,2023-02-22,10.2,-0.2,20.1,35.6,0.0,0.0,0.0,0.0
0,2023-02-23,11.7,1.3,10.0,20.9,0.0,1.0,4.0,1.0
0,2023-02-24,8.7,2.5,14.0,24.8,0.0,10.1,10.0,10.1
0,2023-02-25,8.0,1.2,28.4,53.6,0.0,0.0,0.0,0.0
0,2023-02-26,6.7,1.1,31.8,58.0,0.0,0.0,0.0,0.0
0,2023-02-27,12.4,2.0,17.3,31.7,0.0,0.0,0.0,0.0
0,2023-02-28,13.5,-1.1,13.3,28.8,0.0,0.0,0.0,0.0
0,2023-03-01,15.9,3.5,15.5,29.9,0.0,0.0,0.0,0.0
0,2023-03-02,10.8,3.5,32.4,60.8,0.0,2.4,8.0,2.4
0,2023-03-03,11.5,0.9,14.8,31.3,0.0,0.0,0.0,0.0
0,2023-03-04,13.4,1.8,24.0,41.8,0.0,0.0,0.0,0.0
0,2023-03-05,12.9,3.5,16.3,31.3,0.0,0.0,0.0,0.0
0,2023-03-06,16.1,1.1,13.0,22.3,0.0,0.0,0.0,0.0
0,2023-03-07,17.9,2.9,13.9,24.5,0.0,0.0,0.0,0.0
0,2023-03-08,18.9,2.4,11.2,23.8,0.0,0.0,0.0,0.0
0,2023-03-09,18.3,6.3,8.3,21.6,0.0,0.0,0.0,0.0
0,2023-03-10,21.4,9.1,21.8,42.1,0.0,0.0,0.0,0.0
0,2023-03-11,19.1,5.1,16.2,27.0,0.0,0.0,0.0,0.0
0,2023-03-12,17.0,10.5,18.7,37.8,0.0,0.4,3.0,0.4
0,2023-03-13,15.2,4.8,30.3,54.4,0.0,6.9,6.0,6.9
0,2023-03-14,15.5,3.5,18.9,36.4,0.0,0.0,0.0,0.0
0,2023-03-15,16.1,4.9,15.6,29.9,0.0,0.0,0.0,0.0
0,2023-03-16,18.6,7.1,14.4,27.0,0.0,0.0,0.0,0.0
0,2023-03-17,16.9,9.4,17.2,31.7,0.0,2.8,4.0,2.8
0,2023-03-18,12.2,7.4,30.5,54.7,0.0,25.2,14.0,25.2
0,2023-03-19,15.8,5.9,28.2,50.4,0.0,0.0,0.0,0.0
0,2023-03-20,15.5,2.4,12.0,27.0,0.0,0.0,0.0,0.0
0,2023-03-21,15.5,7.9,6.6,16.2,0.0,2.0,11.0,2.0
0,2023-03-22,19.9,11.3,16.8,31.7,0.0,0.1,1.0,0.1
0,2023-03-23,18.2,14.4,34.7,63.0,0.0,22.0,21.0,22.0
0,2023-03-24,21.0,12.8,27.4,47.9,0.0,0.4,4.0,0.4
0,2023-03-25,16.5,10.2,20.5,44.6,0.0,7.4,11.0,7.4
0,2023-03-26,14.6,9.5,28.0,49.7,0.0,16.9,20.0,16.9
0,2023-03-27,15.6,7.4,27.7,50.8,0.0,0.0,0.0,0.0
0,2023-03-28,16.9,6.0,20.0,36.7,0.0,0.0,0.0,0.0
0,2023-03-29,17.2,4.2,16.9,32.4,0.0,0.0,0.0,0.0
0,2023-03-30,17.0,3.7,13.6,28.8,0.0,0.0,0.0,0.0
0,2023-03-31,17.8,8.1,9.7,20.2,0.0,0.0,0.0,0.0
0,2023-04-01,21.2,6.0,11.9,26.3,0.0,0.0,0.0,0.0
0,2023-04-02,18.5,10.5,15.9,32.8,0.0,0.2,2.0,0.2
0,2023-04-03,18.3,9.6,15.5,33.5,0.0,0.0,0.0,0.0
0,2023-04-04,19.2,6.3,17.9,33.5,0.0,0.0,0.0,0.0
0,2023-04-05,18.6,10.9,20.5,37.4,0.0,0.3,1.0,0.3
0,2023-04-06,20.6,13.4,23.1,43.2,0.0,4.0,9.0,4.0
0,2023-04-07,18.5,12.0,24.7,45.7,0.0,23.8,20.0,23.8
0,2023-04-08,15.2,8.3,30.1,58.3,0.0,0.5,5.0,0.5
0,2023-04-09,16.0,5.9,19.4,38.9,0.0,0.0,0.0,0.0
0,2023-04-10,17.8,5.0,14.8,30.6,0.0,0.0,0.0,0.0
0,2023-04-11,20.6,8.7,17.3,34.9,0.0,0.0,0.0,0.0
0,2023-04-12,21.4,9.3,20.2,38.2,0.0,0.0,0.0,0.0
0,2023-04-13,18.7,6.1,15.3,27.7,0.0,0.0,0.0,0.0
0,2023-04-14,19.1,8.7,10.1,25.2,0.0,0.3,3.0,0.3
0,2023-04-15,15.1,10.5,23.7,42.5,0.0,34.4,24.0,34.4
0,2023-04-16,20.5,11.8,21.9,43.2,0.0,1.0,5.0,1.0
0,2023-04-17,16.9,9.0,28.8,55.1,0.0,1.4,2.0,1.4
0,2023-04-18,19.5,6.3,14.8,35.3,0.0,2.7,1.0,2.7
0,2023-04-19,22.2,11.7,14.6,25.9,0.0,6.3,4.0,6.3
0,2023-04-20,22.8,13.8,12.0,27.4,0.0,0.0,0.0,0.0
0,2023-04-21,26.1,13.1,33.4,60.5,0.0,0.0,0.0,0.0
0,2023-04-22,17.9,9.2,32.7,60.1,0.0,0.0,0.0,0.0
0,2023-04-23,20.3,7.4,24.3,43.2,0.0,0.0,0.0,0.0
0,2023-04-24,14.9,7.5,18.4,34.6,0.0,0.0,0.0,0.0
0,2023-04-25,15.7,6.4,29.3,54.4,0.0,14.4,15.0,14.4
0,2023-04-26,17.9,11.4,30.5,56.5,0.0,38.3,13.0,38.3
0,2023-04-27,21.1,9.7,19.5,38.5,0.0,0.0,0.0,0.0
0,2023-04-28,21.2,10.2,15.9,31.0,0.0,0.0,0.0,0.0
0,2023-04-29,20.0,10.7,17.3,34.2,0.0,8.3,8.0,8.3
0,2023-04-30,19.2,12.6,19.5,39.2,0.0,14.9,16.0,14.9
0,2023-05-01,22.7,9.3,22.6,41.4,0.0,0.0,0.0,0.0
0,2023-05-02,19.8,10.0,21.8,41.8,0.0,0.0,0.0,0.0
0,2023-05-03,21.1,9.1,13.2,29.2,0.0,0.0,0.0,0.0
0,2023-05-04,22.2,13.7,13.3,29.2,0.0,0.0,0.0,0.0
0,2023-05-05,22.9,13.2,18.0,34.6,0.0,0.0,0.0,0.0
0,2023-05-06,24.8,14.9,14.3,26.3,0.0,0.2,2.0,0.2
0,2023-05-07,21.4,18.0,7.3,24.1,0.0,35.7,24.0,35.7
0,2023-05-08,18.3,12.7,38.5,72.0,0.0,13.0,6.0,13.0
0,2023-05-09,18.5,10.6,16.3,33.1,0.0,0.0,0.0,0.0
0,2023-05-10,25.1,9.2,20.7,37.1,0.0,0.0,0.0,0.0
0,2023-05-11,23.0,11.8,22.3,41.0,0.0,0.0,0.0,0.0
0,2023-05-12,19.6,7.3,15.3,31.0,0.0,0.0,0.0,0.0
0,2023-05-13,19.2,14.0,18.7,37.4,0.0,17.4,14.0,17.4
0,2023-05-14,16.7,14.7,24.4,47.2,0.0,109.5,24.0,109.5
0,2023-05-15,20.9,14.9,16.8,30.2,0.0,14.2,13.0,14.2
0,2023-05-16,27.7,12.5,14.8,29.5,0.0,0.0,0.0,0.0
0,2023-05-17,31.1,15.0,14.4,25.6,0.0,0.0,0.0,0.0
0,2023-05-18,27.5,15.1,17.9,34.9,0.0,0.2,1.0,0.2
0,2023-05-19,20.0,17.4,22.4,42.1,0.0,61.0,24.0,61.0
0,2023-05-20,25.4,16.4,22.5,40.7,0.0,0.1,1.0,0.1
0,2023-05-21,26.2,15.5,13.2,28.4,0.0,0.5,2.0,0.5
0,2023-05-22,28.8,17.2,20.9,37.4,0.0,1.0,5.0,1.0
0,2023-05-23,21.9,14.6,30.2,54.7,0.0,0.1,1.0,0.1
0,2023-05-24,21.2,13.1,25.2,47.9,0.0,0.0,0.0,0.0
0,2023-05-25,21.5,12.0,20.1,37.1,0.0,1.9,5.0,1.9
0,2023-05-26,22.2,16.0,13.5,27.0,0.0,0.5,2.0,0.5
0,2023-05-27,23.7,15.5,15.0,31.0,0.0,0.0,0.0,0.0
0,2023-05-28,24.5,16.0,21.9,41.0,0.0,1.0,1.0,1.0
0,2023-05-29,25.9,18.8,8.5,19.4,0.0,15.7,11.0,15.7
0,2023-05-30,24.7,18.6,18.2,33.8,0.0,9.7,10.0,9.7
0,2023-05-31,23.0,16.3,12.4,24.5,0.0,2.7,7.0,2.7
0,2023-06-01,22.9,15.9,23.3,45.0,0.0,20.8,20.0,20.8
0,2023-06-02,21.0,18.8,11.7,33.8,0.0,184.5,24.0,184.5
0,2023-06-03,23.7,17.2,34.4,63.4,0.0,16.0,7.0,16.0
0,2023-06-04,27.5,13.0,21.0,38.5,0.0,0.0,0.0,0.0
0,2023-06-05,27.2,15.2,11.2,22.3,0.0,0.0,0.0,0.0
0,2023-06-06,23.7,16.2,12.0,21.2,0.0,4.4,9.0,4.4
0,2023-06-07,27.5,15.9,17.9,35.3,0.0,3.8,5.0,3.8
0,2023-06-08,22.9,16.2,15.8,29.9,0.0,14.8,10.0,14.8
0,2023-06-09,27.1,19.3,18.5,34.6,0.0,17.1,7.0,17.1
0,2023-06-10,24.2,16.8,13.4,24.5,0.0,0.3,1.0,0.3
0,2023-06-11,20.7,19.5,14.0,27.4,0.0,48.2,24.0,48.2
0,2023-06-12,22.5,19.8,12.5,23.4,0.0,41.1,24.0,41.1
0,2023-06-13,30.4,19.1,18.3,35.6,0.0,0.4,1.0,0.4
0,2023-06-14,25.4,20.5,12.3,26.3,0.0,7.1,9.0,7.1
0,2023-06-15,23.7,20.6,15.7,26.3,0.0,4.8,9.0,4.8
0,2023-06-16,27.9,18.7,24.2,46.1,0.0,0.0,0.0,0.0
0,2023-06-17,29.7,17.6,16.9,29.9,0.0,0.0,0.0,0.0
0,2023-06-18,27.3,17.8,13.4,25.2,0.0,0.0,0.0,0.0
0,2023-06-19,29.4,20.5,21.3,39.2,0.0,0.0,0.0,0.0
0,2023-06-20,23.9,20.8,22.5,42.5,0.0,1.9,7.0,1.9
0,2023-06-21,24.2,20.8,23.4,43.9,0.0,1.4,9.0,1.4
0,2023-06-22,21.0,18.7,23.1,42.8,0.0,26.9,19.0,26.9
0,2023-06-23,26.4,19.2,9.9,24.1,0.0,3.2,11.0,3.2
0,2023-06-24,26.8,19.9,12.7,23.4,0.0,0.3,2.0,0.3
0,2023-06-25,27.8,19.0,11.3,22.7,0.0,0.0,0.0,0.0
0,2023-06-26,25.9,19.8,9.2,16.2,0.0,2.0,8.0,2.0
0,2023-06-27,28.6,21.4,13.7,28.1,0.0,0.0,0.0,0.0
0,2023-06-28,30.0,22.5,9.0,26.3,0.0,8.7,7.0,8.7
0,2023-06-29,30.8,21.1,9.2,23.4,0.0,3.1,10.0,3.1
0,2023-06-30,29.6,22.9,8.4,32.8,0.0,21.8,17.0,21.8
0,2023-07-01,27.3,23.2,18.5,36.7,0.0,17.3,18.0,17.3
0,2023-07-02,32.2,22.9,14.6,29.9,0.0,0.1,1.0,0.1
0,2023-07-03,32.8,22.2,14.8,26.3,0.0,0.0,0.0,0.0
0,2023-07-04,31.8,21.5,12.6,25.2,0.0,0.0,0.0,0.0
0,2023-07-05,26.4,22.7,23.3,45.0,0.0,16.5,15.0,16.5
0,2023-07-06,33.4,22.1,15.8,31.0,0.0,0.2,2.0,0.2
0,2023-07-07,29.9,20.0,18.2,36.4,0.0,2.2,5.0,2.2
0,2023-07-08,31.1,24.0,7.9,32.0,0.0,6.6,10.0,6.6
0,2023-07-09,30.3,24.6,7.9,31.3,0.0,6.2,13.0,6.2
0,2023-07-10,32.1,23.5,9.0,25.6,0.0,4.1,8.0,4.1
0,2023-07-11,32.3,23.3,7.3,24.8,0.0,0.8,5.0,0.8
0,2023-07-12,32.6,23.2,17.0,38.2,0.0,1.6,4.0,1.6
0,2023-07-13,29.5,23.3,19.2,35.3,0.0,5.4,11.0,5.4
0,2023-07-14,29.2,22.8,13.4,34.6,0.0,1.4,5.0,1.4
0,2023-07-15,31.4,24.8,11.3,29.5,0.0,1.3,6.0,1.3
0,2023-07-16,32.2,23.6,12.6,29.2,0.0,0.3,2.0,0.3
0,2023-07-17,35.5,22.9,11.7,26.6,0.0,0.0,0.0,0.0
0,2023-07-18,35.3,24.0,13.5,27.4,0.0,0.0,0.0,0.0
0,2023-07-19,33.3,23.8,18.8,36.4,0.0,0.7,2.0,0.7
0,2023-07-20,32.0,23.1,18.7,38.5,0.0,0.1,1.0,0.1
0,2023-07-21,29.5,20.6,15.0,31.0,0.0,1.1,5.0,1.1
0,2023-07-22,30.2,23.1,17.4,36.4,0.0,0.6,5.0,0.6
0,2023-07-23,29.9,23.7,18.9,38.2,0.0,0.6,5.0,0.6
0,2023-07-24,30.4,23.5,15.8,33.1,0.0,0.3,3.0,0.3
0,2023-07-25,33.0,24.2,16.2,34.9,0.0,1.3,5.0,1.3
0,2023-07-26,35.0,24.3,11.8,28.8,0.0,0.0,0.0,0.0
0,2023-07-27,35.2,24.4,14.5,32.4,0.0,1.7,2.0,1.7
0,2023-07-28,32.5,25.8,16.0,32.0,0.0,1.7,10.0,1.7
0,2023-07-29,33.0,24.2,17.0,34.2,0.0,0.0,0.0,0.0
0,2023-07-30,32.9,24.7,15.3,34.9,0.0,0.0,0.0,0.0
0,2023-07-31,33.4,24.5,12.0,29.2,0.0,0.0,0.0,0.0
0,2023-08-01,32.7,23.6,16.9,32.4,0.0,11.5,9.0,11.5
0,2023-08-02,32.6,24.7,19.1,40.7,0.0,1.2,10.0,1.2
0,2023-08-03,32.4,25.2,17.3,39.6,0.0,3.1,4.0,3.1
0,2023-08-04,33.3,25.1,13.8,28.8,0.0,9.2,8.0,9.2
0,2023-08-05,32.1,25.3,22.4,45.7,0.0,1.8,11.0,1.8
0,2023-08-06,30.1,25.7,26.9,53.3,0.0,4.2,20.0,4.2
0,2023-08-07,29.1,24.1,25.0,50.0,0.0,18.5,23.0,18.5
0,2023-08-08,30.0,24.8,29.8,58.3,0.0,8.4,21.0,8.4
0,2023-08-09,28.8,25.5,28.5,53.3,0.0,18.2,24.0,18.2
0,2023-08-10,30.7,25.3,37.6,71.3,0.0,10.7,21.0,10.7
0,2023-08-11,32.0,25.6,24.6,45.4,0.0,2.6,10.0,2.6
0,2023-08-12,33.7,22.6,7.6,24.5,0.0,0.0,0.0,0.0
0,2023-08-13,33.8,24.5,16.6,34.6,0.0,9.7,5.0,9.7
0,2023-08-14,32.0,25.1,26.8,55.4,0.0,58.7,12.0,58.7
0,2023-08-15,26.7,25.0,51.8,96.5,0.0,115.6,24.0,115.6
0,2023-08-16,31.0,25.2,16.9,42.8,0.0,28.4,13.0,28.4
0,2023-08-17,32.0,25.1,19.0,37.1,0.0,5.7,11.0,5.7
0,2023-08-18,30.3,25.1,12.5,27.4,0.0,4.2,9.0,4.2
0,2023-08-19,32.1,24.3,9.9,23.8,0.0,0.0,0.0,0.0
0,2023-08-20,31.8,24.6,10.2,24.1,0.0,0.0,0.0,0.0
0,2023-08-21,32.1,25.1,13.3,28.1,0.0,0.2,2.0,0.2
0,2023-08-22,30.4,24.9,20.5,41.4,0.0,16.9,22.0,16.9
0,2023-08-23,29.7,25.0,24.9,49.3,0.0,20.5,23.0,20.5
0,2023-08-24,27.4,23.9,14.3,27.7,0.0,23.6,24.0,23.6
0,2023-08-25,30.4,24.0,16.6,34.6,0.0,1.6,9.0,1.6
0,2023-08-26,30.6,23.8,14.1,29.5,0.0,1.6,10.0,1.6
0,2023-08-27,29.7,23.1,8.2,23.0,0.0,0.3,2.0,0.3
0,2023-08-28,31.3,24.1,12.6,28.1,0.0,0.0,0.0,0.0
0,2023-08-29,31.2,24.4,19.1,37.8,0.0,0.0,0.0,0.0
0,2023-08-30,29.1,25.3,14.6,34.2,0.0,3.5,13.0,3.5
0,2023-08-31,31.0,25.0,21.4,41.8,0.0,1.4,9.0,1.4
0,2023-09-01,31.8,24.6,15.6,32.8,0.0,0.4,4.0,0.4
0,2023-09-02,30.4,24.0,9.5,23.4,0.0,0.3,2.0,0.3
0,2023-09-03,31.4,24.3,10.2,24.1,0.0,0.0,0.0,0.0
0,2023-09-04,32.2,24.9,16.8,37.8,0.0,8.5,8.0,8.5
0,2023-09-05,31.9,24.5,12.9,27.0,0.0,4.9,16.0,4.9
0,2023-09-06,27.9,23.6,11.5,24.5,0.0,1.1,8.0,1.1
0,2023-09-07,28.6,21.8,15.4,28.4,0.0,0.0,0.0,0.0
0,2023-09-08,28.8,22.2,11.3,22.7,0.0,7.8,8.0,7.8
0,2023-09-09,31.8,21.9,12.4,23.4,0.0,0.2,2.0,0.2
0,2023-09-10,29.0,23.9,14.2,32.0,0.0,9.4,13.0,9.4
0,2023-09-11,26.2,22.0,15.0,35.3,0.0,7.6,23.0,7.6
0,2023-09-12,27.1,22.5,10.4,25.6,0.0,3.5,15.0,3.5
0,2023-09-13,28.8,22.1,11.8,27.0,0.0,0.6,3.0,0.6
0,2023-09-14,28.9,22.9,9.6,24.8,0.0,1.0,6.0,1.0
0,2023-09-15,31.8,24.2,8.4,20.9,0.0,12.3,6.0,12.3
0,2023-09-16,31.6,23.6,9.2,21.6,0.0,1.7,2.0,1.7
0,2023-09-17,32.0,23.4,14.4,30.6,0.0,0.9,6.0,0.9
0,2023-09-18,29.2,24.1,7.4,21.6,0.0,6.1,11.0,6.1
0,2023-09-19,30.3,23.0,11.6,29.9,0.0,1.7,6.0,1.7
0,2023-09-20,30.1,22.9,10.7,27.4,0.0,2.6,6.0,2.6
0,2023-09-21,30.6,23.9,16.6,29.9,0.0,2.9,13.0,2.9
0,2023-09-22,29.9,22.7,17.3,33.5,0.0,8.9,9.0,8.9
0,2023-09-23,28.1,19.7,24.8,46.8,0.0,0.1,1.0,0.1
0,2023-09-24,26.8,18.4,18.4,32.0,0.0,0.0,0.0,0.0
0,2023-09-25,26.5,21.6,20.0,36.7,0.0,0.0,0.0,0.0
0,2023-09-26,27.3,19.8,7.5,19.8,0.0,0.0,0.0,0.0
0,2023-09-27,29.6,21.7,5.9,16.2,0.0,0.6,3.0,0.6
0,2023-09-28,31.6,22.3,21.6,41.8,0.0,0.2,2.0,0.2
0,2023-09-29,29.5,19.9,17.7,35.3,0.0,0.0,0.0,0.0
0,2023-09-30,28.1,19.3,13.0,28.8,0.0,0.4,3.0,0.4
0,2023-10-01,25.9,20.6,15.0,30.6,0.0,0.7,3.0,0.7
0,2023-10-02,25.2,17.2,20.9,40.7,0.0,0.0,0.0,0.0
0,2023-10-03,24.9,14.2,11.9,23.4,0.0,3.9,4.0,3.9
0,2023-10-04,22.3,18.8,14.5,30.6,0.0,29.1,13.0,29.1
0,2023-10-05,23.1,16.2,28.0,54.7,0.0,0.1,1.0,0.1
0,2023-10-06,21.9,14.8,31.1,59.4,0.0,0.0,0.0,0.0
0,2023-10-07,22.1,14.8,23.7,45.4,0.0,0.0,0.0,0.0
0,2023-10-08,20.0,14.5,19.2,37.1,0.0,8.4,12.0,8.4
0,2023-10-09,19.3,15.0,11.1,18.7,0.0,12.1,19.0,12.1
0,2023-10-10,23.2,17.5,29.5,55.4,0.0,2.2,7.0,2.2
0,2023-10-11,23.6,14.5,22.5,44.3,0.0,0.0,0.0,0.0
0,2023-10-12,23.3,11.7,12.4,23.0,0.0,0.0,0.0,0.0
0,2023-10-13,22.7,11.5,9.3,16.6,0.0,0.0,0.0,0.0
0,2023-10-14,20.2,12.4,8.1,17.6,0.0,10.3,7.0,10.3
0,2023-10-15,23.2,15.0,24.4,47.9,0.0,26.9,11.0,26.9
0,2023-10-16,22.8,15.1,19.7,36.4,0.0,0.0,0.0,0.0
0,2023-10-17,22.7,13.4,16.9,33.5,0.0,0.0,0.0,0.0
0,2023-10-18,23.2,10.6,10.8,20.5,0.0,0.0,0.0,0.0
0,2023-10-19,23.5,13.7,8.6,19.8,0.0,0.0,0.0,0.0
0,2023-10-20,24.8,15.2,18.7,33.8,0.0,2.9,5.0,2.9
0,2023-10-21,18.2,12.0,26.6,50.8,0.0,0.1,1.0,0.1
0,2023-10-22,19.0,8.6,13.0,23.8,0.0,0.0,0.0,0.0
0,2023-10-23,22.6,9.2,8.0,18.4,0.0,0.0,0.0,0.0
0,2023-10-24,21.4,10.7,11.3,24.8,0.0,0.0,0.0,0.0
0,2023-10-25,22.3,12.3,13.8,26.6,0.0,0.0,0.0,0.0
0,2023-10-26,22.6,11.0,15.1,29.2,0.0,0.0,0.0,0.0
0,2023-10-27,21.8,10.6,9.7,22.0,0.0,0.2,1.0,0.2
0,2023-10-28,20.1,10.6,28.0,52.9,0.0,0.0,0.0,0.0
0,2023-10-29,19.0,11.9,28.6,55.4,0.0,0.0,0.0,0.0
0,2023-10-30,20.7,10.3,16.6,29.2,0.0,0.0,0.0,0.0
0,2023-10-31,21.3,9.9,12.6,27.7,0.0,0.0,0.0,0.0
0,2023-11-01,22.6,8.9,10.0,21.2,0.0,0.0,0.0,0.0
0,2023-11-02,24.7,10.4,9.4,18.7,0.0,0.0,0.0,0.0
0,2023-11-03,22.9,12.3,6.9,16.6,0.0,0.0,0.0,0.0
0,2023-11-04,22.3,14.7,8.4,21.2,0.0,0.0,0.0,0.0
0,2023-11-05,22.4,14.0,20.7,41.0,0.0,2.1,4.0,2.1
0,2023-11-06,24.7,18.7,29.5,58.3,0.0,3.3,9.0,3.3
0,2023-11-07,22.1,14.4,28.4,51.1,0.0,5.7,6.0,5.7
0,2023-11-08,20.9,10.6,19.6,36.7,0.0,0.0,0.0,0.0
0,2023-11-09,20.3,13.0,13.4,27.4,0.0,0.1,1.0,0.1
0,2023-11-10,18.3,15.1,18.0,31.7,0.0,23.7,16.0,23.7
0,2023-11-11,16.8,8.2,29.9,54.7,0.0,0.0,0.0,0.0
0,2023-11-12,15.2,7.8,16.0,28.1,0.0,0.2,1.0,0.2
0,2023-11-13,11.9,7.4,30.2,58.0,0.0,0.0,0.0,0.0
0,2023-11-14,14.7,5.1,16.2,32.0,0.0,0.0,0.0,0.0
0,2023-11-15,16.1,4.8,10.2,18.7,0.0,0.0,0.0,0.0
0,2023-11-16,15.4,5.0,10.9,24.1,0.0,0.9,2.0,0.9
0,2023-11-17,15.3,9.3,27.6,55.1,0.0,24.2,11.0,24.2
0,2023-11-18,9.1,6.8,30.7,59.0,0.0,1.4,7.0,1.4
0,2023-11-19,15.0,6.1,25.0,47.9,0.0,0.0,0.0,0.0
0,2023-11-20,15.6,6.7,30.7,58.7,0.0,0.0,0.0,0.0
0,2023-11-21,15.3,4.3,17.7,31.7,0.0,0.0,0.0,0.0
0,2023-11-22,18.8,6.3,6.8,11.9,0.0,0.0,0.0,0.0
0,2023-11-23,18.5,7.0,4.8,13.3,0.0,0.0,0.0,0.0
0,2023-11-24,18.4,7.4,26.3,49.3,0.0,0.0,0.0,0.0
0,2023-11-25,10.8,5.1,20.9,40.7,0.0,0.0,0.0,0.0
0,2023-11-26,14.2,2.5,15.2,29.9,0.0,0.0,0.0,0.0
0,2023-11-27,14.4,3.8,10.6,20.2,0.0,1.3,4.0,1.3
0,2023-11-28,16.1,7.4,26.6,54.4,0.0,0.2,2.0,0.2
0,2023-11-29,14.2,3.5,25.8,51.5,0.0,0.0,0.0,0.0
0,2023-11-30,12.9,4.9,23.6,46.1,0.0,0.2,2.0,0.2
0,2023-12-01,12.2,3.1,23.5,45.0,0.0,0.0,0.0,0.0
0,2023-12-02,11.3,4.1,24.1,48.2,0.0,0.0,0.0,0.0
0,2023-12-03,13.5,2.5,27.1,52.6,0.0,0.0,0.0,0.0
0,2023-12-04,13.3,1.9,12.8,26.6,0.0,0.0,0.0,0.0
0,2023-12-05,10.4,3.3,6.0,13.0,0.0,3.4,11.0,3.4
0,2023-12-06,16.4,5.0,15.4,31.3,0.0,2.1,5.0,2.1
0,2023-12-07,15.5,6.4,32.7,63.7,0.0,0.0,0.0,0.0
0,2023-12-08,15.1,3.0,10.9,20.2,0.0,0.0,0.0,0.0
0,2023-12-09,15.9,5.8,6.7,15.8,0.0,0.0,0.0,0.0
0,2023-12-10,20.1,6.0,15.0,29.2,0.0,0.0,0.0,0.0
0,2023-12-11,17.0,9.7,10.0,23.4,0.0,4.5,5.0,4.5
0,2023-12-12,18.2,9.9,35.8,67.0,0.0,20.4,7.0,20.4
0,2023-12-13,13.6,4.7,29.3,54.4,0.0,0.0,0.0,0.0
0,2023-12-14,14.3,2.0,11.6,20.9,0.0,0.1,1.0,0.1
0,2023-12-15,14.2,9.9,6.1,13.3,0.0,12.2,12.0,12.2
0,2023-12-16,19.3,10.4,28.2,54.7,0.0,3.2,11.0,3.2
0,2023-12-17,9.9,1.5,31.8,62.3,0.0,0.0,0.0,0.0
0,2023-12-18,7.7,0.4,24.1,46.1,0.0,0.1,1.0,0.1
0,2023-12-19,9.1,3.4,13.4,23.4,0.0,1.1,7.0,1.1
0,2023-12-20,11.2,2.9,26.8,50.8,0.0,0.0,0.0,0.0
0,2023-12-21,6.2,1.0,30.2,57.2,0.0,0.0,0.0,0.0
0,2023-12-22,5.4,-0.7,28.9,55.1,0.0,0.0,0.0,0.0
0,2023-12-23,7.7,-2.4,24.8,45.0,0.0,0.0,0.0,0.0
0,2023-12-24,9.8,-0.4,20.2,39.2,0.0,0.0,0.0,0.0
0,2023-12-25,10.3,-1.2,18.2,35.3,0.0,0.0,0.0,0.0
0,2023-12-26,9.8,-0.6,18.7,36.4,0.0,0.0,0.0,0.0
0,2023-12-27,11.2,3.7,19.5,35.3,0.0,0.0,0.0,0.0
0,2023-12-28,13.3,0.9,10.6,19.1,0.0,0.0,0.0,0.0
0,2023-12-29,12.4,3.2,19.9,39.2,0.0,0.0,0.0,0.0
0,2023-12-30,12.0,0.1,9.9,18.7,0.0,0.3,1.0,0.3
0,2023-12-31,15.3,7.3,31.4,57.2,0.0,7.0,9.0,7.0
0,2024-01-01,10.2,1.9,32.3,60.5,0.0,0.1,1.0,0.1
0,2024-01-02,12.3,-1.1,17.6,33.1,0.0,0.0,0.0,0.0
0,2024-01-03,12.4,2.7,13.9,24.1,0.0,3.1,8.0,3.1
0,2024-01-04,12.1,3.3,29.0,57.2,0.0,0.3,3.0,0.3
0,2024-01-05,13.1,-0.1,12.5,22.7,0.0,0.0,0.0,0.0
0,2024-01-06,14.3,3.2,14.1,27.7,0.0,0.7,4.0,0.7
0,2024-01-07,9.8,2.8,27.7,52.9,0.0,0.0,0.0,0.0
0,2024-01-08,6.4,-0.6,33.7,62.3,0.35,0.2,5.0,0.7
0,2024-01-09,10.4,-2.9,11.6,20.5,0.0,0.0,0.0,0.0
0,2024-01-10,8.1,-0.6,14.6,25.6,0.0,0.6,3.0,0.6
0,2024-01-11,9.6,1.1,23.5,46.4,0.0,0.0,0.0,0.0
0,2024-01-12,12.9,-0.2,27.0,51.5,0.0,0.0,0.0,0.0
0,2024-01-13,10.8,1.4,34.1,66.2,0.0,0.4,4.0,0.4
0,2024-01-14,7.5,-2.3,19.5,36.0,0.0,0.0,0.0,0.0
0,2024-01-15,9.1,1.8,30.2,58.3,0.0,0.8,3.0,0.8
0,2024-01-16,6.0,1.5,36.6,68.4,0.0,0.1,1.0,0.1
0,2024-01-17,12.6,-0.9,24.1,48.6,0.0,0.0,0.0,0.0
0,2024-01-18,9.5,3.2,9.5,21.2,0.0,10.1,19.0,10.1
0,2024-01-19,13.4,4.9,20.0,36.7,0.0,0.5,3.0,0.5
0,2024-01-20,10.4,6.7,24.3,44.6,0.0,8.1,19.0,8.1
0,2024-01-21,13.7,8.8,29.0,54.7,0.0,45.6,12.0,45.6
0,2024-01-22,13.6,6.2,22.7,43.2,0.0,0.0,0.0,0.0
0,2024-01-23,8.4,0.7,32.2,58.7,0.0,0.1,1.0,0.1
0,2024-01-24,4.6,-1.8,37.7,70.9,0.42,0.0,3.0,0.6
0,2024-01-25,5.3,-1.1,28.8,56.5,0.0,0.1,1.0,0.1
0,2024-01-26,6.2,0.9,31.1,59.0,0.0,0.0,0.0,0.0
0,2024-01-27,8.4,-0.1,22.9,44.3,0.0,0.0,0.0,0.0
0,2024-01-28,10.1,-0.7,19.8,36.7,0.0,0.2,2.0,0.2
0,2024-01-29,10.5,0.5,17.3,34.9,0.0,0.0,0.0,0.0
0,2024-01-30,12.4,-1.9,10.1,18.7,0.0,0.0,0.0,0.0
0,2024-01-31,10.0,2.2,5.1,14.4,0.0,4.6,9.0,4.6
0,2024-02-01,12.4,2.5,25.6,49.7,0.0,3.1,2.0,3.1
0,2024-02-02,7.6,1.1,32.5,58.7,0.0,0.0,0.0,0.0
0,2024-02-03,10.4,2.3,26.5,49.0,0.0,0.5,2.0,0.5
0,2024-02-04,11.4,2.9,23.0,43.9,0.0,2.6,6.0,2.6
0,2024-02-05,6.6,1.6,27.0,54.7,0.0,17.3,13.0,17.3
0,2024-02-06,8.6,1.7,31.7,58.0,0.0,0.0,0.0,0.0
0,2024-02-07,9.6,-0.8,17.6,37.8,0.0,0.6,3.0,0.6
0,2024-02-08,8.7,-1.0,24.0,47.2,0.0,0.0,0.0,0.0
0,2024-02-09,11.3,0.2,15.5,32.0,0.0,0.0,0.0,0.0
0,2024-02-10,11.5,-0.6,22.2,42.8,0.0,0.0,0.0,0.0
0,2024-02-11,9.2,0.8,18.6,40.0,0.0,0.0,0.0,0.0
0,2024-02-12,10.1,2.0,31.7,61.2,0.0,0.0,0.0,0.0
0,2024-02-13,12.1,0.3,8.7,21.6,0.0,0.0,0.0,0.0
0,2024-02-14,16.9,2.5,7.6,16.6,0.0,0.0,0.0,0.0
0,2024-02-15,15.7,7.4,13.1,21.2,0.0,2.6,9.0,2.6
0,2024-02-16,12.7,4.7,33.2,66.2,0.0,0.7,4.0,0.7
0,2024-02-17,13.1,5.4,8.7,19.1,0.0,0.0,0.0,0.0
0,2024-02-18,13.9,9.6,15.9,31.7,0.0,8.5,19.0,8.5
0,2024-02-19,16.7,10.3,17.7,33.5,0.0,12.5,16.0,12.5
0,2024-02-20,19.9,10.3,20.4,38.9,0.0,6.0,4.0,6.0
0,2024-02-21,14.8,9.4,14.0,32.8,0.0,14.7,15.0,14.7
0,2024-02-22,12.6,4.9,26.9,51.8,0.0,11.4,15.0,11.4
0,2024-02-23,6.0,3.6,27.8,51.1,0.0,11.6,15.0,11.6
0,2024-02-24,10.9,0.8,23.8,43.9,0.0,0.0,0.0,0.0
0,2024-02-25,7.7,5.3,20.7,37.4,0.0,17.3,19.0,17.3
0,2024-02-26,9.9,3.3,33.5,63.0,0.0,0.0,0.0,0.0
0,2024-02-27,8.5,2.3,36.0,69.8,0.0,0.0,0.0,0.0
0,2024-02-28,11.1,2.2,30.8,56.9,0.0,0.0,0.0,0.0
0,2024-02-29,8.8,0.9,23.4,44.6,0.0,14.0,8.0,14.0
0,2024-03-01,12.9,4.3,32.6,62.6,0.0,13.7,6.0,13.7
0,2024-03-02,6.3,-0.8,27.1,52.9,0.0,0.0,0.0,0.0
0,2024-03-03,10.3,-2.5,24.3,46.4,0.0,0.0,0.0,0.0
0,2024-03-04,13.0,1.2,26.1,49.7,0.0,0.9,2.0,0.9
0,2024-03-05,8.1,5.1,22.3,43.2,0.0,32.5,19.0,32.5
0,2024-03-06,11.1,5.0,31.4,57.2,0.0,3.3,11.0,3.3
0,2024-03-07,10.8,3.4,27.7,52.2,0.0,0.0,0.0,0.0
0,2024-03-08,11.4,2.2,27.6,54.0,0.0,0.0,0.0,0.0
0,2024-03-09,7.0,1.7,30.3,58.7,0.0,0.4,4.0,0.4
0,2024-03-10,8.7,1.4,25.0,47.5,0.0,0.0,0.0,0.0
0,2024-03-11,12.3,-1.8,14.1,32.4,0.0,0.0,0.0,0.0
0,2024-03-12,8.9,6.0,36.5,68.0,0.0,39.9,14.0,39.9
0,2024-03-13,10.4,2.5,35.2,68.4,0.0,0.1,1.0,0.1
0,2024-03-14,14.8,-0.3,17.7,36.4,0.0,0.2,2.0,0.2
0,2024-03-15,16.6,1.4,22.4,42.5,0.0,0.0,0.0,0.0
0,2024-03-16,18.6,3.3,20.7,41.0,0.0,0.0,0.0,0.0
0,2024-03-17,16.1,6.8,22.2,38.5,0.0,2.7,8.0,2.7
0,2024-03-18,8.3,2.9,37.1,72.0,0.0,0.0,0.0,0.0
0,2024-03-19,12.5,1.8,16.9,29.2,0.0,0.0,0.0,0.0
0,2024-03-20,10.7,2.7,43.9,82.1,0.0,2.0,9.0,2.0
0,2024-03-21,7.8,0.8,26.0,51.5,0.07,0.4,4.0,0.5
0,2024-03-22,10.3,-0.7,18.6,37.8,0.0,0.0,0.0,0.0
0,2024-03-23,8.7,3.8,11.8,22.3,0.0,18.3,14.0,18.3
0,2024-03-24,10.5,5.3,7.8,14.8,0.0,10.6,15.0,10.6
0,2024-03-25,12.7,8.9,4.2,11.2,0.0,8.0,19.0,8.0
0,2024-03-26,13.9,6.6,43.5,81.4,0.0,38.2,17.0,38.2
0,2024-03-27,14.4,4.7,30.9,58.3,0.0,0.0,0.0,0.0
0,2024-03-28,13.9,3.0,21.0,40.7,0.0,16.1,9.0,16.1
0,2024-03-29,21.8,9.4,24.7,46.1,0.0,12.8,10.0,12.8
0,2024-03-30,21.6,7.4,19.8,38.5,0.0,0.0,0.0,0.0
0,2024-03-31,23.1,8.6,12.3,27.7,0.0,2.9,4.0,2.9
0,2024-04-01,19.6,9.3,24.3,47.9,0.0,0.9,4.0,0.9
0,2024-04-02,18.9,4.7,10.4,22.0,0.0,0.0,0.0,0.0
0,2024-04-03,14.0,11.1,17.5,34.6,0.0,51.1,17.0,51.1
0,2024-04-04,18.7,11.3,30.7,58.7,0.0,3.2,6.0,3.2
0,2024-04-05,17.0,8.5,23.0,46.4,0.0,0.9,3.0,0.9
0,2024-04-06,18.6,10.6,13.2,29.5,0.0,0.0,0.0,0.0
0,2024-04-07,21.7,12.0,8.3,22.7,0.0,0.0,0.0,0.0
0,2024-04-08,18.8,13.7,10.4,24.1,0.0,13.9,14.0,13.9
0,2024-04-09,15.4,7.7,44.5,85.7,0.0,29.1,11.0,29.1
0,2024-04-10,15.7,4.5,25.2,46.1,0.0,0.0,0.0,0.0
0,2024-04-11,16.2,9.7,21.8,43.6,0.0,0.0,0.0,0.0
0,2024-04-12,19.4,10.4,11.8,27.4,0.0,0.0,0.0,0.0
0,2024-04-13,22.0,8.8,13.7,28.4,0.0,0.0,0.0,0.0
0,2024-04-14,20.7,12.2,10.3,25.9,0.0,0.0,0.0,0.0
0,2024-04-15,21.3,11.9,20.9,41.8,0.0,0.0,0.0,0.0
0,2024-04-16,21.3,14.8,26.7,52.6,0.0,2.1,7.0,2.1
0,2024-04-17,23.0,14.5,19.7,39.6,0.0,7.6,4.0,7.6
0,2024-04-18,19.2,11.8,30.3,55.4,0.0,0.0,0.0,0.0
0,2024-04-19,19.9,11.5,32.9,63.0,0.0,0.0,0.0,0.0
0,2024-04-20,25.7,9.4,12.8,27.4,0.0,0.0,0.0,0.0
0,2024-04-21,18.1,15.2,11.1,22.7,0.0,19.1,14.0,19.1
0,2024-04-22,21.7,15.3,18.3,36.0,0.0,1.9,10.0,1.9
0,2024-04-23,17.7,15.6,20.4,37.1,0.0,9.2,17.0,9.2
0,2024-04-24,16.3,15.5,26.6,49.3,0.0,44.4,24.0,44.4
0,2024-04-25,22.6,13.1,21.4,42.8,0.0,0.2,2.0,0.2
0,2024-04-26,20.9,9.9,13.6,25.9,0.0,0.3,1.0,0.3
0,2024-04-27,20.2,15.5,5.7,15.8,0.0,1.9,5.0,1.9
0,2024-04-28,25.3,12.6,10.0,24.1,0.0,0.0,0.0,0.0
0,2024-04-29,20.6,15.0,16.7,33.1,0.0,2.8,8.0,2.8
0,2024-04-30,22.6,17.2,20.1,36.0,0.0,13.2,15.0,13.2
0,2024-05-01,18.0,12.7,26.4,48.6,0.0,7.6,11.0,7.6
0,2024-05-02,19.5,10.3,25.3,48.6,0.0,1.6,1.0,1.6
0,2024-05-03,21.0,11.8,14.0,31.0,0.0,0.0,0.0,0.0
0,2024-05-04,23.3,10.4,9.2,24.8,0.0,0.0,0.0,0.0
0,2024-05-05,23.3,12.2,20.4,41.4,0.0,0.0,0.0,0.0
0,2024-05-06,22.0,17.3,25.8,50.0,0.0,7.2,17.0,7.2
0,2024-05-07,24.6,17.0,19.6,40.0,0.0,15.2,12.0,15.2
0,2024-05-08,19.3,10.8,29.6,55.8,0.0,0.0,0.0,0.0
0,2024-05-09,16.3,9.9,33.2,63.7,0.0,0.0,0.0,0.0
0,2024-05-10,20.1,6.6,13.8,27.4,0.0,0.0,0.0,0.0
0,2024-05-11,23.1,11.9,22.4,45.0,0.0,0.0,0.0,0.0
0,2024-05-12,21.8,15.4,24.3,46.8,0.0,9.6,12.0,9.6
0,2024-05-13,19.2,12.3,28.8,52.2,0.0,36.2,17.0,36.2
0,2024-05-14,21.7,8.2,20.5,36.4,0.0,0.0,0.0,0.0
0,2024-05-15,20.5,13.1,8.1,20.9,0.0,15.3,7.0,15.3
0,2024-05-16,22.1,13.5,38.2,72.0,0.0,7.6,11.0,7.6
0,2024-05-17,24.1,11.3,18.1,36.7,0.0,0.0,0.0,0.0
0,2024-05-18,24.9,11.0,9.7,23.4,0.0,0.0,0.0,0.0
0,2024-05-19,18.8,14.1,10.1,19.8,0.0,13.9,12.0,13.9
0,2024-05-20,26.2,13.5,20.4,38.9,0.0,14.5,7.0,14.5
0,2024-05-21,23.5,14.0,27.6,53.3,0.0,0.0,0.0,0.0
0,2024-05-22,21.1,11.6,16.5,33.1,0.0,0.2,2.0,0.2
0,2024-05-23,22.6,17.3,11.2,26.3,0.0,0.0,0.0,0.0
0,2024-05-24,28.7,15.4,25.0,46.1,0.0,0.0,0.0,0.0
0,2024-05-25,23.3,13.5,27.3,53.3,0.0,0.0,0.0,0.0
0,2024-05-26,22.5,12.5,21.4,43.6,0.0,0.3,2.0,0.3
0,2024-05-27,24.6,18.3,14.5,29.9,0.0,18.0,12.0,18.0
0,2024-05-28,22.8,15.6,34.7,76.7,0.0,99.8,19.0,99.8
0,2024-05-29,21.9,13.6,32.0,61.9,0.0,0.0,0.0,0.0
0,2024-05-30,23.0,10.5,13.5,27.7,0.0,1.7,3.0,1.7
0,2024-05-31,21.1,16.2,15.8,28.4,0.0,15.7,17.0,15.7
0,2024-06-01,25.0,14.6,18.5,36.7,0.0,0.0,0.0,0.0
0,2024-06-02,21.4,15.9,10.0,29.2,0.0,11.9,10.0,11.9
0,2024-06-03,24.4,14.0,17.2,34.2,0.0,0.0,0.0,0.0
0,2024-06-04,24.4,13.1,22.7,43.6,0.0,0.0,0.0,0.0
0,2024-06-05,25.9,13.8,13.8,27.0,0.0,0.0,0.0,0.0
0,2024-06-06,24.2,13.9,15.1,29.9,0.0,0.0,0.0,0.0
0,2024-06-07,24.5,17.9,19.3,39.2,0.0,0.2,2.0,0.2
0,2024-06-08,25.0,17.6,20.7,41.8,0.0,0.0,0.0,0.0
0,2024-06-09,20.6,18.7,16.8,33.1,0.0,18.0,17.0,18.0
0,2024-06-10,25.1,18.2,13.0,28.8,0.0,15.1,9.0,15.1
0,2024-06-11,26.4,16.0,9.5,24.5,0.0,0.1,1.0,0.1
0,2024-06-12,25.9,19.9,16.3,31.7,0.0,0.2,2.0,0.2
0,2024-06-13,27.2,19.2,9.9,23.0,0.0,0.0,0.0,0.0
0,2024-06-14,27.6,17.7,12.1,28.4,0.0,0.0,0.0,0.0
0,2024-06-15,26.1,19.8,20.7,41.4,0.0,8.1,9.0,8.1
0,2024-06-16,30.3,19.6,14.2,28.8,0.0,0.7,5.0,0.7
0,2024-06-17,27.4,18.9,7.7,15.5,0.0,7.9,5.0,7.9
0,2024-06-18,23.0,17.4,19.2,37.4,0.0,71.5,16.0,71.5
0,2024-06-19,28.8,17.2,16.4,29.9,0.0,0.0,0.0,0.0
0,2024-06-20,25.2,19.3,11.9,23.8,0.0,0.0,0.0,0.0
0,2024-06-21,26.9,18.6,21.6,45.7,0.0,60.1,11.0,60.1
0,2024-06-22,27.5,17.4,25.1,48.6,0.0,20.3,7.0,20.3
0,2024-06-23,28.0,21.2,10.5,29.9,0.0,16.8,22.0,16.8
0,2024-06-24,30.0,22.9,23.0,43.9,0.0,0.2,2.0,0.2
0,2024-06-25,29.4,21.1,10.1,27.4,0.0,0.5,2.0,0.5
0,2024-06-26,27.9,21.7,16.0,33.1,0.0,0.0,0.0,0.0
0,2024-06-27,25.7,18.4,8.8,18.4,0.0,1.9,7.0,1.9
0,2024-06-28,24.3,21.2,15.1,30.6,0.0,54.6,21.0,54.6
0,2024-06-29,31.0,21.8,17.7,36.4,0.0,0.0,0.0,0.0
0,2024-06-30,25.0,22.9,10.1,16.9,0.0,11.3,10.0,11.3
0,2024-07-01,27.3,23.5,14.0,29.5,0.0,15.3,20.0,15.3
0,2024-07-02,28.6,23.2,12.5,25.6,0.0,25.2,16.0,25.2
0,2024-07-03,33.0,22.1,14.6,27.4,0.0,0.2,2.0,0.2
0,2024-07-04,31.8,25.3,22.7,45.0,0.0,2.3,8.0,2.3
0,2024-07-05,35.0,23.8,19.1,37.4,0.0,0.0,0.0,0.0
0,2024-07-06,34.1,24.8,20.9,40.0,0.0,0.1,1.0,0.1
0,2024-07-07,34.9,25.3,20.7,40.0,0.0,0.0,0.0,0.0
0,2024-07-08,34.1,26.6,21.3,42.1,0.0,0.0,0.0,0.0
0,2024-07-09,33.2,24.1,20.9,40.0,0.0,0.0,0.0,0.0
0,2024-07-10,29.6,23.8,9.3,28.1,0.0,19.4,7.0,19.4
0,2024-07-11,28.1,24.0,8.4,27.0,0.0,13.2,14.0,13.2
0,2024-07-12,27.5,21.7,20.7,37.8,0.0,69.2,15.0,69.2
0,2024-07-13,27.9,20.4,15.1,32.4,0.0,1.5,10.0,1.5
0,2024-07-14,28.7,23.6,7.7,24.1,0.0,15.4,15.0,15.4
0,2024-07-15,29.9,23.4,13.9,28.8,0.0,10.3,16.0,10.3
0,2024-07-16,29.7,23.0,11.6,34.6,0.0,16.5,15.0,16.5
0,2024-07-17,31.6,24.0,10.5,26.3,0.0,6.2,8.0,6.2
0,2024-07-18,31.2,22.7,11.0,25.6,0.0,0.0,0.0,0.0
0,2024-07-19,31.4,25.2,10.7,28.1,0.0,0.2,2.0,0.2
0,2024-07-20,33.9,25.0,12.1,25.9,0.0,0.4,3.0,0.4
0,2024-07-21,33.8,25.1,10.5,24.1,0.0,0.1,1.0,0.1
0,2024-07-22,34.8,25.6,10.8,23.0,0.0,0.9,6.0,0.9
0,2024-07-23,35.5,24.7,10.0,23.0,0.0,0.0,0.0,0.0
0,2024-07-24,32.6,25.4,8.0,24.1,0.0,1.0,5.0,1.0
0,2024-07-25,32.2,24.8,11.9,32.0,0.0,4.6,6.0,4.6
0,2024-07-26,32.3,24.4,10.5,26.3,0.0,1.3,3.0,1.3
0,2024-07-27,34.8,25.3,14.8,29.5,0.0,0.0,0.0,0.0
0,2024-07-28,35.0,26.2,21.4,40.7,0.0,0.0,0.0,0.0
0,2024-07-29,35.2,25.2,18.1,36.4,0.0,0.0,0.0,0.0
0,2024-07-30,35.2,26.4,23.2,45.7,0.0,0.3,1.0,0.3
0,2024-07-31,33.5,26.4,26.4,50.4,0.0,0.0,0.0,0.0
0,2024-08-01,34.0,22.8,11.6,27.7,0.0,0.0,0.0,0.0
0,2024-08-02,33.1,24.8,16.9,36.7,0.0,0.0,0.0,0.0
0,2024-08-03,34.1,25.4,14.3,33.8,0.0,0.1,1.0,0.1
0,2024-08-04,33.9,26.3,13.9,32.0,0.0,0.3,1.0,0.3
0,2024-08-05,35.1,26.3,11.7,28.8,0.0,3.3,10.0,3.3
0,2024-08-06,32.7,25.8,13.7,31.0,0.0,0.5,4.0,0.5
0,2024-08-07,33.7,25.2,15.9,30.2,0.0,1.2,6.0,1.2
0,2024-08-08,34.7,22.9,15.9,36.0,0.0,0.0,0.0,0.0
0,2024-08-09,36.9,24.2,16.9,33.1,0.0,0.0,0.0,0.0
0,2024-08-10,36.0,25.0,19.4,39.2,0.0,0.0,0.0,0.0
0,2024-08-11,36.8,24.9,23.2,44.6,0.0,0.0,0.0,0.0
0,2024-08-12,38.0,25.5,15.5,31.3,0.0,0.0,0.0,0.0
0,2024-08-13,35.0,26.7,17.0,36.4,0.0,0.0,0.0,0.0
0,2024-08-14,34.8,25.7,19.1,39.2,0.0,0.0,0.0,0.0
0,2024-08-15,35.0,26.9,12.5,32.4,0.0,1.3,4.0,1.3
0,2024-08-16,35.2,26.6,33.8,63.7,0.0,0.0,0.0,0.0
0,2024-08-17,36.4,26.9,26.5,51.1,0.0,0.0,0.0,0.0
0,2024-08-18,36.6,26.1,21.1,43.6,0.0,0.0,0.0,0.0
0,2024-08-19,32.9,26.6,13.3,27.0,0.0,3.2,7.0,3.2
0,2024-08-20,31.3,25.2,11.0,26.3,0.0,26.1,15.0,26.1
0,2024-08-21,34.6,25.9,13.7,25.6,0.0,0.2,1.0,0.2
0,2024-08-22,31.9,26.2,13.2,31.7,0.0,4.4,7.0,4.4
0,2024-08-23,32.0,26.8,11.2,27.4,0.0,3.4,9.0,3.4
0,2024-08-24,32.9,25.1,10.1,31.0,0.0,15.0,13.0,15.0
0,2024-08-25,31.0,24.9,11.4,26.6,0.0,1.4,6.0,1.4
0,2024-08-26,30.9,24.5,24.6,51.1,0.0,24.2,24.0,24.2
0,2024-08-27,28.6,23.9,20.6,40.7,0.0,14.6,22.0,14.6
0,2024-08-28,28.3,24.0,23.7,46.1,0.0,8.4,22.0,8.4
0,2024-08-29,25.9,24.1,25.2,52.6,0.0,50.2,24.0,50.2
0,2024-08-30,29.0,25.0,22.3,45.7,0.0,10.2,23.0,10.2
0,2024-08-31,26.1,23.7,19.2,38.2,0.0,76.5,22.0,76.5
0,2024-09-01,28.6,23.3,21.7,40.0,0.0,12.8,17.0,12.8
0,2024-09-02,29.7,24.7,14.8,32.4,0.0,4.4,12.0,4.4
0,2024-09-03,30.7,22.2,16.1,30.2,0.0,0.1,1.0,0.1
0,2024-09-04,29.2,21.4,12.9,26.6,0.0,0.3,2.0,0.3
0,2024-09-05,29.9,22.3,12.1,25.9,0.0,0.4,1.0,0.4
0,2024-09-06,32.4,22.2,9.7,19.1,0.0,0.1,1.0,0.1
0,2024-09-07,31.7,21.5,10.7,23.0,0.0,0.0,0.0,0.0
0,2024-09-08,31.8,22.8,9.4,21.2,0.0,0.1,1.0,0.1
0,2024-09-09,30.3,24.3,17.9,35.6,0.0,1.0,7.0,1.0
0,2024-09-10,29.2,24.6,15.9,33.8,0.0,9.0,17.0,9.0
0,2024-09-11,31.0,25.1,10.9,23.4,0.0,13.3,11.0,13.3
0,2024-09-12,30.9,24.3,10.9,25.9,0.0,0.4,4.0,0.4
0,2024-09-13,31.3,25.4,10.2,24.8,0.0,0.1,1.0,0.1
0,2024-09-14,30.6,23.8,17.3,38.9,0.0,1.9,11.0,1.9
0,2024-09-15,30.5,25.5,13.5,28.8,0.0,1.0,7.0,1.0
0,2024-09-16,31.6,25.2,12.5,25.9,0.0,0.0,0.0,0.0
0,2024-09-17,31.2,25.7,8.9,22.7,0.0,1.1,10.0,1.1
0,2024-09-18,33.6,25.0,11.0,28.4,0.0,5.8,4.0,5.8
0,2024-09-19,34.0,25.3,11.1,28.1,0.0,0.2,2.0,0.2
0,2024-09-20,35.8,23.9,9.1,24.5,0.0,0.0,0.0,0.0
0,2024-09-21,33.7,25.2,8.3,19.4,0.0,0.0,0.0,0.0
0,2024-09-22,29.7,22.8,27.5,53.3,0.0,6.1,10.0,6.1
0,2024-09-23,29.0,21.1,21.9,42.8,0.0,0.1,1.0,0.1
0,2024-09-24,26.0,20.9,20.4,40.3,0.0,1.1,5.0,1.1
0,2024-09-25,27.6,20.1,13.3,28.8,0.0,0.0,0.0,0.0
0,2024-09-26,28.1,21.3,12.6,24.1,0.0,0.8,2.0,0.8
0,2024-09-27,26.4,21.7,11.8,21.6,0.0,4.6,10.0,4.6
0,2024-09-28,27.9,21.5,12.2,27.7,0.0,2.5,7.0,2.5
0,2024-09-29,25.4,20.2,15.2,31.3,0.0,0.8,6.0,0.8
0,2024-09-30,26.4,20.5,12.5,27.7,0.0,0.0,0.0,0.0
0,2024-10-01,31.5,18.9,13.4,28.4,0.0,0.0,0.0,0.0
0,2024-10-02,28.6,19.3,12.1,25.2,0.0,0.0,0.0,0.0
0,2024-10-03,24.6,21.6,20.3,37.4,0.0,13.9,12.0,13.9
0,2024-10-04,25.2,20.2,11.9,22.3,0.0,11.5,16.0,11.5
0,2024-10-05,27.7,18.5,10.4,22.7,0.0,1.6,6.0,1.6
0,2024-10-06,25.2,19.1,10.4,24.1,0.0,0.4,4.0,0.4
0,2024-10-07,26.9,20.9,11.8,27.0,0.0,22.1,11.0,22.1
0,2024-10-08,26.1,18.6,15.7,28.4,0.0,10.4,10.0,10.4
0,2024-10-09,24.5,16.5,11.1,23.0,0.0,19.4,12.0,19.4
0,2024-10-10,23.8,15.4,10.7,18.0,0.0,0.0,0.0,0.0
0,2024-10-11,24.5,15.0,14.3,29.2,0.0,0.0,0.0,0.0
0,2024-10-12,24.1,12.8,9.6,21.2,0.0,0.0,0.0,0.0
0,2024-10-13,24.8,13.8,8.5,21.2,0.0,0.0,0.0,0.0
0,2024-10-14,24.2,16.2,16.8,34.2,0.0,0.0,0.0,0.0
0,2024-10-15,24.4,19.3,18.7,34.6,0.0,9.9,15.0,9.9
0,2024-10-16,25.0,19.4,9.8,17.6,0.0,0.9,7.0,0.9
0,2024-10-17,26.1,18.1,9.2,22.3,0.0,0.1,1.0,0.1
0,2024-10-18,23.2,20.5,16.8,34.6,0.0,12.1,22.0,12.1
0,2024-10-19,26.8,18.1,30.2,54.7,0.0,8.6,11.0,8.6
0,2024-10-20,20.3,14.6,32.6,62.3,0.0,0.0,0.0,0.0
0,2024-10-21,21.1,15.8,28.1,54.0,0.0,0.0,0.0,0.0
0,2024-10-22,22.0,16.9,25.2,45.4,0.0,9.6,8.0,9.6
0,2024-10-23,26.8,20.1,22.0,46.1,0.0,16.4,15.0,16.4
0,2024-10-24,24.2,16.0,13.1,24.1,0.0,2.3,5.0,2.3
0,2024-10-25,23.9,16.3,11.8,25.6,0.0,3.9,4.0,3.9
0,2024-10-26,21.3,17.9,5.2,9.7,0.0,0.0,0.0,0.0
0,2024-10-27,22.6,17.2,7.3,19.1,0.0,0.5,4.0,0.5
0,2024-10-28,21.3,17.0,25.1,48.2,0.0,7.4,7.0,7.4
0,2024-10-29,18.3,16.4,16.5,32.0,0.0,25.3,14.0,25.3
0,2024-10-30,21.0,14.3,30.4,57.6,0.0,4.2,7.0,4.2
0,2024-10-31,20.4,11.1,20.2,36.0,0.0,0.0,0.0,0.0
0,2024-11-01,20.1,16.7,9.9,19.8,0.0,15.6,9.0,15.6
0,2024-11-02,20.0,17.2,30.7,61.2,0.0,46.3,18.0,46.3
0,2024-11-03,20.9,11.5,26.3,52.2,0.0,0.0,0.0,0.0
0,2024-11-04,21.0,10.9,6.6,18.4,0.0,0.1,1.0,0.1
0,2024-11-05,21.3,13.6,10.5,23.0,0.0,0.0,0.0,0.0
0,2024-11-06,19.6,11.1,25.1,46.4,0.0,0.0,0.0,0.0
0,2024-11-07,14.0,9.3,27.3,53.6,0.0,0.0,0.0,0.0
0,2024-11-08,16.7,6.8,22.3,42.5,0.0,0.0,0.0,0.0
0,2024-11-09,17.9,4.9,7.0,15.1,0.0,0.0,0.0,0.0
0,2024-11-10,17.3,10.5,6.4,12.2,0.0,1.2,2.0,1.2
0,2024-11-11,21.5,12.5,25.7,48.6,0.0,2.4,8.0,2.4
0,2024-11-12,21.5,9.7,14.5,27.7,0.0,0.0,0.0,0.0
0,2024-11-13,20.4,10.7,19.2,42.8,0.0,0.0,0.0,0.0
0,2024-11-14,16.0,10.0,8.8,20.5,0.0,10.1,11.0,10.1
0,2024-11-15,21.4,14.2,10.7,19.4,0.0,2.1,3.0,2.1
0,2024-11-16,19.7,13.6,16.0,29.9,0.0,6.0,9.0,6.0
0,2024-11-17,23.6,15.3,24.8,47.9,0.0,0.6,3.0,0.6
0,2024-11-18,16.7,8.6,26.2,51.1,0.0,0.0,0.0,0.0
0,2024-11-19,13.1,6.6,22.8,48.2,0.0,0.0,0.0,0.0
0,2024-11-20,13.3,7.2,11.0,19.8,0.0,1.9,6.0,1.9
0,2024-11-21,16.8,6.2,23.7,48.6,0.0,0.0,0.0,0.0
0,2024-11-22,17.8,5.7,20.9,42.5,0.0,0.0,0.0,0.0
0,2024-11-23,12.7,7.8,25.7,54.4,0.0,0.0,0.0,0.0
0,2024-11-24,14.5,7.0,22.5,46.1,0.0,0.0,0.0,0.0
0,2024-11-25,15.9,5.5,16.7,32.4,0.0,0.0,0.0,0.0
0,2024-11-26,18.1,8.9,26.1,54.4,0.0,58.1,21.0,58.1
0,2024-11-27,16.0,9.4,19.7,40.7,0.0,0.4,1.0,0.4
0,2024-11-28,13.4,5.0,25.2,54.7,0.0,0.0,0.0,0.0
0,2024-11-29,13.3,4.8,26.3,54.0,0.0,0.4,4.0,0.4
0,2024-11-30,13.6,6.0,26.8,54.0,0.0,0.0,0.0,0.0
0,2024-12-01,15.7,5.2,18.6,38.5,0.0,0.0,0.0,0.0
0,2024-12-02,16.9,3.4,7.7,15.1,0.0,0.0,0.0,0.0
0,2024-12-03,18.4,5.0,10.9,19.8,0.0,0.0,0.0,0.0
0,2024-12-04,13.9,5.6,23.6,50.0,0.0,0.0,0.0,0.0
0,2024-12-05,13.1,3.5,21.1,43.2,0.0,0.0,0.0,0.0
0,2024-12-06,13.9,4.8,28.3,56.2,0.0,0.0,0.0,0.0
0,2024-12-07,12.3,3.2,24.2,49.7,0.0,0.0,0.0,0.0
0,2024-12-08,10.6,4.8,27.1,57.2,0.0,0.2,2.0,0.2
0,2024-12-09,10.6,4.2,24.1,49.0,0.0,0.0,0.0,0.0
0,2024-12-10,12.9,2.4,19.3,39.6,0.0,0.0,0.0,0.0
0,2024-12-11,13.4,4.1,19.7,39.6,0.0,0.0,0.0,0.0
0,2024-12-12,9.5,1.7,22.0,46.4,0.0,0.0,0.0,0.0
0,2024-12-13,11.5,-0.9,11.7,27.7,0.0,0.1,1.0,0.1
0,2024-12-14,9.0,1.1,26.4,51.1,0.0,0.4,3.0,0.4
0,2024-12-15,10.2,0.4,23.5,47.2,0.0,0.0,0.0,0.0
0,2024-12-16,12.4,2.9,21.9,44.6,0.0,0.0,0.0,0.0
0,2024-12-17,12.2,0.9,21.6,45.0,0.0,0.0,0.0,0.0
0,2024-12-18,10.8,1.5,18.2,38.2,0.0,0.0,0.0,0.0
0,2024-12-19,8.4,-0.7,27.0,57.2,0.0,0.0,0.0,0.0
0,2024-12-20,10.0,-0.7,13.7,28.8,0.0,0.0,0.0,0.0
0,2024-12-21,10.4,-1.7,22.0,41.4,0.0,0.0,0.0,0.0
0,2024-12-22,6.6,3.0,31.8,63.0,0.0,1.3,9.0,1.3
0,2024-12-23,9.5,-0.4,22.9,47.2,0.0,0.4,2.0,0.4
0,2024-12-24,10.0,1.9,24.1,50.8,0.0,0.0,0.0,0.0
0,2024-12-25,11.6,0.9,10.2,19.4,0.0,0.0,0.0,0.0
0,2024-12-26,13.6,2.9,23.4,49.0,0.0,0.0,0.0,0.0
0,2024-12-27,10.5,4.3,30.1,60.5,0.0,0.0,0.0,0.0
0,2024-12-28,8.9,2.6,24.5,52.9,0.0,0.2,1.0,0.2
0,2024-12-29,9.2,1.1,28.1,59.8,0.0,0.0,0.0,0.0
0,2024-12-30,11.8,-1.3,16.2,35.6,0.0,0.0,0.0,0.0
0,2024-12-31,13.2,0.1,26.4,55.8,0.0,0.1,1.0,0.1
0,2025-01-01,10.6,-0.3,20.2,42.8,0.0,0.1,1.0,0.1
0,2025-01-02,12.4,-0.8,17.9,38.9,0.0,0.0,0.0,0.0
0,2025-01-03,10.9,1.4,24.6,49.3,0.0,0.0,0.0,0.0
0,2025-01-04,8.5,-0.6,22.2,45.0,0.0,0.1,1.0,0.1
0,2025-01-05,11.1,-1.8,12.6,28.1,0.0,0.0,0.0,0.0
0,2025-01-06,7.2,1.7,17.1,31.3,0.0,7.2,13.0,7.2
0,2025-01-07,9.5,1.6,29.8,60.8,0.0,0.0,0.0,0.0
0,2025-01-08,7.9,-0.0,30.5,61.2,0.0,0.0,0.0,0.0
0,2025-01-09,7.7,-1.9,29.9,61.2,0.0,0.0,0.0,0.0
0,2025-01-10,5.7,-2.0,25.4,52.9,0.0,0.1,1.0,0.1
0,2025-01-11,8.7,-1.5,18.7,40.0,0.0,0.0,0.0,0.0
0,2025-01-12,9.5,0.4,12.3,21.6,0.0,0.0,0.0,0.0
0,2025-01-13,9.3,-0.2,25.0,51.1,0.0,0.0,0.0,0.0
0,2025-01-14,10.9,-0.8,19.8,41.0,0.0,0.0,0.0,0.0
0,2025-01-15,10.0,1.9,25.6,51.5,0.0,1.4,6.0,1.4
0,2025-01-16,6.8,1.1,16.7,35.3,0.0,0.0,0.0,0.0
0,2025-01-17,7.1,1.5,24.3,50.8,0.0,0.0,0.0,0.0
0,2025-01-18,10.3,-1.1,17.7,35.6,0.0,0.0,0.0,0.0
0,2025-01-19,11.1,-0.2,7.4,22.0,0.0,0.0,0.0,0.0
0,2025-01-20,13.9,5.4,13.4,28.8,0.0,6.0,6.0,6.0
0,2025-01-21,13.2,2.9,19.9,41.0,0.0,0.0,0.0,0.0
0,2025-01-22,11.7,1.1,20.1,41.8,0.0,0.0,0.0,0.0
0,2025-01-23,12.8,-0.3,10.0,19.8,0.0,0.0,0.0,0.0
0,2025-01-24,13.7,0.3,17.1,36.4,0.0,0.0,0.0,0.0
0,2025-01-25,9.3,2.2,25.3,52.2,0.0,0.0,0.0,0.0
0,2025-01-26,10.7,1.3,21.4,45.7,0.0,0.0,0.0,0.0
0,2025-01-27,8.7,-0.7,9.5,20.2,0.0,0.7,2.0,0.7
0,2025-01-28,9.5,2.3,29.0,61.2,0.0,0.0,0.0,0.0
0,2025-01-29,8.4,2.3,30.6,61.9,0.0,0.0,0.0,0.0
0,2025-01-30,6.0,1.4,32.9,67.0,0.0,0.0,0.0,0.0
0,2025-01-31,9.2,1.8,28.0,58.7,0.0,0.0,0.0,0.0
0,2025-02-01,11.5,2.2,8.9,19.4,0.0,3.8,6.0,3.8
0,2025-02-02,10.6,4.8,8.3,20.9,0.0,5.8,10.0,5.8
0,2025-02-03,12.6,4.3,22.4,41.4,0.0,0.2,2.0,0.2
0,2025-02-04,6.1,0.3,28.7,57.6,0.0,0.0,0.0,0.0
0,2025-02-05,5.1,-1.9,33.9,68.8,0.0,0.0,0.0,0.0
0,2025-02-06,5.8,-2.0,26.6,56.2,0.0,0.0,0.0,0.0
0,2025-02-07,6.6,-2.0,30.0,59.0,1.68,0.0,4.0,2.4
0,2025-02-08,5.2,-2.6,30.1,60.8,1.75,0.0,3.0,2.5
0,2025-02-09,6.5,-2.4,20.4,44.6,0.14,0.8,4.0,1.0
0,2025-02-10,8.3,-3.8,20.7,44.3,0.0,0.0,0.0,0.0
0,2025-02-11,6.3,0.5,26.9,55.8,0.0,0.0,0.0,0.0
0,2025-02-12,5.3,-3.0,9.6,18.7,0.0,1.3,9.0,1.3
0,2025-02-13,8.7,2.0,35.4,74.2,0.0,0.7,5.0,0.7
0,2025-02-14,11.5,1.0,23.5,49.0,0.0,0.0,0.0,0.0
0,2025-02-15,13.2,-0.8,11.7,29.5,0.0,0.0,0.0,0.0
0,2025-02-16,14.5,5.3,13.5,28.8,0.0,5.0,6.0,5.0
0,2025-02-17,10.5,2.1,30.4,64.1,0.07,0.1,2.0,0.2
0,2025-02-18,7.0,-0.2,27.1,55.4,0.0,0.1,1.0,0.1
0,2025-02-19,5.3,-1.9,23.3,55.4,0.84,0.2,10.0,1.4
0,2025-02-20,6.5,-3.1,21.4,44.3,0.0,0.0,0.0,0.0
0,2025-02-21,7.5,-3.3,17.7,38.5,0.0,0.0,0.0,0.0
0,2025-02-22,7.0,-2.7,24.4,53.3,0.63,0.2,4.0,1.1
0,2025-02-23,7.2,-0.8,17.0,35.3,0.07,0.4,4.0,0.5
0,2025-02-24,6.7,-0.9,29.0,59.4,0.14,0.1,3.0,0.3
0,2025-02-25,11.4,-0.1,19.2,40.7,0.0,0.0,0.0,0.0
0,2025-02-26,12.9,1.3,23.1,48.6,0.0,0.0,0.0,0.0
0,2025-02-27,14.5,-0.7,15.1,35.3,0.0,0.0,0.0,0.0
0,2025-02-28,13.2,4.5,8.2,19.1,0.0,0.0,0.0,0.0
0,2025-03-01,17.2,5.6,9.4,24.1,0.0,0.6,1.0,0.6
0,2025-03-02,20.1,7.5,12.1,28.1,0.0,1.7,8.0,1.7
0,2025-03-03,12.7,3.5,27.1,54.4,0.0,13.6,11.0,13.6
0,2025-03-04,8.1,3.4,29.5,55.4,0.0,12.7,21.0,12.7
0,2025-03-05,12.8,7.6,26.1,51.1,0.0,7.5,16.0,7.5
0,2025-03-06,10.9,3.8,28.5,57.2,0.0,0.0,0.0,0.0
0,2025-03-07,8.7,1.9,28.5,57.6,0.0,0.0,0.0,0.0
0,2025-03-08,9.9,0.9,17.7,34.2,0.0,0.0,0.0,0.0
0,2025-03-09,12.1,0.9,25.7,52.2,0.0,0.0,0.0,0.0
0,2025-03-10,13.4,-0.1,13.7,28.8,0.0,0.0,0.0,0.0
0,2025-03-11,10.1,7.2,11.8,22.3,0.0,12.0,13.0,12.0
0,2025-03-12,15.2,8.8,6.1,14.4,0.0,3.4,9.0,3.4
0,2025-03-13,16.3,7.6,24.2,48.2,0.0,0.0,0.0,0.0
0,2025-03-14,16.7,5.7,22.2,44.6,0.0,0.0,0.0,0.0
0,2025-03-15,9.3,3.1,15.1,31.7,0.0,4.6,12.0,4.6
0,2025-03-16,14.4,7.0,22.5,42.8,0.0,16.4,18.0,16.4
0,2025-03-17,9.8,3.4,41.8,83.2,0.0,0.3,3.0,0.3
0,2025-03-18,10.6,0.3,21.8,47.5,0.0,2.0,6.0,2.0
0,2025-03-19,7.1,1.7,41.5,81.0,0.0,1.9,6.0,1.9
0,2025-03-20,11.8,-2.2,18.5,40.7,0.0,0.0,0.0,0.0
0,2025-03-21,16.7,0.3,22.2,46.1,0.0,0.0,0.0,0.0
0,2025-03-22,20.1,3.1,24.3,50.4,0.0,0.0,0.0,0.0
0,2025-03-23,22.3,9.8,19.0,39.6,0.0,0.0,0.0,0.0
0,2025-03-24,18.7,5.8,12.6,26.3,0.0,0.2,2.0,0.2
0,2025-03-25,22.5,7.3,6.9,20.5,0.0,0.0,0.0,0.0
0,2025-03-26,20.6,8.7,17.3,41.0,0.0,0.0,0.0,0.0
0,2025-03-27,20.2,8.6,8.9,25.6,0.0,1.3,4.0,1.3
0,2025-03-28,20.9,9.4,25.7,52.9,0.0,18.9,8.0,18.9
0,2025-03-29,13.3,6.3,25.2,50.4,0.0,0.7,2.0,0.7
0,2025-03-30,11.1,3.6,22.5,47.9,0.0,0.0,0.0,0.0
0,2025-03-31,12.7,1.9,22.5,44.6,0.0,0.0,0.0,0.0
0,2025-04-01,12.8,7.9,8.2,20.2,0.0,0.1,1.0,0.1
0,2025-04-02,18.6,8.5,18.6,40.3,0.0,0.8,4.0,0.8
0,2025-04-03,17.4,8.1,23.0,49.0,0.0,1.7,7.0,1.7
0,2025-04-04,14.4,6.9,31.0,61.9,0.0,0.0,0.0,0.0
0,2025-04-05,15.2,2.2,20.5,38.5,0.0,0.0,0.0,0.0
0,2025-04-06,16.0,8.6,14.2,34.2,0.0,22.9,12.0,22.9
0,2025-04-07,17.6,7.3,21.5,45.4,0.0,0.1,1.0,0.1
0,2025-04-08,21.9,4.4,16.9,34.6,0.0,0.2,2.0,0.2
0,2025-04-09,19.7,7.1,20.5,46.1,0.0,0.0,0.0,0.0
0,2025-04-10,18.0,8.3,9.1,26.6,0.0,4.2,11.0,4.2
0,2025-04-11,20.9,10.2,21.4,42.1,0.0,1.9,5.0,1.9
0,2025-04-12,20.4,8.7,18.4,34.6,0.0,0.2,2.0,0.2
0,2025-04-13,15.9,8.7,35.5,74.5,0.0,39.7,20.0,39.7
0,2025-04-14,19.2,7.7,23.2,46.1,0.0,2.3,2.0,2.3
0,2025-04-15,15.4,7.5,34.7,70.9,0.0,0.3,3.0,0.3
0,2025-04-16,17.9,5.6,24.3,49.7,0.0,0.0,0.0,0.0
0,2025-04-17,19.9,7.5,8.0,23.0,0.0,0.0,0.0,0.0
0,2025-04-18,21.8,10.5,9.3,23.8,0.0,0.0,0.0,0.0
0,2025-04-19,26.2,12.5,12.4,30.2,0.0,0.0,0.0,0.0
0,2025-04-20,23.3,15.3,11.4,21.6,0.0,0.1,1.0,0.1
0,2025-04-21,25.1,11.8,18.6,37.1,0.0,0.0,0.0,0.0
0,2025-04-22,21.6,14.8,21.0,43.6,0.0,3.0,8.0,3.0
0,2025-04-23,24.2,16.1,22.9,47.2,0.0,26.9,12.0,26.9
0,2025-04-24,21.6,10.8,24.0,50.4,0.0,0.0,0.0,0.0
0,2025-04-25,19.3,10.3,21.1,44.3,0.0,0.0,0.0,0.0
0,2025-04-26,20.9,6.8,16.9,38.5,0.0,0.0,0.0,0.0
0,2025-04-27,23.3,5.6,8.8,24.8,0.0,0.0,0.0,0.0
0,2025-04-28,21.2,11.1,8.7,21.6,0.0,13.4,8.0,13.4
0,2025-04-29,16.8,9.0,27.5,57.2,0.0,0.0,0.0,0.0
0,2025-04-30,22.7,6.3,17.7,37.1,0.0,0.0,0.0,0.0
0,2025-05-01,20.6,10.1,24.0,49.0,0.0,0.6,4.0,0.6
0,2025-05-02,17.6,12.1,27.8,55.4,0.0,73.1,16.0,73.1
0,2025-05-03,23.2,11.0,21.4,44.3,0.0,0.0,0.0,0.0
0,2025-05-04,22.3,9.8,21.3,45.4,0.0,7.4,6.0,7.4
0,2025-05-05,21.4,7.4,15.3,34.2,0.0,0.0,0.0,0.0
0,2025-05-06,16.2,12.1,18.5,40.0,0.0,38.0,17.0,38.0
0,2025-05-07,18.7,11.1,31.1,62.3,0.0,2.5,3.0,2.5
0,2025-05-08,20.4,6.9,15.7,35.3,0.0,0.6,4.0,0.6
0,2025-05-09,18.8,16.0,27.0,51.8,0.0,29.5,19.0,29.5
0,2025-05-10,22.8,17.3,26.1,51.5,0.0,14.6,12.0,14.6
0,2025-05-11,23.0,13.0,19.7,40.7,0.0,4.2,5.0,4.2
0,2025-05-12,22.4,14.1,14.8,33.1,0.0,4.9,5.0,4.9
0,2025-05-13,24.6,10.6,10.1,22.7,0.0,0.0,0.0,0.0
0,2025-05-14,22.4,13.2,10.4,26.6,0.0,0.0,0.0,0.0
0,2025-05-15,22.0,13.1,11.8,29.5,0.0,0.0,0.0,0.0
0,2025-05-16,22.2,15.3,9.4,22.3,0.0,0.2,1.0,0.2
0,2025-05-17,28.3,18.6,16.0,37.1,0.0,28.6,16.0,28.6
0,2025-05-18,29.0,19.3,15.9,33.5,0.0,1.2,2.0,1.2
0,2025-05-19,25.6,17.2,11.0,22.3,0.0,0.0,0.0,0.0
0,2025-05-20,27.8,15.8,11.1,27.7,0.0,0.0,0.0,0.0
0,2025-05-21,28.4,18.8,11.3,28.1,0.0,13.0,7.0,13.0
0,2025-05-22,27.6,18.7,23.0,45.0,0.0,8.5,9.0,8.5
0,2025-05-23,24.0,15.8,21.0,43.2,0.0,0.0,0.0,0.0
0,2025-05-24,20.6,17.4,26.7,52.2,0.0,40.1,11.0,40.1
0,2025-05-25,22.8,15.2,25.3,51.1,0.0,24.5,9.0,24.5
0,2025-05-26,20.1,13.8,20.2,41.8,0.0,0.0,0.0,0.0
0,2025-05-27,19.5,13.4,12.4,28.1,0.0,16.3,11.0,16.3
0,2025-05-28,23.7,12.7,10.6,25.9,0.0,0.1,1.0,0.1
0,2025-05-29,20.8,16.0,12.0,24.5,0.0,5.5,15.0,5.5
0,2025-05-30,24.0,15.1,9.6,22.3,0.0,3.5,13.0,3.5
0,2025-05-31,20.1,16.0,34.9,68.8,0.0,0.0,0.0,0.0
0,2025-06-01,22.0,15.8,32.8,66.2,0.0,0.0,0.0,0.0
0,2025-06-02,24.4,13.1,12.9,31.0,0.0,1.0,3.0,1.0
0,2025-06-03,19.3,17.3,15.1,34.6,0.0,44.1,15.0,44.1
0,2025-06-04,25.6,13.9,19.9,41.8,0.0,0.5,4.0,0.5
0,2025-06-05,27.4,11.4,8.7,20.9,0.0,0.0,0.0,0.0
0,2025-06-06,25.6,15.3,14.2,31.3,0.0,0.0,0.0,0.0
0,2025-06-07,25.8,17.9,9.3,24.8,0.0,0.1,1.0,0.1
0,2025-06-08,25.6,19.0,10.1,19.1,0.0,1.4,6.0,1.4
0,2025-06-09,23.4,16.9,13.4,31.0,0.0,24.1,11.0,24.1
0,2025-06-10,21.3,18.9,11.1,23.0,0.0,46.7,24.0,46.7
0,2025-06-11,23.6,19.2,11.1,22.3,0.0,22.4,15.0,22.4
0,2025-06-12,24.7,18.0,16.9,34.6,0.0,0.2,2.0,0.2
0,2025-06-13,25.1,15.4,19.2,41.0,0.0,0.0,0.0,0.0
0,2025-06-14,22.1,19.5,16.3,31.3,0.0,25.3,15.0,25.3
0,2025-06-15,29.4,21.3,20.2,43.2,0.0,9.0,13.0,9.0
0,2025-06-16,29.2,19.9,8.9,22.7,0.0,0.0,0.0,0.0
0,2025-06-17,32.3,23.8,10.9,26.3,0.0,1.4,9.0,1.4
0,2025-06-18,33.5,21.8,11.3,20.2,0.0,0.0,0.0,0.0
0,2025-06-19,33.2,20.8,10.7,20.9,0.0,0.0,0.0,0.0
0,2025-06-20,29.2,23.1,14.5,31.7,0.0,0.7,7.0,0.7
0,2025-06-21,28.5,22.4,15.9,35.3,0.0,0.3,2.0,0.3
0,2025-06-22,30.1,22.5,10.0,25.2,0.0,0.7,5.0,0.7
0,2025-06-23,27.5,23.4,9.0,21.2,0.0,23.1,20.0,23.1
0,2025-06-24,26.9,23.0,12.3,27.0,0.0,24.3,22.0,24.3
0,2025-06-25,28.7,22.7,9.8,24.5,0.0,11.0,18.0,11.0
0,2025-06-26,29.3,21.4,10.1,32.4,0.0,13.3,8.0,13.3
0,2025-06-27,30.8,20.8,14.5,33.1,0.0,0.7,2.0,0.7
0,2025-06-28,30.6,20.4,13.4,28.8,0.0,0.0,0.0,0.0
0,2025-06-29,29.6,20.3,10.0,24.5,0.0,0.0,0.0,0.0
0,2025-06-30,31.7,22.6,9.3,25.2,0.0,0.0,0.0,0.0
0,2025-07-01,32.8,23.9,5.7,24.8,0.0,2.4,3.0,2.4
0,2025-07-02,30.7,24.2,5.8,18.7,0.0,13.3,8.0,13.3
0,2025-07-03,29.6,23.4,8.6,22.3,0.0,10.2,9.0,10.2
0,2025-07-04,31.2,23.5,7.9,26.3,0.0,8.7,16.0,8.7
0,2025-07-05,33.9,24.1,12.2,26.6,0.0,1.2,6.0,1.2
0,2025-07-06,34.5,23.4,12.8,31.0,0.0,0.1,1.0,0.1
0,2025-07-07,34.5,23.8,16.2,34.2,0.0,0.0,0.0,0.0
0,2025-07-08,31.4,25.6,15.4,34.2,0.0,8.5,9.0,8.5
0,2025-07-09,31.9,25.0,13.9,31.3,0.0,0.8,6.0,0.8
0,2025-07-10,31.6,23.9,13.7,32.0,0.0,2.7,7.0,2.7
0,2025-07-11,31.5,24.7,18.0,40.7,0.0,4.8,10.0,4.8
0,2025-07-12,30.7,24.0,18.7,40.0,0.0,0.5,4.0,0.5
0,2025-07-13,30.6,24.2,19.2,42.1,0.0,1.7,12.0,1.7
0,2025-07-14,29.9,24.1,25.8,53.6,0.0,18.3,23.0,18.3
0,2025-07-15,31.1,24.3,21.8,49.7,0.0,9.0,8.0,9.0
0,2025-07-16,30.8,24.3,19.6,46.1,0.0,8.0,15.0,8.0
0,2025-07-17,25.6,24.3,21.8,45.7,0.0,38.7,21.0,38.7
0,2025-07-18,29.1,23.5,21.3,45.4,0.0,2.6,15.0,2.6
0,2025-07-19,28.9,23.4,17.8,39.2,0.0,1.0,10.0,1.0
0,2025-07-20,29.9,23.9,10.7,27.4,0.0,1.9,11.0,1.9
0,2025-07-21,31.3,24.4,8.2,23.4,0.0,1.3,7.0,1.3
0,2025-07-22,32.8,25.2,12.3,28.4,0.0,0.6,3.0,0.6
0,2025-07-23,32.6,24.5,11.7,29.2,0.0,0.0,0.0,0.0
0,2025-07-24,33.2,24.4,11.3,28.1,0.0,0.0,0.0,0.0
0,2025-07-25,33.6,25.4,17.0,37.1,0.0,0.5,5.0,0.5
0,2025-07-26,33.4,24.8,17.4,38.2,0.0,0.6,5.0,0.6
0,2025-07-27,33.7,24.2,16.0,34.2,0.0,0.2,2.0,0.2
0,2025-07-28,33.8,23.0,12.3,30.6,0.0,0.0,0.0,0.0
0,2025-07-29,34.8,24.6,14.9,32.8,0.0,0.0,0.0,0.0
0,2025-07-30,34.1,24.9,20.1,42.8,0.0,0.0,0.0,0.0
0,2025-07-31,33.7,26.0,16.8,38.2,0.0,0.0,0.0,0.0
0,2025-08-01,37.1,24.6,17.6,36.7,0.0,0.1,1.0,0.1
0,2025-08-02,36.3,26.7,18.9,38.2,0.0,0.0,0.0,0.0
0,2025-08-03,37.2,25.3,14.2,36.0,0.0,0.3,1.0,0.3
0,2025-08-04,34.9,27.0,15.7,36.4,0.0,1.3,8.0,1.3
0,2025-08-05,36.8,25.7,15.1,31.0,0.0,2.6,10.0,2.6
0,2025-08-06,37.5,26.1,14.3,32.0,0.0,0.6,3.0,0.6
0,2025-08-07,32.5,25.8,18.9,38.2,0.0,5.6,11.0,5.6
0,2025-08-08,33.6,22.8,11.0,30.6,0.0,0.4,3.0,0.4
0,2025-08-09,31.6,23.7,9.5,25.2,0.0,1.5,5.0,1.5
0,2025-08-10,29.4,25.0,5.0,22.7,0.0,12.5,16.0,12.5
0,2025-08-11,31.2,25.1,9.7,43.6,0.0,5.9,16.0,5.9
0,2025-08-12,32.2,25.4,12.7,27.4,0.0,1.4,10.0,1.4
0,2025-08-13,31.5,24.6,8.9,28.8,0.0,1.7,5.0,1.7
0,2025-08-14,30.8,24.7,9.0,23.0,0.0,0.8,7.0,0.8
0,2025-08-15,32.8,24.6,8.5,24.5,0.0,2.8,3.0,2.8
0,2025-08-16,31.6,23.8,11.0,28.1,0.0,3.1,4.0,3.1
0,2025-08-17,34.0,24.3,8.5,21.6,0.0,4.6,7.0,4.6
0,2025-08-18,35.0,24.9,9.7,25.6,0.0,0.0,0.0,0.0
0,2025-08-19,34.4,24.8,12.7,35.3,0.0,3.6,3.0,3.6
0,2025-08-20,35.9,24.6,10.4,21.2,0.0,0.2,1.0,0.2
0,2025-08-21,36.3,25.6,9.8,26.3,0.0,0.0,0.0,0.0
0,2025-08-22,35.2,25.0,14.4,33.8,0.0,0.0,0.0,0.0
0,2025-08-23,33.8,25.8,12.5,32.0,0.0,0.7,3.0,0.7
0,2025-08-24,34.7,26.3,12.7,31.3,0.0,0.8,4.0,0.8
0,2025-08-25,33.8,26.1,12.7,32.0,0.0,1.6,9.0,1.6
0,2025-08-26,32.9,25.7,12.6,31.0,0.0,2.4,11.0,2.4
0,2025-08-27,34.4,24.1,12.4,28.8,0.0,2.0,5.0,2.0
0,2025-08-28,34.8,24.1,17.3,36.7,0.0,0.3,2.0,0.3
0,2025-08-29,32.6,25.2,12.7,34.9,0.0,2.3,13.0,2.3
0,2025-08-30,37.1,25.4,13.0,24.8,0.0,0.1,1.0,0.1
0,2025-08-31,36.8,25.1,17.7,41.0,0.0,0.1,1.0,0.1
0,2025-09-01,34.1,25.7,13.8,32.8,0.0,0.3,3.0,0.3
0,2025-09-02,33.4,25.3,15.2,35.3,0.0,0.9,6.0,0.9
0,2025-09-03,34.7,24.6,14.1,33.5,0.0,0.1,1.0,0.1
0,2025-09-04,28.7,24.2,13.3,27.4,0.0,18.4,18.0,18.4
0,2025-09-05,32.2,24.1,27.0,52.6,0.0,28.2,13.0,28.2
0,2025-09-06,30.8,23.9,19.2,41.4,0.0,0.0,0.0,0.0
0,2025-09-07,30.8,23.2,10.0,26.6,0.0,1.1,7.0,1.1
0,2025-09-08,33.6,24.2,13.7,28.4,0.0,0.5,3.0,0.5
0,2025-09-09,32.7,25.0,11.4,29.5,0.0,1.5,4.0,1.5
0,2025-09-10,32.2,24.0,13.9,35.3,0.0,8.2,9.0,8.2
0,2025-09-11,29.4,23.6,10.1,23.8,0.0,26.1,17.0,26.1
0,2025-09-12,28.1,22.7,15.8,35.6,0.0,19.7,20.0,19.7
0,2025-09-13,29.4,24.0,15.9,37.1,0.0,16.7,10.0,16.7
0,2025-09-14,31.8,23.6,5.5,14.4,0.0,0.0,0.0,0.0
0,2025-09-15,33.8,24.8,9.6,23.4,0.0,0.2,1.0,0.2
0,2025-09-16,31.6,23.5,10.7,27.0,0.0,1.7,1.0,1.7
0,2025-09-17,33.6,24.1,13.7,28.1,0.0,10.1,11.0,10.1
0,2025-09-18,33.3,23.8,23.2,49.7,0.0,0.4,2.0,0.4
0,2025-09-19,29.3,21.8,19.0,41.0,0.0,10.7,10.0,10.7
0,2025-09-20,27.3,23.0,17.2,34.9,0.0,1.3,7.0,1.3
0,2025-09-21,29.7,21.2,22.5,47.5,0.0,0.6,4.0,0.6
0,2025-09-22,27.1,16.3,17.2,36.7,0.0,0.0,0.0,0.0
0,2025-09-23,26.4,20.0,15.4,35.6,0.0,0.0,0.0,0.0
0,2025-09-24,26.0,22.1,18.6,39.6,0.0,0.0,0.0,0.0
0,2025-09-25,27.7,21.7,10.8,28.1,0.0,0.0,0.0,0.0
0,2025-09-26,32.0,21.6,17.6,36.7,0.0,0.6,5.0,0.6
0,2025-09-27,30.7,19.0,17.0,33.1,0.0,0.0,0.0,0.0
0,2025-09-28,27.3,17.7,18.8,38.9,0.0,1.7,9.0,1.7
0,2025-09-29,28.1,21.1,17.9,40.0,0.0,3.5,9.0,3.5
0,2025-09-30,27.4,18.2,14.3,34.6,0.0,4.6,4.0,4.6
0,2025-10-01,24.9,18.0,7.3,28.8,0.0,10.1,10.0,10.1
0,2025-10-02,27.7,16.5,9.5,17.3,0.0,0.0,0.0,0.0
0,2025-10-03,24.3,18.6,6.7,11.9,0.0,4.3,10.0,4.3
0,2025-10-04,21.9,20.5,14.4,27.0,0.0,24.1,24.0,24.1
0,2025-10-05,25.8,20.8,10.3,23.4,0.0,11.0,20.0,11.0
0,2025-10-06,29.1,20.1,18.5,38.9,0.0,0.0,0.0,0.0
0,2025-10-07,25.5,20.0,19.7,42.5,0.0,0.1,1.0,0.1
0,2025-10-08,28.4,19.5,9.9,25.6,0.0,0.0,0.0,0.0
0,2025-10-09,26.3,18.9,29.0,58.7,0.0,0.0,0.0,0.0
0,2025-10-10,21.1,16.9,11.8,27.4,0.0,1.0,8.0,1.0
0,2025-10-11,21.8,19.3,10.3,22.0,0.0,5.6,22.0,5.6
0,2025-10-12,24.5,20.8,8.8,20.2,0.0,21.6,13.0,21.6
0,2025-10-13,28.0,21.3,29.9,61.6,0.0,0.0,0.0,0.0
0,2025-10-14,24.9,17.4,18.6,38.9,0.0,11.9,11.0,11.9
0,2025-10-15,23.2,18.6,16.5,30.6,0.0,7.6,11.0,7.6
0,2025-10-16,23.4,20.5,22.6,41.8,0.0,23.1,20.0,23.1
0,2025-10-17,26.0,18.2,27.4,52.6,0.0,0.0,0.0,0.0
0,2025-10-18,23.1,19.5,13.5,27.7,0.0,3.1,14.0,3.1
0,2025-10-19,24.5,19.2,13.8,29.9,0.0,5.2,6.0,5.2
0,2025-10-20,24.1,16.4,20.1,41.0,0.0,4.8,7.0,4.8
0,2025-10-21,18.3,12.1,15.7,32.0,0.0,0.0,0.0,0.0
0,2025-10-22,15.0,12.4,9.8,19.1,0.0,18.7,21.0,18.7
0,2025-10-23,20.1,10.8,7.3,17.3,0.0,0.0,0.0,0.0
0,2025-10-24,17.9,11.0,6.6,14.0,0.0,0.8,2.0,0.8
0,2025-10-25,19.7,15.0,9.6,24.5,0.0,5.7,8.0,5.7
0,2025-10-26,20.0,16.5,18.1,36.0,0.0,21.2,19.0,21.2
0,2025-10-27,21.2,11.2,23.4,45.4,0.0,0.0,0.0,0.0
0,2025-10-28,16.9,10.0,21.3,43.9,0.0,0.0,0.0,0.0
0,2025-10-29,19.0,8.0,12.5,28.8,0.0,0.0,0.0,0.0
0,2025-10-30,18.6,6.9,6.6,20.9,0.0,0.0,0.0,0.0
0,2025-10-31,18.6,12.2,21.1,43.2,0.0,40.5,13.0,40.5
0,2025-11-01,20.6,10.4,20.7,42.1,0.0,0.0,0.0,0.0
0,2025-11-02,19.7,9.7,15.5,33.1,0.0,0.0,0.0,0.0
0,2025-11-03,16.2,8.6,27.3,57.2,0.0,0.0,0.0,0.0
0,2025-11-04,15.4,5.5,10.7,19.8,0.0,0.0,0.0,0.0
0,2025-11-05,15.8,12.2,8.4,20.5,0.0,6.2,13.0,6.2
0,2025-11-06,21.3,9.7,23.4,46.1,0.0,0.1,1.0,0.1
0,2025-11-07,19.8,11.1,23.9,48.2,0.0,0.0,0.0,0.0
0,2025-11-08,18.1,7.2,13.2,24.5,0.0,0.4,1.0,0.4
0,2025-11-09,16.1,13.8,11.4,29.2,0.0,27.4,15.0,27.4
0,2025-11-10,17.8,10.0,29.5,61.2,0.0,0.1,1.0,0.1
0,2025-11-11,17.0,7.5,19.4,40.7,0.0,0.0,0.0,0.0
0,2025-11-12,15.6,5.2,11.5,21.2,0.0,0.0,0.0,0.0
0,2025-11-13,18.5,9.9,14.0,25.9,0.0,0.0,0.0,0.0
0,2025-11-14,19.5,10.5,18.7,39.2,0.0,0.0,0.0,0.0
0,2025-11-15,18.9,7.6,14.8,31.0,0.0,0.0,0.0,0.0
0,2025-11-16,17.7,4.6,6.9,18.4,0.0,0.0,0.0,0.0
0,2025-11-17,20.9,8.5,16.2,33.1,0.0,0.0,0.0,0.0
0,2025-11-18,13.9,7.9,21.1,44.6,0.0,0.1,1.0,0.1
0,2025-11-19,12.5,3.9,15.7,36.4,0.0,0.0,0.0,0.0
0,2025-11-20,16.0,2.3,15.3,29.9,0.0,0.0,0.0,0.0
0,2025-11-21,17.1,4.8,20.4,43.2,0.0,0.0,0.0,0.0
0,2025-11-22,16.5,5.9,14.9,32.0,0.0,0.0,0.0,0.0
0,2025-11-23,17.9,3.3,7.6,15.8,0.0,0.0,0.0,0.0
0,2025-11-24,18.4,3.3,11.4,26.3,0.0,0.0,0.0,0.0
0,2025-11-25,12.8,7.2,7.2,15.8,0.0,6.3,8.0,6.3
0,2025-11-26,16.4,8.1,26.4,54.4,0.0,0.1,1.0,0.1
0,2025-11-27,15.1,3.8,10.9,23.0,0.0,0.7,2.0,0.7
0,2025-11-28,15.0,8.7,25.6,49.7,0.0,0.1,1.0,0.1
0,2025-11-29,15.5,4.4,15.4,34.6,0.0,0.0,0.0,0.0
0,2025-11-30,17.8,2.8,7.0,14.8,0.0,0.0,0.0,0.0
0,2025-12-01,18.8,5.6,6.8,16.9,0.0,0.0,0.0,0.0
0,2025-12-02,20.0,7.6,9.9,18.7,0.0,0.0,0.0,0.0
0,2025-12-03,13.5,3.4,27.9,56.5,0.0,0.0,0.0,0.0
0,2025-12-04,8.4,2.4,24.8,53.3,0.0,0.0,0.0,0.0
0,2025-12-05,11.0,3.9,26.0,53.3,0.0,0.0,0.0,0.0
0,2025-12-06,12.4,0.4,9.3,19.1,0.0,0.0,0.0,0.0
0,2025-12-07,15.8,0.2,10.2,24.1,0.0,0.0,0.0,0.0
0,2025-12-08,17.3,2.4,18.8,42.1,0.0,0.0,0.0,0.0
0,2025-12-09,11.9,3.1,20.0,41.8,0.0,0.0,0.0,0.0
0,2025-12-10,13.6,1.9,17.8,37.4,0.0,0.0,0.0,0.0
0,2025-12-11,12.7,3.7,22.4,44.6,0.0,0.0,0.0,0.0
0,2025-12-12,10.4,3.0,29.2,59.8,0.0,0.1,1.0,0.1
0,2025-12-13,10.4,-0.7,20.9,40.7,0.0,0.7,2.0,0.7
0,2025-12-14,13.4,7.2,26.5,53.3,0.0,18.6,10.0,18.6
0,2025-12-15,10.4,5.5,28.2,55.8,0.0,0.0,0.0,0.0
0,2025-12-16,12.6,1.4,16.0,33.1,0.0,0.0,0.0,0.0
0,2025-12-17,14.1,1.9,9.6,19.4,0.0,2.0,5.0,2.0
0,2025-12-18,11.2,2.3,21.5,45.4,0.0,0.0,0.0,0.0
0,2025-12-19,12.9,-0.6,7.4,16.9,0.0,0.9,2.0,0.9
0,2025-12-20,13.9,9.6,8.5,18.4,0.0,34.8,15.0,34.8
0,2025-12-21,16.0,10.1,24.7,47.9,0.0,8.7,13.0,8.7
0,2025-12-22,11.5,2.3,27.0,55.8,0.0,0.0,0.0,0.0
0,2025-12-23,10.7,1.5,10.0,18.4,0.0,2.6,6.0,2.6
0,2025-12-24,13.0,7.8,9.9,22.0,0.0,11.1,15.0,11.1
0,2025-12-25,13.8,7.7,19.2,36.4,0.0,2.9,10.0,2.9
0,2025-12-26,6.7,1.2,34.5,69.1,0.0,2.0,9.0,2.0
0,2025-12-27,8.4,0.6,17.2,36.0,0.0,0.2,1.0,0.2
0,2025-12-28,11.7,0.7,12.4,26.3,0.0,0.0,0.0,0.0
0,2025-12-29,11.2,-1.1,9.9,24.8,0.0,0.0,0.0,0.0
0,2025-12-30,14.2,2.0,13.8,32.0,0.0,0.1,1.0,0.1
0,2025-12-31,10.3,0.7,23.0,46.8,0.0,0.0,0.0,0.0
0,2026-01-01,8.6,1.4,21.4,43.9,0.0,0.0,0.0,0.0
0,2026-01-02,6.9,-2.3,25.2,52.2,0.35,0.0,2.0,0.5
0,2026-01-03,7.5,0.3,23.4,46.8,0.07,0.7,4.0,0.8
0,2026-01-04,9.8,-1.1,22.0,45.4,0.0,0.0,0.0,0.0
0,2026-01-05,12.2,-0.1,23.5,47.2,0.0,0.0,0.0,0.0
0,2026-01-06,7.5,-0.7,24.6,47.9,0.0,0.0,0.0,0.0
0,2026-01-07,11.0,-1.8,9.4,18.7,0.0,0.0,0.0,0.0
0,2026-01-08,8.2,0.7,30.0,63.4,0.0,0.2,2.0,0.2
0,2026-01-09,7.8,-1.7,17.1,37.1,0.28,0.0,4.0,0.4
0,2026-01-10,8.8,-2.9,6.1,20.5,0.0,0.0,0.0,0.0
0,2026-01-11,9.7,-0.9,35.7,72.4,0.07,0.0,1.0,0.1
0,2026-01-12,6.6,-2.2,24.9,50.4,0.0,0.0,0.0,0.0
0,2026-01-13,13.0,-1.7,24.9,54.0,0.0,0.0,0.0,0.0
0,2026-01-14,8.2,0.4,29.4,59.8,0.0,0.0,0.0,0.0
0,2026-01-15,10.2,-3.2,8.3,20.5,0.0,0.0,0.0,0.0
0,2026-01-16,15.7,1.5,14.6,32.8,0.0,2.0,2.0,2.0
0,2026-01-17,16.6,-0.7,11.5,24.8,0.0,0.0,0.0,0.0
0,2026-01-18,14.1,1.5,17.0,36.0,0.0,0.0,0.0,0.0
0,2026-01-19,13.8,0.5,7.0,20.5,0.0,0.0,0.0,0.0
0,2026-01-20,8.9,0.6,26.3,54.7,0.0,0.0,0.0,0.0
0,2026-01-21,5.5,-0.4,27.9,54.4,0.0,0.0,0.0,0.0
0,2026-01-22,4.4,-2.0,26.5,54.0,1.19,0.0,6.0,1.7
0,2026-01-23,6.9,-1.6,21.2,44.6,0.0,0.0,0.0,0.0
0,2026-01-24,8.2,0.6,25.1,52.6,0.0,0.0,0.0,0.0
0,2026-01-25,4.8,-0.5,26.7,59.8,0.42,0.0,5.0,0.6
0,2026-01-26,5.5,0.1,23.7,49.7,0.0,0.0,0.0,0.0
0,2026-01-27,10.9,-2.0,22.7,45.7,0.0,0.0,0.0,0.0
0,2026-01-28,6.5,-0.2,19.1,38.9,0.0,0.0,0.0,0.0
0,2026-01-29,7.2,-1.3,22.6,49.7,0.42,0.2,3.0,0.8
0,2026-01-30,6.2,-1.9,21.9,45.0,0.21,0.2,4.0,0.5
0,2026-01-31,6.1,-2.3,23.1,48.2,0.07,0.1,2.0,0.2
0,2026-02-01,9.1,-2.5,22.1,45.4,0.0,0.0,0.0,0.0
0,2026-02-02,8.4,-2.0,19.9,42.1,0.0,0.0,0.0,0.0
0,2026-02-03,7.5,-1.2,23.4,48.6,0.0,0.0,0.0,0.0
0,2026-02-04,12.1,-2.6,10.7,19.4,0.0,0.0,0.0,0.0
0,2026-02-05,14.1,-1.6,10.7,27.7,0.0,0.0,0.0,0.0
0,2026-02-06,15.0,-0.8,20.6,42.5,0.0,0.0,0.0,0.0
0,2026-02-07,8.2,1.4,19.2,36.7,0.0,0.1,1.0,0.1
0,2026-02-08,4.0,-2.3,35.2,72.0,0.84,0.0,10.0,1.2
0,2026-02-09,6.3,-2.3,25.7,51.1,0.49,0.0,2.0,0.7
0,2026-02-10,8.1,-2.8,8.8,22.7,0.0,0.1,1.0,0.1
0,2026-02-11,10.0,4.1,19.9,41.0,0.0,14.8,13.0,14.8
0,2026-02-12,10.5,1.0,21.7,44.6,0.0,0.5,3.0,0.5
0,2026-02-13,12.7,-0.2,15.0,33.8,0.0,0.0,0.0,0.0
0,2026-02-14,13.0,-1.6,10.3,24.8,0.0,0.0,0.0,0.0
0,2026-02-15,16.7,8.3,10.3,24.1,0.0,0.0,0.0,0.0
0,2026-02-16,12.9,3.4,24.1,50.0,0.0,0.0,0.0,0.0
0,2026-02-17,11.1,1.2,23.0,44.6,0.0,0.0,0.0,0.0
0,2026-02-18,12.3,-1.0,27.5,56.2,0.0,0.0,0.0,0.0
0,2026-02-19,7.6,1.5,25.5,54.0,0.0,0.0,0.0,0.0
0,2026-02-20,10.7,-2.2,13.4,31.7,0.0,0.0,0.0,0.0
0,2026-02-21,14.7,-1.3,10.0,24.1,0.0,0.0,0.0,0.0
0,2026-02-22,17.1,4.9,12.4,27.7,0.0,0.7,1.0,0.7
0,2026-02-23,18.1,6.5,16.6,37.8,0.0,1.2,3.0,1.2
0,2026-02-24,16.3,3.7,12.5,30.2,0.0,0.3,2.0,0.3
0,2026-02-25,14.7,11.7,10.7,19.1,0.0,24.0,18.0,24.0
0,2026-02-26,18.5,8.5,12.4,25.9,0.0,0.0,0.0,0.0
0,2026-02-27,15.4,8.0,8.9,23.4,0.0,2.3,6.0,2.3
0,2026-02-28,14.0,7.2,33.8,68.8,0.0,0.7,3.0,0.7
0,2026-03-01,17.6,4.5,27.9,53.6,0.0,0.0,0.0,0.0
0,2026-03-02,15.6,3.3,9.4,18.7,0.0,3.3,6.0,3.3
0,2026-03-03,12.4,10.1,33.7,65.2,0.0,48.4,23.0,48.4
0,2026-03-04,10.6,5.1,31.7,65.9,0.0,0.2,2.0,0.2
0,2026-03-05,11.5,3.8,31.3,63.4,0.0,0.0,0.0,0.0
0,2026-03-06,13.9,0.4,18.6,37.1,0.0,3.2,3.0,3.2
0,2026-03-07,11.8,4.5,25.4,52.9,0.0,0.6,3.0,0.6
0,2026-03-08,8.3,1.9,26.7,56.9,0.0,0.0,0.0,0.0
0,2026-03-09,12.0,0.5,18.2,40.0,0.0,0.0,0.0,0.0
0,2026-03-10,9.4,1.3,31.6,65.2,0.0,0.0,0.0,0.0
0,2026-03-11,11.5,-0.5,19.3,42.1,0.0,0.0,0.0,0.0
0,2026-03-12,13.0,1.4,21.4,43.6,0.0,0.0,0.0,0.0
0,2026-03-13,10.1,0.6,23.6,46.4,0.0,0.0,0.0,0.0
0,2026-03-14,13.8,3.6,31.9,65.5,0.0,0.0,0.0,0.0
0,2026-03-15,13.5,5.3,26.1,52.6,0.0,0.0,0.0,0.0
0,2026-03-16,14.9,5.0,22.7,46.8,0.0,0.0,0.0,0.0
0,2026-03-17,16.1,2.4,11.4,26.6,0.0,0.0,0.0,0.0
0,2026-03-18,12.1,0.9,7.3,19.4,0.0,12.9,11.0,12.9
0,2026-03-19,15.7,6.1,28.3,56.2,0.0,10.5,9.0,10.5
0,2026-03-20,16.2,3.6,20.1,39.6,0.0,0.0,0.0,0.0
0,2026-03-21,15.4,2.6,19.7,41.0,0.0,0.0,0.0,0.0
0,2026-03-22,14.7,-0.9,8.5,21.2,0.0,2.1,4.0,2.1
0,2026-03-23,17.2,8.4,24.9,48.6,0.0,4.1,10.0,4.1
0,2026-03-24,18.2,5.8,18.0,37.4,0.0,0.0,0.0,0.0
0,2026-03-25,12.3,8.6,21.8,40.0,0.0,41.6,17.0,41.6
0,2026-03-26,17.6,9.6,20.3,42.8,0.0,9.3,8.0,9.3
0,2026-03-27,18.4,5.9,17.0,32.0,0.0,0.0,0.0,0.0
0,2026-03-28,17.5,4.8,9.1,25.2,0.0,0.0,0.0,0.0
0,2026-03-29,19.2,6.3,11.4,25.6,0.0,0.5,1.0,0.5
0,2026-03-30,20.5,11.3,9.4,25.9,0.0,0.3,3.0,0.3
0,2026-03-31,24.4,14.7,21.9,45.4,0.0,17.8,18.0,17.8
0,2026-04-01,14.6,12.2,21.6,41.0,0.0,20.3,15.0,20.3
0,2026-04-02,15.8,8.2,34.6,70.2,0.0,6.4,6.0,6.4
0,2026-04-03,20.1,4.9,12.7,26.6,0.0,0.0,0.0,0.0
0,2026-04-04,17.3,11.9,31.0,61.9,0.0,30.1,13.0,30.1
0,2026-04-05,22.9,12.8,12.8,29.2,0.0,0.1,1.0,0.1
0,2026-04-06,22.3,10.0,13.6,30.2,0.0,0.0,0.0,0.0
0,2026-04-07,16.3,7.8,30.8,61.2,0.0,3.3,7.0,3.3
0,2026-04-08,18.1,6.4,15.0,34.6,0.0,0.0,0.0,0.0
0,2026-04-09,15.8,6.5,14.0,32.4,0.0,3.2,3.0,3.2
0,2026-04-10,20.7,13.9,10.9,44.3,0.0,38.9,17.0,38.9
0,2026-04-11,23.6,13.4,19.8,42.5,0.0,0.0,0.0,0.0
0,2026-04-12,21.0,10.9,19.7,42.1,0.0,0.0,0.0,0.0
0,2026-04-13,19.9,7.8,7.1,16.6,0.0,0.0,0.0,0.0
0,2026-04-14,21.3,13.5,13.4,32.0,0.0,0.5,3.0,0.5
0,2026-04-15,18.0,13.6,14.0,29.9,0.0,26.8,17.0,26.8
0,2026-04-16,21.5,10.3,24.8,51.5,0.0,0.0,0.0,0.0
0,2026-04-17,18.5,9.0,15.4,34.9,0.0,0.5,4.0,0.5
0,2026-04-18,21.4,12.0,14.9,32.8,0.0,0.0,0.0,0.0
0,2026-04-19,22.4,12.9,10.0,26.3,0.0,0.0,0.0,0.0
0,2026-04-20,21.1,14.3,22.9,48.6,0.0,1.8,8.0,1.8
0,2026-04-21,19.7,9.1,32.6,63.0,0.0,1.9,4.0,1.9
0,2026-04-22,19.4,3.8,10.9,25.9,0.0,0.0,0.0,0.0
0,2026-04-23,15.4,12.8,17.3,34.9,0.0,45.0,19.0,45.0
0,2026-04-24,18.0,13.2,14.3,27.7,0.0,2.2,8.0,2.2
0,2026-04-25,18.7,11.2,14.5,32.4,0.0,0.3,3.0,0.3
0,2026-04-26,18.9,13.4,20.9,44.3,0.0,4.7,11.0,4.7
0,2026-04-27,21.1,12.6,29.3,60.1,0.0,33.1,11.0,33.1
0,2026-04-28,21.4,9.9,8.8,23.0,0.0,0.3,3.0,0.3
0,2026-04-29,20.5,13.9,18.1,39.6,0.0,0.0,0.0,0.0
0,2026-04-30,14.6,12.6,23.3,43.9,0.0,14.8,18.0,14.8
0,2026-05-01,20.9,13.9,35.4,70.9,0.0,37.5,13.0,37.5
0,2026-05-02,24.6,13.1,30.5,70.6,0.0,0.2,2.0,0.2
0,2026-05-03,23.3,12.6,25.1,54.7,0.0,9.8,7.0,9.8
0,2026-05-04,22.1,12.6,25.8,54.4,0.0,11.3,9.0,11.3
0,2026-05-05,19.6,9.9,19.8,39.2,0.0,0.0,0.0,0.0
0,2026-05-06,17.1,12.1,5.9,13.7,0.0,3.4,8.0,3.4
0,2026-05-07,23.9,14.7,10.9,27.7,0.0,0.5,3.0,0.5
0,2026-05-08,24.0,14.6,20.1,41.4,0.0,3.1,4.0,3.1
0,2026-05-09,20.5,11.4,25.0,54.7,0.0,0.0,0.0,0.0
0,2026-05-10,22.6,7.8,15.7,36.7,0.0,0.0,0.0,0.0
0,2026-05-11,22.2,11.2,15.9,34.6,0.0,0.0,0.0,0.0
0,2026-05-12,22.9,14.4,12.5,31.3,0.0,0.9,6.0,0.9
0,2026-05-13,26.9,12.8,14.2,34.9,0.0,1.2,6.0,1.2
0,2026-05-14,25.4,12.3,7.8,27.4,0.0,0.7,2.0,0.7
0,2026-05-15,23.3,15.1,13.9,33.1,0.0,0.6,6.0,0.6
0,2026-05-16,24.6,16.4,12.7,32.0,0.0,0.3,2.0,0.3
0,2026-05-17,30.0,12.1,14.7,33.8,0.0,0.0,0.0,0.0
0,2026-05-18,27.6,13.2,14.6,33.1,0.0,0.0,0.0,0.0
0,2026-05-19,27.7,16.0,15.1,35.6,0.0,0.0,0.0,0.0
0,2026-05-20,26.7,16.8,11.1,29.2,0.0,0.4,3.0,0.4
0,2026-05-21,27.3,21.0,8.4,27.4,0.0,29.6,19.0,29.6
0,2026-05-22,26.6,19.0,13.5,29.2,0.0,9.8,10.0,9.8
0,2026-05-23,19.3,16.7,23.4,49.3,0.0,4.6,14.0,4.6
0,2026-05-24,22.3,17.6,23.7,45.7,0.0,0.2,2.0,0.2
0,2026-05-25,25.1,15.2,12.2,28.8,0.0,0.0,0.0,0.0
0,2026-05-26,24.8,16.9,16.4,37.4,0.0,0.3,3.0,0.3
0,2026-05-27,23.3,18.9,13.6,31.0,0.0,6.8,18.0,6.8
0,2026-05-28,26.2,19.9,13.9,26.6,0.0,5.6,12.0,5.6
0,2026-05-29,25.6,16.7,28.1,60.1,0.0,0.0,0.0,0.0
0,2026-05-30,27.9,12.6,16.5,30.2,0.0,0.0,0.0,0.0
0,2026-05-31,28.6,17.4,7.6,17.6,0.0,0.0,0.0,0.0
0,2026-06-01,28.3,16.6,16.0,34.6,0.0,0.0,0.0,0.0
0,2026-06-02,21.0,18.1,24.4,45.4,0.0,43.9,21.0,43.9
0,2026-06-03,27.5,18.1,40.2,83.9,0.0,130.9,12.0,130.9
0,2026-06-04,24.1,18.9,25.3,51.5,0.0,0.5,2.0,0.5
0,2026-06-05,22.0,18.2,19.5,41.4,0.0,5.8,11.0,5.8
0,2026-06-06,23.0,18.2,12.7,30.2,0.0,0.2,2.0,0.2
0,2026-06-07,19.6,17.8,21.0,41.0,0.0,43.7,18.0,43.7
0,2026-06-08,27.1,18.0,16.6,33.5,0.0,11.6,10.0,11.6
0,2026-06-09,22.2,17.8,17.4,35.3,0.0,5.5,6.0,5.5
0,2026-06-10,25.9,15.6,18.3,39.6,0.0,0.0,0.0,0.0
0,2026-06-11,25.1,13.6,10.4,25.6,0.0,0.6,5.0,0.6
0,2026-06-12,26.8,16.2,14.0,30.6,0.0,1.3,7.0,1.3
0,2026-06-13,26.8,16.4,9.1,25.2,0.0,0.0,0.0,0.0
0,2026-06-14,23.9,18.9,15.3,38.2,0.0,6.8,17.0,6.8
0,2026-06-15,26.7,18.5,11.5,25.2,0.0,5.6,12.0,5.6
0,2026-06-16,24.4,16.5,13.1,29.2,0.0,0.3,3.0,0.3
0,2026-06-17,24.0,20.0,21.2,45.7,0.0,7.4,14.0,7.4
0,2026-06-18,30.2,20.0,11.9,27.7,0.0,7.8,9.0,7.8
0,2026-06-19,29.0,19.4,9.5,25.9,0.0,0.0,0.0,0.0
0,2026-06-20,23.4,22.3,17.8,34.6,0.0,33.8,21.0,33.8
0,2026-06-21,29.6,22.5,24.7,55.4,0.0,1.1,7.0,1.1
0,2026-06-22,25.4,20.8,28.4,54.7,0.0,0.1,1.0,0.1
0,2026-06-23,26.4,18.4,21.3,41.0,0.0,0.0,0.0,0.0
0,2026-06-24,22.7,16.8,10.9,24.8,0.0,7.3,13.0,7.3
0,2026-06-25,22.1,19.8,13.8,30.2,0.0,46.0,24.0,46.0
0,2026-06-26,26.5,20.1,9.7,30.6,0.0,55.4,23.0,55.4
0,2026-06-27,25.3,19.3,16.1,31.7,0.0,19.5,15.0,19.5
0,2026-06-28,26.4,20.2,11.7,23.8,0.0,9.3,11.0,9.3
0,2026-06-29,27.1,20.2,9.7,25.9,0.0,0.8,7.0,0.8
0,2026-06-30,27.2,21.1,8.2,22.7,0.0,0.6,3.0,0.6
0,2026-07-01,24.8,19.6,10.1,19.1,0.0,10.5,12.0,10.5
0,2026-07-02,30.5,20.9,19.1,40.0,0.0,26.6,19.0,26.6
0,2026-07-03,29.6,21.2,22.1,42.1,0.0,0.0,0.0,0.0
0,2026-07-04,23.9,21.5,10.7,23.4,0.0,30.8,19.0,30.8
0,2026-07-05,24.4,21.3,13.1,27.4,0.0,11.7,21.0,11.7
0,2026-07-06,22.8,20.4,19.6,38.9,0.0,73.0,23.0,73.0
0,2026-07-07,25.7,19.7,10.3,25.6,0.0,0.0,0.0,0.0
0,2026-07-08,26.5,20.4,12.5,27.7,0.0,0.0,0.0,0.0
0,2026-07-09,27.2,20.1,9.7,24.8,0.0,0.0,0.0,0.0
0,2026-07-10,28.8,20.5,13.1,29.5,0.0,0.3,3.0,0.3
0,2026-07-11,27.9,22.1,10.9,27.4,0.0,0.8,6.0,0.8
0,2026-07-12,33.9,22.9,11.3,24.1,0.0,0.0,0.0,0.0
0,2026-07-13,33.4,24.8,20.4,42.5,0.0,0.0,0.0,0.0
0,2026-07-14,34.0,23.9,17.1,38.5,0.0,0.0,0.0,0.0
0,2026-07-15,34.2,24.2,8.9,23.4,0.0,0.0,0.0,0.0
0,2026-07-16,35.3,25.6,13.1,27.7,0.0,0.0,0.0,0.0
0,2026-07-17,31.7,23.5,10.7,25.9,0.0,0.0,0.0,0.0
0,2026-07-18,29.9,25.7,19.2,40.0,0.0,3.5,19.0,3.5
0,2026-07-19,29.8,25.2,10.5,26.3,0.0,3.1,15.0,3.1
0,2026-07-20,33.1,25.1,8.6,24.5,0.0,0.0,0.0,0.0
0,2026-07-21,36.3,26.0,9.3,20.9,0.0,0.5,5.0,0.5
0,2026-07-22,36.8,27.1,10.5,24.8,0.0,1.0,7.0,1.0
0,2026-07-23,37.8,26.8,13.0,30.2,0.0,0.0,0.0,0.0
0,2026-07-24,36.6,25.5,13.5,27.7,0.0,0.2,2.0,0.2
0,2026-07-25,37.3,26.6,19.1,40.7,0.0,0.0,0.0,0.0
0,2026-07-26,35.9,24.5,16.1,33.1,0.0,0.5,2.0,0.5
0,2026-07-27,33.1,25.8,13.9,31.7,0.0,1.3,4.0,1.3
0,2026-07-28,31.6,24.5,14.8,44.6,0.0,13.6,18.0,13.6
0,2026-07-29,32.9,23.9,19.6,43.6,0.0,0.4,4.0,0.4
0,2026-07-30,36.5,25.1,15.4,32.8,0.0,0.4,1.0,0.4
0,2026-07-31,36.3,25.4,15.4,32.4,0.0,0.0,0.0,0.0
0,2026-08-01,37.3,25.5,16.8,37.1,0.0,0.0,0.0,0.0
0,2026-08-02,37.6,27.7,16.2,34.6,0.0,0.4,3.0,0.4
0,2026-08-03,31.6,25.9,20.8,42.1,0.0,3.8,8.0,3.8
0,2026-08-04,29.7,25.3,12.6,31.0,0.0,0.1,1.0,0.1
0,2026-08-05,31.5,23.8,18.0,42.5,0.0,0.0,0.0,0.0
0,2026-08-06,30.7,26.0,24.4,52.2,0.0,3.1,12.0,3.1
0,2026-08-07,30.6,25.5,22.9,48.2,0.0,6.7,15.0,6.7
0,2026-08-08,30.5,24.8,13.8,30.2,0.0,0.2,2.0,0.2
0,2026-08-09,32.4,23.9,8.2,22.3,0.0,0.0,0.0,0.0
0,2026-08-10,33.8,24.9,20.5,40.7,0.0,2.2,9.0,2.2
0,2026-08-11,31.0,22.4,27.3,54.4,0.0,0.0,0.0,0.0
0,2026-08-12,26.6,23.6,22.7,46.4,0.0,9.1,15.0,9.1
0,2026-08-13,28.3,22.6,20.8,40.0,0.0,22.9,16.0,22.9
0,2026-08-14,29.7,23.0,14.6,34.2,0.0,1.9,8.0,1.9
0,2026-08-15,28.2,23.7,19.9,43.2,0.0,9.2,20.0,9.2
0,2026-08-16,28.5,24.6,17.9,40.7,0.0,0.4,4.0,0.4
0,2026-08-17,28.5,24.2,18.2,40.0,0.0,1.6,9.0,1.6
0,2026-08-18,29.1,24.0,13.6,31.7,0.0,0.1,1.0,0.1
0,2026-08-19,29.8,23.4,11.5,28.4,0.0,0.2,2.0,0.2
0,2026-08-20,30.9,23.1,12.2,27.0,0.0,0.0,0.0,0.0
0,2026-08-21,31.3,24.3,9.9,25.2,0.0,0.8,6.0,0.8
0,2026-08-22,32.1,24.7,9.9,26.3,0.0,4.5,10.0,4.5
0,2026-08-23,32.4,25.1,11.6,27.7,0.0,2.5,7.0,2.5
0,2026-08-24,32.9,25.0,10.8,28.1,0.0,1.3,8.0,1.3
0,2026-08-25,33.3,25.5,9.0,28.8,0.0,0.8,5.0,0.8
0,2026-08-26,33.2,24.2,9.7,29.5,0.0,2.2,4.0,2.2
0,2026-08-27,31.7,24.2,12.3,28.8,0.0,6.6,9.0,6.6
0,2026-08-28,31.1,24.1,6.3,16.2,0.0,5.3,11.0,5.3
0,2026-08-29,32.4,24.4,7.4,32.0,0.0,6.1,6.0,6.1
0,2026-08-30,35.4,24.8,9.7,28.8,0.0,3.0,9.0,3.0
0,2026-08-31,31.7,24.7,16.7,35.3,0.0,6.6,13.0,6.6
0,2026-09-01,29.3,24.7,15.4,34.6,0.0,13.8,22.0,13.8
0,2026-09-02,29.6,24.6,7.4,22.0,0.0,1.9,12.0,1.9
0,2026-09-03,26.2,23.2,6.7,18.4,0.0,46.6,21.0,46.6
0,2026-09-04,23.9,20.8,6.2,14.0,0.0,41.8,18.0,41.8
0,2026-09-05,27.5,20.2,12.8,28.1,0.0,3.5,6.0,3.5
0,2026-09-06,26.7,22.5,12.9,25.2,0.0,17.6,12.0,17.6
0,2026-09-07,25.8,22.1,8.1,13.7,0.0,41.7,21.0,41.7
0,2026-09-08,27.0,22.8,14.3,33.8,0.0,17.6,17.0,17.6
0,2026-09-09,29.5,21.2,22.3,42.1,0.0,20.7,13.0,20.7
0,2026-09-10,26.7,20.5,21.0,41.8,0.0,7.8,8.0,7.8
0,2026-09-11,25.2,21.9,8.9,22.0,0.0,17.4,12.0,17.4
0,2026-09-12,27.8,21.3,10.7,26.3,0.0,0.3,3.0,0.3
0,2026-09-13,28.2,23.9,16.2,33.8,0.0,4.6,17.0,4.6
0,2026-09-14,27.3,23.9,8.7,25.6,0.0,7.0,12.0,7.0
0,2026-09-15,26.7,22.3,10.5,22.7,0.0,12.6,19.0,12.6
0,2026-09-16,24.6,21.6,6.5,16.6,0.0,23.4,23.0,23.4
0,2026-09-17,27.6,21.4,9.1,23.8,0.0,0.8,7.0,0.8
0,2026-09-18,28.3,22.0,7.9,19.1,0.0,0.0,0.0,0.0
0,2026-09-19,29.4,20.5,9.4,19.8,0.0,3.0,4.0,3.0
0,2026-09-20,30.1,22.5,16.0,33.5,0.0,7.3,7.0,7.3
0,2026-09-21,30.0,22.5,38.4,75.6,0.0,17.4,7.0,17.4
0,2026-09-22,28.0,21.3,31.8,64.4,0.0,0.0,0.0,0.0
0,2026-09-23,26.6,20.3,13.3,31.0,0.0,0.7,5.0,0.7
0,2026-09-24,29.8,20.3,16.9,33.8,0.0,0.8,6.0,0.8
0,2026-09-25,26.7,18.0,11.9,24.5,0.0,0.0,0.0,0.0
0,2026-09-26,23.9,19.6,11.8,28.1,0.0,10.0,12.0,10.0
0,2026-09-27,25.0,20.1,7.0,18.0,0.0,9.5,13.0,9.5
0,2026-09-28,25.8,21.5,10.0,22.0,0.0,14.1,22.0,14.1
0,2026-09-29,22.2,19.3,5.6,14.8,0.0,29.2,21.0,29.2
0,2026-09-30,24.6,18.1,6.4,18.4,0.0,0.7,2.0,0.7
1,2021-01-01,6.6,2.4,35.0,52.2,0.0,0.0,0.0,0.0
1,2021-01-02,8.0,3.5,25.3,37.1,0.0,0.1,1.0,0.1
1,2021-01-03,8.5,4.3,26.2,39.2,0.0,0.0,0.0,0.0
1,2021-01-04,10.1,5.7,23.0,33.1,0.0,0.0,0.0,0.0
1,2021-01-05,10.7,4.6,22.5,31.7,0.0,0.0,0.0,0.0
1,2021-01-06,9.6,6.5,24.8,37.8,0.0,0.0,0.0,0.0
1,2021-01-07,7.7,0.6,36.9,60.5,0.28,1.4,4.0,1.8
1,2021-01-08,3.6,-0.3,35.0,52.9,0.0,0.0,0.0,0.0
1,2021-01-09,4.6,-0.1,34.7,51.8,0.14,0.0,1.0,0.1
1,2021-01-10,6.1,0.4,23.4,34.9,0.0,0.0,0.0,0.0
1,2021-01-11,7.4,2.6,27.1,40.7,0.0,0.0,0.0,0.0
1,2021-01-12,6.6,4.1,17.0,27.4,0.0,2.9,10.0,2.9
1,2021-01-13,9.9,2.8,13.8,22.0,0.0,0.0,0.0,0.0
1,2021-01-14,12.0,3.0,20.0,26.3,0.0,0.0,0.0,0.0
1,2021-01-15,10.7,3.2,15.8,24.8,0.0,0.0,0.0,0.0
1,2021-01-16,12.2,5.4,27.5,37.8,0.0,0.6,2.0,0.6
1,2021-01-17,9.7,5.2,32.0,45.0,0.0,0.0,0.0,0.0
1,2021-01-18,7.8,3.3,27.0,40.0,0.35,0.2,2.0,0.7
1,2021-01-19,6.8,2.4,36.3,52.9,0.0,0.6,4.0,0.6
1,2021-01-20,8.8,2.3,28.1,42.5,0.0,0.0,0.0,0.0
1,2021-01-21,11.0,2.8,16.5,26.3,0.0,0.0,0.0,0.0
1,2021-01-22,11.0,6.2,16.5,25.6,0.0,3.8,13.0,3.8
1,2021-01-23,10.6,8.5,14.6,21.6,0.0,21.5,20.0,21.5
1,2021-01-24,10.1,8.7,20.0,28.1,0.0,13.9,21.0,13.9
1,2021-01-25,12.4,5.1,16.1,23.8,0.0,0.0,0.0,0.0
1,2021-01-26,12.9,6.2,32.7,43.6,0.0,6.0,5.0,6.0
1,2021-01-27,13.2,7.8,31.7,45.4,0.0,18.5,5.0,18.5
1,2021-01-28,10.0,6.3,18.3,25.9,0.0,0.1,1.0,0.1
1,2021-01-29,9.8,2.8,37.4,57.6,0.49,1.2,9.0,1.9
1,2021-01-30,7.3,3.0,25.7,57.6,0.77,1.0,8.0,2.1
1,2021-01-31,9.5,4.3,27.2,37.8,0.0,0.2,2.0,0.2
1,2021-02-01,11.2,3.2,16.2,24.8,0.0,0.0,0.0,0.0
1,2021-02-02,12.6,5.9,38.9,54.0,0.0,13.6,9.0,13.6
1,2021-02-03,6.9,4.3,25.0,37.1,0.0,0.2,1.0,0.2
1,2021-02-04,9.0,4.1,33.4,49.7,0.0,0.0,0.0,0.0
1,2021-02-05,9.5,4.9,19.6,32.0,0.0,0.0,0.0,0.0
1,2021-02-06,12.0,6.5,13.9,21.6,0.0,0.0,0.0,0.0
1,2021-02-07,12.4,6.9,26.0,34.9,0.0,0.0,0.0,0.0
1,2021-02-08,8.1,3.4,33.6,48.6,0.0,0.7,6.0,0.7
1,2021-02-09,6.5,2.4,32.8,48.2,0.0,0.0,0.0,0.0
1,2021-02-10,10.8,5.0,21.1,29.2,0.0,0.0,0.0,0.0
1,2021-02-11,11.6,7.0,28.1,36.7,0.0,0.0,0.0,0.0
1,2021-02-12,12.3,5.7,15.9,24.1,0.0,0.1,1.0,0.1
1,2021-02-13,13.8,8.7,12.6,18.7,0.0,0.0,0.0,0.0
1,2021-02-14,14.4,8.5,24.5,32.4,0.0,0.7,4.0,0.7
1,2021-02-15,13.7,11.3,34.8,49.0,0.0,53.3,15.0,53.3
1,2021-02-16,11.1,6.3,29.5,42.1,0.0,0.0,0.0,0.0
1,2021-02-17,8.4,1.9,34.6,50.4,0.63,0.2,8.0,1.1
1,2021-02-18,4.6,0.3,32.0,58.0,0.42,0.2,8.0,0.8
1,2021-02-19,9.4,3.1,18.9,28.8,0.0,0.0,0.0,0.0
1,2021-02-20,13.4,3.1,19.7,24.5,0.0,0.0,0.0,0.0
1,2021-02-21,15.4,7.0,20.4,24.5,0.0,0.0,0.0,0.0
1,2021-02-22,14.8,8.0,17.3,20.5,0.0,0.0,0.0,0.0
1,2021-02-23,12.1,5.8,33.8,47.2,0.0,0.0,0.0,0.0
1,2021-02-24,8.3,4.3,32.5,46.8,0.0,0.0,0.0,0.0
1,2021-02-25,10.7,2.0,21.7,37.8,0.0,0.0,0.0,0.0
1,2021-02-26,10.5,7.0,26.3,36.7,0.0,2.6,12.0,2.6
1,2021-02-27,11.2,4.6,40.2,56.9,0.0,0.0,0.0,0.0
1,2021-02-28,11.6,5.3,25.8,34.6,0.0,0.0,0.0,0.0
1,2021-03-01,14.6,8.3,28.8,36.4,0.0,0.1,1.0,0.1
1,2021-03-02,14.9,6.8,46.1,64.4,0.0,25.8,11.0,25.8
1,2021-03-03,10.2,4.2,41.2,59.0,0.0,0.0,0.0,0.0
1,2021-03-04,12.2,6.8,21.2,27.7,0.0,0.0,0.0,0.0
1,2021-03-05,13.4,10.3,26.0,33.1,0.0,12.6,19.0,12.6
1,2021-03-06,15.7,7.5,33.7,44.6,0.0,1.3,3.0,1.3
1,2021-03-07,9.8,4.7,29.3,41.8,0.0,0.7,6.0,0.7
1,2021-03-08,11.8,6.0,17.7,25.2,0.0,8.7,11.0,8.7
1,2021-03-09,11.6,5.0,11.7,16.2,0.0,0.1,1.0,0.1
1,2021-03-10,13.7,7.1,32.9,43.6,0.0,0.0,0.0,0.0
1,2021-03-11,12.1,3.6,11.6,30.6,0.0,0.0,0.0,0.0
1,2021-03-12,12.5,9.1,22.7,55.1,0.0,25.9,12.0,25.9
1,2021-03-13,13.0,10.1,39.7,61.6,0.0,47.0,15.0,47.0
1,2021-03-14,11.6,8.2,31.9,42.5,0.0,0.0,0.0,0.0
1,2021-03-15,13.8,7.0,25.9,32.8,0.0,0.0,0.0,0.0
1,2021-03-16,13.1,7.7,18.5,25.2,0.0,0.9,7.0,0.9
1,2021-03-17,14.1,7.4,33.9,45.7,0.0,0.0,0.0,0.0
1,2021-03-18,13.5,5.6,25.7,36.7,0.0,0.0,0.0,0.0
1,2021-03-19,13.8,6.5,15.2,19.4,0.0,0.0,0.0,0.0
1,2021-03-20,15.3,9.1,32.1,41.0,0.0,1.8,4.0,1.8
1,2021-03-21,16.9,11.6,36.0,58.0,0.0,38.3,21.0,38.3
1,2021-03-22,12.0,7.8,32.0,44.6,0.0,0.0,0.0,0.0
1,2021-03-23,12.5,6.5,21.2,31.0,0.0,0.0,0.0,0.0
1,2021-03-24,14.4,7.6,15.2,23.0,0.0,0.0,0.0,0.0
1,2021-03-25,13.0,11.3,13.9,18.7,0.0,3.0,12.0,3.0
1,2021-03-26,15.7,8.4,29.2,38.2,0.0,0.0,0.0,0.0
1,2021-03-27,15.3,7.0,28.3,36.7,0.0,0.1,1.0,0.1
1,2021-03-28,16.4,14.3,43.1,58.7,0.0,30.6,18.0,30.6
1,2021-03-29,18.5,13.9,27.3,37.4,0.0,0.5,2.0,0.5
1,2021-03-30,16.1,12.0,19.5,24.5,0.0,0.0,0.0,0.0
1,2021-03-31,16.7,10.6,17.1,24.8,0.0,0.0,0.0,0.0
1,2021-04-01,17.3,10.8,17.7,24.5,0.0,0.0,0.0,0.0
1,2021-04-02,17.1,13.2,30.4,38.9,0.0,0.0,0.0,0.0
1,2021-04-03,17.1,15.2,25.2,32.4,0.0,0.0,0.0,0.0
1,2021-04-04,16.9,15.4,20.0,28.8,0.0,30.4,16.0,30.4
1,2021-04-05,15.9,11.8,39.0,54.0,0.0,0.9,2.0,0.9
1,2021-04-06,14.9,10.9,25.2,33.8,0.0,3.9,5.0,3.9
1,2021-04-07,17.0,11.1,27.7,36.4,0.0,0.7,5.0,0.7
1,2021-04-08,16.3,9.3,19.1,27.4,0.0,0.0,0.0,0.0
1,2021-04-09,14.8,8.0,32.2,44.3,0.0,0.0,0.0,0.0
1,2021-04-10,14.6,6.8,29.4,42.5,0.0,0.0,0.0,0.0
1,2021-04-11,15.1,8.5,18.4,24.8,0.0,0.0,0.0,0.0
1,2021-04-12,16.5,10.3,30.3,39.6,0.0,0.0,0.0,0.0
1,2021-04-13,16.6,14.2,33.7,47.9,0.0,18.9,20.0,18.9
1,2021-04-14,18.0,10.0,36.2,50.4,0.0,3.7,9.0,3.7
1,2021-04-15,14.4,7.9,32.2,47.5,0.0,0.0,0.0,0.0
1,2021-04-16,16.3,13.6,29.0,41.0,0.0,3.2,9.0,3.2
1,2021-04-17,15.8,13.6,33.6,43.9,0.0,68.7,22.0,68.7
1,2021-04-18,13.7,10.3,31.8,45.0,0.0,0.5,2.0,0.5
1,2021-04-19,16.9,10.2,23.3,32.8,0.0,0.0,0.0,0.0
1,2021-04-20,20.0,9.5,16.9,21.6,0.0,0.0,0.0,0.0
1,2021-04-21,20.4,12.1,27.8,34.6,0.0,0.0,0.0,0.0
1,2021-04-22,20.2,10.7,18.8,25.2,0.0,0.0,0.0,0.0
1,2021-04-23,16.5,13.7,29.5,38.5,0.0,0.0,0.0,0.0
1,2021-04-24,17.4,13.6,17.1,21.2,0.0,0.0,0.0,0.0
1,2021-04-25,18.5,11.9,38.5,53.6,0.0,0.0,0.0,0.0
1,2021-04-26,16.9,9.8,37.3,54.4,0.0,0.0,0.0,0.0
1,2021-04-27,17.8,9.0,19.1,24.1,0.0,0.0,0.0,0.0
1,2021-04-28,17.4,13.7,23.8,36.7,0.0,8.0,16.0,8.0
1,2021-04-29,17.7,15.4,41.3,55.8,0.0,51.1,22.0,51.1
1,2021-04-30,18.2,12.8,20.6,29.2,0.0,0.0,0.0,0.0
1,2021-05-01,18.9,12.6,36.4,49.3,0.0,0.8,6.0,0.8
1,2021-05-02,15.9,11.8,33.2,46.4,0.0,1.6,7.0,1.6
1,2021-05-03,18.6,11.2,22.7,32.0,0.0,0.0,0.0,0.0
1,2021-05-04,18.9,11.5,14.2,22.7,0.0,0.0,0.0,0.0
1,2021-05-05,17.8,15.8,37.7,50.8,0.0,31.9,17.0,31.9
1,2021-05-06,21.7,15.2,19.5,25.9,0.0,1.2,3.0,1.2
1,2021-05-07,17.7,15.6,19.8,25.9,0.0,4.0,7.0,4.0
1,2021-05-08,18.9,13.5,15.6,24.1,0.0,0.0,0.0,0.0
1,2021-05-09,20.9,15.5,27.4,40.7,0.0,0.3,2.0,0.3
1,2021-05-10,20.6,12.2,20.2,27.7,0.0,0.0,0.0,0.0
1,2021-05-11,20.7,15.2,21.7,27.4,0.0,0.0,0.0,0.0
1,2021-05-12,19.2,14.3,26.5,34.6,0.0,7.1,10.0,7.1
1,2021-05-13,21.1,15.6,20.6,47.2,0.0,7.2,8.0,7.2
1,2021-05-14,21.8,17.5,20.9,25.2,0.0,0.0,0.0,0.0
1,2021-05-15,20.8,18.9,29.0,37.8,0.0,0.1,1.0,0.1
1,2021-05-16,20.2,19.0,27.3,34.9,0.0,14.7,24.0,14.7
1,2021-05-17,21.1,19.5,28.2,51.5,0.0,15.6,23.0,15.6
1,2021-05-18,22.0,18.8,14.3,19.4,0.0,2.7,7.0,2.7
1,2021-05-19,21.7,19.1,8.4,11.5,0.0,9.3,10.0,9.3
1,2021-05-20,21.3,17.2,42.3,56.9,0.0,39.2,13.0,39.2
1,2021-05-21,22.1,19.8,39.5,58.7,0.0,33.6,20.0,33.6
1,2021-05-22,21.6,17.2,18.4,25.6,0.0,0.5,4.0,0.5
1,2021-05-23,22.5,15.7,19.2,23.0,0.0,0.0,0.0,0.0
1,2021-05-24,20.9,17.6,13.7,18.4,0.0,1.7,7.0,1.7
1,2021-05-25,22.3,17.0,26.4,38.9,0.0,0.0,0.0,0.0
1,2021-05-26,20.9,15.9,20.3,31.3,0.0,0.0,0.0,0.0
1,2021-05-27,20.0,15.3,29.0,40.7,0.0,44.9,14.0,44.9
1,2021-05-28,21.1,16.8,21.9,29.5,0.0,0.0,0.0,0.0
1,2021-05-29,22.2,18.9,23.5,29.5,0.0,0.1,1.0,0.1
1,2021-05-30,23.1,17.1,22.0,27.0,0.0,0.0,0.0,0.0
1,2021-05-31,21.1,15.1,17.0,20.5,0.0,0.0,0.0,0.0
1,2021-06-01,20.7,17.7,23.7,29.9,0.0,0.1,1.0,0.1
1,2021-06-02,21.3,19.0,16.6,21.2,0.0,0.9,8.0,0.9
1,2021-06-03,22.2,19.1,37.2,49.3,0.0,1.9,3.0,1.9
1,2021-06-04,22.8,19.3,45.1,60.5,0.0,30.4,18.0,30.4
1,2021-06-05,22.2,17.7,22.6,29.2,0.0,0.0,0.0,0.0
1,2021-06-06,21.8,19.4,13.2,17.6,0.0,8.1,9.0,8.1
1,2021-06-07,24.5,19.9,14.4,19.8,0.0,0.0,0.0,0.0
1,2021-06-08,26.7,19.4,20.0,24.8,0.0,0.0,0.0,0.0
1,2021-06-09,25.3,18.7,16.6,20.5,0.0,0.0,0.0,0.0
1,2021-06-10,23.5,19.5,21.4,27.4,0.0,0.0,0.0,0.0
1,2021-06-11,23.8,21.4,28.5,37.1,0.0,0.3,2.0,0.3
1,2021-06-12,24.7,21.9,20.9,28.4,0.0,0.0,0.0,0.0
1,2021-06-13,23.8,22.3,17.4,23.4,0.0,3.3,13.0,3.3
1,2021-06-14,23.9,20.8,21.6,29.9,0.0,3.5,9.0,3.5
1,2021-06-15,24.4,21.7,21.1,28.8,0.0,5.2,6.0,5.2
1,2021-06-16,22.2,21.1,23.5,32.4,0.0,29.4,24.0,29.4
1,2021-06-17,25.0,21.2,22.9,29.5,0.0,1.0,6.0,1.0
1,2021-06-18,23.8,21.0,21.7,28.8,0.0,1.2,6.0,1.2
1,2021-06-19,23.0,21.2,33.7,45.4,0.0,47.0,24.0,47.0
1,2021-06-20,25.8,21.3,28.8,37.8,0.0,0.0,0.0,0.0
1,2021-06-21,24.9,18.6,20.3,26.6,0.0,0.0,0.0,0.0
1,2021-06-22,24.0,20.7,12.3,20.5,0.0,0.1,1.0,0.1
1,2021-06-23,24.2,21.2,15.0,20.5,0.0,2.4,7.0,2.4
1,2021-06-24,24.3,20.3,19.4,26.3,0.0,4.7,6.0,4.7
1,2021-06-25,24.4,20.8,19.0,25.9,0.0,6.0,6.0,6.0
1,2021-06-26,24.1,20.7,16.6,24.5,0.0,2.8,8.0,2.8
1,2021-06-27,23.8,22.2,9.5,17.3,0.0,1.5,12.0,1.5
1,2021-06-28,24.6,21.3,18.8,23.8,0.0,0.9,5.0,0.9
1,2021-06-29,26.5,22.0,13.4,24.5,0.0,4.5,5.0,4.5
1,2021-06-30,24.7,21.5,34.7,45.7,0.0,5.9,10.0,5.9
1,2021-07-01,23.7,22.3,29.9,40.7,0.0,37.3,23.0,37.3
1,2021-07-02,25.9,23.3,36.4,49.0,0.0,30.4,23.0,30.4
1,2021-07-03,27.6,23.8,12.6,34.6,0.0,30.5,9.0,30.5
1,2021-07-04,26.1,24.6,23.7,30.6,0.0,4.0,13.0,4.0
1,2021-07-05,26.7,24.7,18.2,42.5,0.0,8.5,18.0,8.5
1,2021-07-06,26.5,24.6,9.1,29.5,0.0,0.6,4.0,0.6
1,2021-07-07,26.7,24.3,14.4,19.1,0.0,17.5,21.0,17.5
1,2021-07-08,25.4,23.8,9.2,27.0,0.0,30.2,20.0,30.2
1,2021-07-09,26.2,24.9,16.6,24.8,0.0,19.2,18.0,19.2
1,2021-07-10,27.2,24.4,15.4,18.4,0.0,0.2,2.0,0.2
1,2021-07-11,28.6,24.5,12.0,15.1,0.0,0.0,0.0,0.0
1,2021-07-12,26.6,24.1,11.0,19.8,0.0,5.0,4.0,5.0
1,2021-07-13,27.7,23.4,13.3,19.8,0.0,0.3,1.0,0.3
1,2021-07-14,26.7,23.5,17.3,23.0,0.0,9.7,15.0,9.7
1,2021-07-15,26.8,23.7,21.0,27.4,0.0,6.0,13.0,6.0
1,2021-07-16,28.1,24.7,31.4,41.4,0.0,0.9,4.0,0.9
1,2021-07-17,27.4,24.1,24.2,31.3,0.0,0.0,0.0,0.0
1,2021-07-18,28.2,24.2,25.1,32.4,0.0,0.5,4.0,0.5
1,2021-07-19,28.3,25.6,17.6,22.3,0.0,1.1,8.0,1.1
1,2021-07-20,27.8,24.8,18.7,24.1,0.0,0.0,0.0,0.0
1,2021-07-21,28.1,26.4,18.5,25.6,0.0,0.0,0.0,0.0
1,2021-07-22,28.6,25.5,20.3,27.7,0.0,0.0,0.0,0.0
1,2021-07-23,28.9,26.0,21.7,28.1,0.0,0.0,0.0,0.0
1,2021-07-24,28.8,26.2,19.5,25.6,0.0,2.0,9.0,2.0
1,2021-07-25,28.6,25.8,19.5,25.9,0.0,0.9,5.0,0.9
1,2021-07-26,29.8,25.7,21.4,27.0,0.0,0.0,0.0,0.0
1,2021-07-27,31.2,26.1,24.8,31.3,0.0,0.0,0.0,0.0
1,2021-07-28,29.9,25.9,13.3,19.8,0.0,0.2,2.0,0.2
1,2021-07-29,29.1,26.1,14.4,19.4,0.0,0.3,3.0,0.3
1,2021-07-30,29.0,24.5,19.1,30.2,0.0,3.4,10.0,3.4
1,2021-07-31,28.9,25.8,17.5,24.5,0.0,11.8,16.0,11.8
1,2021-08-01,29.1,25.3,21.6,29.2,0.0,1.2,5.0,1.2
1,2021-08-02,28.8,26.5,26.3,34.6,0.0,4.9,14.0,4.9
1,2021-08-03,28.5,26.6,40.3,55.1,0.0,36.5,22.0,36.5
1,2021-08-04,29.2,26.5,20.9,28.4,0.0,1.6,6.0,1.6
1,2021-08-05,28.7,26.4,23.8,31.7,0.0,0.0,0.0,0.0
1,2021-08-06,29.7,26.1,28.6,39.2,0.0,4.5,8.0,4.5
1,2021-08-07,30.0,27.2,24.5,31.3,0.0,2.0,3.0,2.0
1,2021-08-08,32.8,27.4,26.7,33.5,0.0,0.0,0.0,0.0
1,2021-08-09,31.2,27.9,57.5,84.6,0.0,8.7,10.0,8.7
1,2021-08-10,30.0,26.1,30.1,48.2,0.0,0.3,3.0,0.3
1,2021-08-11,29.0,24.7,15.3,24.5,0.0,0.0,0.0,0.0
1,2021-08-12,27.1,24.6,12.1,30.2,0.0,29.6,18.0,29.6
1,2021-08-13,27.2,24.7,53.5,79.2,0.0,54.4,24.0,54.4
1,2021-08-14,27.8,26.1,31.5,68.8,0.0,36.8,24.0,36.8
1,2021-08-15,28.7,24.3,20.6,46.1,0.0,16.1,10.0,16.1
1,2021-08-16,25.5,24.3,21.9,30.6,0.0,6.0,20.0,6.0
1,2021-08-17,26.9,23.9,35.2,55.1,0.0,42.1,24.0,42.1
1,2021-08-18,28.2,25.9,37.8,51.8,0.0,16.4,22.0,16.4
1,2021-08-19,27.3,25.2,35.7,57.2,0.0,26.3,18.0,26.3
1,2021-08-20,27.1,25.4,24.9,35.3,0.0,17.7,24.0,17.7
1,2021-08-21,27.2,24.5,22.1,33.5,0.0,20.6,21.0,20.6
1,2021-08-22,28.3,26.1,20.6,35.6,0.0,6.7,15.0,6.7
1,2021-08-23,28.6,25.2,14.4,32.0,0.0,1.3,9.0,1.3
1,2021-08-24,28.6,25.2,20.9,37.4,0.0,2.4,5.0,2.4
1,2021-08-25,29.2,26.2,11.1,25.6,0.0,0.2,2.0,0.2
1,2021-08-26,29.4,26.1,12.0,14.8,0.0,0.0,0.0,0.0
1,2021-08-27,31.2,25.7,12.9,15.8,0.0,0.0,0.0,0.0
1,2021-08-28,30.6,25.0,23.8,29.5,0.0,0.0,0.0,0.0
1,2021-08-29,30.7,26.4,15.6,18.7,0.0,0.0,0.0,0.0
1,2021-08-30,30.6,25.4,15.8,20.9,0.0,0.0,0.0,0.0
1,2021-08-31,30.3,25.7,16.6,22.0,0.0,0.1,1.0,0.1
1,2021-09-01,28.6,24.2,13.0,18.7,0.0,0.1,1.0,0.1
1,2021-09-02,27.2,25.1,17.2,32.8,0.0,16.7,21.0,16.7
1,2021-09-03,25.0,23.7,18.5,34.6,0.0,84.3,23.0,84.3
1,2021-09-04,26.0,23.1,29.6,47.9,0.0,62.9,19.0,62.9
1,2021-09-05,26.2,23.9,20.2,28.8,0.0,2.6,6.0,2.6
1,2021-09-06,26.2,22.9,20.7,29.9,0.0,3.2,13.0,3.2
1,2021-09-07,25.2,22.4,29.3,38.9,0.0,2.2,10.0,2.2
1,2021-09-08,24.3,22.6,34.5,47.9,0.0,10.0,13.0,10.0
1,2021-09-09,28.2,22.0,20.7,37.8,0.0,22.3,9.0,22.3
1,2021-09-10,27.1,20.8,11.9,19.8,0.0,0.0,0.0,0.0
1,2021-09-11,25.5,23.6,14.5,21.2,0.0,0.4,2.0,0.4
1,2021-09-12,24.9,23.0,13.7,20.2,0.0,1.0,6.0,1.0
1,2021-09-13,27.5,22.4,12.1,18.0,0.0,0.0,0.0,0.0
1,2021-09-14,23.0,21.7,14.4,21.2,0.0,13.2,17.0,13.2
1,2021-09-15,25.3,21.2,20.7,28.1,0.0,1.2,4.0,1.2
1,2021-09-16,25.8,21.6,26.6,35.3,0.0,2.0,5.0,2.0
1,2021-09-17,24.3,22.7,36.8,49.3,0.0,29.5,21.0,29.5
1,2021-09-18,27.6,24.4,36.7,50.4,0.0,27.3,12.0,27.3
1,2021-09-19,26.9,23.1,23.7,31.7,0.0,1.3,4.0,1.3
1,2021-09-20,25.9,24.0,18.8,24.8,0.0,0.1,1.0,0.1
1,2021-09-21,24.3,22.1,24.8,33.5,0.0,2.3,8.0,2.3
1,2021-09-22,25.9,22.0,23.8,31.7,0.0,9.2,18.0,9.2
1,2021-09-23,25.9,22.4,17.4,23.0,0.0,0.4,2.0,0.4
1,2021-09-24,26.9,22.0,22.5,29.5,0.0,0.0,0.0,0.0
1,2021-09-25,25.6,21.0,19.8,26.3,0.0,0.1,1.0,0.1
1,2021-09-26,23.5,20.4,19.0,34.9,0.0,24.1,17.0,24.1
1,2021-09-27,24.8,19.4,17.4,28.4,0.0,0.0,0.0,0.0
1,2021-09-28,24.8,20.0,17.9,24.1,0.0,0.0,0.0,0.0
1,2021-09-29,25.2,21.1,24.9,32.4,0.0,0.2,2.0,0.2
1,2021-09-30,26.2,22.5,26.1,36.0,0.0,0.8,4.0,0.8
1,2021-10-01,26.4,22.8,37.3,49.0,0.0,0.8,2.0,0.8
1,2021-10-02,26.7,22.1,31.1,42.8,0.0,0.0,0.0,0.0
1,2021-10-03,25.5,19.4,19.0,26.6,0.0,0.0,0.0,0.0
1,2021-10-04,25.4,21.0,12.6,17.6,0.0,2.4,9.0,2.4
1,2021-10-05,24.3,20.5,14.4,21.6,0.0,0.0,0.0,0.0
1,2021-10-06,26.8,21.6,24.3,32.4,0.0,0.0,0.0,0.0
1,2021-10-07,25.2,22.1,30.6,41.0,0.0,1.9,13.0,1.9
1,2021-10-08,25.5,21.7,14.8,31.3,0.0,1.7,10.0,1.7
1,2021-10-09,25.3,21.6,22.1,28.4,0.0,1.4,8.0,1.4
1,2021-10-10,25.4,23.0,28.7,37.4,0.0,0.3,3.0,0.3
1,2021-10-11,25.2,22.4,16.1,23.4,0.0,0.1,1.0,0.1
1,2021-10-12,25.6,22.8,18.9,25.9,0.0,17.3,9.0,17.3
1,2021-10-13,23.7,22.0,26.6,36.0,0.0,27.9,20.0,27.9
1,2021-10-14,24.3,19.5,13.0,20.2,0.0,0.8,3.0,0.8
1,2021-10-15,24.0,18.0,13.2,20.9,0.0,0.0,0.0,0.0
1,2021-10-16,23.8,18.8,24.5,29.9,0.0,1.2,2.0,1.2
1,2021-10-17,21.0,15.2,34.5,49.3,0.0,3.1,5.0,3.1
1,2021-10-18,19.0,13.2,21.1,34.6,0.0,0.0,0.0,0.0
1,2021-10-19,18.5,15.9,14.3,25.6,0.0,7.7,7.0,7.7
1,2021-10-20,17.2,14.1,38.0,53.6,0.0,0.5,2.0,0.5
1,2021-10-21,18.0,13.3,27.9,40.7,0.0,0.0,0.0,0.0
1,2021-10-22,19.1,13.1,25.2,36.0,0.0,0.0,0.0,0.0
1,2021-10-23,18.0,14.0,35.1,50.4,0.0,0.0,0.0,0.0
1,2021-10-24,18.8,11.5,21.5,31.7,0.0,0.0,0.0,0.0
1,2021-10-25,17.1,15.2,29.3,50.0,0.0,22.0,20.0,22.0
1,2021-10-26,21.4,14.5,28.8,39.6,0.0,5.8,3.0,5.8
1,2021-10-27,19.5,13.1,15.6,22.7,0.0,0.0,0.0,0.0
1,2021-10-28,21.5,14.6,29.7,41.0,0.0,0.0,0.0,0.0
1,2021-10-29,20.4,13.9,29.9,44.3,0.0,0.0,0.0,0.0
1,2021-10-30,19.4,11.6,16.3,25.6,0.0,0.9,1.0,0.9
1,2021-10-31,18.3,15.1,18.2,26.6,0.0,0.3,3.0,0.3
1,2021-11-01,20.8,14.1,15.9,22.3,0.0,0.0,0.0,0.0
1,2021-11-02,20.9,15.3,21.7,29.9,0.0,0.0,0.0,0.0
1,2021-11-03,20.6,14.5,24.5,33.8,0.0,0.0,0.0,0.0
1,2021-11-04,19.9,12.2,23.5,32.8,0.0,0.0,0.0,0.0
1,2021-11-05,19.6,13.4,21.7,30.6,0.0,0.0,0.0,0.0
1,2021-11-06,17.7,10.8,15.1,23.0,0.0,1.3,5.0,1.3
1,2021-11-07,18.9,14.8,16.0,23.8,0.0,0.4,2.0,0.4
1,2021-11-08,21.3,14.3,37.2,47.5,0.0,0.0,0.0,0.0
1,2021-11-09,19.5,14.8,36.6,49.3,0.0,38.6,9.0,38.6
1,2021-11-10,16.9,12.9,30.4,44.6,0.0,0.0,0.0,0.0
1,2021-11-11,17.1,12.9,26.1,36.0,0.0,0.0,0.0,0.0
1,2021-11-12,16.1,10.9,19.7,28.8,0.0,0.2,2.0,0.2
1,2021-11-13,15.4,8.7,12.2,23.0,0.0,0.0,0.0,0.0
1,2021-11-14,16.3,10.6,14.4,24.5,0.0,0.0,0.0,0.0
1,2021-11-15,18.6,9.9,20.0,27.4,0.0,0.0,0.0,0.0
1,2021-11-16,18.1,11.0,20.6,28.8,0.0,0.0,0.0,0.0
1,2021-11-17,17.6,10.3,17.1,24.5,0.0,0.0,0.0,0.0
1,2021-11-18,16.6,10.9,15.5,23.8,0.0,0.0,0.0,0.0
1,2021-11-19,16.6,10.2,18.3,28.4,0.0,0.0,0.0,0.0
1,2021-11-20,19.1,10.9,18.4,26.3,0.0,0.0,0.0,0.0
1,2021-11-21,17.0,9.9,16.3,26.3,0.0,1.0,3.0,1.0
1,2021-11-22,19.3,13.4,36.1,50.0,0.0,21.1,14.0,21.1
1,2021-11-23,13.6,10.6,29.3,46.4,0.0,0.0,0.0,0.0
1,2021-11-24,12.9,9.6,27.9,39.2,0.0,0.4,3.0,0.4
1,2021-11-25,16.3,9.1,20.9,31.3,0.0,0.0,0.0,0.0
1,2021-11-26,15.8,9.9,23.2,36.4,0.0,0.0,0.0,0.0
1,2021-11-27,11.3,8.3,31.1,49.0,0.0,0.3,3.0,0.3
1,2021-11-28,13.8,7.9,22.4,32.0,0.0,0.0,0.0,0.0
1,2021-11-29,12.4,5.8,15.1,24.8,0.0,0.0,0.0,0.0
1,2021-11-30,19.0,7.3,42.3,61.6,0.0,0.1,1.0,0.1
1,2021-12-01,17.6,8.6,38.3,59.0,0.0,32.0,7.0,32.0
1,2021-12-02,11.9,7.0,23.5,34.9,0.0,0.0,0.0,0.0
1,2021-12-03,13.0,6.2,17.1,25.2,0.0,0.0,0.0,0.0
1,2021-12-04,11.9,7.0,26.5,38.9,0.0,0.1,1.0,0.1
1,2021-12-05,12.0,6.4,24.8,38.2,0.0,0.0,0.0,0.0
1,2021-12-06,13.3,10.1,15.2,22.7,0.0,1.9,10.0,1.9
1,2021-12-07,13.9,11.6,20.9,32.0,0.0,39.4,21.0,39.4
1,2021-12-08,14.6,12.0,37.8,52.2,0.0,0.8,5.0,0.8
1,2021-12-09,15.2,10.9,25.9,36.7,0.0,0.0,0.0,0.0
1,2021-12-10,13.5,9.2,13.7,22.0,0.0,0.0,0.0,0.0
1,2021-12-11,16.0,7.9,14.0,19.1,0.0,0.0,0.0,0.0
1,2021-12-12,15.6,9.3,27.4,38.2,0.0,0.2,2.0,0.2
1,2021-12-13,12.0,7.2,33.3,46.4,0.0,0.0,0.0,0.0
1,2021-12-14,11.6,4.8,17.2,26.6,0.0,0.0,0.0,0.0
1,2021-12-15,13.8,5.4,20.9,29.2,0.0,0.0,0.0,0.0
1,2021-12-16,13.2,6.6,14.4,22.7,0.0,1.1,2.0,1.1
1,2021-12-17,13.5,4.8,47.3,65.5,0.07,20.3,20.0,20.4
1,2021-12-18,6.7,3.4,45.3,64.8,0.42,2.7,15.0,3.3
1,2021-12-19,9.5,3.4,26.5,40.0,0.0,0.1,1.0,0.1
1,2021-12-20,11.7,5.2,21.0,31.7,0.0,0.0,0.0,0.0
1,2021-12-21,14.1,6.2,20.2,27.4,0.0,0.0,0.0,0.0
1,2021-12-22,13.4,7.4,29.0,41.0,0.0,0.0,0.0,0.0
1,2021-12-23,12.3,6.3,22.1,32.0,0.0,0.0,0.0,0.0
1,2021-12-24,12.8,6.8,12.5,19.8,0.0,4.1,6.0,4.1
1,2021-12-25,12.6,5.0,37.4,53.3,0.0,4.1,5.0,4.1
1,2021-12-26,4.3,2.3,37.0,54.4,2.24,0.3,18.0,3.5
1,2021-12-27,5.9,1.6,31.7,45.0,1.05,1.0,16.0,2.4
1,2021-12-28,6.8,3.9,30.7,45.0,0.0,1.4,6.0,1.4
1,2021-12-29,8.6,3.5,14.6,22.7,0.0,0.1,1.0,0.1
1,2021-12-30,10.0,5.4,38.2,51.8,0.0,0.2,2.0,0.2
1,2021-12-31,5.4,2.7,36.5,55.8,0.98,1.2,14.0,2.6
1,2022-01-01,5.0,2.2,31.7,45.7,0.14,0.0,2.0,0.2
1,2022-01-02,8.3,-0.8,16.6,24.5,0.0,0.0,0.0,0.0
1,2022-01-03,9.6,3.5,19.1,28.4,0.0,0.0,0.0,0.0
1,2022-01-04,8.3,3.5,28.0,40.3,0.0,0.0,0.0,0.0
1,2022-01-05,6.3,2.9,29.1,41.8,0.0,0.0,0.0,0.0
1,2022-01-06,7.0,3.2,13.9,23.4,0.0,0.2,2.0,0.2
1,2022-01-07,6.8,3.3,34.6,48.6,0.0,0.0,0.0,0.0
1,2022-01-08,9.4,2.4,13.3,23.8,0.0,0.0,0.0,0.0
1,2022-01-09,11.2,2.8,19.6,27.4,0.0,0.0,0.0,0.0
1,2022-01-10,12.7,4.9,13.2,20.9,0.0,0.0,0.0,0.0
1,2022-01-11,9.8,5.9,35.9,50.4,0.0,7.2,8.0,7.2
1,2022-01-12,5.9,3.0,35.6,50.4,0.63,1.7,15.0,2.6
1,2022-01-13,7.9,3.8,38.4,58.3,0.0,0.0,0.0,0.0
1,2022-01-14,5.7,2.2,34.9,54.4,1.75,1.1,15.0,3.6
1,2022-01-15,8.4,3.2,20.5,29.5,0.0,0.0,0.0,0.0
1,2022-01-16,10.6,2.2,16.7,23.4,0.0,0.0,0.0,0.0
1,2022-01-17,9.7,4.9,34.2,47.9,0.0,0.1,1.0,0.1
1,2022-01-18,5.7,3.3,37.5,54.4,0.14,1.0,9.0,1.2
1,2022-01-19,7.0,2.4,19.6,31.7,0.0,0.0,0.0,0.0
1,2022-01-20,6.8,1.4,37.8,54.0,0.0,0.0,0.0,0.0
1,2022-01-21,5.6,2.0,38.2,54.7,0.0,0.0,0.0,0.0
1,2022-01-22,7.8,1.6,18.6,29.5,0.0,0.0,0.0,0.0
1,2022-01-23,6.6,1.6,24.6,36.0,0.0,14.9,11.0,14.9
1,2022-01-24,9.2,3.6,31.3,42.8,0.0,0.5,2.0,0.5
1,2022-01-25,10.1,1.7,12.9,20.9,0.0,0.0,0.0,0.0
1,2022-01-26,11.2,4.4,22.7,29.9,0.0,0.0,0.0,0.0
1,2022-01-27,8.9,5.9,29.9,41.0,0.0,0.0,0.0,0.0
1,2022-01-28,9.4,5.3,25.1,34.2,0.0,0.0,0.0,0.0
1,2022-01-29,9.9,3.7,26.2,35.3,0.0,0.0,0.0,0.0
1,2022-01-30,8.6,5.0,21.7,30.2,0.0,0.0,0.0,0.0
1,2022-01-31,8.1,2.4,30.0,42.8,0.0,0.0,0.0,0.0
1,2022-02-01,10.3,4.1,27.6,37.4,0.0,0.0,0.0,0.0
1,2022-02-02,8.6,4.5,31.9,46.1,0.0,0.1,1.0,0.1
1,2022-02-03,8.6,3.5,32.6,45.0,0.0,0.0,0.0,0.0
1,2022-02-04,7.8,4.4,24.8,34.2,0.0,0.2,1.0,0.2
1,2022-02-05,5.2,2.9,38.0,54.0,0.21,0.1,3.0,0.4
1,2022-02-06,5.3,1.5,36.2,52.2,0.0,0.3,3.0,0.3
1,2022-02-07,6.3,2.3,26.2,37.8,0.0,0.1,1.0,0.1
1,2022-02-08,9.6,4.1,19.0,26.6,0.0,0.0,0.0,0.0
1,2022-02-09,10.3,3.2,19.1,28.1,0.0,0.0,0.0,0.0
1,2022-02-10,6.4,2.7,18.4,26.3,0.0,12.5,16.0,12.5
1,2022-02-11,10.3,3.6,31.6,42.5,0.0,0.0,0.0,0.0
1,2022-02-12,11.4,2.6,18.9,25.2,0.0,0.0,0.0,0.0
1,2022-02-13,8.8,2.8,21.8,30.6,0.07,7.4,11.0,7.5
1,2022-02-14,10.0,4.8,20.1,26.6,0.0,0.1,1.0,0.1
1,2022-02-15,12.0,4.9,23.9,30.6,0.0,0.3,1.0,0.3
1,2022-02-16,7.0,3.8,31.4,43.6,0.0,0.1,1.0,0.1
1,2022-02-17,4.4,0.9,36.4,55.4,0.07,0.0,1.0,0.1
1,2022-02-18,8.2,2.3,27.3,38.2,0.0,0.0,0.0,0.0
1,2022-02-19,9.2,1.8,26.4,35.6,0.0,11.7,9.0,11.7
1,2022-02-20,7.7,3.2,42.0,57.6,0.0,1.6,5.0,1.6
1,2022-02-21,5.4,1.6,32.4,47.5,0.84,0.6,8.0,1.8
1,2022-02-22,6.7,1.2,35.4,49.3,0.0,0.4,4.0,0.4
1,2022-02-23,5.9,2.7,28.8,40.3,0.0,0.0,0.0,0.0
1,2022-02-24,6.1,2.2,29.9,41.8,0.0,0.0,0.0,0.0
1,2022-02-25,9.2,0.7,30.7,41.0,0.0,0.0,0.0,0.0
1,2022-02-26,11.0,2.2,16.3,22.7,0.0,0.0,0.0,0.0
1,2022-02-27,10.3,5.0,34.0,45.0,0.0,0.0,0.0,0.0
1,2022-02-28,12.4,3.2,18.9,23.8,0.0,0.0,0.0,0.0
1,2022-03-01,10.1,5.1,18.9,28.8,0.0,7.5,7.0,7.5
1,2022-03-02,12.2,7.8,24.4,33.1,0.0,0.0,0.0,0.0
1,2022-03-03,11.7,4.8,29.3,38.2,0.0,0.0,0.0,0.0
1,2022-03-04,10.8,5.1,20.0,28.1,0.0,0.0,0.0,0.0
1,2022-03-05,14.0,4.3,32.5,44.6,0.0,0.1,1.0,0.1
1,2022-03-06,8.1,5.3,39.3,53.6,0.0,0.0,0.0,0.0
1,2022-03-07,8.7,4.6,26.5,39.6,0.0,0.0,0.0,0.0
1,2022-03-08,11.0,2.1,27.5,36.7,0.0,0.0,0.0,0.0
1,2022-03-09,11.4,3.1,19.3,25.6,0.0,0.0,0.0,0.0
1,2022-03-10,12.3,2.9,13.5,19.8,0.0,0.0,0.0,0.0
1,2022-03-11,11.7,4.6,15.0,22.7,0.0,0.0,0.0,0.0
1,2022-03-12,17.9,6.3,16.3,19.4,0.0,0.0,0.0,0.0
1,2022-03-13,16.5,9.4,13.9,18.0,0.0,0.0,0.0,0.0
1,2022-03-14,19.1,10.7,16.0,25.2,0.0,4.2,5.0,4.2
1,2022-03-15,14.4,9.2,25.1,30.2,0.0,2.8,2.0,2.8
1,2022-03-16,15.8,7.1,26.6,34.2,0.0,0.0,0.0,0.0
1,2022-03-17,14.8,9.6,20.2,25.9,0.0,0.0,0.0,0.0
1,2022-03-18,12.6,10.2,21.5,29.2,0.0,31.9,16.0,31.9
1,2022-03-19,12.3,8.2,34.4,45.0,0.0,1.9,5.0,1.9
1,2022-03-20,11.8,6.8,28.6,40.0,0.0,0.0,0.0,0.0
1,2022-03-21,13.3,7.2,22.3,28.4,0.0,0.0,0.0,0.0
1,2022-03-22,9.1,5.5,20.2,29.5,0.0,14.1,14.0,14.1
1,2022-03-23,11.0,4.5,16.7,23.4,0.0,0.8,5.0,0.8
1,2022-03-24,14.3,7.3,26.8,33.8,0.0,0.0,0.0,0.0
1,2022-03-25,13.4,6.2,18.5,23.0,0.0,0.0,0.0,0.0
1,2022-03-26,15.6,12.4,43.6,59.4,0.0,25.9,13.0,25.9
1,2022-03-27,15.3,10.8,32.2,42.1,0.0,0.0,0.0,0.0
1,2022-03-28,13.1,8.9,28.9,37.4,0.0,0.0,0.0,0.0
1,2022-03-29,14.1,8.5,14.2,18.0,0.0,0.0,0.0,0.0
1,2022-03-30,15.2,11.3,12.2,16.2,0.0,0.1,1.0,0.1
1,2022-03-31,15.7,11.0,33.8,46.1,0.0,0.4,2.0,0.4
1,2022-04-01,13.0,7.3,35.1,48.2,0.0,2.1,5.0,2.1
1,2022-04-02,12.6,5.6,22.1,32.4,0.0,1.0,4.0,1.0
1,2022-04-03,11.9,10.0,15.8,21.6,0.0,6.5,17.0,6.5
1,2022-04-04,15.6,10.2,30.3,38.9,0.0,1.8,9.0,1.8
1,2022-04-05,15.4,9.6,22.2,29.9,0.0,0.0,0.0,0.0
1,2022-04-06,14.6,10.9,17.1,22.7,0.0,0.0,0.0,0.0
1,2022-04-07,16.3,9.9,25.8,33.1,0.0,0.0,0.0,0.0
1,2022-04-08,16.8,11.6,23.5,30.6,0.0,0.0,0.0,0.0
1,2022-04-09,16.7,9.9,15.0,22.0,0.0,0.0,0.0,0.0
1,2022-04-10,17.9,12.0,16.2,19.1,0.0,0.0,0.0,0.0
1,2022-04-11,18.5,13.7,24.8,31.0,0.0,0.0,0.0,0.0
1,2022-04-12,18.1,13.1,14.3,18.4,0.0,0.0,0.0,0.0
1,2022-04-13,20.2,15.9,16.2,20.2,0.0,0.0,0.0,0.0
1,2022-04-14,19.4,16.1,32.4,40.7,0.0,22.8,15.0,22.8
1,2022-04-15,17.2,14.3,29.4,38.2,0.0,8.2,17.0,8.2
1,2022-04-16,17.7,11.0,42.3,54.4,0.0,0.0,0.0,0.0
1,2022-04-17,15.1,9.8,13.3,20.9,0.0,0.4,3.0,0.4
1,2022-04-18,15.3,13.5,18.6,25.6,0.0,9.1,13.0,9.1
1,2022-04-19,19.5,12.1,23.1,28.4,0.0,0.0,0.0,0.0
1,2022-04-20,17.8,10.4,24.2,29.9,0.0,0.0,0.0,0.0
1,2022-04-21,17.8,12.8,29.6,37.8,0.0,41.0,10.0,41.0
1,2022-04-22,21.6,14.0,13.1,17.3,0.0,1.3,3.0,1.3
1,2022-04-23,21.0,13.4,23.2,28.1,0.0,0.0,0.0,0.0
1,2022-04-24,17.8,15.3,11.9,15.8,0.0,15.7,12.0,15.7
1,2022-04-25,19.2,14.4,16.3,19.4,0.0,0.0,0.0,0.0
1,2022-04-26,20.1,17.2,37.3,49.3,0.0,9.5,13.0,9.5
1,2022-04-27,21.1,15.6,21.3,34.6,0.0,8.4,8.0,8.4
1,2022-04-28,18.5,13.7,20.6,25.9,0.0,0.0,0.0,0.0
1,2022-04-29,17.6,12.6,40.6,55.1,0.0,51.5,9.0,51.5
1,2022-04-30,17.2,11.4,32.7,47.5,0.0,2.9,7.0,2.9
1,2022-05-01,16.3,13.3,30.2,40.3,0.0,21.7,15.0,21.7
1,2022-05-02,18.7,11.3,28.0,36.4,0.0,0.3,1.0,0.3
1,2022-05-03,18.2,11.3,18.1,24.8,0.0,0.0,0.0,0.0
1,2022-05-04,18.8,11.0,14.8,20.2,0.0,0.0,0.0,0.0
1,2022-05-05,19.4,13.7,18.0,22.0,0.0,0.0,0.0,0.0
1,2022-05-06,19.2,14.8,23.5,28.8,0.0,0.0,0.0,0.0
1,2022-05-07,19.9,14.4,20.0,27.7,0.0,0.0,0.0,0.0
1,2022-05-08,19.8,14.5,28.1,36.7,0.0,0.0,0.0,0.0
1,2022-05-09,16.9,13.1,24.2,33.8,0.0,5.6,7.0,5.6
1,2022-05-10,19.0,12.5,18.8,25.2,0.0,0.0,0.0,0.0
1,2022-05-11,20.3,15.9,17.1,22.0,0.0,0.0,0.0,0.0
1,2022-05-12,19.9,16.4,26.1,33.8,0.0,15.5,17.0,15.5
1,2022-05-13,20.5,18.1,20.5,33.1,0.0,27.9,22.0,27.9
1,2022-05-14,20.9,16.0,32.2,43.9,0.0,15.0,7.0,15.0
1,2022-05-15,19.2,15.7,20.2,29.9,0.0,0.0,0.0,0.0
1,2022-05-16,18.6,14.3,13.8,20.2,0.0,0.0,0.0,0.0
1,2022-05-17,18.9,15.7,13.9,19.8,0.0,0.0,0.0,0.0
1,2022-05-18,21.7,14.3,21.0,27.7,0.0,0.0,0.0,0.0
1,2022-05-19,20.2,15.4,15.0,21.6,0.0,0.0,0.0,0.0
1,2022-05-20,22.5,16.4,12.0,18.0,0.0,0.0,0.0,0.0
1,2022-05-21,20.4,17.2,16.5,24.5,0.0,6.4,12.0,6.4
1,2022-05-22,23.9,17.2,16.8,20.5,0.0,0.9,3.0,0.9
1,2022-05-23,22.8,17.5,21.3,32.8,0.0,4.2,1.0,4.2
1,2022-05-24,22.1,17.5,25.0,33.1,0.0,0.0,0.0,0.0
1,2022-05-25,22.0,18.8,22.1,27.7,0.0,0.0,0.0,0.0
1,2022-05-26,21.3,18.9,36.4,50.8,0.0,36.0,18.0,36.0
1,2022-05-27,23.7,20.3,52.6,74.2,0.0,40.4,12.0,40.4
1,2022-05-28,24.1,18.0,23.1,28.4,0.0,0.0,0.0,0.0
1,2022-05-29,24.0,17.0,15.9,20.9,0.0,0.0,0.0,0.0
1,2022-05-30,23.3,18.8,31.9,42.1,0.0,3.6,3.0,3.6
1,2022-05-31,24.0,18.7,28.3,37.8,0.0,6.7,10.0,6.7
1,2022-06-01,22.8,16.9,18.7,28.1,0.0,0.0,0.0,0.0
1,2022-06-02,22.9,18.1,19.3,24.8,0.0,0.0,0.0,0.0
1,2022-06-03,24.5,18.5,22.1,28.4,0.0,0.0,0.0,0.0
1,2022-06-04,22.3,17.6,22.5,29.2,0.0,0.0,0.0,0.0
1,2022-06-05,23.2,19.3,24.0,29.9,0.0,2.4,5.0,2.4
1,2022-06-06,21.4,19.0,39.1,56.5,0.0,43.4,17.0,43.4
1,2022-06-07,21.4,18.0,31.1,41.8,0.0,0.3,1.0,0.3
1,2022-06-08,22.0,17.1,16.9,23.8,0.0,0.5,5.0,0.5
1,2022-06-09,23.1,17.3,21.3,32.4,0.0,2.8,3.0,2.8
1,2022-06-10,23.0,18.5,22.0,28.8,0.0,2.3,9.0,2.3
1,2022-06-11,22.2,19.9,15.5,22.7,0.0,3.3,16.0,3.3
1,2022-06-12,24.8,19.1,34.2,45.7,0.0,0.5,3.0,0.5
1,2022-06-13,23.7,17.4,25.5,36.4,0.0,0.5,2.0,0.5
1,2022-06-14,21.1,19.1,35.2,47.5,0.0,13.4,23.0,13.4
1,2022-06-15,20.9,18.7,18.4,27.7,0.0,2.9,10.0,2.9
1,2022-06-16,23.4,19.8,15.9,20.9,0.0,0.2,2.0,0.2
1,2022-06-17,24.3,20.1,16.2,22.3,0.0,0.0,0.0,0.0
1,2022-06-18,23.5,21.8,23.7,30.6,0.0,1.3,10.0,1.3
1,2022-06-19,24.4,20.6,18.8,23.0,0.0,0.0,0.0,0.0
1,2022-06-20,24.5,22.1,15.3,20.2,0.0,0.0,0.0,0.0
1,2022-06-21,23.4,22.6,31.9,50.4,0.0,50.0,15.0,50.0
1,2022-06-22,24.1,22.0,11.7,18.7,0.0,45.1,17.0,45.1
1,2022-06-23,24.9,22.5,20.6,25.6,0.0,0.1,1.0,0.1
1,2022-06-24,26.7,24.0,22.2,29.2,0.0,0.3,2.0,0.3
1,2022-06-25,27.2,24.0,18.2,23.0,0.0,0.1,1.0,0.1
1,2022-06-26,26.4,24.0,12.6,15.8,0.0,0.7,4.0,0.7
1,2022-06-27,28.5,23.4,21.9,31.0,0.0,0.0,0.0,0.0
1,2022-06-28,28.6,25.3,18.1,22.0,0.0,0.0,0.0,0.0
1,2022-06-29,29.0,24.7,18.0,22.3,0.0,0.0,0.0,0.0
1,2022-06-30,30.1,24.7,18.8,22.7,0.0,0.0,0.0,0.0
1,2022-07-01,30.0,25.4,20.9,25.9,0.0,0.0,0.0,0.0
1,2022-07-02,28.7,25.6,28.2,35.6,0.0,0.0,0.0,0.0
1,2022-07-03,27.0,25.3,24.2,34.9,0.0,19.1,20.0,19.1
1,2022-07-04,26.6,24.6,17.4,24.5,0.0,18.0,15.0,18.0
1,2022-07-05,27.3,25.0,25.0,37.8,0.0,29.0,20.0,29.0
1,2022-07-06,30.5,24.7,19.2,24.5,0.0,0.0,0.0,0.0
1,2022-07-07,27.8,25.2,23.4,31.0,0.0,1.3,8.0,1.3
1,2022-07-08,28.2,24.9,20.0,27.4,0.0,0.4,3.0,0.4
1,2022-07-09,28.5,24.4,20.6,28.1,0.0,29.2,17.0,29.2
1,2022-07-10,27.7,23.8,25.0,33.1,0.0,62.5,13.0,62.5
1,2022-07-11,28.8,25.5,18.0,22.7,0.0,0.6,5.0,0.6
1,2022-07-12,27.1,24.8,15.9,22.7,0.0,13.7,17.0,13.7
1,2022-07-13,28.9,24.3,12.5,16.6,0.0,0.3,3.0,0.3
1,2022-07-14,27.3,25.4,27.8,36.4,0.0,16.7,19.0,16.7
1,2022-07-15,26.7,24.7,28.8,40.0,0.0,13.7,16.0,13.7
1,2022-07-16,26.0,23.4,27.1,40.0,0.0,15.3,15.0,15.3
1,2022-07-17,27.9,23.6,28.2,39.2,0.0,4.3,6.0,4.3
1,2022-07-18,28.5,24.4,14.3,19.1,0.0,0.9,6.0,0.9
1,2022-07-19,27.9,26.2,16.4,28.8,0.0,32.5,21.0,32.5
1,2022-07-20,29.8,25.7,16.9,21.2,0.0,0.0,0.0,0.0
1,2022-07-21,28.6,24.4,19.4,25.6,0.0,8.5,5.0,8.5
1,2022-07-22,29.2,25.1,15.7,24.1,0.0,5.0,11.0,5.0
1,2022-07-23,28.7,24.5,29.5,38.5,0.0,0.0,0.0,0.0
1,2022-07-24,28.6,22.9,16.5,21.2,0.0,0.0,0.0,0.0
1,2022-07-25,28.8,26.2,20.8,25.9,0.0,0.2,2.0,0.2
1,2022-07-26,29.4,25.3,27.3,39.6,0.0,4.7,8.0,4.7
1,2022-07-27,29.3,25.2,22.9,32.0,0.0,24.6,10.0,24.6
1,2022-07-28,28.9,25.7,20.0,25.2,0.0,1.6,11.0,1.6
1,2022-07-29,28.8,26.5,21.1,26.3,0.0,2.7,11.0,2.7
1,2022-07-30,29.3,26.7,23.5,29.5,0.0,3.1,8.0,3.1
1,2022-07-31,30.0,26.6,12.4,20.5,0.0,0.2,1.0,0.2
1,2022-08-01,30.3,27.4,16.6,20.5,0.0,0.0,0.0,0.0
1,2022-08-02,31.2,27.2,13.0,17.3,0.0,0.0,0.0,0.0
1,2022-08-03,32.3,27.0,17.8,23.4,0.0,0.1,1.0,0.1
1,2022-08-04,30.5,26.8,15.5,21.2,0.0,4.4,6.0,4.4
1,2022-08-05,28.2,24.0,22.7,30.6,0.0,11.0,13.0,11.0
1,2022-08-06,28.4,25.4,24.2,36.0,0.0,22.7,23.0,22.7
1,2022-08-07,29.2,25.1,19.7,26.6,0.0,8.5,10.0,8.5
1,2022-08-08,30.0,25.5,21.9,30.6,0.0,4.0,10.0,4.0
1,2022-08-09,30.6,25.0,23.0,38.9,0.0,2.2,4.0,2.2
1,2022-08-10,30.3,24.8,22.8,33.1,0.0,1.8,4.0,1.8
1,2022-08-11,29.8,27.1,30.0,38.9,0.0,8.3,11.0,8.3
1,2022-08-12,29.0,24.6,25.9,33.8,0.0,28.8,19.0,28.8
1,2022-08-13,30.8,25.6,26.2,34.6,0.0,21.8,13.0,21.8
1,2022-08-14,29.1,25.4,12.3,19.4,0.0,11.8,14.0,11.8
1,2022-08-15,29.6,26.1,19.2,34.6,0.0,1.3,5.0,1.3
1,2022-08-16,31.3,25.7,18.2,38.2,0.0,1.7,6.0,1.7
1,2022-08-17,28.7,26.3,10.3,24.1,0.0,12.5,18.0,12.5
1,2022-08-18,30.1,25.7,20.6,34.9,0.0,12.5,7.0,12.5
1,2022-08-19,29.8,24.8,15.3,22.3,0.0,0.0,0.0,0.0
1,2022-08-20,28.8,26.1,12.8,17.3,0.0,3.8,8.0,3.8
1,2022-08-21,28.7,25.9,22.1,30.2,0.0,26.4,12.0,26.4
1,2022-08-22,28.6,25.4,31.3,40.7,0.0,0.5,2.0,0.5
1,2022-08-23,29.2,26.6,21.8,29.2,0.0,2.7,10.0,2.7
1,2022-08-24,30.0,26.2,13.7,18.0,0.0,0.1,1.0,0.1
1,2022-08-25,28.9,26.2,24.3,31.7,0.0,11.5,16.0,11.5
1,2022-08-26,29.3,25.7,12.2,16.6,0.0,0.0,0.0,0.0
1,2022-08-27,28.8,25.0,20.9,27.7,0.0,4.2,10.0,4.2
1,2022-08-28,29.8,24.1,26.7,35.6,0.0,2.8,4.0,2.8
1,2022-08-29,27.2,22.3,19.9,27.4,0.0,0.0,0.0,0.0
1,2022-08-30,28.0,24.1,23.7,36.7,0.0,43.0,18.0,43.0
1,2022-08-31,28.8,25.2,32.3,41.0,0.0,7.1,9.0,7.1
1,2022-09-01,28.4,24.7,22.3,34.6,0.0,20.7,18.0,20.7
1,2022-09-02,28.0,24.7,22.2,29.2,0.0,30.6,14.0,30.6
1,2022-09-03,26.9,23.6,18.4,27.4,0.0,31.1,14.0,31.1
1,2022-09-04,27.9,25.0,24.0,31.7,0.0,1.1,8.0,1.1
1,2022-09-05,28.9,26.3,34.0,45.4,0.0,5.1,14.0,5.1
1,2022-09-06,29.5,25.9,50.1,68.4,0.0,10.6,19.0,10.6
1,2022-09-07,29.5,25.1,21.9,32.4,0.0,2.9,5.0,2.9
1,2022-09-08,26.5,24.8,9.7,17.6,0.0,16.2,11.0,16.2
1,2022-09-09,28.0,24.7,16.3,23.8,0.0,0.1,1.0,0.1
1,2022-09-10,28.1,24.7,15.4,20.5,0.0,0.5,1.0,0.5
1,2022-09-11,27.9,24.4,19.9,25.6,0.0,0.7,2.0,0.7
1,2022-09-12,28.5,24.1,21.3,27.7,0.0,0.0,0.0,0.0
1,2022-09-13,28.8,24.8,16.8,22.0,0.0,0.0,0.0,0.0
1,2022-09-14,29.3,25.3,13.8,19.8,0.0,2.2,3.0,2.2
1,2022-09-15,27.6,25.8,26.0,34.9,0.0,0.3,1.0,0.3
1,2022-09-16,28.0,24.9,27.0,36.0,0.0,0.0,0.0,0.0
1,2022-09-17,29.7,24.2,32.2,47.9,0.0,7.9,3.0,7.9
1,2022-09-18,28.8,26.0,42.7,60.8,0.0,23.9,16.0,23.9
1,2022-09-19,28.9,25.2,60.3,83.9,0.0,50.3,22.0,50.3
1,2022-09-20,27.5,20.1,52.4,74.9,0.0,14.5,8.0,14.5
1,2022-09-21,24.9,19.2,18.8,28.4,0.0,0.0,0.0,0.0
1,2022-09-22,24.1,21.5,18.0,31.7,0.0,2.0,5.0,2.0
1,2022-09-23,24.8,22.7,35.5,51.1,0.0,79.2,21.0,79.2
1,2022-09-24,27.5,20.9,33.0,45.0,0.0,0.1,1.0,0.1
1,2022-09-25,25.6,18.3,18.2,28.4,0.0,0.4,2.0,0.4
1,2022-09-26,26.3,22.7,13.7,20.2,0.0,1.9,7.0,1.9
1,2022-09-27,26.1,23.0,24.5,32.4,0.0,6.8,13.0,6.8
1,2022-09-28,24.8,21.6,13.5,22.0,0.0,3.5,12.0,3.5
1,2022-09-29,24.7,21.8,11.8,18.0,0.0,1.0,4.0,1.0
1,2022-09-30,24.9,19.8,16.2,23.8,0.0,0.1,1.0,0.1
1,2022-10-01,26.1,20.2,15.9,23.4,0.0,0.0,0.0,0.0
1,2022-10-02,24.8,20.0,13.4,20.5,0.0,0.0,0.0,0.0
1,2022-10-03,25.4,22.4,25.5,32.8,0.0,0.9,6.0,0.9
1,2022-10-04,26.2,23.5,20.0,27.7,0.0,0.4,2.0,0.4
1,2022-10-05,24.7,19.3,24.8,33.8,0.0,5.0,8.0,5.0
1,2022-10-06,19.6,17.9,14.7,23.0,0.0,0.0,0.0,0.0
1,2022-10-07,19.0,16.5,27.1,37.8,0.0,23.4,18.0,23.4
1,2022-10-08,22.5,17.5,29.0,39.6,0.0,0.0,0.0,0.0
1,2022-10-09,19.9,16.9,16.6,25.6,0.0,16.6,11.0,16.6
1,2022-10-10,23.8,18.9,24.5,33.8,0.0,10.0,12.0,10.0
1,2022-10-11,21.4,17.2,32.2,43.9,0.0,0.0,0.0,0.0
1,2022-10-12,22.7,17.5,20.1,29.9,0.0,0.0,0.0,0.0
1,2022-10-13,22.5,16.5,15.2,23.0,0.0,0.0,0.0,0.0
1,2022-10-14,24.2,15.9,17.8,23.8,0.0,0.0,0.0,0.0
1,2022-10-15,24.3,18.5,14.5,22.3,0.0,0.0,0.0,0.0
1,2022-10-16,23.2,18.1,15.5,21.2,0.0,0.0,0.0,0.0
1,2022-10-17,22.6,19.9,16.6,22.7,0.0,13.6,20.0,13.6
1,2022-10-18,21.6,16.6,31.9,43.2,0.0,0.0,0.0,0.0
1,2022-10-19,21.7,14.1,24.7,35.6,0.0,0.0,0.0,0.0
1,2022-10-20,20.9,12.1,16.2,25.9,0.0,0.0,0.0,0.0
1,2022-10-21,20.2,13.3,17.2,26.3,0.0,0.0,0.0,0.0
1,2022-10-22,21.1,16.4,15.2,22.7,0.0,0.0,0.0,0.0
1,2022-10-23,22.8,16.8,24.4,33.1,0.0,0.3,1.0,0.3
1,2022-10-24,20.0,15.1,22.6,32.0,0.0,0.7,1.0,0.7
1,2022-10-25,19.1,12.8,18.9,29.2,0.0,0.4,1.0,0.4
1,2022-10-26,19.5,11.0,19.2,29.2,0.0,0.0,0.0,0.0
1,2022-10-27,17.9,11.1,16.4,24.5,0.0,0.0,0.0,0.0
1,2022-10-28,20.5,12.9,19.4,28.4,0.0,0.0,0.0,0.0
1,2022-10-29,19.1,13.9,28.6,39.2,0.0,0.0,0.0,0.0
1,2022-10-30,19.5,12.7,19.5,29.5,0.0,0.0,0.0,0.0
1,2022-10-31,19.6,12.1,20.6,32.4,0.0,0.2,2.0,0.2
1,2022-11-01,17.7,14.6,15.5,24.5,0.0,12.5,16.0,12.5
1,2022-11-02,21.9,14.8,15.5,23.0,0.0,0.6,2.0,0.6
1,2022-11-03,20.3,12.7,16.0,23.0,0.0,0.0,0.0,0.0
1,2022-11-04,19.9,13.9,24.3,33.8,0.0,0.0,0.0,0.0
1,2022-11-05,19.0,11.3,18.7,27.4,0.0,0.0,0.0,0.0
1,2022-11-06,18.1,12.1,21.2,29.9,0.0,0.0,0.0,0.0
1,2022-11-07,17.7,10.2,15.1,23.8,0.0,0.0,0.0,0.0
1,2022-11-08,18.9,11.5,26.5,36.0,0.0,0.0,0.0,0.0
1,2022-11-09,18.6,10.5,13.3,22.0,0.0,0.0,0.0,0.0
1,2022-11-10,18.4,11.1,17.1,27.0,0.0,0.0,0.0,0.0
1,2022-11-11,18.9,11.9,14.2,22.3,0.0,0.0,0.0,0.0
1,2022-11-12,19.3,13.1,15.8,23.8,0.0,0.0,0.0,0.0
1,2022-11-13,19.9,15.0,37.8,49.7,0.0,10.1,8.0,10.1
1,2022-11-14,17.3,13.7,38.4,53.3,0.0,0.0,0.0,0.0
1,2022-11-15,17.8,13.1,27.5,38.5,0.0,0.0,0.0,0.0
1,2022-11-16,15.6,12.1,16.6,25.9,0.0,0.0,0.0,0.0
1,2022-11-17,16.3,9.8,13.8,22.0,0.0,0.0,0.0,0.0
1,2022-11-18,17.9,9.4,16.8,24.5,0.0,0.0,0.0,0.0
1,2022-11-19,17.8,11.2,15.5,23.8,0.0,0.0,0.0,0.0
1,2022-11-20,16.1,13.2,16.1,25.6,0.0,3.6,9.0,3.6
1,2022-11-21,19.8,13.9,21.7,30.6,0.0,21.8,10.0,21.8
1,2022-11-22,19.8,14.9,18.3,25.9,0.0,0.0,0.0,0.0
1,2022-11-23,16.5,14.6,14.8,33.1,0.0,32.9,19.0,32.9
1,2022-11-24,18.2,14.4,28.8,40.0,0.0,0.0,0.0,0.0
1,2022-11-25,16.7,11.7,23.5,33.1,0.0,0.0,0.0,0.0
1,2022-11-26,17.4,13.5,18.2,27.0,0.0,0.0,0.0,0.0
1,2022-11-27,17.0,11.6,25.2,35.6,0.0,0.0,0.0,0.0
1,2022-11-28,18.6,11.0,31.8,43.2,0.0,6.2,8.0,6.2
1,2022-11-29,20.0,17.9,36.2,50.8,0.0,23.7,22.0,23.7
1,2022-11-30,18.8,11.7,37.5,49.3,0.0,0.2,1.0,0.2
1,2022-12-01,12.4,9.7,29.8,45.7,0.0,0.0,0.0,0.0
1,2022-12-02,10.1,8.4,28.2,42.1,0.0,0.0,0.0,0.0
1,2022-12-03,13.1,6.3,16.3,26.6,0.0,0.0,0.0,0.0
1,2022-12-04,13.8,8.1,27.5,39.2,0.0,0.0,0.0,0.0
1,2022-12-05,13.7,9.9,19.6,28.1,0.0,0.9,4.0,0.9
1,2022-12-06,12.9,9.5,26.2,37.4,0.0,0.1,1.0,0.1
1,2022-12-07,12.8,7.5,22.3,31.7,0.0,0.0,0.0,0.0
1,2022-12-08,14.2,6.9,32.7,43.2,0.0,0.0,0.0,0.0
1,2022-12-09,13.4,7.0,14.8,24.1,0.0,0.0,0.0,0.0
1,2022-12-10,14.9,7.7,17.7,27.4,0.0,0.0,0.0,0.0
1,2022-12-11,15.5,9.5,26.5,37.8,0.0,0.4,2.0,0.4
1,2022-12-12,12.9,8.0,24.0,37.4,0.0,0.6,2.0,0.6
1,2022-12-13,14.9,10.3,25.1,37.4,0.0,8.0,7.0,8.0
1,2022-12-14,11.9,5.7,36.4,51.8,0.0,0.9,5.0,0.9
1,2022-12-15,9.5,4.5,31.7,46.4,0.0,0.1,1.0,0.1
1,2022-12-16,10.8,6.6,23.8,34.6,0.0,0.0,0.0,0.0
1,2022-12-17,9.1,7.7,23.2,31.7,0.0,6.1,12.0,6.1
1,2022-12-18,7.3,3.4,33.8,50.8,0.63,0.3,6.0,1.2
1,2022-12-19,8.0,2.3,30.1,42.5,0.0,0.0,0.0,0.0
1,2022-12-20,9.1,3.4,25.3,36.7,0.0,0.0,0.0,0.0
1,2022-12-21,9.1,3.5,15.9,24.8,0.0,1.8,4.0,1.8
1,2022-12-22,12.3,5.8,33.1,48.2,0.14,22.5,15.0,22.7
1,2022-12-23,5.6,2.6,36.8,53.6,0.21,0.2,5.0,0.5
1,2022-12-24,7.4,2.4,40.0,58.0,0.56,2.8,12.0,3.6
1,2022-12-25,9.2,6.2,29.0,41.8,0.0,0.8,3.0,0.8
1,2022-12-26,8.6,5.5,33.7,47.2,0.0,0.0,0.0,0.0
1,2022-12-27,10.2,6.2,28.5,39.2,0.0,0.0,0.0,0.0
1,2022-12-28,11.1,3.9,15.0,23.8,0.0,0.0,0.0,0.0
1,2022-12-29,10.5,6.2,32.1,43.2,0.0,0.1,1.0,0.1
1,2022-12-30,8.6,6.0,26.4,36.7,0.0,0.0,0.0,0.0
1,2022-12-31,10.6,6.3,20.5,29.2,0.0,0.0,0.0,0.0
1,2023-01-01,11.1,5.0,27.3,38.9,0.0,0.0,0.0,0.0
1,2023-01-02,9.4,5.7,25.3,34.9,0.0,0.0,0.0,0.0
1,2023-01-03,8.8,4.4,25.5,35.3,0.0,0.0,0.0,0.0
1,2023-01-04,8.2,5.3,29.4,43.6,0.0,0.1,1.0,0.1
1,2023-01-05,8.3,4.5,27.5,39.2,0.0,0.0,0.0,0.0
1,2023-01-06,8.2,5.8,18.9,27.7,0.0,0.0,0.0,0.0
1,2023-01-07,10.5,3.9,18.8,26.3,0.0,0.0,0.0,0.0
1,2023-01-08,11.7,5.9,20.2,26.6,0.0,0.0,0.0,0.0
1,2023-01-09,11.5,4.2,14.0,19.4,0.0,0.1,1.0,0.1
1,2023-01-10,9.5,4.6,41.8,57.6,0.0,0.6,2.0,0.6
1,2023-01-11,10.6,3.3,17.0,25.9,0.0,0.0,0.0,0.0
1,2023-01-12,12.8,3.0,14.8,24.1,0.0,0.0,0.0,0.0
1,2023-01-13,12.2,4.8,16.9,25.2,0.0,4.8,7.0,4.8
1,2023-01-14,14.0,9.7,20.0,25.2,0.0,12.5,13.0,12.5
1,2023-01-15,14.4,9.3,22.0,29.2,0.0,1.1,2.0,1.1
1,2023-01-16,11.9,6.1,34.4,48.6,0.0,0.8,4.0,0.8
1,2023-01-17,10.6,3.6,26.7,40.3,0.0,0.0,0.0,0.0
1,2023-01-18,10.3,5.7,31.1,43.6,0.0,0.0,0.0,0.0
1,2023-01-19,11.0,5.0,21.2,29.2,0.0,0.0,0.0,0.0
1,2023-01-20,11.7,4.0,30.6,42.1,0.0,0.1,1.0,0.1
1,2023-01-21,6.7,3.4,31.7,44.6,0.0,0.0,0.0,0.0
1,2023-01-22,8.8,3.3,22.9,31.3,0.0,0.0,0.0,0.0
1,2023-01-23,9.8,5.7,20.6,28.8,0.0,1.7,8.0,1.7
1,2023-01-24,9.1,-0.3,49.3,74.5,0.63,0.7,6.0,1.5
1,2023-01-25,3.0,-1.7,39.5,66.2,1.47,0.0,15.0,2.1
1,2023-01-26,6.2,-0.1,25.6,37.8,0.07,0.0,1.0,0.1
1,2023-01-27,5.5,2.7,28.1,42.8,0.07,7.1,10.0,7.2
1,2023-01-28,5.6,1.5,31.0,45.7,0.0,0.0,0.0,0.0
1,2023-01-29,7.4,1.2,23.5,39.6,0.0,0.0,0.0,0.0
1,2023-01-30,7.7,2.6,29.5,46.4,0.0,1.1,4.0,1.1
1,2023-01-31,6.9,1.3,18.4,27.7,0.0,0.0,0.0,0.0
1,2023-02-01,9.0,1.6,22.9,28.4,0.0,0.3,2.0,0.3
1,2023-02-02,8.3,4.6,33.2,46.8,0.0,0.0,0.0,0.0
1,2023-02-03,7.8,3.5,21.8,31.3,0.0,0.0,0.0,0.0
1,2023-02-04,11.1,3.1,25.7,34.2,0.0,0.0,0.0,0.0
1,2023-02-05,11.2,4.6,18.1,30.2,0.0,0.0,0.0,0.0
1,2023-02-06,11.5,3.0,19.1,27.4,0.0,0.0,0.0,0.0
1,2023-02-07,11.8,6.8,12.9,19.8,0.0,0.0,0.0,0.0
1,2023-02-08,11.2,6.5,32.1,43.9,0.0,0.0,0.0,0.0
1,2023-02-09,9.3,4.4,29.3,42.5,0.0,0.0,0.0,0.0
1,2023-02-10,9.6,4.4,26.8,34.2,0.0,24.2,16.0,24.2
1,2023-02-11,13.2,7.2,27.5,37.1,0.0,0.0,0.0,0.0
1,2023-02-12,13.4,8.8,13.2,17.6,0.0,0.8,5.0,0.8
1,2023-02-13,11.7,7.5,40.8,55.4,0.0,6.0,15.0,6.0
1,2023-02-14,7.3,3.6,43.4,61.2,0.0,0.0,0.0,0.0
1,2023-02-15,4.8,1.4,38.2,54.4,0.0,0.0,0.0,0.0
1,2023-02-16,7.6,2.1,30.5,43.9,0.0,0.0,0.0,0.0
1,2023-02-17,11.5,2.0,17.7,24.8,0.0,0.0,0.0,0.0
1,2023-02-18,10.6,4.5,14.2,21.2,0.0,2.5,9.0,2.5
1,2023-02-19,13.0,7.9,30.1,40.7,0.0,12.5,16.0,12.5
1,2023-02-20,10.1,5.1,37.7,51.1,0.0,0.0,0.0,0.0
1,2023-02-21,6.7,2.5,41.0,58.0,0.0,0.0,0.0,0.0
1,2023-02-22,10.2,2.2,29.3,42.5,0.0,0.0,0.0,0.0
1,2023-02-23,11.6,5.0,16.0,22.7,0.0,0.8,3.0,0.8
1,2023-02-24,8.7,5.6,18.6,24.8,0.0,8.1,8.0,8.1
1,2023-02-25,8.5,4.1,36.9,51.1,0.0,0.0,0.0,0.0
1,2023-02-26,7.7,3.4,38.4,52.9,0.0,0.0,0.0,0.0
1,2023-02-27,11.4,4.6,23.5,33.5,0.0,0.0,0.0,0.0
1,2023-02-28,11.9,4.4,16.6,24.8,0.0,0.0,0.0,0.0
1,2023-03-01,13.0,6.6,18.9,23.8,0.0,0.0,0.0,0.0
1,2023-03-02,11.5,5.6,37.7,50.8,0.0,1.3,6.0,1.3
1,2023-03-03,11.3,4.9,21.6,33.1,0.0,0.0,0.0,0.0
1,2023-03-04,12.9,3.1,23.1,30.2,0.0,0.0,0.0,0.0
1,2023-03-05,10.9,5.1,12.9,20.5,0.0,0.0,0.0,0.0
1,2023-03-06,13.0,5.3,14.5,19.8,0.0,0.0,0.0,0.0
1,2023-03-07,15.0,4.8,13.3,18.4,0.0,0.0,0.0,0.0
1,2023-03-08,13.5,6.4,13.3,18.0,0.0,0.0,0.0,0.0
1,2023-03-09,14.9,8.4,21.2,25.6,0.0,0.0,0.0,0.0
1,2023-03-10,17.1,10.2,22.9,28.1,0.0,0.3,3.0,0.3
1,2023-03-11,15.2,8.0,17.7,21.2,0.0,0.0,0.0,0.0
1,2023-03-12,15.1,11.5,29.6,36.0,0.0,0.5,3.0,0.5
1,2023-03-13,15.1,6.7,34.7,47.2,0.0,10.0,7.0,10.0
1,2023-03-14,13.4,6.3,23.9,34.2,0.0,0.0,0.0,0.0
1,2023-03-15,14.6,6.8,15.2,22.7,0.0,0.0,0.0,0.0
1,2023-03-16,14.2,9.1,14.9,19.4,0.0,0.0,0.0,0.0
1,2023-03-17,14.5,10.6,17.5,22.0,0.0,2.5,3.0,2.5
1,2023-03-18,12.9,9.1,31.8,42.5,0.0,27.4,14.0,27.4
1,2023-03-19,14.4,7.3,20.9,29.5,0.0,0.0,0.0,0.0
1,2023-03-20,14.1,5.4,13.2,20.9,0.0,0.0,0.0,0.0
1,2023-03-21,13.2,9.1,14.0,18.7,0.0,2.4,6.0,2.4
1,2023-03-22,17.0,10.6,18.0,21.2,0.0,0.0,0.0,0.0
1,2023-03-23,17.7,14.5,42.8,56.2,0.0,16.2,13.0,16.2
1,2023-03-24,16.9,13.5,17.0,19.4,0.0,0.2,2.0,0.2
1,2023-03-25,14.8,11.9,14.3,19.1,0.0,9.9,15.0,9.9
1,2023-03-26,13.5,11.2,29.8,40.7,0.0,20.3,22.0,20.3
1,2023-03-27,15.5,9.3,30.0,41.0,0.0,0.0,0.0,0.0
1,2023-03-28,15.6,7.3,21.6,27.7,0.0,0.0,0.0,0.0
1,2023-03-29,15.2,6.5,21.1,27.7,0.0,0.0,0.0,0.0
1,2023-03-30,15.0,7.1,11.5,18.7,0.0,0.0,0.0,0.0
1,2023-03-31,15.4,9.7,15.2,22.0,0.0,0.0,0.0,0.0
1,2023-04-01,17.2,9.9,20.1,24.8,0.0,0.0,0.0,0.0
1,2023-04-02,15.6,11.1,17.9,20.9,0.0,0.0,0.0,0.0
1,2023-04-03,15.0,10.2,21.6,27.4,0.0,0.0,0.0,0.0
1,2023-04-04,16.3,10.2,23.3,29.2,0.0,0.0,0.0,0.0
1,2023-04-05,16.9,11.9,23.2,28.8,0.0,0.5,2.0,0.5
1,2023-04-06,17.6,15.2,34.5,43.9,0.0,2.5,11.0,2.5
1,2023-04-07,17.1,13.9,38.5,52.9,0.0,25.2,18.0,25.2
1,2023-04-08,14.5,9.2,37.7,52.2,0.0,0.1,1.0,0.1
1,2023-04-09,15.5,8.8,22.7,29.9,0.0,0.0,0.0,0.0
1,2023-04-10,16.5,8.4,15.8,24.5,0.0,0.0,0.0,0.0
1,2023-04-11,18.0,11.3,27.5,34.9,0.0,0.0,0.0,0.0
1,2023-04-12,16.5,11.8,26.4,33.5,0.0,0.4,2.0,0.4
1,2023-04-13,16.4,8.2,20.1,27.7,0.0,0.0,0.0,0.0
1,2023-04-14,15.7,10.5,13.7,20.2,0.0,0.2,1.0,0.2
1,2023-04-15,15.1,12.7,18.9,24.1,0.0,25.0,23.0,25.0
1,2023-04-16,17.4,13.1,27.5,34.2,0.0,4.0,7.0,4.0
1,2023-04-17,15.4,11.6,32.3,41.8,0.0,3.4,3.0,3.4
1,2023-04-18,17.1,9.2,25.8,33.1,0.0,0.7,4.0,0.7
1,2023-04-19,18.8,13.1,15.6,23.4,0.0,0.5,4.0,0.5
1,2023-04-20,18.2,14.2,15.1,19.4,0.0,0.0,0.0,0.0
1,2023-04-21,21.3,15.2,31.1,39.6,0.0,0.0,0.0,0.0
1,2023-04-22,18.0,11.4,32.1,41.4,0.0,0.0,0.0,0.0
1,2023-04-23,18.2,9.9,24.0,31.0,0.0,0.0,0.0,0.0
1,2023-04-24,15.3,11.9,25.7,35.6,0.0,0.0,0.0,0.0
1,2023-04-25,16.7,10.1,39.6,59.0,0.0,5.1,12.0,5.1
1,2023-04-26,18.0,13.4,47.1,63.4,0.0,51.2,14.0,51.2
1,2023-04-27,18.9,12.2,21.7,30.6,0.0,0.0,0.0,0.0
1,2023-04-28,18.7,11.7,24.5,30.2,0.0,0.0,0.0,0.0
1,2023-04-29,18.4,13.8,28.6,35.3,0.0,5.9,9.0,5.9
1,2023-04-30,18.7,15.0,35.1,50.4,0.0,13.3,11.0,13.3
1,2023-05-01,20.4,11.4,29.4,40.7,0.0,0.0,0.0,0.0
1,2023-05-02,19.5,12.8,25.6,32.4,0.0,0.0,0.0,0.0
1,2023-05-03,18.5,11.9,12.4,18.7,0.0,0.0,0.0,0.0
1,2023-05-04,19.2,14.1,17.3,22.0,0.0,0.0,0.0,0.0
1,2023-05-05,19.6,14.2,24.9,31.0,0.0,0.0,0.0,0.0
1,2023-05-06,20.5,17.0,19.7,25.9,0.0,0.9,3.0,0.9
1,2023-05-07,19.9,18.6,30.3,47.2,0.0,44.3,24.0,44.3
1,2023-05-08,19.3,14.7,39.5,52.6,0.0,15.5,6.0,15.5
1,2023-05-09,17.8,13.4,21.6,28.4,0.0,0.0,0.0,0.0
1,2023-05-10,21.6,13.3,23.0,28.8,0.0,0.0,0.0,0.0
1,2023-05-11,20.2,12.8,24.8,31.3,0.0,0.0,0.0,0.0
1,2023-05-12,18.7,11.6,15.5,22.3,0.0,0.2,1.0,0.2
1,2023-05-13,19.0,14.8,29.4,38.2,0.0,17.6,10.0,17.6
1,2023-05-14,18.1,16.0,36.0,47.2,0.0,46.0,24.0,46.0
1,2023-05-15,18.6,15.9,22.2,31.3,0.0,2.0,7.0,2.0
1,2023-05-16,24.4,13.3,12.6,19.1,0.0,0.0,0.0,0.0
1,2023-05-17,26.8,15.9,15.6,18.0,0.0,0.0,0.0,0.0
1,2023-05-18,22.2,17.5,20.1,24.5,0.0,0.0,0.0,0.0
1,2023-05-19,20.3,18.7,28.8,41.0,0.0,55.9,24.0,55.9
1,2023-05-20,22.2,17.4,12.5,17.6,0.0,0.0,0.0,0.0
1,2023-05-21,21.6,17.7,16.9,20.5,0.0,0.0,0.0,0.0
1,2023-05-22,22.9,18.1,23.3,32.4,0.0,0.8,2.0,0.8
1,2023-05-23,22.1,16.7,35.6,47.9,0.0,0.7,4.0,0.7
1,2023-05-24,21.8,15.0,28.8,38.2,0.0,0.0,0.0,0.0
1,2023-05-25,21.0,15.5,28.4,38.2,0.0,0.1,1.0,0.1
1,2023-05-26,21.4,18.6,24.8,32.0,0.0,0.0,0.0,0.0
1,2023-05-27,21.5,17.5,22.8,28.8,0.0,0.0,0.0,0.0
1,2023-05-28,21.7,18.6,19.2,23.0,0.0,0.6,2.0,0.6
1,2023-05-29,21.6,19.0,11.6,15.5,0.0,21.3,16.0,21.3
1,2023-05-30,22.8,19.6,13.0,15.8,0.0,1.8,7.0,1.8
1,2023-05-31,20.7,19.3,18.8,24.5,0.0,0.0,0.0,0.0
1,2023-06-01,21.9,18.5,34.0,44.6,0.0,10.3,4.0,10.3
1,2023-06-02,21.4,19.0,21.3,28.1,0.0,157.4,24.0,157.4
1,2023-06-03,23.6,18.9,38.5,52.2,0.0,8.5,5.0,8.5
1,2023-06-04,23.0,16.2,15.5,24.1,0.0,0.0,0.0,0.0
1,2023-06-05,23.5,17.9,12.7,16.2,0.0,0.0,0.0,0.0
1,2023-06-06,21.3,18.0,18.8,24.5,0.0,2.8,9.0,2.8
1,2023-06-07,25.0,17.9,18.0,24.5,0.0,2.1,4.0,2.1
1,2023-06-08,22.6,18.6,31.4,39.6,0.0,15.5,9.0,15.5
1,2023-06-09,23.9,21.0,40.6,58.7,0.0,20.8,8.0,20.8
1,2023-06-10,22.9,20.3,19.7,24.5,0.0,0.1,1.0,0.1
1,2023-06-11,21.6,20.4,14.5,18.7,0.0,38.2,20.0,38.2
1,2023-06-12,22.1,20.9,12.2,15.1,0.0,22.4,24.0,22.4
1,2023-06-13,28.3,19.7,10.4,11.9,0.0,0.7,2.0,0.7
1,2023-06-14,23.5,21.5,15.8,20.2,0.0,0.9,6.0,0.9
1,2023-06-15,22.7,21.6,11.8,15.5,0.0,1.7,8.0,1.7
1,2023-06-16,25.0,20.5,25.0,30.6,0.0,0.0,0.0,0.0
1,2023-06-17,25.1,19.3,18.0,22.0,0.0,0.0,0.0,0.0
1,2023-06-18,24.0,20.6,14.9,18.0,0.0,0.0,0.0,0.0
1,2023-06-19,25.2,21.2,20.5,25.9,0.0,0.0,0.0,0.0
1,2023-06-20,24.1,22.1,30.0,38.2,0.0,0.0,0.0,0.0
1,2023-06-21,24.0,21.7,32.6,42.5,0.0,0.1,1.0,0.1
1,2023-06-22,22.8,19.9,26.8,35.6,0.0,14.4,15.0,14.4
1,2023-06-23,24.2,21.0,17.2,24.8,0.0,2.3,5.0,2.3
1,2023-06-24,25.9,21.8,19.3,24.1,0.0,0.0,0.0,0.0
1,2023-06-25,24.7,20.8,14.7,19.4,0.0,0.0,0.0,0.0
1,2023-06-26,24.4,21.8,16.2,19.8,0.0,0.7,5.0,0.7
1,2023-06-27,25.6,23.5,15.3,18.7,0.0,0.0,0.0,0.0
1,2023-06-28,29.0,23.2,14.0,34.9,0.0,8.7,4.0,8.7
1,2023-06-29,28.8,21.8,12.6,34.6,0.0,3.1,12.0,3.1
1,2023-06-30,28.4,23.5,12.2,21.2,0.0,14.1,18.0,14.1
1,2023-07-01,27.4,22.5,13.0,29.2,0.0,36.8,24.0,36.8
1,2023-07-02,29.9,21.3,14.7,25.6,0.0,0.2,1.0,0.2
1,2023-07-03,29.7,22.5,17.2,28.8,0.0,0.0,0.0,0.0
1,2023-07-04,30.2,21.1,19.9,34.9,0.0,0.0,0.0,0.0
1,2023-07-05,26.5,23.3,31.1,51.5,0.0,16.6,10.0,16.6
1,2023-07-06,32.1,21.7,18.7,32.0,0.0,3.5,2.0,3.5
1,2023-07-07,29.5,20.3,27.3,46.4,0.0,2.8,7.0,2.8
1,2023-07-08,29.2,25.8,20.5,34.2,0.0,4.2,8.0,4.2
1,2023-07-09,29.2,25.4,10.2,30.6,0.0,5.7,14.0,5.7
1,2023-07-10,30.5,24.8,13.5,26.3,0.0,0.1,1.0,0.1
1,2023-07-11,30.8,24.3,16.9,26.6,0.0,0.3,2.0,0.3
1,2023-07-12,31.4,23.9,9.4,26.6,0.0,2.1,6.0,2.1
1,2023-07-13,27.9,23.0,14.7,31.7,0.0,19.7,20.0,19.7
1,2023-07-14,28.4,24.0,10.7,22.3,0.0,0.5,3.0,0.5
1,2023-07-15,30.1,25.0,12.6,23.4,0.0,0.4,4.0,0.4
1,2023-07-16,30.8,24.1,14.4,27.0,0.0,0.1,1.0,0.1
1,2023-07-17,33.6,22.3,9.5,21.2,0.0,0.0,0.0,0.0
1,2023-07-18,34.6,24.6,10.0,18.7,0.0,0.0,0.0,0.0
1,2023-07-19,32.3,25.1,13.6,25.9,0.0,1.3,3.0,1.3
1,2023-07-20,32.6,23.4,15.0,28.4,0.0,0.0,0.0,0.0
1,2023-07-21,29.5,23.3,19.1,35.3,0.0,1.1,6.0,1.1
1,2023-07-22,29.5,23.4,21.8,39.2,0.0,0.0,0.0,0.0
1,2023-07-23,30.4,22.8,21.9,38.9,0.0,0.0,0.0,0.0
1,2023-07-24,31.2,23.6,19.2,34.9,0.0,0.4,1.0,0.4
1,2023-07-25,32.1,24.5,22.7,40.3,0.0,0.6,6.0,0.6
1,2023-07-26,34.3,25.4,15.5,29.9,0.0,0.0,0.0,0.0
1,2023-07-27,34.9,26.3,18.8,33.8,0.0,0.0,0.0,0.0
1,2023-07-28,32.3,26.0,20.0,37.1,0.0,0.1,1.0,0.1
1,2023-07-29,33.3,25.9,20.0,35.3,0.0,0.0,0.0,0.0
1,2023-07-30,33.5,25.2,20.0,34.6,0.0,0.0,0.0,0.0
1,2023-07-31,32.9,26.5,17.8,34.2,0.0,0.0,0.0,0.0
1,2023-08-01,31.9,23.1,18.4,34.2,0.0,24.6,10.0,24.6
1,2023-08-02,32.0,25.1,23.8,41.4,0.0,0.4,3.0,0.4
1,2023-08-03,31.8,24.9,25.6,45.4,0.0,7.3,9.0,7.3
1,2023-08-04,32.8,24.7,18.4,33.5,0.0,7.9,3.0,7.9
1,2023-08-05,32.4,26.8,25.5,45.7,0.0,2.4,11.0,2.4
1,2023-08-06,32.3,25.9,31.6,54.0,0.0,8.7,19.0,8.7
1,2023-08-07,31.1,25.0,30.7,51.5,0.0,3.0,11.0,3.0
1,2023-08-08,33.3,27.0,33.0,56.5,0.0,1.6,2.0,1.6
1,2023-08-09,31.4,27.1,39.1,65.5,0.0,2.1,10.0,2.1
1,2023-08-10,32.6,26.4,43.5,73.8,0.0,0.8,5.0,0.8
1,2023-08-11,32.5,27.4,24.4,41.4,0.0,0.0,0.0,0.0
1,2023-08-12,36.0,25.0,22.2,38.5,0.0,0.1,1.0,0.1
1,2023-08-13,36.0,25.8,29.3,51.5,0.0,9.2,5.0,9.2
1,2023-08-14,35.9,26.5,25.2,47.5,0.0,7.0,6.0,7.0
1,2023-08-15,28.8,26.1,50.3,86.0,0.0,56.6,23.0,56.6
1,2023-08-16,30.8,25.6,39.3,68.8,0.0,21.6,22.0,21.6
1,2023-08-17,31.1,24.8,24.9,42.5,0.0,13.6,12.0,13.6
1,2023-08-18,30.6,25.9,16.3,30.6,0.0,2.2,10.0,2.2
1,2023-08-19,31.5,25.1,14.0,25.2,0.0,0.0,0.0,0.0
1,2023-08-20,31.9,26.3,15.8,29.5,0.0,0.2,1.0,0.2
1,2023-08-21,31.9,25.1,14.1,25.9,0.0,3.0,6.0,3.0
1,2023-08-22,31.8,25.6,19.9,37.8,0.0,10.8,18.0,10.8
1,2023-08-23,31.0,26.0,31.4,54.4,0.0,8.8,19.0,8.8
1,2023-08-24,28.1,24.4,27.6,45.7,0.0,24.1,22.0,24.1
1,2023-08-25,30.4,25.4,21.0,36.0,0.0,5.3,13.0,5.3
1,2023-08-26,30.7,24.6,12.0,24.1,0.0,6.5,12.0,6.5
1,2023-08-27,29.5,23.5,13.1,25.6,0.0,0.2,2.0,0.2
1,2023-08-28,31.4,24.7,14.5,27.0,0.0,0.0,0.0,0.0
1,2023-08-29,30.6,26.3,22.6,37.1,0.0,1.1,4.0,1.1
1,2023-08-30,30.0,24.9,23.1,42.8,0.0,2.5,14.0,2.5
1,2023-08-31,30.9,26.0,27.7,47.9,0.0,2.9,13.0,2.9
1,2023-09-01,30.9,25.9,19.8,36.0,0.0,1.1,7.0,1.1
1,2023-09-02,30.9,24.6,10.6,19.1,0.0,0.6,4.0,0.6
1,2023-09-03,31.5,25.0,13.1,24.5,0.0,0.3,2.0,0.3
1,2023-09-04,31.6,25.8,22.5,38.9,0.0,2.0,4.0,2.0
1,2023-09-05,30.8,24.9,17.1,31.0,0.0,5.8,15.0,5.8
1,2023-09-06,28.7,23.8,12.6,22.3,0.0,10.2,8.0,10.2
1,2023-09-07,29.9,23.1,14.4,25.9,0.0,5.2,4.0,5.2
1,2023-09-08,28.5,23.6,12.8,29.5,0.0,12.3,9.0,12.3
1,2023-09-09,30.0,22.7,13.0,24.1,0.0,0.0,0.0,0.0
1,2023-09-10,30.2,24.3,18.6,33.8,0.0,13.6,13.0,13.6
1,2023-09-11,26.3,23.3,19.7,44.6,0.0,27.6,23.0,27.6
1,2023-09-12,27.7,23.4,14.3,25.6,0.0,20.4,14.0,20.4
1,2023-09-13,29.0,23.5,14.2,27.0,0.0,0.3,3.0,0.3
1,2023-09-14,29.5,23.4,11.3,24.5,0.0,1.8,12.0,1.8
1,2023-09-15,30.6,24.2,10.8,21.2,0.0,0.3,2.0,0.3
1,2023-09-16,30.8,25.1,11.9,24.5,0.0,0.5,1.0,0.5
1,2023-09-17,30.7,25.2,22.9,38.2,0.0,3.4,4.0,3.4
1,2023-09-18,29.3,24.8,9.3,22.3,0.0,3.5,14.0,3.5
1,2023-09-19,29.5,24.0,14.8,24.8,0.0,0.5,2.0,0.5
1,2023-09-20,29.2,24.0,16.9,30.2,0.0,0.9,5.0,0.9
1,2023-09-21,29.9,24.3,22.4,39.2,0.0,5.2,12.0,5.2
1,2023-09-22,29.9,23.7,13.2,22.7,0.0,8.3,6.0,8.3
1,2023-09-23,29.0,20.6,22.2,37.4,0.0,0.0,0.0,0.0
1,2023-09-24,27.2,20.5,14.3,26.6,0.0,0.0,0.0,0.0
1,2023-09-25,27.4,18.9,13.5,27.0,0.0,0.0,0.0,0.0
1,2023-09-26,27.6,19.7,9.3,19.4,0.0,0.0,0.0,0.0
1,2023-09-27,29.4,22.3,9.5,17.6,0.0,0.2,2.0,0.2
1,2023-09-28,32.6,23.1,21.2,36.0,0.0,0.3,3.0,0.3
1,2023-09-29,30.1,20.8,17.4,31.3,0.0,0.0,0.0,0.0
1,2023-09-30,29.1,20.0,16.3,29.5,0.0,0.9,5.0,0.9
1,2023-10-01,26.4,21.3,17.1,28.4,0.0,2.3,5.0,2.3
1,2023-10-02,26.2,18.4,23.5,42.5,0.0,0.0,0.0,0.0
1,2023-10-03,25.2,15.0,13.3,27.0,0.0,1.4,4.0,1.4
1,2023-10-04,23.3,18.8,18.2,31.7,0.0,29.1,10.0,29.1
1,2023-10-05,22.3,17.1,30.3,51.8,0.0,0.9,4.0,0.9
1,2023-10-06,23.1,14.5,30.6,56.2,0.0,0.0,0.0,0.0
1,2023-10-07,22.4,15.9,24.7,41.0,0.0,0.0,0.0,0.0
1,2023-10-08,20.7,14.8,16.9,30.6,0.0,6.6,10.0,6.6
1,2023-10-09,19.8,15.6,13.9,22.3,0.0,1.3,8.0,1.3
1,2023-10-10,23.3,18.4,31.9,52.9,0.0,1.7,6.0,1.7
1,2023-10-11,24.3,15.4,21.7,36.4,0.0,0.0,0.0,0.0
1,2023-10-12,23.3,13.0,11.2,23.0,0.0,0.0,0.0,0.0
1,2023-10-13,22.8,11.5,9.0,20.9,0.0,0.0,0.0,0.0
1,2023-10-14,20.4,13.2,8.3,16.6,0.0,9.0,7.0,9.0
1,2023-10-15,22.3,15.0,20.1,37.1,0.0,26.9,12.0,26.9
1,2023-10-16,23.3,13.9,11.3,22.7,0.0,0.2,2.0,0.2
1,2023-10-17,23.7,13.8,21.4,36.7,0.0,0.0,0.0,0.0
1,2023-10-18,22.0,10.9,10.3,16.2,0.0,0.0,0.0,0.0
1,2023-10-19,22.8,13.4,10.4,18.0,0.0,0.0,0.0,0.0
1,2023-10-20,23.3,14.9,20.5,35.6,0.0,2.0,4.0,2.0
1,2023-10-21,17.3,12.5,31.2,51.8,0.0,0.2,2.0,0.2
1,2023-10-22,19.3,8.6,9.0,18.7,0.0,0.0,0.0,0.0
1,2023-10-23,21.5,10.1,8.3,17.6,0.0,0.0,0.0,0.0
1,2023-10-24,21.1,11.4,10.0,18.0,0.0,0.0,0.0,0.0
1,2023-10-25,22.4,12.3,12.0,21.6,0.0,0.0,0.0,0.0
1,2023-10-26,23.1,10.7,14.8,25.9,0.0,0.0,0.0,0.0
1,2023-10-27,21.3,11.3,17.4,29.2,0.0,1.5,2.0,1.5
1,2023-10-28,20.7,10.1,28.5,49.7,0.0,0.0,0.0,0.0
1,2023-10-29,20.7,12.5,30.0,51.5,0.0,0.0,0.0,0.0
1,2023-10-30,21.3,9.5,9.4,14.8,0.0,0.0,0.0,0.0
1,2023-10-31,21.0,10.1,10.0,19.8,0.0,0.0,0.0,0.0
1,2023-11-01,21.4,10.9,9.3,17.6,0.0,0.0,0.0,0.0
1,2023-11-02,24.0,10.6,7.6,16.6,0.0,0.0,0.0,0.0
1,2023-11-03,23.0,12.0,9.4,20.9,0.0,0.0,0.0,0.0
1,2023-11-04,23.1,14.0,10.9,19.4,0.0,0.0,0.0,0.0
1,2023-11-05,23.8,13.8,23.0,40.3,0.0,0.1,1.0,0.1
1,2023-11-06,25.2,19.5,38.3,65.2,0.0,10.1,13.0,10.1
1,2023-11-07,22.5,15.5,33.0,54.0,0.0,10.8,8.0,10.8
1,2023-11-08,21.1,12.8,19.1,31.3,0.0,0.0,0.0,0.0
1,2023-11-09,20.4,12.7,10.5,19.8,0.0,0.5,3.0,0.5
1,2023-11-10,18.9,15.5,13.8,22.7,0.0,20.4,16.0,20.4
1,2023-11-11,17.6,8.1,22.4,38.5,0.0,0.0,0.0,0.0
1,2023-11-12,15.2,7.8,8.0,17.6,0.0,0.6,5.0,0.6
1,2023-11-13,13.3,8.1,29.3,55.4,0.0,0.1,1.0,0.1
1,2023-11-14,15.5,6.4,13.6,25.2,0.0,0.0,0.0,0.0
1,2023-11-15,15.0,6.6,10.0,17.6,0.0,0.0,0.0,0.0
1,2023-11-16,15.7,6.8,12.1,20.2,0.0,0.9,2.0,0.9
1,2023-11-17,16.7,9.0,25.8,43.9,0.0,28.4,14.0,28.4
1,2023-11-18,11.0,7.2,30.6,51.8,0.0,1.1,5.0,1.1
1,2023-11-19,15.7,6.2,15.8,29.2,0.0,0.0,0.0,0.0
1,2023-11-20,15.2,5.9,29.0,54.7,0.0,0.1,1.0,0.1
1,2023-11-21,15.7,4.1,11.5,22.7,0.0,0.0,0.0,0.0
1,2023-11-22,17.5,6.3,9.7,18.0,0.0,0.0,0.0,0.0
1,2023-11-23,17.4,8.2,11.2,17.6,0.0,0.0,0.0,0.0
1,2023-11-24,17.6,8.7,31.4,51.8,0.0,0.0,0.0,0.0
1,2023-11-25,12.6,4.6,24.0,41.4,0.0,0.0,0.0,0.0
1,2023-11-26,14.4,2.5,9.4,15.5,0.0,0.0,0.0,0.0
1,2023-11-27,14.3,4.9,7.9,18.0,0.0,0.7,4.0,0.7
1,2023-11-28,15.9,7.3,24.6,42.5,0.0,0.6,4.0,0.6
1,2023-11-29,14.7,3.7,18.9,36.0,0.0,0.0,0.0,0.0
1,2023-11-30,13.1,6.2,27.0,46.4,0.0,0.0,0.0,0.0
1,2023-12-01,12.4,5.4,18.1,31.7,0.0,0.0,0.0,0.0
1,2023-12-02,12.0,1.8,19.1,34.9,0.0,0.0,0.0,0.0
1,2023-12-03,13.2,3.3,18.7,41.4,0.0,0.0,0.0,0.0
1,2023-12-04,13.4,1.9,9.0,14.0,0.0,0.0,0.0,0.0
1,2023-12-05,11.2,4.1,12.6,20.9,0.0,0.6,4.0,0.6
1,2023-12-06,16.0,4.4,13.4,22.3,0.0,0.5,2.0,0.5
1,2023-12-07,16.7,5.4,33.9,56.5,0.0,0.2,1.0,0.2
1,2023-12-08,14.6,2.7,10.1,19.8,0.0,0.0,0.0,0.0
1,2023-12-09,15.8,4.3,11.0,18.4,0.0,0.0,0.0,0.0
1,2023-12-10,18.9,5.7,11.7,18.4,0.0,0.0,0.0,0.0
1,2023-12-11,17.0,9.6,23.4,36.0,0.0,5.0,6.0,5.0
1,2023-12-12,17.9,11.7,28.3,45.4,0.0,20.9,9.0,20.9
1,2023-12-13,14.2,4.3,30.7,50.0,0.0,0.0,0.0,0.0
1,2023-12-14,14.7,2.5,8.9,18.4,0.0,0.0,0.0,0.0
1,2023-12-15,13.6,9.3,8.9,24.8,0.0,13.6,9.0,13.6
1,2023-12-16,18.5,11.9,19.6,32.8,0.0,5.3,11.0,5.3
1,2023-12-17,11.4,4.2,33.2,58.7,0.0,0.3,2.0,0.3
1,2023-12-18,8.0,4.2,21.9,38.2,0.0,0.6,5.0,0.6
1,2023-12-19,9.9,3.9,7.3,16.6,0.0,0.8,6.0,0.8
1,2023-12-20,12.1,4.0,26.2,44.3,0.0,0.0,0.0,0.0
1,2023-12-21,7.6,2.0,24.2,43.6,0.0,0.0,0.0,0.0
1,2023-12-22,6.6,-2.3,28.5,47.9,0.14,0.0,1.0,0.2
1,2023-12-23,8.4,-1.3,21.9,38.5,0.0,0.0,0.0,0.0
1,2023-12-24,10.7,0.6,10.9,20.2,0.0,0.0,0.0,0.0
1,2023-12-25,11.1,0.2,14.7,23.8,0.0,0.0,0.0,0.0
1,2023-12-26,11.0,1.8,10.3,15.8,0.0,0.0,0.0,0.0
1,2023-12-27,12.9,3.1,18.4,33.1,0.0,0.0,0.0,0.0
1,2023-12-28,11.7,0.6,9.0,18.0,0.0,0.0,0.0,0.0
1,2023-12-29,12.9,3.2,21.7,38.5,0.0,0.0,0.0,0.0
1,2023-12-30,12.0,1.0,9.9,16.6,0.0,0.2,1.0,0.2
1,2023-12-31,13.6,6.5,19.6,33.5,0.0,8.9,7.0,8.9
1,2024-01-01,11.4,1.7,29.8,49.3,0.0,0.0,0.0,0.0
1,2024-01-02,12.3,1.5,10.5,19.4,0.0,0.0,0.0,0.0
1,2024-01-03,11.6,2.5,8.2,20.2,0.0,2.3,8.0,2.3
1,2024-01-04,13.4,4.0,28.1,47.5,0.0,0.2,2.0,0.2
1,2024-01-05,11.8,0.6,11.0,18.7,0.0,0.0,0.0,0.0
1,2024-01-06,14.2,3.1,11.2,19.8,0.0,0.0,0.0,0.0
1,2024-01-07,10.1,4.2,24.6,39.6,0.0,0.0,0.0,0.0
1,2024-01-08,7.4,0.8,29.0,47.5,0.0,0.0,0.0,0.0
1,2024-01-09,9.0,-1.2,9.0,21.2,0.0,0.0,0.0,0.0
1,2024-01-10,8.6,-0.1,15.0,24.8,0.0,0.1,1.0,0.1
1,2024-01-11,10.2,0.9,12.2,21.6,0.0,0.0,0.0,0.0
1,2024-01-12,12.4,-1.4,17.1,29.5,0.0,0.1,1.0,0.1
1,2024-01-13,9.7,1.8,36.9,58.7,0.0,1.8,6.0,1.8
1,2024-01-14,8.0,-2.3,16.9,33.8,0.0,0.0,0.0,0.0
1,2024-01-15,8.5,2.4,31.4,52.2,0.0,0.9,4.0,0.9
1,2024-01-16,6.7,2.6,33.0,59.0,0.0,0.0,0.0,0.0
1,2024-01-17,10.5,-2.0,12.8,20.5,0.0,0.0,0.0,0.0
1,2024-01-18,8.1,3.4,10.4,18.7,0.0,10.3,19.0,10.3
1,2024-01-19,14.4,5.7,11.1,22.0,0.0,0.1,1.0,0.1
1,2024-01-20,11.1,6.9,14.9,22.7,0.0,6.3,16.0,6.3
1,2024-01-21,14.0,9.1,28.0,47.5,0.0,31.0,13.0,31.0
1,2024-01-22,13.4,5.3,22.9,37.8,0.0,0.0,0.0,0.0
1,2024-01-23,8.5,2.1,31.0,50.0,0.0,0.0,0.0,0.0
1,2024-01-24,3.5,0.1,35.5,57.6,2.17,0.0,14.0,3.1
1,2024-01-25,6.1,1.1,30.8,53.6,1.12,0.4,12.0,2.0
1,2024-01-26,7.1,2.7,33.2,55.4,0.0,0.1,1.0,0.1
1,2024-01-27,8.9,2.8,27.3,46.8,0.0,0.0,0.0,0.0
1,2024-01-28,9.8,0.3,18.7,33.1,0.0,0.0,0.0,0.0
1,2024-01-29,10.9,0.5,18.5,34.2,0.0,0.0,0.0,0.0
1,2024-01-30,12.9,-1.1,8.4,17.6,0.0,0.0,0.0,0.0
1,2024-01-31,11.0,1.1,10.8,20.5,0.0,2.2,9.0,2.2
1,2024-02-01,13.1,4.1,29.5,50.8,0.0,1.1,4.0,1.1
1,2024-02-02,9.0,-0.6,26.0,41.8,0.0,0.0,0.0,0.0
1,2024-02-03,11.9,1.3,20.6,35.6,0.0,0.3,2.0,0.3
1,2024-02-04,13.1,2.8,15.1,25.9,0.0,1.3,7.0,1.3
1,2024-02-05,7.2,2.5,19.7,44.3,0.0,28.6,12.0,28.6
1,2024-02-06,10.0,0.9,29.1,50.4,0.0,0.0,0.0,0.0
1,2024-02-07,10.0,1.3,23.7,41.4,0.0,0.0,0.0,0.0
1,2024-02-08,9.9,-0.8,26.3,44.3,0.0,0.0,0.0,0.0
1,2024-02-09,11.9,-0.4,9.8,18.0,0.0,0.0,0.0,0.0
1,2024-02-10,11.3,-0.9,20.9,36.4,0.0,0.1,1.0,0.1
1,2024-02-11,10.5,2.4,16.5,31.3,0.0,0.0,0.0,0.0
1,2024-02-12,11.3,0.8,24.2,41.8,0.0,0.0,0.0,0.0
1,2024-02-13,11.3,-1.3,10.7,21.2,0.0,0.0,0.0,0.0
1,2024-02-14,15.7,2.5,10.5,22.7,0.0,0.0,0.0,0.0
1,2024-02-15,15.7,5.7,20.5,37.8,0.0,4.9,8.0,4.9
1,2024-02-16,11.9,5.8,34.4,55.1,0.0,0.1,1.0,0.1
1,2024-02-17,13.9,4.6,10.8,19.8,0.0,0.0,0.0,0.0
1,2024-02-18,15.7,9.8,22.6,35.6,0.0,5.9,13.0,5.9
1,2024-02-19,15.9,12.6,28.8,47.5,0.0,19.2,24.0,19.2
1,2024-02-20,19.7,9.7,16.0,27.4,0.0,0.7,4.0,0.7
1,2024-02-21,15.2,8.2,14.8,31.7,0.0,18.4,15.0,18.4
1,2024-02-22,13.3,7.1,13.4,28.1,0.0,13.7,12.0,13.7
1,2024-02-23,7.5,3.9,21.0,34.6,0.0,8.3,12.0,8.3
1,2024-02-24,11.8,1.2,13.6,29.9,0.0,0.0,0.0,0.0
1,2024-02-25,8.5,4.7,12.5,21.6,0.0,8.1,18.0,8.1
1,2024-02-26,11.5,4.7,36.3,59.8,0.0,0.0,0.0,0.0
1,2024-02-27,9.6,3.7,37.9,64.4,0.0,0.0,0.0,0.0
1,2024-02-28,12.1,2.1,26.6,43.9,0.0,0.0,0.0,0.0
1,2024-02-29,9.0,0.7,19.1,31.0,0.0,16.4,8.0,16.4
1,2024-03-01,12.9,5.5,34.2,57.2,0.0,12.5,6.0,12.5
1,2024-03-02,6.5,0.7,28.5,49.3,0.0,0.0,0.0,0.0
1,2024-03-03,11.0,-2.0,23.5,43.2,0.0,0.0,0.0,0.0
1,2024-03-04,12.6,0.7,22.5,40.7,0.0,0.0,0.0,0.0
1,2024-03-05,6.3,4.9,17.1,28.4,1.26,17.7,18.0,19.5
1,2024-03-06,12.5,5.8,18.8,33.5,0.0,4.6,10.0,4.6
1,2024-03-07,11.9,2.4,18.0,29.5,0.0,0.0,0.0,0.0
1,2024-03-08,11.7,1.9,27.6,51.1,0.0,0.0,0.0,0.0
1,2024-03-09,7.5,2.4,33.2,56.9,0.49,1.1,4.0,1.8
1,2024-03-10,9.8,2.1,26.8,45.0,0.0,0.0,0.0,0.0
1,2024-03-11,11.8,-1.4,14.5,26.6,0.0,0.0,0.0,0.0
1,2024-03-12,9.5,6.5,36.5,58.7,0.0,45.4,15.0,45.4
1,2024-03-13,11.2,4.7,32.7,55.8,0.0,0.0,0.0,0.0
1,2024-03-14,14.7,0.7,11.5,22.3,0.0,0.1,1.0,0.1
1,2024-03-15,15.9,1.7,10.8,22.7,0.0,0.0,0.0,0.0
1,2024-03-16,18.9,4.7,16.0,30.2,0.0,0.0,0.0,0.0
1,2024-03-17,14.0,5.0,23.1,34.9,0.0,1.5,6.0,1.5
1,2024-03-18,10.0,4.1,42.9,72.4,0.0,0.0,0.0,0.0
1,2024-03-19,12.1,0.6,20.7,34.6,0.0,0.1,1.0,0.1
1,2024-03-20,10.9,3.8,41.5,79.2,0.0,0.7,4.0,0.7
1,2024-03-21,8.4,1.0,29.5,51.8,0.63,0.6,4.0,1.5
1,2024-03-22,10.8,-0.4,19.6,36.4,0.0,0.0,0.0,0.0
1,2024-03-23,8.7,3.5,17.3,29.2,0.0,21.8,12.0,21.8
1,2024-03-24,10.6,4.2,9.7,17.6,0.0,4.0,9.0,4.0
1,2024-03-25,12.8,8.9,10.6,17.6,0.0,7.1,20.0,7.1
1,2024-03-26,14.5,7.5,42.8,67.7,0.0,27.4,17.0,27.4
1,2024-03-27,15.5,4.5,30.4,49.7,0.0,0.0,0.0,0.0
1,2024-03-28,14.8,3.0,37.5,59.4,0.0,17.2,9.0,17.2
1,2024-03-29,20.9,11.5,45.0,73.1,0.0,22.3,12.0,22.3
1,2024-03-30,20.4,6.8,11.0,21.6,0.0,0.0,0.0,0.0
1,2024-03-31,22.3,8.9,13.2,27.4,0.0,1.1,4.0,1.1
1,2024-04-01,18.1,8.8,30.3,50.4,0.0,0.4,2.0,0.4
1,2024-04-02,17.6,4.6,13.5,24.5,0.0,0.0,0.0,0.0
1,2024-04-03,14.6,9.2,14.7,23.0,0.0,42.0,17.0,42.0
1,2024-04-04,19.2,10.2,26.5,45.0,0.0,3.3,4.0,3.3
1,2024-04-05,14.7,7.1,12.8,20.9,0.0,0.8,3.0,0.8
1,2024-04-06,18.3,10.0,12.2,20.9,0.0,0.0,0.0,0.0
1,2024-04-07,21.0,9.9,12.6,21.6,0.0,0.2,2.0,0.2
1,2024-04-08,19.8,12.6,15.2,24.8,0.0,6.8,8.0,6.8
1,2024-04-09,17.0,9.0,41.5,68.0,0.0,33.4,11.0,33.4
1,2024-04-10,16.0,4.3,19.5,33.8,0.0,0.0,0.0,0.0
1,2024-04-11,17.6,7.5,22.9,40.0,0.0,0.0,0.0,0.0
1,2024-04-12,19.4,9.8,18.0,32.8,0.0,0.0,0.0,0.0
1,2024-04-13,20.0,9.8,21.3,36.0,0.0,0.0,0.0,0.0
1,2024-04-14,20.3,12.3,17.3,31.7,0.0,0.0,0.0,0.0
1,2024-04-15,20.0,11.6,26.1,45.0,0.0,0.0,0.0,0.0
1,2024-04-16,20.5,16.2,31.6,54.0,0.0,3.9,7.0,3.9
1,2024-04-17,23.3,13.4,20.7,35.3,0.0,7.8,4.0,7.8
1,2024-04-18,19.9,11.7,19.2,31.7,0.0,0.0,0.0,0.0
1,2024-04-19,20.5,10.8,34.5,57.6,0.0,0.0,0.0,0.0
1,2024-04-20,23.7,8.7,10.0,19.8,0.0,0.1,1.0,0.1
1,2024-04-21,18.5,15.3,11.0,19.8,0.0,14.5,13.0,14.5
1,2024-04-22,20.9,15.6,26.0,42.8,0.0,0.8,5.0,0.8
1,2024-04-23,18.0,15.8,22.5,35.3,0.0,4.1,19.0,4.1
1,2024-04-24,18.8,16.0,31.4,49.7,0.0,9.8,21.0,9.8
1,2024-04-25,21.7,13.1,24.3,41.8,0.0,1.0,3.0,1.0
1,2024-04-26,21.3,9.0,15.5,27.7,0.0,0.0,0.0,0.0
1,2024-04-27,21.4,14.9,15.7,28.4,0.0,1.8,4.0,1.8
1,2024-04-28,23.6,12.7,15.1,29.2,0.0,0.0,0.0,0.0
1,2024-04-29,21.4,14.2,21.0,36.0,0.0,2.0,8.0,2.0
1,2024-04-30,22.2,18.4,13.2,21.2,0.0,3.9,11.0,3.9
1,2024-05-01,18.8,13.4,18.6,29.5,0.0,6.9,11.0,6.9
1,2024-05-02,18.7,9.3,15.9,29.2,0.0,0.0,0.0,0.0
1,2024-05-03,20.8,12.2,16.7,29.9,0.0,0.0,0.0,0.0
1,2024-05-04,23.1,11.8,14.3,28.4,0.0,0.0,0.0,0.0
1,2024-05-05,22.7,12.7,25.8,45.7,0.0,0.0,0.0,0.0
1,2024-05-06,21.5,18.6,33.5,57.2,0.0,5.8,12.0,5.8
1,2024-05-07,23.4,17.2,32.7,54.7,0.0,16.8,13.0,16.8
1,2024-05-08,20.2,11.8,30.3,50.4,0.0,0.0,0.0,0.0
1,2024-05-09,18.1,8.6,35.0,59.0,0.0,0.0,0.0,0.0
1,2024-05-10,21.3,7.2,15.6,30.2,0.0,0.0,0.0,0.0
1,2024-05-11,22.2,12.1,28.9,50.4,0.0,0.0,0.0,0.0
1,2024-05-12,22.0,17.2,33.1,56.9,0.0,6.3,11.0,6.3
1,2024-05-13,20.3,11.4,28.7,48.6,0.0,46.9,17.0,46.9
1,2024-05-14,21.2,8.9,18.0,31.7,0.0,0.0,0.0,0.0
1,2024-05-15,21.7,12.8,10.6,21.6,0.0,16.8,8.0,16.8
1,2024-05-16,22.1,13.2,32.0,54.0,0.0,15.6,13.0,15.6
1,2024-05-17,23.5,10.9,11.3,19.4,0.0,0.0,0.0,0.0
1,2024-05-18,24.9,12.3,10.4,18.0,0.0,0.0,0.0,0.0
1,2024-05-19,19.8,15.4,10.8,21.6,0.0,10.1,11.0,10.1
1,2024-05-20,25.5,14.5,20.9,37.1,0.0,19.9,5.0,19.9
1,2024-05-21,23.8,14.0,22.1,39.2,0.0,0.0,0.0,0.0
1,2024-05-22,22.0,13.3,19.9,34.2,0.0,0.0,0.0,0.0
1,2024-05-23,23.2,16.9,15.8,29.2,0.0,0.0,0.0,0.0
1,2024-05-24,28.3,15.1,23.9,39.6,0.0,0.0,0.0,0.0
1,2024-05-25,24.1,14.9,24.8,40.7,0.0,0.0,0.0,0.0
1,2024-05-26,23.5,14.1,25.0,43.2,0.0,0.5,5.0,0.5
1,2024-05-27,22.7,19.5,27.9,47.2,0.0,14.6,14.0,14.6
1,2024-05-28,22.9,16.5,53.3,93.6,0.0,97.7,21.0,97.7
1,2024-05-29,22.3,14.6,28.8,49.3,0.0,0.0,0.0,0.0
1,2024-05-30,23.1,12.2,15.5,28.8,0.0,10.5,3.0,10.5
1,2024-05-31,22.1,17.6,8.5,15.8,0.0,8.6,12.0,8.6
1,2024-06-01,24.2,14.8,18.4,31.3,0.0,0.0,0.0,0.0
1,2024-06-02,21.3,17.3,15.6,28.8,0.0,3.2,12.0,3.2
1,2024-06-03,24.2,14.1,18.8,32.4,0.0,0.0,0.0,0.0
1,2024-06-04,25.0,12.8,22.8,38.5,0.0,0.0,0.0,0.0
1,2024-06-05,26.0,14.2,10.5,22.0,0.0,0.0,0.0,0.0
1,2024-06-06,24.5,16.2,20.3,34.2,0.0,0.0,0.0,0.0
1,2024-06-07,24.8,18.0,22.5,40.0,0.0,0.0,0.0,0.0
1,2024-06-08,24.8,16.9,26.8,47.2,0.0,0.0,0.0,0.0
1,2024-06-09,22.5,19.7,28.5,47.5,0.0,9.2,23.0,9.2
1,2024-06-10,24.0,18.8,19.5,36.0,0.0,9.3,6.0,9.3
1,2024-06-11,26.0,18.2,14.8,27.7,0.0,0.0,0.0,0.0
1,2024-06-12,26.1,19.9,19.8,34.2,0.0,0.0,0.0,0.0
1,2024-06-13,26.5,20.0,18.7,34.6,0.0,0.0,0.0,0.0
1,2024-06-14,28.1,18.7,18.1,33.5,0.0,0.0,0.0,0.0
1,2024-06-15,26.9,20.5,26.0,45.4,0.0,1.0,3.0,1.0
1,2024-06-16,28.2,19.8,16.2,31.0,0.0,1.2,4.0,1.2
1,2024-06-17,27.5,20.1,11.2,22.3,0.0,6.6,6.0,6.6
1,2024-06-18,23.0,18.8,19.3,36.7,0.0,63.4,17.0,63.4
1,2024-06-19,28.0,16.1,17.3,30.2,0.0,0.0,0.0,0.0
1,2024-06-20,25.3,19.4,14.5,25.6,0.0,0.0,0.0,0.0
1,2024-06-21,27.8,20.0,22.2,37.4,0.0,49.3,10.0,49.3
1,2024-06-22,26.5,19.1,28.9,50.4,0.0,24.5,7.0,24.5
1,2024-06-23,26.1,21.9,29.3,60.5,0.0,37.9,24.0,37.9
1,2024-06-24,30.0,23.5,16.9,27.4,0.0,0.9,6.0,0.9
1,2024-06-25,27.9,21.4,11.2,20.2,0.0,1.0,3.0,1.0
1,2024-06-26,27.9,21.5,15.5,26.3,0.0,0.0,0.0,0.0
1,2024-06-27,25.7,19.1,10.5,20.5,0.0,0.4,1.0,0.4
1,2024-06-28,23.6,21.9,20.5,38.5,0.0,91.2,20.0,91.2
1,2024-06-29,30.1,22.2,8.3,20.5,0.0,2.1,8.0,2.1
1,2024-06-30,25.9,23.4,14.3,28.1,0.0,13.6,12.0,13.6
1,2024-07-01,27.1,24.0,17.0,32.8,0.0,13.7,22.0,13.7
1,2024-07-02,27.8,22.5,14.1,26.3,0.0,20.4,14.0,20.4
1,2024-07-03,30.1,23.1,14.1,22.7,0.0,0.2,2.0,0.2
1,2024-07-04,32.0,24.2,14.8,28.8,0.0,0.7,7.0,0.7
1,2024-07-05,32.4,23.9,11.7,24.1,0.0,0.0,0.0,0.0
1,2024-07-06,32.9,24.7,7.4,20.9,0.0,0.6,5.0,0.6
1,2024-07-07,33.5,24.7,17.4,29.2,0.0,0.0,0.0,0.0
1,2024-07-08,34.4,24.7,7.2,15.8,0.0,0.2,2.0,0.2
1,2024-07-09,32.0,25.2,13.0,27.0,0.0,0.0,0.0,0.0
1,2024-07-10,30.9,24.5,16.8,33.1,0.0,3.2,6.0,3.2
1,2024-07-11,27.7,25.0,9.4,29.2,0.0,16.1,19.0,16.1
1,2024-07-12,27.9,22.4,23.1,34.9,0.0,78.3,14.0,78.3
1,2024-07-13,28.2,20.7,21.2,35.6,0.0,0.2,2.0,0.2
1,2024-07-14,28.3,23.8,13.2,23.0,0.0,2.9,19.0,2.9
1,2024-07-15,29.4,23.9,18.4,32.4,0.0,7.8,19.0,7.8
1,2024-07-16,28.5,23.9,21.0,36.4,0.0,23.2,20.0,23.2
1,2024-07-17,30.6,23.9,14.3,25.9,0.0,1.6,9.0,1.6
1,2024-07-18,31.1,23.9,13.7,25.2,0.0,0.0,0.0,0.0
1,2024-07-19,31.3,25.6,14.8,27.0,0.0,0.1,1.0,0.1
1,2024-07-20,33.0,25.6,14.7,25.9,0.0,0.9,6.0,0.9
1,2024-07-21,32.3,25.2,13.0,22.7,0.0,0.0,0.0,0.0
1,2024-07-22,32.9,25.4,14.7,26.3,0.0,0.0,0.0,0.0
1,2024-07-23,32.8,26.0,17.8,29.9,0.0,0.0,0.0,0.0
1,2024-07-24,31.6,25.4,13.1,25.2,0.0,0.9,1.0,0.9
1,2024-07-25,31.2,24.0,17.3,40.3,0.0,3.2,1.0,3.2
1,2024-07-26,32.4,25.2,11.9,23.8,0.0,0.0,0.0,0.0
1,2024-07-27,33.7,26.2,9.3,21.6,0.0,0.0,0.0,0.0
1,2024-07-28,35.0,26.6,24.6,42.1,0.0,0.0,0.0,0.0
1,2024-07-29,34.3,26.0,24.8,42.1,0.0,0.0,0.0,0.0
1,2024-07-30,34.0,27.6,26.5,46.1,0.0,0.0,0.0,0.0
1,2024-07-31,33.6,25.9,28.0,47.2,0.0,0.0,0.0,0.0
1,2024-08-01,33.4,22.7,21.6,35.6,0.0,0.0,0.0,0.0
1,2024-08-02,32.1,26.1,20.5,36.7,0.0,0.0,0.0,0.0
1,2024-08-03,32.2,26.1,23.4,42.5,0.0,0.0,0.0,0.0
1,2024-08-04,33.0,26.5,18.1,34.6,0.0,0.1,1.0,0.1
1,2024-08-05,33.4,26.8,19.8,37.1,0.0,2.1,6.0,2.1
1,2024-08-06,32.6,25.6,17.4,31.7,0.0,0.1,1.0,0.1
1,2024-08-07,33.3,26.4,12.1,27.0,0.0,1.3,2.0,1.3
1,2024-08-08,34.4,23.9,18.3,32.4,0.0,0.0,0.0,0.0
1,2024-08-09,35.8,26.3,15.9,29.5,0.0,0.0,0.0,0.0
1,2024-08-10,35.5,25.7,19.1,34.6,0.0,0.0,0.0,0.0
1,2024-08-11,35.5,25.2,20.4,36.0,0.0,0.0,0.0,0.0
1,2024-08-12,35.5,25.1,19.2,35.3,0.0,0.0,0.0,0.0
1,2024-08-13,34.1,26.4,21.3,37.8,0.0,2.1,5.0,2.1
1,2024-08-14,34.0,26.1,22.0,40.3,0.0,0.0,0.0,0.0
1,2024-08-15,34.2,26.4,12.9,27.0,0.0,6.2,9.0,6.2
1,2024-08-16,35.1,25.9,30.2,51.1,0.0,0.0,0.0,0.0
1,2024-08-17,35.2,27.6,21.6,40.0,0.0,0.0,0.0,0.0
1,2024-08-18,34.8,26.7,24.1,45.0,0.0,0.0,0.0,0.0
1,2024-08-19,32.1,27.8,18.1,33.5,0.0,1.6,5.0,1.6
1,2024-08-20,30.5,26.0,19.7,35.3,0.0,23.6,13.0,23.6
1,2024-08-21,33.3,25.4,20.7,34.2,0.0,0.0,0.0,0.0
1,2024-08-22,32.1,26.6,21.7,38.9,0.0,0.7,6.0,0.7
1,2024-08-23,32.6,27.1,20.5,37.1,0.0,2.6,10.0,2.6
1,2024-08-24,32.5,25.9,16.5,29.2,0.0,17.4,8.0,17.4
1,2024-08-25,31.0,24.7,19.4,31.7,0.0,7.7,9.0,7.7
1,2024-08-26,31.4,24.5,30.4,50.8,0.0,24.0,16.0,24.0
1,2024-08-27,28.2,24.3,29.6,49.7,0.0,58.7,22.0,58.7
1,2024-08-28,28.9,24.1,20.4,36.0,0.0,7.0,17.0,7.0
1,2024-08-29,26.4,24.2,27.2,46.1,0.0,35.9,24.0,35.9
1,2024-08-30,28.5,24.8,28.8,49.0,0.0,18.8,21.0,18.8
1,2024-08-31,26.8,24.2,27.0,49.7,0.0,100.8,22.0,100.8
1,2024-09-01,29.5,23.5,29.7,49.3,0.0,6.0,15.0,6.0
1,2024-09-02,30.2,24.1,21.3,43.6,0.0,5.6,14.0,5.6
1,2024-09-03,31.1,23.1,9.2,17.3,0.0,0.1,1.0,0.1
1,2024-09-04,28.7,22.7,17.0,30.2,0.0,0.0,0.0,0.0
1,2024-09-05,29.6,22.8,15.1,27.0,0.0,0.0,0.0,0.0
1,2024-09-06,30.4,23.5,11.3,20.9,0.0,0.0,0.0,0.0
1,2024-09-07,31.3,23.8,10.0,19.1,0.0,0.0,0.0,0.0
1,2024-09-08,31.4,24.7,13.8,27.0,0.0,3.5,4.0,3.5
1,2024-09-09,30.6,24.8,21.7,37.8,0.0,1.2,4.0,1.2
1,2024-09-10,29.8,24.4,21.3,41.8,0.0,19.6,16.0,19.6
1,2024-09-11,30.6,25.6,15.0,28.4,0.0,15.6,12.0,15.6
1,2024-09-12,31.2,25.3,15.8,28.8,0.0,1.2,2.0,1.2
1,2024-09-13,30.8,25.5,15.0,27.7,0.0,0.2,2.0,0.2
1,2024-09-14,30.8,25.0,22.5,40.3,0.0,4.9,11.0,4.9
1,2024-09-15,30.2,26.1,15.3,27.7,0.0,5.5,16.0,5.5
1,2024-09-16,31.1,26.1,16.5,29.2,0.0,0.0,0.0,0.0
1,2024-09-17,30.4,26.5,12.7,25.6,0.0,2.2,9.0,2.2
1,2024-09-18,31.5,25.8,15.5,28.8,0.0,0.0,0.0,0.0
1,2024-09-19,31.9,26.2,7.0,18.7,0.0,1.8,1.0,1.8
1,2024-09-20,32.7,26.2,15.5,26.6,0.0,0.0,0.0,0.0
1,2024-09-21,31.3,25.7,9.4,19.1,0.0,0.1,1.0,0.1
1,2024-09-22,29.2,24.1,20.3,38.2,0.0,9.3,11.0,9.3
1,2024-09-23,29.8,21.9,29.5,47.2,0.0,0.6,2.0,0.6
1,2024-09-24,26.8,20.9,20.6,34.9,0.0,0.4,3.0,0.4
1,2024-09-25,27.1,19.7,11.4,24.1,0.0,0.0,0.0,0.0
1,2024-09-26,28.6,22.3,13.9,27.7,0.0,0.6,1.0,0.6
1,2024-09-27,26.9,22.5,13.7,26.6,0.0,10.3,7.0,10.3
1,2024-09-28,27.3,22.7,17.3,31.0,0.0,1.8,3.0,1.8
1,2024-09-29,25.6,21.3,12.5,22.3,0.0,4.6,6.0,4.6
1,2024-09-30,26.2,20.1,17.8,31.0,0.0,0.1,1.0,0.1
1,2024-10-01,30.2,20.1,12.9,22.7,0.0,0.0,0.0,0.0
1,2024-10-02,28.0,19.6,12.0,19.4,0.0,0.0,0.0,0.0
1,2024-10-03,25.8,21.6,31.8,51.8,0.0,11.6,13.0,11.6
1,2024-10-04,26.0,21.4,13.8,30.2,0.0,13.0,15.0,13.0
1,2024-10-05,26.2,19.5,10.9,22.3,0.0,1.3,7.0,1.3
1,2024-10-06,25.7,21.5,13.3,24.5,0.0,0.7,7.0,0.7
1,2024-10-07,26.3,22.3,14.9,28.8,0.0,6.6,19.0,6.6
1,2024-10-08,25.7,19.7,11.9,20.2,0.0,15.3,11.0,15.3
1,2024-10-09,24.1,18.2,9.6,16.2,0.0,27.9,10.0,27.9
1,2024-10-10,23.1,16.3,9.0,16.2,0.0,0.0,0.0,0.0
1,2024-10-11,24.8,15.0,18.1,31.0,0.0,0.0,0.0,0.0
1,2024-10-12,24.4,14.2,10.3,20.2,0.0,0.0,0.0,0.0
1,2024-10-13,25.1,15.3,12.1,22.3,0.0,0.0,0.0,0.0
1,2024-10-14,23.9,15.6,12.5,24.1,0.0,0.0,0.0,0.0
1,2024-10-15,23.9,17.6,9.2,16.9,0.0,2.0,12.0,2.0
1,2024-10-16,25.3,19.1,10.2,20.2,0.0,0.3,3.0,0.3
1,2024-10-17,25.6,18.0,10.8,18.0,0.0,0.5,1.0,0.5
1,2024-10-18,24.6,20.0,23.6,38.2,0.0,9.3,16.0,9.3
1,2024-10-19,25.4,20.0,20.6,34.9,0.0,9.3,14.0,9.3
1,2024-10-20,21.7,15.5,31.7,51.5,0.0,0.0,0.0,0.0
1,2024-10-21,22.2,13.4,24.1,40.0,0.0,0.0,0.0,0.0
1,2024-10-22,22.1,13.4,23.7,35.6,0.0,0.6,3.0,0.6
1,2024-10-23,25.5,20.9,31.2,51.5,0.0,40.0,17.0,40.0
1,2024-10-24,24.0,14.7,12.5,20.5,0.0,0.8,3.0,0.8
1,2024-10-25,23.6,16.8,8.9,20.2,0.0,2.6,4.0,2.6
1,2024-10-26,22.7,17.0,11.7,19.8,0.0,0.0,0.0,0.0
1,2024-10-27,22.4,16.9,10.7,18.7,0.0,0.1,1.0,0.1
1,2024-10-28,22.0,17.2,20.1,34.6,0.0,10.9,7.0,10.9
1,2024-10-29,18.4,17.1,13.3,23.0,0.0,18.9,13.0,18.9
1,2024-10-30,21.9,15.3,33.9,55.8,0.0,11.2,7.0,11.2
1,2024-10-31,20.2,12.0,9.9,23.8,0.0,0.0,0.0,0.0
1,2024-11-01,20.7,16.0,11.5,20.2,0.0,11.9,10.0,11.9
1,2024-11-02,21.9,17.5,24.7,39.2,0.0,50.4,14.0,50.4
1,2024-11-03,22.3,12.7,26.8,43.6,0.0,0.0,0.0,0.0
1,2024-11-04,21.5,11.6,10.9,19.1,0.0,0.0,0.0,0.0
1,2024-11-05,21.5,13.8,12.2,23.0,0.0,0.0,0.0,0.0
1,2024-11-06,19.9,13.9,24.0,39.2,0.0,0.5,2.0,0.5
1,2024-11-07,14.5,10.1,31.2,51.8,0.0,0.0,0.0,0.0
1,2024-11-08,17.0,6.6,18.5,30.2,0.0,0.0,0.0,0.0
1,2024-11-09,18.2,6.8,14.6,24.1,0.0,0.0,0.0,0.0
1,2024-11-10,17.8,9.1,11.9,21.2,0.0,0.2,1.0,0.2
1,2024-11-11,22.2,12.2,22.1,37.4,0.0,1.1,5.0,1.1
1,2024-11-12,20.6,10.5,10.7,16.6,0.0,0.0,0.0,0.0
1,2024-11-13,21.2,11.7,12.6,23.0,0.0,0.0,0.0,0.0
1,2024-11-14,16.0,11.0,9.0,15.1,0.0,0.3,3.0,0.3
1,2024-11-15,20.8,14.3,9.2,15.5,0.0,1.3,5.0,1.3
1,2024-11-16,19.9,14.3,9.6,17.6,0.0,0.9,4.0,0.9
1,2024-11-17,22.4,14.5,19.0,29.5,0.0,0.2,2.0,0.2
1,2024-11-18,17.9,9.4,29.6,47.5,0.0,0.0,0.0,0.0
1,2024-11-19,14.4,7.4,28.3,45.4,0.0,0.0,0.0,0.0
1,2024-11-20,13.2,9.1,9.7,18.4,0.0,0.6,3.0,0.6
1,2024-11-21,17.3,7.7,22.7,37.8,0.0,0.0,0.0,0.0
1,2024-11-22,18.0,8.6,18.6,29.5,0.0,0.0,0.0,0.0
1,2024-11-23,14.2,8.1,29.3,48.6,0.0,0.0,0.0,0.0
1,2024-11-24,15.7,6.7,21.9,35.6,0.0,0.0,0.0,0.0
1,2024-11-25,15.5,5.3,10.1,18.0,0.0,0.0,0.0,0.0
1,2024-11-26,17.9,7.7,38.1,60.8,0.0,77.2,11.0,77.2
1,2024-11-27,16.1,9.8,13.1,25.6,0.0,0.5,1.0,0.5
1,2024-11-28,14.5,6.9,25.0,42.1,0.0,0.0,0.0,0.0
1,2024-11-29,13.5,5.6,18.8,34.6,0.0,0.5,2.0,0.5
1,2024-11-30,14.0,4.7,22.1,37.1,0.0,0.0,0.0,0.0
1,2024-12-01,15.3,5.2,9.0,15.5,0.0,0.0,0.0,0.0
1,2024-12-02,15.3,6.2,8.0,15.5,0.0,0.0,0.0,0.0
1,2024-12-03,16.7,6.8,14.4,25.2,0.0,0.0,0.0,0.0
1,2024-12-04,14.5,7.8,27.6,46.1,0.0,0.0,0.0,0.0
1,2024-12-05,13.8,4.7,18.3,32.4,0.0,0.0,0.0,0.0
1,2024-12-06,13.9,4.8,24.1,41.4,0.0,0.1,1.0,0.1
1,2024-12-07,13.0,4.5,22.3,38.9,0.0,0.0,0.0,0.0
1,2024-12-08,10.9,5.0,28.0,47.2,0.0,0.2,2.0,0.2
1,2024-12-09,11.7,3.2,23.4,39.6,0.0,0.0,0.0,0.0
1,2024-12-10,13.0,3.4,17.1,29.5,0.0,0.0,0.0,0.0
1,2024-12-11,12.9,4.2,21.6,33.8,0.0,0.1,1.0,0.1
1,2024-12-12,10.4,3.4,26.5,44.3,0.0,0.0,0.0,0.0
1,2024-12-13,10.5,2.7,10.2,21.6,0.0,0.0,0.0,0.0
1,2024-12-14,10.0,4.2,26.9,46.4,0.0,0.0,0.0,0.0
1,2024-12-15,10.2,2.0,22.0,37.8,0.0,0.0,0.0,0.0
1,2024-12-16,11.4,1.4,14.8,26.3,0.0,0.0,0.0,0.0
1,2024-12-17,12.5,1.5,17.5,31.0,0.0,0.0,0.0,0.0
1,2024-12-18,11.0,1.5,16.9,29.5,0.0,0.0,0.0,0.0
1,2024-12-19,9.2,1.1,30.1,49.3,0.0,0.0,0.0,0.0
1,2024-12-20,8.8,0.7,11.7,18.7,0.0,0.0,0.0,0.0
1,2024-12-21,8.8,0.9,13.9,22.3,0.0,0.0,0.0,0.0
1,2024-12-22,7.6,3.6,30.8,51.1,0.0,0.8,7.0,0.8
1,2024-12-23,8.3,2.6,22.5,35.6,0.0,0.1,1.0,0.1
1,2024-12-24,9.5,3.7,24.3,40.0,0.0,0.0,0.0,0.0
1,2024-12-25,10.0,1.2,8.6,15.5,0.0,0.0,0.0,0.0
1,2024-12-26,12.9,3.6,18.3,29.2,0.0,0.0,0.0,0.0
1,2024-12-27,11.0,3.5,31.5,52.9,0.0,0.0,0.0,0.0
1,2024-12-28,9.2,2.3,23.2,39.2,0.0,0.0,0.0,0.0
1,2024-12-29,9.7,-0.5,23.5,41.8,0.0,0.1,1.0,0.1
1,2024-12-30,10.1,2.4,9.1,18.7,0.0,0.0,0.0,0.0
1,2024-12-31,12.9,2.4,29.4,48.2,0.0,0.1,1.0,0.1
1,2025-01-01,10.0,2.1,19.7,33.8,0.0,0.0,0.0,0.0
1,2025-01-02,12.1,1.9,17.2,29.2,0.0,0.0,0.0,0.0
1,2025-01-03,10.7,3.1,24.0,40.3,0.0,0.0,0.0,0.0
1,2025-01-04,9.0,2.2,17.9,30.6,0.0,0.0,0.0,0.0
1,2025-01-05,9.7,0.9,8.6,16.9,0.0,0.0,0.0,0.0
1,2025-01-06,7.3,1.7,13.7,22.3,0.0,7.8,14.0,7.8
1,2025-01-07,10.5,3.4,27.7,45.7,0.0,0.0,0.0,0.0
1,2025-01-08,8.4,1.0,25.7,44.3,0.0,0.0,0.0,0.0
1,2025-01-09,8.7,-0.4,25.0,43.2,0.0,0.0,0.0,0.0
1,2025-01-10,6.5,-1.0,21.9,37.4,0.63,0.0,5.0,0.9
1,2025-01-11,9.1,-0.3,11.2,22.7,0.0,0.0,0.0,0.0
1,2025-01-12,7.2,1.1,10.4,18.7,0.0,0.2,1.0,0.2
1,2025-01-13,9.4,-0.1,16.5,28.8,0.0,0.0,0.0,0.0
1,2025-01-14,11.2,0.6,17.0,30.2,0.0,0.0,0.0,0.0
1,2025-01-15,9.8,1.7,30.2,56.9,0.0,0.4,4.0,0.4
1,2025-01-16,7.7,0.2,14.7,24.1,0.0,0.0,0.0,0.0
1,2025-01-17,7.3,0.6,28.9,48.6,0.0,0.0,0.0,0.0
1,2025-01-18,10.5,-0.8,13.8,23.0,0.0,0.0,0.0,0.0
1,2025-01-19,11.4,0.8,10.4,18.0,0.0,0.0,0.0,0.0
1,2025-01-20,13.1,4.8,10.3,15.8,0.0,4.2,6.0,4.2
1,2025-01-21,13.6,2.1,22.8,39.2,0.0,0.0,0.0,0.0
1,2025-01-22,11.6,0.9,16.7,31.0,0.0,0.0,0.0,0.0
1,2025-01-23,12.4,0.7,10.1,18.4,0.0,0.0,0.0,0.0
1,2025-01-24,13.6,1.5,17.3,31.0,0.0,0.0,0.0,0.0
1,2025-01-25,10.4,2.4,30.2,50.0,0.0,0.0,0.0,0.0
1,2025-01-26,11.9,1.4,22.6,39.2,0.0,0.0,0.0,0.0
1,2025-01-27,9.4,0.2,8.3,17.3,0.0,0.8,4.0,0.8
1,2025-01-28,10.9,3.0,26.1,45.7,0.0,0.4,3.0,0.4
1,2025-01-29,9.8,1.0,29.5,50.8,0.0,0.0,0.0,0.0
1,2025-01-30,7.5,0.9,33.9,55.4,0.0,0.0,0.0,0.0
1,2025-01-31,7.8,3.2,19.7,34.9,0.0,0.1,1.0,0.1
1,2025-02-01,11.0,2.4,10.3,16.6,0.0,2.5,6.0,2.5
1,2025-02-02,10.9,5.1,12.0,22.7,0.0,4.7,10.0,4.7
1,2025-02-03,13.4,5.5,21.6,33.8,0.0,0.6,5.0,0.6
1,2025-02-04,6.7,1.4,25.7,47.2,0.07,0.0,1.0,0.1
1,2025-02-05,6.0,-0.8,34.4,57.6,0.07,0.0,1.0,0.1
1,2025-02-06,6.8,-0.7,26.4,46.1,0.0,0.0,0.0,0.0
1,2025-02-07,7.0,-1.1,28.9,46.4,0.21,0.1,2.0,0.4
1,2025-02-08,4.6,-0.7,31.3,52.2,1.96,0.4,13.0,3.2
1,2025-02-09,7.4,-0.3,23.7,42.1,0.0,0.0,0.0,0.0
1,2025-02-10,8.1,-0.5,23.3,39.2,0.0,0.0,0.0,0.0
1,2025-02-11,7.2,1.7,32.2,53.3,0.0,0.0,0.0,0.0
1,2025-02-12,4.9,-1.2,14.9,23.4,0.0,1.5,10.0,1.5
1,2025-02-13,8.2,3.3,38.2,63.4,0.0,0.4,3.0,0.4
1,2025-02-14,11.2,2.6,28.3,47.2,0.0,0.0,0.0,0.0
1,2025-02-15,12.8,2.1,11.5,20.9,0.0,0.3,2.0,0.3
1,2025-02-16,14.3,5.2,11.3,20.2,0.0,4.6,7.0,4.6
1,2025-02-17,10.5,2.6,33.7,58.0,0.0,0.3,3.0,0.3
1,2025-02-18,7.0,1.3,27.8,47.9,0.07,0.2,3.0,0.3
1,2025-02-19,5.7,0.7,28.0,53.6,0.56,0.2,7.0,1.0
1,2025-02-20,6.6,-0.7,23.8,41.0,0.07,0.2,2.0,0.3
1,2025-02-21,7.9,-0.7,22.4,38.2,0.28,0.0,2.0,0.4
1,2025-02-22,6.3,-0.9,30.3,54.0,0.0,0.1,1.0,0.1
1,2025-02-23,7.8,-1.2,17.4,31.7,0.0,0.2,2.0,0.2
1,2025-02-24,7.2,-0.8,28.5,51.8,0.07,0.1,2.0,0.2
1,2025-02-25,11.2,0.3,11.5,20.9,0.0,0.0,0.0,0.0
1,2025-02-26,12.2,3.3,25.8,42.5,0.0,0.0,0.0,0.0
1,2025-02-27,13.5,1.4,20.6,35.6,0.0,0.0,0.0,0.0
1,2025-02-28,13.3,4.5,9.3,16.6,0.0,0.0,0.0,0.0
1,2025-03-01,16.4,2.1,10.9,19.4,0.0,0.0,0.0,0.0
1,2025-03-02,16.6,6.5,9.9,16.2,0.0,0.6,3.0,0.6
1,2025-03-03,12.5,3.7,12.9,25.6,0.0,15.9,13.0,15.9
1,2025-03-04,8.1,3.3,28.0,46.1,0.0,13.8,14.0,13.8
1,2025-03-05,11.0,7.4,21.1,33.5,0.0,5.5,15.0,5.5
1,2025-03-06,11.9,4.6,29.5,48.6,0.0,0.0,0.0,0.0
1,2025-03-07,9.8,2.7,32.1,54.4,0.0,0.0,0.0,0.0
1,2025-03-08,10.1,0.8,14.2,25.2,0.0,0.3,3.0,0.3
1,2025-03-09,13.4,3.1,26.8,43.9,0.0,0.0,0.0,0.0
1,2025-03-10,13.3,0.5,16.2,28.4,0.0,0.0,0.0,0.0
1,2025-03-11,9.9,7.7,15.4,26.3,0.0,7.5,14.0,7.5
1,2025-03-12,15.2,6.7,10.7,20.5,0.0,0.2,1.0,0.2
1,2025-03-13,16.3,8.1,25.5,42.1,0.0,0.0,0.0,0.0
1,2025-03-14,17.4,5.4,24.0,40.3,0.0,0.0,0.0,0.0
1,2025-03-15,9.7,3.7,17.2,27.4,0.0,4.3,12.0,4.3
1,2025-03-16,13.2,6.7,18.2,31.7,0.0,18.7,18.0,18.7
1,2025-03-17,10.1,4.2,29.9,53.3,0.0,0.5,3.0,0.5
1,2025-03-18,10.4,0.6,20.3,35.3,0.0,2.5,5.0,2.5
1,2025-03-19,9.4,1.8,41.8,72.4,0.0,0.7,1.0,0.7
1,2025-03-20,12.2,0.6,17.3,28.8,0.0,0.0,0.0,0.0
1,2025-03-21,14.0,1.1,17.1,30.2,0.0,0.0,0.0,0.0
1,2025-03-22,20.7,3.3,15.8,27.0,0.0,0.0,0.0,0.0
1,2025-03-23,20.9,4.5,22.2,38.2,0.0,0.0,0.0,0.0
1,2025-03-24,18.5,5.9,15.1,26.6,0.0,0.2,2.0,0.2
1,2025-03-25,20.4,7.2,18.1,30.2,0.0,0.0,0.0,0.0
1,2025-03-26,20.4,9.2,22.6,41.4,0.0,0.0,0.0,0.0
1,2025-03-27,19.2,6.6,19.7,33.5,0.0,0.7,4.0,0.7
1,2025-03-28,19.7,10.3,32.0,52.9,0.0,20.5,9.0,20.5
1,2025-03-29,14.5,7.8,29.7,49.3,0.0,0.3,2.0,0.3
1,2025-03-30,10.8,4.6,31.3,52.6,0.0,0.0,0.0,0.0
1,2025-03-31,11.5,2.7,20.7,33.5,0.0,0.0,0.0,0.0
1,2025-04-01,13.7,7.6,9.9,15.8,0.0,0.5,3.0,0.5
1,2025-04-02,19.4,9.2,12.5,20.2,0.0,0.2,1.0,0.2
1,2025-04-03,16.3,9.1,25.0,42.8,0.0,1.0,5.0,1.0
1,2025-04-04,15.8,7.0,32.8,54.0,0.0,0.0,0.0,0.0
1,2025-04-05,16.0,3.6,19.0,36.7,0.0,0.0,0.0,0.0
1,2025-04-06,16.6,9.6,21.7,38.2,0.0,9.3,9.0,9.3
1,2025-04-07,18.0,7.6,25.0,44.3,0.0,0.0,0.0,0.0
1,2025-04-08,19.8,5.5,21.2,38.9,0.0,0.0,0.0,0.0
1,2025-04-09,20.5,8.7,18.8,36.7,0.0,0.0,0.0,0.0
1,2025-04-10,18.7,7.6,15.0,24.8,0.0,5.0,11.0,5.0
1,2025-04-11,22.4,11.2,16.3,30.6,0.0,0.5,2.0,0.5
1,2025-04-12,20.8,8.4,22.6,39.2,0.0,0.8,3.0,0.8
1,2025-04-13,16.6,8.8,43.4,70.9,0.0,46.0,24.0,46.0
1,2025-04-14,17.9,9.1,20.8,35.6,0.0,2.4,5.0,2.4
1,2025-04-15,16.3,7.5,32.0,58.7,0.0,1.1,3.0,1.1
1,2025-04-16,18.5,6.3,21.7,38.2,0.0,0.1,1.0,0.1
1,2025-04-17,20.6,7.4,12.2,24.8,0.0,0.0,0.0,0.0
1,2025-04-18,21.7,11.5,17.5,31.3,0.0,0.0,0.0,0.0
1,2025-04-19,24.8,13.0,15.7,29.2,0.0,0.0,0.0,0.0
1,2025-04-20,21.9,15.6,11.8,22.3,0.0,0.0,0.0,0.0
1,2025-04-21,23.8,12.8,24.3,40.3,0.0,0.0,0.0,0.0
1,2025-04-22,21.8,15.5,30.8,51.1,0.0,3.4,13.0,3.4
1,2025-04-23,24.3,16.4,36.9,59.8,0.0,22.0,13.0,22.0
1,2025-04-24,21.6,12.1,11.2,24.5,0.0,0.0,0.0,0.0
1,2025-04-25,19.6,11.3,22.7,39.2,0.0,0.0,0.0,0.0
1,2025-04-26,20.0,8.3,21.7,36.4,0.0,0.0,0.0,0.0
1,2025-04-27,21.1,7.1,13.6,25.9,0.0,0.0,0.0,0.0
1,2025-04-28,20.3,11.8,11.8,21.2,0.0,8.9,8.0,8.9
1,2025-04-29,16.6,10.2,30.8,51.5,0.0,0.0,0.0,0.0
1,2025-04-30,23.1,7.4,11.5,24.1,0.0,0.0,0.0,0.0
1,2025-05-01,21.4,9.5,28.6,47.5,0.0,0.4,3.0,0.4
1,2025-05-02,17.9,12.7,37.0,59.0,0.0,42.3,15.0,42.3
1,2025-05-03,21.5,11.0,17.2,31.0,0.0,0.0,0.0,0.0
1,2025-05-04,20.7,11.4,27.1,45.7,0.0,0.3,3.0,0.3
1,2025-05-05,21.4,8.7,19.9,34.2,0.0,0.0,0.0,0.0
1,2025-05-06,17.0,13.3,14.0,27.4,0.0,29.9,17.0,29.9
1,2025-05-07,20.4,10.6,33.0,55.4,0.0,3.5,3.0,3.5
1,2025-05-08,20.5,8.3,16.6,29.9,0.0,0.1,1.0,0.1
1,2025-05-09,20.2,16.2,32.6,52.2,0.0,24.0,16.0,24.0
1,2025-05-10,21.3,16.3,32.9,54.7,0.0,13.8,12.0,13.8
1,2025-05-11,21.9,15.1,20.6,36.0,0.0,3.0,5.0,3.0
1,2025-05-12,22.3,14.8,13.5,22.3,0.0,4.9,5.0,4.9
1,2025-05-13,23.4,10.4,14.4,27.7,0.0,0.0,0.0,0.0
1,2025-05-14,22.7,14.2,16.6,28.4,0.0,0.0,0.0,0.0
1,2025-05-15,23.2,13.9,18.2,31.7,0.0,0.0,0.0,0.0
1,2025-05-16,22.9,16.2,15.7,29.5,0.0,0.3,2.0,0.3
1,2025-05-17,25.0,19.1,35.8,57.6,0.0,36.4,20.0,36.4
1,2025-05-18,28.2,19.9,13.9,25.6,0.0,0.5,3.0,0.5
1,2025-05-19,23.9,18.1,14.4,23.4,0.0,0.0,0.0,0.0
1,2025-05-20,25.9,16.3,14.1,27.7,0.0,0.0,0.0,0.0
1,2025-05-21,27.7,19.0,20.1,37.1,0.0,5.7,5.0,5.7
1,2025-05-22,26.5,19.5,14.9,27.0,0.0,9.3,6.0,9.3
1,2025-05-23,23.1,16.7,23.1,41.4,0.0,0.0,0.0,0.0
1,2025-05-24,20.8,17.5,26.7,42.8,0.0,11.4,11.0,11.4
1,2025-05-25,21.7,16.0,23.6,39.6,0.0,14.8,7.0,14.8
1,2025-05-26,21.3,14.9,21.5,34.6,0.0,0.0,0.0,0.0
1,2025-05-27,20.6,14.9,18.4,32.0,0.0,13.6,10.0,13.6
1,2025-05-28,23.5,14.5,17.3,30.6,0.0,0.0,0.0,0.0
1,2025-05-29,21.4,17.2,14.3,23.8,0.0,5.0,16.0,5.0
1,2025-05-30,24.8,15.8,14.6,24.1,0.0,3.7,10.0,3.7
1,2025-05-31,22.5,16.4,30.9,50.8,0.0,0.2,1.0,0.2
1,2025-06-01,23.3,16.4,30.1,50.4,0.0,0.0,0.0,0.0
1,2025-06-02,24.3,14.7,15.3,26.6,0.0,0.1,1.0,0.1
1,2025-06-03,20.0,17.9,17.4,28.8,0.0,42.0,17.0,42.0
1,2025-06-04,25.7,15.4,20.5,34.6,0.0,0.2,2.0,0.2
1,2025-06-05,27.2,13.7,17.6,31.3,0.0,0.0,0.0,0.0
1,2025-06-06,26.4,15.4,24.4,43.9,0.0,0.0,0.0,0.0
1,2025-06-07,26.5,19.0,15.2,31.7,0.0,0.0,0.0,0.0
1,2025-06-08,25.6,19.2,13.0,27.4,0.0,0.0,0.0,0.0
1,2025-06-09,24.3,18.2,18.8,34.6,0.0,14.2,10.0,14.2
1,2025-06-10,22.0,19.3,8.0,25.2,0.0,47.4,24.0,47.4
1,2025-06-11,24.0,20.2,14.2,29.5,0.0,39.9,16.0,39.9
1,2025-06-12,25.5,17.7,10.2,19.8,0.0,0.0,0.0,0.0
1,2025-06-13,25.7,16.4,21.6,37.4,0.0,0.0,0.0,0.0
1,2025-06-14,23.1,20.8,31.4,52.6,0.0,25.2,21.0,25.2
1,2025-06-15,28.9,20.7,15.3,28.4,0.0,9.8,10.0,9.8
1,2025-06-16,28.5,20.1,11.0,22.7,0.0,0.0,0.0,0.0
1,2025-06-17,31.2,22.9,16.9,28.8,0.0,0.9,6.0,0.9
1,2025-06-18,31.6,20.8,13.0,24.8,0.0,0.0,0.0,0.0
1,2025-06-19,32.1,22.5,16.4,27.4,0.0,0.0,0.0,0.0
1,2025-06-20,28.8,24.0,22.4,40.3,0.0,0.0,0.0,0.0
1,2025-06-21,29.6,23.8,23.5,41.8,0.0,0.2,2.0,0.2
1,2025-06-22,30.6,24.6,24.7,45.4,0.0,0.2,2.0,0.2
1,2025-06-23,26.5,22.9,13.7,28.8,0.0,21.8,21.0,21.8
1,2025-06-24,26.2,23.6,21.1,34.9,0.0,22.1,24.0,22.1
1,2025-06-25,28.8,23.5,13.5,25.6,0.0,4.5,12.0,4.5
1,2025-06-26,28.3,23.3,14.8,33.5,0.0,2.6,10.0,2.6
1,2025-06-27,30.4,21.9,20.5,34.6,0.0,0.2,2.0,0.2
1,2025-06-28,30.0,21.1,14.5,25.9,0.0,0.0,0.0,0.0
1,2025-06-29,29.1,22.7,17.2,31.3,0.0,0.0,0.0,0.0
1,2025-06-30,30.5,23.3,17.4,31.3,0.0,0.0,0.0,0.0
1,2025-07-01,32.5,24.4,12.7,20.2,0.0,0.2,1.0,0.2
1,2025-07-02,31.6,25.6,10.2,19.4,0.0,7.2,5.0,7.2
1,2025-07-03,29.5,24.1,17.1,31.0,0.0,8.1,11.0,8.1
1,2025-07-04,30.3,25.1,14.5,29.2,0.0,0.9,8.0,0.9
1,2025-07-05,34.2,25.4,16.9,29.5,0.0,0.2,2.0,0.2
1,2025-07-06,36.3,25.1,18.6,35.3,0.0,0.0,0.0,0.0
1,2025-07-07,35.4,25.2,22.8,42.8,0.0,0.6,2.0,0.6
1,2025-07-08,32.2,25.4,20.9,38.5,0.0,2.6,9.0,2.6
1,2025-07-09,31.8,25.5,20.4,37.4,0.0,5.6,12.0,5.6
1,2025-07-10,33.0,25.0,19.4,37.8,0.0,10.4,5.0,10.4
1,2025-07-11,32.3,24.4,28.5,50.0,0.0,2.9,10.0,2.9
1,2025-07-12,31.0,25.4,27.4,48.6,0.0,0.8,6.0,0.8
1,2025-07-13,31.3,24.6,27.4,49.3,0.0,0.8,5.0,0.8
1,2025-07-14,31.4,25.5,37.4,64.4,0.0,19.4,13.0,19.4
1,2025-07-15,30.3,25.8,40.1,68.0,0.0,23.8,8.0,23.8
1,2025-07-16,29.4,24.3,31.3,52.2,0.0,23.8,19.0,23.8
1,2025-07-17,26.6,24.7,30.9,53.6,0.0,57.6,23.0,57.6
1,2025-07-18,28.6,24.6,28.3,49.3,0.0,6.1,20.0,6.1
1,2025-07-19,29.5,24.1,19.6,34.6,0.0,0.8,4.0,0.8
1,2025-07-20,29.8,24.5,15.4,28.4,0.0,0.5,3.0,0.5
1,2025-07-21,30.8,25.2,13.2,26.3,0.0,0.2,2.0,0.2
1,2025-07-22,31.8,26.2,20.2,34.9,0.0,0.2,2.0,0.2
1,2025-07-23,32.6,26.0,17.5,33.1,0.0,0.1,1.0,0.1
1,2025-07-24,33.8,25.6,19.6,37.1,0.0,0.0,0.0,0.0
1,2025-07-25,32.9,26.2,21.8,39.2,0.0,2.0,8.0,2.0
1,2025-07-26,32.7,26.2,25.1,44.3,0.0,2.8,10.0,2.8
1,2025-07-27,33.0,25.8,23.9,41.8,0.0,1.1,9.0,1.1
1,2025-07-28,34.1,25.3,20.9,39.2,0.0,0.0,0.0,0.0
1,2025-07-29,35.6,27.1,25.5,46.1,0.0,0.0,0.0,0.0
1,2025-07-30,34.6,26.7,30.3,51.1,0.0,0.0,0.0,0.0
1,2025-07-31,32.3,27.4,22.9,42.1,0.0,0.3,3.0,0.3
1,2025-08-01,37.4,26.0,19.1,34.2,0.0,0.0,0.0,0.0
1,2025-08-02,38.2,28.0,19.5,37.4,0.0,0.0,0.0,0.0
1,2025-08-03,36.2,27.5,25.2,44.6,0.0,5.0,3.0,5.0
1,2025-08-04,35.4,27.9,26.0,46.8,0.0,0.1,1.0,0.1
1,2025-08-05,36.0,27.4,22.9,41.4,0.0,2.9,15.0,2.9
1,2025-08-06,37.1,26.8,11.0,27.7,0.0,0.9,6.0,0.9
1,2025-08-07,33.0,26.2,14.1,38.9,0.0,10.0,7.0,10.0
1,2025-08-08,33.3,24.7,13.1,23.4,0.0,0.1,1.0,0.1
1,2025-08-09,31.6,23.2,13.8,29.9,0.0,1.6,5.0,1.6
1,2025-08-10,28.5,25.4,18.4,38.5,0.0,20.0,21.0,20.0
1,2025-08-11,30.7,26.3,18.8,47.9,0.0,19.8,19.0,19.8
1,2025-08-12,30.0,24.9,11.7,30.2,0.0,6.8,17.0,6.8
1,2025-08-13,30.7,25.1,7.4,21.2,0.0,0.7,4.0,0.7
1,2025-08-14,29.8,25.5,16.1,28.8,0.0,1.6,3.0,1.6
1,2025-08-15,33.8,25.3,8.5,18.7,0.0,0.0,0.0,0.0
1,2025-08-16,32.1,25.6,16.4,32.4,0.0,0.3,2.0,0.3
1,2025-08-17,34.7,25.2,13.6,26.3,0.0,0.3,3.0,0.3
1,2025-08-18,36.4,24.8,13.0,27.4,0.0,0.0,0.0,0.0
1,2025-08-19,34.8,26.7,19.3,36.7,0.0,0.0,0.0,0.0
1,2025-08-20,35.8,26.2,19.3,37.1,0.0,0.0,0.0,0.0
1,2025-08-21,36.7,26.5,12.0,24.5,0.0,0.0,0.0,0.0
1,2025-08-22,35.2,26.9,20.5,37.1,0.0,0.0,0.0,0.0
1,2025-08-23,33.5,27.9,21.0,39.2,0.0,0.1,1.0,0.1
1,2025-08-24,34.8,27.4,19.6,38.9,0.0,0.5,2.0,0.5
1,2025-08-25,33.9,26.0,16.2,33.5,0.0,7.5,11.0,7.5
1,2025-08-26,33.0,25.5,20.8,33.5,0.0,11.2,7.0,11.2
1,2025-08-27,33.0,23.9,15.2,34.2,0.0,2.2,4.0,2.2
1,2025-08-28,35.2,24.8,25.5,45.4,0.0,0.0,0.0,0.0
1,2025-08-29,33.4,26.1,18.6,34.6,0.0,0.7,5.0,0.7
1,2025-08-30,38.4,26.5,17.3,33.1,0.0,0.0,0.0,0.0
1,2025-08-31,37.5,25.1,29.2,50.4,0.0,0.0,0.0,0.0
1,2025-09-01,34.8,27.8,23.2,42.8,0.0,0.0,0.0,0.0
1,2025-09-02,34.2,26.4,18.4,36.0,0.0,0.2,2.0,0.2
1,2025-09-03,35.7,26.8,25.1,43.9,0.0,3.6,1.0,3.6
1,2025-09-04,28.1,25.2,20.7,33.8,0.0,28.1,21.0,28.1
1,2025-09-05,32.4,24.6,28.3,47.5,0.0,37.1,13.0,37.1
1,2025-09-06,31.0,23.3,15.7,28.1,0.0,0.0,0.0,0.0
1,2025-09-07,29.6,24.7,14.3,25.6,0.0,0.5,5.0,0.5
1,2025-09-08,31.8,25.1,10.1,23.4,0.0,1.6,6.0,1.6
1,2025-09-09,31.7,25.3,10.5,22.0,0.0,0.0,0.0,0.0
1,2025-09-10,31.2,24.6,19.4,34.6,0.0,26.9,13.0,26.9
1,2025-09-11,29.6,24.0,11.2,19.4,0.0,20.7,14.0,20.7
1,2025-09-12,28.0,23.3,18.2,33.5,0.0,24.0,21.0,24.0
1,2025-09-13,27.9,24.0,23.5,41.8,0.0,18.1,17.0,18.1
1,2025-09-14,30.2,24.8,8.4,15.8,0.0,1.0,8.0,1.0
1,2025-09-15,33.6,25.3,10.1,17.3,0.0,0.3,2.0,0.3
1,2025-09-16,31.6,23.5,15.1,26.3,0.0,1.5,1.0,1.5
1,2025-09-17,31.6,24.1,13.8,25.9,0.0,4.3,8.0,4.3
1,2025-09-18,31.4,24.8,19.0,32.4,0.0,1.3,6.0,1.3
1,2025-09-19,28.8,22.1,20.6,37.8,0.0,1.0,4.0,1.0
1,2025-09-20,27.2,24.2,21.6,36.4,0.0,1.4,5.0,1.4
1,2025-09-21,31.3,21.7,25.5,42.5,0.0,1.9,4.0,1.9
1,2025-09-22,27.9,17.8,18.2,32.8,0.0,0.0,0.0,0.0
1,2025-09-23,26.8,20.5,19.1,35.3,0.0,0.0,0.0,0.0
1,2025-09-24,27.5,21.1,21.6,36.7,0.0,0.0,0.0,0.0
1,2025-09-25,27.3,22.2,11.6,22.0,0.0,0.0,0.0,0.0
1,2025-09-26,32.3,21.1,18.5,31.7,0.0,0.0,0.0,0.0
1,2025-09-27,31.4,17.7,12.0,25.2,0.0,0.2,2.0,0.2
1,2025-09-28,27.4,19.8,25.2,42.1,0.0,5.5,13.0,5.5
1,2025-09-29,27.7,21.1,20.9,35.3,0.0,8.0,10.0,8.0
1,2025-09-30,25.9,18.0,13.4,24.5,0.0,1.9,3.0,1.9
1,2025-10-01,24.4,19.0,8.8,21.6,0.0,7.2,10.0,7.2
1,2025-10-02,27.9,17.4,8.2,17.3,0.0,0.0,0.0,0.0
1,2025-10-03,25.4,18.9,9.6,15.8,0.0,0.5,3.0,0.5
1,2025-10-04,22.1,20.3,9.1,18.0,0.0,16.1,20.0,16.1
1,2025-10-05,25.3,21.3,10.8,16.6,0.0,10.4,18.0,10.4
1,2025-10-06,30.1,20.0,17.4,31.3,0.0,0.7,1.0,0.7
1,2025-10-07,25.6,20.9,18.7,33.1,0.0,0.2,1.0,0.2
1,2025-10-08,27.6,20.3,14.2,26.3,0.0,0.0,0.0,0.0
1,2025-10-09,27.6,18.1,25.1,42.1,0.0,0.0,0.0,0.0
1,2025-10-10,22.7,16.1,11.5,20.2,0.0,0.0,0.0,0.0
1,2025-10-11,22.0,19.9,7.4,14.0,0.0,4.3,7.0,4.3
1,2025-10-12,24.9,21.0,9.6,25.9,0.0,20.1,4.0,20.1
1,2025-10-13,29.2,20.6,26.1,43.9,0.0,0.0,0.0,0.0
1,2025-10-14,24.2,19.0,28.7,50.0,0.0,13.6,12.0,13.6
1,2025-10-15,23.5,19.2,13.3,23.4,0.0,20.7,7.0,20.7
1,2025-10-16,23.8,20.5,19.1,32.8,0.0,14.8,17.0,14.8
1,2025-10-17,26.6,18.6,19.5,32.8,0.0,0.0,0.0,0.0
1,2025-10-18,24.0,20.0,18.2,31.3,0.0,2.4,7.0,2.4
1,2025-10-19,24.2,19.4,12.7,19.4,0.0,1.4,2.0,1.4
1,2025-10-20,24.2,17.4,17.1,27.7,0.0,7.7,6.0,7.7
1,2025-10-21,18.7,14.2,15.5,24.5,0.0,0.0,0.0,0.0
1,2025-10-22,15.2,13.6,10.6,18.0,0.0,9.4,16.0,9.4
1,2025-10-23,21.3,13.1,8.8,18.0,0.0,0.0,0.0,0.0
1,2025-10-24,18.4,12.8,13.4,22.0,0.0,0.0,0.0,0.0
1,2025-10-25,19.5,14.8,10.3,22.7,0.0,6.2,9.0,6.2
1,2025-10-26,20.2,16.5,17.6,30.2,0.0,14.0,15.0,14.0
1,2025-10-27,20.5,14.7,24.6,39.2,0.0,0.0,0.0,0.0
1,2025-10-28,17.8,11.8,26.4,43.6,0.0,0.0,0.0,0.0
1,2025-10-29,19.4,10.6,17.5,31.0,0.0,0.0,0.0,0.0
1,2025-10-30,19.1,9.4,10.1,17.6,0.0,0.0,0.0,0.0
1,2025-10-31,18.1,12.1,27.1,44.3,0.0,37.0,11.0,37.0
1,2025-11-01,21.0,12.3,17.4,31.3,0.0,0.6,1.0,0.6
1,2025-11-02,20.7,12.0,15.9,28.4,0.0,0.0,0.0,0.0
1,2025-11-03,17.1,10.7,28.4,47.2,0.0,0.4,1.0,0.4
1,2025-11-04,16.4,8.4,14.1,22.0,0.0,0.0,0.0,0.0
1,2025-11-05,15.6,12.6,10.4,17.6,0.0,5.0,9.0,5.0
1,2025-11-06,21.5,11.1,20.1,34.9,0.0,0.0,0.0,0.0
1,2025-11-07,20.6,11.4,22.8,37.8,0.0,0.0,0.0,0.0
1,2025-11-08,17.9,7.7,11.1,18.4,0.0,0.1,1.0,0.1
1,2025-11-09,15.2,13.4,16.5,27.7,0.0,26.1,13.0,26.1
1,2025-11-10,17.7,11.3,34.4,57.6,0.0,0.2,2.0,0.2
1,2025-11-11,17.0,10.3,20.4,35.3,0.0,0.0,0.0,0.0
1,2025-11-12,15.6,6.6,12.0,19.4,0.0,0.0,0.0,0.0
1,2025-11-13,18.0,11.2,9.4,18.4,0.0,0.0,0.0,0.0
1,2025-11-14,20.0,11.1,16.0,27.7,0.0,0.0,0.0,0.0
1,2025-11-15,19.6,7.9,9.9,18.7,0.0,0.0,0.0,0.0
1,2025-11-16,18.1,7.2,9.6,19.4,0.0,0.0,0.0,0.0
1,2025-11-17,19.3,8.4,20.0,32.8,0.0,0.0,0.0,0.0
1,2025-11-18,13.1,8.0,24.9,43.2,0.0,0.2,2.0,0.2
1,2025-11-19,13.7,5.2,17.5,31.7,0.0,0.0,0.0,0.0
1,2025-11-20,14.7,3.9,11.7,23.0,0.0,0.0,0.0,0.0
1,2025-11-21,17.5,5.0,15.4,25.2,0.0,0.0,0.0,0.0
1,2025-11-22,17.6,7.5,15.8,27.0,0.0,0.0,0.0,0.0
1,2025-11-23,17.3,5.4,10.3,17.6,0.0,0.0,0.0,0.0
1,2025-11-24,18.6,5.7,8.5,18.7,0.0,0.0,0.0,0.0
1,2025-11-25,13.0,8.7,9.4,15.5,0.0,4.4,9.0,4.4
1,2025-11-26,17.7,7.9,23.8,40.3,0.0,0.2,2.0,0.2
1,2025-11-27,16.5,5.4,18.4,35.6,0.0,4.0,5.0,4.0
1,2025-11-28,15.0,8.5,29.0,48.2,0.0,4.4,1.0,4.4
1,2025-11-29,16.1,5.2,8.2,17.3,0.0,0.0,0.0,0.0
1,2025-11-30,16.1,4.6,7.5,14.0,0.0,0.0,0.0,0.0
1,2025-12-01,17.7,6.7,10.8,19.4,0.0,0.0,0.0,0.0
1,2025-12-02,19.9,8.6,15.3,24.5,0.0,0.0,0.0,0.0
1,2025-12-03,13.8,4.8,32.9,55.1,0.0,0.1,1.0,0.1
1,2025-12-04,8.7,3.7,23.2,37.4,0.21,0.5,3.0,0.8
1,2025-12-05,11.2,2.1,24.3,44.3,0.0,0.0,0.0,0.0
1,2025-12-06,11.9,0.9,8.9,20.2,0.0,0.0,0.0,0.0
1,2025-12-07,14.3,2.6,10.2,21.6,0.0,0.0,0.0,0.0
1,2025-12-08,14.9,4.7,19.8,31.0,0.0,0.2,2.0,0.2
1,2025-12-09,13.4,4.9,22.8,39.6,0.0,0.0,0.0,0.0
1,2025-12-10,13.4,3.4,19.9,34.9,0.0,0.0,0.0,0.0
1,2025-12-11,12.5,4.5,17.4,24.5,0.0,0.7,2.0,0.7
1,2025-12-12,10.6,3.7,33.5,56.2,0.0,0.0,0.0,0.0
1,2025-12-13,10.5,0.0,16.6,28.4,0.0,0.4,2.0,0.4
1,2025-12-14,13.7,7.5,25.4,44.6,0.0,9.9,9.0,9.9
1,2025-12-15,11.2,6.4,28.2,45.7,0.0,0.0,0.0,0.0
1,2025-12-16,12.1,5.8,8.5,19.8,0.0,0.0,0.0,0.0
1,2025-12-17,11.5,4.5,13.0,20.9,0.0,6.5,4.0,6.5
1,2025-12-18,12.1,3.3,20.1,33.8,0.0,0.0,0.0,0.0
1,2025-12-19,13.9,1.7,9.0,15.1,0.0,0.4,2.0,0.4
1,2025-12-20,13.7,9.0,11.6,21.2,0.0,17.3,15.0,17.3
1,2025-12-21,14.1,10.7,23.3,37.8,0.0,6.2,13.0,6.2
1,2025-12-22,12.6,2.7,25.8,42.8,0.0,0.0,0.0,0.0
1,2025-12-23,10.9,2.3,11.0,19.1,0.0,1.7,4.0,1.7
1,2025-12-24,12.4,7.7,12.3,26.3,0.0,8.5,15.0,8.5
1,2025-12-25,12.6,8.6,20.6,31.7,0.0,2.2,10.0,2.2
1,2025-12-26,7.9,2.2,34.0,58.7,0.0,3.7,9.0,3.7
1,2025-12-27,7.5,0.5,7.6,17.3,0.0,0.0,0.0,0.0
1,2025-12-28,11.4,1.5,11.5,22.3,0.0,0.0,0.0,0.0
1,2025-12-29,11.2,0.8,8.6,19.1,0.0,0.0,0.0,0.0
1,2025-12-30,14.0,3.3,15.5,24.5,0.0,0.0,0.0,0.0
1,2025-12-31,10.5,5.5,24.0,40.0,0.0,0.0,0.0,0.0
1,2026-01-01,8.6,3.8,24.7,41.4,0.0,0.0,0.0,0.0
1,2026-01-02,7.1,1.4,22.4,43.6,0.0,0.3,3.0,0.3
1,2026-01-03,7.5,0.5,19.5,33.5,0.14,0.6,7.0,0.8
1,2026-01-04,10.7,0.7,19.0,32.8,0.0,0.0,0.0,0.0
1,2026-01-05,13.2,2.0,19.6,32.0,0.0,0.1,1.0,0.1
1,2026-01-06,9.0,0.6,27.1,45.7,0.0,0.0,0.0,0.0
1,2026-01-07,9.4,-0.4,9.8,19.8,0.0,0.0,0.0,0.0
1,2026-01-08,7.7,1.0,32.4,54.0,0.0,0.0,0.0,0.0
1,2026-01-09,8.3,0.2,16.8,31.0,0.0,0.0,0.0,0.0
1,2026-01-10,9.7,-0.6,11.3,24.5,0.0,0.0,0.0,0.0
1,2026-01-11,9.5,1.0,36.5,63.4,0.0,0.2,2.0,0.2
1,2026-01-12,7.4,-0.4,24.3,40.3,0.07,0.0,1.0,0.1
1,2026-01-13,10.2,0.1,16.9,27.4,0.0,0.0,0.0,0.0
1,2026-01-14,8.1,2.9,25.4,44.6,0.0,0.1,1.0,0.1
1,2026-01-15,8.9,-0.5,11.2,18.0,0.0,0.0,0.0,0.0
1,2026-01-16,15.0,1.7,20.2,34.2,0.0,0.0,0.0,0.0
1,2026-01-17,16.2,1.5,20.9,35.6,0.0,0.0,0.0,0.0
1,2026-01-18,14.2,1.6,9.7,16.9,0.0,0.0,0.0,0.0
1,2026-01-19,13.0,0.8,9.6,17.6,0.0,0.0,0.0,0.0
1,2026-01-20,10.0,1.6,35.2,59.0,0.0,0.0,0.0,0.0
1,2026-01-21,6.4,0.5,29.3,45.4,0.0,0.0,0.0,0.0
1,2026-01-22,3.7,0.2,33.1,56.2,1.4,0.0,9.0,2.0
1,2026-01-23,6.1,-0.8,18.1,32.4,0.0,0.0,0.0,0.0
1,2026-01-24,8.8,-1.8,23.5,40.0,0.0,0.2,2.0,0.2
1,2026-01-25,5.9,0.9,29.7,50.0,0.21,0.0,3.0,0.3
1,2026-01-26,6.0,0.1,21.4,37.8,0.0,0.0,0.0,0.0
1,2026-01-27,9.3,-0.4,14.4,24.1,0.0,0.0,0.0,0.0
1,2026-01-28,9.0,2.3,21.9,40.0,0.0,0.0,0.0,0.0
1,2026-01-29,7.8,0.5,21.5,38.2,0.0,0.1,1.0,0.1
1,2026-01-30,5.7,1.1,26.7,43.2,0.0,0.1,1.0,0.1
1,2026-01-31,7.2,1.6,28.3,47.5,0.0,0.0,0.0,0.0
1,2026-02-01,8.7,-0.1,19.9,36.4,0.0,0.0,0.0,0.0
1,2026-02-02,8.5,-0.9,18.1,32.8,0.49,0.2,1.0,0.9
1,2026-02-03,8.7,-0.1,24.0,41.4,0.0,0.0,0.0,0.0
1,2026-02-04,10.0,-1.4,9.2,20.2,0.0,0.0,0.0,0.0
1,2026-02-05,12.9,0.0,9.5,20.9,0.0,0.0,0.0,0.0
1,2026-02-06,13.8,1.2,20.5,35.6,0.0,0.0,0.0,0.0
1,2026-02-07,8.5,4.2,14.8,26.6,0.0,0.1,1.0,0.1
1,2026-02-08,5.3,-1.6,41.7,69.8,0.07,0.0,0.0,0.0
1,2026-02-09,7.0,-1.2,28.8,48.2,0.0,0.0,0.0,0.0
1,2026-02-10,8.5,-1.5,9.7,19.4,0.0,0.2,1.0,0.2
1,2026-02-11,10.5,4.3,22.2,37.4,0.0,16.5,14.0,16.5
1,2026-02-12,10.1,3.1,21.7,36.0,0.0,0.0,0.0,0.0
1,2026-02-13,12.7,1.5,18.0,32.8,0.0,0.0,0.0,0.0
1,2026-02-14,13.1,1.2,11.3,23.4,0.0,0.0,0.0,0.0
1,2026-02-15,15.5,7.6,12.3,19.1,0.0,0.0,0.0,0.0
1,2026-02-16,14.6,4.2,29.9,48.2,0.0,0.0,0.0,0.0
1,2026-02-17,11.5,1.7,23.9,38.2,0.0,0.0,0.0,0.0
1,2026-02-18,13.8,0.6,26.5,49.0,0.0,0.2,2.0,0.2
1,2026-02-19,8.8,0.5,28.3,51.8,0.0,0.0,0.0,0.0
1,2026-02-20,9.3,-1.4,8.2,18.0,0.0,0.0,0.0,0.0
1,2026-02-21,14.9,0.2,13.6,23.0,0.0,0.0,0.0,0.0
1,2026-02-22,17.9,4.2,23.7,37.4,0.0,0.0,0.0,0.0
1,2026-02-23,18.6,8.0,18.7,35.3,0.0,0.5,2.0,0.5
1,2026-02-24,18.0,4.0,18.8,35.6,0.0,5.9,4.0,5.9
1,2026-02-25,15.6,11.6,14.9,25.6,0.0,25.5,21.0,25.5
1,2026-02-26,17.4,9.4,8.8,16.9,0.0,0.0,0.0,0.0
1,2026-02-27,15.1,9.3,7.3,16.6,0.0,1.0,5.0,1.0
1,2026-02-28,14.9,8.0,34.2,56.9,0.0,0.5,3.0,0.5
1,2026-03-01,18.6,5.6,18.7,32.0,0.0,0.0,0.0,0.0
1,2026-03-02,15.6,4.0,8.0,18.0,0.0,1.7,4.0,1.7
1,2026-03-03,14.8,10.8,33.3,52.2,0.0,27.2,21.0,27.2
1,2026-03-04,12.0,5.6,35.7,59.0,0.0,0.0,0.0,0.0
1,2026-03-05,12.9,3.9,27.2,46.4,0.0,0.0,0.0,0.0
1,2026-03-06,13.6,2.1,13.6,21.6,0.0,3.5,3.0,3.5
1,2026-03-07,11.8,4.7,28.1,47.9,0.0,0.9,2.0,0.9
1,2026-03-08,9.3,2.8,29.3,49.0,0.0,0.0,0.0,0.0
1,2026-03-09,11.7,0.9,17.9,31.3,0.0,0.0,0.0,0.0
1,2026-03-10,10.8,2.0,31.4,54.0,0.0,0.0,0.0,0.0
1,2026-03-11,12.1,-0.9,18.8,33.1,0.0,0.0,0.0,0.0
1,2026-03-12,14.0,-0.5,18.4,34.2,0.0,0.0,0.0,0.0
1,2026-03-13,12.7,1.5,25.5,42.5,0.0,0.0,0.0,0.0
1,2026-03-14,15.6,4.3,27.0,47.9,0.0,0.0,0.0,0.0
1,2026-03-15,14.7,3.9,24.7,46.4,0.0,0.0,0.0,0.0
1,2026-03-16,16.6,3.6,20.9,37.8,0.0,0.0,0.0,0.0
1,2026-03-17,16.7,2.3,12.5,26.6,0.0,0.0,0.0,0.0
1,2026-03-18,13.3,2.9,9.9,22.3,0.0,15.5,11.0,15.5
1,2026-03-19,16.5,6.2,31.3,51.1,0.0,14.8,9.0,14.8
1,2026-03-20,16.1,3.0,20.9,36.0,0.0,0.0,0.0,0.0
1,2026-03-21,16.2,2.9,23.2,37.1,0.0,0.0,0.0,0.0
1,2026-03-22,14.2,1.3,9.9,22.3,0.0,0.6,3.0,0.6
1,2026-03-23,17.9,8.6,24.0,40.7,0.0,3.7,7.0,3.7
1,2026-03-24,17.8,5.7,19.6,34.2,0.0,0.0,0.0,0.0
1,2026-03-25,13.1,8.1,16.0,26.6,0.0,29.3,15.0,29.3
1,2026-03-26,17.6,9.7,18.7,31.3,0.0,6.4,7.0,6.4
1,2026-03-27,17.9,6.6,13.8,22.3,0.0,0.0,0.0,0.0
1,2026-03-28,17.6,5.7,14.0,26.6,0.0,0.0,0.0,0.0
1,2026-03-29,19.8,8.6,12.5,26.3,0.0,0.0,0.0,0.0
1,2026-03-30,19.9,11.4,21.1,36.7,0.0,0.8,1.0,0.8
1,2026-03-31,20.1,14.3,40.5,66.6,0.0,16.7,21.0,16.7
1,2026-04-01,14.3,12.0,12.2,27.0,0.0,21.6,14.0,21.6
1,2026-04-02,16.5,7.9,38.8,63.7,0.0,7.1,7.0,7.1
1,2026-04-03,18.0,5.8,15.4,24.1,0.0,0.0,0.0,0.0
1,2026-04-04,16.9,12.7,44.6,75.6,0.0,17.2,14.0,17.2
1,2026-04-05,20.2,14.2,17.7,27.7,0.0,0.4,1.0,0.4
1,2026-04-06,22.3,11.2,17.7,31.3,0.0,0.2,1.0,0.2
1,2026-04-07,17.0,8.4,34.2,55.8,0.0,2.0,5.0,2.0
1,2026-04-08,18.2,7.0,21.8,36.4,0.0,0.0,0.0,0.0
1,2026-04-09,17.7,6.8,20.3,33.5,0.0,3.1,4.0,3.1
1,2026-04-10,18.5,14.8,27.7,49.7,0.0,42.4,18.0,42.4
1,2026-04-11,22.2,14.4,25.8,43.2,0.0,0.6,1.0,0.6
1,2026-04-12,21.9,12.6,17.8,30.6,0.0,0.0,0.0,0.0
1,2026-04-13,19.1,10.0,7.9,15.5,0.0,0.0,0.0,0.0
1,2026-04-14,21.5,12.9,18.1,32.8,0.0,0.0,0.0,0.0
1,2026-04-15,18.9,14.1,11.4,18.7,0.0,23.4,12.0,23.4
1,2026-04-16,23.4,13.1,27.4,47.2,0.0,0.0,0.0,0.0
1,2026-04-17,18.3,12.8,21.1,38.9,0.0,0.2,2.0,0.2
1,2026-04-18,21.8,12.0,15.8,24.8,0.0,0.0,0.0,0.0
1,2026-04-19,22.1,13.6,17.5,32.8,0.0,0.0,0.0,0.0
1,2026-04-20,22.9,14.2,31.5,54.4,0.0,0.0,0.0,0.0
1,2026-04-21,21.7,11.0,31.3,49.0,0.0,5.2,8.0,5.2
1,2026-04-22,20.5,7.8,10.5,23.4,0.0,0.4,1.0,0.4
1,2026-04-23,16.0,13.2,18.4,34.9,0.0,36.5,17.0,36.5
1,2026-04-24,18.3,13.7,12.3,23.4,0.0,0.3,3.0,0.3
1,2026-04-25,18.6,13.5,20.2,35.3,0.0,0.8,7.0,0.8
1,2026-04-26,20.7,13.4,22.9,42.5,0.0,2.5,2.0,2.5
1,2026-04-27,22.7,13.5,29.0,49.0,0.0,24.5,10.0,24.5
1,2026-04-28,21.7,11.9,15.7,25.6,0.0,0.0,0.0,0.0
1,2026-04-29,19.4,14.3,20.8,36.0,0.0,0.0,0.0,0.0
1,2026-04-30,15.4,13.3,18.4,29.2,0.0,10.0,17.0,10.0
1,2026-05-01,22.2,13.6,33.1,54.7,0.0,29.6,17.0,29.6
1,2026-05-02,24.3,13.5,18.1,32.8,0.0,1.4,3.0,1.4
1,2026-05-03,21.0,14.1,32.7,51.8,0.0,6.8,8.0,6.8
1,2026-05-04,23.2,13.2,32.6,52.6,0.0,13.9,11.0,13.9
1,2026-05-05,20.1,10.2,21.6,38.5,0.0,0.0,0.0,0.0
1,2026-05-06,18.0,14.1,6.9,14.8,0.0,0.7,5.0,0.7
1,2026-05-07,23.3,14.9,11.0,27.0,0.0,0.0,0.0,0.0
1,2026-05-08,24.4,14.9,28.7,45.7,0.0,0.4,2.0,0.4
1,2026-05-09,21.3,12.9,27.9,47.5,0.0,0.1,1.0,0.1
1,2026-05-10,22.8,8.6,18.4,37.1,0.0,0.0,0.0,0.0
1,2026-05-11,23.3,12.2,22.3,40.7,0.0,2.4,5.0,2.4
1,2026-05-12,23.1,15.5,23.0,45.4,0.0,0.8,7.0,0.8
1,2026-05-13,26.8,15.3,22.9,45.7,0.0,0.3,2.0,0.3
1,2026-05-14,27.8,15.1,16.8,36.4,0.0,0.1,1.0,0.1
1,2026-05-15,24.3,16.0,22.4,42.5,0.0,0.7,4.0,0.7
1,2026-05-16,24.9,16.6,19.0,37.4,0.0,0.0,0.0,0.0
1,2026-05-17,30.1,14.2,18.6,35.6,0.0,0.0,0.0,0.0
1,2026-05-18,28.1,15.6,25.5,45.0,0.0,0.0,0.0,0.0
1,2026-05-19,27.1,17.0,23.9,43.6,0.0,0.0,0.0,0.0
1,2026-05-20,27.9,18.8,17.1,34.2,0.0,0.2,1.0,0.2
1,2026-05-21,24.7,21.8,21.0,36.4,0.0,21.4,22.0,21.4
1,2026-05-22,24.6,19.6,23.7,41.4,0.0,11.5,22.0,11.5
1,2026-05-23,20.8,17.8,28.2,46.8,0.0,1.2,5.0,1.2
1,2026-05-24,23.0,18.0,23.0,41.0,0.0,0.1,1.0,0.1
1,2026-05-25,25.0,16.9,19.7,34.6,0.0,0.0,0.0,0.0
1,2026-05-26,24.8,18.8,22.0,39.6,0.0,0.1,1.0,0.1
1,2026-05-27,25.1,20.1,22.3,40.3,0.0,0.6,3.0,0.6
1,2026-05-28,26.3,21.4,15.9,25.9,0.0,2.1,7.0,2.1
1,2026-05-29,27.4,17.5,33.2,58.3,0.0,0.3,2.0,0.3
1,2026-05-30,30.0,13.7,10.8,24.5,0.0,0.0,0.0,0.0
1,2026-05-31,29.4,20.0,19.6,32.8,0.0,0.0,0.0,0.0
1,2026-06-01,27.8,18.3,25.1,45.4,0.0,0.0,0.0,0.0
1,2026-06-02,22.4,18.6,14.7,27.0,0.0,27.7,20.0,27.7
1,2026-06-03,27.2,18.6,38.0,63.7,0.0,101.1,12.0,101.1
1,2026-06-04,23.1,20.0,23.6,41.0,0.0,0.7,3.0,0.7
1,2026-06-05,22.2,19.2,22.0,37.8,0.0,0.3,2.0,0.3
1,2026-06-06,23.4,19.5,14.7,25.9,0.0,0.8,5.0,0.8
1,2026-06-07,21.1,19.0,15.3,27.7,0.0,31.7,16.0,31.7
1,2026-06-08,25.5,18.2,16.7,34.6,0.0,7.2,8.0,7.2
1,2026-06-09,24.1,18.7,10.1,18.7,0.0,3.1,7.0,3.1
1,2026-06-10,26.9,17.4,15.7,28.8,0.0,0.0,0.0,0.0
1,2026-06-11,24.8,15.7,13.8,27.7,0.0,0.0,0.0,0.0
1,2026-06-12,26.3,17.3,15.2,28.8,0.0,0.9,5.0,0.9
1,2026-06-13,25.7,18.1,14.4,27.7,0.0,0.0,0.0,0.0
1,2026-06-14,25.6,18.7,21.9,39.2,0.0,2.6,9.0,2.6
1,2026-06-15,26.0,18.5,13.9,31.7,0.0,5.2,9.0,5.2
1,2026-06-16,25.6,19.2,18.5,34.2,0.0,1.0,4.0,1.0
1,2026-06-17,25.7,21.0,26.0,46.1,0.0,3.2,6.0,3.2
1,2026-06-18,29.5,20.3,18.3,36.0,0.0,6.2,8.0,6.2
1,2026-06-19,30.5,21.9,16.6,32.4,0.0,0.0,0.0,0.0
1,2026-06-20,24.6,22.6,33.7,56.9,0.0,30.3,21.0,30.3
1,2026-06-21,30.9,22.4,24.0,38.9,0.0,2.3,13.0,2.3
1,2026-06-22,25.3,21.2,26.5,44.3,0.0,0.3,2.0,0.3
1,2026-06-23,25.5,19.6,16.4,29.2,0.0,0.0,0.0,0.0
1,2026-06-24,23.7,19.4,11.8,23.8,0.0,6.6,19.0,6.6
1,2026-06-25,22.8,20.0,25.9,43.2,0.0,34.4,24.0,34.4
1,2026-06-26,25.8,20.5,20.5,38.5,0.0,70.9,23.0,70.9
1,2026-06-27,25.0,19.6,11.4,20.2,0.0,18.0,14.0,18.0
1,2026-06-28,25.3,20.6,8.6,19.1,0.0,11.2,8.0,11.2
1,2026-06-29,28.0,20.8,15.9,28.4,0.0,0.6,3.0,0.6
1,2026-06-30,27.8,21.9,13.2,26.6,0.0,0.6,4.0,0.6
1,2026-07-01,25.9,21.2,12.7,24.1,0.0,10.1,11.0,10.1
1,2026-07-02,28.5,20.5,20.5,38.2,0.0,98.5,17.0,98.5
1,2026-07-03,29.3,21.6,19.9,33.1,0.0,0.0,0.0,0.0
1,2026-07-04,25.6,22.4,18.6,30.2,0.0,12.3,14.0,12.3
1,2026-07-05,25.0,22.1,16.2,28.4,0.0,12.2,18.0,12.2
1,2026-07-06,23.6,20.7,17.5,28.1,0.0,36.5,24.0,36.5
1,2026-07-07,26.2,20.8,16.1,32.0,0.0,0.1,1.0,0.1
1,2026-07-08,26.4,22.3,18.4,34.6,0.0,0.2,2.0,0.2
1,2026-07-09,28.1,21.8,16.2,30.2,0.0,0.0,0.0,0.0
1,2026-07-10,28.7,21.9,16.2,31.7,0.0,0.0,0.0,0.0
1,2026-07-11,28.1,22.6,14.5,28.8,0.0,0.7,5.0,0.7
1,2026-07-12,31.3,23.9,9.8,21.2,0.0,0.0,0.0,0.0
1,2026-07-13,33.3,24.9,25.1,42.8,0.0,0.0,0.0,0.0
1,2026-07-14,35.4,24.9,21.5,40.0,0.0,0.0,0.0,0.0
1,2026-07-15,33.2,25.0,22.2,41.4,0.0,0.2,2.0,0.2
1,2026-07-16,36.4,25.6,14.0,28.8,0.0,0.1,1.0,0.1
1,2026-07-17,32.5,24.7,18.7,36.7,0.0,0.0,0.0,0.0
1,2026-07-18,31.1,26.3,26.3,47.9,0.0,1.9,10.0,1.9
1,2026-07-19,31.0,27.0,19.5,37.1,0.0,0.1,1.0,0.1
1,2026-07-20,33.1,25.5,17.6,34.9,0.0,0.0,0.0,0.0
1,2026-07-21,36.4,27.4,13.7,29.2,0.0,0.0,0.0,0.0
1,2026-07-22,37.8,28.6,14.5,23.4,0.0,0.1,1.0,0.1
1,2026-07-23,38.8,27.4,17.0,34.6,0.0,0.0,0.0,0.0
1,2026-07-24,37.5,25.8,15.3,28.1,0.0,0.0,0.0,0.0
1,2026-07-25,38.3,27.0,20.5,40.0,0.0,0.0,0.0,0.0
1,2026-07-26,36.7,25.0,16.4,33.5,0.0,0.0,0.0,0.0
1,2026-07-27,33.8,26.5,17.7,28.4,0.0,0.7,3.0,0.7
1,2026-07-28,30.2,25.9,13.7,36.0,0.0,12.7,16.0,12.7
1,2026-07-29,32.8,24.7,22.3,41.8,0.0,0.2,2.0,0.2
1,2026-07-30,36.1,25.6,18.2,30.2,0.0,0.0,0.0,0.0
1,2026-07-31,36.6,25.4,15.0,31.7,0.0,0.0,0.0,0.0
1,2026-08-01,37.2,25.2,19.7,36.7,0.0,0.0,0.0,0.0
1,2026-08-02,38.5,28.0,18.2,37.1,0.0,3.6,5.0,3.6
1,2026-08-03,33.0,26.0,26.7,46.1,0.0,6.5,13.0,6.5
1,2026-08-04,29.5,25.7,17.9,36.0,0.0,1.1,3.0,1.1
1,2026-08-05,32.9,24.9,25.9,47.9,0.0,0.0,0.0,0.0
1,2026-08-06,32.7,27.1,30.7,56.2,0.0,0.8,4.0,0.8
1,2026-08-07,32.9,27.9,27.5,49.3,0.0,0.1,1.0,0.1
1,2026-08-08,32.8,26.5,21.1,40.7,0.0,0.2,2.0,0.2
1,2026-08-09,33.4,25.6,16.2,29.5,0.0,0.7,2.0,0.7
1,2026-08-10,34.7,26.0,14.5,29.9,0.0,1.8,6.0,1.8
1,2026-08-11,33.6,23.0,28.4,48.6,0.0,0.0,0.0,0.0
1,2026-08-12,28.7,24.8,22.3,40.3,0.0,3.8,9.0,3.8
1,2026-08-13,29.5,23.3,21.6,40.0,0.0,17.7,15.0,17.7
1,2026-08-14,30.6,23.8,15.5,27.4,0.0,2.9,10.0,2.9
1,2026-08-15,29.5,24.0,24.7,47.5,0.0,3.4,15.0,3.4
1,2026-08-16,29.3,25.8,22.7,39.6,0.0,0.4,3.0,0.4
1,2026-08-17,30.1,25.5,26.0,45.7,0.0,0.2,2.0,0.2
1,2026-08-18,30.7,25.4,23.7,43.6,0.0,0.0,0.0,0.0
1,2026-08-19,31.7,25.2,22.2,42.5,0.0,0.0,0.0,0.0
1,2026-08-20,32.2,25.2,20.1,39.2,0.0,0.0,0.0,0.0
1,2026-08-21,32.2,26.0,19.8,38.5,0.0,2.9,5.0,2.9
1,2026-08-22,34.2,25.2,17.4,33.1,0.0,4.2,9.0,4.2
1,2026-08-23,33.1,25.3,21.8,42.5,0.0,5.2,6.0,5.2
1,2026-08-24,32.8,26.2,22.6,39.6,0.0,4.0,6.0,4.0
1,2026-08-25,34.1,26.4,13.4,33.5,0.0,0.2,2.0,0.2
1,2026-08-26,34.7,25.9,15.3,37.4,0.0,0.7,3.0,0.7
1,2026-08-27,31.5,24.7,16.5,30.6,0.0,3.1,8.0,3.1
1,2026-08-28,30.3,23.9,11.5,22.0,0.0,7.5,16.0,7.5
1,2026-08-29,29.4,25.5,13.7,21.6,0.0,9.3,15.0,9.3
1,2026-08-30,33.7,25.8,11.5,23.4,0.0,2.0,10.0,2.0
1,2026-08-31,32.1,25.3,23.8,42.5,0.0,1.0,4.0,1.0
1,2026-09-01,31.4,25.8,22.5,42.8,0.0,6.1,10.0,6.1
1,2026-09-02,30.7,25.4,15.1,29.9,0.0,4.1,12.0,4.1
1,2026-09-03,28.2,23.6,9.7,19.4,0.0,33.2,19.0,33.2
1,2026-09-04,25.0,23.2,9.0,15.5,0.0,45.1,19.0,45.1
1,2026-09-05,28.5,21.8,20.7,37.8,0.0,2.2,5.0,2.2
1,2026-09-06,28.9,23.1,11.9,20.2,0.0,22.1,11.0,22.1
1,2026-09-07,28.0,22.5,10.9,18.0,0.0,13.0,20.0,13.0
1,2026-09-08,26.9,24.3,20.9,33.1,0.0,40.5,21.0,40.5
1,2026-09-09,28.2,22.1,22.3,36.4,0.0,14.0,15.0,14.0
1,2026-09-10,25.8,21.8,11.4,22.7,0.0,3.8,7.0,3.8
1,2026-09-11,26.1,21.6,10.0,21.2,0.0,26.7,13.0,26.7
1,2026-09-12,28.3,23.2,15.6,30.6,0.0,0.1,1.0,0.1
1,2026-09-13,28.3,24.0,22.8,38.5,0.0,4.2,14.0,4.2
1,2026-09-14,27.6,23.7,13.1,27.0,0.0,12.5,24.0,12.5
1,2026-09-15,27.3,22.9,11.1,20.2,0.0,18.0,18.0,18.0
1,2026-09-16,24.9,22.4,9.8,18.7,0.0,13.7,24.0,13.7
1,2026-09-17,28.4,21.9,15.9,27.4,0.0,0.4,4.0,0.4
1,2026-09-18,28.2,21.9,11.5,22.7,0.0,0.0,0.0,0.0
1,2026-09-19,29.9,22.6,12.2,22.0,0.0,0.0,0.0,0.0
1,2026-09-20,30.8,23.3,13.9,23.0,0.0,6.5,6.0,6.5
1,2026-09-21,31.7,22.9,31.9,52.2,0.0,5.0,6.0,5.0
1,2026-09-22,29.7,22.0,23.5,38.5,0.0,0.0,0.0,0.0
1,2026-09-23,27.1,21.3,14.7,26.6,0.0,0.2,2.0,0.2
1,2026-09-24,29.8,21.2,13.2,21.6,0.0,0.6,5.0,0.6
1,2026-09-25,26.9,19.9,8.5,18.0,0.0,0.4,2.0,0.4
1,2026-09-26,24.1,19.9,16.3,28.1,0.0,11.0,18.0,11.0
1,2026-09-27,25.5,19.9,11.6,22.3,0.0,9.0,10.0,9.0
1,2026-09-28,25.1,21.8,10.7,31.7,0.0,27.0,24.0,27.0
1,2026-09-29,22.9,18.7,11.1,21.2,0.0,29.5,23.0,29.5
1,2026-09-30,25.3,18.6,11.0,19.1,0.0,2.0,2.0,2.0
2,2021-01-01,7.2,0.7,24.7,61.6,0.0,0.0,0.0,0.0
2,2021-01-02,9.1,0.7,17.1,46.4,0.0,0.0,0.0,0.0
2,2021-01-03,10.0,2.0,12.8,34.2,0.0,0.0,0.0,0.0
2,2021-01-04,12.0,2.3,13.8,31.0,0.0,0.0,0.0,0.0
2,2021-01-05,8.9,4.5,10.9,24.8,0.0,0.1,1.0,0.1
2,2021-01-06,10.3,2.7,14.5,37.4,0.0,0.0,0.0,0.0
2,2021-01-07,10.0,-1.3,31.5,80.6,0.0,0.0,0.0,0.0
2,2021-01-08,3.2,-1.7,18.8,49.3,0.0,0.0,0.0,0.0
2,2021-01-09,4.1,-1.6,20.0,51.1,0.0,0.0,0.0,0.0
2,2021-01-10,6.3,-0.4,20.9,53.6,0.0,0.0,0.0,0.0
2,2021-01-11,7.7,0.1,15.9,39.6,0.0,0.0,0.0,0.0
2,2021-01-12,6.5,1.5,9.4,23.8,0.0,6.9,12.0,6.9
2,2021-01-13,11.2,1.8,10.8,28.4,0.0,0.0,0.0,0.0
2,2021-01-14,14.8,3.0,11.2,31.3,0.0,0.0,0.0,0.0
2,2021-01-15,14.4,3.8,9.2,26.3,0.0,0.0,0.0,0.0
2,2021-01-16,16.7,6.8,23.5,63.4,0.0,0.2,2.0,0.2
2,2021-01-17,10.5,2.9,15.4,41.0,0.0,0.0,0.0,0.0
2,2021-01-18,8.5,0.3,17.0,43.6,0.0,0.0,0.0,0.0
2,2021-01-19,7.3,1.3,20.4,54.0,0.0,0.0,0.0,0.0
2,2021-01-20,10.5,-0.9,9.8,28.1,0.0,0.0,0.0,0.0
2,2021-01-21,13.6,2.4,10.6,27.7,0.0,0.0,0.0,0.0
2,2021-01-22,13.1,7.9,10.1,24.5,0.0,4.1,8.0,4.1
2,2021-01-23,11.8,10.0,25.6,59.4,0.0,24.7,24.0,24.7
2,2021-01-24,12.1,8.7,21.2,51.1,0.0,18.4,18.0,18.4
2,2021-01-25,14.6,5.5,15.3,39.6,0.0,0.1,1.0,0.1
2,2021-01-26,14.8,10.9,17.3,47.5,0.0,11.5,11.0,11.5
2,2021-01-27,15.5,6.8,19.0,54.0,0.0,31.7,6.0,31.7
2,2021-01-28,12.6,5.4,14.5,37.1,0.0,1.6,8.0,1.6
2,2021-01-29,8.4,1.4,33.7,86.4,0.0,0.0,0.0,0.0
2,2021-01-30,8.3,0.3,14.5,38.5,0.0,0.0,0.0,0.0
2,2021-01-31,12.5,2.1,11.2,25.9,0.0,0.0,0.0,0.0
2,2021-02-01,14.3,2.9,20.9,51.8,0.0,0.4,2.0,0.4
2,2021-02-02,13.9,5.1,25.4,65.2,0.0,17.2,10.0,17.2
2,2021-02-03,9.5,1.9,17.0,45.4,0.0,0.0,0.0,0.0
2,2021-02-04,11.6,0.7,28.2,68.0,0.0,0.0,0.0,0.0
2,2021-02-05,12.9,0.6,15.0,37.4,0.0,0.0,0.0,0.0
2,2021-02-06,13.6,5.8,9.9,29.9,0.0,0.5,5.0,0.5
2,2021-02-07,16.5,4.2,18.7,47.5,0.0,0.0,0.0,0.0
2,2021-02-08,13.0,4.4,23.3,59.0,0.0,0.0,0.0,0.0
2,2021-02-09,9.0,0.2,13.2,28.4,0.0,0.0,0.0,0.0
2,2021-02-10,13.1,0.9,12.3,29.2,0.0,0.0,0.0,0.0
2,2021-02-11,13.1,4.0,11.5,30.6,0.0,0.0,0.0,0.0
2,2021-02-12,14.5,5.5,10.9,28.4,0.0,0.4,4.0,0.4
2,2021-02-13,15.3,10.3,10.6,26.3,0.0,2.1,14.0,2.1
2,2021-02-14,17.5,9.7,13.3,31.3,0.0,0.7,4.0,0.7
2,2021-02-15,18.5,11.2,25.0,73.4,0.0,84.1,13.0,84.1
2,2021-02-16,11.7,4.8,25.7,65.2,0.0,0.0,0.0,0.0
2,2021-02-17,7.0,0.0,30.4,75.2,0.0,0.0,0.0,0.0
2,2021-02-18,5.5,-1.2,20.4,52.2,0.0,0.0,0.0,0.0
2,2021-02-19,11.3,1.2,13.8,34.6,0.0,0.0,0.0,0.0
2,2021-02-20,16.0,2.9,21.7,55.1,0.0,0.0,0.0,0.0
2,2021-02-21,20.5,5.3,18.9,46.8,0.0,0.0,0.0,0.0
2,2021-02-22,20.4,9.5,16.2,39.6,0.0,0.0,0.0,0.0
2,2021-02-23,15.7,6.1,18.9,50.0,0.0,0.0,0.0,0.0
2,2021-02-24,12.4,3.2,10.0,28.4,0.0,0.0,0.0,0.0
2,2021-02-25,12.6,0.8,8.7,26.6,0.0,0.0,0.0,0.0
2,2021-02-26,9.2,6.3,18.5,42.8,0.0,10.2,11.0,10.2
2,2021-02-27,14.5,4.9,23.3,57.2,0.0,0.3,1.0,0.3
2,2021-02-28,12.3,8.8,19.4,47.5,0.0,0.8,7.0,0.8
2,2021-03-01,17.1,11.0,14.4,33.5,0.0,2.7,12.0,2.7
2,2021-03-02,17.2,6.8,26.6,70.2,0.0,35.5,16.0,35.5
2,2021-03-03,15.9,3.1,20.2,51.5,0.0,0.1,1.0,0.1
2,2021-03-04,14.1,8.7,15.0,37.4,0.0,5.4,20.0,5.4
2,2021-03-05,13.5,10.8,13.3,41.4,0.0,28.5,24.0,28.5
2,2021-03-06,19.8,9.4,16.2,38.2,0.0,0.5,3.0,0.5
2,2021-03-07,12.7,6.4,17.3,38.5,0.0,5.9,8.0,5.9
2,2021-03-08,12.5,8.6,16.0,38.5,0.0,15.3,16.0,15.3
2,2021-03-09,13.2,7.4,9.8,25.2,0.0,2.4,13.0,2.4
2,2021-03-10,18.2,7.0,11.6,27.7,0.0,0.1,1.0,0.1
2,2021-03-11,16.7,4.1,13.1,35.3,0.0,0.0,0.0,0.0
2,2021-03-12,15.8,9.4,26.3,63.4,0.0,27.3,14.0,27.3
2,2021-03-13,17.7,8.7,34.6,99.7,0.0,41.9,5.0,41.9
2,2021-03-14,16.1,6.3,11.9,31.0,0.0,0.0,0.0,0.0
2,2021-03-15,17.4,5.1,10.4,29.5,0.0,0.0,0.0,0.0
2,2021-03-16,20.6,6.1,26.1,65.5,0.0,0.0,0.0,0.0
2,2021-03-17,19.5,8.2,11.0,27.0,0.0,0.4,2.0,0.4
2,2021-03-18,17.7,4.2,10.7,30.6,0.0,0.0,0.0,0.0
2,2021-03-19,17.8,7.2,9.8,29.5,0.0,0.0,0.0,0.0
2,2021-03-20,18.3,8.1,15.9,37.8,0.0,8.8,6.0,8.8
2,2021-03-21,20.0,13.7,26.5,72.7,0.0,60.0,24.0,60.0
2,2021-03-22,15.0,6.6,15.6,41.8,0.0,0.2,1.0,0.2
2,2021-03-23,13.8,4.3,19.4,49.7,0.0,0.0,0.0,0.0
2,2021-03-24,17.3,5.9,19.1,48.2,0.0,0.0,0.0,0.0
2,2021-03-25,14.7,8.8,7.1,18.0,0.0,5.3,10.0,5.3
2,2021-03-26,20.1,6.7,16.3,43.6,0.0,0.0,0.0,0.0
2,2021-03-27,17.5,5.2,13.0,32.0,0.0,0.3,3.0,0.3
2,2021-03-28,16.9,14.6,21.7,76.0,0.0,75.0,19.0,75.0
2,2021-03-29,22.3,10.4,13.5,31.0,0.0,0.1,1.0,0.1
2,2021-03-30,19.8,10.5,10.2,30.2,0.0,2.8,6.0,2.8
2,2021-03-31,21.0,9.5,11.7,32.4,0.0,0.0,0.0,0.0
2,2021-04-01,19.8,10.5,15.4,41.4,0.0,0.6,3.0,0.6
2,2021-04-02,16.9,13.8,24.1,58.0,0.0,6.0,19.0,6.0
2,2021-04-03,17.9,14.2,16.6,42.1,0.0,2.7,8.0,2.7
2,2021-04-04,18.6,15.0,5.8,25.6,0.0,9.2,21.0,9.2
2,2021-04-05,20.3,11.0,18.0,39.2,0.0,1.4,4.0,1.4
2,2021-04-06,15.0,11.7,19.2,47.9,0.0,6.5,11.0,6.5
2,2021-04-07,17.8,9.5,13.8,37.8,0.0,0.1,1.0,0.1
2,2021-04-08,19.0,7.7,19.5,50.4,0.0,0.6,3.0,0.6
2,2021-04-09,18.0,6.9,14.0,33.8,0.0,0.0,0.0,0.0
2,2021-04-10,15.5,3.5,14.0,40.3,0.0,0.0,0.0,0.0
2,2021-04-11,15.8,9.1,16.4,43.9,0.0,0.1,1.0,0.1
2,2021-04-12,17.1,11.1,17.8,45.4,0.0,1.2,8.0,1.2
2,2021-04-13,17.3,13.6,17.3,51.1,0.0,25.2,20.0,25.2
2,2021-04-14,22.8,9.8,19.7,48.2,0.0,9.1,3.0,9.1
2,2021-04-15,16.2,5.8,14.5,40.0,0.0,0.8,6.0,0.8
2,2021-04-16,15.9,14.0,16.8,42.8,0.0,18.2,22.0,18.2
2,2021-04-17,17.6,12.4,19.5,47.9,0.0,94.0,19.0,94.0
2,2021-04-18,16.3,8.7,24.7,63.4,0.0,0.0,0.0,0.0
2,2021-04-19,16.6,7.0,15.8,42.1,0.0,0.0,0.0,0.0
2,2021-04-20,21.5,7.8,13.3,36.7,0.0,0.0,0.0,0.0
2,2021-04-21,23.4,10.3,11.7,30.6,0.0,0.0,0.0,0.0
2,2021-04-22,23.6,9.3,15.9,40.7,0.0,0.0,0.0,0.0
2,2021-04-23,17.8,13.1,26.3,64.8,0.0,2.8,8.0,2.8
2,2021-04-24,19.3,14.0,12.4,34.2,0.0,0.0,0.0,0.0
2,2021-04-25,20.4,10.6,18.8,47.9,0.0,0.8,4.0,0.8
2,2021-04-26,19.2,9.3,28.0,68.8,0.0,0.0,0.0,0.0
2,2021-04-27,18.8,9.2,19.8,49.7,0.0,0.0,0.0,0.0
2,2021-04-28,18.6,14.4,15.1,39.6,0.0,5.5,15.0,5.5
2,2021-04-29,17.1,14.4,24.8,66.6,0.0,57.3,21.0,57.3
2,2021-04-30,22.3,9.8,22.8,58.0,0.0,0.0,0.0,0.0
2,2021-05-01,22.3,10.2,21.6,74.5,0.0,13.1,9.0,13.1
2,2021-05-02,17.7,10.4,23.4,68.4,0.0,0.3,3.0,0.3
2,2021-05-03,20.3,8.7,15.5,41.4,0.0,0.0,0.0,0.0
2,2021-05-04,22.4,9.4,19.9,49.3,0.0,0.0,0.0,0.0
2,2021-05-05,18.1,16.2,21.7,53.3,0.0,32.8,18.0,32.8
2,2021-05-06,21.6,12.6,9.9,28.1,0.0,0.0,0.0,0.0
2,2021-05-07,19.5,13.8,7.9,28.1,0.0,7.9,9.0,7.9
2,2021-05-08,23.0,12.1,13.7,48.6,0.0,0.7,4.0,0.7
2,2021-05-09,26.6,14.5,18.4,51.8,0.0,0.0,0.0,0.0
2,2021-05-10,22.7,9.4,21.3,53.6,0.0,0.0,0.0,0.0
2,2021-05-11,20.9,13.5,9.2,28.1,0.0,0.0,0.0,0.0
2,2021-05-12,18.6,16.2,23.9,56.2,0.0,26.5,16.0,26.5
2,2021-05-13,19.6,15.5,30.3,73.1,0.0,33.5,19.0,33.5
2,2021-05-14,24.6,16.8,12.3,34.9,0.0,0.0,0.0,0.0
2,2021-05-15,21.9,17.9,14.1,37.4,0.0,5.4,13.0,5.4
2,2021-05-16,21.5,18.7,10.9,25.2,0.0,13.9,23.0,13.9
2,2021-05-17,25.2,20.3,23.5,57.6,0.0,8.3,19.0,8.3
2,2021-05-18,24.9,19.6,12.9,29.9,0.0,4.1,8.0,4.1
2,2021-05-19,22.9,18.8,11.6,28.1,0.0,30.0,15.0,30.0
2,2021-05-20,22.2,19.4,22.9,66.6,0.0,58.9,21.0,58.9
2,2021-05-21,23.0,17.1,29.3,85.7,0.0,44.2,23.0,44.2
2,2021-05-22,22.4,16.1,12.4,33.1,0.0,8.5,7.0,8.5
2,2021-05-23,23.8,14.0,12.2,34.2,0.0,0.0,0.0,0.0
2,2021-05-24,25.7,15.8,13.7,34.2,0.0,9.8,11.0,9.8
2,2021-05-25,27.1,16.2,19.5,48.2,0.0,0.0,0.0,0.0
2,2021-05-26,22.0,14.4,12.4,27.4,0.0,0.0,0.0,0.0
2,2021-05-27,19.5,15.0,17.1,95.0,0.0,60.3,15.0,60.3
2,2021-05-28,22.9,16.3,14.6,38.2,0.0,0.2,2.0,0.2
2,2021-05-29,26.4,18.9,17.9,43.6,0.0,0.0,0.0,0.0
2,2021-05-30,23.5,15.6,15.2,40.7,0.0,0.0,0.0,0.0
2,2021-05-31,23.4,15.7,13.0,36.0,0.0,0.0,0.0,0.0
2,2021-06-01,23.4,15.1,12.8,35.6,0.0,0.0,0.0,0.0
2,2021-06-02,22.4,18.2,14.5,38.2,0.0,2.7,8.0,2.7
2,2021-06-03,23.2,18.5,19.9,49.7,0.0,11.4,11.0,11.4
2,2021-06-04,24.6,20.4,22.4,72.0,0.0,52.6,21.0,52.6
2,2021-06-05,24.5,18.5,10.0,29.2,0.0,5.7,9.0,5.7
2,2021-06-06,22.5,17.8,14.5,36.4,0.0,25.0,12.0,25.0
2,2021-06-07,25.7,19.2,9.0,27.4,0.0,1.4,2.0,1.4
2,2021-06-08,27.4,18.4,8.8,25.9,0.0,0.0,0.0,0.0
2,2021-06-09,26.6,19.6,12.9,35.6,0.0,0.0,0.0,0.0
2,2021-06-10,25.9,17.7,12.8,35.6,0.0,0.0,0.0,0.0
2,2021-06-11,24.5,20.0,11.9,32.8,0.0,0.2,2.0,0.2
2,2021-06-12,24.7,20.4,11.3,31.0,0.0,4.1,14.0,4.1
2,2021-06-13,24.5,19.6,9.4,26.6,0.0,0.1,1.0,0.1
2,2021-06-14,25.1,20.1,12.1,34.2,0.0,3.6,15.0,3.6
2,2021-06-15,24.8,19.1,10.1,28.4,0.0,3.0,13.0,3.0
2,2021-06-16,21.8,18.4,12.2,35.3,0.0,36.8,23.0,36.8
2,2021-06-17,24.7,18.5,24.0,60.8,0.0,18.2,10.0,18.2
2,2021-06-18,24.4,17.8,13.0,34.6,0.0,4.7,10.0,4.7
2,2021-06-19,23.3,20.4,20.4,50.4,0.0,46.7,19.0,46.7
2,2021-06-20,26.9,17.9,13.2,37.1,0.0,0.0,0.0,0.0
2,2021-06-21,25.7,17.4,15.5,41.0,0.0,0.0,0.0,0.0
2,2021-06-22,25.5,18.9,9.3,27.4,0.0,0.0,0.0,0.0
2,2021-06-23,25.1,20.4,12.5,33.5,0.0,0.8,6.0,0.8
2,2021-06-24,25.4,18.3,10.0,31.0,0.0,0.9,5.0,0.9
2,2021-06-25,25.3,19.9,11.4,31.7,0.0,0.4,4.0,0.4
2,2021-06-26,24.9,19.9,6.9,20.2,0.0,0.3,3.0,0.3
2,2021-06-27,23.8,20.7,12.2,29.5,0.0,13.8,14.0,13.8
2,2021-06-28,25.0,20.6,21.2,51.8,0.0,19.2,11.0,19.2
2,2021-06-29,27.8,20.3,23.3,56.2,0.0,3.6,5.0,3.6
2,2021-06-30,26.0,20.7,15.9,40.0,0.0,29.5,12.0,29.5
2,2021-07-01,23.4,19.4,24.0,58.3,0.0,157.7,24.0,157.7
2,2021-07-02,25.0,23.2,25.0,64.4,0.0,99.5,23.0,99.5
2,2021-07-03,30.5,23.2,17.4,51.1,0.0,20.6,13.0,20.6
2,2021-07-04,29.8,24.5,14.8,37.4,0.0,2.1,9.0,2.1
2,2021-07-05,32.7,24.9,19.6,55.8,0.0,0.0,0.0,0.0
2,2021-07-06,29.7,24.8,12.3,37.4,0.0,1.7,5.0,1.7
2,2021-07-07,32.2,25.4,15.8,46.1,0.0,0.1,1.0,0.1
2,2021-07-08,28.3,24.9,17.6,43.9,0.0,15.8,12.0,15.8
2,2021-07-09,31.2,24.7,18.6,49.0,0.0,1.3,6.0,1.3
2,2021-07-10,31.5,25.9,16.8,46.4,0.0,0.4,3.0,0.4
2,2021-07-11,30.3,23.6,12.1,40.7,0.0,0.7,1.0,0.7
2,2021-07-12,29.4,23.3,11.1,34.2,0.0,12.9,8.0,12.9
2,2021-07-13,29.0,22.6,9.0,33.5,0.0,9.1,6.0,9.1
2,2021-07-14,28.5,23.3,9.8,27.0,0.0,8.9,16.0,8.9
2,2021-07-15,27.1,22.5,10.7,30.2,0.0,5.2,16.0,5.2
2,2021-07-16,26.2,22.7,18.5,48.6,0.0,24.7,24.0,24.7
2,2021-07-17,27.1,23.4,18.2,45.4,0.0,12.6,24.0,12.6
2,2021-07-18,27.4,23.9,13.1,35.3,0.0,15.4,24.0,15.4
2,2021-07-19,29.4,23.0,9.7,29.2,0.0,0.4,3.0,0.4
2,2021-07-20,28.9,23.8,10.4,31.0,0.0,0.0,0.0,0.0
2,2021-07-21,28.5,23.6,14.3,38.9,0.0,0.0,0.0,0.0
2,2021-07-22,28.5,23.9,15.2,40.3,0.0,0.5,3.0,0.5
2,2021-07-23,29.3,23.2,11.9,33.1,0.0,0.0,0.0,0.0
2,2021-07-24,29.1,23.3,12.6,36.0,0.0,0.0,0.0,0.0
2,2021-07-25,28.9,23.8,14.3,37.1,0.0,1.3,5.0,1.3
2,2021-07-26,30.3,22.0,13.1,30.6,0.0,0.1,1.0,0.1
2,2021-07-27,31.8,22.7,15.3,39.6,0.0,0.0,0.0,0.0
2,2021-07-28,32.2,23.1,11.7,31.7,0.0,0.3,2.0,0.3
2,2021-07-29,30.4,24.7,12.4,35.6,0.0,17.8,7.0,17.8
2,2021-07-30,30.3,23.6,9.7,29.5,0.0,1.5,8.0,1.5
2,2021-07-31,30.1,24.6,10.7,29.9,0.0,9.1,11.0,9.1
2,2021-08-01,29.1,24.5,9.2,25.2,0.0,10.6,10.0,10.6
2,2021-08-02,29.4,24.3,16.0,38.2,0.0,3.9,16.0,3.9
2,2021-08-03,28.3,25.3,16.4,40.3,0.0,13.1,22.0,13.1
2,2021-08-04,30.2,24.7,10.9,32.0,0.0,1.8,6.0,1.8
2,2021-08-05,30.4,23.9,12.7,36.0,0.0,0.0,0.0,0.0
2,2021-08-06,27.8,25.0,22.0,53.3,0.0,31.7,22.0,31.7
2,2021-08-07,28.2,24.9,21.3,50.8,0.0,11.0,22.0,11.0
2,2021-08-08,36.0,24.0,17.3,41.0,0.0,0.5,3.0,0.5
2,2021-08-09,28.7,25.6,38.5,96.1,0.0,37.6,18.0,37.6
2,2021-08-10,33.4,24.7,19.5,48.6,0.0,0.0,0.0,0.0
2,2021-08-11,30.2,23.0,15.8,40.3,0.0,5.8,13.0,5.8
2,2021-08-12,25.9,23.8,16.0,56.9,0.0,39.0,23.0,39.0
2,2021-08-13,25.7,24.2,28.0,77.8,0.0,25.1,19.0,25.1
2,2021-08-14,28.0,24.8,22.9,69.5,0.0,25.7,24.0,25.7
2,2021-08-15,27.2,24.7,21.6,60.5,0.0,18.1,21.0,18.1
2,2021-08-16,25.2,23.7,13.3,32.4,0.0,12.5,24.0,12.5
2,2021-08-17,27.0,24.0,20.4,56.2,0.0,27.0,23.0,27.0
2,2021-08-18,28.3,23.4,21.8,54.4,0.0,48.1,24.0,48.1
2,2021-08-19,25.6,22.0,16.2,48.2,0.0,53.3,18.0,53.3
2,2021-08-20,27.4,22.4,10.2,38.5,0.0,11.8,18.0,11.8
2,2021-08-21,26.7,23.3,11.0,32.0,0.0,6.6,20.0,6.6
2,2021-08-22,30.1,24.4,15.9,42.5,0.0,1.5,7.0,1.5
2,2021-08-23,30.9,25.5,13.6,38.2,0.0,2.9,6.0,2.9
2,2021-08-24,30.2,25.5,21.9,54.7,0.0,0.1,1.0,0.1
2,2021-08-25,31.6,25.9,17.4,45.0,0.0,0.0,0.0,0.0
2,2021-08-26,33.0,25.9,15.2,38.2,0.0,0.1,1.0,0.1
2,2021-08-27,30.2,24.8,13.3,36.0,0.0,0.0,0.0,0.0
2,2021-08-28,31.7,24.3,8.9,27.0,0.0,0.0,0.0,0.0
2,2021-08-29,30.9,25.0,10.7,32.8,0.0,0.0,0.0,0.0
2,2021-08-30,31.1,25.1,11.1,32.8,0.0,0.2,1.0,0.2
2,2021-08-31,30.3,24.7,12.3,34.6,0.0,0.1,1.0,0.1
2,2021-09-01,31.2,24.5,14.5,36.4,0.0,2.4,6.0,2.4
2,2021-09-02,28.7,25.0,14.7,38.2,0.0,3.8,11.0,3.8
2,2021-09-03,26.4,23.7,9.8,29.9,0.0,6.8,14.0,6.8
2,2021-09-04,28.2,24.0,13.2,42.5,0.0,11.7,10.0,11.7
2,2021-09-05,27.0,23.5,10.0,26.3,0.0,2.1,9.0,2.1
2,2021-09-06,26.2,22.3,14.5,37.8,0.0,12.7,15.0,12.7
2,2021-09-07,22.9,21.5,18.9,42.5,0.0,63.4,24.0,63.4
2,2021-09-08,24.7,22.0,15.5,35.6,0.0,16.1,23.0,16.1
2,2021-09-09,27.6,22.7,10.9,34.9,0.0,13.0,14.0,13.0
2,2021-09-10,28.0,23.3,13.0,35.3,0.0,0.0,0.0,0.0
2,2021-09-11,27.3,23.0,7.9,31.3,0.0,4.0,9.0,4.0
2,2021-09-12,25.7,23.3,7.0,27.7,0.0,31.5,21.0,31.5
2,2021-09-13,27.9,21.0,9.2,21.6,0.0,0.0,0.0,0.0
2,2021-09-14,24.7,21.7,11.9,33.8,0.0,28.0,14.0,28.0
2,2021-09-15,24.8,21.3,12.4,31.3,0.0,16.3,15.0,16.3
2,2021-09-16,24.0,22.1,17.7,44.3,0.0,10.2,16.0,10.2
2,2021-09-17,24.6,22.2,19.6,52.9,0.0,22.6,24.0,22.6
2,2021-09-18,32.0,23.8,28.9,71.3,0.0,37.5,10.0,37.5
2,2021-09-19,28.5,22.2,14.3,38.2,0.0,0.4,3.0,0.4
2,2021-09-20,27.2,22.0,14.7,38.2,0.0,0.1,1.0,0.1
2,2021-09-21,25.1,21.9,18.9,46.4,0.0,46.6,14.0,46.6
2,2021-09-22,27.8,23.4,11.6,37.1,0.0,7.2,19.0,7.2
2,2021-09-23,30.2,19.7,12.6,33.8,0.0,0.0,0.0,0.0
2,2021-09-24,27.5,20.0,13.5,36.0,0.0,0.3,3.0,0.3
2,2021-09-25,27.2,21.5,17.9,41.8,0.0,21.7,12.0,21.7
2,2021-09-26,22.1,20.0,27.9,66.6,0.0,116.8,24.0,116.8
2,2021-09-27,24.4,20.0,19.0,48.2,0.0,4.8,15.0,4.8
2,2021-09-28,24.5,21.8,17.3,43.9,0.0,1.6,9.0,1.6
2,2021-09-29,25.4,21.5,17.8,45.0,0.0,8.9,24.0,8.9
2,2021-09-30,25.1,22.0,29.0,67.7,0.0,7.7,15.0,7.7
2,2021-10-01,27.5,21.4,28.5,69.1,0.0,1.9,3.0,1.9
2,2021-10-02,29.6,18.7,12.9,46.8,0.0,0.0,0.0,0.0
2,2021-10-03,27.5,17.0,17.7,45.7,0.0,0.0,0.0,0.0
2,2021-10-04,26.8,21.3,11.3,25.9,0.0,0.5,3.0,0.5
2,2021-10-05,26.5,19.5,10.5,29.5,0.0,0.0,0.0,0.0
2,2021-10-06,28.2,17.9,8.2,23.4,0.0,0.0,0.0,0.0
2,2021-10-07,25.0,21.8,16.2,39.6,0.0,5.2,16.0,5.2
2,2021-10-08,26.6,19.8,8.7,24.8,0.0,0.0,0.0,0.0
2,2021-10-09,25.7,21.4,15.5,37.8,0.0,1.2,8.0,1.2
2,2021-10-10,25.5,21.8,14.1,36.4,0.0,3.9,15.0,3.9
2,2021-10-11,26.4,20.6,10.5,29.2,0.0,0.8,6.0,0.8
2,2021-10-12,27.8,21.5,11.1,30.6,0.0,0.0,0.0,0.0
2,2021-10-13,26.2,21.9,11.1,29.9,0.0,11.3,10.0,11.3
2,2021-10-14,25.0,20.9,14.1,31.3,0.0,1.0,4.0,1.0
2,2021-10-15,25.6,18.9,11.0,29.9,0.0,0.2,2.0,0.2
2,2021-10-16,25.9,20.9,11.5,27.7,0.0,0.0,0.0,0.0
2,2021-10-17,22.2,14.3,14.0,35.3,0.0,1.5,5.0,1.5
2,2021-10-18,18.9,11.7,16.5,37.8,0.0,3.2,4.0,3.2
2,2021-10-19,19.5,14.7,19.7,42.5,0.0,28.0,14.0,28.0
2,2021-10-20,18.3,12.5,13.6,36.4,0.0,0.0,0.0,0.0
2,2021-10-21,18.0,11.5,8.4,21.6,0.0,0.0,0.0,0.0
2,2021-10-22,18.5,13.3,8.7,22.7,0.0,1.4,9.0,1.4
2,2021-10-23,19.3,11.5,9.2,23.4,0.0,0.0,0.0,0.0
2,2021-10-24,19.5,9.3,16.8,35.6,0.0,0.1,1.0,0.1
2,2021-10-25,16.2,13.6,28.0,71.3,0.0,86.6,22.0,86.6
2,2021-10-26,23.4,13.3,23.8,55.1,0.0,3.7,3.0,3.7
2,2021-10-27,20.9,14.9,8.7,22.7,0.0,0.1,1.0,0.1
2,2021-10-28,22.5,12.0,16.4,38.9,0.0,0.0,0.0,0.0
2,2021-10-29,21.2,12.6,17.3,40.7,0.0,0.0,0.0,0.0
2,2021-10-30,19.9,12.5,13.0,29.2,0.0,0.0,0.0,0.0
2,2021-10-31,19.8,16.1,16.1,39.2,0.0,0.1,1.0,0.1
2,2021-11-01,22.3,13.9,10.2,23.4,0.0,0.0,0.0,0.0
2,2021-11-02,22.0,13.5,10.4,28.1,0.0,0.2,2.0,0.2
2,2021-11-03,21.3,12.7,13.9,34.2,0.0,0.0,0.0,0.0
2,2021-11-04,19.9,10.9,10.7,23.8,0.0,0.1,1.0,0.1
2,2021-11-05,20.6,11.4,11.8,29.2,0.0,0.8,5.0,0.8
2,2021-11-06,19.7,11.4,18.7,42.5,0.0,0.0,0.0,0.0
2,2021-11-07,17.4,15.1,26.4,59.8,0.0,19.7,18.0,19.7
2,2021-11-08,20.9,16.0,30.3,73.8,0.0,9.9,19.0,9.9
2,2021-11-09,22.5,13.3,22.8,52.6,0.0,42.0,6.0,42.0
2,2021-11-10,17.9,11.4,19.7,46.1,0.0,0.0,0.0,0.0
2,2021-11-11,18.5,10.2,19.5,47.5,0.0,0.0,0.0,0.0
2,2021-11-12,16.6,9.4,16.3,41.0,0.0,0.0,0.0,0.0
2,2021-11-13,17.3,7.8,13.0,33.1,0.0,0.0,0.0,0.0
2,2021-11-14,17.6,10.8,12.3,28.1,0.0,0.1,1.0,0.1
2,2021-11-15,19.1,8.8,12.6,31.0,0.0,0.0,0.0,0.0
2,2021-11-16,19.8,9.4,9.7,24.5,0.0,0.0,0.0,0.0
2,2021-11-17,18.2,10.4,8.9,23.4,0.0,0.0,0.0,0.0
2,2021-11-18,18.2,11.6,11.4,26.3,0.0,0.0,0.0,0.0
2,2021-11-19,18.4,11.7,7.8,21.6,0.0,0.0,0.0,0.0
2,2021-11-20,19.3,9.3,12.8,32.4,0.0,0.0,0.0,0.0
2,2021-11-21,19.0,10.2,14.0,33.8,0.0,0.0,0.0,0.0
2,2021-11-22,18.7,13.3,22.4,69.5,0.0,21.9,12.0,21.9
2,2021-11-23,13.1,8.3,20.7,49.7,0.0,0.0,0.0,0.0
2,2021-11-24,14.0,8.5,22.3,53.3,0.0,0.0,0.0,0.0
2,2021-11-25,17.3,7.1,18.8,43.9,0.0,0.0,0.0,0.0
2,2021-11-26,18.0,7.8,13.6,32.8,0.0,0.0,0.0,0.0
2,2021-11-27,12.9,6.6,14.9,38.2,0.0,0.0,0.0,0.0
2,2021-11-28,15.1,5.2,8.1,20.2,0.0,0.0,0.0,0.0
2,2021-11-29,15.4,6.2,12.3,31.3,0.0,0.0,0.0,0.0
2,2021-11-30,18.0,8.1,25.6,63.4,0.0,6.4,5.0,6.4
2,2021-12-01,17.0,6.4,37.1,92.5,0.0,32.5,5.0,32.5
2,2021-12-02,12.1,4.6,18.0,43.9,0.0,0.0,0.0,0.0
2,2021-12-03,15.1,5.8,13.8,32.8,0.0,0.0,0.0,0.0
2,2021-12-04,12.7,6.2,18.9,47.5,0.0,0.0,0.0,0.0
2,2021-12-05,12.7,3.9,12.2,25.6,0.0,0.1,1.0,0.1
2,2021-12-06,16.7,11.7,22.4,50.4,0.0,4.7,10.0,4.7
2,2021-12-07,14.6,11.4,20.0,43.2,0.0,43.9,20.0,43.9
2,2021-12-08,15.2,10.6,23.4,55.1,0.0,0.0,0.0,0.0
2,2021-12-09,16.1,8.0,11.6,34.9,0.0,0.0,0.0,0.0
2,2021-12-10,14.8,8.1,9.2,24.5,0.0,1.7,4.0,1.7
2,2021-12-11,17.6,7.7,10.4,23.4,0.0,0.0,0.0,0.0
2,2021-12-12,18.9,9.6,13.2,31.3,0.0,0.0,0.0,0.0
2,2021-12-13,12.9,5.4,11.2,31.0,0.0,0.0,0.0,0.0
2,2021-12-14,14.7,3.9,12.9,31.7,0.0,0.0,0.0,0.0
2,2021-12-15,15.1,5.7,13.4,29.9,0.0,0.0,0.0,0.0
2,2021-12-16,16.9,6.0,18.4,46.1,0.0,1.9,2.0,1.9
2,2021-12-17,15.6,4.1,31.4,77.8,0.0,35.4,11.0,35.4
2,2021-12-18,7.7,1.8,19.1,50.0,0.0,0.0,0.0,0.0
2,2021-12-19,9.4,2.8,24.1,58.0,0.0,0.0,0.0,0.0
2,2021-12-20,12.0,2.6,12.3,29.9,0.0,0.0,0.0,0.0
2,2021-12-21,15.4,4.0,15.4,36.0,0.0,0.0,0.0,0.0
2,2021-12-22,15.2,5.1,15.5,32.8,0.0,0.0,0.0,0.0
2,2021-12-23,12.6,3.4,12.1,28.8,0.0,0.0,0.0,0.0
2,2021-12-24,14.4,4.5,9.4,23.4,0.0,6.1,8.0,6.1
2,2021-12-25,13.0,6.4,22.9,56.2,0.0,6.6,6.0,6.6
2,2021-12-26,6.0,1.1,26.2,63.7,0.35,0.0,5.0,0.5
2,2021-12-27,6.0,0.7,20.8,49.7,0.14,0.0,2.0,0.2
2,2021-12-28,10.3,3.4,13.9,37.4,0.0,0.1,1.0,0.1
2,2021-12-29,13.0,2.5,11.2,27.7,0.0,0.0,0.0,0.0
2,2021-12-30,11.4,4.3,27.1,63.7,0.0,0.0,0.0,0.0
2,2021-12-31,6.6,2.4,26.3,67.3,0.0,0.0,0.0,0.0
2,2022-01-01,7.4,0.9,16.1,39.2,0.0,0.0,0.0,0.0
2,2022-01-02,11.7,0.2,14.8,37.1,0.0,0.0,0.0,0.0
2,2022-01-03,11.6,1.8,11.1,25.9,0.0,0.0,0.0,0.0
2,2022-01-04,10.3,3.2,21.9,52.9,0.0,0.0,0.0,0.0
2,2022-01-05,9.2,1.9,11.8,27.4,0.0,0.0,0.0,0.0
2,2022-01-06,6.2,1.9,12.3,27.0,0.0,6.3,14.0,6.3
2,2022-01-07,7.7,1.7,11.8,28.1,0.0,0.0,0.0,0.0
2,2022-01-08,9.8,0.5,11.5,25.6,0.0,0.0,0.0,0.0
2,2022-01-09,13.1,3.4,10.0,24.5,0.0,0.0,0.0,0.0
2,2022-01-10,14.1,3.9,11.3,26.6,0.0,0.0,0.0,0.0
2,2022-01-11,12.6,3.8,19.7,48.6,0.0,17.1,10.0,17.1
2,2022-01-12,6.9,2.4,23.1,54.0,0.0,0.0,0.0,0.0
2,2022-01-13,7.9,1.6,28.8,69.8,0.0,0.0,0.0,0.0
2,2022-01-14,7.1,0.9,19.4,47.5,0.0,0.0,0.0,0.0
2,2022-01-15,10.8,1.1,12.1,25.2,0.0,0.0,0.0,0.0
2,2022-01-16,13.3,2.3,12.3,30.6,0.0,0.0,0.0,0.0
2,2022-01-17,10.3,3.1,18.7,46.4,0.0,0.0,0.0,0.0
2,2022-01-18,7.2,1.6,21.7,52.6,0.0,0.0,0.0,0.0
2,2022-01-19,9.1,-0.6,11.9,29.9,0.0,0.0,0.0,0.0
2,2022-01-20,7.5,0.9,21.5,52.2,0.0,0.0,0.0,0.0
2,2022-01-21,6.1,0.2,13.9,34.9,0.0,0.0,0.0,0.0
2,2022-01-22,10.1,-0.5,12.0,24.1,0.0,0.0,0.0,0.0
2,2022-01-23,9.5,3.0,13.4,26.6,0.0,23.9,14.0,23.9
2,2022-01-24,13.1,2.7,12.4,24.8,0.0,6.2,7.0,6.2
2,2022-01-25,12.8,1.9,11.2,25.6,0.0,0.1,1.0,0.1
2,2022-01-26,13.5,3.4,13.9,35.6,0.0,0.0,0.0,0.0
2,2022-01-27,12.1,3.8,12.8,29.2,0.0,0.0,0.0,0.0
2,2022-01-28,12.6,1.9,14.8,31.3,0.0,0.0,0.0,0.0
2,2022-01-29,11.9,2.6,14.0,29.2,0.0,0.0,0.0,0.0
2,2022-01-30,9.7,2.3,11.3,26.6,0.0,0.0,0.0,0.0
2,2022-01-31,10.5,1.8,11.8,30.2,0.0,0.0,0.0,0.0
2,2022-02-01,11.9,-0.1,19.4,48.6,0.0,0.0,0.0,0.0
2,2022-02-02,10.3,2.6,19.5,47.9,0.0,0.0,0.0,0.0
2,2022-02-03,9.5,2.5,12.5,26.6,0.0,0.0,0.0,0.0
2,2022-02-04,10.6,1.6,13.9,34.9,0.0,0.0,0.0,0.0
2,2022-02-05,6.3,1.2,24.3,58.7,0.0,0.0,0.0,0.0
2,2022-02-06,6.7,0.3,23.1,54.7,0.0,0.0,0.0,0.0
2,2022-02-07,9.8,0.6,15.3,31.7,0.0,0.0,0.0,0.0
2,2022-02-08,8.8,2.9,10.8,22.3,0.0,3.3,12.0,3.3
2,2022-02-09,12.0,2.4,13.4,34.2,0.0,0.0,0.0,0.0
2,2022-02-10,8.4,4.6,17.2,38.5,0.0,3.7,8.0,3.7
2,2022-02-11,12.8,3.9,18.0,40.7,0.0,0.0,0.0,0.0
2,2022-02-12,12.3,1.6,12.5,28.4,0.0,0.0,0.0,0.0
2,2022-02-13,7.9,3.8,17.4,36.0,0.0,13.3,14.0,13.3
2,2022-02-14,10.2,5.1,11.4,28.1,0.0,0.6,3.0,0.6
2,2022-02-15,13.5,4.0,18.0,43.2,0.0,0.3,3.0,0.3
2,2022-02-16,7.7,2.0,20.8,51.1,0.0,0.0,0.0,0.0
2,2022-02-17,5.1,-0.6,22.3,53.3,0.0,0.0,0.0,0.0
2,2022-02-18,10.5,0.8,17.7,41.8,0.0,0.0,0.0,0.0
2,2022-02-19,11.0,1.8,12.8,29.2,0.0,14.2,11.0,14.2
2,2022-02-20,9.9,2.2,26.9,64.4,0.0,6.0,7.0,6.0
2,2022-02-21,6.9,0.4,24.1,58.7,0.0,0.0,0.0,0.0
2,2022-02-22,8.5,-0.3,25.3,61.2,0.0,0.0,0.0,0.0
2,2022-02-23,8.6,0.0,13.5,32.4,0.0,0.0,0.0,0.0
2,2022-02-24,9.0,-0.9,14.5,36.4,0.0,0.0,0.0,0.0
2,2022-02-25,10.7,-0.6,13.5,27.4,0.0,0.0,0.0,0.0
2,2022-02-26,14.0,1.1,17.3,42.5,0.0,0.0,0.0,0.0
2,2022-02-27,13.9,4.4,24.7,59.0,0.0,0.0,0.0,0.0
2,2022-02-28,14.3,1.6,16.2,41.0,0.0,0.0,0.0,0.0
2,2022-03-01,17.0,3.6,24.8,58.0,0.0,7.6,8.0,7.6
2,2022-03-02,16.2,6.2,16.9,41.0,0.0,0.1,1.0,0.1
2,2022-03-03,15.1,3.8,17.3,42.5,0.0,0.0,0.0,0.0
2,2022-03-04,12.9,1.6,18.1,43.2,0.0,0.0,0.0,0.0
2,2022-03-05,17.6,5.7,22.4,55.4,0.0,0.0,0.0,0.0
2,2022-03-06,10.7,2.3,24.2,57.6,0.0,0.0,0.0,0.0
2,2022-03-07,10.8,1.4,10.5,27.4,0.0,0.0,0.0,0.0
2,2022-03-08,12.8,2.2,14.4,36.7,0.0,0.0,0.0,0.0
2,2022-03-09,14.1,3.1,15.6,40.0,0.0,0.0,0.0,0.0
2,2022-03-10,15.9,3.4,18.4,44.3,0.0,0.0,0.0,0.0
2,2022-03-11,17.9,4.0,17.2,39.2,0.0,0.0,0.0,0.0
2,2022-03-12,22.2,7.1,12.9,29.9,0.0,0.0,0.0,0.0
2,2022-03-13,21.7,10.5,19.3,46.1,0.0,0.1,1.0,0.1
2,2022-03-14,23.8,13.6,19.3,49.7,0.0,3.1,7.0,3.1
2,2022-03-15,24.6,10.3,16.0,42.8,0.0,0.6,4.0,0.6
2,2022-03-16,20.7,7.8,16.0,40.3,0.0,0.0,0.0,0.0
2,2022-03-17,20.6,9.0,14.8,39.6,0.0,0.0,0.0,0.0
2,2022-03-18,14.2,11.7,41.7,92.9,0.0,76.5,14.0,76.5
2,2022-03-19,16.6,9.4,18.7,46.1,0.0,0.6,3.0,0.6
2,2022-03-20,14.7,6.1,13.8,33.8,0.0,0.0,0.0,0.0
2,2022-03-21,14.4,6.3,14.9,40.0,0.0,0.3,2.0,0.3
2,2022-03-22,10.2,5.8,18.4,43.2,0.0,26.6,14.0,26.6
2,2022-03-23,11.1,4.5,18.8,44.6,0.0,6.3,9.0,6.3
2,2022-03-24,16.2,5.0,12.0,33.1,0.0,0.3,1.0,0.3
2,2022-03-25,15.9,5.6,11.0,29.5,0.0,0.0,0.0,0.0
2,2022-03-26,17.5,12.0,23.2,55.4,0.0,61.4,15.0,61.4
2,2022-03-27,20.0,10.3,14.1,31.3,0.0,0.0,0.0,0.0
2,2022-03-28,17.2,9.2,13.3,34.2,0.0,0.0,0.0,0.0
2,2022-03-29,15.9,11.0,15.8,38.9,0.0,0.4,4.0,0.4
2,2022-03-30,18.0,12.0,10.8,29.5,0.0,0.0,0.0,0.0
2,2022-03-31,24.1,12.1,14.4,39.2,0.0,4.7,10.0,4.7
2,2022-04-01,14.3,5.4,17.8,51.1,0.0,4.5,7.0,4.5
2,2022-04-02,13.6,3.3,14.1,33.5,0.0,3.2,7.0,3.2
2,2022-04-03,11.1,9.3,19.3,50.8,0.0,42.2,22.0,42.2
2,2022-04-04,18.5,8.5,16.9,45.4,0.0,1.3,2.0,1.3
2,2022-04-05,17.6,5.0,14.3,29.5,0.0,0.0,0.0,0.0
2,2022-04-06,18.6,9.3,12.0,29.2,0.0,0.0,0.0,0.0
2,2022-04-07,19.9,8.3,19.9,46.8,0.0,0.0,0.0,0.0
2,2022-04-08,19.4,8.5,17.4,42.1,0.0,0.0,0.0,0.0
2,2022-04-09,21.1,9.1,18.4,43.9,0.0,0.0,0.0,0.0
2,2022-04-10,22.4,9.4,11.4,30.6,0.0,0.0,0.0,0.0
2,2022-04-11,21.2,11.2,15.8,40.0,0.0,0.0,0.0,0.0
2,2022-04-12,22.0,13.5,13.3,35.6,0.0,0.1,1.0,0.1
2,2022-04-13,23.1,17.4,11.9,31.3,0.0,0.0,0.0,0.0
2,2022-04-14,22.6,17.5,13.8,34.9,0.0,28.6,13.0,28.6
2,2022-04-15,18.1,15.3,16.7,37.4,0.0,17.7,19.0,17.7
2,2022-04-16,18.6,10.3,15.3,38.9,0.0,0.0,0.0,0.0
2,2022-04-17,17.0,9.8,22.9,55.1,0.0,9.2,11.0,9.2
2,2022-04-18,19.4,12.9,19.3,44.3,0.0,0.9,4.0,0.9
2,2022-04-19,21.0,11.1,14.8,36.0,0.0,0.0,0.0,0.0
2,2022-04-20,20.7,11.0,12.3,33.5,0.0,0.3,3.0,0.3
2,2022-04-21,20.0,13.3,12.5,30.2,0.0,30.3,12.0,30.3
2,2022-04-22,24.7,12.8,14.0,36.0,0.0,1.5,2.0,1.5
2,2022-04-23,25.1,13.3,14.4,32.8,0.0,2.4,4.0,2.4
2,2022-04-24,17.6,15.3,23.8,53.6,0.0,67.5,15.0,67.5
2,2022-04-25,23.5,16.2,10.0,27.4,0.0,0.4,3.0,0.4
2,2022-04-26,22.8,16.3,24.8,67.7,0.0,6.6,15.0,6.6
2,2022-04-27,25.4,19.3,20.1,51.1,0.0,46.6,18.0,46.6
2,2022-04-28,22.3,16.9,18.9,45.0,0.0,4.4,10.0,4.4
2,2022-04-29,21.3,13.4,28.6,84.2,0.0,45.5,18.0,45.5
2,2022-04-30,19.5,10.8,20.4,47.9,0.0,9.8,8.0,9.8
2,2022-05-01,17.9,13.7,14.7,37.8,0.0,21.0,18.0,21.0
2,2022-05-02,20.9,8.4,16.2,39.6,0.0,0.0,0.0,0.0
2,2022-05-03,17.8,8.2,15.6,39.2,0.0,0.0,0.0,0.0
2,2022-05-04,21.6,8.5,19.1,45.7,0.0,0.0,0.0,0.0
2,2022-05-05,22.0,11.5,12.7,32.8,0.0,0.0,0.0,0.0
2,2022-05-06,20.2,15.4,14.1,34.9,0.0,0.1,1.0,0.1
2,2022-05-07,22.8,16.0,16.0,39.6,0.0,0.2,2.0,0.2
2,2022-05-08,22.7,15.0,13.7,35.6,0.0,0.0,0.0,0.0
2,2022-05-09,21.4,14.6,14.3,29.2,0.0,11.2,10.0,11.2
2,2022-05-10,19.4,15.3,18.6,44.3,0.0,0.0,0.0,0.0
2,2022-05-11,19.4,16.3,14.7,35.3,0.0,7.0,12.0,7.0
2,2022-05-12,19.8,18.0,19.4,40.7,0.0,54.6,21.0,54.6
2,2022-05-13,23.8,18.1,15.4,41.8,0.0,22.1,18.0,22.1
2,2022-05-14,24.9,15.8,18.6,48.2,0.0,52.5,16.0,52.5
2,2022-05-15,21.0,13.0,8.7,24.5,0.0,1.3,5.0,1.3
2,2022-05-16,17.9,15.1,6.6,14.8,0.0,4.0,14.0,4.0
2,2022-05-17,18.2,14.9,8.2,16.9,0.0,2.7,8.0,2.7
2,2022-05-18,22.8,12.4,12.1,32.0,0.0,0.0,0.0,0.0
2,2022-05-19,23.7,12.9,10.8,28.8,0.0,0.0,0.0,0.0
2,2022-05-20,24.7,14.3,8.9,24.8,0.0,0.0,0.0,0.0
2,2022-05-21,18.6,16.6,14.5,37.4,0.0,5.8,12.0,5.8
2,2022-05-22,22.8,14.8,16.5,41.0,0.0,0.6,2.0,0.6
2,2022-05-23,25.8,15.2,16.7,40.0,0.0,0.0,0.0,0.0
2,2022-05-24,24.1,17.8,11.6,29.9,0.0,0.2,2.0,0.2
2,2022-05-25,24.0,16.9,13.4,34.6,0.0,0.5,4.0,0.5
2,2022-05-26,22.5,18.3,22.1,47.9,0.0,27.0,21.0,27.0
2,2022-05-27,24.9,17.9,26.3,61.9,0.0,12.8,12.0,12.8
2,2022-05-28,28.1,14.9,15.6,39.2,0.0,0.0,0.0,0.0
2,2022-05-29,26.4,15.7,11.0,26.3,0.0,0.0,0.0,0.0
2,2022-05-30,25.2,15.8,17.9,41.4,0.0,16.9,9.0,16.9
2,2022-05-31,23.7,17.8,23.1,53.3,0.0,5.0,13.0,5.0
2,2022-06-01,25.1,13.4,11.2,23.4,0.0,0.0,0.0,0.0
2,2022-06-02,24.7,14.9,12.4,32.4,0.0,0.0,0.0,0.0
2,2022-06-03,25.3,16.0,12.1,29.5,0.0,0.6,2.0,0.6
2,2022-06-04,24.7,16.0,16.3,41.0,0.0,0.0,0.0,0.0
2,2022-06-05,23.9,17.4,13.6,36.7,0.0,22.0,10.0,22.0
2,2022-06-06,21.1,16.8,37.8,85.0,0.0,58.6,21.0,58.6
2,2022-06-07,25.2,16.8,14.7,36.7,0.0,0.0,0.0,0.0
2,2022-06-08,22.0,14.0,13.0,34.6,0.0,1.4,7.0,1.4
2,2022-06-09,23.2,16.3,12.3,32.0,0.0,2.7,6.0,2.7
2,2022-06-10,23.7,17.6,10.5,27.4,0.0,1.0,8.0,1.0
2,2022-06-11,20.9,18.2,28.6,67.3,0.0,25.6,19.0,25.6
2,2022-06-12,27.2,18.1,20.3,51.5,0.0,1.7,4.0,1.7
2,2022-06-13,23.5,18.9,12.1,28.8,0.0,2.6,5.0,2.6
2,2022-06-14,19.5,17.7,30.1,67.0,0.0,60.1,24.0,60.1
2,2022-06-15,22.0,18.1,25.8,57.2,0.0,23.5,17.0,23.5
2,2022-06-16,25.0,18.7,15.5,36.7,0.0,1.6,4.0,1.6
2,2022-06-17,27.5,20.9,12.6,31.3,0.0,1.7,3.0,1.7
2,2022-06-18,22.7,21.1,19.3,46.8,0.0,56.7,13.0,56.7
2,2022-06-19,26.4,19.2,13.7,31.7,0.0,0.0,0.0,0.0
2,2022-06-20,27.3,21.9,13.8,31.3,0.0,0.1,1.0,0.1
2,2022-06-21,24.0,21.2,14.8,45.4,0.0,56.3,19.0,56.3
2,2022-06-22,29.0,22.2,14.8,39.6,0.0,4.8,17.0,4.8
2,2022-06-23,27.6,21.5,11.7,28.1,0.0,0.3,3.0,0.3
2,2022-06-24,30.8,24.5,26.3,60.8,0.0,0.0,0.0,0.0
2,2022-06-25,31.3,24.1,20.2,49.7,0.0,0.3,3.0,0.3
2,2022-06-26,30.9,23.9,17.1,41.4,0.0,0.6,1.0,0.6
2,2022-06-27,31.9,23.7,14.2,33.5,0.0,0.5,1.0,0.5
2,2022-06-28,32.2,24.3,18.9,45.0,0.0,0.0,0.0,0.0
2,2022-06-29,32.5,23.9,19.2,45.0,0.0,0.0,0.0,0.0
2,2022-06-30,31.5,22.4,14.2,32.0,0.0,0.0,0.0,0.0
2,2022-07-01,31.6,24.4,8.7,24.8,0.0,0.0,0.0,0.0
2,2022-07-02,30.4,24.6,11.6,32.4,0.0,4.7,4.0,4.7
2,2022-07-03,26.5,24.8,10.8,28.4,0.0,20.2,20.0,20.2
2,2022-07-04,25.8,23.6,8.7,23.0,0.0,32.7,22.0,32.7
2,2022-07-05,26.1,23.6,14.6,41.4,0.0,59.5,20.0,59.5
2,2022-07-06,30.4,23.9,8.0,24.1,0.0,16.8,9.0,16.8
2,2022-07-07,28.0,24.1,10.8,27.7,0.0,4.5,12.0,4.5
2,2022-07-08,28.8,23.4,12.3,27.7,0.0,1.2,8.0,1.2
2,2022-07-09,27.8,23.7,16.0,40.0,0.0,12.1,15.0,12.1
2,2022-07-10,27.9,23.7,10.3,27.7,0.0,0.8,5.0,0.8
2,2022-07-11,29.2,24.1,10.5,29.2,0.0,0.0,0.0,0.0
2,2022-07-12,29.8,24.5,14.4,37.1,0.0,19.3,8.0,19.3
2,2022-07-13,28.5,23.9,9.0,31.3,0.0,0.8,8.0,0.8
2,2022-07-14,28.5,24.2,9.0,27.7,0.0,12.9,16.0,12.9
2,2022-07-15,28.6,23.8,7.6,25.2,0.0,14.2,16.0,14.2
2,2022-07-16,25.5,22.9,18.5,42.8,0.0,36.3,17.0,36.3
2,2022-07-17,28.8,23.5,14.2,36.0,0.0,0.8,5.0,0.8
2,2022-07-18,32.4,23.4,18.5,42.5,0.0,1.2,5.0,1.2
2,2022-07-19,27.4,23.8,20.6,49.3,0.0,20.9,21.0,20.9
2,2022-07-20,34.0,24.2,14.3,38.2,0.0,0.0,0.0,0.0
2,2022-07-21,30.0,23.2,12.7,32.8,0.0,0.0,0.0,0.0
2,2022-07-22,30.4,25.7,11.2,31.7,0.0,3.9,10.0,3.9
2,2022-07-23,29.4,23.7,14.6,37.4,0.0,0.2,2.0,0.2
2,2022-07-24,29.5,22.9,10.9,31.0,0.0,0.1,1.0,0.1
2,2022-07-25,30.3,22.5,12.6,33.5,0.0,0.0,0.0,0.0
2,2022-07-26,29.5,24.5,17.9,45.4,0.0,1.9,10.0,1.9
2,2022-07-27,29.9,24.6,13.7,35.3,0.0,5.8,9.0,5.8
2,2022-07-28,30.2,24.6,11.6,32.4,0.0,2.2,13.0,2.2
2,2022-07-29,30.3,24.8,13.0,34.6,0.0,5.7,19.0,5.7
2,2022-07-30,29.0,24.7,11.3,30.2,0.0,13.9,15.0,13.9
2,2022-07-31,31.0,25.1,13.0,33.1,0.0,0.0,0.0,0.0
2,2022-08-01,32.0,24.2,17.3,42.1,0.0,0.0,0.0,0.0
2,2022-08-02,34.2,24.0,13.6,33.8,0.0,0.0,0.0,0.0
2,2022-08-03,32.8,25.1,13.6,34.9,0.0,0.0,0.0,0.0
2,2022-08-04,33.9,25.9,8.5,25.9,0.0,8.6,4.0,8.6
2,2022-08-05,28.5,24.0,12.4,29.9,0.0,20.0,14.0,20.0
2,2022-08-06,29.4,24.9,10.8,30.2,0.0,2.9,12.0,2.9
2,2022-08-07,29.6,24.6,10.8,29.9,0.0,6.3,11.0,6.3
2,2022-08-08,31.9,25.5,14.1,35.6,0.0,6.4,7.0,6.4
2,2022-08-09,31.7,26.1,18.4,43.6,0.0,1.4,3.0,1.4
2,2022-08-10,31.1,26.0,15.9,39.6,0.0,4.7,9.0,4.7
2,2022-08-11,30.7,25.9,14.8,35.3,0.0,3.7,15.0,3.7
2,2022-08-12,29.4,25.2,13.5,32.0,0.0,7.0,22.0,7.0
2,2022-08-13,31.4,25.0,18.7,46.4,0.0,35.3,14.0,35.3
2,2022-08-14,32.4,24.7,15.4,39.2,0.0,1.8,7.0,1.8
2,2022-08-15,33.9,26.4,18.6,44.3,0.0,0.0,0.0,0.0
2,2022-08-16,32.5,27.2,22.1,52.9,0.0,1.5,11.0,1.5
2,2022-08-17,33.1,25.9,18.1,42.5,0.0,0.6,4.0,0.6
2,2022-08-18,32.0,23.4,19.4,49.3,0.0,12.7,9.0,12.7
2,2022-08-19,32.6,22.6,12.7,33.1,0.0,0.9,3.0,0.9
2,2022-08-20,32.6,24.5,14.8,37.8,0.0,0.7,4.0,0.7
2,2022-08-21,30.0,25.0,10.0,29.9,0.0,16.4,13.0,16.4
2,2022-08-22,28.9,25.5,16.4,40.0,0.0,1.6,10.0,1.6
2,2022-08-23,30.8,26.1,8.2,25.2,0.0,3.2,9.0,3.2
2,2022-08-24,31.3,26.6,10.9,28.8,0.0,2.8,7.0,2.8
2,2022-08-25,31.0,26.2,10.8,32.4,0.0,7.4,12.0,7.4
2,2022-08-26,30.1,25.1,11.9,31.0,0.0,2.2,9.0,2.2
2,2022-08-27,30.1,24.9,7.2,22.7,0.0,2.6,10.0,2.6
2,2022-08-28,31.7,24.7,15.2,33.5,0.0,1.4,6.0,1.4
2,2022-08-29,27.2,23.2,20.1,51.8,0.0,31.7,19.0,31.7
2,2022-08-30,26.7,23.5,18.6,39.2,0.0,44.4,24.0,44.4
2,2022-08-31,29.7,25.1,17.6,42.8,0.0,8.7,20.0,8.7
2,2022-09-01,31.8,24.2,14.5,38.5,0.0,11.0,11.0,11.0
2,2022-09-02,29.2,23.3,12.6,30.2,0.0,15.2,13.0,15.2
2,2022-09-03,28.3,23.7,14.8,37.8,0.0,2.4,11.0,2.4
2,2022-09-04,28.1,24.1,13.4,33.8,0.0,3.4,13.0,3.4
2,2022-09-05,29.4,23.9,13.8,33.5,0.0,6.6,18.0,6.6
2,2022-09-06,29.7,25.3,29.8,67.7,0.0,22.7,24.0,22.7
2,2022-09-07,30.6,24.8,11.5,29.9,0.0,0.4,3.0,0.4
2,2022-09-08,28.0,24.4,13.5,34.2,0.0,7.1,11.0,7.1
2,2022-09-09,28.1,23.8,15.7,37.4,0.0,12.2,20.0,12.2
2,2022-09-10,27.4,24.0,13.2,33.5,0.0,1.8,11.0,1.8
2,2022-09-11,28.8,24.2,13.9,35.6,0.0,0.5,2.0,0.5
2,2022-09-12,29.1,24.2,16.7,41.4,0.0,2.9,11.0,2.9
2,2022-09-13,28.9,23.9,17.3,40.3,0.0,4.5,14.0,4.5
2,2022-09-14,30.2,25.3,15.2,39.6,0.0,0.9,7.0,0.9
2,2022-09-15,27.5,24.3,19.6,47.9,0.0,5.3,20.0,5.3
2,2022-09-16,28.3,23.3,21.4,50.8,0.0,0.4,2.0,0.4
2,2022-09-17,26.4,24.1,26.0,56.5,0.0,43.0,23.0,43.0
2,2022-09-18,29.0,24.7,25.3,62.6,0.0,59.9,23.0,59.9
2,2022-09-19,26.8,24.3,39.5,91.8,0.0,62.4,24.0,62.4
2,2022-09-20,26.0,19.9,24.1,70.6,0.0,12.2,7.0,12.2
2,2022-09-21,26.3,20.4,18.8,45.0,0.0,0.0,0.0,0.0
2,2022-09-22,23.8,21.1,25.8,57.6,0.0,56.9,22.0,56.9
2,2022-09-23,24.9,23.0,23.5,52.2,0.0,154.8,22.0,154.8
2,2022-09-24,31.0,22.0,10.3,27.4,0.0,1.5,6.0,1.5
2,2022-09-25,27.2,19.4,12.1,30.2,0.0,0.5,2.0,0.5
2,2022-09-26,26.8,22.6,11.8,30.6,0.0,2.8,10.0,2.8
2,2022-09-27,27.0,22.2,15.8,38.5,0.0,1.6,12.0,1.6
2,2022-09-28,24.1,21.1,13.4,31.0,0.0,21.5,19.0,21.5
2,2022-09-29,25.4,20.9,10.5,28.4,0.0,6.1,11.0,6.1
2,2022-09-30,25.9,20.6,14.0,36.7,0.0,0.1,1.0,0.1
2,2022-10-01,27.2,20.5,11.9,27.4,0.0,0.0,0.0,0.0
2,2022-10-02,26.8,19.1,10.8,28.8,0.0,0.0,0.0,0.0
2,2022-10-03,26.2,21.3,9.1,25.9,0.0,1.4,9.0,1.4
2,2022-10-04,28.2,21.8,17.1,40.3,0.0,0.0,0.0,0.0
2,2022-10-05,26.8,18.9,15.4,36.0,0.0,5.1,8.0,5.1
2,2022-10-06,22.0,17.7,15.4,36.0,0.0,4.3,7.0,4.3
2,2022-10-07,21.0,18.1,17.0,41.4,0.0,34.7,19.0,34.7
2,2022-10-08,24.0,16.9,12.6,26.6,0.0,0.0,0.0,0.0
2,2022-10-09,21.2,18.2,27.9,60.8,0.0,170.5,18.0,170.5
2,2022-10-10,27.0,18.8,22.9,60.5,0.0,2.7,10.0,2.7
2,2022-10-11,22.7,15.4,12.2,30.6,0.0,0.0,0.0,0.0
2,2022-10-12,22.9,15.2,17.6,43.6,0.0,0.1,1.0,0.1
2,2022-10-13,21.3,19.1,23.0,56.9,0.0,2.1,5.0,2.1
2,2022-10-14,24.7,18.9,15.1,37.4,0.0,0.0,0.0,0.0
2,2022-10-15,25.5,18.6,9.7,26.3,0.0,0.0,0.0,0.0
2,2022-10-16,24.1,19.7,12.8,31.3,0.0,1.8,11.0,1.8
2,2022-10-17,23.7,19.0,10.8,27.4,0.0,18.3,18.0,18.3
2,2022-10-18,23.6,15.8,13.0,33.1,0.0,2.0,6.0,2.0
2,2022-10-19,21.9,13.7,13.9,33.1,0.0,0.0,0.0,0.0
2,2022-10-20,21.3,12.8,12.2,27.4,0.0,0.0,0.0,0.0
2,2022-10-21,21.7,12.8,8.7,23.4,0.0,0.0,0.0,0.0
2,2022-10-22,24.4,16.7,14.9,34.6,0.0,0.0,0.0,0.0
2,2022-10-23,25.7,15.7,10.7,25.2,0.0,0.0,0.0,0.0
2,2022-10-24,21.6,13.8,11.2,30.6,0.0,0.9,3.0,0.9
2,2022-10-25,19.1,11.1,16.1,41.4,0.0,1.2,5.0,1.2
2,2022-10-26,19.0,9.7,10.2,22.7,0.0,0.0,0.0,0.0
2,2022-10-27,19.5,10.6,10.7,25.2,0.0,0.0,0.0,0.0
2,2022-10-28,21.2,13.4,11.0,28.8,0.0,0.0,0.0,0.0
2,2022-10-29,21.4,11.3,11.5,23.8,0.0,0.0,0.0,0.0
2,2022-10-30,20.1,10.4,10.9,26.6,0.0,0.0,0.0,0.0
2,2022-10-31,18.3,12.6,16.4,37.8,0.0,16.4,13.0,16.4
2,2022-11-01,17.8,16.2,16.7,38.5,0.0,78.4,24.0,78.4
2,2022-11-02,22.4,15.3,15.5,34.6,0.0,0.5,5.0,0.5
2,2022-11-03,23.7,13.5,12.2,29.5,0.0,0.0,0.0,0.0
2,2022-11-04,22.8,13.2,10.7,23.4,0.0,0.0,0.0,0.0
2,2022-11-05,19.6,10.7,13.0,31.3,0.0,0.0,0.0,0.0
2,2022-11-06,18.8,9.7,9.8,25.2,0.0,0.0,0.0,0.0
2,2022-11-07,19.3,11.6,8.7,24.1,0.0,0.0,0.0,0.0
2,2022-11-08,20.6,11.1,10.4,23.0,0.0,0.0,0.0,0.0
2,2022-11-09,19.6,9.7,13.1,31.0,0.0,0.0,0.0,0.0
2,2022-11-10,20.7,10.5,14.9,32.8,0.0,0.0,0.0,0.0
2,2022-11-11,21.0,11.9,11.6,26.6,0.0,0.0,0.0,0.0
2,2022-11-12,20.8,14.8,14.0,29.9,0.0,0.0,0.0,0.0
2,2022-11-13,20.3,14.8,19.5,42.8,0.0,15.5,8.0,15.5
2,2022-11-14,19.1,11.6,13.7,33.8,0.0,0.0,0.0,0.0
2,2022-11-15,18.8,10.5,13.6,30.2,0.0,0.0,0.0,0.0
2,2022-11-16,18.0,9.9,16.8,40.3,0.0,0.0,0.0,0.0
2,2022-11-17,18.1,8.7,11.3,24.1,0.0,0.0,0.0,0.0
2,2022-11-18,18.3,9.5,9.8,24.5,0.0,0.0,0.0,0.0
2,2022-11-19,19.0,8.5,12.3,30.2,0.0,1.0,1.0,1.0
2,2022-11-20,15.8,13.2,28.7,68.0,0.0,201.6,24.0,201.6
2,2022-11-21,20.6,12.6,23.2,50.0,0.0,14.7,9.0,14.7
2,2022-11-22,20.3,11.4,9.7,21.2,0.0,0.0,0.0,0.0
2,2022-11-23,17.3,14.1,12.7,33.5,0.0,12.0,12.0,12.0
2,2022-11-24,19.6,11.2,15.0,32.0,0.0,0.0,0.0,0.0
2,2022-11-25,18.2,8.7,9.9,25.9,0.0,0.0,0.0,0.0
2,2022-11-26,18.2,12.0,10.0,23.4,0.0,0.8,4.0,0.8
2,2022-11-27,18.6,10.7,9.4,21.2,0.0,0.0,0.0,0.0
2,2022-11-28,20.5,10.9,14.1,33.8,0.0,7.9,7.0,7.9
2,2022-11-29,21.0,16.6,30.8,69.5,0.0,44.5,24.0,44.5
2,2022-11-30,19.8,10.5,10.2,31.7,0.0,0.3,3.0,0.3
2,2022-12-01,13.9,7.9,12.4,30.2,0.0,0.0,0.0,0.0
2,2022-12-02,11.5,5.1,12.3,28.8,0.0,0.0,0.0,0.0
2,2022-12-03,14.4,4.6,12.1,29.5,0.0,0.0,0.0,0.0
2,2022-12-04,15.1,7.5,8.7,20.9,0.0,0.0,0.0,0.0
2,2022-12-05,15.9,9.2,9.3,20.9,0.0,0.9,6.0,0.9
2,2022-12-06,13.8,6.7,14.6,34.9,0.0,0.1,1.0,0.1
2,2022-12-07,13.1,5.6,11.3,27.0,0.0,0.0,0.0,0.0
2,2022-12-08,15.3,4.7,13.8,27.0,0.0,0.0,0.0,0.0
2,2022-12-09,14.9,5.3,12.4,29.2,0.0,0.0,0.0,0.0
2,2022-12-10,16.2,7.8,9.0,21.2,0.0,0.0,0.0,0.0
2,2022-12-11,18.0,9.2,14.6,34.9,0.0,0.2,1.0,0.2
2,2022-12-12,13.6,6.6,17.8,43.2,0.0,2.5,5.0,2.5
2,2022-12-13,15.6,9.0,12.9,31.7,0.0,3.5,7.0,3.5
2,2022-12-14,11.8,3.0,22.6,55.4,0.0,0.0,0.0,0.0
2,2022-12-15,9.4,2.6,14.4,37.1,0.0,0.0,0.0,0.0
2,2022-12-16,12.2,1.9,17.7,46.8,0.0,0.0,0.0,0.0
2,2022-12-17,9.6,4.6,10.4,23.8,0.0,11.5,14.0,11.5
2,2022-12-18,6.1,1.3,23.2,57.6,0.0,0.0,0.0,0.0
2,2022-12-19,6.6,0.9,22.3,52.9,0.0,0.0,0.0,0.0
2,2022-12-20,9.8,1.0,13.5,28.4,0.0,0.0,0.0,0.0
2,2022-12-21,11.1,2.7,15.6,33.8,0.0,3.6,8.0,3.6
2,2022-12-22,14.3,4.3,23.8,56.5,0.0,17.3,8.0,17.3
2,2022-12-23,5.1,1.0,25.9,63.7,0.0,0.0,0.0,0.0
2,2022-12-24,8.7,0.9,33.2,78.1,0.0,0.0,0.0,0.0
2,2022-12-25,10.4,4.0,15.8,39.6,0.0,0.0,0.0,0.0
2,2022-12-26,9.6,3.0,18.8,47.2,0.0,0.0,0.0,0.0
2,2022-12-27,10.9,2.2,10.5,21.2,0.0,0.0,0.0,0.0
2,2022-12-28,13.5,2.5,10.4,23.4,0.0,0.0,0.0,0.0
2,2022-12-29,11.4,3.4,12.0,29.9,0.0,0.0,0.0,0.0
2,2022-12-30,10.7,1.6,12.3,27.0,0.0,0.0,0.0,0.0
2,2022-12-31,11.7,1.6,13.3,28.8,0.0,0.0,0.0,0.0
2,2023-01-01,12.0,2.3,13.6,33.8,0.0,0.0,0.0,0.0
2,2023-01-02,11.5,3.5,15.7,38.2,0.0,0.0,0.0,0.0
2,2023-01-03,10.3,1.4,12.8,26.3,0.0,0.0,0.0,0.0
2,2023-01-04,9.9,1.8,19.3,46.4,0.0,0.0,0.0,0.0
2,2023-01-05,10.0,2.4,14.5,36.0,0.0,0.0,0.0,0.0
2,2023-01-06,12.0,1.6,12.7,28.1,0.0,0.0,0.0,0.0
2,2023-01-07,12.3,2.4,15.6,35.6,0.0,0.2,2.0,0.2
2,2023-01-08,12.9,4.5,13.2,33.1,0.0,0.0,0.0,0.0
2,2023-01-09,15.5,2.5,14.2,34.6,0.0,0.0,0.0,0.0
2,2023-01-10,9.5,2.7,13.2,34.9,0.0,0.0,0.0,0.0
2,2023-01-11,14.7,1.0,13.8,27.0,0.0,0.0,0.0,0.0
2,2023-01-12,18.4,2.0,10.6,25.2,0.0,0.0,0.0,0.0
2,2023-01-13,16.9,6.2,19.9,43.9,0.0,1.6,5.0,1.6
2,2023-01-14,17.3,12.2,11.4,31.7,0.0,35.5,15.0,35.5
2,2023-01-15,17.8,9.5,11.2,24.5,0.0,1.3,6.0,1.3
2,2023-01-16,14.0,4.9,19.5,47.2,0.0,1.8,8.0,1.8
2,2023-01-17,11.2,1.5,10.1,23.8,0.0,0.0,0.0,0.0
2,2023-01-18,12.3,4.4,9.1,23.8,0.0,0.0,0.0,0.0
2,2023-01-19,12.6,1.8,13.2,27.0,0.0,0.0,0.0,0.0
2,2023-01-20,12.3,2.1,18.1,43.9,0.0,0.0,0.0,0.0
2,2023-01-21,9.0,0.9,9.4,25.9,0.0,0.0,0.0,0.0
2,2023-01-22,9.7,0.4,10.4,23.8,0.0,0.0,0.0,0.0
2,2023-01-23,8.6,5.1,12.0,29.2,0.0,3.8,13.0,3.8
2,2023-01-24,9.9,-0.8,29.6,70.9,0.35,1.2,9.0,1.7
2,2023-01-25,3.6,-3.5,20.2,50.8,0.35,0.0,4.0,0.5
2,2023-01-26,7.5,-2.1,14.2,36.7,0.0,0.0,0.0,0.0
2,2023-01-27,4.7,1.6,21.6,51.1,1.4,5.3,11.0,7.3
2,2023-01-28,7.1,0.0,18.7,44.6,0.14,0.0,2.0,0.2
2,2023-01-29,7.2,-0.1,17.5,42.8,0.0,0.0,0.0,0.0
2,2023-01-30,8.9,0.3,22.3,56.2,0.0,0.0,0.0,0.0
2,2023-01-31,9.5,-0.9,14.7,37.4,0.0,0.0,0.0,0.0
2,2023-02-01,13.9,1.0,22.7,55.1,0.0,0.0,0.0,0.0
2,2023-02-02,10.1,3.3,12.8,35.3,0.0,0.0,0.0,0.0
2,2023-02-03,10.5,1.8,9.9,24.5,0.0,0.0,0.0,0.0
2,2023-02-04,14.8,2.2,17.8,42.1,0.0,0.0,0.0,0.0
2,2023-02-05,11.8,0.6,12.9,32.0,0.0,0.0,0.0,0.0
2,2023-02-06,13.4,2.6,11.9,30.2,0.0,0.0,0.0,0.0
2,2023-02-07,13.5,7.1,13.4,29.5,0.0,1.1,3.0,1.1
2,2023-02-08,14.5,4.4,13.6,35.6,0.0,0.0,0.0,0.0
2,2023-02-09,12.2,1.7,11.0,30.2,0.0,0.0,0.0,0.0
2,2023-02-10,12.3,6.1,23.7,55.1,0.0,18.8,16.0,18.8
2,2023-02-11,15.4,5.8,20.2,56.9,0.0,0.0,0.0,0.0
2,2023-02-12,16.9,9.2,14.2,28.8,0.0,0.4,3.0,0.4
2,2023-02-13,13.8,7.9,10.1,23.8,0.0,9.4,15.0,9.4
2,2023-02-14,8.4,2.4,15.9,39.2,0.0,0.0,0.0,0.0
2,2023-02-15,6.1,-1.0,16.4,40.7,0.0,0.0,0.0,0.0
2,2023-02-16,10.5,-0.6,11.7,31.0,0.0,0.0,0.0,0.0
2,2023-02-17,13.0,0.7,13.3,28.4,0.0,0.0,0.0,0.0
2,2023-02-18,16.7,4.2,17.7,46.8,0.0,0.3,3.0,0.3
2,2023-02-19,17.9,9.8,25.8,62.6,0.0,5.3,11.0,5.3
2,2023-02-20,13.4,4.9,17.0,42.8,0.0,0.0,0.0,0.0
2,2023-02-21,6.8,1.1,16.2,41.4,0.0,0.0,0.0,0.0
2,2023-02-22,10.5,-0.4,11.1,29.2,0.0,0.0,0.0,0.0
2,2023-02-23,12.4,5.0,11.2,28.1,0.0,0.3,3.0,0.3
2,2023-02-24,8.8,5.1,9.2,20.2,0.0,12.9,13.0,12.9
2,2023-02-25,10.2,1.6,10.9,27.4,0.0,0.0,0.0,0.0
2,2023-02-26,8.4,0.7,15.1,37.1,0.0,0.0,0.0,0.0
2,2023-02-27,12.9,1.4,10.3,28.4,0.0,0.0,0.0,0.0
2,2023-02-28,16.5,4.6,15.3,36.0,0.0,0.0,0.0,0.0
2,2023-03-01,18.2,7.7,19.0,43.6,0.0,2.8,4.0,2.8
2,2023-03-02,13.4,3.6,18.3,45.0,0.0,1.6,4.0,1.6
2,2023-03-03,11.0,1.3,16.0,40.3,0.0,0.0,0.0,0.0
2,2023-03-04,13.5,2.9,12.9,32.4,0.0,0.0,0.0,0.0
2,2023-03-05,14.3,3.8,14.7,38.5,0.0,0.2,2.0,0.2
2,2023-03-06,14.8,4.6,12.8,34.2,0.0,0.0,0.0,0.0
2,2023-03-07,18.5,3.6,15.0,41.4,0.0,0.0,0.0,0.0
2,2023-03-08,19.0,4.8,15.1,37.1,0.0,0.0,0.0,0.0
2,2023-03-09,20.5,7.1,19.9,47.5,0.0,0.0,0.0,0.0
2,2023-03-10,21.4,10.5,13.5,34.9,0.0,2.4,10.0,2.4
2,2023-03-11,19.9,7.3,13.0,33.8,0.0,0.0,0.0,0.0
2,2023-03-12,17.6,10.3,19.1,41.8,0.0,4.1,14.0,4.1
2,2023-03-13,15.6,5.7,19.5,45.0,0.0,9.1,8.0,9.1
2,2023-03-14,14.2,3.3,11.2,28.1,0.0,0.0,0.0,0.0
2,2023-03-15,17.9,4.8,11.7,28.8,0.0,0.0,0.0,0.0
2,2023-03-16,20.1,9.7,23.5,54.7,0.0,0.0,0.0,0.0
2,2023-03-17,17.2,11.3,14.8,33.5,0.0,12.0,15.0,12.0
2,2023-03-18,16.6,7.7,18.2,40.0,0.0,32.3,14.0,32.3
2,2023-03-19,16.3,5.7,10.6,28.1,0.0,0.0,0.0,0.0
2,2023-03-20,16.7,5.6,14.2,36.7,0.0,0.0,0.0,0.0
2,2023-03-21,17.2,8.5,9.3,24.5,0.0,4.4,10.0,4.4
2,2023-03-22,20.2,12.1,15.1,35.6,0.0,1.8,4.0,1.8
2,2023-03-23,19.5,16.1,17.4,47.9,0.0,67.5,24.0,67.5
2,2023-03-24,24.9,16.5,15.5,37.8,0.0,1.7,4.0,1.7
2,2023-03-25,17.5,12.7,12.3,29.2,0.0,7.4,15.0,7.4
2,2023-03-26,16.9,12.3,20.1,43.9,0.0,17.8,22.0,17.8
2,2023-03-27,15.8,7.8,11.6,32.0,0.0,0.3,1.0,0.3
2,2023-03-28,16.9,7.5,13.0,34.9,0.0,0.0,0.0,0.0
2,2023-03-29,16.7,7.2,11.8,32.4,0.0,0.0,0.0,0.0
2,2023-03-30,17.4,5.7,11.3,29.9,0.0,0.0,0.0,0.0
2,2023-03-31,18.5,7.8,8.9,19.1,0.0,0.4,2.0,0.4
2,2023-04-01,20.6,7.2,11.9,31.3,0.0,0.0,0.0,0.0
2,2023-04-02,18.2,13.0,20.5,49.0,0.0,4.0,12.0,4.0
2,2023-04-03,17.7,10.5,19.1,48.2,0.0,2.7,10.0,2.7
2,2023-04-04,18.7,8.5,12.2,31.3,0.0,0.1,1.0,0.1
2,2023-04-05,18.6,10.0,15.3,35.6,0.0,0.4,2.0,0.4
2,2023-04-06,18.4,13.6,23.5,52.2,0.0,9.3,24.0,9.3
2,2023-04-07,18.1,14.1,28.5,70.2,0.0,42.1,19.0,42.1
2,2023-04-08,17.2,9.2,19.9,51.5,0.0,0.0,0.0,0.0
2,2023-04-09,16.6,6.0,15.6,40.7,0.0,0.0,0.0,0.0
2,2023-04-10,19.6,6.3,22.4,53.3,0.0,0.0,0.0,0.0
2,2023-04-11,21.4,11.8,24.7,59.0,0.0,0.0,0.0,0.0
2,2023-04-12,21.7,11.6,19.6,46.4,0.0,0.9,1.0,0.9
2,2023-04-13,18.4,7.3,11.6,30.6,0.0,0.0,0.0,0.0
2,2023-04-14,19.9,9.6,14.1,34.2,0.0,0.2,2.0,0.2
2,2023-04-15,15.6,10.6,22.5,50.8,0.0,50.9,22.0,50.9
2,2023-04-16,22.8,12.5,14.2,36.4,0.0,0.1,1.0,0.1
2,2023-04-17,18.7,9.8,16.4,40.7,0.0,0.0,0.0,0.0
2,2023-04-18,20.0,8.7,23.0,54.7,0.0,0.0,0.0,0.0
2,2023-04-19,24.1,16.1,17.1,41.4,0.0,1.1,3.0,1.1
2,2023-04-20,23.4,13.2,12.2,34.2,0.0,0.0,0.0,0.0
2,2023-04-21,22.8,14.0,11.4,29.2,0.0,0.0,0.0,0.0
2,2023-04-22,23.6,10.5,12.0,27.4,0.0,0.0,0.0,0.0
2,2023-04-23,20.0,9.8,19.6,47.9,0.0,0.0,0.0,0.0
2,2023-04-24,16.2,10.0,14.8,35.3,0.0,0.0,0.0,0.0
2,2023-04-25,16.2,11.7,27.6,61.9,0.0,19.7,19.0,19.7
2,2023-04-26,23.5,13.1,27.6,67.3,0.0,77.6,13.0,77.6
2,2023-04-27,18.4,10.1,14.2,37.1,0.0,0.0,0.0,0.0
2,2023-04-28,19.9,11.4,14.2,36.4,0.0,0.0,0.0,0.0
2,2023-04-29,20.3,14.5,15.3,37.1,0.0,7.9,10.0,7.9
2,2023-04-30,23.3,13.9,19.9,60.5,0.0,35.7,13.0,35.7
2,2023-05-01,24.0,11.6,15.5,40.7,0.0,0.0,0.0,0.0
2,2023-05-02,21.0,10.5,16.2,39.2,0.0,0.0,0.0,0.0
2,2023-05-03,21.0,12.1,17.0,42.8,0.0,0.0,0.0,0.0
2,2023-05-04,21.3,14.7,18.7,45.7,0.0,0.0,0.0,0.0
2,2023-05-05,22.1,14.0,20.3,48.6,0.0,0.0,0.0,0.0
2,2023-05-06,23.9,18.4,26.1,60.5,0.0,0.1,1.0,0.1
2,2023-05-07,21.7,19.2,25.3,56.9,0.0,26.3,24.0,26.3
2,2023-05-08,20.8,14.3,25.0,70.6,0.0,16.9,5.0,16.9
2,2023-05-09,18.4,11.5,17.1,42.5,0.0,0.2,1.0,0.2
2,2023-05-10,21.6,10.5,10.9,30.2,0.0,0.0,0.0,0.0
2,2023-05-11,22.8,12.3,13.6,35.3,0.0,0.0,0.0,0.0
2,2023-05-12,20.7,10.9,13.8,36.0,0.0,0.0,0.0,0.0
2,2023-05-13,21.7,12.3,13.9,36.0,0.0,19.1,12.0,19.1
2,2023-05-14,18.1,15.5,19.2,48.6,0.0,93.5,24.0,93.5
2,2023-05-15,20.8,14.4,19.6,46.4,0.0,5.7,12.0,5.7
2,2023-05-16,25.0,12.6,14.7,36.0,0.0,0.0,0.0,0.0
2,2023-05-17,26.6,13.9,13.2,27.7,0.0,0.0,0.0,0.0
2,2023-05-18,26.0,15.8,17.3,41.4,0.0,0.6,3.0,0.6
2,2023-05-19,19.8,18.2,29.6,67.0,0.0,67.6,24.0,67.6
2,2023-05-20,24.8,18.1,21.5,55.4,0.0,0.0,0.0,0.0
2,2023-05-21,24.6,17.7,15.6,38.5,0.0,0.0,0.0,0.0
2,2023-05-22,25.8,15.6,11.3,29.5,0.0,1.6,5.0,1.6
2,2023-05-23,23.9,15.5,18.1,43.6,0.0,3.7,5.0,3.7
2,2023-05-24,22.9,14.3,16.1,41.4,0.0,0.0,0.0,0.0
2,2023-05-25,21.8,17.1,18.2,45.0,0.0,4.2,14.0,4.2
2,2023-05-26,22.7,17.4,9.2,25.9,0.0,3.2,10.0,3.2
2,2023-05-27,23.3,16.5,11.5,30.6,0.0,0.0,0.0,0.0
2,2023-05-28,24.4,18.4,18.4,43.9,0.0,0.1,1.0,0.1
2,2023-05-29,28.1,20.2,22.4,52.6,0.0,3.2,5.0,3.2
2,2023-05-30,22.0,18.3,8.9,26.6,0.0,34.1,24.0,34.1
2,2023-05-31,22.2,17.5,6.9,17.6,0.0,17.3,14.0,17.3
2,2023-06-01,23.2,17.0,14.2,34.6,0.0,32.6,16.0,32.6
2,2023-06-02,23.2,21.2,33.1,82.8,0.0,130.7,24.0,130.7
2,2023-06-03,26.5,17.7,12.7,30.6,0.0,30.0,6.0,30.0
2,2023-06-04,25.3,14.2,15.1,37.8,0.0,0.0,0.0,0.0
2,2023-06-05,25.8,15.1,11.6,28.1,0.0,0.0,0.0,0.0
2,2023-06-06,21.9,16.9,12.4,31.3,0.0,22.9,15.0,22.9
2,2023-06-07,24.2,17.5,16.5,40.7,0.0,7.9,3.0,7.9
2,2023-06-08,24.6,19.2,15.0,33.5,0.0,32.9,9.0,32.9
2,2023-06-09,27.6,20.5,28.6,72.4,0.0,30.9,8.0,30.9
2,2023-06-10,24.7,19.4,12.9,31.3,0.0,6.0,8.0,6.0
2,2023-06-11,22.0,19.4,11.9,30.6,0.0,42.4,24.0,42.4
2,2023-06-12,23.0,20.3,11.8,28.1,0.0,37.9,23.0,37.9
2,2023-06-13,28.5,19.3,12.9,33.8,0.0,0.5,5.0,0.5
2,2023-06-14,25.4,21.1,10.0,31.0,0.0,3.7,9.0,3.7
2,2023-06-15,22.5,20.6,19.1,41.4,0.0,15.8,15.0,15.8
2,2023-06-16,29.1,19.1,16.2,43.9,0.0,0.0,0.0,0.0
2,2023-06-17,27.1,17.8,13.4,28.8,0.0,0.0,0.0,0.0
2,2023-06-18,25.9,18.1,8.9,21.6,0.0,0.0,0.0,0.0
2,2023-06-19,28.1,19.3,10.2,26.6,0.0,0.0,0.0,0.0
2,2023-06-20,23.1,20.3,17.3,41.0,0.0,13.1,15.0,13.1
2,2023-06-21,23.7,21.3,17.4,41.0,0.0,2.2,10.0,2.2
2,2023-06-22,21.9,20.1,19.9,43.6,0.0,29.5,18.0,29.5
2,2023-06-23,25.6,19.7,13.4,39.6,0.0,1.7,8.0,1.7
2,2023-06-24,26.6,19.1,10.7,29.2,0.0,0.8,3.0,0.8
2,2023-06-25,26.9,20.6,11.6,31.7,0.0,0.0,0.0,0.0
2,2023-06-26,26.8,20.8,8.5,24.8,0.0,0.7,2.0,0.7
2,2023-06-27,31.1,22.4,13.8,31.0,0.0,0.0,0.0,0.0
2,2023-06-28,31.5,22.7,17.7,43.2,0.0,0.1,1.0,0.1
2,2023-06-29,32.9,23.1,18.4,43.6,0.0,0.7,5.0,0.7
2,2023-06-30,28.1,24.7,21.4,51.5,0.0,5.5,15.0,5.5
2,2023-07-01,28.6,23.2,16.1,45.0,0.0,25.0,16.0,25.0
2,2023-07-02,29.8,22.0,12.3,35.6,0.0,0.0,0.0,0.0
2,2023-07-03,29.5,22.0,10.2,26.3,0.0,0.0,0.0,0.0
2,2023-07-04,29.6,20.9,12.3,34.6,0.0,0.0,0.0,0.0
2,2023-07-05,25.4,22.6,18.0,42.8,0.0,14.7,15.0,14.7
2,2023-07-06,30.3,21.7,13.0,34.9,0.0,0.1,1.0,0.1
2,2023-07-07,29.3,22.9,13.8,36.7,0.0,2.7,8.0,2.7
2,2023-07-08,32.1,25.4,23.4,56.2,0.0,1.3,7.0,1.3
2,2023-07-09,32.0,26.6,23.5,54.4,0.0,0.6,4.0,0.6
2,2023-07-10,33.0,26.2,21.4,52.9,0.0,0.0,0.0,0.0
2,2023-07-11,33.8,25.4,19.7,49.3,0.0,0.0,0.0,0.0
2,2023-07-12,31.3,25.0,20.1,52.2,0.0,0.8,4.0,0.8
2,2023-07-13,32.4,25.9,18.3,46.4,0.0,0.7,5.0,0.7
2,2023-07-14,32.1,24.4,19.9,48.6,0.0,0.4,2.0,0.4
2,2023-07-15,31.6,25.2,21.4,52.2,0.0,0.4,2.0,0.4
2,2023-07-16,33.3,25.6,19.3,46.4,0.0,0.0,0.0,0.0
2,2023-07-17,31.9,23.5,15.5,33.5,0.0,0.0,0.0,0.0
2,2023-07-18,33.2,23.8,11.0,32.8,0.0,0.0,0.0,0.0
2,2023-07-19,32.1,26.1,23.0,57.6,0.0,0.7,2.0,0.7
2,2023-07-20,29.5,24.7,11.9,33.8,0.0,12.1,11.0,12.1
2,2023-07-21,29.1,24.1,13.0,36.7,0.0,1.6,8.0,1.6
2,2023-07-22,28.8,23.5,14.1,38.9,0.0,0.7,4.0,0.7
2,2023-07-23,29.9,23.4,13.2,36.7,0.0,0.2,2.0,0.2
2,2023-07-24,30.1,22.0,12.0,33.8,0.0,0.0,0.0,0.0
2,2023-07-25,30.6,21.8,12.6,33.1,0.0,0.0,0.0,0.0
2,2023-07-26,32.4,23.9,10.8,31.7,0.0,0.1,1.0,0.1
2,2023-07-27,33.2,25.0,10.2,31.0,0.0,0.8,4.0,0.8
2,2023-07-28,30.7,25.3,10.4,32.4,0.0,5.7,10.0,5.7
2,2023-07-29,31.5,22.8,11.1,32.0,0.0,0.0,0.0,0.0
2,2023-07-30,31.9,23.6,12.2,34.9,0.0,0.1,1.0,0.1
2,2023-07-31,31.2,23.1,11.9,33.1,0.0,0.3,1.0,0.3
2,2023-08-01,31.2,25.5,12.5,32.4,0.0,0.9,5.0,0.9
2,2023-08-02,31.9,23.6,13.5,39.2,0.0,2.5,8.0,2.5
2,2023-08-03,30.6,24.3,15.6,40.7,0.0,1.6,10.0,1.6
2,2023-08-04,31.5,24.8,16.6,42.8,0.0,1.9,4.0,1.9
2,2023-08-05,29.5,24.9,12.5,33.8,0.0,8.3,21.0,8.3
2,2023-08-06,29.6,24.7,18.5,46.8,0.0,17.3,22.0,17.3
2,2023-08-07,26.8,24.3,14.7,37.1,0.0,47.7,24.0,47.7
2,2023-08-08,27.8,24.7,17.1,42.1,0.0,67.0,24.0,67.0
2,2023-08-09,27.5,25.1,20.7,46.1,0.0,51.6,24.0,51.6
2,2023-08-10,29.2,24.8,23.2,54.0,0.0,40.5,24.0,40.5
2,2023-08-11,29.5,24.3,17.9,44.6,0.0,9.8,16.0,9.8
2,2023-08-12,31.4,23.8,9.2,31.7,0.0,0.1,1.0,0.1
2,2023-08-13,31.7,24.8,22.3,55.4,0.0,2.3,4.0,2.3
2,2023-08-14,28.3,24.9,56.3,125.3,0.0,88.0,20.0,88.0
2,2023-08-15,27.0,24.7,56.1,121.7,0.0,132.4,24.0,132.4
2,2023-08-16,30.6,24.9,19.5,46.4,0.0,13.2,18.0,13.2
2,2023-08-17,30.4,24.8,12.9,37.1,0.0,8.4,19.0,8.4
2,2023-08-18,29.3,24.5,9.7,26.3,0.0,4.7,19.0,4.7
2,2023-08-19,31.0,24.7,10.5,29.9,0.0,0.0,0.0,0.0
2,2023-08-20,31.0,25.6,11.6,31.7,0.0,0.0,0.0,0.0
2,2023-08-21,31.5,25.8,13.0,34.6,0.0,0.0,0.0,0.0
2,2023-08-22,29.1,25.0,15.1,39.6,0.0,19.7,22.0,19.7
2,2023-08-23,29.7,24.7,15.9,42.1,0.0,38.1,24.0,38.1
2,2023-08-24,29.9,24.1,9.4,27.4,0.0,13.0,21.0,13.0
2,2023-08-25,29.3,23.9,12.5,33.5,0.0,8.2,17.0,8.2
2,2023-08-26,29.9,24.1,14.1,37.8,0.0,3.7,12.0,3.7
2,2023-08-27,29.8,23.8,13.7,36.7,0.0,0.4,4.0,0.4
2,2023-08-28,31.1,23.3,12.6,32.4,0.0,0.0,0.0,0.0
2,2023-08-29,29.9,23.1,10.6,29.5,0.0,0.3,2.0,0.3
2,2023-08-30,26.8,24.1,11.8,23.8,0.0,9.3,17.0,9.3
2,2023-08-31,29.6,24.1,18.0,41.0,0.0,12.2,23.0,12.2
2,2023-09-01,30.9,24.8,13.4,32.8,0.0,0.3,2.0,0.3
2,2023-09-02,29.7,24.1,10.9,30.6,0.0,0.3,3.0,0.3
2,2023-09-03,30.8,24.4,16.4,42.1,0.0,0.0,0.0,0.0
2,2023-09-04,29.9,24.5,28.2,64.1,0.0,17.5,19.0,17.5
2,2023-09-05,30.5,24.6,17.7,43.9,0.0,1.8,10.0,1.8
2,2023-09-06,26.6,23.9,7.7,19.4,0.0,45.7,14.0,45.7
2,2023-09-07,28.0,22.2,29.1,68.0,0.0,38.2,19.0,38.2
2,2023-09-08,30.0,21.6,31.9,79.6,0.0,18.6,9.0,18.6
2,2023-09-09,29.4,22.0,10.3,29.2,0.0,0.0,0.0,0.0
2,2023-09-10,28.9,22.5,11.5,33.1,0.0,7.6,7.0,7.6
2,2023-09-11,25.3,22.5,11.3,29.9,0.0,8.2,18.0,8.2
2,2023-09-12,27.1,21.7,8.7,25.9,0.0,6.5,11.0,6.5
2,2023-09-13,29.1,22.5,10.8,30.2,0.0,0.0,0.0,0.0
2,2023-09-14,29.8,22.6,12.6,32.8,0.0,1.1,7.0,1.1
2,2023-09-15,30.5,23.9,10.3,29.2,0.0,0.5,4.0,0.5
2,2023-09-16,30.7,24.5,13.6,35.3,0.0,0.0,0.0,0.0
2,2023-09-17,29.9,23.4,16.2,39.6,0.0,1.3,5.0,1.3
2,2023-09-18,30.1,24.1,15.5,39.6,0.0,1.3,6.0,1.3
2,2023-09-19,32.2,23.4,17.7,41.8,0.0,0.1,1.0,0.1
2,2023-09-20,31.3,23.7,13.8,34.2,0.0,0.4,2.0,0.4
2,2023-09-21,27.7,24.0,22.2,54.0,0.0,2.9,16.0,2.9
2,2023-09-22,28.7,23.7,15.4,36.0,0.0,14.1,13.0,14.1
2,2023-09-23,27.8,21.6,10.2,24.8,0.0,3.2,9.0,3.2
2,2023-09-24,25.7,21.6,22.2,52.9,0.0,0.3,2.0,0.3
2,2023-09-25,25.9,23.0,22.5,54.7,0.0,0.8,4.0,0.8
2,2023-09-26,27.3,21.9,13.0,32.4,0.0,0.0,0.0,0.0
2,2023-09-27,29.7,20.3,14.6,39.6,0.0,0.3,2.0,0.3
2,2023-09-28,33.0,21.4,14.4,32.0,0.0,0.0,0.0,0.0
2,2023-09-29,29.5,22.2,12.6,33.5,0.0,0.0,0.0,0.0
2,2023-09-30,28.7,21.7,16.4,38.9,0.0,0.2,2.0,0.2
2,2023-10-01,29.1,21.1,10.1,28.1,0.0,15.0,10.0,15.0
2,2023-10-02,26.2,16.9,11.9,23.0,0.0,0.0,0.0,0.0
2,2023-10-03,25.9,15.5,11.3,29.5,0.0,14.3,6.0,14.3
2,2023-10-04,23.6,20.1,22.3,53.6,0.0,27.1,6.0,27.1
2,2023-10-05,26.2,15.8,21.1,51.5,0.0,0.0,0.0,0.0
2,2023-10-06,23.3,14.4,11.3,30.2,0.0,0.0,0.0,0.0
2,2023-10-07,23.1,13.7,9.5,26.6,0.0,0.0,0.0,0.0
2,2023-10-08,19.8,14.4,23.5,52.2,0.0,53.2,14.0,53.2
2,2023-10-09,21.4,15.7,23.6,49.3,0.0,7.4,14.0,7.4
2,2023-10-10,26.2,17.7,13.8,34.6,0.0,4.3,3.0,4.3
2,2023-10-11,24.2,16.5,15.3,37.1,0.0,0.0,0.0,0.0
2,2023-10-12,23.1,15.6,16.6,41.4,0.0,0.0,0.0,0.0
2,2023-10-13,22.9,14.3,11.1,29.9,0.0,0.0,0.0,0.0
2,2023-10-14,21.0,14.0,7.9,21.6,0.0,20.2,15.0,20.2
2,2023-10-15,24.5,15.1,18.1,45.7,0.0,16.5,7.0,16.5
2,2023-10-16,24.7,13.9,11.8,30.2,0.0,0.0,0.0,0.0
2,2023-10-17,24.3,13.9,11.8,29.5,0.0,0.0,0.0,0.0
2,2023-10-18,23.4,13.9,15.9,39.2,0.0,0.0,0.0,0.0
2,2023-10-19,24.9,14.3,14.9,35.6,0.0,0.0,0.0,0.0
2,2023-10-20,26.3,17.6,21.4,51.1,0.0,0.7,5.0,0.7
2,2023-10-21,19.8,12.8,20.9,50.0,0.0,0.0,0.0,0.0
2,2023-10-22,19.6,9.7,13.5,36.4,0.0,0.0,0.0,0.0
2,2023-10-23,21.7,10.7,12.8,33.1,0.0,0.0,0.0,0.0
2,2023-10-24,21.9,12.4,8.6,25.2,0.0,0.6,3.0,0.6
2,2023-10-25,22.0,13.1,9.2,27.4,0.0,2.5,3.0,2.5
2,2023-10-26,22.2,11.8,12.2,30.6,0.0,0.0,0.0,0.0
2,2023-10-27,23.6,10.9,13.4,34.6,0.0,0.0,0.0,0.0
2,2023-10-28,22.2,10.9,11.8,29.9,0.0,0.0,0.0,0.0
2,2023-10-29,19.6,11.5,22.2,59.0,0.0,0.0,0.0,0.0
2,2023-10-30,21.2,10.5,13.0,33.1,0.0,0.0,0.0,0.0
2,2023-10-31,21.7,11.9,12.2,31.0,0.0,0.5,1.0,0.5
2,2023-11-01,21.3,9.9,10.6,27.4,0.0,0.0,0.0,0.0
2,2023-11-02,23.7,10.8,9.5,24.8,0.0,0.0,0.0,0.0
2,2023-11-03,23.7,12.9,10.2,27.4,0.0,0.0,0.0,0.0
2,2023-11-04,23.8,11.7,8.4,24.8,0.0,0.0,0.0,0.0
2,2023-11-05,22.2,13.2,13.2,34.2,0.0,7.9,10.0,7.9
2,2023-11-06,23.4,18.9,25.3,56.9,0.0,18.5,23.0,18.5
2,2023-11-07,22.0,13.2,23.9,57.6,0.0,8.4,8.0,8.4
2,2023-11-08,20.8,11.3,10.0,20.5,0.0,0.0,0.0,0.0
2,2023-11-09,20.7,14.3,10.5,24.5,0.0,1.2,8.0,1.2
2,2023-11-10,20.0,16.7,15.3,37.8,0.0,36.2,14.0,36.2
2,2023-11-11,17.7,10.3,9.7,29.2,0.0,0.1,1.0,0.1
2,2023-11-12,19.6,11.1,19.3,43.6,0.0,0.1,1.0,0.1
2,2023-11-13,13.5,6.6,19.0,44.6,0.0,0.0,0.0,0.0
2,2023-11-14,17.2,6.2,10.9,23.4,0.0,0.0,0.0,0.0
2,2023-11-15,14.8,7.0,9.2,20.5,0.0,0.8,4.0,0.8
2,2023-11-16,16.9,6.6,9.4,24.8,0.0,0.3,2.0,0.3
2,2023-11-17,17.1,8.8,19.2,50.4,0.0,41.5,10.0,41.5
2,2023-11-18,11.4,7.5,26.8,63.7,0.0,0.0,0.0,0.0
2,2023-11-19,17.0,6.8,15.9,40.3,0.0,0.0,0.0,0.0
2,2023-11-20,17.1,7.0,18.6,46.1,0.0,0.0,0.0,0.0
2,2023-11-21,17.5,6.1,9.4,24.5,0.0,0.0,0.0,0.0
2,2023-11-22,18.7,7.2,6.9,21.2,0.0,0.0,0.0,0.0
2,2023-11-23,20.5,7.5,12.5,27.0,0.0,0.0,0.0,0.0
2,2023-11-24,20.1,9.2,16.6,41.0,0.0,0.0,0.0,0.0
2,2023-11-25,13.0,5.6,8.2,28.1,0.0,0.0,0.0,0.0
2,2023-11-26,15.1,4.9,8.9,24.1,0.0,0.0,0.0,0.0
2,2023-11-27,16.3,5.2,8.5,19.8,0.0,0.1,1.0,0.1
2,2023-11-28,17.6,8.8,24.4,58.3,0.0,0.0,0.0,0.0
2,2023-11-29,15.9,3.9,16.0,40.3,0.0,0.0,0.0,0.0
2,2023-11-30,14.2,5.3,16.2,41.4,0.0,0.0,0.0,0.0
2,2023-12-01,12.6,3.7,17.0,40.0,0.0,0.0,0.0,0.0
2,2023-12-02,12.3,4.4,19.1,42.8,0.0,0.0,0.0,0.0
2,2023-12-03,13.7,2.4,19.3,47.2,0.0,0.0,0.0,0.0
2,2023-12-04,14.2,2.8,10.0,24.5,0.0,0.0,0.0,0.0
2,2023-12-05,12.4,5.3,16.0,33.8,0.0,9.7,13.0,9.7
2,2023-12-06,16.6,8.3,10.5,24.1,0.0,0.0,0.0,0.0
2,2023-12-07,17.2,6.5,25.4,60.5,0.0,0.0,0.0,0.0
2,2023-12-08,15.2,4.3,11.3,24.1,0.0,0.0,0.0,0.0
2,2023-12-09,18.5,6.5,11.9,27.7,0.0,0.0,0.0,0.0
2,2023-12-10,19.4,6.9,8.7,22.3,0.0,0.0,0.0,0.0
2,2023-12-11,18.4,8.3,11.1,27.7,0.0,8.0,6.0,8.0
2,2023-12-12,22.5,13.0,20.1,51.5,0.0,18.9,10.0,18.9
2,2023-12-13,17.5,6.7,13.2,32.8,0.0,0.0,0.0,0.0
2,2023-12-14,17.0,5.9,7.2,21.6,0.0,1.2,3.0,1.2
2,2023-12-15,20.2,12.1,16.1,41.0,0.0,13.9,15.0,13.9
2,2023-12-16,22.5,11.3,22.1,51.1,0.0,2.1,7.0,2.1
2,2023-12-17,11.3,2.1,22.8,58.0,0.0,0.0,0.0,0.0
2,2023-12-18,8.9,1.3,13.6,29.2,0.0,0.0,0.0,0.0
2,2023-12-19,11.0,3.8,11.5,23.8,0.0,3.6,10.0,3.6
2,2023-12-20,12.0,3.4,17.3,43.6,0.0,1.7,4.0,1.7
2,2023-12-21,6.5,1.6,22.9,54.4,0.0,0.0,0.0,0.0
2,2023-12-22,5.7,0.7,24.8,59.8,0.0,0.0,0.0,0.0
2,2023-12-23,7.8,0.9,15.9,38.9,0.0,0.0,0.0,0.0
2,2023-12-24,11.7,0.5,13.8,37.1,0.0,0.0,0.0,0.0
2,2023-12-25,12.0,1.5,12.6,31.0,0.0,0.0,0.0,0.0
2,2023-12-26,13.1,-0.1,14.2,28.8,0.0,0.0,0.0,0.0
2,2023-12-27,14.0,3.4,13.8,28.4,0.0,0.0,0.0,0.0
2,2023-12-28,15.0,3.2,11.7,29.2,0.0,0.0,0.0,0.0
2,2023-12-29,14.5,4.3,12.1,26.3,0.0,0.0,0.0,0.0
2,2023-12-30,14.7,2.0,10.5,25.9,0.0,4.2,3.0,4.2
2,2023-12-31,17.7,9.6,22.7,54.7,0.0,32.1,10.0,32.1
2,2024-01-01,12.4,2.8,30.9,70.2,0.0,0.2,1.0,0.2
2,2024-01-02,14.0,2.0,11.9,31.3,0.0,0.0,0.0,0.0
2,2024-01-03,13.6,3.8,7.8,19.4,0.0,2.0,8.0,2.0
2,2024-01-04,12.2,3.7,20.9,50.8,0.0,0.2,1.0,0.2
2,2024-01-05,15.5,1.0,10.4,28.4,0.0,0.0,0.0,0.0
2,2024-01-06,16.3,3.2,17.2,41.8,0.0,0.0,0.0,0.0
2,2024-01-07,10.4,3.6,24.4,56.5,0.0,0.0,0.0,0.0
2,2024-01-08,8.5,0.9,14.5,38.2,0.0,0.0,0.0,0.0
2,2024-01-09,12.9,0.7,16.1,39.2,0.0,0.0,0.0,0.0
2,2024-01-10,13.6,2.1,9.4,22.3,0.0,1.7,5.0,1.7
2,2024-01-11,12.0,1.6,14.3,30.2,0.0,0.6,5.0,0.6
2,2024-01-12,13.1,1.3,17.3,42.8,0.0,0.0,0.0,0.0
2,2024-01-13,11.9,2.8,29.0,74.2,0.0,0.1,1.0,0.1
2,2024-01-14,11.3,-1.3,15.6,38.2,0.0,0.0,0.0,0.0
2,2024-01-15,12.0,2.1,19.8,47.9,0.0,0.1,1.0,0.1
2,2024-01-16,7.4,1.3,22.8,58.0,0.0,0.0,0.0,0.0
2,2024-01-17,13.8,-0.4,14.8,33.8,0.0,0.0,0.0,0.0
2,2024-01-18,18.1,5.1,17.7,42.5,0.0,0.4,2.0,0.4
2,2024-01-19,16.0,9.7,11.5,28.4,0.0,2.3,10.0,2.3
2,2024-01-20,15.0,10.6,23.0,53.6,0.0,35.5,22.0,35.5
2,2024-01-21,19.3,8.6,28.1,58.3,0.0,20.9,10.0,20.9
2,2024-01-22,14.5,5.8,15.5,34.9,0.0,0.4,2.0,0.4
2,2024-01-23,8.6,1.6,24.0,55.8,0.0,0.0,0.0,0.0
2,2024-01-24,4.8,-0.3,28.6,66.6,0.0,0.0,0.0,0.0
2,2024-01-25,6.6,0.4,21.1,50.8,0.0,0.0,0.0,0.0
2,2024-01-26,8.0,1.5,13.3,36.0,0.0,0.0,0.0,0.0
2,2024-01-27,10.5,0.4,12.1,27.0,0.0,0.0,0.0,0.0
2,2024-01-28,9.9,0.7,12.1,24.5,0.0,0.5,2.0,0.5
2,2024-01-29,11.0,0.9,10.2,24.8,0.0,0.0,0.0,0.0
2,2024-01-30,12.7,1.5,11.1,29.5,0.0,0.0,0.0,0.0
2,2024-01-31,13.2,5.5,9.8,28.1,0.0,7.1,11.0,7.1
2,2024-02-01,15.7,6.7,10.1,23.8,0.0,3.9,2.0,3.9
2,2024-02-02,11.7,3.3,12.2,23.4,0.0,0.0,0.0,0.0
2,2024-02-03,12.2,1.7,10.5,21.6,0.0,4.5,4.0,4.5
2,2024-02-04,13.0,5.6,11.6,28.1,0.0,5.4,8.0,5.4
2,2024-02-05,11.7,5.7,22.2,48.2,0.0,17.7,16.0,17.7
2,2024-02-06,11.1,2.7,14.5,34.9,0.0,0.0,0.0,0.0
2,2024-02-07,12.8,0.8,12.8,25.2,0.0,0.0,0.0,0.0
2,2024-02-08,11.5,2.9,15.2,37.4,0.0,0.0,0.0,0.0
2,2024-02-09,12.2,0.7,10.4,30.6,0.0,0.0,0.0,0.0
2,2024-02-10,13.7,1.9,17.6,42.5,0.0,0.0,0.0,0.0
2,2024-02-11,10.9,-0.0,15.2,38.5,0.0,0.0,0.0,0.0
2,2024-02-12,11.0,1.8,15.2,39.2,0.0,0.0,0.0,0.0
2,2024-02-13,16.2,0.7,18.4,44.3,0.0,0.0,0.0,0.0
2,2024-02-14,17.7,5.7,14.5,31.7,0.0,0.0,0.0,0.0
2,2024-02-15,16.8,10.3,21.0,49.3,0.0,22.4,12.0,22.4
2,2024-02-16,14.7,5.9,13.4,35.3,0.0,0.0,0.0,0.0
2,2024-02-17,13.0,9.1,19.4,44.6,0.0,2.6,10.0,2.6
2,2024-02-18,15.6,10.6,17.9,37.4,0.0,17.2,24.0,17.2
2,2024-02-19,16.8,13.1,24.0,58.0,0.0,18.4,24.0,18.4
2,2024-02-20,21.9,13.1,12.3,30.2,0.0,4.3,5.0,4.3
2,2024-02-21,18.2,14.8,16.9,51.5,0.0,29.7,15.0,29.7
2,2024-02-22,17.2,10.6,9.4,33.5,0.0,18.6,17.0,18.6
2,2024-02-23,10.9,4.5,8.7,18.7,0.0,16.4,18.0,16.4
2,2024-02-24,12.6,2.3,10.1,27.7,0.0,0.0,0.0,0.0
2,2024-02-25,10.1,7.4,27.1,59.0,0.0,36.4,22.0,36.4
2,2024-02-26,12.1,4.2,22.4,53.3,0.0,0.0,0.0,0.0
2,2024-02-27,9.0,2.9,19.7,49.7,0.0,0.0,0.0,0.0
2,2024-02-28,14.1,3.1,13.4,34.6,0.0,0.0,0.0,0.0
2,2024-02-29,12.8,4.1,14.6,34.9,0.0,43.8,10.0,43.8
2,2024-03-01,14.0,6.0,18.4,46.1,0.0,2.6,4.0,2.6
2,2024-03-02,8.0,0.8,17.6,45.7,0.0,0.0,0.0,0.0
2,2024-03-03,11.8,-1.3,18.3,43.6,0.0,0.0,0.0,0.0
2,2024-03-04,14.7,1.4,19.2,46.4,0.0,0.0,0.0,0.0
2,2024-03-05,11.6,7.3,23.9,54.0,0.0,36.6,19.0,36.6
2,2024-03-06,15.1,8.2,30.2,69.5,0.0,1.3,10.0,1.3
2,2024-03-07,12.6,4.4,11.7,33.1,0.0,0.0,0.0,0.0
2,2024-03-08,13.0,5.0,21.6,51.5,0.0,0.0,0.0,0.0
2,2024-03-09,9.6,1.7,21.6,52.2,0.0,0.0,0.0,0.0
2,2024-03-10,11.0,0.9,12.3,29.5,0.0,0.0,0.0,0.0
2,2024-03-11,13.7,0.5,20.3,47.9,0.0,0.0,0.0,0.0
2,2024-03-12,14.5,8.5,28.6,61.6,0.0,82.1,13.0,82.1
2,2024-03-13,13.2,3.5,28.4,65.5,0.0,0.0,0.0,0.0
2,2024-03-14,15.8,2.4,11.4,31.7,0.0,0.0,0.0,0.0
2,2024-03-15,18.5,2.9,14.4,38.2,0.0,0.0,0.0,0.0
2,2024-03-16,17.7,3.8,13.3,34.9,0.0,0.0,0.0,0.0
2,2024-03-17,20.8,6.7,23.8,59.8,0.0,13.4,9.0,13.4
2,2024-03-18,12.0,2.3,11.8,34.2,0.0,0.4,2.0,0.4
2,2024-03-19,12.5,1.7,15.0,37.8,0.0,1.7,5.0,1.7
2,2024-03-20,10.4,3.1,36.1,83.9,0.0,0.7,3.0,0.7
2,2024-03-21,9.6,1.1,17.1,43.9,0.0,0.0,0.0,0.0
2,2024-03-22,10.6,1.2,14.1,35.3,0.0,0.0,0.0,0.0
2,2024-03-23,17.1,4.7,17.5,42.8,0.0,18.8,17.0,18.8
2,2024-03-24,13.0,9.5,17.1,36.0,0.0,26.7,15.0,26.7
2,2024-03-25,16.9,11.0,10.7,23.8,0.0,4.0,13.0,4.0
2,2024-03-26,18.3,8.7,23.4,61.2,0.0,59.2,16.0,59.2
2,2024-03-27,16.1,7.6,14.7,38.2,0.0,0.0,0.0,0.0
2,2024-03-28,14.9,8.3,26.3,63.7,0.0,25.4,14.0,25.4
2,2024-03-29,24.0,10.8,30.6,76.0,0.0,40.6,11.0,40.6
2,2024-03-30,23.3,9.5,16.5,36.4,0.0,0.0,0.0,0.0
2,2024-03-31,25.8,12.3,15.8,41.0,0.0,0.1,1.0,0.1
2,2024-04-01,22.5,10.9,18.7,47.2,0.0,0.5,2.0,0.5
2,2024-04-02,20.5,6.6,17.8,43.9,0.0,0.0,0.0,0.0
2,2024-04-03,16.1,13.3,11.3,44.6,0.0,46.0,19.0,46.0
2,2024-04-04,21.7,13.1,18.7,43.6,0.0,3.1,13.0,3.1
2,2024-04-05,18.2,11.1,16.9,37.4,0.0,2.4,9.0,2.4
2,2024-04-06,18.7,13.3,12.4,34.6,0.0,1.8,4.0,1.8
2,2024-04-07,20.9,13.4,11.0,31.7,0.0,0.2,2.0,0.2
2,2024-04-08,19.0,15.9,17.2,40.0,0.0,9.0,18.0,9.0
2,2024-04-09,18.9,10.2,23.2,63.4,0.0,44.9,12.0,44.9
2,2024-04-10,16.8,6.0,13.0,36.7,0.0,0.0,0.0,0.0
2,2024-04-11,16.7,12.0,18.2,45.7,0.0,0.4,4.0,0.4
2,2024-04-12,18.1,12.9,17.7,43.6,0.0,0.4,4.0,0.4
2,2024-04-13,20.5,11.0,11.8,34.2,0.0,0.0,0.0,0.0
2,2024-04-14,20.2,11.2,10.2,29.9,0.0,0.0,0.0,0.0
2,2024-04-15,19.8,11.6,12.9,34.6,0.0,0.3,2.0,0.3
2,2024-04-16,18.9,14.9,17.6,42.8,0.0,11.6,17.0,11.6
2,2024-04-17,22.7,14.8,13.8,36.4,0.0,0.9,6.0,0.9
2,2024-04-18,19.0,11.5,9.7,25.6,0.0,0.6,6.0,0.6
2,2024-04-19,22.9,11.1,15.5,34.6,0.0,0.0,0.0,0.0
2,2024-04-20,25.4,10.8,17.2,40.0,0.0,0.4,1.0,0.4
2,2024-04-21,18.4,16.7,19.2,40.0,0.0,23.5,16.0,23.5
2,2024-04-22,19.8,16.3,20.4,51.5,0.0,2.7,13.0,2.7
2,2024-04-23,17.3,15.8,19.2,43.2,0.0,33.5,18.0,33.5
2,2024-04-24,19.1,15.7,28.9,65.2,0.0,32.5,19.0,32.5
2,2024-04-25,21.7,13.9,14.8,40.0,0.0,0.0,0.0,0.0
2,2024-04-26,21.1,11.8,7.9,20.9,0.0,0.4,2.0,0.4
2,2024-04-27,20.4,15.2,10.5,27.0,0.0,3.3,8.0,3.3
2,2024-04-28,23.7,13.4,10.9,31.0,0.0,0.0,0.0,0.0
2,2024-04-29,20.6,16.6,12.0,28.4,0.0,6.2,10.0,6.2
2,2024-04-30,22.8,17.5,12.0,29.2,0.0,3.1,8.0,3.1
2,2024-05-01,20.0,14.7,8.4,16.6,0.0,22.6,14.0,22.6
2,2024-05-02,18.8,11.9,13.1,36.4,0.0,0.0,0.0,0.0
2,2024-05-03,20.3,13.0,11.0,31.3,0.0,0.0,0.0,0.0
2,2024-05-04,22.2,10.9,9.3,27.7,0.0,0.0,0.0,0.0
2,2024-05-05,21.4,13.1,10.5,30.2,0.0,0.2,2.0,0.2
2,2024-05-06,21.7,17.4,19.1,46.1,0.0,2.4,14.0,2.4
2,2024-05-07,25.9,17.1,23.1,50.0,0.0,27.9,12.0,27.9
2,2024-05-08,22.5,12.9,11.0,24.8,0.0,1.7,5.0,1.7
2,2024-05-09,19.2,10.2,10.2,25.6,0.0,0.0,0.0,0.0
2,2024-05-10,20.2,8.0,11.8,32.8,0.0,0.0,0.0,0.0
2,2024-05-11,21.4,12.7,18.7,44.6,0.0,0.3,2.0,0.3
2,2024-05-12,21.9,16.6,19.8,46.8,0.0,9.6,13.0,9.6
2,2024-05-13,21.1,12.6,21.1,50.0,0.0,61.0,18.0,61.0
2,2024-05-14,20.8,9.7,18.6,45.4,0.0,0.1,1.0,0.1
2,2024-05-15,20.3,16.3,13.3,32.0,0.0,4.7,11.0,4.7
2,2024-05-16,23.9,13.2,26.1,63.7,0.0,1.8,8.0,1.8
2,2024-05-17,25.8,10.5,12.4,35.3,0.0,0.0,0.0,0.0
2,2024-05-18,24.3,12.3,9.8,28.4,0.0,0.0,0.0,0.0
2,2024-05-19,18.7,13.5,19.7,43.2,0.0,40.7,18.0,40.7
2,2024-05-20,24.3,13.9,17.1,40.0,0.0,8.2,5.0,8.2
2,2024-05-21,26.2,15.7,12.8,33.5,0.0,0.0,0.0,0.0
2,2024-05-22,22.5,15.5,18.4,45.0,0.0,0.2,2.0,0.2
2,2024-05-23,21.7,18.0,11.5,29.2,0.0,3.7,10.0,3.7
2,2024-05-24,25.5,15.1,12.4,26.6,0.0,0.0,0.0,0.0
2,2024-05-25,25.5,16.4,12.2,32.0,0.0,0.0,0.0,0.0
2,2024-05-26,22.7,17.5,11.8,32.4,0.0,2.8,19.0,2.8
2,2024-05-27,26.1,19.0,18.8,46.1,0.0,21.9,12.0,21.9
2,2024-05-28,23.3,18.7,42.8,123.1,0.0,77.0,19.0,77.0
2,2024-05-29,23.3,16.0,12.6,33.8,0.0,0.0,0.0,0.0
2,2024-05-30,23.2,14.0,11.3,30.2,0.0,5.2,5.0,5.2
2,2024-05-31,22.2,18.0,12.6,26.6,0.0,9.0,12.0,9.0
2,2024-06-01,23.8,14.6,10.5,31.7,0.0,0.0,0.0,0.0
2,2024-06-02,24.0,14.9,12.2,34.6,0.0,3.5,8.0,3.5
2,2024-06-03,22.3,14.5,9.7,28.8,0.0,1.7,6.0,1.7
2,2024-06-04,23.7,13.3,15.3,40.3,0.0,0.0,0.0,0.0
2,2024-06-05,23.6,12.9,10.5,29.5,0.0,0.0,0.0,0.0
2,2024-06-06,23.8,15.3,9.9,28.8,0.0,0.0,0.0,0.0
2,2024-06-07,24.3,18.3,15.8,42.8,0.0,0.2,2.0,0.2
2,2024-06-08,24.4,17.4,13.8,37.4,0.0,1.2,5.0,1.2
2,2024-06-09,19.9,17.9,10.6,31.7,0.0,52.9,17.0,52.9
2,2024-06-10,25.5,18.0,18.7,45.0,0.0,8.0,6.0,8.0
2,2024-06-11,26.0,16.9,9.9,27.7,0.0,0.1,1.0,0.1
2,2024-06-12,26.1,18.0,10.7,31.3,0.0,0.1,1.0,0.1
2,2024-06-13,26.4,20.1,14.8,40.0,0.0,0.3,1.0,0.3
2,2024-06-14,26.7,18.0,10.2,29.9,0.0,0.0,0.0,0.0
2,2024-06-15,25.1,19.6,14.6,33.8,0.0,19.7,11.0,19.7
2,2024-06-16,26.8,21.4,14.1,35.6,0.0,1.3,8.0,1.3
2,2024-06-17,26.6,19.8,11.1,28.1,0.0,16.0,12.0,16.0
2,2024-06-18,24.7,17.9,19.5,41.0,0.0,74.6,14.0,74.6
2,2024-06-19,26.6,15.3,9.9,27.4,0.0,0.0,0.0,0.0
2,2024-06-20,25.8,20.3,10.6,27.7,0.0,2.6,3.0,2.6
2,2024-06-21,24.7,18.3,32.5,69.8,0.0,91.8,12.0,91.8
2,2024-06-22,26.2,17.8,12.4,33.8,0.0,11.6,9.0,11.6
2,2024-06-23,30.1,22.0,30.3,70.6,0.0,6.8,20.0,6.8
2,2024-06-24,29.0,23.3,20.9,53.6,0.0,7.5,8.0,7.5
2,2024-06-25,31.1,22.3,16.8,42.1,0.0,0.1,1.0,0.1
2,2024-06-26,29.4,21.9,10.5,32.8,0.0,1.2,3.0,1.2
2,2024-06-27,25.6,21.3,7.9,20.9,0.0,7.2,15.0,7.2
2,2024-06-28,24.9,22.4,22.7,63.4,0.0,37.1,21.0,37.1
2,2024-06-29,31.1,22.5,14.7,33.1,0.0,3.0,5.0,3.0
2,2024-06-30,27.0,23.6,21.5,49.7,0.0,11.7,16.0,11.7
2,2024-07-01,27.9,25.2,23.2,54.0,0.0,10.7,20.0,10.7
2,2024-07-02,29.7,24.3,15.8,37.1,0.0,13.5,12.0,13.5
2,2024-07-03,31.1,25.6,14.4,29.9,0.0,0.0,0.0,0.0
2,2024-07-04,35.3,25.0,17.3,37.8,0.0,0.0,0.0,0.0
2,2024-07-05,35.1,24.1,13.0,32.4,0.0,0.0,0.0,0.0
2,2024-07-06,35.2,25.8,12.2,29.2,0.0,0.0,0.0,0.0
2,2024-07-07,34.0,24.4,17.0,36.4,0.0,0.0,0.0,0.0
2,2024-07-08,37.3,24.4,15.9,33.8,0.0,0.0,0.0,0.0
2,2024-07-09,33.7,25.5,22.3,55.1,0.0,0.0,0.0,0.0
2,2024-07-10,32.4,24.7,23.7,58.0,0.0,3.0,9.0,3.0
2,2024-07-11,26.7,24.4,17.5,42.5,0.0,15.6,10.0,15.6
2,2024-07-12,30.0,22.8,19.8,55.4,0.0,18.5,13.0,18.5
2,2024-07-13,26.3,21.8,9.2,24.1,0.0,9.9,10.0,9.9
2,2024-07-14,31.6,23.7,17.7,46.8,0.0,0.4,4.0,0.4
2,2024-07-15,31.0,24.7,13.8,38.2,0.0,5.2,6.0,5.2
2,2024-07-16,30.1,23.2,14.4,36.0,0.0,36.9,17.0,36.9
2,2024-07-17,31.2,23.2,11.0,34.6,0.0,1.0,6.0,1.0
2,2024-07-18,32.5,22.7,18.9,46.4,0.0,0.0,0.0,0.0
2,2024-07-19,33.4,25.3,18.4,45.4,0.0,0.9,6.0,0.9
2,2024-07-20,34.9,26.6,15.9,41.8,0.0,0.3,3.0,0.3
2,2024-07-21,32.5,24.9,9.8,29.9,0.0,0.3,3.0,0.3
2,2024-07-22,32.6,26.5,13.4,32.8,0.0,0.9,2.0,0.9
2,2024-07-23,35.3,26.7,19.2,45.7,0.0,0.0,0.0,0.0
2,2024-07-24,34.0,26.9,17.4,43.9,0.0,0.0,0.0,0.0
2,2024-07-25,32.4,25.3,17.2,41.4,0.0,9.4,7.0,9.4
2,2024-07-26,31.5,24.9,14.5,39.2,0.0,1.0,3.0,1.0
2,2024-07-27,35.5,25.9,10.4,31.3,0.0,0.0,0.0,0.0
2,2024-07-28,33.6,26.2,11.6,31.3,0.0,0.3,2.0,0.3
2,2024-07-29,34.5,25.2,11.3,23.0,0.0,0.0,0.0,0.0
2,2024-07-30,35.2,25.0,12.2,27.0,0.0,0.0,0.0,0.0
2,2024-07-31,35.8,27.0,16.3,42.1,0.0,0.0,0.0,0.0
2,2024-08-01,32.8,24.1,12.2,34.6,0.0,0.0,0.0,0.0
2,2024-08-02,32.3,24.8,11.7,33.5,0.0,0.0,0.0,0.0
2,2024-08-03,32.6,25.4,13.5,36.4,0.0,0.3,3.0,0.3
2,2024-08-04,32.3,26.5,10.4,32.4,0.0,0.1,1.0,0.1
2,2024-08-05,32.4,26.0,9.7,30.6,0.0,1.0,5.0,1.0
2,2024-08-06,31.3,25.9,8.6,27.7,0.0,5.5,9.0,5.5
2,2024-08-07,31.6,25.8,9.3,27.0,0.0,6.2,13.0,6.2
2,2024-08-08,31.9,25.4,10.4,28.8,0.0,0.4,3.0,0.4
2,2024-08-09,32.4,24.2,10.0,29.2,0.0,0.8,5.0,0.8
2,2024-08-10,32.0,24.4,12.1,34.6,0.0,0.0,0.0,0.0
2,2024-08-11,32.5,25.3,14.1,36.7,0.0,1.1,7.0,1.1
2,2024-08-12,32.0,25.7,10.4,30.2,0.0,2.0,10.0,2.0
2,2024-08-13,32.4,25.4,13.4,35.6,0.0,0.2,2.0,0.2
2,2024-08-14,32.0,24.8,11.5,33.1,0.0,0.4,2.0,0.4
2,2024-08-15,32.9,24.9,13.2,38.2,0.0,0.5,2.0,0.5
2,2024-08-16,35.7,25.3,10.6,26.6,0.0,0.2,2.0,0.2
2,2024-08-17,34.2,26.5,17.5,44.6,0.0,0.0,0.0,0.0
2,2024-08-18,32.9,25.5,15.5,40.0,0.0,0.0,0.0,0.0
2,2024-08-19,30.0,25.4,10.1,24.1,0.0,8.3,16.0,8.3
2,2024-08-20,33.7,24.9,13.0,39.2,0.0,24.0,14.0,24.0
2,2024-08-21,32.2,25.7,11.4,34.6,0.0,1.7,3.0,1.7
2,2024-08-22,31.6,25.7,10.0,28.1,0.0,9.6,10.0,9.6
2,2024-08-23,31.9,26.1,13.6,33.8,0.0,23.4,9.0,23.4
2,2024-08-24,31.6,25.8,10.7,27.7,0.0,3.0,7.0,3.0
2,2024-08-25,31.3,25.0,11.8,32.4,0.0,2.3,9.0,2.3
2,2024-08-26,30.3,24.6,16.9,43.6,0.0,28.8,20.0,28.8
2,2024-08-27,30.2,24.4,15.5,39.2,0.0,26.3,21.0,26.3
2,2024-08-28,28.3,23.6,18.6,43.6,0.0,32.7,22.0,32.7
2,2024-08-29,26.2,24.1,17.3,37.1,0.0,102.0,24.0,102.0
2,2024-08-30,28.3,24.3,24.7,56.9,0.0,44.4,24.0,44.4
2,2024-08-31,27.4,24.6,22.7,55.1,0.0,71.8,21.0,71.8
2,2024-09-01,29.5,24.6,23.5,55.1,0.0,5.4,14.0,5.4
2,2024-09-02,30.5,24.8,11.1,28.8,0.0,2.6,11.0,2.6
2,2024-09-03,30.8,23.8,7.2,23.8,0.0,0.3,2.0,0.3
2,2024-09-04,28.4,23.4,12.6,32.0,0.0,3.5,7.0,3.5
2,2024-09-05,29.6,23.1,9.7,28.1,0.0,1.6,6.0,1.6
2,2024-09-06,30.7,21.6,12.1,32.8,0.0,0.0,0.0,0.0
2,2024-09-07,31.2,21.6,12.7,33.5,0.0,0.0,0.0,0.0
2,2024-09-08,31.2,22.6,10.0,28.4,0.0,0.0,0.0,0.0
2,2024-09-09,30.2,22.9,16.1,42.1,0.0,2.3,10.0,2.3
2,2024-09-10,28.1,23.9,11.5,27.7,0.0,26.9,13.0,26.9
2,2024-09-11,30.9,24.9,10.0,27.4,0.0,3.3,9.0,3.3
2,2024-09-12,30.8,24.5,8.9,31.0,0.0,0.4,3.0,0.4
2,2024-09-13,30.8,23.3,12.2,32.4,0.0,0.0,0.0,0.0
2,2024-09-14,29.4,23.8,10.8,31.3,0.0,9.0,15.0,9.0
2,2024-09-15,29.8,25.1,13.8,35.3,0.0,4.4,12.0,4.4
2,2024-09-16,30.7,25.0,10.6,28.8,0.0,0.0,0.0,0.0
2,2024-09-17,30.6,25.1,10.1,29.2,0.0,0.6,2.0,0.6
2,2024-09-18,33.1,24.2,15.6,41.8,0.0,0.0,0.0,0.0
2,2024-09-19,33.3,24.8,9.7,25.9,0.0,0.0,0.0,0.0
2,2024-09-20,34.4,25.0,15.6,36.7,0.0,0.0,0.0,0.0
2,2024-09-21,33.0,26.6,23.1,56.2,0.0,0.0,0.0,0.0
2,2024-09-22,30.2,24.4,27.5,69.8,0.0,11.0,13.0,11.0
2,2024-09-23,28.0,22.6,13.4,35.3,0.0,2.3,4.0,2.3
2,2024-09-24,25.6,21.2,22.5,59.0,0.0,3.4,14.0,3.4
2,2024-09-25,27.2,20.4,17.6,41.0,0.0,0.0,0.0,0.0
2,2024-09-26,26.7,22.6,14.8,34.2,0.0,2.6,6.0,2.6
2,2024-09-27,26.4,22.9,20.9,46.8,0.0,7.9,10.0,7.9
2,2024-09-28,27.2,22.5,15.0,33.5,0.0,6.2,7.0,6.2
2,2024-09-29,25.2,21.4,17.6,41.4,0.0,8.5,9.0,8.5
2,2024-09-30,25.9,20.6,17.8,44.6,0.0,4.2,11.0,4.2
2,2024-10-01,28.3,20.1,13.0,35.3,0.0,0.1,1.0,0.1
2,2024-10-02,28.3,19.3,10.9,30.2,0.0,0.0,0.0,0.0
2,2024-10-03,24.8,22.6,22.7,57.2,0.0,30.9,19.0,30.9
2,2024-10-04,25.0,22.2,14.6,41.0,0.0,48.5,24.0,48.5
2,2024-10-05,26.2,20.7,7.2,20.2,0.0,8.6,14.0,8.6
2,2024-10-06,26.5,20.8,13.3,34.6,0.0,1.6,5.0,1.6
2,2024-10-07,28.8,22.6,15.2,37.1,0.0,1.0,4.0,1.0
2,2024-10-08,24.4,19.9,9.9,20.5,0.0,18.5,17.0,18.5
2,2024-10-09,25.4,17.4,14.9,37.4,0.0,14.5,11.0,14.5
2,2024-10-10,23.7,17.2,10.2,29.5,0.0,0.4,3.0,0.4
2,2024-10-11,24.7,15.3,9.5,26.6,0.0,0.0,0.0,0.0
2,2024-10-12,24.4,15.3,12.0,31.3,0.0,0.0,0.0,0.0
2,2024-10-13,24.7,18.9,16.7,41.8,0.0,0.0,0.0,0.0
2,2024-10-14,24.8,19.0,20.5,49.7,0.0,0.8,7.0,0.8
2,2024-10-15,26.5,19.9,13.4,33.5,0.0,4.2,13.0,4.2
2,2024-10-16,23.9,20.4,6.5,15.5,0.0,21.5,7.0,21.5
2,2024-10-17,26.3,20.3,13.8,34.9,0.0,0.6,3.0,0.6
2,2024-10-18,23.3,20.9,12.5,30.2,0.0,38.7,18.0,38.7
2,2024-10-19,28.1,20.9,15.1,38.5,0.0,4.3,10.0,4.3
2,2024-10-20,24.0,17.3,20.2,47.9,0.0,3.6,6.0,3.6
2,2024-10-21,21.3,17.9,24.8,58.3,0.0,2.2,8.0,2.2
2,2024-10-22,22.3,19.7,20.5,48.6,0.0,13.7,16.0,13.7
2,2024-10-23,25.1,21.4,26.0,57.2,0.0,39.5,16.0,39.5
2,2024-10-24,25.2,19.7,10.1,27.4,0.0,4.2,5.0,4.2
2,2024-10-25,23.6,19.9,12.7,26.3,0.0,2.6,5.0,2.6
2,2024-10-26,22.5,19.0,13.8,35.6,0.0,5.9,16.0,5.9
2,2024-10-27,23.2,19.3,13.0,26.6,0.0,1.5,4.0,1.5
2,2024-10-28,25.1,17.7,9.0,19.1,0.0,23.6,8.0,23.6
2,2024-10-29,19.8,16.9,22.1,47.2,0.0,25.6,18.0,25.6
2,2024-10-30,23.9,14.6,15.2,33.1,0.0,8.8,6.0,8.8
2,2024-10-31,22.2,14.5,11.7,31.0,0.0,0.0,0.0,0.0
2,2024-11-01,23.6,18.7,16.2,39.2,0.0,11.0,12.0,11.0
2,2024-11-02,24.4,19.5,34.7,101.5,0.0,36.1,15.0,36.1
2,2024-11-03,24.1,13.3,10.5,27.7,0.0,0.0,0.0,0.0
2,2024-11-04,23.1,13.5,11.4,24.8,0.0,0.2,2.0,0.2
2,2024-11-05,22.5,14.9,7.1,18.0,0.0,0.3,2.0,0.3
2,2024-11-06,21.7,12.2,13.4,32.0,0.0,0.0,0.0,0.0
2,2024-11-07,17.8,9.8,11.3,22.7,0.0,0.0,0.0,0.0
2,2024-11-08,17.8,8.8,9.9,24.8,0.0,0.0,0.0,0.0
2,2024-11-09,20.0,11.7,14.4,32.0,0.0,0.0,0.0,0.0
2,2024-11-10,20.2,16.1,20.6,48.6,0.0,0.9,5.0,0.9
2,2024-11-11,23.1,13.4,11.6,30.2,0.0,6.8,13.0,6.8
2,2024-11-12,23.5,13.7,12.1,29.2,0.0,0.0,0.0,0.0
2,2024-11-13,22.2,13.3,9.9,24.5,0.0,0.0,0.0,0.0
2,2024-11-14,18.4,14.3,13.6,28.4,0.0,7.4,16.0,7.4
2,2024-11-15,21.6,15.7,6.7,15.1,0.0,1.1,5.0,1.1
2,2024-11-16,19.5,16.4,18.5,39.6,0.0,43.3,17.0,43.3
2,2024-11-17,22.7,18.2,12.1,27.4,0.0,5.3,12.0,5.3
2,2024-11-18,19.2,10.2,14.7,34.9,0.0,0.4,1.0,0.4
2,2024-11-19,15.5,7.4,8.8,23.4,0.0,0.0,0.0,0.0
2,2024-11-20,15.3,10.7,10.0,24.8,0.0,5.6,13.0,5.6
2,2024-11-21,18.6,8.2,12.8,25.2,0.0,0.0,0.0,0.0
2,2024-11-22,18.5,7.3,17.9,40.3,0.0,0.0,0.0,0.0
2,2024-11-23,13.5,8.4,15.1,36.0,0.0,0.0,0.0,0.0
2,2024-11-24,16.0,8.2,11.5,24.5,0.0,0.0,0.0,0.0
2,2024-11-25,16.0,6.6,15.7,31.3,0.0,0.4,2.0,0.4
2,2024-11-26,19.2,12.5,35.5,79.9,0.0,64.9,23.0,64.9
2,2024-11-27,17.9,11.9,17.0,38.5,0.0,3.0,1.0,3.0
2,2024-11-28,14.4,7.1,23.5,53.3,0.0,0.0,0.0,0.0
2,2024-11-29,13.5,7.3,22.5,52.6,0.0,0.0,0.0,0.0
2,2024-11-30,13.9,7.2,25.2,56.9,0.0,0.0,0.0,0.0
2,2024-12-01,15.5,5.4,13.7,30.2,0.0,0.0,0.0,0.0
2,2024-12-02,18.0,6.3,10.9,27.4,0.0,0.0,0.0,0.0
2,2024-12-03,19.4,6.9,14.5,29.2,0.0,0.0,0.0,0.0
2,2024-12-04,16.1,5.5,14.1,28.4,0.0,0.0,0.0,0.0
2,2024-12-05,13.7,5.4,15.2,36.4,0.0,0.0,0.0,0.0
2,2024-12-06,14.2,4.9,23.1,52.2,0.0,0.0,0.0,0.0
2,2024-12-07,12.9,7.0,19.2,45.7,0.0,0.0,0.0,0.0
2,2024-12-08,10.5,4.9,20.8,50.4,0.0,0.0,0.0,0.0
2,2024-12-09,12.5,2.1,11.7,23.8,0.0,0.0,0.0,0.0
2,2024-12-10,13.5,3.1,12.9,29.5,0.0,0.0,0.0,0.0
2,2024-12-11,13.5,3.5,13.8,29.2,0.0,0.0,0.0,0.0
2,2024-12-12,11.6,2.4,10.7,23.0,0.0,0.0,0.0,0.0
2,2024-12-13,11.0,2.5,17.2,40.0,0.0,1.2,4.0,1.2
2,2024-12-14,9.7,1.6,23.4,53.3,0.0,0.1,1.0,0.1
2,2024-12-15,10.3,1.9,22.4,50.0,0.0,0.0,0.0,0.0
2,2024-12-16,12.6,3.1,15.3,36.7,0.0,0.0,0.0,0.0
2,2024-12-17,12.4,1.9,18.4,42.8,0.0,0.0,0.0,0.0
2,2024-12-18,11.6,2.5,19.0,41.8,0.0,0.0,0.0,0.0
2,2024-12-19,9.2,1.3,18.6,45.4,0.0,0.0,0.0,0.0
2,2024-12-20,10.8,0.2,10.1,25.9,0.0,0.0,0.0,0.0
2,2024-12-21,11.4,1.7,27.7,60.5,0.0,3.1,6.0,3.1
2,2024-12-22,10.1,4.5,28.7,64.1,0.0,0.0,0.0,0.0
2,2024-12-23,10.1,3.2,15.9,39.2,0.0,0.0,0.0,0.0
2,2024-12-24,10.8,3.1,18.0,43.6,0.0,0.0,0.0,0.0
2,2024-12-25,12.8,1.8,16.1,35.3,0.0,0.0,0.0,0.0
2,2024-12-26,13.2,6.9,16.8,39.6,0.0,4.0,5.0,4.0
2,2024-12-27,10.4,5.2,24.7,57.2,0.0,0.0,0.0,0.0
2,2024-12-28,9.2,2.9,23.1,51.1,0.0,0.0,0.0,0.0
2,2024-12-29,9.2,1.5,21.7,46.4,0.0,0.0,0.0,0.0
2,2024-12-30,12.3,1.2,13.9,31.0,0.0,0.0,0.0,0.0
2,2024-12-31,14.2,2.0,23.8,57.2,0.0,0.3,2.0,0.3
2,2025-01-01,11.9,1.7,13.0,27.7,0.0,0.0,0.0,0.0
2,2025-01-02,13.7,1.6,13.6,28.1,0.0,0.0,0.0,0.0
2,2025-01-03,12.1,0.9,17.3,40.3,0.0,0.0,0.0,0.0
2,2025-01-04,9.7,0.6,13.2,31.7,0.0,0.0,0.0,0.0
2,2025-01-05,12.0,0.4,11.6,28.8,0.0,0.0,0.0,0.0
2,2025-01-06,10.2,4.2,20.3,42.1,0.0,42.8,11.0,42.8
2,2025-01-07,9.3,2.9,25.0,59.8,0.0,0.0,0.0,0.0
2,2025-01-08,8.4,0.8,25.3,59.0,0.0,0.0,0.0,0.0
2,2025-01-09,9.4,-0.4,25.2,59.4,0.0,0.0,0.0,0.0
2,2025-01-10,6.7,-1.3,24.6,64.4,0.0,0.0,0.0,0.0
2,2025-01-11,10.1,1.2,16.9,36.7,0.0,0.0,0.0,0.0
2,2025-01-12,9.4,2.8,11.8,24.1,0.0,1.5,4.0,1.5
2,2025-01-13,10.9,2.1,28.1,60.5,0.0,0.0,0.0,0.0
2,2025-01-14,11.7,0.9,13.6,32.4,0.0,0.0,0.0,0.0
2,2025-01-15,11.2,1.7,20.8,49.3,0.0,0.2,2.0,0.2
2,2025-01-16,8.8,0.4,15.1,30.6,0.0,0.0,0.0,0.0
2,2025-01-17,9.2,0.6,14.5,31.3,0.0,0.0,0.0,0.0
2,2025-01-18,11.2,0.4,9.4,20.2,0.0,0.0,0.0,0.0
2,2025-01-19,13.9,3.1,10.3,25.6,0.0,4.3,5.0,4.3
2,2025-01-20,15.6,5.0,12.0,29.9,0.0,3.6,5.0,3.6
2,2025-01-21,14.1,2.0,12.5,26.3,0.0,0.0,0.0,0.0
2,2025-01-22,13.5,2.2,12.4,25.6,0.0,0.0,0.0,0.0
2,2025-01-23,14.7,2.4,14.6,33.5,0.0,0.2,2.0,0.2
2,2025-01-24,15.2,3.2,12.0,30.2,0.0,0.0,0.0,0.0
2,2025-01-25,11.5,4.7,15.2,33.5,0.0,0.0,0.0,0.0
2,2025-01-26,11.6,2.4,19.8,47.5,0.0,0.0,0.0,0.0
2,2025-01-27,10.6,1.0,8.0,18.7,0.0,2.4,4.0,2.4
2,2025-01-28,9.4,3.5,22.6,52.9,0.0,0.0,0.0,0.0
2,2025-01-29,8.1,2.9,27.9,63.4,0.0,0.0,0.0,0.0
2,2025-01-30,6.4,2.3,24.2,57.2,0.0,0.0,0.0,0.0
2,2025-01-31,10.7,1.0,17.5,42.8,0.0,0.0,0.0,0.0
2,2025-02-01,11.3,1.2,12.8,29.9,0.0,7.0,7.0,7.0
2,2025-02-02,10.2,5.0,23.7,54.0,0.0,7.8,11.0,7.8
2,2025-02-03,14.0,5.3,22.2,49.7,0.0,0.2,2.0,0.2
2,2025-02-04,6.0,0.6,29.7,65.2,0.0,0.1,1.0,0.1
2,2025-02-05,5.4,-1.3,27.3,65.5,0.0,0.0,0.0,0.0
2,2025-02-06,5.5,-1.2,20.7,50.0,0.0,0.0,0.0,0.0
2,2025-02-07,8.0,-0.1,33.9,73.4,0.21,0.0,3.0,0.3
2,2025-02-08,6.5,-1.9,33.6,76.3,0.0,0.0,0.0,0.0
2,2025-02-09,8.7,1.3,20.7,45.0,0.0,0.0,0.0,0.0
2,2025-02-10,8.7,0.2,15.6,36.0,0.0,0.0,0.0,0.0
2,2025-02-11,8.4,0.1,16.1,34.6,0.0,0.0,0.0,0.0
2,2025-02-12,11.0,-0.9,15.0,36.4,0.0,15.3,7.0,15.3
2,2025-02-13,12.2,0.5,31.2,70.9,0.0,0.3,2.0,0.3
2,2025-02-14,11.8,-0.5,13.6,27.0,0.0,0.0,0.0,0.0
2,2025-02-15,13.3,0.7,19.9,47.9,0.0,0.1,1.0,0.1
2,2025-02-16,12.0,5.7,12.3,28.4,0.0,7.9,10.0,7.9
2,2025-02-17,12.2,3.6,29.9,67.3,0.0,0.0,0.0,0.0
2,2025-02-18,7.7,0.4,21.7,50.8,0.0,0.0,0.0,0.0
2,2025-02-19,6.9,-1.4,20.6,45.7,0.0,0.0,0.0,0.0
2,2025-02-20,8.1,-1.4,14.6,36.7,0.0,0.0,0.0,0.0
2,2025-02-21,9.3,-0.7,14.1,29.9,0.0,0.0,0.0,0.0
2,2025-02-22,6.9,-1.2,24.9,59.4,0.0,0.0,0.0,0.0
2,2025-02-23,9.7,-1.0,16.7,39.6,0.0,0.0,0.0,0.0
2,2025-02-24,7.0,-0.3,25.7,60.1,0.0,0.0,0.0,0.0
2,2025-02-25,10.1,0.2,14.9,37.8,0.0,0.0,0.0,0.0
2,2025-02-26,13.7,1.4,18.0,43.9,0.0,0.0,0.0,0.0
2,2025-02-27,13.1,1.2,16.3,40.0,0.0,0.0,0.0,0.0
2,2025-02-28,14.4,5.4,9.1,24.1,0.0,2.0,3.0,2.0
2,2025-03-01,17.9,3.5,15.9,38.2,0.0,0.0,0.0,0.0
2,2025-03-02,20.4,9.5,13.6,32.8,0.0,0.1,1.0,0.1
2,2025-03-03,18.3,9.2,16.5,42.8,0.0,9.8,10.0,9.8
2,2025-03-04,13.2,7.0,29.4,69.5,0.0,35.9,22.0,35.9
2,2025-03-05,14.6,9.6,27.2,61.9,0.0,9.2,10.0,9.2
2,2025-03-06,12.8,4.1,10.4,24.1,0.0,0.0,0.0,0.0
2,2025-03-07,9.6,1.4,21.5,50.8,0.0,0.0,0.0,0.0
2,2025-03-08,10.9,1.0,8.4,21.6,0.0,0.4,3.0,0.4
2,2025-03-09,13.1,2.5,13.0,28.8,0.0,0.0,0.0,0.0
2,2025-03-10,12.9,0.9,10.4,28.8,0.0,0.0,0.0,0.0
2,2025-03-11,13.4,8.1,13.1,25.9,0.0,13.1,17.0,13.1
2,2025-03-12,18.2,10.9,15.6,36.4,0.0,1.8,8.0,1.8
2,2025-03-13,18.5,8.1,13.0,27.0,0.0,0.2,1.0,0.2
2,2025-03-14,18.3,5.6,13.5,28.1,0.0,0.0,0.0,0.0
2,2025-03-15,13.2,5.8,32.5,69.1,0.0,17.9,12.0,17.9
2,2025-03-16,13.0,8.4,33.1,71.3,0.0,33.5,20.0,33.5
2,2025-03-17,10.4,3.6,30.7,70.6,0.0,0.1,1.0,0.1
2,2025-03-18,10.1,1.1,20.4,41.8,0.28,6.3,10.0,6.7
2,2025-03-19,9.2,1.8,33.6,81.7,0.07,1.1,7.0,1.2
2,2025-03-20,13.5,-0.8,16.2,39.6,0.0,0.0,0.0,0.0
2,2025-03-21,18.5,1.7,18.7,45.0,0.0,0.0,0.0,0.0
2,2025-03-22,21.7,6.2,18.4,44.3,0.0,0.0,0.0,0.0
2,2025-03-23,22.9,8.1,16.8,39.6,0.0,0.0,0.0,0.0
2,2025-03-24,19.4,7.8,17.7,39.2,0.0,0.0,0.0,0.0
2,2025-03-25,23.5,11.6,19.6,45.7,0.0,0.0,0.0,0.0
2,2025-03-26,25.3,12.0,20.0,47.5,0.0,0.0,0.0,0.0
2,2025-03-27,19.7,11.1,21.5,51.5,0.0,4.9,9.0,4.9
2,2025-03-28,24.1,13.8,30.1,70.6,0.0,12.1,7.0,12.1
2,2025-03-29,14.3,8.4,10.1,28.1,0.0,0.2,1.0,0.2
2,2025-03-30,14.6,5.3,16.4,39.6,0.0,0.0,0.0,0.0
2,2025-03-31,12.3,2.1,12.6,32.4,0.0,0.0,0.0,0.0
2,2025-04-01,13.1,9.1,18.3,42.5,0.0,1.9,6.0,1.9
2,2025-04-02,16.9,10.2,17.9,36.7,0.0,3.0,9.0,3.0
2,2025-04-03,16.8,8.6,7.7,23.4,0.0,2.6,7.0,2.6
2,2025-04-04,15.2,6.1,11.8,33.1,0.0,4.2,7.0,4.2
2,2025-04-05,15.3,3.8,15.4,36.4,0.0,0.6,2.0,0.6
2,2025-04-06,17.5,9.8,15.5,45.0,0.0,10.0,14.0,10.0
2,2025-04-07,18.4,6.9,10.1,21.2,0.0,0.0,0.0,0.0
2,2025-04-08,20.6,5.5,22.6,51.5,0.0,0.0,0.0,0.0
2,2025-04-09,19.7,7.3,16.5,40.3,0.0,0.0,0.0,0.0
2,2025-04-10,21.1,9.3,22.6,53.3,0.0,6.0,10.0,6.0
2,2025-04-11,19.1,10.1,10.1,26.6,0.0,6.5,8.0,6.5
2,2025-04-12,19.0,6.9,10.8,29.5,0.0,0.1,1.0,0.1
2,2025-04-13,17.6,10.0,25.6,63.4,0.0,56.4,19.0,56.4
2,2025-04-14,18.7,8.4,22.9,52.9,0.0,3.0,6.0,3.0
2,2025-04-15,15.5,8.9,29.6,69.8,0.0,0.1,1.0,0.1
2,2025-04-16,19.2,5.6,19.5,46.8,0.0,0.0,0.0,0.0
2,2025-04-17,23.9,9.1,21.4,51.1,0.0,0.0,0.0,0.0
2,2025-04-18,22.8,15.7,15.3,35.3,0.0,2.2,4.0,2.2
2,2025-04-19,23.3,13.2,12.0,25.6,0.0,0.0,0.0,0.0
2,2025-04-20,21.6,14.2,14.9,34.6,0.0,0.2,1.0,0.2
2,2025-04-21,23.6,13.7,11.2,31.3,0.0,0.0,0.0,0.0
2,2025-04-22,20.4,16.3,19.1,41.0,0.0,10.0,15.0,10.0
2,2025-04-23,26.9,18.3,23.7,50.0,0.0,42.5,23.0,42.5
2,2025-04-24,22.6,17.2,17.3,41.4,0.0,1.0,7.0,1.0
2,2025-04-25,22.4,13.5,16.6,39.2,0.0,0.4,4.0,0.4
2,2025-04-26,19.9,8.4,9.0,26.6,0.0,0.0,0.0,0.0
2,2025-04-27,23.2,7.5,20.1,45.7,0.0,0.0,0.0,0.0
2,2025-04-28,19.6,12.5,16.7,33.8,0.0,22.8,10.0,22.8
2,2025-04-29,19.6,8.3,12.5,33.8,0.0,0.0,0.0,0.0
2,2025-04-30,19.0,6.8,11.1,29.2,0.0,0.0,0.0,0.0
2,2025-05-01,20.0,12.8,14.3,35.3,0.0,0.0,0.0,0.0
2,2025-05-02,19.8,13.4,21.8,59.4,0.0,56.3,13.0,56.3
2,2025-05-03,23.6,8.7,18.5,41.4,0.0,0.0,0.0,0.0
2,2025-05-04,23.7,11.6,12.4,33.1,0.0,0.0,0.0,0.0
2,2025-05-05,20.6,8.7,14.9,36.0,0.0,0.0,0.0,0.0
2,2025-05-06,16.6,13.5,29.3,64.4,0.0,34.3,18.0,34.3
2,2025-05-07,20.8,11.7,13.8,34.9,0.0,0.5,2.0,0.5
2,2025-05-08,19.8,8.8,16.0,40.0,0.0,0.1,1.0,0.1
2,2025-05-09,20.0,16.4,23.0,48.2,0.0,43.9,15.0,43.9
2,2025-05-10,23.1,17.6,21.2,48.6,0.0,46.8,14.0,46.8
2,2025-05-11,24.3,14.8,18.5,41.4,0.0,10.1,5.0,10.1
2,2025-05-12,19.7,14.3,10.8,32.0,0.0,10.3,10.0,10.3
2,2025-05-13,21.9,12.3,12.4,32.4,0.0,0.0,0.0,0.0
2,2025-05-14,21.8,12.8,11.9,31.7,0.0,0.0,0.0,0.0
2,2025-05-15,21.7,14.0,11.2,28.8,0.0,0.0,0.0,0.0
2,2025-05-16,22.8,15.1,8.7,25.2,0.0,1.3,6.0,1.3
2,2025-05-17,25.0,19.3,24.9,63.7,0.0,26.8,22.0,26.8
2,2025-05-18,27.3,21.2,16.6,38.5,0.0,0.7,3.0,0.7
2,2025-05-19,25.2,18.9,15.4,31.7,0.0,0.0,0.0,0.0
2,2025-05-20,28.1,18.0,18.5,42.5,0.0,0.0,0.0,0.0
2,2025-05-21,26.4,20.8,19.0,42.1,0.0,56.1,15.0,56.1
2,2025-05-22,24.8,19.9,11.3,30.2,0.0,80.4,16.0,80.4
2,2025-05-23,22.1,16.7,15.3,37.4,0.0,0.0,0.0,0.0
2,2025-05-24,21.6,18.7,26.4,57.2,0.0,84.5,15.0,84.5
2,2025-05-25,26.3,17.1,24.7,56.2,0.0,22.3,6.0,22.3
2,2025-05-26,20.5,15.2,11.7,23.4,0.0,0.0,0.0,0.0
2,2025-05-27,19.0,16.1,19.3,45.4,0.0,22.8,21.0,22.8
2,2025-05-28,22.3,15.1,13.5,31.0,0.0,1.5,3.0,1.5
2,2025-05-29,20.5,16.5,19.6,43.6,0.0,12.6,17.0,12.6
2,2025-05-30,22.3,15.2,25.7,56.5,0.0,7.0,16.0,7.0
2,2025-05-31,22.7,16.2,11.8,25.6,0.0,1.9,9.0,1.9
2,2025-06-01,24.1,15.3,12.7,24.5,0.0,0.0,0.0,0.0
2,2025-06-02,21.9,14.4,11.2,25.9,0.0,0.0,0.0,0.0
2,2025-06-03,22.4,18.0,22.0,49.3,0.0,38.2,17.0,38.2
2,2025-06-04,26.7,14.9,14.9,35.3,0.0,0.0,0.0,0.0
2,2025-06-05,26.7,13.4,14.7,36.0,0.0,0.0,0.0,0.0
2,2025-06-06,24.6,15.1,15.5,37.8,0.0,0.0,0.0,0.0
2,2025-06-07,24.8,17.0,11.2,28.4,0.0,0.0,0.0,0.0
2,2025-06-08,24.3,18.5,12.0,24.5,0.0,1.9,7.0,1.9
2,2025-06-09,20.5,18.2,15.4,34.9,0.0,36.7,17.0,36.7
2,2025-06-10,25.8,19.6,16.1,38.9,0.0,26.5,19.0,26.5
2,2025-06-11,26.7,21.5,18.3,47.2,0.0,28.8,18.0,28.8
2,2025-06-12,25.5,19.9,10.5,27.4,0.0,2.1,2.0,2.1
2,2025-06-13,24.2,19.2,9.2,26.6,0.0,0.9,4.0,0.9
2,2025-06-14,24.2,19.7,25.0,56.9,0.0,23.2,16.0,23.2
2,2025-06-15,32.7,22.8,26.2,62.6,0.0,6.4,9.0,6.4
2,2025-06-16,31.9,22.0,21.4,51.5,0.0,0.0,0.0,0.0
2,2025-06-17,31.6,24.4,18.3,44.6,0.0,0.3,2.0,0.3
2,2025-06-18,29.9,22.3,13.1,27.7,0.0,0.0,0.0,0.0
2,2025-06-19,29.6,21.9,9.0,23.8,0.0,0.0,0.0,0.0
2,2025-06-20,26.8,21.6,10.5,28.4,0.0,1.1,4.0,1.1
2,2025-06-21,26.2,22.0,13.4,33.1,0.0,0.4,4.0,0.4
2,2025-06-22,28.6,21.8,22.0,51.8,0.0,2.4,8.0,2.4
2,2025-06-23,28.9,23.1,13.7,31.3,0.0,14.7,17.0,14.7
2,2025-06-24,26.7,22.8,7.9,23.0,0.0,5.8,14.0,5.8
2,2025-06-25,29.2,23.3,11.1,29.2,0.0,1.3,8.0,1.3
2,2025-06-26,29.6,23.5,18.6,43.2,0.0,4.0,10.0,4.0
2,2025-06-27,29.6,22.0,10.2,23.0,0.0,1.7,7.0,1.7
2,2025-06-28,28.6,20.9,9.3,25.9,0.0,0.0,0.0,0.0
2,2025-06-29,28.4,21.6,13.1,33.5,0.0,0.0,0.0,0.0
2,2025-06-30,30.3,22.5,12.1,30.6,0.0,0.1,1.0,0.1
2,2025-07-01,30.4,24.8,6.9,21.6,0.0,0.5,2.0,0.5
2,2025-07-02,30.2,25.0,10.5,29.2,0.0,5.3,3.0,5.3
2,2025-07-03,28.8,23.7,13.5,31.7,0.0,14.9,9.0,14.9
2,2025-07-04,29.2,24.2,9.5,29.9,0.0,1.7,8.0,1.7
2,2025-07-05,31.6,23.6,10.6,29.2,0.0,0.1,1.0,0.1
2,2025-07-06,31.3,23.4,8.2,23.8,0.0,0.0,0.0,0.0
2,2025-07-07,31.4,25.3,7.7,22.0,0.0,0.0,0.0,0.0
2,2025-07-08,30.0,25.3,13.1,32.8,0.0,6.5,7.0,6.5
2,2025-07-09,29.9,23.9,12.2,32.0,0.0,2.6,12.0,2.6
2,2025-07-10,29.3,24.5,17.1,41.0,0.0,3.0,16.0,3.0
2,2025-07-11,27.9,24.8,15.7,37.1,0.0,9.1,18.0,9.1
2,2025-07-12,27.6,23.9,15.3,37.4,0.0,6.0,22.0,6.0
2,2025-07-13,28.1,23.9,14.8,36.4,0.0,4.4,14.0,4.4
2,2025-07-14,25.7,23.9,32.9,69.8,0.0,48.5,19.0,48.5
2,2025-07-15,30.3,23.8,20.9,49.7,0.0,3.8,8.0,3.8
2,2025-07-16,26.9,23.8,14.2,34.2,0.0,26.1,24.0,26.1
2,2025-07-17,26.0,24.0,27.2,65.5,0.0,70.2,24.0,70.2
2,2025-07-18,27.4,23.5,16.0,40.0,0.0,4.9,15.0,4.9
2,2025-07-19,28.2,23.3,12.7,32.0,0.0,6.5,21.0,6.5
2,2025-07-20,28.9,24.1,10.4,26.3,0.0,2.3,15.0,2.3
2,2025-07-21,29.7,22.7,11.0,29.2,0.0,0.0,0.0,0.0
2,2025-07-22,29.9,23.7,12.2,31.3,0.0,0.1,1.0,0.1
2,2025-07-23,29.8,23.8,11.2,29.2,0.0,0.0,0.0,0.0
2,2025-07-24,30.1,22.5,12.5,31.7,0.0,0.3,2.0,0.3
2,2025-07-25,29.8,24.3,11.0,29.5,0.0,0.8,8.0,0.8
2,2025-07-26,29.5,24.7,12.5,31.3,0.0,3.6,11.0,3.6
2,2025-07-27,29.9,23.9,10.5,28.1,0.0,0.2,2.0,0.2
2,2025-07-28,29.8,22.1,10.6,28.4,0.0,0.0,0.0,0.0
2,2025-07-29,31.0,22.1,13.6,34.6,0.0,0.0,0.0,0.0
2,2025-07-30,30.5,24.5,12.9,33.8,0.0,0.1,1.0,0.1
2,2025-07-31,29.9,25.2,14.9,38.2,0.0,0.5,3.0,0.5
2,2025-08-01,32.1,23.4,13.2,30.6,0.0,0.0,0.0,0.0
2,2025-08-02,32.2,24.7,10.8,28.4,0.0,0.0,0.0,0.0
2,2025-08-03,31.8,25.1,12.2,30.6,0.0,0.0,0.0,0.0
2,2025-08-04,32.8,24.4,23.7,55.8,0.0,0.0,0.0,0.0
2,2025-08-05,35.0,26.0,18.3,43.6,0.0,0.0,0.0,0.0
2,2025-08-06,36.1,27.2,18.0,42.5,0.0,0.8,2.0,0.8
2,2025-08-07,32.8,25.9,21.4,49.0,0.0,2.1,9.0,2.1
2,2025-08-08,32.1,23.5,12.7,32.4,0.0,1.4,6.0,1.4
2,2025-08-09,30.1,23.3,11.4,26.6,0.0,2.5,9.0,2.5
2,2025-08-10,28.2,24.0,20.4,49.3,0.0,16.5,21.0,16.5
2,2025-08-11,27.5,24.9,23.2,53.6,0.0,31.9,22.0,31.9
2,2025-08-12,31.6,25.9,20.7,47.5,0.0,1.6,3.0,1.6
2,2025-08-13,31.9,25.2,10.1,29.5,0.0,2.3,4.0,2.3
2,2025-08-14,28.9,24.7,11.7,29.9,0.0,1.3,10.0,1.3
2,2025-08-15,29.9,24.2,8.5,25.6,0.0,0.7,4.0,0.7
2,2025-08-16,30.9,24.6,10.9,28.4,0.0,10.4,10.0,10.4
2,2025-08-17,32.6,24.6,13.6,33.1,0.0,0.5,5.0,0.5
2,2025-08-18,32.1,24.4,11.4,29.5,0.0,2.5,3.0,2.5
2,2025-08-19,32.3,23.9,16.6,38.9,0.0,0.0,0.0,0.0
2,2025-08-20,31.4,23.9,12.8,31.3,0.0,0.0,0.0,0.0
2,2025-08-21,33.2,24.9,12.2,30.2,0.0,1.5,2.0,1.5
2,2025-08-22,32.6,23.6,16.6,38.5,0.0,0.9,3.0,0.9
2,2025-08-23,29.8,25.3,8.7,27.7,0.0,1.2,6.0,1.2
2,2025-08-24,31.1,25.1,9.1,28.4,0.0,1.6,5.0,1.6
2,2025-08-25,31.1,26.0,10.3,27.7,0.0,0.6,4.0,0.6
2,2025-08-26,31.7,25.0,17.8,42.1,0.0,0.8,7.0,0.8
2,2025-08-27,32.6,24.7,14.6,36.4,0.0,1.2,6.0,1.2
2,2025-08-28,31.1,24.1,8.5,25.6,0.0,1.4,6.0,1.4
2,2025-08-29,31.2,24.1,13.1,33.5,0.0,2.5,6.0,2.5
2,2025-08-30,32.1,23.9,12.7,28.1,0.0,0.1,1.0,0.1
2,2025-08-31,32.2,24.9,11.3,31.0,0.0,0.0,0.0,0.0
2,2025-09-01,31.8,24.5,17.0,40.7,0.0,1.1,5.0,1.1
2,2025-09-02,32.4,24.5,19.3,46.4,0.0,0.0,0.0,0.0
2,2025-09-03,29.9,24.3,11.2,28.8,0.0,4.5,6.0,4.5
2,2025-09-04,26.7,23.8,13.1,31.0,0.0,25.0,23.0,25.0
2,2025-09-05,32.1,24.2,29.2,66.2,0.0,35.0,12.0,35.0
2,2025-09-06,30.5,23.0,10.7,26.3,0.0,0.0,0.0,0.0
2,2025-09-07,29.5,22.1,10.6,33.1,0.0,1.1,6.0,1.1
2,2025-09-08,31.6,22.9,9.3,25.2,0.0,0.6,5.0,0.6
2,2025-09-09,31.4,23.8,10.9,31.3,0.0,0.4,3.0,0.4
2,2025-09-10,30.0,24.1,17.0,43.2,0.0,1.3,6.0,1.3
2,2025-09-11,27.3,24.6,7.0,22.0,0.0,13.2,13.0,13.2
2,2025-09-12,27.8,22.7,11.4,31.0,0.0,17.8,13.0,17.8
2,2025-09-13,28.1,24.1,19.3,49.0,0.0,15.0,13.0,15.0
2,2025-09-14,32.9,26.1,15.1,38.5,0.0,0.0,0.0,0.0
2,2025-09-15,31.6,24.5,8.5,28.4,0.0,1.8,4.0,1.8
2,2025-09-16,30.3,25.1,7.7,23.4,0.0,0.1,1.0,0.1
2,2025-09-17,32.5,24.7,13.2,31.0,0.0,1.1,5.0,1.1
2,2025-09-18,33.6,25.1,14.2,39.2,0.0,0.0,0.0,0.0
2,2025-09-19,27.2,22.9,16.2,40.3,0.0,2.6,7.0,2.6
2,2025-09-20,29.0,22.7,22.8,53.3,0.0,4.3,5.0,4.3
2,2025-09-21,29.8,21.7,17.0,38.2,0.0,3.8,12.0,3.8
2,2025-09-22,26.2,19.0,16.2,39.6,0.0,0.9,6.0,0.9
2,2025-09-23,24.8,21.8,16.5,40.3,0.0,0.1,1.0,0.1
2,2025-09-24,24.6,21.9,15.8,38.2,0.0,1.2,9.0,1.2
2,2025-09-25,28.0,21.6,10.5,28.1,0.0,0.8,1.0,0.8
2,2025-09-26,30.0,21.1,8.1,27.4,0.0,2.9,5.0,2.9
2,2025-09-27,28.7,19.7,11.3,30.6,0.0,0.0,0.0,0.0
2,2025-09-28,28.4,20.1,12.1,30.6,0.0,0.0,0.0,0.0
2,2025-09-29,30.5,21.9,15.8,43.9,0.0,0.3,3.0,0.3
2,2025-09-30,27.3,18.8,14.6,37.1,0.0,0.1,1.0,0.1
2,2025-10-01,26.7,18.7,11.0,34.2,0.0,2.8,6.0,2.8
2,2025-10-02,27.3,17.9,12.7,34.2,0.0,0.2,2.0,0.2
2,2025-10-03,24.9,20.8,16.5,38.5,0.0,3.6,11.0,3.6
2,2025-10-04,23.2,20.9,12.5,27.0,0.0,34.0,22.0,34.0
2,2025-10-05,25.5,21.9,8.6,18.0,0.0,8.7,13.0,8.7
2,2025-10-06,28.9,20.0,20.7,44.6,0.0,0.4,2.0,0.4
2,2025-10-07,24.4,21.9,21.0,46.8,0.0,1.8,11.0,1.8
2,2025-10-08,26.6,21.9,19.3,43.2,0.0,0.7,4.0,0.7
2,2025-10-09,29.1,21.8,17.0,35.3,0.0,0.5,3.0,0.5
2,2025-10-10,21.9,20.8,13.2,30.2,0.0,1.0,8.0,1.0
2,2025-10-11,24.4,21.1,18.0,38.9,0.0,5.8,14.0,5.8
2,2025-10-12,25.1,21.7,17.5,37.1,0.0,8.3,15.0,8.3
2,2025-10-13,29.5,20.8,17.9,43.2,0.0,0.0,0.0,0.0
2,2025-10-14,25.8,19.7,9.5,26.3,0.0,0.5,2.0,0.5
2,2025-10-15,22.7,21.2,19.5,44.3,0.0,11.8,20.0,11.8
2,2025-10-16,27.0,21.4,14.1,33.8,0.0,14.9,16.0,14.9
2,2025-10-17,26.1,19.8,18.7,44.3,0.0,1.5,5.0,1.5
2,2025-10-18,23.8,20.0,10.2,24.8,0.0,7.3,16.0,7.3
2,2025-10-19,25.8,19.8,12.7,27.0,0.0,7.2,5.0,7.2
2,2025-10-20,25.4,19.9,9.8,19.4,0.0,5.0,14.0,5.0
2,2025-10-21,21.4,17.6,16.0,33.1,0.0,0.8,3.0,0.8
2,2025-10-22,18.2,14.7,19.9,42.1,0.0,31.3,24.0,31.3
2,2025-10-23,19.5,13.6,18.5,38.2,0.0,2.0,5.0,2.0
2,2025-10-24,20.3,15.0,16.0,37.8,0.0,0.1,1.0,0.1
2,2025-10-25,19.2,16.4,23.1,53.3,0.0,26.4,24.0,26.4
2,2025-10-26,22.8,18.8,13.2,29.9,0.0,17.2,19.0,17.2
2,2025-10-27,22.0,12.7,13.7,32.8,0.0,0.0,0.0,0.0
2,2025-10-28,20.2,10.4,12.1,24.1,0.0,0.0,0.0,0.0
2,2025-10-29,18.9,8.7,14.6,34.2,0.0,0.0,0.0,0.0
2,2025-10-30,18.7,12.4,19.3,44.3,0.0,0.0,0.0,0.0
2,2025-10-31,17.6,14.5,28.5,65.2,0.0,72.9,16.0,72.9
2,2025-11-01,21.5,12.0,16.5,38.5,0.0,0.0,0.0,0.0
2,2025-11-02,20.4,10.9,15.8,39.2,0.0,0.0,0.0,0.0
2,2025-11-03,16.7,9.7,20.6,49.3,0.0,0.0,0.0,0.0
2,2025-11-04,17.1,9.1,14.5,33.8,0.0,0.2,2.0,0.2
2,2025-11-05,16.3,14.3,21.4,44.6,0.0,18.3,19.0,18.3
2,2025-11-06,21.7,11.9,19.6,44.3,0.0,0.3,2.0,0.3
2,2025-11-07,21.2,10.3,12.5,26.3,0.0,0.0,0.0,0.0
2,2025-11-08,19.8,9.0,12.7,31.0,0.0,0.0,0.0,0.0
2,2025-11-09,19.4,15.2,11.8,32.8,0.0,32.1,11.0,32.1
2,2025-11-10,19.5,8.9,21.6,49.0,0.0,0.0,0.0,0.0
2,2025-11-11,16.7,7.3,10.9,21.2,0.0,0.0,0.0,0.0
2,2025-11-12,16.8,7.4,10.9,27.7,0.0,0.0,0.0,0.0
2,2025-11-13,17.4,12.6,6.4,13.0,0.0,1.0,9.0,1.0
2,2025-11-14,19.6,10.5,11.2,28.1,0.0,0.0,0.0,0.0
2,2025-11-15,19.4,8.6,11.3,27.4,0.0,0.0,0.0,0.0
2,2025-11-16,18.5,8.5,7.9,22.7,0.0,0.0,0.0,0.0
2,2025-11-17,22.8,7.8,13.2,31.0,0.0,0.1,1.0,0.1
2,2025-11-18,15.3,8.5,20.6,47.9,0.0,0.0,0.0,0.0
2,2025-11-19,13.7,6.8,14.1,31.7,0.0,0.0,0.0,0.0
2,2025-11-20,16.3,5.8,13.3,31.7,0.0,0.0,0.0,0.0
2,2025-11-21,17.9,5.6,15.0,34.9,0.0,0.0,0.0,0.0
2,2025-11-22,17.0,5.1,10.9,23.0,0.0,0.0,0.0,0.0
2,2025-11-23,18.8,6.1,13.4,29.2,0.0,0.0,0.0,0.0
2,2025-11-24,18.4,5.7,10.7,26.3,0.0,0.0,0.0,0.0
2,2025-11-25,14.6,8.2,8.7,21.2,0.0,8.2,5.0,8.2
2,2025-11-26,17.2,7.6,20.4,46.1,0.0,0.0,0.0,0.0
2,2025-11-27,16.5,5.7,8.9,22.3,0.0,0.6,4.0,0.6
2,2025-11-28,15.9,6.1,20.9,47.9,0.0,0.0,0.0,0.0
2,2025-11-29,16.8,6.0,13.1,26.6,0.0,0.0,0.0,0.0
2,2025-11-30,17.4,4.6,8.9,22.3,0.0,0.0,0.0,0.0
2,2025-12-01,20.3,10.1,9.9,24.5,0.0,0.2,1.0,0.2
2,2025-12-02,19.6,8.7,9.8,29.9,0.0,1.2,5.0,1.2
2,2025-12-03,13.7,4.4,21.2,49.0,0.0,0.0,0.0,0.0
2,2025-12-04,9.0,3.2,18.1,42.5,0.0,0.0,0.0,0.0
2,2025-12-05,10.8,3.0,24.3,55.1,0.0,0.0,0.0,0.0
2,2025-12-06,13.5,0.9,10.1,26.3,0.0,0.0,0.0,0.0
2,2025-12-07,17.9,2.7,10.0,24.1,0.0,0.0,0.0,0.0
2,2025-12-08,19.0,3.8,19.1,45.0,0.0,0.0,0.0,0.0
2,2025-12-09,13.5,3.8,11.1,22.0,0.0,0.0,0.0,0.0
2,2025-12-10,13.7,3.0,12.1,24.8,0.0,0.0,0.0,0.0
2,2025-12-11,15.7,3.9,24.4,55.4,0.0,0.0,0.0,0.0
2,2025-12-12,13.4,2.8,22.2,54.7,0.0,0.0,0.0,0.0
2,2025-12-13,12.1,0.9,15.2,29.2,0.0,0.4,3.0,0.4
2,2025-12-14,14.3,8.2,21.2,49.3,0.0,5.4,6.0,5.4
2,2025-12-15,11.7,3.9,20.8,48.6,0.0,0.0,0.0,0.0
2,2025-12-16,14.3,2.1,11.9,24.5,0.0,0.0,0.0,0.0
2,2025-12-17,16.5,2.5,21.2,49.0,0.0,0.0,0.0,0.0
2,2025-12-18,13.5,4.2,12.6,24.1,0.0,0.0,0.0,0.0
2,2025-12-19,14.9,2.9,13.0,25.9,0.0,2.8,4.0,2.8
2,2025-12-20,19.0,11.5,14.2,32.8,0.0,35.5,7.0,35.5
2,2025-12-21,17.3,11.1,8.6,17.6,0.0,15.7,19.0,15.7
2,2025-12-22,12.9,4.2,10.5,24.8,0.0,0.0,0.0,0.0
2,2025-12-23,13.0,4.3,17.6,41.4,0.0,13.7,9.0,13.7
2,2025-12-24,17.7,11.3,13.4,36.4,0.0,45.5,14.0,45.5
2,2025-12-25,16.7,8.1,22.0,49.0,0.0,3.6,9.0,3.6
2,2025-12-26,7.8,1.9,30.2,69.1,0.0,0.0,0.0,0.0
2,2025-12-27,8.6,1.4,13.1,31.3,0.0,0.0,0.0,0.0
2,2025-12-28,10.8,1.2,12.0,28.4,0.0,0.0,0.0,0.0
2,2025-12-29,13.3,1.6,10.8,26.6,0.0,0.0,0.0,0.0
2,2025-12-30,16.5,3.3,13.1,25.6,0.0,0.0,0.0,0.0
2,2025-12-31,11.5,1.6,16.4,42.8,0.0,0.0,0.0,0.0
2,2026-01-01,9.1,1.4,14.1,30.6,0.0,0.0,0.0,0.0
2,2026-01-02,7.2,0.8,27.0,58.3,0.0,0.0,0.0,0.0
2,2026-01-03,8.4,2.0,18.6,44.3,0.0,0.0,0.0,0.0
2,2026-01-04,10.1,1.9,15.7,38.5,0.0,0.0,0.0,0.0
2,2026-01-05,13.0,1.7,21.6,49.3,0.0,0.0,0.0,0.0
2,2026-01-06,10.1,1.1,14.9,38.2,0.0,0.0,0.0,0.0
2,2026-01-07,11.0,-0.0,12.9,31.7,0.0,0.0,0.0,0.0
2,2026-01-08,9.2,0.5,23.4,54.4,0.0,0.0,0.0,0.0
2,2026-01-09,9.2,0.8,11.1,29.5,0.0,0.0,0.0,0.0
2,2026-01-10,15.9,-0.1,24.4,60.8,0.0,0.0,0.0,0.0
2,2026-01-11,13.3,0.2,37.9,85.0,0.0,0.0,0.0,0.0
2,2026-01-12,8.5,0.2,18.1,41.0,0.0,0.0,0.0,0.0
2,2026-01-13,16.5,0.5,29.0,67.7,0.0,0.0,0.0,0.0
2,2026-01-14,9.3,0.4,17.0,41.4,0.0,0.0,0.0,0.0
2,2026-01-15,15.0,0.3,18.2,41.8,0.0,0.0,0.0,0.0
2,2026-01-16,16.9,3.9,13.4,33.8,0.0,0.0,0.0,0.0
2,2026-01-17,18.0,2.7,7.8,20.2,0.0,0.0,0.0,0.0
2,2026-01-18,15.3,1.7,10.2,28.4,0.0,0.0,0.0,0.0
2,2026-01-19,15.3,3.9,10.9,24.5,0.0,0.0,0.0,0.0
2,2026-01-20,11.3,0.9,14.5,32.4,0.0,0.0,0.0,0.0
2,2026-01-21,7.4,-1.9,17.7,40.0,0.0,0.0,0.0,0.0
2,2026-01-22,5.2,0.2,22.8,53.3,0.0,0.0,0.0,0.0
2,2026-01-23,6.7,0.2,19.2,43.2,0.0,0.0,0.0,0.0
2,2026-01-24,9.0,0.1,23.1,54.0,0.0,0.0,0.0,0.0
2,2026-01-25,7.1,1.7,22.8,53.3,0.07,0.0,1.0,0.1
2,2026-01-26,7.6,0.0,12.8,32.0,0.0,0.0,0.0,0.0
2,2026-01-27,11.9,1.3,16.9,41.0,0.0,0.0,0.0,0.0
2,2026-01-28,9.8,1.3,14.0,33.1,0.0,0.0,0.0,0.0
2,2026-01-29,8.1,1.4,22.9,54.0,0.0,0.0,0.0,0.0
2,2026-01-30,6.9,0.8,18.2,43.6,0.0,0.0,0.0,0.0
2,2026-01-31,7.4,-0.4,15.0,31.7,0.0,0.0,0.0,0.0
2,2026-02-01,9.9,-1.0,16.0,38.5,0.0,0.0,0.0,0.0
2,2026-02-02,9.8,-0.3,14.2,36.0,0.0,0.0,0.0,0.0
2,2026-02-03,9.2,-0.4,12.2,29.2,0.0,0.0,0.0,0.0
2,2026-02-04,12.8,-1.1,13.4,34.9,0.0,0.0,0.0,0.0
2,2026-02-05,15.6,-0.1,8.7,24.5,0.0,0.0,0.0,0.0
2,2026-02-06,15.1,0.6,14.1,34.6,0.0,0.0,0.0,0.0
2,2026-02-07,10.0,3.2,16.2,36.0,0.0,1.4,8.0,1.4
2,2026-02-08,4.6,-1.2,34.3,77.8,1.47,0.0,6.0,2.1
2,2026-02-09,6.7,-1.5,17.6,42.1,0.0,0.0,0.0,0.0
2,2026-02-10,11.8,-1.4,12.3,31.0,0.0,0.1,1.0,0.1
2,2026-02-11,11.1,4.7,10.9,27.4,0.0,24.4,14.0,24.4
2,2026-02-12,12.5,2.0,16.8,40.3,0.0,0.0,0.0,0.0
2,2026-02-13,14.6,0.1,10.9,28.8,0.0,0.0,0.0,0.0
2,2026-02-14,15.1,-0.2,18.4,42.8,0.0,0.0,0.0,0.0
2,2026-02-15,16.8,6.7,9.0,24.8,0.0,0.1,1.0,0.1
2,2026-02-16,15.7,5.0,12.3,25.9,0.0,0.0,0.0,0.0
2,2026-02-17,11.0,2.4,12.6,33.1,0.0,0.0,0.0,0.0
2,2026-02-18,13.3,1.0,21.2,51.5,0.0,0.0,0.0,0.0
2,2026-02-19,10.6,0.1,10.9,25.6,0.0,0.0,0.0,0.0
2,2026-02-20,11.4,0.5,9.6,19.8,0.0,0.0,0.0,0.0
2,2026-02-21,13.7,0.2,14.6,36.4,0.0,0.0,0.0,0.0
2,2026-02-22,17.4,9.2,18.9,46.4,0.0,1.1,1.0,1.1
2,2026-02-23,20.7,8.8,15.3,32.8,0.0,5.1,6.0,5.1
2,2026-02-24,17.3,7.3,9.5,27.7,0.0,1.1,4.0,1.1
2,2026-02-25,15.7,13.1,19.7,42.5,0.0,25.2,23.0,25.2
2,2026-02-26,17.3,10.8,21.6,45.7,0.0,0.0,0.0,0.0
2,2026-02-27,15.4,10.6,12.0,30.2,0.0,12.2,22.0,12.2
2,2026-02-28,16.2,8.9,16.4,33.1,0.0,2.8,5.0,2.8
2,2026-03-01,17.0,5.3,11.6,26.6,0.0,0.0,0.0,0.0
2,2026-03-02,16.5,8.7,16.6,38.9,0.0,11.6,9.0,11.6
2,2026-03-03,14.6,11.0,32.2,69.5,0.0,47.1,24.0,47.1
2,2026-03-04,12.6,5.1,17.0,42.1,0.0,0.0,0.0,0.0
2,2026-03-05,13.5,3.7,10.0,29.5,0.0,0.0,0.0,0.0
2,2026-03-06,15.0,3.7,11.0,24.1,0.0,4.8,3.0,4.8
2,2026-03-07,13.0,5.9,16.9,39.2,0.0,0.0,0.0,0.0
2,2026-03-08,10.6,2.3,12.8,30.2,0.0,0.0,0.0,0.0
2,2026-03-09,12.0,0.8,16.7,40.7,0.0,0.0,0.0,0.0
2,2026-03-10,10.5,1.2,16.7,41.0,0.0,0.0,0.0,0.0
2,2026-03-11,11.1,-1.0,15.5,39.2,0.0,0.0,0.0,0.0
2,2026-03-12,11.3,0.2,12.2,29.5,0.0,0.0,0.0,0.0
2,2026-03-13,10.7,3.2,20.6,47.5,0.0,0.0,0.0,0.0
2,2026-03-14,15.8,5.4,18.0,41.0,0.0,0.0,0.0,0.0
2,2026-03-15,14.5,4.0,12.1,33.8,0.0,0.0,0.0,0.0
2,2026-03-16,14.1,4.4,14.1,36.4,0.0,0.0,0.0,0.0
2,2026-03-17,14.6,2.9,13.1,34.9,0.0,0.0,0.0,0.0
2,2026-03-18,15.0,3.9,10.1,27.4,0.0,4.4,10.0,4.4
2,2026-03-19,18.4,6.8,12.8,32.0,0.0,6.6,9.0,6.6
2,2026-03-20,16.5,3.9,11.2,30.6,0.0,0.0,0.0,0.0
2,2026-03-21,14.1,3.8,11.4,31.0,0.0,0.0,0.0,0.0
2,2026-03-22,15.6,1.9,10.3,27.4,0.0,1.7,3.0,1.7
2,2026-03-23,16.0,7.7,13.0,29.2,0.0,5.5,13.0,5.5
2,2026-03-24,16.6,4.6,14.8,38.5,0.0,0.0,0.0,0.0
2,2026-03-25,15.4,6.6,31.4,73.4,0.0,45.3,14.0,45.3
2,2026-03-26,17.2,8.8,31.9,69.1,0.0,9.9,10.0,9.9
2,2026-03-27,17.2,5.1,11.7,31.0,0.0,0.0,0.0,0.0
2,2026-03-28,18.3,5.7,11.4,32.4,0.0,0.4,1.0,0.4
2,2026-03-29,18.4,9.0,10.2,27.0,0.0,5.9,6.0,5.9
2,2026-03-30,19.2,11.2,14.8,31.7,0.0,4.7,9.0,4.7
2,2026-03-31,20.7,15.2,31.2,77.0,0.0,46.7,19.0,46.7
2,2026-04-01,16.4,10.9,26.8,51.5,0.0,32.4,15.0,32.4
2,2026-04-02,18.4,7.9,18.6,52.2,0.0,1.4,4.0,1.4
2,2026-04-03,17.3,4.6,13.4,33.5,0.0,0.0,0.0,0.0
2,2026-04-04,19.6,12.9,34.6,80.3,0.0,56.2,16.0,56.2
2,2026-04-05,21.2,14.7,17.7,39.6,0.0,0.0,0.0,0.0
2,2026-04-06,20.5,12.4,11.9,24.8,0.0,0.0,0.0,0.0
2,2026-04-07,18.2,6.3,15.4,36.7,0.0,6.1,12.0,6.1
2,2026-04-08,15.8,5.3,12.8,33.1,0.0,0.0,0.0,0.0
2,2026-04-09,17.5,5.2,6.7,21.6,0.0,2.9,4.0,2.9
2,2026-04-10,22.0,14.7,24.3,62.6,0.0,24.3,15.0,24.3
2,2026-04-11,23.2,13.7,15.6,33.8,0.0,0.0,0.0,0.0
2,2026-04-12,20.0,11.1,10.8,30.6,0.0,0.0,0.0,0.0
2,2026-04-13,20.3,12.4,6.4,16.9,0.0,0.0,0.0,0.0
2,2026-04-14,20.6,10.6,15.1,37.8,0.0,1.8,5.0,1.8
2,2026-04-15,16.7,15.4,21.4,46.1,0.0,28.9,24.0,28.9
2,2026-04-16,25.2,14.8,18.0,41.4,0.0,0.0,0.0,0.0
2,2026-04-17,16.4,13.0,17.8,41.4,0.0,6.6,16.0,6.6
2,2026-04-18,19.7,13.7,15.1,33.5,0.0,0.1,1.0,0.1
2,2026-04-19,20.7,13.1,11.1,30.2,0.0,0.0,0.0,0.0
2,2026-04-20,19.5,15.3,15.9,38.5,0.0,2.1,10.0,2.1
2,2026-04-21,21.9,8.5,12.3,27.0,0.0,0.3,3.0,0.3
2,2026-04-22,20.5,7.7,10.9,29.5,0.0,0.0,0.0,0.0
2,2026-04-23,16.2,14.1,28.5,65.2,0.0,41.0,18.0,41.0
2,2026-04-24,18.2,14.7,22.8,56.5,0.0,8.1,13.0,8.1
2,2026-04-25,16.7,13.5,19.1,44.6,0.0,9.1,17.0,9.1
2,2026-04-26,18.2,14.3,26.2,57.2,0.0,26.4,11.0,26.4
2,2026-04-27,22.5,12.4,25.1,60.8,0.0,54.2,12.0,54.2
2,2026-04-28,24.9,10.7,18.5,42.1,0.0,0.3,3.0,0.3
2,2026-04-29,21.8,15.3,13.2,37.1,0.0,0.9,3.0,0.9
2,2026-04-30,16.6,12.6,26.9,60.1,0.0,40.9,19.0,40.9
2,2026-05-01,22.6,14.0,29.2,65.9,0.0,21.8,13.0,21.8
2,2026-05-02,26.1,14.6,16.8,49.3,0.0,0.0,0.0,0.0
2,2026-05-03,22.5,13.1,29.6,64.8,0.0,7.4,10.0,7.4
2,2026-05-04,22.7,15.3,35.3,80.6,0.0,9.3,5.0,9.3
2,2026-05-05,20.1,10.5,15.3,37.8,0.0,0.0,0.0,0.0
2,2026-05-06,18.9,12.3,13.0,32.4,0.0,4.4,7.0,4.4
2,2026-05-07,22.2,16.1,10.3,28.4,0.0,0.1,1.0,0.1
2,2026-05-08,24.9,17.2,14.0,34.6,0.0,0.5,3.0,0.5
2,2026-05-09,20.6,11.9,14.4,34.6,0.0,0.0,0.0,0.0
2,2026-05-10,20.7,8.7,11.0,29.2,0.0,0.0,0.0,0.0
2,2026-05-11,21.4,10.3,11.8,30.6,0.0,1.5,5.0,1.5
2,2026-05-12,21.1,14.0,11.1,29.9,0.0,2.0,7.0,2.0
2,2026-05-13,21.7,13.2,9.7,25.2,0.0,1.6,8.0,1.6
2,2026-05-14,23.0,13.1,8.6,26.3,0.0,0.9,6.0,0.9
2,2026-05-15,22.0,14.9,14.4,34.2,0.0,1.0,4.0,1.0
2,2026-05-16,22.4,14.7,10.7,29.5,0.0,0.3,3.0,0.3
2,2026-05-17,24.7,12.4,9.8,25.6,0.0,0.0,0.0,0.0
2,2026-05-18,25.5,15.6,10.9,27.4,0.0,0.0,0.0,0.0
2,2026-05-19,24.3,16.2,14.3,34.6,0.0,0.0,0.0,0.0
2,2026-05-20,24.7,15.5,9.4,24.8,0.0,3.1,5.0,3.1
2,2026-05-21,26.9,21.4,19.6,47.5,0.0,13.2,19.0,13.2
2,2026-05-22,24.2,18.4,14.2,37.1,0.0,13.0,19.0,13.0
2,2026-05-23,18.3,17.2,20.2,46.4,0.0,58.6,24.0,58.6
2,2026-05-24,20.9,17.6,20.8,48.6,0.0,20.8,16.0,20.8
2,2026-05-25,23.3,17.8,15.8,37.4,0.0,0.0,0.0,0.0
2,2026-05-26,23.7,17.4,15.6,39.2,0.0,0.0,0.0,0.0
2,2026-05-27,21.4,19.4,12.5,33.1,0.0,15.8,18.0,15.8
2,2026-05-28,26.2,20.3,18.3,37.4,0.0,11.7,12.0,11.7
2,2026-05-29,27.7,15.3,7.5,19.1,0.0,0.8,3.0,0.8
2,2026-05-30,25.3,12.6,9.3,25.2,0.0,0.0,0.0,0.0
2,2026-05-31,24.7,17.9,11.1,21.6,0.0,0.0,0.0,0.0
2,2026-06-01,24.6,16.4,11.4,30.2,0.0,0.0,0.0,0.0
2,2026-06-02,21.0,20.0,40.2,87.8,0.0,88.0,23.0,88.0
2,2026-06-03,29.1,19.6,40.6,97.6,0.0,164.2,10.0,164.2
2,2026-06-04,24.2,18.5,19.4,47.5,0.0,7.7,9.0,7.7
2,2026-06-05,21.0,17.6,19.7,48.6,0.0,31.6,14.0,31.6
2,2026-06-06,22.0,17.2,12.2,31.3,0.0,1.3,7.0,1.3
2,2026-06-07,19.5,17.9,34.1,72.0,0.0,97.5,18.0,97.5
2,2026-06-08,25.5,18.7,27.1,57.6,0.0,7.7,15.0,7.7
2,2026-06-09,23.3,17.5,11.5,24.1,0.0,17.1,20.0,17.1
2,2026-06-10,24.6,17.5,12.1,32.0,0.0,0.6,4.0,0.6
2,2026-06-11,24.1,15.7,9.5,27.4,0.0,2.1,6.0,2.1
2,2026-06-12,25.8,15.2,10.5,28.1,0.0,3.2,6.0,3.2
2,2026-06-13,25.6,16.8,10.0,28.4,0.0,0.4,1.0,0.4
2,2026-06-14,23.3,18.6,15.1,30.6,0.0,6.5,15.0,6.5
2,2026-06-15,23.1,17.6,23.0,52.9,0.0,1.6,6.0,1.6
2,2026-06-16,24.1,15.5,9.9,27.4,0.0,4.1,7.0,4.1
2,2026-06-17,22.0,19.8,20.5,43.2,0.0,13.3,21.0,13.3
2,2026-06-18,26.9,20.3,20.4,44.6,0.0,12.0,9.0,12.0
2,2026-06-19,27.3,19.5,7.9,21.6,0.0,0.0,0.0,0.0
2,2026-06-20,24.8,22.4,13.2,33.8,0.0,29.2,22.0,29.2
2,2026-06-21,31.4,22.9,23.7,52.2,0.0,13.8,9.0,13.8
2,2026-06-22,28.0,21.0,14.1,28.1,0.0,2.7,5.0,2.7
2,2026-06-23,22.9,19.3,8.9,23.4,0.0,3.1,5.0,3.1
2,2026-06-24,22.1,19.2,15.1,32.0,0.0,29.3,16.0,29.3
2,2026-06-25,23.5,20.2,16.6,40.7,0.0,66.8,24.0,66.8
2,2026-06-26,26.9,20.4,22.2,67.7,0.0,60.7,23.0,60.7
2,2026-06-27,25.1,19.7,19.3,42.5,0.0,58.0,15.0,58.0
2,2026-06-28,24.5,22.0,11.6,23.4,0.0,7.8,13.0,7.8
2,2026-06-29,27.1,20.6,12.0,28.1,0.0,0.7,5.0,0.7
2,2026-06-30,27.1,21.5,8.8,24.5,0.0,0.0,0.0,0.0
2,2026-07-01,24.3,20.5,8.5,22.0,0.0,27.5,15.0,27.5
2,2026-07-02,31.5,21.3,20.4,53.6,0.0,14.6,14.0,14.6
2,2026-07-03,27.3,20.8,9.8,28.8,0.0,0.1,1.0,0.1
2,2026-07-04,24.7,21.9,11.3,26.6,0.0,36.2,16.0,36.2
2,2026-07-05,24.2,21.0,10.1,25.9,0.0,9.8,11.0,9.8
2,2026-07-06,24.7,21.8,20.6,48.2,0.0,20.6,22.0,20.6
2,2026-07-07,24.8,20.6,23.0,48.6,0.0,0.3,3.0,0.3
2,2026-07-08,26.4,20.9,10.1,27.4,0.0,0.2,2.0,0.2
2,2026-07-09,27.0,19.2,9.7,27.4,0.0,0.0,0.0,0.0
2,2026-07-10,27.2,20.5,10.6,28.4,0.0,0.7,5.0,0.7
2,2026-07-11,27.8,23.2,11.4,30.6,0.0,0.8,8.0,0.8
2,2026-07-12,30.8,21.3,9.0,23.4,0.0,0.0,0.0,0.0
2,2026-07-13,32.5,24.2,8.1,23.4,0.0,0.7,3.0,0.7
2,2026-07-14,32.4,23.3,8.8,23.8,0.0,0.0,0.0,0.0
2,2026-07-15,31.1,24.7,8.8,23.4,0.0,0.0,0.0,0.0
2,2026-07-16,32.2,25.6,12.0,32.8,0.0,0.4,3.0,0.4
2,2026-07-17,31.6,25.6,8.8,22.7,0.0,0.0,0.0,0.0
2,2026-07-18,29.8,25.7,12.6,32.4,0.0,5.2,17.0,5.2
2,2026-07-19,28.9,25.4,8.7,27.4,0.0,3.7,9.0,3.7
2,2026-07-20,31.8,25.8,11.3,30.2,0.0,4.3,11.0,4.3
2,2026-07-21,32.8,25.6,9.0,25.6,0.0,0.7,6.0,0.7
2,2026-07-22,32.9,25.5,8.8,25.2,0.0,0.6,5.0,0.6
2,2026-07-23,32.6,25.1,6.9,21.2,0.0,0.1,1.0,0.1
2,2026-07-24,32.3,25.6,8.1,23.4,0.0,0.4,3.0,0.4
2,2026-07-25,33.5,25.7,11.2,28.4,0.0,0.6,6.0,0.6
2,2026-07-26,32.0,25.8,11.4,29.9,0.0,0.5,4.0,0.5
2,2026-07-27,31.7,25.2,8.5,26.6,0.0,10.6,6.0,10.6
2,2026-07-28,33.4,24.3,15.8,38.2,0.0,5.4,11.0,5.4
2,2026-07-29,34.4,24.6,13.0,35.6,0.0,1.7,7.0,1.7
2,2026-07-30,33.7,24.7,12.9,33.1,0.0,0.0,0.0,0.0
2,2026-07-31,33.5,24.3,10.7,27.4,0.0,0.0,0.0,0.0
2,2026-08-01,32.6,24.2,10.3,26.6,0.0,0.1,1.0,0.1
2,2026-08-02,34.3,25.9,10.2,25.2,0.0,0.5,4.0,0.5
2,2026-08-03,29.9,25.1,15.5,40.0,0.0,13.0,17.0,13.0
2,2026-08-04,28.1,24.5,17.0,41.0,0.0,4.8,9.0,4.8
2,2026-08-05,28.7,24.3,22.3,53.3,0.0,3.1,10.0,3.1
2,2026-08-06,27.7,25.0,22.8,52.9,0.0,13.1,24.0,13.1
2,2026-08-07,28.7,24.9,16.1,41.0,0.0,24.2,20.0,24.2
2,2026-08-08,30.0,23.3,12.6,32.0,0.0,0.9,6.0,0.9
2,2026-08-09,29.6,22.6,9.8,28.1,0.0,0.0,0.0,0.0
2,2026-08-10,30.3,24.0,10.9,27.7,0.0,2.0,7.0,2.0
2,2026-08-11,30.0,20.8,11.3,30.2,0.0,0.2,2.0,0.2
2,2026-08-12,28.1,23.0,14.0,32.4,0.0,18.7,14.0,18.7
2,2026-08-13,27.2,22.6,12.3,31.3,0.0,34.6,20.0,34.6
2,2026-08-14,29.2,22.1,11.5,30.6,0.0,1.6,4.0,1.6
2,2026-08-15,28.0,23.3,16.4,40.7,0.0,9.7,17.0,9.7
2,2026-08-16,27.3,23.5,16.9,41.0,0.0,17.7,22.0,17.7
2,2026-08-17,27.4,23.1,16.1,40.0,0.0,13.0,24.0,13.0
2,2026-08-18,28.5,23.3,12.5,31.0,0.0,1.4,7.0,1.4
2,2026-08-19,28.8,21.4,9.8,26.6,0.0,2.2,7.0,2.2
2,2026-08-20,29.6,22.7,9.2,24.8,0.0,0.3,3.0,0.3
2,2026-08-21,29.0,23.7,9.9,27.0,0.0,4.9,11.0,4.9
2,2026-08-22,30.4,23.6,9.7,26.6,0.0,1.7,13.0,1.7
2,2026-08-23,30.5,24.3,9.0,23.8,0.0,2.9,9.0,2.9
2,2026-08-24,30.9,23.6,10.8,28.4,0.0,0.2,2.0,0.2
2,2026-08-25,31.1,25.0,15.1,38.5,0.0,0.2,2.0,0.2
2,2026-08-26,31.7,23.8,15.4,37.1,0.0,2.7,8.0,2.7
2,2026-08-27,31.8,24.9,18.3,41.0,0.0,3.3,7.0,3.3
2,2026-08-28,34.0,25.1,12.5,31.0,0.0,2.4,11.0,2.4
2,2026-08-29,33.2,26.2,17.8,43.2,0.0,0.0,0.0,0.0
2,2026-08-30,32.2,24.9,12.8,35.3,0.0,5.3,6.0,5.3
2,2026-08-31,31.0,25.2,13.9,28.8,0.0,1.5,8.0,1.5
2,2026-09-01,29.2,24.8,10.8,27.7,0.0,9.7,23.0,9.7
2,2026-09-02,29.1,24.6,11.7,30.6,0.0,2.2,10.0,2.2
2,2026-09-03,28.8,24.2,8.8,18.0,0.0,7.8,16.0,7.8
2,2026-09-04,24.2,21.2,17.7,36.7,0.0,99.7,18.0,99.7
2,2026-09-05,25.0,20.3,22.7,47.2,0.0,19.1,17.0,19.1
2,2026-09-06,23.4,21.1,38.3,83.5,0.0,115.4,24.0,115.4
2,2026-09-07,24.7,21.7,32.4,76.3,0.0,70.0,24.0,70.0
2,2026-09-08,26.6,23.7,13.1,32.8,0.0,49.3,24.0,49.3
2,2026-09-09,30.1,22.6,21.2,50.0,0.0,11.4,17.0,11.4
2,2026-09-10,25.6,21.8,14.6,34.9,0.0,13.8,13.0,13.8
2,2026-09-11,26.2,22.5,16.3,33.8,0.0,44.8,16.0,44.8
2,2026-09-12,28.6,23.0,11.8,30.6,0.0,0.0,0.0,0.0
2,2026-09-13,28.1,23.5,10.5,27.0,0.0,3.4,17.0,3.4
2,2026-09-14,28.3,23.6,11.4,29.9,0.0,10.0,22.0,10.0
2,2026-09-15,26.1,23.3,6.5,20.9,0.0,31.4,21.0,31.4
2,2026-09-16,24.0,22.4,10.1,21.6,0.0,38.3,20.0,38.3
2,2026-09-17,26.1,21.2,17.2,41.8,0.0,2.1,5.0,2.1
2,2026-09-18,26.2,22.0,19.4,46.8,0.0,0.7,4.0,0.7
2,2026-09-19,28.1,22.6,21.6,45.7,0.0,5.9,5.0,5.9
2,2026-09-20,28.5,23.1,27.4,62.6,0.0,27.4,10.0,27.4
2,2026-09-21,30.7,22.8,31.6,73.1,0.0,14.9,7.0,14.9
2,2026-09-22,30.1,22.4,13.2,30.6,0.0,0.0,0.0,0.0
2,2026-09-23,26.4,22.4,17.7,43.6,0.0,1.1,5.0,1.1
2,2026-09-24,26.7,21.4,12.1,31.3,0.0,2.0,5.0,2.0
2,2026-09-25,27.1,19.1,9.3,25.6,0.0,0.0,0.0,0.0
2,2026-09-26,27.1,19.8,9.0,25.6,0.0,20.5,15.0,20.5
2,2026-09-27,26.2,21.6,9.7,33.5,0.0,38.2,16.0,38.2
2,2026-09-28,26.9,22.3,13.7,39.2,0.0,13.7,17.0,13.7
2,2026-09-29,23.3,19.1,14.4,33.5,0.0,44.7,17.0,44.7
2,2026-09-30,24.6,18.8,20.3,47.9,0.0,7.9,7.0,7.9
3,2021-01-01,6.3,1.3,27.1,63.7,0.0,0.0,0.0,0.0
3,2021-01-02,9.0,2.2,29.0,67.3,0.0,0.0,0.0,0.0
3,2021-01-03,9.1,2.2,25.8,62.3,0.0,0.0,0.0,0.0
3,2021-01-04,9.8,3.8,20.4,47.2,0.0,0.0,0.0,0.0
3,2021-01-05,8.9,4.8,16.7,36.0,0.0,0.0,0.0,0.0
3,2021-01-06,9.2,4.7,26.2,61.6,0.0,0.0,0.0,0.0
3,2021-01-07,9.7,-0.9,40.6,94.0,0.0,0.0,0.0,0.0
3,2021-01-08,3.2,-2.0,26.9,64.1,0.0,0.0,0.0,0.0
3,2021-01-09,3.8,-1.1,27.9,65.5,0.0,0.0,0.0,0.0
3,2021-01-10,5.7,-0.5,24.4,58.0,0.0,0.0,0.0,0.0
3,2021-01-11,6.4,0.8,17.5,41.4,0.0,0.0,0.0,0.0
3,2021-01-12,5.9,2.8,20.4,45.0,0.0,4.8,13.0,4.8
3,2021-01-13,9.6,2.0,22.2,50.0,0.0,0.0,0.0,0.0
3,2021-01-14,11.4,2.1,22.1,48.2,0.0,0.0,0.0,0.0
3,2021-01-15,11.7,4.7,15.2,32.8,0.0,0.0,0.0,0.0
3,2021-01-16,13.3,2.9,23.5,56.9,0.0,0.5,3.0,0.5
3,2021-01-17,9.7,4.0,27.8,62.3,0.0,0.0,0.0,0.0
3,2021-01-18,7.6,1.7,24.2,56.2,0.0,0.0,0.0,0.0
3,2021-01-19,5.3,1.8,40.6,93.2,0.0,0.0,0.0,0.0
3,2021-01-20,8.4,1.9,33.0,73.8,0.0,0.0,0.0,0.0
3,2021-01-21,12.4,2.5,9.9,23.8,0.0,0.0,0.0,0.0
3,2021-01-22,9.7,5.3,11.0,27.0,0.0,1.5,9.0,1.5
3,2021-01-23,10.4,8.4,13.8,31.0,0.0,29.4,22.0,29.4
3,2021-01-24,9.6,7.4,25.1,55.8,0.0,19.0,22.0,19.0
3,2021-01-25,12.3,6.3,19.6,47.2,0.0,0.0,0.0,0.0
3,2021-01-26,14.7,6.7,23.3,55.8,0.0,3.5,9.0,3.5
3,2021-01-27,13.9,7.3,36.8,79.9,0.0,14.0,6.0,14.0
3,2021-01-28,10.5,6.1,20.7,47.2,0.0,4.4,9.0,4.4
3,2021-01-29,7.5,1.3,33.5,80.6,0.0,0.0,0.0,0.0
3,2021-01-30,6.7,1.1,30.3,69.8,0.0,0.0,0.0,0.0
3,2021-01-31,9.4,3.5,25.6,60.8,0.0,0.0,0.0,0.0
3,2021-02-01,14.2,2.8,26.6,61.2,0.0,0.0,0.0,0.0
3,2021-02-02,14.4,4.6,31.6,72.7,0.0,9.7,11.0,9.7
3,2021-02-03,7.0,2.7,25.5,60.5,0.0,0.0,0.0,0.0
3,2021-02-04,9.9,1.7,27.9,67.0,0.0,0.0,0.0,0.0
3,2021-02-05,10.6,2.8,17.1,39.2,0.0,0.0,0.0,0.0
3,2021-02-06,13.1,6.2,11.6,29.9,0.0,0.0,0.0,0.0
3,2021-02-07,15.0,6.3,25.5,59.0,0.0,0.1,1.0,0.1
3,2021-02-08,9.7,3.4,31.3,72.4,0.0,0.0,0.0,0.0
3,2021-02-09,6.5,1.4,29.4,68.4,0.0,0.0,0.0,0.0
3,2021-02-10,10.8,2.5,21.5,52.2,0.0,0.0,0.0,0.0
3,2021-02-11,11.5,5.2,27.1,66.6,0.0,0.0,0.0,0.0
3,2021-02-12,12.8,5.7,12.4,30.2,0.0,0.0,0.0,0.0
3,2021-02-13,16.1,10.6,14.9,36.4,0.0,0.4,3.0,0.4
3,2021-02-14,17.2,7.4,15.7,34.9,0.0,0.1,1.0,0.1
3,2021-02-15,15.7,11.1,38.8,99.4,0.0,101.3,13.0,101.3
3,2021-02-16,10.5,4.2,35.6,82.1,0.0,0.0,0.0,0.0
3,2021-02-17,5.8,0.3,40.9,94.3,0.0,0.0,0.0,0.0
3,2021-02-18,5.4,-1.4,29.8,70.2,0.07,0.0,1.0,0.1
3,2021-02-19,9.4,1.4,27.0,63.4,0.0,0.0,0.0,0.0
3,2021-02-20,14.8,2.6,14.6,33.8,0.0,0.0,0.0,0.0
3,2021-02-21,19.5,7.9,15.1,33.8,0.0,0.0,0.0,0.0
3,2021-02-22,19.1,7.3,14.8,32.4,0.0,0.0,0.0,0.0
3,2021-02-23,13.1,5.1,35.8,83.2,0.0,0.0,0.0,0.0
3,2021-02-24,8.2,3.3,32.1,73.8,0.0,0.0,0.0,0.0
3,2021-02-25,10.5,2.1,25.8,63.0,0.0,0.0,0.0,0.0
3,2021-02-26,8.3,6.4,24.2,54.7,0.0,5.3,11.0,5.3
3,2021-02-27,10.1,3.9,32.0,75.6,0.0,0.0,0.0,0.0
3,2021-02-28,12.3,8.3,20.2,47.5,0.0,0.0,0.0,0.0
3,2021-03-01,16.7,10.8,18.5,43.2,0.0,1.8,13.0,1.8
3,2021-03-02,16.8,5.6,47.1,106.6,0.0,23.5,16.0,23.5
3,2021-03-03,10.3,3.7,42.1,101.5,0.0,0.0,0.0,0.0
3,2021-03-04,13.2,7.1,20.0,49.0,0.0,1.9,13.0,1.9
3,2021-03-05,15.6,10.7,23.8,53.3,0.0,16.1,23.0,16.1
3,2021-03-06,16.7,6.9,36.9,81.7,0.0,1.1,7.0,1.1
3,2021-03-07,9.3,4.6,31.2,74.5,0.0,3.1,10.0,3.1
3,2021-03-08,11.2,5.4,20.4,44.3,0.0,15.7,15.0,15.7
3,2021-03-09,12.1,4.2,13.0,31.7,0.0,0.2,1.0,0.2
3,2021-03-10,14.0,5.8,35.1,81.0,0.0,0.5,2.0,0.5
3,2021-03-11,14.0,4.6,22.7,50.0,0.0,0.0,0.0,0.0
3,2021-03-12,12.7,8.0,33.8,75.6,0.0,46.6,15.0,46.6
3,2021-03-13,14.8,8.9,43.1,95.0,0.0,54.8,13.0,54.8
3,2021-03-14,13.0,6.8,34.2,79.9,0.0,0.0,0.0,0.0
3,2021-03-15,15.1,7.4,27.8,65.5,0.0,0.0,0.0,0.0
3,2021-03-16,19.4,6.2,13.4,31.0,0.0,0.4,3.0,0.4
3,2021-03-17,14.6,7.0,31.9,74.9,0.0,0.0,0.0,0.0
3,2021-03-18,16.2,5.3,22.9,55.8,0.0,0.0,0.0,0.0
3,2021-03-19,18.2,6.6,14.5,36.0,0.0,0.0,0.0,0.0
3,2021-03-20,17.4,8.4,24.6,57.2,0.0,4.5,11.0,4.5
3,2021-03-21,18.7,10.7,34.4,81.0,0.0,47.8,23.0,47.8
3,2021-03-22,12.8,7.5,32.0,76.3,0.0,0.0,0.0,0.0
3,2021-03-23,13.6,5.6,23.2,53.6,0.0,0.0,0.0,0.0
3,2021-03-24,16.9,6.1,15.1,35.3,0.0,0.0,0.0,0.0
3,2021-03-25,13.5,10.6,18.1,40.7,0.0,5.4,8.0,5.4
3,2021-03-26,17.8,9.4,35.8,83.9,0.0,0.0,0.0,0.0
3,2021-03-27,18.0,7.5,19.4,50.4,0.0,0.1,1.0,0.1
3,2021-03-28,18.0,15.1,37.9,90.7,0.0,46.5,16.0,46.5
3,2021-03-29,21.3,13.0,25.9,79.9,0.0,0.0,0.0,0.0
3,2021-03-30,20.5,11.4,18.9,43.2,0.0,0.4,1.0,0.4
3,2021-03-31,19.9,10.2,24.0,54.0,0.0,0.0,0.0,0.0
3,2021-04-01,18.3,9.7,13.0,32.4,0.0,0.0,0.0,0.0
3,2021-04-02,18.0,14.4,25.1,60.5,0.0,0.9,6.0,0.9
3,2021-04-03,18.4,14.3,20.9,52.2,0.0,1.2,5.0,1.2
3,2021-04-04,17.6,14.7,17.9,45.7,0.0,18.0,18.0,18.0
3,2021-04-05,15.0,10.5,38.2,88.9,0.0,8.4,3.0,8.4
3,2021-04-06,14.8,9.8,21.0,51.5,0.0,4.7,7.0,4.7
3,2021-04-07,17.7,10.8,23.2,52.6,0.0,2.1,6.0,2.1
3,2021-04-08,18.4,9.5,20.3,47.9,0.0,0.0,0.0,0.0
3,2021-04-09,14.7,7.2,32.1,77.4,0.0,0.0,0.0,0.0
3,2021-04-10,14.7,6.4,30.6,68.0,0.0,0.0,0.0,0.0
3,2021-04-11,16.3,8.5,15.3,38.9,0.0,0.4,2.0,0.4
3,2021-04-12,17.4,10.8,25.3,60.1,0.0,0.6,4.0,0.6
3,2021-04-13,17.3,14.2,27.8,63.0,0.0,18.2,22.0,18.2
3,2021-04-14,19.4,8.9,37.9,86.4,0.0,2.0,7.0,2.0
3,2021-04-15,14.2,8.2,36.2,83.5,0.0,0.0,0.0,0.0
3,2021-04-16,16.8,12.9,26.5,63.0,0.0,3.3,9.0,3.3
3,2021-04-17,16.5,12.6,26.6,64.1,0.0,56.5,21.0,56.5
3,2021-04-18,14.9,9.8,32.6,81.0,0.0,1.1,4.0,1.1
3,2021-04-19,17.6,9.2,27.4,67.0,0.0,0.0,0.0,0.0
3,2021-04-20,21.5,10.5,15.1,37.8,0.0,0.0,0.0,0.0
3,2021-04-21,22.8,12.8,21.8,49.3,0.0,0.0,0.0,0.0
3,2021-04-22,23.2,12.5,16.2,38.2,0.0,0.0,0.0,0.0
3,2021-04-23,18.1,13.9,22.3,51.5,0.0,0.0,0.0,0.0
3,2021-04-24,18.9,12.3,13.6,36.0,0.0,0.0,0.0,0.0
3,2021-04-25,20.1,10.4,33.7,74.9,0.0,0.0,0.0,0.0
3,2021-04-26,17.1,9.0,31.1,69.5,0.0,0.0,0.0,0.0
3,2021-04-27,19.3,9.2,20.7,50.0,0.0,0.0,0.0,0.0
3,2021-04-28,20.8,14.6,21.5,51.1,0.0,8.0,10.0,8.0
3,2021-04-29,17.0,13.9,28.6,65.5,0.0,36.3,22.0,36.3
3,2021-04-30,21.0,12.2,23.5,58.0,0.0,0.0,0.0,0.0
3,2021-05-01,20.5,13.3,30.5,74.2,0.0,0.5,4.0,0.5
3,2021-05-02,17.3,11.0,32.4,77.0,0.0,0.1,1.0,0.1
3,2021-05-03,19.0,10.5,33.9,77.4,0.0,0.1,1.0,0.1
3,2021-05-04,20.4,11.1,16.8,40.0,0.0,0.0,0.0,0.0
3,2021-05-05,18.3,16.9,29.5,66.2,0.0,33.5,17.0,33.5
3,2021-05-06,24.2,14.1,22.2,54.0,0.0,1.3,4.0,1.3
3,2021-05-07,19.5,12.6,14.9,31.3,0.0,5.8,8.0,5.8
3,2021-05-08,21.7,11.3,24.7,60.5,0.0,0.0,0.0,0.0
3,2021-05-09,25.2,15.0,23.7,55.1,0.0,0.0,0.0,0.0
3,2021-05-10,21.9,13.6,22.2,50.4,0.0,0.0,0.0,0.0
3,2021-05-11,20.4,14.4,15.0,34.6,0.0,0.0,0.0,0.0
3,2021-05-12,18.2,15.8,27.2,65.2,0.0,10.6,12.0,10.6
3,2021-05-13,21.3,14.9,28.0,65.5,0.0,19.0,10.0,19.0
3,2021-05-14,27.1,17.2,20.6,47.9,0.0,0.0,0.0,0.0
3,2021-05-15,22.3,17.5,20.9,50.8,0.0,0.9,7.0,0.9
3,2021-05-16,19.8,18.2,19.5,43.9,0.0,9.9,19.0,9.9
3,2021-05-17,24.1,20.3,28.6,64.8,0.0,7.9,11.0,7.9
3,2021-05-18,25.2,18.9,14.3,31.0,0.0,12.8,7.0,12.8
3,2021-05-19,21.3,18.8,10.0,24.1,0.0,24.9,13.0,24.9
3,2021-05-20,21.9,18.4,31.0,70.6,0.0,42.3,15.0,42.3
3,2021-05-21,23.8,17.3,34.5,90.0,0.0,32.2,21.0,32.2
3,2021-05-22,23.0,16.9,18.8,46.4,0.0,6.8,12.0,6.8
3,2021-05-23,24.9,16.5,20.4,49.3,0.0,0.0,0.0,0.0
3,2021-05-24,24.4,16.4,19.7,48.2,0.0,5.0,7.0,5.0
3,2021-05-25,25.2,16.3,25.2,55.8,0.0,0.0,0.0,0.0
3,2021-05-26,21.6,16.0,19.5,45.0,0.0,0.0,0.0,0.0
3,2021-05-27,18.9,15.6,26.4,64.1,0.0,46.6,16.0,46.6
3,2021-05-28,23.0,17.4,19.2,45.4,0.0,0.0,0.0,0.0
3,2021-05-29,25.3,18.0,18.4,42.8,0.0,1.1,5.0,1.1
3,2021-05-30,24.3,16.4,16.5,42.1,0.0,0.0,0.0,0.0
3,2021-05-31,23.0,16.0,16.8,41.8,0.0,0.0,0.0,0.0
3,2021-06-01,23.1,16.8,18.0,44.6,0.0,0.1,1.0,0.1
3,2021-06-02,22.7,19.1,14.9,37.4,0.0,1.6,9.0,1.6
3,2021-06-03,23.2,19.1,27.7,63.4,0.0,3.3,10.0,3.3
3,2021-06-04,23.1,18.6,30.5,72.4,0.0,22.9,20.0,22.9
3,2021-06-05,23.6,17.4,17.2,38.9,0.0,2.2,5.0,2.2
3,2021-06-06,22.2,18.5,11.3,31.3,0.0,17.7,12.0,17.7
3,2021-06-07,28.5,19.5,16.0,37.1,0.0,0.4,2.0,0.4
3,2021-06-08,29.6,19.5,15.4,33.8,0.0,0.0,0.0,0.0
3,2021-06-09,26.8,19.5,12.2,32.4,0.0,0.0,0.0,0.0
3,2021-06-10,25.9,19.8,15.5,39.6,0.0,0.0,0.0,0.0
3,2021-06-11,25.4,20.8,19.2,47.2,0.0,0.0,0.0,0.0
3,2021-06-12,25.7,20.9,16.0,42.5,0.0,0.0,0.0,0.0
3,2021-06-13,25.8,20.9,14.7,36.7,0.0,0.0,0.0,0.0
3,2021-06-14,25.1,20.7,11.6,34.6,0.0,1.6,9.0,1.6
3,2021-06-15,26.8,19.9,14.4,37.1,0.0,1.6,3.0,1.6
3,2021-06-16,21.8,19.8,18.7,42.1,0.0,39.5,24.0,39.5
3,2021-06-17,26.1,18.8,21.4,50.0,0.0,6.6,6.0,6.6
3,2021-06-18,24.5,20.8,18.0,43.2,0.0,0.3,3.0,0.3
3,2021-06-19,21.8,19.9,29.2,63.0,0.0,44.0,24.0,44.0
3,2021-06-20,26.7,20.0,25.8,60.8,0.0,0.4,2.0,0.4
3,2021-06-21,26.3,19.9,17.6,39.6,0.0,0.0,0.0,0.0
3,2021-06-22,25.7,19.1,10.9,29.9,0.0,0.0,0.0,0.0
3,2021-06-23,25.5,20.8,10.3,28.8,0.0,0.5,4.0,0.5
3,2021-06-24,25.6,19.7,13.7,33.5,0.0,0.9,8.0,0.9
3,2021-06-25,25.7,20.3,14.9,37.8,0.0,1.3,10.0,1.3
3,2021-06-26,25.6,20.6,10.1,25.9,0.0,0.9,6.0,0.9
3,2021-06-27,23.8,20.7,14.5,35.3,0.0,4.5,13.0,4.5
3,2021-06-28,26.0,19.7,18.0,41.0,0.0,3.8,9.0,3.8
3,2021-06-29,28.7,21.1,19.5,45.7,0.0,6.9,11.0,6.9
3,2021-06-30,25.5,21.8,24.3,54.4,0.0,14.5,16.0,14.5
3,2021-07-01,23.6,20.3,42.8,93.6,0.0,90.9,24.0,90.9
3,2021-07-02,25.6,23.2,37.7,91.8,0.0,90.2,23.0,90.2
3,2021-07-03,31.1,23.1,25.6,60.5,0.0,54.2,17.0,54.2
3,2021-07-04,29.2,24.6,19.0,42.5,0.0,1.2,9.0,1.2
3,2021-07-05,31.7,25.1,19.8,46.8,0.0,0.5,3.0,0.5
3,2021-07-06,28.9,24.8,10.9,44.3,0.0,0.1,1.0,0.1
3,2021-07-07,26.9,23.7,17.1,40.0,0.0,13.7,16.0,13.7
3,2021-07-08,27.0,23.7,9.3,38.5,0.0,34.2,18.0,34.2
3,2021-07-09,29.8,24.1,15.9,37.1,0.0,3.1,7.0,3.1
3,2021-07-10,30.3,24.0,9.4,29.2,0.0,2.5,9.0,2.5
3,2021-07-11,30.2,24.7,9.7,33.1,0.0,1.9,2.0,1.9
3,2021-07-12,29.6,24.3,9.4,24.8,0.0,15.0,8.0,15.0
3,2021-07-13,30.5,23.6,11.8,35.3,0.0,0.7,4.0,0.7
3,2021-07-14,27.0,23.1,13.5,33.8,0.0,15.0,15.0,15.0
3,2021-07-15,27.3,22.0,14.8,36.4,0.0,9.3,17.0,9.3
3,2021-07-16,27.8,23.3,25.2,60.1,0.0,4.3,16.0,4.3
3,2021-07-17,28.0,24.2,21.7,51.8,0.0,1.6,6.0,1.6
3,2021-07-18,28.3,24.5,18.7,46.1,0.0,5.1,18.0,5.1
3,2021-07-19,30.5,24.2,13.2,33.1,0.0,0.0,0.0,0.0
3,2021-07-20,29.8,24.3,13.2,34.9,0.0,0.0,0.0,0.0
3,2021-07-21,29.2,23.2,11.9,32.4,0.0,0.0,0.0,0.0
3,2021-07-22,29.6,23.9,12.3,32.4,0.0,0.0,0.0,0.0
3,2021-07-23,29.9,24.2,14.3,36.4,0.0,0.0,0.0,0.0
3,2021-07-24,29.9,24.8,12.7,33.5,0.0,0.1,1.0,0.1
3,2021-07-25,29.8,25.1,12.9,33.8,0.0,0.1,1.0,0.1
3,2021-07-26,32.0,24.2,18.8,43.6,0.0,0.0,0.0,0.0
3,2021-07-27,32.8,25.6,24.4,60.1,0.0,0.0,0.0,0.0
3,2021-07-28,32.2,25.6,14.7,36.0,0.0,0.0,0.0,0.0
3,2021-07-29,31.3,25.2,14.8,36.7,0.0,1.2,5.0,1.2
3,2021-07-30,31.3,25.1,12.3,31.3,0.0,0.7,4.0,0.7
3,2021-07-31,30.7,25.7,12.0,32.0,0.0,1.7,8.0,1.7
3,2021-08-01,30.7,24.9,15.9,38.9,0.0,2.5,5.0,2.5
3,2021-08-02,30.0,25.4,23.7,50.8,0.0,5.2,10.0,5.2
3,2021-08-03,28.9,25.4,24.4,57.6,0.0,15.3,18.0,15.3
3,2021-08-04,30.8,25.2,13.5,35.3,0.0,1.2,7.0,1.2
3,2021-08-05,30.7,24.2,14.1,36.7,0.0,0.0,0.0,0.0
3,2021-08-06,29.5,25.0,23.4,56.9,0.0,12.0,21.0,12.0
3,2021-08-07,29.3,25.0,26.1,61.2,0.0,6.9,24.0,6.9
3,2021-08-08,35.5,25.8,27.5,67.7,0.0,0.1,1.0,0.1
3,2021-08-09,29.6,26.3,54.7,123.8,0.0,7.1,12.0,7.1
3,2021-08-10,31.9,25.3,25.8,60.8,0.0,0.0,0.0,0.0
3,2021-08-11,30.5,24.0,16.9,40.3,0.0,1.3,6.0,1.3
3,2021-08-12,26.8,23.8,11.3,42.1,0.0,47.5,22.0,47.5
3,2021-08-13,25.9,23.7,35.8,86.4,0.0,34.1,21.0,34.1
3,2021-08-14,27.9,24.7,30.8,72.7,0.0,22.0,22.0,22.0
3,2021-08-15,27.1,22.0,27.0,62.3,0.0,18.0,14.0,18.0
3,2021-08-16,25.0,23.1,20.2,44.6,0.0,16.3,22.0,16.3
3,2021-08-17,27.9,23.5,25.6,59.4,0.0,9.4,24.0,9.4
3,2021-08-18,28.8,23.8,30.3,71.3,0.0,6.9,16.0,6.9
3,2021-08-19,27.3,23.3,22.0,55.4,0.0,11.3,11.0,11.3
3,2021-08-20,28.0,23.9,17.4,41.8,0.0,10.3,16.0,10.3
3,2021-08-21,27.3,23.7,15.1,35.6,0.0,9.6,15.0,9.6
3,2021-08-22,29.8,25.1,22.2,51.8,0.0,0.4,3.0,0.4
3,2021-08-23,30.4,25.3,10.2,33.5,0.0,5.5,8.0,5.5
3,2021-08-24,29.3,25.6,25.0,57.2,0.0,0.5,2.0,0.5
3,2021-08-25,31.6,26.1,18.7,43.2,0.0,0.0,0.0,0.0
3,2021-08-26,32.3,26.0,15.6,35.3,0.0,0.0,0.0,0.0
3,2021-08-27,32.7,26.3,19.8,45.7,0.0,0.0,0.0,0.0
3,2021-08-28,32.4,25.8,17.7,43.6,0.0,0.0,0.0,0.0
3,2021-08-29,32.5,25.8,18.9,44.6,0.0,0.0,0.0,0.0
3,2021-08-30,32.1,26.2,12.4,29.9,0.0,0.0,0.0,0.0
3,2021-08-31,32.4,25.9,17.9,41.8,0.0,0.0,0.0,0.0
3,2021-09-01,30.4,24.8,11.8,29.5,0.0,0.6,5.0,0.6
3,2021-09-02,27.3,23.1,14.0,37.8,0.0,16.4,17.0,16.4
3,2021-09-03,25.5,22.8,19.5,43.2,0.0,27.3,20.0,27.3
3,2021-09-04,26.9,23.8,23.2,53.6,0.0,34.7,17.0,34.7
3,2021-09-05,26.0,22.6,12.0,32.0,0.0,7.3,19.0,7.3
3,2021-09-06,26.4,21.4,18.1,42.1,0.0,22.9,15.0,22.9
3,2021-09-07,24.9,21.3,21.3,50.8,0.0,8.1,6.0,8.1
3,2021-09-08,25.8,22.4,22.6,54.0,0.0,13.8,10.0,13.8
3,2021-09-09,28.6,23.0,20.8,47.9,0.0,32.6,10.0,32.6
3,2021-09-10,28.1,21.7,12.2,27.7,0.0,0.0,0.0,0.0
3,2021-09-11,26.7,23.0,10.4,32.0,0.0,2.0,7.0,2.0
3,2021-09-12,24.4,22.8,7.7,21.2,0.0,16.1,19.0,16.1
3,2021-09-13,27.6,21.9,18.7,41.0,0.0,0.0,0.0,0.0
3,2021-09-14,22.8,20.6,13.1,29.9,0.0,27.2,15.0,27.2
3,2021-09-15,26.2,20.2,10.5,25.6,0.0,10.2,9.0,10.2
3,2021-09-16,25.5,21.7,20.6,48.2,0.0,4.6,9.0,4.6
3,2021-09-17,24.1,22.4,25.6,56.9,0.0,23.7,21.0,23.7
3,2021-09-18,27.8,23.2,30.7,72.4,0.0,16.0,13.0,16.0
3,2021-09-19,27.9,22.2,27.1,59.8,0.0,0.2,1.0,0.2
3,2021-09-20,26.9,22.9,17.7,39.6,0.0,0.0,0.0,0.0
3,2021-09-21,24.0,21.9,22.1,51.8,0.0,14.0,14.0,14.0
3,2021-09-22,28.1,23.4,20.1,44.6,0.0,18.3,23.0,18.3
3,2021-09-23,29.0,20.4,14.2,32.4,0.0,3.5,3.0,3.5
3,2021-09-24,26.8,21.4,18.9,42.5,0.0,0.0,0.0,0.0
3,2021-09-25,25.1,21.2,25.6,57.6,0.0,5.0,17.0,5.0
3,2021-09-26,22.7,18.7,28.4,69.1,0.0,49.8,22.0,49.8
3,2021-09-27,24.6,20.5,17.8,43.9,0.0,0.0,0.0,0.0
3,2021-09-28,25.2,21.1,17.6,40.7,0.0,0.0,0.0,0.0
3,2021-09-29,25.5,22.6,23.3,54.0,0.0,2.6,13.0,2.6
3,2021-09-30,25.1,22.8,20.2,49.3,0.0,8.4,13.0,8.4
3,2021-10-01,25.4,20.8,41.3,94.3,0.0,8.7,5.0,8.7
3,2021-10-02,26.9,20.5,37.2,83.5,0.0,0.0,0.0,0.0
3,2021-10-03,25.5,19.5,18.1,41.4,0.0,0.2,1.0,0.2
3,2021-10-04,27.1,22.0,13.5,33.5,0.0,1.0,4.0,1.0
3,2021-10-05,26.7,19.7,12.8,28.8,0.0,0.0,0.0,0.0
3,2021-10-06,27.2,20.7,28.3,66.6,0.0,0.0,0.0,0.0
3,2021-10-07,25.2,21.5,21.9,51.1,0.0,6.8,16.0,6.8
3,2021-10-08,26.2,21.1,10.8,25.6,0.0,1.2,9.0,1.2
3,2021-10-09,26.0,21.2,20.1,48.6,0.0,2.7,12.0,2.7
3,2021-10-10,24.8,21.9,23.2,54.7,0.0,5.2,17.0,5.2
3,2021-10-11,26.1,22.0,11.3,26.3,0.0,0.4,4.0,0.4
3,2021-10-12,26.4,22.2,10.4,28.8,0.0,1.8,7.0,1.8
3,2021-10-13,25.0,21.1,15.8,36.7,0.0,56.4,23.0,56.4
3,2021-10-14,24.2,20.1,10.1,24.5,0.0,4.2,8.0,4.2
3,2021-10-15,24.2,19.3,10.5,27.0,0.0,0.0,0.0,0.0
3,2021-10-16,25.4,18.9,16.2,31.3,0.0,0.3,3.0,0.3
3,2021-10-17,20.8,14.9,35.9,76.7,0.0,2.9,8.0,2.9
3,2021-10-18,17.8,13.4,22.0,47.5,0.0,0.1,1.0,0.1
3,2021-10-19,19.1,14.2,18.9,40.0,0.0,16.2,11.0,16.2
3,2021-10-20,17.1,13.3,39.8,87.5,0.0,0.2,2.0,0.2
3,2021-10-21,16.8,12.8,26.2,57.2,0.0,0.0,0.0,0.0
3,2021-10-22,16.7,13.0,19.4,40.0,0.0,0.4,3.0,0.4
3,2021-10-23,17.6,13.6,35.1,78.1,0.0,0.0,0.0,0.0
3,2021-10-24,18.1,12.5,20.5,47.2,0.0,0.7,3.0,0.7
3,2021-10-25,16.0,14.0,25.5,55.4,0.0,91.0,24.0,91.0
3,2021-10-26,20.8,13.8,30.1,65.5,0.0,5.5,4.0,5.5
3,2021-10-27,20.6,14.7,15.3,32.0,0.0,0.0,0.0,0.0
3,2021-10-28,21.0,15.0,29.6,64.4,0.0,0.0,0.0,0.0
3,2021-10-29,19.0,13.1,28.2,61.9,0.0,0.0,0.0,0.0
3,2021-10-30,18.9,12.7,13.6,28.8,0.0,0.0,0.0,0.0
3,2021-10-31,19.0,14.9,12.0,29.5,0.0,1.5,5.0,1.5
3,2021-11-01,20.1,14.6,11.0,26.3,0.0,0.0,0.0,0.0
3,2021-11-02,20.7,15.3,20.9,46.8,0.0,0.0,0.0,0.0
3,2021-11-03,20.1,13.9,22.0,47.2,0.0,0.0,0.0,0.0
3,2021-11-04,19.2,13.1,20.7,43.9,0.0,0.0,0.0,0.0
3,2021-11-05,18.9,13.5,21.2,44.3,0.0,0.0,0.0,0.0
3,2021-11-06,17.5,13.0,17.1,33.8,0.0,4.7,12.0,4.7
3,2021-11-07,18.8,13.7,25.2,54.0,0.0,3.2,7.0,3.2
3,2021-11-08,20.9,17.8,39.1,84.6,0.0,1.3,8.0,1.3
3,2021-11-09,19.4,13.5,32.3,70.6,0.0,37.1,8.0,37.1
3,2021-11-10,17.2,11.8,21.1,47.9,0.0,0.0,0.0,0.0
3,2021-11-11,17.4,11.3,20.9,43.6,0.0,0.1,1.0,0.1
3,2021-11-12,15.7,10.4,20.5,47.2,0.0,0.0,0.0,0.0
3,2021-11-13,16.1,9.4,22.3,47.2,0.0,0.0,0.0,0.0
3,2021-11-14,16.7,11.3,11.5,23.4,0.0,0.1,1.0,0.1
3,2021-11-15,18.3,11.8,20.4,43.9,0.0,0.0,0.0,0.0
3,2021-11-16,18.1,12.3,19.6,41.0,0.0,0.0,0.0,0.0
3,2021-11-17,17.3,12.2,16.8,39.2,0.0,0.0,0.0,0.0
3,2021-11-18,16.3,11.4,9.0,23.8,0.0,0.0,0.0,0.0
3,2021-11-19,16.9,12.1,17.6,36.4,0.0,0.0,0.0,0.0
3,2021-11-20,17.6,12.4,18.0,37.4,0.0,0.0,0.0,0.0
3,2021-11-21,17.7,11.4,15.6,34.2,0.0,1.9,6.0,1.9
3,2021-11-22,18.6,12.7,33.6,76.7,0.0,20.3,13.0,20.3
3,2021-11-23,12.7,8.6,32.7,70.9,0.0,0.0,0.0,0.0
3,2021-11-24,12.9,8.1,31.5,70.9,0.0,0.0,0.0,0.0
3,2021-11-25,16.2,9.6,23.9,53.6,0.0,0.0,0.0,0.0
3,2021-11-26,16.5,10.1,20.8,47.2,0.0,0.0,0.0,0.0
3,2021-11-27,10.4,7.1,28.7,67.3,0.0,0.2,2.0,0.2
3,2021-11-28,12.7,7.3,28.5,61.6,0.0,0.0,0.0,0.0
3,2021-11-29,12.3,5.9,9.1,22.0,0.0,0.0,0.0,0.0
3,2021-11-30,18.9,7.3,28.0,65.5,0.0,3.5,5.0,3.5
3,2021-12-01,16.7,6.7,42.7,95.8,0.0,40.6,6.0,40.6
3,2021-12-02,10.8,5.3,27.1,60.1,0.0,0.0,0.0,0.0
3,2021-12-03,13.3,6.1,16.0,33.8,0.0,0.0,0.0,0.0
3,2021-12-04,12.2,7.5,30.3,63.7,0.0,0.0,0.0,0.0
3,2021-12-05,10.9,6.2,27.0,58.3,0.0,0.3,1.0,0.3
3,2021-12-06,12.9,9.1,13.7,31.0,0.0,55.8,23.0,55.8
3,2021-12-07,13.2,10.7,20.3,43.6,0.0,49.3,24.0,49.3
3,2021-12-08,13.3,10.4,37.0,80.3,0.0,4.1,6.0,4.1
3,2021-12-09,14.2,9.1,27.5,61.6,0.0,0.0,0.0,0.0
3,2021-12-10,14.5,8.5,11.9,28.4,0.0,0.3,2.0,0.3
3,2021-12-11,16.0,8.9,12.8,31.0,0.0,0.0,0.0,0.0
3,2021-12-12,15.9,8.3,21.8,45.4,0.0,0.0,0.0,0.0
3,2021-12-13,11.3,7.0,33.5,75.6,0.0,0.0,0.0,0.0
3,2021-12-14,10.8,5.4,24.0,51.1,0.0,0.0,0.0,0.0
3,2021-12-15,13.2,6.8,22.8,51.1,0.0,0.0,0.0,0.0
3,2021-12-16,13.7,6.1,13.2,25.2,0.0,1.3,3.0,1.3
3,2021-12-17,13.8,4.4,43.7,95.0,0.0,28.1,9.0,28.1
3,2021-12-18,6.2,1.6,37.0,82.8,0.14,0.4,4.0,0.6
3,2021-12-19,9.4,3.2,26.7,58.0,0.0,0.0,0.0,0.0
3,2021-12-20,11.0,4.6,18.1,41.8,0.0,0.0,0.0,0.0
3,2021-12-21,13.8,3.8,16.7,36.7,0.0,0.0,0.0,0.0
3,2021-12-22,12.8,6.8,24.2,54.7,0.0,0.0,0.0,0.0
3,2021-12-23,11.1,5.2,21.0,45.4,0.0,0.0,0.0,0.0
3,2021-12-24,12.5,5.0,9.4,23.4,0.0,5.0,6.0,5.0
3,2021-12-25,12.9,4.2,29.3,73.8,0.0,5.5,7.0,5.5
3,2021-12-26,4.7,1.1,34.9,77.8,0.63,0.4,7.0,1.3
3,2021-12-27,5.8,-0.1,26.5,60.8,0.0,0.0,0.0,0.0
3,2021-12-28,6.4,3.2,24.1,55.8,0.0,0.1,1.0,0.1
3,2021-12-29,9.2,1.6,8.0,20.5,0.0,0.0,0.0,0.0
3,2021-12-30,10.5,4.1,37.2,81.7,0.0,0.0,0.0,0.0
3,2021-12-31,5.7,1.7,35.3,78.8,0.42,0.4,5.0,1.0
3,2022-01-01,5.0,1.1,34.8,79.6,0.14,0.2,4.0,0.4
3,2022-01-02,8.5,1.1,16.1,33.5,0.0,0.0,0.0,0.0
3,2022-01-03,10.5,4.1,19.7,44.3,0.0,0.0,0.0,0.0
3,2022-01-04,9.5,4.3,34.5,78.5,0.0,0.0,0.0,0.0
3,2022-01-05,6.3,2.2,27.8,62.3,0.0,0.0,0.0,0.0
3,2022-01-06,4.8,3.3,19.6,42.1,0.0,1.5,6.0,1.5
3,2022-01-07,6.5,3.7,33.7,74.2,0.0,0.0,0.0,0.0
3,2022-01-08,8.8,2.9,20.5,50.0,0.0,0.0,0.0,0.0
3,2022-01-09,10.4,2.8,19.5,41.8,0.0,0.0,0.0,0.0
3,2022-01-10,12.3,3.3,19.4,40.3,0.0,0.0,0.0,0.0
3,2022-01-11,9.2,4.3,29.1,61.9,0.0,8.5,8.0,8.5
3,2022-01-12,6.0,1.8,38.4,85.0,0.0,0.0,0.0,0.0
3,2022-01-13,7.3,1.8,33.4,74.9,0.0,0.0,0.0,0.0
3,2022-01-14,5.7,0.8,37.5,80.6,0.28,0.1,1.0,0.5
3,2022-01-15,8.5,2.9,28.8,60.8,0.0,0.0,0.0,0.0
3,2022-01-16,10.1,3.2,12.5,29.2,0.0,0.0,0.0,0.0
3,2022-01-17,9.7,4.3,25.8,58.0,0.0,0.0,0.0,0.0
3,2022-01-18,6.2,2.2,36.5,82.8,0.0,0.0,0.0,0.0
3,2022-01-19,7.2,0.9,19.4,44.6,0.0,0.0,0.0,0.0
3,2022-01-20,6.7,2.1,38.0,83.9,0.0,0.5,3.0,0.5
3,2022-01-21,4.9,1.2,40.2,89.6,0.0,0.0,0.0,0.0
3,2022-01-22,8.1,1.1,26.5,56.5,0.0,0.0,0.0,0.0
3,2022-01-23,5.8,2.6,17.7,36.4,0.0,16.5,12.0,16.5
3,2022-01-24,8.9,3.3,32.3,72.0,0.0,3.7,5.0,3.7
3,2022-01-25,8.6,1.5,21.6,44.3,0.0,0.0,0.0,0.0
3,2022-01-26,11.4,4.2,26.2,60.1,0.0,0.0,0.0,0.0
3,2022-01-27,8.6,4.9,29.6,63.4,0.0,0.0,0.0,0.0
3,2022-01-28,9.8,3.7,24.1,55.1,0.0,0.0,0.0,0.0
3,2022-01-29,9.5,3.5,20.2,45.4,0.0,0.0,0.0,0.0
3,2022-01-30,8.2,3.8,19.5,45.0,0.0,0.0,0.0,0.0
3,2022-01-31,8.2,2.2,25.8,58.7,0.0,0.0,0.0,0.0
3,2022-02-01,10.6,0.4,19.7,44.6,0.0,0.0,0.0,0.0
3,2022-02-02,8.2,2.3,25.4,55.4,0.0,0.0,0.0,0.0
3,2022-02-03,9.2,3.1,25.7,56.9,0.0,0.0,0.0,0.0
3,2022-02-04,8.3,2.7,25.0,56.9,0.0,0.0,0.0,0.0
3,2022-02-05,6.0,1.6,31.1,68.8,0.07,0.0,1.0,0.1
3,2022-02-06,6.5,0.1,33.8,74.2,0.49,0.0,4.0,0.7
3,2022-02-07,6.8,0.5,20.9,46.8,0.0,0.2,2.0,0.2
3,2022-02-08,9.1,3.4,18.3,37.8,0.0,1.5,5.0,1.5
3,2022-02-09,9.7,4.0,17.7,41.4,0.0,0.0,0.0,0.0
3,2022-02-10,6.2,3.7,24.8,51.5,0.0,19.5,15.0,19.5
3,2022-02-11,10.6,3.6,27.2,60.1,0.0,0.0,0.0,0.0
3,2022-02-12,10.4,2.9,13.3,31.3,0.0,0.0,0.0,0.0
3,2022-02-13,6.5,3.3,21.9,46.1,0.0,10.5,13.0,10.5
3,2022-02-14,8.9,4.3,20.0,41.4,0.0,1.3,5.0,1.3
3,2022-02-15,13.5,3.4,23.0,48.6,0.0,0.0,0.0,0.0
3,2022-02-16,7.3,2.2,26.6,61.9,0.0,0.0,0.0,0.0
3,2022-02-17,4.7,-0.4,33.0,74.2,0.0,0.0,0.0,0.0
3,2022-02-18,8.1,0.7,27.4,61.2,0.0,0.0,0.0,0.0
3,2022-02-19,9.5,1.0,20.2,48.2,0.0,5.9,11.0,5.9
3,2022-02-20,8.7,2.5,37.5,83.2,0.0,8.3,11.0,8.3
3,2022-02-21,6.3,0.6,37.4,81.4,0.28,0.0,3.0,0.4
3,2022-02-22,8.3,0.6,34.2,74.9,0.0,0.1,1.0,0.1
3,2022-02-23,7.2,0.3,25.8,57.6,0.0,0.2,2.0,0.2
3,2022-02-24,5.7,0.6,27.3,61.6,0.14,0.1,1.0,0.3
3,2022-02-25,10.1,1.6,26.2,61.2,0.0,0.0,0.0,0.0
3,2022-02-26,12.0,2.6,14.3,31.0,0.0,0.0,0.0,0.0
3,2022-02-27,12.1,2.9,29.8,67.0,0.0,0.5,1.0,0.5
3,2022-02-28,13.1,4.5,21.7,49.3,0.0,0.0,0.0,0.0
3,2022-03-01,13.8,3.8,18.4,38.9,0.0,6.0,9.0,6.0
3,2022-03-02,13.3,6.6,20.1,43.6,0.0,0.0,0.0,0.0
3,2022-03-03,13.1,6.0,27.8,61.9,0.0,0.0,0.0,0.0
3,2022-03-04,11.0,3.8,19.4,44.3,0.0,0.0,0.0,0.0
3,2022-03-05,17.5,3.8,26.4,57.2,0.0,0.7,3.0,0.7
3,2022-03-06,9.7,3.3,35.7,77.8,0.0,0.0,0.0,0.0
3,2022-03-07,9.0,3.5,30.0,64.4,0.0,0.0,0.0,0.0
3,2022-03-08,11.7,2.9,23.0,51.1,0.0,0.0,0.0,0.0
3,2022-03-09,12.0,3.6,21.8,47.5,0.0,0.0,0.0,0.0
3,2022-03-10,14.2,5.0,16.0,36.7,0.0,0.0,0.0,0.0
3,2022-03-11,16.0,5.4,14.4,34.2,0.0,0.0,0.0,0.0
3,2022-03-12,19.6,6.3,16.6,39.6,0.0,0.0,0.0,0.0
3,2022-03-13,21.1,8.6,24.2,51.1,0.0,0.0,0.0,0.0
3,2022-03-14,19.9,12.6,27.4,59.4,0.0,2.9,3.0,2.9
3,2022-03-15,17.8,9.2,29.9,67.0,0.0,0.3,2.0,0.3
3,2022-03-16,19.8,7.4,15.0,31.0,0.0,0.0,0.0,0.0
3,2022-03-17,17.6,9.7,23.7,51.8,0.0,0.0,0.0,0.0
3,2022-03-18,12.9,9.7,36.7,88.2,0.0,93.0,17.0,93.0
3,2022-03-19,13.1,7.5,35.3,78.8,0.0,1.3,4.0,1.3
3,2022-03-20,11.9,5.7,31.6,70.2,0.0,0.0,0.0,0.0
3,2022-03-21,13.2,6.5,20.5,45.0,0.0,0.0,0.0,0.0
3,2022-03-22,9.2,5.3,20.5,46.1,0.0,23.7,15.0,23.7
3,2022-03-23,11.6,4.9,20.7,48.6,0.0,2.2,4.0,2.2
3,2022-03-24,15.6,5.7,24.1,58.3,0.0,0.8,1.0,0.8
3,2022-03-25,16.1,6.6,14.2,31.3,0.0,0.0,0.0,0.0
3,2022-03-26,17.7,11.7,33.0,75.2,0.0,25.8,13.0,25.8
3,2022-03-27,17.4,11.5,33.1,73.4,0.0,0.2,1.0,0.2
3,2022-03-28,13.2,8.4,29.3,66.6,0.0,0.0,0.0,0.0
3,2022-03-29,15.0,7.8,24.4,52.9,0.0,1.4,7.0,1.4
3,2022-03-30,18.0,12.7,14.4,29.2,0.0,0.1,1.0,0.1
3,2022-03-31,18.1,9.5,29.0,60.5,0.0,3.9,7.0,3.9
3,2022-04-01,13.1,6.5,30.6,66.6,0.0,4.7,6.0,4.7
3,2022-04-02,12.9,4.7,19.6,43.6,0.0,6.6,8.0,6.6
3,2022-04-03,11.2,8.3,20.4,43.9,0.0,20.9,23.0,20.9
3,2022-04-04,17.0,9.1,25.6,53.6,0.0,0.0,0.0,0.0
3,2022-04-05,18.1,7.7,24.3,51.1,0.0,0.0,0.0,0.0
3,2022-04-06,19.1,9.4,13.1,32.4,0.0,0.0,0.0,0.0
3,2022-04-07,19.7,9.9,22.8,51.5,0.0,0.0,0.0,0.0
3,2022-04-08,18.5,10.8,23.4,51.8,0.0,0.0,0.0,0.0
3,2022-04-09,21.2,10.1,15.9,37.4,0.0,0.0,0.0,0.0
3,2022-04-10,23.0,12.1,17.1,34.9,0.0,0.0,0.0,0.0
3,2022-04-11,22.5,11.9,19.1,44.6,0.0,0.0,0.0,0.0
3,2022-04-12,23.5,13.2,20.7,42.5,0.0,0.0,0.0,0.0
3,2022-04-13,24.9,14.9,16.6,38.9,0.0,0.0,0.0,0.0
3,2022-04-14,21.0,15.7,28.0,62.6,0.0,9.1,17.0,9.1
3,2022-04-15,17.5,12.7,29.4,60.8,0.0,24.5,22.0,24.5
3,2022-04-16,16.4,10.7,36.6,80.6,0.0,0.0,0.0,0.0
3,2022-04-17,14.5,9.7,19.4,41.0,0.0,27.1,18.0,27.1
3,2022-04-18,15.1,12.8,19.5,44.6,0.0,35.4,16.0,35.4
3,2022-04-19,20.2,11.8,22.5,49.0,0.0,0.0,0.0,0.0
3,2022-04-20,19.8,10.6,13.9,34.9,0.0,4.1,2.0,4.1
3,2022-04-21,19.0,13.5,20.4,46.8,0.0,26.1,15.0,26.1
3,2022-04-22,22.4,13.8,17.1,41.4,0.0,0.7,2.0,0.7
3,2022-04-23,24.2,13.8,16.8,39.2,0.0,0.0,0.0,0.0
3,2022-04-24,17.9,14.5,24.1,52.6,0.0,45.5,13.0,45.5
3,2022-04-25,23.2,13.5,13.2,30.6,0.0,0.0,0.0,0.0
3,2022-04-26,22.4,17.2,37.5,80.6,0.0,2.8,11.0,2.8
3,2022-04-27,23.9,15.7,26.1,59.4,0.0,17.8,12.0,17.8
3,2022-04-28,19.5,14.0,20.5,46.1,0.0,0.1,1.0,0.1
3,2022-04-29,20.8,11.5,45.2,97.9,0.0,35.7,12.0,35.7
3,2022-04-30,17.9,10.6,35.1,82.8,0.0,4.5,9.0,4.5
3,2022-05-01,16.5,12.3,25.7,54.0,0.0,9.4,10.0,9.4
3,2022-05-02,19.9,10.3,24.8,52.9,0.0,0.5,1.0,0.5
3,2022-05-03,18.2,10.8,21.4,49.7,0.0,0.0,0.0,0.0
3,2022-05-04,20.8,10.9,16.6,38.5,0.0,0.0,0.0,0.0
3,2022-05-05,23.1,14.0,17.9,38.2,0.0,0.0,0.0,0.0
3,2022-05-06,20.8,15.9,16.3,39.2,0.0,0.0,0.0,0.0
3,2022-05-07,22.6,15.8,18.9,40.7,0.0,0.0,0.0,0.0
3,2022-05-08,20.8,13.8,28.1,63.7,0.0,0.0,0.0,0.0
3,2022-05-09,19.3,13.1,17.3,39.6,0.0,6.1,11.0,6.1
3,2022-05-10,20.1,13.7,13.5,31.3,0.0,0.2,2.0,0.2
3,2022-05-11,20.4,16.7,12.6,31.0,0.0,0.0,0.0,0.0
3,2022-05-12,19.2,16.2,20.8,43.9,0.0,25.0,19.0,25.0
3,2022-05-13,20.5,18.1,26.9,58.3,0.0,21.6,21.0,21.6
3,2022-05-14,21.8,15.3,29.0,64.4,0.0,34.3,8.0,34.3
3,2022-05-15,19.9,14.0,25.6,54.7,0.0,0.0,0.0,0.0
3,2022-05-16,17.9,14.8,9.9,21.6,0.0,0.7,5.0,0.7
3,2022-05-17,18.7,15.7,10.5,23.4,0.0,0.8,5.0,0.8
3,2022-05-18,23.2,14.3,13.3,30.6,0.0,0.0,0.0,0.0
3,2022-05-19,23.1,14.3,14.8,31.3,0.0,0.0,0.0,0.0
3,2022-05-20,23.4,16.5,10.1,21.6,0.0,0.0,0.0,0.0
3,2022-05-21,19.8,17.0,12.2,29.5,0.0,3.7,13.0,3.7
3,2022-05-22,25.7,16.0,16.1,37.1,0.0,1.1,5.0,1.1
3,2022-05-23,24.9,17.2,21.8,54.7,0.0,0.3,1.0,0.3
3,2022-05-24,23.7,15.4,15.5,37.4,0.0,2.3,5.0,2.3
3,2022-05-25,23.8,18.0,15.8,38.2,0.0,0.2,2.0,0.2
3,2022-05-26,23.1,17.8,20.7,49.0,0.0,29.5,21.0,29.5
3,2022-05-27,25.2,19.3,33.1,71.3,0.0,25.9,11.0,25.9
3,2022-05-28,26.0,18.0,22.7,49.7,0.0,0.0,0.0,0.0
3,2022-05-29,29.5,18.3,16.1,36.4,0.0,0.0,0.0,0.0
3,2022-05-30,26.0,17.4,19.5,45.0,0.0,23.3,7.0,23.3
3,2022-05-31,23.6,17.3,26.7,56.9,0.0,7.9,9.0,7.9
3,2022-06-01,23.4,16.7,22.8,49.0,0.0,0.0,0.0,0.0
3,2022-06-02,24.7,17.4,13.6,33.1,0.0,0.3,3.0,0.3
3,2022-06-03,26.6,18.1,18.4,39.6,0.0,0.0,0.0,0.0
3,2022-06-04,23.3,17.0,18.5,39.6,0.0,0.0,0.0,0.0
3,2022-06-05,24.4,18.8,17.8,40.7,0.0,6.7,7.0,6.7
3,2022-06-06,20.1,17.7,45.8,99.0,0.0,48.1,17.0,48.1
3,2022-06-07,22.7,16.7,29.3,65.5,0.0,0.8,3.0,0.8
3,2022-06-08,23.3,15.5,17.5,38.2,0.0,0.3,2.0,0.3
3,2022-06-09,23.8,17.1,16.0,36.4,0.0,1.2,6.0,1.2
3,2022-06-10,24.2,18.3,15.7,38.2,0.0,2.3,5.0,2.3
3,2022-06-11,21.9,18.8,22.9,49.0,0.0,12.6,14.0,12.6
3,2022-06-12,25.5,18.3,27.1,60.5,0.0,0.8,3.0,0.8
3,2022-06-13,23.6,16.7,18.2,38.5,0.0,0.4,3.0,0.4
3,2022-06-14,20.2,17.4,33.9,73.4,0.0,36.0,24.0,36.0
3,2022-06-15,20.4,17.3,30.2,63.7,0.0,11.9,17.0,11.9
3,2022-06-16,24.0,16.8,18.6,41.8,0.0,0.4,4.0,0.4
3,2022-06-17,27.5,20.1,15.7,36.7,0.0,0.0,0.0,0.0
3,2022-06-18,23.8,19.6,15.9,34.2,0.0,24.4,13.0,24.4
3,2022-06-19,27.2,18.3,16.6,37.4,0.0,0.7,3.0,0.7
3,2022-06-20,27.6,20.6,16.9,36.7,0.0,0.3,1.0,0.3
3,2022-06-21,23.5,21.7,19.8,53.3,0.0,41.3,17.0,41.3
3,2022-06-22,27.1,21.3,9.7,26.6,0.0,6.4,14.0,6.4
3,2022-06-23,27.7,21.9,16.1,38.5,0.0,0.4,3.0,0.4
3,2022-06-24,29.1,23.7,28.6,63.7,0.0,0.0,0.0,0.0
3,2022-06-25,31.3,24.9,25.4,56.2,0.0,0.0,0.0,0.0
3,2022-06-26,29.0,23.6,14.1,32.8,0.0,0.7,2.0,0.7
3,2022-06-27,31.6,23.3,13.9,28.4,0.0,0.0,0.0,0.0
3,2022-06-28,31.2,24.5,17.1,40.0,0.0,0.0,0.0,0.0
3,2022-06-29,31.9,23.0,18.1,41.8,0.0,0.0,0.0,0.0
3,2022-06-30,33.7,24.0,14.6,33.8,0.0,0.0,0.0,0.0
3,2022-07-01,33.9,25.2,17.6,38.2,0.0,0.0,0.0,0.0
3,2022-07-02,31.4,24.0,19.9,45.7,0.0,0.0,0.0,0.0
3,2022-07-03,26.8,24.0,14.2,32.4,0.0,17.8,11.0,17.8
3,2022-07-04,25.4,24.0,13.3,28.1,0.0,18.3,16.0,18.3
3,2022-07-05,26.9,23.2,14.8,36.0,0.0,51.1,19.0,51.1
3,2022-07-06,32.1,24.1,19.7,41.8,0.0,0.2,2.0,0.2
3,2022-07-07,29.0,23.1,16.4,37.4,0.0,3.9,9.0,3.9
3,2022-07-08,30.2,23.9,15.4,34.9,0.0,0.5,5.0,0.5
3,2022-07-09,28.8,23.6,25.2,55.1,0.0,2.6,13.0,2.6
3,2022-07-10,28.5,24.0,15.8,36.0,0.0,3.0,13.0,3.0
3,2022-07-11,29.9,23.2,13.3,33.1,0.0,0.0,0.0,0.0
3,2022-07-12,28.8,24.4,14.5,34.6,0.0,11.7,14.0,11.7
3,2022-07-13,29.8,24.0,14.3,33.1,0.0,0.0,0.0,0.0
3,2022-07-14,27.3,24.0,18.2,41.4,0.0,7.9,15.0,7.9
3,2022-07-15,28.0,23.4,16.3,32.0,0.0,22.8,16.0,22.8
3,2022-07-16,25.3,22.9,19.9,41.0,0.0,18.1,14.0,18.1
3,2022-07-17,28.8,23.2,12.8,29.5,0.0,6.4,14.0,6.4
3,2022-07-18,30.3,24.0,18.3,41.8,0.0,1.3,5.0,1.3
3,2022-07-19,26.4,24.8,20.4,47.5,0.0,24.8,18.0,24.8
3,2022-07-20,31.5,24.4,25.8,56.5,0.0,0.0,0.0,0.0
3,2022-07-21,30.4,25.1,15.0,32.4,0.0,0.0,0.0,0.0
3,2022-07-22,31.1,25.4,19.3,40.7,0.0,2.3,11.0,2.3
3,2022-07-23,30.2,23.2,27.0,60.1,0.0,0.0,0.0,0.0
3,2022-07-24,29.5,22.2,13.9,33.1,0.0,0.0,0.0,0.0
3,2022-07-25,30.2,25.1,13.7,33.5,0.0,0.0,0.0,0.0
3,2022-07-26,28.8,24.8,15.3,36.7,0.0,5.5,15.0,5.5
3,2022-07-27,30.3,24.5,17.7,41.4,0.0,5.6,13.0,5.6
3,2022-07-28,30.3,25.4,14.7,33.8,0.0,0.5,5.0,0.5
3,2022-07-29,30.3,25.4,15.1,35.6,0.0,2.0,11.0,2.0
3,2022-07-30,30.3,24.3,15.5,38.2,0.0,2.0,11.0,2.0
3,2022-07-31,32.3,26.2,15.9,37.4,0.0,0.0,0.0,0.0
3,2022-08-01,32.4,26.1,18.2,42.5,0.0,0.0,0.0,0.0
3,2022-08-02,33.6,26.7,12.0,27.7,0.0,0.7,1.0,0.7
3,2022-08-03,35.3,27.5,17.4,40.0,0.0,0.3,3.0,0.3
3,2022-08-04,32.2,25.9,14.5,36.7,0.0,5.4,7.0,5.4
3,2022-08-05,29.0,23.7,11.5,31.0,0.0,11.0,14.0,11.0
3,2022-08-06,28.6,24.5,16.1,38.2,0.0,7.4,11.0,7.4
3,2022-08-07,30.2,24.4,14.3,33.1,0.0,8.5,13.0,8.5
3,2022-08-08,30.8,25.3,16.7,37.8,0.0,1.8,10.0,1.8
3,2022-08-09,31.5,27.1,19.1,42.1,0.0,0.7,5.0,0.7
3,2022-08-10,31.5,26.6,18.1,41.8,0.0,0.7,5.0,0.7
3,2022-08-11,30.3,26.4,18.1,46.4,0.0,1.8,10.0,1.8
3,2022-08-12,29.6,26.0,20.0,45.0,0.0,3.5,18.0,3.5
3,2022-08-13,29.4,25.8,20.7,46.4,0.0,5.9,20.0,5.9
3,2022-08-14,30.6,25.0,14.4,36.4,0.0,15.7,11.0,15.7
3,2022-08-15,31.7,26.1,19.2,39.6,0.0,1.5,5.0,1.5
3,2022-08-16,33.4,25.8,16.6,43.6,0.0,2.4,6.0,2.4
3,2022-08-17,29.1,24.2,18.2,48.6,0.0,5.2,11.0,5.2
3,2022-08-18,30.9,25.2,22.6,52.2,0.0,5.0,4.0,5.0
3,2022-08-19,30.4,24.0,20.3,43.2,0.0,0.1,1.0,0.1
3,2022-08-20,32.5,24.7,8.1,24.8,0.0,2.2,8.0,2.2
3,2022-08-21,29.1,24.9,17.3,40.0,0.0,16.2,19.0,16.2
3,2022-08-22,29.1,24.7,23.8,53.6,0.0,3.1,13.0,3.1
3,2022-08-23,31.1,25.5,10.9,28.4,0.0,1.8,11.0,1.8
3,2022-08-24,32.5,26.2,14.8,34.2,0.0,0.5,4.0,0.5
3,2022-08-25,30.3,25.3,14.2,34.2,0.0,15.6,19.0,15.6
3,2022-08-26,30.5,25.4,10.3,26.3,0.0,0.4,3.0,0.4
3,2022-08-27,29.7,25.6,13.9,26.3,0.0,0.7,3.0,0.7
3,2022-08-28,29.2,23.2,23.1,52.6,0.0,3.7,7.0,3.7
3,2022-08-29,27.1,22.4,17.6,40.7,0.0,4.2,7.0,4.2
3,2022-08-30,28.1,22.7,22.9,52.2,0.0,23.1,24.0,23.1
3,2022-08-31,30.1,24.1,20.5,47.5,0.0,4.5,17.0,4.5
3,2022-09-01,30.5,23.9,16.7,40.0,0.0,13.4,14.0,13.4
3,2022-09-02,29.3,23.0,14.9,35.3,0.0,29.8,15.0,29.8
3,2022-09-03,27.6,23.0,16.5,40.7,0.0,11.6,15.0,11.6
3,2022-09-04,28.2,24.1,16.6,39.6,0.0,2.2,9.0,2.2
3,2022-09-05,29.1,25.4,23.1,51.1,0.0,2.5,13.0,2.5
3,2022-09-06,30.1,25.3,37.9,81.4,0.0,6.0,16.0,6.0
3,2022-09-07,30.0,24.2,17.6,36.0,0.0,1.9,3.0,1.9
3,2022-09-08,26.4,24.8,13.8,29.9,0.0,11.2,8.0,11.2
3,2022-09-09,28.5,23.4,11.2,27.4,0.0,5.3,14.0,5.3
3,2022-09-10,28.9,23.9,14.7,32.4,0.0,0.1,1.0,0.1
3,2022-09-11,28.4,23.8,10.0,31.3,0.0,0.0,0.0,0.0
3,2022-09-12,28.9,24.2,11.5,28.4,0.0,0.0,0.0,0.0
3,2022-09-13,29.3,25.2,13.4,32.0,0.0,0.1,1.0,0.1
3,2022-09-14,30.0,25.7,17.3,35.6,0.0,0.1,1.0,0.1
3,2022-09-15,27.6,24.7,19.7,45.4,0.0,0.1,1.0,0.1
3,2022-09-16,27.7,23.9,21.2,46.4,0.0,0.0,0.0,0.0
3,2022-09-17,27.9,24.5,34.1,74.2,0.0,5.8,16.0,5.8
3,2022-09-18,28.9,24.4,30.3,65.9,0.0,15.5,24.0,15.5
3,2022-09-19,28.8,25.0,45.7,97.6,0.0,25.2,24.0,25.2
3,2022-09-20,25.0,19.0,43.3,95.0,0.0,15.9,8.0,15.9
3,2022-09-21,24.8,18.1,23.9,50.8,0.0,0.0,0.0,0.0
3,2022-09-22,23.6,19.0,24.5,53.3,0.0,12.8,18.0,12.8
3,2022-09-23,24.3,21.6,29.7,60.5,0.0,85.8,23.0,85.8
3,2022-09-24,27.8,19.7,26.8,59.8,0.0,0.2,2.0,0.2
3,2022-09-25,25.8,18.3,25.0,52.6,0.0,0.1,1.0,0.1
3,2022-09-26,27.1,22.6,11.2,24.1,0.0,1.9,10.0,1.9
3,2022-09-27,26.8,22.1,14.9,38.2,0.0,0.8,6.0,0.8
3,2022-09-28,25.6,21.8,12.5,29.5,0.0,8.7,13.0,8.7
3,2022-09-29,25.1,20.9,13.0,28.1,0.0,3.6,9.0,3.6
3,2022-09-30,25.3,20.0,9.8,26.3,0.0,0.2,2.0,0.2
3,2022-10-01,27.3,21.0,11.9,28.1,0.0,0.0,0.0,0.0
3,2022-10-02,26.3,20.7,10.5,24.5,0.0,0.0,0.0,0.0
3,2022-10-03,25.9,22.8,18.9,43.2,0.0,0.8,5.0,0.8
3,2022-10-04,27.6,22.7,17.6,40.7,0.0,0.0,0.0,0.0
3,2022-10-05,24.7,19.1,25.7,56.5,0.0,7.4,8.0,7.4
3,2022-10-06,18.9,17.5,19.5,44.3,0.0,2.2,7.0,2.2
3,2022-10-07,18.8,16.8,22.4,50.0,0.0,40.3,21.0,40.3
3,2022-10-08,22.6,17.4,28.2,60.8,0.0,0.0,0.0,0.0
3,2022-10-09,21.3,16.9,31.3,67.0,0.0,44.6,16.0,44.6
3,2022-10-10,25.9,17.2,26.3,58.3,0.0,12.4,10.0,12.4
3,2022-10-11,21.4,16.1,26.1,58.3,0.0,0.0,0.0,0.0
3,2022-10-12,21.8,16.7,21.4,46.8,0.0,0.0,0.0,0.0
3,2022-10-13,21.1,18.0,14.6,33.5,0.0,1.2,3.0,1.2
3,2022-10-14,23.7,17.8,15.1,33.8,0.0,0.0,0.0,0.0
3,2022-10-15,25.0,18.4,11.5,26.6,0.0,0.0,0.0,0.0
3,2022-10-16,24.5,18.5,15.9,36.0,0.0,0.8,3.0,0.8
3,2022-10-17,22.1,17.5,18.9,38.9,0.0,13.3,17.0,13.3
3,2022-10-18,21.3,15.5,27.4,60.1,0.0,0.4,2.0,0.4
3,2022-10-19,19.8,14.1,21.0,47.5,0.0,0.0,0.0,0.0
3,2022-10-20,19.7,13.4,14.9,31.3,0.0,0.0,0.0,0.0
3,2022-10-21,21.3,13.2,8.8,22.3,0.0,0.0,0.0,0.0
3,2022-10-22,22.4,16.6,8.0,19.1,0.0,0.1,1.0,0.1
3,2022-10-23,22.3,16.0,20.4,43.2,0.0,0.5,1.0,0.5
3,2022-10-24,19.6,14.4,21.0,48.2,0.0,0.0,0.0,0.0
3,2022-10-25,16.6,12.3,15.1,34.9,0.0,0.7,5.0,0.7
3,2022-10-26,17.8,11.7,15.8,35.6,0.0,0.0,0.0,0.0
3,2022-10-27,18.9,11.9,8.0,20.9,0.0,0.0,0.0,0.0
3,2022-10-28,19.5,14.7,15.0,35.3,0.0,0.0,0.0,0.0
3,2022-10-29,18.7,13.6,28.0,61.6,0.0,0.0,0.0,0.0
3,2022-10-30,18.5,12.8,21.9,45.7,0.0,0.0,0.0,0.0
3,2022-10-31,18.2,13.6,19.1,40.7,0.0,6.2,11.0,6.2
3,2022-11-01,17.5,14.8,24.6,51.1,0.0,43.6,24.0,43.6
3,2022-11-02,21.1,15.4,13.0,29.9,0.0,0.1,1.0,0.1
3,2022-11-03,20.6,14.0,13.4,27.7,0.0,0.0,0.0,0.0
3,2022-11-04,20.9,14.2,23.1,50.0,0.0,0.0,0.0,0.0
3,2022-11-05,17.8,12.6,17.7,36.7,0.0,0.0,0.0,0.0
3,2022-11-06,17.4,12.1,20.7,46.8,0.0,0.0,0.0,0.0
3,2022-11-07,17.6,11.5,15.8,32.0,0.0,0.0,0.0,0.0
3,2022-11-08,18.9,12.7,26.6,62.6,0.0,0.0,0.0,0.0
3,2022-11-09,18.1,12.1,17.1,38.5,0.0,0.0,0.0,0.0
3,2022-11-10,18.3,12.3,10.8,23.4,0.0,0.0,0.0,0.0
3,2022-11-11,19.2,13.3,10.8,24.8,0.0,0.0,0.0,0.0
3,2022-11-12,19.6,14.4,9.2,21.6,0.0,0.0,0.0,0.0
3,2022-11-13,21.7,14.7,30.8,66.6,0.0,12.6,8.0,12.6
3,2022-11-14,16.5,12.8,37.4,79.2,0.0,0.0,0.0,0.0
3,2022-11-15,17.2,11.4,24.0,53.3,0.0,0.0,0.0,0.0
3,2022-11-16,16.0,10.6,23.0,51.5,0.0,0.0,0.0,0.0
3,2022-11-17,15.9,9.6,14.0,33.8,0.0,0.0,0.0,0.0
3,2022-11-18,16.4,10.8,15.0,31.0,0.0,0.0,0.0,0.0
3,2022-11-19,17.0,11.5,17.3,40.0,0.0,3.5,2.0,3.5
3,2022-11-20,16.0,12.4,32.3,67.7,0.0,31.7,22.0,31.7
3,2022-11-21,19.1,13.0,20.5,43.9,0.0,22.1,9.0,22.1
3,2022-11-22,19.2,13.8,19.4,42.1,0.0,0.0,0.0,0.0
3,2022-11-23,17.0,14.7,26.9,55.4,0.0,28.3,19.0,28.3
3,2022-11-24,17.6,13.3,34.2,73.8,0.0,0.0,0.0,0.0
3,2022-11-25,16.4,12.1,28.8,60.8,0.0,0.0,0.0,0.0
3,2022-11-26,18.1,12.4,21.4,45.0,0.0,0.4,4.0,0.4
3,2022-11-27,16.5,11.9,26.2,58.3,0.0,0.0,0.0,0.0
3,2022-11-28,18.6,11.5,19.9,43.2,0.0,3.0,9.0,3.0
3,2022-11-29,20.5,16.4,37.6,81.4,0.0,35.2,22.0,35.2
3,2022-11-30,18.4,9.8,38.0,85.3,0.0,0.4,2.0,0.4
3,2022-12-01,12.1,8.3,29.9,67.0,0.0,0.0,0.0,0.0
3,2022-12-02,10.7,6.8,29.5,66.6,0.0,0.0,0.0,0.0
3,2022-12-03,12.4,6.2,15.3,34.6,0.0,0.0,0.0,0.0
3,2022-12-04,13.4,8.1,31.2,67.3,0.0,0.0,0.0,0.0
3,2022-12-05,13.2,8.7,21.3,45.0,0.0,2.2,4.0,2.2
3,2022-12-06,12.3,7.8,23.1,52.2,0.0,0.1,1.0,0.1
3,2022-12-07,12.1,6.7,22.9,51.5,0.0,0.0,0.0,0.0
3,2022-12-08,14.0,7.3,30.2,68.8,0.0,0.0,0.0,0.0
3,2022-12-09,13.1,7.6,13.2,29.2,0.0,0.0,0.0,0.0
3,2022-12-10,13.7,8.1,13.8,32.4,0.0,0.0,0.0,0.0
3,2022-12-11,15.6,8.9,24.2,50.0,0.0,0.0,0.0,0.0
3,2022-12-12,11.9,7.1,23.7,51.8,0.0,0.6,3.0,0.6
3,2022-12-13,13.8,9.1,20.5,46.8,0.0,5.6,10.0,5.6
3,2022-12-14,11.1,3.6,30.5,68.4,0.0,0.3,2.0,0.3
3,2022-12-15,8.2,2.3,30.3,68.0,0.0,0.0,0.0,0.0
3,2022-12-16,11.4,4.0,27.9,63.7,0.0,0.0,0.0,0.0
3,2022-12-17,9.3,5.3,21.2,45.7,0.0,10.3,12.0,10.3
3,2022-12-18,5.8,1.2,30.7,70.6,0.0,0.0,0.0,0.0
3,2022-12-19,6.6,0.7,28.9,67.0,0.0,0.0,0.0,0.0
3,2022-12-20,8.5,1.8,26.0,59.4,0.0,0.0,0.0,0.0
3,2022-12-21,9.9,3.5,17.2,34.9,0.0,2.4,5.0,2.4
3,2022-12-22,13.2,4.4,33.6,77.4,0.0,19.2,10.0,19.2
3,2022-12-23,4.2,0.4,31.1,67.3,0.07,0.1,2.0,0.2
3,2022-12-24,8.2,0.6,35.4,76.7,0.0,0.0,0.0,0.0
3,2022-12-25,9.3,5.0,33.4,73.8,0.0,0.6,2.0,0.6
3,2022-12-26,7.6,4.3,34.4,78.8,0.0,0.0,0.0,0.0
3,2022-12-27,9.3,4.4,24.6,56.2,0.0,0.1,1.0,0.1
3,2022-12-28,11.2,3.7,16.4,34.9,0.0,0.0,0.0,0.0
3,2022-12-29,10.3,5.5,26.4,59.0,0.0,0.0,0.0,0.0
3,2022-12-30,9.2,3.4,23.7,53.6,0.0,0.0,0.0,0.0
3,2022-12-31,10.2,3.8,21.2,47.5,0.0,0.0,0.0,0.0
3,2023-01-01,10.6,3.7,24.5,54.7,0.0,0.0,0.0,0.0
3,2023-01-02,8.6,4.2,23.2,53.3,0.0,0.0,0.0,0.0
3,2023-01-03,8.9,2.8,23.3,53.3,0.0,0.1,1.0,0.1
3,2023-01-04,9.1,3.4,27.4,60.5,0.0,0.0,0.0,0.0
3,2023-01-05,7.4,3.3,21.9,47.5,0.0,0.2,2.0,0.2
3,2023-01-06,8.6,3.7,20.3,43.6,0.0,0.0,0.0,0.0
3,2023-01-07,9.3,2.5,20.7,43.2,0.0,0.0,0.0,0.0
3,2023-01-08,11.1,5.0,22.3,47.5,0.0,0.0,0.0,0.0
3,2023-01-09,13.6,5.4,15.9,35.6,0.0,0.0,0.0,0.0
3,2023-01-10,8.3,4.0,37.2,84.2,0.0,0.0,0.0,0.0
3,2023-01-11,10.9,2.9,24.2,56.9,0.0,0.0,0.0,0.0
3,2023-01-12,12.4,2.8,10.3,25.9,0.0,0.0,0.0,0.0
3,2023-01-13,14.8,5.3,14.8,37.4,0.0,5.1,5.0,5.1
3,2023-01-14,12.6,9.2,20.6,41.8,0.0,31.6,16.0,31.6
3,2023-01-15,14.5,8.8,24.8,51.8,0.0,0.2,1.0,0.2
3,2023-01-16,11.2,5.8,27.2,59.0,0.0,1.3,6.0,1.3
3,2023-01-17,8.2,2.9,25.2,53.3,0.0,0.0,0.0,0.0
3,2023-01-18,10.0,5.6,27.8,61.6,0.0,0.0,0.0,0.0
3,2023-01-19,10.3,4.1,17.2,37.1,0.0,0.0,0.0,0.0
3,2023-01-20,11.1,4.3,27.2,59.4,0.0,0.0,0.0,0.0
3,2023-01-21,6.5,2.6,30.6,66.6,0.0,0.0,0.0,0.0
3,2023-01-22,8.7,2.4,20.7,43.9,0.0,0.0,0.0,0.0
3,2023-01-23,7.6,5.5,16.5,33.8,0.0,1.3,8.0,1.3
3,2023-01-24,9.2,-1.5,48.4,107.3,0.28,0.2,5.0,0.6
3,2023-01-25,2.7,-3.5,33.0,79.9,1.05,0.0,7.0,1.5
3,2023-01-26,6.0,-1.1,24.6,55.4,0.0,0.0,0.0,0.0
3,2023-01-27,3.8,2.2,28.8,78.5,1.4,4.4,8.0,6.4
3,2023-01-28,4.9,0.3,26.1,56.9,0.07,0.0,1.0,0.1
3,2023-01-29,6.8,-0.1,26.1,57.2,0.0,0.0,0.0,0.0
3,2023-01-30,8.2,1.7,30.2,68.8,0.0,0.1,1.0,0.1
3,2023-01-31,6.7,0.7,19.9,45.0,0.0,0.0,0.0,0.0
3,2023-02-01,11.9,0.4,14.9,35.6,0.0,0.0,0.0,0.0
3,2023-02-02,8.0,3.8,29.1,64.8,0.0,0.0,0.0,0.0
3,2023-02-03,7.1,2.7,26.3,55.8,0.0,0.0,0.0,0.0
3,2023-02-04,11.5,3.6,21.1,44.6,0.0,0.0,0.0,0.0
3,2023-02-05,10.1,3.5,19.7,45.0,0.0,0.0,0.0,0.0
3,2023-02-06,11.6,3.8,13.6,28.4,0.0,0.0,0.0,0.0
3,2023-02-07,11.6,6.3,15.0,31.0,0.0,0.1,1.0,0.1
3,2023-02-08,12.5,5.8,29.4,65.5,0.0,0.0,0.0,0.0
3,2023-02-09,9.0,3.7,28.2,63.4,0.0,0.0,0.0,0.0
3,2023-02-10,12.7,3.5,35.2,71.6,0.0,32.8,17.0,32.8
3,2023-02-11,13.2,6.5,35.5,78.1,0.0,0.0,0.0,0.0
3,2023-02-12,13.4,7.2,12.2,23.0,0.0,0.8,5.0,0.8
3,2023-02-13,10.4,6.7,32.8,69.1,0.0,10.2,17.0,10.2
3,2023-02-14,6.9,3.2,36.3,81.4,0.0,0.0,0.0,0.0
3,2023-02-15,4.5,0.7,37.9,83.9,0.0,0.0,0.0,0.0
3,2023-02-16,7.3,1.2,31.1,68.8,0.0,0.0,0.0,0.0
3,2023-02-17,11.2,1.8,20.4,43.9,0.0,0.0,0.0,0.0
3,2023-02-18,12.1,3.8,9.2,24.1,0.0,0.0,0.0,0.0
3,2023-02-19,17.5,9.0,25.5,56.9,0.0,3.2,7.0,3.2
3,2023-02-20,11.3,4.1,31.1,66.6,0.0,0.0,0.0,0.0
3,2023-02-21,6.1,1.5,37.7,83.5,0.07,0.0,1.0,0.1
3,2023-02-22,8.4,1.5,31.7,67.7,0.0,0.0,0.0,0.0
3,2023-02-23,10.0,3.9,14.0,32.8,0.0,0.3,2.0,0.3
3,2023-02-24,8.4,5.2,19.9,43.2,0.0,10.0,13.0,10.0
3,2023-02-25,8.0,3.1,36.3,80.3,0.0,0.0,0.0,0.0
3,2023-02-26,6.9,2.3,36.1,79.2,0.0,0.0,0.0,0.0
3,2023-02-27,11.4,3.8,27.9,59.8,0.0,0.0,0.0,0.0
3,2023-02-28,13.6,2.4,10.6,24.8,0.0,0.0,0.0,0.0
3,2023-03-01,15.7,4.8,22.9,48.6,0.0,0.2,2.0,0.2
3,2023-03-02,12.8,4.5,39.8,87.5,0.0,1.5,2.0,1.5
3,2023-03-03,10.3,3.2,24.6,59.4,0.0,0.0,0.0,0.0
3,2023-03-04,12.9,4.3,21.8,45.0,0.0,0.0,0.0,0.0
3,2023-03-05,11.3,4.9,16.9,36.7,0.0,0.1,1.0,0.1
3,2023-03-06,14.5,5.2,14.3,30.6,0.0,0.0,0.0,0.0
3,2023-03-07,16.7,5.6,13.1,31.7,0.0,0.0,0.0,0.0
3,2023-03-08,18.4,4.7,12.8,29.2,0.0,0.0,0.0,0.0
3,2023-03-09,19.6,7.9,22.8,51.8,0.0,0.0,0.0,0.0
3,2023-03-10,19.8,11.7,20.3,41.8,0.0,0.9,3.0,0.9
3,2023-03-11,18.1,8.4,16.3,33.1,0.0,0.0,0.0,0.0
3,2023-03-12,17.7,11.9,21.7,47.5,0.0,5.7,13.0,5.7
3,2023-03-13,15.9,5.9,33.4,71.3,0.0,16.5,7.0,16.5
3,2023-03-14,14.1,5.4,31.8,68.8,0.0,0.0,0.0,0.0
3,2023-03-15,17.1,6.0,14.1,33.8,0.0,0.0,0.0,0.0
3,2023-03-16,18.7,9.1,15.9,37.1,0.0,0.0,0.0,0.0
3,2023-03-17,15.1,8.8,17.7,40.3,0.0,4.6,7.0,4.6
3,2023-03-18,11.4,8.2,32.1,68.4,0.0,41.6,15.0,41.6
3,2023-03-19,14.9,7.0,28.9,61.6,0.0,0.0,0.0,0.0
3,2023-03-20,15.8,5.4,11.1,27.4,0.0,0.0,0.0,0.0
3,2023-03-21,16.4,9.0,9.7,19.1,0.0,1.4,7.0,1.4
3,2023-03-22,19.1,11.2,16.2,36.0,0.0,0.3,2.0,0.3
3,2023-03-23,18.5,15.5,32.9,69.8,0.0,19.6,19.0,19.6
3,2023-03-24,21.2,14.1,23.2,54.7,0.0,0.0,0.0,0.0
3,2023-03-25,14.4,10.4,22.4,45.4,0.0,14.6,15.0,14.6
3,2023-03-26,14.0,10.6,34.5,72.0,0.0,39.2,21.0,39.2
3,2023-03-27,15.3,8.5,36.2,76.3,0.0,0.0,0.0,0.0
3,2023-03-28,15.8,7.8,19.9,46.1,0.0,0.0,0.0,0.0
3,2023-03-29,15.6,7.5,16.7,36.0,0.0,0.0,0.0,0.0
3,2023-03-30,16.4,7.3,11.5,27.7,0.0,0.0,0.0,0.0
3,2023-03-31,17.3,8.2,13.5,26.3,0.0,0.0,0.0,0.0
3,2023-04-01,19.7,9.9,12.2,26.3,0.0,0.0,0.0,0.0
3,2023-04-02,18.4,11.2,23.1,48.6,0.0,0.3,3.0,0.3
3,2023-04-03,17.0,11.4,18.2,39.6,0.0,0.0,0.0,0.0
3,2023-04-04,19.0,9.4,15.4,37.8,0.0,0.0,0.0,0.0
3,2023-04-05,19.3,12.0,19.6,44.3,0.0,0.0,0.0,0.0
3,2023-04-06,19.8,14.6,31.1,68.8,0.0,3.3,12.0,3.3
3,2023-04-07,17.9,13.4,34.7,78.1,0.0,23.8,16.0,23.8
3,2023-04-08,16.2,9.2,33.9,78.8,0.0,0.2,2.0,0.2
3,2023-04-09,15.5,7.9,24.1,55.8,0.0,0.0,0.0,0.0
3,2023-04-10,18.2,8.3,18.2,41.8,0.0,0.4,2.0,0.4
3,2023-04-11,20.6,10.7,29.3,63.7,0.0,0.0,0.0,0.0
3,2023-04-12,20.8,11.2,25.0,54.4,0.0,0.2,1.0,0.2
3,2023-04-13,18.7,9.0,21.4,49.0,0.0,0.0,0.0,0.0
3,2023-04-14,19.8,9.4,13.0,30.2,0.0,0.7,2.0,0.7
3,2023-04-15,15.3,11.1,26.3,55.8,0.0,35.4,23.0,35.4
3,2023-04-16,19.7,12.6,25.6,57.6,0.0,2.2,4.0,2.2
3,2023-04-17,16.7,10.4,30.4,68.0,0.0,0.2,2.0,0.2
3,2023-04-18,18.5,9.7,24.1,54.0,0.0,0.2,1.0,0.2
3,2023-04-19,21.0,11.9,14.8,30.6,0.0,1.8,3.0,1.8
3,2023-04-20,22.9,14.6,20.1,41.0,0.0,0.0,0.0,0.0
3,2023-04-21,25.6,14.7,32.6,68.4,0.0,0.0,0.0,0.0
3,2023-04-22,18.1,10.4,34.3,73.4,0.0,0.0,0.0,0.0
3,2023-04-23,18.2,9.2,20.6,44.6,0.0,0.0,0.0,0.0
3,2023-04-24,14.9,10.5,20.2,44.6,0.0,0.0,0.0,0.0
3,2023-04-25,16.4,10.7,32.6,68.4,0.0,16.2,15.0,16.2
3,2023-04-26,18.7,12.3,33.1,73.1,0.0,31.4,13.0,31.4
3,2023-04-27,20.1,11.2,23.2,52.6,0.0,0.0,0.0,0.0
3,2023-04-28,20.6,11.1,16.6,38.5,0.0,0.0,0.0,0.0
3,2023-04-29,20.7,13.7,20.2,44.6,0.0,18.4,10.0,18.4
3,2023-04-30,19.6,14.2,32.0,70.6,0.0,31.3,17.0,31.3
3,2023-05-01,22.6,13.0,27.2,57.2,0.0,0.0,0.0,0.0
3,2023-05-02,19.5,12.3,26.5,57.6,0.0,0.0,0.0,0.0
3,2023-05-03,21.4,11.3,16.1,36.7,0.0,0.0,0.0,0.0
3,2023-05-04,22.0,15.1,18.8,40.7,0.0,0.0,0.0,0.0
3,2023-05-05,22.2,14.7,25.6,57.2,0.0,0.0,0.0,0.0
3,2023-05-06,23.9,18.3,32.7,72.7,0.0,1.3,3.0,1.3
3,2023-05-07,20.5,19.1,32.9,76.3,0.0,30.0,24.0,30.0
3,2023-05-08,20.0,13.6,42.5,94.0,0.0,19.6,6.0,19.6
3,2023-05-09,18.3,12.7,16.6,39.6,0.0,0.0,0.0,0.0
3,2023-05-10,24.3,12.4,16.4,35.6,0.0,0.0,0.0,0.0
3,2023-05-11,22.2,14.4,22.1,49.7,0.0,0.0,0.0,0.0
3,2023-05-12,19.7,12.9,15.5,37.4,0.0,0.8,4.0,0.8
3,2023-05-13,20.4,14.2,19.0,46.8,0.0,16.2,10.0,16.2
3,2023-05-14,17.6,14.6,27.5,62.6,0.0,93.8,24.0,93.8
3,2023-05-15,20.4,15.2,13.7,35.6,0.0,11.2,15.0,11.2
3,2023-05-16,26.4,14.9,15.3,37.4,0.0,0.0,0.0,0.0
3,2023-05-17,28.7,16.6,14.0,29.9,0.0,0.0,0.0,0.0
3,2023-05-18,26.7,17.5,24.0,53.3,0.0,0.1,1.0,0.1
3,2023-05-19,20.2,17.4,27.1,63.0,0.0,42.0,23.0,42.0
3,2023-05-20,25.1,17.8,21.2,48.6,0.0,0.4,3.0,0.4
3,2023-05-21,24.7,18.4,17.0,36.7,0.0,2.0,8.0,2.0
3,2023-05-22,26.6,18.0,23.9,48.6,0.0,0.6,3.0,0.6
3,2023-05-23,21.3,15.6,30.8,67.0,0.0,4.8,6.0,4.8
3,2023-05-24,21.2,14.2,27.7,61.2,0.0,0.0,0.0,0.0
3,2023-05-25,21.8,14.8,21.7,49.0,0.0,0.8,5.0,0.8
3,2023-05-26,23.1,17.8,15.3,36.4,0.0,0.0,0.0,0.0
3,2023-05-27,23.3,16.5,13.3,32.0,0.0,0.0,0.0,0.0
3,2023-05-28,24.7,18.4,18.7,41.8,0.0,0.0,0.0,0.0
3,2023-05-29,25.4,19.2,10.8,27.4,0.0,11.5,12.0,11.5
3,2023-05-30,23.4,19.4,17.4,36.7,0.0,12.3,13.0,12.3
3,2023-05-31,20.8,16.5,11.7,28.1,0.0,9.9,14.0,9.9
3,2023-06-01,22.8,18.8,23.3,51.1,0.0,9.9,17.0,9.9
3,2023-06-02,23.2,20.8,46.7,108.7,0.0,214.7,24.0,214.7
3,2023-06-03,23.7,17.7,39.8,84.2,0.0,37.9,8.0,37.9
3,2023-06-04,25.1,16.6,29.1,65.2,0.0,0.0,0.0,0.0
3,2023-06-05,26.6,18.8,12.9,29.2,0.0,0.0,0.0,0.0
3,2023-06-06,23.2,17.5,16.5,37.4,0.0,7.6,9.0,7.6
3,2023-06-07,27.4,17.1,21.7,49.7,0.0,11.5,4.0,11.5
3,2023-06-08,24.2,17.8,22.1,46.4,0.0,11.8,11.0,11.8
3,2023-06-09,26.0,20.7,38.0,82.8,0.0,27.5,11.0,27.5
3,2023-06-10,24.9,18.6,17.4,38.9,0.0,2.1,5.0,2.1
3,2023-06-11,21.4,19.7,16.0,41.0,0.0,55.5,24.0,55.5
3,2023-06-12,22.0,19.8,14.5,31.0,0.0,27.9,24.0,27.9
3,2023-06-13,29.4,19.7,16.8,36.7,0.0,0.6,2.0,0.6
3,2023-06-14,24.7,21.5,9.0,23.0,0.0,3.6,13.0,3.6
3,2023-06-15,23.7,20.8,11.9,26.3,0.0,16.5,12.0,16.5
3,2023-06-16,27.0,19.3,22.0,50.8,0.0,0.0,0.0,0.0
3,2023-06-17,28.7,20.1,16.3,36.4,0.0,0.0,0.0,0.0
3,2023-06-18,26.1,20.4,11.0,23.0,0.0,0.0,0.0,0.0
3,2023-06-19,28.5,21.5,22.5,46.8,0.0,0.0,0.0,0.0
3,2023-06-20,24.3,21.0,21.5,49.7,0.0,0.3,3.0,0.3
3,2023-06-21,24.8,21.1,22.2,50.8,0.0,0.5,2.0,0.5
3,2023-06-22,21.9,19.1,30.0,62.6,0.0,18.6,17.0,18.6
3,2023-06-23,25.9,20.3,14.9,34.2,0.0,1.4,10.0,1.4
3,2023-06-24,26.4,21.1,11.2,29.2,0.0,1.4,3.0,1.4
3,2023-06-25,27.1,20.9,14.1,31.0,0.0,0.0,0.0,0.0
3,2023-06-26,25.6,22.2,9.0,19.4,0.0,1.4,7.0,1.4
3,2023-06-27,28.7,22.0,13.5,31.0,0.0,0.0,0.0,0.0
3,2023-06-28,29.9,23.4,10.8,26.6,0.0,0.3,3.0,0.3
3,2023-06-29,29.9,22.5,9.8,31.0,0.0,2.4,8.0,2.4
3,2023-06-30,30.0,23.8,17.3,37.4,0.0,9.5,14.0,9.5
3,2023-07-01,28.3,23.2,19.0,45.4,0.0,23.5,21.0,23.5
3,2023-07-02,30.5,23.1,18.2,39.2,0.0,0.0,0.0,0.0
3,2023-07-03,30.9,23.5,16.1,33.5,0.0,0.0,0.0,0.0
3,2023-07-04,30.5,22.5,17.5,36.7,0.0,0.0,0.0,0.0
3,2023-07-05,26.3,22.9,23.8,51.1,0.0,13.6,10.0,13.6
3,2023-07-06,32.3,23.2,15.3,34.6,0.0,0.0,0.0,0.0
3,2023-07-07,29.4,21.6,20.7,47.2,0.0,2.6,7.0,2.6
3,2023-07-08,31.6,25.7,26.0,55.8,0.0,0.4,4.0,0.4
3,2023-07-09,30.9,26.4,18.9,39.6,0.0,4.0,9.0,4.0
3,2023-07-10,32.9,24.5,11.2,27.0,0.0,2.0,6.0,2.0
3,2023-07-11,32.6,24.6,13.4,32.4,0.0,0.0,0.0,0.0
3,2023-07-12,32.1,24.7,9.7,33.8,0.0,2.2,4.0,2.2
3,2023-07-13,29.5,24.3,8.7,34.6,0.0,2.1,7.0,2.1
3,2023-07-14,30.7,24.9,16.9,35.3,0.0,0.0,0.0,0.0
3,2023-07-15,31.2,25.9,20.9,44.3,0.0,1.3,5.0,1.3
3,2023-07-16,32.6,25.4,20.0,41.8,0.0,0.1,1.0,0.1
3,2023-07-17,34.8,25.2,13.6,32.0,0.0,0.0,0.0,0.0
3,2023-07-18,36.0,26.2,16.2,38.2,0.0,0.0,0.0,0.0
3,2023-07-19,34.1,25.8,19.0,46.1,0.0,0.7,3.0,0.7
3,2023-07-20,32.9,24.1,22.1,47.2,0.0,6.6,5.0,6.6
3,2023-07-21,29.8,24.8,14.6,36.4,0.0,0.6,4.0,0.6
3,2023-07-22,29.8,24.6,16.8,40.0,0.0,0.1,1.0,0.1
3,2023-07-23,30.8,24.1,17.1,41.0,0.0,0.2,2.0,0.2
3,2023-07-24,31.3,23.8,15.3,37.8,0.0,0.1,1.0,0.1
3,2023-07-25,33.3,24.3,16.3,40.0,0.0,0.2,2.0,0.2
3,2023-07-26,34.3,25.7,11.5,31.0,0.0,0.0,0.0,0.0
3,2023-07-27,34.7,25.9,14.0,36.0,0.0,0.0,0.0,0.0
3,2023-07-28,32.8,26.4,15.6,40.3,0.0,1.3,5.0,1.3
3,2023-07-29,33.4,25.6,16.9,42.1,0.0,0.0,0.0,0.0
3,2023-07-30,33.6,25.5,16.0,39.6,0.0,0.3,2.0,0.3
3,2023-07-31,33.2,26.0,15.5,38.2,0.0,0.8,4.0,0.8
3,2023-08-01,32.7,25.5,14.2,36.4,0.0,3.6,7.0,3.6
3,2023-08-02,31.9,24.9,18.8,43.9,0.0,2.9,7.0,2.9
3,2023-08-03,31.8,25.5,20.9,48.2,0.0,1.3,7.0,1.3
3,2023-08-04,33.5,26.3,21.4,48.6,0.0,0.7,6.0,0.7
3,2023-08-05,31.9,26.4,20.8,47.5,0.0,2.2,11.0,2.2
3,2023-08-06,30.3,24.8,25.3,57.6,0.0,10.7,22.0,10.7
3,2023-08-07,30.4,23.9,25.1,56.2,0.0,12.1,19.0,12.1
3,2023-08-08,30.5,24.9,28.6,63.0,0.0,6.5,18.0,6.5
3,2023-08-09,29.1,26.0,24.5,55.4,0.0,10.9,18.0,10.9
3,2023-08-10,30.8,26.2,34.9,74.5,0.0,5.2,14.0,5.2
3,2023-08-11,31.0,25.7,24.0,51.1,0.0,0.9,5.0,0.9
3,2023-08-12,33.6,24.8,14.0,30.6,0.0,0.0,0.0,0.0
3,2023-08-13,32.3,25.2,19.8,51.8,0.0,3.9,3.0,3.9
3,2023-08-14,30.1,25.0,44.5,97.6,0.0,33.7,16.0,33.7
3,2023-08-15,28.4,25.1,51.6,110.2,0.0,81.3,23.0,81.3
3,2023-08-16,31.0,24.7,25.8,58.3,0.0,11.9,10.0,11.9
3,2023-08-17,31.5,25.9,19.0,42.5,0.0,1.5,9.0,1.5
3,2023-08-18,31.1,25.2,13.6,33.1,0.0,0.9,6.0,0.9
3,2023-08-19,31.2,25.5,11.5,29.2,0.0,0.2,1.0,0.2
3,2023-08-20,32.0,25.5,12.1,29.9,0.0,0.0,0.0,0.0
3,2023-08-21,31.6,25.2,12.4,31.3,0.0,2.3,6.0,2.3
3,2023-08-22,30.5,24.9,20.3,45.0,0.0,24.3,21.0,24.3
3,2023-08-23,29.8,24.6,25.0,54.4,0.0,50.8,24.0,50.8
3,2023-08-24,28.2,24.3,17.0,36.4,0.0,32.0,19.0,32.0
3,2023-08-25,30.3,23.3,15.8,36.7,0.0,4.3,9.0,4.3
3,2023-08-26,30.4,24.4,16.1,33.1,0.0,2.5,10.0,2.5
3,2023-08-27,29.8,23.8,10.7,27.0,0.0,0.2,2.0,0.2
3,2023-08-28,31.0,24.6,14.8,33.5,0.0,0.6,3.0,0.6
3,2023-08-29,30.8,26.1,17.0,39.6,0.0,0.0,0.0,0.0
3,2023-08-30,29.6,25.2,20.0,45.7,0.0,3.0,10.0,3.0
3,2023-08-31,30.7,25.5,22.3,48.6,0.0,0.4,3.0,0.4
3,2023-09-01,30.8,26.3,16.0,37.1,0.0,1.5,6.0,1.5
3,2023-09-02,30.9,24.6,10.1,26.6,0.0,0.6,4.0,0.6
3,2023-09-03,31.0,24.9,9.7,27.0,0.0,0.0,0.0,0.0
3,2023-09-04,30.3,24.5,21.7,47.5,0.0,13.8,15.0,13.8
3,2023-09-05,31.1,25.0,18.8,41.8,0.0,1.5,9.0,1.5
3,2023-09-06,27.9,24.4,10.4,22.7,0.0,12.7,12.0,12.7
3,2023-09-07,27.5,24.5,29.9,63.0,0.0,3.1,9.0,3.1
3,2023-09-08,27.9,22.9,26.5,64.4,0.0,51.7,18.0,51.7
3,2023-09-09,30.2,22.8,14.2,27.0,0.0,0.5,2.0,0.5
3,2023-09-10,28.6,23.6,16.1,36.4,0.0,12.3,10.0,12.3
3,2023-09-11,25.8,22.5,15.5,39.2,0.0,14.1,20.0,14.1
3,2023-09-12,28.1,22.9,9.7,24.8,0.0,3.3,11.0,3.3
3,2023-09-13,29.1,23.3,11.8,28.8,0.0,0.9,3.0,0.9
3,2023-09-14,30.4,24.1,12.6,30.6,0.0,1.0,6.0,1.0
3,2023-09-15,31.1,25.1,12.7,27.0,0.0,0.6,4.0,0.6
3,2023-09-16,31.2,25.5,12.8,27.4,0.0,0.8,4.0,0.8
3,2023-09-17,30.6,24.3,17.3,40.7,0.0,0.0,0.0,0.0
3,2023-09-18,30.6,25.4,14.3,33.5,0.0,1.8,7.0,1.8
3,2023-09-19,30.9,24.2,13.2,28.8,0.0,0.4,3.0,0.4
3,2023-09-20,30.0,24.7,13.4,36.0,0.0,1.6,7.0,1.6
3,2023-09-21,29.3,25.6,29.5,63.0,0.0,2.8,4.0,2.8
3,2023-09-22,29.8,23.9,18.9,40.0,0.0,24.9,6.0,24.9
3,2023-09-23,28.1,22.3,25.8,54.7,0.0,1.1,2.0,1.1
3,2023-09-24,26.4,21.5,21.0,41.8,0.0,0.7,4.0,0.7
3,2023-09-25,26.5,22.5,22.3,45.4,0.0,0.0,0.0,0.0
3,2023-09-26,27.4,21.2,11.3,22.0,0.0,0.0,0.0,0.0
3,2023-09-27,29.2,21.4,10.5,27.0,0.0,1.2,3.0,1.2
3,2023-09-28,31.9,22.7,20.7,44.6,0.0,0.0,0.0,0.0
3,2023-09-29,29.3,22.6,22.6,45.7,0.0,0.0,0.0,0.0
3,2023-09-30,29.4,20.3,16.6,37.4,0.0,0.1,1.0,0.1
3,2023-10-01,27.1,22.2,22.0,47.9,0.0,0.5,3.0,0.5
3,2023-10-02,25.6,19.9,25.7,56.2,0.0,0.0,0.0,0.0
3,2023-10-03,25.0,18.5,16.9,34.2,0.0,14.8,5.0,14.8
3,2023-10-04,22.1,19.1,21.3,43.9,0.0,73.3,20.0,73.3
3,2023-10-05,23.7,17.6,38.0,81.4,0.0,0.0,0.0,0.0
3,2023-10-06,22.2,17.0,37.6,83.5,0.0,0.0,0.0,0.0
3,2023-10-07,22.0,17.2,27.0,56.9,0.0,0.0,0.0,0.0
3,2023-10-08,20.3,15.3,23.4,48.2,0.0,16.3,16.0,16.3
3,2023-10-09,20.9,17.2,24.4,49.0,0.0,37.3,16.0,37.3
3,2023-10-10,23.9,18.4,32.6,68.0,0.0,6.0,8.0,6.0
3,2023-10-11,22.5,17.3,33.9,69.1,0.0,0.0,0.0,0.0
3,2023-10-12,22.0,16.3,15.8,31.0,0.0,0.0,0.0,0.0
3,2023-10-13,21.6,15.0,13.0,31.3,0.0,0.0,0.0,0.0
3,2023-10-14,21.2,14.3,8.5,19.8,0.0,10.8,10.0,10.8
3,2023-10-15,23.4,17.0,27.1,58.7,0.0,18.2,10.0,18.2
3,2023-10-16,23.0,16.6,21.1,46.4,0.0,0.0,0.0,0.0
3,2023-10-17,22.7,16.7,20.9,46.8,0.0,0.0,0.0,0.0
3,2023-10-18,21.7,14.3,12.8,30.2,0.0,0.0,0.0,0.0
3,2023-10-19,23.1,15.0,11.9,23.8,0.0,0.5,3.0,0.5
3,2023-10-20,24.4,17.2,29.1,58.7,0.0,2.5,7.0,2.5
3,2023-10-21,18.4,13.3,30.6,67.0,0.0,0.0,0.0,0.0
3,2023-10-22,18.2,11.4,21.0,45.4,0.0,0.0,0.0,0.0
3,2023-10-23,21.3,12.2,10.5,26.3,0.0,0.0,0.0,0.0
3,2023-10-24,20.6,13.6,8.7,22.7,0.0,0.0,0.0,0.0
3,2023-10-25,21.3,14.4,17.3,34.2,0.0,0.1,1.0,0.1
3,2023-10-26,22.0,14.3,16.5,38.2,0.0,0.0,0.0,0.0
3,2023-10-27,22.9,12.9,16.7,34.6,0.0,0.3,1.0,0.3
3,2023-10-28,20.5,13.5,29.5,63.0,0.0,0.0,0.0,0.0
3,2023-10-29,19.3,13.4,29.8,64.8,0.0,0.0,0.0,0.0
3,2023-10-30,20.1,13.5,22.2,45.7,0.0,0.0,0.0,0.0
3,2023-10-31,20.4,13.6,11.2,25.9,0.0,0.0,0.0,0.0
3,2023-11-01,21.3,13.4,10.6,27.7,0.0,0.0,0.0,0.0
3,2023-11-02,23.5,13.9,12.5,29.9,0.0,0.0,0.0,0.0
3,2023-11-03,22.7,13.5,10.4,20.5,0.0,0.0,0.0,0.0
3,2023-11-04,22.3,13.9,9.4,24.5,0.0,0.0,0.0,0.0
3,2023-11-05,23.6,15.1,20.0,47.5,0.0,2.7,11.0,2.7
3,2023-11-06,24.6,20.0,29.5,63.4,0.0,4.4,10.0,4.4
3,2023-11-07,22.2,15.9,34.1,72.7,0.0,9.1,8.0,9.1
3,2023-11-08,19.4,13.9,31.1,63.4,0.0,0.0,0.0,0.0
3,2023-11-09,21.1,15.2,16.2,35.6,0.0,2.8,13.0,2.8
3,2023-11-10,19.2,17.4,23.3,45.0,0.0,22.6,14.0,22.6
3,2023-11-11,17.1,11.6,29.2,59.0,0.0,0.0,0.0,0.0
3,2023-11-12,16.0,10.8,23.4,46.4,0.0,0.0,0.0,0.0
3,2023-11-13,13.0,8.8,38.2,82.4,0.0,0.5,3.0,0.5
3,2023-11-14,14.7,8.4,20.7,45.0,0.0,0.0,0.0,0.0
3,2023-11-15,14.7,9.1,15.1,30.2,0.0,0.0,0.0,0.0
3,2023-11-16,17.0,9.7,23.1,45.0,0.0,0.6,3.0,0.6
3,2023-11-17,18.0,10.5,29.2,63.0,0.0,33.7,10.0,33.7
3,2023-11-18,10.5,7.2,34.0,74.9,0.0,0.0,0.0,0.0
3,2023-11-19,15.5,8.8,24.7,50.0,0.0,0.0,0.0,0.0
3,2023-11-20,15.8,10.5,35.9,78.8,0.0,0.0,0.0,0.0
3,2023-11-21,15.2,8.7,26.5,56.5,0.0,0.0,0.0,0.0
3,2023-11-22,17.3,10.7,12.3,29.9,0.0,0.0,0.0,0.0
3,2023-11-23,18.1,9.8,9.0,17.3,0.0,0.0,0.0,0.0
3,2023-11-24,19.2,8.9,32.9,67.3,0.0,0.0,0.0,0.0
3,2023-11-25,11.4,8.1,31.8,69.8,0.0,0.2,2.0,0.2
3,2023-11-26,13.8,6.0,16.0,31.7,0.0,0.0,0.0,0.0
3,2023-11-27,15.6,6.0,10.9,23.0,0.0,4.6,6.0,4.6
3,2023-11-28,16.9,8.5,31.3,67.7,0.0,0.3,1.0,0.3
3,2023-11-29,14.7,6.8,29.2,62.3,0.0,0.0,0.0,0.0
3,2023-11-30,13.4,6.7,25.3,54.4,0.0,0.0,0.0,0.0
3,2023-12-01,11.9,5.8,24.4,51.8,0.0,0.0,0.0,0.0
3,2023-12-02,11.6,6.2,27.7,60.1,0.0,0.0,0.0,0.0
3,2023-12-03,13.7,5.8,26.7,59.8,0.0,0.0,0.0,0.0
3,2023-12-04,12.7,5.9,17.2,35.3,0.0,0.0,0.0,0.0
3,2023-12-05,10.5,6.7,16.7,33.1,0.0,3.9,10.0,3.9
3,2023-12-06,15.7,8.1,15.2,35.6,0.0,0.0,0.0,0.0
3,2023-12-07,16.5,7.5,34.0,79.6,0.0,0.0,0.0,0.0
3,2023-12-08,15.1,7.1,17.3,34.9,0.0,0.0,0.0,0.0
3,2023-12-09,15.5,7.2,9.2,20.9,0.0,0.0,0.0,0.0
3,2023-12-10,18.9,9.3,16.3,31.7,0.0,0.0,0.0,0.0
3,2023-12-11,15.8,11.2,24.5,49.7,0.0,7.3,3.0,7.3
3,2023-12-12,18.3,11.5,34.1,70.2,0.0,7.1,6.0,7.1
3,2023-12-13,13.8,6.4,34.4,69.5,0.0,0.0,0.0,0.0
3,2023-12-14,13.4,5.2,11.3,23.0,0.0,0.3,2.0,0.3
3,2023-12-15,18.0,9.7,14.0,27.7,0.0,6.1,12.0,6.1
3,2023-12-16,19.3,11.7,35.4,71.6,0.0,3.7,7.0,3.7
3,2023-12-17,11.0,2.6,32.6,70.2,0.0,0.0,0.0,0.0
3,2023-12-18,8.1,1.8,31.3,69.1,0.0,0.0,0.0,0.0
3,2023-12-19,9.3,5.5,16.3,34.2,0.0,2.0,9.0,2.0
3,2023-12-20,11.1,5.7,29.0,63.4,0.0,0.2,1.0,0.2
3,2023-12-21,6.9,1.1,29.8,64.8,0.0,0.0,0.0,0.0
3,2023-12-22,5.9,0.7,30.5,66.6,0.0,0.0,0.0,0.0
3,2023-12-23,8.1,1.1,23.8,51.8,0.0,0.0,0.0,0.0
3,2023-12-24,10.1,2.9,14.1,28.1,0.0,0.0,0.0,0.0
3,2023-12-25,10.6,3.5,20.8,44.6,0.0,0.0,0.0,0.0
3,2023-12-26,10.8,3.9,23.1,47.5,0.0,0.0,0.0,0.0
3,2023-12-27,11.7,6.9,22.7,50.8,0.0,0.0,0.0,0.0
3,2023-12-28,12.2,5.1,14.4,29.2,0.0,0.0,0.0,0.0
3,2023-12-29,12.4,7.0,24.5,53.6,0.0,0.0,0.0,0.0
3,2023-12-30,12.5,4.4,13.1,25.9,0.0,0.1,1.0,0.1
3,2023-12-31,14.7,8.2,31.7,64.8,0.0,28.3,11.0,28.3
3,2024-01-01,10.4,4.9,36.3,77.0,0.0,0.0,0.0,0.0
3,2024-01-02,11.5,3.8,18.4,36.7,0.0,0.0,0.0,0.0
3,2024-01-03,12.0,5.4,12.1,24.5,0.0,2.0,4.0,2.0
3,2024-01-04,12.1,6.9,33.4,74.9,0.0,0.8,3.0,0.8
3,2024-01-05,12.2,3.4,15.7,32.4,0.0,0.0,0.0,0.0
3,2024-01-06,13.4,6.0,19.6,38.5,0.0,0.1,1.0,0.1
3,2024-01-07,10.0,3.6,32.8,68.8,0.0,0.0,0.0,0.0
3,2024-01-08,6.5,2.1,32.8,67.7,0.0,0.1,1.0,0.1
3,2024-01-09,9.8,1.7,12.3,26.3,0.0,0.0,0.0,0.0
3,2024-01-10,9.0,2.7,18.3,41.0,0.0,0.1,1.0,0.1
3,2024-01-11,9.4,4.3,22.4,48.2,0.0,0.3,3.0,0.3
3,2024-01-12,12.7,3.4,29.2,62.3,0.0,0.0,0.0,0.0
3,2024-01-13,11.8,2.6,42.0,88.9,0.14,0.2,2.0,0.4
3,2024-01-14,8.9,1.1,34.0,73.4,0.0,0.0,0.0,0.0
3,2024-01-15,8.2,3.4,38.2,85.0,0.0,0.1,1.0,0.1
3,2024-01-16,6.1,2.5,43.9,94.7,0.0,0.0,0.0,0.0
3,2024-01-17,11.6,2.5,30.1,64.8,0.0,0.0,0.0,0.0
3,2024-01-18,9.0,6.0,11.9,24.8,0.0,1.6,11.0,1.6
3,2024-01-19,13.1,7.4,20.1,41.8,0.0,0.2,1.0,0.2
3,2024-01-20,12.0,8.0,35.1,68.0,0.0,24.4,20.0,24.4
3,2024-01-21,15.2,9.2,43.5,85.3,0.0,54.6,13.0,54.6
3,2024-01-22,12.6,7.0,28.3,59.4,0.0,0.0,0.0,0.0
3,2024-01-23,9.4,1.7,30.9,67.3,0.0,0.0,0.0,0.0
3,2024-01-24,4.8,-1.1,34.9,78.8,0.07,0.0,1.0,0.1
3,2024-01-25,5.7,0.1,32.4,73.4,0.07,0.0,1.0,0.1
3,2024-01-26,6.5,1.9,39.9,90.4,0.0,0.2,2.0,0.2
3,2024-01-27,8.6,3.3,32.8,69.8,0.0,0.0,0.0,0.0
3,2024-01-28,9.3,2.4,27.8,55.4,0.0,0.1,1.0,0.1
3,2024-01-29,10.2,4.3,30.6,61.6,0.0,0.0,0.0,0.0
3,2024-01-30,11.2,2.1,11.1,27.7,0.0,0.0,0.0,0.0
3,2024-01-31,8.9,4.9,9.2,24.1,0.0,2.4,9.0,2.4
3,2024-02-01,12.3,4.7,34.8,69.8,0.0,14.3,4.0,14.3
3,2024-02-02,7.7,2.4,34.9,71.3,0.0,0.0,0.0,0.0
3,2024-02-03,10.3,3.4,31.1,64.1,0.0,0.8,2.0,0.8
3,2024-02-04,11.3,4.9,22.6,49.7,0.0,1.8,8.0,1.8
3,2024-02-05,10.6,4.9,28.0,58.3,0.0,36.3,13.0,36.3
3,2024-02-06,8.8,4.5,35.2,73.8,0.0,0.0,0.0,0.0
3,2024-02-07,9.8,3.8,20.5,45.4,0.0,0.2,2.0,0.2
3,2024-02-08,9.0,3.1,28.8,62.6,0.0,0.0,0.0,0.0
3,2024-02-09,9.7,3.0,19.1,39.6,0.0,0.0,0.0,0.0
3,2024-02-10,11.5,3.4,22.5,49.0,0.0,0.0,0.0,0.0
3,2024-02-11,9.7,3.2,21.7,47.2,0.0,0.0,0.0,0.0
3,2024-02-12,10.2,3.1,31.7,68.0,0.0,0.0,0.0,0.0
3,2024-02-13,13.2,1.6,10.1,22.0,0.0,0.0,0.0,0.0
3,2024-02-14,16.3,5.2,11.7,22.0,0.0,0.0,0.0,0.0
3,2024-02-15,17.5,7.2,28.7,63.4,0.0,15.6,9.0,15.6
3,2024-02-16,14.6,5.7,40.2,83.2,0.0,0.3,2.0,0.3
3,2024-02-17,11.8,6.4,13.8,31.3,0.0,0.9,7.0,0.9
3,2024-02-18,15.8,9.9,23.3,47.5,0.0,9.6,24.0,9.6
3,2024-02-19,17.4,13.5,33.8,71.6,0.0,26.8,24.0,26.8
3,2024-02-20,19.5,11.7,25.6,61.6,0.0,2.0,4.0,2.0
3,2024-02-21,17.7,10.7,20.8,43.6,0.0,23.6,11.0,23.6
3,2024-02-22,12.1,6.1,28.8,59.4,0.0,11.9,14.0,11.9
3,2024-02-23,5.8,4.2,30.4,60.8,0.0,17.2,17.0,17.2
3,2024-02-24,10.0,3.4,28.6,59.0,0.0,0.0,0.0,0.0
3,2024-02-25,8.8,6.7,28.8,61.6,0.0,26.8,23.0,26.8
3,2024-02-26,10.2,4.9,43.0,93.2,0.0,0.0,0.0,0.0
3,2024-02-27,9.0,3.7,43.2,92.2,0.0,0.0,0.0,0.0
3,2024-02-28,11.4,3.6,34.1,69.8,0.0,0.0,0.0,0.0
3,2024-02-29,12.3,3.3,30.0,59.4,0.0,16.4,8.0,16.4
3,2024-03-01,13.6,6.2,43.6,91.4,0.0,5.3,6.0,5.3
3,2024-03-02,6.2,2.2,32.2,69.5,0.07,0.0,1.0,0.1
3,2024-03-03,10.9,0.9,25.8,55.8,0.0,0.0,0.0,0.0
3,2024-03-04,12.3,3.6,22.5,52.9,0.0,1.3,6.0,1.3
3,2024-03-05,12.2,6.1,30.8,60.5,0.0,29.2,18.0,29.2
3,2024-03-06,11.4,6.5,30.1,65.5,0.0,2.2,8.0,2.2
3,2024-03-07,10.7,4.5,29.9,63.7,0.0,0.0,0.0,0.0
3,2024-03-08,11.3,5.2,28.8,63.7,0.0,0.3,1.0,0.3
3,2024-03-09,7.2,2.6,31.9,68.4,0.0,0.4,4.0,0.4
3,2024-03-10,9.0,2.3,26.2,56.9,0.0,0.0,0.0,0.0
3,2024-03-11,12.3,2.1,15.5,34.2,0.0,0.0,0.0,0.0
3,2024-03-12,13.0,7.3,41.9,86.4,0.0,64.8,15.0,64.8
3,2024-03-13,10.5,6.1,40.7,87.8,0.0,0.0,0.0,0.0
3,2024-03-14,14.0,2.8,17.3,38.2,0.0,0.2,2.0,0.2
3,2024-03-15,17.1,4.8,21.1,41.8,0.0,0.0,0.0,0.0
3,2024-03-16,18.3,8.5,26.1,58.7,0.0,0.0,0.0,0.0
3,2024-03-17,16.3,6.5,26.1,50.0,0.0,4.6,6.0,4.6
3,2024-03-18,10.3,4.7,43.3,95.8,0.0,0.0,0.0,0.0
3,2024-03-19,10.8,3.9,20.5,41.8,0.0,0.0,0.0,0.0
3,2024-03-20,10.8,3.7,46.0,115.2,0.21,1.1,5.0,1.4
3,2024-03-21,7.8,1.5,34.9,73.8,0.98,0.7,6.0,2.1
3,2024-03-22,9.8,2.0,23.6,51.8,0.0,0.0,0.0,0.0
3,2024-03-23,10.4,6.3,15.6,51.1,0.0,15.1,16.0,15.1
3,2024-03-24,11.5,7.5,12.0,24.5,0.0,18.0,13.0,18.0
3,2024-03-25,12.3,9.6,11.0,20.9,0.0,3.1,14.0,3.1
3,2024-03-26,14.2,7.4,46.3,96.1,0.0,25.9,17.0,25.9
3,2024-03-27,14.4,7.0,38.7,78.5,0.0,0.0,0.0,0.0
3,2024-03-28,16.3,6.2,30.8,60.8,0.0,13.0,11.0,13.0
3,2024-03-29,21.9,12.5,46.2,94.0,0.0,11.5,11.0,11.5
3,2024-03-30,19.8,11.6,27.1,56.5,0.0,0.0,0.0,0.0
3,2024-03-31,22.2,10.7,12.6,28.1,0.0,0.3,3.0,0.3
3,2024-04-01,19.1,11.1,24.3,50.8,0.0,1.4,5.0,1.4
3,2024-04-02,18.6,8.7,13.7,31.0,0.0,0.0,0.0,0.0
3,2024-04-03,15.5,11.1,25.1,52.2,0.0,33.4,18.0,33.4
3,2024-04-04,18.8,12.6,27.7,60.1,0.0,3.0,5.0,3.0
3,2024-04-05,15.0,10.6,23.6,46.4,0.0,2.5,7.0,2.5
3,2024-04-06,18.0,10.8,12.9,31.7,0.0,0.0,0.0,0.0
3,2024-04-07,21.5,12.9,12.5,29.9,0.0,0.0,0.0,0.0
3,2024-04-08,19.5,14.2,23.6,46.4,0.0,6.3,11.0,6.3
3,2024-04-09,18.6,9.0,45.7,99.7,0.0,51.9,11.0,51.9
3,2024-04-10,16.2,7.0,33.3,67.0,0.0,0.0,0.0,0.0
3,2024-04-11,16.4,12.1,20.3,45.7,0.0,0.0,0.0,0.0
3,2024-04-12,18.2,12.5,11.8,25.2,0.0,0.0,0.0,0.0
3,2024-04-13,21.0,11.3,18.4,40.3,0.0,0.0,0.0,0.0
3,2024-04-14,20.8,11.6,14.3,34.9,0.0,0.0,0.0,0.0
3,2024-04-15,20.5,11.5,20.1,45.0,0.0,0.0,0.0,0.0
3,2024-04-16,21.1,15.8,24.2,54.7,0.0,3.5,6.0,3.5
3,2024-04-17,21.6,15.7,23.0,45.7,0.0,0.8,4.0,0.8
3,2024-04-18,18.1,13.6,25.3,50.8,0.0,0.3,2.0,0.3
3,2024-04-19,20.4,12.6,37.6,78.5,0.0,0.0,0.0,0.0
3,2024-04-20,24.5,13.2,13.8,33.5,0.0,0.1,1.0,0.1
3,2024-04-21,19.8,15.9,22.0,42.1,0.0,26.2,14.0,26.2
3,2024-04-22,20.2,16.1,20.7,42.1,0.0,2.7,9.0,2.7
3,2024-04-23,18.3,15.7,24.8,50.0,0.0,6.4,13.0,6.4
3,2024-04-24,17.6,15.7,34.1,72.4,0.0,19.5,21.0,19.5
3,2024-04-25,22.0,14.4,24.9,56.5,0.0,0.2,2.0,0.2
3,2024-04-26,21.6,13.4,13.6,30.6,0.0,0.1,1.0,0.1
3,2024-04-27,20.0,15.6,7.2,20.2,0.0,3.1,6.0,3.1
3,2024-04-28,24.7,13.9,13.6,32.0,0.0,0.0,0.0,0.0
3,2024-04-29,21.1,16.1,17.9,39.2,0.0,2.6,7.0,2.6
3,2024-04-30,21.9,17.9,19.0,40.0,0.0,3.4,9.0,3.4
3,2024-05-01,18.6,13.5,25.3,50.4,0.0,10.4,17.0,10.4
3,2024-05-02,19.4,11.5,23.5,47.2,0.0,3.1,3.0,3.1
3,2024-05-03,20.9,11.7,13.7,31.0,0.0,0.0,0.0,0.0
3,2024-05-04,22.9,13.9,13.5,32.8,0.0,0.0,0.0,0.0
3,2024-05-05,22.3,13.7,17.9,41.8,0.0,0.0,0.0,0.0
3,2024-05-06,20.8,17.8,26.4,58.7,0.0,3.6,9.0,3.6
3,2024-05-07,24.5,17.1,29.6,61.2,0.0,17.9,15.0,17.9
3,2024-05-08,19.6,11.8,32.7,69.5,0.0,0.0,0.0,0.0
3,2024-05-09,16.6,10.6,33.7,73.8,0.0,0.0,0.0,0.0
3,2024-05-10,20.5,10.2,14.5,30.6,0.0,0.0,0.0,0.0
3,2024-05-11,22.1,14.1,23.2,51.5,0.0,0.0,0.0,0.0
3,2024-05-12,21.6,17.3,21.9,47.9,0.0,5.3,7.0,5.3
3,2024-05-13,20.6,13.4,31.5,68.4,0.0,38.7,18.0,38.7
3,2024-05-14,20.8,12.6,23.5,47.9,0.0,0.0,0.0,0.0
3,2024-05-15,21.5,14.3,20.9,44.3,0.0,20.5,8.0,20.5
3,2024-05-16,23.8,13.9,30.6,61.6,0.0,4.8,11.0,4.8
3,2024-05-17,23.5,13.5,20.2,46.4,0.0,0.0,0.0,0.0
3,2024-05-18,25.2,14.4,15.8,36.0,0.0,0.0,0.0,0.0
3,2024-05-19,19.0,13.7,15.5,33.8,0.0,15.4,16.0,15.4
3,2024-05-20,25.0,13.0,18.4,38.9,0.0,12.5,7.0,12.5
3,2024-05-21,24.0,16.7,25.6,56.2,0.0,0.0,0.0,0.0
3,2024-05-22,21.2,15.2,17.4,39.2,0.0,0.4,2.0,0.4
3,2024-05-23,22.3,17.8,13.5,32.0,0.0,0.1,1.0,0.1
3,2024-05-24,28.3,17.3,31.5,61.9,0.0,0.0,0.0,0.0
3,2024-05-25,23.6,16.0,32.6,65.9,0.0,0.0,0.0,0.0
3,2024-05-26,23.0,15.4,20.0,45.4,0.0,3.3,10.0,3.3
3,2024-05-27,24.7,18.9,25.2,54.0,0.0,10.8,11.0,10.8
3,2024-05-28,22.6,16.6,52.1,122.8,0.0,50.2,20.0,50.2
3,2024-05-29,22.6,15.8,34.9,74.5,0.0,0.0,0.0,0.0
3,2024-05-30,23.4,13.9,14.8,35.6,0.0,0.7,2.0,0.7
3,2024-05-31,21.9,16.5,16.7,34.6,0.0,7.0,13.0,7.0
3,2024-06-01,23.7,16.3,18.4,39.6,0.0,0.0,0.0,0.0
3,2024-06-02,22.6,17.7,16.6,40.0,0.0,2.1,9.0,2.1
3,2024-06-03,23.2,16.0,17.4,37.4,0.0,0.0,0.0,0.0
3,2024-06-04,24.1,15.5,21.4,43.6,0.0,0.0,0.0,0.0
3,2024-06-05,25.2,15.6,15.6,36.4,0.0,0.0,0.0,0.0
3,2024-06-06,24.6,16.2,15.2,35.6,0.0,0.0,0.0,0.0
3,2024-06-07,24.3,18.6,16.8,39.6,0.0,0.0,0.0,0.0
3,2024-06-08,24.8,18.6,18.3,42.5,0.0,0.0,0.0,0.0
3,2024-06-09,20.8,19.1,17.4,37.4,0.0,30.9,19.0,30.9
3,2024-06-10,24.7,18.4,14.5,33.1,0.0,12.4,6.0,12.4
3,2024-06-11,26.8,17.7,15.2,32.8,0.0,0.0,0.0,0.0
3,2024-06-12,26.3,19.3,15.1,35.6,0.0,0.0,0.0,0.0
3,2024-06-13,25.8,19.9,10.5,22.3,0.0,0.0,0.0,0.0
3,2024-06-14,27.7,19.2,14.0,32.8,0.0,0.0,0.0,0.0
3,2024-06-15,25.9,19.6,25.3,51.1,0.0,10.7,9.0,10.7
3,2024-06-16,27.8,21.0,18.0,41.4,0.0,0.6,3.0,0.6
3,2024-06-17,27.8,20.5,17.8,39.6,0.0,12.8,6.0,12.8
3,2024-06-18,22.3,18.6,18.8,52.2,0.0,86.0,15.0,86.0
3,2024-06-19,26.9,19.6,18.4,40.0,0.0,0.0,0.0,0.0
3,2024-06-20,25.9,19.3,14.2,33.8,0.0,0.0,0.0,0.0
3,2024-06-21,26.0,18.2,27.7,58.7,0.0,69.6,12.0,69.6
3,2024-06-22,26.9,18.9,24.6,54.0,0.0,8.5,7.0,8.5
3,2024-06-23,29.1,21.4,25.3,53.3,0.0,31.2,11.0,31.2
3,2024-06-24,29.8,23.5,16.1,32.8,0.0,9.1,6.0,9.1
3,2024-06-25,29.0,22.6,14.8,30.2,0.0,0.2,2.0,0.2
3,2024-06-26,28.2,22.9,20.3,44.6,0.0,0.1,1.0,0.1
3,2024-06-27,26.6,21.1,9.3,23.8,0.0,1.5,8.0,1.5
3,2024-06-28,25.3,22.2,34.4,70.6,0.0,31.2,23.0,31.2
3,2024-06-29,30.1,22.1,16.1,37.4,0.0,2.0,5.0,2.0
3,2024-06-30,26.1,24.0,27.3,58.0,0.0,10.4,9.0,10.4
3,2024-07-01,28.9,24.4,26.3,55.4,0.0,18.6,14.0,18.6
3,2024-07-02,28.1,23.4,15.1,33.5,0.0,11.9,15.0,11.9
3,2024-07-03,31.6,23.7,9.8,23.4,0.0,0.2,2.0,0.2
3,2024-07-04,32.5,26.2,24.2,52.2,0.0,0.6,2.0,0.6
3,2024-07-05,32.8,25.4,13.4,31.7,0.0,0.2,2.0,0.2
3,2024-07-06,34.0,26.5,14.8,33.8,0.0,0.2,2.0,0.2
3,2024-07-07,34.5,25.2,12.2,30.2,0.0,0.0,0.0,0.0
3,2024-07-08,35.3,25.9,14.9,37.4,0.0,0.0,0.0,0.0
3,2024-07-09,34.2,25.5,20.2,45.0,0.0,0.1,1.0,0.1
3,2024-07-10,31.9,25.3,30.3,64.4,0.0,2.4,7.0,2.4
3,2024-07-11,28.3,25.3,18.7,40.7,0.0,6.3,8.0,6.3
3,2024-07-12,26.5,23.3,21.2,47.2,0.0,20.6,14.0,20.6
3,2024-07-13,28.0,22.9,15.2,35.3,0.0,10.9,10.0,10.9
3,2024-07-14,29.7,23.7,10.5,23.8,0.0,1.3,10.0,1.3
3,2024-07-15,30.7,22.8,11.8,28.8,0.0,5.1,12.0,5.1
3,2024-07-16,29.2,22.9,15.9,34.9,0.0,29.4,20.0,29.4
3,2024-07-17,30.8,24.3,9.4,29.2,0.0,0.3,3.0,0.3
3,2024-07-18,32.0,24.6,22.3,45.7,0.0,0.0,0.0,0.0
3,2024-07-19,31.3,25.9,20.9,45.0,0.0,2.4,7.0,2.4
3,2024-07-20,34.0,26.2,12.7,31.0,0.0,1.2,5.0,1.2
3,2024-07-21,33.2,25.9,11.8,28.4,0.0,0.0,0.0,0.0
3,2024-07-22,34.0,26.6,15.2,32.8,0.0,0.7,4.0,0.7
3,2024-07-23,33.8,26.0,17.1,37.4,0.0,0.0,0.0,0.0
3,2024-07-24,32.7,26.3,9.0,28.1,0.0,5.7,6.0,5.7
3,2024-07-25,32.1,25.5,15.3,36.4,0.0,0.2,2.0,0.2
3,2024-07-26,32.7,25.0,17.3,39.2,0.0,0.1,1.0,0.1
3,2024-07-27,34.3,27.0,12.1,27.4,0.0,1.8,2.0,1.8
3,2024-07-28,34.7,28.3,22.2,48.2,0.0,0.0,0.0,0.0
3,2024-07-29,34.7,27.9,22.1,47.2,0.0,0.0,0.0,0.0
3,2024-07-30,35.3,27.8,26.3,58.3,0.0,0.0,0.0,0.0
3,2024-07-31,33.9,27.5,29.8,65.5,0.0,0.0,0.0,0.0
3,2024-08-01,33.7,25.7,16.3,38.2,0.0,0.0,0.0,0.0
3,2024-08-02,33.1,25.8,17.4,41.8,0.0,0.0,0.0,0.0
3,2024-08-03,33.5,26.4,17.0,41.8,0.0,0.0,0.0,0.0
3,2024-08-04,34.2,26.4,13.0,34.2,0.0,0.0,0.0,0.0
3,2024-08-05,34.4,26.5,14.8,37.4,0.0,0.1,1.0,0.1
3,2024-08-06,33.7,27.0,12.2,31.7,0.0,1.2,3.0,1.2
3,2024-08-07,33.8,26.2,11.8,27.0,0.0,2.6,9.0,2.6
3,2024-08-08,34.2,25.8,12.1,31.0,0.0,0.0,0.0,0.0
3,2024-08-09,37.1,26.8,18.7,35.3,0.0,0.0,0.0,0.0
3,2024-08-10,35.7,27.1,17.9,41.4,0.0,0.0,0.0,0.0
3,2024-08-11,36.6,26.6,16.4,38.5,0.0,0.0,0.0,0.0
3,2024-08-12,36.0,26.8,17.4,41.0,0.0,0.0,0.0,0.0
3,2024-08-13,34.9,26.3,17.2,41.4,0.0,0.0,0.0,0.0
3,2024-08-14,34.1,26.5,16.1,40.0,0.0,0.0,0.0,0.0
3,2024-08-15,33.9,27.1,13.4,33.1,0.0,0.3,3.0,0.3
3,2024-08-16,35.6,27.3,29.7,65.2,0.0,0.0,0.0,0.0
3,2024-08-17,36.4,27.4,25.1,52.6,0.0,0.0,0.0,0.0
3,2024-08-18,35.2,26.8,19.6,43.9,0.0,0.0,0.0,0.0
3,2024-08-19,33.1,26.2,12.0,27.4,0.0,2.2,7.0,2.2
3,2024-08-20,30.6,24.9,14.1,37.4,0.0,33.5,16.0,33.5
3,2024-08-21,34.5,27.0,16.5,36.7,0.0,0.1,1.0,0.1
3,2024-08-22,32.2,25.6,14.8,35.6,0.0,4.2,8.0,4.2
3,2024-08-23,33.0,27.6,17.3,40.3,0.0,1.9,6.0,1.9
3,2024-08-24,32.9,26.1,15.0,31.7,0.0,6.5,12.0,6.5
3,2024-08-25,32.1,25.4,15.0,34.6,0.0,2.8,7.0,2.8
3,2024-08-26,31.2,24.5,25.9,55.8,0.0,18.4,19.0,18.4
3,2024-08-27,29.4,24.1,20.9,49.0,0.0,19.0,22.0,19.0
3,2024-08-28,27.7,23.7,21.3,46.4,0.0,27.2,22.0,27.2
3,2024-08-29,26.1,24.1,26.5,56.2,0.0,39.0,24.0,39.0
3,2024-08-30,29.0,25.1,22.8,48.2,0.0,14.2,24.0,14.2
3,2024-08-31,27.3,25.1,25.8,51.1,0.0,63.3,22.0,63.3
3,2024-09-01,29.0,24.8,27.7,57.2,0.0,15.5,19.0,15.5
3,2024-09-02,30.3,25.8,14.3,38.5,0.0,1.4,6.0,1.4
3,2024-09-03,30.4,24.6,15.4,36.7,0.0,0.0,0.0,0.0
3,2024-09-04,29.3,23.3,13.0,31.7,0.0,0.5,3.0,0.5
3,2024-09-05,29.5,23.5,12.0,28.4,0.0,0.5,5.0,0.5
3,2024-09-06,31.7,23.6,14.0,28.8,0.0,0.0,0.0,0.0
3,2024-09-07,31.2,24.3,12.5,28.4,0.0,0.0,0.0,0.0
3,2024-09-08,31.4,24.9,12.2,28.8,0.0,0.0,0.0,0.0
3,2024-09-09,30.3,24.0,17.1,38.9,0.0,4.7,7.0,4.7
3,2024-09-10,28.9,24.3,18.6,41.4,0.0,20.7,17.0,20.7
3,2024-09-11,31.3,25.2,12.6,28.4,0.0,2.8,9.0,2.8
3,2024-09-12,30.9,25.1,16.6,36.7,0.0,0.7,4.0,0.7
3,2024-09-13,31.3,25.2,14.6,33.5,0.0,0.2,2.0,0.2
3,2024-09-14,30.2,25.4,18.3,40.7,0.0,5.1,12.0,5.1
3,2024-09-15,31.5,26.0,16.5,38.2,0.0,0.8,5.0,0.8
3,2024-09-16,31.9,26.2,13.0,31.0,0.0,0.2,2.0,0.2
3,2024-09-17,31.3,26.1,14.2,31.7,0.0,0.7,5.0,0.7
3,2024-09-18,32.4,25.3,13.7,30.2,0.0,0.4,3.0,0.4
3,2024-09-19,33.7,26.2,9.3,26.3,0.0,0.1,1.0,0.1
3,2024-09-20,33.1,26.3,19.2,39.6,0.0,0.0,0.0,0.0
3,2024-09-21,33.2,27.6,21.4,46.8,0.0,0.5,2.0,0.5
3,2024-09-22,31.9,23.1,30.9,66.6,0.0,21.5,10.0,21.5
3,2024-09-23,28.3,22.8,30.1,62.6,0.0,0.0,0.0,0.0
3,2024-09-24,25.8,22.6,23.1,51.5,0.0,0.0,0.0,0.0
3,2024-09-25,26.3,21.5,21.3,43.9,0.0,0.0,0.0,0.0
3,2024-09-26,28.3,22.3,13.7,30.6,0.0,2.5,6.0,2.5
3,2024-09-27,25.6,23.3,18.4,35.3,0.0,6.7,14.0,6.7
3,2024-09-28,26.5,22.9,8.4,21.6,0.0,1.0,7.0,1.0
3,2024-09-29,25.8,22.7,19.7,47.5,0.0,0.2,2.0,0.2
3,2024-09-30,26.0,22.4,15.9,37.1,0.0,0.0,0.0,0.0
3,2024-10-01,30.3,21.6,15.1,34.9,0.0,0.0,0.0,0.0
3,2024-10-02,28.5,22.0,11.6,27.7,0.0,0.0,0.0,0.0
3,2024-10-03,26.0,22.0,27.6,61.2,0.0,12.1,14.0,12.1
3,2024-10-04,28.2,20.4,23.0,46.8,0.0,41.2,21.0,41.2
3,2024-10-05,26.0,19.0,14.3,32.8,0.0,33.3,10.0,33.3
3,2024-10-06,25.3,20.6,9.3,22.7,0.0,6.9,15.0,6.9
3,2024-10-07,28.2,21.8,18.3,40.0,0.0,2.3,12.0,2.3
3,2024-10-08,25.7,17.9,19.0,37.1,0.0,13.9,13.0,13.9
3,2024-10-09,22.4,16.4,17.2,36.7,0.0,20.9,13.0,20.9
3,2024-10-10,23.2,18.2,11.9,26.3,0.0,0.1,1.0,0.1
3,2024-10-11,23.5,17.6,16.0,33.8,0.0,0.0,0.0,0.0
3,2024-10-12,23.6,16.7,11.6,29.5,0.0,0.0,0.0,0.0
3,2024-10-13,24.4,18.5,10.7,26.6,0.0,0.0,0.0,0.0
3,2024-10-14,24.4,20.0,20.3,45.7,0.0,0.0,0.0,0.0
3,2024-10-15,25.9,20.8,22.6,46.1,0.0,4.3,14.0,4.3
3,2024-10-16,24.2,20.2,8.8,21.2,0.0,20.9,10.0,20.9
3,2024-10-17,25.1,21.3,10.9,28.4,0.0,2.2,6.0,2.2
3,2024-10-18,23.5,21.1,20.7,43.6,0.0,27.8,24.0,27.8
3,2024-10-19,26.7,19.4,28.9,55.8,0.0,9.9,16.0,9.9
3,2024-10-20,20.1,16.2,33.7,69.8,0.0,1.4,3.0,1.4
3,2024-10-21,21.8,17.3,25.3,55.1,0.0,0.0,0.0,0.0
3,2024-10-22,23.1,19.8,28.7,56.5,0.0,3.1,8.0,3.1
3,2024-10-23,26.2,21.8,26.5,55.1,0.0,14.0,17.0,14.0
3,2024-10-24,23.5,18.5,15.7,35.3,0.0,0.7,5.0,0.7
3,2024-10-25,22.3,17.0,16.5,40.0,0.0,4.0,6.0,4.0
3,2024-10-26,21.1,19.2,8.0,18.0,0.0,3.5,9.0,3.5
3,2024-10-27,23.0,18.9,11.2,25.6,0.0,1.3,8.0,1.3
3,2024-10-28,21.5,17.6,27.7,59.0,0.0,18.6,8.0,18.6
3,2024-10-29,18.4,16.7,22.1,44.3,0.0,29.2,18.0,29.2
3,2024-10-30,21.3,16.3,38.8,82.4,0.0,5.5,8.0,5.5
3,2024-10-31,20.3,15.3,22.4,49.3,0.0,0.0,0.0,0.0
3,2024-11-01,23.5,18.2,19.1,41.8,0.0,19.2,8.0,19.2
3,2024-11-02,24.2,18.7,43.6,95.4,0.0,47.0,16.0,47.0
3,2024-11-03,21.2,13.7,35.3,72.0,0.0,0.0,0.0,0.0
3,2024-11-04,21.9,13.6,8.8,20.5,0.0,0.2,2.0,0.2
3,2024-11-05,20.6,15.6,16.7,37.4,0.0,0.0,0.0,0.0
3,2024-11-06,20.0,14.1,25.0,51.8,0.0,0.0,0.0,0.0
3,2024-11-07,14.5,11.0,35.0,74.9,0.0,0.0,0.0,0.0
3,2024-11-08,15.7,9.8,28.4,61.6,0.0,0.0,0.0,0.0
3,2024-11-09,17.5,11.4,12.5,28.4,0.0,0.0,0.0,0.0
3,2024-11-10,19.0,13.7,13.8,29.2,0.0,11.7,11.0,11.7
3,2024-11-11,21.6,15.6,25.0,54.0,0.0,3.4,8.0,3.4
3,2024-11-12,20.8,13.0,21.9,44.3,0.0,0.0,0.0,0.0
3,2024-11-13,20.4,14.5,23.3,47.2,0.0,0.0,0.0,0.0
3,2024-11-14,16.7,14.1,11.8,25.9,0.0,3.6,12.0,3.6
3,2024-11-15,20.5,15.2,14.4,31.3,0.0,6.2,4.0,6.2
3,2024-11-16,20.8,16.6,25.5,51.1,0.0,9.8,19.0,9.8
3,2024-11-17,22.4,15.8,25.8,51.1,0.0,2.1,4.0,2.1
3,2024-11-18,16.9,10.9,33.5,73.1,0.0,0.7,1.0,0.7
3,2024-11-19,13.4,8.7,37.2,77.8,0.0,0.0,0.0,0.0
3,2024-11-20,13.8,9.8,16.8,34.6,0.0,2.3,9.0,2.3
3,2024-11-21,17.0,10.6,24.4,55.4,0.0,0.0,0.0,0.0
3,2024-11-22,17.9,11.0,24.3,54.7,0.0,0.0,0.0,0.0
3,2024-11-23,13.4,9.5,31.4,70.2,0.0,0.0,0.0,0.0
3,2024-11-24,14.6,8.8,25.9,58.0,0.0,0.0,0.0,0.0
3,2024-11-25,14.6,9.4,22.1,45.4,0.0,0.0,0.0,0.0
3,2024-11-26,19.9,14.1,37.3,78.8,0.0,31.5,16.0,31.5
3,2024-11-27,16.2,11.0,25.3,59.0,0.0,1.5,1.0,1.5
3,2024-11-28,13.3,8.1,25.5,52.6,0.0,0.0,0.0,0.0
3,2024-11-29,13.6,7.1,26.0,60.8,0.0,0.0,0.0,0.0
3,2024-11-30,13.8,7.2,29.9,67.7,0.0,0.0,0.0,0.0
3,2024-12-01,15.4,8.6,21.8,43.9,0.0,0.0,0.0,0.0
3,2024-12-02,15.9,7.5,10.5,23.8,0.0,0.0,0.0,0.0
3,2024-12-03,17.2,8.1,16.5,33.8,0.0,0.0,0.0,0.0
3,2024-12-04,14.1,9.4,33.2,74.2,0.0,0.0,0.0,0.0
3,2024-12-05,13.0,7.4,25.5,56.2,0.0,0.0,0.0,0.0
3,2024-12-06,14.0,6.4,26.7,58.7,0.0,0.0,0.0,0.0
3,2024-12-07,12.8,5.8,23.6,52.9,0.0,0.0,0.0,0.0
3,2024-12-08,11.0,6.6,38.1,81.7,0.0,0.0,0.0,0.0
3,2024-12-09,11.0,6.4,29.9,65.2,0.0,0.0,0.0,0.0
3,2024-12-10,12.9,6.4,20.1,45.0,0.0,0.0,0.0,0.0
3,2024-12-11,13.4,7.1,25.3,51.8,0.0,0.0,0.0,0.0
3,2024-12-12,9.9,5.7,29.2,64.1,0.0,0.0,0.0,0.0
3,2024-12-13,11.3,3.0,17.1,41.8,0.0,0.5,3.0,0.5
3,2024-12-14,9.9,4.1,28.6,62.3,0.0,0.0,0.0,0.0
3,2024-12-15,10.6,3.5,27.1,59.4,0.0,0.0,0.0,0.0
3,2024-12-16,12.2,5.4,24.3,54.0,0.0,0.0,0.0,0.0
3,2024-12-17,12.3,5.3,23.1,51.1,0.0,0.0,0.0,0.0
3,2024-12-18,10.7,5.0,27.7,56.9,0.0,0.0,0.0,0.0
3,2024-12-19,8.9,3.2,33.6,76.0,0.0,0.0,0.0,0.0
3,2024-12-20,9.6,4.0,24.9,52.9,0.0,0.0,0.0,0.0
3,2024-12-21,9.2,3.2,25.2,55.1,0.0,1.6,3.0,1.6
3,2024-12-22,7.9,4.1,30.1,70.2,0.0,0.4,3.0,0.4
3,2024-12-23,9.9,2.6,25.3,55.4,0.0,0.0,0.0,0.0
3,2024-12-24,10.0,4.3,28.3,62.3,0.0,0.1,1.0,0.1
3,2024-12-25,11.1,4.6,19.7,43.9,0.0,0.0,0.0,0.0
3,2024-12-26,13.6,5.4,26.9,61.2,0.0,0.0,0.0,0.0
3,2024-12-27,10.6,5.3,33.2,74.5,0.0,0.0,0.0,0.0
3,2024-12-28,9.3,4.0,26.3,59.0,0.0,0.0,0.0,0.0
3,2024-12-29,9.6,3.2,29.1,63.7,0.0,0.0,0.0,0.0
3,2024-12-30,10.5,4.0,19.8,40.7,0.0,0.0,0.0,0.0
3,2024-12-31,13.5,2.1,30.5,67.0,0.0,0.3,2.0,0.3
3,2025-01-01,10.8,3.7,26.5,55.8,0.0,0.0,0.0,0.0
3,2025-01-02,12.6,5.0,21.3,49.0,0.0,0.0,0.0,0.0
3,2025-01-03,11.8,4.6,25.2,57.6,0.0,0.0,0.0,0.0
3,2025-01-04,8.5,2.9,26.1,54.4,0.0,0.3,3.0,0.3
3,2025-01-05,9.9,1.9,10.9,25.2,0.0,0.0,0.0,0.0
3,2025-01-06,9.2,4.8,28.8,60.5,0.0,22.5,11.0,22.5
3,2025-01-07,9.8,2.7,31.8,69.1,0.0,0.0,0.0,0.0
3,2025-01-08,8.3,2.0,29.9,65.5,0.0,0.0,0.0,0.0
3,2025-01-09,8.2,-0.2,27.0,60.8,0.0,0.0,0.0,0.0
3,2025-01-10,6.1,-0.5,31.3,69.1,0.0,0.0,0.0,0.0
3,2025-01-11,8.5,2.4,20.4,45.0,0.0,0.1,1.0,0.1
3,2025-01-12,7.7,3.5,19.3,40.3,0.0,0.2,2.0,0.2
3,2025-01-13,9.5,3.0,31.4,69.5,0.0,0.0,0.0,0.0
3,2025-01-14,11.0,4.1,23.1,51.8,0.0,0.0,0.0,0.0
3,2025-01-15,10.5,3.1,30.6,67.7,0.0,0.4,1.0,0.4
3,2025-01-16,7.5,2.0,21.9,46.8,0.0,0.0,0.0,0.0
3,2025-01-17,7.6,2.7,31.1,69.5,0.0,0.0,0.0,0.0
3,2025-01-18,8.9,2.1,25.4,52.6,0.0,0.0,0.0,0.0
3,2025-01-19,10.1,2.6,11.3,23.4,0.0,0.2,1.0,0.2
3,2025-01-20,12.2,6.5,16.3,32.4,0.0,6.6,6.0,6.6
3,2025-01-21,12.6,4.4,24.9,50.8,0.0,0.0,0.0,0.0
3,2025-01-22,11.6,4.5,20.7,47.5,0.0,0.0,0.0,0.0
3,2025-01-23,11.9,3.4,9.3,23.8,0.0,0.0,0.0,0.0
3,2025-01-24,12.3,4.1,18.6,37.1,0.0,0.0,0.0,0.0
3,2025-01-25,9.5,4.9,29.9,67.0,0.0,0.0,0.0,0.0
3,2025-01-26,10.7,4.0,23.9,54.0,0.0,0.0,0.0,0.0
3,2025-01-27,9.6,2.5,12.6,26.6,0.0,0.7,4.0,0.7
3,2025-01-28,9.9,3.6,27.5,63.4,0.0,0.1,1.0,0.1
3,2025-01-29,8.4,1.8,30.6,67.0,0.0,0.0,0.0,0.0
3,2025-01-30,6.8,1.7,31.8,69.5,0.0,0.0,0.0,0.0
3,2025-01-31,8.8,2.8,30.2,69.8,0.0,0.1,1.0,0.1
3,2025-02-01,10.3,4.2,17.9,36.4,0.0,3.3,6.0,3.3
3,2025-02-02,9.4,4.7,13.7,32.4,0.0,9.6,12.0,9.6
3,2025-02-03,13.0,5.8,26.5,54.4,0.0,0.1,1.0,0.1
3,2025-02-04,6.6,1.3,32.7,69.1,0.0,0.0,0.0,0.0
3,2025-02-05,5.3,-1.2,33.7,74.2,0.21,0.0,1.0,0.3
3,2025-02-06,5.9,-1.1,27.1,60.5,0.0,0.0,0.0,0.0
3,2025-02-07,7.9,-0.6,33.2,70.9,0.35,0.1,3.0,0.6
3,2025-02-08,5.9,-1.6,37.5,81.7,0.49,0.1,6.0,0.8
3,2025-02-09,7.0,0.6,27.0,60.1,0.0,0.0,0.0,0.0
3,2025-02-10,8.5,1.2,23.5,53.3,0.0,0.0,0.0,0.0
3,2025-02-11,6.7,1.8,36.0,79.6,0.0,0.0,0.0,0.0
3,2025-02-12,7.5,0.5,20.4,41.8,0.0,2.7,7.0,2.7
3,2025-02-13,9.6,4.3,46.6,101.9,0.0,0.8,4.0,0.8
3,2025-02-14,11.1,3.3,29.2,64.8,0.0,0.0,0.0,0.0
3,2025-02-15,12.0,4.4,19.3,40.0,0.0,0.0,0.0,0.0
3,2025-02-16,12.7,7.0,21.0,42.5,0.0,5.9,5.0,5.9
3,2025-02-17,12.0,2.8,34.4,83.5,0.07,2.0,7.0,2.1
3,2025-02-18,6.9,1.3,29.4,65.2,0.49,0.0,4.0,0.7
3,2025-02-19,5.3,0.5,31.3,72.4,1.12,0.0,6.0,1.6
3,2025-02-20,6.9,-0.7,23.8,52.2,0.49,0.0,2.0,0.7
3,2025-02-21,7.6,-0.3,20.8,47.9,0.0,0.0,0.0,0.0
3,2025-02-22,7.0,-1.1,31.4,73.8,0.28,0.3,5.0,0.7
3,2025-02-23,8.0,0.1,23.9,52.6,0.0,0.0,0.0,0.0
3,2025-02-24,7.0,0.8,33.0,77.0,0.56,0.4,5.0,1.2
3,2025-02-25,10.7,2.9,26.1,53.6,0.0,0.0,0.0,0.0
3,2025-02-26,12.9,3.9,25.6,57.6,0.0,0.1,1.0,0.1
3,2025-02-27,13.1,2.8,17.2,42.8,0.0,0.0,0.0,0.0
3,2025-02-28,13.6,6.1,7.9,19.8,0.0,0.0,0.0,0.0
3,2025-03-01,16.5,5.3,13.3,32.0,0.0,0.0,0.0,0.0
3,2025-03-02,17.4,8.5,10.5,20.9,0.0,0.4,1.0,0.4
3,2025-03-03,12.7,5.8,23.0,51.8,0.0,14.8,9.0,14.8
3,2025-03-04,8.9,5.4,38.1,75.6,0.0,18.3,21.0,18.3
3,2025-03-05,12.5,9.0,33.7,66.6,0.0,3.4,15.0,3.4
3,2025-03-06,11.1,4.8,34.7,74.2,0.0,0.0,0.0,0.0
3,2025-03-07,9.3,3.1,34.0,74.5,0.0,0.0,0.0,0.0
3,2025-03-08,9.5,2.6,22.6,51.1,0.0,0.0,0.0,0.0
3,2025-03-09,11.9,4.4,29.5,64.4,0.0,0.0,0.0,0.0
3,2025-03-10,13.3,4.1,15.8,33.5,0.0,0.0,0.0,0.0
3,2025-03-11,11.9,8.1,15.0,33.1,0.0,27.9,18.0,27.9
3,2025-03-12,14.1,8.7,14.8,30.2,0.0,7.3,9.0,7.3
3,2025-03-13,15.6,9.2,30.9,64.1,0.0,0.0,0.0,0.0
3,2025-03-14,16.4,7.6,26.2,56.9,0.0,0.0,0.0,0.0
3,2025-03-15,8.9,6.3,26.4,53.6,0.0,11.4,11.0,11.4
3,2025-03-16,14.1,7.8,32.1,68.8,0.0,15.9,19.0,15.9
3,2025-03-17,9.8,4.8,35.0,84.2,0.0,1.8,5.0,1.8
3,2025-03-18,10.6,2.9,26.2,53.6,0.0,3.3,4.0,3.3
3,2025-03-19,7.9,2.7,45.5,103.0,0.0,0.5,4.0,0.5
3,2025-03-20,12.6,2.0,22.8,52.6,0.0,0.0,0.0,0.0
3,2025-03-21,15.4,2.7,17.9,40.3,0.0,0.0,0.0,0.0
3,2025-03-22,20.7,6.2,23.1,52.6,0.0,0.0,0.0,0.0
3,2025-03-23,21.5,12.3,22.3,50.0,0.0,0.0,0.0,0.0
3,2025-03-24,19.9,9.3,15.0,39.2,0.0,0.1,1.0,0.1
3,2025-03-25,21.4,8.4,21.7,42.5,0.0,0.1,1.0,0.1
3,2025-03-26,18.8,12.7,24.1,52.2,0.0,0.0,0.0,0.0
3,2025-03-27,19.1,10.3,30.6,64.1,0.0,2.2,7.0,2.2
3,2025-03-28,21.8,10.4,35.2,74.2,0.0,10.3,7.0,10.3
3,2025-03-29,13.0,7.3,31.8,69.8,0.0,0.2,2.0,0.2
3,2025-03-30,12.2,5.3,33.3,73.4,0.0,0.0,0.0,0.0
3,2025-03-31,10.9,3.7,28.2,61.2,0.0,0.0,0.0,0.0
3,2025-04-01,12.4,8.1,13.0,30.6,0.0,1.6,5.0,1.6
3,2025-04-02,17.3,10.2,14.7,35.6,0.0,1.7,4.0,1.7
3,2025-04-03,15.9,8.8,27.1,58.3,0.0,10.1,9.0,10.1
3,2025-04-04,14.1,8.0,29.4,64.8,0.0,0.0,0.0,0.0
3,2025-04-05,15.3,5.6,19.4,41.0,0.0,0.0,0.0,0.0
3,2025-04-06,18.1,11.4,21.0,47.9,0.0,3.7,12.0,3.7
3,2025-04-07,17.1,9.2,24.3,60.1,0.0,0.0,0.0,0.0
3,2025-04-08,21.0,6.8,20.2,45.0,0.0,0.1,1.0,0.1
3,2025-04-09,19.2,9.4,24.1,55.4,0.0,0.0,0.0,0.0
3,2025-04-10,20.3,8.4,17.6,42.5,0.0,5.9,8.0,5.9
3,2025-04-11,19.2,11.5,22.4,45.0,0.0,3.1,3.0,3.1
3,2025-04-12,19.4,9.8,19.5,40.3,0.0,0.0,0.0,0.0
3,2025-04-13,17.2,9.5,40.9,83.9,0.0,47.3,17.0,47.3
3,2025-04-14,17.6,9.9,28.3,57.2,0.0,0.3,1.0,0.3
3,2025-04-15,15.8,8.4,31.7,71.6,0.0,1.4,4.0,1.4
3,2025-04-16,18.1,7.0,27.6,61.9,0.0,0.0,0.0,0.0
3,2025-04-17,22.9,9.3,17.8,39.2,0.0,0.0,0.0,0.0
3,2025-04-18,21.7,12.7,14.3,31.3,0.0,0.0,0.0,0.0
3,2025-04-19,24.9,14.7,18.2,36.4,0.0,0.0,0.0,0.0
3,2025-04-20,21.9,16.2,19.9,42.1,0.0,0.0,0.0,0.0
3,2025-04-21,22.3,13.5,23.3,46.8,0.0,0.0,0.0,0.0
3,2025-04-22,21.4,16.0,27.1,54.7,0.0,4.7,19.0,4.7
3,2025-04-23,22.1,17.3,28.3,58.3,0.0,41.7,14.0,41.7
3,2025-04-24,21.5,14.3,24.2,52.9,0.0,0.1,1.0,0.1
3,2025-04-25,18.4,12.4,29.5,65.9,0.0,0.0,0.0,0.0
3,2025-04-26,19.4,10.1,24.7,51.1,0.0,0.0,0.0,0.0
3,2025-04-27,22.3,9.6,16.8,39.2,0.0,0.0,0.0,0.0
3,2025-04-28,20.4,12.0,18.7,36.4,0.0,20.4,10.0,20.4
3,2025-04-29,16.5,11.6,35.0,77.0,0.0,0.0,0.0,0.0
3,2025-04-30,22.2,9.9,20.6,47.2,0.0,0.0,0.0,0.0
3,2025-05-01,20.4,12.1,23.3,52.9,0.0,0.0,0.0,0.0
3,2025-05-02,17.1,13.0,29.6,60.5,0.0,52.6,17.0,52.6
3,2025-05-03,22.0,11.5,25.5,52.9,0.0,0.0,0.0,0.0
3,2025-05-04,21.5,13.3,27.5,59.0,0.0,4.9,4.0,4.9
3,2025-05-05,20.3,11.8,14.9,35.6,0.0,0.0,0.0,0.0
3,2025-05-06,17.1,13.1,24.3,52.2,0.0,27.8,16.0,27.8
3,2025-05-07,18.5,12.8,33.4,74.2,0.0,10.2,3.0,10.2
3,2025-05-08,19.6,10.9,21.7,44.3,0.0,0.1,1.0,0.1
3,2025-05-09,19.6,16.9,30.7,62.6,0.0,27.9,16.0,27.9
3,2025-05-10,24.1,17.9,31.1,61.9,0.0,24.0,10.0,24.0
3,2025-05-11,22.1,15.5,29.8,65.5,0.0,4.4,5.0,4.4
3,2025-05-12,21.4,14.5,16.3,33.5,0.0,9.5,7.0,9.5
3,2025-05-13,22.9,14.5,14.1,32.4,0.0,0.0,0.0,0.0
3,2025-05-14,22.3,12.8,13.1,33.1,0.0,0.0,0.0,0.0
3,2025-05-15,22.8,13.9,14.0,35.6,0.0,0.5,2.0,0.5
3,2025-05-16,22.3,15.2,13.0,29.5,0.0,0.3,2.0,0.3
3,2025-05-17,25.5,19.2,35.4,73.8,0.0,25.2,13.0,25.2
3,2025-05-18,27.3,21.2,18.4,37.8,0.0,0.8,5.0,0.8
3,2025-05-19,23.9,17.8,19.0,38.9,0.0,0.0,0.0,0.0
3,2025-05-20,26.6,16.4,15.4,36.7,0.0,0.0,0.0,0.0
3,2025-05-21,27.3,19.0,24.5,55.4,0.0,14.2,6.0,14.2
3,2025-05-22,25.1,19.8,20.7,43.2,0.0,22.2,9.0,22.2
3,2025-05-23,21.6,17.3,22.8,46.4,0.0,0.1,1.0,0.1
3,2025-05-24,20.5,18.1,40.3,81.0,0.0,32.2,11.0,32.2
3,2025-05-25,23.6,16.5,38.6,81.7,0.0,39.3,7.0,39.3
3,2025-05-26,19.6,14.8,27.7,59.4,0.0,0.0,0.0,0.0
3,2025-05-27,19.3,15.7,15.5,35.6,0.0,10.7,13.0,10.7
3,2025-05-28,23.3,15.7,13.4,30.6,0.0,3.0,2.0,3.0
3,2025-05-29,20.6,16.0,19.2,40.3,0.0,8.7,17.0,8.7
3,2025-05-30,22.4,15.3,17.7,38.9,0.0,4.2,8.0,4.2
3,2025-05-31,20.4,16.9,37.1,80.6,0.0,0.8,6.0,0.8
3,2025-06-01,22.3,16.7,34.4,76.0,0.0,0.0,0.0,0.0
3,2025-06-02,23.8,15.5,14.5,35.3,0.0,0.0,0.0,0.0
3,2025-06-03,19.9,17.5,25.4,57.6,0.0,29.5,16.0,29.5
3,2025-06-04,26.4,17.5,22.9,49.0,0.0,0.0,0.0,0.0
3,2025-06-05,26.0,14.9,14.5,33.8,0.0,0.0,0.0,0.0
3,2025-06-06,25.5,16.7,18.5,41.4,0.0,0.0,0.0,0.0
3,2025-06-07,25.1,19.1,15.1,35.6,0.0,0.0,0.0,0.0
3,2025-06-08,23.9,18.7,13.5,29.2,0.0,0.5,2.0,0.5
3,2025-06-09,21.5,17.7,17.8,35.6,0.0,29.6,14.0,29.6
3,2025-06-10,23.8,19.3,20.3,46.4,0.0,26.7,20.0,26.7
3,2025-06-11,24.6,20.6,20.0,43.9,0.0,26.4,16.0,26.4
3,2025-06-12,24.5,20.0,16.6,37.4,0.0,0.0,0.0,0.0
3,2025-06-13,24.7,18.5,20.5,47.5,0.0,0.5,5.0,0.5
3,2025-06-14,23.5,20.2,23.0,51.1,0.0,16.7,16.0,16.7
3,2025-06-15,29.8,23.6,33.5,69.5,0.0,13.5,10.0,13.5
3,2025-06-16,29.5,21.7,18.5,40.0,0.0,0.0,0.0,0.0
3,2025-06-17,30.9,24.5,14.0,30.6,0.0,2.2,8.0,2.2
3,2025-06-18,31.4,23.6,11.2,27.7,0.0,0.0,0.0,0.0
3,2025-06-19,30.9,23.2,11.8,27.4,0.0,0.0,0.0,0.0
3,2025-06-20,28.1,23.1,14.9,36.4,0.0,0.6,6.0,0.6
3,2025-06-21,28.0,22.4,16.2,37.4,0.0,0.0,0.0,0.0
3,2025-06-22,28.9,23.6,24.6,54.4,0.0,0.9,5.0,0.9
3,2025-06-23,27.4,23.6,23.0,48.2,0.0,8.9,11.0,8.9
3,2025-06-24,27.3,23.1,15.6,32.8,0.0,13.9,21.0,13.9
3,2025-06-25,28.6,23.0,11.2,28.8,0.0,3.8,17.0,3.8
3,2025-06-26,29.4,23.4,13.8,31.0,0.0,20.7,9.0,20.7
3,2025-06-27,29.3,22.8,18.5,36.7,0.0,0.3,2.0,0.3
3,2025-06-28,29.1,22.6,18.8,38.9,0.0,0.0,0.0,0.0
3,2025-06-29,29.3,21.5,17.0,39.6,0.0,0.0,0.0,0.0
3,2025-06-30,30.8,23.8,15.8,36.4,0.0,0.0,0.0,0.0
3,2025-07-01,31.9,24.5,10.4,25.2,0.0,0.0,0.0,0.0
3,2025-07-02,30.0,24.5,10.7,30.6,0.0,12.0,6.0,12.0
3,2025-07-03,29.6,23.7,14.6,34.6,0.0,18.9,13.0,18.9
3,2025-07-04,30.6,23.9,15.3,36.4,0.0,1.5,7.0,1.5
3,2025-07-05,32.5,25.6,11.1,27.7,0.0,0.2,2.0,0.2
3,2025-07-06,32.9,25.9,11.9,29.9,0.0,0.1,1.0,0.1
3,2025-07-07,32.2,25.8,12.3,30.2,0.0,0.0,0.0,0.0
3,2025-07-08,31.0,26.0,14.9,35.6,0.0,1.5,6.0,1.5
3,2025-07-09,30.7,25.3,15.8,37.8,0.0,1.4,8.0,1.4
3,2025-07-10,30.2,24.6,15.2,37.8,0.0,2.7,9.0,2.7
3,2025-07-11,29.3,24.5,21.2,47.2,0.0,5.9,11.0,5.9
3,2025-07-12,29.1,24.0,19.0,45.4,0.0,0.1,1.0,0.1
3,2025-07-13,29.0,24.1,19.8,46.4,0.0,1.4,6.0,1.4
3,2025-07-14,28.6,24.3,29.6,60.5,0.0,28.1,18.0,28.1
3,2025-07-15,30.1,24.9,29.4,68.4,0.0,36.6,4.0,36.6
3,2025-07-16,29.3,24.0,23.5,52.6,0.0,9.7,19.0,9.7
3,2025-07-17,26.4,24.5,27.7,59.0,0.0,30.7,21.0,30.7
3,2025-07-18,27.5,25.2,21.0,48.2,0.0,5.1,11.0,5.1
3,2025-07-19,28.6,24.3,17.8,41.0,0.0,1.7,6.0,1.7
3,2025-07-20,30.0,24.2,14.2,33.5,0.0,1.6,9.0,1.6
3,2025-07-21,31.7,24.2,15.0,35.3,0.0,1.1,4.0,1.1
3,2025-07-22,32.0,25.6,16.7,40.0,0.0,0.4,3.0,0.4
3,2025-07-23,31.3,24.0,14.8,36.0,0.0,0.0,0.0,0.0
3,2025-07-24,31.9,24.7,16.2,38.5,0.0,0.6,5.0,0.6
3,2025-07-25,31.8,25.4,15.3,37.1,0.0,0.4,4.0,0.4
3,2025-07-26,31.6,25.5,17.5,41.8,0.0,0.8,6.0,0.8
3,2025-07-27,31.8,24.3,17.0,40.7,0.0,0.5,4.0,0.5
3,2025-07-28,32.0,23.7,13.8,34.9,0.0,0.2,2.0,0.2
3,2025-07-29,32.6,24.4,15.3,36.4,0.0,0.0,0.0,0.0
3,2025-07-30,32.2,25.2,17.5,42.1,0.0,0.0,0.0,0.0
3,2025-07-31,31.8,25.8,16.0,39.2,0.0,0.5,3.0,0.5
3,2025-08-01,35.1,24.6,17.8,36.0,0.0,0.0,0.0,0.0
3,2025-08-02,35.9,27.4,20.1,45.7,0.0,0.0,0.0,0.0
3,2025-08-03,34.9,26.7,19.1,44.3,0.0,0.0,0.0,0.0
3,2025-08-04,33.4,27.1,23.6,54.7,0.0,0.0,0.0,0.0
3,2025-08-05,34.0,26.1,16.6,39.6,0.0,1.6,6.0,1.6
3,2025-08-06,34.8,27.4,13.5,34.9,0.0,2.6,6.0,2.6
3,2025-08-07,33.5,27.2,20.4,42.8,0.0,2.0,7.0,2.0
3,2025-08-08,32.8,25.5,16.1,37.1,0.0,1.6,3.0,1.6
3,2025-08-09,30.9,26.3,12.5,29.9,0.0,0.8,2.0,0.8
3,2025-08-10,29.3,25.3,26.6,57.6,0.0,7.4,15.0,7.4
3,2025-08-11,28.3,25.3,26.4,59.4,0.0,21.9,14.0,21.9
3,2025-08-12,32.4,26.6,22.2,46.4,0.0,1.9,5.0,1.9
3,2025-08-13,31.6,26.1,10.1,27.7,0.0,0.6,4.0,0.6
3,2025-08-14,30.8,25.3,14.4,34.2,0.0,1.4,3.0,1.4
3,2025-08-15,33.0,24.7,12.6,33.5,0.0,0.5,3.0,0.5
3,2025-08-16,33.0,25.0,13.3,30.2,0.0,1.2,8.0,1.2
3,2025-08-17,33.7,25.3,11.1,32.4,0.0,0.7,5.0,0.7
3,2025-08-18,35.2,27.1,12.7,29.9,0.0,0.2,2.0,0.2
3,2025-08-19,33.5,25.8,16.1,37.4,0.0,4.3,4.0,4.3
3,2025-08-20,34.8,26.4,16.0,38.9,0.0,0.0,0.0,0.0
3,2025-08-21,35.7,27.4,14.3,35.3,0.0,0.0,0.0,0.0
3,2025-08-22,34.7,26.2,19.2,44.3,0.0,0.0,0.0,0.0
3,2025-08-23,33.0,26.8,16.3,37.1,0.0,1.5,6.0,1.5
3,2025-08-24,33.8,25.8,13.0,34.6,0.0,1.1,5.0,1.1
3,2025-08-25,32.8,26.4,11.8,31.7,0.0,0.6,3.0,0.6
3,2025-08-26,33.5,26.2,19.3,44.3,0.0,2.1,8.0,2.1
3,2025-08-27,33.7,25.3,13.8,37.1,0.0,2.5,7.0,2.5
3,2025-08-28,33.9,26.4,13.8,34.6,0.0,0.0,0.0,0.0
3,2025-08-29,32.4,25.9,15.0,34.6,0.0,2.3,12.0,2.3
3,2025-08-30,36.0,26.8,17.8,40.7,0.0,0.0,0.0,0.0
3,2025-08-31,34.8,27.1,17.0,38.9,0.0,1.5,3.0,1.5
3,2025-09-01,33.7,26.0,18.6,42.8,0.0,0.3,3.0,0.3
3,2025-09-02,34.2,26.8,21.0,43.6,0.0,0.4,4.0,0.4
3,2025-09-03,33.0,26.2,17.9,40.7,0.0,0.1,1.0,0.1
3,2025-09-04,27.6,23.9,15.1,33.8,0.0,27.9,18.0,27.9
3,2025-09-05,31.5,24.1,29.0,63.0,0.0,46.3,14.0,46.3
3,2025-09-06,29.8,24.8,26.4,54.0,0.0,0.0,0.0,0.0
3,2025-09-07,30.2,23.8,11.9,25.6,0.0,1.8,7.0,1.8
3,2025-09-08,32.4,25.6,11.0,28.4,0.0,0.8,4.0,0.8
3,2025-09-09,32.2,27.0,15.0,34.9,0.0,1.3,4.0,1.3
3,2025-09-10,31.1,25.4,19.6,44.3,0.0,2.1,4.0,2.1
3,2025-09-11,28.2,24.2,15.1,30.6,0.0,21.5,17.0,21.5
3,2025-09-12,27.1,22.7,17.7,41.4,0.0,24.7,23.0,24.7
3,2025-09-13,28.4,24.3,22.9,51.1,0.0,8.3,8.0,8.3
3,2025-09-14,31.5,24.7,7.7,19.4,0.0,1.2,5.0,1.2
3,2025-09-15,31.4,25.9,14.2,33.5,0.0,0.2,2.0,0.2
3,2025-09-16,30.9,26.0,11.6,29.2,0.0,0.2,2.0,0.2
3,2025-09-17,31.6,25.4,11.8,28.8,0.0,12.2,6.0,12.2
3,2025-09-18,33.3,24.9,23.1,53.6,0.0,1.0,5.0,1.0
3,2025-09-19,26.7,22.6,22.9,52.2,0.0,30.3,14.0,30.3
3,2025-09-20,29.0,22.0,21.8,46.4,0.0,14.0,12.0,14.0
3,2025-09-21,28.9,22.6,25.5,56.5,0.0,0.1,1.0,0.1
3,2025-09-22,25.5,20.1,20.1,47.2,0.0,0.1,1.0,0.1
3,2025-09-23,25.4,21.6,18.3,38.2,0.0,0.0,0.0,0.0
3,2025-09-24,25.7,22.6,18.5,41.4,0.0,0.0,0.0,0.0
3,2025-09-25,27.1,22.1,12.8,32.0,0.0,0.0,0.0,0.0
3,2025-09-26,30.7,22.1,21.3,43.2,0.0,0.0,0.0,0.0
3,2025-09-27,28.0,21.0,23.1,47.2,0.0,0.0,0.0,0.0
3,2025-09-28,26.4,20.6,16.4,38.2,0.0,2.6,11.0,2.6
3,2025-09-29,27.4,22.4,20.5,46.8,0.0,0.9,4.0,0.9
3,2025-09-30,24.9,19.8,20.1,41.0,0.0,9.8,11.0,9.8
3,2025-10-01,25.5,19.5,9.2,31.0,0.0,5.5,8.0,5.5
3,2025-10-02,26.3,19.8,12.6,30.6,0.0,0.0,0.0,0.0
3,2025-10-03,25.1,20.4,20.1,40.7,0.0,5.8,13.0,5.8
3,2025-10-04,23.0,20.9,21.2,43.6,0.0,12.8,19.0,12.8
3,2025-10-05,26.3,22.5,16.6,37.1,0.0,1.8,11.0,1.8
3,2025-10-06,28.6,20.9,21.9,50.4,0.0,0.8,2.0,0.8
3,2025-10-07,24.7,20.8,24.5,54.7,0.0,0.1,1.0,0.1
3,2025-10-08,26.7,21.6,15.0,34.6,0.0,0.0,0.0,0.0
3,2025-10-09,26.8,20.5,31.4,69.8,0.0,0.0,0.0,0.0
3,2025-10-10,22.1,19.6,15.9,37.8,0.0,1.5,12.0,1.5
3,2025-10-11,22.2,20.1,22.4,45.7,0.0,4.5,15.0,4.5
3,2025-10-12,24.5,21.6,12.4,25.9,0.0,0.7,4.0,0.7
3,2025-10-13,28.2,22.3,31.6,70.6,0.0,0.0,0.0,0.0
3,2025-10-14,25.2,20.1,23.8,50.4,0.0,7.5,14.0,7.5
3,2025-10-15,22.8,20.4,19.6,45.7,0.0,17.1,5.0,17.1
3,2025-10-16,24.9,20.8,25.2,51.8,0.0,8.3,13.0,8.3
3,2025-10-17,25.3,20.0,28.0,58.0,0.0,0.0,0.0,0.0
3,2025-10-18,24.4,20.4,17.8,38.5,0.0,1.8,10.0,1.8
3,2025-10-19,23.8,20.2,18.5,37.8,0.0,5.2,6.0,5.2
3,2025-10-20,23.9,18.7,24.7,54.4,0.0,8.4,8.0,8.4
3,2025-10-21,18.6,16.4,22.0,47.5,0.0,0.1,1.0,0.1
3,2025-10-22,16.5,13.4,16.9,36.4,0.0,21.7,21.0,21.7
3,2025-10-23,19.2,13.7,12.7,28.4,0.0,1.1,2.0,1.1
3,2025-10-24,18.1,14.8,15.0,31.0,0.0,0.2,1.0,0.2
3,2025-10-25,19.8,16.3,18.2,41.8,0.0,7.3,17.0,7.3
3,2025-10-26,22.5,18.4,23.1,46.1,0.0,11.3,20.0,11.3
3,2025-10-27,21.0,15.7,30.5,62.3,0.0,0.0,0.0,0.0
3,2025-10-28,17.0,13.9,27.2,60.8,0.0,0.1,1.0,0.1
3,2025-10-29,17.7,12.6,26.5,54.7,0.0,0.0,0.0,0.0
3,2025-10-30,19.0,12.2,15.5,34.2,0.0,0.0,0.0,0.0
3,2025-10-31,17.8,13.6,29.7,65.2,0.0,90.3,14.0,90.3
3,2025-11-01,21.0,13.6,27.5,59.0,0.0,0.0,0.0,0.0
3,2025-11-02,20.0,14.0,18.4,41.0,0.0,0.0,0.0,0.0
3,2025-11-03,16.6,12.7,29.6,69.5,0.0,0.0,0.0,0.0
3,2025-11-04,15.8,11.3,19.1,40.0,0.0,0.0,0.0,0.0
3,2025-11-05,16.2,14.4,13.1,29.2,0.0,7.2,15.0,7.2
3,2025-11-06,20.4,14.1,24.8,51.8,0.0,0.1,1.0,0.1
3,2025-11-07,19.9,13.5,29.0,64.1,0.0,0.0,0.0,0.0
3,2025-11-08,17.5,11.4,21.9,47.5,0.0,0.0,0.0,0.0
3,2025-11-09,18.5,15.4,21.6,42.1,0.0,23.1,14.0,23.1
3,2025-11-10,18.3,13.0,34.2,74.2,0.0,0.0,0.0,0.0
3,2025-11-11,17.3,11.8,26.4,53.6,0.0,0.0,0.0,0.0
3,2025-11-12,15.5,10.6,20.7,42.1,0.0,0.0,0.0,0.0
3,2025-11-13,16.8,12.9,21.2,42.8,0.0,0.0,0.0,0.0
3,2025-11-14,19.2,13.6,22.8,49.3,0.0,0.0,0.0,0.0
3,2025-11-15,18.4,11.6,17.8,41.0,0.0,0.0,0.0,0.0
3,2025-11-16,17.5,9.6,9.4,25.2,0.0,0.0,0.0,0.0
3,2025-11-17,19.0,10.3,23.5,49.3,0.0,0.0,0.0,0.0
3,2025-11-18,14.5,9.1,27.7,60.8,0.0,0.2,2.0,0.2
3,2025-11-19,12.5,7.3,22.5,45.7,0.0,0.0,0.0,0.0
3,2025-11-20,14.5,6.7,11.2,27.4,0.0,0.0,0.0,0.0
3,2025-11-21,17.0,8.1,23.0,50.4,0.0,0.0,0.0,0.0
3,2025-11-22,16.3,9.5,23.6,47.5,0.0,0.0,0.0,0.0
3,2025-11-23,16.5,7.5,9.7,25.2,0.0,0.0,0.0,0.0
3,2025-11-24,17.9,7.4,13.8,34.6,0.0,0.0,0.0,0.0
3,2025-11-25,13.6,8.4,11.0,24.5,0.0,4.4,4.0,4.4
3,2025-11-26,16.4,8.1,31.5,71.3,0.0,0.0,0.0,0.0
3,2025-11-27,17.5,6.9,16.3,37.4,0.0,0.3,2.0,0.3
3,2025-11-28,15.4,10.4,30.5,68.0,0.0,0.3,1.0,0.3
3,2025-11-29,15.3,7.9,24.6,51.1,0.0,0.0,0.0,0.0
3,2025-11-30,16.9,6.7,9.4,25.6,0.0,0.0,0.0,0.0
3,2025-12-01,18.2,8.0,10.0,24.8,0.0,0.0,0.0,0.0
3,2025-12-02,18.1,10.2,13.8,29.9,0.0,0.0,0.0,0.0
3,2025-12-03,13.7,4.5,33.0,73.4,0.0,0.1,1.0,0.1
3,2025-12-04,8.9,3.5,31.4,65.9,0.0,0.0,0.0,0.0
3,2025-12-05,11.1,3.9,27.6,60.8,0.0,0.6,2.0,0.6
3,2025-12-06,12.3,4.4,12.4,27.7,0.0,0.0,0.0,0.0
3,2025-12-07,14.5,5.4,10.5,27.4,0.0,0.0,0.0,0.0
3,2025-12-08,17.1,5.6,22.2,47.2,0.0,0.0,0.0,0.0
3,2025-12-09,12.4,7.9,24.5,53.6,0.0,0.0,0.0,0.0
3,2025-12-10,13.5,5.2,21.2,49.0,0.0,0.0,0.0,0.0
3,2025-12-11,14.9,6.3,25.9,53.3,0.0,0.0,0.0,0.0
3,2025-12-12,11.9,4.9,38.2,86.4,0.0,0.0,0.0,0.0
3,2025-12-13,11.4,3.8,29.7,61.9,0.0,0.2,1.0,0.2
3,2025-12-14,14.1,8.3,35.5,80.3,0.0,15.9,10.0,15.9
3,2025-12-15,10.4,6.8,29.4,65.9,0.0,0.0,0.0,0.0
3,2025-12-16,13.2,5.3,16.5,36.7,0.0,0.0,0.0,0.0
3,2025-12-17,14.3,4.9,25.1,49.3,0.0,0.0,0.0,0.0
3,2025-12-18,11.5,6.8,26.0,58.7,0.0,0.0,0.0,0.0
3,2025-12-19,13.3,4.4,10.4,23.0,0.0,4.4,3.0,4.4
3,2025-12-20,15.4,11.3,23.0,57.2,0.0,63.0,16.0,63.0
3,2025-12-21,14.9,10.4,34.2,70.2,0.0,17.3,18.0,17.3
3,2025-12-22,12.1,5.6,35.9,74.5,0.0,0.0,0.0,0.0
3,2025-12-23,12.8,5.4,20.5,40.7,0.0,4.9,6.0,4.9
3,2025-12-24,13.3,11.0,23.6,56.2,0.0,68.6,15.0,68.6
3,2025-12-25,14.4,9.4,32.6,66.2,0.0,5.1,10.0,5.1
3,2025-12-26,8.4,3.3,34.8,81.7,0.07,0.4,3.0,0.5
3,2025-12-27,8.7,1.9,20.5,45.0,0.0,0.0,0.0,0.0
3,2025-12-28,10.4,3.3,19.9,45.0,0.0,0.0,0.0,0.0
3,2025-12-29,11.3,2.1,8.2,22.0,0.0,0.0,0.0,0.0
3,2025-12-30,12.7,4.3,18.0,37.1,0.0,0.0,0.0,0.0
3,2025-12-31,10.4,5.2,26.6,59.0,0.0,0.0,0.0,0.0
3,2026-01-01,8.6,3.5,30.8,64.1,0.0,0.0,0.0,0.0
3,2026-01-02,7.4,1.9,28.3,63.0,0.0,0.0,0.0,0.0
3,2026-01-03,7.9,1.7,25.8,57.6,0.0,0.0,0.0,0.0
3,2026-01-04,9.8,2.8,23.7,52.6,0.0,0.0,0.0,0.0
3,2026-01-05,13.1,5.0,26.0,58.0,0.0,0.0,0.0,0.0
3,2026-01-06,7.7,3.9,30.4,67.0,0.0,0.0,0.0,0.0
3,2026-01-07,9.7,3.2,13.4,28.4,0.0,0.0,0.0,0.0
3,2026-01-08,9.0,3.2,32.9,71.3,0.0,0.3,3.0,0.3
3,2026-01-09,7.6,2.2,23.9,54.0,0.0,0.0,0.0,0.0
3,2026-01-10,11.3,0.4,11.9,30.2,0.0,0.0,0.0,0.0
3,2026-01-11,10.1,0.3,39.4,86.8,0.07,0.0,1.0,0.1
3,2026-01-12,6.9,-0.2,26.0,59.8,0.0,0.0,0.0,0.0
3,2026-01-13,13.0,0.1,22.6,50.0,0.0,0.0,0.0,0.0
3,2026-01-14,8.5,4.1,33.1,73.4,0.0,0.0,0.0,0.0
3,2026-01-15,11.0,0.6,11.5,27.0,0.0,0.0,0.0,0.0
3,2026-01-16,13.4,4.1,18.8,46.4,0.0,0.0,0.0,0.0
3,2026-01-17,13.7,3.1,17.7,35.3,0.0,0.0,0.0,0.0
3,2026-01-18,13.4,4.9,21.2,47.5,0.0,0.0,0.0,0.0
3,2026-01-19,13.0,3.7,15.9,30.6,0.0,0.0,0.0,0.0
3,2026-01-20,11.9,2.0,42.5,92.2,0.0,0.0,0.0,0.0
3,2026-01-21,6.0,1.4,31.6,70.6,0.0,0.0,0.0,0.0
3,2026-01-22,5.0,-0.1,35.5,74.9,0.56,0.0,4.0,0.7
3,2026-01-23,7.3,0.1,23.0,54.0,0.0,0.0,0.0,0.0
3,2026-01-24,8.6,0.5,30.9,64.8,0.0,0.2,2.0,0.2
3,2026-01-25,5.4,1.5,34.3,76.7,0.42,0.1,3.0,0.7
3,2026-01-26,5.9,1.4,28.7,63.4,0.0,0.0,0.0,0.0
3,2026-01-27,9.8,1.9,22.1,49.0,0.0,0.0,0.0,0.0
3,2026-01-28,7.3,3.2,26.3,54.4,0.0,0.0,0.0,0.0
3,2026-01-29,8.2,2.2,25.8,60.5,0.0,0.9,5.0,0.9
3,2026-01-30,6.4,0.5,26.9,59.8,0.14,0.0,1.0,0.2
3,2026-01-31,6.5,1.4,28.9,64.1,0.0,0.2,2.0,0.2
3,2026-02-01,9.6,1.3,25.7,58.7,0.0,0.0,0.0,0.0
3,2026-02-02,9.4,2.5,22.1,51.1,0.0,0.0,0.0,0.0
3,2026-02-03,7.5,2.6,30.4,68.0,0.0,0.0,0.0,0.0
3,2026-02-04,11.0,0.8,12.5,26.6,0.0,0.0,0.0,0.0
3,2026-02-05,12.3,2.7,10.8,25.6,0.0,0.0,0.0,0.0
3,2026-02-06,13.3,3.8,22.1,44.6,0.0,0.0,0.0,0.0
3,2026-02-07,8.6,2.5,24.7,51.8,0.07,0.5,4.0,0.6
3,2026-02-08,5.0,-1.1,38.3,87.1,1.33,0.0,8.0,1.8
3,2026-02-09,6.6,-1.5,33.8,72.4,0.63,0.1,3.0,1.0
3,2026-02-10,8.7,0.6,13.9,29.5,0.0,0.1,1.0,0.1
3,2026-02-11,9.4,5.1,27.3,58.0,0.0,23.4,14.0,23.4
3,2026-02-12,10.2,4.1,24.9,54.7,0.0,0.2,1.0,0.2
3,2026-02-13,12.5,2.7,20.4,45.7,0.0,0.0,0.0,0.0
3,2026-02-14,13.7,2.6,13.2,33.5,0.0,0.0,0.0,0.0
3,2026-02-15,16.1,8.2,12.2,24.1,0.0,0.2,2.0,0.2
3,2026-02-16,13.3,5.0,34.4,71.3,0.0,0.0,0.0,0.0
3,2026-02-17,9.6,3.7,33.2,68.4,0.0,0.0,0.0,0.0
3,2026-02-18,12.9,2.5,30.6,67.7,0.0,0.0,0.0,0.0
3,2026-02-19,8.2,2.5,35.8,78.8,0.0,0.0,0.0,0.0
3,2026-02-20,9.9,1.8,16.4,38.5,0.0,0.0,0.0,0.0
3,2026-02-21,14.2,2.3,13.9,34.2,0.0,0.0,0.0,0.0
3,2026-02-22,18.1,5.3,26.5,54.7,0.0,0.7,5.0,0.7
3,2026-02-23,18.0,10.2,31.4,65.9,0.0,0.4,2.0,0.4
3,2026-02-24,17.8,6.7,15.4,38.5,0.0,0.5,4.0,0.5
3,2026-02-25,15.3,12.4,21.1,44.6,0.0,17.1,16.0,17.1
3,2026-02-26,16.7,10.6,12.7,34.6,0.0,0.0,0.0,0.0
3,2026-02-27,16.3,11.2,11.9,30.2,0.0,5.5,12.0,5.5
3,2026-02-28,14.5,8.1,40.8,88.9,0.0,1.4,5.0,1.4
3,2026-03-01,16.4,6.6,29.6,62.6,0.0,0.0,0.0,0.0
3,2026-03-02,15.4,5.9,20.9,42.5,0.0,3.9,6.0,3.9
3,2026-03-03,12.8,10.4,41.0,91.8,0.0,34.7,24.0,34.7
3,2026-03-04,11.1,5.8,40.8,90.0,0.0,0.8,2.0,0.8
3,2026-03-05,11.8,5.3,37.2,78.1,0.0,0.0,0.0,0.0
3,2026-03-06,14.4,3.4,18.2,40.0,0.0,1.9,2.0,1.9
3,2026-03-07,11.2,5.7,32.9,70.2,0.0,2.3,2.0,2.3
3,2026-03-08,8.5,3.4,35.9,76.7,0.0,0.0,0.0,0.0
3,2026-03-09,11.2,2.8,21.8,46.1,0.0,0.0,0.0,0.0
3,2026-03-10,9.8,4.2,33.3,75.6,0.0,0.0,0.0,0.0
3,2026-03-11,10.5,2.2,20.3,47.2,0.0,0.0,0.0,0.0
3,2026-03-12,11.5,3.2,19.5,42.5,0.0,0.0,0.0,0.0
3,2026-03-13,10.2,4.2,27.4,56.5,0.0,0.0,0.0,0.0
3,2026-03-14,14.2,5.0,28.1,65.5,0.0,0.0,0.0,0.0
3,2026-03-15,13.7,5.9,26.3,55.4,0.0,0.0,0.0,0.0
3,2026-03-16,13.9,5.8,25.2,53.6,0.0,0.0,0.0,0.0
3,2026-03-17,14.5,5.1,14.7,34.6,0.0,0.0,0.0,0.0
3,2026-03-18,15.0,3.7,15.1,32.4,0.0,3.5,9.0,3.5
3,2026-03-19,15.2,7.4,31.8,72.4,0.0,8.9,9.0,8.9
3,2026-03-20,15.2,5.4,24.8,52.9,0.0,0.0,0.0,0.0
3,2026-03-21,15.0,4.7,29.5,61.2,0.0,0.0,0.0,0.0
3,2026-03-22,15.7,3.5,13.4,32.4,0.0,0.2,1.0,0.2
3,2026-03-23,16.3,9.5,25.2,53.3,0.0,4.9,10.0,4.9
3,2026-03-24,15.9,7.5,23.6,51.1,0.0,0.0,0.0,0.0
3,2026-03-25,14.0,10.6,26.9,55.8,0.0,36.6,16.0,36.6
3,2026-03-26,16.8,10.4,26.9,54.0,0.0,15.9,10.0,15.9
3,2026-03-27,17.0,8.3,15.9,34.6,0.0,0.0,0.0,0.0
3,2026-03-28,18.5,7.5,14.7,32.8,0.0,0.0,0.0,0.0
3,2026-03-29,19.6,10.1,17.7,35.3,0.0,0.0,0.0,0.0
3,2026-03-30,20.2,11.5,19.1,45.4,0.0,0.5,4.0,0.5
3,2026-03-31,20.9,15.3,40.7,88.9,0.0,39.8,18.0,39.8
3,2026-04-01,15.6,12.1,27.1,54.7,0.0,23.0,14.0,23.0
3,2026-04-02,15.5,9.8,38.1,83.9,0.0,3.9,5.0,3.9
3,2026-04-03,18.8,8.0,18.3,37.8,0.0,0.0,0.0,0.0
3,2026-04-04,18.7,13.8,37.9,87.1,0.0,28.9,13.0,28.9
3,2026-04-05,20.7,14.5,22.6,60.5,0.0,0.2,1.0,0.2
3,2026-04-06,21.2,13.5,15.2,36.7,0.0,0.0,0.0,0.0
3,2026-04-07,18.0,8.9,42.8,91.8,0.0,5.3,9.0,5.3
3,2026-04-08,16.0,8.3,32.8,66.6,0.0,0.0,0.0,0.0
3,2026-04-09,17.0,8.5,21.8,44.6,0.0,3.4,5.0,3.4
3,2026-04-10,22.3,15.8,36.7,75.6,0.0,18.8,15.0,18.8
3,2026-04-11,21.6,15.2,22.8,50.4,0.0,0.2,2.0,0.2
3,2026-04-12,20.8,13.8,23.2,51.1,0.0,0.0,0.0,0.0
3,2026-04-13,18.7,11.5,9.6,20.5,0.0,0.0,0.0,0.0
3,2026-04-14,20.3,11.8,18.6,42.8,0.0,0.5,2.0,0.5
3,2026-04-15,17.0,14.1,20.6,43.9,0.0,20.9,22.0,20.9
3,2026-04-16,21.5,13.5,30.2,67.7,0.0,0.1,1.0,0.1
3,2026-04-17,17.6,13.7,17.7,41.8,0.0,0.0,0.0,0.0
3,2026-04-18,20.3,13.4,13.7,31.7,0.0,0.0,0.0,0.0
3,2026-04-19,21.2,13.2,12.2,29.9,0.0,0.0,0.0,0.0
3,2026-04-20,20.5,14.0,24.7,55.8,0.0,0.8,5.0,0.8
3,2026-04-21,19.6,13.8,42.4,91.4,0.0,1.0,4.0,1.0
3,2026-04-22,19.5,10.9,16.9,37.8,0.0,0.0,0.0,0.0
3,2026-04-23,16.1,13.7,28.6,60.5,0.0,40.1,16.0,40.1
3,2026-04-24,17.6,13.7,15.2,32.0,0.0,1.3,5.0,1.3
3,2026-04-25,18.0,14.0,16.8,37.4,0.0,0.7,4.0,0.7
3,2026-04-26,19.0,14.6,20.7,48.2,0.0,10.0,9.0,10.0
3,2026-04-27,21.0,15.0,34.2,72.7,0.0,32.7,10.0,32.7
3,2026-04-28,22.0,12.9,15.1,36.0,0.0,0.0,0.0,0.0
3,2026-04-29,20.5,15.0,26.6,59.0,0.0,0.0,0.0,0.0
3,2026-04-30,14.8,12.8,28.4,57.2,0.0,19.1,17.0,19.1
3,2026-05-01,22.2,14.1,35.7,74.9,0.0,20.0,13.0,20.0
3,2026-05-02,24.0,14.1,33.7,70.2,0.0,0.0,0.0,0.0
3,2026-05-03,22.7,14.7,37.0,77.4,0.0,19.5,10.0,19.5
3,2026-05-04,22.1,13.5,40.6,85.3,0.0,7.4,7.0,7.4
3,2026-05-05,18.5,11.7,24.6,52.2,0.0,0.0,0.0,0.0
3,2026-05-06,17.7,14.3,12.7,27.0,0.0,4.2,8.0,4.2
3,2026-05-07,23.8,16.1,15.5,31.3,0.0,0.0,0.0,0.0
3,2026-05-08,23.6,16.1,27.5,57.6,0.0,0.8,6.0,0.8
3,2026-05-09,20.2,13.4,33.1,73.1,0.0,0.0,0.0,0.0
3,2026-05-10,21.1,12.3,14.3,33.8,0.0,0.0,0.0,0.0
3,2026-05-11,21.2,12.4,16.7,40.3,0.0,1.4,6.0,1.4
3,2026-05-12,22.4,14.8,16.0,39.2,0.0,0.3,3.0,0.3
3,2026-05-13,25.2,13.8,13.9,32.0,0.0,0.0,0.0,0.0
3,2026-05-14,24.8,14.2,13.9,34.6,0.0,0.0,0.0,0.0
3,2026-05-15,23.2,16.1,17.2,40.0,0.0,1.9,5.0,1.9
3,2026-05-16,24.6,16.3,14.2,34.2,0.0,0.0,0.0,0.0
3,2026-05-17,28.8,15.6,14.9,36.4,0.0,0.0,0.0,0.0
3,2026-05-18,26.9,14.1,16.9,41.0,0.0,0.0,0.0,0.0
3,2026-05-19,26.3,17.6,16.6,40.0,0.0,0.0,0.0,0.0
3,2026-05-20,26.3,18.2,16.1,39.2,0.0,0.3,1.0,0.3
3,2026-05-21,27.4,21.6,23.3,48.6,0.0,22.8,20.0,22.8
3,2026-05-22,23.7,18.8,22.5,46.1,0.0,15.3,19.0,15.3
3,2026-05-23,20.1,17.3,31.8,65.2,0.0,4.1,11.0,4.1
3,2026-05-24,22.3,18.2,28.1,65.2,0.0,0.0,0.0,0.0
3,2026-05-25,25.3,17.4,14.4,34.6,0.0,0.0,0.0,0.0
3,2026-05-26,24.9,17.9,16.7,40.7,0.0,0.0,0.0,0.0
3,2026-05-27,23.5,19.5,16.5,38.5,0.0,7.8,10.0,7.8
3,2026-05-28,24.9,20.0,21.3,43.6,0.0,6.8,14.0,6.8
3,2026-05-29,26.4,18.5,31.6,70.9,0.0,0.0,0.0,0.0
3,2026-05-30,28.7,16.6,18.9,38.9,0.0,0.0,0.0,0.0
3,2026-05-31,27.7,18.9,17.4,33.5,0.0,0.0,0.0,0.0
3,2026-06-01,27.2,16.8,18.1,43.2,0.0,0.0,0.0,0.0
3,2026-06-02,21.6,18.9,34.0,71.6,0.0,34.3,20.0,34.3
3,2026-06-03,27.1,18.3,57.9,126.7,0.0,148.1,12.0,148.1
3,2026-06-04,22.1,19.0,25.7,52.6,0.0,1.4,4.0,1.4
3,2026-06-05,21.8,17.9,21.7,49.7,0.0,2.8,7.0,2.8
3,2026-06-06,23.5,18.5,14.2,36.7,0.0,0.5,4.0,0.5
3,2026-06-07,20.0,18.5,31.8,65.2,0.0,48.5,17.0,48.5
3,2026-06-08,26.6,18.8,25.2,66.2,0.0,8.1,8.0,8.1
3,2026-06-09,21.8,17.6,20.2,44.6,0.0,5.6,11.0,5.6
3,2026-06-10,26.4,17.7,18.1,42.5,0.0,0.0,0.0,0.0
3,2026-06-11,25.1,16.0,11.1,29.9,0.0,0.2,2.0,0.2
3,2026-06-12,26.2,17.3,11.8,45.7,0.0,7.2,5.0,7.2
3,2026-06-13,27.0,18.9,12.3,31.3,0.0,0.4,3.0,0.4
3,2026-06-14,23.5,19.5,18.1,40.3,0.0,3.8,12.0,3.8
3,2026-06-15,25.5,18.1,17.6,37.8,0.0,9.0,7.0,9.0
3,2026-06-16,23.9,18.1,15.5,36.4,0.0,2.3,7.0,2.3
3,2026-06-17,23.7,20.7,21.1,48.6,0.0,9.8,12.0,9.8
3,2026-06-18,27.8,20.3,24.4,50.8,0.0,14.1,9.0,14.1
3,2026-06-19,28.6,20.4,12.6,31.0,0.0,0.1,1.0,0.1
3,2026-06-20,23.7,22.2,24.6,50.8,0.0,32.8,20.0,32.8
3,2026-06-21,31.1,23.2,25.2,56.9,0.0,0.8,5.0,0.8
3,2026-06-22,25.9,21.1,32.2,73.8,0.0,0.6,4.0,0.6
3,2026-06-23,24.8,19.0,22.1,45.0,0.0,0.0,0.0,0.0
3,2026-06-24,22.4,18.2,19.2,41.4,0.0,10.5,16.0,10.5
3,2026-06-25,22.6,20.3,19.3,43.2,0.0,38.8,24.0,38.8
3,2026-06-26,25.6,20.0,22.7,52.9,0.0,79.0,19.0,79.0
3,2026-06-27,23.1,19.1,18.3,36.0,0.0,49.6,14.0,49.6
3,2026-06-28,25.2,20.9,12.5,26.3,0.0,16.7,12.0,16.7
3,2026-06-29,27.7,20.7,12.7,32.8,0.0,2.1,10.0,2.1
3,2026-06-30,27.2,21.5,10.7,27.0,0.0,0.9,7.0,0.9
3,2026-07-01,25.3,20.5,12.1,25.6,0.0,11.8,14.0,11.8
3,2026-07-02,28.9,21.5,24.2,51.1,0.0,18.1,18.0,18.1
3,2026-07-03,28.4,21.6,22.6,46.1,0.0,0.0,0.0,0.0
3,2026-07-04,24.2,21.7,15.0,32.0,0.0,37.0,20.0,37.0
3,2026-07-05,25.1,21.5,17.5,39.2,0.0,8.6,17.0,8.6
3,2026-07-06,23.3,20.3,28.8,58.3,0.0,16.4,20.0,16.4
3,2026-07-07,26.3,19.9,19.1,39.6,0.0,2.0,5.0,2.0
3,2026-07-08,26.7,21.0,14.7,35.3,0.0,0.0,0.0,0.0
3,2026-07-09,27.8,21.1,13.5,33.1,0.0,0.0,0.0,0.0
3,2026-07-10,28.6,21.7,14.6,36.0,0.0,0.2,2.0,0.2
3,2026-07-11,28.5,22.8,14.3,34.9,0.0,1.3,5.0,1.3
3,2026-07-12,32.8,23.4,17.4,34.6,0.0,0.0,0.0,0.0
3,2026-07-13,31.8,27.2,21.4,47.9,0.0,0.0,0.0,0.0
3,2026-07-14,32.8,26.3,19.7,40.7,0.0,0.0,0.0,0.0
3,2026-07-15,33.2,25.4,13.9,33.1,0.0,0.0,0.0,0.0
3,2026-07-16,34.6,26.6,15.4,35.6,0.0,0.0,0.0,0.0
3,2026-07-17,32.2,25.2,13.6,32.0,0.0,0.0,0.0,0.0
3,2026-07-18,29.7,25.1,19.0,44.6,0.0,3.3,15.0,3.3
3,2026-07-19,30.8,25.7,13.8,34.9,0.0,3.4,12.0,3.4
3,2026-07-20,33.5,25.3,11.2,29.9,0.0,0.6,5.0,0.6
3,2026-07-21,35.2,26.5,13.4,30.2,0.0,0.1,1.0,0.1
3,2026-07-22,36.1,27.3,15.3,33.5,0.0,0.1,1.0,0.1
3,2026-07-23,36.6,28.3,16.0,35.3,0.0,0.0,0.0,0.0
3,2026-07-24,34.9,26.5,15.2,29.9,0.0,0.1,1.0,0.1
3,2026-07-25,36.8,27.8,19.3,40.7,0.0,0.0,0.0,0.0
3,2026-07-26,35.4,26.0,15.5,38.2,0.0,0.0,0.0,0.0
3,2026-07-27,32.7,26.5,14.3,36.7,0.0,2.9,3.0,2.9
3,2026-07-28,31.6,25.4,14.1,38.9,0.0,5.7,15.0,5.7
3,2026-07-29,33.2,24.8,20.8,51.8,0.0,0.3,3.0,0.3
3,2026-07-30,35.9,26.7,17.1,37.1,0.0,0.7,3.0,0.7
3,2026-07-31,34.7,27.4,14.6,36.7,0.0,0.0,0.0,0.0
3,2026-08-01,36.4,27.9,17.4,41.8,0.0,0.0,0.0,0.0
3,2026-08-02,37.0,28.3,20.1,47.5,0.0,0.0,0.0,0.0
3,2026-08-03,31.8,25.5,22.7,49.0,0.0,4.9,7.0,4.9
3,2026-08-04,30.3,25.6,14.8,34.2,0.0,0.9,2.0,0.9
3,2026-08-05,30.9,25.4,21.7,51.1,0.0,0.0,0.0,0.0
3,2026-08-06,30.6,26.4,25.2,58.0,0.0,1.1,7.0,1.1
3,2026-08-07,31.2,26.1,24.3,55.1,0.0,2.6,8.0,2.6
3,2026-08-08,31.6,25.6,14.8,36.0,0.0,1.0,7.0,1.0
3,2026-08-09,31.9,24.6,12.0,28.8,0.0,0.1,1.0,0.1
3,2026-08-10,32.3,25.5,14.7,36.7,0.0,3.3,7.0,3.3
3,2026-08-11,31.2,23.8,28.8,65.2,0.0,0.0,0.0,0.0
3,2026-08-12,27.8,23.0,26.7,54.4,0.0,5.2,10.0,5.2
3,2026-08-13,28.5,23.0,17.8,41.0,0.0,31.0,18.0,31.0
3,2026-08-14,29.9,21.9,13.6,33.8,0.0,5.4,9.0,5.4
3,2026-08-15,27.8,22.2,26.3,58.0,0.0,20.2,19.0,20.2
3,2026-08-16,28.9,25.6,21.5,50.4,0.0,0.5,5.0,0.5
3,2026-08-17,28.9,25.5,20.0,46.4,0.0,1.4,7.0,1.4
3,2026-08-18,29.2,24.7,15.3,37.1,0.0,0.3,2.0,0.3
3,2026-08-19,30.1,24.2,11.9,28.8,0.0,2.2,5.0,2.2
3,2026-08-20,30.9,24.1,14.4,35.6,0.0,0.0,0.0,0.0
3,2026-08-21,31.4,24.4,15.7,37.8,0.0,0.3,2.0,0.3
3,2026-08-22,32.8,24.9,14.4,33.1,0.0,4.0,9.0,4.0
3,2026-08-23,32.2,25.5,14.5,35.6,0.0,2.1,7.0,2.1
3,2026-08-24,32.9,25.3,17.0,40.3,0.0,1.2,3.0,1.2
3,2026-08-25,33.7,25.4,16.6,39.2,0.0,0.5,4.0,0.5
3,2026-08-26,34.4,25.9,18.6,41.4,0.0,2.8,4.0,2.8
3,2026-08-27,32.9,25.0,18.9,41.4,0.0,1.3,7.0,1.3
3,2026-08-28,30.6,23.7,11.1,28.1,0.0,0.8,7.0,0.8
3,2026-08-29,31.8,26.3,13.7,38.5,0.0,1.3,4.0,1.3
3,2026-08-30,35.0,26.3,15.5,36.7,0.0,1.6,6.0,1.6
3,2026-08-31,31.3,26.2,19.9,45.0,0.0,1.6,6.0,1.6
3,2026-09-01,29.7,26.2,21.5,49.3,0.0,3.3,14.0,3.3
3,2026-09-02,31.3,25.3,13.5,35.3,0.0,1.3,8.0,1.3
3,2026-09-03,26.9,23.9,15.7,37.4,0.0,14.5,17.0,14.5
3,2026-09-04,24.6,21.5,13.4,28.1,0.0,46.3,18.0,46.3
3,2026-09-05,25.9,21.2,20.3,43.2,0.0,9.5,12.0,9.5
3,2026-09-06,25.4,22.8,32.7,69.8,0.0,46.0,18.0,46.0
3,2026-09-07,24.6,22.6,17.8,51.1,0.0,71.3,23.0,71.3
3,2026-09-08,26.7,23.8,19.5,48.6,0.0,16.5,15.0,16.5
3,2026-09-09,31.1,22.2,25.1,56.9,0.0,3.8,16.0,3.8
3,2026-09-10,24.7,21.8,24.6,50.0,0.0,8.6,11.0,8.6
3,2026-09-11,25.0,21.5,16.1,42.1,0.0,85.1,22.0,85.1
3,2026-09-12,27.4,23.6,14.1,35.6,0.0,4.5,15.0,4.5
3,2026-09-13,28.1,24.2,18.9,42.8,0.0,7.9,16.0,7.9
3,2026-09-14,27.7,24.6,12.3,32.0,0.0,4.2,10.0,4.2
3,2026-09-15,26.6,23.1,12.5,27.0,0.0,30.0,22.0,30.0
3,2026-09-16,24.2,22.0,12.5,26.3,0.0,41.2,24.0,41.2
3,2026-09-17,27.1,22.1,12.8,30.2,0.0,2.3,8.0,2.3
3,2026-09-18,27.5,22.6,17.3,35.6,0.0,0.0,0.0,0.0
3,2026-09-19,28.2,21.9,9.4,24.1,0.0,0.4,4.0,0.4
3,2026-09-20,28.2,23.3,20.0,42.5,0.0,27.0,9.0,27.0
3,2026-09-21,29.4,23.4,40.0,83.9,0.0,22.1,9.0,22.1
3,2026-09-22,28.3,22.1,35.3,73.1,0.0,0.0,0.0,0.0
3,2026-09-23,26.1,21.6,20.0,46.1,0.0,7.5,15.0,7.5
3,2026-09-24,29.0,21.8,17.0,34.9,0.0,3.8,9.0,3.8
3,2026-09-25,26.5,20.8,16.0,31.3,0.0,0.0,0.0,0.0
3,2026-09-26,24.7,21.5,17.8,34.6,0.0,29.8,13.0,29.8
3,2026-09-27,25.2,21.1,16.9,34.2,0.0,17.9,21.0,17.9
3,2026-09-28,25.7,22.6,13.3,35.3,0.0,35.2,23.0,35.2
3,2026-09-29,22.9,18.8,16.9,36.7,0.0,36.4,19.0,36.4
3,2026-09-30,24.8,18.7,13.7,32.4,0.0,3.4,8.0,3.4
