intl_id,storm_number,storm_name,last_revision_date,datetime,year,month,day,hour,indicator,grade,latitude,longitude,pressure,wind_speed,dir_r50,r50_long,r50_short,dir_r30,r30_long,r30_short,landfall,weather_date_day_7,temperature_2m_max_day_7,temperature_2m_min_day_7,relative_humidity_2m_mean_day_7,cloud_cover_mean_day_7,surface_pressure_mean_day_7,surface_pressure_max_day_7,surface_pressure_min_day_7,wind_direction_10m_dominant_day_7,shortwave_radiation_sum_day_7,weather_date_day_6,temperature_2m_max_day_6,temperature_2m_min_day_6,relative_humidity_2m_mean_day_6,cloud_cover_mean_day_6,surface_pressure_mean_day_6,surface_pressure_max_day_6,surface_pressure_min_day_6,wind_direction_10m_dominant_day_6,shortwave_radiation_sum_day_6,weather_date_day_5,temperature_2m_max_day_5,temperature_2m_min_day_5,relative_humidity_2m_mean_day_5,cloud_cover_mean_day_5,surface_pressure_mean_day_5,surface_pressure_max_day_5,surface_pressure_min_day_5,wind_direction_10m_dominant_day_5,shortwave_radiation_sum_day_5,weather_date_day_4,temperature_2m_max_day_4,temperature_2m_min_day_4,relative_humidity_2m_mean_day_4,cloud_cover_mean_day_4,surface_pressure_mean_day_4,surface_pressure_max_day_4,surface_pressure_min_day_4,wind_direction_10m_dominant_day_4,shortwave_radiation_sum_day_4,weather_date_day_3,temperature_2m_max_day_3,temperature_2m_min_day_3,relative_humidity_2m_mean_day_3,cloud_cover_mean_day_3,surface_pressure_mean_day_3,surface_pressure_max_day_3,surface_pressure_min_day_3,wind_direction_10m_dominant_day_3,shortwave_radiation_sum_day_3,weather_date_day_2,temperature_2m_max_day_2,temperature_2m_min_day_2,relative_humidity_2m_mean_day_2,cloud_cover_mean_day_2,surface_pressure_mean_day_2,surface_pressure_max_day_2,surface_pressure_min_day_2,wind_direction_10m_dominant_day_2,shortwave_radiation_sum_day_2,weather_date_day_1,temperature_2m_max_day_1,temperature_2m_min_day_1,relative_humidity_2m_mean_day_1,cloud_cover_mean_day_1,surface_pressure_mean_day_1,surface_pressure_max_day_1,surface_pressure_min_day_1,wind_direction_10m_dominant_day_1,shortwave_radiation_sum_day_1,weather_api_latitude,weather_api_longitude,weather_api_elevation,weather_api_timezone
14,19,SAOMAI,20011221,91210,2000,9,12,10,2,5,265,1280,945,75,3,110,60,8,400,300,Y,5/09/2000,27.8,25.5,79.0,35.0,1002.2,1003.7,1001.0,40.0,22.09,6/09/2000,27.6,25.7,74.0,24.0,1004.7,1006.8,1003.4,24.0,23.69,7/09/2000,27.8,25.0,79.0,34.0,1006.8,1008.0,1006.0,46.0,22.97,8/09/2000,27.5,26.1,86.0,100.0,1002.8,1007.0,998.9,64.0,6.2,9/09/2000,28.8,27.3,85.0,63.0,1003.7,1005.0,1002.4,107.0,22.0,10/09/2000,28.3,27.1,86.0,20.0,1000.4,1003.5,997.4,27.0,22.46,11/09/2000,27.6,26.2,88.0,79.0,992.6,997.1,988.2,12.0,18.02,26.537785,128.00441,0.0,Asia/Tokyo
111,13,PABUK,20020124,1082110,2001,8,21,10,2,4,335,1355,970,55,9,30,30,3,300,240,Y,14/08/2001,28.5,25.8,85.0,27.0,1015.5,1016.6,1014.6,101.0,21.63,15/08/2001,28.5,25.7,84.0,15.0,1014.8,1016.0,1013.6,97.0,22.39,16/08/2001,28.1,25.8,79.0,25.0,1011.8,1013.8,1010.1,77.0,19.95,17/08/2001,27.6,25.5,76.0,73.0,1008.6,1010.7,1006.8,73.0,18.27,18/08/2001,28.0,25.3,72.0,74.0,1008.3,1010.2,1007.3,69.0,19.71,19/08/2001,25.8,24.7,82.0,64.0,1010.7,1012.1,1009.5,76.0,17.16,20/08/2001,25.5,24.5,82.0,100.0,1005.9,1009.8,999.2,77.0,9.66,33.497364,135.44554,0.0,Asia/Tokyo
111,13,PABUK,20020124,1082119,2001,8,21,19,2,4,343,1367,975,50,0,0,0,3,300,200,Y,14/08/2001,28.9,23.5,86.0,18.0,1005.3,1006.2,1004.6,119.0,22.85,15/08/2001,28.5,23.7,86.0,28.0,1004.5,1005.6,1003.2,98.0,22.11,16/08/2001,27.8,23.8,83.0,59.0,1001.6,1003.5,1000.0,96.0,19.36,17/08/2001,27.8,23.9,79.0,75.0,998.4,1000.7,996.6,100.0,17.91,18/08/2001,27.8,22.6,77.0,72.0,998.4,1000.9,996.6,83.0,21.82,19/08/2001,25.0,23.2,74.0,68.0,1002.2,1003.6,1000.7,88.0,18.63,20/08/2001,24.7,22.6,74.0,100.0,998.8,1002.0,993.5,81.0,10.26,34.340946,136.69598,94.0,Asia/Tokyo
111,13,PABUK,20020124,1082203,2001,8,22,3,2,3,348,1388,982,45,0,0,0,2,300,150,Y,15/08/2001,26.0,23.2,87.0,35.0,985.0,986.2,983.7,88.0,21.75,16/08/2001,25.7,23.1,81.0,24.0,981.9,984.0,980.3,83.0,22.74,17/08/2001,26.0,22.2,74.0,7.0,978.6,980.9,976.9,80.0,24.13,18/08/2001,26.1,21.6,74.0,26.0,979.0,982.2,976.8,55.0,22.91,19/08/2001,23.8,20.1,71.0,62.0,983.5,985.0,981.9,67.0,21.92,20/08/2001,23.8,21.5,68.0,99.0,981.1,983.8,977.0,73.0,12.2,21/08/2001,23.6,22.0,88.0,100.0,969.3,976.4,962.1,81.0,6.81,34.83304,138.82129,267.0,Asia/Tokyo
111,13,PABUK,20020124,1082205,2001,8,22,5,2,3,353,1395,982,45,0,0,0,2,300,150,Y,15/08/2001,28.2,23.7,84.0,43.0,1015.9,1017.0,1014.6,48.0,19.8,16/08/2001,27.4,23.8,80.0,73.0,1013.1,1015.4,1011.3,50.0,15.64,17/08/2001,28.0,22.9,71.0,28.0,1009.7,1012.4,1007.6,41.0,23.12,18/08/2001,26.8,21.7,77.0,74.0,1011.0,1015.2,1008.7,26.0,15.76,19/08/2001,25.7,20.2,69.0,92.0,1015.9,1017.3,1014.8,41.0,17.95,20/08/2001,25.2,21.8,69.0,100.0,1013.0,1016.0,1009.0,64.0,16.9,21/08/2001,25.3,22.2,87.0,99.0,1001.9,1008.7,994.3,77.0,4.96,35.32513,139.4885,0.0,Asia/Tokyo
111,13,PABUK,20020124,1082206,2001,8,22,6,2,3,355,1398,982,45,0,0,0,2,300,150,Y,15/08/2001,29.5,25.1,80.0,55.0,1016.0,1017.0,1014.7,56.0,18.96,16/08/2001,29.3,24.3,76.0,76.0,1013.1,1015.4,1011.1,50.0,13.06,17/08/2001,29.2,23.4,67.0,34.0,1009.8,1012.5,1007.6,42.0,23.22,18/08/2001,27.7,22.2,73.0,85.0,1011.3,1015.5,1008.9,31.0,15.09,19/08/2001,26.4,21.0,66.0,92.0,1016.0,1017.3,1014.8,46.0,17.28,20/08/2001,27.1,22.4,64.0,98.0,1013.0,1016.0,1009.2,102.0,18.04,21/08/2001,26.2,23.5,83.0,100.0,1002.3,1008.7,994.8,94.0,4.38,35.536026,139.7946,0.0,Asia/Tokyo
115,18,DANAS,20020124,1091100,2001,9,11,0,2,4,352,1395,970,55,3,30,15,2,300,150,Y,4/09/2001,24.4,22.0,83.0,82.0,1011.5,1013.5,1010.1,17.0,15.09,5/09/2001,24.1,20.9,73.0,39.0,1014.0,1015.1,1013.0,29.0,16.36,6/09/2001,24.2,20.9,74.0,36.0,1013.8,1014.7,1012.4,74.0,18.69,7/09/2001,25.0,23.3,73.0,87.0,1012.6,1013.4,1011.3,150.0,13.62,8/09/2001,25.9,23.0,81.0,76.0,1012.9,1013.9,1011.9,17.0,12.69,9/09/2001,26.5,24.1,91.0,93.0,1011.0,1013.0,1007.9,35.0,12.19,10/09/2001,25.8,24.6,92.0,100.0,1002.5,1007.4,997.5,109.0,2.66,35.184532,139.47704,0.0,Asia/Tokyo
116,20,NARI,20020124,1090622,2001,9,6,22,2,4,261,1276,985,50,0,0,0,9,90,90,Y,30/08/2001,29.3,28.4,75.0,31.0,1006.5,1007.6,1005.7,173.0,23.73,31/08/2001,29.0,27.0,81.0,82.0,1006.1,1007.2,1004.3,279.0,21.24,1/09/2001,27.7,26.3,87.0,100.0,1005.1,1006.2,1003.6,144.0,10.95,2/09/2001,29.0,27.1,88.0,84.0,1005.7,1007.7,1004.1,170.0,18.95,3/09/2001,29.2,27.2,84.0,96.0,1008.6,1010.0,1006.9,177.0,14.66,4/09/2001,28.9,27.5,85.0,49.0,1008.7,1009.7,1007.1,154.0,20.12,5/09/2001,29.0,26.6,86.0,98.0,1006.6,1008.1,1004.8,139.0,11.1,26.115992,127.5575,0.0,Asia/Tokyo
116,20,NARI,20020124,1090718,2001,9,7,18,2,4,263,1278,975,60,9,20,20,9,90,90,Y,31/08/2001,29.1,26.3,80.0,81.0,997.5,998.5,995.7,289.0,20.63,1/09/2001,27.2,25.8,86.0,100.0,996.6,997.6,995.2,122.0,10.36,2/09/2001,28.4,26.3,86.0,83.0,997.3,999.3,995.6,172.0,18.0,3/09/2001,28.8,27.5,80.0,97.0,1000.1,1001.3,998.5,177.0,15.43,4/09/2001,28.9,27.3,83.0,53.0,1000.3,1001.2,998.7,158.0,19.85,5/09/2001,28.2,26.5,85.0,96.0,998.2,999.8,996.5,142.0,10.66,6/09/2001,28.5,26.3,85.0,100.0,995.1,997.1,993.5,172.0,11.87,26.326887,127.78022,76.0,Asia/Tokyo
116,20,NARI,20020124,1091218,2001,9,12,18,2,4,264,1268,975,60,9,35,35,6,140,100,Y,5/09/2001,28.9,26.6,86.0,91.0,1006.6,1008.3,1005.1,132.0,12.66,6/09/2001,28.2,26.9,87.0,100.0,1003.0,1005.0,1001.3,161.0,10.98,7/09/2001,27.8,26.9,88.0,100.0,1001.3,1002.5,999.4,8.0,6.56,8/09/2001,27.8,26.9,88.0,100.0,999.9,1001.9,997.7,311.0,3.96,9/09/2001,28.5,26.1,80.0,97.0,1002.1,1003.1,1001.5,201.0,13.77,10/09/2001,28.3,27.7,84.0,72.0,1000.5,1002.3,998.8,174.0,19.3,11/09/2001,27.8,26.7,87.0,95.0,998.6,999.7,997.3,62.0,9.94,26.397186,126.83168,0.0,Asia/Tokyo
204,9,NOGURI,20060118,2060917,2002,6,9,17,2,4,246,1253,975,60,3,30,20,3,100,50,Y,2/06/2002,26.7,25.6,77.0,100.0,1005.9,1006.9,1004.8,50.0,20.36,3/06/2002,26.4,25.1,88.0,99.0,1006.3,1007.3,1005.4,113.0,16.78,4/06/2002,27.0,25.5,88.0,96.0,1004.8,1006.0,1003.9,186.0,19.43,5/06/2002,26.9,26.2,86.0,99.0,1005.6,1006.8,1004.4,304.0,21.61,6/06/2002,27.1,25.8,84.0,98.0,1006.5,1008.0,1005.7,60.0,23.34,7/06/2002,26.8,25.4,86.0,99.0,1006.3,1007.3,1005.4,180.0,18.35,8/06/2002,26.7,25.8,88.0,100.0,1005.8,1006.7,1004.7,145.0,12.86,24.569418,125.326195,0.0,Asia/Tokyo
205,10,RAMMASUN,20060118,2070312,2002,7,3,12,2,5,247,1253,945,85,3,170,140,3,400,300,Y,26/06/2002,28.3,26.7,87.0,32.0,1010.2,1011.9,1009.5,146.0,24.75,27/06/2002,28.3,26.2,85.0,88.0,1011.2,1012.1,1010.3,141.0,20.93,28/06/2002,28.8,27.8,83.0,98.0,1010.1,1011.3,1008.9,194.0,24.06,29/06/2002,28.7,28.2,85.0,95.0,1009.0,1010.4,1007.9,190.0,24.0,30/06/2002,28.9,28.1,84.0,88.0,1008.0,1008.9,1007.2,158.0,26.64,1/07/2002,29.0,28.0,85.0,46.0,1007.6,1008.6,1006.6,104.0,25.98,2/07/2002,28.8,27.7,88.0,63.0,1004.8,1008.3,1000.8,55.0,18.18,24.710016,125.305466,0.0,Asia/Tokyo
206,11,CHATAAN,20060118,2071015,2002,7,10,15,2,4,349,1397,970,55,2,50,20,2,250,90,Y,3/07/2002,22.9,21.9,97.0,99.0,1013.9,1015.0,1013.0,212.0,17.21,4/07/2002,22.6,21.8,98.0,100.0,1014.5,1015.4,1013.7,217.0,15.74,5/07/2002,23.1,21.9,98.0,100.0,1014.1,1015.3,1012.6,203.0,18.15,6/07/2002,24.0,22.9,92.0,66.0,1010.6,1012.5,1008.6,205.0,18.5,7/07/2002,24.3,23.7,91.0,34.0,1008.4,1009.4,1007.4,217.0,25.89,8/07/2002,24.4,23.5,93.0,66.0,1008.9,1010.4,1007.7,222.0,22.93,9/07/2002,24.2,23.5,98.0,97.0,1006.7,1008.6,1005.3,214.0,18.27,34.90334,139.68274,0.0,Asia/Tokyo
206,11,CHATAAN,20060118,2071112,2002,7,11,12,2,3,430,1445,980,45,0,0,0,3,300,200,Y,4/07/2002,15.5,12.0,94.0,89.0,1015.1,1016.0,1014.6,92.0,14.57,5/07/2002,14.6,12.5,94.0,100.0,1014.5,1015.6,1012.9,119.0,10.2,6/07/2002,14.7,12.1,94.0,100.0,1010.3,1012.6,1008.2,171.0,10.21,7/07/2002,16.5,13.2,98.0,100.0,1005.3,1007.8,1003.7,46.0,3.34,8/07/2002,14.7,12.6,96.0,98.0,1005.0,1006.6,1004.3,86.0,6.28,9/07/2002,16.0,10.8,84.0,58.0,1007.8,1009.1,1006.5,13.0,23.42,10/07/2002,14.6,10.6,90.0,99.0,1007.8,1009.1,1005.7,118.0,15.12,43.057995,144.50893,12.0,Asia/Tokyo
207,12,HALONG,20060118,2071412,2002,7,14,12,2,5,262,1276,960,70,3,100,60,3,280,170,Y,7/07/2002,27.1,26.1,90.0,7.0,1004.7,1006.1,1003.0,122.0,26.89,8/07/2002,26.9,26.2,93.0,32.0,1001.1,1004.2,998.7,50.0,26.29,9/07/2002,26.8,26.0,94.0,62.0,996.7,998.7,995.7,315.0,24.38,10/07/2002,26.7,25.6,94.0,71.0,997.1,998.2,996.2,201.0,16.55,11/07/2002,26.9,26.4,92.0,65.0,996.3,997.8,995.2,157.0,18.31,12/07/2002,26.6,26.3,93.0,87.0,997.5,1001.2,995.7,163.0,17.28,13/07/2002,27.1,26.5,91.0,66.0,1003.7,1005.9,1001.9,163.0,24.37,26.18629,127.59869,0.0,Asia/Tokyo
207,12,HALONG,20060118,2071600,2002,7,16,0,2,4,346,1387,975,60,3,100,10,3,210,60,Y,9/07/2002,26.2,24.7,96.0,95.0,1006.9,1009.4,1004.5,203.0,20.15,10/07/2002,26.0,25.1,92.0,100.0,994.2,1003.7,976.8,146.0,4.97,11/07/2002,26.0,24.5,82.0,9.0,992.7,999.5,980.0,255.0,28.51,12/07/2002,25.6,25.0,81.0,12.0,1003.2,1006.9,999.4,245.0,28.3,13/07/2002,26.0,24.9,93.0,91.0,1008.6,1010.0,1006.7,244.0,11.24,14/07/2002,26.1,25.4,92.0,55.0,1008.7,1009.7,1007.6,237.0,23.67,15/07/2002,26.2,25.6,91.0,60.0,1005.6,1007.7,1003.2,229.0,21.62,34.551846,138.68852,0.0,Asia/Tokyo
207,12,HALONG,20060118,2071601,2002,7,16,1,2,4,348,1393,975,60,3,60,10,3,200,50,Y,9/07/2002,25.0,23.9,96.0,96.0,1006.9,1009.0,1005.1,228.0,19.21,10/07/2002,25.4,24.2,93.0,100.0,995.5,1004.5,975.6,153.0,5.51,11/07/2002,25.6,24.3,82.0,14.0,991.0,998.4,976.2,245.0,28.26,12/07/2002,25.2,24.5,82.0,10.0,1002.6,1006.4,998.4,241.0,27.77,13/07/2002,25.7,24.7,93.0,90.0,1007.9,1009.1,1006.1,245.0,11.37,14/07/2002,25.8,25.1,92.0,64.0,1007.9,1008.9,1006.7,239.0,23.55,15/07/2002,26.0,25.3,91.0,71.0,1004.9,1006.8,1003.0,235.0,20.52,34.83304,139.27757,0.0,Asia/Tokyo
207,12,HALONG,20060118,2071603,2002,7,16,3,2,4,356,1406,975,60,3,60,10,3,190,50,Y,9/07/2002,28.5,24.3,86.0,99.0,1006.6,1008.2,1005.3,215.0,16.05,10/07/2002,25.8,24.2,93.0,100.0,998.2,1005.0,983.7,156.0,8.78,11/07/2002,27.9,24.2,78.0,32.0,989.0,996.9,974.2,213.0,26.54,12/07/2002,26.1,23.4,79.0,37.0,1002.0,1006.0,997.0,213.0,21.38,13/07/2002,26.6,23.9,85.0,94.0,1006.5,1007.8,1005.3,235.0,15.24,14/07/2002,27.9,24.8,80.0,59.0,1005.9,1007.9,1004.2,225.0,24.74,15/07/2002,27.4,25.0,83.0,91.0,1003.5,1005.2,1002.2,220.0,20.75,35.606327,140.55269,0.0,Asia/Tokyo
209,14,FENGSHEN,20060118,2072511,2002,7,25,11,2,4,303,1309,970,55,9,60,60,1,220,160,Y,18/07/2002,26.8,25.5,90.0,99.0,1006.3,1008.6,1004.9,217.0,9.36,19/07/2002,27.5,26.5,89.0,42.0,1010.2,1013.3,1008.1,204.0,23.45,20/07/2002,27.3,26.6,87.0,17.0,1013.2,1014.2,1011.9,216.0,26.97,21/07/2002,27.2,26.1,83.0,48.0,1011.4,1013.1,1009.6,336.0,27.21,22/07/2002,27.8,26.2,85.0,39.0,1009.8,1010.8,1008.6,59.0,26.32,23/07/2002,27.9,26.9,86.0,22.0,1009.2,1010.0,1008.1,84.0,26.06,24/07/2002,27.6,26.5,86.0,61.0,1006.3,1009.1,1003.7,31.0,23.31,30.263618,130.88992,0.0,Asia/Tokyo
213,21,PHANFONE,20060118,2081907,2002,8,19,7,2,5,329,1399,965,65,9,60,60,4,160,130,Y,12/08/2002,28.0,27.1,79.0,29.0,1016.1,1017.3,1015.2,220.0,25.82,13/08/2002,28.2,27.2,77.0,14.0,1014.4,1015.3,1013.3,205.0,25.42,14/08/2002,28.5,27.8,76.0,19.0,1013.1,1014.3,1012.0,205.0,24.96,15/08/2002,28.7,28.1,77.0,18.0,1011.2,1012.5,1009.7,183.0,24.21,16/08/2002,29.2,27.9,76.0,37.0,1008.6,1010.2,1006.5,88.0,25.18,17/08/2002,28.8,26.7,85.0,90.0,1004.7,1006.4,1002.9,87.0,15.71,18/08/2002,28.7,27.4,87.0,99.0,1000.8,1003.0,997.1,115.0,8.49,32.864674,139.90208,0.0,Asia/Tokyo
215,23,RUSA,20060118,2082912,2002,8,29,12,2,5,284,1296,950,75,1,120,60,1,270,240,Y,22/08/2002,27.0,25.1,75.0,56.0,989.8,990.8,988.8,109.0,18.95,23/08/2002,28.0,25.0,78.0,71.0,990.3,991.9,989.5,162.0,21.19,24/08/2002,28.8,26.2,75.0,67.0,989.8,991.6,988.8,245.0,22.39,25/08/2002,29.2,26.3,77.0,36.0,989.1,990.5,987.7,255.0,24.07,26/08/2002,28.6,24.6,81.0,28.0,988.9,990.1,987.9,91.0,23.6,27/08/2002,28.4,26.0,78.0,15.0,988.6,989.4,987.4,67.0,24.03,28/08/2002,27.8,25.8,84.0,38.0,985.8,988.7,982.3,28.0,21.77,28.435852,129.57954,176.0,Asia/Tokyo
216,24,SINLAKU,20060118,2090321,2002,9,3,21,2,5,257,1313,960,75,8,90,60,8,220,180,Y,27/08/2002,28.9,27.9,76.0,19.0,1006.9,1008.7,1005.4,31.0,23.86,28/08/2002,28.9,27.1,85.0,68.0,999.1,1005.3,989.4,351.0,13.07,29/08/2002,28.4,27.4,87.0,100.0,989.2,997.1,982.2,247.0,3.07,30/08/2002,28.6,27.6,89.0,99.0,1001.3,1004.9,997.6,203.0,19.09,31/08/2002,28.5,26.8,88.0,92.0,1006.2,1008.7,1004.0,202.0,18.61,1/09/2002,27.5,26.3,86.0,82.0,1009.3,1011.1,1007.3,175.0,16.06,2/09/2002,27.1,26.2,83.0,33.0,1009.8,1011.2,1008.8,53.0,22.47,25.694199,131.32753,0.0,Asia/Tokyo
216,24,SINLAKU,20060118,2090415,2002,9,4,15,2,5,262,1279,955,80,8,100,80,1,240,180,Y,28/08/2002,28.6,27.9,80.0,24.0,1005.2,1008.0,1002.3,8.0,23.81,29/08/2002,28.5,27.4,86.0,98.0,995.2,1002.0,990.8,315.0,14.95,30/08/2002,29.0,27.3,85.0,100.0,996.3,1000.6,992.0,255.0,10.12,31/08/2002,28.1,26.7,87.0,88.0,1004.1,1007.6,1000.9,243.0,17.58,1/09/2002,27.3,25.8,84.0,81.0,1008.9,1011.1,1006.6,294.0,17.14,2/09/2002,27.3,26.5,84.0,34.0,1010.3,1011.4,1009.6,47.0,19.57,3/09/2002,28.0,26.3,81.0,29.0,1008.2,1010.0,1005.0,36.0,22.99,26.18629,127.894745,0.0,Asia/Tokyo
216,24,SINLAKU,20060118,2090423,2002,9,4,23,2,5,264,1268,955,80,8,100,80,8,240,180,Y,28/08/2002,28.6,27.6,82.0,24.0,1006.4,1008.7,1004.3,13.0,23.63,29/08/2002,28.8,27.3,86.0,76.0,998.6,1004.1,994.3,328.0,16.86,30/08/2002,28.9,27.5,86.0,100.0,996.2,1000.0,993.5,274.0,13.78,31/08/2002,28.4,26.9,84.0,93.0,1003.5,1007.6,1000.1,263.0,20.01,1/09/2002,27.9,26.1,83.0,49.0,1008.9,1011.2,1006.5,324.0,21.15,2/09/2002,27.4,26.5,84.0,21.0,1010.6,1011.6,1009.7,42.0,21.46,3/09/2002,28.1,26.0,82.0,28.0,1009.0,1010.4,1007.0,45.0,22.82,26.397186,126.83168,0.0,Asia/Tokyo
221,30,HIGOS,20060118,2100111,2002,10,1,11,2,5,353,1396,960,70,3,100,60,3,300,180,Y,24/09/2002,21.3,17.9,66.0,39.0,1011.1,1013.9,1007.4,41.0,15.04,25/09/2002,22.8,18.6,61.0,57.0,1016.0,1019.4,1013.8,44.0,18.64,26/09/2002,20.2,17.6,66.0,92.0,1021.1,1022.5,1019.6,42.0,10.61,27/09/2002,18.6,17.4,78.0,95.0,1019.6,1021.5,1016.7,19.0,4.64,28/09/2002,22.6,17.3,88.0,100.0,1009.9,1016.4,1006.5,354.0,3.18,29/09/2002,24.9,21.6,87.0,75.0,1008.5,1011.2,1006.6,224.0,15.63,30/09/2002,22.7,19.8,90.0,99.0,1012.3,1013.2,1011.2,16.0,4.51,35.32513,139.60358,26.0,Asia/Tokyo
221,30,HIGOS,20060118,2100121,2002,10,1,21,2,4,426,1417,980,55,2,60,20,2,350,200,Y,24/09/2002,16.8,15.0,65.0,32.0,1010.6,1013.3,1008.1,270.0,13.51,25/09/2002,17.7,13.0,67.0,6.0,1019.2,1024.0,1013.6,354.0,17.71,26/09/2002,18.0,14.4,71.0,12.0,1024.7,1025.8,1023.7,184.0,19.18,27/09/2002,18.6,17.5,70.0,89.0,1023.5,1024.8,1022.1,150.0,12.05,28/09/2002,18.8,16.8,81.0,100.0,1017.4,1021.8,1008.3,102.0,5.38,29/09/2002,18.4,17.5,84.0,99.0,1008.8,1013.9,1005.5,14.0,4.68,30/09/2002,17.7,16.0,83.0,100.0,1018.3,1020.7,1014.6,124.0,7.83,42.565903,141.69368,0.0,Asia/Tokyo
304,5,LINFA,20040217,3053021,2003,5,30,21,2,3,332,1323,985,45,0,0,0,3,200,80,Y,23/05/2003,22.1,18.5,77.0,46.0,1016.4,1017.8,1015.4,143.0,23.9,24/05/2003,22.3,19.0,75.0,97.0,1016.4,1017.6,1014.8,132.0,16.72,25/05/2003,21.0,19.2,79.0,97.0,1012.2,1014.8,1009.4,129.0,10.33,26/05/2003,20.4,18.5,83.0,88.0,1009.9,1011.3,1008.9,116.0,11.32,27/05/2003,22.5,19.1,81.0,81.0,1011.8,1014.1,1009.6,87.0,19.73,28/05/2003,23.2,19.5,75.0,45.0,1014.5,1016.1,1013.3,124.0,22.51,29/05/2003,23.0,20.7,72.0,34.0,1015.1,1016.4,1013.8,128.0,21.79,33.216167,132.3399,0.0,Asia/Tokyo
306,7,SOUDELOR,20040217,3061720,2003,6,17,20,2,5,242,1238,968,65,3,120,60,3,250,120,Y,10/06/2003,26.7,25.3,81.0,99.0,1005.8,1007.1,1004.7,74.0,18.86,11/06/2003,27.3,25.9,89.0,96.0,1005.2,1006.4,1003.6,196.0,20.52,12/06/2003,27.5,26.8,88.0,99.0,1005.2,1007.6,1003.6,207.0,18.3,13/06/2003,27.4,26.8,91.0,98.0,1007.5,1009.0,1006.3,210.0,20.22,14/06/2003,27.3,26.8,90.0,86.0,1007.5,1009.0,1006.1,187.0,23.53,15/06/2003,27.2,26.3,89.0,79.0,1006.9,1008.6,1005.8,141.0,25.09,16/06/2003,26.7,25.8,89.0,93.0,1006.5,1007.7,1005.5,117.0,21.32,24.217924,123.797874,0.0,Asia/Tokyo
306,7,SOUDELOR,20040217,3061904,2003,6,19,4,2,4,342,1292,975,60,3,50,30,3,190,80,Y,12/06/2003,22.2,20.1,95.0,86.0,986.9,990.6,983.6,180.0,4.65,13/06/2003,20.3,19.0,85.0,51.0,991.1,993.8,987.4,264.0,26.4,14/06/2003,20.6,18.6,81.0,99.0,993.5,994.8,992.3,224.0,10.61,15/06/2003,21.3,17.8,82.0,94.0,994.9,996.2,993.9,185.0,22.62,16/06/2003,21.4,17.8,89.0,97.0,996.9,998.3,995.5,81.0,17.31,17/06/2003,21.4,18.5,96.0,97.0,997.7,998.6,996.7,93.0,16.36,18/06/2003,20.9,19.2,94.0,100.0,995.6,997.2,993.3,162.0,4.74,34.20035,129.24812,124.0,Asia/Tokyo
310,12,ETAU,20040217,3080700,2003,8,7,0,2,5,265,1282,950,80,3,160,80,3,350,180,Y,31/07/2003,30.0,28.5,80.0,37.0,1005.7,1006.6,1004.7,266.0,24.98,1/08/2003,29.6,27.6,82.0,78.0,1006.0,1007.1,1005.1,251.0,23.16,2/08/2003,29.3,27.8,82.0,26.0,1007.2,1009.0,1005.6,137.0,24.77,3/08/2003,29.5,27.8,83.0,33.0,1009.0,1009.9,1008.1,138.0,24.25,4/08/2003,29.4,27.2,83.0,54.0,1009.2,1009.8,1008.5,124.0,23.28,5/08/2003,30.0,28.1,80.0,44.0,1007.2,1008.9,1005.5,90.0,23.17,6/08/2003,30.4,28.0,83.0,73.0,1001.5,1006.1,993.6,81.0,17.81,26.537785,128.20287,0.0,Asia/Tokyo
310,12,ETAU,20040217,3080710,2003,8,7,10,2,5,281,1292,945,85,4,160,80,3,350,220,Y,31/07/2003,29.2,27.0,86.0,66.0,1005.0,1006.4,1004.1,274.0,20.82,1/08/2003,29.0,27.4,86.0,82.0,1005.5,1006.9,1004.3,259.0,23.13,2/08/2003,29.4,27.3,84.0,23.0,1007.3,1009.2,1005.4,259.0,25.29,3/08/2003,29.7,27.3,83.0,19.0,1009.6,1010.9,1008.9,157.0,25.02,4/08/2003,29.6,27.1,83.0,47.0,1009.9,1010.7,1009.4,128.0,23.82,5/08/2003,29.7,27.3,80.0,50.0,1008.5,1009.9,1006.8,93.0,23.26,6/08/2003,30.2,28.8,83.0,66.0,1005.0,1007.6,1002.4,101.0,21.92,28.084358,129.15254,0.0,Asia/Tokyo
310,12,ETAU,20040217,3080812,2003,8,8,12,2,5,332,1340,950,75,3,160,20,3,325,200,Y,1/08/2003,26.8,24.5,77.0,26.0,1007.3,1008.9,1006.2,76.0,26.26,2/08/2003,27.2,25.3,85.0,78.0,1009.4,1011.2,1008.4,96.0,23.75,3/08/2003,27.2,25.5,90.0,73.0,1010.8,1011.4,1010.2,157.0,21.69,4/08/2003,27.9,26.2,89.0,18.0,1010.6,1011.2,1010.0,225.0,25.47,5/08/2003,28.1,25.8,86.0,18.0,1010.6,1011.4,1009.8,240.0,25.95,6/08/2003,28.2,25.9,85.0,49.0,1010.8,1011.7,1010.1,200.0,23.84,7/08/2003,27.6,24.7,88.0,97.0,1007.7,1010.8,1003.1,111.0,11.07,33.216167,134.00246,0.0,Asia/Tokyo
310,12,ETAU,20040217,3080818,2003,8,8,18,2,4,342,1348,965,50,0,0,0,3,300,200,Y,1/08/2003,24.3,21.5,89.0,23.0,1006.8,1007.7,1006.0,61.0,24.68,2/08/2003,25.1,24.2,92.0,59.0,1008.7,1010.4,1007.3,163.0,23.58,3/08/2003,25.5,24.6,94.0,46.0,1009.9,1010.7,1009.3,165.0,21.3,4/08/2003,26.0,25.0,95.0,34.0,1009.7,1010.4,1008.7,165.0,21.41,5/08/2003,26.1,25.3,94.0,35.0,1009.9,1010.8,1008.5,151.0,21.38,6/08/2003,26.8,25.6,91.0,47.0,1009.8,1010.6,1008.9,163.0,23.46,7/08/2003,26.6,25.8,90.0,89.0,1007.0,1009.5,1003.7,162.0,16.84,34.20035,134.77444,4.0,Asia/Tokyo
310,12,ETAU,20040217,3080821,2003,8,8,21,2,4,347,1354,970,50,0,0,0,3,300,180,Y,1/08/2003,31.9,21.9,72.0,47.0,1007.2,1008.6,1006.0,86.0,22.55,2/08/2003,32.3,25.0,73.0,58.0,1009.4,1011.3,1008.2,205.0,23.41,3/08/2003,32.3,25.3,76.0,60.0,1010.6,1011.2,1009.7,223.0,19.74,4/08/2003,33.8,25.8,75.0,42.0,1010.3,1011.1,1009.1,229.0,21.06,5/08/2003,34.6,26.1,74.0,53.0,1010.5,1011.3,1008.5,312.0,21.68,6/08/2003,33.8,26.4,74.0,40.0,1010.5,1011.5,1009.5,206.0,22.55,7/08/2003,32.9,26.5,74.0,86.0,1007.9,1010.6,1004.8,175.0,18.75,34.69244,135.39822,2.0,Asia/Tokyo
310,12,ETAU,20040217,3080916,2003,8,9,16,2,3,419,1428,985,40,0,0,0,3,325,50,Y,2/08/2003,17.4,16.2,94.0,100.0,1010.6,1011.8,1009.7,88.0,4.41,3/08/2003,19.2,17.0,95.0,99.0,1008.5,1010.9,1006.6,127.0,5.04,4/08/2003,18.4,17.8,98.0,92.0,1007.8,1009.4,1006.4,272.0,21.64,5/08/2003,18.3,17.3,97.0,60.0,1010.3,1012.0,1009.0,273.0,15.9,6/08/2003,17.7,16.8,96.0,89.0,1013.8,1014.8,1012.4,124.0,17.86,7/08/2003,18.2,16.8,93.0,96.0,1012.1,1014.3,1009.2,92.0,9.58,8/08/2003,19.5,18.1,97.0,100.0,1004.1,1007.9,1001.7,130.0,8.56,41.862915,142.77213,0.0,Etc/GMT-10
314,20,MAEMI,20040217,3091019,2003,9,10,19,2,5,248,1254,910,105,9,80,80,2,240,200,Y,3/09/2003,28.6,27.0,86.0,29.0,1012.6,1014.3,1011.4,116.0,21.74,4/09/2003,29.3,26.8,84.0,27.0,1012.8,1014.2,1011.5,98.0,22.4,5/09/2003,29.0,28.1,82.0,18.0,1011.2,1013.0,1009.9,89.0,22.97,6/09/2003,28.8,27.6,83.0,20.0,1010.4,1011.6,1009.5,88.0,23.0,7/09/2003,28.4,27.2,84.0,12.0,1009.1,1010.4,1007.7,63.0,22.78,8/09/2003,28.9,26.6,83.0,63.0,1007.2,1009.4,1005.7,61.0,20.44,9/09/2003,28.6,27.0,86.0,100.0,1005.3,1007.6,1003.7,54.0,19.42,24.780315,125.43991,0.0,Asia/Tokyo
315,21,CHOI-WAN,20040217,3091908,2003,9,19,8,2,4,265,1282,985,50,0,0,0,3,280,180,Y,12/09/2003,28.3,26.7,88.0,100.0,1008.7,1012.8,1003.3,204.0,14.67,13/09/2003,28.5,26.9,85.0,79.0,1013.4,1014.8,1012.3,201.0,19.16,14/09/2003,28.7,27.6,84.0,22.0,1014.7,1015.7,1013.7,124.0,23.17,15/09/2003,28.8,28.0,81.0,76.0,1014.6,1015.6,1013.9,90.0,22.97,16/09/2003,28.7,28.1,80.0,23.0,1014.2,1015.1,1012.9,81.0,23.12,17/09/2003,28.6,27.9,78.0,15.0,1012.7,1014.1,1011.3,72.0,22.93,18/09/2003,28.4,26.4,84.0,66.0,1008.5,1011.8,1006.2,96.0,16.31,26.537785,128.20287,0.0,Asia/Tokyo
315,21,CHOI-WAN,20040217,3091922,2003,9,19,22,2,4,281,1292,975,60,2,70,50,3,300,150,Y,12/09/2003,27.9,26.8,88.0,100.0,1008.4,1012.8,1004.1,192.0,15.07,13/09/2003,28.1,26.6,86.0,96.0,1013.5,1015.0,1012.1,232.0,14.55,14/09/2003,28.8,26.7,84.0,61.0,1014.9,1015.9,1014.0,251.0,19.88,15/09/2003,28.7,27.2,83.0,83.0,1015.1,1016.2,1014.4,75.0,20.08,16/09/2003,29.0,27.7,76.0,45.0,1014.8,1015.5,1013.5,80.0,22.4,17/09/2003,28.2,27.3,77.0,28.0,1013.6,1014.6,1012.3,82.0,21.26,18/09/2003,28.2,26.3,80.0,57.0,1010.3,1013.0,1008.1,105.0,18.95,28.084358,129.15254,0.0,Asia/Tokyo
404,7,CONSON,20060118,4061107,2004,6,11,7,2,3,333,1341,994,35,0,0,0,9,20,20,Y,4/06/2004,23.0,21.5,62.0,14.0,1017.0,1018.6,1015.2,81.0,29.37,5/06/2004,23.5,21.6,73.0,89.0,1013.5,1016.2,1011.7,73.0,16.32,6/06/2004,24.0,22.2,89.0,92.0,1010.3,1011.6,1008.3,104.0,9.95,7/06/2004,24.2,21.9,89.0,77.0,1006.3,1009.8,1003.8,140.0,20.18,8/06/2004,23.9,23.1,89.0,96.0,1007.7,1010.6,1005.8,242.0,14.84,9/06/2004,23.4,22.5,84.0,98.0,1010.5,1012.0,1009.1,147.0,21.5,10/06/2004,23.6,22.6,85.0,100.0,1014.0,1015.6,1012.2,230.0,14.43,33.286465,134.05672,0.0,Asia/Tokyo
406,9,DIANMU,20060118,4062100,2004,6,21,0,2,5,331,1339,965,70,3,80,40,3,300,200,Y,14/06/2004,23.0,22.1,56.0,3.0,1014.7,1015.9,1013.3,52.0,30.04,15/06/2004,23.9,22.4,64.0,89.0,1015.7,1016.5,1015.0,283.0,24.38,16/06/2004,24.1,22.9,71.0,81.0,1015.8,1016.7,1014.8,106.0,27.77,17/06/2004,24.2,22.9,69.0,76.0,1016.3,1017.5,1015.0,113.0,21.91,18/06/2004,24.7,23.8,78.0,76.0,1014.0,1015.3,1012.2,134.0,21.93,19/06/2004,25.5,24.4,86.0,93.0,1010.6,1013.6,1008.1,125.0,15.73,20/06/2004,26.0,25.4,92.0,98.0,1004.9,1008.0,999.3,130.0,19.99,33.07557,133.89435,0.0,Asia/Tokyo
406,9,DIANMU,20060118,4062104,2004,6,21,4,2,4,346,1349,970,60,3,60,30,3,300,200,Y,14/06/2004,20.7,16.7,76.0,0.0,1015.0,1016.1,1013.0,4.0,30.17,15/06/2004,22.4,19.0,76.0,68.0,1015.7,1016.6,1014.3,261.0,28.66,16/06/2004,24.9,20.2,73.0,58.0,1015.8,1016.6,1014.0,168.0,29.41,17/06/2004,22.8,21.3,82.0,53.0,1016.3,1017.7,1014.6,185.0,28.12,18/06/2004,23.4,21.8,81.0,64.0,1014.0,1015.5,1012.0,180.0,23.65,19/06/2004,24.9,22.4,82.0,86.0,1011.4,1013.7,1008.8,171.0,23.08,20/06/2004,25.4,24.1,87.0,85.0,1006.0,1008.6,1002.7,166.0,21.16,34.622143,134.88637,0.0,Asia/Tokyo
410,13,NAMTHEUN,20060118,4073107,2004,7,31,7,2,5,331,1332,980,65,9,50,50,3,200,120,Y,24/07/2004,28.4,26.4,85.0,40.0,1008.1,1009.1,1007.5,157.0,24.39,25/07/2004,27.9,24.7,84.0,93.0,1009.2,1010.3,1008.2,172.0,16.29,26/07/2004,27.8,25.3,82.0,95.0,1011.5,1013.3,1010.2,171.0,19.02,27/07/2004,28.5,25.5,81.0,64.0,1012.7,1013.7,1011.8,128.0,22.45,28/07/2004,29.2,26.8,80.0,5.0,1010.9,1012.6,1009.1,258.0,24.49,29/07/2004,29.7,27.3,84.0,3.0,1008.0,1009.6,1006.2,240.0,26.23,30/07/2004,31.9,28.0,71.0,21.0,1004.9,1007.9,1002.1,6.0,23.73,33.07557,133.23096,0.0,Asia/Tokyo
410,13,NAMTHEUN,20060118,4073112,2004,7,31,12,2,3,340,1323,992,45,0,0,0,3,200,100,Y,24/07/2004,29.1,26.0,84.0,19.0,1007.6,1008.4,1006.7,207.0,21.99,25/07/2004,29.1,26.3,83.0,57.0,1008.3,1009.4,1007.4,195.0,20.42,26/07/2004,29.9,26.0,77.0,91.0,1010.8,1012.8,1009.6,168.0,20.56,27/07/2004,29.5,25.9,78.0,78.0,1012.5,1013.4,1011.3,202.0,22.37,28/07/2004,30.8,25.9,80.0,19.0,1011.3,1012.7,1009.4,276.0,23.13,29/07/2004,31.2,26.6,75.0,4.0,1009.4,1011.1,1007.4,336.0,25.74,30/07/2004,32.2,26.9,68.0,8.0,1006.9,1008.7,1004.8,38.0,25.22,33.989452,132.2472,0.0,Asia/Tokyo
411,16,MALOU,20060118,4080413,2004,8,4,13,2,3,336,1347,996,40,0,0,0,1,100,25,Y,2004-07-28,29.4,27.3,81.0,3.0,1010.3,1012.3,1008.2,339.0,26.03,2004-07-29,30.0,27.8,74.0,15.0,1007.8,1009.1,1006.0,359.0,25.95,2004-07-30,29.9,26.7,79.0,60.0,1004.0,1007.4,999.9,6.0,15.89,2004-07-31,27.2,26.2,88.0,99.0,998.8,1004.3,995.4,106.0,5.98,2004-08-01,27.5,26.2,88.0,94.0,1006.7,1009.2,1003.9,162.0,12.61,2004-08-02,27.1,25.3,85.0,70.0,1009.5,1010.4,1008.5,165.0,15.7,2004-08-03,26.6,25.6,84.0,70.0,1009.7,1010.7,1008.5,101.0,16.6,33.56766,134.72119,0.0,Asia/Tokyo
411,16,MALOU,20060118,4080416,2004,8,4,16,2,3,348,1344,998,35,0,0,0,2,80,25,Y,2004-07-28,31.6,24.6,79.0,7.0,1010.1,1011.9,1008.0,17.0,25.08,2004-07-29,33.0,25.3,70.0,3.0,1008.2,1009.6,1006.4,2.0,25.45,2004-07-30,33.8,25.2,69.0,34.0,1006.2,1008.0,1004.6,32.0,22.59,2004-07-31,27.9,24.9,83.0,98.0,1002.7,1004.7,1001.9,71.0,5.57,2004-08-01,25.6,24.2,92.0,93.0,1005.2,1007.5,1003.6,139.0,9.15,2004-08-02,24.9,23.5,93.0,93.0,1008.1,1009.3,1006.9,153.0,11.71,2004-08-03,26.5,23.1,85.0,55.0,1009.2,1010.2,1008.0,129.0,23.7,34.83304,134.37262,7.0,Asia/Tokyo
415,20,MEGI,20100326,4081921,2004,8,19,21,2,4,409,1402,980,60,9,50,50,2,300,180,Y,2004-08-12,25.9,22.1,78.0,69.0,1007.8,1008.9,1006.6,262.0,14.25,2004-08-13,23.4,21.2,75.0,75.0,1007.4,1008.3,1006.3,311.0,10.73,2004-08-14,24.3,19.6,68.0,85.0,1008.4,1009.8,1007.1,311.0,23.5,2004-08-15,22.9,20.2,73.0,41.0,1005.5,1007.9,1003.7,266.0,16.45,2004-08-16,22.7,19.8,63.0,66.0,1009.8,1015.0,1005.9,283.0,20.8,2004-08-17,21.8,20.0,73.0,87.0,1014.8,1015.8,1012.9,222.0,8.59,2004-08-18,21.3,18.9,83.0,98.0,1009.4,1012.4,1007.0,81.0,5.73,40.878735,140.18492,0.0,Asia/Tokyo
415,20,MEGI,20100326,4081923,2004,8,19,23,2,4,411,1410,980,60,9,50,50,2,300,180,Y,2004-08-12,26.7,22.4,79.0,64.0,1007.4,1008.6,1005.9,266.0,17.29,2004-08-13,24.6,21.7,77.0,76.0,1007.3,1008.2,1006.3,302.0,13.11,2004-08-14,24.8,20.0,69.0,85.0,1008.0,1009.5,1006.6,300.0,23.54,2004-08-15,23.0,20.2,76.0,49.0,1005.3,1008.1,1003.5,262.0,17.36,2004-08-16,22.7,19.7,67.0,63.0,1009.4,1015.1,1005.6,279.0,20.64,2004-08-17,21.9,19.6,75.0,85.0,1015.0,1016.1,1013.3,211.0,8.41,2004-08-18,21.1,18.8,86.0,98.0,1009.6,1012.8,1007.3,114.0,6.0,41.08963,141.04286,0.0,Asia/Tokyo
416,21,CHABA,20060118,4083000,2004,8,30,0,2,5,315,1302,950,80,2,120,100,2,300,220,Y,23/08/2004,30.4,26.2,85.0,90.0,1010.0,1011.6,1009.2,126.0,15.66,24/08/2004,30.9,26.5,83.0,95.0,1008.7,1009.5,1007.6,131.0,17.26,25/08/2004,31.7,26.5,79.0,60.0,1007.6,1008.5,1006.3,79.0,20.19,26/08/2004,32.2,26.6,76.0,21.0,1005.2,1007.2,1003.4,62.0,19.64,27/08/2004,32.6,27.0,71.0,18.0,1002.3,1003.9,1000.6,44.0,22.73,28/08/2004,31.0,27.7,73.0,84.0,1000.7,1001.7,999.5,30.0,18.97,29/08/2004,29.5,27.0,81.0,98.0,993.2,999.5,982.3,52.0,9.37,31.458698,130.21506,0.0,Asia/Tokyo
416,21,CHABA,20060118,4083008,2004,8,30,8,2,5,339,1314,965,70,3,110,90,3,300,200,Y,2004-08-23,27.0,24.4,91.0,88.0,1010.7,1012.2,1009.7,131.0,10.17,2004-08-24,29.3,24.2,83.0,72.0,1009.7,1011.1,1008.1,325.0,15.86,2004-08-25,30.3,24.8,77.0,38.0,1008.4,1009.4,1006.6,323.0,20.62,2004-08-26,29.9,26.0,82.0,48.0,1006.7,1007.9,1005.0,105.0,18.13,2004-08-27,31.2,25.7,77.0,27.0,1005.2,1006.4,1004.1,62.0,20.14,2004-08-28,30.4,25.9,72.0,40.0,1005.1,1005.9,1004.2,74.0,18.07,2004-08-29,30.3,26.2,73.0,96.0,1003.1,1005.3,1001.1,79.0,18.24,33.919155,131.40898,0.0,Asia/Tokyo
416,21,CHABA,20060118,4083103,2004,8,31,3,2,4,414,1405,975,60,4,100,60,3,350,200,Y,24/08/2004,21.1,19.2,84.0,75.0,1007.1,1011.2,1004.9,51.0,11.13,25/08/2004,22.0,19.5,79.0,33.0,1008.5,1011.0,1006.8,286.0,14.93,26/08/2004,21.1,17.9,64.0,67.0,1011.3,1012.3,1010.1,33.0,24.03,27/08/2004,20.8,18.8,73.0,33.0,1013.8,1016.9,1011.2,86.0,22.94,28/08/2004,19.6,18.4,75.0,65.0,1017.4,1018.4,1016.4,106.0,17.42,29/08/2004,20.8,18.5,77.0,66.0,1015.4,1017.3,1013.7,109.0,12.68,30/08/2004,20.5,19.4,91.0,99.0,1008.6,1013.3,1002.8,94.0,9.19,41.441124,140.50359,0.0,Asia/Tokyo
418,24,SONGDA,20060118,4090508,2004,9,5,8,2,5,264,1281,925,95,2,160,80,2,350,300,Y,29/08/2004,28.5,27.5,87.0,98.0,993.7,997.6,991.0,296.0,8.33,30/08/2004,28.4,27.8,85.0,98.0,1002.0,1006.9,996.4,277.0,20.82,31/08/2004,27.9,27.2,84.0,76.0,1007.5,1008.9,1006.5,320.0,23.51,1/09/2004,28.8,27.3,80.0,80.0,1009.1,1010.6,1008.0,128.0,21.68,2/09/2004,28.4,27.2,85.0,79.0,1010.2,1010.9,1009.3,125.0,21.61,3/09/2004,28.5,27.5,84.0,27.0,1009.0,1010.8,1007.0,44.0,22.06,4/09/2004,28.5,27.0,85.0,49.0,1000.4,1006.7,992.3,33.0,19.32,26.397186,128.1188,0.0,Asia/Tokyo
418,24,SONGDA,20060118,4090700,2004,9,7,0,2,5,327,1296,945,75,3,90,80,3,325,240,Y,31/08/2004,26.8,25.8,81.0,32.0,1004.6,1007.2,1000.1,300.0,21.41,1/09/2004,26.0,21.8,69.0,87.0,1009.7,1012.1,1007.4,311.0,7.24,2/09/2004,25.6,21.4,74.0,61.0,1012.3,1013.4,1011.5,323.0,19.98,3/09/2004,26.9,24.7,75.0,56.0,1013.2,1014.6,1011.7,18.0,23.49,4/09/2004,27.0,25.2,80.0,70.0,1011.2,1012.7,1009.2,34.0,16.86,5/09/2004,28.3,25.8,82.0,81.0,1007.6,1009.7,1005.6,62.0,17.54,6/09/2004,27.9,26.7,81.0,100.0,1000.9,1004.8,994.1,82.0,6.12,32.724075,129.56044,0.0,Asia/Tokyo
421,31,MEARI,20060118,4092823,2004,9,28,23,2,4,315,1302,970,60,9,75,75,3,240,160,Y,21/09/2004,27.5,23.8,81.0,30.0,1013.8,1014.9,1012.5,281.0,12.6,22/09/2004,24.4,22.2,74.0,60.0,1014.2,1015.3,1013.5,359.0,13.05,23/09/2004,25.4,22.8,88.0,95.0,1013.5,1014.4,1012.5,157.0,8.67,24/09/2004,24.9,22.5,89.0,94.0,1015.0,1016.9,1013.5,73.0,7.15,25/09/2004,29.0,23.1,77.0,20.0,1015.8,1016.8,1014.7,66.0,17.45,26/09/2004,29.9,24.2,80.0,42.0,1014.1,1015.5,1012.4,82.0,16.84,27/09/2004,27.7,24.6,86.0,79.0,1012.0,1013.6,1010.7,81.0,9.55,31.458698,130.21506,0.0,Asia/Tokyo
421,31,MEARI,20060118,4092906,2004,9,29,6,2,4,329,1327,980,55,4,80,50,3,240,160,Y,22/09/2004,24.9,22.6,77.0,62.0,1014.2,1015.3,1013.2,323.0,12.44,23/09/2004,24.9,22.2,90.0,87.0,1015.1,1016.2,1014.2,117.0,5.53,24/09/2004,26.1,22.6,87.0,84.0,1016.2,1018.2,1014.6,339.0,14.08,25/09/2004,25.9,23.5,89.0,69.0,1017.8,1018.9,1016.9,69.0,11.17,26/09/2004,26.5,23.8,90.0,81.0,1016.3,1017.6,1014.7,77.0,12.0,27/09/2004,26.9,23.4,92.0,69.0,1012.9,1014.9,1011.2,64.0,9.82,28/09/2004,26.4,23.7,94.0,94.0,1012.5,1013.3,1011.9,74.0,8.93,32.93497,132.68382,0.0,Asia/Tokyo
421,31,MEARI,20060118,4092911,2004,9,29,11,2,4,344,1346,990,50,0,0,0,4,240,200,Y,22/09/2004,23.8,21.5,74.0,90.0,1014.8,1015.9,1013.1,354.0,6.23,23/09/2004,25.6,22.3,79.0,86.0,1015.6,1016.8,1014.6,111.0,10.88,24/09/2004,25.3,23.6,85.0,90.0,1016.5,1018.7,1014.6,148.0,14.43,25/09/2004,26.6,23.6,77.0,56.0,1018.6,1019.7,1017.4,41.0,14.72,26/09/2004,26.9,23.4,77.0,61.0,1016.8,1018.6,1014.7,54.0,15.96,27/09/2004,25.2,23.6,81.0,74.0,1013.3,1015.1,1011.6,54.0,9.07,28/09/2004,25.9,23.9,79.0,97.0,1013.5,1014.9,1012.6,62.0,10.73,34.411247,134.60378,0.0,Asia/Tokyo
422,32,MA-ON,20100326,4100907,2004,10,9,7,2,5,348,1388,950,80,2,60,30,3,220,180,Y,2/10/2004,23.1,20.5,74.0,37.0,982.9,984.5,981.9,250.0,18.48,3/10/2004,21.7,19.2,89.0,99.0,984.0,985.2,982.8,104.0,2.67,4/10/2004,20.4,18.9,84.0,93.0,984.5,985.5,983.8,48.0,6.67,5/10/2004,19.4,18.3,85.0,99.0,979.9,983.4,976.4,44.0,1.52,6/10/2004,21.9,18.2,73.0,43.0,979.0,984.9,975.5,117.0,15.8,7/10/2004,20.0,17.9,66.0,12.0,987.2,988.6,985.3,77.0,18.24,8/10/2004,19.4,17.6,78.0,98.0,983.6,987.4,977.0,50.0,1.94,34.83304,138.82129,267.0,Asia/Tokyo
422,32,MA-ON,20100326,4100908,2004,10,9,8,2,5,352,1395,965,70,2,55,25,3,200,160,Y,2/10/2004,25.0,21.5,75.0,23.0,1012.9,1014.7,1011.6,213.0,18.64,3/10/2004,24.2,19.1,89.0,95.0,1015.6,1017.2,1013.6,238.0,2.02,4/10/2004,20.3,18.9,87.0,98.0,1017.2,1018.3,1016.4,14.0,3.43,5/10/2004,20.0,19.2,91.0,99.0,1012.5,1017.4,1007.6,5.0,1.29,6/10/2004,22.8,19.3,73.0,55.0,1010.0,1016.6,1006.4,15.0,16.02,7/10/2004,22.0,18.7,66.0,12.0,1019.1,1020.4,1017.3,55.0,18.38,8/10/2004,21.5,18.4,80.0,95.0,1016.8,1019.8,1011.3,14.0,2.31,35.184532,139.47704,0.0,Asia/Tokyo
422,32,MA-ON,20100326,4100909,2004,10,9,9,2,4,356,1400,980,60,2,50,20,3,180,150,Y,2/10/2004,25.7,20.6,77.0,15.0,1013.2,1015.1,1011.9,206.0,18.78,3/10/2004,23.5,18.3,95.0,92.0,1015.9,1017.8,1014.0,300.0,1.99,4/10/2004,20.7,18.4,92.0,100.0,1017.5,1018.5,1016.5,356.0,2.52,5/10/2004,20.8,18.7,96.0,100.0,1012.5,1017.6,1007.7,354.0,1.2,6/10/2004,23.7,18.0,79.0,66.0,1010.3,1017.3,1006.2,333.0,16.68,7/10/2004,22.3,17.8,72.0,12.0,1019.3,1020.5,1017.5,72.0,17.79,8/10/2004,20.0,18.5,87.0,93.0,1017.3,1020.0,1012.0,10.0,2.56,35.606327,139.97429,0.0,Asia/Tokyo
423,33,TOKAGE,20060118,4102004,2004,10,20,4,2,5,328,1329,955,75,2,180,120,2,425,300,Y,13/10/2004,22.6,19.5,63.0,5.0,1004.1,1005.7,1002.8,337.0,18.57,14/10/2004,20.4,15.4,56.0,1.0,1007.9,1010.8,1005.7,326.0,18.58,15/10/2004,19.6,14.4,58.0,16.0,1010.7,1013.5,1008.7,14.0,18.95,16/10/2004,22.1,17.2,59.0,19.0,1008.6,1009.8,1006.4,54.0,17.67,17/10/2004,21.7,18.3,59.0,29.0,1011.5,1013.9,1009.4,66.0,17.67,18/10/2004,22.6,20.0,68.0,90.0,1010.9,1013.4,1007.9,86.0,10.08,19/10/2004,23.1,20.6,89.0,100.0,1002.0,1007.6,997.6,69.0,5.62,32.794376,132.90955,80.0,Asia/Tokyo
423,33,TOKAGE,20060118,4102006,2004,10,20,6,2,5,334,1339,955,75,2,180,100,2,425,270,Y,13/10/2004,25.3,19.6,62.0,21.0,1013.6,1015.3,1012.3,1.0,17.09,14/10/2004,22.9,15.6,57.0,10.0,1016.6,1019.7,1014.9,318.0,17.54,15/10/2004,22.1,13.9,59.0,14.0,1020.1,1023.2,1018.0,356.0,18.45,16/10/2004,24.9,15.4,54.0,17.0,1018.7,1020.3,1015.9,31.0,18.49,17/10/2004,24.4,18.3,57.0,10.0,1021.9,1025.0,1019.5,51.0,17.87,18/10/2004,23.2,20.2,71.0,74.0,1022.6,1024.7,1019.5,90.0,10.14,19/10/2004,23.0,20.4,88.0,97.0,1014.0,1019.0,1009.4,50.0,4.89,33.356766,133.88889,0.0,Asia/Tokyo
423,33,TOKAGE,20060118,4102008,2004,10,20,8,2,5,341,1348,960,70,3,150,90,3,425,270,Y,13/10/2004,22.5,19.1,67.0,32.0,1014.0,1015.9,1012.4,2.0,15.49,14/10/2004,20.4,17.0,59.0,21.0,1016.7,1019.6,1014.9,339.0,16.69,15/10/2004,19.7,16.2,61.0,35.0,1020.5,1022.8,1019.0,354.0,18.14,16/10/2004,21.5,18.0,62.0,21.0,1019.6,1021.1,1017.1,8.0,18.26,17/10/2004,21.6,18.6,66.0,5.0,1022.6,1025.1,1020.4,12.0,16.93,18/10/2004,22.2,20.2,66.0,52.0,1023.1,1025.2,1019.6,102.0,13.36,19/10/2004,21.6,19.9,83.0,100.0,1015.1,1019.1,1010.8,21.0,2.1,34.13005,134.83104,0.0,Asia/Tokyo
507,9,BANYAN,20051219,5072611,2005,7,26,11,2,3,351,1402,978,45,0,0,0,3,325,150,Y,19/07/2005,25.2,24.1,90.0,90.0,1006.7,1008.4,1005.0,247.0,23.19,20/07/2005,24.4,23.9,80.0,91.0,1007.5,1008.4,1006.5,84.0,19.91,21/07/2005,24.9,24.2,87.0,90.0,1007.6,1008.4,1006.4,216.0,23.36,22/07/2005,25.7,22.8,91.0,69.0,1007.4,1009.5,1006.5,60.0,23.3,23/07/2005,23.4,21.7,82.0,72.0,1009.6,1010.6,1008.6,52.0,12.47,24/07/2005,25.1,23.2,82.0,84.0,1009.4,1009.9,1008.8,95.0,10.92,25/07/2005,25.6,24.2,92.0,95.0,1007.9,1009.2,1006.1,136.0,14.09,35.114235,140.21657,0.0,Asia/Tokyo
509,11,MATSA,20051219,5080410,2005,8,4,10,2,5,243,1243,955,80,4,130,80,4,300,200,Y,28/07/2005,27.9,26.9,87.0,17.0,1007.7,1008.5,1006.7,158.0,24.88,29/07/2005,28.6,26.9,87.0,41.0,1008.0,1009.7,1006.6,168.0,24.32,30/07/2005,28.8,27.6,86.0,73.0,1009.8,1011.5,1008.7,173.0,25.12,31/07/2005,28.8,28.1,83.0,28.0,1010.7,1011.8,1009.2,157.0,26.83,1/08/2005,29.3,27.8,79.0,41.0,1009.3,1011.4,1007.8,123.0,26.64,2/08/2005,29.2,28.2,81.0,11.0,1005.6,1008.7,1003.4,61.0,26.24,3/08/2005,28.7,27.5,88.0,94.0,998.5,1003.5,993.8,50.0,12.01,24.288223,124.3131,0.0,Asia/Tokyo
511,13,MAWAR,20051219,5082517,2005,8,25,17,2,5,351,1395,975,65,3,60,40,3,180,110,Y,18/08/2005,26.8,25.3,89.0,14.0,1011.8,1012.6,1010.6,193.0,22.59,19/08/2005,26.7,26.1,89.0,32.0,1010.8,1011.9,1009.0,220.0,22.9,20/08/2005,26.7,25.8,89.0,15.0,1010.2,1011.2,1009.1,222.0,22.83,21/08/2005,26.4,25.7,88.0,50.0,1011.3,1012.3,1010.1,218.0,19.41,22/08/2005,26.6,25.5,88.0,72.0,1011.1,1012.5,1009.4,213.0,17.13,23/08/2005,26.6,24.7,89.0,68.0,1009.6,1011.7,1008.2,218.0,20.73,24/08/2005,25.4,24.1,87.0,98.0,1013.2,1014.8,1011.6,38.0,9.97,35.114235,139.52867,0.0,Asia/Tokyo
511,13,MAWAR,20051219,5082519,2005,8,25,19,2,5,355,1400,980,65,3,60,40,3,180,100,Y,18/08/2005,29.3,23.9,85.0,15.0,1011.9,1013.0,1010.5,188.0,21.41,19/08/2005,29.3,25.6,84.0,40.0,1010.6,1011.8,1008.7,211.0,22.62,20/08/2005,29.4,25.8,85.0,11.0,1009.9,1010.7,1008.7,211.0,23.57,21/08/2005,28.6,25.7,85.0,46.0,1011.0,1012.1,1009.8,205.0,22.27,22/08/2005,28.0,25.8,86.0,67.0,1010.8,1012.1,1009.1,201.0,15.17,23/08/2005,28.7,23.7,87.0,72.0,1009.7,1012.6,1008.4,210.0,19.09,24/08/2005,25.5,23.0,87.0,97.0,1013.8,1015.6,1012.1,53.0,7.15,35.536026,140.02568,0.0,Asia/Tokyo
514,17,NABI,20051219,5090604,2005,9,6,4,2,5,325,1302,960,70,1,130,110,2,400,350,Y,30/08/2005,29.4,22.3,80.0,87.0,1009.0,1010.0,1008.1,46.0,16.87,31/08/2005,31.9,24.3,82.0,91.0,1010.8,1013.6,1009.1,82.0,19.48,1/09/2005,32.1,24.3,81.0,29.0,1014.1,1016.1,1012.8,143.0,23.48,2/09/2005,32.0,24.5,80.0,72.0,1013.9,1015.9,1011.8,12.0,20.24,3/09/2005,32.4,24.8,80.0,72.0,1010.7,1012.9,1008.3,40.0,20.86,4/09/2005,30.2,25.0,79.0,91.0,1007.6,1010.1,1005.0,31.0,11.29,5/09/2005,26.1,23.2,92.0,100.0,999.0,1004.5,992.0,31.0,2.82,32.51318,130.18248,0.0,Asia/Tokyo
514,17,NABI,20051219,5090605,2005,9,6,5,2,5,327,1301,960,65,2,130,110,2,400,350,Y,30/08/2005,28.6,24.0,79.0,93.0,1009.1,1010.1,1008.3,56.0,16.98,31/08/2005,30.5,25.7,83.0,94.0,1010.9,1013.7,1009.2,77.0,19.59,1/09/2005,30.1,26.2,84.0,27.0,1014.3,1016.3,1013.1,78.0,23.36,2/09/2005,30.6,25.8,84.0,69.0,1014.2,1016.1,1012.1,1.0,20.85,3/09/2005,30.8,25.6,81.0,59.0,1010.9,1013.0,1008.6,22.0,21.28,4/09/2005,29.4,26.0,79.0,78.0,1008.1,1010.2,1005.9,41.0,13.78,5/09/2005,26.4,25.1,86.0,100.0,1000.3,1005.4,993.8,36.0,3.5,32.724075,130.1099,0.0,Asia/Tokyo
514,17,NABI,20051219,5090719,2005,9,7,19,2,4,445,1415,985,50,0,0,0,9,300,300,Y,31/08/2005,21.7,19.3,85.0,80.0,1011.2,1013.2,1008.8,214.0,19.94,1/09/2005,23.5,21.4,82.0,91.0,1012.1,1013.8,1010.4,194.0,18.05,2/09/2005,21.8,18.2,86.0,59.0,1009.1,1011.5,1007.0,242.0,9.55,3/09/2005,18.9,17.9,59.0,60.0,1013.4,1015.8,1011.4,266.0,18.05,4/09/2005,19.2,18.1,53.0,75.0,1017.3,1018.9,1015.5,268.0,19.44,5/09/2005,19.2,18.3,58.0,23.0,1019.1,1020.8,1018.4,277.0,21.09,6/09/2005,20.9,16.9,71.0,75.0,1020.8,1022.2,1019.3,66.0,17.11,44.46397,141.48772,0.0,Asia/Tokyo
607,9,MARIA,20061030,6080822,2006,8,8,22,2,4,342,1391,992,50,0,0,0,3,100,30,Y,1/08/2006,23.8,21.9,78.0,87.0,1015.4,1016.6,1014.6,72.0,22.93,2/08/2006,25.1,23.2,81.0,84.0,1016.8,1017.8,1015.8,75.0,25.38,3/08/2006,26.1,24.6,82.0,40.0,1017.2,1017.9,1016.1,75.0,24.75,4/08/2006,26.7,25.3,83.0,0.0,1015.3,1016.8,1013.6,251.0,26.74,5/08/2006,27.1,26.1,89.0,1.0,1012.9,1014.3,1011.5,262.0,26.46,6/08/2006,27.3,25.4,87.0,43.0,1012.0,1012.9,1010.8,129.0,26.22,7/08/2006,27.4,26.6,86.0,45.0,1010.4,1011.7,1009.1,76.0,23.16,34.20035,139.06015,0.0,Asia/Tokyo
610,12,WUKONG,20061114,6081716,2006,8,17,16,2,3,318,1315,980,45,0,0,0,9,180,180,Y,10/08/2006,28.7,26.7,86.0,73.0,1010.1,1011.2,1008.9,186.0,15.34,11/08/2006,29.3,27.2,85.0,89.0,1010.4,1011.5,1009.5,212.0,16.52,12/08/2006,28.5,25.8,89.0,52.0,1008.4,1009.9,1006.8,145.0,19.26,13/08/2006,28.8,26.2,84.0,28.0,1005.9,1007.4,1004.0,41.0,21.1,14/08/2006,28.4,26.5,84.0,26.0,1003.9,1005.1,1002.7,40.0,21.6,15/08/2006,29.4,26.5,76.0,5.0,1001.7,1003.0,1000.3,10.0,25.61,16/08/2006,29.8,26.9,79.0,83.0,998.1,999.9,995.2,360.0,12.24,31.810192,131.53847,0.0,Asia/Tokyo
613,15,SHANSHAN,20210329,6091520,2006,9,15,20,2,5,243,1239,919,110,9,70,70,9,150,150,Y,8/09/2006,27.9,26.4,85.0,93.0,1008.0,1009.5,1006.8,100.0,17.51,9/09/2006,27.7,26.0,87.0,79.0,1008.6,1009.6,1007.6,55.0,16.67,10/09/2006,27.5,25.9,89.0,99.0,1008.8,1009.9,1007.6,109.0,7.82,11/09/2006,28.1,26.2,86.0,100.0,1009.7,1011.0,1008.8,120.0,16.91,12/09/2006,28.6,26.9,83.0,86.0,1011.3,1013.4,1010.2,138.0,21.25,13/09/2006,28.3,27.3,86.0,85.0,1011.8,1013.4,1010.0,59.0,21.33,14/09/2006,28.1,26.9,87.0,78.0,1009.0,1011.1,1006.6,56.0,18.36,24.288223,123.92971,1.0,Asia/Tokyo
613,15,SHANSHAN,20210329,6091709,2006,9,17,9,2,5,329,1298,950,80,3,100,60,3,200,180,Y,10/09/2006,24.8,22.3,75.0,77.0,1011.4,1012.8,1009.9,4.0,16.33,11/09/2006,25.6,21.1,72.0,92.0,1012.8,1014.8,1011.8,28.0,18.44,12/09/2006,24.9,21.6,80.0,99.0,1014.6,1015.8,1013.5,38.0,7.98,13/09/2006,24.5,21.3,83.0,99.0,1013.4,1014.6,1012.3,36.0,9.96,14/09/2006,24.9,21.7,71.0,70.0,1011.8,1013.0,1010.4,39.0,16.7,15/09/2006,23.6,20.8,83.0,85.0,1010.4,1011.7,1008.9,94.0,4.63,16/09/2006,25.9,23.0,92.0,94.0,1007.1,1008.7,1005.9,186.0,11.44,32.93497,129.81618,28.0,Asia/Tokyo
704,4,MAN-YI,20070824,7071404,2007,7,14,4,2,5,312,1305,945,75,2,120,60,3,350,200,Y,7/07/2007,27.0,25.0,93.0,99.0,1004.1,1005.0,1003.5,252.0,4.62,8/07/2007,25.7,24.2,92.0,99.0,1004.7,1005.8,1003.4,275.0,8.55,9/07/2007,29.6,24.5,91.0,95.0,1004.6,1005.1,1004.0,216.0,14.3,10/07/2007,29.7,26.3,89.0,97.0,1003.9,1004.8,1003.1,211.0,13.95,11/07/2007,26.9,25.0,91.0,93.0,1004.7,1006.8,1002.6,198.0,5.92,12/07/2007,31.1,25.4,87.0,93.0,1007.1,1008.7,1006.1,114.0,17.2,13/07/2007,28.2,25.5,90.0,96.0,1002.7,1006.7,998.5,105.0,7.46,31.247803,130.5,0.0,Asia/Tokyo
704,4,MAN-YI,20070824,7071405,2007,7,14,5,2,5,314,1308,945,75,2,120,60,3,350,200,Y,7/07/2007,24.6,22.5,99.0,99.0,978.1,979.1,977.6,249.0,3.94,8/07/2007,24.9,21.1,95.0,99.0,979.0,980.3,977.8,261.0,8.83,9/07/2007,27.9,22.9,93.0,98.0,979.1,979.6,978.2,228.0,12.17,10/07/2007,27.6,23.7,94.0,99.0,978.5,979.3,977.6,215.0,11.59,11/07/2007,25.8,23.3,96.0,93.0,979.1,981.3,976.4,194.0,5.53,12/07/2007,28.8,22.8,93.0,96.0,981.9,983.5,981.1,116.0,16.13,13/07/2007,25.3,23.1,99.0,97.0,978.2,981.8,974.6,100.0,7.06,31.3884,130.81146,227.0,Asia/Tokyo
704,4,MAN-YI,20070824,7071412,2007,7,14,12,2,5,327,1328,960,65,3,120,40,3,300,180,Y,7/07/2007,26.5,24.1,90.0,99.0,1001.7,1003.3,1000.6,261.0,4.1,8/07/2007,25.1,23.1,87.0,98.0,1004.4,1005.6,1003.3,59.0,9.12,9/07/2007,24.9,24.1,89.0,100.0,1004.9,1006.0,1003.5,104.0,4.94,10/07/2007,26.7,25.0,91.0,97.0,1003.6,1005.0,1002.4,197.0,16.57,11/07/2007,26.0,24.4,91.0,95.0,1004.8,1007.0,1002.9,218.0,5.11,12/07/2007,26.9,25.1,93.0,89.0,1008.5,1010.7,1007.1,179.0,14.18,13/07/2007,26.1,24.3,94.0,100.0,1008.3,1010.6,1006.0,92.0,6.12,32.653778,132.80487,0.0,Asia/Tokyo
704,4,MAN-YI,20070824,7071420,2007,7,14,20,2,4,335,1357,965,60,3,120,40,3,300,180,Y,7/07/2007,25.5,22.4,88.0,99.0,993.9,996.3,990.8,52.0,8.83,8/07/2007,24.8,23.2,78.0,95.0,996.9,998.0,994.5,77.0,22.54,9/07/2007,23.6,22.0,83.0,100.0,997.3,999.1,995.6,68.0,13.07,10/07/2007,25.8,22.2,89.0,100.0,997.6,998.5,996.6,154.0,10.73,11/07/2007,25.3,23.9,91.0,100.0,997.6,1000.4,995.8,236.0,5.28,12/07/2007,25.2,23.5,92.0,99.0,1001.7,1003.4,1000.3,241.0,7.88,13/07/2007,24.6,23.0,93.0,100.0,1003.1,1004.2,1002.2,122.0,3.87,33.497364,135.66832,72.0,Asia/Tokyo
705,5,USAGI,20071207,7080208,2007,8,2,8,2,5,323,1317,960,80,9,90,90,2,220,160,Y,26/07/2007,29.7,26.3,84.0,12.0,1009.8,1011.0,1008.8,207.0,24.76,27/07/2007,29.5,26.9,83.0,9.0,1009.4,1010.5,1008.4,154.0,25.51,28/07/2007,29.7,27.2,83.0,4.0,1008.0,1009.2,1006.7,103.0,26.6,29/07/2007,29.7,27.2,80.0,27.0,1008.0,1009.4,1006.9,206.0,24.84,30/07/2007,28.8,25.9,80.0,37.0,1008.2,1009.2,1007.5,33.0,23.26,31/07/2007,27.2,25.2,80.0,31.0,1008.1,1009.1,1007.3,71.0,23.39,1/08/2007,27.7,24.7,83.0,63.0,1009.0,1009.8,1008.3,96.0,21.03,32.302284,131.67273,0.0,Asia/Tokyo
705,5,USAGI,20071207,7080216,2007,8,2,16,2,4,339,1313,985,55,3,70,30,2,210,120,Y,26/07/2007,30.4,26.2,83.0,12.0,1010.0,1011.0,1008.8,292.0,23.75,27/07/2007,31.4,25.4,81.0,25.0,1009.6,1010.7,1008.3,292.0,24.26,28/07/2007,30.9,26.2,79.0,4.0,1008.4,1009.5,1007.2,285.0,24.41,29/07/2007,30.6,26.0,80.0,22.0,1008.3,1009.4,1007.4,300.0,23.75,30/07/2007,29.3,24.7,76.0,20.0,1008.9,1010.1,1008.2,321.0,23.05,31/07/2007,30.5,23.0,70.0,12.0,1008.0,1009.5,1006.5,319.0,26.3,1/08/2007,29.9,25.3,78.0,41.0,1008.1,1008.9,1006.9,126.0,25.1,33.919155,131.29675,0.0,Asia/Tokyo
705,5,USAGI,20071207,7080404,2007,8,4,4,2,3,411,1404,998,35,0,0,0,3,150,30,Y,28/07/2007,21.9,16.3,88.0,65.0,963.6,965.7,962.1,245.0,11.63,29/07/2007,19.3,15.2,82.0,92.0,968.6,971.0,965.3,84.0,13.48,30/07/2007,20.0,14.7,78.0,81.0,970.7,971.7,969.4,89.0,17.24,31/07/2007,21.5,14.3,80.0,61.0,968.4,969.2,967.4,174.0,17.87,1/08/2007,26.0,17.1,70.0,81.0,970.0,970.8,969.1,206.0,25.14,2/08/2007,28.7,19.9,65.0,43.0,971.3,972.2,970.2,221.0,25.32,3/08/2007,28.0,19.4,77.0,95.0,969.7,971.6,966.0,83.0,20.42,41.08963,140.40001,343.0,Asia/Tokyo
705,5,USAGI,20071207,7080405,2007,8,4,5,2,3,412,1408,1000,35,0,0,0,3,150,30,Y,28/07/2007,22.2,17.4,87.0,48.0,976.3,978.6,974.6,250.0,13.38,29/07/2007,17.2,16.0,87.0,86.0,982.5,985.2,978.6,98.0,13.13,30/07/2007,17.3,15.5,82.0,85.0,985.0,985.9,983.4,103.0,18.42,31/07/2007,19.6,15.7,82.0,64.0,981.9,983.2,980.6,120.0,18.53,1/08/2007,25.2,17.9,74.0,84.0,983.2,984.0,982.4,169.0,23.96,2/08/2007,28.5,21.1,64.0,29.0,984.2,985.3,983.5,228.0,25.92,3/08/2007,22.4,18.3,89.0,94.0,983.2,984.9,980.1,82.0,20.89,41.23023,140.80229,226.0,Asia/Tokyo
709,13,FITOW,20071207,7090614,2007,9,6,14,2,5,344,1388,970,65,2,90,60,1,190,150,Y,30/08/2007,27.0,24.2,89.0,80.0,1008.2,1009.4,1007.2,221.0,17.03,31/08/2007,26.7,23.5,87.0,71.0,1007.2,1009.3,1004.9,161.0,18.53,1/09/2007,25.7,24.0,86.0,61.0,1008.6,1011.1,1005.9,69.0,18.9,2/09/2007,25.1,23.6,78.0,58.0,1010.8,1011.9,1009.7,77.0,21.91,3/09/2007,25.4,23.7,76.0,42.0,1010.4,1011.4,1009.1,71.0,21.37,4/09/2007,26.7,24.9,82.0,11.0,1009.5,1010.8,1008.3,53.0,19.9,5/09/2007,26.3,25.5,90.0,71.0,1006.3,1008.7,1004.2,58.0,15.88,34.411247,138.79245,0.0,Asia/Tokyo
709,13,FITOW,20071207,7090715,2007,9,7,15,2,3,416,1407,992,45,0,0,0,3,120,70,Y,31/08/2007,22.4,21.2,75.0,83.0,1011.0,1011.9,1010.4,107.0,5.44,1/09/2007,21.5,20.3,70.0,33.0,1013.3,1015.1,1011.6,101.0,22.74,2/09/2007,20.4,19.3,76.0,100.0,1014.6,1016.0,1012.4,103.0,12.33,3/09/2007,24.4,20.3,85.0,90.0,1009.6,1012.4,1007.6,127.0,6.04,4/09/2007,23.2,20.9,77.0,71.0,1012.0,1013.1,1009.5,275.0,20.35,5/09/2007,22.8,20.9,76.0,81.0,1013.7,1014.7,1013.0,90.0,6.27,6/09/2007,22.0,20.6,86.0,89.0,1011.5,1013.8,1009.4,75.0,8.02,41.581722,140.64935,0.0,Etc/GMT-9
709,13,FITOW,20071207,7090718,2007,9,7,18,2,3,424,1407,994,40,0,0,0,3,80,40,Y,31/08/2007,21.1,16.3,78.0,73.0,1011.9,1012.6,1011.2,109.0,9.92,1/09/2007,26.5,14.4,63.0,35.0,1013.3,1015.6,1012.0,182.0,22.44,2/09/2007,22.5,17.1,72.0,95.0,1015.3,1016.3,1013.6,124.0,16.55,3/09/2007,21.7,16.9,87.0,97.0,1010.4,1013.8,1007.9,120.0,3.88,4/09/2007,24.7,19.4,77.0,66.0,1011.7,1013.4,1008.7,291.0,20.68,5/09/2007,22.5,18.5,81.0,98.0,1014.0,1015.2,1013.2,332.0,4.9,6/09/2007,22.3,17.8,77.0,97.0,1012.7,1014.5,1010.8,69.0,7.11,42.355007,140.67448,0.0,Asia/Tokyo
712,17,WIPHA,20071024,7091723,2007,9,17,23,2,5,242,1239,925,100,9,90,90,1,240,180,Y,10/09/2007,27.7,26.4,85.0,76.0,1007.1,1008.5,1005.6,12.0,18.38,11/09/2007,28.1,26.7,78.0,62.0,1007.2,1008.4,1006.3,359.0,22.55,12/09/2007,28.0,26.8,80.0,43.0,1005.9,1007.0,1004.5,5.0,20.82,13/09/2007,27.9,26.8,83.0,23.0,1005.5,1006.4,1004.1,15.0,20.51,14/09/2007,27.7,27.3,82.0,38.0,1004.0,1005.9,1002.1,347.0,21.31,15/09/2007,28.4,27.0,80.0,61.0,1003.2,1004.8,1001.9,327.0,21.18,16/09/2007,27.3,26.5,87.0,91.0,1003.7,1004.9,1002.3,9.0,20.4,24.217924,123.89362,0.0,Asia/Tokyo
918,22,MELOR,20100326,9100719,2009,10,7,19,2,5,342,1369,955,75,3,120,100,3,325,230,Y,30/09/2009,24.0,22.5,89.0,98.0,1019.6,1021.0,1018.4,68.0,5.95,1/10/2009,23.6,22.5,82.0,55.0,1018.6,1020.1,1017.2,95.0,16.15,2/10/2009,24.9,23.1,88.0,98.0,1010.2,1016.7,1005.7,177.0,5.66,3/10/2009,25.2,21.7,73.0,53.0,1007.5,1013.0,1004.1,304.0,12.79,4/10/2009,23.9,21.0,61.0,21.0,1015.0,1016.6,1013.4,346.0,19.45,5/10/2009,23.0,18.6,70.0,100.0,1017.7,1018.9,1016.0,35.0,3.21,6/10/2009,21.6,19.8,83.0,100.0,1016.5,1018.4,1015.0,32.0,2.82,34.20035,136.9173,0.0,Asia/Tokyo
918,22,MELOR,20100326,9100720,2009,10,7,20,2,5,346,1369,955,75,3,120,100,3,325,230,Y,30/09/2009,23.3,22.6,89.0,100.0,1019.7,1021.1,1018.5,63.0,5.5,1/10/2009,23.3,21.9,82.0,52.0,1018.8,1020.3,1017.4,104.0,16.46,2/10/2009,24.5,22.4,88.0,98.0,1010.2,1016.9,1005.4,156.0,4.33,3/10/2009,24.7,21.2,75.0,49.0,1007.5,1013.1,1004.2,305.0,13.45,4/10/2009,23.6,20.0,64.0,16.0,1015.1,1016.6,1013.5,339.0,19.41,5/10/2009,22.1,18.6,70.0,100.0,1017.8,1019.2,1016.2,27.0,4.26,6/10/2009,20.8,19.3,82.0,100.0,1016.8,1018.8,1015.2,10.0,2.99,34.622143,136.93182,0.0,Asia/Tokyo
1004,6,DIANMU,20100924,10081208,2010,8,12,8,2,3,395,1401,994,40,0,0,0,3,220,100,Y,5/08/2010,30.5,24.1,85.0,56.0,1007.7,1009.1,1005.7,109.0,24.56,6/08/2010,31.3,24.6,84.0,20.0,1008.6,1009.8,1007.8,184.0,24.76,7/08/2010,28.9,24.2,90.0,27.0,1006.8,1008.2,1005.7,217.0,21.14,8/08/2010,29.4,24.4,89.0,58.0,1005.6,1006.6,1004.5,193.0,22.96,9/08/2010,27.3,24.3,90.0,68.0,1004.4,1005.4,1003.5,122.0,10.47,10/08/2010,30.2,23.1,83.0,32.0,1004.1,1005.6,1003.0,107.0,24.51,11/08/2010,29.7,24.1,87.0,98.0,1000.4,1002.9,996.3,147.0,15.78,39.543056,140.11081,82.0,Asia/Tokyo
1007,10,KOMPASU,20101015,10083108,2010,8,31,8,2,5,266,1281,960,80,1,50,40,1,140,80,Y,24/08/2010,27.8,25.4,81.0,51.0,992.9,993.8,992.1,127.0,18.9,25/08/2010,27.7,25.6,80.0,76.0,993.2,994.5,992.2,114.0,20.49,26/08/2010,27.7,25.7,81.0,64.0,991.0,993.2,989.5,86.0,20.41,27/08/2010,27.4,24.9,86.0,100.0,986.4,990.0,984.8,117.0,16.24,28/08/2010,26.8,24.5,88.0,97.0,989.4,992.4,987.4,181.0,11.43,29/08/2010,27.2,26.0,83.0,28.0,990.3,992.1,988.8,154.0,19.63,30/08/2010,27.8,25.7,82.0,64.0,988.0,989.7,986.7,117.0,18.4,26.608084,128.14569,169.0,Asia/Tokyo
1009,12,MALOU,20101110,10090702,2010,9,7,2,2,3,344,1292,996,45,0,0,0,2,240,120,Y,31/08/2010,28.1,26.1,87.0,67.0,1012.2,1013.8,1010.9,148.0,19.29,1/09/2010,29.0,28.1,84.0,82.0,1013.5,1014.5,1012.8,112.0,20.82,2/09/2010,29.0,26.5,87.0,67.0,1015.1,1017.1,1013.7,204.0,14.32,3/09/2010,28.1,26.8,87.0,16.0,1015.5,1017.2,1014.0,237.0,21.38,4/09/2010,28.4,27.3,83.0,12.0,1014.1,1015.0,1013.2,58.0,21.5,5/09/2010,28.1,27.4,84.0,89.0,1012.8,1014.3,1011.0,89.0,9.71,6/09/2010,27.7,26.6,84.0,100.0,1007.7,1011.7,1004.9,100.0,5.04,34.411247,129.16982,0.0,Asia/Tokyo
1009,12,MALOU,20101110,10090802,2010,9,8,2,2,3,356,1360,1004,35,0,0,0,2,140,120,Y,1/09/2010,31.4,24.7,73.0,18.0,976.7,978.0,974.8,129.0,21.53,2/09/2010,30.5,23.5,71.0,78.0,977.2,977.9,976.0,141.0,19.78,3/09/2010,29.0,23.9,76.0,56.0,975.4,977.0,973.6,11.0,20.64,4/09/2010,28.7,23.7,77.0,3.0,974.1,975.2,973.3,336.0,22.75,5/09/2010,31.9,21.9,70.0,51.0,973.7,975.2,972.2,147.0,20.83,6/09/2010,31.1,25.0,68.0,98.0,971.8,973.9,969.2,148.0,14.26,7/09/2010,31.6,24.5,74.0,100.0,968.8,970.4,967.0,159.0,15.49,35.606327,136.04112,365.0,Asia/Tokyo
1106,9,MA-ON,20110830,11071914,2011,7,19,14,2,5,336,1343,960,75,2,100,60,3,300,250,Y,12/07/2011,25.7,23.6,93.0,84.0,1008.0,1008.9,1007.4,100.0,8.31,13/07/2011,27.4,23.5,90.0,76.0,1007.3,1008.1,1006.6,145.0,22.18,14/07/2011,27.5,23.3,85.0,22.0,1006.7,1007.8,1005.7,174.0,26.24,15/07/2011,28.6,23.8,83.0,6.0,1005.7,1006.8,1004.3,192.0,26.55,16/07/2011,28.3,24.0,82.0,8.0,1003.4,1004.8,1001.9,92.0,26.22,17/07/2011,28.6,24.2,88.0,52.0,1001.0,1002.3,999.8,70.0,22.4,18/07/2011,25.4,24.5,99.0,100.0,996.1,1000.3,989.8,87.0,5.72,33.56766,134.2751,69.0,Asia/Tokyo
1106,9,MA-ON,20110830,11072000,2011,7,20,0,2,4,335,1356,980,55,9,40,40,3,350,300,Y,13/07/2011,27.2,25.0,84.0,32.0,1015.0,1015.8,1014.0,139.0,25.27,14/07/2011,27.5,25.0,81.0,10.0,1014.4,1015.5,1013.3,139.0,26.46,15/07/2011,28.1,25.4,83.0,17.0,1013.3,1014.5,1011.8,142.0,25.02,16/07/2011,28.2,25.9,80.0,12.0,1010.9,1012.5,1009.3,106.0,25.47,17/07/2011,28.4,25.9,85.0,40.0,1008.5,1009.7,1007.3,87.0,23.03,18/07/2011,26.8,25.6,90.0,100.0,1004.4,1008.4,999.1,97.0,7.28,19/07/2011,26.6,25.4,91.0,100.0,990.6,999.4,983.2,136.0,1.78,33.497364,135.55693,0.0,Asia/Tokyo
1109,12,MUIFA,20110926,11080513,2011,8,5,13,2,5,263,1268,950,80,1,110,90,2,300,240,Y,29/07/2011,28.6,27.6,81.0,17.0,1002.4,1004.4,1000.7,103.0,23.62,30/07/2011,28.5,26.2,82.0,18.0,1000.3,1002.1,998.9,122.0,25.71,31/07/2011,28.5,27.5,80.0,52.0,999.5,1000.4,998.4,95.0,26.08,1/08/2011,28.5,27.5,79.0,78.0,999.8,1000.6,998.9,75.0,25.87,2/08/2011,28.8,27.7,76.0,60.0,999.6,1000.7,998.6,46.0,24.94,3/08/2011,28.9,27.5,82.0,40.0,996.2,999.1,992.9,30.0,24.61,4/08/2011,28.6,27.5,85.0,96.0,986.8,992.5,981.7,22.0,14.25,26.326887,126.791214,53.0,Asia/Tokyo
1112,18,TALAS,20111017,11090301,2011,9,3,1,2,4,336,1339,984,50,0,0,0,2,350,300,Y,27/08/2011,27.9,22.5,85.0,30.0,970.0,970.8,969.0,76.0,20.97,28/08/2011,28.0,22.5,83.0,12.0,969.3,970.3,968.3,81.0,22.68,29/08/2011,28.7,21.8,81.0,3.0,968.0,969.3,966.8,79.0,23.74,30/08/2011,29.8,22.0,79.0,27.0,964.7,967.0,962.7,69.0,22.0,31/08/2011,28.8,23.9,79.0,46.0,961.3,963.4,959.8,63.0,19.53,1/09/2011,28.2,22.7,84.0,88.0,958.0,959.9,955.2,46.0,14.68,2/09/2011,23.0,22.3,99.0,100.0,945.4,955.0,937.9,45.0,1.57,33.63796,133.88338,393.0,Asia/Tokyo
1112,18,TALAS,20111017,11090309,2011,9,3,9,2,3,344,1339,988,45,0,0,0,2,300,250,Y,27/08/2011,28.9,25.6,83.0,47.0,1013.6,1014.9,1012.2,74.0,17.73,28/08/2011,29.0,26.6,80.0,30.0,1012.7,1013.8,1011.1,79.0,20.92,29/08/2011,28.9,26.9,79.0,15.0,1011.4,1012.9,1009.7,75.0,20.42,30/08/2011,29.7,26.3,77.0,79.0,1008.3,1010.4,1005.8,58.0,21.21,31/08/2011,29.9,26.7,75.0,60.0,1005.1,1006.9,1003.1,72.0,19.32,1/09/2011,29.0,26.9,81.0,80.0,1002.7,1004.0,1001.1,64.0,12.34,2/09/2011,27.7,26.6,82.0,100.0,993.9,1000.7,987.2,41.0,2.22,34.411247,133.92453,0.0,Asia/Tokyo
1115,21,ROKE,20111101,11092105,2011,9,21,5,2,5,347,1376,950,80,3,120,80,9,300,300,Y,2011-09-14,32.1,24.1,74.0,16.0,1014.9,1016.4,1013.0,135.0,21.6,2011-09-15,31.9,25.3,72.0,18.0,1015.4,1016.4,1014.1,97.0,18.24,2011-09-16,30.6,25.4,77.0,81.0,1012.9,1015.3,1011.3,100.0,13.82,2011-09-17,29.3,25.3,86.0,95.0,1011.4,1012.7,1010.5,130.0,11.57,2011-09-18,30.6,24.3,79.0,60.0,1011.1,1012.4,1009.6,116.0,16.45,2011-09-19,31.3,24.1,80.0,35.0,1010.2,1012.1,1009.3,239.0,19.62,2011-09-20,24.8,22.5,95.0,100.0,1007.7,1011.2,1003.4,143.0,2.92,34.69244,137.56004,0.0,Asia/Tokyo
1204,6,GUCHOL,20120724,12061908,2012,6,19,8,2,5,334,1355,960,70,3,100,60,3,270,180,Y,2012-06-12,22.3,20.2,84.0,99.0,1001.2,1002.8,999.6,78.0,6.86,2012-06-13,22.9,20.1,77.0,82.0,1006.6,1009.9,1002.9,75.0,19.04,2012-06-14,23.1,20.7,76.0,58.0,1012.7,1015.2,1010.0,78.0,23.09,2012-06-15,22.6,21.4,79.0,100.0,1014.5,1015.8,1013.5,93.0,10.73,2012-06-16,24.3,22.1,95.0,100.0,1010.4,1013.1,1009.2,183.0,3.65,2012-06-17,25.2,23.3,90.0,100.0,1010.2,1011.2,1008.6,247.0,17.79,2012-06-18,26.0,23.1,85.0,92.0,1010.8,1011.5,1010.0,250.0,20.95,33.427063,135.50063,0.0,Asia/Tokyo
1204,6,GUCHOL,20120724,12061911,2012,6,19,11,2,5,347,1370,970,65,3,150,60,3,270,180,Y,2012-06-12,21.5,19.5,76.0,100.0,1003.6,1005.4,1002.0,104.0,8.12,2012-06-13,22.1,19.2,75.0,69.0,1007.4,1011.3,1003.6,159.0,21.1,2012-06-14,22.1,19.8,75.0,55.0,1013.9,1016.5,1011.3,142.0,20.78,2012-06-15,22.6,20.4,76.0,100.0,1016.0,1017.0,1014.8,128.0,17.62,2012-06-16,23.6,20.4,90.0,100.0,1011.0,1014.8,1008.3,126.0,2.47,2012-06-17,25.3,22.5,82.0,96.0,1008.9,1010.5,1006.7,284.0,22.56,2012-06-18,26.3,21.3,79.0,87.0,1010.4,1011.4,1009.7,286.0,17.76,34.69244,136.99115,0.0,Asia/Tokyo
1210,11,DAMREY,20120828,12080106,2012,8,1,6,2,4,304,1305,975,55,9,40,40,1,240,120,Y,25/07/2012,24.1,22.7,82.0,63.0,927.8,928.8,926.9,97.0,20.23,26/07/2012,24.8,22.9,86.0,93.0,926.0,927.2,924.8,131.0,22.59,27/07/2012,25.1,22.9,85.0,33.0,925.6,926.5,924.6,185.0,23.19,28/07/2012,25.2,22.7,85.0,47.0,925.6,926.8,924.6,227.0,24.53,29/07/2012,25.6,22.5,83.0,18.0,923.7,924.7,922.7,170.0,25.08,30/07/2012,25.2,23.1,81.0,12.0,922.2,923.1,921.6,104.0,24.44,31/07/2012,24.5,23.0,78.0,30.0,920.6,921.8,919.2,80.0,24.02,30.404217,130.45775,776.0,Asia/Tokyo
1215,18,BOLAVEN,20120926,12082612,2012,8,26,12,2,5,266,1280,930,85,9,170,170,2,350,300,Y,2012-08-19,27.8,26.1,85.0,41.0,999.3,1000.5,998.3,123.0,22.91,2012-08-20,27.8,25.7,82.0,45.0,998.6,999.6,997.6,119.0,23.61,2012-08-21,28.3,25.9,83.0,78.0,998.2,999.7,996.7,105.0,20.37,2012-08-22,27.9,26.0,84.0,98.0,995.5,997.7,993.1,100.0,13.27,2012-08-23,29.3,26.7,81.0,90.0,996.1,997.6,994.7,117.0,22.05,2012-08-24,28.2,26.7,84.0,37.0,997.1,998.5,996.2,81.0,23.34,2012-08-25,27.7,26.6,84.0,96.0,991.8,997.1,986.6,41.0,16.28,26.608084,128.04636,88.0,Asia/Tokyo
1216,19,SANBA,20121016,12091522,2012,9,15,22,2,5,266,1282,935,90,2,140,90,2,300,270,Y,2012-09-08,27.9,27.2,81.0,22.0,1014.3,1015.7,1013.0,102.0,23.66,2012-09-09,28.1,27.0,81.0,14.0,1012.9,1014.4,1011.7,108.0,22.1,2012-09-10,28.0,27.2,80.0,20.0,1011.7,1013.5,1010.9,75.0,22.36,2012-09-11,28.5,26.6,80.0,39.0,1011.0,1011.8,1010.1,79.0,22.84,2012-09-12,28.1,27.5,78.0,15.0,1010.7,1011.5,1009.6,162.0,21.19,2012-09-13,28.1,26.7,77.0,16.0,1010.3,1011.4,1008.7,116.0,22.64,2012-09-14,27.7,26.2,82.0,77.0,1008.8,1010.9,1007.0,92.0,15.83,26.608084,128.24504,0.0,Asia/Tokyo
1217,21,JELAWAT,20121113,12093006,2012,9,30,6,2,5,335,1357,965,70,3,120,100,3,270,240,Y,23/09/2012,24.4,18.9,77.0,63.0,998.5,1002.6,996.1,9.0,9.77,24/09/2012,25.8,20.5,67.0,66.0,1000.8,1002.7,998.7,318.0,17.92,25/09/2012,24.1,21.3,73.0,66.0,1006.2,1009.4,1002.5,52.0,14.2,26/09/2012,23.9,20.8,74.0,5.0,1009.5,1010.8,1008.5,57.0,20.6,27/09/2012,24.1,21.0,67.0,3.0,1007.1,1009.3,1004.6,61.0,20.85,28/09/2012,26.9,20.0,71.0,10.0,1002.4,1005.0,1000.4,287.0,20.93,29/09/2012,23.7,21.9,76.0,96.0,1001.9,1003.0,1001.0,284.0,8.0,33.497364,135.66832,72.0,Asia/Tokyo
1217,21,JELAWAT,20121113,12093008,2012,9,30,8,2,5,341,1366,965,70,3,120,100,3,270,240,Y,2012-09-23,24.5,21.3,75.0,70.0,1006.8,1010.8,1004.0,5.0,6.17,2012-09-24,26.0,22.3,64.0,59.0,1008.5,1010.7,1006.2,305.0,18.34,2012-09-25,24.3,21.6,72.0,75.0,1014.6,1017.9,1010.7,38.0,9.5,2012-09-26,23.8,22.1,75.0,20.0,1018.3,1019.9,1017.2,54.0,20.38,2012-09-27,23.3,22.1,71.0,3.0,1015.5,1018.0,1012.7,65.0,20.87,2012-09-28,25.0,21.7,78.0,7.0,1010.1,1012.8,1008.1,270.0,20.49,2012-09-29,24.5,23.6,79.0,82.0,1009.8,1011.1,1009.0,223.0,9.87,34.13005,136.63329,0.0,Asia/Tokyo
1217,21,JELAWAT,20121113,12093010,2012,9,30,10,2,5,348,1374,975,70,3,120,100,3,270,240,Y,23/09/2012,22.3,18.9,89.0,69.0,1006.1,1010.7,1003.0,352.0,4.66,24/09/2012,26.1,17.9,75.0,56.0,1006.8,1010.2,1004.5,304.0,19.44,25/09/2012,24.6,18.1,83.0,81.0,1014.1,1017.4,1010.3,75.0,10.79,26/09/2012,26.2,16.6,79.0,56.0,1017.8,1019.6,1016.5,86.0,19.34,27/09/2012,26.0,15.8,78.0,29.0,1014.8,1017.7,1011.7,71.0,20.28,28/09/2012,28.3,17.4,75.0,6.0,1009.1,1011.5,1006.6,310.0,20.23,29/09/2012,26.9,17.3,76.0,63.0,1008.9,1009.8,1008.1,284.0,15.98,34.76274,137.39241,6.0,Asia/Tokyo
1317,20,TORAJI,20131001,13090318,2013,9,3,18,2,4,314,1305,985,50,0,0,0,9,120,120,Y,27/08/2013,29.9,21.7,70.0,8.0,970.1,971.8,967.2,278.0,25.22,28/08/2013,27.4,22.0,70.0,94.0,971.7,972.9,970.8,181.0,17.82,29/08/2013,29.8,24.1,82.0,53.0,970.5,971.7,969.3,201.0,20.92,30/08/2013,29.3,24.0,86.0,55.0,969.7,971.0,969.0,199.0,17.11,31/08/2013,26.3,22.6,92.0,99.0,969.7,971.4,968.5,214.0,7.43,1/09/2013,25.9,22.1,94.0,99.0,972.2,973.7,971.1,174.0,6.62,2/09/2013,27.0,21.9,90.0,98.0,972.9,974.0,971.6,119.0,10.68,31.3884,130.48926,333.0,Asia/Tokyo
1318,22,MAN-YI,20131015,13091522,2013,9,15,22,2,4,345,1373,965,60,3,100,60,2,280,260,Y,8/09/2013,26.1,25.0,86.0,86.0,1013.6,1014.8,1012.3,277.0,11.18,9/09/2013,25.6,22.8,80.0,49.0,1013.9,1015.3,1013.0,67.0,17.54,10/09/2013,26.0,24.5,76.0,85.0,1014.1,1015.3,1013.0,81.0,12.89,11/09/2013,26.0,24.4,76.0,32.0,1015.5,1016.6,1014.4,77.0,15.25,12/09/2013,27.0,24.5,83.0,11.0,1016.3,1017.5,1014.7,239.0,21.15,13/09/2013,26.6,25.3,88.0,28.0,1015.8,1017.3,1013.9,139.0,18.64,14/09/2013,27.0,25.7,87.0,94.0,1012.6,1015.0,1009.7,93.0,16.29,34.481544,137.267,0.0,Asia/Tokyo
1324,29,DANAS,20131118,13100812,2013,10,8,12,2,4,345,1295,980,55,1,60,30,1,150,120,Y,1/10/2013,23.5,22.2,83.0,42.0,1015.4,1017.2,1013.0,34.0,16.21,2/10/2013,24.3,23.0,78.0,59.0,1010.7,1012.6,1008.9,345.0,12.33,3/10/2013,23.6,21.6,68.0,71.0,1014.4,1017.2,1011.1,37.0,16.86,4/10/2013,23.6,21.7,63.0,9.0,1018.0,1019.2,1017.0,53.0,19.14,5/10/2013,24.2,23.3,75.0,84.0,1019.1,1020.5,1018.1,65.0,8.33,6/10/2013,24.9,23.2,84.0,81.0,1020.2,1021.3,1019.4,59.0,13.0,7/10/2013,25.1,24.6,87.0,91.0,1018.1,1019.8,1016.5,52.0,13.96,34.551846,129.49559,0.0,Asia/Tokyo
1408,9,NEOGURI,20140818,14070921,2014,7,9,21,2,4,321,1300,980,50,0,0,0,3,325,210,Y,2/07/2014,24.0,22.4,85.0,100.0,1009.1,1010.7,1006.8,110.0,5.04,3/07/2014,25.6,23.0,92.0,89.0,1003.2,1006.4,1001.5,201.0,7.29,4/07/2014,24.4,23.3,85.0,79.0,1005.9,1008.8,1003.3,281.0,18.88,5/07/2014,24.6,23.7,81.0,100.0,1009.2,1010.2,1008.3,1.0,13.64,6/07/2014,25.9,24.1,88.0,100.0,1007.9,1009.4,1005.8,133.0,8.96,7/07/2014,27.0,24.6,93.0,85.0,1006.8,1008.5,1005.6,154.0,15.47,8/07/2014,28.9,26.2,84.0,94.0,1007.1,1008.5,1006.0,133.0,22.7,32.09139,130.0,0.0,Asia/Tokyo
1408,9,NEOGURI,20140818,14071009,2014,7,10,9,2,4,335,1353,985,50,0,0,0,3,325,210,Y,3/07/2014,24.2,22.0,88.0,100.0,1006.3,1010.0,1003.0,136.0,4.51,4/07/2014,25.2,24.0,91.0,47.0,1003.5,1005.1,1002.5,244.0,22.99,5/07/2014,24.4,22.8,81.0,96.0,1007.4,1010.2,1005.1,349.0,20.23,6/07/2014,24.5,23.3,86.0,100.0,1010.2,1011.0,1009.0,119.0,8.19,7/07/2014,26.0,23.7,90.0,99.0,1009.0,1009.8,1007.8,203.0,14.95,8/07/2014,26.5,23.9,94.0,100.0,1011.5,1013.4,1009.8,187.0,18.29,9/07/2014,26.0,25.2,94.0,100.0,1009.9,1012.0,1005.8,141.0,9.22,33.497364,135.33415,0.0,Asia/Tokyo
1408,9,NEOGURI,20140818,14071017,2014,7,10,17,2,3,346,1385,990,45,0,0,0,4,325,180,Y,3/07/2014,23.2,21.4,88.0,100.0,1008.6,1010.7,1005.4,143.0,10.09,4/07/2014,22.6,21.5,89.0,67.0,1004.5,1005.5,1003.2,81.0,22.15,5/07/2014,23.0,22.0,86.0,70.0,1007.8,1010.8,1005.2,71.0,18.19,6/07/2014,23.2,22.3,89.0,99.0,1011.3,1011.9,1010.5,83.0,19.05,7/07/2014,24.2,22.4,90.0,99.0,1008.7,1010.7,1006.1,233.0,15.81,8/07/2014,24.4,23.3,90.0,98.0,1010.4,1012.9,1007.7,254.0,21.75,9/07/2014,25.2,23.2,95.0,94.0,1010.8,1012.0,1008.8,235.0,22.0,34.622143,138.52274,0.0,Asia/Tokyo
1408,9,NEOGURI,20140818,14071019,2014,7,10,19,2,3,349,1395,990,45,0,0,0,4,325,180,Y,3/07/2014,23.2,21.6,86.0,98.0,1008.5,1010.5,1006.5,216.0,14.95,4/07/2014,23.1,21.4,87.0,81.0,1004.8,1005.9,1003.9,20.0,16.53,5/07/2014,23.3,21.6,84.0,96.0,1008.5,1011.3,1005.7,26.0,14.68,6/07/2014,23.4,21.9,87.0,99.0,1011.4,1012.1,1010.8,136.0,18.58,7/07/2014,23.9,22.8,88.0,94.0,1008.0,1010.5,1005.3,223.0,14.09,8/07/2014,23.9,22.2,92.0,85.0,1010.3,1012.6,1006.8,207.0,22.65,9/07/2014,24.9,23.5,93.0,99.0,1010.5,1012.3,1007.9,191.0,18.25,34.90334,139.45432,0.0,Asia/Tokyo
1411,13,HALONG,20140903,14080921,2014,8,9,21,2,5,335,1338,965,70,9,80,80,3,270,210,Y,2/08/2014,27.1,25.6,92.0,100.0,1010.4,1011.1,1009.2,126.0,4.95,3/08/2014,27.1,26.2,92.0,100.0,1009.0,1010.5,1007.8,158.0,2.44,4/08/2014,28.0,26.1,91.0,98.0,1008.8,1009.5,1008.2,187.0,9.12,5/08/2014,28.3,26.7,90.0,96.0,1009.0,1009.7,1008.2,200.0,13.33,6/08/2014,28.9,25.8,88.0,92.0,1008.9,1009.7,1008.0,190.0,13.66,7/08/2014,30.2,26.1,82.0,79.0,1008.0,1009.6,1006.4,83.0,20.3,8/08/2014,28.3,25.2,86.0,95.0,1006.2,1007.4,1004.7,74.0,7.97,33.497364,133.77475,0.0,Asia/Tokyo
1411,13,HALONG,20140903,14081001,2014,8,10,1,2,5,345,1345,975,65,9,60,60,3,270,210,Y,3/08/2014,27.1,26.4,89.0,100.0,1008.0,1010.0,1006.4,147.0,5.4,4/08/2014,27.6,26.3,88.0,95.0,1006.8,1007.5,1005.9,157.0,13.17,5/08/2014,27.7,26.5,89.0,90.0,1006.9,1007.8,1006.2,165.0,16.69,6/08/2014,26.9,25.8,91.0,82.0,1007.5,1008.3,1006.6,185.0,15.52,7/08/2014,26.9,26.2,90.0,69.0,1007.1,1007.9,1005.5,153.0,19.68,8/08/2014,26.5,25.2,89.0,96.0,1007.4,1008.8,1006.6,60.0,7.99,9/08/2014,26.5,24.8,88.0,100.0,1002.1,1007.1,996.6,60.0,4.73,34.481544,134.5466,0.0,Asia/Tokyo
1418,20,PHANFONE,20141113,14100523,2014,10,5,23,2,5,347,1377,965,65,9,100,100,9,270,270,Y,2014-09-28,27.8,15.4,78.0,1.0,1010.4,1014.0,1006.9,321.0,20.43,2014-09-29,27.0,17.2,76.0,3.0,1008.3,1009.6,1006.7,284.0,20.07,2014-09-30,27.6,16.8,78.0,13.0,1011.4,1014.1,1009.8,288.0,19.17,2014-10-01,24.4,19.7,82.0,52.0,1015.2,1016.8,1013.5,102.0,13.31,2014-10-02,23.5,19.6,87.0,62.0,1013.4,1016.4,1010.9,87.0,7.53,2014-10-03,26.6,19.6,84.0,37.0,1007.5,1010.4,1005.0,289.0,13.63,2014-10-04,26.1,20.1,80.0,98.0,1011.2,1016.4,1006.4,47.0,12.74,34.69244,137.67383,4.0,Asia/Tokyo
1418,20,PHANFONE,20141113,14100600,2014,10,6,0,2,5,349,1385,965,65,9,100,100,9,270,270,Y,29/09/2014,25.4,20.3,76.0,2.0,1009.1,1010.5,1007.7,230.0,20.34,30/09/2014,25.0,19.9,82.0,45.0,1012.4,1014.9,1010.5,117.0,17.61,1/10/2014,23.8,21.7,81.0,60.0,1016.0,1017.5,1014.2,118.0,14.52,2/10/2014,22.9,20.5,84.0,63.0,1014.5,1017.2,1011.8,85.0,8.02,3/10/2014,26.1,21.6,85.0,33.0,1008.2,1011.4,1005.6,231.0,16.55,4/10/2014,24.9,22.5,80.0,99.0,1012.1,1017.4,1007.0,77.0,11.73,5/10/2014,22.7,19.6,85.0,100.0,1015.4,1018.9,1009.5,43.0,5.4,34.90334,138.5406,0.0,Asia/Tokyo
1419,21,VONGFONG,20141121,14101115,2014,10,11,15,2,5,264,1280,950,80,8,150,120,8,375,325,Y,4/10/2014,27.5,25.9,80.0,100.0,1001.4,1003.8,999.6,357.0,10.15,5/10/2014,27.2,25.5,82.0,97.0,1004.5,1009.9,999.3,331.0,16.89,6/10/2014,25.5,24.9,68.0,80.0,1012.6,1014.6,1010.1,5.0,16.46,7/10/2014,26.3,24.6,65.0,81.0,1013.4,1014.2,1011.9,39.0,13.22,8/10/2014,26.9,25.0,66.0,81.0,1011.0,1012.9,1009.2,54.0,13.72,9/10/2014,26.9,25.7,87.0,95.0,1007.2,1010.1,1005.4,59.0,16.29,10/10/2014,26.8,25.8,81.0,100.0,1001.7,1005.2,998.4,57.0,5.69,26.397186,128.0198,0.0,Asia/Tokyo
1419,21,VONGFONG,20141121,14101223,2014,10,12,23,2,5,311,1300,970,65,8,150,120,9,375,375,Y,5/10/2014,24.9,23.5,82.0,100.0,999.3,1006.3,991.8,2.0,1.22,6/10/2014,24.0,21.2,68.0,67.0,1010.6,1016.2,1003.4,347.0,15.2,7/10/2014,23.3,20.3,56.0,4.0,1017.5,1018.7,1016.2,31.0,18.93,8/10/2014,25.4,22.5,65.0,25.0,1016.7,1018.2,1015.0,48.0,15.61,9/10/2014,25.7,23.6,80.0,35.0,1014.8,1016.2,1013.4,70.0,14.89,10/10/2014,25.6,24.1,77.0,93.0,1013.7,1014.7,1012.6,70.0,11.45,11/10/2014,25.4,24.5,76.0,100.0,1011.7,1013.0,1010.5,69.0,5.44,31.107204,129.97624,0.0,Asia/Tokyo
1419,21,VONGFONG,20141121,14101305,2014,10,13,5,2,4,329,1324,975,60,8,150,120,9,375,375,Y,6/10/2014,21.7,18.1,74.0,66.0,1006.5,1015.7,993.0,333.0,17.44,7/10/2014,22.2,17.0,67.0,1.0,1017.7,1019.4,1016.0,353.0,19.94,8/10/2014,23.5,18.6,70.0,66.0,1018.9,1019.7,1017.8,11.0,13.72,9/10/2014,23.9,21.2,78.0,38.0,1018.2,1019.2,1017.2,83.0,13.73,10/10/2014,24.2,21.5,78.0,78.0,1018.0,1019.2,1016.9,75.0,12.67,11/10/2014,24.0,21.3,74.0,98.0,1017.9,1018.9,1016.6,65.0,9.99,12/10/2014,23.5,21.5,81.0,100.0,1014.1,1018.0,1007.0,93.0,5.73,32.864674,132.41127,0.0,Asia/Tokyo
1419,21,VONGFONG,20141121,14101310,2014,10,13,10,2,4,342,1346,980,55,9,130,130,3,400,350,Y,6/10/2014,22.8,17.6,79.0,67.0,1003.5,1014.5,992.2,334.0,14.09,7/10/2014,21.1,17.0,62.0,11.0,1017.9,1020.1,1014.9,3.0,18.45,8/10/2014,21.3,17.1,67.0,10.0,1019.8,1021.2,1018.4,29.0,15.48,9/10/2014,23.3,19.0,83.0,70.0,1019.2,1020.2,1018.2,96.0,10.77,10/10/2014,23.4,18.6,82.0,78.0,1019.0,1020.4,1017.7,51.0,12.48,11/10/2014,23.1,18.9,75.0,99.0,1020.3,1021.5,1019.3,35.0,12.42,12/10/2014,22.2,19.5,76.0,100.0,1018.1,1020.9,1012.7,112.0,8.57,34.20035,134.54887,7.0,Asia/Tokyo
1419,21,VONGFONG,20141121,14101311,2014,10,13,11,2,4,344,1351,985,50,0,0,0,3,400,350,Y,2014-10-06,22.7,18.5,77.0,65.0,1003.1,1014.4,990.4,352.0,11.19,2014-10-07,21.8,17.7,62.0,3.0,1018.2,1020.9,1014.8,13.0,19.35,2014-10-08,23.6,17.2,68.0,6.0,1020.5,1021.9,1018.7,28.0,17.88,2014-10-09,23.3,19.6,81.0,63.0,1020.1,1021.0,1019.1,62.0,11.38,2014-10-10,24.9,19.7,79.0,74.0,1019.7,1021.2,1018.2,40.0,13.17,2014-10-11,24.2,19.3,72.0,98.0,1020.7,1021.8,1019.6,32.0,13.01,2014-10-12,23.7,19.8,71.0,100.0,1019.2,1022.2,1014.2,70.0,10.74,34.411247,135.05661,0.0,Asia/Tokyo
1511,11,NANGKA,20150814,15071614,2015,7,16,14,2,5,334,1341,965,65,9,100,100,9,300,300,Y,9/07/2015,26.4,22.2,93.0,58.0,985.7,986.6,984.7,77.0,20.19,10/07/2015,25.4,23.0,94.0,89.0,986.2,987.1,985.3,108.0,16.39,11/07/2015,26.1,22.9,91.0,100.0,985.1,986.2,984.1,98.0,19.37,12/07/2015,25.3,23.2,93.0,100.0,982.1,983.7,980.6,153.0,11.88,13/07/2015,26.4,24.3,91.0,85.0,979.4,980.2,978.8,205.0,21.05,14/07/2015,27.3,23.5,88.0,30.0,979.5,980.0,978.8,209.0,24.1,15/07/2015,26.3,23.0,84.0,68.0,977.2,979.8,974.1,68.0,22.57,33.356766,134.11111,251.0,Asia/Tokyo
1511,11,NANGKA,20150814,15071621,2015,7,16,21,2,4,345,1336,985,55,9,80,80,9,270,270,Y,9/07/2015,27.4,23.2,88.0,80.0,1002.5,1003.4,1001.5,55.0,16.82,10/07/2015,28.3,24.4,85.0,89.0,1002.5,1003.9,1001.1,62.0,14.78,11/07/2015,28.6,23.9,86.0,100.0,1001.2,1002.7,999.5,58.0,15.1,12/07/2015,29.9,24.7,81.0,100.0,997.2,1000.0,994.9,78.0,13.88,13/07/2015,31.6,26.5,74.0,60.0,993.1,994.4,992.4,185.0,20.88,14/07/2015,30.0,26.3,78.0,26.0,994.9,995.8,994.1,229.0,21.57,15/07/2015,30.6,24.2,72.0,48.0,994.2,996.1,992.2,58.0,22.91,34.481544,133.6398,97.0,Asia/Tokyo
1512,12,HALOLA,20150819,15072609,2015,7,26,9,2,3,330,1297,996,40,0,0,0,3,60,50,Y,2015-07-19,27.4,22.6,82.0,51.0,969.9,970.7,969.2,91.0,19.78,2015-07-20,24.6,22.5,90.0,85.0,969.1,969.9,968.5,145.0,10.54,2015-07-21,24.8,22.2,92.0,81.0,969.0,969.7,968.4,192.0,16.64,2015-07-22,23.4,21.8,93.0,100.0,970.5,972.7,969.2,208.0,5.26,2015-07-23,24.6,22.4,90.0,91.0,972.6,973.3,971.7,186.0,13.69,2015-07-24,25.0,22.8,87.0,99.0,971.8,972.9,970.5,178.0,25.06,2015-07-25,25.9,22.6,85.0,43.0,971.0,972.0,969.7,179.0,26.35,33.005272,129.75461,346.0,Asia/Tokyo
1512,12,HALOLA,20150819,15072610,2015,7,26,10,2,3,331,1298,998,40,0,0,0,3,60,50,Y,19/07/2015,29.6,23.8,83.0,51.0,994.6,995.4,993.9,91.0,19.78,20/07/2015,27.0,24.1,89.0,85.0,994.0,994.7,993.4,145.0,10.54,21/07/2015,27.1,23.5,93.0,81.0,993.8,994.6,993.3,192.0,16.64,22/07/2015,25.1,23.1,95.0,100.0,995.4,997.6,994.1,208.0,5.26,23/07/2015,26.8,23.6,91.0,91.0,997.5,998.2,996.6,186.0,13.69,24/07/2015,27.8,24.2,84.0,99.0,996.7,997.8,995.3,178.0,25.06,25/07/2015,28.9,23.9,83.0,43.0,995.8,996.9,994.4,179.0,26.35,33.07557,129.80344,126.0,Asia/Tokyo
1515,15,GONI,20151008,15082310,2015,8,23,10,2,5,243,1239,940,90,9,60,60,3,210,150,Y,16/08/2015,28.8,27.9,88.0,84.0,1007.0,1008.8,1006.2,205.0,21.3,17/08/2015,29.2,28.2,88.0,97.0,1006.7,1008.3,1005.6,24.0,19.67,18/08/2015,28.3,27.5,84.0,51.0,1007.8,1008.8,1006.3,358.0,24.17,19/08/2015,29.0,27.3,83.0,15.0,1007.3,1008.2,1006.0,61.0,24.1,20/08/2015,29.0,27.9,85.0,33.0,1005.2,1007.5,1003.6,78.0,25.02,21/08/2015,28.5,27.6,86.0,32.0,1002.2,1004.1,1000.3,101.0,22.4,22/08/2015,28.1,27.2,89.0,67.0,999.1,1001.4,996.9,105.0,17.86,24.288223,123.92971,1.0,Asia/Tokyo
1515,15,GONI,20151008,15082419,2015,8,24,19,2,5,320,1301,945,85,3,90,50,9,250,250,Y,17/08/2015,27.7,25.8,88.0,57.0,1005.2,1007.7,1003.7,220.0,12.49,18/08/2015,27.9,26.3,86.0,61.0,1009.3,1010.8,1007.6,105.0,16.13,19/08/2015,28.4,26.2,87.0,95.0,1011.7,1012.9,1010.3,170.0,14.89,20/08/2015,28.5,26.8,86.0,84.0,1010.4,1012.0,1008.8,183.0,17.18,21/08/2015,29.1,26.5,85.0,42.0,1006.3,1008.9,1004.3,211.0,20.58,22/08/2015,27.8,26.0,81.0,13.0,1005.1,1005.9,1004.2,306.0,23.3,23/08/2015,29.2,26.6,75.0,7.0,1005.3,1006.5,1004.4,337.0,24.02,32.021088,130.06032,0.0,Asia/Tokyo
1515,15,GONI,20151008,15082420,2015,8,24,20,2,5,324,1305,950,85,3,90,50,9,250,250,Y,2015-08-17,27.6,24.3,94.0,64.0,1005.6,1008.4,1004.0,199.0,8.92,2015-08-18,29.8,23.8,90.0,87.0,1009.9,1011.4,1008.1,94.0,15.79,2015-08-19,29.7,24.3,90.0,97.0,1012.2,1013.3,1010.8,188.0,13.85,2015-08-20,30.2,24.6,86.0,85.0,1010.8,1012.5,1009.0,194.0,18.45,2015-08-21,29.7,25.1,86.0,59.0,1006.5,1009.1,1004.5,208.0,18.71,2015-08-22,30.2,24.3,83.0,41.0,1005.3,1006.1,1004.0,275.0,21.18,2015-08-23,31.5,23.6,78.0,5.0,1005.6,1006.8,1004.5,352.0,24.02,32.37258,130.52184,0.0,Asia/Tokyo
1515,15,GONI,20151008,15082421,2015,8,24,21,2,5,328,1305,955,80,2,100,50,9,250,250,Y,17/08/2015,27.8,25.2,86.0,65.0,1005.2,1008.2,1003.4,181.0,9.82,18/08/2015,29.9,23.6,83.0,77.0,1009.6,1011.0,1007.9,46.0,18.85,19/08/2015,28.6,25.6,86.0,97.0,1011.8,1012.9,1010.5,158.0,11.08,20/08/2015,29.3,25.4,84.0,88.0,1010.4,1012.2,1008.7,185.0,17.22,21/08/2015,29.5,25.4,85.0,63.0,1006.0,1008.7,1003.9,202.0,17.66,22/08/2015,29.7,24.9,81.0,28.0,1005.0,1005.8,1003.8,295.0,20.29,23/08/2015,30.3,23.6,75.0,4.0,1005.3,1006.6,1004.1,353.0,24.22,32.794376,130.489,0.0,Asia/Tokyo
1518,18,ETAU,20151015,15090900,2015,9,9,0,2,3,345,1371,990,45,0,0,0,8,210,150,Y,2/09/2015,26.9,25.7,85.0,60.0,1012.0,1013.1,1011.0,236.0,19.84,3/09/2015,25.7,23.5,82.0,99.0,1012.4,1014.0,1010.2,85.0,6.62,4/09/2015,26.9,23.1,79.0,52.0,1010.2,1011.3,1009.2,305.0,21.15,5/09/2015,26.3,22.7,72.0,68.0,1010.7,1012.1,1009.1,310.0,22.04,6/09/2015,26.0,23.5,84.0,100.0,1006.2,1009.7,1002.2,165.0,6.57,7/09/2015,25.8,24.2,88.0,87.0,1004.8,1008.1,1001.7,306.0,10.96,8/09/2015,24.3,22.8,87.0,100.0,1008.6,1009.6,1007.5,63.0,2.39,34.551846,137.09962,0.0,Asia/Tokyo
1606,10,CONSON,20160915,16081423,2016,8,14,23,2,3,433,1455,988,40,0,0,0,2,210,90,Y,2016-08-07,20.0,18.7,93.0,14.0,1012.6,1013.3,1011.4,177.0,24.49,2016-08-08,21.6,20.0,95.0,64.0,1010.5,1012.7,1008.2,184.0,21.24,2016-08-09,20.3,18.2,96.0,99.0,1000.2,1007.7,994.8,27.0,4.5,2016-08-10,19.1,16.8,86.0,38.0,1005.7,1011.4,996.5,349.0,21.42,2016-08-11,18.0,16.2,88.0,36.0,1011.8,1013.6,1010.5,107.0,23.56,2016-08-12,17.1,15.8,84.0,15.0,1012.1,1013.1,1011.1,120.0,23.98,2016-08-13,18.7,17.1,86.0,70.0,1012.2,1012.8,1011.2,160.0,23.46,43.33919,145.50897,0.0,Asia/Tokyo
1607,12,CHANTHU,20160921,16081708,2016,8,17,8,2,4,418,1430,980,55,2,80,20,2,180,120,Y,10/08/2016,21.7,20.2,82.0,58.0,1006.2,1010.2,1001.1,289.0,21.37,11/08/2016,20.8,20.0,89.0,15.0,1011.2,1012.6,1009.8,131.0,24.36,12/08/2016,21.0,19.8,86.0,27.0,1011.6,1012.8,1010.4,158.0,23.29,13/08/2016,20.7,20.3,81.0,30.0,1011.1,1011.8,1010.6,133.0,23.55,14/08/2016,21.7,20.8,92.0,82.0,1008.5,1011.3,1004.0,79.0,19.65,15/08/2016,22.3,21.1,91.0,83.0,1002.1,1005.5,999.0,238.0,11.86,16/08/2016,22.9,21.9,93.0,93.0,1006.8,1008.3,1005.8,156.0,12.75,41.792618,142.95653,0.0,Etc/GMT-10
1609,16,MINDULLE,20160927,16082203,2016,8,22,3,2,5,348,1398,975,65,9,40,40,2,150,90,Y,15/08/2016,27.5,26.0,72.0,59.0,1003.7,1004.8,1002.1,154.0,16.04,16/08/2016,27.7,25.9,84.0,91.0,1000.3,1004.6,993.0,28.0,15.18,17/08/2016,27.9,26.3,86.0,56.0,999.5,1005.3,992.9,234.0,19.81,18/08/2016,27.6,25.8,88.0,71.0,1006.4,1007.8,1005.0,185.0,18.14,19/08/2016,28.1,26.2,85.0,35.0,1006.3,1007.7,1004.4,39.0,22.09,20/08/2016,27.6,25.9,89.0,45.0,1004.5,1005.2,1003.4,64.0,17.05,21/08/2016,28.0,26.3,85.0,85.0,1005.9,1006.6,1004.6,86.0,14.63,34.76274,139.7848,0.0,Asia/Tokyo
1609,16,MINDULLE,20160927,16082220,2016,8,22,20,2,4,418,1423,992,50,0,0,0,3,150,90,Y,15/08/2016,22.4,21.3,91.0,74.0,1002.3,1004.9,1000.4,218.0,18.46,16/08/2016,23.4,22.2,92.0,85.0,1006.0,1007.3,1004.9,151.0,13.17,17/08/2016,23.3,22.4,92.0,88.0,1000.6,1005.6,985.3,119.0,4.15,18/08/2016,22.5,21.2,95.0,72.0,1008.2,1010.6,1003.3,194.0,18.39,19/08/2016,22.4,21.7,96.0,91.0,1010.9,1012.3,1009.5,139.0,10.29,20/08/2016,23.2,22.2,95.0,94.0,1011.2,1012.0,1010.5,138.0,11.01,21/08/2016,23.2,21.8,93.0,99.0,1006.4,1010.6,1002.1,70.0,10.39,41.792618,142.30435,0.0,Etc/GMT-9
1610,15,LIONROCK,20160927,16083008,2016,8,30,8,2,5,388,1420,965,65,1,120,60,3,325,240,Y,2016-08-23,25.2,23.4,91.0,88.0,1004.2,1008.5,994.2,207.0,16.93,2016-08-24,23.8,22.9,95.0,60.0,1009.5,1010.9,1007.6,134.0,14.01,2016-08-25,25.3,23.7,93.0,17.0,1008.8,1010.4,1007.1,180.0,21.29,2016-08-26,25.2,24.3,92.0,81.0,1005.2,1006.9,1003.6,181.0,19.23,2016-08-27,23.7,21.2,83.0,99.0,1007.5,1009.0,1005.8,25.0,6.11,2016-08-28,23.5,21.3,86.0,97.0,1005.7,1007.2,1003.6,31.0,8.72,2016-08-29,24.9,23.6,93.0,41.0,998.7,1003.1,995.1,71.0,15.19,38.84007,142.0082,0.0,Asia/Tokyo
1611,17,KOMPASU,20160927,16082114,2016,8,21,14,2,3,429,1441,1002,35,0,0,0,2,120,60,Y,14/08/2016,22.9,17.8,90.0,91.0,1009.9,1012.3,1005.1,75.0,13.16,15/08/2016,23.1,21.0,90.0,95.0,1000.8,1006.7,995.4,252.0,3.39,16/08/2016,23.1,21.6,98.0,100.0,1008.5,1010.1,1007.0,168.0,3.87,17/08/2016,23.7,21.8,95.0,89.0,1003.7,1008.8,992.0,155.0,4.06,18/08/2016,23.4,20.8,93.0,88.0,1008.9,1011.7,1002.5,183.0,11.02,19/08/2016,22.5,21.2,98.0,100.0,1012.7,1014.1,1011.4,167.0,7.51,20/08/2016,22.6,21.4,98.0,100.0,1013.5,1014.2,1012.5,164.0,3.21,42.917397,144.08011,0.0,Asia/Tokyo
1612,19,NAMTHEUN,20161005,16090416,2016,9,4,16,2,3,328,1297,1000,35,0,0,0,9,30,30,Y,28/08/2016,28.1,23.8,86.0,59.0,997.4,1001.8,994.5,274.0,8.49,29/08/2016,24.6,22.3,75.0,34.0,999.0,1000.3,997.5,338.0,20.21,30/08/2016,25.8,24.5,60.0,37.0,997.5,999.5,995.5,286.0,17.91,31/08/2016,27.0,24.6,63.0,38.0,1000.7,1004.8,998.0,262.0,20.64,1/09/2016,26.9,26.4,68.0,82.0,1006.4,1007.6,1005.1,206.0,15.17,2/09/2016,26.6,25.1,78.0,99.0,1006.7,1007.7,1005.5,126.0,7.75,3/09/2016,26.5,25.6,83.0,100.0,1007.1,1007.7,1006.1,84.0,8.9,32.794376,129.71883,0.0,Asia/Tokyo
1616,23,MALAKAS,20161024,16091915,2016,9,19,15,2,5,311,1305,955,75,9,60,60,7,240,180,Y,12/09/2016,28.0,26.1,88.0,99.0,1011.5,1013.2,1010.3,161.0,10.75,13/09/2016,27.2,26.0,88.0,98.0,1014.6,1016.4,1013.3,231.0,15.34,14/09/2016,27.2,25.3,88.0,79.0,1015.6,1016.3,1014.3,150.0,16.96,15/09/2016,27.6,25.2,86.0,92.0,1014.6,1015.8,1013.1,77.0,15.43,16/09/2016,27.8,26.3,82.0,97.0,1013.8,1014.7,1012.7,124.0,16.44,17/09/2016,28.0,25.9,84.0,82.0,1011.4,1013.6,1009.6,160.0,16.03,18/09/2016,27.8,25.8,88.0,55.0,1008.2,1010.2,1006.6,181.0,16.64,31.107204,130.5107,0.0,Asia/Tokyo
1616,23,MALAKAS,20161024,16092002,2016,9,20,2,2,5,333,1341,970,70,4,60,30,7,240,180,Y,13/09/2016,27.2,25.8,87.0,99.0,1014.4,1016.1,1013.0,234.0,11.02,14/09/2016,26.4,25.6,83.0,94.0,1015.8,1016.8,1014.5,176.0,13.29,15/09/2016,26.4,24.5,80.0,82.0,1015.1,1015.9,1014.1,77.0,10.3,16/09/2016,26.9,24.9,80.0,97.0,1015.0,1015.8,1014.1,94.0,15.67,17/09/2016,26.8,25.3,86.0,97.0,1013.2,1015.2,1011.5,213.0,17.43,18/09/2016,27.2,25.5,90.0,92.0,1009.1,1011.4,1007.3,229.0,12.57,19/09/2016,26.2,24.9,87.0,97.0,1006.5,1008.2,1005.0,92.0,10.17,33.286465,134.05672,0.0,Asia/Tokyo
1616,23,MALAKAS,20161024,16092004,2016,9,20,4,2,4,337,1351,980,55,4,60,30,8,240,180,Y,13/09/2016,26.7,25.5,87.0,99.0,1014.2,1016.1,1012.8,244.0,5.03,14/09/2016,25.8,25.3,81.0,89.0,1015.8,1016.7,1014.8,354.0,13.23,15/09/2016,26.8,24.0,76.0,84.0,1015.0,1015.8,1014.0,351.0,10.31,16/09/2016,26.6,25.3,76.0,95.0,1015.0,1015.7,1014.2,164.0,16.74,17/09/2016,27.2,25.8,85.0,96.0,1013.2,1014.9,1011.4,185.0,18.56,18/09/2016,27.0,25.6,88.0,95.0,1009.0,1011.3,1007.1,204.0,7.8,19/09/2016,26.1,24.9,86.0,93.0,1006.8,1007.7,1005.4,251.0,9.71,33.70826,135.05591,0.0,Asia/Tokyo
1616,23,MALAKAS,20161024,16092008,2016,9,20,8,2,3,349,1368,992,45,0,0,0,9,90,90,Y,13/09/2016,27.5,24.6,89.0,99.0,1014.5,1015.7,1013.1,118.0,4.4,14/09/2016,29.6,24.3,79.0,97.0,1015.6,1016.4,1014.5,273.0,12.74,15/09/2016,28.1,23.2,74.0,95.0,1015.0,1016.3,1013.7,299.0,11.32,16/09/2016,28.8,22.4,80.0,80.0,1015.7,1016.6,1014.6,137.0,12.92,17/09/2016,29.4,24.5,83.0,98.0,1013.8,1015.7,1012.0,131.0,14.86,18/09/2016,27.4,24.8,92.0,99.0,1008.9,1012.0,1006.4,163.0,3.37,19/09/2016,27.2,24.3,89.0,95.0,1007.4,1008.3,1005.8,138.0,8.43,34.90334,136.82741,0.0,Asia/Tokyo
1703,6,NANMADOL,20170828,17070323,2017,7,3,23,2,4,327,1300,985,55,9,20,20,2,100,60,Y,2017-06-26,24.3,22.5,91.0,98.0,1007.0,1009.2,1005.8,231.0,10.02,2017-06-27,24.3,22.7,91.0,99.0,1010.1,1012.1,1009.0,303.0,8.85,2017-06-28,26.5,22.7,88.0,68.0,1012.1,1013.6,1011.2,275.0,23.35,2017-06-29,25.2,22.7,92.0,96.0,1012.8,1013.8,1011.9,201.0,15.92,2017-06-30,25.4,23.2,93.0,96.0,1011.4,1012.7,1010.0,190.0,17.88,2017-07-01,25.9,23.8,94.0,81.0,1010.9,1012.9,1009.7,204.0,24.24,2017-07-02,26.5,24.5,92.0,74.0,1012.6,1013.8,1011.6,195.0,25.39,32.724075,130.0,0.0,Asia/Tokyo
1703,6,NANMADOL,20170828,17070403,2017,7,4,3,2,4,332,1323,990,50,0,0,0,3,100,60,Y,2017-06-27,23.6,22.4,89.0,99.0,1010.2,1012.5,1008.7,222.0,10.84,2017-06-28,23.5,22.8,90.0,87.0,1012.5,1013.7,1011.0,166.0,14.13,2017-06-29,25.3,23.1,90.0,96.0,1013.3,1014.5,1012.2,163.0,18.1,2017-06-30,25.3,24.0,92.0,98.0,1011.5,1012.7,1010.3,168.0,16.92,2017-07-01,25.1,23.8,92.0,90.0,1010.2,1011.6,1009.2,176.0,25.32,2017-07-02,26.1,23.6,90.0,88.0,1012.1,1013.0,1011.0,173.0,26.61,2017-07-03,26.7,24.9,89.0,72.0,1011.1,1012.3,1009.5,161.0,26.55,33.216167,132.3399,0.0,Asia/Tokyo
1703,6,NANMADOL,20170828,17070407,2017,7,4,7,2,4,337,1348,990,50,0,0,0,3,100,60,Y,2017-06-27,23.0,21.3,85.0,99.0,1010.7,1012.9,1008.8,324.0,11.59,2017-06-28,22.7,21.9,91.0,87.0,1013.2,1014.0,1011.6,155.0,11.36,2017-06-29,23.9,22.1,93.0,93.0,1014.2,1015.6,1013.2,163.0,17.93,2017-06-30,24.6,23.5,93.0,99.0,1012.4,1013.7,1011.0,204.0,11.87,2017-07-01,24.6,23.8,93.0,93.0,1010.5,1011.6,1008.9,206.0,19.63,2017-07-02,25.9,23.8,93.0,86.0,1011.8,1012.8,1010.9,217.0,25.35,2017-07-03,26.0,24.7,92.0,72.0,1010.9,1012.0,1009.0,220.0,27.1,33.70826,134.8323,0.0,Asia/Tokyo
1705,10,NORU,20210329,17080517,2017,8,5,17,2,4,303,1304,970,60,9,60,60,9,150,150,Y,2017-07-29,31.7,27.1,88.0,76.0,1008.4,1009.3,1007.1,256.0,23.77,2017-07-30,31.7,27.2,87.0,56.0,1008.0,1009.4,1007.1,236.0,24.95,2017-07-31,32.9,27.9,85.0,61.0,1009.2,1011.3,1008.3,261.0,24.43,2017-08-01,32.9,27.6,88.0,71.0,1009.4,1011.0,1008.5,284.0,23.3,2017-08-02,33.3,27.5,80.0,18.0,1006.0,1009.1,1004.2,50.0,25.58,2017-08-03,31.2,27.2,86.0,60.0,1002.7,1004.4,1001.2,62.0,20.79,2017-08-04,29.3,26.3,95.0,89.0,996.2,1001.2,990.8,51.0,10.17,30.333918,130.41032,0.0,Asia/Tokyo
1705,10,NORU,20210329,17080600,2017,8,6,0,2,4,307,1309,970,60,9,60,60,9,150,150,Y,30/07/2017,30.3,28.5,85.0,38.0,1006.6,1007.9,1005.9,293.0,24.04,31/07/2017,31.1,28.4,82.0,50.0,1007.9,1009.8,1007.0,99.0,22.72,1/08/2017,30.8,27.9,83.0,58.0,1008.2,1009.7,1007.1,56.0,25.29,2/08/2017,29.9,28.6,81.0,17.0,1005.0,1007.7,1003.2,49.0,24.9,3/08/2017,29.6,27.3,85.0,46.0,1001.9,1003.4,1000.5,55.0,20.63,4/08/2017,29.5,27.5,85.0,87.0,997.9,1000.8,995.2,64.0,12.36,5/08/2017,28.9,27.5,89.0,100.0,987.1,994.6,980.8,102.0,4.92,30.685411,130.86086,0.0,Asia/Tokyo
1705,10,NORU,20210329,17080700,2017,8,7,0,2,4,331,1340,970,60,9,50,50,3,200,150,Y,2017-07-31,29.3,27.4,85.0,57.0,1008.7,1009.8,1007.7,152.0,25.05,2017-08-01,30.2,28.2,86.0,72.0,1008.1,1009.6,1006.9,296.0,24.75,2017-08-02,28.7,27.7,77.0,28.0,1006.0,1007.5,1004.8,66.0,26.37,2017-08-03,29.0,27.0,86.0,52.0,1005.6,1006.8,1004.4,82.0,20.79,2017-08-04,28.5,27.6,89.0,47.0,1006.1,1006.8,1005.2,100.0,18.56,2017-08-05,28.9,27.9,88.0,24.0,1005.0,1005.9,1003.9,127.0,23.38,2017-08-06,28.6,27.6,88.0,67.0,1000.9,1004.4,995.2,125.0,19.74,33.07557,134.00491,0.0,Asia/Tokyo
1705,10,NORU,20210329,17080706,2017,8,7,6,2,4,340,1351,975,55,9,50,50,3,200,150,Y,2017-07-31,28.7,27.1,86.0,42.0,1008.7,1009.7,1007.8,167.0,22.91,2017-08-01,28.8,27.2,85.0,73.0,1008.1,1009.6,1006.7,356.0,21.84,2017-08-02,28.9,25.7,77.0,38.0,1006.4,1007.5,1004.9,16.0,22.4,2017-08-03,29.3,26.8,77.0,56.0,1006.9,1008.2,1005.8,318.0,21.58,2017-08-04,29.7,27.2,80.0,73.0,1007.3,1008.2,1006.2,133.0,18.28,2017-08-05,29.8,27.0,84.0,55.0,1005.9,1007.2,1004.8,155.0,23.27,2017-08-06,29.4,27.0,83.0,41.0,1002.9,1005.2,999.5,148.0,24.07,33.989452,135.05618,0.0,Asia/Tokyo
1718,25,TALIM,20171107,17091702,2017,9,17,2,2,4,310,1303,975,55,2,100,70,2,300,180,Y,10/09/2017,28.1,27.0,75.0,30.0,1013.0,1013.9,1012.0,108.0,23.01,11/09/2017,28.7,27.6,77.0,94.0,1010.8,1012.7,1009.2,184.0,18.28,12/09/2017,28.6,26.4,83.0,72.0,1012.3,1014.0,1010.5,285.0,19.63,13/09/2017,28.0,26.3,81.0,98.0,1014.7,1015.6,1013.6,71.0,13.57,14/09/2017,28.0,26.6,84.0,99.0,1013.8,1014.9,1012.6,98.0,11.26,15/09/2017,27.0,25.9,88.0,100.0,1010.3,1012.8,1007.4,92.0,5.01,16/09/2017,27.7,25.8,86.0,99.0,1002.9,1007.1,998.0,98.0,15.82,30.966606,130.30806,0.0,Asia/Tokyo
1718,25,TALIM,20171107,17091703,2017,9,17,3,2,4,314,1307,975,55,2,100,70,2,300,180,Y,10/09/2017,29.1,24.9,77.0,37.0,1013.1,1014.1,1012.2,92.0,20.58,11/09/2017,29.0,26.0,80.0,96.0,1011.0,1013.0,1009.4,171.0,16.56,12/09/2017,28.9,26.2,82.0,79.0,1012.0,1013.9,1010.4,291.0,17.47,13/09/2017,28.9,25.3,79.0,99.0,1014.9,1016.2,1013.5,63.0,13.68,14/09/2017,28.1,25.9,76.0,99.0,1014.3,1015.6,1013.1,85.0,10.6,15/09/2017,26.0,24.5,88.0,100.0,1011.3,1013.5,1008.8,78.0,3.98,16/09/2017,27.5,24.5,83.0,99.0,1004.0,1008.3,1000.2,75.0,15.27,31.3884,130.70406,0.0,Asia/Tokyo
1718,25,TALIM,20171107,17091707,2017,9,17,7,2,4,327,1325,975,55,2,100,70,2,300,180,Y,10/09/2017,27.2,26.2,70.0,32.0,1013.7,1014.6,1012.9,78.0,22.99,11/09/2017,29.2,26.2,74.0,94.0,1010.9,1013.3,1008.9,179.0,15.29,12/09/2017,29.0,26.4,81.0,81.0,1010.8,1013.8,1008.5,275.0,13.48,13/09/2017,27.3,25.0,73.0,98.0,1015.1,1016.4,1013.5,336.0,15.06,14/09/2017,26.8,25.4,76.0,99.0,1016.1,1017.0,1015.1,32.0,10.28,15/09/2017,26.3,24.8,72.0,100.0,1014.6,1016.0,1013.2,70.0,6.24,16/09/2017,26.1,23.9,81.0,100.0,1007.8,1012.9,1004.3,58.0,7.59,32.724075,132.52748,0.0,Asia/Tokyo
1718,25,TALIM,20171107,17091713,2017,9,17,13,2,4,347,1349,975,55,2,100,70,2,300,180,Y,10/09/2017,29.4,22.4,75.0,87.0,1012.1,1013.0,1011.3,286.0,17.08,11/09/2017,28.1,22.9,79.0,98.0,1009.2,1012.0,1006.2,156.0,11.85,12/09/2017,26.6,23.2,85.0,75.0,1007.5,1011.1,1003.6,221.0,7.91,13/09/2017,27.1,21.1,79.0,73.0,1013.0,1014.6,1011.3,335.0,21.34,14/09/2017,28.2,20.9,67.0,96.0,1014.9,1016.1,1013.5,18.0,19.9,15/09/2017,25.2,19.9,60.0,100.0,1015.1,1017.0,1013.7,22.0,14.32,16/09/2017,22.5,20.1,80.0,100.0,1010.1,1013.7,1006.2,74.0,2.42,34.69244,134.9431,19.0,Asia/Tokyo
1721,30,LAN,20180330,17102218,2017,10,22,18,2,5,347,1381,950,80,8,210,120,9,450,450,Y,15/10/2017,18.5,15.9,91.0,100.0,1021.7,1024.4,1019.5,44.0,2.21,16/10/2017,16.7,15.0,89.0,100.0,1021.9,1023.2,1020.2,53.0,2.14,17/10/2017,16.1,14.2,90.0,97.0,1019.6,1021.1,1018.4,42.0,2.13,18/10/2017,19.8,15.5,70.0,89.0,1020.1,1021.5,1018.9,58.0,12.86,19/10/2017,17.6,12.6,85.0,100.0,1016.2,1019.8,1013.0,51.0,2.96,20/10/2017,20.1,16.3,82.0,97.0,1013.2,1014.5,1012.2,42.0,6.01,21/10/2017,20.8,18.5,87.0,100.0,1012.6,1014.0,1010.0,55.0,3.75,34.69244,138.12895,11.0,Asia/Tokyo
1722,31,SAOLA,20171208,17102804,2017,10,28,4,2,4,266,1282,975,60,9,80,80,8,300,210,Y,21/10/2017,27.2,26.0,84.0,98.0,996.8,1002.4,992.9,21.0,6.84,22/10/2017,26.9,24.6,74.0,44.0,997.0,1004.3,992.6,339.0,16.79,23/10/2017,25.6,24.1,66.0,30.0,1010.9,1015.4,1005.0,3.0,15.94,24/10/2017,25.1,23.6,57.0,23.0,1017.2,1018.5,1015.6,16.0,16.81,25/10/2017,24.8,22.9,67.0,54.0,1017.2,1018.5,1016.3,25.0,13.68,26/10/2017,25.6,23.5,65.0,56.0,1013.9,1016.2,1012.0,48.0,15.1,27/10/2017,26.8,25.2,84.0,95.0,1007.4,1011.5,1003.7,52.0,6.39,26.608084,128.24504,0.0,Asia/Tokyo
1810,12,AMPIL,20180904,18072023,2018,7,20,23,2,4,266,1283,985,50,0,0,0,1,270,180,Y,13/07/2018,27.5,26.5,86.0,27.0,1011.7,1013.1,1010.7,86.0,26.11,14/07/2018,27.6,26.5,85.0,37.0,1010.7,1011.5,1009.8,80.0,26.41,15/07/2018,27.9,26.5,84.0,33.0,1010.2,1011.0,1009.2,77.0,25.63,16/07/2018,27.9,27.2,86.0,67.0,1009.8,1010.8,1008.9,89.0,24.4,17/07/2018,28.1,27.2,84.0,18.0,1009.2,1009.9,1008.2,90.0,24.82,18/07/2018,28.0,27.0,86.0,15.0,1008.1,1009.4,1007.0,86.0,25.91,19/07/2018,27.8,26.9,86.0,62.0,1006.6,1008.2,1004.8,60.0,25.9,26.608084,128.34438,0.0,Asia/Tokyo
1812,16,JONGDARI,20180910,18072816,2018,7,28,16,2,5,345,1367,970,65,1,70,50,1,210,120,Y,21/07/2018,33.2,25.3,80.0,5.0,1011.8,1012.9,1010.7,186.0,26.86,22/07/2018,34.9,25.8,73.0,33.0,1009.8,1011.7,1007.7,254.0,25.67,23/07/2018,36.6,27.8,59.0,13.0,1006.7,1008.3,1004.5,317.0,27.08,24/07/2018,36.5,26.4,64.0,21.0,1006.1,1007.1,1004.5,306.0,26.32,25/07/2018,34.0,25.7,73.0,71.0,1007.8,1008.8,1006.9,123.0,24.83,26/07/2018,30.8,25.6,81.0,79.0,1008.2,1009.1,1007.2,134.0,19.76,27/07/2018,30.5,23.9,71.0,67.0,1007.2,1008.4,1005.4,136.0,21.05,34.481544,136.70024,4.0,Asia/Tokyo
1812,16,JONGDARI,20180910,18072908,2018,7,29,8,2,3,338,1312,992,40,0,0,0,7,180,120,Y,22/07/2018,29.7,27.4,86.0,97.0,1009.6,1010.3,1008.7,103.0,19.39,23/07/2018,29.3,26.2,88.0,28.0,1009.2,1010.7,1007.6,325.0,25.05,24/07/2018,28.9,27.5,85.0,26.0,1008.4,1009.7,1007.2,317.0,26.01,25/07/2018,29.2,26.2,87.0,24.0,1007.7,1009.0,1006.0,309.0,26.65,26/07/2018,30.1,26.2,86.0,71.0,1007.0,1008.5,1005.1,310.0,25.88,27/07/2018,30.8,27.0,83.0,21.0,1005.6,1007.2,1003.2,327.0,26.0,28/07/2018,30.7,27.1,78.0,66.0,1003.0,1005.2,1000.6,338.0,25.1,33.778557,131.19403,0.0,Asia/Tokyo
1812,16,JONGDARI,20180910,18072914,2018,7,29,14,2,3,328,1301,994,35,0,0,0,9,120,120,Y,22/07/2018,32.4,27.1,78.0,93.0,999.3,1000.4,998.4,134.0,21.05,23/07/2018,31.1,26.0,83.0,55.0,999.6,1000.7,998.5,205.0,23.53,24/07/2018,32.1,25.3,81.0,52.0,998.9,1000.1,997.5,253.0,23.62,25/07/2018,33.5,25.8,78.0,9.0,998.0,999.1,996.3,300.0,26.17,26/07/2018,33.6,26.7,76.0,67.0,997.1,998.4,995.2,314.0,24.51,27/07/2018,33.9,27.1,74.0,36.0,995.9,997.6,993.8,290.0,24.03,28/07/2018,34.5,25.4,67.0,49.0,993.3,995.7,990.9,15.0,26.74,32.794376,130.0489,88.0,Asia/Tokyo
1815,20,LEEPI,20181004,18081417,2018,8,14,17,2,3,324,1319,998,40,0,0,0,2,90,30,Y,7/08/2018,28.6,27.7,86.0,8.0,1004.8,1005.6,1004.1,33.0,26.1,8/08/2018,29.1,27.2,79.0,52.0,1003.8,1005.1,1002.2,10.0,25.2,9/08/2018,29.1,26.3,73.0,68.0,1002.3,1003.2,1000.9,22.0,25.78,10/08/2018,28.7,27.1,85.0,12.0,1003.1,1004.0,1002.4,67.0,25.23,11/08/2018,28.5,25.9,88.0,81.0,1004.5,1006.4,1002.8,90.0,12.12,12/08/2018,29.0,26.4,90.0,72.0,1008.4,1010.9,1006.4,150.0,19.03,13/08/2018,29.1,27.4,88.0,62.0,1011.5,1012.3,1010.6,115.0,24.16,32.442883,131.88336,0.0,Asia/Tokyo
1820,25,CIMARON,20181005,18082312,2018,8,23,12,2,5,338,1346,970,75,2,90,60,2,270,150,Y,16/08/2018,27.9,24.6,91.0,100.0,998.9,1000.5,997.2,206.0,11.75,17/08/2018,27.7,21.6,63.0,30.0,999.4,1000.8,997.9,359.0,26.26,18/08/2018,27.9,19.7,69.0,40.0,1000.6,1001.4,999.8,349.0,25.39,19/08/2018,27.5,22.9,70.0,62.0,1001.9,1003.4,1000.8,157.0,23.56,20/08/2018,29.4,22.2,78.0,92.0,999.4,1001.5,998.0,62.0,14.48,21/08/2018,28.6,25.2,92.0,71.0,998.3,1000.1,997.2,143.0,17.5,22/08/2018,29.2,25.5,85.0,52.0,1000.0,1000.9,999.3,146.0,21.88,33.848858,134.60773,94.0,Asia/Tokyo
1820,25,CIMARON,20181005,18082314,2018,8,23,14,2,5,346,1346,975,70,4,120,60,2,270,150,Y,16/08/2018,28.7,26.3,87.0,98.0,1008.9,1010.8,1007.4,183.0,13.1,17/08/2018,27.3,23.8,60.0,39.0,1010.8,1012.1,1009.7,20.0,25.69,18/08/2018,26.8,22.5,67.0,56.0,1011.4,1012.7,1009.9,60.0,26.13,19/08/2018,26.5,23.8,75.0,60.0,1012.1,1013.8,1010.8,174.0,24.48,20/08/2018,28.0,23.8,76.0,96.0,1010.0,1012.1,1008.0,102.0,18.77,21/08/2018,28.6,26.6,84.0,50.0,1008.4,1009.9,1007.6,152.0,21.68,22/08/2018,29.1,27.3,78.0,29.0,1010.0,1011.2,1009.1,151.0,23.47,34.551846,134.60277,0.0,Asia/Tokyo
1821,27,JEBI,20181019,18090402,2018,9,4,2,2,5,333,1342,950,85,2,120,40,2,300,120,Y,28/08/2018,28.1,26.3,89.0,46.0,1013.5,1014.2,1012.9,253.0,22.95,29/08/2018,27.5,26.6,84.0,27.0,1013.7,1014.3,1013.2,247.0,23.85,30/08/2018,27.9,25.9,82.0,76.0,1014.0,1015.2,1013.2,245.0,19.59,31/08/2018,27.8,26.2,88.0,50.0,1012.4,1014.2,1011.2,249.0,22.47,1/09/2018,28.1,24.9,87.0,92.0,1010.5,1012.0,1009.8,268.0,14.37,2/09/2018,26.3,25.1,82.0,76.0,1011.0,1011.6,1010.3,83.0,11.44,3/09/2018,27.4,25.1,86.0,52.0,1008.0,1010.7,1004.2,85.0,18.97,33.286465,134.1677,0.0,Asia/Tokyo
1821,27,JEBI,20181019,18090404,2018,9,4,4,2,5,343,1348,955,85,3,100,40,3,300,120,Y,28/08/2018,30.8,25.4,85.0,78.0,1007.4,1008.2,1006.7,224.0,18.94,29/08/2018,30.4,25.2,86.0,26.0,1007.1,1008.0,1006.5,163.0,22.82,30/08/2018,29.5,24.5,84.0,46.0,1007.2,1008.6,1006.1,175.0,22.04,31/08/2018,30.7,25.9,85.0,65.0,1005.8,1007.0,1004.6,151.0,21.01,1/09/2018,26.2,23.2,92.0,96.0,1004.8,1005.9,1003.8,321.0,9.48,2/09/2018,26.3,23.4,86.0,76.0,1005.2,1005.9,1004.5,148.0,13.63,3/09/2018,29.0,24.1,81.0,18.0,1002.6,1004.8,999.3,155.0,22.65,34.27065,134.83061,51.0,Asia/Tokyo
1824,31,TRAMI,20181203,18093011,2018,9,30,11,2,5,338,1355,960,80,3,150,80,3,350,240,Y,23/09/2018,28.9,18.6,78.0,18.0,998.0,999.3,996.6,56.0,18.84,24/09/2018,27.9,18.1,80.0,71.0,997.7,998.8,996.3,24.0,15.29,25/09/2018,23.0,18.2,90.0,100.0,996.2,997.1,994.8,40.0,5.36,26/09/2018,22.2,15.4,92.0,99.0,995.7,997.8,994.5,42.0,6.49,27/09/2018,22.9,15.4,89.0,63.0,995.1,997.0,993.8,42.0,9.09,28/09/2018,25.6,14.9,70.0,10.0,998.4,1000.4,996.8,59.0,21.15,29/09/2018,22.4,18.8,94.0,98.0,995.9,999.9,992.6,78.0,3.96,33.848858,135.50436,157.0,Asia/Tokyo
1906,8,NARI,20190904,19072622,2019,7,26,22,2,3,341,1363,1000,35,0,0,0,2,210,120,Y,19/07/2019,23.4,22.2,93.0,100.0,996.2,998.2,994.4,170.0,3.68,20/07/2019,24.0,22.3,96.0,100.0,997.2,998.4,995.9,142.0,11.33,21/07/2019,24.8,23.5,95.0,100.0,996.0,997.0,994.6,185.0,11.55,22/07/2019,25.8,23.6,91.0,98.0,992.1,994.7,990.0,196.0,10.99,23/07/2019,25.8,22.9,88.0,64.0,988.7,990.3,987.3,334.0,21.03,24/07/2019,25.9,23.1,87.0,46.0,989.7,990.9,987.8,265.0,20.79,25/07/2019,26.2,24.2,87.0,33.0,992.5,993.7,990.8,177.0,23.52,34.13005,136.29536,154.0,Asia/Tokyo
1908,10,FRANCISCO,20191002,19080520,2019,8,5,20,2,5,319,1315,970,70,9,30,30,9,90,90,Y,29/07/2019,28.9,26.3,90.0,70.0,1013.1,1014.2,1012.1,180.0,21.72,30/07/2019,28.8,25.9,86.0,19.0,1012.0,1013.1,1010.4,183.0,24.28,31/07/2019,28.2,26.0,88.0,2.0,1012.5,1013.6,1011.7,174.0,25.25,1/08/2019,27.5,25.8,90.0,9.0,1012.7,1013.9,1011.6,173.0,26.94,2/08/2019,27.9,25.0,89.0,38.0,1011.6,1012.6,1010.7,53.0,24.31,3/08/2019,28.1,26.6,84.0,31.0,1011.1,1011.7,1010.3,56.0,22.93,4/08/2019,28.2,26.1,86.0,39.0,1010.3,1011.4,1009.0,42.0,21.74,31.880491,131.48015,0.0,Asia/Tokyo
1910,12,KROSA,20210329,19081502,2019,8,15,2,2,4,334,1323,975,50,0,0,0,2,325,270,Y,8/08/2019,27.4,26.2,89.0,33.0,1009.7,1010.8,1008.5,178.0,24.68,9/08/2019,27.1,25.8,86.0,91.0,1008.8,1010.3,1007.7,166.0,20.92,10/08/2019,26.6,25.1,87.0,73.0,1007.6,1008.9,1006.1,162.0,24.92,11/08/2019,27.4,25.1,85.0,88.0,1005.7,1007.4,1003.9,118.0,22.35,12/08/2019,28.7,25.4,89.0,50.0,1003.9,1005.4,1002.8,65.0,23.2,13/08/2019,28.9,26.4,85.0,56.0,1000.4,1002.8,998.5,14.0,19.52,14/08/2019,28.4,26.9,85.0,75.0,992.4,998.4,985.3,26.0,11.66,33.427063,132.27441,0.0,Asia/Tokyo
1910,12,KROSA,20210329,19081506,2019,8,15,6,2,3,343,1326,978,45,0,0,0,2,325,270,Y,8/08/2019,31.2,24.1,79.0,32.0,976.7,977.5,976.0,247.0,25.39,9/08/2019,30.5,23.2,76.0,75.0,975.7,977.1,974.8,255.0,22.2,10/08/2019,32.1,23.6,74.0,93.0,974.6,975.8,973.2,231.0,23.68,11/08/2019,31.8,23.6,73.0,95.0,972.8,974.3,971.0,107.0,23.67,12/08/2019,32.3,24.4,71.0,61.0,971.2,972.5,970.2,96.0,22.11,13/08/2019,32.7,25.9,65.0,39.0,968.6,970.4,966.8,77.0,24.31,14/08/2019,32.1,26.1,74.0,50.0,962.2,967.2,957.2,67.0,15.03,34.27065,132.57214,297.0,Asia/Tokyo
1915,19,FAXAI,20191114,19090817,2019,9,8,17,2,5,351,1395,960,80,3,60,40,3,120,90,Y,1/09/2019,26.8,25.0,86.0,29.0,1016.9,1018.7,1014.5,104.0,22.78,2/09/2019,27.2,24.9,89.0,33.0,1017.1,1018.3,1015.6,214.0,22.85,3/09/2019,26.3,24.7,91.0,62.0,1016.5,1017.4,1015.4,71.0,20.71,4/09/2019,26.0,23.6,86.0,77.0,1017.9,1019.3,1016.6,34.0,18.9,5/09/2019,26.0,23.5,85.0,77.0,1018.2,1019.8,1016.8,27.0,18.76,6/09/2019,27.2,25.2,92.0,44.0,1016.8,1017.6,1015.8,157.0,22.15,7/09/2019,27.6,25.5,91.0,30.0,1015.4,1016.7,1014.2,116.0,21.06,35.114235,139.52867,0.0,Asia/Tokyo
1915,19,FAXAI,20191114,19090819,2019,9,8,19,2,5,355,1399,960,80,3,60,40,3,120,90,Y,1/09/2019,26.9,24.9,82.0,41.0,1016.8,1018.7,1014.1,353.0,20.45,2/09/2019,28.1,24.9,85.0,32.0,1016.9,1018.3,1015.3,215.0,22.44,3/09/2019,27.0,24.6,87.0,89.0,1016.5,1017.6,1015.7,82.0,15.81,4/09/2019,26.2,23.4,83.0,94.0,1018.2,1019.7,1017.0,43.0,10.63,5/09/2019,26.9,24.0,81.0,94.0,1018.2,1019.8,1016.5,24.0,16.03,6/09/2019,28.0,25.6,85.0,48.0,1016.7,1017.7,1015.4,187.0,20.99,7/09/2019,27.9,25.2,88.0,27.0,1015.4,1016.9,1014.0,148.0,18.62,35.536026,139.91014,0.0,Asia/Tokyo
1919,25,HAGIBIS,20191129,19101209,2019,10,12,9,2,5,346,1387,955,80,3,180,140,9,350,350,Y,5/10/2019,26.9,24.0,71.0,8.0,1008.3,1010.8,1005.5,285.0,19.18,6/10/2019,25.3,22.4,75.0,40.0,1015.6,1020.3,1011.2,65.0,17.06,7/10/2019,23.9,21.5,72.0,76.0,1019.3,1021.4,1017.0,68.0,12.51,8/10/2019,25.4,21.8,79.0,73.0,1011.4,1016.1,1008.5,258.0,13.61,9/10/2019,23.7,21.9,64.0,27.0,1014.0,1017.6,1009.3,70.0,18.78,10/10/2019,24.1,21.8,70.0,43.0,1015.9,1017.4,1014.0,64.0,16.69,11/10/2019,25.4,23.4,80.0,100.0,1010.1,1013.6,1003.9,56.0,4.91,34.551846,138.68852,0.0,Asia/Tokyo
2108,11,NEPARTAK,20211102,21072720,2021,7,27,20,2,3,382,1417,994,35,0,0,0,9,150,150,Y,20/07/2021,22.8,21.3,98.0,74.0,1015.5,1016.5,1014.6,140.0,23.98,21/07/2021,22.7,20.8,99.0,100.0,1015.0,1015.6,1014.1,73.0,20.82,22/07/2021,23.6,21.5,97.0,98.0,1013.8,1015.1,1012.7,101.0,19.9,23/07/2021,22.9,20.8,94.0,62.0,1012.5,1013.4,1011.7,153.0,18.05,24/07/2021,23.8,22.4,93.0,19.0,1012.3,1012.9,1011.7,150.0,26.07,25/07/2021,24.3,22.9,92.0,4.0,1011.5,1012.7,1010.2,117.0,26.38,26/07/2021,23.3,22.3,86.0,67.0,1006.7,1010.5,1002.2,28.0,21.12,38.20738,141.74089,0.0,Asia/Tokyo
2109,14,LUPIT,20211104,21080811,2021,8,8,11,2,3,313,1304,988,40,0,0,0,3,325,180,Y,1/08/2021,30.0,23.9,90.0,95.0,987.8,988.8,986.6,169.0,17.19,2/08/2021,30.5,24.8,84.0,43.0,989.5,991.6,988.2,129.0,25.1,3/08/2021,30.3,24.4,81.0,23.0,993.1,995.0,991.5,100.0,23.08,4/08/2021,30.5,24.5,84.0,34.0,993.8,995.0,992.3,90.0,23.29,5/08/2021,30.9,24.6,80.0,21.0,990.9,993.4,989.2,77.0,26.42,6/08/2021,30.2,23.9,80.0,27.0,986.0,988.5,984.0,55.0,22.04,7/08/2021,28.8,24.5,94.0,92.0,987.6,990.1,985.6,109.0,16.22,31.3181,130.44101,133.0,Asia/Tokyo
2109,14,LUPIT,20211104,21080820,2021,8,8,20,2,3,344,1325,984,45,0,0,0,3,325,180,Y,1/08/2021,32.0,23.6,78.0,82.0,1001.7,1003.0,1000.0,184.0,23.96,2/08/2021,32.3,25.3,75.0,88.0,1004.5,1006.4,1002.9,188.0,22.18,3/08/2021,32.7,24.8,74.0,50.0,1008.7,1011.0,1006.7,198.0,26.15,4/08/2021,33.7,25.4,75.0,46.0,1009.6,1011.1,1007.3,189.0,25.12,5/08/2021,35.1,25.1,78.0,26.0,1006.2,1008.7,1003.7,174.0,24.54,6/08/2021,35.0,24.6,69.0,30.0,1002.6,1004.5,1000.7,78.0,22.84,7/08/2021,33.8,25.9,76.0,36.0,1002.2,1003.5,1001.0,31.0,22.42,34.411247,132.45284,5.0,Asia/Tokyo
2114,21,CHANTHU,20211218,21091709,2021,9,17,9,2,4,338,1302,990,50,0,0,0,1,210,180,Y,2021-09-10,26.0,23.7,75.0,94.0,1013.7,1014.4,1013.2,350.0,11.08,2021-09-11,26.3,24.0,75.0,93.0,1012.8,1013.9,1011.0,130.0,11.3,2021-09-12,26.3,24.9,85.0,100.0,1011.8,1014.5,1010.4,65.0,10.09,2021-09-13,25.9,24.4,87.0,100.0,1015.2,1016.2,1013.8,83.0,3.4,2021-09-14,24.9,22.4,87.0,100.0,1012.7,1015.3,1010.8,89.0,2.46,2021-09-15,25.6,23.5,82.0,87.0,1012.2,1013.4,1011.3,60.0,7.38,2021-09-16,26.3,23.7,82.0,84.0,1010.2,1012.7,1008.3,72.0,16.9,33.778557,130.18657,0.0,Asia/Tokyo
2114,21,CHANTHU,20211218,21091715,2021,9,17,15,2,3,338,1325,994,45,0,0,0,1,210,180,Y,10/09/2021,26.2,23.9,84.0,59.0,1013.4,1014.0,1012.8,264.0,19.92,11/09/2021,25.4,24.3,83.0,82.0,1013.0,1013.9,1011.6,245.0,11.6,12/09/2021,25.2,24.5,88.0,99.0,1012.1,1014.8,1011.1,340.0,8.11,13/09/2021,25.4,24.1,86.0,100.0,1016.0,1017.3,1014.4,43.0,6.98,14/09/2021,23.7,22.3,82.0,100.0,1015.2,1017.2,1013.2,56.0,3.59,15/09/2021,26.1,22.9,82.0,98.0,1012.2,1013.7,1010.8,39.0,8.23,16/09/2021,25.5,23.3,80.0,77.0,1011.9,1013.2,1010.8,39.0,14.99,33.778557,132.53732,0.0,Asia/Tokyo
2114,21,CHANTHU,20211218,21091721,2021,9,17,21,2,3,340,1351,996,40,0,0,0,9,180,180,Y,10/09/2021,26.8,23.8,76.0,42.0,1013.2,1014.1,1012.6,18.0,21.9,11/09/2021,26.2,24.7,81.0,72.0,1012.7,1013.6,1012.0,345.0,16.74,12/09/2021,25.2,24.2,85.0,100.0,1012.5,1015.2,1011.3,145.0,3.72,13/09/2021,25.5,23.9,79.0,100.0,1016.3,1017.7,1014.9,10.0,10.0,14/09/2021,23.4,21.9,82.0,100.0,1016.5,1018.0,1014.5,19.0,2.9,15/09/2021,26.0,22.5,83.0,84.0,1013.0,1014.2,1011.5,13.0,8.38,16/09/2021,26.0,22.4,77.0,84.0,1013.5,1014.5,1012.3,66.0,11.47,33.989452,135.05618,0.0,Asia/Tokyo
2204,4,AERE,20221006,22070214,2022,7,2,14,2,3,264,1279,994,45,0,0,0,2,210,100,Y,25/06/2022,29.0,26.3,85.0,91.0,1011.9,1014.3,1010.2,164.0,23.98,26/06/2022,29.0,26.2,85.0,99.0,1014.0,1015.1,1013.1,143.0,23.64,27/06/2022,28.7,27.3,84.0,83.0,1013.3,1015.0,1011.8,135.0,26.82,28/06/2022,28.5,26.6,80.0,86.0,1011.1,1012.2,1009.6,153.0,25.26,29/06/2022,28.7,27.6,78.0,15.0,1010.3,1011.6,1009.1,139.0,27.59,30/06/2022,28.6,27.2,80.0,34.0,1010.6,1011.3,1009.6,112.0,24.03,1/07/2022,28.0,25.7,84.0,98.0,1010.0,1011.2,1008.7,90.0,16.56,26.397186,127.92079,0.0,Asia/Tokyo
2204,4,AERE,20221006,22070420,2022,7,4,20,2,3,330,1297,1000,35,0,0,0,2,100,60,Y,27/06/2022,27.5,21.6,86.0,98.0,974.8,976.1,973.5,177.0,20.68,28/06/2022,27.0,23.3,82.0,89.0,972.2,973.3,971.1,181.0,25.25,29/06/2022,27.2,22.9,82.0,52.0,972.0,973.8,970.4,183.0,25.21,30/06/2022,29.7,22.3,81.0,8.0,974.6,976.4,973.6,175.0,27.26,1/07/2022,31.0,21.7,79.0,4.0,975.4,976.6,973.8,352.0,27.58,2/07/2022,31.4,21.8,79.0,76.0,973.0,974.5,971.1,288.0,23.75,3/07/2022,28.4,23.2,83.0,99.0,970.4,972.0,968.6,133.0,15.25,33.005272,129.75461,346.0,Asia/Tokyo
2208,9,MEARI,20221116,22081305,2022,8,13,5,2,3,345,1380,998,40,0,0,0,3,180,90,Y,6/08/2022,27.3,25.8,81.0,66.0,1009.6,1011.2,1008.3,116.0,22.73,7/08/2022,27.7,25.9,84.0,84.0,1011.7,1013.7,1010.6,114.0,21.97,8/08/2022,28.4,25.2,87.0,78.0,1013.0,1014.0,1012.1,203.0,22.48,9/08/2022,28.4,26.1,87.0,92.0,1012.3,1013.1,1011.0,232.0,23.91,10/08/2022,28.4,27.3,87.0,39.0,1012.0,1012.7,1011.3,221.0,24.13,11/08/2022,28.3,25.6,84.0,81.0,1011.6,1012.3,1011.0,172.0,17.65,12/08/2022,29.3,25.8,83.0,95.0,1010.4,1011.2,1009.9,173.0,17.13,34.551846,138.00757,0.0,Asia/Tokyo
2208,9,MEARI,20221116,22081308,2022,8,13,8,2,3,350,1387,998,40,0,0,0,3,180,90,Y,6/08/2022,27.7,24.9,79.0,80.0,1010.0,1011.8,1008.6,56.0,17.67,7/08/2022,28.1,25.9,83.0,46.0,1011.9,1013.5,1010.8,207.0,20.52,8/08/2022,28.2,25.3,86.0,73.0,1013.0,1014.0,1012.1,215.0,21.46,9/08/2022,28.3,26.7,87.0,77.0,1012.0,1012.8,1010.8,214.0,24.21,10/08/2022,28.3,26.8,87.0,57.0,1011.8,1012.8,1011.1,210.0,23.54,11/08/2022,27.6,25.4,88.0,92.0,1011.9,1012.6,1011.2,220.0,19.6,12/08/2022,26.4,24.7,88.0,99.0,1011.4,1012.2,1010.6,225.0,11.66,34.973637,138.71664,0.0,Asia/Tokyo
2212,16,MUIFA,20221124,22091203,2022,9,12,3,2,5,245,1242,965,75,9,70,70,8,150,120,Y,5/09/2022,29.7,26.6,83.0,100.0,1002.3,1007.8,998.0,216.0,12.52,6/09/2022,29.3,26.0,85.0,92.0,1009.9,1013.2,1006.9,193.0,20.63,7/09/2022,27.8,26.6,83.0,80.0,1013.4,1015.5,1011.6,53.0,20.04,8/09/2022,28.2,26.9,66.0,72.0,1013.2,1015.3,1011.6,28.0,23.04,9/09/2022,28.4,27.3,71.0,55.0,1011.8,1013.6,1010.2,33.0,22.86,10/09/2022,28.3,26.2,83.0,85.0,1009.4,1011.8,1007.3,38.0,16.54,11/09/2022,28.2,25.3,87.0,100.0,1002.7,1007.4,997.0,58.0,3.33,24.49912,124.230774,0.0,Asia/Tokyo
2214,18,NANMADOL,20221219,22091804,2022,9,18,4,2,5,303,1306,930,90,1,140,100,2,400,300,Y,2022-09-11,23.8,20.1,93.0,97.0,922.0,923.3,921.0,57.0,20.04,2022-09-12,23.3,19.5,96.0,93.0,920.0,921.5,918.5,60.0,18.88,2022-09-13,22.6,20.0,98.0,100.0,919.7,920.9,918.3,97.0,16.2,2022-09-14,23.2,20.0,96.0,94.0,920.4,921.5,919.5,98.0,19.74,2022-09-15,23.9,19.8,95.0,88.0,919.3,920.5,918.3,94.0,19.97,2022-09-16,21.9,19.7,97.0,100.0,916.5,918.4,914.9,61.0,16.19,2022-09-17,22.2,20.3,99.0,100.0,909.9,914.6,903.2,53.0,5.03,30.333918,130.62134,818.0,Asia/Tokyo
2214,18,NANMADOL,20221219,22091808,2022,9,18,8,2,5,311,1306,940,85,8,140,100,2,350,300,Y,2022-09-11,29.7,25.7,80.0,77.0,1011.5,1013.4,1009.8,65.0,20.2,2022-09-12,29.5,26.3,77.0,64.0,1009.5,1011.2,1008.1,64.0,20.97,2022-09-13,29.1,26.7,82.0,79.0,1009.0,1010.8,1007.9,84.0,18.89,2022-09-14,29.7,27.1,79.0,43.0,1009.7,1010.5,1008.5,88.0,21.42,2022-09-15,29.5,27.3,79.0,34.0,1008.6,1010.0,1007.2,89.0,21.12,2022-09-16,29.0,26.4,77.0,96.0,1006.3,1008.2,1004.8,56.0,18.45,2022-09-17,27.9,26.0,85.0,100.0,1000.0,1004.5,994.2,43.0,7.91,31.107204,130.61758,0.0,Asia/Tokyo
2214,18,NANMADOL,20221219,22091810,2022,9,18,10,2,5,315,1305,940,85,8,140,100,2,350,300,Y,11/09/2022,31.3,24.3,80.0,70.0,1002.9,1004.7,1001.4,74.0,20.08,12/09/2022,30.7,25.2,77.0,74.0,1001.1,1002.6,999.7,68.0,21.02,13/09/2022,30.6,25.4,81.0,73.0,1000.7,1002.5,999.5,83.0,19.07,14/09/2022,31.4,25.7,77.0,36.0,1001.3,1002.0,1000.1,89.0,20.81,15/09/2022,31.5,26.2,78.0,34.0,1000.1,1001.5,998.7,90.0,20.31,16/09/2022,29.8,25.3,74.0,90.0,998.1,999.7,996.8,62.0,20.25,17/09/2022,28.3,24.8,86.0,98.0,992.6,996.4,987.7,54.0,11.75,31.528997,130.47847,80.0,Asia/Tokyo
2214,18,NANMADOL,20221219,22091818,2022,9,18,18,2,5,332,1304,965,70,8,140,100,2,350,300,Y,2022-09-11,31.1,22.5,82.0,50.0,1011.6,1013.3,1009.5,23.0,21.38,2022-09-12,32.9,23.4,76.0,59.0,1010.2,1011.6,1008.4,42.0,20.15,2022-09-13,32.1,25.4,78.0,89.0,1010.2,1011.8,1008.9,42.0,15.97,2022-09-14,34.0,24.6,74.0,61.0,1010.7,1011.8,1008.8,56.0,20.63,2022-09-15,33.7,24.7,71.0,12.0,1009.0,1011.1,1006.7,81.0,21.14,2022-09-16,32.9,24.6,68.0,73.0,1007.3,1008.7,1005.2,80.0,20.56,2022-09-17,29.5,24.2,73.0,91.0,1003.9,1007.0,1000.5,35.0,11.53,33.14587,130.4059,4.0,Asia/Tokyo
2307,9,LAN,20231114,23081419,2023,8,14,19,2,4,335,1360,975,60,9,70,70,2,150,120,Y,2023-08-07,29.3,25.7,84.0,90.0,1002.1,1003.3,1000.9,116.0,8.93,2023-08-08,29.7,27.0,84.0,83.0,1004.6,1006.8,1002.7,111.0,15.11,2023-08-09,29.4,27.6,84.0,87.0,1007.5,1008.7,1005.9,125.0,17.18,2023-08-10,29.6,28.0,83.0,25.0,1007.8,1008.7,1006.6,125.0,23.63,2023-08-11,29.1,27.7,80.0,26.0,1006.4,1007.8,1004.6,71.0,23.1,2023-08-12,29.2,27.7,72.0,2.0,1003.8,1005.2,1001.9,9.0,25.61,2023-08-13,29.3,26.8,80.0,43.0,1001.7,1002.8,1000.2,35.0,24.42,33.497364,136.00247,0.0,Asia/Tokyo
2307,9,LAN,20231114,23081504,2023,8,15,4,2,4,347,1349,985,50,0,0,0,2,150,120,Y,2023-08-08,34.2,27.0,68.0,69.0,1001.4,1003.4,1000.2,99.0,22.19,2023-08-09,33.5,27.9,69.0,64.0,1003.6,1004.6,1002.5,112.0,23.41,2023-08-10,34.4,27.5,67.0,51.0,1003.3,1004.6,1002.1,147.0,23.3,2023-08-11,33.4,25.9,70.0,19.0,1003.8,1005.0,1001.9,156.0,23.66,2023-08-12,33.1,24.9,70.0,5.0,1001.8,1003.5,999.1,300.0,25.16,2023-08-13,35.4,25.3,67.0,22.0,1000.6,1001.8,998.8,9.0,23.62,2023-08-14,34.4,26.7,71.0,90.0,998.4,1001.0,995.8,11.0,12.35,34.69244,134.9431,19.0,Asia/Tokyo
2405,6,MARIA,20241115,24081123,2024,8,11,23,2,4,389,1418,985,50,0,0,0,1,240,150,Y,2024-08-04,25.6,24.0,91.0,42.0,1008.6,1009.3,1007.9,210.0,22.21,2024-08-05,25.8,24.6,93.0,36.0,1008.3,1009.1,1007.4,188.0,23.42,2024-08-06,25.0,24.0,94.0,25.0,1008.1,1009.0,1007.3,55.0,24.94,2024-08-07,25.5,24.0,93.0,49.0,1005.6,1007.3,1004.1,41.0,23.49,2024-08-08,26.7,24.0,89.0,15.0,1003.7,1004.7,1002.7,198.0,24.18,2024-08-09,25.8,23.8,94.0,19.0,1003.7,1004.5,1002.8,44.0,24.81,2024-08-10,26.1,25.1,86.0,92.0,1002.5,1003.5,1001.6,28.0,18.27,38.910366,141.8331,0.0,Asia/Tokyo
2410,12,SHANSHAN,20241203,24082823,2024,8,28,23,2,5,319,1303,955,75,9,60,60,9,210,210,Y,21/08/2024,33.3,25.0,83.0,84.0,996.1,997.7,994.8,118.0,22.27,22/08/2024,32.0,24.8,84.0,73.0,994.6,995.7,993.4,173.0,22.65,23/08/2024,31.7,25.0,85.0,65.0,994.8,995.8,993.7,143.0,20.94,24/08/2024,33.4,24.3,84.0,64.0,995.0,996.2,994.2,95.0,22.9,25/08/2024,33.0,23.9,86.0,47.0,993.4,994.6,992.2,94.0,21.3,26/08/2024,32.9,23.4,78.0,12.0,989.9,992.1,988.0,77.0,23.0,27/08/2024,32.3,25.1,74.0,17.0,986.8,988.4,985.4,80.0,22.56,31.880491,130.2888,143.0,Asia/Tokyo
2505,7,NARI,20251211,25071417,2025,7,14,17,2,3,420,1432,994,40,0,0,0,3,210,90,Y,2025-07-07,23.8,20.5,96.0,61.0,994.5,996.5,992.5,290.0,22.23,2025-07-08,24.7,19.4,89.0,70.0,997.7,1000.4,996.1,299.0,26.7,2025-07-09,23.3,17.4,74.0,52.0,1002.7,1005.2,1000.8,54.0,28.18,2025-07-10,17.9,14.5,80.0,59.0,1007.3,1010.1,1005.3,63.0,24.24,2025-07-11,15.8,11.6,83.0,51.0,1010.0,1011.0,1009.1,63.0,23.55,2025-07-12,16.3,10.8,81.0,37.0,1004.9,1008.9,1000.2,94.0,26.98,2025-07-13,19.5,11.2,86.0,54.0,997.6,999.7,995.9,277.0,25.73,42.003513,143.18777,85.0,Asia/Tokyo
2508,11,CO-MAY,20251029,25072806,2025,7,28,6,2,3,266,1280,988,40,0,0,0,1,270,150,Y,21/07/2025,29.9,25.7,81.0,79.0,1000.3,1001.6,999.1,109.0,24.09,22/07/2025,30.0,26.0,80.0,52.0,999.1,1000.8,997.6,95.0,24.68,23/07/2025,30.3,25.5,85.0,84.0,996.0,998.4,994.3,85.0,21.21,24/07/2025,27.1,24.5,92.0,92.0,988.8,993.9,985.0,81.0,6.3,25/07/2025,30.1,25.3,91.0,100.0,989.3,992.6,986.6,166.0,17.25,26/07/2025,28.8,25.6,93.0,100.0,989.6,992.2,987.7,171.0,12.29,27/07/2025,29.4,25.9,92.0,100.0,984.4,987.4,983.2,286.0,12.63,26.608084,128.04636,88.0,Asia/Tokyo
2512,17,LINGLING,20251121,25082108,2025,8,21,8,2,3,316,1303,994,45,0,0,0,4,100,60,Y,14/08/2025,29.0,25.4,89.0,62.0,1016.5,1017.4,1015.9,312.0,24.58,15/08/2025,30.2,25.7,90.0,92.0,1014.8,1016.0,1013.5,346.0,23.08,16/08/2025,29.2,26.0,89.0,47.0,1014.2,1015.0,1013.5,194.0,23.59,17/08/2025,29.1,25.9,86.0,51.0,1015.7,1016.4,1014.7,103.0,21.65,18/08/2025,29.2,25.2,87.0,43.0,1015.9,1017.0,1014.5,333.0,24.48,19/08/2025,28.3,25.3,90.0,51.0,1014.4,1016.0,1013.0,62.0,21.66,20/08/2025,28.6,26.2,88.0,68.0,1012.0,1013.5,1010.3,118.0,13.1,31.599297,130.31137,0.0,Asia/Tokyo
2515,20,PEIPAH,20251217,25090416,2025,9,4,16,2,3,330,1324,1000,35,0,0,0,3,270,90,Y,28/08/2025,27.8,25.9,90.0,25.0,1013.2,1014.9,1012.2,331.0,23.85,29/08/2025,27.8,26.2,89.0,48.0,1015.4,1016.6,1014.0,150.0,23.89,30/08/2025,28.6,26.9,87.0,9.0,1015.5,1016.7,1014.3,172.0,24.07,31/08/2025,28.5,26.8,87.0,21.0,1013.2,1015.0,1011.8,161.0,23.61,1/09/2025,29.1,27.2,82.0,8.0,1011.6,1012.6,1010.5,169.0,23.76,2/09/2025,29.0,27.8,81.0,45.0,1011.1,1012.5,1009.7,170.0,21.93,3/09/2025,29.2,25.4,85.0,85.0,1011.1,1012.0,1009.9,135.0,17.14,33.005272,132.4049,0.0,Asia/Tokyo
2515,20,PEIPAH,20251217,25090421,2025,9,4,21,2,3,334,1341,1000,35,0,0,0,2,240,90,Y,28/08/2025,29.4,23.1,83.0,40.0,985.0,986.5,983.8,242.0,23.17,29/08/2025,29.4,23.7,84.0,57.0,987.3,988.6,985.8,275.0,23.75,30/08/2025,29.9,24.4,78.0,6.0,987.3,988.6,986.0,281.0,23.88,31/08/2025,29.7,23.9,78.0,9.0,985.3,986.5,984.0,281.0,23.84,1/09/2025,29.6,23.9,82.0,17.0,984.1,985.3,983.3,267.0,23.34,2/09/2025,30.1,24.2,77.0,26.0,983.4,984.4,982.4,274.0,23.58,3/09/2025,28.4,23.5,88.0,82.0,983.6,984.7,983.0,88.0,16.51,33.356766,134.11111,251.0,Asia/Tokyo
2515,20,PEIPAH,20251217,25090423,2025,9,4,23,2,3,338,1349,1000,40,0,0,0,3,240,90,Y,28/08/2025,28.9,26.4,89.0,41.0,1013.0,1014.6,1012.2,357.0,22.98,29/08/2025,28.9,26.6,89.0,50.0,1015.1,1016.2,1014.0,203.0,23.01,30/08/2025,29.2,26.9,87.0,20.0,1014.9,1016.6,1013.5,228.0,23.01,31/08/2025,29.2,26.7,88.0,8.0,1013.0,1014.1,1011.8,211.0,23.62,1/09/2025,29.1,27.9,81.0,5.0,1011.9,1013.0,1010.8,199.0,23.1,2/09/2025,29.2,28.1,80.0,19.0,1011.2,1012.0,1010.1,197.0,22.95,3/09/2025,28.7,26.8,86.0,78.0,1011.9,1013.0,1011.1,173.0,16.17,33.778557,134.88806,0.0,Asia/Tokyo
2515,20,PEIPAH,20251217,25090503,2025,9,5,3,2,3,347,1372,998,40,0,0,0,4,240,90,Y,29/08/2025,29.5,26.5,83.0,75.0,1015.1,1016.3,1014.1,162.0,22.28,30/08/2025,31.9,27.5,77.0,46.0,1013.7,1015.2,1011.7,262.0,23.09,31/08/2025,31.5,27.9,75.0,11.0,1012.7,1013.4,1011.6,238.0,23.38,1/09/2025,29.8,27.5,81.0,11.0,1012.2,1013.6,1011.2,165.0,22.48,2/09/2025,30.2,27.8,80.0,37.0,1011.3,1012.3,1009.9,198.0,21.22,3/09/2025,30.0,27.3,84.0,76.0,1011.8,1013.6,1010.6,223.0,15.68,4/09/2025,27.4,24.9,90.0,100.0,1013.2,1014.8,1012.5,125.0,6.54,34.69244,137.2187,0.0,Asia/Tokyo
2515,20,PEIPAH,20251217,25090504,2025,9,5,4,2,3,347,1383,994,45,0,0,0,4,240,120,Y,29/08/2025,27.7,25.6,89.0,63.0,1015.2,1016.3,1014.0,208.0,21.94,30/08/2025,28.2,25.4,91.0,18.0,1013.6,1015.1,1012.2,210.0,22.77,31/08/2025,27.3,25.8,93.0,5.0,1012.9,1013.6,1012.2,137.0,23.0,1/09/2025,28.4,25.7,88.0,14.0,1012.6,1013.8,1011.5,219.0,22.08,2/09/2025,28.9,26.8,85.0,65.0,1011.4,1012.4,1009.9,235.0,20.58,3/09/2025,29.3,27.4,87.0,88.0,1011.8,1013.9,1010.6,238.0,16.41,4/09/2025,27.3,24.5,87.0,97.0,1013.7,1014.9,1012.9,190.0,7.64,34.69244,138.3565,0.0,Asia/Tokyo
2515,20,PEIPAH,20251217,25090507,2025,9,5,7,2,3,350,1397,992,45,0,0,0,4,270,150,Y,29/08/2025,27.2,24.8,88.0,54.0,1015.0,1016.2,1013.9,204.0,22.75,30/08/2025,27.3,25.4,94.0,33.0,1013.5,1014.4,1012.2,224.0,23.12,31/08/2025,27.6,26.1,94.0,16.0,1013.1,1014.0,1012.4,161.0,22.73,1/09/2025,28.0,26.8,91.0,2.0,1012.2,1013.4,1011.0,199.0,22.92,2/09/2025,28.3,27.3,87.0,44.0,1010.6,1011.7,1009.1,214.0,21.62,3/09/2025,28.3,27.4,90.0,82.0,1011.4,1013.3,1009.7,219.0,19.01,4/09/2025,27.9,25.8,86.0,100.0,1013.5,1014.9,1012.5,288.0,10.3,35.043934,139.69466,0.0,Asia/Tokyo
