location_id,city/town,latitude,longitude,elevation,utc_offset_seconds,timezone,timezone_abbreviation
0,Aomori,40.808434,140.75284,8.0,0,GMT,GMT
1,Hachinohe,40.52724,141.48305,19.0,0,GMT,GMT
2,Hirosaki,40.597538,140.53748,47.0,0,GMT,GMT
3,Mutsu,41.300526,141.26256,4.0,0,GMT,GMT

location_id,time,wind_direction_10m_dominant (°),surface_pressure_mean (hPa),surface_pressure_max (hPa),surface_pressure_min (hPa)
0,2021-01-01,276,1013.8,1016.5,1010.3
0,2021-01-02,246,1018.3,1020.4,1015.2
0,2021-01-03,247,1020.7,1023.3,1018.6
0,2021-01-04,265,1022.9,1024.1,1021.3
0,2021-01-05,232,1019.7,1022.9,1018.3
0,2021-01-06,124,1011.5,1018.4,1002.9
0,2021-01-07,283,997.6,1005.5,987.0
0,2021-01-08,233,1006.9,1008.6,1005.0
0,2021-01-09,247,1009.4,1013.6,1006.5
0,2021-01-10,250,1016.9,1020.9,1013.5
0,2021-01-11,217,1022.1,1024.2,1017.9
0,2021-01-12,187,1009.9,1017.7,1007.3
0,2021-01-13,236,1010.1,1013.3,1007.8
0,2021-01-14,269,1020.5,1025.6,1012.3
0,2021-01-15,196,1014.1,1025.2,1003.7
0,2021-01-16,260,1011.3,1014.6,1007.8
0,2021-01-17,242,1015.4,1016.9,1013.0
0,2021-01-18,187,1007.6,1015.6,1002.0
0,2021-01-19,282,1021.5,1027.2,1009.7
0,2021-01-20,236,1025.9,1028.6,1022.0
0,2021-01-21,231,1018.0,1021.4,1014.6
0,2021-01-22,289,1020.5,1025.3,1015.8
0,2021-01-23,101,1025.3,1026.4,1024.3
0,2021-01-24,176,1024.4,1025.9,1022.7
0,2021-01-25,203,1027.0,1028.2,1026.0
0,2021-01-26,178,1015.7,1025.7,1007.2
0,2021-01-27,265,1015.8,1020.1,1008.6
0,2021-01-28,119,1004.8,1020.1,991.0
0,2021-01-29,246,999.1,1006.5,993.9
0,2021-01-30,268,1015.9,1022.3,1007.9
0,2021-01-31,257,1026.8,1029.1,1023.6
0,2021-02-01,219,1008.6,1022.6,1001.0
0,2021-02-02,272,1008.9,1012.9,1003.3
0,2021-02-03,264,1014.1,1015.8,1011.9
0,2021-02-04,269,1012.2,1017.3,1008.4
0,2021-02-05,236,1012.9,1016.7,1008.8
0,2021-02-06,233,1009.0,1010.0,1007.5
0,2021-02-07,280,1010.3,1012.0,1008.5
0,2021-02-08,276,1009.5,1011.9,1008.4
0,2021-02-09,257,1014.1,1015.7,1012.2
0,2021-02-10,261,1013.4,1016.8,1012.3
0,2021-02-11,277,1022.9,1028.0,1017.1
0,2021-02-12,130,1027.8,1029.0,1026.7
0,2021-02-13,196,1022.3,1026.9,1018.9
0,2021-02-14,195,1013.5,1018.9,1004.5
0,2021-02-15,248,987.0,1003.0,978.0
0,2021-02-16,256,992.0,994.6,986.9
0,2021-02-17,243,994.7,997.2,993.4
0,2021-02-18,267,1002.9,1007.7,998.0
0,2021-02-19,230,1005.1,1008.9,999.0
0,2021-02-20,251,1002.2,1009.6,996.7
0,2021-02-21,261,1010.6,1012.5,1008.6
0,2021-02-22,286,1004.9,1008.6,1002.3
0,2021-02-23,279,1013.2,1018.6,1008.3
0,2021-02-24,279,1020.5,1024.3,1017.6
0,2021-02-25,240,1020.9,1024.3,1016.8
0,2021-02-26,274,1023.0,1028.7,1020.4
0,2021-02-27,235,1031.5,1033.1,1029.5
0,2021-02-28,211,1025.8,1031.6,1022.1
0,2021-03-01,160,1013.9,1021.8,1002.2
0,2021-03-02,286,1011.6,1026.2,999.5
0,2021-03-03,246,1030.4,1032.1,1027.5
0,2021-03-04,205,1025.2,1031.2,1021.8
0,2021-03-05,220,1017.6,1020.9,1014.0
0,2021-03-06,281,1026.2,1029.6,1020.9
0,2021-03-07,232,1026.8,1029.5,1025.1
0,2021-03-08,232,1026.0,1027.2,1024.4
0,2021-03-09,233,1018.4,1025.9,1011.6
0,2021-03-10,252,1023.4,1027.7,1016.9
0,2021-03-11,216,1024.7,1027.7,1023.2
0,2021-03-12,165,1023.3,1024.8,1021.3
0,2021-03-13,62,1011.7,1020.4,1005.0
0,2021-03-14,209,1008.7,1012.0,1006.2
0,2021-03-15,218,1012.1,1014.8,1008.6
0,2021-03-16,235,1005.4,1009.2,1001.1
0,2021-03-17,244,1014.4,1017.6,1010.3
0,2021-03-18,253,1019.1,1021.4,1017.4
0,2021-03-19,253,1022.6,1024.9,1020.7
0,2021-03-20,105,1015.7,1024.2,1006.7
0,2021-03-21,249,999.5,1006.0,995.8
0,2021-03-22,241,1010.1,1016.9,1003.8
0,2021-03-23,223,1017.4,1019.2,1016.2
0,2021-03-24,212,1019.7,1020.8,1018.8
0,2021-03-25,207,1014.6,1018.8,1012.0
0,2021-03-26,243,1018.0,1023.1,1013.2
0,2021-03-27,193,1018.6,1023.2,1014.0
0,2021-03-28,181,1005.7,1013.8,1000.6
0,2021-03-29,221,1003.0,1008.6,998.2
0,2021-03-30,219,1010.3,1013.6,1007.9
0,2021-03-31,234,1015.6,1020.7,1011.6
0,2021-04-01,253,1025.4,1028.9,1021.3
0,2021-04-02,88,1024.3,1028.5,1020.1
0,2021-04-03,223,1014.6,1019.6,1012.3
0,2021-04-04,54,1010.0,1014.3,1007.5
0,2021-04-05,90,1018.9,1021.5,1015.2
0,2021-04-06,107,1016.9,1021.7,1014.0
0,2021-04-07,273,1012.7,1014.6,1011.0
0,2021-04-08,262,1014.4,1015.3,1013.6
0,2021-04-09,260,1022.7,1029.9,1016.5
0,2021-04-10,239,1032.1,1034.3,1030.2
0,2021-04-11,261,1032.9,1034.7,1031.4
0,2021-04-12,106,1023.2,1031.0,1014.8
0,2021-04-13,234,1007.3,1012.4,1003.8
0,2021-04-14,263,1013.3,1018.5,1008.8
0,2021-04-15,238,1022.2,1025.0,1018.6
0,2021-04-16,190,1020.0,1022.9,1017.2
0,2021-04-17,60,1007.4,1017.8,992.5
0,2021-04-18,233,992.0,1002.0,986.1
0,2021-04-19,231,1005.5,1008.5,1001.3
0,2021-04-20,237,1013.8,1018.0,1007.3
0,2021-04-21,249,1018.5,1020.0,1017.2
0,2021-04-22,58,1022.5,1024.6,1019.8
0,2021-04-23,219,1021.8,1024.2,1019.0
0,2021-04-24,239,1014.4,1018.9,1010.8
0,2021-04-25,286,1015.3,1019.9,1012.0
0,2021-04-26,255,1021.2,1022.9,1018.7
0,2021-04-27,242,1019.6,1022.7,1016.8
0,2021-04-28,214,1014.2,1016.5,1013.1
0,2021-04-29,42,1004.9,1013.0,997.0
0,2021-04-30,251,1003.3,1008.9,998.0
0,2021-05-01,65,1003.5,1008.4,999.7
0,2021-05-02,262,1002.7,1006.1,999.0
0,2021-05-03,248,1008.8,1011.8,1003.3
0,2021-05-04,255,1014.0,1017.1,1011.1
0,2021-05-05,217,1010.0,1013.6,1006.1
0,2021-05-06,220,1013.9,1015.4,1011.4
0,2021-05-07,211,1004.0,1011.3,1000.4
0,2021-05-08,225,1001.6,1004.0,997.7
0,2021-05-09,235,1000.1,1003.8,997.0
0,2021-05-10,251,1010.5,1013.9,1005.1
0,2021-05-11,254,1017.3,1022.0,1014.1
0,2021-05-12,49,1018.3,1021.6,1016.3
0,2021-05-13,27,1013.2,1016.0,1011.9
0,2021-05-14,240,1015.0,1016.9,1012.7
0,2021-05-15,138,1012.1,1016.5,1009.9
0,2021-05-16,218,1002.0,1009.0,995.9
0,2021-05-17,243,1002.6,1009.1,995.5
0,2021-05-18,290,1010.4,1011.5,1009.7
0,2021-05-19,261,1011.0,1014.7,1009.0
0,2021-05-20,27,1010.5,1014.7,1004.7
0,2021-05-21,100,1002.8,1004.3,1001.4
0,2021-05-22,104,1003.7,1004.6,1002.7
0,2021-05-23,285,1005.8,1007.0,1004.3
0,2021-05-24,235,1003.1,1006.7,1000.4
0,2021-05-25,253,1001.5,1004.7,1000.0
0,2021-05-26,239,1008.3,1010.4,1005.7
0,2021-05-27,360,1000.9,1007.4,996.8
0,2021-05-28,111,1001.6,1004.2,996.3
0,2021-05-29,225,1000.7,1004.5,997.0
0,2021-05-30,260,1009.1,1013.5,1004.5
0,2021-05-31,257,1015.1,1017.3,1013.0
0,2021-06-01,25,1017.1,1017.9,1016.3
0,2021-06-02,33,1016.2,1017.7,1014.6
0,2021-06-03,94,1007.0,1015.5,996.3
0,2021-06-04,208,997.1,1000.8,992.1
0,2021-06-05,212,1002.1,1004.6,1000.2
0,2021-06-06,222,1007.8,1012.2,1004.1
0,2021-06-07,254,1012.5,1013.4,1011.9
0,2021-06-08,246,1013.3,1016.2,1011.1
0,2021-06-09,254,1017.2,1018.4,1016.2
0,2021-06-10,265,1017.4,1018.4,1016.0
0,2021-06-11,228,1015.0,1016.6,1014.2
0,2021-06-12,224,1012.6,1014.2,1011.7
0,2021-06-13,264,1009.5,1011.7,1008.0
0,2021-06-14,289,1006.7,1008.5,1005.9
0,2021-06-15,65,1006.8,1007.9,1005.9
0,2021-06-16,95,1007.7,1008.6,1007.0
0,2021-06-17,72,1005.7,1007.8,1004.2
0,2021-06-18,29,1002.6,1004.2,1001.5
0,2021-06-19,92,998.6,1001.3,996.8
0,2021-06-20,227,1000.5,1003.1,997.7
0,2021-06-21,114,1005.6,1008.1,1003.4
0,2021-06-22,85,1009.0,1010.7,1007.8
0,2021-06-23,113,1010.7,1011.7,1010.0
0,2021-06-24,262,1012.3,1013.4,1011.3
0,2021-06-25,278,1012.6,1013.5,1012.0
0,2021-06-26,297,1012.7,1013.8,1012.0
0,2021-06-27,30,1008.2,1011.8,1006.2
0,2021-06-28,53,1005.8,1006.7,1005.2
0,2021-06-29,74,1006.7,1010.3,1004.4
0,2021-06-30,10,1011.3,1012.7,1010.5
0,2021-07-01,335,1011.1,1012.1,1009.4
0,2021-07-02,85,1010.1,1011.4,1009.2
0,2021-07-03,78,1011.5,1012.9,1010.2
0,2021-07-04,74,1009.3,1012.7,1005.6
0,2021-07-05,229,1005.3,1007.8,1003.3
0,2021-07-06,267,1008.8,1009.9,1008.0
0,2021-07-07,55,1008.0,1008.8,1007.0
0,2021-07-08,96,1008.0,1008.9,1007.4
0,2021-07-09,94,1007.0,1008.0,1006.1
0,2021-07-10,330,1008.3,1010.0,1006.6
0,2021-07-11,358,1009.8,1010.8,1008.8
0,2021-07-12,32,1011.5,1013.2,1010.0
0,2021-07-13,69,1014.2,1016.3,1012.9
0,2021-07-14,56,1016.5,1019.1,1015.1
0,2021-07-15,15,1018.5,1019.7,1017.6
0,2021-07-16,199,1017.7,1019.6,1016.8
0,2021-07-17,232,1015.2,1016.5,1014.5
0,2021-07-18,238,1014.6,1015.7,1013.9
0,2021-07-19,236,1015.3,1016.1,1014.6
0,2021-07-20,255,1014.6,1015.9,1013.5
0,2021-07-21,38,1013.4,1014.8,1012.8
0,2021-07-22,12,1011.5,1013.3,1010.6
0,2021-07-23,19,1010.7,1011.8,1009.7
0,2021-07-24,28,1010.6,1011.6,1009.9
0,2021-07-25,61,1008.9,1011.1,1007.8
0,2021-07-26,75,1005.6,1008.1,1003.2
0,2021-07-27,57,1001.9,1003.1,1000.6
0,2021-07-28,77,999.8,1001.8,996.5
0,2021-07-29,14,1001.7,1002.6,1000.8
0,2021-07-30,40,1002.6,1004.5,1001.5
0,2021-07-31,67,1003.0,1004.3,1001.8
0,2021-08-01,60,1003.1,1006.1,1001.4
0,2021-08-02,11,1008.0,1009.9,1005.9
0,2021-08-03,252,1010.3,1011.0,1009.6
0,2021-08-04,233,1008.4,1010.4,1007.4
0,2021-08-05,282,1006.3,1007.8,1005.8
0,2021-08-06,33,1005.3,1006.1,1004.1
0,2021-08-07,355,1003.9,1005.4,1003.0
0,2021-08-08,72,1002.8,1004.0,1001.8
0,2021-08-09,78,995.6,1003.5,987.4
0,2021-08-10,42,1001.4,1009.4,990.7
0,2021-08-11,108,1012.9,1014.1,1011.0
0,2021-08-12,107,1012.1,1014.6,1010.9
0,2021-08-13,108,1011.1,1012.6,1009.7
0,2021-08-14,86,1011.0,1013.2,1010.0
0,2021-08-15,103,1015.3,1017.3,1013.5
0,2021-08-16,92,1016.4,1017.3,1015.3
0,2021-08-17,104,1011.9,1016.3,1006.1
0,2021-08-18,210,1008.1,1013.5,1004.8
0,2021-08-19,259,1015.5,1017.6,1013.8
0,2021-08-20,19,1016.6,1018.1,1015.5
0,2021-08-21,28,1013.1,1015.8,1010.9
0,2021-08-22,215,1009.3,1011.7,1007.6
0,2021-08-23,244,1010.0,1012.0,1008.2
0,2021-08-24,86,1007.1,1010.9,1002.9
0,2021-08-25,218,1005.7,1008.9,1003.2
0,2021-08-26,253,1009.7,1011.2,1008.6
0,2021-08-27,233,1009.9,1011.4,1009.1
0,2021-08-28,226,1008.9,1010.9,1007.0
0,2021-08-29,227,1010.6,1011.6,1009.8
0,2021-08-30,236,1010.9,1011.9,1009.7
0,2021-08-31,246,1012.9,1014.2,1011.9
0,2021-09-01,244,1011.2,1013.3,1010.2
0,2021-09-02,77,1010.5,1012.2,1009.4
0,2021-09-03,101,1013.1,1015.2,1011.7
0,2021-09-04,86,1017.4,1019.4,1015.3
0,2021-09-05,83,1019.8,1020.7,1019.0
0,2021-09-06,88,1018.8,1020.1,1018.0
0,2021-09-07,107,1015.4,1018.0,1012.8
0,2021-09-08,145,1010.7,1012.0,1009.4
0,2021-09-09,222,1011.5,1013.9,1009.2
0,2021-09-10,233,1013.1,1014.3,1012.1
0,2021-09-11,227,1009.8,1012.2,1008.5
0,2021-09-12,231,1008.9,1013.2,1006.6
0,2021-09-13,268,1017.7,1019.7,1014.6
0,2021-09-14,73,1017.9,1019.8,1016.8
0,2021-09-15,87,1018.1,1019.1,1016.8
0,2021-09-16,120,1016.4,1018.8,1014.6
0,2021-09-17,18,1011.7,1015.2,1008.0
0,2021-09-18,260,1010.1,1014.2,1007.1
0,2021-09-19,228,1015.7,1017.8,1013.6
0,2021-09-20,237,1016.9,1018.6,1015.1
0,2021-09-21,222,1010.7,1014.8,1007.3
0,2021-09-22,208,1007.7,1009.1,1006.2
0,2021-09-23,221,1010.8,1015.6,1008.3
0,2021-09-24,63,1022.6,1026.6,1017.4
0,2021-09-25,80,1025.2,1026.8,1022.9
0,2021-09-26,124,1020.2,1022.8,1019.1
0,2021-09-27,126,1018.3,1019.6,1017.5
0,2021-09-28,119,1015.7,1017.8,1014.9
0,2021-09-29,196,1009.7,1015.3,1005.4
0,2021-09-30,217,1006.9,1009.0,1003.9
0,2021-10-01,84,1004.8,1007.8,1003.7
0,2021-10-02,253,1012.3,1021.3,1006.3
0,2021-10-03,218,1020.8,1022.7,1018.8
0,2021-10-04,223,1018.8,1019.7,1018.0
0,2021-10-05,67,1016.7,1019.8,1013.1
0,2021-10-06,251,1020.2,1021.2,1018.4
0,2021-10-07,91,1017.2,1021.4,1014.4
0,2021-10-08,256,1023.8,1028.3,1020.0
0,2021-10-09,91,1025.6,1029.3,1021.2
0,2021-10-10,219,1014.2,1021.4,1008.8
0,2021-10-11,247,1020.2,1025.8,1013.7
0,2021-10-12,75,1026.4,1027.1,1025.1
0,2021-10-13,102,1023.0,1026.7,1019.2
0,2021-10-14,226,1014.8,1020.6,1012.4
0,2021-10-15,223,1016.3,1018.3,1013.4
0,2021-10-16,251,1011.5,1016.7,1007.2
0,2021-10-17,255,1018.6,1024.0,1013.2
0,2021-10-18,188,1022.8,1024.8,1019.0
0,2021-10-19,185,1008.1,1017.4,1000.9
0,2021-10-20,270,1004.9,1013.1,997.0
0,2021-10-21,242,1016.8,1019.1,1013.3
0,2021-10-22,213,1016.0,1018.4,1014.8
0,2021-10-23,231,1020.6,1023.2,1017.6
0,2021-10-24,226,1024.1,1025.6,1022.1
0,2021-10-25,141,1021.8,1025.2,1019.1
0,2021-10-26,191,1015.5,1019.2,1013.9
0,2021-10-27,209,1012.5,1015.4,1010.3
0,2021-10-28,239,1017.2,1021.8,1012.9
0,2021-10-29,353,1022.4,1025.2,1020.5
0,2021-10-30,214,1024.9,1025.8,1023.5
0,2021-10-31,201,1022.3,1024.3,1021.5
0,2021-11-01,89,1019.2,1022.3,1016.0
0,2021-11-02,183,1013.3,1016.2,1011.9
0,2021-11-03,115,1012.4,1013.7,1011.0
0,2021-11-04,221,1015.0,1017.5,1012.7
0,2021-11-05,108,1019.6,1021.9,1017.3
0,2021-11-06,179,1022.1,1025.0,1020.5
0,2021-11-07,209,1024.4,1025.4,1023.3
0,2021-11-08,108,1016.6,1023.4,1008.4
0,2021-11-09,231,1001.3,1007.4,997.0
0,2021-11-10,213,996.3,999.0,994.9
0,2021-11-11,226,1002.8,1005.7,999.0
0,2021-11-12,224,1008.4,1012.7,1004.9
0,2021-11-13,223,1015.2,1016.5,1012.8
0,2021-11-14,215,1012.7,1015.5,1011.2
0,2021-11-15,257,1017.3,1019.8,1014.6
0,2021-11-16,240,1019.6,1021.3,1017.4
0,2021-11-17,217,1020.1,1021.3,1017.2
0,2021-11-18,211,1013.7,1016.9,1012.8
0,2021-11-19,252,1014.1,1020.3,1008.4
0,2021-11-20,238,1021.6,1022.6,1019.8
0,2021-11-21,169,1018.3,1023.1,1010.6
0,2021-11-22,234,999.9,1008.7,994.4
0,2021-11-23,224,1000.0,1001.9,998.4
0,2021-11-24,243,1005.1,1008.0,1001.9
0,2021-11-25,252,1008.8,1012.1,1006.6
0,2021-11-26,236,1013.9,1016.5,1011.7
0,2021-11-27,226,1022.5,1028.2,1017.3
0,2021-11-28,215,1028.0,1029.2,1025.6
0,2021-11-29,205,1022.0,1025.5,1020.7
0,2021-11-30,181,1007.3,1020.9,991.8
0,2021-12-01,249,997.9,1005.9,992.1
0,2021-12-02,228,1011.6,1015.0,1007.0
0,2021-12-03,229,1008.4,1011.8,1005.6
0,2021-12-04,257,1017.2,1026.8,1010.9
0,2021-12-05,213,1029.3,1030.8,1027.3
0,2021-12-06,194,1025.9,1028.9,1024.4
0,2021-12-07,50,1023.4,1025.0,1022.7
0,2021-12-08,56,1027.6,1030.7,1024.4
0,2021-12-09,116,1028.9,1031.3,1026.6
0,2021-12-10,212,1022.4,1026.4,1020.2
0,2021-12-11,226,1018.0,1020.2,1013.4
0,2021-12-12,245,1005.8,1012.7,1003.5
0,2021-12-13,266,1013.6,1019.1,1007.8
0,2021-12-14,217,1014.4,1018.9,1011.8
0,2021-12-15,232,1016.4,1018.6,1012.5
0,2021-12-16,206,1009.3,1017.9,1000.6
0,2021-12-17,286,999.3,1005.9,994.2
0,2021-12-18,261,1009.8,1011.9,1007.2
0,2021-12-19,232,1010.6,1013.8,1009.0
0,2021-12-20,216,1010.3,1014.8,1005.4
0,2021-12-21,266,1008.3,1012.7,1006.0
0,2021-12-22,258,1016.0,1019.2,1013.5
0,2021-12-23,272,1020.4,1021.5,1019.0
0,2021-12-24,287,1016.2,1020.9,1012.0
0,2021-12-25,267,1009.1,1012.1,1007.4
0,2021-12-26,220,1009.3,1011.7,1004.5
0,2021-12-27,249,1011.6,1016.1,1010.2
0,2021-12-28,248,1019.5,1020.9,1017.7
0,2021-12-29,214,1009.8,1017.6,1007.0
0,2021-12-30,286,1007.2,1008.3,1005.2
0,2021-12-31,283,1009.0,1012.1,1007.6
0,2022-01-01,253,1018.3,1021.4,1012.6
0,2022-01-02,252,1012.5,1018.6,1008.1
0,2022-01-03,275,1012.4,1014.9,1010.6
0,2022-01-04,283,1014.3,1018.3,1011.3
0,2022-01-05,221,1022.5,1024.2,1019.5
0,2022-01-06,211,1018.0,1023.5,1013.5
0,2022-01-07,259,1018.7,1020.5,1015.2
0,2022-01-08,214,1014.2,1020.1,1009.8
0,2022-01-09,266,1017.4,1020.8,1012.7
0,2022-01-10,201,1017.3,1021.3,1008.3
0,2022-01-11,226,995.7,1006.8,989.4
0,2022-01-12,261,993.9,999.1,985.3
0,2022-01-13,258,996.9,999.2,995.2
0,2022-01-14,269,1006.1,1014.4,999.9
0,2022-01-15,241,1017.1,1019.3,1015.2
0,2022-01-16,225,1010.5,1015.8,1008.0
0,2022-01-17,242,1008.2,1010.9,1006.1
0,2022-01-18,218,1011.3,1015.8,1007.1
0,2022-01-19,157,1012.6,1015.9,1009.5
0,2022-01-20,88,1013.9,1017.6,1010.0
0,2022-01-21,292,1020.9,1023.3,1018.5
0,2022-01-22,240,1022.9,1023.9,1021.4
0,2022-01-23,268,1016.0,1021.1,1012.3
0,2022-01-24,268,1017.4,1019.9,1014.9
0,2022-01-25,211,1019.0,1020.3,1017.2
0,2022-01-26,243,1014.0,1017.1,1012.8
0,2022-01-27,261,1014.2,1015.2,1013.5
0,2022-01-28,262,1011.2,1013.7,1010.4
0,2022-01-29,259,1010.0,1011.4,1008.3
0,2022-01-30,274,1011.7,1012.7,1010.8
0,2022-01-31,266,1014.3,1016.4,1010.8
0,2022-02-01,242,1012.3,1016.0,1011.2
0,2022-02-02,252,1013.9,1014.6,1013.1
0,2022-02-03,265,1012.5,1013.1,1011.5
0,2022-02-04,248,1008.2,1012.3,1005.2
0,2022-02-05,258,1006.6,1008.9,1004.4
0,2022-02-06,264,1012.5,1016.9,1008.7
0,2022-02-07,253,1019.6,1021.4,1017.6
0,2022-02-08,253,1021.5,1023.8,1019.5
0,2022-02-09,246,1024.0,1025.4,1023.3
0,2022-02-10,76,1021.5,1023.3,1020.2
0,2022-02-11,95,1022.8,1023.5,1022.0
0,2022-02-12,242,1020.5,1022.8,1019.1
0,2022-02-13,250,1020.7,1022.3,1019.0
0,2022-02-14,136,1017.9,1019.5,1015.4
0,2022-02-15,132,1006.7,1014.7,1003.3
0,2022-02-16,129,1004.3,1006.2,1002.6
0,2022-02-17,90,1012.1,1020.7,1006.8
0,2022-02-18,257,1023.9,1025.7,1021.5
0,2022-02-19,198,1013.5,1023.9,1004.7
0,2022-02-20,282,1002.6,1005.1,1001.7
0,2022-02-21,270,1009.2,1011.6,1004.9
0,2022-02-22,263,1013.7,1016.1,1011.2
0,2022-02-23,254,1016.3,1017.2,1015.6
0,2022-02-24,254,1014.2,1016.0,1013.0
0,2022-02-25,237,1014.6,1016.0,1013.2
0,2022-02-26,223,1008.1,1014.0,1002.8
0,2022-02-27,250,1009.0,1014.1,1001.4
0,2022-02-28,244,1016.0,1019.0,1013.2
0,2022-03-01,240,1007.3,1012.4,1004.2
0,2022-03-02,233,1007.4,1009.6,1000.4
0,2022-03-03,253,1009.5,1016.4,1001.2
0,2022-03-04,218,1011.9,1016.6,1001.1
0,2022-03-05,228,997.5,1000.2,995.3
0,2022-03-06,266,1001.5,1012.4,995.5
0,2022-03-07,258,1015.0,1016.3,1012.8
0,2022-03-08,238,1017.6,1020.5,1015.4
0,2022-03-09,217,1021.2,1022.7,1019.4
0,2022-03-10,207,1020.3,1022.8,1017.2
0,2022-03-11,218,1012.0,1016.7,1009.4
0,2022-03-12,253,1017.8,1019.8,1014.5
0,2022-03-13,67,1013.0,1017.8,1010.2
0,2022-03-14,106,1009.7,1013.9,1000.3
0,2022-03-15,225,1006.9,1014.4,997.9
0,2022-03-16,253,1014.3,1017.0,1012.5
0,2022-03-17,266,1019.9,1021.1,1017.5
0,2022-03-18,66,1010.3,1020.6,1000.5
0,2022-03-19,326,1001.2,1008.0,999.0
0,2022-03-20,260,1014.0,1018.1,1009.0
0,2022-03-21,252,1021.1,1022.5,1018.1
0,2022-03-22,220,1020.0,1021.7,1018.8
0,2022-03-23,208,1016.3,1019.5,1014.1
0,2022-03-24,231,1018.0,1025.2,1013.6
0,2022-03-25,172,1021.8,1026.5,1015.1
0,2022-03-26,218,1000.6,1013.9,991.9
0,2022-03-27,243,1007.8,1014.2,1004.3
0,2022-03-28,243,1023.9,1029.9,1015.6
0,2022-03-29,215,1023.5,1029.7,1019.1
0,2022-03-30,261,1018.5,1019.5,1017.5
0,2022-03-31,283,1019.4,1021.1,1016.9
0,2022-04-01,269,1023.5,1026.3,1020.1
0,2022-04-02,232,1027.5,1029.6,1025.6
0,2022-04-03,257,1028.9,1030.0,1028.0
0,2022-04-04,163,1025.1,1028.9,1022.3
0,2022-04-05,208,1016.9,1022.0,1013.2
0,2022-04-06,237,1017.7,1020.8,1012.7
0,2022-04-07,41,1012.0,1020.1,1005.9
0,2022-04-08,231,1016.0,1017.5,1012.5
0,2022-04-09,213,1012.2,1016.3,1008.4
0,2022-04-10,210,1014.8,1016.2,1013.2
0,2022-04-11,207,1012.5,1014.8,1010.8
0,2022-04-12,230,1009.1,1011.9,1007.6
0,2022-04-13,155,1018.0,1023.1,1011.9
0,2022-04-14,97,1019.0,1023.0,1015.8
0,2022-04-15,75,1013.2,1016.3,1010.8
0,2022-04-16,212,1012.5,1015.4,1008.6
0,2022-04-17,218,1016.5,1017.7,1014.8
0,2022-04-18,226,1014.1,1016.3,1012.5
0,2022-04-19,188,1017.5,1019.0,1015.7
0,2022-04-20,208,1016.4,1018.0,1015.5
0,2022-04-21,211,1012.9,1016.6,1008.7
0,2022-04-22,230,1005.5,1008.6,1004.0
0,2022-04-23,245,1012.3,1015.1,1006.0
0,2022-04-24,238,1009.9,1013.0,1007.9
0,2022-04-25,283,1012.7,1014.9,1009.5
0,2022-04-26,235,1000.3,1009.2,992.6
0,2022-04-27,240,1012.4,1019.0,1002.3
0,2022-04-28,275,1019.0,1020.4,1017.9
0,2022-04-29,103,1014.7,1017.8,1012.6
0,2022-04-30,240,1014.3,1016.8,1009.9
0,2022-05-01,220,1008.8,1010.5,1007.9
0,2022-05-02,250,1009.9,1013.3,1007.9
0,2022-05-03,225,1013.0,1015.3,1009.6
0,2022-05-04,236,1016.2,1020.5,1008.9
0,2022-05-05,208,1019.9,1020.6,1019.2
0,2022-05-06,229,1016.3,1019.8,1013.8
0,2022-05-07,243,1011.6,1015.0,1008.5
0,2022-05-08,244,1015.2,1016.2,1013.4
0,2022-05-09,237,1017.2,1019.7,1015.2
0,2022-05-10,257,1019.7,1021.0,1018.9
0,2022-05-11,305,1016.2,1018.5,1015.2
0,2022-05-12,25,1012.7,1015.9,1010.0
0,2022-05-13,0,1003.8,1010.6,997.5
0,2022-05-14,246,1003.2,1007.5,995.8
0,2022-05-15,231,1010.2,1012.5,1007.7
0,2022-05-16,227,1011.9,1013.5,1009.9
0,2022-05-17,42,1015.2,1017.4,1012.7
0,2022-05-18,210,1016.0,1017.8,1014.5
0,2022-05-19,222,1012.6,1014.7,1011.5
0,2022-05-20,216,1011.4,1012.5,1010.6
0,2022-05-21,111,1008.5,1010.8,1006.1
0,2022-05-22,53,1006.2,1008.6,1004.8
0,2022-05-23,257,1012.5,1015.3,1009.0
0,2022-05-24,282,1014.4,1016.2,1013.0
0,2022-05-25,21,1009.9,1013.1,1008.4
0,2022-05-26,17,1004.5,1008.4,1000.8
0,2022-05-27,220,997.0,1000.2,995.7
0,2022-05-28,252,999.8,1003.4,996.3
0,2022-05-29,249,1005.7,1008.0,1003.4
0,2022-05-30,98,1005.0,1007.5,1002.5
0,2022-05-31,189,1002.0,1006.2,999.5
0,2022-06-01,254,1007.0,1008.6,1005.9
0,2022-06-02,3,1006.7,1008.1,1005.9
0,2022-06-03,282,1009.7,1012.0,1007.7
0,2022-06-04,250,1012.0,1012.9,1011.3
0,2022-06-05,92,1010.8,1011.9,1008.5
0,2022-06-06,85,1004.2,1008.1,1002.1
0,2022-06-07,85,1007.9,1010.7,1004.4
0,2022-06-08,39,1013.0,1015.9,1010.5
0,2022-06-09,27,1015.6,1016.5,1014.7
0,2022-06-10,9,1015.8,1016.7,1014.3
0,2022-06-11,43,1013.3,1016.4,1011.6
0,2022-06-12,330,1010.4,1013.5,1008.6
0,2022-06-13,81,1016.2,1017.7,1013.8
0,2022-06-14,74,1015.4,1017.8,1013.9
0,2022-06-15,224,1008.2,1012.9,1004.9
0,2022-06-16,234,1005.7,1007.3,1004.6
0,2022-06-17,235,1007.7,1008.6,1006.6
0,2022-06-18,229,1007.0,1008.4,1005.7
0,2022-06-19,223,1003.1,1005.8,1001.6
0,2022-06-20,256,1004.8,1008.3,1002.4
0,2022-06-21,47,1008.3,1009.4,1007.2
0,2022-06-22,53,1008.8,1009.9,1007.6
0,2022-06-23,6,1006.0,1010.2,999.1
0,2022-06-24,213,997.2,1000.5,995.4
0,2022-06-25,215,1004.3,1008.2,1000.5
0,2022-06-26,213,1008.3,1009.4,1007.2
0,2022-06-27,247,1008.8,1010.8,1007.5
0,2022-06-28,216,1005.1,1008.4,1002.5
0,2022-06-29,226,1005.6,1008.9,1003.9
0,2022-06-30,313,1011.7,1014.3,1009.2
0,2022-07-01,274,1014.4,1014.9,1014.0
0,2022-07-02,246,1012.0,1014.0,1010.6
0,2022-07-03,233,1008.2,1010.6,1007.0
0,2022-07-04,219,1007.9,1009.0,1006.8
0,2022-07-05,51,1008.2,1009.1,1007.6
0,2022-07-06,79,1010.5,1012.2,1009.1
0,2022-07-07,84,1010.6,1012.5,1008.9
0,2022-07-08,80,1007.4,1010.0,1006.6
0,2022-07-09,67,1005.0,1006.5,1004.2
0,2022-07-10,66,1006.7,1008.3,1005.4
0,2022-07-11,12,1007.6,1008.5,1006.0
0,2022-07-12,88,1007.0,1008.2,1005.7
0,2022-07-13,93,1006.2,1007.9,1005.1
0,2022-07-14,104,1003.4,1005.4,1001.5
0,2022-07-15,111,1002.5,1003.7,1001.2
0,2022-07-16,74,1003.1,1004.6,1001.1
0,2022-07-17,263,1000.0,1001.8,998.7
0,2022-07-18,242,1002.7,1004.2,1001.7
0,2022-07-19,49,999.9,1002.4,998.3
0,2022-07-20,255,1003.8,1005.1,1002.2
0,2022-07-21,269,1003.9,1005.6,1002.0
0,2022-07-22,67,1000.1,1002.7,998.6
0,2022-07-23,316,1003.2,1006.4,1000.7
0,2022-07-24,258,1008.4,1009.9,1007.2
0,2022-07-25,356,1010.1,1010.8,1009.1
0,2022-07-26,1,1010.1,1011.3,1009.3
0,2022-07-27,249,1012.0,1013.9,1010.5
0,2022-07-28,261,1014.8,1015.9,1013.5
0,2022-07-29,7,1015.1,1016.4,1014.5
0,2022-07-30,237,1012.6,1014.6,1011.6
0,2022-07-31,266,1012.0,1012.9,1010.9
0,2022-08-01,223,1010.1,1012.5,1007.5
0,2022-08-02,231,1009.0,1011.2,1005.7
0,2022-08-03,89,1007.5,1009.1,1005.2
0,2022-08-04,96,1008.2,1009.1,1007.4
0,2022-08-05,99,1007.7,1008.5,1006.7
0,2022-08-06,41,1008.3,1010.0,1006.9
0,2022-08-07,218,1008.9,1010.6,1007.7
0,2022-08-08,215,1005.1,1008.1,1003.2
0,2022-08-09,234,1004.4,1006.3,1000.8
0,2022-08-10,231,1006.1,1007.4,1004.9
0,2022-08-11,210,1004.9,1007.6,1001.1
0,2022-08-12,214,1005.3,1006.9,1004.1
0,2022-08-13,295,1006.1,1007.1,1004.9
0,2022-08-14,245,1005.6,1007.0,1004.3
0,2022-08-15,199,1000.2,1005.9,995.9
0,2022-08-16,232,999.7,1008.0,993.2
0,2022-08-17,85,1008.0,1009.8,1004.4
0,2022-08-18,95,1001.1,1003.3,997.2
0,2022-08-19,236,1001.9,1003.6,999.4
0,2022-08-20,227,1000.3,1004.4,997.0
0,2022-08-21,243,1006.8,1008.4,1004.8
0,2022-08-22,185,1004.2,1008.4,1001.4
0,2022-08-23,230,1003.0,1007.1,1000.0
0,2022-08-24,251,1007.6,1008.9,1006.6
0,2022-08-25,267,1005.4,1006.8,1004.5
0,2022-08-26,103,1006.1,1007.9,1004.4
0,2022-08-27,227,1006.6,1010.9,1003.8
0,2022-08-28,229,1014.9,1018.7,1011.8
0,2022-08-29,86,1017.2,1019.6,1015.1
0,2022-08-30,39,1012.2,1014.8,1009.6
0,2022-08-31,204,1005.4,1009.5,1002.3
0,2022-09-01,234,1012.1,1016.0,1008.9
0,2022-09-02,231,1017.8,1018.9,1016.9
0,2022-09-03,54,1017.0,1018.2,1016.1
0,2022-09-04,77,1015.3,1017.7,1014.0
0,2022-09-05,350,1012.3,1014.6,1009.5
0,2022-09-06,212,1006.5,1012.9,1001.4
0,2022-09-07,239,1016.0,1018.7,1013.4
0,2022-09-08,81,1016.8,1019.3,1015.4
0,2022-09-09,136,1016.5,1018.7,1014.2
0,2022-09-10,90,1017.8,1019.2,1016.8
0,2022-09-11,108,1015.6,1017.6,1014.8
0,2022-09-12,345,1013.9,1015.7,1013.0
0,2022-09-13,252,1015.9,1019.3,1013.9
0,2022-09-14,63,1017.7,1019.4,1016.1
0,2022-09-15,24,1013.5,1016.1,1012.5
0,2022-09-16,40,1013.3,1013.9,1012.8
0,2022-09-17,21,1012.1,1014.1,1011.0
0,2022-09-18,32,1007.6,1011.3,1002.8
0,2022-09-19,8,995.6,1002.3,992.4
0,2022-09-20,307,1009.2,1014.7,1000.9
0,2022-09-21,219,1019.7,1022.3,1015.7
0,2022-09-22,116,1018.2,1022.0,1015.4
0,2022-09-23,205,1009.6,1015.7,1006.4
0,2022-09-24,230,1011.8,1015.9,1008.3
0,2022-09-25,244,1016.2,1016.9,1015.5
0,2022-09-26,226,1016.3,1017.1,1015.3
0,2022-09-27,112,1015.1,1017.3,1013.3
0,2022-09-28,183,1010.3,1013.7,1009.5
0,2022-09-29,233,1013.6,1016.1,1011.1
0,2022-09-30,229,1016.0,1016.7,1015.4
0,2022-10-01,224,1017.8,1020.7,1015.6
0,2022-10-02,106,1020.9,1021.9,1020.0
0,2022-10-03,210,1013.9,1020.5,1005.7
0,2022-10-04,250,1007.6,1015.6,1000.3
0,2022-10-05,272,1018.9,1021.9,1016.3
0,2022-10-06,229,1021.4,1022.6,1019.9
0,2022-10-07,73,1017.9,1020.9,1016.2
0,2022-10-08,61,1023.9,1027.6,1019.8
0,2022-10-09,115,1019.7,1027.1,1008.1
0,2022-10-10,207,1004.7,1007.5,1002.1
0,2022-10-11,232,1013.4,1022.3,1005.4
0,2022-10-12,255,1026.9,1028.7,1023.0
0,2022-10-13,85,1024.1,1028.8,1021.2
0,2022-10-14,70,1018.3,1021.8,1016.6
0,2022-10-15,204,1018.6,1020.1,1016.5
0,2022-10-16,227,1014.3,1020.6,1009.1
0,2022-10-17,269,1008.8,1012.7,1004.8
0,2022-10-18,248,1015.7,1019.1,1012.7
0,2022-10-19,228,1020.4,1022.6,1018.5
0,2022-10-20,230,1022.2,1023.6,1021.0
0,2022-10-21,214,1018.9,1023.6,1014.6
0,2022-10-22,227,1011.9,1014.5,1010.7
0,2022-10-23,258,1012.5,1014.5,1010.8
0,2022-10-24,268,1018.0,1023.0,1014.1
0,2022-10-25,71,1026.7,1029.1,1023.8
0,2022-10-26,119,1026.9,1029.5,1025.4
0,2022-10-27,182,1024.3,1026.1,1023.1
0,2022-10-28,215,1021.7,1023.3,1020.6
0,2022-10-29,231,1021.3,1022.2,1020.8
0,2022-10-30,197,1022.8,1026.2,1020.1
0,2022-10-31,114,1025.0,1026.4,1022.9
0,2022-11-01,223,1017.9,1022.9,1016.0
0,2022-11-02,231,1015.9,1017.7,1013.5
0,2022-11-03,249,1010.6,1012.8,1009.4
0,2022-11-04,239,1014.2,1016.3,1011.4
0,2022-11-05,244,1017.7,1020.8,1015.7
0,2022-11-06,233,1021.0,1022.9,1019.0
0,2022-11-07,208,1019.2,1022.4,1016.7
0,2022-11-08,226,1019.0,1023.4,1015.3
0,2022-11-09,224,1021.2,1023.1,1019.3
0,2022-11-10,271,1022.9,1028.2,1018.3
0,2022-11-11,213,1026.7,1028.5,1022.6
0,2022-11-12,209,1015.9,1023.1,1006.8
0,2022-11-13,255,1005.5,1014.0,997.1
0,2022-11-14,220,1012.7,1014.2,1010.9
0,2022-11-15,234,1009.0,1011.0,1007.9
0,2022-11-16,244,1015.7,1021.8,1010.8
0,2022-11-17,255,1024.1,1025.7,1021.6
0,2022-11-18,219,1021.8,1025.1,1019.6
0,2022-11-19,119,1025.2,1026.7,1024.1
0,2022-11-20,152,1020.6,1024.3,1018.4
0,2022-11-21,246,1016.0,1020.6,1013.9
0,2022-11-22,283,1022.6,1024.0,1020.7
0,2022-11-23,107,1015.2,1022.6,1010.9
0,2022-11-24,252,1016.1,1020.7,1012.2
0,2022-11-25,207,1015.3,1021.0,1008.7
0,2022-11-26,245,1009.7,1017.5,1005.7
0,2022-11-27,256,1022.3,1026.6,1018.2
0,2022-11-28,183,1019.3,1026.5,1010.6
0,2022-11-29,227,1006.0,1009.6,1001.4
0,2022-11-30,276,1015.9,1020.0,1008.7
0,2022-12-01,257,1019.5,1021.8,1018.4
0,2022-12-02,209,1024.8,1026.6,1022.3
0,2022-12-03,235,1016.2,1023.1,1013.5
0,2022-12-04,273,1020.2,1021.9,1016.9
0,2022-12-05,229,1019.8,1021.6,1016.9
0,2022-12-06,200,1012.7,1016.6,1011.2
0,2022-12-07,231,1013.8,1015.2,1012.1
0,2022-12-08,257,1018.4,1021.2,1015.4
0,2022-12-09,210,1018.0,1021.0,1016.8
0,2022-12-10,230,1015.9,1017.6,1013.9
0,2022-12-11,284,1017.6,1022.0,1014.4
0,2022-12-12,155,1017.4,1023.2,1007.5
0,2022-12-13,224,1003.1,1007.0,999.7
0,2022-12-14,265,1007.4,1011.3,999.9
0,2022-12-15,268,1011.8,1014.5,1009.7
0,2022-12-16,261,1018.2,1020.7,1014.9
0,2022-12-17,214,1007.2,1019.2,1001.3
0,2022-12-18,271,1006.1,1012.0,1001.8
0,2022-12-19,223,1014.9,1017.6,1012.3
0,2022-12-20,249,1018.4,1019.3,1016.9
0,2022-12-21,130,1012.2,1019.5,1002.3
0,2022-12-22,165,987.4,1001.1,982.6
0,2022-12-23,222,986.0,987.2,984.6
0,2022-12-24,261,996.8,1002.0,988.0
0,2022-12-25,215,1003.5,1007.4,1000.8
0,2022-12-26,214,1013.0,1018.3,1008.3
0,2022-12-27,212,1020.1,1021.1,1018.7
0,2022-12-28,243,1015.7,1019.6,1012.8
0,2022-12-29,269,1017.8,1020.6,1014.3
0,2022-12-30,245,1020.5,1021.7,1018.6
0,2022-12-31,224,1018.3,1021.6,1015.3
0,2023-01-01,271,1014.3,1015.6,1012.7
0,2023-01-02,274,1015.2,1016.3,1014.5
0,2023-01-03,266,1013.4,1014.7,1012.5
0,2023-01-04,270,1016.0,1018.1,1013.3
0,2023-01-05,262,1018.2,1019.3,1017.0
0,2023-01-06,229,1015.9,1019.5,1012.9
0,2023-01-07,199,1013.9,1018.1,1011.8
0,2023-01-08,221,1018.1,1019.4,1016.9
0,2023-01-09,242,1012.3,1016.3,1009.9
0,2023-01-10,255,1018.6,1021.0,1014.3
0,2023-01-11,214,1018.8,1020.7,1017.7
0,2023-01-12,211,1020.7,1022.1,1018.7
0,2023-01-13,208,1011.3,1017.9,1006.1
0,2023-01-14,57,1009.5,1012.6,1006.4
0,2023-01-15,144,1011.4,1013.1,1010.6
0,2023-01-16,285,1015.8,1021.2,1010.7
0,2023-01-17,234,1020.0,1022.7,1015.8
0,2023-01-18,301,1020.2,1022.7,1017.1
0,2023-01-19,205,1017.5,1023.2,1014.2
0,2023-01-20,238,1008.0,1018.2,1001.3
0,2023-01-21,283,1023.2,1025.4,1020.1
0,2023-01-22,255,1024.0,1025.5,1022.4
0,2023-01-23,190,1010.8,1021.4,1002.9
0,2023-01-24,299,1003.6,1006.3,1001.6
0,2023-01-25,280,1009.4,1013.4,1006.1
0,2023-01-26,262,1013.1,1014.5,1011.7
0,2023-01-27,241,1006.0,1011.0,1003.4
0,2023-01-28,270,1007.2,1011.8,1004.6
0,2023-01-29,232,1012.8,1013.9,1011.7
0,2023-01-30,276,1011.7,1016.1,1007.9
0,2023-01-31,239,1014.7,1016.9,1010.8
0,2023-02-01,265,1005.3,1013.9,998.8
0,2023-02-02,278,1017.3,1020.0,1014.9
0,2023-02-03,250,1018.3,1019.7,1017.1
0,2023-02-04,245,1017.7,1020.9,1014.8
0,2023-02-05,227,1019.7,1021.5,1016.9
0,2023-02-06,244,1019.1,1022.1,1017.4
0,2023-02-07,284,1020.1,1022.0,1018.8
0,2023-02-08,285,1019.4,1024.1,1017.5
0,2023-02-09,284,1027.9,1030.3,1025.3
0,2023-02-10,93,1020.3,1026.8,1017.4
0,2023-02-11,212,1021.1,1023.4,1018.7
0,2023-02-12,247,1017.9,1019.8,1015.1
0,2023-02-13,288,1010.1,1014.6,1008.3
0,2023-02-14,305,1011.3,1018.8,1007.2
0,2023-02-15,253,1022.9,1026.9,1019.0
0,2023-02-16,234,1025.7,1026.9,1024.5
0,2023-02-17,221,1021.5,1024.4,1020.0
0,2023-02-18,219,1015.7,1021.5,1007.6
0,2023-02-19,264,1003.2,1007.6,999.9
0,2023-02-20,268,1013.4,1019.0,1008.4
0,2023-02-21,271,1023.9,1028.7,1019.3
0,2023-02-22,239,1025.1,1028.4,1021.1
0,2023-02-23,220,1016.8,1020.3,1015.7
0,2023-02-24,243,1016.5,1017.9,1015.7
0,2023-02-25,273,1020.4,1022.4,1018.3
0,2023-02-26,282,1026.5,1030.4,1021.7
0,2023-02-27,226,1025.5,1029.8,1021.5
0,2023-02-28,222,1016.2,1021.1,1013.4
0,2023-03-01,247,1013.2,1015.8,1010.5
0,2023-03-02,247,1016.0,1020.5,1010.9
0,2023-03-03,235,1021.6,1023.3,1020.3
0,2023-03-04,259,1026.9,1028.7,1023.8
0,2023-03-05,222,1025.5,1028.8,1023.8
0,2023-03-06,205,1019.4,1023.7,1017.3
0,2023-03-07,207,1017.1,1018.5,1016.2
0,2023-03-08,218,1016.7,1020.7,1012.9
0,2023-03-09,160,1016.0,1020.5,1012.7
0,2023-03-10,247,1020.6,1027.2,1013.7
0,2023-03-11,208,1026.7,1027.9,1024.6
0,2023-03-12,135,1015.8,1023.9,1007.3
0,2023-03-13,235,1015.4,1022.6,1008.5
0,2023-03-14,257,1025.1,1027.1,1022.4
0,2023-03-15,147,1023.4,1026.7,1019.1
0,2023-03-16,237,1021.2,1023.7,1016.9
0,2023-03-17,243,1021.3,1023.9,1019.7
0,2023-03-18,219,1014.7,1019.5,1013.2
0,2023-03-19,233,1015.1,1016.9,1013.5
0,2023-03-20,225,1016.7,1017.6,1015.4
0,2023-03-21,162,1015.5,1017.1,1013.8
0,2023-03-22,82,1015.7,1017.6,1013.4
0,2023-03-23,210,1005.3,1012.6,1000.4
0,2023-03-24,249,1015.1,1020.6,1005.7
0,2023-03-25,52,1018.5,1020.1,1016.3
0,2023-03-26,270,1011.5,1016.1,1008.9
0,2023-03-27,249,1020.4,1024.8,1014.4
0,2023-03-28,242,1024.7,1025.6,1023.7
0,2023-03-29,165,1022.2,1024.4,1021.0
0,2023-03-30,195,1017.3,1021.1,1014.4
0,2023-03-31,229,1015.6,1019.2,1012.8
0,2023-04-01,230,1020.0,1022.5,1017.9
0,2023-04-02,63,1022.1,1024.3,1020.3
0,2023-04-03,197,1024.0,1024.9,1023.0
0,2023-04-04,231,1021.9,1024.2,1020.1
0,2023-04-05,202,1017.4,1020.8,1012.9
0,2023-04-06,221,1007.8,1011.4,1005.2
0,2023-04-07,254,1004.2,1005.3,1002.8
0,2023-04-08,250,1005.2,1009.1,1002.3
0,2023-04-09,236,1014.1,1016.2,1010.2
0,2023-04-10,213,1013.2,1015.0,1012.3
0,2023-04-11,218,1007.8,1012.1,1002.2
0,2023-04-12,238,1009.5,1011.4,1006.9
0,2023-04-13,229,1012.0,1012.9,1011.3
0,2023-04-14,221,1012.8,1015.3,1009.3
0,2023-04-15,85,1000.9,1013.6,989.4
0,2023-04-16,247,996.4,1006.2,987.8
0,2023-04-17,268,1014.5,1018.5,1007.0
0,2023-04-18,234,1011.7,1018.0,1006.4
0,2023-04-19,242,1010.0,1011.1,1009.2
0,2023-04-20,236,1003.0,1007.5,1000.4
0,2023-04-21,270,1007.6,1010.9,1005.1
0,2023-04-22,269,1015.0,1017.5,1011.4
0,2023-04-23,257,1018.0,1020.2,1015.1
0,2023-04-24,250,1021.6,1023.9,1019.2
0,2023-04-25,132,1015.1,1023.9,1004.1
0,2023-04-26,256,1005.7,1013.8,1001.3
0,2023-04-27,235,1018.2,1019.7,1014.4
0,2023-04-28,214,1016.7,1018.5,1013.9
0,2023-04-29,213,1005.2,1013.4,997.0
0,2023-04-30,230,1003.5,1007.9,998.1
0,2023-05-01,252,1011.6,1018.7,1007.6
0,2023-05-02,231,1022.5,1024.1,1019.8
0,2023-05-03,210,1019.2,1022.4,1017.0
0,2023-05-04,214,1013.6,1017.3,1011.5
0,2023-05-05,226,1007.3,1012.7,1002.0
0,2023-05-06,66,1007.6,1012.2,1002.5
0,2023-05-07,83,1011.4,1013.2,1009.4
0,2023-05-08,180,1012.2,1014.2,1009.8
0,2023-05-09,213,1012.9,1014.3,1011.3
0,2023-05-10,237,1015.5,1018.5,1012.8
0,2023-05-11,245,1020.3,1021.9,1018.5
0,2023-05-12,261,1020.6,1021.5,1019.9
0,2023-05-13,48,1016.7,1020.0,1015.1
0,2023-05-14,130,1012.4,1015.0,1010.4
0,2023-05-15,8,1011.2,1012.9,1010.0
0,2023-05-16,292,1010.7,1012.4,1009.1
0,2023-05-17,213,1009.4,1011.5,1006.7
0,2023-05-18,220,1011.2,1012.3,1009.6
0,2023-05-19,54,1011.4,1012.3,1010.6
0,2023-05-20,97,1008.9,1011.7,1005.2
0,2023-05-21,234,1003.3,1005.0,1002.5
0,2023-05-22,268,1004.8,1006.3,1003.0
0,2023-05-23,54,1006.7,1009.5,1004.5
0,2023-05-24,228,1015.1,1020.3,1010.0
0,2023-05-25,233,1020.7,1021.4,1020.2
0,2023-05-26,215,1020.5,1021.2,1019.5
0,2023-05-27,243,1018.9,1020.8,1016.0
0,2023-05-28,228,1011.3,1016.1,1009.4
0,2023-05-29,244,1008.1,1009.1,1007.3
0,2023-05-30,248,1009.4,1011.4,1007.0
0,2023-05-31,237,1010.8,1012.0,1009.7
0,2023-06-01,217,1006.5,1011.0,1002.8
0,2023-06-02,257,995.1,1002.2,992.0
0,2023-06-03,243,999.2,1001.5,994.7
0,2023-06-04,238,1002.7,1005.9,999.1
0,2023-06-05,221,1006.3,1007.5,1005.5
0,2023-06-06,209,1005.0,1006.0,1004.1
0,2023-06-07,218,1008.9,1012.0,1006.0
0,2023-06-08,46,1009.5,1012.1,1006.5
0,2023-06-09,138,1006.0,1009.5,1003.6
0,2023-06-10,342,1012.3,1013.7,1010.5
0,2023-06-11,22,1010.6,1012.7,1008.4
0,2023-06-12,18,1005.7,1008.6,1003.4
0,2023-06-13,320,1004.7,1007.4,1002.9
0,2023-06-14,11,1007.1,1008.5,1006.3
0,2023-06-15,35,1007.0,1008.9,1005.8
0,2023-06-16,220,1008.1,1009.6,1007.0
0,2023-06-17,232,1005.8,1008.7,1004.6
0,2023-06-18,260,1005.8,1007.1,1004.4
0,2023-06-19,343,1007.8,1010.7,1006.1
0,2023-06-20,256,1011.1,1012.1,1009.7
0,2023-06-21,41,1009.1,1011.6,1007.9
0,2023-06-22,42,1007.0,1008.3,1006.0
0,2023-06-23,99,1008.6,1012.2,1006.1
0,2023-06-24,27,1013.6,1015.6,1011.9
0,2023-06-25,12,1014.7,1015.6,1013.7
0,2023-06-26,356,1013.0,1014.6,1011.7
0,2023-06-27,218,1009.9,1012.3,1007.4
0,2023-06-28,210,1005.2,1007.2,1003.3
0,2023-06-29,219,1003.4,1004.4,1002.3
0,2023-06-30,230,998.3,1001.8,994.8
0,2023-07-01,255,1004.5,1006.8,1001.7
0,2023-07-02,314,1007.1,1007.9,1006.1
0,2023-07-03,236,1006.3,1007.3,1005.1
0,2023-07-04,24,1004.8,1006.2,1003.0
0,2023-07-05,2,999.6,1003.5,996.9
0,2023-07-06,226,1001.0,1006.0,996.2
0,2023-07-07,210,1006.2,1007.0,1005.5
0,2023-07-08,352,1004.6,1006.3,1003.6
0,2023-07-09,229,1003.4,1004.5,1002.3
0,2023-07-10,226,1004.2,1005.1,1003.5
0,2023-07-11,214,1003.5,1004.8,1002.0
0,2023-07-12,236,1001.1,1002.3,999.8
0,2023-07-13,253,1004.9,1007.2,1002.2
0,2023-07-14,235,1005.6,1007.2,1002.3
0,2023-07-15,216,1002.5,1005.5,999.7
0,2023-07-16,234,1008.9,1011.1,1006.0
0,2023-07-17,250,1011.0,1012.0,1010.3
0,2023-07-18,259,1009.1,1011.5,1007.2
0,2023-07-19,50,1005.0,1007.2,1003.2
0,2023-07-20,67,1009.7,1014.0,1007.1
0,2023-07-21,20,1015.9,1017.8,1014.4
0,2023-07-22,2,1016.4,1018.3,1015.4
0,2023-07-23,107,1013.1,1015.2,1012.1
0,2023-07-24,221,1012.3,1013.0,1011.2
0,2023-07-25,231,1013.1,1014.4,1011.9
0,2023-07-26,241,1013.4,1014.6,1012.7
0,2023-07-27,239,1012.7,1013.7,1011.5
0,2023-07-28,240,1013.8,1014.8,1012.4
0,2023-07-29,231,1013.6,1014.6,1012.8
0,2023-07-30,223,1011.6,1013.6,1010.3
0,2023-07-31,226,1010.7,1011.4,1009.9
0,2023-08-01,236,1010.0,1011.4,1009.2
0,2023-08-02,218,1008.1,1009.3,1007.3
0,2023-08-03,215,1006.0,1007.5,1005.2
0,2023-08-04,224,1003.6,1004.8,1002.7
0,2023-08-05,220,1001.7,1002.9,1000.8
0,2023-08-06,358,1002.1,1003.5,1000.8
0,2023-08-07,42,1006.1,1008.3,1004.0
0,2023-08-08,49,1008.0,1009.8,1006.5
0,2023-08-09,34,1009.9,1010.6,1009.1
0,2023-08-10,246,1008.7,1010.2,1007.8
0,2023-08-11,50,1007.2,1009.4,1006.2
0,2023-08-12,72,1005.1,1006.4,1004.0
0,2023-08-13,82,1006.5,1007.7,1005.0
0,2023-08-14,85,1007.4,1008.5,1006.7
0,2023-08-15,74,1005.2,1008.0,1003.8
0,2023-08-16,174,1002.2,1003.8,1000.5
0,2023-08-17,250,1007.4,1009.9,1004.5
0,2023-08-18,12,1010.5,1011.7,1009.4
0,2023-08-19,266,1011.5,1012.3,1010.8
0,2023-08-20,253,1011.5,1012.2,1010.8
0,2023-08-21,43,1010.2,1011.6,1009.5
0,2023-08-22,14,1009.9,1010.6,1008.7
0,2023-08-23,23,1010.2,1010.9,1009.4
0,2023-08-24,206,1010.3,1011.3,1009.8
0,2023-08-25,206,1009.3,1010.3,1008.6
0,2023-08-26,343,1009.6,1010.3,1008.8
0,2023-08-27,41,1008.1,1010.0,1006.3
0,2023-08-28,48,1009.3,1012.9,1006.5
0,2023-08-29,61,1013.1,1014.5,1011.6
0,2023-08-30,57,1014.2,1015.4,1013.0
0,2023-08-31,227,1012.9,1014.0,1011.3
0,2023-09-01,223,1010.9,1011.8,1009.9
0,2023-09-02,234,1013.6,1015.5,1011.7
0,2023-09-03,42,1014.2,1016.0,1013.3
0,2023-09-04,59,1010.9,1013.8,1008.8
0,2023-09-05,70,1007.5,1008.9,1006.4
0,2023-09-06,282,1007.0,1010.3,1005.3
0,2023-09-07,65,1013.7,1015.3,1011.2
0,2023-09-08,107,1011.5,1014.7,1009.3
0,2023-09-09,313,1009.1,1011.3,1007.4
0,2023-09-10,44,1011.2,1012.2,1010.4
0,2023-09-11,35,1010.5,1011.4,1009.4
0,2023-09-12,233,1011.5,1014.1,1009.8
0,2023-09-13,23,1012.8,1014.5,1011.3
0,2023-09-14,223,1011.2,1015.0,1008.2
0,2023-09-15,79,1014.3,1015.5,1013.3
0,2023-09-16,250,1013.9,1015.0,1012.7
0,2023-09-17,219,1011.2,1013.6,1010.0
0,2023-09-18,235,1012.0,1013.6,1010.3
0,2023-09-19,219,1009.2,1011.2,1008.0
0,2023-09-20,264,1012.2,1013.8,1009.6
0,2023-09-21,70,1007.0,1012.5,1002.1
0,2023-09-22,225,1013.9,1016.2,1011.3
0,2023-09-23,225,1018.4,1021.9,1015.4
0,2023-09-24,67,1021.7,1022.4,1020.8
0,2023-09-25,91,1017.3,1020.9,1015.0
0,2023-09-26,222,1013.2,1015.1,1011.8
0,2023-09-27,78,1010.2,1012.1,1007.0
0,2023-09-28,261,1006.5,1009.8,1001.9
0,2023-09-29,232,1012.0,1013.6,1010.1
0,2023-09-30,206,1006.4,1012.3,1003.9
0,2023-10-01,224,1006.0,1008.9,1003.9
0,2023-10-02,242,1011.5,1014.8,1009.2
0,2023-10-03,248,1016.0,1017.5,1014.8
0,2023-10-04,168,1006.1,1015.3,996.5
0,2023-10-05,252,995.4,996.7,992.5
0,2023-10-06,255,1004.7,1012.6,998.2
0,2023-10-07,245,1019.5,1025.6,1013.6
0,2023-10-08,90,1025.2,1026.2,1023.2
0,2023-10-09,292,1015.7,1022.7,1010.0
0,2023-10-10,15,1012.1,1018.9,1008.0
0,2023-10-11,229,1020.8,1021.7,1019.3
0,2023-10-12,224,1018.1,1021.6,1015.5
0,2023-10-13,227,1011.9,1015.5,1009.5
0,2023-10-14,225,1008.5,1009.8,1006.9
0,2023-10-15,191,1002.6,1006.2,1001.2
0,2023-10-16,262,1006.9,1009.1,1004.2
0,2023-10-17,251,1014.3,1019.6,1008.1
0,2023-10-18,215,1017.1,1019.8,1013.4
0,2023-10-19,214,1010.1,1013.1,1004.4
0,2023-10-20,257,1002.4,1007.4,996.2
0,2023-10-21,224,1011.7,1017.2,1006.6
0,2023-10-22,231,1016.4,1020.7,1013.7
0,2023-10-23,229,1021.4,1022.4,1019.6
0,2023-10-24,176,1018.3,1022.0,1016.0
0,2023-10-25,197,1014.6,1016.4,1013.7
0,2023-10-26,201,1011.4,1013.6,1009.7
0,2023-10-27,217,1009.9,1011.1,1008.7
0,2023-10-28,45,1011.8,1014.9,1009.6
0,2023-10-29,84,1017.7,1020.4,1015.1
0,2023-10-30,219,1021.4,1022.8,1019.2
0,2023-10-31,206,1019.8,1022.6,1017.2
0,2023-11-01,220,1013.3,1016.9,1011.1
0,2023-11-02,223,1015.9,1017.6,1013.0
0,2023-11-03,225,1015.1,1021.3,1011.5
0,2023-11-04,235,1026.2,1030.2,1021.3
0,2023-11-05,80,1024.4,1030.4,1016.0
0,2023-11-06,205,1005.8,1014.9,1000.2
0,2023-11-07,251,1010.2,1021.1,1000.4
0,2023-11-08,251,1024.5,1026.1,1021.8
0,2023-11-09,215,1019.2,1025.4,1013.9
0,2023-11-10,256,1013.3,1018.9,1009.3
0,2023-11-11,259,1020.6,1021.9,1019.0
0,2023-11-12,229,1015.3,1019.7,1012.1
0,2023-11-13,267,1012.8,1017.3,1010.5
0,2023-11-14,249,1021.6,1024.8,1017.9
0,2023-11-15,210,1025.4,1026.8,1023.3
0,2023-11-16,106,1020.0,1027.1,1010.8
0,2023-11-17,220,997.9,1009.4,994.3
0,2023-11-18,226,995.9,1004.0,993.6
0,2023-11-19,245,1004.0,1005.6,1002.4
0,2023-11-20,265,1014.2,1020.1,1006.1
0,2023-11-21,219,1017.5,1020.1,1016.4
0,2023-11-22,207,1013.2,1016.9,1009.6
0,2023-11-23,220,1004.2,1009.2,1001.6
0,2023-11-24,288,1011.9,1020.6,1003.1
0,2023-11-25,274,1024.1,1025.4,1021.1
0,2023-11-26,224,1019.7,1024.5,1017.1
0,2023-11-27,183,1008.2,1017.2,1002.2
0,2023-11-28,256,1005.8,1012.8,1000.0
0,2023-11-29,270,1012.3,1013.7,1010.9
0,2023-11-30,257,1013.8,1015.2,1011.8
0,2023-12-01,247,1015.0,1018.0,1012.7
0,2023-12-02,209,1017.9,1018.9,1016.5
0,2023-12-03,155,1018.6,1021.4,1014.9
0,2023-12-04,200,1018.8,1021.6,1016.3
0,2023-12-05,188,1015.8,1018.4,1013.3
0,2023-12-06,178,1006.7,1012.9,998.5
0,2023-12-07,253,1004.7,1015.8,994.4
0,2023-12-08,220,1015.6,1017.0,1013.5
0,2023-12-09,242,1016.3,1022.7,1012.0
0,2023-12-10,271,1024.4,1027.5,1022.1
0,2023-12-11,325,1022.7,1028.1,1013.0
0,2023-12-12,303,1017.1,1023.1,1012.8
0,2023-12-13,278,1027.0,1029.6,1023.7
0,2023-12-14,262,1026.2,1029.7,1021.4
0,2023-12-15,72,1010.5,1021.0,1005.6
0,2023-12-16,242,999.9,1005.5,994.4
0,2023-12-17,275,1013.1,1020.1,1005.0
0,2023-12-18,270,1024.0,1026.1,1020.7
0,2023-12-19,249,1019.7,1026.3,1015.3
0,2023-12-20,231,1013.4,1015.9,1011.7
0,2023-12-21,231,1014.4,1017.2,1011.1
0,2023-12-22,248,1019.0,1021.3,1016.7
0,2023-12-23,265,1025.9,1028.5,1021.7
0,2023-12-24,190,1023.7,1028.9,1021.5
0,2023-12-25,209,1020.0,1022.7,1019.2
0,2023-12-26,259,1017.7,1024.3,1012.0
0,2023-12-27,260,1026.7,1028.3,1024.8
0,2023-12-28,231,1021.8,1026.0,1020.3
0,2023-12-29,237,1020.5,1021.4,1019.7
0,2023-12-30,157,1016.1,1021.1,1007.2
0,2023-12-31,33,1008.7,1019.9,1002.3
0,2024-01-01,216,1022.7,1024.4,1020.0
0,2024-01-02,225,1014.5,1019.3,1012.3
0,2024-01-03,65,1013.5,1016.0,1011.8
0,2024-01-04,192,1017.1,1019.1,1014.1
0,2024-01-05,215,1011.7,1014.3,1009.8
0,2024-01-06,246,1010.1,1013.0,1008.7
0,2024-01-07,254,1009.4,1013.1,1007.5
0,2024-01-08,241,1017.0,1019.4,1014.0
0,2024-01-09,254,1010.7,1013.6,1008.9
0,2024-01-10,251,1016.0,1018.1,1012.6
0,2024-01-11,202,1008.7,1016.6,1002.3
0,2024-01-12,253,1006.6,1010.4,1003.7
0,2024-01-13,228,1015.8,1019.6,1011.0
0,2024-01-14,245,1009.3,1019.3,1004.7
0,2024-01-15,274,1010.6,1013.8,1007.8
0,2024-01-16,260,1020.0,1022.6,1014.6
0,2024-01-17,229,1017.9,1021.6,1015.7
0,2024-01-18,276,1021.2,1026.6,1016.7
0,2024-01-19,298,1029.2,1031.9,1026.6
0,2024-01-20,92,1029.1,1032.4,1023.3
0,2024-01-21,83,1019.1,1022.7,1016.3
0,2024-01-22,157,1008.8,1016.3,1003.2
0,2024-01-23,231,998.5,1003.1,992.0
0,2024-01-24,267,996.9,1002.0,987.7
0,2024-01-25,284,1005.5,1009.4,1002.6
0,2024-01-26,281,1013.4,1015.8,1010.0
0,2024-01-27,224,1017.2,1019.4,1015.3
0,2024-01-28,203,1022.4,1026.4,1019.1
0,2024-01-29,213,1026.9,1027.8,1026.1
0,2024-01-30,243,1027.2,1028.5,1023.9
0,2024-01-31,257,1016.1,1023.2,1012.3
0,2024-02-01,279,1020.0,1022.8,1015.8
0,2024-02-02,283,1023.2,1027.2,1021.1
0,2024-02-03,249,1024.4,1027.4,1021.9
0,2024-02-04,280,1023.4,1025.1,1021.6
0,2024-02-05,59,1021.2,1024.1,1019.9
0,2024-02-06,151,1018.3,1021.1,1015.7
0,2024-02-07,217,1014.4,1015.6,1013.0
0,2024-02-08,252,1016.2,1019.8,1013.4
0,2024-02-09,228,1019.3,1020.4,1017.9
0,2024-02-10,348,1013.9,1017.8,1011.0
0,2024-02-11,238,1018.9,1021.7,1016.9
0,2024-02-12,228,1023.9,1026.1,1022.1
0,2024-02-13,221,1018.8,1022.3,1017.0
0,2024-02-14,225,1016.0,1017.9,1013.2
0,2024-02-15,353,1010.1,1015.8,1005.6
0,2024-02-16,256,1022.8,1026.1,1017.1
0,2024-02-17,113,1026.1,1026.9,1024.8
0,2024-02-18,211,1023.1,1026.5,1019.2
0,2024-02-19,223,1010.8,1017.7,1003.9
0,2024-02-20,281,1025.2,1028.1,1018.4
0,2024-02-21,287,1023.3,1027.0,1021.8
0,2024-02-22,289,1024.0,1025.3,1022.4
0,2024-02-23,283,1025.2,1027.6,1023.2
0,2024-02-24,263,1027.3,1028.4,1025.5
0,2024-02-25,77,1020.0,1025.3,1017.2
0,2024-02-26,15,1017.2,1019.5,1016.2
0,2024-02-27,1,1021.0,1023.9,1018.3
0,2024-02-28,283,1025.3,1027.1,1023.1
0,2024-02-29,288,1018.5,1026.5,1006.6
0,2024-03-01,264,1003.6,1006.6,1000.6
0,2024-03-02,257,1009.3,1012.0,1006.6
0,2024-03-03,239,1011.7,1015.0,1008.5
0,2024-03-04,259,1018.3,1022.2,1014.5
0,2024-03-05,235,1018.0,1022.2,1014.2
0,2024-03-06,28,1013.6,1015.9,1011.5
0,2024-03-07,233,1014.9,1016.4,1012.5
0,2024-03-08,71,1008.2,1011.8,1007.3
0,2024-03-09,100,1014.6,1020.2,1008.5
0,2024-03-10,241,1022.3,1023.9,1020.5
0,2024-03-11,217,1016.5,1021.1,1012.8
0,2024-03-12,6,1006.6,1012.1,1003.6
0,2024-03-13,259,1010.9,1013.3,1006.5
0,2024-03-14,232,1011.5,1014.0,1008.2
0,2024-03-15,250,1010.4,1019.7,1002.6
0,2024-03-16,249,1017.2,1020.4,1009.1
0,2024-03-17,252,1000.4,1007.1,996.6
0,2024-03-18,280,1010.4,1014.5,1003.1
0,2024-03-19,306,1010.9,1014.7,1006.1
0,2024-03-20,61,1005.6,1007.7,1003.6
0,2024-03-21,263,1011.5,1017.0,1007.9
0,2024-03-22,240,1019.6,1021.1,1017.4
0,2024-03-23,95,1018.7,1021.0,1016.6
0,2024-03-24,238,1018.9,1021.3,1017.7
0,2024-03-25,238,1017.7,1018.6,1016.6
0,2024-03-26,76,1015.8,1020.6,1012.3
0,2024-03-27,193,1023.2,1025.3,1021.1
0,2024-03-28,118,1014.6,1023.2,1000.1
0,2024-03-29,218,1000.8,1005.3,997.5
0,2024-03-30,244,1007.3,1009.3,1004.1
0,2024-03-31,242,1008.9,1010.5,1007.6
0,2024-04-01,264,1008.9,1014.3,1005.5
0,2024-04-02,252,1016.0,1017.0,1014.5
0,2024-04-03,56,1009.4,1015.6,1005.7
0,2024-04-04,248,1013.7,1019.2,1006.4
0,2024-04-05,255,1020.5,1021.7,1018.9
0,2024-04-06,47,1018.4,1021.7,1017.0
0,2024-04-07,49,1017.7,1019.0,1015.7
0,2024-04-08,34,1015.0,1018.8,1011.9
0,2024-04-09,264,1016.9,1024.6,1010.6
0,2024-04-10,246,1026.8,1028.5,1024.8
0,2024-04-11,32,1023.7,1026.9,1021.3
0,2024-04-12,27,1019.4,1021.5,1018.6
0,2024-04-13,236,1018.6,1020.6,1016.9
0,2024-04-14,238,1021.1,1022.6,1019.7
0,2024-04-15,40,1017.0,1021.3,1013.3
0,2024-04-16,108,1010.9,1013.3,1008.3
0,2024-04-17,246,1008.6,1009.4,1007.9
0,2024-04-18,258,1006.1,1007.8,1004.5
0,2024-04-19,259,1007.4,1011.5,1004.7
0,2024-04-20,252,1014.7,1016.3,1011.7
0,2024-04-21,231,1015.6,1016.6,1014.6
0,2024-04-22,55,1015.4,1017.2,1013.6
0,2024-04-23,95,1016.4,1017.9,1013.5
0,2024-04-24,110,1006.7,1012.8,1003.6
0,2024-04-25,228,1005.8,1010.4,1000.4
0,2024-04-26,214,1010.5,1011.3,1009.3
0,2024-04-27,216,1010.8,1012.5,1009.3
0,2024-04-28,241,1014.2,1015.9,1012.2
0,2024-04-29,45,1009.1,1015.8,1002.6
0,2024-04-30,255,1003.4,1008.4,999.8
0,2024-05-01,268,1012.5,1016.6,1008.9
0,2024-05-02,227,1016.0,1016.9,1014.3
0,2024-05-03,233,1015.4,1017.8,1013.2
0,2024-05-04,236,1018.2,1019.6,1016.6
0,2024-05-05,228,1015.9,1019.8,1013.2
0,2024-05-06,215,1009.4,1013.7,1005.4
0,2024-05-07,225,1004.3,1007.9,1001.6
0,2024-05-08,231,1011.3,1013.5,1008.3
0,2024-05-09,231,1013.7,1014.7,1011.7
0,2024-05-10,227,1016.7,1018.3,1014.9
0,2024-05-11,211,1014.8,1016.7,1011.9
0,2024-05-12,213,1008.4,1012.3,1004.7
0,2024-05-13,238,1010.6,1016.3,1005.6
0,2024-05-14,352,1016.1,1017.6,1014.5
0,2024-05-15,14,1010.4,1014.5,1005.2
0,2024-05-16,177,1000.3,1004.2,996.2
0,2024-05-17,225,1009.9,1015.7,999.3
0,2024-05-18,215,1014.5,1015.9,1013.3
0,2024-05-19,224,1014.2,1016.2,1012.1
0,2024-05-20,228,1010.5,1012.8,1008.0
0,2024-05-21,245,1018.0,1020.6,1013.4
0,2024-05-22,221,1012.6,1019.1,1009.2
0,2024-05-23,222,1005.6,1008.4,1003.7
0,2024-05-24,262,1008.2,1014.0,1003.3
0,2024-05-25,246,1016.1,1017.2,1014.1
0,2024-05-26,322,1009.1,1015.6,1000.9
0,2024-05-27,230,999.9,1004.8,996.1
0,2024-05-28,344,1002.9,1005.1,1000.4
0,2024-05-29,245,1010.3,1012.3,1005.3
0,2024-05-30,268,1012.2,1013.7,1009.9
0,2024-05-31,47,1008.1,1009.7,1007.1
0,2024-06-01,54,1009.3,1010.1,1008.7
0,2024-06-02,86,1009.0,1010.1,1007.7
0,2024-06-03,66,1011.8,1013.8,1009.8
0,2024-06-04,75,1014.8,1016.9,1013.0
0,2024-06-05,260,1018.4,1020.3,1016.4
0,2024-06-06,280,1019.0,1020.1,1018.1
0,2024-06-07,13,1016.1,1017.9,1015.3
0,2024-06-08,9,1013.4,1016.1,1011.7
0,2024-06-09,354,1009.9,1012.3,1008.4
0,2024-06-10,247,1007.5,1008.3,1006.4
0,2024-06-11,258,1007.2,1007.9,1006.2
0,2024-06-12,229,1004.2,1007.0,1002.4
0,2024-06-13,274,1003.7,1007.4,1001.2
0,2024-06-14,294,1008.3,1009.6,1007.5
0,2024-06-15,11,1003.9,1007.3,1000.6
0,2024-06-16,230,1001.5,1004.2,999.3
0,2024-06-17,218,1004.8,1006.7,1003.5
0,2024-06-18,224,1003.7,1007.2,1002.0
0,2024-06-19,249,1009.1,1010.3,1007.5
0,2024-06-20,40,1007.2,1009.2,1005.2
0,2024-06-21,4,1003.7,1004.7,1002.5
0,2024-06-22,303,1003.6,1005.2,1000.7
0,2024-06-23,46,997.1,1000.3,995.8
0,2024-06-24,246,1000.9,1003.1,996.2
0,2024-06-25,267,1006.2,1010.3,1003.5
0,2024-06-26,246,1012.8,1014.4,1010.6
0,2024-06-27,229,1011.4,1013.6,1010.3
0,2024-06-28,8,1008.8,1010.0,1008.1
0,2024-06-29,240,1007.9,1009.2,1006.0
0,2024-06-30,227,996.0,1005.7,988.6
0,2024-07-01,240,1002.3,1007.4,992.5
0,2024-07-02,238,1009.2,1011.0,1006.9
0,2024-07-03,223,1005.9,1010.5,1002.6
0,2024-07-04,233,1003.0,1004.4,1001.3
0,2024-07-05,217,1002.5,1004.5,1000.7
0,2024-07-06,219,1003.7,1005.0,1001.3
0,2024-07-07,227,1000.2,1001.8,999.4
0,2024-07-08,253,1001.3,1003.0,998.9
0,2024-07-09,256,1002.0,1005.0,998.6
0,2024-07-10,255,1000.1,1004.6,997.3
0,2024-07-11,236,1000.2,1001.8,998.6
0,2024-07-12,245,1003.8,1007.5,1001.3
0,2024-07-13,258,1011.3,1014.5,1007.7
0,2024-07-14,23,1014.1,1015.3,1013.1
0,2024-07-15,28,1015.2,1016.2,1014.2
0,2024-07-16,2,1013.4,1015.6,1012.0
0,2024-07-17,186,1010.4,1011.8,1009.5
0,2024-07-18,34,1008.4,1009.8,1007.0
0,2024-07-19,212,1006.4,1007.5,1005.5
0,2024-07-20,227,1008.2,1009.3,1007.2
0,2024-07-21,219,1005.5,1008.0,1004.0
0,2024-07-22,221,1004.8,1005.7,1004.0
0,2024-07-23,224,1001.3,1004.3,999.0
0,2024-07-24,236,1002.7,1006.0,998.1
0,2024-07-25,4,1008.0,1012.0,1005.6
0,2024-07-26,34,1015.5,1017.4,1012.4
0,2024-07-27,259,1014.1,1018.0,1010.0
0,2024-07-28,240,1006.2,1009.6,1002.2
0,2024-07-29,239,997.5,1001.4,995.6
0,2024-07-30,245,1000.3,1003.0,998.5
0,2024-07-31,266,1005.1,1006.9,1003.0
0,2024-08-01,341,1006.0,1007.2,1005.1
0,2024-08-02,11,1006.0,1007.0,1004.9
0,2024-08-03,293,1007.1,1008.1,1006.0
0,2024-08-04,248,1007.8,1008.7,1006.6
0,2024-08-05,280,1007.7,1008.4,1006.7
0,2024-08-06,33,1006.4,1007.7,1005.6
0,2024-08-07,285,1003.8,1005.8,1002.9
0,2024-08-08,249,1003.5,1004.5,1002.5
0,2024-08-09,19,1003.6,1004.2,1002.7
0,2024-08-10,66,1004.2,1005.1,1003.4
0,2024-08-11,64,1003.0,1004.6,1001.3
0,2024-08-12,78,1001.6,1005.1,998.4
0,2024-08-13,221,1006.1,1006.9,1005.4
0,2024-08-14,245,1006.9,1008.2,1005.5
0,2024-08-15,309,1008.0,1009.0,1006.9
0,2024-08-16,78,1007.8,1009.1,1006.8
0,2024-08-17,65,1008.3,1009.7,1006.9
0,2024-08-18,241,1010.7,1012.8,1009.1
0,2024-08-19,255,1012.5,1013.8,1011.3
0,2024-08-20,331,1013.1,1013.9,1012.5
0,2024-08-21,34,1011.6,1013.6,1010.3
0,2024-08-22,215,1007.8,1010.3,1006.0
0,2024-08-23,219,1007.1,1009.5,1005.7
0,2024-08-24,263,1010.6,1011.8,1009.3
0,2024-08-25,64,1010.1,1011.4,1009.1
0,2024-08-26,257,1009.3,1010.9,1007.0
0,2024-08-27,211,1007.8,1011.0,1005.6
0,2024-08-28,49,1011.6,1012.3,1010.9
0,2024-08-29,24,1010.3,1012.2,1008.0
0,2024-08-30,33,1003.1,1007.7,999.7
0,2024-08-31,230,1003.4,1008.5,998.8
0,2024-09-01,278,1007.1,1008.6,1006.3
0,2024-09-02,219,1009.0,1011.9,1006.8
0,2024-09-03,57,1012.1,1012.8,1011.1
0,2024-09-04,85,1010.2,1013.1,1008.4
0,2024-09-05,232,1005.5,1008.2,1003.7
0,2024-09-06,232,1012.1,1014.2,1009.0
0,2024-09-07,227,1013.6,1014.5,1012.2
0,2024-09-08,220,1014.5,1016.5,1012.6
0,2024-09-09,91,1016.3,1017.2,1015.4
0,2024-09-10,231,1014.9,1016.2,1013.5
0,2024-09-11,249,1016.1,1017.0,1015.1
0,2024-09-12,226,1013.0,1016.6,1009.8
0,2024-09-13,258,1009.2,1011.4,1007.6
0,2024-09-14,222,1007.1,1011.3,1003.1
0,2024-09-15,265,1014.6,1020.0,1008.4
0,2024-09-16,113,1016.8,1020.5,1014.2
0,2024-09-17,241,1013.3,1015.0,1012.4
0,2024-09-18,215,1013.5,1014.7,1012.8
0,2024-09-19,234,1012.5,1015.1,1007.7
0,2024-09-20,289,1011.3,1013.5,1008.2
0,2024-09-21,77,1010.8,1013.3,1007.1
0,2024-09-22,71,1010.4,1015.6,1006.1
0,2024-09-23,81,1018.4,1020.7,1015.9
0,2024-09-24,118,1019.8,1020.9,1019.0
0,2024-09-25,116,1016.4,1020.0,1014.2
0,2024-09-26,198,1012.7,1014.5,1011.8
0,2024-09-27,228,1014.3,1016.1,1012.5
0,2024-09-28,58,1018.3,1021.2,1015.9
0,2024-09-29,84,1020.1,1021.8,1018.6
0,2024-09-30,170,1013.3,1018.3,1010.9
0,2024-10-01,219,1007.1,1010.8,1005.0
0,2024-10-02,249,1015.7,1023.8,1006.8
0,2024-10-03,73,1020.1,1024.0,1017.0
0,2024-10-04,228,1016.9,1022.3,1012.0
0,2024-10-05,243,1022.1,1022.9,1021.2
0,2024-10-06,202,1017.2,1022.0,1013.4
0,2024-10-07,213,1011.5,1013.3,1010.5
0,2024-10-08,209,1014.4,1016.5,1012.2
0,2024-10-09,74,1016.3,1017.2,1015.0
0,2024-10-10,83,1015.7,1017.4,1014.7
0,2024-10-11,157,1018.0,1021.7,1014.9
0,2024-10-12,216,1022.2,1024.6,1020.4
0,2024-10-13,248,1026.0,1027.2,1023.7
0,2024-10-14,97,1023.3,1026.4,1021.3
0,2024-10-15,209,1016.8,1021.2,1012.6
0,2024-10-16,236,1021.8,1024.7,1018.1
0,2024-10-17,231,1024.6,1025.7,1022.9
0,2024-10-18,204,1013.8,1023.5,1001.8
0,2024-10-19,285,1016.4,1029.0,1003.4
0,2024-10-20,278,1032.0,1033.7,1029.6
0,2024-10-21,144,1027.8,1031.6,1024.9
0,2024-10-22,54,1018.6,1025.2,1011.0
0,2024-10-23,229,1008.6,1015.3,1003.7
0,2024-10-24,237,1020.1,1025.9,1015.9
0,2024-10-25,223,1025.6,1026.7,1024.4
0,2024-10-26,221,1020.2,1024.5,1015.7
0,2024-10-27,241,1008.9,1015.1,1005.2
0,2024-10-28,306,1015.5,1023.2,1007.9
0,2024-10-29,118,1020.2,1023.4,1015.9
0,2024-10-30,243,1018.1,1023.3,1014.2
0,2024-10-31,236,1023.7,1024.6,1022.4
0,2024-11-01,205,1019.3,1023.1,1016.0
0,2024-11-02,231,1014.9,1019.3,1012.3
0,2024-11-03,239,1019.5,1021.6,1015.5
0,2024-11-04,246,1014.2,1019.6,1010.7
0,2024-11-05,275,1019.2,1020.2,1017.7
0,2024-11-06,253,1016.8,1021.0,1015.2
0,2024-11-07,275,1025.8,1029.4,1021.5
0,2024-11-08,233,1026.8,1029.4,1025.6
0,2024-11-09,225,1027.5,1028.6,1026.4
0,2024-11-10,201,1020.1,1026.1,1016.3
0,2024-11-11,227,1016.8,1018.0,1015.0
0,2024-11-12,254,1015.3,1022.2,1010.8
0,2024-11-13,235,1024.5,1026.0,1022.1
0,2024-11-14,183,1021.6,1025.7,1018.2
0,2024-11-15,213,1020.5,1022.7,1016.6
0,2024-11-16,190,1015.4,1023.0,1009.0
0,2024-11-17,274,1014.5,1018.3,1008.4
0,2024-11-18,269,1021.3,1026.9,1017.0
0,2024-11-19,227,1026.2,1027.7,1024.0
0,2024-11-20,197,1018.6,1023.8,1015.4
0,2024-11-21,237,1013.0,1015.7,1009.8
0,2024-11-22,221,1010.4,1014.7,1008.9
0,2024-11-23,235,1019.8,1023.6,1015.4
0,2024-11-24,269,1025.5,1028.0,1023.2
0,2024-11-25,240,1028.2,1029.7,1024.6
0,2024-11-26,174,1011.7,1023.4,1005.0
0,2024-11-27,223,1002.8,1005.3,1001.2
0,2024-11-28,210,999.7,1004.1,995.0
0,2024-11-29,229,997.7,999.8,995.5
0,2024-11-30,254,1002.2,1009.8,997.7
0,2024-12-01,230,1014.7,1017.5,1010.5
0,2024-12-02,202,1013.0,1017.7,1009.8
0,2024-12-03,299,1013.8,1016.1,1010.4
0,2024-12-04,213,1010.2,1013.0,1004.9
0,2024-12-05,227,1005.4,1006.8,1001.1
0,2024-12-06,271,1006.6,1011.2,1001.2
0,2024-12-07,241,1008.1,1011.4,1006.0
0,2024-12-08,244,1010.9,1013.4,1006.7
0,2024-12-09,270,1014.0,1015.2,1012.8
0,2024-12-10,238,1012.8,1015.5,1010.6
0,2024-12-11,276,1012.4,1014.7,1009.1
0,2024-12-12,247,1014.0,1014.8,1013.1
0,2024-12-13,254,1010.5,1013.8,1009.0
0,2024-12-14,234,1009.1,1010.8,1006.3
0,2024-12-15,254,1005.6,1011.1,1001.9
0,2024-12-16,245,1013.6,1015.1,1011.7
0,2024-12-17,252,1015.0,1016.1,1013.7
0,2024-12-18,214,1017.1,1018.7,1015.3
0,2024-12-19,245,1017.0,1018.3,1016.1
0,2024-12-20,264,1015.5,1018.2,1009.7
0,2024-12-21,20,1004.4,1009.7,1001.9
0,2024-12-22,254,1005.1,1009.3,1001.9
0,2024-12-23,243,1009.8,1012.5,1008.3
0,2024-12-24,250,1017.8,1023.1,1012.8
0,2024-12-25,208,1016.6,1023.7,1008.0
0,2024-12-26,261,1006.1,1009.0,1004.8
0,2024-12-27,268,1005.0,1006.2,1003.9
0,2024-12-28,249,1009.1,1011.0,1006.6
0,2024-12-29,248,1015.8,1019.2,1011.3
0,2024-12-30,223,1011.9,1019.6,1002.4
0,2024-12-31,226,1004.6,1012.4,999.2
0,2025-01-01,244,1013.6,1014.7,1012.6
0,2025-01-02,236,1015.4,1016.8,1014.3
0,2025-01-03,189,1016.2,1017.3,1015.3
0,2025-01-04,250,1019.0,1021.5,1016.9
0,2025-01-05,200,1018.8,1022.4,1013.4
0,2025-01-06,128,1006.9,1014.4,998.1
0,2025-01-07,206,999.5,1004.7,992.8
0,2025-01-08,259,1004.8,1005.5,1003.7
0,2025-01-09,222,1003.9,1005.5,1002.2
0,2025-01-10,184,1011.6,1019.1,1003.0
0,2025-01-11,172,1020.2,1021.5,1018.7
0,2025-01-12,188,1016.5,1020.7,1014.3
0,2025-01-13,223,1015.3,1016.9,1012.9
0,2025-01-14,249,1012.6,1014.3,1011.1
0,2025-01-15,255,1012.7,1016.0,1009.6
0,2025-01-16,237,1011.1,1016.5,1004.7
0,2025-01-17,266,1018.6,1022.2,1013.7
0,2025-01-18,203,1021.2,1023.2,1018.2
0,2025-01-19,206,1013.6,1017.9,1011.4
0,2025-01-20,212,1013.4,1017.0,1010.3
0,2025-01-21,90,1018.4,1020.0,1016.8
0,2025-01-22,205,1021.1,1021.9,1019.2
0,2025-01-23,205,1018.4,1021.7,1017.3
0,2025-01-24,215,1019.9,1021.5,1018.0
0,2025-01-25,57,1022.1,1023.2,1020.1
0,2025-01-26,96,1019.4,1023.7,1015.4
0,2025-01-27,198,1010.0,1016.1,1005.4
0,2025-01-28,207,1002.8,1005.6,999.3
0,2025-01-29,259,1003.9,1007.2,999.1
0,2025-01-30,273,1011.3,1015.5,1007.6
0,2025-01-31,263,1018.6,1020.5,1016.0
0,2025-02-01,244,1019.6,1020.8,1018.6
0,2025-02-02,201,1015.5,1019.0,1010.9
0,2025-02-03,173,999.2,1009.7,991.6
0,2025-02-04,234,993.0,994.9,991.4
0,2025-02-05,239,993.4,998.4,991.2
0,2025-02-06,240,1001.8,1003.5,999.2
0,2025-02-07,231,999.9,1002.6,998.1
0,2025-02-08,209,1005.7,1010.2,1001.0
0,2025-02-09,271,1011.6,1012.9,1009.9
0,2025-02-10,263,1013.6,1015.9,1012.5
0,2025-02-11,259,1019.2,1021.6,1016.4
0,2025-02-12,221,1002.8,1016.4,992.5
0,2025-02-13,272,1006.4,1008.8,999.4
0,2025-02-14,271,1011.3,1016.5,1007.5
0,2025-02-15,228,1013.6,1016.4,1009.7
0,2025-02-16,218,1005.6,1009.0,1002.3
0,2025-02-17,265,1002.7,1007.5,998.6
0,2025-02-18,226,1007.3,1008.7,1006.0
0,2025-02-19,225,1012.0,1015.1,1008.2
0,2025-02-20,206,1016.0,1018.1,1014.3
0,2025-02-21,208,1017.5,1019.2,1016.4
0,2025-02-22,215,1016.5,1018.3,1014.2
0,2025-02-23,220,1016.8,1018.5,1015.8
0,2025-02-24,225,1018.4,1020.7,1016.0
0,2025-02-25,226,1014.3,1021.1,1007.2
0,2025-02-26,255,1012.8,1016.8,1008.3
0,2025-02-27,237,1018.0,1018.7,1017.1
0,2025-02-28,212,1015.7,1018.1,1014.0
0,2025-03-01,227,1015.1,1018.5,1012.1
0,2025-03-02,284,1016.9,1020.1,1013.0
0,2025-03-03,303,1024.1,1028.2,1019.8
0,2025-03-04,88,1025.7,1029.2,1020.8
0,2025-03-05,84,1014.1,1020.7,1009.9
0,2025-03-06,6,1014.0,1017.8,1011.0
0,2025-03-07,267,1023.2,1027.4,1018.3
0,2025-03-08,222,1026.8,1027.8,1026.1
0,2025-03-09,235,1026.9,1030.0,1025.4
0,2025-03-10,210,1026.8,1030.9,1022.4
0,2025-03-11,213,1018.9,1022.0,1017.6
0,2025-03-12,212,1012.0,1018.6,1007.1
0,2025-03-13,254,1013.1,1017.0,1009.1
0,2025-03-14,267,1020.8,1024.9,1017.0
0,2025-03-15,255,1023.9,1025.9,1018.7
0,2025-03-16,73,1002.9,1018.3,992.4
0,2025-03-17,313,1004.0,1011.5,993.1
0,2025-03-18,110,1013.5,1015.5,1011.9
0,2025-03-19,246,1013.8,1015.5,1011.2
0,2025-03-20,217,1011.2,1015.4,1004.7
0,2025-03-21,212,1000.9,1004.6,996.8
0,2025-03-22,234,1000.9,1005.6,997.3
0,2025-03-23,237,1010.7,1012.9,1006.6
0,2025-03-24,215,1002.3,1011.0,999.1
0,2025-03-25,212,996.2,1000.2,989.8
0,2025-03-26,248,1007.3,1011.5,994.7
0,2025-03-27,191,999.5,1006.4,996.2
0,2025-03-28,254,1005.2,1013.4,996.1
0,2025-03-29,227,1016.3,1018.7,1013.2
0,2025-03-30,244,1021.6,1026.3,1014.8
0,2025-03-31,240,1027.9,1029.4,1026.3
0,2025-04-01,76,1027.3,1029.4,1024.0
0,2025-04-02,75,1018.3,1023.6,1014.4
0,2025-04-03,136,1012.3,1014.1,1011.1
0,2025-04-04,237,1015.7,1019.1,1012.5
0,2025-04-05,254,1017.4,1019.5,1015.0
0,2025-04-06,199,1012.3,1014.8,1011.4
0,2025-04-07,242,1012.3,1013.5,1010.8
0,2025-04-08,276,1008.6,1012.1,1006.7
0,2025-04-09,229,1010.2,1011.6,1009.3
0,2025-04-10,168,1007.6,1010.1,1006.3
0,2025-04-11,45,1011.7,1016.0,1008.0
0,2025-04-12,65,1013.9,1016.5,1009.1
0,2025-04-13,115,1005.8,1009.3,1002.1
0,2025-04-14,196,999.4,1002.4,995.6
0,2025-04-15,267,992.0,995.1,990.5
0,2025-04-16,241,1001.9,1009.1,993.9
0,2025-04-17,230,1009.6,1012.1,1007.3
0,2025-04-18,230,1008.8,1011.8,1006.4
0,2025-04-19,263,1010.4,1013.3,1005.5
0,2025-04-20,243,1011.7,1016.1,1005.5
0,2025-04-21,253,1016.9,1018.5,1015.4
0,2025-04-22,33,1009.4,1015.8,1004.2
0,2025-04-23,39,1004.3,1005.3,1002.8
0,2025-04-24,102,1004.3,1005.6,1002.9
0,2025-04-25,231,1007.8,1010.8,1002.2
0,2025-04-26,233,1009.3,1010.2,1008.5
0,2025-04-27,244,1008.8,1010.4,1007.0
0,2025-04-28,84,1004.8,1010.5,998.6
0,2025-04-29,248,1003.3,1012.4,998.3
0,2025-04-30,250,1019.0,1021.8,1013.2
0,2025-05-01,16,1016.0,1020.7,1011.1
0,2025-05-02,178,1005.9,1010.4,1003.4
0,2025-05-03,229,1004.7,1007.2,1001.6
0,2025-05-04,231,1004.0,1007.8,1001.6
0,2025-05-05,238,1011.2,1013.5,1008.0
0,2025-05-06,46,1005.8,1010.8,1001.9
0,2025-05-07,215,1011.5,1018.7,1004.2
0,2025-05-08,226,1020.6,1022.8,1018.4
0,2025-05-09,33,1013.2,1021.1,1002.1
0,2025-05-10,227,993.9,1000.6,990.3
0,2025-05-11,243,1002.3,1006.8,994.6
0,2025-05-12,220,1009.7,1013.8,1006.7
0,2025-05-13,217,1016.6,1018.9,1013.9
0,2025-05-14,7,1018.7,1019.6,1018.2
0,2025-05-15,215,1017.1,1018.5,1016.2
0,2025-05-16,227,1015.5,1017.9,1011.8
0,2025-05-17,229,1002.8,1010.9,999.8
0,2025-05-18,227,1006.3,1010.7,1001.0
0,2025-05-19,226,1007.2,1010.2,1003.7
0,2025-05-20,241,1008.8,1011.0,1003.8
0,2025-05-21,17,1006.7,1009.9,1004.3
0,2025-05-22,247,1007.0,1012.4,1003.1
0,2025-05-23,272,1015.7,1017.5,1012.9
0,2025-05-24,82,1010.8,1016.0,1002.3
0,2025-05-25,111,1005.9,1013.4,1001.1
0,2025-05-26,249,1019.3,1022.3,1013.9
0,2025-05-27,27,1020.8,1022.4,1019.9
0,2025-05-28,203,1017.8,1019.7,1016.5
0,2025-05-29,240,1015.4,1017.0,1013.5
0,2025-05-30,42,1010.9,1014.1,1009.3
0,2025-05-31,70,1007.6,1010.9,1005.3
0,2025-06-01,246,1004.5,1005.6,1002.7
0,2025-06-02,273,1004.8,1006.0,1003.0
0,2025-06-03,21,997.3,1002.6,993.8
0,2025-06-04,233,998.7,1002.8,994.8
0,2025-06-05,225,1006.5,1009.1,1002.9
0,2025-06-06,213,1007.4,1009.2,1005.8
0,2025-06-07,222,1006.5,1007.7,1004.8
0,2025-06-08,249,1009.8,1011.9,1007.6
0,2025-06-09,351,1009.7,1011.5,1008.7
0,2025-06-10,299,1005.4,1008.8,1004.0
0,2025-06-11,245,1006.3,1012.0,1002.9
0,2025-06-12,252,1016.2,1018.6,1012.3
0,2025-06-13,350,1014.9,1018.2,1011.4
0,2025-06-14,293,1004.3,1010.9,999.4
0,2025-06-15,302,1000.3,1002.5,998.0
0,2025-06-16,249,1000.6,1004.0,998.2
0,2025-06-17,222,1006.6,1009.9,1004.0
0,2025-06-18,254,1012.0,1014.0,1009.7
0,2025-06-19,11,1014.2,1015.2,1013.3
0,2025-06-20,14,1011.4,1014.5,1008.8
0,2025-06-21,221,1004.1,1008.5,1000.0
0,2025-06-22,230,1004.5,1007.0,1000.8
0,2025-06-23,239,1009.6,1012.5,1007.1
0,2025-06-24,273,1013.5,1015.0,1012.2
0,2025-06-25,360,1011.0,1014.0,1008.2
0,2025-06-26,224,1004.5,1007.7,1002.9
0,2025-06-27,250,1004.6,1006.9,1002.7
0,2025-06-28,242,1007.0,1008.2,1005.9
0,2025-06-29,251,1009.2,1010.8,1007.9
0,2025-06-30,219,1010.1,1011.0,1008.9
0,2025-07-01,226,1011.5,1012.3,1010.5
0,2025-07-02,207,1011.5,1012.6,1010.7
0,2025-07-03,216,1007.8,1010.5,1005.6
0,2025-07-04,214,1002.8,1005.7,1000.1
0,2025-07-05,239,1002.1,1003.2,1001.4
0,2025-07-06,218,1001.6,1003.5,1000.0
0,2025-07-07,244,1005.9,1008.7,1003.6
0,2025-07-08,239,1009.5,1011.0,1008.1
0,2025-07-09,50,1011.6,1013.4,1010.2
0,2025-07-10,85,1014.6,1016.3,1013.3
0,2025-07-11,88,1015.0,1016.4,1013.6
0,2025-07-12,48,1008.8,1013.2,1006.5
0,2025-07-13,351,1004.0,1006.2,1002.4
0,2025-07-14,66,998.3,1001.9,996.3
0,2025-07-15,328,1004.4,1008.6,1000.8
0,2025-07-16,216,1011.3,1013.1,1009.1
0,2025-07-17,202,1013.1,1014.1,1012.1
0,2025-07-18,215,1014.0,1014.8,1013.3
0,2025-07-19,233,1014.1,1014.8,1013.5
0,2025-07-20,223,1014.0,1014.6,1013.4
0,2025-07-21,223,1012.9,1013.9,1012.3
0,2025-07-22,231,1011.5,1012.7,1010.7
0,2025-07-23,245,1010.9,1011.5,1009.8
0,2025-07-24,253,1010.3,1011.8,1008.9
0,2025-07-25,244,1010.8,1011.6,1010.1
0,2025-07-26,223,1008.2,1010.8,1006.1
0,2025-07-27,235,1004.6,1005.8,1003.9
0,2025-07-28,247,1002.7,1003.7,1001.8
0,2025-07-29,4,1003.1,1004.2,1002.3
0,2025-07-30,43,1004.1,1005.7,1002.7
0,2025-07-31,28,1004.5,1005.7,1003.4
0,2025-08-01,38,1002.3,1004.3,1000.9
0,2025-08-02,346,1000.6,1003.2,998.6
0,2025-08-03,316,1003.4,1004.6,1002.1
0,2025-08-04,357,1002.8,1004.6,1000.4
0,2025-08-05,238,1002.3,1003.5,1000.3
0,2025-08-06,233,998.6,1003.0,994.2
0,2025-08-07,224,995.3,998.5,992.8
0,2025-08-08,233,1002.5,1006.0,998.8
0,2025-08-09,259,1005.8,1007.3,1004.5
0,2025-08-10,28,1002.7,1004.5,1001.5
0,2025-08-11,221,1005.3,1007.8,1002.8
0,2025-08-12,223,1012.3,1016.9,1008.0
0,2025-08-13,297,1016.5,1017.6,1015.7
0,2025-08-14,224,1012.5,1015.8,1010.0
0,2025-08-15,232,1013.1,1014.0,1011.8
0,2025-08-16,221,1012.4,1014.3,1010.5
0,2025-08-17,221,1010.2,1014.1,1007.1
0,2025-08-18,224,1012.7,1014.3,1009.3
0,2025-08-19,219,1007.5,1009.0,1006.9
0,2025-08-20,212,1006.5,1008.2,1005.5
0,2025-08-21,238,1009.9,1011.5,1007.8
0,2025-08-22,211,1008.8,1011.3,1006.7
0,2025-08-23,242,1009.0,1012.2,1006.2
0,2025-08-24,43,1012.7,1013.8,1011.7
0,2025-08-25,354,1011.9,1013.9,1009.9
0,2025-08-26,212,1006.1,1009.6,1003.4
0,2025-08-27,234,1008.7,1013.5,1003.4
0,2025-08-28,232,1013.7,1014.7,1013.0
0,2025-08-29,211,1011.3,1014.3,1009.0
0,2025-08-30,244,1012.3,1014.2,1009.6
0,2025-08-31,192,1011.5,1014.0,1009.1
0,2025-09-01,216,1006.6,1009.0,1005.0
0,2025-09-02,218,1006.0,1010.2,1004.1
0,2025-09-03,239,1013.0,1015.3,1010.4
0,2025-09-04,43,1012.3,1015.6,1009.4
0,2025-09-05,57,1007.3,1009.0,1005.5
0,2025-09-06,214,1007.2,1009.6,1003.4
0,2025-09-07,217,1004.6,1008.5,1001.7
0,2025-09-08,258,1010.3,1011.8,1008.5
0,2025-09-09,206,1012.4,1015.1,1010.9
0,2025-09-10,49,1014.3,1015.3,1013.3
0,2025-09-11,33,1017.0,1018.6,1015.2
0,2025-09-12,90,1016.5,1018.9,1013.1
0,2025-09-13,218,1004.7,1012.7,997.5
0,2025-09-14,262,1012.0,1014.4,1006.7
0,2025-09-15,221,1013.5,1014.5,1012.8
0,2025-09-16,227,1010.0,1014.0,1005.9
0,2025-09-17,238,1007.6,1009.0,1006.0
0,2025-09-18,293,1013.8,1018.9,1009.0
0,2025-09-19,101,1018.0,1020.1,1015.1
0,2025-09-20,225,1004.2,1015.5,994.2
0,2025-09-21,264,1014.0,1020.7,1007.1
0,2025-09-22,200,1021.9,1023.3,1020.7
0,2025-09-23,51,1022.2,1023.4,1021.3
0,2025-09-24,185,1017.9,1022.4,1012.5
0,2025-09-25,216,1012.7,1014.3,1010.6
0,2025-09-26,236,1013.6,1015.8,1012.3
0,2025-09-27,226,1015.4,1016.4,1014.6
0,2025-09-28,218,1008.7,1014.5,1001.9
0,2025-09-29,205,1005.8,1011.1,1002.2
0,2025-09-30,258,1012.1,1013.2,1010.7
0,2025-10-01,204,1012.3,1013.9,1011.2
0,2025-10-02,217,1017.2,1021.7,1013.6
0,2025-10-03,225,1021.8,1022.6,1021.0
0,2025-10-04,146,1015.4,1020.7,1013.0
0,2025-10-05,315,1011.0,1014.4,1009.7
0,2025-10-06,44,1019.2,1022.0,1015.1
0,2025-10-07,168,1016.6,1022.3,1012.8
0,2025-10-08,285,1014.9,1020.0,1011.3
0,2025-10-09,92,1019.7,1021.7,1018.1
0,2025-10-10,328,1021.4,1022.9,1019.5
0,2025-10-11,105,1016.5,1022.6,1011.7
0,2025-10-12,305,1011.3,1014.1,1009.4
0,2025-10-13,69,1017.2,1020.2,1014.0
0,2025-10-14,160,1020.4,1022.9,1018.1
0,2025-10-15,234,1022.5,1024.5,1020.3
0,2025-10-16,44,1019.0,1022.0,1017.1
0,2025-10-17,237,1021.1,1023.6,1017.1
0,2025-10-18,287,1015.1,1022.5,1009.7
0,2025-10-19,244,1021.5,1023.0,1019.4
0,2025-10-20,262,1023.7,1026.5,1021.0
0,2025-10-21,244,1027.6,1029.4,1025.5
0,2025-10-22,221,1029.7,1030.4,1028.3
0,2025-10-23,328,1028.8,1030.6,1027.6
0,2025-10-24,196,1027.7,1029.7,1026.7
0,2025-10-25,91,1021.9,1027.2,1017.1
0,2025-10-26,232,1006.9,1016.2,1002.1
0,2025-10-27,257,1007.9,1013.6,1002.5
0,2025-10-28,251,1019.9,1027.2,1014.2
0,2025-10-29,224,1028.7,1030.1,1026.8
0,2025-10-30,192,1025.3,1029.1,1023.5
0,2025-10-31,15,1011.6,1023.2,992.7
0,2025-11-01,242,1000.2,1007.1,993.0
0,2025-11-02,310,1009.6,1015.1,1007.6
0,2025-11-03,16,1022.8,1028.1,1015.7
0,2025-11-04,201,1025.7,1028.0,1024.5
0,2025-11-05,211,1023.2,1024.8,1021.4
0,2025-11-06,263,1017.0,1020.8,1015.7
0,2025-11-07,287,1021.8,1028.1,1016.1
0,2025-11-08,221,1024.5,1028.7,1017.3
0,2025-11-09,213,1005.5,1016.5,1001.1
0,2025-11-10,263,1006.8,1012.1,1001.1
0,2025-11-11,275,1017.0,1022.4,1012.1
0,2025-11-12,222,1018.3,1022.4,1011.6
0,2025-11-13,243,1010.4,1014.4,1007.3
0,2025-11-14,270,1018.0,1022.5,1014.3
0,2025-11-15,230,1026.0,1028.7,1023.1
0,2025-11-16,205,1020.1,1028.9,1008.0
0,2025-11-17,268,1009.8,1011.1,1007.7
0,2025-11-18,247,1012.7,1017.4,1009.7
0,2025-11-19,227,1019.5,1020.7,1017.6
0,2025-11-20,210,1013.8,1019.9,1009.9
0,2025-11-21,256,1015.3,1020.8,1011.8
0,2025-11-22,228,1021.4,1022.9,1020.4
0,2025-11-23,205,1018.2,1020.8,1016.3
0,2025-11-24,208,1013.8,1016.7,1012.2
0,2025-11-25,60,1010.1,1014.8,1008.4
0,2025-11-26,181,1020.1,1022.4,1015.7
0,2025-11-27,192,1009.1,1021.4,999.9
0,2025-11-28,264,1008.5,1016.9,1000.8
0,2025-11-29,226,1016.0,1017.9,1012.4
0,2025-11-30,202,1012.6,1015.0,1007.6
0,2025-12-01,233,1013.9,1017.5,1007.4
0,2025-12-02,232,1010.7,1016.0,1008.2
0,2025-12-03,302,1004.9,1009.3,1001.1
0,2025-12-04,259,1009.4,1011.1,1008.2
0,2025-12-05,242,1014.8,1018.8,1011.9
0,2025-12-06,204,1016.2,1019.5,1014.0
0,2025-12-07,206,1013.1,1014.6,1009.9
0,2025-12-08,244,1014.0,1019.2,1005.9
0,2025-12-09,260,1019.7,1021.4,1018.6
0,2025-12-10,223,1019.3,1022.5,1012.6
0,2025-12-11,264,1011.2,1019.0,1003.9
0,2025-12-12,284,1023.9,1026.4,1020.2
0,2025-12-13,215,1021.3,1026.7,1011.9
0,2025-12-14,72,998.8,1010.5,992.3
0,2025-12-15,264,1014.0,1016.8,1006.3
0,2025-12-16,259,1016.2,1018.8,1012.8
0,2025-12-17,260,1017.2,1022.1,1015.0
0,2025-12-18,241,1024.9,1027.4,1022.8
0,2025-12-19,205,1022.7,1027.3,1018.9
0,2025-12-20,213,1014.3,1019.0,1009.5
0,2025-12-21,267,1016.7,1024.7,1008.6
0,2025-12-22,238,1029.5,1032.5,1026.0
0,2025-12-23,160,1023.2,1031.8,1016.2
0,2025-12-24,206,1011.2,1015.7,1008.5
0,2025-12-25,278,1001.4,1008.2,995.3
0,2025-12-26,278,1007.4,1014.9,1000.8
0,2025-12-27,247,1015.3,1017.6,1014.0
0,2025-12-28,219,1018.6,1020.7,1015.3
0,2025-12-29,207,1012.0,1015.9,1009.5
0,2025-12-30,256,1012.2,1014.2,1009.5
0,2025-12-31,270,1011.4,1014.2,1009.6
0,2026-01-01,238,1008.5,1010.0,1006.5
0,2026-01-02,205,1008.5,1009.8,1007.2
0,2026-01-03,250,1010.2,1011.5,1008.9
0,2026-01-04,265,1009.6,1011.1,1008.9
0,2026-01-05,251,1009.1,1011.2,1007.6
0,2026-01-06,236,1014.9,1016.8,1012.0
0,2026-01-07,222,1006.9,1014.2,1005.3
0,2026-01-08,262,1010.3,1015.2,1005.5
0,2026-01-09,228,1014.4,1016.5,1010.7
0,2026-01-10,208,1000.1,1010.4,994.7
0,2026-01-11,263,998.4,1006.4,994.2
0,2026-01-12,241,1007.2,1009.6,1001.4
0,2026-01-13,256,999.3,1008.7,988.3
0,2026-01-14,258,1012.2,1014.4,1009.7
0,2026-01-15,224,1008.9,1014.6,1006.4
0,2026-01-16,253,1011.8,1013.7,1008.6
0,2026-01-17,259,1014.1,1020.4,1010.2
0,2026-01-18,241,1020.5,1021.8,1017.3
0,2026-01-19,257,1008.6,1017.1,1004.7
0,2026-01-20,257,1008.3,1009.6,1006.3
0,2026-01-21,232,1005.9,1008.4,1004.7
0,2026-01-22,242,1008.8,1012.7,1006.2
0,2026-01-23,234,1013.2,1014.1,1011.4
0,2026-01-24,244,1010.1,1012.7,1009.0
0,2026-01-25,269,1013.0,1017.9,1009.0
0,2026-01-26,236,1015.7,1018.2,1011.8
0,2026-01-27,230,1010.7,1013.5,1007.4
0,2026-01-28,219,1014.2,1015.1,1013.0
0,2026-01-29,226,1012.5,1014.8,1010.0
0,2026-01-30,226,1012.7,1014.2,1010.3
0,2026-01-31,225,1012.9,1014.6,1011.9
1,2021-01-01,271,1011.9,1014.6,1008.4
1,2021-01-02,256,1016.4,1018.8,1012.8
1,2021-01-03,243,1018.8,1021.1,1016.9
1,2021-01-04,249,1021.1,1022.2,1019.2
1,2021-01-05,223,1017.9,1021.3,1016.6
1,2021-01-06,210,1009.8,1017.2,999.0
1,2021-01-07,277,995.4,1003.0,985.7
1,2021-01-08,244,1005.3,1007.3,1002.9
1,2021-01-09,236,1007.7,1011.5,1004.2
1,2021-01-10,252,1014.9,1019.2,1011.3
1,2021-01-11,234,1020.8,1022.8,1017.8
1,2021-01-12,197,1009.4,1017.4,1005.9
1,2021-01-13,224,1008.8,1012.3,1006.6
1,2021-01-14,264,1017.9,1024.2,1009.2
1,2021-01-15,196,1014.0,1024.1,1002.6
1,2021-01-16,258,1008.7,1012.2,1004.8
1,2021-01-17,245,1013.4,1015.0,1010.6
1,2021-01-18,227,1005.9,1014.6,1000.2
1,2021-01-19,277,1018.6,1024.9,1007.1
1,2021-01-20,238,1024.3,1026.6,1020.5
1,2021-01-21,231,1016.2,1019.9,1012.6
1,2021-01-22,307,1018.4,1024.1,1013.1
1,2021-01-23,176,1024.5,1025.3,1023.5
1,2021-01-24,172,1023.0,1024.2,1022.0
1,2021-01-25,255,1025.3,1026.6,1023.3
1,2021-01-26,158,1015.6,1025.8,1005.9
1,2021-01-27,270,1013.0,1019.1,1006.4
1,2021-01-28,132,1005.4,1018.8,992.9
1,2021-01-29,252,997.1,1002.3,993.3
1,2021-01-30,262,1013.1,1019.0,1003.9
1,2021-01-31,265,1024.6,1026.6,1020.4
1,2021-02-01,215,1007.7,1023.1,998.8
1,2021-02-02,279,1005.9,1010.7,999.3
1,2021-02-03,260,1012.1,1014.2,1010.7
1,2021-02-04,268,1010.0,1015.1,1005.6
1,2021-02-05,233,1011.5,1014.5,1007.6
1,2021-02-06,236,1007.2,1008.0,1005.3
1,2021-02-07,285,1007.8,1009.5,1005.7
1,2021-02-08,274,1007.1,1009.4,1005.5
1,2021-02-09,267,1011.5,1013.4,1009.0
1,2021-02-10,269,1010.9,1014.0,1009.5
1,2021-02-11,285,1020.7,1026.4,1014.2
1,2021-02-12,172,1026.9,1028.2,1025.6
1,2021-02-13,204,1021.1,1025.5,1018.0
1,2021-02-14,219,1012.6,1017.9,1004.7
1,2021-02-15,263,984.9,1003.3,974.7
1,2021-02-16,254,989.7,993.1,984.0
1,2021-02-17,248,992.9,994.9,991.3
1,2021-02-18,271,1000.2,1005.6,995.6
1,2021-02-19,234,1003.9,1007.1,998.2
1,2021-02-20,251,999.9,1007.4,994.4
1,2021-02-21,312,1009.1,1010.7,1006.7
1,2021-02-22,303,1003.0,1008.2,999.1
1,2021-02-23,284,1010.4,1016.4,1004.7
1,2021-02-24,282,1018.1,1022.3,1014.8
1,2021-02-25,252,1019.1,1022.0,1014.6
1,2021-02-26,281,1020.3,1026.5,1016.5
1,2021-02-27,264,1029.8,1031.3,1027.1
1,2021-02-28,232,1024.4,1030.1,1021.1
1,2021-03-01,210,1013.2,1020.5,1002.6
1,2021-03-02,304,1008.6,1023.7,996.4
1,2021-03-03,283,1028.9,1031.0,1024.8
1,2021-03-04,201,1024.1,1030.0,1021.0
1,2021-03-05,239,1015.9,1020.1,1011.9
1,2021-03-06,306,1023.4,1027.9,1017.0
1,2021-03-07,262,1025.1,1027.9,1023.8
1,2021-03-08,248,1024.4,1025.7,1022.1
1,2021-03-09,222,1016.7,1024.7,1009.9
1,2021-03-10,269,1020.9,1026.2,1013.8
1,2021-03-11,236,1023.1,1025.7,1021.8
1,2021-03-12,60,1022.2,1023.7,1020.6
1,2021-03-13,68,1010.6,1021.2,1001.8
1,2021-03-14,280,1005.5,1009.6,1002.8
1,2021-03-15,243,1009.5,1011.3,1007.5
1,2021-03-16,246,1003.4,1007.4,999.9
1,2021-03-17,263,1011.3,1015.4,1007.1
1,2021-03-18,274,1016.8,1019.7,1014.2
1,2021-03-19,288,1020.8,1023.7,1018.1
1,2021-03-20,114,1016.7,1023.6,1006.9
1,2021-03-21,251,998.1,1006.4,994.3
1,2021-03-22,251,1008.2,1015.4,1001.8
1,2021-03-23,233,1016.6,1019.0,1015.2
1,2021-03-24,229,1018.7,1020.1,1017.5
1,2021-03-25,241,1013.1,1017.7,1010.5
1,2021-03-26,296,1015.4,1021.2,1010.5
1,2021-03-27,146,1017.9,1021.6,1012.9
1,2021-03-28,193,1005.3,1012.9,1000.1
1,2021-03-29,240,1001.6,1007.8,996.5
1,2021-03-30,248,1008.8,1011.7,1006.8
1,2021-03-31,279,1013.2,1018.7,1009.4
1,2021-04-01,309,1023.6,1028.7,1019.1
1,2021-04-02,132,1024.4,1028.7,1019.4
1,2021-04-03,219,1013.3,1018.6,1010.4
1,2021-04-04,39,1009.0,1013.4,1006.9
1,2021-04-05,120,1018.8,1021.9,1014.3
1,2021-04-06,125,1017.2,1022.3,1013.3
1,2021-04-07,224,1011.0,1013.5,1010.0
1,2021-04-08,278,1012.2,1013.9,1010.9
1,2021-04-09,274,1020.4,1027.9,1014.5
1,2021-04-10,270,1030.2,1032.6,1027.6
1,2021-04-11,184,1031.5,1032.9,1030.3
1,2021-04-12,181,1022.4,1029.9,1014.7
1,2021-04-13,214,1005.9,1012.6,1003.3
1,2021-04-14,291,1010.8,1016.7,1005.5
1,2021-04-15,256,1021.0,1024.4,1016.6
1,2021-04-16,159,1020.3,1023.7,1017.3
1,2021-04-17,143,1006.6,1016.5,989.7
1,2021-04-18,245,989.7,998.5,985.8
1,2021-04-19,246,1003.6,1006.8,998.4
1,2021-04-20,252,1011.2,1015.7,1005.3
1,2021-04-21,279,1015.4,1017.2,1013.5
1,2021-04-22,13,1021.2,1023.2,1017.3
1,2021-04-23,132,1020.7,1022.9,1017.8
1,2021-04-24,232,1012.0,1017.3,1008.4
1,2021-04-25,307,1012.8,1018.4,1009.3
1,2021-04-26,294,1019.5,1021.2,1017.3
1,2021-04-27,191,1018.4,1021.1,1016.4
1,2021-04-28,223,1013.1,1015.7,1012.0
1,2021-04-29,355,1003.3,1012.0,993.0
1,2021-04-30,264,1000.6,1006.6,995.4
1,2021-05-01,67,1002.8,1006.6,998.0
1,2021-05-02,284,1000.7,1003.6,997.5
1,2021-05-03,271,1006.0,1009.4,1001.2
1,2021-05-04,263,1012.9,1016.2,1009.7
1,2021-05-05,223,1009.0,1012.3,1005.8
1,2021-05-06,235,1013.0,1014.7,1010.8
1,2021-05-07,207,1003.1,1010.6,999.5
1,2021-05-08,241,1000.7,1003.1,997.1
1,2021-05-09,241,998.4,1001.2,995.4
1,2021-05-10,271,1007.6,1011.9,1001.7
1,2021-05-11,223,1015.8,1020.8,1012.0
1,2021-05-12,129,1017.7,1020.6,1015.0
1,2021-05-13,37,1011.9,1014.6,1010.9
1,2021-05-14,276,1013.2,1016.6,1010.1
1,2021-05-15,158,1012.2,1016.3,1008.9
1,2021-05-16,198,1001.3,1007.8,995.2
1,2021-05-17,245,1000.3,1007.0,994.0
1,2021-05-18,93,1009.2,1010.3,1007.7
1,2021-05-19,192,1009.0,1012.9,1007.3
1,2021-05-20,101,1010.3,1013.0,1006.1
1,2021-05-21,93,1003.5,1005.1,1002.2
1,2021-05-22,85,1004.3,1005.5,1003.5
1,2021-05-23,135,1004.4,1005.3,1003.2
1,2021-05-24,229,1001.7,1004.5,999.0
1,2021-05-25,251,999.4,1002.7,997.6
1,2021-05-26,243,1006.8,1009.2,1003.3
1,2021-05-27,132,999.3,1006.4,994.8
1,2021-05-28,106,1002.0,1004.8,996.6
1,2021-05-29,243,999.7,1003.0,996.2
1,2021-05-30,273,1006.5,1011.2,1002.5
1,2021-05-31,355,1013.1,1016.3,1010.4
1,2021-06-01,96,1016.2,1017.0,1015.6
1,2021-06-02,80,1015.0,1016.4,1013.5
1,2021-06-03,122,1007.6,1014.4,998.7
1,2021-06-04,214,996.3,999.4,993.0
1,2021-06-05,228,1001.1,1003.7,998.8
1,2021-06-06,246,1006.3,1010.5,1002.6
1,2021-06-07,257,1010.6,1011.5,1009.6
1,2021-06-08,247,1011.0,1014.5,1009.0
1,2021-06-09,130,1015.6,1016.7,1014.4
1,2021-06-10,150,1016.0,1016.9,1015.2
1,2021-06-11,201,1013.8,1015.3,1012.9
1,2021-06-12,240,1011.1,1012.9,1010.2
1,2021-06-13,69,1007.7,1009.8,1006.7
1,2021-06-14,44,1005.3,1006.8,1004.5
1,2021-06-15,94,1006.2,1007.9,1004.9
1,2021-06-16,106,1008.0,1008.8,1007.3
1,2021-06-17,85,1005.7,1007.9,1003.8
1,2021-06-18,109,1002.7,1003.9,1001.6
1,2021-06-19,131,998.3,1002.3,995.6
1,2021-06-20,69,999.8,1002.2,997.9
1,2021-06-21,115,1005.0,1008.5,1002.2
1,2021-06-22,121,1008.8,1010.1,1007.8
1,2021-06-23,132,1010.2,1010.9,1009.5
1,2021-06-24,146,1010.8,1011.8,1009.5
1,2021-06-25,69,1011.3,1012.3,1010.7
1,2021-06-26,79,1011.3,1012.3,1010.4
1,2021-06-27,51,1007.4,1010.6,1005.6
1,2021-06-28,89,1006.1,1006.9,1005.4
1,2021-06-29,115,1006.7,1009.6,1004.9
1,2021-06-30,131,1010.7,1012.0,1009.5
1,2021-07-01,136,1010.9,1011.8,1009.2
1,2021-07-02,101,1010.4,1011.5,1009.2
1,2021-07-03,89,1012.0,1013.6,1010.6
1,2021-07-04,130,1009.8,1013.4,1005.6
1,2021-07-05,232,1004.0,1005.7,1002.2
1,2021-07-06,357,1007.2,1008.4,1006.0
1,2021-07-07,91,1007.4,1008.2,1006.7
1,2021-07-08,115,1008.0,1008.8,1007.3
1,2021-07-09,125,1007.2,1008.5,1006.4
1,2021-07-10,135,1007.4,1008.4,1006.4
1,2021-07-11,34,1008.4,1009.4,1007.2
1,2021-07-12,54,1010.6,1012.7,1009.0
1,2021-07-13,89,1014.1,1016.1,1012.7
1,2021-07-14,95,1016.4,1018.1,1015.4
1,2021-07-15,63,1017.4,1018.2,1016.6
1,2021-07-16,29,1016.3,1018.3,1015.1
1,2021-07-17,126,1013.3,1014.7,1012.4
1,2021-07-18,158,1012.4,1013.7,1011.3
1,2021-07-19,141,1013.1,1014.1,1012.2
1,2021-07-20,87,1012.9,1013.9,1011.6
1,2021-07-21,98,1012.8,1013.6,1012.2
1,2021-07-22,111,1010.4,1012.1,1009.5
1,2021-07-23,129,1009.3,1010.3,1008.4
1,2021-07-24,73,1009.5,1010.4,1008.7
1,2021-07-25,103,1008.5,1010.0,1007.6
1,2021-07-26,68,1005.2,1008.2,1001.6
1,2021-07-27,81,1000.9,1002.0,999.7
1,2021-07-28,118,999.2,1000.9,996.3
1,2021-07-29,142,1000.3,1001.2,999.2
1,2021-07-30,114,1001.6,1004.1,1000.0
1,2021-07-31,42,1002.2,1004.2,999.7
1,2021-08-01,70,1001.8,1005.0,999.8
1,2021-08-02,199,1006.5,1008.5,1004.5
1,2021-08-03,37,1008.7,1009.3,1008.1
1,2021-08-04,213,1006.8,1008.7,1005.8
1,2021-08-05,125,1004.8,1006.0,1004.3
1,2021-08-06,142,1004.1,1004.8,1002.9
1,2021-08-07,139,1002.6,1004.1,1001.8
1,2021-08-08,95,1002.1,1003.3,1001.3
1,2021-08-09,95,995.9,1003.6,986.0
1,2021-08-10,17,999.3,1008.9,987.9
1,2021-08-11,115,1012.8,1014.3,1010.6
1,2021-08-12,123,1012.3,1014.5,1011.0
1,2021-08-13,111,1011.8,1013.0,1010.3
1,2021-08-14,88,1011.0,1012.8,1010.0
1,2021-08-15,103,1015.3,1017.1,1013.4
1,2021-08-16,130,1016.2,1017.4,1015.2
1,2021-08-17,117,1012.3,1016.0,1006.9
1,2021-08-18,222,1007.1,1011.5,1003.9
1,2021-08-19,94,1014.0,1016.5,1011.6
1,2021-08-20,95,1015.8,1016.9,1014.9
1,2021-08-21,127,1012.7,1015.2,1010.5
1,2021-08-22,145,1008.3,1010.5,1006.3
1,2021-08-23,317,1008.5,1010.6,1006.4
1,2021-08-24,118,1007.1,1010.2,1003.4
1,2021-08-25,220,1004.6,1006.9,1002.2
1,2021-08-26,266,1007.7,1009.4,1006.7
1,2021-08-27,233,1008.4,1009.6,1007.5
1,2021-08-28,232,1007.1,1009.1,1005.0
1,2021-08-29,231,1009.3,1010.3,1008.1
1,2021-08-30,236,1009.1,1010.4,1007.7
1,2021-08-31,270,1010.7,1012.4,1008.6
1,2021-09-01,202,1009.6,1011.5,1008.8
1,2021-09-02,106,1009.8,1011.6,1008.7
1,2021-09-03,112,1012.9,1015.4,1011.3
1,2021-09-04,99,1017.2,1018.8,1015.6
1,2021-09-05,94,1019.4,1020.3,1018.6
1,2021-09-06,91,1018.1,1019.5,1017.4
1,2021-09-07,125,1015.7,1017.5,1013.4
1,2021-09-08,143,1010.4,1012.5,1008.8
1,2021-09-09,245,1009.8,1012.0,1007.7
1,2021-09-10,87,1011.9,1012.9,1011.3
1,2021-09-11,169,1008.7,1011.4,1007.3
1,2021-09-12,244,1007.0,1009.8,1005.2
1,2021-09-13,306,1015.7,1018.6,1011.3
1,2021-09-14,43,1017.0,1019.0,1015.7
1,2021-09-15,102,1017.6,1019.2,1015.9
1,2021-09-16,135,1016.6,1019.0,1014.3
1,2021-09-17,149,1010.6,1013.9,1006.7
1,2021-09-18,285,1007.9,1012.1,1004.6
1,2021-09-19,285,1013.6,1016.2,1011.4
1,2021-09-20,133,1016.0,1017.6,1014.8
1,2021-09-21,191,1009.8,1014.1,1006.9
1,2021-09-22,227,1006.4,1007.8,1004.8
1,2021-09-23,238,1009.2,1013.4,1006.9
1,2021-09-24,18,1021.1,1025.2,1015.1
1,2021-09-25,56,1024.6,1025.7,1022.6
1,2021-09-26,144,1020.0,1022.5,1018.8
1,2021-09-27,138,1018.0,1019.3,1017.2
1,2021-09-28,141,1015.4,1017.5,1014.5
1,2021-09-29,158,1009.6,1014.9,1005.3
1,2021-09-30,245,1005.4,1007.8,1002.4
1,2021-10-01,68,1004.1,1007.2,1002.6
1,2021-10-02,274,1010.1,1019.6,1003.5
1,2021-10-03,228,1019.8,1022.0,1017.8
1,2021-10-04,239,1017.3,1018.3,1016.6
1,2021-10-05,59,1015.4,1018.6,1012.1
1,2021-10-06,276,1018.7,1020.1,1016.4
1,2021-10-07,88,1015.9,1020.6,1012.5
1,2021-10-08,327,1022.1,1027.2,1018.2
1,2021-10-09,136,1025.3,1028.2,1021.1
1,2021-10-10,208,1013.3,1020.7,1008.2
1,2021-10-11,270,1018.4,1024.6,1011.9
1,2021-10-12,95,1025.8,1026.5,1024.6
1,2021-10-13,120,1022.4,1026.4,1018.3
1,2021-10-14,210,1013.5,1018.6,1011.1
1,2021-10-15,274,1014.7,1017.1,1011.3
1,2021-10-16,267,1009.7,1017.0,1004.8
1,2021-10-17,262,1016.7,1022.3,1010.8
1,2021-10-18,195,1021.8,1023.7,1018.8
1,2021-10-19,198,1007.5,1017.2,999.5
1,2021-10-20,283,1002.4,1010.5,995.1
1,2021-10-21,257,1014.6,1017.5,1011.0
1,2021-10-22,258,1014.2,1016.8,1012.6
1,2021-10-23,262,1018.5,1021.6,1014.8
1,2021-10-24,235,1022.5,1024.6,1019.9
1,2021-10-25,172,1020.8,1024.2,1018.1
1,2021-10-26,218,1014.1,1017.8,1012.3
1,2021-10-27,210,1011.6,1014.2,1009.8
1,2021-10-28,255,1014.9,1019.6,1010.7
1,2021-10-29,298,1020.6,1023.7,1018.6
1,2021-10-30,202,1023.7,1024.5,1022.4
1,2021-10-31,222,1020.8,1023.2,1020.1
1,2021-11-01,111,1018.7,1021.1,1015.7
1,2021-11-02,181,1012.3,1016.0,1010.7
1,2021-11-03,339,1010.9,1011.7,1009.8
1,2021-11-04,276,1013.2,1016.1,1010.8
1,2021-11-05,251,1018.2,1020.5,1015.9
1,2021-11-06,223,1020.6,1023.4,1018.9
1,2021-11-07,218,1023.2,1024.0,1021.6
1,2021-11-08,131,1017.5,1023.7,1010.5
1,2021-11-09,191,999.6,1009.1,994.4
1,2021-11-10,221,995.5,998.0,993.9
1,2021-11-11,225,1001.7,1004.8,998.0
1,2021-11-12,233,1006.8,1011.3,1003.6
1,2021-11-13,237,1014.0,1015.9,1010.9
1,2021-11-14,229,1011.4,1014.3,1009.8
1,2021-11-15,269,1015.4,1018.0,1011.9
1,2021-11-16,257,1017.8,1019.5,1015.4
1,2021-11-17,251,1018.8,1020.0,1016.5
1,2021-11-18,211,1013.0,1016.5,1012.2
1,2021-11-19,260,1012.2,1018.4,1007.6
1,2021-11-20,263,1020.0,1021.1,1018.0
1,2021-11-21,180,1018.0,1021.8,1011.4
1,2021-11-22,233,998.8,1010.4,993.7
1,2021-11-23,240,998.4,1000.2,996.7
1,2021-11-24,243,1003.5,1006.2,1000.4
1,2021-11-25,249,1006.9,1010.0,1004.6
1,2021-11-26,252,1011.7,1014.3,1009.4
1,2021-11-27,278,1020.0,1026.1,1014.1
1,2021-11-28,247,1026.4,1027.7,1024.8
1,2021-11-29,224,1021.0,1024.6,1019.4
1,2021-11-30,170,1007.6,1020.1,990.5
1,2021-12-01,249,995.7,1003.4,988.4
1,2021-12-02,227,1010.8,1015.2,1005.1
1,2021-12-03,217,1006.9,1010.7,1004.9
1,2021-12-04,273,1014.7,1024.8,1008.2
1,2021-12-05,240,1028.0,1029.8,1025.3
1,2021-12-06,212,1024.8,1028.5,1023.2
1,2021-12-07,40,1021.7,1023.6,1020.6
1,2021-12-08,48,1026.0,1029.6,1022.7
1,2021-12-09,150,1028.4,1030.3,1026.1
1,2021-12-10,186,1021.4,1026.2,1018.9
1,2021-12-11,238,1016.3,1018.9,1013.1
1,2021-12-12,248,1003.8,1012.3,1000.5
1,2021-12-13,267,1010.9,1017.2,1004.3
1,2021-12-14,229,1013.2,1017.3,1010.3
1,2021-12-15,238,1014.7,1017.4,1010.6
1,2021-12-16,212,1008.2,1016.9,999.4
1,2021-12-17,289,996.3,1003.4,990.8
1,2021-12-18,268,1007.6,1009.2,1004.6
1,2021-12-19,240,1008.9,1011.8,1007.3
1,2021-12-20,225,1009.3,1013.0,1004.3
1,2021-12-21,272,1005.9,1010.0,1004.1
1,2021-12-22,267,1013.3,1017.0,1009.9
1,2021-12-23,274,1018.2,1019.7,1016.7
1,2021-12-24,312,1014.2,1019.4,1009.6
1,2021-12-25,258,1007.0,1009.5,1005.4
1,2021-12-26,244,1007.3,1009.7,1003.0
1,2021-12-27,249,1009.5,1013.9,1007.8
1,2021-12-28,246,1017.7,1019.0,1015.6
1,2021-12-29,221,1008.6,1017.4,1005.1
1,2021-12-30,295,1004.8,1005.9,1002.8
1,2021-12-31,276,1006.5,1009.2,1004.9
1,2022-01-01,263,1016.1,1019.2,1010.1
1,2022-01-02,245,1010.9,1017.9,1006.7
1,2022-01-03,270,1010.2,1012.6,1008.6
1,2022-01-04,280,1011.8,1015.9,1008.4
1,2022-01-05,258,1020.5,1022.4,1016.9
1,2022-01-06,237,1016.4,1022.2,1011.5
1,2022-01-07,262,1016.2,1018.9,1011.7
1,2022-01-08,227,1013.0,1018.8,1007.9
1,2022-01-09,288,1015.2,1019.1,1010.3
1,2022-01-10,237,1016.5,1019.5,1009.8
1,2022-01-11,231,994.3,1008.5,988.0
1,2022-01-12,258,990.7,996.1,982.8
1,2022-01-13,261,994.1,996.1,992.1
1,2022-01-14,263,1003.0,1011.6,996.6
1,2022-01-15,253,1015.1,1017.4,1012.1
1,2022-01-16,219,1009.5,1015.4,1006.2
1,2022-01-17,249,1006.0,1008.7,1004.5
1,2022-01-18,266,1009.2,1014.4,1004.7
1,2022-01-19,223,1011.5,1014.6,1008.4
1,2022-01-20,40,1012.4,1015.4,1009.3
1,2022-01-21,291,1018.5,1021.1,1016.0
1,2022-01-22,260,1021.2,1022.1,1020.2
1,2022-01-23,274,1014.1,1019.8,1009.6
1,2022-01-24,279,1015.5,1018.4,1012.8
1,2022-01-25,247,1017.5,1018.6,1016.3
1,2022-01-26,242,1012.3,1016.2,1010.4
1,2022-01-27,253,1012.1,1013.1,1011.0
1,2022-01-28,248,1009.3,1012.2,1008.3
1,2022-01-29,258,1007.9,1009.6,1006.0
1,2022-01-30,272,1009.4,1010.3,1007.9
1,2022-01-31,271,1012.3,1014.6,1008.4
1,2022-02-01,250,1010.3,1014.5,1009.2
1,2022-02-02,261,1011.7,1012.6,1011.1
1,2022-02-03,262,1010.4,1011.2,1008.4
1,2022-02-04,252,1006.2,1010.3,1003.4
1,2022-02-05,252,1004.4,1006.9,1001.7
1,2022-02-06,265,1010.1,1014.8,1005.8
1,2022-02-07,259,1017.7,1019.8,1015.1
1,2022-02-08,259,1019.4,1021.9,1017.0
1,2022-02-09,267,1022.3,1023.7,1020.6
1,2022-02-10,76,1020.2,1022.2,1019.2
1,2022-02-11,159,1021.6,1022.4,1020.7
1,2022-02-12,188,1018.9,1021.7,1017.4
1,2022-02-13,264,1018.6,1020.1,1017.4
1,2022-02-14,73,1017.1,1018.8,1015.5
1,2022-02-15,146,1007.5,1015.5,1002.7
1,2022-02-16,104,1004.0,1005.9,1002.3
1,2022-02-17,104,1011.1,1018.6,1006.1
1,2022-02-18,277,1022.1,1024.1,1019.7
1,2022-02-19,194,1012.5,1023.3,1001.8
1,2022-02-20,284,999.4,1002.4,998.4
1,2022-02-21,270,1005.8,1009.0,1000.8
1,2022-02-22,265,1011.2,1014.0,1007.8
1,2022-02-23,261,1013.7,1014.7,1012.3
1,2022-02-24,260,1011.8,1013.9,1010.7
1,2022-02-25,255,1012.3,1013.8,1010.2
1,2022-02-26,236,1007.1,1012.5,1002.0
1,2022-02-27,263,1006.5,1011.4,998.5
1,2022-02-28,260,1014.0,1017.4,1011.0
1,2022-03-01,253,1005.7,1012.3,1002.5
1,2022-03-02,239,1006.1,1008.1,1001.0
1,2022-03-03,263,1007.3,1014.8,999.0
1,2022-03-04,232,1011.1,1014.7,1002.6
1,2022-03-05,231,996.3,1001.6,993.6
1,2022-03-06,275,998.4,1009.6,992.5
1,2022-03-07,285,1012.8,1014.5,1010.2
1,2022-03-08,241,1015.7,1019.1,1012.9
1,2022-03-09,186,1019.5,1021.2,1017.6
1,2022-03-10,198,1019.0,1021.2,1016.6
1,2022-03-11,238,1010.4,1016.1,1007.7
1,2022-03-12,278,1015.8,1018.3,1011.9
1,2022-03-13,108,1012.6,1017.6,1009.3
1,2022-03-14,110,1011.2,1014.3,1003.2
1,2022-03-15,226,1005.3,1012.9,998.3
1,2022-03-16,268,1012.5,1015.1,1010.4
1,2022-03-17,278,1017.8,1019.5,1014.9
1,2022-03-18,82,1009.9,1019.0,998.5
1,2022-03-19,330,999.0,1005.4,996.5
1,2022-03-20,271,1011.8,1016.2,1006.3
1,2022-03-21,259,1019.2,1021.4,1015.8
1,2022-03-22,226,1018.4,1020.6,1017.4
1,2022-03-23,187,1014.9,1018.1,1012.6
1,2022-03-24,238,1016.3,1023.5,1012.2
1,2022-03-25,181,1021.1,1024.5,1014.7
1,2022-03-26,207,999.8,1013.4,991.1
1,2022-03-27,256,1005.5,1011.6,1001.6
1,2022-03-28,263,1021.5,1028.2,1013.0
1,2022-03-29,190,1022.4,1028.2,1018.3
1,2022-03-30,262,1016.8,1018.0,1015.7
1,2022-03-31,286,1017.4,1019.0,1015.2
1,2022-04-01,279,1021.4,1025.0,1017.3
1,2022-04-02,241,1025.7,1028.2,1022.7
1,2022-04-03,127,1027.6,1028.5,1026.7
1,2022-04-04,187,1023.7,1027.2,1021.2
1,2022-04-05,191,1015.7,1020.9,1011.9
1,2022-04-06,268,1015.5,1019.5,1010.7
1,2022-04-07,117,1010.9,1019.1,1004.9
1,2022-04-08,255,1014.6,1016.5,1012.1
1,2022-04-09,239,1010.9,1015.2,1007.1
1,2022-04-10,199,1013.9,1015.5,1012.1
1,2022-04-11,235,1011.2,1012.8,1009.5
1,2022-04-12,251,1007.4,1010.1,1005.9
1,2022-04-13,53,1016.3,1023.3,1009.6
1,2022-04-14,107,1019.6,1024.0,1015.2
1,2022-04-15,62,1012.7,1016.2,1009.8
1,2022-04-16,243,1010.8,1014.5,1007.1
1,2022-04-17,234,1015.3,1016.5,1013.2
1,2022-04-18,297,1012.5,1015.6,1010.5
1,2022-04-19,201,1016.3,1017.7,1014.4
1,2022-04-20,206,1015.4,1017.2,1013.7
1,2022-04-21,213,1011.8,1015.8,1007.4
1,2022-04-22,244,1003.7,1007.3,1001.8
1,2022-04-23,252,1009.9,1014.4,1003.3
1,2022-04-24,212,1008.3,1012.0,1006.4
1,2022-04-25,118,1011.7,1013.8,1008.6
1,2022-04-26,214,999.0,1008.0,991.6
1,2022-04-27,244,1009.6,1017.3,998.7
1,2022-04-28,291,1017.2,1018.9,1015.1
1,2022-04-29,94,1013.6,1017.0,1011.3
1,2022-04-30,300,1013.2,1015.0,1010.6
1,2022-05-01,210,1007.4,1010.0,1006.2
1,2022-05-02,254,1007.7,1011.5,1005.1
1,2022-05-03,235,1011.8,1014.3,1008.6
1,2022-05-04,236,1014.5,1019.9,1006.5
1,2022-05-05,210,1018.6,1019.5,1017.6
1,2022-05-06,180,1015.3,1018.7,1013.0
1,2022-05-07,230,1009.6,1013.0,1006.9
1,2022-05-08,250,1013.2,1014.7,1011.2
1,2022-05-09,239,1015.5,1018.1,1012.7
1,2022-05-10,197,1018.2,1019.6,1016.8
1,2022-05-11,183,1015.0,1018.3,1013.9
1,2022-05-12,109,1011.5,1014.6,1009.0
1,2022-05-13,134,1002.9,1009.7,995.9
1,2022-05-14,245,1001.1,1006.1,994.1
1,2022-05-15,243,1008.9,1011.8,1006.0
1,2022-05-16,165,1010.6,1012.2,1007.9
1,2022-05-17,183,1014.0,1016.3,1011.7
1,2022-05-18,183,1015.1,1016.6,1013.5
1,2022-05-19,230,1011.4,1013.4,1010.4
1,2022-05-20,225,1010.5,1011.6,1009.8
1,2022-05-21,149,1007.8,1009.8,1005.5
1,2022-05-22,105,1005.6,1008.2,1003.9
1,2022-05-23,244,1010.7,1013.5,1008.0
1,2022-05-24,121,1013.0,1014.1,1011.9
1,2022-05-25,127,1008.7,1012.1,1007.3
1,2022-05-26,148,1003.7,1007.4,1000.6
1,2022-05-27,182,995.9,999.8,994.5
1,2022-05-28,261,996.9,999.8,994.4
1,2022-05-29,324,1003.3,1007.5,999.3
1,2022-05-30,112,1007.0,1008.4,1004.5
1,2022-05-31,165,1001.7,1005.1,999.6
1,2022-06-01,297,1005.4,1007.3,1003.8
1,2022-06-02,4,1005.3,1007.1,1004.4
1,2022-06-03,83,1008.6,1009.9,1007.3
1,2022-06-04,357,1010.1,1011.4,1009.2
1,2022-06-05,102,1011.4,1013.0,1010.0
1,2022-06-06,85,1005.1,1009.6,1002.1
1,2022-06-07,81,1007.6,1011.0,1003.9
1,2022-06-08,117,1012.6,1014.7,1010.7
1,2022-06-09,102,1014.6,1015.3,1013.4
1,2022-06-10,108,1014.3,1015.5,1012.5
1,2022-06-11,22,1012.0,1015.0,1010.0
1,2022-06-12,1,1008.9,1011.9,1007.4
1,2022-06-13,90,1016.4,1018.8,1012.4
1,2022-06-14,115,1016.1,1018.8,1013.5
1,2022-06-15,155,1007.8,1012.3,1004.4
1,2022-06-16,245,1004.1,1005.4,1002.9
1,2022-06-17,182,1006.4,1007.8,1004.9
1,2022-06-18,245,1005.5,1007.2,1003.9
1,2022-06-19,237,1001.5,1004.1,999.5
1,2022-06-20,268,1002.7,1007.2,1000.0
1,2022-06-21,91,1008.0,1009.1,1006.5
1,2022-06-22,121,1008.9,1010.0,1008.0
1,2022-06-23,140,1005.5,1009.0,999.9
1,2022-06-24,212,996.4,998.6,994.7
1,2022-06-25,236,1003.2,1006.6,998.9
1,2022-06-26,239,1006.6,1007.8,1005.6
1,2022-06-27,244,1006.8,1008.6,1004.4
1,2022-06-28,236,1003.6,1007.5,1000.4
1,2022-06-29,244,1003.6,1006.8,1001.8
1,2022-06-30,74,1010.4,1012.9,1007.6
1,2022-07-01,19,1012.9,1013.6,1012.5
1,2022-07-02,226,1010.2,1012.0,1008.9
1,2022-07-03,234,1006.4,1008.6,1005.6
1,2022-07-04,237,1006.3,1007.5,1004.8
1,2022-07-05,68,1007.3,1009.0,1006.3
1,2022-07-06,83,1010.6,1012.0,1009.4
1,2022-07-07,83,1010.7,1012.3,1008.9
1,2022-07-08,91,1007.6,1010.1,1006.1
1,2022-07-09,40,1003.5,1005.9,1001.3
1,2022-07-10,346,1005.6,1007.7,1003.3
1,2022-07-11,123,1006.8,1008.0,1005.9
1,2022-07-12,115,1007.0,1007.8,1006.2
1,2022-07-13,107,1006.6,1007.9,1005.7
1,2022-07-14,114,1004.3,1006.0,1002.5
1,2022-07-15,119,1003.1,1004.5,1001.5
1,2022-07-16,83,1002.8,1005.0,1000.2
1,2022-07-17,346,998.6,1000.1,997.1
1,2022-07-18,140,1001.3,1002.7,999.9
1,2022-07-19,74,998.8,1001.5,997.0
1,2022-07-20,98,1002.3,1003.6,1000.3
1,2022-07-21,68,1002.7,1003.8,1001.6
1,2022-07-22,122,998.8,1002.3,996.7
1,2022-07-23,32,1001.9,1004.5,999.2
1,2022-07-24,92,1006.8,1008.8,1005.0
1,2022-07-25,85,1008.8,1009.4,1007.9
1,2022-07-26,59,1008.8,1009.8,1007.9
1,2022-07-27,48,1010.6,1012.5,1009.4
1,2022-07-28,101,1013.5,1014.4,1012.4
1,2022-07-29,82,1013.8,1014.9,1013.0
1,2022-07-30,246,1010.7,1013.1,1009.4
1,2022-07-31,294,1009.9,1011.5,1008.0
1,2022-08-01,161,1009.1,1011.2,1005.8
1,2022-08-02,224,1007.3,1009.3,1006.0
1,2022-08-03,95,1007.4,1009.2,1005.3
1,2022-08-04,110,1008.3,1009.2,1007.7
1,2022-08-05,120,1008.1,1008.9,1007.3
1,2022-08-06,133,1008.1,1009.2,1006.9
1,2022-08-07,200,1007.8,1009.4,1006.8
1,2022-08-08,226,1004.2,1007.0,1002.7
1,2022-08-09,219,1003.0,1004.8,1000.1
1,2022-08-10,204,1004.9,1006.1,1003.7
1,2022-08-11,220,1004.0,1006.4,1001.1
1,2022-08-12,225,1004.0,1005.6,1002.5
1,2022-08-13,21,1004.6,1005.5,1003.3
1,2022-08-14,1,1004.0,1005.1,1002.8
1,2022-08-15,164,999.5,1004.5,995.6
1,2022-08-16,239,997.9,1005.9,992.6
1,2022-08-17,117,1007.5,1009.4,1004.9
1,2022-08-18,31,999.5,1003.7,996.2
1,2022-08-19,261,1000.1,1001.6,998.8
1,2022-08-20,221,998.6,1002.6,995.7
1,2022-08-21,139,1005.5,1007.4,1003.2
1,2022-08-22,154,1003.8,1007.4,1000.4
1,2022-08-23,244,1001.1,1005.4,998.1
1,2022-08-24,284,1006.0,1007.5,1004.8
1,2022-08-25,146,1003.9,1006.0,1003.0
1,2022-08-26,106,1005.4,1007.0,1004.2
1,2022-08-27,216,1005.2,1008.9,1002.0
1,2022-08-28,232,1013.3,1017.6,1009.9
1,2022-08-29,136,1016.4,1018.2,1014.1
1,2022-08-30,125,1011.0,1013.5,1008.6
1,2022-08-31,160,1004.3,1008.7,1001.7
1,2022-09-01,203,1010.2,1014.0,1007.4
1,2022-09-02,306,1016.0,1017.4,1014.2
1,2022-09-03,94,1016.4,1017.5,1015.6
1,2022-09-04,120,1015.3,1016.5,1014.2
1,2022-09-05,141,1011.8,1014.2,1009.4
1,2022-09-06,178,1006.4,1011.2,1003.2
1,2022-09-07,4,1014.3,1017.1,1011.8
1,2022-09-08,97,1015.5,1017.7,1013.9
1,2022-09-09,327,1014.9,1017.6,1012.7
1,2022-09-10,99,1018.1,1019.1,1017.1
1,2022-09-11,123,1015.6,1017.8,1014.7
1,2022-09-12,149,1012.9,1015.1,1012.0
1,2022-09-13,316,1013.7,1017.6,1012.0
1,2022-09-14,26,1016.9,1018.1,1015.5
1,2022-09-15,141,1012.6,1015.2,1011.4
1,2022-09-16,133,1012.3,1013.1,1011.4
1,2022-09-17,189,1010.8,1013.0,1009.7
1,2022-09-18,69,1006.2,1009.8,1001.5
1,2022-09-19,264,993.7,1001.3,990.2
1,2022-09-20,298,1007.1,1013.2,997.7
1,2022-09-21,285,1018.4,1021.8,1014.1
1,2022-09-22,131,1018.6,1022.1,1015.0
1,2022-09-23,159,1008.8,1014.2,1005.7
1,2022-09-24,233,1009.8,1014.3,1006.1
1,2022-09-25,218,1014.7,1015.8,1013.6
1,2022-09-26,180,1014.7,1015.7,1013.9
1,2022-09-27,268,1013.9,1015.8,1012.3
1,2022-09-28,228,1009.0,1012.7,1007.6
1,2022-09-29,226,1011.9,1014.9,1008.7
1,2022-09-30,189,1014.7,1015.3,1014.1
1,2022-10-01,192,1016.1,1019.5,1014.1
1,2022-10-02,115,1020.7,1022.0,1019.7
1,2022-10-03,193,1013.4,1019.6,1005.9
1,2022-10-04,269,1005.4,1013.1,999.8
1,2022-10-05,283,1016.9,1020.1,1013.9
1,2022-10-06,265,1019.9,1020.9,1018.6
1,2022-10-07,57,1016.5,1020.3,1014.2
1,2022-10-08,321,1022.6,1027.0,1017.9
1,2022-10-09,127,1020.4,1026.8,1009.9
1,2022-10-10,210,1003.6,1007.6,1000.9
1,2022-10-11,243,1011.7,1020.8,1004.8
1,2022-10-12,274,1025.1,1027.4,1021.4
1,2022-10-13,169,1023.5,1027.8,1020.9
1,2022-10-14,138,1017.6,1021.1,1015.9
1,2022-10-15,211,1017.3,1019.4,1015.2
1,2022-10-16,171,1013.3,1019.6,1007.5
1,2022-10-17,271,1006.7,1010.6,1003.0
1,2022-10-18,262,1013.9,1017.0,1010.5
1,2022-10-19,250,1018.8,1021.1,1016.4
1,2022-10-20,248,1020.4,1022.0,1018.6
1,2022-10-21,226,1017.9,1021.8,1013.7
1,2022-10-22,241,1010.4,1013.4,1009.6
1,2022-10-23,277,1010.4,1012.6,1008.2
1,2022-10-24,285,1016.1,1021.6,1011.8
1,2022-10-25,46,1025.3,1028.0,1022.2
1,2022-10-26,137,1025.8,1028.1,1024.2
1,2022-10-27,202,1023.3,1025.1,1022.2
1,2022-10-28,204,1020.3,1022.8,1019.6
1,2022-10-29,255,1019.1,1020.4,1018.3
1,2022-10-30,298,1020.9,1024.9,1018.1
1,2022-10-31,125,1024.8,1026.3,1022.7
1,2022-11-01,205,1016.7,1022.7,1014.5
1,2022-11-02,249,1014.2,1015.9,1012.3
1,2022-11-03,293,1008.7,1011.4,1007.3
1,2022-11-04,256,1012.5,1015.0,1009.2
1,2022-11-05,242,1015.9,1018.9,1013.1
1,2022-11-06,237,1019.5,1021.8,1017.4
1,2022-11-07,236,1017.9,1021.4,1015.6
1,2022-11-08,244,1017.1,1021.7,1013.1
1,2022-11-09,236,1019.9,1021.4,1018.4
1,2022-11-10,270,1020.9,1026.8,1016.5
1,2022-11-11,219,1025.4,1027.0,1021.8
1,2022-11-12,211,1015.2,1021.7,1006.4
1,2022-11-13,273,1003.3,1011.7,996.8
1,2022-11-14,265,1011.3,1012.2,1010.1
1,2022-11-15,256,1007.2,1009.5,1005.9
1,2022-11-16,268,1013.5,1019.9,1008.5
1,2022-11-17,259,1022.5,1024.7,1019.4
1,2022-11-18,211,1020.3,1024.3,1018.0
1,2022-11-19,291,1024.2,1025.6,1022.4
1,2022-11-20,152,1020.5,1024.9,1018.0
1,2022-11-21,239,1014.0,1017.6,1012.5
1,2022-11-22,291,1020.6,1022.5,1017.6
1,2022-11-23,96,1014.7,1022.5,1009.1
1,2022-11-24,292,1014.1,1019.0,1010.5
1,2022-11-25,209,1014.9,1019.3,1008.3
1,2022-11-26,253,1007.4,1015.1,1004.1
1,2022-11-27,267,1020.4,1025.4,1015.6
1,2022-11-28,201,1019.1,1025.3,1011.1
1,2022-11-29,244,1004.4,1010.0,1000.0
1,2022-11-30,293,1013.1,1018.4,1006.5
1,2022-12-01,263,1017.6,1019.9,1016.4
1,2022-12-02,232,1023.6,1025.7,1020.6
1,2022-12-03,227,1014.7,1022.9,1012.0
1,2022-12-04,279,1017.5,1019.6,1013.8
1,2022-12-05,249,1018.2,1020.1,1015.7
1,2022-12-06,229,1011.2,1015.5,1009.1
1,2022-12-07,232,1012.2,1013.4,1010.4
1,2022-12-08,269,1016.3,1019.7,1013.2
1,2022-12-09,240,1016.5,1019.5,1014.9
1,2022-12-10,251,1014.1,1015.8,1011.8
1,2022-12-11,286,1015.6,1020.5,1012.0
1,2022-12-12,169,1017.1,1021.7,1007.8
1,2022-12-13,229,1001.7,1007.2,998.5
1,2022-12-14,264,1005.3,1009.8,997.0
1,2022-12-15,251,1010.1,1012.4,1008.1
1,2022-12-16,261,1015.9,1018.2,1012.0
1,2022-12-17,212,1006.1,1018.1,998.4
1,2022-12-18,250,1004.5,1010.0,999.9
1,2022-12-19,240,1013.2,1015.6,1010.3
1,2022-12-20,251,1016.2,1017.7,1014.3
1,2022-12-21,141,1012.0,1018.1,1003.0
1,2022-12-22,202,986.2,1001.9,980.0
1,2022-12-23,238,984.4,985.7,983.1
1,2022-12-24,290,994.1,999.8,985.5
1,2022-12-25,267,1000.9,1004.8,998.1
1,2022-12-26,280,1010.9,1016.5,1005.7
1,2022-12-27,249,1018.4,1019.6,1016.4
1,2022-12-28,243,1013.8,1018.5,1010.6
1,2022-12-29,266,1015.5,1018.5,1011.7
1,2022-12-30,252,1018.5,1020.1,1015.9
1,2022-12-31,241,1016.7,1020.3,1013.7
1,2023-01-01,270,1011.9,1013.7,1009.7
1,2023-01-02,272,1012.7,1013.7,1011.7
1,2023-01-03,277,1010.7,1012.1,1009.7
1,2023-01-04,274,1013.3,1015.5,1010.5
1,2023-01-05,271,1015.5,1017.0,1013.9
1,2023-01-06,246,1014.2,1017.2,1011.7
1,2023-01-07,262,1012.2,1016.2,1009.9
1,2023-01-08,241,1016.5,1018.1,1015.3
1,2023-01-09,266,1010.2,1014.9,1008.3
1,2023-01-10,280,1016.2,1019.3,1011.7
1,2023-01-11,241,1016.9,1019.2,1015.9
1,2023-01-12,230,1019.2,1020.9,1017.6
1,2023-01-13,230,1010.1,1017.0,1004.5
1,2023-01-14,30,1007.7,1011.5,1004.6
1,2023-01-15,123,1010.0,1012.2,1008.0
1,2023-01-16,296,1013.5,1019.5,1008.0
1,2023-01-17,254,1018.6,1020.9,1014.2
1,2023-01-18,309,1018.2,1021.4,1014.7
1,2023-01-19,196,1016.5,1022.4,1012.3
1,2023-01-20,252,1006.7,1015.1,1000.7
1,2023-01-21,290,1020.9,1023.6,1016.9
1,2023-01-22,257,1022.4,1023.6,1021.3
1,2023-01-23,201,1010.0,1020.9,1000.7
1,2023-01-24,301,1000.3,1003.6,997.7
1,2023-01-25,274,1006.4,1010.8,1002.9
1,2023-01-26,258,1010.9,1012.2,1009.5
1,2023-01-27,246,1004.1,1009.5,1001.1
1,2023-01-28,264,1005.0,1009.9,1001.8
1,2023-01-29,239,1011.2,1012.5,1009.3
1,2023-01-30,273,1009.7,1014.0,1006.6
1,2023-01-31,240,1013.5,1015.2,1010.6
1,2023-02-01,242,1003.8,1011.1,998.6
1,2023-02-02,269,1015.1,1017.9,1011.9
1,2023-02-03,252,1016.6,1017.9,1015.5
1,2023-02-04,254,1015.9,1019.2,1012.9
1,2023-02-05,232,1018.4,1020.6,1015.6
1,2023-02-06,224,1017.5,1020.7,1015.5
1,2023-02-07,312,1018.3,1020.5,1016.9
1,2023-02-08,278,1017.4,1021.4,1015.9
1,2023-02-09,271,1026.0,1028.5,1022.4
1,2023-02-10,125,1019.2,1026.4,1014.9
1,2023-02-11,228,1019.9,1021.7,1017.4
1,2023-02-12,261,1016.2,1017.7,1013.8
1,2023-02-13,301,1008.1,1013.6,1006.4
1,2023-02-14,293,1009.0,1017.0,1005.2
1,2023-02-15,272,1021.0,1025.2,1017.3
1,2023-02-16,249,1023.9,1025.2,1022.9
1,2023-02-17,236,1020.1,1023.2,1018.7
1,2023-02-18,220,1014.6,1020.2,1006.7
1,2023-02-19,260,1001.4,1006.1,998.1
1,2023-02-20,268,1010.9,1017.2,1005.4
1,2023-02-21,271,1021.7,1026.7,1017.2
1,2023-02-22,246,1023.6,1026.4,1020.5
1,2023-02-23,237,1015.4,1019.8,1013.8
1,2023-02-24,246,1014.8,1016.5,1013.5
1,2023-02-25,272,1018.1,1020.1,1015.8
1,2023-02-26,288,1023.9,1028.8,1018.6
1,2023-02-27,248,1023.4,1028.0,1020.5
1,2023-02-28,237,1015.0,1020.1,1012.3
1,2023-03-01,262,1011.4,1014.3,1008.1
1,2023-03-02,278,1014.0,1019.5,1008.8
1,2023-03-03,247,1019.9,1022.2,1018.1
1,2023-03-04,282,1024.7,1027.2,1020.6
1,2023-03-05,219,1023.7,1027.2,1022.3
1,2023-03-06,226,1018.1,1022.2,1016.1
1,2023-03-07,235,1015.9,1016.9,1014.2
1,2023-03-08,242,1015.5,1020.8,1011.6
1,2023-03-09,140,1016.2,1020.6,1012.4
1,2023-03-10,271,1017.9,1025.1,1011.7
1,2023-03-11,310,1025.4,1026.7,1023.9
1,2023-03-12,131,1017.4,1024.8,1008.9
1,2023-03-13,240,1013.6,1021.0,1007.5
1,2023-03-14,294,1023.7,1026.6,1020.1
1,2023-03-15,143,1023.6,1026.9,1019.4
1,2023-03-16,250,1019.3,1022.2,1015.0
1,2023-03-17,245,1019.7,1022.4,1018.4
1,2023-03-18,253,1012.8,1018.1,1010.9
1,2023-03-19,253,1013.2,1015.3,1011.4
1,2023-03-20,237,1015.5,1016.4,1013.9
1,2023-03-21,155,1014.3,1016.0,1013.0
1,2023-03-22,123,1015.1,1016.6,1013.1
1,2023-03-23,207,1003.6,1011.8,997.1
1,2023-03-24,305,1012.5,1019.4,1001.8
1,2023-03-25,117,1017.7,1019.1,1016.2
1,2023-03-26,270,1009.1,1015.9,1005.4
1,2023-03-27,262,1018.3,1023.4,1011.3
1,2023-03-28,135,1023.2,1024.1,1022.3
1,2023-03-29,173,1020.9,1023.0,1020.0
1,2023-03-30,179,1016.3,1020.2,1013.4
1,2023-03-31,272,1013.4,1017.1,1010.7
1,2023-04-01,348,1018.0,1021.3,1015.2
1,2023-04-02,119,1021.5,1023.5,1020.2
1,2023-04-03,181,1022.7,1023.8,1021.7
1,2023-04-04,220,1020.0,1022.4,1018.6
1,2023-04-05,141,1016.3,1019.6,1012.5
1,2023-04-06,208,1007.3,1011.3,1004.1
1,2023-04-07,278,1002.2,1003.4,1000.7
1,2023-04-08,274,1002.9,1006.1,1000.1
1,2023-04-09,259,1012.0,1014.8,1007.2
1,2023-04-10,233,1012.2,1014.0,1011.2
1,2023-04-11,216,1007.2,1011.3,1001.1
1,2023-04-12,240,1007.7,1010.0,1004.3
1,2023-04-13,244,1010.5,1012.1,1009.3
1,2023-04-14,243,1011.2,1013.9,1007.4
1,2023-04-15,90,1001.7,1013.5,989.0
1,2023-04-16,255,993.4,1003.1,986.2
1,2023-04-17,287,1012.0,1017.1,1003.9
1,2023-04-18,219,1010.4,1016.5,1005.4
1,2023-04-19,254,1008.0,1009.5,1005.7
1,2023-04-20,242,1001.2,1007.1,998.7
1,2023-04-21,291,1004.7,1007.9,1001.7
1,2023-04-22,276,1012.4,1015.1,1008.0
1,2023-04-23,266,1015.6,1018.4,1011.7
1,2023-04-24,264,1019.6,1022.3,1016.4
1,2023-04-25,136,1015.4,1022.3,1004.4
1,2023-04-26,262,1003.2,1010.7,999.5
1,2023-04-27,255,1016.0,1018.2,1011.3
1,2023-04-28,232,1015.7,1017.2,1012.9
1,2023-04-29,121,1004.3,1012.5,996.0
1,2023-04-30,251,1001.8,1007.1,996.4
1,2023-05-01,268,1009.6,1016.6,1005.9
1,2023-05-02,263,1020.3,1022.4,1017.6
1,2023-05-03,237,1017.6,1021.0,1015.4
1,2023-05-04,240,1011.8,1015.8,1009.7
1,2023-05-05,233,1006.2,1011.2,1000.9
1,2023-05-06,69,1007.0,1012.3,1001.3
1,2023-05-07,89,1011.8,1013.5,1009.2
1,2023-05-08,248,1010.5,1013.2,1008.2
1,2023-05-09,233,1011.7,1012.7,1010.0
1,2023-05-10,247,1013.8,1016.3,1010.8
1,2023-05-11,90,1018.5,1020.3,1016.3
1,2023-05-12,120,1019.3,1020.5,1018.5
1,2023-05-13,144,1016.0,1019.3,1014.2
1,2023-05-14,152,1012.2,1014.1,1010.7
1,2023-05-15,140,1010.3,1011.5,1009.4
1,2023-05-16,98,1010.0,1011.6,1008.4
1,2023-05-17,233,1007.9,1010.0,1004.8
1,2023-05-18,240,1009.7,1011.8,1008.0
1,2023-05-19,61,1011.3,1012.4,1010.5
1,2023-05-20,101,1009.7,1012.3,1004.5
1,2023-05-21,253,1001.6,1004.0,1000.2
1,2023-05-22,250,1003.1,1005.2,1001.2
1,2023-05-23,43,1005.8,1008.6,1004.0
1,2023-05-24,260,1012.7,1018.5,1008.2
1,2023-05-25,197,1019.3,1020.1,1018.5
1,2023-05-26,224,1019.2,1020.0,1018.1
1,2023-05-27,231,1017.6,1019.2,1014.7
1,2023-05-28,235,1009.7,1014.4,1007.7
1,2023-05-29,35,1006.1,1007.2,1005.4
1,2023-05-30,269,1007.5,1009.6,1005.0
1,2023-05-31,242,1009.2,1010.4,1007.6
1,2023-06-01,207,1005.5,1010.1,1002.3
1,2023-06-02,229,993.6,1001.7,989.4
1,2023-06-03,261,997.1,999.6,993.0
1,2023-06-04,245,1001.1,1003.9,998.4
1,2023-06-05,235,1005.0,1006.3,1003.2
1,2023-06-06,221,1003.8,1005.1,1002.9
1,2023-06-07,235,1007.5,1010.9,1004.6
1,2023-06-08,97,1009.4,1010.9,1007.0
1,2023-06-09,122,1006.1,1008.1,1004.4
1,2023-06-10,83,1011.3,1012.9,1008.6
1,2023-06-11,128,1009.9,1013.0,1008.0
1,2023-06-12,109,1005.2,1008.1,1002.5
1,2023-06-13,58,1003.5,1006.3,1001.7
1,2023-06-14,80,1006.1,1007.3,1005.2
1,2023-06-15,79,1006.1,1007.3,1005.2
1,2023-06-16,250,1005.9,1007.1,1005.0
1,2023-06-17,248,1003.4,1006.5,1001.9
1,2023-06-18,324,1003.7,1005.7,1001.2
1,2023-06-19,69,1006.6,1009.3,1005.0
1,2023-06-20,116,1009.6,1011.2,1008.1
1,2023-06-21,131,1008.7,1010.9,1007.5
1,2023-06-22,133,1006.7,1007.6,1005.6
1,2023-06-23,98,1008.6,1011.6,1006.5
1,2023-06-24,77,1012.7,1014.3,1011.4
1,2023-06-25,68,1013.5,1014.3,1012.5
1,2023-06-26,136,1011.7,1013.8,1010.5
1,2023-06-27,184,1008.7,1010.8,1006.4
1,2023-06-28,240,1003.9,1005.9,1002.0
1,2023-06-29,230,1002.2,1002.7,1001.3
1,2023-06-30,207,997.1,1001.2,994.3
1,2023-07-01,261,1001.9,1005.1,999.3
1,2023-07-02,94,1005.8,1007.2,1004.6
1,2023-07-03,26,1004.7,1005.6,1003.8
1,2023-07-04,71,1004.2,1005.5,1002.9
1,2023-07-05,131,999.3,1003.2,996.6
1,2023-07-06,237,999.8,1004.6,996.0
1,2023-07-07,215,1004.9,1005.8,1004.3
1,2023-07-08,33,1003.2,1004.9,1002.4
1,2023-07-09,248,1001.9,1002.9,1001.0
1,2023-07-10,244,1002.8,1003.6,1001.9
1,2023-07-11,229,1002.3,1004.1,1000.7
1,2023-07-12,228,999.3,1001.2,997.2
1,2023-07-13,261,1002.8,1005.4,1000.4
1,2023-07-14,115,1004.6,1006.2,1002.1
1,2023-07-15,220,1001.3,1004.0,998.6
1,2023-07-16,237,1007.2,1009.4,1004.6
1,2023-07-17,251,1009.1,1010.0,1008.3
1,2023-07-18,91,1007.4,1009.5,1005.9
1,2023-07-19,74,1004.1,1006.5,1002.4
1,2023-07-20,97,1009.4,1013.4,1006.5
1,2023-07-21,113,1015.2,1016.6,1013.7
1,2023-07-22,119,1015.2,1016.6,1013.9
1,2023-07-23,198,1011.7,1013.6,1010.6
1,2023-07-24,211,1010.8,1011.5,1009.7
1,2023-07-25,239,1011.5,1012.5,1010.6
1,2023-07-26,248,1011.6,1012.7,1010.9
1,2023-07-27,245,1011.1,1011.8,1009.7
1,2023-07-28,241,1012.1,1013.2,1010.7
1,2023-07-29,236,1011.9,1012.9,1011.1
1,2023-07-30,247,1009.9,1011.8,1008.5
1,2023-07-31,245,1008.9,1009.7,1007.7
1,2023-08-01,232,1008.4,1009.7,1007.7
1,2023-08-02,237,1006.8,1007.7,1006.3
1,2023-08-03,231,1004.8,1006.2,1004.0
1,2023-08-04,241,1002.2,1003.8,1001.4
1,2023-08-05,224,1000.4,1001.4,999.5
1,2023-08-06,130,1000.8,1002.3,999.2
1,2023-08-07,73,1005.3,1007.4,1003.4
1,2023-08-08,143,1007.2,1008.7,1006.2
1,2023-08-09,170,1009.1,1009.9,1007.8
1,2023-08-10,160,1008.2,1009.5,1007.4
1,2023-08-11,96,1006.2,1008.0,1005.1
1,2023-08-12,80,1004.3,1005.1,1003.4
1,2023-08-13,91,1006.7,1007.8,1005.1
1,2023-08-14,87,1007.9,1008.7,1007.1
1,2023-08-15,107,1005.6,1007.9,1004.2
1,2023-08-16,141,1002.2,1003.9,1000.8
1,2023-08-17,239,1005.9,1008.6,1003.5
1,2023-08-18,72,1009.4,1010.4,1008.3
1,2023-08-19,118,1009.9,1010.7,1009.2
1,2023-08-20,205,1009.9,1010.6,1009.1
1,2023-08-21,124,1009.1,1010.2,1008.1
1,2023-08-22,185,1008.5,1009.3,1007.1
1,2023-08-23,204,1008.8,1009.5,1007.8
1,2023-08-24,211,1008.8,1010.0,1008.1
1,2023-08-25,202,1007.8,1008.5,1007.0
1,2023-08-26,199,1008.2,1009.0,1007.4
1,2023-08-27,66,1006.3,1007.8,1005.0
1,2023-08-28,31,1008.0,1011.7,1004.8
1,2023-08-29,121,1012.5,1014.0,1010.8
1,2023-08-30,140,1013.3,1014.4,1012.6
1,2023-08-31,211,1011.5,1013.0,1010.2
1,2023-09-01,241,1009.4,1010.6,1008.3
1,2023-09-02,216,1012.1,1014.1,1010.1
1,2023-09-03,106,1013.4,1014.7,1012.5
1,2023-09-04,123,1010.2,1012.9,1007.2
1,2023-09-05,73,1006.6,1008.0,1005.3
1,2023-09-06,350,1005.4,1008.3,1003.6
1,2023-09-07,48,1012.8,1014.8,1009.6
1,2023-09-08,134,1011.4,1014.9,1008.8
1,2023-09-09,76,1007.6,1010.0,1005.4
1,2023-09-10,104,1010.5,1011.6,1009.6
1,2023-09-11,168,1009.4,1010.9,1008.2
1,2023-09-12,221,1009.9,1012.4,1008.0
1,2023-09-13,119,1011.8,1012.9,1010.1
1,2023-09-14,315,1009.5,1013.3,1007.1
1,2023-09-15,106,1013.5,1014.9,1012.1
1,2023-09-16,91,1012.4,1013.5,1010.7
1,2023-09-17,169,1010.2,1012.9,1008.9
1,2023-09-18,240,1010.2,1011.6,1008.4
1,2023-09-19,239,1007.7,1010.0,1006.4
1,2023-09-20,303,1010.6,1012.7,1007.8
1,2023-09-21,50,1005.8,1011.8,1001.2
1,2023-09-22,195,1012.2,1014.8,1009.6
1,2023-09-23,288,1016.6,1020.3,1013.7
1,2023-09-24,134,1020.8,1021.6,1020.0
1,2023-09-25,145,1016.6,1020.2,1014.1
1,2023-09-26,215,1011.9,1014.4,1010.5
1,2023-09-27,118,1009.9,1011.3,1006.8
1,2023-09-28,259,1004.1,1008.1,998.4
1,2023-09-29,258,1010.4,1012.5,1008.0
1,2023-09-30,194,1005.6,1011.4,1002.6
1,2023-10-01,244,1004.0,1007.0,1001.8
1,2023-10-02,256,1009.4,1012.5,1007.0
1,2023-10-03,270,1014.4,1016.3,1012.4
1,2023-10-04,160,1005.3,1014.1,995.2
1,2023-10-05,253,992.8,994.9,989.8
1,2023-10-06,274,1001.4,1010.3,994.3
1,2023-10-07,297,1017.5,1024.1,1011.3
1,2023-10-08,112,1024.4,1025.6,1022.7
1,2023-10-09,159,1014.8,1022.1,1008.4
1,2023-10-10,342,1010.2,1017.2,1006.1
1,2023-10-11,266,1019.2,1020.4,1017.7
1,2023-10-12,237,1016.6,1020.3,1014.1
1,2023-10-13,241,1010.0,1013.9,1007.8
1,2023-10-14,238,1006.9,1007.9,1005.6
1,2023-10-15,203,1001.1,1005.6,999.0
1,2023-10-16,273,1004.7,1007.2,1001.9
1,2023-10-17,263,1012.3,1018.2,1006.0
1,2023-10-18,232,1016.0,1018.4,1012.7
1,2023-10-19,223,1009.1,1012.4,1003.2
1,2023-10-20,272,1000.7,1006.1,995.6
1,2023-10-21,243,1009.8,1015.8,1004.7
1,2023-10-22,238,1015.0,1019.2,1013.5
1,2023-10-23,247,1020.0,1021.2,1017.8
1,2023-10-24,181,1017.3,1021.1,1014.8
1,2023-10-25,227,1013.3,1015.0,1012.3
1,2023-10-26,203,1010.2,1012.2,1008.8
1,2023-10-27,241,1008.5,1009.7,1006.9
1,2023-10-28,72,1010.4,1013.1,1008.4
1,2023-10-29,63,1016.4,1019.2,1013.4
1,2023-10-30,182,1019.9,1021.5,1018.0
1,2023-10-31,200,1018.6,1021.2,1016.6
1,2023-11-01,240,1012.1,1016.2,1009.5
1,2023-11-02,243,1014.8,1016.6,1012.7
1,2023-11-03,241,1013.4,1018.6,1010.3
1,2023-11-04,321,1024.2,1029.0,1019.4
1,2023-11-05,128,1024.5,1029.7,1015.8
1,2023-11-06,202,1005.6,1014.4,999.3
1,2023-11-07,259,1008.1,1019.1,999.3
1,2023-11-08,289,1022.9,1025.1,1019.6
1,2023-11-09,183,1018.6,1024.4,1013.5
1,2023-11-10,272,1010.8,1015.7,1007.3
1,2023-11-11,273,1018.4,1020.4,1015.8
1,2023-11-12,260,1013.3,1017.7,1010.0
1,2023-11-13,278,1010.6,1014.8,1008.3
1,2023-11-14,273,1019.9,1023.6,1015.3
1,2023-11-15,207,1024.2,1025.8,1022.2
1,2023-11-16,121,1020.6,1026.2,1011.3
1,2023-11-17,211,996.8,1009.9,991.8
1,2023-11-18,249,994.0,1000.8,992.1
1,2023-11-19,252,1002.0,1004.3,1000.3
1,2023-11-20,274,1011.7,1018.5,1003.2
1,2023-11-21,238,1016.1,1018.3,1015.0
1,2023-11-22,217,1012.6,1015.9,1009.7
1,2023-11-23,220,1002.9,1009.4,1000.0
1,2023-11-24,293,1009.1,1017.9,1000.9
1,2023-11-25,283,1022.0,1024.1,1018.3
1,2023-11-26,265,1018.1,1022.9,1015.7
1,2023-11-27,177,1007.5,1015.9,1000.7
1,2023-11-28,263,1003.6,1010.3,997.5
1,2023-11-29,271,1010.5,1011.8,1009.1
1,2023-11-30,260,1011.8,1013.5,1009.1
1,2023-12-01,260,1013.2,1016.4,1010.3
1,2023-12-02,231,1016.6,1017.5,1015.7
1,2023-12-03,258,1017.0,1019.9,1014.0
1,2023-12-04,217,1017.9,1020.2,1015.4
1,2023-12-05,224,1014.6,1017.1,1012.2
1,2023-12-06,187,1006.3,1011.9,998.6
1,2023-12-07,258,1002.4,1012.1,993.6
1,2023-12-08,236,1014.5,1016.0,1012.5
1,2023-12-09,262,1014.4,1020.0,1011.1
1,2023-12-10,304,1021.8,1025.0,1019.0
1,2023-12-11,317,1021.0,1025.4,1012.3
1,2023-12-12,305,1014.8,1020.7,1010.5
1,2023-12-13,286,1023.9,1026.9,1020.3
1,2023-12-14,263,1023.7,1027.0,1020.0
1,2023-12-15,116,1010.0,1019.8,1004.9
1,2023-12-16,241,998.5,1005.1,994.8
1,2023-12-17,273,1010.8,1017.6,1002.5
1,2023-12-18,272,1021.6,1024.2,1018.4
1,2023-12-19,287,1017.8,1024.6,1012.9
1,2023-12-20,255,1011.2,1013.8,1009.6
1,2023-12-21,250,1012.1,1015.8,1008.1
1,2023-12-22,252,1016.8,1019.5,1014.0
1,2023-12-23,258,1023.9,1027.2,1019.9
1,2023-12-24,241,1022.2,1027.7,1019.5
1,2023-12-25,234,1018.4,1021.2,1017.4
1,2023-12-26,261,1015.7,1021.2,1010.5
1,2023-12-27,265,1024.4,1026.0,1021.7
1,2023-12-28,256,1020.0,1024.7,1018.6
1,2023-12-29,251,1018.5,1019.8,1017.2
1,2023-12-30,232,1015.0,1019.2,1007.1
1,2023-12-31,354,1006.6,1017.8,1000.6
1,2024-01-01,260,1021.3,1023.0,1019.2
1,2024-01-02,244,1013.1,1018.8,1010.8
1,2024-01-03,350,1011.9,1014.5,1009.6
1,2024-01-04,252,1015.8,1017.8,1011.1
1,2024-01-05,229,1010.2,1015.1,1008.2
1,2024-01-06,254,1008.0,1010.3,1006.5
1,2024-01-07,261,1007.0,1010.3,1005.1
1,2024-01-08,258,1015.0,1017.1,1011.0
1,2024-01-09,251,1008.7,1013.2,1006.1
1,2024-01-10,269,1014.0,1016.3,1009.9
1,2024-01-11,198,1007.9,1015.6,1000.3
1,2024-01-12,263,1004.4,1008.5,1001.8
1,2024-01-13,268,1013.7,1018.0,1009.1
1,2024-01-14,249,1007.7,1018.0,1002.4
1,2024-01-15,280,1007.8,1011.4,1004.5
1,2024-01-16,277,1017.5,1020.3,1012.1
1,2024-01-17,242,1016.4,1019.7,1013.9
1,2024-01-18,298,1018.9,1024.6,1014.2
1,2024-01-19,299,1027.5,1030.2,1024.9
1,2024-01-20,84,1028.6,1030.9,1025.4
1,2024-01-21,93,1020.7,1025.3,1017.6
1,2024-01-22,150,1008.7,1017.9,1001.1
1,2024-01-23,246,997.0,1001.8,992.0
1,2024-01-24,273,994.0,998.3,985.6
1,2024-01-25,283,1001.9,1006.1,998.6
1,2024-01-26,286,1010.6,1013.5,1006.6
1,2024-01-27,254,1015.1,1017.8,1012.7
1,2024-01-28,251,1020.5,1024.7,1017.2
1,2024-01-29,244,1025.1,1025.9,1024.0
1,2024-01-30,265,1025.5,1026.7,1023.0
1,2024-01-31,258,1014.1,1022.4,1009.5
1,2024-02-01,287,1016.4,1020.3,1010.3
1,2024-02-02,295,1020.6,1025.5,1018.3
1,2024-02-03,262,1022.5,1025.5,1020.0
1,2024-02-04,298,1021.2,1023.4,1018.9
1,2024-02-05,17,1019.6,1023.1,1017.9
1,2024-02-06,288,1016.7,1019.3,1014.3
1,2024-02-07,260,1012.6,1014.1,1011.1
1,2024-02-08,274,1014.2,1018.2,1011.2
1,2024-02-09,289,1017.6,1018.8,1016.6
1,2024-02-10,315,1012.0,1016.8,1008.6
1,2024-02-11,272,1017.0,1019.9,1014.7
1,2024-02-12,253,1022.3,1024.4,1020.6
1,2024-02-13,247,1017.1,1020.8,1015.3
1,2024-02-14,240,1014.3,1015.7,1011.9
1,2024-02-15,344,1007.8,1013.1,1003.1
1,2024-02-16,274,1021.1,1025.1,1014.6
1,2024-02-17,135,1025.3,1026.4,1023.9
1,2024-02-18,193,1022.3,1025.3,1018.8
1,2024-02-19,230,1009.5,1017.7,1003.3
1,2024-02-20,317,1022.1,1025.7,1014.0
1,2024-02-21,320,1021.3,1025.3,1019.6
1,2024-02-22,303,1021.8,1022.9,1019.5
1,2024-02-23,297,1023.3,1025.9,1020.8
1,2024-02-24,278,1025.7,1026.5,1024.8
1,2024-02-25,77,1019.4,1024.7,1015.4
1,2024-02-26,354,1014.3,1017.3,1012.7
1,2024-02-27,336,1018.6,1021.2,1015.6
1,2024-02-28,305,1023.1,1024.8,1020.4
1,2024-02-29,128,1017.9,1025.1,1006.8
1,2024-03-01,250,1001.9,1005.4,998.7
1,2024-03-02,258,1007.5,1010.8,1004.1
1,2024-03-03,250,1009.8,1013.5,1006.1
1,2024-03-04,240,1016.5,1020.9,1012.1
1,2024-03-05,230,1016.6,1021.1,1012.5
1,2024-03-06,332,1011.6,1014.3,1009.5
1,2024-03-07,285,1013.2,1014.5,1011.6
1,2024-03-08,59,1007.1,1010.9,1005.7
1,2024-03-09,315,1012.6,1018.4,1006.9
1,2024-03-10,261,1020.5,1022.2,1018.5
1,2024-03-11,229,1015.5,1020.1,1011.7
1,2024-03-12,344,1004.2,1011.1,1000.2
1,2024-03-13,283,1008.6,1011.4,1003.2
1,2024-03-14,236,1009.8,1011.7,1006.8
1,2024-03-15,271,1008.4,1017.9,1000.7
1,2024-03-16,268,1015.7,1018.2,1009.0
1,2024-03-17,253,998.1,1007.0,995.1
1,2024-03-18,280,1007.2,1012.2,998.6
1,2024-03-19,324,1009.0,1012.0,1004.9
1,2024-03-20,10,1003.7,1005.9,1001.5
1,2024-03-21,304,1009.6,1015.0,1006.0
1,2024-03-22,272,1017.9,1020.1,1015.3
1,2024-03-23,152,1017.7,1019.5,1015.8
1,2024-03-24,236,1016.9,1019.5,1015.4
1,2024-03-25,326,1015.3,1016.8,1013.1
1,2024-03-26,29,1014.6,1018.6,1011.7
1,2024-03-27,286,1021.5,1023.6,1019.0
1,2024-03-28,139,1015.1,1022.9,1002.6
1,2024-03-29,222,999.8,1002.6,996.1
1,2024-03-30,253,1005.2,1007.9,1002.6
1,2024-03-31,249,1006.8,1009.2,1004.2
1,2024-04-01,271,1006.6,1012.2,1003.4
1,2024-04-02,267,1013.9,1015.7,1011.5
1,2024-04-03,89,1008.6,1014.4,1004.7
1,2024-04-04,278,1011.4,1017.3,1005.2
1,2024-04-05,282,1018.8,1020.5,1016.4
1,2024-04-06,127,1017.1,1020.6,1015.8
1,2024-04-07,51,1016.6,1017.8,1014.7
1,2024-04-08,47,1013.2,1017.4,1009.7
1,2024-04-09,299,1014.3,1022.7,1007.3
1,2024-04-10,242,1025.1,1027.2,1022.5
1,2024-04-11,193,1022.2,1025.7,1020.1
1,2024-04-12,14,1018.2,1020.2,1017.4
1,2024-04-13,135,1017.3,1019.0,1015.8
1,2024-04-14,196,1019.1,1020.2,1017.6
1,2024-04-15,127,1016.8,1020.1,1012.7
1,2024-04-16,179,1009.6,1012.3,1007.1
1,2024-04-17,253,1006.9,1008.0,1006.1
1,2024-04-18,26,1004.3,1006.1,1002.7
1,2024-04-19,305,1003.5,1007.0,1000.9
1,2024-04-20,281,1011.2,1014.3,1007.2
1,2024-04-21,343,1013.7,1015.7,1012.1
1,2024-04-22,89,1015.4,1018.1,1013.6
1,2024-04-23,111,1017.7,1019.1,1015.3
1,2024-04-24,133,1007.4,1014.7,1002.4
1,2024-04-25,248,1003.7,1009.0,999.0
1,2024-04-26,229,1009.3,1010.2,1007.8
1,2024-04-27,242,1008.8,1010.5,1006.7
1,2024-04-28,32,1012.1,1014.6,1009.5
1,2024-04-29,86,1009.0,1014.7,1001.3
1,2024-04-30,315,1000.9,1005.9,997.8
1,2024-05-01,347,1011.0,1015.5,1006.6
1,2024-05-02,195,1014.7,1016.0,1012.8
1,2024-05-03,246,1013.5,1016.7,1010.4
1,2024-05-04,127,1017.2,1018.7,1016.1
1,2024-05-05,175,1014.7,1018.5,1012.0
1,2024-05-06,170,1008.6,1012.0,1005.2
1,2024-05-07,294,1002.3,1005.6,1000.4
1,2024-05-08,28,1009.7,1012.1,1006.1
1,2024-05-09,245,1012.0,1013.3,1010.3
1,2024-05-10,237,1015.6,1017.6,1012.8
1,2024-05-11,215,1013.9,1015.9,1010.6
1,2024-05-12,205,1007.4,1011.0,1004.1
1,2024-05-13,239,1008.4,1014.9,1003.0
1,2024-05-14,145,1015.2,1016.5,1013.3
1,2024-05-15,103,1009.4,1013.1,1005.9
1,2024-05-16,172,1000.4,1004.8,997.6
1,2024-05-17,240,1008.2,1014.6,998.6
1,2024-05-18,239,1013.2,1014.5,1011.9
1,2024-05-19,232,1012.8,1014.6,1010.8
1,2024-05-20,243,1008.8,1011.2,1006.9
1,2024-05-21,254,1015.3,1018.8,1009.4
1,2024-05-22,203,1011.4,1017.8,1007.9
1,2024-05-23,244,1004.4,1007.3,1002.2
1,2024-05-24,299,1005.4,1011.5,1001.3
1,2024-05-25,267,1013.5,1014.9,1011.7
1,2024-05-26,107,1008.1,1013.6,1000.3
1,2024-05-27,237,998.6,1002.8,995.1
1,2024-05-28,31,1001.6,1003.6,998.8
1,2024-05-29,253,1007.8,1011.0,1002.1
1,2024-05-30,261,1011.1,1012.7,1010.1
1,2024-05-31,56,1007.9,1009.9,1007.0
1,2024-06-01,98,1009.6,1010.5,1009.1
1,2024-06-02,114,1009.3,1010.6,1008.0
1,2024-06-03,71,1011.1,1012.9,1009.7
1,2024-06-04,79,1014.6,1015.7,1013.0
1,2024-06-05,45,1016.4,1018.6,1014.5
1,2024-06-06,99,1017.6,1018.5,1016.9
1,2024-06-07,93,1014.9,1017.0,1013.9
1,2024-06-08,115,1012.3,1014.8,1010.9
1,2024-06-09,183,1008.5,1011.0,1007.4
1,2024-06-10,198,1006.1,1007.0,1004.8
1,2024-06-11,112,1005.9,1006.8,1004.8
1,2024-06-12,185,1002.9,1006.0,1001.1
1,2024-06-13,34,1002.2,1005.7,999.2
1,2024-06-14,106,1007.1,1008.1,1005.9
1,2024-06-15,117,1002.9,1007.2,999.0
1,2024-06-16,239,999.9,1003.2,997.0
1,2024-06-17,235,1003.8,1005.4,1002.4
1,2024-06-18,256,1002.0,1005.1,1000.2
1,2024-06-19,115,1007.4,1009.0,1005.4
1,2024-06-20,117,1005.8,1007.9,1003.9
1,2024-06-21,17,1002.3,1003.3,1001.2
1,2024-06-22,53,1002.3,1003.6,1000.3
1,2024-06-23,115,997.0,1000.0,996.0
1,2024-06-24,237,999.4,1001.9,995.8
1,2024-06-25,297,1004.0,1007.7,1001.3
1,2024-06-26,277,1010.4,1012.8,1007.8
1,2024-06-27,242,1010.0,1012.1,1009.1
1,2024-06-28,148,1007.5,1008.7,1006.8
1,2024-06-29,183,1006.5,1007.3,1005.2
1,2024-06-30,199,995.2,1004.5,987.2
1,2024-07-01,258,999.1,1004.9,988.4
1,2024-07-02,250,1006.8,1008.9,1004.1
1,2024-07-03,233,1004.4,1008.4,1001.1
1,2024-07-04,249,1001.4,1002.9,999.5
1,2024-07-05,212,1001.5,1003.1,1000.0
1,2024-07-06,229,1002.7,1003.5,1000.6
1,2024-07-07,241,998.9,1000.4,997.7
1,2024-07-08,236,999.5,1001.1,997.0
1,2024-07-09,235,1000.0,1003.0,997.1
1,2024-07-10,207,998.6,1002.7,995.4
1,2024-07-11,228,998.6,1000.2,996.9
1,2024-07-12,339,1002.3,1005.8,999.9
1,2024-07-13,74,1009.8,1013.5,1006.2
1,2024-07-14,42,1013.1,1014.0,1012.4
1,2024-07-15,71,1013.9,1014.8,1013.2
1,2024-07-16,131,1011.8,1014.1,1010.4
1,2024-07-17,144,1008.9,1010.4,1008.1
1,2024-07-18,115,1007.4,1008.9,1006.1
1,2024-07-19,198,1005.5,1006.3,1004.8
1,2024-07-20,238,1006.5,1007.6,1005.4
1,2024-07-21,235,1004.4,1006.5,1002.8
1,2024-07-22,241,1003.2,1004.4,1002.3
1,2024-07-23,240,999.9,1002.4,997.3
1,2024-07-24,241,1000.3,1004.5,996.4
1,2024-07-25,64,1006.6,1011.0,1004.4
1,2024-07-26,99,1014.7,1016.5,1011.5
1,2024-07-27,135,1012.9,1016.8,1008.0
1,2024-07-28,229,1004.2,1007.8,1001.2
1,2024-07-29,242,995.4,1000.4,993.6
1,2024-07-30,278,998.2,1001.1,996.0
1,2024-07-31,63,1003.5,1005.6,1001.3
1,2024-08-01,109,1004.7,1005.8,1004.0
1,2024-08-02,116,1004.6,1005.5,1003.5
1,2024-08-03,83,1005.4,1006.2,1004.3
1,2024-08-04,47,1006.2,1007.1,1005.1
1,2024-08-05,61,1006.2,1007.0,1005.2
1,2024-08-06,101,1005.3,1006.6,1004.4
1,2024-08-07,91,1002.4,1004.6,1001.0
1,2024-08-08,79,1001.9,1002.9,1000.6
1,2024-08-09,45,1002.2,1003.2,1001.3
1,2024-08-10,49,1003.0,1003.6,1002.2
1,2024-08-11,56,1001.4,1003.0,999.4
1,2024-08-12,116,1001.2,1004.3,998.5
1,2024-08-13,147,1004.9,1005.5,1004.3
1,2024-08-14,360,1005.1,1006.4,1003.7
1,2024-08-15,83,1007.0,1008.5,1005.7
1,2024-08-16,89,1007.6,1008.8,1006.7
1,2024-08-17,55,1007.2,1008.2,1006.2
1,2024-08-18,91,1009.0,1011.3,1007.2
1,2024-08-19,85,1011.0,1012.4,1009.8
1,2024-08-20,110,1012.0,1012.8,1011.4
1,2024-08-21,134,1010.7,1012.5,1009.2
1,2024-08-22,198,1007.0,1009.3,1005.5
1,2024-08-23,226,1006.0,1007.6,1004.6
1,2024-08-24,359,1009.0,1010.8,1007.0
1,2024-08-25,96,1009.4,1010.9,1008.1
1,2024-08-26,187,1008.1,1009.7,1005.7
1,2024-08-27,230,1006.4,1009.5,1004.6
1,2024-08-28,88,1010.6,1011.6,1009.8
1,2024-08-29,116,1009.2,1011.3,1007.2
1,2024-08-30,141,1002.4,1007.3,998.0
1,2024-08-31,231,1001.6,1007.1,997.1
1,2024-09-01,100,1005.6,1007.3,1004.6
1,2024-09-02,219,1007.1,1010.3,1004.4
1,2024-09-03,66,1011.1,1012.2,1009.9
1,2024-09-04,111,1009.8,1012.4,1007.4
1,2024-09-05,222,1004.0,1007.2,1002.6
1,2024-09-06,265,1010.2,1012.9,1007.0
1,2024-09-07,117,1011.9,1012.8,1010.7
1,2024-09-08,217,1012.6,1014.6,1010.9
1,2024-09-09,120,1015.8,1017.1,1014.7
1,2024-09-10,216,1013.4,1014.7,1011.8
1,2024-09-11,52,1014.2,1015.1,1013.2
1,2024-09-12,177,1011.2,1014.7,1008.2
1,2024-09-13,18,1007.5,1010.4,1005.1
1,2024-09-14,185,1006.2,1010.6,1001.9
1,2024-09-15,344,1012.6,1019.0,1005.6
1,2024-09-16,140,1016.2,1019.9,1012.7
1,2024-09-17,281,1011.2,1012.4,1010.1
1,2024-09-18,237,1011.7,1012.9,1010.8
1,2024-09-19,221,1011.0,1013.6,1006.4
1,2024-09-20,314,1009.2,1012.2,1005.4
1,2024-09-21,101,1010.8,1012.7,1007.9
1,2024-09-22,65,1009.3,1014.3,1005.3
1,2024-09-23,101,1017.7,1020.6,1014.9
1,2024-09-24,132,1020.2,1021.1,1019.4
1,2024-09-25,132,1016.7,1020.0,1013.9
1,2024-09-26,160,1011.7,1014.1,1010.7
1,2024-09-27,18,1012.6,1014.7,1010.7
1,2024-09-28,9,1017.2,1020.3,1014.6
1,2024-09-29,121,1020.0,1021.1,1018.4
1,2024-09-30,179,1012.6,1018.1,1009.6
1,2024-10-01,212,1005.7,1009.6,1003.5
1,2024-10-02,277,1013.7,1022.9,1005.4
1,2024-10-03,81,1019.8,1023.5,1016.1
1,2024-10-04,229,1015.4,1020.3,1012.1
1,2024-10-05,297,1020.6,1021.5,1019.3
1,2024-10-06,143,1016.0,1020.8,1011.4
1,2024-10-07,244,1009.6,1011.2,1008.6
1,2024-10-08,356,1012.8,1015.1,1010.6
1,2024-10-09,67,1015.2,1017.0,1013.1
1,2024-10-10,83,1014.9,1017.1,1013.7
1,2024-10-11,208,1016.7,1020.4,1014.1
1,2024-10-12,212,1020.6,1022.6,1019.1
1,2024-10-13,294,1024.2,1025.9,1021.1
1,2024-10-14,145,1023.1,1026.0,1020.6
1,2024-10-15,207,1015.7,1020.4,1011.3
1,2024-10-16,297,1019.5,1022.9,1015.6
1,2024-10-17,255,1023.2,1024.5,1020.9
1,2024-10-18,168,1013.7,1023.4,1001.4
1,2024-10-19,297,1013.2,1026.7,1001.2
1,2024-10-20,269,1030.6,1032.6,1027.4
1,2024-10-21,158,1027.4,1031.7,1024.4
1,2024-10-22,145,1018.1,1024.2,1011.4
1,2024-10-23,228,1007.4,1012.2,1003.8
1,2024-10-24,242,1018.1,1023.9,1013.1
1,2024-10-25,283,1023.8,1025.0,1022.6
1,2024-10-26,240,1018.8,1022.6,1014.9
1,2024-10-27,224,1007.1,1014.5,1003.5
1,2024-10-28,299,1013.3,1021.9,1005.3
1,2024-10-29,133,1019.5,1022.2,1015.1
1,2024-10-30,277,1016.1,1021.3,1013.0
1,2024-10-31,265,1022.0,1023.1,1020.1
1,2024-11-01,217,1017.9,1021.9,1014.8
1,2024-11-02,288,1012.9,1016.9,1010.4
1,2024-11-03,263,1018.0,1020.5,1015.3
1,2024-11-04,275,1012.2,1017.6,1008.7
1,2024-11-05,304,1017.4,1018.2,1016.2
1,2024-11-06,266,1014.7,1018.3,1013.1
1,2024-11-07,285,1023.4,1027.9,1018.7
1,2024-11-08,248,1025.0,1027.8,1023.5
1,2024-11-09,262,1026.0,1027.4,1024.5
1,2024-11-10,199,1018.9,1025.2,1014.8
1,2024-11-11,270,1014.7,1015.9,1012.7
1,2024-11-12,282,1013.2,1020.1,1009.8
1,2024-11-13,275,1022.8,1024.8,1020.4
1,2024-11-14,190,1020.5,1024.6,1016.8
1,2024-11-15,238,1019.0,1022.7,1014.8
1,2024-11-16,178,1015.6,1022.8,1009.0
1,2024-11-17,301,1011.6,1016.3,1006.1
1,2024-11-18,290,1019.0,1024.9,1014.5
1,2024-11-19,247,1024.7,1026.0,1023.1
1,2024-11-20,209,1017.5,1023.1,1013.8
1,2024-11-21,288,1011.4,1014.1,1008.5
1,2024-11-22,254,1008.6,1012.6,1007.2
1,2024-11-23,289,1017.7,1021.3,1013.1
1,2024-11-24,269,1023.4,1026.1,1020.5
1,2024-11-25,264,1027.0,1028.3,1025.4
1,2024-11-26,153,1012.2,1024.4,1003.8
1,2024-11-27,243,1001.4,1003.9,999.8
1,2024-11-28,232,998.4,1002.3,993.5
1,2024-11-29,253,995.6,997.4,993.7
1,2024-11-30,269,999.7,1007.4,995.3
1,2024-12-01,253,1013.0,1016.4,1008.0
1,2024-12-02,202,1012.4,1016.6,1009.4
1,2024-12-03,321,1011.7,1013.7,1008.3
1,2024-12-04,244,1008.7,1010.9,1004.1
1,2024-12-05,237,1003.7,1005.0,1000.0
1,2024-12-06,268,1004.3,1009.6,998.5
1,2024-12-07,243,1006.2,1010.1,1004.0
1,2024-12-08,268,1008.5,1011.1,1004.2
1,2024-12-09,263,1011.5,1013.3,1010.0
1,2024-12-10,258,1010.8,1013.4,1008.3
1,2024-12-11,284,1009.7,1012.0,1006.1
1,2024-12-12,263,1011.9,1012.8,1011.0
1,2024-12-13,278,1008.1,1012.0,1006.0
1,2024-12-14,255,1007.3,1008.4,1005.0
1,2024-12-15,250,1004.0,1009.4,1000.0
1,2024-12-16,260,1011.7,1013.5,1009.2
1,2024-12-17,254,1013.0,1014.2,1011.7
1,2024-12-18,263,1015.1,1016.9,1012.8
1,2024-12-19,259,1014.8,1016.3,1014.0
1,2024-12-20,286,1013.7,1016.4,1007.9
1,2024-12-21,306,1002.1,1007.7,999.2
1,2024-12-22,260,1002.6,1007.0,999.5
1,2024-12-23,253,1007.5,1010.3,1005.9
1,2024-12-24,261,1015.5,1020.8,1010.4
1,2024-12-25,209,1015.6,1021.9,1005.8
1,2024-12-26,266,1003.9,1006.8,1002.6
1,2024-12-27,274,1002.3,1003.7,1001.2
1,2024-12-28,253,1007.0,1009.0,1004.1
1,2024-12-29,260,1013.7,1016.8,1009.6
1,2024-12-30,219,1010.8,1017.6,1000.6
1,2024-12-31,281,1002.2,1010.3,996.6
1,2025-01-01,246,1011.8,1013.0,1010.3
1,2025-01-02,256,1013.6,1015.1,1012.3
1,2025-01-03,233,1014.5,1015.9,1013.8
1,2025-01-04,255,1017.1,1020.0,1014.8
1,2025-01-05,196,1018.3,1020.7,1013.7
1,2025-01-06,241,1005.3,1013.6,996.4
1,2025-01-07,281,997.4,1002.1,992.2
1,2025-01-08,255,1002.7,1003.6,1001.0
1,2025-01-09,243,1002.4,1003.8,1001.6
1,2025-01-10,272,1009.8,1017.3,1001.8
1,2025-01-11,242,1018.9,1020.3,1017.1
1,2025-01-12,197,1015.3,1020.0,1012.2
1,2025-01-13,251,1013.6,1015.2,1012.1
1,2025-01-14,253,1010.7,1012.2,1009.3
1,2025-01-15,259,1010.7,1014.4,1007.3
1,2025-01-16,248,1009.3,1015.1,1001.4
1,2025-01-17,277,1016.4,1020.3,1011.5
1,2025-01-18,227,1020.1,1021.3,1018.4
1,2025-01-19,214,1012.7,1017.9,1009.7
1,2025-01-20,288,1011.6,1015.4,1008.4
1,2025-01-21,148,1017.7,1019.4,1015.6
1,2025-01-22,190,1019.8,1021.0,1017.9
1,2025-01-23,207,1017.4,1020.8,1016.5
1,2025-01-24,239,1018.5,1020.3,1016.7
1,2025-01-25,38,1020.1,1021.4,1019.0
1,2025-01-26,22,1017.9,1022.2,1013.8
1,2025-01-27,236,1008.7,1014.0,1004.5
1,2025-01-28,228,1001.8,1004.6,998.3
1,2025-01-29,254,1001.6,1005.2,996.9
1,2025-01-30,279,1008.5,1012.8,1005.2
1,2025-01-31,271,1016.0,1018.3,1013.2
1,2025-02-01,251,1017.7,1018.6,1016.6
1,2025-02-02,247,1014.1,1017.3,1010.3
1,2025-02-03,151,999.5,1009.4,991.9
1,2025-02-04,243,992.0,993.9,990.4
1,2025-02-05,245,991.5,995.6,989.2
1,2025-02-06,249,999.9,1001.7,996.1
1,2025-02-07,242,998.6,1001.0,997.0
1,2025-02-08,271,1003.3,1007.7,999.2
1,2025-02-09,275,1009.1,1010.7,1006.7
1,2025-02-10,268,1011.3,1013.7,1009.6
1,2025-02-11,266,1016.9,1019.0,1014.0
1,2025-02-12,222,1001.6,1015.7,990.7
1,2025-02-13,276,1003.8,1006.7,994.9
1,2025-02-14,278,1008.5,1014.4,1004.1
1,2025-02-15,240,1012.2,1014.4,1009.3
1,2025-02-16,229,1004.2,1008.4,1000.5
1,2025-02-17,277,999.9,1004.2,996.2
1,2025-02-18,255,1004.7,1005.8,1003.6
1,2025-02-19,274,1009.5,1012.9,1005.4
1,2025-02-20,253,1014.1,1016.4,1012.2
1,2025-02-21,242,1015.8,1017.2,1014.4
1,2025-02-22,253,1014.7,1016.3,1012.1
1,2025-02-23,244,1014.7,1016.5,1013.8
1,2025-02-24,259,1016.1,1018.7,1013.6
1,2025-02-25,240,1013.2,1019.1,1005.5
1,2025-02-26,268,1010.1,1014.9,1005.6
1,2025-02-27,251,1016.6,1017.7,1015.5
1,2025-02-28,242,1014.1,1016.0,1012.9
1,2025-03-01,241,1013.3,1016.4,1010.6
1,2025-03-02,305,1014.0,1017.9,1009.8
1,2025-03-03,310,1021.9,1026.6,1017.3
1,2025-03-04,104,1025.4,1027.5,1022.2
1,2025-03-05,110,1014.4,1021.9,1008.8
1,2025-03-06,330,1012.0,1015.3,1009.4
1,2025-03-07,277,1020.9,1026.3,1015.5
1,2025-03-08,247,1025.2,1026.4,1024.7
1,2025-03-09,282,1024.9,1028.4,1023.3
1,2025-03-10,182,1025.6,1029.2,1021.3
1,2025-03-11,238,1017.5,1020.9,1016.4
1,2025-03-12,159,1011.3,1017.3,1006.4
1,2025-03-13,265,1010.0,1014.4,1006.6
1,2025-03-14,274,1018.1,1022.7,1013.3
1,2025-03-15,288,1022.2,1024.1,1018.4
1,2025-03-16,88,1003.5,1018.0,991.3
1,2025-03-17,328,1002.1,1010.4,992.1
1,2025-03-18,205,1012.3,1014.3,1010.8
1,2025-03-19,266,1012.0,1013.8,1009.9
1,2025-03-20,231,1010.4,1013.6,1005.0
1,2025-03-21,227,999.9,1003.9,995.0
1,2025-03-22,256,998.2,1003.2,994.6
1,2025-03-23,274,1008.6,1011.6,1003.9
1,2025-03-24,199,1001.5,1010.2,998.0
1,2025-03-25,234,995.2,998.8,988.5
1,2025-03-26,258,1005.3,1010.7,991.8
1,2025-03-27,155,998.6,1007.0,994.7
1,2025-03-28,283,1002.4,1011.5,994.1
1,2025-03-29,244,1015.1,1017.9,1012.0
1,2025-03-30,244,1019.7,1024.9,1013.4
1,2025-03-31,250,1026.7,1028.5,1024.5
1,2025-04-01,125,1027.7,1029.4,1025.2
1,2025-04-02,77,1018.6,1025.1,1014.7
1,2025-04-03,110,1011.2,1014.1,1010.2
1,2025-04-04,282,1013.4,1016.8,1010.4
1,2025-04-05,234,1016.2,1017.6,1015.0
1,2025-04-06,218,1011.2,1014.7,1010.0
1,2025-04-07,250,1010.2,1011.0,1008.9
1,2025-04-08,313,1007.0,1010.1,1005.3
1,2025-04-09,243,1008.4,1009.7,1006.7
1,2025-04-10,278,1006.5,1009.1,1005.2
1,2025-04-11,36,1010.8,1015.5,1006.8
1,2025-04-12,83,1013.9,1015.9,1011.2
1,2025-04-13,122,1008.2,1012.1,1003.1
1,2025-04-14,173,997.8,1002.9,994.6
1,2025-04-15,254,989.9,994.0,988.0
1,2025-04-16,254,999.3,1006.8,991.2
1,2025-04-17,251,1008.3,1011.6,1005.8
1,2025-04-18,213,1007.6,1011.4,1005.4
1,2025-04-19,214,1009.1,1011.8,1004.7
1,2025-04-20,253,1008.9,1013.2,1004.1
1,2025-04-21,297,1014.5,1016.3,1012.1
1,2025-04-22,114,1009.2,1015.9,1003.0
1,2025-04-23,40,1003.9,1005.5,1002.0
1,2025-04-24,80,1004.4,1006.0,1002.0
1,2025-04-25,253,1006.1,1009.3,1001.4
1,2025-04-26,245,1007.8,1008.7,1007.0
1,2025-04-27,246,1007.6,1010.2,1005.7
1,2025-04-28,106,1004.7,1010.6,997.2
1,2025-04-29,291,1001.2,1009.3,996.5
1,2025-04-30,262,1016.6,1021.0,1010.1
1,2025-05-01,120,1016.3,1020.7,1012.1
1,2025-05-02,145,1006.2,1011.6,1002.8
1,2025-05-03,233,1003.3,1005.3,1001.0
1,2025-05-04,246,1002.3,1005.5,1000.2
1,2025-05-05,246,1009.6,1012.0,1005.6
1,2025-05-06,68,1004.9,1009.9,1000.3
1,2025-05-07,253,1009.5,1016.8,1002.6
1,2025-05-08,237,1019.3,1021.6,1017.2
1,2025-05-09,103,1012.9,1019.9,1001.8
1,2025-05-10,224,993.1,1000.9,990.0
1,2025-05-11,246,1000.1,1005.4,993.2
1,2025-05-12,243,1008.0,1012.2,1005.0
1,2025-05-13,232,1015.2,1017.7,1012.3
1,2025-05-14,136,1017.5,1018.4,1016.6
1,2025-05-15,207,1015.8,1017.2,1014.2
1,2025-05-16,197,1014.3,1016.7,1010.6
1,2025-05-17,215,1001.9,1009.8,998.3
1,2025-05-18,247,1004.3,1009.1,999.9
1,2025-05-19,166,1006.4,1008.8,1003.2
1,2025-05-20,245,1007.1,1010.3,1002.6
1,2025-05-21,45,1005.3,1009.5,1003.2
1,2025-05-22,330,1005.2,1010.7,1001.7
1,2025-05-23,103,1014.3,1016.1,1011.1
1,2025-05-24,112,1011.5,1015.5,1004.8
1,2025-05-25,88,1005.3,1010.6,1001.9
1,2025-05-26,256,1017.3,1021.2,1010.9
1,2025-05-27,144,1019.4,1021.2,1018.5
1,2025-05-28,210,1016.3,1018.8,1014.9
1,2025-05-29,138,1013.6,1015.0,1012.4
1,2025-05-30,77,1010.3,1012.7,1009.3
1,2025-05-31,60,1007.3,1010.9,1004.4
1,2025-06-01,252,1002.6,1004.8,1000.9
1,2025-06-02,185,1003.3,1004.4,1002.4
1,2025-06-03,57,996.9,1002.1,992.7
1,2025-06-04,246,996.7,1001.1,993.1
1,2025-06-05,241,1005.0,1008.0,1000.8
1,2025-06-06,218,1006.6,1008.2,1005.0
1,2025-06-07,244,1005.0,1006.1,1003.2
1,2025-06-08,150,1008.2,1010.9,1006.0
1,2025-06-09,173,1008.4,1010.6,1007.5
1,2025-06-10,201,1004.1,1007.7,1002.6
1,2025-06-11,252,1004.0,1008.7,1001.6
1,2025-06-12,277,1013.6,1017.1,1008.8
1,2025-06-13,161,1013.7,1016.9,1010.4
1,2025-06-14,177,1003.2,1009.9,997.8
1,2025-06-15,55,998.8,1001.0,996.4
1,2025-06-16,167,999.5,1001.7,997.3
1,2025-06-17,243,1005.0,1008.0,1001.9
1,2025-06-18,277,1010.5,1012.6,1008.0
1,2025-06-19,74,1012.9,1013.6,1012.2
1,2025-06-20,172,1010.4,1013.4,1007.6
1,2025-06-21,205,1003.1,1007.3,998.9
1,2025-06-22,247,1002.8,1006.1,999.0
1,2025-06-23,248,1008.1,1011.3,1005.5
1,2025-06-24,106,1012.1,1013.6,1010.3
1,2025-06-25,55,1009.8,1013.0,1006.5
1,2025-06-26,250,1002.7,1006.5,1000.5
1,2025-06-27,257,1001.6,1004.2,999.3
1,2025-06-28,223,1004.9,1006.2,1003.5
1,2025-06-29,113,1007.5,1009.1,1006.2
1,2025-06-30,227,1008.7,1009.9,1007.5
1,2025-07-01,244,1010.1,1011.1,1008.8
1,2025-07-02,197,1010.2,1011.1,1009.4
1,2025-07-03,204,1006.6,1009.3,1004.5
1,2025-07-04,222,1001.7,1004.4,999.0
1,2025-07-05,220,1000.4,1001.5,999.0
1,2025-07-06,234,1000.2,1001.9,998.4
1,2025-07-07,38,1004.1,1006.9,1002.1
1,2025-07-08,43,1007.9,1009.9,1006.2
1,2025-07-09,55,1011.1,1013.5,1009.6
1,2025-07-10,97,1015.3,1016.7,1013.7
1,2025-07-11,106,1015.4,1017.3,1013.2
1,2025-07-12,139,1008.2,1013.0,1005.2
1,2025-07-13,92,1003.0,1004.8,1001.4
1,2025-07-14,125,997.8,1001.1,994.7
1,2025-07-15,166,1003.8,1007.2,999.8
1,2025-07-16,204,1010.1,1011.4,1007.9
1,2025-07-17,216,1012.0,1012.7,1010.9
1,2025-07-18,232,1012.6,1013.6,1011.7
1,2025-07-19,218,1012.6,1013.4,1012.0
1,2025-07-20,251,1012.5,1013.2,1011.6
1,2025-07-21,251,1011.5,1012.4,1010.8
1,2025-07-22,249,1009.8,1011.1,1009.0
1,2025-07-23,249,1008.9,1009.7,1007.8
1,2025-07-24,251,1008.6,1009.7,1007.1
1,2025-07-25,118,1008.9,1009.7,1008.3
1,2025-07-26,222,1006.9,1009.3,1004.5
1,2025-07-27,246,1002.7,1004.2,1001.9
1,2025-07-28,186,1001.2,1002.2,1000.2
1,2025-07-29,70,1002.1,1003.2,1001.2
1,2025-07-30,106,1003.5,1004.8,1001.9
1,2025-07-31,120,1003.9,1004.8,1002.9
1,2025-08-01,117,1001.5,1003.9,999.6
1,2025-08-02,68,999.2,1001.4,997.6
1,2025-08-03,96,1002.3,1003.2,1001.1
1,2025-08-04,97,1001.4,1003.1,999.1
1,2025-08-05,248,1000.3,1001.4,998.8
1,2025-08-06,137,997.4,1001.1,993.4
1,2025-08-07,232,993.7,996.2,991.7
1,2025-08-08,243,1000.4,1004.5,996.2
1,2025-08-09,206,1004.6,1005.9,1003.2
1,2025-08-10,205,1001.1,1003.2,999.7
1,2025-08-11,223,1003.8,1006.4,1001.2
1,2025-08-12,234,1010.5,1015.1,1006.5
1,2025-08-13,99,1015.3,1016.3,1014.4
1,2025-08-14,170,1011.4,1014.9,1008.8
1,2025-08-15,270,1010.8,1012.4,1008.9
1,2025-08-16,199,1011.0,1012.6,1009.3
1,2025-08-17,247,1008.2,1012.4,1005.3
1,2025-08-18,178,1011.3,1012.7,1008.4
1,2025-08-19,243,1005.9,1007.6,1005.3
1,2025-08-20,235,1005.1,1006.5,1004.4
1,2025-08-21,267,1007.8,1010.1,1005.2
1,2025-08-22,165,1007.8,1010.1,1005.4
1,2025-08-23,246,1007.1,1010.4,1004.3
1,2025-08-24,103,1011.9,1013.2,1010.6
1,2025-08-25,135,1011.1,1013.2,1009.0
1,2025-08-26,222,1004.9,1008.7,1002.0
1,2025-08-27,261,1006.6,1011.9,1001.6
1,2025-08-28,156,1012.3,1013.6,1011.4
1,2025-08-29,147,1010.2,1012.6,1007.4
1,2025-08-30,297,1010.2,1012.8,1007.1
1,2025-08-31,134,1010.5,1012.6,1007.8
1,2025-09-01,235,1005.4,1007.7,1003.8
1,2025-09-02,243,1004.1,1007.8,1002.6
1,2025-09-03,277,1011.0,1014.3,1007.6
1,2025-09-04,114,1011.5,1014.4,1008.4
1,2025-09-05,156,1006.3,1007.9,1004.7
1,2025-09-06,197,1006.0,1007.8,1003.1
1,2025-09-07,223,1003.1,1006.8,1001.0
1,2025-09-08,140,1009.0,1010.4,1007.1
1,2025-09-09,292,1010.7,1013.4,1009.1
1,2025-09-10,84,1013.4,1014.0,1012.2
1,2025-09-11,131,1016.2,1018.1,1014.3
1,2025-09-12,134,1016.2,1018.4,1013.0
1,2025-09-13,186,1004.2,1012.5,997.3
1,2025-09-14,282,1010.1,1013.3,1003.8
1,2025-09-15,234,1011.8,1013.2,1010.6
1,2025-09-16,226,1008.5,1011.9,1004.5
1,2025-09-17,277,1005.7,1007.1,1003.8
1,2025-09-18,296,1011.9,1017.4,1007.3
1,2025-09-19,139,1017.1,1018.4,1015.0
1,2025-09-20,184,1003.5,1015.0,994.2
1,2025-09-21,289,1011.8,1019.3,1003.7
1,2025-09-22,210,1020.6,1022.3,1019.0
1,2025-09-23,157,1021.4,1022.2,1020.0
1,2025-09-24,156,1017.9,1022.1,1013.1
1,2025-09-25,217,1011.4,1012.9,1009.7
1,2025-09-26,254,1011.7,1014.0,1010.0
1,2025-09-27,257,1013.6,1014.8,1012.1
1,2025-09-28,220,1007.4,1013.2,1000.1
1,2025-09-29,262,1003.9,1009.8,999.7
1,2025-09-30,142,1011.2,1012.2,1009.5
1,2025-10-01,216,1010.9,1011.9,1009.8
1,2025-10-02,251,1015.3,1019.9,1011.7
1,2025-10-03,240,1020.3,1021.0,1018.8
1,2025-10-04,162,1014.8,1020.5,1011.7
1,2025-10-05,350,1009.1,1012.2,1007.2
1,2025-10-06,16,1017.9,1021.5,1013.3
1,2025-10-07,156,1016.1,1021.6,1011.5
1,2025-10-08,293,1012.8,1018.5,1008.8
1,2025-10-09,317,1018.2,1019.8,1017.2
1,2025-10-10,298,1019.7,1022.0,1017.6
1,2025-10-11,139,1016.6,1021.5,1011.7
1,2025-10-12,246,1009.8,1012.6,1008.4
1,2025-10-13,17,1015.9,1019.6,1012.4
1,2025-10-14,161,1019.6,1021.4,1018.4
1,2025-10-15,312,1021.3,1022.9,1019.7
1,2025-10-16,103,1018.0,1020.9,1016.3
1,2025-10-17,214,1019.5,1021.8,1016.0
1,2025-10-18,294,1012.8,1020.2,1008.5
1,2025-10-19,269,1019.7,1021.1,1017.8
1,2025-10-20,278,1021.8,1024.9,1018.9
1,2025-10-21,258,1026.0,1027.8,1023.4
1,2025-10-22,267,1027.8,1028.5,1026.3
1,2025-10-23,297,1027.1,1028.8,1026.2
1,2025-10-24,284,1026.3,1027.9,1025.4
1,2025-10-25,164,1021.1,1026.5,1016.6
1,2025-10-26,204,1005.3,1015.7,999.5
1,2025-10-27,263,1005.6,1011.8,1000.2
1,2025-10-28,262,1017.7,1025.0,1012.1
1,2025-10-29,248,1027.3,1029.0,1024.8
1,2025-10-30,203,1024.3,1028.3,1022.4
1,2025-10-31,2,1009.1,1022.4,982.7
1,2025-11-01,253,998.1,1005.4,987.6
1,2025-11-02,272,1007.8,1012.8,1005.3
1,2025-11-03,308,1021.1,1027.2,1014.2
1,2025-11-04,214,1024.7,1027.0,1023.8
1,2025-11-05,225,1021.9,1024.1,1020.1
1,2025-11-06,283,1015.0,1019.8,1013.3
1,2025-11-07,289,1019.1,1026.4,1013.1
1,2025-11-08,230,1023.3,1027.0,1015.8
1,2025-11-09,227,1004.0,1015.2,998.4
1,2025-11-10,277,1004.1,1009.5,998.3
1,2025-11-11,276,1014.5,1020.6,1009.0
1,2025-11-12,233,1017.3,1020.8,1011.5
1,2025-11-13,251,1008.3,1011.9,1005.6
1,2025-11-14,279,1016.1,1020.8,1011.7
1,2025-11-15,247,1024.3,1027.6,1021.4
1,2025-11-16,191,1019.6,1027.7,1006.7
1,2025-11-17,270,1007.4,1008.4,1004.9
1,2025-11-18,262,1010.5,1015.5,1007.4
1,2025-11-19,243,1017.9,1019.3,1015.5
1,2025-11-20,219,1012.9,1019.1,1009.2
1,2025-11-21,263,1012.9,1019.0,1008.6
1,2025-11-22,244,1020.1,1021.5,1018.3
1,2025-11-23,213,1017.5,1020.2,1015.3
1,2025-11-24,232,1012.4,1015.2,1010.7
1,2025-11-25,77,1008.8,1013.1,1007.4
1,2025-11-26,204,1018.5,1021.3,1014.1
1,2025-11-27,168,1009.1,1020.8,998.4
1,2025-11-28,268,1005.4,1014.3,997.9
1,2025-11-29,241,1014.7,1016.7,1012.3
1,2025-11-30,209,1012.1,1014.2,1007.9
1,2025-12-01,247,1012.0,1016.4,1005.4
1,2025-12-02,250,1009.1,1015.6,1007.4
1,2025-12-03,301,1002.3,1008.0,998.7
1,2025-12-04,255,1007.5,1009.3,1006.3
1,2025-12-05,253,1012.8,1017.4,1009.2
1,2025-12-06,209,1015.6,1018.1,1013.1
1,2025-12-07,226,1011.8,1013.5,1009.5
1,2025-12-08,246,1012.0,1017.6,1004.7
1,2025-12-09,253,1017.9,1019.4,1016.5
1,2025-12-10,238,1018.2,1021.0,1011.7
1,2025-12-11,272,1008.6,1016.6,1003.3
1,2025-12-12,275,1021.4,1024.1,1017.4
1,2025-12-13,225,1020.5,1024.6,1012.6
1,2025-12-14,333,997.6,1011.5,990.4
1,2025-12-15,272,1011.3,1015.4,1002.7
1,2025-12-16,258,1013.9,1016.0,1010.9
1,2025-12-17,262,1014.9,1019.3,1012.9
1,2025-12-18,260,1023.0,1026.3,1020.2
1,2025-12-19,205,1022.5,1026.4,1019.0
1,2025-12-20,202,1014.3,1018.9,1009.5
1,2025-12-21,302,1014.0,1022.0,1006.8
1,2025-12-22,262,1027.8,1031.3,1023.2
1,2025-12-23,185,1022.6,1030.9,1015.5
1,2025-12-24,232,1009.8,1015.2,1005.9
1,2025-12-25,323,999.0,1005.6,993.0
1,2025-12-26,280,1005.0,1013.6,997.4
1,2025-12-27,245,1013.6,1015.7,1012.2
1,2025-12-28,223,1017.8,1019.8,1016.0
1,2025-12-29,204,1011.3,1015.7,1008.6
1,2025-12-30,260,1010.0,1011.7,1007.3
1,2025-12-31,261,1009.9,1012.8,1008.3
1,2026-01-01,251,1006.6,1008.4,1004.6
1,2026-01-02,235,1006.4,1007.6,1005.3
1,2026-01-03,274,1007.8,1008.8,1006.3
1,2026-01-04,275,1007.1,1008.7,1005.6
1,2026-01-05,281,1007.1,1009.5,1005.2
1,2026-01-06,258,1013.5,1015.9,1010.1
1,2026-01-07,213,1005.8,1014.3,1002.9
1,2026-01-08,267,1008.0,1013.2,1002.8
1,2026-01-09,230,1013.4,1015.4,1011.0
1,2026-01-10,203,1000.1,1010.6,994.5
1,2026-01-11,262,996.1,1004.2,992.1
1,2026-01-12,253,1005.3,1007.3,1001.3
1,2026-01-13,250,998.0,1006.7,989.2
1,2026-01-14,266,1010.0,1012.5,1007.3
1,2026-01-15,245,1007.0,1012.1,1004.3
1,2026-01-16,263,1009.9,1011.8,1006.4
1,2026-01-17,264,1011.9,1017.9,1008.6
1,2026-01-18,255,1018.8,1020.1,1016.6
1,2026-01-19,258,1006.7,1016.3,1002.5
1,2026-01-20,255,1006.0,1007.3,1003.9
1,2026-01-21,244,1004.1,1006.5,1003.0
1,2026-01-22,244,1006.9,1010.7,1003.8
1,2026-01-23,243,1011.4,1012.4,1010.2
1,2026-01-24,243,1008.2,1010.6,1006.6
1,2026-01-25,268,1010.6,1016.0,1006.5
1,2026-01-26,242,1014.2,1016.6,1011.2
1,2026-01-27,241,1008.7,1011.8,1005.3
1,2026-01-28,237,1012.4,1013.1,1010.9
1,2026-01-29,237,1010.7,1013.0,1009.7
1,2026-01-30,245,1010.6,1011.9,1008.7
1,2026-01-31,238,1011.1,1012.5,1010.2
2,2021-01-01,282,1009.3,1011.7,1005.9
2,2021-01-02,237,1013.7,1015.8,1010.4
2,2021-01-03,247,1016.1,1018.5,1014.1
2,2021-01-04,257,1018.1,1019.4,1017.0
2,2021-01-05,104,1014.6,1017.7,1013.3
2,2021-01-06,356,1006.3,1013.4,997.4
2,2021-01-07,273,993.1,1001.0,982.5
2,2021-01-08,206,1002.2,1003.8,1000.4
2,2021-01-09,198,1004.7,1008.9,1001.7
2,2021-01-10,236,1012.3,1016.2,1008.9
2,2021-01-11,203,1017.3,1019.4,1012.9
2,2021-01-12,159,1005.2,1012.8,1002.9
2,2021-01-13,209,1005.5,1008.5,1003.2
2,2021-01-14,265,1016.2,1020.9,1008.1
2,2021-01-15,177,1009.4,1020.4,999.8
2,2021-01-16,267,1006.9,1010.0,1003.7
2,2021-01-17,239,1010.6,1012.1,1008.3
2,2021-01-18,187,1002.6,1010.6,997.2
2,2021-01-19,283,1017.3,1022.8,1005.5
2,2021-01-20,187,1021.5,1024.0,1017.8
2,2021-01-21,123,1013.3,1017.1,1009.8
2,2021-01-22,329,1015.7,1020.4,1011.2
2,2021-01-23,111,1020.3,1021.4,1019.5
2,2021-01-24,175,1019.7,1021.2,1017.9
2,2021-01-25,140,1022.1,1023.3,1021.2
2,2021-01-26,163,1010.9,1020.9,1002.7
2,2021-01-27,304,1011.2,1015.0,1004.1
2,2021-01-28,149,999.9,1014.7,986.4
2,2021-01-29,250,995.5,1003.4,990.1
2,2021-01-30,273,1011.7,1018.0,1004.7
2,2021-01-31,251,1022.3,1024.5,1019.2
2,2021-02-01,192,1004.0,1017.8,996.5
2,2021-02-02,286,1004.4,1008.6,998.8
2,2021-02-03,274,1009.5,1011.2,1006.9
2,2021-02-04,281,1007.8,1013.0,1003.7
2,2021-02-05,174,1008.5,1012.6,1004.3
2,2021-02-06,206,1004.3,1005.5,1003.0
2,2021-02-07,302,1005.8,1007.6,1003.9
2,2021-02-08,284,1005.2,1007.7,1004.2
2,2021-02-09,234,1009.9,1011.4,1008.0
2,2021-02-10,263,1008.9,1012.4,1007.9
2,2021-02-11,284,1018.3,1023.2,1012.7
2,2021-02-12,152,1022.8,1024.1,1021.6
2,2021-02-13,138,1017.4,1021.7,1014.2
2,2021-02-14,166,1008.7,1014.1,999.9
2,2021-02-15,236,983.1,998.6,974.4
2,2021-02-16,262,988.5,990.6,984.3
2,2021-02-17,235,990.5,993.1,988.9
2,2021-02-18,284,998.8,1003.7,994.0
2,2021-02-19,204,1000.8,1004.7,994.6
2,2021-02-20,251,998.0,1005.4,992.3
2,2021-02-21,339,1005.7,1007.5,1003.9
2,2021-02-22,317,1000.3,1004.1,997.5
2,2021-02-23,289,1009.0,1014.2,1004.2
2,2021-02-24,285,1016.1,1019.7,1013.2
2,2021-02-25,234,1016.3,1019.8,1012.1
2,2021-02-26,297,1018.3,1023.8,1015.8
2,2021-02-27,231,1026.8,1028.3,1024.7
2,2021-02-28,169,1021.5,1027.2,1018.1
2,2021-03-01,178,1009.0,1017.8,997.4
2,2021-03-02,311,1007.0,1021.4,994.6
2,2021-03-03,260,1025.5,1027.1,1022.8
2,2021-03-04,163,1020.3,1026.2,1017.5
2,2021-03-05,194,1013.3,1016.7,1009.5
2,2021-03-06,318,1021.4,1024.7,1016.1
2,2021-03-07,192,1022.0,1024.8,1020.3
2,2021-03-08,216,1021.2,1022.4,1019.8
2,2021-03-09,186,1013.7,1021.1,1007.6
2,2021-03-10,265,1019.1,1023.2,1012.8
2,2021-03-11,171,1020.3,1023.2,1018.8
2,2021-03-12,209,1018.5,1020.1,1016.7
2,2021-03-13,310,1006.8,1015.7,1000.3
2,2021-03-14,200,1004.3,1007.6,1001.6
2,2021-03-15,176,1007.7,1010.4,1004.2
2,2021-03-16,214,1001.3,1005.2,997.2
2,2021-03-17,261,1010.1,1013.3,1006.2
2,2021-03-18,273,1014.6,1016.8,1012.8
2,2021-03-19,287,1017.9,1019.8,1016.1
2,2021-03-20,142,1010.5,1019.1,1001.5
2,2021-03-21,217,995.2,1000.8,991.2
2,2021-03-22,237,1005.8,1012.5,999.5
2,2021-03-23,204,1013.3,1015.5,1012.4
2,2021-03-24,191,1015.4,1016.6,1014.0
2,2021-03-25,177,1009.8,1013.9,1007.4
2,2021-03-26,291,1013.5,1018.5,1008.6
2,2021-03-27,190,1013.7,1018.5,1008.9
2,2021-03-28,150,1001.0,1008.7,996.4
2,2021-03-29,201,998.7,1004.2,993.9
2,2021-03-30,212,1005.6,1009.0,1003.5
2,2021-03-31,295,1011.0,1016.2,1007.2
2,2021-04-01,318,1020.5,1024.2,1016.8
2,2021-04-02,177,1019.4,1023.7,1015.7
2,2021-04-03,202,1010.1,1015.2,1007.4
2,2021-04-04,333,1004.9,1009.3,1002.5
2,2021-04-05,81,1014.1,1016.8,1010.2
2,2021-04-06,141,1012.0,1017.0,1009.2
2,2021-04-07,285,1008.0,1010.3,1005.8
2,2021-04-08,279,1009.7,1010.9,1008.6
2,2021-04-09,285,1018.3,1025.3,1011.9
2,2021-04-10,255,1027.4,1029.6,1025.7
2,2021-04-11,31,1028.0,1029.9,1026.5
2,2021-04-12,170,1018.4,1025.9,1010.0
2,2021-04-13,194,1002.6,1007.5,999.4
2,2021-04-14,298,1008.6,1014.1,1003.4
2,2021-04-15,242,1017.6,1020.2,1014.1
2,2021-04-16,172,1015.4,1018.2,1012.6
2,2021-04-17,157,1002.5,1012.9,988.1
2,2021-04-18,219,988.0,998.0,981.8
2,2021-04-19,225,1001.5,1004.0,997.2
2,2021-04-20,231,1009.6,1013.8,1003.6
2,2021-04-21,289,1014.0,1015.3,1012.7
2,2021-04-22,355,1017.5,1019.8,1014.4
2,2021-04-23,344,1017.0,1019.4,1014.4
2,2021-04-24,65,1009.8,1014.2,1006.2
2,2021-04-25,312,1010.9,1014.8,1007.8
2,2021-04-26,308,1016.6,1018.4,1014.4
2,2021-04-27,127,1014.7,1018.0,1012.2
2,2021-04-28,179,1009.7,1012.0,1008.6
2,2021-04-29,322,1000.1,1008.4,992.5
2,2021-04-30,278,999.2,1004.5,994.3
2,2021-05-01,332,998.3,1004.0,994.3
2,2021-05-02,307,998.3,1001.8,994.1
2,2021-05-03,257,1004.5,1007.5,999.3
2,2021-05-04,217,1009.3,1012.6,1006.1
2,2021-05-05,186,1005.7,1009.7,1002.1
2,2021-05-06,194,1009.7,1011.1,1006.7
2,2021-05-07,180,999.5,1006.3,996.0
2,2021-05-08,202,997.3,999.5,993.0
2,2021-05-09,222,996.0,1000.3,992.6
2,2021-05-10,278,1006.1,1009.2,1001.3
2,2021-05-11,192,1012.5,1017.2,1009.1
2,2021-05-12,243,1013.4,1016.7,1011.3
2,2021-05-13,342,1008.3,1010.8,1007.3
2,2021-05-14,319,1010.3,1012.2,1007.9
2,2021-05-15,171,1007.5,1011.6,1005.3
2,2021-05-16,175,997.6,1004.3,991.9
2,2021-05-17,183,998.1,1004.5,991.4
2,2021-05-18,5,1005.6,1006.8,1004.8
2,2021-05-19,61,1006.3,1010.3,1004.1
2,2021-05-20,306,1005.8,1010.0,1000.1
2,2021-05-21,158,998.0,999.4,996.4
2,2021-05-22,162,998.8,999.9,997.7
2,2021-05-23,191,1001.1,1002.5,999.3
2,2021-05-24,183,998.6,1002.0,996.2
2,2021-05-25,236,997.0,1000.4,995.3
2,2021-05-26,214,1003.9,1005.9,1001.6
2,2021-05-27,284,996.2,1002.6,992.3
2,2021-05-28,173,996.9,999.5,991.8
2,2021-05-29,192,996.6,1000.3,992.4
2,2021-05-30,291,1004.7,1009.3,1000.2
2,2021-05-31,322,1010.5,1012.7,1008.7
2,2021-06-01,10,1012.2,1013.1,1011.3
2,2021-06-02,8,1011.4,1013.1,1009.8
2,2021-06-03,150,1002.2,1010.3,992.1
2,2021-06-04,175,992.7,996.6,987.6
2,2021-06-05,181,998.0,1000.1,996.2
2,2021-06-06,199,1003.6,1007.9,1000.1
2,2021-06-07,191,1007.9,1008.8,1007.2
2,2021-06-08,140,1008.7,1011.5,1006.1
2,2021-06-09,100,1012.6,1013.8,1011.2
2,2021-06-10,141,1012.6,1013.7,1011.3
2,2021-06-11,167,1010.4,1011.6,1009.6
2,2021-06-12,186,1008.1,1009.6,1007.1
2,2021-06-13,10,1004.8,1006.9,1003.4
2,2021-06-14,353,1002.1,1003.8,1001.4
2,2021-06-15,337,1002.0,1003.2,1001.1
2,2021-06-16,138,1002.9,1003.9,1001.7
2,2021-06-17,147,1000.8,1002.9,999.5
2,2021-06-18,348,997.9,999.6,996.9
2,2021-06-19,147,993.8,996.8,992.0
2,2021-06-20,169,995.9,998.6,992.7
2,2021-06-21,230,1001.0,1003.3,998.9
2,2021-06-22,148,1004.2,1006.1,1002.7
2,2021-06-23,151,1006.0,1007.0,1005.2
2,2021-06-24,17,1007.7,1008.7,1006.8
2,2021-06-25,346,1008.0,1008.8,1007.2
2,2021-06-26,1,1008.0,1009.0,1007.1
2,2021-06-27,333,1003.5,1006.9,1001.7
2,2021-06-28,310,1001.1,1002.1,1000.3
2,2021-06-29,158,1002.0,1005.3,999.7
2,2021-06-30,204,1006.5,1007.6,1005.0
2,2021-07-01,158,1006.4,1007.4,1004.6
2,2021-07-02,131,1005.1,1006.6,1004.3
2,2021-07-03,145,1006.6,1008.2,1005.0
2,2021-07-04,158,1004.5,1008.0,1000.6
2,2021-07-05,193,1001.1,1003.5,998.8
2,2021-07-06,324,1004.1,1005.2,1003.1
2,2021-07-07,331,1003.3,1004.1,1002.1
2,2021-07-08,150,1003.1,1004.4,1002.2
2,2021-07-09,151,1002.2,1003.3,1001.4
2,2021-07-10,154,1003.5,1005.2,1001.8
2,2021-07-11,7,1005.1,1005.9,1004.0
2,2021-07-12,36,1006.8,1008.6,1005.4
2,2021-07-13,267,1009.4,1011.6,1007.6
2,2021-07-14,327,1011.7,1014.2,1010.1
2,2021-07-15,347,1013.6,1014.5,1012.7
2,2021-07-16,5,1012.9,1014.6,1012.1
2,2021-07-17,44,1010.5,1011.8,1009.8
2,2021-07-18,13,1009.9,1011.0,1009.0
2,2021-07-19,31,1010.7,1011.6,1009.9
2,2021-07-20,342,1010.0,1011.3,1008.8
2,2021-07-21,32,1008.6,1010.0,1007.8
2,2021-07-22,4,1006.8,1008.7,1005.9
2,2021-07-23,354,1005.9,1007.0,1005.1
2,2021-07-24,360,1005.8,1006.7,1005.1
2,2021-07-25,321,1004.2,1006.3,1003.1
2,2021-07-26,305,1000.6,1003.4,998.4
2,2021-07-27,339,997.1,998.1,995.5
2,2021-07-28,151,994.9,997.2,991.4
2,2021-07-29,185,996.8,998.1,995.8
2,2021-07-30,270,997.9,999.7,996.7
2,2021-07-31,326,998.1,999.5,997.3
2,2021-08-01,348,998.4,1001.4,996.5
2,2021-08-02,199,1003.2,1005.2,1001.0
2,2021-08-03,278,1005.6,1006.3,1004.7
2,2021-08-04,157,1003.8,1006.0,1002.8
2,2021-08-05,16,1001.7,1003.2,1001.1
2,2021-08-06,222,1000.5,1001.2,999.3
2,2021-08-07,334,999.1,1000.5,998.2
2,2021-08-08,318,998.0,999.0,997.2
2,2021-08-09,286,990.9,998.3,983.1
2,2021-08-10,303,996.8,1004.5,986.7
2,2021-08-11,121,1008.2,1009.5,1006.3
2,2021-08-12,143,1007.3,1009.8,1006.1
2,2021-08-13,139,1006.3,1007.8,1005.0
2,2021-08-14,291,1006.2,1008.4,1005.1
2,2021-08-15,149,1010.5,1012.7,1008.5
2,2021-08-16,196,1011.7,1012.6,1010.3
2,2021-08-17,147,1007.1,1011.7,1001.2
2,2021-08-18,174,1003.8,1009.0,1000.0
2,2021-08-19,338,1010.8,1012.8,1009.0
2,2021-08-20,4,1011.8,1013.3,1010.8
2,2021-08-21,191,1008.4,1011.2,1006.1
2,2021-08-22,145,1004.6,1007.0,1002.9
2,2021-08-23,162,1005.4,1007.3,1003.8
2,2021-08-24,144,1002.2,1006.2,998.0
2,2021-08-25,176,1001.3,1004.4,998.7
2,2021-08-26,322,1005.2,1006.7,1003.9
2,2021-08-27,181,1005.5,1006.8,1004.8
2,2021-08-28,178,1004.4,1006.3,1002.1
2,2021-08-29,183,1006.2,1007.2,1005.3
2,2021-08-30,212,1006.4,1007.4,1005.0
2,2021-08-31,284,1008.4,1009.9,1007.3
2,2021-09-01,337,1006.6,1008.8,1005.6
2,2021-09-02,77,1005.8,1007.6,1004.5
2,2021-09-03,145,1008.3,1010.5,1006.5
2,2021-09-04,178,1012.7,1014.8,1010.3
2,2021-09-05,128,1015.0,1016.1,1013.7
2,2021-09-06,125,1014.0,1015.4,1012.9
2,2021-09-07,156,1010.6,1013.4,1008.3
2,2021-09-08,156,1006.1,1007.6,1004.7
2,2021-09-09,175,1006.9,1009.3,1004.6
2,2021-09-10,33,1008.5,1009.8,1007.4
2,2021-09-11,158,1005.2,1007.4,1004.1
2,2021-09-12,197,1005.0,1009.3,1002.3
2,2021-09-13,287,1013.3,1015.1,1010.4
2,2021-09-14,293,1013.1,1015.1,1012.3
2,2021-09-15,14,1013.3,1014.5,1011.4
2,2021-09-16,141,1011.7,1014.2,1009.9
2,2021-09-17,193,1007.0,1010.4,1003.7
2,2021-09-18,322,1005.6,1009.7,1002.2
2,2021-09-19,312,1011.2,1013.3,1009.1
2,2021-09-20,220,1012.3,1014.0,1010.4
2,2021-09-21,165,1005.9,1010.1,1002.9
2,2021-09-22,173,1003.3,1004.6,1001.8
2,2021-09-23,193,1006.4,1011.4,1004.0
2,2021-09-24,341,1017.8,1021.8,1013.0
2,2021-09-25,327,1020.3,1021.9,1018.2
2,2021-09-26,157,1015.5,1018.1,1014.5
2,2021-09-27,181,1013.6,1015.1,1012.6
2,2021-09-28,163,1011.0,1013.1,1010.2
2,2021-09-29,152,1005.2,1010.6,1001.2
2,2021-09-30,188,1002.3,1004.2,999.7
2,2021-10-01,223,1000.2,1003.1,999.1
2,2021-10-02,269,1008.0,1016.9,1001.8
2,2021-10-03,195,1016.4,1018.2,1014.7
2,2021-10-04,204,1014.8,1015.8,1014.0
2,2021-10-05,311,1011.8,1015.2,1007.6
2,2021-10-06,342,1015.6,1016.6,1014.1
2,2021-10-07,320,1012.5,1016.8,1010.0
2,2021-10-08,332,1019.2,1023.7,1015.4
2,2021-10-09,188,1020.9,1024.6,1016.5
2,2021-10-10,190,1010.1,1016.6,1005.3
2,2021-10-11,165,1015.7,1021.3,1009.5
2,2021-10-12,301,1021.6,1022.3,1020.2
2,2021-10-13,150,1018.1,1021.8,1014.8
2,2021-10-14,130,1010.2,1015.8,1008.2
2,2021-10-15,336,1011.7,1013.7,1008.9
2,2021-10-16,258,1007.0,1012.7,1003.0
2,2021-10-17,280,1014.0,1019.3,1008.9
2,2021-10-18,146,1018.1,1020.1,1014.4
2,2021-10-19,168,1003.4,1012.8,996.0
2,2021-10-20,288,1000.9,1008.9,992.8
2,2021-10-21,272,1012.2,1014.3,1009.3
2,2021-10-22,178,1011.5,1013.6,1010.2
2,2021-10-23,238,1016.2,1018.8,1013.4
2,2021-10-24,208,1019.6,1020.9,1017.8
2,2021-10-25,173,1017.0,1020.5,1014.3
2,2021-10-26,164,1010.9,1014.6,1009.3
2,2021-10-27,164,1008.2,1011.0,1006.6
2,2021-10-28,253,1012.7,1017.3,1008.8
2,2021-10-29,315,1017.7,1020.5,1015.9
2,2021-10-30,137,1020.2,1020.9,1018.8
2,2021-10-31,130,1017.5,1019.5,1016.7
2,2021-11-01,221,1014.3,1017.5,1011.3
2,2021-11-02,169,1008.6,1011.4,1007.4
2,2021-11-03,243,1007.7,1009.3,1006.1
2,2021-11-04,254,1010.4,1013.0,1008.0
2,2021-11-05,194,1014.9,1017.4,1012.3
2,2021-11-06,142,1017.4,1020.4,1015.6
2,2021-11-07,175,1019.7,1020.7,1018.8
2,2021-11-08,147,1011.7,1018.7,1004.0
2,2021-11-09,273,996.8,1003.0,992.7
2,2021-11-10,184,992.3,994.9,990.5
2,2021-11-11,196,998.3,1001.3,994.7
2,2021-11-12,172,1004.0,1008.5,1000.4
2,2021-11-13,182,1010.8,1012.1,1008.7
2,2021-11-14,176,1008.5,1010.9,1007.1
2,2021-11-15,252,1012.8,1015.1,1009.9
2,2021-11-16,242,1015.1,1016.8,1013.0
2,2021-11-17,185,1015.5,1016.8,1012.6
2,2021-11-18,164,1009.4,1012.2,1008.3
2,2021-11-19,243,1009.8,1015.6,1004.5
2,2021-11-20,185,1016.9,1017.8,1015.2
2,2021-11-21,166,1013.5,1018.4,1005.8
2,2021-11-22,197,995.5,1003.9,990.2
2,2021-11-23,170,995.4,997.4,993.5
2,2021-11-24,236,1000.7,1003.6,997.8
2,2021-11-25,252,1004.3,1007.8,1002.2
2,2021-11-26,216,1009.4,1012.3,1007.3
2,2021-11-27,252,1018.1,1023.6,1013.1
2,2021-11-28,173,1023.6,1024.6,1021.5
2,2021-11-29,169,1017.7,1021.3,1016.3
2,2021-11-30,169,1002.6,1016.4,987.6
2,2021-12-01,252,994.1,1002.1,988.5
2,2021-12-02,198,1007.6,1010.5,1003.4
2,2021-12-03,198,1003.8,1006.9,1001.0
2,2021-12-04,323,1012.4,1022.1,1006.1
2,2021-12-05,163,1024.6,1026.2,1022.6
2,2021-12-06,154,1021.1,1024.3,1019.5
2,2021-12-07,330,1018.4,1020.3,1017.6
2,2021-12-08,333,1022.7,1026.0,1019.3
2,2021-12-09,195,1024.2,1026.7,1021.9
2,2021-12-10,159,1017.7,1021.6,1015.5
2,2021-12-11,192,1013.5,1015.8,1009.1
2,2021-12-12,235,1001.7,1008.2,999.5
2,2021-12-13,266,1009.6,1014.9,1003.8
2,2021-12-14,171,1010.0,1014.6,1007.4
2,2021-12-15,210,1011.9,1014.1,1008.2
2,2021-12-16,167,1004.6,1012.9,995.9
2,2021-12-17,299,995.0,1001.5,990.0
2,2021-12-18,246,1005.5,1007.7,1002.8
2,2021-12-19,169,1006.1,1009.3,1004.5
2,2021-12-20,177,1005.7,1010.1,1001.0
2,2021-12-21,281,1003.9,1008.6,1001.4
2,2021-12-22,245,1011.8,1014.9,1009.3
2,2021-12-23,273,1015.8,1016.7,1014.6
2,2021-12-24,12,1011.2,1016.1,1007.0
2,2021-12-25,275,1004.5,1007.1,1002.8
2,2021-12-26,174,1004.6,1007.0,999.5
2,2021-12-27,260,1007.1,1011.7,1005.7
2,2021-12-28,207,1015.0,1016.5,1013.4
2,2021-12-29,160,1005.1,1012.5,1002.3
2,2021-12-30,313,1002.6,1003.7,1000.7
2,2021-12-31,287,1004.7,1007.8,1003.3
2,2022-01-01,266,1013.8,1017.0,1008.3
2,2022-01-02,236,1008.2,1014.2,1003.8
2,2022-01-03,283,1008.1,1010.7,1006.1
2,2022-01-04,286,1009.8,1013.7,1007.0
2,2022-01-05,206,1017.9,1019.4,1014.8
2,2022-01-06,179,1013.3,1018.7,1009.0
2,2022-01-07,254,1014.4,1016.1,1010.9
2,2022-01-08,182,1009.8,1015.7,1005.2
2,2022-01-09,293,1012.6,1015.9,1008.2
2,2022-01-10,182,1012.4,1016.4,1003.4
2,2022-01-11,206,991.4,1001.9,985.8
2,2022-01-12,272,990.5,995.2,982.2
2,2022-01-13,268,992.9,995.2,990.8
2,2022-01-14,268,1002.2,1010.2,996.1
2,2022-01-15,229,1012.5,1014.6,1010.8
2,2022-01-16,178,1006.0,1011.0,1003.9
2,2022-01-17,235,1003.8,1006.5,1001.4
2,2022-01-18,203,1006.7,1011.1,1002.4
2,2022-01-19,145,1007.8,1011.0,1004.6
2,2022-01-20,140,1008.8,1012.7,1004.4
2,2022-01-21,295,1016.2,1018.6,1013.7
2,2022-01-22,217,1018.3,1019.5,1016.6
2,2022-01-23,306,1011.2,1016.5,1007.5
2,2022-01-24,284,1012.7,1015.1,1010.4
2,2022-01-25,158,1014.2,1015.6,1012.4
2,2022-01-26,219,1009.3,1012.2,1008.3
2,2022-01-27,263,1009.9,1010.8,1009.0
2,2022-01-28,263,1006.8,1009.1,1006.0
2,2022-01-29,264,1005.7,1007.0,1004.1
2,2022-01-30,280,1007.2,1008.1,1006.3
2,2022-01-31,281,1009.7,1011.7,1006.5
2,2022-02-01,216,1007.8,1011.4,1006.8
2,2022-02-02,249,1009.5,1010.0,1008.6
2,2022-02-03,270,1008.2,1008.8,1007.1
2,2022-02-04,239,1003.6,1007.8,1000.6
2,2022-02-05,262,1002.2,1004.6,999.9
2,2022-02-06,273,1008.1,1012.4,1004.3
2,2022-02-07,253,1015.0,1016.6,1012.9
2,2022-02-08,246,1016.9,1019.3,1014.9
2,2022-02-09,268,1019.2,1020.5,1018.5
2,2022-02-10,326,1016.4,1018.4,1015.0
2,2022-02-11,142,1017.9,1018.7,1016.8
2,2022-02-12,204,1015.7,1018.0,1014.5
2,2022-02-13,268,1016.0,1017.5,1014.4
2,2022-02-14,195,1013.1,1014.4,1010.5
2,2022-02-15,148,1001.8,1009.4,998.6
2,2022-02-16,160,999.3,1001.4,997.5
2,2022-02-17,176,1007.1,1016.0,1001.9
2,2022-02-18,245,1019.2,1021.0,1016.8
2,2022-02-19,175,1008.5,1019.2,1000.2
2,2022-02-20,298,998.5,1000.3,997.6
2,2022-02-21,279,1005.2,1007.3,1001.2
2,2022-02-22,268,1009.5,1011.9,1007.1
2,2022-02-23,253,1012.0,1012.8,1011.2
2,2022-02-24,251,1010.1,1011.7,1008.9
2,2022-02-25,220,1010.6,1011.8,1009.3
2,2022-02-26,198,1003.8,1009.6,998.1
2,2022-02-27,249,1004.8,1009.7,997.0
2,2022-02-28,244,1011.6,1014.4,1008.6
2,2022-03-01,209,1002.7,1007.8,999.8
2,2022-03-02,206,1002.9,1005.0,996.6
2,2022-03-03,270,1005.2,1011.9,997.2
2,2022-03-04,179,1007.1,1012.1,996.7
2,2022-03-05,204,993.2,995.6,990.9
2,2022-03-06,287,997.4,1007.9,991.9
2,2022-03-07,313,1010.4,1011.5,1008.5
2,2022-03-08,218,1012.8,1015.7,1010.5
2,2022-03-09,112,1016.4,1018.0,1014.3
2,2022-03-10,132,1015.5,1018.1,1012.6
2,2022-03-11,187,1007.7,1012.2,1005.5
2,2022-03-12,258,1013.0,1015.0,1010.3
2,2022-03-13,278,1008.2,1013.0,1005.5
2,2022-03-14,172,1004.7,1008.7,995.8
2,2022-03-15,192,1002.7,1009.7,993.5
2,2022-03-16,79,1009.4,1012.4,1007.5
2,2022-03-17,298,1015.2,1016.4,1013.1
2,2022-03-18,313,1005.2,1015.7,995.4
2,2022-03-19,309,996.6,1003.6,994.1
2,2022-03-20,274,1009.6,1013.7,1004.8
2,2022-03-21,259,1016.5,1017.8,1013.7
2,2022-03-22,168,1015.1,1016.9,1014.3
2,2022-03-23,172,1011.4,1014.9,1009.2
2,2022-03-24,148,1013.2,1020.7,1008.4
2,2022-03-25,171,1016.9,1021.6,1010.2
2,2022-03-26,195,996.1,1009.1,987.9
2,2022-03-27,247,1003.3,1010.0,999.9
2,2022-03-28,249,1019.4,1025.2,1011.3
2,2022-03-29,164,1018.9,1024.8,1014.9
2,2022-03-30,249,1013.9,1015.3,1013.0
2,2022-03-31,319,1014.6,1016.5,1012.3
2,2022-04-01,287,1018.9,1021.8,1015.7
2,2022-04-02,226,1022.7,1024.8,1020.8
2,2022-04-03,27,1023.9,1025.0,1022.9
2,2022-04-04,168,1020.2,1023.7,1017.6
2,2022-04-05,181,1012.2,1017.2,1009.1
2,2022-04-06,252,1013.2,1015.9,1008.7
2,2022-04-07,350,1006.9,1014.9,1001.3
2,2022-04-08,193,1011.6,1013.1,1008.7
2,2022-04-09,189,1008.2,1011.6,1004.7
2,2022-04-10,184,1010.4,1011.6,1009.1
2,2022-04-11,182,1008.4,1011.0,1006.6
2,2022-04-12,199,1004.8,1007.1,1003.4
2,2022-04-13,346,1013.1,1017.9,1007.1
2,2022-04-14,144,1014.0,1017.9,1010.6
2,2022-04-15,331,1007.9,1011.0,1005.8
2,2022-04-16,151,1007.9,1011.2,1003.9
2,2022-04-17,184,1012.1,1013.3,1010.8
2,2022-04-18,215,1009.5,1011.8,1007.9
2,2022-04-19,74,1012.8,1014.3,1010.8
2,2022-04-20,177,1012.0,1013.4,1010.9
2,2022-04-21,198,1008.4,1012.5,1004.2
2,2022-04-22,207,1001.3,1003.9,1000.4
2,2022-04-23,227,1007.8,1010.8,1001.9
2,2022-04-24,191,1005.2,1008.3,1003.1
2,2022-04-25,127,1007.8,1010.1,1004.5
2,2022-04-26,179,995.8,1004.3,988.8
2,2022-04-27,238,1008.0,1014.5,998.1
2,2022-04-28,343,1014.1,1015.7,1012.9
2,2022-04-29,341,1009.9,1012.8,1007.9
2,2022-04-30,200,1009.6,1012.3,1005.3
2,2022-05-01,183,1004.1,1005.7,1003.5
2,2022-05-02,259,1005.4,1008.7,1003.3
2,2022-05-03,212,1008.9,1010.8,1006.3
2,2022-05-04,200,1011.9,1015.4,1005.3
2,2022-05-05,179,1015.2,1015.8,1014.7
2,2022-05-06,172,1011.6,1015.0,1009.5
2,2022-05-07,212,1007.3,1010.8,1004.2
2,2022-05-08,237,1010.9,1011.9,1009.5
2,2022-05-09,213,1012.9,1015.4,1010.9
2,2022-05-10,25,1014.9,1016.5,1013.9
2,2022-05-11,170,1011.4,1013.6,1010.6
2,2022-05-12,188,1007.9,1011.2,1005.4
2,2022-05-13,251,999.0,1005.4,992.9
2,2022-05-14,236,999.0,1003.1,991.9
2,2022-05-15,214,1005.8,1007.8,1003.4
2,2022-05-16,194,1007.3,1009.0,1005.4
2,2022-05-17,140,1010.5,1013.0,1007.8
2,2022-05-18,177,1011.6,1013.2,1010.0
2,2022-05-19,191,1008.1,1010.3,1007.0
2,2022-05-20,179,1007.0,1008.2,1006.1
2,2022-05-21,193,1003.8,1006.1,1001.5
2,2022-05-22,154,1001.4,1003.9,1000.1
2,2022-05-23,8,1007.8,1010.7,1004.5
2,2022-05-24,44,1009.5,1011.2,1008.2
2,2022-05-25,265,1005.0,1008.1,1003.3
2,2022-05-26,121,999.6,1003.2,995.9
2,2022-05-27,174,992.5,995.5,991.4
2,2022-05-28,253,995.6,999.0,992.0
2,2022-05-29,324,1001.1,1003.3,998.6
2,2022-05-30,165,1000.1,1002.6,998.2
2,2022-05-31,169,997.5,1001.8,994.7
2,2022-06-01,292,1002.2,1004.0,1001.1
2,2022-06-02,355,1001.9,1003.3,1001.1
2,2022-06-03,321,1005.2,1007.7,1002.9
2,2022-06-04,294,1007.5,1008.5,1006.8
2,2022-06-05,142,1005.9,1007.2,1003.9
2,2022-06-06,283,999.3,1003.2,997.3
2,2022-06-07,271,1003.0,1006.2,999.4
2,2022-06-08,320,1008.2,1011.3,1005.5
2,2022-06-09,349,1010.7,1011.4,1009.7
2,2022-06-10,359,1010.9,1011.8,1009.4
2,2022-06-11,324,1008.5,1011.3,1006.8
2,2022-06-12,329,1005.7,1008.7,1003.9
2,2022-06-13,131,1011.4,1013.1,1009.0
2,2022-06-14,150,1010.5,1012.6,1008.8
2,2022-06-15,160,1003.6,1008.0,1000.5
2,2022-06-16,201,1001.3,1002.5,1000.2
2,2022-06-17,175,1003.1,1004.2,1001.7
2,2022-06-18,186,1002.5,1004.0,1000.9
2,2022-06-19,185,998.8,1001.6,997.2
2,2022-06-20,261,1000.2,1003.7,997.6
2,2022-06-21,322,1003.6,1004.8,1002.1
2,2022-06-22,270,1004.0,1005.3,1002.8
2,2022-06-23,157,1001.1,1005.2,994.7
2,2022-06-24,185,993.1,996.3,991.1
2,2022-06-25,192,1000.6,1004.3,996.6
2,2022-06-26,194,1004.0,1005.1,1002.9
2,2022-06-27,199,1004.3,1006.3,1002.8
2,2022-06-28,197,1001.0,1004.0,998.6
2,2022-06-29,195,1001.5,1004.6,1000.3
2,2022-06-30,169,1006.8,1009.4,1004.7
2,2022-07-01,161,1009.6,1010.2,1009.0
2,2022-07-02,196,1007.3,1009.5,1006.0
2,2022-07-03,180,1003.7,1005.9,1002.7
2,2022-07-04,175,1003.5,1004.6,1002.2
2,2022-07-05,192,1003.5,1004.4,1002.8
2,2022-07-06,321,1005.5,1007.3,1003.4
2,2022-07-07,141,1005.6,1007.2,1004.3
2,2022-07-08,133,1002.5,1005.1,1001.4
2,2022-07-09,351,1000.0,1001.2,999.3
2,2022-07-10,19,1002.0,1003.5,1000.6
2,2022-07-11,348,1002.8,1003.9,1001.7
2,2022-07-12,145,1002.3,1003.4,1000.8
2,2022-07-13,141,1001.5,1003.1,1000.4
2,2022-07-14,135,998.6,1000.5,996.8
2,2022-07-15,154,997.8,999.0,996.4
2,2022-07-16,283,998.3,999.5,996.5
2,2022-07-17,115,995.3,997.1,993.8
2,2022-07-18,166,998.0,999.7,996.8
2,2022-07-19,321,995.2,997.8,993.8
2,2022-07-20,339,999.1,1000.5,997.5
2,2022-07-21,351,999.4,1001.0,997.3
2,2022-07-22,312,995.4,998.1,993.9
2,2022-07-23,356,998.7,1001.9,995.6
2,2022-07-24,15,1003.8,1005.3,1002.5
2,2022-07-25,357,1005.3,1006.1,1004.3
2,2022-07-26,317,1005.3,1006.5,1004.2
2,2022-07-27,333,1007.4,1009.2,1005.5
2,2022-07-28,338,1010.1,1011.1,1008.9
2,2022-07-29,325,1010.3,1011.6,1009.7
2,2022-07-30,89,1007.9,1009.8,1007.1
2,2022-07-31,311,1007.3,1008.1,1006.1
2,2022-08-01,153,1005.7,1007.8,1003.8
2,2022-08-02,168,1004.4,1006.3,1001.2
2,2022-08-03,176,1002.6,1004.4,1000.2
2,2022-08-04,138,1003.3,1004.2,1002.2
2,2022-08-05,152,1003.0,1003.8,1001.5
2,2022-08-06,163,1003.6,1004.8,1001.9
2,2022-08-07,164,1004.2,1005.6,1003.4
2,2022-08-08,182,1001.2,1004.3,999.2
2,2022-08-09,175,999.8,1001.5,996.6
2,2022-08-10,168,1001.7,1003.1,1000.5
2,2022-08-11,169,1000.6,1003.2,997.5
2,2022-08-12,179,1000.9,1002.5,999.5
2,2022-08-13,268,1001.5,1002.6,1000.3
2,2022-08-14,107,1001.0,1002.3,999.8
2,2022-08-15,170,995.7,1001.2,991.9
2,2022-08-16,215,995.7,1003.5,989.7
2,2022-08-17,200,1003.4,1005.3,999.4
2,2022-08-18,273,996.5,999.1,992.1
2,2022-08-19,208,997.5,999.4,994.9
2,2022-08-20,174,995.9,1000.0,992.9
2,2022-08-21,13,1002.2,1003.7,1000.3
2,2022-08-22,170,999.6,1003.6,997.0
2,2022-08-23,206,998.8,1002.7,996.1
2,2022-08-24,326,1003.0,1004.3,1002.1
2,2022-08-25,157,1000.8,1002.1,999.7
2,2022-08-26,206,1001.4,1003.3,999.8
2,2022-08-27,173,1002.1,1006.3,999.2
2,2022-08-28,192,1010.4,1014.2,1007.2
2,2022-08-29,164,1012.5,1015.0,1010.3
2,2022-08-30,144,1007.5,1010.1,1005.0
2,2022-08-31,165,1000.8,1004.9,997.8
2,2022-09-01,121,1007.7,1011.6,1004.3
2,2022-09-02,316,1013.2,1014.2,1012.4
2,2022-09-03,308,1012.4,1013.7,1011.6
2,2022-09-04,146,1010.6,1012.7,1009.3
2,2022-09-05,171,1007.4,1009.8,1004.6
2,2022-09-06,166,1002.2,1008.4,997.2
2,2022-09-07,74,1011.4,1014.2,1008.5
2,2022-09-08,289,1012.2,1014.6,1010.7
2,2022-09-09,257,1011.9,1013.9,1009.4
2,2022-09-10,196,1013.0,1014.5,1011.9
2,2022-09-11,166,1010.9,1013.0,1009.7
2,2022-09-12,163,1009.3,1011.1,1008.3
2,2022-09-13,16,1011.3,1014.4,1009.0
2,2022-09-14,12,1012.8,1014.5,1011.6
2,2022-09-15,311,1008.9,1011.6,1007.8
2,2022-09-16,278,1008.6,1009.1,1007.9
2,2022-09-17,179,1007.3,1009.2,1006.1
2,2022-09-18,330,1002.8,1006.6,997.8
2,2022-09-19,307,990.9,997.2,987.8
2,2022-09-20,335,1004.8,1010.2,996.7
2,2022-09-21,125,1015.1,1017.7,1011.3
2,2022-09-22,152,1013.5,1017.6,1010.8
2,2022-09-23,158,1005.0,1011.1,1002.0
2,2022-09-24,187,1007.5,1011.6,1003.7
2,2022-09-25,47,1011.6,1012.3,1010.6
2,2022-09-26,163,1011.7,1012.5,1010.8
2,2022-09-27,207,1010.5,1012.8,1008.6
2,2022-09-28,179,1005.9,1009.1,1004.9
2,2022-09-29,180,1009.0,1011.6,1006.4
2,2022-09-30,130,1011.3,1012.1,1010.5
2,2022-10-01,117,1013.1,1016.1,1010.7
2,2022-10-02,193,1016.2,1017.1,1015.2
2,2022-10-03,168,1009.6,1015.7,1002.1
2,2022-10-04,273,1003.4,1011.2,996.8
2,2022-10-05,312,1014.3,1017.3,1011.8
2,2022-10-06,116,1016.7,1017.9,1015.5
2,2022-10-07,323,1013.0,1016.2,1011.2
2,2022-10-08,14,1019.2,1022.9,1015.1
2,2022-10-09,140,1014.9,1022.4,1003.2
2,2022-10-10,172,1000.4,1003.0,997.5
2,2022-10-11,208,1009.6,1017.9,1002.3
2,2022-10-12,310,1022.2,1023.9,1018.5
2,2022-10-13,191,1019.5,1024.2,1016.8
2,2022-10-14,235,1013.7,1017.2,1011.9
2,2022-10-15,132,1014.0,1015.5,1011.7
2,2022-10-16,134,1009.7,1016.0,1004.7
2,2022-10-17,301,1004.3,1008.2,1000.4
2,2022-10-18,264,1011.2,1014.4,1008.4
2,2022-10-19,216,1016.0,1018.5,1014.0
2,2022-10-20,204,1018.1,1019.4,1016.8
2,2022-10-21,175,1014.6,1019.4,1010.6
2,2022-10-22,175,1007.6,1010.2,1006.9
2,2022-10-23,289,1008.0,1010.1,1006.5
2,2022-10-24,266,1013.4,1018.4,1009.5
2,2022-10-25,42,1021.9,1024.6,1018.8
2,2022-10-26,162,1022.0,1024.9,1020.6
2,2022-10-27,125,1019.6,1021.3,1018.6
2,2022-10-28,172,1017.1,1018.7,1016.1
2,2022-10-29,271,1016.8,1017.6,1016.4
2,2022-10-30,231,1018.2,1021.6,1015.8
2,2022-10-31,186,1020.3,1021.6,1018.3
2,2022-11-01,173,1013.3,1018.1,1011.7
2,2022-11-02,104,1011.3,1013.2,1008.8
2,2022-11-03,16,1006.0,1008.3,1004.8
2,2022-11-04,245,1009.6,1011.9,1007.0
2,2022-11-05,222,1013.1,1016.0,1010.9
2,2022-11-06,213,1016.4,1018.4,1014.6
2,2022-11-07,168,1014.4,1017.9,1011.9
2,2022-11-08,216,1014.5,1019.1,1010.7
2,2022-11-09,186,1017.0,1018.8,1015.5
2,2022-11-10,323,1018.3,1023.6,1013.8
2,2022-11-11,145,1022.0,1023.8,1018.2
2,2022-11-12,161,1011.5,1018.6,1002.4
2,2022-11-13,273,1001.3,1009.3,993.1
2,2022-11-14,230,1008.0,1009.5,1006.4
2,2022-11-15,224,1004.4,1006.4,1003.4
2,2022-11-16,242,1011.2,1017.3,1006.3
2,2022-11-17,201,1019.4,1021.0,1017.0
2,2022-11-18,182,1017.1,1020.7,1015.1
2,2022-11-19,204,1020.5,1021.9,1019.4
2,2022-11-20,159,1015.9,1019.8,1013.9
2,2022-11-21,207,1011.4,1016.1,1009.7
2,2022-11-22,304,1017.9,1019.0,1016.3
2,2022-11-23,179,1010.5,1017.9,1006.2
2,2022-11-24,268,1011.5,1016.1,1007.5
2,2022-11-25,181,1010.7,1016.5,1003.8
2,2022-11-26,226,1005.3,1013.0,1001.9
2,2022-11-27,233,1017.7,1021.9,1013.6
2,2022-11-28,158,1014.5,1021.8,1007.0
2,2022-11-29,222,1001.7,1006.1,996.6
2,2022-11-30,293,1011.2,1015.1,1004.0
2,2022-12-01,302,1014.5,1016.7,1013.5
2,2022-12-02,169,1020.0,1021.7,1017.2
2,2022-12-03,193,1011.5,1018.2,1009.2
2,2022-12-04,277,1015.5,1017.1,1012.3
2,2022-12-05,222,1014.9,1016.9,1012.1
2,2022-12-06,134,1008.0,1012.0,1006.4
2,2022-12-07,195,1009.2,1010.8,1007.6
2,2022-12-08,236,1013.8,1016.3,1011.1
2,2022-12-09,167,1013.2,1016.1,1011.8
2,2022-12-10,190,1011.1,1012.8,1009.1
2,2022-12-11,6,1012.9,1017.3,1009.6
2,2022-12-12,143,1012.4,1018.3,1003.0
2,2022-12-13,199,998.5,1002.1,995.0
2,2022-12-14,271,1003.2,1007.1,995.4
2,2022-12-15,274,1007.5,1010.3,1005.6
2,2022-12-16,256,1013.7,1016.2,1010.5
2,2022-12-17,222,1002.4,1014.2,996.3
2,2022-12-18,285,1001.5,1007.2,996.9
2,2022-12-19,190,1010.2,1013.2,1007.4
2,2022-12-20,216,1014.1,1015.0,1012.7
2,2022-12-21,144,1007.2,1014.9,997.3
2,2022-12-22,190,983.1,995.9,977.9
2,2022-12-23,187,981.8,983.2,980.4
2,2022-12-24,255,992.2,997.3,983.5
2,2022-12-25,252,999.0,1002.8,996.6
2,2022-12-26,217,1008.3,1013.6,1003.6
2,2022-12-27,182,1015.4,1016.3,1014.1
2,2022-12-28,224,1011.0,1015.1,1008.1
2,2022-12-29,266,1013.4,1016.0,1009.9
2,2022-12-30,220,1016.1,1017.2,1014.2
2,2022-12-31,187,1013.8,1017.2,1011.0
2,2023-01-01,275,1009.9,1011.1,1008.2
2,2023-01-02,278,1011.0,1012.0,1010.4
2,2023-01-03,260,1009.3,1010.7,1008.3
2,2023-01-04,249,1011.7,1013.8,1009.2
2,2023-01-05,233,1013.8,1014.6,1012.8
2,2023-01-06,199,1011.2,1014.8,1008.1
2,2023-01-07,144,1009.1,1013.3,1006.9
2,2023-01-08,171,1013.6,1014.8,1012.4
2,2023-01-09,263,1007.8,1011.9,1005.4
2,2023-01-10,266,1014.2,1016.6,1010.0
2,2023-01-11,170,1014.4,1016.4,1013.5
2,2023-01-12,159,1016.2,1017.4,1014.4
2,2023-01-13,173,1007.0,1013.8,1001.3
2,2023-01-14,325,1004.5,1007.7,1001.5
2,2023-01-15,321,1006.6,1008.2,1005.7
2,2023-01-16,298,1011.1,1016.6,1005.9
2,2023-01-17,256,1015.1,1018.2,1010.9
2,2023-01-18,356,1015.3,1017.6,1012.2
2,2023-01-19,185,1012.6,1018.3,1009.7
2,2023-01-20,240,1003.8,1014.0,997.8
2,2023-01-21,287,1018.6,1020.4,1015.6
2,2023-01-22,248,1019.1,1020.6,1016.9
2,2023-01-23,179,1006.0,1016.2,997.8
2,2023-01-24,318,998.9,1002.2,996.7
2,2023-01-25,282,1005.4,1008.9,1002.1
2,2023-01-26,242,1008.6,1010.1,1006.7
2,2023-01-27,244,1001.1,1006.3,998.8
2,2023-01-28,271,1002.9,1007.2,1000.2
2,2023-01-29,213,1008.0,1009.2,1007.2
2,2023-01-30,289,1007.0,1011.7,1002.9
2,2023-01-31,205,1010.1,1012.6,1005.7
2,2023-02-01,256,1001.0,1009.4,995.2
2,2023-02-02,280,1012.9,1015.3,1010.6
2,2023-02-03,257,1013.5,1015.1,1012.2
2,2023-02-04,263,1012.9,1016.1,1009.8
2,2023-02-05,191,1015.1,1017.1,1012.3
2,2023-02-06,216,1014.2,1017.2,1012.4
2,2023-02-07,357,1015.1,1017.0,1013.7
2,2023-02-08,308,1014.7,1019.4,1012.6
2,2023-02-09,280,1023.1,1025.4,1020.6
2,2023-02-10,140,1015.4,1021.6,1012.8
2,2023-02-11,171,1016.4,1018.4,1014.4
2,2023-02-12,355,1013.1,1014.9,1010.1
2,2023-02-13,325,1005.4,1009.6,1003.6
2,2023-02-14,308,1006.6,1014.1,1002.8
2,2023-02-15,285,1018.0,1022.2,1014.1
2,2023-02-16,215,1021.2,1022.3,1019.9
2,2023-02-17,181,1017.0,1019.7,1015.9
2,2023-02-18,184,1011.0,1016.9,1002.7
2,2023-02-19,280,998.8,1003.5,996.2
2,2023-02-20,291,1008.8,1014.3,1004.2
2,2023-02-21,284,1019.4,1024.2,1014.5
2,2023-02-22,211,1020.5,1023.9,1016.5
2,2023-02-23,190,1012.2,1015.9,1011.2
2,2023-02-24,21,1011.6,1013.3,1010.9
2,2023-02-25,283,1015.9,1017.9,1013.7
2,2023-02-26,308,1021.9,1025.6,1017.5
2,2023-02-27,197,1021.3,1025.4,1017.6
2,2023-02-28,191,1012.4,1017.3,1009.5
2,2023-03-01,172,1008.3,1011.3,1005.6
2,2023-03-02,261,1011.3,1016.0,1006.1
2,2023-03-03,218,1017.0,1018.7,1015.7
2,2023-03-04,283,1022.1,1023.8,1019.2
2,2023-03-05,140,1020.7,1024.2,1019.2
2,2023-03-06,160,1014.9,1019.3,1013.4
2,2023-03-07,182,1012.7,1013.9,1011.8
2,2023-03-08,186,1012.3,1015.6,1008.9
2,2023-03-09,171,1011.1,1015.3,1008.4
2,2023-03-10,274,1016.2,1022.6,1009.4
2,2023-03-11,10,1021.9,1023.2,1019.7
2,2023-03-12,159,1011.1,1019.2,1003.4
2,2023-03-13,201,1010.9,1017.9,1004.1
2,2023-03-14,253,1020.1,1022.1,1017.3
2,2023-03-15,170,1018.5,1021.9,1014.8
2,2023-03-16,224,1016.8,1019.2,1013.0
2,2023-03-17,240,1016.6,1019.5,1014.8
2,2023-03-18,345,1009.9,1014.4,1008.7
2,2023-03-19,212,1010.9,1012.6,1009.6
2,2023-03-20,197,1012.3,1013.2,1011.2
2,2023-03-21,185,1010.6,1012.5,1008.8
2,2023-03-22,191,1010.8,1012.8,1008.8
2,2023-03-23,184,1000.5,1007.5,995.9
2,2023-03-24,324,1010.5,1015.5,1001.6
2,2023-03-25,26,1013.4,1015.1,1011.6
2,2023-03-26,309,1007.0,1011.4,1004.5
2,2023-03-27,251,1015.7,1020.0,1009.8
2,2023-03-28,27,1019.8,1020.7,1018.3
2,2023-03-29,112,1017.4,1019.6,1016.4
2,2023-03-30,160,1012.6,1016.4,1010.0
2,2023-03-31,229,1011.0,1014.7,1008.0
2,2023-04-01,304,1015.4,1017.8,1013.4
2,2023-04-02,310,1017.2,1019.6,1015.1
2,2023-04-03,349,1019.2,1020.4,1017.8
2,2023-04-04,119,1017.1,1019.6,1015.7
2,2023-04-05,179,1012.7,1016.0,1008.1
2,2023-04-06,177,1003.7,1006.6,1000.7
2,2023-04-07,26,999.5,1000.7,998.4
2,2023-04-08,279,1000.6,1005.3,997.4
2,2023-04-09,240,1009.6,1011.7,1006.2
2,2023-04-10,197,1009.0,1010.6,1008.1
2,2023-04-11,196,1003.6,1008.2,998.1
2,2023-04-12,217,1005.3,1007.0,1002.8
2,2023-04-13,216,1007.9,1008.9,1007.1
2,2023-04-14,207,1008.2,1010.7,1005.3
2,2023-04-15,257,996.0,1008.8,984.7
2,2023-04-16,239,992.7,1002.1,983.9
2,2023-04-17,296,1010.1,1013.9,1003.1
2,2023-04-18,200,1007.1,1013.1,1002.0
2,2023-04-19,223,1005.5,1006.8,1004.7
2,2023-04-20,206,999.0,1003.1,996.9
2,2023-04-21,297,1003.2,1006.6,1001.0
2,2023-04-22,279,1010.5,1013.2,1007.0
2,2023-04-23,268,1013.6,1015.6,1010.9
2,2023-04-24,259,1017.2,1019.4,1014.8
2,2023-04-25,155,1010.2,1019.3,999.2
2,2023-04-26,258,1001.3,1009.8,996.9
2,2023-04-27,226,1013.9,1015.3,1010.3
2,2023-04-28,181,1012.3,1014.5,1009.3
2,2023-04-29,188,1000.5,1008.7,992.5
2,2023-04-30,210,999.4,1003.9,994.0
2,2023-05-01,245,1007.0,1014.3,1003.2
2,2023-05-02,209,1018.0,1019.7,1015.4
2,2023-05-03,180,1015.2,1018.4,1013.3
2,2023-05-04,176,1009.7,1013.4,1007.7
2,2023-05-05,177,1002.9,1008.3,997.4
2,2023-05-06,294,1002.4,1007.0,997.7
2,2023-05-07,17,1006.2,1007.7,1004.5
2,2023-05-08,130,1007.7,1010.0,1004.9
2,2023-05-09,182,1008.6,1009.8,1007.3
2,2023-05-10,254,1011.0,1014.1,1008.4
2,2023-05-11,318,1015.7,1017.2,1014.0
2,2023-05-12,18,1015.7,1016.9,1015.0
2,2023-05-13,150,1011.8,1015.2,1010.3
2,2023-05-14,159,1007.6,1010.1,1005.8
2,2023-05-15,191,1006.4,1008.2,1005.6
2,2023-05-16,113,1006.0,1007.6,1004.4
2,2023-05-17,179,1005.2,1007.0,1002.5
2,2023-05-18,200,1006.7,1007.8,1005.3
2,2023-05-19,316,1006.7,1007.7,1005.8
2,2023-05-20,153,1004.0,1006.5,1000.2
2,2023-05-21,192,998.9,1000.7,998.0
2,2023-05-22,242,1000.3,1001.7,998.8
2,2023-05-23,344,1001.6,1004.9,999.2
2,2023-05-24,53,1010.6,1015.8,1005.2
2,2023-05-25,137,1016.0,1016.7,1015.3
2,2023-05-26,174,1016.0,1016.6,1015.1
2,2023-05-27,188,1014.3,1016.5,1011.4
2,2023-05-28,171,1006.8,1011.4,1004.7
2,2023-05-29,335,1003.5,1004.5,1002.5
2,2023-05-30,291,1004.9,1007.1,1002.5
2,2023-05-31,229,1006.4,1007.5,1005.2
2,2023-06-01,182,1002.0,1006.6,998.2
2,2023-06-02,173,990.7,997.7,987.6
2,2023-06-03,248,994.9,997.0,990.4
2,2023-06-04,212,998.6,1001.4,995.8
2,2023-06-05,202,1002.1,1003.2,1001.2
2,2023-06-06,180,1000.6,1001.7,999.6
2,2023-06-07,170,1004.2,1007.3,1001.5
2,2023-06-08,178,1004.6,1007.2,1002.0
2,2023-06-09,163,1001.4,1004.7,999.2
2,2023-06-10,344,1007.6,1009.1,1005.5
2,2023-06-11,323,1005.9,1008.1,1003.8
2,2023-06-12,351,1001.0,1004.0,998.6
2,2023-06-13,88,1000.0,1002.7,997.9
2,2023-06-14,337,1002.4,1003.5,1001.2
2,2023-06-15,314,1002.2,1003.8,1001.0
2,2023-06-16,196,1003.7,1005.3,1002.2
2,2023-06-17,218,1001.8,1005.0,1000.2
2,2023-06-18,309,1001.3,1002.6,999.6
2,2023-06-19,333,1003.2,1006.1,1001.3
2,2023-06-20,356,1006.4,1007.6,1005.1
2,2023-06-21,169,1004.3,1007.0,1003.2
2,2023-06-22,156,1002.3,1003.6,1001.1
2,2023-06-23,158,1003.9,1007.3,1001.3
2,2023-06-24,108,1008.9,1010.8,1006.9
2,2023-06-25,343,1010.0,1010.8,1008.8
2,2023-06-26,210,1008.1,1009.6,1007.0
2,2023-06-27,176,1005.4,1007.5,1003.4
2,2023-06-28,180,1000.8,1003.0,998.6
2,2023-06-29,159,999.0,1000.1,997.8
2,2023-06-30,188,994.0,997.4,991.2
2,2023-07-01,334,1000.0,1002.3,997.4
2,2023-07-02,77,1002.3,1003.2,1001.4
2,2023-07-03,310,1001.7,1002.7,1000.8
2,2023-07-04,343,1000.1,1001.5,998.3
2,2023-07-05,156,994.8,998.6,992.1
2,2023-07-06,192,997.1,1001.5,992.4
2,2023-07-07,175,1001.7,1002.6,1001.2
2,2023-07-08,282,999.9,1001.6,998.6
2,2023-07-09,167,999.0,1000.2,997.7
2,2023-07-10,192,999.7,1001.4,998.9
2,2023-07-11,169,999.3,1000.6,997.5
2,2023-07-12,152,996.7,997.9,995.0
2,2023-07-13,252,1000.5,1002.7,997.9
2,2023-07-14,114,1000.8,1002.6,997.2
2,2023-07-15,162,998.1,1001.0,995.5
2,2023-07-16,154,1004.3,1006.5,1001.4
2,2023-07-17,201,1006.5,1007.4,1005.4
2,2023-07-18,27,1004.5,1006.9,1002.4
2,2023-07-19,315,1000.2,1002.5,998.3
2,2023-07-20,74,1005.0,1009.1,1002.1
2,2023-07-21,8,1011.2,1013.0,1009.7
2,2023-07-22,1,1011.6,1013.3,1010.5
2,2023-07-23,169,1008.4,1010.1,1007.5
2,2023-07-24,169,1007.8,1008.6,1006.6
2,2023-07-25,196,1008.7,1009.9,1007.5
2,2023-07-26,194,1008.9,1010.0,1008.0
2,2023-07-27,195,1008.3,1009.2,1006.9
2,2023-07-28,195,1009.3,1010.4,1008.0
2,2023-07-29,179,1009.2,1010.1,1008.6
2,2023-07-30,183,1007.4,1009.3,1006.3
2,2023-07-31,163,1006.2,1006.9,1005.4
2,2023-08-01,186,1005.4,1006.9,1004.6
2,2023-08-02,176,1003.7,1004.9,1003.1
2,2023-08-03,178,1001.8,1003.4,1001.1
2,2023-08-04,180,999.3,1000.6,998.2
2,2023-08-05,184,997.2,998.4,996.3
2,2023-08-06,12,997.5,998.9,996.3
2,2023-08-07,309,1001.4,1003.3,999.6
2,2023-08-08,156,1003.2,1005.1,1001.7
2,2023-08-09,164,1005.2,1005.9,1004.3
2,2023-08-10,172,1004.1,1005.4,1003.1
2,2023-08-11,325,1002.4,1004.7,1001.2
2,2023-08-12,330,1000.1,1001.2,999.3
2,2023-08-13,156,1001.5,1003.0,999.8
2,2023-08-14,276,1002.6,1003.7,1001.6
2,2023-08-15,120,1000.4,1003.3,998.8
2,2023-08-16,156,997.5,999.6,995.8
2,2023-08-17,208,1002.7,1005.2,1000.4
2,2023-08-18,117,1005.8,1006.9,1004.5
2,2023-08-19,157,1006.8,1007.3,1006.1
2,2023-08-20,103,1006.9,1007.6,1006.1
2,2023-08-21,221,1005.5,1006.8,1004.7
2,2023-08-22,188,1005.1,1005.9,1003.9
2,2023-08-23,161,1005.5,1006.6,1004.5
2,2023-08-24,154,1005.6,1006.7,1005.1
2,2023-08-25,160,1004.7,1005.3,1004.0
2,2023-08-26,71,1005.0,1005.7,1004.2
2,2023-08-27,327,1003.4,1004.5,1001.8
2,2023-08-28,17,1004.7,1008.2,1001.6
2,2023-08-29,262,1008.3,1009.7,1006.8
2,2023-08-30,168,1009.4,1010.6,1008.3
2,2023-08-31,182,1008.2,1009.3,1006.8
2,2023-09-01,177,1006.5,1007.5,1005.4
2,2023-09-02,160,1009.0,1010.9,1007.1
2,2023-09-03,303,1009.5,1011.4,1008.6
2,2023-09-04,327,1006.2,1009.0,1004.0
2,2023-09-05,334,1002.6,1004.0,1001.7
2,2023-09-06,295,1002.6,1005.8,1000.8
2,2023-09-07,33,1008.9,1010.8,1006.6
2,2023-09-08,149,1006.8,1010.3,1004.7
2,2023-09-09,201,1004.5,1006.7,1002.5
2,2023-09-10,308,1006.5,1007.4,1005.4
2,2023-09-11,180,1005.8,1006.6,1004.5
2,2023-09-12,129,1006.9,1009.5,1005.2
2,2023-09-13,298,1008.2,1010.0,1006.5
2,2023-09-14,194,1006.7,1010.3,1003.7
2,2023-09-15,228,1009.6,1010.8,1008.6
2,2023-09-16,352,1009.3,1010.4,1008.1
2,2023-09-17,170,1006.6,1008.8,1005.6
2,2023-09-18,185,1007.6,1009.2,1006.3
2,2023-09-19,181,1004.9,1006.9,1003.6
2,2023-09-20,297,1007.8,1009.1,1005.5
2,2023-09-21,285,1002.4,1008.1,997.6
2,2023-09-22,133,1009.4,1011.8,1006.7
2,2023-09-23,242,1013.9,1017.5,1011.0
2,2023-09-24,132,1017.0,1017.9,1016.1
2,2023-09-25,174,1012.6,1016.1,1010.3
2,2023-09-26,161,1008.6,1010.6,1007.0
2,2023-09-27,239,1005.6,1007.5,1002.4
2,2023-09-28,265,1002.2,1005.5,997.5
2,2023-09-29,232,1007.5,1009.2,1005.6
2,2023-09-30,154,1002.0,1007.7,999.6
2,2023-10-01,180,1001.7,1004.6,999.2
2,2023-10-02,225,1007.4,1010.6,1005.1
2,2023-10-03,257,1011.6,1013.0,1010.2
2,2023-10-04,174,1001.6,1010.7,992.4
2,2023-10-05,249,991.6,993.4,987.8
2,2023-10-06,275,1000.8,1008.3,994.7
2,2023-10-07,276,1015.0,1021.0,1009.4
2,2023-10-08,158,1020.4,1021.6,1018.7
2,2023-10-09,138,1011.0,1017.9,1005.6
2,2023-10-10,332,1007.6,1014.6,1003.3
2,2023-10-11,208,1016.3,1017.1,1015.2
2,2023-10-12,190,1013.7,1017.0,1011.4
2,2023-10-13,209,1007.6,1011.3,1005.2
2,2023-10-14,203,1004.0,1005.6,1002.3
2,2023-10-15,203,998.1,1001.5,996.6
2,2023-10-16,277,1002.6,1004.7,1000.1
2,2023-10-17,248,1010.1,1015.3,1004.1
2,2023-10-18,173,1012.7,1015.4,1009.4
2,2023-10-19,164,1005.8,1009.1,999.6
2,2023-10-20,257,998.1,1003.1,991.8
2,2023-10-21,191,1007.3,1012.8,1001.9
2,2023-10-22,212,1012.2,1016.3,1009.8
2,2023-10-23,214,1016.9,1017.8,1015.6
2,2023-10-24,149,1013.6,1017.6,1011.4
2,2023-10-25,148,1010.0,1012.0,1009.1
2,2023-10-26,144,1006.8,1009.1,1005.2
2,2023-10-27,181,1005.3,1006.7,1003.9
2,2023-10-28,276,1007.2,1010.2,1005.1
2,2023-10-29,345,1012.9,1015.8,1010.3
2,2023-10-30,139,1016.8,1018.3,1014.8
2,2023-10-31,130,1015.2,1018.1,1013.2
2,2023-11-01,187,1009.1,1012.7,1006.8
2,2023-11-02,159,1011.3,1012.9,1008.8
2,2023-11-03,200,1010.9,1016.7,1007.6
2,2023-11-04,335,1021.6,1025.5,1016.8
2,2023-11-05,210,1019.6,1025.9,1011.2
2,2023-11-06,169,1001.6,1010.1,995.3
2,2023-11-07,250,1006.5,1016.6,997.7
2,2023-11-08,320,1019.8,1021.3,1017.2
2,2023-11-09,137,1014.6,1020.5,1009.6
2,2023-11-10,283,1008.9,1014.7,1005.0
2,2023-11-11,273,1015.9,1017.2,1014.8
2,2023-11-12,92,1010.6,1015.1,1007.5
2,2023-11-13,279,1008.5,1013.0,1006.0
2,2023-11-14,254,1017.0,1020.1,1013.6
2,2023-11-15,143,1020.5,1021.9,1018.6
2,2023-11-16,148,1015.2,1022.1,1005.8
2,2023-11-17,168,993.6,1004.4,990.3
2,2023-11-18,184,991.9,1000.4,989.4
2,2023-11-19,236,1000.0,1001.6,997.8
2,2023-11-20,271,1010.1,1016.0,1002.1
2,2023-11-21,169,1013.4,1015.9,1012.4
2,2023-11-22,171,1009.0,1012.8,1005.8
2,2023-11-23,190,999.8,1005.3,996.8
2,2023-11-24,305,1007.4,1016.4,998.5
2,2023-11-25,273,1019.7,1020.9,1016.7
2,2023-11-26,140,1015.0,1020.1,1012.4
2,2023-11-27,158,1003.4,1012.4,997.4
2,2023-11-28,270,1001.6,1008.4,995.6
2,2023-11-29,307,1007.7,1009.1,1006.4
2,2023-11-30,236,1009.4,1010.6,1007.5
2,2023-12-01,191,1010.3,1013.2,1008.3
2,2023-12-02,140,1013.2,1014.3,1011.6
2,2023-12-03,177,1013.9,1016.6,1010.4
2,2023-12-04,147,1014.3,1016.8,1011.8
2,2023-12-05,170,1011.1,1013.9,1008.7
2,2023-12-06,156,1002.1,1008.2,993.7
2,2023-12-07,247,1000.7,1011.7,990.4
2,2023-12-08,180,1011.3,1012.3,1010.0
2,2023-12-09,191,1011.9,1018.0,1008.1
2,2023-12-10,314,1019.9,1022.9,1017.4
2,2023-12-11,309,1017.9,1023.3,1008.3
2,2023-12-12,323,1012.4,1018.8,1007.9
2,2023-12-13,292,1022.5,1025.1,1019.4
2,2023-12-14,271,1021.6,1025.2,1016.6
2,2023-12-15,292,1005.6,1016.0,1001.0
2,2023-12-16,228,995.7,1000.7,991.3
2,2023-12-17,279,1009.0,1015.6,1001.3
2,2023-12-18,256,1019.6,1021.4,1016.3
2,2023-12-19,51,1014.7,1021.5,1010.5
2,2023-12-20,55,1008.4,1010.8,1006.5
2,2023-12-21,216,1009.5,1012.3,1006.1
2,2023-12-22,206,1014.2,1016.6,1011.8
2,2023-12-23,240,1021.3,1023.7,1017.1
2,2023-12-24,144,1018.7,1023.8,1016.8
2,2023-12-25,128,1015.3,1017.8,1014.5
2,2023-12-26,274,1013.4,1019.9,1007.8
2,2023-12-27,249,1022.1,1023.6,1020.6
2,2023-12-28,178,1017.1,1021.5,1015.4
2,2023-12-29,142,1016.0,1016.8,1015.1
2,2023-12-30,163,1011.2,1016.4,1002.3
2,2023-12-31,328,1003.7,1014.8,997.5
2,2024-01-01,161,1018.0,1019.7,1015.7
2,2024-01-02,150,1010.0,1015.3,1007.7
2,2024-01-03,17,1008.5,1011.1,1006.9
2,2024-01-04,164,1012.5,1014.4,1009.7
2,2024-01-05,176,1007.3,1010.3,1005.5
2,2024-01-06,282,1005.4,1008.5,1003.9
2,2024-01-07,261,1005.0,1008.8,1003.0
2,2024-01-08,222,1012.5,1014.6,1009.5
2,2024-01-09,222,1006.1,1009.0,1003.7
2,2024-01-10,256,1011.3,1013.2,1008.0
2,2024-01-11,167,1004.0,1011.8,997.4
2,2024-01-12,255,1002.0,1005.6,999.4
2,2024-01-13,206,1011.2,1015.2,1006.1
2,2024-01-14,244,1005.1,1014.8,1000.4
2,2024-01-15,286,1006.3,1009.2,1003.8
2,2024-01-16,283,1015.7,1018.3,1010.1
2,2024-01-17,186,1013.6,1017.4,1011.1
2,2024-01-18,346,1016.5,1021.8,1011.8
2,2024-01-19,218,1024.5,1027.1,1021.9
2,2024-01-20,237,1024.1,1027.6,1018.5
2,2024-01-21,286,1014.7,1018.1,1011.9
2,2024-01-22,175,1004.1,1011.7,999.1
2,2024-01-23,204,994.3,999.2,988.5
2,2024-01-24,289,992.9,998.0,984.6
2,2024-01-25,293,1001.4,1005.1,998.5
2,2024-01-26,295,1009.1,1011.4,1005.8
2,2024-01-27,190,1012.6,1014.5,1010.8
2,2024-01-28,162,1017.6,1021.5,1014.4
2,2024-01-29,142,1022.1,1023.2,1021.2
2,2024-01-30,174,1022.4,1023.8,1018.8
2,2024-01-31,248,1011.5,1018.2,1007.9
2,2024-02-01,283,1015.5,1018.0,1011.5
2,2024-02-02,297,1018.7,1022.4,1016.8
2,2024-02-03,230,1019.8,1022.7,1017.4
2,2024-02-04,292,1018.6,1020.0,1016.9
2,2024-02-05,350,1016.2,1019.1,1014.9
2,2024-02-06,139,1013.4,1016.3,1011.0
2,2024-02-07,134,1009.7,1010.7,1008.4
2,2024-02-08,243,1011.6,1015.0,1009.0
2,2024-02-09,164,1014.5,1015.7,1012.9
2,2024-02-10,306,1009.2,1013.0,1006.4
2,2024-02-11,280,1014.2,1017.1,1012.4
2,2024-02-12,179,1019.6,1021.7,1017.9
2,2024-02-13,191,1014.7,1018.2,1012.9
2,2024-02-14,174,1011.9,1013.8,1008.8
2,2024-02-15,336,1005.2,1011.4,1000.5
2,2024-02-16,285,1018.2,1021.2,1012.6
2,2024-02-17,174,1021.1,1021.8,1019.7
2,2024-02-18,160,1018.5,1021.6,1015.0
2,2024-02-19,174,1006.7,1013.5,1000.8
2,2024-02-20,323,1020.5,1023.1,1014.1
2,2024-02-21,15,1018.4,1022.1,1016.8
2,2024-02-22,325,1019.2,1020.4,1017.8
2,2024-02-23,305,1020.5,1022.6,1018.5
2,2024-02-24,267,1022.5,1023.6,1020.4
2,2024-02-25,309,1015.0,1020.4,1012.3
2,2024-02-26,350,1012.3,1014.3,1011.2
2,2024-02-27,353,1016.1,1019.1,1013.3
2,2024-02-28,313,1020.6,1022.2,1018.3
2,2024-02-29,317,1013.6,1021.7,1002.0
2,2024-03-01,274,999.2,1002.4,995.9
2,2024-03-02,255,1005.0,1007.6,1002.6
2,2024-03-03,190,1007.0,1010.2,1003.5
2,2024-03-04,258,1013.8,1017.3,1010.1
2,2024-03-05,211,1013.1,1017.3,1009.5
2,2024-03-06,30,1008.8,1011.4,1006.3
2,2024-03-07,267,1010.1,1011.7,1007.6
2,2024-03-08,310,1003.2,1006.9,1002.1
2,2024-03-09,31,1009.8,1015.6,1003.5
2,2024-03-10,234,1017.8,1019.4,1015.9
2,2024-03-11,173,1012.2,1016.7,1007.8
2,2024-03-12,332,1001.7,1006.9,998.9
2,2024-03-13,291,1006.5,1009.0,1001.9
2,2024-03-14,175,1007.0,1009.3,1003.7
2,2024-03-15,257,1006.0,1015.3,998.6
2,2024-03-16,260,1012.6,1016.1,1004.2
2,2024-03-17,242,996.5,1002.3,992.7
2,2024-03-18,291,1006.4,1010.2,999.5
2,2024-03-19,321,1006.1,1010.3,1000.8
2,2024-03-20,20,1000.7,1003.1,998.6
2,2024-03-21,284,1007.1,1012.4,1003.3
2,2024-03-22,275,1015.0,1016.4,1012.8
2,2024-03-23,123,1013.7,1016.3,1011.5
2,2024-03-24,180,1014.1,1016.5,1013.0
2,2024-03-25,335,1013.0,1013.9,1011.8
2,2024-03-26,344,1010.8,1015.9,1006.9
2,2024-03-27,267,1018.5,1020.5,1016.3
2,2024-03-28,153,1009.5,1018.3,994.7
2,2024-03-29,194,996.6,1001.4,992.9
2,2024-03-30,246,1002.9,1005.0,999.7
2,2024-03-31,241,1004.4,1005.9,1003.1
2,2024-04-01,262,1004.5,1010.2,1001.3
2,2024-04-02,248,1011.4,1012.4,1010.3
2,2024-04-03,182,1004.6,1010.8,1001.0
2,2024-04-04,294,1009.2,1014.6,1001.9
2,2024-04-05,291,1015.6,1016.9,1014.0
2,2024-04-06,188,1013.5,1016.5,1012.2
2,2024-04-07,157,1012.9,1014.3,1010.8
2,2024-04-08,295,1010.1,1013.4,1007.1
2,2024-04-09,304,1012.3,1020.3,1005.6
2,2024-04-10,227,1022.2,1023.9,1020.6
2,2024-04-11,193,1018.7,1021.9,1016.4
2,2024-04-12,345,1014.5,1016.6,1013.8
2,2024-04-13,52,1013.9,1015.9,1012.1
2,2024-04-14,115,1016.3,1018.0,1014.8
2,2024-04-15,227,1012.1,1016.7,1008.4
2,2024-04-16,188,1006.1,1008.3,1003.6
2,2024-04-17,112,1003.8,1004.7,1003.1
2,2024-04-18,343,1001.4,1003.0,1000.0
2,2024-04-19,302,1003.1,1007.5,1000.2
2,2024-04-20,305,1010.3,1011.9,1007.7
2,2024-04-21,299,1011.1,1012.2,1010.1
2,2024-04-22,336,1010.3,1012.5,1008.3
2,2024-04-23,150,1011.4,1013.2,1008.9
2,2024-04-24,151,1002.0,1008.3,999.0
2,2024-04-25,177,1001.8,1006.3,997.0
2,2024-04-26,181,1006.2,1007.3,1005.0
2,2024-04-27,69,1006.2,1008.2,1004.6
2,2024-04-28,18,1009.6,1011.2,1007.2
2,2024-04-29,325,1004.3,1011.2,997.8
2,2024-04-30,342,998.8,1003.8,995.0
2,2024-05-01,330,1007.9,1012.1,1004.3
2,2024-05-02,150,1011.5,1012.3,1010.5
2,2024-05-03,203,1011.3,1013.4,1009.5
2,2024-05-04,178,1013.6,1014.9,1012.2
2,2024-05-05,181,1011.3,1014.8,1008.4
2,2024-05-06,146,1005.0,1008.8,1001.8
2,2024-05-07,207,999.9,1003.0,997.3
2,2024-05-08,296,1006.6,1008.9,1003.5
2,2024-05-09,199,1009.2,1010.8,1007.0
2,2024-05-10,189,1012.5,1014.0,1011.0
2,2024-05-11,186,1010.5,1012.5,1007.3
2,2024-05-12,163,1004.1,1007.9,1000.5
2,2024-05-13,156,1006.0,1012.0,1000.8
2,2024-05-14,190,1011.4,1012.8,1009.5
2,2024-05-15,271,1005.5,1009.3,1000.6
2,2024-05-16,166,995.8,999.7,991.6
2,2024-05-17,203,1006.1,1011.9,995.4
2,2024-05-18,186,1010.6,1011.9,1009.2
2,2024-05-19,178,1009.6,1011.5,1007.3
2,2024-05-20,176,1006.1,1008.7,1003.8
2,2024-05-21,257,1013.7,1016.1,1009.4
2,2024-05-22,163,1008.3,1014.4,1005.4
2,2024-05-23,185,1001.6,1004.8,999.0
2,2024-05-24,303,1003.9,1009.7,998.6
2,2024-05-25,285,1011.7,1013.0,1010.0
2,2024-05-26,183,1004.2,1010.8,996.2
2,2024-05-27,174,995.6,1000.2,992.1
2,2024-05-28,321,998.3,1000.5,995.8
2,2024-05-29,276,1005.9,1008.0,1001.0
2,2024-05-30,226,1007.6,1008.9,1005.6
2,2024-05-31,315,1003.3,1005.3,1002.5
2,2024-06-01,152,1004.6,1005.4,1004.0
2,2024-06-02,186,1004.2,1005.3,1002.4
2,2024-06-03,329,1006.8,1009.2,1004.7
2,2024-06-04,150,1009.9,1012.1,1007.8
2,2024-06-05,359,1013.7,1015.7,1011.7
2,2024-06-06,2,1014.2,1015.3,1013.1
2,2024-06-07,355,1011.1,1013.0,1010.3
2,2024-06-08,215,1008.4,1010.7,1006.9
2,2024-06-09,158,1005.2,1007.4,1003.8
2,2024-06-10,142,1002.9,1003.8,1001.6
2,2024-06-11,191,1002.5,1003.3,1001.3
2,2024-06-12,184,999.6,1002.3,997.9
2,2024-06-13,213,999.2,1002.7,996.3
2,2024-06-14,344,1003.6,1005.1,1002.7
2,2024-06-15,350,998.9,1002.5,995.9
2,2024-06-16,187,997.1,1000.2,994.9
2,2024-06-17,194,1000.6,1002.3,999.5
2,2024-06-18,191,999.3,1002.7,997.6
2,2024-06-19,320,1004.6,1005.8,1002.8
2,2024-06-20,179,1002.4,1004.6,1000.4
2,2024-06-21,260,999.0,1000.1,997.7
2,2024-06-22,345,998.9,1000.2,995.9
2,2024-06-23,143,992.4,995.4,991.1
2,2024-06-24,199,996.5,999.0,991.6
2,2024-06-25,332,1001.6,1005.9,998.5
2,2024-06-26,291,1008.4,1010.2,1006.2
2,2024-06-27,193,1007.1,1009.1,1005.9
2,2024-06-28,287,1004.2,1005.4,1003.5
2,2024-06-29,26,1003.4,1004.6,1001.5
2,2024-06-30,189,991.8,1001.2,985.5
2,2024-07-01,273,998.1,1003.0,989.1
2,2024-07-02,220,1004.9,1006.9,1002.5
2,2024-07-03,170,1001.4,1006.2,998.3
2,2024-07-04,201,998.9,1000.4,997.2
2,2024-07-05,187,998.2,1000.3,996.2
2,2024-07-06,186,999.4,1000.6,997.1
2,2024-07-07,191,996.1,997.2,995.2
2,2024-07-08,207,996.8,998.3,995.0
2,2024-07-09,92,997.4,1000.4,993.9
2,2024-07-10,140,995.5,999.8,992.7
2,2024-07-11,100,995.7,997.4,993.9
2,2024-07-12,165,999.2,1002.9,996.6
2,2024-07-13,15,1006.7,1009.8,1003.1
2,2024-07-14,347,1009.3,1010.4,1008.2
2,2024-07-15,336,1010.3,1011.5,1009.0
2,2024-07-16,337,1008.5,1010.5,1007.2
2,2024-07-17,136,1005.7,1006.8,1004.8
2,2024-07-18,165,1003.7,1005.2,1002.2
2,2024-07-19,167,1002.0,1002.7,1001.0
2,2024-07-20,157,1003.7,1004.9,1002.5
2,2024-07-21,189,1001.3,1003.5,999.8
2,2024-07-22,191,1000.8,1001.8,999.9
2,2024-07-23,204,997.3,1000.1,995.0
2,2024-07-24,217,998.4,1001.3,994.3
2,2024-07-25,186,1003.2,1007.2,1000.9
2,2024-07-26,19,1010.7,1012.5,1007.6
2,2024-07-27,136,1009.5,1013.2,1005.4
2,2024-07-28,165,1001.7,1005.0,998.1
2,2024-07-29,217,993.4,997.2,991.7
2,2024-07-30,352,995.8,998.4,993.9
2,2024-07-31,343,1000.5,1002.2,998.4
2,2024-08-01,44,1001.3,1002.3,1000.3
2,2024-08-02,351,1001.2,1002.3,1000.2
2,2024-08-03,39,1002.4,1003.5,1001.2
2,2024-08-04,1,1003.3,1004.3,1002.1
2,2024-08-05,331,1003.1,1003.9,1002.2
2,2024-08-06,318,1001.7,1002.9,1000.9
2,2024-08-07,7,999.3,1001.0,998.4
2,2024-08-08,71,999.0,999.8,997.9
2,2024-08-09,303,999.0,999.6,998.2
2,2024-08-10,347,999.3,1000.4,998.1
2,2024-08-11,341,998.2,999.9,996.2
2,2024-08-12,127,996.6,1000.4,993.1
2,2024-08-13,157,1001.5,1002.2,1000.8
2,2024-08-14,10,1002.4,1003.7,1001.0
2,2024-08-15,319,1003.4,1004.5,1002.2
2,2024-08-16,328,1002.9,1004.1,1001.6
2,2024-08-17,328,1003.4,1005.2,1001.6
2,2024-08-18,344,1006.2,1008.2,1004.5
2,2024-08-19,325,1007.9,1009.1,1006.6
2,2024-08-20,36,1008.4,1009.2,1007.9
2,2024-08-21,136,1006.9,1009.0,1005.5
2,2024-08-22,170,1003.4,1005.5,1002.1
2,2024-08-23,182,1003.1,1005.0,1001.7
2,2024-08-24,303,1005.9,1007.1,1004.4
2,2024-08-25,210,1005.4,1006.7,1004.3
2,2024-08-26,147,1004.6,1006.2,1002.2
2,2024-08-27,159,1003.3,1006.5,1001.2
2,2024-08-28,217,1006.9,1007.7,1006.1
2,2024-08-29,163,1005.6,1007.5,1003.3
2,2024-08-30,160,998.4,1003.1,994.8
2,2024-08-31,132,998.9,1003.9,994.5
2,2024-09-01,43,1002.4,1004.1,1001.4
2,2024-09-02,128,1004.5,1007.3,1002.5
2,2024-09-03,7,1007.4,1008.2,1006.2
2,2024-09-04,182,1005.5,1008.5,1003.7
2,2024-09-05,178,1001.2,1003.8,999.8
2,2024-09-06,354,1007.6,1009.7,1004.5
2,2024-09-07,56,1009.1,1009.9,1007.5
2,2024-09-08,129,1010.0,1011.9,1008.1
2,2024-09-09,184,1011.6,1012.6,1010.7
2,2024-09-10,177,1010.4,1011.6,1009.2
2,2024-09-11,4,1011.5,1012.4,1010.3
2,2024-09-12,98,1008.5,1012.0,1005.4
2,2024-09-13,297,1004.5,1006.8,1002.7
2,2024-09-14,185,1002.7,1006.5,999.0
2,2024-09-15,324,1010.2,1015.3,1004.0
2,2024-09-16,166,1012.2,1015.8,1009.6
2,2024-09-17,86,1008.8,1010.7,1007.7
2,2024-09-18,153,1009.1,1010.2,1008.3
2,2024-09-19,92,1008.0,1010.7,1003.2
2,2024-09-20,312,1006.9,1009.0,1003.9
2,2024-09-21,287,1006.2,1008.4,1002.8
2,2024-09-22,307,1005.6,1011.2,1001.2
2,2024-09-23,50,1013.6,1016.2,1011.0
2,2024-09-24,157,1015.2,1016.4,1014.1
2,2024-09-25,151,1011.7,1015.2,1009.7
2,2024-09-26,150,1008.2,1009.7,1007.0
2,2024-09-27,303,1009.8,1011.7,1008.0
2,2024-09-28,287,1013.7,1016.7,1011.1
2,2024-09-29,188,1015.4,1017.2,1013.9
2,2024-09-30,137,1008.7,1013.6,1006.4
2,2024-10-01,181,1002.6,1006.0,1000.5
2,2024-10-02,275,1011.3,1019.2,1002.5
2,2024-10-03,276,1015.4,1019.6,1012.2
2,2024-10-04,207,1012.5,1017.9,1007.1
2,2024-10-05,332,1017.5,1018.5,1016.5
2,2024-10-06,338,1012.5,1017.3,1008.9
2,2024-10-07,160,1007.1,1008.8,1006.1
2,2024-10-08,266,1010.0,1011.9,1007.7
2,2024-10-09,303,1011.5,1012.5,1010.0
2,2024-10-10,257,1011.0,1012.6,1010.0
2,2024-10-11,147,1013.4,1017.2,1010.2
2,2024-10-12,133,1017.7,1020.2,1015.7
2,2024-10-13,333,1021.4,1022.6,1019.6
2,2024-10-14,173,1018.6,1021.8,1016.5
2,2024-10-15,157,1012.3,1016.5,1008.0
2,2024-10-16,351,1017.3,1020.4,1013.7
2,2024-10-17,173,1019.9,1021.1,1018.4
2,2024-10-18,168,1009.3,1018.6,998.1
2,2024-10-19,325,1012.0,1024.4,999.5
2,2024-10-20,315,1027.4,1029.1,1025.1
2,2024-10-21,154,1023.1,1027.0,1020.3
2,2024-10-22,162,1013.7,1020.3,1006.1
2,2024-10-23,185,1004.4,1011.2,999.1
2,2024-10-24,225,1015.6,1021.3,1011.7
2,2024-10-25,50,1021.0,1022.1,1019.9
2,2024-10-26,147,1015.6,1020.0,1011.2
2,2024-10-27,150,1004.3,1010.3,1001.1
2,2024-10-28,338,1011.0,1018.6,1003.8
2,2024-10-29,160,1015.4,1018.8,1011.4
2,2024-10-30,269,1013.6,1018.9,1009.9
2,2024-10-31,216,1019.1,1020.0,1017.9
2,2024-11-01,136,1014.6,1018.4,1011.4
2,2024-11-02,294,1010.4,1014.8,1007.8
2,2024-11-03,229,1014.9,1017.0,1011.4
2,2024-11-04,246,1009.7,1014.9,1006.3
2,2024-11-05,337,1014.5,1015.6,1013.0
2,2024-11-06,298,1012.3,1016.9,1010.6
2,2024-11-07,288,1021.3,1024.8,1017.4
2,2024-11-08,189,1022.4,1024.7,1021.3
2,2024-11-09,175,1022.9,1023.9,1021.9
2,2024-11-10,148,1015.5,1021.5,1012.1
2,2024-11-11,93,1012.3,1013.3,1010.8
2,2024-11-12,278,1010.7,1017.5,1006.7
2,2024-11-13,277,1019.8,1021.2,1018.0
2,2024-11-14,110,1016.8,1020.9,1013.5
2,2024-11-15,169,1015.9,1018.0,1012.3
2,2024-11-16,169,1011.0,1018.3,1005.5
2,2024-11-17,327,1009.9,1013.7,1004.2
2,2024-11-18,306,1016.7,1022.1,1012.5
2,2024-11-19,181,1021.7,1023.4,1019.4
2,2024-11-20,146,1014.0,1019.3,1010.7
2,2024-11-21,37,1008.3,1011.1,1004.8
2,2024-11-22,156,1005.8,1010.3,1004.3
2,2024-11-23,249,1015.3,1019.1,1011.1
2,2024-11-24,267,1020.9,1023.2,1018.8
2,2024-11-25,198,1023.4,1025.0,1019.7
2,2024-11-26,156,1006.9,1018.8,1000.5
2,2024-11-27,179,998.4,1000.8,996.9
2,2024-11-28,163,995.2,999.2,990.6
2,2024-11-29,190,993.3,995.5,990.9
2,2024-11-30,260,998.1,1005.6,993.8
2,2024-12-01,210,1010.2,1012.9,1006.4
2,2024-12-02,154,1008.5,1013.1,1005.6
2,2024-12-03,356,1009.0,1011.1,1005.5
2,2024-12-04,158,1005.5,1008.3,1000.6
2,2024-12-05,171,1000.8,1002.3,995.9
2,2024-12-06,284,1002.2,1006.8,996.5
2,2024-12-07,196,1003.8,1007.0,1001.6
2,2024-12-08,250,1006.4,1009.1,1002.4
2,2024-12-09,268,1009.5,1010.6,1008.6
2,2024-12-10,221,1008.2,1011.0,1006.0
2,2024-12-11,287,1008.0,1010.3,1005.0
2,2024-12-12,231,1009.5,1010.2,1008.5
2,2024-12-13,284,1005.9,1009.4,1004.1
2,2024-12-14,197,1004.7,1006.4,1001.7
2,2024-12-15,264,1001.2,1006.5,997.3
2,2024-12-16,230,1008.9,1010.3,1007.1
2,2024-12-17,17,1010.3,1011.5,1008.9
2,2024-12-18,142,1012.4,1014.0,1010.6
2,2024-12-19,199,1012.5,1013.8,1011.5
2,2024-12-20,288,1010.7,1014.0,1004.9
2,2024-12-21,319,999.6,1004.9,997.4
2,2024-12-22,291,1001.1,1004.8,997.9
2,2024-12-23,237,1005.5,1008.0,1004.0
2,2024-12-24,217,1013.3,1018.6,1008.3
2,2024-12-25,170,1011.9,1019.1,1003.6
2,2024-12-26,274,1001.8,1004.3,1000.5
2,2024-12-27,264,1000.8,1001.8,1000.0
2,2024-12-28,216,1004.5,1006.2,1002.3
2,2024-12-29,251,1011.2,1014.6,1006.6
2,2024-12-30,168,1007.0,1015.0,997.5
2,2024-12-31,268,1000.0,1007.8,994.6
2,2025-01-01,236,1009.0,1009.8,1008.2
2,2025-01-02,268,1010.6,1011.9,1009.6
2,2025-01-03,129,1011.3,1012.5,1010.3
2,2025-01-04,196,1014.3,1016.7,1012.3
2,2025-01-05,167,1014.0,1017.8,1009.1
2,2025-01-06,224,1002.0,1009.5,993.2
2,2025-01-07,215,994.8,1000.1,987.7
2,2025-01-08,269,1000.4,1001.1,999.4
2,2025-01-09,173,999.5,1001.2,997.7
2,2025-01-10,172,1006.9,1014.4,998.6
2,2025-01-11,156,1015.3,1016.6,1013.9
2,2025-01-12,165,1011.6,1015.9,1009.6
2,2025-01-13,169,1010.8,1012.6,1008.1
2,2025-01-14,252,1008.0,1009.8,1006.1
2,2025-01-15,266,1008.0,1011.2,1005.0
2,2025-01-16,282,1006.4,1012.0,1000.4
2,2025-01-17,251,1014.1,1017.3,1009.5
2,2025-01-18,143,1016.5,1018.3,1013.6
2,2025-01-19,175,1008.9,1013.2,1006.7
2,2025-01-20,137,1008.6,1012.0,1005.7
2,2025-01-21,207,1013.5,1015.1,1011.7
2,2025-01-22,143,1016.3,1017.2,1014.4
2,2025-01-23,146,1013.7,1016.7,1012.5
2,2025-01-24,175,1015.5,1016.7,1013.8
2,2025-01-25,306,1017.2,1018.5,1015.2
2,2025-01-26,284,1014.7,1018.7,1010.8
2,2025-01-27,143,1005.4,1011.1,1000.8
2,2025-01-28,156,998.4,1000.8,995.0
2,2025-01-29,261,999.6,1002.8,994.9
2,2025-01-30,282,1007.1,1011.4,1003.3
2,2025-01-31,269,1014.2,1016.3,1011.9
2,2025-02-01,250,1015.0,1016.5,1013.9
2,2025-02-02,129,1010.6,1014.1,1005.8
2,2025-02-03,173,994.6,1005.0,988.3
2,2025-02-04,237,989.1,990.7,987.6
2,2025-02-05,237,989.7,994.2,987.4
2,2025-02-06,242,997.6,999.2,994.9
2,2025-02-07,210,995.6,998.6,993.6
2,2025-02-08,232,1001.1,1005.7,996.3
2,2025-02-09,281,1007.3,1008.6,1005.9
2,2025-02-10,258,1009.3,1011.7,1008.2
2,2025-02-11,259,1014.9,1017.2,1012.0
2,2025-02-12,189,998.4,1012.2,988.0
2,2025-02-13,281,1002.3,1004.7,995.1
2,2025-02-14,280,1007.1,1012.2,1003.5
2,2025-02-15,176,1009.1,1011.9,1005.1
2,2025-02-16,177,1001.0,1004.5,997.7
2,2025-02-17,294,998.6,1003.4,994.2
2,2025-02-18,235,1002.8,1004.3,1001.6
2,2025-02-19,272,1007.6,1010.5,1003.6
2,2025-02-20,178,1011.2,1013.2,1009.5
2,2025-02-21,159,1012.8,1014.5,1011.4
2,2025-02-22,169,1011.9,1013.5,1009.6
2,2025-02-23,167,1012.1,1013.9,1011.0
2,2025-02-24,156,1014.0,1016.5,1011.4
2,2025-02-25,207,1010.1,1016.7,1003.1
2,2025-02-26,257,1008.7,1012.6,1004.3
2,2025-02-27,208,1013.6,1014.3,1012.7
2,2025-02-28,181,1011.5,1013.5,1010.0
2,2025-03-01,163,1010.7,1013.7,1007.9
2,2025-03-02,327,1012.2,1015.0,1008.4
2,2025-03-03,334,1019.2,1023.3,1014.9
2,2025-03-04,334,1020.8,1024.4,1016.2
2,2025-03-05,293,1009.5,1016.0,1005.2
2,2025-03-06,301,1009.3,1013.5,1006.1
2,2025-03-07,292,1018.7,1022.8,1013.9
2,2025-03-08,187,1021.9,1023.4,1021.1
2,2025-03-09,109,1022.2,1025.2,1020.7
2,2025-03-10,162,1022.0,1026.2,1017.6
2,2025-03-11,167,1014.4,1017.2,1013.3
2,2025-03-12,164,1007.3,1013.9,1002.9
2,2025-03-13,262,1009.0,1012.8,1004.9
2,2025-03-14,283,1016.6,1020.4,1012.8
2,2025-03-15,298,1019.2,1021.2,1013.8
2,2025-03-16,288,998.3,1013.4,987.7
2,2025-03-17,317,999.4,1006.7,988.1
2,2025-03-18,191,1008.7,1010.6,1007.1
2,2025-03-19,273,1009.4,1011.0,1006.5
2,2025-03-20,184,1006.8,1010.9,1000.6
2,2025-03-21,191,997.0,1000.3,992.8
2,2025-03-22,214,996.7,1001.3,993.6
2,2025-03-23,221,1006.1,1008.3,1002.2
2,2025-03-24,160,997.8,1005.9,995.1
2,2025-03-25,173,991.7,995.8,985.5
2,2025-03-26,256,1003.0,1007.1,991.2
2,2025-03-27,120,994.6,1001.3,991.5
2,2025-03-28,272,1000.8,1008.9,991.7
2,2025-03-29,240,1011.4,1014.0,1008.2
2,2025-03-30,247,1016.9,1021.4,1010.4
2,2025-03-31,227,1023.0,1024.4,1021.5
2,2025-04-01,239,1022.4,1024.3,1019.5
2,2025-04-02,289,1013.5,1019.3,1009.4
2,2025-04-03,215,1007.6,1009.2,1006.3
2,2025-04-04,259,1011.4,1014.5,1008.6
2,2025-04-05,229,1012.6,1014.7,1010.1
2,2025-04-06,177,1007.5,1009.7,1006.5
2,2025-04-07,220,1008.1,1009.2,1007.0
2,2025-04-08,300,1003.8,1007.5,1002.0
2,2025-04-09,202,1005.9,1007.2,1004.5
2,2025-04-10,184,1002.9,1005.6,1001.5
2,2025-04-11,315,1006.8,1011.4,1002.8
2,2025-04-12,51,1009.0,1011.7,1004.5
2,2025-04-13,144,1001.4,1004.8,997.6
2,2025-04-14,220,994.7,997.7,990.9
2,2025-04-15,278,987.7,990.2,985.9
2,2025-04-16,232,998.0,1005.1,990.4
2,2025-04-17,200,1005.2,1007.2,1003.1
2,2025-04-18,184,1004.4,1007.7,1001.7
2,2025-04-19,235,1005.5,1008.3,1000.6
2,2025-04-20,247,1007.4,1011.6,1001.1
2,2025-04-21,312,1012.2,1013.9,1010.7
2,2025-04-22,353,1004.3,1010.8,999.0
2,2025-04-23,326,999.3,1000.4,997.5
2,2025-04-24,174,999.3,1000.8,997.9
2,2025-04-25,211,1003.4,1006.4,997.6
2,2025-04-26,225,1005.3,1005.9,1004.5
2,2025-04-27,202,1004.3,1005.7,1002.6
2,2025-04-28,141,999.7,1005.5,994.0
2,2025-04-29,251,999.0,1008.2,993.7
2,2025-04-30,285,1014.5,1016.9,1009.1
2,2025-05-01,162,1010.8,1015.6,1006.3
2,2025-05-02,160,1001.4,1005.6,998.9
2,2025-05-03,212,1000.2,1002.9,997.5
2,2025-05-04,212,999.7,1003.8,997.3
2,2025-05-05,217,1006.8,1009.2,1003.9
2,2025-05-06,1,1000.9,1006.2,997.1
2,2025-05-07,209,1006.9,1014.3,999.4
2,2025-05-08,196,1016.2,1018.3,1014.2
2,2025-05-09,172,1008.3,1016.2,997.2
2,2025-05-10,185,989.7,995.5,986.9
2,2025-05-11,230,998.0,1002.3,990.6
2,2025-05-12,167,1005.1,1009.6,1002.3
2,2025-05-13,174,1012.3,1014.4,1009.8
2,2025-05-14,184,1013.9,1014.7,1013.2
2,2025-05-15,175,1012.4,1013.9,1011.0
2,2025-05-16,202,1010.8,1013.4,1006.8
2,2025-05-17,172,998.4,1005.7,995.7
2,2025-05-18,184,1002.1,1006.2,997.5
2,2025-05-19,179,1002.6,1005.6,999.5
2,2025-05-20,212,1004.4,1006.3,999.5
2,2025-05-21,330,1001.7,1005.3,999.6
2,2025-05-22,321,1002.5,1008.2,998.1
2,2025-05-23,335,1010.9,1012.8,1008.5
2,2025-05-24,148,1006.1,1011.4,997.7
2,2025-05-25,273,1001.3,1009.2,996.6
2,2025-05-26,247,1014.7,1017.5,1009.8
2,2025-05-27,360,1016.0,1017.4,1015.1
2,2025-05-28,336,1013.2,1014.9,1012.1
2,2025-05-29,353,1010.7,1012.4,1009.1
2,2025-05-30,305,1006.1,1009.4,1004.6
2,2025-05-31,338,1002.4,1005.8,1000.2
2,2025-06-01,339,1000.0,1001.4,998.1
2,2025-06-02,213,1000.1,1001.4,998.1
2,2025-06-03,313,992.5,997.7,989.1
2,2025-06-04,202,994.7,998.4,991.0
2,2025-06-05,195,1002.6,1005.4,998.4
2,2025-06-06,183,1003.2,1004.8,1001.5
2,2025-06-07,198,1002.3,1003.1,1000.8
2,2025-06-08,264,1005.1,1007.3,1002.9
2,2025-06-09,173,1005.0,1006.8,1004.1
2,2025-06-10,149,1000.7,1003.8,999.6
2,2025-06-11,222,1002.0,1007.8,998.4
2,2025-06-12,284,1011.7,1014.0,1007.9
2,2025-06-13,36,1010.2,1013.5,1006.7
2,2025-06-14,177,999.6,1006.2,994.6
2,2025-06-15,17,995.6,997.9,993.0
2,2025-06-16,175,996.0,999.9,993.9
2,2025-06-17,199,1002.4,1005.6,999.9
2,2025-06-18,195,1007.4,1009.3,1005.5
2,2025-06-19,218,1009.4,1010.3,1008.4
2,2025-06-20,126,1006.5,1009.4,1004.0
2,2025-06-21,189,999.9,1003.8,995.9
2,2025-06-22,159,1000.0,1002.5,997.0
2,2025-06-23,167,1005.0,1007.9,1002.5
2,2025-06-24,355,1008.8,1010.3,1007.2
2,2025-06-25,3,1006.2,1009.1,1003.4
2,2025-06-26,151,1000.1,1003.1,998.4
2,2025-06-27,296,1000.0,1002.5,998.0
2,2025-06-28,62,1002.4,1003.5,1001.2
2,2025-06-29,57,1004.4,1006.2,1002.9
2,2025-06-30,163,1005.6,1006.6,1004.4
2,2025-07-01,172,1007.1,1007.9,1006.1
2,2025-07-02,152,1006.9,1007.8,1006.1
2,2025-07-03,171,1003.3,1005.9,1001.5
2,2025-07-04,168,998.5,1001.6,996.1
2,2025-07-05,180,997.5,998.9,996.9
2,2025-07-06,185,997.3,999.0,995.8
2,2025-07-07,289,1001.3,1004.1,999.1
2,2025-07-08,338,1004.9,1006.3,1003.5
2,2025-07-09,327,1006.7,1008.4,1005.1
2,2025-07-10,143,1009.7,1011.5,1008.0
2,2025-07-11,148,1010.2,1011.4,1009.0
2,2025-07-12,111,1004.1,1008.5,1001.9
2,2025-07-13,348,999.3,1001.6,997.2
2,2025-07-14,140,993.4,996.8,991.7
2,2025-07-15,164,999.6,1004.2,995.9
2,2025-07-16,181,1006.6,1008.6,1004.5
2,2025-07-17,172,1008.6,1009.5,1007.6
2,2025-07-18,181,1009.5,1010.3,1008.8
2,2025-07-19,147,1009.5,1010.2,1008.6
2,2025-07-20,188,1009.7,1010.3,1009.1
2,2025-07-21,192,1008.8,1009.8,1008.2
2,2025-07-22,200,1007.3,1008.6,1006.4
2,2025-07-23,210,1006.4,1007.1,1005.2
2,2025-07-24,199,1005.8,1007.1,1004.3
2,2025-07-25,41,1006.1,1006.9,1005.4
2,2025-07-26,168,1003.9,1006.2,1002.0
2,2025-07-27,197,1000.3,1001.8,999.5
2,2025-07-28,207,998.1,999.2,997.1
2,2025-07-29,324,998.4,999.5,997.5
2,2025-07-30,341,999.3,1000.9,997.8
2,2025-07-31,344,999.7,1000.8,998.5
2,2025-08-01,333,997.5,999.5,996.1
2,2025-08-02,351,996.0,998.7,994.0
2,2025-08-03,351,998.9,1000.1,997.5
2,2025-08-04,162,998.0,1000.0,995.7
2,2025-08-05,160,997.7,999.1,995.5
2,2025-08-06,116,994.0,998.3,989.4
2,2025-08-07,159,990.9,994.2,988.6
2,2025-08-08,154,998.1,1001.7,994.4
2,2025-08-09,162,1001.1,1002.6,999.8
2,2025-08-10,150,998.0,999.6,996.8
2,2025-08-11,151,1000.7,1003.2,998.1
2,2025-08-12,165,1007.8,1012.3,1003.4
2,2025-08-13,326,1011.9,1013.0,1011.1
2,2025-08-14,164,1008.0,1011.1,1005.9
2,2025-08-15,264,1008.6,1009.5,1007.5
2,2025-08-16,108,1007.8,1009.7,1006.1
2,2025-08-17,198,1005.9,1009.7,1003.0
2,2025-08-18,115,1008.1,1009.8,1005.1
2,2025-08-19,182,1003.3,1004.9,1002.7
2,2025-08-20,156,1002.3,1003.8,1001.2
2,2025-08-21,268,1005.4,1007.0,1003.4
2,2025-08-22,145,1004.3,1006.5,1002.7
2,2025-08-23,206,1004.6,1007.4,1002.0
2,2025-08-24,12,1008.0,1009.0,1006.8
2,2025-08-25,141,1007.1,1009.0,1005.3
2,2025-08-26,186,1001.8,1005.3,999.0
2,2025-08-27,233,1004.3,1009.1,999.3
2,2025-08-28,66,1009.1,1010.1,1008.3
2,2025-08-29,132,1006.6,1009.6,1004.3
2,2025-08-30,275,1007.9,1009.7,1005.1
2,2025-08-31,78,1006.9,1009.2,1004.4
2,2025-09-01,161,1002.3,1004.3,1000.8
2,2025-09-02,181,1001.6,1005.8,999.8
2,2025-09-03,276,1008.5,1010.7,1006.0
2,2025-09-04,69,1007.6,1011.0,1004.5
2,2025-09-05,142,1002.8,1004.3,1001.2
2,2025-09-06,109,1002.7,1004.8,999.3
2,2025-09-07,152,1000.2,1004.0,997.3
2,2025-09-08,94,1005.7,1007.1,1003.7
2,2025-09-09,134,1007.8,1010.4,1006.2
2,2025-09-10,289,1009.6,1010.6,1008.5
2,2025-09-11,86,1012.4,1014.0,1010.4
2,2025-09-12,142,1011.7,1014.1,1008.2
2,2025-09-13,189,1000.4,1007.9,994.4
2,2025-09-14,294,1007.6,1009.8,1002.9
2,2025-09-15,176,1009.0,1009.9,1007.9
2,2025-09-16,171,1005.5,1009.5,1001.6
2,2025-09-17,229,1003.1,1004.5,1001.6
2,2025-09-18,314,1009.4,1014.6,1004.5
2,2025-09-19,151,1013.3,1015.5,1010.6
2,2025-09-20,198,999.8,1010.8,988.6
2,2025-09-21,297,1009.7,1016.3,1002.9
2,2025-09-22,154,1017.3,1018.7,1016.1
2,2025-09-23,78,1017.5,1018.7,1016.5
2,2025-09-24,167,1013.2,1017.6,1007.2
2,2025-09-25,175,1008.5,1010.0,1006.6
2,2025-09-26,243,1009.3,1011.4,1008.0
2,2025-09-27,218,1011.1,1012.2,1010.3
2,2025-09-28,194,1004.1,1010.0,996.9
2,2025-09-29,229,1001.4,1006.6,997.5
2,2025-09-30,112,1007.5,1008.6,1006.0
2,2025-10-01,144,1007.8,1009.6,1006.7
2,2025-10-02,192,1012.7,1017.3,1009.2
2,2025-10-03,183,1017.2,1018.1,1016.4
2,2025-10-04,148,1010.7,1016.0,1008.2
2,2025-10-05,347,1006.4,1010.0,1004.8
2,2025-10-06,360,1014.4,1017.6,1010.4
2,2025-10-07,145,1011.9,1017.7,1008.4
2,2025-10-08,314,1010.5,1015.5,1007.1
2,2025-10-09,30,1014.9,1017.2,1013.4
2,2025-10-10,314,1016.9,1018.4,1015.3
2,2025-10-11,177,1011.8,1018.0,1007.1
2,2025-10-12,236,1006.8,1009.6,1004.7
2,2025-10-13,4,1012.4,1015.7,1008.9
2,2025-10-14,158,1015.9,1018.7,1013.6
2,2025-10-15,297,1017.9,1019.6,1015.9
2,2025-10-16,225,1014.5,1017.4,1012.6
2,2025-10-17,178,1016.4,1018.9,1012.5
2,2025-10-18,295,1010.6,1018.0,1004.6
2,2025-10-19,283,1016.9,1018.8,1014.7
2,2025-10-20,331,1019.0,1021.8,1016.6
2,2025-10-21,264,1022.9,1024.8,1020.9
2,2025-10-22,317,1024.9,1025.8,1023.7
2,2025-10-23,322,1024.1,1025.8,1022.9
2,2025-10-24,221,1023.1,1025.0,1022.1
2,2025-10-25,165,1017.1,1022.6,1012.6
2,2025-10-26,168,1002.5,1011.4,998.1
2,2025-10-27,260,1003.8,1009.3,998.4
2,2025-10-28,257,1015.5,1022.4,1010.0
2,2025-10-29,219,1024.1,1025.4,1022.4
2,2025-10-30,161,1020.6,1024.4,1018.9
2,2025-10-31,336,1007.0,1018.5,988.9
2,2025-11-01,239,996.2,1003.1,989.3
2,2025-11-02,297,1004.8,1010.3,1003.0
2,2025-11-03,43,1018.1,1023.5,1011.2
2,2025-11-04,162,1021.2,1023.3,1020.1
2,2025-11-05,180,1018.6,1020.6,1016.7
2,2025-11-06,291,1012.5,1016.1,1011.3
2,2025-11-07,301,1017.5,1023.7,1012.0
2,2025-11-08,139,1019.7,1024.2,1012.7
2,2025-11-09,163,1001.0,1011.5,996.4
2,2025-11-10,273,1002.7,1008.0,997.0
2,2025-11-11,268,1012.7,1017.8,1007.9
2,2025-11-12,189,1014.0,1018.1,1007.5
2,2025-11-13,204,1006.2,1009.8,1003.1
2,2025-11-14,288,1013.4,1017.8,1009.9
2,2025-11-15,217,1021.4,1024.1,1018.6
2,2025-11-16,175,1015.6,1024.2,1004.2
2,2025-11-17,281,1005.7,1006.6,1003.9
2,2025-11-18,268,1008.1,1012.8,1005.2
2,2025-11-19,151,1015.0,1016.2,1013.1
2,2025-11-20,167,1009.5,1015.6,1005.8
2,2025-11-21,261,1010.9,1016.5,1007.2
2,2025-11-22,203,1017.1,1018.4,1015.9
2,2025-11-23,163,1013.9,1016.7,1011.8
2,2025-11-24,159,1009.2,1012.2,1007.7
2,2025-11-25,41,1005.2,1010.0,1003.7
2,2025-11-26,340,1015.4,1017.7,1010.9
2,2025-11-27,170,1004.3,1016.7,995.5
2,2025-11-28,279,1004.5,1012.9,996.6
2,2025-11-29,205,1011.7,1013.5,1008.3
2,2025-11-30,166,1008.2,1010.4,1003.3
2,2025-12-01,237,1009.3,1012.6,1003.1
2,2025-12-02,198,1005.9,1011.2,1003.7
2,2025-12-03,323,1000.3,1003.8,996.3
2,2025-12-04,259,1005.0,1006.7,1003.7
2,2025-12-05,192,1010.5,1014.4,1007.5
2,2025-12-06,153,1011.7,1015.0,1009.4
2,2025-12-07,161,1008.5,1010.2,1005.3
2,2025-12-08,245,1009.6,1014.8,1001.8
2,2025-12-09,272,1015.2,1016.8,1014.2
2,2025-12-10,184,1014.7,1017.7,1007.6
2,2025-12-11,289,1006.7,1014.6,999.6
2,2025-12-12,275,1019.5,1021.9,1015.9
2,2025-12-13,191,1016.6,1022.2,1007.2
2,2025-12-14,293,994.1,1005.6,986.8
2,2025-12-15,272,1009.9,1012.7,1002.6
2,2025-12-16,277,1011.8,1014.2,1008.6
2,2025-12-17,291,1012.7,1017.5,1010.3
2,2025-12-18,214,1020.3,1022.6,1018.2
2,2025-12-19,161,1018.4,1022.5,1015.2
2,2025-12-20,165,1010.5,1015.2,1005.4
2,2025-12-21,300,1012.1,1019.9,1004.2
2,2025-12-22,280,1024.8,1027.5,1021.2
2,2025-12-23,141,1018.3,1026.9,1011.5
2,2025-12-24,139,1006.7,1011.0,1003.9
2,2025-12-25,339,996.8,1003.7,990.6
2,2025-12-26,290,1003.1,1010.5,996.7
2,2025-12-27,212,1010.8,1013.2,1009.5
2,2025-12-28,165,1014.1,1015.8,1010.6
2,2025-12-29,163,1007.4,1011.2,1004.8
2,2025-12-30,266,1007.6,1009.8,1005.1
2,2025-12-31,296,1006.9,1009.6,1005.1
2,2026-01-01,226,1004.0,1005.6,1002.1
2,2026-01-02,155,1003.8,1005.3,1002.6
2,2026-01-03,196,1005.8,1007.2,1004.6
2,2026-01-04,274,1005.3,1007.0,1004.4
2,2026-01-05,5,1004.3,1006.4,1002.6
2,2026-01-06,165,1010.3,1012.2,1007.4
2,2026-01-07,177,1002.2,1009.6,1000.3
2,2026-01-08,273,1005.8,1010.8,1000.8
2,2026-01-09,171,1009.9,1012.1,1006.4
2,2026-01-10,174,995.8,1006.0,990.5
2,2026-01-11,276,994.3,1002.4,989.8
2,2026-01-12,239,1002.8,1005.6,996.6
2,2026-01-13,254,995.2,1004.4,985.2
2,2026-01-14,256,1008.2,1010.4,1005.5
2,2026-01-15,123,1004.2,1010.2,1001.6
2,2026-01-16,263,1007.4,1009.2,1004.3
2,2026-01-17,269,1009.7,1015.9,1005.4
2,2026-01-18,221,1015.9,1017.2,1012.6
2,2026-01-19,278,1004.1,1012.2,1001.3
2,2026-01-20,262,1004.1,1005.0,1002.5
2,2026-01-21,221,1001.3,1004.2,999.9
2,2026-01-22,199,1004.4,1008.1,1001.6
2,2026-01-23,181,1008.6,1009.6,1006.7
2,2026-01-24,208,1005.5,1008.1,1004.3
2,2026-01-25,286,1008.7,1013.3,1004.8
2,2026-01-26,169,1011.0,1013.6,1006.9
2,2026-01-27,219,1006.1,1009.0,1002.6
2,2026-01-28,158,1009.7,1010.5,1008.5
2,2026-01-29,151,1008.0,1010.2,1006.1
2,2026-01-30,218,1008.1,1009.6,1005.2
2,2026-01-31,174,1008.4,1010.1,1007.4
3,2021-01-01,294,1013.1,1015.9,1009.4
3,2021-01-02,275,1017.7,1019.8,1014.6
3,2021-01-03,272,1019.7,1022.3,1017.7
3,2021-01-04,271,1022.1,1023.2,1020.2
3,2021-01-05,273,1019.4,1022.6,1018.1
3,2021-01-06,321,1012.1,1018.7,1001.9
3,2021-01-07,328,996.6,1005.0,988.0
3,2021-01-08,265,1006.0,1007.8,1003.5
3,2021-01-09,273,1008.8,1012.7,1005.6
3,2021-01-10,284,1016.1,1020.4,1012.5
3,2021-01-11,254,1022.2,1024.1,1019.8
3,2021-01-12,180,1010.7,1019.6,1007.2
3,2021-01-13,239,1009.8,1013.4,1007.0
3,2021-01-14,278,1019.3,1025.6,1010.5
3,2021-01-15,186,1015.1,1025.2,1004.0
3,2021-01-16,262,1009.7,1013.1,1005.6
3,2021-01-17,261,1014.5,1016.2,1012.2
3,2021-01-18,352,1007.9,1015.2,1002.6
3,2021-01-19,299,1019.8,1026.0,1008.3
3,2021-01-20,255,1025.2,1027.8,1021.1
3,2021-01-21,245,1017.6,1020.7,1014.4
3,2021-01-22,304,1020.3,1025.7,1015.2
3,2021-01-23,18,1026.3,1027.3,1025.1
3,2021-01-24,193,1025.0,1026.4,1024.4
3,2021-01-25,37,1027.2,1028.5,1025.4
3,2021-01-26,157,1017.2,1027.2,1007.0
3,2021-01-27,279,1014.1,1019.9,1007.4
3,2021-01-28,121,1007.3,1020.6,993.7
3,2021-01-29,246,996.6,1001.5,993.7
3,2021-01-30,283,1013.6,1019.6,1002.9
3,2021-01-31,275,1025.6,1027.7,1021.2
3,2021-02-01,210,1008.8,1023.9,1000.2
3,2021-02-02,276,1007.5,1011.3,1001.4
3,2021-02-03,274,1012.8,1014.8,1011.5
3,2021-02-04,281,1010.8,1015.5,1007.4
3,2021-02-05,247,1012.4,1015.3,1008.5
3,2021-02-06,264,1008.7,1009.6,1006.8
3,2021-02-07,294,1009.0,1010.5,1007.6
3,2021-02-08,289,1007.7,1010.1,1006.3
3,2021-02-09,276,1012.4,1014.1,1010.1
3,2021-02-10,279,1012.4,1015.5,1011.0
3,2021-02-11,308,1022.5,1028.1,1016.0
3,2021-02-12,164,1028.7,1029.9,1027.5
3,2021-02-13,211,1022.9,1027.6,1019.6
3,2021-02-14,196,1014.5,1019.6,1006.6
3,2021-02-15,250,986.0,1005.4,975.2
3,2021-02-16,259,989.5,993.1,982.1
3,2021-02-17,260,993.4,994.9,992.6
3,2021-02-18,289,1001.1,1006.8,995.7
3,2021-02-19,234,1004.6,1007.9,997.9
3,2021-02-20,260,1001.0,1008.7,995.5
3,2021-02-21,276,1011.2,1012.7,1008.7
3,2021-02-22,56,1005.4,1010.7,1002.3
3,2021-02-23,285,1011.2,1016.5,1006.4
3,2021-02-24,289,1019.2,1023.5,1015.8
3,2021-02-25,263,1020.3,1023.2,1017.6
3,2021-02-26,294,1022.1,1027.9,1019.2
3,2021-02-27,291,1031.3,1032.9,1029.0
3,2021-02-28,225,1025.5,1030.7,1021.9
3,2021-03-01,33,1015.7,1022.0,1004.8
3,2021-03-02,329,1011.0,1025.4,1000.5
3,2021-03-03,276,1030.6,1032.6,1026.8
3,2021-03-04,197,1025.9,1031.8,1022.3
3,2021-03-05,227,1017.5,1021.4,1013.9
3,2021-03-06,303,1025.2,1029.4,1018.9
3,2021-03-07,256,1026.5,1029.2,1024.5
3,2021-03-08,263,1025.7,1027.2,1023.5
3,2021-03-09,216,1018.2,1026.1,1011.3
3,2021-03-10,283,1022.0,1027.1,1014.2
3,2021-03-11,238,1024.3,1026.8,1022.8
3,2021-03-12,49,1024.4,1025.8,1023.0
3,2021-03-13,65,1014.5,1023.9,1006.5
3,2021-03-14,304,1007.6,1011.3,1005.3
3,2021-03-15,240,1011.0,1012.9,1008.8
3,2021-03-16,244,1004.5,1008.9,1001.4
3,2021-03-17,275,1012.4,1016.6,1008.1
3,2021-03-18,285,1018.3,1021.2,1016.2
3,2021-03-19,309,1022.5,1025.8,1020.0
3,2021-03-20,111,1019.1,1025.7,1009.3
3,2021-03-21,225,999.8,1009.0,995.7
3,2021-03-22,249,1009.0,1016.0,1003.0
3,2021-03-23,230,1017.2,1019.1,1016.4
3,2021-03-24,217,1020.2,1021.3,1019.3
3,2021-03-25,186,1015.0,1019.6,1012.3
3,2021-03-26,327,1017.3,1023.0,1012.7
3,2021-03-27,172,1019.7,1023.3,1015.0
3,2021-03-28,163,1007.0,1014.8,1001.4
3,2021-03-29,226,1002.9,1009.1,998.4
3,2021-03-30,238,1010.7,1013.7,1008.2
3,2021-03-31,282,1014.8,1020.1,1011.1
3,2021-04-01,304,1025.4,1030.6,1020.6
3,2021-04-02,140,1026.4,1030.8,1020.9
3,2021-04-03,268,1015.0,1020.2,1012.8
3,2021-04-04,22,1011.3,1015.1,1009.6
3,2021-04-05,130,1020.3,1023.5,1015.9
3,2021-04-06,136,1019.5,1024.0,1015.5
3,2021-04-07,221,1012.7,1015.8,1011.2
3,2021-04-08,274,1013.8,1014.5,1013.2
3,2021-04-09,295,1021.5,1029.6,1014.9
3,2021-04-10,261,1031.6,1033.8,1029.3
3,2021-04-11,247,1033.0,1034.1,1032.1
3,2021-04-12,179,1024.2,1031.6,1016.0
3,2021-04-13,201,1007.4,1013.8,1004.2
3,2021-04-14,279,1012.6,1017.6,1008.0
3,2021-04-15,246,1022.3,1025.9,1017.8
3,2021-04-16,155,1021.9,1025.5,1018.7
3,2021-04-17,138,1008.9,1018.4,993.2
3,2021-04-18,271,991.1,999.3,987.5
3,2021-04-19,242,1004.3,1007.6,999.5
3,2021-04-20,259,1012.4,1016.6,1006.7
3,2021-04-21,292,1017.1,1018.8,1015.5
3,2021-04-22,4,1023.1,1025.2,1019.6
3,2021-04-23,204,1022.1,1024.6,1019.2
3,2021-04-24,235,1013.4,1018.7,1009.8
3,2021-04-25,324,1014.5,1020.4,1011.2
3,2021-04-26,322,1021.0,1022.4,1018.9
3,2021-04-27,237,1020.0,1022.1,1017.9
3,2021-04-28,201,1014.6,1017.4,1013.4
3,2021-04-29,18,1005.9,1013.5,995.3
3,2021-04-30,284,1001.9,1007.9,996.5
3,2021-05-01,28,1005.0,1008.1,1000.2
3,2021-05-02,317,1002.3,1004.9,999.2
3,2021-05-03,266,1007.5,1011.1,1003.4
3,2021-05-04,129,1014.8,1017.9,1011.8
3,2021-05-05,209,1010.3,1012.8,1006.7
3,2021-05-06,228,1014.2,1015.7,1012.3
3,2021-05-07,190,1004.5,1012.1,1000.7
3,2021-05-08,229,1002.2,1004.5,998.9
3,2021-05-09,231,999.6,1001.5,997.4
3,2021-05-10,266,1009.2,1013.4,1002.7
3,2021-05-11,306,1017.5,1022.6,1013.6
3,2021-05-12,127,1019.9,1022.4,1017.0
3,2021-05-13,21,1014.0,1016.8,1012.5
3,2021-05-14,239,1014.9,1017.8,1011.9
3,2021-05-15,154,1013.9,1017.9,1010.4
3,2021-05-16,182,1002.7,1009.4,996.4
3,2021-05-17,221,1002.1,1009.0,996.0
3,2021-05-18,120,1011.1,1012.5,1009.5
3,2021-05-19,160,1011.3,1014.2,1009.9
3,2021-05-20,138,1012.2,1014.9,1008.3
3,2021-05-21,106,1005.8,1007.5,1004.6
3,2021-05-22,156,1006.0,1007.1,1005.5
3,2021-05-23,195,1006.3,1007.2,1005.5
3,2021-05-24,234,1003.3,1006.0,1000.0
3,2021-05-25,252,1000.9,1003.6,999.3
3,2021-05-26,244,1008.0,1010.5,1004.3
3,2021-05-27,28,1001.8,1008.3,996.9
3,2021-05-28,122,1004.1,1006.7,998.6
3,2021-05-29,210,1000.9,1003.9,997.8
3,2021-05-30,273,1008.0,1013.0,1004.0
3,2021-05-31,2,1015.1,1018.3,1012.4
3,2021-06-01,71,1018.2,1018.8,1017.6
3,2021-06-02,53,1016.9,1018.2,1015.7
3,2021-06-03,135,1009.3,1016.7,1000.2
3,2021-06-04,192,997.6,1000.7,994.0
3,2021-06-05,220,1002.3,1004.9,1000.2
3,2021-06-06,230,1007.8,1011.6,1004.1
3,2021-06-07,246,1012.2,1012.8,1011.5
3,2021-06-08,240,1012.6,1016.3,1010.2
3,2021-06-09,197,1017.0,1018.2,1015.8
3,2021-06-10,196,1017.6,1018.3,1016.7
3,2021-06-11,166,1015.3,1016.9,1014.4
3,2021-06-12,231,1012.5,1014.4,1011.4
3,2021-06-13,219,1009.2,1011.2,1008.2
3,2021-06-14,95,1007.3,1008.6,1006.2
3,2021-06-15,99,1008.9,1010.6,1007.9
3,2021-06-16,108,1010.5,1011.3,1009.9
3,2021-06-17,106,1007.9,1010.2,1005.9
3,2021-06-18,130,1004.8,1005.9,1003.8
3,2021-06-19,104,1001.1,1004.8,998.3
3,2021-06-20,112,1001.8,1003.8,999.9
3,2021-06-21,128,1007.4,1011.0,1004.0
3,2021-06-22,112,1011.3,1012.3,1010.4
3,2021-06-23,139,1012.3,1012.8,1011.4
3,2021-06-24,155,1012.7,1013.6,1011.8
3,2021-06-25,166,1013.0,1013.8,1012.3
3,2021-06-26,137,1013.1,1013.8,1012.3
3,2021-06-27,56,1009.6,1012.5,1007.9
3,2021-06-28,105,1008.2,1009.1,1007.1
3,2021-06-29,116,1008.8,1011.3,1007.1
3,2021-06-30,125,1012.8,1013.8,1011.3
3,2021-07-01,142,1013.0,1014.1,1011.3
3,2021-07-02,107,1013.1,1014.2,1011.8
3,2021-07-03,115,1014.0,1015.5,1012.4
3,2021-07-04,133,1012.0,1015.6,1007.3
3,2021-07-05,208,1005.4,1006.9,1003.8
3,2021-07-06,241,1008.8,1009.9,1007.3
3,2021-07-07,97,1009.9,1010.6,1009.0
3,2021-07-08,117,1010.5,1011.2,1009.9
3,2021-07-09,122,1009.8,1011.1,1008.9
3,2021-07-10,121,1009.7,1010.7,1008.8
3,2021-07-11,116,1010.3,1011.5,1009.3
3,2021-07-12,87,1012.6,1014.8,1011.0
3,2021-07-13,110,1016.4,1018.5,1014.9
3,2021-07-14,115,1018.6,1020.4,1017.7
3,2021-07-15,107,1019.6,1020.3,1018.9
3,2021-07-16,190,1017.7,1020.1,1016.6
3,2021-07-17,226,1014.7,1016.3,1013.9
3,2021-07-18,237,1013.9,1015.2,1012.7
3,2021-07-19,231,1014.6,1015.6,1013.8
3,2021-07-20,345,1014.6,1015.5,1012.9
3,2021-07-21,108,1014.9,1015.6,1014.3
3,2021-07-22,119,1012.6,1014.5,1011.3
3,2021-07-23,108,1011.6,1012.4,1010.9
3,2021-07-24,81,1011.7,1012.4,1011.2
3,2021-07-25,108,1010.9,1012.0,1010.1
3,2021-07-26,82,1007.8,1010.5,1004.7
3,2021-07-27,70,1003.8,1004.6,1002.7
3,2021-07-28,108,1002.2,1003.3,1000.4
3,2021-07-29,134,1002.3,1003.1,1001.6
3,2021-07-30,122,1004.1,1006.1,1002.6
3,2021-07-31,70,1004.5,1006.0,1002.8
3,2021-08-01,51,1003.8,1006.7,1002.2
3,2021-08-02,68,1008.4,1010.2,1006.4
3,2021-08-03,144,1010.4,1010.8,1009.9
3,2021-08-04,203,1008.4,1010.3,1007.4
3,2021-08-05,253,1006.4,1007.5,1005.6
3,2021-08-06,112,1006.1,1006.8,1005.2
3,2021-08-07,120,1004.9,1006.2,1003.9
3,2021-08-08,103,1004.9,1006.0,1004.1
3,2021-08-09,79,999.8,1006.1,990.8
3,2021-08-10,15,1002.2,1010.9,993.8
3,2021-08-11,117,1014.8,1016.1,1012.5
3,2021-08-12,118,1014.9,1016.8,1013.6
3,2021-08-13,119,1014.4,1015.4,1013.2
3,2021-08-14,94,1013.5,1015.1,1012.6
3,2021-08-15,113,1017.4,1019.0,1015.9
3,2021-08-16,124,1018.5,1019.6,1017.7
3,2021-08-17,112,1015.1,1018.4,1009.8
3,2021-08-18,138,1008.8,1012.7,1006.0
3,2021-08-19,60,1015.8,1018.4,1013.4
3,2021-08-20,102,1017.9,1019.0,1017.0
3,2021-08-21,130,1015.1,1017.5,1012.7
3,2021-08-22,148,1010.1,1012.9,1008.3
3,2021-08-23,7,1010.3,1012.3,1008.1
3,2021-08-24,115,1009.3,1012.0,1005.4
3,2021-08-25,189,1005.9,1007.7,1003.8
3,2021-08-26,245,1009.3,1011.0,1008.2
3,2021-08-27,240,1009.7,1011.2,1008.4
3,2021-08-28,242,1008.3,1010.1,1006.8
3,2021-08-29,236,1010.4,1011.3,1009.6
3,2021-08-30,240,1010.3,1011.7,1009.0
3,2021-08-31,277,1012.2,1013.7,1010.6
3,2021-09-01,342,1011.2,1012.8,1010.6
3,2021-09-02,97,1011.8,1013.4,1010.8
3,2021-09-03,115,1015.2,1017.3,1013.6
3,2021-09-04,101,1019.6,1021.3,1017.8
3,2021-09-05,107,1021.5,1022.2,1020.7
3,2021-09-06,119,1019.9,1021.3,1019.1
3,2021-09-07,140,1017.4,1019.1,1015.0
3,2021-09-08,151,1012.1,1014.1,1010.3
3,2021-09-09,251,1011.5,1013.7,1009.6
3,2021-09-10,137,1013.6,1014.5,1013.0
3,2021-09-11,173,1010.3,1013.1,1008.6
3,2021-09-12,245,1007.7,1010.7,1006.5
3,2021-09-13,338,1017.4,1020.7,1012.2
3,2021-09-14,18,1018.9,1021.0,1017.5
3,2021-09-15,101,1019.9,1021.1,1018.8
3,2021-09-16,140,1018.5,1020.8,1016.1
3,2021-09-17,95,1012.7,1016.2,1008.9
3,2021-09-18,323,1009.8,1013.6,1006.9
3,2021-09-19,289,1015.3,1017.8,1012.9
3,2021-09-20,109,1017.7,1019.5,1016.4
3,2021-09-21,166,1011.5,1015.9,1008.1
3,2021-09-22,215,1007.8,1009.0,1006.7
3,2021-09-23,239,1010.6,1015.9,1008.7
3,2021-09-24,27,1023.3,1027.5,1017.4
3,2021-09-25,59,1026.5,1027.8,1024.6
3,2021-09-26,142,1022.0,1024.5,1020.7
3,2021-09-27,140,1020.2,1021.3,1019.4
3,2021-09-28,142,1017.5,1019.5,1016.2
3,2021-09-29,149,1011.2,1016.7,1006.0
3,2021-09-30,231,1006.9,1009.7,1003.8
3,2021-10-01,88,1006.4,1009.1,1005.0
3,2021-10-02,275,1011.4,1020.7,1005.0
3,2021-10-03,226,1020.8,1022.7,1018.8
3,2021-10-04,234,1018.6,1020.4,1017.7
3,2021-10-05,78,1018.1,1020.7,1016.0
3,2021-10-06,347,1020.5,1022.0,1018.4
3,2021-10-07,72,1018.3,1022.5,1015.1
3,2021-10-08,318,1023.9,1028.8,1020.0
3,2021-10-09,150,1026.9,1029.7,1022.3
3,2021-10-10,217,1014.1,1022.1,1008.4
3,2021-10-11,289,1020.1,1026.3,1013.1
3,2021-10-12,87,1028.1,1029.0,1026.7
3,2021-10-13,101,1024.6,1028.8,1020.0
3,2021-10-14,209,1015.0,1021.2,1012.1
3,2021-10-15,331,1016.4,1018.8,1012.7
3,2021-10-16,249,1011.4,1017.5,1006.5
3,2021-10-17,299,1018.0,1023.7,1012.6
3,2021-10-18,214,1023.4,1025.4,1020.2
3,2021-10-19,170,1009.1,1018.7,1001.4
3,2021-10-20,329,1004.1,1011.1,997.1
3,2021-10-21,285,1015.6,1018.9,1011.9
3,2021-10-22,298,1015.9,1018.4,1014.5
3,2021-10-23,292,1019.7,1022.3,1016.4
3,2021-10-24,251,1023.7,1025.9,1021.4
3,2021-10-25,183,1022.6,1025.7,1019.8
3,2021-10-26,216,1015.7,1019.9,1013.7
3,2021-10-27,216,1012.6,1015.2,1010.5
3,2021-10-28,278,1016.2,1021.1,1012.2
3,2021-10-29,334,1022.4,1025.2,1020.5
3,2021-10-30,193,1025.2,1026.0,1023.9
3,2021-10-31,267,1022.6,1025.1,1021.9
3,2021-11-01,96,1021.1,1023.0,1017.6
3,2021-11-02,107,1014.8,1018.6,1012.6
3,2021-11-03,10,1012.9,1013.7,1012.2
3,2021-11-04,355,1015.0,1017.9,1012.4
3,2021-11-05,13,1020.2,1022.3,1017.9
3,2021-11-06,283,1022.3,1024.6,1021.1
3,2021-11-07,265,1024.8,1025.9,1022.8
3,2021-11-08,140,1019.4,1025.1,1012.3
3,2021-11-09,164,1001.4,1010.9,995.4
3,2021-11-10,223,996.1,998.8,994.4
3,2021-11-11,229,1002.8,1006.1,999.0
3,2021-11-12,246,1007.8,1012.1,1004.7
3,2021-11-13,245,1015.1,1016.7,1012.0
3,2021-11-14,229,1012.4,1015.1,1011.1
3,2021-11-15,279,1016.8,1019.5,1013.9
3,2021-11-16,280,1019.0,1020.9,1016.9
3,2021-11-17,266,1020.1,1021.2,1018.1
3,2021-11-18,208,1013.9,1017.7,1013.0
3,2021-11-19,266,1013.4,1020.3,1008.0
3,2021-11-20,298,1021.6,1022.6,1020.0
3,2021-11-21,193,1019.4,1022.9,1012.7
3,2021-11-22,215,1000.1,1011.8,994.7
3,2021-11-23,252,999.6,1000.9,998.1
3,2021-11-24,263,1003.9,1006.8,1000.9
3,2021-11-25,269,1007.6,1010.7,1005.3
3,2021-11-26,282,1012.5,1015.1,1010.2
3,2021-11-27,323,1021.6,1027.5,1015.6
3,2021-11-28,252,1027.4,1029.0,1025.1
3,2021-11-29,225,1021.7,1025.0,1020.6
3,2021-11-30,166,1008.7,1021.3,991.8
3,2021-12-01,251,995.6,1002.9,989.3
3,2021-12-02,228,1011.3,1014.8,1004.5
3,2021-12-03,230,1008.3,1011.5,1006.3
3,2021-12-04,299,1016.4,1026.0,1010.6
3,2021-12-05,251,1029.1,1030.6,1026.7
3,2021-12-06,198,1026.5,1029.7,1025.1
3,2021-12-07,29,1024.5,1025.7,1023.7
3,2021-12-08,25,1028.5,1031.6,1025.6
3,2021-12-09,151,1030.2,1032.2,1027.9
3,2021-12-10,190,1023.1,1027.9,1020.2
3,2021-12-11,241,1017.6,1020.2,1013.8
3,2021-12-12,251,1004.6,1013.3,1001.5
3,2021-12-13,282,1011.5,1018.1,1004.6
3,2021-12-14,237,1014.3,1017.9,1011.7
3,2021-12-15,272,1015.8,1018.6,1011.6
3,2021-12-16,206,1009.9,1018.1,1001.1
3,2021-12-17,310,998.2,1004.2,994.2
3,2021-12-18,296,1008.8,1010.7,1005.6
3,2021-12-19,291,1010.1,1013.0,1008.4
3,2021-12-20,224,1010.5,1013.9,1006.0
3,2021-12-21,274,1007.2,1011.0,1005.4
3,2021-12-22,282,1014.0,1018.0,1010.8
3,2021-12-23,284,1019.7,1020.7,1018.3
3,2021-12-24,294,1016.0,1020.5,1011.3
3,2021-12-25,281,1007.7,1010.8,1005.3
3,2021-12-26,302,1008.4,1010.3,1004.7
3,2021-12-27,299,1010.6,1014.8,1009.1
3,2021-12-28,284,1018.6,1019.9,1016.2
3,2021-12-29,217,1010.1,1018.6,1006.9
3,2021-12-30,307,1006.4,1007.9,1004.9
3,2021-12-31,299,1007.4,1010.4,1005.9
3,2022-01-01,294,1017.1,1020.3,1011.4
3,2022-01-02,259,1011.4,1018.3,1007.0
3,2022-01-03,289,1011.2,1013.3,1009.6
3,2022-01-04,307,1013.2,1017.0,1009.8
3,2022-01-05,310,1022.0,1023.9,1018.0
3,2022-01-06,240,1017.9,1023.4,1012.6
3,2022-01-07,309,1017.6,1019.9,1013.3
3,2022-01-08,231,1014.0,1019.5,1009.5
3,2022-01-09,286,1017.0,1020.6,1011.8
3,2022-01-10,227,1018.1,1021.3,1011.3
3,2022-01-11,208,995.9,1010.0,987.8
3,2022-01-12,274,990.3,996.4,982.3
3,2022-01-13,273,994.5,996.9,993.0
3,2022-01-14,286,1003.7,1012.6,997.4
3,2022-01-15,278,1016.4,1018.7,1013.4
3,2022-01-16,209,1010.6,1016.8,1006.3
3,2022-01-17,263,1007.1,1009.1,1005.3
3,2022-01-18,316,1010.8,1015.9,1006.4
3,2022-01-19,74,1013.5,1016.1,1010.9
3,2022-01-20,31,1014.7,1017.3,1012.2
3,2022-01-21,319,1020.3,1022.8,1017.9
3,2022-01-22,282,1022.6,1023.5,1021.6
3,2022-01-23,313,1016.3,1021.2,1012.6
3,2022-01-24,309,1017.2,1020.2,1014.3
3,2022-01-25,237,1019.1,1020.2,1017.8
3,2022-01-26,253,1013.8,1017.7,1011.6
3,2022-01-27,287,1013.1,1014.1,1011.6
3,2022-01-28,287,1010.4,1013.1,1009.2
3,2022-01-29,276,1008.9,1010.6,1007.0
3,2022-01-30,296,1010.8,1011.7,1009.6
3,2022-01-31,293,1013.6,1015.8,1009.8
3,2022-02-01,266,1011.6,1015.2,1010.5
3,2022-02-02,280,1012.8,1013.9,1012.1
3,2022-02-03,281,1011.5,1012.1,1010.1
3,2022-02-04,271,1007.4,1011.3,1004.4
3,2022-02-05,281,1005.2,1007.8,1002.8
3,2022-02-06,286,1011.1,1015.9,1006.9
3,2022-02-07,266,1018.8,1020.9,1016.3
3,2022-02-08,276,1020.8,1023.1,1018.7
3,2022-02-09,302,1024.0,1025.2,1022.3
3,2022-02-10,65,1022.5,1024.1,1021.5
3,2022-02-11,42,1023.5,1024.2,1022.7
3,2022-02-12,220,1020.4,1023.3,1018.7
3,2022-02-13,259,1020.1,1021.8,1018.3
3,2022-02-14,72,1019.1,1020.6,1017.8
3,2022-02-15,119,1009.7,1017.5,1004.8
3,2022-02-16,111,1005.9,1008.3,1004.6
3,2022-02-17,88,1013.4,1020.7,1008.2
3,2022-02-18,290,1023.6,1025.3,1021.5
3,2022-02-19,178,1014.2,1024.2,1003.7
3,2022-02-20,288,1000.2,1003.9,998.4
3,2022-02-21,279,1005.9,1009.2,999.9
3,2022-02-22,277,1011.6,1014.6,1008.7
3,2022-02-23,276,1014.6,1015.7,1013.6
3,2022-02-24,269,1012.8,1014.7,1011.3
3,2022-02-25,258,1013.1,1014.2,1011.4
3,2022-02-26,236,1007.6,1013.2,1002.8
3,2022-02-27,268,1007.8,1012.4,1001.5
3,2022-02-28,265,1015.3,1018.3,1012.5
3,2022-03-01,252,1007.2,1013.0,1004.5
3,2022-03-02,249,1007.3,1009.2,1001.8
3,2022-03-03,285,1008.5,1015.6,999.2
3,2022-03-04,226,1012.4,1015.5,1003.9
3,2022-03-05,220,997.2,1002.9,994.8
3,2022-03-06,298,999.3,1011.5,992.5
3,2022-03-07,279,1014.3,1015.9,1011.9
3,2022-03-08,255,1017.3,1020.7,1014.9
3,2022-03-09,251,1021.1,1022.7,1019.6
3,2022-03-10,225,1020.5,1022.7,1017.9
3,2022-03-11,232,1011.6,1017.4,1008.7
3,2022-03-12,276,1017.4,1020.0,1013.1
3,2022-03-13,105,1015.4,1019.5,1012.9
3,2022-03-14,117,1013.2,1016.0,1005.6
3,2022-03-15,198,1006.5,1014.2,998.4
3,2022-03-16,261,1014.4,1016.5,1012.6
3,2022-03-17,288,1019.1,1020.9,1016.5
3,2022-03-18,76,1012.8,1020.5,1003.0
3,2022-03-19,351,1001.0,1007.1,998.9
3,2022-03-20,279,1013.1,1016.9,1008.3
3,2022-03-21,269,1020.2,1022.1,1016.9
3,2022-03-22,237,1019.7,1021.5,1018.7
3,2022-03-23,204,1016.7,1019.4,1014.3
3,2022-03-24,276,1018.0,1025.0,1013.9
3,2022-03-25,201,1022.7,1026.3,1016.7
3,2022-03-26,198,1000.8,1014.5,991.7
3,2022-03-27,255,1006.7,1012.3,1002.4
3,2022-03-28,260,1022.7,1029.4,1013.6
3,2022-03-29,204,1024.0,1029.6,1019.4
3,2022-03-30,286,1018.7,1019.6,1017.5
3,2022-03-31,292,1018.7,1020.2,1016.6
3,2022-04-01,290,1022.6,1026.0,1018.9
3,2022-04-02,246,1027.2,1029.6,1025.1
3,2022-04-03,247,1029.4,1030.3,1028.4
3,2022-04-04,196,1025.5,1029.4,1022.7
3,2022-04-05,206,1017.4,1022.6,1013.3
3,2022-04-06,250,1017.3,1020.8,1012.7
3,2022-04-07,101,1013.3,1020.4,1007.5
3,2022-04-08,245,1016.1,1017.6,1013.7
3,2022-04-09,223,1012.3,1017.3,1008.2
3,2022-04-10,178,1015.7,1017.6,1013.9
3,2022-04-11,221,1012.4,1013.8,1011.0
3,2022-04-12,239,1009.1,1011.6,1007.3
3,2022-04-13,49,1018.6,1025.4,1011.9
3,2022-04-14,104,1022.3,1025.7,1018.5
3,2022-04-15,76,1015.1,1019.1,1011.9
3,2022-04-16,241,1012.0,1014.9,1008.7
3,2022-04-17,230,1016.6,1018.0,1014.7
3,2022-04-18,320,1014.5,1017.0,1012.8
3,2022-04-19,234,1017.7,1019.1,1015.9
3,2022-04-20,213,1017.1,1018.7,1016.3
3,2022-04-21,222,1013.3,1016.9,1009.3
3,2022-04-22,233,1005.0,1008.6,1003.3
3,2022-04-23,246,1011.5,1015.7,1004.7
3,2022-04-24,191,1010.2,1013.9,1008.7
3,2022-04-25,161,1013.4,1015.5,1010.6
3,2022-04-26,238,1000.6,1010.0,992.7
3,2022-04-27,254,1010.5,1018.3,999.2
3,2022-04-28,268,1019.0,1020.5,1017.7
3,2022-04-29,228,1015.1,1018.6,1012.8
3,2022-04-30,236,1014.6,1016.5,1011.5
3,2022-05-01,200,1009.0,1011.2,1007.5
3,2022-05-02,261,1009.1,1012.6,1007.0
3,2022-05-03,233,1012.6,1015.1,1009.0
3,2022-05-04,243,1016.3,1022.1,1007.3
3,2022-05-05,157,1020.6,1021.9,1019.8
3,2022-05-06,189,1016.8,1020.3,1014.3
3,2022-05-07,231,1011.1,1014.5,1008.3
3,2022-05-08,253,1014.4,1015.6,1012.5
3,2022-05-09,239,1016.6,1018.9,1014.4
3,2022-05-10,225,1019.6,1021.1,1018.1
3,2022-05-11,116,1017.2,1020.1,1016.0
3,2022-05-12,71,1013.5,1016.4,1011.0
3,2022-05-13,95,1005.2,1012.3,997.4
3,2022-05-14,244,1002.2,1007.1,995.5
3,2022-05-15,234,1010.1,1012.8,1007.2
3,2022-05-16,187,1012.7,1014.0,1011.1
3,2022-05-17,197,1015.7,1017.9,1013.7
3,2022-05-18,185,1016.8,1018.2,1015.4
3,2022-05-19,226,1013.0,1015.0,1012.0
3,2022-05-20,223,1012.1,1013.3,1011.3
3,2022-05-21,142,1009.5,1011.6,1007.8
3,2022-05-22,114,1007.7,1010.1,1006.0
3,2022-05-23,245,1012.2,1015.1,1009.6
3,2022-05-24,235,1014.5,1015.9,1013.6
3,2022-05-25,113,1010.8,1013.5,1009.4
3,2022-05-26,89,1005.8,1009.8,1002.2
3,2022-05-27,162,997.7,1002.1,996.0
3,2022-05-28,264,998.1,1002.0,995.8
3,2022-05-29,335,1005.4,1009.3,1001.2
3,2022-05-30,123,1009.1,1010.9,1007.1
3,2022-05-31,143,1003.4,1007.3,1000.9
3,2022-06-01,266,1007.5,1008.8,1006.2
3,2022-06-02,57,1007.6,1009.1,1006.6
3,2022-06-03,129,1010.3,1011.9,1008.9
3,2022-06-04,22,1012.0,1013.6,1010.8
3,2022-06-05,108,1013.5,1014.9,1012.4
3,2022-06-06,93,1008.2,1012.2,1005.5
3,2022-06-07,107,1009.7,1012.7,1006.6
3,2022-06-08,135,1014.8,1016.6,1013.1
3,2022-06-09,128,1016.8,1017.5,1016.0
3,2022-06-10,106,1016.9,1018.3,1015.8
3,2022-06-11,14,1014.1,1016.6,1012.5
3,2022-06-12,1,1010.8,1014.0,1009.2
3,2022-06-13,132,1018.1,1020.4,1014.4
3,2022-06-14,125,1018.4,1020.8,1015.3
3,2022-06-15,159,1009.5,1014.4,1005.5
3,2022-06-16,236,1005.5,1007.0,1004.2
3,2022-06-17,249,1007.9,1009.2,1006.5
3,2022-06-18,223,1007.4,1008.8,1006.0
3,2022-06-19,231,1002.9,1005.6,1000.9
3,2022-06-20,263,1004.4,1008.9,1001.4
3,2022-06-21,102,1009.9,1011.7,1008.1
3,2022-06-22,122,1011.6,1012.8,1010.8
3,2022-06-23,144,1007.5,1011.8,1000.1
3,2022-06-24,197,997.4,999.9,995.6
3,2022-06-25,228,1004.0,1007.8,1000.2
3,2022-06-26,232,1007.8,1009.0,1006.7
3,2022-06-27,245,1008.5,1010.2,1006.2
3,2022-06-28,221,1004.7,1009.1,1001.5
3,2022-06-29,235,1004.8,1008.9,1002.2
3,2022-06-30,104,1012.7,1015.3,1009.8
3,2022-07-01,155,1014.8,1016.0,1013.9
3,2022-07-02,238,1011.7,1013.7,1010.2
3,2022-07-03,228,1007.8,1010.1,1006.7
3,2022-07-04,209,1007.9,1008.8,1006.7
3,2022-07-05,109,1009.3,1011.3,1008.0
3,2022-07-06,105,1013.0,1014.3,1011.8
3,2022-07-07,108,1012.9,1014.4,1011.0
3,2022-07-08,104,1010.0,1012.2,1008.6
3,2022-07-09,62,1006.3,1008.4,1004.6
3,2022-07-10,347,1007.3,1009.6,1005.5
3,2022-07-11,112,1009.5,1010.8,1008.2
3,2022-07-12,114,1009.5,1010.5,1008.5
3,2022-07-13,116,1008.9,1010.1,1007.9
3,2022-07-14,119,1006.6,1008.1,1004.8
3,2022-07-15,117,1005.8,1007.1,1004.2
3,2022-07-16,87,1005.7,1008.0,1002.4
3,2022-07-17,132,1000.5,1002.1,999.1
3,2022-07-18,229,1002.9,1004.1,1001.5
3,2022-07-19,85,1001.3,1003.1,999.6
3,2022-07-20,179,1003.9,1005.0,1002.7
3,2022-07-21,98,1004.4,1005.5,1003.8
3,2022-07-22,73,1001.6,1004.2,998.9
3,2022-07-23,300,1003.5,1006.0,1001.6
3,2022-07-24,268,1008.5,1010.7,1006.6
3,2022-07-25,136,1010.6,1011.3,1009.7
3,2022-07-26,92,1010.7,1011.7,1009.7
3,2022-07-27,35,1012.3,1014.2,1011.0
3,2022-07-28,146,1015.1,1016.2,1013.8
3,2022-07-29,122,1015.6,1016.7,1014.8
3,2022-07-30,219,1012.2,1014.9,1010.6
3,2022-07-31,265,1011.6,1012.9,1009.9
3,2022-08-01,168,1010.7,1013.7,1006.4
3,2022-08-02,171,1008.9,1010.9,1007.7
3,2022-08-03,107,1009.7,1011.2,1008.2
3,2022-08-04,117,1010.5,1011.4,1009.8
3,2022-08-05,129,1010.2,1010.9,1009.5
3,2022-08-06,136,1010.3,1011.5,1009.4
3,2022-08-07,146,1009.6,1011.4,1008.1
3,2022-08-08,219,1005.0,1007.9,1003.2
3,2022-08-09,212,1004.3,1005.9,999.9
3,2022-08-10,204,1006.5,1007.9,1005.2
3,2022-08-11,196,1005.2,1008.2,1000.6
3,2022-08-12,224,1005.3,1007.0,1003.3
3,2022-08-13,291,1006.4,1007.1,1005.4
3,2022-08-14,329,1005.7,1006.8,1004.3
3,2022-08-15,178,1000.9,1005.9,995.8
3,2022-08-16,241,998.6,1007.6,991.8
3,2022-08-17,131,1009.3,1011.1,1007.1
3,2022-08-18,32,1002.0,1006.8,999.3
3,2022-08-19,252,1001.4,1002.8,999.9
3,2022-08-20,229,1000.0,1003.9,997.1
3,2022-08-21,222,1007.1,1009.2,1004.6
3,2022-08-22,154,1005.6,1009.3,1001.2
3,2022-08-23,239,1002.4,1006.3,999.4
3,2022-08-24,268,1007.6,1008.8,1006.1
3,2022-08-25,124,1005.9,1007.7,1004.6
3,2022-08-26,120,1007.1,1008.7,1005.9
3,2022-08-27,189,1006.8,1010.4,1004.0
3,2022-08-28,241,1014.6,1018.8,1011.3
3,2022-08-29,140,1018.2,1019.7,1015.5
3,2022-08-30,133,1013.0,1015.2,1010.6
3,2022-08-31,146,1006.1,1010.8,1002.2
3,2022-09-01,251,1011.6,1015.5,1008.5
3,2022-09-02,321,1017.8,1019.3,1016.0
3,2022-09-03,93,1018.3,1019.4,1017.4
3,2022-09-04,126,1017.4,1018.5,1016.1
3,2022-09-05,144,1013.8,1016.4,1011.0
3,2022-09-06,174,1007.7,1012.5,1004.4
3,2022-09-07,262,1015.9,1018.8,1013.4
3,2022-09-08,254,1017.1,1019.3,1015.7
3,2022-09-09,9,1016.7,1019.7,1014.4
3,2022-09-10,108,1020.1,1021.0,1019.1
3,2022-09-11,133,1017.7,1019.7,1016.6
3,2022-09-12,139,1015.2,1017.3,1013.8
3,2022-09-13,307,1015.4,1019.7,1013.4
3,2022-09-14,12,1018.6,1020.1,1017.1
3,2022-09-15,81,1014.5,1016.9,1013.3
3,2022-09-16,100,1014.5,1015.3,1014.0
3,2022-09-17,168,1012.5,1014.7,1011.5
3,2022-09-18,25,1008.2,1011.9,1003.6
3,2022-09-19,5,996.0,1003.3,992.6
3,2022-09-20,315,1008.8,1014.9,999.5
3,2022-09-21,326,1020.1,1023.4,1015.8
3,2022-09-22,133,1020.6,1024.0,1017.4
3,2022-09-23,159,1010.5,1016.5,1006.9
3,2022-09-24,250,1011.2,1015.4,1007.6
3,2022-09-25,270,1016.2,1017.1,1015.0
3,2022-09-26,304,1016.3,1017.1,1015.5
3,2022-09-27,8,1015.7,1017.3,1014.2
3,2022-09-28,194,1010.6,1014.5,1008.9
3,2022-09-29,244,1013.4,1016.3,1010.5
3,2022-09-30,211,1016.2,1017.1,1015.4
3,2022-10-01,247,1017.6,1021.2,1015.4
3,2022-10-02,134,1022.5,1023.8,1021.2
3,2022-10-03,184,1014.5,1021.5,1006.0
3,2022-10-04,286,1007.0,1014.8,1001.0
3,2022-10-05,296,1018.6,1021.8,1015.6
3,2022-10-06,325,1021.7,1022.8,1019.8
3,2022-10-07,51,1019.2,1021.9,1017.2
3,2022-10-08,8,1024.5,1028.6,1020.3
3,2022-10-09,133,1022.5,1028.6,1012.5
3,2022-10-10,195,1005.2,1011.3,1002.1
3,2022-10-11,248,1012.5,1022.0,1005.1
3,2022-10-12,280,1026.8,1029.1,1022.5
3,2022-10-13,109,1025.4,1029.5,1022.4
3,2022-10-14,138,1019.5,1022.6,1017.7
3,2022-10-15,181,1019.2,1020.7,1017.2
3,2022-10-16,179,1015.0,1021.2,1009.0
3,2022-10-17,286,1008.3,1012.1,1004.6
3,2022-10-18,277,1015.1,1018.4,1011.8
3,2022-10-19,273,1019.7,1021.9,1017.2
3,2022-10-20,255,1021.3,1022.7,1020.4
3,2022-10-21,229,1018.8,1022.9,1014.5
3,2022-10-22,244,1011.5,1014.4,1010.1
3,2022-10-23,279,1011.8,1013.8,1010.0
3,2022-10-24,340,1017.9,1024.0,1013.1
3,2022-10-25,23,1027.5,1029.8,1024.6
3,2022-10-26,130,1027.5,1030.2,1025.7
3,2022-10-27,196,1024.7,1026.5,1023.6
3,2022-10-28,211,1021.8,1024.1,1021.0
3,2022-10-29,274,1020.5,1021.8,1019.7
3,2022-10-30,1,1022.8,1026.4,1020.1
3,2022-10-31,138,1026.5,1028.2,1024.5
3,2022-11-01,191,1018.2,1024.4,1016.0
3,2022-11-02,250,1015.7,1017.7,1013.5
3,2022-11-03,303,1010.5,1013.0,1009.6
3,2022-11-04,283,1013.7,1016.0,1010.9
3,2022-11-05,268,1017.1,1019.9,1015.3
3,2022-11-06,288,1020.9,1023.3,1019.0
3,2022-11-07,183,1019.6,1022.8,1017.2
3,2022-11-08,271,1018.6,1022.6,1015.1
3,2022-11-09,244,1020.6,1022.4,1018.2
3,2022-11-10,291,1022.6,1028.3,1017.6
3,2022-11-11,238,1026.8,1028.6,1023.1
3,2022-11-12,198,1016.5,1023.5,1007.5
3,2022-11-13,283,1004.6,1013.5,997.3
3,2022-11-14,291,1012.8,1013.9,1011.4
3,2022-11-15,257,1008.9,1010.9,1008.0
3,2022-11-16,294,1014.7,1021.0,1009.8
3,2022-11-17,295,1024.0,1025.9,1020.8
3,2022-11-18,224,1021.8,1025.7,1019.3
3,2022-11-19,57,1025.9,1027.4,1024.0
3,2022-11-20,158,1022.1,1026.6,1019.2
3,2022-11-21,253,1015.6,1019.3,1013.5
3,2022-11-22,305,1022.5,1024.5,1019.6
3,2022-11-23,114,1017.2,1024.0,1012.2
3,2022-11-24,327,1015.9,1020.5,1012.4
3,2022-11-25,203,1015.8,1020.7,1008.4
3,2022-11-26,260,1008.7,1016.5,1005.5
3,2022-11-27,291,1021.9,1026.5,1017.3
3,2022-11-28,186,1020.4,1026.5,1012.0
3,2022-11-29,261,1006.0,1010.5,1002.1
3,2022-11-30,290,1014.9,1019.3,1008.9
3,2022-12-01,280,1018.9,1021.4,1017.4
3,2022-12-02,257,1024.7,1026.7,1022.3
3,2022-12-03,227,1016.2,1024.1,1013.1
3,2022-12-04,292,1019.2,1021.0,1016.0
3,2022-12-05,272,1019.4,1021.0,1017.2
3,2022-12-06,229,1012.7,1016.7,1010.9
3,2022-12-07,267,1013.3,1014.7,1011.7
3,2022-12-08,305,1017.8,1020.8,1014.5
3,2022-12-09,258,1018.0,1020.8,1016.8
3,2022-12-10,284,1015.8,1017.5,1014.0
3,2022-12-11,309,1017.5,1022.3,1013.9
3,2022-12-12,165,1018.5,1023.3,1008.6
3,2022-12-13,224,1002.9,1008.1,999.9
3,2022-12-14,284,1006.1,1010.3,999.7
3,2022-12-15,279,1010.7,1013.1,1008.8
3,2022-12-16,276,1016.9,1019.4,1013.3
3,2022-12-17,246,1007.3,1019.1,1000.7
3,2022-12-18,290,1005.2,1010.9,1001.3
3,2022-12-19,283,1014.4,1016.8,1011.3
3,2022-12-20,279,1017.4,1018.8,1015.8
3,2022-12-21,132,1014.0,1019.2,1005.6
3,2022-12-22,95,988.7,1004.4,983.0
3,2022-12-23,256,984.9,986.1,983.7
3,2022-12-24,329,995.8,1000.9,987.1
3,2022-12-25,316,1002.3,1006.5,999.8
3,2022-12-26,340,1012.7,1018.2,1007.6
3,2022-12-27,284,1019.9,1020.9,1018.3
3,2022-12-28,251,1015.2,1019.4,1012.4
3,2022-12-29,286,1016.6,1019.7,1012.8
3,2022-12-30,288,1019.9,1021.2,1017.7
3,2022-12-31,243,1017.4,1021.1,1014.2
3,2023-01-01,286,1013.0,1014.3,1011.4
3,2023-01-02,290,1013.8,1014.8,1013.2
3,2023-01-03,291,1012.0,1013.2,1010.9
3,2023-01-04,290,1014.6,1016.5,1011.7
3,2023-01-05,286,1016.7,1018.3,1015.2
3,2023-01-06,255,1015.4,1018.6,1012.9
3,2023-01-07,2,1014.3,1017.9,1012.1
3,2023-01-08,259,1017.8,1019.3,1016.1
3,2023-01-09,295,1011.6,1015.6,1010.4
3,2023-01-10,304,1017.7,1020.2,1013.5
3,2023-01-11,248,1018.1,1019.8,1016.9
3,2023-01-12,230,1020.6,1022.2,1018.7
3,2023-01-13,224,1011.6,1018.0,1007.1
3,2023-01-14,37,1010.4,1014.5,1007.1
3,2023-01-15,114,1012.4,1015.0,1009.3
3,2023-01-16,307,1015.2,1021.1,1009.8
3,2023-01-17,275,1020.4,1022.3,1017.0
3,2023-01-18,310,1020.1,1023.0,1016.5
3,2023-01-19,207,1017.8,1023.8,1013.2
3,2023-01-20,259,1007.8,1017.0,1001.0
3,2023-01-21,307,1022.4,1025.0,1018.7
3,2023-01-22,298,1023.7,1025.0,1022.6
3,2023-01-23,188,1011.4,1022.9,1003.0
3,2023-01-24,309,1002.2,1004.1,1000.2
3,2023-01-25,292,1007.3,1011.7,1003.6
3,2023-01-26,286,1011.9,1013.1,1010.6
3,2023-01-27,279,1005.6,1010.6,1002.6
3,2023-01-28,290,1006.1,1011.1,1003.0
3,2023-01-29,274,1012.7,1014.1,1010.8
3,2023-01-30,307,1011.4,1015.2,1008.9
3,2023-01-31,256,1014.7,1016.5,1012.1
3,2023-02-01,260,1004.2,1012.0,996.3
3,2023-02-02,294,1016.2,1019.3,1012.9
3,2023-02-03,287,1018.1,1019.2,1017.1
3,2023-02-04,282,1017.5,1020.8,1014.9
3,2023-02-05,242,1019.4,1021.5,1016.7
3,2023-02-06,284,1019.1,1022.1,1017.5
3,2023-02-07,314,1020.3,1022.0,1019.2
3,2023-02-08,300,1019.0,1022.9,1017.5
3,2023-02-09,305,1027.6,1030.0,1023.8
3,2023-02-10,141,1021.6,1028.2,1018.0
3,2023-02-11,194,1021.4,1023.1,1018.5
3,2023-02-12,282,1017.8,1019.4,1016.1
3,2023-02-13,351,1010.2,1015.5,1007.9
3,2023-02-14,348,1010.9,1018.7,1006.3
3,2023-02-15,322,1022.8,1026.6,1019.1
3,2023-02-16,261,1025.0,1026.4,1023.8
3,2023-02-17,242,1021.0,1024.0,1019.6
3,2023-02-18,247,1015.8,1020.9,1008.5
3,2023-02-19,274,1002.8,1007.8,998.0
3,2023-02-20,302,1012.1,1018.8,1006.3
3,2023-02-21,313,1023.2,1027.8,1018.9
3,2023-02-22,251,1024.5,1027.5,1021.1
3,2023-02-23,238,1016.8,1020.4,1015.7
3,2023-02-24,221,1016.7,1018.3,1015.2
3,2023-02-25,292,1019.2,1021.0,1017.0
3,2023-02-26,309,1025.4,1029.9,1020.2
3,2023-02-27,245,1024.1,1028.8,1021.2
3,2023-02-28,233,1015.5,1020.8,1012.2
3,2023-03-01,295,1013.3,1015.5,1010.6
3,2023-03-02,315,1015.6,1020.2,1010.6
3,2023-03-03,242,1021.3,1023.3,1019.8
3,2023-03-04,292,1026.4,1028.4,1022.7
3,2023-03-05,232,1025.1,1028.3,1023.5
3,2023-03-06,229,1019.3,1023.5,1016.9
3,2023-03-07,227,1017.1,1018.3,1015.7
3,2023-03-08,243,1017.2,1022.6,1012.8
3,2023-03-09,137,1018.3,1022.6,1013.6
3,2023-03-10,267,1019.5,1026.8,1013.0
3,2023-03-11,36,1027.4,1028.8,1026.0
3,2023-03-12,140,1019.3,1026.6,1009.9
3,2023-03-13,230,1015.1,1022.3,1009.1
3,2023-03-14,271,1025.6,1028.2,1022.5
3,2023-03-15,158,1025.4,1028.5,1020.5
3,2023-03-16,244,1020.8,1023.2,1016.7
3,2023-03-17,258,1021.1,1023.1,1019.8
3,2023-03-18,249,1014.3,1019.6,1012.7
3,2023-03-19,248,1014.3,1016.1,1012.9
3,2023-03-20,236,1016.9,1017.9,1015.1
3,2023-03-21,183,1016.2,1017.6,1015.0
3,2023-03-22,152,1017.0,1018.8,1014.8
3,2023-03-23,242,1005.7,1013.7,999.6
3,2023-03-24,345,1014.7,1021.1,1004.3
3,2023-03-25,118,1019.8,1021.1,1018.5
3,2023-03-26,201,1011.4,1018.1,1007.9
3,2023-03-27,261,1019.9,1025.1,1013.0
3,2023-03-28,226,1024.9,1025.7,1023.9
3,2023-03-29,211,1022.6,1024.6,1021.5
3,2023-03-30,211,1018.1,1021.7,1015.3
3,2023-03-31,276,1015.3,1019.0,1013.0
3,2023-04-01,1,1020.2,1023.6,1017.3
3,2023-04-02,127,1023.5,1025.3,1022.2
3,2023-04-03,194,1024.3,1025.5,1023.5
3,2023-04-04,212,1021.4,1023.7,1019.9
3,2023-04-05,163,1018.0,1021.4,1013.9
3,2023-04-06,192,1008.6,1012.7,1005.9
3,2023-04-07,241,1004.0,1005.0,1002.6
3,2023-04-08,267,1004.1,1007.0,1001.5
3,2023-04-09,258,1013.0,1015.7,1007.7
3,2023-04-10,222,1013.1,1014.9,1012.2
3,2023-04-11,209,1008.2,1012.6,1002.5
3,2023-04-12,238,1008.8,1011.1,1005.0
3,2023-04-13,245,1011.6,1012.4,1010.4
3,2023-04-14,240,1012.8,1015.8,1008.5
3,2023-04-15,92,1004.3,1015.7,990.7
3,2023-04-16,250,994.2,1004.1,987.7
3,2023-04-17,294,1013.4,1018.6,1004.8
3,2023-04-18,219,1012.1,1018.0,1006.8
3,2023-04-19,249,1009.6,1010.9,1007.7
3,2023-04-20,235,1002.5,1008.4,999.1
3,2023-04-21,278,1006.2,1009.1,1003.7
3,2023-04-22,281,1013.4,1016.0,1009.3
3,2023-04-23,273,1016.7,1018.7,1014.1
3,2023-04-24,259,1020.6,1023.2,1017.8
3,2023-04-25,163,1016.9,1023.2,1006.0
3,2023-04-26,261,1004.8,1011.9,1001.5
3,2023-04-27,245,1017.3,1018.9,1012.6
3,2023-04-28,234,1017.2,1018.7,1014.5
3,2023-04-29,121,1006.1,1014.1,997.2
3,2023-04-30,237,1002.9,1007.8,997.7
3,2023-05-01,252,1011.2,1018.2,1007.1
3,2023-05-02,242,1021.7,1023.5,1019.3
3,2023-05-03,226,1018.5,1022.2,1016.0
3,2023-05-04,240,1012.6,1017.1,1011.1
3,2023-05-05,231,1007.7,1012.1,1003.0
3,2023-05-06,81,1009.7,1014.7,1003.7
3,2023-05-07,97,1014.1,1015.4,1011.9
3,2023-05-08,254,1011.8,1013.6,1009.4
3,2023-05-09,226,1013.1,1014.1,1011.3
3,2023-05-10,265,1015.6,1018.5,1013.4
3,2023-05-11,310,1020.1,1021.9,1018.2
3,2023-05-12,227,1020.9,1022.1,1020.1
3,2023-05-13,90,1018.1,1021.1,1016.2
3,2023-05-14,147,1013.8,1016.0,1012.1
3,2023-05-15,151,1012.4,1013.7,1011.5
3,2023-05-16,151,1011.8,1013.2,1010.3
3,2023-05-17,209,1009.3,1011.0,1007.0
3,2023-05-18,237,1011.3,1013.4,1009.4
3,2023-05-19,74,1013.4,1014.0,1012.4
3,2023-05-20,126,1011.8,1014.3,1006.7
3,2023-05-21,226,1003.3,1006.2,1002.3
3,2023-05-22,271,1004.9,1007.3,1002.6
3,2023-05-23,46,1007.9,1009.8,1006.1
3,2023-05-24,241,1014.2,1019.7,1009.8
3,2023-05-25,223,1021.0,1021.8,1020.0
3,2023-05-26,214,1020.6,1021.6,1019.8
3,2023-05-27,231,1019.2,1020.8,1016.3
3,2023-05-28,222,1011.2,1016.0,1009.4
3,2023-05-29,290,1007.8,1009.1,1006.6
3,2023-05-30,287,1008.9,1010.9,1006.4
3,2023-05-31,244,1010.4,1011.7,1008.9
3,2023-06-01,201,1007.0,1011.1,1003.5
3,2023-06-02,230,995.0,1002.7,990.5
3,2023-06-03,252,998.4,1001.1,994.6
3,2023-06-04,253,1002.0,1005.1,999.0
3,2023-06-05,241,1006.2,1007.3,1005.0
3,2023-06-06,249,1005.6,1006.6,1004.8
3,2023-06-07,224,1009.3,1012.6,1006.5
3,2023-06-08,112,1011.6,1012.9,1009.6
3,2023-06-09,124,1008.5,1010.3,1007.2
3,2023-06-10,118,1013.5,1015.1,1011.0
3,2023-06-11,111,1012.5,1014.9,1010.2
3,2023-06-12,120,1007.7,1010.7,1004.7
3,2023-06-13,127,1005.6,1007.8,1004.0
3,2023-06-14,99,1008.3,1009.5,1007.1
3,2023-06-15,102,1008.4,1009.6,1007.5
3,2023-06-16,239,1007.3,1008.3,1006.3
3,2023-06-17,245,1004.5,1007.2,1003.1
3,2023-06-18,343,1005.6,1007.2,1003.5
3,2023-06-19,15,1008.3,1010.9,1006.9
3,2023-06-20,218,1011.2,1012.7,1009.5
3,2023-06-21,119,1010.7,1012.6,1009.2
3,2023-06-22,131,1008.9,1009.6,1007.8
3,2023-06-23,96,1011.1,1014.0,1008.9
3,2023-06-24,91,1015.0,1016.5,1013.9
3,2023-06-25,139,1015.2,1016.1,1014.0
3,2023-06-26,129,1013.8,1015.5,1012.3
3,2023-06-27,162,1010.4,1012.8,1007.7
3,2023-06-28,222,1005.4,1007.3,1003.8
3,2023-06-29,204,1003.6,1004.1,1002.6
3,2023-06-30,200,998.1,1002.8,994.6
3,2023-07-01,258,1003.6,1007.0,1000.0
3,2023-07-02,86,1007.7,1008.8,1006.9
3,2023-07-03,37,1006.6,1007.6,1005.3
3,2023-07-04,109,1005.8,1007.0,1004.3
3,2023-07-05,142,1001.3,1004.7,997.7
3,2023-07-06,227,1000.8,1006.1,996.6
3,2023-07-07,239,1006.5,1007.3,1005.6
3,2023-07-08,85,1005.0,1006.5,1004.3
3,2023-07-09,180,1003.6,1004.4,1002.7
3,2023-07-10,241,1004.4,1005.3,1003.3
3,2023-07-11,221,1003.5,1005.0,1002.5
3,2023-07-12,231,1000.7,1002.2,999.7
3,2023-07-13,256,1004.4,1006.7,1001.4
3,2023-07-14,174,1006.2,1007.8,1003.5
3,2023-07-15,187,1002.5,1005.2,999.8
3,2023-07-16,222,1008.7,1010.9,1006.0
3,2023-07-17,243,1010.6,1011.3,1009.5
3,2023-07-18,279,1009.1,1011.1,1007.8
3,2023-07-19,74,1006.4,1008.4,1004.9
3,2023-07-20,119,1011.5,1015.4,1008.4
3,2023-07-21,128,1017.4,1018.6,1016.0
3,2023-07-22,144,1017.4,1018.9,1015.7
3,2023-07-23,194,1013.5,1015.4,1012.3
3,2023-07-24,211,1012.2,1012.9,1011.4
3,2023-07-25,235,1012.8,1013.8,1011.7
3,2023-07-26,242,1012.9,1014.0,1012.2
3,2023-07-27,233,1012.4,1013.2,1011.0
3,2023-07-28,229,1013.4,1014.4,1011.9
3,2023-07-29,232,1013.2,1014.2,1012.7
3,2023-07-30,240,1011.0,1012.9,1009.1
3,2023-07-31,237,1010.3,1011.3,1009.2
3,2023-08-01,230,1009.6,1010.9,1008.6
3,2023-08-02,224,1008.1,1008.9,1007.5
3,2023-08-03,220,1005.9,1007.5,1005.0
3,2023-08-04,229,1003.4,1004.7,1002.7
3,2023-08-05,225,1001.8,1002.7,1001.0
3,2023-08-06,51,1002.8,1005.0,1001.0
3,2023-08-07,100,1008.1,1009.4,1006.1
3,2023-08-08,130,1009.6,1010.3,1008.5
3,2023-08-09,126,1010.7,1011.5,1009.9
3,2023-08-10,158,1009.6,1010.9,1009.1
3,2023-08-11,84,1008.9,1010.0,1008.1
3,2023-08-12,90,1007.3,1008.3,1006.5
3,2023-08-13,99,1009.3,1010.5,1007.9
3,2023-08-14,95,1010.9,1011.8,1010.0
3,2023-08-15,106,1008.5,1011.5,1006.3
3,2023-08-16,144,1004.0,1006.4,1002.9
3,2023-08-17,226,1007.5,1010.2,1004.4
3,2023-08-18,121,1011.2,1012.5,1009.7
3,2023-08-19,135,1011.8,1013.1,1011.0
3,2023-08-20,256,1011.5,1012.2,1010.4
3,2023-08-21,95,1011.0,1012.0,1009.8
3,2023-08-22,112,1010.2,1011.0,1009.2
3,2023-08-23,20,1010.7,1011.2,1010.0
3,2023-08-24,3,1010.6,1011.7,1010.1
3,2023-08-25,212,1009.4,1010.0,1008.7
3,2023-08-26,316,1009.9,1011.2,1008.8
3,2023-08-27,19,1008.8,1010.3,1007.6
3,2023-08-28,24,1009.9,1013.8,1006.8
3,2023-08-29,119,1014.8,1016.0,1013.2
3,2023-08-30,133,1015.5,1016.8,1014.2
3,2023-08-31,193,1013.1,1014.2,1011.6
3,2023-09-01,229,1011.0,1011.9,1010.0
3,2023-09-02,242,1013.5,1015.8,1011.4
3,2023-09-03,117,1015.4,1016.6,1014.5
3,2023-09-04,127,1012.6,1015.0,1009.9
3,2023-09-05,99,1008.8,1010.3,1007.4
3,2023-09-06,337,1007.2,1010.2,1005.4
3,2023-09-07,41,1014.6,1016.6,1011.6
3,2023-09-08,142,1013.6,1016.7,1011.0
3,2023-09-09,51,1009.7,1011.7,1007.9
3,2023-09-10,112,1012.4,1013.4,1011.4
3,2023-09-11,145,1011.4,1013.1,1010.6
3,2023-09-12,204,1011.5,1013.9,1010.2
3,2023-09-13,46,1013.6,1014.7,1012.3
3,2023-09-14,6,1011.5,1015.1,1008.2
3,2023-09-15,143,1015.3,1016.5,1013.8
3,2023-09-16,286,1014.1,1015.3,1012.5
3,2023-09-17,181,1011.7,1014.9,1009.6
3,2023-09-18,230,1011.5,1013.1,1009.4
3,2023-09-19,227,1008.8,1011.3,1007.4
3,2023-09-20,301,1012.3,1014.4,1008.9
3,2023-09-21,44,1008.3,1014.4,1004.3
3,2023-09-22,259,1013.7,1016.0,1011.0
3,2023-09-23,317,1018.4,1022.1,1015.5
3,2023-09-24,46,1022.6,1023.3,1021.9
3,2023-09-25,154,1018.4,1022.1,1015.3
3,2023-09-26,318,1013.6,1015.4,1012.3
3,2023-09-27,118,1011.9,1012.9,1008.9
3,2023-09-28,334,1006.2,1009.1,1001.3
3,2023-09-29,276,1011.8,1013.6,1009.5
3,2023-09-30,181,1007.0,1012.8,1003.9
3,2023-10-01,246,1005.4,1008.0,1003.6
3,2023-10-02,264,1009.9,1013.5,1007.8
3,2023-10-03,266,1015.8,1017.6,1013.7
3,2023-10-04,162,1007.0,1015.7,996.6
3,2023-10-05,264,993.2,995.7,991.3
3,2023-10-06,295,1002.3,1011.9,994.0
3,2023-10-07,341,1019.3,1025.9,1013.0
3,2023-10-08,82,1026.2,1027.2,1024.4
3,2023-10-09,130,1016.8,1023.8,1010.7
3,2023-10-10,1,1012.2,1018.9,1008.1
3,2023-10-11,287,1020.6,1021.6,1019.2
3,2023-10-12,240,1017.6,1021.3,1014.7
3,2023-10-13,247,1011.2,1014.7,1009.0
3,2023-10-14,249,1008.3,1009.2,1007.2
3,2023-10-15,152,1003.1,1007.2,1001.6
3,2023-10-16,277,1006.0,1008.4,1003.2
3,2023-10-17,279,1013.6,1019.6,1007.4
3,2023-10-18,228,1017.2,1019.7,1013.4
3,2023-10-19,234,1010.5,1013.2,1005.6
3,2023-10-20,327,1002.2,1007.1,996.7
3,2023-10-21,263,1010.9,1016.3,1006.4
3,2023-10-22,252,1015.7,1020.5,1013.7
3,2023-10-23,274,1021.5,1022.5,1019.3
3,2023-10-24,203,1018.9,1022.6,1016.5
3,2023-10-25,273,1015.0,1016.7,1014.0
3,2023-10-26,206,1011.7,1013.9,1010.2
3,2023-10-27,226,1010.3,1011.7,1009.1
3,2023-10-28,43,1012.8,1016.0,1010.4
3,2023-10-29,49,1018.5,1020.9,1016.4
3,2023-10-30,233,1021.5,1022.8,1019.8
3,2023-10-31,216,1019.9,1022.6,1017.4
3,2023-11-01,233,1013.2,1016.9,1010.4
3,2023-11-02,201,1016.3,1017.9,1013.4
3,2023-11-03,242,1015.1,1020.9,1011.5
3,2023-11-04,318,1026.2,1031.0,1021.3
3,2023-11-05,132,1026.3,1031.4,1017.2
3,2023-11-06,190,1006.6,1016.0,1000.5
3,2023-11-07,256,1009.3,1020.6,1000.3
3,2023-11-08,256,1024.6,1026.7,1021.2
3,2023-11-09,178,1020.0,1026.3,1014.4
3,2023-11-10,273,1012.5,1017.2,1009.2
3,2023-11-11,287,1019.8,1021.5,1017.5
3,2023-11-12,290,1014.9,1019.1,1011.8
3,2023-11-13,295,1011.8,1016.2,1009.7
3,2023-11-14,288,1021.4,1025.3,1016.8
3,2023-11-15,203,1026.1,1027.6,1024.1
3,2023-11-16,130,1022.6,1028.0,1013.7
3,2023-11-17,175,998.3,1012.6,993.2
3,2023-11-18,242,995.0,1001.7,993.1
3,2023-11-19,263,1003.1,1004.7,1001.9
3,2023-11-20,290,1012.9,1019.1,1004.7
3,2023-11-21,247,1016.7,1019.0,1015.4
3,2023-11-22,213,1013.5,1016.9,1009.8
3,2023-11-23,232,1004.1,1009.5,1001.6
3,2023-11-24,304,1010.5,1019.2,1003.2
3,2023-11-25,301,1023.4,1024.8,1019.7
3,2023-11-26,264,1019.6,1024.2,1017.4
3,2023-11-27,173,1009.0,1017.6,1002.0
3,2023-11-28,269,1004.7,1011.4,999.6
3,2023-11-29,289,1011.7,1013.1,1010.1
3,2023-11-30,300,1013.1,1014.7,1010.8
3,2023-12-01,289,1014.7,1018.0,1011.9
3,2023-12-02,237,1017.9,1018.6,1016.7
3,2023-12-03,322,1019.0,1021.4,1016.3
3,2023-12-04,212,1019.0,1021.7,1016.6
3,2023-12-05,229,1016.3,1018.5,1014.1
3,2023-12-06,177,1007.8,1013.6,999.7
3,2023-12-07,258,1003.3,1013.9,994.6
3,2023-12-08,227,1015.7,1017.3,1014.2
3,2023-12-09,261,1015.9,1022.3,1011.7
3,2023-12-10,282,1023.8,1027.0,1021.3
3,2023-12-11,325,1023.4,1027.5,1015.2
3,2023-12-12,324,1016.8,1022.1,1013.3
3,2023-12-13,286,1025.5,1028.2,1022.2
3,2023-12-14,285,1025.2,1028.3,1021.5
3,2023-12-15,55,1012.1,1021.3,1007.2
3,2023-12-16,235,999.7,1007.2,995.0
3,2023-12-17,288,1011.5,1018.8,1003.1
3,2023-12-18,288,1022.9,1025.5,1019.3
3,2023-12-19,278,1019.6,1025.8,1014.8
3,2023-12-20,269,1012.7,1015.1,1010.8
3,2023-12-21,269,1013.3,1016.8,1009.8
3,2023-12-22,287,1018.4,1020.6,1015.9
3,2023-12-23,300,1025.3,1028.5,1020.9
3,2023-12-24,272,1024.1,1029.2,1021.4
3,2023-12-25,239,1020.0,1022.8,1018.8
3,2023-12-26,284,1016.9,1022.6,1012.2
3,2023-12-27,285,1025.7,1027.8,1022.9
3,2023-12-28,277,1021.7,1025.8,1020.4
3,2023-12-29,270,1020.1,1021.5,1018.9
3,2023-12-30,275,1016.8,1020.7,1008.7
3,2023-12-31,32,1009.7,1020.3,1003.6
3,2024-01-01,264,1022.7,1024.5,1019.9
3,2024-01-02,253,1014.4,1019.2,1012.1
3,2024-01-03,28,1014.3,1016.4,1012.3
3,2024-01-04,327,1017.4,1019.0,1014.7
3,2024-01-05,230,1011.4,1015.5,1010.1
3,2024-01-06,268,1009.4,1011.9,1007.8
3,2024-01-07,278,1007.6,1010.9,1006.2
3,2024-01-08,286,1016.2,1018.7,1012.0
3,2024-01-09,263,1010.3,1014.2,1008.1
3,2024-01-10,300,1015.6,1017.9,1011.7
3,2024-01-11,193,1009.1,1016.9,1001.9
3,2024-01-12,297,1005.8,1010.0,1002.9
3,2024-01-13,309,1015.3,1019.1,1010.5
3,2024-01-14,248,1008.5,1019.0,1003.2
3,2024-01-15,297,1009.0,1012.6,1006.1
3,2024-01-16,297,1018.8,1021.7,1013.4
3,2024-01-17,253,1017.4,1020.5,1015.6
3,2024-01-18,312,1020.9,1026.5,1016.4
3,2024-01-19,332,1029.5,1032.2,1027.0
3,2024-01-20,84,1031.1,1032.7,1028.8
3,2024-01-21,92,1024.1,1028.8,1020.1
3,2024-01-22,142,1010.7,1020.1,1002.5
3,2024-01-23,240,997.7,1002.3,991.4
3,2024-01-24,301,995.0,999.2,987.9
3,2024-01-25,298,1003.0,1007.4,999.7
3,2024-01-26,308,1012.0,1014.6,1008.2
3,2024-01-27,300,1016.7,1019.7,1014.2
3,2024-01-28,305,1022.4,1026.3,1019.1
3,2024-01-29,261,1026.6,1027.4,1025.9
3,2024-01-30,270,1027.3,1028.6,1025.0
3,2024-01-31,260,1015.9,1024.5,1011.6
3,2024-02-01,294,1018.4,1021.5,1014.1
3,2024-02-02,298,1022.1,1027.0,1019.5
3,2024-02-03,289,1023.9,1026.9,1021.4
3,2024-02-04,285,1022.9,1024.9,1020.9
3,2024-02-05,29,1022.1,1024.9,1020.6
3,2024-02-06,322,1018.5,1021.7,1015.9
3,2024-02-07,271,1014.1,1015.7,1012.8
3,2024-02-08,285,1015.8,1019.7,1012.5
3,2024-02-09,285,1019.5,1020.6,1018.4
3,2024-02-10,44,1014.6,1018.5,1012.1
3,2024-02-11,285,1018.6,1021.4,1016.3
3,2024-02-12,253,1023.2,1025.0,1021.6
3,2024-02-13,236,1017.7,1021.5,1015.6
3,2024-02-14,243,1015.6,1017.1,1013.6
3,2024-02-15,358,1010.2,1014.6,1005.9
3,2024-02-16,295,1022.6,1026.7,1016.0
3,2024-02-17,178,1027.2,1028.3,1025.8
3,2024-02-18,209,1023.8,1027.2,1019.8
3,2024-02-19,226,1010.8,1018.8,1004.1
3,2024-02-20,298,1024.1,1027.5,1016.2
3,2024-02-21,301,1023.1,1026.8,1021.7
3,2024-02-22,302,1023.7,1025.2,1021.5
3,2024-02-23,318,1025.2,1027.7,1023.0
3,2024-02-24,307,1027.5,1028.3,1026.5
3,2024-02-25,77,1022.3,1026.7,1019.0
3,2024-02-26,7,1017.5,1020.2,1016.5
3,2024-02-27,355,1020.9,1023.1,1018.6
3,2024-02-28,329,1025.1,1026.6,1022.8
3,2024-02-29,223,1019.6,1026.6,1009.2
3,2024-03-01,241,1003.2,1007.9,1000.7
3,2024-03-02,271,1008.3,1011.9,1005.1
3,2024-03-03,267,1011.3,1014.5,1008.8
3,2024-03-04,292,1017.6,1021.7,1013.5
3,2024-03-05,254,1018.2,1021.9,1014.9
3,2024-03-06,357,1013.9,1015.9,1012.3
3,2024-03-07,304,1015.0,1015.9,1013.4
3,2024-03-08,48,1009.6,1012.8,1008.4
3,2024-03-09,332,1014.6,1019.7,1009.6
3,2024-03-10,272,1021.6,1023.4,1020.0
3,2024-03-11,229,1016.3,1021.0,1013.0
3,2024-03-12,354,1006.9,1012.9,1003.2
3,2024-03-13,302,1010.1,1012.7,1005.5
3,2024-03-14,244,1010.9,1012.8,1008.0
3,2024-03-15,304,1010.0,1019.1,1002.1
3,2024-03-16,256,1017.2,1019.8,1010.4
3,2024-03-17,243,998.5,1008.6,995.7
3,2024-03-18,297,1008.0,1013.4,998.9
3,2024-03-19,326,1011.1,1013.5,1007.6
3,2024-03-20,9,1006.0,1007.6,1004.6
3,2024-03-21,348,1011.5,1016.7,1008.1
3,2024-03-22,296,1019.4,1021.8,1017.0
3,2024-03-23,126,1019.9,1021.1,1018.5
3,2024-03-24,249,1018.4,1021.1,1017.2
3,2024-03-25,281,1017.3,1018.5,1015.6
3,2024-03-26,28,1016.8,1020.6,1014.1
3,2024-03-27,319,1023.3,1025.1,1021.1
3,2024-03-28,154,1016.7,1024.2,1003.8
3,2024-03-29,212,1000.9,1004.0,997.7
3,2024-03-30,247,1006.8,1009.3,1004.4
3,2024-03-31,255,1008.4,1010.3,1006.9
3,2024-04-01,275,1008.0,1012.9,1005.1
3,2024-04-02,269,1015.6,1017.2,1013.1
3,2024-04-03,71,1010.9,1016.0,1007.5
3,2024-04-04,286,1012.9,1018.3,1007.7
3,2024-04-05,253,1020.4,1022.1,1018.0
3,2024-04-06,181,1019.1,1022.3,1017.5
3,2024-04-07,215,1018.4,1019.5,1016.4
3,2024-04-08,31,1015.7,1019.3,1012.6
3,2024-04-09,318,1016.1,1023.6,1009.9
3,2024-04-10,243,1026.7,1028.7,1023.8
3,2024-04-11,194,1024.3,1027.7,1022.2
3,2024-04-12,69,1020.4,1022.4,1019.6
3,2024-04-13,176,1019.0,1020.8,1017.5
3,2024-04-14,210,1020.7,1021.9,1018.8
3,2024-04-15,142,1018.6,1021.9,1014.5
3,2024-04-16,135,1011.6,1014.4,1009.1
3,2024-04-17,186,1008.7,1010.1,1008.0
3,2024-04-18,279,1006.1,1008.2,1004.6
3,2024-04-19,305,1005.5,1008.9,1002.7
3,2024-04-20,300,1012.9,1015.8,1009.3
3,2024-04-21,349,1015.6,1017.0,1014.0
3,2024-04-22,56,1017.3,1020.2,1015.1
3,2024-04-23,118,1020.1,1021.6,1018.0
3,2024-04-24,141,1009.4,1017.2,1004.2
3,2024-04-25,236,1005.2,1010.1,1000.6
3,2024-04-26,225,1010.7,1012.1,1009.3
3,2024-04-27,175,1010.6,1012.3,1009.3
3,2024-04-28,254,1014.0,1016.2,1011.5
3,2024-04-29,65,1011.2,1016.1,1004.0
3,2024-04-30,322,1003.1,1007.8,999.7
3,2024-05-01,331,1012.7,1017.1,1008.1
3,2024-05-02,218,1015.8,1017.4,1013.5
3,2024-05-03,248,1014.9,1018.3,1011.5
3,2024-05-04,158,1018.9,1020.4,1017.1
3,2024-05-05,172,1016.5,1020.2,1013.8
3,2024-05-06,202,1009.9,1014.2,1006.1
3,2024-05-07,229,1004.1,1007.7,1001.6
3,2024-05-08,10,1011.7,1014.2,1008.2
3,2024-05-09,234,1013.3,1014.7,1011.2
3,2024-05-10,240,1016.9,1018.7,1013.9
3,2024-05-11,227,1015.4,1017.3,1011.9
3,2024-05-12,205,1008.7,1012.3,1005.2
3,2024-05-13,230,1009.9,1016.4,1005.0
3,2024-05-14,171,1016.9,1018.5,1015.5
3,2024-05-15,113,1012.0,1015.3,1008.4
3,2024-05-16,145,1002.4,1007.7,999.3
3,2024-05-17,237,1008.7,1015.2,1000.2
3,2024-05-18,218,1014.2,1016.3,1012.9
3,2024-05-19,232,1014.5,1016.4,1012.7
3,2024-05-20,216,1010.2,1012.3,1008.2
3,2024-05-21,248,1016.8,1019.9,1010.7
3,2024-05-22,214,1012.8,1019.6,1008.3
3,2024-05-23,222,1005.9,1008.0,1004.2
3,2024-05-24,318,1007.4,1013.4,1003.6
3,2024-05-25,260,1014.8,1015.9,1013.6
3,2024-05-26,222,1009.8,1014.9,1002.0
3,2024-05-27,221,1000.1,1004.7,996.6
3,2024-05-28,330,1003.4,1005.0,1001.1
3,2024-05-29,251,1009.2,1012.2,1003.5
3,2024-05-30,261,1012.9,1014.4,1011.7
3,2024-05-31,83,1010.2,1012.2,1009.4
3,2024-06-01,118,1011.8,1012.4,1011.3
3,2024-06-02,116,1011.9,1012.8,1010.7
3,2024-06-03,80,1014.0,1015.4,1012.9
3,2024-06-04,102,1016.7,1017.6,1015.7
3,2024-06-05,259,1018.2,1020.1,1016.1
3,2024-06-06,255,1019.4,1020.3,1018.4
3,2024-06-07,117,1017.2,1019.0,1016.2
3,2024-06-08,110,1014.4,1016.7,1012.7
3,2024-06-09,169,1010.3,1012.8,1008.9
3,2024-06-10,225,1007.7,1008.7,1006.1
3,2024-06-11,234,1007.6,1008.2,1006.4
3,2024-06-12,204,1004.6,1007.3,1002.9
3,2024-06-13,38,1004.1,1007.3,1001.9
3,2024-06-14,141,1008.9,1010.2,1007.4
3,2024-06-15,121,1005.2,1009.3,1001.1
3,2024-06-16,209,1001.5,1004.0,999.6
3,2024-06-17,232,1004.6,1006.2,1003.1
3,2024-06-18,236,1003.7,1007.1,1001.9
3,2024-06-19,249,1008.9,1010.4,1007.2
3,2024-06-20,208,1007.6,1009.6,1005.4
3,2024-06-21,48,1004.2,1005.0,1003.3
3,2024-06-22,31,1004.2,1005.2,1002.3
3,2024-06-23,105,999.4,1001.9,998.3
3,2024-06-24,201,1001.1,1003.0,998.0
3,2024-06-25,261,1005.8,1009.5,1003.1
3,2024-06-26,264,1012.1,1013.9,1009.8
3,2024-06-27,236,1011.3,1013.0,1010.4
3,2024-06-28,195,1009.2,1010.2,1008.4
3,2024-06-29,185,1008.0,1008.9,1006.6
3,2024-06-30,190,996.5,1006.0,988.0
3,2024-07-01,256,1000.3,1005.9,988.8
3,2024-07-02,248,1008.0,1009.8,1005.6
3,2024-07-03,232,1005.9,1009.5,1002.6
3,2024-07-04,238,1002.8,1004.3,1000.8
3,2024-07-05,200,1002.8,1004.6,1001.0
3,2024-07-06,215,1003.9,1004.8,1002.3
3,2024-07-07,222,1000.1,1002.3,999.2
3,2024-07-08,245,1001.2,1002.5,999.0
3,2024-07-09,241,1001.7,1004.7,999.1
3,2024-07-10,203,1000.4,1004.2,997.6
3,2024-07-11,207,1000.1,1001.6,998.3
3,2024-07-12,239,1003.8,1007.4,1001.4
3,2024-07-13,358,1011.5,1015.3,1007.7
3,2024-07-14,62,1015.1,1015.7,1014.5
3,2024-07-15,45,1015.8,1016.7,1014.9
3,2024-07-16,103,1014.1,1016.3,1012.2
3,2024-07-17,48,1010.7,1012.2,1009.8
3,2024-07-18,134,1009.1,1010.3,1007.8
3,2024-07-19,199,1006.7,1007.8,1005.6
3,2024-07-20,216,1007.9,1009.0,1006.6
3,2024-07-21,219,1005.6,1008.1,1003.7
3,2024-07-22,237,1004.2,1005.0,1003.1
3,2024-07-23,227,1000.9,1004.0,998.2
3,2024-07-24,241,1001.5,1005.9,996.4
3,2024-07-25,66,1008.8,1013.0,1006.1
3,2024-07-26,125,1016.8,1018.5,1013.6
3,2024-07-27,137,1015.0,1019.0,1009.7
3,2024-07-28,228,1005.7,1009.2,1002.0
3,2024-07-29,242,996.5,1001.2,994.7
3,2024-07-30,288,999.7,1003.0,997.3
3,2024-07-31,343,1005.2,1007.0,1003.1
3,2024-08-01,191,1006.4,1007.3,1005.7
3,2024-08-02,144,1006.5,1007.3,1005.4
3,2024-08-03,187,1007.2,1008.0,1006.2
3,2024-08-04,20,1008.2,1009.0,1007.2
3,2024-08-05,31,1008.3,1008.9,1007.1
3,2024-08-06,118,1007.4,1008.4,1006.3
3,2024-08-07,117,1004.4,1006.4,1002.9
3,2024-08-08,230,1003.4,1004.4,1001.9
3,2024-08-09,6,1004.1,1005.1,1003.1
3,2024-08-10,63,1005.6,1006.7,1004.6
3,2024-08-11,65,1005.0,1005.6,1004.2
3,2024-08-12,114,1004.2,1005.9,1002.9
3,2024-08-13,156,1006.7,1007.2,1006.2
3,2024-08-14,201,1006.7,1008.1,1005.4
3,2024-08-15,101,1008.9,1010.6,1007.2
3,2024-08-16,102,1010.4,1011.5,1009.6
3,2024-08-17,95,1009.4,1010.5,1008.6
3,2024-08-18,215,1010.7,1012.8,1008.8
3,2024-08-19,165,1012.8,1014.1,1011.7
3,2024-08-20,116,1014.2,1014.9,1013.7
3,2024-08-21,149,1012.7,1014.6,1010.8
3,2024-08-22,181,1008.2,1010.8,1006.4
3,2024-08-23,218,1006.9,1008.9,1005.4
3,2024-08-24,273,1010.7,1012.6,1008.8
3,2024-08-25,115,1011.7,1012.9,1010.0
3,2024-08-26,158,1009.8,1011.3,1007.7
3,2024-08-27,203,1007.9,1011.3,1005.6
3,2024-08-28,92,1012.5,1013.5,1011.3
3,2024-08-29,83,1011.2,1013.3,1009.3
3,2024-08-30,141,1004.3,1008.9,999.4
3,2024-08-31,224,1002.9,1008.4,998.1
3,2024-09-01,195,1007.5,1008.6,1006.3
3,2024-09-02,258,1008.6,1012.0,1006.5
3,2024-09-03,338,1012.8,1013.8,1011.5
3,2024-09-04,135,1011.6,1014.1,1009.1
3,2024-09-05,217,1005.4,1008.6,1003.2
3,2024-09-06,271,1011.9,1014.4,1008.5
3,2024-09-07,240,1013.5,1014.6,1012.3
3,2024-09-08,229,1014.0,1016.0,1012.3
3,2024-09-09,130,1017.5,1019.0,1016.1
3,2024-09-10,210,1014.9,1016.6,1013.7
3,2024-09-11,300,1015.9,1016.9,1014.8
3,2024-09-12,256,1012.7,1016.5,1009.3
3,2024-09-13,305,1009.3,1012.2,1006.9
3,2024-09-14,167,1007.8,1012.5,1002.6
3,2024-09-15,340,1014.5,1020.9,1007.5
3,2024-09-16,139,1017.9,1021.7,1014.2
3,2024-09-17,270,1012.9,1014.1,1012.0
3,2024-09-18,250,1013.2,1014.1,1012.4
3,2024-09-19,243,1012.4,1015.1,1007.8
3,2024-09-20,329,1011.2,1013.9,1007.1
3,2024-09-21,93,1013.0,1014.4,1010.8
3,2024-09-22,59,1012.3,1016.4,1009.1
3,2024-09-23,97,1019.5,1022.2,1016.8
3,2024-09-24,137,1022.1,1022.8,1021.6
3,2024-09-25,136,1018.7,1021.9,1016.0
3,2024-09-26,162,1013.5,1016.1,1011.9
3,2024-09-27,336,1014.4,1016.7,1012.1
3,2024-09-28,14,1019.0,1022.1,1016.2
3,2024-09-29,138,1021.9,1023.1,1020.0
3,2024-09-30,178,1014.3,1019.9,1010.9
3,2024-10-01,220,1007.5,1011.0,1004.8
3,2024-10-02,289,1015.4,1024.6,1006.5
3,2024-10-03,71,1022.2,1025.4,1019.3
3,2024-10-04,211,1016.9,1021.8,1013.2
3,2024-10-05,293,1022.4,1023.1,1021.2
3,2024-10-06,162,1018.0,1022.8,1013.2
3,2024-10-07,261,1011.1,1012.6,1009.8
3,2024-10-08,8,1014.8,1017.3,1012.4
3,2024-10-09,64,1017.8,1019.3,1016.1
3,2024-10-10,85,1017.3,1019.5,1016.1
3,2024-10-11,315,1018.3,1021.8,1015.5
3,2024-10-12,241,1022.0,1024.4,1020.6
3,2024-10-13,317,1026.0,1027.7,1023.1
3,2024-10-14,152,1024.9,1028.0,1022.0
3,2024-10-15,205,1016.9,1021.9,1012.1
3,2024-10-16,272,1021.4,1024.4,1017.3
3,2024-10-17,265,1024.9,1026.3,1022.8
3,2024-10-18,172,1014.9,1025.2,1001.0
3,2024-10-19,296,1015.0,1028.5,1001.8
3,2024-10-20,289,1032.1,1033.9,1029.0
3,2024-10-21,170,1029.0,1033.3,1026.0
3,2024-10-22,148,1019.8,1025.9,1012.5
3,2024-10-23,215,1008.2,1013.7,1004.3
3,2024-10-24,277,1019.9,1025.8,1014.6
3,2024-10-25,277,1025.4,1026.6,1024.0
3,2024-10-26,327,1020.5,1024.1,1016.7
3,2024-10-27,228,1008.9,1015.9,1005.0
3,2024-10-28,314,1015.0,1023.4,1007.1
3,2024-10-29,138,1021.2,1023.4,1017.5
3,2024-10-30,315,1017.9,1022.7,1015.3
3,2024-10-31,266,1023.6,1024.6,1022.0
3,2024-11-01,223,1019.5,1023.5,1016.3
3,2024-11-02,312,1014.7,1018.4,1012.1
3,2024-11-03,273,1019.4,1021.7,1016.0
3,2024-11-04,274,1013.8,1019.0,1010.6
3,2024-11-05,299,1019.3,1020.4,1017.9
3,2024-11-06,286,1016.0,1019.7,1014.3
3,2024-11-07,307,1024.8,1029.2,1020.1
3,2024-11-08,282,1026.3,1029.0,1024.9
3,2024-11-09,285,1027.7,1028.7,1026.6
3,2024-11-10,212,1020.3,1026.6,1015.8
3,2024-11-11,282,1016.4,1017.6,1014.5
3,2024-11-12,290,1014.8,1021.8,1010.9
3,2024-11-13,304,1024.6,1026.4,1022.3
3,2024-11-14,200,1022.2,1026.2,1018.4
3,2024-11-15,253,1020.6,1024.2,1016.0
3,2024-11-16,164,1017.0,1024.4,1009.9
3,2024-11-17,294,1013.8,1017.9,1008.2
3,2024-11-18,309,1020.4,1026.1,1016.2
3,2024-11-19,279,1025.8,1027.1,1023.9
3,2024-11-20,207,1018.9,1023.9,1015.6
3,2024-11-21,298,1013.3,1016.0,1010.4
3,2024-11-22,328,1010.4,1014.6,1009.0
3,2024-11-23,332,1019.4,1022.8,1015.3
3,2024-11-24,308,1025.3,1028.1,1022.3
3,2024-11-25,296,1028.7,1029.9,1027.3
3,2024-11-26,153,1013.8,1026.2,1005.4
3,2024-11-27,238,1002.8,1005.7,1001.2
3,2024-11-28,237,999.6,1003.8,994.6
3,2024-11-29,264,996.6,998.3,994.9
3,2024-11-30,281,1000.6,1008.4,996.2
3,2024-12-01,277,1014.4,1017.6,1009.1
3,2024-12-02,191,1013.5,1017.8,1010.0
3,2024-12-03,317,1013.8,1016.1,1010.9
3,2024-12-04,251,1010.0,1012.9,1005.1
3,2024-12-05,270,1005.1,1006.5,1003.0
3,2024-12-06,298,1005.6,1009.6,1002.5
3,2024-12-07,283,1006.9,1010.4,1005.0
3,2024-12-08,302,1009.8,1012.3,1005.9
3,2024-12-09,296,1012.9,1014.7,1011.0
3,2024-12-10,291,1012.1,1014.9,1009.2
3,2024-12-11,301,1011.0,1013.4,1007.5
3,2024-12-12,299,1013.2,1014.0,1012.3
3,2024-12-13,293,1009.9,1013.1,1008.4
3,2024-12-14,292,1008.5,1010.3,1005.8
3,2024-12-15,281,1004.8,1009.9,1001.5
3,2024-12-16,279,1013.0,1014.8,1010.4
3,2024-12-17,286,1014.6,1015.6,1013.3
3,2024-12-18,292,1016.7,1018.0,1015.0
3,2024-12-19,288,1016.0,1017.5,1015.3
3,2024-12-20,294,1015.7,1017.8,1010.8
3,2024-12-21,15,1004.8,1010.6,1002.3
3,2024-12-22,300,1003.6,1007.9,999.6
3,2024-12-23,283,1008.3,1011.3,1006.7
3,2024-12-24,296,1016.9,1022.4,1011.8
3,2024-12-25,222,1016.7,1023.4,1007.2
3,2024-12-26,281,1004.9,1008.2,1003.4
3,2024-12-27,292,1003.3,1005.0,1002.0
3,2024-12-28,291,1008.3,1010.3,1005.6
3,2024-12-29,302,1014.9,1018.3,1010.6
3,2024-12-30,239,1012.5,1018.8,1003.0
3,2024-12-31,319,1004.0,1011.4,998.9
3,2025-01-01,290,1013.1,1014.5,1011.8
3,2025-01-02,288,1014.9,1016.4,1013.6
3,2025-01-03,283,1016.0,1017.2,1015.3
3,2025-01-04,299,1018.5,1021.6,1016.1
3,2025-01-05,205,1019.4,1022.0,1014.4
3,2025-01-06,360,1007.6,1015.1,998.3
3,2025-01-07,332,999.3,1003.7,994.7
3,2025-01-08,275,1003.3,1004.2,1001.7
3,2025-01-09,245,1003.4,1004.7,1002.5
3,2025-01-10,2,1011.8,1019.0,1003.6
3,2025-01-11,14,1020.7,1022.2,1018.9
3,2025-01-12,152,1017.3,1022.1,1014.3
3,2025-01-13,238,1014.9,1016.3,1013.0
3,2025-01-14,265,1011.8,1013.1,1010.4
3,2025-01-15,299,1011.8,1015.3,1008.9
3,2025-01-16,307,1010.9,1015.9,1005.7
3,2025-01-17,304,1017.8,1022.1,1012.7
3,2025-01-18,287,1021.7,1023.1,1019.5
3,2025-01-19,208,1014.0,1019.1,1011.2
3,2025-01-20,360,1013.7,1017.8,1010.6
3,2025-01-21,106,1019.9,1021.3,1018.1
3,2025-01-22,190,1021.5,1022.6,1020.0
3,2025-01-23,207,1018.7,1022.6,1017.1
3,2025-01-24,231,1019.4,1021.8,1017.4
3,2025-01-25,50,1022.8,1023.9,1021.2
3,2025-01-26,11,1019.9,1024.0,1015.7
3,2025-01-27,354,1010.3,1015.6,1006.3
3,2025-01-28,224,1002.8,1006.3,998.3
3,2025-01-29,286,1002.6,1006.3,998.1
3,2025-01-30,287,1009.6,1013.8,1006.3
3,2025-01-31,283,1017.3,1019.3,1014.2
3,2025-02-01,275,1018.8,1019.6,1017.4
3,2025-02-02,270,1015.7,1018.8,1011.9
3,2025-02-03,148,1000.9,1011.3,992.3
3,2025-02-04,238,991.3,993.2,989.4
3,2025-02-05,248,990.5,995.0,988.7
3,2025-02-06,260,1000.1,1002.1,995.9
3,2025-02-07,254,999.3,1001.0,997.7
3,2025-02-08,317,1005.0,1009.0,1000.9
3,2025-02-09,300,1010.3,1011.8,1008.2
3,2025-02-10,302,1012.6,1014.9,1010.9
3,2025-02-11,287,1017.9,1020.4,1015.2
3,2025-02-12,230,1002.6,1015.8,992.3
3,2025-02-13,291,1004.6,1007.3,997.1
3,2025-02-14,293,1009.6,1015.4,1005.2
3,2025-02-15,260,1013.3,1015.8,1010.3
3,2025-02-16,228,1005.5,1009.6,1001.9
3,2025-02-17,290,1000.8,1005.3,998.2
3,2025-02-18,289,1005.9,1006.9,1004.5
3,2025-02-19,315,1011.0,1014.3,1006.9
3,2025-02-20,338,1015.8,1017.9,1014.4
3,2025-02-21,283,1017.4,1018.7,1016.1
3,2025-02-22,294,1016.4,1017.7,1014.4
3,2025-02-23,284,1016.2,1017.8,1015.3
3,2025-02-24,265,1017.2,1019.3,1015.1
3,2025-02-25,235,1013.7,1019.9,1005.9
3,2025-02-26,277,1011.2,1016.0,1006.1
3,2025-02-27,260,1017.6,1018.6,1016.4
3,2025-02-28,233,1014.9,1017.1,1013.5
3,2025-03-01,241,1014.7,1017.3,1011.7
3,2025-03-02,300,1015.7,1019.3,1011.8
3,2025-03-03,309,1023.7,1028.1,1019.2
3,2025-03-04,78,1027.4,1028.8,1024.7
3,2025-03-05,111,1017.5,1024.5,1011.9
3,2025-03-06,355,1014.1,1016.5,1012.5
3,2025-03-07,307,1022.2,1027.2,1017.0
3,2025-03-08,252,1026.8,1027.5,1026.0
3,2025-03-09,273,1026.6,1030.0,1024.9
3,2025-03-10,223,1027.2,1030.8,1023.0
3,2025-03-11,224,1018.9,1022.6,1017.8
3,2025-03-12,185,1012.9,1018.8,1007.2
3,2025-03-13,263,1010.6,1014.6,1007.3
3,2025-03-14,285,1018.9,1023.7,1014.6
3,2025-03-15,292,1023.9,1026.0,1020.9
3,2025-03-16,80,1006.8,1020.6,994.6
3,2025-03-17,354,1004.0,1012.0,994.6
3,2025-03-18,125,1014.3,1016.5,1012.5
3,2025-03-19,271,1013.6,1014.7,1011.6
3,2025-03-20,226,1011.2,1014.4,1005.5
3,2025-03-21,229,1000.1,1004.8,995.7
3,2025-03-22,262,999.6,1005.1,996.0
3,2025-03-23,275,1010.2,1012.9,1005.7
3,2025-03-24,195,1003.0,1011.8,999.1
3,2025-03-25,197,996.9,1000.2,990.0
3,2025-03-26,281,1006.4,1011.7,992.0
3,2025-03-27,113,1001.0,1009.2,996.8
3,2025-03-28,278,1004.2,1012.6,996.4
3,2025-03-29,232,1016.6,1019.4,1013.1
3,2025-03-30,257,1020.8,1026.0,1014.6
3,2025-03-31,240,1028.3,1030.1,1026.0
3,2025-04-01,138,1030.1,1031.4,1028.0
3,2025-04-02,82,1021.3,1028.2,1016.3
3,2025-04-03,160,1013.0,1016.0,1011.8
3,2025-04-04,317,1015.1,1018.3,1012.1
3,2025-04-05,252,1018.1,1019.2,1017.0
3,2025-04-06,159,1013.2,1016.9,1012.0
3,2025-04-07,250,1011.7,1012.4,1010.5
3,2025-04-08,269,1008.8,1011.2,1007.3
3,2025-04-09,240,1009.7,1010.9,1008.3
3,2025-04-10,110,1008.5,1010.4,1007.1
3,2025-04-11,58,1013.0,1017.0,1009.0
3,2025-04-12,105,1015.6,1017.3,1013.4
3,2025-04-13,123,1010.9,1013.9,1006.8
3,2025-04-14,149,1000.0,1006.3,996.4
3,2025-04-15,273,991.6,996.1,989.2
3,2025-04-16,259,999.8,1007.9,991.4
3,2025-04-17,268,1010.1,1013.3,1007.8
3,2025-04-18,196,1009.2,1013.4,1006.3
3,2025-04-19,230,1011.1,1013.5,1005.6
3,2025-04-20,255,1010.5,1014.8,1005.3
3,2025-04-21,304,1016.3,1018.3,1013.6
3,2025-04-22,118,1011.4,1017.4,1005.3
3,2025-04-23,60,1006.3,1007.7,1004.6
3,2025-04-24,130,1006.2,1008.1,1003.8
3,2025-04-25,239,1007.3,1010.1,1003.1
3,2025-04-26,251,1008.2,1009.3,1007.4
3,2025-04-27,287,1009.5,1012.3,1007.5
3,2025-04-28,103,1007.5,1012.9,999.7
3,2025-04-29,3,1003.3,1010.8,999.2
3,2025-04-30,265,1018.2,1022.9,1011.5
3,2025-05-01,133,1018.5,1022.6,1013.6
3,2025-05-02,151,1008.1,1013.3,1004.2
3,2025-05-03,242,1004.9,1006.8,1002.4
3,2025-05-04,238,1003.4,1006.5,1001.7
3,2025-05-05,245,1011.0,1013.1,1006.9
3,2025-05-06,79,1007.5,1011.6,1003.4
3,2025-05-07,241,1010.9,1018.1,1004.9
3,2025-05-08,237,1020.8,1022.4,1018.5
3,2025-05-09,132,1014.6,1021.7,1003.6
3,2025-05-10,204,994.6,1002.7,991.4
3,2025-05-11,249,1001.3,1006.8,994.2
3,2025-05-12,229,1009.3,1013.2,1006.6
3,2025-05-13,242,1016.7,1019.5,1013.7
3,2025-05-14,156,1019.5,1020.2,1018.9
3,2025-05-15,189,1017.5,1019.4,1016.4
3,2025-05-16,81,1016.3,1018.1,1012.5
3,2025-05-17,174,1003.6,1012.0,999.7
3,2025-05-18,229,1006.0,1010.5,1001.2
3,2025-05-19,210,1007.9,1010.4,1003.9
3,2025-05-20,242,1008.7,1011.2,1004.1
3,2025-05-21,96,1007.5,1010.8,1005.5
3,2025-05-22,28,1006.9,1012.3,1003.3
3,2025-05-23,72,1016.1,1018.1,1012.8
3,2025-05-24,120,1014.0,1017.9,1007.3
3,2025-05-25,112,1007.2,1011.0,1004.9
3,2025-05-26,255,1018.5,1022.7,1011.2
3,2025-05-27,166,1021.4,1023.0,1020.5
3,2025-05-28,173,1017.9,1020.4,1016.5
3,2025-05-29,217,1015.1,1016.5,1013.9
3,2025-05-30,96,1012.4,1014.6,1011.6
3,2025-05-31,86,1009.8,1013.6,1005.9
3,2025-06-01,241,1003.7,1005.9,1002.0
3,2025-06-02,249,1005.1,1006.3,1004.2
3,2025-06-03,97,999.2,1004.2,994.3
3,2025-06-04,243,997.8,1002.3,994.7
3,2025-06-05,241,1005.9,1008.6,1002.3
3,2025-06-06,220,1007.7,1009.4,1006.1
3,2025-06-07,230,1006.6,1007.7,1004.9
3,2025-06-08,235,1009.7,1012.4,1007.1
3,2025-06-09,166,1010.3,1012.0,1009.3
3,2025-06-10,65,1006.3,1009.4,1004.4
3,2025-06-11,247,1005.4,1010.0,1002.7
3,2025-06-12,256,1015.3,1018.7,1010.7
3,2025-06-13,152,1015.5,1018.5,1011.9
3,2025-06-14,35,1005.0,1011.4,1000.3
3,2025-06-15,48,1000.8,1002.6,998.7
3,2025-06-16,171,1001.3,1003.1,998.6
3,2025-06-17,239,1006.3,1009.6,1003.4
3,2025-06-18,239,1012.1,1014.5,1009.6
3,2025-06-19,124,1014.7,1015.7,1014.0
3,2025-06-20,85,1012.2,1015.2,1009.3
3,2025-06-21,210,1004.3,1009.0,1000.4
3,2025-06-22,227,1004.3,1007.3,1000.3
3,2025-06-23,221,1009.5,1012.5,1007.1
3,2025-06-24,219,1013.8,1015.1,1012.4
3,2025-06-25,96,1011.8,1014.5,1008.4
3,2025-06-26,234,1004.1,1008.2,1001.7
3,2025-06-27,249,1003.4,1006.2,1001.0
3,2025-06-28,233,1006.4,1007.7,1004.8
3,2025-06-29,233,1008.9,1010.4,1007.6
3,2025-06-30,211,1010.2,1011.1,1009.0
3,2025-07-01,223,1011.7,1012.9,1010.2
3,2025-07-02,188,1011.9,1012.9,1011.1
3,2025-07-03,220,1008.0,1010.8,1005.7
3,2025-07-04,222,1003.0,1005.9,1000.2
3,2025-07-05,227,1001.9,1002.7,1000.6
3,2025-07-06,241,1001.7,1003.7,1000.0
3,2025-07-07,207,1005.8,1008.5,1003.8
3,2025-07-08,77,1009.7,1012.1,1007.6
3,2025-07-09,62,1013.3,1015.8,1011.7
3,2025-07-10,120,1017.5,1018.9,1015.7
3,2025-07-11,118,1017.7,1019.5,1015.4
3,2025-07-12,133,1010.3,1015.0,1006.8
3,2025-07-13,129,1004.8,1006.2,1003.3
3,2025-07-14,119,1000.1,1003.0,996.9
3,2025-07-15,161,1005.3,1008.0,1001.4
3,2025-07-16,197,1011.8,1013.4,1008.8
3,2025-07-17,206,1013.4,1014.3,1012.6
3,2025-07-18,227,1014.1,1015.0,1013.4
3,2025-07-19,219,1014.1,1015.0,1013.5
3,2025-07-20,230,1013.9,1014.4,1013.0
3,2025-07-21,227,1012.6,1013.6,1011.7
3,2025-07-22,237,1011.1,1012.3,1010.2
3,2025-07-23,245,1010.3,1010.9,1009.3
3,2025-07-24,246,1010.1,1011.2,1008.7
3,2025-07-25,243,1010.4,1010.9,1009.4
3,2025-07-26,217,1008.2,1010.7,1005.2
3,2025-07-27,243,1004.1,1005.0,1003.3
3,2025-07-28,235,1002.7,1003.7,1001.6
3,2025-07-29,106,1004.2,1005.4,1003.0
3,2025-07-30,117,1006.2,1007.0,1005.2
3,2025-07-31,137,1006.5,1007.3,1005.8
3,2025-08-01,127,1004.1,1006.5,1002.0
3,2025-08-02,85,1001.3,1003.3,999.7
3,2025-08-03,135,1004.1,1005.2,1002.7
3,2025-08-04,154,1003.3,1005.1,999.9
3,2025-08-05,236,1001.8,1002.9,1000.5
3,2025-08-06,193,999.0,1002.6,994.5
3,2025-08-07,217,995.1,997.4,993.5
3,2025-08-08,240,1001.8,1005.9,997.7
3,2025-08-09,220,1006.2,1007.5,1005.1
3,2025-08-10,126,1003.0,1005.0,1001.8
3,2025-08-11,26,1005.3,1007.8,1003.1
3,2025-08-12,256,1012.1,1016.6,1007.9
3,2025-08-13,87,1017.0,1017.9,1016.3
3,2025-08-14,175,1012.9,1016.8,1009.4
3,2025-08-15,265,1012.2,1013.6,1010.3
3,2025-08-16,232,1012.4,1014.0,1010.4
3,2025-08-17,242,1009.5,1013.6,1006.4
3,2025-08-18,243,1012.8,1014.3,1009.5
3,2025-08-19,226,1007.0,1008.9,1006.4
3,2025-08-20,225,1005.9,1007.3,1004.7
3,2025-08-21,267,1009.4,1011.8,1006.9
3,2025-08-22,181,1009.2,1011.7,1006.2
3,2025-08-23,255,1008.6,1012.2,1005.4
3,2025-08-24,114,1013.6,1015.1,1012.2
3,2025-08-25,148,1013.1,1015.1,1010.4
3,2025-08-26,218,1006.0,1009.9,1002.6
3,2025-08-27,274,1008.0,1013.4,1002.6
3,2025-08-28,233,1014.0,1015.4,1013.1
3,2025-08-29,145,1012.0,1014.2,1009.2
3,2025-08-30,307,1011.9,1014.3,1008.9
3,2025-08-31,166,1012.2,1014.3,1009.5
3,2025-09-01,225,1006.4,1009.3,1004.5
3,2025-09-02,238,1005.3,1009.1,1003.5
3,2025-09-03,284,1012.6,1015.9,1009.3
3,2025-09-04,121,1013.4,1016.2,1010.0
3,2025-09-05,141,1008.4,1009.6,1007.3
3,2025-09-06,207,1007.3,1009.5,1004.1
3,2025-09-07,219,1004.6,1008.6,1002.1
3,2025-09-08,211,1010.6,1012.0,1008.7
3,2025-09-09,242,1012.4,1015.2,1010.8
3,2025-09-10,80,1015.4,1016.1,1014.8
3,2025-09-11,157,1017.8,1019.6,1015.6
3,2025-09-12,143,1018.2,1020.2,1014.7
3,2025-09-13,182,1004.8,1014.6,997.1
3,2025-09-14,293,1011.6,1014.7,1004.7
3,2025-09-15,236,1013.1,1014.9,1012.2
3,2025-09-16,229,1009.9,1013.4,1005.5
3,2025-09-17,278,1007.3,1008.8,1004.9
3,2025-09-18,330,1013.6,1019.1,1008.6
3,2025-09-19,19,1018.9,1020.2,1016.9
3,2025-09-20,175,1004.6,1017.1,994.2
3,2025-09-21,322,1013.4,1020.7,1004.3
3,2025-09-22,285,1022.1,1024.0,1020.4
3,2025-09-23,115,1023.3,1024.1,1022.5
3,2025-09-24,155,1019.4,1023.8,1013.9
3,2025-09-25,207,1012.2,1013.3,1010.0
3,2025-09-26,272,1013.0,1015.0,1011.5
3,2025-09-27,260,1014.9,1015.9,1013.7
3,2025-09-28,244,1009.2,1014.2,1003.0
3,2025-09-29,336,1005.6,1011.4,1002.3
3,2025-09-30,166,1012.8,1014.0,1010.8
3,2025-10-01,213,1012.6,1013.7,1011.4
3,2025-10-02,263,1016.6,1021.4,1013.2
3,2025-10-03,248,1021.8,1022.6,1020.3
3,2025-10-04,154,1016.5,1022.2,1013.3
3,2025-10-05,333,1011.1,1014.4,1009.8
3,2025-10-06,18,1019.9,1023.0,1015.4
3,2025-10-07,161,1017.7,1023.5,1012.6
3,2025-10-08,303,1014.5,1020.5,1010.2
3,2025-10-09,6,1020.3,1021.5,1019.4
3,2025-10-10,319,1021.5,1023.5,1019.5
3,2025-10-11,126,1018.4,1023.1,1013.5
3,2025-10-12,55,1011.8,1014.2,1010.4
3,2025-10-13,21,1018.1,1021.4,1014.6
3,2025-10-14,176,1021.2,1022.8,1019.8
3,2025-10-15,15,1023.3,1025.0,1021.9
3,2025-10-16,114,1020.2,1022.5,1018.5
3,2025-10-17,339,1021.3,1023.8,1017.4
3,2025-10-18,309,1014.8,1021.7,1010.8
3,2025-10-19,289,1021.3,1022.6,1019.5
3,2025-10-20,296,1023.2,1026.2,1020.5
3,2025-10-21,285,1027.4,1029.3,1024.8
3,2025-10-22,299,1029.5,1030.5,1027.9
3,2025-10-23,331,1028.9,1030.5,1027.5
3,2025-10-24,308,1028.0,1029.5,1027.3
3,2025-10-25,139,1023.1,1028.0,1018.8
3,2025-10-26,189,1007.1,1018.1,1000.7
3,2025-10-27,267,1006.6,1012.3,1001.4
3,2025-10-28,278,1018.6,1025.9,1013.0
3,2025-10-29,274,1028.7,1030.5,1026.0
3,2025-10-30,192,1025.9,1029.9,1024.0
3,2025-10-31,20,1012.5,1023.9,989.5
3,2025-11-01,274,999.0,1004.2,990.4
3,2025-11-02,327,1009.9,1015.7,1005.8
3,2025-11-03,350,1023.0,1028.5,1016.2
3,2025-11-04,224,1025.7,1028.4,1024.5
3,2025-11-05,242,1023.5,1025.1,1022.0
3,2025-11-06,282,1016.5,1021.4,1014.8
3,2025-11-07,311,1020.9,1028.1,1014.8
3,2025-11-08,237,1025.0,1028.6,1018.0
3,2025-11-09,231,1005.3,1016.9,1000.0
3,2025-11-10,291,1005.2,1010.5,999.6
3,2025-11-11,294,1015.8,1021.9,1010.6
3,2025-11-12,244,1018.0,1021.9,1011.2
3,2025-11-13,260,1009.3,1013.7,1006.1
3,2025-11-14,295,1017.8,1022.4,1013.6
3,2025-11-15,279,1025.8,1029.0,1022.8
3,2025-11-16,198,1020.6,1029.1,1007.1
3,2025-11-17,285,1008.7,1009.8,1006.5
3,2025-11-18,297,1011.5,1016.5,1008.1
3,2025-11-19,270,1019.0,1020.3,1016.5
3,2025-11-20,218,1013.6,1019.9,1009.5
3,2025-11-21,282,1014.3,1020.1,1010.6
3,2025-11-22,252,1021.2,1022.4,1019.7
3,2025-11-23,209,1018.4,1021.0,1016.5
3,2025-11-24,240,1014.0,1016.5,1012.5
3,2025-11-25,68,1011.3,1015.5,1009.9
3,2025-11-26,341,1020.2,1022.7,1016.3
3,2025-11-27,171,1010.2,1022.1,999.3
3,2025-11-28,275,1006.2,1015.1,998.6
3,2025-11-29,253,1015.8,1017.6,1013.1
3,2025-11-30,212,1012.9,1015.3,1008.3
3,2025-12-01,257,1013.5,1018.0,1006.7
3,2025-12-02,241,1010.6,1016.9,1008.4
3,2025-12-03,328,1004.5,1009.6,1002.7
3,2025-12-04,281,1008.0,1009.9,1006.8
3,2025-12-05,266,1013.3,1018.2,1010.3
3,2025-12-06,206,1016.5,1018.8,1014.2
3,2025-12-07,229,1012.9,1014.5,1010.9
3,2025-12-08,271,1012.9,1018.2,1005.5
3,2025-12-09,286,1018.9,1021.0,1017.4
3,2025-12-10,240,1019.2,1022.1,1012.7
3,2025-12-11,294,1010.3,1017.5,1004.6
3,2025-12-12,303,1022.6,1025.3,1018.7
3,2025-12-13,253,1021.8,1025.6,1014.5
3,2025-12-14,32,1000.1,1013.8,992.7
3,2025-12-15,290,1012.4,1015.8,1003.7
3,2025-12-16,278,1015.4,1017.3,1012.0
3,2025-12-17,275,1016.7,1021.1,1014.8
3,2025-12-18,284,1024.6,1027.4,1022.3
3,2025-12-19,184,1023.5,1027.8,1019.6
3,2025-12-20,201,1014.9,1019.9,1009.8
3,2025-12-21,299,1016.1,1023.8,1009.0
3,2025-12-22,303,1029.3,1032.9,1025.1
3,2025-12-23,173,1024.3,1032.4,1017.2
3,2025-12-24,235,1011.5,1016.6,1008.0
3,2025-12-25,341,1001.0,1007.5,995.2
3,2025-12-26,297,1005.9,1013.9,999.1
3,2025-12-27,271,1014.2,1016.5,1013.0
3,2025-12-28,240,1018.9,1020.8,1016.7
3,2025-12-29,194,1012.5,1016.9,1009.8
3,2025-12-30,276,1011.3,1013.1,1008.3
3,2025-12-31,278,1010.7,1013.7,1008.8
3,2026-01-01,270,1007.4,1009.0,1005.8
3,2026-01-02,277,1007.8,1009.0,1006.6
3,2026-01-03,281,1009.3,1010.2,1008.1
3,2026-01-04,283,1008.5,1010.1,1007.3
3,2026-01-05,295,1008.7,1010.8,1007.0
3,2026-01-06,284,1014.8,1017.2,1011.5
3,2026-01-07,198,1007.1,1015.4,1004.3
3,2026-01-08,296,1009.2,1014.1,1004.5
3,2026-01-09,236,1014.5,1016.3,1012.1
3,2026-01-10,200,1000.7,1011.7,995.0
3,2026-01-11,273,996.6,1004.2,993.1
3,2026-01-12,268,1006.1,1008.1,1002.6
3,2026-01-13,260,998.6,1007.3,988.6
3,2026-01-14,279,1010.6,1013.1,1008.1
3,2026-01-15,271,1008.5,1013.1,1006.3
3,2026-01-16,282,1011.3,1013.6,1007.9
3,2026-01-17,285,1013.2,1018.7,1010.0
3,2026-01-18,271,1019.8,1021.1,1017.8
3,2026-01-19,254,1008.2,1017.5,1003.3
3,2026-01-20,283,1006.3,1007.9,1003.9
3,2026-01-21,277,1005.1,1007.1,1004.3
3,2026-01-22,286,1007.9,1012.0,1005.0
3,2026-01-23,276,1012.5,1013.6,1010.9
3,2026-01-24,290,1009.5,1011.8,1007.8
3,2026-01-25,305,1011.6,1017.2,1007.5
3,2026-01-26,278,1015.4,1017.6,1012.5
3,2026-01-27,258,1010.2,1012.6,1008.1
3,2026-01-28,247,1013.1,1014.0,1011.9
3,2026-01-29,255,1011.9,1013.4,1011.0
3,2026-01-30,312,1012.3,1013.2,1010.6
3,2026-01-31,268,1012.0,1013.5,1010.9
