location_id,city/town,latitude,longitude,elevation,utc_offset_seconds,timezone,timezone_abbreviation
0,Urakawa,42.21441,142.76317,28.0,0,GMT,GMT
1,Shizunai (Shinhidaka),42.355007,142.39001,0.0,0,GMT,GMT
2,Erimomisaki,42.003513,143.18777,0.0,0,GMT,GMT
3,Hidakamonbetsu,42.565903,142.09132,67.0,0,GMT,GMT

location_id,time,wind_direction_10m_dominant (°),surface_pressure_mean (hPa),surface_pressure_max (hPa),surface_pressure_min (hPa)
0,2021-01-01,322,1007.9,1011.0,1004.1
0,2021-01-02,340,1013.1,1015.4,1009.9
0,2021-01-03,314,1014.9,1016.8,1013.4
0,2021-01-04,320,1017.1,1018.3,1014.9
0,2021-01-05,339,1015.4,1017.8,1014.2
0,2021-01-06,22,1009.7,1015.4,1000.9
0,2021-01-07,12,990.7,1001.4,982.7
0,2021-01-08,325,1000.7,1003.4,997.1
0,2021-01-09,321,1003.8,1007.4,1000.8
0,2021-01-10,323,1011.0,1015.8,1006.8
0,2021-01-11,328,1018.3,1020.1,1015.7
0,2021-01-12,114,1009.2,1018.3,1003.8
0,2021-01-13,282,1005.6,1008.6,1002.4
0,2021-01-14,300,1013.2,1021.7,1003.6
0,2021-01-15,177,1013.6,1021.5,1000.5
0,2021-01-16,277,1004.3,1008.9,999.5
0,2021-01-17,29,1009.8,1011.3,1008.0
0,2021-01-18,13,1004.7,1011.3,997.8
0,2021-01-19,323,1013.5,1020.0,1002.7
0,2021-01-20,321,1020.7,1023.5,1017.5
0,2021-01-21,311,1013.3,1016.6,1010.7
0,2021-01-22,317,1015.6,1022.4,1009.8
0,2021-01-23,360,1023.9,1025.1,1021.8
0,2021-01-24,350,1021.9,1024.9,1020.0
0,2021-01-25,350,1024.3,1026.8,1020.7
0,2021-01-26,97,1017.8,1026.7,1004.0
0,2021-01-27,302,1008.6,1015.8,1002.8
0,2021-01-28,66,1006.1,1016.6,992.5
0,2021-01-29,304,991.7,994.4,990.1
0,2021-01-30,312,1006.8,1013.1,995.9
0,2021-01-31,309,1019.8,1023.0,1013.8
0,2021-02-01,200,1006.3,1021.3,995.0
0,2021-02-02,291,1000.7,1005.5,993.6
0,2021-02-03,304,1007.4,1009.3,1005.0
0,2021-02-04,310,1005.2,1009.5,1002.7
0,2021-02-05,299,1008.3,1010.6,1005.1
0,2021-02-06,306,1004.8,1005.8,1003.3
0,2021-02-07,324,1003.6,1005.2,1002.8
0,2021-02-08,319,1001.7,1004.0,999.9
0,2021-02-09,318,1006.5,1008.8,1003.4
0,2021-02-10,312,1007.6,1011.3,1005.2
0,2021-02-11,317,1017.5,1023.8,1011.4
0,2021-02-12,73,1025.8,1027.0,1023.8
0,2021-02-13,322,1020.2,1025.1,1016.8
0,2021-02-14,23,1012.2,1016.4,1005.9
0,2021-02-15,283,982.1,1004.0,966.5
0,2021-02-16,269,982.4,987.7,969.8
0,2021-02-17,280,987.9,989.1,986.5
0,2021-02-18,302,994.7,1001.7,988.4
0,2021-02-19,273,1001.0,1003.6,995.6
0,2021-02-20,272,995.9,1003.9,992.0
0,2021-02-21,300,1007.6,1009.6,1004.2
0,2021-02-22,348,1002.4,1009.3,997.6
0,2021-02-23,297,1003.9,1009.8,998.7
0,2021-02-24,314,1013.3,1018.7,1009.5
0,2021-02-25,315,1016.3,1018.2,1013.8
0,2021-02-26,303,1016.9,1022.9,1013.6
0,2021-02-27,320,1026.7,1028.6,1023.9
0,2021-02-28,304,1022.1,1026.8,1018.3
0,2021-03-01,60,1013.2,1017.9,1003.9
0,2021-03-02,337,1005.4,1019.7,997.2
0,2021-03-03,325,1027.2,1030.1,1021.2
0,2021-03-04,104,1024.4,1030.0,1020.0
0,2021-03-05,280,1013.9,1019.1,1009.3
0,2021-03-06,305,1019.9,1025.2,1012.0
0,2021-03-07,288,1022.3,1024.8,1020.7
0,2021-03-08,298,1021.8,1023.2,1019.0
0,2021-03-09,227,1015.3,1022.7,1006.7
0,2021-03-10,297,1015.8,1023.1,1006.2
0,2021-03-11,281,1020.5,1022.5,1019.3
0,2021-03-12,315,1020.8,1022.7,1018.6
0,2021-03-13,75,1013.2,1022.6,1002.8
0,2021-03-14,318,1002.6,1005.8,1000.0
0,2021-03-15,277,1005.4,1006.8,1004.5
0,2021-03-16,270,1000.2,1004.6,997.9
0,2021-03-17,289,1005.7,1010.7,1001.5
0,2021-03-18,301,1013.0,1016.6,1010.2
0,2021-03-19,288,1018.3,1022.5,1015.5
0,2021-03-20,119,1018.7,1022.6,1009.8
0,2021-03-21,59,996.8,1008.5,993.1
0,2021-03-22,272,1004.0,1011.8,995.6
0,2021-03-23,243,1013.8,1016.0,1012.2
0,2021-03-24,282,1017.6,1019.0,1016.3
0,2021-03-25,290,1012.2,1016.8,1008.9
0,2021-03-26,218,1012.4,1019.0,1008.4
0,2021-03-27,105,1018.4,1020.6,1014.7
0,2021-03-28,113,1006.9,1014.2,1000.9
0,2021-03-29,229,1000.2,1005.8,995.9
0,2021-03-30,298,1008.2,1010.2,1005.8
0,2021-03-31,297,1009.9,1014.8,1007.1
0,2021-04-01,299,1020.9,1027.6,1015.1
0,2021-04-02,131,1025.2,1028.4,1019.9
0,2021-04-03,125,1012.4,1019.0,1008.9
0,2021-04-04,20,1007.7,1011.0,1006.2
0,2021-04-05,268,1017.4,1021.2,1012.3
0,2021-04-06,163,1017.9,1021.5,1013.9
0,2021-04-07,215,1009.6,1013.9,1006.9
0,2021-04-08,296,1009.3,1010.9,1007.9
0,2021-04-09,282,1016.8,1024.5,1011.5
0,2021-04-10,292,1027.0,1029.9,1024.2
0,2021-04-11,296,1029.5,1030.4,1028.6
0,2021-04-12,120,1023.3,1028.8,1016.1
0,2021-04-13,192,1005.8,1014.2,1001.9
0,2021-04-14,291,1007.6,1013.8,1002.8
0,2021-04-15,283,1018.7,1024.3,1014.0
0,2021-04-16,121,1022.7,1024.5,1020.3
0,2021-04-17,122,1010.0,1019.0,994.5
0,2021-04-18,293,986.1,993.9,984.1
0,2021-04-19,272,999.1,1004.6,991.3
0,2021-04-20,281,1007.0,1011.2,1001.8
0,2021-04-21,294,1011.0,1013.3,1009.1
0,2021-04-22,32,1019.2,1021.6,1014.5
0,2021-04-23,166,1019.6,1020.9,1016.6
0,2021-04-24,243,1009.5,1015.6,1005.4
0,2021-04-25,292,1009.9,1016.0,1005.1
0,2021-04-26,290,1016.5,1018.0,1014.5
0,2021-04-27,285,1016.7,1018.1,1015.6
0,2021-04-28,157,1012.3,1015.6,1010.5
0,2021-04-29,52,1002.5,1010.2,985.6
0,2021-04-30,292,994.2,1001.5,987.7
0,2021-05-01,310,1000.9,1003.4,996.2
0,2021-05-02,284,997.1,1000.0,994.5
0,2021-05-03,294,1002.2,1006.2,998.6
0,2021-05-04,297,1011.8,1015.0,1006.3
0,2021-05-05,131,1008.5,1012.6,1005.4
0,2021-05-06,297,1011.4,1012.6,1010.2
0,2021-05-07,116,1003.7,1010.5,998.0
0,2021-05-08,280,999.6,1001.9,997.4
0,2021-05-09,234,996.4,997.6,994.6
0,2021-05-10,300,1003.1,1008.6,997.5
0,2021-05-11,252,1013.9,1020.6,1008.4
0,2021-05-12,122,1018.9,1020.6,1015.7
0,2021-05-13,129,1011.5,1015.2,1009.0
0,2021-05-14,243,1011.3,1015.6,1007.8
0,2021-05-15,122,1014.3,1016.3,1010.4
0,2021-05-16,109,1002.1,1009.3,995.0
0,2021-05-17,169,999.1,1005.7,993.8
0,2021-05-18,155,1009.4,1010.9,1007.0
0,2021-05-19,158,1009.3,1010.9,1008.0
0,2021-05-20,195,1010.4,1011.9,1008.2
0,2021-05-21,93,1003.2,1008.0,1001.0
0,2021-05-22,261,1002.6,1003.3,1001.8
0,2021-05-23,248,1003.2,1004.3,1001.5
0,2021-05-24,275,999.5,1001.4,997.3
0,2021-05-25,282,996.6,999.5,994.8
0,2021-05-26,276,1003.9,1007.1,999.7
0,2021-05-27,96,1000.3,1006.8,994.8
0,2021-05-28,121,1002.7,1005.7,999.0
0,2021-05-29,90,998.4,1000.7,995.2
0,2021-05-30,284,1002.7,1007.0,1000.1
0,2021-05-31,270,1011.0,1015.5,1006.4
0,2021-06-01,158,1016.0,1016.7,1015.2
0,2021-06-02,133,1014.7,1015.9,1013.8
0,2021-06-03,128,1010.1,1014.6,1004.3
0,2021-06-04,171,996.3,1002.7,994.1
0,2021-06-05,308,999.9,1002.5,997.2
0,2021-06-06,289,1004.5,1007.7,1002.3
0,2021-06-07,273,1008.1,1008.7,1007.6
0,2021-06-08,251,1009.0,1013.8,1006.4
0,2021-06-09,212,1014.2,1015.0,1013.1
0,2021-06-10,210,1014.7,1015.5,1013.9
0,2021-06-11,121,1014.2,1015.1,1013.0
0,2021-06-12,230,1009.9,1012.5,1008.8
0,2021-06-13,220,1006.1,1008.7,1004.9
0,2021-06-14,179,1004.6,1005.8,1003.0
0,2021-06-15,210,1006.9,1008.7,1005.4
0,2021-06-16,214,1008.5,1009.4,1007.4
0,2021-06-17,199,1005.9,1008.2,1003.7
0,2021-06-18,167,1003.2,1004.4,1002.4
0,2021-06-19,93,1000.3,1004.1,996.4
0,2021-06-20,37,998.7,1001.5,996.7
0,2021-06-21,222,1005.4,1008.7,1002.0
0,2021-06-22,192,1009.7,1010.9,1008.5
0,2021-06-23,129,1010.8,1011.5,1009.7
0,2021-06-24,118,1010.9,1011.5,1010.3
0,2021-06-25,249,1010.3,1011.2,1009.7
0,2021-06-26,246,1010.2,1011.3,1009.1
0,2021-06-27,176,1007.3,1009.6,1005.2
0,2021-06-28,207,1006.2,1007.6,1004.9
0,2021-06-29,156,1006.8,1008.6,1005.9
0,2021-06-30,148,1011.9,1014.2,1008.8
0,2021-07-01,120,1013.7,1014.4,1013.0
0,2021-07-02,176,1011.3,1013.2,1009.2
0,2021-07-03,224,1011.5,1014.2,1009.8
0,2021-07-04,128,1012.3,1014.8,1009.6
0,2021-07-05,89,1004.4,1009.0,1002.6
0,2021-07-06,134,1006.0,1007.6,1004.7
0,2021-07-07,180,1008.0,1008.9,1007.1
0,2021-07-08,154,1009.2,1010.0,1008.2
0,2021-07-09,148,1009.2,1010.1,1008.8
0,2021-07-10,151,1008.5,1009.3,1007.5
0,2021-07-11,138,1008.8,1009.5,1008.1
0,2021-07-12,156,1011.0,1012.9,1009.4
0,2021-07-13,185,1014.5,1016.5,1012.8
0,2021-07-14,201,1016.5,1018.3,1015.3
0,2021-07-15,184,1017.4,1018.0,1016.7
0,2021-07-16,253,1014.7,1017.3,1013.5
0,2021-07-17,278,1011.0,1012.6,1010.4
0,2021-07-18,282,1009.4,1011.1,1008.3
0,2021-07-19,255,1010.8,1011.3,1010.2
0,2021-07-20,228,1011.3,1013.0,1009.7
0,2021-07-21,174,1012.9,1013.8,1012.3
0,2021-07-22,132,1010.8,1012.4,1009.9
0,2021-07-23,147,1009.9,1010.8,1009.4
0,2021-07-24,139,1010.0,1010.6,1009.5
0,2021-07-25,153,1009.4,1010.4,1008.3
0,2021-07-26,193,1005.1,1008.6,1001.8
0,2021-07-27,82,1002.2,1003.9,1000.6
0,2021-07-28,111,1002.4,1003.1,1001.8
0,2021-07-29,124,1002.4,1003.1,1001.5
0,2021-07-30,153,1002.7,1003.4,1001.8
0,2021-07-31,179,1001.9,1003.4,1000.9
0,2021-08-01,92,1001.5,1005.2,999.9
0,2021-08-02,130,1006.7,1007.9,1005.3
0,2021-08-03,193,1007.4,1008.0,1007.0
0,2021-08-04,261,1005.3,1007.1,1004.3
0,2021-08-05,236,1003.7,1004.4,1002.8
0,2021-08-06,122,1004.7,1005.7,1003.6
0,2021-08-07,127,1004.8,1005.8,1003.6
0,2021-08-08,89,1003.4,1004.7,1001.3
0,2021-08-09,61,999.4,1003.0,991.3
0,2021-08-10,33,997.2,1007.8,989.0
0,2021-08-11,15,1012.5,1015.0,1009.3
0,2021-08-12,113,1013.9,1015.9,1012.9
0,2021-08-13,119,1013.5,1014.4,1012.5
0,2021-08-14,70,1011.5,1012.6,1010.7
0,2021-08-15,109,1015.2,1017.4,1013.3
0,2021-08-16,135,1017.2,1017.8,1016.4
0,2021-08-17,127,1015.2,1017.2,1012.0
0,2021-08-18,62,1007.1,1011.2,1005.2
0,2021-08-19,290,1012.2,1015.8,1008.9
0,2021-08-20,144,1015.9,1016.8,1015.2
0,2021-08-21,139,1014.1,1015.8,1012.4
0,2021-08-22,119,1009.7,1012.2,1007.4
0,2021-08-23,88,1008.6,1010.0,1006.8
0,2021-08-24,97,1009.4,1010.9,1006.9
0,2021-08-25,94,1005.1,1007.2,1004.5
0,2021-08-26,279,1005.2,1006.3,1004.5
0,2021-08-27,286,1006.2,1007.4,1004.9
0,2021-08-28,280,1004.4,1005.7,1003.4
0,2021-08-29,279,1006.9,1007.8,1005.7
0,2021-08-30,274,1006.4,1007.5,1005.4
0,2021-08-31,297,1007.4,1009.2,1005.1
0,2021-09-01,304,1007.8,1009.0,1006.9
0,2021-09-02,177,1009.6,1011.6,1008.4
0,2021-09-03,138,1013.7,1015.6,1011.8
0,2021-09-04,140,1017.6,1019.5,1015.4
0,2021-09-05,203,1018.9,1019.7,1018.2
0,2021-09-06,136,1017.4,1018.7,1016.3
0,2021-09-07,128,1015.8,1016.6,1014.8
0,2021-09-08,116,1012.3,1014.7,1009.3
0,2021-09-09,113,1008.8,1010.3,1007.2
0,2021-09-10,133,1011.0,1011.9,1010.3
0,2021-09-11,141,1008.7,1011.0,1006.1
0,2021-09-12,263,1003.3,1006.1,1002.1
0,2021-09-13,320,1012.8,1017.0,1005.4
0,2021-09-14,105,1016.8,1017.4,1016.1
0,2021-09-15,120,1017.9,1019.2,1016.4
0,2021-09-16,119,1017.6,1019.0,1016.2
0,2021-09-17,95,1012.5,1016.0,1008.1
0,2021-09-18,72,1006.1,1009.4,1003.6
0,2021-09-19,311,1010.8,1014.1,1008.1
0,2021-09-20,11,1015.1,1016.4,1013.6
0,2021-09-21,117,1011.2,1015.1,1007.2
0,2021-09-22,133,1005.3,1006.7,1004.3
0,2021-09-23,51,1007.8,1012.5,1005.8
0,2021-09-24,45,1019.9,1023.9,1014.3
0,2021-09-25,71,1023.9,1024.6,1023.4
0,2021-09-26,92,1021.2,1023.6,1019.7
0,2021-09-27,97,1019.2,1020.5,1018.2
0,2021-09-28,99,1016.9,1018.5,1015.7
0,2021-09-29,125,1011.2,1016.2,1005.8
0,2021-09-30,195,1003.8,1006.3,1001.6
0,2021-10-01,113,1004.4,1006.2,1001.9
0,2021-10-02,298,1006.2,1016.4,1000.7
0,2021-10-03,265,1017.4,1019.7,1015.6
0,2021-10-04,257,1014.4,1017.1,1013.0
0,2021-10-05,91,1015.8,1017.9,1014.1
0,2021-10-06,339,1017.0,1019.9,1014.2
0,2021-10-07,92,1016.5,1020.3,1012.7
0,2021-10-08,320,1020.0,1025.6,1015.7
0,2021-10-09,14,1024.8,1026.4,1021.8
0,2021-10-10,207,1011.7,1021.3,1004.7
0,2021-10-11,303,1015.7,1023.5,1008.1
0,2021-10-12,116,1026.3,1027.6,1024.1
0,2021-10-13,73,1023.0,1027.5,1018.1
0,2021-10-14,246,1012.0,1018.5,1008.0
0,2021-10-15,332,1012.5,1016.5,1007.6
0,2021-10-16,127,1008.0,1016.3,1001.4
0,2021-10-17,326,1013.3,1019.9,1006.8
0,2021-10-18,32,1020.9,1023.0,1019.0
0,2021-10-19,101,1008.3,1017.6,1000.3
0,2021-10-20,25,1000.5,1005.7,995.6
0,2021-10-21,306,1010.5,1015.2,1006.0
0,2021-10-22,344,1012.4,1015.0,1010.6
0,2021-10-23,324,1015.0,1018.3,1010.6
0,2021-10-24,304,1019.5,1022.5,1017.1
0,2021-10-25,49,1020.7,1022.7,1018.9
0,2021-10-26,67,1013.1,1018.4,1009.9
0,2021-10-27,296,1009.6,1011.6,1007.5
0,2021-10-28,290,1010.7,1015.2,1007.8
0,2021-10-29,328,1017.4,1021.6,1014.8
0,2021-10-30,57,1022.3,1023.5,1021.3
0,2021-10-31,352,1019.2,1021.8,1018.3
0,2021-11-01,87,1020.0,1021.7,1018.8
0,2021-11-02,74,1014.5,1019.3,1010.1
0,2021-11-03,23,1009.0,1010.9,1007.8
0,2021-11-04,43,1011.9,1015.1,1009.1
0,2021-11-05,72,1017.4,1019.8,1015.0
0,2021-11-06,46,1019.5,1020.4,1018.5
0,2021-11-07,337,1021.6,1024.3,1019.0
0,2021-11-08,107,1020.2,1024.4,1014.9
0,2021-11-09,112,999.6,1013.7,986.4
0,2021-11-10,247,992.9,995.4,988.1
0,2021-11-11,256,999.8,1002.6,995.4
0,2021-11-12,282,1003.3,1007.3,1000.8
0,2021-11-13,295,1011.1,1013.4,1007.2
0,2021-11-14,263,1008.6,1012.7,1006.7
0,2021-11-15,307,1012.1,1014.8,1009.0
0,2021-11-16,312,1014.1,1016.4,1011.9
0,2021-11-17,343,1016.6,1017.8,1015.1
0,2021-11-18,225,1011.1,1015.3,1009.7
0,2021-11-19,283,1008.7,1014.9,1004.7
0,2021-11-20,341,1018.0,1019.3,1015.8
0,2021-11-21,64,1017.8,1019.4,1013.9
0,2021-11-22,174,998.3,1014.2,991.2
0,2021-11-23,278,995.6,996.6,994.8
0,2021-11-24,297,999.5,1002.1,996.5
0,2021-11-25,300,1002.8,1005.7,1000.9
0,2021-11-26,306,1006.8,1009.2,1004.8
0,2021-11-27,317,1016.1,1022.7,1009.1
0,2021-11-28,341,1023.3,1024.6,1021.6
0,2021-11-29,265,1017.7,1021.1,1016.4
0,2021-11-30,147,1008.7,1018.5,993.3
0,2021-12-01,255,990.7,996.7,985.5
0,2021-12-02,264,1007.2,1012.1,997.3
0,2021-12-03,232,1004.6,1009.5,1002.0
0,2021-12-04,319,1011.6,1021.2,1005.7
0,2021-12-05,340,1025.1,1027.1,1021.5
0,2021-12-06,26,1023.7,1026.9,1022.2
0,2021-12-07,30,1021.5,1023.0,1020.6
0,2021-12-08,43,1025.5,1029.4,1022.0
0,2021-12-09,63,1028.0,1029.9,1025.9
0,2021-12-10,58,1021.1,1026.1,1016.9
0,2021-12-11,340,1013.7,1017.0,1011.0
0,2021-12-12,276,999.6,1010.7,994.1
0,2021-12-13,301,1004.4,1012.7,996.6
0,2021-12-14,298,1010.5,1012.5,1007.6
0,2021-12-15,311,1011.1,1014.9,1007.1
0,2021-12-16,8,1007.5,1015.0,998.0
0,2021-12-17,317,992.0,997.4,988.9
0,2021-12-18,325,1003.6,1006.3,998.6
0,2021-12-19,346,1006.2,1008.8,1004.1
0,2021-12-20,338,1007.4,1009.8,1002.9
0,2021-12-21,303,1001.8,1003.8,1000.2
0,2021-12-22,312,1007.6,1012.3,1003.9
0,2021-12-23,325,1014.5,1016.2,1012.3
0,2021-12-24,308,1011.7,1016.1,1006.8
0,2021-12-25,306,1002.0,1005.8,1000.6
0,2021-12-26,314,1002.6,1005.2,999.8
0,2021-12-27,332,1005.8,1009.4,1004.1
0,2021-12-28,323,1013.9,1016.6,1010.6
0,2021-12-29,71,1007.2,1016.2,1002.4
0,2021-12-30,322,1001.2,1003.1,1000.1
0,2021-12-31,321,1001.4,1004.8,998.7
0,2022-01-01,335,1011.7,1015.5,1006.3
0,2022-01-02,277,1006.1,1014.9,999.6
0,2022-01-03,305,1005.3,1006.8,1003.8
0,2022-01-04,309,1006.4,1010.7,1002.9
0,2022-01-05,307,1016.6,1019.9,1011.3
0,2022-01-06,20,1015.4,1020.1,1010.8
0,2022-01-07,32,1013.4,1016.1,1010.6
0,2022-01-08,281,1010.3,1015.9,1005.2
0,2022-01-09,329,1012.5,1016.9,1006.4
0,2022-01-10,1,1015.4,1017.6,1012.2
0,2022-01-11,55,993.3,1011.2,977.1
0,2022-01-12,282,981.1,987.2,975.5
0,2022-01-13,288,986.6,988.5,985.7
0,2022-01-14,296,994.8,1004.5,989.0
0,2022-01-15,309,1010.9,1013.9,1005.6
0,2022-01-16,102,1008.0,1013.6,1001.6
0,2022-01-17,308,1002.0,1003.0,1001.1
0,2022-01-18,333,1005.6,1012.0,1001.0
0,2022-01-19,52,1011.5,1012.7,1009.7
0,2022-01-20,24,1010.8,1012.3,1009.2
0,2022-01-21,308,1014.4,1017.5,1011.9
0,2022-01-22,330,1018.4,1019.3,1016.9
0,2022-01-23,11,1013.6,1018.1,1010.0
0,2022-01-24,332,1013.1,1016.6,1010.0
0,2022-01-25,356,1016.2,1016.8,1015.3
0,2022-01-26,91,1010.9,1015.6,1007.4
0,2022-01-27,342,1009.2,1010.5,1007.5
0,2022-01-28,2,1005.8,1009.5,1004.4
0,2022-01-29,307,1004.1,1005.9,1002.8
0,2022-01-30,331,1006.3,1007.4,1004.8
0,2022-01-31,315,1008.7,1010.9,1005.3
0,2022-02-01,307,1006.9,1010.7,1005.6
0,2022-02-02,323,1007.9,1009.1,1007.0
0,2022-02-03,311,1006.2,1007.1,1004.3
0,2022-02-04,319,1002.8,1006.4,1000.2
0,2022-02-05,328,1000.3,1002.9,998.0
0,2022-02-06,311,1005.5,1010.7,1001.6
0,2022-02-07,326,1014.0,1016.5,1010.9
0,2022-02-08,316,1016.1,1018.7,1014.2
0,2022-02-09,330,1019.9,1021.4,1017.3
0,2022-02-10,66,1020.0,1021.2,1018.8
0,2022-02-11,36,1020.5,1021.2,1019.2
0,2022-02-12,150,1017.8,1020.9,1015.1
0,2022-02-13,303,1016.1,1017.4,1014.9
0,2022-02-14,44,1016.6,1018.1,1014.7
0,2022-02-15,66,1009.9,1016.5,1003.3
0,2022-02-16,49,1003.4,1005.9,1001.7
0,2022-02-17,53,1009.9,1015.6,1005.5
0,2022-02-18,323,1019.2,1022.0,1016.2
0,2022-02-19,104,1013.1,1021.3,1000.3
0,2022-02-20,294,991.9,999.4,986.7
0,2022-02-21,292,996.0,1001.8,988.8
0,2022-02-22,296,1004.7,1009.0,1000.7
0,2022-02-23,309,1008.8,1009.9,1006.9
0,2022-02-24,288,1007.0,1009.0,1005.5
0,2022-02-25,290,1008.2,1009.8,1005.9
0,2022-02-26,258,1004.2,1009.4,1000.7
0,2022-02-27,294,1002.1,1007.5,996.4
0,2022-02-28,296,1010.4,1012.9,1007.0
0,2022-03-01,297,1003.5,1009.5,1001.0
0,2022-03-02,311,1003.5,1004.8,1001.5
0,2022-03-03,325,1004.3,1011.5,996.1
0,2022-03-04,319,1009.6,1011.7,1004.2
0,2022-03-05,188,994.9,1003.9,990.7
0,2022-03-06,299,993.3,1004.6,988.0
0,2022-03-07,319,1009.2,1011.6,1005.3
0,2022-03-08,316,1013.1,1016.7,1010.7
0,2022-03-09,300,1017.3,1018.8,1016.0
0,2022-03-10,334,1017.4,1018.8,1015.5
0,2022-03-11,272,1008.1,1014.9,1003.7
0,2022-03-12,296,1012.2,1017.2,1006.6
0,2022-03-13,113,1013.9,1017.2,1010.6
0,2022-03-14,126,1011.3,1013.6,1007.7
0,2022-03-15,61,1004.7,1010.6,999.3
0,2022-03-16,131,1011.7,1013.0,1010.3
0,2022-03-17,287,1014.7,1016.5,1012.7
0,2022-03-18,346,1010.9,1016.4,1000.8
0,2022-03-19,35,995.1,1000.1,990.6
0,2022-03-20,309,1007.9,1013.0,1001.5
0,2022-03-21,290,1015.0,1018.0,1011.3
0,2022-03-22,264,1015.7,1017.5,1014.7
0,2022-03-23,268,1014.4,1015.8,1013.1
0,2022-03-24,66,1014.7,1020.9,1011.6
0,2022-03-25,81,1021.1,1023.2,1017.3
0,2022-03-26,160,1000.1,1015.0,989.3
0,2022-03-27,277,1001.8,1006.8,996.9
0,2022-03-28,295,1017.2,1025.7,1007.9
0,2022-03-29,342,1021.5,1026.2,1016.3
0,2022-03-30,269,1014.9,1016.3,1013.9
0,2022-03-31,279,1014.3,1015.6,1013.6
0,2022-04-01,297,1017.5,1022.3,1013.4
0,2022-04-02,276,1023.0,1025.9,1020.7
0,2022-04-03,299,1026.4,1027.3,1025.0
0,2022-04-04,144,1023.2,1026.6,1020.2
0,2022-04-05,118,1015.5,1020.1,1011.0
0,2022-04-06,299,1013.0,1017.3,1009.0
0,2022-04-07,224,1011.4,1017.3,1006.8
0,2022-04-08,290,1012.3,1014.3,1008.9
0,2022-04-09,253,1009.4,1014.3,1006.6
0,2022-04-10,137,1013.9,1015.5,1011.7
0,2022-04-11,241,1010.0,1012.2,1008.2
0,2022-04-12,256,1006.1,1008.7,1004.0
0,2022-04-13,243,1015.4,1022.9,1008.3
0,2022-04-14,132,1020.6,1023.5,1016.4
0,2022-04-15,244,1011.9,1016.6,1007.8
0,2022-04-16,148,1008.2,1012.2,1005.2
0,2022-04-17,248,1013.8,1014.7,1012.4
0,2022-04-18,258,1011.3,1014.6,1009.3
0,2022-04-19,270,1013.6,1016.1,1010.9
0,2022-04-20,139,1014.9,1016.3,1013.5
0,2022-04-21,129,1011.9,1014.8,1007.2
0,2022-04-22,235,1002.0,1006.8,999.2
0,2022-04-23,292,1007.0,1013.0,1000.2
0,2022-04-24,79,1007.9,1012.8,1005.2
0,2022-04-25,276,1010.8,1012.8,1008.2
0,2022-04-26,127,999.1,1009.4,989.3
0,2022-04-27,275,1004.1,1012.6,992.9
0,2022-04-28,290,1014.7,1016.8,1012.4
0,2022-04-29,250,1011.7,1015.2,1009.6
0,2022-04-30,278,1010.7,1012.4,1008.3
0,2022-05-01,129,1007.1,1012.3,1003.7
0,2022-05-02,280,1004.8,1007.8,1003.2
0,2022-05-03,257,1009.1,1011.1,1006.7
0,2022-05-04,256,1012.5,1021.2,1003.5
0,2022-05-05,113,1019.0,1021.2,1017.0
0,2022-05-06,130,1015.4,1017.8,1013.7
0,2022-05-07,175,1008.5,1013.2,1005.1
0,2022-05-08,281,1009.7,1011.1,1008.0
0,2022-05-09,259,1012.0,1015.2,1009.0
0,2022-05-10,192,1016.6,1018.4,1015.0
0,2022-05-11,130,1015.7,1018.2,1013.8
0,2022-05-12,144,1011.5,1014.0,1009.2
0,2022-05-13,123,1004.4,1009.8,995.2
0,2022-05-14,264,998.1,1003.3,992.7
0,2022-05-15,273,1006.6,1010.2,1003.5
0,2022-05-16,137,1010.7,1011.6,1009.8
0,2022-05-17,130,1013.5,1015.4,1011.8
0,2022-05-18,172,1014.9,1016.2,1013.7
0,2022-05-19,160,1010.5,1013.2,1008.8
0,2022-05-20,300,1009.6,1011.0,1008.6
0,2022-05-21,138,1007.8,1009.6,1006.1
0,2022-05-22,137,1005.5,1006.6,1004.7
0,2022-05-23,247,1008.5,1011.3,1006.3
0,2022-05-24,276,1010.9,1011.7,1009.7
0,2022-05-25,134,1009.5,1011.5,1008.1
0,2022-05-26,119,1006.4,1008.2,1004.1
0,2022-05-27,126,997.2,1003.6,992.7
0,2022-05-28,286,992.2,993.8,990.8
0,2022-05-29,255,1000.5,1005.9,993.7
0,2022-05-30,177,1007.1,1008.6,1005.9
0,2022-05-31,95,1002.5,1006.3,999.6
0,2022-06-01,259,1004.1,1006.1,1001.7
0,2022-06-02,164,1005.2,1006.4,1004.3
0,2022-06-03,214,1007.5,1008.9,1006.1
0,2022-06-04,188,1008.4,1010.4,1007.0
0,2022-06-05,175,1011.3,1012.8,1009.9
0,2022-06-06,113,1006.4,1010.5,1003.1
0,2022-06-07,139,1006.3,1010.1,1003.6
0,2022-06-08,142,1013.0,1014.8,1010.6
0,2022-06-09,128,1015.4,1016.0,1014.3
0,2022-06-10,127,1015.9,1017.0,1015.0
0,2022-06-11,111,1011.7,1015.0,1009.1
0,2022-06-12,230,1007.2,1010.4,1005.9
0,2022-06-13,254,1015.2,1018.3,1011.4
0,2022-06-14,130,1017.2,1018.8,1015.5
0,2022-06-15,113,1009.5,1014.7,1004.2
0,2022-06-16,256,1002.7,1003.9,1001.9
0,2022-06-17,280,1004.7,1006.5,1003.1
0,2022-06-18,227,1005.1,1006.6,1003.1
0,2022-06-19,224,999.7,1003.3,997.1
0,2022-06-20,283,1000.0,1005.4,997.4
0,2022-06-21,153,1007.9,1010.5,1005.7
0,2022-06-22,156,1010.8,1011.6,1010.1
0,2022-06-23,119,1008.2,1011.5,1002.1
0,2022-06-24,169,996.4,1002.2,994.3
0,2022-06-25,277,1001.5,1005.3,997.1
0,2022-06-26,269,1005.1,1006.8,1004.1
0,2022-06-27,284,1004.4,1006.5,1002.1
0,2022-06-28,244,1001.9,1006.3,997.5
0,2022-06-29,276,1001.8,1006.4,998.4
0,2022-06-30,169,1010.7,1013.5,1007.3
0,2022-07-01,148,1012.6,1014.1,1011.1
0,2022-07-02,271,1008.3,1010.5,1006.7
0,2022-07-03,266,1004.5,1006.4,1003.3
0,2022-07-04,235,1005.1,1006.3,1004.3
0,2022-07-05,169,1007.2,1009.2,1005.9
0,2022-07-06,169,1010.4,1011.6,1008.9
0,2022-07-07,153,1010.3,1011.3,1008.8
0,2022-07-08,174,1007.8,1010.0,1006.2
0,2022-07-09,57,1003.6,1005.6,1001.5
0,2022-07-10,67,1004.1,1007.8,1002.2
0,2022-07-11,139,1008.3,1009.6,1007.6
0,2022-07-12,161,1007.9,1008.6,1007.0
0,2022-07-13,192,1006.8,1007.9,1006.0
0,2022-07-14,112,1005.6,1006.1,1004.7
0,2022-07-15,112,1006.0,1007.2,1005.2
0,2022-07-16,73,1004.0,1007.2,998.8
0,2022-07-17,26,997.7,999.4,996.8
0,2022-07-18,261,999.8,1001.5,998.0
0,2022-07-19,129,999.4,1001.4,997.5
0,2022-07-20,193,1000.8,1002.2,999.2
0,2022-07-21,155,1002.2,1003.0,1001.2
0,2022-07-22,78,1000.8,1002.7,997.8
0,2022-07-23,277,999.8,1002.0,997.3
0,2022-07-24,269,1004.6,1007.2,1002.3
0,2022-07-25,235,1007.9,1008.7,1006.7
0,2022-07-26,203,1008.4,1009.0,1007.7
0,2022-07-27,208,1009.2,1010.3,1008.4
0,2022-07-28,132,1012.3,1013.8,1010.5
0,2022-07-29,180,1013.0,1014.1,1012.4
0,2022-07-30,264,1009.1,1012.4,1006.5
0,2022-07-31,273,1007.2,1010.3,1005.0
0,2022-08-01,118,1008.7,1011.2,1003.0
0,2022-08-02,73,1006.6,1008.6,1004.5
0,2022-08-03,101,1007.4,1009.0,1005.7
0,2022-08-04,135,1008.5,1009.3,1007.4
0,2022-08-05,127,1008.4,1009.2,1007.4
0,2022-08-06,144,1009.3,1010.2,1008.1
0,2022-08-07,122,1008.5,1010.6,1006.5
0,2022-08-08,176,1002.7,1006.3,1000.3
0,2022-08-09,284,1001.4,1002.9,999.0
0,2022-08-10,139,1003.8,1005.2,1002.4
0,2022-08-11,133,1003.1,1005.0,1000.6
0,2022-08-12,138,1002.7,1004.1,1000.7
0,2022-08-13,92,1003.7,1004.4,1002.7
0,2022-08-14,296,1002.3,1003.4,1000.7
0,2022-08-15,153,999.4,1003.7,993.7
0,2022-08-16,251,994.0,1003.1,989.4
0,2022-08-17,121,1007.1,1009.1,1004.5
0,2022-08-18,46,999.0,1006.9,994.8
0,2022-08-19,300,997.3,998.2,995.7
0,2022-08-20,186,997.1,1000.2,995.4
0,2022-08-21,314,1004.3,1007.1,1000.9
0,2022-08-22,133,1004.8,1007.8,999.1
0,2022-08-23,272,998.7,1001.7,997.0
0,2022-08-24,305,1004.0,1005.4,1001.7
0,2022-08-25,142,1004.1,1005.1,1003.3
0,2022-08-26,135,1005.3,1006.7,1004.1
0,2022-08-27,100,1004.4,1007.0,1001.8
0,2022-08-28,273,1011.0,1015.3,1008.1
0,2022-08-29,12,1015.9,1017.2,1014.1
0,2022-08-30,114,1011.4,1014.0,1009.4
0,2022-08-31,99,1004.2,1009.9,1000.4
0,2022-09-01,169,1008.2,1011.4,1005.8
0,2022-09-02,306,1013.8,1015.9,1011.7
0,2022-09-03,356,1015.9,1016.7,1014.8
0,2022-09-04,116,1015.7,1016.3,1015.1
0,2022-09-05,124,1013.8,1016.1,1012.2
0,2022-09-06,143,1008.4,1012.1,1006.0
0,2022-09-07,303,1012.2,1014.6,1009.6
0,2022-09-08,296,1013.3,1015.0,1012.3
0,2022-09-09,317,1013.0,1016.5,1011.2
0,2022-09-10,330,1017.7,1019.0,1016.9
0,2022-09-11,129,1016.2,1017.7,1015.4
0,2022-09-12,123,1014.0,1016.0,1012.5
0,2022-09-13,293,1011.4,1014.8,1010.1
0,2022-09-14,60,1015.2,1016.5,1013.8
0,2022-09-15,102,1012.6,1014.3,1011.7
0,2022-09-16,91,1014.1,1015.1,1013.5
0,2022-09-17,109,1011.5,1013.9,1009.7
0,2022-09-18,111,1006.1,1009.9,1001.5
0,2022-09-19,167,993.2,1001.6,987.5
0,2022-09-20,316,1003.8,1011.1,993.2
0,2022-09-21,4,1016.9,1021.5,1011.9
0,2022-09-22,112,1020.2,1022.4,1017.1
0,2022-09-23,92,1009.6,1016.1,1005.7
0,2022-09-24,287,1007.1,1011.1,1004.2
0,2022-09-25,301,1012.6,1014.1,1010.7
0,2022-09-26,312,1012.7,1014.1,1011.5
0,2022-09-27,38,1012.5,1013.6,1011.5
0,2022-09-28,317,1007.4,1011.5,1005.3
0,2022-09-29,307,1009.7,1013.6,1006.1
0,2022-09-30,313,1013.7,1014.4,1013.0
0,2022-10-01,48,1014.5,1018.2,1012.5
0,2022-10-02,108,1020.5,1021.8,1018.5
0,2022-10-03,127,1013.4,1020.4,1004.7
0,2022-10-04,271,1002.2,1010.1,997.5
0,2022-10-05,315,1014.1,1017.4,1011.0
0,2022-10-06,335,1018.1,1019.7,1015.8
0,2022-10-07,33,1016.9,1019.6,1013.8
0,2022-10-08,39,1021.6,1026.7,1016.8
0,2022-10-09,103,1022.9,1027.0,1015.8
0,2022-10-10,88,1003.8,1013.6,1000.5
0,2022-10-11,271,1008.4,1017.1,1002.8
0,2022-10-12,327,1022.8,1026.3,1017.7
0,2022-10-13,64,1023.0,1026.4,1020.4
0,2022-10-14,102,1018.1,1020.4,1016.3
0,2022-10-15,109,1016.8,1018.3,1015.1
0,2022-10-16,118,1013.0,1018.7,1006.0
0,2022-10-17,292,1003.8,1007.9,1000.6
0,2022-10-18,313,1010.4,1014.1,1007.2
0,2022-10-19,319,1015.4,1017.7,1013.1
0,2022-10-20,294,1016.5,1019.1,1015.2
0,2022-10-21,260,1015.5,1019.1,1011.1
0,2022-10-22,270,1007.3,1010.6,1006.1
0,2022-10-23,308,1007.2,1009.4,1005.6
0,2022-10-24,36,1014.7,1021.1,1009.3
0,2022-10-25,49,1025.1,1028.1,1021.5
0,2022-10-26,26,1024.5,1028.3,1022.3
0,2022-10-27,17,1021.8,1022.8,1020.8
0,2022-10-28,110,1019.7,1022.4,1017.5
0,2022-10-29,319,1016.2,1018.2,1015.2
0,2022-10-30,343,1018.8,1023.1,1014.8
0,2022-10-31,70,1024.4,1025.8,1023.3
0,2022-11-01,163,1016.2,1023.6,1012.3
0,2022-11-02,296,1011.5,1013.0,1009.5
0,2022-11-03,326,1006.5,1008.9,1005.0
0,2022-11-04,321,1009.3,1012.1,1006.1
0,2022-11-05,302,1012.6,1015.3,1010.6
0,2022-11-06,330,1016.9,1020.2,1014.5
0,2022-11-07,9,1017.0,1019.8,1014.8
0,2022-11-08,355,1014.8,1018.9,1012.3
0,2022-11-09,278,1016.6,1018.6,1014.4
0,2022-11-10,306,1018.1,1024.8,1013.3
0,2022-11-11,353,1023.6,1025.3,1020.0
0,2022-11-12,322,1014.1,1020.2,1005.4
0,2022-11-13,269,999.3,1008.1,993.1
0,2022-11-14,337,1009.1,1010.8,1007.5
0,2022-11-15,43,1005.5,1008.6,1003.8
0,2022-11-16,311,1009.8,1016.2,1005.2
0,2022-11-17,328,1019.9,1023.0,1015.9
0,2022-11-18,114,1019.2,1022.8,1017.1
0,2022-11-19,67,1023.8,1026.1,1020.8
0,2022-11-20,120,1021.8,1026.0,1018.1
0,2022-11-21,230,1012.3,1017.3,1009.1
0,2022-11-22,315,1017.9,1020.7,1012.9
0,2022-11-23,78,1015.7,1021.1,1010.2
0,2022-11-24,29,1011.8,1016.1,1009.0
0,2022-11-25,191,1013.7,1016.5,1007.2
0,2022-11-26,271,1004.6,1011.0,1002.2
0,2022-11-27,326,1017.4,1021.9,1011.8
0,2022-11-28,58,1018.9,1021.9,1010.3
0,2022-11-29,243,1002.5,1009.6,999.1
0,2022-11-30,299,1009.4,1014.6,1003.9
0,2022-12-01,306,1014.5,1017.1,1013.0
0,2022-12-02,337,1020.7,1022.7,1017.4
0,2022-12-03,262,1012.1,1021.5,1007.9
0,2022-12-04,306,1013.7,1016.1,1009.4
0,2022-12-05,315,1015.2,1016.8,1013.7
0,2022-12-06,357,1009.2,1014.0,1006.7
0,2022-12-07,306,1009.0,1010.4,1007.2
0,2022-12-08,327,1013.1,1016.7,1009.3
0,2022-12-09,349,1014.3,1016.5,1012.9
0,2022-12-10,317,1011.8,1013.8,1010.2
0,2022-12-11,334,1013.5,1019.0,1009.7
0,2022-12-12,118,1017.7,1020.4,1008.7
0,2022-12-13,262,999.2,1008.4,995.2
0,2022-12-14,308,1000.3,1004.2,994.2
0,2022-12-15,292,1004.9,1007.5,1002.8
0,2022-12-16,311,1011.5,1015.3,1007.3
0,2022-12-17,288,1004.3,1015.2,995.0
0,2022-12-18,311,999.7,1006.2,994.6
0,2022-12-19,333,1010.0,1012.4,1006.7
0,2022-12-20,317,1012.5,1014.5,1010.8
0,2022-12-21,23,1012.2,1014.8,1005.5
0,2022-12-22,41,985.3,1004.1,974.4
0,2022-12-23,292,979.4,980.9,977.6
0,2022-12-24,319,989.8,995.1,982.2
0,2022-12-25,314,996.4,1001.3,993.8
0,2022-12-26,17,1007.8,1013.3,1002.4
0,2022-12-27,12,1016.1,1017.6,1013.9
0,2022-12-28,317,1011.2,1016.8,1007.8
0,2022-12-29,313,1010.9,1015.3,1006.7
0,2022-12-30,340,1015.5,1017.7,1013.5
0,2022-12-31,303,1013.0,1017.3,1008.9
0,2023-01-01,309,1007.4,1008.7,1006.0
0,2023-01-02,320,1008.2,1009.0,1007.3
0,2023-01-03,325,1006.8,1008.0,1005.9
0,2023-01-04,336,1009.5,1011.1,1006.7
0,2023-01-05,316,1011.1,1013.4,1008.2
0,2023-01-06,346,1011.7,1014.1,1009.7
0,2023-01-07,21,1011.5,1015.0,1009.2
0,2023-01-08,43,1014.4,1015.8,1012.2
0,2023-01-09,318,1007.1,1011.9,1005.4
0,2023-01-10,333,1013.0,1016.7,1008.3
0,2023-01-11,345,1014.1,1015.8,1012.9
0,2023-01-12,321,1016.7,1018.4,1014.5
0,2023-01-13,298,1008.0,1015.3,1003.8
0,2023-01-14,50,1007.2,1012.4,1003.0
0,2023-01-15,63,1010.8,1013.8,1005.9
0,2023-01-16,334,1010.4,1017.3,1004.5
0,2023-01-17,323,1017.1,1018.6,1014.5
0,2023-01-18,331,1016.2,1019.7,1012.1
0,2023-01-19,129,1015.7,1020.9,1008.1
0,2023-01-20,49,1004.8,1011.0,999.5
0,2023-01-21,316,1017.2,1020.4,1012.9
0,2023-01-22,317,1019.2,1020.4,1017.5
0,2023-01-23,338,1009.2,1020.1,999.7
0,2023-01-24,318,995.9,998.7,994.6
0,2023-01-25,304,999.5,1005.5,996.3
0,2023-01-26,306,1006.1,1007.2,1004.4
0,2023-01-27,354,1001.7,1006.3,998.2
0,2023-01-28,302,1000.3,1005.7,997.4
0,2023-01-29,350,1009.1,1010.3,1006.5
0,2023-01-30,313,1007.5,1010.3,1005.8
0,2023-01-31,334,1010.9,1012.7,1008.9
0,2023-02-01,311,999.6,1009.8,992.1
0,2023-02-02,308,1010.1,1014.6,1005.8
0,2023-02-03,330,1013.9,1014.6,1012.4
0,2023-02-04,312,1013.5,1017.2,1011.5
0,2023-02-05,283,1015.3,1017.0,1012.9
0,2023-02-06,320,1015.1,1018.1,1013.9
0,2023-02-07,322,1016.8,1018.4,1015.2
0,2023-02-08,334,1014.6,1017.0,1013.6
0,2023-02-09,329,1023.0,1026.9,1017.7
0,2023-02-10,56,1020.3,1026.3,1016.0
0,2023-02-11,156,1018.1,1019.9,1015.7
0,2023-02-12,319,1013.8,1015.6,1011.5
0,2023-02-13,119,1007.2,1012.9,1003.8
0,2023-02-14,46,1007.5,1014.0,1003.3
0,2023-02-15,329,1018.2,1022.1,1014.2
0,2023-02-16,321,1020.6,1021.8,1019.3
0,2023-02-17,296,1017.0,1020.3,1015.0
0,2023-02-18,297,1012.4,1016.2,1006.6
0,2023-02-19,67,998.5,1005.4,989.2
0,2023-02-20,310,1006.1,1014.3,998.2
0,2023-02-21,329,1018.5,1023.2,1014.5
0,2023-02-22,299,1020.1,1022.8,1017.5
0,2023-02-23,254,1013.1,1016.9,1011.4
0,2023-02-24,88,1013.9,1015.3,1012.0
0,2023-02-25,301,1013.7,1015.3,1011.4
0,2023-02-26,312,1019.3,1025.2,1014.2
0,2023-02-27,301,1019.8,1024.9,1016.4
0,2023-02-28,260,1011.5,1016.1,1008.4
0,2023-03-01,287,1009.9,1012.1,1006.7
0,2023-03-02,302,1010.5,1016.4,1004.6
0,2023-03-03,305,1017.6,1020.0,1015.0
0,2023-03-04,313,1021.8,1024.4,1018.3
0,2023-03-05,303,1021.1,1024.1,1019.5
0,2023-03-06,287,1016.1,1019.3,1014.4
0,2023-03-07,265,1014.1,1014.9,1012.5
0,2023-03-08,315,1014.0,1019.6,1011.1
0,2023-03-09,104,1017.2,1020.2,1011.9
0,2023-03-10,291,1014.1,1020.8,1009.8
0,2023-03-11,136,1023.9,1025.7,1020.8
0,2023-03-12,127,1019.8,1025.1,1012.9
0,2023-03-13,248,1012.3,1018.3,1007.2
0,2023-03-14,302,1022.3,1026.2,1018.9
0,2023-03-15,128,1024.3,1026.7,1020.3
0,2023-03-16,283,1017.2,1019.8,1014.9
0,2023-03-17,280,1017.1,1018.9,1015.8
0,2023-03-18,286,1010.5,1015.9,1007.9
0,2023-03-19,284,1009.6,1012.0,1008.0
0,2023-03-20,301,1013.5,1015.3,1011.4
0,2023-03-21,45,1014.0,1015.1,1013.2
0,2023-03-22,137,1015.5,1016.7,1014.5
0,2023-03-23,111,1004.5,1014.4,994.3
0,2023-03-24,287,1009.6,1018.6,997.6
0,2023-03-25,125,1018.7,1019.4,1018.0
0,2023-03-26,77,1009.4,1018.1,1001.7
0,2023-03-27,295,1015.0,1022.0,1004.8
0,2023-03-28,266,1021.8,1022.8,1021.0
0,2023-03-29,256,1019.6,1021.4,1018.8
0,2023-03-30,119,1016.0,1018.9,1012.7
0,2023-03-31,311,1011.1,1012.7,1010.0
0,2023-04-01,310,1015.4,1020.4,1011.6
0,2023-04-02,252,1020.5,1021.9,1019.2
0,2023-04-03,182,1021.1,1021.9,1020.3
0,2023-04-04,261,1017.8,1020.3,1016.9
0,2023-04-05,71,1015.5,1017.9,1012.1
0,2023-04-06,119,1006.9,1011.0,1004.1
0,2023-04-07,240,1000.4,1003.6,998.6
0,2023-04-08,281,999.1,1000.9,998.1
0,2023-04-09,301,1007.9,1012.4,1001.3
0,2023-04-10,283,1010.7,1012.2,1010.2
0,2023-04-11,141,1006.4,1010.9,999.6
0,2023-04-12,268,1004.6,1006.9,1000.2
0,2023-04-13,281,1008.0,1009.4,1006.0
0,2023-04-14,276,1009.4,1013.0,1006.0
0,2023-04-15,66,1003.0,1012.4,988.9
0,2023-04-16,274,988.6,996.5,984.6
0,2023-04-17,302,1007.6,1014.2,997.5
0,2023-04-18,260,1009.6,1014.2,1004.6
0,2023-04-19,236,1006.2,1006.9,1005.1
0,2023-04-20,264,999.1,1006.5,994.1
0,2023-04-21,281,999.7,1002.0,997.5
0,2023-04-22,299,1007.5,1010.7,1002.6
0,2023-04-23,287,1011.3,1014.0,1008.2
0,2023-04-24,291,1015.3,1018.8,1012.2
0,2023-04-25,143,1016.4,1019.5,1008.8
0,2023-04-26,281,1000.2,1006.4,996.2
0,2023-04-27,287,1011.8,1014.9,1005.3
0,2023-04-28,242,1014.7,1016.3,1012.8
0,2023-04-29,124,1005.1,1012.9,996.0
0,2023-04-30,273,999.4,1004.4,994.9
0,2023-05-01,255,1007.4,1012.9,1004.5
0,2023-05-02,286,1017.3,1018.9,1014.1
0,2023-05-03,284,1015.3,1018.4,1013.0
0,2023-05-04,270,1009.1,1013.2,1006.9
0,2023-05-05,250,1005.0,1008.2,1000.7
0,2023-05-06,155,1006.7,1012.0,1001.9
0,2023-05-07,197,1011.9,1013.7,1009.3
0,2023-05-08,304,1007.5,1011.0,1004.3
0,2023-05-09,136,1010.8,1011.9,1009.8
0,2023-05-10,295,1011.4,1013.6,1009.5
0,2023-05-11,309,1015.6,1018.5,1013.2
0,2023-05-12,188,1018.5,1019.2,1017.7
0,2023-05-13,126,1016.3,1018.0,1014.6
0,2023-05-14,126,1013.7,1014.9,1013.1
0,2023-05-15,123,1011.9,1013.1,1010.9
0,2023-05-16,198,1009.2,1010.8,1008.4
0,2023-05-17,235,1006.9,1008.6,1005.3
0,2023-05-18,172,1008.1,1009.2,1007.3
0,2023-05-19,254,1010.6,1011.2,1009.0
0,2023-05-20,208,1009.8,1012.1,1005.2
0,2023-05-21,120,1000.5,1004.7,998.7
0,2023-05-22,271,1000.7,1003.3,999.0
0,2023-05-23,203,1004.8,1006.4,1003.0
0,2023-05-24,239,1009.8,1015.8,1005.6
0,2023-05-25,259,1018.0,1019.4,1016.1
0,2023-05-26,167,1018.1,1019.4,1017.2
0,2023-05-27,248,1016.6,1018.2,1013.5
0,2023-05-28,235,1007.9,1012.8,1005.0
0,2023-05-29,257,1003.4,1005.1,1002.4
0,2023-05-30,288,1004.4,1006.8,1001.4
0,2023-05-31,276,1006.8,1008.2,1005.5
0,2023-06-01,94,1004.9,1008.3,1002.0
0,2023-06-02,151,992.1,1001.0,985.2
0,2023-06-03,278,994.0,998.0,990.0
0,2023-06-04,279,998.0,1001.0,994.7
0,2023-06-05,274,1003.1,1004.7,1001.0
0,2023-06-06,135,1003.7,1004.5,1003.1
0,2023-06-07,175,1006.6,1009.7,1004.0
0,2023-06-08,133,1010.7,1011.8,1009.9
0,2023-06-09,102,1008.3,1010.4,1007.1
0,2023-06-10,180,1011.1,1012.9,1008.2
0,2023-06-11,154,1011.0,1013.0,1008.6
0,2023-06-12,144,1006.2,1009.2,1003.2
0,2023-06-13,199,1002.9,1005.0,1000.9
0,2023-06-14,143,1006.5,1007.9,1005.1
0,2023-06-15,158,1006.4,1007.9,1004.9
0,2023-06-16,267,1003.4,1005.4,1002.2
0,2023-06-17,285,999.7,1003.2,997.5
0,2023-06-18,296,1001.0,1002.8,998.5
0,2023-06-19,148,1005.2,1007.4,1002.8
0,2023-06-20,243,1007.5,1010.2,1005.7
0,2023-06-21,119,1009.7,1010.4,1008.7
0,2023-06-22,116,1008.7,1009.9,1007.4
0,2023-06-23,117,1009.0,1011.7,1007.0
0,2023-06-24,243,1012.4,1013.1,1011.7
0,2023-06-25,249,1012.6,1013.4,1011.4
0,2023-06-26,138,1012.2,1013.7,1010.9
0,2023-06-27,125,1008.7,1011.3,1005.4
0,2023-06-28,292,1003.0,1005.3,1000.8
0,2023-06-29,269,1000.7,1001.6,999.7
0,2023-06-30,149,996.0,1000.3,991.4
0,2023-07-01,255,999.0,1004.0,994.1
0,2023-07-02,152,1005.4,1006.4,1004.7
0,2023-07-03,206,1003.6,1004.8,1002.6
0,2023-07-04,225,1003.4,1005.0,1001.7
0,2023-07-05,148,1000.4,1002.1,997.3
0,2023-07-06,253,998.1,1002.4,995.5
0,2023-07-07,284,1003.9,1005.2,1002.5
0,2023-07-08,138,1003.0,1003.9,1002.0
0,2023-07-09,188,1001.2,1003.2,1000.1
0,2023-07-10,255,1001.4,1002.3,1000.3
0,2023-07-11,263,1001.0,1002.6,1000.3
0,2023-07-12,237,997.8,1000.4,996.6
0,2023-07-13,274,1000.2,1002.8,998.0
0,2023-07-14,153,1004.4,1005.9,1003.3
0,2023-07-15,96,1001.1,1002.8,999.2
0,2023-07-16,144,1005.9,1007.8,1003.5
0,2023-07-17,242,1007.2,1007.9,1006.6
0,2023-07-18,226,1005.9,1006.9,1004.9
0,2023-07-19,191,1004.3,1005.7,1003.1
0,2023-07-20,206,1009.1,1013.5,1005.6
0,2023-07-21,105,1015.6,1016.8,1014.2
0,2023-07-22,111,1015.8,1017.1,1014.3
0,2023-07-23,116,1012.0,1014.2,1010.2
0,2023-07-24,244,1009.7,1010.5,1009.1
0,2023-07-25,283,1009.6,1010.7,1008.5
0,2023-07-26,281,1009.4,1010.5,1008.4
0,2023-07-27,273,1009.0,1009.9,1007.7
0,2023-07-28,269,1010.1,1011.2,1008.7
0,2023-07-29,273,1009.9,1011.1,1009.1
0,2023-07-30,271,1007.7,1009.6,1006.0
0,2023-07-31,293,1006.5,1007.9,1005.3
0,2023-08-01,266,1006.6,1007.9,1005.3
0,2023-08-02,285,1005.4,1006.4,1004.5
0,2023-08-03,66,1003.5,1005.5,1002.3
0,2023-08-04,239,1000.5,1002.0,999.8
0,2023-08-05,109,999.9,1001.0,998.9
0,2023-08-06,88,1001.0,1003.3,998.9
0,2023-08-07,57,1006.5,1008.7,1004.1
0,2023-08-08,116,1009.1,1010.3,1008.0
0,2023-08-09,122,1010.4,1011.1,1009.7
0,2023-08-10,113,1010.2,1011.3,1008.9
0,2023-08-11,106,1007.6,1009.3,1006.3
0,2023-08-12,54,1005.0,1005.7,1004.0
0,2023-08-13,56,1006.9,1008.4,1005.9
0,2023-08-14,63,1009.1,1010.4,1007.5
0,2023-08-15,81,1008.8,1010.6,1007.3
0,2023-08-16,116,1004.9,1007.3,1003.6
0,2023-08-17,150,1005.0,1007.2,1003.1
0,2023-08-18,244,1008.8,1010.0,1007.2
0,2023-08-19,150,1009.5,1010.6,1008.5
0,2023-08-20,206,1008.6,1009.3,1007.4
0,2023-08-21,136,1009.3,1010.1,1008.6
0,2023-08-22,117,1009.1,1009.8,1008.4
0,2023-08-23,117,1009.1,1009.8,1008.4
0,2023-08-24,123,1008.1,1008.9,1007.4
0,2023-08-25,124,1007.6,1008.3,1007.2
0,2023-08-26,121,1008.1,1009.3,1007.4
0,2023-08-27,130,1007.0,1008.5,1005.3
0,2023-08-28,37,1006.6,1011.4,1003.1
0,2023-08-29,122,1013.9,1016.0,1012.0
0,2023-08-30,108,1015.4,1016.7,1014.1
0,2023-08-31,126,1011.9,1014.4,1009.6
0,2023-09-01,222,1008.2,1009.6,1007.1
0,2023-09-02,21,1010.5,1012.9,1008.2
0,2023-09-03,353,1013.5,1014.0,1012.5
0,2023-09-04,124,1011.5,1013.9,1008.6
0,2023-09-05,103,1006.2,1008.9,1004.5
0,2023-09-06,312,1003.0,1005.2,1001.7
0,2023-09-07,140,1011.7,1015.3,1006.3
0,2023-09-08,91,1012.8,1015.8,1010.4
0,2023-09-09,86,1007.7,1010.2,1006.6
0,2023-09-10,126,1010.4,1011.5,1008.9
0,2023-09-11,127,1010.6,1011.9,1009.4
0,2023-09-12,132,1009.4,1010.3,1008.6
0,2023-09-13,141,1010.9,1011.9,1010.2
0,2023-09-14,129,1008.2,1010.9,1005.9
0,2023-09-15,98,1013.0,1014.4,1012.2
0,2023-09-16,86,1011.4,1012.6,1009.7
0,2023-09-17,124,1010.0,1012.8,1007.2
0,2023-09-18,272,1008.1,1008.9,1006.9
0,2023-09-19,279,1005.4,1008.5,1003.7
0,2023-09-20,308,1008.6,1011.7,1004.5
0,2023-09-21,53,1005.4,1011.8,1001.6
0,2023-09-22,24,1010.2,1012.7,1007.3
0,2023-09-23,3,1014.7,1018.8,1012.2
0,2023-09-24,76,1020.2,1021.1,1019.2
0,2023-09-25,97,1017.9,1021.0,1014.4
0,2023-09-26,114,1011.9,1014.4,1010.0
0,2023-09-27,99,1010.4,1011.6,1008.7
0,2023-09-28,50,1003.5,1008.7,999.7
0,2023-09-29,337,1008.1,1010.8,1005.0
0,2023-09-30,127,1005.6,1010.9,1000.6
0,2023-10-01,288,1001.2,1003.2,1000.1
0,2023-10-02,281,1004.8,1007.6,1002.9
0,2023-10-03,317,1011.7,1014.0,1007.9
0,2023-10-04,107,1006.0,1013.5,995.3
0,2023-10-05,278,987.5,993.9,983.5
0,2023-10-06,296,994.7,1006.6,982.8
0,2023-10-07,334,1014.5,1022.1,1007.2
0,2023-10-08,84,1023.6,1024.7,1022.5
0,2023-10-09,72,1015.8,1023.0,1007.0
0,2023-10-10,353,1008.2,1014.3,1004.5
0,2023-10-11,344,1016.5,1017.8,1014.6
0,2023-10-12,307,1013.9,1017.4,1010.9
0,2023-10-13,326,1007.1,1011.1,1005.0
0,2023-10-14,316,1004.7,1005.5,1003.1
0,2023-10-15,81,1000.7,1005.2,997.8
0,2023-10-16,292,1001.0,1003.4,997.8
0,2023-10-17,302,1008.7,1015.4,1002.6
0,2023-10-18,329,1014.4,1016.0,1011.4
0,2023-10-19,242,1007.8,1011.2,1003.5
0,2023-10-20,287,997.9,1002.9,993.2
0,2023-10-21,294,1006.1,1011.8,1001.9
0,2023-10-22,280,1011.4,1015.2,1009.9
0,2023-10-23,317,1017.6,1020.0,1015.2
0,2023-10-24,49,1017.0,1020.3,1014.6
0,2023-10-25,65,1012.6,1014.7,1011.3
0,2023-10-26,68,1009.4,1011.1,1008.3
0,2023-10-27,104,1008.1,1009.5,1006.9
0,2023-10-28,96,1010.9,1013.6,1008.8
0,2023-10-29,31,1015.6,1018.1,1013.1
0,2023-10-30,65,1018.5,1019.5,1017.3
0,2023-10-31,351,1016.8,1019.1,1014.5
0,2023-11-01,276,1010.0,1014.4,1006.7
0,2023-11-02,6,1013.5,1015.8,1010.6
0,2023-11-03,267,1011.4,1016.2,1008.7
0,2023-11-04,314,1021.9,1027.2,1016.8
0,2023-11-05,76,1024.7,1027.6,1017.1
0,2023-11-06,138,1006.0,1015.8,998.1
0,2023-11-07,276,1004.5,1015.6,997.3
0,2023-11-08,354,1020.9,1024.3,1016.1
0,2023-11-09,130,1018.8,1024.9,1012.9
0,2023-11-10,284,1007.5,1012.2,1004.7
0,2023-11-11,315,1014.7,1017.0,1011.2
0,2023-11-12,313,1010.9,1015.3,1007.8
0,2023-11-13,318,1006.8,1010.4,1005.1
0,2023-11-14,338,1017.2,1022.6,1011.1
0,2023-11-15,5,1023.5,1025.7,1021.2
0,2023-11-16,96,1022.4,1026.0,1016.2
0,2023-11-17,109,996.6,1015.2,986.3
0,2023-11-18,286,990.1,994.2,988.4
0,2023-11-19,282,998.3,1001.0,995.4
0,2023-11-20,311,1007.0,1014.9,998.0
0,2023-11-21,283,1012.3,1014.8,1010.8
0,2023-11-22,229,1010.8,1013.0,1007.8
0,2023-11-23,252,1001.1,1007.6,998.4
0,2023-11-24,314,1004.5,1013.0,999.0
0,2023-11-25,308,1017.5,1019.2,1013.3
0,2023-11-26,308,1015.5,1019.2,1014.1
0,2023-11-27,176,1007.0,1014.6,998.4
0,2023-11-28,288,999.0,1005.6,994.9
0,2023-11-29,308,1006.7,1007.9,1004.5
0,2023-11-30,318,1008.4,1010.2,1006.1
0,2023-12-01,327,1010.8,1014.4,1007.3
0,2023-12-02,345,1014.4,1015.1,1013.4
0,2023-12-03,5,1016.0,1018.5,1013.7
0,2023-12-04,7,1016.0,1018.7,1013.7
0,2023-12-05,335,1013.4,1014.9,1011.9
0,2023-12-06,89,1006.0,1011.5,998.6
0,2023-12-07,279,998.0,1008.1,991.9
0,2023-12-08,314,1012.4,1014.7,1008.8
0,2023-12-09,284,1011.8,1016.9,1008.5
0,2023-12-10,292,1018.5,1021.1,1015.6
0,2023-12-11,301,1019.6,1022.7,1013.4
0,2023-12-12,322,1012.1,1016.4,1008.6
0,2023-12-13,305,1019.5,1022.3,1015.6
0,2023-12-14,305,1019.4,1022.5,1016.6
0,2023-12-15,308,1009.6,1016.4,1005.6
0,2023-12-16,318,995.8,1005.8,989.5
0,2023-12-17,296,1004.6,1012.0,995.6
0,2023-12-18,306,1017.1,1020.6,1012.6
0,2023-12-19,311,1015.9,1021.1,1010.2
0,2023-12-20,301,1007.9,1009.9,1006.7
0,2023-12-21,287,1007.9,1011.6,1005.3
0,2023-12-22,300,1013.0,1015.5,1011.0
0,2023-12-23,312,1020.1,1025.0,1015.1
0,2023-12-24,351,1021.3,1025.4,1018.6
0,2023-12-25,328,1016.6,1019.6,1014.6
0,2023-12-26,303,1012.0,1016.3,1008.1
0,2023-12-27,306,1019.9,1022.2,1016.5
0,2023-12-28,324,1017.7,1022.2,1016.5
0,2023-12-29,321,1015.9,1017.7,1014.3
0,2023-12-30,355,1014.3,1017.4,1008.3
0,2023-12-31,40,1006.5,1015.6,1002.0
0,2024-01-01,344,1018.9,1021.0,1016.5
0,2024-01-02,282,1010.2,1015.9,1007.1
0,2024-01-03,30,1011.8,1012.8,1010.0
0,2024-01-04,75,1014.3,1016.2,1011.7
0,2024-01-05,277,1007.4,1013.9,1005.6
0,2024-01-06,289,1005.1,1006.8,1003.2
0,2024-01-07,292,1001.3,1005.3,999.5
0,2024-01-08,335,1011.2,1013.8,1006.2
0,2024-01-09,313,1005.8,1011.3,1003.4
0,2024-01-10,331,1011.2,1014.5,1005.8
0,2024-01-11,173,1006.7,1014.5,997.5
0,2024-01-12,311,1000.4,1005.6,996.8
0,2024-01-13,336,1010.9,1015.6,1006.2
0,2024-01-14,288,1003.5,1015.5,995.6
0,2024-01-15,307,1002.0,1007.5,998.7
0,2024-01-16,338,1013.9,1017.3,1008.6
0,2024-01-17,332,1013.7,1016.6,1012.0
0,2024-01-18,344,1016.5,1022.7,1012.2
0,2024-01-19,26,1025.8,1028.7,1022.2
0,2024-01-20,51,1029.6,1031.0,1027.9
0,2024-01-21,54,1023.3,1028.0,1018.9
0,2024-01-22,83,1010.7,1019.5,999.6
0,2024-01-23,271,994.4,1000.3,989.6
0,2024-01-24,305,988.4,990.1,985.8
0,2024-01-25,303,993.8,1000.3,989.0
0,2024-01-26,310,1004.9,1008.9,1000.8
0,2024-01-27,342,1011.7,1015.4,1008.8
0,2024-01-28,55,1018.5,1022.3,1015.4
0,2024-01-29,342,1022.7,1023.3,1021.8
0,2024-01-30,322,1022.9,1023.8,1021.5
0,2024-01-31,290,1011.9,1021.5,1005.3
0,2024-02-01,308,1011.7,1016.1,1006.0
0,2024-02-02,315,1016.5,1022.6,1013.2
0,2024-02-03,330,1019.4,1022.7,1017.3
0,2024-02-04,333,1018.0,1020.5,1015.8
0,2024-02-05,109,1018.8,1021.5,1016.7
0,2024-02-06,69,1015.1,1017.9,1012.9
0,2024-02-07,54,1010.8,1012.9,1009.7
0,2024-02-08,309,1011.2,1015.7,1008.2
0,2024-02-09,335,1016.0,1017.1,1014.8
0,2024-02-10,75,1012.1,1015.9,1009.5
0,2024-02-11,331,1014.1,1017.0,1011.2
0,2024-02-12,304,1018.8,1020.8,1017.0
0,2024-02-13,278,1013.7,1017.4,1011.9
0,2024-02-14,301,1011.8,1012.8,1010.3
0,2024-02-15,291,1005.2,1010.2,1001.0
0,2024-02-16,319,1018.1,1023.8,1009.4
0,2024-02-17,54,1025.4,1026.8,1023.8
0,2024-02-18,7,1021.6,1025.8,1017.7
0,2024-02-19,278,1007.6,1016.7,1001.3
0,2024-02-20,309,1018.0,1022.6,1008.3
0,2024-02-21,306,1018.7,1021.7,1016.9
0,2024-02-22,321,1019.2,1021.1,1016.5
0,2024-02-23,336,1021.5,1024.2,1019.2
0,2024-02-24,323,1023.8,1024.6,1022.5
0,2024-02-25,62,1020.5,1024.8,1014.5
0,2024-02-26,25,1012.5,1016.0,1010.7
0,2024-02-27,0,1015.9,1017.8,1012.8
0,2024-02-28,315,1018.9,1021.2,1016.0
0,2024-02-29,314,1016.6,1021.2,1009.0
0,2024-03-01,299,999.3,1007.5,996.6
0,2024-03-02,288,1003.0,1008.2,999.3
0,2024-03-03,327,1007.3,1009.8,1006.3
0,2024-03-04,314,1012.9,1016.7,1008.4
0,2024-03-05,329,1015.0,1016.9,1012.6
0,2024-03-06,337,1009.7,1012.4,1007.8
0,2024-03-07,318,1011.4,1012.2,1010.4
0,2024-03-08,48,1007.0,1011.1,1005.0
0,2024-03-09,75,1010.4,1015.0,1006.5
0,2024-03-10,311,1017.3,1018.8,1015.2
0,2024-03-11,311,1013.1,1017.3,1009.7
0,2024-03-12,346,1003.0,1010.1,997.3
0,2024-03-13,317,1004.7,1008.0,998.2
0,2024-03-14,320,1006.9,1009.1,1004.4
0,2024-03-15,291,1006.5,1014.0,1000.9
0,2024-03-16,308,1013.5,1015.4,1009.3
0,2024-03-17,251,994.3,1007.9,987.9
0,2024-03-18,311,1001.4,1008.3,990.3
0,2024-03-19,315,1006.9,1008.5,1004.1
0,2024-03-20,311,1002.7,1004.0,1001.4
0,2024-03-21,172,1007.3,1012.3,1004.2
0,2024-03-22,324,1015.2,1018.6,1012.0
0,2024-03-23,58,1017.6,1018.4,1016.7
0,2024-03-24,290,1014.2,1017.6,1012.3
0,2024-03-25,303,1012.6,1015.0,1010.7
0,2024-03-26,122,1013.5,1016.1,1011.6
0,2024-03-27,105,1019.0,1021.7,1015.8
0,2024-03-28,122,1017.1,1022.0,1006.7
0,2024-03-29,189,999.2,1005.8,996.1
0,2024-03-30,271,1002.8,1005.7,1000.3
0,2024-03-31,285,1004.3,1006.2,1001.5
0,2024-04-01,287,1003.1,1006.8,1001.1
0,2024-04-02,295,1011.3,1013.6,1007.4
0,2024-04-03,253,1008.8,1013.4,1004.9
0,2024-04-04,295,1008.5,1014.1,1004.6
0,2024-04-05,295,1016.5,1019.3,1013.6
0,2024-04-06,93,1017.6,1019.9,1016.1
0,2024-04-07,94,1016.6,1017.4,1015.4
0,2024-04-08,132,1013.7,1017.7,1008.2
0,2024-04-09,309,1009.3,1018.9,1002.2
0,2024-04-10,290,1022.6,1025.2,1019.2
0,2024-04-11,97,1022.2,1025.3,1020.0
0,2024-04-12,111,1018.8,1020.1,1017.8
0,2024-04-13,212,1016.6,1018.2,1015.7
0,2024-04-14,236,1017.3,1018.9,1015.9
0,2024-04-15,129,1017.4,1019.4,1014.7
0,2024-04-16,125,1011.0,1014.2,1008.2
0,2024-04-17,135,1005.9,1008.3,1004.7
0,2024-04-18,233,1003.2,1005.1,1001.7
0,2024-04-19,291,999.7,1001.7,998.4
0,2024-04-20,304,1005.5,1010.5,1000.3
0,2024-04-21,164,1010.9,1012.8,1008.4
0,2024-04-22,192,1014.4,1017.9,1012.0
0,2024-04-23,170,1019.0,1020.4,1018.0
0,2024-04-24,118,1010.7,1018.0,1003.2
0,2024-04-25,264,1001.1,1006.4,997.6
0,2024-04-26,283,1008.1,1009.5,1006.7
0,2024-04-27,188,1007.7,1009.0,1007.2
0,2024-04-28,293,1009.4,1012.2,1006.4
0,2024-04-29,36,1008.8,1012.2,1002.5
0,2024-04-30,328,998.5,1001.5,996.3
0,2024-05-01,147,1009.0,1014.0,1001.7
0,2024-05-02,240,1012.8,1014.6,1010.2
0,2024-05-03,292,1010.2,1014.7,1006.3
0,2024-05-04,143,1017.0,1018.8,1014.7
0,2024-05-05,99,1014.4,1018.3,1010.9
0,2024-05-06,61,1007.7,1011.8,1004.2
0,2024-05-07,167,1000.3,1004.2,998.3
0,2024-05-08,153,1008.0,1011.4,1002.6
0,2024-05-09,117,1010.3,1012.2,1009.3
0,2024-05-10,289,1013.7,1016.1,1010.0
0,2024-05-11,105,1013.9,1016.3,1011.1
0,2024-05-12,106,1007.0,1011.4,1003.2
0,2024-05-13,291,1005.5,1013.0,1000.5
0,2024-05-14,143,1015.1,1017.0,1013.8
0,2024-05-15,150,1011.0,1014.0,1008.4
0,2024-05-16,94,1000.7,1007.9,996.0
0,2024-05-17,253,1005.0,1011.6,998.1
0,2024-05-18,288,1011.3,1012.8,1010.4
0,2024-05-19,234,1011.7,1012.9,1010.4
0,2024-05-20,119,1007.6,1010.8,1005.3
0,2024-05-21,113,1012.4,1016.7,1005.9
0,2024-05-22,87,1010.8,1016.9,1006.6
0,2024-05-23,266,1003.5,1006.2,1001.2
0,2024-05-24,289,1002.3,1006.8,999.5
0,2024-05-25,303,1009.8,1011.5,1007.3
0,2024-05-26,176,1007.5,1010.6,1001.7
0,2024-05-27,146,997.9,1001.3,995.5
0,2024-05-28,275,999.6,1001.3,996.7
0,2024-05-29,282,1004.4,1008.7,999.1
0,2024-05-30,241,1010.0,1011.1,1008.8
0,2024-05-31,232,1007.4,1009.8,1006.0
0,2024-06-01,223,1009.6,1010.5,1008.3
0,2024-06-02,100,1010.8,1012.2,1009.6
0,2024-06-03,62,1011.7,1013.3,1010.4
0,2024-06-04,185,1014.0,1014.9,1012.7
0,2024-06-05,274,1014.6,1015.7,1013.1
0,2024-06-06,276,1016.4,1017.4,1014.8
0,2024-06-07,99,1015.5,1016.7,1014.5
0,2024-06-08,120,1013.8,1014.8,1013.0
0,2024-06-09,125,1010.1,1013.2,1007.4
0,2024-06-10,162,1005.1,1007.3,1003.8
0,2024-06-11,264,1005.0,1005.9,1004.2
0,2024-06-12,238,1002.5,1005.1,1000.6
0,2024-06-13,219,1001.5,1004.7,999.9
0,2024-06-14,131,1007.0,1008.4,1005.4
0,2024-06-15,123,1004.9,1008.1,1001.3
0,2024-06-16,157,999.1,1001.1,998.1
0,2024-06-17,254,1002.1,1003.9,1000.1
0,2024-06-18,128,1001.0,1002.3,1000.3
0,2024-06-19,275,1004.7,1007.4,1002.2
0,2024-06-20,92,1005.7,1008.1,1002.8
0,2024-06-21,174,1002.0,1003.0,1001.1
0,2024-06-22,134,1001.9,1003.1,1000.1
0,2024-06-23,99,999.2,1000.2,998.1
0,2024-06-24,88,998.9,1000.3,997.6
0,2024-06-25,278,1001.3,1004.3,999.6
0,2024-06-26,299,1007.5,1010.4,1004.4
0,2024-06-27,292,1008.4,1010.0,1007.6
0,2024-06-28,195,1007.0,1008.1,1006.3
0,2024-06-29,241,1005.1,1006.3,1003.7
0,2024-06-30,163,995.1,1003.4,985.0
0,2024-07-01,291,993.8,1000.3,984.6
0,2024-07-02,295,1003.2,1005.3,1000.3
0,2024-07-03,288,1002.3,1005.3,1000.1
0,2024-07-04,276,999.5,1001.6,997.8
0,2024-07-05,135,1001.3,1002.0,1000.4
0,2024-07-06,51,1002.0,1002.9,1000.6
0,2024-07-07,179,997.8,1001.1,996.0
0,2024-07-08,269,997.5,998.9,996.0
0,2024-07-09,258,998.5,1000.3,997.0
0,2024-07-10,262,997.8,1000.2,994.9
0,2024-07-11,240,997.3,999.2,995.7
0,2024-07-12,230,1001.2,1003.7,999.2
0,2024-07-13,265,1008.0,1012.7,1004.0
0,2024-07-14,111,1013.0,1013.7,1012.3
0,2024-07-15,136,1013.8,1014.9,1012.6
0,2024-07-16,119,1012.8,1015.4,1010.6
0,2024-07-17,166,1008.4,1010.2,1007.3
0,2024-07-18,120,1007.7,1008.4,1007.0
0,2024-07-19,125,1005.1,1007.3,1004.0
0,2024-07-20,269,1004.9,1005.8,1004.3
0,2024-07-21,229,1003.2,1005.2,1000.9
0,2024-07-22,272,1001.0,1002.0,1000.1
0,2024-07-23,244,998.2,1000.5,995.1
0,2024-07-24,271,996.7,1001.7,993.2
0,2024-07-25,154,1006.0,1010.0,1002.4
0,2024-07-26,172,1014.5,1016.7,1010.6
0,2024-07-27,134,1013.5,1017.0,1008.8
0,2024-07-28,111,1003.5,1008.2,999.4
0,2024-07-29,227,992.6,998.9,990.1
0,2024-07-30,166,996.9,1000.4,992.6
0,2024-07-31,184,1002.6,1004.6,1000.8
0,2024-08-01,128,1004.4,1004.9,1004.0
0,2024-08-02,119,1005.0,1005.8,1003.8
0,2024-08-03,118,1005.6,1006.4,1005.0
0,2024-08-04,186,1005.1,1005.8,1004.1
0,2024-08-05,134,1006.1,1006.8,1004.9
0,2024-08-06,163,1005.5,1006.8,1004.5
0,2024-08-07,151,1002.5,1004.8,1000.4
0,2024-08-08,234,1000.6,1001.8,999.2
0,2024-08-09,226,1001.5,1002.2,1000.9
0,2024-08-10,255,1002.9,1004.1,1002.3
0,2024-08-11,55,1003.1,1003.9,1002.1
0,2024-08-12,99,1005.3,1006.8,1003.7
0,2024-08-13,131,1006.2,1007.0,1005.3
0,2024-08-14,184,1004.1,1005.2,1003.3
0,2024-08-15,206,1006.0,1008.6,1004.0
0,2024-08-16,110,1008.4,1009.7,1007.3
0,2024-08-17,242,1006.0,1007.2,1005.3
0,2024-08-18,273,1007.2,1009.7,1005.1
0,2024-08-19,127,1010.0,1011.6,1008.8
0,2024-08-20,86,1012.1,1012.8,1011.6
0,2024-08-21,138,1011.0,1012.4,1009.9
0,2024-08-22,163,1007.0,1009.9,1004.3
0,2024-08-23,228,1004.4,1005.2,1003.6
0,2024-08-24,305,1007.5,1010.4,1005.3
0,2024-08-25,66,1009.6,1010.8,1007.8
0,2024-08-26,118,1008.1,1009.6,1005.6
0,2024-08-27,125,1005.4,1007.9,1003.9
0,2024-08-28,127,1010.2,1011.3,1008.5
0,2024-08-29,131,1009.8,1011.2,1008.3
0,2024-08-30,141,1003.7,1008.5,998.2
0,2024-08-31,263,999.3,1005.1,995.2
0,2024-09-01,305,1004.9,1006.2,1003.1
0,2024-09-02,246,1004.8,1007.8,1002.8
0,2024-09-03,66,1009.9,1011.6,1008.3
0,2024-09-04,127,1009.8,1011.9,1007.2
0,2024-09-05,206,1002.6,1007.2,999.3
0,2024-09-06,314,1007.9,1010.7,1003.0
0,2024-09-07,320,1010.0,1011.2,1009.5
0,2024-09-08,314,1010.3,1012.3,1009.2
0,2024-09-09,102,1015.7,1017.7,1013.0
0,2024-09-10,134,1012.7,1016.3,1011.1
0,2024-09-11,297,1011.9,1012.7,1011.2
0,2024-09-12,304,1008.7,1012.3,1005.8
0,2024-09-13,306,1005.8,1009.9,1002.9
0,2024-09-14,131,1005.9,1010.6,999.2
0,2024-09-15,319,1010.1,1017.5,1002.4
0,2024-09-16,133,1016.0,1018.9,1010.6
0,2024-09-17,298,1008.6,1010.4,1007.2
0,2024-09-18,311,1009.1,1010.0,1008.4
0,2024-09-19,342,1009.3,1011.8,1004.4
0,2024-09-20,301,1006.7,1010.6,1002.1
0,2024-09-21,64,1011.5,1012.7,1010.4
0,2024-09-22,44,1010.2,1013.8,1007.3
0,2024-09-23,87,1017.2,1020.5,1014.0
0,2024-09-24,115,1021.2,1022.2,1020.2
0,2024-09-25,104,1018.3,1021.8,1015.2
0,2024-09-26,104,1011.9,1015.0,1010.1
0,2024-09-27,129,1011.1,1013.0,1009.3
0,2024-09-28,64,1015.8,1019.7,1013.2
0,2024-09-29,353,1019.7,1020.8,1018.5
0,2024-09-30,85,1012.1,1018.4,1008.2
0,2024-10-01,357,1004.8,1008.6,1000.7
0,2024-10-02,284,1011.3,1021.4,1003.2
0,2024-10-03,47,1020.1,1022.7,1017.1
0,2024-10-04,329,1013.5,1016.8,1010.6
0,2024-10-05,62,1018.9,1020.5,1016.3
0,2024-10-06,115,1016.6,1020.7,1011.9
0,2024-10-07,90,1007.8,1011.2,1006.6
0,2024-10-08,53,1011.2,1013.9,1008.5
0,2024-10-09,54,1015.3,1016.4,1013.5
0,2024-10-10,55,1014.5,1016.5,1013.3
0,2024-10-11,11,1014.5,1018.3,1011.8
0,2024-10-12,358,1018.5,1019.7,1017.6
0,2024-10-13,332,1022.1,1025.2,1018.4
0,2024-10-14,128,1023.9,1025.6,1021.4
0,2024-10-15,168,1014.9,1020.8,1009.9
0,2024-10-16,312,1016.7,1020.1,1011.3
0,2024-10-17,316,1021.2,1023.4,1018.5
0,2024-10-18,150,1014.4,1023.6,999.3
0,2024-10-19,301,1008.6,1023.3,997.1
0,2024-10-20,333,1028.1,1030.9,1023.6
0,2024-10-21,140,1027.9,1030.9,1024.1
0,2024-10-22,123,1019.8,1024.1,1013.9
0,2024-10-23,197,1006.7,1013.6,1002.9
0,2024-10-24,290,1015.3,1021.1,1009.9
0,2024-10-25,321,1021.2,1022.3,1020.0
0,2024-10-26,357,1017.4,1020.0,1014.9
0,2024-10-27,94,1005.9,1014.3,1000.5
0,2024-10-28,310,1009.7,1019.6,1000.9
0,2024-10-29,356,1018.9,1020.3,1016.3
0,2024-10-30,335,1013.9,1018.1,1012.2
0,2024-10-31,328,1019.5,1021.0,1017.8
0,2024-11-01,28,1016.4,1020.3,1013.2
0,2024-11-02,333,1010.6,1013.5,1009.0
0,2024-11-03,335,1015.7,1017.9,1013.5
0,2024-11-04,276,1009.4,1014.0,1006.5
0,2024-11-05,326,1015.5,1016.9,1014.1
0,2024-11-06,320,1011.5,1015.1,1008.7
0,2024-11-07,315,1019.2,1024.7,1013.9
0,2024-11-08,304,1021.7,1024.9,1019.4
0,2024-11-09,340,1024.2,1025.4,1022.6
0,2024-11-10,275,1017.1,1023.5,1011.4
0,2024-11-11,330,1012.1,1013.2,1009.5
0,2024-11-12,314,1010.6,1017.4,1007.3
0,2024-11-13,330,1020.8,1023.1,1017.6
0,2024-11-14,13,1019.9,1023.2,1016.1
0,2024-11-15,340,1016.8,1022.0,1013.0
0,2024-11-16,150,1016.4,1022.5,1007.7
0,2024-11-17,300,1008.5,1013.1,1004.2
0,2024-11-18,323,1015.3,1021.5,1010.9
0,2024-11-19,336,1021.5,1022.8,1020.1
0,2024-11-20,41,1016.1,1020.7,1012.1
0,2024-11-21,15,1010.0,1012.2,1008.0
0,2024-11-22,34,1007.3,1010.2,1006.0
0,2024-11-23,314,1014.5,1018.0,1010.6
0,2024-11-24,314,1020.2,1023.8,1016.9
0,2024-11-25,332,1025.2,1026.3,1023.0
0,2024-11-26,108,1014.6,1025.2,1003.2
0,2024-11-27,291,999.1,1002.2,997.6
0,2024-11-28,279,996.4,999.6,990.4
0,2024-11-29,296,991.9,993.2,990.5
0,2024-11-30,312,994.9,1002.6,990.7
0,2024-12-01,329,1009.9,1014.7,1003.3
0,2024-12-02,200,1011.2,1015.0,1006.7
0,2024-12-03,314,1009.7,1012.1,1007.6
0,2024-12-04,338,1006.3,1009.2,1002.2
0,2024-12-05,312,1001.1,1002.2,999.2
0,2024-12-06,329,1000.4,1004.0,998.2
0,2024-12-07,330,1002.1,1005.2,1000.1
0,2024-12-08,321,1004.6,1007.2,1000.5
0,2024-12-09,314,1007.7,1010.2,1005.4
0,2024-12-10,330,1007.8,1010.8,1004.3
0,2024-12-11,322,1005.1,1007.7,1001.3
0,2024-12-12,328,1008.3,1009.2,1006.9
0,2024-12-13,321,1005.3,1008.4,1003.9
0,2024-12-14,334,1004.0,1005.6,1002.3
0,2024-12-15,318,999.9,1004.8,996.6
0,2024-12-16,328,1008.4,1010.8,1005.6
0,2024-12-17,342,1010.3,1011.4,1009.0
0,2024-12-18,329,1012.0,1013.3,1009.9
0,2024-12-19,334,1011.0,1013.1,1010.0
0,2024-12-20,340,1012.5,1014.7,1009.3
0,2024-12-21,39,1002.2,1008.6,998.3
0,2024-12-22,359,999.1,1002.7,996.4
0,2024-12-23,357,1003.4,1006.9,1001.2
0,2024-12-24,326,1012.0,1018.1,1006.7
0,2024-12-25,298,1013.8,1019.1,1002.2
0,2024-12-26,306,999.3,1002.3,997.5
0,2024-12-27,319,997.4,999.6,995.8
0,2024-12-28,340,1003.5,1005.6,1000.2
0,2024-12-29,326,1009.6,1013.0,1004.9
0,2024-12-30,13,1010.2,1014.2,1000.9
0,2024-12-31,31,999.5,1006.2,995.3
0,2025-01-01,358,1008.8,1009.9,1007.0
0,2025-01-02,338,1010.4,1012.1,1008.7
0,2025-01-03,358,1011.9,1012.8,1011.1
0,2025-01-04,331,1013.7,1017.2,1011.3
0,2025-01-05,15,1017.1,1019.6,1012.8
0,2025-01-06,56,1004.8,1013.5,993.5
0,2025-01-07,303,993.5,998.4,989.9
0,2025-01-08,296,997.4,998.6,996.1
0,2025-01-09,300,998.9,1000.4,997.8
0,2025-01-10,30,1007.7,1014.5,1000.1
0,2025-01-11,351,1017.4,1019.7,1014.6
0,2025-01-12,62,1015.9,1020.1,1011.5
0,2025-01-13,20,1011.3,1012.6,1009.6
0,2025-01-14,327,1007.1,1009.6,1006.1
0,2025-01-15,315,1006.7,1010.7,1003.8
0,2025-01-16,329,1007.2,1011.4,1002.1
0,2025-01-17,320,1012.4,1017.4,1007.2
0,2025-01-18,345,1018.3,1019.7,1017.0
0,2025-01-19,68,1011.8,1017.6,1007.7
0,2025-01-20,9,1010.0,1014.9,1006.5
0,2025-01-21,63,1017.9,1019.8,1015.4
0,2025-01-22,83,1019.4,1020.2,1018.4
0,2025-01-23,83,1017.1,1020.0,1015.0
0,2025-01-24,63,1016.7,1018.7,1015.1
0,2025-01-25,36,1019.6,1020.9,1018.3
0,2025-01-26,342,1016.6,1021.4,1011.3
0,2025-01-27,339,1006.2,1011.2,1002.6
0,2025-01-28,300,999.3,1002.7,995.2
0,2025-01-29,299,996.8,1000.2,993.3
0,2025-01-30,304,1003.0,1007.2,999.9
0,2025-01-31,316,1011.1,1014.0,1007.5
0,2025-02-01,350,1014.3,1015.5,1012.4
0,2025-02-02,42,1012.8,1015.2,1009.7
0,2025-02-03,70,1000.2,1010.1,990.8
0,2025-02-04,244,987.6,990.6,984.9
0,2025-02-05,268,985.1,988.1,983.9
0,2025-02-06,297,995.0,997.0,989.1
0,2025-02-07,319,994.8,996.8,993.5
0,2025-02-08,316,999.4,1003.2,995.5
0,2025-02-09,313,1004.7,1006.9,1002.4
0,2025-02-10,323,1007.4,1009.8,1005.6
0,2025-02-11,318,1012.4,1014.5,1009.6
0,2025-02-12,251,998.6,1011.8,986.6
0,2025-02-13,315,998.2,1002.0,989.3
0,2025-02-14,311,1003.6,1009.3,999.4
0,2025-02-15,323,1009.4,1010.7,1007.8
0,2025-02-16,79,1002.4,1007.2,998.0
0,2025-02-17,88,996.1,999.3,994.4
0,2025-02-18,323,1000.2,1001.3,999.2
0,2025-02-19,332,1005.9,1010.4,1001.6
0,2025-02-20,330,1011.4,1013.8,1009.2
0,2025-02-21,328,1013.4,1014.6,1012.4
0,2025-02-22,103,1012.5,1013.7,1010.4
0,2025-02-23,322,1011.7,1013.7,1011.0
0,2025-02-24,314,1012.2,1014.7,1010.5
0,2025-02-25,254,1009.9,1015.1,1000.9
0,2025-02-26,296,1005.1,1010.6,1000.3
0,2025-02-27,325,1013.4,1014.7,1010.9
0,2025-02-28,264,1010.6,1013.9,1008.8
0,2025-03-01,302,1010.0,1012.1,1007.5
0,2025-03-02,313,1010.2,1014.9,1006.2
0,2025-03-03,329,1019.1,1024.2,1014.2
0,2025-03-04,353,1025.0,1026.4,1022.8
0,2025-03-05,91,1017.5,1024.9,1009.6
0,2025-03-06,303,1009.8,1011.2,1008.7
0,2025-03-07,322,1016.9,1023.6,1011.4
0,2025-03-08,329,1023.4,1024.0,1022.6
0,2025-03-09,300,1022.4,1025.9,1021.0
0,2025-03-10,338,1024.3,1026.6,1020.8
0,2025-03-11,7,1015.9,1020.2,1014.4
0,2025-03-12,112,1011.5,1015.9,1003.9
0,2025-03-13,276,1004.2,1006.2,1002.6
0,2025-03-14,296,1012.1,1018.1,1006.7
0,2025-03-15,305,1019.7,1021.3,1018.0
0,2025-03-16,75,1005.5,1018.9,987.8
0,2025-03-17,331,998.7,1008.5,987.4
0,2025-03-18,93,1011.8,1014.2,1009.2
0,2025-03-19,101,1010.0,1012.3,1009.1
0,2025-03-20,244,1007.7,1010.5,1003.4
0,2025-03-21,191,997.7,1003.1,992.2
0,2025-03-22,280,994.1,998.8,990.0
0,2025-03-23,312,1005.7,1009.3,999.8
0,2025-03-24,89,1001.6,1009.2,996.5
0,2025-03-25,135,995.0,997.9,987.5
0,2025-03-26,298,1000.8,1009.4,987.5
0,2025-03-27,85,1000.7,1008.6,994.3
0,2025-03-28,280,998.9,1007.4,993.6
0,2025-03-29,285,1013.4,1016.5,1007.8
0,2025-03-30,262,1016.6,1021.6,1011.8
0,2025-03-31,293,1025.2,1028.5,1022.0
0,2025-04-01,110,1029.9,1031.4,1027.9
0,2025-04-02,78,1019.2,1028.1,1012.8
0,2025-04-03,274,1009.5,1012.3,1007.3
0,2025-04-04,288,1009.7,1013.1,1005.7
0,2025-04-05,287,1014.6,1016.0,1012.9
0,2025-04-06,118,1011.7,1015.8,1009.2
0,2025-04-07,286,1007.6,1010.0,1006.1
0,2025-04-08,287,1004.7,1006.2,1003.5
0,2025-04-09,271,1005.5,1007.1,1004.0
0,2025-04-10,286,1006.3,1007.6,1005.1
0,2025-04-11,284,1009.9,1013.6,1005.9
0,2025-04-12,18,1012.8,1014.1,1011.5
0,2025-04-13,87,1011.5,1013.7,1007.5
0,2025-04-14,85,998.0,1007.1,992.4
0,2025-04-15,283,986.4,993.7,980.3
0,2025-04-16,281,992.6,1002.3,983.5
0,2025-04-17,288,1006.1,1011.1,1002.6
0,2025-04-18,137,1007.8,1011.4,1004.4
0,2025-04-19,285,1008.0,1009.7,1005.4
0,2025-04-20,292,1005.7,1009.0,1002.9
0,2025-04-21,313,1011.5,1015.0,1008.4
0,2025-04-22,124,1010.7,1015.0,1003.8
0,2025-04-23,265,1003.4,1004.7,1001.9
0,2025-04-24,243,1002.9,1004.6,1002.0
0,2025-04-25,286,1003.6,1006.2,1000.9
0,2025-04-26,253,1004.1,1006.1,1002.5
0,2025-04-27,290,1005.7,1009.3,1003.6
0,2025-04-28,92,1006.6,1010.4,998.8
0,2025-04-29,30,999.0,1004.9,994.4
0,2025-04-30,291,1013.0,1020.4,1005.3
0,2025-05-01,130,1019.0,1020.9,1016.0
0,2025-05-02,124,1009.5,1016.1,1003.4
0,2025-05-03,211,1002.2,1004.5,1000.8
0,2025-05-04,160,1000.3,1002.3,998.8
0,2025-05-05,286,1007.0,1009.6,1002.4
0,2025-05-06,106,1005.5,1009.2,999.9
0,2025-05-07,292,1006.3,1013.9,1000.2
0,2025-05-08,265,1017.5,1020.0,1014.4
0,2025-05-09,128,1014.2,1019.9,1006.2
0,2025-05-10,125,993.6,1004.9,988.6
0,2025-05-11,288,995.9,1002.1,990.3
0,2025-05-12,279,1005.2,1009.4,1002.2
0,2025-05-13,265,1013.5,1017.1,1009.9
0,2025-05-14,152,1017.6,1018.4,1016.4
0,2025-05-15,124,1016.3,1018.1,1014.9
0,2025-05-16,135,1014.8,1016.2,1012.9
0,2025-05-17,123,1003.2,1012.5,997.3
0,2025-05-18,289,1002.0,1006.4,999.2
0,2025-05-19,169,1005.9,1008.1,1002.8
0,2025-05-20,285,1005.0,1008.4,1001.2
0,2025-05-21,219,1005.2,1008.3,1002.1
0,2025-05-22,177,1003.2,1008.4,1000.0
0,2025-05-23,272,1013.3,1016.5,1009.0
0,2025-05-24,118,1013.8,1017.0,1006.5
0,2025-05-25,205,1003.3,1006.3,1000.1
0,2025-05-26,291,1014.0,1019.7,1006.1
0,2025-05-27,250,1019.2,1020.3,1017.2
0,2025-05-28,187,1015.4,1017.6,1013.3
0,2025-05-29,248,1011.8,1013.2,1011.0
0,2025-05-30,235,1010.1,1012.1,1008.8
0,2025-05-31,62,1006.3,1009.8,1002.6
0,2025-06-01,276,1000.3,1002.3,999.6
0,2025-06-02,245,1001.6,1002.8,1000.2
0,2025-06-03,85,997.6,1002.5,992.2
0,2025-06-04,250,994.3,998.2,992.1
0,2025-06-05,266,1002.8,1007.0,998.7
0,2025-06-06,95,1005.7,1007.6,1004.4
0,2025-06-07,292,1003.9,1004.7,1003.0
0,2025-06-08,259,1006.1,1009.2,1003.6
0,2025-06-09,140,1008.3,1009.2,1006.7
0,2025-06-10,128,1004.9,1007.4,1001.4
0,2025-06-11,244,1001.3,1003.8,1000.1
0,2025-06-12,286,1010.6,1015.4,1004.3
0,2025-06-13,163,1013.4,1015.6,1010.8
0,2025-06-14,119,1004.6,1010.1,999.6
0,2025-06-15,126,998.5,1000.1,996.9
0,2025-06-16,137,999.4,1000.4,997.9
0,2025-06-17,275,1003.6,1006.5,1000.0
0,2025-06-18,263,1008.9,1011.5,1006.4
0,2025-06-19,209,1012.4,1013.5,1011.5
0,2025-06-20,121,1011.1,1013.4,1008.7
0,2025-06-21,114,1003.3,1008.4,998.7
0,2025-06-22,272,1001.2,1004.1,998.3
0,2025-06-23,177,1006.7,1009.5,1004.2
0,2025-06-24,249,1011.1,1012.5,1009.4
0,2025-06-25,163,1009.7,1012.0,1006.0
0,2025-06-26,249,1000.5,1005.7,997.1
0,2025-06-27,281,998.2,1001.4,995.9
0,2025-06-28,271,1002.1,1004.5,1000.0
0,2025-06-29,249,1005.7,1007.4,1004.3
0,2025-06-30,238,1007.7,1008.5,1006.8
0,2025-07-01,212,1008.7,1010.5,1007.2
0,2025-07-02,131,1010.1,1011.3,1009.2
0,2025-07-03,152,1005.9,1009.0,1003.1
0,2025-07-04,119,1000.7,1003.3,997.1
0,2025-07-05,241,998.7,999.6,997.2
0,2025-07-06,274,999.4,1000.9,998.4
0,2025-07-07,235,1002.5,1004.3,1000.9
0,2025-07-08,287,1005.9,1008.9,1003.8
0,2025-07-09,241,1010.6,1013.0,1009.1
0,2025-07-10,163,1015.0,1016.5,1013.0
0,2025-07-11,177,1015.5,1017.1,1013.7
0,2025-07-12,103,1008.5,1013.2,1005.0
0,2025-07-13,107,1003.3,1004.4,1002.6
0,2025-07-14,117,999.7,1003.4,993.2
0,2025-07-15,114,1006.0,1008.2,1001.5
0,2025-07-16,128,1010.2,1011.6,1006.4
0,2025-07-17,128,1011.0,1011.6,1010.3
0,2025-07-18,299,1011.5,1012.2,1010.6
0,2025-07-19,254,1011.5,1012.5,1010.7
0,2025-07-20,270,1010.9,1011.6,1010.1
0,2025-07-21,283,1009.5,1010.7,1008.8
0,2025-07-22,274,1007.6,1009.0,1006.8
0,2025-07-23,271,1006.7,1007.4,1005.6
0,2025-07-24,267,1006.7,1007.8,1005.4
0,2025-07-25,223,1007.0,1007.6,1006.1
0,2025-07-26,69,1005.5,1007.7,1002.6
0,2025-07-27,140,1000.8,1002.4,999.7
0,2025-07-28,134,1000.8,1001.6,1000.0
0,2025-07-29,134,1002.2,1003.4,1001.0
0,2025-07-30,180,1004.5,1006.0,1003.2
0,2025-07-31,118,1005.4,1006.3,1004.7
0,2025-08-01,127,1003.1,1005.4,1000.9
0,2025-08-02,175,998.8,1000.6,997.5
0,2025-08-03,191,1001.9,1003.6,1000.2
0,2025-08-04,126,1002.1,1003.8,999.2
0,2025-08-05,268,998.3,999.3,997.2
0,2025-08-06,348,996.5,999.0,992.6
0,2025-08-07,170,992.2,994.1,991.3
0,2025-08-08,282,998.1,1003.0,993.9
0,2025-08-09,64,1004.1,1005.6,1003.0
0,2025-08-10,116,1001.2,1003.9,999.3
0,2025-08-11,228,1002.5,1004.4,1000.6
0,2025-08-12,153,1008.8,1013.4,1004.7
0,2025-08-13,119,1014.6,1015.7,1013.6
0,2025-08-14,143,1011.5,1015.0,1007.2
0,2025-08-15,295,1008.0,1010.0,1006.0
0,2025-08-16,323,1009.4,1010.6,1008.0
0,2025-08-17,282,1005.6,1009.9,1002.4
0,2025-08-18,344,1010.1,1011.7,1007.5
0,2025-08-19,246,1003.8,1007.0,1002.8
0,2025-08-20,255,1002.5,1004.4,1001.2
0,2025-08-21,303,1005.6,1009.1,1002.6
0,2025-08-22,140,1007.2,1009.6,1003.2
0,2025-08-23,289,1004.5,1008.5,1001.6
0,2025-08-24,118,1011.5,1013.6,1009.1
0,2025-08-25,111,1012.5,1014.1,1009.9
0,2025-08-26,150,1004.3,1009.5,999.9
0,2025-08-27,282,1003.4,1009.3,998.7
0,2025-08-28,329,1011.4,1013.3,1009.3
0,2025-08-29,93,1010.0,1012.3,1007.5
0,2025-08-30,201,1009.3,1011.9,1006.6
0,2025-08-31,101,1010.9,1012.5,1008.2
0,2025-09-01,231,1003.7,1007.8,1001.2
0,2025-09-02,289,1002.0,1004.4,1001.0
0,2025-09-03,314,1008.4,1012.9,1004.5
0,2025-09-04,104,1012.0,1013.7,1009.2
0,2025-09-05,104,1006.2,1009.1,1004.7
0,2025-09-06,316,1004.5,1006.1,1002.3
0,2025-09-07,51,1001.8,1004.4,1000.1
0,2025-09-08,319,1007.7,1009.7,1004.8
0,2025-09-09,70,1009.9,1011.2,1009.0
0,2025-09-10,44,1012.4,1013.7,1011.2
0,2025-09-11,45,1015.3,1017.1,1013.4
0,2025-09-12,108,1017.2,1018.4,1015.0
0,2025-09-13,162,1003.5,1014.7,993.3
0,2025-09-14,335,1007.4,1012.2,998.0
0,2025-09-15,250,1009.9,1012.9,1008.1
0,2025-09-16,323,1006.7,1009.3,1002.3
0,2025-09-17,287,1003.1,1004.8,1000.7
0,2025-09-18,321,1009.2,1015.2,1004.5
0,2025-09-19,335,1016.1,1016.9,1014.6
0,2025-09-20,130,1003.4,1016.2,991.3
0,2025-09-21,314,1008.2,1016.9,996.8
0,2025-09-22,326,1018.8,1021.2,1017.0
0,2025-09-23,52,1021.6,1022.4,1020.4
0,2025-09-24,124,1019.1,1022.7,1014.4
0,2025-09-25,207,1009.3,1013.6,1007.4
0,2025-09-26,296,1008.6,1010.7,1007.0
0,2025-09-27,308,1010.7,1011.6,1009.2
0,2025-09-28,353,1006.5,1011.3,1000.6
0,2025-09-29,21,1001.9,1008.6,998.3
0,2025-09-30,100,1011.7,1013.4,1009.3
0,2025-10-01,97,1011.2,1013.0,1009.8
0,2025-10-02,296,1012.9,1017.4,1009.6
0,2025-10-03,302,1018.4,1020.8,1016.7
0,2025-10-04,113,1015.1,1020.4,1010.8
0,2025-10-05,39,1007.4,1010.6,1005.5
0,2025-10-06,26,1016.6,1022.3,1010.7
0,2025-10-07,154,1016.9,1022.8,1009.1
0,2025-10-08,297,1009.9,1017.0,1005.4
0,2025-10-09,99,1017.0,1017.6,1015.4
0,2025-10-10,328,1017.6,1020.0,1015.5
0,2025-10-11,62,1016.5,1019.4,1013.7
0,2025-10-12,88,1009.7,1012.8,1008.0
0,2025-10-13,58,1014.6,1019.4,1010.0
0,2025-10-14,308,1018.3,1019.5,1016.5
0,2025-10-15,357,1020.5,1022.4,1017.4
0,2025-10-16,61,1018.5,1021.8,1017.5
0,2025-10-17,6,1017.9,1020.1,1014.4
0,2025-10-18,321,1010.4,1016.5,1007.2
0,2025-10-19,317,1017.0,1018.2,1015.6
0,2025-10-20,330,1018.8,1022.2,1015.7
0,2025-10-21,332,1023.3,1025.1,1020.8
0,2025-10-22,327,1025.7,1026.9,1023.6
0,2025-10-23,320,1025.1,1026.9,1024.0
0,2025-10-24,348,1024.6,1025.6,1023.3
0,2025-10-25,31,1021.4,1025.4,1018.3
0,2025-10-26,58,1004.9,1017.8,995.7
0,2025-10-27,281,1000.4,1006.7,996.0
0,2025-10-28,298,1012.7,1020.7,1007.1
0,2025-10-29,350,1025.0,1027.2,1021.6
0,2025-10-30,204,1023.2,1027.0,1021.0
0,2025-10-31,59,1011.4,1021.4,984.2
0,2025-11-01,344,991.5,1002.4,972.0
0,2025-11-02,306,1006.5,1012.3,1001.8
0,2025-11-03,352,1018.9,1025.4,1012.5
0,2025-11-04,290,1022.5,1025.1,1021.1
0,2025-11-05,309,1020.5,1021.8,1019.4
0,2025-11-06,327,1012.2,1019.0,1008.9
0,2025-11-07,305,1015.1,1024.1,1007.7
0,2025-11-08,349,1022.3,1025.1,1015.4
0,2025-11-09,3,1002.0,1015.2,995.2
0,2025-11-10,311,998.9,1004.4,993.1
0,2025-11-11,319,1010.5,1017.3,1004.7
0,2025-11-12,316,1014.3,1017.6,1008.3
0,2025-11-13,278,1004.4,1008.7,1001.8
0,2025-11-14,326,1013.4,1018.5,1008.3
0,2025-11-15,319,1021.6,1025.7,1018.2
0,2025-11-16,211,1018.1,1025.8,1003.4
0,2025-11-17,293,1002.2,1003.8,1000.0
0,2025-11-18,324,1006.3,1011.7,1002.4
0,2025-11-19,331,1015.0,1017.0,1011.7
0,2025-11-20,249,1010.1,1017.0,1004.5
0,2025-11-21,299,1008.7,1015.1,1005.5
0,2025-11-22,311,1017.1,1018.5,1015.4
0,2025-11-23,4,1015.3,1018.9,1012.9
0,2025-11-24,345,1010.6,1012.8,1009.1
0,2025-11-25,43,1009.0,1012.3,1007.9
0,2025-11-26,49,1016.6,1019.4,1013.0
0,2025-11-27,143,1009.1,1019.3,996.4
0,2025-11-28,289,999.7,1008.4,993.4
0,2025-11-29,330,1011.6,1014.1,1008.7
0,2025-11-30,345,1010.2,1012.2,1006.6
0,2025-12-01,281,1009.2,1015.3,1002.1
0,2025-12-02,257,1007.3,1014.7,1004.1
0,2025-12-03,327,1000.0,1006.9,997.0
0,2025-12-04,317,1002.2,1004.4,999.7
0,2025-12-05,299,1007.7,1013.2,1004.0
0,2025-12-06,288,1013.1,1014.9,1010.7
0,2025-12-07,280,1009.0,1010.7,1008.4
0,2025-12-08,293,1007.8,1013.5,1000.4
0,2025-12-09,318,1014.3,1016.4,1012.9
0,2025-12-10,312,1015.3,1017.7,1009.8
0,2025-12-11,296,1004.8,1011.7,1000.1
0,2025-12-12,323,1016.4,1019.6,1012.3
0,2025-12-13,337,1018.8,1020.5,1015.4
0,2025-12-14,23,995.2,1014.7,983.3
0,2025-12-15,307,1005.1,1010.3,993.2
0,2025-12-16,294,1009.9,1013.1,1007.2
0,2025-12-17,292,1012.0,1016.2,1010.7
0,2025-12-18,335,1020.3,1024.3,1017.1
0,2025-12-19,45,1021.3,1024.3,1017.0
0,2025-12-20,223,1012.6,1017.1,1007.8
0,2025-12-21,324,1011.0,1018.3,1005.2
0,2025-12-22,334,1025.2,1029.9,1019.3
0,2025-12-23,94,1022.9,1030.0,1015.1
0,2025-12-24,58,1008.8,1014.6,1003.5
0,2025-12-25,347,996.3,1002.8,990.5
0,2025-12-26,306,999.5,1009.3,993.2
0,2025-12-27,302,1009.7,1012.0,1008.3
0,2025-12-28,341,1015.6,1017.5,1012.4
0,2025-12-29,97,1010.2,1015.8,1006.5
0,2025-12-30,313,1006.3,1007.9,1004.2
0,2025-12-31,302,1005.5,1008.2,1003.9
0,2026-01-01,310,1002.4,1003.9,1001.0
0,2026-01-02,332,1003.5,1004.6,1002.4
0,2026-01-03,321,1004.3,1005.7,1002.9
0,2026-01-04,307,1003.5,1004.8,1002.3
0,2026-01-05,336,1004.5,1006.6,1002.1
0,2026-01-06,10,1011.0,1014.1,1007.0
0,2026-01-07,188,1004.5,1013.7,999.5
0,2026-01-08,325,1003.6,1008.7,998.3
0,2026-01-09,332,1010.7,1012.2,1008.7
0,2026-01-10,183,998.9,1009.9,991.7
0,2026-01-11,285,990.1,995.6,987.9
0,2026-01-12,292,1000.6,1002.8,996.4
0,2026-01-13,281,993.8,1001.6,985.4
0,2026-01-14,301,1004.9,1008.6,1002.1
0,2026-01-15,297,1004.8,1008.3,1002.4
0,2026-01-16,323,1007.1,1010.0,1003.7
0,2026-01-17,330,1008.8,1013.2,1006.8
0,2026-01-18,337,1015.5,1016.9,1013.7
0,2026-01-19,298,1004.2,1014.6,997.1
0,2026-01-20,314,1000.2,1002.7,996.7
0,2026-01-21,344,1000.4,1002.5,999.6
0,2026-01-22,353,1003.4,1007.3,1000.6
0,2026-01-23,1,1008.5,1009.7,1007.2
0,2026-01-24,339,1004.9,1007.6,1002.6
0,2026-01-25,340,1006.6,1012.6,1002.3
0,2026-01-26,359,1011.9,1013.7,1010.4
0,2026-01-27,49,1007.3,1010.4,1005.3
0,2026-01-28,51,1010.2,1011.3,1008.6
0,2026-01-29,89,1007.9,1010.1,1006.9
0,2026-01-30,309,1006.3,1007.3,1004.4
0,2026-01-31,321,1007.3,1008.2,1006.4
1,2021-01-01,330,1011.8,1014.9,1008.2
1,2021-01-02,359,1017.0,1019.1,1013.8
1,2021-01-03,308,1018.7,1020.8,1017.2
1,2021-01-04,328,1020.9,1022.2,1018.9
1,2021-01-05,346,1019.2,1021.6,1018.1
1,2021-01-06,31,1013.3,1019.1,1005.2
1,2021-01-07,330,995.2,1006.3,988.3
1,2021-01-08,323,1004.5,1006.9,1001.3
1,2021-01-09,317,1007.4,1011.1,1004.3
1,2021-01-10,336,1014.9,1019.6,1010.7
1,2021-01-11,342,1022.0,1023.8,1019.4
1,2021-01-12,124,1012.2,1021.4,1006.7
1,2021-01-13,275,1009.0,1012.0,1005.9
1,2021-01-14,303,1017.2,1025.3,1007.3
1,2021-01-15,144,1016.5,1025.0,1003.0
1,2021-01-16,300,1007.9,1012.1,1002.5
1,2021-01-17,314,1013.1,1014.9,1011.2
1,2021-01-18,350,1008.4,1014.5,1002.5
1,2021-01-19,328,1017.7,1024.3,1006.7
1,2021-01-20,335,1024.5,1027.1,1020.9
1,2021-01-21,320,1017.1,1020.0,1014.3
1,2021-01-22,333,1019.7,1026.1,1013.9
1,2021-01-23,14,1027.6,1028.7,1025.7
1,2021-01-24,21,1025.6,1028.3,1023.9
1,2021-01-25,336,1028.1,1030.1,1025.0
1,2021-01-26,112,1020.6,1029.7,1007.2
1,2021-01-27,308,1012.6,1019.9,1006.2
1,2021-01-28,89,1009.0,1020.4,994.8
1,2021-01-29,93,995.1,998.6,993.8
1,2021-01-30,319,1011.0,1016.9,1000.2
1,2021-01-31,314,1023.8,1027.0,1017.6
1,2021-02-01,182,1009.3,1024.5,998.3
1,2021-02-02,292,1004.7,1009.2,997.8
1,2021-02-03,313,1011.3,1013.1,1008.9
1,2021-02-04,304,1009.0,1013.5,1006.3
1,2021-02-05,287,1012.0,1014.3,1008.4
1,2021-02-06,315,1008.4,1009.5,1006.8
1,2021-02-07,331,1007.5,1008.9,1006.5
1,2021-02-08,320,1005.5,1007.8,1003.8
1,2021-02-09,310,1010.4,1012.5,1007.5
1,2021-02-10,316,1011.4,1014.9,1009.1
1,2021-02-11,323,1021.5,1027.4,1015.1
1,2021-02-12,91,1029.2,1030.4,1027.2
1,2021-02-13,74,1023.8,1028.6,1020.4
1,2021-02-14,96,1015.6,1020.1,1009.0
1,2021-02-15,139,985.6,1007.0,971.2
1,2021-02-16,267,986.4,991.5,973.8
1,2021-02-17,275,991.5,992.4,990.3
1,2021-02-18,313,998.6,1005.1,992.0
1,2021-02-19,262,1004.4,1007.3,998.2
1,2021-02-20,272,999.5,1007.6,995.4
1,2021-02-21,321,1011.3,1013.4,1007.8
1,2021-02-22,355,1006.1,1012.6,1001.7
1,2021-02-23,297,1007.8,1013.8,1002.2
1,2021-02-24,324,1017.3,1022.5,1013.3
1,2021-02-25,333,1020.1,1022.2,1017.9
1,2021-02-26,312,1020.9,1027.3,1017.3
1,2021-02-27,329,1030.7,1032.6,1028.1
1,2021-02-28,160,1025.7,1030.5,1021.8
1,2021-03-01,47,1016.6,1021.4,1006.7
1,2021-03-02,331,1009.7,1024.4,1001.7
1,2021-03-03,359,1031.0,1033.5,1026.0
1,2021-03-04,114,1027.5,1033.2,1023.1
1,2021-03-05,34,1017.5,1022.3,1013.4
1,2021-03-06,319,1024.2,1028.7,1017.1
1,2021-03-07,289,1026.0,1028.5,1024.1
1,2021-03-08,311,1025.4,1026.9,1022.9
1,2021-03-09,151,1018.5,1026.4,1009.9
1,2021-03-10,309,1019.8,1026.8,1010.1
1,2021-03-11,264,1023.9,1026.2,1022.7
1,2021-03-12,329,1024.6,1026.1,1022.7
1,2021-03-13,107,1016.7,1025.8,1007.1
1,2021-03-14,332,1006.3,1009.4,1003.9
1,2021-03-15,324,1009.2,1010.9,1007.6
1,2021-03-16,259,1003.7,1007.8,1001.4
1,2021-03-17,301,1010.1,1015.1,1005.6
1,2021-03-18,316,1017.1,1020.5,1014.5
1,2021-03-19,311,1022.2,1026.0,1019.8
1,2021-03-20,126,1021.6,1026.0,1012.1
1,2021-03-21,118,999.9,1011.3,996.3
1,2021-03-22,265,1007.4,1015.2,999.5
1,2021-03-23,228,1017.1,1019.3,1015.8
1,2021-03-24,201,1020.9,1022.2,1019.7
1,2021-03-25,55,1015.7,1020.1,1012.5
1,2021-03-26,322,1016.0,1022.1,1011.0
1,2021-03-27,114,1021.5,1023.7,1017.6
1,2021-03-28,114,1009.5,1016.9,1003.5
1,2021-03-29,182,1003.4,1009.4,999.2
1,2021-03-30,148,1011.6,1013.9,1009.3
1,2021-03-31,315,1013.9,1019.0,1011.0
1,2021-04-01,320,1024.8,1031.1,1019.2
1,2021-04-02,123,1028.4,1032.3,1022.8
1,2021-04-03,102,1015.7,1021.9,1012.7
1,2021-04-04,282,1011.1,1014.8,1009.2
1,2021-04-05,175,1021.0,1024.6,1015.7
1,2021-04-06,146,1021.4,1024.8,1017.5
1,2021-04-07,179,1013.2,1017.5,1011.0
1,2021-04-08,308,1013.0,1014.3,1011.9
1,2021-04-09,303,1020.5,1028.4,1014.9
1,2021-04-10,294,1030.7,1033.6,1028.4
1,2021-04-11,282,1033.1,1034.0,1032.1
1,2021-04-12,110,1026.2,1032.4,1018.7
1,2021-04-13,175,1008.7,1016.9,1004.7
1,2021-04-14,305,1011.4,1017.1,1006.5
1,2021-04-15,277,1022.1,1027.4,1017.3
1,2021-04-16,119,1025.4,1027.6,1022.7
1,2021-04-17,119,1012.7,1021.7,997.3
1,2021-04-18,296,989.8,996.6,987.2
1,2021-04-19,270,1002.4,1007.4,996.1
1,2021-04-20,288,1010.7,1015.2,1005.3
1,2021-04-21,314,1015.2,1017.4,1013.2
1,2021-04-22,53,1022.6,1025.0,1018.5
1,2021-04-23,131,1022.8,1023.8,1020.0
1,2021-04-24,301,1013.0,1019.1,1009.3
1,2021-04-25,292,1013.6,1019.9,1009.4
1,2021-04-26,313,1020.2,1021.9,1017.6
1,2021-04-27,236,1020.2,1021.9,1018.8
1,2021-04-28,125,1015.5,1018.7,1014.3
1,2021-04-29,62,1005.9,1013.8,991.5
1,2021-04-30,311,998.8,1005.6,993.1
1,2021-05-01,322,1004.7,1007.6,1000.1
1,2021-05-02,302,1000.7,1003.6,997.6
1,2021-05-03,309,1006.0,1009.8,1002.7
1,2021-05-04,349,1015.3,1018.1,1010.3
1,2021-05-05,131,1011.5,1015.1,1008.2
1,2021-05-06,246,1014.8,1016.1,1013.6
1,2021-05-07,118,1006.5,1013.5,1001.4
1,2021-05-08,175,1002.8,1005.1,1000.2
1,2021-05-09,172,999.6,1001.1,998.1
1,2021-05-10,312,1007.4,1012.4,1001.2
1,2021-05-11,322,1017.5,1024.0,1012.5
1,2021-05-12,124,1022.0,1023.9,1018.7
1,2021-05-13,121,1014.7,1018.3,1012.7
1,2021-05-14,313,1014.7,1018.6,1011.6
1,2021-05-15,118,1017.0,1019.2,1013.0
1,2021-05-16,111,1004.8,1011.9,998.0
1,2021-05-17,139,1002.3,1009.0,996.8
1,2021-05-18,125,1012.6,1014.2,1010.2
1,2021-05-19,131,1012.6,1014.1,1011.4
1,2021-05-20,126,1013.7,1015.4,1011.2
1,2021-05-21,110,1006.7,1010.9,1005.2
1,2021-05-22,307,1006.2,1007.0,1005.1
1,2021-05-23,265,1006.6,1007.9,1005.0
1,2021-05-24,281,1003.0,1005.3,1000.4
1,2021-05-25,284,1000.0,1002.9,998.3
1,2021-05-26,266,1007.1,1010.4,1003.1
1,2021-05-27,108,1003.5,1009.9,998.5
1,2021-05-28,128,1005.7,1008.6,1001.2
1,2021-05-29,142,1001.4,1003.8,998.2
1,2021-05-30,294,1006.5,1011.7,1003.4
1,2021-05-31,321,1014.8,1019.0,1011.4
1,2021-06-01,142,1019.3,1020.1,1018.5
1,2021-06-02,130,1018.0,1019.1,1017.0
1,2021-06-03,125,1012.7,1018.0,1006.1
1,2021-06-04,152,999.3,1004.4,996.7
1,2021-06-05,227,1003.1,1005.5,1000.7
1,2021-06-06,249,1007.9,1011.0,1005.4
1,2021-06-07,282,1011.6,1012.0,1011.0
1,2021-06-08,272,1012.5,1017.1,1010.0
1,2021-06-09,171,1017.6,1018.7,1016.5
1,2021-06-10,140,1018.1,1018.7,1017.3
1,2021-06-11,117,1017.0,1018.1,1015.5
1,2021-06-12,155,1013.0,1015.4,1011.9
1,2021-06-13,150,1009.4,1011.8,1008.2
1,2021-06-14,182,1007.9,1009.2,1006.2
1,2021-06-15,262,1010.4,1012.2,1009.0
1,2021-06-16,194,1012.1,1012.9,1011.1
1,2021-06-17,169,1009.2,1011.5,1007.1
1,2021-06-18,155,1006.4,1007.8,1005.4
1,2021-06-19,125,1003.4,1007.3,999.8
1,2021-06-20,296,1002.2,1004.7,1000.4
1,2021-06-21,213,1008.6,1012.0,1005.2
1,2021-06-22,157,1013.0,1014.1,1011.7
1,2021-06-23,135,1014.0,1014.7,1012.9
1,2021-06-24,127,1014.1,1014.7,1013.3
1,2021-06-25,171,1013.6,1014.4,1012.9
1,2021-06-26,188,1013.5,1014.4,1012.6
1,2021-06-27,146,1010.7,1013.0,1008.6
1,2021-06-28,173,1009.5,1010.9,1008.2
1,2021-06-29,143,1010.1,1012.0,1009.2
1,2021-06-30,138,1015.0,1017.0,1012.2
1,2021-07-01,120,1016.5,1017.1,1015.7
1,2021-07-02,144,1014.8,1016.4,1012.8
1,2021-07-03,247,1014.9,1017.7,1013.0
1,2021-07-04,125,1015.1,1017.8,1011.6
1,2021-07-05,115,1007.1,1010.8,1005.7
1,2021-07-06,128,1009.1,1010.7,1007.8
1,2021-07-07,174,1011.3,1012.1,1010.4
1,2021-07-08,139,1012.5,1013.2,1011.7
1,2021-07-09,135,1012.4,1013.3,1011.7
1,2021-07-10,137,1011.7,1012.5,1010.8
1,2021-07-11,126,1012.0,1012.6,1011.3
1,2021-07-12,135,1014.2,1016.1,1012.7
1,2021-07-13,143,1017.9,1019.9,1015.8
1,2021-07-14,175,1019.9,1021.7,1019.0
1,2021-07-15,187,1020.8,1021.3,1020.0
1,2021-07-16,281,1018.2,1020.8,1016.9
1,2021-07-17,293,1014.6,1016.2,1014.0
1,2021-07-18,306,1013.1,1014.9,1011.7
1,2021-07-19,268,1014.2,1014.7,1013.7
1,2021-07-20,284,1014.7,1016.5,1012.3
1,2021-07-21,174,1016.2,1017.1,1015.6
1,2021-07-22,143,1014.0,1015.7,1013.1
1,2021-07-23,136,1013.2,1014.0,1012.6
1,2021-07-24,138,1013.2,1013.8,1012.7
1,2021-07-25,143,1012.6,1013.5,1011.8
1,2021-07-26,103,1008.8,1011.9,1005.3
1,2021-07-27,129,1005.4,1006.8,1004.0
1,2021-07-28,121,1005.2,1005.9,1004.3
1,2021-07-29,123,1005.2,1006.1,1004.3
1,2021-07-30,129,1006.0,1006.8,1004.9
1,2021-07-31,306,1005.4,1006.7,1004.4
1,2021-08-01,139,1004.8,1008.3,1003.1
1,2021-08-02,130,1009.8,1010.9,1008.2
1,2021-08-03,185,1010.8,1011.2,1010.5
1,2021-08-04,254,1008.7,1010.4,1007.7
1,2021-08-05,163,1007.0,1007.9,1006.2
1,2021-08-06,131,1007.8,1008.9,1006.7
1,2021-08-07,126,1007.7,1008.7,1006.6
1,2021-08-08,129,1006.5,1007.7,1004.8
1,2021-08-09,85,1002.9,1006.5,994.4
1,2021-08-10,29,1001.4,1011.3,993.2
1,2021-08-11,192,1015.8,1018.2,1012.8
1,2021-08-12,119,1017.1,1018.9,1016.0
1,2021-08-13,124,1016.6,1017.4,1015.4
1,2021-08-14,110,1014.5,1015.6,1013.3
1,2021-08-15,153,1018.5,1020.6,1016.5
1,2021-08-16,131,1020.4,1020.9,1019.6
1,2021-08-17,126,1018.1,1020.3,1014.9
1,2021-08-18,79,1010.3,1013.7,1007.7
1,2021-08-19,311,1015.7,1019.2,1012.7
1,2021-08-20,139,1019.1,1019.9,1018.3
1,2021-08-21,129,1017.3,1019.0,1015.3
1,2021-08-22,119,1012.7,1015.2,1010.4
1,2021-08-23,117,1011.7,1013.0,1010.0
1,2021-08-24,119,1012.2,1013.9,1009.5
1,2021-08-25,113,1007.8,1009.6,1006.9
1,2021-08-26,294,1008.7,1010.0,1007.6
1,2021-08-27,270,1009.6,1010.7,1008.1
1,2021-08-28,265,1007.6,1009.0,1006.5
1,2021-08-29,263,1010.1,1011.0,1009.0
1,2021-08-30,258,1009.6,1010.8,1008.7
1,2021-08-31,310,1011.0,1012.8,1008.8
1,2021-09-01,296,1011.3,1012.5,1010.5
1,2021-09-02,166,1013.0,1014.8,1011.7
1,2021-09-03,133,1016.9,1019.0,1015.0
1,2021-09-04,141,1021.1,1022.8,1019.2
1,2021-09-05,184,1022.3,1023.1,1021.7
1,2021-09-06,185,1020.7,1022.1,1019.8
1,2021-09-07,129,1018.8,1019.7,1017.4
1,2021-09-08,116,1015.1,1017.3,1012.3
1,2021-09-09,106,1012.0,1013.6,1010.5
1,2021-09-10,155,1014.1,1015.1,1013.1
1,2021-09-11,139,1011.7,1014.0,1009.2
1,2021-09-12,257,1006.4,1009.0,1005.2
1,2021-09-13,334,1016.7,1020.9,1009.6
1,2021-09-14,122,1020.0,1020.7,1019.4
1,2021-09-15,141,1021.2,1022.3,1019.7
1,2021-09-16,123,1020.6,1022.1,1019.2
1,2021-09-17,99,1015.4,1019.0,1011.1
1,2021-09-18,11,1009.7,1012.2,1006.8
1,2021-09-19,332,1014.6,1017.5,1012.0
1,2021-09-20,5,1018.4,1019.8,1017.1
1,2021-09-21,115,1014.0,1018.0,1010.0
1,2021-09-22,133,1008.5,1009.6,1007.5
1,2021-09-23,167,1011.1,1016.5,1009.1
1,2021-09-24,16,1023.3,1027.4,1017.8
1,2021-09-25,95,1027.0,1027.8,1026.3
1,2021-09-26,105,1024.3,1026.7,1022.8
1,2021-09-27,110,1022.2,1023.4,1021.1
1,2021-09-28,110,1019.9,1021.5,1018.6
1,2021-09-29,124,1013.9,1019.0,1007.9
1,2021-09-30,206,1007.0,1009.5,1004.4
1,2021-10-01,121,1007.7,1009.5,1005.6
1,2021-10-02,312,1010.0,1019.9,1004.4
1,2021-10-03,245,1020.7,1022.9,1018.8
1,2021-10-04,264,1017.8,1020.1,1016.8
1,2021-10-05,125,1019.1,1021.1,1017.4
1,2021-10-06,337,1020.6,1023.2,1017.9
1,2021-10-07,106,1019.8,1023.6,1016.5
1,2021-10-08,321,1023.5,1029.0,1019.3
1,2021-10-09,99,1028.0,1029.8,1024.5
1,2021-10-10,187,1014.7,1024.1,1007.7
1,2021-10-11,305,1019.2,1026.8,1011.8
1,2021-10-12,135,1029.6,1030.8,1027.4
1,2021-10-13,120,1026.3,1030.7,1021.0
1,2021-10-14,216,1015.3,1021.9,1011.2
1,2021-10-15,338,1016.1,1019.5,1011.3
1,2021-10-16,134,1011.5,1019.0,1005.8
1,2021-10-17,341,1016.9,1023.5,1010.7
1,2021-10-18,56,1024.3,1026.3,1022.2
1,2021-10-19,107,1011.3,1020.9,1003.2
1,2021-10-20,355,1004.0,1008.9,999.8
1,2021-10-21,318,1014.4,1018.8,1009.8
1,2021-10-22,324,1015.9,1018.4,1014.4
1,2021-10-23,333,1018.8,1021.6,1014.9
1,2021-10-24,296,1023.0,1025.8,1020.6
1,2021-10-25,94,1023.9,1026.0,1022.0
1,2021-10-26,85,1016.5,1021.5,1013.3
1,2021-10-27,188,1012.8,1015.0,1010.5
1,2021-10-28,301,1014.3,1018.9,1011.0
1,2021-10-29,338,1021.5,1024.8,1019.3
1,2021-10-30,99,1025.6,1026.7,1024.5
1,2021-10-31,356,1022.7,1025.1,1021.9
1,2021-11-01,106,1023.1,1024.9,1021.9
1,2021-11-02,91,1017.7,1022.6,1014.6
1,2021-11-03,25,1012.8,1014.6,1012.0
1,2021-11-04,93,1015.3,1018.6,1012.5
1,2021-11-05,85,1020.7,1023.2,1018.1
1,2021-11-06,86,1022.9,1024.1,1022.2
1,2021-11-07,338,1025.1,1027.5,1022.4
1,2021-11-08,114,1022.8,1027.7,1016.4
1,2021-11-09,104,1002.7,1015.3,991.2
1,2021-11-10,238,996.0,998.2,992.5
1,2021-11-11,241,1002.9,1005.9,998.1
1,2021-11-12,276,1006.8,1010.8,1004.3
1,2021-11-13,291,1014.5,1016.8,1010.7
1,2021-11-14,252,1011.9,1015.8,1010.3
1,2021-11-15,312,1015.7,1018.4,1012.5
1,2021-11-16,311,1017.7,1020.2,1015.6
1,2021-11-17,354,1020.1,1021.3,1018.8
1,2021-11-18,176,1014.2,1018.6,1012.9
1,2021-11-19,281,1012.2,1018.8,1007.3
1,2021-11-20,345,1021.6,1022.9,1019.4
1,2021-11-21,98,1021.0,1022.8,1016.4
1,2021-11-22,165,1001.2,1016.6,994.3
1,2021-11-23,270,998.9,1000.0,998.1
1,2021-11-24,284,1003.0,1005.8,1000.3
1,2021-11-25,298,1006.4,1009.2,1004.4
1,2021-11-26,313,1010.6,1013.1,1008.3
1,2021-11-27,328,1020.5,1026.8,1013.9
1,2021-11-28,341,1027.0,1028.2,1024.9
1,2021-11-29,260,1021.0,1024.5,1019.8
1,2021-11-30,142,1011.2,1021.8,994.8
1,2021-12-01,254,994.1,1000.9,989.1
1,2021-12-02,254,1010.8,1015.2,1001.4
1,2021-12-03,247,1007.9,1012.1,1005.6
1,2021-12-04,327,1015.5,1025.0,1009.8
1,2021-12-05,343,1028.9,1030.7,1025.5
1,2021-12-06,84,1027.1,1030.3,1025.5
1,2021-12-07,343,1025.1,1026.5,1024.2
1,2021-12-08,36,1028.9,1032.7,1025.4
1,2021-12-09,95,1031.4,1033.3,1029.3
1,2021-12-10,92,1024.5,1029.5,1020.4
1,2021-12-11,354,1017.3,1020.4,1014.4
1,2021-12-12,271,1002.9,1014.1,997.9
1,2021-12-13,304,1008.8,1016.5,1000.6
1,2021-12-14,288,1014.0,1016.5,1010.9
1,2021-12-15,327,1015.0,1018.7,1010.9
1,2021-12-16,77,1010.8,1018.6,1001.2
1,2021-12-17,329,996.3,1001.9,993.1
1,2021-12-18,326,1007.5,1010.0,1002.9
1,2021-12-19,353,1009.8,1012.4,1007.8
1,2021-12-20,49,1010.7,1013.2,1006.2
1,2021-12-21,297,1005.5,1007.8,1004.1
1,2021-12-22,315,1011.6,1016.5,1007.0
1,2021-12-23,335,1018.5,1019.9,1016.5
1,2021-12-24,326,1015.6,1019.6,1010.5
1,2021-12-25,307,1005.9,1009.3,1004.4
1,2021-12-26,330,1007.0,1009.2,1004.0
1,2021-12-27,343,1009.8,1013.6,1008.2
1,2021-12-28,336,1017.8,1020.2,1014.6
1,2021-12-29,62,1010.7,1019.5,1006.5
1,2021-12-30,338,1005.3,1007.3,1004.3
1,2021-12-31,320,1005.4,1008.7,1003.0
1,2022-01-01,338,1015.5,1019.5,1010.0
1,2022-01-02,276,1009.7,1018.1,1003.7
1,2022-01-03,312,1009.3,1010.8,1007.9
1,2022-01-04,319,1010.8,1015.4,1007.8
1,2022-01-05,327,1020.9,1023.8,1016.0
1,2022-01-06,29,1019.0,1023.9,1014.7
1,2022-01-07,350,1017.1,1019.6,1014.0
1,2022-01-08,266,1013.7,1019.4,1008.9
1,2022-01-09,347,1016.4,1020.6,1010.8
1,2022-01-10,28,1018.9,1021.4,1015.4
1,2022-01-11,89,996.5,1014.0,984.0
1,2022-01-12,286,985.3,991.6,979.1
1,2022-01-13,290,990.5,992.8,989.3
1,2022-01-14,307,999.5,1009.1,993.2
1,2022-01-15,320,1015.1,1017.6,1010.3
1,2022-01-16,114,1011.1,1017.0,1005.0
1,2022-01-17,314,1005.8,1006.9,1004.9
1,2022-01-18,333,1009.7,1015.5,1004.9
1,2022-01-19,102,1015.0,1016.1,1013.3
1,2022-01-20,343,1014.7,1016.8,1012.6
1,2022-01-21,323,1018.8,1021.7,1016.2
1,2022-01-22,339,1022.3,1023.2,1021.1
1,2022-01-23,9,1017.2,1021.6,1013.9
1,2022-01-24,335,1017.1,1020.2,1013.9
1,2022-01-25,7,1019.7,1020.5,1019.0
1,2022-01-26,101,1014.3,1018.9,1011.0
1,2022-01-27,341,1012.8,1013.8,1011.1
1,2022-01-28,343,1009.5,1012.9,1008.1
1,2022-01-29,322,1007.9,1009.6,1006.3
1,2022-01-30,337,1010.1,1011.1,1008.6
1,2022-01-31,333,1012.8,1015.0,1009.0
1,2022-02-01,317,1010.7,1014.6,1009.4
1,2022-02-02,329,1011.8,1012.8,1011.0
1,2022-02-03,324,1010.0,1010.7,1008.0
1,2022-02-04,337,1006.5,1010.1,1003.8
1,2022-02-05,329,1004.1,1006.5,1001.8
1,2022-02-06,321,1009.4,1014.6,1005.4
1,2022-02-07,327,1017.7,1020.1,1015.1
1,2022-02-08,322,1019.9,1022.4,1017.9
1,2022-02-09,337,1023.7,1025.0,1021.4
1,2022-02-10,55,1023.5,1024.7,1021.8
1,2022-02-11,53,1023.9,1024.7,1022.8
1,2022-02-12,153,1021.1,1024.4,1018.4
1,2022-02-13,295,1019.6,1020.8,1018.4
1,2022-02-14,132,1020.1,1021.5,1018.4
1,2022-02-15,101,1012.7,1019.9,1006.4
1,2022-02-16,81,1006.8,1010.1,1005.0
1,2022-02-17,299,1013.5,1019.6,1009.1
1,2022-02-18,327,1023.1,1025.4,1020.4
1,2022-02-19,113,1016.1,1024.6,1003.7
1,2022-02-20,300,996.2,1003.0,990.9
1,2022-02-21,300,1000.3,1005.8,992.7
1,2022-02-22,304,1008.7,1012.6,1004.7
1,2022-02-23,315,1012.7,1013.7,1011.0
1,2022-02-24,289,1010.7,1012.5,1009.1
1,2022-02-25,282,1011.8,1013.4,1009.7
1,2022-02-26,245,1007.4,1012.9,1003.8
1,2022-02-27,304,1006.0,1011.2,1000.4
1,2022-02-28,298,1014.1,1017.0,1010.9
1,2022-03-01,332,1007.1,1012.7,1004.7
1,2022-03-02,328,1007.1,1008.4,1004.4
1,2022-03-03,349,1008.0,1014.9,1000.0
1,2022-03-04,294,1012.9,1015.2,1006.7
1,2022-03-05,166,997.9,1006.6,994.0
1,2022-03-06,313,997.7,1010.0,991.8
1,2022-03-07,325,1013.2,1015.3,1010.3
1,2022-03-08,314,1016.8,1020.3,1014.4
1,2022-03-09,302,1021.0,1022.4,1019.8
1,2022-03-10,112,1020.8,1022.4,1018.7
1,2022-03-11,135,1011.4,1018.3,1007.2
1,2022-03-12,313,1016.2,1020.6,1010.6
1,2022-03-13,132,1017.3,1020.2,1014.4
1,2022-03-14,137,1014.5,1016.8,1010.3
1,2022-03-15,93,1007.7,1013.7,1002.3
1,2022-03-16,146,1015.0,1016.3,1013.6
1,2022-03-17,318,1018.5,1020.5,1016.2
1,2022-03-18,245,1014.5,1020.3,1005.6
1,2022-03-19,325,999.4,1004.6,996.8
1,2022-03-20,319,1011.8,1016.3,1005.8
1,2022-03-21,285,1018.7,1021.3,1014.8
1,2022-03-22,259,1019.1,1020.7,1018.2
1,2022-03-23,101,1017.9,1019.6,1016.4
1,2022-03-24,93,1018.3,1024.6,1015.0
1,2022-03-25,115,1024.3,1026.5,1019.9
1,2022-03-26,136,1002.8,1017.4,992.0
1,2022-03-27,266,1005.2,1010.2,1000.6
1,2022-03-28,300,1021.0,1029.0,1011.3
1,2022-03-29,119,1024.9,1029.6,1019.7
1,2022-03-30,312,1018.6,1019.9,1017.3
1,2022-03-31,297,1018.1,1019.4,1016.8
1,2022-04-01,312,1021.3,1025.7,1017.2
1,2022-04-02,261,1026.4,1029.3,1024.2
1,2022-04-03,258,1029.9,1030.8,1028.4
1,2022-04-04,124,1026.6,1030.1,1023.4
1,2022-04-05,122,1018.6,1023.1,1014.1
1,2022-04-06,332,1016.7,1020.8,1012.4
1,2022-04-07,192,1014.9,1020.8,1010.5
1,2022-04-08,271,1015.8,1017.8,1013.0
1,2022-04-09,231,1012.8,1017.6,1010.0
1,2022-04-10,125,1017.0,1018.6,1014.8
1,2022-04-11,126,1013.3,1015.2,1011.5
1,2022-04-12,177,1009.5,1011.8,1007.4
1,2022-04-13,189,1018.7,1026.3,1011.6
1,2022-04-14,146,1024.3,1027.0,1019.9
1,2022-04-15,292,1015.5,1020.1,1011.3
1,2022-04-16,183,1011.3,1015.3,1007.5
1,2022-04-17,192,1016.9,1018.0,1015.1
1,2022-04-18,351,1014.8,1017.7,1013.4
1,2022-04-19,295,1017.1,1019.5,1014.8
1,2022-04-20,116,1018.2,1019.5,1017.0
1,2022-04-21,116,1014.9,1018.0,1010.2
1,2022-04-22,215,1005.0,1009.6,1001.9
1,2022-04-23,300,1010.5,1016.0,1003.3
1,2022-04-24,107,1011.2,1015.7,1008.9
1,2022-04-25,202,1014.1,1016.1,1012.0
1,2022-04-26,123,1002.0,1012.3,992.3
1,2022-04-27,278,1007.7,1016.5,996.4
1,2022-04-28,297,1018.3,1020.5,1016.0
1,2022-04-29,288,1015.1,1018.7,1013.3
1,2022-04-30,291,1014.2,1015.7,1012.4
1,2022-05-01,123,1010.2,1014.9,1007.0
1,2022-05-02,274,1008.3,1011.3,1006.8
1,2022-05-03,245,1012.2,1014.2,1009.5
1,2022-05-04,278,1015.9,1024.3,1006.4
1,2022-05-05,125,1022.2,1024.4,1020.6
1,2022-05-06,117,1018.3,1021.2,1016.1
1,2022-05-07,149,1011.5,1015.8,1008.8
1,2022-05-08,275,1013.1,1014.4,1011.6
1,2022-05-09,251,1015.3,1018.6,1012.0
1,2022-05-10,133,1019.9,1021.7,1018.0
1,2022-05-11,121,1018.8,1021.5,1016.5
1,2022-05-12,124,1014.6,1017.1,1011.8
1,2022-05-13,119,1007.3,1013.0,998.5
1,2022-05-14,245,1001.4,1006.6,995.7
1,2022-05-15,246,1009.8,1013.4,1006.7
1,2022-05-16,128,1013.8,1014.7,1012.8
1,2022-05-17,125,1016.6,1018.6,1014.7
1,2022-05-18,129,1018.1,1019.4,1016.9
1,2022-05-19,133,1013.8,1016.5,1012.1
1,2022-05-20,111,1013.0,1014.2,1012.1
1,2022-05-21,125,1010.9,1012.6,1009.3
1,2022-05-22,123,1008.7,1009.9,1007.6
1,2022-05-23,300,1011.9,1014.5,1009.7
1,2022-05-24,282,1014.5,1015.3,1013.6
1,2022-05-25,124,1012.6,1014.6,1011.0
1,2022-05-26,118,1008.9,1011.1,1006.4
1,2022-05-27,123,999.9,1006.0,995.9
1,2022-05-28,306,996.1,998.8,994.4
1,2022-05-29,340,1004.3,1010.0,998.2
1,2022-05-30,152,1010.3,1011.8,1008.4
1,2022-05-31,119,1005.2,1008.7,1002.5
1,2022-06-01,293,1007.5,1009.2,1005.3
1,2022-06-02,162,1008.5,1009.6,1007.9
1,2022-06-03,231,1010.8,1012.0,1009.4
1,2022-06-04,233,1011.4,1013.8,1009.5
1,2022-06-05,155,1014.5,1016.2,1013.1
1,2022-06-06,154,1009.6,1014.0,1006.9
1,2022-06-07,261,1010.0,1013.6,1007.0
1,2022-06-08,147,1016.3,1018.1,1014.1
1,2022-06-09,124,1018.6,1019.2,1017.7
1,2022-06-10,129,1019.0,1020.2,1018.1
1,2022-06-11,127,1014.9,1017.9,1012.3
1,2022-06-12,268,1010.4,1014.1,1008.5
1,2022-06-13,232,1018.8,1021.8,1014.8
1,2022-06-14,142,1020.5,1022.1,1018.6
1,2022-06-15,115,1012.3,1017.6,1007.1
1,2022-06-16,198,1005.9,1007.2,1005.0
1,2022-06-17,249,1008.1,1009.8,1006.6
1,2022-06-18,139,1008.3,1010.0,1006.4
1,2022-06-19,150,1003.0,1007.0,1000.4
1,2022-06-20,319,1003.6,1008.6,1001.0
1,2022-06-21,132,1011.0,1013.7,1008.9
1,2022-06-22,133,1014.0,1014.9,1013.2
1,2022-06-23,117,1010.8,1014.5,1004.1
1,2022-06-24,153,999.1,1004.0,997.2
1,2022-06-25,235,1004.7,1008.4,1000.5
1,2022-06-26,219,1008.2,1009.7,1007.3
1,2022-06-27,307,1008.1,1010.1,1005.7
1,2022-06-28,197,1005.0,1009.2,1001.0
1,2022-06-29,197,1005.0,1009.9,1001.7
1,2022-06-30,157,1014.0,1016.7,1010.7
1,2022-07-01,144,1015.9,1017.3,1014.5
1,2022-07-02,270,1011.8,1013.9,1010.3
1,2022-07-03,251,1008.0,1010.0,1006.8
1,2022-07-04,150,1008.4,1009.6,1007.4
1,2022-07-05,152,1010.5,1012.7,1009.0
1,2022-07-06,269,1014.0,1015.0,1012.4
1,2022-07-07,259,1013.8,1015.0,1012.2
1,2022-07-08,144,1011.3,1013.3,1009.7
1,2022-07-09,325,1007.1,1009.3,1005.3
1,2022-07-10,275,1007.5,1011.0,1005.6
1,2022-07-11,130,1011.5,1012.8,1010.8
1,2022-07-12,134,1011.3,1012.0,1010.4
1,2022-07-13,143,1010.2,1011.4,1009.3
1,2022-07-14,130,1008.4,1009.5,1007.4
1,2022-07-15,126,1008.6,1009.9,1007.6
1,2022-07-16,109,1007.3,1009.8,1003.4
1,2022-07-17,232,1001.0,1002.9,1000.1
1,2022-07-18,243,1003.2,1004.6,1001.6
1,2022-07-19,142,1002.7,1004.4,1001.1
1,2022-07-20,231,1004.0,1005.4,1002.6
1,2022-07-21,158,1005.4,1006.3,1004.3
1,2022-07-22,101,1004.0,1005.8,1001.4
1,2022-07-23,251,1003.1,1005.2,1000.9
1,2022-07-24,297,1008.2,1010.6,1005.8
1,2022-07-25,254,1011.2,1012.0,1010.0
1,2022-07-26,187,1011.7,1012.4,1011.1
1,2022-07-27,292,1012.6,1013.6,1011.7
1,2022-07-28,159,1015.4,1017.0,1013.6
1,2022-07-29,198,1016.4,1017.6,1015.6
1,2022-07-30,200,1012.6,1015.8,1010.2
1,2022-07-31,300,1010.8,1013.6,1008.5
1,2022-08-01,127,1011.7,1014.4,1006.3
1,2022-08-02,138,1009.9,1011.9,1007.6
1,2022-08-03,138,1010.5,1012.2,1008.9
1,2022-08-04,144,1011.9,1012.6,1011.3
1,2022-08-05,137,1011.7,1012.2,1011.1
1,2022-08-06,135,1012.4,1013.2,1011.4
1,2022-08-07,121,1011.5,1013.7,1009.4
1,2022-08-08,164,1005.7,1009.3,1003.4
1,2022-08-09,258,1004.7,1006.1,1002.4
1,2022-08-10,151,1007.0,1008.1,1005.8
1,2022-08-11,135,1006.1,1008.3,1003.5
1,2022-08-12,136,1005.8,1007.3,1003.5
1,2022-08-13,104,1007.0,1007.6,1006.1
1,2022-08-14,311,1005.7,1006.8,1004.4
1,2022-08-15,151,1002.2,1006.8,996.5
1,2022-08-16,268,997.4,1006.7,991.9
1,2022-08-17,22,1010.1,1012.2,1007.7
1,2022-08-18,27,1002.9,1009.9,999.5
1,2022-08-19,313,1000.6,1001.7,999.6
1,2022-08-20,138,1000.3,1003.6,998.2
1,2022-08-21,132,1007.6,1010.2,1004.4
1,2022-08-22,130,1007.6,1010.8,1001.9
1,2022-08-23,252,1001.9,1005.5,1000.0
1,2022-08-24,287,1007.4,1008.7,1005.3
1,2022-08-25,133,1007.3,1008.5,1006.4
1,2022-08-26,125,1008.5,1010.0,1007.3
1,2022-08-27,130,1007.6,1010.5,1005.2
1,2022-08-28,263,1014.2,1018.6,1011.3
1,2022-08-29,100,1019.1,1020.4,1017.2
1,2022-08-30,119,1014.5,1017.0,1012.5
1,2022-08-31,103,1007.4,1012.8,1003.3
1,2022-09-01,200,1011.5,1014.8,1009.0
1,2022-09-02,317,1017.4,1019.4,1015.4
1,2022-09-03,320,1019.3,1020.1,1018.2
1,2022-09-04,139,1018.9,1019.6,1018.1
1,2022-09-05,124,1016.6,1019.2,1014.7
1,2022-09-06,138,1010.9,1014.6,1008.7
1,2022-09-07,294,1015.7,1018.1,1013.1
1,2022-09-08,311,1016.9,1018.6,1015.7
1,2022-09-09,320,1016.5,1019.8,1014.7
1,2022-09-10,156,1021.1,1022.3,1020.4
1,2022-09-11,130,1019.4,1021.0,1018.6
1,2022-09-12,124,1017.2,1019.1,1015.8
1,2022-09-13,319,1015.1,1018.9,1013.7
1,2022-09-14,5,1018.5,1019.8,1017.6
1,2022-09-15,118,1015.8,1017.5,1015.1
1,2022-09-16,107,1017.1,1018.0,1016.4
1,2022-09-17,116,1014.4,1016.7,1012.6
1,2022-09-18,112,1009.2,1013.0,1004.6
1,2022-09-19,60,996.5,1004.4,991.7
1,2022-09-20,333,1007.9,1014.9,997.9
1,2022-09-21,354,1020.4,1024.7,1015.8
1,2022-09-22,121,1023.1,1025.6,1020.0
1,2022-09-23,110,1012.5,1019.3,1008.6
1,2022-09-24,282,1010.6,1014.6,1007.6
1,2022-09-25,308,1016.0,1017.3,1014.4
1,2022-09-26,326,1016.2,1017.4,1015.2
1,2022-09-27,340,1015.7,1016.8,1014.1
1,2022-09-28,331,1010.8,1014.8,1008.9
1,2022-09-29,310,1013.1,1016.7,1009.9
1,2022-09-30,111,1017.0,1017.7,1016.4
1,2022-10-01,119,1017.8,1021.6,1015.8
1,2022-10-02,139,1023.8,1025.0,1021.9
1,2022-10-03,121,1016.2,1023.4,1007.4
1,2022-10-04,309,1006.0,1014.1,1000.8
1,2022-10-05,327,1017.8,1021.4,1015.0
1,2022-10-06,339,1021.8,1023.2,1019.1
1,2022-10-07,29,1020.6,1023.1,1018.0
1,2022-10-08,10,1025.0,1029.9,1020.5
1,2022-10-09,113,1025.7,1030.1,1018.0
1,2022-10-10,106,1006.6,1015.6,1003.7
1,2022-10-11,267,1011.8,1020.7,1005.4
1,2022-10-12,332,1026.4,1029.8,1021.3
1,2022-10-13,94,1026.4,1030.0,1023.6
1,2022-10-14,114,1021.2,1023.5,1019.5
1,2022-10-15,125,1020.2,1021.6,1018.5
1,2022-10-16,113,1016.1,1021.8,1009.1
1,2022-10-17,318,1007.5,1011.5,1004.0
1,2022-10-18,311,1013.9,1017.6,1010.9
1,2022-10-19,309,1018.9,1021.0,1016.6
1,2022-10-20,285,1020.0,1022.4,1018.7
1,2022-10-21,240,1018.6,1022.4,1013.8
1,2022-10-22,279,1010.6,1013.6,1009.7
1,2022-10-23,319,1010.9,1012.9,1009.1
1,2022-10-24,27,1018.1,1024.5,1012.5
1,2022-10-25,75,1028.4,1031.5,1025.3
1,2022-10-26,10,1027.9,1031.4,1025.7
1,2022-10-27,48,1025.1,1026.2,1024.2
1,2022-10-28,119,1022.7,1025.3,1020.8
1,2022-10-29,300,1019.7,1021.8,1018.8
1,2022-10-30,356,1022.4,1026.7,1018.9
1,2022-10-31,124,1027.7,1029.0,1026.7
1,2022-11-01,141,1019.3,1026.5,1015.8
1,2022-11-02,298,1014.9,1016.8,1012.9
1,2022-11-03,328,1010.1,1012.4,1009.0
1,2022-11-04,332,1012.9,1015.6,1009.8
1,2022-11-05,299,1016.0,1018.9,1013.9
1,2022-11-06,333,1020.5,1023.6,1018.1
1,2022-11-07,33,1020.4,1023.3,1018.1
1,2022-11-08,10,1018.4,1022.4,1015.8
1,2022-11-09,269,1020.0,1022.0,1017.6
1,2022-11-10,327,1021.9,1028.3,1017.1
1,2022-11-11,345,1027.0,1028.7,1023.4
1,2022-11-12,136,1017.2,1023.3,1008.3
1,2022-11-13,291,1003.0,1012.4,996.4
1,2022-11-14,341,1012.8,1014.3,1011.5
1,2022-11-15,52,1008.9,1011.5,1007.5
1,2022-11-16,328,1013.6,1020.3,1008.6
1,2022-11-17,345,1023.7,1026.2,1020.1
1,2022-11-18,103,1022.4,1026.2,1020.1
1,2022-11-19,109,1027.1,1029.2,1024.3
1,2022-11-20,124,1024.6,1029.1,1020.4
1,2022-11-21,230,1015.6,1020.1,1012.5
1,2022-11-22,324,1021.8,1024.5,1017.4
1,2022-11-23,81,1019.1,1024.2,1014.1
1,2022-11-24,339,1015.4,1019.9,1012.3
1,2022-11-25,138,1016.8,1020.4,1009.6
1,2022-11-26,278,1008.1,1015.0,1005.3
1,2022-11-27,333,1021.1,1025.5,1015.8
1,2022-11-28,89,1022.0,1025.9,1012.8
1,2022-11-29,329,1006.1,1011.9,1002.3
1,2022-11-30,303,1013.3,1018.3,1008.1
1,2022-12-01,305,1018.1,1020.8,1016.8
1,2022-12-02,354,1024.3,1026.1,1021.4
1,2022-12-03,256,1015.5,1024.6,1011.6
1,2022-12-04,306,1017.6,1019.9,1013.5
1,2022-12-05,313,1018.9,1020.4,1017.5
1,2022-12-06,345,1012.7,1017.4,1010.3
1,2022-12-07,316,1012.6,1014.0,1010.7
1,2022-12-08,340,1017.0,1020.3,1013.2
1,2022-12-09,314,1017.7,1020.1,1016.5
1,2022-12-10,318,1015.3,1017.4,1013.9
1,2022-12-11,344,1017.4,1022.6,1013.6
1,2022-12-12,109,1020.6,1023.7,1011.2
1,2022-12-13,259,1002.5,1010.8,999.2
1,2022-12-14,304,1004.1,1008.0,998.3
1,2022-12-15,291,1008.6,1011.3,1006.4
1,2022-12-16,308,1015.4,1018.9,1011.3
1,2022-12-17,319,1007.8,1018.7,998.6
1,2022-12-18,315,1003.6,1010.1,998.5
1,2022-12-19,354,1013.9,1016.4,1010.7
1,2022-12-20,319,1016.5,1018.5,1014.5
1,2022-12-21,57,1015.6,1018.6,1008.7
1,2022-12-22,61,988.8,1007.1,978.4
1,2022-12-23,312,983.2,984.7,981.3
1,2022-12-24,336,994.3,999.3,986.5
1,2022-12-25,330,1000.7,1005.4,998.0
1,2022-12-26,347,1011.7,1017.3,1006.3
1,2022-12-27,343,1019.8,1021.2,1017.8
1,2022-12-28,327,1014.8,1020.2,1011.7
1,2022-12-29,312,1014.7,1019.0,1010.4
1,2022-12-30,341,1019.3,1021.3,1017.2
1,2022-12-31,291,1016.6,1020.9,1012.5
1,2023-01-01,323,1011.4,1012.6,1009.7
1,2023-01-02,326,1012.1,1013.0,1010.9
1,2023-01-03,335,1010.7,1011.8,1009.8
1,2023-01-04,339,1013.4,1014.9,1010.5
1,2023-01-05,323,1015.1,1017.7,1012.3
1,2023-01-06,351,1015.4,1018.3,1013.3
1,2023-01-07,19,1015.1,1018.5,1012.8
1,2023-01-08,70,1017.8,1019.2,1015.8
1,2023-01-09,330,1010.9,1015.3,1009.8
1,2023-01-10,335,1016.9,1020.2,1012.4
1,2023-01-11,356,1017.7,1019.2,1016.6
1,2023-01-12,342,1020.4,1021.8,1018.5
1,2023-01-13,289,1011.5,1018.5,1007.6
1,2023-01-14,303,1010.7,1015.6,1006.8
1,2023-01-15,104,1014.2,1016.7,1009.9
1,2023-01-16,338,1014.6,1021.2,1008.9
1,2023-01-17,345,1020.8,1022.4,1018.3
1,2023-01-18,335,1020.2,1023.4,1016.0
1,2023-01-19,104,1018.9,1024.6,1011.4
1,2023-01-20,31,1008.4,1015.8,1002.7
1,2023-01-21,332,1021.5,1024.6,1017.5
1,2023-01-22,331,1023.4,1024.5,1021.5
1,2023-01-23,48,1012.6,1023.9,1003.7
1,2023-01-24,328,1000.2,1003.2,999.0
1,2023-01-25,307,1004.0,1010.2,1000.3
1,2023-01-26,312,1010.3,1011.1,1009.0
1,2023-01-27,3,1005.3,1010.0,1001.7
1,2023-01-28,303,1004.2,1009.9,1001.1
1,2023-01-29,360,1012.8,1014.0,1010.4
1,2023-01-30,309,1011.1,1014.0,1009.5
1,2023-01-31,332,1014.5,1016.1,1012.9
1,2023-02-01,323,1003.3,1013.1,995.8
1,2023-02-02,315,1014.1,1018.4,1009.9
1,2023-02-03,341,1017.6,1018.5,1016.3
1,2023-02-04,322,1017.2,1020.8,1015.1
1,2023-02-05,278,1018.8,1020.6,1016.5
1,2023-02-06,327,1019.0,1022.0,1017.7
1,2023-02-07,346,1020.7,1022.2,1019.3
1,2023-02-08,330,1018.5,1021.2,1017.5
1,2023-02-09,328,1027.0,1030.4,1021.8
1,2023-02-10,75,1023.8,1029.7,1019.8
1,2023-02-11,58,1021.5,1023.2,1019.0
1,2023-02-12,338,1017.6,1019.6,1015.5
1,2023-02-13,105,1010.7,1016.4,1007.6
1,2023-02-14,344,1011.2,1018.6,1006.6
1,2023-02-15,337,1022.3,1025.9,1018.4
1,2023-02-16,328,1024.3,1025.7,1023.3
1,2023-02-17,294,1020.6,1023.8,1018.9
1,2023-02-18,280,1015.8,1019.7,1009.9
1,2023-02-19,46,1002.2,1008.6,995.2
1,2023-02-20,321,1010.2,1018.4,1002.5
1,2023-02-21,333,1022.5,1026.9,1018.5
1,2023-02-22,303,1023.8,1026.6,1021.0
1,2023-02-23,281,1016.6,1020.2,1015.3
1,2023-02-24,88,1017.3,1018.6,1015.4
1,2023-02-25,317,1017.7,1019.3,1015.4
1,2023-02-26,321,1023.7,1029.4,1018.5
1,2023-02-27,281,1023.5,1028.6,1020.3
1,2023-02-28,250,1015.0,1019.9,1012.1
1,2023-03-01,287,1013.4,1015.4,1010.4
1,2023-03-02,324,1014.5,1019.7,1008.9
1,2023-03-03,315,1021.1,1023.2,1018.5
1,2023-03-04,324,1025.7,1027.9,1022.0
1,2023-03-05,295,1024.8,1027.7,1023.3
1,2023-03-06,218,1019.5,1023.0,1017.7
1,2023-03-07,140,1017.4,1018.4,1015.6
1,2023-03-08,57,1017.4,1023.1,1014.3
1,2023-03-09,127,1020.3,1023.7,1015.2
1,2023-03-10,323,1018.1,1024.7,1013.2
1,2023-03-11,329,1027.4,1029.4,1024.7
1,2023-03-12,127,1022.6,1028.5,1014.9
1,2023-03-13,212,1015.5,1022.0,1009.8
1,2023-03-14,306,1025.9,1029.6,1022.6
1,2023-03-15,126,1027.5,1030.1,1022.8
1,2023-03-16,120,1020.6,1022.3,1017.9
1,2023-03-17,267,1020.6,1022.5,1019.1
1,2023-03-18,286,1014.0,1019.2,1012.0
1,2023-03-19,276,1013.3,1015.6,1011.7
1,2023-03-20,261,1017.0,1018.7,1014.8
1,2023-03-21,107,1017.3,1018.4,1016.5
1,2023-03-22,121,1018.6,1019.9,1017.8
1,2023-03-23,100,1007.7,1017.0,998.4
1,2023-03-24,320,1013.8,1022.1,1002.3
1,2023-03-25,120,1021.9,1022.7,1021.3
1,2023-03-26,86,1012.8,1020.9,1006.4
1,2023-03-27,294,1018.8,1025.4,1009.7
1,2023-03-28,136,1025.2,1026.1,1024.6
1,2023-03-29,115,1023.0,1025.0,1022.0
1,2023-03-30,121,1019.1,1022.1,1016.0
1,2023-03-31,334,1014.9,1017.1,1013.5
1,2023-04-01,335,1019.4,1023.7,1016.5
1,2023-04-02,264,1024.0,1025.5,1022.7
1,2023-04-03,223,1024.5,1025.2,1023.8
1,2023-04-04,147,1021.3,1023.9,1020.4
1,2023-04-05,121,1018.8,1021.4,1015.1
1,2023-04-06,123,1009.9,1013.8,1007.0
1,2023-04-07,267,1003.8,1006.5,1002.2
1,2023-04-08,295,1002.9,1004.9,1001.6
1,2023-04-09,317,1011.7,1015.5,1005.3
1,2023-04-10,213,1013.9,1015.3,1013.3
1,2023-04-11,133,1009.4,1014.0,1003.1
1,2023-04-12,255,1007.9,1010.4,1003.9
1,2023-04-13,260,1011.2,1012.4,1008.8
1,2023-04-14,307,1012.7,1016.5,1008.7
1,2023-04-15,93,1006.0,1016.1,991.7
1,2023-04-16,263,992.2,1001.0,987.7
1,2023-04-17,315,1011.8,1018.1,1001.8
1,2023-04-18,131,1013.0,1018.1,1008.1
1,2023-04-19,243,1009.6,1010.4,1008.5
1,2023-04-20,203,1002.4,1009.5,997.4
1,2023-04-21,284,1003.5,1006.5,1001.0
1,2023-04-22,306,1011.3,1014.4,1006.6
1,2023-04-23,287,1014.8,1017.4,1011.6
1,2023-04-24,280,1018.9,1022.1,1016.0
1,2023-04-25,138,1019.2,1022.6,1010.9
1,2023-04-26,328,1004.1,1008.8,1000.8
1,2023-04-27,286,1015.8,1018.6,1009.3
1,2023-04-28,135,1018.0,1019.4,1016.0
1,2023-04-29,121,1008.0,1016.1,998.7
1,2023-04-30,258,1002.7,1007.9,998.2
1,2023-05-01,279,1010.7,1016.3,1007.4
1,2023-05-02,295,1020.7,1022.6,1017.4
1,2023-05-03,186,1018.8,1022.0,1016.4
1,2023-05-04,267,1012.5,1016.8,1010.0
1,2023-05-05,217,1008.4,1011.5,1004.2
1,2023-05-06,221,1010.2,1015.5,1005.0
1,2023-05-07,184,1015.3,1017.1,1012.7
1,2023-05-08,299,1011.0,1013.9,1007.7
1,2023-05-09,141,1013.9,1014.9,1012.7
1,2023-05-10,320,1015.2,1017.7,1013.1
1,2023-05-11,328,1019.6,1021.9,1017.5
1,2023-05-12,127,1021.9,1022.7,1021.2
1,2023-05-13,119,1019.5,1021.5,1017.7
1,2023-05-14,120,1016.5,1017.5,1015.8
1,2023-05-15,120,1014.9,1016.0,1013.9
1,2023-05-16,165,1012.9,1014.3,1011.7
1,2023-05-17,108,1010.3,1011.7,1008.9
1,2023-05-18,86,1011.4,1012.6,1010.0
1,2023-05-19,273,1014.0,1014.8,1012.1
1,2023-05-20,150,1013.2,1015.6,1008.1
1,2023-05-21,126,1003.7,1007.3,1002.1
1,2023-05-22,316,1004.3,1006.8,1002.2
1,2023-05-23,250,1008.3,1009.6,1006.8
1,2023-05-24,290,1013.0,1019.4,1008.1
1,2023-05-25,142,1021.4,1022.7,1019.5
1,2023-05-26,133,1021.3,1022.7,1020.5
1,2023-05-27,129,1019.9,1021.4,1016.7
1,2023-05-28,171,1011.2,1016.0,1008.7
1,2023-05-29,313,1007.1,1008.7,1006.0
1,2023-05-30,315,1008.2,1010.4,1005.3
1,2023-05-31,264,1010.2,1011.3,1008.9
1,2023-06-01,124,1008.0,1011.3,1005.0
1,2023-06-02,124,995.3,1004.2,988.7
1,2023-06-03,307,997.5,1000.8,993.0
1,2023-06-04,294,1001.4,1004.5,998.1
1,2023-06-05,116,1006.3,1007.8,1004.5
1,2023-06-06,124,1006.7,1007.6,1005.9
1,2023-06-07,139,1009.9,1012.9,1007.3
1,2023-06-08,125,1013.7,1014.7,1012.7
1,2023-06-09,118,1011.0,1013.2,1009.6
1,2023-06-10,146,1014.6,1016.3,1011.1
1,2023-06-11,135,1014.2,1016.5,1011.8
1,2023-06-12,131,1009.4,1012.3,1006.1
1,2023-06-13,160,1006.4,1008.3,1004.5
1,2023-06-14,139,1009.7,1011.1,1008.4
1,2023-06-15,136,1009.7,1011.0,1008.3
1,2023-06-16,282,1007.0,1008.9,1005.9
1,2023-06-17,283,1003.0,1006.6,1000.9
1,2023-06-18,318,1004.8,1006.5,1002.4
1,2023-06-19,138,1008.3,1010.5,1005.5
1,2023-06-20,288,1010.8,1013.3,1009.0
1,2023-06-21,120,1012.8,1013.5,1011.9
1,2023-06-22,121,1011.7,1012.8,1010.4
1,2023-06-23,149,1012.2,1015.1,1009.7
1,2023-06-24,282,1015.8,1016.6,1015.0
1,2023-06-25,243,1015.9,1016.9,1014.7
1,2023-06-26,131,1015.4,1016.9,1013.9
1,2023-06-27,126,1011.7,1014.2,1008.6
1,2023-06-28,134,1006.3,1008.5,1004.3
1,2023-06-29,165,1004.0,1004.8,1003.1
1,2023-06-30,139,999.0,1003.6,994.1
1,2023-07-01,311,1002.5,1007.0,998.3
1,2023-07-02,146,1008.7,1009.7,1007.6
1,2023-07-03,222,1006.9,1007.9,1005.8
1,2023-07-04,190,1006.7,1007.8,1005.2
1,2023-07-05,136,1003.4,1005.4,1000.0
1,2023-07-06,222,1001.2,1006.2,998.5
1,2023-07-07,157,1007.3,1008.4,1006.2
1,2023-07-08,130,1006.3,1007.4,1005.1
1,2023-07-09,161,1004.6,1006.4,1003.6
1,2023-07-10,183,1004.7,1005.5,1003.7
1,2023-07-11,136,1004.3,1006.0,1003.5
1,2023-07-12,137,1001.1,1003.4,1000.2
1,2023-07-13,274,1003.5,1006.0,1001.3
1,2023-07-14,139,1007.4,1008.8,1006.4
1,2023-07-15,121,1004.0,1006.0,1002.0
1,2023-07-16,137,1009.1,1011.2,1006.6
1,2023-07-17,268,1010.6,1011.5,1010.1
1,2023-07-18,280,1009.2,1010.6,1008.2
1,2023-07-19,157,1007.7,1009.0,1006.6
1,2023-07-20,204,1012.4,1016.6,1008.9
1,2023-07-21,135,1018.9,1020.2,1017.3
1,2023-07-22,125,1019.0,1020.4,1017.4
1,2023-07-23,127,1015.1,1017.2,1013.6
1,2023-07-24,134,1013.0,1013.8,1012.6
1,2023-07-25,273,1013.0,1014.0,1012.1
1,2023-07-26,256,1012.8,1013.9,1011.8
1,2023-07-27,247,1012.4,1013.4,1011.0
1,2023-07-28,240,1013.5,1014.7,1012.0
1,2023-07-29,242,1013.2,1014.4,1012.5
1,2023-07-30,251,1011.1,1012.9,1009.4
1,2023-07-31,291,1009.8,1011.1,1008.6
1,2023-08-01,167,1009.8,1011.0,1008.7
1,2023-08-02,190,1008.6,1009.2,1007.6
1,2023-08-03,131,1006.7,1008.5,1005.6
1,2023-08-04,202,1003.7,1005.1,1003.0
1,2023-08-05,128,1003.0,1003.8,1002.0
1,2023-08-06,143,1004.3,1006.5,1002.2
1,2023-08-07,123,1009.8,1011.8,1007.4
1,2023-08-08,121,1012.1,1013.1,1011.0
1,2023-08-09,120,1013.2,1013.9,1012.4
1,2023-08-10,120,1013.0,1014.0,1011.7
1,2023-08-11,126,1010.9,1012.3,1009.7
1,2023-08-12,162,1008.4,1009.2,1007.2
1,2023-08-13,183,1010.4,1011.8,1009.2
1,2023-08-14,130,1012.2,1013.3,1010.8
1,2023-08-15,108,1011.3,1013.3,1009.9
1,2023-08-16,117,1007.4,1009.9,1006.0
1,2023-08-17,164,1008.1,1010.4,1005.6
1,2023-08-18,241,1012.2,1013.4,1010.7
1,2023-08-19,154,1012.9,1014.0,1011.9
1,2023-08-20,220,1012.0,1012.7,1010.7
1,2023-08-21,134,1012.4,1013.4,1011.8
1,2023-08-22,119,1012.1,1012.8,1011.4
1,2023-08-23,122,1012.2,1012.9,1011.6
1,2023-08-24,137,1011.4,1012.2,1010.8
1,2023-08-25,126,1010.7,1011.2,1010.2
1,2023-08-26,128,1011.2,1012.4,1010.5
1,2023-08-27,136,1010.2,1011.8,1008.8
1,2023-08-28,146,1009.9,1014.6,1006.5
1,2023-08-29,135,1016.9,1018.7,1015.1
1,2023-08-30,122,1018.2,1019.5,1016.9
1,2023-08-31,122,1014.8,1017.3,1012.5
1,2023-09-01,188,1011.4,1012.8,1010.8
1,2023-09-02,171,1013.7,1016.2,1011.6
1,2023-09-03,107,1016.8,1017.4,1016.0
1,2023-09-04,129,1014.7,1017.1,1011.9
1,2023-09-05,290,1009.5,1012.3,1007.9
1,2023-09-06,320,1006.6,1009.1,1005.5
1,2023-09-07,37,1014.8,1018.4,1010.1
1,2023-09-08,118,1015.9,1019.0,1013.6
1,2023-09-09,104,1011.0,1013.4,1010.1
1,2023-09-10,139,1013.6,1014.9,1012.1
1,2023-09-11,125,1013.6,1015.1,1012.4
1,2023-09-12,123,1012.4,1013.9,1011.6
1,2023-09-13,283,1014.2,1015.0,1013.4
1,2023-09-14,10,1011.6,1014.4,1008.7
1,2023-09-15,97,1016.0,1017.3,1015.0
1,2023-09-16,128,1014.6,1015.9,1013.1
1,2023-09-17,136,1013.0,1016.1,1010.2
1,2023-09-18,245,1011.2,1012.4,1009.7
1,2023-09-19,244,1008.7,1012.1,1007.2
1,2023-09-20,315,1012.0,1014.8,1007.7
1,2023-09-21,6,1008.9,1014.9,1005.3
1,2023-09-22,301,1013.5,1015.9,1010.7
1,2023-09-23,333,1018.2,1022.2,1015.6
1,2023-09-24,100,1023.4,1024.3,1022.4
1,2023-09-25,112,1020.9,1024.0,1017.4
1,2023-09-26,121,1015.1,1017.5,1013.5
1,2023-09-27,127,1013.6,1014.6,1011.6
1,2023-09-28,46,1007.1,1011.7,1004.2
1,2023-09-29,339,1011.5,1013.9,1008.8
1,2023-09-30,136,1008.5,1014.0,1004.1
1,2023-10-01,278,1004.5,1006.7,1003.1
1,2023-10-02,280,1008.2,1011.4,1006.3
1,2023-10-03,327,1015.1,1017.4,1011.9
1,2023-10-04,121,1008.9,1016.6,998.0
1,2023-10-05,274,990.7,996.7,986.2
1,2023-10-06,308,998.7,1010.9,985.9
1,2023-10-07,338,1018.5,1025.6,1011.5
1,2023-10-08,28,1026.8,1028.0,1025.4
1,2023-10-09,96,1019.2,1026.0,1011.0
1,2023-10-10,351,1011.7,1018.0,1007.9
1,2023-10-11,338,1020.0,1021.2,1018.5
1,2023-10-12,272,1017.1,1020.8,1014.2
1,2023-10-13,333,1010.6,1014.5,1008.5
1,2023-10-14,346,1008.1,1008.8,1006.9
1,2023-10-15,89,1004.0,1008.2,1001.4
1,2023-10-16,293,1004.5,1007.1,1001.2
1,2023-10-17,299,1012.2,1019.1,1006.2
1,2023-10-18,102,1017.7,1019.6,1014.4
1,2023-10-19,213,1011.0,1014.1,1006.9
1,2023-10-20,327,1001.6,1006.6,996.2
1,2023-10-21,294,1009.6,1015.1,1005.3
1,2023-10-22,277,1014.8,1019.0,1013.2
1,2023-10-23,318,1021.1,1023.2,1018.3
1,2023-10-24,94,1020.2,1023.4,1017.8
1,2023-10-25,107,1015.9,1017.8,1014.7
1,2023-10-26,117,1012.7,1014.7,1011.4
1,2023-10-27,127,1011.3,1012.7,1010.1
1,2023-10-28,89,1014.2,1016.9,1012.2
1,2023-10-29,93,1019.0,1021.3,1016.5
1,2023-10-30,130,1021.8,1022.9,1020.6
1,2023-10-31,68,1020.2,1022.8,1017.7
1,2023-11-01,244,1013.2,1017.5,1010.1
1,2023-11-02,52,1016.8,1018.8,1014.4
1,2023-11-03,290,1015.0,1020.4,1011.4
1,2023-11-04,336,1025.9,1031.0,1021.0
1,2023-11-05,83,1027.8,1031.3,1019.9
1,2023-11-06,130,1008.7,1018.7,1001.1
1,2023-11-07,273,1007.9,1019.2,999.4
1,2023-11-08,4,1024.5,1027.4,1019.8
1,2023-11-09,128,1021.6,1027.9,1015.6
1,2023-11-10,299,1011.2,1014.9,1008.5
1,2023-11-11,323,1018.5,1020.8,1015.1
1,2023-11-12,325,1014.5,1018.9,1011.5
1,2023-11-13,321,1010.5,1014.5,1008.7
1,2023-11-14,340,1020.9,1026.1,1015.1
1,2023-11-15,19,1027.0,1029.0,1024.8
1,2023-11-16,114,1025.2,1029.2,1017.9
1,2023-11-17,125,999.3,1017.4,990.1
1,2023-11-18,276,993.5,998.2,991.8
1,2023-11-19,278,1001.8,1004.3,999.4
1,2023-11-20,310,1010.9,1018.5,1002.1
1,2023-11-21,280,1015.9,1018.4,1014.6
1,2023-11-22,161,1013.9,1016.4,1010.7
1,2023-11-23,239,1004.2,1010.4,1001.9
1,2023-11-24,325,1008.5,1017.0,1002.7
1,2023-11-25,306,1021.5,1023.3,1017.4
1,2023-11-26,319,1019.3,1023.0,1017.7
1,2023-11-27,142,1010.1,1018.2,1001.6
1,2023-11-28,285,1002.6,1009.5,998.3
1,2023-11-29,311,1010.4,1011.5,1008.4
1,2023-11-30,327,1012.2,1014.1,1009.8
1,2023-12-01,336,1014.5,1018.0,1011.2
1,2023-12-02,15,1017.9,1018.6,1016.9
1,2023-12-03,19,1019.5,1021.8,1017.1
1,2023-12-04,97,1019.3,1022.1,1017.0
1,2023-12-05,356,1016.8,1018.2,1015.2
1,2023-12-06,114,1009.2,1014.8,1001.5
1,2023-12-07,274,1001.5,1012.1,995.1
1,2023-12-08,342,1016.1,1017.8,1013.0
1,2023-12-09,302,1015.4,1020.9,1011.8
1,2023-12-10,292,1022.5,1025.5,1019.6
1,2023-12-11,322,1023.5,1026.8,1017.0
1,2023-12-12,332,1016.2,1020.4,1012.8
1,2023-12-13,305,1023.6,1026.3,1019.7
1,2023-12-14,312,1023.7,1026.4,1020.7
1,2023-12-15,346,1013.4,1020.4,1009.4
1,2023-12-16,235,999.2,1009.1,993.3
1,2023-12-17,293,1008.6,1016.3,1000.0
1,2023-12-18,304,1021.2,1024.3,1016.8
1,2023-12-19,309,1019.5,1024.8,1013.9
1,2023-12-20,297,1011.6,1013.6,1010.4
1,2023-12-21,278,1011.5,1015.2,1008.8
1,2023-12-22,306,1016.8,1019.3,1014.5
1,2023-12-23,316,1024.0,1028.5,1019.0
1,2023-12-24,358,1024.9,1028.9,1022.3
1,2023-12-25,313,1020.2,1023.2,1018.3
1,2023-12-26,304,1015.8,1020.4,1011.5
1,2023-12-27,308,1024.0,1025.9,1020.5
1,2023-12-28,338,1021.6,1026.0,1020.2
1,2023-12-29,339,1019.6,1021.4,1017.9
1,2023-12-30,13,1017.9,1021.1,1011.4
1,2023-12-31,11,1010.6,1019.8,1006.8
1,2024-01-01,359,1022.8,1024.7,1019.9
1,2024-01-02,308,1013.9,1019.2,1010.8
1,2024-01-03,14,1015.3,1016.4,1013.9
1,2024-01-04,37,1017.7,1019.5,1014.9
1,2024-01-05,261,1010.6,1016.6,1008.7
1,2024-01-06,278,1008.4,1010.3,1006.3
1,2024-01-07,290,1004.8,1009.6,1003.0
1,2024-01-08,336,1015.1,1017.7,1010.5
1,2024-01-09,339,1009.7,1014.8,1007.3
1,2024-01-10,338,1015.2,1018.0,1010.1
1,2024-01-11,154,1009.9,1018.0,1001.2
1,2024-01-12,320,1004.5,1009.8,1000.5
1,2024-01-13,346,1014.9,1019.2,1010.4
1,2024-01-14,282,1007.1,1019.1,999.5
1,2024-01-15,313,1006.5,1011.9,1003.2
1,2024-01-16,341,1017.8,1020.9,1012.9
1,2024-01-17,303,1017.2,1020.2,1015.4
1,2024-01-18,337,1020.5,1026.5,1016.1
1,2024-01-19,353,1029.6,1032.5,1026.4
1,2024-01-20,42,1033.1,1034.4,1031.6
1,2024-01-21,86,1027.0,1031.5,1022.9
1,2024-01-22,112,1013.2,1022.8,1002.7
1,2024-01-23,232,997.7,1002.9,993.1
1,2024-01-24,318,992.8,994.7,989.9
1,2024-01-25,312,998.7,1005.3,994.0
1,2024-01-26,323,1009.8,1013.7,1005.9
1,2024-01-27,337,1015.8,1019.1,1012.9
1,2024-01-28,4,1022.1,1026.0,1018.5
1,2024-01-29,342,1026.4,1026.9,1025.5
1,2024-01-30,333,1026.8,1027.9,1025.5
1,2024-01-31,293,1015.6,1025.2,1009.0
1,2024-02-01,309,1015.9,1020.3,1010.7
1,2024-02-02,318,1020.5,1026.6,1017.3
1,2024-02-03,339,1023.3,1026.5,1021.1
1,2024-02-04,327,1021.8,1024.3,1019.6
1,2024-02-05,351,1022.5,1025.1,1021.0
1,2024-02-06,1,1018.7,1021.7,1016.3
1,2024-02-07,41,1014.2,1016.3,1013.1
1,2024-02-08,314,1015.0,1019.3,1011.9
1,2024-02-09,348,1019.7,1020.8,1018.7
1,2024-02-10,37,1015.6,1019.4,1013.5
1,2024-02-11,337,1017.9,1020.6,1015.2
1,2024-02-12,303,1022.5,1024.5,1020.7
1,2024-02-13,275,1017.3,1021.0,1015.5
1,2024-02-14,294,1015.4,1016.3,1013.9
1,2024-02-15,331,1009.3,1014.0,1004.9
1,2024-02-16,343,1022.1,1027.4,1013.7
1,2024-02-17,99,1028.8,1030.2,1027.3
1,2024-02-18,94,1025.0,1029.2,1020.9
1,2024-02-19,107,1011.0,1019.9,1004.5
1,2024-02-20,327,1022.3,1026.6,1013.0
1,2024-02-21,327,1022.7,1025.8,1021.0
1,2024-02-22,333,1023.2,1025.1,1020.6
1,2024-02-23,341,1025.4,1027.9,1023.2
1,2024-02-24,332,1027.6,1028.5,1026.5
1,2024-02-25,71,1024.4,1028.2,1019.8
1,2024-02-26,310,1017.9,1021.1,1016.9
1,2024-02-27,337,1019.6,1021.8,1017.7
1,2024-02-28,327,1023.4,1025.7,1019.9
1,2024-02-29,350,1020.3,1025.7,1012.0
1,2024-03-01,225,1002.6,1010.3,1000.0
1,2024-03-02,284,1006.7,1011.8,1003.1
1,2024-03-03,317,1011.0,1013.4,1010.0
1,2024-03-04,320,1016.6,1020.5,1012.2
1,2024-03-05,342,1018.6,1020.6,1016.3
1,2024-03-06,344,1013.6,1016.1,1011.7
1,2024-03-07,336,1015.2,1016.2,1014.0
1,2024-03-08,83,1010.8,1014.5,1008.9
1,2024-03-09,331,1014.0,1019.0,1009.9
1,2024-03-10,317,1021.1,1022.5,1019.3
1,2024-03-11,184,1016.4,1020.7,1013.0
1,2024-03-12,330,1006.8,1013.5,1001.8
1,2024-03-13,327,1008.8,1011.6,1002.0
1,2024-03-14,335,1010.5,1012.5,1008.0
1,2024-03-15,333,1010.4,1017.9,1005.3
1,2024-03-16,332,1017.1,1019.0,1012.2
1,2024-03-17,199,997.5,1010.9,991.5
1,2024-03-18,327,1005.7,1012.2,994.5
1,2024-03-19,326,1010.8,1012.3,1007.8
1,2024-03-20,158,1006.2,1007.6,1005.1
1,2024-03-21,317,1010.9,1016.1,1007.8
1,2024-03-22,339,1019.0,1022.1,1016.1
1,2024-03-23,111,1021.0,1021.7,1020.1
1,2024-03-24,294,1018.0,1021.3,1016.2
1,2024-03-25,331,1016.6,1018.5,1014.9
1,2024-03-26,203,1016.8,1019.7,1014.6
1,2024-03-27,333,1022.7,1025.2,1019.6
1,2024-03-28,121,1019.9,1025.5,1008.6
1,2024-03-29,165,1002.1,1007.8,999.3
1,2024-03-30,257,1006.0,1008.5,1003.7
1,2024-03-31,273,1007.7,1009.5,1005.3
1,2024-04-01,286,1006.8,1010.8,1004.5
1,2024-04-02,296,1014.9,1017.2,1011.4
1,2024-04-03,95,1012.2,1016.9,1008.5
1,2024-04-04,314,1012.4,1017.5,1008.3
1,2024-04-05,284,1020.0,1022.7,1017.3
1,2024-04-06,116,1020.6,1023.3,1019.1
1,2024-04-07,108,1019.7,1020.6,1018.4
1,2024-04-08,110,1016.9,1020.8,1012.4
1,2024-04-09,325,1013.8,1022.5,1007.2
1,2024-04-10,284,1026.2,1028.6,1022.9
1,2024-04-11,114,1025.5,1028.7,1023.3
1,2024-04-12,110,1021.9,1023.3,1021.0
1,2024-04-13,141,1020.1,1021.4,1019.1
1,2024-04-14,334,1020.7,1022.0,1019.3
1,2024-04-15,121,1020.4,1022.5,1017.3
1,2024-04-16,119,1013.8,1017.1,1011.1
1,2024-04-17,139,1009.2,1011.1,1008.4
1,2024-04-18,169,1006.7,1008.8,1005.3
1,2024-04-19,324,1004.0,1005.6,1002.7
1,2024-04-20,325,1010.5,1013.9,1005.8
1,2024-04-21,329,1014.2,1016.1,1011.9
1,2024-04-22,204,1017.6,1021.2,1014.2
1,2024-04-23,146,1022.5,1024.0,1021.5
1,2024-04-24,121,1013.1,1020.9,1005.8
1,2024-04-25,265,1004.7,1010.0,1001.2
1,2024-04-26,139,1011.5,1012.8,1010.2
1,2024-04-27,123,1011.0,1012.4,1010.3
1,2024-04-28,322,1013.4,1015.9,1010.6
1,2024-04-29,62,1012.0,1016.0,1005.3
1,2024-04-30,331,1002.4,1005.8,1000.0
1,2024-05-01,16,1012.5,1017.5,1006.3
1,2024-05-02,160,1016.2,1018.0,1013.5
1,2024-05-03,302,1013.7,1018.2,1009.5
1,2024-05-04,132,1020.1,1021.9,1018.1
1,2024-05-05,125,1017.6,1021.4,1014.3
1,2024-05-06,106,1010.7,1014.4,1007.3
1,2024-05-07,336,1003.7,1007.2,1002.2
1,2024-05-08,157,1011.4,1014.8,1005.6
1,2024-05-09,134,1013.7,1015.6,1012.6
1,2024-05-10,260,1017.0,1019.3,1013.5
1,2024-05-11,120,1016.8,1019.1,1013.7
1,2024-05-12,125,1009.9,1013.8,1006.3
1,2024-05-13,318,1009.2,1016.5,1004.2
1,2024-05-14,116,1018.2,1020.2,1017.1
1,2024-05-15,128,1014.1,1017.2,1011.4
1,2024-05-16,130,1003.8,1011.0,998.9
1,2024-05-17,232,1008.2,1015.2,1001.3
1,2024-05-18,242,1014.8,1016.3,1013.9
1,2024-05-19,136,1015.0,1016.2,1013.6
1,2024-05-20,130,1010.6,1013.8,1008.3
1,2024-05-21,344,1015.7,1020.1,1008.7
1,2024-05-22,124,1013.9,1020.0,1009.6
1,2024-05-23,169,1006.6,1009.2,1004.4
1,2024-05-24,320,1006.3,1011.3,1002.8
1,2024-05-25,309,1013.6,1015.0,1011.6
1,2024-05-26,160,1010.5,1014.1,1004.1
1,2024-05-27,142,1000.9,1004.6,998.2
1,2024-05-28,311,1003.1,1004.9,1000.3
1,2024-05-29,311,1008.2,1012.3,1002.3
1,2024-05-30,197,1013.3,1014.4,1012.2
1,2024-05-31,275,1010.8,1013.2,1009.5
1,2024-06-01,153,1012.9,1013.7,1011.5
1,2024-06-02,116,1013.9,1015.1,1012.8
1,2024-06-03,103,1015.0,1016.9,1013.6
1,2024-06-04,288,1017.5,1018.3,1016.4
1,2024-06-05,307,1018.1,1019.4,1016.6
1,2024-06-06,286,1019.8,1020.7,1018.3
1,2024-06-07,116,1018.8,1020.1,1017.7
1,2024-06-08,123,1016.6,1017.8,1015.7
1,2024-06-09,123,1012.8,1015.8,1010.4
1,2024-06-10,127,1008.4,1010.4,1006.9
1,2024-06-11,148,1008.3,1008.9,1007.3
1,2024-06-12,129,1005.8,1008.5,1004.1
1,2024-06-13,180,1004.8,1008.4,1002.9
1,2024-06-14,136,1010.2,1011.5,1008.7
1,2024-06-15,125,1007.8,1011.2,1003.9
1,2024-06-16,143,1002.2,1003.9,1001.1
1,2024-06-17,178,1005.2,1006.6,1003.4
1,2024-06-18,119,1004.2,1006.1,1003.4
1,2024-06-19,315,1008.3,1010.6,1006.1
1,2024-06-20,123,1008.9,1011.1,1006.2
1,2024-06-21,137,1005.3,1006.3,1004.3
1,2024-06-22,138,1005.1,1006.3,1003.3
1,2024-06-23,121,1002.0,1003.4,1000.6
1,2024-06-24,123,1001.9,1003.5,1000.5
1,2024-06-25,310,1005.1,1008.6,1002.9
1,2024-06-26,314,1011.4,1013.8,1008.7
1,2024-06-27,231,1011.7,1013.4,1010.9
1,2024-06-28,130,1010.2,1011.3,1009.6
1,2024-06-29,161,1008.4,1009.8,1007.0
1,2024-06-30,147,997.9,1006.7,987.9
1,2024-07-01,309,997.9,1004.1,987.9
1,2024-07-02,302,1006.8,1009.0,1004.1
1,2024-07-03,294,1005.7,1009.2,1003.3
1,2024-07-04,221,1002.9,1005.0,1000.9
1,2024-07-05,134,1004.3,1005.1,1003.2
1,2024-07-06,142,1005.1,1006.1,1003.7
1,2024-07-07,168,1000.8,1004.0,999.3
1,2024-07-08,278,1000.8,1002.2,999.1
1,2024-07-09,227,1001.9,1003.9,1000.4
1,2024-07-10,261,1001.1,1003.9,998.4
1,2024-07-11,165,1000.5,1002.2,999.1
1,2024-07-12,164,1004.4,1007.3,1002.1
1,2024-07-13,288,1011.4,1015.9,1007.3
1,2024-07-14,141,1016.3,1017.0,1015.4
1,2024-07-15,151,1017.1,1018.1,1016.0
1,2024-07-16,127,1016.0,1018.5,1013.8
1,2024-07-17,143,1011.7,1013.5,1010.6
1,2024-07-18,138,1010.8,1011.6,1010.2
1,2024-07-19,124,1008.0,1010.0,1007.2
1,2024-07-20,140,1008.3,1009.1,1007.4
1,2024-07-21,167,1006.3,1008.7,1004.0
1,2024-07-22,251,1004.4,1005.2,1003.7
1,2024-07-23,224,1001.3,1003.6,998.0
1,2024-07-24,297,1000.4,1005.2,996.3
1,2024-07-25,270,1009.2,1013.4,1005.4
1,2024-07-26,187,1017.9,1020.0,1013.9
1,2024-07-27,138,1016.6,1020.2,1011.7
1,2024-07-28,115,1006.6,1011.2,1002.6
1,2024-07-29,347,995.9,1002.1,993.6
1,2024-07-30,58,1000.0,1003.7,996.1
1,2024-07-31,190,1005.9,1007.8,1004.1
1,2024-08-01,137,1007.6,1008.1,1007.2
1,2024-08-02,128,1008.2,1009.0,1007.0
1,2024-08-03,129,1008.6,1009.5,1008.2
1,2024-08-04,269,1008.4,1009.3,1007.3
1,2024-08-05,142,1009.3,1010.1,1008.1
1,2024-08-06,148,1008.9,1009.9,1007.7
1,2024-08-07,136,1005.7,1008.1,1003.8
1,2024-08-08,146,1003.9,1005.1,1002.4
1,2024-08-09,167,1004.8,1005.6,1004.2
1,2024-08-10,245,1006.3,1007.4,1005.6
1,2024-08-11,221,1006.5,1007.3,1005.6
1,2024-08-12,115,1008.0,1009.5,1006.4
1,2024-08-13,128,1009.1,1009.8,1008.3
1,2024-08-14,168,1007.4,1008.3,1006.6
1,2024-08-15,249,1009.3,1012.0,1007.3
1,2024-08-16,148,1011.8,1012.9,1010.7
1,2024-08-17,281,1009.4,1010.9,1008.6
1,2024-08-18,289,1010.5,1013.1,1008.4
1,2024-08-19,199,1013.3,1015.0,1012.1
1,2024-08-20,152,1015.4,1016.2,1014.8
1,2024-08-21,153,1014.1,1015.7,1012.8
1,2024-08-22,147,1009.8,1012.9,1007.2
1,2024-08-23,201,1007.4,1008.4,1006.6
1,2024-08-24,287,1010.8,1013.7,1008.6
1,2024-08-25,137,1012.8,1013.8,1011.3
1,2024-08-26,129,1011.3,1013.0,1008.7
1,2024-08-27,140,1008.5,1011.2,1006.7
1,2024-08-28,166,1013.5,1014.6,1011.8
1,2024-08-29,136,1013.0,1014.4,1011.4
1,2024-08-30,129,1006.6,1011.5,1000.9
1,2024-08-31,249,1002.5,1008.3,998.4
1,2024-09-01,158,1008.2,1009.5,1006.7
1,2024-09-02,310,1008.2,1011.1,1006.0
1,2024-09-03,60,1013.1,1015.1,1011.2
1,2024-09-04,134,1013.0,1015.3,1010.3
1,2024-09-05,188,1005.8,1010.1,1002.6
1,2024-09-06,323,1011.5,1014.2,1007.2
1,2024-09-07,291,1013.4,1014.6,1012.9
1,2024-09-08,278,1013.6,1015.8,1012.6
1,2024-09-09,111,1018.7,1020.6,1016.4
1,2024-09-10,133,1015.8,1019.2,1014.5
1,2024-09-11,330,1015.7,1016.4,1015.0
1,2024-09-12,293,1012.1,1016.1,1009.1
1,2024-09-13,307,1009.2,1013.3,1006.0
1,2024-09-14,129,1008.9,1014.0,1002.3
1,2024-09-15,335,1013.9,1020.6,1006.6
1,2024-09-16,126,1019.2,1022.2,1014.1
1,2024-09-17,304,1012.2,1013.9,1011.1
1,2024-09-18,313,1012.6,1013.4,1011.9
1,2024-09-19,18,1012.6,1015.1,1007.6
1,2024-09-20,324,1010.6,1014.1,1006.0
1,2024-09-21,61,1014.8,1016.1,1013.9
1,2024-09-22,53,1013.8,1017.3,1011.4
1,2024-09-23,132,1020.4,1023.6,1017.5
1,2024-09-24,120,1024.3,1025.3,1023.3
1,2024-09-25,113,1021.2,1024.7,1018.2
1,2024-09-26,122,1015.0,1017.9,1013.2
1,2024-09-27,338,1014.5,1016.2,1012.7
1,2024-09-28,312,1019.0,1022.9,1015.7
1,2024-09-29,137,1023.0,1024.0,1021.6
1,2024-09-30,113,1015.4,1021.5,1011.6
1,2024-10-01,102,1008.1,1011.7,1004.5
1,2024-10-02,306,1014.8,1024.7,1006.5
1,2024-10-03,109,1023.5,1025.9,1020.5
1,2024-10-04,268,1016.8,1020.5,1013.7
1,2024-10-05,21,1022.2,1023.6,1019.9
1,2024-10-06,125,1019.7,1023.9,1014.5
1,2024-10-07,2,1011.3,1014.3,1010.0
1,2024-10-08,338,1014.7,1017.5,1012.0
1,2024-10-09,100,1018.9,1020.4,1017.2
1,2024-10-10,72,1018.3,1020.4,1016.7
1,2024-10-11,327,1018.0,1021.7,1014.8
1,2024-10-12,300,1021.8,1023.5,1021.0
1,2024-10-13,341,1025.8,1028.5,1022.5
1,2024-10-14,130,1026.8,1028.9,1024.1
1,2024-10-15,154,1017.8,1023.6,1012.8
1,2024-10-16,338,1020.6,1023.7,1015.5
1,2024-10-17,333,1024.8,1026.6,1022.4
1,2024-10-18,145,1017.1,1026.8,1001.9
1,2024-10-19,321,1012.7,1027.1,1000.7
1,2024-10-20,336,1031.6,1034.1,1027.6
1,2024-10-21,140,1030.8,1034.1,1027.1
1,2024-10-22,121,1022.5,1027.2,1016.2
1,2024-10-23,186,1009.4,1015.9,1005.4
1,2024-10-24,298,1019.0,1025.0,1013.4
1,2024-10-25,334,1024.9,1026.2,1023.4
1,2024-10-26,4,1020.8,1023.5,1018.0
1,2024-10-27,125,1009.2,1017.2,1004.1
1,2024-10-28,323,1013.8,1023.0,1005.1
1,2024-10-29,37,1022.2,1023.6,1019.6
1,2024-10-30,329,1017.6,1021.7,1015.8
1,2024-10-31,338,1023.0,1024.4,1021.6
1,2024-11-01,15,1019.7,1023.6,1016.5
1,2024-11-02,337,1014.4,1017.4,1012.7
1,2024-11-03,346,1019.2,1021.5,1016.9
1,2024-11-04,277,1012.8,1018.0,1009.8
1,2024-11-05,343,1019.2,1020.7,1017.8
1,2024-11-06,321,1015.2,1018.7,1012.2
1,2024-11-07,327,1023.5,1028.6,1018.1
1,2024-11-08,307,1025.4,1028.6,1023.4
1,2024-11-09,359,1027.8,1028.9,1026.5
1,2024-11-10,224,1020.4,1027.0,1014.8
1,2024-11-11,345,1015.8,1016.9,1013.5
1,2024-11-12,320,1014.4,1021.5,1010.6
1,2024-11-13,343,1024.5,1026.6,1021.6
1,2024-11-14,47,1023.3,1026.6,1019.3
1,2024-11-15,350,1020.4,1025.2,1016.5
1,2024-11-16,144,1019.0,1025.7,1010.0
1,2024-11-17,324,1012.5,1017.0,1007.4
1,2024-11-18,332,1019.3,1025.2,1014.6
1,2024-11-19,337,1025.1,1026.5,1023.4
1,2024-11-20,113,1019.3,1023.7,1015.4
1,2024-11-21,356,1013.5,1015.8,1011.3
1,2024-11-22,22,1010.8,1014.0,1009.4
1,2024-11-23,333,1018.7,1021.7,1014.7
1,2024-11-24,323,1024.2,1027.7,1020.9
1,2024-11-25,339,1028.8,1030.0,1027.0
1,2024-11-26,117,1017.2,1028.4,1006.5
1,2024-11-27,256,1002.4,1005.6,1000.7
1,2024-11-28,265,999.7,1003.2,993.7
1,2024-11-29,291,995.3,996.5,994.0
1,2024-11-30,318,998.7,1006.8,994.1
1,2024-12-01,338,1013.7,1018.2,1007.6
1,2024-12-02,131,1014.3,1018.4,1009.7
1,2024-12-03,348,1013.7,1016.0,1011.2
1,2024-12-04,340,1009.7,1013.0,1005.1
1,2024-12-05,326,1004.8,1006.2,1002.7
1,2024-12-06,327,1004.0,1007.6,1001.8
1,2024-12-07,336,1005.9,1008.9,1004.2
1,2024-12-08,333,1008.7,1011.4,1004.6
1,2024-12-09,320,1011.6,1013.9,1009.5
1,2024-12-10,342,1011.5,1014.5,1007.8
1,2024-12-11,326,1009.2,1011.7,1005.4
1,2024-12-12,337,1012.2,1013.1,1011.1
1,2024-12-13,329,1009.2,1012.2,1007.8
1,2024-12-14,342,1007.8,1009.5,1005.8
1,2024-12-15,331,1003.6,1008.6,1000.4
1,2024-12-16,334,1012.2,1014.6,1009.3
1,2024-12-17,348,1014.2,1015.1,1013.0
1,2024-12-18,341,1016.0,1017.2,1014.0
1,2024-12-19,337,1014.8,1016.7,1013.9
1,2024-12-20,347,1016.3,1018.2,1012.9
1,2024-12-21,18,1005.8,1012.4,1002.0
1,2024-12-22,340,1002.9,1006.6,999.9
1,2024-12-23,360,1007.0,1010.9,1005.0
1,2024-12-24,339,1016.0,1022.0,1010.9
1,2024-12-25,114,1017.1,1023.2,1005.7
1,2024-12-26,310,1003.2,1006.5,1001.8
1,2024-12-27,326,1001.6,1003.6,999.9
1,2024-12-28,355,1007.3,1009.2,1004.0
1,2024-12-29,333,1013.6,1017.3,1008.8
1,2024-12-30,38,1013.6,1017.9,1003.8
1,2024-12-31,353,1003.4,1010.5,999.3
1,2025-01-01,358,1012.5,1013.7,1011.1
1,2025-01-02,349,1014.3,1015.9,1012.6
1,2025-01-03,357,1015.6,1016.7,1014.8
1,2025-01-04,338,1017.5,1021.2,1015.1
1,2025-01-05,71,1020.3,1023.0,1015.7
1,2025-01-06,59,1008.3,1016.0,997.6
1,2025-01-07,326,997.7,1002.6,993.2
1,2025-01-08,295,1001.3,1002.6,999.9
1,2025-01-09,285,1002.6,1004.0,1001.5
1,2025-01-10,342,1011.5,1018.6,1003.7
1,2025-01-11,342,1021.3,1023.1,1018.4
1,2025-01-12,96,1019.2,1023.5,1015.0
1,2025-01-13,289,1014.7,1016.0,1013.0
1,2025-01-14,305,1010.7,1013.0,1009.7
1,2025-01-15,314,1010.6,1014.8,1007.5
1,2025-01-16,343,1011.1,1015.2,1006.8
1,2025-01-17,330,1016.8,1021.5,1011.2
1,2025-01-18,358,1022.0,1023.4,1020.8
1,2025-01-19,107,1014.9,1020.8,1011.0
1,2025-01-20,341,1013.6,1018.3,1010.3
1,2025-01-21,106,1021.3,1023.1,1018.9
1,2025-01-22,110,1022.7,1023.6,1022.0
1,2025-01-23,107,1020.3,1023.2,1018.0
1,2025-01-24,114,1019.9,1022.7,1018.0
1,2025-01-25,354,1023.7,1024.6,1022.3
1,2025-01-26,37,1020.2,1024.6,1015.0
1,2025-01-27,338,1010.0,1014.9,1006.5
1,2025-01-28,305,1002.8,1006.5,998.3
1,2025-01-29,307,1000.7,1004.1,997.3
1,2025-01-30,306,1006.9,1010.9,1003.9
1,2025-01-31,312,1015.0,1017.9,1011.2
1,2025-02-01,353,1017.9,1018.9,1016.0
1,2025-02-02,45,1016.3,1018.6,1013.0
1,2025-02-03,101,1003.2,1013.5,993.6
1,2025-02-04,233,990.4,993.2,987.9
1,2025-02-05,261,988.4,992.2,987.2
1,2025-02-06,291,998.7,1000.6,993.4
1,2025-02-07,316,998.5,1000.3,996.9
1,2025-02-08,324,1003.5,1007.0,999.9
1,2025-02-09,314,1008.6,1010.5,1006.4
1,2025-02-10,325,1011.3,1013.6,1009.3
1,2025-02-11,318,1016.3,1018.5,1013.4
1,2025-02-12,260,1002.1,1015.4,991.0
1,2025-02-13,316,1002.4,1005.4,994.5
1,2025-02-14,315,1007.6,1013.5,1003.3
1,2025-02-15,335,1013.1,1014.6,1010.8
1,2025-02-16,113,1005.7,1010.3,1001.4
1,2025-02-17,320,999.5,1003.0,997.5
1,2025-02-18,333,1004.4,1005.9,1003.4
1,2025-02-19,340,1010.0,1014.2,1006.0
1,2025-02-20,340,1015.4,1017.7,1013.0
1,2025-02-21,339,1017.2,1018.4,1016.0
1,2025-02-22,346,1016.0,1017.4,1013.5
1,2025-02-23,327,1015.6,1017.4,1014.8
1,2025-02-24,309,1016.0,1018.4,1014.4
1,2025-02-25,249,1013.1,1018.8,1004.3
1,2025-02-26,299,1009.0,1014.5,1004.0
1,2025-02-27,326,1016.9,1018.1,1014.8
1,2025-02-28,255,1014.1,1017.0,1012.6
1,2025-03-01,321,1013.8,1016.0,1011.3
1,2025-03-02,325,1014.5,1018.6,1010.6
1,2025-03-03,318,1022.8,1027.8,1018.2
1,2025-03-04,358,1028.6,1030.0,1027.1
1,2025-03-05,105,1020.8,1027.8,1013.9
1,2025-03-06,325,1013.6,1015.4,1012.2
1,2025-03-07,325,1020.9,1027.2,1015.4
1,2025-03-08,320,1027.0,1027.8,1026.1
1,2025-03-09,307,1026.2,1029.7,1024.3
1,2025-03-10,77,1027.7,1030.4,1023.8
1,2025-03-11,112,1019.3,1023.4,1017.8
1,2025-03-12,120,1014.5,1019.4,1007.3
1,2025-03-13,274,1008.0,1010.7,1006.0
1,2025-03-14,305,1016.0,1022.1,1010.9
1,2025-03-15,323,1023.4,1025.1,1021.9
1,2025-03-16,113,1009.5,1022.2,994.2
1,2025-03-17,327,1002.7,1012.0,993.6
1,2025-03-18,328,1015.2,1017.5,1012.6
1,2025-03-19,238,1013.5,1015.6,1012.3
1,2025-03-20,230,1010.9,1013.7,1006.3
1,2025-03-21,184,1000.4,1005.9,994.6
1,2025-03-22,281,997.7,1002.5,992.7
1,2025-03-23,321,1009.4,1012.5,1003.4
1,2025-03-24,113,1004.6,1012.4,999.6
1,2025-03-25,125,998.1,1000.9,990.9
1,2025-03-26,319,1004.7,1012.2,991.1
1,2025-03-27,113,1003.6,1011.8,997.8
1,2025-03-28,288,1002.7,1011.0,996.9
1,2025-03-29,281,1016.7,1020.0,1011.4
1,2025-03-30,269,1019.9,1025.1,1015.0
1,2025-03-31,268,1028.5,1031.5,1025.6
1,2025-04-01,118,1033.0,1034.5,1030.9
1,2025-04-02,110,1022.5,1030.8,1016.4
1,2025-04-03,297,1013.1,1016.0,1011.0
1,2025-04-04,328,1013.5,1017.2,1009.2
1,2025-04-05,282,1018.1,1019.3,1016.4
1,2025-04-06,127,1014.9,1018.8,1012.7
1,2025-04-07,282,1011.2,1013.4,1009.9
1,2025-04-08,313,1008.4,1010.4,1006.9
1,2025-04-09,287,1008.9,1010.3,1007.5
1,2025-04-10,108,1009.6,1010.9,1008.5
1,2025-04-11,305,1013.4,1017.4,1009.8
1,2025-04-12,165,1016.2,1017.7,1015.1
1,2025-04-13,117,1013.8,1016.0,1009.9
1,2025-04-14,101,1000.9,1009.3,995.9
1,2025-04-15,297,990.1,997.4,984.7
1,2025-04-16,287,996.6,1006.4,987.7
1,2025-04-17,292,1009.7,1014.3,1006.9
1,2025-04-18,127,1010.7,1014.5,1007.5
1,2025-04-19,255,1011.3,1013.2,1007.9
1,2025-04-20,327,1009.6,1013.5,1006.1
1,2025-04-21,322,1015.5,1018.0,1012.5
1,2025-04-22,122,1013.8,1018.5,1007.2
1,2025-04-23,77,1007.0,1008.2,1005.6
1,2025-04-24,244,1006.4,1007.9,1005.1
1,2025-04-25,232,1007.0,1009.6,1004.0
1,2025-04-26,249,1007.3,1008.8,1005.8
1,2025-04-27,306,1009.4,1012.4,1007.2
1,2025-04-28,111,1009.6,1014.0,1001.4
1,2025-04-29,23,1002.6,1009.0,998.1
1,2025-04-30,322,1017.2,1023.8,1009.3
1,2025-05-01,122,1021.9,1024.3,1018.4
1,2025-05-02,122,1011.9,1018.4,1006.4
1,2025-05-03,142,1005.5,1007.8,1003.6
1,2025-05-04,138,1003.6,1005.8,1002.0
1,2025-05-05,279,1010.2,1012.7,1006.1
1,2025-05-06,124,1008.9,1012.4,1003.8
1,2025-05-07,312,1009.9,1017.5,1003.7
1,2025-05-08,219,1020.9,1023.2,1018.0
1,2025-05-09,119,1017.1,1023.1,1008.3
1,2025-05-10,119,996.4,1007.1,991.7
1,2025-05-11,313,1000.0,1005.6,993.9
1,2025-05-12,288,1008.7,1013.1,1005.7
1,2025-05-13,247,1017.0,1020.3,1013.6
1,2025-05-14,128,1020.7,1021.6,1019.7
1,2025-05-15,122,1019.2,1021.1,1017.9
1,2025-05-16,119,1017.9,1019.5,1015.6
1,2025-05-17,119,1006.1,1015.2,1000.5
1,2025-05-18,279,1005.6,1010.0,1002.3
1,2025-05-19,123,1008.9,1011.0,1005.5
1,2025-05-20,264,1008.3,1011.5,1004.4
1,2025-05-21,157,1008.5,1011.5,1005.4
1,2025-05-22,320,1006.5,1011.6,1003.2
1,2025-05-23,290,1016.6,1019.7,1012.0
1,2025-05-24,124,1016.9,1020.0,1009.8
1,2025-05-25,228,1007.0,1009.4,1004.5
1,2025-05-26,296,1017.5,1023.1,1009.5
1,2025-05-27,133,1022.5,1023.9,1020.7
1,2025-05-28,141,1018.7,1021.0,1016.8
1,2025-05-29,246,1015.3,1016.8,1014.5
1,2025-05-30,150,1013.5,1015.4,1012.6
1,2025-05-31,238,1009.7,1013.4,1005.5
1,2025-06-01,204,1003.7,1005.7,1002.7
1,2025-06-02,249,1004.8,1006.0,1003.5
1,2025-06-03,114,1000.7,1005.6,995.1
1,2025-06-04,231,997.6,1001.7,995.0
1,2025-06-05,237,1005.9,1009.8,1002.0
1,2025-06-06,127,1008.7,1010.5,1007.5
1,2025-06-07,126,1007.2,1008.0,1006.3
1,2025-06-08,290,1009.4,1012.5,1007.0
1,2025-06-09,121,1011.5,1012.6,1010.0
1,2025-06-10,122,1008.0,1010.6,1004.8
1,2025-06-11,213,1004.7,1007.8,1003.3
1,2025-06-12,330,1014.4,1018.8,1008.6
1,2025-06-13,133,1016.6,1018.9,1013.5
1,2025-06-14,116,1007.3,1013.1,1002.3
1,2025-06-15,116,1001.8,1003.4,1000.1
1,2025-06-16,128,1002.4,1003.8,1000.5
1,2025-06-17,233,1006.9,1010.0,1003.3
1,2025-06-18,181,1012.2,1014.8,1010.0
1,2025-06-19,144,1015.7,1016.7,1014.8
1,2025-06-20,124,1014.0,1016.6,1011.2
1,2025-06-21,118,1006.0,1011.1,1001.4
1,2025-06-22,208,1004.4,1007.3,1001.4
1,2025-06-23,126,1009.8,1012.8,1007.5
1,2025-06-24,136,1014.4,1015.9,1012.9
1,2025-06-25,129,1013.0,1015.5,1009.2
1,2025-06-26,283,1004.0,1008.9,1000.7
1,2025-06-27,311,1002.1,1004.9,1000.1
1,2025-06-28,307,1005.6,1007.8,1004.0
1,2025-06-29,193,1009.1,1010.6,1007.7
1,2025-06-30,117,1011.0,1011.7,1010.1
1,2025-07-01,146,1011.9,1013.6,1010.7
1,2025-07-02,132,1013.2,1014.2,1012.4
1,2025-07-03,126,1009.1,1012.2,1006.3
1,2025-07-04,129,1003.9,1006.3,1000.5
1,2025-07-05,229,1002.1,1003.0,1000.7
1,2025-07-06,138,1002.7,1004.1,1001.5
1,2025-07-07,290,1005.9,1007.9,1004.2
1,2025-07-08,320,1009.6,1012.7,1007.5
1,2025-07-09,278,1014.0,1016.3,1012.5
1,2025-07-10,158,1018.4,1019.9,1016.5
1,2025-07-11,156,1019.0,1020.6,1017.0
1,2025-07-12,140,1011.7,1016.6,1008.2
1,2025-07-13,116,1006.4,1007.6,1005.5
1,2025-07-14,115,1002.6,1005.9,997.2
1,2025-07-15,114,1008.6,1010.9,1004.0
1,2025-07-16,114,1013.2,1014.6,1009.2
1,2025-07-17,124,1014.2,1014.8,1013.4
1,2025-07-18,144,1014.8,1015.7,1013.9
1,2025-07-19,130,1014.9,1015.9,1014.1
1,2025-07-20,156,1014.2,1014.8,1013.3
1,2025-07-21,227,1012.8,1013.9,1012.3
1,2025-07-22,251,1011.0,1012.4,1010.1
1,2025-07-23,258,1010.1,1010.9,1009.0
1,2025-07-24,211,1010.1,1011.2,1008.9
1,2025-07-25,242,1010.3,1011.0,1009.6
1,2025-07-26,112,1008.7,1010.9,1005.7
1,2025-07-27,226,1004.0,1005.5,1003.0
1,2025-07-28,127,1003.9,1004.8,1002.8
1,2025-07-29,147,1005.5,1006.7,1004.1
1,2025-07-30,164,1007.8,1009.3,1006.7
1,2025-07-31,126,1008.6,1009.4,1007.9
1,2025-08-01,125,1006.2,1008.5,1004.0
1,2025-08-02,136,1002.2,1003.7,1000.9
1,2025-08-03,167,1005.1,1006.7,1003.3
1,2025-08-04,129,1005.1,1006.8,1001.9
1,2025-08-05,266,1001.7,1002.3,1000.7
1,2025-08-06,145,999.7,1002.3,995.8
1,2025-08-07,230,995.5,997.5,994.5
1,2025-08-08,302,1001.5,1006.2,997.2
1,2025-08-09,102,1007.3,1008.7,1006.3
1,2025-08-10,121,1004.4,1006.7,1002.8
1,2025-08-11,218,1005.8,1007.7,1003.9
1,2025-08-12,296,1012.0,1016.6,1008.0
1,2025-08-13,128,1017.8,1018.9,1016.9
1,2025-08-14,144,1014.4,1018.1,1010.1
1,2025-08-15,317,1011.6,1013.4,1009.6
1,2025-08-16,114,1012.7,1014.0,1011.1
1,2025-08-17,280,1009.1,1013.7,1005.5
1,2025-08-18,122,1013.3,1015.0,1010.4
1,2025-08-19,211,1006.9,1009.8,1006.2
1,2025-08-20,222,1005.7,1007.3,1004.6
1,2025-08-21,317,1009.1,1012.3,1006.4
1,2025-08-22,142,1010.3,1012.9,1006.2
1,2025-08-23,311,1008.1,1011.9,1004.9
1,2025-08-24,128,1014.5,1016.7,1012.3
1,2025-08-25,123,1015.4,1017.3,1012.8
1,2025-08-26,149,1007.1,1012.4,1002.9
1,2025-08-27,293,1007.1,1013.2,1001.9
1,2025-08-28,19,1014.7,1016.3,1013.1
1,2025-08-29,113,1013.3,1015.5,1010.8
1,2025-08-30,229,1012.6,1015.1,1010.2
1,2025-08-31,120,1013.9,1015.6,1011.0
1,2025-09-01,181,1006.8,1010.8,1004.5
1,2025-09-02,256,1005.3,1008.3,1004.1
1,2025-09-03,332,1012.1,1015.8,1008.5
1,2025-09-04,118,1015.2,1017.0,1012.5
1,2025-09-05,86,1009.5,1012.2,1008.2
1,2025-09-06,151,1007.8,1009.6,1005.6
1,2025-09-07,75,1005.1,1008.2,1003.2
1,2025-09-08,320,1011.0,1012.8,1008.5
1,2025-09-09,105,1013.1,1014.8,1012.0
1,2025-09-10,346,1015.8,1017.1,1014.8
1,2025-09-11,266,1018.6,1020.4,1016.9
1,2025-09-12,117,1020.3,1021.5,1018.0
1,2025-09-13,147,1006.0,1017.4,996.1
1,2025-09-14,356,1011.1,1015.4,1001.3
1,2025-09-15,226,1013.2,1016.1,1011.4
1,2025-09-16,288,1009.9,1012.9,1005.5
1,2025-09-17,318,1006.7,1008.2,1004.2
1,2025-09-18,330,1013.0,1018.7,1008.2
1,2025-09-19,350,1019.5,1020.4,1018.3
1,2025-09-20,123,1005.8,1019.2,992.8
1,2025-09-21,325,1012.3,1020.6,1000.5
1,2025-09-22,345,1022.3,1024.5,1020.7
1,2025-09-23,75,1024.8,1025.6,1023.7
1,2025-09-24,132,1021.8,1025.7,1016.2
1,2025-09-25,195,1012.3,1016.1,1010.5
1,2025-09-26,312,1012.1,1014.4,1010.3
1,2025-09-27,312,1014.2,1015.2,1013.0
1,2025-09-28,102,1009.8,1014.5,1004.1
1,2025-09-29,354,1005.3,1011.6,1001.8
1,2025-09-30,121,1014.7,1016.3,1012.3
1,2025-10-01,105,1014.3,1015.8,1013.0
1,2025-10-02,317,1016.3,1021.0,1012.9
1,2025-10-03,25,1021.8,1023.9,1020.1
1,2025-10-04,121,1018.2,1023.6,1014.0
1,2025-10-05,334,1011.0,1013.8,1009.5
1,2025-10-06,338,1020.2,1025.5,1014.6
1,2025-10-07,150,1019.9,1026.0,1012.2
1,2025-10-08,305,1013.5,1020.4,1008.8
1,2025-10-09,338,1020.4,1021.2,1018.7
1,2025-10-10,332,1021.1,1023.4,1019.1
1,2025-10-11,50,1019.7,1022.8,1016.5
1,2025-10-12,81,1013.0,1015.9,1011.7
1,2025-10-13,329,1018.0,1022.6,1013.7
1,2025-10-14,276,1021.7,1022.6,1020.0
1,2025-10-15,360,1024.0,1025.6,1021.6
1,2025-10-16,90,1021.7,1024.7,1020.7
1,2025-10-17,341,1021.3,1023.6,1017.7
1,2025-10-18,329,1014.2,1020.4,1011.3
1,2025-10-19,320,1020.6,1021.9,1018.9
1,2025-10-20,345,1022.5,1025.7,1019.2
1,2025-10-21,337,1026.8,1028.8,1024.1
1,2025-10-22,337,1029.5,1030.7,1027.4
1,2025-10-23,338,1029.0,1030.7,1027.9
1,2025-10-24,347,1028.2,1029.4,1026.9
1,2025-10-25,69,1024.7,1028.8,1021.4
1,2025-10-26,86,1008.1,1020.7,999.2
1,2025-10-27,279,1004.0,1010.2,999.9
1,2025-10-28,297,1016.4,1024.4,1010.3
1,2025-10-29,0,1028.6,1030.6,1025.3
1,2025-10-30,196,1026.3,1030.3,1024.2
1,2025-10-31,78,1014.9,1024.5,990.2
1,2025-11-01,329,996.1,1004.5,979.8
1,2025-11-02,311,1009.9,1016.0,1003.6
1,2025-11-03,345,1022.7,1028.7,1016.3
1,2025-11-04,260,1025.8,1028.6,1024.3
1,2025-11-05,260,1023.8,1024.9,1022.9
1,2025-11-06,327,1015.9,1022.3,1013.0
1,2025-11-07,328,1019.3,1028.4,1011.9
1,2025-11-08,15,1025.9,1029.0,1018.5
1,2025-11-09,40,1005.5,1018.2,999.0
1,2025-11-10,318,1003.0,1008.5,997.0
1,2025-11-11,327,1014.3,1021.0,1008.5
1,2025-11-12,288,1017.6,1021.2,1011.2
1,2025-11-13,281,1007.9,1012.4,1004.9
1,2025-11-14,335,1017.2,1022.2,1012.2
1,2025-11-15,326,1025.3,1029.3,1022.0
1,2025-11-16,165,1021.2,1029.3,1006.0
1,2025-11-17,298,1006.0,1007.9,1004.3
1,2025-11-18,329,1010.1,1015.3,1006.6
1,2025-11-19,341,1018.7,1020.6,1015.6
1,2025-11-20,231,1013.3,1020.4,1007.9
1,2025-11-21,301,1012.5,1018.6,1009.0
1,2025-11-22,298,1020.6,1021.7,1018.9
1,2025-11-23,218,1018.5,1022.0,1016.2
1,2025-11-24,359,1014.0,1016.2,1012.6
1,2025-11-25,73,1012.5,1016.0,1011.2
1,2025-11-26,346,1020.2,1022.9,1016.4
1,2025-11-27,154,1011.9,1022.9,999.2
1,2025-11-28,290,1003.7,1012.9,996.6
1,2025-11-29,346,1015.3,1017.6,1013.4
1,2025-11-30,193,1013.3,1015.5,1009.3
1,2025-12-01,292,1012.7,1018.7,1005.2
1,2025-12-02,257,1010.6,1018.0,1007.5
1,2025-12-03,340,1004.2,1010.2,1001.2
1,2025-12-04,314,1006.2,1008.4,1003.8
1,2025-12-05,298,1011.5,1016.9,1008.0
1,2025-12-06,254,1016.3,1018.0,1013.9
1,2025-12-07,269,1012.3,1014.2,1011.5
1,2025-12-08,317,1011.5,1017.3,1003.2
1,2025-12-09,322,1018.0,1020.2,1016.5
1,2025-12-10,276,1018.6,1021.3,1012.6
1,2025-12-11,317,1008.9,1015.7,1004.5
1,2025-12-12,327,1020.7,1024.0,1016.4
1,2025-12-13,1,1022.4,1024.7,1018.3
1,2025-12-14,353,1000.0,1017.6,989.9
1,2025-12-15,310,1009.3,1014.0,998.7
1,2025-12-16,296,1013.9,1017.1,1011.0
1,2025-12-17,292,1015.9,1020.2,1014.3
1,2025-12-18,331,1024.1,1027.8,1021.1
1,2025-12-19,119,1024.5,1027.8,1020.3
1,2025-12-20,188,1015.5,1020.2,1010.3
1,2025-12-21,337,1015.1,1022.5,1008.6
1,2025-12-22,339,1029.1,1033.4,1023.5
1,2025-12-23,114,1026.1,1033.4,1018.2
1,2025-12-24,80,1012.2,1017.7,1007.3
1,2025-12-25,335,1000.0,1006.9,994.1
1,2025-12-26,313,1003.5,1013.1,997.1
1,2025-12-27,298,1013.4,1015.6,1012.1
1,2025-12-28,1,1019.1,1020.8,1016.0
1,2025-12-29,120,1013.3,1018.9,1009.8
1,2025-12-30,324,1010.1,1011.7,1007.7
1,2025-12-31,299,1009.3,1012.0,1007.6
1,2026-01-01,312,1006.1,1007.6,1004.6
1,2026-01-02,341,1007.4,1008.5,1006.2
1,2026-01-03,325,1008.1,1009.5,1007.0
1,2026-01-04,311,1007.4,1008.6,1006.0
1,2026-01-05,340,1008.2,1010.3,1005.8
1,2026-01-06,15,1014.6,1017.6,1010.7
1,2026-01-07,137,1007.6,1016.9,1003.2
1,2026-01-08,337,1007.6,1012.7,1002.9
1,2026-01-09,340,1014.3,1015.6,1013.0
1,2026-01-10,165,1001.6,1013.0,994.7
1,2026-01-11,291,993.9,1000.6,991.3
1,2026-01-12,296,1004.6,1006.7,1001.4
1,2026-01-13,289,997.1,1005.1,987.6
1,2026-01-14,301,1009.0,1012.6,1006.0
1,2026-01-15,293,1008.5,1012.0,1006.1
1,2026-01-16,338,1010.8,1013.5,1007.5
1,2026-01-17,345,1012.5,1017.4,1010.6
1,2026-01-18,346,1019.3,1020.6,1017.7
1,2026-01-19,319,1007.8,1018.1,1001.3
1,2026-01-20,325,1004.1,1006.6,999.4
1,2026-01-21,354,1004.2,1006.0,1003.6
1,2026-01-22,350,1007.2,1011.2,1004.3
1,2026-01-23,1,1012.1,1013.3,1010.8
1,2026-01-24,328,1008.6,1011.1,1006.6
1,2026-01-25,337,1010.6,1016.8,1006.3
1,2026-01-26,349,1015.5,1017.5,1013.8
1,2026-01-27,51,1010.8,1014.0,1009.1
1,2026-01-28,82,1013.6,1014.5,1012.1
1,2026-01-29,63,1011.5,1013.5,1010.6
1,2026-01-30,319,1010.7,1011.6,1009.2
1,2026-01-31,327,1011.1,1011.9,1010.1
2,2021-01-01,313,1011.2,1014.1,1007.3
2,2021-01-02,312,1016.3,1018.9,1012.9
2,2021-01-03,298,1018.0,1019.9,1016.6
2,2021-01-04,306,1020.3,1021.3,1017.9
2,2021-01-05,322,1018.9,1020.8,1017.7
2,2021-01-06,26,1013.3,1018.7,1004.5
2,2021-01-07,4,993.8,1003.8,986.0
2,2021-01-08,300,1003.7,1006.8,999.3
2,2021-01-09,297,1007.2,1010.8,1004.3
2,2021-01-10,305,1014.2,1019.2,1009.9
2,2021-01-11,308,1021.8,1023.7,1019.1
2,2021-01-12,111,1013.3,1022.4,1007.2
2,2021-01-13,271,1009.1,1012.1,1005.8
2,2021-01-14,291,1015.9,1025.2,1006.7
2,2021-01-15,219,1017.5,1025.1,1004.0
2,2021-01-16,276,1007.8,1013.2,1003.0
2,2021-01-17,2,1013.5,1015.1,1011.9
2,2021-01-18,21,1008.3,1015.4,1001.8
2,2021-01-19,319,1016.5,1023.5,1006.2
2,2021-01-20,302,1024.1,1026.7,1020.7
2,2021-01-21,283,1016.2,1019.5,1014.1
2,2021-01-22,306,1018.7,1025.8,1012.8
2,2021-01-23,5,1027.5,1028.7,1025.5
2,2021-01-24,291,1025.1,1028.6,1023.1
2,2021-01-25,66,1028.6,1031.6,1024.7
2,2021-01-26,62,1022.4,1031.5,1007.8
2,2021-01-27,286,1011.3,1017.8,1005.7
2,2021-01-28,60,1010.4,1019.8,997.5
2,2021-01-29,301,995.1,997.1,993.2
2,2021-01-30,300,1009.5,1016.0,998.8
2,2021-01-31,298,1022.8,1026.1,1016.5
2,2021-02-01,226,1010.1,1025.1,998.3
2,2021-02-02,285,1003.5,1008.7,996.5
2,2021-02-03,291,1010.4,1012.2,1007.9
2,2021-02-04,298,1008.3,1012.6,1005.7
2,2021-02-05,279,1011.4,1013.6,1008.2
2,2021-02-06,274,1008.1,1009.4,1006.6
2,2021-02-07,304,1007.0,1008.6,1006.1
2,2021-02-08,303,1004.9,1007.1,1003.2
2,2021-02-09,300,1009.4,1012.0,1006.3
2,2021-02-10,300,1010.9,1014.5,1008.5
2,2021-02-11,308,1020.6,1027.5,1014.6
2,2021-02-12,264,1029.3,1030.7,1027.4
2,2021-02-13,291,1023.5,1028.5,1019.8
2,2021-02-14,302,1015.6,1019.4,1009.9
2,2021-02-15,333,985.3,1008.3,966.5
2,2021-02-16,267,984.4,989.8,973.4
2,2021-02-17,275,990.5,991.6,989.5
2,2021-02-18,292,997.8,1005.0,991.2
2,2021-02-19,264,1004.3,1006.7,998.9
2,2021-02-20,265,999.0,1006.7,995.4
2,2021-02-21,297,1010.9,1013.3,1006.9
2,2021-02-22,32,1005.9,1013.2,1000.6
2,2021-02-23,291,1006.7,1012.9,1001.6
2,2021-02-24,299,1016.2,1021.9,1012.4
2,2021-02-25,304,1019.6,1021.7,1017.1
2,2021-02-26,293,1020.0,1026.3,1016.7
2,2021-02-27,297,1029.9,1031.7,1027.3
2,2021-02-28,280,1024.8,1029.4,1021.0
2,2021-03-01,17,1017.3,1021.5,1009.1
2,2021-03-02,42,1009.4,1023.4,1000.8
2,2021-03-03,241,1031.0,1033.8,1024.7
2,2021-03-04,220,1028.1,1033.6,1023.4
2,2021-03-05,280,1017.2,1022.9,1012.5
2,2021-03-06,297,1022.9,1028.8,1014.1
2,2021-03-07,283,1025.8,1028.5,1024.4
2,2021-03-08,290,1025.2,1026.7,1022.4
2,2021-03-09,258,1018.8,1026.1,1010.0
2,2021-03-10,289,1018.5,1026.5,1008.7
2,2021-03-11,283,1023.8,1025.9,1022.9
2,2021-03-12,5,1024.4,1026.5,1021.9
2,2021-03-13,47,1017.3,1026.4,1005.3
2,2021-03-14,30,1005.2,1009.2,1002.1
2,2021-03-15,296,1008.9,1010.1,1008.0
2,2021-03-16,282,1003.3,1008.3,1000.6
2,2021-03-17,288,1008.5,1013.3,1004.4
2,2021-03-18,288,1016.1,1020.1,1012.9
2,2021-03-19,302,1021.8,1026.3,1018.9
2,2021-03-20,80,1023.2,1026.5,1015.3
2,2021-03-21,352,1000.6,1014.3,996.3
2,2021-03-22,268,1007.3,1015.0,999.1
2,2021-03-23,250,1017.1,1019.0,1015.5
2,2021-03-24,270,1021.0,1022.9,1019.3
2,2021-03-25,325,1015.4,1020.5,1012.1
2,2021-03-26,42,1016.0,1022.6,1011.8
2,2021-03-27,243,1022.2,1024.2,1018.8
2,2021-03-28,140,1011.0,1018.3,1004.7
2,2021-03-29,268,1003.4,1008.8,999.6
2,2021-03-30,281,1011.6,1013.7,1008.9
2,2021-03-31,297,1013.1,1017.8,1010.3
2,2021-04-01,304,1024.2,1031.0,1018.3
2,2021-04-02,94,1029.1,1031.8,1023.9
2,2021-04-03,268,1016.1,1022.9,1012.3
2,2021-04-04,46,1011.2,1014.3,1009.5
2,2021-04-05,46,1020.9,1024.8,1015.8
2,2021-04-06,84,1021.8,1025.3,1017.7
2,2021-04-07,282,1012.9,1017.8,1009.7
2,2021-04-08,281,1012.5,1014.1,1010.7
2,2021-04-09,277,1020.1,1028.0,1014.9
2,2021-04-10,289,1030.3,1033.1,1027.8
2,2021-04-11,288,1032.7,1033.4,1032.1
2,2021-04-12,225,1026.9,1032.0,1020.2
2,2021-04-13,212,1009.4,1018.6,1005.4
2,2021-04-14,288,1010.5,1017.4,1005.2
2,2021-04-15,273,1022.3,1027.9,1017.6
2,2021-04-16,145,1026.8,1028.2,1024.6
2,2021-04-17,131,1014.4,1023.5,998.5
2,2021-04-18,294,989.1,997.5,986.8
2,2021-04-19,269,1002.4,1008.0,993.7
2,2021-04-20,280,1010.2,1014.5,1005.2
2,2021-04-21,284,1014.1,1017.1,1012.0
2,2021-04-22,31,1022.6,1024.9,1017.9
2,2021-04-23,267,1022.8,1024.2,1019.8
2,2021-04-24,278,1012.6,1018.9,1008.6
2,2021-04-25,60,1013.8,1019.4,1009.2
2,2021-04-26,287,1020.0,1021.0,1018.6
2,2021-04-27,288,1020.1,1021.3,1019.2
2,2021-04-28,279,1015.7,1019.0,1013.8
2,2021-04-29,28,1006.5,1013.9,989.0
2,2021-04-30,288,997.0,1004.4,989.0
2,2021-05-01,328,1004.2,1006.3,999.5
2,2021-05-02,291,1000.4,1003.4,998.6
2,2021-05-03,284,1005.0,1009.2,1001.6
2,2021-05-04,320,1015.4,1019.1,1009.3
2,2021-05-05,311,1012.2,1017.0,1009.4
2,2021-05-06,281,1014.4,1015.6,1013.0
2,2021-05-07,278,1007.4,1014.4,1000.9
2,2021-05-08,287,1002.8,1004.9,1001.1
2,2021-05-09,275,999.7,1000.9,998.1
2,2021-05-10,289,1005.7,1011.5,1000.8
2,2021-05-11,29,1017.7,1024.3,1011.4
2,2021-05-12,84,1022.8,1024.2,1019.8
2,2021-05-13,72,1015.1,1019.3,1012.4
2,2021-05-14,303,1014.7,1019.4,1011.0
2,2021-05-15,105,1018.2,1020.1,1014.5
2,2021-05-16,232,1006.0,1013.3,998.3
2,2021-05-17,225,1002.4,1009.0,997.1
2,2021-05-18,101,1012.9,1014.5,1010.4
2,2021-05-19,75,1012.9,1014.5,1011.5
2,2021-05-20,292,1013.8,1015.2,1012.3
2,2021-05-21,53,1007.1,1011.8,1005.3
2,2021-05-22,47,1006.0,1006.8,1004.8
2,2021-05-23,286,1006.3,1007.4,1004.5
2,2021-05-24,288,1002.6,1004.5,1000.6
2,2021-05-25,279,999.8,1002.6,997.7
2,2021-05-26,280,1007.1,1010.4,1002.7
2,2021-05-27,51,1004.0,1010.5,998.7
2,2021-05-28,63,1007.0,1010.1,1002.2
2,2021-05-29,29,1002.1,1004.2,998.6
2,2021-05-30,284,1005.9,1010.5,1003.4
2,2021-05-31,80,1014.8,1019.1,1010.3
2,2021-06-01,273,1019.4,1020.1,1018.6
2,2021-06-02,273,1018.2,1019.4,1017.3
2,2021-06-03,94,1014.3,1017.9,1008.7
2,2021-06-04,212,999.8,1007.1,996.9
2,2021-06-05,285,1002.8,1005.8,1000.2
2,2021-06-06,283,1007.5,1011.0,1005.4
2,2021-06-07,290,1011.1,1011.7,1010.5
2,2021-06-08,2,1012.5,1017.3,1009.6
2,2021-06-09,274,1017.3,1018.1,1016.5
2,2021-06-10,279,1017.9,1019.0,1016.9
2,2021-06-11,244,1018.0,1018.8,1016.8
2,2021-06-12,275,1013.2,1016.1,1012.0
2,2021-06-13,283,1009.2,1011.6,1008.1
2,2021-06-14,45,1008.1,1009.8,1006.3
2,2021-06-15,62,1011.0,1012.9,1009.8
2,2021-06-16,72,1012.3,1013.0,1011.5
2,2021-06-17,82,1009.5,1011.7,1007.5
2,2021-06-18,93,1006.8,1008.0,1005.9
2,2021-06-19,66,1005.4,1008.4,1001.5
2,2021-06-20,39,1002.3,1005.0,1000.8
2,2021-06-21,75,1008.7,1012.1,1005.4
2,2021-06-22,96,1013.2,1014.5,1012.0
2,2021-06-23,93,1014.4,1015.3,1013.4
2,2021-06-24,128,1014.4,1015.0,1013.7
2,2021-06-25,275,1013.4,1014.7,1012.7
2,2021-06-26,282,1013.3,1014.7,1012.3
2,2021-06-27,78,1010.8,1013.2,1008.5
2,2021-06-28,83,1009.9,1011.4,1008.4
2,2021-06-29,58,1010.7,1012.3,1009.8
2,2021-06-30,83,1015.9,1018.8,1012.4
2,2021-07-01,79,1017.7,1018.7,1017.0
2,2021-07-02,67,1015.2,1017.2,1012.8
2,2021-07-03,83,1015.0,1017.7,1013.1
2,2021-07-04,85,1016.4,1018.2,1013.9
2,2021-07-05,69,1008.3,1013.6,1006.0
2,2021-07-06,229,1009.5,1011.2,1008.1
2,2021-07-07,60,1011.6,1012.7,1010.8
2,2021-07-08,65,1013.3,1014.1,1012.6
2,2021-07-09,71,1013.5,1014.3,1012.8
2,2021-07-10,68,1012.5,1013.3,1011.9
2,2021-07-11,73,1012.5,1013.2,1011.8
2,2021-07-12,75,1014.7,1016.7,1013.2
2,2021-07-13,77,1018.2,1020.0,1016.8
2,2021-07-14,78,1020.0,1021.6,1018.9
2,2021-07-15,266,1020.7,1021.5,1019.9
2,2021-07-16,280,1017.7,1020.6,1016.5
2,2021-07-17,292,1014.0,1015.7,1013.2
2,2021-07-18,292,1012.5,1014.5,1011.4
2,2021-07-19,286,1014.2,1015.0,1013.6
2,2021-07-20,78,1015.1,1016.5,1013.7
2,2021-07-21,101,1016.4,1017.2,1015.8
2,2021-07-22,238,1014.2,1015.9,1013.2
2,2021-07-23,229,1013.4,1014.4,1012.9
2,2021-07-24,178,1013.5,1014.1,1013.0
2,2021-07-25,107,1013.1,1014.1,1012.0
2,2021-07-26,50,1008.8,1012.7,1005.0
2,2021-07-27,49,1006.1,1007.7,1004.5
2,2021-07-28,77,1006.5,1007.0,1006.0
2,2021-07-29,112,1006.3,1007.1,1005.4
2,2021-07-30,76,1006.4,1007.0,1005.6
2,2021-07-31,50,1005.7,1006.8,1004.9
2,2021-08-01,56,1005.5,1009.0,1003.5
2,2021-08-02,99,1010.5,1011.6,1009.2
2,2021-08-03,277,1010.7,1011.6,1010.2
2,2021-08-04,275,1008.5,1010.4,1007.5
2,2021-08-05,279,1007.0,1007.7,1006.2
2,2021-08-06,112,1008.4,1009.4,1007.2
2,2021-08-07,113,1008.6,1009.5,1007.4
2,2021-08-08,59,1007.8,1009.2,1006.3
2,2021-08-09,53,1004.6,1008.1,997.8
2,2021-08-10,26,1000.9,1010.6,994.1
2,2021-08-11,45,1016.2,1018.8,1012.3
2,2021-08-12,99,1017.4,1019.6,1016.3
2,2021-08-13,98,1017.2,1018.0,1016.1
2,2021-08-14,64,1015.1,1016.4,1014.3
2,2021-08-15,71,1018.8,1020.8,1017.2
2,2021-08-16,114,1020.8,1021.4,1019.9
2,2021-08-17,102,1019.1,1020.8,1016.3
2,2021-08-18,53,1011.2,1015.4,1009.5
2,2021-08-19,299,1015.6,1019.3,1012.2
2,2021-08-20,104,1019.4,1020.3,1018.7
2,2021-08-21,76,1018.0,1019.4,1016.7
2,2021-08-22,86,1013.9,1016.7,1011.7
2,2021-08-23,67,1012.7,1014.3,1011.0
2,2021-08-24,71,1013.7,1015.1,1011.2
2,2021-08-25,84,1009.1,1011.7,1008.0
2,2021-08-26,283,1008.3,1010.0,1007.6
2,2021-08-27,284,1009.3,1010.4,1008.2
2,2021-08-28,274,1007.6,1009.3,1006.6
2,2021-08-29,277,1010.3,1011.4,1009.0
2,2021-08-30,267,1009.8,1010.9,1008.6
2,2021-08-31,286,1010.4,1012.0,1007.9
2,2021-09-01,319,1011.2,1012.3,1010.3
2,2021-09-02,67,1013.2,1015.1,1012.0
2,2021-09-03,91,1017.2,1019.2,1015.4
2,2021-09-04,74,1021.4,1023.0,1019.8
2,2021-09-05,69,1022.5,1023.4,1021.6
2,2021-09-06,71,1020.8,1022.1,1019.9
2,2021-09-07,104,1019.3,1020.3,1018.5
2,2021-09-08,125,1016.1,1018.4,1013.1
2,2021-09-09,119,1012.3,1013.8,1010.8
2,2021-09-10,108,1014.5,1015.4,1013.8
2,2021-09-11,139,1012.4,1014.6,1009.8
2,2021-09-12,259,1006.3,1009.8,1004.4
2,2021-09-13,326,1016.1,1020.7,1008.2
2,2021-09-14,79,1020.4,1021.2,1019.8
2,2021-09-15,79,1021.5,1022.8,1020.0
2,2021-09-16,120,1021.3,1022.7,1019.9
2,2021-09-17,116,1016.4,1019.8,1012.4
2,2021-09-18,154,1009.5,1013.1,1007.1
2,2021-09-19,269,1014.3,1017.5,1012.5
2,2021-09-20,140,1018.9,1020.1,1017.7
2,2021-09-21,148,1015.0,1018.9,1011.0
2,2021-09-22,247,1008.7,1010.5,1007.9
2,2021-09-23,354,1011.5,1016.3,1009.0
2,2021-09-24,55,1023.4,1027.3,1017.8
2,2021-09-25,87,1027.4,1028.0,1026.8
2,2021-09-26,118,1024.7,1027.1,1023.3
2,2021-09-27,94,1022.8,1024.0,1021.8
2,2021-09-28,90,1020.6,1022.3,1019.3
2,2021-09-29,133,1015.0,1019.9,1009.7
2,2021-09-30,218,1007.4,1010.0,1005.6
2,2021-10-01,51,1007.7,1009.8,1004.2
2,2021-10-02,296,1009.2,1019.7,1003.9
2,2021-10-03,256,1020.6,1023.3,1018.2
2,2021-10-04,265,1017.6,1021.1,1015.2
2,2021-10-05,69,1019.6,1022.0,1017.6
2,2021-10-06,325,1020.3,1023.5,1017.4
2,2021-10-07,70,1020.1,1024.0,1016.0
2,2021-10-08,296,1023.2,1028.9,1019.3
2,2021-10-09,236,1028.3,1029.7,1025.6
2,2021-10-10,219,1015.1,1025.1,1007.7
2,2021-10-11,290,1018.6,1026.9,1010.3
2,2021-10-12,74,1029.9,1031.1,1027.6
2,2021-10-13,61,1026.5,1031.0,1022.0
2,2021-10-14,246,1015.3,1022.1,1011.0
2,2021-10-15,324,1015.8,1020.5,1010.5
2,2021-10-16,136,1011.5,1020.4,1003.6
2,2021-10-17,301,1016.4,1023.2,1009.4
2,2021-10-18,331,1024.5,1026.7,1022.7
2,2021-10-19,118,1012.1,1021.5,1003.7
2,2021-10-20,36,1003.5,1008.9,998.8
2,2021-10-21,294,1013.4,1018.7,1009.1
2,2021-10-22,257,1015.8,1018.5,1013.8
2,2021-10-23,307,1018.2,1021.4,1014.1
2,2021-10-24,288,1022.6,1025.8,1019.9
2,2021-10-25,298,1024.1,1026.1,1022.3
2,2021-10-26,34,1016.5,1022.1,1013.2
2,2021-10-27,245,1013.0,1014.8,1010.8
2,2021-10-28,284,1013.5,1018.2,1011.1
2,2021-10-29,13,1020.9,1025.2,1018.2
2,2021-10-30,277,1025.7,1026.9,1024.7
2,2021-10-31,297,1022.5,1025.1,1021.4
2,2021-11-01,72,1024.0,1025.8,1022.7
2,2021-11-02,67,1018.8,1022.9,1014.2
2,2021-11-03,22,1012.0,1014.4,1011.1
2,2021-11-04,32,1015.2,1018.4,1012.4
2,2021-11-05,55,1020.9,1023.4,1018.5
2,2021-11-06,58,1023.0,1023.7,1021.9
2,2021-11-07,312,1024.9,1028.0,1021.8
2,2021-11-08,87,1024.4,1028.1,1019.5
2,2021-11-09,125,1003.4,1018.2,989.5
2,2021-11-10,249,996.1,998.6,990.3
2,2021-11-11,257,1003.0,1005.8,998.6
2,2021-11-12,273,1006.4,1010.2,1004.1
2,2021-11-13,272,1014.4,1016.9,1010.4
2,2021-11-14,262,1011.8,1016.3,1009.4
2,2021-11-15,292,1015.2,1018.0,1012.1
2,2021-11-16,293,1017.2,1019.6,1014.8
2,2021-11-17,305,1019.9,1021.0,1018.3
2,2021-11-18,245,1014.6,1018.9,1012.8
2,2021-11-19,276,1011.7,1018.4,1008.0
2,2021-11-20,311,1021.2,1022.7,1018.7
2,2021-11-21,31,1021.7,1023.3,1018.4
2,2021-11-22,236,1001.7,1018.3,993.6
2,2021-11-23,274,998.9,999.9,997.9
2,2021-11-24,278,1002.5,1005.1,999.2
2,2021-11-25,286,1005.9,1008.6,1004.0
2,2021-11-26,293,1009.5,1011.3,1007.8
2,2021-11-27,303,1019.1,1026.0,1012.0
2,2021-11-28,298,1026.3,1027.9,1024.5
2,2021-11-29,259,1021.1,1024.3,1019.9
2,2021-11-30,181,1012.7,1021.8,998.0
2,2021-12-01,255,993.8,997.8,988.2
2,2021-12-02,257,1010.1,1015.5,999.5
2,2021-12-03,235,1008.1,1013.4,1005.0
2,2021-12-04,300,1014.6,1024.2,1008.5
2,2021-12-05,299,1028.1,1030.3,1024.5
2,2021-12-06,293,1027.0,1030.3,1025.4
2,2021-12-07,38,1025.2,1026.3,1023.9
2,2021-12-08,46,1029.2,1033.2,1025.7
2,2021-12-09,65,1031.6,1033.7,1029.5
2,2021-12-10,31,1024.7,1029.6,1020.6
2,2021-12-11,298,1016.9,1020.7,1014.5
2,2021-12-12,271,1002.8,1014.0,996.6
2,2021-12-13,293,1006.7,1015.3,998.4
2,2021-12-14,275,1013.7,1015.5,1010.8
2,2021-12-15,288,1014.0,1017.9,1009.8
2,2021-12-16,316,1010.8,1017.8,1001.6
2,2021-12-17,318,995.0,1000.4,992.1
2,2021-12-18,312,1006.6,1009.8,1001.1
2,2021-12-19,307,1009.6,1012.1,1007.5
2,2021-12-20,296,1010.9,1013.2,1006.4
2,2021-12-21,292,1004.8,1007.1,1002.9
2,2021-12-22,299,1010.7,1015.1,1006.8
2,2021-12-23,304,1017.5,1019.1,1015.1
2,2021-12-24,292,1014.8,1019.1,1010.0
2,2021-12-25,295,1004.8,1008.8,1003.3
2,2021-12-26,305,1005.6,1008.4,1002.5
2,2021-12-27,314,1008.8,1012.5,1006.9
2,2021-12-28,305,1017.0,1020.2,1013.5
2,2021-12-29,301,1010.7,1020.0,1005.5
2,2021-12-30,307,1004.2,1006.1,1003.1
2,2021-12-31,310,1004.3,1007.5,1001.5
2,2022-01-01,310,1014.8,1018.7,1008.9
2,2022-01-02,273,1009.3,1018.3,1003.1
2,2022-01-03,293,1008.3,1010.0,1006.7
2,2022-01-04,301,1008.9,1013.6,1005.0
2,2022-01-05,304,1019.6,1023.5,1014.0
2,2022-01-06,20,1019.1,1023.6,1014.8
2,2022-01-07,3,1016.9,1019.2,1014.1
2,2022-01-08,257,1013.7,1019.1,1008.8
2,2022-01-09,305,1015.7,1020.3,1009.3
2,2022-01-10,307,1018.8,1020.7,1016.1
2,2022-01-11,43,997.1,1015.5,977.3
2,2022-01-12,279,983.7,989.9,978.9
2,2022-01-13,286,989.4,991.1,988.6
2,2022-01-14,293,997.4,1007.3,991.4
2,2022-01-15,304,1014.1,1017.6,1008.3
2,2022-01-16,73,1011.9,1017.6,1005.0
2,2022-01-17,293,1005.0,1006.1,1004.0
2,2022-01-18,313,1008.9,1015.3,1004.4
2,2022-01-19,52,1015.4,1016.5,1014.0
2,2022-01-20,35,1014.4,1015.5,1013.0
2,2022-01-21,309,1017.6,1021.0,1015.3
2,2022-01-22,329,1021.9,1022.9,1020.4
2,2022-01-23,8,1017.2,1021.8,1013.5
2,2022-01-24,67,1016.7,1020.3,1013.7
2,2022-01-25,336,1019.8,1020.5,1019.3
2,2022-01-26,54,1014.6,1019.4,1011.2
2,2022-01-27,40,1013.0,1014.2,1011.1
2,2022-01-28,291,1009.3,1013.2,1007.7
2,2022-01-29,291,1007.4,1009.5,1006.3
2,2022-01-30,311,1009.7,1010.8,1007.9
2,2022-01-31,301,1011.7,1013.4,1008.9
2,2022-02-01,292,1010.0,1013.4,1008.5
2,2022-02-02,298,1011.2,1012.2,1010.1
2,2022-02-03,295,1009.3,1010.5,1007.6
2,2022-02-04,293,1006.0,1009.4,1003.6
2,2022-02-05,299,1003.4,1005.9,1001.3
2,2022-02-06,298,1008.5,1013.7,1004.7
2,2022-02-07,297,1017.2,1019.9,1014.1
2,2022-02-08,295,1019.3,1022.1,1017.5
2,2022-02-09,310,1023.3,1025.2,1020.6
2,2022-02-10,45,1023.7,1024.9,1022.5
2,2022-02-11,58,1024.2,1024.9,1023.0
2,2022-02-12,202,1021.6,1024.5,1018.5
2,2022-02-13,299,1019.5,1020.6,1018.7
2,2022-02-14,35,1020.2,1021.6,1018.3
2,2022-02-15,62,1014.9,1020.5,1009.0
2,2022-02-16,45,1008.3,1010.0,1007.0
2,2022-02-17,43,1013.6,1019.6,1009.6
2,2022-02-18,302,1022.7,1025.5,1020.2
2,2022-02-19,86,1017.0,1024.9,1004.1
2,2022-02-20,289,994.3,1002.9,989.5
2,2022-02-21,289,998.5,1004.7,991.6
2,2022-02-22,292,1007.7,1012.1,1003.6
2,2022-02-23,296,1011.9,1012.9,1009.9
2,2022-02-24,284,1010.0,1012.2,1008.6
2,2022-02-25,282,1010.5,1012.5,1008.5
2,2022-02-26,256,1007.7,1012.4,1004.3
2,2022-02-27,281,1005.2,1010.2,999.8
2,2022-02-28,279,1013.3,1015.8,1010.0
2,2022-03-01,255,1006.9,1013.0,1004.3
2,2022-03-02,286,1007.0,1008.2,1005.5
2,2022-03-03,305,1007.5,1014.7,999.1
2,2022-03-04,289,1013.0,1014.8,1008.6
2,2022-03-05,237,998.6,1008.0,993.9
2,2022-03-06,287,996.4,1007.6,991.1
2,2022-03-07,299,1012.2,1014.8,1008.3
2,2022-03-08,291,1016.5,1020.3,1013.9
2,2022-03-09,293,1020.9,1022.1,1020.0
2,2022-03-10,284,1020.7,1022.3,1019.0
2,2022-03-11,271,1011.5,1018.5,1007.1
2,2022-03-12,293,1015.2,1021.1,1009.3
2,2022-03-13,63,1017.9,1021.1,1014.5
2,2022-03-14,66,1015.6,1017.6,1012.5
2,2022-03-15,41,1008.8,1014.2,1004.0
2,2022-03-16,74,1015.2,1016.5,1013.8
2,2022-03-17,293,1018.0,1019.9,1016.2
2,2022-03-18,35,1014.5,1019.8,1004.0
2,2022-03-19,26,998.3,1003.5,993.6
2,2022-03-20,287,1011.1,1016.6,1004.8
2,2022-03-21,279,1018.5,1021.8,1014.7
2,2022-03-22,258,1019.2,1021.3,1018.0
2,2022-03-23,290,1018.0,1019.2,1016.8
2,2022-03-24,0,1018.1,1024.4,1015.2
2,2022-03-25,278,1024.8,1027.0,1021.4
2,2022-03-26,204,1003.8,1019.3,992.8
2,2022-03-27,277,1005.1,1010.2,999.2
2,2022-03-28,287,1020.3,1028.4,1011.2
2,2022-03-29,276,1024.8,1029.2,1019.4
2,2022-03-30,297,1018.1,1019.6,1016.7
2,2022-03-31,299,1017.6,1019.2,1016.6
2,2022-04-01,289,1020.6,1025.6,1016.7
2,2022-04-02,268,1026.3,1029.0,1023.9
2,2022-04-03,272,1029.7,1030.7,1028.2
2,2022-04-04,278,1026.8,1029.8,1023.7
2,2022-04-05,278,1019.1,1023.7,1014.5
2,2022-04-06,282,1016.2,1020.7,1012.1
2,2022-04-07,78,1015.0,1020.8,1010.0
2,2022-04-08,272,1015.8,1017.5,1012.7
2,2022-04-09,278,1012.6,1017.6,1009.1
2,2022-04-10,65,1017.7,1019.7,1015.0
2,2022-04-11,288,1013.1,1015.3,1011.7
2,2022-04-12,286,1009.3,1012.1,1006.9
2,2022-04-13,63,1019.1,1026.8,1011.9
2,2022-04-14,67,1024.8,1027.8,1020.1
2,2022-04-15,49,1015.5,1020.5,1011.5
2,2022-04-16,292,1011.7,1015.3,1008.8
2,2022-04-17,267,1017.2,1018.2,1015.9
2,2022-04-18,308,1014.6,1018.0,1012.5
2,2022-04-19,263,1017.2,1019.2,1015.4
2,2022-04-20,273,1018.4,1019.7,1016.9
2,2022-04-21,281,1015.6,1018.1,1011.1
2,2022-04-22,268,1005.3,1010.7,1002.4
2,2022-04-23,281,1010.0,1016.7,1003.3
2,2022-04-24,272,1011.0,1016.2,1007.6
2,2022-04-25,307,1014.3,1016.1,1011.2
2,2022-04-26,70,1002.9,1013.8,993.1
2,2022-04-27,274,1007.0,1015.8,995.2
2,2022-04-28,291,1017.9,1019.9,1015.6
2,2022-04-29,285,1014.9,1018.4,1012.7
2,2022-04-30,285,1014.1,1015.8,1012.0
2,2022-05-01,139,1010.8,1015.9,1007.1
2,2022-05-02,279,1007.7,1010.9,1006.1
2,2022-05-03,259,1012.4,1014.6,1010.1
2,2022-05-04,264,1016.0,1025.4,1006.8
2,2022-05-05,27,1022.5,1025.4,1020.2
2,2022-05-06,265,1019.4,1021.0,1017.9
2,2022-05-07,230,1012.1,1017.5,1008.0
2,2022-05-08,278,1012.7,1014.1,1010.7
2,2022-05-09,268,1015.3,1018.2,1012.5
2,2022-05-10,282,1019.8,1021.7,1018.2
2,2022-05-11,269,1019.4,1021.7,1017.5
2,2022-05-12,245,1015.2,1017.3,1013.4
2,2022-05-13,85,1008.5,1013.8,998.7
2,2022-05-14,276,1000.7,1006.1,995.9
2,2022-05-15,275,1009.7,1013.8,1006.5
2,2022-05-16,245,1014.4,1015.6,1013.3
2,2022-05-17,259,1017.0,1018.8,1015.9
2,2022-05-18,260,1018.3,1019.6,1016.9
2,2022-05-19,272,1014.0,1016.7,1012.0
2,2022-05-20,287,1012.9,1014.2,1011.8
2,2022-05-21,79,1011.5,1013.4,1010.2
2,2022-05-22,57,1009.1,1010.3,1008.0
2,2022-05-23,285,1011.8,1014.6,1009.6
2,2022-05-24,290,1014.3,1015.3,1013.3
2,2022-05-25,84,1013.1,1015.3,1012.1
2,2022-05-26,105,1010.5,1012.2,1008.5
2,2022-05-27,126,1001.0,1008.0,996.1
2,2022-05-28,285,994.8,996.5,993.8
2,2022-05-29,15,1004.2,1009.5,996.9
2,2022-05-30,68,1011.1,1013.0,1009.7
2,2022-05-31,63,1007.0,1010.7,1003.6
2,2022-06-01,280,1007.5,1009.6,1005.4
2,2022-06-02,57,1008.8,1010.1,1007.6
2,2022-06-03,75,1010.9,1012.4,1009.3
2,2022-06-04,35,1011.9,1013.5,1010.8
2,2022-06-05,67,1015.0,1016.5,1013.5
2,2022-06-06,61,1010.8,1015.0,1007.2
2,2022-06-07,56,1010.3,1013.8,1007.7
2,2022-06-08,136,1016.5,1018.2,1014.3
2,2022-06-09,208,1018.9,1019.8,1017.8
2,2022-06-10,71,1019.8,1020.9,1019.0
2,2022-06-11,52,1015.5,1019.6,1012.5
2,2022-06-12,41,1010.6,1014.2,1008.8
2,2022-06-13,66,1018.7,1021.8,1014.9
2,2022-06-14,140,1020.7,1022.1,1019.1
2,2022-06-15,150,1013.2,1018.5,1007.8
2,2022-06-16,280,1006.0,1007.2,1004.9
2,2022-06-17,287,1007.6,1009.4,1006.3
2,2022-06-18,278,1008.4,1009.8,1006.5
2,2022-06-19,276,1002.9,1006.7,1000.3
2,2022-06-20,298,1003.2,1008.3,1000.5
2,2022-06-21,104,1011.4,1014.1,1009.0
2,2022-06-22,89,1014.7,1015.5,1014.0
2,2022-06-23,106,1012.3,1015.5,1006.7
2,2022-06-24,201,1000.1,1006.4,997.5
2,2022-06-25,284,1004.4,1008.1,1000.2
2,2022-06-26,286,1008.4,1010.0,1007.2
2,2022-06-27,287,1007.4,1010.0,1004.9
2,2022-06-28,259,1005.4,1009.7,1000.7
2,2022-06-29,342,1005.4,1010.2,1001.5
2,2022-06-30,77,1014.4,1017.1,1011.0
2,2022-07-01,250,1016.0,1017.7,1014.1
2,2022-07-02,288,1011.1,1013.8,1009.3
2,2022-07-03,295,1007.3,1009.4,1006.0
2,2022-07-04,289,1008.3,1009.7,1007.4
2,2022-07-05,71,1010.8,1013.0,1009.4
2,2022-07-06,54,1014.5,1015.6,1012.9
2,2022-07-07,54,1014.3,1015.5,1012.7
2,2022-07-08,57,1011.8,1014.1,1009.8
2,2022-07-09,39,1007.7,1010.1,1005.3
2,2022-07-10,55,1007.8,1011.3,1006.2
2,2022-07-11,74,1012.1,1013.4,1011.2
2,2022-07-12,64,1011.8,1012.6,1011.3
2,2022-07-13,74,1010.4,1011.7,1009.6
2,2022-07-14,69,1009.7,1010.4,1008.9
2,2022-07-15,73,1010.1,1011.2,1009.4
2,2022-07-16,47,1008.1,1011.1,1003.9
2,2022-07-17,352,1001.0,1003.3,1000.1
2,2022-07-18,289,1003.1,1005.2,1000.9
2,2022-07-19,61,1003.1,1005.1,1001.3
2,2022-07-20,76,1004.3,1005.7,1002.6
2,2022-07-21,87,1005.8,1006.3,1005.0
2,2022-07-22,57,1004.9,1006.4,1001.9
2,2022-07-23,4,1003.1,1005.6,1000.3
2,2022-07-24,281,1008.0,1010.9,1005.8
2,2022-07-25,264,1011.3,1012.0,1010.2
2,2022-07-26,235,1011.8,1012.5,1011.1
2,2022-07-27,255,1012.5,1013.8,1011.7
2,2022-07-28,164,1015.8,1017.2,1014.1
2,2022-07-29,262,1016.4,1017.4,1015.7
2,2022-07-30,274,1012.1,1015.9,1009.2
2,2022-07-31,304,1010.7,1014.5,1008.1
2,2022-08-01,95,1012.8,1015.4,1006.3
2,2022-08-02,56,1010.4,1012.2,1008.5
2,2022-08-03,71,1011.0,1012.4,1009.6
2,2022-08-04,77,1012.2,1013.0,1011.6
2,2022-08-05,75,1012.2,1012.7,1011.6
2,2022-08-06,112,1012.9,1013.8,1011.8
2,2022-08-07,127,1012.3,1014.2,1010.3
2,2022-08-08,241,1006.4,1010.0,1003.9
2,2022-08-09,283,1004.7,1006.3,1002.1
2,2022-08-10,265,1007.2,1008.8,1005.8
2,2022-08-11,250,1006.6,1008.5,1004.0
2,2022-08-12,266,1006.0,1007.4,1003.9
2,2022-08-13,263,1007.0,1007.9,1005.9
2,2022-08-14,273,1005.6,1006.9,1003.7
2,2022-08-15,173,1003.2,1007.0,997.3
2,2022-08-16,244,997.4,1006.6,992.8
2,2022-08-17,170,1010.8,1012.6,1007.6
2,2022-08-18,47,1002.2,1010.8,997.2
2,2022-08-19,291,1000.8,1001.9,999.5
2,2022-08-20,252,1000.4,1003.4,999.0
2,2022-08-21,288,1007.6,1010.7,1003.9
2,2022-08-22,133,1008.7,1011.3,1003.1
2,2022-08-23,263,1001.8,1004.5,1000.3
2,2022-08-24,297,1007.3,1008.7,1004.6
2,2022-08-25,83,1007.6,1008.6,1006.8
2,2022-08-26,66,1008.9,1010.3,1007.8
2,2022-08-27,46,1008.1,1010.2,1006.0
2,2022-08-28,265,1014.3,1018.5,1011.6
2,2022-08-29,272,1019.4,1020.6,1017.7
2,2022-08-30,104,1015.1,1017.7,1013.0
2,2022-08-31,67,1008.2,1013.7,1004.6
2,2022-09-01,287,1011.4,1014.4,1009.3
2,2022-09-02,320,1017.0,1019.2,1014.9
2,2022-09-03,53,1019.4,1020.1,1018.4
2,2022-09-04,64,1019.3,1019.9,1018.6
2,2022-09-05,133,1017.6,1019.8,1016.2
2,2022-09-06,165,1012.4,1016.0,1009.8
2,2022-09-07,282,1015.2,1017.5,1012.7
2,2022-09-08,285,1016.6,1018.1,1015.6
2,2022-09-09,347,1016.3,1019.8,1014.3
2,2022-09-10,54,1021.3,1022.5,1020.6
2,2022-09-11,60,1019.9,1021.5,1019.0
2,2022-09-12,82,1017.6,1019.9,1015.9
2,2022-09-13,288,1014.5,1017.9,1013.1
2,2022-09-14,71,1018.8,1020.3,1018.1
2,2022-09-15,269,1016.0,1017.7,1014.9
2,2022-09-16,56,1017.9,1019.0,1017.3
2,2022-09-17,176,1015.2,1017.9,1013.4
2,2022-09-18,210,1009.8,1013.3,1005.3
2,2022-09-19,200,996.9,1005.2,990.6
2,2022-09-20,304,1006.8,1014.2,995.8
2,2022-09-21,45,1020.4,1025.2,1015.3
2,2022-09-22,86,1023.9,1026.2,1021.0
2,2022-09-23,54,1013.6,1020.1,1010.0
2,2022-09-24,272,1010.1,1014.2,1007.1
2,2022-09-25,290,1015.8,1017.2,1013.8
2,2022-09-26,289,1015.9,1017.3,1014.8
2,2022-09-27,61,1016.1,1017.0,1015.2
2,2022-09-28,341,1010.5,1014.8,1008.1
2,2022-09-29,307,1013.1,1016.9,1009.3
2,2022-09-30,282,1016.9,1017.5,1016.3
2,2022-10-01,306,1017.8,1022.0,1015.8
2,2022-10-02,78,1024.4,1025.7,1022.4
2,2022-10-03,179,1017.1,1024.0,1008.4
2,2022-10-04,261,1005.2,1013.0,1000.7
2,2022-10-05,301,1017.1,1020.6,1014.0
2,2022-10-06,313,1021.3,1022.9,1018.9
2,2022-10-07,31,1019.9,1022.9,1016.6
2,2022-10-08,39,1025.1,1030.3,1020.0
2,2022-10-09,95,1026.7,1030.7,1019.9
2,2022-10-10,147,1007.3,1017.9,1003.8
2,2022-10-11,269,1011.1,1020.3,1005.8
2,2022-10-12,314,1026.1,1029.4,1021.0
2,2022-10-13,74,1026.5,1029.7,1024.1
2,2022-10-14,79,1021.7,1024.0,1020.0
2,2022-10-15,53,1020.2,1021.5,1018.7
2,2022-10-16,179,1016.5,1022.3,1009.3
2,2022-10-17,282,1006.8,1011.0,1003.8
2,2022-10-18,292,1013.5,1017.2,1010.1
2,2022-10-19,295,1018.5,1020.8,1016.0
2,2022-10-20,281,1019.7,1022.0,1018.1
2,2022-10-21,262,1018.9,1022.1,1014.5
2,2022-10-22,262,1010.4,1014.0,1009.0
2,2022-10-23,291,1010.3,1012.5,1008.8
2,2022-10-24,20,1018.3,1025.1,1012.7
2,2022-10-25,45,1028.5,1031.6,1025.4
2,2022-10-26,48,1028.1,1031.9,1025.7
2,2022-10-27,290,1025.3,1026.3,1024.3
2,2022-10-28,147,1023.4,1026.1,1020.9
2,2022-10-29,291,1019.3,1021.3,1018.3
2,2022-10-30,25,1022.1,1026.3,1019.0
2,2022-10-31,74,1028.0,1029.4,1027.1
2,2022-11-01,198,1019.8,1027.4,1015.3
2,2022-11-02,280,1014.5,1016.3,1012.6
2,2022-11-03,295,1009.4,1012.3,1007.6
2,2022-11-04,297,1012.4,1015.7,1009.0
2,2022-11-05,283,1015.7,1018.4,1013.7
2,2022-11-06,298,1020.0,1023.4,1017.2
2,2022-11-07,308,1020.5,1023.1,1018.4
2,2022-11-08,301,1017.9,1022.1,1015.6
2,2022-11-09,267,1019.5,1021.6,1017.1
2,2022-11-10,282,1021.2,1027.8,1016.3
2,2022-11-11,283,1026.8,1028.6,1023.3
2,2022-11-12,259,1017.5,1023.3,1008.9
2,2022-11-13,251,1002.3,1011.2,996.6
2,2022-11-14,330,1012.5,1014.1,1010.8
2,2022-11-15,278,1008.8,1012.0,1007.1
2,2022-11-16,300,1012.8,1019.3,1008.5
2,2022-11-17,305,1023.0,1026.7,1019.0
2,2022-11-18,177,1022.8,1026.3,1020.7
2,2022-11-19,48,1027.5,1029.8,1024.3
2,2022-11-20,127,1025.6,1029.8,1021.4
2,2022-11-21,239,1015.6,1021.2,1012.0
2,2022-11-22,302,1021.0,1024.4,1015.2
2,2022-11-23,54,1019.2,1024.6,1013.5
2,2022-11-24,16,1015.0,1019.6,1012.2
2,2022-11-25,231,1017.3,1019.9,1011.1
2,2022-11-26,263,1007.7,1013.5,1005.8
2,2022-11-27,301,1020.6,1024.9,1014.7
2,2022-11-28,268,1022.5,1025.4,1014.3
2,2022-11-29,253,1005.6,1013.3,1002.2
2,2022-11-30,287,1012.2,1017.7,1007.1
2,2022-12-01,289,1017.7,1020.2,1016.0
2,2022-12-02,307,1024.0,1026.1,1020.3
2,2022-12-03,255,1015.4,1024.9,1011.1
2,2022-12-04,290,1016.4,1019.2,1012.2
2,2022-12-05,288,1018.3,1019.8,1016.7
2,2022-12-06,276,1012.6,1017.4,1009.8
2,2022-12-07,289,1012.4,1013.5,1010.6
2,2022-12-08,308,1016.2,1020.0,1012.2
2,2022-12-09,296,1017.6,1019.9,1016.0
2,2022-12-10,294,1015.0,1016.9,1013.2
2,2022-12-11,317,1016.7,1022.6,1012.7
2,2022-12-12,115,1021.5,1024.3,1013.1
2,2022-12-13,256,1002.4,1012.9,998.2
2,2022-12-14,295,1003.4,1007.4,996.9
2,2022-12-15,286,1008.0,1010.6,1005.6
2,2022-12-16,294,1014.1,1018.3,1009.8
2,2022-12-17,264,1007.6,1018.4,997.2
2,2022-12-18,295,1002.8,1009.2,997.6
2,2022-12-19,307,1013.0,1015.7,1009.9
2,2022-12-20,301,1015.6,1017.5,1013.9
2,2022-12-21,11,1015.9,1018.0,1010.2
2,2022-12-22,23,989.6,1009.3,977.8
2,2022-12-23,281,982.1,984.0,980.6
2,2022-12-24,317,992.7,997.9,985.1
2,2022-12-25,302,999.5,1004.4,996.9
2,2022-12-26,25,1011.3,1017.1,1005.5
2,2022-12-27,34,1019.7,1021.1,1017.6
2,2022-12-28,285,1014.5,1020.5,1010.9
2,2022-12-29,300,1013.9,1018.2,1009.6
2,2022-12-30,308,1018.7,1020.9,1016.7
2,2022-12-31,285,1016.1,1020.7,1011.8
2,2023-01-01,292,1010.4,1011.8,1009.1
2,2023-01-02,304,1011.3,1011.9,1010.8
2,2023-01-03,311,1010.1,1011.2,1009.0
2,2023-01-04,311,1012.6,1014.1,1010.2
2,2023-01-05,304,1013.8,1016.6,1011.1
2,2023-01-06,311,1015.0,1017.3,1013.2
2,2023-01-07,25,1015.1,1018.7,1012.8
2,2023-01-08,290,1018.0,1019.4,1015.7
2,2023-01-09,295,1010.4,1015.2,1008.2
2,2023-01-10,309,1016.0,1020.1,1011.2
2,2023-01-11,293,1017.3,1019.3,1016.1
2,2023-01-12,288,1019.8,1021.7,1017.5
2,2023-01-13,268,1011.3,1018.7,1006.9
2,2023-01-14,48,1011.3,1016.8,1007.1
2,2023-01-15,59,1014.6,1017.7,1007.9
2,2023-01-16,319,1013.6,1020.8,1007.9
2,2023-01-17,306,1020.6,1022.1,1018.1
2,2023-01-18,321,1019.5,1023.5,1015.2
2,2023-01-19,171,1019.7,1024.7,1012.0
2,2023-01-20,40,1008.7,1014.5,1004.3
2,2023-01-21,310,1020.3,1023.4,1016.0
2,2023-01-22,300,1022.0,1023.7,1020.2
2,2023-01-23,326,1012.9,1023.5,1003.2
2,2023-01-24,318,998.7,1002.3,996.9
2,2023-01-25,297,1002.0,1007.1,999.5
2,2023-01-26,298,1008.7,1010.3,1006.7
2,2023-01-27,313,1005.2,1009.6,1001.9
2,2023-01-28,295,1003.3,1008.2,1000.5
2,2023-01-29,315,1012.5,1013.9,1009.5
2,2023-01-30,307,1010.9,1013.9,1009.0
2,2023-01-31,301,1014.4,1016.2,1012.2
2,2023-02-01,308,1003.1,1013.7,995.3
2,2023-02-02,300,1013.0,1018.1,1008.4
2,2023-02-03,305,1017.2,1018.0,1015.8
2,2023-02-04,300,1016.9,1020.7,1015.1
2,2023-02-05,265,1018.7,1020.5,1016.5
2,2023-02-06,297,1018.4,1021.5,1016.6
2,2023-02-07,315,1020.3,1021.7,1019.1
2,2023-02-08,310,1018.0,1020.0,1017.1
2,2023-02-09,313,1026.4,1030.5,1020.5
2,2023-02-10,41,1024.2,1029.9,1019.7
2,2023-02-11,35,1021.8,1023.7,1019.6
2,2023-02-12,300,1017.3,1018.9,1014.8
2,2023-02-13,69,1010.9,1016.7,1007.2
2,2023-02-14,41,1011.2,1017.4,1007.0
2,2023-02-15,309,1021.4,1025.4,1017.3
2,2023-02-16,293,1023.7,1025.1,1022.4
2,2023-02-17,282,1020.3,1023.7,1017.9
2,2023-02-18,292,1015.6,1019.4,1010.5
2,2023-02-19,33,1002.2,1009.6,993.6
2,2023-02-20,311,1009.2,1017.9,1001.2
2,2023-02-21,308,1022.0,1026.6,1018.2
2,2023-02-22,282,1023.5,1026.1,1021.0
2,2023-02-23,256,1016.7,1020.8,1014.8
2,2023-02-24,58,1017.6,1019.2,1015.4
2,2023-02-25,293,1016.9,1018.4,1014.5
2,2023-02-26,302,1022.3,1028.3,1017.1
2,2023-02-27,284,1022.0,1028.0,1018.8
2,2023-02-28,254,1014.6,1019.3,1011.2
2,2023-03-01,318,1013.2,1015.5,1009.8
2,2023-03-02,321,1014.0,1019.9,1009.2
2,2023-03-03,288,1021.2,1023.7,1018.4
2,2023-03-04,290,1025.2,1027.3,1021.8
2,2023-03-05,290,1023.8,1027.1,1022.0
2,2023-03-06,280,1019.1,1022.2,1017.4
2,2023-03-07,274,1017.5,1018.5,1016.3
2,2023-03-08,323,1017.5,1023.7,1014.4
2,2023-03-09,59,1022.1,1024.7,1016.0
2,2023-03-10,306,1017.5,1024.5,1013.3
2,2023-03-11,77,1027.8,1029.4,1024.7
2,2023-03-12,75,1024.1,1029.0,1017.5
2,2023-03-13,261,1015.7,1021.6,1011.0
2,2023-03-14,312,1025.7,1029.9,1022.0
2,2023-03-15,83,1028.1,1030.3,1024.5
2,2023-03-16,271,1020.4,1024.2,1018.1
2,2023-03-17,274,1020.4,1022.0,1019.2
2,2023-03-18,281,1013.8,1019.5,1010.8
2,2023-03-19,275,1012.4,1014.6,1011.5
2,2023-03-20,288,1016.5,1018.6,1013.9
2,2023-03-21,311,1017.4,1018.5,1016.7
2,2023-03-22,36,1019.2,1020.2,1017.7
2,2023-03-23,111,1008.2,1018.5,997.1
2,2023-03-24,346,1013.3,1022.5,1000.3
2,2023-03-25,137,1022.4,1023.2,1021.5
2,2023-03-26,57,1012.8,1022.2,1004.1
2,2023-03-27,286,1018.1,1025.2,1007.5
2,2023-03-28,274,1025.2,1026.3,1024.4
2,2023-03-29,274,1023.1,1024.7,1022.3
2,2023-03-30,253,1019.6,1022.6,1016.1
2,2023-03-31,294,1014.2,1015.9,1013.1
2,2023-04-01,325,1018.7,1023.9,1014.6
2,2023-04-02,338,1024.0,1025.5,1022.7
2,2023-04-03,247,1024.6,1025.7,1023.9
2,2023-04-04,291,1020.4,1023.6,1019.2
2,2023-04-05,295,1018.7,1020.9,1015.8
2,2023-04-06,272,1010.7,1015.3,1007.9
2,2023-04-07,280,1003.8,1007.0,1001.9
2,2023-04-08,290,1002.4,1004.5,1001.3
2,2023-04-09,288,1011.1,1015.9,1004.6
2,2023-04-10,279,1013.6,1015.1,1012.9
2,2023-04-11,259,1009.9,1014.3,1003.6
2,2023-04-12,262,1007.9,1010.3,1003.6
2,2023-04-13,267,1011.3,1012.8,1009.2
2,2023-04-14,279,1012.6,1016.3,1009.0
2,2023-04-15,47,1007.5,1016.2,993.9
2,2023-04-16,283,991.6,999.5,987.7
2,2023-04-17,294,1010.6,1017.8,1000.3
2,2023-04-18,286,1013.1,1017.6,1008.1
2,2023-04-19,296,1009.5,1010.1,1008.5
2,2023-04-20,268,1002.2,1009.9,996.4
2,2023-04-21,280,1002.5,1004.8,1000.2
2,2023-04-22,288,1010.4,1013.7,1005.7
2,2023-04-23,281,1014.4,1017.3,1011.2
2,2023-04-24,283,1018.6,1022.4,1015.2
2,2023-04-25,188,1020.4,1023.2,1013.1
2,2023-04-26,255,1003.3,1010.9,998.8
2,2023-04-27,278,1013.8,1017.1,1007.6
2,2023-04-28,292,1018.2,1019.9,1016.5
2,2023-04-29,82,1009.2,1016.6,999.7
2,2023-04-30,273,1002.1,1007.2,997.3
2,2023-05-01,277,1010.7,1016.9,1007.7
2,2023-05-02,281,1020.4,1021.8,1018.2
2,2023-05-03,285,1017.9,1021.3,1015.3
2,2023-05-04,285,1012.2,1015.9,1009.9
2,2023-05-05,292,1008.2,1011.9,1004.2
2,2023-05-06,60,1010.7,1015.8,1005.7
2,2023-05-07,73,1015.5,1017.7,1012.7
2,2023-05-08,334,1010.9,1014.3,1008.0
2,2023-05-09,262,1014.3,1015.8,1013.3
2,2023-05-10,282,1014.7,1016.6,1012.9
2,2023-05-11,283,1019.0,1022.2,1016.3
2,2023-05-12,264,1021.9,1023.0,1021.3
2,2023-05-13,282,1019.9,1021.3,1018.5
2,2023-05-14,145,1017.7,1018.8,1017.0
2,2023-05-15,110,1015.8,1017.1,1014.8
2,2023-05-16,66,1012.9,1015.3,1011.9
2,2023-05-17,277,1009.8,1011.6,1008.7
2,2023-05-18,303,1011.4,1012.8,1010.4
2,2023-05-19,69,1014.1,1014.9,1012.3
2,2023-05-20,64,1013.9,1015.5,1009.9
2,2023-05-21,339,1003.9,1009.5,1001.6
2,2023-05-22,295,1004.0,1007.1,1001.9
2,2023-05-23,54,1008.5,1009.4,1007.1
2,2023-05-24,281,1013.1,1018.7,1009.2
2,2023-05-25,289,1021.2,1022.7,1019.1
2,2023-05-26,275,1021.4,1022.7,1020.5
2,2023-05-27,284,1019.9,1021.3,1017.0
2,2023-05-28,273,1011.2,1016.4,1008.1
2,2023-05-29,324,1006.9,1008.0,1005.9
2,2023-05-30,282,1007.7,1009.9,1005.1
2,2023-05-31,279,1010.0,1011.4,1008.7
2,2023-06-01,260,1008.3,1011.7,1005.5
2,2023-06-02,214,995.7,1004.4,988.5
2,2023-06-03,279,997.4,1001.4,993.5
2,2023-06-04,264,1001.2,1004.2,998.2
2,2023-06-05,278,1006.4,1008.1,1004.4
2,2023-06-06,79,1007.3,1008.4,1006.6
2,2023-06-07,274,1009.9,1012.9,1007.3
2,2023-06-08,68,1014.5,1015.7,1013.4
2,2023-06-09,72,1012.6,1014.4,1011.5
2,2023-06-10,64,1014.8,1016.2,1012.5
2,2023-06-11,150,1014.6,1016.4,1012.3
2,2023-06-12,69,1010.0,1012.6,1007.2
2,2023-06-13,61,1006.7,1008.5,1005.1
2,2023-06-14,75,1009.9,1011.5,1008.6
2,2023-06-15,74,1010.0,1011.3,1008.2
2,2023-06-16,292,1006.3,1008.5,1005.3
2,2023-06-17,289,1002.8,1006.0,1000.5
2,2023-06-18,306,1004.2,1006.5,1001.5
2,2023-06-19,54,1008.6,1010.7,1006.7
2,2023-06-20,278,1011.0,1013.5,1009.4
2,2023-06-21,255,1013.2,1013.8,1012.1
2,2023-06-22,83,1012.5,1013.6,1011.2
2,2023-06-23,57,1012.7,1015.1,1011.2
2,2023-06-24,268,1015.6,1016.3,1015.0
2,2023-06-25,275,1015.8,1016.5,1014.5
2,2023-06-26,276,1015.6,1017.0,1014.5
2,2023-06-27,194,1012.5,1015.1,1009.0
2,2023-06-28,281,1006.2,1008.8,1004.1
2,2023-06-29,293,1003.8,1004.6,1002.7
2,2023-06-30,209,999.9,1003.9,995.1
2,2023-07-01,272,1002.7,1007.5,997.7
2,2023-07-02,253,1008.8,1009.7,1008.2
2,2023-07-03,62,1006.9,1008.6,1005.6
2,2023-07-04,86,1006.8,1008.5,1005.2
2,2023-07-05,210,1004.1,1005.7,1001.6
2,2023-07-06,243,1001.3,1005.3,999.1
2,2023-07-07,288,1007.1,1008.6,1005.4
2,2023-07-08,102,1006.5,1007.3,1005.8
2,2023-07-09,275,1004.5,1006.5,1003.2
2,2023-07-10,290,1004.4,1005.4,1003.4
2,2023-07-11,283,1004.3,1005.7,1003.6
2,2023-07-12,280,1001.2,1003.8,999.9
2,2023-07-13,283,1003.3,1006.2,1000.9
2,2023-07-14,63,1008.0,1009.5,1006.8
2,2023-07-15,45,1004.9,1007.6,1003.0
2,2023-07-16,253,1009.3,1010.9,1007.0
2,2023-07-17,276,1010.5,1011.2,1009.8
2,2023-07-18,82,1009.7,1010.7,1008.9
2,2023-07-19,66,1008.0,1009.2,1006.9
2,2023-07-20,84,1012.5,1016.8,1009.4
2,2023-07-21,256,1019.1,1020.3,1017.6
2,2023-07-22,251,1019.3,1020.6,1017.9
2,2023-07-23,254,1015.6,1017.8,1013.6
2,2023-07-24,277,1013.0,1014.0,1012.2
2,2023-07-25,282,1012.7,1013.8,1011.4
2,2023-07-26,287,1012.4,1013.9,1011.4
2,2023-07-27,283,1012.0,1012.9,1010.8
2,2023-07-28,286,1013.2,1014.1,1012.1
2,2023-07-29,283,1013.0,1014.1,1012.3
2,2023-07-30,280,1010.9,1012.7,1009.3
2,2023-07-31,290,1009.7,1011.2,1008.7
2,2023-08-01,280,1009.8,1011.3,1008.3
2,2023-08-02,279,1008.8,1009.8,1007.9
2,2023-08-03,263,1006.9,1008.3,1005.5
2,2023-08-04,273,1004.0,1005.5,1003.3
2,2023-08-05,65,1003.6,1004.8,1002.3
2,2023-08-06,58,1004.8,1007.1,1002.5
2,2023-08-07,50,1011.1,1013.2,1008.6
2,2023-08-08,60,1013.3,1014.3,1012.3
2,2023-08-09,189,1014.3,1015.2,1013.6
2,2023-08-10,162,1014.1,1015.2,1012.6
2,2023-08-11,67,1011.5,1013.0,1010.4
2,2023-08-12,52,1009.7,1010.3,1009.1
2,2023-08-13,48,1011.4,1012.9,1009.9
2,2023-08-14,48,1014.0,1014.9,1012.9
2,2023-08-15,53,1013.0,1014.9,1011.2
2,2023-08-16,117,1009.0,1011.5,1007.6
2,2023-08-17,243,1008.4,1010.4,1006.9
2,2023-08-18,305,1012.2,1013.7,1010.6
2,2023-08-19,72,1013.2,1014.5,1012.3
2,2023-08-20,263,1012.0,1012.8,1010.9
2,2023-08-21,76,1013.0,1013.8,1012.4
2,2023-08-22,129,1012.8,1013.5,1012.1
2,2023-08-23,220,1012.9,1013.5,1012.1
2,2023-08-24,248,1011.6,1012.5,1010.7
2,2023-08-25,218,1011.4,1012.1,1010.9
2,2023-08-26,206,1011.8,1012.9,1011.1
2,2023-08-27,113,1010.6,1012.1,1008.6
2,2023-08-28,42,1010.1,1015.2,1006.5
2,2023-08-29,81,1018.0,1020.2,1015.9
2,2023-08-30,95,1019.5,1020.9,1018.0
2,2023-08-31,177,1015.8,1018.3,1013.4
2,2023-09-01,255,1011.7,1013.4,1010.5
2,2023-09-02,288,1013.7,1016.3,1011.6
2,2023-09-03,301,1016.9,1017.6,1015.9
2,2023-09-04,60,1015.4,1017.7,1012.5
2,2023-09-05,47,1009.8,1013.1,1007.9
2,2023-09-06,292,1006.5,1008.8,1005.3
2,2023-09-07,77,1015.3,1019.0,1010.1
2,2023-09-08,111,1016.4,1019.5,1013.9
2,2023-09-09,61,1011.4,1014.1,1010.0
2,2023-09-10,93,1014.0,1015.3,1012.4
2,2023-09-11,105,1014.6,1015.8,1013.2
2,2023-09-12,191,1013.2,1013.7,1012.6
2,2023-09-13,290,1014.5,1015.3,1013.6
2,2023-09-14,61,1011.8,1014.4,1009.6
2,2023-09-15,181,1016.5,1018.0,1015.5
2,2023-09-16,45,1014.8,1016.2,1013.2
2,2023-09-17,160,1013.6,1016.6,1010.5
2,2023-09-18,268,1011.2,1012.0,1010.2
2,2023-09-19,260,1008.5,1011.7,1006.6
2,2023-09-20,296,1011.7,1015.1,1007.5
2,2023-09-21,41,1008.7,1015.3,1004.3
2,2023-09-22,293,1013.4,1015.9,1010.7
2,2023-09-23,342,1018.1,1022.3,1015.5
2,2023-09-24,73,1023.6,1024.3,1022.6
2,2023-09-25,109,1021.5,1024.4,1018.2
2,2023-09-26,71,1015.4,1018.3,1013.6
2,2023-09-27,65,1014.1,1015.2,1012.6
2,2023-09-28,48,1006.8,1012.5,1001.6
2,2023-09-29,292,1011.3,1013.9,1008.2
2,2023-09-30,179,1009.1,1014.0,1003.6
2,2023-10-01,276,1004.2,1005.9,1003.4
2,2023-10-02,277,1007.4,1010.7,1005.6
2,2023-10-03,295,1014.8,1017.3,1010.8
2,2023-10-04,126,1009.6,1016.9,998.7
2,2023-10-05,272,990.2,997.8,986.2
2,2023-10-06,291,997.6,1009.6,985.7
2,2023-10-07,22,1017.8,1025.7,1010.3
2,2023-10-08,196,1027.2,1028.2,1026.2
2,2023-10-09,67,1019.5,1026.5,1010.4
2,2023-10-10,23,1011.2,1017.8,1007.1
2,2023-10-11,231,1020.0,1021.1,1018.5
2,2023-10-12,278,1017.1,1020.7,1014.1
2,2023-10-13,290,1010.2,1014.4,1007.8
2,2023-10-14,302,1007.8,1008.8,1006.2
2,2023-10-15,51,1004.1,1008.8,1000.7
2,2023-10-16,281,1004.0,1006.6,1000.6
2,2023-10-17,289,1011.5,1018.5,1005.7
2,2023-10-18,273,1017.7,1019.3,1015.0
2,2023-10-19,252,1011.2,1014.6,1007.2
2,2023-10-20,268,1001.1,1006.6,997.0
2,2023-10-21,279,1009.4,1015.3,1005.2
2,2023-10-22,271,1014.5,1018.2,1012.8
2,2023-10-23,295,1020.8,1023.3,1018.2
2,2023-10-24,300,1020.4,1023.6,1018.0
2,2023-10-25,13,1015.9,1018.1,1014.7
2,2023-10-26,58,1012.8,1014.5,1011.8
2,2023-10-27,221,1011.6,1013.1,1010.4
2,2023-10-28,62,1014.3,1016.9,1012.3
2,2023-10-29,53,1019.1,1021.7,1016.6
2,2023-10-30,234,1021.9,1022.9,1020.7
2,2023-10-31,287,1020.0,1022.3,1017.7
2,2023-11-01,260,1013.2,1017.6,1010.1
2,2023-11-02,193,1017.1,1019.5,1013.7
2,2023-11-03,260,1014.4,1018.5,1012.0
2,2023-11-04,296,1025.0,1030.7,1019.4
2,2023-11-05,84,1028.5,1031.1,1021.6
2,2023-11-06,203,1009.7,1020.1,1002.1
2,2023-11-07,270,1007.3,1018.3,1000.2
2,2023-11-08,286,1024.4,1028.1,1018.7
2,2023-11-09,191,1022.5,1028.4,1016.1
2,2023-11-10,270,1010.4,1015.7,1007.3
2,2023-11-11,296,1017.6,1019.8,1013.7
2,2023-11-12,293,1014.0,1018.6,1010.8
2,2023-11-13,298,1010.0,1013.5,1008.4
2,2023-11-14,310,1020.5,1025.9,1014.1
2,2023-11-15,312,1027.0,1029.3,1024.5
2,2023-11-16,71,1026.4,1029.7,1020.7
2,2023-11-17,124,1000.5,1020.0,989.8
2,2023-11-18,269,993.1,996.8,991.1
2,2023-11-19,278,1001.3,1004.2,998.1
2,2023-11-20,296,1009.6,1016.9,1000.7
2,2023-11-21,274,1015.1,1017.0,1013.8
2,2023-11-22,253,1014.3,1016.5,1011.4
2,2023-11-23,256,1004.3,1011.0,1001.4
2,2023-11-24,297,1007.2,1015.7,1001.9
2,2023-11-25,294,1020.2,1022.4,1016.0
2,2023-11-26,285,1018.5,1022.0,1017.2
2,2023-11-27,257,1010.6,1017.9,1001.7
2,2023-11-28,282,1001.9,1008.3,997.9
2,2023-11-29,290,1009.8,1011.2,1007.4
2,2023-11-30,302,1011.6,1013.4,1009.1
2,2023-12-01,307,1014.0,1017.8,1010.4
2,2023-12-02,305,1017.8,1018.5,1017.0
2,2023-12-03,326,1019.4,1021.9,1016.8
2,2023-12-04,277,1019.4,1022.1,1017.2
2,2023-12-05,277,1016.8,1018.5,1015.4
2,2023-12-06,57,1009.8,1015.1,1002.9
2,2023-12-07,279,1000.9,1009.7,995.5
2,2023-12-08,287,1015.1,1018.3,1010.2
2,2023-12-09,266,1014.8,1019.0,1012.0
2,2023-12-10,281,1020.5,1023.2,1017.8
2,2023-12-11,301,1022.6,1025.4,1016.8
2,2023-12-12,324,1015.0,1019.2,1011.6
2,2023-12-13,294,1021.5,1024.0,1018.2
2,2023-12-14,293,1021.3,1024.2,1019.4
2,2023-12-15,13,1013.0,1019.5,1009.0
2,2023-12-16,345,999.4,1009.5,992.1
2,2023-12-17,290,1007.3,1014.9,998.3
2,2023-12-18,294,1019.9,1024.2,1015.4
2,2023-12-19,285,1019.2,1024.6,1013.7
2,2023-12-20,285,1010.9,1013.3,1009.4
2,2023-12-21,281,1010.9,1014.7,1007.7
2,2023-12-22,289,1016.1,1018.8,1014.4
2,2023-12-23,309,1023.4,1028.7,1018.3
2,2023-12-24,312,1024.8,1028.9,1022.1
2,2023-12-25,289,1019.9,1023.1,1017.6
2,2023-12-26,293,1015.0,1019.1,1011.4
2,2023-12-27,295,1022.6,1025.5,1019.1
2,2023-12-28,296,1020.9,1025.3,1019.6
2,2023-12-29,295,1019.0,1020.9,1017.3
2,2023-12-30,347,1017.9,1020.7,1012.9
2,2023-12-31,37,1010.6,1019.0,1005.8
2,2024-01-01,309,1022.3,1024.6,1020.0
2,2024-01-02,270,1013.4,1019.4,1010.4
2,2024-01-03,58,1015.4,1016.6,1013.6
2,2024-01-04,41,1018.1,1019.8,1015.5
2,2024-01-05,270,1010.6,1017.8,1008.9
2,2024-01-06,280,1008.3,1009.7,1006.5
2,2024-01-07,286,1004.6,1008.5,1002.9
2,2024-01-08,306,1014.3,1016.8,1009.5
2,2024-01-09,283,1008.7,1014.8,1006.1
2,2024-01-10,312,1014.3,1017.9,1008.4
2,2024-01-11,227,1010.5,1017.9,1000.6
2,2024-01-12,298,1003.4,1008.7,999.7
2,2024-01-13,320,1014.1,1018.8,1009.4
2,2024-01-14,274,1006.6,1018.8,998.6
2,2024-01-15,304,1005.0,1011.2,1000.7
2,2024-01-16,312,1017.1,1020.2,1011.8
2,2024-01-17,288,1017.0,1020.0,1015.4
2,2024-01-18,359,1019.9,1026.4,1015.5
2,2024-01-19,43,1029.8,1032.7,1026.4
2,2024-01-20,61,1034.0,1035.0,1032.3
2,2024-01-21,52,1027.9,1033.2,1023.7
2,2024-01-22,68,1015.7,1024.2,1003.2
2,2024-01-23,274,997.8,1003.4,993.1
2,2024-01-24,294,990.9,992.6,988.6
2,2024-01-25,299,996.0,1002.9,991.3
2,2024-01-26,298,1007.8,1012.5,1003.1
2,2024-01-27,56,1015.4,1018.8,1012.6
2,2024-01-28,22,1022.1,1025.9,1018.7
2,2024-01-29,301,1026.2,1026.7,1025.4
2,2024-01-30,296,1026.0,1027.0,1024.6
2,2024-01-31,287,1015.3,1024.9,1007.9
2,2024-02-01,308,1014.7,1019.6,1008.4
2,2024-02-02,302,1019.5,1026.0,1016.1
2,2024-02-03,305,1022.5,1026.0,1020.6
2,2024-02-04,315,1021.5,1024.5,1019.3
2,2024-02-05,60,1022.8,1025.4,1021.2
2,2024-02-06,38,1018.9,1021.9,1016.7
2,2024-02-07,20,1014.5,1016.6,1013.2
2,2024-02-08,296,1014.4,1019.0,1011.2
2,2024-02-09,310,1019.4,1020.4,1018.2
2,2024-02-10,77,1015.7,1019.7,1012.4
2,2024-02-11,306,1017.3,1020.1,1014.4
2,2024-02-12,279,1021.8,1023.6,1020.4
2,2024-02-13,267,1016.9,1020.6,1014.5
2,2024-02-14,286,1014.9,1015.8,1013.6
2,2024-02-15,15,1008.5,1013.4,1003.7
2,2024-02-16,308,1021.3,1027.4,1012.4
2,2024-02-17,38,1029.1,1030.4,1027.7
2,2024-02-18,291,1024.6,1029.3,1020.8
2,2024-02-19,254,1010.9,1020.0,1004.3
2,2024-02-20,294,1020.5,1025.5,1010.7
2,2024-02-21,296,1021.8,1025.0,1020.1
2,2024-02-22,307,1022.4,1024.6,1019.4
2,2024-02-23,345,1025.0,1027.9,1022.9
2,2024-02-24,298,1027.3,1028.2,1026.0
2,2024-02-25,49,1024.5,1028.5,1019.0
2,2024-02-26,32,1015.6,1019.3,1013.6
2,2024-02-27,16,1019.1,1021.3,1015.7
2,2024-02-28,103,1022.6,1024.9,1020.2
2,2024-02-29,327,1020.4,1025.1,1013.2
2,2024-03-01,326,1002.7,1011.5,1000.2
2,2024-03-02,284,1006.1,1011.1,1002.6
2,2024-03-03,300,1010.6,1013.1,1009.7
2,2024-03-04,299,1016.2,1020.3,1011.7
2,2024-03-05,308,1018.5,1020.4,1016.2
2,2024-03-06,37,1013.4,1015.9,1012.2
2,2024-03-07,311,1014.9,1015.7,1013.8
2,2024-03-08,39,1010.5,1014.7,1008.4
2,2024-03-09,37,1014.0,1018.3,1009.9
2,2024-03-10,292,1020.5,1021.9,1018.6
2,2024-03-11,267,1016.4,1020.6,1012.9
2,2024-03-12,11,1006.2,1013.2,1000.3
2,2024-03-13,303,1007.8,1011.1,1001.3
2,2024-03-14,290,1010.1,1012.3,1007.7
2,2024-03-15,341,1009.8,1017.5,1003.5
2,2024-03-16,294,1017.0,1018.7,1013.2
2,2024-03-17,297,998.0,1011.7,991.0
2,2024-03-18,309,1004.5,1010.9,993.7
2,2024-03-19,301,1010.2,1011.4,1007.8
2,2024-03-20,40,1006.0,1007.6,1005.0
2,2024-03-21,33,1011.0,1016.3,1007.4
2,2024-03-22,77,1019.1,1022.0,1016.4
2,2024-03-23,297,1021.1,1022.2,1020.2
2,2024-03-24,284,1016.9,1021.0,1015.0
2,2024-03-25,291,1015.6,1018.4,1013.2
2,2024-03-26,32,1017.0,1019.8,1015.1
2,2024-03-27,141,1022.7,1025.3,1020.2
2,2024-03-28,145,1021.3,1025.5,1011.4
2,2024-03-29,220,1002.6,1010.4,999.8
2,2024-03-30,267,1006.1,1009.2,1003.6
2,2024-03-31,282,1007.3,1009.6,1004.4
2,2024-04-01,285,1006.2,1010.0,1004.5
2,2024-04-02,289,1014.6,1016.9,1010.5
2,2024-04-03,352,1012.2,1016.9,1008.4
2,2024-04-04,324,1011.7,1017.5,1007.9
2,2024-04-05,294,1020.0,1022.5,1016.9
2,2024-04-06,207,1021.2,1023.1,1020.0
2,2024-04-07,115,1020.3,1021.1,1019.3
2,2024-04-08,97,1017.5,1021.3,1011.4
2,2024-04-09,332,1012.5,1022.2,1005.1
2,2024-04-10,288,1025.8,1028.4,1022.6
2,2024-04-11,291,1025.7,1028.6,1023.7
2,2024-04-12,71,1022.6,1023.9,1021.3
2,2024-04-13,284,1019.7,1021.5,1019.1
2,2024-04-14,293,1020.3,1022.2,1018.6
2,2024-04-15,80,1021.1,1022.7,1019.0
2,2024-04-16,68,1015.2,1018.7,1012.5
2,2024-04-17,58,1009.9,1012.7,1008.3
2,2024-04-18,72,1006.7,1008.3,1005.0
2,2024-04-19,324,1003.0,1005.1,1001.7
2,2024-04-20,286,1008.9,1013.8,1003.8
2,2024-04-21,78,1014.5,1016.3,1012.7
2,2024-04-22,82,1018.1,1021.5,1015.3
2,2024-04-23,78,1022.9,1024.4,1021.6
2,2024-04-24,102,1015.2,1022.0,1007.6
2,2024-04-25,279,1004.1,1009.3,1000.0
2,2024-04-26,291,1011.0,1012.5,1008.8
2,2024-04-27,287,1010.8,1012.1,1009.9
2,2024-04-28,304,1012.7,1015.4,1009.7
2,2024-04-29,21,1012.9,1015.4,1007.2
2,2024-04-30,336,1001.7,1006.1,999.3
2,2024-05-01,132,1012.8,1017.4,1005.3
2,2024-05-02,280,1015.8,1017.9,1012.8
2,2024-05-03,284,1013.4,1018.5,1009.5
2,2024-05-04,79,1021.2,1023.1,1018.8
2,2024-05-05,46,1017.9,1022.4,1014.1
2,2024-05-06,40,1011.1,1015.3,1007.4
2,2024-05-07,262,1003.8,1007.3,1001.8
2,2024-05-08,74,1011.7,1015.1,1006.4
2,2024-05-09,294,1013.6,1015.7,1012.2
2,2024-05-10,288,1017.0,1019.4,1013.2
2,2024-05-11,106,1017.7,1020.2,1015.2
2,2024-05-12,219,1010.7,1015.3,1006.8
2,2024-05-13,287,1008.6,1016.1,1003.1
2,2024-05-14,285,1018.5,1020.7,1017.0
2,2024-05-15,76,1014.8,1017.7,1012.4
2,2024-05-16,46,1005.0,1012.0,1001.3
2,2024-05-17,262,1008.0,1014.2,1002.1
2,2024-05-18,283,1013.8,1015.2,1012.5
2,2024-05-19,301,1014.8,1015.6,1013.8
2,2024-05-20,74,1011.2,1014.4,1009.0
2,2024-05-21,6,1016.0,1020.0,1009.2
2,2024-05-22,250,1014.3,1020.1,1009.9
2,2024-05-23,289,1006.6,1009.6,1004.2
2,2024-05-24,71,1006.0,1010.9,1003.3
2,2024-05-25,284,1012.6,1014.4,1010.2
2,2024-05-26,274,1011.0,1014.0,1005.9
2,2024-05-27,263,1001.1,1005.3,999.1
2,2024-05-28,314,1002.9,1004.9,999.8
2,2024-05-29,279,1007.5,1012.3,1002.9
2,2024-05-30,311,1013.4,1014.8,1012.1
2,2024-05-31,55,1011.0,1013.4,1009.5
2,2024-06-01,59,1013.2,1014.4,1011.9
2,2024-06-02,54,1015.0,1015.9,1014.2
2,2024-06-03,47,1015.6,1017.1,1014.4
2,2024-06-04,60,1017.8,1018.4,1017.2
2,2024-06-05,277,1017.9,1019.5,1016.2
2,2024-06-06,279,1019.8,1020.6,1018.3
2,2024-06-07,283,1018.9,1020.0,1017.9
2,2024-06-08,107,1017.6,1018.5,1016.8
2,2024-06-09,144,1013.9,1017.0,1011.0
2,2024-06-10,266,1008.4,1010.8,1007.3
2,2024-06-11,289,1008.1,1009.0,1007.4
2,2024-06-12,281,1005.7,1008.0,1003.8
2,2024-06-13,32,1004.8,1007.5,1003.4
2,2024-06-14,81,1010.4,1011.9,1008.5
2,2024-06-15,72,1008.7,1011.8,1005.2
2,2024-06-16,311,1002.5,1005.0,1001.3
2,2024-06-17,280,1005.5,1007.3,1003.5
2,2024-06-18,257,1004.4,1005.8,1003.6
2,2024-06-19,344,1008.5,1010.8,1006.2
2,2024-06-20,287,1009.1,1011.6,1006.2
2,2024-06-21,33,1005.5,1006.3,1004.5
2,2024-06-22,40,1005.3,1006.3,1004.4
2,2024-06-23,47,1003.4,1004.4,1002.3
2,2024-06-24,45,1002.7,1003.9,1001.6
2,2024-06-25,277,1004.3,1007.1,1002.8
2,2024-06-26,288,1010.3,1013.2,1007.3
2,2024-06-27,281,1011.5,1013.0,1010.6
2,2024-06-28,281,1010.4,1011.4,1009.5
2,2024-06-29,279,1008.1,1009.5,1006.9
2,2024-06-30,218,998.8,1006.7,988.8
2,2024-07-01,281,996.6,1003.1,987.9
2,2024-07-02,287,1006.1,1008.0,1003.4
2,2024-07-03,286,1005.2,1008.1,1002.7
2,2024-07-04,290,1002.5,1004.6,1000.8
2,2024-07-05,223,1005.0,1005.6,1004.3
2,2024-07-06,271,1005.4,1006.2,1004.1
2,2024-07-07,269,1001.1,1005.0,999.4
2,2024-07-08,279,1000.7,1002.3,999.4
2,2024-07-09,282,1001.7,1003.3,1000.4
2,2024-07-10,303,1001.1,1003.3,998.4
2,2024-07-11,286,1000.5,1002.5,998.9
2,2024-07-12,277,1004.4,1007.0,1002.5
2,2024-07-13,292,1011.5,1016.1,1007.3
2,2024-07-14,111,1016.5,1017.1,1015.9
2,2024-07-15,245,1017.3,1018.4,1016.2
2,2024-07-16,257,1016.3,1018.8,1014.0
2,2024-07-17,264,1011.7,1013.7,1010.6
2,2024-07-18,190,1011.2,1011.9,1010.4
2,2024-07-19,177,1008.9,1011.2,1007.5
2,2024-07-20,280,1008.0,1008.9,1007.5
2,2024-07-21,268,1006.5,1008.2,1004.2
2,2024-07-22,276,1004.0,1005.2,1003.0
2,2024-07-23,263,1001.7,1004.3,998.4
2,2024-07-24,264,1000.2,1005.3,996.7
2,2024-07-25,69,1009.7,1013.8,1006.2
2,2024-07-26,76,1018.1,1020.2,1014.6
2,2024-07-27,251,1017.0,1020.4,1012.8
2,2024-07-28,99,1007.1,1011.9,1002.9
2,2024-07-29,243,996.2,1002.6,993.4
2,2024-07-30,100,1000.4,1003.7,996.4
2,2024-07-31,264,1006.0,1008.1,1004.1
2,2024-08-01,215,1007.9,1008.4,1007.4
2,2024-08-02,225,1008.5,1009.4,1007.3
2,2024-08-03,244,1009.1,1010.1,1008.5
2,2024-08-04,298,1008.5,1009.5,1007.4
2,2024-08-05,65,1009.7,1010.5,1008.4
2,2024-08-06,67,1009.3,1010.7,1008.2
2,2024-08-07,69,1006.2,1008.6,1003.5
2,2024-08-08,279,1003.9,1005.1,1002.7
2,2024-08-09,329,1004.9,1005.6,1004.1
2,2024-08-10,50,1006.4,1007.4,1005.9
2,2024-08-11,44,1007.0,1008.1,1005.8
2,2024-08-12,69,1009.6,1011.0,1008.3
2,2024-08-13,110,1010.1,1011.2,1008.9
2,2024-08-14,198,1007.6,1008.8,1006.7
2,2024-08-15,59,1009.8,1012.6,1007.9
2,2024-08-16,63,1012.7,1014.0,1011.4
2,2024-08-17,49,1009.7,1011.4,1008.9
2,2024-08-18,248,1010.9,1013.2,1009.0
2,2024-08-19,6,1013.7,1015.7,1012.2
2,2024-08-20,60,1015.7,1016.5,1015.1
2,2024-08-21,199,1014.5,1015.9,1013.6
2,2024-08-22,194,1010.8,1013.5,1007.7
2,2024-08-23,230,1007.9,1008.7,1007.1
2,2024-08-24,335,1011.1,1014.6,1008.4
2,2024-08-25,49,1013.7,1015.0,1011.4
2,2024-08-26,71,1011.8,1013.3,1009.6
2,2024-08-27,233,1009.0,1011.5,1007.9
2,2024-08-28,68,1013.7,1015.1,1012.1
2,2024-08-29,69,1013.5,1015.0,1012.0
2,2024-08-30,159,1007.6,1012.3,1002.3
2,2024-08-31,256,1002.6,1007.9,998.8
2,2024-09-01,273,1008.2,1009.6,1006.5
2,2024-09-02,282,1008.1,1011.2,1005.6
2,2024-09-03,25,1013.4,1015.1,1011.6
2,2024-09-04,65,1013.4,1015.7,1011.0
2,2024-09-05,227,1006.1,1010.7,1003.0
2,2024-09-06,293,1010.8,1013.8,1006.1
2,2024-09-07,283,1013.0,1014.2,1012.3
2,2024-09-08,286,1013.6,1015.4,1012.2
2,2024-09-09,83,1019.4,1021.3,1016.2
2,2024-09-10,233,1016.1,1020.1,1014.2
2,2024-09-11,284,1014.9,1015.8,1014.0
2,2024-09-12,287,1011.8,1015.4,1008.8
2,2024-09-13,317,1009.3,1013.6,1006.3
2,2024-09-14,104,1009.7,1014.4,1002.6
2,2024-09-15,330,1013.5,1021.0,1005.9
2,2024-09-16,125,1019.6,1022.4,1013.7
2,2024-09-17,288,1011.7,1013.3,1010.2
2,2024-09-18,284,1012.3,1013.2,1011.7
2,2024-09-19,278,1012.7,1015.5,1007.6
2,2024-09-20,286,1009.7,1014.3,1005.1
2,2024-09-21,57,1015.1,1016.3,1014.2
2,2024-09-22,46,1013.7,1017.2,1010.8
2,2024-09-23,52,1020.8,1024.2,1017.7
2,2024-09-24,109,1024.8,1025.6,1023.8
2,2024-09-25,104,1021.9,1025.4,1018.7
2,2024-09-26,87,1015.7,1018.6,1013.2
2,2024-09-27,291,1014.5,1016.3,1012.8
2,2024-09-28,34,1019.2,1023.1,1016.2
2,2024-09-29,64,1023.2,1024.3,1022.0
2,2024-09-30,34,1015.4,1021.9,1011.6
2,2024-10-01,285,1008.0,1011.8,1003.8
2,2024-10-02,278,1014.4,1025.1,1006.5
2,2024-10-03,52,1023.6,1026.4,1019.7
2,2024-10-04,5,1017.2,1020.4,1014.9
2,2024-10-05,77,1022.6,1024.0,1019.5
2,2024-10-06,157,1020.2,1024.1,1015.8
2,2024-10-07,51,1011.3,1015.1,1010.0
2,2024-10-08,52,1014.8,1017.6,1012.3
2,2024-10-09,48,1019.1,1020.4,1017.4
2,2024-10-10,48,1018.2,1020.5,1016.5
2,2024-10-11,30,1017.9,1022.0,1015.3
2,2024-10-12,268,1021.8,1022.8,1020.7
2,2024-10-13,316,1025.2,1028.6,1021.2
2,2024-10-14,160,1027.5,1029.1,1025.2
2,2024-10-15,204,1018.7,1024.8,1013.1
2,2024-10-16,289,1019.7,1023.0,1014.2
2,2024-10-17,310,1024.5,1027.0,1021.5
2,2024-10-18,174,1018.2,1027.2,1003.9
2,2024-10-19,286,1011.1,1026.2,1000.6
2,2024-10-20,306,1031.2,1034.2,1026.6
2,2024-10-21,204,1031.5,1034.3,1027.7
2,2024-10-22,163,1023.5,1027.8,1018.0
2,2024-10-23,217,1010.4,1017.8,1006.5
2,2024-10-24,285,1018.1,1024.4,1012.5
2,2024-10-25,293,1024.3,1025.7,1023.0
2,2024-10-26,349,1020.7,1022.7,1018.4
2,2024-10-27,320,1009.2,1018.0,1003.2
2,2024-10-28,294,1012.7,1022.9,1003.3
2,2024-10-29,309,1022.2,1023.7,1019.7
2,2024-10-30,321,1017.0,1021.1,1015.5
2,2024-10-31,295,1022.7,1024.3,1020.6
2,2024-11-01,286,1019.7,1023.5,1016.2
2,2024-11-02,320,1013.8,1016.7,1012.0
2,2024-11-03,306,1019.0,1021.3,1016.7
2,2024-11-04,268,1012.4,1016.6,1009.6
2,2024-11-05,305,1018.4,1019.9,1016.9
2,2024-11-06,298,1014.7,1018.2,1012.0
2,2024-11-07,304,1022.1,1027.9,1016.2
2,2024-11-08,290,1024.7,1027.9,1022.2
2,2024-11-09,308,1027.5,1028.8,1025.8
2,2024-11-10,255,1020.3,1026.7,1014.2
2,2024-11-11,295,1015.1,1016.6,1012.2
2,2024-11-12,295,1013.5,1020.4,1010.2
2,2024-11-13,306,1023.9,1026.6,1020.7
2,2024-11-14,307,1023.2,1026.5,1019.6
2,2024-11-15,312,1020.0,1025.9,1015.7
2,2024-11-16,169,1020.2,1026.4,1011.6
2,2024-11-17,282,1011.2,1016.0,1007.5
2,2024-11-18,310,1018.2,1024.7,1013.6
2,2024-11-19,305,1024.8,1025.9,1023.8
2,2024-11-20,252,1019.6,1024.4,1015.6
2,2024-11-21,324,1013.3,1015.6,1011.6
2,2024-11-22,28,1010.6,1013.1,1009.5
2,2024-11-23,317,1017.5,1021.1,1013.7
2,2024-11-24,306,1023.0,1026.7,1019.4
2,2024-11-25,307,1028.4,1029.8,1025.6
2,2024-11-26,115,1018.9,1029.0,1006.4
2,2024-11-27,270,1002.3,1005.7,1001.1
2,2024-11-28,257,999.7,1002.2,993.5
2,2024-11-29,283,994.8,996.1,993.8
2,2024-11-30,296,997.7,1004.9,993.6
2,2024-12-01,306,1012.9,1017.9,1005.7
2,2024-12-02,242,1014.8,1018.3,1010.6
2,2024-12-03,302,1012.6,1014.8,1011.0
2,2024-12-04,288,1009.6,1012.2,1005.6
2,2024-12-05,285,1004.3,1005.3,1002.6
2,2024-12-06,303,1003.3,1006.9,1001.0
2,2024-12-07,305,1005.1,1007.7,1003.1
2,2024-12-08,311,1007.3,1010.0,1003.0
2,2024-12-09,305,1010.7,1013.3,1008.2
2,2024-12-10,301,1010.8,1013.6,1007.2
2,2024-12-11,312,1007.9,1010.6,1003.9
2,2024-12-12,313,1011.3,1012.3,1009.9
2,2024-12-13,302,1008.3,1011.7,1007.0
2,2024-12-14,310,1007.1,1008.6,1005.8
2,2024-12-15,292,1003.0,1007.9,999.6
2,2024-12-16,306,1011.4,1014.3,1008.6
2,2024-12-17,314,1013.5,1014.7,1012.3
2,2024-12-18,313,1015.0,1016.1,1012.9
2,2024-12-19,310,1014.1,1016.3,1013.0
2,2024-12-20,323,1015.6,1018.3,1012.8
2,2024-12-21,37,1005.6,1012.1,1001.5
2,2024-12-22,355,1002.3,1006.0,1000.1
2,2024-12-23,326,1006.7,1010.3,1004.4
2,2024-12-24,308,1014.9,1021.2,1010.0
2,2024-12-25,270,1017.3,1022.2,1005.6
2,2024-12-26,291,1002.1,1005.2,1000.1
2,2024-12-27,305,1000.1,1002.4,998.5
2,2024-12-28,313,1006.6,1008.9,1003.1
2,2024-12-29,309,1012.7,1016.5,1008.0
2,2024-12-30,353,1013.9,1017.7,1005.1
2,2024-12-31,19,1002.8,1009.3,998.3
2,2025-01-01,319,1012.0,1013.0,1009.9
2,2025-01-02,312,1013.4,1015.1,1011.7
2,2025-01-03,320,1015.2,1015.8,1014.2
2,2025-01-04,303,1017.0,1020.4,1014.6
2,2025-01-05,281,1020.8,1023.2,1017.1
2,2025-01-06,45,1008.3,1017.5,996.2
2,2025-01-07,297,996.5,1001.1,993.4
2,2025-01-08,289,1000.2,1001.2,999.0
2,2025-01-09,283,1001.3,1002.6,1000.3
2,2025-01-10,10,1011.1,1018.1,1003.2
2,2025-01-11,37,1021.0,1023.4,1018.3
2,2025-01-12,45,1019.8,1023.8,1015.6
2,2025-01-13,8,1014.9,1016.2,1013.2
2,2025-01-14,293,1010.3,1013.1,1009.0
2,2025-01-15,303,1009.6,1013.3,1007.0
2,2025-01-16,319,1010.2,1014.3,1003.6
2,2025-01-17,307,1015.2,1020.2,1010.1
2,2025-01-18,309,1021.5,1023.1,1020.0
2,2025-01-19,228,1015.4,1021.3,1011.3
2,2025-01-20,7,1013.5,1019.0,1009.9
2,2025-01-21,57,1022.0,1023.9,1019.3
2,2025-01-22,50,1023.4,1024.3,1022.3
2,2025-01-23,56,1021.0,1024.0,1018.7
2,2025-01-24,40,1020.4,1022.3,1018.8
2,2025-01-25,40,1023.3,1024.3,1022.1
2,2025-01-26,21,1019.6,1024.7,1014.5
2,2025-01-27,324,1009.6,1014.2,1005.6
2,2025-01-28,280,1002.6,1005.6,998.7
2,2025-01-29,292,999.7,1003.1,996.3
2,2025-01-30,300,1005.7,1009.8,1002.9
2,2025-01-31,306,1014.0,1017.4,1010.2
2,2025-02-01,338,1017.8,1019.0,1015.9
2,2025-02-02,9,1016.3,1018.7,1013.5
2,2025-02-03,38,1004.2,1013.7,994.5
2,2025-02-04,254,991.2,993.8,988.7
2,2025-02-05,262,988.2,990.3,986.7
2,2025-02-06,289,997.8,1000.0,991.3
2,2025-02-07,296,998.0,999.8,996.8
2,2025-02-08,308,1002.3,1006.2,998.4
2,2025-02-09,304,1007.7,1010.0,1005.3
2,2025-02-10,305,1010.4,1012.6,1008.5
2,2025-02-11,303,1015.2,1017.4,1012.6
2,2025-02-12,247,1002.0,1014.9,990.0
2,2025-02-13,304,1001.0,1005.1,991.6
2,2025-02-14,301,1006.5,1012.4,1002.4
2,2025-02-15,301,1012.6,1013.6,1011.3
2,2025-02-16,70,1006.1,1011.0,1001.5
2,2025-02-17,45,999.6,1002.7,998.0
2,2025-02-18,307,1003.5,1004.8,1003.1
2,2025-02-19,41,1009.5,1013.6,1005.0
2,2025-02-20,313,1014.9,1017.6,1012.9
2,2025-02-21,303,1016.9,1017.8,1016.0
2,2025-02-22,50,1016.1,1017.2,1014.2
2,2025-02-23,297,1015.0,1017.2,1014.2
2,2025-02-24,293,1015.1,1017.8,1013.6
2,2025-02-25,251,1013.3,1018.2,1004.6
2,2025-02-26,290,1008.1,1013.8,1003.0
2,2025-02-27,297,1016.8,1018.3,1014.1
2,2025-02-28,262,1013.9,1017.5,1011.4
2,2025-03-01,285,1013.0,1015.0,1010.5
2,2025-03-02,299,1012.9,1018.1,1008.4
2,2025-03-03,310,1022.2,1027.5,1017.2
2,2025-03-04,354,1028.7,1030.2,1026.1
2,2025-03-05,71,1021.5,1028.8,1012.8
2,2025-03-06,26,1013.3,1014.7,1012.2
2,2025-03-07,327,1020.5,1027.2,1014.9
2,2025-03-08,299,1026.9,1027.6,1026.1
2,2025-03-09,284,1025.8,1029.4,1024.4
2,2025-03-10,271,1027.9,1030.3,1024.4
2,2025-03-11,282,1019.0,1023.8,1017.6
2,2025-03-12,359,1015.3,1018.7,1007.5
2,2025-03-13,273,1007.0,1009.1,1005.4
2,2025-03-14,290,1014.7,1021.3,1009.5
2,2025-03-15,292,1023.0,1024.6,1021.4
2,2025-03-16,59,1009.5,1022.5,991.4
2,2025-03-17,20,1002.0,1012.3,990.2
2,2025-03-18,64,1015.5,1017.7,1012.9
2,2025-03-19,329,1013.3,1015.8,1012.4
2,2025-03-20,253,1011.4,1013.9,1007.3
2,2025-03-21,234,1001.2,1006.9,996.3
2,2025-03-22,276,997.1,1001.4,993.4
2,2025-03-23,295,1008.6,1012.8,1002.2
2,2025-03-24,271,1005.1,1012.8,999.8
2,2025-03-25,352,998.7,1001.5,991.1
2,2025-03-26,293,1003.8,1013.2,990.7
2,2025-03-27,54,1005.1,1012.7,998.0
2,2025-03-28,284,1002.0,1010.2,997.1
2,2025-03-29,275,1017.0,1020.2,1010.9
2,2025-03-30,260,1020.1,1025.2,1015.7
2,2025-03-31,280,1028.8,1032.4,1025.5
2,2025-04-01,97,1033.8,1035.3,1032.0
2,2025-04-02,50,1022.5,1032.2,1016.2
2,2025-04-03,23,1013.0,1015.5,1011.0
2,2025-04-04,294,1013.0,1015.8,1010.5
2,2025-04-05,286,1017.9,1019.9,1015.9
2,2025-04-06,60,1015.6,1020.0,1012.6
2,2025-04-07,291,1010.5,1013.1,1009.1
2,2025-04-08,290,1008.0,1009.3,1006.9
2,2025-04-09,282,1008.6,1010.1,1007.1
2,2025-04-10,309,1009.8,1010.7,1008.7
2,2025-04-11,48,1013.3,1017.0,1009.7
2,2025-04-12,44,1016.5,1017.9,1015.7
2,2025-04-13,57,1016.4,1018.5,1012.5
2,2025-04-14,67,1002.2,1012.1,995.4
2,2025-04-15,300,989.6,997.0,983.6
2,2025-04-16,278,995.0,1004.3,985.8
2,2025-04-17,283,1009.2,1014.5,1004.6
2,2025-04-18,76,1011.8,1015.0,1008.1
2,2025-04-19,297,1011.5,1013.2,1009.0
2,2025-04-20,294,1008.7,1012.2,1006.0
2,2025-04-21,297,1014.7,1018.3,1011.0
2,2025-04-22,88,1014.4,1017.9,1007.9
2,2025-04-23,51,1007.0,1007.9,1005.5
2,2025-04-24,49,1006.6,1008.2,1005.6
2,2025-04-25,285,1006.5,1009.3,1003.9
2,2025-04-26,259,1007.6,1009.8,1005.6
2,2025-04-27,288,1008.7,1013.0,1006.1
2,2025-04-28,62,1011.3,1014.3,1003.2
2,2025-04-29,15,1002.4,1008.6,998.0
2,2025-04-30,357,1017.0,1024.1,1009.3
2,2025-05-01,76,1023.2,1024.6,1020.7
2,2025-05-02,106,1014.1,1020.7,1007.7
2,2025-05-03,277,1005.6,1007.7,1004.2
2,2025-05-04,280,1003.5,1005.3,1002.4
2,2025-05-05,287,1010.3,1013.1,1005.3
2,2025-05-06,46,1009.3,1012.9,1003.2
2,2025-05-07,308,1009.5,1017.0,1003.2
2,2025-05-08,283,1021.0,1023.2,1017.5
2,2025-05-09,228,1017.9,1023.1,1010.7
2,2025-05-10,214,997.2,1009.2,991.1
2,2025-05-11,286,998.8,1005.6,993.1
2,2025-05-12,289,1008.1,1012.2,1005.7
2,2025-05-13,288,1016.5,1020.2,1012.8
2,2025-05-14,59,1021.0,1021.9,1019.8
2,2025-05-15,69,1020.1,1021.9,1018.6
2,2025-05-16,278,1018.3,1019.3,1016.8
2,2025-05-17,146,1007.1,1016.3,1000.5
2,2025-05-18,287,1004.7,1009.6,1001.8
2,2025-05-19,276,1009.5,1011.6,1006.7
2,2025-05-20,280,1008.2,1011.7,1004.1
2,2025-05-21,283,1008.5,1011.7,1005.2
2,2025-05-22,68,1006.7,1012.1,1003.7
2,2025-05-23,219,1017.1,1020.7,1012.5
2,2025-05-24,71,1017.9,1020.9,1010.9
2,2025-05-25,47,1007.0,1010.2,1003.5
2,2025-05-26,286,1017.1,1022.9,1009.7
2,2025-05-27,277,1022.5,1023.5,1020.8
2,2025-05-28,271,1018.7,1021.2,1016.1
2,2025-05-29,288,1014.7,1016.1,1013.7
2,2025-05-30,27,1013.6,1014.9,1012.9
2,2025-05-31,50,1010.3,1014.2,1005.8
2,2025-06-01,29,1003.7,1005.4,1003.0
2,2025-06-02,282,1005.0,1006.2,1003.4
2,2025-06-03,49,1001.9,1006.0,996.3
2,2025-06-04,271,997.5,1001.3,995.5
2,2025-06-05,272,1006.0,1010.3,1001.8
2,2025-06-06,274,1009.0,1010.7,1007.6
2,2025-06-07,285,1007.0,1008.0,1006.3
2,2025-06-08,284,1009.2,1012.4,1007.0
2,2025-06-09,276,1011.7,1012.6,1009.9
2,2025-06-10,68,1008.7,1010.8,1005.3
2,2025-06-11,285,1004.5,1007.0,1003.3
2,2025-06-12,299,1014.3,1018.9,1007.4
2,2025-06-13,271,1016.8,1019.1,1014.6
2,2025-06-14,172,1008.5,1014.1,1003.4
2,2025-06-15,91,1001.9,1003.3,1000.4
2,2025-06-16,270,1003.0,1003.9,1002.3
2,2025-06-17,289,1006.4,1009.5,1003.0
2,2025-06-18,291,1011.8,1014.8,1009.4
2,2025-06-19,296,1015.7,1016.9,1014.7
2,2025-06-20,112,1014.9,1016.9,1012.6
2,2025-06-21,228,1007.2,1012.5,1002.1
2,2025-06-22,286,1004.3,1007.4,1001.6
2,2025-06-23,284,1009.9,1012.5,1007.4
2,2025-06-24,286,1014.1,1015.3,1012.7
2,2025-06-25,267,1013.3,1015.3,1009.6
2,2025-06-26,280,1003.8,1009.4,1000.4
2,2025-06-27,290,1001.6,1005.0,998.9
2,2025-06-28,270,1005.7,1007.8,1004.0
2,2025-06-29,276,1008.8,1010.4,1007.5
2,2025-06-30,283,1010.8,1011.6,1010.1
2,2025-07-01,281,1012.0,1014.0,1010.2
2,2025-07-02,76,1013.6,1014.5,1012.8
2,2025-07-03,265,1009.4,1012.5,1006.7
2,2025-07-04,288,1004.1,1006.7,1000.5
2,2025-07-05,278,1001.9,1002.7,1000.5
2,2025-07-06,289,1002.5,1003.9,1001.7
2,2025-07-07,290,1005.6,1007.6,1004.2
2,2025-07-08,349,1009.4,1012.4,1007.0
2,2025-07-09,59,1014.4,1016.9,1012.6
2,2025-07-10,64,1019.1,1020.7,1017.0
2,2025-07-11,63,1019.3,1021.3,1017.1
2,2025-07-12,201,1011.7,1016.6,1008.2
2,2025-07-13,269,1006.8,1007.8,1005.9
2,2025-07-14,125,1003.5,1007.3,996.2
2,2025-07-15,189,1009.9,1012.4,1005.3
2,2025-07-16,233,1014.0,1015.5,1010.7
2,2025-07-17,265,1014.5,1015.1,1013.9
2,2025-07-18,283,1014.8,1015.5,1013.7
2,2025-07-19,277,1014.8,1015.7,1013.9
2,2025-07-20,285,1014.1,1014.7,1013.4
2,2025-07-21,284,1012.5,1014.3,1011.7
2,2025-07-22,284,1010.8,1011.9,1010.1
2,2025-07-23,293,1009.6,1010.4,1008.6
2,2025-07-24,288,1009.8,1011.1,1008.3
2,2025-07-25,276,1010.3,1011.2,1009.4
2,2025-07-26,277,1009.0,1011.1,1006.0
2,2025-07-27,303,1004.2,1005.8,1002.9
2,2025-07-28,92,1004.5,1005.3,1003.7
2,2025-07-29,53,1006.1,1007.1,1004.7
2,2025-07-30,60,1008.3,1009.6,1007.0
2,2025-07-31,107,1009.0,1009.8,1008.3
2,2025-08-01,98,1006.8,1009.0,1004.6
2,2025-08-02,61,1002.3,1004.3,1001.0
2,2025-08-03,34,1005.5,1007.1,1003.8
2,2025-08-04,130,1005.7,1007.4,1002.6
2,2025-08-05,281,1001.5,1003.2,1000.2
2,2025-08-06,286,999.9,1002.3,995.9
2,2025-08-07,272,995.5,997.2,994.7
2,2025-08-08,273,1001.6,1006.3,997.1
2,2025-08-09,295,1007.6,1009.2,1006.4
2,2025-08-10,82,1004.7,1007.8,1002.9
2,2025-08-11,278,1005.8,1007.9,1004.0
2,2025-08-12,69,1012.3,1016.9,1008.3
2,2025-08-13,98,1018.2,1019.2,1017.1
2,2025-08-14,159,1015.4,1018.7,1011.3
2,2025-08-15,280,1011.2,1013.3,1009.1
2,2025-08-16,285,1012.7,1013.9,1011.3
2,2025-08-17,272,1008.9,1013.2,1005.7
2,2025-08-18,253,1013.5,1015.2,1011.4
2,2025-08-19,258,1007.2,1010.7,1006.1
2,2025-08-20,273,1005.8,1008.0,1004.5
2,2025-08-21,313,1009.0,1012.6,1005.7
2,2025-08-22,123,1010.9,1013.2,1006.5
2,2025-08-23,274,1007.7,1012.1,1004.5
2,2025-08-24,118,1015.0,1017.1,1012.8
2,2025-08-25,145,1016.2,1017.6,1013.9
2,2025-08-26,200,1008.2,1013.5,1003.4
2,2025-08-27,276,1006.3,1012.3,1002.0
2,2025-08-28,304,1015.0,1017.1,1012.5
2,2025-08-29,71,1013.7,1016.2,1011.3
2,2025-08-30,57,1012.9,1015.5,1010.3
2,2025-08-31,144,1014.5,1016.1,1012.1
2,2025-09-01,251,1007.1,1011.7,1004.5
2,2025-09-02,277,1005.5,1007.8,1004.2
2,2025-09-03,295,1011.6,1016.5,1007.7
2,2025-09-04,72,1015.6,1017.5,1012.8
2,2025-09-05,64,1009.6,1012.8,1008.1
2,2025-09-06,287,1007.8,1009.6,1006.1
2,2025-09-07,273,1005.1,1008.0,1003.5
2,2025-09-08,285,1011.2,1013.3,1008.6
2,2025-09-09,270,1013.2,1014.7,1012.4
2,2025-09-10,67,1016.1,1017.2,1015.0
2,2025-09-11,58,1018.7,1020.6,1016.7
2,2025-09-12,104,1020.8,1022.1,1018.7
2,2025-09-13,177,1007.5,1018.7,997.3
2,2025-09-14,287,1010.8,1015.8,1000.8
2,2025-09-15,247,1013.3,1016.3,1011.5
2,2025-09-16,283,1009.9,1012.3,1005.6
2,2025-09-17,274,1006.3,1008.3,1003.9
2,2025-09-18,307,1012.5,1018.6,1008.0
2,2025-09-19,305,1019.6,1020.5,1018.1
2,2025-09-20,148,1007.5,1019.8,995.9
2,2025-09-21,299,1011.1,1020.1,998.8
2,2025-09-22,296,1022.1,1024.6,1020.1
2,2025-09-23,158,1025.1,1026.0,1023.8
2,2025-09-24,145,1023.0,1026.2,1018.5
2,2025-09-25,231,1012.8,1017.9,1010.9
2,2025-09-26,283,1011.7,1013.9,1010.2
2,2025-09-27,291,1013.7,1014.6,1012.3
2,2025-09-28,275,1009.7,1014.3,1004.4
2,2025-09-29,29,1005.3,1012.3,1001.0
2,2025-09-30,107,1015.5,1017.2,1012.9
2,2025-10-01,77,1014.8,1017.0,1013.2
2,2025-10-02,291,1016.1,1020.3,1013.1
2,2025-10-03,314,1021.9,1024.8,1019.7
2,2025-10-04,120,1018.9,1024.4,1014.0
2,2025-10-05,321,1010.8,1014.0,1009.0
2,2025-10-06,65,1020.4,1026.3,1014.2
2,2025-10-07,161,1020.7,1026.8,1012.3
2,2025-10-08,288,1012.8,1020.7,1008.1
2,2025-10-09,77,1020.6,1021.2,1019.7
2,2025-10-10,303,1020.6,1023.2,1018.1
2,2025-10-11,148,1020.2,1022.8,1017.0
2,2025-10-12,109,1013.2,1016.7,1011.4
2,2025-10-13,54,1018.7,1023.5,1013.4
2,2025-10-14,251,1021.7,1023.3,1019.3
2,2025-10-15,48,1024.2,1026.4,1020.5
2,2025-10-16,41,1022.0,1026.0,1020.6
2,2025-10-17,268,1021.3,1023.4,1017.8
2,2025-10-18,290,1013.3,1019.6,1009.9
2,2025-10-19,290,1019.9,1021.2,1018.5
2,2025-10-20,307,1021.8,1025.5,1018.4
2,2025-10-21,301,1026.6,1028.3,1024.2
2,2025-10-22,309,1028.9,1030.2,1026.8
2,2025-10-23,300,1028.3,1030.2,1027.1
2,2025-10-24,10,1028.1,1029.1,1026.9
2,2025-10-25,21,1024.9,1028.8,1022.5
2,2025-10-26,34,1008.7,1021.9,998.5
2,2025-10-27,275,1003.3,1009.7,998.7
2,2025-10-28,288,1015.5,1023.5,1009.7
2,2025-10-29,311,1028.4,1030.8,1024.7
2,2025-10-30,228,1026.7,1030.4,1024.6
2,2025-10-31,41,1015.1,1024.7,988.1
2,2025-11-01,331,994.8,1007.0,973.2
2,2025-11-02,338,1010.0,1015.6,1005.6
2,2025-11-03,29,1022.4,1028.7,1015.9
2,2025-11-04,263,1025.8,1028.2,1024.7
2,2025-11-05,272,1023.8,1025.0,1023.0
2,2025-11-06,309,1015.2,1022.6,1011.2
2,2025-11-07,297,1018.0,1027.2,1010.3
2,2025-11-08,323,1025.8,1028.5,1019.3
2,2025-11-09,309,1005.3,1019.2,997.9
2,2025-11-10,301,1001.6,1007.3,996.0
2,2025-11-11,308,1013.2,1020.2,1007.5
2,2025-11-12,279,1017.3,1020.1,1011.5
2,2025-11-13,271,1007.2,1011.8,1004.0
2,2025-11-14,308,1016.5,1021.7,1011.2
2,2025-11-15,301,1024.7,1029.3,1021.5
2,2025-11-16,233,1021.6,1029.3,1007.1
2,2025-11-17,284,1004.7,1006.4,1002.6
2,2025-11-18,310,1009.1,1014.7,1005.2
2,2025-11-19,299,1017.9,1020.1,1014.6
2,2025-11-20,252,1013.5,1020.0,1007.7
2,2025-11-21,291,1011.6,1018.5,1008.1
2,2025-11-22,286,1020.3,1021.8,1018.4
2,2025-11-23,252,1018.6,1022.1,1016.0
2,2025-11-24,295,1013.9,1016.0,1012.6
2,2025-11-25,49,1012.7,1015.9,1011.6
2,2025-11-26,57,1020.3,1022.9,1016.4
2,2025-11-27,140,1013.0,1022.8,1000.3
2,2025-11-28,284,1002.2,1010.6,996.5
2,2025-11-29,302,1014.6,1017.2,1010.6
2,2025-11-30,258,1013.6,1015.5,1011.0
2,2025-12-01,267,1012.1,1018.5,1005.8
2,2025-12-02,247,1010.7,1018.1,1006.8
2,2025-12-03,324,1003.0,1010.1,1000.2
2,2025-12-04,298,1004.8,1007.3,1002.2
2,2025-12-05,289,1010.6,1016.5,1006.9
2,2025-12-06,256,1016.6,1018.5,1014.0
2,2025-12-07,266,1012.3,1014.0,1011.6
2,2025-12-08,278,1010.9,1016.6,1003.0
2,2025-12-09,300,1017.3,1019.6,1016.0
2,2025-12-10,271,1018.7,1021.1,1013.6
2,2025-12-11,273,1007.8,1014.4,1003.6
2,2025-12-12,315,1019.2,1022.4,1014.9
2,2025-12-13,313,1022.2,1023.4,1019.5
2,2025-12-14,26,999.0,1019.0,984.9
2,2025-12-15,296,1007.6,1013.7,995.3
2,2025-12-16,279,1012.1,1015.2,1009.7
2,2025-12-17,279,1014.6,1019.4,1013.6
2,2025-12-18,308,1023.3,1027.2,1020.1
2,2025-12-19,254,1024.6,1027.3,1019.5
2,2025-12-20,241,1015.8,1020.0,1011.4
2,2025-12-21,298,1013.8,1021.1,1008.6
2,2025-12-22,312,1028.5,1033.5,1021.9
2,2025-12-23,66,1026.8,1033.5,1018.8
2,2025-12-24,40,1012.4,1018.2,1007.3
2,2025-12-25,25,999.7,1006.5,993.7
2,2025-12-26,295,1002.4,1012.0,996.5
2,2025-12-27,285,1012.6,1014.7,1011.1
2,2025-12-28,293,1018.9,1021.2,1015.0
2,2025-12-29,223,1014.0,1019.9,1009.8
2,2025-12-30,288,1009.3,1011.0,1007.6
2,2025-12-31,284,1008.5,1011.4,1006.9
2,2026-01-01,287,1005.5,1007.1,1004.1
2,2026-01-02,305,1006.6,1007.7,1005.3
2,2026-01-03,298,1007.2,1008.7,1005.8
2,2026-01-04,293,1006.2,1007.6,1005.0
2,2026-01-05,310,1007.8,1010.0,1005.3
2,2026-01-06,310,1014.4,1017.7,1010.2
2,2026-01-07,231,1008.2,1017.3,1002.5
2,2026-01-08,296,1006.7,1012.0,1001.5
2,2026-01-09,279,1013.9,1015.8,1011.3
2,2026-01-10,217,1002.7,1013.5,995.3
2,2026-01-11,275,993.2,997.3,991.1
2,2026-01-12,280,1002.9,1005.3,997.9
2,2026-01-13,272,997.1,1004.6,989.0
2,2026-01-14,288,1007.1,1010.4,1004.7
2,2026-01-15,287,1007.4,1010.4,1005.4
2,2026-01-16,300,1010.2,1013.4,1006.6
2,2026-01-17,305,1012.1,1016.4,1010.4
2,2026-01-18,314,1018.9,1020.6,1017.0
2,2026-01-19,276,1007.4,1018.1,999.7
2,2026-01-20,297,1003.0,1005.7,999.6
2,2026-01-21,303,1003.6,1005.6,1002.7
2,2026-01-22,310,1006.8,1010.6,1003.9
2,2026-01-23,314,1011.9,1013.3,1010.8
2,2026-01-24,295,1008.2,1011.2,1005.9
2,2026-01-25,351,1009.9,1016.2,1005.5
2,2026-01-26,309,1015.3,1017.0,1014.0
2,2026-01-27,40,1010.9,1014.1,1008.7
2,2026-01-28,44,1014.1,1015.3,1012.2
2,2026-01-29,45,1011.7,1014.5,1010.1
2,2026-01-30,302,1009.2,1010.1,1007.5
2,2026-01-31,299,1010.4,1011.1,1009.5
3,2021-01-01,335,1003.5,1006.4,1000.1
3,2021-01-02,11,1008.5,1010.5,1005.4
3,2021-01-03,298,1010.4,1012.6,1008.8
3,2021-01-04,329,1012.5,1013.7,1010.4
3,2021-01-05,360,1010.8,1013.1,1009.8
3,2021-01-06,17,1005.0,1010.8,997.8
3,2021-01-07,335,987.6,998.4,981.5
3,2021-01-08,311,996.0,998.0,993.0
3,2021-01-09,321,998.8,1002.6,995.9
3,2021-01-10,350,1006.4,1011.1,1002.2
3,2021-01-11,4,1013.5,1015.5,1011.1
3,2021-01-12,138,1003.4,1012.6,997.6
3,2021-01-13,243,1000.2,1003.7,996.9
3,2021-01-14,298,1008.9,1016.5,998.9
3,2021-01-15,146,1007.5,1016.5,993.4
3,2021-01-16,300,999.5,1003.7,993.4
3,2021-01-17,21,1004.6,1006.4,1002.3
3,2021-01-18,353,1000.2,1006.0,995.1
3,2021-01-19,324,1009.7,1016.1,998.8
3,2021-01-20,347,1016.1,1018.5,1011.9
3,2021-01-21,308,1008.7,1011.2,1005.8
3,2021-01-22,338,1011.7,1017.6,1006.2
3,2021-01-23,17,1019.0,1020.1,1017.5
3,2021-01-24,60,1017.1,1019.7,1015.7
3,2021-01-25,349,1019.7,1021.4,1017.1
3,2021-01-26,130,1011.5,1020.9,998.2
3,2021-01-27,318,1004.5,1011.4,997.6
3,2021-01-28,91,1000.4,1012.0,985.8
3,2021-01-29,116,986.6,991.1,984.9
3,2021-01-30,321,1002.9,1008.5,992.8
3,2021-01-31,314,1015.4,1018.4,1009.4
3,2021-02-01,184,1000.2,1015.4,989.7
3,2021-02-02,287,996.5,1000.6,989.7
3,2021-02-03,308,1002.7,1004.7,1000.4
3,2021-02-04,294,1000.7,1005.3,997.8
3,2021-02-05,259,1003.4,1005.9,999.6
3,2021-02-06,316,1000.2,1001.2,998.2
3,2021-02-07,327,999.2,1000.7,998.1
3,2021-02-08,310,997.1,999.5,995.6
3,2021-02-09,306,1002.2,1004.2,999.6
3,2021-02-10,319,1003.2,1006.6,1001.0
3,2021-02-11,326,1013.4,1019.3,1006.9
3,2021-02-12,15,1020.5,1021.7,1019.2
3,2021-02-13,127,1015.2,1020.0,1011.7
3,2021-02-14,136,1007.1,1011.7,1000.6
3,2021-02-15,168,977.4,998.5,961.4
3,2021-02-16,257,977.3,982.5,964.3
3,2021-02-17,261,982.7,983.5,982.1
3,2021-02-18,319,990.7,996.7,984.1
3,2021-02-19,219,995.6,998.8,988.7
3,2021-02-20,262,991.0,999.1,986.8
3,2021-02-21,326,1003.0,1005.1,999.2
3,2021-02-22,315,998.0,1004.1,993.9
3,2021-02-23,293,999.4,1005.7,993.6
3,2021-02-24,322,1008.7,1013.9,1004.7
3,2021-02-25,346,1011.6,1013.6,1009.6
3,2021-02-26,316,1012.5,1019.2,1008.7
3,2021-02-27,346,1022.2,1024.1,1020.0
3,2021-02-28,190,1016.8,1021.6,1013.3
3,2021-03-01,337,1008.7,1013.1,999.4
3,2021-03-02,335,1002.5,1016.6,994.3
3,2021-03-03,31,1022.3,1024.4,1018.1
3,2021-03-04,139,1018.4,1024.1,1014.0
3,2021-03-05,185,1009.1,1013.2,1005.4
3,2021-03-06,322,1016.2,1020.3,1010.2
3,2021-03-07,287,1017.4,1020.2,1015.4
3,2021-03-08,325,1016.9,1018.3,1014.6
3,2021-03-09,165,1009.5,1017.6,1000.8
3,2021-03-10,317,1011.7,1018.2,1001.4
3,2021-03-11,243,1015.3,1017.5,1014.0
3,2021-03-12,346,1016.5,1017.8,1014.8
3,2021-03-13,78,1008.6,1017.3,999.3
3,2021-03-14,341,999.1,1002.3,996.6
3,2021-03-15,340,1001.9,1003.9,1000.0
3,2021-03-16,224,995.2,999.5,992.9
3,2021-03-17,311,1002.5,1007.5,997.4
3,2021-03-18,326,1009.2,1012.3,1006.9
3,2021-03-19,333,1014.1,1017.8,1011.5
3,2021-03-20,140,1013.0,1017.3,1003.7
3,2021-03-21,204,991.5,1003.1,987.6
3,2021-03-22,252,998.7,1006.6,991.2
3,2021-03-23,216,1008.1,1010.2,1007.1
3,2021-03-24,175,1012.2,1013.3,1010.9
3,2021-03-25,151,1007.5,1011.8,1004.6
3,2021-03-26,338,1008.4,1013.8,1003.6
3,2021-03-27,138,1012.7,1014.7,1009.2
3,2021-03-28,136,1000.8,1008.3,994.6
3,2021-03-29,184,994.9,1001.0,991.1
3,2021-03-30,155,1003.2,1005.7,1000.8
3,2021-03-31,321,1006.2,1011.1,1002.9
3,2021-04-01,338,1017.0,1022.6,1011.5
3,2021-04-02,149,1019.7,1023.7,1013.9
3,2021-04-03,136,1007.4,1013.2,1005.0
3,2021-04-04,338,1003.2,1006.4,1001.8
3,2021-04-05,164,1012.3,1016.0,1007.0
3,2021-04-06,161,1012.8,1016.2,1009.1
3,2021-04-07,177,1004.8,1009.1,1003.0
3,2021-04-08,326,1004.8,1005.8,1003.8
3,2021-04-09,318,1012.4,1020.3,1006.4
3,2021-04-10,294,1022.3,1024.9,1020.3
3,2021-04-11,218,1024.3,1025.1,1023.2
3,2021-04-12,145,1017.3,1023.9,1009.3
3,2021-04-13,165,999.9,1007.6,995.8
3,2021-04-14,328,1003.3,1008.6,999.0
3,2021-04-15,233,1013.5,1018.7,1008.7
3,2021-04-16,139,1016.3,1019.0,1013.5
3,2021-04-17,133,1003.9,1012.8,989.6
3,2021-04-18,297,981.8,988.7,978.7
3,2021-04-19,244,993.8,998.7,988.7
3,2021-04-20,286,1002.6,1007.2,997.0
3,2021-04-21,328,1007.7,1010.4,1005.6
3,2021-04-22,2,1014.5,1016.4,1011.3
3,2021-04-23,159,1014.1,1015.4,1011.5
3,2021-04-24,324,1004.9,1010.8,1001.3
3,2021-04-25,333,1005.7,1011.4,1001.9
3,2021-04-26,333,1012.1,1013.5,1010.4
3,2021-04-27,195,1011.7,1013.4,1010.4
3,2021-04-28,149,1007.1,1010.2,1005.8
3,2021-04-29,341,998.4,1005.8,984.8
3,2021-04-30,325,991.6,997.9,986.4
3,2021-05-01,337,997.3,999.9,992.2
3,2021-05-02,318,993.1,995.6,990.2
3,2021-05-03,318,998.3,1002.4,995.0
3,2021-05-04,348,1007.4,1009.8,1003.2
3,2021-05-05,154,1002.6,1006.3,998.9
3,2021-05-06,163,1006.0,1007.3,1004.9
3,2021-05-07,144,997.9,1005.0,992.9
3,2021-05-08,188,994.4,996.6,992.0
3,2021-05-09,176,991.4,992.8,990.0
3,2021-05-10,316,999.7,1004.7,993.2
3,2021-05-11,341,1009.6,1015.6,1004.9
3,2021-05-12,145,1013.4,1015.2,1010.3
3,2021-05-13,151,1006.7,1010.1,1004.8
3,2021-05-14,332,1006.7,1010.1,1003.8
3,2021-05-15,141,1008.1,1010.5,1004.1
3,2021-05-16,135,996.0,1003.2,989.4
3,2021-05-17,288,994.2,1000.9,988.9
3,2021-05-18,149,1004.3,1005.8,1002.0
3,2021-05-19,163,1004.5,1005.9,1003.5
3,2021-05-20,159,1005.3,1006.9,1003.0
3,2021-05-21,250,998.8,1002.4,997.3
3,2021-05-22,286,998.4,999.0,997.0
3,2021-05-23,227,998.5,999.8,997.2
3,2021-05-24,232,994.8,997.3,991.9
3,2021-05-25,284,992.0,994.5,990.0
3,2021-05-26,241,998.7,1001.9,994.5
3,2021-05-27,106,995.7,1001.5,991.0
3,2021-05-28,152,997.4,1000.2,993.2
3,2021-05-29,152,993.0,995.4,990.1
3,2021-05-30,304,998.5,1004.3,995.0
3,2021-05-31,336,1007.2,1010.8,1004.2
3,2021-06-01,166,1011.0,1011.7,1010.0
3,2021-06-02,158,1009.9,1011.0,1008.9
3,2021-06-03,141,1004.1,1009.6,996.7
3,2021-06-04,157,990.6,994.9,987.6
3,2021-06-05,170,994.7,997.3,992.3
3,2021-06-06,203,999.5,1002.5,997.1
3,2021-06-07,229,1003.4,1004.0,1002.8
3,2021-06-08,331,1004.6,1008.6,1002.1
3,2021-06-09,169,1009.3,1010.6,1008.4
3,2021-06-10,169,1009.9,1010.5,1009.2
3,2021-06-11,144,1008.5,1010.0,1007.0
3,2021-06-12,153,1004.6,1006.7,1003.5
3,2021-06-13,157,1001.2,1003.4,1000.4
3,2021-06-14,291,999.9,1001.5,998.4
3,2021-06-15,260,1002.4,1004.3,1001.3
3,2021-06-16,198,1004.1,1004.8,1003.4
3,2021-06-17,174,1001.2,1003.2,999.0
3,2021-06-18,167,998.3,999.6,997.2
3,2021-06-19,147,995.5,999.1,992.4
3,2021-06-20,270,994.4,996.8,992.5
3,2021-06-21,199,1000.6,1004.1,997.4
3,2021-06-22,187,1004.9,1006.1,1003.7
3,2021-06-23,154,1005.9,1006.5,1004.7
3,2021-06-24,145,1006.0,1006.6,1005.2
3,2021-06-25,156,1005.5,1006.5,1004.8
3,2021-06-26,169,1005.5,1006.4,1004.6
3,2021-06-27,177,1002.7,1005.2,1000.7
3,2021-06-28,186,1001.5,1002.8,1000.2
3,2021-06-29,156,1002.3,1004.2,1001.2
3,2021-06-30,155,1006.8,1008.6,1004.3
3,2021-07-01,135,1008.2,1008.9,1007.3
3,2021-07-02,183,1006.9,1008.2,1004.8
3,2021-07-03,225,1006.9,1009.6,1005.0
3,2021-07-04,141,1006.8,1009.5,1002.8
3,2021-07-05,138,998.6,1002.2,997.5
3,2021-07-06,140,1000.8,1002.6,999.4
3,2021-07-07,187,1003.4,1004.3,1002.5
3,2021-07-08,155,1004.5,1005.2,1003.9
3,2021-07-09,150,1004.3,1005.1,1003.6
3,2021-07-10,153,1003.7,1004.4,1002.8
3,2021-07-11,148,1004.0,1004.8,1003.2
3,2021-07-12,157,1006.2,1008.0,1004.7
3,2021-07-13,172,1009.9,1012.0,1007.7
3,2021-07-14,178,1011.9,1013.6,1011.0
3,2021-07-15,184,1012.7,1013.2,1012.0
3,2021-07-16,209,1010.2,1012.7,1008.9
3,2021-07-17,203,1006.5,1008.2,1006.0
3,2021-07-18,306,1005.4,1007.3,1003.9
3,2021-07-19,295,1006.3,1007.4,1005.5
3,2021-07-20,316,1007.1,1008.8,1005.0
3,2021-07-21,189,1008.3,1009.3,1007.7
3,2021-07-22,157,1006.0,1007.8,1005.2
3,2021-07-23,156,1005.2,1005.9,1004.6
3,2021-07-24,163,1005.3,1006.0,1004.8
3,2021-07-25,167,1004.7,1005.5,1003.9
3,2021-07-26,216,1001.1,1004.1,997.9
3,2021-07-27,161,997.7,999.2,995.9
3,2021-07-28,139,997.3,998.2,996.3
3,2021-07-29,136,997.2,997.9,996.3
3,2021-07-30,151,998.2,999.2,997.0
3,2021-07-31,274,997.7,998.9,996.8
3,2021-08-01,188,997.1,1000.2,995.3
3,2021-08-02,149,1001.9,1003.2,1000.3
3,2021-08-03,179,1003.0,1003.5,1002.7
3,2021-08-04,206,1000.8,1002.6,999.8
3,2021-08-05,166,999.2,1000.1,998.5
3,2021-08-06,150,999.9,1001.0,998.8
3,2021-08-07,144,999.8,1000.8,998.8
3,2021-08-08,154,998.7,999.9,997.6
3,2021-08-09,315,995.4,998.9,988.7
3,2021-08-10,350,994.8,1003.6,988.3
3,2021-08-11,199,1007.7,1010.1,1005.1
3,2021-08-12,132,1009.1,1010.9,1008.0
3,2021-08-13,142,1008.6,1009.4,1007.6
3,2021-08-14,178,1006.7,1007.6,1005.8
3,2021-08-15,178,1010.5,1012.6,1008.5
3,2021-08-16,143,1012.4,1012.9,1011.6
3,2021-08-17,140,1010.0,1012.1,1007.0
3,2021-08-18,353,1002.7,1006.0,1000.5
3,2021-08-19,339,1008.1,1011.3,1005.1
3,2021-08-20,161,1011.2,1011.9,1010.3
3,2021-08-21,149,1009.2,1011.0,1007.1
3,2021-08-22,134,1004.4,1007.0,1002.2
3,2021-08-23,150,1003.9,1005.3,1002.2
3,2021-08-24,139,1004.1,1005.9,1001.6
3,2021-08-25,130,999.7,1001.8,998.6
3,2021-08-26,298,1001.0,1002.6,999.4
3,2021-08-27,217,1001.5,1003.1,999.9
3,2021-08-28,243,999.4,1001.2,998.0
3,2021-08-29,232,1002.0,1002.9,1001.0
3,2021-08-30,241,1001.5,1002.7,1000.5
3,2021-08-31,325,1003.5,1005.1,1001.3
3,2021-09-01,326,1003.5,1004.8,1002.7
3,2021-09-02,158,1005.0,1006.9,1003.7
3,2021-09-03,147,1008.9,1011.1,1007.0
3,2021-09-04,167,1013.1,1014.8,1011.3
3,2021-09-05,198,1014.3,1015.0,1013.6
3,2021-09-06,184,1012.6,1014.1,1011.8
3,2021-09-07,145,1010.6,1011.6,1009.1
3,2021-09-08,125,1006.9,1009.0,1004.2
3,2021-09-09,121,1004.2,1006.0,1002.7
3,2021-09-10,242,1006.1,1007.1,1005.1
3,2021-09-11,150,1003.4,1005.9,1000.8
3,2021-09-12,242,998.3,1001.1,996.8
3,2021-09-13,347,1009.3,1013.4,1002.7
3,2021-09-14,74,1012.1,1013.2,1011.4
3,2021-09-15,155,1013.1,1014.3,1011.4
3,2021-09-16,133,1012.3,1014.0,1010.9
3,2021-09-17,113,1007.4,1010.7,1003.3
3,2021-09-18,3,1002.6,1005.1,999.7
3,2021-09-19,345,1007.3,1009.8,1004.6
3,2021-09-20,5,1010.5,1011.9,1009.7
3,2021-09-21,132,1005.7,1009.9,1001.9
3,2021-09-22,150,1000.3,1001.5,999.5
3,2021-09-23,191,1003.0,1008.3,1000.8
3,2021-09-24,0,1015.5,1019.9,1009.7
3,2021-09-25,26,1019.0,1020.0,1018.4
3,2021-09-26,122,1016.1,1018.6,1014.6
3,2021-09-27,129,1014.0,1015.1,1012.9
3,2021-09-28,128,1011.6,1013.3,1010.4
3,2021-09-29,137,1005.5,1010.9,999.1
3,2021-09-30,167,999.0,1001.8,996.0
3,2021-10-01,137,999.9,1001.6,998.2
3,2021-10-02,315,1002.4,1011.8,996.7
3,2021-10-03,220,1012.2,1014.5,1010.1
3,2021-10-04,269,1009.8,1012.4,1008.2
3,2021-10-05,319,1011.0,1012.9,1009.5
3,2021-10-06,345,1012.7,1015.1,1010.3
3,2021-10-07,103,1011.9,1015.5,1009.0
3,2021-10-08,337,1015.6,1020.8,1011.4
3,2021-10-09,130,1019.6,1021.7,1015.7
3,2021-10-10,182,1006.0,1015.2,999.4
3,2021-10-11,305,1011.3,1018.9,1003.8
3,2021-10-12,115,1021.4,1022.6,1019.5
3,2021-10-13,135,1018.2,1022.7,1013.1
3,2021-10-14,190,1007.1,1014.3,1003.0
3,2021-10-15,347,1008.4,1011.3,1003.8
3,2021-10-16,162,1003.5,1010.7,998.8
3,2021-10-17,346,1008.9,1015.5,1003.0
3,2021-10-18,84,1015.9,1017.9,1013.6
3,2021-10-19,113,1003.1,1012.3,995.5
3,2021-10-20,348,996.3,1001.0,992.0
3,2021-10-21,324,1006.6,1010.8,1002.0
3,2021-10-22,328,1007.9,1010.4,1006.5
3,2021-10-23,346,1010.8,1013.4,1007.4
3,2021-10-24,24,1014.8,1017.4,1012.3
3,2021-10-25,125,1015.5,1017.7,1013.5
3,2021-10-26,91,1008.4,1013.3,1005.4
3,2021-10-27,170,1004.4,1007.2,1002.1
3,2021-10-28,300,1006.5,1011.6,1002.8
3,2021-10-29,347,1014.0,1016.9,1012.0
3,2021-10-30,92,1017.4,1018.2,1016.3
3,2021-10-31,10,1014.6,1016.8,1013.8
3,2021-11-01,57,1014.9,1016.5,1013.6
3,2021-11-02,49,1009.8,1014.7,1006.9
3,2021-11-03,12,1005.0,1007.2,1004.4
3,2021-11-04,11,1007.1,1010.6,1004.2
3,2021-11-05,24,1012.5,1015.0,1009.7
3,2021-11-06,111,1014.6,1015.7,1014.0
3,2021-11-07,0,1017.0,1019.1,1014.3
3,2021-11-08,129,1014.1,1019.3,1007.4
3,2021-11-09,127,994.6,1007.0,984.4
3,2021-11-10,212,987.6,989.3,984.9
3,2021-11-11,231,994.5,997.6,989.8
3,2021-11-12,259,998.6,1002.8,996.1
3,2021-11-13,270,1006.3,1008.4,1002.9
3,2021-11-14,221,1003.6,1007.3,1001.9
3,2021-11-15,314,1007.6,1010.3,1004.2
3,2021-11-16,309,1009.7,1012.1,1007.7
3,2021-11-17,17,1011.8,1013.0,1010.6
3,2021-11-18,168,1005.7,1010.2,1004.3
3,2021-11-19,271,1004.0,1011.1,999.0
3,2021-11-20,348,1013.4,1014.6,1011.5
3,2021-11-21,111,1012.5,1014.4,1007.6
3,2021-11-22,172,992.6,1007.7,986.4
3,2021-11-23,254,990.4,991.5,989.3
3,2021-11-24,265,994.4,997.3,991.4
3,2021-11-25,308,998.1,1000.9,996.0
3,2021-11-26,308,1002.4,1005.1,1000.0
3,2021-11-27,338,1012.7,1018.6,1005.9
3,2021-11-28,331,1018.5,1019.8,1016.2
3,2021-11-29,238,1012.5,1016.0,1011.5
3,2021-11-30,148,1002.2,1013.3,984.9
3,2021-12-01,243,985.4,992.2,980.7
3,2021-12-02,229,1002.0,1006.2,992.7
3,2021-12-03,226,999.7,1003.4,997.5
3,2021-12-04,322,1007.4,1016.6,1001.6
3,2021-12-05,359,1020.3,1021.9,1017.3
3,2021-12-06,132,1018.4,1021.5,1016.9
3,2021-12-07,348,1017.2,1018.5,1016.4
3,2021-12-08,352,1020.7,1024.0,1017.3
3,2021-12-09,116,1022.7,1024.7,1020.5
3,2021-12-10,104,1016.0,1020.7,1011.9
3,2021-12-11,31,1009.0,1012.1,1005.9
3,2021-12-12,252,994.6,1005.7,989.6
3,2021-12-13,297,1000.8,1008.3,992.4
3,2021-12-14,251,1005.5,1008.3,1002.5
3,2021-12-15,338,1006.9,1010.3,1003.2
3,2021-12-16,86,1002.4,1010.3,993.4
3,2021-12-17,328,988.8,994.1,986.3
3,2021-12-18,324,999.4,1001.4,995.2
3,2021-12-19,14,1001.4,1003.9,999.6
3,2021-12-20,111,1002.2,1004.7,997.7
3,2021-12-21,283,997.2,999.5,995.9
3,2021-12-22,315,1003.4,1008.4,998.5
3,2021-12-23,342,1010.2,1011.3,1008.5
3,2021-12-24,344,1007.3,1011.2,1002.0
3,2021-12-25,322,997.5,1000.9,996.0
3,2021-12-26,332,999.1,1000.8,996.5
3,2021-12-27,352,1001.6,1005.2,1000.0
3,2021-12-28,355,1009.5,1011.6,1006.4
3,2021-12-29,86,1002.3,1010.8,998.7
3,2021-12-30,340,997.4,999.5,996.2
3,2021-12-31,314,997.3,1000.2,995.1
3,2022-01-01,347,1007.1,1011.0,1001.5
3,2022-01-02,262,1001.2,1009.4,995.1
3,2022-01-03,313,1000.9,1002.5,999.5
3,2022-01-04,316,1003.0,1007.5,1000.3
3,2022-01-05,339,1012.9,1015.3,1008.0
3,2022-01-06,26,1010.6,1015.5,1006.3
3,2022-01-07,355,1008.8,1010.8,1006.0
3,2022-01-08,249,1005.2,1010.8,1001.0
3,2022-01-09,351,1008.1,1012.0,1003.0
3,2022-01-10,50,1010.3,1013.1,1006.5
3,2022-01-11,120,988.2,1005.2,975.2
3,2022-01-12,287,977.2,983.7,970.8
3,2022-01-13,287,982.6,985.1,981.3
3,2022-01-14,311,992.1,1002.0,985.6
3,2022-01-15,327,1007.1,1009.3,1003.0
3,2022-01-16,130,1002.4,1008.3,996.4
3,2022-01-17,334,997.6,998.5,996.5
3,2022-01-18,342,1001.9,1007.5,997.2
3,2022-01-19,15,1006.5,1007.9,1005.0
3,2022-01-20,4,1006.9,1009.0,1004.7
3,2022-01-21,328,1010.9,1013.5,1008.4
3,2022-01-22,354,1013.8,1014.7,1013.0
3,2022-01-23,23,1008.7,1013.0,1005.7
3,2022-01-24,352,1008.9,1011.7,1005.9
3,2022-01-25,44,1011.2,1012.2,1010.2
3,2022-01-26,116,1005.8,1010.2,1003.2
3,2022-01-27,349,1004.3,1005.4,1002.8
3,2022-01-28,2,1001.1,1004.3,999.6
3,2022-01-29,341,999.5,1001.0,997.8
3,2022-01-30,339,1001.6,1002.4,1000.4
3,2022-01-31,353,1004.4,1006.4,1000.8
3,2022-02-01,320,1002.4,1005.9,1001.2
3,2022-02-02,338,1003.4,1004.4,1002.5
3,2022-02-03,332,1001.6,1002.3,999.7
3,2022-02-04,358,998.1,1001.6,995.3
3,2022-02-05,328,995.7,998.0,993.4
3,2022-02-06,323,1001.3,1006.1,997.1
3,2022-02-07,351,1009.2,1011.4,1006.7
3,2022-02-08,328,1011.5,1013.9,1009.5
3,2022-02-09,341,1015.3,1016.5,1013.3
3,2022-02-10,23,1014.9,1016.2,1013.5
3,2022-02-11,13,1015.3,1016.3,1014.3
3,2022-02-12,156,1012.2,1015.7,1009.6
3,2022-02-13,243,1010.8,1012.0,1009.6
3,2022-02-14,19,1011.4,1012.8,1009.7
3,2022-02-15,111,1004.3,1011.3,998.4
3,2022-02-16,51,998.6,1001.2,996.9
3,2022-02-17,321,1005.2,1012.0,1000.7
3,2022-02-18,336,1014.7,1016.3,1012.6
3,2022-02-19,134,1007.2,1015.9,995.0
3,2022-02-20,302,988.4,994.9,983.4
3,2022-02-21,304,992.8,997.8,985.2
3,2022-02-22,308,1000.6,1004.3,996.8
3,2022-02-23,323,1004.5,1005.5,1003.1
3,2022-02-24,288,1002.3,1003.9,1000.8
3,2022-02-25,270,1003.3,1004.7,1001.3
3,2022-02-26,226,998.6,1004.1,995.3
3,2022-02-27,320,997.9,1002.8,992.9
3,2022-02-28,301,1005.7,1008.5,1002.7
3,2022-03-01,345,998.9,1004.1,996.9
3,2022-03-02,359,998.7,1000.1,995.6
3,2022-03-03,354,999.9,1006.4,992.4
3,2022-03-04,120,1004.2,1006.6,997.9
3,2022-03-05,168,989.0,997.7,985.3
3,2022-03-06,321,990.1,1002.5,983.7
3,2022-03-07,337,1005.1,1006.8,1002.7
3,2022-03-08,340,1008.4,1012.0,1006.0
3,2022-03-09,323,1012.5,1013.9,1011.5
3,2022-03-10,144,1012.1,1014.0,1009.8
3,2022-03-11,151,1002.8,1009.7,998.7
3,2022-03-12,321,1008.1,1012.1,1002.5
3,2022-03-13,125,1008.9,1011.8,1006.2
3,2022-03-14,150,1005.8,1008.2,1001.6
3,2022-03-15,99,999.3,1005.3,993.8
3,2022-03-16,152,1006.4,1007.8,1004.8
3,2022-03-17,325,1010.2,1012.1,1007.7
3,2022-03-18,332,1006.1,1012.0,997.7
3,2022-03-19,342,992.0,997.5,989.4
3,2022-03-20,327,1003.7,1007.4,998.4
3,2022-03-21,281,1010.1,1012.4,1006.1
3,2022-03-22,241,1010.3,1011.8,1009.7
3,2022-03-23,131,1009.3,1011.2,1007.9
3,2022-03-24,114,1009.9,1016.4,1006.7
3,2022-03-25,146,1015.5,1017.8,1010.9
3,2022-03-26,142,993.9,1008.6,983.0
3,2022-03-27,256,996.5,1001.7,992.4
3,2022-03-28,307,1012.6,1020.0,1003.1
3,2022-03-29,154,1015.9,1020.6,1011.1
3,2022-03-30,321,1010.4,1011.5,1008.9
3,2022-03-31,297,1009.7,1010.5,1008.2
3,2022-04-01,316,1013.0,1016.9,1008.9
3,2022-04-02,243,1017.6,1020.4,1015.6
3,2022-04-03,229,1021.0,1021.9,1019.4
3,2022-04-04,153,1018.0,1021.7,1014.8
3,2022-04-05,150,1009.8,1014.5,1005.4
3,2022-04-06,348,1008.5,1012.4,1004.2
3,2022-04-07,191,1006.6,1012.2,1002.7
3,2022-04-08,239,1007.3,1009.0,1005.3
3,2022-04-09,147,1004.4,1009.4,1001.1
3,2022-04-10,150,1008.5,1010.1,1006.3
3,2022-04-11,151,1004.7,1006.9,1003.0
3,2022-04-12,156,1001.2,1003.4,999.3
3,2022-04-13,345,1010.6,1017.6,1003.9
3,2022-04-14,170,1015.9,1018.6,1011.6
3,2022-04-15,290,1007.1,1011.7,1002.9
3,2022-04-16,326,1002.8,1006.4,999.2
3,2022-04-17,192,1008.2,1009.4,1006.4
3,2022-04-18,28,1006.7,1009.1,1005.5
3,2022-04-19,316,1008.9,1010.7,1007.1
3,2022-04-20,150,1009.5,1010.8,1008.5
3,2022-04-21,148,1006.2,1009.5,1001.7
3,2022-04-22,208,996.4,1001.1,993.0
3,2022-04-23,295,1002.3,1007.1,994.4
3,2022-04-24,141,1002.8,1006.8,1000.9
3,2022-04-25,161,1005.9,1007.4,1004.3
3,2022-04-26,149,993.5,1003.6,984.0
3,2022-04-27,271,999.4,1008.6,987.7
3,2022-04-28,329,1010.2,1012.3,1008.2
3,2022-04-29,321,1006.9,1010.3,1005.3
3,2022-04-30,336,1006.0,1007.6,1004.4
3,2022-05-01,139,1001.8,1005.9,998.6
3,2022-05-02,248,999.9,1003.2,998.4
3,2022-05-03,227,1003.4,1005.7,1000.1
3,2022-05-04,287,1007.8,1015.5,997.9
3,2022-05-05,150,1013.6,1015.7,1012.2
3,2022-05-06,149,1009.7,1012.9,1007.4
3,2022-05-07,174,1002.7,1007.0,1000.2
3,2022-05-08,254,1004.7,1005.8,1003.2
3,2022-05-09,231,1006.7,1010.1,1003.5
3,2022-05-10,139,1011.3,1013.1,1009.5
3,2022-05-11,151,1010.5,1013.2,1008.1
3,2022-05-12,160,1006.4,1008.9,1003.8
3,2022-05-13,140,998.9,1004.7,990.2
3,2022-05-14,219,992.9,998.1,987.1
3,2022-05-15,220,1001.3,1004.8,998.3
3,2022-05-16,157,1005.5,1006.7,1004.2
3,2022-05-17,149,1008.2,1010.1,1006.6
3,2022-05-18,156,1009.5,1010.8,1008.4
3,2022-05-19,158,1005.6,1008.0,1004.0
3,2022-05-20,172,1004.7,1005.8,1003.7
3,2022-05-21,151,1002.6,1004.6,1001.2
3,2022-05-22,154,1000.7,1002.1,999.5
3,2022-05-23,316,1004.0,1006.8,1001.4
3,2022-05-24,229,1006.3,1007.4,1005.5
3,2022-05-25,157,1004.3,1006.4,1002.8
3,2022-05-26,136,1000.4,1002.9,997.6
3,2022-05-27,143,991.5,997.3,988.1
3,2022-05-28,315,988.7,992.0,987.1
3,2022-05-29,343,997.1,1001.7,992.1
3,2022-05-30,183,1002.3,1003.7,1000.2
3,2022-05-31,140,997.0,1000.6,994.1
3,2022-06-01,313,999.5,1001.1,997.7
3,2022-06-02,229,1000.6,1001.4,999.9
3,2022-06-03,296,1002.5,1004.0,1000.8
3,2022-06-04,327,1003.5,1005.5,1002.0
3,2022-06-05,175,1006.2,1008.0,1004.1
3,2022-06-06,222,1001.8,1006.0,998.9
3,2022-06-07,216,1001.8,1005.4,998.6
3,2022-06-08,162,1007.9,1010.0,1005.9
3,2022-06-09,149,1010.2,1010.9,1009.4
3,2022-06-10,150,1010.7,1011.9,1009.9
3,2022-06-11,173,1007.0,1010.1,1004.8
3,2022-06-12,334,1002.7,1005.8,1001.1
3,2022-06-13,196,1010.5,1013.4,1006.5
3,2022-06-14,162,1012.2,1013.8,1010.3
3,2022-06-15,136,1003.9,1009.3,998.6
3,2022-06-16,181,997.4,998.8,996.4
3,2022-06-17,168,999.9,1001.6,998.4
3,2022-06-18,155,1000.2,1001.7,998.2
3,2022-06-19,159,994.9,999.1,992.1
3,2022-06-20,330,996.1,1000.4,993.1
3,2022-06-21,153,1002.9,1005.6,1000.7
3,2022-06-22,154,1005.8,1006.8,1005.1
3,2022-06-23,134,1002.2,1006.1,994.7
3,2022-06-24,153,990.3,994.0,988.5
3,2022-06-25,200,996.1,999.8,992.3
3,2022-06-26,190,999.8,1001.2,999.0
3,2022-06-27,304,1000.3,1002.4,997.5
3,2022-06-28,174,996.6,1001.4,992.2
3,2022-06-29,194,996.8,1002.1,993.0
3,2022-06-30,183,1006.1,1008.8,1003.0
3,2022-07-01,158,1007.9,1009.4,1006.5
3,2022-07-02,168,1003.7,1006.0,1002.2
3,2022-07-03,151,999.8,1001.7,998.9
3,2022-07-04,159,1000.5,1001.7,999.5
3,2022-07-05,166,1002.6,1004.9,1000.8
3,2022-07-06,260,1006.1,1007.1,1004.7
3,2022-07-07,248,1006.0,1006.8,1004.4
3,2022-07-08,185,1003.5,1005.4,1002.0
3,2022-07-09,342,999.4,1001.4,997.7
3,2022-07-10,215,999.7,1002.9,997.9
3,2022-07-11,149,1003.5,1004.8,1002.9
3,2022-07-12,156,1003.5,1004.2,1002.7
3,2022-07-13,177,1002.4,1003.6,1001.3
3,2022-07-14,150,1000.5,1001.6,999.3
3,2022-07-15,143,1000.4,1001.6,999.3
3,2022-07-16,69,999.5,1002.1,995.6
3,2022-07-17,208,993.2,995.2,992.3
3,2022-07-18,252,995.4,996.6,993.9
3,2022-07-19,170,995.0,996.5,993.4
3,2022-07-20,236,996.1,997.6,994.7
3,2022-07-21,206,997.3,998.3,995.8
3,2022-07-22,44,996.4,998.2,994.3
3,2022-07-23,322,995.3,997.4,993.2
3,2022-07-24,335,1000.6,1003.1,998.3
3,2022-07-25,224,1003.2,1004.0,1002.0
3,2022-07-26,181,1003.9,1004.6,1003.0
3,2022-07-27,294,1004.9,1006.0,1003.7
3,2022-07-28,327,1007.5,1009.1,1005.8
3,2022-07-29,193,1008.4,1009.7,1007.6
3,2022-07-30,162,1004.5,1007.9,1002.1
3,2022-07-31,320,1003.2,1005.7,1001.1
3,2022-08-01,147,1003.4,1006.5,998.0
3,2022-08-02,158,1002.0,1004.0,999.2
3,2022-08-03,188,1002.9,1004.3,1001.5
3,2022-08-04,164,1004.0,1004.8,1003.4
3,2022-08-05,155,1003.9,1004.3,1003.3
3,2022-08-06,147,1004.4,1005.1,1003.4
3,2022-08-07,140,1003.3,1005.8,1001.1
3,2022-08-08,183,997.3,1001.4,994.5
3,2022-08-09,173,996.8,998.0,995.0
3,2022-08-10,161,999.0,999.8,998.0
3,2022-08-11,157,997.9,1000.4,994.9
3,2022-08-12,151,997.9,999.4,995.9
3,2022-08-13,158,999.2,999.9,998.6
3,2022-08-14,331,998.1,999.2,996.9
3,2022-08-15,159,993.9,998.9,987.8
3,2022-08-16,276,989.6,999.3,982.9
3,2022-08-17,194,1002.3,1004.0,1000.5
3,2022-08-18,16,995.5,1001.9,992.3
3,2022-08-19,336,993.0,994.0,992.5
3,2022-08-20,147,992.3,995.9,990.0
3,2022-08-21,171,999.6,1002.3,996.9
3,2022-08-22,145,999.3,1002.8,993.4
3,2022-08-23,230,993.7,997.5,991.1
3,2022-08-24,337,999.6,1001.0,997.5
3,2022-08-25,147,999.4,1000.7,998.4
3,2022-08-26,138,1000.5,1002.1,999.2
3,2022-08-27,151,999.6,1002.2,997.2
3,2022-08-28,217,1006.2,1010.9,1003.2
3,2022-08-29,160,1011.2,1012.2,1009.4
3,2022-08-30,137,1006.5,1009.0,1004.5
3,2022-08-31,68,999.7,1004.9,996.4
3,2022-09-01,161,1003.6,1007.2,1001.0
3,2022-09-02,338,1009.8,1011.5,1007.8
3,2022-09-03,100,1011.4,1012.1,1010.4
3,2022-09-04,152,1010.9,1011.7,1009.9
3,2022-09-05,136,1008.3,1010.9,1006.4
3,2022-09-06,148,1002.0,1006.3,999.0
3,2022-09-07,244,1007.8,1010.5,1005.1
3,2022-09-08,319,1009.2,1010.9,1008.0
3,2022-09-09,335,1008.9,1011.9,1006.7
3,2022-09-10,126,1013.0,1014.2,1012.4
3,2022-09-11,146,1011.4,1013.0,1010.6
3,2022-09-12,141,1009.1,1010.9,1007.7
3,2022-09-13,322,1007.6,1011.4,1005.7
3,2022-09-14,351,1010.9,1012.1,1010.1
3,2022-09-15,138,1007.9,1009.7,1007.2
3,2022-09-16,123,1009.0,1010.0,1008.3
3,2022-09-17,135,1006.1,1008.6,1004.5
3,2022-09-18,133,1001.4,1005.2,996.8
3,2022-09-19,12,989.1,996.4,985.4
3,2022-09-20,338,1000.6,1007.3,991.3
3,2022-09-21,3,1012.4,1016.6,1008.3
3,2022-09-22,138,1014.9,1017.5,1012.1
3,2022-09-23,124,1004.4,1011.6,1000.2
3,2022-09-24,247,1002.6,1006.8,999.7
3,2022-09-25,337,1008.1,1009.3,1006.7
3,2022-09-26,31,1008.3,1009.5,1007.7
3,2022-09-27,348,1008.1,1009.2,1006.8
3,2022-09-28,72,1002.9,1007.0,1000.9
3,2022-09-29,344,1005.2,1008.6,1002.3
3,2022-09-30,144,1008.8,1009.4,1008.2
3,2022-10-01,114,1009.8,1013.6,1007.5
3,2022-10-02,153,1015.6,1016.9,1014.0
3,2022-10-03,140,1007.7,1015.2,998.1
3,2022-10-04,324,998.4,1006.4,992.7
3,2022-10-05,338,1010.0,1013.5,1007.5
3,2022-10-06,353,1013.8,1015.0,1011.1
3,2022-10-07,29,1012.6,1014.9,1010.6
3,2022-10-08,358,1016.9,1021.8,1012.1
3,2022-10-09,126,1017.3,1021.9,1009.6
3,2022-10-10,129,998.4,1007.4,995.5
3,2022-10-11,244,1003.4,1012.8,996.6
3,2022-10-12,353,1018.5,1021.8,1013.4
3,2022-10-13,104,1018.3,1022.0,1015.5
3,2022-10-14,134,1013.0,1015.4,1011.4
3,2022-10-15,118,1012.1,1013.5,1010.4
3,2022-10-16,135,1007.8,1013.6,1000.9
3,2022-10-17,322,999.8,1003.5,996.2
3,2022-10-18,312,1005.9,1009.6,1003.0
3,2022-10-19,298,1010.8,1012.8,1008.4
3,2022-10-20,271,1011.8,1014.1,1010.2
3,2022-10-21,216,1010.2,1014.1,1005.5
3,2022-10-22,261,1002.5,1005.4,1001.5
3,2022-10-23,334,1002.9,1004.7,1001.0
3,2022-10-24,353,1010.1,1016.2,1004.4
3,2022-10-25,43,1020.2,1023.2,1017.3
3,2022-10-26,30,1019.7,1023.1,1017.4
3,2022-10-27,118,1016.8,1018.2,1016.0
3,2022-10-28,137,1014.3,1016.9,1012.4
3,2022-10-29,280,1011.6,1013.4,1010.6
3,2022-10-30,353,1014.9,1018.8,1011.4
3,2022-10-31,137,1019.2,1020.5,1018.1
3,2022-11-01,138,1011.0,1017.9,1007.5
3,2022-11-02,303,1006.8,1009.1,1004.7
3,2022-11-03,321,1002.0,1004.4,1001.1
3,2022-11-04,334,1004.8,1007.1,1001.7
3,2022-11-05,302,1007.8,1010.8,1005.7
3,2022-11-06,336,1012.3,1015.2,1009.9
3,2022-11-07,92,1012.1,1015.1,1009.7
3,2022-11-08,7,1010.3,1014.2,1007.5
3,2022-11-09,239,1011.5,1013.9,1008.8
3,2022-11-10,339,1014.1,1019.9,1009.4
3,2022-11-11,124,1018.5,1020.5,1014.9
3,2022-11-12,149,1008.5,1014.8,999.4
3,2022-11-13,296,995.1,1004.6,987.7
3,2022-11-14,353,1004.7,1006.1,1003.4
3,2022-11-15,98,1000.7,1003.1,999.8
3,2022-11-16,336,1005.5,1012.3,1000.5
3,2022-11-17,347,1015.5,1017.7,1012.3
3,2022-11-18,103,1014.0,1017.8,1011.7
3,2022-11-19,99,1018.7,1020.5,1016.0
3,2022-11-20,137,1015.9,1020.5,1011.8
3,2022-11-21,172,1007.3,1011.6,1004.4
3,2022-11-22,327,1013.7,1016.1,1009.9
3,2022-11-23,68,1011.0,1015.9,1006.4
3,2022-11-24,337,1007.5,1011.7,1004.5
3,2022-11-25,150,1007.9,1012.3,999.7
3,2022-11-26,268,999.8,1007.1,996.4
3,2022-11-27,342,1013.0,1017.3,1007.9
3,2022-11-28,112,1013.4,1018.0,1003.8
3,2022-11-29,334,998.2,1002.7,994.9
3,2022-11-30,309,1005.4,1010.1,1001.1
3,2022-12-01,326,1009.8,1012.3,1008.4
3,2022-12-02,12,1015.8,1017.4,1013.2
3,2022-12-03,237,1007.0,1015.6,1003.3
3,2022-12-04,301,1009.4,1011.6,1005.3
3,2022-12-05,321,1010.5,1011.9,1009.4
3,2022-12-06,210,1004.2,1009.0,1001.9
3,2022-12-07,335,1004.3,1005.9,1002.1
3,2022-12-08,344,1008.8,1011.8,1005.2
3,2022-12-09,335,1009.2,1011.7,1008.2
3,2022-12-10,349,1007.0,1009.0,1005.6
3,2022-12-11,341,1009.3,1014.6,1005.8
3,2022-12-12,114,1011.8,1015.5,1002.1
3,2022-12-13,222,994.1,1001.5,991.4
3,2022-12-14,305,996.0,999.7,990.7
3,2022-12-15,289,1000.2,1002.9,997.9
3,2022-12-16,311,1007.1,1010.5,1003.0
3,2022-12-17,7,999.5,1010.3,990.7
3,2022-12-18,317,995.3,1001.6,990.8
3,2022-12-19,12,1005.4,1007.9,1002.4
3,2022-12-20,333,1008.2,1010.1,1006.4
3,2022-12-21,54,1007.2,1010.2,1000.6
3,2022-12-22,359,981.4,999.1,972.1
3,2022-12-23,324,975.3,977.4,973.4
3,2022-12-24,341,986.9,991.7,979.0
3,2022-12-25,337,993.4,998.0,990.6
3,2022-12-26,353,1004.4,1010.0,999.2
3,2022-12-27,353,1011.7,1012.8,1009.8
3,2022-12-28,336,1006.4,1011.6,1003.6
3,2022-12-29,308,1006.5,1010.4,1002.2
3,2022-12-30,359,1010.9,1012.5,1009.0
3,2022-12-31,281,1008.0,1012.3,1004.2
3,2023-01-01,332,1003.2,1004.3,1002.1
3,2023-01-02,322,1003.7,1005.0,1002.7
3,2023-01-03,334,1002.3,1003.3,1001.4
3,2023-01-04,350,1005.0,1006.6,1002.4
3,2023-01-05,325,1006.9,1009.3,1004.7
3,2023-01-06,13,1006.9,1009.9,1004.6
3,2023-01-07,22,1006.8,1010.0,1004.5
3,2023-01-08,66,1009.2,1010.7,1007.0
3,2023-01-09,326,1002.8,1006.4,1001.6
3,2023-01-10,345,1008.7,1011.2,1004.6
3,2023-01-11,42,1009.3,1010.7,1008.4
3,2023-01-12,64,1011.9,1013.2,1010.3
3,2023-01-13,252,1003.2,1009.8,999.7
3,2023-01-14,333,1002.6,1007.0,999.2
3,2023-01-15,24,1005.7,1007.9,1002.0
3,2023-01-16,338,1006.5,1012.3,1001.2
3,2023-01-17,8,1012.3,1013.9,1010.0
3,2023-01-18,344,1011.9,1014.7,1008.1
3,2023-01-19,123,1010.0,1016.0,1002.2
3,2023-01-20,354,1000.4,1008.1,994.9
3,2023-01-21,338,1013.2,1015.9,1009.3
3,2023-01-22,340,1014.9,1016.1,1013.0
3,2023-01-23,8,1004.1,1015.2,995.3
3,2023-01-24,327,992.4,995.5,990.8
3,2023-01-25,297,995.9,1001.9,992.2
3,2023-01-26,312,1002.2,1002.8,1001.0
3,2023-01-27,35,996.7,1001.7,992.9
3,2023-01-28,304,995.8,1001.3,992.5
3,2023-01-29,27,1004.1,1005.5,1001.8
3,2023-01-30,297,1002.5,1005.3,1001.0
3,2023-01-31,360,1005.9,1007.3,1004.5
3,2023-02-01,328,995.0,1004.4,987.7
3,2023-02-02,313,1005.8,1009.6,1001.9
3,2023-02-03,349,1009.0,1010.1,1008.0
3,2023-02-04,333,1008.7,1011.8,1006.4
3,2023-02-05,261,1010.2,1011.9,1007.9
3,2023-02-06,337,1010.8,1013.7,1009.3
3,2023-02-07,360,1012.3,1014.0,1010.8
3,2023-02-08,334,1010.1,1012.8,1009.1
3,2023-02-09,330,1018.5,1021.2,1013.6
3,2023-02-10,61,1015.3,1020.8,1011.5
3,2023-02-11,137,1012.8,1014.4,1009.9
3,2023-02-12,350,1009.4,1011.5,1007.6
3,2023-02-13,337,1002.3,1008.0,999.2
3,2023-02-14,352,1002.9,1010.3,997.9
3,2023-02-15,345,1014.0,1017.0,1010.7
3,2023-02-16,344,1015.7,1017.1,1014.6
3,2023-02-17,247,1011.9,1015.0,1010.5
3,2023-02-18,331,1007.3,1011.4,1001.6
3,2023-02-19,314,994.4,1000.2,989.1
3,2023-02-20,324,1002.3,1010.5,994.4
3,2023-02-21,343,1014.1,1018.1,1010.5
3,2023-02-22,330,1015.1,1018.2,1011.9
3,2023-02-23,284,1008.1,1011.4,1006.6
3,2023-02-24,128,1008.7,1010.3,1006.6
3,2023-02-25,323,1009.3,1010.8,1007.3
3,2023-02-26,322,1015.5,1020.7,1010.3
3,2023-02-27,236,1014.5,1020.0,1011.5
3,2023-02-28,228,1006.2,1011.4,1003.2
3,2023-03-01,332,1005.1,1006.9,1002.2
3,2023-03-02,330,1006.5,1011.0,1001.5
3,2023-03-03,338,1012.6,1014.4,1009.9
3,2023-03-04,335,1017.4,1019.3,1014.1
3,2023-03-05,214,1016.0,1019.2,1014.4
3,2023-03-06,180,1010.7,1014.2,1008.6
3,2023-03-07,167,1008.6,1009.8,1006.9
3,2023-03-08,3,1009.2,1014.3,1005.4
3,2023-03-09,146,1011.6,1015.5,1006.3
3,2023-03-10,338,1010.3,1017.3,1004.6
3,2023-03-11,345,1019.3,1020.8,1017.4
3,2023-03-12,143,1013.7,1019.8,1004.8
3,2023-03-13,195,1006.8,1013.5,1000.9
3,2023-03-14,311,1017.4,1020.9,1014.2
3,2023-03-15,145,1018.5,1021.3,1013.3
3,2023-03-16,151,1011.9,1013.8,1008.6
3,2023-03-17,240,1011.9,1014.0,1010.5
3,2023-03-18,262,1005.7,1010.6,1003.6
3,2023-03-19,249,1004.6,1006.8,1003.0
3,2023-03-20,214,1008.2,1010.2,1005.9
3,2023-03-21,137,1009.0,1010.1,1008.2
3,2023-03-22,154,1010.1,1011.4,1009.1
3,2023-03-23,126,999.5,1008.3,991.5
3,2023-03-24,335,1006.3,1013.7,995.7
3,2023-03-25,140,1013.3,1014.3,1012.7
3,2023-03-26,88,1004.8,1012.4,999.3
3,2023-03-27,298,1010.4,1016.8,1002.5
3,2023-03-28,151,1016.7,1017.7,1015.9
3,2023-03-29,158,1014.4,1016.4,1013.4
3,2023-03-30,150,1010.5,1013.6,1007.5
3,2023-03-31,327,1006.8,1009.6,1005.3
3,2023-04-01,343,1011.7,1015.1,1009.4
3,2023-04-02,255,1015.6,1017.1,1014.2
3,2023-04-03,261,1015.9,1016.8,1015.0
3,2023-04-04,143,1012.7,1015.4,1011.5
3,2023-04-05,152,1010.4,1012.9,1006.7
3,2023-04-06,148,1001.2,1005.4,998.6
3,2023-04-07,195,995.6,997.5,994.3
3,2023-04-08,299,994.9,997.0,993.4
3,2023-04-09,330,1003.6,1006.6,997.7
3,2023-04-10,181,1005.0,1006.5,1004.4
3,2023-04-11,164,1000.5,1005.2,994.4
3,2023-04-12,236,999.3,1002.0,994.8
3,2023-04-13,239,1002.5,1003.6,1000.3
3,2023-04-14,340,1004.6,1008.3,1000.2
3,2023-04-15,95,998.0,1008.2,983.8
3,2023-04-16,258,983.9,993.5,979.1
3,2023-04-17,323,1004.1,1010.1,994.6
3,2023-04-18,150,1004.6,1009.7,1000.0
3,2023-04-19,190,1001.3,1002.1,1000.4
3,2023-04-20,180,994.0,1000.9,988.6
3,2023-04-21,286,995.6,998.9,993.0
3,2023-04-22,311,1003.4,1006.2,999.1
3,2023-04-23,294,1006.5,1008.9,1003.5
3,2023-04-24,264,1010.4,1013.4,1007.6
3,2023-04-25,157,1010.3,1013.7,1001.5
3,2023-04-26,335,996.2,1000.7,993.4
3,2023-04-27,268,1007.3,1009.9,1001.8
3,2023-04-28,169,1009.4,1010.9,1007.6
3,2023-04-29,142,999.5,1007.7,990.0
3,2023-04-30,214,994.4,999.5,989.7
3,2023-05-01,290,1002.7,1009.0,998.7
3,2023-05-02,268,1012.4,1014.0,1009.9
3,2023-05-03,185,1010.2,1013.5,1007.7
3,2023-05-04,188,1003.9,1008.0,1001.6
3,2023-05-05,203,1000.1,1003.1,996.2
3,2023-05-06,244,1002.0,1007.1,996.8
3,2023-05-07,203,1006.9,1008.8,1004.6
3,2023-05-08,295,1002.8,1005.0,999.7
3,2023-05-09,168,1005.2,1006.2,1003.7
3,2023-05-10,333,1007.4,1010.1,1005.4
3,2023-05-11,337,1011.8,1014.1,1010.0
3,2023-05-12,146,1013.5,1014.4,1012.8
3,2023-05-13,151,1011.1,1013.3,1009.4
3,2023-05-14,142,1007.9,1009.0,1007.0
3,2023-05-15,140,1006.4,1007.6,1005.4
3,2023-05-16,159,1004.7,1006.1,1003.2
3,2023-05-17,152,1002.1,1003.2,1000.6
3,2023-05-18,315,1003.4,1004.9,1001.7
3,2023-05-19,338,1006.0,1006.7,1004.8
3,2023-05-20,180,1005.0,1007.0,999.7
3,2023-05-21,148,995.3,998.8,993.8
3,2023-05-22,332,996.7,998.8,994.1
3,2023-05-23,284,1000.2,1001.6,998.5
3,2023-05-24,330,1005.1,1011.1,1000.3
3,2023-05-25,153,1013.0,1014.7,1011.1
3,2023-05-26,159,1012.8,1014.4,1012.0
3,2023-05-27,155,1011.4,1012.8,1008.5
3,2023-05-28,169,1003.1,1007.8,1000.9
3,2023-05-29,325,999.7,1001.0,998.7
3,2023-05-30,336,1000.6,1002.4,998.0
3,2023-05-31,188,1002.0,1003.1,1000.7
3,2023-06-01,149,999.6,1002.9,997.0
3,2023-06-02,149,987.4,996.2,980.6
3,2023-06-03,328,989.7,992.6,985.4
3,2023-06-04,229,993.3,996.6,989.6
3,2023-06-05,149,998.1,999.5,996.4
3,2023-06-06,151,998.6,999.5,997.6
3,2023-06-07,155,1001.8,1005.0,999.2
3,2023-06-08,149,1005.5,1006.6,1004.4
3,2023-06-09,133,1002.7,1004.6,1001.3
3,2023-06-10,165,1006.6,1008.3,1003.7
3,2023-06-11,156,1006.1,1008.3,1003.5
3,2023-06-12,155,1001.3,1004.2,998.3
3,2023-06-13,177,998.6,1000.3,997.1
3,2023-06-14,158,1001.7,1003.2,1000.2
3,2023-06-15,161,1001.7,1003.0,1000.6
3,2023-06-16,232,999.0,1000.8,998.1
3,2023-06-17,269,995.0,998.2,993.1
3,2023-06-18,330,997.5,999.2,995.1
3,2023-06-19,3,1000.3,1002.7,997.9
3,2023-06-20,316,1003.0,1005.2,1001.3
3,2023-06-21,144,1004.6,1005.4,1003.8
3,2023-06-22,139,1003.6,1004.6,1002.6
3,2023-06-23,225,1004.4,1007.3,1002.0
3,2023-06-24,234,1007.8,1008.8,1007.0
3,2023-06-25,189,1007.9,1008.7,1006.7
3,2023-06-26,156,1007.3,1009.0,1005.8
3,2023-06-27,149,1003.4,1006.1,1000.3
3,2023-06-28,151,998.2,1000.2,996.5
3,2023-06-29,162,996.0,996.6,995.1
3,2023-06-30,139,991.0,995.7,986.2
3,2023-07-01,333,995.1,999.0,990.9
3,2023-07-02,151,1000.6,1001.6,999.6
3,2023-07-03,287,999.0,1000.3,998.1
3,2023-07-04,172,998.7,999.2,997.5
3,2023-07-05,149,995.2,997.6,991.4
3,2023-07-06,195,992.8,998.4,989.6
3,2023-07-07,160,999.3,1000.2,998.4
3,2023-07-08,161,998.3,999.4,997.1
3,2023-07-09,167,996.7,998.3,995.8
3,2023-07-10,172,996.8,997.7,995.9
3,2023-07-11,152,996.2,998.0,995.3
3,2023-07-12,160,993.1,995.4,991.9
3,2023-07-13,260,995.6,998.4,993.2
3,2023-07-14,152,999.3,1000.5,998.2
3,2023-07-15,136,995.8,997.7,993.8
3,2023-07-16,144,1001.0,1003.2,998.4
3,2023-07-17,275,1002.8,1003.6,1002.0
3,2023-07-18,330,1001.6,1003.2,1000.8
3,2023-07-19,188,999.9,1001.3,998.7
3,2023-07-20,211,1004.4,1008.3,1001.1
3,2023-07-21,152,1010.9,1012.2,1009.2
3,2023-07-22,147,1010.9,1012.3,1009.3
3,2023-07-23,146,1007.0,1009.1,1005.4
3,2023-07-24,155,1004.9,1005.8,1004.6
3,2023-07-25,223,1004.9,1005.9,1003.8
3,2023-07-26,210,1004.7,1005.9,1003.6
3,2023-07-27,198,1004.3,1005.4,1003.1
3,2023-07-28,176,1005.5,1006.6,1004.1
3,2023-07-29,214,1005.1,1006.4,1004.3
3,2023-07-30,216,1003.0,1004.8,1001.3
3,2023-07-31,272,1002.0,1003.5,1000.7
3,2023-08-01,166,1001.8,1003.2,1000.5
3,2023-08-02,178,1000.4,1001.0,999.6
3,2023-08-03,166,998.5,1000.3,997.4
3,2023-08-04,202,995.8,997.1,995.0
3,2023-08-05,151,994.8,995.4,994.0
3,2023-08-06,154,996.5,998.6,994.5
3,2023-08-07,173,1002.1,1004.2,999.8
3,2023-08-08,140,1004.1,1005.2,1002.8
3,2023-08-09,135,1005.0,1005.9,1004.2
3,2023-08-10,135,1004.8,1005.9,1003.5
3,2023-08-11,133,1003.1,1004.4,1002.0
3,2023-08-12,260,1000.7,1001.5,999.9
3,2023-08-13,201,1002.6,1004.1,1001.4
3,2023-08-14,190,1004.4,1005.5,1003.0
3,2023-08-15,132,1003.2,1005.5,1001.8
3,2023-08-16,132,999.1,1002.0,997.2
3,2023-08-17,170,999.9,1002.5,997.0
3,2023-08-18,183,1004.4,1005.6,1003.0
3,2023-08-19,174,1005.1,1006.3,1003.9
3,2023-08-20,222,1004.2,1004.8,1002.7
3,2023-08-21,154,1004.5,1005.5,1003.7
3,2023-08-22,139,1004.1,1004.8,1003.3
3,2023-08-23,144,1004.3,1005.0,1003.8
3,2023-08-24,152,1003.6,1004.4,1003.2
3,2023-08-25,147,1002.8,1003.4,1002.3
3,2023-08-26,147,1003.2,1004.8,1002.4
3,2023-08-27,138,1002.5,1004.3,1001.5
3,2023-08-28,340,1002.3,1006.7,999.1
3,2023-08-29,147,1008.9,1010.6,1007.2
3,2023-08-30,138,1010.0,1011.3,1008.6
3,2023-08-31,140,1006.5,1008.9,1004.3
3,2023-09-01,195,1003.3,1004.7,1002.3
3,2023-09-02,146,1005.7,1008.3,1003.6
3,2023-09-03,117,1008.9,1009.4,1008.2
3,2023-09-04,139,1006.9,1009.2,1004.3
3,2023-09-05,293,1001.9,1004.7,1000.2
3,2023-09-06,334,999.4,1002.3,997.9
3,2023-09-07,0,1007.3,1010.4,1003.3
3,2023-09-08,139,1007.8,1011.0,1005.6
3,2023-09-09,56,1003.3,1005.6,1002.5
3,2023-09-10,151,1005.7,1007.1,1004.1
3,2023-09-11,142,1005.4,1007.1,1004.2
3,2023-09-12,147,1004.4,1006.0,1003.4
3,2023-09-13,342,1006.5,1007.2,1005.8
3,2023-09-14,350,1004.2,1007.0,1000.7
3,2023-09-15,60,1008.1,1009.2,1007.1
3,2023-09-16,137,1006.7,1008.0,1005.4
3,2023-09-17,150,1004.9,1008.1,1001.9
3,2023-09-18,239,1003.2,1004.7,1001.4
3,2023-09-19,215,1000.5,1004.3,999.1
3,2023-09-20,331,1004.3,1006.9,999.5
3,2023-09-21,10,1001.4,1006.8,998.2
3,2023-09-22,16,1005.5,1007.9,1003.1
3,2023-09-23,348,1010.6,1014.5,1007.7
3,2023-09-24,56,1015.3,1016.0,1014.2
3,2023-09-25,130,1012.6,1015.8,1009.2
3,2023-09-26,127,1007.1,1009.4,1005.7
3,2023-09-27,135,1005.6,1006.6,1003.7
3,2023-09-28,27,999.5,1003.8,996.7
3,2023-09-29,348,1003.6,1005.7,1001.1
3,2023-09-30,139,1000.2,1005.9,995.8
3,2023-10-01,265,996.6,999.0,995.2
3,2023-10-02,271,1000.2,1004.0,998.2
3,2023-10-03,345,1007.3,1009.4,1004.6
3,2023-10-04,133,1000.8,1008.5,989.7
3,2023-10-05,242,982.7,988.8,977.0
3,2023-10-06,315,991.5,1003.4,977.8
3,2023-10-07,348,1011.1,1018.1,1004.3
3,2023-10-08,21,1018.7,1019.8,1017.7
3,2023-10-09,103,1011.1,1017.8,1003.5
3,2023-10-10,358,1004.3,1010.9,1000.4
3,2023-10-11,345,1012.1,1013.1,1010.9
3,2023-10-12,248,1008.8,1012.5,1006.1
3,2023-10-13,103,1002.5,1006.3,1000.4
3,2023-10-14,24,1000.2,1001.1,999.1
3,2023-10-15,126,996.1,1000.2,993.9
3,2023-10-16,298,996.6,999.2,993.5
3,2023-10-17,292,1004.2,1011.1,998.0
3,2023-10-18,153,1009.3,1011.7,1005.6
3,2023-10-19,189,1002.7,1005.4,998.9
3,2023-10-20,332,994.0,998.6,989.5
3,2023-10-21,276,1001.3,1007.0,997.1
3,2023-10-22,254,1006.4,1011.1,1005.0
3,2023-10-23,321,1012.9,1014.9,1010.0
3,2023-10-24,124,1011.9,1015.1,1009.5
3,2023-10-25,113,1007.8,1009.6,1006.5
3,2023-10-26,138,1004.5,1006.8,1003.0
3,2023-10-27,139,1003.1,1004.6,1001.8
3,2023-10-28,359,1006.4,1009.2,1004.4
3,2023-10-29,355,1010.9,1013.2,1008.5
3,2023-10-30,136,1013.5,1014.5,1012.3
3,2023-10-31,140,1011.8,1014.6,1009.0
3,2023-11-01,221,1004.8,1009.0,1002.0
3,2023-11-02,90,1008.5,1010.0,1005.5
3,2023-11-03,268,1006.9,1012.9,1002.5
3,2023-11-04,350,1018.3,1023.2,1013.5
3,2023-11-05,108,1019.5,1023.4,1011.4
3,2023-11-06,144,999.9,1010.1,991.9
3,2023-11-07,262,999.8,1011.2,991.7
3,2023-11-08,6,1016.3,1018.8,1011.8
3,2023-11-09,146,1012.7,1019.2,1006.5
3,2023-11-10,304,1003.4,1007.1,1000.8
3,2023-11-11,322,1010.3,1012.4,1007.2
3,2023-11-12,320,1006.3,1010.7,1003.2
3,2023-11-13,316,1002.4,1006.4,1000.6
3,2023-11-14,351,1012.7,1017.6,1007.2
3,2023-11-15,45,1018.6,1020.6,1016.5
3,2023-11-16,128,1016.7,1020.9,1009.1
3,2023-11-17,151,990.7,1007.9,982.9
3,2023-11-18,255,985.3,990.6,983.7
3,2023-11-19,264,993.7,995.6,991.8
3,2023-11-20,308,1003.0,1010.1,994.4
3,2023-11-21,258,1007.6,1009.9,1006.2
3,2023-11-22,160,1005.5,1008.6,1001.8
3,2023-11-23,218,995.8,1001.5,993.8
3,2023-11-24,327,1000.7,1008.8,995.1
3,2023-11-25,299,1013.3,1015.0,1009.1
3,2023-11-26,332,1011.0,1014.9,1009.3
3,2023-11-27,150,1001.5,1009.8,993.1
3,2023-11-28,274,994.5,1001.2,990.0
3,2023-11-29,305,1002.2,1003.4,1000.2
3,2023-11-30,330,1003.9,1005.8,1001.6
3,2023-12-01,344,1006.3,1009.6,1003.3
3,2023-12-02,78,1009.3,1010.3,1008.4
3,2023-12-03,9,1011.2,1013.2,1008.8
3,2023-12-04,154,1010.7,1013.5,1008.3
3,2023-12-05,37,1008.3,1009.7,1006.8
3,2023-12-06,136,1000.7,1006.3,992.5
3,2023-12-07,245,993.1,1003.7,986.5
3,2023-12-08,81,1007.6,1009.1,1004.8
3,2023-12-09,290,1007.2,1013.1,1003.0
3,2023-12-10,282,1014.3,1017.3,1011.5
3,2023-12-11,336,1015.3,1018.5,1008.6
3,2023-12-12,334,1008.2,1012.1,1005.1
3,2023-12-13,297,1015.5,1018.3,1011.5
3,2023-12-14,308,1015.7,1018.5,1012.6
3,2023-12-15,2,1005.2,1012.0,1001.1
3,2023-12-16,217,991.0,1000.8,984.9
3,2023-12-17,285,1000.3,1008.2,991.9
3,2023-12-18,297,1012.9,1016.1,1008.7
3,2023-12-19,333,1011.0,1016.2,1005.7
3,2023-12-20,298,1003.3,1005.5,1002.1
3,2023-12-21,264,1003.0,1006.7,1000.3
3,2023-12-22,314,1008.5,1010.9,1006.0
3,2023-12-23,306,1015.6,1019.7,1010.7
3,2023-12-24,26,1016.3,1020.2,1013.8
3,2023-12-25,228,1011.6,1014.8,1009.7
3,2023-12-26,300,1007.4,1011.9,1002.7
3,2023-12-27,300,1015.6,1017.6,1012.2
3,2023-12-28,356,1013.2,1017.3,1011.9
3,2023-12-29,14,1011.2,1012.9,1009.6
3,2023-12-30,19,1009.7,1012.5,1003.2
3,2023-12-31,357,1002.7,1011.9,999.1
3,2024-01-01,25,1014.2,1016.0,1011.1
3,2024-01-02,327,1005.6,1010.4,1003.0
3,2024-01-03,15,1007.2,1008.2,1005.9
3,2024-01-04,34,1009.2,1010.9,1007.0
3,2024-01-05,235,1002.1,1007.5,1000.2
3,2024-01-06,266,999.8,1002.1,997.1
3,2024-01-07,285,996.5,1001.8,994.6
3,2024-01-08,345,1006.8,1009.4,1002.9
3,2024-01-09,337,1001.4,1005.9,999.4
3,2024-01-10,352,1006.6,1009.0,1002.0
3,2024-01-11,154,1001.0,1009.3,992.7
3,2024-01-12,321,996.5,1001.7,992.5
3,2024-01-13,353,1006.7,1010.4,1002.5
3,2024-01-14,256,998.6,1010.4,991.1
3,2024-01-15,311,998.7,1004.2,995.1
3,2024-01-16,346,1009.5,1012.4,1004.9
3,2024-01-17,37,1008.6,1011.5,1006.9
3,2024-01-18,344,1012.6,1018.7,1008.1
3,2024-01-19,357,1021.2,1023.8,1018.6
3,2024-01-20,29,1024.5,1025.6,1023.0
3,2024-01-21,35,1018.4,1023.2,1014.5
3,2024-01-22,119,1004.5,1014.3,993.7
3,2024-01-23,211,989.1,994.2,984.4
3,2024-01-24,318,985.2,987.1,982.6
3,2024-01-25,317,991.3,997.8,986.7
3,2024-01-26,336,1002.2,1006.1,998.3
3,2024-01-27,346,1008.1,1011.1,1005.5
3,2024-01-28,349,1013.8,1017.6,1010.4
3,2024-01-29,2,1017.9,1018.4,1017.2
3,2024-01-30,355,1018.4,1019.5,1017.2
3,2024-01-31,247,1007.2,1016.7,1000.9
3,2024-02-01,302,1007.8,1011.8,1003.1
3,2024-02-02,315,1012.2,1017.8,1009.0
3,2024-02-03,342,1014.7,1017.9,1012.4
3,2024-02-04,329,1013.5,1016.3,1011.5
3,2024-02-05,2,1014.6,1017.1,1013.1
3,2024-02-06,5,1010.2,1013.6,1007.3
3,2024-02-07,33,1005.7,1007.5,1004.6
3,2024-02-08,322,1006.5,1010.6,1003.4
3,2024-02-09,4,1011.1,1012.1,1010.2
3,2024-02-10,2,1007.2,1010.9,1005.4
3,2024-02-11,346,1009.5,1012.1,1007.2
3,2024-02-12,280,1013.9,1015.8,1012.2
3,2024-02-13,239,1008.5,1012.2,1006.7
3,2024-02-14,297,1006.9,1008.2,1005.7
3,2024-02-15,340,1001.9,1006.5,997.8
3,2024-02-16,347,1013.7,1018.7,1005.7
3,2024-02-17,130,1019.9,1021.2,1018.5
3,2024-02-18,132,1016.2,1020.2,1011.9
3,2024-02-19,152,1002.5,1011.1,996.0
3,2024-02-20,333,1014.6,1018.3,1005.6
3,2024-02-21,337,1014.6,1017.6,1012.9
3,2024-02-22,340,1015.0,1016.7,1012.6
3,2024-02-23,356,1017.1,1019.3,1015.0
3,2024-02-24,339,1019.0,1019.7,1018.1
3,2024-02-25,36,1016.1,1019.4,1012.6
3,2024-02-26,347,1009.8,1013.2,1008.8
3,2024-02-27,341,1012.2,1014.7,1009.8
3,2024-02-28,340,1016.1,1017.8,1013.3
3,2024-02-29,6,1011.9,1017.6,1003.3
3,2024-03-01,198,994.0,1001.7,991.2
3,2024-03-02,271,998.0,1003.0,994.3
3,2024-03-03,280,1002.3,1004.9,1001.3
3,2024-03-04,327,1008.0,1011.9,1003.8
3,2024-03-05,7,1010.0,1012.2,1007.7
3,2024-03-06,348,1005.7,1007.8,1004.1
3,2024-03-07,350,1006.8,1007.8,1005.6
3,2024-03-08,48,1002.3,1006.2,1000.4
3,2024-03-09,344,1005.8,1010.8,1001.7
3,2024-03-10,332,1012.4,1013.9,1011.2
3,2024-03-11,177,1007.6,1011.9,1004.4
3,2024-03-12,340,999.0,1004.9,994.6
3,2024-03-13,334,1000.8,1003.2,995.5
3,2024-03-14,7,1002.2,1004.1,999.8
3,2024-03-15,334,1002.3,1009.5,997.2
3,2024-03-16,356,1008.6,1010.7,1003.3
3,2024-03-17,182,989.0,1002.0,983.3
3,2024-03-18,338,998.2,1003.8,987.3
3,2024-03-19,339,1002.7,1004.0,1000.0
3,2024-03-20,351,997.7,999.4,995.6
3,2024-03-21,340,1002.9,1008.2,999.2
3,2024-03-22,355,1010.9,1013.6,1008.4
3,2024-03-23,127,1012.5,1013.1,1011.6
3,2024-03-24,257,1009.6,1012.8,1008.1
3,2024-03-25,350,1008.8,1010.4,1007.1
3,2024-03-26,346,1008.6,1012.0,1005.8
3,2024-03-27,352,1014.7,1016.7,1012.3
3,2024-03-28,139,1010.8,1016.9,999.0
3,2024-03-29,164,993.2,998.2,990.8
3,2024-03-30,241,997.3,999.7,995.1
3,2024-03-31,250,999.2,1000.8,997.0
3,2024-04-01,279,998.6,1002.7,996.2
3,2024-04-02,313,1006.5,1008.7,1003.1
3,2024-04-03,149,1003.9,1008.3,1000.5
3,2024-04-04,316,1004.3,1009.2,1000.2
3,2024-04-05,242,1011.4,1014.1,1008.9
3,2024-04-06,144,1012.0,1014.8,1010.2
3,2024-04-07,142,1011.2,1012.3,1009.9
3,2024-04-08,143,1009.0,1012.6,1005.6
3,2024-04-09,333,1006.6,1014.2,1001.1
3,2024-04-10,246,1017.6,1020.0,1014.4
3,2024-04-11,147,1017.0,1019.9,1015.1
3,2024-04-12,141,1013.6,1015.2,1012.7
3,2024-04-13,168,1011.7,1013.3,1010.7
3,2024-04-14,215,1012.5,1013.7,1011.1
3,2024-04-15,155,1012.0,1014.2,1008.8
3,2024-04-16,142,1005.3,1008.6,1002.8
3,2024-04-17,157,1001.2,1002.8,1000.2
3,2024-04-18,177,998.5,1000.8,996.9
3,2024-04-19,334,996.8,999.3,995.2
3,2024-04-20,334,1003.9,1006.8,1000.0
3,2024-04-21,338,1007.3,1008.7,1005.7
3,2024-04-22,332,1009.4,1012.7,1005.7
3,2024-04-23,167,1014.1,1015.7,1013.1
3,2024-04-24,137,1004.3,1012.3,997.3
3,2024-04-25,184,996.5,1001.5,992.7
3,2024-04-26,154,1003.0,1004.6,1001.7
3,2024-04-27,149,1002.9,1004.5,1002.0
3,2024-04-28,340,1005.8,1008.2,1003.7
3,2024-04-29,343,1004.1,1008.2,997.5
3,2024-04-30,331,995.0,998.7,992.2
3,2024-05-01,359,1004.6,1009.2,998.9
3,2024-05-02,162,1007.6,1009.6,1004.6
3,2024-05-03,303,1005.9,1010.3,1001.5
3,2024-05-04,157,1011.7,1013.3,1010.0
3,2024-05-05,147,1009.4,1013.0,1006.2
3,2024-05-06,138,1002.2,1006.3,998.6
3,2024-05-07,345,996.1,998.5,993.9
3,2024-05-08,344,1003.2,1006.6,998.3
3,2024-05-09,155,1005.2,1007.1,1004.1
3,2024-05-10,163,1008.7,1010.7,1005.2
3,2024-05-11,148,1008.2,1010.7,1005.0
3,2024-05-12,153,1001.3,1005.0,997.8
3,2024-05-13,318,1001.2,1008.3,996.2
3,2024-05-14,152,1009.9,1011.8,1008.9
3,2024-05-15,155,1006.0,1009.0,1003.2
3,2024-05-16,157,995.6,1002.8,991.3
3,2024-05-17,207,999.7,1006.9,993.1
3,2024-05-18,167,1006.1,1008.0,1005.2
3,2024-05-19,163,1006.8,1007.9,1005.3
3,2024-05-20,154,1002.5,1005.9,1000.1
3,2024-05-21,341,1007.9,1011.6,1001.2
3,2024-05-22,151,1005.2,1011.2,1000.8
3,2024-05-23,153,998.3,1000.6,996.5
3,2024-05-24,331,998.8,1003.8,995.6
3,2024-05-25,313,1005.5,1006.7,1004.1
3,2024-05-26,189,1002.0,1005.4,995.5
3,2024-05-27,163,992.4,996.4,989.3
3,2024-05-28,321,995.4,996.9,992.9
3,2024-05-29,337,1000.5,1004.3,994.9
3,2024-05-30,306,1005.2,1006.6,1004.1
3,2024-05-31,241,1002.8,1005.0,1001.5
3,2024-06-01,209,1004.8,1005.7,1003.4
3,2024-06-02,138,1005.8,1006.9,1004.7
3,2024-06-03,123,1007.0,1008.8,1005.8
3,2024-06-04,267,1009.4,1010.3,1008.4
3,2024-06-05,314,1010.2,1011.6,1008.6
3,2024-06-06,240,1011.6,1012.4,1010.2
3,2024-06-07,148,1010.6,1011.8,1009.6
3,2024-06-08,146,1008.3,1009.9,1007.2
3,2024-06-09,141,1004.3,1007.2,1001.9
3,2024-06-10,158,1000.2,1001.8,998.8
3,2024-06-11,157,1000.0,1000.6,999.0
3,2024-06-12,159,997.7,1000.2,996.1
3,2024-06-13,185,996.9,1000.3,995.0
3,2024-06-14,148,1002.0,1003.3,1000.5
3,2024-06-15,145,999.7,1003.1,995.6
3,2024-06-16,165,994.0,995.7,992.5
3,2024-06-17,186,996.8,998.0,995.1
3,2024-06-18,145,996.3,998.9,995.0
3,2024-06-19,341,1000.8,1002.3,999.1
3,2024-06-20,144,1000.7,1003.1,998.2
3,2024-06-21,162,997.4,998.3,996.4
3,2024-06-22,151,997.1,998.3,995.6
3,2024-06-23,139,994.2,995.8,992.6
3,2024-06-24,142,993.8,995.2,992.4
3,2024-06-25,322,997.6,1001.3,994.8
3,2024-06-26,342,1003.6,1005.5,1001.4
3,2024-06-27,186,1003.5,1005.2,1002.8
3,2024-06-28,150,1002.1,1002.9,1001.5
3,2024-06-29,161,1000.4,1001.8,999.0
3,2024-06-30,161,989.6,998.9,979.5
3,2024-07-01,319,990.5,996.3,979.6
3,2024-07-02,316,998.9,1000.9,996.2
3,2024-07-03,272,997.7,1001.1,995.0
3,2024-07-04,152,994.9,996.9,993.0
3,2024-07-05,153,995.9,997.1,994.5
3,2024-07-06,158,996.7,997.5,995.5
3,2024-07-07,166,992.6,995.9,991.2
3,2024-07-08,317,993.0,994.5,991.1
3,2024-07-09,184,994.1,996.1,992.5
3,2024-07-10,203,993.2,996.0,990.6
3,2024-07-11,166,992.5,994.2,991.1
3,2024-07-12,159,996.3,999.6,994.0
3,2024-07-13,330,1003.7,1008.0,999.8
3,2024-07-14,153,1008.3,1009.1,1007.4
3,2024-07-15,162,1009.1,1010.1,1007.9
3,2024-07-16,149,1008.0,1010.4,1006.0
3,2024-07-17,154,1003.8,1005.6,1002.7
3,2024-07-18,153,1002.7,1003.6,1002.0
3,2024-07-19,141,999.7,1001.8,999.1
3,2024-07-20,160,1000.3,1001.1,999.3
3,2024-07-21,173,998.0,1000.7,995.4
3,2024-07-22,224,996.1,997.3,995.4
3,2024-07-23,202,993.0,995.7,989.6
3,2024-07-24,308,993.0,997.9,988.3
3,2024-07-25,325,1001.4,1005.7,998.1
3,2024-07-26,180,1009.9,1011.9,1006.0
3,2024-07-27,148,1008.5,1012.2,1003.7
3,2024-07-28,137,998.6,1003.1,994.5
3,2024-07-29,350,988.2,993.9,986.1
3,2024-07-30,337,992.5,996.0,989.1
3,2024-07-31,270,998.0,999.8,996.3
3,2024-08-01,153,999.6,1000.3,999.1
3,2024-08-02,146,1000.2,1001.0,999.1
3,2024-08-03,148,1000.6,1001.3,1000.1
3,2024-08-04,338,1000.9,1001.6,999.8
3,2024-08-05,170,1001.5,1002.5,1000.3
3,2024-08-06,160,1001.2,1002.2,1000.0
3,2024-08-07,165,998.0,1000.3,996.1
3,2024-08-08,162,995.9,997.1,994.5
3,2024-08-09,106,997.1,997.8,996.3
3,2024-08-10,222,998.6,999.6,997.7
3,2024-08-11,75,998.7,999.7,997.3
3,2024-08-12,134,1000.0,1001.1,998.5
3,2024-08-13,141,1001.0,1001.9,1000.3
3,2024-08-14,166,999.8,1000.5,998.8
3,2024-08-15,309,1001.6,1004.2,999.6
3,2024-08-16,179,1004.0,1005.1,1003.0
3,2024-08-17,293,1001.6,1003.0,1000.8
3,2024-08-18,329,1002.8,1005.2,1000.9
3,2024-08-19,207,1005.4,1007.2,1004.1
3,2024-08-20,127,1007.5,1008.2,1006.9
3,2024-08-21,152,1006.0,1007.8,1004.6
3,2024-08-22,153,1001.4,1004.7,999.0
3,2024-08-23,196,998.8,1000.5,997.8
3,2024-08-24,309,1003.1,1005.9,1000.5
3,2024-08-25,164,1005.1,1006.2,1003.5
3,2024-08-26,142,1003.4,1005.2,1000.5
3,2024-08-27,151,1000.7,1003.6,999.0
3,2024-08-28,133,1005.6,1006.8,1004.1
3,2024-08-29,151,1005.1,1006.7,1003.5
3,2024-08-30,140,998.5,1003.5,992.7
3,2024-08-31,228,994.4,1000.2,990.2
3,2024-09-01,147,1000.3,1001.5,998.9
3,2024-09-02,318,1000.7,1003.9,998.1
3,2024-09-03,2,1005.4,1007.3,1003.7
3,2024-09-04,149,1005.1,1007.5,1002.2
3,2024-09-05,178,997.7,1001.8,994.2
3,2024-09-06,349,1003.9,1006.4,1000.0
3,2024-09-07,204,1005.4,1006.8,1004.8
3,2024-09-08,232,1005.6,1008.2,1004.5
3,2024-09-09,108,1010.8,1012.4,1008.8
3,2024-09-10,161,1007.6,1011.0,1006.4
3,2024-09-11,0,1008.2,1008.9,1007.5
3,2024-09-12,320,1004.3,1008.5,1001.1
3,2024-09-13,327,1001.6,1005.5,998.2
3,2024-09-14,131,1001.0,1006.2,994.3
3,2024-09-15,346,1006.7,1013.0,999.7
3,2024-09-16,138,1011.1,1014.3,1005.8
3,2024-09-17,327,1004.5,1005.7,1003.5
3,2024-09-18,331,1004.8,1005.7,1004.2
3,2024-09-19,61,1004.6,1007.3,999.6
3,2024-09-20,332,1003.2,1006.7,998.2
3,2024-09-21,35,1006.9,1008.2,1006.1
3,2024-09-22,18,1005.9,1009.4,1003.7
3,2024-09-23,139,1012.3,1015.3,1009.4
3,2024-09-24,132,1016.0,1017.1,1015.0
3,2024-09-25,129,1013.1,1016.6,1010.3
3,2024-09-26,140,1006.9,1010.0,1004.8
3,2024-09-27,331,1006.8,1008.7,1004.7
3,2024-09-28,344,1011.2,1015.1,1008.1
3,2024-09-29,132,1014.9,1015.8,1013.5
3,2024-09-30,132,1007.3,1013.3,1003.5
3,2024-10-01,145,1000.0,1003.5,997.0
3,2024-10-02,325,1007.0,1017.0,998.3
3,2024-10-03,22,1015.7,1018.1,1012.5
3,2024-10-04,331,1009.0,1012.6,1005.2
3,2024-10-05,10,1014.4,1015.5,1012.7
3,2024-10-06,137,1011.6,1015.4,1007.1
3,2024-10-07,357,1003.6,1006.6,1002.1
3,2024-10-08,347,1007.2,1009.6,1004.7
3,2024-10-09,17,1010.9,1012.4,1009.2
3,2024-10-10,5,1010.3,1012.4,1008.8
3,2024-10-11,346,1010.1,1013.7,1007.2
3,2024-10-12,250,1013.6,1015.9,1012.6
3,2024-10-13,349,1018.1,1020.5,1015.0
3,2024-10-14,134,1018.5,1020.9,1015.7
3,2024-10-15,156,1009.4,1015.2,1004.6
3,2024-10-16,349,1012.9,1015.8,1008.4
3,2024-10-17,356,1016.8,1018.5,1014.4
3,2024-10-18,151,1008.4,1018.5,992.2
3,2024-10-19,325,1005.3,1019.1,992.7
3,2024-10-20,339,1023.4,1025.7,1019.5
3,2024-10-21,149,1022.2,1025.7,1018.6
3,2024-10-22,134,1014.0,1018.8,1007.2
3,2024-10-23,183,1000.5,1006.9,996.5
3,2024-10-24,307,1011.0,1017.2,1004.9
3,2024-10-25,3,1016.9,1018.2,1015.1
3,2024-10-26,4,1012.9,1015.4,1010.0
3,2024-10-27,160,1001.0,1008.9,996.3
3,2024-10-28,330,1006.2,1014.9,997.9
3,2024-10-29,72,1014.0,1015.4,1011.6
3,2024-10-30,343,1009.7,1013.9,1007.9
3,2024-10-31,1,1015.0,1016.1,1013.6
3,2024-11-01,172,1011.4,1015.2,1008.2
3,2024-11-02,342,1006.7,1009.6,1004.9
3,2024-11-03,6,1011.1,1013.4,1007.6
3,2024-11-04,245,1004.6,1010.1,1001.3
3,2024-11-05,351,1011.2,1012.5,1009.9
3,2024-11-06,325,1007.1,1010.7,1004.2
3,2024-11-07,325,1015.6,1020.4,1010.0
3,2024-11-08,305,1017.3,1020.3,1015.6
3,2024-11-09,21,1019.5,1020.5,1018.6
3,2024-11-10,191,1011.9,1018.4,1006.7
3,2024-11-11,356,1008.0,1009.1,1006.1
3,2024-11-12,319,1006.4,1013.5,1002.7
3,2024-11-13,353,1016.2,1018.2,1013.6
3,2024-11-14,96,1014.8,1018.2,1011.0
3,2024-11-15,359,1012.3,1016.8,1008.1
3,2024-11-16,150,1010.2,1017.2,1001.3
3,2024-11-17,330,1004.8,1009.0,999.2
3,2024-11-18,332,1011.2,1016.9,1006.6
3,2024-11-19,341,1016.7,1018.1,1014.7
3,2024-11-20,174,1010.5,1015.1,1007.1
3,2024-11-21,2,1005.5,1007.9,1003.3
3,2024-11-22,10,1002.9,1006.9,1001.4
3,2024-11-23,337,1010.8,1013.7,1007.3
3,2024-11-24,322,1016.2,1019.4,1013.3
3,2024-11-25,350,1020.5,1021.6,1019.0
3,2024-11-26,131,1008.4,1019.7,998.2
3,2024-11-27,236,994.3,997.5,992.5
3,2024-11-28,220,991.3,994.9,985.5
3,2024-11-29,282,987.1,988.1,985.7
3,2024-11-30,308,990.6,998.7,986.0
3,2024-12-01,339,1005.6,1010.0,999.6
3,2024-12-02,134,1005.6,1010.1,1001.1
3,2024-12-03,357,1005.8,1008.0,1003.3
3,2024-12-04,27,1001.3,1004.5,996.6
3,2024-12-05,328,996.6,998.3,994.1
3,2024-12-06,322,996.0,999.4,993.6
3,2024-12-07,351,997.7,1000.5,996.0
3,2024-12-08,332,1000.6,1003.2,996.8
3,2024-12-09,320,1003.8,1005.7,1001.9
3,2024-12-10,354,1003.2,1006.3,999.6
3,2024-12-11,322,1001.2,1003.7,997.7
3,2024-12-12,337,1004.0,1004.8,1003.2
3,2024-12-13,328,1001.0,1003.8,999.8
3,2024-12-14,354,999.5,1001.5,997.2
3,2024-12-15,339,995.3,1000.2,992.2
3,2024-12-16,3,1003.9,1006.1,1001.1
3,2024-12-17,14,1005.9,1007.0,1005.0
3,2024-12-18,356,1007.8,1009.0,1006.1
3,2024-12-19,350,1006.6,1008.4,1005.9
3,2024-12-20,3,1008.0,1009.9,1004.5
3,2024-12-21,360,997.8,1004.1,994.2
3,2024-12-22,356,995.0,998.4,991.9
3,2024-12-23,15,998.9,1002.9,997.0
3,2024-12-24,348,1008.0,1013.6,1003.0
3,2024-12-25,150,1008.3,1015.0,997.4
3,2024-12-26,303,995.1,998.6,993.8
3,2024-12-27,321,993.8,995.5,992.1
3,2024-12-28,359,999.0,1000.7,995.9
3,2024-12-29,337,1005.4,1009.4,1000.8
3,2024-12-30,31,1005.2,1009.8,995.3
3,2024-12-31,353,995.9,1002.4,991.9
3,2025-01-01,13,1004.1,1005.2,1002.9
3,2025-01-02,353,1006.0,1007.5,1004.6
3,2025-01-03,360,1007.2,1008.5,1006.4
3,2025-01-04,345,1009.2,1012.7,1006.7
3,2025-01-05,105,1011.6,1014.2,1007.0
3,2025-01-06,330,1000.3,1006.9,990.1
3,2025-01-07,335,990.3,994.4,986.4
3,2025-01-08,283,993.1,994.4,991.6
3,2025-01-09,298,994.2,995.4,993.2
3,2025-01-10,357,1004.0,1010.9,995.5
3,2025-01-11,353,1013.1,1014.6,1010.5
3,2025-01-12,80,1010.8,1015.0,1006.9
3,2025-01-13,254,1006.1,1007.8,1004.2
3,2025-01-14,275,1002.2,1004.3,1001.0
3,2025-01-15,305,1002.2,1006.4,998.9
3,2025-01-16,350,1002.8,1006.9,999.4
3,2025-01-17,324,1008.5,1013.3,1003.2
3,2025-01-18,15,1013.5,1014.8,1011.9
3,2025-01-19,138,1006.1,1011.9,1002.5
3,2025-01-20,348,1005.7,1010.1,1002.7
3,2025-01-21,74,1012.8,1014.6,1010.6
3,2025-01-22,138,1014.1,1015.1,1013.3
3,2025-01-23,88,1011.8,1014.5,1009.5
3,2025-01-24,77,1011.4,1014.2,1009.4
3,2025-01-25,12,1015.2,1016.2,1013.9
3,2025-01-26,349,1012.0,1016.5,1007.3
3,2025-01-27,342,1002.2,1007.0,998.5
3,2025-01-28,360,994.4,998.7,989.6
3,2025-01-29,311,992.8,996.2,989.6
3,2025-01-30,306,999.0,1003.0,996.0
3,2025-01-31,311,1006.9,1009.5,1003.3
3,2025-02-01,357,1009.4,1010.3,1007.7
3,2025-02-02,27,1007.9,1010.2,1004.5
3,2025-02-03,117,994.6,1005.3,984.5
3,2025-02-04,217,981.4,983.9,978.8
3,2025-02-05,247,979.3,984.0,977.5
3,2025-02-06,282,990.2,992.2,985.3
3,2025-02-07,321,990.2,992.0,988.4
3,2025-02-08,331,995.8,999.2,992.2
3,2025-02-09,315,1000.7,1002.2,998.7
3,2025-02-10,326,1003.0,1005.3,1001.1
3,2025-02-11,318,1008.1,1010.4,1005.4
3,2025-02-12,250,993.8,1006.7,983.7
3,2025-02-13,314,994.5,997.3,987.4
3,2025-02-14,315,999.5,1005.3,995.6
3,2025-02-15,351,1004.9,1006.5,1002.3
3,2025-02-16,141,997.1,1001.7,993.1
3,2025-02-17,332,991.6,996.0,989.7
3,2025-02-18,336,996.5,998.1,995.8
3,2025-02-19,341,1002.1,1006.5,998.2
3,2025-02-20,344,1007.5,1009.6,1005.5
3,2025-02-21,352,1008.9,1010.0,1007.9
3,2025-02-22,354,1008.0,1009.2,1005.7
3,2025-02-23,335,1007.4,1009.2,1006.7
3,2025-02-24,316,1007.7,1010.2,1006.0
3,2025-02-25,230,1004.3,1010.5,995.7
3,2025-02-26,294,1000.8,1006.2,995.3
3,2025-02-27,345,1008.5,1009.5,1006.7
3,2025-02-28,228,1005.4,1008.0,1003.9
3,2025-03-01,348,1005.8,1008.1,1003.2
3,2025-03-02,334,1006.9,1010.5,1003.2
3,2025-03-03,322,1014.7,1019.4,1010.3
3,2025-03-04,357,1020.3,1021.8,1018.9
3,2025-03-05,108,1012.3,1019.1,1005.6
3,2025-03-06,338,1005.5,1007.4,1004.1
3,2025-03-07,327,1012.7,1018.6,1007.4
3,2025-03-08,357,1018.5,1019.1,1017.5
3,2025-03-09,299,1017.8,1021.3,1015.7
3,2025-03-10,150,1018.9,1022.0,1015.0
3,2025-03-11,154,1010.6,1014.6,1009.0
3,2025-03-12,141,1005.8,1010.8,998.3
3,2025-03-13,261,999.5,1003.0,996.8
3,2025-03-14,317,1008.2,1014.4,1003.2
3,2025-03-15,335,1015.2,1016.8,1014.0
3,2025-03-16,15,1001.2,1013.7,985.9
3,2025-03-17,339,995.2,1004.0,985.6
3,2025-03-18,358,1006.7,1008.8,1004.4
3,2025-03-19,240,1005.1,1007.0,1003.9
3,2025-03-20,218,1002.0,1004.9,997.3
3,2025-03-21,169,991.5,996.9,985.4
3,2025-03-22,277,989.5,995.1,984.1
3,2025-03-23,332,1001.5,1004.0,996.0
3,2025-03-24,141,995.8,1003.6,990.8
3,2025-03-25,154,989.5,992.4,982.5
3,2025-03-26,332,997.1,1003.7,982.8
3,2025-03-27,126,995.3,1003.0,989.7
3,2025-03-28,297,994.5,1002.9,989.5
3,2025-03-29,239,1008.0,1011.4,1003.1
3,2025-03-30,213,1011.3,1016.6,1006.1
3,2025-03-31,209,1019.7,1022.7,1016.8
3,2025-04-01,136,1024.3,1025.7,1022.7
3,2025-04-02,326,1014.4,1022.6,1008.0
3,2025-04-03,310,1004.9,1007.9,1003.4
3,2025-04-04,342,1006.1,1009.2,1002.8
3,2025-04-05,252,1009.7,1010.9,1007.9
3,2025-04-06,145,1006.4,1010.5,1004.4
3,2025-04-07,231,1002.9,1005.1,1002.0
3,2025-04-08,339,1000.5,1002.5,999.2
3,2025-04-09,232,1000.4,1001.6,999.0
3,2025-04-10,145,1001.4,1002.4,1000.6
3,2025-04-11,253,1005.2,1009.2,1001.9
3,2025-04-12,167,1007.9,1009.4,1006.7
3,2025-04-13,136,1005.2,1007.5,1001.6
3,2025-04-14,92,993.0,1000.9,987.8
3,2025-04-15,307,982.5,989.1,977.5
3,2025-04-16,294,988.8,998.0,980.2
3,2025-04-17,287,1001.6,1005.9,998.6
3,2025-04-18,150,1001.9,1006.2,998.3
3,2025-04-19,184,1002.7,1005.2,998.2
3,2025-04-20,332,1001.7,1005.8,997.2
3,2025-04-21,332,1007.9,1009.8,1005.4
3,2025-04-22,143,1005.4,1010.0,999.2
3,2025-04-23,103,998.9,1000.3,997.3
3,2025-04-24,224,998.1,999.6,996.5
3,2025-04-25,185,998.5,1001.2,995.6
3,2025-04-26,237,998.7,1000.2,997.1
3,2025-04-27,333,1001.5,1004.6,999.0
3,2025-04-28,119,1001.3,1004.9,993.1
3,2025-04-29,354,994.9,1001.8,990.9
3,2025-04-30,333,1009.6,1015.3,1002.2
3,2025-05-01,140,1013.2,1015.7,1009.4
3,2025-05-02,138,1002.7,1009.3,997.1
3,2025-05-03,182,997.1,999.1,995.3
3,2025-05-04,164,995.4,997.6,994.0
3,2025-05-05,243,1001.9,1004.4,997.9
3,2025-05-06,146,1000.8,1003.9,996.1
3,2025-05-07,306,1001.9,1009.4,996.1
3,2025-05-08,206,1012.3,1014.6,1009.8
3,2025-05-09,141,1008.5,1014.5,999.7
3,2025-05-10,145,987.8,998.3,983.5
3,2025-05-11,325,992.5,998.1,985.6
3,2025-05-12,202,1000.4,1004.7,997.9
3,2025-05-13,165,1008.6,1012.0,1005.4
3,2025-05-14,151,1012.4,1013.2,1011.4
3,2025-05-15,152,1010.6,1012.9,1009.3
3,2025-05-16,143,1009.4,1011.0,1006.7
3,2025-05-17,137,997.5,1006.6,992.1
3,2025-05-18,227,997.1,1001.9,993.4
3,2025-05-19,162,1000.4,1002.6,996.6
3,2025-05-20,211,999.9,1003.3,996.0
3,2025-05-21,166,1000.4,1003.1,997.0
3,2025-05-22,324,998.8,1003.9,995.5
3,2025-05-23,313,1008.5,1011.5,1004.3
3,2025-05-24,138,1008.6,1011.6,1001.7
3,2025-05-25,230,998.8,1001.2,996.5
3,2025-05-26,319,1009.3,1014.8,1000.8
3,2025-05-27,154,1014.2,1015.5,1012.6
3,2025-05-28,165,1010.4,1012.7,1008.8
3,2025-05-29,156,1007.1,1008.7,1006.3
3,2025-05-30,176,1005.4,1007.3,1004.6
3,2025-05-31,250,1001.6,1005.0,997.3
3,2025-06-01,167,995.5,997.3,994.0
3,2025-06-02,277,996.8,997.8,995.6
3,2025-06-03,142,992.8,997.6,986.9
3,2025-06-04,204,989.2,993.5,986.7
3,2025-06-05,219,997.3,1001.0,993.6
3,2025-06-06,154,1000.3,1001.8,999.1
3,2025-06-07,149,998.9,999.4,997.9
3,2025-06-08,227,1001.4,1004.5,999.0
3,2025-06-09,154,1003.4,1004.5,1001.9
3,2025-06-10,152,999.9,1002.5,996.9
3,2025-06-11,178,996.7,1000.5,994.9
3,2025-06-12,340,1006.9,1010.7,1001.3
3,2025-06-13,158,1008.4,1010.7,1005.2
3,2025-06-14,140,998.9,1004.7,994.0
3,2025-06-15,149,993.8,995.4,992.2
3,2025-06-16,150,994.2,995.9,992.1
3,2025-06-17,184,998.6,1001.9,994.9
3,2025-06-18,146,1004.2,1006.9,1001.9
3,2025-06-19,177,1007.7,1008.9,1006.7
3,2025-06-20,150,1005.8,1008.7,1002.8
3,2025-06-21,146,997.3,1002.7,992.9
3,2025-06-22,176,996.2,999.3,992.8
3,2025-06-23,154,1001.6,1004.7,999.5
3,2025-06-24,150,1006.2,1008.0,1004.8
3,2025-06-25,168,1005.0,1007.6,1001.6
3,2025-06-26,283,996.3,1001.2,993.1
3,2025-06-27,331,995.0,997.8,992.9
3,2025-06-28,327,998.2,999.9,996.6
3,2025-06-29,164,1001.0,1002.6,999.8
3,2025-06-30,146,1002.9,1003.4,1002.0
3,2025-07-01,172,1003.9,1005.6,1002.7
3,2025-07-02,153,1005.0,1006.0,1004.3
3,2025-07-03,151,1000.9,1004.1,998.0
3,2025-07-04,151,995.8,998.1,993.0
3,2025-07-05,194,994.2,995.0,993.2
3,2025-07-06,152,994.6,996.3,993.2
3,2025-07-07,245,998.2,1000.6,996.4
3,2025-07-08,343,1002.1,1004.9,1000.1
3,2025-07-09,249,1006.2,1008.1,1004.4
3,2025-07-10,187,1010.5,1012.0,1008.2
3,2025-07-11,177,1010.9,1012.5,1008.8
3,2025-07-12,147,1003.6,1008.4,1000.1
3,2025-07-13,141,998.3,999.6,997.4
3,2025-07-14,131,994.7,997.6,990.0
3,2025-07-15,131,1000.2,1002.5,995.9
3,2025-07-16,141,1005.1,1006.5,1001.4
3,2025-07-17,151,1006.2,1007.1,1005.4
3,2025-07-18,156,1006.5,1007.3,1005.7
3,2025-07-19,153,1006.7,1007.7,1005.9
3,2025-07-20,167,1006.1,1006.6,1005.4
3,2025-07-21,176,1004.6,1005.8,1004.1
3,2025-07-22,217,1002.9,1004.3,1002.1
3,2025-07-23,164,1002.0,1002.8,1000.9
3,2025-07-24,162,1002.2,1003.4,1000.9
3,2025-07-25,175,1002.5,1003.4,1001.7
3,2025-07-26,145,1000.6,1002.9,997.5
3,2025-07-27,307,996.2,997.3,995.3
3,2025-07-28,145,995.8,996.6,995.0
3,2025-07-29,164,997.7,999.1,996.2
3,2025-07-30,181,1000.0,1001.4,999.0
3,2025-07-31,147,1000.7,1001.6,1000.1
3,2025-08-01,144,998.4,1000.7,996.0
3,2025-08-02,161,994.5,995.9,993.5
3,2025-08-03,171,997.3,998.8,995.6
3,2025-08-04,141,997.1,998.8,994.3
3,2025-08-05,325,994.0,994.7,993.0
3,2025-08-06,149,991.8,994.4,988.0
3,2025-08-07,75,987.8,989.9,986.8
3,2025-08-08,339,993.9,998.2,989.3
3,2025-08-09,130,999.3,1000.7,998.4
3,2025-08-10,132,996.5,998.7,995.3
3,2025-08-11,186,998.1,1000.2,996.0
3,2025-08-12,335,1004.4,1009.0,1000.4
3,2025-08-13,162,1009.8,1010.9,1008.7
3,2025-08-14,149,1006.2,1010.2,1001.8
3,2025-08-15,339,1003.9,1005.7,1001.9
3,2025-08-16,159,1004.6,1006.1,1002.9
3,2025-08-17,239,1001.1,1006.1,997.2
3,2025-08-18,159,1005.2,1006.6,1002.1
3,2025-08-19,192,998.8,1001.5,998.0
3,2025-08-20,161,997.7,999.1,996.8
3,2025-08-21,337,1001.6,1004.5,998.9
3,2025-08-22,147,1002.2,1004.9,998.1
3,2025-08-23,317,1000.6,1004.6,997.1
3,2025-08-24,148,1006.5,1008.8,1004.4
3,2025-08-25,140,1007.3,1009.3,1004.2
3,2025-08-26,161,998.7,1003.7,994.3
3,2025-08-27,297,999.3,1005.5,993.7
3,2025-08-28,12,1007.0,1008.1,1005.6
3,2025-08-29,119,1005.4,1007.7,1003.1
3,2025-08-30,332,1004.8,1007.0,1002.7
3,2025-08-31,140,1005.7,1007.5,1002.7
3,2025-09-01,182,998.5,1002.4,996.3
3,2025-09-02,323,997.6,1001.0,996.5
3,2025-09-03,343,1004.5,1008.2,1001.1
3,2025-09-04,116,1007.2,1008.8,1004.7
3,2025-09-05,101,1001.8,1004.2,1000.6
3,2025-09-06,168,999.8,1001.8,997.3
3,2025-09-07,110,997.2,1000.7,995.1
3,2025-09-08,165,1003.1,1004.7,1001.1
3,2025-09-09,130,1005.1,1007.4,1003.7
3,2025-09-10,46,1008.0,1009.3,1007.1
3,2025-09-11,353,1010.7,1012.6,1009.3
3,2025-09-12,132,1012.1,1013.5,1009.6
3,2025-09-13,149,997.4,1009.3,986.7
3,2025-09-14,355,1003.4,1007.2,994.2
3,2025-09-15,183,1005.1,1007.9,1003.5
3,2025-09-16,200,1001.8,1005.1,997.1
3,2025-09-17,331,999.2,1000.7,996.7
3,2025-09-18,340,1005.6,1011.1,1000.9
3,2025-09-19,4,1011.7,1012.6,1010.6
3,2025-09-20,108,997.4,1011.1,983.0
3,2025-09-21,337,1004.9,1012.7,993.2
3,2025-09-22,43,1014.3,1016.5,1012.7
3,2025-09-23,99,1016.7,1017.5,1015.7
3,2025-09-24,140,1013.4,1017.5,1007.2
3,2025-09-25,152,1004.0,1007.6,1001.9
3,2025-09-26,329,1004.3,1006.7,1002.5
3,2025-09-27,335,1006.3,1007.3,1005.3
3,2025-09-28,177,1001.8,1006.1,996.6
3,2025-09-29,350,997.7,1003.7,994.1
3,2025-09-30,135,1006.4,1007.8,1004.5
3,2025-10-01,123,1006.2,1007.3,1005.0
3,2025-10-02,333,1008.5,1013.2,1005.0
3,2025-10-03,107,1013.8,1015.8,1012.0
3,2025-10-04,136,1009.9,1015.4,1005.6
3,2025-10-05,351,1003.5,1006.9,1002.1
3,2025-10-06,351,1012.9,1017.4,1007.6
3,2025-10-07,149,1011.5,1017.9,1003.9
3,2025-10-08,315,1005.8,1013.1,1000.9
3,2025-10-09,350,1012.6,1013.3,1011.3
3,2025-10-10,334,1013.2,1015.4,1011.4
3,2025-10-11,56,1011.6,1014.9,1008.0
3,2025-10-12,48,1005.3,1007.7,1004.4
3,2025-10-13,349,1010.6,1014.8,1007.0
3,2025-10-14,25,1013.6,1014.6,1012.0
3,2025-10-15,349,1016.2,1017.9,1014.2
3,2025-10-16,101,1013.7,1016.5,1012.4
3,2025-10-17,348,1013.3,1015.5,1009.5
3,2025-10-18,329,1006.6,1012.7,1003.5
3,2025-10-19,345,1012.7,1014.0,1011.0
3,2025-10-20,355,1014.4,1017.4,1011.4
3,2025-10-21,354,1018.7,1020.7,1016.0
3,2025-10-22,356,1021.5,1022.5,1019.5
3,2025-10-23,352,1021.0,1022.7,1020.0
3,2025-10-24,0,1020.0,1021.3,1019.0
3,2025-10-25,101,1016.3,1020.2,1013.1
3,2025-10-26,81,1000.1,1012.6,991.1
3,2025-10-27,270,995.9,1001.5,992.0
3,2025-10-28,285,1008.2,1016.2,1002.1
3,2025-10-29,23,1020.2,1022.1,1017.4
3,2025-10-30,185,1017.8,1021.9,1015.5
3,2025-10-31,93,1007.2,1016.1,986.4
3,2025-11-01,344,989.1,995.7,977.0
3,2025-11-02,341,1002.1,1008.4,994.4
3,2025-11-03,3,1014.8,1020.2,1008.7
3,2025-11-04,221,1017.3,1020.2,1015.7
3,2025-11-05,311,1015.5,1016.8,1014.5
3,2025-11-06,292,1007.8,1014.2,1005.2
3,2025-11-07,331,1011.5,1020.0,1004.2
3,2025-11-08,47,1017.5,1020.7,1010.0
3,2025-11-09,90,997.3,1009.9,991.4
3,2025-11-10,323,995.3,1001.0,989.5
3,2025-11-11,328,1006.4,1012.9,1001.0
3,2025-11-12,260,1009.1,1013.1,1002.3
3,2025-11-13,270,999.7,1004.6,996.0
3,2025-11-14,342,1009.2,1013.8,1004.5
3,2025-11-15,328,1017.1,1020.8,1014.0
3,2025-11-16,164,1012.3,1021.0,996.8
3,2025-11-17,299,998.1,999.8,995.9
3,2025-11-18,327,1002.2,1007.3,999.0
3,2025-11-19,6,1010.4,1012.1,1007.5
3,2025-11-20,208,1004.6,1012.0,999.4
3,2025-11-21,295,1004.4,1010.5,1000.8
3,2025-11-22,289,1012.2,1013.1,1010.9
3,2025-11-23,171,1009.9,1013.2,1007.8
3,2025-11-24,21,1005.8,1008.0,1004.3
3,2025-11-25,25,1004.4,1007.9,1003.2
3,2025-11-26,350,1012.2,1014.8,1008.5
3,2025-11-27,150,1003.3,1014.7,990.6
3,2025-11-28,280,995.7,1005.2,988.6
3,2025-11-29,358,1007.0,1009.0,1005.1
3,2025-11-30,185,1004.7,1007.0,1000.0
3,2025-12-01,260,1004.4,1010.4,996.5
3,2025-12-02,193,1002.4,1009.5,999.1
3,2025-12-03,341,996.5,1002.1,993.5
3,2025-12-04,302,998.0,1000.1,996.0
3,2025-12-05,290,1003.4,1008.9,1000.1
3,2025-12-06,233,1007.8,1009.7,1005.3
3,2025-12-07,248,1003.9,1005.8,1003.1
3,2025-12-08,333,1003.5,1009.2,996.0
3,2025-12-09,320,1009.7,1012.0,1008.2
3,2025-12-10,255,1010.0,1012.8,1003.6
3,2025-12-11,320,1001.3,1007.4,997.8
3,2025-12-12,327,1012.8,1015.9,1008.5
3,2025-12-13,48,1013.9,1016.5,1009.8
3,2025-12-14,356,993.0,1009.1,983.6
3,2025-12-15,310,1001.7,1006.1,992.0
3,2025-12-16,291,1005.9,1008.8,1002.8
3,2025-12-17,293,1007.7,1012.0,1005.9
3,2025-12-18,333,1015.9,1019.3,1012.9
3,2025-12-19,129,1015.6,1019.5,1011.4
3,2025-12-20,176,1006.6,1011.3,1000.8
3,2025-12-21,347,1007.4,1014.3,1001.5
3,2025-12-22,346,1021.0,1024.8,1015.5
3,2025-12-23,135,1017.3,1024.8,1009.2
3,2025-12-24,85,1003.9,1009.0,999.8
3,2025-12-25,341,992.6,999.5,986.3
3,2025-12-26,308,995.4,1004.8,988.8
3,2025-12-27,299,1004.8,1007.2,1003.6
3,2025-12-28,50,1010.5,1012.1,1007.7
3,2025-12-29,130,1004.6,1010.0,1001.5
3,2025-12-30,318,1001.9,1003.5,999.1
3,2025-12-31,294,1000.9,1003.7,999.2
3,2026-01-01,311,997.6,999.2,996.1
3,2026-01-02,339,999.3,1000.4,998.1
3,2026-01-03,330,1000.1,1001.2,998.8
3,2026-01-04,312,999.2,1000.3,997.7
3,2026-01-05,1,999.8,1002.0,997.5
3,2026-01-06,41,1006.1,1008.7,1002.5
3,2026-01-07,140,998.9,1007.9,995.1
3,2026-01-08,335,999.5,1004.3,995.2
3,2026-01-09,26,1005.8,1007.0,1004.5
3,2026-01-10,167,992.6,1004.2,985.5
3,2026-01-11,282,985.8,992.8,982.2
3,2026-01-12,283,996.3,998.3,993.5
3,2026-01-13,251,988.7,996.9,977.7
3,2026-01-14,295,1000.7,1004.3,997.7
3,2026-01-15,324,1000.1,1003.6,998.0
3,2026-01-16,346,1002.5,1005.0,999.1
3,2026-01-17,338,1004.1,1008.9,1002.3
3,2026-01-18,5,1010.9,1012.2,1009.5
3,2026-01-19,219,999.4,1009.4,992.9
3,2026-01-20,340,995.8,997.9,990.7
3,2026-01-21,8,995.9,997.6,995.1
3,2026-01-22,8,998.9,1002.6,995.9
3,2026-01-23,21,1003.5,1004.7,1002.1
3,2026-01-24,351,1000.0,1002.5,998.0
3,2026-01-25,350,1002.5,1008.3,998.1
3,2026-01-26,18,1007.0,1008.9,1005.1
3,2026-01-27,35,1002.5,1005.3,1001.0
3,2026-01-28,21,1005.2,1005.9,1003.7
3,2026-01-29,4,1003.5,1005.4,1002.8
3,2026-01-30,319,1002.8,1003.7,1001.7
3,2026-01-31,328,1002.8,1003.6,1001.9
