location_id,city/town,latitude,longitude,elevation,utc_offset_seconds,timezone,timezone_abbreviation
0,Yokohama,35.46573,139.61539,6.0,0,GMT,GMT
1,Odawara,35.32513,139.25832,32.0,0,GMT,GMT
2,Miura,35.114235,139.64331,21.0,0,GMT,GMT
3,Ebina,35.46573,139.38461,19.0,0,GMT,GMT

location_id,time,wind_direction_10m_dominant (°),surface_pressure_mean (hPa),surface_pressure_max (hPa),surface_pressure_min (hPa)
0,2021-01-01,342,1014.5,1016.2,1011.0
0,2021-01-02,355,1017.2,1021.7,1012.1
0,2021-01-03,10,1022.3,1024.3,1020.2
0,2021-01-04,42,1022.3,1024.9,1021.0
0,2021-01-05,10,1015.3,1021.0,1011.8
0,2021-01-06,33,1011.2,1015.0,1005.8
0,2021-01-07,247,1003.5,1009.0,998.3
0,2021-01-08,266,1008.1,1010.3,1005.3
0,2021-01-09,288,1010.3,1015.8,1006.6
0,2021-01-10,21,1017.7,1021.7,1015.5
0,2021-01-11,14,1021.7,1024.1,1017.3
0,2021-01-12,354,1012.5,1017.4,1010.6
0,2021-01-13,63,1014.9,1016.2,1012.9
0,2021-01-14,6,1019.9,1024.7,1014.7
0,2021-01-15,338,1018.7,1024.8,1012.7
0,2021-01-16,312,1011.4,1015.9,1006.5
0,2021-01-17,17,1014.3,1016.1,1012.1
0,2021-01-18,262,1010.8,1016.0,1008.1
0,2021-01-19,4,1022.3,1029.6,1015.0
0,2021-01-20,31,1028.3,1029.8,1027.3
0,2021-01-21,6,1021.5,1028.3,1017.5
0,2021-01-22,23,1017.7,1021.0,1015.7
0,2021-01-23,352,1020.1,1021.6,1018.9
0,2021-01-24,354,1021.1,1025.2,1018.0
0,2021-01-25,25,1025.7,1026.6,1024.0
0,2021-01-26,350,1018.4,1026.5,1010.8
0,2021-01-27,7,1013.4,1016.5,1007.9
0,2021-01-28,349,1006.4,1015.7,997.7
0,2021-01-29,322,1007.9,1016.6,1000.8
0,2021-01-30,37,1019.5,1023.1,1016.7
0,2021-01-31,14,1027.3,1029.5,1023.7
0,2021-02-01,210,1015.3,1028.3,1003.9
0,2021-02-02,18,1008.8,1013.9,1002.9
0,2021-02-03,20,1015.1,1016.8,1013.8
0,2021-02-04,256,1014.5,1020.5,1008.9
0,2021-02-05,55,1016.7,1020.7,1014.7
0,2021-02-06,18,1011.0,1014.6,1010.0
0,2021-02-07,19,1009.8,1011.5,1007.0
0,2021-02-08,14,1012.1,1017.4,1009.0
0,2021-02-09,27,1017.9,1019.6,1016.3
0,2021-02-10,23,1016.0,1019.9,1014.4
0,2021-02-11,354,1021.8,1027.3,1017.9
0,2021-02-12,41,1027.9,1029.2,1026.0
0,2021-02-13,191,1024.8,1028.8,1022.8
0,2021-02-14,180,1015.6,1023.1,1004.1
0,2021-02-15,252,990.8,1002.4,978.7
0,2021-02-16,239,1000.3,1002.6,998.6
0,2021-02-17,236,999.4,1004.7,993.1
0,2021-02-18,315,1007.5,1013.9,1002.7
0,2021-02-19,215,1011.7,1014.3,1009.3
0,2021-02-20,226,1007.8,1011.1,1004.7
0,2021-02-21,240,1010.7,1012.0,1009.1
0,2021-02-22,232,1006.3,1011.7,1003.2
0,2021-02-23,14,1014.0,1021.1,1008.7
0,2021-02-24,6,1021.4,1025.3,1018.5
0,2021-02-25,45,1022.3,1025.6,1020.3
0,2021-02-26,5,1020.2,1024.8,1018.0
0,2021-02-27,18,1031.2,1035.5,1025.7
0,2021-02-28,197,1030.9,1035.6,1027.2
0,2021-03-01,192,1019.1,1027.7,1010.8
0,2021-03-02,337,1010.1,1024.8,1000.3
0,2021-03-03,29,1029.5,1033.6,1025.2
0,2021-03-04,25,1029.0,1033.8,1025.8
0,2021-03-05,28,1020.0,1025.4,1016.9
0,2021-03-06,18,1020.1,1028.3,1014.0
0,2021-03-07,38,1025.5,1028.7,1023.4
0,2021-03-08,13,1024.5,1026.6,1022.2
0,2021-03-09,352,1020.7,1026.7,1017.6
0,2021-03-10,7,1023.1,1029.6,1016.3
0,2021-03-11,195,1026.5,1029.4,1024.6
0,2021-03-12,84,1020.2,1025.4,1013.0
0,2021-03-13,321,1003.3,1012.3,998.8
0,2021-03-14,349,1009.4,1013.4,1005.8
0,2021-03-15,306,1013.8,1015.8,1010.8
0,2021-03-16,265,1007.7,1011.9,1004.8
0,2021-03-17,6,1014.7,1020.4,1010.0
0,2021-03-18,349,1018.0,1020.1,1016.4
0,2021-03-19,38,1020.2,1022.4,1018.1
0,2021-03-20,179,1016.3,1021.9,1010.8
0,2021-03-21,197,1002.1,1009.6,997.4
0,2021-03-22,11,1012.8,1020.7,1006.4
0,2021-03-23,193,1021.9,1024.9,1019.9
0,2021-03-24,202,1022.1,1025.1,1020.6
0,2021-03-25,238,1015.3,1020.5,1013.0
0,2021-03-26,10,1017.6,1023.5,1012.2
0,2021-03-27,186,1020.8,1024.2,1017.4
0,2021-03-28,191,1008.6,1016.4,1000.4
0,2021-03-29,233,1004.2,1009.1,1000.5
0,2021-03-30,35,1008.2,1011.0,1006.2
0,2021-03-31,65,1013.9,1020.7,1009.7
0,2021-04-01,43,1023.1,1027.8,1019.3
0,2021-04-02,57,1026.0,1028.2,1024.5
0,2021-04-03,192,1018.2,1024.1,1013.9
0,2021-04-04,209,1007.9,1013.2,1005.0
0,2021-04-05,27,1015.3,1020.7,1007.3
0,2021-04-06,25,1016.8,1021.3,1014.4
0,2021-04-07,346,1013.2,1016.0,1010.9
0,2021-04-08,102,1013.5,1018.9,1010.6
0,2021-04-09,14,1023.0,1030.2,1017.8
0,2021-04-10,65,1031.5,1034.2,1028.9
0,2021-04-11,91,1032.8,1034.4,1031.2
0,2021-04-12,163,1028.0,1032.9,1022.7
0,2021-04-13,198,1012.4,1021.5,1004.8
0,2021-04-14,27,1009.5,1021.2,1000.8
0,2021-04-15,66,1023.5,1026.8,1020.0
0,2021-04-16,140,1024.5,1027.0,1020.9
0,2021-04-17,176,1007.1,1020.6,997.4
0,2021-04-18,267,1002.3,1009.6,996.9
0,2021-04-19,258,1012.2,1015.7,1009.4
0,2021-04-20,74,1015.4,1020.2,1013.1
0,2021-04-21,351,1019.0,1020.2,1017.6
0,2021-04-22,20,1019.5,1023.5,1015.0
0,2021-04-23,58,1021.8,1023.4,1019.7
0,2021-04-24,191,1016.9,1022.1,1012.9
0,2021-04-25,3,1012.8,1017.8,1008.8
0,2021-04-26,36,1019.9,1024.6,1014.3
0,2021-04-27,204,1021.5,1024.4,1020.6
0,2021-04-28,214,1016.5,1019.9,1013.1
0,2021-04-29,187,1002.9,1011.7,994.9
0,2021-04-30,215,1003.8,1008.5,999.8
0,2021-05-01,207,1001.4,1007.9,997.2
0,2021-05-02,280,1004.2,1013.3,996.3
0,2021-05-03,210,1014.2,1018.3,1011.6
0,2021-05-04,201,1016.1,1018.2,1014.9
0,2021-05-05,218,1014.8,1016.5,1013.0
0,2021-05-06,69,1016.1,1018.0,1014.8
0,2021-05-07,205,1008.5,1015.1,1004.6
0,2021-05-08,216,1003.6,1006.3,1001.7
0,2021-05-09,269,1003.4,1010.0,998.8
0,2021-05-10,182,1011.0,1015.0,1008.8
0,2021-05-11,66,1017.0,1021.7,1014.3
0,2021-05-12,100,1019.8,1021.6,1017.9
0,2021-05-13,21,1013.4,1017.9,1011.4
0,2021-05-14,166,1013.9,1018.3,1010.5
0,2021-05-15,182,1017.1,1018.3,1016.2
0,2021-05-16,201,1010.0,1015.7,1004.3
0,2021-05-17,216,1003.1,1006.8,1000.8
0,2021-05-18,37,1009.5,1011.7,1007.3
0,2021-05-19,4,1011.6,1015.2,1008.4
0,2021-05-20,191,1011.2,1016.2,1005.9
0,2021-05-21,210,1003.0,1005.5,1001.1
0,2021-05-22,255,1003.8,1006.7,1001.4
0,2021-05-23,199,1007.2,1008.9,1005.5
0,2021-05-24,203,1003.7,1008.1,1001.2
0,2021-05-25,198,1002.0,1007.4,999.2
0,2021-05-26,99,1009.5,1011.1,1007.8
0,2021-05-27,23,1002.2,1008.9,997.8
0,2021-05-28,207,1002.0,1005.0,998.9
0,2021-05-29,228,1002.4,1006.2,999.3
0,2021-05-30,43,1008.5,1012.8,1004.6
0,2021-05-31,122,1013.0,1016.0,1010.8
0,2021-06-01,163,1017.3,1018.9,1015.2
0,2021-06-02,179,1017.4,1018.7,1016.3
0,2021-06-03,171,1011.7,1016.7,1005.1
0,2021-06-04,179,999.2,1004.2,994.7
0,2021-06-05,169,1005.0,1008.5,1003.3
0,2021-06-06,205,1010.4,1013.5,1007.9
0,2021-06-07,177,1013.4,1014.3,1012.7
0,2021-06-08,22,1012.9,1015.6,1010.9
0,2021-06-09,94,1016.9,1019.2,1014.8
0,2021-06-10,181,1019.0,1019.9,1018.1
0,2021-06-11,178,1018.9,1019.9,1017.9
0,2021-06-12,196,1014.5,1018.1,1013.0
0,2021-06-13,208,1008.9,1012.5,1007.4
0,2021-06-14,177,1006.5,1007.7,1005.6
0,2021-06-15,167,1006.2,1007.1,1004.8
0,2021-06-16,14,1006.2,1007.3,1005.0
0,2021-06-17,35,1005.2,1006.5,1003.8
0,2021-06-18,195,1003.4,1005.5,1002.6
0,2021-06-19,211,999.7,1003.6,996.3
0,2021-06-20,41,1000.3,1004.9,996.9
0,2021-06-21,178,1005.6,1008.0,1003.9
0,2021-06-22,84,1008.6,1009.9,1007.1
0,2021-06-23,61,1010.4,1012.2,1008.3
0,2021-06-24,161,1012.1,1013.5,1010.6
0,2021-06-25,140,1012.7,1013.7,1011.7
0,2021-06-26,161,1012.4,1013.6,1011.3
0,2021-06-27,47,1007.0,1010.9,1005.4
0,2021-06-28,47,1004.3,1006.0,1001.3
0,2021-06-29,31,1005.5,1011.8,1000.3
0,2021-06-30,83,1013.2,1014.6,1012.3
0,2021-07-01,57,1011.8,1013.1,1010.5
0,2021-07-02,337,1009.5,1012.5,1008.3
0,2021-07-03,38,1011.1,1014.5,1007.9
0,2021-07-04,59,1012.8,1015.0,1009.3
0,2021-07-05,24,1008.7,1009.9,1007.7
0,2021-07-06,181,1007.9,1009.6,1005.2
0,2021-07-07,72,1006.5,1007.8,1004.5
0,2021-07-08,66,1007.0,1008.7,1005.7
0,2021-07-09,214,1006.8,1008.1,1005.7
0,2021-07-10,239,1008.9,1011.2,1006.3
0,2021-07-11,258,1010.4,1012.4,1008.1
0,2021-07-12,310,1010.9,1012.2,1009.1
0,2021-07-13,45,1013.2,1015.9,1011.0
0,2021-07-14,89,1016.6,1018.8,1014.9
0,2021-07-15,183,1019.0,1020.2,1017.7
0,2021-07-16,182,1018.6,1019.9,1017.7
0,2021-07-17,192,1016.3,1017.8,1015.6
0,2021-07-18,195,1014.5,1015.8,1013.8
0,2021-07-19,189,1014.9,1016.1,1013.9
0,2021-07-20,194,1014.5,1015.6,1013.6
0,2021-07-21,193,1013.4,1014.4,1012.5
0,2021-07-22,190,1011.6,1012.8,1010.9
0,2021-07-23,183,1010.7,1011.6,1009.7
0,2021-07-24,109,1010.5,1011.4,1009.5
0,2021-07-25,70,1008.0,1010.7,1005.8
0,2021-07-26,33,1000.4,1005.7,995.7
0,2021-07-27,288,997.7,999.1,996.2
0,2021-07-28,206,1000.5,1002.5,998.5
0,2021-07-29,191,1001.6,1002.3,1000.7
0,2021-07-30,138,1002.1,1003.0,1001.0
0,2021-07-31,128,1001.6,1003.0,1000.4
0,2021-08-01,180,1004.1,1007.7,1001.6
0,2021-08-02,158,1009.7,1012.5,1007.2
0,2021-08-03,191,1012.2,1012.6,1011.6
0,2021-08-04,193,1009.4,1011.5,1008.3
0,2021-08-05,76,1006.6,1008.2,1005.2
0,2021-08-06,133,1006.2,1007.0,1005.0
0,2021-08-07,61,1002.8,1006.0,998.8
0,2021-08-08,264,1000.4,1002.2,997.8
0,2021-08-09,210,995.6,1000.2,993.3
0,2021-08-10,220,1003.3,1010.5,996.3
0,2021-08-11,208,1011.2,1012.4,1009.8
0,2021-08-12,239,1009.7,1012.6,1008.6
0,2021-08-13,217,1008.0,1011.8,1003.4
0,2021-08-14,302,1006.3,1009.5,1003.8
0,2021-08-15,357,1013.7,1016.7,1010.0
0,2021-08-16,7,1016.4,1017.5,1015.4
0,2021-08-17,188,1012.7,1016.2,1010.6
0,2021-08-18,202,1012.4,1014.7,1010.4
0,2021-08-19,200,1015.9,1017.5,1014.7
0,2021-08-20,200,1016.2,1018.0,1015.0
0,2021-08-21,210,1013.4,1015.7,1011.7
0,2021-08-22,231,1009.9,1012.1,1008.7
0,2021-08-23,56,1009.9,1011.2,1008.2
0,2021-08-24,205,1008.5,1010.9,1007.3
0,2021-08-25,251,1008.9,1011.5,1006.7
0,2021-08-26,41,1010.6,1011.5,1010.0
0,2021-08-27,90,1010.7,1011.5,1009.6
0,2021-08-28,66,1009.5,1011.9,1008.0
0,2021-08-29,85,1012.1,1013.2,1010.4
0,2021-08-30,225,1011.5,1013.8,1009.4
0,2021-08-31,63,1012.7,1013.9,1011.8
0,2021-09-01,3,1010.3,1012.7,1007.8
0,2021-09-02,359,1008.7,1009.6,1007.6
0,2021-09-03,351,1011.3,1013.0,1009.8
0,2021-09-04,12,1014.0,1016.1,1011.6
0,2021-09-05,18,1016.4,1017.5,1014.8
0,2021-09-06,14,1015.9,1017.2,1013.9
0,2021-09-07,39,1016.2,1017.6,1014.8
0,2021-09-08,337,1013.3,1014.9,1012.2
0,2021-09-09,359,1012.0,1013.4,1010.7
0,2021-09-10,165,1012.6,1013.6,1011.8
0,2021-09-11,277,1010.8,1012.8,1009.9
0,2021-09-12,237,1012.0,1014.4,1010.4
0,2021-09-13,73,1016.7,1018.5,1014.6
0,2021-09-14,53,1015.7,1018.6,1013.7
0,2021-09-15,25,1014.0,1016.4,1011.5
0,2021-09-16,29,1016.7,1017.9,1015.3
0,2021-09-17,162,1012.6,1017.1,1007.6
0,2021-09-18,154,1006.7,1011.2,1004.4
0,2021-09-19,31,1014.0,1016.7,1011.3
0,2021-09-20,27,1017.1,1018.5,1015.6
0,2021-09-21,64,1013.8,1017.2,1011.8
0,2021-09-22,202,1009.8,1011.9,1008.6
0,2021-09-23,255,1012.9,1017.5,1010.0
0,2021-09-24,57,1019.4,1023.4,1016.3
0,2021-09-25,34,1023.4,1024.6,1022.2
0,2021-09-26,0,1020.0,1023.4,1018.0
0,2021-09-27,17,1017.4,1018.6,1016.1
0,2021-09-28,13,1016.5,1017.9,1015.2
0,2021-09-29,68,1013.4,1016.7,1010.8
0,2021-09-30,48,1007.1,1011.0,1002.6
0,2021-10-01,357,998.4,1006.5,992.6
0,2021-10-02,274,1013.1,1021.8,1007.5
0,2021-10-03,143,1024.8,1026.8,1022.7
0,2021-10-04,200,1023.2,1025.9,1021.3
0,2021-10-05,211,1016.9,1022.0,1013.6
0,2021-10-06,53,1018.1,1020.2,1015.3
0,2021-10-07,189,1019.3,1020.9,1018.4
0,2021-10-08,206,1021.2,1024.3,1018.7
0,2021-10-09,31,1025.4,1026.8,1023.9
0,2021-10-10,204,1021.4,1026.5,1018.0
0,2021-10-11,212,1018.1,1022.4,1015.3
0,2021-10-12,13,1023.2,1024.2,1021.8
0,2021-10-13,6,1020.8,1024.1,1018.7
0,2021-10-14,85,1016.1,1019.7,1014.9
0,2021-10-15,166,1014.9,1016.0,1013.1
0,2021-10-16,203,1009.3,1015.5,1005.5
0,2021-10-17,25,1017.3,1023.3,1010.0
0,2021-10-18,10,1021.9,1024.0,1019.7
0,2021-10-19,339,1009.8,1019.6,1004.4
0,2021-10-20,354,1009.8,1016.4,1004.6
0,2021-10-21,21,1016.5,1017.7,1014.9
0,2021-10-22,359,1014.9,1018.0,1013.4
0,2021-10-23,4,1022.3,1027.3,1017.5
0,2021-10-24,15,1026.0,1027.4,1024.9
0,2021-10-25,353,1019.1,1025.6,1012.4
0,2021-10-26,18,1014.5,1018.1,1011.2
0,2021-10-27,1,1015.3,1018.6,1014.0
0,2021-10-28,14,1016.9,1019.9,1013.0
0,2021-10-29,14,1021.2,1026.0,1017.2
0,2021-10-30,356,1025.0,1026.7,1023.7
0,2021-10-31,1,1022.3,1025.1,1020.6
0,2021-11-01,27,1018.1,1021.4,1016.4
0,2021-11-02,20,1013.1,1016.1,1012.0
0,2021-11-03,12,1012.4,1015.0,1010.1
0,2021-11-04,15,1014.8,1017.5,1012.7
0,2021-11-05,26,1018.4,1021.5,1015.8
0,2021-11-06,12,1021.0,1023.5,1018.9
0,2021-11-07,11,1023.2,1024.1,1021.7
0,2021-11-08,15,1016.8,1024.2,1008.4
0,2021-11-09,220,1000.9,1007.6,998.4
0,2021-11-10,229,1002.1,1005.1,999.8
0,2021-11-11,235,1005.6,1008.7,1002.7
0,2021-11-12,245,1010.7,1016.2,1006.2
0,2021-11-13,173,1017.9,1019.4,1015.6
0,2021-11-14,284,1015.7,1018.6,1014.2
0,2021-11-15,351,1017.1,1019.0,1015.3
0,2021-11-16,15,1019.6,1022.0,1016.8
0,2021-11-17,38,1020.4,1022.0,1019.4
0,2021-11-18,354,1017.7,1020.1,1016.6
0,2021-11-19,3,1015.6,1018.4,1014.1
0,2021-11-20,25,1020.2,1022.4,1017.2
0,2021-11-21,355,1019.0,1023.4,1013.3
0,2021-11-22,299,1002.3,1012.3,996.7
0,2021-11-23,242,1004.5,1006.9,1002.3
0,2021-11-24,241,1009.6,1011.8,1005.9
0,2021-11-25,246,1011.2,1015.2,1008.3
0,2021-11-26,355,1015.1,1020.6,1012.8
0,2021-11-27,342,1024.6,1029.4,1019.9
0,2021-11-28,353,1030.4,1031.6,1028.4
0,2021-11-29,8,1026.5,1030.7,1024.5
0,2021-11-30,182,1012.0,1024.7,995.6
0,2021-12-01,250,1002.8,1014.3,995.2
0,2021-12-02,61,1016.3,1018.2,1014.1
0,2021-12-03,238,1010.3,1014.8,1008.4
0,2021-12-04,9,1016.4,1027.2,1009.5
0,2021-12-05,14,1029.6,1030.9,1027.6
0,2021-12-06,353,1025.4,1030.6,1020.4
0,2021-12-07,358,1016.3,1020.7,1013.8
0,2021-12-08,11,1021.7,1027.2,1016.5
0,2021-12-09,17,1027.4,1028.4,1026.2
0,2021-12-10,354,1023.3,1027.1,1021.7
0,2021-12-11,225,1020.5,1024.0,1017.6
0,2021-12-12,288,1009.6,1018.1,1006.2
0,2021-12-13,4,1017.4,1022.8,1011.8
0,2021-12-14,347,1018.9,1022.6,1017.1
0,2021-12-15,44,1018.8,1021.1,1015.6
0,2021-12-16,232,1011.9,1021.0,1000.2
0,2021-12-17,331,1000.2,1011.8,993.8
0,2021-12-18,13,1013.9,1016.2,1011.9
0,2021-12-19,342,1012.3,1016.5,1008.3
0,2021-12-20,72,1014.6,1017.4,1012.8
0,2021-12-21,1,1010.2,1013.2,1008.7
0,2021-12-22,2,1016.0,1021.1,1011.8
0,2021-12-23,16,1020.1,1021.9,1018.4
0,2021-12-24,19,1012.7,1020.2,1006.1
0,2021-12-25,11,1008.5,1012.5,1003.4
0,2021-12-26,11,1013.6,1017.1,1010.0
0,2021-12-27,3,1015.5,1020.3,1013.5
0,2021-12-28,8,1022.7,1024.1,1020.3
0,2021-12-29,266,1013.4,1023.6,1005.5
0,2021-12-30,322,1006.2,1010.8,1002.6
0,2021-12-31,353,1013.2,1018.1,1009.2
0,2022-01-01,360,1021.7,1023.9,1018.1
0,2022-01-02,356,1017.6,1024.1,1014.8
0,2022-01-03,54,1014.0,1019.0,1010.1
0,2022-01-04,360,1015.1,1019.9,1009.6
0,2022-01-05,5,1023.2,1025.3,1019.9
0,2022-01-06,360,1019.8,1024.8,1017.3
0,2022-01-07,6,1021.1,1023.5,1018.0
0,2022-01-08,33,1019.4,1023.4,1016.5
0,2022-01-09,357,1016.4,1018.5,1014.5
0,2022-01-10,21,1016.9,1019.8,1011.2
0,2022-01-11,352,1000.1,1009.6,995.7
0,2022-01-12,348,1004.1,1006.5,1001.0
0,2022-01-13,287,1002.0,1007.9,997.1
0,2022-01-14,327,1011.6,1017.6,1006.3
0,2022-01-15,8,1019.0,1020.5,1016.7
0,2022-01-16,284,1014.2,1020.1,1012.1
0,2022-01-17,14,1010.0,1014.1,1007.3
0,2022-01-18,5,1014.5,1018.4,1010.1
0,2022-01-19,19,1014.3,1018.8,1011.4
0,2022-01-20,343,1014.2,1019.0,1009.3
0,2022-01-21,353,1022.0,1025.4,1017.9
0,2022-01-22,12,1023.5,1026.0,1022.3
0,2022-01-23,356,1016.6,1022.5,1012.4
0,2022-01-24,21,1015.8,1020.5,1010.9
0,2022-01-25,22,1018.3,1021.2,1016.4
0,2022-01-26,18,1014.6,1017.1,1012.5
0,2022-01-27,11,1015.2,1016.9,1013.9
0,2022-01-28,25,1013.7,1015.9,1012.9
0,2022-01-29,31,1010.5,1014.2,1007.9
0,2022-01-30,11,1012.6,1013.7,1011.1
0,2022-01-31,27,1015.6,1018.4,1012.1
0,2022-02-01,317,1013.4,1018.2,1010.5
0,2022-02-02,22,1016.8,1018.2,1014.9
0,2022-02-03,33,1013.7,1015.7,1011.8
0,2022-02-04,38,1008.9,1014.5,1005.4
0,2022-02-05,0,1010.2,1013.8,1006.7
0,2022-02-06,14,1015.6,1020.6,1011.7
0,2022-02-07,6,1021.2,1023.1,1019.3
0,2022-02-08,27,1021.3,1024.7,1019.1
0,2022-02-09,31,1021.9,1024.7,1020.2
0,2022-02-10,0,1016.5,1020.5,1014.8
0,2022-02-11,26,1021.1,1024.3,1017.8
0,2022-02-12,44,1022.3,1024.5,1021.0
0,2022-02-13,8,1018.5,1022.1,1015.8
0,2022-02-14,38,1017.4,1018.8,1015.6
0,2022-02-15,251,1008.6,1016.7,1005.2
0,2022-02-16,244,1005.8,1007.9,1004.2
0,2022-02-17,312,1013.4,1020.2,1007.6
0,2022-02-18,349,1024.5,1026.8,1021.8
0,2022-02-19,9,1013.0,1025.4,1003.1
0,2022-02-20,14,1005.5,1013.2,998.5
0,2022-02-21,41,1015.5,1017.1,1012.7
0,2022-02-22,27,1017.4,1021.6,1013.2
0,2022-02-23,17,1019.8,1021.6,1018.1
0,2022-02-24,10,1019.4,1021.4,1017.7
0,2022-02-25,24,1019.4,1021.5,1017.4
0,2022-02-26,214,1013.9,1021.1,1009.4
0,2022-02-27,337,1013.4,1020.5,1006.8
0,2022-02-28,357,1017.9,1020.4,1015.2
0,2022-03-01,272,1008.3,1015.7,1005.5
0,2022-03-02,49,1009.1,1010.9,1007.9
0,2022-03-03,25,1012.1,1019.4,1006.2
0,2022-03-04,125,1013.6,1019.1,1008.8
0,2022-03-05,254,1002.2,1008.2,999.3
0,2022-03-06,329,1008.7,1014.3,1004.1
0,2022-03-07,2,1015.3,1016.9,1013.7
0,2022-03-08,13,1017.3,1020.7,1014.8
0,2022-03-09,36,1020.5,1023.2,1018.0
0,2022-03-10,72,1021.3,1023.0,1020.1
0,2022-03-11,214,1015.5,1021.4,1013.6
0,2022-03-12,2,1016.5,1018.7,1014.3
0,2022-03-13,215,1012.8,1018.7,1009.2
0,2022-03-14,46,1009.4,1012.7,1006.3
0,2022-03-15,26,1009.5,1015.0,1004.0
0,2022-03-16,251,1012.8,1016.9,1008.9
0,2022-03-17,51,1017.5,1018.8,1015.6
0,2022-03-18,5,1003.8,1018.8,991.8
0,2022-03-19,14,1000.6,1010.5,994.1
0,2022-03-20,8,1015.0,1021.2,1011.1
0,2022-03-21,33,1020.1,1022.0,1019.2
0,2022-03-22,9,1019.6,1021.4,1018.2
0,2022-03-23,21,1016.8,1021.7,1014.1
0,2022-03-24,28,1019.2,1026.8,1014.4
0,2022-03-25,187,1025.1,1027.3,1020.2
0,2022-03-26,195,1006.4,1019.3,997.9
0,2022-03-27,26,1008.5,1017.1,1002.9
0,2022-03-28,21,1024.2,1030.6,1017.6
0,2022-03-29,357,1028.0,1031.3,1025.3
0,2022-03-30,197,1019.0,1025.6,1014.3
0,2022-03-31,45,1015.8,1021.7,1011.8
0,2022-04-01,17,1024.2,1029.0,1019.9
0,2022-04-02,70,1027.8,1029.4,1025.5
0,2022-04-03,351,1027.8,1030.1,1026.0
0,2022-04-04,353,1021.1,1025.8,1019.0
0,2022-04-05,68,1020.1,1021.6,1018.6
0,2022-04-06,249,1016.0,1018.7,1013.7
0,2022-04-07,60,1013.5,1018.9,1010.4
0,2022-04-08,176,1017.9,1019.7,1015.8
0,2022-04-09,210,1016.9,1019.0,1014.5
0,2022-04-10,196,1019.0,1019.7,1017.7
0,2022-04-11,197,1016.0,1019.7,1014.0
0,2022-04-12,203,1011.7,1013.9,1010.8
0,2022-04-13,162,1012.8,1018.4,1009.4
0,2022-04-14,25,1016.8,1020.1,1012.2
0,2022-04-15,23,1007.3,1013.1,1004.0
0,2022-04-16,22,1012.6,1019.0,1006.0
0,2022-04-17,17,1019.3,1020.6,1017.8
0,2022-04-18,18,1014.1,1019.5,1011.9
0,2022-04-19,85,1016.7,1020.9,1013.1
0,2022-04-20,5,1020.4,1021.6,1018.8
0,2022-04-21,211,1014.5,1021.4,1007.6
0,2022-04-22,205,1008.2,1009.3,1007.0
0,2022-04-23,35,1011.7,1016.1,1007.3
0,2022-04-24,355,1012.5,1015.9,1010.0
0,2022-04-25,184,1014.5,1015.7,1013.0
0,2022-04-26,201,1006.5,1012.9,1002.2
0,2022-04-27,270,1010.9,1020.1,1005.1
0,2022-04-28,35,1017.4,1020.7,1014.2
0,2022-04-29,15,1006.6,1014.7,997.3
0,2022-04-30,94,1016.5,1019.3,1013.2
0,2022-05-01,48,1008.0,1012.7,1005.8
0,2022-05-02,71,1010.2,1015.6,1006.7
0,2022-05-03,183,1018.2,1020.6,1015.9
0,2022-05-04,210,1020.0,1022.8,1017.7
0,2022-05-05,185,1022.1,1023.5,1021.2
0,2022-05-06,169,1020.2,1022.8,1017.9
0,2022-05-07,36,1013.6,1017.6,1011.7
0,2022-05-08,69,1016.0,1018.2,1014.0
0,2022-05-09,7,1018.3,1020.2,1016.6
0,2022-05-10,35,1019.6,1020.7,1018.0
0,2022-05-11,173,1018.5,1020.3,1017.6
0,2022-05-12,179,1014.4,1017.7,1010.5
0,2022-05-13,215,1005.2,1010.8,1000.3
0,2022-05-14,12,1004.2,1010.6,999.4
0,2022-05-15,51,1010.8,1011.8,1009.2
0,2022-05-16,354,1012.0,1013.6,1010.4
0,2022-05-17,316,1016.2,1019.5,1014.1
0,2022-05-18,187,1018.7,1020.2,1017.3
0,2022-05-19,198,1016.0,1019.2,1014.9
0,2022-05-20,184,1013.6,1016.0,1012.3
0,2022-05-21,23,1008.2,1013.0,1004.8
0,2022-05-22,75,1004.6,1007.2,1002.2
0,2022-05-23,85,1013.0,1016.7,1008.4
0,2022-05-24,185,1015.1,1016.7,1014.2
0,2022-05-25,179,1012.0,1014.5,1010.9
0,2022-05-26,172,1007.2,1011.1,1000.8
0,2022-05-27,184,997.7,1000.7,995.3
0,2022-05-28,6,1002.9,1006.0,1000.1
0,2022-05-29,209,1004.8,1005.8,1004.0
0,2022-05-30,72,1004.9,1007.0,1002.8
0,2022-05-31,22,1004.6,1008.3,1001.2
0,2022-06-01,166,1007.8,1008.9,1006.9
0,2022-06-02,205,1006.9,1008.6,1006.1
0,2022-06-03,37,1008.4,1012.2,1004.8
0,2022-06-04,186,1010.9,1012.2,1010.1
0,2022-06-05,196,1007.7,1010.3,1004.2
0,2022-06-06,36,995.7,1003.5,992.2
0,2022-06-07,46,1004.8,1010.8,997.2
0,2022-06-08,38,1012.6,1015.6,1010.0
0,2022-06-09,81,1015.7,1017.3,1014.1
0,2022-06-10,177,1016.1,1017.1,1015.0
0,2022-06-11,21,1010.6,1016.1,1006.0
0,2022-06-12,6,1008.4,1011.6,1005.4
0,2022-06-13,76,1014.7,1017.1,1011.8
0,2022-06-14,28,1016.6,1018.1,1015.2
0,2022-06-15,13,1011.4,1015.9,1009.6
0,2022-06-16,219,1008.5,1010.7,1007.4
0,2022-06-17,235,1009.2,1011.3,1007.5
0,2022-06-18,194,1008.7,1011.1,1007.0
0,2022-06-19,202,1006.0,1008.9,1004.5
0,2022-06-20,216,1004.6,1006.9,1002.7
0,2022-06-21,164,1007.8,1009.1,1006.9
0,2022-06-22,91,1009.8,1011.3,1007.9
0,2022-06-23,184,1009.8,1011.7,1006.4
0,2022-06-24,215,1003.9,1006.0,1002.8
0,2022-06-25,217,1008.3,1012.4,1005.1
0,2022-06-26,212,1011.9,1013.0,1010.5
0,2022-06-27,192,1011.5,1012.8,1010.1
0,2022-06-28,205,1009.3,1011.7,1008.0
0,2022-06-29,214,1008.8,1011.5,1006.3
0,2022-06-30,162,1012.3,1014.8,1010.6
0,2022-07-01,203,1014.1,1015.2,1013.1
0,2022-07-02,203,1012.3,1014.9,1011.1
0,2022-07-03,219,1009.4,1011.4,1008.1
0,2022-07-04,216,1009.0,1009.6,1007.4
0,2022-07-05,165,1006.4,1009.6,1004.0
0,2022-07-06,18,1006.9,1009.5,1003.6
0,2022-07-07,38,1008.5,1010.1,1007.2
0,2022-07-08,44,1004.8,1007.9,1003.3
0,2022-07-09,200,1003.4,1006.1,1001.8
0,2022-07-10,183,1006.4,1007.7,1005.0
0,2022-07-11,160,1007.6,1009.1,1006.0
0,2022-07-12,169,1005.7,1007.4,1004.4
0,2022-07-13,66,1004.5,1005.2,1003.8
0,2022-07-14,119,1003.5,1004.9,1002.0
0,2022-07-15,147,1001.0,1002.4,999.8
0,2022-07-16,190,1001.6,1003.1,999.7
0,2022-07-17,205,1000.3,1002.8,998.3
0,2022-07-18,210,1003.1,1004.2,1002.3
0,2022-07-19,219,1000.1,1002.3,998.8
0,2022-07-20,359,1003.5,1005.9,1001.2
0,2022-07-21,183,1003.3,1006.1,1000.6
0,2022-07-22,196,998.3,1000.5,996.3
0,2022-07-23,207,1003.1,1007.0,999.8
0,2022-07-24,200,1007.7,1010.0,1005.9
0,2022-07-25,187,1009.7,1010.6,1008.9
0,2022-07-26,199,1010.7,1011.6,1009.6
0,2022-07-27,198,1011.8,1013.5,1010.3
0,2022-07-28,204,1014.6,1016.1,1013.3
0,2022-07-29,206,1015.0,1016.4,1013.6
0,2022-07-30,204,1013.0,1014.9,1012.2
0,2022-07-31,221,1012.3,1013.5,1010.8
0,2022-08-01,194,1011.7,1013.1,1010.4
0,2022-08-02,178,1010.1,1012.4,1009.2
0,2022-08-03,90,1006.6,1008.9,1004.5
0,2022-08-04,57,1007.6,1009.2,1006.9
0,2022-08-05,65,1008.4,1010.2,1006.4
0,2022-08-06,151,1010.5,1011.8,1008.7
0,2022-08-07,192,1011.4,1012.4,1010.4
0,2022-08-08,206,1010.4,1012.1,1009.6
0,2022-08-09,208,1009.1,1010.3,1007.9
0,2022-08-10,197,1010.0,1010.9,1008.8
0,2022-08-11,202,1009.6,1010.4,1008.6
0,2022-08-12,203,1009.9,1010.6,1009.4
0,2022-08-13,198,1006.1,1010.2,1001.3
0,2022-08-14,225,1005.2,1006.2,1004.0
0,2022-08-15,215,1004.7,1006.7,1002.8
0,2022-08-16,224,1003.6,1006.9,1001.7
0,2022-08-17,111,1008.0,1010.3,1005.2
0,2022-08-18,254,1002.7,1004.9,999.9
0,2022-08-19,176,1003.6,1004.8,1002.5
0,2022-08-20,197,1002.0,1003.8,1000.3
0,2022-08-21,23,1005.7,1007.9,1003.6
0,2022-08-22,115,1007.2,1008.5,1006.1
0,2022-08-23,199,1004.6,1006.7,1003.6
0,2022-08-24,36,1005.9,1007.6,1004.2
0,2022-08-25,185,1005.1,1006.9,1003.3
0,2022-08-26,185,1004.8,1005.5,1003.5
0,2022-08-27,192,1005.4,1008.5,1003.5
0,2022-08-28,38,1014.5,1018.6,1010.2
0,2022-08-29,26,1017.5,1019.3,1015.7
0,2022-08-30,119,1012.4,1016.3,1010.2
0,2022-08-31,199,1009.0,1010.5,1007.4
0,2022-09-01,206,1010.9,1014.1,1008.4
0,2022-09-02,29,1016.2,1017.2,1015.0
0,2022-09-03,52,1016.0,1017.0,1014.5
0,2022-09-04,72,1015.5,1017.1,1014.1
0,2022-09-05,110,1014.5,1016.4,1013.3
0,2022-09-06,192,1010.5,1013.0,1009.5
0,2022-09-07,76,1012.8,1014.3,1011.3
0,2022-09-08,22,1014.5,1016.3,1013.4
0,2022-09-09,39,1014.2,1015.7,1012.0
0,2022-09-10,28,1015.8,1017.0,1014.1
0,2022-09-11,25,1015.0,1016.8,1013.7
0,2022-09-12,32,1014.4,1015.5,1012.6
0,2022-09-13,71,1014.4,1015.7,1012.8
0,2022-09-14,48,1015.6,1017.1,1013.6
0,2022-09-15,69,1014.4,1016.1,1013.0
0,2022-09-16,49,1013.9,1015.1,1012.5
0,2022-09-17,89,1013.5,1015.4,1012.3
0,2022-09-18,176,1008.7,1011.7,1005.5
0,2022-09-19,193,998.9,1004.4,995.0
0,2022-09-20,16,1005.4,1012.9,996.6
0,2022-09-21,26,1017.4,1021.0,1013.6
0,2022-09-22,1,1018.0,1021.5,1015.3
0,2022-09-23,171,1010.4,1015.4,1006.8
0,2022-09-24,37,1010.3,1015.5,1007.7
0,2022-09-25,41,1015.4,1016.6,1013.7
0,2022-09-26,75,1015.0,1016.3,1013.7
0,2022-09-27,33,1012.5,1015.4,1010.5
0,2022-09-28,72,1010.1,1012.8,1007.7
0,2022-09-29,0,1014.2,1016.6,1012.4
0,2022-09-30,19,1015.8,1016.7,1014.6
0,2022-10-01,20,1017.1,1020.3,1014.4
0,2022-10-02,31,1021.4,1023.0,1019.5
0,2022-10-03,194,1018.7,1023.2,1014.6
0,2022-10-04,217,1009.4,1014.4,1006.9
0,2022-10-05,36,1015.8,1019.8,1011.2
0,2022-10-06,5,1020.1,1021.6,1018.6
0,2022-10-07,348,1013.8,1019.0,1011.4
0,2022-10-08,24,1021.5,1025.5,1017.4
0,2022-10-09,5,1018.8,1025.3,1011.5
0,2022-10-10,207,1007.3,1010.6,1005.3
0,2022-10-11,13,1015.7,1022.5,1010.5
0,2022-10-12,9,1024.5,1026.1,1023.0
0,2022-10-13,353,1021.4,1026.1,1018.9
0,2022-10-14,3,1017.2,1020.0,1015.8
0,2022-10-15,10,1017.5,1019.7,1015.4
0,2022-10-16,61,1016.0,1019.9,1012.0
0,2022-10-17,334,1007.7,1012.0,1006.0
0,2022-10-18,38,1015.4,1020.6,1011.2
0,2022-10-19,21,1021.6,1026.1,1018.5
0,2022-10-20,317,1026.1,1027.8,1024.2
0,2022-10-21,219,1023.0,1027.8,1020.6
0,2022-10-22,254,1014.9,1020.1,1011.1
0,2022-10-23,27,1009.5,1013.5,1007.2
0,2022-10-24,8,1014.7,1016.5,1013.0
0,2022-10-25,359,1021.2,1025.4,1016.9
0,2022-10-26,16,1025.1,1026.5,1023.1
0,2022-10-27,354,1024.8,1027.4,1023.6
0,2022-10-28,2,1021.8,1024.9,1020.2
0,2022-10-29,9,1020.4,1022.3,1018.5
0,2022-10-30,19,1022.3,1024.8,1020.1
0,2022-10-31,12,1024.5,1025.8,1022.7
0,2022-11-01,359,1019.6,1024.0,1017.2
0,2022-11-02,92,1016.1,1018.4,1014.6
0,2022-11-03,241,1010.2,1015.2,1008.1
0,2022-11-04,44,1013.6,1018.8,1008.9
0,2022-11-05,18,1019.1,1022.3,1017.3
0,2022-11-06,24,1022.2,1023.2,1020.6
0,2022-11-07,357,1019.4,1023.6,1017.1
0,2022-11-08,11,1020.5,1026.4,1016.4
0,2022-11-09,12,1024.4,1026.3,1023.4
0,2022-11-10,305,1022.4,1026.2,1020.5
0,2022-11-11,14,1026.2,1027.3,1024.8
0,2022-11-12,210,1020.2,1025.8,1014.7
0,2022-11-13,300,1006.9,1014.3,1002.5
0,2022-11-14,46,1011.2,1013.1,1010.0
0,2022-11-15,3,1009.5,1013.1,1008.0
0,2022-11-16,13,1016.7,1022.1,1012.8
0,2022-11-17,13,1023.1,1025.9,1020.7
0,2022-11-18,15,1023.3,1026.1,1021.9
0,2022-11-19,36,1023.6,1024.9,1021.7
0,2022-11-20,350,1020.5,1024.9,1017.4
0,2022-11-21,6,1016.7,1019.1,1014.8
0,2022-11-22,20,1019.0,1020.5,1017.2
0,2022-11-23,342,1009.5,1019.6,1003.8
0,2022-11-24,7,1014.4,1021.0,1008.6
0,2022-11-25,99,1019.8,1021.6,1017.1
0,2022-11-26,342,1011.6,1016.9,1009.5
0,2022-11-27,1,1021.6,1027.5,1015.2
0,2022-11-28,274,1024.1,1027.8,1019.3
0,2022-11-29,204,1010.0,1018.5,1005.1
0,2022-11-30,0,1012.0,1018.1,1006.5
0,2022-12-01,11,1016.9,1018.3,1015.7
0,2022-12-02,9,1023.7,1026.6,1019.1
0,2022-12-03,344,1020.1,1027.1,1016.5
0,2022-12-04,356,1017.9,1020.9,1014.2
0,2022-12-05,352,1017.9,1021.1,1015.4
0,2022-12-06,6,1013.6,1016.4,1011.6
0,2022-12-07,52,1015.5,1016.7,1014.5
0,2022-12-08,13,1019.0,1022.0,1015.7
0,2022-12-09,16,1018.7,1022.6,1017.3
0,2022-12-10,14,1013.9,1018.5,1010.0
0,2022-12-11,19,1014.2,1020.3,1009.6
0,2022-12-12,27,1019.0,1021.4,1014.3
0,2022-12-13,265,1007.4,1014.4,1003.9
0,2022-12-14,322,1010.6,1015.6,1004.1
0,2022-12-15,34,1014.6,1016.3,1011.6
0,2022-12-16,0,1018.8,1021.3,1015.1
0,2022-12-17,323,1009.2,1019.0,1002.3
0,2022-12-18,231,1008.6,1014.5,1002.5
0,2022-12-19,261,1016.2,1021.1,1012.1
0,2022-12-20,28,1020.5,1022.1,1019.1
0,2022-12-21,353,1011.2,1020.3,996.5
0,2022-12-22,235,991.4,996.2,987.4
0,2022-12-23,233,995.3,996.7,993.9
0,2022-12-24,288,1001.1,1005.2,996.9
0,2022-12-25,343,1006.6,1011.3,1003.3
0,2022-12-26,348,1014.9,1019.2,1010.9
0,2022-12-27,9,1022.0,1023.4,1018.9
0,2022-12-28,299,1018.9,1024.2,1017.0
0,2022-12-29,17,1019.6,1023.4,1016.2
0,2022-12-30,19,1022.3,1024.1,1020.7
0,2022-12-31,18,1020.9,1023.9,1020.0
0,2023-01-01,12,1017.3,1021.0,1015.8
0,2023-01-02,12,1018.6,1020.1,1016.6
0,2023-01-03,11,1017.2,1019.6,1015.4
0,2023-01-04,4,1018.8,1022.0,1015.6
0,2023-01-05,17,1021.2,1022.7,1019.7
0,2023-01-06,33,1017.1,1022.1,1013.6
0,2023-01-07,26,1013.0,1018.2,1010.2
0,2023-01-08,21,1019.4,1020.5,1018.1
0,2023-01-09,328,1013.5,1019.5,1011.0
0,2023-01-10,350,1020.6,1024.7,1016.1
0,2023-01-11,34,1023.8,1025.3,1022.9
0,2023-01-12,11,1023.9,1024.9,1022.2
0,2023-01-13,217,1015.6,1024.4,1008.9
0,2023-01-14,4,1006.0,1009.8,1003.6
0,2023-01-15,15,1009.0,1010.9,1006.5
0,2023-01-16,25,1014.2,1022.2,1007.5
0,2023-01-17,24,1020.4,1023.4,1016.9
0,2023-01-18,23,1016.8,1021.2,1012.9
0,2023-01-19,44,1019.8,1022.4,1016.4
0,2023-01-20,352,1013.2,1019.2,1009.2
0,2023-01-21,360,1023.2,1025.3,1019.4
0,2023-01-22,7,1022.5,1025.6,1020.4
0,2023-01-23,0,1012.9,1021.4,1002.7
0,2023-01-24,334,1001.4,1013.9,990.5
0,2023-01-25,350,1016.9,1018.7,1012.9
0,2023-01-26,335,1014.5,1019.2,1012.8
0,2023-01-27,354,1004.3,1011.5,1000.6
0,2023-01-28,8,1009.9,1014.4,1006.6
0,2023-01-29,23,1012.0,1015.0,1010.6
0,2023-01-30,347,1012.5,1018.6,1006.9
0,2023-01-31,354,1017.4,1018.8,1016.0
0,2023-02-01,245,1010.7,1017.2,1007.0
0,2023-02-02,5,1018.2,1020.1,1015.9
0,2023-02-03,37,1018.3,1020.0,1017.1
0,2023-02-04,349,1016.6,1022.5,1012.9
0,2023-02-05,29,1021.3,1023.2,1020.3
0,2023-02-06,357,1019.2,1021.4,1017.7
0,2023-02-07,16,1015.0,1020.1,1012.4
0,2023-02-08,23,1018.3,1024.7,1014.4
0,2023-02-09,4,1026.6,1029.0,1024.2
0,2023-02-10,349,1015.4,1026.1,1008.3
0,2023-02-11,30,1021.7,1024.7,1016.9
0,2023-02-12,253,1016.8,1024.2,1011.1
0,2023-02-13,9,1006.4,1011.2,1003.8
0,2023-02-14,10,1011.7,1017.8,1007.4
0,2023-02-15,17,1022.4,1027.9,1017.7
0,2023-02-16,37,1026.8,1028.5,1025.6
0,2023-02-17,16,1024.9,1027.5,1023.6
0,2023-02-18,227,1016.4,1025.2,1007.3
0,2023-02-19,268,1004.4,1010.2,999.4
0,2023-02-20,17,1012.7,1020.9,1007.6
0,2023-02-21,4,1025.2,1031.3,1020.0
0,2023-02-22,110,1026.0,1031.1,1021.6
0,2023-02-23,8,1017.7,1021.8,1015.7
0,2023-02-24,4,1015.3,1017.3,1014.3
0,2023-02-25,360,1020.8,1026.4,1016.8
0,2023-02-26,356,1027.1,1031.8,1023.5
0,2023-02-27,209,1030.1,1032.4,1028.7
0,2023-02-28,222,1023.2,1029.0,1020.6
0,2023-03-01,216,1013.6,1020.8,1006.9
0,2023-03-02,354,1015.0,1024.8,1005.8
0,2023-03-03,258,1024.2,1025.4,1022.4
0,2023-03-04,5,1024.6,1027.6,1021.7
0,2023-03-05,21,1025.1,1027.9,1023.9
0,2023-03-06,30,1020.9,1023.8,1019.2
0,2023-03-07,192,1021.1,1022.7,1019.3
0,2023-03-08,203,1020.2,1023.0,1018.8
0,2023-03-09,204,1018.2,1021.6,1016.7
0,2023-03-10,321,1019.6,1025.8,1014.4
0,2023-03-11,108,1025.7,1027.2,1023.5
0,2023-03-12,173,1020.1,1026.3,1013.7
0,2023-03-13,346,1013.6,1021.2,1008.5
0,2023-03-14,57,1024.0,1028.4,1020.4
0,2023-03-15,166,1025.9,1028.2,1024.4
0,2023-03-16,223,1020.4,1025.0,1018.6
0,2023-03-17,37,1019.1,1021.2,1016.2
0,2023-03-18,18,1012.3,1018.0,1009.1
0,2023-03-19,110,1018.7,1020.9,1017.0
0,2023-03-20,193,1017.9,1020.8,1016.6
0,2023-03-21,213,1015.4,1018.3,1014.2
0,2023-03-22,57,1017.2,1018.9,1014.9
0,2023-03-23,210,1006.3,1016.7,1000.2
0,2023-03-24,35,1011.1,1016.4,1004.3
0,2023-03-25,8,1017.0,1018.7,1015.5
0,2023-03-26,357,1008.5,1014.3,1004.4
0,2023-03-27,29,1018.3,1022.4,1014.5
0,2023-03-28,9,1022.3,1023.9,1020.8
0,2023-03-29,41,1020.6,1022.6,1019.0
0,2023-03-30,169,1018.9,1021.5,1017.7
0,2023-03-31,205,1016.2,1019.4,1015.2
0,2023-04-01,40,1016.3,1018.2,1014.3
0,2023-04-02,35,1018.8,1022.6,1016.3
0,2023-04-03,39,1023.4,1025.4,1020.7
0,2023-04-04,171,1023.9,1025.8,1022.3
0,2023-04-05,203,1020.1,1023.7,1017.7
0,2023-04-06,206,1014.9,1017.2,1012.3
0,2023-04-07,199,1005.6,1012.2,1001.8
0,2023-04-08,358,1007.0,1016.2,1000.6
0,2023-04-09,313,1018.0,1020.3,1015.2
0,2023-04-10,212,1017.4,1020.5,1016.1
0,2023-04-11,209,1014.6,1018.3,1011.9
0,2023-04-12,248,1010.8,1019.0,1006.3
0,2023-04-13,199,1018.0,1019.1,1017.0
0,2023-04-14,203,1013.9,1017.6,1012.0
0,2023-04-15,318,999.9,1011.9,992.2
0,2023-04-16,356,998.5,1006.2,993.2
0,2023-04-17,9,1015.2,1020.1,1006.7
0,2023-04-18,239,1013.1,1019.9,1008.4
0,2023-04-19,34,1009.7,1012.0,1007.2
0,2023-04-20,201,1007.6,1011.4,1005.6
0,2023-04-21,22,1005.0,1011.2,1001.4
0,2023-04-22,17,1015.5,1021.6,1011.5
0,2023-04-23,1,1020.5,1023.6,1017.9
0,2023-04-24,348,1022.8,1024.6,1020.6
0,2023-04-25,147,1018.5,1024.5,1009.5
0,2023-04-26,313,1005.9,1016.4,999.1
0,2023-04-27,205,1020.6,1023.0,1017.2
0,2023-04-28,201,1019.1,1022.6,1017.3
0,2023-04-29,199,1009.3,1016.6,1000.8
0,2023-04-30,242,1005.4,1010.8,1001.3
0,2023-05-01,28,1012.9,1019.0,1008.9
0,2023-05-02,355,1023.2,1026.6,1019.7
0,2023-05-03,203,1022.3,1025.9,1021.0
0,2023-05-04,205,1017.0,1021.6,1015.4
0,2023-05-05,208,1011.3,1015.7,1008.5
0,2023-05-06,214,1006.0,1007.6,1005.0
0,2023-05-07,304,1004.0,1007.2,998.0
0,2023-05-08,27,1009.9,1016.9,1000.8
0,2023-05-09,37,1014.9,1017.2,1013.9
0,2023-05-10,98,1014.6,1018.2,1011.5
0,2023-05-11,35,1018.9,1021.1,1016.4
0,2023-05-12,167,1020.1,1021.4,1019.0
0,2023-05-13,178,1018.6,1020.8,1017.1
0,2023-05-14,147,1013.7,1017.0,1011.7
0,2023-05-15,5,1010.2,1012.2,1008.6
0,2023-05-16,213,1011.7,1013.7,1009.5
0,2023-05-17,211,1013.0,1015.4,1010.5
0,2023-05-18,198,1012.7,1015.4,1011.5
0,2023-05-19,169,1008.4,1011.7,1005.5
0,2023-05-20,36,1008.8,1010.5,1007.1
0,2023-05-21,199,1005.2,1008.8,1003.2
0,2023-05-22,2,1003.6,1005.9,1001.2
0,2023-05-23,4,1003.5,1007.7,1001.4
0,2023-05-24,327,1014.9,1021.8,1008.6
0,2023-05-25,165,1023.2,1024.8,1022.0
0,2023-05-26,185,1023.1,1024.5,1022.3
0,2023-05-27,187,1021.7,1023.7,1020.0
0,2023-05-28,205,1014.3,1019.4,1011.1
0,2023-05-29,28,1007.7,1010.3,1006.1
0,2023-05-30,160,1008.4,1012.1,1006.3
0,2023-05-31,23,1012.4,1014.4,1010.4
0,2023-06-01,182,1010.5,1014.5,1003.2
0,2023-06-02,206,998.1,1005.1,995.7
0,2023-06-03,53,1002.4,1008.6,997.6
0,2023-06-04,205,1007.1,1008.7,1005.4
0,2023-06-05,200,1008.6,1009.3,1007.3
0,2023-06-06,211,1007.6,1009.4,1006.4
0,2023-06-07,169,1009.2,1012.2,1006.5
0,2023-06-08,175,1008.9,1012.2,1001.8
0,2023-06-09,257,1005.6,1010.5,1002.0
0,2023-06-10,185,1011.6,1012.7,1010.9
0,2023-06-11,35,1010.1,1012.2,1008.5
0,2023-06-12,40,1005.3,1009.2,1001.4
0,2023-06-13,203,1004.2,1006.6,1002.5
0,2023-06-14,31,1005.7,1007.1,1004.3
0,2023-06-15,82,1005.5,1007.4,1004.2
0,2023-06-16,347,1009.5,1013.6,1005.4
0,2023-06-17,197,1009.6,1013.0,1007.3
0,2023-06-18,180,1003.3,1006.7,1001.7
0,2023-06-19,52,1006.4,1010.8,1002.7
0,2023-06-20,134,1011.4,1012.8,1009.8
0,2023-06-21,164,1011.2,1013.2,1010.2
0,2023-06-22,29,1007.3,1010.8,1005.6
0,2023-06-23,21,1009.1,1012.3,1006.6
0,2023-06-24,119,1013.4,1015.0,1011.8
0,2023-06-25,159,1013.7,1014.9,1012.5
0,2023-06-26,174,1013.7,1014.9,1012.5
0,2023-06-27,201,1013.0,1014.6,1011.6
0,2023-06-28,220,1007.5,1011.5,1005.6
0,2023-06-29,230,1005.1,1006.2,1003.3
0,2023-06-30,216,1003.0,1004.7,1001.9
0,2023-07-01,223,1004.3,1007.1,1002.6
0,2023-07-02,177,1007.6,1008.4,1006.8
0,2023-07-03,36,1004.5,1007.1,1003.1
0,2023-07-04,127,1004.3,1005.2,1003.1
0,2023-07-05,187,1002.3,1004.6,1000.4
0,2023-07-06,214,1004.5,1008.3,1001.5
0,2023-07-07,190,1007.8,1009.2,1006.0
0,2023-07-08,219,1005.3,1006.2,1004.4
0,2023-07-09,222,1004.6,1006.1,1003.7
0,2023-07-10,225,1006.2,1008.5,1004.2
0,2023-07-11,222,1006.7,1008.4,1005.0
0,2023-07-12,221,1004.1,1005.7,1003.0
0,2023-07-13,254,1006.4,1008.8,1004.5
0,2023-07-14,214,1008.0,1009.2,1006.7
0,2023-07-15,217,1008.0,1009.0,1006.9
0,2023-07-16,229,1010.1,1013.0,1007.8
0,2023-07-17,131,1012.5,1013.4,1011.1
0,2023-07-18,207,1009.1,1012.3,1006.9
0,2023-07-19,208,1002.9,1006.4,999.7
0,2023-07-20,79,1008.7,1012.8,1005.4
0,2023-07-21,71,1015.3,1017.6,1012.7
0,2023-07-22,92,1017.1,1018.1,1015.7
0,2023-07-23,175,1015.0,1016.7,1013.9
0,2023-07-24,189,1014.2,1015.4,1013.0
0,2023-07-25,180,1014.6,1016.1,1013.5
0,2023-07-26,182,1014.5,1016.1,1013.4
0,2023-07-27,192,1014.3,1015.4,1013.0
0,2023-07-28,192,1015.4,1016.5,1014.1
0,2023-07-29,194,1015.5,1016.6,1014.9
0,2023-07-30,196,1014.0,1015.7,1012.5
0,2023-07-31,201,1012.1,1013.6,1010.1
0,2023-08-01,200,1012.3,1014.4,1011.4
0,2023-08-02,200,1010.6,1012.3,1009.5
0,2023-08-03,208,1008.3,1010.3,1007.3
0,2023-08-04,211,1005.3,1007.2,1004.2
0,2023-08-05,190,1003.9,1004.9,1002.8
0,2023-08-06,179,1003.8,1005.4,1002.2
0,2023-08-07,160,1006.5,1008.2,1004.5
0,2023-08-08,149,1009.1,1011.6,1006.7
0,2023-08-09,161,1012.2,1013.2,1011.4
0,2023-08-10,84,1010.5,1012.9,1009.2
0,2023-08-11,38,1005.5,1008.7,1004.2
0,2023-08-12,60,1003.3,1004.5,1001.4
0,2023-08-13,56,1004.1,1005.0,1002.7
0,2023-08-14,115,1004.1,1005.3,1002.4
0,2023-08-15,185,1005.0,1006.1,1003.8
0,2023-08-16,195,1005.4,1007.0,1003.9
0,2023-08-17,207,1007.6,1009.6,1005.8
0,2023-08-18,185,1010.0,1011.8,1008.1
0,2023-08-19,181,1011.5,1012.4,1010.2
0,2023-08-20,24,1011.2,1012.4,1010.0
0,2023-08-21,75,1010.6,1011.4,1009.0
0,2023-08-22,83,1011.3,1012.5,1009.6
0,2023-08-23,185,1012.7,1013.9,1011.6
0,2023-08-24,189,1012.4,1013.9,1011.7
0,2023-08-25,186,1010.7,1012.2,1009.7
0,2023-08-26,21,1009.6,1011.0,1008.5
0,2023-08-27,34,1006.7,1009.1,1005.5
0,2023-08-28,208,1009.4,1013.2,1006.5
0,2023-08-29,195,1013.5,1015.4,1011.4
0,2023-08-30,192,1015.5,1016.6,1013.8
0,2023-08-31,190,1015.7,1016.8,1014.8
0,2023-09-01,188,1013.2,1015.3,1011.9
0,2023-09-02,174,1012.3,1013.4,1010.8
0,2023-09-03,53,1011.5,1013.8,1009.8
0,2023-09-04,190,1008.8,1010.4,1007.8
0,2023-09-05,209,1006.6,1008.6,1005.4
0,2023-09-06,237,1005.5,1008.2,1003.0
0,2023-09-07,47,1010.7,1012.9,1009.2
0,2023-09-08,348,1008.3,1012.2,1006.6
0,2023-09-09,205,1009.4,1011.7,1007.3
0,2023-09-10,186,1011.4,1012.5,1009.9
0,2023-09-11,172,1012.2,1013.0,1011.0
0,2023-09-12,171,1012.3,1013.8,1010.5
0,2023-09-13,172,1012.9,1013.8,1011.5
0,2023-09-14,203,1011.7,1012.9,1010.6
0,2023-09-15,23,1013.6,1015.1,1011.8
0,2023-09-16,196,1013.4,1014.8,1012.0
0,2023-09-17,198,1013.4,1014.4,1012.1
0,2023-09-18,203,1013.5,1015.0,1012.6
0,2023-09-19,223,1011.7,1013.6,1010.6
0,2023-09-20,350,1011.6,1012.7,1010.1
0,2023-09-21,211,1007.6,1011.2,1006.1
0,2023-09-22,19,1011.6,1014.0,1008.9
0,2023-09-23,21,1015.7,1018.7,1012.8
0,2023-09-24,20,1019.6,1020.8,1017.9
0,2023-09-25,14,1017.7,1020.5,1016.3
0,2023-09-26,74,1012.9,1016.2,1010.5
0,2023-09-27,49,1009.4,1010.8,1007.9
0,2023-09-28,305,1006.8,1011.3,1003.5
0,2023-09-29,44,1012.0,1013.0,1010.4
0,2023-09-30,208,1007.1,1012.0,1004.4
0,2023-10-01,3,1006.6,1011.3,1004.0
0,2023-10-02,31,1013.6,1017.6,1010.2
0,2023-10-03,24,1016.7,1017.9,1015.6
0,2023-10-04,1,1008.3,1016.5,1000.9
0,2023-10-05,339,1001.7,1007.2,996.3
0,2023-10-06,357,1010.2,1014.9,1006.7
0,2023-10-07,359,1019.3,1024.7,1014.6
0,2023-10-08,354,1023.9,1025.7,1021.6
0,2023-10-09,341,1014.5,1021.9,1009.2
0,2023-10-10,357,1010.2,1017.7,1005.0
0,2023-10-11,17,1020.2,1022.4,1017.6
0,2023-10-12,24,1019.4,1022.5,1018.3
0,2023-10-13,20,1013.8,1018.4,1012.1
0,2023-10-14,268,1009.2,1012.5,1005.3
0,2023-10-15,336,1003.4,1008.7,999.1
0,2023-10-16,306,1009.5,1012.9,1007.5
0,2023-10-17,13,1016.5,1021.4,1012.6
0,2023-10-18,316,1019.4,1021.7,1018.1
0,2023-10-19,220,1013.8,1018.6,1009.6
0,2023-10-20,236,1003.9,1008.9,1001.8
0,2023-10-21,15,1012.6,1021.1,1006.2
0,2023-10-22,135,1020.9,1022.6,1019.7
0,2023-10-23,4,1021.3,1022.9,1019.9
0,2023-10-24,13,1018.1,1022.2,1016.2
0,2023-10-25,7,1013.4,1016.1,1012.1
0,2023-10-26,324,1011.6,1013.4,1010.5
0,2023-10-27,331,1008.9,1011.0,1007.4
0,2023-10-28,358,1009.7,1012.6,1007.2
0,2023-10-29,356,1015.0,1019.5,1012.0
0,2023-10-30,58,1021.1,1023.6,1018.7
0,2023-10-31,158,1021.1,1023.5,1019.9
0,2023-11-01,208,1017.6,1021.2,1016.1
0,2023-11-02,21,1017.8,1019.5,1016.1
0,2023-11-03,205,1018.6,1020.4,1017.0
0,2023-11-04,283,1022.4,1026.3,1019.4
0,2023-11-05,12,1024.9,1027.0,1022.4
0,2023-11-06,196,1013.8,1021.7,1006.3
0,2023-11-07,313,1011.3,1020.1,1004.9
0,2023-11-08,50,1022.9,1026.4,1019.8
0,2023-11-09,1,1023.2,1026.4,1019.6
0,2023-11-10,354,1013.2,1019.2,1010.0
0,2023-11-11,10,1019.7,1022.1,1017.3
0,2023-11-12,1,1013.0,1019.3,1010.5
0,2023-11-13,354,1015.7,1021.3,1011.1
0,2023-11-14,356,1021.8,1024.1,1019.5
0,2023-11-15,353,1024.5,1025.8,1022.5
0,2023-11-16,7,1020.0,1026.7,1010.1
0,2023-11-17,227,1002.2,1009.1,999.0
0,2023-11-18,232,1003.2,1010.4,996.7
0,2023-11-19,197,1008.6,1010.8,1006.6
0,2023-11-20,355,1016.9,1024.5,1008.1
0,2023-11-21,317,1020.7,1024.6,1019.7
0,2023-11-22,148,1016.5,1020.2,1014.1
0,2023-11-23,216,1008.3,1013.9,1005.2
0,2023-11-24,328,1011.0,1022.6,1003.7
0,2023-11-25,0,1024.8,1027.0,1022.1
0,2023-11-26,351,1020.2,1025.2,1017.9
0,2023-11-27,209,1011.1,1018.1,1005.7
0,2023-11-28,235,1009.4,1015.3,1002.1
0,2023-11-29,244,1012.1,1015.3,1010.2
0,2023-11-30,10,1013.8,1016.6,1009.7
0,2023-12-01,5,1014.1,1017.2,1011.6
0,2023-12-02,1,1018.9,1020.3,1017.0
0,2023-12-03,321,1017.7,1021.1,1013.9
0,2023-12-04,6,1020.7,1021.8,1019.2
0,2023-12-05,350,1015.5,1021.4,1011.6
0,2023-12-06,182,1009.0,1012.2,1004.2
0,2023-12-07,271,1010.0,1019.6,1000.7
0,2023-12-08,192,1019.9,1020.8,1018.0
0,2023-12-09,325,1019.2,1021.3,1016.9
0,2023-12-10,357,1021.5,1024.1,1019.2
0,2023-12-11,6,1018.0,1024.4,1008.0
0,2023-12-12,8,1012.2,1022.9,1004.4
0,2023-12-13,0,1026.5,1028.6,1023.1
0,2023-12-14,353,1024.3,1028.7,1018.9
0,2023-12-15,225,1008.4,1018.6,1002.7
0,2023-12-16,221,1003.2,1006.5,1001.7
0,2023-12-17,7,1015.8,1023.0,1007.7
0,2023-12-18,3,1024.3,1025.8,1022.2
0,2023-12-19,10,1018.9,1025.3,1012.7
0,2023-12-20,245,1009.1,1012.3,1007.4
0,2023-12-21,244,1013.1,1017.9,1008.0
0,2023-12-22,274,1020.1,1025.9,1013.9
0,2023-12-23,21,1027.2,1029.1,1024.6
0,2023-12-24,344,1023.4,1029.6,1020.8
0,2023-12-25,5,1020.8,1024.2,1017.7
0,2023-12-26,63,1021.3,1024.8,1019.0
0,2023-12-27,2,1026.5,1028.0,1024.3
0,2023-12-28,9,1022.3,1027.4,1019.8
0,2023-12-29,15,1020.8,1021.8,1019.2
0,2023-12-30,347,1016.3,1021.8,1009.4
0,2023-12-31,352,1005.7,1016.3,1001.0
0,2024-01-01,358,1022.5,1025.6,1017.7
0,2024-01-02,351,1016.7,1022.2,1014.5
0,2024-01-03,355,1009.8,1015.4,1004.8
0,2024-01-04,354,1017.2,1021.6,1009.5
0,2024-01-05,298,1016.3,1021.2,1014.5
0,2024-01-06,293,1008.9,1014.7,1006.3
0,2024-01-07,19,1009.4,1016.8,1007.0
0,2024-01-08,9,1019.7,1021.8,1017.0
0,2024-01-09,337,1013.9,1020.0,1011.5
0,2024-01-10,8,1012.3,1013.8,1009.1
0,2024-01-11,355,1011.8,1013.9,1009.7
0,2024-01-12,336,1008.0,1009.8,1005.2
0,2024-01-13,0,1014.8,1024.3,1006.0
0,2024-01-14,221,1014.2,1024.9,1006.1
0,2024-01-15,355,1011.9,1017.5,1007.5
0,2024-01-16,342,1022.6,1027.6,1016.9
0,2024-01-17,31,1023.4,1027.7,1020.3
0,2024-01-18,10,1018.4,1022.9,1015.9
0,2024-01-19,33,1025.4,1028.6,1021.5
0,2024-01-20,343,1024.5,1029.7,1014.0
0,2024-01-21,348,1011.3,1016.8,1005.7
0,2024-01-22,253,1010.3,1017.4,1005.0
0,2024-01-23,335,1001.9,1005.6,1000.3
0,2024-01-24,276,1006.2,1009.7,1002.1
0,2024-01-25,333,1010.9,1013.0,1008.3
0,2024-01-26,3,1015.2,1017.8,1012.2
0,2024-01-27,1,1018.6,1020.3,1016.6
0,2024-01-28,9,1021.7,1026.3,1018.2
0,2024-01-29,44,1027.2,1028.6,1025.8
0,2024-01-30,24,1027.5,1029.2,1026.1
0,2024-01-31,223,1017.9,1026.0,1011.5
0,2024-02-01,11,1016.5,1022.6,1010.6
0,2024-02-02,16,1023.1,1026.2,1021.4
0,2024-02-03,30,1024.3,1026.6,1022.8
0,2024-02-04,12,1023.1,1024.5,1021.8
0,2024-02-05,350,1015.1,1022.3,1011.9
0,2024-02-06,14,1016.1,1017.0,1015.0
0,2024-02-07,21,1015.0,1016.6,1013.2
0,2024-02-08,5,1016.0,1018.9,1013.7
0,2024-02-09,20,1017.0,1019.2,1015.7
0,2024-02-10,9,1014.5,1017.6,1012.5
0,2024-02-11,356,1017.5,1019.8,1015.4
0,2024-02-12,6,1027.1,1030.4,1020.8
0,2024-02-13,233,1025.0,1029.0,1023.7
0,2024-02-14,74,1021.6,1025.2,1019.9
0,2024-02-15,235,1010.1,1019.2,1001.5
0,2024-02-16,20,1019.9,1024.1,1012.9
0,2024-02-17,19,1025.6,1029.1,1022.6
0,2024-02-18,181,1027.5,1029.2,1025.9
0,2024-02-19,200,1017.4,1025.3,1012.6
0,2024-02-20,38,1018.6,1022.4,1013.3
0,2024-02-21,3,1017.2,1022.4,1014.7
0,2024-02-22,27,1020.6,1022.1,1017.9
0,2024-02-23,24,1022.7,1026.1,1020.2
0,2024-02-24,38,1025.2,1027.3,1023.7
0,2024-02-25,346,1015.6,1023.4,1011.4
0,2024-02-26,346,1013.0,1014.6,1010.7
0,2024-02-27,337,1018.4,1022.9,1014.1
0,2024-02-28,356,1024.2,1026.1,1021.4
0,2024-02-29,3,1015.4,1026.1,1001.1
0,2024-03-01,3,1003.6,1010.4,1000.1
0,2024-03-02,7,1013.0,1016.7,1010.2
0,2024-03-03,222,1013.8,1016.7,1010.1
0,2024-03-04,15,1018.9,1022.7,1014.9
0,2024-03-05,354,1014.3,1022.6,1005.6
0,2024-03-06,8,1008.1,1013.9,1004.0
0,2024-03-07,43,1012.3,1014.8,1008.3
0,2024-03-08,10,1005.3,1008.2,1002.7
0,2024-03-09,338,1013.9,1021.9,1007.7
0,2024-03-10,355,1024.5,1027.1,1021.5
0,2024-03-11,202,1020.0,1027.0,1014.0
0,2024-03-12,346,1001.5,1013.5,994.1
0,2024-03-13,357,1013.7,1017.9,1008.0
0,2024-03-14,352,1016.4,1019.6,1013.5
0,2024-03-15,250,1015.0,1019.7,1013.0
0,2024-03-16,193,1017.6,1019.6,1012.9
0,2024-03-17,271,1004.3,1011.9,1001.5
0,2024-03-18,352,1013.5,1018.5,1007.0
0,2024-03-19,200,1009.9,1018.3,999.1
0,2024-03-20,310,1000.5,1009.3,992.4
0,2024-03-21,347,1013.1,1018.6,1008.8
0,2024-03-22,350,1020.3,1022.2,1017.4
0,2024-03-23,1,1017.9,1021.3,1014.5
0,2024-03-24,16,1018.2,1021.2,1015.3
0,2024-03-25,3,1013.9,1015.9,1011.3
0,2024-03-26,355,1008.6,1018.9,999.5
0,2024-03-27,19,1022.4,1025.2,1019.2
0,2024-03-28,168,1017.9,1025.3,1007.7
0,2024-03-29,214,1004.9,1009.1,1001.1
0,2024-03-30,211,1007.9,1009.2,1006.4
0,2024-03-31,261,1005.7,1007.6,1003.9
0,2024-04-01,30,1010.2,1017.3,1005.0
0,2024-04-02,202,1016.5,1017.8,1015.7
0,2024-04-03,13,1007.6,1016.7,1001.2
0,2024-04-04,29,1011.7,1019.3,1006.8
0,2024-04-05,17,1020.5,1021.9,1019.1
0,2024-04-06,2,1018.8,1022.1,1017.1
0,2024-04-07,86,1017.7,1018.9,1015.8
0,2024-04-08,120,1013.3,1019.4,1004.3
0,2024-04-09,359,1012.9,1025.6,1001.1
0,2024-04-10,66,1028.3,1029.9,1026.2
0,2024-04-11,60,1025.3,1029.9,1021.8
0,2024-04-12,20,1018.2,1021.4,1017.0
0,2024-04-13,57,1019.1,1022.1,1016.5
0,2024-04-14,185,1021.7,1022.7,1020.3
0,2024-04-15,192,1019.6,1022.6,1017.5
0,2024-04-16,200,1012.6,1017.5,1008.9
0,2024-04-17,21,1007.6,1008.9,1006.3
0,2024-04-18,11,1003.4,1007.4,1001.0
0,2024-04-19,343,1007.5,1012.4,1003.6
0,2024-04-20,66,1012.6,1014.5,1010.4
0,2024-04-21,99,1012.8,1014.5,1011.9
0,2024-04-22,40,1013.4,1016.0,1011.0
0,2024-04-23,77,1016.2,1017.7,1015.2
0,2024-04-24,33,1008.7,1015.7,1003.7
0,2024-04-25,24,1007.8,1014.3,1003.4
0,2024-04-26,165,1013.1,1014.5,1011.8
0,2024-04-27,69,1011.3,1013.4,1009.7
0,2024-04-28,178,1013.4,1014.3,1012.3
0,2024-04-29,178,1008.9,1013.4,1004.1
0,2024-04-30,89,1001.3,1004.1,999.5
0,2024-05-01,26,1008.8,1015.2,1003.3
0,2024-05-02,41,1018.0,1020.4,1015.3
0,2024-05-03,208,1017.9,1019.8,1016.4
0,2024-05-04,191,1020.3,1021.7,1018.8
0,2024-05-05,192,1020.5,1022.3,1019.3
0,2024-05-06,203,1015.3,1019.2,1011.3
0,2024-05-07,201,1005.3,1010.6,1003.3
0,2024-05-08,30,1008.1,1011.8,1003.8
0,2024-05-09,8,1015.2,1020.8,1010.1
0,2024-05-10,199,1020.8,1022.4,1018.9
0,2024-05-11,200,1019.8,1022.1,1018.5
0,2024-05-12,196,1012.9,1018.5,1006.2
0,2024-05-13,345,1009.4,1016.6,1004.5
0,2024-05-14,30,1017.5,1019.5,1016.1
0,2024-05-15,83,1010.9,1016.7,1006.1
0,2024-05-16,216,1004.7,1010.7,1000.9
0,2024-05-17,221,1014.7,1019.3,1011.1
0,2024-05-18,143,1018.0,1019.3,1016.6
0,2024-05-19,233,1016.8,1019.4,1014.3
0,2024-05-20,208,1011.8,1013.3,1009.8
0,2024-05-21,81,1016.6,1021.2,1013.3
0,2024-05-22,180,1017.3,1020.9,1014.5
0,2024-05-23,193,1009.3,1014.0,1005.9
0,2024-05-24,16,1006.3,1011.7,1003.4
0,2024-05-25,102,1015.5,1018.1,1012.0
0,2024-05-26,191,1012.6,1017.5,1007.7
0,2024-05-27,203,1003.6,1007.6,1001.8
0,2024-05-28,193,998.9,1003.4,994.4
0,2024-05-29,91,1011.1,1015.2,1004.5
0,2024-05-30,189,1012.5,1015.1,1008.9
0,2024-05-31,11,1006.5,1009.0,1004.9
0,2024-06-01,88,1008.3,1009.9,1006.6
0,2024-06-02,41,1006.6,1008.2,1005.8
0,2024-06-03,22,1007.5,1010.2,1004.6
0,2024-06-04,36,1012.7,1016.9,1009.6
0,2024-06-05,162,1017.7,1019.8,1015.4
0,2024-06-06,173,1018.2,1019.8,1017.1
0,2024-06-07,74,1016.7,1017.7,1015.7
0,2024-06-08,172,1015.3,1017.4,1013.8
0,2024-06-09,188,1011.5,1014.9,1009.9
0,2024-06-10,140,1008.9,1010.2,1007.1
0,2024-06-11,191,1008.9,1009.9,1007.8
0,2024-06-12,179,1006.9,1009.8,1005.1
0,2024-06-13,181,1005.0,1007.6,1002.8
0,2024-06-14,184,1008.3,1009.5,1007.2
0,2024-06-15,61,1005.3,1009.3,1002.1
0,2024-06-16,214,1003.5,1007.5,1000.6
0,2024-06-17,206,1007.5,1008.8,1006.6
0,2024-06-18,16,1005.3,1008.8,1002.6
0,2024-06-19,181,1009.4,1011.5,1007.8
0,2024-06-20,190,1009.0,1010.8,1007.1
0,2024-06-21,354,1005.0,1008.2,1001.5
0,2024-06-22,199,1005.6,1008.4,999.3
0,2024-06-23,245,998.3,1000.6,996.1
0,2024-06-24,226,1002.7,1006.1,1000.2
0,2024-06-25,239,1006.5,1010.4,1003.8
0,2024-06-26,44,1012.5,1015.8,1009.7
0,2024-06-27,163,1012.9,1015.4,1011.7
0,2024-06-28,256,1008.2,1011.2,1006.1
0,2024-06-29,167,1009.6,1011.0,1008.3
0,2024-06-30,216,1004.0,1008.9,999.6
0,2024-07-01,229,1002.9,1007.2,999.8
0,2024-07-02,32,1009.5,1012.8,1007.3
0,2024-07-03,177,1008.6,1012.9,1005.5
0,2024-07-04,10,1004.7,1005.7,1003.6
0,2024-07-05,67,1004.6,1006.1,1003.6
0,2024-07-06,103,1007.1,1008.9,1005.8
0,2024-07-07,217,1003.7,1006.5,1002.4
0,2024-07-08,232,1003.2,1005.1,1001.5
0,2024-07-09,234,1003.3,1005.7,1001.2
0,2024-07-10,215,1001.2,1005.7,997.8
0,2024-07-11,226,1000.1,1002.1,998.1
0,2024-07-12,302,1003.2,1008.0,1001.0
0,2024-07-13,187,1010.8,1013.5,1008.0
0,2024-07-14,216,1013.1,1014.1,1012.0
0,2024-07-15,24,1015.3,1016.7,1013.1
0,2024-07-16,342,1014.2,1016.5,1012.4
0,2024-07-17,8,1011.1,1012.3,1009.9
0,2024-07-18,201,1009.8,1011.5,1009.1
0,2024-07-19,219,1008.1,1008.9,1007.1
0,2024-07-20,51,1008.9,1010.9,1006.4
0,2024-07-21,197,1009.0,1010.8,1007.7
0,2024-07-22,166,1007.7,1008.8,1006.5
0,2024-07-23,207,1005.7,1007.5,1004.2
0,2024-07-24,224,1004.7,1007.2,1003.0
0,2024-07-25,236,1009.3,1013.4,1006.7
0,2024-07-26,223,1015.3,1017.5,1013.1
0,2024-07-27,144,1015.3,1017.6,1013.2
0,2024-07-28,217,1008.4,1012.7,1006.2
0,2024-07-29,191,1001.4,1005.9,999.1
0,2024-07-30,209,1000.7,1002.0,999.6
0,2024-07-31,44,1003.7,1005.9,1001.7
0,2024-08-01,65,1005.5,1006.7,1004.0
0,2024-08-02,138,1006.5,1008.0,1004.3
0,2024-08-03,175,1007.7,1008.8,1006.3
0,2024-08-04,178,1007.2,1008.7,1005.6
0,2024-08-05,175,1006.5,1007.2,1005.5
0,2024-08-06,16,1005.5,1006.9,1004.5
0,2024-08-07,37,1003.5,1005.3,1002.2
0,2024-08-08,41,1002.6,1003.8,1001.4
0,2024-08-09,12,1000.5,1002.2,999.3
0,2024-08-10,42,999.4,1000.4,998.1
0,2024-08-11,197,998.0,999.5,996.5
0,2024-08-12,196,1002.7,1006.6,999.9
0,2024-08-13,189,1006.3,1007.7,1004.9
0,2024-08-14,185,1006.9,1007.9,1005.9
0,2024-08-15,51,1005.0,1007.5,1002.7
0,2024-08-16,354,1000.7,1003.2,998.8
0,2024-08-17,44,1006.5,1009.7,1003.6
0,2024-08-18,11,1009.6,1011.6,1007.7
0,2024-08-19,213,1012.0,1013.7,1009.9
0,2024-08-20,291,1011.7,1013.0,1010.0
0,2024-08-21,151,1011.8,1012.9,1010.6
0,2024-08-22,186,1011.6,1012.6,1011.0
0,2024-08-23,198,1011.1,1012.0,1009.8
0,2024-08-24,201,1011.0,1012.2,1009.6
0,2024-08-25,188,1010.7,1011.6,1009.7
0,2024-08-26,184,1011.7,1012.9,1010.5
0,2024-08-27,190,1010.8,1011.8,1010.0
0,2024-08-28,180,1011.4,1012.4,1010.0
0,2024-08-29,174,1009.6,1012.3,1006.8
0,2024-08-30,186,1004.9,1007.6,1002.9
0,2024-08-31,192,1004.4,1007.6,1002.1
0,2024-09-01,189,1008.3,1009.5,1007.1
0,2024-09-02,204,1008.5,1010.6,1006.7
0,2024-09-03,23,1010.1,1011.2,1008.9
0,2024-09-04,19,1009.4,1011.0,1007.9
0,2024-09-05,151,1008.2,1009.5,1006.7
0,2024-09-06,186,1011.3,1013.5,1009.4
0,2024-09-07,192,1012.8,1014.0,1011.5
0,2024-09-08,225,1013.1,1014.9,1011.1
0,2024-09-09,79,1016.2,1018.3,1013.9
0,2024-09-10,186,1017.3,1018.3,1015.8
0,2024-09-11,193,1016.3,1018.4,1015.4
0,2024-09-12,195,1012.8,1015.8,1010.7
0,2024-09-13,205,1008.5,1010.8,1007.3
0,2024-09-14,197,1009.7,1011.1,1008.2
0,2024-09-15,209,1012.5,1016.1,1009.5
0,2024-09-16,42,1017.1,1018.8,1016.2
0,2024-09-17,205,1013.5,1016.1,1012.3
0,2024-09-18,270,1013.1,1014.8,1011.7
0,2024-09-19,83,1014.2,1015.6,1012.4
0,2024-09-20,222,1009.1,1012.6,1006.9
0,2024-09-21,236,1006.5,1008.3,1004.1
0,2024-09-22,286,1004.9,1010.7,1000.1
0,2024-09-23,23,1015.0,1018.9,1011.0
0,2024-09-24,16,1018.0,1019.4,1016.6
0,2024-09-25,354,1013.6,1016.3,1012.4
0,2024-09-26,66,1012.7,1014.0,1011.4
0,2024-09-27,18,1011.0,1013.5,1009.5
0,2024-09-28,35,1016.1,1019.3,1013.3
0,2024-09-29,23,1019.0,1020.2,1017.8
0,2024-09-30,23,1013.9,1018.4,1010.2
0,2024-10-01,323,1006.9,1010.2,1004.4
0,2024-10-02,199,1012.7,1019.2,1009.1
0,2024-10-03,153,1018.1,1019.8,1016.7
0,2024-10-04,208,1018.0,1020.5,1015.9
0,2024-10-05,6,1020.7,1021.3,1019.9
0,2024-10-06,32,1017.0,1020.9,1014.2
0,2024-10-07,211,1008.8,1013.6,1006.9
0,2024-10-08,1,1011.5,1012.9,1010.4
0,2024-10-09,360,1011.1,1012.5,1009.7
0,2024-10-10,8,1012.4,1015.0,1010.4
0,2024-10-11,26,1017.2,1021.3,1013.4
0,2024-10-12,27,1021.9,1023.9,1020.0
0,2024-10-13,19,1023.8,1025.5,1021.9
0,2024-10-14,24,1024.3,1025.4,1023.0
0,2024-10-15,196,1020.6,1024.1,1018.5
0,2024-10-16,12,1020.1,1022.4,1018.2
0,2024-10-17,23,1022.6,1023.6,1020.8
0,2024-10-18,113,1018.2,1023.5,1012.3
0,2024-10-19,310,1012.8,1024.7,1007.0
0,2024-10-20,16,1029.9,1032.5,1025.8
0,2024-10-21,357,1029.3,1032.4,1026.5
0,2024-10-22,357,1020.7,1026.2,1016.5
0,2024-10-23,204,1013.0,1015.9,1011.5
0,2024-10-24,23,1018.0,1023.2,1014.3
0,2024-10-25,11,1023.7,1025.1,1022.5
0,2024-10-26,6,1019.1,1022.7,1016.7
0,2024-10-27,218,1009.6,1016.1,1005.3
0,2024-10-28,27,1012.2,1020.0,1005.9
0,2024-10-29,2,1018.1,1021.1,1013.3
0,2024-10-30,10,1016.8,1024.1,1011.0
0,2024-10-31,357,1024.8,1025.8,1023.3
0,2024-11-01,10,1019.8,1024.8,1014.1
0,2024-11-02,6,1010.5,1016.8,1005.9
0,2024-11-03,22,1020.4,1022.7,1017.4
0,2024-11-04,221,1016.1,1021.7,1013.7
0,2024-11-05,15,1014.8,1016.5,1013.0
0,2024-11-06,7,1016.3,1021.1,1013.4
0,2024-11-07,10,1024.9,1029.4,1021.3
0,2024-11-08,8,1027.8,1029.6,1026.6
0,2024-11-09,1,1027.3,1029.0,1026.3
0,2024-11-10,1,1020.8,1026.5,1015.4
0,2024-11-11,8,1014.9,1016.7,1012.2
0,2024-11-12,20,1014.2,1018.3,1012.5
0,2024-11-13,33,1021.4,1023.9,1018.7
0,2024-11-14,352,1021.1,1024.1,1018.5
0,2024-11-15,0,1018.5,1022.3,1015.5
0,2024-11-16,347,1018.7,1022.3,1014.3
0,2024-11-17,21,1010.8,1014.6,1008.8
0,2024-11-18,23,1019.7,1025.9,1015.1
0,2024-11-19,16,1025.6,1026.9,1024.3
0,2024-11-20,348,1018.6,1024.9,1013.7
0,2024-11-21,4,1013.0,1014.7,1011.7
0,2024-11-22,11,1011.2,1015.6,1008.7
0,2024-11-23,12,1019.2,1023.6,1015.4
0,2024-11-24,20,1024.8,1028.5,1021.6
0,2024-11-25,21,1028.4,1029.9,1027.0
0,2024-11-26,350,1014.9,1027.1,1005.7
0,2024-11-27,223,1004.0,1005.9,1002.3
0,2024-11-28,235,1003.8,1006.0,1001.2
0,2024-11-29,262,1000.9,1003.0,998.4
0,2024-11-30,357,1006.8,1013.3,1002.5
0,2024-12-01,331,1014.9,1017.6,1012.4
0,2024-12-02,0,1016.5,1018.0,1015.5
0,2024-12-03,281,1012.0,1016.0,1010.2
0,2024-12-04,6,1009.1,1010.9,1007.9
0,2024-12-05,11,1007.1,1009.0,1005.1
0,2024-12-06,263,1009.3,1013.2,1005.7
0,2024-12-07,10,1011.1,1014.1,1008.7
0,2024-12-08,10,1012.0,1016.7,1006.7
0,2024-12-09,0,1016.1,1017.6,1015.4
0,2024-12-10,8,1014.8,1017.1,1013.2
0,2024-12-11,4,1012.6,1016.0,1009.2
0,2024-12-12,12,1016.8,1018.7,1014.5
0,2024-12-13,356,1009.2,1017.4,1003.4
0,2024-12-14,4,1011.7,1013.9,1008.7
0,2024-12-15,252,1009.8,1013.2,1008.0
0,2024-12-16,350,1013.1,1014.5,1011.7
0,2024-12-17,26,1013.4,1015.6,1012.1
0,2024-12-18,11,1014.6,1016.2,1011.9
0,2024-12-19,7,1018.3,1021.7,1014.6
0,2024-12-20,229,1017.7,1023.1,1012.4
0,2024-12-21,236,1003.8,1012.3,999.6
0,2024-12-22,354,1009.8,1014.7,1005.6
0,2024-12-23,343,1013.7,1016.5,1011.9
0,2024-12-24,7,1019.7,1025.7,1014.5
0,2024-12-25,235,1020.3,1026.7,1012.5
0,2024-12-26,357,1008.2,1011.9,1006.4
0,2024-12-27,20,1009.6,1011.2,1007.0
0,2024-12-28,351,1012.1,1015.4,1007.9
0,2024-12-29,2,1017.9,1022.0,1012.0
0,2024-12-30,14,1015.4,1022.4,1006.4
0,2024-12-31,343,1006.3,1014.8,998.9
0,2025-01-01,46,1015.2,1016.3,1014.3
0,2025-01-02,14,1014.1,1016.0,1012.9
0,2025-01-03,13,1014.1,1018.0,1011.6
0,2025-01-04,26,1020.7,1023.2,1018.0
0,2025-01-05,5,1021.3,1024.4,1019.0
0,2025-01-06,346,1006.2,1019.2,998.3
0,2025-01-07,228,1002.7,1009.1,998.1
0,2025-01-08,227,1009.0,1010.8,1006.5
0,2025-01-09,235,1006.9,1011.5,1002.3
0,2025-01-10,349,1016.3,1019.5,1012.3
0,2025-01-11,18,1021.0,1022.5,1019.3
0,2025-01-12,354,1015.3,1021.2,1012.3
0,2025-01-13,358,1018.1,1020.8,1014.5
0,2025-01-14,120,1015.1,1019.7,1011.6
0,2025-01-15,341,1012.8,1018.8,1006.2
0,2025-01-16,9,1015.4,1019.4,1012.6
0,2025-01-17,4,1019.7,1023.6,1016.0
0,2025-01-18,37,1023.1,1024.3,1022.1
0,2025-01-19,353,1016.4,1022.2,1012.8
0,2025-01-20,5,1011.5,1014.4,1009.0
0,2025-01-21,20,1016.1,1019.5,1013.6
0,2025-01-22,5,1020.8,1022.9,1018.1
0,2025-01-23,333,1020.3,1023.4,1018.6
0,2025-01-24,20,1020.4,1022.4,1019.1
0,2025-01-25,11,1018.9,1021.3,1017.7
0,2025-01-26,359,1015.9,1018.0,1014.4
0,2025-01-27,232,1011.2,1016.6,1007.5
0,2025-01-28,227,1006.9,1008.7,1003.2
0,2025-01-29,232,1010.2,1012.4,1006.8
0,2025-01-30,0,1014.7,1019.5,1010.3
0,2025-01-31,31,1020.3,1023.2,1017.4
0,2025-02-01,50,1018.9,1023.6,1016.5
0,2025-02-02,353,1013.5,1017.9,1010.2
0,2025-02-03,28,1002.6,1009.4,998.4
0,2025-02-04,349,999.5,1002.8,996.7
0,2025-02-05,237,1003.2,1008.5,998.8
0,2025-02-06,229,1008.2,1009.6,1006.6
0,2025-02-07,257,1003.2,1008.4,999.2
0,2025-02-08,336,1010.0,1014.7,1005.5
0,2025-02-09,23,1015.1,1017.4,1012.2
0,2025-02-10,40,1015.7,1019.3,1014.1
0,2025-02-11,14,1021.8,1024.3,1018.6
0,2025-02-12,212,1006.8,1022.7,994.0
0,2025-02-13,3,1009.7,1014.8,1000.2
0,2025-02-14,25,1015.3,1019.5,1011.8
0,2025-02-15,177,1015.5,1019.9,1011.9
0,2025-02-16,40,1007.1,1012.1,1004.0
0,2025-02-17,3,1005.9,1011.8,999.8
0,2025-02-18,358,1009.9,1011.7,1007.9
0,2025-02-19,348,1014.9,1018.8,1011.0
0,2025-02-20,17,1018.6,1020.8,1016.5
0,2025-02-21,11,1019.6,1020.9,1018.2
0,2025-02-22,6,1019.6,1022.6,1015.9
0,2025-02-23,34,1018.0,1022.6,1015.9
0,2025-02-24,1,1019.7,1024.9,1015.3
0,2025-02-25,207,1019.7,1025.6,1014.7
0,2025-02-26,38,1015.1,1019.8,1011.0
0,2025-02-27,143,1020.0,1021.4,1018.5
0,2025-02-28,343,1018.7,1021.6,1015.7
0,2025-03-01,205,1016.9,1021.8,1014.6
0,2025-03-02,49,1012.2,1015.7,1010.5
0,2025-03-03,24,1021.0,1027.7,1014.1
0,2025-03-04,348,1023.4,1028.0,1017.0
0,2025-03-05,351,1010.5,1016.7,1007.7
0,2025-03-06,355,1013.2,1018.5,1009.7
0,2025-03-07,11,1023.4,1028.9,1018.4
0,2025-03-08,354,1025.9,1029.1,1023.7
0,2025-03-09,13,1026.6,1030.3,1023.5
0,2025-03-10,119,1027.9,1030.6,1025.9
0,2025-03-11,240,1021.7,1026.3,1019.6
0,2025-03-12,254,1013.8,1019.6,1009.8
0,2025-03-13,25,1015.4,1021.8,1011.2
0,2025-03-14,25,1022.4,1025.7,1019.8
0,2025-03-15,1,1021.7,1026.0,1012.0
0,2025-03-16,325,998.3,1010.5,991.2
0,2025-03-17,9,1006.3,1014.5,995.6
0,2025-03-18,76,1009.3,1014.8,1002.6
0,2025-03-19,348,1013.6,1019.9,1003.2
0,2025-03-20,3,1015.5,1020.0,1014.2
0,2025-03-21,211,1009.0,1014.4,1007.1
0,2025-03-22,228,1003.9,1006.9,1002.0
0,2025-03-23,49,1009.1,1013.1,1004.4
0,2025-03-24,188,1006.4,1013.2,1003.4
0,2025-03-25,209,1001.3,1004.4,998.8
0,2025-03-26,28,1007.0,1012.0,999.5
0,2025-03-27,197,1003.9,1011.4,997.7
0,2025-03-28,24,1002.4,1013.3,995.0
0,2025-03-29,27,1018.0,1019.9,1013.2
0,2025-03-30,19,1020.7,1026.9,1016.2
0,2025-03-31,17,1026.7,1028.2,1025.6
0,2025-04-01,335,1021.4,1027.2,1014.3
0,2025-04-02,6,1013.6,1015.1,1012.2
0,2025-04-03,22,1012.8,1014.4,1011.4
0,2025-04-04,10,1016.5,1020.8,1012.7
0,2025-04-05,180,1018.1,1021.1,1016.1
0,2025-04-06,209,1012.8,1016.8,1011.1
0,2025-04-07,62,1013.9,1016.0,1011.4
0,2025-04-08,226,1008.0,1014.4,1005.8
0,2025-04-09,84,1011.9,1014.4,1008.8
0,2025-04-10,202,1008.4,1012.4,1006.2
0,2025-04-11,5,1008.3,1013.3,1005.1
0,2025-04-12,85,1013.8,1016.0,1012.1
0,2025-04-13,124,1004.9,1012.1,998.0
0,2025-04-14,210,997.4,999.9,993.6
0,2025-04-15,220,995.7,1004.7,988.9
0,2025-04-16,233,1008.3,1014.3,1002.6
0,2025-04-17,219,1012.4,1014.3,1009.8
0,2025-04-18,211,1012.0,1014.4,1010.6
0,2025-04-19,191,1012.1,1014.2,1010.8
0,2025-04-20,213,1010.6,1014.8,1008.2
0,2025-04-21,143,1016.4,1018.4,1013.4
0,2025-04-22,191,1011.7,1017.3,1006.1
0,2025-04-23,177,1001.2,1005.8,999.0
0,2025-04-24,171,1004.3,1006.0,1002.5
0,2025-04-25,46,1007.9,1014.0,1004.0
0,2025-04-26,109,1014.8,1016.8,1011.7
0,2025-04-27,208,1011.5,1016.8,1009.4
0,2025-04-28,195,1003.5,1009.2,998.4
0,2025-04-29,46,1006.6,1015.3,1000.3
0,2025-04-30,219,1018.6,1022.4,1015.4
0,2025-05-01,160,1018.7,1022.3,1013.3
0,2025-05-02,5,1004.1,1012.4,1000.1
0,2025-05-03,185,1005.0,1006.6,1003.5
0,2025-05-04,36,1006.4,1012.7,1000.3
0,2025-05-05,173,1012.2,1013.7,1010.6
0,2025-05-06,0,1002.5,1010.3,998.3
0,2025-05-07,11,1011.7,1020.4,1002.7
0,2025-05-08,108,1022.7,1024.8,1020.4
0,2025-05-09,170,1016.5,1024.0,1005.6
0,2025-05-10,216,998.1,1004.7,995.7
0,2025-05-11,206,1004.0,1006.9,1001.1
0,2025-05-12,22,1010.4,1016.4,1006.7
0,2025-05-13,160,1018.4,1021.2,1016.3
0,2025-05-14,173,1020.3,1021.5,1018.8
0,2025-05-15,180,1019.9,1021.5,1018.9
0,2025-05-16,181,1017.8,1020.9,1014.3
0,2025-05-17,205,1006.4,1013.1,1004.5
0,2025-05-18,221,1005.2,1009.1,1003.2
0,2025-05-19,177,1010.4,1012.2,1008.8
0,2025-05-20,225,1009.5,1011.6,1007.4
0,2025-05-21,199,1005.7,1011.8,1000.6
0,2025-05-22,82,1003.9,1011.1,999.5
0,2025-05-23,44,1014.2,1016.2,1011.5
0,2025-05-24,29,1009.5,1014.9,1001.2
0,2025-05-25,5,1006.3,1015.2,999.9
0,2025-05-26,51,1019.3,1022.4,1015.5
0,2025-05-27,33,1020.6,1022.6,1018.7
0,2025-05-28,59,1017.8,1018.8,1016.4
0,2025-05-29,34,1015.1,1017.9,1012.1
0,2025-05-30,10,1006.5,1011.6,1001.7
0,2025-05-31,356,998.7,1002.2,995.1
0,2025-06-01,130,1005.0,1007.9,1001.7
0,2025-06-02,175,1005.1,1007.8,1002.8
0,2025-06-03,6,997.4,1003.3,994.1
0,2025-06-04,31,1001.4,1007.6,997.6
0,2025-06-05,189,1010.1,1013.4,1007.1
0,2025-06-06,199,1011.2,1013.1,1010.1
0,2025-06-07,185,1008.6,1010.5,1007.8
0,2025-06-08,183,1010.3,1012.3,1008.7
0,2025-06-09,174,1011.9,1012.7,1010.8
0,2025-06-10,211,1007.5,1010.8,1004.8
0,2025-06-11,16,1009.2,1012.8,1006.9
0,2025-06-12,117,1015.3,1018.4,1012.7
0,2025-06-13,146,1017.0,1018.7,1015.2
0,2025-06-14,190,1007.2,1014.9,1000.2
0,2025-06-15,234,999.8,1004.0,996.8
0,2025-06-16,196,1003.1,1005.5,1001.7
0,2025-06-17,48,1007.6,1011.4,1004.8
0,2025-06-18,80,1012.3,1014.3,1010.7
0,2025-06-19,160,1014.3,1015.5,1013.0
0,2025-06-20,161,1014.0,1015.1,1013.1
0,2025-06-21,194,1009.6,1013.1,1007.4
0,2025-06-22,206,1006.8,1008.3,1005.2
0,2025-06-23,198,1010.1,1013.7,1007.8
0,2025-06-24,163,1013.8,1014.6,1012.8
0,2025-06-25,65,1011.5,1014.5,1008.6
0,2025-06-26,214,1005.5,1008.4,1004.5
0,2025-06-27,42,1004.7,1006.0,1003.0
0,2025-06-28,153,1007.1,1009.1,1005.0
0,2025-06-29,181,1009.5,1011.5,1008.2
0,2025-06-30,183,1011.7,1013.2,1010.4
0,2025-07-01,174,1012.9,1014.2,1012.0
0,2025-07-02,179,1012.8,1014.2,1011.6
0,2025-07-03,181,1010.9,1012.6,1009.5
0,2025-07-04,186,1006.5,1009.2,1004.6
0,2025-07-05,85,1003.3,1004.6,1002.1
0,2025-07-06,116,1003.0,1004.5,1001.3
0,2025-07-07,166,1005.5,1008.0,1003.2
0,2025-07-08,179,1009.0,1010.9,1007.2
0,2025-07-09,182,1010.3,1011.2,1009.2
0,2025-07-10,69,1011.6,1013.7,1009.4
0,2025-07-11,29,1013.4,1014.8,1012.6
0,2025-07-12,71,1009.8,1012.5,1008.5
0,2025-07-13,101,1004.2,1008.0,999.2
0,2025-07-14,192,999.5,1003.5,995.9
0,2025-07-15,183,1007.1,1012.6,1003.7
0,2025-07-16,192,1015.7,1018.1,1013.2
0,2025-07-17,192,1017.2,1018.2,1016.5
0,2025-07-18,188,1016.6,1018.0,1015.4
0,2025-07-19,190,1016.1,1017.1,1014.8
0,2025-07-20,192,1016.0,1017.0,1014.8
0,2025-07-21,182,1015.4,1016.5,1014.5
0,2025-07-22,185,1013.9,1015.1,1013.0
0,2025-07-23,183,1012.2,1013.4,1011.5
0,2025-07-24,185,1011.3,1012.2,1010.2
0,2025-07-25,194,1011.1,1011.8,1010.2
0,2025-07-26,193,1009.9,1011.2,1008.8
0,2025-07-27,189,1006.6,1008.9,1005.4
0,2025-07-28,168,1003.6,1005.2,1002.6
0,2025-07-29,81,1002.7,1003.8,1000.9
0,2025-07-30,52,1004.1,1005.6,1002.1
0,2025-07-31,34,1003.8,1005.3,1002.8
0,2025-08-01,0,998.2,1002.5,994.9
0,2025-08-02,173,1000.0,1001.7,997.9
0,2025-08-03,164,1003.3,1006.0,1000.5
0,2025-08-04,210,1004.6,1005.9,1003.2
0,2025-08-05,205,1003.2,1004.8,1001.7
0,2025-08-06,133,1000.1,1003.9,996.8
0,2025-08-07,241,997.4,1000.6,994.9
0,2025-08-08,36,1003.0,1006.5,999.7
0,2025-08-09,181,1005.8,1007.3,1005.1
0,2025-08-10,207,1004.9,1006.4,1003.2
0,2025-08-11,214,1007.1,1008.7,1005.6
0,2025-08-12,221,1011.7,1015.8,1008.6
0,2025-08-13,84,1016.3,1017.6,1014.9
0,2025-08-14,172,1015.3,1017.5,1013.9
0,2025-08-15,179,1012.9,1013.9,1011.8
0,2025-08-16,194,1013.2,1014.0,1012.3
0,2025-08-17,198,1012.4,1014.1,1011.1
0,2025-08-18,112,1013.3,1014.4,1011.9
0,2025-08-19,193,1010.5,1013.0,1009.3
0,2025-08-20,190,1009.2,1010.9,1008.0
0,2025-08-21,94,1009.6,1010.9,1008.1
0,2025-08-22,177,1009.8,1010.7,1008.9
0,2025-08-23,188,1009.9,1011.8,1008.3
0,2025-08-24,138,1011.5,1013.4,1009.7
0,2025-08-25,129,1012.6,1013.7,1011.3
0,2025-08-26,198,1009.5,1012.3,1008.0
0,2025-08-27,201,1009.0,1012.8,1005.9
0,2025-08-28,90,1013.9,1015.4,1012.0
0,2025-08-29,187,1013.4,1015.4,1012.7
0,2025-08-30,147,1012.1,1013.2,1010.7
0,2025-08-31,169,1012.0,1013.2,1010.9
0,2025-09-01,196,1009.9,1011.9,1008.9
0,2025-09-02,204,1008.6,1010.6,1006.9
0,2025-09-03,217,1011.4,1013.8,1009.1
0,2025-09-04,180,1011.6,1014.2,1008.7
0,2025-09-05,317,1005.0,1009.2,999.4
0,2025-09-06,176,1009.6,1011.4,1008.4
0,2025-09-07,195,1007.6,1009.4,1006.8
0,2025-09-08,18,1009.1,1011.1,1007.0
0,2025-09-09,183,1010.6,1013.0,1008.8
0,2025-09-10,192,1012.0,1013.1,1011.4
0,2025-09-11,15,1015.3,1017.7,1012.8
0,2025-09-12,82,1016.8,1018.3,1014.6
0,2025-09-13,205,1010.2,1014.4,1007.1
0,2025-09-14,26,1010.7,1014.9,1007.7
0,2025-09-15,120,1014.9,1015.8,1013.5
0,2025-09-16,190,1012.8,1015.4,1010.3
0,2025-09-17,211,1007.9,1010.5,1006.0
0,2025-09-18,53,1010.4,1017.3,1004.5
0,2025-09-19,39,1017.1,1018.6,1015.9
0,2025-09-20,204,1008.5,1015.7,1003.9
0,2025-09-21,15,1012.9,1019.5,1006.4
0,2025-09-22,35,1021.3,1023.2,1019.1
0,2025-09-23,19,1022.0,1023.0,1020.6
0,2025-09-24,46,1021.4,1023.1,1020.0
0,2025-09-25,186,1016.2,1020.0,1014.1
0,2025-09-26,61,1014.1,1016.2,1012.2
0,2025-09-27,68,1015.7,1016.6,1014.1
0,2025-09-28,190,1009.6,1016.3,1001.9
0,2025-09-29,46,1004.6,1011.8,999.5
0,2025-09-30,51,1012.0,1013.2,1010.7
0,2025-10-01,350,1012.1,1015.2,1010.1
0,2025-10-02,27,1018.0,1022.6,1014.6
0,2025-10-03,19,1021.7,1022.9,1020.8
0,2025-10-04,19,1017.3,1020.8,1014.8
0,2025-10-05,186,1010.4,1014.8,1008.1
0,2025-10-06,37,1015.1,1020.4,1010.0
0,2025-10-07,17,1017.6,1020.3,1015.1
0,2025-10-08,43,1012.0,1014.9,1011.0
0,2025-10-09,22,1016.2,1020.3,1011.7
0,2025-10-10,74,1019.0,1020.3,1018.1
0,2025-10-11,354,1015.5,1020.4,1012.1
0,2025-10-12,20,1009.7,1012.7,1008.0
0,2025-10-13,36,1012.4,1018.9,1006.9
0,2025-10-14,20,1019.2,1021.2,1017.6
0,2025-10-15,10,1021.9,1023.5,1020.8
0,2025-10-16,12,1015.4,1020.8,1012.4
0,2025-10-17,48,1022.4,1024.5,1021.1
0,2025-10-18,210,1016.0,1020.7,1013.9
0,2025-10-19,40,1019.5,1021.7,1017.5
0,2025-10-20,36,1020.2,1025.4,1016.1
0,2025-10-21,16,1026.3,1027.9,1024.4
0,2025-10-22,2,1027.1,1028.3,1026.1
0,2025-10-23,9,1025.7,1027.7,1024.1
0,2025-10-24,354,1025.3,1026.8,1024.4
0,2025-10-25,349,1020.3,1026.1,1015.2
0,2025-10-26,0,1007.6,1014.7,1004.1
0,2025-10-27,358,1010.0,1016.0,1006.9
0,2025-10-28,11,1020.9,1027.6,1016.2
0,2025-10-29,17,1028.0,1029.5,1026.0
0,2025-10-30,360,1025.8,1029.3,1023.5
0,2025-10-31,348,1008.4,1023.4,997.3
0,2025-11-01,315,1005.4,1011.9,1000.5
0,2025-11-02,233,1010.4,1013.3,1008.6
0,2025-11-03,356,1021.3,1028.6,1014.0
0,2025-11-04,15,1027.2,1030.0,1026.4
0,2025-11-05,352,1022.5,1027.3,1018.7
0,2025-11-06,356,1016.4,1019.0,1014.2
0,2025-11-07,10,1021.1,1026.8,1017.4
0,2025-11-08,33,1024.3,1027.3,1020.4
0,2025-11-09,349,1008.8,1019.6,1002.5
0,2025-11-10,356,1009.2,1015.6,1002.4
0,2025-11-11,5,1018.4,1024.2,1014.8
0,2025-11-12,7,1020.8,1024.5,1017.1
0,2025-11-13,2,1012.9,1017.4,1010.9
0,2025-11-14,22,1016.5,1022.5,1012.7
0,2025-11-15,25,1025.7,1029.4,1022.3
0,2025-11-16,10,1024.7,1029.5,1019.2
0,2025-11-17,240,1010.6,1017.7,1008.0
0,2025-11-18,19,1013.2,1020.5,1008.8
0,2025-11-19,17,1021.8,1022.9,1020.2
0,2025-11-20,19,1018.9,1022.9,1016.8
0,2025-11-21,20,1015.9,1022.0,1012.2
0,2025-11-22,17,1023.6,1024.7,1022.0
0,2025-11-23,351,1020.7,1024.7,1018.9
0,2025-11-24,59,1015.2,1019.3,1013.2
0,2025-11-25,342,1010.0,1013.7,1008.3
0,2025-11-26,5,1018.6,1022.8,1012.9
0,2025-11-27,211,1013.1,1022.7,1004.6
0,2025-11-28,15,1010.8,1017.4,1005.1
0,2025-11-29,28,1017.8,1019.6,1016.1
0,2025-11-30,2,1017.5,1019.7,1015.8
0,2025-12-01,264,1013.6,1016.1,1011.8
0,2025-12-02,16,1011.1,1015.6,1007.6
0,2025-12-03,325,1004.9,1013.0,1001.0
0,2025-12-04,43,1014.5,1016.1,1013.0
0,2025-12-05,7,1018.5,1023.7,1013.2
0,2025-12-06,7,1020.5,1024.5,1018.1
0,2025-12-07,68,1017.4,1019.3,1016.3
0,2025-12-08,349,1015.5,1020.1,1011.5
0,2025-12-09,16,1020.5,1021.6,1018.7
0,2025-12-10,22,1021.4,1023.0,1019.4
0,2025-12-11,265,1013.0,1020.2,1008.0
0,2025-12-12,4,1024.2,1027.9,1019.9
0,2025-12-13,8,1020.5,1028.7,1007.5
0,2025-12-14,300,1003.0,1011.8,999.0
0,2025-12-15,14,1017.2,1021.3,1013.0
0,2025-12-16,0,1018.4,1021.4,1017.5
0,2025-12-17,358,1016.1,1020.9,1013.1
0,2025-12-18,7,1025.5,1029.8,1021.5
0,2025-12-19,356,1028.2,1030.7,1026.7
0,2025-12-20,192,1021.5,1027.1,1016.7
0,2025-12-21,340,1014.6,1021.2,1011.8
0,2025-12-22,9,1027.1,1031.6,1022.0
0,2025-12-23,353,1026.0,1031.9,1020.6
0,2025-12-24,340,1011.3,1020.0,1004.7
0,2025-12-25,341,997.6,1004.9,993.1
0,2025-12-26,350,1010.2,1018.9,999.8
0,2025-12-27,356,1018.6,1020.3,1017.4
0,2025-12-28,359,1021.4,1022.7,1019.7
0,2025-12-29,328,1016.0,1021.6,1013.6
0,2025-12-30,9,1012.4,1015.1,1011.0
0,2025-12-31,25,1010.5,1013.0,1009.2
0,2026-01-01,18,1009.7,1012.1,1009.0
0,2026-01-02,359,1008.1,1012.3,1004.4
0,2026-01-03,331,1013.9,1016.9,1011.2
0,2026-01-04,71,1013.0,1017.6,1010.2
0,2026-01-05,355,1008.2,1014.3,1003.2
0,2026-01-06,7,1016.3,1018.2,1013.3
0,2026-01-07,353,1011.9,1018.4,1007.0
0,2026-01-08,357,1011.5,1018.4,1005.4
0,2026-01-09,336,1018.6,1019.6,1017.5
0,2026-01-10,214,1007.6,1017.5,1000.0
0,2026-01-11,244,1005.1,1014.9,995.8
0,2026-01-12,191,1012.0,1015.6,1008.5
0,2026-01-13,231,1004.7,1010.9,1000.5
0,2026-01-14,22,1015.6,1019.0,1010.9
0,2026-01-15,223,1012.1,1019.1,1008.9
0,2026-01-16,32,1013.4,1015.6,1010.8
0,2026-01-17,12,1014.1,1019.3,1010.3
0,2026-01-18,37,1019.5,1020.9,1017.7
0,2026-01-19,315,1008.7,1018.4,1003.0
0,2026-01-20,15,1010.3,1012.7,1007.1
0,2026-01-21,6,1008.4,1012.4,1005.5
0,2026-01-22,41,1012.8,1016.2,1009.4
0,2026-01-23,186,1014.7,1017.3,1012.6
0,2026-01-24,279,1010.2,1012.8,1007.7
0,2026-01-25,350,1015.5,1020.2,1010.9
0,2026-01-26,23,1017.7,1021.0,1015.0
0,2026-01-27,14,1012.5,1015.6,1009.9
0,2026-01-28,6,1015.8,1017.6,1013.6
0,2026-01-29,359,1015.3,1018.2,1013.4
0,2026-01-30,15,1016.3,1018.0,1014.4
0,2026-01-31,23,1016.2,1017.8,1014.7
1,2021-01-01,296,1011.1,1013.0,1007.8
1,2021-01-02,328,1013.7,1018.4,1008.9
1,2021-01-03,9,1018.8,1020.7,1016.5
1,2021-01-04,18,1018.8,1021.4,1017.5
1,2021-01-05,23,1011.9,1017.8,1008.1
1,2021-01-06,20,1007.9,1011.5,1002.4
1,2021-01-07,242,1000.5,1005.5,996.1
1,2021-01-08,260,1004.7,1006.8,1001.8
1,2021-01-09,264,1006.8,1012.2,1003.4
1,2021-01-10,33,1014.1,1017.9,1011.6
1,2021-01-11,14,1018.2,1020.9,1013.6
1,2021-01-12,15,1009.0,1013.6,1007.1
1,2021-01-13,333,1011.6,1012.9,1009.5
1,2021-01-14,14,1016.3,1021.1,1011.3
1,2021-01-15,350,1015.3,1021.3,1009.8
1,2021-01-16,272,1007.9,1012.4,1003.7
1,2021-01-17,33,1010.8,1012.6,1008.7
1,2021-01-18,255,1007.5,1012.6,1004.4
1,2021-01-19,42,1018.4,1025.8,1011.2
1,2021-01-20,16,1024.8,1026.6,1023.5
1,2021-01-21,11,1018.0,1024.6,1014.0
1,2021-01-22,19,1014.3,1017.4,1012.1
1,2021-01-23,1,1016.3,1018.1,1015.0
1,2021-01-24,350,1017.5,1021.6,1014.2
1,2021-01-25,10,1022.3,1023.6,1020.5
1,2021-01-26,359,1015.0,1022.9,1006.6
1,2021-01-27,26,1009.6,1013.0,1004.1
1,2021-01-28,343,1002.9,1012.0,994.1
1,2021-01-29,261,1004.5,1013.2,997.4
1,2021-01-30,61,1016.0,1019.7,1013.1
1,2021-01-31,30,1023.7,1026.3,1020.2
1,2021-02-01,212,1012.0,1024.6,1000.8
1,2021-02-02,11,1005.3,1010.5,999.1
1,2021-02-03,29,1011.6,1013.5,1009.9
1,2021-02-04,246,1011.1,1017.3,1006.0
1,2021-02-05,22,1013.3,1017.5,1011.0
1,2021-02-06,26,1007.7,1011.1,1006.8
1,2021-02-07,68,1006.4,1008.1,1004.1
1,2021-02-08,47,1008.4,1013.8,1005.2
1,2021-02-09,88,1014.5,1016.2,1012.8
1,2021-02-10,15,1012.7,1016.5,1010.8
1,2021-02-11,39,1018.4,1023.7,1014.4
1,2021-02-12,14,1024.6,1025.9,1022.9
1,2021-02-13,245,1021.6,1025.6,1019.3
1,2021-02-14,197,1012.4,1019.5,1001.1
1,2021-02-15,267,987.8,998.7,976.6
1,2021-02-16,239,997.5,999.9,995.9
1,2021-02-17,242,996.4,1001.5,991.2
1,2021-02-18,306,1004.2,1010.5,999.4
1,2021-02-19,243,1008.4,1010.8,1005.9
1,2021-02-20,256,1004.8,1007.7,1002.2
1,2021-02-21,267,1007.5,1008.7,1006.1
1,2021-02-22,250,1003.3,1008.6,999.9
1,2021-02-23,55,1010.1,1017.1,1004.8
1,2021-02-24,35,1017.8,1021.5,1015.2
1,2021-02-25,23,1018.9,1022.1,1016.6
1,2021-02-26,24,1016.4,1020.5,1014.7
1,2021-02-27,25,1027.5,1032.1,1020.9
1,2021-02-28,275,1027.7,1032.2,1023.8
1,2021-03-01,208,1016.0,1024.0,1007.9
1,2021-03-02,91,1006.0,1019.8,997.0
1,2021-03-03,29,1025.9,1030.1,1020.5
1,2021-03-04,346,1025.7,1030.3,1022.6
1,2021-03-05,8,1016.8,1022.2,1013.5
1,2021-03-06,40,1016.4,1025.1,1010.4
1,2021-03-07,40,1022.1,1025.6,1019.7
1,2021-03-08,18,1021.0,1023.3,1018.4
1,2021-03-09,320,1017.4,1023.1,1014.0
1,2021-03-10,49,1019.5,1026.3,1013.5
1,2021-03-11,237,1023.2,1026.0,1021.2
1,2021-03-12,352,1017.0,1022.0,1009.2
1,2021-03-13,323,1000.1,1008.2,996.1
1,2021-03-14,354,1005.9,1010.3,1002.5
1,2021-03-15,226,1010.7,1012.5,1007.8
1,2021-03-16,244,1004.5,1008.3,1002.0
1,2021-03-17,40,1011.2,1017.1,1006.7
1,2021-03-18,335,1014.7,1016.9,1013.4
1,2021-03-19,45,1016.8,1018.9,1014.6
1,2021-03-20,224,1013.2,1018.4,1007.2
1,2021-03-21,186,998.9,1006.6,994.5
1,2021-03-22,28,1009.4,1017.4,1003.1
1,2021-03-23,234,1018.8,1021.7,1016.9
1,2021-03-24,215,1019.0,1021.8,1017.5
1,2021-03-25,222,1012.1,1017.1,1009.6
1,2021-03-26,50,1014.2,1020.3,1009.0
1,2021-03-27,209,1017.8,1021.2,1014.4
1,2021-03-28,211,1005.5,1013.6,996.8
1,2021-03-29,246,1001.1,1005.9,997.5
1,2021-03-30,57,1005.0,1007.4,1003.2
1,2021-03-31,192,1010.9,1017.3,1007.0
1,2021-04-01,16,1019.8,1024.3,1016.1
1,2021-04-02,32,1022.8,1024.9,1021.3
1,2021-04-03,216,1015.2,1020.9,1010.8
1,2021-04-04,197,1004.7,1010.0,1001.5
1,2021-04-05,27,1011.8,1017.4,1003.9
1,2021-04-06,28,1013.5,1018.0,1011.0
1,2021-04-07,39,1009.9,1012.5,1008.1
1,2021-04-08,105,1010.2,1015.6,1007.1
1,2021-04-09,41,1019.4,1026.9,1014.7
1,2021-04-10,19,1028.2,1030.9,1025.7
1,2021-04-11,323,1029.6,1031.0,1028.3
1,2021-04-12,181,1024.9,1029.8,1019.5
1,2021-04-13,221,1009.4,1018.0,1001.8
1,2021-04-14,39,1005.6,1017.6,997.4
1,2021-04-15,29,1020.2,1023.4,1017.0
1,2021-04-16,284,1021.4,1023.7,1017.8
1,2021-04-17,203,1004.1,1017.4,994.5
1,2021-04-18,245,999.2,1006.4,994.0
1,2021-04-19,216,1009.2,1012.5,1006.5
1,2021-04-20,171,1012.2,1016.8,1009.8
1,2021-04-21,206,1015.9,1016.8,1014.9
1,2021-04-22,66,1016.3,1020.3,1011.9
1,2021-04-23,99,1018.5,1019.9,1016.8
1,2021-04-24,198,1013.8,1018.8,1009.5
1,2021-04-25,34,1008.8,1013.7,1005.5
1,2021-04-26,38,1016.6,1021.5,1011.3
1,2021-04-27,200,1018.4,1021.3,1017.3
1,2021-04-28,223,1013.6,1016.7,1009.9
1,2021-04-29,204,999.7,1008.6,991.8
1,2021-04-30,253,1000.7,1005.3,997.1
1,2021-05-01,218,998.4,1004.8,994.2
1,2021-05-02,252,1001.0,1010.3,993.6
1,2021-05-03,217,1010.9,1015.1,1008.4
1,2021-05-04,220,1013.1,1015.1,1011.8
1,2021-05-05,229,1011.7,1013.6,1009.4
1,2021-05-06,37,1012.8,1014.9,1011.8
1,2021-05-07,225,1005.4,1012.2,1001.3
1,2021-05-08,223,1000.9,1003.1,999.2
1,2021-05-09,241,1000.4,1007.1,995.7
1,2021-05-10,144,1007.9,1012.0,1006.0
1,2021-05-11,24,1013.8,1018.3,1011.1
1,2021-05-12,14,1016.7,1018.3,1014.8
1,2021-05-13,3,1010.2,1014.5,1008.2
1,2021-05-14,176,1010.9,1015.2,1008.0
1,2021-05-15,196,1014.3,1015.5,1013.2
1,2021-05-16,215,1007.2,1012.8,1001.8
1,2021-05-17,228,1000.3,1003.7,997.9
1,2021-05-18,32,1006.3,1008.5,1004.3
1,2021-05-19,29,1008.4,1012.1,1005.2
1,2021-05-20,227,1008.3,1013.0,1003.0
1,2021-05-21,213,1000.5,1002.5,998.6
1,2021-05-22,227,1000.7,1003.8,998.3
1,2021-05-23,189,1004.2,1005.7,1002.7
1,2021-05-24,223,1000.7,1005.0,997.9
1,2021-05-25,226,999.0,1004.2,996.3
1,2021-05-26,190,1006.4,1007.9,1004.9
1,2021-05-27,323,999.1,1006.2,994.6
1,2021-05-28,221,999.0,1002.3,995.6
1,2021-05-29,231,999.6,1003.2,996.5
1,2021-05-30,34,1005.4,1009.8,1001.6
1,2021-05-31,176,1010.0,1012.8,1008.2
1,2021-06-01,210,1014.4,1015.8,1012.7
1,2021-06-02,203,1014.4,1015.6,1013.2
1,2021-06-03,188,1008.9,1013.7,1002.2
1,2021-06-04,184,996.1,1001.2,991.6
1,2021-06-05,195,1002.0,1005.4,1000.6
1,2021-06-06,232,1007.4,1010.5,1004.9
1,2021-06-07,266,1010.4,1011.2,1009.5
1,2021-06-08,5,1009.8,1012.4,1007.9
1,2021-06-09,200,1013.9,1016.0,1012.0
1,2021-06-10,183,1016.0,1016.7,1015.2
1,2021-06-11,201,1016.0,1016.9,1014.8
1,2021-06-12,197,1011.5,1015.1,1009.9
1,2021-06-13,219,1005.8,1009.5,1004.2
1,2021-06-14,157,1003.5,1004.8,1002.8
1,2021-06-15,121,1003.2,1004.1,1002.0
1,2021-06-16,2,1003.2,1004.5,1001.8
1,2021-06-17,22,1002.2,1003.2,1001.0
1,2021-06-18,197,1000.4,1002.5,999.4
1,2021-06-19,297,996.5,1000.4,993.0
1,2021-06-20,22,997.3,1001.7,993.8
1,2021-06-21,177,1002.5,1004.9,1001.0
1,2021-06-22,198,1005.6,1006.9,1004.4
1,2021-06-23,36,1007.4,1009.3,1005.3
1,2021-06-24,205,1009.1,1010.5,1007.7
1,2021-06-25,191,1009.7,1010.7,1009.0
1,2021-06-26,194,1009.4,1010.6,1008.3
1,2021-06-27,104,1004.0,1007.9,1002.2
1,2021-06-28,25,1001.2,1003.0,997.9
1,2021-06-29,35,1002.3,1008.5,997.2
1,2021-06-30,20,1010.1,1011.5,1009.2
1,2021-07-01,349,1008.8,1010.1,1007.6
1,2021-07-02,33,1006.4,1009.1,1005.0
1,2021-07-03,56,1007.9,1011.4,1004.7
1,2021-07-04,13,1009.7,1011.9,1005.6
1,2021-07-05,34,1005.6,1006.6,1004.7
1,2021-07-06,204,1004.9,1006.6,1002.1
1,2021-07-07,63,1003.4,1004.8,1001.7
1,2021-07-08,45,1003.9,1005.5,1002.7
1,2021-07-09,42,1003.8,1005.1,1002.9
1,2021-07-10,175,1005.9,1008.1,1003.3
1,2021-07-11,148,1007.4,1009.6,1005.2
1,2021-07-12,105,1007.8,1009.2,1005.9
1,2021-07-13,98,1010.1,1012.8,1008.2
1,2021-07-14,128,1013.6,1015.8,1012.0
1,2021-07-15,166,1016.1,1017.2,1015.1
1,2021-07-16,203,1015.7,1017.0,1014.7
1,2021-07-17,199,1013.4,1015.0,1012.5
1,2021-07-18,183,1011.5,1012.7,1010.8
1,2021-07-19,172,1012.0,1013.2,1011.2
1,2021-07-20,180,1011.6,1012.8,1010.8
1,2021-07-21,186,1010.5,1011.5,1009.8
1,2021-07-22,189,1008.7,1009.9,1007.8
1,2021-07-23,182,1007.7,1008.7,1007.0
1,2021-07-24,139,1007.6,1008.3,1006.8
1,2021-07-25,90,1005.0,1007.7,1002.9
1,2021-07-26,76,997.5,1002.9,992.9
1,2021-07-27,250,994.8,996.3,993.7
1,2021-07-28,195,997.6,999.5,995.5
1,2021-07-29,203,998.6,999.4,997.8
1,2021-07-30,86,999.1,1000.0,998.0
1,2021-07-31,258,998.7,999.9,997.9
1,2021-08-01,189,1001.1,1004.7,998.9
1,2021-08-02,166,1006.9,1009.7,1004.7
1,2021-08-03,185,1009.3,1009.9,1008.8
1,2021-08-04,166,1006.5,1008.7,1005.3
1,2021-08-05,181,1003.7,1005.2,1002.7
1,2021-08-06,155,1003.3,1004.1,1002.6
1,2021-08-07,28,999.7,1003.0,995.7
1,2021-08-08,265,997.6,999.4,994.9
1,2021-08-09,212,993.1,997.2,991.5
1,2021-08-10,253,1000.4,1007.6,993.5
1,2021-08-11,206,1008.3,1009.2,1007.0
1,2021-08-12,146,1006.7,1009.6,1005.4
1,2021-08-13,224,1004.9,1008.8,1000.9
1,2021-08-14,248,1003.0,1006.1,1000.7
1,2021-08-15,8,1010.5,1013.4,1006.5
1,2021-08-16,11,1013.3,1014.2,1012.3
1,2021-08-17,195,1009.7,1013.2,1007.7
1,2021-08-18,213,1009.5,1011.7,1007.8
1,2021-08-19,211,1013.0,1014.6,1011.8
1,2021-08-20,205,1013.2,1015.0,1012.0
1,2021-08-21,214,1010.4,1012.7,1008.8
1,2021-08-22,243,1006.9,1009.1,1005.7
1,2021-08-23,47,1006.9,1008.3,1005.3
1,2021-08-24,223,1005.6,1007.9,1004.4
1,2021-08-25,253,1006.0,1008.6,1003.7
1,2021-08-26,94,1007.6,1008.7,1006.7
1,2021-08-27,91,1007.7,1008.4,1006.9
1,2021-08-28,52,1006.4,1008.8,1005.1
1,2021-08-29,90,1009.1,1010.2,1007.5
1,2021-08-30,153,1008.4,1010.8,1006.2
1,2021-08-31,5,1009.8,1010.8,1009.1
1,2021-09-01,28,1007.1,1009.6,1004.4
1,2021-09-02,12,1005.5,1006.6,1004.3
1,2021-09-03,14,1008.1,1009.7,1006.8
1,2021-09-04,14,1010.8,1012.7,1008.6
1,2021-09-05,22,1013.2,1014.4,1011.6
1,2021-09-06,15,1012.6,1013.9,1010.7
1,2021-09-07,27,1013.1,1014.6,1011.7
1,2021-09-08,357,1010.3,1011.8,1009.0
1,2021-09-09,19,1008.8,1010.0,1007.6
1,2021-09-10,213,1009.6,1010.6,1008.7
1,2021-09-11,144,1007.8,1009.8,1006.9
1,2021-09-12,239,1009.0,1011.1,1007.6
1,2021-09-13,23,1013.7,1015.3,1011.7
1,2021-09-14,11,1012.6,1015.5,1010.3
1,2021-09-15,24,1010.8,1013.3,1008.3
1,2021-09-16,21,1013.5,1014.8,1012.4
1,2021-09-17,199,1009.6,1014.0,1004.6
1,2021-09-18,123,1003.4,1007.8,1001.1
1,2021-09-19,26,1010.8,1013.3,1008.0
1,2021-09-20,25,1013.9,1015.3,1012.4
1,2021-09-21,12,1010.8,1013.9,1008.7
1,2021-09-22,204,1006.8,1008.8,1005.7
1,2021-09-23,266,1009.8,1014.5,1006.9
1,2021-09-24,36,1016.3,1020.1,1013.6
1,2021-09-25,22,1020.2,1021.6,1019.1
1,2021-09-26,357,1016.7,1020.2,1014.6
1,2021-09-27,11,1014.3,1015.3,1013.0
1,2021-09-28,20,1013.3,1014.5,1012.2
1,2021-09-29,2,1010.3,1013.5,1007.7
1,2021-09-30,20,1003.9,1008.1,999.0
1,2021-10-01,356,994.8,1003.7,988.4
1,2021-10-02,224,1009.9,1018.4,1004.4
1,2021-10-03,331,1021.8,1023.8,1019.4
1,2021-10-04,205,1020.1,1022.8,1018.3
1,2021-10-05,230,1013.8,1018.9,1010.4
1,2021-10-06,41,1014.9,1017.1,1012.0
1,2021-10-07,212,1016.3,1017.6,1015.4
1,2021-10-08,207,1018.1,1020.9,1015.8
1,2021-10-09,29,1022.2,1023.7,1020.7
1,2021-10-10,262,1018.4,1023.0,1015.0
1,2021-10-11,238,1015.0,1019.2,1012.0
1,2021-10-12,27,1019.9,1021.0,1018.6
1,2021-10-13,18,1017.5,1020.8,1015.4
1,2021-10-14,29,1013.0,1016.5,1011.7
1,2021-10-15,211,1011.8,1012.9,1010.2
1,2021-10-16,203,1006.3,1012.3,1002.1
1,2021-10-17,35,1013.6,1020.2,1005.7
1,2021-10-18,5,1018.6,1020.7,1016.1
1,2021-10-19,348,1006.6,1016.2,1001.3
1,2021-10-20,28,1006.2,1012.3,1001.6
1,2021-10-21,24,1013.2,1014.1,1012.0
1,2021-10-22,5,1011.4,1014.5,1009.9
1,2021-10-23,26,1018.8,1024.2,1014.4
1,2021-10-24,357,1022.7,1024.3,1021.7
1,2021-10-25,0,1015.3,1021.8,1008.5
1,2021-10-26,19,1011.3,1014.9,1007.8
1,2021-10-27,13,1012.1,1015.3,1010.8
1,2021-10-28,29,1013.2,1015.5,1009.6
1,2021-10-29,20,1017.7,1022.8,1013.2
1,2021-10-30,353,1021.7,1023.4,1020.6
1,2021-10-31,6,1018.9,1021.8,1017.2
1,2021-11-01,21,1014.8,1018.1,1013.0
1,2021-11-02,11,1009.9,1012.9,1008.6
1,2021-11-03,359,1009.2,1011.6,1007.0
1,2021-11-04,360,1011.6,1014.2,1009.5
1,2021-11-05,348,1015.2,1018.0,1012.7
1,2021-11-06,15,1017.7,1020.0,1015.7
1,2021-11-07,8,1019.8,1020.8,1018.4
1,2021-11-08,14,1013.5,1020.3,1005.4
1,2021-11-09,332,997.8,1005.0,995.1
1,2021-11-10,234,999.2,1002.1,997.1
1,2021-11-11,252,1002.6,1005.4,999.6
1,2021-11-12,255,1007.6,1013.1,1003.3
1,2021-11-13,291,1014.7,1016.5,1012.2
1,2021-11-14,254,1012.4,1014.9,1010.8
1,2021-11-15,310,1013.8,1015.8,1012.2
1,2021-11-16,28,1016.3,1018.6,1013.5
1,2021-11-17,8,1017.3,1018.6,1016.3
1,2021-11-18,358,1014.4,1016.7,1013.5
1,2021-11-19,323,1012.3,1015.0,1010.9
1,2021-11-20,8,1017.0,1019.0,1014.0
1,2021-11-21,9,1015.7,1019.8,1010.1
1,2021-11-22,195,999.1,1009.6,993.5
1,2021-11-23,255,1001.4,1003.8,998.6
1,2021-11-24,264,1006.3,1008.5,1002.6
1,2021-11-25,267,1007.9,1011.9,1005.2
1,2021-11-26,4,1011.7,1017.1,1009.5
1,2021-11-27,341,1021.3,1025.9,1017.0
1,2021-11-28,348,1027.1,1028.0,1025.6
1,2021-11-29,350,1023.0,1027.3,1021.1
1,2021-11-30,203,1009.1,1021.3,992.7
1,2021-12-01,249,999.7,1011.0,992.5
1,2021-12-02,313,1013.0,1015.0,1010.9
1,2021-12-03,272,1007.1,1011.3,1005.8
1,2021-12-04,314,1012.7,1023.5,1006.0
1,2021-12-05,11,1026.0,1027.4,1024.3
1,2021-12-06,356,1021.6,1026.9,1016.8
1,2021-12-07,5,1012.8,1016.9,1010.3
1,2021-12-08,11,1018.3,1024.0,1013.1
1,2021-12-09,11,1024.0,1025.2,1022.6
1,2021-12-10,357,1020.0,1023.8,1018.4
1,2021-12-11,285,1017.3,1020.6,1013.9
1,2021-12-12,284,1006.2,1014.7,1002.6
1,2021-12-13,45,1013.8,1019.4,1008.3
1,2021-12-14,354,1015.5,1019.3,1013.8
1,2021-12-15,337,1015.5,1017.9,1012.2
1,2021-12-16,205,1008.6,1017.5,996.6
1,2021-12-17,253,996.8,1008.1,990.4
1,2021-12-18,49,1010.4,1012.6,1008.1
1,2021-12-19,290,1008.9,1013.2,1005.2
1,2021-12-20,84,1011.3,1014.0,1009.4
1,2021-12-21,332,1006.8,1009.8,1005.6
1,2021-12-22,37,1012.4,1017.5,1008.3
1,2021-12-23,39,1016.8,1018.5,1014.7
1,2021-12-24,43,1009.3,1016.6,1002.6
1,2021-12-25,54,1004.8,1008.9,1000.4
1,2021-12-26,20,1009.8,1013.8,1005.8
1,2021-12-27,328,1012.1,1017.0,1010.0
1,2021-12-28,13,1019.2,1020.5,1016.9
1,2021-12-29,259,1009.9,1020.0,1002.1
1,2021-12-30,257,1002.9,1007.2,999.6
1,2021-12-31,76,1009.7,1014.9,1005.5
1,2022-01-01,40,1018.1,1020.5,1014.5
1,2022-01-02,0,1014.1,1020.6,1011.3
1,2022-01-03,347,1010.7,1015.7,1006.6
1,2022-01-04,37,1011.2,1016.0,1005.7
1,2022-01-05,35,1019.6,1021.4,1016.3
1,2022-01-06,5,1016.1,1021.1,1013.7
1,2022-01-07,32,1017.5,1020.0,1014.5
1,2022-01-08,357,1015.9,1019.9,1012.8
1,2022-01-09,359,1012.8,1014.8,1011.0
1,2022-01-10,2,1013.6,1016.6,1007.7
1,2022-01-11,340,996.7,1006.1,992.6
1,2022-01-12,34,1000.7,1003.0,997.7
1,2022-01-13,266,998.7,1004.6,994.1
1,2022-01-14,318,1008.4,1014.4,1003.3
1,2022-01-15,6,1015.5,1017.0,1013.2
1,2022-01-16,296,1010.8,1016.8,1008.7
1,2022-01-17,29,1006.4,1010.4,1004.0
1,2022-01-18,32,1010.7,1014.9,1006.2
1,2022-01-19,10,1010.8,1015.2,1007.9
1,2022-01-20,0,1010.5,1015.2,1005.8
1,2022-01-21,9,1018.2,1021.9,1014.1
1,2022-01-22,356,1020.1,1022.6,1018.6
1,2022-01-23,13,1013.2,1019.0,1008.4
1,2022-01-24,22,1012.1,1017.4,1006.7
1,2022-01-25,3,1014.9,1017.9,1012.8
1,2022-01-26,8,1011.2,1013.3,1009.3
1,2022-01-27,37,1011.5,1013.3,1010.4
1,2022-01-28,47,1010.3,1012.6,1009.5
1,2022-01-29,22,1006.9,1010.9,1004.4
1,2022-01-30,36,1009.0,1010.1,1007.6
1,2022-01-31,60,1012.2,1015.0,1008.9
1,2022-02-01,242,1009.9,1014.5,1007.3
1,2022-02-02,44,1013.3,1015.0,1011.5
1,2022-02-03,28,1010.2,1012.3,1008.1
1,2022-02-04,22,1005.6,1011.1,1002.2
1,2022-02-05,39,1006.7,1010.7,1002.9
1,2022-02-06,60,1012.1,1017.0,1007.8
1,2022-02-07,26,1017.7,1019.6,1015.9
1,2022-02-08,22,1017.7,1020.6,1015.5
1,2022-02-09,16,1018.4,1021.1,1016.6
1,2022-02-10,6,1012.7,1016.4,1011.0
1,2022-02-11,24,1017.6,1020.9,1014.1
1,2022-02-12,13,1018.9,1021.1,1017.5
1,2022-02-13,18,1014.7,1018.4,1012.1
1,2022-02-14,16,1014.1,1015.6,1012.2
1,2022-02-15,243,1005.3,1013.4,1001.6
1,2022-02-16,267,1002.5,1004.6,1000.9
1,2022-02-17,299,1010.4,1017.5,1004.7
1,2022-02-18,334,1021.0,1023.1,1018.6
1,2022-02-19,24,1009.6,1021.6,999.8
1,2022-02-20,28,1001.9,1009.8,994.9
1,2022-02-21,56,1011.7,1013.7,1008.2
1,2022-02-22,53,1013.6,1017.8,1008.0
1,2022-02-23,49,1016.1,1018.2,1014.3
1,2022-02-24,36,1016.0,1017.8,1014.6
1,2022-02-25,31,1016.0,1018.3,1014.0
1,2022-02-26,241,1010.6,1017.9,1005.8
1,2022-02-27,264,1009.9,1017.3,1002.9
1,2022-02-28,305,1014.6,1017.3,1011.9
1,2022-03-01,276,1004.9,1012.2,1002.2
1,2022-03-02,31,1005.9,1007.9,1004.5
1,2022-03-03,45,1008.5,1016.1,1002.8
1,2022-03-04,307,1010.3,1015.7,1005.5
1,2022-03-05,239,998.9,1005.0,996.0
1,2022-03-06,295,1005.3,1010.8,1000.8
1,2022-03-07,41,1012.0,1013.2,1010.5
1,2022-03-08,22,1013.9,1017.2,1011.5
1,2022-03-09,27,1017.1,1019.9,1014.9
1,2022-03-10,247,1017.9,1019.6,1016.9
1,2022-03-11,245,1012.4,1018.2,1010.2
1,2022-03-12,329,1013.2,1015.2,1011.4
1,2022-03-13,219,1009.9,1015.3,1006.2
1,2022-03-14,356,1006.0,1009.0,1002.4
1,2022-03-15,18,1006.0,1011.8,999.4
1,2022-03-16,296,1009.6,1013.5,1005.9
1,2022-03-17,25,1014.3,1015.3,1012.8
1,2022-03-18,6,1000.0,1014.8,988.6
1,2022-03-19,31,997.2,1007.3,991.2
1,2022-03-20,14,1011.5,1017.6,1007.7
1,2022-03-21,34,1016.7,1018.4,1015.6
1,2022-03-22,13,1015.8,1017.9,1014.2
1,2022-03-23,18,1013.4,1018.3,1010.4
1,2022-03-24,303,1015.9,1023.5,1011.0
1,2022-03-25,217,1022.0,1024.0,1017.1
1,2022-03-26,209,1003.6,1016.3,994.6
1,2022-03-27,80,1005.3,1013.4,999.4
1,2022-03-28,29,1020.8,1027.3,1014.1
1,2022-03-29,11,1024.7,1027.9,1021.8
1,2022-03-30,200,1015.9,1022.3,1011.0
1,2022-03-31,37,1012.2,1017.9,1008.6
1,2022-04-01,31,1020.5,1025.8,1015.9
1,2022-04-02,21,1024.4,1026.1,1022.2
1,2022-04-03,348,1024.1,1026.5,1021.9
1,2022-04-04,352,1017.4,1021.7,1015.4
1,2022-04-05,40,1016.8,1018.1,1015.2
1,2022-04-06,265,1012.8,1015.4,1010.8
1,2022-04-07,164,1010.3,1015.5,1007.4
1,2022-04-08,180,1014.7,1016.5,1012.7
1,2022-04-09,234,1013.8,1015.9,1011.6
1,2022-04-10,230,1015.8,1016.5,1014.8
1,2022-04-11,195,1012.9,1016.8,1010.7
1,2022-04-12,216,1008.4,1010.8,1007.3
1,2022-04-13,73,1009.7,1015.1,1006.4
1,2022-04-14,32,1013.1,1016.5,1008.4
1,2022-04-15,28,1003.6,1009.7,1000.2
1,2022-04-16,32,1009.4,1015.7,1002.8
1,2022-04-17,324,1016.2,1017.7,1014.9
1,2022-04-18,5,1010.8,1016.1,1008.5
1,2022-04-19,72,1013.5,1017.3,1010.3
1,2022-04-20,21,1017.0,1018.0,1015.7
1,2022-04-21,327,1011.4,1018.1,1004.2
1,2022-04-22,162,1005.0,1006.2,1003.9
1,2022-04-23,32,1008.5,1012.8,1004.4
1,2022-04-24,24,1009.3,1012.8,1007.1
1,2022-04-25,199,1011.5,1012.5,1010.3
1,2022-04-26,202,1003.8,1010.2,1000.1
1,2022-04-27,327,1007.7,1016.6,1002.3
1,2022-04-28,28,1014.1,1017.2,1010.7
1,2022-04-29,18,1003.0,1010.7,994.0
1,2022-04-30,66,1013.2,1016.1,1009.9
1,2022-05-01,80,1004.6,1009.4,1002.6
1,2022-05-02,148,1006.9,1012.3,1003.1
1,2022-05-03,221,1015.1,1017.2,1012.6
1,2022-05-04,241,1016.8,1019.7,1014.5
1,2022-05-05,206,1019.0,1020.5,1018.2
1,2022-05-06,199,1017.1,1019.7,1014.6
1,2022-05-07,71,1010.4,1014.1,1008.4
1,2022-05-08,87,1013.0,1014.9,1011.0
1,2022-05-09,20,1014.8,1016.8,1013.1
1,2022-05-10,32,1016.4,1017.6,1014.7
1,2022-05-11,282,1015.5,1017.1,1014.4
1,2022-05-12,219,1011.3,1014.6,1007.0
1,2022-05-13,195,1002.2,1007.6,996.9
1,2022-05-14,52,1000.9,1007.3,996.3
1,2022-05-15,45,1007.7,1008.7,1006.0
1,2022-05-16,13,1008.8,1010.6,1007.3
1,2022-05-17,270,1013.1,1016.3,1011.0
1,2022-05-18,204,1015.6,1017.0,1014.5
1,2022-05-19,205,1013.0,1016.0,1011.5
1,2022-05-20,125,1010.5,1012.9,1009.1
1,2022-05-21,30,1005.0,1010.0,1001.4
1,2022-05-22,30,1001.4,1003.8,999.6
1,2022-05-23,126,1009.9,1013.7,1004.8
1,2022-05-24,181,1012.0,1013.6,1011.1
1,2022-05-25,209,1009.0,1011.4,1007.6
1,2022-05-26,175,1004.3,1008.2,997.1
1,2022-05-27,189,994.5,997.6,992.2
1,2022-05-28,88,999.7,1003.1,997.1
1,2022-05-29,191,1001.9,1002.6,1001.1
1,2022-05-30,50,1001.8,1003.8,999.5
1,2022-05-31,21,1001.5,1005.0,998.3
1,2022-06-01,218,1004.8,1006.0,1004.0
1,2022-06-02,188,1003.9,1005.7,1002.7
1,2022-06-03,27,1005.2,1008.8,1001.5
1,2022-06-04,189,1007.9,1009.2,1007.0
1,2022-06-05,147,1004.5,1007.2,1000.9
1,2022-06-06,17,992.7,1000.3,989.4
1,2022-06-07,42,1001.7,1007.5,993.9
1,2022-06-08,46,1009.5,1012.3,1006.8
1,2022-06-09,138,1012.6,1014.1,1011.2
1,2022-06-10,184,1013.1,1013.9,1012.3
1,2022-06-11,30,1007.5,1013.0,1002.7
1,2022-06-12,7,1005.3,1008.3,1002.5
1,2022-06-13,77,1011.6,1014.0,1009.1
1,2022-06-14,18,1013.3,1014.8,1011.9
1,2022-06-15,6,1008.3,1012.6,1006.4
1,2022-06-16,247,1005.5,1007.5,1004.6
1,2022-06-17,270,1006.1,1008.3,1004.6
1,2022-06-18,184,1005.6,1008.0,1004.0
1,2022-06-19,216,1002.9,1006.0,1001.3
1,2022-06-20,223,1001.5,1003.9,999.4
1,2022-06-21,171,1004.7,1006.0,1004.0
1,2022-06-22,99,1006.8,1008.3,1005.3
1,2022-06-23,189,1006.9,1008.6,1003.9
1,2022-06-24,227,1001.2,1003.2,999.9
1,2022-06-25,246,1005.7,1009.7,1002.6
1,2022-06-26,247,1009.0,1010.3,1007.8
1,2022-06-27,209,1008.4,1009.8,1007.1
1,2022-06-28,241,1006.2,1008.7,1005.0
1,2022-06-29,255,1005.8,1008.5,1003.5
1,2022-06-30,159,1009.4,1011.9,1007.7
1,2022-07-01,191,1011.2,1012.3,1009.9
1,2022-07-02,219,1009.3,1012.3,1008.0
1,2022-07-03,230,1006.5,1008.7,1005.2
1,2022-07-04,250,1006.0,1006.9,1004.6
1,2022-07-05,134,1003.2,1006.7,1001.0
1,2022-07-06,12,1004.0,1006.4,1000.9
1,2022-07-07,50,1005.5,1007.0,1004.2
1,2022-07-08,68,1001.9,1004.9,1000.3
1,2022-07-09,201,1000.5,1003.1,998.8
1,2022-07-10,170,1003.4,1004.6,1002.1
1,2022-07-11,155,1004.7,1006.0,1003.5
1,2022-07-12,158,1002.7,1004.4,1001.4
1,2022-07-13,61,1001.5,1002.2,1000.7
1,2022-07-14,116,1000.6,1001.9,999.0
1,2022-07-15,91,998.0,999.5,996.9
1,2022-07-16,193,998.6,1000.2,996.8
1,2022-07-17,214,997.3,999.9,995.4
1,2022-07-18,231,1000.3,1001.3,999.4
1,2022-07-19,230,997.2,999.5,995.7
1,2022-07-20,45,1000.5,1002.8,998.3
1,2022-07-21,193,1000.5,1003.2,997.7
1,2022-07-22,196,995.3,997.5,993.4
1,2022-07-23,146,1000.1,1004.0,996.8
1,2022-07-24,210,1004.8,1007.0,1002.9
1,2022-07-25,176,1006.8,1007.5,1005.8
1,2022-07-26,193,1007.8,1008.8,1006.8
1,2022-07-27,198,1008.9,1010.5,1007.4
1,2022-07-28,187,1011.6,1013.0,1010.3
1,2022-07-29,196,1012.0,1013.3,1010.6
1,2022-07-30,221,1009.9,1011.9,1008.9
1,2022-07-31,230,1009.3,1010.2,1007.7
1,2022-08-01,215,1008.6,1010.2,1007.2
1,2022-08-02,122,1007.1,1009.3,1006.2
1,2022-08-03,56,1003.6,1006.2,1001.6
1,2022-08-04,64,1004.6,1006.0,1003.8
1,2022-08-05,52,1005.4,1007.3,1003.3
1,2022-08-06,176,1007.6,1008.8,1006.0
1,2022-08-07,196,1008.5,1009.3,1007.6
1,2022-08-08,215,1007.6,1009.2,1006.9
1,2022-08-09,225,1006.3,1007.5,1005.4
1,2022-08-10,204,1007.1,1008.2,1006.0
1,2022-08-11,205,1006.8,1007.6,1005.9
1,2022-08-12,210,1007.0,1007.7,1006.6
1,2022-08-13,206,1003.1,1007.3,998.7
1,2022-08-14,251,1002.3,1003.3,1001.0
1,2022-08-15,232,1001.9,1003.7,1000.3
1,2022-08-16,241,1001.0,1004.0,999.1
1,2022-08-17,1,1005.1,1007.3,1002.4
1,2022-08-18,237,999.7,1002.1,997.1
1,2022-08-19,167,1000.6,1001.8,999.8
1,2022-08-20,139,999.0,1000.8,997.2
1,2022-08-21,29,1002.6,1004.7,1000.8
1,2022-08-22,98,1004.2,1005.4,1003.2
1,2022-08-23,192,1001.6,1003.8,1000.7
1,2022-08-24,26,1002.9,1004.7,1001.3
1,2022-08-25,158,1002.1,1003.9,1000.2
1,2022-08-26,199,1001.8,1002.5,1000.5
1,2022-08-27,174,1002.4,1005.4,1000.6
1,2022-08-28,32,1011.3,1015.4,1006.6
1,2022-08-29,41,1014.2,1015.9,1012.4
1,2022-08-30,80,1009.4,1013.0,1007.3
1,2022-08-31,204,1006.2,1007.5,1004.6
1,2022-09-01,224,1007.9,1011.0,1005.6
1,2022-09-02,29,1013.0,1014.1,1012.0
1,2022-09-03,41,1012.9,1013.8,1011.5
1,2022-09-04,64,1012.5,1014.0,1011.3
1,2022-09-05,222,1011.5,1013.2,1010.4
1,2022-09-06,191,1007.6,1010.1,1006.5
1,2022-09-07,76,1009.8,1011.3,1008.5
1,2022-09-08,28,1011.3,1013.1,1010.2
1,2022-09-09,41,1011.1,1012.2,1008.9
1,2022-09-10,29,1012.6,1013.9,1011.0
1,2022-09-11,27,1011.8,1013.6,1010.3
1,2022-09-12,39,1011.2,1012.3,1009.4
1,2022-09-13,69,1011.3,1012.4,1009.8
1,2022-09-14,40,1012.5,1014.0,1010.3
1,2022-09-15,37,1011.3,1013.1,1009.9
1,2022-09-16,7,1010.9,1011.7,1009.8
1,2022-09-17,36,1010.5,1012.2,1009.1
1,2022-09-18,169,1005.8,1008.9,1002.6
1,2022-09-19,198,995.9,1001.6,992.1
1,2022-09-20,49,1001.9,1009.6,993.5
1,2022-09-21,22,1014.1,1017.4,1010.2
1,2022-09-22,358,1014.6,1018.0,1012.0
1,2022-09-23,119,1007.3,1011.9,1003.5
1,2022-09-24,56,1007.0,1012.4,1004.5
1,2022-09-25,43,1012.3,1013.6,1010.6
1,2022-09-26,82,1011.9,1013.2,1010.8
1,2022-09-27,31,1009.4,1012.4,1007.4
1,2022-09-28,34,1007.0,1009.7,1004.9
1,2022-09-29,308,1011.2,1013.3,1009.7
1,2022-09-30,13,1012.7,1013.9,1011.6
1,2022-10-01,12,1014.0,1017.1,1011.4
1,2022-10-02,29,1018.3,1019.9,1016.4
1,2022-10-03,252,1015.8,1020.1,1011.8
1,2022-10-04,232,1006.5,1011.5,1003.8
1,2022-10-05,28,1012.5,1016.7,1007.8
1,2022-10-06,9,1016.7,1018.3,1015.0
1,2022-10-07,346,1010.3,1015.2,1007.8
1,2022-10-08,8,1018.3,1022.0,1014.2
1,2022-10-09,1,1015.6,1021.9,1008.5
1,2022-10-10,220,1004.4,1007.6,1002.5
1,2022-10-11,10,1012.3,1019.1,1007.3
1,2022-10-12,11,1021.2,1022.7,1019.6
1,2022-10-13,1,1017.8,1022.4,1015.3
1,2022-10-14,8,1013.8,1016.4,1012.5
1,2022-10-15,20,1014.3,1016.4,1012.3
1,2022-10-16,7,1013.0,1016.8,1008.9
1,2022-10-17,51,1004.5,1008.9,1003.1
1,2022-10-18,36,1012.1,1017.2,1007.9
1,2022-10-19,23,1018.3,1022.7,1015.3
1,2022-10-20,319,1022.9,1024.4,1021.1
1,2022-10-21,229,1019.9,1024.5,1017.2
1,2022-10-22,316,1011.7,1017.2,1007.7
1,2022-10-23,36,1006.2,1010.1,1004.1
1,2022-10-24,10,1011.4,1013.0,1009.4
1,2022-10-25,1,1017.8,1021.9,1013.7
1,2022-10-26,11,1021.9,1023.1,1019.8
1,2022-10-27,358,1021.5,1024.0,1020.5
1,2022-10-28,6,1018.5,1021.4,1016.9
1,2022-10-29,26,1017.0,1018.8,1015.5
1,2022-10-30,17,1019.0,1021.3,1016.9
1,2022-10-31,9,1021.1,1022.7,1019.6
1,2022-11-01,2,1016.3,1020.4,1013.9
1,2022-11-02,296,1013.0,1015.2,1011.4
1,2022-11-03,242,1007.1,1011.8,1005.0
1,2022-11-04,33,1010.3,1015.5,1005.7
1,2022-11-05,11,1015.8,1018.8,1014.0
1,2022-11-06,360,1019.0,1020.0,1017.4
1,2022-11-07,349,1016.1,1020.3,1013.7
1,2022-11-08,343,1017.3,1023.0,1013.6
1,2022-11-09,350,1021.2,1023.0,1020.3
1,2022-11-10,273,1019.0,1022.7,1017.1
1,2022-11-11,5,1022.9,1024.3,1021.6
1,2022-11-12,298,1017.1,1022.5,1011.6
1,2022-11-13,231,1003.4,1011.0,999.1
1,2022-11-14,25,1007.9,1010.2,1006.6
1,2022-11-15,19,1006.2,1009.1,1004.5
1,2022-11-16,12,1013.3,1018.6,1009.9
1,2022-11-17,357,1019.8,1022.5,1017.4
1,2022-11-18,333,1020.0,1022.9,1018.4
1,2022-11-19,16,1020.3,1021.2,1018.6
1,2022-11-20,350,1016.8,1021.3,1013.3
1,2022-11-21,360,1013.4,1015.8,1011.2
1,2022-11-22,18,1015.8,1017.0,1014.2
1,2022-11-23,340,1006.1,1015.6,1000.5
1,2022-11-24,28,1011.1,1017.6,1005.3
1,2022-11-25,327,1016.7,1018.4,1013.7
1,2022-11-26,256,1008.1,1013.4,1006.2
1,2022-11-27,24,1018.2,1024.1,1011.8
1,2022-11-28,325,1020.9,1024.3,1016.2
1,2022-11-29,215,1006.9,1015.5,1001.9
1,2022-11-30,30,1008.6,1014.8,1003.4
1,2022-12-01,20,1013.5,1014.8,1012.3
1,2022-12-02,11,1020.2,1022.9,1015.6
1,2022-12-03,356,1016.7,1023.6,1013.0
1,2022-12-04,20,1014.4,1017.3,1011.0
1,2022-12-05,8,1014.2,1017.6,1011.8
1,2022-12-06,25,1010.3,1013.0,1008.4
1,2022-12-07,357,1012.2,1013.3,1011.3
1,2022-12-08,25,1015.4,1018.6,1012.4
1,2022-12-09,1,1015.4,1019.3,1013.9
1,2022-12-10,354,1010.6,1015.0,1006.5
1,2022-12-11,28,1010.4,1016.4,1005.9
1,2022-12-12,16,1015.6,1018.2,1010.9
1,2022-12-13,249,1004.3,1010.6,1001.8
1,2022-12-14,251,1007.2,1012.3,1000.8
1,2022-12-15,17,1011.2,1013.0,1008.1
1,2022-12-16,1,1015.3,1017.4,1011.6
1,2022-12-17,299,1005.7,1015.5,999.1
1,2022-12-18,258,1005.2,1011.0,999.4
1,2022-12-19,277,1012.8,1017.5,1008.7
1,2022-12-20,354,1017.1,1018.8,1015.7
1,2022-12-21,8,1007.6,1016.7,993.1
1,2022-12-22,229,988.7,992.5,984.3
1,2022-12-23,248,992.6,994.0,991.5
1,2022-12-24,275,997.6,1001.6,993.3
1,2022-12-25,316,1003.1,1007.7,1000.1
1,2022-12-26,325,1011.5,1015.7,1007.5
1,2022-12-27,36,1018.6,1020.2,1015.5
1,2022-12-28,330,1015.5,1020.7,1013.7
1,2022-12-29,19,1016.2,1020.1,1012.4
1,2022-12-30,30,1018.8,1020.6,1017.3
1,2022-12-31,15,1017.5,1020.3,1016.6
1,2023-01-01,304,1013.8,1017.6,1012.1
1,2023-01-02,34,1015.1,1016.6,1013.1
1,2023-01-03,25,1013.6,1016.2,1011.8
1,2023-01-04,3,1015.3,1018.6,1012.0
1,2023-01-05,360,1017.7,1019.2,1016.3
1,2023-01-06,23,1013.7,1018.7,1010.3
1,2023-01-07,347,1009.7,1014.7,1006.9
1,2023-01-08,349,1015.9,1017.0,1014.9
1,2023-01-09,302,1010.0,1016.2,1007.1
1,2023-01-10,331,1017.0,1021.0,1012.8
1,2023-01-11,340,1020.4,1021.8,1019.4
1,2023-01-12,342,1020.6,1021.5,1019.0
1,2023-01-13,219,1012.7,1021.3,1006.5
1,2023-01-14,2,1002.6,1006.7,1000.0
1,2023-01-15,9,1005.7,1007.8,1003.1
1,2023-01-16,33,1010.5,1018.9,1003.9
1,2023-01-17,23,1017.0,1020.2,1013.3
1,2023-01-18,27,1013.4,1018.0,1009.6
1,2023-01-19,33,1016.4,1019.1,1013.0
1,2023-01-20,305,1009.5,1015.2,1005.3
1,2023-01-21,24,1019.5,1021.8,1015.9
1,2023-01-22,8,1019.0,1022.3,1016.7
1,2023-01-23,6,1009.4,1018.0,999.5
1,2023-01-24,301,997.6,1010.0,987.6
1,2023-01-25,340,1013.3,1015.3,1009.1
1,2023-01-26,313,1011.0,1015.9,1009.2
1,2023-01-27,20,1000.7,1008.2,996.9
1,2023-01-28,33,1006.4,1010.8,1003.0
1,2023-01-29,23,1008.6,1011.8,1007.1
1,2023-01-30,311,1008.8,1014.8,1003.8
1,2023-01-31,338,1014.1,1015.6,1012.7
1,2023-02-01,243,1007.4,1014.0,1004.0
1,2023-02-02,27,1014.5,1016.4,1012.5
1,2023-02-03,24,1014.9,1016.5,1013.6
1,2023-02-04,306,1013.0,1019.2,1009.4
1,2023-02-05,330,1017.9,1019.8,1016.7
1,2023-02-06,346,1015.9,1018.0,1014.3
1,2023-02-07,18,1011.7,1016.6,1009.1
1,2023-02-08,28,1014.8,1020.7,1011.2
1,2023-02-09,23,1023.0,1025.2,1020.7
1,2023-02-10,353,1011.4,1022.1,1004.4
1,2023-02-11,20,1018.4,1021.6,1013.3
1,2023-02-12,236,1013.4,1020.7,1007.6
1,2023-02-13,23,1002.5,1007.7,1000.2
1,2023-02-14,35,1008.0,1013.4,1004.9
1,2023-02-15,36,1018.5,1024.4,1014.0
1,2023-02-16,28,1023.3,1024.8,1022.3
1,2023-02-17,29,1021.4,1024.1,1020.1
1,2023-02-18,241,1012.9,1021.9,1003.4
1,2023-02-19,234,1001.3,1006.4,997.1
1,2023-02-20,23,1009.0,1017.4,1004.1
1,2023-02-21,8,1021.2,1027.4,1016.2
1,2023-02-22,148,1022.5,1027.5,1018.2
1,2023-02-23,296,1014.2,1018.3,1012.0
1,2023-02-24,348,1011.9,1014.0,1010.7
1,2023-02-25,27,1017.0,1022.7,1013.0
1,2023-02-26,9,1023.4,1028.3,1020.0
1,2023-02-27,243,1026.9,1028.9,1025.1
1,2023-02-28,235,1020.2,1025.5,1017.6
1,2023-03-01,219,1010.5,1017.6,1003.4
1,2023-03-02,16,1011.4,1021.6,1002.5
1,2023-03-03,226,1020.8,1022.1,1019.2
1,2023-03-04,23,1021.3,1024.2,1018.6
1,2023-03-05,17,1021.8,1024.4,1020.2
1,2023-03-06,15,1017.6,1020.4,1016.1
1,2023-03-07,282,1017.9,1019.4,1016.3
1,2023-03-08,244,1017.0,1019.7,1015.7
1,2023-03-09,216,1015.3,1018.3,1013.8
1,2023-03-10,291,1016.2,1022.3,1011.2
1,2023-03-11,267,1022.5,1023.9,1020.6
1,2023-03-12,200,1017.1,1023.0,1010.7
1,2023-03-13,31,1010.1,1017.3,1005.4
1,2023-03-14,31,1020.7,1025.1,1017.0
1,2023-03-15,202,1022.6,1025.0,1021.0
1,2023-03-16,270,1017.2,1021.6,1015.4
1,2023-03-17,35,1015.7,1017.9,1012.5
1,2023-03-18,27,1008.7,1014.6,1005.3
1,2023-03-19,248,1015.5,1017.5,1014.0
1,2023-03-20,207,1014.7,1017.4,1013.3
1,2023-03-21,209,1012.3,1014.8,1010.9
1,2023-03-22,29,1014.0,1015.7,1011.8
1,2023-03-23,232,1003.3,1013.5,997.5
1,2023-03-24,34,1007.9,1012.7,1001.1
1,2023-03-25,8,1013.5,1015.1,1012.0
1,2023-03-26,22,1005.0,1010.7,1001.4
1,2023-03-27,25,1014.9,1018.8,1010.9
1,2023-03-28,15,1018.9,1020.2,1017.4
1,2023-03-29,28,1017.4,1019.3,1015.7
1,2023-03-30,250,1015.8,1018.3,1014.6
1,2023-03-31,246,1013.0,1016.2,1011.8
1,2023-04-01,23,1013.0,1014.7,1010.9
1,2023-04-02,29,1015.5,1019.3,1012.7
1,2023-04-03,38,1020.1,1022.1,1017.1
1,2023-04-04,216,1020.7,1022.6,1019.4
1,2023-04-05,205,1017.2,1020.5,1014.6
1,2023-04-06,213,1012.2,1014.0,1009.8
1,2023-04-07,203,1002.5,1009.3,998.7
1,2023-04-08,8,1003.8,1012.3,997.8
1,2023-04-09,196,1014.7,1016.9,1012.4
1,2023-04-10,238,1014.4,1017.1,1013.4
1,2023-04-11,222,1011.7,1015.1,1008.9
1,2023-04-12,221,1007.7,1015.9,1003.6
1,2023-04-13,209,1015.1,1016.1,1014.4
1,2023-04-14,219,1010.8,1014.4,1008.8
1,2023-04-15,316,996.8,1009.1,989.1
1,2023-04-16,271,995.1,1003.0,989.5
1,2023-04-17,49,1011.8,1016.6,1003.4
1,2023-04-18,210,1009.9,1016.7,1005.3
1,2023-04-19,349,1006.4,1008.8,1004.1
1,2023-04-20,205,1004.6,1008.2,1002.5
1,2023-04-21,88,1001.7,1007.3,998.6
1,2023-04-22,34,1012.3,1017.9,1008.4
1,2023-04-23,52,1017.1,1019.6,1015.2
1,2023-04-24,1,1019.5,1020.8,1017.7
1,2023-04-25,163,1015.5,1021.1,1006.6
1,2023-04-26,242,1002.7,1013.1,995.9
1,2023-04-27,196,1017.6,1019.7,1014.3
1,2023-04-28,215,1016.0,1019.5,1014.3
1,2023-04-29,209,1006.4,1013.5,998.0
1,2023-04-30,231,1002.3,1007.6,998.3
1,2023-05-01,69,1009.6,1015.6,1005.9
1,2023-05-02,196,1020.2,1023.4,1016.8
1,2023-05-03,223,1019.1,1022.6,1017.7
1,2023-05-04,225,1013.9,1018.6,1012.1
1,2023-05-05,222,1008.5,1012.5,1005.5
1,2023-05-06,225,1003.4,1004.9,1002.1
1,2023-05-07,29,1000.6,1003.6,994.2
1,2023-05-08,38,1006.0,1013.6,996.3
1,2023-05-09,38,1011.6,1013.8,1010.6
1,2023-05-10,125,1011.5,1015.1,1008.9
1,2023-05-11,61,1015.7,1017.7,1013.5
1,2023-05-12,203,1017.0,1018.3,1016.1
1,2023-05-13,225,1015.5,1017.6,1013.7
1,2023-05-14,144,1010.6,1013.9,1008.5
1,2023-05-15,9,1007.0,1009.1,1005.5
1,2023-05-16,206,1008.6,1010.4,1006.8
1,2023-05-17,235,1010.0,1012.4,1007.5
1,2023-05-18,231,1009.7,1012.3,1008.5
1,2023-05-19,57,1005.1,1008.7,1001.6
1,2023-05-20,36,1005.5,1007.3,1003.7
1,2023-05-21,188,1002.2,1005.7,1000.0
1,2023-05-22,28,1000.5,1002.1,998.5
1,2023-05-23,11,1000.2,1004.7,997.9
1,2023-05-24,183,1011.9,1018.8,1005.5
1,2023-05-25,191,1020.1,1021.6,1018.8
1,2023-05-26,186,1020.0,1021.4,1019.1
1,2023-05-27,198,1018.7,1020.4,1016.9
1,2023-05-28,206,1011.3,1016.3,1007.8
1,2023-05-29,32,1004.5,1007.1,1003.0
1,2023-05-30,357,1005.4,1009.0,1003.5
1,2023-05-31,353,1009.4,1011.4,1007.4
1,2023-06-01,196,1007.4,1011.6,1001.1
1,2023-06-02,197,995.0,1002.2,992.4
1,2023-06-03,62,999.3,1005.7,994.3
1,2023-06-04,226,1004.1,1006.1,1002.2
1,2023-06-05,200,1005.6,1006.4,1004.6
1,2023-06-06,200,1004.6,1006.5,1003.4
1,2023-06-07,216,1006.2,1009.2,1003.8
1,2023-06-08,187,1006.0,1009.4,999.4
1,2023-06-09,251,1002.6,1007.4,999.1
1,2023-06-10,171,1008.6,1009.6,1007.8
1,2023-06-11,7,1007.0,1008.8,1005.3
1,2023-06-12,32,1002.1,1006.3,998.1
1,2023-06-13,169,1001.3,1003.5,999.8
1,2023-06-14,40,1002.6,1004.3,1001.0
1,2023-06-15,148,1002.5,1004.6,1001.4
1,2023-06-16,245,1006.5,1010.4,1002.6
1,2023-06-17,213,1006.6,1009.9,1004.2
1,2023-06-18,79,1000.1,1003.9,998.1
1,2023-06-19,79,1003.4,1007.7,999.8
1,2023-06-20,179,1008.5,1009.5,1007.1
1,2023-06-21,187,1008.3,1010.2,1007.2
1,2023-06-22,15,1004.0,1007.7,1002.4
1,2023-06-23,51,1006.1,1009.3,1004.0
1,2023-06-24,119,1010.3,1012.0,1008.8
1,2023-06-25,142,1010.7,1011.9,1009.5
1,2023-06-26,168,1010.7,1011.9,1009.4
1,2023-06-27,196,1009.9,1011.7,1008.5
1,2023-06-28,204,1004.6,1008.2,1002.5
1,2023-06-29,226,1002.1,1003.5,1000.4
1,2023-06-30,238,1000.3,1001.8,999.3
1,2023-07-01,252,1001.4,1003.9,999.5
1,2023-07-02,184,1004.7,1005.3,1003.9
1,2023-07-03,122,1001.5,1004.1,1000.1
1,2023-07-04,6,1001.3,1002.1,1000.2
1,2023-07-05,212,999.3,1001.7,997.1
1,2023-07-06,191,1001.7,1005.4,998.7
1,2023-07-07,197,1004.9,1006.2,1003.3
1,2023-07-08,225,1002.6,1003.6,1001.5
1,2023-07-09,252,1002.0,1003.2,1001.2
1,2023-07-10,244,1003.4,1005.6,1001.7
1,2023-07-11,230,1003.8,1005.6,1002.3
1,2023-07-12,248,1001.5,1002.9,1000.5
1,2023-07-13,284,1003.6,1005.8,1001.9
1,2023-07-14,226,1005.2,1006.4,1003.9
1,2023-07-15,241,1005.3,1006.2,1004.4
1,2023-07-16,258,1007.1,1010.0,1005.0
1,2023-07-17,189,1009.7,1010.5,1008.6
1,2023-07-18,172,1006.4,1009.6,1004.1
1,2023-07-19,203,1000.0,1003.6,997.2
1,2023-07-20,103,1005.9,1010.0,1002.4
1,2023-07-21,103,1012.3,1014.5,1009.7
1,2023-07-22,183,1014.2,1015.2,1013.1
1,2023-07-23,183,1012.2,1013.8,1011.3
1,2023-07-24,182,1011.3,1012.4,1010.0
1,2023-07-25,199,1011.8,1013.2,1010.8
1,2023-07-26,181,1011.7,1013.3,1010.8
1,2023-07-27,175,1011.5,1012.5,1010.4
1,2023-07-28,182,1012.6,1013.5,1011.5
1,2023-07-29,180,1012.6,1013.8,1011.9
1,2023-07-30,196,1011.0,1012.9,1009.3
1,2023-07-31,197,1009.2,1010.5,1007.1
1,2023-08-01,243,1009.3,1010.9,1008.3
1,2023-08-02,211,1007.7,1009.4,1006.6
1,2023-08-03,214,1005.4,1007.4,1004.5
1,2023-08-04,227,1002.5,1004.3,1001.5
1,2023-08-05,183,1001.1,1002.0,1000.0
1,2023-08-06,176,1001.1,1002.5,999.6
1,2023-08-07,159,1003.7,1005.4,1002.0
1,2023-08-08,156,1006.4,1008.7,1004.4
1,2023-08-09,60,1009.4,1010.4,1008.7
1,2023-08-10,1,1007.6,1010.0,1006.0
1,2023-08-11,40,1002.4,1005.6,1001.2
1,2023-08-12,97,1000.3,1001.3,998.8
1,2023-08-13,38,1001.0,1002.2,999.7
1,2023-08-14,61,1001.2,1002.3,999.9
1,2023-08-15,192,1002.1,1003.2,1000.9
1,2023-08-16,208,1002.5,1004.1,1001.0
1,2023-08-17,212,1004.6,1006.6,1002.7
1,2023-08-18,170,1007.0,1008.9,1005.0
1,2023-08-19,148,1008.6,1009.5,1007.6
1,2023-08-20,159,1008.3,1009.5,1007.4
1,2023-08-21,114,1007.7,1008.5,1006.3
1,2023-08-22,70,1008.4,1009.5,1006.8
1,2023-08-23,189,1009.9,1011.1,1008.8
1,2023-08-24,201,1009.5,1010.9,1008.7
1,2023-08-25,172,1007.7,1009.3,1007.0
1,2023-08-26,10,1006.6,1008.1,1005.4
1,2023-08-27,23,1003.7,1006.3,1002.6
1,2023-08-28,227,1006.4,1010.3,1003.5
1,2023-08-29,194,1010.6,1012.4,1008.6
1,2023-08-30,193,1012.6,1013.8,1010.9
1,2023-08-31,197,1012.8,1013.9,1011.9
1,2023-09-01,188,1010.3,1012.3,1009.0
1,2023-09-02,164,1009.4,1010.5,1008.3
1,2023-09-03,37,1008.4,1010.8,1006.8
1,2023-09-04,169,1005.9,1007.3,1004.8
1,2023-09-05,233,1003.8,1005.9,1002.7
1,2023-09-06,225,1002.6,1005.1,1000.1
1,2023-09-07,28,1007.5,1009.9,1006.1
1,2023-09-08,3,1005.1,1008.5,1003.4
1,2023-09-09,215,1006.5,1008.6,1004.5
1,2023-09-10,197,1008.5,1009.7,1007.1
1,2023-09-11,198,1009.3,1010.0,1008.2
1,2023-09-12,200,1009.3,1010.7,1007.7
1,2023-09-13,222,1010.0,1011.0,1008.8
1,2023-09-14,213,1008.7,1009.9,1007.5
1,2023-09-15,86,1010.7,1012.0,1009.0
1,2023-09-16,199,1010.5,1011.7,1009.3
1,2023-09-17,214,1010.5,1011.5,1009.1
1,2023-09-18,225,1010.6,1012.0,1009.6
1,2023-09-19,237,1008.8,1010.6,1007.8
1,2023-09-20,54,1008.6,1009.4,1007.4
1,2023-09-21,217,1004.8,1008.4,1003.1
1,2023-09-22,22,1008.6,1010.8,1006.1
1,2023-09-23,24,1012.4,1015.3,1009.9
1,2023-09-24,13,1016.3,1017.5,1014.6
1,2023-09-25,17,1014.5,1017.1,1013.1
1,2023-09-26,4,1009.9,1013.1,1007.4
1,2023-09-27,43,1006.3,1007.9,1004.7
1,2023-09-28,270,1003.7,1008.2,1000.5
1,2023-09-29,342,1009.0,1010.2,1007.5
1,2023-09-30,224,1004.2,1009.3,1001.3
1,2023-10-01,31,1003.3,1007.6,1000.8
1,2023-10-02,32,1010.4,1014.3,1007.2
1,2023-10-03,8,1013.6,1015.1,1012.1
1,2023-10-04,20,1005.2,1013.0,997.9
1,2023-10-05,284,998.5,1004.0,993.2
1,2023-10-06,195,1007.0,1011.6,1003.7
1,2023-10-07,60,1016.1,1021.3,1011.8
1,2023-10-08,347,1020.5,1022.4,1017.8
1,2023-10-09,341,1011.1,1017.7,1006.1
1,2023-10-10,283,1006.9,1014.0,1002.2
1,2023-10-11,21,1016.9,1019.1,1014.3
1,2023-10-12,23,1016.1,1019.3,1014.7
1,2023-10-13,16,1010.6,1015.0,1008.9
1,2023-10-14,95,1006.0,1009.2,1001.3
1,2023-10-15,345,1000.1,1005.4,996.0
1,2023-10-16,264,1006.5,1009.7,1004.7
1,2023-10-17,13,1013.3,1018.2,1009.5
1,2023-10-18,311,1016.3,1018.4,1014.8
1,2023-10-19,255,1010.9,1015.6,1006.7
1,2023-10-20,227,1000.8,1005.6,998.5
1,2023-10-21,58,1009.1,1017.7,1003.3
1,2023-10-22,238,1017.7,1019.3,1016.6
1,2023-10-23,273,1018.0,1019.7,1016.8
1,2023-10-24,340,1014.9,1019.0,1012.9
1,2023-10-25,322,1010.2,1013.0,1009.1
1,2023-10-26,287,1008.5,1010.3,1007.5
1,2023-10-27,346,1005.7,1007.9,1004.5
1,2023-10-28,339,1006.5,1009.5,1004.2
1,2023-10-29,308,1011.8,1016.1,1009.0
1,2023-10-30,343,1017.9,1020.3,1015.4
1,2023-10-31,295,1018.0,1020.4,1016.5
1,2023-11-01,273,1014.5,1017.9,1012.6
1,2023-11-02,313,1014.7,1016.3,1013.0
1,2023-11-03,275,1015.5,1017.2,1013.9
1,2023-11-04,263,1019.2,1022.8,1016.2
1,2023-11-05,4,1021.8,1023.8,1019.4
1,2023-11-06,203,1011.0,1018.8,1003.6
1,2023-11-07,221,1008.0,1016.5,1002.0
1,2023-11-08,31,1019.7,1023.1,1016.7
1,2023-11-09,319,1020.0,1023.2,1016.5
1,2023-11-10,329,1009.7,1016.2,1006.5
1,2023-11-11,22,1016.3,1018.8,1013.0
1,2023-11-12,26,1009.4,1016.0,1006.7
1,2023-11-13,348,1012.3,1017.8,1007.8
1,2023-11-14,344,1018.4,1020.6,1016.2
1,2023-11-15,357,1021.2,1022.3,1019.3
1,2023-11-16,3,1016.7,1023.2,1007.1
1,2023-11-17,240,999.3,1006.1,995.9
1,2023-11-18,256,1000.3,1007.0,994.3
1,2023-11-19,307,1005.5,1007.6,1003.5
1,2023-11-20,23,1013.4,1021.3,1004.7
1,2023-11-21,303,1017.4,1021.4,1016.1
1,2023-11-22,290,1013.2,1016.7,1010.8
1,2023-11-23,272,1005.3,1010.6,1002.3
1,2023-11-24,267,1007.6,1018.7,1000.7
1,2023-11-25,25,1021.3,1023.7,1018.7
1,2023-11-26,9,1016.8,1021.5,1014.7
1,2023-11-27,242,1007.9,1014.7,1002.6
1,2023-11-28,256,1006.4,1012.2,999.8
1,2023-11-29,274,1008.8,1012.1,1006.6
1,2023-11-30,338,1010.3,1013.3,1005.9
1,2023-12-01,349,1010.8,1013.7,1007.9
1,2023-12-02,3,1015.5,1017.0,1013.7
1,2023-12-03,271,1014.4,1017.7,1010.6
1,2023-12-04,330,1017.4,1018.4,1016.0
1,2023-12-05,343,1012.0,1017.9,1007.8
1,2023-12-06,303,1005.9,1008.7,1000.9
1,2023-12-07,254,1006.9,1016.3,998.5
1,2023-12-08,276,1016.7,1017.4,1015.0
1,2023-12-09,302,1015.9,1017.9,1013.4
1,2023-12-10,291,1018.2,1020.8,1016.2
1,2023-12-11,19,1014.8,1021.0,1004.7
1,2023-12-12,33,1008.3,1019.1,1001.1
1,2023-12-13,29,1023.1,1025.3,1019.9
1,2023-12-14,24,1020.9,1025.1,1015.7
1,2023-12-15,248,1004.9,1015.2,1000.0
1,2023-12-16,239,1000.4,1002.8,998.9
1,2023-12-17,305,1012.2,1019.7,1004.3
1,2023-12-18,20,1020.8,1022.2,1018.7
1,2023-12-19,20,1015.5,1021.9,1009.1
1,2023-12-20,260,1005.8,1008.9,1004.0
1,2023-12-21,260,1009.8,1014.5,1004.8
1,2023-12-22,265,1016.8,1022.5,1010.7
1,2023-12-23,356,1023.7,1025.4,1021.0
1,2023-12-24,320,1019.9,1026.2,1017.3
1,2023-12-25,348,1017.4,1021.0,1014.3
1,2023-12-26,273,1018.0,1021.3,1015.7
1,2023-12-27,5,1023.0,1024.3,1021.2
1,2023-12-28,356,1018.9,1023.9,1016.4
1,2023-12-29,317,1017.4,1018.6,1016.0
1,2023-12-30,331,1013.1,1018.6,1005.5
1,2023-12-31,22,1002.3,1012.0,997.8
1,2024-01-01,22,1018.8,1022.2,1013.6
1,2024-01-02,339,1013.3,1018.7,1011.3
1,2024-01-03,333,1006.4,1012.0,1001.8
1,2024-01-04,358,1013.5,1018.2,1005.7
1,2024-01-05,300,1013.0,1017.7,1011.0
1,2024-01-06,286,1005.6,1011.2,1002.7
1,2024-01-07,6,1006.0,1013.0,1003.2
1,2024-01-08,343,1016.1,1018.2,1013.6
1,2024-01-09,295,1010.5,1016.5,1008.1
1,2024-01-10,24,1008.5,1010.1,1005.5
1,2024-01-11,348,1008.4,1010.4,1006.3
1,2024-01-12,286,1004.7,1006.4,1002.1
1,2024-01-13,338,1011.0,1021.0,1001.9
1,2024-01-14,244,1011.0,1021.6,1003.4
1,2024-01-15,14,1007.9,1013.3,1003.7
1,2024-01-16,327,1019.0,1023.9,1013.8
1,2024-01-17,330,1020.0,1024.4,1017.0
1,2024-01-18,349,1015.0,1019.4,1012.4
1,2024-01-19,29,1022.1,1025.3,1018.0
1,2024-01-20,341,1020.7,1026.3,1010.5
1,2024-01-21,326,1007.8,1013.3,1002.7
1,2024-01-22,311,1007.0,1014.1,1001.5
1,2024-01-23,249,998.7,1002.1,997.1
1,2024-01-24,316,1003.1,1006.6,999.0
1,2024-01-25,320,1007.4,1009.5,1004.9
1,2024-01-26,48,1011.6,1014.3,1009.0
1,2024-01-27,37,1015.2,1016.9,1013.6
1,2024-01-28,10,1018.1,1022.7,1014.7
1,2024-01-29,6,1023.7,1025.1,1022.3
1,2024-01-30,334,1024.2,1025.9,1022.8
1,2024-01-31,247,1014.6,1022.6,1007.8
1,2024-02-01,38,1012.7,1019.3,1007.4
1,2024-02-02,13,1019.5,1022.4,1017.9
1,2024-02-03,21,1020.9,1023.1,1019.3
1,2024-02-04,3,1019.6,1021.0,1018.3
1,2024-02-05,346,1011.2,1018.8,1007.5
1,2024-02-06,6,1012.5,1013.5,1011.4
1,2024-02-07,339,1011.7,1013.1,1010.0
1,2024-02-08,0,1012.5,1015.2,1010.3
1,2024-02-09,10,1013.6,1015.6,1012.2
1,2024-02-10,7,1011.1,1014.1,1009.1
1,2024-02-11,330,1014.1,1016.4,1011.9
1,2024-02-12,344,1023.7,1027.2,1017.2
1,2024-02-13,276,1021.7,1025.7,1020.5
1,2024-02-14,315,1018.3,1021.9,1016.6
1,2024-02-15,225,1006.8,1015.9,997.8
1,2024-02-16,29,1016.2,1020.4,1008.4
1,2024-02-17,1,1022.4,1025.6,1019.7
1,2024-02-18,276,1024.4,1026.0,1022.6
1,2024-02-19,199,1014.6,1022.3,1009.9
1,2024-02-20,15,1015.3,1018.9,1010.2
1,2024-02-21,26,1013.5,1018.6,1011.0
1,2024-02-22,30,1017.1,1019.0,1014.2
1,2024-02-23,26,1019.0,1022.8,1016.6
1,2024-02-24,18,1021.8,1024.0,1019.9
1,2024-02-25,336,1011.7,1019.7,1007.2
1,2024-02-26,7,1008.8,1011.2,1006.0
1,2024-02-27,319,1014.6,1019.2,1010.2
1,2024-02-28,20,1020.8,1022.5,1018.4
1,2024-02-29,356,1011.9,1022.6,997.7
1,2024-03-01,114,1000.3,1006.4,997.2
1,2024-03-02,29,1009.5,1013.5,1006.6
1,2024-03-03,259,1010.5,1013.4,1006.7
1,2024-03-04,23,1015.3,1019.4,1011.1
1,2024-03-05,349,1010.5,1019.3,1001.5
1,2024-03-06,13,1004.2,1010.2,1000.3
1,2024-03-07,24,1009.0,1011.4,1004.4
1,2024-03-08,18,1001.9,1004.8,999.5
1,2024-03-09,314,1010.5,1018.4,1004.9
1,2024-03-10,102,1020.9,1023.7,1018.2
1,2024-03-11,266,1016.7,1023.6,1010.7
1,2024-03-12,333,997.9,1010.2,990.3
1,2024-03-13,318,1010.2,1014.7,1004.2
1,2024-03-14,204,1013.0,1016.4,1010.0
1,2024-03-15,228,1011.9,1016.5,1009.6
1,2024-03-16,232,1014.6,1016.4,1009.7
1,2024-03-17,231,1001.1,1009.3,998.2
1,2024-03-18,18,1009.5,1014.8,1003.7
1,2024-03-19,204,1006.7,1014.7,996.0
1,2024-03-20,284,997.3,1006.0,989.1
1,2024-03-21,348,1009.6,1015.4,1005.3
1,2024-03-22,258,1017.0,1018.8,1014.7
1,2024-03-23,9,1014.4,1018.0,1010.9
1,2024-03-24,335,1014.9,1018.0,1011.7
1,2024-03-25,4,1010.6,1012.3,1007.7
1,2024-03-26,358,1004.8,1014.8,996.2
1,2024-03-27,215,1019.1,1021.7,1015.5
1,2024-03-28,185,1014.9,1022.0,1004.8
1,2024-03-29,250,1002.0,1005.6,998.3
1,2024-03-30,271,1004.6,1006.0,1003.0
1,2024-03-31,260,1002.6,1004.1,1001.1
1,2024-04-01,35,1006.8,1013.9,1001.9
1,2024-04-02,274,1013.4,1014.8,1012.3
1,2024-04-03,318,1004.4,1013.4,998.0
1,2024-04-04,10,1008.5,1016.0,1003.6
1,2024-04-05,12,1017.1,1018.2,1016.0
1,2024-04-06,44,1015.3,1018.2,1013.5
1,2024-04-07,22,1014.5,1015.6,1012.9
1,2024-04-08,60,1010.2,1016.1,1001.5
1,2024-04-09,63,1008.7,1021.7,997.9
1,2024-04-10,49,1024.9,1026.6,1022.7
1,2024-04-11,1,1022.1,1026.6,1018.3
1,2024-04-12,21,1014.7,1017.9,1013.3
1,2024-04-13,54,1015.8,1018.8,1013.2
1,2024-04-14,188,1018.6,1019.3,1017.6
1,2024-04-15,229,1016.6,1019.5,1014.3
1,2024-04-16,213,1009.6,1014.6,1005.9
1,2024-04-17,12,1004.4,1005.7,1003.3
1,2024-04-18,20,1000.2,1004.3,997.8
1,2024-04-19,223,1004.4,1009.1,1000.6
1,2024-04-20,50,1009.6,1011.3,1007.6
1,2024-04-21,90,1009.7,1011.4,1008.7
1,2024-04-22,32,1010.1,1013.0,1007.6
1,2024-04-23,48,1013.1,1014.8,1011.9
1,2024-04-24,1,1005.5,1012.6,1000.7
1,2024-04-25,287,1004.6,1011.0,1000.4
1,2024-04-26,209,1010.1,1011.3,1008.7
1,2024-04-27,275,1008.2,1010.3,1006.6
1,2024-04-28,201,1010.4,1011.1,1009.5
1,2024-04-29,187,1005.8,1010.5,1001.2
1,2024-04-30,256,998.3,1001.2,996.4
1,2024-05-01,24,1005.5,1012.0,999.6
1,2024-05-02,24,1014.8,1017.1,1012.2
1,2024-05-03,200,1014.8,1016.7,1013.4
1,2024-05-04,239,1017.3,1018.6,1016.2
1,2024-05-05,209,1017.5,1019.2,1016.2
1,2024-05-06,210,1012.4,1016.1,1008.6
1,2024-05-07,209,1002.2,1007.8,1000.2
1,2024-05-08,35,1004.7,1008.1,1000.9
1,2024-05-09,355,1012.0,1017.8,1007.0
1,2024-05-10,223,1017.8,1019.2,1015.7
1,2024-05-11,217,1016.9,1018.9,1015.6
1,2024-05-12,204,1010.0,1015.4,1003.5
1,2024-05-13,99,1006.2,1013.1,1001.2
1,2024-05-14,39,1014.2,1016.3,1012.8
1,2024-05-15,146,1007.9,1013.7,1002.6
1,2024-05-16,225,1001.9,1007.8,998.4
1,2024-05-17,275,1011.5,1015.8,1008.1
1,2024-05-18,154,1014.9,1016.2,1013.8
1,2024-05-19,300,1013.6,1016.3,1010.9
1,2024-05-20,287,1008.7,1010.3,1007.0
1,2024-05-21,60,1013.6,1017.9,1010.2
1,2024-05-22,262,1014.3,1017.7,1011.3
1,2024-05-23,189,1006.3,1010.9,1003.0
1,2024-05-24,94,1003.1,1008.5,1000.5
1,2024-05-25,253,1012.5,1015.1,1008.9
1,2024-05-26,209,1009.8,1014.6,1005.0
1,2024-05-27,216,1000.8,1004.7,998.9
1,2024-05-28,197,995.8,1000.2,990.9
1,2024-05-29,249,1008.1,1012.2,1001.0
1,2024-05-30,184,1009.6,1012.4,1005.2
1,2024-05-31,20,1003.3,1004.9,1001.7
1,2024-06-01,131,1005.3,1006.9,1003.9
1,2024-06-02,137,1003.4,1005.1,1002.6
1,2024-06-03,39,1004.3,1006.9,1001.6
1,2024-06-04,35,1009.5,1013.8,1006.5
1,2024-06-05,174,1014.7,1016.6,1012.7
1,2024-06-06,183,1015.2,1016.6,1014.0
1,2024-06-07,184,1013.7,1014.6,1012.9
1,2024-06-08,220,1012.3,1014.1,1010.8
1,2024-06-09,183,1008.6,1011.8,1006.9
1,2024-06-10,201,1005.9,1007.2,1004.3
1,2024-06-11,183,1005.9,1007.0,1004.9
1,2024-06-12,189,1004.0,1006.9,1002.0
1,2024-06-13,235,1002.0,1004.6,999.9
1,2024-06-14,167,1005.3,1006.4,1004.4
1,2024-06-15,216,1002.4,1006.5,998.8
1,2024-06-16,213,1000.7,1004.6,997.5
1,2024-06-17,228,1004.5,1005.8,1003.6
1,2024-06-18,24,1002.2,1005.8,1000.5
1,2024-06-19,195,1006.5,1008.5,1005.1
1,2024-06-20,198,1006.0,1007.9,1004.2
1,2024-06-21,345,1001.8,1005.4,997.9
1,2024-06-22,213,1002.8,1005.5,996.7
1,2024-06-23,256,995.2,997.6,993.2
1,2024-06-24,258,999.9,1003.4,997.3
1,2024-06-25,248,1003.7,1007.4,1001.2
1,2024-06-26,37,1009.4,1012.8,1006.6
1,2024-06-27,181,1009.9,1012.5,1008.3
1,2024-06-28,345,1005.1,1008.6,1002.8
1,2024-06-29,210,1006.6,1008.0,1005.5
1,2024-06-30,225,1001.2,1006.0,996.2
1,2024-07-01,256,999.9,1004.2,996.6
1,2024-07-02,66,1006.5,1009.7,1004.4
1,2024-07-03,210,1005.6,1009.8,1002.4
1,2024-07-04,196,1001.8,1002.8,1001.1
1,2024-07-05,146,1001.7,1003.2,1000.9
1,2024-07-06,221,1004.2,1005.8,1003.3
1,2024-07-07,260,1000.8,1003.7,999.5
1,2024-07-08,259,1000.3,1002.2,998.7
1,2024-07-09,263,1000.6,1003.0,998.7
1,2024-07-10,231,998.5,1003.1,995.3
1,2024-07-11,238,997.2,998.9,995.3
1,2024-07-12,150,1000.1,1005.0,997.8
1,2024-07-13,170,1007.8,1010.6,1005.1
1,2024-07-14,156,1010.1,1011.1,1009.0
1,2024-07-15,45,1012.1,1013.6,1009.9
1,2024-07-16,132,1011.2,1013.5,1009.4
1,2024-07-17,106,1008.2,1009.4,1007.1
1,2024-07-18,211,1006.9,1008.4,1006.2
1,2024-07-19,243,1005.3,1006.2,1004.4
1,2024-07-20,284,1005.9,1008.0,1003.5
1,2024-07-21,193,1006.2,1007.9,1004.5
1,2024-07-22,108,1004.9,1005.8,1003.8
1,2024-07-23,221,1002.7,1004.6,1001.4
1,2024-07-24,252,1001.8,1004.3,1000.1
1,2024-07-25,242,1006.4,1010.4,1004.0
1,2024-07-26,241,1012.4,1014.6,1010.3
1,2024-07-27,141,1012.4,1014.5,1010.4
1,2024-07-28,197,1005.6,1010.0,1003.3
1,2024-07-29,179,998.6,1003.3,996.2
1,2024-07-30,167,998.0,999.1,997.2
1,2024-07-31,143,1000.8,1003.0,999.1
1,2024-08-01,100,1002.6,1003.7,1001.3
1,2024-08-02,165,1003.7,1005.0,1002.0
1,2024-08-03,175,1004.9,1005.9,1003.7
1,2024-08-04,163,1004.5,1005.7,1003.3
1,2024-08-05,173,1003.7,1004.4,1002.9
1,2024-08-06,134,1002.7,1004.0,1001.4
1,2024-08-07,93,1000.6,1002.4,999.3
1,2024-08-08,147,999.7,1001.0,998.7
1,2024-08-09,13,997.6,999.1,996.5
1,2024-08-10,52,996.6,997.7,995.4
1,2024-08-11,221,995.2,996.7,993.9
1,2024-08-12,204,999.9,1003.9,996.9
1,2024-08-13,167,1003.5,1004.9,1002.4
1,2024-08-14,144,1004.1,1005.2,1003.5
1,2024-08-15,33,1001.9,1004.6,999.1
1,2024-08-16,350,998.1,1000.6,996.3
1,2024-08-17,127,1003.5,1006.9,1000.9
1,2024-08-18,127,1006.7,1008.8,1005.0
1,2024-08-19,161,1009.1,1010.8,1007.0
1,2024-08-20,223,1008.7,1010.2,1007.1
1,2024-08-21,172,1008.9,1009.8,1008.1
1,2024-08-22,196,1008.7,1009.5,1008.0
1,2024-08-23,192,1008.2,1009.0,1006.8
1,2024-08-24,206,1008.0,1009.3,1006.6
1,2024-08-25,191,1007.8,1008.7,1006.6
1,2024-08-26,183,1008.9,1010.0,1007.9
1,2024-08-27,189,1007.9,1009.2,1007.0
1,2024-08-28,193,1008.5,1009.4,1007.3
1,2024-08-29,175,1006.6,1009.5,1003.6
1,2024-08-30,192,1002.0,1004.7,1000.4
1,2024-08-31,180,1001.5,1004.6,999.3
1,2024-09-01,196,1005.5,1006.5,1004.5
1,2024-09-02,202,1005.6,1007.6,1004.0
1,2024-09-03,34,1006.9,1008.2,1005.7
1,2024-09-04,31,1006.2,1007.8,1004.9
1,2024-09-05,193,1005.2,1006.5,1003.9
1,2024-09-06,226,1008.4,1010.6,1006.7
1,2024-09-07,194,1009.8,1011.1,1008.5
1,2024-09-08,102,1010.1,1011.8,1008.4
1,2024-09-09,105,1013.3,1015.5,1010.9
1,2024-09-10,200,1014.4,1015.3,1013.2
1,2024-09-11,169,1013.4,1015.4,1012.4
1,2024-09-12,198,1009.9,1013.0,1007.8
1,2024-09-13,227,1005.6,1007.9,1004.4
1,2024-09-14,198,1006.9,1008.3,1005.4
1,2024-09-15,218,1009.6,1013.1,1006.8
1,2024-09-16,46,1014.1,1015.8,1013.0
1,2024-09-17,206,1010.6,1013.3,1009.3
1,2024-09-18,260,1010.1,1012.0,1008.8
1,2024-09-19,185,1011.3,1012.7,1009.3
1,2024-09-20,239,1006.4,1009.6,1004.4
1,2024-09-21,240,1003.5,1005.0,1001.3
1,2024-09-22,263,1001.7,1007.6,996.9
1,2024-09-23,24,1011.9,1015.6,1008.2
1,2024-09-24,11,1014.7,1016.2,1013.0
1,2024-09-25,359,1010.2,1012.7,1009.1
1,2024-09-26,87,1009.6,1010.7,1008.4
1,2024-09-27,24,1007.8,1010.5,1006.1
1,2024-09-28,32,1013.0,1016.2,1010.3
1,2024-09-29,16,1015.9,1017.1,1014.9
1,2024-09-30,25,1010.6,1015.1,1006.5
1,2024-10-01,2,1003.8,1007.2,1001.3
1,2024-10-02,185,1009.6,1016.1,1006.1
1,2024-10-03,164,1015.0,1016.6,1013.7
1,2024-10-04,227,1015.0,1017.1,1013.2
1,2024-10-05,21,1017.4,1018.0,1016.4
1,2024-10-06,23,1013.9,1017.8,1011.3
1,2024-10-07,212,1005.8,1010.8,1004.2
1,2024-10-08,12,1008.1,1009.6,1006.8
1,2024-10-09,354,1007.6,1008.9,1006.3
1,2024-10-10,9,1009.0,1011.7,1006.9
1,2024-10-11,346,1014.0,1018.0,1010.3
1,2024-10-12,27,1018.7,1020.6,1017.0
1,2024-10-13,12,1020.5,1022.1,1018.7
1,2024-10-14,15,1021.1,1022.4,1019.8
1,2024-10-15,295,1017.6,1020.9,1015.4
1,2024-10-16,23,1016.9,1019.0,1015.1
1,2024-10-17,27,1019.5,1020.6,1017.7
1,2024-10-18,18,1015.2,1020.1,1009.2
1,2024-10-19,303,1009.3,1020.4,1004.6
1,2024-10-20,19,1026.3,1029.0,1021.6
1,2024-10-21,358,1025.9,1028.7,1023.0
1,2024-10-22,1,1017.6,1022.7,1013.5
1,2024-10-23,231,1010.0,1013.0,1008.5
1,2024-10-24,37,1014.8,1019.9,1011.4
1,2024-10-25,19,1020.4,1021.9,1019.1
1,2024-10-26,13,1015.9,1019.4,1013.5
1,2024-10-27,228,1006.6,1013.0,1001.7
1,2024-10-28,33,1008.9,1016.8,1002.7
1,2024-10-29,356,1014.6,1017.9,1009.5
1,2024-10-30,42,1013.2,1021.1,1007.8
1,2024-10-31,328,1021.7,1022.6,1020.4
1,2024-11-01,5,1016.5,1021.4,1010.5
1,2024-11-02,23,1006.8,1012.8,1002.3
1,2024-11-03,13,1017.1,1019.5,1013.5
1,2024-11-04,250,1013.0,1018.5,1010.4
1,2024-11-05,22,1011.6,1013.1,1009.5
1,2024-11-06,32,1012.8,1017.4,1009.7
1,2024-11-07,43,1021.1,1025.8,1017.6
1,2024-11-08,15,1024.4,1026.1,1023.5
1,2024-11-09,4,1023.8,1025.4,1022.8
1,2024-11-10,21,1017.3,1023.0,1011.5
1,2024-11-11,356,1011.7,1013.6,1009.0
1,2024-11-12,263,1010.9,1014.5,1009.3
1,2024-11-13,31,1018.1,1020.3,1015.3
1,2024-11-14,356,1017.9,1020.6,1015.1
1,2024-11-15,6,1015.2,1018.9,1012.3
1,2024-11-16,347,1015.3,1018.9,1011.0
1,2024-11-17,26,1007.3,1011.1,1005.4
1,2024-11-18,31,1015.7,1021.4,1011.0
1,2024-11-19,15,1021.9,1023.5,1020.7
1,2024-11-20,353,1014.9,1021.1,1010.0
1,2024-11-21,345,1009.7,1011.3,1008.4
1,2024-11-22,39,1007.7,1011.6,1005.3
1,2024-11-23,32,1015.5,1019.8,1011.8
1,2024-11-24,28,1021.2,1025.0,1018.2
1,2024-11-25,350,1025.1,1026.8,1023.6
1,2024-11-26,359,1011.5,1023.7,1002.2
1,2024-11-27,235,1001.4,1002.8,999.2
1,2024-11-28,244,1001.0,1003.1,998.5
1,2024-11-29,301,997.9,999.9,994.8
1,2024-11-30,294,1003.6,1010.2,999.4
1,2024-12-01,314,1011.5,1014.2,1009.4
1,2024-12-02,332,1013.3,1014.7,1011.9
1,2024-12-03,305,1008.8,1012.7,1006.7
1,2024-12-04,14,1005.7,1007.4,1004.3
1,2024-12-05,355,1003.8,1005.7,1001.6
1,2024-12-06,278,1006.1,1009.9,1002.6
1,2024-12-07,45,1007.6,1010.7,1005.3
1,2024-12-08,19,1008.2,1013.2,1002.8
1,2024-12-09,33,1012.6,1014.1,1011.9
1,2024-12-10,349,1011.4,1013.7,1009.6
1,2024-12-11,23,1008.8,1012.2,1005.8
1,2024-12-12,12,1013.3,1015.4,1011.3
1,2024-12-13,303,1005.6,1013.9,999.6
1,2024-12-14,10,1008.2,1010.7,1005.2
1,2024-12-15,284,1006.6,1009.9,1004.7
1,2024-12-16,0,1009.7,1011.3,1007.9
1,2024-12-17,334,1010.1,1012.1,1008.7
1,2024-12-18,24,1011.0,1012.6,1008.4
1,2024-12-19,18,1014.7,1018.3,1010.8
1,2024-12-20,229,1014.4,1019.8,1009.0
1,2024-12-21,254,1000.7,1009.0,996.0
1,2024-12-22,6,1006.0,1011.2,1001.7
1,2024-12-23,279,1010.3,1013.1,1008.6
1,2024-12-24,336,1016.3,1022.0,1011.4
1,2024-12-25,328,1017.1,1023.2,1009.5
1,2024-12-26,303,1004.9,1009.0,1002.6
1,2024-12-27,35,1006.1,1007.7,1003.2
1,2024-12-28,322,1008.6,1012.2,1004.1
1,2024-12-29,282,1014.5,1018.6,1008.8
1,2024-12-30,338,1012.1,1019.0,1003.0
1,2024-12-31,289,1002.7,1011.3,995.3
1,2025-01-01,355,1011.8,1013.0,1010.8
1,2025-01-02,12,1010.6,1012.7,1009.7
1,2025-01-03,24,1010.4,1014.0,1008.0
1,2025-01-04,15,1017.2,1019.7,1014.6
1,2025-01-05,322,1017.7,1020.9,1015.3
1,2025-01-06,341,1002.5,1015.6,995.1
1,2025-01-07,276,999.6,1005.7,994.8
1,2025-01-08,284,1005.9,1007.6,1003.6
1,2025-01-09,255,1003.6,1008.4,999.5
1,2025-01-10,319,1012.9,1016.0,1009.1
1,2025-01-11,2,1017.4,1019.0,1015.8
1,2025-01-12,352,1011.9,1017.6,1009.1
1,2025-01-13,357,1014.7,1017.4,1010.8
1,2025-01-14,322,1011.8,1016.1,1008.3
1,2025-01-15,265,1009.3,1015.2,1003.0
1,2025-01-16,356,1011.9,1015.9,1009.1
1,2025-01-17,31,1015.8,1019.6,1012.3
1,2025-01-18,6,1019.7,1021.1,1018.5
1,2025-01-19,343,1012.9,1018.7,1009.2
1,2025-01-20,341,1008.0,1010.9,1005.6
1,2025-01-21,8,1012.6,1016.0,1010.0
1,2025-01-22,318,1017.4,1019.3,1015.0
1,2025-01-23,308,1016.9,1020.0,1015.2
1,2025-01-24,358,1016.9,1018.9,1015.8
1,2025-01-25,11,1015.1,1017.6,1013.8
1,2025-01-26,4,1012.4,1014.5,1010.8
1,2025-01-27,264,1007.9,1013.4,1003.8
1,2025-01-28,253,1003.8,1005.6,999.8
1,2025-01-29,261,1007.0,1009.3,1003.4
1,2025-01-30,268,1011.4,1016.2,1006.9
1,2025-01-31,355,1016.9,1019.8,1014.3
1,2025-02-01,355,1015.5,1020.0,1013.1
1,2025-02-02,354,1009.9,1014.1,1006.9
1,2025-02-03,332,999.2,1006.2,995.0
1,2025-02-04,356,996.1,999.4,992.9
1,2025-02-05,257,1000.1,1005.7,995.7
1,2025-02-06,275,1004.9,1006.5,1002.9
1,2025-02-07,260,1000.0,1005.7,996.0
1,2025-02-08,291,1006.5,1011.3,1002.0
1,2025-02-09,37,1011.5,1014.0,1008.7
1,2025-02-10,70,1012.3,1016.0,1010.5
1,2025-02-11,101,1018.4,1020.4,1015.8
1,2025-02-12,226,1003.7,1019.4,991.1
1,2025-02-13,58,1005.9,1011.4,997.0
1,2025-02-14,52,1012.0,1016.0,1008.9
1,2025-02-15,205,1012.4,1016.5,1008.5
1,2025-02-16,333,1003.9,1008.7,1000.8
1,2025-02-17,22,1002.3,1008.0,996.7
1,2025-02-18,27,1006.6,1008.6,1005.2
1,2025-02-19,319,1011.4,1015.5,1007.2
1,2025-02-20,74,1015.1,1017.4,1013.3
1,2025-02-21,1,1016.2,1017.6,1015.0
1,2025-02-22,31,1016.0,1019.1,1011.9
1,2025-02-23,4,1014.6,1019.3,1012.2
1,2025-02-24,0,1016.1,1021.6,1011.2
1,2025-02-25,232,1016.7,1022.3,1011.2
1,2025-02-26,255,1011.5,1016.2,1006.8
1,2025-02-27,200,1016.7,1018.1,1015.3
1,2025-02-28,311,1015.4,1018.4,1012.3
1,2025-03-01,251,1013.9,1018.6,1011.3
1,2025-03-02,22,1008.9,1012.5,1007.1
1,2025-03-03,23,1017.4,1024.3,1010.5
1,2025-03-04,346,1019.3,1024.3,1012.4
1,2025-03-05,333,1006.9,1012.3,1004.5
1,2025-03-06,13,1009.4,1014.7,1006.0
1,2025-03-07,41,1019.5,1025.6,1014.2
1,2025-03-08,352,1022.3,1025.7,1020.1
1,2025-03-09,37,1023.0,1026.8,1019.5
1,2025-03-10,212,1024.6,1027.1,1022.3
1,2025-03-11,345,1018.3,1022.6,1016.1
1,2025-03-12,321,1010.6,1016.4,1006.7
1,2025-03-13,50,1011.9,1018.3,1008.0
1,2025-03-14,51,1019.0,1022.3,1016.9
1,2025-03-15,352,1018.2,1022.6,1007.4
1,2025-03-16,312,994.7,1005.9,988.3
1,2025-03-17,323,1002.6,1011.1,992.5
1,2025-03-18,354,1006.0,1011.4,999.5
1,2025-03-19,350,1010.1,1016.7,1000.6
1,2025-03-20,1,1012.2,1016.6,1010.7
1,2025-03-21,254,1005.9,1011.1,1004.1
1,2025-03-22,262,1001.0,1003.9,998.9
1,2025-03-23,42,1005.8,1009.7,1000.8
1,2025-03-24,278,1003.3,1010.0,1000.3
1,2025-03-25,241,998.3,1000.9,995.2
1,2025-03-26,264,1003.8,1008.5,996.1
1,2025-03-27,201,1001.0,1008.1,994.3
1,2025-03-28,64,999.1,1009.9,991.9
1,2025-03-29,20,1014.6,1016.8,1010.0
1,2025-03-30,40,1017.0,1023.5,1012.9
1,2025-03-31,4,1023.1,1024.7,1021.6
1,2025-04-01,343,1017.1,1022.9,1010.5
1,2025-04-02,13,1010.2,1011.9,1008.9
1,2025-04-03,23,1009.5,1011.0,1008.0
1,2025-04-04,71,1013.2,1017.5,1009.8
1,2025-04-05,221,1015.1,1017.8,1013.1
1,2025-04-06,237,1009.7,1014.1,1007.8
1,2025-04-07,317,1010.7,1012.9,1008.9
1,2025-04-08,230,1005.0,1011.0,1002.6
1,2025-04-09,244,1008.8,1011.4,1005.9
1,2025-04-10,200,1005.4,1009.3,1003.1
1,2025-04-11,318,1005.0,1009.9,1002.2
1,2025-04-12,96,1010.5,1012.8,1008.6
1,2025-04-13,134,1001.8,1008.6,995.1
1,2025-04-14,231,994.5,997.1,990.5
1,2025-04-15,241,992.8,1001.6,986.2
1,2025-04-16,250,1005.2,1011.0,999.5
1,2025-04-17,243,1009.6,1011.2,1007.3
1,2025-04-18,243,1008.9,1011.2,1007.9
1,2025-04-19,223,1009.3,1011.1,1008.0
1,2025-04-20,243,1007.6,1011.3,1005.6
1,2025-04-21,207,1013.4,1015.3,1010.9
1,2025-04-22,196,1008.8,1014.3,1003.2
1,2025-04-23,179,998.0,1002.6,995.8
1,2025-04-24,181,1001.4,1002.9,999.8
1,2025-04-25,60,1004.7,1010.7,1000.6
1,2025-04-26,180,1011.6,1013.7,1008.9
1,2025-04-27,254,1008.6,1014.2,1006.3
1,2025-04-28,220,1000.4,1006.3,995.5
1,2025-04-29,125,1003.2,1011.9,997.0
1,2025-04-30,165,1015.4,1019.1,1012.3
1,2025-05-01,173,1015.7,1019.2,1010.4
1,2025-05-02,348,1001.0,1009.7,996.3
1,2025-05-03,106,1002.0,1003.6,1000.3
1,2025-05-04,230,1003.1,1009.5,996.7
1,2025-05-05,192,1009.1,1010.7,1007.5
1,2025-05-06,5,999.1,1006.7,995.3
1,2025-05-07,100,1008.5,1017.0,999.6
1,2025-05-08,237,1019.7,1021.6,1017.3
1,2025-05-09,190,1013.6,1021.0,1002.5
1,2025-05-10,239,995.1,1001.6,992.6
1,2025-05-11,199,1001.0,1003.7,997.9
1,2025-05-12,33,1007.1,1013.3,1003.4
1,2025-05-13,212,1015.4,1017.9,1013.3
1,2025-05-14,180,1017.3,1018.3,1016.2
1,2025-05-15,204,1016.9,1018.5,1015.9
1,2025-05-16,209,1014.9,1017.9,1011.3
1,2025-05-17,223,1003.8,1010.2,1001.7
1,2025-05-18,242,1002.3,1005.9,1000.6
1,2025-05-19,344,1007.5,1009.1,1006.2
1,2025-05-20,257,1006.7,1008.7,1004.9
1,2025-05-21,208,1002.9,1009.0,997.4
1,2025-05-22,50,1000.7,1007.7,996.6
1,2025-05-23,44,1011.0,1013.1,1008.1
1,2025-05-24,29,1006.3,1011.6,998.0
1,2025-05-25,138,1003.1,1011.9,997.2
1,2025-05-26,29,1016.1,1019.1,1012.3
1,2025-05-27,34,1017.3,1019.3,1015.3
1,2025-05-28,85,1014.5,1015.6,1013.1
1,2025-05-29,355,1011.9,1014.8,1008.1
1,2025-05-30,15,1002.8,1007.7,997.9
1,2025-05-31,0,995.5,999.0,992.3
1,2025-06-01,169,1002.0,1004.7,999.1
1,2025-06-02,199,1002.1,1004.5,999.8
1,2025-06-03,326,994.3,1000.2,991.0
1,2025-06-04,181,998.4,1004.9,994.6
1,2025-06-05,226,1007.1,1010.4,1004.4
1,2025-06-06,207,1008.4,1010.3,1007.2
1,2025-06-07,186,1005.6,1007.4,1004.6
1,2025-06-08,209,1007.3,1009.4,1005.8
1,2025-06-09,184,1008.9,1010.0,1007.8
1,2025-06-10,224,1004.5,1007.9,1001.8
1,2025-06-11,44,1006.1,1009.8,1003.4
1,2025-06-12,167,1012.3,1015.2,1010.0
1,2025-06-13,192,1014.1,1015.5,1012.3
1,2025-06-14,199,1004.3,1012.0,997.1
1,2025-06-15,245,996.8,1001.1,993.9
1,2025-06-16,257,1000.2,1002.5,998.6
1,2025-06-17,184,1004.6,1008.3,1001.9
1,2025-06-18,169,1009.3,1011.3,1007.7
1,2025-06-19,161,1011.5,1012.6,1010.7
1,2025-06-20,170,1011.2,1012.1,1010.4
1,2025-06-21,194,1006.8,1010.3,1004.8
1,2025-06-22,225,1004.3,1005.8,1002.9
1,2025-06-23,215,1007.3,1010.8,1005.1
1,2025-06-24,153,1010.9,1011.6,1010.0
1,2025-06-25,353,1008.6,1011.6,1005.6
1,2025-06-26,235,1002.6,1005.5,1001.5
1,2025-06-27,13,1001.7,1003.0,1000.0
1,2025-06-28,159,1004.2,1006.2,1002.3
1,2025-06-29,175,1006.6,1008.6,1005.2
1,2025-06-30,162,1008.8,1010.2,1007.4
1,2025-07-01,140,1010.0,1011.4,1008.9
1,2025-07-02,154,1009.9,1011.4,1009.0
1,2025-07-03,158,1008.0,1009.7,1006.6
1,2025-07-04,157,1003.7,1006.5,1001.5
1,2025-07-05,154,1000.4,1002.0,999.7
1,2025-07-06,165,1000.2,1001.7,998.6
1,2025-07-07,166,1002.8,1005.3,1001.2
1,2025-07-08,180,1006.3,1008.1,1004.9
1,2025-07-09,170,1007.5,1008.3,1006.6
1,2025-07-10,92,1008.7,1010.5,1007.0
1,2025-07-11,40,1010.1,1011.5,1009.1
1,2025-07-12,85,1006.6,1009.2,1005.4
1,2025-07-13,126,1001.3,1005.0,996.3
1,2025-07-14,193,996.6,1000.3,993.2
1,2025-07-15,189,1004.1,1009.6,1000.6
1,2025-07-16,204,1012.8,1015.3,1010.1
1,2025-07-17,198,1014.4,1015.4,1013.5
1,2025-07-18,190,1013.7,1015.1,1012.6
1,2025-07-19,191,1013.2,1014.3,1012.0
1,2025-07-20,185,1013.0,1013.9,1011.6
1,2025-07-21,161,1012.4,1013.6,1011.6
1,2025-07-22,176,1011.0,1012.4,1010.0
1,2025-07-23,182,1009.4,1010.7,1008.6
1,2025-07-24,197,1008.5,1009.7,1007.4
1,2025-07-25,208,1008.2,1009.1,1007.3
1,2025-07-26,206,1007.0,1008.4,1005.9
1,2025-07-27,194,1003.7,1006.1,1002.5
1,2025-07-28,161,1000.8,1002.5,1000.0
1,2025-07-29,170,999.9,1000.6,998.7
1,2025-07-30,63,1000.8,1002.4,998.5
1,2025-07-31,39,1000.3,1002.0,999.1
1,2025-08-01,357,995.2,999.0,992.8
1,2025-08-02,133,997.0,998.6,995.3
1,2025-08-03,185,1000.4,1003.3,997.4
1,2025-08-04,230,1002.0,1003.1,1000.7
1,2025-08-05,255,1000.5,1002.0,999.3
1,2025-08-06,217,997.2,1001.0,994.3
1,2025-08-07,245,994.6,997.6,992.0
1,2025-08-08,142,1000.1,1003.4,996.8
1,2025-08-09,189,1003.0,1004.2,1002.1
1,2025-08-10,214,1002.3,1003.6,1000.9
1,2025-08-11,221,1004.5,1006.0,1003.0
1,2025-08-12,260,1008.8,1012.6,1006.2
1,2025-08-13,148,1013.3,1014.5,1012.1
1,2025-08-14,170,1012.5,1014.4,1010.8
1,2025-08-15,143,1010.0,1011.0,1008.8
1,2025-08-16,204,1010.4,1011.2,1009.7
1,2025-08-17,234,1009.6,1011.3,1008.3
1,2025-08-18,204,1010.5,1011.5,1009.7
1,2025-08-19,236,1007.7,1010.2,1006.4
1,2025-08-20,213,1006.5,1008.2,1005.3
1,2025-08-21,166,1006.8,1007.9,1005.7
1,2025-08-22,208,1007.0,1007.8,1006.3
1,2025-08-23,223,1007.0,1009.1,1005.4
1,2025-08-24,169,1008.6,1010.4,1007.0
1,2025-08-25,158,1009.7,1010.6,1009.0
1,2025-08-26,207,1006.8,1009.6,1005.2
1,2025-08-27,231,1006.2,1009.7,1003.1
1,2025-08-28,186,1011.0,1012.4,1009.2
1,2025-08-29,171,1010.6,1012.4,1009.7
1,2025-08-30,174,1009.3,1010.6,1008.4
1,2025-08-31,165,1009.2,1010.2,1008.4
1,2025-09-01,204,1007.1,1009.2,1006.2
1,2025-09-02,226,1005.9,1007.8,1004.2
1,2025-09-03,183,1008.5,1011.0,1006.4
1,2025-09-04,197,1008.7,1011.4,1005.9
1,2025-09-05,352,1001.7,1006.5,995.2
1,2025-09-06,192,1006.7,1008.5,1005.8
1,2025-09-07,190,1004.6,1006.4,1003.7
1,2025-09-08,155,1006.2,1008.2,1004.4
1,2025-09-09,167,1007.7,1009.9,1006.0
1,2025-09-10,213,1009.1,1010.0,1008.5
1,2025-09-11,34,1012.2,1014.9,1009.7
1,2025-09-12,52,1013.7,1015.3,1011.7
1,2025-09-13,215,1007.5,1011.6,1004.4
1,2025-09-14,297,1007.7,1011.8,1004.5
1,2025-09-15,129,1011.9,1012.9,1010.5
1,2025-09-16,201,1010.0,1012.5,1007.2
1,2025-09-17,235,1005.0,1007.4,1003.3
1,2025-09-18,8,1007.4,1014.1,1001.7
1,2025-09-19,25,1014.0,1015.5,1012.7
1,2025-09-20,240,1005.6,1012.8,1001.0
1,2025-09-21,40,1009.7,1016.1,1003.4
1,2025-09-22,33,1018.1,1019.8,1015.9
1,2025-09-23,12,1018.9,1019.8,1017.5
1,2025-09-24,32,1018.3,1019.7,1016.9
1,2025-09-25,181,1013.2,1016.9,1011.0
1,2025-09-26,119,1011.0,1013.2,1009.6
1,2025-09-27,331,1012.7,1013.6,1011.2
1,2025-09-28,227,1006.8,1013.4,998.8
1,2025-09-29,312,1001.6,1008.8,996.7
1,2025-09-30,28,1009.0,1010.2,1007.5
1,2025-10-01,338,1009.0,1012.0,1006.9
1,2025-10-02,33,1015.0,1019.3,1011.9
1,2025-10-03,5,1018.6,1019.7,1017.7
1,2025-10-04,349,1014.2,1017.7,1011.6
1,2025-10-05,211,1007.5,1011.7,1005.0
1,2025-10-06,36,1011.8,1017.2,1006.8
1,2025-10-07,13,1014.4,1017.0,1011.6
1,2025-10-08,28,1008.7,1011.7,1007.4
1,2025-10-09,27,1012.8,1017.1,1008.0
1,2025-10-10,333,1015.9,1017.0,1015.1
1,2025-10-11,15,1012.2,1017.0,1008.7
1,2025-10-12,55,1006.4,1009.4,1004.5
1,2025-10-13,49,1009.0,1015.8,1003.2
1,2025-10-14,29,1016.0,1017.8,1014.5
1,2025-10-15,33,1018.4,1020.1,1017.1
1,2025-10-16,17,1012.0,1017.1,1009.3
1,2025-10-17,33,1019.1,1021.5,1017.6
1,2025-10-18,212,1013.0,1017.3,1010.7
1,2025-10-19,52,1016.2,1018.6,1013.9
1,2025-10-20,45,1016.8,1021.6,1012.7
1,2025-10-21,21,1022.8,1023.9,1021.2
1,2025-10-22,2,1023.5,1024.6,1022.6
1,2025-10-23,13,1022.1,1024.0,1020.5
1,2025-10-24,358,1021.9,1023.0,1020.8
1,2025-10-25,16,1016.6,1022.3,1011.8
1,2025-10-26,31,1004.3,1011.2,1000.8
1,2025-10-27,18,1006.8,1012.5,1004.1
1,2025-10-28,37,1017.3,1023.6,1012.9
1,2025-10-29,13,1024.5,1025.8,1022.6
1,2025-10-30,3,1022.2,1025.3,1019.8
1,2025-10-31,359,1005.0,1020.0,993.8
1,2025-11-01,309,1002.3,1008.8,997.4
1,2025-11-02,281,1007.2,1009.7,1005.3
1,2025-11-03,6,1017.7,1025.0,1010.3
1,2025-11-04,5,1023.8,1026.5,1022.7
1,2025-11-05,354,1019.0,1023.7,1014.9
1,2025-11-06,351,1013.0,1015.6,1010.8
1,2025-11-07,55,1017.6,1023.2,1014.1
1,2025-11-08,18,1021.0,1024.0,1017.0
1,2025-11-09,15,1005.5,1016.1,999.4
1,2025-11-10,34,1005.8,1012.3,999.1
1,2025-11-11,27,1014.9,1020.4,1011.3
1,2025-11-12,354,1017.5,1021.0,1013.5
1,2025-11-13,348,1009.6,1013.8,1007.8
1,2025-11-14,5,1013.2,1019.1,1009.4
1,2025-11-15,11,1022.4,1025.9,1018.9
1,2025-11-16,340,1021.5,1025.9,1016.2
1,2025-11-17,275,1007.5,1014.8,1005.0
1,2025-11-18,30,1009.7,1016.8,1005.3
1,2025-11-19,357,1018.4,1019.3,1017.1
1,2025-11-20,351,1015.6,1019.4,1013.4
1,2025-11-21,320,1012.5,1018.7,1008.8
1,2025-11-22,343,1020.3,1021.1,1018.7
1,2025-11-23,355,1017.4,1021.0,1015.4
1,2025-11-24,303,1012.0,1016.0,1009.9
1,2025-11-25,336,1006.6,1009.9,1004.9
1,2025-11-26,285,1015.2,1019.4,1009.4
1,2025-11-27,265,1010.0,1019.3,1001.2
1,2025-11-28,48,1007.3,1013.7,1002.0
1,2025-11-29,338,1014.4,1016.2,1012.8
1,2025-11-30,320,1014.2,1016.4,1012.5
1,2025-12-01,277,1010.4,1012.6,1008.8
1,2025-12-02,359,1007.8,1012.3,1004.1
1,2025-12-03,352,1001.7,1009.7,997.7
1,2025-12-04,24,1011.1,1012.6,1009.8
1,2025-12-05,341,1015.0,1020.3,1009.3
1,2025-12-06,346,1017.1,1020.8,1014.5
1,2025-12-07,322,1014.1,1015.8,1013.2
1,2025-12-08,301,1012.0,1016.0,1008.2
1,2025-12-09,351,1017.2,1018.2,1015.3
1,2025-12-10,344,1018.0,1019.5,1016.1
1,2025-12-11,257,1009.6,1016.9,1005.1
1,2025-12-12,19,1020.2,1024.3,1015.6
1,2025-12-13,6,1016.9,1025.0,1003.7
1,2025-12-14,322,999.7,1008.3,995.3
1,2025-12-15,352,1013.6,1018.0,1009.2
1,2025-12-16,333,1015.1,1018.0,1014.1
1,2025-12-17,305,1012.4,1017.1,1009.8
1,2025-12-18,16,1021.9,1026.4,1017.9
1,2025-12-19,345,1024.7,1027.0,1023.3
1,2025-12-20,299,1018.3,1023.9,1013.6
1,2025-12-21,359,1010.9,1016.3,1008.6
1,2025-12-22,16,1023.4,1028.0,1018.0
1,2025-12-23,8,1022.5,1028.3,1016.8
1,2025-12-24,351,1007.8,1016.5,1001.4
1,2025-12-25,345,994.3,1001.5,990.6
1,2025-12-26,34,1006.4,1015.3,996.5
1,2025-12-27,356,1015.1,1016.9,1014.1
1,2025-12-28,343,1018.0,1019.6,1016.2
1,2025-12-29,326,1012.6,1018.1,1010.2
1,2025-12-30,9,1009.0,1011.4,1007.6
1,2025-12-31,31,1007.0,1009.6,1005.7
1,2026-01-01,25,1006.3,1008.3,1005.5
1,2026-01-02,333,1004.6,1008.9,1000.6
1,2026-01-03,304,1010.4,1013.5,1007.8
1,2026-01-04,335,1009.6,1014.2,1006.8
1,2026-01-05,330,1004.4,1010.3,999.7
1,2026-01-06,5,1012.8,1014.8,1010.2
1,2026-01-07,359,1008.4,1014.7,1003.5
1,2026-01-08,22,1007.7,1014.9,1001.8
1,2026-01-09,307,1015.2,1016.2,1014.0
1,2026-01-10,222,1004.9,1014.2,997.1
1,2026-01-11,252,1002.3,1011.5,993.0
1,2026-01-12,318,1008.6,1012.3,1004.8
1,2026-01-13,251,1001.7,1007.3,997.9
1,2026-01-14,2,1012.2,1015.6,1007.5
1,2026-01-15,257,1009.0,1015.8,1005.9
1,2026-01-16,341,1010.1,1012.3,1007.5
1,2026-01-17,31,1010.6,1015.5,1006.8
1,2026-01-18,9,1016.1,1017.6,1014.2
1,2026-01-19,292,1005.3,1015.0,999.4
1,2026-01-20,32,1006.2,1008.9,1003.0
1,2026-01-21,34,1005.0,1008.8,1002.2
1,2026-01-22,27,1009.3,1012.8,1006.1
1,2026-01-23,270,1011.3,1013.9,1009.2
1,2026-01-24,259,1007.0,1009.7,1004.7
1,2026-01-25,226,1012.0,1016.7,1007.6
1,2026-01-26,342,1014.3,1017.6,1011.6
1,2026-01-27,351,1009.0,1012.0,1006.5
1,2026-01-28,13,1012.3,1014.2,1010.2
1,2026-01-29,349,1012.0,1014.7,1010.2
1,2026-01-30,29,1012.8,1014.8,1011.0
1,2026-01-31,20,1012.8,1014.4,1011.6
2,2021-01-01,297,1012.4,1014.1,1009.4
2,2021-01-02,324,1015.0,1019.3,1010.8
2,2021-01-03,23,1020.0,1022.0,1017.9
2,2021-01-04,32,1020.0,1022.7,1018.7
2,2021-01-05,13,1013.0,1019.0,1009.4
2,2021-01-06,312,1009.2,1012.4,1004.9
2,2021-01-07,256,1002.4,1006.9,998.2
2,2021-01-08,266,1006.3,1008.4,1003.9
2,2021-01-09,272,1008.4,1013.3,1005.4
2,2021-01-10,328,1015.5,1019.2,1013.5
2,2021-01-11,25,1019.3,1021.9,1014.8
2,2021-01-12,15,1010.2,1014.8,1008.1
2,2021-01-13,336,1012.8,1014.3,1010.8
2,2021-01-14,22,1017.5,1021.7,1012.9
2,2021-01-15,356,1016.5,1022.0,1011.9
2,2021-01-16,304,1009.7,1013.5,1006.1
2,2021-01-17,25,1011.9,1013.6,1009.8
2,2021-01-18,264,1009.1,1013.8,1006.1
2,2021-01-19,22,1020.2,1027.0,1013.1
2,2021-01-20,36,1026.0,1027.8,1024.7
2,2021-01-21,24,1019.3,1025.7,1015.0
2,2021-01-22,26,1015.3,1017.9,1013.6
2,2021-01-23,10,1016.5,1018.5,1015.0
2,2021-01-24,9,1018.3,1022.6,1015.1
2,2021-01-25,33,1023.5,1024.4,1022.0
2,2021-01-26,310,1016.2,1024.1,1008.0
2,2021-01-27,24,1010.8,1013.8,1006.1
2,2021-01-28,348,1003.9,1012.4,996.0
2,2021-01-29,299,1006.0,1014.7,999.2
2,2021-01-30,347,1017.4,1020.9,1014.6
2,2021-01-31,29,1024.8,1027.1,1021.5
2,2021-02-01,226,1014.1,1025.8,1003.2
2,2021-02-02,323,1006.7,1011.8,1001.5
2,2021-02-03,299,1013.0,1014.3,1011.7
2,2021-02-04,273,1012.7,1018.4,1008.5
2,2021-02-05,263,1014.7,1018.7,1012.4
2,2021-02-06,14,1009.0,1012.3,1008.0
2,2021-02-07,24,1007.9,1009.5,1005.7
2,2021-02-08,20,1009.8,1015.2,1006.6
2,2021-02-09,40,1015.9,1017.5,1014.8
2,2021-02-10,14,1013.9,1017.7,1011.9
2,2021-02-11,38,1019.8,1024.6,1016.5
2,2021-02-12,51,1025.7,1026.9,1024.0
2,2021-02-13,195,1023.1,1026.7,1020.8
2,2021-02-14,174,1014.0,1020.9,1001.9
2,2021-02-15,245,989.2,999.1,975.2
2,2021-02-16,247,999.7,1002.3,998.2
2,2021-02-17,261,998.3,1002.8,993.8
2,2021-02-18,324,1005.5,1012.0,1001.0
2,2021-02-19,226,1010.1,1012.3,1007.6
2,2021-02-20,229,1006.7,1009.3,1004.3
2,2021-02-21,243,1009.2,1010.0,1008.1
2,2021-02-22,236,1005.2,1010.0,1002.3
2,2021-02-23,29,1011.9,1018.8,1006.8
2,2021-02-24,18,1019.3,1022.9,1016.6
2,2021-02-25,54,1020.2,1023.4,1018.1
2,2021-02-26,23,1017.9,1022.1,1015.9
2,2021-02-27,34,1028.7,1032.9,1022.5
2,2021-02-28,239,1029.0,1033.5,1025.2
2,2021-03-01,193,1017.7,1025.6,1009.9
2,2021-03-02,11,1008.3,1021.8,999.8
2,2021-03-03,39,1027.2,1031.2,1022.7
2,2021-03-04,74,1026.8,1031.4,1023.6
2,2021-03-05,28,1018.0,1023.1,1014.5
2,2021-03-06,33,1017.6,1025.7,1012.0
2,2021-03-07,37,1023.1,1026.3,1020.8
2,2021-03-08,26,1021.8,1024.1,1019.3
2,2021-03-09,336,1018.7,1024.0,1015.3
2,2021-03-10,29,1021.0,1027.3,1014.9
2,2021-03-11,206,1024.7,1027.1,1022.8
2,2021-03-12,131,1018.1,1023.2,1010.0
2,2021-03-13,343,1001.2,1009.7,996.9
2,2021-03-14,20,1007.7,1011.7,1004.6
2,2021-03-15,223,1012.2,1014.0,1009.8
2,2021-03-16,237,1006.2,1009.7,1003.9
2,2021-03-17,28,1012.5,1017.9,1008.0
2,2021-03-18,4,1016.0,1017.9,1014.7
2,2021-03-19,34,1017.9,1019.8,1016.0
2,2021-03-20,180,1014.5,1019.5,1009.1
2,2021-03-21,193,1001.2,1008.5,997.0
2,2021-03-22,27,1010.7,1018.6,1004.6
2,2021-03-23,206,1020.2,1023.1,1018.3
2,2021-03-24,215,1020.9,1023.5,1019.2
2,2021-03-25,256,1013.7,1019.0,1010.9
2,2021-03-26,26,1015.6,1021.4,1010.3
2,2021-03-27,183,1019.3,1022.4,1015.8
2,2021-03-28,191,1007.1,1015.0,999.2
2,2021-03-29,235,1002.7,1006.7,999.3
2,2021-03-30,348,1006.3,1009.1,1004.6
2,2021-03-31,88,1012.0,1018.2,1008.3
2,2021-04-01,34,1020.8,1025.2,1017.6
2,2021-04-02,43,1023.8,1025.8,1022.3
2,2021-04-03,207,1016.7,1022.2,1012.7
2,2021-04-04,204,1006.5,1012.2,1002.6
2,2021-04-05,31,1012.6,1018.0,1005.2
2,2021-04-06,25,1014.5,1018.9,1012.1
2,2021-04-07,5,1011.3,1013.5,1009.5
2,2021-04-08,105,1011.6,1016.7,1008.9
2,2021-04-09,26,1020.7,1028.0,1016.1
2,2021-04-10,53,1029.4,1032.0,1027.0
2,2021-04-11,75,1030.8,1032.3,1029.7
2,2021-04-12,140,1026.1,1031.0,1020.7
2,2021-04-13,193,1011.1,1019.4,1002.3
2,2021-04-14,35,1007.0,1018.8,998.8
2,2021-04-15,39,1021.4,1024.3,1018.2
2,2021-04-16,139,1022.6,1024.7,1019.5
2,2021-04-17,180,1005.7,1018.6,995.8
2,2021-04-18,254,1001.0,1007.7,996.4
2,2021-04-19,136,1010.5,1013.8,1008.0
2,2021-04-20,65,1013.7,1018.0,1011.4
2,2021-04-21,45,1017.3,1018.4,1016.2
2,2021-04-22,40,1017.5,1021.1,1013.6
2,2021-04-23,44,1019.8,1021.5,1018.0
2,2021-04-24,218,1015.4,1020.3,1011.3
2,2021-04-25,18,1010.5,1015.4,1006.7
2,2021-04-26,61,1018.1,1022.6,1013.6
2,2021-04-27,209,1020.2,1022.6,1018.9
2,2021-04-28,220,1015.6,1018.7,1011.7
2,2021-04-29,210,1001.7,1010.4,994.3
2,2021-04-30,232,1002.4,1006.6,999.4
2,2021-05-01,216,1000.6,1006.5,996.1
2,2021-05-02,282,1002.8,1011.8,996.5
2,2021-05-03,214,1012.5,1016.4,1010.0
2,2021-05-04,218,1015.2,1016.5,1013.8
2,2021-05-05,216,1013.5,1015.9,1010.0
2,2021-05-06,12,1014.1,1016.1,1012.8
2,2021-05-07,229,1007.0,1013.3,1003.0
2,2021-05-08,224,1002.9,1005.0,1000.9
2,2021-05-09,234,1001.8,1008.3,997.5
2,2021-05-10,28,1009.2,1013.1,1007.6
2,2021-05-11,52,1014.8,1019.1,1012.0
2,2021-05-12,86,1017.7,1019.3,1015.4
2,2021-05-13,19,1010.9,1015.3,1009.2
2,2021-05-14,184,1012.4,1016.6,1009.4
2,2021-05-15,170,1015.7,1016.7,1014.6
2,2021-05-16,202,1009.0,1014.3,1004.4
2,2021-05-17,221,1002.6,1005.1,1001.1
2,2021-05-18,323,1007.5,1009.7,1005.7
2,2021-05-19,14,1009.6,1013.3,1005.7
2,2021-05-20,204,1009.8,1014.2,1005.4
2,2021-05-21,217,1002.8,1005.0,1001.6
2,2021-05-22,236,1002.2,1005.0,1000.1
2,2021-05-23,184,1005.5,1006.9,1003.9
2,2021-05-24,220,1002.5,1006.5,999.4
2,2021-05-25,225,1000.6,1005.2,998.3
2,2021-05-26,230,1007.7,1009.3,1005.8
2,2021-05-27,25,1000.3,1007.4,995.4
2,2021-05-28,219,1001.2,1003.7,998.3
2,2021-05-29,222,1001.3,1004.1,999.0
2,2021-05-30,31,1006.4,1010.9,1002.8
2,2021-05-31,82,1011.1,1014.0,1009.2
2,2021-06-01,132,1015.6,1017.1,1013.9
2,2021-06-02,152,1015.7,1017.0,1014.2
2,2021-06-03,155,1010.1,1015.0,1003.8
2,2021-06-04,185,997.7,1002.8,994.2
2,2021-06-05,205,1003.5,1006.9,1001.8
2,2021-06-06,219,1008.8,1011.7,1006.3
2,2021-06-07,187,1011.7,1012.3,1010.8
2,2021-06-08,30,1011.0,1013.6,1009.0
2,2021-06-09,93,1015.1,1017.2,1013.3
2,2021-06-10,153,1017.3,1018.1,1016.5
2,2021-06-11,156,1017.3,1018.3,1016.2
2,2021-06-12,194,1013.2,1016.6,1011.5
2,2021-06-13,220,1007.5,1011.0,1005.7
2,2021-06-14,96,1004.7,1005.9,1004.0
2,2021-06-15,146,1004.4,1005.3,1003.4
2,2021-06-16,50,1004.1,1005.3,1002.7
2,2021-06-17,29,1003.2,1004.4,1001.7
2,2021-06-18,214,1002.1,1003.8,1001.4
2,2021-06-19,185,997.7,1002.0,992.9
2,2021-06-20,197,998.4,1002.7,994.9
2,2021-06-21,191,1004.0,1006.2,1002.6
2,2021-06-22,75,1006.7,1007.8,1005.5
2,2021-06-23,47,1008.4,1010.3,1006.4
2,2021-06-24,146,1010.4,1011.8,1009.0
2,2021-06-25,106,1010.8,1011.7,1010.0
2,2021-06-26,115,1010.6,1011.8,1009.4
2,2021-06-27,47,1005.0,1009.3,1003.4
2,2021-06-28,33,1002.1,1004.2,998.4
2,2021-06-29,33,1003.5,1009.4,997.9
2,2021-06-30,47,1011.2,1012.6,1010.1
2,2021-07-01,32,1009.7,1011.0,1008.5
2,2021-07-02,211,1007.7,1010.0,1005.8
2,2021-07-03,33,1009.0,1012.3,1005.9
2,2021-07-04,210,1010.9,1012.9,1007.3
2,2021-07-05,15,1006.7,1007.8,1005.9
2,2021-07-06,215,1006.2,1008.0,1003.6
2,2021-07-07,216,1004.5,1005.8,1002.7
2,2021-07-08,108,1004.9,1006.8,1003.6
2,2021-07-09,221,1005.0,1006.4,1004.2
2,2021-07-10,236,1007.3,1009.3,1004.9
2,2021-07-11,219,1008.7,1010.7,1006.5
2,2021-07-12,207,1009.1,1010.3,1007.5
2,2021-07-13,55,1011.3,1013.7,1009.5
2,2021-07-14,124,1014.7,1016.8,1013.3
2,2021-07-15,115,1017.2,1018.2,1016.3
2,2021-07-16,123,1016.8,1018.0,1015.8
2,2021-07-17,183,1014.7,1016.1,1014.0
2,2021-07-18,198,1013.1,1014.4,1012.3
2,2021-07-19,191,1013.4,1014.6,1012.5
2,2021-07-20,186,1013.0,1014.2,1012.1
2,2021-07-21,180,1011.8,1013.0,1011.1
2,2021-07-22,183,1010.0,1011.3,1009.3
2,2021-07-23,176,1009.0,1010.1,1008.2
2,2021-07-24,100,1008.7,1009.4,1008.0
2,2021-07-25,42,1006.1,1008.9,1003.7
2,2021-07-26,12,998.5,1004.0,993.8
2,2021-07-27,248,996.1,997.9,994.5
2,2021-07-28,208,999.2,1001.1,997.3
2,2021-07-29,193,1000.2,1001.1,999.5
2,2021-07-30,140,1000.2,1001.1,999.3
2,2021-07-31,212,1000.0,1001.5,999.0
2,2021-08-01,181,1002.6,1006.0,1000.5
2,2021-08-02,142,1007.9,1010.7,1005.7
2,2021-08-03,186,1010.8,1011.3,1010.3
2,2021-08-04,161,1007.7,1010.0,1006.4
2,2021-08-05,66,1004.7,1006.4,1003.7
2,2021-08-06,105,1004.3,1005.1,1003.4
2,2021-08-07,50,1000.2,1004.0,994.8
2,2021-08-08,265,998.8,1001.2,994.6
2,2021-08-09,215,995.7,998.9,994.0
2,2021-08-10,232,1002.0,1008.7,995.9
2,2021-08-11,224,1009.6,1010.5,1008.4
2,2021-08-12,230,1008.1,1010.9,1006.8
2,2021-08-13,215,1006.6,1009.5,1003.9
2,2021-08-14,230,1004.5,1006.8,1003.1
2,2021-08-15,22,1011.3,1014.1,1007.3
2,2021-08-16,35,1014.2,1015.3,1013.1
2,2021-08-17,194,1011.5,1014.3,1009.8
2,2021-08-18,211,1011.5,1013.6,1009.8
2,2021-08-19,209,1014.8,1016.4,1013.9
2,2021-08-20,210,1014.9,1016.8,1013.6
2,2021-08-21,218,1012.2,1014.2,1010.6
2,2021-08-22,228,1008.5,1011.1,1006.9
2,2021-08-23,63,1007.9,1009.0,1006.5
2,2021-08-24,216,1007.4,1009.3,1006.5
2,2021-08-25,237,1007.4,1009.5,1005.6
2,2021-08-26,74,1008.7,1010.0,1007.8
2,2021-08-27,150,1008.9,1009.8,1008.0
2,2021-08-28,62,1007.4,1009.6,1006.3
2,2021-08-29,162,1010.1,1011.3,1008.6
2,2021-08-30,220,1009.7,1011.8,1008.0
2,2021-08-31,47,1010.7,1011.8,1009.8
2,2021-09-01,22,1007.9,1010.4,1005.5
2,2021-09-02,19,1006.2,1007.4,1005.0
2,2021-09-03,18,1009.0,1010.9,1007.7
2,2021-09-04,17,1011.5,1013.4,1009.6
2,2021-09-05,26,1014.0,1015.2,1012.6
2,2021-09-06,24,1013.4,1014.8,1011.3
2,2021-09-07,38,1014.1,1015.5,1012.6
2,2021-09-08,232,1011.3,1012.8,1010.1
2,2021-09-09,14,1009.7,1011.1,1008.2
2,2021-09-10,165,1010.9,1011.9,1009.9
2,2021-09-11,210,1009.0,1010.9,1008.0
2,2021-09-12,248,1010.3,1012.0,1008.8
2,2021-09-13,88,1014.7,1016.1,1012.9
2,2021-09-14,52,1013.6,1016.4,1011.2
2,2021-09-15,28,1011.7,1013.9,1009.5
2,2021-09-16,31,1014.3,1015.4,1013.0
2,2021-09-17,161,1010.8,1015.0,1006.7
2,2021-09-18,133,1004.6,1008.7,1002.4
2,2021-09-19,29,1011.7,1014.3,1009.2
2,2021-09-20,28,1014.8,1016.0,1013.3
2,2021-09-21,32,1011.8,1014.9,1009.9
2,2021-09-22,213,1008.5,1010.0,1007.6
2,2021-09-23,247,1011.3,1015.5,1008.6
2,2021-09-24,45,1017.3,1020.7,1014.9
2,2021-09-25,39,1020.9,1022.1,1019.7
2,2021-09-26,18,1017.5,1021.0,1015.3
2,2021-09-27,23,1015.0,1016.0,1013.6
2,2021-09-28,24,1014.2,1015.6,1013.0
2,2021-09-29,68,1011.4,1014.5,1008.7
2,2021-09-30,53,1004.5,1009.0,998.5
2,2021-10-01,4,995.1,1004.9,987.7
2,2021-10-02,0,1011.2,1019.2,1005.8
2,2021-10-03,5,1023.0,1024.9,1020.7
2,2021-10-04,207,1021.8,1024.3,1019.8
2,2021-10-05,220,1015.3,1020.3,1011.6
2,2021-10-06,46,1015.7,1017.9,1012.8
2,2021-10-07,189,1017.6,1018.8,1016.5
2,2021-10-08,212,1019.5,1022.2,1017.2
2,2021-10-09,22,1023.1,1024.3,1021.7
2,2021-10-10,246,1019.7,1024.4,1016.5
2,2021-10-11,226,1016.4,1019.7,1014.0
2,2021-10-12,23,1020.6,1021.7,1019.2
2,2021-10-13,22,1018.3,1021.5,1016.3
2,2021-10-14,59,1014.2,1017.5,1012.8
2,2021-10-15,186,1013.1,1013.9,1011.6
2,2021-10-16,202,1007.8,1013.6,1003.8
2,2021-10-17,33,1014.7,1020.5,1007.5
2,2021-10-18,26,1019.3,1021.4,1017.1
2,2021-10-19,341,1007.7,1016.6,1002.6
2,2021-10-20,19,1007.8,1014.0,1002.9
2,2021-10-21,33,1014.2,1015.1,1013.2
2,2021-10-22,17,1012.2,1015.8,1010.2
2,2021-10-23,21,1020.2,1025.2,1015.8
2,2021-10-24,38,1023.8,1025.2,1022.8
2,2021-10-25,11,1016.0,1023.1,1008.8
2,2021-10-26,35,1012.5,1015.7,1009.3
2,2021-10-27,18,1013.2,1016.0,1012.0
2,2021-10-28,20,1014.5,1016.9,1011.2
2,2021-10-29,32,1019.0,1023.8,1015.1
2,2021-10-30,23,1022.9,1024.5,1021.8
2,2021-10-31,24,1020.0,1023.1,1018.2
2,2021-11-01,35,1016.0,1019.3,1014.2
2,2021-11-02,24,1011.0,1013.8,1009.8
2,2021-11-03,29,1010.4,1012.6,1008.5
2,2021-11-04,17,1012.7,1015.4,1010.7
2,2021-11-05,35,1016.3,1019.1,1014.1
2,2021-11-06,21,1018.8,1021.3,1016.9
2,2021-11-07,24,1020.7,1021.4,1019.5
2,2021-11-08,27,1014.4,1021.6,1006.5
2,2021-11-09,218,999.1,1005.4,996.4
2,2021-11-10,242,1001.6,1004.0,999.7
2,2021-11-11,239,1004.7,1007.4,1002.0
2,2021-11-12,253,1009.3,1014.0,1005.8
2,2021-11-13,218,1016.2,1018.0,1014.0
2,2021-11-14,251,1013.9,1016.6,1013.1
2,2021-11-15,14,1015.1,1016.7,1013.5
2,2021-11-16,30,1017.3,1019.5,1014.8
2,2021-11-17,38,1018.3,1019.8,1017.4
2,2021-11-18,25,1015.6,1017.9,1014.5
2,2021-11-19,29,1013.6,1016.4,1012.2
2,2021-11-20,27,1017.9,1019.8,1014.8
2,2021-11-21,20,1016.7,1021.2,1011.3
2,2021-11-22,209,1000.8,1010.5,995.5
2,2021-11-23,257,1003.1,1005.6,1000.8
2,2021-11-24,262,1008.1,1010.2,1004.9
2,2021-11-25,256,1009.8,1013.3,1007.6
2,2021-11-26,304,1013.2,1018.3,1011.0
2,2021-11-27,359,1022.6,1027.3,1018.2
2,2021-11-28,19,1028.3,1029.4,1026.7
2,2021-11-29,351,1024.3,1028.4,1022.2
2,2021-11-30,182,1010.7,1022.6,995.0
2,2021-12-01,261,1001.6,1012.2,995.5
2,2021-12-02,220,1014.2,1015.8,1012.5
2,2021-12-03,255,1008.7,1012.6,1007.7
2,2021-12-04,340,1014.3,1024.7,1007.9
2,2021-12-05,29,1027.0,1028.3,1025.3
2,2021-12-06,16,1022.6,1027.9,1017.8
2,2021-12-07,7,1013.2,1018.0,1010.4
2,2021-12-08,14,1019.0,1024.5,1013.6
2,2021-12-09,26,1025.0,1026.0,1023.7
2,2021-12-10,25,1021.2,1025.0,1019.6
2,2021-12-11,215,1018.7,1021.9,1015.4
2,2021-12-12,246,1008.2,1016.1,1004.2
2,2021-12-13,28,1015.3,1020.1,1010.0
2,2021-12-14,7,1016.6,1020.2,1014.8
2,2021-12-15,37,1016.8,1018.9,1013.7
2,2021-12-16,230,1010.3,1018.6,997.1
2,2021-12-17,288,998.5,1009.5,991.9
2,2021-12-18,38,1011.8,1014.0,1010.1
2,2021-12-19,283,1010.4,1014.4,1007.1
2,2021-12-20,217,1012.7,1015.6,1010.8
2,2021-12-21,292,1008.3,1011.2,1007.1
2,2021-12-22,28,1014.2,1019.1,1010.1
2,2021-12-23,10,1018.2,1019.9,1016.1
2,2021-12-24,5,1010.6,1017.9,1003.7
2,2021-12-25,19,1006.3,1010.3,1001.7
2,2021-12-26,11,1011.3,1014.8,1007.6
2,2021-12-27,298,1013.5,1018.1,1011.5
2,2021-12-28,33,1020.4,1021.8,1018.3
2,2021-12-29,234,1011.9,1021.3,1003.9
2,2021-12-30,266,1004.6,1008.5,1001.8
2,2021-12-31,11,1011.2,1016.2,1007.0
2,2022-01-01,23,1019.5,1021.5,1016.1
2,2022-01-02,308,1015.7,1021.9,1013.2
2,2022-01-03,275,1012.1,1017.3,1008.3
2,2022-01-04,1,1012.9,1017.6,1007.6
2,2022-01-05,20,1020.9,1022.7,1018.0
2,2022-01-06,15,1017.2,1022.2,1015.1
2,2022-01-07,21,1019.1,1021.3,1016.1
2,2022-01-08,227,1017.4,1021.5,1014.5
2,2022-01-09,5,1013.9,1015.6,1012.3
2,2022-01-10,30,1014.5,1017.4,1008.3
2,2022-01-11,282,998.1,1007.3,994.0
2,2022-01-12,27,1002.2,1004.5,999.3
2,2022-01-13,274,1000.4,1006.0,996.4
2,2022-01-14,327,1009.8,1015.5,1005.0
2,2022-01-15,29,1016.8,1018.3,1014.8
2,2022-01-16,256,1012.3,1018.1,1009.9
2,2022-01-17,329,1007.9,1012.1,1005.4
2,2022-01-18,18,1012.3,1016.4,1008.2
2,2022-01-19,43,1012.1,1016.9,1009.2
2,2022-01-20,357,1011.8,1016.8,1006.9
2,2022-01-21,12,1019.7,1023.3,1015.7
2,2022-01-22,41,1021.3,1024.0,1019.6
2,2022-01-23,14,1014.4,1020.3,1009.9
2,2022-01-24,34,1013.4,1018.2,1008.5
2,2022-01-25,26,1015.9,1018.9,1013.7
2,2022-01-26,22,1012.4,1014.5,1010.6
2,2022-01-27,22,1012.9,1014.8,1011.8
2,2022-01-28,27,1011.6,1013.8,1010.7
2,2022-01-29,9,1008.1,1012.0,1005.9
2,2022-01-30,17,1010.3,1011.6,1009.1
2,2022-01-31,34,1013.6,1016.1,1010.7
2,2022-02-01,281,1011.4,1016.3,1008.6
2,2022-02-02,39,1014.6,1016.3,1012.8
2,2022-02-03,18,1011.4,1013.7,1009.6
2,2022-02-04,290,1006.9,1012.2,1003.4
2,2022-02-05,2,1008.2,1011.9,1004.7
2,2022-02-06,14,1013.5,1018.7,1009.6
2,2022-02-07,18,1018.9,1020.5,1017.5
2,2022-02-08,20,1019.0,1022.0,1016.8
2,2022-02-09,33,1019.3,1022.1,1016.9
2,2022-02-10,11,1013.4,1017.3,1011.3
2,2022-02-11,34,1018.8,1022.1,1016.2
2,2022-02-12,43,1020.1,1022.3,1018.5
2,2022-02-13,19,1015.3,1019.7,1012.3
2,2022-02-14,38,1015.2,1016.7,1013.7
2,2022-02-15,257,1006.9,1014.4,1002.9
2,2022-02-16,264,1004.1,1006.0,1003.2
2,2022-02-17,308,1011.6,1018.6,1005.9
2,2022-02-18,9,1022.4,1024.3,1019.9
2,2022-02-19,26,1010.8,1023.1,1000.8
2,2022-02-20,17,1003.4,1011.3,996.8
2,2022-02-21,24,1013.2,1015.1,1009.8
2,2022-02-22,348,1015.1,1019.2,1010.3
2,2022-02-23,25,1017.5,1019.7,1015.9
2,2022-02-24,27,1017.5,1019.4,1016.3
2,2022-02-25,32,1017.3,1019.3,1015.7
2,2022-02-26,237,1012.7,1019.2,1008.3
2,2022-02-27,317,1011.7,1018.3,1005.4
2,2022-02-28,108,1015.9,1018.5,1013.2
2,2022-03-01,264,1006.7,1013.5,1003.4
2,2022-03-02,54,1006.9,1008.9,1005.6
2,2022-03-03,33,1009.8,1017.0,1004.5
2,2022-03-04,214,1011.6,1016.8,1006.7
2,2022-03-05,252,1001.1,1006.3,999.1
2,2022-03-06,331,1006.7,1012.3,1002.5
2,2022-03-07,29,1013.3,1014.3,1012.0
2,2022-03-08,25,1014.8,1018.2,1012.1
2,2022-03-09,32,1018.3,1021.0,1016.1
2,2022-03-10,83,1019.3,1020.9,1018.1
2,2022-03-11,231,1014.1,1019.5,1011.6
2,2022-03-12,26,1014.4,1016.6,1013.0
2,2022-03-13,225,1011.8,1016.8,1008.0
2,2022-03-14,245,1007.4,1009.4,1003.5
2,2022-03-15,7,1007.3,1012.8,1001.8
2,2022-03-16,335,1010.9,1014.5,1008.0
2,2022-03-17,63,1014.9,1015.4,1013.9
2,2022-03-18,16,1000.9,1015.3,990.1
2,2022-03-19,33,998.5,1008.6,992.1
2,2022-03-20,23,1012.4,1018.8,1009.0
2,2022-03-21,39,1017.9,1019.8,1016.5
2,2022-03-22,22,1016.7,1018.8,1015.0
2,2022-03-23,23,1014.3,1019.3,1011.6
2,2022-03-24,45,1017.2,1024.8,1012.5
2,2022-03-25,181,1023.5,1025.4,1018.9
2,2022-03-26,197,1005.2,1018.0,996.1
2,2022-03-27,34,1006.4,1015.0,1001.0
2,2022-03-28,40,1021.8,1027.9,1015.6
2,2022-03-29,16,1025.8,1028.9,1023.0
2,2022-03-30,211,1017.8,1023.8,1012.9
2,2022-03-31,31,1013.4,1019.6,1010.0
2,2022-04-01,36,1022.0,1026.7,1018.0
2,2022-04-02,56,1025.5,1027.2,1023.6
2,2022-04-03,13,1025.1,1027.2,1023.0
2,2022-04-04,1,1018.2,1022.6,1016.2
2,2022-04-05,29,1018.2,1019.6,1017.0
2,2022-04-06,244,1014.5,1017.1,1013.0
2,2022-04-07,323,1011.8,1016.6,1009.0
2,2022-04-08,182,1016.2,1018.0,1014.2
2,2022-04-09,215,1015.7,1017.4,1013.9
2,2022-04-10,206,1017.6,1018.5,1016.5
2,2022-04-11,204,1014.9,1018.4,1012.6
2,2022-04-12,216,1010.3,1012.3,1009.1
2,2022-04-13,238,1011.0,1015.9,1008.3
2,2022-04-14,23,1013.9,1017.1,1009.5
2,2022-04-15,24,1004.4,1010.5,1001.0
2,2022-04-16,46,1010.5,1016.4,1003.8
2,2022-04-17,89,1017.3,1018.8,1016.2
2,2022-04-18,50,1011.9,1017.0,1009.7
2,2022-04-19,108,1014.6,1018.2,1011.7
2,2022-04-20,19,1018.1,1019.3,1016.5
2,2022-04-21,175,1012.7,1019.5,1005.7
2,2022-04-22,225,1006.6,1007.6,1005.4
2,2022-04-23,29,1009.4,1013.3,1005.9
2,2022-04-24,16,1010.6,1014.0,1008.3
2,2022-04-25,177,1013.0,1014.2,1011.7
2,2022-04-26,208,1006.4,1011.7,1002.8
2,2022-04-27,241,1008.9,1017.2,1003.8
2,2022-04-28,30,1015.0,1018.3,1011.4
2,2022-04-29,17,1004.0,1012.7,993.9
2,2022-04-30,95,1014.5,1017.3,1011.2
2,2022-05-01,82,1005.9,1011.0,1004.0
2,2022-05-02,271,1008.3,1013.4,1005.1
2,2022-05-03,193,1016.6,1019.0,1014.0
2,2022-05-04,223,1018.7,1021.2,1017.0
2,2022-05-05,190,1020.6,1022.1,1019.8
2,2022-05-06,131,1018.4,1021.3,1015.6
2,2022-05-07,31,1011.7,1015.7,1009.6
2,2022-05-08,93,1014.1,1015.8,1012.4
2,2022-05-09,16,1015.7,1017.8,1014.0
2,2022-05-10,27,1017.6,1018.6,1015.8
2,2022-05-11,89,1016.7,1018.4,1015.8
2,2022-05-12,152,1012.5,1015.9,1008.1
2,2022-05-13,205,1003.9,1008.6,997.6
2,2022-05-14,343,1002.1,1008.1,997.6
2,2022-05-15,20,1008.7,1009.9,1006.8
2,2022-05-16,6,1009.9,1011.8,1008.1
2,2022-05-17,272,1014.4,1017.6,1012.0
2,2022-05-18,210,1017.0,1018.4,1015.9
2,2022-05-19,206,1014.7,1017.5,1013.1
2,2022-05-20,188,1012.1,1014.4,1010.6
2,2022-05-21,51,1006.1,1010.9,1002.4
2,2022-05-22,140,1002.7,1004.6,1000.8
2,2022-05-23,83,1011.2,1015.2,1006.0
2,2022-05-24,177,1013.7,1015.2,1012.9
2,2022-05-25,161,1010.4,1013.1,1008.9
2,2022-05-26,164,1005.7,1009.5,998.4
2,2022-05-27,193,996.0,998.9,993.8
2,2022-05-28,65,1001.0,1004.4,998.7
2,2022-05-29,219,1003.3,1004.2,1002.6
2,2022-05-30,97,1002.8,1004.6,1000.5
2,2022-05-31,17,1002.6,1006.2,999.4
2,2022-06-01,135,1006.2,1007.2,1005.4
2,2022-06-02,214,1005.6,1007.0,1004.4
2,2022-06-03,37,1006.3,1010.2,1002.9
2,2022-06-04,173,1009.3,1010.3,1008.4
2,2022-06-05,181,1005.8,1008.4,1001.8
2,2022-06-06,28,993.2,1001.4,989.6
2,2022-06-07,39,1002.6,1008.5,995.3
2,2022-06-08,33,1010.6,1013.6,1008.0
2,2022-06-09,63,1013.8,1015.2,1012.5
2,2022-06-10,152,1014.4,1015.3,1013.4
2,2022-06-11,47,1008.5,1014.4,1003.5
2,2022-06-12,40,1006.6,1009.7,1003.4
2,2022-06-13,80,1012.6,1014.7,1010.2
2,2022-06-14,40,1014.1,1015.7,1012.6
2,2022-06-15,26,1009.3,1013.6,1007.6
2,2022-06-16,225,1007.2,1008.8,1006.4
2,2022-06-17,233,1007.7,1009.6,1006.3
2,2022-06-18,214,1007.1,1009.4,1005.2
2,2022-06-19,217,1004.8,1007.6,1003.1
2,2022-06-20,226,1003.2,1004.9,1001.6
2,2022-06-21,231,1006.1,1007.3,1004.8
2,2022-06-22,76,1007.9,1009.3,1006.5
2,2022-06-23,188,1008.4,1010.1,1006.0
2,2022-06-24,220,1003.6,1005.5,1002.5
2,2022-06-25,220,1007.7,1011.7,1004.7
2,2022-06-26,226,1011.1,1012.5,1009.8
2,2022-06-27,225,1009.9,1011.4,1009.0
2,2022-06-28,224,1008.2,1010.1,1007.3
2,2022-06-29,230,1007.7,1009.8,1006.0
2,2022-06-30,220,1010.7,1013.0,1009.3
2,2022-07-01,217,1012.8,1013.6,1012.0
2,2022-07-02,221,1011.2,1013.8,1009.5
2,2022-07-03,223,1008.2,1010.2,1006.9
2,2022-07-04,227,1007.7,1008.4,1006.8
2,2022-07-05,172,1004.6,1008.4,1001.6
2,2022-07-06,12,1004.7,1007.4,1001.7
2,2022-07-07,21,1006.5,1008.2,1005.2
2,2022-07-08,18,1003.0,1006.2,1001.5
2,2022-07-09,207,1002.2,1004.7,1000.6
2,2022-07-10,179,1004.9,1006.0,1004.0
2,2022-07-11,175,1006.0,1007.2,1005.0
2,2022-07-12,157,1004.0,1005.8,1002.5
2,2022-07-13,72,1002.5,1003.6,1001.6
2,2022-07-14,85,1001.7,1002.9,1000.3
2,2022-07-15,137,999.1,1000.5,997.9
2,2022-07-16,201,1000.1,1001.5,998.4
2,2022-07-17,212,998.7,1001.2,996.9
2,2022-07-18,223,1002.1,1003.3,1001.1
2,2022-07-19,225,998.9,1001.4,996.9
2,2022-07-20,147,1001.7,1004.0,999.8
2,2022-07-21,176,1001.9,1004.3,999.5
2,2022-07-22,205,997.0,999.3,995.5
2,2022-07-23,217,1001.5,1005.5,998.3
2,2022-07-24,206,1006.7,1008.8,1005.0
2,2022-07-25,181,1008.2,1009.0,1007.6
2,2022-07-26,200,1009.4,1010.7,1008.4
2,2022-07-27,198,1010.7,1012.3,1009.4
2,2022-07-28,198,1013.1,1014.6,1012.0
2,2022-07-29,214,1013.6,1014.9,1012.5
2,2022-07-30,220,1011.6,1013.6,1010.8
2,2022-07-31,233,1010.7,1011.7,1009.3
2,2022-08-01,231,1010.2,1011.7,1009.1
2,2022-08-02,210,1008.4,1011.0,1007.4
2,2022-08-03,60,1004.7,1007.5,1002.7
2,2022-08-04,51,1005.6,1007.3,1004.7
2,2022-08-05,51,1006.4,1008.4,1004.3
2,2022-08-06,148,1008.7,1009.9,1007.3
2,2022-08-07,197,1009.9,1011.0,1008.9
2,2022-08-08,213,1009.6,1011.0,1009.0
2,2022-08-09,215,1008.4,1009.6,1007.3
2,2022-08-10,201,1009.1,1010.0,1008.2
2,2022-08-11,208,1008.6,1009.3,1007.6
2,2022-08-12,201,1008.5,1009.1,1007.9
2,2022-08-13,207,1004.9,1008.6,1001.0
2,2022-08-14,228,1003.9,1005.0,1002.7
2,2022-08-15,222,1003.7,1005.1,1002.3
2,2022-08-16,225,1002.8,1005.3,1001.1
2,2022-08-17,230,1006.3,1008.2,1004.0
2,2022-08-18,229,1001.2,1003.8,998.9
2,2022-08-19,153,1001.9,1003.2,1000.8
2,2022-08-20,205,1000.3,1002.1,998.7
2,2022-08-21,18,1003.5,1005.6,1001.5
2,2022-08-22,94,1005.4,1006.5,1004.3
2,2022-08-23,201,1003.1,1005.1,1001.9
2,2022-08-24,24,1003.8,1005.1,1002.2
2,2022-08-25,179,1003.4,1005.1,1001.8
2,2022-08-26,192,1003.2,1004.0,1002.0
2,2022-08-27,210,1003.9,1006.3,1002.2
2,2022-08-28,37,1012.1,1016.1,1007.8
2,2022-08-29,22,1015.1,1016.7,1013.3
2,2022-08-30,20,1010.5,1014.2,1008.4
2,2022-08-31,202,1007.9,1009.0,1006.5
2,2022-09-01,211,1009.5,1012.0,1007.7
2,2022-09-02,27,1013.8,1015.0,1012.6
2,2022-09-03,32,1013.9,1014.7,1012.7
2,2022-09-04,34,1013.5,1015.0,1012.5
2,2022-09-05,108,1012.6,1014.5,1011.4
2,2022-09-06,198,1009.1,1011.3,1008.3
2,2022-09-07,65,1010.8,1011.9,1009.6
2,2022-09-08,24,1012.1,1013.7,1010.9
2,2022-09-09,28,1012.0,1013.3,1010.0
2,2022-09-10,22,1013.2,1014.4,1011.8
2,2022-09-11,23,1012.5,1014.4,1011.4
2,2022-09-12,23,1012.0,1013.2,1010.3
2,2022-09-13,32,1012.4,1013.6,1011.0
2,2022-09-14,37,1013.3,1014.7,1011.2
2,2022-09-15,46,1012.3,1013.9,1011.0
2,2022-09-16,32,1011.8,1012.8,1011.0
2,2022-09-17,77,1011.4,1013.2,1010.2
2,2022-09-18,159,1006.8,1009.6,1003.9
2,2022-09-19,191,997.7,1002.8,994.1
2,2022-09-20,33,1003.0,1010.1,995.1
2,2022-09-21,31,1014.8,1018.1,1011.3
2,2022-09-22,15,1015.5,1018.9,1012.6
2,2022-09-23,158,1008.6,1013.2,1005.1
2,2022-09-24,46,1008.1,1013.2,1005.4
2,2022-09-25,28,1013.3,1014.4,1011.6
2,2022-09-26,51,1013.1,1014.4,1012.0
2,2022-09-27,24,1010.2,1013.3,1008.0
2,2022-09-28,33,1008.1,1010.9,1006.0
2,2022-09-29,57,1012.2,1014.3,1010.6
2,2022-09-30,19,1013.6,1014.6,1012.5
2,2022-10-01,22,1015.1,1018.1,1012.7
2,2022-10-02,26,1019.3,1020.7,1017.6
2,2022-10-03,211,1017.0,1021.1,1013.4
2,2022-10-04,225,1008.3,1013.3,1005.6
2,2022-10-05,36,1013.2,1016.8,1009.1
2,2022-10-06,24,1017.4,1019.1,1015.7
2,2022-10-07,6,1011.3,1015.9,1008.5
2,2022-10-08,35,1019.2,1022.8,1015.4
2,2022-10-09,20,1016.4,1022.7,1009.5
2,2022-10-10,216,1006.4,1009.0,1004.6
2,2022-10-11,1,1013.6,1020.1,1008.8
2,2022-10-12,21,1021.9,1023.3,1020.7
2,2022-10-13,8,1018.7,1023.4,1016.2
2,2022-10-14,14,1014.7,1017.5,1013.3
2,2022-10-15,19,1015.3,1017.4,1013.1
2,2022-10-16,32,1014.0,1017.8,1010.0
2,2022-10-17,280,1005.8,1009.9,1004.4
2,2022-10-18,34,1013.0,1017.9,1009.0
2,2022-10-19,34,1019.4,1023.8,1016.6
2,2022-10-20,232,1024.1,1025.5,1022.3
2,2022-10-21,224,1021.5,1025.9,1018.7
2,2022-10-22,227,1013.2,1018.2,1009.0
2,2022-10-23,29,1007.2,1010.9,1005.3
2,2022-10-24,20,1011.9,1013.5,1010.3
2,2022-10-25,8,1018.6,1022.7,1014.7
2,2022-10-26,33,1023.0,1024.2,1021.1
2,2022-10-27,28,1022.6,1025.1,1021.6
2,2022-10-28,21,1019.7,1022.6,1017.9
2,2022-10-29,23,1018.3,1020.0,1016.7
2,2022-10-30,36,1020.2,1022.4,1018.3
2,2022-10-31,25,1022.2,1023.5,1020.7
2,2022-11-01,22,1017.4,1021.5,1015.1
2,2022-11-02,220,1014.2,1016.5,1012.4
2,2022-11-03,229,1008.7,1013.1,1006.5
2,2022-11-04,36,1011.2,1016.3,1007.0
2,2022-11-05,33,1016.8,1019.7,1015.0
2,2022-11-06,41,1020.0,1021.0,1018.5
2,2022-11-07,29,1017.3,1021.4,1014.8
2,2022-11-08,22,1018.6,1023.9,1014.8
2,2022-11-09,11,1022.4,1024.0,1021.4
2,2022-11-10,304,1020.4,1023.7,1018.9
2,2022-11-11,24,1023.9,1025.1,1022.7
2,2022-11-12,271,1018.5,1023.5,1013.4
2,2022-11-13,316,1005.2,1012.9,1001.1
2,2022-11-14,43,1009.0,1011.1,1008.0
2,2022-11-15,16,1007.3,1010.7,1005.6
2,2022-11-16,22,1014.6,1019.4,1011.5
2,2022-11-17,35,1020.9,1023.3,1018.9
2,2022-11-18,17,1021.2,1023.7,1019.7
2,2022-11-19,44,1021.2,1022.1,1019.6
2,2022-11-20,14,1017.8,1022.0,1014.5
2,2022-11-21,24,1014.5,1017.0,1012.3
2,2022-11-22,40,1016.8,1017.9,1015.6
2,2022-11-23,358,1007.1,1016.5,1002.0
2,2022-11-24,45,1012.3,1018.8,1006.8
2,2022-11-25,165,1017.9,1019.6,1015.4
2,2022-11-26,308,1009.6,1015.2,1007.3
2,2022-11-27,27,1019.4,1024.9,1013.2
2,2022-11-28,158,1022.1,1025.1,1017.6
2,2022-11-29,202,1008.6,1017.2,1002.9
2,2022-11-30,19,1009.8,1015.4,1004.5
2,2022-12-01,25,1014.5,1015.9,1013.4
2,2022-12-02,27,1021.3,1024.0,1017.0
2,2022-12-03,246,1018.1,1024.8,1014.2
2,2022-12-04,12,1015.5,1017.8,1012.3
2,2022-12-05,10,1015.0,1018.4,1012.5
2,2022-12-06,345,1011.5,1014.2,1009.7
2,2022-12-07,283,1013.6,1014.6,1012.8
2,2022-12-08,24,1016.6,1019.4,1014.0
2,2022-12-09,22,1016.6,1020.1,1015.2
2,2022-12-10,45,1011.8,1016.3,1007.9
2,2022-12-11,21,1011.5,1017.6,1007.2
2,2022-12-12,31,1016.6,1019.1,1011.7
2,2022-12-13,249,1005.9,1012.1,1003.5
2,2022-12-14,293,1008.8,1013.3,1002.8
2,2022-12-15,7,1012.5,1014.7,1009.9
2,2022-12-16,357,1016.5,1018.6,1013.2
2,2022-12-17,302,1007.2,1016.7,1000.0
2,2022-12-18,259,1007.1,1012.9,1001.8
2,2022-12-19,271,1014.5,1018.6,1011.1
2,2022-12-20,39,1018.3,1019.9,1016.6
2,2022-12-21,14,1008.8,1017.9,993.9
2,2022-12-22,256,990.8,994.9,986.3
2,2022-12-23,261,994.5,996.2,993.3
2,2022-12-24,304,999.1,1003.0,995.1
2,2022-12-25,4,1004.7,1009.1,1001.6
2,2022-12-26,6,1012.9,1017.0,1009.3
2,2022-12-27,23,1019.8,1021.2,1017.1
2,2022-12-28,258,1017.0,1022.0,1014.9
2,2022-12-29,22,1017.5,1021.2,1014.1
2,2022-12-30,38,1020.0,1021.9,1018.5
2,2022-12-31,37,1018.7,1021.6,1017.6
2,2023-01-01,321,1015.4,1018.8,1013.8
2,2023-01-02,29,1016.5,1017.6,1014.5
2,2023-01-03,25,1015.1,1017.5,1013.5
2,2023-01-04,16,1016.7,1020.0,1013.3
2,2023-01-05,28,1019.0,1020.6,1017.7
2,2023-01-06,34,1014.8,1019.7,1011.2
2,2023-01-07,20,1010.9,1016.0,1008.1
2,2023-01-08,30,1017.1,1018.0,1016.3
2,2023-01-09,313,1011.7,1017.7,1008.5
2,2023-01-10,9,1018.5,1022.5,1014.4
2,2023-01-11,45,1021.7,1023.2,1020.7
2,2023-01-12,20,1021.8,1022.8,1020.3
2,2023-01-13,229,1014.4,1022.5,1008.1
2,2023-01-14,335,1003.9,1007.4,1001.2
2,2023-01-15,26,1006.6,1008.6,1004.0
2,2023-01-16,32,1011.8,1019.8,1004.8
2,2023-01-17,29,1018.1,1021.1,1014.6
2,2023-01-18,28,1014.4,1018.8,1010.8
2,2023-01-19,31,1017.6,1020.0,1014.2
2,2023-01-20,321,1011.2,1017.3,1007.4
2,2023-01-21,20,1020.9,1022.8,1017.6
2,2023-01-22,25,1020.0,1023.4,1017.7
2,2023-01-23,15,1010.5,1018.6,1000.4
2,2023-01-24,307,999.3,1011.3,989.7
2,2023-01-25,22,1014.9,1016.4,1012.0
2,2023-01-26,288,1012.6,1017.0,1010.2
2,2023-01-27,346,1002.0,1008.9,997.7
2,2023-01-28,16,1007.7,1012.0,1004.5
2,2023-01-29,267,1009.9,1013.2,1008.4
2,2023-01-30,343,1010.6,1016.5,1005.9
2,2023-01-31,20,1015.4,1016.6,1014.2
2,2023-02-01,256,1009.7,1015.8,1006.0
2,2023-02-02,22,1015.9,1017.5,1014.0
2,2023-02-03,35,1015.9,1017.9,1014.7
2,2023-02-04,325,1014.5,1020.1,1011.3
2,2023-02-05,23,1019.1,1020.9,1017.8
2,2023-02-06,20,1017.2,1019.6,1015.9
2,2023-02-07,18,1012.8,1017.7,1010.2
2,2023-02-08,24,1016.1,1022.2,1012.0
2,2023-02-09,25,1024.2,1026.6,1022.2
2,2023-02-10,12,1012.5,1022.9,1005.6
2,2023-02-11,40,1019.6,1022.6,1014.5
2,2023-02-12,234,1015.0,1021.7,1008.8
2,2023-02-13,17,1003.7,1008.5,1000.9
2,2023-02-14,19,1009.5,1015.3,1006.1
2,2023-02-15,23,1020.0,1025.5,1015.8
2,2023-02-16,27,1024.5,1026.1,1023.4
2,2023-02-17,17,1022.7,1025.5,1021.3
2,2023-02-18,224,1015.0,1023.2,1006.1
2,2023-02-19,237,1003.1,1008.1,998.8
2,2023-02-20,18,1010.3,1018.8,1005.6
2,2023-02-21,16,1022.9,1028.6,1018.0
2,2023-02-22,191,1024.0,1028.9,1019.4
2,2023-02-23,294,1015.5,1019.7,1013.9
2,2023-02-24,10,1013.3,1015.4,1012.0
2,2023-02-25,12,1018.5,1024.3,1014.8
2,2023-02-26,13,1025.0,1029.6,1021.9
2,2023-02-27,231,1028.7,1030.5,1027.0
2,2023-02-28,230,1022.4,1027.4,1019.4
2,2023-03-01,222,1012.9,1019.3,1006.3
2,2023-03-02,3,1012.9,1022.6,1004.1
2,2023-03-03,23,1022.2,1023.4,1021.1
2,2023-03-04,27,1022.4,1025.0,1020.2
2,2023-03-05,29,1022.7,1025.2,1021.1
2,2023-03-06,30,1018.8,1021.5,1017.3
2,2023-03-07,241,1019.3,1020.6,1017.9
2,2023-03-08,221,1018.8,1021.1,1017.7
2,2023-03-09,216,1017.2,1019.9,1015.8
2,2023-03-10,295,1017.7,1023.5,1013.3
2,2023-03-11,66,1023.7,1025.0,1022.2
2,2023-03-12,173,1018.6,1024.2,1012.4
2,2023-03-13,2,1011.5,1018.3,1007.6
2,2023-03-14,46,1021.8,1026.2,1018.2
2,2023-03-15,215,1024.1,1026.1,1022.4
2,2023-03-16,234,1018.8,1022.9,1016.7
2,2023-03-17,28,1016.6,1018.7,1013.4
2,2023-03-18,26,1009.8,1015.8,1006.2
2,2023-03-19,85,1016.8,1018.7,1015.2
2,2023-03-20,195,1016.4,1018.8,1015.4
2,2023-03-21,293,1013.7,1016.2,1012.3
2,2023-03-22,39,1015.2,1016.9,1013.5
2,2023-03-23,199,1004.9,1014.4,999.4
2,2023-03-24,24,1008.7,1013.0,1002.6
2,2023-03-25,22,1014.3,1016.0,1013.0
2,2023-03-26,25,1006.4,1011.6,1002.7
2,2023-03-27,27,1015.9,1019.4,1012.4
2,2023-03-28,19,1019.9,1021.2,1018.5
2,2023-03-29,45,1018.5,1020.5,1017.0
2,2023-03-30,157,1017.1,1019.3,1016.1
2,2023-03-31,210,1014.6,1017.6,1012.9
2,2023-04-01,33,1014.1,1015.9,1012.5
2,2023-04-02,36,1016.3,1020.1,1014.0
2,2023-04-03,31,1021.2,1023.1,1018.8
2,2023-04-04,222,1022.3,1024.0,1021.0
2,2023-04-05,213,1019.1,1022.2,1016.4
2,2023-04-06,211,1014.3,1016.3,1012.0
2,2023-04-07,206,1004.7,1011.8,1000.3
2,2023-04-08,297,1005.3,1014.0,999.0
2,2023-04-09,169,1016.0,1018.1,1013.9
2,2023-04-10,225,1016.6,1018.8,1015.6
2,2023-04-11,216,1014.2,1017.4,1011.2
2,2023-04-12,224,1009.3,1017.0,1005.7
2,2023-04-13,199,1016.6,1017.8,1015.8
2,2023-04-14,217,1012.8,1016.7,1010.5
2,2023-04-15,2,997.9,1010.2,991.0
2,2023-04-16,248,996.6,1004.3,991.4
2,2023-04-17,35,1013.0,1017.4,1004.6
2,2023-04-18,236,1011.6,1017.9,1007.0
2,2023-04-19,282,1007.8,1010.0,1005.8
2,2023-04-20,212,1006.6,1009.7,1004.2
2,2023-04-21,63,1003.1,1008.9,1000.0
2,2023-04-22,54,1013.5,1018.9,1009.7
2,2023-04-23,34,1018.5,1020.8,1016.7
2,2023-04-24,61,1020.8,1021.8,1019.0
2,2023-04-25,138,1016.6,1022.1,1007.9
2,2023-04-26,190,1004.2,1014.6,998.0
2,2023-04-27,200,1019.2,1021.2,1015.6
2,2023-04-28,215,1018.2,1021.3,1016.2
2,2023-04-29,205,1008.6,1015.5,1000.9
2,2023-04-30,225,1003.9,1008.7,1000.3
2,2023-05-01,34,1010.9,1017.1,1007.4
2,2023-05-02,273,1021.6,1024.8,1018.2
2,2023-05-03,219,1021.0,1024.2,1019.5
2,2023-05-04,218,1016.1,1020.2,1014.4
2,2023-05-05,216,1011.2,1014.7,1008.8
2,2023-05-06,219,1006.1,1008.0,1004.5
2,2023-05-07,216,1002.0,1005.5,995.9
2,2023-05-08,39,1007.5,1014.4,998.5
2,2023-05-09,34,1012.7,1015.0,1011.7
2,2023-05-10,74,1012.8,1016.1,1010.4
2,2023-05-11,40,1016.8,1018.8,1014.6
2,2023-05-12,182,1018.4,1019.6,1017.4
2,2023-05-13,164,1016.8,1018.9,1015.1
2,2023-05-14,144,1011.7,1015.2,1009.5
2,2023-05-15,17,1008.1,1010.2,1006.4
2,2023-05-16,221,1010.1,1011.8,1008.2
2,2023-05-17,234,1011.4,1013.7,1009.0
2,2023-05-18,216,1011.8,1013.7,1010.8
2,2023-05-19,94,1006.3,1010.4,1002.7
2,2023-05-20,23,1006.6,1008.3,1004.4
2,2023-05-21,213,1003.7,1006.9,1001.3
2,2023-05-22,2,1001.6,1003.1,999.8
2,2023-05-23,16,1001.3,1006.1,998.7
2,2023-05-24,239,1013.2,1020.0,1007.1
2,2023-05-25,154,1021.6,1023.2,1020.1
2,2023-05-26,184,1021.5,1023.0,1020.5
2,2023-05-27,186,1020.3,1022.0,1018.6
2,2023-05-28,215,1013.1,1018.3,1009.2
2,2023-05-29,242,1005.7,1008.5,1004.1
2,2023-05-30,34,1006.5,1009.7,1004.9
2,2023-05-31,23,1010.4,1012.6,1008.4
2,2023-06-01,177,1008.9,1012.8,1002.6
2,2023-06-02,207,997.1,1003.9,993.9
2,2023-06-03,48,1000.5,1006.9,995.2
2,2023-06-04,234,1005.4,1007.3,1003.9
2,2023-06-05,205,1006.9,1007.8,1005.9
2,2023-06-06,219,1006.1,1007.6,1004.6
2,2023-06-07,226,1007.6,1010.4,1004.9
2,2023-06-08,169,1007.4,1010.6,1001.9
2,2023-06-09,224,1004.2,1008.6,1000.7
2,2023-06-10,173,1010.1,1011.2,1009.5
2,2023-06-11,351,1008.2,1010.2,1006.7
2,2023-06-12,21,1003.2,1007.5,998.7
2,2023-06-13,206,1002.7,1004.5,1001.2
2,2023-06-14,22,1003.7,1005.3,1002.1
2,2023-06-15,29,1003.7,1005.9,1002.1
2,2023-06-16,56,1007.8,1011.7,1004.0
2,2023-06-17,223,1008.2,1011.4,1005.6
2,2023-06-18,210,1001.6,1005.6,999.1
2,2023-06-19,48,1004.5,1008.8,1001.2
2,2023-06-20,116,1009.7,1010.8,1008.2
2,2023-06-21,137,1009.5,1011.4,1008.3
2,2023-06-22,25,1005.1,1008.7,1003.4
2,2023-06-23,72,1007.3,1010.5,1005.1
2,2023-06-24,100,1011.5,1013.0,1010.1
2,2023-06-25,182,1012.0,1013.1,1011.0
2,2023-06-26,176,1012.1,1013.0,1011.1
2,2023-06-27,209,1011.3,1012.8,1009.9
2,2023-06-28,223,1006.0,1009.8,1003.8
2,2023-06-29,223,1003.5,1004.5,1001.9
2,2023-06-30,222,1002.5,1003.9,1001.7
2,2023-07-01,224,1002.9,1005.2,1001.4
2,2023-07-02,208,1006.1,1007.2,1005.5
2,2023-07-03,245,1002.7,1005.5,1000.9
2,2023-07-04,188,1002.5,1003.8,1001.4
2,2023-07-05,180,1000.6,1003.3,997.3
2,2023-07-06,215,1003.0,1006.8,999.9
2,2023-07-07,200,1006.8,1008.2,1005.2
2,2023-07-08,219,1004.7,1005.6,1003.8
2,2023-07-09,225,1003.9,1004.8,1003.2
2,2023-07-10,225,1005.0,1006.9,1003.7
2,2023-07-11,226,1005.3,1007.0,1004.0
2,2023-07-12,223,1003.3,1004.7,1002.3
2,2023-07-13,239,1004.9,1007.0,1003.2
2,2023-07-14,216,1006.9,1007.9,1005.9
2,2023-07-15,223,1007.4,1008.2,1006.5
2,2023-07-16,235,1008.7,1011.2,1006.8
2,2023-07-17,229,1010.8,1011.7,1009.8
2,2023-07-18,201,1007.6,1010.9,1005.3
2,2023-07-19,217,1001.6,1005.0,999.5
2,2023-07-20,92,1006.8,1010.9,1003.7
2,2023-07-21,37,1013.3,1015.6,1010.9
2,2023-07-22,93,1015.3,1016.1,1014.5
2,2023-07-23,181,1013.5,1015.1,1012.6
2,2023-07-24,196,1012.8,1013.6,1011.8
2,2023-07-25,205,1013.1,1014.4,1012.3
2,2023-07-26,184,1013.0,1014.4,1012.1
2,2023-07-27,187,1012.9,1014.0,1011.8
2,2023-07-28,198,1014.1,1015.0,1013.0
2,2023-07-29,201,1014.3,1015.5,1013.8
2,2023-07-30,206,1013.0,1014.7,1011.6
2,2023-07-31,207,1010.9,1012.5,1009.3
2,2023-08-01,202,1010.7,1011.9,1009.8
2,2023-08-02,205,1009.5,1010.9,1008.7
2,2023-08-03,215,1007.3,1009.3,1006.1
2,2023-08-04,221,1004.2,1005.9,1003.4
2,2023-08-05,189,1002.7,1004.0,1001.9
2,2023-08-06,164,1002.2,1003.6,1000.6
2,2023-08-07,83,1004.6,1006.2,1002.9
2,2023-08-08,130,1007.3,1009.7,1005.4
2,2023-08-09,133,1010.2,1011.3,1009.4
2,2023-08-10,67,1008.4,1010.9,1006.7
2,2023-08-11,35,1003.3,1006.4,1002.0
2,2023-08-12,52,1001.3,1002.3,999.9
2,2023-08-13,61,1001.8,1002.7,1000.7
2,2023-08-14,125,1001.8,1003.0,1000.5
2,2023-08-15,186,1003.4,1004.4,1002.3
2,2023-08-16,205,1004.2,1005.7,1003.0
2,2023-08-17,210,1006.3,1008.1,1004.8
2,2023-08-18,205,1008.4,1009.9,1006.9
2,2023-08-19,156,1009.8,1010.5,1008.7
2,2023-08-20,64,1009.3,1010.6,1008.3
2,2023-08-21,67,1008.7,1009.5,1007.5
2,2023-08-22,87,1009.3,1010.5,1008.0
2,2023-08-23,175,1011.1,1012.7,1010.0
2,2023-08-24,193,1011.1,1012.4,1010.1
2,2023-08-25,183,1009.1,1010.9,1008.1
2,2023-08-26,27,1007.5,1009.3,1006.2
2,2023-08-27,8,1004.8,1007.3,1003.4
2,2023-08-28,215,1008.1,1011.7,1005.4
2,2023-08-29,201,1012.2,1013.8,1010.4
2,2023-08-30,196,1014.3,1015.5,1012.8
2,2023-08-31,193,1014.4,1015.6,1013.3
2,2023-09-01,189,1011.9,1014.1,1010.3
2,2023-09-02,144,1010.6,1011.5,1009.6
2,2023-09-03,40,1009.2,1011.5,1007.5
2,2023-09-04,153,1007.1,1007.9,1006.2
2,2023-09-05,218,1005.5,1007.6,1004.4
2,2023-09-06,234,1004.0,1006.3,1002.1
2,2023-09-07,45,1008.3,1010.7,1005.7
2,2023-09-08,6,1006.0,1008.6,1004.7
2,2023-09-09,205,1007.9,1010.0,1006.2
2,2023-09-10,178,1009.9,1010.7,1008.6
2,2023-09-11,134,1010.5,1011.4,1009.5
2,2023-09-12,140,1010.5,1011.8,1008.9
2,2023-09-13,152,1011.2,1012.0,1010.0
2,2023-09-14,219,1010.2,1011.4,1009.4
2,2023-09-15,341,1011.7,1012.9,1010.2
2,2023-09-16,217,1011.8,1013.0,1010.6
2,2023-09-17,211,1012.3,1013.2,1011.1
2,2023-09-18,215,1012.4,1013.9,1011.4
2,2023-09-19,225,1010.3,1012.4,1009.1
2,2023-09-20,246,1009.7,1010.6,1008.4
2,2023-09-21,217,1006.8,1010.3,1005.3
2,2023-09-22,2,1009.5,1011.7,1007.1
2,2023-09-23,26,1013.2,1015.8,1010.5
2,2023-09-24,27,1017.1,1018.3,1015.6
2,2023-09-25,20,1015.4,1018.3,1014.0
2,2023-09-26,21,1011.1,1014.2,1008.7
2,2023-09-27,151,1007.4,1008.7,1006.0
2,2023-09-28,245,1005.0,1009.2,1002.1
2,2023-09-29,91,1009.9,1011.0,1008.6
2,2023-09-30,220,1005.7,1010.1,1003.4
2,2023-10-01,8,1004.4,1008.8,1001.9
2,2023-10-02,35,1011.5,1015.5,1008.4
2,2023-10-03,49,1014.6,1016.2,1012.8
2,2023-10-04,19,1006.2,1014.2,999.1
2,2023-10-05,350,999.9,1005.2,994.9
2,2023-10-06,32,1008.4,1013.1,1005.2
2,2023-10-07,22,1017.2,1022.4,1012.9
2,2023-10-08,17,1021.5,1023.3,1018.6
2,2023-10-09,1,1012.1,1018.6,1007.2
2,2023-10-10,14,1008.3,1015.7,1003.4
2,2023-10-11,32,1018.1,1020.1,1015.9
2,2023-10-12,25,1017.1,1020.2,1015.9
2,2023-10-13,28,1011.8,1016.3,1010.1
2,2023-10-14,214,1007.4,1010.4,1001.9
2,2023-10-15,357,1001.2,1006.4,996.4
2,2023-10-16,41,1007.7,1010.8,1006.1
2,2023-10-17,28,1014.4,1019.2,1010.7
2,2023-10-18,282,1017.6,1019.7,1016.4
2,2023-10-19,229,1012.5,1016.7,1008.8
2,2023-10-20,238,1002.8,1008.1,1000.1
2,2023-10-21,21,1010.5,1018.9,1004.6
2,2023-10-22,195,1019.0,1020.5,1018.0
2,2023-10-23,15,1019.3,1020.9,1018.2
2,2023-10-24,7,1016.2,1020.2,1014.1
2,2023-10-25,15,1011.4,1014.2,1010.4
2,2023-10-26,296,1009.8,1011.7,1008.6
2,2023-10-27,322,1007.0,1008.9,1005.8
2,2023-10-28,13,1007.7,1010.6,1005.6
2,2023-10-29,15,1013.1,1017.5,1010.0
2,2023-10-30,54,1019.2,1021.4,1016.9
2,2023-10-31,181,1019.3,1021.4,1017.7
2,2023-11-01,229,1015.9,1019.2,1013.9
2,2023-11-02,26,1015.9,1017.4,1014.3
2,2023-11-03,221,1017.1,1018.8,1015.6
2,2023-11-04,265,1020.6,1023.9,1017.9
2,2023-11-05,17,1023.0,1024.7,1020.4
2,2023-11-06,201,1013.1,1019.8,1006.7
2,2023-11-07,299,1009.7,1017.9,1004.9
2,2023-11-08,44,1020.8,1024.1,1017.9
2,2023-11-09,32,1021.1,1024.2,1017.5
2,2023-11-10,335,1011.2,1016.9,1007.3
2,2023-11-11,31,1017.3,1019.8,1015.0
2,2023-11-12,16,1010.4,1016.7,1007.7
2,2023-11-13,13,1013.7,1018.9,1009.3
2,2023-11-14,20,1019.5,1021.5,1018.0
2,2023-11-15,18,1022.2,1023.2,1020.5
2,2023-11-16,29,1017.8,1024.5,1008.3
2,2023-11-17,242,1001.3,1007.1,997.7
2,2023-11-18,252,1002.3,1008.4,997.2
2,2023-11-19,245,1007.2,1009.0,1005.3
2,2023-11-20,14,1014.9,1022.2,1006.3
2,2023-11-21,254,1018.7,1022.1,1017.3
2,2023-11-22,200,1014.8,1018.0,1012.0
2,2023-11-23,224,1007.3,1012.0,1004.6
2,2023-11-24,302,1009.5,1020.2,1003.0
2,2023-11-25,24,1022.4,1024.3,1020.1
2,2023-11-26,18,1017.9,1022.3,1015.8
2,2023-11-27,229,1009.7,1015.8,1004.4
2,2023-11-28,247,1008.4,1013.8,1002.4
2,2023-11-29,247,1010.8,1014.3,1008.6
2,2023-11-30,350,1011.7,1014.2,1008.0
2,2023-12-01,327,1012.1,1014.8,1010.0
2,2023-12-02,28,1016.7,1018.0,1015.0
2,2023-12-03,303,1015.9,1019.0,1012.8
2,2023-12-04,27,1018.6,1019.6,1017.5
2,2023-12-05,15,1013.2,1018.9,1009.2
2,2023-12-06,255,1007.4,1010.1,1003.2
2,2023-12-07,275,1008.7,1017.5,1001.1
2,2023-12-08,220,1018.0,1018.7,1016.7
2,2023-12-09,275,1017.4,1019.1,1015.3
2,2023-12-10,13,1019.4,1021.5,1017.6
2,2023-12-11,16,1015.7,1022.0,1005.6
2,2023-12-12,22,1009.8,1020.3,1002.4
2,2023-12-13,28,1024.4,1026.4,1021.3
2,2023-12-14,17,1022.1,1026.2,1016.8
2,2023-12-15,227,1007.6,1016.4,1002.4
2,2023-12-16,230,1002.9,1005.3,1001.6
2,2023-12-17,306,1013.9,1020.7,1006.6
2,2023-12-18,22,1021.9,1023.3,1020.3
2,2023-12-19,4,1016.6,1022.9,1010.3
2,2023-12-20,248,1007.6,1010.0,1005.6
2,2023-12-21,255,1011.9,1015.8,1007.5
2,2023-12-22,284,1018.6,1023.9,1013.6
2,2023-12-23,32,1025.0,1026.4,1022.8
2,2023-12-24,279,1021.3,1027.2,1018.5
2,2023-12-25,320,1018.8,1022.3,1015.8
2,2023-12-26,268,1019.5,1022.8,1017.4
2,2023-12-27,22,1024.2,1025.3,1022.5
2,2023-12-28,20,1020.1,1024.9,1017.6
2,2023-12-29,27,1018.7,1019.7,1017.3
2,2023-12-30,255,1014.4,1019.9,1006.8
2,2023-12-31,357,1003.6,1013.8,998.9
2,2024-01-01,21,1020.1,1023.2,1015.1
2,2024-01-02,11,1014.5,1019.7,1012.4
2,2024-01-03,283,1007.8,1013.3,1003.1
2,2024-01-04,13,1014.9,1019.3,1007.4
2,2024-01-05,253,1014.5,1018.9,1012.5
2,2024-01-06,245,1007.4,1012.7,1004.1
2,2024-01-07,326,1007.5,1014.5,1005.2
2,2024-01-08,19,1017.5,1019.4,1015.4
2,2024-01-09,256,1012.0,1017.6,1009.5
2,2024-01-10,16,1009.5,1010.8,1007.1
2,2024-01-11,353,1009.4,1011.0,1007.4
2,2024-01-12,296,1006.1,1007.5,1003.9
2,2024-01-13,356,1012.5,1022.2,1004.0
2,2024-01-14,236,1013.3,1023.0,1005.1
2,2024-01-15,13,1009.8,1014.1,1005.8
2,2024-01-16,360,1020.5,1025.2,1015.2
2,2024-01-17,10,1021.2,1025.6,1018.3
2,2024-01-18,2,1016.4,1020.3,1013.8
2,2024-01-19,39,1023.0,1025.8,1019.5
2,2024-01-20,13,1021.5,1026.9,1010.9
2,2024-01-21,7,1009.0,1014.3,1004.2
2,2024-01-22,242,1008.6,1015.2,1003.2
2,2024-01-23,261,1000.3,1003.7,998.4
2,2024-01-24,300,1004.4,1007.9,1000.9
2,2024-01-25,333,1008.9,1010.6,1006.5
2,2024-01-26,14,1013.1,1015.8,1010.4
2,2024-01-27,21,1016.5,1017.9,1014.7
2,2024-01-28,18,1019.4,1024.1,1016.0
2,2024-01-29,13,1025.1,1026.3,1023.9
2,2024-01-30,18,1025.4,1027.3,1024.1
2,2024-01-31,234,1016.5,1024.0,1009.1
2,2024-02-01,29,1014.2,1020.0,1008.8
2,2024-02-02,22,1020.7,1023.8,1019.1
2,2024-02-03,34,1022.1,1024.7,1020.3
2,2024-02-04,24,1020.6,1022.2,1019.1
2,2024-02-05,6,1011.7,1019.6,1006.8
2,2024-02-06,22,1013.5,1014.4,1012.5
2,2024-02-07,27,1012.8,1014.0,1011.3
2,2024-02-08,18,1013.7,1016.3,1011.6
2,2024-02-09,28,1014.7,1016.7,1013.5
2,2024-02-10,8,1012.4,1015.3,1010.1
2,2024-02-11,20,1015.3,1017.4,1013.7
2,2024-02-12,324,1025.3,1028.3,1018.5
2,2024-02-13,240,1023.8,1027.8,1022.0
2,2024-02-14,232,1019.8,1023.4,1018.0
2,2024-02-15,229,1009.1,1017.7,1000.6
2,2024-02-16,35,1017.5,1021.5,1010.7
2,2024-02-17,28,1023.4,1026.7,1020.5
2,2024-02-18,167,1025.7,1027.0,1024.1
2,2024-02-19,201,1016.7,1023.6,1012.6
2,2024-02-20,352,1016.1,1019.6,1011.7
2,2024-02-21,20,1014.5,1019.5,1011.8
2,2024-02-22,32,1017.9,1019.7,1014.9
2,2024-02-23,28,1020.0,1023.7,1017.6
2,2024-02-24,37,1022.8,1025.2,1020.7
2,2024-02-25,6,1012.7,1020.6,1008.6
2,2024-02-26,5,1010.5,1012.5,1008.2
2,2024-02-27,354,1016.1,1020.6,1012.0
2,2024-02-28,22,1022.1,1023.5,1019.9
2,2024-02-29,10,1012.9,1023.8,999.1
2,2024-03-01,5,1002.0,1008.4,998.8
2,2024-03-02,28,1010.8,1014.7,1008.3
2,2024-03-03,259,1012.2,1014.5,1009.7
2,2024-03-04,351,1016.5,1020.2,1012.8
2,2024-03-05,9,1011.0,1020.2,1002.0
2,2024-03-06,17,1005.4,1011.3,1001.3
2,2024-03-07,33,1009.9,1012.6,1005.3
2,2024-03-08,20,1003.1,1006.1,1001.0
2,2024-03-09,359,1012.0,1019.7,1006.7
2,2024-03-10,15,1022.3,1024.7,1020.2
2,2024-03-11,228,1018.4,1024.8,1012.4
2,2024-03-12,313,999.1,1011.8,989.2
2,2024-03-13,27,1011.8,1015.9,1005.7
2,2024-03-14,324,1014.5,1017.7,1011.9
2,2024-03-15,261,1013.5,1017.8,1011.3
2,2024-03-16,181,1015.9,1017.8,1011.3
2,2024-03-17,241,1003.3,1011.0,999.6
2,2024-03-18,11,1011.1,1016.4,1005.2
2,2024-03-19,224,1008.8,1016.2,998.6
2,2024-03-20,315,998.8,1007.7,990.4
2,2024-03-21,7,1011.4,1017.0,1007.6
2,2024-03-22,252,1018.4,1020.2,1016.1
2,2024-03-23,16,1015.6,1019.0,1012.1
2,2024-03-24,23,1015.9,1018.9,1012.6
2,2024-03-25,20,1011.7,1013.4,1008.7
2,2024-03-26,5,1005.6,1016.8,996.7
2,2024-03-27,55,1020.4,1022.6,1017.6
2,2024-03-28,165,1016.3,1023.0,1006.9
2,2024-03-29,220,1004.0,1006.8,1000.7
2,2024-03-30,232,1006.8,1008.3,1006.0
2,2024-03-31,247,1004.3,1006.5,1002.9
2,2024-04-01,23,1008.1,1015.1,1003.1
2,2024-04-02,196,1014.7,1016.3,1013.7
2,2024-04-03,22,1005.5,1014.9,999.0
2,2024-04-04,21,1009.6,1016.5,1004.8
2,2024-04-05,25,1018.0,1019.3,1016.6
2,2024-04-06,20,1016.6,1019.7,1014.7
2,2024-04-07,25,1015.8,1016.8,1014.1
2,2024-04-08,186,1011.6,1017.4,1004.2
2,2024-04-09,27,1010.7,1023.3,999.7
2,2024-04-10,43,1026.1,1027.7,1024.1
2,2024-04-11,50,1023.2,1027.6,1019.3
2,2024-04-12,20,1015.8,1019.0,1014.6
2,2024-04-13,32,1017.1,1020.2,1014.6
2,2024-04-14,188,1020.1,1020.8,1019.0
2,2024-04-15,202,1018.3,1021.0,1016.1
2,2024-04-16,209,1011.7,1016.5,1007.9
2,2024-04-17,38,1005.5,1007.6,1004.6
2,2024-04-18,9,1001.1,1005.2,998.9
2,2024-04-19,22,1005.8,1010.3,1002.5
2,2024-04-20,54,1010.6,1012.2,1009.1
2,2024-04-21,72,1010.8,1012.3,1009.4
2,2024-04-22,36,1011.1,1013.9,1008.8
2,2024-04-23,63,1014.1,1015.8,1013.1
2,2024-04-24,36,1006.5,1013.6,1002.0
2,2024-04-25,24,1005.9,1012.1,1001.7
2,2024-04-26,150,1011.3,1012.7,1010.0
2,2024-04-27,14,1009.4,1011.6,1007.8
2,2024-04-28,196,1012.0,1013.0,1011.1
2,2024-04-29,177,1007.5,1012.1,1002.5
2,2024-04-30,236,999.4,1002.4,997.7
2,2024-05-01,25,1006.1,1013.1,1001.0
2,2024-05-02,38,1016.0,1018.4,1013.3
2,2024-05-03,218,1016.3,1018.2,1015.2
2,2024-05-04,210,1018.9,1020.3,1017.7
2,2024-05-05,204,1019.7,1021.2,1018.3
2,2024-05-06,212,1014.5,1018.4,1010.5
2,2024-05-07,206,1003.9,1010.0,1001.2
2,2024-05-08,27,1005.6,1009.2,1002.1
2,2024-05-09,25,1013.3,1019.2,1008.6
2,2024-05-10,207,1019.8,1021.2,1018.0
2,2024-05-11,211,1019.1,1021.2,1017.3
2,2024-05-12,198,1011.8,1017.6,1005.3
2,2024-05-13,289,1007.6,1014.2,1002.6
2,2024-05-14,21,1015.2,1017.4,1013.9
2,2024-05-15,42,1008.9,1015.1,1003.5
2,2024-05-16,228,1004.1,1009.3,1000.9
2,2024-05-17,230,1013.0,1017.2,1009.7
2,2024-05-18,240,1016.3,1017.5,1015.1
2,2024-05-19,12,1014.9,1017.8,1011.8
2,2024-05-20,355,1009.9,1011.4,1008.2
2,2024-05-21,73,1014.7,1018.9,1011.7
2,2024-05-22,187,1015.7,1018.8,1012.9
2,2024-05-23,185,1007.9,1012.7,1004.2
2,2024-05-24,48,1004.5,1009.7,1002.0
2,2024-05-25,78,1013.6,1016.2,1010.1
2,2024-05-26,198,1011.4,1016.0,1007.1
2,2024-05-27,213,1003.0,1006.7,1001.4
2,2024-05-28,201,998.1,1002.9,994.3
2,2024-05-29,73,1009.2,1013.4,1002.3
2,2024-05-30,119,1010.7,1013.6,1006.1
2,2024-05-31,21,1004.5,1006.4,1002.7
2,2024-06-01,64,1006.5,1007.8,1005.2
2,2024-06-02,68,1004.7,1006.5,1003.6
2,2024-06-03,23,1005.5,1007.9,1002.9
2,2024-06-04,27,1010.6,1014.8,1007.7
2,2024-06-05,158,1016.1,1018.1,1013.9
2,2024-06-06,156,1016.6,1018.3,1015.2
2,2024-06-07,73,1014.8,1015.7,1013.9
2,2024-06-08,164,1013.7,1015.5,1012.1
2,2024-06-09,176,1009.9,1013.4,1007.8
2,2024-06-10,61,1007.1,1008.5,1005.7
2,2024-06-11,192,1007.4,1008.5,1006.6
2,2024-06-12,153,1005.2,1008.1,1003.2
2,2024-06-13,212,1003.3,1005.9,1001.2
2,2024-06-14,169,1006.7,1007.6,1005.9
2,2024-06-15,31,1003.5,1007.7,999.8
2,2024-06-16,228,1002.1,1005.9,999.6
2,2024-06-17,226,1005.9,1007.7,1004.4
2,2024-06-18,18,1003.4,1006.9,1000.3
2,2024-06-19,188,1007.9,1009.6,1006.6
2,2024-06-20,194,1007.7,1009.5,1005.4
2,2024-06-21,9,1002.6,1006.9,998.1
2,2024-06-22,205,1004.6,1007.2,998.5
2,2024-06-23,229,996.9,999.0,995.6
2,2024-06-24,231,1001.4,1004.7,999.1
2,2024-06-25,232,1005.3,1008.7,1002.9
2,2024-06-26,22,1010.4,1013.5,1008.0
2,2024-06-27,204,1011.3,1013.3,1009.8
2,2024-06-28,217,1006.6,1009.7,1004.7
2,2024-06-29,171,1007.9,1009.6,1006.9
2,2024-06-30,219,1003.8,1007.5,999.3
2,2024-07-01,230,1001.7,1005.4,999.6
2,2024-07-02,238,1007.7,1010.9,1005.9
2,2024-07-03,217,1006.9,1011.2,1003.6
2,2024-07-04,36,1002.8,1004.0,1002.1
2,2024-07-05,246,1002.9,1004.2,1002.2
2,2024-07-06,166,1005.4,1006.9,1004.4
2,2024-07-07,230,1002.2,1005.0,1001.0
2,2024-07-08,231,1001.7,1003.2,1000.1
2,2024-07-09,233,1002.1,1004.1,1000.5
2,2024-07-10,220,1000.6,1004.3,997.4
2,2024-07-11,224,998.9,1000.1,997.4
2,2024-07-12,276,1001.4,1006.3,998.9
2,2024-07-13,183,1009.2,1011.8,1006.7
2,2024-07-14,213,1011.5,1012.3,1010.5
2,2024-07-15,28,1013.2,1014.6,1011.5
2,2024-07-16,175,1012.3,1014.7,1010.4
2,2024-07-17,32,1009.2,1010.7,1008.4
2,2024-07-18,214,1008.5,1009.8,1007.7
2,2024-07-19,224,1007.1,1008.0,1006.2
2,2024-07-20,244,1007.1,1009.1,1005.2
2,2024-07-21,204,1007.5,1009.1,1005.9
2,2024-07-22,245,1006.0,1006.9,1005.0
2,2024-07-23,220,1004.2,1006.0,1002.9
2,2024-07-24,223,1003.3,1005.5,1001.5
2,2024-07-25,224,1007.9,1011.9,1005.3
2,2024-07-26,230,1013.8,1015.8,1011.8
2,2024-07-27,141,1013.5,1015.9,1011.5
2,2024-07-28,215,1006.8,1011.2,1004.4
2,2024-07-29,159,999.7,1004.3,997.2
2,2024-07-30,146,999.0,1000.1,998.2
2,2024-07-31,16,1001.8,1003.9,1000.2
2,2024-08-01,42,1003.6,1004.7,1002.2
2,2024-08-02,129,1004.8,1006.4,1003.0
2,2024-08-03,159,1006.1,1007.0,1004.8
2,2024-08-04,162,1005.7,1006.8,1004.6
2,2024-08-05,157,1004.9,1005.9,1004.0
2,2024-08-06,11,1003.7,1005.2,1002.4
2,2024-08-07,16,1001.6,1003.4,1000.5
2,2024-08-08,34,1000.7,1002.1,999.8
2,2024-08-09,8,998.5,1000.2,997.7
2,2024-08-10,346,997.7,998.5,996.6
2,2024-08-11,216,996.6,998.2,995.2
2,2024-08-12,198,1001.5,1005.1,998.7
2,2024-08-13,177,1004.8,1006.1,1003.6
2,2024-08-14,144,1005.2,1006.6,1004.5
2,2024-08-15,33,1002.5,1005.7,998.6
2,2024-08-16,350,998.0,1001.8,994.9
2,2024-08-17,278,1004.6,1007.9,1002.2
2,2024-08-18,260,1007.8,1009.9,1006.2
2,2024-08-19,224,1010.3,1011.8,1008.4
2,2024-08-20,264,1009.9,1011.8,1008.7
2,2024-08-21,151,1010.1,1011.0,1009.3
2,2024-08-22,187,1010.2,1011.0,1009.6
2,2024-08-23,204,1009.8,1010.6,1008.7
2,2024-08-24,208,1009.5,1010.8,1008.5
2,2024-08-25,184,1009.3,1010.1,1008.4
2,2024-08-26,172,1010.2,1011.2,1009.2
2,2024-08-27,185,1009.3,1010.7,1008.1
2,2024-08-28,159,1009.6,1010.4,1008.5
2,2024-08-29,168,1007.8,1010.4,1005.1
2,2024-08-30,186,1003.3,1005.9,1001.6
2,2024-08-31,183,1002.7,1005.6,1000.6
2,2024-09-01,189,1006.9,1008.3,1005.7
2,2024-09-02,207,1007.3,1008.4,1006.1
2,2024-09-03,26,1007.7,1009.3,1006.5
2,2024-09-04,22,1007.1,1008.9,1005.9
2,2024-09-05,215,1006.5,1007.7,1005.1
2,2024-09-06,218,1009.6,1011.8,1008.0
2,2024-09-07,208,1011.2,1012.4,1010.2
2,2024-09-08,193,1011.3,1012.9,1009.8
2,2024-09-09,87,1014.3,1016.4,1012.2
2,2024-09-10,200,1015.6,1016.6,1014.3
2,2024-09-11,206,1014.8,1016.9,1013.9
2,2024-09-12,205,1011.5,1014.3,1009.3
2,2024-09-13,213,1007.3,1009.7,1006.2
2,2024-09-14,209,1008.7,1010.3,1007.3
2,2024-09-15,218,1011.2,1014.2,1008.8
2,2024-09-16,44,1015.0,1016.6,1014.0
2,2024-09-17,214,1012.2,1014.6,1011.1
2,2024-09-18,233,1011.4,1012.9,1010.2
2,2024-09-19,111,1012.3,1013.6,1010.4
2,2024-09-20,228,1008.1,1010.9,1006.5
2,2024-09-21,225,1005.3,1007.1,1003.6
2,2024-09-22,245,1003.2,1008.5,999.7
2,2024-09-23,30,1012.4,1016.1,1009.1
2,2024-09-24,22,1015.2,1016.7,1013.5
2,2024-09-25,9,1011.0,1013.4,1010.2
2,2024-09-26,48,1010.7,1012.1,1009.6
2,2024-09-27,21,1008.6,1011.5,1006.9
2,2024-09-28,28,1013.9,1016.8,1011.2
2,2024-09-29,30,1016.6,1017.7,1015.4
2,2024-09-30,24,1011.5,1016.0,1007.5
2,2024-10-01,271,1005.1,1008.5,1002.4
2,2024-10-02,188,1011.1,1017.1,1008.2
2,2024-10-03,179,1016.6,1017.7,1015.7
2,2024-10-04,211,1016.4,1018.1,1015.1
2,2024-10-05,20,1018.2,1018.7,1017.2
2,2024-10-06,33,1015.1,1018.6,1012.5
2,2024-10-07,222,1007.3,1012.4,1005.3
2,2024-10-08,11,1008.6,1010.3,1007.5
2,2024-10-09,11,1008.3,1009.5,1007.1
2,2024-10-10,18,1009.9,1012.7,1007.6
2,2024-10-11,31,1015.1,1019.0,1011.6
2,2024-10-12,28,1019.7,1021.6,1017.9
2,2024-10-13,26,1021.5,1023.0,1019.9
2,2024-10-14,30,1022.1,1023.1,1020.9
2,2024-10-15,221,1018.8,1021.8,1016.6
2,2024-10-16,280,1018.1,1019.8,1016.6
2,2024-10-17,27,1020.3,1021.3,1018.7
2,2024-10-18,16,1016.4,1021.2,1010.9
2,2024-10-19,289,1011.0,1021.7,1006.4
2,2024-10-20,31,1027.3,1029.7,1022.7
2,2024-10-21,21,1026.8,1029.5,1024.2
2,2024-10-22,15,1018.6,1023.9,1014.6
2,2024-10-23,209,1011.6,1014.0,1010.1
2,2024-10-24,14,1015.9,1020.4,1012.4
2,2024-10-25,23,1021.2,1022.6,1019.8
2,2024-10-26,24,1016.9,1020.3,1014.5
2,2024-10-27,255,1007.8,1013.9,1002.9
2,2024-10-28,37,1010.0,1017.4,1003.8
2,2024-10-29,18,1015.4,1018.6,1010.6
2,2024-10-30,23,1014.6,1021.9,1009.1
2,2024-10-31,28,1022.8,1023.7,1021.4
2,2024-11-01,21,1017.7,1022.7,1011.8
2,2024-11-02,16,1007.8,1014.2,1003.1
2,2024-11-03,48,1018.3,1020.5,1015.1
2,2024-11-04,230,1014.4,1019.7,1011.3
2,2024-11-05,22,1012.4,1014.0,1010.6
2,2024-11-06,23,1013.9,1019.0,1010.7
2,2024-11-07,26,1022.7,1026.8,1019.3
2,2024-11-08,28,1025.4,1027.2,1024.5
2,2024-11-09,22,1024.8,1026.5,1023.9
2,2024-11-10,20,1018.3,1024.1,1012.5
2,2024-11-11,24,1012.9,1014.7,1010.2
2,2024-11-12,6,1012.3,1015.9,1010.8
2,2024-11-13,34,1019.1,1021.4,1016.4
2,2024-11-14,20,1018.9,1021.5,1016.3
2,2024-11-15,20,1016.2,1019.7,1013.5
2,2024-11-16,12,1016.1,1019.5,1012.0
2,2024-11-17,23,1008.7,1012.5,1006.7
2,2024-11-18,25,1017.0,1022.7,1012.6
2,2024-11-19,30,1022.8,1024.3,1021.3
2,2024-11-20,13,1015.8,1021.8,1011.1
2,2024-11-21,26,1010.9,1012.5,1009.7
2,2024-11-22,4,1009.1,1013.1,1007.0
2,2024-11-23,24,1016.8,1021.0,1013.5
2,2024-11-24,29,1022.5,1026.2,1019.6
2,2024-11-25,37,1026.2,1027.8,1024.8
2,2024-11-26,158,1012.4,1024.4,1002.9
2,2024-11-27,237,1003.4,1004.7,1001.5
2,2024-11-28,249,1003.0,1005.2,1000.3
2,2024-11-29,259,999.3,1001.5,996.3
2,2024-11-30,288,1005.0,1011.1,1001.1
2,2024-12-01,25,1012.7,1015.5,1010.6
2,2024-12-02,279,1014.5,1016.1,1013.1
2,2024-12-03,244,1010.3,1014.1,1007.7
2,2024-12-04,23,1006.8,1008.7,1005.6
2,2024-12-05,283,1005.1,1007.2,1003.5
2,2024-12-06,268,1007.6,1011.1,1004.5
2,2024-12-07,322,1008.8,1011.7,1006.7
2,2024-12-08,1,1009.5,1014.3,1004.7
2,2024-12-09,19,1013.9,1015.3,1013.1
2,2024-12-10,33,1012.6,1014.9,1010.7
2,2024-12-11,19,1010.1,1013.4,1007.2
2,2024-12-12,22,1014.5,1016.6,1012.3
2,2024-12-13,267,1007.1,1015.0,1000.8
2,2024-12-14,13,1009.6,1011.8,1007.0
2,2024-12-15,268,1008.1,1011.2,1006.8
2,2024-12-16,303,1011.0,1012.5,1009.6
2,2024-12-17,256,1011.5,1013.5,1009.9
2,2024-12-18,20,1012.1,1013.3,1009.8
2,2024-12-19,16,1016.0,1019.6,1012.1
2,2024-12-20,231,1016.1,1021.1,1010.4
2,2024-12-21,250,1002.7,1010.5,997.5
2,2024-12-22,15,1007.7,1012.7,1003.6
2,2024-12-23,301,1011.8,1014.7,1010.1
2,2024-12-24,23,1017.6,1023.4,1012.7
2,2024-12-25,241,1018.7,1024.5,1011.2
2,2024-12-26,266,1006.5,1010.8,1004.9
2,2024-12-27,298,1007.5,1009.1,1004.8
2,2024-12-28,322,1009.9,1013.1,1006.0
2,2024-12-29,348,1015.8,1019.6,1010.6
2,2024-12-30,259,1013.4,1020.2,1004.6
2,2024-12-31,313,1004.3,1012.7,997.5
2,2025-01-01,38,1013.1,1014.3,1011.9
2,2025-01-02,17,1011.8,1014.0,1010.6
2,2025-01-03,21,1011.4,1015.3,1008.9
2,2025-01-04,26,1018.5,1020.6,1016.0
2,2025-01-05,259,1019.2,1022.2,1016.6
2,2025-01-06,75,1003.8,1017.3,996.2
2,2025-01-07,259,1001.4,1007.3,997.3
2,2025-01-08,264,1007.7,1009.1,1005.7
2,2025-01-09,259,1005.6,1009.8,1002.3
2,2025-01-10,331,1014.4,1017.4,1010.6
2,2025-01-11,45,1018.7,1020.4,1017.4
2,2025-01-12,8,1013.1,1018.8,1010.2
2,2025-01-13,16,1016.0,1018.5,1012.5
2,2025-01-14,257,1013.4,1017.8,1010.1
2,2025-01-15,320,1011.0,1016.3,1005.2
2,2025-01-16,355,1013.2,1017.0,1010.3
2,2025-01-17,22,1017.3,1020.9,1013.8
2,2025-01-18,49,1020.9,1022.3,1019.7
2,2025-01-19,20,1014.0,1019.6,1010.6
2,2025-01-20,11,1009.2,1012.0,1006.7
2,2025-01-21,23,1013.7,1017.3,1011.4
2,2025-01-22,39,1018.6,1020.1,1016.3
2,2025-01-23,303,1018.3,1021.0,1016.9
2,2025-01-24,23,1017.9,1020.1,1017.1
2,2025-01-25,17,1016.4,1018.2,1015.2
2,2025-01-26,10,1013.7,1015.9,1012.4
2,2025-01-27,255,1009.3,1014.5,1005.1
2,2025-01-28,253,1005.7,1007.4,1002.1
2,2025-01-29,264,1008.7,1010.5,1005.8
2,2025-01-30,315,1012.8,1017.5,1008.7
2,2025-01-31,26,1018.1,1020.9,1015.8
2,2025-02-01,44,1016.6,1021.3,1013.3
2,2025-02-02,15,1010.7,1014.7,1007.8
2,2025-02-03,262,1000.7,1007.1,996.2
2,2025-02-04,300,997.5,1000.9,994.8
2,2025-02-05,267,1001.8,1006.7,997.8
2,2025-02-06,272,1006.5,1008.4,1005.4
2,2025-02-07,272,1001.7,1007.1,997.3
2,2025-02-08,318,1008.1,1012.6,1004.2
2,2025-02-09,23,1013.0,1015.1,1010.7
2,2025-02-10,23,1013.5,1017.2,1012.0
2,2025-02-11,32,1019.8,1022.0,1017.3
2,2025-02-12,233,1005.8,1020.5,992.6
2,2025-02-13,23,1007.6,1012.5,998.5
2,2025-02-14,24,1013.3,1017.1,1010.4
2,2025-02-15,222,1013.9,1018.0,1010.3
2,2025-02-16,358,1005.2,1009.9,1001.9
2,2025-02-17,347,1003.9,1009.5,998.6
2,2025-02-18,9,1008.0,1010.2,1006.6
2,2025-02-19,340,1012.8,1016.8,1009.0
2,2025-02-20,19,1016.6,1018.7,1014.9
2,2025-02-21,21,1017.5,1019.1,1016.6
2,2025-02-22,8,1017.3,1020.4,1013.6
2,2025-02-23,33,1015.9,1020.5,1013.3
2,2025-02-24,12,1017.6,1022.9,1013.4
2,2025-02-25,226,1018.6,1023.8,1012.9
2,2025-02-26,293,1013.2,1017.5,1009.7
2,2025-02-27,179,1018.1,1019.6,1016.9
2,2025-02-28,305,1016.8,1019.5,1014.2
2,2025-03-01,244,1015.3,1019.8,1012.5
2,2025-03-02,35,1010.0,1013.7,1007.8
2,2025-03-03,32,1018.0,1024.9,1011.1
2,2025-03-04,18,1020.1,1025.0,1013.5
2,2025-03-05,11,1008.1,1013.4,1005.9
2,2025-03-06,11,1010.7,1016.2,1007.6
2,2025-03-07,22,1021.0,1026.4,1016.7
2,2025-03-08,17,1023.0,1026.3,1021.0
2,2025-03-09,21,1024.5,1028.1,1021.6
2,2025-03-10,161,1026.1,1028.8,1023.8
2,2025-03-11,198,1019.6,1023.9,1017.4
2,2025-03-12,201,1011.9,1017.3,1007.9
2,2025-03-13,26,1013.2,1019.7,1009.3
2,2025-03-14,39,1020.2,1023.1,1018.4
2,2025-03-15,27,1018.9,1024.0,1008.2
2,2025-03-16,331,996.1,1006.7,990.4
2,2025-03-17,354,1004.3,1012.1,994.2
2,2025-03-18,67,1007.2,1012.6,1000.4
2,2025-03-19,1,1011.5,1017.6,1001.5
2,2025-03-20,350,1013.5,1017.6,1011.7
2,2025-03-21,234,1007.8,1012.5,1005.7
2,2025-03-22,239,1002.8,1005.5,1000.9
2,2025-03-23,22,1007.0,1010.9,1002.6
2,2025-03-24,245,1004.8,1011.2,1001.7
2,2025-03-25,225,1000.6,1003.0,998.2
2,2025-03-26,326,1005.1,1009.8,998.9
2,2025-03-27,204,1003.2,1009.4,995.9
2,2025-03-28,343,1000.3,1011.0,993.7
2,2025-03-29,31,1015.4,1017.6,1010.8
2,2025-03-30,22,1018.1,1024.3,1014.0
2,2025-03-31,29,1023.7,1025.2,1022.0
2,2025-04-01,358,1017.9,1024.0,1011.0
2,2025-04-02,17,1011.1,1012.8,1009.8
2,2025-04-03,28,1010.6,1012.1,1009.1
2,2025-04-04,10,1014.5,1018.5,1011.5
2,2025-04-05,202,1016.5,1018.7,1014.5
2,2025-04-06,218,1011.2,1015.6,1009.1
2,2025-04-07,227,1011.9,1014.1,1009.9
2,2025-04-08,233,1006.7,1012.1,1003.7
2,2025-04-09,108,1010.0,1012.5,1007.3
2,2025-04-10,216,1007.3,1010.9,1005.0
2,2025-04-11,16,1006.2,1011.0,1003.6
2,2025-04-12,53,1011.8,1014.0,1009.8
2,2025-04-13,144,1002.8,1009.8,996.5
2,2025-04-14,223,996.7,998.8,993.0
2,2025-04-15,247,994.8,1003.3,989.1
2,2025-04-16,240,1007.0,1012.2,1002.6
2,2025-04-17,225,1011.5,1012.8,1009.6
2,2025-04-18,218,1010.9,1013.4,1009.7
2,2025-04-19,204,1011.2,1012.7,1010.3
2,2025-04-20,224,1009.4,1012.7,1007.7
2,2025-04-21,139,1014.8,1016.6,1012.4
2,2025-04-22,191,1010.8,1016.1,1004.7
2,2025-04-23,181,999.2,1003.8,997.2
2,2025-04-24,167,1002.7,1004.2,1001.2
2,2025-04-25,42,1006.0,1012.0,1001.8
2,2025-04-26,77,1012.9,1015.1,1010.1
2,2025-04-27,226,1010.8,1015.7,1008.4
2,2025-04-28,210,1002.0,1008.5,996.6
2,2025-04-29,52,1004.7,1013.4,998.7
2,2025-04-30,129,1016.8,1020.4,1013.9
2,2025-05-01,146,1017.0,1020.6,1011.3
2,2025-05-02,112,1001.8,1010.6,996.5
2,2025-05-03,210,1003.5,1005.0,1002.0
2,2025-05-04,219,1004.7,1010.9,998.9
2,2025-05-05,172,1010.6,1012.1,1008.3
2,2025-05-06,11,1000.1,1008.2,996.5
2,2025-05-07,41,1009.6,1018.0,1001.0
2,2025-05-08,94,1020.9,1022.9,1018.3
2,2025-05-09,161,1014.9,1022.3,1003.7
2,2025-05-10,222,997.1,1002.0,995.1
2,2025-05-11,227,1002.5,1005.0,999.4
2,2025-05-12,357,1008.3,1014.5,1004.6
2,2025-05-13,143,1016.7,1019.3,1014.6
2,2025-05-14,182,1018.6,1019.6,1017.5
2,2025-05-15,203,1018.4,1019.9,1017.4
2,2025-05-16,192,1016.5,1019.3,1012.6
2,2025-05-17,208,1006.0,1011.1,1004.1
2,2025-05-18,225,1004.0,1006.9,1002.7
2,2025-05-19,215,1008.8,1010.5,1007.2
2,2025-05-20,228,1008.4,1009.9,1006.7
2,2025-05-21,209,1004.9,1010.2,999.1
2,2025-05-22,53,1001.8,1008.4,998.4
2,2025-05-23,32,1012.0,1013.9,1009.1
2,2025-05-24,25,1007.4,1012.5,998.9
2,2025-05-25,228,1004.6,1013.1,999.4
2,2025-05-26,39,1017.1,1019.9,1013.5
2,2025-05-27,31,1018.3,1020.4,1016.4
2,2025-05-28,34,1015.8,1016.9,1014.3
2,2025-05-29,30,1013.0,1016.0,1008.7
2,2025-05-30,18,1003.7,1008.4,998.7
2,2025-05-31,7,996.5,1000.3,992.8
2,2025-06-01,114,1003.2,1005.9,1000.4
2,2025-06-02,195,1003.6,1005.9,1001.7
2,2025-06-03,77,995.4,1001.9,991.4
2,2025-06-04,285,999.5,1006.2,995.8
2,2025-06-05,195,1008.6,1011.8,1006.1
2,2025-06-06,211,1010.4,1012.1,1009.1
2,2025-06-07,202,1007.2,1009.5,1005.8
2,2025-06-08,200,1008.9,1010.8,1007.2
2,2025-06-09,140,1010.2,1011.6,1008.9
2,2025-06-10,221,1006.4,1008.9,1004.5
2,2025-06-11,238,1007.2,1010.9,1005.0
2,2025-06-12,65,1013.4,1016.2,1011.2
2,2025-06-13,153,1015.3,1016.7,1013.7
2,2025-06-14,190,1006.2,1013.5,999.5
2,2025-06-15,228,998.2,1002.3,995.4
2,2025-06-16,228,1001.7,1003.9,1000.2
2,2025-06-17,247,1005.8,1009.5,1003.3
2,2025-06-18,55,1010.5,1012.4,1008.8
2,2025-06-19,171,1012.7,1013.7,1011.7
2,2025-06-20,169,1012.5,1013.3,1011.7
2,2025-06-21,202,1008.7,1011.7,1007.0
2,2025-06-22,213,1006.5,1007.8,1005.3
2,2025-06-23,205,1009.1,1012.5,1007.2
2,2025-06-24,117,1012.0,1012.8,1011.1
2,2025-06-25,52,1009.3,1012.6,1006.2
2,2025-06-26,221,1004.3,1007.3,1003.0
2,2025-06-27,28,1002.8,1004.2,1001.2
2,2025-06-28,168,1005.5,1007.6,1003.7
2,2025-06-29,197,1008.1,1010.0,1007.0
2,2025-06-30,203,1010.4,1011.8,1009.3
2,2025-07-01,202,1011.4,1012.5,1010.5
2,2025-07-02,199,1011.2,1012.6,1010.2
2,2025-07-03,175,1009.4,1011.2,1008.1
2,2025-07-04,200,1005.0,1008.1,1002.9
2,2025-07-05,84,1001.5,1003.3,1000.8
2,2025-07-06,177,1001.4,1002.8,999.9
2,2025-07-07,170,1004.0,1006.5,1002.5
2,2025-07-08,195,1007.7,1009.6,1006.1
2,2025-07-09,183,1009.0,1009.7,1008.1
2,2025-07-10,49,1009.6,1011.3,1008.2
2,2025-07-11,29,1010.9,1012.3,1010.2
2,2025-07-12,50,1007.7,1010.2,1006.4
2,2025-07-13,74,1002.3,1006.0,996.7
2,2025-07-14,196,998.1,1002.2,994.5
2,2025-07-15,187,1005.7,1011.2,1002.5
2,2025-07-16,192,1014.3,1016.8,1011.7
2,2025-07-17,201,1016.1,1017.2,1015.3
2,2025-07-18,199,1015.2,1016.8,1014.3
2,2025-07-19,198,1014.8,1015.8,1013.6
2,2025-07-20,207,1014.7,1015.5,1013.6
2,2025-07-21,206,1014.0,1015.2,1013.3
2,2025-07-22,206,1012.6,1014.0,1011.6
2,2025-07-23,209,1010.9,1012.4,1010.3
2,2025-07-24,211,1010.1,1011.2,1009.0
2,2025-07-25,213,1010.0,1010.9,1009.2
2,2025-07-26,211,1008.8,1010.2,1007.6
2,2025-07-27,211,1005.5,1007.9,1003.9
2,2025-07-28,188,1002.1,1003.9,1001.1
2,2025-07-29,72,1000.9,1001.7,999.5
2,2025-07-30,38,1001.9,1003.2,1000.2
2,2025-07-31,26,1001.3,1003.1,999.9
2,2025-08-01,356,995.7,999.5,993.0
2,2025-08-02,183,998.4,999.7,996.9
2,2025-08-03,228,1001.8,1005.0,998.8
2,2025-08-04,220,1004.1,1005.0,1003.1
2,2025-08-05,230,1002.1,1004.0,1001.2
2,2025-08-06,226,998.7,1002.4,996.1
2,2025-08-07,230,995.9,998.7,993.6
2,2025-08-08,279,1001.2,1004.5,998.5
2,2025-08-09,213,1004.5,1005.7,1003.8
2,2025-08-10,216,1004.5,1005.7,1003.5
2,2025-08-11,221,1006.7,1008.4,1005.3
2,2025-08-12,230,1010.3,1013.6,1008.4
2,2025-08-13,64,1014.3,1015.6,1013.3
2,2025-08-14,200,1013.7,1015.7,1012.2
2,2025-08-15,195,1011.5,1012.5,1010.6
2,2025-08-16,207,1012.0,1012.7,1011.4
2,2025-08-17,219,1011.1,1012.5,1010.2
2,2025-08-18,222,1011.7,1012.8,1010.9
2,2025-08-19,219,1009.3,1011.8,1008.1
2,2025-08-20,219,1008.0,1009.8,1007.1
2,2025-08-21,158,1007.9,1009.0,1006.9
2,2025-08-22,222,1008.4,1009.1,1007.7
2,2025-08-23,221,1008.6,1010.4,1007.4
2,2025-08-24,223,1009.9,1011.6,1008.5
2,2025-08-25,205,1011.0,1012.0,1010.2
2,2025-08-26,213,1008.7,1011.3,1007.2
2,2025-08-27,223,1007.5,1010.6,1004.8
2,2025-08-28,67,1012.0,1013.7,1010.3
2,2025-08-29,208,1012.0,1013.8,1011.3
2,2025-08-30,190,1010.6,1011.9,1009.7
2,2025-08-31,180,1010.5,1011.6,1009.7
2,2025-09-01,210,1009.0,1010.8,1008.1
2,2025-09-02,214,1007.7,1009.1,1006.3
2,2025-09-03,229,1010.0,1012.0,1008.0
2,2025-09-04,209,1010.1,1012.4,1007.1
2,2025-09-05,200,1002.8,1007.5,994.0
2,2025-09-06,196,1008.1,1010.0,1007.2
2,2025-09-07,207,1006.0,1008.0,1005.1
2,2025-09-08,37,1007.3,1009.3,1005.5
2,2025-09-09,203,1009.0,1011.2,1007.5
2,2025-09-10,213,1010.7,1011.6,1010.0
2,2025-09-11,24,1013.2,1015.6,1011.3
2,2025-09-12,55,1014.8,1016.2,1012.9
2,2025-09-13,215,1009.4,1013.1,1006.5
2,2025-09-14,238,1008.9,1012.7,1006.3
2,2025-09-15,24,1013.0,1014.0,1011.9
2,2025-09-16,206,1011.3,1013.7,1008.6
2,2025-09-17,219,1006.6,1008.9,1005.0
2,2025-09-18,43,1008.4,1014.6,1003.4
2,2025-09-19,35,1014.8,1016.1,1013.5
2,2025-09-20,213,1007.2,1013.8,1003.3
2,2025-09-21,34,1010.6,1017.1,1004.4
2,2025-09-22,36,1019.1,1020.5,1017.1
2,2025-09-23,25,1019.7,1020.6,1018.3
2,2025-09-24,39,1019.4,1020.9,1018.2
2,2025-09-25,207,1014.6,1018.2,1012.2
2,2025-09-26,45,1012.1,1013.8,1010.8
2,2025-09-27,50,1013.8,1014.6,1012.6
2,2025-09-28,212,1008.3,1014.5,1001.0
2,2025-09-29,300,1002.8,1009.4,998.1
2,2025-09-30,35,1009.9,1011.1,1008.9
2,2025-10-01,14,1010.1,1013.1,1008.1
2,2025-10-02,47,1016.1,1020.3,1013.1
2,2025-10-03,25,1019.5,1020.7,1018.5
2,2025-10-04,19,1015.2,1018.7,1012.7
2,2025-10-05,207,1008.7,1012.8,1006.2
2,2025-10-06,34,1012.6,1017.6,1008.0
2,2025-10-07,26,1015.1,1017.8,1012.6
2,2025-10-08,30,1009.5,1012.7,1007.6
2,2025-10-09,26,1013.6,1018.1,1008.1
2,2025-10-10,47,1017.0,1018.2,1016.1
2,2025-10-11,20,1013.1,1017.8,1009.9
2,2025-10-12,1,1007.5,1010.7,1005.4
2,2025-10-13,30,1010.1,1016.5,1004.5
2,2025-10-14,24,1016.8,1018.6,1015.3
2,2025-10-15,23,1019.4,1020.9,1018.1
2,2025-10-16,13,1013.3,1018.2,1010.5
2,2025-10-17,35,1020.2,1021.9,1018.9
2,2025-10-18,228,1014.5,1018.8,1012.2
2,2025-10-19,31,1017.2,1019.3,1015.2
2,2025-10-20,31,1017.8,1022.6,1013.9
2,2025-10-21,28,1023.5,1024.7,1022.0
2,2025-10-22,20,1024.2,1025.3,1023.3
2,2025-10-23,23,1022.8,1024.6,1021.5
2,2025-10-24,19,1022.6,1023.7,1021.4
2,2025-10-25,18,1017.5,1023.3,1012.6
2,2025-10-26,21,1005.4,1012.1,1002.0
2,2025-10-27,30,1008.0,1013.9,1005.1
2,2025-10-28,24,1018.7,1025.1,1014.5
2,2025-10-29,27,1025.3,1026.5,1023.7
2,2025-10-30,19,1023.2,1026.1,1020.7
2,2025-10-31,353,1006.1,1020.7,995.6
2,2025-11-01,253,1003.8,1010.0,999.2
2,2025-11-02,243,1008.9,1010.9,1007.1
2,2025-11-03,6,1019.1,1026.0,1011.5
2,2025-11-04,28,1024.8,1027.5,1023.6
2,2025-11-05,15,1019.9,1024.7,1015.8
2,2025-11-06,14,1014.2,1017.0,1011.9
2,2025-11-07,32,1019.0,1024.4,1015.7
2,2025-11-08,32,1022.0,1025.0,1018.0
2,2025-11-09,22,1006.6,1017.2,1000.6
2,2025-11-10,23,1007.1,1013.6,1000.4
2,2025-11-11,22,1016.2,1021.6,1012.5
2,2025-11-12,135,1018.7,1022.0,1014.5
2,2025-11-13,21,1010.8,1014.9,1009.0
2,2025-11-14,32,1014.3,1020.0,1010.7
2,2025-11-15,36,1023.4,1026.8,1020.1
2,2025-11-16,14,1022.6,1026.9,1017.7
2,2025-11-17,245,1009.1,1016.7,1007.3
2,2025-11-18,28,1011.0,1018.1,1006.8
2,2025-11-19,29,1019.6,1020.4,1018.4
2,2025-11-20,334,1016.8,1020.6,1014.7
2,2025-11-21,312,1013.9,1019.8,1010.5
2,2025-11-22,29,1021.4,1022.3,1020.1
2,2025-11-23,21,1018.6,1022.0,1016.7
2,2025-11-24,28,1013.3,1017.2,1011.1
2,2025-11-25,318,1007.9,1011.2,1006.2
2,2025-11-26,25,1016.5,1020.4,1010.6
2,2025-11-27,233,1011.4,1020.2,1003.4
2,2025-11-28,10,1008.7,1014.9,1003.5
2,2025-11-29,30,1015.6,1017.2,1014.3
2,2025-11-30,275,1015.6,1017.5,1014.0
2,2025-12-01,244,1012.0,1014.1,1010.8
2,2025-12-02,15,1009.0,1013.5,1005.4
2,2025-12-03,269,1003.0,1011.1,998.9
2,2025-12-04,270,1012.5,1013.4,1011.4
2,2025-12-05,349,1016.3,1021.3,1011.1
2,2025-12-06,267,1018.4,1022.2,1015.8
2,2025-12-07,1,1015.4,1017.0,1014.6
2,2025-12-08,330,1013.6,1017.4,1010.3
2,2025-12-09,34,1018.4,1019.3,1016.7
2,2025-12-10,31,1019.2,1020.5,1017.7
2,2025-12-11,268,1011.6,1018.2,1006.4
2,2025-12-12,19,1021.7,1025.2,1017.3
2,2025-12-13,23,1017.8,1026.2,1004.8
2,2025-12-14,300,1001.1,1009.5,997.2
2,2025-12-15,21,1015.0,1019.0,1011.0
2,2025-12-16,348,1016.3,1019.1,1015.4
2,2025-12-17,327,1014.0,1018.4,1011.5
2,2025-12-18,28,1023.0,1027.1,1019.2
2,2025-12-19,17,1025.8,1028.0,1024.4
2,2025-12-20,217,1019.7,1025.1,1015.5
2,2025-12-21,335,1012.6,1018.3,1010.1
2,2025-12-22,28,1024.4,1028.8,1019.5
2,2025-12-23,23,1023.4,1028.9,1017.9
2,2025-12-24,8,1008.8,1017.3,1002.2
2,2025-12-25,304,995.6,1002.3,992.4
2,2025-12-26,10,1008.1,1016.7,997.8
2,2025-12-27,26,1016.3,1018.1,1015.4
2,2025-12-28,25,1019.2,1020.4,1017.5
2,2025-12-29,240,1014.2,1019.3,1011.9
2,2025-12-30,295,1010.3,1013.1,1009.2
2,2025-12-31,24,1008.2,1010.8,1007.2
2,2026-01-01,27,1007.5,1009.5,1006.7
2,2026-01-02,340,1005.9,1010.3,1002.7
2,2026-01-03,350,1011.9,1014.9,1009.7
2,2026-01-04,256,1011.0,1015.6,1008.1
2,2026-01-05,297,1006.2,1012.1,1001.9
2,2026-01-06,32,1014.1,1015.5,1011.6
2,2026-01-07,302,1009.7,1015.8,1004.8
2,2026-01-08,3,1009.3,1016.0,1003.1
2,2026-01-09,241,1016.5,1017.3,1015.6
2,2026-01-10,225,1007.3,1015.7,999.9
2,2026-01-11,262,1004.2,1012.8,996.4
2,2026-01-12,239,1010.4,1013.7,1007.0
2,2026-01-13,247,1003.8,1008.6,1000.5
2,2026-01-14,33,1013.5,1016.8,1009.0
2,2026-01-15,238,1010.9,1017.1,1007.8
2,2026-01-16,23,1011.3,1013.4,1009.1
2,2026-01-17,27,1012.0,1016.7,1008.3
2,2026-01-18,32,1017.1,1018.4,1015.4
2,2026-01-19,239,1007.1,1016.2,1001.1
2,2026-01-20,23,1007.7,1010.1,1004.8
2,2026-01-21,343,1006.3,1010.1,1003.5
2,2026-01-22,359,1010.8,1014.2,1008.1
2,2026-01-23,257,1012.9,1015.3,1010.6
2,2026-01-24,272,1008.5,1011.4,1007.1
2,2026-01-25,4,1013.4,1018.1,1009.6
2,2026-01-26,35,1015.5,1019.0,1012.7
2,2026-01-27,16,1010.4,1013.2,1008.0
2,2026-01-28,26,1013.5,1015.3,1011.6
2,2026-01-29,359,1013.2,1015.8,1011.5
2,2026-01-30,7,1014.1,1015.9,1012.8
2,2026-01-31,18,1014.1,1015.9,1013.1
3,2021-01-01,302,1012.8,1014.7,1009.1
3,2021-01-02,357,1015.5,1020.1,1010.2
3,2021-01-03,353,1020.6,1022.4,1018.2
3,2021-01-04,336,1020.6,1023.1,1019.2
3,2021-01-05,354,1013.7,1019.3,1010.0
3,2021-01-06,11,1009.7,1013.4,1004.1
3,2021-01-07,237,1001.9,1007.4,996.2
3,2021-01-08,278,1006.4,1008.6,1003.7
3,2021-01-09,296,1008.6,1014.0,1004.9
3,2021-01-10,336,1015.9,1019.8,1013.5
3,2021-01-11,352,1020.1,1022.6,1015.6
3,2021-01-12,353,1010.9,1015.7,1009.2
3,2021-01-13,243,1013.2,1014.5,1011.1
3,2021-01-14,354,1018.2,1023.1,1012.8
3,2021-01-15,345,1017.1,1023.2,1011.0
3,2021-01-16,333,1009.6,1014.2,1004.7
3,2021-01-17,6,1012.8,1014.6,1010.7
3,2021-01-18,304,1009.3,1014.5,1006.4
3,2021-01-19,10,1020.4,1027.7,1013.2
3,2021-01-20,5,1026.6,1028.3,1025.6
3,2021-01-21,10,1019.7,1026.5,1015.7
3,2021-01-22,359,1016.2,1019.6,1013.9
3,2021-01-23,349,1018.8,1020.2,1017.7
3,2021-01-24,345,1019.6,1023.7,1016.4
3,2021-01-25,355,1024.1,1025.2,1022.2
3,2021-01-26,357,1016.8,1024.8,1009.1
3,2021-01-27,7,1011.6,1014.8,1006.0
3,2021-01-28,345,1004.8,1014.1,996.1
3,2021-01-29,314,1006.2,1014.9,999.2
3,2021-01-30,337,1017.7,1021.5,1014.9
3,2021-01-31,13,1025.5,1028.1,1021.8
3,2021-02-01,196,1013.3,1026.5,1001.9
3,2021-02-02,1,1007.1,1012.2,1001.2
3,2021-02-03,355,1013.4,1015.5,1012.0
3,2021-02-04,245,1012.6,1018.8,1006.6
3,2021-02-05,247,1015.0,1019.1,1013.0
3,2021-02-06,354,1009.3,1012.8,1008.3
3,2021-02-07,300,1008.1,1009.8,1005.4
3,2021-02-08,20,1010.2,1015.7,1007.3
3,2021-02-09,286,1016.2,1017.8,1014.6
3,2021-02-10,267,1014.4,1018.3,1012.6
3,2021-02-11,336,1020.1,1025.5,1016.0
3,2021-02-12,13,1026.3,1027.6,1024.4
3,2021-02-13,201,1023.1,1027.1,1021.0
3,2021-02-14,193,1013.9,1021.3,1002.7
3,2021-02-15,280,989.5,1001.0,978.4
3,2021-02-16,227,998.7,1001.1,996.8
3,2021-02-17,238,997.8,1003.0,991.5
3,2021-02-18,272,1005.8,1012.2,1000.9
3,2021-02-19,197,1009.9,1012.5,1007.5
3,2021-02-20,223,1006.0,1009.2,1002.8
3,2021-02-21,212,1009.0,1010.2,1007.2
3,2021-02-22,229,1004.7,1010.0,1001.5
3,2021-02-23,15,1012.0,1018.9,1006.8
3,2021-02-24,8,1019.6,1023.5,1016.5
3,2021-02-25,7,1020.6,1023.9,1018.5
3,2021-02-26,8,1018.3,1022.5,1016.3
3,2021-02-27,8,1029.4,1033.9,1023.3
3,2021-02-28,213,1029.1,1033.9,1025.4
3,2021-03-01,192,1017.2,1025.8,1008.7
3,2021-03-02,2,1007.7,1022.1,998.5
3,2021-03-03,12,1027.8,1032.0,1022.8
3,2021-03-04,335,1027.4,1032.2,1024.3
3,2021-03-05,351,1018.4,1023.9,1015.3
3,2021-03-06,13,1018.4,1027.0,1012.1
3,2021-03-07,37,1023.9,1027.4,1021.7
3,2021-03-08,2,1023.1,1025.2,1020.5
3,2021-03-09,343,1019.1,1025.0,1015.8
3,2021-03-10,8,1021.3,1028.1,1014.6
3,2021-03-11,192,1024.8,1027.6,1022.9
3,2021-03-12,319,1018.8,1023.7,1011.9
3,2021-03-13,316,1001.8,1011.0,997.5
3,2021-03-14,344,1007.8,1011.8,1004.1
3,2021-03-15,193,1012.2,1014.2,1009.1
3,2021-03-16,226,1005.9,1009.9,1003.0
3,2021-03-17,10,1013.0,1018.7,1008.1
3,2021-03-18,342,1016.4,1018.5,1014.9
3,2021-03-19,27,1018.6,1020.9,1016.2
3,2021-03-20,195,1014.6,1020.3,1008.7
3,2021-03-21,190,1000.2,1007.6,995.8
3,2021-03-22,4,1011.1,1018.9,1004.5
3,2021-03-23,207,1020.2,1023.2,1018.1
3,2021-03-24,202,1020.3,1023.4,1018.9
3,2021-03-25,215,1013.7,1018.9,1011.3
3,2021-03-26,5,1015.9,1021.9,1010.5
3,2021-03-27,195,1019.0,1022.5,1015.6
3,2021-03-28,192,1006.8,1014.7,998.9
3,2021-03-29,269,1002.7,1007.6,999.0
3,2021-03-30,12,1006.6,1009.1,1004.7
3,2021-03-31,269,1012.4,1019.3,1008.2
3,2021-04-01,15,1021.5,1026.4,1017.4
3,2021-04-02,25,1024.6,1026.8,1023.0
3,2021-04-03,194,1016.5,1022.5,1011.9
3,2021-04-04,195,1006.2,1011.3,1003.5
3,2021-04-05,8,1013.8,1019.3,1005.6
3,2021-04-06,20,1015.3,1019.8,1012.8
3,2021-04-07,344,1011.6,1014.3,1009.4
3,2021-04-08,103,1011.9,1017.3,1009.0
3,2021-04-09,21,1021.3,1028.6,1016.0
3,2021-04-10,29,1029.9,1032.6,1027.1
3,2021-04-11,202,1031.2,1032.7,1029.5
3,2021-04-12,186,1026.4,1031.4,1020.9
3,2021-04-13,195,1010.6,1019.7,1003.4
3,2021-04-14,19,1007.6,1019.4,999.4
3,2021-04-15,54,1021.9,1025.2,1018.4
3,2021-04-16,195,1023.0,1025.5,1019.4
3,2021-04-17,179,1005.5,1019.1,995.9
3,2021-04-18,269,1000.7,1008.1,995.1
3,2021-04-19,208,1010.6,1014.0,1007.8
3,2021-04-20,237,1013.8,1018.7,1011.5
3,2021-04-21,60,1017.4,1018.3,1016.2
3,2021-04-22,12,1018.1,1022.0,1013.7
3,2021-04-23,41,1020.1,1021.6,1018.1
3,2021-04-24,195,1015.2,1020.4,1011.2
3,2021-04-25,11,1010.9,1015.7,1007.2
3,2021-04-26,10,1018.3,1023.1,1012.8
3,2021-04-27,197,1019.8,1022.8,1018.8
3,2021-04-28,204,1014.7,1018.2,1011.2
3,2021-04-29,188,1001.2,1009.9,993.8
3,2021-04-30,233,1002.3,1007.0,998.1
3,2021-05-01,192,999.6,1006.5,995.3
3,2021-05-02,289,1002.5,1011.7,994.5
3,2021-05-03,196,1012.6,1016.5,1010.1
3,2021-05-04,191,1014.4,1016.5,1013.1
3,2021-05-05,209,1012.8,1014.5,1011.5
3,2021-05-06,52,1014.4,1016.4,1013.2
3,2021-05-07,196,1006.9,1013.5,1002.9
3,2021-05-08,203,1002.1,1004.8,1000.2
3,2021-05-09,226,1001.9,1008.3,997.1
3,2021-05-10,206,1009.5,1013.5,1007.3
3,2021-05-11,27,1015.6,1020.2,1012.7
3,2021-05-12,358,1018.3,1020.1,1016.6
3,2021-05-13,351,1012.1,1016.4,1009.9
3,2021-05-14,175,1012.4,1016.8,1009.3
3,2021-05-15,189,1015.6,1016.9,1014.5
3,2021-05-16,191,1008.2,1014.0,1002.3
3,2021-05-17,200,1001.5,1005.3,998.9
3,2021-05-18,2,1008.2,1010.2,1006.1
3,2021-05-19,6,1010.1,1013.6,1006.9
3,2021-05-20,193,1009.6,1014.6,1003.7
3,2021-05-21,200,1001.3,1003.1,999.4
3,2021-05-22,313,1002.3,1005.2,999.9
3,2021-05-23,199,1005.7,1007.4,1004.1
3,2021-05-24,200,1002.1,1006.4,999.6
3,2021-05-25,169,1000.5,1005.8,997.8
3,2021-05-26,139,1008.0,1009.7,1006.5
3,2021-05-27,334,1000.7,1007.4,996.3
3,2021-05-28,189,1000.3,1003.6,997.3
3,2021-05-29,221,1001.0,1004.8,997.8
3,2021-05-30,12,1007.1,1011.4,1003.0
3,2021-05-31,212,1011.5,1014.5,1009.5
3,2021-06-01,192,1015.8,1017.4,1013.9
3,2021-06-02,196,1016.0,1017.2,1014.8
3,2021-06-03,182,1010.2,1015.2,1003.3
3,2021-06-04,188,997.6,1002.4,992.6
3,2021-06-05,180,1003.5,1007.0,1002.0
3,2021-06-06,217,1008.9,1012.0,1006.5
3,2021-06-07,188,1011.9,1012.8,1011.2
3,2021-06-08,344,1011.5,1014.1,1009.5
3,2021-06-09,111,1015.4,1017.7,1013.4
3,2021-06-10,193,1017.5,1018.3,1016.7
3,2021-06-11,195,1017.4,1018.4,1016.2
3,2021-06-12,195,1012.9,1016.5,1011.5
3,2021-06-13,179,1007.4,1011.2,1005.9
3,2021-06-14,187,1005.0,1006.3,1004.3
3,2021-06-15,139,1004.8,1005.7,1003.3
3,2021-06-16,340,1004.9,1006.0,1003.8
3,2021-06-17,18,1003.9,1005.1,1002.5
3,2021-06-18,188,1001.7,1003.9,1000.8
3,2021-06-19,227,998.1,1001.9,995.1
3,2021-06-20,11,998.9,1003.4,995.4
3,2021-06-21,181,1004.1,1006.6,1002.4
3,2021-06-22,216,1007.2,1008.6,1005.7
3,2021-06-23,31,1009.0,1010.8,1007.0
3,2021-06-24,185,1010.6,1012.0,1009.2
3,2021-06-25,196,1011.3,1012.3,1010.5
3,2021-06-26,202,1011.0,1012.1,1009.9
3,2021-06-27,5,1005.6,1009.5,1004.0
3,2021-06-28,14,1002.9,1004.7,1000.1
3,2021-06-29,11,1004.1,1010.5,999.1
3,2021-06-30,59,1011.8,1013.3,1011.0
3,2021-07-01,0,1010.4,1011.7,1009.2
3,2021-07-02,0,1008.1,1011.2,1006.7
3,2021-07-03,29,1009.7,1013.2,1006.4
3,2021-07-04,70,1011.3,1013.6,1007.8
3,2021-07-05,24,1007.2,1008.4,1006.2
3,2021-07-06,176,1006.4,1008.1,1003.8
3,2021-07-07,63,1005.1,1006.5,1003.3
3,2021-07-08,20,1005.7,1007.2,1004.5
3,2021-07-09,0,1005.4,1006.6,1004.3
3,2021-07-10,236,1007.6,1010.0,1004.8
3,2021-07-11,229,1009.0,1011.1,1006.7
3,2021-07-12,339,1009.4,1010.8,1007.6
3,2021-07-13,27,1011.8,1014.5,1009.5
3,2021-07-14,129,1015.2,1017.4,1013.5
3,2021-07-15,192,1017.7,1018.8,1016.4
3,2021-07-16,204,1017.2,1018.6,1016.3
3,2021-07-17,196,1014.9,1016.5,1014.2
3,2021-07-18,189,1013.1,1014.3,1012.4
3,2021-07-19,187,1013.5,1014.7,1012.6
3,2021-07-20,199,1013.2,1014.2,1012.2
3,2021-07-21,199,1012.0,1013.1,1011.3
3,2021-07-22,196,1010.2,1011.4,1009.4
3,2021-07-23,193,1009.3,1010.2,1008.5
3,2021-07-24,182,1009.2,1010.0,1008.3
3,2021-07-25,51,1006.7,1009.4,1004.6
3,2021-07-26,16,999.0,1004.5,994.4
3,2021-07-27,320,996.4,997.7,995.1
3,2021-07-28,193,999.2,1001.2,997.0
3,2021-07-29,194,1000.1,1000.8,999.1
3,2021-07-30,9,1000.7,1001.7,999.6
3,2021-07-31,100,1000.2,1001.5,999.2
3,2021-08-01,182,1002.7,1006.3,1000.5
3,2021-08-02,183,1008.4,1011.1,1005.9
3,2021-08-03,191,1010.8,1011.3,1010.1
3,2021-08-04,196,1008.1,1010.2,1006.9
3,2021-08-05,293,1005.3,1006.8,1004.0
3,2021-08-06,183,1004.9,1005.7,1003.8
3,2021-08-07,18,1001.7,1004.7,997.9
3,2021-08-08,288,999.1,1000.5,996.7
3,2021-08-09,200,993.8,998.3,991.8
3,2021-08-10,199,1001.9,1009.2,994.8
3,2021-08-11,207,1009.9,1011.0,1008.5
3,2021-08-12,281,1008.4,1011.1,1007.2
3,2021-08-13,205,1006.5,1010.5,1002.0
3,2021-08-14,350,1004.9,1008.1,1002.4
3,2021-08-15,350,1012.3,1015.4,1008.6
3,2021-08-16,347,1015.0,1016.0,1014.2
3,2021-08-17,186,1011.0,1014.9,1008.8
3,2021-08-18,195,1010.6,1013.1,1008.6
3,2021-08-19,192,1014.3,1016.1,1013.0
3,2021-08-20,187,1014.7,1016.6,1013.6
3,2021-08-21,185,1012.0,1014.4,1010.3
3,2021-08-22,201,1008.5,1010.7,1007.4
3,2021-08-23,35,1008.5,1010.0,1006.8
3,2021-08-24,192,1007.0,1009.5,1005.8
3,2021-08-25,266,1007.5,1010.2,1005.1
3,2021-08-26,340,1009.3,1010.1,1008.7
3,2021-08-27,28,1009.4,1010.1,1008.3
3,2021-08-28,356,1008.1,1010.6,1006.6
3,2021-08-29,82,1010.8,1011.8,1009.1
3,2021-08-30,40,1010.1,1012.4,1007.9
3,2021-08-31,20,1011.4,1012.6,1010.7
3,2021-09-01,9,1008.9,1011.3,1006.2
3,2021-09-02,351,1007.4,1008.4,1006.4
3,2021-09-03,345,1009.9,1011.5,1008.5
3,2021-09-04,352,1012.7,1014.7,1010.5
3,2021-09-05,3,1015.1,1016.3,1013.4
3,2021-09-06,1,1014.5,1015.7,1012.6
3,2021-09-07,16,1014.8,1016.3,1013.3
3,2021-09-08,239,1011.9,1013.5,1010.8
3,2021-09-09,356,1010.5,1011.7,1009.4
3,2021-09-10,204,1011.2,1012.1,1010.5
3,2021-09-11,336,1009.5,1011.5,1008.6
3,2021-09-12,274,1010.5,1012.9,1009.0
3,2021-09-13,24,1015.4,1017.2,1013.3
3,2021-09-14,352,1014.3,1017.4,1012.1
3,2021-09-15,2,1012.7,1015.2,1010.2
3,2021-09-16,8,1015.3,1016.6,1014.1
3,2021-09-17,187,1011.0,1015.7,1005.7
3,2021-09-18,100,1005.2,1009.8,1002.8
3,2021-09-19,6,1012.5,1015.1,1009.8
3,2021-09-20,4,1015.8,1017.1,1014.2
3,2021-09-21,51,1012.4,1015.7,1010.4
3,2021-09-22,189,1008.2,1010.5,1006.9
3,2021-09-23,315,1011.5,1016.1,1008.5
3,2021-09-24,3,1018.0,1022.1,1015.1
3,2021-09-25,4,1022.2,1023.5,1021.1
3,2021-09-26,343,1018.6,1022.0,1016.6
3,2021-09-27,360,1016.2,1017.3,1014.9
3,2021-09-28,356,1015.1,1016.5,1014.0
3,2021-09-29,25,1012.0,1015.3,1009.4
3,2021-09-30,358,1005.8,1009.7,1001.5
3,2021-10-01,349,997.1,1005.1,991.5
3,2021-10-02,307,1011.6,1020.3,1006.0
3,2021-10-03,192,1023.4,1025.3,1021.4
3,2021-10-04,198,1021.6,1024.4,1019.7
3,2021-10-05,214,1015.4,1020.6,1012.1
3,2021-10-06,29,1016.7,1018.8,1013.8
3,2021-10-07,191,1017.8,1019.3,1016.9
3,2021-10-08,214,1019.7,1022.8,1017.3
3,2021-10-09,11,1024.1,1025.6,1022.5
3,2021-10-10,212,1019.9,1024.9,1016.3
3,2021-10-11,258,1016.6,1021.2,1013.6
3,2021-10-12,4,1021.9,1022.8,1020.6
3,2021-10-13,356,1019.3,1022.7,1017.2
3,2021-10-14,21,1014.6,1018.2,1013.4
3,2021-10-15,218,1013.4,1014.5,1011.7
3,2021-10-16,195,1007.8,1014.0,1004.1
3,2021-10-17,18,1015.6,1022.0,1007.7
3,2021-10-18,357,1020.5,1022.7,1018.0
3,2021-10-19,340,1008.2,1018.1,1002.6
3,2021-10-20,353,1008.1,1014.4,1003.0
3,2021-10-21,359,1015.0,1016.3,1013.3
3,2021-10-22,352,1013.4,1016.2,1012.1
3,2021-10-23,2,1020.6,1025.8,1015.6
3,2021-10-24,1,1024.4,1026.0,1023.1
3,2021-10-25,345,1017.5,1023.9,1010.8
3,2021-10-26,6,1013.0,1016.6,1009.7
3,2021-10-27,1,1013.7,1017.1,1012.4
3,2021-10-28,8,1015.2,1017.9,1011.4
3,2021-10-29,7,1019.5,1024.4,1015.1
3,2021-10-30,4,1023.4,1025.0,1022.1
3,2021-10-31,355,1020.7,1023.6,1018.9
3,2021-11-01,4,1016.6,1019.7,1014.9
3,2021-11-02,0,1011.6,1014.6,1010.3
3,2021-11-03,355,1010.8,1013.4,1008.7
3,2021-11-04,9,1013.2,1015.9,1010.9
3,2021-11-05,5,1016.8,1019.8,1014.0
3,2021-11-06,355,1019.6,1021.8,1017.5
3,2021-11-07,354,1021.8,1022.8,1020.2
3,2021-11-08,356,1015.4,1022.5,1007.1
3,2021-11-09,334,999.4,1006.4,996.9
3,2021-11-10,213,1000.5,1003.5,998.1
3,2021-11-11,218,1004.0,1007.2,1000.8
3,2021-11-12,231,1009.1,1014.6,1004.5
3,2021-11-13,208,1016.3,1017.9,1013.8
3,2021-11-14,260,1014.0,1016.8,1012.3
3,2021-11-15,344,1015.5,1017.7,1013.7
3,2021-11-16,2,1018.0,1020.4,1015.2
3,2021-11-17,12,1018.9,1020.3,1017.8
3,2021-11-18,350,1016.1,1018.4,1015.1
3,2021-11-19,340,1013.9,1016.7,1012.4
3,2021-11-20,1,1018.7,1020.7,1015.8
3,2021-11-21,7,1017.4,1021.6,1011.7
3,2021-11-22,280,1000.7,1011.0,995.1
3,2021-11-23,221,1003.0,1005.3,1000.5
3,2021-11-24,241,1007.8,1010.1,1004.0
3,2021-11-25,242,1009.6,1013.5,1006.5
3,2021-11-26,356,1013.5,1018.9,1011.0
3,2021-11-27,320,1023.0,1027.6,1018.5
3,2021-11-28,1,1028.8,1030.0,1026.8
3,2021-11-29,18,1024.8,1029.0,1022.8
3,2021-11-30,191,1010.2,1023.0,993.8
3,2021-12-01,252,1001.1,1012.7,993.4
3,2021-12-02,51,1014.7,1016.9,1012.3
3,2021-12-03,186,1008.6,1013.1,1006.8
3,2021-12-04,3,1014.7,1025.4,1007.6
3,2021-12-05,5,1028.0,1029.3,1026.1
3,2021-12-06,347,1023.7,1028.9,1019.0
3,2021-12-07,355,1014.9,1019.1,1012.5
3,2021-12-08,1,1020.2,1025.8,1014.8
3,2021-12-09,357,1025.9,1027.1,1024.6
3,2021-12-10,355,1021.7,1025.5,1020.1
3,2021-12-11,230,1018.9,1022.3,1015.7
3,2021-12-12,281,1007.9,1016.4,1004.6
3,2021-12-13,8,1015.7,1021.3,1010.2
3,2021-12-14,347,1017.2,1021.1,1015.4
3,2021-12-15,350,1017.1,1019.5,1013.8
3,2021-12-16,217,1010.2,1019.2,998.6
3,2021-12-17,271,998.5,1009.9,992.3
3,2021-12-18,349,1012.1,1014.4,1009.9
3,2021-12-19,304,1010.6,1014.7,1006.5
3,2021-12-20,181,1012.9,1015.5,1010.9
3,2021-12-21,322,1008.4,1011.5,1007.1
3,2021-12-22,357,1014.4,1019.5,1010.1
3,2021-12-23,2,1018.5,1020.2,1016.5
3,2021-12-24,19,1011.0,1018.3,1004.5
3,2021-12-25,22,1006.5,1010.7,1001.7
3,2021-12-26,333,1011.6,1015.6,1007.9
3,2021-12-27,326,1013.8,1018.7,1011.6
3,2021-12-28,359,1021.0,1022.5,1018.4
3,2021-12-29,343,1011.7,1021.9,1003.6
3,2021-12-30,322,1004.6,1009.1,1000.8
3,2021-12-31,356,1011.4,1016.7,1007.1
3,2022-01-01,2,1019.9,1022.3,1016.2
3,2022-01-02,358,1015.9,1022.4,1012.9
3,2022-01-03,236,1012.3,1017.1,1008.3
3,2022-01-04,3,1013.2,1018.1,1007.6
3,2022-01-05,5,1021.4,1023.6,1017.9
3,2022-01-06,351,1018.0,1023.1,1015.4
3,2022-01-07,2,1019.4,1021.7,1016.5
3,2022-01-08,349,1017.6,1021.7,1014.7
3,2022-01-09,354,1014.8,1017.0,1012.7
3,2022-01-10,0,1015.4,1018.3,1009.6
3,2022-01-11,353,998.4,1008.0,994.3
3,2022-01-12,311,1002.4,1004.7,999.3
3,2022-01-13,252,1000.5,1006.3,995.7
3,2022-01-14,280,1009.9,1015.9,1004.7
3,2022-01-15,7,1017.3,1018.7,1014.9
3,2022-01-16,284,1012.5,1018.4,1010.4
3,2022-01-17,16,1008.2,1012.0,1005.5
3,2022-01-18,5,1012.6,1016.7,1008.2
3,2022-01-19,334,1012.6,1017.0,1009.7
3,2022-01-20,353,1012.5,1017.3,1007.8
3,2022-01-21,351,1020.1,1023.6,1015.8
3,2022-01-22,360,1021.8,1024.3,1020.7
3,2022-01-23,9,1014.9,1020.8,1010.4
3,2022-01-24,11,1014.0,1019.3,1008.9
3,2022-01-25,14,1016.7,1019.6,1014.8
3,2022-01-26,358,1012.9,1015.3,1010.8
3,2022-01-27,15,1013.4,1015.1,1012.2
3,2022-01-28,12,1012.0,1014.3,1011.1
3,2022-01-29,356,1008.9,1012.4,1006.5
3,2022-01-30,7,1010.9,1012.0,1009.3
3,2022-01-31,2,1013.8,1016.6,1010.2
3,2022-02-01,226,1011.7,1016.4,1009.2
3,2022-02-02,351,1015.0,1016.5,1013.2
3,2022-02-03,10,1012.1,1014.1,1009.8
3,2022-02-04,332,1007.3,1012.9,1003.8
3,2022-02-05,17,1008.5,1012.2,1004.9
3,2022-02-06,31,1013.8,1018.8,1009.6
3,2022-02-07,7,1019.6,1021.5,1017.4
3,2022-02-08,3,1019.6,1022.8,1017.2
3,2022-02-09,6,1020.3,1023.0,1018.8
3,2022-02-10,358,1014.9,1018.7,1013.3
3,2022-02-11,5,1019.4,1022.7,1015.6
3,2022-02-12,22,1020.6,1022.8,1019.3
3,2022-02-13,4,1016.9,1020.2,1014.3
3,2022-02-14,3,1015.8,1017.4,1013.9
3,2022-02-15,252,1007.0,1015.1,1003.6
3,2022-02-16,268,1004.1,1006.1,1002.6
3,2022-02-17,290,1011.7,1018.8,1005.9
3,2022-02-18,349,1022.8,1025.1,1020.1
3,2022-02-19,2,1011.3,1023.4,1001.5
3,2022-02-20,12,1003.6,1011.6,996.6
3,2022-02-21,73,1013.5,1015.5,1010.1
3,2022-02-22,35,1015.6,1019.8,1011.3
3,2022-02-23,26,1018.1,1020.0,1016.2
3,2022-02-24,330,1017.7,1019.6,1015.9
3,2022-02-25,283,1017.7,1019.9,1015.8
3,2022-02-26,212,1012.2,1019.5,1007.8
3,2022-02-27,325,1011.7,1018.8,1004.6
3,2022-02-28,256,1016.2,1018.9,1013.6
3,2022-03-01,334,1006.6,1013.9,1003.9
3,2022-03-02,9,1007.7,1009.4,1006.2
3,2022-03-03,9,1010.4,1017.9,1004.5
3,2022-03-04,201,1011.9,1017.5,1007.1
3,2022-03-05,199,1000.5,1006.4,997.5
3,2022-03-06,289,1006.9,1012.5,1001.9
3,2022-03-07,324,1013.8,1015.4,1011.8
3,2022-03-08,4,1015.8,1019.1,1013.3
3,2022-03-09,24,1018.8,1021.5,1016.3
3,2022-03-10,71,1019.7,1021.3,1018.4
3,2022-03-11,208,1013.8,1019.7,1011.9
3,2022-03-12,344,1014.9,1017.0,1012.7
3,2022-03-13,202,1011.1,1016.9,1007.3
3,2022-03-14,44,1007.8,1011.3,1004.5
3,2022-03-15,22,1007.9,1013.5,1002.0
3,2022-03-16,274,1011.2,1015.2,1007.0
3,2022-03-17,6,1016.1,1017.5,1014.0
3,2022-03-18,355,1002.2,1017.2,990.1
3,2022-03-19,356,998.9,1009.0,992.6
3,2022-03-20,360,1013.4,1019.5,1009.3
3,2022-03-21,355,1018.5,1020.1,1017.2
3,2022-03-22,2,1017.9,1019.7,1016.5
3,2022-03-23,13,1015.2,1020.1,1012.4
3,2022-03-24,310,1017.4,1025.1,1012.3
3,2022-03-25,198,1023.3,1025.4,1018.1
3,2022-03-26,200,1004.6,1017.3,996.4
3,2022-03-27,26,1006.9,1015.3,1001.0
3,2022-03-28,2,1022.7,1029.2,1015.9
3,2022-03-29,11,1026.4,1029.9,1023.5
3,2022-03-30,194,1017.3,1023.8,1012.8
3,2022-03-31,34,1014.2,1019.8,1010.4
3,2022-04-01,14,1022.4,1027.5,1017.9
3,2022-04-02,349,1026.2,1027.8,1023.8
3,2022-04-03,338,1026.2,1028.4,1024.4
3,2022-04-04,349,1019.6,1024.2,1017.3
3,2022-04-05,26,1018.5,1019.9,1017.0
3,2022-04-06,272,1014.4,1017.3,1011.8
3,2022-04-07,174,1011.9,1017.3,1009.0
3,2022-04-08,184,1016.3,1018.0,1014.2
3,2022-04-09,202,1015.1,1017.4,1012.7
3,2022-04-10,187,1017.4,1018.1,1016.3
3,2022-04-11,190,1014.3,1018.1,1012.4
3,2022-04-12,173,1010.0,1012.3,1009.1
3,2022-04-13,10,1011.3,1017.0,1007.8
3,2022-04-14,11,1015.1,1018.6,1010.4
3,2022-04-15,4,1005.7,1011.8,1002.3
3,2022-04-16,9,1011.1,1017.5,1004.5
3,2022-04-17,256,1017.8,1019.2,1016.2
3,2022-04-18,6,1012.5,1017.9,1010.3
3,2022-04-19,41,1015.2,1019.4,1011.6
3,2022-04-20,4,1018.8,1020.0,1017.3
3,2022-04-21,208,1012.9,1019.7,1006.3
3,2022-04-22,228,1006.6,1007.7,1005.3
3,2022-04-23,3,1010.3,1014.8,1005.6
3,2022-04-24,348,1011.0,1014.5,1008.4
3,2022-04-25,191,1012.9,1014.0,1011.7
3,2022-04-26,195,1004.5,1011.6,1000.2
3,2022-04-27,7,1009.5,1018.7,1003.8
3,2022-04-28,15,1015.9,1019.2,1012.6
3,2022-04-29,8,1005.0,1012.6,996.4
3,2022-04-30,73,1014.9,1017.8,1011.7
3,2022-05-01,35,1006.4,1011.1,1004.1
3,2022-05-02,332,1008.7,1014.1,1005.1
3,2022-05-03,203,1016.5,1018.9,1014.2
3,2022-05-04,193,1018.3,1021.1,1015.9
3,2022-05-05,188,1020.5,1021.9,1019.7
3,2022-05-06,199,1018.7,1021.2,1016.4
3,2022-05-07,32,1012.0,1015.9,1010.1
3,2022-05-08,42,1014.5,1016.8,1012.5
3,2022-05-09,2,1016.8,1018.6,1015.2
3,2022-05-10,15,1018.1,1019.3,1016.4
3,2022-05-11,187,1017.0,1018.7,1016.0
3,2022-05-12,200,1012.9,1016.0,1008.8
3,2022-05-13,209,1003.6,1009.4,998.5
3,2022-05-14,13,1002.7,1009.0,998.0
3,2022-05-15,37,1009.4,1010.3,1007.7
3,2022-05-16,350,1010.5,1012.0,1009.1
3,2022-05-17,7,1014.6,1017.8,1012.6
3,2022-05-18,177,1017.1,1018.5,1015.9
3,2022-05-19,193,1014.4,1017.6,1013.3
3,2022-05-20,161,1012.1,1014.5,1010.7
3,2022-05-21,358,1006.7,1011.5,1003.2
3,2022-05-22,6,1003.0,1005.7,1000.7
3,2022-05-23,93,1011.5,1015.1,1006.8
3,2022-05-24,193,1013.5,1015.1,1012.6
3,2022-05-25,193,1010.5,1013.1,1009.2
3,2022-05-26,179,1005.7,1009.6,998.6
3,2022-05-27,202,996.1,999.1,993.7
3,2022-05-28,256,1001.4,1004.5,998.5
3,2022-05-29,198,1003.4,1004.5,1002.7
3,2022-05-30,45,1003.5,1005.6,1001.6
3,2022-05-31,6,1003.2,1006.7,999.9
3,2022-06-01,192,1006.3,1007.5,1005.5
3,2022-06-02,195,1005.4,1007.1,1004.5
3,2022-06-03,7,1006.9,1010.6,1003.4
3,2022-06-04,193,1009.3,1010.6,1008.6
3,2022-06-05,247,1006.2,1008.9,1002.8
3,2022-06-06,11,994.5,1002.2,991.0
3,2022-06-07,22,1003.4,1009.3,995.6
3,2022-06-08,18,1011.2,1014.0,1008.5
3,2022-06-09,37,1014.2,1015.7,1012.7
3,2022-06-10,196,1014.6,1015.5,1013.8
3,2022-06-11,339,1009.2,1014.7,1004.7
3,2022-06-12,9,1006.9,1010.0,1004.1
3,2022-06-13,111,1013.3,1015.8,1010.5
3,2022-06-14,1,1015.3,1016.6,1013.8
3,2022-06-15,355,1010.0,1014.4,1008.0
3,2022-06-16,195,1007.0,1009.2,1005.8
3,2022-06-17,119,1007.7,1009.9,1006.1
3,2022-06-18,186,1007.2,1009.7,1005.6
3,2022-06-19,180,1004.4,1007.4,1002.9
3,2022-06-20,197,1003.1,1005.6,1001.0
3,2022-06-21,26,1006.4,1007.7,1005.6
3,2022-06-22,100,1008.4,1009.9,1006.7
3,2022-06-23,183,1008.3,1010.2,1004.8
3,2022-06-24,203,1002.2,1004.3,1000.8
3,2022-06-25,208,1006.9,1011.0,1003.5
3,2022-06-26,197,1010.4,1011.5,1008.9
3,2022-06-27,161,1010.1,1011.4,1008.6
3,2022-06-28,171,1007.8,1010.2,1006.4
3,2022-06-29,185,1007.3,1010.1,1004.7
3,2022-06-30,182,1010.9,1013.4,1009.3
3,2022-07-01,188,1012.8,1013.9,1011.6
3,2022-07-02,187,1010.8,1013.7,1009.7
3,2022-07-03,189,1008.0,1010.2,1006.7
3,2022-07-04,185,1007.5,1008.4,1005.8
3,2022-07-05,131,1004.9,1008.0,1002.8
3,2022-07-06,356,1005.7,1008.2,1002.3
3,2022-07-07,26,1007.2,1008.7,1005.9
3,2022-07-08,22,1003.5,1006.5,1002.0
3,2022-07-09,190,1001.9,1004.6,1000.3
3,2022-07-10,189,1004.9,1006.3,1003.6
3,2022-07-11,185,1006.2,1007.6,1004.8
3,2022-07-12,181,1004.3,1005.8,1003.0
3,2022-07-13,22,1003.1,1003.9,1002.5
3,2022-07-14,149,1002.1,1003.7,1000.6
3,2022-07-15,142,999.7,1001.0,998.5
3,2022-07-16,184,1000.1,1001.7,998.2
3,2022-07-17,188,998.9,1001.4,996.9
3,2022-07-18,189,1001.7,1002.7,1000.8
3,2022-07-19,198,998.7,1000.7,997.3
3,2022-07-20,355,1002.2,1004.5,999.9
3,2022-07-21,189,1001.9,1004.7,999.1
3,2022-07-22,189,996.8,998.9,994.7
3,2022-07-23,234,1001.7,1005.6,998.4
3,2022-07-24,192,1006.1,1008.6,1004.2
3,2022-07-25,189,1008.3,1009.1,1007.3
3,2022-07-26,190,1009.2,1010.1,1008.1
3,2022-07-27,190,1010.4,1012.2,1008.6
3,2022-07-28,190,1013.2,1014.7,1012.0
3,2022-07-29,183,1013.6,1014.9,1012.1
3,2022-07-30,157,1011.6,1013.4,1010.7
3,2022-07-31,170,1010.9,1012.1,1009.4
3,2022-08-01,161,1010.3,1011.8,1008.9
3,2022-08-02,13,1008.8,1011.0,1007.9
3,2022-08-03,11,1005.3,1007.7,1003.1
3,2022-08-04,44,1006.3,1007.6,1005.5
3,2022-08-05,44,1007.1,1009.0,1005.0
3,2022-08-06,178,1009.1,1010.4,1007.4
3,2022-08-07,191,1009.9,1010.9,1009.0
3,2022-08-08,195,1008.8,1010.6,1008.0
3,2022-08-09,199,1007.5,1008.7,1006.4
3,2022-08-10,192,1008.4,1009.4,1007.2
3,2022-08-11,191,1007.9,1008.8,1007.0
3,2022-08-12,194,1008.3,1009.0,1007.8
3,2022-08-13,189,1004.7,1008.8,999.9
3,2022-08-14,201,1003.8,1004.7,1002.6
3,2022-08-15,190,1003.3,1005.2,1001.3
3,2022-08-16,213,1002.3,1005.6,1000.3
3,2022-08-17,4,1006.7,1009.0,1003.6
3,2022-08-18,224,1001.2,1003.4,998.4
3,2022-08-19,195,1002.2,1003.3,1001.2
3,2022-08-20,211,1000.6,1002.4,998.8
3,2022-08-21,4,1004.3,1006.6,1002.4
3,2022-08-22,137,1005.8,1007.2,1004.7
3,2022-08-23,189,1003.2,1005.3,1001.9
3,2022-08-24,5,1004.6,1006.6,1002.9
3,2022-08-25,169,1003.7,1005.6,1002.0
3,2022-08-26,186,1003.4,1004.1,1002.1
3,2022-08-27,178,1004.0,1007.2,1001.9
3,2022-08-28,8,1013.1,1017.3,1008.6
3,2022-08-29,11,1016.0,1017.8,1014.1
3,2022-08-30,140,1010.9,1014.7,1008.7
3,2022-08-31,191,1007.4,1009.0,1005.8
3,2022-09-01,203,1009.4,1012.7,1006.7
3,2022-09-02,14,1014.9,1015.8,1013.8
3,2022-09-03,19,1014.7,1015.6,1013.2
3,2022-09-04,70,1014.1,1015.7,1012.7
3,2022-09-05,185,1013.0,1014.9,1011.9
3,2022-09-06,189,1009.0,1011.6,1007.8
3,2022-09-07,38,1011.5,1013.1,1010.1
3,2022-09-08,3,1013.2,1014.9,1012.2
3,2022-09-09,16,1012.9,1014.2,1010.6
3,2022-09-10,12,1014.5,1015.8,1012.7
3,2022-09-11,11,1013.7,1015.5,1012.3
3,2022-09-12,15,1013.0,1014.1,1011.1
3,2022-09-13,11,1013.0,1014.2,1011.3
3,2022-09-14,26,1014.3,1015.9,1012.2
3,2022-09-15,30,1013.0,1014.8,1011.6
3,2022-09-16,349,1012.5,1013.7,1011.2
3,2022-09-17,344,1012.2,1014.1,1011.0
3,2022-09-18,181,1007.3,1010.5,1003.9
3,2022-09-19,191,997.0,1002.8,992.9
3,2022-09-20,17,1003.9,1011.6,995.1
3,2022-09-21,9,1016.0,1019.5,1012.1
3,2022-09-22,348,1016.5,1019.9,1013.9
3,2022-09-23,130,1009.0,1013.7,1005.1
3,2022-09-24,13,1008.9,1014.2,1006.2
3,2022-09-25,21,1014.0,1015.3,1012.3
3,2022-09-26,54,1013.5,1014.8,1012.3
3,2022-09-27,18,1011.1,1014.0,1009.3
3,2022-09-28,20,1008.6,1011.4,1006.3
3,2022-09-29,275,1012.7,1015.2,1011.0
3,2022-09-30,358,1014.5,1015.5,1013.3
3,2022-10-01,359,1015.7,1018.8,1013.2
3,2022-10-02,15,1020.0,1021.6,1018.0
3,2022-10-03,204,1017.2,1021.7,1012.9
3,2022-10-04,208,1007.8,1012.7,1005.2
3,2022-10-05,14,1014.5,1018.7,1009.8
3,2022-10-06,357,1018.6,1020.2,1017.2
3,2022-10-07,344,1012.3,1017.4,1009.9
3,2022-10-08,2,1020.0,1024.1,1015.9
3,2022-10-09,351,1017.4,1023.8,1009.9
3,2022-10-10,196,1005.7,1009.2,1003.7
3,2022-10-11,6,1014.1,1021.0,1009.0
3,2022-10-12,353,1023.2,1024.7,1021.5
3,2022-10-13,349,1019.9,1024.5,1017.5
3,2022-10-14,352,1015.8,1018.4,1014.3
3,2022-10-15,352,1016.1,1018.2,1014.1
3,2022-10-16,52,1014.6,1018.6,1010.6
3,2022-10-17,343,1006.2,1010.5,1004.6
3,2022-10-18,22,1014.0,1019.1,1009.5
3,2022-10-19,3,1020.1,1024.5,1016.9
3,2022-10-20,345,1024.4,1026.1,1022.5
3,2022-10-21,213,1021.3,1026.2,1018.9
3,2022-10-22,321,1013.3,1018.6,1009.5
3,2022-10-23,9,1008.1,1012.1,1005.6
3,2022-10-24,359,1013.3,1015.0,1011.3
3,2022-10-25,356,1019.7,1023.9,1015.4
3,2022-10-26,1,1023.6,1024.9,1021.5
3,2022-10-27,4,1023.2,1025.8,1022.1
3,2022-10-28,357,1020.2,1023.3,1018.6
3,2022-10-29,3,1018.9,1020.7,1017.1
3,2022-10-30,1,1020.6,1023.1,1018.4
3,2022-10-31,355,1023.0,1024.5,1021.1
3,2022-11-01,348,1018.0,1022.4,1015.5
3,2022-11-02,344,1014.5,1016.7,1012.9
3,2022-11-03,210,1008.6,1013.5,1006.6
3,2022-11-04,18,1012.1,1017.3,1007.5
3,2022-11-05,353,1017.6,1020.8,1015.7
3,2022-11-06,3,1020.7,1021.8,1019.0
3,2022-11-07,352,1017.8,1022.0,1015.3
3,2022-11-08,1,1019.0,1024.8,1014.9
3,2022-11-09,21,1022.9,1024.7,1021.8
3,2022-11-10,320,1020.8,1024.6,1018.6
3,2022-11-11,353,1024.7,1026.0,1023.2
3,2022-11-12,217,1018.6,1024.2,1012.8
3,2022-11-13,264,1004.9,1012.5,1001.0
3,2022-11-14,18,1009.7,1011.7,1008.2
3,2022-11-15,2,1007.9,1011.1,1006.4
3,2022-11-16,338,1015.1,1020.5,1011.3
3,2022-11-17,2,1021.6,1024.3,1019.0
3,2022-11-18,354,1021.7,1024.6,1020.1
3,2022-11-19,2,1022.2,1023.4,1020.2
3,2022-11-20,342,1019.0,1023.4,1015.8
3,2022-11-21,348,1015.1,1017.3,1013.1
3,2022-11-22,353,1017.6,1019.0,1015.7
3,2022-11-23,339,1008.0,1018.2,1002.2
3,2022-11-24,6,1013.0,1019.5,1006.9
3,2022-11-25,170,1018.2,1019.9,1015.3
3,2022-11-26,347,1009.8,1015.0,1007.7
3,2022-11-27,2,1020.1,1025.9,1013.5
3,2022-11-28,316,1022.6,1026.2,1017.6
3,2022-11-29,199,1008.1,1016.8,1003.5
3,2022-11-30,6,1010.5,1016.7,1005.2
3,2022-12-01,8,1015.4,1016.8,1014.2
3,2022-12-02,360,1022.1,1025.0,1017.4
3,2022-12-03,353,1018.4,1025.4,1014.7
3,2022-12-04,4,1016.4,1019.4,1012.6
3,2022-12-05,353,1016.4,1019.6,1014.0
3,2022-12-06,4,1012.0,1014.7,1010.1
3,2022-12-07,303,1013.8,1015.0,1012.8
3,2022-12-08,7,1017.3,1020.5,1014.1
3,2022-12-09,352,1017.1,1020.9,1015.6
3,2022-12-10,6,1012.3,1016.6,1008.2
3,2022-12-11,13,1012.5,1018.5,1007.9
3,2022-12-12,7,1017.4,1019.9,1012.6
3,2022-12-13,285,1005.8,1012.5,1002.5
3,2022-12-14,296,1008.9,1013.9,1002.5
3,2022-12-15,315,1012.9,1014.7,1009.8
3,2022-12-16,356,1017.2,1019.5,1013.5
3,2022-12-17,13,1007.5,1017.2,1000.8
3,2022-12-18,276,1006.9,1012.6,1000.9
3,2022-12-19,266,1014.5,1019.2,1010.6
3,2022-12-20,344,1018.8,1020.6,1017.5
3,2022-12-21,350,1009.5,1018.5,994.9
3,2022-12-22,215,989.8,994.4,985.5
3,2022-12-23,222,993.6,994.9,992.3
3,2022-12-24,278,999.3,1003.3,994.8
3,2022-12-25,315,1004.8,1009.5,1001.5
3,2022-12-26,329,1013.2,1017.3,1009.1
3,2022-12-27,3,1020.3,1021.8,1017.4
3,2022-12-28,347,1017.2,1022.3,1015.3
3,2022-12-29,342,1018.0,1021.8,1014.4
3,2022-12-30,325,1020.7,1022.3,1018.8
3,2022-12-31,357,1019.2,1022.1,1018.3
3,2023-01-01,303,1015.6,1019.2,1013.9
3,2023-01-02,2,1016.9,1018.4,1014.9
3,2023-01-03,345,1015.5,1018.0,1013.8
3,2023-01-04,12,1017.1,1020.3,1013.8
3,2023-01-05,2,1019.4,1020.9,1018.1
3,2023-01-06,10,1015.5,1020.4,1012.1
3,2023-01-07,336,1011.3,1016.4,1008.5
3,2023-01-08,357,1017.7,1018.8,1016.3
3,2023-01-09,307,1011.7,1017.7,1009.2
3,2023-01-10,345,1018.7,1022.8,1014.4
3,2023-01-11,56,1022.1,1023.4,1021.1
3,2023-01-12,5,1022.2,1023.2,1020.5
3,2023-01-13,211,1013.9,1022.8,1007.6
3,2023-01-14,8,1004.4,1008.4,1001.9
3,2023-01-15,9,1007.5,1009.5,1005.0
3,2023-01-16,17,1012.5,1020.6,1005.9
3,2023-01-17,14,1018.8,1021.9,1015.0
3,2023-01-18,13,1015.2,1019.8,1011.2
3,2023-01-19,11,1018.2,1020.9,1014.7
3,2023-01-20,7,1011.5,1017.2,1007.5
3,2023-01-21,6,1021.5,1023.7,1017.7
3,2023-01-22,358,1020.8,1024.0,1018.8
3,2023-01-23,353,1011.2,1019.9,1001.1
3,2023-01-24,330,999.6,1012.1,989.1
3,2023-01-25,308,1015.1,1017.0,1011.2
3,2023-01-26,286,1012.8,1017.4,1011.2
3,2023-01-27,349,1002.6,1010.0,999.0
3,2023-01-28,356,1008.2,1012.9,1004.9
3,2023-01-29,317,1010.3,1013.5,1008.9
3,2023-01-30,350,1010.7,1016.7,1005.1
3,2023-01-31,338,1015.7,1017.3,1014.1
3,2023-02-01,228,1009.0,1015.5,1005.2
3,2023-02-02,8,1016.4,1018.4,1013.9
3,2023-02-03,6,1016.7,1018.2,1015.4
3,2023-02-04,325,1014.9,1021.0,1011.1
3,2023-02-05,347,1019.5,1021.4,1018.5
3,2023-02-06,342,1017.6,1019.7,1015.7
3,2023-02-07,7,1013.5,1018.3,1010.9
3,2023-02-08,12,1016.7,1022.7,1013.0
3,2023-02-09,12,1024.9,1027.3,1022.3
3,2023-02-10,349,1013.6,1024.4,1006.4
3,2023-02-11,11,1020.1,1023.2,1015.1
3,2023-02-12,236,1015.0,1022.4,1009.6
3,2023-02-13,9,1004.7,1009.8,1002.5
3,2023-02-14,22,1009.8,1015.6,1006.0
3,2023-02-15,17,1020.5,1026.4,1015.6
3,2023-02-16,16,1025.0,1026.6,1023.6
3,2023-02-17,20,1023.1,1025.7,1021.9
3,2023-02-18,36,1014.8,1023.4,1005.5
3,2023-02-19,244,1002.9,1008.2,998.2
3,2023-02-20,357,1010.9,1019.3,1005.7
3,2023-02-21,348,1023.3,1029.4,1017.9
3,2023-02-22,29,1024.2,1029.2,1019.9
3,2023-02-23,341,1016.0,1020.0,1013.8
3,2023-02-24,337,1013.7,1015.7,1012.5
3,2023-02-25,359,1019.0,1024.6,1015.0
3,2023-02-26,334,1025.3,1029.9,1021.4
3,2023-02-27,201,1028.4,1030.5,1027.0
3,2023-02-28,212,1021.5,1027.2,1018.9
3,2023-03-01,197,1011.8,1019.1,1005.3
3,2023-03-02,8,1013.3,1023.3,1004.4
3,2023-03-03,238,1022.5,1023.7,1020.5
3,2023-03-04,3,1023.0,1026.2,1019.7
3,2023-03-05,9,1023.6,1026.3,1022.3
3,2023-03-06,16,1019.2,1022.2,1017.6
3,2023-03-07,202,1019.3,1020.9,1017.7
3,2023-03-08,195,1018.5,1021.2,1016.9
3,2023-03-09,197,1016.4,1019.9,1014.8
3,2023-03-10,351,1018.0,1024.0,1012.9
3,2023-03-11,167,1024.0,1025.6,1021.8
3,2023-03-12,189,1018.4,1024.7,1011.9
3,2023-03-13,359,1011.9,1019.3,1006.7
3,2023-03-14,41,1022.4,1026.7,1018.5
3,2023-03-15,190,1024.2,1026.6,1022.7
3,2023-03-16,255,1018.8,1023.3,1017.0
3,2023-03-17,22,1017.6,1019.7,1014.6
3,2023-03-18,13,1010.6,1016.3,1007.6
3,2023-03-19,241,1017.0,1019.1,1015.3
3,2023-03-20,196,1016.1,1019.1,1014.6
3,2023-03-21,192,1013.8,1016.5,1012.5
3,2023-03-22,23,1015.6,1017.4,1013.4
3,2023-03-23,222,1004.7,1015.2,998.8
3,2023-03-24,6,1009.7,1015.0,1002.7
3,2023-03-25,353,1015.5,1017.0,1014.0
3,2023-03-26,355,1006.8,1012.8,1002.9
3,2023-03-27,8,1016.8,1020.9,1012.5
3,2023-03-28,4,1020.8,1022.1,1019.1
3,2023-03-29,27,1019.1,1021.1,1017.3
3,2023-03-30,213,1017.3,1019.9,1016.0
3,2023-03-31,190,1014.5,1017.8,1013.4
3,2023-04-01,28,1014.8,1016.7,1012.7
3,2023-04-02,22,1017.4,1021.2,1014.6
3,2023-04-03,20,1021.8,1023.8,1018.7
3,2023-04-04,176,1022.2,1024.2,1020.8
3,2023-04-05,195,1018.3,1022.0,1015.8
3,2023-04-06,202,1012.9,1015.0,1010.3
3,2023-04-07,191,1003.8,1010.3,1000.4
3,2023-04-08,331,1005.5,1014.5,999.7
3,2023-04-09,267,1016.3,1018.6,1013.4
3,2023-04-10,204,1015.7,1018.7,1014.4
3,2023-04-11,203,1012.5,1016.6,1009.6
3,2023-04-12,233,1009.1,1017.5,1004.8
3,2023-04-13,194,1016.3,1017.3,1015.6
3,2023-04-14,192,1012.2,1015.7,1010.4
3,2023-04-15,331,998.4,1010.5,990.5
3,2023-04-16,359,997.0,1004.5,991.7
3,2023-04-17,10,1013.7,1018.5,1004.9
3,2023-04-18,196,1011.5,1018.3,1006.7
3,2023-04-19,13,1008.2,1010.3,1005.8
3,2023-04-20,193,1005.9,1009.8,1004.1
3,2023-04-21,19,1003.4,1009.1,1000.0
3,2023-04-22,29,1013.9,1020.0,1009.8
3,2023-04-23,11,1018.8,1021.8,1016.4
3,2023-04-24,331,1021.2,1023.1,1019.0
3,2023-04-25,185,1017.0,1022.9,1007.8
3,2023-04-26,221,1004.3,1014.8,997.4
3,2023-04-27,198,1019.0,1021.3,1015.8
3,2023-04-28,195,1017.3,1021.0,1015.3
3,2023-04-29,195,1007.4,1014.6,999.2
3,2023-04-30,308,1004.0,1009.3,999.8
3,2023-05-01,7,1011.3,1017.3,1007.3
3,2023-05-02,358,1021.7,1025.0,1018.2
3,2023-05-03,184,1020.6,1024.1,1019.3
3,2023-05-04,192,1015.3,1020.1,1013.7
3,2023-05-05,195,1009.3,1014.1,1006.5
3,2023-05-06,204,1004.2,1005.5,1003.3
3,2023-05-07,347,1002.7,1005.8,996.8
3,2023-05-08,14,1008.0,1015.5,998.8
3,2023-05-09,19,1013.3,1015.6,1012.3
3,2023-05-10,343,1013.1,1016.7,1010.3
3,2023-05-11,30,1017.3,1019.5,1014.8
3,2023-05-12,189,1018.5,1019.8,1017.4
3,2023-05-13,204,1017.1,1019.2,1015.4
3,2023-05-14,168,1012.3,1015.5,1010.1
3,2023-05-15,1,1008.7,1010.7,1007.3
3,2023-05-16,165,1010.1,1012.0,1008.0
3,2023-05-17,208,1011.5,1013.9,1009.1
3,2023-05-18,187,1011.0,1013.8,1009.8
3,2023-05-19,263,1006.9,1010.0,1004.0
3,2023-05-20,24,1007.3,1009.0,1005.5
3,2023-05-21,193,1003.7,1007.2,1001.7
3,2023-05-22,358,1002.2,1004.3,999.9
3,2023-05-23,354,1002.0,1006.1,999.9
3,2023-05-24,1,1013.5,1020.3,1007.1
3,2023-05-25,186,1021.6,1023.2,1020.4
3,2023-05-26,193,1021.5,1022.9,1020.7
3,2023-05-27,197,1020.1,1022.0,1018.2
3,2023-05-28,193,1012.7,1017.8,1009.5
3,2023-05-29,11,1006.2,1009.0,1004.7
3,2023-05-30,304,1007.0,1010.7,1004.9
3,2023-05-31,346,1011.0,1013.0,1009.1
3,2023-06-01,192,1008.9,1013.0,1002.6
3,2023-06-02,191,996.4,1003.8,993.6
3,2023-06-03,23,1000.9,1007.3,996.1
3,2023-06-04,217,1005.6,1007.4,1003.8
3,2023-06-05,211,1007.1,1007.9,1006.0
3,2023-06-06,197,1006.0,1008.0,1004.7
3,2023-06-07,177,1007.6,1010.8,1004.8
3,2023-06-08,193,1007.5,1010.8,1000.4
3,2023-06-09,326,1004.2,1009.0,1000.3
3,2023-06-10,188,1010.1,1011.3,1009.4
3,2023-06-11,21,1008.7,1010.6,1007.1
3,2023-06-12,5,1003.9,1008.0,1000.1
3,2023-06-13,202,1002.8,1005.1,1001.0
3,2023-06-14,349,1004.3,1005.7,1002.7
3,2023-06-15,181,1004.1,1006.0,1003.0
3,2023-06-16,358,1008.1,1012.1,1003.9
3,2023-06-17,195,1008.1,1011.3,1005.8
3,2023-06-18,31,1001.8,1005.4,1000.3
3,2023-06-19,54,1005.0,1009.4,1001.4
3,2023-06-20,198,1010.0,1011.4,1008.5
3,2023-06-21,198,1009.7,1011.7,1008.8
3,2023-06-22,357,1005.8,1009.6,1004.1
3,2023-06-23,346,1007.7,1010.9,1005.1
3,2023-06-24,333,1011.9,1013.6,1010.4
3,2023-06-25,151,1012.3,1013.5,1011.1
3,2023-06-26,177,1012.3,1013.4,1011.0
3,2023-06-27,181,1011.5,1013.3,1010.2
3,2023-06-28,170,1006.1,1010.0,1004.1
3,2023-06-29,202,1003.7,1005.0,1002.1
3,2023-06-30,201,1001.4,1003.1,1000.1
3,2023-07-01,194,1002.9,1005.6,1001.0
3,2023-07-02,169,1006.2,1007.0,1005.4
3,2023-07-03,338,1003.1,1005.6,1001.8
3,2023-07-04,68,1002.9,1003.7,1001.7
3,2023-07-05,207,1000.8,1003.1,999.1
3,2023-07-06,215,1003.2,1006.9,1000.2
3,2023-07-07,188,1006.3,1007.5,1004.7
3,2023-07-08,208,1003.9,1004.8,1003.0
3,2023-07-09,199,1003.3,1004.7,1002.4
3,2023-07-10,197,1004.9,1007.1,1002.8
3,2023-07-11,215,1005.3,1007.0,1003.7
3,2023-07-12,204,1002.7,1004.3,1001.6
3,2023-07-13,222,1005.1,1007.5,1003.2
3,2023-07-14,191,1006.7,1007.8,1005.4
3,2023-07-15,201,1006.6,1007.6,1005.5
3,2023-07-16,125,1008.7,1011.7,1006.4
3,2023-07-17,168,1011.2,1012.1,1010.0
3,2023-07-18,217,1007.9,1011.0,1005.5
3,2023-07-19,197,1001.5,1005.1,998.3
3,2023-07-20,32,1007.4,1011.6,1003.9
3,2023-07-21,41,1014.0,1016.2,1011.3
3,2023-07-22,164,1015.7,1016.7,1014.3
3,2023-07-23,193,1013.6,1015.3,1012.6
3,2023-07-24,193,1012.8,1014.0,1011.7
3,2023-07-25,212,1013.3,1014.8,1012.2
3,2023-07-26,193,1013.1,1014.8,1012.2
3,2023-07-27,191,1013.0,1014.1,1011.8
3,2023-07-28,191,1014.0,1015.1,1012.9
3,2023-07-29,189,1014.1,1015.3,1013.3
3,2023-07-30,187,1012.5,1014.4,1010.9
3,2023-07-31,191,1010.7,1012.3,1008.5
3,2023-08-01,178,1010.9,1012.9,1009.9
3,2023-08-02,191,1009.1,1011.0,1008.1
3,2023-08-03,191,1006.9,1009.0,1005.8
3,2023-08-04,189,1003.9,1005.9,1002.8
3,2023-08-05,188,1002.4,1003.5,1001.4
3,2023-08-06,186,1002.4,1003.9,1000.8
3,2023-08-07,200,1005.2,1007.0,1003.4
3,2023-08-08,190,1007.9,1010.4,1005.6
3,2023-08-09,196,1010.9,1012.0,1010.2
3,2023-08-10,277,1009.2,1011.4,1007.9
3,2023-08-11,20,1004.2,1007.4,1002.9
3,2023-08-12,12,1002.0,1003.1,1000.1
3,2023-08-13,10,1002.9,1003.9,1001.4
3,2023-08-14,54,1002.8,1003.9,1001.4
3,2023-08-15,186,1003.4,1004.6,1002.2
3,2023-08-16,190,1003.9,1005.6,1002.1
3,2023-08-17,177,1006.2,1008.2,1004.4
3,2023-08-18,178,1008.6,1010.5,1006.7
3,2023-08-19,95,1010.2,1011.3,1009.0
3,2023-08-20,349,1009.9,1011.0,1009.0
3,2023-08-21,32,1009.3,1010.1,1007.8
3,2023-08-22,15,1010.0,1011.2,1008.3
3,2023-08-23,187,1011.4,1012.4,1010.3
3,2023-08-24,192,1010.9,1012.4,1010.1
3,2023-08-25,194,1009.3,1010.9,1008.4
3,2023-08-26,355,1008.3,1009.7,1007.2
3,2023-08-27,4,1005.4,1007.9,1004.4
3,2023-08-28,182,1008.0,1011.9,1005.2
3,2023-08-29,187,1012.1,1014.1,1010.1
3,2023-08-30,192,1014.0,1015.1,1012.4
3,2023-08-31,194,1014.2,1015.4,1013.4
3,2023-09-01,189,1011.8,1014.0,1010.6
3,2023-09-02,216,1011.0,1012.2,1009.7
3,2023-09-03,7,1010.3,1012.6,1008.9
3,2023-09-04,306,1007.4,1009.3,1006.3
3,2023-09-05,200,1005.2,1007.2,1003.9
3,2023-09-06,259,1004.2,1006.8,1001.7
3,2023-09-07,8,1009.5,1011.7,1008.0
3,2023-09-08,342,1007.1,1011.7,1005.7
3,2023-09-09,198,1008.0,1010.2,1005.9
3,2023-09-10,188,1010.0,1011.1,1008.5
3,2023-09-11,192,1010.8,1011.6,1009.7
3,2023-09-12,209,1010.9,1012.4,1009.2
3,2023-09-13,195,1011.5,1012.4,1010.1
3,2023-09-14,200,1010.2,1011.5,1009.0
3,2023-09-15,10,1012.4,1013.9,1010.6
3,2023-09-16,196,1012.0,1013.3,1010.7
3,2023-09-17,194,1011.9,1013.1,1010.5
3,2023-09-18,196,1012.0,1013.5,1011.0
3,2023-09-19,202,1010.3,1012.1,1009.1
3,2023-09-20,354,1010.3,1011.5,1008.9
3,2023-09-21,194,1006.0,1009.7,1004.5
3,2023-09-22,356,1010.4,1012.7,1007.5
3,2023-09-23,4,1014.3,1017.4,1011.6
3,2023-09-24,359,1018.3,1019.4,1016.4
3,2023-09-25,360,1016.3,1018.9,1014.9
3,2023-09-26,17,1011.5,1014.7,1009.1
3,2023-09-27,11,1008.0,1009.7,1006.2
3,2023-09-28,343,1005.4,1010.0,1002.1
3,2023-09-29,4,1010.7,1011.7,1009.0
3,2023-09-30,213,1005.7,1010.9,1002.9
3,2023-10-01,351,1005.3,1009.7,1002.8
3,2023-10-02,353,1012.1,1016.1,1008.9
3,2023-10-03,332,1015.3,1016.6,1014.3
3,2023-10-04,347,1006.9,1014.9,999.5
3,2023-10-05,339,1000.2,1005.5,995.0
3,2023-10-06,319,1008.7,1013.4,1005.2
3,2023-10-07,5,1017.8,1023.2,1013.3
3,2023-10-08,336,1022.5,1024.3,1020.1
3,2023-10-09,337,1013.0,1020.3,1007.7
3,2023-10-10,346,1008.6,1015.9,1003.7
3,2023-10-11,357,1018.8,1020.9,1016.0
3,2023-10-12,1,1018.0,1021.1,1016.7
3,2023-10-13,4,1012.3,1016.8,1010.5
3,2023-10-14,317,1007.7,1010.8,1003.6
3,2023-10-15,334,1001.9,1007.1,997.8
3,2023-10-16,241,1008.0,1011.3,1006.0
3,2023-10-17,8,1015.0,1019.7,1011.1
3,2023-10-18,210,1017.8,1019.9,1016.5
3,2023-10-19,216,1012.3,1017.1,1008.1
3,2023-10-20,209,1002.3,1007.2,1000.3
3,2023-10-21,7,1010.9,1019.5,1004.6
3,2023-10-22,217,1019.2,1020.9,1018.0
3,2023-10-23,334,1019.7,1021.3,1018.3
3,2023-10-24,355,1016.6,1020.7,1014.6
3,2023-10-25,345,1011.8,1014.6,1010.7
3,2023-10-26,351,1010.1,1011.9,1009.2
3,2023-10-27,340,1007.4,1009.5,1006.0
3,2023-10-28,345,1008.1,1011.0,1005.7
3,2023-10-29,357,1013.4,1017.8,1010.4
3,2023-10-30,99,1019.6,1022.0,1017.0
3,2023-10-31,267,1019.6,1021.9,1018.2
3,2023-11-01,227,1016.0,1019.5,1014.4
3,2023-11-02,343,1016.3,1017.8,1014.6
3,2023-11-03,211,1017.0,1018.7,1015.5
3,2023-11-04,330,1021.0,1024.8,1017.9
3,2023-11-05,336,1023.5,1025.7,1020.7
3,2023-11-06,191,1012.0,1020.0,1004.5
3,2023-11-07,333,1009.7,1018.4,1003.4
3,2023-11-08,14,1021.4,1024.9,1018.2
3,2023-11-09,342,1021.6,1024.8,1018.1
3,2023-11-10,356,1011.4,1017.6,1008.4
3,2023-11-11,4,1018.2,1020.5,1015.0
3,2023-11-12,16,1011.4,1017.7,1008.8
3,2023-11-13,346,1014.1,1019.5,1009.5
3,2023-11-14,333,1020.2,1022.5,1017.7
3,2023-11-15,347,1022.9,1024.1,1021.1
3,2023-11-16,347,1018.5,1025.1,1008.5
3,2023-11-17,225,1000.6,1007.5,997.3
3,2023-11-18,231,1001.6,1008.7,995.1
3,2023-11-19,238,1007.0,1009.1,1004.8
3,2023-11-20,8,1015.2,1022.9,1006.5
3,2023-11-21,262,1019.0,1023.0,1017.8
3,2023-11-22,74,1014.9,1018.4,1012.5
3,2023-11-23,223,1006.7,1012.2,1003.6
3,2023-11-24,355,1009.4,1020.7,1002.3
3,2023-11-25,10,1023.2,1025.6,1020.3
3,2023-11-26,6,1018.6,1023.6,1016.3
3,2023-11-27,218,1009.4,1016.4,1004.2
3,2023-11-28,246,1007.8,1013.8,1000.4
3,2023-11-29,243,1010.6,1013.7,1008.7
3,2023-11-30,5,1012.2,1015.0,1007.9
3,2023-12-01,347,1012.6,1015.6,1010.0
3,2023-12-02,1,1017.3,1018.8,1015.4
3,2023-12-03,276,1016.0,1019.3,1012.1
3,2023-12-04,13,1019.1,1020.0,1017.5
3,2023-12-05,342,1013.8,1019.7,1009.7
3,2023-12-06,289,1007.4,1010.4,1002.7
3,2023-12-07,247,1008.4,1017.9,999.4
3,2023-12-08,211,1018.2,1018.9,1016.3
3,2023-12-09,352,1017.6,1019.5,1015.2
3,2023-12-10,345,1019.9,1022.7,1017.6
3,2023-12-11,358,1016.5,1023.0,1006.4
3,2023-12-12,8,1010.3,1021.0,1002.8
3,2023-12-13,9,1024.8,1026.9,1021.5
3,2023-12-14,3,1022.7,1027.1,1017.3
3,2023-12-15,227,1006.4,1016.8,1000.9
3,2023-12-16,198,1001.5,1004.8,999.9
3,2023-12-17,46,1014.0,1021.4,1006.0
3,2023-12-18,2,1022.7,1024.2,1020.5
3,2023-12-19,345,1017.2,1023.7,1011.0
3,2023-12-20,268,1007.5,1010.7,1005.8
3,2023-12-21,246,1011.5,1016.4,1006.2
3,2023-12-22,247,1018.5,1024.2,1012.4
3,2023-12-23,299,1025.6,1027.5,1022.7
3,2023-12-24,334,1021.7,1027.9,1019.0
3,2023-12-25,321,1019.2,1022.5,1016.3
3,2023-12-26,251,1019.5,1022.9,1017.3
3,2023-12-27,4,1024.9,1026.5,1022.6
3,2023-12-28,357,1020.6,1025.7,1018.1
3,2023-12-29,348,1019.1,1020.3,1017.5
3,2023-12-30,337,1014.7,1020.2,1007.5
3,2023-12-31,351,1004.0,1014.0,999.4
3,2024-01-01,2,1020.8,1024.1,1015.6
3,2024-01-02,342,1015.0,1020.5,1012.9
3,2024-01-03,355,1008.1,1013.7,1003.3
3,2024-01-04,354,1015.4,1019.9,1007.4
3,2024-01-05,266,1014.6,1019.5,1012.7
3,2024-01-06,300,1007.3,1012.9,1004.6
3,2024-01-07,359,1007.7,1014.9,1005.4
3,2024-01-08,358,1017.9,1020.2,1014.9
3,2024-01-09,266,1012.2,1018.3,1009.8
3,2024-01-10,2,1010.7,1012.5,1007.3
3,2024-01-11,348,1010.2,1012.6,1008.0
3,2024-01-12,311,1006.3,1008.2,1003.4
3,2024-01-13,348,1012.9,1022.6,1003.8
3,2024-01-14,214,1012.4,1023.2,1004.3
3,2024-01-15,359,1010.1,1015.7,1005.8
3,2024-01-16,338,1020.7,1025.6,1015.2
3,2024-01-17,355,1021.6,1025.9,1018.7
3,2024-01-18,353,1016.8,1021.3,1014.2
3,2024-01-19,13,1024.0,1027.2,1019.8
3,2024-01-20,336,1022.9,1028.3,1012.6
3,2024-01-21,347,1009.7,1015.3,1004.1
3,2024-01-22,277,1008.7,1015.9,1003.3
3,2024-01-23,2,1000.4,1004.0,998.7
3,2024-01-24,268,1004.7,1008.3,1000.9
3,2024-01-25,314,1009.2,1011.3,1006.4
3,2024-01-26,341,1013.5,1016.1,1010.6
3,2024-01-27,354,1017.0,1018.7,1015.0
3,2024-01-28,346,1020.0,1024.5,1016.6
3,2024-01-29,360,1025.6,1026.8,1023.9
3,2024-01-30,353,1025.8,1027.4,1024.3
3,2024-01-31,227,1016.2,1024.1,1009.5
3,2024-02-01,17,1014.6,1021.1,1009.0
3,2024-02-02,4,1021.4,1024.3,1019.6
3,2024-02-03,5,1022.6,1024.8,1021.2
3,2024-02-04,1,1021.4,1022.8,1020.1
3,2024-02-05,344,1013.6,1020.7,1010.5
3,2024-02-06,2,1014.4,1015.4,1013.2
3,2024-02-07,330,1013.3,1015.0,1011.6
3,2024-02-08,350,1014.3,1017.3,1011.8
3,2024-02-09,358,1015.4,1017.5,1014.0
3,2024-02-10,333,1012.9,1015.9,1010.9
3,2024-02-11,346,1015.9,1018.0,1013.5
3,2024-02-12,347,1025.3,1028.8,1018.9
3,2024-02-13,233,1023.1,1027.3,1021.9
3,2024-02-14,207,1019.8,1023.4,1018.2
3,2024-02-15,214,1008.1,1017.4,999.6
3,2024-02-16,7,1018.3,1022.5,1010.6
3,2024-02-17,2,1024.1,1027.4,1021.3
3,2024-02-18,196,1025.8,1027.6,1024.1
3,2024-02-19,194,1015.5,1023.6,1010.7
3,2024-02-20,17,1017.2,1021.0,1011.6
3,2024-02-21,5,1015.6,1020.6,1013.1
3,2024-02-22,22,1019.1,1020.8,1016.3
3,2024-02-23,10,1021.1,1024.8,1018.5
3,2024-02-24,2,1023.7,1025.7,1022.1
3,2024-02-25,341,1013.9,1021.9,1009.2
3,2024-02-26,352,1010.8,1012.6,1008.5
3,2024-02-27,338,1016.4,1021.1,1011.9
3,2024-02-28,7,1022.6,1024.4,1019.7
3,2024-02-29,359,1013.9,1024.4,999.4
3,2024-03-01,17,1001.9,1008.4,998.6
3,2024-03-02,2,1011.3,1015.2,1008.3
3,2024-03-03,219,1012.1,1015.0,1008.1
3,2024-03-04,21,1017.2,1021.2,1013.0
3,2024-03-05,350,1012.8,1021.0,1004.1
3,2024-03-06,5,1006.3,1012.1,1002.5
3,2024-03-07,27,1010.7,1013.0,1006.7
3,2024-03-08,355,1003.6,1006.5,1001.0
3,2024-03-09,315,1012.1,1020.0,1006.2
3,2024-03-10,342,1022.8,1025.5,1019.7
3,2024-03-11,221,1018.3,1025.4,1012.3
3,2024-03-12,348,999.8,1011.8,992.3
3,2024-03-13,4,1012.0,1016.2,1006.1
3,2024-03-14,217,1014.7,1017.9,1011.7
3,2024-03-15,218,1013.3,1017.9,1011.2
3,2024-03-16,208,1016.0,1017.9,1011.1
3,2024-03-17,241,1002.7,1010.1,1000.0
3,2024-03-18,358,1011.5,1016.7,1005.4
3,2024-03-19,198,1008.2,1016.4,997.2
3,2024-03-20,320,998.8,1007.4,990.5
3,2024-03-21,349,1011.4,1017.1,1007.1
3,2024-03-22,334,1018.7,1020.4,1015.9
3,2024-03-23,13,1016.1,1019.7,1012.7
3,2024-03-24,321,1016.6,1019.5,1013.7
3,2024-03-25,343,1012.4,1014.4,1009.8
3,2024-03-26,351,1007.1,1016.9,998.5
3,2024-03-27,8,1020.7,1023.5,1017.2
3,2024-03-28,184,1016.2,1023.6,1005.0
3,2024-03-29,206,1003.3,1007.4,999.4
3,2024-03-30,102,1006.4,1007.5,1004.8
3,2024-03-31,298,1004.3,1006.0,1002.4
3,2024-04-01,18,1008.6,1015.6,1003.3
3,2024-04-02,211,1014.9,1016.0,1014.1
3,2024-04-03,356,1006.0,1015.0,999.5
3,2024-04-04,9,1010.2,1017.8,1005.1
3,2024-04-05,4,1019.0,1020.3,1017.8
3,2024-04-06,3,1017.1,1020.3,1015.4
3,2024-04-07,252,1016.1,1017.3,1014.1
3,2024-04-08,34,1011.8,1017.8,1002.3
3,2024-04-09,4,1010.7,1023.7,999.0
3,2024-04-10,40,1026.7,1028.3,1024.6
3,2024-04-11,278,1023.7,1028.2,1020.3
3,2024-04-12,4,1016.6,1019.9,1015.3
3,2024-04-13,29,1017.5,1020.4,1014.9
3,2024-04-14,195,1020.1,1021.0,1018.9
3,2024-04-15,198,1017.9,1020.9,1015.6
3,2024-04-16,199,1010.7,1015.7,1007.3
3,2024-04-17,351,1006.1,1007.4,1004.8
3,2024-04-18,1,1002.0,1006.1,999.4
3,2024-04-19,354,1005.9,1010.8,1002.0
3,2024-04-20,19,1011.2,1013.0,1009.0
3,2024-04-21,152,1011.3,1012.9,1010.5
3,2024-04-22,10,1012.0,1014.6,1009.6
3,2024-04-23,56,1014.8,1016.3,1013.6
3,2024-04-24,354,1007.2,1014.3,1002.1
3,2024-04-25,9,1006.2,1012.7,1001.6
3,2024-04-26,201,1011.6,1013.0,1010.1
3,2024-04-27,28,1009.8,1011.9,1008.1
3,2024-04-28,170,1011.9,1012.7,1011.0
3,2024-04-29,184,1007.3,1011.9,1002.7
3,2024-04-30,187,999.8,1002.7,997.9
3,2024-05-01,6,1007.5,1013.8,1001.6
3,2024-05-02,16,1016.5,1018.8,1013.7
3,2024-05-03,205,1016.3,1018.2,1014.7
3,2024-05-04,194,1018.8,1020.0,1017.5
3,2024-05-05,189,1018.7,1020.7,1017.1
3,2024-05-06,192,1013.3,1017.0,1009.4
3,2024-05-07,197,1003.6,1008.7,1001.9
3,2024-05-08,11,1006.7,1010.2,1002.3
3,2024-05-09,359,1013.6,1019.1,1008.5
3,2024-05-10,193,1019.1,1020.8,1016.8
3,2024-05-11,197,1017.9,1020.2,1016.3
3,2024-05-12,190,1011.0,1016.3,1004.2
3,2024-05-13,339,1007.9,1015.0,1002.9
3,2024-05-14,15,1015.9,1018.1,1014.6
3,2024-05-15,184,1009.5,1015.1,1004.5
3,2024-05-16,199,1002.9,1009.0,998.9
3,2024-05-17,316,1013.2,1017.7,1009.5
3,2024-05-18,47,1016.5,1017.8,1015.2
3,2024-05-19,248,1015.2,1017.9,1012.6
3,2024-05-20,56,1010.2,1011.9,1008.4
3,2024-05-21,11,1015.3,1019.7,1011.8
3,2024-05-22,207,1015.8,1019.5,1012.9
3,2024-05-23,194,1007.8,1012.4,1004.5
3,2024-05-24,16,1004.8,1010.1,1001.9
3,2024-05-25,188,1014.0,1016.6,1010.5
3,2024-05-26,193,1011.0,1016.1,1006.1
3,2024-05-27,190,1001.9,1005.7,1000.2
3,2024-05-28,184,996.9,1001.7,990.9
3,2024-05-29,353,1009.6,1013.7,1002.6
3,2024-05-30,199,1011.1,1013.8,1007.3
3,2024-05-31,354,1005.1,1007.2,1003.5
3,2024-06-01,95,1006.9,1008.4,1005.2
3,2024-06-02,262,1005.1,1006.6,1004.2
3,2024-06-03,360,1006.1,1008.7,1003.2
3,2024-06-04,13,1011.2,1015.4,1008.1
3,2024-06-05,159,1016.2,1018.2,1013.8
3,2024-06-06,193,1016.7,1018.2,1015.5
3,2024-06-07,352,1015.3,1016.2,1014.3
3,2024-06-08,194,1013.7,1015.9,1012.1
3,2024-06-09,192,1010.0,1013.4,1008.5
3,2024-06-10,187,1007.4,1008.8,1005.8
3,2024-06-11,194,1007.4,1008.4,1006.3
3,2024-06-12,188,1005.4,1008.3,1003.6
3,2024-06-13,184,1003.5,1006.2,1001.3
3,2024-06-14,194,1006.8,1008.0,1005.7
3,2024-06-15,265,1004.0,1007.9,1000.8
3,2024-06-16,210,1002.1,1006.2,999.0
3,2024-06-17,136,1006.1,1007.2,1005.2
3,2024-06-18,347,1003.8,1007.3,1001.9
3,2024-06-19,188,1008.0,1010.0,1006.5
3,2024-06-20,191,1007.4,1009.3,1005.7
3,2024-06-21,340,1003.5,1006.7,1000.1
3,2024-06-22,193,1003.9,1006.8,997.6
3,2024-06-23,190,996.8,999.3,994.7
3,2024-06-24,249,1001.4,1004.8,999.0
3,2024-06-25,213,1005.3,1009.0,1002.5
3,2024-06-26,357,1011.1,1014.5,1008.4
3,2024-06-27,194,1011.5,1014.2,1010.1
3,2024-06-28,3,1006.9,1010.3,1005.0
3,2024-06-29,173,1008.1,1009.6,1006.9
3,2024-06-30,197,1002.1,1007.4,997.5
3,2024-07-01,195,1001.5,1005.9,998.4
3,2024-07-02,1,1008.1,1011.5,1006.0
3,2024-07-03,196,1007.1,1011.5,1004.0
3,2024-07-04,352,1003.4,1004.3,1002.4
3,2024-07-05,22,1003.3,1004.7,1002.3
3,2024-07-06,169,1005.8,1007.6,1004.7
3,2024-07-07,175,1002.4,1005.0,1001.1
3,2024-07-08,148,1001.9,1003.8,1000.3
3,2024-07-09,208,1002.1,1004.4,1000.2
3,2024-07-10,204,999.6,1004.4,996.1
3,2024-07-11,199,998.8,1000.7,996.7
3,2024-07-12,347,1001.8,1006.5,999.5
3,2024-07-13,187,1009.4,1012.3,1006.5
3,2024-07-14,201,1011.8,1012.8,1010.7
3,2024-07-15,14,1013.9,1015.3,1011.7
3,2024-07-16,348,1012.8,1015.2,1011.0
3,2024-07-17,5,1009.7,1010.9,1008.5
3,2024-07-18,189,1008.4,1009.9,1007.7
3,2024-07-19,189,1006.7,1007.6,1005.8
3,2024-07-20,42,1007.6,1009.5,1005.2
3,2024-07-21,191,1007.6,1009.3,1006.3
3,2024-07-22,155,1006.4,1007.7,1005.3
3,2024-07-23,173,1004.3,1006.0,1002.8
3,2024-07-24,180,1003.4,1005.9,1001.7
3,2024-07-25,174,1008.0,1012.0,1005.5
3,2024-07-26,177,1013.9,1016.1,1011.8
3,2024-07-27,68,1014.0,1016.2,1011.9
3,2024-07-28,193,1007.1,1011.3,1004.9
3,2024-07-29,202,1000.1,1004.7,997.7
3,2024-07-30,212,999.4,1000.8,998.6
3,2024-07-31,5,1002.4,1004.7,1000.6
3,2024-08-01,15,1004.2,1005.4,1002.6
3,2024-08-02,174,1005.1,1006.6,1003.2
3,2024-08-03,193,1006.4,1007.5,1005.0
3,2024-08-04,193,1006.0,1007.3,1004.6
3,2024-08-05,191,1005.3,1005.9,1004.3
3,2024-08-06,5,1004.3,1005.5,1003.2
3,2024-08-07,10,1002.2,1004.0,1001.0
3,2024-08-08,340,1001.3,1002.5,1000.3
3,2024-08-09,358,999.3,1000.9,998.2
3,2024-08-10,16,998.2,999.2,997.0
3,2024-08-11,192,996.7,998.3,995.3
3,2024-08-12,190,1001.3,1005.4,998.4
3,2024-08-13,188,1005.1,1006.4,1003.7
3,2024-08-14,207,1005.7,1006.7,1004.8
3,2024-08-15,9,1003.9,1006.2,1001.8
3,2024-08-16,349,999.9,1001.9,998.4
3,2024-08-17,301,1005.2,1008.4,1002.3
3,2024-08-18,14,1008.3,1010.3,1006.4
3,2024-08-19,193,1010.7,1012.4,1008.7
3,2024-08-20,349,1010.4,1011.7,1008.8
3,2024-08-21,170,1010.5,1011.5,1009.4
3,2024-08-22,194,1010.1,1011.0,1009.6
3,2024-08-23,193,1009.7,1010.6,1008.3
3,2024-08-24,179,1009.6,1010.9,1008.2
3,2024-08-25,190,1009.3,1010.1,1008.1
3,2024-08-26,189,1010.3,1011.5,1009.1
3,2024-08-27,190,1009.4,1010.4,1008.4
3,2024-08-28,197,1010.0,1011.0,1008.7
3,2024-08-29,180,1008.1,1011.1,1005.0
3,2024-08-30,186,1003.4,1006.1,1001.6
3,2024-08-31,191,1003.0,1006.2,1000.7
3,2024-09-01,189,1006.8,1007.9,1005.8
3,2024-09-02,197,1007.1,1009.4,1005.1
3,2024-09-03,3,1008.8,1009.9,1007.7
3,2024-09-04,2,1008.1,1009.7,1006.7
3,2024-09-05,200,1006.7,1008.1,1005.1
3,2024-09-06,208,1010.0,1012.1,1008.1
3,2024-09-07,189,1011.4,1012.6,1010.2
3,2024-09-08,322,1011.7,1013.5,1009.8
3,2024-09-09,114,1014.9,1017.1,1012.5
3,2024-09-10,187,1015.9,1016.9,1014.5
3,2024-09-11,174,1014.9,1017.0,1014.0
3,2024-09-12,193,1011.4,1014.5,1009.3
3,2024-09-13,199,1007.0,1009.4,1005.7
3,2024-09-14,191,1008.2,1009.6,1006.7
3,2024-09-15,200,1011.1,1014.9,1008.1
3,2024-09-16,37,1015.8,1017.5,1014.8
3,2024-09-17,194,1012.1,1014.7,1010.9
3,2024-09-18,37,1011.8,1013.5,1010.5
3,2024-09-19,145,1012.8,1014.1,1011.0
3,2024-09-20,192,1007.8,1011.1,1005.6
3,2024-09-21,254,1005.2,1007.2,1002.8
3,2024-09-22,351,1003.5,1009.5,998.5
3,2024-09-23,10,1013.9,1017.7,1009.7
3,2024-09-24,1,1016.7,1018.3,1015.4
3,2024-09-25,345,1012.3,1015.1,1010.9
3,2024-09-26,12,1011.3,1012.6,1009.9
3,2024-09-27,360,1009.7,1012.2,1008.1
3,2024-09-28,3,1014.8,1018.2,1012.0
3,2024-09-29,347,1017.9,1019.0,1016.8
3,2024-09-30,0,1012.5,1017.1,1008.5
3,2024-10-01,342,1005.5,1008.8,1003.3
3,2024-10-02,199,1011.2,1017.9,1007.4
3,2024-10-03,156,1016.5,1018.4,1015.1
3,2024-10-04,213,1016.6,1019.3,1014.3
3,2024-10-05,351,1019.4,1020.0,1018.5
3,2024-10-06,11,1015.6,1019.7,1012.7
3,2024-10-07,208,1007.3,1012.2,1005.2
3,2024-10-08,354,1010.2,1011.6,1008.9
3,2024-10-09,350,1009.7,1011.1,1008.4
3,2024-10-10,352,1011.0,1013.3,1009.0
3,2024-10-11,356,1015.7,1019.7,1011.9
3,2024-10-12,1,1020.5,1022.4,1018.7
3,2024-10-13,355,1022.4,1024.0,1020.5
3,2024-10-14,358,1023.0,1024.2,1021.6
3,2024-10-15,216,1019.1,1022.6,1016.9
3,2024-10-16,354,1018.7,1020.9,1016.8
3,2024-10-17,360,1021.3,1022.3,1019.5
3,2024-10-18,343,1016.8,1022.2,1010.7
3,2024-10-19,360,1011.0,1022.9,1005.6
3,2024-10-20,2,1028.4,1031.0,1023.9
3,2024-10-21,345,1027.8,1030.8,1024.9
3,2024-10-22,353,1019.3,1024.6,1015.0
3,2024-10-23,198,1011.4,1014.4,1010.0
3,2024-10-24,3,1016.7,1021.9,1013.0
3,2024-10-25,357,1022.3,1023.7,1021.0
3,2024-10-26,351,1017.7,1021.2,1015.2
3,2024-10-27,201,1008.1,1014.7,1003.8
3,2024-10-28,5,1010.7,1018.8,1004.5
3,2024-10-29,347,1016.6,1019.7,1011.4
3,2024-10-30,358,1015.1,1022.8,1009.5
3,2024-10-31,336,1023.3,1024.2,1021.8
3,2024-11-01,29,1018.2,1023.0,1012.4
3,2024-11-02,5,1008.9,1014.7,1004.3
3,2024-11-03,6,1018.9,1021.2,1015.4
3,2024-11-04,224,1014.5,1019.9,1012.0
3,2024-11-05,359,1013.4,1014.8,1011.5
3,2024-11-06,1,1014.7,1019.3,1011.8
3,2024-11-07,3,1023.1,1027.8,1019.6
3,2024-11-08,2,1026.3,1027.9,1025.2
3,2024-11-09,349,1025.8,1027.4,1024.7
3,2024-11-10,357,1019.2,1024.8,1013.5
3,2024-11-11,357,1013.4,1015.2,1010.8
3,2024-11-12,334,1012.7,1016.6,1010.9
3,2024-11-13,1,1020.0,1022.3,1017.0
3,2024-11-14,340,1019.6,1022.6,1016.9
3,2024-11-15,347,1017.1,1020.9,1013.9
3,2024-11-16,334,1017.3,1020.9,1012.8
3,2024-11-17,11,1009.1,1012.9,1007.1
3,2024-11-18,8,1017.8,1023.7,1013.4
3,2024-11-19,0,1024.0,1025.3,1022.7
3,2024-11-20,345,1017.0,1023.1,1012.1
3,2024-11-21,332,1011.5,1013.2,1010.1
3,2024-11-22,347,1009.6,1013.7,1007.1
3,2024-11-23,0,1017.5,1021.8,1013.6
3,2024-11-24,359,1023.1,1026.9,1019.9
3,2024-11-25,344,1026.8,1028.4,1025.3
3,2024-11-26,344,1013.3,1025.4,1004.0
3,2024-11-27,208,1002.5,1004.3,1000.8
3,2024-11-28,230,1002.3,1004.6,999.7
3,2024-11-29,283,999.4,1001.3,997.1
3,2024-11-30,270,1005.2,1011.8,1001.0
3,2024-12-01,296,1013.3,1016.0,1010.9
3,2024-12-02,292,1014.9,1016.3,1013.7
3,2024-12-03,296,1010.4,1014.3,1008.5
3,2024-12-04,352,1007.6,1009.3,1006.2
3,2024-12-05,301,1005.5,1007.3,1003.7
3,2024-12-06,264,1007.7,1011.7,1004.2
3,2024-12-07,327,1009.5,1012.4,1007.0
3,2024-12-08,345,1010.3,1015.1,1005.0
3,2024-12-09,339,1014.4,1015.9,1013.7
3,2024-12-10,315,1013.1,1015.3,1011.3
3,2024-12-11,1,1010.9,1014.2,1007.5
3,2024-12-12,349,1015.1,1017.1,1013.0
3,2024-12-13,346,1007.6,1015.7,1001.5
3,2024-12-14,342,1010.0,1012.5,1006.8
3,2024-12-15,272,1008.2,1011.6,1006.3
3,2024-12-16,312,1011.5,1012.9,1010.0
3,2024-12-17,289,1011.8,1013.9,1010.4
3,2024-12-18,352,1013.0,1014.6,1010.2
3,2024-12-19,349,1016.6,1019.9,1012.8
3,2024-12-20,253,1016.0,1021.3,1010.7
3,2024-12-21,219,1002.2,1010.6,998.0
3,2024-12-22,347,1007.9,1012.9,1003.4
3,2024-12-23,274,1012.1,1014.6,1010.2
3,2024-12-24,310,1018.0,1023.9,1012.8
3,2024-12-25,284,1018.7,1025.0,1010.8
3,2024-12-26,317,1006.6,1010.4,1004.5
3,2024-12-27,300,1008.0,1009.4,1005.4
3,2024-12-28,295,1010.4,1013.9,1006.1
3,2024-12-29,325,1016.3,1020.3,1010.3
3,2024-12-30,266,1013.8,1020.8,1004.6
3,2024-12-31,336,1004.7,1013.2,997.3
3,2025-01-01,305,1013.6,1014.6,1012.6
3,2025-01-02,338,1012.5,1014.3,1011.2
3,2025-01-03,353,1012.5,1016.2,1010.1
3,2025-01-04,334,1019.1,1021.5,1016.2
3,2025-01-05,269,1019.5,1022.6,1017.3
3,2025-01-06,330,1004.5,1017.5,996.6
3,2025-01-07,236,1001.1,1007.5,996.9
3,2025-01-08,241,1007.4,1009.0,1005.0
3,2025-01-09,239,1005.3,1009.8,1000.8
3,2025-01-10,314,1014.5,1017.7,1010.6
3,2025-01-11,328,1019.3,1021.0,1017.5
3,2025-01-12,323,1013.7,1019.6,1010.7
3,2025-01-13,352,1016.5,1019.1,1012.7
3,2025-01-14,283,1013.5,1017.8,1010.0
3,2025-01-15,325,1011.2,1017.0,1004.8
3,2025-01-16,333,1013.7,1017.7,1010.9
3,2025-01-17,349,1018.0,1021.8,1014.4
3,2025-01-18,2,1021.5,1022.8,1020.2
3,2025-01-19,336,1014.8,1020.6,1010.9
3,2025-01-20,348,1009.9,1012.8,1007.2
3,2025-01-21,353,1014.5,1017.9,1011.9
3,2025-01-22,343,1019.2,1021.3,1016.5
3,2025-01-23,312,1018.6,1021.7,1016.9
3,2025-01-24,358,1018.9,1020.9,1017.4
3,2025-01-25,359,1017.2,1019.8,1015.8
3,2025-01-26,345,1014.3,1016.3,1012.9
3,2025-01-27,267,1009.5,1014.9,1005.7
3,2025-01-28,226,1005.3,1007.0,1001.3
3,2025-01-29,231,1008.6,1010.8,1005.0
3,2025-01-30,300,1013.1,1017.8,1008.4
3,2025-01-31,333,1018.7,1021.6,1015.7
3,2025-02-01,338,1017.3,1021.9,1015.1
3,2025-02-02,342,1012.0,1016.4,1008.6
3,2025-02-03,334,1001.0,1007.9,996.7
3,2025-02-04,347,997.8,1001.1,994.8
3,2025-02-05,216,1001.6,1006.9,997.1
3,2025-02-06,236,1006.5,1007.8,1004.4
3,2025-02-07,260,1001.5,1006.9,997.6
3,2025-02-08,312,1008.2,1012.9,1003.4
3,2025-02-09,343,1013.4,1015.7,1010.5
3,2025-02-10,308,1014.1,1017.7,1012.2
3,2025-02-11,320,1020.1,1022.8,1017.0
3,2025-02-12,199,1005.0,1021.0,992.5
3,2025-02-13,356,1007.9,1013.2,998.6
3,2025-02-14,293,1013.7,1017.7,1010.1
3,2025-02-15,214,1013.9,1018.1,1010.6
3,2025-02-16,336,1005.6,1010.6,1002.4
3,2025-02-17,353,1004.2,1010.1,997.9
3,2025-02-18,306,1008.3,1010.4,1006.4
3,2025-02-19,338,1013.1,1017.3,1008.6
3,2025-02-20,302,1016.9,1019.2,1014.8
3,2025-02-21,326,1018.0,1019.4,1016.1
3,2025-02-22,337,1017.9,1020.8,1014.0
3,2025-02-23,307,1016.4,1020.9,1014.2
3,2025-02-24,348,1017.9,1023.2,1013.1
3,2025-02-25,204,1018.0,1023.8,1013.0
3,2025-02-26,27,1013.4,1018.0,1009.1
3,2025-02-27,248,1018.3,1019.7,1016.5
3,2025-02-28,322,1017.1,1020.0,1014.1
3,2025-03-01,214,1015.3,1020.2,1013.0
3,2025-03-02,17,1010.5,1014.0,1009.0
3,2025-03-03,7,1019.5,1026.3,1012.8
3,2025-03-04,344,1021.8,1026.5,1015.2
3,2025-03-05,339,1008.8,1015.1,1006.1
3,2025-03-06,359,1011.4,1016.4,1007.9
3,2025-03-07,5,1021.6,1027.5,1016.4
3,2025-03-08,350,1024.3,1027.5,1022.2
3,2025-03-09,358,1024.9,1028.6,1021.3
3,2025-03-10,197,1026.2,1028.7,1024.4
3,2025-03-11,236,1020.0,1024.6,1018.0
3,2025-03-12,310,1012.2,1018.1,1008.2
3,2025-03-13,24,1013.7,1020.0,1009.5
3,2025-03-14,355,1020.7,1024.2,1018.0
3,2025-03-15,335,1020.3,1024.3,1010.4
3,2025-03-16,326,996.8,1008.9,989.7
3,2025-03-17,357,1004.5,1012.8,994.2
3,2025-03-18,318,1007.7,1013.1,1001.4
3,2025-03-19,344,1011.9,1018.4,1001.7
3,2025-03-20,344,1013.9,1018.3,1012.5
3,2025-03-21,205,1007.2,1012.6,1005.4
3,2025-03-22,214,1002.3,1005.2,999.9
3,2025-03-23,27,1007.6,1011.5,1002.6
3,2025-03-24,208,1004.8,1011.5,1001.7
3,2025-03-25,194,999.6,1002.7,996.6
3,2025-03-26,39,1005.5,1010.4,997.9
3,2025-03-27,187,1002.0,1009.7,995.9
3,2025-03-28,12,1000.9,1011.8,993.4
3,2025-03-29,8,1016.4,1018.5,1011.8
3,2025-03-30,16,1019.0,1025.4,1014.4
3,2025-03-31,349,1025.3,1026.7,1024.1
3,2025-04-01,336,1020.0,1025.6,1013.2
3,2025-04-02,350,1012.2,1013.8,1010.8
3,2025-04-03,360,1011.2,1012.7,1009.8
3,2025-04-04,8,1014.9,1019.3,1011.2
3,2025-04-05,193,1016.4,1019.5,1014.4
3,2025-04-06,218,1011.2,1015.3,1009.7
3,2025-04-07,327,1012.3,1014.3,1010.0
3,2025-04-08,216,1006.4,1012.7,1004.2
3,2025-04-09,191,1010.3,1013.0,1007.0
3,2025-04-10,200,1006.7,1010.7,1004.6
3,2025-04-11,353,1006.7,1011.7,1003.7
3,2025-04-12,84,1012.1,1014.4,1010.2
3,2025-04-13,149,1003.4,1010.3,996.6
3,2025-04-14,196,995.7,998.3,991.5
3,2025-04-15,221,994.1,1003.1,987.3
3,2025-04-16,211,1006.7,1012.5,1000.5
3,2025-04-17,206,1010.8,1012.7,1008.1
3,2025-04-18,195,1010.3,1012.9,1008.9
3,2025-04-19,190,1010.5,1012.6,1009.1
3,2025-04-20,216,1009.1,1013.1,1006.7
3,2025-04-21,189,1014.7,1016.7,1011.7
3,2025-04-22,189,1009.7,1015.6,1004.1
3,2025-04-23,298,999.6,1003.7,997.5
3,2025-04-24,186,1002.7,1004.2,1000.8
3,2025-04-25,9,1006.4,1012.3,1002.3
3,2025-04-26,216,1013.2,1015.1,1010.3
3,2025-04-27,204,1009.9,1015.1,1007.7
3,2025-04-28,203,1001.9,1007.7,996.9
3,2025-04-29,24,1004.9,1013.7,998.6
3,2025-04-30,222,1017.0,1020.9,1013.7
3,2025-05-01,187,1017.1,1020.6,1011.9
3,2025-05-02,336,1002.8,1011.2,998.9
3,2025-05-03,190,1003.4,1005.0,1002.0
3,2025-05-04,10,1004.9,1010.9,998.6
3,2025-05-05,196,1010.6,1012.1,1009.2
3,2025-05-06,348,1001.0,1008.4,996.7
3,2025-05-07,359,1010.2,1019.0,1001.2
3,2025-05-08,192,1021.2,1023.3,1018.8
3,2025-05-09,189,1014.9,1022.3,1004.0
3,2025-05-10,177,996.6,1003.1,994.1
3,2025-05-11,153,1002.5,1005.3,999.5
3,2025-05-12,356,1008.9,1014.9,1005.1
3,2025-05-13,197,1016.9,1019.6,1014.7
3,2025-05-14,201,1018.8,1019.9,1017.5
3,2025-05-15,197,1018.4,1019.9,1017.3
3,2025-05-16,198,1016.2,1019.4,1012.5
3,2025-05-17,198,1004.8,1011.4,1002.9
3,2025-05-18,207,1003.8,1007.9,1001.7
3,2025-05-19,193,1009.0,1010.5,1007.3
3,2025-05-20,208,1008.0,1010.0,1005.8
3,2025-05-21,190,1004.1,1010.3,999.0
3,2025-05-22,11,1002.5,1009.7,998.0
3,2025-05-23,14,1012.8,1014.8,1010.1
3,2025-05-24,5,1008.1,1013.5,999.7
3,2025-05-25,343,1004.7,1013.5,998.4
3,2025-05-26,2,1017.8,1021.0,1013.8
3,2025-05-27,1,1019.1,1021.1,1017.1
3,2025-05-28,37,1016.2,1017.3,1014.5
3,2025-05-29,340,1013.7,1016.3,1010.6
3,2025-05-30,356,1005.2,1010.1,1000.5
3,2025-05-31,347,997.3,1000.6,994.0
3,2025-06-01,187,1003.5,1006.3,1000.4
3,2025-06-02,188,1003.5,1006.0,1001.4
3,2025-06-03,312,995.9,1001.6,993.0
3,2025-06-04,331,1000.0,1006.1,996.1
3,2025-06-05,196,1008.6,1011.9,1005.6
3,2025-06-06,192,1009.6,1011.5,1008.7
3,2025-06-07,185,1007.1,1008.9,1006.3
3,2025-06-08,196,1008.8,1010.9,1007.2
3,2025-06-09,199,1010.4,1011.3,1009.4
3,2025-06-10,192,1006.0,1009.3,1003.1
3,2025-06-11,356,1007.8,1011.3,1005.5
3,2025-06-12,316,1013.9,1016.9,1011.5
3,2025-06-13,188,1015.5,1017.1,1013.7
3,2025-06-14,191,1005.5,1013.4,998.4
3,2025-06-15,212,998.4,1002.6,995.5
3,2025-06-16,184,1001.7,1004.1,1000.2
3,2025-06-17,19,1006.3,1010.0,1003.4
3,2025-06-18,35,1010.9,1012.8,1009.3
3,2025-06-19,195,1012.9,1014.1,1011.8
3,2025-06-20,192,1012.5,1013.6,1011.8
3,2025-06-21,191,1008.0,1011.7,1005.8
3,2025-06-22,197,1005.2,1006.7,1003.6
3,2025-06-23,195,1008.6,1012.2,1006.3
3,2025-06-24,196,1012.4,1013.3,1011.4
3,2025-06-25,267,1010.2,1013.2,1007.4
3,2025-06-26,188,1004.1,1006.9,1003.1
3,2025-06-27,9,1003.3,1004.7,1001.6
3,2025-06-28,168,1005.7,1007.7,1003.6
3,2025-06-29,185,1008.1,1010.1,1006.7
3,2025-06-30,184,1010.3,1011.8,1008.9
3,2025-07-01,175,1011.5,1012.9,1010.5
3,2025-07-02,176,1011.4,1012.9,1010.3
3,2025-07-03,197,1009.5,1011.1,1008.1
3,2025-07-04,199,1005.2,1007.8,1003.2
3,2025-07-05,344,1002.0,1003.4,1000.9
3,2025-07-06,299,1001.7,1003.1,999.8
3,2025-07-07,200,1004.2,1006.7,1002.3
3,2025-07-08,189,1007.6,1009.5,1006.0
3,2025-07-09,193,1009.0,1009.7,1007.9
3,2025-07-10,2,1010.3,1012.5,1008.1
3,2025-07-11,13,1012.0,1013.5,1011.2
3,2025-07-12,47,1008.3,1011.1,1007.1
3,2025-07-13,179,1002.8,1006.6,998.2
3,2025-07-14,190,997.9,1001.7,994.4
3,2025-07-15,183,1005.4,1010.9,1002.1
3,2025-07-16,189,1014.0,1016.5,1011.4
3,2025-07-17,190,1015.6,1016.6,1014.8
3,2025-07-18,191,1015.1,1016.4,1014.0
3,2025-07-19,194,1014.6,1015.7,1013.4
3,2025-07-20,175,1014.6,1015.6,1013.4
3,2025-07-21,188,1014.0,1015.1,1013.2
3,2025-07-22,186,1012.5,1013.7,1011.7
3,2025-07-23,186,1010.9,1012.1,1010.1
3,2025-07-24,190,1009.9,1010.9,1008.8
3,2025-07-25,181,1009.7,1010.5,1008.9
3,2025-07-26,180,1008.4,1009.8,1007.4
3,2025-07-27,180,1005.2,1007.5,1004.1
3,2025-07-28,193,1002.2,1003.8,1001.4
3,2025-07-29,37,1001.3,1002.4,999.6
3,2025-07-30,26,1002.6,1004.3,1000.3
3,2025-07-31,14,1002.4,1003.9,1001.0
3,2025-08-01,356,997.1,1001.3,994.1
3,2025-08-02,115,998.6,1000.4,996.6
3,2025-08-03,103,1001.9,1004.7,998.9
3,2025-08-04,195,1003.1,1004.5,1001.7
3,2025-08-05,217,1001.8,1003.3,1000.4
3,2025-08-06,143,998.7,1002.5,995.4
3,2025-08-07,285,996.1,999.2,993.6
3,2025-08-08,323,1001.7,1005.1,998.3
3,2025-08-09,188,1004.4,1005.8,1003.6
3,2025-08-10,191,1003.1,1004.5,1001.5
3,2025-08-11,193,1005.4,1006.9,1003.8
3,2025-08-12,170,1010.3,1014.4,1007.0
3,2025-08-13,99,1014.9,1016.3,1013.5
3,2025-08-14,196,1013.9,1016.1,1012.5
3,2025-08-15,186,1011.5,1012.6,1010.5
3,2025-08-16,186,1011.9,1012.7,1010.9
3,2025-08-17,191,1011.0,1012.8,1009.7
3,2025-08-18,177,1011.9,1013.0,1010.7
3,2025-08-19,184,1009.1,1011.5,1007.8
3,2025-08-20,190,1007.9,1009.5,1006.5
3,2025-08-21,307,1008.3,1009.5,1007.0
3,2025-08-22,164,1008.5,1009.2,1007.6
3,2025-08-23,169,1008.5,1010.5,1006.9
3,2025-08-24,343,1010.1,1012.0,1008.5
3,2025-08-25,183,1011.2,1012.2,1010.3
3,2025-08-26,193,1008.1,1010.9,1006.6
3,2025-08-27,233,1007.7,1011.4,1004.5
3,2025-08-28,150,1012.4,1014.0,1010.3
3,2025-08-29,190,1012.0,1013.9,1011.3
3,2025-08-30,194,1010.7,1011.8,1009.4
3,2025-08-31,185,1010.6,1011.8,1009.7
3,2025-09-01,189,1008.4,1010.4,1007.3
3,2025-09-02,197,1007.1,1009.3,1005.3
3,2025-09-03,320,1010.1,1012.7,1007.9
3,2025-09-04,191,1010.2,1012.8,1007.1
3,2025-09-05,349,1003.5,1007.9,998.1
3,2025-09-06,191,1008.1,1009.9,1007.1
3,2025-09-07,178,1006.2,1007.9,1005.2
3,2025-09-08,4,1007.8,1009.7,1005.7
3,2025-09-09,199,1009.2,1011.5,1007.5
3,2025-09-10,186,1010.5,1011.6,1009.9
3,2025-09-11,360,1013.9,1016.6,1011.1
3,2025-09-12,6,1015.4,1017.1,1013.1
3,2025-09-13,193,1008.6,1012.8,1005.6
3,2025-09-14,4,1009.5,1013.6,1006.5
3,2025-09-15,156,1013.5,1014.5,1012.1
3,2025-09-16,196,1011.4,1014.0,1008.9
3,2025-09-17,166,1006.5,1009.1,1004.7
3,2025-09-18,13,1009.1,1016.1,1003.2
3,2025-09-19,1,1015.7,1017.3,1014.6
3,2025-09-20,200,1007.0,1014.4,1002.2
3,2025-09-21,352,1011.6,1018.1,1005.0
3,2025-09-22,1,1020.0,1021.7,1017.6
3,2025-09-23,355,1020.7,1021.6,1019.2
3,2025-09-24,26,1020.0,1021.7,1018.5
3,2025-09-25,205,1014.7,1018.4,1012.7
3,2025-09-26,358,1012.7,1015.0,1010.7
3,2025-09-27,293,1014.3,1015.3,1012.4
3,2025-09-28,197,1008.0,1014.9,1000.1
3,2025-09-29,1,1003.3,1010.6,998.2
3,2025-09-30,1,1010.7,1012.0,1009.1
3,2025-10-01,329,1010.7,1013.7,1008.7
3,2025-10-02,323,1016.6,1021.1,1013.2
3,2025-10-03,336,1020.4,1021.5,1019.5
3,2025-10-04,344,1015.9,1019.5,1013.3
3,2025-10-05,215,1009.0,1013.3,1006.8
3,2025-10-06,8,1013.8,1019.2,1008.6
3,2025-10-07,354,1016.3,1019.1,1013.5
3,2025-10-08,8,1010.6,1013.4,1009.4
3,2025-10-09,7,1014.7,1018.8,1010.3
3,2025-10-10,321,1017.5,1018.7,1016.2
3,2025-10-11,359,1014.1,1019.0,1010.4
3,2025-10-12,337,1008.1,1011.0,1006.5
3,2025-10-13,14,1011.0,1017.5,1005.3
3,2025-10-14,7,1017.8,1019.7,1016.2
3,2025-10-15,357,1020.4,1022.0,1019.1
3,2025-10-16,347,1013.8,1018.9,1011.1
3,2025-10-17,11,1020.9,1023.2,1019.4
3,2025-10-18,206,1014.4,1018.9,1012.5
3,2025-10-19,17,1018.0,1020.5,1015.8
3,2025-10-20,11,1018.7,1023.8,1014.5
3,2025-10-21,357,1024.8,1026.3,1023.0
3,2025-10-22,347,1025.7,1026.8,1024.5
3,2025-10-23,354,1024.2,1026.2,1022.6
3,2025-10-24,340,1023.8,1025.2,1022.9
3,2025-10-25,345,1018.7,1024.4,1013.7
3,2025-10-26,357,1006.1,1013.3,1002.4
3,2025-10-27,344,1008.5,1014.3,1005.4
3,2025-10-28,351,1019.3,1025.8,1014.4
3,2025-10-29,355,1026.5,1028.0,1024.5
3,2025-10-30,342,1024.2,1027.8,1021.9
3,2025-10-31,340,1006.9,1021.9,995.8
3,2025-11-01,279,1003.9,1010.2,999.0
3,2025-11-02,225,1008.9,1011.8,1007.0
3,2025-11-03,348,1019.6,1026.8,1012.5
3,2025-11-04,344,1025.6,1028.3,1024.7
3,2025-11-05,343,1021.0,1025.6,1017.2
3,2025-11-06,341,1014.9,1017.3,1012.8
3,2025-11-07,350,1019.5,1025.1,1015.8
3,2025-11-08,4,1022.8,1025.8,1018.9
3,2025-11-09,360,1007.1,1018.2,1000.8
3,2025-11-10,340,1007.6,1014.1,1001.0
3,2025-11-11,348,1016.8,1022.5,1013.1
3,2025-11-12,333,1019.2,1022.9,1015.5
3,2025-11-13,335,1011.2,1015.9,1009.3
3,2025-11-14,347,1015.0,1021.0,1011.1
3,2025-11-15,356,1024.2,1027.7,1020.6
3,2025-11-16,333,1023.1,1027.9,1017.4
3,2025-11-17,228,1009.1,1015.9,1006.5
3,2025-11-18,346,1011.6,1018.7,1007.2
3,2025-11-19,332,1020.2,1021.2,1018.5
3,2025-11-20,292,1017.2,1021.1,1014.9
3,2025-11-21,323,1014.3,1020.4,1010.6
3,2025-11-22,347,1022.0,1023.0,1020.2
3,2025-11-23,339,1019.1,1023.1,1017.2
3,2025-11-24,314,1013.6,1017.6,1011.7
3,2025-11-25,300,1008.3,1011.9,1006.6
3,2025-11-26,350,1017.0,1021.0,1011.0
3,2025-11-27,207,1011.4,1021.1,1003.0
3,2025-11-28,346,1009.2,1015.5,1003.6
3,2025-11-29,336,1016.1,1018.0,1014.3
3,2025-11-30,337,1015.8,1018.1,1014.1
3,2025-12-01,287,1012.1,1014.3,1010.3
3,2025-12-02,336,1009.5,1014.0,1005.8
3,2025-12-03,316,1003.4,1011.4,999.7
3,2025-12-04,296,1013.0,1014.6,1011.4
3,2025-12-05,323,1016.9,1022.0,1011.5
3,2025-12-06,289,1018.9,1022.7,1016.4
3,2025-12-07,273,1015.7,1017.3,1014.5
3,2025-12-08,348,1013.8,1018.1,1009.9
3,2025-12-09,345,1019.0,1020.1,1017.1
3,2025-12-10,329,1019.8,1021.5,1017.8
3,2025-12-11,252,1011.2,1018.6,1006.1
3,2025-12-12,0,1022.4,1026.1,1018.0
3,2025-12-13,350,1018.9,1026.9,1005.7
3,2025-12-14,310,1001.4,1010.0,997.2
3,2025-12-15,344,1015.5,1019.7,1011.0
3,2025-12-16,290,1016.7,1019.7,1015.8
3,2025-12-17,343,1014.3,1018.9,1011.6
3,2025-12-18,354,1023.9,1028.2,1019.7
3,2025-12-19,347,1026.5,1029.1,1024.9
3,2025-12-20,235,1019.8,1025.1,1015.0
3,2025-12-21,353,1012.7,1019.0,1010.0
3,2025-12-22,359,1025.5,1030.1,1020.2
3,2025-12-23,348,1024.4,1030.4,1018.8
3,2025-12-24,356,1009.6,1018.5,1003.1
3,2025-12-25,3,996.1,1003.3,992.1
3,2025-12-26,346,1008.4,1017.3,998.2
3,2025-12-27,330,1016.9,1018.6,1015.8
3,2025-12-28,339,1019.8,1021.2,1017.9
3,2025-12-29,260,1014.3,1019.9,1011.9
3,2025-12-30,313,1010.8,1013.2,1009.5
3,2025-12-31,319,1008.9,1011.3,1007.4
3,2026-01-01,345,1008.1,1010.2,1007.2
3,2026-01-02,343,1006.5,1010.6,1002.4
3,2026-01-03,299,1012.1,1015.2,1009.2
3,2026-01-04,259,1011.3,1015.9,1008.6
3,2026-01-05,352,1006.4,1012.5,1001.6
3,2026-01-06,345,1014.7,1016.8,1011.6
3,2026-01-07,344,1010.2,1016.7,1005.3
3,2026-01-08,346,1009.9,1016.8,1003.9
3,2026-01-09,304,1016.9,1017.9,1015.6
3,2026-01-10,194,1005.8,1015.8,997.8
3,2026-01-11,262,1003.6,1013.2,994.0
3,2026-01-12,255,1010.4,1013.8,1006.8
3,2026-01-13,221,1003.0,1009.1,998.9
3,2026-01-14,328,1014.0,1017.4,1009.1
3,2026-01-15,224,1010.3,1017.3,1007.4
3,2026-01-16,350,1011.8,1014.0,1009.1
3,2026-01-17,345,1012.4,1017.4,1008.4
3,2026-01-18,1,1017.9,1019.3,1016.0
3,2026-01-19,290,1007.0,1016.6,1001.4
3,2026-01-20,1,1008.4,1010.8,1005.3
3,2026-01-21,305,1006.9,1010.6,1003.9
3,2026-01-22,293,1011.1,1014.5,1007.6
3,2026-01-23,230,1013.0,1015.6,1010.9
3,2026-01-24,287,1008.6,1011.2,1006.3
3,2026-01-25,344,1013.8,1018.6,1009.1
3,2026-01-26,333,1016.1,1019.4,1013.4
3,2026-01-27,340,1010.8,1013.8,1008.1
3,2026-01-28,2,1014.2,1016.0,1011.9
3,2026-01-29,328,1013.7,1016.5,1011.7
3,2026-01-30,322,1014.6,1016.4,1012.6
3,2026-01-31,288,1014.5,1016.2,1012.9
