location_id,city/town,latitude,longitude,elevation,utc_offset_seconds,timezone,timezone_abbreviation
0,Oita,33.216167,131.67488,6.0,32400,Asia/Tokyo,GMT+9
1,Nakatsu,33.56766,131.26395,5.0,32400,Asia/Tokyo,GMT+9
2,Saeki,32.93497,131.91176,4.0,32400,Asia/Tokyo,GMT+9
3,Hita,33.286465,130.94945,91.0,32400,Asia/Tokyo,GMT+9
4,Beppu,33.286465,131.50432,52.0,32400,Asia/Tokyo,GMT+9

location_id,time,surface_pressure_mean (hPa),surface_pressure_max (hPa),surface_pressure_min (hPa),wind_direction_10m_dominant (°)
0,2021-01-01,1023.5,1025.3,1021.6,299
0,2021-01-02,1024.2,1026.4,1023.0,298
0,2021-01-03,1028.6,1030.5,1026.1,316
0,2021-01-04,1028.4,1030.4,1026.5,329
0,2021-01-05,1023.3,1026.0,1020.9,339
0,2021-01-06,1020.6,1022.1,1019.4,311
0,2021-01-07,1017.7,1020.4,1015.0,289
0,2021-01-08,1019.3,1020.3,1017.6,294
0,2021-01-09,1019.6,1020.8,1017.9,296
0,2021-01-10,1024.0,1025.8,1020.6,303
0,2021-01-11,1024.0,1027.8,1019.9,109
0,2021-01-12,1017.3,1019.3,1015.3,304
0,2021-01-13,1018.9,1020.4,1017.5,194
0,2021-01-14,1021.2,1022.5,1020.3,175
0,2021-01-15,1019.3,1022.2,1016.2,190
0,2021-01-16,1016.9,1020.0,1015.0,305
0,2021-01-17,1022.2,1024.3,1019.9,311
0,2021-01-18,1020.7,1023.8,1017.4,262
0,2021-01-19,1026.3,1030.1,1021.2,336
0,2021-01-20,1029.3,1031.2,1028.0,23
0,2021-01-21,1024.6,1028.4,1020.2,173
0,2021-01-22,1017.2,1019.7,1015.6,116
0,2021-01-23,1014.2,1016.1,1012.4,6
0,2021-01-24,1018.8,1023.6,1014.5,2
0,2021-01-25,1024.2,1026.5,1022.8,355
0,2021-01-26,1016.4,1022.3,1011.2,185
0,2021-01-27,1016.4,1018.1,1014.0,334
0,2021-01-28,1013.1,1016.7,1009.8,308
0,2021-01-29,1019.7,1023.9,1015.3,305
0,2021-01-30,1025.9,1027.6,1024.2,284
0,2021-01-31,1028.4,1030.4,1027.3,155
0,2021-02-01,1019.7,1027.6,1014.7,189
0,2021-02-02,1018.3,1022.0,1015.4,318
0,2021-02-03,1023.8,1026.0,1022.1,315
0,2021-02-04,1022.9,1024.0,1021.8,275
0,2021-02-05,1021.9,1024.2,1018.7,156
0,2021-02-06,1016.6,1018.5,1014.4,127
0,2021-02-07,1017.4,1018.6,1016.4,290
0,2021-02-08,1019.3,1023.4,1017.0,312
0,2021-02-09,1024.4,1025.7,1023.0,330
0,2021-02-10,1023.3,1025.1,1020.9,147
0,2021-02-11,1023.2,1025.2,1022.1,176
0,2021-02-12,1023.1,1024.3,1021.9,160
0,2021-02-13,1023.6,1025.3,1022.1,166
0,2021-02-14,1016.1,1021.8,1008.6,140
0,2021-02-15,1004.5,1009.7,1001.7,294
0,2021-02-16,1012.5,1015.2,1010.1,308
0,2021-02-17,1012.6,1015.1,1010.7,292
0,2021-02-18,1016.7,1020.5,1015.1,305
0,2021-02-19,1019.4,1021.3,1017.3,165
0,2021-02-20,1015.1,1017.6,1013.0,210
0,2021-02-21,1015.7,1016.9,1014.6,218
0,2021-02-22,1013.8,1015.9,1011.3,218
0,2021-02-23,1018.4,1021.4,1014.0,338
0,2021-02-24,1022.7,1023.9,1021.7,23
0,2021-02-25,1021.9,1024.4,1019.7,60
0,2021-02-26,1019.0,1020.9,1017.8,27
0,2021-02-27,1025.3,1027.5,1020.9,24
0,2021-02-28,1026.8,1028.7,1025.2,122
0,2021-03-01,1019.0,1024.8,1010.5,148
0,2021-03-02,1015.7,1025.7,1006.4,333
0,2021-03-03,1027.9,1030.6,1025.9,6
0,2021-03-04,1024.8,1028.6,1019.0,124
0,2021-03-05,1015.4,1018.4,1013.0,77
0,2021-03-06,1020.9,1025.6,1017.7,360
0,2021-03-07,1024.9,1026.4,1023.6,17
0,2021-03-08,1023.3,1024.9,1022.2,355
0,2021-03-09,1022.5,1024.2,1020.8,342
0,2021-03-10,1024.7,1027.9,1022.2,337
0,2021-03-11,1026.5,1029.4,1023.7,358
0,2021-03-12,1016.0,1023.3,1010.0,150
0,2021-03-13,1015.7,1018.4,1010.9,322
0,2021-03-14,1018.2,1019.9,1016.8,317
0,2021-03-15,1018.8,1021.0,1017.3,166
0,2021-03-16,1013.5,1017.1,1011.4,179
0,2021-03-17,1015.1,1017.6,1013.4,5
0,2021-03-18,1018.0,1020.1,1016.3,8
0,2021-03-19,1017.2,1018.7,1016.0,22
0,2021-03-20,1012.3,1017.1,1007.7,159
0,2021-03-21,1008.0,1013.5,1004.9,317
0,2021-03-22,1017.7,1021.7,1013.7,310
0,2021-03-23,1022.8,1024.6,1021.8,178
0,2021-03-24,1021.9,1024.6,1019.7,180
0,2021-03-25,1019.2,1020.4,1017.7,20
0,2021-03-26,1020.4,1022.1,1019.3,148
0,2021-03-27,1017.5,1020.9,1013.0,153
0,2021-03-28,1006.5,1012.0,1003.3,168
0,2021-03-29,1007.7,1009.3,1006.5,113
0,2021-03-30,1009.4,1012.1,1008.2,337
0,2021-03-31,1012.8,1014.4,1011.9,45
0,2021-04-01,1016.7,1018.4,1014.1,10
0,2021-04-02,1019.3,1020.4,1018.5,131
0,2021-04-03,1016.8,1020.1,1013.7,144
0,2021-04-04,1010.0,1013.2,1007.5,308
0,2021-04-05,1015.3,1017.5,1013.3,351
0,2021-04-06,1017.0,1018.2,1015.3,357
0,2021-04-07,1016.7,1018.1,1015.1,317
0,2021-04-08,1015.9,1017.2,1014.5,3
0,2021-04-09,1021.2,1026.7,1017.2,22
0,2021-04-10,1029.2,1031.3,1027.1,26
0,2021-04-11,1029.9,1032.0,1028.1,112
0,2021-04-12,1024.0,1029.2,1019.1,148
0,2021-04-13,1012.1,1018.3,1008.9,153
0,2021-04-14,1013.5,1018.0,1010.6,332
0,2021-04-15,1019.1,1020.6,1018.1,30
0,2021-04-16,1018.3,1020.1,1017.3,174
0,2021-04-17,1013.0,1016.6,1009.0,234
0,2021-04-18,1013.7,1017.4,1011.9,302
0,2021-04-19,1016.4,1017.5,1015.0,147
0,2021-04-20,1018.8,1020.4,1017.5,160
0,2021-04-21,1021.0,1022.3,1020.0,89
0,2021-04-22,1019.3,1021.2,1017.6,15
0,2021-04-23,1017.4,1018.4,1016.4,132
0,2021-04-24,1018.1,1019.9,1016.6,142
0,2021-04-25,1015.9,1018.9,1014.1,341
0,2021-04-26,1020.5,1021.9,1019.1,13
0,2021-04-27,1020.1,1021.3,1018.4,165
0,2021-04-28,1017.1,1019.7,1014.3,229
0,2021-04-29,1007.9,1013.3,1005.5,180
0,2021-04-30,1005.9,1008.4,1004.2,205
0,2021-05-01,1004.3,1008.7,1001.7,251
0,2021-05-02,1012.2,1018.8,1007.2,291
0,2021-05-03,1019.1,1020.6,1017.9,150
0,2021-05-04,1016.6,1019.2,1013.1,168
0,2021-05-05,1011.6,1016.7,1008.1,215
0,2021-05-06,1017.0,1019.0,1015.2,138
0,2021-05-07,1011.2,1014.9,1007.9,181
0,2021-05-08,1007.6,1009.5,1005.2,220
0,2021-05-09,1008.2,1011.2,1005.2,318
0,2021-05-10,1011.8,1012.9,1010.8,63
0,2021-05-11,1012.8,1014.1,1011.7,27
0,2021-05-12,1011.6,1013.0,1009.6,54
0,2021-05-13,1011.0,1012.3,1010.2,341
0,2021-05-14,1012.1,1013.5,1010.9,153
0,2021-05-15,1011.4,1012.5,1009.5,147
0,2021-05-16,1007.3,1010.4,1004.5,175
0,2021-05-17,1005.5,1008.5,1004.2,184
0,2021-05-18,1009.7,1010.9,1008.7,87
0,2021-05-19,1010.7,1012.5,1009.3,33
0,2021-05-20,1007.1,1011.3,1004.1,165
0,2021-05-21,1005.9,1009.2,1002.1,198
0,2021-05-22,1009.0,1009.9,1007.9,209
0,2021-05-23,1010.3,1011.7,1009.0,100
0,2021-05-24,1007.0,1009.7,1004.2,36
0,2021-05-25,1007.7,1009.1,1005.5,206
0,2021-05-26,1010.9,1013.1,1009.2,178
0,2021-05-27,1002.9,1009.2,1000.2,117
0,2021-05-28,1004.6,1007.9,1001.5,168
0,2021-05-29,1005.0,1008.5,1001.8,337
0,2021-05-30,1008.6,1010.1,1007.6,133
0,2021-05-31,1010.6,1012.9,1009.5,20
0,2021-06-01,1013.4,1015.1,1011.9,99
0,2021-06-02,1014.7,1016.2,1013.8,150
0,2021-06-03,1008.4,1013.4,1002.7,141
0,2021-06-04,1000.7,1004.0,997.7,14
0,2021-06-05,1005.2,1006.7,1004.0,175
0,2021-06-06,1008.6,1011.9,1005.7,151
0,2021-06-07,1014.0,1015.5,1011.6,150
0,2021-06-08,1014.7,1015.9,1013.7,349
0,2021-06-09,1014.6,1016.0,1013.5,87
0,2021-06-10,1015.5,1016.1,1014.7,149
0,2021-06-11,1014.3,1015.4,1013.7,153
0,2021-06-12,1013.2,1014.5,1011.9,138
0,2021-06-13,1009.1,1012.1,1006.6,142
0,2021-06-14,1005.4,1006.8,1003.7,105
0,2021-06-15,1004.0,1005.2,1002.9,159
0,2021-06-16,1001.6,1003.8,1000.3,121
0,2021-06-17,1004.3,1005.2,1003.2,27
0,2021-06-18,1002.2,1004.6,999.7,163
0,2021-06-19,999.0,1001.0,997.8,330
0,2021-06-20,1001.7,1003.2,1000.4,288
0,2021-06-21,1003.3,1005.3,1002.3,111
0,2021-06-22,1006.9,1008.5,1004.9,23
0,2021-06-23,1009.0,1010.6,1007.7,15
0,2021-06-24,1010.2,1011.3,1009.1,22
0,2021-06-25,1010.1,1011.2,1008.5,119
0,2021-06-26,1010.4,1012.2,1009.0,157
0,2021-06-27,1007.1,1009.5,1004.5,152
0,2021-06-28,1003.2,1005.5,1000.7,142
0,2021-06-29,1003.4,1005.6,1001.8,31
0,2021-06-30,1006.0,1006.7,1005.5,141
0,2021-07-01,1004.8,1006.1,1002.8,27
0,2021-07-02,1006.4,1008.0,1005.3,359
0,2021-07-03,1008.7,1009.9,1007.8,193
0,2021-07-04,1009.6,1011.5,1008.9,216
0,2021-07-05,1011.1,1011.9,1010.2,224
0,2021-07-06,1010.5,1011.8,1009.1,212
0,2021-07-07,1010.0,1011.5,1008.6,213
0,2021-07-08,1006.8,1008.0,1005.9,197
0,2021-07-09,1006.9,1008.4,1006.0,220
0,2021-07-10,1009.9,1012.4,1008.2,198
0,2021-07-11,1012.0,1013.0,1011.3,176
0,2021-07-12,1011.7,1012.4,1011.0,153
0,2021-07-13,1012.1,1013.0,1011.2,148
0,2021-07-14,1013.4,1014.4,1012.7,52
0,2021-07-15,1015.1,1015.8,1014.2,150
0,2021-07-16,1014.4,1015.7,1012.1,79
0,2021-07-17,1012.7,1014.0,1011.3,124
0,2021-07-18,1011.7,1013.0,1010.6,120
0,2021-07-19,1013.1,1014.0,1012.2,148
0,2021-07-20,1013.2,1014.6,1011.5,64
0,2021-07-21,1011.6,1012.7,1010.3,121
0,2021-07-22,1010.2,1011.3,1009.3,102
0,2021-07-23,1008.9,1009.8,1008.1,113
0,2021-07-24,1008.3,1009.2,1007.5,125
0,2021-07-25,1007.3,1008.2,1006.1,138
0,2021-07-26,1004.6,1006.9,1002.5,144
0,2021-07-27,1001.1,1003.4,999.3,204
0,2021-07-28,1001.1,1002.2,999.9,9
0,2021-07-29,1001.3,1002.2,1000.2,25
0,2021-07-30,1001.2,1002.3,1000.0,55
0,2021-07-31,1001.5,1003.0,999.9,31
0,2021-08-01,1001.4,1002.5,1000.3,172
0,2021-08-02,1004.0,1006.3,1002.4,139
0,2021-08-03,1008.1,1010.3,1006.4,138
0,2021-08-04,1009.2,1010.4,1007.3,138
0,2021-08-05,1006.1,1008.5,1004.0,140
0,2021-08-06,1002.1,1004.2,1000.1,79
0,2021-08-07,1001.9,1003.2,1001.1,154
0,2021-08-08,999.7,1003.1,988.4,107
0,2021-08-09,996.6,1005.3,985.4,289
0,2021-08-10,1008.3,1010.6,1005.4,207
0,2021-08-11,1011.5,1012.8,1010.1,184
0,2021-08-12,1010.2,1011.7,1008.3,187
0,2021-08-13,1003.5,1007.4,999.8,174
0,2021-08-14,1003.0,1005.3,1001.6,183
0,2021-08-15,1009.9,1013.2,1005.7,329
0,2021-08-16,1012.7,1014.5,1010.9,179
0,2021-08-17,1006.6,1011.1,1003.7,172
0,2021-08-18,1006.8,1008.1,1005.4,159
0,2021-08-19,1009.7,1013.0,1006.3,169
0,2021-08-20,1013.4,1014.3,1012.4,162
0,2021-08-21,1010.9,1014.2,1008.7,166
0,2021-08-22,1010.6,1011.8,1009.2,192
0,2021-08-23,1010.7,1012.1,1009.0,182
0,2021-08-24,1006.9,1008.6,1004.9,179
0,2021-08-25,1009.6,1012.0,1008.4,203
0,2021-08-26,1013.2,1015.0,1011.7,191
0,2021-08-27,1013.7,1014.7,1012.7,72
0,2021-08-28,1013.6,1014.6,1012.3,135
0,2021-08-29,1013.4,1014.1,1012.4,126
0,2021-08-30,1014.3,1015.3,1012.9,45
0,2021-08-31,1013.9,1015.3,1012.5,4
0,2021-09-01,1010.5,1013.0,1009.1,124
0,2021-09-02,1007.6,1008.8,1006.8,133
0,2021-09-03,1006.9,1007.9,1005.6,63
0,2021-09-04,1010.3,1013.7,1007.6,329
0,2021-09-05,1014.7,1016.4,1013.4,340
0,2021-09-06,1014.4,1016.0,1012.4,340
0,2021-09-07,1011.5,1013.1,1010.0,162
0,2021-09-08,1009.1,1010.6,1008.0,31
0,2021-09-09,1011.7,1012.8,1010.6,342
0,2021-09-10,1012.8,1013.7,1012.4,50
0,2021-09-11,1012.4,1013.4,1010.9,25
0,2021-09-12,1011.4,1014.1,1010.1,156
0,2021-09-13,1015.4,1016.4,1013.9,192
0,2021-09-14,1014.1,1016.2,1012.5,79
0,2021-09-15,1011.8,1012.7,1010.9,13
0,2021-09-16,1011.1,1012.6,1010.0,106
0,2021-09-17,1003.6,1009.3,994.9,161
0,2021-09-18,1009.2,1013.2,1002.2,313
0,2021-09-19,1012.6,1013.6,1011.7,334
0,2021-09-20,1013.0,1013.9,1012.0,151
0,2021-09-21,1010.7,1013.2,1008.5,163
0,2021-09-22,1010.2,1012.9,1008.3,153
0,2021-09-23,1015.0,1018.0,1012.7,318
0,2021-09-24,1019.1,1020.3,1018.3,348
0,2021-09-25,1019.5,1020.9,1018.5,7
0,2021-09-26,1016.7,1018.9,1014.9,347
0,2021-09-27,1013.6,1014.8,1012.5,40
0,2021-09-28,1012.7,1013.6,1011.4,158
0,2021-09-29,1010.5,1012.4,1008.7,153
0,2021-09-30,1005.9,1008.9,1003.8,358
0,2021-10-01,1004.9,1008.3,1003.3,315
0,2021-10-02,1012.5,1017.2,1008.9,310
0,2021-10-03,1020.9,1024.0,1017.5,143
0,2021-10-04,1023.1,1024.9,1021.6,176
0,2021-10-05,1021.3,1023.6,1019.2,142
0,2021-10-06,1018.1,1020.3,1015.5,220
0,2021-10-07,1016.5,1017.7,1014.5,161
0,2021-10-08,1018.5,1020.7,1017.4,141
0,2021-10-09,1020.9,1022.1,1019.7,151
0,2021-10-10,1019.6,1021.5,1017.7,156
0,2021-10-11,1016.8,1018.0,1015.3,94
0,2021-10-12,1019.0,1021.0,1017.5,63
0,2021-10-13,1019.7,1021.2,1018.3,355
0,2021-10-14,1017.1,1019.0,1014.9,359
0,2021-10-15,1014.9,1016.2,1013.8,8
0,2021-10-16,1013.6,1016.1,1011.0,321
0,2021-10-17,1017.6,1021.0,1015.6,338
0,2021-10-18,1020.4,1021.7,1019.2,17
0,2021-10-19,1015.9,1019.6,1012.9,290
0,2021-10-20,1017.3,1018.4,1015.8,339
0,2021-10-21,1017.4,1019.1,1015.9,62
0,2021-10-22,1015.7,1018.1,1014.5,310
0,2021-10-23,1023.3,1025.7,1019.3,5
0,2021-10-24,1024.3,1026.0,1022.6,28
0,2021-10-25,1019.7,1022.7,1017.4,357
0,2021-10-26,1017.2,1018.8,1016.2,317
0,2021-10-27,1017.1,1018.7,1015.7,304
0,2021-10-28,1018.4,1020.5,1017.2,343
0,2021-10-29,1021.4,1023.0,1020.5,18
0,2021-10-30,1022.0,1023.5,1020.2,186
0,2021-10-31,1021.3,1022.9,1020.0,324
0,2021-11-01,1020.4,1021.8,1018.7,304
0,2021-11-02,1018.0,1020.3,1015.8,308
0,2021-11-03,1015.9,1017.1,1014.5,297
0,2021-11-04,1016.9,1019.5,1015.8,295
0,2021-11-05,1019.2,1021.0,1018.0,305
0,2021-11-06,1017.8,1018.5,1016.8,23
0,2021-11-07,1018.0,1019.7,1017.3,24
0,2021-11-08,1013.1,1017.1,1009.7,185
0,2021-11-09,1011.4,1013.0,1010.1,301
0,2021-11-10,1008.7,1009.9,1006.5,219
0,2021-11-11,1011.0,1012.4,1010.0,254
0,2021-11-12,1015.7,1018.4,1012.0,273
0,2021-11-13,1019.3,1021.0,1017.2,211
0,2021-11-14,1019.3,1020.8,1018.0,196
0,2021-11-15,1020.0,1021.7,1018.2,279
0,2021-11-16,1021.1,1022.4,1019.5,294
0,2021-11-17,1021.6,1023.4,1020.0,298
0,2021-11-18,1018.7,1019.9,1017.2,171
0,2021-11-19,1017.3,1018.8,1016.0,242
0,2021-11-20,1018.6,1020.5,1017.0,279
0,2021-11-21,1017.9,1020.7,1014.5,172
0,2021-11-22,1010.0,1014.1,1004.8,303
0,2021-11-23,1015.4,1017.0,1014.3,294
0,2021-11-24,1018.3,1019.7,1016.4,273
0,2021-11-25,1018.0,1019.6,1016.5,229
0,2021-11-26,1021.9,1025.9,1019.4,298
0,2021-11-27,1029.5,1033.6,1026.1,330
0,2021-11-28,1032.5,1034.6,1031.0,30
0,2021-11-29,1027.4,1030.9,1024.3,188
0,2021-11-30,1014.2,1024.3,1006.8,180
0,2021-12-01,1015.1,1019.6,1009.4,305
0,2021-12-02,1019.9,1021.5,1018.1,281
0,2021-12-03,1017.2,1018.7,1014.8,232
0,2021-12-04,1022.6,1026.5,1017.8,312
0,2021-12-05,1027.2,1029.0,1026.2,286
0,2021-12-06,1025.3,1027.2,1023.9,222
0,2021-12-07,1021.8,1023.4,1019.9,312
0,2021-12-08,1026.2,1029.4,1023.4,334
0,2021-12-09,1027.5,1029.3,1025.8,345
0,2021-12-10,1024.0,1025.6,1022.4,179
0,2021-12-11,1023.6,1025.7,1022.2,181
0,2021-12-12,1019.6,1021.7,1017.1,290
0,2021-12-13,1021.6,1023.1,1018.8,317
0,2021-12-14,1021.7,1023.2,1019.4,177
0,2021-12-15,1022.5,1023.9,1021.2,162
0,2021-12-16,1017.4,1022.6,1010.6,184
0,2021-12-17,1013.3,1018.8,1008.8,301
0,2021-12-18,1022.7,1024.3,1020.0,306
0,2021-12-19,1020.7,1023.0,1018.3,287
0,2021-12-20,1020.7,1023.0,1018.8,235
0,2021-12-21,1016.8,1019.0,1014.3,218
0,2021-12-22,1018.1,1020.8,1016.2,300
0,2021-12-23,1021.9,1023.8,1020.7,149
0,2021-12-24,1017.7,1022.0,1014.3,295
0,2021-12-25,1018.9,1023.7,1014.9,307
0,2021-12-26,1025.9,1028.0,1023.6,300
0,2021-12-27,1026.9,1028.2,1024.7,298
0,2021-12-28,1026.8,1028.8,1025.1,274
0,2021-12-29,1020.4,1025.4,1016.8,190
0,2021-12-30,1019.5,1022.4,1017.1,295
0,2021-12-31,1024.1,1026.1,1020.2,307
0,2022-01-01,1027.2,1028.9,1026.4,313
0,2022-01-02,1024.3,1026.3,1022.2,255
0,2022-01-03,1022.5,1024.6,1020.2,274
0,2022-01-04,1023.1,1024.6,1021.6,316
0,2022-01-05,1024.1,1025.9,1023.3,349
0,2022-01-06,1022.3,1025.2,1020.7,1
0,2022-01-07,1026.3,1028.1,1025.2,360
0,2022-01-08,1023.1,1025.8,1020.5,170
0,2022-01-09,1019.2,1021.2,1017.3,313
0,2022-01-10,1018.1,1020.2,1015.0,194
0,2022-01-11,1012.0,1015.7,1008.8,292
0,2022-01-12,1017.1,1018.8,1015.7,310
0,2022-01-13,1015.4,1016.7,1013.1,296
0,2022-01-14,1021.0,1023.4,1016.8,321
0,2022-01-15,1022.4,1023.6,1020.5,136
0,2022-01-16,1021.5,1022.9,1019.9,253
0,2022-01-17,1021.9,1024.0,1020.8,305
0,2022-01-18,1022.6,1024.0,1021.0,322
0,2022-01-19,1021.5,1023.6,1018.8,314
0,2022-01-20,1021.2,1025.5,1017.5,330
0,2022-01-21,1027.2,1029.0,1025.5,347
0,2022-01-22,1025.8,1027.6,1023.2,59
0,2022-01-23,1018.7,1023.1,1015.5,15
0,2022-01-24,1016.3,1018.6,1014.7,13
0,2022-01-25,1019.2,1020.7,1018.4,349
0,2022-01-26,1020.2,1022.0,1018.9,322
0,2022-01-27,1020.2,1022.0,1018.4,342
0,2022-01-28,1018.6,1020.2,1016.8,321
0,2022-01-29,1016.2,1017.8,1014.1,328
0,2022-01-30,1015.8,1017.5,1014.4,353
0,2022-01-31,1020.2,1023.0,1017.6,320
0,2022-02-01,1022.3,1024.0,1020.5,276
0,2022-02-02,1024.0,1026.5,1022.5,312
0,2022-02-03,1022.0,1023.7,1020.3,331
0,2022-02-04,1019.8,1020.7,1018.7,322
0,2022-02-05,1020.5,1022.4,1018.8,296
0,2022-02-06,1024.2,1026.0,1021.6,308
0,2022-02-07,1024.6,1026.3,1022.5,55
0,2022-02-08,1023.0,1024.1,1021.7,359
0,2022-02-09,1022.1,1024.6,1019.6,12
0,2022-02-10,1018.6,1020.0,1016.9,337
0,2022-02-11,1022.2,1023.6,1019.7,328
0,2022-02-12,1022.3,1024.1,1020.8,19
0,2022-02-13,1017.6,1020.4,1015.5,30
0,2022-02-14,1017.3,1018.4,1015.9,16
0,2022-02-15,1016.7,1018.2,1014.5,266
0,2022-02-16,1018.1,1019.8,1016.7,293
0,2022-02-17,1022.0,1026.6,1017.8,318
0,2022-02-18,1027.5,1030.1,1025.5,20
0,2022-02-19,1019.2,1025.5,1015.3,321
0,2022-02-20,1018.1,1023.2,1014.3,307
0,2022-02-21,1026.0,1028.1,1023.3,307
0,2022-02-22,1027.1,1028.9,1025.7,310
0,2022-02-23,1027.1,1028.9,1025.2,308
0,2022-02-24,1026.5,1028.0,1024.8,324
0,2022-02-25,1025.5,1027.3,1024.1,315
0,2022-02-26,1022.0,1025.4,1017.9,141
0,2022-02-27,1019.4,1023.0,1015.9,325
0,2022-02-28,1022.1,1024.6,1020.1,122
0,2022-03-01,1013.5,1019.5,1009.7,179
0,2022-03-02,1014.0,1016.4,1012.0,280
0,2022-03-03,1017.2,1018.9,1015.8,327
0,2022-03-04,1017.1,1019.6,1014.5,163
0,2022-03-05,1011.5,1013.9,1009.2,270
0,2022-03-06,1016.9,1019.9,1013.5,326
0,2022-03-07,1019.2,1020.9,1017.2,12
0,2022-03-08,1018.1,1018.9,1017.1,17
0,2022-03-09,1020.2,1022.5,1018.1,76
0,2022-03-10,1021.8,1023.9,1020.3,103
0,2022-03-11,1019.4,1021.3,1017.5,170
0,2022-03-12,1018.3,1019.6,1016.8,159
0,2022-03-13,1014.9,1017.5,1012.7,203
0,2022-03-14,1012.0,1014.8,1009.1,316
0,2022-03-15,1011.4,1013.2,1008.6,1
0,2022-03-16,1014.5,1017.1,1012.5,45
0,2022-03-17,1016.1,1018.4,1014.1,47
0,2022-03-18,1004.2,1013.0,999.6,347
0,2022-03-19,1006.0,1011.8,1003.3,312
0,2022-03-20,1016.6,1020.0,1011.9,12
0,2022-03-21,1020.8,1023.7,1019.7,71
0,2022-03-22,1017.9,1019.7,1016.4,21
0,2022-03-23,1016.3,1018.0,1014.9,16
0,2022-03-24,1019.5,1023.6,1016.5,118
0,2022-03-25,1021.8,1024.7,1017.8,155
0,2022-03-26,1005.9,1015.6,1000.1,168
0,2022-03-27,1011.9,1016.2,1007.6,340
0,2022-03-28,1021.8,1025.6,1016.5,4
0,2022-03-29,1024.9,1026.8,1023.2,137
0,2022-03-30,1022.1,1025.2,1019.5,165
0,2022-03-31,1018.4,1020.4,1016.9,302
0,2022-04-01,1024.3,1026.9,1020.4,19
0,2022-04-02,1026.0,1027.5,1024.2,45
0,2022-04-03,1025.0,1026.4,1023.6,16
0,2022-04-04,1025.2,1026.6,1023.9,312
0,2022-04-05,1022.3,1024.7,1019.6,103
0,2022-04-06,1019.7,1021.1,1017.9,76
0,2022-04-07,1016.3,1018.6,1013.9,89
0,2022-04-08,1018.6,1020.4,1017.5,114
0,2022-04-09,1017.8,1019.3,1015.7,152
0,2022-04-10,1018.3,1019.7,1016.3,148
0,2022-04-11,1016.3,1018.7,1014.2,158
0,2022-04-12,1012.6,1014.7,1010.0,155
0,2022-04-13,1012.2,1013.1,1011.3,330
0,2022-04-14,1012.2,1013.3,1011.3,344
0,2022-04-15,1010.6,1012.6,1008.9,322
0,2022-04-16,1013.9,1016.3,1012.3,337
0,2022-04-17,1017.0,1018.3,1016.0,0
0,2022-04-18,1016.5,1018.0,1015.0,189
0,2022-04-19,1016.0,1017.1,1014.8,45
0,2022-04-20,1016.6,1018.2,1014.7,121
0,2022-04-21,1014.1,1017.4,1009.8,135
0,2022-04-22,1013.2,1015.0,1011.9,94
0,2022-04-23,1013.2,1015.0,1012.1,192
0,2022-04-24,1011.0,1012.6,1009.7,1
0,2022-04-25,1012.9,1015.2,1011.6,111
0,2022-04-26,1006.4,1011.4,1004.1,174
0,2022-04-27,1009.9,1014.7,1005.8,327
0,2022-04-28,1014.6,1017.1,1012.4,22
0,2022-04-29,1008.3,1016.2,1000.0,312
0,2022-04-30,1015.6,1018.0,1013.3,9
0,2022-05-01,1011.5,1013.9,1009.3,332
0,2022-05-02,1012.9,1015.0,1011.6,302
0,2022-05-03,1018.7,1020.9,1015.2,12
0,2022-05-04,1020.6,1022.0,1019.0,152
0,2022-05-05,1020.4,1022.1,1019.0,150
0,2022-05-06,1017.6,1019.1,1015.9,145
0,2022-05-07,1015.7,1017.1,1014.1,118
0,2022-05-08,1016.4,1018.6,1014.4,18
0,2022-05-09,1014.9,1016.5,1013.4,350
0,2022-05-10,1015.8,1017.4,1014.0,88
0,2022-05-11,1015.3,1017.3,1014.0,112
0,2022-05-12,1010.8,1014.5,1007.8,34
0,2022-05-13,1005.8,1008.5,1003.2,337
0,2022-05-14,1008.5,1012.0,1004.0,327
0,2022-05-15,1011.3,1012.7,1009.9,217
0,2022-05-16,1011.7,1014.0,1010.5,340
0,2022-05-17,1014.7,1017.6,1012.9,86
0,2022-05-18,1018.5,1019.9,1017.1,117
0,2022-05-19,1018.6,1020.5,1017.0,177
0,2022-05-20,1014.8,1017.3,1012.4,160
0,2022-05-21,1009.0,1012.2,1006.7,164
0,2022-05-22,1007.1,1008.1,1005.9,124
0,2022-05-23,1010.8,1013.3,1008.1,142
0,2022-05-24,1013.3,1015.0,1011.7,116
0,2022-05-25,1010.1,1012.9,1007.6,140
0,2022-05-26,1005.1,1008.1,1002.3,170
0,2022-05-27,1002.1,1004.0,1000.8,276
0,2022-05-28,1006.3,1008.3,1004.3,119
0,2022-05-29,1006.6,1008.5,1004.4,138
0,2022-05-30,1001.4,1004.9,997.5,141
0,2022-05-31,1005.6,1009.8,1001.8,331
0,2022-06-01,1007.6,1009.7,1005.3,153
0,2022-06-02,1007.4,1009.0,1006.4,106
0,2022-06-03,1008.9,1010.6,1007.8,32
0,2022-06-04,1010.5,1012.5,1009.2,11
0,2022-06-05,1004.6,1009.3,997.5,145
0,2022-06-06,994.5,1001.2,990.7,323
0,2022-06-07,1005.3,1009.1,1001.7,324
0,2022-06-08,1010.2,1011.9,1008.7,14
0,2022-06-09,1012.1,1013.3,1010.9,78
0,2022-06-10,1013.4,1014.3,1012.7,155
0,2022-06-11,1010.4,1013.5,1007.7,25
0,2022-06-12,1010.2,1011.9,1008.9,330
0,2022-06-13,1009.2,1011.3,1007.2,96
0,2022-06-14,1007.3,1008.6,1006.4,87
0,2022-06-15,1008.2,1010.1,1007.1,110
0,2022-06-16,1009.1,1010.0,1007.8,56
0,2022-06-17,1009.2,1010.6,1008.1,62
0,2022-06-18,1007.7,1009.2,1006.3,17
0,2022-06-19,1008.3,1010.2,1006.2,116
0,2022-06-20,1005.2,1006.7,1003.3,356
0,2022-06-21,1003.3,1005.4,999.0,176
0,2022-06-22,1007.7,1010.7,1005.0,65
0,2022-06-23,1008.2,1010.6,1006.4,213
0,2022-06-24,1004.4,1006.1,1003.0,213
0,2022-06-25,1008.7,1011.8,1005.4,196
0,2022-06-26,1013.8,1015.1,1011.6,194
0,2022-06-27,1013.8,1015.0,1012.4,185
0,2022-06-28,1010.7,1012.6,1008.5,169
0,2022-06-29,1010.6,1012.5,1009.3,160
0,2022-06-30,1013.1,1014.5,1012.1,26
0,2022-07-01,1014.6,1016.0,1013.2,37
0,2022-07-02,1012.8,1014.6,1011.0,129
0,2022-07-03,1010.1,1011.7,1008.4,150
0,2022-07-04,1007.0,1009.1,1005.4,134
0,2022-07-05,1004.0,1007.3,1002.5,161
0,2022-07-06,1008.4,1009.7,1007.2,142
0,2022-07-07,1008.9,1010.3,1007.5,213
0,2022-07-08,1005.5,1008.1,1002.9,45
0,2022-07-09,1000.9,1002.8,999.4,52
0,2022-07-10,1004.2,1005.8,1002.3,40
0,2022-07-11,1006.1,1007.0,1005.2,187
0,2022-07-12,1006.5,1007.5,1005.4,335
0,2022-07-13,1005.6,1007.5,1003.6,58
0,2022-07-14,1001.6,1004.0,999.7,236
0,2022-07-15,1000.2,1001.3,999.0,194
0,2022-07-16,997.8,999.9,996.2,47
0,2022-07-17,1001.2,1003.8,999.6,186
0,2022-07-18,1003.1,1004.4,1001.9,201
0,2022-07-19,1002.6,1006.0,1000.9,187
0,2022-07-20,1006.4,1007.6,1005.4,39
0,2022-07-21,1004.1,1007.2,1001.2,215
0,2022-07-22,1003.7,1005.9,1002.7,315
0,2022-07-23,1005.9,1006.8,1005.2,17
0,2022-07-24,1005.4,1006.8,1004.4,158
0,2022-07-25,1008.0,1009.3,1006.4,327
0,2022-07-26,1008.8,1009.9,1008.0,352
0,2022-07-27,1009.2,1010.6,1007.9,127
0,2022-07-28,1011.0,1012.5,1010.1,139
0,2022-07-29,1011.5,1012.6,1010.1,108
0,2022-07-30,1009.7,1010.8,1008.5,133
0,2022-07-31,1009.9,1011.0,1008.8,149
0,2022-08-01,1010.6,1012.6,1009.4,157
0,2022-08-02,1012.3,1013.5,1011.3,157
0,2022-08-03,1011.8,1013.6,1010.0,32
0,2022-08-04,1009.9,1011.2,1008.5,198
0,2022-08-05,1007.3,1008.1,1005.9,212
0,2022-08-06,1007.2,1008.5,1006.3,203
0,2022-08-07,1009.3,1011.0,1007.9,168
0,2022-08-08,1010.6,1012.0,1009.6,172
0,2022-08-09,1010.2,1011.6,1008.6,174
0,2022-08-10,1009.2,1010.1,1008.3,187
0,2022-08-11,1008.0,1009.7,1006.7,182
0,2022-08-12,1006.9,1007.9,1005.6,190
0,2022-08-13,1007.5,1008.4,1006.7,79
0,2022-08-14,1008.5,1009.6,1007.8,182
0,2022-08-15,1007.3,1009.3,1005.8,210
0,2022-08-16,1006.6,1008.4,1005.4,206
0,2022-08-17,1007.5,1009.0,1005.9,206
0,2022-08-18,1006.8,1008.0,1005.9,40
0,2022-08-19,1006.2,1008.0,1004.8,115
0,2022-08-20,1003.6,1004.7,1002.3,120
0,2022-08-21,1002.6,1003.4,1001.2,55
0,2022-08-22,1003.4,1004.9,1002.6,82
0,2022-08-23,1005.2,1006.6,1004.3,31
0,2022-08-24,1005.9,1007.3,1004.7,33
0,2022-08-25,1005.6,1006.7,1004.4,341
0,2022-08-26,1005.8,1006.6,1004.4,52
0,2022-08-27,1006.8,1008.6,1005.4,339
0,2022-08-28,1011.2,1012.8,1008.8,359
0,2022-08-29,1013.3,1014.3,1012.1,160
0,2022-08-30,1010.5,1013.5,1007.7,98
0,2022-08-31,1006.5,1008.3,1005.0,176
0,2022-09-01,1009.2,1012.1,1006.6,28
0,2022-09-02,1012.2,1013.9,1011.2,16
0,2022-09-03,1012.2,1013.0,1011.4,140
0,2022-09-04,1011.2,1012.8,1009.3,150
0,2022-09-05,1007.2,1010.6,1002.0,148
0,2022-09-06,1002.6,1010.1,996.7,186
0,2022-09-07,1012.8,1014.3,1010.7,327
0,2022-09-08,1013.7,1015.1,1012.2,347
0,2022-09-09,1013.1,1014.3,1011.4,353
0,2022-09-10,1013.6,1014.8,1012.1,13
0,2022-09-11,1012.5,1014.2,1010.7,151
0,2022-09-12,1011.4,1012.7,1010.0,87
0,2022-09-13,1011.8,1013.5,1010.4,124
0,2022-09-14,1012.1,1013.2,1010.7,46
0,2022-09-15,1010.6,1012.1,1008.8,134
0,2022-09-16,1008.9,1010.1,1007.5,141
0,2022-09-17,1005.6,1008.0,1003.2,56
0,2022-09-18,991.9,1002.7,977.2,91
0,2022-09-19,983.5,1000.8,972.9,181
0,2022-09-20,1007.1,1012.2,1001.8,345
0,2022-09-21,1013.6,1015.0,1012.3,10
0,2022-09-22,1013.3,1014.8,1011.3,198
0,2022-09-23,1009.7,1012.1,1007.8,360
0,2022-09-24,1012.4,1013.7,1010.9,324
0,2022-09-25,1013.9,1015.5,1013.0,356
0,2022-09-26,1014.2,1015.2,1013.4,278
0,2022-09-27,1012.6,1014.4,1011.0,360
0,2022-09-28,1010.4,1011.5,1008.8,348
0,2022-09-29,1012.0,1014.0,1010.7,0
0,2022-09-30,1014.4,1015.2,1013.5,324
0,2022-10-01,1016.4,1017.6,1015.3,149
0,2022-10-02,1018.2,1019.8,1016.9,149
0,2022-10-03,1017.7,1019.8,1015.7,160
0,2022-10-04,1012.9,1015.9,1010.3,207
0,2022-10-05,1014.2,1017.2,1012.1,331
0,2022-10-06,1016.4,1017.7,1015.1,12
0,2022-10-07,1014.7,1017.3,1013.3,305
0,2022-10-08,1019.9,1021.8,1017.4,18
0,2022-10-09,1017.2,1021.2,1012.5,233
0,2022-10-10,1012.9,1016.3,1009.8,294
0,2022-10-11,1018.1,1021.2,1015.9,311
0,2022-10-12,1021.9,1023.1,1021.0,7
0,2022-10-13,1020.3,1022.0,1018.7,15
0,2022-10-14,1016.7,1018.4,1014.8,352
0,2022-10-15,1016.1,1017.3,1015.3,162
0,2022-10-16,1015.7,1017.4,1013.6,194
0,2022-10-17,1013.0,1014.6,1011.3,312
0,2022-10-18,1015.4,1019.1,1012.4,321
0,2022-10-19,1020.8,1024.0,1018.7,338
0,2022-10-20,1025.3,1026.9,1023.9,360
0,2022-10-21,1024.8,1026.7,1023.0,171
0,2022-10-22,1019.6,1023.2,1017.0,215
0,2022-10-23,1014.0,1016.6,1011.2,325
0,2022-10-24,1014.9,1017.0,1013.0,322
0,2022-10-25,1021.0,1025.3,1016.6,342
0,2022-10-26,1025.0,1026.8,1024.1,8
0,2022-10-27,1022.9,1024.2,1021.6,185
0,2022-10-28,1022.5,1023.7,1021.8,354
0,2022-10-29,1022.8,1024.6,1021.6,17
0,2022-10-30,1022.3,1023.6,1021.4,12
0,2022-10-31,1021.1,1022.4,1019.7,10
0,2022-11-01,1017.7,1019.8,1016.4,319
0,2022-11-02,1017.8,1019.7,1016.5,322
0,2022-11-03,1015.6,1017.1,1013.5,325
0,2022-11-04,1016.1,1018.6,1014.5,323
0,2022-11-05,1020.0,1021.8,1018.2,319
0,2022-11-06,1022.1,1023.9,1021.1,324
0,2022-11-07,1021.0,1022.2,1019.4,312
0,2022-11-08,1023.1,1024.8,1021.6,307
0,2022-11-09,1024.7,1026.5,1023.4,200
0,2022-11-10,1023.5,1024.6,1022.1,186
0,2022-11-11,1024.4,1025.9,1023.6,356
0,2022-11-12,1020.9,1024.3,1016.7,171
0,2022-11-13,1011.9,1016.1,1008.3,273
0,2022-11-14,1014.8,1016.5,1013.5,321
0,2022-11-15,1014.1,1017.3,1012.0,318
0,2022-11-16,1019.0,1021.5,1017.2,281
0,2022-11-17,1022.1,1023.9,1020.8,196
0,2022-11-18,1023.6,1025.0,1022.8,257
0,2022-11-19,1020.9,1022.9,1019.2,184
0,2022-11-20,1017.3,1018.9,1015.5,337
0,2022-11-21,1018.2,1020.0,1016.8,322
0,2022-11-22,1018.6,1020.3,1016.3,300
0,2022-11-23,1012.2,1015.6,1009.4,315
0,2022-11-24,1017.5,1020.6,1015.1,317
0,2022-11-25,1019.4,1021.8,1017.1,188
0,2022-11-26,1014.7,1016.9,1012.3,293
0,2022-11-27,1019.4,1022.3,1017.1,260
0,2022-11-28,1020.3,1022.8,1016.8,170
0,2022-11-29,1010.3,1015.7,1006.0,209
0,2022-11-30,1019.7,1024.5,1012.9,325
0,2022-12-01,1024.7,1025.9,1023.5,329
0,2022-12-02,1026.6,1028.4,1025.5,330
0,2022-12-03,1024.9,1027.1,1022.9,199
0,2022-12-04,1022.9,1024.7,1022.0,329
0,2022-12-05,1021.5,1023.2,1019.9,338
0,2022-12-06,1021.4,1023.0,1019.8,312
0,2022-12-07,1023.0,1024.5,1021.9,247
0,2022-12-08,1023.5,1024.7,1022.6,286
0,2022-12-09,1021.3,1023.1,1019.5,197
0,2022-12-10,1016.8,1019.8,1014.3,293
0,2022-12-11,1015.9,1019.2,1014.5,319
0,2022-12-12,1018.7,1021.0,1016.1,40
0,2022-12-13,1016.7,1018.8,1015.1,290
0,2022-12-14,1021.2,1024.0,1017.5,302
0,2022-12-15,1023.8,1025.4,1022.9,314
0,2022-12-16,1024.2,1026.1,1022.8,296
0,2022-12-17,1020.5,1023.7,1018.3,309
0,2022-12-18,1018.7,1021.0,1017.3,294
0,2022-12-19,1024.1,1026.7,1020.9,297
0,2022-12-20,1025.2,1027.6,1022.6,275
0,2022-12-21,1013.2,1021.9,1004.8,201
0,2022-12-22,1004.3,1006.3,1001.6,300
0,2022-12-23,1007.7,1009.9,1006.0,286
0,2022-12-24,1012.7,1014.9,1009.8,304
0,2022-12-25,1016.3,1018.8,1014.8,309
0,2022-12-26,1020.6,1022.8,1018.7,310
0,2022-12-27,1024.2,1025.8,1022.6,121
0,2022-12-28,1025.2,1027.2,1023.1,292
0,2022-12-29,1028.0,1030.2,1026.6,319
0,2022-12-30,1028.9,1030.6,1026.5,317
0,2022-12-31,1027.5,1028.5,1025.9,291
0,2023-01-01,1027.1,1028.7,1025.2,302
0,2023-01-02,1025.4,1026.9,1022.8,311
0,2023-01-03,1024.6,1025.9,1022.7,311
0,2023-01-04,1026.4,1028.4,1024.9,301
0,2023-01-05,1028.2,1029.8,1026.2,304
0,2023-01-06,1022.6,1026.9,1018.1,211
0,2023-01-07,1016.4,1020.6,1013.6,282
0,2023-01-08,1023.3,1025.3,1020.7,267
0,2023-01-09,1022.2,1025.0,1019.7,175
0,2023-01-10,1025.2,1027.5,1020.7,10
0,2023-01-11,1025.7,1027.3,1023.9,183
0,2023-01-12,1024.2,1026.3,1022.8,192
0,2023-01-13,1016.5,1022.5,1011.2,172
0,2023-01-14,1008.6,1010.3,1006.1,319
0,2023-01-15,1011.0,1012.4,1009.5,346
0,2023-01-16,1015.1,1020.7,1010.8,313
0,2023-01-17,1021.2,1023.0,1019.3,11
0,2023-01-18,1021.9,1023.5,1020.5,312
0,2023-01-19,1022.7,1024.4,1020.9,281
0,2023-01-20,1022.7,1024.6,1020.7,288
0,2023-01-21,1026.1,1027.5,1024.5,354
0,2023-01-22,1024.4,1027.4,1021.2,36
0,2023-01-23,1017.6,1020.8,1015.0,4
0,2023-01-24,1015.8,1021.9,1012.2,301
0,2023-01-25,1025.2,1027.2,1022.7,304
0,2023-01-26,1023.6,1025.8,1019.3,206
0,2023-01-27,1014.7,1018.5,1011.5,311
0,2023-01-28,1018.5,1021.2,1016.1,305
0,2023-01-29,1019.4,1020.8,1017.8,261
0,2023-01-30,1019.5,1021.9,1017.3,310
0,2023-01-31,1021.0,1022.7,1019.4,160
0,2023-02-01,1016.3,1019.1,1012.8,223
0,2023-02-02,1020.5,1022.9,1016.7,352
0,2023-02-03,1019.4,1020.7,1018.1,3
0,2023-02-04,1020.5,1023.4,1018.7,327
0,2023-02-05,1023.7,1025.2,1022.4,4
0,2023-02-06,1021.5,1023.4,1019.4,160
0,2023-02-07,1017.5,1019.5,1016.0,360
0,2023-02-08,1021.3,1025.0,1018.0,323
0,2023-02-09,1025.8,1028.5,1022.7,29
0,2023-02-10,1015.2,1021.8,1011.1,54
0,2023-02-11,1020.6,1022.6,1018.3,345
0,2023-02-12,1019.7,1022.9,1013.9,119
0,2023-02-13,1010.5,1014.2,1008.0,0
0,2023-02-14,1017.5,1020.5,1014.3,343
0,2023-02-15,1025.5,1029.5,1020.8,12
0,2023-02-16,1030.1,1031.6,1028.8,20
0,2023-02-17,1027.8,1030.3,1025.6,160
0,2023-02-18,1021.3,1026.1,1017.2,201
0,2023-02-19,1014.1,1017.2,1012.1,312
0,2023-02-20,1020.2,1022.3,1017.6,321
0,2023-02-21,1028.3,1031.6,1022.5,359
0,2023-02-22,1029.5,1032.3,1025.3,44
0,2023-02-23,1022.2,1024.4,1020.3,103
0,2023-02-24,1019.4,1022.4,1018.0,334
0,2023-02-25,1024.7,1029.1,1022.3,1
0,2023-02-26,1032.5,1034.2,1029.7,357
0,2023-02-27,1033.7,1035.7,1032.1,324
0,2023-02-28,1028.9,1032.3,1025.8,180
0,2023-03-01,1020.9,1025.7,1016.9,209
0,2023-03-02,1022.2,1026.9,1017.6,329
0,2023-03-03,1026.6,1028.5,1025.0,38
0,2023-03-04,1026.3,1027.7,1025.1,187
0,2023-03-05,1025.3,1027.4,1023.7,10
0,2023-03-06,1023.6,1025.6,1021.9,141
0,2023-03-07,1023.4,1025.2,1022.3,158
0,2023-03-08,1022.3,1024.4,1020.0,220
0,2023-03-09,1018.8,1021.5,1015.9,185
0,2023-03-10,1020.0,1022.4,1018.1,209
0,2023-03-11,1023.2,1024.7,1022.1,90
0,2023-03-12,1019.4,1023.5,1015.1,177
0,2023-03-13,1020.2,1021.9,1017.4,325
0,2023-03-14,1021.8,1023.0,1020.4,39
0,2023-03-15,1023.2,1025.1,1021.6,172
0,2023-03-16,1023.3,1024.8,1021.8,333
0,2023-03-17,1020.5,1023.1,1017.4,16
0,2023-03-18,1014.4,1017.1,1012.4,340
0,2023-03-19,1018.7,1020.7,1017.0,353
0,2023-03-20,1017.0,1019.5,1014.8,155
0,2023-03-21,1012.9,1015.3,1011.0,139
0,2023-03-22,1012.1,1013.6,1010.8,124
0,2023-03-23,1004.5,1009.9,1000.9,192
0,2023-03-24,1010.8,1013.6,1007.6,334
0,2023-03-25,1014.7,1016.7,1013.7,359
0,2023-03-26,1013.0,1016.2,1011.8,335
0,2023-03-27,1018.0,1020.8,1016.0,2
0,2023-03-28,1022.4,1024.8,1020.8,340
0,2023-03-29,1021.7,1023.5,1020.0,336
0,2023-03-30,1019.5,1021.1,1017.6,50
0,2023-03-31,1017.2,1018.6,1015.8,79
0,2023-04-01,1014.9,1016.8,1012.9,127
0,2023-04-02,1014.0,1016.3,1012.7,346
0,2023-04-03,1020.3,1023.4,1016.7,352
0,2023-04-04,1021.9,1023.8,1020.1,163
0,2023-04-05,1017.5,1020.5,1014.0,161
0,2023-04-06,1011.5,1014.4,1009.3,176
0,2023-04-07,1010.2,1013.5,1008.1,342
0,2023-04-08,1016.4,1020.3,1012.8,311
0,2023-04-09,1019.8,1021.5,1018.1,188
0,2023-04-10,1018.9,1020.7,1017.3,157
0,2023-04-11,1015.9,1018.6,1012.3,171
0,2023-04-12,1014.4,1017.4,1012.9,314
0,2023-04-13,1018.4,1020.2,1016.6,105
0,2023-04-14,1015.6,1018.6,1011.7,155
0,2023-04-15,1002.3,1010.6,996.9,230
0,2023-04-16,1003.8,1008.2,1002.1,337
0,2023-04-17,1015.7,1019.9,1009.1,327
0,2023-04-18,1015.3,1019.4,1012.1,169
0,2023-04-19,1011.1,1012.7,1009.0,187
0,2023-04-20,1009.3,1010.8,1007.5,147
0,2023-04-21,1007.6,1010.2,1005.7,341
0,2023-04-22,1015.0,1018.8,1010.4,5
0,2023-04-23,1019.8,1021.3,1018.3,350
0,2023-04-24,1021.7,1022.9,1019.2,1
0,2023-04-25,1014.2,1020.9,1006.9,172
0,2023-04-26,1010.2,1016.4,1006.3,325
0,2023-04-27,1019.9,1021.6,1017.0,101
0,2023-04-28,1019.4,1021.7,1016.6,155
0,2023-04-29,1010.5,1017.0,1004.8,164
0,2023-04-30,1009.5,1013.0,1006.0,322
0,2023-05-01,1015.6,1020.9,1012.4,315
0,2023-05-02,1023.3,1024.7,1021.3,144
0,2023-05-03,1023.3,1025.4,1021.7,156
0,2023-05-04,1018.6,1021.7,1015.0,157
0,2023-05-05,1012.0,1015.2,1009.3,165
0,2023-05-06,1006.0,1009.4,1003.7,171
0,2023-05-07,1004.2,1006.7,1000.1,353
0,2023-05-08,1010.3,1015.2,1003.7,333
0,2023-05-09,1015.0,1016.3,1013.5,0
0,2023-05-10,1015.0,1016.6,1013.7,119
0,2023-05-11,1017.1,1018.7,1015.8,67
0,2023-05-12,1017.5,1019.0,1015.9,152
0,2023-05-13,1014.2,1017.1,1011.2,151
0,2023-05-14,1008.7,1011.0,1006.7,11
0,2023-05-15,1009.6,1011.4,1007.9,84
0,2023-05-16,1012.9,1014.8,1011.9,249
0,2023-05-17,1015.3,1016.8,1013.3,61
0,2023-05-18,1011.8,1015.2,1008.0,151
0,2023-05-19,1004.8,1007.2,1003.0,10
0,2023-05-20,1008.3,1009.6,1007.0,339
0,2023-05-21,1008.8,1009.9,1007.1,36
0,2023-05-22,1005.5,1007.6,1003.9,6
0,2023-05-23,1006.3,1011.1,1003.6,322
0,2023-05-24,1013.5,1015.1,1011.4,346
0,2023-05-25,1017.6,1020.3,1015.6,156
0,2023-05-26,1020.0,1021.7,1018.7,152
0,2023-05-27,1020.2,1021.4,1018.8,151
0,2023-05-28,1016.5,1020.0,1014.0,155
0,2023-05-29,1011.5,1014.7,1009.4,27
0,2023-05-30,1009.1,1010.6,1007.7,41
0,2023-05-31,1010.2,1012.1,1008.2,349
0,2023-06-01,1008.6,1011.1,1005.9,158
0,2023-06-02,999.9,1004.8,998.2,7
0,2023-06-03,1004.4,1009.7,1000.1,314
0,2023-06-04,1010.3,1011.5,1009.1,278
0,2023-06-05,1010.7,1011.6,1009.8,184
0,2023-06-06,1007.7,1010.3,1004.7,155
0,2023-06-07,1009.5,1010.7,1007.5,57
0,2023-06-08,1006.8,1010.2,1002.3,165
0,2023-06-09,1005.3,1007.8,1003.7,61
0,2023-06-10,1007.9,1008.9,1007.0,141
0,2023-06-11,1006.8,1008.0,1005.3,143
0,2023-06-12,1005.3,1006.8,1004.0,108
0,2023-06-13,1004.4,1005.8,1003.2,201
0,2023-06-14,1004.7,1007.1,1002.4,236
0,2023-06-15,1007.2,1010.3,1005.7,273
0,2023-06-16,1012.3,1013.9,1010.6,109
0,2023-06-17,1013.1,1015.0,1011.4,58
0,2023-06-18,1007.5,1011.2,1004.8,27
0,2023-06-19,1004.3,1005.7,1002.9,329
0,2023-06-20,1005.8,1006.9,1004.5,142
0,2023-06-21,1004.8,1007.1,1003.2,155
0,2023-06-22,1003.2,1005.6,1002.3,46
0,2023-06-23,1008.4,1012.2,1005.5,190
0,2023-06-24,1013.4,1014.8,1012.0,20
0,2023-06-25,1014.3,1015.3,1013.0,164
0,2023-06-26,1012.9,1013.9,1011.7,234
0,2023-06-27,1012.9,1013.9,1011.8,216
0,2023-06-28,1011.8,1013.5,1009.3,219
0,2023-06-29,1007.9,1009.5,1006.0,203
0,2023-06-30,1005.0,1006.1,1003.8,192
0,2023-07-01,1005.9,1008.0,1002.8,177
0,2023-07-02,1009.0,1009.9,1008.1,288
0,2023-07-03,1007.3,1009.9,1004.4,205
0,2023-07-04,1003.5,1005.4,1001.5,26
0,2023-07-05,998.9,1001.4,996.4,182
0,2023-07-06,1003.6,1005.4,1001.3,25
0,2023-07-07,1005.3,1006.3,1004.3,174
0,2023-07-08,1005.3,1006.4,1004.1,207
0,2023-07-09,1006.5,1008.1,1005.4,218
0,2023-07-10,1008.4,1010.1,1006.9,314
0,2023-07-11,1009.6,1011.3,1008.0,232
0,2023-07-12,1008.7,1010.2,1007.7,211
0,2023-07-13,1008.6,1009.5,1007.9,211
0,2023-07-14,1007.6,1008.9,1006.0,198
0,2023-07-15,1007.2,1009.2,1006.3,191
0,2023-07-16,1010.4,1013.3,1009.2,163
0,2023-07-17,1013.3,1014.3,1012.1,161
0,2023-07-18,1011.9,1014.2,1009.0,148
0,2023-07-19,1006.7,1009.0,1004.8,145
0,2023-07-20,1007.2,1009.2,1005.4,357
0,2023-07-21,1011.5,1013.9,1009.5,40
0,2023-07-22,1014.5,1015.4,1013.4,146
0,2023-07-23,1013.0,1014.8,1011.0,148
0,2023-07-24,1012.1,1013.9,1011.2,170
0,2023-07-25,1014.3,1015.7,1013.0,168
0,2023-07-26,1015.2,1016.7,1013.6,71
0,2023-07-27,1014.0,1015.2,1012.2,42
0,2023-07-28,1013.7,1015.0,1011.7,64
0,2023-07-29,1014.6,1015.6,1013.3,136
0,2023-07-30,1014.2,1015.5,1012.4,158
0,2023-07-31,1012.5,1013.8,1010.6,161
0,2023-08-01,1010.5,1011.7,1008.8,133
0,2023-08-02,1009.1,1010.7,1007.1,149
0,2023-08-03,1007.5,1008.7,1006.0,148
0,2023-08-04,1005.5,1007.2,1003.4,146
0,2023-08-05,1000.8,1003.8,998.6,133
0,2023-08-06,997.0,999.0,995.1,123
0,2023-08-07,997.1,998.9,995.7,85
0,2023-08-08,998.7,1000.0,997.9,86
0,2023-08-09,997.6,998.8,995.5,119
0,2023-08-10,998.0,1002.6,994.5,157
0,2023-08-11,1003.6,1005.1,1002.3,157
0,2023-08-12,1004.0,1005.3,1002.2,342
0,2023-08-13,1002.6,1003.6,1001.4,307
0,2023-08-14,1001.7,1002.9,999.9,320
0,2023-08-15,1000.2,1001.9,999.1,312
0,2023-08-16,1002.6,1003.9,1001.4,357
0,2023-08-17,1003.7,1005.0,1002.8,106
0,2023-08-18,1006.9,1009.5,1005.0,150
0,2023-08-19,1010.3,1011.5,1009.4,180
0,2023-08-20,1011.0,1012.5,1009.4,26
0,2023-08-21,1008.9,1010.7,1007.3,67
0,2023-08-22,1007.3,1008.7,1005.8,168
0,2023-08-23,1007.3,1008.7,1005.7,78
0,2023-08-24,1008.7,1010.3,1007.5,163
0,2023-08-25,1008.8,1010.2,1007.6,184
0,2023-08-26,1008.1,1009.3,1006.6,142
0,2023-08-27,1006.9,1008.1,1005.2,145
0,2023-08-28,1007.4,1009.5,1006.3,149
0,2023-08-29,1009.7,1011.7,1008.2,157
0,2023-08-30,1010.5,1011.8,1008.7,148
0,2023-08-31,1011.0,1012.5,1009.6,157
0,2023-09-01,1011.2,1012.3,1009.7,160
0,2023-09-02,1011.1,1012.1,1010.2,143
0,2023-09-03,1011.0,1012.3,1009.6,26
0,2023-09-04,1008.0,1010.3,1005.7,316
0,2023-09-05,1006.8,1008.1,1006.0,24
0,2023-09-06,1006.1,1008.1,1004.7,323
0,2023-09-07,1008.4,1009.6,1007.2,3
0,2023-09-08,1008.9,1010.3,1007.6,350
0,2023-09-09,1009.3,1010.4,1008.0,342
0,2023-09-10,1009.3,1010.1,1008.0,157
0,2023-09-11,1008.7,1010.5,1007.7,140
0,2023-09-12,1010.3,1011.3,1009.0,146
0,2023-09-13,1011.0,1012.1,1009.5,159
0,2023-09-14,1011.3,1013.7,1010.3,222
0,2023-09-15,1012.9,1014.2,1011.6,216
0,2023-09-16,1013.1,1014.4,1011.3,187
0,2023-09-17,1011.7,1013.2,1010.7,191
0,2023-09-18,1013.3,1014.4,1011.8,182
0,2023-09-19,1013.8,1014.7,1012.8,281
0,2023-09-20,1012.0,1014.2,1010.1,194
0,2023-09-21,1008.5,1010.5,1007.0,212
0,2023-09-22,1012.4,1014.4,1010.3,315
0,2023-09-23,1014.6,1016.3,1013.7,5
0,2023-09-24,1015.4,1016.4,1014.0,17
0,2023-09-25,1014.6,1015.9,1013.5,140
0,2023-09-26,1013.3,1014.9,1011.4,165
0,2023-09-27,1011.3,1012.7,1009.5,42
0,2023-09-28,1011.7,1013.3,1010.4,333
0,2023-09-29,1012.7,1014.4,1011.6,344
0,2023-09-30,1009.3,1011.4,1007.4,30
0,2023-10-01,1010.4,1013.1,1008.5,324
0,2023-10-02,1014.7,1016.6,1013.2,7
0,2023-10-03,1015.5,1017.5,1014.1,50
0,2023-10-04,1011.6,1014.3,1008.9,4
0,2023-10-05,1010.7,1014.5,1009.0,317
0,2023-10-06,1015.7,1017.5,1014.2,346
0,2023-10-07,1019.0,1020.6,1017.6,14
0,2023-10-08,1020.2,1022.0,1019.2,64
0,2023-10-09,1015.7,1018.8,1014.2,346
0,2023-10-10,1016.0,1019.1,1014.8,324
0,2023-10-11,1020.1,1021.8,1019.1,9
0,2023-10-12,1020.3,1022.2,1018.4,7
0,2023-10-13,1016.1,1019.1,1013.1,11
0,2023-10-14,1009.6,1012.9,1007.3,246
0,2023-10-15,1008.8,1012.1,1007.3,281
0,2023-10-16,1013.0,1014.9,1012.0,272
0,2023-10-17,1016.5,1019.5,1014.9,220
0,2023-10-18,1019.8,1022.0,1018.2,201
0,2023-10-19,1017.4,1019.8,1014.7,187
0,2023-10-20,1012.5,1015.2,1010.3,286
0,2023-10-21,1018.3,1022.1,1014.9,304
0,2023-10-22,1022.1,1023.4,1020.7,186
0,2023-10-23,1022.1,1024.1,1020.2,221
0,2023-10-24,1019.8,1022.3,1017.7,215
0,2023-10-25,1016.7,1018.2,1014.5,307
0,2023-10-26,1015.0,1016.8,1013.4,193
0,2023-10-27,1011.7,1013.5,1009.5,256
0,2023-10-28,1015.2,1018.3,1012.9,319
0,2023-10-29,1019.5,1021.8,1018.1,325
0,2023-10-30,1021.2,1022.6,1020.2,197
0,2023-10-31,1022.0,1023.5,1020.8,203
0,2023-11-01,1021.1,1022.5,1019.5,178
0,2023-11-02,1019.6,1021.1,1018.0,167
0,2023-11-03,1017.9,1019.4,1016.3,176
0,2023-11-04,1020.3,1022.9,1019.0,169
0,2023-11-05,1020.7,1022.9,1017.7,159
0,2023-11-06,1012.5,1017.1,1009.1,211
0,2023-11-07,1017.3,1020.8,1012.9,320
0,2023-11-08,1020.9,1022.2,1019.8,291
0,2023-11-09,1020.9,1023.1,1018.9,171
0,2023-11-10,1016.6,1019.7,1014.0,295
0,2023-11-11,1020.6,1022.3,1019.4,320
0,2023-11-12,1020.4,1021.7,1019.1,310
0,2023-11-13,1022.1,1025.3,1019.6,307
0,2023-11-14,1024.5,1026.6,1022.7,173
0,2023-11-15,1025.0,1026.8,1023.7,305
0,2023-11-16,1020.9,1026.8,1014.4,187
0,2023-11-17,1012.3,1014.8,1010.9,276
0,2023-11-18,1013.6,1018.4,1009.5,284
0,2023-11-19,1017.7,1019.4,1015.7,224
0,2023-11-20,1020.1,1023.1,1017.5,288
0,2023-11-21,1021.7,1023.5,1019.9,222
0,2023-11-22,1018.6,1021.1,1016.0,189
0,2023-11-23,1014.4,1016.4,1012.5,205
0,2023-11-24,1020.0,1025.8,1013.8,320
0,2023-11-25,1027.0,1029.0,1025.9,340
0,2023-11-26,1023.2,1026.8,1020.2,157
0,2023-11-27,1015.5,1019.7,1012.4,204
0,2023-11-28,1017.6,1022.0,1013.2,296
0,2023-11-29,1022.0,1024.1,1020.2,273
0,2023-11-30,1021.5,1023.0,1020.5,320
0,2023-12-01,1021.6,1023.0,1020.3,302
0,2023-12-02,1024.2,1026.3,1022.7,310
0,2023-12-03,1023.8,1025.1,1022.6,277
0,2023-12-04,1021.8,1024.2,1019.2,159
0,2023-12-05,1016.0,1019.3,1013.4,293
0,2023-12-06,1013.1,1015.5,1009.2,192
0,2023-12-07,1015.1,1020.7,1009.3,308
0,2023-12-08,1020.0,1022.3,1018.0,203
0,2023-12-09,1020.4,1021.7,1019.2,194
0,2023-12-10,1021.8,1023.7,1020.6,152
0,2023-12-11,1016.6,1021.7,1008.7,155
0,2023-12-12,1012.4,1020.9,1007.4,310
0,2023-12-13,1025.6,1027.9,1021.4,3
0,2023-12-14,1024.4,1027.5,1020.8,159
0,2023-12-15,1013.7,1020.2,1010.3,196
0,2023-12-16,1015.3,1020.8,1011.5,317
0,2023-12-17,1026.6,1030.4,1021.0,309
0,2023-12-18,1029.8,1031.7,1028.5,339
0,2023-12-19,1024.9,1028.7,1022.4,56
0,2023-12-20,1021.0,1022.1,1019.1,295
0,2023-12-21,1023.9,1027.2,1021.4,296
0,2023-12-22,1029.7,1033.9,1027.3,294
0,2023-12-23,1033.2,1034.7,1031.5,295
0,2023-12-24,1029.2,1033.1,1025.8,103
0,2023-12-25,1027.0,1029.2,1025.1,299
0,2023-12-26,1028.7,1030.1,1027.4,197
0,2023-12-27,1028.5,1030.2,1027.8,148
0,2023-12-28,1026.1,1027.8,1024.2,165
0,2023-12-29,1024.5,1026.0,1023.0,152
0,2023-12-30,1018.9,1023.4,1013.7,182
0,2023-12-31,1012.7,1019.2,1009.5,291
0,2024-01-01,1023.7,1026.0,1020.1,331
0,2024-01-02,1021.2,1024.1,1018.8,174
0,2024-01-03,1015.8,1019.0,1013.0,289
0,2024-01-04,1020.7,1023.1,1017.3,311
0,2024-01-05,1022.3,1024.7,1020.5,186
0,2024-01-06,1018.2,1020.7,1015.4,289
0,2024-01-07,1020.2,1023.4,1018.3,299
0,2024-01-08,1024.4,1026.5,1023.2,337
0,2024-01-09,1020.8,1023.9,1017.2,155
0,2024-01-10,1013.3,1016.7,1011.8,300
0,2024-01-11,1015.7,1017.6,1014.0,322
0,2024-01-12,1016.4,1017.5,1015.1,275
0,2024-01-13,1020.4,1025.3,1016.8,323
0,2024-01-14,1022.9,1025.6,1019.2,286
0,2024-01-15,1019.3,1024.1,1015.3,318
0,2024-01-16,1028.1,1031.4,1024.3,338
0,2024-01-17,1027.7,1030.7,1024.6,203
0,2024-01-18,1021.1,1024.4,1018.5,189
0,2024-01-19,1022.5,1024.6,1020.4,15
0,2024-01-20,1019.6,1023.8,1013.7,26
0,2024-01-21,1016.7,1021.3,1012.8,331
0,2024-01-22,1019.8,1021.6,1017.5,299
0,2024-01-23,1019.3,1021.0,1017.5,294
0,2024-01-24,1019.6,1022.1,1018.1,300
0,2024-01-25,1023.3,1025.2,1021.6,312
0,2024-01-26,1024.8,1025.9,1023.1,313
0,2024-01-27,1024.1,1026.1,1022.0,283
0,2024-01-28,1023.8,1028.4,1021.6,293
0,2024-01-29,1028.7,1030.2,1027.5,140
0,2024-01-30,1028.5,1030.2,1026.6,142
0,2024-01-31,1022.3,1026.3,1019.1,39
0,2024-02-01,1020.2,1021.6,1019.3,3
0,2024-02-02,1024.0,1026.9,1021.4,25
0,2024-02-03,1025.7,1028.2,1023.0,22
0,2024-02-04,1022.8,1024.5,1021.3,21
0,2024-02-05,1014.0,1020.1,1009.4,359
0,2024-02-06,1021.0,1023.3,1019.3,331
0,2024-02-07,1018.6,1020.3,1017.3,329
0,2024-02-08,1018.0,1019.2,1017.0,353
0,2024-02-09,1018.8,1020.6,1017.5,14
0,2024-02-10,1021.2,1023.5,1019.7,290
0,2024-02-11,1022.3,1023.4,1020.5,260
0,2024-02-12,1028.5,1031.4,1023.6,330
0,2024-02-13,1029.7,1031.6,1027.8,177
0,2024-02-14,1025.3,1028.5,1021.7,198
0,2024-02-15,1016.1,1021.6,1010.7,304
0,2024-02-16,1020.4,1022.2,1018.3,344
0,2024-02-17,1022.2,1023.9,1020.7,340
0,2024-02-18,1023.1,1025.3,1021.3,155
0,2024-02-19,1015.6,1020.6,1011.3,177
0,2024-02-20,1017.9,1019.4,1015.9,91
0,2024-02-21,1015.7,1018.7,1013.5,35
0,2024-02-22,1018.2,1021.7,1014.4,5
0,2024-02-23,1023.0,1026.5,1020.8,9
0,2024-02-24,1024.4,1026.9,1021.4,16
0,2024-02-25,1017.2,1020.6,1014.4,345
0,2024-02-26,1021.2,1024.8,1018.9,336
0,2024-02-27,1026.1,1027.4,1025.0,4
0,2024-02-28,1027.2,1028.6,1025.9,21
0,2024-02-29,1017.2,1025.5,1009.0,333
0,2024-03-01,1015.3,1019.2,1012.3,319
0,2024-03-02,1019.9,1021.4,1017.8,327
0,2024-03-03,1020.6,1021.7,1018.6,197
0,2024-03-04,1021.6,1023.7,1019.8,142
0,2024-03-05,1010.8,1018.6,1005.3,40
0,2024-03-06,1008.6,1014.1,1005.4,359
0,2024-03-07,1014.7,1017.1,1012.7,28
0,2024-03-08,1013.6,1015.9,1011.6,315
0,2024-03-09,1020.0,1024.6,1016.1,329
0,2024-03-10,1027.5,1029.7,1025.1,34
0,2024-03-11,1022.4,1028.5,1015.4,180
0,2024-03-12,1010.3,1014.3,1008.0,326
0,2024-03-13,1019.0,1021.5,1014.5,330
0,2024-03-14,1020.8,1022.4,1018.8,118
0,2024-03-15,1022.8,1024.4,1021.5,152
0,2024-03-16,1021.4,1023.4,1019.2,148
0,2024-03-17,1013.7,1019.1,1009.9,310
0,2024-03-18,1018.6,1020.9,1013.2,345
0,2024-03-19,1017.2,1020.2,1013.5,143
0,2024-03-20,1015.5,1018.6,1012.8,310
0,2024-03-21,1017.6,1019.8,1015.9,27
0,2024-03-22,1019.5,1022.4,1016.9,167
0,2024-03-23,1015.3,1017.2,1013.8,196
0,2024-03-24,1015.6,1016.8,1014.7,340
0,2024-03-25,1012.6,1014.9,1009.7,9
0,2024-03-26,1010.4,1020.6,1003.2,325
0,2024-03-27,1022.8,1024.8,1020.9,7
0,2024-03-28,1014.0,1021.9,1004.9,166
0,2024-03-29,1008.7,1012.3,1004.8,215
0,2024-03-30,1013.0,1016.4,1010.2,224
0,2024-03-31,1010.5,1013.1,1008.0,191
0,2024-04-01,1012.5,1016.9,1008.1,344
0,2024-04-02,1015.8,1018.3,1013.8,161
0,2024-04-03,1005.8,1013.7,1000.0,168
0,2024-04-04,1010.6,1016.0,1004.9,331
0,2024-04-05,1017.0,1019.0,1015.7,347
0,2024-04-06,1017.8,1019.4,1016.4,89
0,2024-04-07,1016.2,1017.5,1015.0,34
0,2024-04-08,1013.8,1016.1,1010.5,357
0,2024-04-09,1015.9,1023.4,1009.5,331
0,2024-04-10,1024.8,1026.7,1023.7,20
0,2024-04-11,1023.1,1025.9,1020.8,157
0,2024-04-12,1018.1,1021.6,1015.3,87
0,2024-04-13,1017.0,1018.6,1015.9,24
0,2024-04-14,1019.6,1021.1,1018.2,154
0,2024-04-15,1016.1,1019.4,1013.3,151
0,2024-04-16,1011.8,1014.3,1009.5,187
0,2024-04-17,1010.1,1011.6,1007.7,140
0,2024-04-18,1006.5,1010.2,1004.3,332
0,2024-04-19,1012.4,1014.1,1010.5,306
0,2024-04-20,1011.9,1013.7,1010.0,154
0,2024-04-21,1008.9,1010.2,1007.5,316
0,2024-04-22,1009.7,1011.8,1008.1,69
0,2024-04-23,1008.9,1011.6,1006.3,15
0,2024-04-24,1006.3,1009.2,1004.9,19
0,2024-04-25,1010.3,1012.0,1009.1,71
0,2024-04-26,1010.8,1011.7,1009.6,108
0,2024-04-27,1010.4,1012.6,1009.7,55
0,2024-04-28,1013.4,1014.9,1012.7,10
0,2024-04-29,1007.7,1012.7,1003.9,106
0,2024-04-30,1003.5,1007.2,1002.0,337
0,2024-05-01,1007.5,1013.1,1004.9,353
0,2024-05-02,1016.0,1018.1,1013.4,2
0,2024-05-03,1017.9,1019.2,1016.2,109
0,2024-05-04,1018.6,1019.9,1017.5,152
0,2024-05-05,1017.6,1019.7,1015.5,161
0,2024-05-06,1011.2,1014.8,1008.9,158
0,2024-05-07,1009.5,1011.7,1007.7,330
0,2024-05-08,1012.5,1015.2,1011.3,354
0,2024-05-09,1017.2,1019.8,1015.4,343
0,2024-05-10,1019.8,1021.3,1018.1,145
0,2024-05-11,1018.0,1020.8,1015.2,169
0,2024-05-12,1010.1,1015.5,1005.6,167
0,2024-05-13,1009.9,1014.4,1007.1,347
0,2024-05-14,1015.3,1016.5,1014.1,359
0,2024-05-15,1012.0,1016.0,1007.7,200
0,2024-05-16,1009.6,1013.3,1007.0,263
0,2024-05-17,1016.2,1018.5,1013.5,147
0,2024-05-18,1017.6,1019.4,1015.5,118
0,2024-05-19,1015.6,1017.3,1013.5,136
0,2024-05-20,1013.9,1015.5,1012.9,96
0,2024-05-21,1016.5,1018.0,1015.3,45
0,2024-05-22,1016.0,1017.3,1014.2,134
0,2024-05-23,1011.2,1014.6,1008.5,151
0,2024-05-24,1010.0,1012.7,1008.6,3
0,2024-05-25,1014.3,1016.3,1012.7,15
0,2024-05-26,1011.6,1014.5,1007.7,160
0,2024-05-27,1003.2,1006.0,1002.1,100
0,2024-05-28,1000.8,1006.9,997.6,331
0,2024-05-29,1011.3,1013.0,1007.5,346
0,2024-05-30,1011.6,1013.2,1009.7,150
0,2024-05-31,1009.0,1010.4,1007.7,20
0,2024-06-01,1009.0,1010.3,1007.3,42
0,2024-06-02,1007.8,1009.0,1006.3,320
0,2024-06-03,1008.8,1010.8,1007.4,345
0,2024-06-04,1012.6,1015.9,1010.9,340
0,2024-06-05,1017.4,1018.4,1016.5,12
0,2024-06-06,1017.1,1018.4,1015.8,146
0,2024-06-07,1014.7,1016.6,1012.8,137
0,2024-06-08,1012.1,1014.6,1010.0,153
0,2024-06-09,1007.0,1009.5,1005.3,58
0,2024-06-10,1008.5,1009.8,1007.4,24
0,2024-06-11,1008.4,1010.0,1006.4,136
0,2024-06-12,1006.3,1008.0,1004.7,153
0,2024-06-13,1004.2,1005.9,1003.0,66
0,2024-06-14,1006.1,1007.7,1004.8,138
0,2024-06-15,1003.7,1006.2,1001.1,140
0,2024-06-16,1005.1,1008.5,1002.8,57
0,2024-06-17,1008.1,1009.7,1006.4,52
0,2024-06-18,1004.3,1007.5,1002.3,360
0,2024-06-19,1009.0,1010.1,1007.8,29
0,2024-06-20,1008.0,1009.4,1004.1,169
0,2024-06-21,1002.6,1006.6,999.0,21
0,2024-06-22,1003.8,1006.3,1001.4,165
0,2024-06-23,1000.9,1003.2,999.7,216
0,2024-06-24,1005.5,1008.0,1003.2,215
0,2024-06-25,1010.0,1013.5,1007.5,201
0,2024-06-26,1014.8,1016.0,1013.4,76
0,2024-06-27,1013.5,1015.6,1009.4,160
0,2024-06-28,1007.5,1009.5,1006.4,192
0,2024-06-29,1009.4,1010.4,1008.2,189
0,2024-06-30,1005.6,1009.2,1003.6,202
0,2024-07-01,1005.2,1007.5,1004.1,201
0,2024-07-02,1009.4,1012.6,1007.3,303
0,2024-07-03,1012.5,1014.1,1011.1,213
0,2024-07-04,1010.4,1012.7,1008.4,238
0,2024-07-05,1007.5,1009.1,1005.7,226
0,2024-07-06,1008.6,1009.9,1007.5,212
0,2024-07-07,1009.0,1010.2,1007.9,226
0,2024-07-08,1007.4,1009.1,1005.8,216
0,2024-07-09,1007.4,1008.6,1005.5,225
0,2024-07-10,1004.6,1007.7,1002.5,212
0,2024-07-11,1001.8,1002.9,1000.6,241
0,2024-07-12,1002.2,1004.4,1000.2,351
0,2024-07-13,1006.3,1010.1,1004.0,309
0,2024-07-14,1011.0,1013.9,1010.0,243
0,2024-07-15,1012.9,1014.1,1011.9,199
0,2024-07-16,1013.8,1014.8,1013.0,274
0,2024-07-17,1012.5,1014.0,1010.5,333
0,2024-07-18,1009.3,1011.2,1007.0,173
0,2024-07-19,1008.4,1009.8,1007.0,213
0,2024-07-20,1010.7,1011.7,1009.6,340
0,2024-07-21,1010.5,1011.4,1009.3,313
0,2024-07-22,1010.0,1011.2,1008.3,23
0,2024-07-23,1007.9,1009.1,1006.2,207
0,2024-07-24,1006.9,1008.2,1005.3,207
0,2024-07-25,1007.8,1010.3,1006.8,151
0,2024-07-26,1012.8,1017.2,1010.5,151
0,2024-07-27,1016.9,1018.6,1015.2,148
0,2024-07-28,1015.3,1018.3,1012.9,40
0,2024-07-29,1010.2,1013.4,1007.3,83
0,2024-07-30,1006.7,1007.9,1004.9,331
0,2024-07-31,1006.6,1008.0,1004.9,8
0,2024-08-01,1005.8,1007.6,1003.8,49
0,2024-08-02,1005.4,1006.6,1003.9,19
0,2024-08-03,1006.8,1008.0,1005.5,48
0,2024-08-04,1007.1,1007.8,1006.0,36
0,2024-08-05,1006.3,1007.5,1004.4,26
0,2024-08-06,1005.6,1006.7,1004.2,40
0,2024-08-07,1004.3,1006.0,1002.3,43
0,2024-08-08,1003.3,1004.1,1001.7,35
0,2024-08-09,1002.5,1003.5,1001.2,331
0,2024-08-10,1001.8,1002.8,1000.2,356
0,2024-08-11,1001.3,1002.5,999.5,11
0,2024-08-12,1002.5,1004.2,1001.4,15
0,2024-08-13,1005.4,1006.7,1004.2,72
0,2024-08-14,1006.2,1007.2,1004.7,78
0,2024-08-15,1005.6,1006.8,1003.7,22
0,2024-08-16,1005.6,1007.1,1004.1,11
0,2024-08-17,1007.8,1009.0,1006.6,17
0,2024-08-18,1008.4,1009.7,1006.7,95
0,2024-08-19,1009.5,1011.6,1008.6,151
0,2024-08-20,1011.5,1012.8,1010.1,172
0,2024-08-21,1011.1,1013.3,1009.4,167
0,2024-08-22,1009.1,1010.3,1007.2,171
0,2024-08-23,1009.4,1010.5,1007.9,173
0,2024-08-24,1010.4,1012.3,1008.8,82
0,2024-08-25,1008.9,1010.5,1007.2,32
0,2024-08-26,1006.8,1008.1,1005.1,130
0,2024-08-27,1004.6,1005.9,1003.1,142
0,2024-08-28,1005.0,1006.5,1002.9,96
0,2024-08-29,995.0,1002.8,991.0,107
0,2024-08-30,994.4,999.3,991.0,291
0,2024-08-31,1003.0,1006.4,998.8,312
0,2024-09-01,1006.3,1007.3,1005.3,299
0,2024-09-02,1008.0,1009.5,1006.8,15
0,2024-09-03,1009.3,1010.7,1007.9,18
0,2024-09-04,1008.4,1009.6,1007.1,349
0,2024-09-05,1008.0,1009.1,1006.6,150
0,2024-09-06,1010.7,1012.8,1009.0,62
0,2024-09-07,1013.2,1014.4,1012.0,63
0,2024-09-08,1012.6,1014.1,1010.6,46
0,2024-09-09,1011.8,1013.0,1010.2,76
0,2024-09-10,1013.3,1015.6,1011.9,138
0,2024-09-11,1015.9,1017.3,1014.2,149
0,2024-09-12,1014.4,1016.2,1012.4,79
0,2024-09-13,1009.5,1012.5,1007.1,138
0,2024-09-14,1006.4,1007.4,1004.6,128
0,2024-09-15,1008.5,1012.1,1006.1,138
0,2024-09-16,1013.7,1015.5,1011.8,130
0,2024-09-17,1014.5,1015.7,1012.3,131
0,2024-09-18,1014.2,1015.5,1012.9,159
0,2024-09-19,1015.1,1016.1,1014.2,150
0,2024-09-20,1013.0,1015.7,1010.8,166
0,2024-09-21,1008.2,1011.4,1005.0,193
0,2024-09-22,1006.3,1010.5,1003.4,30
0,2024-09-23,1012.8,1015.0,1010.9,15
0,2024-09-24,1013.3,1014.2,1012.3,355
0,2024-09-25,1012.7,1013.8,1011.5,45
0,2024-09-26,1011.3,1012.5,1010.1,320
0,2024-09-27,1009.7,1010.8,1008.4,349
0,2024-09-28,1012.8,1015.6,1010.3,350
0,2024-09-29,1016.1,1017.7,1014.7,25
0,2024-09-30,1014.2,1016.5,1012.2,161
0,2024-10-01,1009.8,1012.2,1007.6,125
0,2024-10-02,1011.6,1014.1,1009.4,302
0,2024-10-03,1013.8,1016.1,1012.3,319
0,2024-10-04,1019.0,1021.9,1016.1,327
0,2024-10-05,1019.1,1020.0,1017.8,356
0,2024-10-06,1016.8,1018.6,1014.4,146
0,2024-10-07,1013.2,1015.1,1011.4,322
0,2024-10-08,1011.2,1012.7,1010.3,342
0,2024-10-09,1011.8,1013.6,1010.3,345
0,2024-10-10,1011.6,1013.3,1010.4,340
0,2024-10-11,1015.7,1018.5,1013.6,355
0,2024-10-12,1020.4,1021.8,1018.8,345
0,2024-10-13,1021.4,1022.4,1020.2,346
0,2024-10-14,1020.1,1021.1,1018.4,159
0,2024-10-15,1018.1,1019.4,1016.4,171
0,2024-10-16,1018.7,1020.0,1017.6,344
0,2024-10-17,1019.8,1020.8,1019.2,249
0,2024-10-18,1017.0,1019.4,1014.5,156
0,2024-10-19,1014.2,1019.8,1012.3,298
0,2024-10-20,1024.1,1026.4,1020.7,18
0,2024-10-21,1023.4,1025.0,1022.3,128
0,2024-10-22,1016.9,1021.9,1013.3,132
0,2024-10-23,1013.4,1016.8,1010.2,328
0,2024-10-24,1017.5,1020.1,1016.0,299
0,2024-10-25,1021.5,1023.0,1020.1,342
0,2024-10-26,1018.8,1021.0,1017.0,212
0,2024-10-27,1012.2,1016.6,1009.3,216
0,2024-10-28,1010.8,1013.7,1008.7,347
0,2024-10-29,1014.5,1016.2,1013.6,3
0,2024-10-30,1018.2,1020.9,1016.0,347
0,2024-10-31,1021.2,1022.2,1020.4,11
0,2024-11-01,1017.4,1021.3,1012.7,140
0,2024-11-02,1008.9,1016.6,1003.3,305
0,2024-11-03,1019.5,1020.9,1017.2,353
0,2024-11-04,1019.0,1020.8,1017.3,218
0,2024-11-05,1016.0,1017.9,1013.6,306
0,2024-11-06,1019.4,1024.4,1016.1,313
0,2024-11-07,1026.2,1028.0,1024.1,18
0,2024-11-08,1026.6,1028.4,1025.2,15
0,2024-11-09,1024.3,1025.3,1023.5,312
0,2024-11-10,1020.6,1023.8,1018.7,173
0,2024-11-11,1017.0,1018.5,1015.5,351
0,2024-11-12,1016.5,1018.0,1014.6,306
0,2024-11-13,1019.2,1020.9,1017.8,340
0,2024-11-14,1019.7,1021.5,1018.2,251
0,2024-11-15,1017.0,1017.9,1015.7,13
0,2024-11-16,1015.6,1017.3,1013.8,199
0,2024-11-17,1014.6,1017.2,1013.1,307
0,2024-11-18,1021.9,1026.8,1017.7,337
0,2024-11-19,1026.3,1028.3,1024.3,13
0,2024-11-20,1021.5,1024.0,1019.4,314
0,2024-11-21,1018.3,1019.7,1016.8,318
0,2024-11-22,1018.4,1020.5,1016.6,293
0,2024-11-23,1023.0,1025.7,1020.6,340
0,2024-11-24,1027.2,1028.7,1025.9,348
0,2024-11-25,1026.6,1028.7,1022.8,330
0,2024-11-26,1014.5,1021.6,1010.8,260
0,2024-11-27,1013.2,1014.6,1010.5,260
0,2024-11-28,1012.8,1014.9,1011.0,251
0,2024-11-29,1010.7,1013.0,1009.6,284
0,2024-11-30,1014.3,1017.4,1012.7,284
0,2024-12-01,1017.1,1018.6,1015.8,178
0,2024-12-02,1017.3,1018.4,1016.0,195
0,2024-12-03,1017.9,1019.1,1016.3,268
0,2024-12-04,1018.4,1019.9,1017.0,319
0,2024-12-05,1016.2,1017.5,1014.9,278
0,2024-12-06,1017.7,1019.7,1016.5,263
0,2024-12-07,1020.4,1022.4,1019.1,303
0,2024-12-08,1020.1,1022.4,1018.2,308
0,2024-12-09,1021.7,1024.0,1019.9,294
0,2024-12-10,1020.3,1021.8,1018.5,297
0,2024-12-11,1017.9,1019.8,1015.7,282
0,2024-12-12,1019.0,1020.9,1017.4,310
0,2024-12-13,1017.3,1020.1,1014.2,283
0,2024-12-14,1019.7,1021.9,1017.2,299
0,2024-12-15,1020.0,1021.7,1018.6,281
0,2024-12-16,1020.1,1022.1,1018.5,275
0,2024-12-17,1022.0,1023.3,1020.6,278
0,2024-12-18,1020.3,1021.7,1018.0,304
0,2024-12-19,1023.0,1025.7,1019.2,339
0,2024-12-20,1022.7,1025.7,1019.5,273
0,2024-12-21,1015.6,1019.2,1012.3,279
0,2024-12-22,1019.3,1023.5,1015.4,304
0,2024-12-23,1023.2,1024.9,1021.6,285
0,2024-12-24,1024.7,1028.1,1022.7,298
0,2024-12-25,1025.5,1028.2,1023.1,200
0,2024-12-26,1020.5,1022.8,1017.8,291
0,2024-12-27,1021.3,1023.2,1019.8,297
0,2024-12-28,1019.7,1022.0,1017.9,293
0,2024-12-29,1024.5,1027.0,1021.6,292
0,2024-12-30,1022.3,1026.0,1017.4,181
0,2024-12-31,1015.6,1019.9,1013.1,302
0,2025-01-01,1020.9,1022.9,1019.2,308
0,2025-01-02,1020.9,1022.5,1019.1,307
0,2025-01-03,1021.4,1024.1,1019.4,299
0,2025-01-04,1024.4,1026.2,1023.3,291
0,2025-01-05,1023.4,1026.1,1019.7,174
0,2025-01-06,1014.3,1018.9,1010.1,287
0,2025-01-07,1015.8,1018.1,1013.9,294
0,2025-01-08,1018.8,1021.1,1017.5,287
0,2025-01-09,1018.7,1021.1,1017.0,299
0,2025-01-10,1025.8,1028.7,1021.5,309
0,2025-01-11,1026.5,1028.7,1024.8,297
0,2025-01-12,1021.3,1024.1,1018.9,274
0,2025-01-13,1024.3,1026.3,1022.5,279
0,2025-01-14,1024.9,1027.4,1022.6,196
0,2025-01-15,1022.4,1025.1,1020.1,307
0,2025-01-16,1023.3,1025.2,1020.9,281
0,2025-01-17,1023.4,1024.9,1022.2,294
0,2025-01-18,1023.5,1025.7,1021.9,214
0,2025-01-19,1017.6,1021.4,1014.8,193
0,2025-01-20,1014.5,1016.4,1012.4,247
0,2025-01-21,1018.7,1022.1,1016.5,299
0,2025-01-22,1023.1,1025.0,1021.8,168
0,2025-01-23,1022.5,1024.0,1020.5,167
0,2025-01-24,1021.8,1023.3,1020.5,353
0,2025-01-25,1022.7,1024.4,1021.4,16
0,2025-01-26,1021.8,1024.5,1017.6,22
0,2025-01-27,1014.3,1016.7,1011.1,277
0,2025-01-28,1016.3,1018.2,1014.6,282
0,2025-01-29,1020.6,1023.7,1018.3,291
0,2025-01-30,1025.9,1027.7,1023.8,313
0,2025-01-31,1026.5,1027.7,1025.5,162
0,2025-02-01,1018.4,1025.5,1011.9,62
0,2025-02-02,1013.3,1015.0,1012.0,356
0,2025-02-03,1012.8,1014.7,1010.6,297
0,2025-02-04,1013.1,1014.8,1010.3,294
0,2025-02-05,1014.4,1015.9,1013.6,289
0,2025-02-06,1018.7,1020.9,1016.0,299
0,2025-02-07,1016.4,1019.7,1012.3,278
0,2025-02-08,1021.3,1024.3,1018.9,301
0,2025-02-09,1023.1,1024.7,1021.4,296
0,2025-02-10,1023.9,1025.6,1022.7,297
0,2025-02-11,1027.3,1029.9,1025.6,337
0,2025-02-12,1016.8,1026.0,1010.0,190
0,2025-02-13,1018.7,1021.9,1012.6,319
0,2025-02-14,1020.8,1022.5,1018.6,1
0,2025-02-15,1018.2,1020.7,1015.8,194
0,2025-02-16,1014.5,1017.2,1012.2,59
0,2025-02-17,1017.5,1020.8,1014.2,307
0,2025-02-18,1020.2,1022.4,1018.6,308
0,2025-02-19,1023.0,1025.6,1021.2,310
0,2025-02-20,1025.0,1026.7,1022.9,324
0,2025-02-21,1025.6,1027.7,1023.3,330
0,2025-02-22,1027.8,1029.1,1026.3,315
0,2025-02-23,1026.2,1029.0,1022.8,311
0,2025-02-24,1027.1,1030.7,1025.0,310
0,2025-02-25,1027.6,1030.2,1024.7,147
0,2025-02-26,1023.1,1025.0,1021.1,297
0,2025-02-27,1023.1,1024.8,1021.6,146
0,2025-02-28,1020.2,1021.6,1018.3,118
0,2025-03-01,1019.6,1022.1,1016.5,263
0,2025-03-02,1014.9,1017.6,1011.2,282
0,2025-03-03,1013.2,1019.7,1006.0,10
0,2025-03-04,1014.4,1018.9,1009.5,46
0,2025-03-05,1015.5,1019.2,1012.5,331
0,2025-03-06,1020.8,1024.3,1018.9,340
0,2025-03-07,1025.9,1027.8,1024.6,12
0,2025-03-08,1025.3,1026.2,1024.3,39
0,2025-03-09,1027.8,1029.8,1026.2,31
0,2025-03-10,1027.0,1029.0,1024.4,123
0,2025-03-11,1020.2,1023.7,1018.1,45
0,2025-03-12,1016.3,1019.1,1014.5,230
0,2025-03-13,1018.3,1021.4,1015.9,341
0,2025-03-14,1023.1,1025.3,1021.3,330
0,2025-03-15,1018.4,1022.4,1013.2,31
0,2025-03-16,1007.9,1012.0,1006.0,324
0,2025-03-17,1013.4,1017.5,1010.0,297
0,2025-03-18,1014.4,1017.6,1011.8,250
0,2025-03-19,1020.7,1023.5,1015.7,314
0,2025-03-20,1021.3,1023.6,1018.7,266
0,2025-03-21,1016.8,1019.2,1013.9,213
0,2025-03-22,1013.1,1014.8,1011.1,209
0,2025-03-23,1012.5,1013.9,1011.1,159
0,2025-03-24,1009.2,1012.3,1006.7,210
0,2025-03-25,1005.4,1007.0,1003.3,219
0,2025-03-26,1007.7,1009.4,1005.1,93
0,2025-03-27,1003.4,1008.2,999.4,188
0,2025-03-28,1007.2,1014.8,999.7,340
0,2025-03-29,1018.3,1022.2,1015.1,332
0,2025-03-30,1025.1,1027.1,1022.3,338
0,2025-03-31,1025.6,1027.5,1023.3,22
0,2025-04-01,1020.7,1023.4,1018.0,326
0,2025-04-02,1015.8,1018.9,1013.4,323
0,2025-04-03,1017.1,1019.4,1015.7,321
0,2025-04-04,1019.2,1020.3,1017.8,359
0,2025-04-05,1016.1,1019.7,1012.5,170
0,2025-04-06,1014.2,1017.3,1012.8,340
0,2025-04-07,1018.2,1019.7,1016.9,303
0,2025-04-08,1015.1,1018.7,1012.1,219
0,2025-04-09,1012.4,1014.4,1010.3,45
0,2025-04-10,1007.6,1010.9,1005.1,195
0,2025-04-11,1008.4,1012.1,1005.7,338
0,2025-04-12,1011.2,1013.9,1006.4,150
0,2025-04-13,1003.0,1006.8,998.5,233
0,2025-04-14,1001.7,1007.0,998.2,208
0,2025-04-15,1004.0,1009.6,998.8,295
0,2025-04-16,1011.7,1014.2,1010.1,143
0,2025-04-17,1012.9,1014.8,1010.2,186
0,2025-04-18,1012.8,1014.3,1011.0,163
0,2025-04-19,1012.5,1014.6,1009.7,162
0,2025-04-20,1011.9,1014.0,1010.6,148
0,2025-04-21,1015.2,1016.8,1014.3,30
0,2025-04-22,1009.2,1014.4,1002.6,148
0,2025-04-23,1002.8,1005.4,1000.5,325
0,2025-04-24,1006.8,1008.3,1005.3,345
0,2025-04-25,1011.9,1015.7,1007.7,327
0,2025-04-26,1017.6,1019.5,1015.2,319
0,2025-04-27,1016.6,1019.6,1013.6,171
0,2025-04-28,1008.6,1014.3,1004.7,287
0,2025-04-29,1011.5,1016.0,1006.7,327
0,2025-04-30,1016.8,1018.3,1015.4,146
0,2025-05-01,1013.6,1017.3,1007.7,166
0,2025-05-02,1007.8,1011.5,1005.6,321
0,2025-05-03,1008.5,1011.3,1005.1,214
0,2025-05-04,1011.3,1014.9,1006.7,328
0,2025-05-05,1012.0,1015.3,1008.8,144
0,2025-05-06,1003.9,1007.5,1001.1,350
0,2025-05-07,1011.6,1015.6,1007.8,339
0,2025-05-08,1017.9,1019.2,1015.9,88
0,2025-05-09,1012.2,1018.9,1004.7,151
0,2025-05-10,1004.3,1007.8,1002.7,236
0,2025-05-11,1008.0,1009.3,1006.8,31
0,2025-05-12,1011.1,1014.8,1008.5,147
0,2025-05-13,1016.9,1018.2,1014.7,70
0,2025-05-14,1018.2,1019.9,1016.8,148
0,2025-05-15,1018.1,1019.5,1016.8,157
0,2025-05-16,1016.3,1018.9,1012.0,149
0,2025-05-17,1007.3,1011.2,1006.2,187
0,2025-05-18,1009.0,1011.0,1008.1,99
0,2025-05-19,1010.4,1011.8,1008.8,28
0,2025-05-20,1011.1,1013.3,1009.7,168
0,2025-05-21,1007.3,1011.1,1002.2,120
0,2025-05-22,1003.2,1008.0,999.8,333
0,2025-05-23,1009.6,1011.3,1007.8,5
0,2025-05-24,1002.8,1009.9,995.3,128
0,2025-05-25,1010.9,1016.6,1004.5,317
0,2025-05-26,1017.5,1019.0,1015.9,2
0,2025-05-27,1018.3,1019.7,1016.8,17
0,2025-05-28,1017.2,1018.3,1015.7,64
0,2025-05-29,1014.0,1016.8,1011.5,150
0,2025-05-30,1009.3,1011.1,1007.6,327
0,2025-05-31,1008.4,1009.8,1006.9,311
0,2025-06-01,1008.6,1009.9,1007.1,321
0,2025-06-02,1005.4,1007.9,1002.0,150
0,2025-06-03,997.4,1001.5,994.4,18
0,2025-06-04,1004.9,1007.8,1001.6,248
0,2025-06-05,1010.6,1012.2,1008.0,227
0,2025-06-06,1011.1,1012.2,1009.7,124
0,2025-06-07,1010.0,1010.8,1008.6,341
0,2025-06-08,1009.4,1011.3,1008.0,151
0,2025-06-09,1008.7,1011.0,1007.0,127
0,2025-06-10,1006.7,1008.4,1005.6,299
0,2025-06-11,1010.7,1013.6,1007.8,69
0,2025-06-12,1015.2,1017.0,1013.5,45
0,2025-06-13,1014.9,1016.8,1013.2,347
0,2025-06-14,1005.6,1012.3,1000.6,162
0,2025-06-15,1002.3,1003.6,1001.2,195
0,2025-06-16,1003.2,1006.0,1002.1,204
0,2025-06-17,1008.2,1010.4,1006.3,15
0,2025-06-18,1011.8,1013.8,1010.2,201
0,2025-06-19,1014.0,1015.3,1012.7,99
0,2025-06-20,1012.0,1014.0,1009.8,141
0,2025-06-21,1009.0,1011.9,1006.3,169
0,2025-06-22,1006.6,1008.0,1004.8,206
0,2025-06-23,1007.3,1008.5,1006.4,35
0,2025-06-24,1009.1,1010.6,1008.2,148
0,2025-06-25,1009.7,1010.8,1008.8,171
0,2025-06-26,1009.4,1010.5,1008.3,39
0,2025-06-27,1008.4,1009.5,1007.2,64
0,2025-06-28,1007.8,1008.9,1006.3,78
0,2025-06-29,1008.7,1010.3,1007.5,27
0,2025-06-30,1011.2,1012.6,1010.1,65
0,2025-07-01,1013.3,1014.4,1012.2,43
0,2025-07-02,1013.0,1014.4,1011.4,54
0,2025-07-03,1011.1,1012.6,1009.4,57
0,2025-07-04,1008.8,1010.2,1007.2,65
0,2025-07-05,1006.5,1007.7,1004.8,62
0,2025-07-06,1005.2,1006.4,1003.2,80
0,2025-07-07,1004.9,1005.6,1003.4,51
0,2025-07-08,1006.1,1007.7,1005.1,106
0,2025-07-09,1007.9,1009.3,1006.8,134
0,2025-07-10,1008.3,1009.5,1007.1,142
0,2025-07-11,1009.1,1010.5,1008.3,149
0,2025-07-12,1007.9,1009.8,1005.9,151
0,2025-07-13,1002.3,1005.9,998.1,145
0,2025-07-14,992.9,997.2,990.2,210
0,2025-07-15,998.0,1003.1,995.3,205
0,2025-07-16,1006.2,1008.1,1003.3,174
0,2025-07-17,1008.8,1010.2,1007.9,152
0,2025-07-18,1010.9,1012.6,1009.3,157
0,2025-07-19,1012.8,1014.5,1011.8,153
0,2025-07-20,1014.1,1015.8,1013.0,150
0,2025-07-21,1015.3,1016.4,1013.5,150
0,2025-07-22,1014.4,1015.7,1012.4,140
0,2025-07-23,1012.7,1014.4,1010.3,135
0,2025-07-24,1010.9,1012.4,1008.9,134
0,2025-07-25,1009.4,1010.6,1008.1,129
0,2025-07-26,1007.9,1010.0,1006.4,123
0,2025-07-27,1006.3,1007.8,1005.1,130
0,2025-07-28,1003.9,1005.9,1001.3,126
0,2025-07-29,1001.6,1002.7,999.9,137
0,2025-07-30,1001.6,1003.0,1000.5,154
0,2025-07-31,1002.6,1003.6,1001.2,144
0,2025-08-01,1001.5,1003.2,999.8,80
0,2025-08-02,1001.0,1002.1,999.4,356
0,2025-08-03,1002.3,1004.1,1001.3,102
0,2025-08-04,1004.9,1007.1,1003.8,207
0,2025-08-05,1007.1,1008.6,1005.5,208
0,2025-08-06,1006.3,1008.2,1004.1,218
0,2025-08-07,1003.1,1004.2,1001.9,193
0,2025-08-08,1004.1,1006.2,1002.8,38
0,2025-08-09,1005.8,1007.4,1004.3,184
0,2025-08-10,1003.0,1004.1,1001.6,188
0,2025-08-11,1005.2,1007.8,1003.3,192
0,2025-08-12,1011.0,1014.2,1007.8,207
0,2025-08-13,1014.9,1016.2,1013.8,263
0,2025-08-14,1015.7,1016.7,1014.8,58
0,2025-08-15,1014.2,1015.4,1012.7,49
0,2025-08-16,1013.1,1013.9,1012.3,135
0,2025-08-17,1014.5,1015.3,1013.3,195
0,2025-08-18,1014.9,1016.3,1013.6,53
0,2025-08-19,1013.2,1014.8,1011.8,163
0,2025-08-20,1011.4,1012.6,1010.0,178
0,2025-08-21,1010.1,1011.5,1008.2,157
0,2025-08-22,1009.0,1010.1,1007.8,50
0,2025-08-23,1010.4,1011.9,1009.4,8
0,2025-08-24,1012.2,1013.1,1011.2,166
0,2025-08-25,1012.3,1013.2,1011.1,181
0,2025-08-26,1011.2,1012.4,1009.3,140
0,2025-08-27,1011.2,1012.9,1010.0,117
0,2025-08-28,1012.5,1013.9,1011.8,210
0,2025-08-29,1014.4,1015.3,1013.2,177
0,2025-08-30,1014.3,1015.7,1012.8,2
0,2025-08-31,1012.1,1013.9,1010.4,188
0,2025-09-01,1010.0,1011.0,1008.6,200
0,2025-09-02,1009.9,1011.2,1008.3,78
0,2025-09-03,1010.3,1011.3,1008.9,118
0,2025-09-04,1007.4,1010.4,1003.1,65
0,2025-09-05,1007.2,1011.0,1002.8,310
0,2025-09-06,1010.2,1011.0,1009.3,56
0,2025-09-07,1009.3,1010.4,1008.1,188
0,2025-09-08,1010.3,1011.4,1009.4,204
0,2025-09-09,1010.7,1011.8,1009.2,46
0,2025-09-10,1010.2,1011.1,1009.2,230
0,2025-09-11,1012.3,1013.8,1011.1,49
0,2025-09-12,1013.0,1014.0,1012.1,168
0,2025-09-13,1010.5,1011.8,1009.0,212
0,2025-09-14,1011.6,1013.7,1010.3,228
0,2025-09-15,1014.8,1015.8,1013.7,137
0,2025-09-16,1014.1,1015.5,1012.4,204
0,2025-09-17,1011.8,1012.9,1010.7,192
0,2025-09-18,1012.0,1014.7,1010.5,299
0,2025-09-19,1014.5,1016.3,1013.1,9
0,2025-09-20,1009.9,1012.7,1007.7,204
0,2025-09-21,1011.9,1015.4,1009.7,345
0,2025-09-22,1016.9,1018.3,1015.9,36
0,2025-09-23,1017.3,1018.7,1016.4,95
0,2025-09-24,1016.4,1017.5,1015.1,143
0,2025-09-25,1017.5,1018.6,1016.7,154
0,2025-09-26,1016.9,1018.0,1015.4,290
0,2025-09-27,1016.1,1017.2,1015.1,3
0,2025-09-28,1012.0,1014.5,1009.4,207
0,2025-09-29,1009.7,1011.6,1008.4,328
0,2025-09-30,1011.7,1013.3,1010.4,326
0,2025-10-01,1011.8,1014.0,1010.5,236
0,2025-10-02,1015.8,1017.6,1013.9,346
0,2025-10-03,1017.6,1019.9,1016.6,163
0,2025-10-04,1013.7,1016.4,1011.4,187
0,2025-10-05,1012.5,1013.8,1010.7,345
0,2025-10-06,1013.3,1014.4,1012.0,348
0,2025-10-07,1013.9,1016.0,1011.9,352
0,2025-10-08,1012.0,1013.5,1009.9,359
0,2025-10-09,1014.8,1017.0,1012.8,7
0,2025-10-10,1016.3,1017.4,1015.2,4
0,2025-10-11,1012.6,1015.6,1010.3,3
0,2025-10-12,1010.3,1012.1,1009.0,337
0,2025-10-13,1013.4,1014.8,1012.0,335
0,2025-10-14,1014.6,1015.8,1012.9,190
0,2025-10-15,1016.8,1018.0,1015.9,9
0,2025-10-16,1015.9,1019.0,1013.7,338
0,2025-10-17,1019.7,1021.6,1018.1,1
0,2025-10-18,1016.7,1018.7,1014.7,252
0,2025-10-19,1018.3,1019.6,1017.1,11
0,2025-10-20,1019.4,1021.0,1018.0,343
0,2025-10-21,1022.2,1023.3,1021.1,23
0,2025-10-22,1022.8,1023.8,1021.9,31
0,2025-10-23,1022.3,1023.5,1021.2,31
0,2025-10-24,1021.4,1022.9,1020.3,21
0,2025-10-25,1017.9,1020.0,1015.6,3
0,2025-10-26,1013.1,1015.1,1010.8,321
0,2025-10-27,1016.5,1019.9,1014.5,312
0,2025-10-28,1023.3,1026.3,1020.2,326
0,2025-10-29,1025.9,1027.6,1024.8,4
0,2025-10-30,1023.6,1026.0,1021.1,227
0,2025-10-31,1015.1,1020.6,1011.0,6
0,2025-11-01,1011.3,1015.6,1009.5,276
0,2025-11-02,1016.0,1018.2,1014.6,251
0,2025-11-03,1022.9,1025.4,1018.5,347
0,2025-11-04,1024.7,1026.9,1023.3,223
0,2025-11-05,1020.7,1023.2,1018.6,15
0,2025-11-06,1019.4,1021.0,1018.2,347
0,2025-11-07,1022.3,1024.0,1021.0,352
0,2025-11-08,1021.8,1024.7,1018.3,146
0,2025-11-09,1012.6,1017.8,1009.3,301
0,2025-11-10,1015.2,1018.1,1012.9,324
0,2025-11-11,1018.9,1021.1,1017.2,305
0,2025-11-12,1020.3,1021.7,1018.9,280
0,2025-11-13,1016.2,1018.9,1014.1,290
0,2025-11-14,1016.7,1019.6,1014.9,317
0,2025-11-15,1023.4,1026.3,1020.0,264
0,2025-11-16,1025.2,1026.9,1023.4,214
0,2025-11-17,1021.3,1023.7,1018.9,291
0,2025-11-18,1021.2,1022.3,1019.6,307
0,2025-11-19,1023.3,1024.7,1021.9,311
0,2025-11-20,1023.0,1024.5,1021.2,235
0,2025-11-21,1022.4,1024.2,1020.3,254
0,2025-11-22,1024.5,1026.0,1023.7,206
0,2025-11-23,1023.0,1025.2,1021.2,197
0,2025-11-24,1018.8,1021.7,1015.7,189
0,2025-11-25,1013.8,1016.7,1011.9,259
0,2025-11-26,1020.9,1022.8,1017.4,305
0,2025-11-27,1017.3,1022.5,1013.3,209
0,2025-11-28,1017.3,1020.1,1015.3,316
0,2025-11-29,1019.2,1020.3,1017.3,231
0,2025-11-30,1019.0,1020.6,1017.0,197
0,2025-12-01,1016.7,1018.0,1015.4,186
0,2025-12-02,1015.6,1017.0,1013.7,311
0,2025-12-03,1017.9,1021.6,1015.4,317
0,2025-12-04,1023.3,1024.8,1021.9,302
0,2025-12-05,1023.0,1024.2,1021.5,308
0,2025-12-06,1023.0,1024.7,1020.9,198
0,2025-12-07,1022.0,1023.3,1020.3,192
0,2025-12-08,1021.4,1023.3,1019.7,285
0,2025-12-09,1023.9,1025.0,1022.5,342
0,2025-12-10,1024.3,1026.4,1022.7,200
0,2025-12-11,1018.8,1022.6,1015.4,223
0,2025-12-12,1025.3,1028.8,1020.7,11
0,2025-12-13,1021.7,1027.9,1012.6,58
0,2025-12-14,1014.1,1019.0,1010.7,303
0,2025-12-15,1022.6,1024.3,1019.6,318
0,2025-12-16,1023.5,1024.7,1021.9,176
0,2025-12-17,1019.8,1022.0,1016.7,242
0,2025-12-18,1023.8,1025.4,1021.8,275
0,2025-12-19,1023.9,1026.2,1021.9,167
0,2025-12-20,1020.4,1022.6,1018.1,201
0,2025-12-21,1019.2,1023.5,1016.6,318
0,2025-12-22,1025.4,1027.1,1023.8,1
0,2025-12-23,1023.5,1026.8,1019.4,174
0,2025-12-24,1013.3,1018.6,1009.6,216
0,2025-12-25,1009.6,1013.5,1007.1,312
0,2025-12-26,1019.0,1023.3,1013.5,309
0,2025-12-27,1023.2,1024.7,1021.6,294
0,2025-12-28,1023.0,1024.8,1020.8,209
0,2025-12-29,1019.9,1022.6,1017.5,192
0,2025-12-30,1018.8,1020.5,1017.5,300
0,2025-12-31,1020.1,1021.6,1018.2,328
0,2026-01-01,1019.0,1020.2,1017.6,320
0,2026-01-02,1018.2,1020.6,1016.3,296
0,2026-01-03,1022.5,1024.4,1020.5,297
0,2026-01-04,1022.3,1024.5,1019.9,229
0,2026-01-05,1016.9,1019.4,1014.3,283
0,2026-01-06,1019.5,1021.6,1018.5,309
0,2026-01-07,1017.4,1018.6,1015.6,266
0,2026-01-08,1020.0,1023.7,1017.4,310
0,2026-01-09,1022.6,1024.6,1020.4,178
0,2026-01-10,1015.7,1020.7,1011.9,230
0,2026-01-11,1018.2,1022.9,1014.3,301
0,2026-01-12,1020.9,1023.7,1016.5,268
0,2026-01-13,1014.0,1018.2,1011.6,263
0,2026-01-14,1021.5,1023.1,1018.6,296
0,2026-01-15,1018.4,1022.6,1015.3,197
0,2026-01-16,1016.9,1018.7,1015.6,192
0,2026-01-17,1017.0,1018.9,1015.6,176
0,2026-01-18,1018.6,1020.2,1016.9,241
0,2026-01-19,1016.5,1018.8,1013.6,266
0,2026-01-20,1016.7,1018.1,1015.3,336
0,2026-01-21,1018.2,1020.5,1016.4,317
0,2026-01-22,1021.8,1023.6,1020.1,304
0,2026-01-23,1023.8,1025.7,1022.6,288
0,2026-01-24,1021.1,1022.9,1019.8,281
0,2026-01-25,1024.7,1027.7,1022.4,315
0,2026-01-26,1023.9,1027.2,1020.4,97
0,2026-01-27,1019.6,1021.2,1018.1,305
0,2026-01-28,1021.9,1024.4,1020.3,316
0,2026-01-29,1025.1,1026.4,1024.3,307
0,2026-01-30,1024.7,1026.6,1022.3,322
0,2026-01-31,1023.5,1024.9,1021.3,338
1,2021-01-01,1023.9,1025.9,1022.1,271
1,2021-01-02,1024.5,1027.0,1023.1,264
1,2021-01-03,1029.3,1031.0,1026.6,291
1,2021-01-04,1028.9,1030.7,1027.0,286
1,2021-01-05,1023.9,1026.7,1021.3,307
1,2021-01-06,1021.4,1022.9,1019.8,287
1,2021-01-07,1018.7,1021.0,1015.2,283
1,2021-01-08,1020.0,1021.0,1019.1,284
1,2021-01-09,1020.1,1021.5,1019.4,283
1,2021-01-10,1024.5,1026.1,1021.3,276
1,2021-01-11,1024.0,1027.6,1019.8,161
1,2021-01-12,1017.7,1019.2,1016.3,270
1,2021-01-13,1018.7,1019.7,1017.4,214
1,2021-01-14,1021.1,1022.5,1019.5,214
1,2021-01-15,1019.2,1022.3,1015.8,180
1,2021-01-16,1017.6,1020.6,1015.1,290
1,2021-01-17,1023.0,1024.9,1020.3,296
1,2021-01-18,1020.9,1024.2,1017.5,251
1,2021-01-19,1026.9,1030.7,1021.7,322
1,2021-01-20,1029.4,1031.4,1027.4,117
1,2021-01-21,1024.3,1028.0,1020.0,164
1,2021-01-22,1017.4,1020.0,1015.9,60
1,2021-01-23,1014.6,1015.8,1013.0,80
1,2021-01-24,1019.6,1024.4,1015.0,354
1,2021-01-25,1024.3,1026.7,1021.8,86
1,2021-01-26,1016.1,1021.5,1011.5,109
1,2021-01-27,1017.4,1018.8,1015.1,319
1,2021-01-28,1013.8,1017.4,1010.7,283
1,2021-01-29,1020.9,1024.6,1016.4,291
1,2021-01-30,1026.3,1027.6,1024.7,250
1,2021-01-31,1028.4,1030.4,1027.3,221
1,2021-02-01,1019.3,1027.2,1014.4,188
1,2021-02-02,1019.3,1022.7,1016.3,289
1,2021-02-03,1024.5,1026.4,1022.7,286
1,2021-02-04,1023.3,1024.5,1021.4,257
1,2021-02-05,1022.0,1024.1,1018.9,199
1,2021-02-06,1016.8,1018.8,1014.9,290
1,2021-02-07,1017.8,1019.0,1016.6,263
1,2021-02-08,1020.5,1024.2,1017.4,295
1,2021-02-09,1025.2,1026.5,1024.3,290
1,2021-02-10,1023.5,1025.6,1021.2,260
1,2021-02-11,1023.3,1025.5,1022.3,227
1,2021-02-12,1022.8,1023.6,1021.4,118
1,2021-02-13,1023.0,1024.8,1021.1,113
1,2021-02-14,1015.5,1021.1,1008.9,115
1,2021-02-15,1005.6,1011.3,1003.0,279
1,2021-02-16,1013.3,1016.1,1011.2,287
1,2021-02-17,1013.5,1015.5,1011.4,285
1,2021-02-18,1017.4,1021.0,1015.5,292
1,2021-02-19,1019.5,1021.2,1017.5,240
1,2021-02-20,1014.5,1016.8,1012.5,225
1,2021-02-21,1015.3,1016.2,1014.5,220
1,2021-02-22,1013.6,1015.6,1011.2,227
1,2021-02-23,1019.2,1022.2,1014.3,309
1,2021-02-24,1022.9,1024.2,1022.1,12
1,2021-02-25,1021.8,1024.5,1018.7,83
1,2021-02-26,1019.7,1021.9,1018.3,74
1,2021-02-27,1025.9,1028.1,1021.8,75
1,2021-02-28,1026.1,1028.2,1024.3,114
1,2021-03-01,1017.5,1023.6,1008.5,135
1,2021-03-02,1016.8,1026.8,1006.7,338
1,2021-03-03,1028.2,1031.3,1026.7,33
1,2021-03-04,1024.4,1028.2,1019.4,118
1,2021-03-05,1015.7,1018.5,1013.5,74
1,2021-03-06,1021.7,1026.2,1018.4,329
1,2021-03-07,1025.3,1026.6,1023.9,49
1,2021-03-08,1024.1,1025.6,1023.0,316
1,2021-03-09,1022.9,1024.4,1021.0,323
1,2021-03-10,1025.2,1028.4,1023.0,272
1,2021-03-11,1026.1,1029.0,1022.8,123
1,2021-03-12,1015.5,1022.3,1010.5,114
1,2021-03-13,1016.9,1019.1,1012.3,316
1,2021-03-14,1018.8,1020.3,1017.6,290
1,2021-03-15,1018.7,1020.8,1016.8,162
1,2021-03-16,1013.3,1016.7,1011.7,218
1,2021-03-17,1015.7,1018.2,1013.9,322
1,2021-03-18,1017.9,1019.7,1015.8,38
1,2021-03-19,1016.8,1018.3,1015.2,69
1,2021-03-20,1011.2,1016.5,1007.6,130
1,2021-03-21,1008.8,1013.7,1005.3,297
1,2021-03-22,1018.4,1021.6,1014.2,292
1,2021-03-23,1022.8,1024.4,1021.7,233
1,2021-03-24,1022.1,1024.6,1019.8,215
1,2021-03-25,1019.6,1020.4,1018.5,314
1,2021-03-26,1020.8,1022.7,1019.9,225
1,2021-03-27,1016.3,1020.6,1010.7,139
1,2021-03-28,1005.9,1009.7,1004.1,173
1,2021-03-29,1007.9,1009.1,1006.8,251
1,2021-03-30,1009.9,1012.9,1008.4,332
1,2021-03-31,1013.1,1014.7,1011.9,288
1,2021-04-01,1016.4,1017.9,1014.2,91
1,2021-04-02,1018.4,1019.7,1017.3,116
1,2021-04-03,1014.8,1018.2,1011.1,141
1,2021-04-04,1010.2,1014.6,1008.2,321
1,2021-04-05,1016.5,1018.1,1014.8,354
1,2021-04-06,1017.5,1018.4,1016.1,334
1,2021-04-07,1017.5,1018.6,1015.9,297
1,2021-04-08,1016.3,1017.6,1014.8,310
1,2021-04-09,1021.5,1027.4,1017.4,3
1,2021-04-10,1029.3,1031.2,1027.7,61
1,2021-04-11,1029.4,1031.5,1027.4,126
1,2021-04-12,1022.9,1028.2,1016.8,138
1,2021-04-13,1011.7,1015.6,1009.6,163
1,2021-04-14,1014.6,1018.5,1011.7,312
1,2021-04-15,1018.8,1020.4,1017.5,115
1,2021-04-16,1017.6,1019.2,1016.4,162
1,2021-04-17,1013.1,1016.3,1009.5,256
1,2021-04-18,1014.5,1017.6,1012.8,286
1,2021-04-19,1016.5,1017.5,1015.0,271
1,2021-04-20,1019.0,1020.7,1017.4,225
1,2021-04-21,1021.0,1022.5,1019.5,302
1,2021-04-22,1018.8,1020.9,1016.7,87
1,2021-04-23,1017.1,1018.1,1015.9,121
1,2021-04-24,1017.7,1019.5,1016.0,131
1,2021-04-25,1016.8,1019.7,1015.4,317
1,2021-04-26,1020.5,1022.1,1019.0,64
1,2021-04-27,1019.7,1021.0,1018.1,159
1,2021-04-28,1016.9,1019.7,1014.2,116
1,2021-04-29,1007.9,1013.4,1005.3,179
1,2021-04-30,1005.9,1008.5,1003.8,244
1,2021-05-01,1004.6,1009.1,1001.0,254
1,2021-05-02,1013.0,1019.4,1008.3,278
1,2021-05-03,1019.3,1020.8,1017.9,258
1,2021-05-04,1016.0,1019.3,1011.2,138
1,2021-05-05,1011.8,1017.0,1007.6,267
1,2021-05-06,1017.0,1019.0,1015.1,260
1,2021-05-07,1010.6,1014.5,1007.1,163
1,2021-05-08,1007.3,1009.1,1005.0,211
1,2021-05-09,1008.5,1011.4,1005.2,292
1,2021-05-10,1011.8,1013.1,1010.3,63
1,2021-05-11,1012.5,1013.6,1011.6,85
1,2021-05-12,1011.2,1012.5,1009.5,85
1,2021-05-13,1010.7,1011.7,1009.4,101
1,2021-05-14,1011.7,1013.3,1010.3,355
1,2021-05-15,1010.2,1011.5,1008.4,145
1,2021-05-16,1006.5,1009.3,1003.8,174
1,2021-05-17,1005.7,1008.9,1004.1,287
1,2021-05-18,1009.9,1010.9,1008.8,30
1,2021-05-19,1010.9,1012.4,1009.8,21
1,2021-05-20,1006.4,1010.9,1003.2,120
1,2021-05-21,1006.1,1009.3,1002.5,257
1,2021-05-22,1009.2,1010.1,1008.0,295
1,2021-05-23,1010.4,1011.7,1009.1,259
1,2021-05-24,1007.2,1009.7,1004.7,199
1,2021-05-25,1007.7,1009.7,1005.4,233
1,2021-05-26,1010.6,1013.1,1008.8,184
1,2021-05-27,1002.8,1008.3,1000.1,245
1,2021-05-28,1004.3,1007.5,1001.1,203
1,2021-05-29,1005.6,1009.0,1001.7,302
1,2021-05-30,1008.8,1010.4,1007.7,255
1,2021-05-31,1010.6,1013.1,1009.5,328
1,2021-06-01,1013.1,1014.4,1011.9,18
1,2021-06-02,1013.8,1015.3,1012.9,143
1,2021-06-03,1006.7,1012.6,1000.6,140
1,2021-06-04,1001.0,1004.1,997.7,307
1,2021-06-05,1005.1,1006.3,1004.4,193
1,2021-06-06,1008.4,1011.5,1005.9,179
1,2021-06-07,1013.9,1015.3,1011.6,162
1,2021-06-08,1015.0,1016.1,1014.1,315
1,2021-06-09,1014.4,1015.9,1013.1,344
1,2021-06-10,1014.0,1014.8,1013.1,141
1,2021-06-11,1012.5,1013.7,1012.0,144
1,2021-06-12,1011.8,1013.0,1010.3,141
1,2021-06-13,1008.4,1011.4,1005.7,133
1,2021-06-14,1005.4,1006.6,1003.8,352
1,2021-06-15,1003.5,1005.0,1001.6,130
1,2021-06-16,1000.9,1003.8,998.5,108
1,2021-06-17,1004.0,1004.8,1003.4,89
1,2021-06-18,1001.8,1003.9,999.2,125
1,2021-06-19,999.6,1001.5,998.4,305
1,2021-06-20,1001.8,1003.1,1000.9,285
1,2021-06-21,1003.4,1005.6,1002.5,234
1,2021-06-22,1007.1,1009.1,1005.5,306
1,2021-06-23,1009.1,1010.9,1008.1,284
1,2021-06-24,1010.3,1011.2,1009.2,303
1,2021-06-25,1010.3,1011.3,1009.2,304
1,2021-06-26,1010.0,1012.3,1008.3,149
1,2021-06-27,1006.5,1008.9,1003.7,126
1,2021-06-28,1002.8,1005.1,1000.5,91
1,2021-06-29,1003.6,1006.0,1002.0,314
1,2021-06-30,1005.6,1006.3,1005.0,131
1,2021-07-01,1004.5,1005.6,1002.5,84
1,2021-07-02,1006.4,1008.2,1005.1,5
1,2021-07-03,1008.6,1009.5,1007.7,103
1,2021-07-04,1009.3,1011.0,1008.5,181
1,2021-07-05,1011.0,1012.3,1010.2,200
1,2021-07-06,1010.3,1011.5,1009.2,211
1,2021-07-07,1009.7,1010.9,1008.2,222
1,2021-07-08,1006.7,1007.6,1005.7,224
1,2021-07-09,1006.7,1008.4,1005.6,141
1,2021-07-10,1009.7,1012.0,1008.1,179
1,2021-07-11,1011.8,1012.9,1011.0,177
1,2021-07-12,1011.6,1012.5,1010.6,95
1,2021-07-13,1012.0,1012.9,1011.1,163
1,2021-07-14,1013.4,1014.3,1012.8,190
1,2021-07-15,1014.5,1015.2,1013.9,132
1,2021-07-16,1014.1,1015.4,1012.2,99
1,2021-07-17,1012.0,1012.9,1010.8,117
1,2021-07-18,1011.3,1012.3,1010.5,111
1,2021-07-19,1012.6,1013.7,1011.8,126
1,2021-07-20,1012.8,1014.2,1011.0,120
1,2021-07-21,1011.0,1012.3,1009.5,126
1,2021-07-22,1009.8,1010.6,1008.7,113
1,2021-07-23,1008.5,1009.6,1007.4,116
1,2021-07-24,1007.8,1008.8,1006.8,126
1,2021-07-25,1006.5,1007.5,1005.3,127
1,2021-07-26,1004.1,1006.4,1002.1,126
1,2021-07-27,1001.3,1003.3,999.2,293
1,2021-07-28,1001.2,1002.3,999.8,316
1,2021-07-29,1001.3,1002.3,1000.0,6
1,2021-07-30,1001.3,1002.2,1000.1,332
1,2021-07-31,1001.5,1002.9,999.9,258
1,2021-08-01,1001.2,1002.3,999.8,195
1,2021-08-02,1003.5,1005.1,1002.4,136
1,2021-08-03,1007.7,1009.4,1005.5,121
1,2021-08-04,1008.5,1010.0,1006.6,128
1,2021-08-05,1005.4,1007.7,1003.2,133
1,2021-08-06,1001.8,1003.7,999.8,105
1,2021-08-07,1001.5,1002.9,1000.6,141
1,2021-08-08,999.7,1003.1,989.5,76
1,2021-08-09,997.5,1005.5,987.1,296
1,2021-08-10,1008.2,1010.7,1005.5,214
1,2021-08-11,1011.2,1012.7,1009.7,178
1,2021-08-12,1009.7,1011.5,1008.3,140
1,2021-08-13,1003.2,1007.9,1000.0,148
1,2021-08-14,1002.6,1005.9,1000.9,235
1,2021-08-15,1010.1,1013.4,1006.3,300
1,2021-08-16,1012.2,1014.0,1010.2,137
1,2021-08-17,1006.1,1010.5,1003.6,156
1,2021-08-18,1006.4,1007.3,1005.3,148
1,2021-08-19,1009.6,1012.9,1006.6,199
1,2021-08-20,1013.1,1013.9,1012.2,143
1,2021-08-21,1010.3,1013.2,1007.9,157
1,2021-08-22,1010.4,1011.4,1008.9,159
1,2021-08-23,1010.4,1012.0,1008.2,151
1,2021-08-24,1006.3,1007.7,1004.6,179
1,2021-08-25,1009.3,1011.8,1007.6,191
1,2021-08-26,1013.1,1015.2,1011.3,214
1,2021-08-27,1013.6,1014.3,1012.7,99
1,2021-08-28,1013.5,1014.6,1012.3,301
1,2021-08-29,1013.5,1014.1,1012.6,339
1,2021-08-30,1014.4,1015.2,1013.2,292
1,2021-08-31,1014.0,1015.5,1012.2,285
1,2021-09-01,1010.5,1013.1,1008.7,232
1,2021-09-02,1007.7,1008.8,1007.0,275
1,2021-09-03,1007.0,1007.9,1005.8,75
1,2021-09-04,1010.7,1014.2,1007.0,318
1,2021-09-05,1014.9,1016.7,1013.4,327
1,2021-09-06,1014.5,1016.3,1012.2,332
1,2021-09-07,1010.9,1013.1,1009.0,147
1,2021-09-08,1009.1,1010.9,1008.2,352
1,2021-09-09,1011.9,1013.0,1011.0,285
1,2021-09-10,1013.0,1013.7,1012.4,261
1,2021-09-11,1012.4,1013.4,1010.7,215
1,2021-09-12,1011.3,1014.0,1010.0,188
1,2021-09-13,1015.2,1016.1,1013.8,107
1,2021-09-14,1013.6,1015.7,1011.6,98
1,2021-09-15,1012.0,1013.0,1011.0,81
1,2021-09-16,1010.6,1012.7,1009.0,101
1,2021-09-17,1002.5,1008.7,991.9,139
1,2021-09-18,1010.1,1013.7,1003.8,312
1,2021-09-19,1012.9,1014.0,1011.7,316
1,2021-09-20,1012.3,1013.5,1010.8,145
1,2021-09-21,1009.7,1012.3,1006.9,144
1,2021-09-22,1010.1,1012.6,1008.2,197
1,2021-09-23,1015.1,1018.3,1012.6,290
1,2021-09-24,1019.4,1020.5,1018.5,325
1,2021-09-25,1019.4,1020.8,1018.0,105
1,2021-09-26,1016.8,1018.9,1015.0,337
1,2021-09-27,1013.4,1015.2,1011.9,91
1,2021-09-28,1012.0,1012.9,1010.9,125
1,2021-09-29,1009.5,1011.4,1007.7,139
1,2021-09-30,1005.8,1008.1,1004.0,76
1,2021-10-01,1005.8,1009.0,1004.0,318
1,2021-10-02,1012.8,1017.3,1009.6,286
1,2021-10-03,1020.5,1023.3,1017.6,141
1,2021-10-04,1022.3,1024.3,1020.5,146
1,2021-10-05,1021.3,1023.0,1019.5,219
1,2021-10-06,1018.1,1020.4,1015.5,252
1,2021-10-07,1016.3,1017.6,1014.7,208
1,2021-10-08,1018.2,1020.1,1017.1,136
1,2021-10-09,1020.4,1021.7,1019.2,123
1,2021-10-10,1018.6,1020.5,1016.5,141
1,2021-10-11,1016.5,1017.6,1014.8,106
1,2021-10-12,1018.9,1021.3,1017.1,48
1,2021-10-13,1020.1,1021.6,1018.5,323
1,2021-10-14,1017.6,1019.6,1015.2,316
1,2021-10-15,1015.1,1016.3,1014.0,253
1,2021-10-16,1014.2,1017.2,1012.1,318
1,2021-10-17,1018.8,1021.8,1016.6,348
1,2021-10-18,1020.8,1022.4,1019.1,57
1,2021-10-19,1016.4,1019.8,1013.8,259
1,2021-10-20,1018.0,1019.2,1016.2,355
1,2021-10-21,1017.5,1019.5,1015.9,119
1,2021-10-22,1016.3,1019.5,1015.1,286
1,2021-10-23,1024.0,1026.3,1020.3,13
1,2021-10-24,1024.7,1026.6,1022.7,92
1,2021-10-25,1020.0,1022.9,1017.9,167
1,2021-10-26,1017.7,1019.3,1016.7,298
1,2021-10-27,1017.4,1018.7,1016.1,269
1,2021-10-28,1019.0,1021.1,1017.7,331
1,2021-10-29,1021.9,1023.7,1020.4,58
1,2021-10-30,1022.0,1023.6,1020.1,144
1,2021-10-31,1021.6,1023.1,1020.3,233
1,2021-11-01,1020.9,1022.1,1019.2,297
1,2021-11-02,1018.5,1020.9,1016.6,297
1,2021-11-03,1016.3,1017.5,1015.0,265
1,2021-11-04,1017.4,1020.0,1016.0,277
1,2021-11-05,1019.4,1021.2,1017.9,193
1,2021-11-06,1018.1,1019.3,1016.8,107
1,2021-11-07,1018.4,1020.3,1017.3,80
1,2021-11-08,1013.0,1016.8,1009.6,177
1,2021-11-09,1012.1,1013.3,1010.5,279
1,2021-11-10,1008.9,1009.9,1007.0,256
1,2021-11-11,1011.1,1012.2,1010.0,260
1,2021-11-12,1016.0,1018.4,1012.0,268
1,2021-11-13,1019.4,1021.1,1018.0,249
1,2021-11-14,1019.4,1020.9,1018.3,236
1,2021-11-15,1020.3,1021.6,1018.9,252
1,2021-11-16,1021.4,1022.7,1020.1,266
1,2021-11-17,1022.0,1023.6,1020.5,236
1,2021-11-18,1018.9,1020.1,1017.6,232
1,2021-11-19,1017.7,1019.0,1016.4,208
1,2021-11-20,1018.8,1020.4,1017.4,204
1,2021-11-21,1017.7,1020.6,1013.6,181
1,2021-11-22,1010.5,1014.7,1006.3,290
1,2021-11-23,1016.0,1017.1,1015.1,277
1,2021-11-24,1018.4,1019.8,1016.9,266
1,2021-11-25,1018.0,1019.4,1017.1,238
1,2021-11-26,1022.4,1026.4,1019.4,273
1,2021-11-27,1030.1,1034.1,1026.5,334
1,2021-11-28,1032.8,1035.0,1031.1,133
1,2021-11-29,1027.4,1031.0,1024.6,197
1,2021-11-30,1013.9,1024.0,1006.6,192
1,2021-12-01,1015.9,1020.5,1010.4,293
1,2021-12-02,1020.1,1021.7,1018.5,273
1,2021-12-03,1017.4,1018.8,1015.3,230
1,2021-12-04,1023.2,1026.6,1018.2,300
1,2021-12-05,1027.4,1029.1,1026.4,174
1,2021-12-06,1025.6,1027.5,1024.2,196
1,2021-12-07,1022.8,1024.4,1021.0,295
1,2021-12-08,1027.3,1029.9,1024.7,345
1,2021-12-09,1027.7,1029.8,1025.6,157
1,2021-12-10,1024.3,1025.4,1022.8,191
1,2021-12-11,1023.7,1025.6,1022.3,192
1,2021-12-12,1020.2,1021.9,1017.9,269
1,2021-12-13,1022.3,1023.9,1019.5,294
1,2021-12-14,1022.1,1023.4,1020.0,236
1,2021-12-15,1022.4,1023.9,1021.3,205
1,2021-12-16,1017.3,1022.1,1011.6,184
1,2021-12-17,1014.7,1020.6,1010.3,289
1,2021-12-18,1023.4,1024.9,1021.3,288
1,2021-12-19,1021.1,1023.2,1019.3,258
1,2021-12-20,1020.7,1023.0,1018.3,231
1,2021-12-21,1016.7,1018.6,1014.6,233
1,2021-12-22,1018.5,1021.3,1016.5,276
1,2021-12-23,1022.1,1023.9,1021.1,228
1,2021-12-24,1018.0,1022.3,1014.1,272
1,2021-12-25,1020.3,1024.9,1015.7,292
1,2021-12-26,1027.0,1028.8,1025.2,292
1,2021-12-27,1027.6,1028.7,1026.0,282
1,2021-12-28,1027.1,1029.1,1025.5,250
1,2021-12-29,1020.5,1024.9,1017.3,223
1,2021-12-30,1020.5,1023.0,1017.8,276
1,2021-12-31,1025.1,1027.0,1021.0,294
1,2022-01-01,1027.6,1029.3,1026.6,268
1,2022-01-02,1024.7,1026.5,1022.9,244
1,2022-01-03,1022.9,1024.7,1021.0,259
1,2022-01-04,1023.8,1025.3,1022.5,281
1,2022-01-05,1024.5,1026.4,1023.6,144
1,2022-01-06,1023.0,1026.0,1021.4,27
1,2022-01-07,1026.6,1028.4,1025.8,2
1,2022-01-08,1023.2,1026.0,1021.0,171
1,2022-01-09,1019.7,1021.2,1018.1,280
1,2022-01-10,1018.2,1020.3,1014.9,205
1,2022-01-11,1012.7,1016.5,1009.8,284
1,2022-01-12,1017.7,1019.1,1016.6,292
1,2022-01-13,1016.2,1017.8,1014.3,278
1,2022-01-14,1021.7,1023.6,1018.0,297
1,2022-01-15,1022.6,1023.8,1021.0,181
1,2022-01-16,1021.8,1023.0,1020.5,247
1,2022-01-17,1022.7,1024.5,1021.2,279
1,2022-01-18,1023.5,1025.2,1021.7,299
1,2022-01-19,1022.0,1023.9,1019.7,265
1,2022-01-20,1022.0,1026.3,1018.1,322
1,2022-01-21,1027.8,1029.7,1026.2,16
1,2022-01-22,1025.9,1028.0,1023.3,101
1,2022-01-23,1019.1,1023.2,1016.0,77
1,2022-01-24,1017.0,1019.2,1015.3,10
1,2022-01-25,1019.8,1021.1,1019.0,3
1,2022-01-26,1020.9,1022.4,1019.2,285
1,2022-01-27,1020.7,1022.3,1019.1,302
1,2022-01-28,1019.3,1020.7,1017.9,291
1,2022-01-29,1016.9,1018.5,1015.3,289
1,2022-01-30,1016.4,1018.1,1015.2,349
1,2022-01-31,1020.9,1023.5,1018.3,289
1,2022-02-01,1022.7,1024.5,1021.6,259
1,2022-02-02,1024.5,1026.8,1023.1,273
1,2022-02-03,1022.6,1024.3,1021.4,303
1,2022-02-04,1020.6,1021.6,1019.6,293
1,2022-02-05,1021.6,1022.9,1019.7,285
1,2022-02-06,1025.0,1026.6,1022.3,293
1,2022-02-07,1024.8,1026.8,1022.7,278
1,2022-02-08,1023.4,1024.4,1022.2,345
1,2022-02-09,1022.4,1024.8,1020.0,48
1,2022-02-10,1019.2,1020.6,1018.0,314
1,2022-02-11,1022.9,1024.5,1020.4,328
1,2022-02-12,1022.5,1024.4,1020.7,63
1,2022-02-13,1018.2,1020.5,1016.1,76
1,2022-02-14,1017.7,1018.9,1016.3,59
1,2022-02-15,1017.4,1018.6,1015.7,261
1,2022-02-16,1019.1,1020.7,1018.1,281
1,2022-02-17,1023.1,1027.0,1018.8,304
1,2022-02-18,1027.5,1030.3,1025.3,113
1,2022-02-19,1019.7,1025.0,1016.2,288
1,2022-02-20,1019.4,1023.8,1015.3,297
1,2022-02-21,1026.8,1028.9,1024.0,287
1,2022-02-22,1028.0,1029.6,1026.3,283
1,2022-02-23,1027.7,1029.4,1026.2,281
1,2022-02-24,1027.4,1028.6,1026.3,286
1,2022-02-25,1026.1,1027.8,1025.0,276
1,2022-02-26,1022.0,1025.4,1017.8,211
1,2022-02-27,1020.1,1023.7,1016.1,293
1,2022-02-28,1022.1,1024.5,1020.0,177
1,2022-03-01,1013.8,1019.2,1010.8,239
1,2022-03-02,1014.8,1017.1,1013.3,279
1,2022-03-03,1017.8,1019.2,1016.5,276
1,2022-03-04,1017.0,1019.3,1013.9,185
1,2022-03-05,1012.2,1014.3,1010.9,261
1,2022-03-06,1018.0,1020.6,1014.4,307
1,2022-03-07,1019.4,1021.2,1017.3,43
1,2022-03-08,1018.6,1019.4,1017.5,269
1,2022-03-09,1020.4,1022.8,1018.2,229
1,2022-03-10,1022.0,1023.9,1020.9,177
1,2022-03-11,1019.5,1020.9,1017.8,173
1,2022-03-12,1018.3,1019.6,1016.8,202
1,2022-03-13,1014.7,1017.2,1012.7,199
1,2022-03-14,1011.9,1014.8,1008.5,34
1,2022-03-15,1012.2,1014.0,1008.7,322
1,2022-03-16,1014.9,1017.9,1012.7,39
1,2022-03-17,1016.1,1018.5,1013.9,41
1,2022-03-18,1005.0,1013.0,1000.0,10
1,2022-03-19,1006.8,1012.6,1004.2,294
1,2022-03-20,1016.9,1020.0,1012.6,3
1,2022-03-21,1021.0,1023.8,1019.7,323
1,2022-03-22,1018.4,1019.8,1017.2,0
1,2022-03-23,1016.6,1018.3,1015.5,56
1,2022-03-24,1019.8,1023.7,1016.9,264
1,2022-03-25,1020.5,1023.9,1014.5,139
1,2022-03-26,1004.5,1011.5,1000.5,157
1,2022-03-27,1012.7,1016.6,1008.5,310
1,2022-03-28,1022.1,1025.8,1017.0,337
1,2022-03-29,1024.5,1026.5,1022.6,113
1,2022-03-30,1021.5,1024.4,1019.0,155
1,2022-03-31,1019.2,1021.5,1017.8,313
1,2022-04-01,1024.8,1027.2,1021.5,4
1,2022-04-02,1026.4,1027.8,1024.3,53
1,2022-04-03,1025.5,1026.7,1024.0,300
1,2022-04-04,1026.0,1027.5,1024.9,294
1,2022-04-05,1022.7,1025.5,1019.8,189
1,2022-04-06,1019.9,1021.1,1018.2,3
1,2022-04-07,1016.5,1018.7,1014.1,285
1,2022-04-08,1018.9,1020.8,1017.8,297
1,2022-04-09,1017.9,1019.3,1016.1,333
1,2022-04-10,1018.4,1019.7,1016.8,301
1,2022-04-11,1015.7,1018.6,1013.4,142
1,2022-04-12,1012.1,1014.2,1009.5,177
1,2022-04-13,1012.6,1013.9,1011.6,313
1,2022-04-14,1012.6,1013.9,1011.4,299
1,2022-04-15,1012.1,1014.2,1010.7,325
1,2022-04-16,1015.0,1017.0,1013.7,330
1,2022-04-17,1017.4,1018.8,1016.3,296
1,2022-04-18,1016.8,1018.2,1015.1,229
1,2022-04-19,1016.3,1017.3,1014.7,304
1,2022-04-20,1016.5,1018.0,1014.9,124
1,2022-04-21,1014.0,1016.8,1009.9,146
1,2022-04-22,1013.3,1015.2,1011.6,19
1,2022-04-23,1012.9,1014.9,1011.7,153
1,2022-04-24,1010.9,1012.4,1009.4,113
1,2022-04-25,1012.4,1014.7,1010.8,107
1,2022-04-26,1005.5,1010.0,1003.3,172
1,2022-04-27,1010.5,1015.5,1005.9,320
1,2022-04-28,1014.3,1017.0,1011.5,47
1,2022-04-29,1008.9,1017.4,1000.6,333
1,2022-04-30,1015.9,1018.2,1013.1,15
1,2022-05-01,1012.2,1014.5,1010.4,320
1,2022-05-02,1013.3,1015.0,1012.1,281
1,2022-05-03,1018.8,1020.8,1016.0,1
1,2022-05-04,1020.8,1021.8,1019.4,325
1,2022-05-05,1019.9,1021.9,1017.5,130
1,2022-05-06,1016.9,1018.5,1015.5,137
1,2022-05-07,1015.6,1016.8,1014.3,272
1,2022-05-08,1016.3,1018.5,1013.8,18
1,2022-05-09,1014.9,1016.8,1013.8,47
1,2022-05-10,1015.4,1017.0,1013.4,121
1,2022-05-11,1014.6,1016.2,1013.2,109
1,2022-05-12,1010.5,1013.7,1007.7,89
1,2022-05-13,1005.8,1008.2,1003.4,3
1,2022-05-14,1009.4,1012.5,1005.0,311
1,2022-05-15,1011.7,1012.9,1010.2,303
1,2022-05-16,1012.0,1014.0,1010.6,305
1,2022-05-17,1014.8,1017.7,1013.3,191
1,2022-05-18,1018.5,1019.8,1017.1,200
1,2022-05-19,1018.6,1020.1,1017.1,203
1,2022-05-20,1014.5,1017.3,1011.6,145
1,2022-05-21,1008.7,1011.7,1006.3,130
1,2022-05-22,1007.2,1008.2,1006.1,58
1,2022-05-23,1011.1,1013.7,1008.2,263
1,2022-05-24,1013.0,1014.8,1011.1,119
1,2022-05-25,1009.7,1012.6,1006.6,127
1,2022-05-26,1005.0,1008.2,1002.8,332
1,2022-05-27,1002.3,1003.9,1001.2,262
1,2022-05-28,1006.4,1008.7,1004.2,222
1,2022-05-29,1006.2,1008.6,1003.6,129
1,2022-05-30,1000.9,1004.1,998.4,143
1,2022-05-31,1006.1,1009.4,1002.1,302
1,2022-06-01,1007.0,1009.5,1004.1,141
1,2022-06-02,1007.5,1009.1,1006.4,334
1,2022-06-03,1009.1,1011.0,1008.1,324
1,2022-06-04,1010.1,1012.2,1008.3,103
1,2022-06-05,1003.3,1008.2,995.4,125
1,2022-06-06,995.2,1002.3,990.6,314
1,2022-06-07,1005.9,1009.4,1002.8,323
1,2022-06-08,1010.3,1012.4,1008.8,1
1,2022-06-09,1012.2,1013.4,1011.1,325
1,2022-06-10,1013.1,1014.0,1012.3,161
1,2022-06-11,1010.4,1013.2,1007.7,91
1,2022-06-12,1010.5,1012.4,1009.1,311
1,2022-06-13,1008.9,1011.5,1007.0,101
1,2022-06-14,1006.7,1007.8,1006.0,100
1,2022-06-15,1007.9,1010.1,1006.1,118
1,2022-06-16,1009.1,1009.8,1008.1,95
1,2022-06-17,1009.0,1010.1,1007.6,207
1,2022-06-18,1007.9,1009.3,1006.3,20
1,2022-06-19,1008.0,1009.9,1005.8,57
1,2022-06-20,1005.2,1006.7,1003.3,18
1,2022-06-21,1003.4,1005.2,1002.1,50
1,2022-06-22,1007.7,1010.3,1005.2,58
1,2022-06-23,1007.7,1010.2,1005.5,190
1,2022-06-24,1004.1,1005.3,1002.9,205
1,2022-06-25,1008.3,1011.7,1005.2,194
1,2022-06-26,1013.4,1014.5,1011.5,165
1,2022-06-27,1013.4,1014.5,1011.8,125
1,2022-06-28,1010.4,1012.3,1008.6,198
1,2022-06-29,1010.2,1012.2,1009.1,196
1,2022-06-30,1013.0,1014.9,1012.1,5
1,2022-07-01,1014.3,1016.0,1012.3,77
1,2022-07-02,1012.1,1013.8,1010.0,136
1,2022-07-03,1009.3,1011.0,1007.3,135
1,2022-07-04,1006.2,1008.5,1004.4,129
1,2022-07-05,1003.9,1007.7,1002.7,129
1,2022-07-06,1008.6,1010.0,1007.3,267
1,2022-07-07,1009.1,1010.4,1007.6,224
1,2022-07-08,1005.1,1007.8,1002.7,145
1,2022-07-09,1000.9,1002.9,999.6,354
1,2022-07-10,1004.4,1005.8,1002.8,300
1,2022-07-11,1006.1,1007.4,1005.2,358
1,2022-07-12,1006.8,1008.2,1006.0,319
1,2022-07-13,1005.8,1008.2,1003.4,313
1,2022-07-14,1001.3,1003.6,999.8,191
1,2022-07-15,999.8,1001.0,998.5,214
1,2022-07-16,998.0,1000.0,996.5,198
1,2022-07-17,1001.1,1003.6,999.5,239
1,2022-07-18,1002.7,1003.9,1001.2,160
1,2022-07-19,1002.3,1005.8,999.9,223
1,2022-07-20,1006.3,1007.4,1005.4,41
1,2022-07-21,1003.9,1007.1,1000.7,220
1,2022-07-22,1004.4,1006.3,1003.6,289
1,2022-07-23,1006.1,1006.9,1005.4,308
1,2022-07-24,1005.0,1006.5,1003.6,133
1,2022-07-25,1008.2,1009.6,1006.5,32
1,2022-07-26,1008.7,1009.9,1007.8,331
1,2022-07-27,1008.7,1009.7,1007.9,123
1,2022-07-28,1010.3,1011.9,1009.3,129
1,2022-07-29,1011.0,1012.2,1009.6,120
1,2022-07-30,1008.9,1010.1,1007.8,120
1,2022-07-31,1008.5,1009.5,1007.5,131
1,2022-08-01,1009.3,1011.5,1007.8,135
1,2022-08-02,1011.9,1012.9,1010.8,117
1,2022-08-03,1011.7,1013.3,1010.0,47
1,2022-08-04,1009.8,1011.1,1008.5,272
1,2022-08-05,1007.4,1008.5,1005.8,272
1,2022-08-06,1007.1,1008.1,1006.2,149
1,2022-08-07,1009.2,1011.2,1007.8,127
1,2022-08-08,1010.3,1011.5,1009.2,140
1,2022-08-09,1010.0,1011.3,1008.4,248
1,2022-08-10,1009.0,1009.9,1008.3,263
1,2022-08-11,1007.8,1009.5,1006.3,28
1,2022-08-12,1006.7,1007.5,1005.4,214
1,2022-08-13,1007.3,1008.7,1006.5,246
1,2022-08-14,1008.2,1009.2,1007.5,213
1,2022-08-15,1007.1,1009.1,1005.6,212
1,2022-08-16,1006.4,1008.1,1005.4,218
1,2022-08-17,1007.3,1009.1,1005.6,195
1,2022-08-18,1007.0,1008.2,1005.9,317
1,2022-08-19,1006.1,1008.0,1004.7,234
1,2022-08-20,1003.4,1004.4,1002.1,225
1,2022-08-21,1002.5,1003.4,1001.4,353
1,2022-08-22,1003.5,1004.9,1002.7,333
1,2022-08-23,1005.3,1006.7,1004.1,355
1,2022-08-24,1005.9,1007.3,1004.4,21
1,2022-08-25,1006.0,1006.9,1004.7,306
1,2022-08-26,1005.7,1006.9,1003.9,271
1,2022-08-27,1007.3,1009.0,1006.0,304
1,2022-08-28,1011.5,1013.0,1009.1,13
1,2022-08-29,1012.9,1013.9,1011.6,122
1,2022-08-30,1010.0,1013.1,1007.0,99
1,2022-08-31,1006.3,1007.5,1005.1,231
1,2022-09-01,1009.4,1012.5,1006.8,1
1,2022-09-02,1012.2,1013.7,1010.8,84
1,2022-09-03,1011.7,1012.6,1010.9,117
1,2022-09-04,1010.1,1012.1,1008.1,132
1,2022-09-05,1005.6,1009.1,999.1,132
1,2022-09-06,1002.0,1011.0,993.9,190
1,2022-09-07,1013.4,1015.0,1011.3,318
1,2022-09-08,1014.0,1015.2,1012.2,323
1,2022-09-09,1013.4,1014.6,1011.7,320
1,2022-09-10,1013.5,1014.7,1011.7,53
1,2022-09-11,1012.1,1014.0,1010.2,110
1,2022-09-12,1011.0,1012.2,1009.3,101
1,2022-09-13,1011.5,1012.9,1010.1,104
1,2022-09-14,1011.9,1013.2,1010.1,93
1,2022-09-15,1010.1,1011.7,1007.9,121
1,2022-09-16,1008.3,1009.6,1006.9,131
1,2022-09-17,1005.5,1007.7,1002.9,82
1,2022-09-18,992.4,1002.2,976.5,75
1,2022-09-19,983.0,1001.9,970.6,249
1,2022-09-20,1008.2,1013.0,1002.9,355
1,2022-09-21,1014.0,1015.4,1013.0,52
1,2022-09-22,1013.1,1014.8,1010.9,115
1,2022-09-23,1010.2,1011.6,1008.6,304
1,2022-09-24,1013.1,1014.4,1011.4,315
1,2022-09-25,1013.9,1015.4,1012.7,351
1,2022-09-26,1014.2,1015.0,1013.4,309
1,2022-09-27,1012.9,1014.6,1011.4,319
1,2022-09-28,1010.8,1012.0,1009.3,309
1,2022-09-29,1012.3,1014.1,1011.0,258
1,2022-09-30,1014.5,1015.4,1013.4,253
1,2022-10-01,1016.6,1017.9,1015.3,234
1,2022-10-02,1017.9,1019.6,1016.7,144
1,2022-10-03,1017.3,1019.6,1015.6,173
1,2022-10-04,1012.9,1015.4,1010.2,235
1,2022-10-05,1015.0,1017.9,1013.2,322
1,2022-10-06,1016.6,1018.1,1014.9,85
1,2022-10-07,1015.1,1017.8,1014.0,291
1,2022-10-08,1020.5,1022.3,1018.4,23
1,2022-10-09,1017.2,1021.7,1012.6,111
1,2022-10-10,1013.5,1016.3,1010.7,273
1,2022-10-11,1018.5,1021.6,1015.9,279
1,2022-10-12,1022.4,1023.6,1021.4,62
1,2022-10-13,1020.7,1022.8,1018.7,69
1,2022-10-14,1016.9,1018.7,1014.9,269
1,2022-10-15,1016.3,1017.6,1015.3,238
1,2022-10-16,1015.7,1017.1,1014.1,278
1,2022-10-17,1013.4,1015.1,1011.8,279
1,2022-10-18,1016.2,1019.5,1013.0,331
1,2022-10-19,1021.4,1024.6,1019.2,355
1,2022-10-20,1025.4,1027.3,1024.2,85
1,2022-10-21,1024.7,1026.4,1023.1,199
1,2022-10-22,1019.6,1022.6,1017.2,201
1,2022-10-23,1014.6,1016.9,1012.4,303
1,2022-10-24,1015.7,1017.6,1013.7,320
1,2022-10-25,1021.9,1025.9,1017.1,350
1,2022-10-26,1025.3,1027.3,1024.1,98
1,2022-10-27,1023.0,1024.0,1021.7,223
1,2022-10-28,1022.9,1024.0,1022.0,274
1,2022-10-29,1023.3,1025.0,1022.1,37
1,2022-10-30,1022.9,1024.2,1021.7,64
1,2022-10-31,1021.5,1023.1,1019.7,77
1,2022-11-01,1018.3,1020.1,1016.8,268
1,2022-11-02,1018.1,1020.1,1016.7,254
1,2022-11-03,1016.1,1017.4,1014.2,306
1,2022-11-04,1016.8,1019.0,1015.1,304
1,2022-11-05,1020.6,1022.3,1018.6,311
1,2022-11-06,1022.5,1024.2,1021.3,302
1,2022-11-07,1021.4,1022.8,1019.8,244
1,2022-11-08,1023.5,1025.0,1022.2,249
1,2022-11-09,1024.9,1026.4,1023.6,203
1,2022-11-10,1023.8,1024.7,1022.5,211
1,2022-11-11,1024.3,1025.9,1023.3,121
1,2022-11-12,1020.0,1024.0,1016.1,151
1,2022-11-13,1012.0,1015.7,1009.0,286
1,2022-11-14,1015.5,1017.2,1014.3,331
1,2022-11-15,1014.7,1017.7,1013.1,282
1,2022-11-16,1019.3,1021.5,1017.3,258
1,2022-11-17,1022.1,1024.1,1020.8,195
1,2022-11-18,1023.7,1025.3,1022.4,112
1,2022-11-19,1020.7,1023.2,1018.6,98
1,2022-11-20,1017.6,1019.0,1015.7,330
1,2022-11-21,1018.7,1020.7,1017.6,267
1,2022-11-22,1018.6,1020.9,1015.8,143
1,2022-11-23,1012.8,1016.0,1010.3,303
1,2022-11-24,1018.1,1021.0,1015.8,316
1,2022-11-25,1019.4,1021.7,1016.7,173
1,2022-11-26,1015.0,1017.5,1013.1,282
1,2022-11-27,1019.5,1022.0,1017.2,201
1,2022-11-28,1019.2,1022.1,1014.5,151
1,2022-11-29,1009.8,1013.5,1006.7,184
1,2022-11-30,1021.2,1025.8,1014.5,321
1,2022-12-01,1025.6,1026.6,1024.7,314
1,2022-12-02,1027.2,1029.1,1026.3,310
1,2022-12-03,1025.1,1027.2,1022.8,157
1,2022-12-04,1023.6,1025.1,1022.3,325
1,2022-12-05,1022.1,1023.8,1020.6,356
1,2022-12-06,1021.9,1023.2,1020.6,288
1,2022-12-07,1023.2,1024.8,1021.8,254
1,2022-12-08,1023.9,1025.0,1023.1,258
1,2022-12-09,1021.6,1023.3,1019.9,203
1,2022-12-10,1017.2,1019.8,1014.8,210
1,2022-12-11,1016.6,1020.2,1015.3,307
1,2022-12-12,1018.9,1021.7,1015.8,100
1,2022-12-13,1017.5,1019.0,1016.0,267
1,2022-12-14,1022.0,1024.5,1018.1,290
1,2022-12-15,1024.4,1026.2,1023.4,280
1,2022-12-16,1024.5,1026.1,1023.4,262
1,2022-12-17,1021.0,1024.3,1019.0,274
1,2022-12-18,1019.3,1021.4,1017.9,283
1,2022-12-19,1024.5,1026.9,1021.3,278
1,2022-12-20,1025.4,1027.6,1022.6,251
1,2022-12-21,1013.3,1021.9,1005.7,201
1,2022-12-22,1005.1,1006.9,1002.6,287
1,2022-12-23,1008.2,1010.5,1006.8,280
1,2022-12-24,1013.5,1015.7,1010.8,282
1,2022-12-25,1017.1,1019.3,1015.4,285
1,2022-12-26,1021.0,1023.2,1019.2,277
1,2022-12-27,1024.4,1026.0,1022.9,217
1,2022-12-28,1025.8,1027.9,1024.3,256
1,2022-12-29,1028.8,1030.9,1027.1,291
1,2022-12-30,1029.4,1031.0,1027.4,278
1,2022-12-31,1028.2,1029.2,1027.3,263
1,2023-01-01,1027.6,1029.1,1026.1,272
1,2023-01-02,1026.1,1027.4,1023.9,281
1,2023-01-03,1025.3,1026.3,1023.8,270
1,2023-01-04,1027.0,1028.7,1025.3,271
1,2023-01-05,1028.6,1030.1,1026.9,270
1,2023-01-06,1022.7,1026.9,1018.0,236
1,2023-01-07,1016.8,1020.9,1013.7,267
1,2023-01-08,1023.6,1025.4,1021.1,259
1,2023-01-09,1022.4,1025.1,1019.8,236
1,2023-01-10,1025.7,1028.2,1021.4,4
1,2023-01-11,1025.7,1027.1,1024.2,173
1,2023-01-12,1024.1,1026.0,1022.6,193
1,2023-01-13,1015.9,1022.0,1011.1,149
1,2023-01-14,1009.2,1011.0,1006.8,296
1,2023-01-15,1011.6,1013.0,1010.1,295
1,2023-01-16,1016.1,1021.2,1011.4,301
1,2023-01-17,1021.7,1023.2,1019.9,301
1,2023-01-18,1022.5,1023.7,1021.5,289
1,2023-01-19,1023.1,1024.6,1021.8,255
1,2023-01-20,1023.1,1025.2,1021.5,266
1,2023-01-21,1026.6,1027.9,1025.3,345
1,2023-01-22,1024.7,1027.7,1021.9,120
1,2023-01-23,1018.2,1021.3,1015.4,32
1,2023-01-24,1017.1,1022.9,1013.4,294
1,2023-01-25,1025.8,1027.6,1023.6,286
1,2023-01-26,1023.7,1026.1,1019.4,235
1,2023-01-27,1015.6,1018.7,1013.2,301
1,2023-01-28,1019.3,1021.5,1017.2,290
1,2023-01-29,1019.6,1020.9,1018.4,254
1,2023-01-30,1020.0,1022.3,1017.8,284
1,2023-01-31,1021.0,1022.5,1019.2,189
1,2023-02-01,1016.4,1018.8,1013.5,242
1,2023-02-02,1021.3,1023.3,1017.2,6
1,2023-02-03,1019.9,1021.4,1018.7,50
1,2023-02-04,1021.1,1024.1,1018.9,285
1,2023-02-05,1024.0,1025.4,1022.9,255
1,2023-02-06,1021.5,1023.7,1019.0,113
1,2023-02-07,1017.7,1019.6,1016.0,97
1,2023-02-08,1022.0,1025.6,1018.7,299
1,2023-02-09,1025.8,1028.8,1022.4,77
1,2023-02-10,1015.5,1021.1,1012.2,25
1,2023-02-11,1020.9,1022.7,1019.2,1
1,2023-02-12,1019.6,1022.8,1013.8,56
1,2023-02-13,1011.4,1015.5,1009.1,346
1,2023-02-14,1018.4,1021.3,1015.5,356
1,2023-02-15,1026.4,1030.7,1021.6,26
1,2023-02-16,1030.4,1032.1,1029.0,46
1,2023-02-17,1027.6,1029.9,1025.8,165
1,2023-02-18,1021.1,1025.7,1016.6,133
1,2023-02-19,1014.7,1017.9,1011.9,272
1,2023-02-20,1021.1,1022.8,1018.2,302
1,2023-02-21,1029.0,1032.4,1023.6,8
1,2023-02-22,1029.7,1032.8,1025.1,75
1,2023-02-23,1022.4,1024.6,1020.2,61
1,2023-02-24,1019.8,1023.0,1018.4,289
1,2023-02-25,1025.2,1030.2,1023.1,331
1,2023-02-26,1033.3,1035.0,1030.7,353
1,2023-02-27,1033.8,1036.0,1032.2,244
1,2023-02-28,1028.9,1032.2,1025.8,160
1,2023-03-01,1020.9,1025.5,1017.7,214
1,2023-03-02,1023.0,1027.2,1018.0,317
1,2023-03-03,1026.8,1028.4,1025.4,173
1,2023-03-04,1026.3,1027.7,1024.8,318
1,2023-03-05,1025.7,1027.7,1023.9,296
1,2023-03-06,1024.0,1025.9,1022.3,264
1,2023-03-07,1023.4,1025.0,1022.5,178
1,2023-03-08,1022.5,1024.3,1020.6,199
1,2023-03-09,1018.4,1021.5,1015.5,190
1,2023-03-10,1020.0,1022.4,1017.8,75
1,2023-03-11,1023.1,1024.8,1022.2,318
1,2023-03-12,1019.3,1023.4,1014.8,220
1,2023-03-13,1021.3,1023.0,1018.8,305
1,2023-03-14,1021.5,1022.9,1019.7,142
1,2023-03-15,1023.1,1025.0,1021.7,258
1,2023-03-16,1023.6,1024.6,1022.7,202
1,2023-03-17,1020.8,1023.8,1017.5,321
1,2023-03-18,1015.0,1017.6,1013.2,323
1,2023-03-19,1019.0,1020.9,1017.5,243
1,2023-03-20,1016.7,1018.8,1014.6,125
1,2023-03-21,1012.1,1014.5,1009.3,119
1,2023-03-22,1011.0,1012.6,1008.5,117
1,2023-03-23,1004.2,1009.0,1001.5,170
1,2023-03-24,1011.8,1014.5,1009.0,313
1,2023-03-25,1015.2,1016.8,1014.0,322
1,2023-03-26,1013.7,1016.8,1012.2,313
1,2023-03-27,1018.3,1021.3,1016.3,281
1,2023-03-28,1022.9,1025.1,1021.6,296
1,2023-03-29,1022.0,1023.6,1020.2,265
1,2023-03-30,1019.3,1021.3,1017.2,141
1,2023-03-31,1017.0,1018.2,1015.5,123
1,2023-04-01,1014.8,1016.7,1012.4,339
1,2023-04-02,1014.3,1016.9,1012.9,287
1,2023-04-03,1020.4,1023.2,1017.6,298
1,2023-04-04,1020.9,1022.9,1018.4,136
1,2023-04-05,1016.6,1019.8,1013.1,141
1,2023-04-06,1011.5,1013.4,1009.9,68
1,2023-04-07,1011.1,1013.7,1009.3,304
1,2023-04-08,1017.1,1020.3,1013.4,289
1,2023-04-09,1019.8,1021.4,1018.2,206
1,2023-04-10,1019.0,1020.8,1017.2,123
1,2023-04-11,1015.8,1018.0,1012.8,198
1,2023-04-12,1014.8,1017.9,1012.3,284
1,2023-04-13,1018.3,1020.0,1016.4,246
1,2023-04-14,1015.2,1018.1,1010.5,117
1,2023-04-15,1002.3,1009.4,998.4,18
1,2023-04-16,1004.2,1009.1,1002.7,278
1,2023-04-17,1016.0,1019.5,1010.2,280
1,2023-04-18,1014.8,1018.9,1012.1,149
1,2023-04-19,1010.9,1012.8,1008.6,160
1,2023-04-20,1009.0,1011.1,1006.4,118
1,2023-04-21,1008.0,1010.9,1006.3,295
1,2023-04-22,1015.4,1019.2,1011.2,49
1,2023-04-23,1020.2,1021.6,1018.8,58
1,2023-04-24,1022.1,1023.5,1020.0,77
1,2023-04-25,1013.7,1020.7,1006.5,101
1,2023-04-26,1011.3,1016.4,1007.8,299
1,2023-04-27,1019.8,1021.5,1016.9,173
1,2023-04-28,1019.1,1021.5,1016.1,125
1,2023-04-29,1009.9,1016.1,1004.7,143
1,2023-04-30,1010.4,1013.4,1007.2,289
1,2023-05-01,1016.1,1021.2,1012.8,281
1,2023-05-02,1023.2,1024.7,1021.5,152
1,2023-05-03,1022.7,1025.0,1020.5,141
1,2023-05-04,1017.9,1021.4,1014.1,139
1,2023-05-05,1010.3,1015.0,1006.9,142
1,2023-05-06,1005.5,1007.8,1003.7,107
1,2023-05-07,1005.1,1007.2,1001.5,313
1,2023-05-08,1011.6,1015.8,1005.2,336
1,2023-05-09,1015.2,1016.6,1013.5,273
1,2023-05-10,1015.2,1016.5,1014.1,217
1,2023-05-11,1016.9,1018.6,1015.6,82
1,2023-05-12,1017.3,1018.4,1015.9,212
1,2023-05-13,1013.7,1017.5,1010.3,131
1,2023-05-14,1008.8,1010.7,1007.0,347
1,2023-05-15,1009.8,1011.4,1008.3,139
1,2023-05-16,1012.9,1014.8,1011.8,87
1,2023-05-17,1015.4,1016.8,1013.7,295
1,2023-05-18,1010.9,1015.1,1005.3,127
1,2023-05-19,1004.8,1007.7,1002.4,72
1,2023-05-20,1008.8,1010.2,1007.7,313
1,2023-05-21,1009.0,1010.2,1007.2,56
1,2023-05-22,1005.9,1007.7,1004.4,329
1,2023-05-23,1007.4,1011.8,1004.6,325
1,2023-05-24,1013.8,1015.3,1012.1,297
1,2023-05-25,1017.1,1019.2,1015.6,142
1,2023-05-26,1019.2,1020.8,1018.0,141
1,2023-05-27,1019.1,1020.5,1017.0,142
1,2023-05-28,1015.7,1018.5,1013.4,137
1,2023-05-29,1011.4,1014.0,1009.7,64
1,2023-05-30,1009.1,1010.7,1007.4,11
1,2023-05-31,1009.9,1011.7,1008.3,109
1,2023-06-01,1007.3,1010.1,1004.3,132
1,2023-06-02,999.9,1003.8,998.1,13
1,2023-06-03,1005.4,1010.1,1001.1,308
1,2023-06-04,1010.5,1011.5,1009.3,135
1,2023-06-05,1010.7,1011.7,1009.6,153
1,2023-06-06,1007.4,1010.5,1004.1,130
1,2023-06-07,1009.5,1010.8,1007.7,270
1,2023-06-08,1006.4,1010.1,1002.3,123
1,2023-06-09,1005.4,1007.9,1003.8,334
1,2023-06-10,1007.3,1008.2,1006.3,132
1,2023-06-11,1005.8,1006.8,1004.5,135
1,2023-06-12,1004.9,1006.3,1003.4,122
1,2023-06-13,1004.3,1005.7,1003.2,303
1,2023-06-14,1004.7,1006.8,1002.4,290
1,2023-06-15,1007.5,1010.8,1006.2,305
1,2023-06-16,1012.6,1014.1,1010.8,160
1,2023-06-17,1013.1,1014.8,1011.4,321
1,2023-06-18,1007.7,1011.2,1004.6,299
1,2023-06-19,1004.8,1006.0,1003.3,302
1,2023-06-20,1005.1,1006.2,1003.6,125
1,2023-06-21,1003.3,1005.6,1001.7,148
1,2023-06-22,1003.2,1005.6,1002.3,312
1,2023-06-23,1008.4,1012.4,1005.5,270
1,2023-06-24,1013.5,1014.7,1012.3,341
1,2023-06-25,1014.1,1015.1,1012.9,66
1,2023-06-26,1012.5,1013.4,1011.3,138
1,2023-06-27,1012.8,1013.7,1012.1,181
1,2023-06-28,1011.5,1013.3,1009.2,193
1,2023-06-29,1007.5,1009.4,1005.4,167
1,2023-06-30,1004.5,1005.6,1003.1,178
1,2023-07-01,1005.8,1007.9,1002.1,121
1,2023-07-02,1009.0,1010.0,1008.2,98
1,2023-07-03,1007.0,1010.1,1004.1,122
1,2023-07-04,1003.2,1005.2,1001.1,70
1,2023-07-05,998.4,1000.9,996.1,188
1,2023-07-06,1003.6,1005.3,1001.4,2
1,2023-07-07,1004.9,1005.6,1004.0,149
1,2023-07-08,1004.9,1006.4,1003.7,185
1,2023-07-09,1006.2,1007.8,1005.3,166
1,2023-07-10,1008.1,1010.1,1006.7,115
1,2023-07-11,1009.4,1011.1,1008.2,156
1,2023-07-12,1008.5,1009.8,1007.4,178
1,2023-07-13,1008.4,1009.3,1007.7,171
1,2023-07-14,1007.3,1008.6,1005.9,167
1,2023-07-15,1006.8,1009.2,1005.7,183
1,2023-07-16,1010.2,1012.8,1009.0,146
1,2023-07-17,1013.1,1014.4,1012.2,237
1,2023-07-18,1011.8,1014.3,1009.0,339
1,2023-07-19,1006.6,1008.9,1004.8,260
1,2023-07-20,1007.6,1009.5,1006.2,303
1,2023-07-21,1011.4,1013.5,1009.8,53
1,2023-07-22,1014.1,1015.0,1013.1,144
1,2023-07-23,1012.5,1014.4,1010.2,138
1,2023-07-24,1011.8,1013.9,1010.8,138
1,2023-07-25,1014.1,1015.6,1012.6,137
1,2023-07-26,1015.1,1016.6,1013.2,209
1,2023-07-27,1013.9,1015.8,1012.0,5
1,2023-07-28,1013.5,1014.7,1011.5,65
1,2023-07-29,1013.9,1014.9,1012.4,134
1,2023-07-30,1013.3,1014.6,1011.6,136
1,2023-07-31,1012.0,1013.3,1010.2,129
1,2023-08-01,1009.9,1011.0,1008.1,123
1,2023-08-02,1008.0,1009.6,1005.9,129
1,2023-08-03,1006.5,1007.7,1004.8,135
1,2023-08-04,1004.6,1006.5,1002.2,133
1,2023-08-05,999.9,1002.7,997.6,125
1,2023-08-06,996.5,998.5,994.4,115
1,2023-08-07,996.8,998.6,995.6,100
1,2023-08-08,998.5,999.5,997.8,95
1,2023-08-09,996.8,998.4,994.1,105
1,2023-08-10,996.3,1002.1,991.5,144
1,2023-08-11,1003.2,1004.3,1001.8,132
1,2023-08-12,1003.9,1004.9,1002.2,325
1,2023-08-13,1003.1,1004.0,1001.8,303
1,2023-08-14,1002.4,1003.4,1000.7,307
1,2023-08-15,1001.1,1002.6,1000.2,308
1,2023-08-16,1002.8,1004.3,1001.6,311
1,2023-08-17,1003.4,1005.1,1002.2,52
1,2023-08-18,1006.1,1008.5,1004.7,134
1,2023-08-19,1010.0,1011.4,1008.7,158
1,2023-08-20,1011.1,1012.7,1009.6,316
1,2023-08-21,1008.7,1011.0,1007.1,65
1,2023-08-22,1006.6,1008.2,1004.7,143
1,2023-08-23,1006.8,1008.3,1004.9,156
1,2023-08-24,1008.3,1009.7,1007.4,157
1,2023-08-25,1008.6,1010.0,1007.6,168
1,2023-08-26,1007.7,1009.1,1006.0,134
1,2023-08-27,1006.5,1007.6,1004.8,118
1,2023-08-28,1006.9,1008.6,1005.7,147
1,2023-08-29,1008.7,1010.7,1006.9,147
1,2023-08-30,1009.6,1010.7,1008.1,135
1,2023-08-31,1010.1,1011.6,1008.7,133
1,2023-09-01,1010.6,1012.1,1008.8,148
1,2023-09-02,1010.7,1011.6,1009.8,141
1,2023-09-03,1010.7,1012.1,1009.2,59
1,2023-09-04,1008.5,1010.4,1006.4,308
1,2023-09-05,1007.1,1008.0,1006.1,4
1,2023-09-06,1006.8,1008.8,1005.7,339
1,2023-09-07,1009.0,1010.1,1007.7,1
1,2023-09-08,1009.3,1010.7,1007.8,323
1,2023-09-09,1009.3,1010.3,1007.6,292
1,2023-09-10,1009.1,1010.2,1007.9,128
1,2023-09-11,1008.4,1010.1,1007.3,139
1,2023-09-12,1009.8,1011.0,1008.3,137
1,2023-09-13,1010.2,1011.2,1008.6,149
1,2023-09-14,1011.2,1013.5,1009.5,177
1,2023-09-15,1012.8,1013.9,1011.4,343
1,2023-09-16,1013.1,1014.2,1012.0,242
1,2023-09-17,1011.5,1012.6,1010.5,146
1,2023-09-18,1013.2,1013.9,1012.0,198
1,2023-09-19,1013.8,1015.3,1012.7,209
1,2023-09-20,1011.7,1014.2,1009.3,148
1,2023-09-21,1008.5,1010.9,1007.1,238
1,2023-09-22,1012.8,1014.5,1011.2,293
1,2023-09-23,1015.0,1016.9,1013.9,344
1,2023-09-24,1015.7,1017.0,1013.7,71
1,2023-09-25,1014.3,1015.5,1012.9,129
1,2023-09-26,1013.1,1014.4,1011.8,152
1,2023-09-27,1011.3,1012.6,1009.4,5
1,2023-09-28,1012.1,1013.3,1010.9,287
1,2023-09-29,1012.8,1014.4,1011.6,270
1,2023-09-30,1009.5,1011.4,1007.5,347
1,2023-10-01,1011.0,1013.5,1009.0,318
1,2023-10-02,1015.0,1016.7,1013.6,22
1,2023-10-03,1015.5,1017.6,1013.8,105
1,2023-10-04,1011.8,1013.9,1008.7,289
1,2023-10-05,1011.3,1014.9,1009.3,317
1,2023-10-06,1016.0,1017.8,1014.6,347
1,2023-10-07,1019.3,1021.2,1017.8,73
1,2023-10-08,1020.3,1021.9,1019.2,90
1,2023-10-09,1016.1,1018.6,1014.5,54
1,2023-10-10,1016.8,1019.6,1015.5,329
1,2023-10-11,1020.4,1022.1,1019.3,25
1,2023-10-12,1020.8,1022.8,1018.7,43
1,2023-10-13,1016.2,1019.6,1012.9,93
1,2023-10-14,1009.8,1012.8,1007.8,248
1,2023-10-15,1009.2,1012.1,1007.7,265
1,2023-10-16,1013.3,1015.2,1012.0,257
1,2023-10-17,1016.8,1019.9,1015.1,257
1,2023-10-18,1019.9,1022.0,1018.3,166
1,2023-10-19,1017.3,1019.7,1014.6,183
1,2023-10-20,1012.9,1015.5,1011.2,275
1,2023-10-21,1018.9,1021.9,1015.4,295
1,2023-10-22,1022.1,1023.3,1020.8,196
1,2023-10-23,1022.3,1024.1,1020.5,216
1,2023-10-24,1020.1,1022.5,1017.7,244
1,2023-10-25,1017.1,1018.6,1015.0,279
1,2023-10-26,1015.2,1017.0,1013.6,199
1,2023-10-27,1011.8,1013.7,1009.7,242
1,2023-10-28,1015.9,1018.8,1013.7,326
1,2023-10-29,1020.0,1022.0,1018.6,355
1,2023-10-30,1021.5,1022.8,1020.2,236
1,2023-10-31,1022.3,1023.6,1020.9,196
1,2023-11-01,1021.1,1022.4,1019.4,183
1,2023-11-02,1019.5,1021.0,1018.0,157
1,2023-11-03,1017.9,1019.2,1016.3,152
1,2023-11-04,1020.1,1022.6,1018.8,161
1,2023-11-05,1020.0,1022.3,1016.7,137
1,2023-11-06,1012.3,1016.0,1009.0,215
1,2023-11-07,1018.1,1021.2,1014.2,287
1,2023-11-08,1021.0,1022.3,1019.7,195
1,2023-11-09,1020.5,1022.6,1018.6,163
1,2023-11-10,1017.1,1020.7,1014.7,302
1,2023-11-11,1021.3,1022.8,1020.0,303
1,2023-11-12,1021.2,1022.1,1020.3,290
1,2023-11-13,1022.9,1025.6,1020.6,292
1,2023-11-14,1024.6,1026.4,1022.7,218
1,2023-11-15,1025.4,1027.0,1024.2,265
1,2023-11-16,1021.1,1027.0,1014.2,210
1,2023-11-17,1012.7,1016.2,1011.3,264
1,2023-11-18,1014.2,1018.5,1010.2,275
1,2023-11-19,1018.0,1019.4,1016.4,253
1,2023-11-20,1020.5,1023.5,1017.5,278
1,2023-11-21,1021.7,1023.3,1019.9,178
1,2023-11-22,1018.6,1021.1,1016.0,172
1,2023-11-23,1014.3,1016.3,1012.5,212
1,2023-11-24,1021.0,1026.5,1014.3,308
1,2023-11-25,1027.5,1029.6,1026.5,343
1,2023-11-26,1023.6,1027.2,1020.3,198
1,2023-11-27,1015.6,1019.8,1012.8,232
1,2023-11-28,1018.0,1022.3,1013.7,273
1,2023-11-29,1022.3,1024.0,1020.9,259
1,2023-11-30,1022.3,1024.0,1021.0,298
1,2023-12-01,1022.1,1023.2,1021.2,285
1,2023-12-02,1024.6,1026.6,1023.0,272
1,2023-12-03,1024.0,1024.9,1022.9,260
1,2023-12-04,1021.9,1024.6,1019.2,161
1,2023-12-05,1016.3,1019.2,1013.9,182
1,2023-12-06,1013.0,1015.9,1008.7,203
1,2023-12-07,1015.7,1020.6,1008.9,279
1,2023-12-08,1020.0,1021.9,1018.3,185
1,2023-12-09,1020.2,1021.4,1018.9,177
1,2023-12-10,1021.7,1023.6,1020.5,184
1,2023-12-11,1015.8,1021.5,1008.7,129
1,2023-12-12,1013.4,1021.8,1007.6,313
1,2023-12-13,1025.9,1027.8,1022.3,68
1,2023-12-14,1023.9,1027.3,1019.1,139
1,2023-12-15,1013.2,1018.6,1009.9,196
1,2023-12-16,1016.3,1021.8,1012.5,282
1,2023-12-17,1027.5,1030.9,1022.2,298
1,2023-12-18,1030.3,1032.1,1028.9,281
1,2023-12-19,1025.2,1029.1,1022.9,196
1,2023-12-20,1021.6,1022.7,1020.1,270
1,2023-12-21,1024.6,1027.7,1022.3,285
1,2023-12-22,1030.2,1034.0,1027.6,282
1,2023-12-23,1033.6,1035.0,1032.5,257
1,2023-12-24,1029.3,1033.4,1026.3,243
1,2023-12-25,1027.4,1029.4,1025.5,265
1,2023-12-26,1028.8,1030.0,1028.1,226
1,2023-12-27,1028.7,1030.3,1028.1,208
1,2023-12-28,1026.3,1028.1,1024.6,213
1,2023-12-29,1024.7,1026.1,1023.4,208
1,2023-12-30,1019.1,1023.6,1013.8,176
1,2023-12-31,1013.3,1020.1,1009.4,286
1,2024-01-01,1024.4,1026.9,1021.0,340
1,2024-01-02,1021.5,1024.5,1019.1,167
1,2024-01-03,1016.3,1018.9,1014.0,268
1,2024-01-04,1021.1,1023.3,1017.8,275
1,2024-01-05,1022.3,1024.3,1020.5,203
1,2024-01-06,1018.7,1020.2,1016.3,274
1,2024-01-07,1021.0,1023.9,1018.7,288
1,2024-01-08,1024.7,1026.8,1023.9,292
1,2024-01-09,1020.7,1024.2,1016.9,176
1,2024-01-10,1013.7,1016.0,1012.4,274
1,2024-01-11,1016.4,1018.3,1015.0,286
1,2024-01-12,1016.8,1017.7,1015.5,260
1,2024-01-13,1021.2,1025.9,1017.1,307
1,2024-01-14,1023.1,1025.7,1018.8,115
1,2024-01-15,1020.0,1024.7,1015.8,305
1,2024-01-16,1028.7,1031.7,1024.7,324
1,2024-01-17,1027.5,1030.8,1024.2,132
1,2024-01-18,1020.9,1024.0,1018.9,191
1,2024-01-19,1022.9,1024.8,1021.1,10
1,2024-01-20,1019.9,1024.1,1014.4,76
1,2024-01-21,1017.8,1022.1,1013.7,335
1,2024-01-22,1020.6,1022.6,1019.1,279
1,2024-01-23,1020.1,1022.1,1018.7,283
1,2024-01-24,1020.5,1022.6,1019.0,287
1,2024-01-25,1024.1,1025.9,1022.1,285
1,2024-01-26,1025.5,1026.5,1024.2,277
1,2024-01-27,1024.5,1026.3,1022.8,263
1,2024-01-28,1024.4,1028.8,1021.7,276
1,2024-01-29,1028.8,1030.2,1027.6,238
1,2024-01-30,1028.7,1030.2,1026.6,136
1,2024-01-31,1022.2,1026.2,1019.2,344
1,2024-02-01,1020.7,1021.9,1019.8,314
1,2024-02-02,1024.4,1027.3,1021.8,66
1,2024-02-03,1026.2,1028.7,1023.7,85
1,2024-02-04,1023.0,1024.6,1021.5,81
1,2024-02-05,1014.8,1020.3,1009.7,36
1,2024-02-06,1021.6,1023.8,1020.4,325
1,2024-02-07,1019.2,1020.6,1017.8,310
1,2024-02-08,1018.4,1019.6,1017.3,349
1,2024-02-09,1019.3,1021.0,1018.2,264
1,2024-02-10,1021.8,1023.8,1019.6,266
1,2024-02-11,1022.7,1023.8,1021.3,258
1,2024-02-12,1028.9,1031.4,1024.3,278
1,2024-02-13,1029.8,1031.8,1028.3,134
1,2024-02-14,1025.0,1028.4,1021.6,168
1,2024-02-15,1016.4,1021.5,1011.6,301
1,2024-02-16,1021.4,1022.9,1019.5,346
1,2024-02-17,1022.3,1023.7,1021.1,231
1,2024-02-18,1022.4,1024.5,1019.5,135
1,2024-02-19,1014.9,1019.0,1011.3,138
1,2024-02-20,1018.2,1019.6,1015.8,330
1,2024-02-21,1016.1,1018.8,1014.2,316
1,2024-02-22,1019.0,1022.3,1014.9,320
1,2024-02-23,1023.7,1027.5,1021.2,359
1,2024-02-24,1024.9,1027.7,1021.7,54
1,2024-02-25,1018.0,1020.6,1015.5,337
1,2024-02-26,1022.4,1025.8,1019.9,347
1,2024-02-27,1027.0,1028.4,1025.9,14
1,2024-02-28,1027.6,1029.1,1025.8,79
1,2024-02-29,1017.9,1025.2,1011.2,19
1,2024-03-01,1016.4,1019.8,1013.3,304
1,2024-03-02,1020.7,1022.3,1018.3,303
1,2024-03-03,1020.8,1021.9,1019.2,242
1,2024-03-04,1021.4,1023.8,1019.2,213
1,2024-03-05,1010.6,1018.9,1004.9,80
1,2024-03-06,1009.6,1015.1,1006.3,349
1,2024-03-07,1015.2,1017.4,1013.0,47
1,2024-03-08,1014.4,1016.0,1012.2,295
1,2024-03-09,1020.7,1025.4,1016.6,320
1,2024-03-10,1027.8,1029.8,1025.7,102
1,2024-03-11,1022.6,1028.5,1016.2,107
1,2024-03-12,1011.3,1014.8,1009.0,317
1,2024-03-13,1019.5,1022.1,1015.3,308
1,2024-03-14,1021.0,1022.8,1019.8,290
1,2024-03-15,1023.0,1024.3,1021.7,196
1,2024-03-16,1021.6,1023.7,1019.3,173
1,2024-03-17,1014.1,1019.1,1010.8,268
1,2024-03-18,1019.4,1021.6,1014.8,350
1,2024-03-19,1017.4,1020.4,1013.5,247
1,2024-03-20,1016.3,1018.8,1013.5,302
1,2024-03-21,1018.0,1019.7,1016.4,324
1,2024-03-22,1019.1,1021.9,1016.3,135
1,2024-03-23,1015.0,1017.0,1012.6,97
1,2024-03-24,1015.5,1016.7,1014.6,69
1,2024-03-25,1012.7,1015.1,1009.4,321
1,2024-03-26,1011.3,1021.4,1002.6,331
1,2024-03-27,1023.0,1025.1,1021.7,7
1,2024-03-28,1012.8,1021.1,1003.6,146
1,2024-03-29,1008.9,1012.3,1005.2,248
1,2024-03-30,1012.9,1016.3,1009.7,2
1,2024-03-31,1010.7,1013.2,1008.4,53
1,2024-04-01,1013.1,1016.9,1008.7,320
1,2024-04-02,1015.1,1017.3,1012.7,142
1,2024-04-03,1005.0,1012.6,1000.0,141
1,2024-04-04,1011.6,1016.9,1006.2,309
1,2024-04-05,1016.9,1019.1,1015.5,41
1,2024-04-06,1017.5,1019.1,1015.6,141
1,2024-04-07,1016.0,1017.3,1014.3,358
1,2024-04-08,1013.7,1015.9,1011.4,34
1,2024-04-09,1017.4,1024.1,1011.4,320
1,2024-04-10,1024.5,1026.8,1022.9,76
1,2024-04-11,1022.6,1024.9,1019.9,139
1,2024-04-12,1017.7,1021.0,1015.0,88
1,2024-04-13,1016.9,1018.3,1015.6,351
1,2024-04-14,1018.7,1020.4,1016.9,132
1,2024-04-15,1013.8,1018.1,1010.8,142
1,2024-04-16,1011.7,1013.0,1010.2,82
1,2024-04-17,1010.4,1011.9,1008.2,340
1,2024-04-18,1007.2,1011.0,1005.6,309
1,2024-04-19,1012.7,1014.2,1011.4,221
1,2024-04-20,1011.6,1013.7,1009.6,144
1,2024-04-21,1008.6,1009.6,1007.6,84
1,2024-04-22,1010.0,1012.2,1008.3,337
1,2024-04-23,1008.8,1012.2,1005.9,69
1,2024-04-24,1006.8,1009.7,1005.1,314
1,2024-04-25,1010.5,1012.1,1009.1,182
1,2024-04-26,1010.6,1011.4,1009.4,14
1,2024-04-27,1010.0,1012.3,1009.1,96
1,2024-04-28,1013.1,1014.7,1012.4,21
1,2024-04-29,1007.2,1012.4,1003.6,109
1,2024-04-30,1004.2,1008.0,1002.0,316
1,2024-05-01,1008.2,1014.1,1005.3,323
1,2024-05-02,1016.2,1017.9,1014.0,4
1,2024-05-03,1017.4,1018.7,1015.6,113
1,2024-05-04,1017.4,1018.4,1015.9,136
1,2024-05-05,1015.7,1017.9,1013.3,149
1,2024-05-06,1010.0,1012.2,1008.5,142
1,2024-05-07,1010.3,1012.5,1008.6,290
1,2024-05-08,1013.4,1016.3,1011.8,342
1,2024-05-09,1017.8,1020.1,1016.2,337
1,2024-05-10,1019.5,1020.9,1017.9,113
1,2024-05-11,1017.3,1020.7,1014.2,130
1,2024-05-12,1009.5,1014.3,1005.5,134
1,2024-05-13,1010.7,1014.8,1008.0,310
1,2024-05-14,1015.2,1016.5,1013.7,262
1,2024-05-15,1011.7,1015.4,1007.9,37
1,2024-05-16,1009.7,1012.6,1007.1,261
1,2024-05-17,1016.2,1018.8,1012.8,225
1,2024-05-18,1017.4,1019.2,1015.2,318
1,2024-05-19,1014.9,1016.2,1013.2,130
1,2024-05-20,1014.0,1016.1,1012.9,75
1,2024-05-21,1016.7,1018.2,1015.2,315
1,2024-05-22,1015.5,1017.6,1013.3,127
1,2024-05-23,1010.6,1013.6,1007.6,124
1,2024-05-24,1010.5,1013.5,1009.2,327
1,2024-05-25,1014.3,1016.0,1013.0,347
1,2024-05-26,1010.3,1014.2,1006.0,142
1,2024-05-27,1003.0,1004.8,1002.2,91
1,2024-05-28,1001.9,1007.8,998.7,315
1,2024-05-29,1011.8,1013.8,1008.3,316
1,2024-05-30,1011.2,1013.0,1009.1,154
1,2024-05-31,1009.4,1011.0,1008.0,323
1,2024-06-01,1009.2,1010.3,1007.6,42
1,2024-06-02,1008.6,1009.7,1007.4,309
1,2024-06-03,1009.6,1011.6,1008.4,328
1,2024-06-04,1013.3,1016.7,1011.5,324
1,2024-06-05,1017.2,1018.4,1015.9,84
1,2024-06-06,1016.7,1018.4,1015.2,137
1,2024-06-07,1014.0,1016.0,1012.2,132
1,2024-06-08,1011.1,1013.8,1008.8,140
1,2024-06-09,1006.6,1008.6,1005.3,100
1,2024-06-10,1008.4,1009.7,1007.2,31
1,2024-06-11,1008.1,1010.0,1005.8,333
1,2024-06-12,1005.6,1007.5,1003.4,130
1,2024-06-13,1003.8,1005.7,1002.7,41
1,2024-06-14,1005.5,1007.3,1004.0,121
1,2024-06-15,1003.0,1005.1,1000.4,151
1,2024-06-16,1005.2,1009.1,1003.0,291
1,2024-06-17,1007.9,1009.2,1006.1,114
1,2024-06-18,1004.9,1008.0,1003.1,319
1,2024-06-19,1009.1,1009.9,1008.1,344
1,2024-06-20,1007.1,1009.3,1002.9,137
1,2024-06-21,1002.6,1006.2,999.4,86
1,2024-06-22,1003.1,1005.8,1000.4,167
1,2024-06-23,1000.6,1003.1,999.5,230
1,2024-06-24,1005.1,1007.8,1003.1,191
1,2024-06-25,1010.1,1013.7,1007.4,11
1,2024-06-26,1014.9,1016.1,1013.4,66
1,2024-06-27,1013.2,1015.6,1009.3,106
1,2024-06-28,1007.4,1008.9,1006.3,58
1,2024-06-29,1009.1,1010.1,1008.0,124
1,2024-06-30,1005.1,1008.1,1003.2,187
1,2024-07-01,1004.9,1007.3,1003.6,180
1,2024-07-02,1009.2,1012.1,1007.2,122
1,2024-07-03,1012.2,1013.6,1011.0,199
1,2024-07-04,1010.2,1012.4,1008.3,242
1,2024-07-05,1007.2,1008.9,1005.7,217
1,2024-07-06,1008.5,1009.9,1007.0,216
1,2024-07-07,1008.8,1009.6,1007.9,218
1,2024-07-08,1007.1,1008.3,1005.6,210
1,2024-07-09,1007.1,1008.2,1004.8,220
1,2024-07-10,1004.3,1007.6,1001.8,205
1,2024-07-11,1001.8,1002.7,1000.4,299
1,2024-07-12,1002.3,1004.6,1000.4,313
1,2024-07-13,1006.1,1009.9,1004.0,84
1,2024-07-14,1010.8,1013.6,1009.6,125
1,2024-07-15,1012.6,1014.1,1011.2,159
1,2024-07-16,1013.6,1014.6,1012.9,120
1,2024-07-17,1012.3,1013.8,1010.4,48
1,2024-07-18,1008.9,1010.9,1006.8,189
1,2024-07-19,1008.1,1009.2,1006.9,194
1,2024-07-20,1010.5,1011.7,1009.4,66
1,2024-07-21,1010.4,1011.4,1009.0,141
1,2024-07-22,1009.9,1011.3,1008.4,349
1,2024-07-23,1007.6,1009.0,1006.2,172
1,2024-07-24,1006.7,1007.7,1005.0,17
1,2024-07-25,1007.3,1009.6,1006.0,141
1,2024-07-26,1011.8,1016.1,1009.7,139
1,2024-07-27,1016.6,1018.7,1015.5,143
1,2024-07-28,1015.3,1018.3,1013.0,30
1,2024-07-29,1010.5,1013.6,1007.9,303
1,2024-07-30,1007.2,1008.0,1005.9,285
1,2024-07-31,1007.0,1008.3,1005.4,306
1,2024-08-01,1006.0,1007.7,1004.1,343
1,2024-08-02,1005.4,1006.7,1003.9,5
1,2024-08-03,1006.7,1007.7,1005.5,34
1,2024-08-04,1007.1,1007.7,1006.0,18
1,2024-08-05,1006.2,1007.4,1004.1,6
1,2024-08-06,1005.8,1006.9,1004.2,324
1,2024-08-07,1004.6,1006.1,1002.4,312
1,2024-08-08,1003.4,1004.3,1001.6,309
1,2024-08-09,1002.8,1003.5,1001.5,309
1,2024-08-10,1002.0,1003.0,1000.1,303
1,2024-08-11,1001.4,1002.5,999.6,326
1,2024-08-12,1002.5,1004.5,1001.2,323
1,2024-08-13,1005.3,1006.6,1003.9,32
1,2024-08-14,1006.0,1006.9,1004.5,348
1,2024-08-15,1005.6,1006.6,1003.9,328
1,2024-08-16,1006.0,1007.8,1004.5,319
1,2024-08-17,1008.0,1009.1,1006.5,316
1,2024-08-18,1008.2,1009.5,1006.2,56
1,2024-08-19,1008.6,1011.1,1007.1,131
1,2024-08-20,1011.0,1012.3,1009.3,133
1,2024-08-21,1010.9,1012.9,1009.2,120
1,2024-08-22,1008.9,1010.3,1006.9,69
1,2024-08-23,1009.2,1010.2,1008.1,332
1,2024-08-24,1010.3,1012.0,1008.7,82
1,2024-08-25,1009.0,1010.7,1007.5,200
1,2024-08-26,1006.3,1007.7,1004.4,126
1,2024-08-27,1004.1,1005.4,1002.3,129
1,2024-08-28,1004.7,1005.8,1003.2,107
1,2024-08-29,994.9,1002.9,990.0,83
1,2024-08-30,994.9,1000.3,991.2,311
1,2024-08-31,1003.8,1006.8,1000.3,305
1,2024-09-01,1006.4,1007.5,1005.3,285
1,2024-09-02,1008.1,1009.8,1006.8,322
1,2024-09-03,1009.3,1010.8,1007.8,276
1,2024-09-04,1008.3,1009.6,1006.8,348
1,2024-09-05,1007.9,1009.0,1006.5,273
1,2024-09-06,1010.6,1012.8,1008.8,324
1,2024-09-07,1013.2,1014.2,1012.1,10
1,2024-09-08,1012.6,1014.2,1010.5,285
1,2024-09-09,1011.4,1012.8,1009.5,114
1,2024-09-10,1012.7,1014.5,1011.4,127
1,2024-09-11,1015.1,1016.4,1013.6,133
1,2024-09-12,1014.0,1015.5,1011.9,77
1,2024-09-13,1009.0,1012.1,1006.6,106
1,2024-09-14,1005.8,1006.7,1003.8,127
1,2024-09-15,1007.9,1011.3,1005.5,121
1,2024-09-16,1013.2,1015.0,1011.4,115
1,2024-09-17,1013.8,1015.1,1011.8,121
1,2024-09-18,1013.7,1014.7,1013.0,142
1,2024-09-19,1014.0,1015.2,1012.9,139
1,2024-09-20,1012.3,1014.9,1010.3,149
1,2024-09-21,1007.8,1010.8,1004.6,173
1,2024-09-22,1006.4,1010.7,1003.9,317
1,2024-09-23,1013.2,1015.3,1011.1,35
1,2024-09-24,1013.2,1014.2,1011.5,107
1,2024-09-25,1012.5,1013.3,1011.4,114
1,2024-09-26,1011.2,1012.6,1009.6,132
1,2024-09-27,1009.9,1011.5,1008.4,265
1,2024-09-28,1013.0,1015.9,1010.7,258
1,2024-09-29,1016.1,1018.1,1014.4,72
1,2024-09-30,1013.9,1016.2,1011.7,117
1,2024-10-01,1009.9,1011.9,1008.0,283
1,2024-10-02,1012.2,1014.8,1009.5,318
1,2024-10-03,1014.0,1016.3,1012.8,223
1,2024-10-04,1019.3,1022.1,1016.3,320
1,2024-10-05,1019.1,1020.3,1017.5,91
1,2024-10-06,1016.6,1018.5,1014.6,135
1,2024-10-07,1013.7,1015.3,1012.0,307
1,2024-10-08,1011.8,1013.2,1010.8,309
1,2024-10-09,1012.5,1014.1,1010.9,344
1,2024-10-10,1012.1,1013.8,1010.9,294
1,2024-10-11,1016.0,1018.9,1013.9,280
1,2024-10-12,1020.7,1022.2,1019.0,213
1,2024-10-13,1021.5,1022.8,1019.8,132
1,2024-10-14,1019.5,1020.8,1018.1,130
1,2024-10-15,1017.3,1019.0,1015.4,164
1,2024-10-16,1018.9,1020.1,1017.6,305
1,2024-10-17,1019.6,1021.1,1018.6,109
1,2024-10-18,1016.3,1018.9,1013.5,136
1,2024-10-19,1014.4,1021.5,1012.4,5
1,2024-10-20,1024.7,1026.9,1021.9,43
1,2024-10-21,1023.0,1025.4,1021.2,101
1,2024-10-22,1016.0,1020.5,1012.2,121
1,2024-10-23,1014.1,1017.4,1010.9,281
1,2024-10-24,1017.8,1020.3,1016.3,238
1,2024-10-25,1021.7,1023.3,1020.5,141
1,2024-10-26,1018.6,1021.1,1016.8,135
1,2024-10-27,1012.4,1016.2,1009.9,297
1,2024-10-28,1011.4,1014.2,1009.6,318
1,2024-10-29,1015.0,1016.5,1013.9,69
1,2024-10-30,1018.9,1021.4,1016.6,350
1,2024-10-31,1021.1,1022.3,1019.9,113
1,2024-11-01,1017.2,1020.7,1011.7,94
1,2024-11-02,1009.5,1017.9,1002.4,311
1,2024-11-03,1019.9,1021.6,1018.4,32
1,2024-11-04,1019.1,1020.7,1017.8,219
1,2024-11-05,1016.4,1018.3,1014.2,269
1,2024-11-06,1020.2,1025.1,1016.7,306
1,2024-11-07,1026.5,1028.3,1024.5,62
1,2024-11-08,1027.0,1028.9,1025.3,95
1,2024-11-09,1024.5,1025.6,1023.0,112
1,2024-11-10,1020.5,1023.8,1018.5,114
1,2024-11-11,1017.5,1019.0,1015.9,319
1,2024-11-12,1017.0,1018.3,1015.6,296
1,2024-11-13,1019.6,1021.4,1018.3,336
1,2024-11-14,1019.5,1021.4,1017.1,134
1,2024-11-15,1017.2,1018.2,1016.1,358
1,2024-11-16,1015.4,1017.1,1013.3,117
1,2024-11-17,1015.2,1018.5,1013.4,297
1,2024-11-18,1023.1,1027.8,1018.8,343
1,2024-11-19,1027.0,1029.3,1024.8,59
1,2024-11-20,1022.0,1024.7,1019.8,239
1,2024-11-21,1018.8,1020.0,1017.6,273
1,2024-11-22,1018.9,1021.2,1017.2,282
1,2024-11-23,1023.7,1026.2,1021.3,3
1,2024-11-24,1027.8,1029.3,1026.5,36
1,2024-11-25,1026.6,1029.3,1022.0,99
1,2024-11-26,1014.2,1020.7,1010.2,223
1,2024-11-27,1013.5,1014.9,1011.1,259
1,2024-11-28,1013.0,1015.5,1010.9,261
1,2024-11-29,1011.2,1013.1,1010.2,269
1,2024-11-30,1014.6,1017.3,1012.8,272
1,2024-12-01,1017.0,1018.5,1015.9,210
1,2024-12-02,1017.3,1018.3,1016.1,181
1,2024-12-03,1018.3,1019.8,1017.4,262
1,2024-12-04,1019.0,1020.6,1017.7,307
1,2024-12-05,1016.4,1017.5,1015.4,258
1,2024-12-06,1018.1,1020.0,1016.8,259
1,2024-12-07,1021.0,1023.1,1019.6,284
1,2024-12-08,1020.8,1022.7,1019.2,294
1,2024-12-09,1022.2,1024.3,1020.7,267
1,2024-12-10,1020.7,1022.1,1019.3,256
1,2024-12-11,1018.4,1020.0,1016.3,253
1,2024-12-12,1019.4,1021.1,1017.8,275
1,2024-12-13,1017.8,1020.3,1015.5,256
1,2024-12-14,1020.3,1022.6,1017.9,281
1,2024-12-15,1020.3,1021.8,1019.1,261
1,2024-12-16,1020.6,1021.9,1018.8,271
1,2024-12-17,1022.2,1023.5,1021.2,269
1,2024-12-18,1020.7,1022.3,1018.6,284
1,2024-12-19,1023.8,1026.5,1020.3,337
1,2024-12-20,1022.9,1025.6,1019.8,164
1,2024-12-21,1016.2,1019.6,1013.4,268
1,2024-12-22,1020.3,1023.9,1016.2,289
1,2024-12-23,1023.7,1025.2,1022.3,260
1,2024-12-24,1025.1,1028.3,1023.2,274
1,2024-12-25,1025.7,1028.3,1023.3,215
1,2024-12-26,1021.1,1023.2,1018.7,269
1,2024-12-27,1022.3,1024.4,1020.5,277
1,2024-12-28,1020.3,1022.0,1018.9,280
1,2024-12-29,1024.7,1026.9,1022.0,278
1,2024-12-30,1022.0,1025.8,1017.2,204
1,2024-12-31,1016.4,1020.4,1013.2,287
1,2025-01-01,1021.3,1022.9,1019.9,265
1,2025-01-02,1021.4,1022.6,1019.8,268
1,2025-01-03,1022.1,1024.7,1019.6,289
1,2025-01-04,1024.8,1026.5,1023.7,264
1,2025-01-05,1023.2,1025.7,1019.3,168
1,2025-01-06,1014.6,1018.8,1010.8,271
1,2025-01-07,1016.5,1018.5,1014.3,286
1,2025-01-08,1019.0,1021.1,1017.8,269
1,2025-01-09,1019.6,1022.1,1017.4,289
1,2025-01-10,1026.5,1028.9,1022.6,279
1,2025-01-11,1026.9,1029.2,1024.8,260
1,2025-01-12,1021.7,1024.1,1019.5,261
1,2025-01-13,1024.7,1026.4,1023.0,259
1,2025-01-14,1024.9,1027.0,1022.4,235
1,2025-01-15,1023.0,1025.6,1020.7,297
1,2025-01-16,1023.7,1025.6,1022.0,266
1,2025-01-17,1023.7,1025.3,1022.7,273
1,2025-01-18,1023.6,1025.9,1021.8,155
1,2025-01-19,1017.7,1021.3,1015.0,121
1,2025-01-20,1014.8,1016.8,1013.1,262
1,2025-01-21,1019.1,1022.3,1016.8,277
1,2025-01-22,1023.2,1024.9,1022.1,172
1,2025-01-23,1022.8,1024.3,1020.8,169
1,2025-01-24,1022.4,1023.7,1020.7,309
1,2025-01-25,1023.5,1025.4,1022.1,25
1,2025-01-26,1022.3,1024.9,1017.8,61
1,2025-01-27,1014.7,1017.0,1011.6,254
1,2025-01-28,1016.7,1018.8,1015.3,266
1,2025-01-29,1021.4,1024.1,1019.1,275
1,2025-01-30,1026.4,1028.3,1024.2,285
1,2025-01-31,1026.6,1028.1,1025.3,182
1,2025-02-01,1018.8,1025.3,1014.0,74
1,2025-02-02,1013.9,1015.2,1012.8,322
1,2025-02-03,1013.8,1015.8,1012.0,283
1,2025-02-04,1014.1,1015.8,1011.9,286
1,2025-02-05,1014.8,1016.2,1014.2,281
1,2025-02-06,1019.6,1021.8,1016.8,282
1,2025-02-07,1016.9,1020.0,1013.0,262
1,2025-02-08,1022.1,1025.0,1020.0,282
1,2025-02-09,1023.8,1025.4,1022.2,268
1,2025-02-10,1024.5,1026.0,1023.3,260
1,2025-02-11,1027.6,1030.4,1026.1,257
1,2025-02-12,1016.4,1025.7,1010.2,204
1,2025-02-13,1019.9,1022.6,1014.0,300
1,2025-02-14,1021.3,1022.8,1019.5,284
1,2025-02-15,1018.5,1021.1,1016.5,318
1,2025-02-16,1015.0,1017.5,1012.7,300
1,2025-02-17,1018.4,1021.0,1014.6,287
1,2025-02-18,1021.1,1023.1,1019.3,287
1,2025-02-19,1023.9,1026.1,1022.1,287
1,2025-02-20,1025.7,1027.2,1024.5,279
1,2025-02-21,1026.3,1028.4,1024.6,286
1,2025-02-22,1028.6,1029.7,1027.8,285
1,2025-02-23,1026.9,1029.4,1024.9,272
1,2025-02-24,1028.0,1031.0,1025.8,277
1,2025-02-25,1027.7,1030.6,1024.9,188
1,2025-02-26,1023.8,1025.4,1022.2,272
1,2025-02-27,1023.1,1024.9,1021.3,203
1,2025-02-28,1020.3,1021.3,1019.4,167
1,2025-03-01,1019.5,1021.9,1016.5,1
1,2025-03-02,1014.7,1017.1,1010.7,81
1,2025-03-03,1014.0,1019.7,1007.6,351
1,2025-03-04,1014.4,1019.4,1009.2,69
1,2025-03-05,1016.6,1020.2,1012.9,323
1,2025-03-06,1021.8,1025.5,1019.7,351
1,2025-03-07,1026.4,1028.3,1025.1,24
1,2025-03-08,1025.6,1026.8,1024.3,69
1,2025-03-09,1028.3,1030.1,1027.0,299
1,2025-03-10,1027.0,1029.2,1024.2,99
1,2025-03-11,1020.0,1023.9,1017.7,43
1,2025-03-12,1016.3,1018.9,1014.8,71
1,2025-03-13,1019.0,1022.2,1016.1,313
1,2025-03-14,1023.2,1025.4,1021.4,145
1,2025-03-15,1019.1,1022.8,1013.8,79
1,2025-03-16,1008.8,1012.8,1007.1,303
1,2025-03-17,1014.4,1018.1,1011.2,285
1,2025-03-18,1014.7,1018.3,1012.5,252
1,2025-03-19,1021.5,1024.1,1016.6,294
1,2025-03-20,1021.5,1023.9,1018.9,254
1,2025-03-21,1016.5,1019.2,1013.8,233
1,2025-03-22,1012.9,1014.2,1011.3,237
1,2025-03-23,1012.3,1013.8,1011.0,219
1,2025-03-24,1008.9,1011.9,1006.6,216
1,2025-03-25,1004.8,1006.4,1002.8,224
1,2025-03-26,1007.4,1009.3,1004.6,312
1,2025-03-27,1002.7,1008.2,999.0,176
1,2025-03-28,1008.3,1015.7,1001.3,313
1,2025-03-29,1019.0,1022.2,1016.2,315
1,2025-03-30,1026.0,1028.0,1022.7,332
1,2025-03-31,1026.0,1027.9,1023.4,38
1,2025-04-01,1020.8,1023.6,1018.2,112
1,2025-04-02,1016.4,1018.9,1014.3,317
1,2025-04-03,1017.9,1020.1,1016.3,318
1,2025-04-04,1019.6,1020.7,1018.0,292
1,2025-04-05,1015.9,1019.5,1012.5,172
1,2025-04-06,1014.8,1017.8,1012.9,307
1,2025-04-07,1018.6,1020.1,1017.3,302
1,2025-04-08,1015.0,1018.7,1012.3,235
1,2025-04-09,1012.4,1014.4,1010.1,60
1,2025-04-10,1007.3,1010.5,1005.4,204
1,2025-04-11,1009.2,1012.8,1006.6,322
1,2025-04-12,1010.6,1013.6,1004.8,127
1,2025-04-13,1003.3,1007.0,997.3,257
1,2025-04-14,1001.5,1007.3,998.2,228
1,2025-04-15,1004.8,1009.6,999.5,279
1,2025-04-16,1011.6,1013.9,1009.8,191
1,2025-04-17,1012.7,1014.2,1010.6,190
1,2025-04-18,1012.7,1014.3,1011.3,80
1,2025-04-19,1012.4,1014.5,1010.3,28
1,2025-04-20,1011.9,1014.6,1010.3,326
1,2025-04-21,1015.0,1016.7,1013.2,35
1,2025-04-22,1007.9,1013.8,1002.2,139
1,2025-04-23,1003.9,1007.0,1000.9,319
1,2025-04-24,1007.8,1009.4,1006.7,326
1,2025-04-25,1012.8,1016.2,1008.2,309
1,2025-04-26,1018.2,1020.1,1015.8,294
1,2025-04-27,1016.8,1019.8,1014.1,299
1,2025-04-28,1008.8,1014.2,1005.2,151
1,2025-04-29,1012.2,1016.2,1006.9,314
1,2025-04-30,1016.6,1018.0,1015.2,37
1,2025-05-01,1012.6,1016.7,1007.3,148
1,2025-05-02,1008.6,1011.6,1006.1,292
1,2025-05-03,1008.2,1011.5,1004.6,221
1,2025-05-04,1012.0,1015.2,1008.1,309
1,2025-05-05,1011.8,1015.7,1008.2,128
1,2025-05-06,1003.9,1007.9,1001.4,30
1,2025-05-07,1012.2,1016.0,1008.5,313
1,2025-05-08,1017.4,1019.0,1016.0,122
1,2025-05-09,1009.9,1017.9,1003.2,140
1,2025-05-10,1004.4,1008.2,1002.9,254
1,2025-05-11,1008.2,1009.4,1006.6,253
1,2025-05-12,1011.2,1014.9,1008.3,267
1,2025-05-13,1016.9,1018.2,1014.9,352
1,2025-05-14,1018.1,1019.8,1016.5,78
1,2025-05-15,1017.8,1018.8,1016.6,95
1,2025-05-16,1015.1,1018.4,1008.9,138
1,2025-05-17,1006.7,1008.3,1005.3,204
1,2025-05-18,1009.2,1011.4,1008.2,17
1,2025-05-19,1010.2,1011.7,1008.4,64
1,2025-05-20,1010.8,1012.4,1008.9,24
1,2025-05-21,1007.1,1011.0,1002.0,113
1,2025-05-22,1004.5,1009.1,1000.6,323
1,2025-05-23,1009.5,1010.3,1008.7,29
1,2025-05-24,1002.9,1008.7,997.3,71
1,2025-05-25,1011.7,1017.2,1005.6,312
1,2025-05-26,1017.7,1019.0,1016.6,260
1,2025-05-27,1018.3,1019.8,1016.5,351
1,2025-05-28,1017.3,1018.5,1015.6,334
1,2025-05-29,1013.8,1016.8,1011.5,120
1,2025-05-30,1010.1,1011.4,1008.7,307
1,2025-05-31,1009.4,1010.9,1007.5,297
1,2025-06-01,1009.3,1010.6,1007.7,297
1,2025-06-02,1004.7,1008.4,999.7,129
1,2025-06-03,997.4,1001.6,994.5,304
1,2025-06-04,1005.1,1007.7,1001.6,264
1,2025-06-05,1010.8,1012.2,1008.0,257
1,2025-06-06,1011.2,1012.2,1010.1,340
1,2025-06-07,1010.0,1010.8,1008.7,358
1,2025-06-08,1009.1,1010.1,1007.7,95
1,2025-06-09,1007.8,1009.6,1005.8,100
1,2025-06-10,1006.6,1008.5,1005.6,38
1,2025-06-11,1010.7,1013.4,1007.7,57
1,2025-06-12,1015.0,1016.7,1013.5,71
1,2025-06-13,1014.4,1016.3,1011.8,64
1,2025-06-14,1005.0,1011.2,1000.4,148
1,2025-06-15,1002.2,1003.4,1001.2,222
1,2025-06-16,1002.8,1006.3,1001.4,208
1,2025-06-17,1008.0,1010.1,1006.4,126
1,2025-06-18,1011.8,1013.9,1010.1,76
1,2025-06-19,1014.0,1015.2,1012.7,29
1,2025-06-20,1011.6,1014.1,1009.4,115
1,2025-06-21,1008.6,1011.2,1006.2,179
1,2025-06-22,1006.5,1007.3,1005.3,158
1,2025-06-23,1007.2,1008.0,1006.0,35
1,2025-06-24,1008.6,1010.1,1007.7,118
1,2025-06-25,1009.3,1010.0,1008.6,121
1,2025-06-26,1009.4,1010.4,1008.2,49
1,2025-06-27,1008.6,1009.6,1007.3,54
1,2025-06-28,1008.1,1009.2,1006.7,25
1,2025-06-29,1008.7,1010.0,1007.7,45
1,2025-06-30,1011.3,1012.6,1010.0,348
1,2025-07-01,1013.4,1014.5,1012.3,27
1,2025-07-02,1013.0,1014.4,1011.4,25
1,2025-07-03,1011.2,1012.6,1009.4,28
1,2025-07-04,1008.7,1010.0,1007.0,42
1,2025-07-05,1006.5,1007.8,1004.4,351
1,2025-07-06,1005.2,1006.4,1002.8,320
1,2025-07-07,1005.0,1005.7,1003.5,348
1,2025-07-08,1005.9,1007.1,1004.9,86
1,2025-07-09,1007.3,1008.9,1006.3,124
1,2025-07-10,1007.8,1009.0,1006.5,111
1,2025-07-11,1008.6,1010.1,1007.8,117
1,2025-07-12,1007.4,1009.4,1005.4,112
1,2025-07-13,1001.5,1005.3,997.4,129
1,2025-07-14,992.9,996.5,990.5,259
1,2025-07-15,997.8,1002.6,994.7,196
1,2025-07-16,1005.6,1007.3,1002.8,163
1,2025-07-17,1008.1,1009.6,1007.0,132
1,2025-07-18,1009.8,1011.3,1008.0,138
1,2025-07-19,1011.9,1013.4,1010.9,145
1,2025-07-20,1013.3,1014.9,1011.9,128
1,2025-07-21,1014.7,1015.5,1013.3,147
1,2025-07-22,1013.8,1015.3,1011.9,122
1,2025-07-23,1012.1,1013.8,1009.8,115
1,2025-07-24,1010.2,1011.8,1007.9,126
1,2025-07-25,1008.9,1010.1,1007.4,120
1,2025-07-26,1007.4,1009.3,1005.7,124
1,2025-07-27,1005.8,1007.6,1004.6,121
1,2025-07-28,1003.4,1005.3,1000.6,124
1,2025-07-29,1001.0,1002.1,999.2,125
1,2025-07-30,1000.9,1002.3,999.7,131
1,2025-07-31,1002.1,1003.1,1000.7,118
1,2025-08-01,1001.4,1002.7,999.9,1
1,2025-08-02,1001.4,1002.4,999.6,308
1,2025-08-03,1002.5,1004.2,1001.6,4
1,2025-08-04,1004.7,1006.8,1003.4,158
1,2025-08-05,1007.0,1008.2,1005.6,117
1,2025-08-06,1006.0,1007.9,1003.8,225
1,2025-08-07,1003.0,1004.0,1001.8,241
1,2025-08-08,1004.2,1006.2,1002.7,258
1,2025-08-09,1005.4,1006.8,1003.7,144
1,2025-08-10,1002.3,1003.5,1000.6,202
1,2025-08-11,1004.9,1007.3,1002.9,118
1,2025-08-12,1010.8,1014.3,1007.2,118
1,2025-08-13,1015.0,1016.2,1013.9,6
1,2025-08-14,1015.7,1016.8,1015.0,10
1,2025-08-15,1014.4,1015.5,1012.9,329
1,2025-08-16,1013.1,1014.0,1012.3,121
1,2025-08-17,1014.5,1015.4,1013.4,187
1,2025-08-18,1015.0,1016.2,1013.7,170
1,2025-08-19,1013.1,1014.9,1011.6,123
1,2025-08-20,1011.2,1012.2,1010.2,165
1,2025-08-21,1009.5,1011.0,1007.4,135
1,2025-08-22,1008.8,1010.1,1007.7,131
1,2025-08-23,1010.5,1012.1,1009.5,246
1,2025-08-24,1012.2,1013.1,1011.2,203
1,2025-08-25,1012.3,1013.2,1011.2,179
1,2025-08-26,1011.0,1012.4,1009.0,182
1,2025-08-27,1011.2,1012.9,1010.3,145
1,2025-08-28,1012.5,1013.8,1011.4,211
1,2025-08-29,1014.2,1015.5,1013.0,123
1,2025-08-30,1014.4,1015.7,1013.0,161
1,2025-08-31,1012.0,1013.8,1009.9,162
1,2025-09-01,1009.8,1010.9,1008.3,156
1,2025-09-02,1009.9,1010.7,1008.7,147
1,2025-09-03,1009.9,1011.0,1008.2,122
1,2025-09-04,1007.5,1009.8,1005.0,94
1,2025-09-05,1007.7,1011.2,1003.8,297
1,2025-09-06,1010.2,1010.9,1009.2,140
1,2025-09-07,1009.2,1010.1,1008.2,197
1,2025-09-08,1010.2,1011.4,1009.0,124
1,2025-09-09,1010.7,1011.7,1009.5,223
1,2025-09-10,1010.1,1011.3,1008.8,219
1,2025-09-11,1012.1,1013.7,1011.0,80
1,2025-09-12,1012.6,1013.5,1011.7,154
1,2025-09-13,1010.2,1011.2,1009.1,198
1,2025-09-14,1011.5,1013.7,1009.9,82
1,2025-09-15,1014.8,1015.6,1013.7,200
1,2025-09-16,1014.0,1015.3,1012.6,189
1,2025-09-17,1011.8,1012.8,1010.7,195
1,2025-09-18,1012.3,1015.0,1010.3,296
1,2025-09-19,1014.5,1016.4,1012.5,93
1,2025-09-20,1009.6,1012.1,1007.7,201
1,2025-09-21,1012.5,1015.9,1010.1,338
1,2025-09-22,1017.1,1018.5,1016.0,76
1,2025-09-23,1016.9,1018.2,1015.8,101
1,2025-09-24,1015.8,1017.7,1014.2,125
1,2025-09-25,1017.2,1018.0,1016.1,202
1,2025-09-26,1017.1,1018.3,1015.9,300
1,2025-09-27,1016.1,1017.3,1014.9,54
1,2025-09-28,1011.8,1014.6,1009.3,185
1,2025-09-29,1010.2,1012.1,1009.0,313
1,2025-09-30,1011.9,1013.4,1010.4,288
1,2025-10-01,1011.9,1014.5,1010.6,192
1,2025-10-02,1015.9,1017.3,1014.2,284
1,2025-10-03,1017.0,1019.7,1015.5,141
1,2025-10-04,1013.5,1015.0,1011.9,134
1,2025-10-05,1012.8,1014.0,1011.1,318
1,2025-10-06,1013.5,1014.6,1012.0,311
1,2025-10-07,1013.8,1015.7,1012.0,92
1,2025-10-08,1012.3,1013.4,1010.6,334
1,2025-10-09,1015.1,1017.3,1013.5,30
1,2025-10-10,1016.4,1017.9,1014.8,94
1,2025-10-11,1012.1,1015.4,1009.4,121
1,2025-10-12,1010.7,1012.9,1009.6,318
1,2025-10-13,1013.8,1015.0,1012.5,319
1,2025-10-14,1014.7,1016.4,1012.7,283
1,2025-10-15,1016.8,1018.4,1016.0,329
1,2025-10-16,1016.0,1019.7,1014.2,283
1,2025-10-17,1019.6,1021.9,1017.6,94
1,2025-10-18,1016.5,1018.2,1015.0,341
1,2025-10-19,1018.7,1020.1,1017.3,27
1,2025-10-20,1020.1,1021.5,1018.8,350
1,2025-10-21,1022.9,1024.1,1021.7,66
1,2025-10-22,1023.6,1024.5,1022.7,71
1,2025-10-23,1023.0,1024.2,1021.3,66
1,2025-10-24,1021.8,1023.4,1020.2,74
1,2025-10-25,1018.2,1020.2,1015.9,76
1,2025-10-26,1013.8,1015.4,1011.8,309
1,2025-10-27,1017.1,1020.2,1015.2,294
1,2025-10-28,1023.9,1026.8,1020.7,324
1,2025-10-29,1026.5,1028.3,1025.2,81
1,2025-10-30,1023.6,1026.0,1021.0,131
1,2025-10-31,1015.4,1020.6,1011.4,123
1,2025-11-01,1011.6,1015.3,1009.6,267
1,2025-11-02,1016.2,1018.6,1014.6,258
1,2025-11-03,1023.5,1025.9,1018.9,337
1,2025-11-04,1024.9,1026.8,1023.3,112
1,2025-11-05,1021.0,1023.3,1018.8,86
1,2025-11-06,1020.1,1021.6,1018.9,341
1,2025-11-07,1022.6,1024.5,1021.5,139
1,2025-11-08,1021.7,1025.0,1018.0,129
1,2025-11-09,1012.9,1017.1,1010.1,294
1,2025-11-10,1015.9,1018.3,1013.5,310
1,2025-11-11,1019.3,1021.6,1017.7,215
1,2025-11-12,1020.5,1022.3,1018.7,131
1,2025-11-13,1016.6,1018.6,1014.5,268
1,2025-11-14,1017.2,1019.9,1015.5,242
1,2025-11-15,1023.8,1026.7,1020.3,209
1,2025-11-16,1025.3,1027.0,1023.3,180
1,2025-11-17,1021.9,1024.1,1019.4,288
1,2025-11-18,1021.9,1023.2,1020.5,295
1,2025-11-19,1023.6,1024.8,1022.5,280
1,2025-11-20,1023.2,1024.6,1021.8,246
1,2025-11-21,1022.7,1024.6,1021.0,254
1,2025-11-22,1024.7,1026.1,1023.9,202
1,2025-11-23,1023.1,1025.4,1021.3,177
1,2025-11-24,1018.9,1021.8,1015.6,188
1,2025-11-25,1014.1,1017.3,1012.4,260
1,2025-11-26,1021.3,1023.0,1017.9,271
1,2025-11-27,1017.3,1022.4,1012.9,235
1,2025-11-28,1017.9,1020.3,1015.8,288
1,2025-11-29,1019.4,1020.4,1017.5,188
1,2025-11-30,1018.6,1020.1,1016.6,183
1,2025-12-01,1016.7,1018.0,1015.6,225
1,2025-12-02,1016.2,1017.4,1014.6,315
1,2025-12-03,1019.1,1022.5,1017.1,307
1,2025-12-04,1023.8,1025.2,1022.9,287
1,2025-12-05,1023.5,1025.0,1021.6,285
1,2025-12-06,1023.1,1024.8,1021.4,205
1,2025-12-07,1021.8,1023.1,1020.5,222
1,2025-12-08,1021.8,1023.9,1020.1,290
1,2025-12-09,1024.3,1025.3,1023.0,331
1,2025-12-10,1024.6,1026.7,1022.9,214
1,2025-12-11,1018.9,1022.4,1015.9,230
1,2025-12-12,1026.0,1029.4,1021.4,30
1,2025-12-13,1021.7,1028.6,1012.3,108
1,2025-12-14,1014.9,1019.5,1011.5,287
1,2025-12-15,1023.0,1024.7,1020.2,283
1,2025-12-16,1023.5,1024.8,1022.3,217
1,2025-12-17,1019.8,1022.2,1017.6,245
1,2025-12-18,1024.0,1025.5,1022.3,214
1,2025-12-19,1023.6,1025.7,1021.4,151
1,2025-12-20,1020.0,1022.0,1017.5,162
1,2025-12-21,1020.2,1024.4,1016.5,317
1,2025-12-22,1026.0,1027.7,1024.6,1
1,2025-12-23,1023.4,1027.3,1018.5,131
1,2025-12-24,1013.1,1017.8,1010.0,182
1,2025-12-25,1010.7,1014.5,1007.9,302
1,2025-12-26,1019.8,1023.6,1015.0,297
1,2025-12-27,1023.6,1025.1,1022.5,263
1,2025-12-28,1023.2,1025.0,1021.0,224
1,2025-12-29,1019.6,1022.4,1017.8,200
1,2025-12-30,1019.2,1021.2,1018.2,311
1,2025-12-31,1021.0,1022.5,1019.3,316
1,2026-01-01,1019.6,1020.8,1018.4,304
1,2026-01-02,1019.0,1020.9,1017.6,281
1,2026-01-03,1023.0,1024.6,1020.9,271
1,2026-01-04,1022.5,1024.6,1019.6,238
1,2026-01-05,1017.3,1019.2,1015.0,272
1,2026-01-06,1019.9,1022.1,1019.0,272
1,2026-01-07,1017.8,1018.9,1016.2,256
1,2026-01-08,1020.9,1024.2,1017.9,296
1,2026-01-09,1022.7,1024.6,1020.5,226
1,2026-01-10,1015.5,1020.6,1011.9,231
1,2026-01-11,1019.1,1023.2,1015.6,290
1,2026-01-12,1021.0,1023.9,1015.7,244
1,2026-01-13,1014.1,1018.6,1010.9,264
1,2026-01-14,1021.9,1023.7,1018.9,275
1,2026-01-15,1017.8,1022.5,1014.8,202
1,2026-01-16,1017.0,1019.0,1015.6,240
1,2026-01-17,1017.4,1019.0,1016.3,233
1,2026-01-18,1018.8,1020.3,1017.1,268
1,2026-01-19,1016.9,1018.8,1014.3,311
1,2026-01-20,1017.8,1019.2,1016.3,337
1,2026-01-21,1019.3,1021.3,1018.0,301
1,2026-01-22,1022.7,1024.2,1021.1,289
1,2026-01-23,1024.4,1026.5,1023.3,271
1,2026-01-24,1021.5,1023.4,1020.6,262
1,2026-01-25,1025.6,1028.1,1023.2,295
1,2026-01-26,1024.2,1027.6,1020.6,211
1,2026-01-27,1020.2,1021.8,1018.8,275
1,2026-01-28,1022.6,1025.0,1021.2,290
1,2026-01-29,1025.8,1027.4,1024.8,282
1,2026-01-30,1025.4,1027.0,1023.7,287
1,2026-01-31,1024.0,1025.4,1021.9,274
2,2021-01-01,1023.8,1025.6,1022.3,301
2,2021-01-02,1024.4,1026.6,1023.0,303
2,2021-01-03,1028.3,1030.2,1026.4,319
2,2021-01-04,1028.3,1030.1,1026.5,332
2,2021-01-05,1023.1,1026.1,1020.7,326
2,2021-01-06,1020.4,1022.0,1018.8,321
2,2021-01-07,1017.8,1020.8,1015.2,300
2,2021-01-08,1019.5,1020.7,1017.4,318
2,2021-01-09,1019.7,1021.1,1017.4,307
2,2021-01-10,1024.2,1026.1,1021.0,305
2,2021-01-11,1024.3,1028.3,1020.3,299
2,2021-01-12,1017.3,1019.8,1015.1,322
2,2021-01-13,1019.3,1021.0,1017.7,255
2,2021-01-14,1021.6,1022.8,1020.2,279
2,2021-01-15,1019.7,1022.5,1017.0,202
2,2021-01-16,1016.9,1019.9,1015.2,312
2,2021-01-17,1021.8,1024.4,1019.9,324
2,2021-01-18,1021.0,1024.1,1017.8,289
2,2021-01-19,1026.0,1029.7,1021.1,333
2,2021-01-20,1029.4,1031.3,1027.9,333
2,2021-01-21,1025.1,1028.6,1020.7,193
2,2021-01-22,1017.4,1020.3,1015.8,224
2,2021-01-23,1013.6,1016.1,1011.5,326
2,2021-01-24,1018.2,1023.3,1013.8,345
2,2021-01-25,1023.9,1025.9,1022.7,338
2,2021-01-26,1016.7,1022.5,1012.0,168
2,2021-01-27,1015.7,1017.3,1013.3,336
2,2021-01-28,1012.9,1016.4,1009.9,311
2,2021-01-29,1019.1,1023.9,1014.0,316
2,2021-01-30,1026.2,1028.2,1024.2,294
2,2021-01-31,1028.7,1030.5,1027.7,281
2,2021-02-01,1020.4,1027.9,1014.1,187
2,2021-02-02,1018.0,1021.8,1015.4,324
2,2021-02-03,1023.7,1026.0,1022.0,319
2,2021-02-04,1023.1,1024.3,1021.8,299
2,2021-02-05,1022.0,1024.4,1018.7,289
2,2021-02-06,1016.8,1018.4,1014.6,325
2,2021-02-07,1017.5,1018.8,1016.1,305
2,2021-02-08,1019.1,1023.4,1017.2,320
2,2021-02-09,1024.3,1025.7,1022.8,334
2,2021-02-10,1023.5,1025.5,1021.1,322
2,2021-02-11,1023.3,1025.2,1022.1,319
2,2021-02-12,1023.3,1024.6,1022.1,153
2,2021-02-13,1023.8,1025.2,1022.2,64
2,2021-02-14,1016.4,1021.9,1008.1,98
2,2021-02-15,1003.8,1009.0,1000.9,301
2,2021-02-16,1012.7,1014.8,1010.0,309
2,2021-02-17,1012.1,1014.8,1010.8,297
2,2021-02-18,1016.5,1020.4,1014.8,312
2,2021-02-19,1019.8,1021.8,1018.0,266
2,2021-02-20,1015.7,1017.7,1013.2,228
2,2021-02-21,1016.1,1017.6,1015.0,243
2,2021-02-22,1014.3,1016.4,1011.8,222
2,2021-02-23,1018.0,1021.2,1014.2,334
2,2021-02-24,1022.3,1023.6,1021.2,347
2,2021-02-25,1022.1,1024.3,1020.1,47
2,2021-02-26,1018.2,1020.1,1017.1,356
2,2021-02-27,1024.6,1028.2,1020.1,346
2,2021-02-28,1027.0,1028.4,1025.6,111
2,2021-03-01,1019.9,1025.1,1012.5,151
2,2021-03-02,1015.0,1025.0,1007.2,321
2,2021-03-03,1027.5,1029.6,1025.2,350
2,2021-03-04,1024.9,1028.8,1019.4,125
2,2021-03-05,1015.1,1018.7,1013.5,75
2,2021-03-06,1020.4,1024.6,1017.5,346
2,2021-03-07,1024.4,1025.7,1023.4,344
2,2021-03-08,1023.1,1024.4,1022.0,341
2,2021-03-09,1022.5,1024.0,1020.9,325
2,2021-03-10,1024.4,1027.7,1022.1,337
2,2021-03-11,1026.5,1029.2,1024.1,296
2,2021-03-12,1016.6,1023.8,1010.1,176
2,2021-03-13,1015.0,1018.1,1010.6,323
2,2021-03-14,1018.1,1019.7,1016.9,329
2,2021-03-15,1019.0,1021.1,1017.6,271
2,2021-03-16,1013.9,1017.2,1011.6,207
2,2021-03-17,1014.9,1017.5,1013.3,351
2,2021-03-18,1017.9,1019.7,1016.6,310
2,2021-03-19,1017.3,1018.5,1016.1,119
2,2021-03-20,1013.0,1017.6,1008.3,155
2,2021-03-21,1007.7,1013.2,1005.1,316
2,2021-03-22,1017.4,1022.1,1013.3,317
2,2021-03-23,1023.2,1024.9,1022.2,234
2,2021-03-24,1022.2,1024.6,1020.4,180
2,2021-03-25,1019.3,1020.7,1017.6,332
2,2021-03-26,1020.5,1022.0,1019.3,338
2,2021-03-27,1018.0,1020.9,1014.3,157
2,2021-03-28,1007.2,1013.4,1003.1,182
2,2021-03-29,1007.9,1009.2,1006.5,301
2,2021-03-30,1009.4,1011.7,1008.4,344
2,2021-03-31,1012.7,1014.1,1011.9,335
2,2021-04-01,1016.7,1018.7,1014.1,32
2,2021-04-02,1019.8,1020.8,1018.6,121
2,2021-04-03,1017.4,1020.6,1014.4,129
2,2021-04-04,1010.1,1014.0,1007.2,198
2,2021-04-05,1014.4,1016.8,1012.0,347
2,2021-04-06,1016.7,1017.9,1015.0,340
2,2021-04-07,1016.7,1018.0,1014.9,334
2,2021-04-08,1016.0,1017.1,1014.7,329
2,2021-04-09,1020.9,1025.9,1016.9,349
2,2021-04-10,1028.8,1030.5,1026.3,340
2,2021-04-11,1030.2,1032.0,1028.9,119
2,2021-04-12,1024.6,1029.3,1020.0,140
2,2021-04-13,1012.8,1019.2,1008.3,169
2,2021-04-14,1013.1,1017.6,1010.5,332
2,2021-04-15,1019.2,1020.4,1017.8,18
2,2021-04-16,1018.7,1020.3,1017.7,184
2,2021-04-17,1013.3,1017.0,1009.5,241
2,2021-04-18,1013.7,1017.7,1011.7,310
2,2021-04-19,1016.7,1017.6,1015.3,234
2,2021-04-20,1019.0,1020.5,1017.4,310
2,2021-04-21,1021.2,1022.2,1020.4,315
2,2021-04-22,1019.4,1021.0,1017.6,205
2,2021-04-23,1017.8,1018.9,1016.3,127
2,2021-04-24,1018.9,1020.6,1017.7,139
2,2021-04-25,1015.8,1018.0,1013.9,345
2,2021-04-26,1020.1,1021.5,1018.6,350
2,2021-04-27,1020.9,1021.9,1019.6,182
2,2021-04-28,1017.6,1020.5,1014.6,193
2,2021-04-29,1008.1,1013.7,1005.2,271
2,2021-04-30,1006.6,1009.0,1004.2,242
2,2021-05-01,1004.8,1009.0,1001.8,246
2,2021-05-02,1012.1,1019.0,1008.0,297
2,2021-05-03,1019.4,1020.6,1018.5,294
2,2021-05-04,1017.5,1019.4,1014.9,179
2,2021-05-05,1012.2,1016.6,1009.8,199
2,2021-05-06,1017.4,1019.1,1016.0,218
2,2021-05-07,1011.9,1015.5,1009.0,201
2,2021-05-08,1008.2,1010.2,1005.8,201
2,2021-05-09,1008.5,1011.2,1005.9,309
2,2021-05-10,1012.2,1013.2,1011.3,163
2,2021-05-11,1012.9,1013.9,1011.7,6
2,2021-05-12,1011.5,1013.4,1008.7,75
2,2021-05-13,1011.0,1012.8,1009.6,306
2,2021-05-14,1013.1,1014.0,1012.1,175
2,2021-05-15,1012.4,1013.7,1010.5,146
2,2021-05-16,1008.6,1011.3,1005.7,184
2,2021-05-17,1006.4,1009.2,1005.2,198
2,2021-05-18,1010.2,1011.4,1009.1,37
2,2021-05-19,1011.1,1012.8,1009.5,355
2,2021-05-20,1007.9,1011.8,1005.4,183
2,2021-05-21,1006.5,1009.6,1003.1,246
2,2021-05-22,1009.3,1010.2,1008.3,286
2,2021-05-23,1010.7,1011.9,1009.6,203
2,2021-05-24,1007.2,1010.3,1004.0,180
2,2021-05-25,1008.2,1009.7,1006.3,257
2,2021-05-26,1011.4,1013.3,1009.4,252
2,2021-05-27,1003.2,1009.8,999.7,96
2,2021-05-28,1005.6,1008.5,1002.2,194
2,2021-05-29,1005.4,1008.6,1002.6,316
2,2021-05-30,1008.8,1010.4,1007.8,329
2,2021-05-31,1011.0,1013.4,1009.5,177
2,2021-06-01,1014.1,1016.2,1012.4,174
2,2021-06-02,1015.5,1016.8,1014.1,138
2,2021-06-03,1009.5,1014.1,1004.0,139
2,2021-06-04,1001.1,1004.5,998.2,283
2,2021-06-05,1005.8,1007.4,1004.3,201
2,2021-06-06,1009.2,1012.8,1005.9,189
2,2021-06-07,1014.5,1016.2,1012.4,187
2,2021-06-08,1015.1,1016.1,1014.2,321
2,2021-06-09,1015.0,1017.1,1013.9,320
2,2021-06-10,1016.5,1017.5,1015.8,145
2,2021-06-11,1015.2,1016.1,1014.5,155
2,2021-06-12,1014.1,1015.4,1012.5,149
2,2021-06-13,1010.0,1012.7,1007.5,142
2,2021-06-14,1006.2,1007.7,1004.6,173
2,2021-06-15,1005.0,1006.1,1003.9,176
2,2021-06-16,1001.9,1004.0,1000.8,127
2,2021-06-17,1004.8,1006.4,1003.5,161
2,2021-06-18,1003.2,1005.5,1000.9,177
2,2021-06-19,999.1,1001.0,997.9,326
2,2021-06-20,1001.9,1003.7,1000.3,332
2,2021-06-21,1003.9,1005.9,1003.1,188
2,2021-06-22,1007.2,1009.0,1005.1,331
2,2021-06-23,1009.3,1010.9,1007.9,203
2,2021-06-24,1010.5,1011.4,1009.4,55
2,2021-06-25,1010.8,1011.6,1009.6,159
2,2021-06-26,1011.1,1012.3,1010.0,165
2,2021-06-27,1007.8,1010.3,1005.4,155
2,2021-06-28,1003.5,1006.0,1000.7,2
2,2021-06-29,1003.7,1006.1,1001.9,321
2,2021-06-30,1006.8,1007.5,1006.2,150
2,2021-07-01,1004.9,1006.6,1002.8,7
2,2021-07-02,1006.7,1008.6,1005.3,318
2,2021-07-03,1009.4,1010.8,1008.2,189
2,2021-07-04,1010.6,1012.2,1009.7,192
2,2021-07-05,1011.8,1012.6,1010.8,206
2,2021-07-06,1011.2,1012.5,1009.9,215
2,2021-07-07,1010.7,1012.1,1009.4,227
2,2021-07-08,1007.7,1008.9,1006.5,207
2,2021-07-09,1007.5,1008.8,1006.4,178
2,2021-07-10,1010.6,1012.8,1008.7,199
2,2021-07-11,1012.6,1013.6,1011.7,210
2,2021-07-12,1012.3,1012.9,1011.6,243
2,2021-07-13,1012.7,1013.7,1011.5,199
2,2021-07-14,1013.9,1014.6,1013.0,108
2,2021-07-15,1015.9,1016.5,1014.8,149
2,2021-07-16,1014.7,1016.2,1012.1,62
2,2021-07-17,1013.3,1014.3,1012.0,130
2,2021-07-18,1012.3,1013.6,1011.3,133
2,2021-07-19,1013.8,1014.8,1012.9,133
2,2021-07-20,1013.9,1015.2,1012.3,133
2,2021-07-21,1012.3,1013.5,1010.9,100
2,2021-07-22,1010.8,1012.0,1009.9,105
2,2021-07-23,1009.6,1010.2,1008.9,113
2,2021-07-24,1009.1,1009.8,1008.5,119
2,2021-07-25,1008.1,1008.7,1007.2,128
2,2021-07-26,1005.4,1007.6,1003.3,149
2,2021-07-27,1001.5,1004.0,999.7,321
2,2021-07-28,1001.7,1002.6,1000.7,232
2,2021-07-29,1002.0,1002.7,1000.9,184
2,2021-07-30,1001.8,1002.6,1000.7,197
2,2021-07-31,1002.0,1003.5,1000.6,324
2,2021-08-01,1002.3,1003.2,1001.2,207
2,2021-08-02,1004.8,1007.1,1003.0,156
2,2021-08-03,1009.0,1011.0,1007.1,160
2,2021-08-04,1010.1,1011.2,1008.5,150
2,2021-08-05,1006.8,1009.2,1005.1,160
2,2021-08-06,1002.6,1004.9,1000.5,54
2,2021-08-07,1002.6,1004.1,1001.6,143
2,2021-08-08,1000.3,1003.6,988.5,152
2,2021-08-09,997.0,1005.9,985.8,268
2,2021-08-10,1008.9,1011.2,1006.1,231
2,2021-08-11,1012.2,1013.4,1010.3,205
2,2021-08-12,1011.0,1012.7,1009.4,193
2,2021-08-13,1004.7,1008.0,1002.1,191
2,2021-08-14,1004.1,1005.7,1002.9,197
2,2021-08-15,1010.1,1013.6,1006.0,330
2,2021-08-16,1013.3,1015.1,1011.8,184
2,2021-08-17,1007.8,1012.0,1004.8,187
2,2021-08-18,1007.6,1008.9,1006.1,188
2,2021-08-19,1010.6,1013.9,1007.1,185
2,2021-08-20,1014.4,1015.4,1013.5,179
2,2021-08-21,1012.2,1015.1,1010.4,185
2,2021-08-22,1011.7,1012.6,1010.3,192
2,2021-08-23,1011.4,1012.6,1010.2,196
2,2021-08-24,1008.2,1010.0,1006.3,188
2,2021-08-25,1010.6,1012.5,1009.4,197
2,2021-08-26,1013.7,1015.4,1012.4,199
2,2021-08-27,1014.1,1015.2,1013.0,325
2,2021-08-28,1014.1,1015.1,1012.9,316
2,2021-08-29,1013.9,1014.5,1013.1,343
2,2021-08-30,1014.8,1015.8,1013.4,0
2,2021-08-31,1014.4,1015.6,1013.2,337
2,2021-09-01,1011.2,1013.3,1009.8,201
2,2021-09-02,1008.2,1009.5,1007.3,245
2,2021-09-03,1007.4,1008.3,1006.4,162
2,2021-09-04,1010.6,1013.8,1008.0,337
2,2021-09-05,1015.0,1016.7,1013.7,346
2,2021-09-06,1014.7,1016.3,1012.5,345
2,2021-09-07,1012.4,1013.6,1011.1,155
2,2021-09-08,1009.6,1011.0,1008.3,172
2,2021-09-09,1012.0,1013.3,1010.9,344
2,2021-09-10,1013.2,1014.0,1012.9,41
2,2021-09-11,1012.8,1013.7,1011.4,8
2,2021-09-12,1012.0,1014.5,1010.5,161
2,2021-09-13,1015.9,1016.9,1014.3,325
2,2021-09-14,1014.5,1016.8,1012.9,88
2,2021-09-15,1011.9,1013.1,1010.8,339
2,2021-09-16,1011.7,1013.1,1010.6,114
2,2021-09-17,1005.3,1010.2,998.0,172
2,2021-09-18,1008.9,1013.1,1001.6,320
2,2021-09-19,1012.7,1013.8,1011.7,332
2,2021-09-20,1013.7,1014.6,1012.9,130
2,2021-09-21,1011.5,1013.8,1009.6,140
2,2021-09-22,1010.8,1013.6,1008.9,220
2,2021-09-23,1015.3,1018.0,1013.4,303
2,2021-09-24,1019.2,1020.2,1018.2,341
2,2021-09-25,1019.7,1020.9,1018.6,335
2,2021-09-26,1017.0,1019.4,1015.0,344
2,2021-09-27,1013.9,1015.2,1012.9,22
2,2021-09-28,1013.3,1014.1,1012.0,112
2,2021-09-29,1011.3,1013.0,1009.6,122
2,2021-09-30,1006.1,1009.5,1004.0,17
2,2021-10-01,1004.6,1008.1,1003.1,328
2,2021-10-02,1012.7,1017.4,1008.8,334
2,2021-10-03,1021.4,1024.6,1017.6,218
2,2021-10-04,1023.8,1025.3,1022.6,145
2,2021-10-05,1021.9,1024.1,1020.0,157
2,2021-10-06,1018.3,1020.7,1016.0,326
2,2021-10-07,1017.1,1018.1,1015.9,164
2,2021-10-08,1019.0,1021.2,1017.6,128
2,2021-10-09,1021.6,1022.7,1020.8,116
2,2021-10-10,1020.3,1021.9,1018.6,127
2,2021-10-11,1017.3,1018.4,1015.6,139
2,2021-10-12,1019.5,1021.2,1018.0,141
2,2021-10-13,1020.0,1021.4,1018.7,351
2,2021-10-14,1017.1,1018.8,1015.0,347
2,2021-10-15,1015.2,1016.3,1014.0,336
2,2021-10-16,1013.6,1015.3,1011.4,336
2,2021-10-17,1016.9,1020.5,1014.7,343
2,2021-10-18,1020.3,1021.4,1019.2,356
2,2021-10-19,1016.0,1019.5,1013.2,306
2,2021-10-20,1016.9,1018.1,1015.4,337
2,2021-10-21,1017.6,1019.1,1016.2,10
2,2021-10-22,1015.6,1017.8,1014.4,319
2,2021-10-23,1023.0,1025.5,1018.6,360
2,2021-10-24,1024.5,1026.1,1022.7,343
2,2021-10-25,1019.4,1022.8,1016.8,332
2,2021-10-26,1017.0,1018.4,1016.3,331
2,2021-10-27,1017.1,1018.8,1015.8,320
2,2021-10-28,1018.4,1020.1,1017.2,339
2,2021-10-29,1021.0,1022.1,1020.0,356
2,2021-10-30,1022.3,1023.7,1021.1,196
2,2021-10-31,1021.4,1023.0,1020.1,339
2,2021-11-01,1020.4,1021.7,1018.7,324
2,2021-11-02,1017.9,1020.0,1015.7,326
2,2021-11-03,1015.9,1017.1,1014.2,318
2,2021-11-04,1016.9,1019.4,1015.7,313
2,2021-11-05,1019.2,1020.9,1018.0,326
2,2021-11-06,1018.0,1018.7,1017.0,302
2,2021-11-07,1018.0,1019.2,1017.0,342
2,2021-11-08,1013.6,1017.4,1009.7,158
2,2021-11-09,1011.2,1012.6,1009.7,302
2,2021-11-10,1009.2,1010.4,1006.5,267
2,2021-11-11,1011.3,1012.7,1010.0,271
2,2021-11-12,1015.9,1018.7,1012.2,284
2,2021-11-13,1019.7,1021.3,1018.0,268
2,2021-11-14,1019.7,1020.9,1018.3,276
2,2021-11-15,1020.2,1021.8,1018.6,306
2,2021-11-16,1021.1,1022.4,1019.3,318
2,2021-11-17,1021.6,1023.3,1020.1,324
2,2021-11-18,1018.9,1020.0,1017.4,328
2,2021-11-19,1017.3,1018.6,1015.8,318
2,2021-11-20,1018.5,1020.6,1016.9,312
2,2021-11-21,1018.2,1020.8,1014.8,204
2,2021-11-22,1009.7,1013.7,1004.7,298
2,2021-11-23,1015.5,1017.2,1013.7,298
2,2021-11-24,1018.6,1019.8,1016.8,277
2,2021-11-25,1018.4,1019.9,1016.6,247
2,2021-11-26,1021.8,1025.7,1019.4,313
2,2021-11-27,1029.2,1033.4,1025.8,328
2,2021-11-28,1032.6,1034.7,1031.0,346
2,2021-11-29,1027.7,1031.2,1024.8,216
2,2021-11-30,1014.8,1024.4,1007.6,195
2,2021-12-01,1014.7,1019.4,1008.9,310
2,2021-12-02,1020.1,1021.7,1018.5,310
2,2021-12-03,1017.4,1019.0,1015.0,274
2,2021-12-04,1022.2,1026.5,1017.7,317
2,2021-12-05,1027.3,1028.9,1026.3,306
2,2021-12-06,1025.2,1027.4,1023.7,308
2,2021-12-07,1021.5,1023.2,1019.5,327
2,2021-12-08,1025.6,1028.6,1022.7,342
2,2021-12-09,1027.4,1029.0,1025.8,342
2,2021-12-10,1024.2,1025.8,1022.6,283
2,2021-12-11,1023.7,1025.9,1022.3,240
2,2021-12-12,1019.6,1021.9,1016.8,296
2,2021-12-13,1021.3,1023.2,1018.7,325
2,2021-12-14,1021.7,1023.2,1019.6,302
2,2021-12-15,1022.8,1024.1,1021.4,269
2,2021-12-16,1017.9,1023.1,1010.5,195
2,2021-12-17,1012.4,1018.6,1007.9,312
2,2021-12-18,1022.7,1024.6,1019.9,316
2,2021-12-19,1021.0,1023.6,1018.3,292
2,2021-12-20,1021.0,1023.5,1018.9,273
2,2021-12-21,1017.2,1019.5,1014.9,251
2,2021-12-22,1018.1,1020.8,1016.3,313
2,2021-12-23,1021.9,1023.9,1020.5,325
2,2021-12-24,1017.7,1022.2,1014.3,318
2,2021-12-25,1018.2,1022.9,1014.3,319
2,2021-12-26,1025.3,1028.1,1022.6,314
2,2021-12-27,1026.9,1028.3,1024.7,307
2,2021-12-28,1027.1,1029.1,1025.5,298
2,2021-12-29,1020.7,1025.8,1017.2,237
2,2021-12-30,1019.3,1022.4,1017.2,304
2,2021-12-31,1023.8,1026.2,1020.5,319
2,2022-01-01,1027.3,1029.2,1026.4,311
2,2022-01-02,1024.4,1026.5,1022.0,304
2,2022-01-03,1022.7,1024.9,1020.3,292
2,2022-01-04,1023.1,1024.6,1021.4,321
2,2022-01-05,1024.1,1025.8,1023.2,311
2,2022-01-06,1022.1,1024.5,1020.6,329
2,2022-01-07,1026.0,1027.7,1024.5,344
2,2022-01-08,1023.2,1025.9,1020.8,265
2,2022-01-09,1019.1,1021.3,1017.1,324
2,2022-01-10,1018.1,1020.1,1015.4,316
2,2022-01-11,1011.7,1015.4,1008.4,305
2,2022-01-12,1017.0,1018.8,1015.4,313
2,2022-01-13,1015.2,1017.1,1012.2,299
2,2022-01-14,1020.9,1023.5,1017.2,323
2,2022-01-15,1022.5,1023.8,1020.6,317
2,2022-01-16,1021.7,1023.1,1020.1,281
2,2022-01-17,1021.9,1023.9,1020.3,313
2,2022-01-18,1022.4,1023.8,1021.0,334
2,2022-01-19,1021.5,1023.7,1018.7,324
2,2022-01-20,1020.9,1025.1,1017.9,324
2,2022-01-21,1027.0,1028.9,1025.2,341
2,2022-01-22,1025.9,1027.9,1023.1,329
2,2022-01-23,1018.5,1023.1,1014.4,331
2,2022-01-24,1015.5,1018.1,1013.6,352
2,2022-01-25,1019.0,1020.2,1018.1,338
2,2022-01-26,1020.1,1021.8,1018.4,323
2,2022-01-27,1020.2,1021.9,1018.5,333
2,2022-01-28,1018.6,1020.4,1016.6,327
2,2022-01-29,1016.2,1017.7,1013.9,336
2,2022-01-30,1015.6,1017.3,1014.4,340
2,2022-01-31,1020.2,1023.1,1017.5,331
2,2022-02-01,1022.3,1023.9,1020.5,298
2,2022-02-02,1024.2,1026.7,1022.8,311
2,2022-02-03,1022.0,1023.9,1020.3,328
2,2022-02-04,1019.6,1020.6,1017.8,329
2,2022-02-05,1020.3,1022.7,1018.5,305
2,2022-02-06,1024.2,1026.5,1022.1,314
2,2022-02-07,1024.9,1027.0,1022.9,314
2,2022-02-08,1023.0,1024.5,1021.5,330
2,2022-02-09,1022.0,1024.5,1019.6,340
2,2022-02-10,1018.5,1019.8,1016.9,332
2,2022-02-11,1022.1,1023.4,1019.8,323
2,2022-02-12,1022.4,1024.0,1021.0,336
2,2022-02-13,1017.3,1020.6,1014.9,8
2,2022-02-14,1016.9,1018.7,1015.6,340
2,2022-02-15,1016.6,1018.5,1014.5,280
2,2022-02-16,1017.7,1019.8,1016.3,294
2,2022-02-17,1021.4,1026.4,1017.5,323
2,2022-02-18,1027.5,1030.1,1025.6,351
2,2022-02-19,1018.8,1025.4,1014.4,333
2,2022-02-20,1017.5,1023.3,1013.8,321
2,2022-02-21,1025.9,1028.4,1023.6,325
2,2022-02-22,1026.9,1029.0,1024.9,321
2,2022-02-23,1027.3,1028.7,1025.5,332
2,2022-02-24,1026.5,1028.4,1024.4,336
2,2022-02-25,1025.8,1027.6,1023.9,313
2,2022-02-26,1022.2,1025.7,1018.1,249
2,2022-02-27,1019.3,1023.0,1016.2,330
2,2022-02-28,1022.4,1024.8,1020.6,305
2,2022-03-01,1013.8,1020.0,1009.6,204
2,2022-03-02,1014.3,1016.3,1012.7,287
2,2022-03-03,1017.3,1019.0,1015.4,314
2,2022-03-04,1017.6,1020.0,1014.8,218
2,2022-03-05,1011.7,1014.3,1009.3,274
2,2022-03-06,1016.5,1019.4,1013.4,334
2,2022-03-07,1019.1,1020.8,1017.0,344
2,2022-03-08,1018.1,1019.0,1017.0,340
2,2022-03-09,1020.3,1022.5,1018.3,338
2,2022-03-10,1022.0,1024.0,1020.7,227
2,2022-03-11,1019.8,1021.7,1018.0,193
2,2022-03-12,1018.7,1020.1,1017.7,213
2,2022-03-13,1015.6,1018.0,1013.7,195
2,2022-03-14,1012.3,1014.6,1009.6,204
2,2022-03-15,1011.4,1013.6,1009.2,347
2,2022-03-16,1014.7,1016.9,1012.5,266
2,2022-03-17,1016.1,1018.2,1014.4,355
2,2022-03-18,1003.4,1013.1,998.0,335
2,2022-03-19,1005.9,1011.7,1003.0,317
2,2022-03-20,1016.7,1020.2,1011.7,339
2,2022-03-21,1021.1,1023.8,1019.8,348
2,2022-03-22,1017.4,1019.7,1016.1,355
2,2022-03-23,1016.2,1017.9,1014.5,333
2,2022-03-24,1019.7,1023.7,1016.4,329
2,2022-03-25,1022.6,1025.3,1018.9,166
2,2022-03-26,1006.8,1017.5,1000.6,175
2,2022-03-27,1011.7,1016.3,1007.2,338
2,2022-03-28,1021.6,1025.7,1016.5,330
2,2022-03-29,1025.5,1026.9,1024.4,180
2,2022-03-30,1022.9,1025.5,1020.3,174
2,2022-03-31,1018.3,1020.3,1016.4,303
2,2022-04-01,1023.7,1026.3,1019.9,359
2,2022-04-02,1025.9,1027.2,1024.4,357
2,2022-04-03,1024.9,1026.2,1023.5,339
2,2022-04-04,1025.0,1026.4,1023.6,330
2,2022-04-05,1022.4,1024.6,1020.1,312
2,2022-04-06,1019.9,1021.1,1018.2,334
2,2022-04-07,1016.5,1018.9,1014.2,232
2,2022-04-08,1018.8,1020.5,1017.7,294
2,2022-04-09,1018.4,1019.6,1016.8,188
2,2022-04-10,1019.0,1020.1,1018.0,182
2,2022-04-11,1017.1,1019.6,1014.7,163
2,2022-04-12,1013.4,1015.4,1011.4,150
2,2022-04-13,1012.4,1013.1,1011.5,339
2,2022-04-14,1012.1,1013.0,1011.1,324
2,2022-04-15,1009.7,1011.3,1007.7,333
2,2022-04-16,1013.3,1016.1,1011.0,344
2,2022-04-17,1017.0,1018.3,1015.9,339
2,2022-04-18,1016.6,1018.0,1015.1,313
2,2022-04-19,1016.1,1017.3,1015.2,339
2,2022-04-20,1017.1,1018.4,1015.7,160
2,2022-04-21,1014.4,1017.9,1009.4,149
2,2022-04-22,1013.6,1015.2,1012.5,241
2,2022-04-23,1013.6,1015.1,1012.6,217
2,2022-04-24,1011.1,1013.1,1009.5,316
2,2022-04-25,1013.5,1015.3,1011.9,174
2,2022-04-26,1007.8,1012.6,1005.3,186
2,2022-04-27,1010.0,1014.5,1006.2,316
2,2022-04-28,1014.7,1016.7,1012.9,326
2,2022-04-29,1008.1,1015.4,1000.5,314
2,2022-04-30,1015.3,1017.3,1013.6,359
2,2022-05-01,1011.3,1014.1,1008.9,348
2,2022-05-02,1013.1,1015.0,1011.9,320
2,2022-05-03,1018.8,1021.4,1015.2,356
2,2022-05-04,1021.2,1022.3,1020.2,179
2,2022-05-05,1021.1,1022.5,1019.7,150
2,2022-05-06,1018.2,1019.4,1016.8,114
2,2022-05-07,1016.2,1017.6,1014.8,186
2,2022-05-08,1016.4,1018.2,1014.8,344
2,2022-05-09,1014.8,1016.3,1013.5,325
2,2022-05-10,1016.2,1017.3,1015.1,139
2,2022-05-11,1015.6,1017.6,1014.5,110
2,2022-05-12,1010.9,1014.9,1007.7,355
2,2022-05-13,1005.9,1008.3,1003.2,310
2,2022-05-14,1008.1,1011.9,1003.8,336
2,2022-05-15,1011.5,1012.8,1010.4,307
2,2022-05-16,1011.9,1014.1,1010.8,309
2,2022-05-17,1015.0,1018.0,1013.1,354
2,2022-05-18,1018.8,1020.4,1017.2,184
2,2022-05-19,1019.0,1020.5,1017.6,201
2,2022-05-20,1015.3,1017.5,1013.0,186
2,2022-05-21,1009.4,1012.5,1007.3,126
2,2022-05-22,1007.6,1008.4,1006.8,229
2,2022-05-23,1011.2,1013.7,1008.4,291
2,2022-05-24,1014.0,1015.3,1012.9,161
2,2022-05-25,1010.9,1013.5,1008.9,164
2,2022-05-26,1005.7,1008.9,1002.6,173
2,2022-05-27,1002.5,1004.3,1001.6,263
2,2022-05-28,1006.8,1008.6,1004.3,250
2,2022-05-29,1007.3,1008.7,1005.8,207
2,2022-05-30,1002.1,1005.9,998.7,162
2,2022-05-31,1005.8,1010.0,1002.1,344
2,2022-06-01,1008.2,1009.9,1006.1,164
2,2022-06-02,1008.1,1009.5,1007.2,186
2,2022-06-03,1009.3,1010.7,1008.2,245
2,2022-06-04,1010.9,1012.5,1009.9,273
2,2022-06-05,1005.4,1010.3,997.8,153
2,2022-06-06,994.2,1000.6,990.8,1
2,2022-06-07,1005.2,1008.9,1001.0,336
2,2022-06-08,1010.3,1012.2,1008.7,359
2,2022-06-09,1012.7,1014.0,1011.6,162
2,2022-06-10,1014.2,1015.1,1013.4,161
2,2022-06-11,1010.4,1014.1,1007.6,19
2,2022-06-12,1010.3,1011.7,1008.8,330
2,2022-06-13,1009.6,1011.4,1007.8,118
2,2022-06-14,1007.6,1009.3,1006.3,34
2,2022-06-15,1008.6,1010.7,1007.1,125
2,2022-06-16,1009.7,1010.4,1008.5,183
2,2022-06-17,1010.0,1011.0,1009.1,170
2,2022-06-18,1008.2,1009.9,1007.0,180
2,2022-06-19,1009.1,1010.6,1007.6,181
2,2022-06-20,1005.9,1007.5,1004.0,177
2,2022-06-21,1004.3,1006.3,1002.5,186
2,2022-06-22,1008.3,1011.3,1005.5,175
2,2022-06-23,1009.1,1011.1,1007.1,189
2,2022-06-24,1005.4,1007.3,1003.5,192
2,2022-06-25,1009.7,1012.8,1006.1,199
2,2022-06-26,1014.7,1015.9,1012.5,187
2,2022-06-27,1014.8,1015.7,1013.7,185
2,2022-06-28,1012.3,1013.7,1010.7,187
2,2022-06-29,1011.9,1013.4,1010.7,184
2,2022-06-30,1013.9,1015.3,1013.2,184
2,2022-07-01,1015.2,1016.2,1013.9,141
2,2022-07-02,1013.6,1015.4,1011.7,142
2,2022-07-03,1011.2,1012.6,1009.5,169
2,2022-07-04,1008.1,1010.2,1006.7,167
2,2022-07-05,1004.7,1007.5,1003.3,199
2,2022-07-06,1009.0,1010.2,1007.5,289
2,2022-07-07,1009.4,1010.7,1008.1,302
2,2022-07-08,1006.3,1008.7,1003.7,166
2,2022-07-09,1001.5,1003.2,1000.0,104
2,2022-07-10,1004.7,1006.7,1002.7,36
2,2022-07-11,1007.1,1008.2,1006.3,177
2,2022-07-12,1007.0,1008.3,1005.9,291
2,2022-07-13,1006.0,1007.5,1004.4,355
2,2022-07-14,1002.3,1004.4,1000.7,191
2,2022-07-15,1001.1,1002.2,999.9,201
2,2022-07-16,998.2,1000.3,996.7,201
2,2022-07-17,1001.9,1004.5,1000.1,245
2,2022-07-18,1004.0,1005.0,1003.0,194
2,2022-07-19,1003.6,1006.4,1002.0,202
2,2022-07-20,1007.0,1008.3,1005.6,177
2,2022-07-21,1004.9,1007.7,1002.2,216
2,2022-07-22,1004.1,1006.0,1003.2,322
2,2022-07-23,1006.2,1006.8,1005.5,344
2,2022-07-24,1006.6,1008.3,1005.2,177
2,2022-07-25,1008.8,1009.8,1007.4,179
2,2022-07-26,1009.3,1010.1,1008.6,163
2,2022-07-27,1009.9,1011.3,1008.4,142
2,2022-07-28,1011.9,1013.2,1010.7,149
2,2022-07-29,1012.2,1013.2,1011.0,108
2,2022-07-30,1010.7,1011.8,1009.9,143
2,2022-07-31,1011.1,1012.0,1010.2,165
2,2022-08-01,1012.0,1013.7,1010.9,162
2,2022-08-02,1013.7,1014.8,1012.7,183
2,2022-08-03,1012.4,1014.0,1010.7,196
2,2022-08-04,1010.5,1011.8,1008.9,299
2,2022-08-05,1007.9,1008.9,1006.6,291
2,2022-08-06,1007.8,1009.2,1006.8,263
2,2022-08-07,1010.0,1011.5,1008.6,188
2,2022-08-08,1011.3,1012.5,1010.3,188
2,2022-08-09,1011.0,1012.0,1009.6,173
2,2022-08-10,1010.2,1011.1,1009.4,179
2,2022-08-11,1009.0,1010.7,1007.8,177
2,2022-08-12,1007.5,1008.6,1006.4,194
2,2022-08-13,1008.1,1008.9,1007.1,269
2,2022-08-14,1009.1,1010.1,1008.4,238
2,2022-08-15,1008.2,1009.8,1006.7,206
2,2022-08-16,1007.5,1009.2,1006.2,201
2,2022-08-17,1008.3,1009.6,1006.8,196
2,2022-08-18,1007.4,1008.5,1006.4,154
2,2022-08-19,1006.8,1008.4,1005.5,197
2,2022-08-20,1004.3,1005.4,1002.9,236
2,2022-08-21,1003.0,1004.0,1001.7,4
2,2022-08-22,1004.1,1005.7,1003.4,122
2,2022-08-23,1005.8,1006.9,1004.8,52
2,2022-08-24,1006.6,1007.8,1005.6,12
2,2022-08-25,1005.9,1007.1,1004.8,10
2,2022-08-26,1006.3,1007.0,1005.1,306
2,2022-08-27,1007.1,1008.5,1005.6,345
2,2022-08-28,1011.3,1013.2,1008.6,341
2,2022-08-29,1014.1,1015.0,1013.1,164
2,2022-08-30,1011.3,1014.0,1008.7,144
2,2022-08-31,1007.3,1009.1,1005.9,165
2,2022-09-01,1009.7,1012.2,1007.4,62
2,2022-09-02,1012.5,1014.1,1011.2,25
2,2022-09-03,1012.9,1013.9,1012.0,134
2,2022-09-04,1012.2,1013.5,1010.4,150
2,2022-09-05,1008.6,1011.5,1004.4,150
2,2022-09-06,1004.1,1010.1,1000.3,185
2,2022-09-07,1012.6,1014.1,1010.7,339
2,2022-09-08,1013.7,1014.9,1012.3,333
2,2022-09-09,1013.2,1014.5,1011.6,337
2,2022-09-10,1013.8,1014.9,1012.3,348
2,2022-09-11,1013.1,1014.7,1011.6,122
2,2022-09-12,1011.9,1013.1,1010.6,67
2,2022-09-13,1012.3,1014.0,1010.9,89
2,2022-09-14,1012.6,1013.7,1011.4,72
2,2022-09-15,1011.3,1012.6,1010.0,108
2,2022-09-16,1009.6,1010.9,1008.4,105
2,2022-09-17,1005.9,1008.4,1003.3,46
2,2022-09-18,992.1,1002.6,979.7,105
2,2022-09-19,985.3,1000.2,976.9,190
2,2022-09-20,1006.4,1011.5,1001.1,343
2,2022-09-21,1013.3,1015.1,1011.7,348
2,2022-09-22,1013.5,1015.0,1011.5,320
2,2022-09-23,1009.8,1012.5,1007.8,344
2,2022-09-24,1012.2,1013.3,1010.8,334
2,2022-09-25,1014.0,1015.3,1012.9,323
2,2022-09-26,1014.7,1015.6,1013.7,188
2,2022-09-27,1012.9,1014.7,1011.1,350
2,2022-09-28,1010.5,1011.5,1009.1,347
2,2022-09-29,1012.2,1014.2,1010.8,344
2,2022-09-30,1014.6,1015.6,1013.8,336
2,2022-10-01,1016.8,1017.9,1015.6,337
2,2022-10-02,1018.9,1020.3,1017.8,160
2,2022-10-03,1018.5,1020.0,1017.3,176
2,2022-10-04,1013.7,1016.8,1011.3,196
2,2022-10-05,1014.0,1017.0,1011.9,344
2,2022-10-06,1016.4,1017.5,1015.2,345
2,2022-10-07,1014.8,1017.1,1013.1,319
2,2022-10-08,1019.6,1021.7,1017.3,353
2,2022-10-09,1017.4,1021.1,1012.6,277
2,2022-10-10,1012.9,1016.6,1010.2,284
2,2022-10-11,1018.0,1021.0,1016.3,319
2,2022-10-12,1021.7,1023.0,1020.7,341
2,2022-10-13,1020.2,1022.1,1018.6,334
2,2022-10-14,1016.8,1018.6,1014.9,326
2,2022-10-15,1016.3,1017.6,1015.3,331
2,2022-10-16,1016.3,1017.7,1014.9,176
2,2022-10-17,1013.2,1015.1,1011.4,332
2,2022-10-18,1015.0,1018.8,1012.1,328
2,2022-10-19,1020.5,1023.6,1018.3,338
2,2022-10-20,1025.3,1026.8,1023.6,353
2,2022-10-21,1025.2,1027.0,1023.6,192
2,2022-10-22,1020.0,1023.6,1017.5,219
2,2022-10-23,1014.0,1017.1,1011.3,337
2,2022-10-24,1014.6,1016.6,1012.7,329
2,2022-10-25,1020.6,1024.9,1016.3,346
2,2022-10-26,1025.0,1026.5,1024.0,352
2,2022-10-27,1023.0,1024.3,1021.9,91
2,2022-10-28,1022.5,1023.6,1021.6,333
2,2022-10-29,1022.4,1024.2,1021.5,352
2,2022-10-30,1021.9,1023.1,1021.0,351
2,2022-10-31,1021.0,1022.4,1019.7,322
2,2022-11-01,1017.5,1019.6,1016.0,321
2,2022-11-02,1017.8,1019.5,1016.6,335
2,2022-11-03,1015.7,1017.4,1013.9,336
2,2022-11-04,1015.6,1018.0,1014.2,333
2,2022-11-05,1019.7,1021.5,1017.8,329
2,2022-11-06,1022.1,1023.8,1021.2,324
2,2022-11-07,1021.1,1022.1,1019.4,324
2,2022-11-08,1023.1,1024.8,1021.5,329
2,2022-11-09,1024.9,1026.6,1023.7,248
2,2022-11-10,1023.7,1024.8,1022.2,222
2,2022-11-11,1024.6,1025.9,1023.6,320
2,2022-11-12,1021.5,1024.4,1017.5,161
2,2022-11-13,1012.1,1017.3,1008.6,246
2,2022-11-14,1014.6,1016.2,1013.2,336
2,2022-11-15,1014.2,1017.1,1012.1,315
2,2022-11-16,1019.2,1021.6,1017.2,297
2,2022-11-17,1022.2,1024.1,1021.0,291
2,2022-11-18,1023.7,1024.9,1022.9,318
2,2022-11-19,1021.2,1023.0,1019.3,109
2,2022-11-20,1017.2,1018.8,1015.3,344
2,2022-11-21,1018.1,1020.0,1016.6,327
2,2022-11-22,1018.6,1020.2,1016.8,321
2,2022-11-23,1012.1,1016.1,1009.0,344
2,2022-11-24,1017.3,1020.5,1014.5,327
2,2022-11-25,1019.8,1021.9,1017.9,251
2,2022-11-26,1014.8,1017.6,1012.4,357
2,2022-11-27,1019.4,1022.5,1016.8,325
2,2022-11-28,1020.9,1023.2,1017.5,162
2,2022-11-29,1010.9,1016.8,1006.3,195
2,2022-11-30,1018.8,1023.4,1012.1,330
2,2022-12-01,1024.1,1025.9,1022.7,333
2,2022-12-02,1026.4,1027.6,1025.1,327
2,2022-12-03,1024.9,1027.2,1023.0,298
2,2022-12-04,1022.6,1024.5,1021.6,328
2,2022-12-05,1021.1,1022.7,1019.7,333
2,2022-12-06,1021.2,1023.3,1019.5,314
2,2022-12-07,1023.2,1024.7,1022.3,278
2,2022-12-08,1023.5,1024.7,1022.4,313
2,2022-12-09,1021.3,1023.3,1019.5,319
2,2022-12-10,1016.8,1019.6,1014.3,313
2,2022-12-11,1015.7,1018.7,1014.3,321
2,2022-12-12,1018.6,1020.8,1016.0,4
2,2022-12-13,1016.8,1019.3,1015.1,288
2,2022-12-14,1021.1,1024.2,1017.8,312
2,2022-12-15,1024.0,1025.6,1022.7,317
2,2022-12-16,1024.3,1026.4,1022.5,313
2,2022-12-17,1020.4,1023.8,1018.2,326
2,2022-12-18,1018.7,1021.3,1017.2,311
2,2022-12-19,1024.3,1027.2,1021.3,301
2,2022-12-20,1025.4,1027.9,1022.6,300
2,2022-12-21,1013.1,1022.2,1004.7,275
2,2022-12-22,1004.1,1006.5,1001.3,306
2,2022-12-23,1007.6,1009.9,1005.9,293
2,2022-12-24,1012.3,1014.5,1009.2,308
2,2022-12-25,1016.1,1018.5,1014.3,315
2,2022-12-26,1020.6,1022.7,1018.9,314
2,2022-12-27,1024.3,1026.0,1022.7,323
2,2022-12-28,1025.2,1027.3,1022.8,320
2,2022-12-29,1027.9,1029.8,1026.3,329
2,2022-12-30,1028.9,1030.9,1026.5,331
2,2022-12-31,1027.5,1028.7,1025.5,309
2,2023-01-01,1027.1,1028.9,1025.0,310
2,2023-01-02,1025.4,1027.0,1022.6,320
2,2023-01-03,1024.6,1026.0,1022.5,320
2,2023-01-04,1026.3,1028.7,1025.1,314
2,2023-01-05,1028.4,1030.2,1026.1,309
2,2023-01-06,1023.0,1027.4,1018.5,271
2,2023-01-07,1016.5,1020.9,1013.8,287
2,2023-01-08,1023.5,1025.5,1020.9,292
2,2023-01-09,1022.5,1025.1,1020.3,256
2,2023-01-10,1025.0,1027.3,1020.2,350
2,2023-01-11,1025.9,1027.5,1024.4,252
2,2023-01-12,1024.5,1026.4,1023.1,204
2,2023-01-13,1017.5,1023.1,1011.3,184
2,2023-01-14,1008.6,1010.9,1005.8,316
2,2023-01-15,1010.9,1012.3,1009.5,342
2,2023-01-16,1014.7,1020.5,1010.9,320
2,2023-01-17,1021.2,1023.2,1019.3,331
2,2023-01-18,1021.6,1023.5,1019.9,319
2,2023-01-19,1022.9,1024.9,1020.6,305
2,2023-01-20,1022.8,1024.7,1020.7,302
2,2023-01-21,1026.2,1027.6,1024.6,334
2,2023-01-22,1024.3,1027.4,1020.9,319
2,2023-01-23,1017.2,1020.2,1014.9,349
2,2023-01-24,1015.1,1021.9,1012.2,311
2,2023-01-25,1025.1,1027.0,1022.7,316
2,2023-01-26,1023.8,1026.3,1019.6,307
2,2023-01-27,1014.5,1018.9,1011.3,315
2,2023-01-28,1018.3,1021.6,1015.9,309
2,2023-01-29,1019.8,1021.4,1017.7,275
2,2023-01-30,1019.5,1022.0,1017.6,311
2,2023-01-31,1021.3,1023.0,1019.7,303
2,2023-02-01,1016.8,1019.4,1013.5,222
2,2023-02-02,1020.3,1022.5,1016.5,351
2,2023-02-03,1019.5,1020.6,1018.3,327
2,2023-02-04,1020.4,1023.1,1018.5,321
2,2023-02-05,1023.7,1025.2,1022.4,336
2,2023-02-06,1021.6,1023.6,1019.3,314
2,2023-02-07,1017.4,1019.1,1015.7,323
2,2023-02-08,1021.1,1025.0,1017.6,328
2,2023-02-09,1025.8,1028.3,1022.9,341
2,2023-02-10,1015.2,1022.2,1010.1,98
2,2023-02-11,1020.6,1022.9,1017.8,332
2,2023-02-12,1020.0,1023.1,1013.9,153
2,2023-02-13,1010.0,1013.3,1007.4,2
2,2023-02-14,1017.2,1020.2,1013.4,344
2,2023-02-15,1025.2,1029.1,1020.6,359
2,2023-02-16,1030.0,1031.4,1029.0,348
2,2023-02-17,1028.3,1030.6,1026.4,206
2,2023-02-18,1021.9,1026.5,1017.8,192
2,2023-02-19,1014.2,1017.1,1012.1,277
2,2023-02-20,1019.8,1022.8,1017.2,330
2,2023-02-21,1028.0,1031.4,1022.7,349
2,2023-02-22,1029.6,1032.3,1025.6,10
2,2023-02-23,1022.3,1024.8,1020.5,316
2,2023-02-24,1019.4,1022.2,1018.1,319
2,2023-02-25,1024.5,1028.7,1022.3,331
2,2023-02-26,1032.3,1034.2,1029.3,353
2,2023-02-27,1033.6,1035.4,1032.2,332
2,2023-02-28,1029.3,1032.5,1026.3,202
2,2023-03-01,1021.2,1025.9,1017.6,227
2,2023-03-02,1021.6,1026.9,1017.3,331
2,2023-03-03,1026.8,1028.6,1025.2,334
2,2023-03-04,1026.4,1027.6,1025.3,316
2,2023-03-05,1025.1,1027.1,1023.6,327
2,2023-03-06,1023.7,1025.4,1022.4,342
2,2023-03-07,1023.7,1025.4,1022.9,285
2,2023-03-08,1022.5,1024.5,1020.7,204
2,2023-03-09,1019.5,1021.3,1017.3,205
2,2023-03-10,1020.2,1022.6,1018.1,290
2,2023-03-11,1023.4,1024.8,1022.2,185
2,2023-03-12,1020.1,1024.3,1016.2,181
2,2023-03-13,1019.5,1021.2,1017.3,329
2,2023-03-14,1021.9,1023.4,1020.8,295
2,2023-03-15,1023.8,1025.3,1022.6,187
2,2023-03-16,1023.4,1025.0,1021.8,194
2,2023-03-17,1020.3,1023.0,1016.9,336
2,2023-03-18,1013.9,1016.7,1011.8,334
2,2023-03-19,1018.8,1020.5,1016.7,337
2,2023-03-20,1017.6,1019.9,1016.0,173
2,2023-03-21,1013.2,1015.7,1010.8,129
2,2023-03-22,1012.5,1013.9,1011.0,110
2,2023-03-23,1005.2,1010.2,1001.5,170
2,2023-03-24,1010.7,1013.5,1007.2,355
2,2023-03-25,1014.5,1016.2,1013.4,343
2,2023-03-26,1012.7,1016.1,1011.2,334
2,2023-03-27,1017.9,1020.7,1015.6,340
2,2023-03-28,1022.3,1024.6,1020.7,338
2,2023-03-29,1021.6,1023.3,1020.0,332
2,2023-03-30,1019.5,1021.1,1017.7,250
2,2023-03-31,1017.4,1018.8,1016.1,82
2,2023-04-01,1015.1,1016.9,1013.1,352
2,2023-04-02,1013.6,1015.7,1012.4,326
2,2023-04-03,1020.1,1023.7,1016.0,321
2,2023-04-04,1022.4,1024.1,1021.3,156
2,2023-04-05,1018.6,1021.2,1015.5,169
2,2023-04-06,1012.5,1015.1,1010.4,190
2,2023-04-07,1010.0,1013.6,1007.3,321
2,2023-04-08,1016.2,1020.5,1012.6,319
2,2023-04-09,1020.1,1021.8,1018.4,234
2,2023-04-10,1019.1,1021.0,1017.6,188
2,2023-04-11,1016.8,1018.8,1014.1,191
2,2023-04-12,1014.5,1017.1,1012.9,299
2,2023-04-13,1018.7,1020.5,1017.2,227
2,2023-04-14,1016.2,1019.3,1011.9,166
2,2023-04-15,1002.6,1011.4,997.6,111
2,2023-04-16,1003.9,1008.1,1001.4,288
2,2023-04-17,1015.9,1020.4,1008.7,324
2,2023-04-18,1016.5,1020.1,1013.7,187
2,2023-04-19,1011.6,1013.1,1009.7,181
2,2023-04-20,1010.0,1011.7,1008.7,183
2,2023-04-21,1007.5,1009.2,1005.8,343
2,2023-04-22,1013.9,1017.9,1009.5,347
2,2023-04-23,1019.3,1020.5,1017.7,327
2,2023-04-24,1021.3,1022.5,1018.7,321
2,2023-04-25,1014.7,1020.9,1007.4,164
2,2023-04-26,1009.8,1016.6,1005.8,328
2,2023-04-27,1020.3,1022.2,1017.1,207
2,2023-04-28,1020.4,1022.2,1018.2,170
2,2023-04-29,1011.5,1017.7,1005.4,172
2,2023-04-30,1009.6,1013.2,1005.9,314
2,2023-05-01,1015.8,1021.0,1012.4,334
2,2023-05-02,1023.4,1024.8,1021.4,341
2,2023-05-03,1024.2,1026.0,1022.9,169
2,2023-05-04,1019.5,1022.1,1015.9,159
2,2023-05-05,1013.4,1016.0,1010.9,170
2,2023-05-06,1007.4,1011.0,1005.3,183
2,2023-05-07,1004.2,1006.5,999.5,346
2,2023-05-08,1009.5,1014.7,1003.1,341
2,2023-05-09,1014.8,1015.9,1013.7,341
2,2023-05-10,1015.3,1016.6,1014.1,245
2,2023-05-11,1017.3,1018.6,1015.8,223
2,2023-05-12,1018.2,1019.4,1016.9,173
2,2023-05-13,1014.9,1017.6,1011.7,147
2,2023-05-14,1008.8,1011.2,1006.7,15
2,2023-05-15,1009.8,1011.7,1007.9,335
2,2023-05-16,1013.4,1015.1,1012.1,189
2,2023-05-17,1015.9,1017.2,1014.5,196
2,2023-05-18,1012.7,1015.8,1009.0,162
2,2023-05-19,1004.5,1008.1,1002.5,5
2,2023-05-20,1008.3,1010.1,1006.6,342
2,2023-05-21,1009.1,1010.1,1007.3,169
2,2023-05-22,1005.7,1008.1,1003.8,337
2,2023-05-23,1005.8,1010.9,1003.1,333
2,2023-05-24,1013.5,1015.4,1011.2,338
2,2023-05-25,1018.4,1020.7,1016.2,170
2,2023-05-26,1020.9,1022.2,1019.4,159
2,2023-05-27,1021.1,1022.0,1020.0,152
2,2023-05-28,1017.7,1020.7,1015.5,170
2,2023-05-29,1012.1,1016.1,1009.7,189
2,2023-05-30,1009.4,1010.8,1008.0,359
2,2023-05-31,1010.4,1012.2,1008.1,332
2,2023-06-01,1009.6,1011.8,1006.1,157
2,2023-06-02,1000.0,1005.1,998.4,348
2,2023-06-03,1004.1,1009.9,999.6,330
2,2023-06-04,1010.6,1011.7,1009.4,225
2,2023-06-05,1011.1,1012.0,1010.2,219
2,2023-06-06,1008.2,1010.7,1005.0,175
2,2023-06-07,1009.8,1011.1,1007.6,332
2,2023-06-08,1007.2,1010.9,1002.1,152
2,2023-06-09,1005.7,1008.2,1003.8,172
2,2023-06-10,1008.6,1010.2,1007.4,160
2,2023-06-11,1007.4,1008.5,1006.1,147
2,2023-06-12,1005.9,1007.3,1004.8,158
2,2023-06-13,1005.0,1006.2,1004.0,186
2,2023-06-14,1005.0,1007.5,1002.7,184
2,2023-06-15,1007.6,1010.6,1005.8,264
2,2023-06-16,1012.8,1014.2,1010.9,232
2,2023-06-17,1013.7,1015.6,1012.0,195
2,2023-06-18,1007.9,1011.6,1005.1,184
2,2023-06-19,1004.5,1006.0,1003.3,341
2,2023-06-20,1006.8,1007.9,1005.5,152
2,2023-06-21,1005.9,1007.9,1004.4,158
2,2023-06-22,1003.6,1006.1,1002.4,26
2,2023-06-23,1008.8,1012.6,1005.8,277
2,2023-06-24,1013.7,1015.4,1012.3,355
2,2023-06-25,1015.0,1016.0,1014.1,188
2,2023-06-26,1013.7,1014.6,1012.6,184
2,2023-06-27,1013.7,1014.7,1012.6,201
2,2023-06-28,1012.4,1013.9,1010.1,214
2,2023-06-29,1008.6,1010.4,1006.9,199
2,2023-06-30,1006.0,1007.1,1004.7,190
2,2023-07-01,1006.6,1008.5,1004.0,201
2,2023-07-02,1009.6,1010.7,1008.5,204
2,2023-07-03,1008.0,1010.2,1005.1,229
2,2023-07-04,1004.2,1005.8,1002.5,178
2,2023-07-05,999.8,1002.7,997.4,184
2,2023-07-06,1004.2,1006.2,1001.7,203
2,2023-07-07,1006.3,1007.5,1005.4,185
2,2023-07-08,1006.2,1007.1,1004.8,191
2,2023-07-09,1007.3,1008.8,1006.3,193
2,2023-07-10,1009.0,1010.5,1007.7,202
2,2023-07-11,1010.4,1012.0,1008.9,186
2,2023-07-12,1009.5,1010.4,1008.3,219
2,2023-07-13,1009.3,1010.0,1008.6,203
2,2023-07-14,1008.6,1010.0,1007.2,193
2,2023-07-15,1008.4,1010.4,1007.2,188
2,2023-07-16,1011.7,1014.5,1010.2,182
2,2023-07-17,1014.3,1015.3,1013.5,178
2,2023-07-18,1012.9,1015.0,1010.5,184
2,2023-07-19,1007.3,1010.1,1005.3,201
2,2023-07-20,1007.6,1009.9,1005.7,351
2,2023-07-21,1012.2,1014.9,1010.0,152
2,2023-07-22,1015.5,1016.2,1014.5,160
2,2023-07-23,1014.1,1015.9,1012.2,155
2,2023-07-24,1013.2,1014.9,1012.1,171
2,2023-07-25,1015.1,1016.5,1013.9,172
2,2023-07-26,1016.0,1017.4,1014.6,173
2,2023-07-27,1014.7,1015.7,1013.4,169
2,2023-07-28,1014.6,1015.8,1012.9,172
2,2023-07-29,1015.6,1016.6,1014.5,149
2,2023-07-30,1015.2,1016.3,1013.5,161
2,2023-07-31,1013.3,1014.5,1011.3,143
2,2023-08-01,1011.4,1012.5,1010.0,132
2,2023-08-02,1010.2,1011.7,1008.7,153
2,2023-08-03,1008.7,1009.8,1007.3,157
2,2023-08-04,1006.6,1008.1,1004.8,157
2,2023-08-05,1001.7,1004.6,999.7,140
2,2023-08-06,997.8,1000.2,996.0,121
2,2023-08-07,997.7,999.0,996.2,101
2,2023-08-08,999.1,1000.2,998.0,101
2,2023-08-09,998.8,1000.0,997.7,132
2,2023-08-10,1000.2,1004.2,996.4,166
2,2023-08-11,1004.7,1006.0,1003.6,168
2,2023-08-12,1004.5,1006.0,1002.6,293
2,2023-08-13,1002.9,1003.9,1001.8,329
2,2023-08-14,1001.8,1002.9,999.9,335
2,2023-08-15,1000.2,1002.2,999.0,319
2,2023-08-16,1003.1,1004.5,1002.2,15
2,2023-08-17,1004.4,1005.8,1003.7,145
2,2023-08-18,1007.9,1010.6,1005.8,172
2,2023-08-19,1011.2,1012.4,1010.4,177
2,2023-08-20,1011.6,1012.9,1010.3,297
2,2023-08-21,1009.7,1011.6,1008.3,147
2,2023-08-22,1008.0,1009.4,1006.7,151
2,2023-08-23,1007.9,1009.4,1006.2,123
2,2023-08-24,1009.7,1010.9,1008.1,167
2,2023-08-25,1009.6,1011.6,1008.4,168
2,2023-08-26,1008.8,1010.0,1007.5,133
2,2023-08-27,1007.7,1008.8,1006.2,164
2,2023-08-28,1008.4,1010.6,1007.1,172
2,2023-08-29,1010.9,1012.6,1009.7,164
2,2023-08-30,1011.4,1012.6,1010.2,153
2,2023-08-31,1012.0,1013.3,1010.6,170
2,2023-09-01,1012.2,1013.1,1011.0,170
2,2023-09-02,1012.0,1012.7,1011.0,170
2,2023-09-03,1011.5,1012.7,1010.0,4
2,2023-09-04,1008.2,1010.7,1006.0,331
2,2023-09-05,1007.1,1008.6,1006.0,49
2,2023-09-06,1006.1,1007.8,1004.7,337
2,2023-09-07,1008.2,1009.3,1007.1,350
2,2023-09-08,1009.0,1010.3,1008.0,336
2,2023-09-09,1009.6,1010.6,1008.5,337
2,2023-09-10,1010.0,1011.2,1009.0,145
2,2023-09-11,1009.4,1011.5,1008.2,150
2,2023-09-12,1011.1,1012.0,1009.7,145
2,2023-09-13,1011.9,1012.9,1010.5,160
2,2023-09-14,1012.1,1014.3,1011.1,180
2,2023-09-15,1013.7,1015.0,1012.7,180
2,2023-09-16,1014.0,1015.0,1012.4,177
2,2023-09-17,1012.8,1013.9,1011.9,176
2,2023-09-18,1014.0,1015.0,1012.7,179
2,2023-09-19,1014.3,1015.4,1013.3,195
2,2023-09-20,1012.8,1014.6,1011.2,189
2,2023-09-21,1009.3,1010.9,1007.3,200
2,2023-09-22,1012.6,1014.7,1010.8,344
2,2023-09-23,1014.6,1015.9,1013.6,348
2,2023-09-24,1015.5,1016.3,1014.3,360
2,2023-09-25,1015.2,1016.2,1014.2,120
2,2023-09-26,1014.2,1015.6,1012.7,150
2,2023-09-27,1011.8,1013.5,1010.0,197
2,2023-09-28,1012.2,1013.5,1011.1,347
2,2023-09-29,1013.0,1014.4,1011.9,348
2,2023-09-30,1009.8,1011.9,1007.9,183
2,2023-10-01,1010.4,1012.8,1008.8,344
2,2023-10-02,1014.6,1016.6,1013.0,344
2,2023-10-03,1015.8,1017.6,1014.8,252
2,2023-10-04,1011.8,1014.8,1009.2,342
2,2023-10-05,1010.5,1014.3,1009.0,326
2,2023-10-06,1015.7,1017.5,1013.9,345
2,2023-10-07,1019.1,1020.6,1017.7,344
2,2023-10-08,1020.3,1022.2,1019.3,337
2,2023-10-09,1015.6,1018.8,1013.9,324
2,2023-10-10,1015.7,1018.8,1014.4,333
2,2023-10-11,1019.9,1021.6,1018.7,354
2,2023-10-12,1020.1,1021.9,1018.4,333
2,2023-10-13,1016.1,1018.8,1013.5,334
2,2023-10-14,1010.1,1013.3,1007.8,203
2,2023-10-15,1008.8,1012.2,1007.0,296
2,2023-10-16,1013.3,1015.2,1011.8,286
2,2023-10-17,1016.8,1019.7,1015.2,303
2,2023-10-18,1020.1,1022.1,1018.8,227
2,2023-10-19,1017.7,1019.9,1015.0,225
2,2023-10-20,1012.4,1014.9,1010.0,305
2,2023-10-21,1018.1,1022.2,1014.7,314
2,2023-10-22,1022.4,1023.7,1021.1,232
2,2023-10-23,1022.3,1024.3,1020.5,241
2,2023-10-24,1020.0,1022.3,1018.0,316
2,2023-10-25,1016.9,1018.2,1014.9,331
2,2023-10-26,1015.2,1016.9,1013.7,302
2,2023-10-27,1011.9,1013.8,1009.6,274
2,2023-10-28,1014.8,1018.0,1012.6,329
2,2023-10-29,1019.4,1021.8,1017.8,335
2,2023-10-30,1021.3,1022.7,1020.1,312
2,2023-10-31,1022.2,1023.5,1021.0,292
2,2023-11-01,1021.4,1022.7,1020.3,235
2,2023-11-02,1019.9,1021.3,1018.8,248
2,2023-11-03,1018.4,1019.7,1017.4,191
2,2023-11-04,1020.8,1023.1,1019.3,181
2,2023-11-05,1021.3,1023.2,1018.3,137
2,2023-11-06,1013.2,1017.6,1010.2,188
2,2023-11-07,1016.9,1020.4,1012.7,325
2,2023-11-08,1020.9,1022.4,1019.7,322
2,2023-11-09,1021.4,1023.3,1019.8,159
2,2023-11-10,1016.5,1019.0,1013.7,300
2,2023-11-11,1020.4,1021.8,1018.9,331
2,2023-11-12,1020.1,1021.8,1018.1,319
2,2023-11-13,1022.1,1025.4,1019.7,312
2,2023-11-14,1024.7,1026.5,1022.9,313
2,2023-11-15,1025.0,1027.0,1023.6,317
2,2023-11-16,1021.2,1026.8,1013.8,206
2,2023-11-17,1012.4,1014.2,1010.6,287
2,2023-11-18,1013.5,1018.8,1009.9,286
2,2023-11-19,1018.0,1019.7,1016.0,272
2,2023-11-20,1020.2,1023.1,1017.9,301
2,2023-11-21,1021.8,1023.6,1020.2,267
2,2023-11-22,1018.8,1021.3,1016.3,207
2,2023-11-23,1014.7,1016.7,1013.1,239
2,2023-11-24,1019.3,1025.1,1013.9,323
2,2023-11-25,1026.7,1028.4,1025.4,335
2,2023-11-26,1023.4,1026.9,1020.5,303
2,2023-11-27,1015.8,1019.8,1013.1,233
2,2023-11-28,1017.6,1022.3,1013.3,290
2,2023-11-29,1022.1,1024.2,1020.3,287
2,2023-11-30,1021.4,1023.0,1020.1,329
2,2023-12-01,1021.6,1023.2,1020.2,307
2,2023-12-02,1024.2,1026.2,1022.8,316
2,2023-12-03,1023.8,1025.5,1022.3,297
2,2023-12-04,1022.0,1024.2,1019.8,293
2,2023-12-05,1015.9,1019.3,1013.1,315
2,2023-12-06,1013.5,1015.5,1009.9,256
2,2023-12-07,1015.0,1020.7,1009.8,307
2,2023-12-08,1020.3,1022.6,1018.5,196
2,2023-12-09,1020.6,1021.9,1019.6,219
2,2023-12-10,1022.0,1023.8,1020.9,305
2,2023-12-11,1017.2,1021.9,1009.2,155
2,2023-12-12,1012.1,1020.4,1007.2,315
2,2023-12-13,1025.3,1028.3,1020.8,348
2,2023-12-14,1024.8,1027.8,1021.3,152
2,2023-12-15,1014.5,1021.0,1011.3,180
2,2023-12-16,1015.2,1020.7,1011.5,298
2,2023-12-17,1026.4,1030.8,1020.8,321
2,2023-12-18,1029.9,1031.9,1028.7,317
2,2023-12-19,1025.0,1028.8,1022.4,293
2,2023-12-20,1020.8,1022.0,1018.7,308
2,2023-12-21,1024.0,1027.7,1021.7,322
2,2023-12-22,1029.8,1034.2,1027.6,310
2,2023-12-23,1033.4,1035.1,1031.9,304
2,2023-12-24,1029.4,1033.3,1026.1,300
2,2023-12-25,1026.9,1029.5,1025.1,305
2,2023-12-26,1028.9,1030.4,1027.6,265
2,2023-12-27,1028.7,1030.3,1027.8,296
2,2023-12-28,1026.2,1028.0,1024.2,301
2,2023-12-29,1024.6,1026.0,1023.0,309
2,2023-12-30,1019.3,1023.3,1014.1,198
2,2023-12-31,1012.6,1018.9,1009.5,288
2,2024-01-01,1023.5,1025.6,1019.6,334
2,2024-01-02,1021.4,1024.3,1019.0,296
2,2024-01-03,1015.6,1019.0,1012.4,306
2,2024-01-04,1020.6,1023.3,1017.1,314
2,2024-01-05,1022.5,1024.7,1021.1,264
2,2024-01-06,1018.2,1021.0,1015.4,303
2,2024-01-07,1020.0,1022.9,1018.2,305
2,2024-01-08,1024.4,1026.6,1023.0,324
2,2024-01-09,1021.0,1023.9,1017.7,310
2,2024-01-10,1013.2,1017.0,1011.4,313
2,2024-01-11,1015.5,1017.3,1013.1,332
2,2024-01-12,1016.5,1017.7,1014.4,280
2,2024-01-13,1020.0,1025.1,1017.0,318
2,2024-01-14,1023.0,1025.8,1019.0,266
2,2024-01-15,1018.9,1023.5,1015.4,324
2,2024-01-16,1027.9,1031.5,1023.7,339
2,2024-01-17,1027.9,1030.9,1024.8,221
2,2024-01-18,1021.4,1024.7,1018.7,206
2,2024-01-19,1022.1,1023.9,1020.3,342
2,2024-01-20,1019.5,1023.4,1013.5,322
2,2024-01-21,1016.1,1020.7,1012.7,333
2,2024-01-22,1019.4,1021.2,1017.0,319
2,2024-01-23,1018.9,1020.7,1017.1,304
2,2024-01-24,1019.1,1022.0,1017.7,307
2,2024-01-25,1023.0,1025.1,1021.5,322
2,2024-01-26,1024.8,1026.2,1023.0,322
2,2024-01-27,1024.2,1026.1,1022.0,326
2,2024-01-28,1023.9,1028.6,1021.8,314
2,2024-01-29,1028.8,1030.4,1027.6,322
2,2024-01-30,1028.7,1030.5,1027.0,315
2,2024-01-31,1022.2,1026.6,1018.7,15
2,2024-02-01,1020.1,1021.4,1019.1,343
2,2024-02-02,1023.5,1026.6,1020.5,344
2,2024-02-03,1025.3,1027.7,1022.5,342
2,2024-02-04,1022.5,1024.0,1021.3,335
2,2024-02-05,1013.9,1020.3,1008.9,330
2,2024-02-06,1020.9,1023.3,1018.8,336
2,2024-02-07,1018.4,1020.5,1016.8,330
2,2024-02-08,1017.7,1018.9,1016.4,338
2,2024-02-09,1018.8,1020.4,1017.4,329
2,2024-02-10,1021.1,1023.7,1019.3,306
2,2024-02-11,1022.6,1023.8,1020.5,271
2,2024-02-12,1028.6,1031.7,1023.4,332
2,2024-02-13,1029.7,1031.6,1027.7,205
2,2024-02-14,1025.8,1028.8,1022.0,193
2,2024-02-15,1016.2,1021.7,1010.9,210
2,2024-02-16,1019.9,1021.7,1017.3,346
2,2024-02-17,1022.2,1024.2,1020.5,327
2,2024-02-18,1023.7,1025.5,1022.1,173
2,2024-02-19,1016.6,1021.6,1012.8,181
2,2024-02-20,1018.1,1019.6,1015.7,12
2,2024-02-21,1015.7,1018.7,1013.3,7
2,2024-02-22,1017.7,1021.0,1014.2,347
2,2024-02-23,1022.2,1025.4,1020.0,354
2,2024-02-24,1024.0,1026.2,1021.6,349
2,2024-02-25,1016.9,1020.6,1014.1,335
2,2024-02-26,1021.0,1024.0,1018.8,340
2,2024-02-27,1025.7,1026.9,1024.4,357
2,2024-02-28,1027.0,1028.2,1025.8,342
2,2024-02-29,1016.9,1025.9,1007.5,243
2,2024-03-01,1014.8,1019.2,1011.4,326
2,2024-03-02,1019.8,1021.4,1017.9,327
2,2024-03-03,1020.9,1022.1,1019.2,286
2,2024-03-04,1021.8,1024.0,1020.0,279
2,2024-03-05,1010.5,1019.2,1004.7,47
2,2024-03-06,1007.8,1013.0,1004.6,351
2,2024-03-07,1014.4,1016.8,1012.8,358
2,2024-03-08,1013.3,1016.3,1011.3,319
2,2024-03-09,1019.7,1024.4,1016.4,326
2,2024-03-10,1027.5,1029.6,1024.8,344
2,2024-03-11,1022.9,1028.8,1015.3,190
2,2024-03-12,1009.7,1014.4,1007.1,329
2,2024-03-13,1018.8,1021.4,1014.0,330
2,2024-03-14,1020.9,1022.4,1019.3,304
2,2024-03-15,1023.0,1024.6,1021.8,296
2,2024-03-16,1021.5,1023.6,1019.2,248
2,2024-03-17,1013.5,1019.1,1009.3,316
2,2024-03-18,1018.5,1020.9,1012.5,350
2,2024-03-19,1017.6,1020.4,1014.1,234
2,2024-03-20,1015.2,1018.9,1012.5,314
2,2024-03-21,1017.7,1019.8,1016.0,332
2,2024-03-22,1020.1,1022.6,1018.0,189
2,2024-03-23,1015.9,1017.4,1014.7,194
2,2024-03-24,1015.2,1016.8,1014.2,319
2,2024-03-25,1012.5,1014.8,1009.9,352
2,2024-03-26,1009.7,1020.0,1003.1,323
2,2024-03-27,1022.6,1024.4,1020.4,346
2,2024-03-28,1014.9,1022.3,1005.9,167
2,2024-03-29,1009.1,1012.4,1005.3,248
2,2024-03-30,1013.4,1016.0,1011.3,243
2,2024-03-31,1010.7,1013.3,1007.8,235
2,2024-04-01,1012.5,1017.2,1007.7,334
2,2024-04-02,1016.4,1018.8,1014.3,176
2,2024-04-03,1006.6,1014.0,1000.7,176
2,2024-04-04,1010.4,1015.7,1005.0,344
2,2024-04-05,1016.9,1019.2,1015.4,329
2,2024-04-06,1018.1,1019.8,1016.5,258
2,2024-04-07,1016.6,1017.8,1015.4,225
2,2024-04-08,1013.9,1016.4,1010.1,340
2,2024-04-09,1015.0,1023.1,1008.3,339
2,2024-04-10,1024.7,1026.2,1023.4,350
2,2024-04-11,1023.3,1025.9,1021.2,118
2,2024-04-12,1018.3,1022.0,1015.8,74
2,2024-04-13,1017.4,1019.1,1016.1,200
2,2024-04-14,1020.4,1021.6,1019.2,169
2,2024-04-15,1017.1,1020.3,1014.8,152
2,2024-04-16,1012.5,1014.9,1010.1,158
2,2024-04-17,1010.2,1011.8,1007.9,335
2,2024-04-18,1006.4,1010.0,1004.2,335
2,2024-04-19,1012.6,1014.0,1010.3,310
2,2024-04-20,1012.7,1014.3,1011.2,178
2,2024-04-21,1009.1,1011.1,1007.1,182
2,2024-04-22,1009.8,1012.0,1008.1,340
2,2024-04-23,1009.0,1011.8,1006.4,10
2,2024-04-24,1006.6,1009.0,1005.2,11
2,2024-04-25,1010.5,1012.4,1008.9,323
2,2024-04-26,1011.3,1012.1,1009.9,165
2,2024-04-27,1010.8,1013.0,1009.9,135
2,2024-04-28,1013.9,1015.2,1013.1,175
2,2024-04-29,1008.2,1013.6,1004.0,132
2,2024-04-30,1003.6,1007.0,1002.2,348
2,2024-05-01,1007.1,1012.5,1004.6,345
2,2024-05-02,1015.8,1018.2,1012.8,346
2,2024-05-03,1018.4,1019.6,1017.1,144
2,2024-05-04,1019.4,1020.7,1018.4,150
2,2024-05-05,1018.7,1020.4,1016.5,159
2,2024-05-06,1012.3,1016.2,1009.7,161
2,2024-05-07,1009.9,1011.8,1008.4,332
2,2024-05-08,1012.3,1014.4,1011.3,351
2,2024-05-09,1017.0,1019.9,1014.6,351
2,2024-05-10,1020.5,1022.0,1019.1,171
2,2024-05-11,1019.2,1021.5,1016.7,174
2,2024-05-12,1011.1,1016.6,1006.1,179
2,2024-05-13,1009.7,1014.0,1006.9,342
2,2024-05-14,1015.3,1017.4,1013.9,327
2,2024-05-15,1012.4,1016.4,1008.0,194
2,2024-05-16,1009.9,1014.1,1006.8,276
2,2024-05-17,1016.7,1019.0,1013.7,218
2,2024-05-18,1018.1,1019.7,1016.5,192
2,2024-05-19,1016.1,1018.2,1013.9,140
2,2024-05-20,1014.1,1015.8,1013.2,340
2,2024-05-21,1016.6,1017.8,1015.6,324
2,2024-05-22,1016.5,1017.6,1015.0,169
2,2024-05-23,1011.9,1015.4,1009.3,143
2,2024-05-24,1010.3,1012.4,1009.0,336
2,2024-05-25,1014.2,1015.8,1012.5,338
2,2024-05-26,1012.8,1015.0,1008.8,162
2,2024-05-27,1003.9,1007.6,1002.4,175
2,2024-05-28,1000.2,1006.2,996.9,322
2,2024-05-29,1011.3,1013.3,1006.8,340
2,2024-05-30,1012.1,1013.3,1010.6,169
2,2024-05-31,1009.2,1010.9,1008.0,337
2,2024-06-01,1009.3,1010.8,1007.5,304
2,2024-06-02,1007.7,1008.7,1006.1,335
2,2024-06-03,1008.7,1010.6,1007.4,346
2,2024-06-04,1012.4,1015.8,1010.7,337
2,2024-06-05,1017.5,1019.0,1016.2,339
2,2024-06-06,1017.8,1018.9,1016.7,164
2,2024-06-07,1015.3,1017.1,1013.7,153
2,2024-06-08,1012.9,1015.1,1010.9,155
2,2024-06-09,1007.0,1010.1,1005.3,94
2,2024-06-10,1009.0,1010.2,1008.2,192
2,2024-06-11,1009.2,1010.4,1007.7,173
2,2024-06-12,1007.1,1008.5,1005.3,157
2,2024-06-13,1004.8,1006.7,1003.7,141
2,2024-06-14,1007.0,1008.1,1006.0,172
2,2024-06-15,1004.4,1007.0,1001.5,137
2,2024-06-16,1005.6,1008.8,1003.2,255
2,2024-06-17,1008.6,1010.3,1006.8,165
2,2024-06-18,1004.1,1007.8,1001.4,335
2,2024-06-19,1009.6,1010.7,1008.1,184
2,2024-06-20,1008.8,1010.6,1004.6,168
2,2024-06-21,1002.6,1007.2,998.7,344
2,2024-06-22,1005.0,1006.9,1002.4,178
2,2024-06-23,1001.8,1003.6,1000.6,215
2,2024-06-24,1006.1,1008.6,1003.7,226
2,2024-06-25,1010.5,1013.6,1008.2,330
2,2024-06-26,1015.2,1016.4,1013.7,9
2,2024-06-27,1014.2,1016.1,1010.5,166
2,2024-06-28,1008.2,1009.9,1006.9,201
2,2024-06-29,1010.3,1011.4,1008.8,197
2,2024-06-30,1006.8,1010.3,1004.7,187
2,2024-07-01,1006.0,1007.9,1004.8,198
2,2024-07-02,1010.1,1013.5,1008.0,193
2,2024-07-03,1013.2,1014.9,1011.7,194
2,2024-07-04,1011.0,1013.1,1008.8,263
2,2024-07-05,1008.2,1009.8,1006.7,252
2,2024-07-06,1009.4,1010.4,1008.2,206
2,2024-07-07,1009.7,1011.0,1008.5,234
2,2024-07-08,1008.1,1009.5,1006.5,205
2,2024-07-09,1008.2,1009.3,1006.5,239
2,2024-07-10,1005.4,1008.6,1003.2,201
2,2024-07-11,1002.5,1003.4,1001.5,210
2,2024-07-12,1002.7,1005.2,1000.3,319
2,2024-07-13,1006.9,1010.5,1004.6,173
2,2024-07-14,1011.6,1014.0,1010.4,190
2,2024-07-15,1013.5,1014.7,1012.6,186
2,2024-07-16,1014.3,1015.1,1013.4,185
2,2024-07-17,1013.2,1014.5,1011.5,183
2,2024-07-18,1010.4,1012.2,1008.7,186
2,2024-07-19,1009.4,1010.4,1008.3,193
2,2024-07-20,1011.3,1012.2,1010.3,169
2,2024-07-21,1011.1,1012.1,1009.8,183
2,2024-07-22,1010.7,1011.7,1009.3,169
2,2024-07-23,1008.8,1009.8,1007.4,188
2,2024-07-24,1007.7,1008.7,1006.3,190
2,2024-07-25,1009.2,1011.6,1007.5,169
2,2024-07-26,1014.1,1018.4,1011.8,164
2,2024-07-27,1018.3,1019.7,1017.2,173
2,2024-07-28,1015.8,1019.1,1013.4,101
2,2024-07-29,1011.0,1014.0,1008.3,41
2,2024-07-30,1007.3,1008.1,1005.8,352
2,2024-07-31,1007.1,1008.4,1005.8,5
2,2024-08-01,1006.4,1008.0,1004.7,15
2,2024-08-02,1006.1,1007.1,1004.9,102
2,2024-08-03,1007.5,1008.7,1006.4,77
2,2024-08-04,1007.7,1008.4,1006.5,72
2,2024-08-05,1007.0,1008.2,1005.3,153
2,2024-08-06,1006.3,1007.4,1004.9,186
2,2024-08-07,1004.8,1006.3,1002.9,354
2,2024-08-08,1003.8,1004.6,1002.4,360
2,2024-08-09,1003.0,1003.9,1001.8,332
2,2024-08-10,1002.1,1003.1,1000.5,351
2,2024-08-11,1001.6,1002.5,1000.3,352
2,2024-08-12,1002.9,1004.8,1001.7,347
2,2024-08-13,1006.1,1007.4,1004.8,125
2,2024-08-14,1006.9,1007.8,1005.7,139
2,2024-08-15,1006.2,1007.3,1004.6,71
2,2024-08-16,1006.0,1007.5,1004.9,350
2,2024-08-17,1008.2,1009.2,1007.3,357
2,2024-08-18,1009.2,1010.3,1008.1,159
2,2024-08-19,1010.7,1012.6,1009.6,170
2,2024-08-20,1012.7,1014.0,1011.8,180
2,2024-08-21,1012.3,1014.3,1010.8,182
2,2024-08-22,1010.4,1011.3,1009.2,180
2,2024-08-23,1010.5,1011.4,1009.4,181
2,2024-08-24,1011.2,1012.6,1010.1,176
2,2024-08-25,1009.6,1010.7,1008.0,163
2,2024-08-26,1007.7,1008.8,1006.0,119
2,2024-08-27,1005.4,1006.5,1004.2,141
2,2024-08-28,1005.5,1007.0,1003.0,103
2,2024-08-29,995.8,1002.9,991.9,133
2,2024-08-30,994.9,999.3,991.6,243
2,2024-08-31,1002.8,1006.4,998.7,318
2,2024-09-01,1006.7,1007.9,1005.8,316
2,2024-09-02,1008.6,1010.3,1007.4,176
2,2024-09-03,1009.7,1011.0,1008.4,358
2,2024-09-04,1008.8,1009.7,1007.6,337
2,2024-09-05,1008.8,1010.0,1007.6,171
2,2024-09-06,1011.4,1013.6,1009.7,176
2,2024-09-07,1013.9,1014.9,1012.6,178
2,2024-09-08,1013.1,1014.4,1011.4,285
2,2024-09-09,1012.3,1013.7,1011.1,101
2,2024-09-10,1014.2,1016.5,1012.4,135
2,2024-09-11,1016.9,1018.2,1015.7,163
2,2024-09-12,1015.1,1017.0,1013.1,163
2,2024-09-13,1010.4,1013.2,1008.3,161
2,2024-09-14,1007.1,1008.0,1005.5,122
2,2024-09-15,1009.5,1013.0,1006.8,142
2,2024-09-16,1014.6,1016.3,1012.5,141
2,2024-09-17,1015.3,1016.4,1013.5,161
2,2024-09-18,1015.2,1016.5,1014.3,162
2,2024-09-19,1016.0,1017.0,1015.2,154
2,2024-09-20,1014.3,1016.7,1012.6,178
2,2024-09-21,1009.3,1012.7,1006.5,190
2,2024-09-22,1006.7,1010.2,1004.2,251
2,2024-09-23,1012.6,1014.6,1010.2,352
2,2024-09-24,1013.6,1014.4,1012.7,314
2,2024-09-25,1013.2,1014.4,1011.8,93
2,2024-09-26,1011.6,1013.0,1010.2,352
2,2024-09-27,1010.0,1011.2,1009.0,329
2,2024-09-28,1012.9,1015.9,1010.5,329
2,2024-09-29,1016.3,1017.4,1014.9,338
2,2024-09-30,1014.8,1016.9,1012.9,164
2,2024-10-01,1010.4,1012.8,1008.5,266
2,2024-10-02,1011.7,1014.0,1009.8,322
2,2024-10-03,1014.0,1016.4,1012.0,326
2,2024-10-04,1019.0,1021.6,1016.2,332
2,2024-10-05,1019.2,1020.1,1018.0,329
2,2024-10-06,1017.5,1019.0,1015.3,153
2,2024-10-07,1013.4,1015.6,1011.6,339
2,2024-10-08,1011.1,1012.1,1009.9,341
2,2024-10-09,1011.5,1013.1,1010.3,350
2,2024-10-10,1011.6,1013.1,1010.6,332
2,2024-10-11,1015.7,1018.6,1013.4,334
2,2024-10-12,1020.4,1021.7,1018.7,326
2,2024-10-13,1021.6,1022.6,1020.4,306
2,2024-10-14,1020.7,1021.6,1019.4,131
2,2024-10-15,1018.8,1020.0,1017.3,162
2,2024-10-16,1019.1,1020.3,1017.9,347
2,2024-10-17,1020.2,1021.2,1019.5,218
2,2024-10-18,1017.9,1019.8,1015.9,157
2,2024-10-19,1014.5,1018.9,1012.2,232
2,2024-10-20,1023.4,1025.6,1019.6,350
2,2024-10-21,1023.7,1025.2,1022.8,97
2,2024-10-22,1017.3,1022.3,1013.6,123
2,2024-10-23,1013.5,1016.6,1010.4,330
2,2024-10-24,1017.5,1020.2,1015.9,325
2,2024-10-25,1021.4,1022.5,1019.9,323
2,2024-10-26,1019.1,1021.6,1017.4,301
2,2024-10-27,1012.6,1017.0,1009.8,188
2,2024-10-28,1010.6,1013.5,1008.5,342
2,2024-10-29,1014.5,1016.1,1013.5,329
2,2024-10-30,1017.9,1020.7,1015.6,344
2,2024-10-31,1021.4,1022.6,1020.6,276
2,2024-11-01,1017.8,1021.7,1013.2,155
2,2024-11-02,1008.9,1015.7,1005.1,267
2,2024-11-03,1019.1,1021.0,1016.3,345
2,2024-11-04,1019.2,1021.1,1017.7,279
2,2024-11-05,1016.2,1018.0,1013.7,325
2,2024-11-06,1019.2,1024.1,1016.0,316
2,2024-11-07,1025.9,1027.8,1023.5,353
2,2024-11-08,1026.5,1028.1,1024.9,327
2,2024-11-09,1024.5,1025.4,1023.4,295
2,2024-11-10,1021.0,1024.0,1019.1,276
2,2024-11-11,1017.0,1018.9,1015.5,342
2,2024-11-12,1016.5,1017.9,1014.8,328
2,2024-11-13,1019.0,1020.9,1017.6,325
2,2024-11-14,1019.9,1021.6,1018.7,239
2,2024-11-15,1017.2,1018.4,1015.8,349
2,2024-11-16,1016.0,1017.4,1014.2,262
2,2024-11-17,1014.5,1016.3,1012.7,326
2,2024-11-18,1021.2,1026.0,1017.1,340
2,2024-11-19,1025.8,1027.8,1024.2,0
2,2024-11-20,1021.4,1023.9,1019.1,323
2,2024-11-21,1018.2,1019.5,1016.6,325
2,2024-11-22,1018.4,1020.2,1016.3,307
2,2024-11-23,1022.7,1025.5,1020.2,341
2,2024-11-24,1026.9,1028.2,1025.7,336
2,2024-11-25,1026.5,1028.5,1023.0,333
2,2024-11-26,1014.6,1021.6,1010.3,223
2,2024-11-27,1013.6,1015.1,1010.5,265
2,2024-11-28,1013.3,1015.1,1011.4,272
2,2024-11-29,1010.9,1013.2,1009.5,286
2,2024-11-30,1014.3,1017.6,1012.4,293
2,2024-12-01,1017.4,1019.0,1016.0,272
2,2024-12-02,1017.5,1018.6,1016.3,237
2,2024-12-03,1017.9,1019.0,1016.5,288
2,2024-12-04,1017.9,1019.2,1016.4,325
2,2024-12-05,1016.3,1017.6,1014.8,287
2,2024-12-06,1018.0,1020.0,1016.4,269
2,2024-12-07,1020.5,1022.5,1019.5,313
2,2024-12-08,1020.0,1022.4,1018.2,314
2,2024-12-09,1021.8,1024.0,1020.1,304
2,2024-12-10,1020.4,1022.0,1018.2,312
2,2024-12-11,1017.9,1020.1,1015.7,312
2,2024-12-12,1019.1,1020.8,1017.5,315
2,2024-12-13,1017.4,1020.2,1014.0,295
2,2024-12-14,1019.8,1021.9,1017.4,305
2,2024-12-15,1020.3,1021.9,1018.6,291
2,2024-12-16,1020.3,1022.4,1018.6,296
2,2024-12-17,1022.2,1023.6,1020.4,299
2,2024-12-18,1020.2,1022.1,1017.9,312
2,2024-12-19,1022.6,1025.3,1019.0,339
2,2024-12-20,1022.8,1025.7,1019.7,298
2,2024-12-21,1015.6,1019.2,1012.0,292
2,2024-12-22,1019.2,1023.6,1015.4,311
2,2024-12-23,1023.2,1025.1,1021.3,308
2,2024-12-24,1024.8,1028.3,1022.8,309
2,2024-12-25,1025.6,1028.3,1022.9,237
2,2024-12-26,1020.5,1023.0,1017.6,301
2,2024-12-27,1021.0,1022.8,1019.6,308
2,2024-12-28,1019.8,1022.6,1017.7,301
2,2024-12-29,1024.5,1027.2,1021.9,302
2,2024-12-30,1022.7,1026.4,1017.5,251
2,2024-12-31,1015.5,1019.8,1013.0,313
2,2025-01-01,1021.0,1023.0,1019.6,321
2,2025-01-02,1020.9,1022.5,1019.0,326
2,2025-01-03,1021.2,1024.1,1019.5,312
2,2025-01-04,1024.6,1026.4,1023.1,303
2,2025-01-05,1023.6,1026.3,1020.0,260
2,2025-01-06,1014.2,1019.0,1009.8,304
2,2025-01-07,1016.0,1018.7,1013.7,298
2,2025-01-08,1019.3,1021.5,1017.9,276
2,2025-01-09,1018.7,1020.9,1017.2,317
2,2025-01-10,1025.6,1028.8,1021.3,315
2,2025-01-11,1026.6,1029.0,1025.0,302
2,2025-01-12,1021.4,1024.5,1018.5,295
2,2025-01-13,1024.6,1026.7,1022.8,275
2,2025-01-14,1025.2,1027.9,1023.0,274
2,2025-01-15,1022.2,1025.1,1020.0,323
2,2025-01-16,1023.4,1025.4,1020.9,285
2,2025-01-17,1023.3,1024.8,1022.0,313
2,2025-01-18,1023.5,1025.7,1022.1,314
2,2025-01-19,1017.7,1021.8,1014.8,309
2,2025-01-20,1014.5,1016.4,1012.4,291
2,2025-01-21,1018.7,1022.0,1016.5,317
2,2025-01-22,1023.3,1025.0,1022.0,303
2,2025-01-23,1022.5,1023.9,1020.6,316
2,2025-01-24,1021.6,1023.0,1020.4,326
2,2025-01-25,1022.0,1023.7,1020.7,360
2,2025-01-26,1021.3,1023.9,1017.7,2
2,2025-01-27,1014.4,1016.7,1011.7,276
2,2025-01-28,1016.7,1018.8,1015.0,279
2,2025-01-29,1020.8,1023.8,1018.8,289
2,2025-01-30,1025.8,1027.9,1024.0,321
2,2025-01-31,1026.6,1027.6,1025.5,331
2,2025-02-01,1018.1,1025.8,1010.5,103
2,2025-02-02,1012.8,1014.5,1011.7,342
2,2025-02-03,1012.6,1014.7,1010.0,310
2,2025-02-04,1012.7,1014.5,1009.2,302
2,2025-02-05,1014.3,1016.0,1013.3,294
2,2025-02-06,1018.9,1021.2,1016.2,315
2,2025-02-07,1016.5,1020.4,1011.8,284
2,2025-02-08,1021.3,1024.6,1018.9,312
2,2025-02-09,1023.3,1025.1,1021.1,309
2,2025-02-10,1024.0,1025.8,1021.9,291
2,2025-02-11,1027.4,1030.0,1025.8,325
2,2025-02-12,1017.3,1026.5,1010.2,202
2,2025-02-13,1018.2,1021.9,1012.5,329
2,2025-02-14,1020.8,1022.5,1018.5,319
2,2025-02-15,1018.3,1021.0,1015.8,219
2,2025-02-16,1014.7,1017.3,1012.2,335
2,2025-02-17,1017.2,1021.3,1014.4,312
2,2025-02-18,1020.1,1022.1,1017.9,317
2,2025-02-19,1022.7,1025.5,1020.9,321
2,2025-02-20,1025.1,1027.1,1022.6,320
2,2025-02-21,1025.6,1027.7,1023.5,328
2,2025-02-22,1027.8,1029.4,1025.6,318
2,2025-02-23,1026.4,1028.9,1022.7,307
2,2025-02-24,1027.0,1031.0,1025.1,317
2,2025-02-25,1027.8,1030.5,1025.0,247
2,2025-02-26,1023.3,1025.3,1021.3,293
2,2025-02-27,1023.3,1024.8,1022.0,308
2,2025-02-28,1020.3,1021.6,1017.5,190
2,2025-03-01,1020.0,1022.2,1017.6,177
2,2025-03-02,1015.3,1018.2,1011.5,204
2,2025-03-03,1012.7,1019.0,1006.4,331
2,2025-03-04,1014.4,1018.6,1009.0,315
2,2025-03-05,1014.9,1018.1,1012.3,333
2,2025-03-06,1019.9,1023.8,1017.7,338
2,2025-03-07,1025.6,1027.4,1024.1,355
2,2025-03-08,1025.3,1026.5,1024.1,307
2,2025-03-09,1027.7,1029.5,1026.1,340
2,2025-03-10,1027.3,1029.0,1024.4,168
2,2025-03-11,1020.1,1023.9,1017.8,351
2,2025-03-12,1016.3,1018.9,1014.6,220
2,2025-03-13,1018.0,1021.0,1016.0,340
2,2025-03-14,1022.7,1024.8,1021.0,312
2,2025-03-15,1017.9,1022.0,1013.0,335
2,2025-03-16,1007.4,1011.9,1005.1,320
2,2025-03-17,1013.1,1017.4,1009.5,304
2,2025-03-18,1014.7,1017.8,1011.4,270
2,2025-03-19,1020.6,1023.5,1015.7,318
2,2025-03-20,1021.6,1023.8,1019.0,296
2,2025-03-21,1017.4,1019.8,1014.5,255
2,2025-03-22,1013.6,1015.5,1011.5,262
2,2025-03-23,1012.7,1014.2,1011.3,273
2,2025-03-24,1009.9,1012.5,1007.5,231
2,2025-03-25,1006.1,1007.9,1004.1,225
2,2025-03-26,1008.0,1009.8,1005.6,213
2,2025-03-27,1004.6,1008.6,999.7,191
2,2025-03-28,1006.9,1014.4,999.8,329
2,2025-03-29,1018.1,1022.0,1014.6,336
2,2025-03-30,1024.6,1026.6,1022.0,337
2,2025-03-31,1025.4,1027.1,1023.3,351
2,2025-04-01,1020.6,1023.6,1018.0,303
2,2025-04-02,1015.5,1018.4,1013.4,333
2,2025-04-03,1016.8,1019.1,1015.3,330
2,2025-04-04,1019.1,1020.3,1017.6,339
2,2025-04-05,1016.8,1020.0,1013.7,186
2,2025-04-06,1014.4,1017.1,1013.0,331
2,2025-04-07,1018.3,1019.7,1016.8,312
2,2025-04-08,1015.5,1018.7,1012.5,260
2,2025-04-09,1012.7,1014.4,1010.8,186
2,2025-04-10,1008.2,1011.3,1006.0,197
2,2025-04-11,1008.3,1011.8,1005.5,345
2,2025-04-12,1011.8,1014.1,1008.0,171
2,2025-04-13,1003.3,1007.2,1000.0,239
2,2025-04-14,1002.5,1007.4,998.9,198
2,2025-04-15,1004.0,1010.0,999.1,292
2,2025-04-16,1012.1,1014.7,1010.5,222
2,2025-04-17,1013.7,1015.4,1011.7,197
2,2025-04-18,1013.7,1015.2,1012.4,189
2,2025-04-19,1013.5,1015.2,1011.9,184
2,2025-04-20,1012.6,1014.2,1011.3,175
2,2025-04-21,1015.4,1016.6,1014.7,358
2,2025-04-22,1010.3,1015.1,1003.2,158
2,2025-04-23,1002.5,1004.7,1000.6,323
2,2025-04-24,1006.7,1008.5,1004.9,352
2,2025-04-25,1011.6,1015.3,1007.9,342
2,2025-04-26,1017.6,1019.8,1015.0,336
2,2025-04-27,1017.2,1019.7,1014.3,184
2,2025-04-28,1008.7,1014.6,1004.6,332
2,2025-04-29,1011.5,1016.0,1006.8,344
2,2025-04-30,1017.4,1018.7,1015.8,177
2,2025-05-01,1014.6,1017.8,1008.7,172
2,2025-05-02,1007.8,1011.4,1005.7,321
2,2025-05-03,1009.1,1011.5,1005.8,191
2,2025-05-04,1011.0,1014.9,1006.7,336
2,2025-05-05,1012.5,1014.9,1009.4,175
2,2025-05-06,1003.8,1007.7,1001.1,1
2,2025-05-07,1011.5,1015.6,1007.6,342
2,2025-05-08,1018.1,1019.8,1015.9,132
2,2025-05-09,1013.1,1019.4,1005.3,147
2,2025-05-10,1004.7,1007.7,1003.0,274
2,2025-05-11,1008.3,1009.6,1007.1,360
2,2025-05-12,1011.4,1015.0,1008.8,263
2,2025-05-13,1017.3,1018.8,1015.1,167
2,2025-05-14,1018.9,1020.3,1017.6,177
2,2025-05-15,1018.9,1020.1,1018.0,177
2,2025-05-16,1017.2,1019.6,1013.2,155
2,2025-05-17,1008.1,1012.0,1007.1,187
2,2025-05-18,1009.3,1011.3,1008.3,337
2,2025-05-19,1011.2,1012.5,1009.4,176
2,2025-05-20,1011.9,1013.5,1011.1,176
2,2025-05-21,1008.0,1011.7,1003.0,165
2,2025-05-22,1002.6,1007.6,999.3,329
2,2025-05-23,1009.6,1011.9,1007.3,349
2,2025-05-24,1003.4,1010.4,993.1,144
2,2025-05-25,1010.3,1016.3,1003.7,325
2,2025-05-26,1017.5,1019.2,1015.7,334
2,2025-05-27,1018.5,1019.9,1017.1,29
2,2025-05-28,1017.6,1018.6,1016.2,156
2,2025-05-29,1014.3,1017.2,1011.7,312
2,2025-05-30,1009.2,1011.1,1007.3,331
2,2025-05-31,1008.0,1009.3,1006.5,324
2,2025-06-01,1008.7,1009.8,1007.4,333
2,2025-06-02,1006.0,1008.4,1002.7,166
2,2025-06-03,997.5,1001.9,994.5,50
2,2025-06-04,1005.3,1008.1,1002.0,272
2,2025-06-05,1011.0,1012.8,1008.3,262
2,2025-06-06,1011.8,1012.5,1010.9,177
2,2025-06-07,1010.6,1011.8,1009.2,180
2,2025-06-08,1010.2,1012.2,1009.3,179
2,2025-06-09,1009.2,1011.8,1007.2,180
2,2025-06-10,1007.1,1008.7,1006.0,196
2,2025-06-11,1011.1,1014.0,1008.1,351
2,2025-06-12,1015.6,1017.2,1013.9,343
2,2025-06-13,1015.5,1017.0,1013.8,156
2,2025-06-14,1006.8,1013.6,1001.9,179
2,2025-06-15,1003.0,1004.4,1001.9,216
2,2025-06-16,1004.1,1006.5,1002.9,195
2,2025-06-17,1008.7,1010.9,1006.9,115
2,2025-06-18,1012.4,1014.0,1010.6,234
2,2025-06-19,1014.4,1015.7,1013.3,299
2,2025-06-20,1013.0,1014.4,1011.5,171
2,2025-06-21,1010.3,1013.1,1008.0,175
2,2025-06-22,1007.5,1008.9,1005.6,188
2,2025-06-23,1007.8,1009.0,1007.0,165
2,2025-06-24,1010.0,1011.8,1008.7,164
2,2025-06-25,1010.8,1011.6,1009.9,170
2,2025-06-26,1009.8,1010.9,1008.7,350
2,2025-06-27,1008.9,1009.8,1007.8,13
2,2025-06-28,1008.3,1009.3,1007.0,15
2,2025-06-29,1009.4,1011.0,1008.0,150
2,2025-06-30,1012.2,1013.5,1011.0,180
2,2025-07-01,1014.0,1014.9,1012.8,179
2,2025-07-02,1013.6,1014.8,1012.1,304
2,2025-07-03,1011.7,1012.8,1010.1,322
2,2025-07-04,1009.4,1010.6,1007.8,291
2,2025-07-05,1007.2,1008.2,1005.8,353
2,2025-07-06,1005.9,1006.8,1004.2,330
2,2025-07-07,1005.5,1006.1,1004.3,23
2,2025-07-08,1006.9,1008.9,1005.7,147
2,2025-07-09,1008.9,1010.5,1007.9,139
2,2025-07-10,1009.0,1010.8,1007.7,105
2,2025-07-11,1009.9,1011.1,1008.9,130
2,2025-07-12,1008.6,1010.5,1006.8,138
2,2025-07-13,1003.4,1006.5,999.3,150
2,2025-07-14,993.5,998.3,990.2,185
2,2025-07-15,998.8,1003.7,995.9,191
2,2025-07-16,1007.3,1009.4,1004.0,183
2,2025-07-17,1010.1,1011.4,1008.8,169
2,2025-07-18,1012.1,1013.6,1010.8,174
2,2025-07-19,1013.9,1015.4,1012.8,160
2,2025-07-20,1015.2,1016.6,1013.6,158
2,2025-07-21,1016.4,1017.1,1014.9,168
2,2025-07-22,1015.3,1016.5,1013.8,171
2,2025-07-23,1013.6,1015.1,1011.6,162
2,2025-07-24,1011.8,1013.1,1010.2,139
2,2025-07-25,1010.3,1011.3,1009.1,129
2,2025-07-26,1008.8,1010.6,1007.3,121
2,2025-07-27,1007.2,1008.5,1006.0,130
2,2025-07-28,1004.7,1006.6,1002.4,136
2,2025-07-29,1002.6,1003.4,1001.1,168
2,2025-07-30,1002.5,1003.7,1001.7,168
2,2025-07-31,1003.5,1004.1,1002.5,153
2,2025-08-01,1002.4,1003.9,1001.0,185
2,2025-08-02,1001.4,1002.4,1000.2,335
2,2025-08-03,1003.1,1004.9,1001.9,180
2,2025-08-04,1006.0,1008.3,1004.8,195
2,2025-08-05,1008.1,1009.2,1006.9,195
2,2025-08-06,1007.0,1008.8,1004.9,252
2,2025-08-07,1004.0,1005.2,1002.6,228
2,2025-08-08,1004.8,1007.1,1003.3,279
2,2025-08-09,1006.6,1008.3,1005.2,187
2,2025-08-10,1004.1,1005.1,1003.0,194
2,2025-08-11,1006.1,1008.8,1004.4,195
2,2025-08-12,1011.8,1014.9,1008.7,190
2,2025-08-13,1015.7,1016.8,1014.8,192
2,2025-08-14,1016.3,1017.2,1015.5,43
2,2025-08-15,1014.8,1015.9,1013.4,12
2,2025-08-16,1013.9,1014.5,1013.2,185
2,2025-08-17,1015.2,1016.1,1014.2,199
2,2025-08-18,1015.7,1016.9,1014.3,185
2,2025-08-19,1013.9,1015.4,1012.4,184
2,2025-08-20,1012.3,1013.4,1011.0,192
2,2025-08-21,1011.3,1012.7,1009.5,167
2,2025-08-22,1009.3,1010.7,1008.3,79
2,2025-08-23,1011.1,1012.5,1010.2,238
2,2025-08-24,1012.9,1014.0,1012.1,251
2,2025-08-25,1013.0,1014.0,1011.8,188
2,2025-08-26,1011.9,1013.1,1010.3,194
2,2025-08-27,1011.7,1013.5,1010.5,297
2,2025-08-28,1013.1,1014.7,1012.2,234
2,2025-08-29,1015.1,1016.1,1013.8,183
2,2025-08-30,1015.1,1016.3,1013.7,190
2,2025-08-31,1012.8,1014.5,1011.5,186
2,2025-09-01,1011.0,1011.9,1009.9,180
2,2025-09-02,1010.7,1011.8,1009.2,180
2,2025-09-03,1011.1,1011.9,1009.9,138
2,2025-09-04,1007.6,1011.1,1002.2,90
2,2025-09-05,1007.4,1011.2,1001.9,305
2,2025-09-06,1010.7,1011.5,1010.0,323
2,2025-09-07,1010.0,1011.1,1008.9,211
2,2025-09-08,1010.9,1011.9,1009.9,261
2,2025-09-09,1011.2,1012.1,1009.7,198
2,2025-09-10,1010.9,1011.8,1009.9,206
2,2025-09-11,1012.8,1014.4,1011.5,11
2,2025-09-12,1013.9,1015.3,1013.1,176
2,2025-09-13,1011.4,1012.9,1010.5,188
2,2025-09-14,1012.2,1013.9,1010.9,325
2,2025-09-15,1015.3,1016.4,1014.2,341
2,2025-09-16,1014.6,1016.0,1013.3,276
2,2025-09-17,1012.5,1013.7,1011.1,217
2,2025-09-18,1012.5,1014.9,1011.1,315
2,2025-09-19,1014.8,1016.1,1013.6,349
2,2025-09-20,1010.7,1013.6,1008.6,185
2,2025-09-21,1012.1,1015.3,1010.2,356
2,2025-09-22,1017.2,1018.4,1015.7,334
2,2025-09-23,1017.8,1018.8,1016.9,90
2,2025-09-24,1017.2,1018.6,1016.1,145
2,2025-09-25,1018.3,1019.5,1017.4,175
2,2025-09-26,1017.4,1018.5,1016.1,285
2,2025-09-27,1016.3,1017.2,1015.4,342
2,2025-09-28,1012.7,1015.0,1010.5,200
2,2025-09-29,1010.0,1011.5,1008.5,328
2,2025-09-30,1011.9,1013.3,1010.8,346
2,2025-10-01,1012.2,1014.2,1011.1,344
2,2025-10-02,1016.0,1017.9,1014.2,336
2,2025-10-03,1018.2,1020.2,1016.9,148
2,2025-10-04,1014.6,1017.4,1012.1,177
2,2025-10-05,1012.9,1014.2,1011.1,352
2,2025-10-06,1013.4,1014.5,1012.1,341
2,2025-10-07,1014.5,1016.3,1013.0,177
2,2025-10-08,1012.1,1013.9,1010.0,347
2,2025-10-09,1014.5,1016.8,1012.4,345
2,2025-10-10,1016.4,1017.4,1015.2,336
2,2025-10-11,1012.9,1016.0,1010.7,308
2,2025-10-12,1010.3,1011.8,1009.0,338
2,2025-10-13,1013.6,1015.3,1011.9,339
2,2025-10-14,1015.1,1016.2,1013.6,200
2,2025-10-15,1017.2,1018.1,1016.2,358
2,2025-10-16,1016.3,1018.7,1014.1,264
2,2025-10-17,1019.9,1021.5,1018.6,350
2,2025-10-18,1017.2,1019.3,1014.9,177
2,2025-10-19,1018.2,1019.6,1016.8,346
2,2025-10-20,1019.2,1020.7,1017.8,350
2,2025-10-21,1021.7,1023.1,1020.5,354
2,2025-10-22,1022.6,1023.4,1021.7,342
2,2025-10-23,1022.3,1023.2,1020.8,344
2,2025-10-24,1021.4,1022.5,1020.3,332
2,2025-10-25,1017.9,1020.4,1015.3,340
2,2025-10-26,1012.8,1014.8,1010.6,335
2,2025-10-27,1016.3,1019.6,1013.7,322
2,2025-10-28,1023.0,1026.0,1019.8,333
2,2025-10-29,1025.6,1027.4,1024.1,339
2,2025-10-30,1023.7,1026.1,1021.3,286
2,2025-10-31,1014.9,1020.8,1010.6,341
2,2025-11-01,1011.4,1015.8,1009.5,283
2,2025-11-02,1016.4,1018.3,1015.1,265
2,2025-11-03,1022.8,1025.6,1018.5,344
2,2025-11-04,1024.9,1027.0,1023.6,246
2,2025-11-05,1020.6,1023.2,1018.4,331
2,2025-11-06,1019.1,1020.5,1018.1,344
2,2025-11-07,1022.0,1023.6,1020.4,334
2,2025-11-08,1022.2,1024.9,1018.8,181
2,2025-11-09,1012.9,1018.5,1009.5,254
2,2025-11-10,1014.8,1017.9,1012.4,333
2,2025-11-11,1018.8,1021.0,1017.1,316
2,2025-11-12,1020.3,1021.7,1019.0,307
2,2025-11-13,1016.3,1018.9,1014.2,325
2,2025-11-14,1016.5,1019.5,1014.6,334
2,2025-11-15,1023.4,1026.4,1019.9,326
2,2025-11-16,1025.4,1027.0,1024.0,224
2,2025-11-17,1021.3,1023.9,1018.7,312
2,2025-11-18,1020.6,1022.2,1019.0,322
2,2025-11-19,1023.4,1024.5,1022.0,318
2,2025-11-20,1023.2,1024.9,1021.4,274
2,2025-11-21,1022.5,1023.9,1020.1,279
2,2025-11-22,1024.6,1026.0,1023.7,313
2,2025-11-23,1023.1,1025.0,1021.3,300
2,2025-11-24,1019.0,1021.5,1016.1,291
2,2025-11-25,1014.0,1016.7,1011.8,284
2,2025-11-26,1021.0,1023.0,1017.1,318
2,2025-11-27,1017.5,1022.6,1013.4,236
2,2025-11-28,1017.0,1019.9,1015.2,325
2,2025-11-29,1019.2,1020.1,1017.4,310
2,2025-11-30,1019.2,1020.8,1017.3,238
2,2025-12-01,1017.0,1018.2,1015.4,253
2,2025-12-02,1015.4,1016.9,1013.5,333
2,2025-12-03,1017.2,1021.2,1014.6,326
2,2025-12-04,1023.3,1024.7,1021.6,305
2,2025-12-05,1023.1,1024.3,1021.9,311
2,2025-12-06,1023.0,1024.7,1020.9,270
2,2025-12-07,1022.2,1023.5,1020.4,256
2,2025-12-08,1021.2,1022.9,1019.1,304
2,2025-12-09,1023.8,1024.8,1022.7,334
2,2025-12-10,1024.4,1026.3,1022.9,320
2,2025-12-11,1018.9,1022.9,1015.3,226
2,2025-12-12,1024.9,1028.4,1020.3,353
2,2025-12-13,1021.8,1027.7,1012.4,289
2,2025-12-14,1013.8,1019.0,1009.9,314
2,2025-12-15,1022.6,1024.4,1019.5,320
2,2025-12-16,1023.6,1025.0,1022.0,290
2,2025-12-17,1020.0,1022.3,1016.8,257
2,2025-12-18,1024.0,1025.7,1021.7,322
2,2025-12-19,1024.3,1026.4,1022.3,171
2,2025-12-20,1021.0,1023.0,1019.0,178
2,2025-12-21,1018.7,1022.3,1016.8,320
2,2025-12-22,1024.9,1027.0,1022.7,348
2,2025-12-23,1023.8,1027.1,1019.7,214
2,2025-12-24,1013.4,1018.8,1009.5,220
2,2025-12-25,1009.1,1012.7,1007.0,317
2,2025-12-26,1018.5,1023.3,1012.7,315
2,2025-12-27,1023.2,1024.7,1021.3,311
2,2025-12-28,1023.1,1024.8,1021.0,305
2,2025-12-29,1020.3,1022.8,1017.9,222
2,2025-12-30,1018.6,1020.2,1017.0,313
2,2025-12-31,1019.7,1021.2,1017.7,333
2,2026-01-01,1018.6,1019.7,1016.9,325
2,2026-01-02,1018.1,1020.7,1015.7,302
2,2026-01-03,1022.4,1024.5,1020.6,302
2,2026-01-04,1022.7,1024.8,1020.2,277
2,2026-01-05,1017.0,1019.7,1014.1,303
2,2026-01-06,1019.4,1021.6,1018.3,324
2,2026-01-07,1017.5,1018.8,1015.2,278
2,2026-01-08,1019.7,1023.6,1017.5,318
2,2026-01-09,1022.7,1024.8,1020.8,304
2,2026-01-10,1016.1,1020.7,1012.5,237
2,2026-01-11,1018.1,1023.0,1014.4,309
2,2026-01-12,1021.4,1024.2,1017.4,262
2,2026-01-13,1014.2,1018.2,1011.6,273
2,2026-01-14,1021.7,1023.4,1018.8,295
2,2026-01-15,1018.8,1022.9,1015.9,214
2,2026-01-16,1016.9,1018.8,1015.8,290
2,2026-01-17,1017.0,1018.8,1015.6,322
2,2026-01-18,1018.6,1020.2,1016.8,307
2,2026-01-19,1016.3,1018.9,1013.8,321
2,2026-01-20,1016.2,1017.6,1014.8,338
2,2026-01-21,1017.9,1020.3,1015.7,322
2,2026-01-22,1021.4,1023.9,1019.7,316
2,2026-01-23,1023.9,1025.8,1022.3,282
2,2026-01-24,1021.0,1023.0,1019.0,289
2,2026-01-25,1024.4,1027.6,1022.2,323
2,2026-01-26,1024.0,1027.1,1020.5,321
2,2026-01-27,1019.4,1021.0,1017.2,314
2,2026-01-28,1021.5,1024.4,1019.6,325
2,2026-01-29,1025.0,1026.5,1023.8,310
2,2026-01-30,1024.7,1026.7,1022.2,319
2,2026-01-31,1023.5,1024.9,1021.7,331
3,2021-01-01,1013.7,1015.7,1012.2,264
3,2021-01-02,1014.4,1016.6,1012.9,264
3,2021-01-03,1018.9,1020.7,1016.2,305
3,2021-01-04,1018.1,1020.2,1016.2,22
3,2021-01-05,1013.4,1015.8,1010.9,320
3,2021-01-06,1011.2,1013.0,1009.7,277
3,2021-01-07,1008.6,1010.9,1005.3,276
3,2021-01-08,1009.7,1010.9,1008.6,283
3,2021-01-09,1010.0,1011.4,1009.1,277
3,2021-01-10,1014.3,1015.8,1011.2,273
3,2021-01-11,1013.3,1016.9,1009.5,233
3,2021-01-12,1007.4,1008.9,1006.0,272
3,2021-01-13,1008.6,1009.8,1007.4,214
3,2021-01-14,1010.8,1012.5,1009.8,223
3,2021-01-15,1008.8,1011.9,1005.4,192
3,2021-01-16,1007.6,1010.5,1005.0,277
3,2021-01-17,1012.9,1014.5,1010.5,291
3,2021-01-18,1010.9,1014.0,1007.7,248
3,2021-01-19,1016.1,1019.7,1011.6,324
3,2021-01-20,1018.1,1019.8,1015.9,152
3,2021-01-21,1013.5,1017.2,1009.6,174
3,2021-01-22,1006.9,1009.5,1005.3,245
3,2021-01-23,1003.5,1005.2,1001.6,70
3,2021-01-24,1008.8,1013.5,1004.1,39
3,2021-01-25,1013.0,1015.6,1010.9,75
3,2021-01-26,1005.5,1011.0,1001.2,186
3,2021-01-27,1006.9,1008.7,1004.7,22
3,2021-01-28,1003.7,1006.9,1000.9,273
3,2021-01-29,1010.9,1014.8,1006.5,289
3,2021-01-30,1016.3,1017.8,1014.9,245
3,2021-01-31,1017.8,1020.3,1016.1,230
3,2021-02-01,1009.2,1016.5,1005.0,206
3,2021-02-02,1009.3,1012.7,1006.6,281
3,2021-02-03,1014.2,1016.2,1012.7,268
3,2021-02-04,1013.3,1014.1,1012.3,250
3,2021-02-05,1011.7,1014.1,1008.9,237
3,2021-02-06,1006.6,1008.8,1004.7,249
3,2021-02-07,1007.8,1009.0,1006.9,252
3,2021-02-08,1010.5,1013.9,1007.9,285
3,2021-02-09,1014.9,1016.3,1013.6,278
3,2021-02-10,1013.3,1015.2,1011.1,254
3,2021-02-11,1012.7,1015.1,1011.3,118
3,2021-02-12,1012.0,1013.0,1010.3,167
3,2021-02-13,1012.2,1013.9,1010.6,113
3,2021-02-14,1004.8,1010.4,997.7,93
3,2021-02-15,996.1,1002.0,993.1,273
3,2021-02-16,1003.4,1006.0,1001.5,265
3,2021-02-17,1003.7,1005.7,1001.8,281
3,2021-02-18,1007.2,1010.5,1005.5,284
3,2021-02-19,1009.5,1011.0,1007.7,241
3,2021-02-20,1005.4,1007.6,1003.3,229
3,2021-02-21,1006.1,1007.0,1005.2,224
3,2021-02-22,1004.3,1006.1,1002.1,229
3,2021-02-23,1008.8,1011.4,1005.4,318
3,2021-02-24,1011.9,1013.3,1010.2,70
3,2021-02-25,1010.3,1013.2,1007.3,98
3,2021-02-26,1007.7,1009.9,1006.3,62
3,2021-02-27,1014.0,1016.5,1009.8,66
3,2021-02-28,1014.7,1016.1,1013.2,102
3,2021-03-01,1007.0,1012.6,999.0,153
3,2021-03-02,1006.5,1016.0,997.2,334
3,2021-03-03,1016.8,1019.7,1015.1,50
3,2021-03-04,1013.1,1017.0,1007.2,102
3,2021-03-05,1004.7,1007.7,1002.3,54
3,2021-03-06,1011.1,1015.2,1008.2,38
3,2021-03-07,1014.2,1015.4,1012.7,53
3,2021-03-08,1013.3,1014.8,1011.7,44
3,2021-03-09,1011.9,1013.3,1009.6,305
3,2021-03-10,1014.6,1017.6,1012.6,74
3,2021-03-11,1015.0,1018.0,1012.3,132
3,2021-03-12,1005.2,1012.1,1000.6,195
3,2021-03-13,1006.8,1008.9,1002.6,328
3,2021-03-14,1008.6,1010.5,1007.4,278
3,2021-03-15,1008.3,1010.7,1006.3,208
3,2021-03-16,1003.8,1006.9,1002.1,221
3,2021-03-17,1005.1,1007.5,1003.6,27
3,2021-03-18,1006.8,1008.6,1004.4,63
3,2021-03-19,1005.9,1007.4,1004.2,88
3,2021-03-20,1001.0,1005.9,997.5,146
3,2021-03-21,999.1,1004.2,995.5,286
3,2021-03-22,1008.5,1011.7,1004.7,290
3,2021-03-23,1012.6,1014.4,1011.7,247
3,2021-03-24,1011.6,1014.2,1009.3,223
3,2021-03-25,1009.2,1010.2,1007.7,293
3,2021-03-26,1010.3,1012.4,1009.1,126
3,2021-03-27,1005.9,1009.9,1000.8,153
3,2021-03-28,996.2,999.8,994.0,207
3,2021-03-29,998.7,1000.1,998.0,241
3,2021-03-30,999.6,1002.4,998.5,294
3,2021-03-31,1002.3,1003.8,1000.7,91
3,2021-04-01,1005.1,1007.2,1003.3,77
3,2021-04-02,1007.4,1008.2,1006.8,104
3,2021-04-03,1004.5,1007.8,1001.6,136
3,2021-04-04,1000.2,1004.2,998.3,297
3,2021-04-05,1005.9,1007.6,1004.5,30
3,2021-04-06,1006.7,1007.9,1004.6,326
3,2021-04-07,1007.2,1008.6,1005.5,341
3,2021-04-08,1005.8,1007.1,1004.4,260
3,2021-04-09,1010.6,1016.2,1006.9,67
3,2021-04-10,1017.9,1019.2,1016.6,65
3,2021-04-11,1018.3,1020.3,1015.5,117
3,2021-04-12,1012.3,1018.1,1006.7,136
3,2021-04-13,1001.9,1005.5,999.9,235
3,2021-04-14,1004.6,1008.2,1002.3,302
3,2021-04-15,1007.9,1009.6,1005.9,76
3,2021-04-16,1007.4,1008.7,1006.4,146
3,2021-04-17,1003.2,1006.0,999.8,252
3,2021-04-18,1004.8,1007.6,1003.4,281
3,2021-04-19,1006.6,1007.8,1005.0,266
3,2021-04-20,1008.9,1010.2,1007.8,235
3,2021-04-21,1010.6,1011.9,1009.0,108
3,2021-04-22,1008.3,1010.9,1005.8,106
3,2021-04-23,1006.4,1007.5,1005.1,107
3,2021-04-24,1007.3,1009.2,1005.4,90
3,2021-04-25,1006.3,1009.2,1004.7,37
3,2021-04-26,1009.5,1010.6,1008.1,71
3,2021-04-27,1009.5,1010.6,1008.3,189
3,2021-04-28,1006.8,1009.7,1004.0,202
3,2021-04-29,998.1,1003.2,995.6,223
3,2021-04-30,996.8,998.3,995.5,234
3,2021-05-01,994.9,999.1,991.2,248
3,2021-05-02,1003.5,1009.7,999.4,281
3,2021-05-03,1009.2,1011.1,1007.7,226
3,2021-05-04,1006.1,1009.2,1001.8,182
3,2021-05-05,1002.0,1007.4,997.1,243
3,2021-05-06,1006.9,1009.1,1004.5,190
3,2021-05-07,1001.2,1005.0,998.1,208
3,2021-05-08,998.2,999.9,995.8,222
3,2021-05-09,999.2,1001.4,996.7,257
3,2021-05-10,1001.7,1002.7,1000.5,238
3,2021-05-11,1002.1,1003.0,1001.1,69
3,2021-05-12,999.9,1001.5,998.3,52
3,2021-05-13,1000.4,1001.9,999.4,52
3,2021-05-14,1002.0,1003.5,1000.3,145
3,2021-05-15,1000.9,1001.9,999.3,170
3,2021-05-16,997.8,1000.1,995.6,210
3,2021-05-17,996.9,999.7,995.3,241
3,2021-05-18,1000.2,1001.2,999.3,253
3,2021-05-19,1000.9,1002.7,999.9,301
3,2021-05-20,996.8,1001.2,994.2,210
3,2021-05-21,996.9,1000.1,993.9,244
3,2021-05-22,999.7,1000.7,998.5,260
3,2021-05-23,1000.8,1002.3,998.8,151
3,2021-05-24,997.5,1000.4,994.7,290
3,2021-05-25,998.9,1000.4,997.0,233
3,2021-05-26,1001.0,1003.5,998.9,168
3,2021-05-27,993.1,997.8,989.9,263
3,2021-05-28,995.4,998.2,992.3,216
3,2021-05-29,996.3,999.2,993.1,272
3,2021-05-30,998.9,1000.6,997.6,106
3,2021-05-31,1000.7,1003.3,999.7,90
3,2021-06-01,1003.3,1004.8,1001.8,85
3,2021-06-02,1004.1,1005.7,1003.1,128
3,2021-06-03,997.1,1003.1,991.9,143
3,2021-06-04,991.8,994.9,989.0,271
3,2021-06-05,995.9,997.0,995.2,221
3,2021-06-06,998.7,1002.2,996.1,119
3,2021-06-07,1004.4,1006.2,1002.3,261
3,2021-06-08,1005.5,1006.4,1004.7,240
3,2021-06-09,1004.8,1006.2,1003.4,82
3,2021-06-10,1004.6,1005.4,1003.3,133
3,2021-06-11,1003.2,1004.0,1002.4,145
3,2021-06-12,1002.4,1003.5,1001.2,145
3,2021-06-13,999.1,1001.8,996.8,180
3,2021-06-14,996.0,997.6,994.4,357
3,2021-06-15,994.3,996.0,992.1,132
3,2021-06-16,990.7,993.9,988.6,67
3,2021-06-17,994.4,995.8,993.3,118
3,2021-06-18,992.7,995.0,990.3,230
3,2021-06-19,990.4,992.3,989.3,297
3,2021-06-20,992.3,993.9,991.3,81
3,2021-06-21,994.1,996.3,993.0,10
3,2021-06-22,997.6,999.5,995.9,93
3,2021-06-23,999.6,1001.7,998.4,234
3,2021-06-24,1000.7,1001.9,999.4,274
3,2021-06-25,1000.8,1001.8,999.3,212
3,2021-06-26,1000.6,1002.8,998.9,121
3,2021-06-27,996.9,999.6,994.2,113
3,2021-06-28,993.4,995.6,991.3,81
3,2021-06-29,994.4,996.7,992.9,0
3,2021-06-30,996.4,997.1,995.9,100
3,2021-07-01,994.8,996.1,992.9,57
3,2021-07-02,997.2,999.4,995.9,42
3,2021-07-03,999.7,1000.8,999.1,206
3,2021-07-04,1000.9,1002.9,999.5,215
3,2021-07-05,1002.6,1003.7,1001.8,230
3,2021-07-06,1001.9,1003.2,1001.0,226
3,2021-07-07,1001.5,1002.6,999.8,233
3,2021-07-08,998.5,999.5,997.6,236
3,2021-07-09,998.2,1000.0,997.2,239
3,2021-07-10,1001.2,1003.4,999.6,210
3,2021-07-11,1003.4,1004.4,1002.7,232
3,2021-07-12,1003.0,1004.1,1002.5,230
3,2021-07-13,1003.2,1004.4,1002.4,208
3,2021-07-14,1004.6,1005.4,1004.0,99
3,2021-07-15,1005.4,1006.3,1004.6,105
3,2021-07-16,1004.5,1006.0,1002.6,71
3,2021-07-17,1002.2,1003.1,1001.3,66
3,2021-07-18,1001.7,1003.3,1000.6,80
3,2021-07-19,1003.2,1004.4,1002.3,88
3,2021-07-20,1003.4,1004.8,1001.6,75
3,2021-07-21,1001.5,1003.2,999.9,96
3,2021-07-22,1000.1,1001.2,999.3,75
3,2021-07-23,999.0,1000.0,998.1,78
3,2021-07-24,998.3,999.2,997.5,93
3,2021-07-25,997.1,997.9,996.2,89
3,2021-07-26,994.7,997.2,993.1,106
3,2021-07-27,992.5,994.6,990.5,79
3,2021-07-28,992.3,993.4,991.2,358
3,2021-07-29,992.5,993.3,991.1,273
3,2021-07-30,992.6,993.6,991.3,287
3,2021-07-31,993.0,994.4,991.4,270
3,2021-08-01,992.6,993.7,991.4,157
3,2021-08-02,994.8,996.7,993.7,147
3,2021-08-03,998.7,1000.7,996.9,91
3,2021-08-04,999.5,1000.9,997.7,127
3,2021-08-05,996.6,999.0,994.4,122
3,2021-08-06,992.7,995.1,990.9,77
3,2021-08-07,992.8,994.4,991.5,79
3,2021-08-08,990.4,994.3,980.2,56
3,2021-08-09,989.6,996.8,979.6,280
3,2021-08-10,999.5,1002.0,996.8,211
3,2021-08-11,1002.2,1003.7,1000.3,164
3,2021-08-12,1000.7,1002.2,998.6,197
3,2021-08-13,994.4,998.5,991.8,211
3,2021-08-14,994.0,996.6,992.2,226
3,2021-08-15,1001.1,1004.4,997.0,34
3,2021-08-16,1002.8,1004.4,1001.1,123
3,2021-08-17,997.2,1001.1,994.5,195
3,2021-08-18,997.5,998.4,996.5,158
3,2021-08-19,1000.7,1003.9,997.4,231
3,2021-08-20,1004.0,1004.8,1003.2,177
3,2021-08-21,1001.6,1004.2,999.9,199
3,2021-08-22,1001.9,1002.9,1000.1,213
3,2021-08-23,1001.6,1003.2,999.8,172
3,2021-08-24,997.9,999.2,996.7,210
3,2021-08-25,1001.0,1003.8,999.4,216
3,2021-08-26,1004.8,1006.5,1003.3,222
3,2021-08-27,1005.1,1006.0,1004.1,238
3,2021-08-28,1005.0,1006.2,1003.7,252
3,2021-08-29,1004.7,1005.3,1003.8,265
3,2021-08-30,1005.6,1006.7,1004.0,279
3,2021-08-31,1005.2,1006.7,1003.6,253
3,2021-09-01,1002.1,1004.6,1000.8,233
3,2021-09-02,999.2,1000.5,998.2,243
3,2021-09-03,997.7,998.7,996.3,213
3,2021-09-04,1001.7,1005.2,998.7,23
3,2021-09-05,1005.6,1007.6,1004.3,77
3,2021-09-06,1005.1,1007.3,1002.9,71
3,2021-09-07,1001.8,1003.6,1000.2,184
3,2021-09-08,1000.1,1001.9,998.8,265
3,2021-09-09,1002.8,1003.8,1001.8,80
3,2021-09-10,1003.8,1004.9,1003.0,257
3,2021-09-11,1003.2,1004.2,1001.4,122
3,2021-09-12,1002.3,1005.1,1000.8,125
3,2021-09-13,1005.7,1006.7,1004.4,102
3,2021-09-14,1003.3,1006.1,1001.1,82
3,2021-09-15,1002.1,1003.2,1001.3,62
3,2021-09-16,1000.6,1003.0,999.2,94
3,2021-09-17,993.6,998.8,982.9,188
3,2021-09-18,1001.2,1004.5,996.0,322
3,2021-09-19,1003.5,1004.6,1002.1,73
3,2021-09-20,1002.9,1004.1,1001.4,130
3,2021-09-21,1000.7,1003.3,998.3,169
3,2021-09-22,1001.3,1004.3,999.3,262
3,2021-09-23,1006.2,1008.9,1004.3,262
3,2021-09-24,1009.7,1010.7,1009.0,78
3,2021-09-25,1009.6,1010.7,1008.2,81
3,2021-09-26,1007.1,1009.2,1005.1,70
3,2021-09-27,1003.7,1005.6,1002.3,72
3,2021-09-28,1002.4,1003.2,1001.4,84
3,2021-09-29,1000.3,1002.1,998.6,126
3,2021-09-30,996.5,998.9,994.6,67
3,2021-10-01,996.6,999.7,995.0,355
3,2021-10-02,1003.4,1007.8,1000.3,196
3,2021-10-03,1010.8,1013.7,1008.1,135
3,2021-10-04,1012.9,1014.8,1011.4,173
3,2021-10-05,1011.8,1013.6,1009.6,114
3,2021-10-06,1008.6,1011.0,1005.9,92
3,2021-10-07,1006.9,1008.5,1005.0,191
3,2021-10-08,1008.7,1010.8,1007.7,142
3,2021-10-09,1010.7,1012.0,1009.5,109
3,2021-10-10,1009.2,1010.9,1007.1,123
3,2021-10-11,1007.1,1008.3,1005.3,78
3,2021-10-12,1009.4,1011.7,1007.8,63
3,2021-10-13,1010.5,1012.0,1009.0,59
3,2021-10-14,1007.9,1010.1,1005.2,27
3,2021-10-15,1005.3,1006.7,1003.7,88
3,2021-10-16,1004.7,1007.4,1002.4,306
3,2021-10-17,1008.8,1011.6,1007.1,2
3,2021-10-18,1010.3,1012.0,1008.7,70
3,2021-10-19,1006.6,1009.5,1004.3,266
3,2021-10-20,1007.7,1009.0,1006.3,37
3,2021-10-21,1007.1,1009.1,1005.5,93
3,2021-10-22,1006.5,1009.8,1004.9,289
3,2021-10-23,1013.7,1016.0,1010.4,38
3,2021-10-24,1014.2,1016.2,1011.8,80
3,2021-10-25,1009.8,1012.5,1008.0,79
3,2021-10-26,1007.7,1009.6,1006.6,36
3,2021-10-27,1007.5,1009.1,1006.2,255
3,2021-10-28,1009.0,1010.9,1007.5,71
3,2021-10-29,1011.3,1012.8,1010.1,66
3,2021-10-30,1011.8,1013.1,1009.7,176
3,2021-10-31,1011.3,1012.9,1009.8,82
3,2021-11-01,1010.9,1012.2,1009.0,16
3,2021-11-02,1008.5,1011.0,1006.3,237
3,2021-11-03,1006.5,1007.8,1005.2,273
3,2021-11-04,1007.5,1009.9,1006.2,281
3,2021-11-05,1009.1,1011.1,1007.3,92
3,2021-11-06,1007.5,1008.5,1006.1,81
3,2021-11-07,1007.9,1009.7,1006.8,68
3,2021-11-08,1003.1,1006.7,999.8,211
3,2021-11-09,1002.3,1003.8,1000.8,271
3,2021-11-10,999.4,1000.3,997.4,250
3,2021-11-11,1001.5,1002.8,1000.4,259
3,2021-11-12,1006.3,1008.5,1002.4,269
3,2021-11-13,1009.3,1010.9,1008.1,254
3,2021-11-14,1009.5,1011.2,1008.1,238
3,2021-11-15,1010.3,1011.8,1009.0,245
3,2021-11-16,1011.3,1012.7,1009.8,264
3,2021-11-17,1011.7,1013.8,1009.5,142
3,2021-11-18,1008.7,1010.1,1007.1,287
3,2021-11-19,1007.3,1008.8,1005.5,110
3,2021-11-20,1008.3,1010.0,1007.1,104
3,2021-11-21,1007.4,1010.4,1003.6,152
3,2021-11-22,1000.8,1004.9,996.0,286
3,2021-11-23,1006.2,1007.3,1005.1,273
3,2021-11-24,1008.7,1010.1,1007.4,263
3,2021-11-25,1008.1,1009.6,1007.0,243
3,2021-11-26,1012.3,1016.1,1009.5,277
3,2021-11-27,1019.5,1023.4,1016.3,349
3,2021-11-28,1021.9,1024.2,1019.7,89
3,2021-11-29,1016.8,1020.4,1014.1,192
3,2021-11-30,1003.9,1013.6,997.2,207
3,2021-12-01,1006.2,1010.2,1000.9,281
3,2021-12-02,1010.0,1011.8,1008.6,260
3,2021-12-03,1007.5,1009.2,1005.3,243
3,2021-12-04,1013.3,1016.5,1008.6,296
3,2021-12-05,1016.8,1018.7,1015.4,111
3,2021-12-06,1014.9,1016.7,1012.9,117
3,2021-12-07,1012.7,1014.3,1011.2,299
3,2021-12-08,1016.8,1019.0,1014.3,29
3,2021-12-09,1016.8,1018.8,1014.7,98
3,2021-12-10,1013.8,1015.2,1012.2,249
3,2021-12-11,1013.4,1015.6,1012.1,226
3,2021-12-12,1010.3,1011.8,1008.2,264
3,2021-12-13,1012.2,1014.0,1009.8,291
3,2021-12-14,1012.0,1013.1,1010.1,246
3,2021-12-15,1012.3,1014.0,1011.1,221
3,2021-12-16,1006.8,1011.8,1001.2,198
3,2021-12-17,1004.9,1010.8,1000.4,288
3,2021-12-18,1013.3,1014.9,1011.6,287
3,2021-12-19,1011.2,1013.2,1009.1,265
3,2021-12-20,1010.7,1013.2,1008.6,229
3,2021-12-21,1006.8,1008.8,1004.7,227
3,2021-12-22,1008.3,1011.2,1006.3,274
3,2021-12-23,1011.6,1013.8,1010.6,144
3,2021-12-24,1007.3,1011.6,1003.1,278
3,2021-12-25,1010.4,1014.9,1005.9,294
3,2021-12-26,1017.0,1018.8,1014.9,290
3,2021-12-27,1017.6,1018.8,1015.7,270
3,2021-12-28,1016.9,1019.0,1014.9,254
3,2021-12-29,1010.4,1014.6,1007.4,229
3,2021-12-30,1010.6,1013.0,1008.2,270
3,2021-12-31,1015.1,1016.8,1011.1,290
3,2022-01-01,1017.0,1018.8,1015.9,266
3,2022-01-02,1014.4,1015.8,1013.0,240
3,2022-01-03,1012.8,1014.9,1011.0,253
3,2022-01-04,1013.5,1015.3,1012.3,269
3,2022-01-05,1013.7,1015.5,1012.4,62
3,2022-01-06,1012.2,1015.3,1010.2,20
3,2022-01-07,1015.9,1017.7,1014.5,71
3,2022-01-08,1012.6,1015.3,1010.2,248
3,2022-01-09,1009.1,1010.9,1006.9,302
3,2022-01-10,1007.8,1010.2,1004.8,157
3,2022-01-11,1002.9,1006.6,999.9,281
3,2022-01-12,1007.6,1009.0,1006.6,284
3,2022-01-13,1006.3,1008.3,1004.1,276
3,2022-01-14,1011.4,1013.1,1008.3,286
3,2022-01-15,1011.9,1013.2,1010.0,255
3,2022-01-16,1011.8,1013.0,1010.5,240
3,2022-01-17,1012.7,1014.7,1011.4,271
3,2022-01-18,1013.1,1014.5,1011.8,292
3,2022-01-19,1011.6,1013.8,1009.4,267
3,2022-01-20,1011.5,1015.4,1008.2,323
3,2022-01-21,1016.9,1018.8,1015.4,54
3,2022-01-22,1014.8,1017.0,1012.4,105
3,2022-01-23,1007.8,1012.3,1004.5,61
3,2022-01-24,1006.1,1008.3,1004.6,47
3,2022-01-25,1009.0,1010.5,1007.8,25
3,2022-01-26,1010.5,1012.0,1009.1,286
3,2022-01-27,1010.2,1011.9,1008.1,291
3,2022-01-28,1008.9,1010.7,1007.4,282
3,2022-01-29,1006.6,1008.2,1004.7,287
3,2022-01-30,1005.9,1007.9,1004.3,331
3,2022-01-31,1010.5,1013.1,1008.2,281
3,2022-02-01,1012.7,1014.4,1011.4,257
3,2022-02-02,1014.3,1016.9,1012.8,258
3,2022-02-03,1012.2,1014.0,1010.6,305
3,2022-02-04,1010.3,1011.3,1009.4,289
3,2022-02-05,1011.6,1013.0,1010.0,279
3,2022-02-06,1014.9,1016.6,1012.3,292
3,2022-02-07,1014.5,1016.3,1012.5,276
3,2022-02-08,1012.8,1013.5,1011.7,7
3,2022-02-09,1011.4,1014.2,1008.4,67
3,2022-02-10,1008.7,1010.0,1007.5,344
3,2022-02-11,1012.3,1013.6,1010.2,29
3,2022-02-12,1011.5,1013.5,1009.6,80
3,2022-02-13,1007.1,1009.6,1004.7,49
3,2022-02-14,1006.9,1008.1,1004.8,57
3,2022-02-15,1007.5,1009.0,1006.0,258
3,2022-02-16,1009.1,1010.5,1007.8,273
3,2022-02-17,1012.7,1016.4,1009.1,302
3,2022-02-18,1016.3,1019.2,1014.2,74
3,2022-02-19,1009.0,1014.0,1006.0,31
3,2022-02-20,1009.5,1013.8,1005.5,299
3,2022-02-21,1016.5,1018.7,1014.2,275
3,2022-02-22,1017.7,1019.4,1016.5,282
3,2022-02-23,1017.5,1019.2,1015.7,273
3,2022-02-24,1017.0,1018.3,1015.5,280
3,2022-02-25,1015.9,1017.7,1014.9,270
3,2022-02-26,1011.9,1015.3,1008.1,229
3,2022-02-27,1009.8,1012.9,1006.6,275
3,2022-02-28,1011.4,1014.0,1009.4,207
3,2022-03-01,1003.8,1008.7,1000.7,223
3,2022-03-02,1005.2,1007.5,1003.5,256
3,2022-03-03,1007.9,1009.4,1006.8,269
3,2022-03-04,1006.8,1009.4,1004.2,211
3,2022-03-05,1002.6,1004.7,1000.9,255
3,2022-03-06,1007.7,1010.1,1004.9,293
3,2022-03-07,1008.4,1010.4,1005.5,60
3,2022-03-08,1007.9,1008.9,1006.5,242
3,2022-03-09,1009.8,1012.4,1007.7,277
3,2022-03-10,1011.2,1013.4,1009.8,235
3,2022-03-11,1009.1,1010.9,1007.4,247
3,2022-03-12,1008.3,1009.7,1006.8,208
3,2022-03-13,1005.0,1007.4,1003.2,208
3,2022-03-14,1002.2,1004.3,999.6,239
3,2022-03-15,1001.8,1003.4,999.7,289
3,2022-03-16,1004.4,1007.0,1002.2,255
3,2022-03-17,1005.1,1007.7,1002.8,69
3,2022-03-18,994.0,1001.2,990.2,29
3,2022-03-19,997.0,1002.4,994.5,268
3,2022-03-20,1006.3,1009.7,1002.5,283
3,2022-03-21,1010.4,1012.9,1008.1,18
3,2022-03-22,1007.7,1009.2,1006.5,40
3,2022-03-23,1005.9,1007.9,1004.8,21
3,2022-03-24,1009.4,1013.1,1006.6,259
3,2022-03-25,1009.8,1013.2,1004.2,147
3,2022-03-26,995.0,1002.0,991.4,197
3,2022-03-27,1002.6,1006.9,999.0,294
3,2022-03-28,1011.4,1015.0,1007.3,52
3,2022-03-29,1013.7,1015.5,1011.7,183
3,2022-03-30,1011.4,1014.2,1008.7,215
3,2022-03-31,1008.8,1011.0,1007.6,353
3,2022-04-01,1014.0,1016.9,1011.1,39
3,2022-04-02,1015.3,1016.8,1012.9,56
3,2022-04-03,1014.6,1015.9,1012.9,65
3,2022-04-04,1015.3,1016.7,1013.9,23
3,2022-04-05,1012.0,1015.0,1008.9,232
3,2022-04-06,1009.7,1011.5,1007.5,265
3,2022-04-07,1006.7,1008.5,1004.5,252
3,2022-04-08,1008.7,1010.5,1007.1,270
3,2022-04-09,1007.8,1009.2,1005.9,219
3,2022-04-10,1008.2,1009.6,1006.4,248
3,2022-04-11,1005.6,1008.4,1003.3,156
3,2022-04-12,1002.2,1004.2,1000.3,218
3,2022-04-13,1002.3,1003.3,1001.5,75
3,2022-04-14,1002.0,1003.3,1000.9,52
3,2022-04-15,1001.7,1003.8,1000.1,21
3,2022-04-16,1004.5,1006.8,1003.2,29
3,2022-04-17,1006.9,1008.3,1005.4,54
3,2022-04-18,1006.4,1007.9,1004.8,260
3,2022-04-19,1005.8,1006.9,1004.0,82
3,2022-04-20,1006.3,1008.0,1004.3,194
3,2022-04-21,1003.9,1006.8,999.9,241
3,2022-04-22,1003.7,1005.3,1002.2,250
3,2022-04-23,1003.2,1004.9,1001.1,167
3,2022-04-24,1000.7,1002.5,999.4,92
3,2022-04-25,1002.5,1004.7,1000.8,182
3,2022-04-26,996.5,1000.4,994.3,212
3,2022-04-27,1000.6,1005.5,996.7,359
3,2022-04-28,1003.8,1006.2,1001.3,59
3,2022-04-29,998.9,1007.1,990.9,351
3,2022-04-30,1005.0,1007.5,1001.8,43
3,2022-05-01,1002.0,1004.2,1000.2,320
3,2022-05-02,1003.5,1005.6,1002.3,267
3,2022-05-03,1008.1,1010.5,1005.2,59
3,2022-05-04,1010.6,1011.6,1009.4,229
3,2022-05-05,1009.8,1011.9,1007.5,146
3,2022-05-06,1006.9,1008.3,1005.6,114
3,2022-05-07,1006.0,1007.2,1005.1,267
3,2022-05-08,1005.8,1008.1,1003.4,59
3,2022-05-09,1004.4,1005.8,1003.1,72
3,2022-05-10,1004.9,1006.0,1003.5,86
3,2022-05-11,1004.4,1005.7,1003.0,103
3,2022-05-12,1000.3,1003.5,997.5,57
3,2022-05-13,995.8,998.2,993.4,37
3,2022-05-14,999.5,1002.9,995.3,315
3,2022-05-15,1001.7,1003.0,1000.0,250
3,2022-05-16,1001.9,1004.0,1000.3,314
3,2022-05-17,1004.8,1007.5,1003.4,76
3,2022-05-18,1008.5,1010.2,1006.9,121
3,2022-05-19,1008.8,1010.6,1007.2,124
3,2022-05-20,1004.8,1007.6,1001.8,133
3,2022-05-21,998.6,1001.7,996.5,76
3,2022-05-22,998.1,999.9,997.1,271
3,2022-05-23,1001.9,1004.2,999.8,257
3,2022-05-24,1003.5,1005.1,1001.8,166
3,2022-05-25,1000.3,1003.4,997.6,189
3,2022-05-26,995.5,998.8,993.2,210
3,2022-05-27,993.6,996.0,992.5,252
3,2022-05-28,997.7,999.6,995.9,246
3,2022-05-29,996.7,999.4,994.1,144
3,2022-05-30,991.7,994.7,989.6,223
3,2022-05-31,996.8,999.8,992.9,295
3,2022-06-01,997.6,999.9,995.2,159
3,2022-06-02,997.9,999.7,996.7,243
3,2022-06-03,999.5,1001.5,998.2,17
3,2022-06-04,1000.2,1002.1,998.2,86
3,2022-06-05,993.1,999.0,984.5,112
3,2022-06-06,985.9,993.3,980.6,301
3,2022-06-07,996.1,999.5,993.7,345
3,2022-06-08,1000.0,1002.2,998.7,58
3,2022-06-09,1002.3,1004.1,1000.9,211
3,2022-06-10,1003.6,1004.2,1002.9,137
3,2022-06-11,1000.3,1003.5,997.8,63
3,2022-06-12,1000.8,1002.5,999.3,63
3,2022-06-13,998.4,1001.7,995.7,61
3,2022-06-14,996.2,997.8,994.9,81
3,2022-06-15,998.6,1001.1,996.9,227
3,2022-06-16,1000.2,1001.0,999.0,240
3,2022-06-17,1000.1,1000.9,999.0,195
3,2022-06-18,998.7,1000.5,997.3,165
3,2022-06-19,999.2,1000.9,997.2,205
3,2022-06-20,996.2,997.9,994.6,171
3,2022-06-21,994.3,996.3,993.0,202
3,2022-06-22,999.1,1001.9,996.2,235
3,2022-06-23,999.5,1001.9,997.3,213
3,2022-06-24,995.8,997.0,994.8,220
3,2022-06-25,1000.1,1003.0,997.0,212
3,2022-06-26,1004.8,1006.3,1002.3,209
3,2022-06-27,1004.7,1005.9,1003.5,202
3,2022-06-28,1001.9,1003.9,1000.5,205
3,2022-06-29,1001.6,1003.8,999.7,213
3,2022-06-30,1004.2,1006.3,1003.0,218
3,2022-07-01,1005.2,1006.8,1003.2,90
3,2022-07-02,1002.8,1004.5,1000.8,112
3,2022-07-03,1000.4,1001.8,998.7,130
3,2022-07-04,996.9,999.2,995.1,100
3,2022-07-05,995.1,998.9,993.6,240
3,2022-07-06,1000.1,1001.4,998.8,256
3,2022-07-07,1000.4,1001.6,999.1,221
3,2022-07-08,996.6,999.4,994.0,217
3,2022-07-09,992.1,994.4,990.5,279
3,2022-07-10,995.6,997.0,994.0,50
3,2022-07-11,997.3,998.8,996.5,215
3,2022-07-12,998.0,998.9,997.1,294
3,2022-07-13,996.7,998.9,994.6,270
3,2022-07-14,993.2,995.4,991.9,231
3,2022-07-15,991.7,993.3,990.2,219
3,2022-07-16,989.2,991.6,987.1,274
3,2022-07-17,992.9,995.5,991.2,235
3,2022-07-18,994.2,995.4,993.0,203
3,2022-07-19,994.1,997.7,991.5,237
3,2022-07-20,997.8,998.7,996.9,242
3,2022-07-21,995.9,998.6,993.1,232
3,2022-07-22,996.0,997.6,995.0,270
3,2022-07-23,997.2,998.0,996.3,314
3,2022-07-24,996.5,998.1,995.3,209
3,2022-07-25,999.1,1000.7,997.7,256
3,2022-07-26,999.6,1000.8,998.3,251
3,2022-07-27,999.6,1000.7,998.8,111
3,2022-07-28,1001.2,1003.0,1000.2,101
3,2022-07-29,1001.5,1003.1,1000.1,89
3,2022-07-30,999.1,1000.2,998.0,94
3,2022-07-31,999.2,1000.5,998.3,136
3,2022-08-01,1000.6,1003.0,999.4,163
3,2022-08-02,1003.4,1004.6,1002.5,213
3,2022-08-03,1003.2,1004.7,1001.5,247
3,2022-08-04,1001.6,1002.9,1000.4,259
3,2022-08-05,999.3,1000.2,997.9,259
3,2022-08-06,998.8,999.7,997.9,242
3,2022-08-07,1000.7,1002.3,999.4,226
3,2022-08-08,1002.0,1003.3,1001.0,232
3,2022-08-09,1001.5,1002.7,999.9,225
3,2022-08-10,1000.6,1001.6,999.6,230
3,2022-08-11,999.4,1001.4,997.9,231
3,2022-08-12,998.5,999.5,997.2,236
3,2022-08-13,999.2,1000.3,998.1,235
3,2022-08-14,1000.2,1001.1,999.4,226
3,2022-08-15,999.1,1001.0,998.1,219
3,2022-08-16,998.5,999.6,997.8,228
3,2022-08-17,998.9,1000.2,997.6,212
3,2022-08-18,998.4,999.4,997.6,249
3,2022-08-19,997.7,999.2,996.5,241
3,2022-08-20,995.4,996.6,994.2,236
3,2022-08-21,993.8,994.9,992.4,276
3,2022-08-22,994.7,996.5,993.9,250
3,2022-08-23,996.7,998.0,995.6,266
3,2022-08-24,997.5,998.7,996.0,240
3,2022-08-25,997.3,998.3,996.2,279
3,2022-08-26,997.0,998.3,995.4,261
3,2022-08-27,998.2,999.9,996.5,330
3,2022-08-28,1002.1,1003.7,1000.0,63
3,2022-08-29,1003.8,1004.7,1002.9,153
3,2022-08-30,1001.1,1004.2,998.2,104
3,2022-08-31,997.5,998.7,995.9,251
3,2022-09-01,1000.3,1003.0,998.0,62
3,2022-09-02,1002.6,1004.6,1001.0,61
3,2022-09-03,1002.0,1003.2,1001.1,80
3,2022-09-04,1000.8,1003.0,999.0,113
3,2022-09-05,996.0,999.6,990.6,126
3,2022-09-06,993.4,1002.2,985.3,209
3,2022-09-07,1004.3,1005.8,1002.4,8
3,2022-09-08,1004.7,1005.8,1002.9,72
3,2022-09-09,1004.2,1005.4,1002.2,78
3,2022-09-10,1004.1,1005.5,1002.0,78
3,2022-09-11,1002.9,1004.7,1001.2,100
3,2022-09-12,1001.8,1003.0,1000.3,74
3,2022-09-13,1001.9,1003.5,1000.5,72
3,2022-09-14,1002.5,1003.8,1000.8,76
3,2022-09-15,1000.8,1002.6,998.8,89
3,2022-09-16,999.0,1000.3,997.6,86
3,2022-09-17,995.9,998.3,992.8,60
3,2022-09-18,980.8,992.0,962.9,53
3,2022-09-19,974.4,993.7,959.5,239
3,2022-09-20,998.5,1002.9,994.4,26
3,2022-09-21,1003.9,1005.3,1003.0,64
3,2022-09-22,1003.4,1005.1,1001.0,95
3,2022-09-23,1000.9,1002.4,999.6,294
3,2022-09-24,1003.5,1004.7,1002.3,20
3,2022-09-25,1004.0,1005.3,1002.5,71
3,2022-09-26,1004.8,1005.6,1004.1,156
3,2022-09-27,1003.4,1005.5,1001.7,44
3,2022-09-28,1001.4,1002.7,999.8,4
3,2022-09-29,1002.8,1004.6,1001.6,0
3,2022-09-30,1004.9,1006.0,1003.4,70
3,2022-10-01,1006.9,1008.2,1005.8,85
3,2022-10-02,1008.4,1010.3,1007.0,122
3,2022-10-03,1008.2,1010.2,1006.7,191
3,2022-10-04,1004.1,1006.5,1002.1,231
3,2022-10-05,1005.3,1008.4,1003.5,11
3,2022-10-06,1006.6,1008.0,1004.8,68
3,2022-10-07,1005.7,1008.2,1004.5,280
3,2022-10-08,1010.2,1011.8,1008.5,53
3,2022-10-09,1007.0,1011.3,1002.9,93
3,2022-10-10,1004.0,1006.7,1001.3,278
3,2022-10-11,1008.6,1011.5,1006.2,285
3,2022-10-12,1012.1,1013.0,1011.3,73
3,2022-10-13,1010.3,1012.5,1008.2,70
3,2022-10-14,1006.8,1008.5,1004.5,77
3,2022-10-15,1006.2,1007.7,1004.9,88
3,2022-10-16,1006.1,1007.6,1004.5,260
3,2022-10-17,1003.9,1005.7,1002.4,283
3,2022-10-18,1006.3,1009.5,1003.6,343
3,2022-10-19,1011.1,1014.1,1009.1,31
3,2022-10-20,1015.0,1016.8,1013.6,79
3,2022-10-21,1014.7,1016.6,1013.2,185
3,2022-10-22,1010.1,1013.0,1007.8,252
3,2022-10-23,1004.9,1007.5,1002.6,299
3,2022-10-24,1005.7,1007.6,1003.9,318
3,2022-10-25,1011.8,1015.4,1007.5,18
3,2022-10-26,1014.9,1016.8,1013.4,81
3,2022-10-27,1012.8,1013.9,1011.1,167
3,2022-10-28,1012.5,1013.8,1011.3,79
3,2022-10-29,1012.8,1014.4,1011.5,68
3,2022-10-30,1012.4,1013.7,1011.1,70
3,2022-10-31,1010.9,1012.6,1008.6,72
3,2022-11-01,1008.1,1009.9,1006.8,81
3,2022-11-02,1007.9,1010.0,1005.9,75
3,2022-11-03,1005.8,1007.2,1003.8,293
3,2022-11-04,1006.8,1009.0,1005.3,297
3,2022-11-05,1010.5,1012.4,1008.6,306
3,2022-11-06,1012.2,1014.3,1010.6,92
3,2022-11-07,1011.1,1012.6,1009.0,135
3,2022-11-08,1013.3,1015.0,1012.1,152
3,2022-11-09,1014.5,1016.2,1013.2,214
3,2022-11-10,1013.4,1014.5,1012.0,166
3,2022-11-11,1013.9,1015.5,1012.7,108
3,2022-11-12,1010.1,1013.7,1006.4,160
3,2022-11-13,1002.6,1005.5,1000.3,274
3,2022-11-14,1005.3,1007.2,1003.5,38
3,2022-11-15,1004.8,1007.9,1003.0,277
3,2022-11-16,1009.5,1011.5,1007.7,263
3,2022-11-17,1011.9,1013.6,1010.4,145
3,2022-11-18,1012.9,1014.4,1011.6,79
3,2022-11-19,1010.0,1012.6,1007.7,81
3,2022-11-20,1007.1,1008.9,1004.6,87
3,2022-11-21,1008.5,1010.8,1007.2,105
3,2022-11-22,1008.1,1010.3,1005.4,91
3,2022-11-23,1002.8,1006.1,1000.5,295
3,2022-11-24,1007.9,1010.9,1005.6,323
3,2022-11-25,1009.1,1011.3,1006.6,174
3,2022-11-26,1004.9,1007.3,1002.9,305
3,2022-11-27,1009.1,1011.2,1007.3,121
3,2022-11-28,1009.0,1011.6,1004.9,147
3,2022-11-29,1000.3,1004.1,997.7,200
3,2022-11-30,1011.1,1015.5,1004.2,336
3,2022-12-01,1015.5,1016.7,1014.5,320
3,2022-12-02,1016.8,1018.7,1016.0,334
3,2022-12-03,1014.2,1016.3,1011.6,88
3,2022-12-04,1013.1,1014.7,1011.6,38
3,2022-12-05,1011.7,1013.6,1010.3,28
3,2022-12-06,1011.9,1013.0,1010.5,285
3,2022-12-07,1013.2,1014.9,1012.1,255
3,2022-12-08,1013.6,1015.3,1012.2,171
3,2022-12-09,1010.9,1013.0,1009.0,104
3,2022-12-10,1006.5,1009.0,1003.7,192
3,2022-12-11,1006.4,1009.4,1005.0,300
3,2022-12-12,1008.0,1010.8,1005.1,78
3,2022-12-13,1007.6,1009.2,1006.1,264
3,2022-12-14,1011.9,1014.2,1007.9,285
3,2022-12-15,1014.0,1015.9,1013.2,272
3,2022-12-16,1014.3,1016.2,1013.4,265
3,2022-12-17,1011.0,1013.8,1009.0,272
3,2022-12-18,1009.2,1011.2,1007.9,277
3,2022-12-19,1014.2,1016.6,1011.1,276
3,2022-12-20,1014.9,1017.4,1011.8,268
3,2022-12-21,1002.7,1011.2,995.8,183
3,2022-12-22,995.3,997.1,992.5,288
3,2022-12-23,998.6,1000.7,997.0,277
3,2022-12-24,1003.6,1006.0,1000.7,285
3,2022-12-25,1007.2,1009.3,1005.7,284
3,2022-12-26,1010.9,1012.9,1009.1,273
3,2022-12-27,1014.2,1015.7,1012.7,248
3,2022-12-28,1015.7,1017.7,1014.2,264
3,2022-12-29,1018.4,1020.5,1016.9,291
3,2022-12-30,1019.0,1020.9,1017.0,265
3,2022-12-31,1018.0,1019.1,1016.8,265
3,2023-01-01,1017.4,1019.1,1015.7,272
3,2023-01-02,1015.8,1017.4,1013.3,277
3,2023-01-03,1015.1,1016.3,1013.6,277
3,2023-01-04,1016.9,1018.7,1015.1,272
3,2023-01-05,1018.3,1020.0,1016.4,275
3,2023-01-06,1012.6,1016.8,1007.9,218
3,2023-01-07,1006.9,1010.9,1004.0,268
3,2023-01-08,1013.4,1015.1,1011.1,256
3,2023-01-09,1012.2,1014.9,1009.9,240
3,2023-01-10,1014.8,1017.1,1011.4,53
3,2023-01-11,1014.8,1016.6,1013.4,221
3,2023-01-12,1013.5,1015.4,1012.0,146
3,2023-01-13,1005.5,1011.8,1000.7,189
3,2023-01-14,998.8,1001.2,996.4,286
3,2023-01-15,1001.4,1003.0,999.9,321
3,2023-01-16,1006.4,1010.8,1001.8,300
3,2023-01-17,1011.3,1012.8,1009.0,275
3,2023-01-18,1012.5,1013.8,1011.4,282
3,2023-01-19,1013.0,1014.5,1011.7,254
3,2023-01-20,1013.0,1014.9,1011.3,269
3,2023-01-21,1016.0,1017.3,1014.5,314
3,2023-01-22,1013.5,1016.7,1010.9,62
3,2023-01-23,1007.4,1010.2,1005.3,47
3,2023-01-24,1007.2,1013.5,1003.7,293
3,2023-01-25,1015.8,1017.7,1014.1,277
3,2023-01-26,1013.1,1015.8,1008.5,230
3,2023-01-27,1005.5,1007.5,1003.5,298
3,2023-01-28,1009.1,1011.3,1006.9,288
3,2023-01-29,1009.5,1010.9,1008.3,266
3,2023-01-30,1009.8,1011.7,1007.9,279
3,2023-01-31,1010.5,1012.0,1008.7,228
3,2023-02-01,1006.3,1008.3,1003.8,234
3,2023-02-02,1010.4,1012.4,1007.1,36
3,2023-02-03,1009.2,1010.6,1007.9,247
3,2023-02-04,1010.7,1013.3,1008.5,284
3,2023-02-05,1013.0,1014.7,1011.1,344
3,2023-02-06,1010.3,1012.7,1007.7,80
3,2023-02-07,1006.6,1008.6,1004.9,49
3,2023-02-08,1011.6,1014.9,1008.4,323
3,2023-02-09,1014.5,1017.6,1010.9,74
3,2023-02-10,1004.4,1009.5,1000.2,14
3,2023-02-11,1010.2,1012.0,1007.9,62
3,2023-02-12,1008.4,1011.8,1002.5,134
3,2023-02-13,1000.7,1005.0,997.5,24
3,2023-02-14,1007.7,1010.6,1004.8,11
3,2023-02-15,1015.3,1019.6,1011.0,43
3,2023-02-16,1019.4,1021.0,1017.9,56
3,2023-02-17,1017.1,1019.9,1015.0,219
3,2023-02-18,1011.1,1015.3,1007.1,212
3,2023-02-19,1005.2,1008.0,1002.8,259
3,2023-02-20,1010.9,1012.9,1008.3,296
3,2023-02-21,1018.2,1021.4,1013.0,14
3,2023-02-22,1018.2,1021.6,1014.3,70
3,2023-02-23,1011.6,1013.9,1009.1,329
3,2023-02-24,1009.5,1012.6,1008.3,320
3,2023-02-25,1014.7,1019.5,1012.4,286
3,2023-02-26,1022.3,1024.2,1019.9,36
3,2023-02-27,1022.5,1024.9,1020.3,73
3,2023-02-28,1018.4,1021.4,1015.3,218
3,2023-03-01,1010.8,1015.1,1007.9,223
3,2023-03-02,1012.7,1016.8,1008.2,312
3,2023-03-03,1016.0,1018.0,1014.1,270
3,2023-03-04,1015.5,1016.9,1013.1,80
3,2023-03-05,1014.6,1016.9,1012.2,82
3,2023-03-06,1013.4,1015.5,1011.4,264
3,2023-03-07,1013.1,1015.1,1011.9,252
3,2023-03-08,1012.2,1014.1,1010.1,217
3,2023-03-09,1008.6,1011.2,1006.0,201
3,2023-03-10,1009.8,1012.1,1008.2,142
3,2023-03-11,1012.6,1014.2,1011.4,228
3,2023-03-12,1009.5,1013.1,1006.0,226
3,2023-03-13,1010.8,1012.9,1009.1,305
3,2023-03-14,1010.5,1012.0,1008.3,181
3,2023-03-15,1012.5,1014.6,1010.8,193
3,2023-03-16,1013.2,1014.3,1012.2,301
3,2023-03-17,1009.8,1013.2,1006.7,62
3,2023-03-18,1004.5,1007.3,1002.3,357
3,2023-03-19,1008.3,1010.4,1006.6,109
3,2023-03-20,1006.3,1008.4,1004.4,197
3,2023-03-21,1001.4,1004.2,999.0,111
3,2023-03-22,1000.0,1001.4,998.4,115
3,2023-03-23,994.7,999.1,992.1,209
3,2023-03-24,1001.5,1004.1,998.8,335
3,2023-03-25,1004.4,1006.4,1003.1,52
3,2023-03-26,1003.3,1006.6,1001.7,1
3,2023-03-27,1007.9,1010.9,1006.1,26
3,2023-03-28,1012.2,1014.5,1010.8,72
3,2023-03-29,1011.2,1013.1,1009.0,91
3,2023-03-30,1008.6,1010.9,1006.4,114
3,2023-03-31,1006.3,1007.6,1004.5,83
3,2023-04-01,1004.1,1006.2,1001.9,84
3,2023-04-02,1003.6,1006.1,1002.4,61
3,2023-04-03,1009.4,1012.2,1006.8,67
3,2023-04-04,1010.6,1012.2,1008.5,142
3,2023-04-05,1006.3,1009.9,1003.0,161
3,2023-04-06,1001.6,1003.5,1000.3,212
3,2023-04-07,1001.3,1004.4,999.3,290
3,2023-04-08,1007.4,1010.5,1003.8,289
3,2023-04-09,1009.7,1011.4,1007.9,242
3,2023-04-10,1008.8,1010.3,1007.0,212
3,2023-04-11,1006.1,1007.9,1003.5,210
3,2023-04-12,1004.8,1007.6,1003.2,271
3,2023-04-13,1007.7,1009.7,1005.8,199
3,2023-04-14,1004.7,1007.7,999.0,113
3,2023-04-15,992.0,997.8,988.2,245
3,2023-04-16,994.4,999.1,993.0,251
3,2023-04-17,1005.6,1009.0,1000.2,270
3,2023-04-18,1005.1,1008.5,1003.3,212
3,2023-04-19,1001.4,1003.2,998.8,219
3,2023-04-20,998.8,1001.2,996.0,118
3,2023-04-21,997.7,1000.6,996.3,63
3,2023-04-22,1004.3,1008.1,1000.5,60
3,2023-04-23,1009.3,1010.3,1008.0,67
3,2023-04-24,1011.1,1012.1,1008.8,69
3,2023-04-25,1002.7,1009.7,996.3,65
3,2023-04-26,1001.5,1006.7,998.0,292
3,2023-04-27,1009.3,1010.9,1007.1,193
3,2023-04-28,1008.8,1011.1,1006.0,203
3,2023-04-29,1000.2,1006.2,995.4,208
3,2023-04-30,1000.6,1003.7,997.7,279
3,2023-05-01,1006.2,1010.9,1003.1,273
3,2023-05-02,1012.7,1014.4,1011.1,97
3,2023-05-03,1012.5,1014.5,1010.7,198
3,2023-05-04,1007.9,1011.3,1004.7,154
3,2023-05-05,1000.7,1004.9,997.7,169
3,2023-05-06,995.9,997.8,994.1,201
3,2023-05-07,994.8,997.3,990.8,18
3,2023-05-08,1001.3,1005.6,995.7,24
3,2023-05-09,1004.7,1006.3,1003.1,62
3,2023-05-10,1005.1,1006.5,1003.6,282
3,2023-05-11,1006.6,1008.1,1005.5,91
3,2023-05-12,1007.3,1008.3,1006.0,218
3,2023-05-13,1003.2,1007.2,999.7,124
3,2023-05-14,998.7,1000.5,996.8,337
3,2023-05-15,999.9,1001.8,998.6,260
3,2023-05-16,1003.5,1005.9,1002.3,223
3,2023-05-17,1005.9,1007.4,1004.1,241
3,2023-05-18,1000.8,1005.5,994.9,122
3,2023-05-19,994.5,997.9,991.5,64
3,2023-05-20,998.9,999.9,997.8,32
3,2023-05-21,999.3,1000.4,997.4,274
3,2023-05-22,996.0,998.4,994.1,309
3,2023-05-23,997.4,1001.9,994.9,2
3,2023-05-24,1003.7,1005.6,1002.2,73
3,2023-05-25,1007.2,1009.5,1005.6,143
3,2023-05-26,1009.5,1011.0,1008.1,205
3,2023-05-27,1009.3,1010.8,1007.3,144
3,2023-05-28,1006.2,1009.0,1003.9,207
3,2023-05-29,1002.5,1004.9,1000.8,241
3,2023-05-30,999.5,1001.8,997.9,282
3,2023-05-31,999.5,1001.1,997.9,63
3,2023-06-01,997.7,1000.3,995.2,152
3,2023-06-02,990.4,994.3,988.6,78
3,2023-06-03,995.9,1000.8,991.6,356
3,2023-06-04,1001.1,1002.2,999.7,265
3,2023-06-05,1001.5,1002.3,1000.4,268
3,2023-06-06,997.5,1001.3,994.0,108
3,2023-06-07,1000.0,1001.3,997.8,257
3,2023-06-08,996.5,1001.0,992.1,127
3,2023-06-09,996.0,998.3,994.9,265
3,2023-06-10,997.6,998.5,996.5,136
3,2023-06-11,996.4,997.4,995.3,172
3,2023-06-12,995.5,996.9,993.7,128
3,2023-06-13,995.0,996.3,993.9,194
3,2023-06-14,995.4,997.7,993.1,203
3,2023-06-15,998.1,1001.6,996.8,294
3,2023-06-16,1003.1,1005.0,1001.4,270
3,2023-06-17,1003.7,1005.3,1002.2,239
3,2023-06-18,998.3,1002.1,995.4,142
3,2023-06-19,995.5,996.9,993.9,60
3,2023-06-20,995.7,997.0,994.6,184
3,2023-06-21,994.1,996.5,992.6,160
3,2023-06-22,994.3,996.8,993.3,253
3,2023-06-23,999.4,1003.1,996.8,253
3,2023-06-24,1003.9,1005.6,1002.9,102
3,2023-06-25,1004.9,1006.1,1003.9,135
3,2023-06-26,1003.7,1004.6,1002.8,207
3,2023-06-27,1004.2,1005.1,1003.4,218
3,2023-06-28,1003.0,1004.5,1000.9,226
3,2023-06-29,999.1,1001.1,997.2,217
3,2023-06-30,996.1,997.7,995.1,226
3,2023-07-01,997.1,999.3,994.8,232
3,2023-07-02,1000.2,1001.7,999.3,240
3,2023-07-03,998.0,1001.6,995.5,145
3,2023-07-04,994.2,996.1,992.5,174
3,2023-07-05,990.2,992.9,988.3,224
3,2023-07-06,994.8,996.5,993.3,240
3,2023-07-07,996.3,996.9,995.5,205
3,2023-07-08,996.6,997.9,995.8,223
3,2023-07-09,998.0,999.8,997.0,237
3,2023-07-10,999.7,1001.3,998.5,223
3,2023-07-11,1001.0,1002.3,1000.1,230
3,2023-07-12,1000.2,1001.6,999.3,226
3,2023-07-13,1000.0,1000.9,999.2,224
3,2023-07-14,998.7,1000.2,997.3,206
3,2023-07-15,998.4,1000.5,996.9,210
3,2023-07-16,1001.6,1004.7,1000.3,214
3,2023-07-17,1004.5,1006.1,1003.1,207
3,2023-07-18,1003.0,1005.6,1000.6,199
3,2023-07-19,998.0,1000.6,996.0,241
3,2023-07-20,998.6,1000.6,997.4,326
3,2023-07-21,1002.3,1004.9,1000.7,145
3,2023-07-22,1005.3,1006.1,1004.3,207
3,2023-07-23,1003.6,1005.8,1001.5,209
3,2023-07-24,1003.1,1005.1,1002.2,197
3,2023-07-25,1005.2,1006.7,1003.7,149
3,2023-07-26,1006.3,1007.7,1004.7,141
3,2023-07-27,1005.0,1006.9,1003.2,148
3,2023-07-28,1004.5,1005.9,1002.9,32
3,2023-07-29,1004.9,1006.1,1003.4,126
3,2023-07-30,1004.4,1005.6,1002.6,118
3,2023-07-31,1002.9,1004.4,1000.9,104
3,2023-08-01,1000.6,1001.9,999.1,95
3,2023-08-02,999.1,1000.4,997.5,124
3,2023-08-03,997.6,998.8,996.2,133
3,2023-08-04,995.7,997.6,993.6,120
3,2023-08-05,990.8,993.8,988.5,88
3,2023-08-06,987.2,989.0,985.5,75
3,2023-08-07,987.3,988.8,986.3,70
3,2023-08-08,988.4,989.5,987.6,69
3,2023-08-09,985.7,987.8,983.7,83
3,2023-08-10,987.7,993.7,982.3,176
3,2023-08-11,994.5,996.0,993.0,226
3,2023-08-12,995.1,996.2,993.1,280
3,2023-08-13,994.4,995.2,993.0,27
3,2023-08-14,993.7,994.8,992.3,4
3,2023-08-15,992.6,994.1,991.6,330
3,2023-08-16,993.9,995.3,992.4,55
3,2023-08-17,994.5,996.3,993.5,75
3,2023-08-18,997.2,999.8,995.9,141
3,2023-08-19,1001.3,1003.0,1000.0,204
3,2023-08-20,1002.3,1003.8,1000.5,73
3,2023-08-21,1000.1,1002.4,998.8,108
3,2023-08-22,997.9,999.3,996.3,151
3,2023-08-23,998.2,999.7,996.8,128
3,2023-08-24,999.7,1000.8,998.8,172
3,2023-08-25,999.8,1001.0,998.7,248
3,2023-08-26,998.7,1000.3,997.1,100
3,2023-08-27,997.6,998.7,996.2,126
3,2023-08-28,998.2,1000.2,997.0,174
3,2023-08-29,1000.0,1002.0,998.7,176
3,2023-08-30,1000.6,1001.8,998.9,114
3,2023-08-31,1001.0,1002.6,999.6,144
3,2023-09-01,1001.7,1003.1,1000.0,127
3,2023-09-02,1001.8,1002.6,1001.0,133
3,2023-09-03,1001.7,1003.0,1000.2,79
3,2023-09-04,999.7,1001.6,997.9,55
3,2023-09-05,997.8,998.6,996.5,54
3,2023-09-06,997.8,999.8,996.7,24
3,2023-09-07,999.8,1000.8,998.8,51
3,2023-09-08,1000.2,1001.3,999.0,72
3,2023-09-09,1000.0,1000.9,998.5,106
3,2023-09-10,1000.0,1001.1,998.9,106
3,2023-09-11,999.4,1001.0,998.3,127
3,2023-09-12,1000.7,1001.9,999.3,104
3,2023-09-13,1001.4,1002.1,1000.1,145
3,2023-09-14,1002.2,1004.5,1000.9,215
3,2023-09-15,1004.0,1005.4,1003.0,217
3,2023-09-16,1004.4,1005.5,1003.1,215
3,2023-09-17,1002.8,1004.3,1001.9,213
3,2023-09-18,1004.3,1005.3,1003.4,215
3,2023-09-19,1004.9,1005.9,1003.5,246
3,2023-09-20,1002.9,1005.4,1000.8,197
3,2023-09-21,1000.0,1002.2,998.8,232
3,2023-09-22,1003.5,1005.2,1002.2,100
3,2023-09-23,1005.5,1006.8,1004.4,66
3,2023-09-24,1005.9,1007.1,1003.9,71
3,2023-09-25,1004.6,1005.9,1003.4,84
3,2023-09-26,1004.0,1005.4,1002.9,141
3,2023-09-27,1002.4,1003.6,1000.4,268
3,2023-09-28,1003.3,1004.8,1002.2,273
3,2023-09-29,1003.4,1005.3,1002.1,100
3,2023-09-30,1000.4,1002.1,998.6,255
3,2023-10-01,1001.5,1003.9,999.7,325
3,2023-10-02,1005.3,1007.0,1004.1,76
3,2023-10-03,1005.5,1007.5,1003.6,97
3,2023-10-04,1002.1,1004.2,999.3,269
3,2023-10-05,1001.9,1005.1,1000.4,323
3,2023-10-06,1006.2,1008.1,1004.8,82
3,2023-10-07,1009.2,1010.9,1007.8,77
3,2023-10-08,1009.7,1011.4,1008.2,66
3,2023-10-09,1006.0,1007.9,1004.8,68
3,2023-10-10,1007.1,1009.6,1006.0,342
3,2023-10-11,1010.4,1012.0,1009.4,68
3,2023-10-12,1010.7,1012.6,1008.8,73
3,2023-10-13,1006.0,1009.4,1002.9,88
3,2023-10-14,1000.2,1003.1,998.0,267
3,2023-10-15,999.8,1002.6,998.3,271
3,2023-10-16,1003.9,1005.6,1002.6,267
3,2023-10-17,1007.1,1010.0,1005.4,265
3,2023-10-18,1010.0,1012.1,1008.7,201
3,2023-10-19,1007.8,1010.2,1005.1,223
3,2023-10-20,1003.4,1005.8,1001.9,278
3,2023-10-21,1009.0,1012.1,1005.7,297
3,2023-10-22,1012.3,1013.8,1010.8,236
3,2023-10-23,1012.3,1014.4,1010.5,253
3,2023-10-24,1010.2,1012.9,1007.8,235
3,2023-10-25,1007.3,1008.7,1005.2,260
3,2023-10-26,1005.6,1007.3,1004.0,216
3,2023-10-27,1002.7,1004.3,1000.4,253
3,2023-10-28,1006.1,1008.7,1004.4,301
3,2023-10-29,1009.8,1012.1,1008.4,71
3,2023-10-30,1011.2,1012.6,1009.4,106
3,2023-10-31,1012.2,1013.9,1010.8,198
3,2023-11-01,1011.5,1012.9,1010.1,226
3,2023-11-02,1010.1,1011.7,1008.6,235
3,2023-11-03,1008.3,1009.8,1007.0,191
3,2023-11-04,1010.4,1012.8,1009.1,115
3,2023-11-05,1010.1,1012.5,1007.1,128
3,2023-11-06,1003.1,1006.3,1000.2,216
3,2023-11-07,1008.3,1011.1,1004.7,282
3,2023-11-08,1010.6,1012.0,1008.9,112
3,2023-11-09,1010.6,1012.6,1009.0,178
3,2023-11-10,1007.3,1010.7,1005.2,313
3,2023-11-11,1011.3,1013.0,1009.9,302
3,2023-11-12,1011.3,1012.3,1010.2,287
3,2023-11-13,1012.9,1015.6,1011.1,299
3,2023-11-14,1014.6,1016.6,1012.5,244
3,2023-11-15,1015.3,1016.8,1014.2,267
3,2023-11-16,1010.9,1016.7,1003.7,195
3,2023-11-17,1003.1,1006.5,1001.7,259
3,2023-11-18,1004.6,1008.7,1000.3,275
3,2023-11-19,1008.2,1009.7,1006.8,250
3,2023-11-20,1010.4,1012.9,1007.8,273
3,2023-11-21,1011.3,1013.0,1009.4,203
3,2023-11-22,1008.4,1010.9,1006.0,178
3,2023-11-23,1004.8,1006.3,1003.3,226
3,2023-11-24,1011.1,1016.4,1005.0,300
3,2023-11-25,1016.9,1019.2,1015.6,56
3,2023-11-26,1012.8,1016.5,1009.8,231
3,2023-11-27,1005.7,1009.3,1003.3,249
3,2023-11-28,1008.2,1012.0,1004.1,271
3,2023-11-29,1012.3,1013.9,1011.0,253
3,2023-11-30,1012.2,1013.4,1011.2,294
3,2023-12-01,1012.0,1013.2,1010.9,279
3,2023-12-02,1014.5,1016.7,1013.0,271
3,2023-12-03,1013.9,1014.8,1012.9,272
3,2023-12-04,1011.5,1014.1,1008.6,227
3,2023-12-05,1005.9,1008.9,1003.1,112
3,2023-12-06,1003.2,1005.7,998.9,216
3,2023-12-07,1005.7,1009.9,999.6,270
3,2023-12-08,1009.7,1011.8,1008.0,207
3,2023-12-09,1010.2,1011.5,1009.2,190
3,2023-12-10,1011.3,1013.3,1009.8,121
3,2023-12-11,1005.1,1010.7,998.9,131
3,2023-12-12,1003.4,1011.3,998.2,342
3,2023-12-13,1014.9,1017.1,1011.8,72
3,2023-12-14,1013.2,1016.3,1008.8,117
3,2023-12-15,1003.7,1008.4,1000.7,222
3,2023-12-16,1006.8,1011.8,1003.3,267
3,2023-12-17,1017.3,1020.6,1012.1,300
3,2023-12-18,1019.7,1021.7,1018.1,285
3,2023-12-19,1014.7,1018.3,1012.2,293
3,2023-12-20,1011.7,1012.5,1010.2,268
3,2023-12-21,1014.4,1017.7,1012.2,281
3,2023-12-22,1020.0,1023.9,1017.4,276
3,2023-12-23,1023.2,1024.7,1022.1,265
3,2023-12-24,1018.8,1023.1,1015.4,242
3,2023-12-25,1017.1,1019.0,1015.3,276
3,2023-12-26,1018.7,1020.0,1017.9,251
3,2023-12-27,1018.3,1020.0,1017.3,237
3,2023-12-28,1016.1,1017.6,1014.4,260
3,2023-12-29,1014.3,1015.9,1012.8,253
3,2023-12-30,1008.7,1013.2,1003.7,203
3,2023-12-31,1003.6,1010.1,1000.0,278
3,2024-01-01,1013.8,1016.1,1010.8,59
3,2024-01-02,1011.0,1013.8,1008.6,248
3,2024-01-03,1006.2,1008.4,1004.0,291
3,2024-01-04,1011.0,1012.9,1008.1,274
3,2024-01-05,1012.3,1014.7,1010.4,226
3,2024-01-06,1008.5,1010.1,1006.1,285
3,2024-01-07,1010.8,1013.5,1008.6,282
3,2024-01-08,1014.1,1016.3,1012.7,264
3,2024-01-09,1010.4,1013.7,1006.3,247
3,2024-01-10,1003.3,1005.5,1002.2,286
3,2024-01-11,1006.3,1008.3,1004.4,247
3,2024-01-12,1006.8,1007.7,1005.9,257
3,2024-01-13,1010.9,1015.0,1007.1,303
3,2024-01-14,1012.5,1015.0,1009.0,218
3,2024-01-15,1009.9,1014.4,1005.8,302
3,2024-01-16,1017.9,1020.7,1014.4,43
3,2024-01-17,1016.8,1019.7,1013.8,200
3,2024-01-18,1010.9,1013.8,1008.8,202
3,2024-01-19,1011.9,1013.6,1010.4,64
3,2024-01-20,1008.4,1012.7,1003.4,53
3,2024-01-21,1007.5,1011.6,1003.4,7
3,2024-01-22,1010.6,1012.3,1009.1,275
3,2024-01-23,1010.2,1012.0,1008.7,277
3,2024-01-24,1010.6,1012.4,1009.3,284
3,2024-01-25,1013.9,1015.6,1012.2,279
3,2024-01-26,1015.2,1016.5,1013.8,277
3,2024-01-27,1014.3,1016.4,1012.5,257
3,2024-01-28,1014.2,1018.3,1011.6,282
3,2024-01-29,1018.4,1019.9,1017.7,239
3,2024-01-30,1017.9,1019.4,1015.8,123
3,2024-01-31,1011.3,1015.2,1008.0,53
3,2024-02-01,1010.1,1011.2,1008.9,39
3,2024-02-02,1013.1,1016.3,1010.5,55
3,2024-02-03,1014.5,1017.2,1012.0,60
3,2024-02-04,1011.6,1013.2,1010.0,56
3,2024-02-05,1003.5,1009.1,998.5,338
3,2024-02-06,1011.1,1013.8,1009.8,11
3,2024-02-07,1008.7,1010.1,1007.4,306
3,2024-02-08,1007.6,1009.0,1005.9,77
3,2024-02-09,1008.8,1010.5,1007.4,256
3,2024-02-10,1011.7,1013.5,1010.0,274
3,2024-02-11,1012.6,1013.9,1011.2,265
3,2024-02-12,1018.2,1020.5,1014.2,264
3,2024-02-13,1019.2,1021.1,1017.8,211
3,2024-02-14,1014.7,1017.9,1011.4,161
3,2024-02-15,1006.4,1011.1,1002.2,256
3,2024-02-16,1010.5,1012.1,1008.7,33
3,2024-02-17,1011.1,1012.6,1009.1,95
3,2024-02-18,1011.8,1013.9,1009.5,167
3,2024-02-19,1004.9,1008.6,1001.2,200
3,2024-02-20,1007.8,1009.0,1006.3,319
3,2024-02-21,1005.1,1007.9,1003.0,319
3,2024-02-22,1008.0,1011.3,1003.8,28
3,2024-02-23,1012.8,1016.5,1010.3,41
3,2024-02-24,1013.7,1016.4,1010.8,60
3,2024-02-25,1007.3,1009.7,1004.9,11
3,2024-02-26,1011.8,1014.9,1009.7,16
3,2024-02-27,1016.1,1017.5,1015.1,41
3,2024-02-28,1016.3,1017.9,1014.2,73
3,2024-02-29,1006.8,1013.9,1000.4,23
3,2024-03-01,1006.4,1009.5,1003.5,298
3,2024-03-02,1010.3,1012.0,1008.4,294
3,2024-03-03,1010.6,1011.6,1009.0,244
3,2024-03-04,1010.9,1013.5,1008.3,175
3,2024-03-05,999.0,1007.4,993.3,52
3,2024-03-06,999.1,1004.3,995.7,31
3,2024-03-07,1004.4,1006.5,1001.9,17
3,2024-03-08,1004.4,1006.6,1002.5,291
3,2024-03-09,1010.3,1014.5,1007.0,305
3,2024-03-10,1016.7,1018.8,1014.7,45
3,2024-03-11,1012.0,1017.7,1005.5,218
3,2024-03-12,1001.0,1004.9,998.7,313
3,2024-03-13,1009.3,1011.7,1005.6,277
3,2024-03-14,1010.9,1012.3,1009.5,270
3,2024-03-15,1012.9,1014.5,1011.5,264
3,2024-03-16,1011.2,1013.8,1008.5,235
3,2024-03-17,1003.8,1009.0,999.7,275
3,2024-03-18,1008.6,1011.0,1004.5,42
3,2024-03-19,1007.2,1009.8,1004.2,255
3,2024-03-20,1006.3,1008.1,1004.3,291
3,2024-03-21,1007.2,1009.0,1005.8,289
3,2024-03-22,1008.2,1010.7,1005.5,183
3,2024-03-23,1005.1,1006.6,1003.0,223
3,2024-03-24,1004.4,1005.5,1003.3,49
3,2024-03-25,1001.6,1004.3,998.6,4
3,2024-03-26,1001.1,1010.8,993.0,316
3,2024-03-27,1012.1,1014.2,1010.5,60
3,2024-03-28,1002.5,1010.3,993.2,160
3,2024-03-29,999.8,1003.0,996.1,238
3,2024-03-30,1003.4,1006.1,1000.9,229
3,2024-03-31,1000.7,1003.5,998.2,240
3,2024-04-01,1003.2,1006.6,998.8,283
3,2024-04-02,1005.1,1007.5,1002.5,137
3,2024-04-03,995.2,1002.4,990.7,227
3,2024-04-04,1001.2,1006.4,995.7,13
3,2024-04-05,1006.2,1008.3,1004.9,74
3,2024-04-06,1007.0,1008.3,1005.7,111
3,2024-04-07,1005.6,1006.7,1004.2,140
3,2024-04-08,1003.2,1005.5,1000.6,35
3,2024-04-09,1006.9,1013.3,1001.7,25
3,2024-04-10,1013.4,1015.3,1011.6,61
3,2024-04-11,1012.0,1014.6,1009.5,115
3,2024-04-12,1007.3,1010.8,1004.6,69
3,2024-04-13,1006.5,1008.1,1005.2,64
3,2024-04-14,1008.3,1009.9,1006.3,131
3,2024-04-15,1003.6,1007.4,1001.0,140
3,2024-04-16,1001.9,1003.5,1000.3,236
3,2024-04-17,1000.3,1002.2,998.1,52
3,2024-04-18,997.0,1000.8,995.4,344
3,2024-04-19,1002.7,1004.3,1001.3,178
3,2024-04-20,1001.7,1003.9,999.5,148
3,2024-04-21,998.8,999.9,997.7,230
3,2024-04-22,1000.0,1001.8,998.5,312
3,2024-04-23,998.4,1001.7,995.5,79
3,2024-04-24,997.1,1000.1,995.7,276
3,2024-04-25,1000.5,1002.0,998.5,267
3,2024-04-26,1000.5,1001.6,999.1,162
3,2024-04-27,999.9,1002.3,998.9,79
3,2024-04-28,1003.1,1004.5,1002.3,199
3,2024-04-29,997.2,1002.4,993.8,104
3,2024-04-30,994.4,998.3,992.6,302
3,2024-05-01,997.9,1003.8,995.2,46
3,2024-05-02,1005.6,1007.4,1003.7,68
3,2024-05-03,1006.9,1008.3,1004.6,120
3,2024-05-04,1007.5,1008.4,1006.1,142
3,2024-05-05,1006.0,1008.1,1003.8,144
3,2024-05-06,1000.6,1002.6,999.3,189
3,2024-05-07,1000.9,1002.6,999.4,263
3,2024-05-08,1003.0,1006.1,1001.5,22
3,2024-05-09,1007.4,1010.0,1005.9,7
3,2024-05-10,1009.5,1010.9,1008.0,216
3,2024-05-11,1007.6,1010.9,1004.9,192
3,2024-05-12,999.9,1004.7,996.2,181
3,2024-05-13,1000.6,1004.6,998.1,37
3,2024-05-14,1004.8,1005.9,1003.3,86
3,2024-05-15,1002.1,1005.3,998.5,221
3,2024-05-16,1000.8,1003.8,998.3,260
3,2024-05-17,1006.8,1008.7,1004.1,251
3,2024-05-18,1007.2,1009.1,1005.1,58
3,2024-05-19,1004.6,1006.3,1002.4,99
3,2024-05-20,1004.3,1006.5,1002.7,260
3,2024-05-21,1006.6,1008.0,1005.5,82
3,2024-05-22,1005.6,1007.5,1003.7,141
3,2024-05-23,1000.9,1004.0,998.3,135
3,2024-05-24,1000.9,1003.6,999.7,302
3,2024-05-25,1004.1,1005.5,1003.1,81
3,2024-05-26,1001.0,1004.7,996.7,176
3,2024-05-27,994.1,994.9,993.3,234
3,2024-05-28,991.8,998.0,989.1,352
3,2024-05-29,1001.7,1003.6,998.4,76
3,2024-05-30,1001.4,1003.0,999.8,156
3,2024-05-31,999.6,1001.0,998.3,286
3,2024-06-01,999.7,1001.1,998.0,258
3,2024-06-02,998.8,999.8,997.4,336
3,2024-06-03,999.4,1001.6,998.2,40
3,2024-06-04,1003.2,1006.7,1001.6,62
3,2024-06-05,1007.1,1008.8,1005.8,73
3,2024-06-06,1007.0,1008.6,1005.5,149
3,2024-06-07,1004.3,1006.3,1002.8,139
3,2024-06-08,1001.4,1004.5,998.9,129
3,2024-06-09,996.5,998.5,995.2,78
3,2024-06-10,998.8,1000.4,997.8,290
3,2024-06-11,998.7,1000.6,996.3,110
3,2024-06-12,996.2,998.1,994.0,167
3,2024-06-13,994.4,996.8,992.9,82
3,2024-06-14,996.3,998.3,994.7,132
3,2024-06-15,994.0,996.1,991.9,144
3,2024-06-16,996.4,1000.3,994.2,251
3,2024-06-17,998.5,1000.3,995.8,71
3,2024-06-18,995.3,998.8,993.2,11
3,2024-06-19,999.8,1000.7,999.0,236
3,2024-06-20,997.5,1000.1,992.7,122
3,2024-06-21,993.0,997.3,989.2,253
3,2024-06-22,994.4,996.8,992.1,213
3,2024-06-23,992.4,995.1,991.1,234
3,2024-06-24,996.8,999.5,995.0,230
3,2024-06-25,1001.3,1004.9,999.2,244
3,2024-06-26,1005.5,1006.6,1004.2,254
3,2024-06-27,1003.8,1006.3,1000.1,152
3,2024-06-28,998.4,999.9,996.7,240
3,2024-06-29,1000.2,1001.3,999.2,205
3,2024-06-30,996.6,999.2,995.2,212
3,2024-07-01,996.5,998.9,995.5,233
3,2024-07-02,1000.6,1003.8,998.6,223
3,2024-07-03,1003.9,1005.2,1002.4,225
3,2024-07-04,1002.1,1004.1,1000.4,240
3,2024-07-05,999.4,1001.1,998.0,233
3,2024-07-06,1000.6,1001.9,999.6,228
3,2024-07-07,1000.6,1001.5,1000.0,235
3,2024-07-08,999.2,1000.5,997.9,226
3,2024-07-09,999.1,1000.1,997.4,229
3,2024-07-10,996.1,999.3,994.2,219
3,2024-07-11,993.1,994.3,991.5,247
3,2024-07-12,993.3,995.7,991.1,253
3,2024-07-13,997.2,1001.1,994.7,204
3,2024-07-14,1001.8,1004.8,1000.8,186
3,2024-07-15,1003.7,1005.2,1002.2,197
3,2024-07-16,1004.7,1005.8,1004.0,221
3,2024-07-17,1003.7,1005.3,1001.8,234
3,2024-07-18,1000.4,1002.4,998.8,214
3,2024-07-19,1000.0,1001.2,999.0,222
3,2024-07-20,1002.3,1003.3,1001.2,235
3,2024-07-21,1002.1,1003.4,1000.8,240
3,2024-07-22,1001.3,1002.9,999.7,223
3,2024-07-23,999.3,1000.5,997.8,216
3,2024-07-24,998.1,999.1,996.5,210
3,2024-07-25,998.6,1001.1,997.2,126
3,2024-07-26,1003.1,1007.5,1001.0,141
3,2024-07-27,1007.9,1010.1,1006.7,191
3,2024-07-28,1006.6,1009.9,1004.2,262
3,2024-07-29,1002.3,1005.2,999.8,263
3,2024-07-30,999.3,1000.6,997.5,276
3,2024-07-31,998.8,1000.4,997.1,278
3,2024-08-01,997.6,999.4,995.6,275
3,2024-08-02,996.9,998.5,995.1,268
3,2024-08-03,998.3,999.4,996.5,299
3,2024-08-04,998.6,999.4,997.4,61
3,2024-08-05,997.6,998.7,996.1,94
3,2024-08-06,997.2,998.4,995.8,17
3,2024-08-07,995.9,997.5,993.7,349
3,2024-08-08,994.8,995.9,993.0,3
3,2024-08-09,994.3,995.2,993.2,326
3,2024-08-10,993.3,994.3,991.4,69
3,2024-08-11,992.5,993.6,990.5,31
3,2024-08-12,993.5,995.9,992.2,77
3,2024-08-13,996.4,997.9,995.1,95
3,2024-08-14,997.3,998.5,995.7,102
3,2024-08-15,997.0,998.2,995.4,83
3,2024-08-16,997.5,999.4,996.0,297
3,2024-08-17,999.1,1000.3,997.7,62
3,2024-08-18,999.5,1000.6,997.8,108
3,2024-08-19,999.7,1002.0,998.1,137
3,2024-08-20,1002.4,1004.3,1001.2,175
3,2024-08-21,1002.5,1004.6,1000.6,216
3,2024-08-22,1000.7,1002.3,998.8,210
3,2024-08-23,1000.9,1001.9,999.8,221
3,2024-08-24,1001.6,1003.2,1000.2,209
3,2024-08-25,1000.2,1001.8,998.4,129
3,2024-08-26,997.2,998.9,995.4,97
3,2024-08-27,994.9,995.9,993.3,101
3,2024-08-28,994.5,996.0,992.2,64
3,2024-08-29,983.1,991.6,978.6,61
3,2024-08-30,986.9,992.6,982.3,292
3,2024-08-31,995.4,998.0,992.7,312
3,2024-09-01,997.4,998.7,995.9,17
3,2024-09-02,999.2,1000.9,998.0,327
3,2024-09-03,1000.3,1001.9,998.7,78
3,2024-09-04,999.2,1000.5,997.7,78
3,2024-09-05,998.9,1000.3,997.2,95
3,2024-09-06,1001.6,1004.0,1000.2,89
3,2024-09-07,1004.2,1005.4,1002.9,75
3,2024-09-08,1003.5,1005.2,1001.4,83
3,2024-09-09,1002.2,1003.4,1000.5,77
3,2024-09-10,1003.3,1005.5,1002.0,76
3,2024-09-11,1006.3,1007.5,1005.1,109
3,2024-09-12,1005.1,1007.1,1002.8,95
3,2024-09-13,1000.0,1003.2,997.5,91
3,2024-09-14,996.5,997.7,994.5,87
3,2024-09-15,998.5,1001.9,996.0,90
3,2024-09-16,1004.2,1006.3,1002.0,79
3,2024-09-17,1004.9,1006.3,1002.7,85
3,2024-09-18,1004.8,1006.1,1003.6,116
3,2024-09-19,1005.2,1006.4,1004.0,120
3,2024-09-20,1003.7,1006.2,1001.9,173
3,2024-09-21,999.4,1002.5,996.0,213
3,2024-09-22,997.5,1001.2,995.1,268
3,2024-09-23,1003.6,1005.5,1001.6,67
3,2024-09-24,1003.4,1004.7,1001.4,97
3,2024-09-25,1003.0,1003.7,1002.0,77
3,2024-09-26,1001.9,1003.1,1000.4,77
3,2024-09-27,1000.8,1002.4,999.5,94
3,2024-09-28,1003.6,1006.6,1001.7,76
3,2024-09-29,1006.5,1008.2,1004.6,71
3,2024-09-30,1004.6,1006.9,1002.6,85
3,2024-10-01,1001.0,1003.0,999.2,259
3,2024-10-02,1002.6,1005.2,1000.3,47
3,2024-10-03,1004.4,1007.1,1003.0,61
3,2024-10-04,1009.7,1012.4,1007.1,63
3,2024-10-05,1009.3,1010.4,1007.6,78
3,2024-10-06,1007.2,1008.9,1005.4,146
3,2024-10-07,1004.2,1006.1,1002.3,319
3,2024-10-08,1002.3,1003.4,1001.3,334
3,2024-10-09,1002.8,1004.2,1001.4,59
3,2024-10-10,1002.3,1004.2,1000.9,82
3,2024-10-11,1006.1,1009.2,1004.2,88
3,2024-10-12,1010.6,1012.1,1009.1,91
3,2024-10-13,1011.4,1012.8,1009.6,86
3,2024-10-14,1009.6,1011.0,1008.2,83
3,2024-10-15,1008.0,1009.6,1006.3,172
3,2024-10-16,1009.3,1010.5,1008.1,78
3,2024-10-17,1010.0,1011.3,1009.0,95
3,2024-10-18,1007.0,1009.3,1004.7,157
3,2024-10-19,1005.2,1011.1,1003.7,264
3,2024-10-20,1014.0,1015.9,1011.4,63
3,2024-10-21,1012.2,1014.8,1009.9,53
3,2024-10-22,1005.9,1009.6,1003.0,103
3,2024-10-23,1004.7,1007.5,1001.7,291
3,2024-10-24,1007.8,1010.2,1006.4,90
3,2024-10-25,1011.2,1012.7,1010.2,73
3,2024-10-26,1008.6,1011.0,1006.9,97
3,2024-10-27,1002.7,1006.5,1000.1,287
3,2024-10-28,1001.4,1004.0,999.6,57
3,2024-10-29,1004.8,1006.6,1003.6,68
3,2024-10-30,1008.8,1010.9,1006.5,77
3,2024-10-31,1010.9,1012.1,1010.1,88
3,2024-11-01,1007.2,1011.2,1001.6,83
3,2024-11-02,1000.0,1008.0,993.6,320
3,2024-11-03,1009.6,1011.0,1008.4,64
3,2024-11-04,1009.3,1010.7,1008.0,269
3,2024-11-05,1006.8,1008.5,1004.6,267
3,2024-11-06,1010.4,1014.8,1007.2,312
3,2024-11-07,1015.9,1017.5,1014.2,76
3,2024-11-08,1016.1,1017.7,1013.9,77
3,2024-11-09,1013.7,1015.0,1012.0,80
3,2024-11-10,1010.2,1013.1,1008.1,87
3,2024-11-11,1007.2,1008.8,1005.8,63
3,2024-11-12,1006.9,1008.4,1005.6,302
3,2024-11-13,1009.2,1010.9,1008.1,82
3,2024-11-14,1009.2,1011.0,1006.9,141
3,2024-11-15,1007.0,1008.1,1005.6,77
3,2024-11-16,1005.5,1006.9,1003.8,85
3,2024-11-17,1005.5,1008.6,1003.5,285
3,2024-11-18,1012.9,1017.0,1008.9,353
3,2024-11-19,1016.2,1018.3,1014.3,62
3,2024-11-20,1011.6,1014.2,1009.5,118
3,2024-11-21,1008.7,1010.0,1007.3,302
3,2024-11-22,1008.9,1011.0,1007.3,288
3,2024-11-23,1013.1,1015.4,1010.9,51
3,2024-11-24,1017.1,1018.6,1015.7,80
3,2024-11-25,1015.7,1018.5,1011.2,87
3,2024-11-26,1004.3,1010.1,1001.4,228
3,2024-11-27,1003.8,1005.3,1001.4,254
3,2024-11-28,1003.3,1005.6,1001.3,252
3,2024-11-29,1001.6,1003.6,1000.4,272
3,2024-11-30,1004.8,1007.5,1003.2,277
3,2024-12-01,1006.9,1008.7,1005.7,213
3,2024-12-02,1007.3,1008.5,1006.0,228
3,2024-12-03,1008.4,1009.4,1007.1,272
3,2024-12-04,1008.8,1010.5,1007.3,314
3,2024-12-05,1006.6,1007.7,1005.7,268
3,2024-12-06,1008.1,1010.0,1007.0,265
3,2024-12-07,1010.9,1013.0,1009.6,287
3,2024-12-08,1010.9,1012.8,1009.1,302
3,2024-12-09,1012.1,1014.3,1010.5,265
3,2024-12-10,1010.4,1012.2,1008.9,277
3,2024-12-11,1008.3,1010.0,1006.4,261
3,2024-12-12,1009.2,1010.8,1007.7,276
3,2024-12-13,1007.7,1009.9,1005.6,262
3,2024-12-14,1010.4,1013.0,1007.8,278
3,2024-12-15,1010.4,1011.8,1009.0,262
3,2024-12-16,1010.4,1011.6,1008.7,272
3,2024-12-17,1011.9,1013.3,1010.9,284
3,2024-12-18,1010.5,1011.8,1008.4,286
3,2024-12-19,1013.3,1015.7,1010.4,8
3,2024-12-20,1012.2,1014.9,1009.3,195
3,2024-12-21,1006.3,1009.2,1003.5,266
3,2024-12-22,1010.5,1014.0,1006.8,289
3,2024-12-23,1013.6,1015.4,1012.1,267
3,2024-12-24,1014.8,1017.8,1013.2,275
3,2024-12-25,1015.3,1017.5,1013.2,223
3,2024-12-26,1011.2,1013.1,1008.6,272
3,2024-12-27,1012.4,1014.5,1011.1,275
3,2024-12-28,1010.3,1012.0,1008.8,280
3,2024-12-29,1014.6,1016.5,1012.0,277
3,2024-12-30,1011.9,1015.6,1007.3,210
3,2024-12-31,1006.4,1010.0,1003.4,287
3,2025-01-01,1011.0,1013.0,1009.7,268
3,2025-01-02,1011.1,1012.8,1009.5,269
3,2025-01-03,1012.0,1014.6,1009.6,292
3,2025-01-04,1014.6,1015.9,1013.5,266
3,2025-01-05,1012.7,1015.6,1008.9,213
3,2025-01-06,1004.6,1008.6,1001.1,276
3,2025-01-07,1006.6,1008.7,1004.7,281
3,2025-01-08,1009.0,1011.2,1007.7,274
3,2025-01-09,1009.5,1012.0,1007.3,287
3,2025-01-10,1016.2,1018.7,1012.3,291
3,2025-01-11,1016.5,1018.9,1014.3,271
3,2025-01-12,1011.6,1013.8,1009.7,264
3,2025-01-13,1014.5,1016.3,1012.9,259
3,2025-01-14,1014.7,1017.2,1012.2,222
3,2025-01-15,1012.8,1015.3,1010.4,294
3,2025-01-16,1013.4,1015.1,1011.9,267
3,2025-01-17,1013.3,1014.7,1012.1,287
3,2025-01-18,1012.8,1015.3,1010.3,131
3,2025-01-19,1007.1,1010.6,1004.3,233
3,2025-01-20,1004.6,1006.5,1002.8,269
3,2025-01-21,1008.8,1011.7,1006.6,288
3,2025-01-22,1012.8,1014.9,1011.8,266
3,2025-01-23,1012.0,1013.8,1009.5,310
3,2025-01-24,1011.4,1012.8,1009.6,86
3,2025-01-25,1012.5,1014.2,1010.9,55
3,2025-01-26,1011.3,1013.8,1007.2,77
3,2025-01-27,1004.5,1006.4,1001.6,257
3,2025-01-28,1006.8,1009.0,1005.3,261
3,2025-01-29,1011.5,1014.3,1009.3,273
3,2025-01-30,1016.1,1018.1,1014.3,282
3,2025-01-31,1015.8,1017.3,1014.2,91
3,2025-02-01,1007.2,1014.3,1001.0,72
3,2025-02-02,1003.3,1005.1,1001.9,26
3,2025-02-03,1003.9,1006.0,1002.2,283
3,2025-02-04,1004.2,1005.7,1001.9,288
3,2025-02-05,1004.7,1006.3,1003.9,279
3,2025-02-06,1009.3,1011.7,1006.8,284
3,2025-02-07,1006.8,1009.8,1002.6,271
3,2025-02-08,1012.1,1014.5,1010.1,292
3,2025-02-09,1013.5,1015.2,1011.9,267
3,2025-02-10,1014.3,1015.9,1013.1,271
3,2025-02-11,1016.8,1019.8,1015.5,333
3,2025-02-12,1006.2,1014.7,1000.5,216
3,2025-02-13,1009.7,1012.5,1004.5,304
3,2025-02-14,1010.9,1012.7,1008.6,282
3,2025-02-15,1007.8,1010.4,1005.8,246
3,2025-02-16,1004.9,1007.4,1002.6,271
3,2025-02-17,1008.6,1011.1,1005.4,289
3,2025-02-18,1011.1,1013.2,1009.6,287
3,2025-02-19,1013.7,1015.6,1012.2,283
3,2025-02-20,1015.4,1016.9,1014.0,285
3,2025-02-21,1015.9,1017.9,1014.2,288
3,2025-02-22,1018.2,1019.6,1017.0,288
3,2025-02-23,1016.7,1019.1,1014.1,274
3,2025-02-24,1017.9,1020.4,1016.0,285
3,2025-02-25,1017.4,1020.1,1014.7,246
3,2025-02-26,1013.6,1015.4,1011.9,260
3,2025-02-27,1012.6,1014.9,1009.9,192
3,2025-02-28,1009.6,1010.8,1008.2,290
3,2025-03-01,1009.1,1011.6,1006.1,196
3,2025-03-02,1005.1,1007.7,1000.9,225
3,2025-03-03,1002.8,1008.2,995.8,51
3,2025-03-04,1002.9,1007.4,998.1,41
3,2025-03-05,1006.1,1009.7,1002.4,14
3,2025-03-06,1011.2,1014.9,1009.1,4
3,2025-03-07,1015.5,1017.2,1014.0,52
3,2025-03-08,1014.5,1015.9,1013.1,327
3,2025-03-09,1017.3,1019.1,1016.2,78
3,2025-03-10,1015.9,1018.2,1013.5,183
3,2025-03-11,1009.0,1012.9,1006.9,79
3,2025-03-12,1005.9,1008.2,1004.5,245
3,2025-03-13,1008.4,1011.0,1006.1,66
3,2025-03-14,1012.0,1013.9,1010.0,80
3,2025-03-15,1007.3,1011.5,1002.4,60
3,2025-03-16,998.8,1001.7,997.4,302
3,2025-03-17,1004.6,1007.8,1001.8,281
3,2025-03-18,1004.8,1007.9,1002.2,253
3,2025-03-19,1011.3,1013.8,1007.5,283
3,2025-03-20,1011.5,1013.6,1009.1,261
3,2025-03-21,1007.5,1010.0,1004.6,234
3,2025-03-22,1004.2,1005.7,1002.3,235
3,2025-03-23,1003.7,1005.3,1002.1,233
3,2025-03-24,999.9,1003.1,997.3,210
3,2025-03-25,996.1,998.3,993.9,229
3,2025-03-26,998.1,999.7,996.4,235
3,2025-03-27,993.7,998.5,989.9,208
3,2025-03-28,998.3,1005.3,992.3,289
3,2025-03-29,1008.7,1012.3,1005.7,299
3,2025-03-30,1015.3,1017.2,1012.7,336
3,2025-03-31,1014.9,1017.0,1012.2,57
3,2025-04-01,1009.8,1012.9,1007.2,66
3,2025-04-02,1005.8,1007.9,1003.6,336
3,2025-04-03,1007.4,1009.6,1006.0,328
3,2025-04-04,1008.9,1010.1,1007.0,67
3,2025-04-05,1005.6,1009.0,1002.8,206
3,2025-04-06,1004.8,1008.0,1003.1,274
3,2025-04-07,1008.6,1010.1,1007.4,265
3,2025-04-08,1005.8,1008.8,1003.2,236
3,2025-04-09,1002.3,1004.4,1000.3,237
3,2025-04-10,997.8,1001.0,996.1,220
3,2025-04-11,999.0,1002.2,996.5,303
3,2025-04-12,1000.2,1002.8,994.3,159
3,2025-04-13,993.4,997.0,986.5,253
3,2025-04-14,991.9,997.4,988.6,230
3,2025-04-15,995.2,1000.3,990.3,275
3,2025-04-16,1002.1,1004.3,1000.5,235
3,2025-04-17,1003.1,1005.0,1001.4,211
3,2025-04-18,1003.4,1004.9,1002.0,222
3,2025-04-19,1002.9,1005.0,1000.6,236
3,2025-04-20,1001.9,1004.4,1000.6,101
3,2025-04-21,1004.7,1006.1,1002.8,72
3,2025-04-22,998.1,1004.3,992.4,147
3,2025-04-23,993.9,996.8,991.7,304
3,2025-04-24,998.0,999.6,996.9,284
3,2025-04-25,1002.7,1006.2,999.2,299
3,2025-04-26,1007.9,1009.7,1005.8,306
3,2025-04-27,1006.7,1009.8,1004.0,255
3,2025-04-28,998.6,1004.1,994.9,316
3,2025-04-29,1001.9,1005.8,997.9,310
3,2025-04-30,1006.2,1007.3,1005.1,271
3,2025-05-01,1002.7,1006.7,997.1,175
3,2025-05-02,999.1,1001.7,996.9,279
3,2025-05-03,998.7,1001.4,995.7,230
3,2025-05-04,1001.8,1004.9,997.9,312
3,2025-05-05,1001.5,1005.4,997.5,135
3,2025-05-06,993.6,998.2,991.5,304
3,2025-05-07,1001.8,1005.8,998.5,18
3,2025-05-08,1006.8,1008.3,1005.0,122
3,2025-05-09,999.9,1008.1,994.0,152
3,2025-05-10,995.5,998.6,994.0,247
3,2025-05-11,998.6,999.8,997.0,247
3,2025-05-12,1001.8,1005.1,999.6,266
3,2025-05-13,1006.9,1008.2,1004.9,256
3,2025-05-14,1008.2,1010.0,1006.6,260
3,2025-05-15,1008.2,1009.3,1007.2,215
3,2025-05-16,1005.4,1008.9,999.7,143
3,2025-05-17,998.0,999.8,996.3,223
3,2025-05-18,1000.0,1001.7,999.2,259
3,2025-05-19,1000.9,1001.9,999.6,234
3,2025-05-20,1001.9,1003.1,1000.8,222
3,2025-05-21,997.5,1001.9,992.1,132
3,2025-05-22,994.6,999.0,990.7,338
3,2025-05-23,999.2,1000.1,998.4,62
3,2025-05-24,993.0,998.8,987.9,322
3,2025-05-25,1001.9,1007.2,996.6,316
3,2025-05-26,1007.5,1008.5,1006.3,87
3,2025-05-27,1007.9,1009.4,1006.3,51
3,2025-05-28,1007.2,1008.5,1005.8,84
3,2025-05-29,1003.7,1006.8,1001.2,85
3,2025-05-30,1000.1,1001.2,998.5,35
3,2025-05-31,999.7,1001.3,998.1,311
3,2025-06-01,999.7,1001.2,998.1,291
3,2025-06-02,995.0,998.6,989.3,112
3,2025-06-03,988.0,993.3,984.8,289
3,2025-06-04,996.2,998.9,993.2,256
3,2025-06-05,1001.3,1002.7,999.3,265
3,2025-06-06,1001.6,1002.7,1000.2,242
3,2025-06-07,1000.6,1001.4,999.3,271
3,2025-06-08,999.5,1001.0,998.0,112
3,2025-06-09,997.8,999.7,996.2,119
3,2025-06-10,997.2,999.6,995.6,246
3,2025-06-11,1001.4,1004.1,997.7,282
3,2025-06-12,1005.2,1006.6,1003.8,62
3,2025-06-13,1004.8,1006.4,1002.9,226
3,2025-06-14,996.1,1002.1,991.7,211
3,2025-06-15,993.9,995.0,993.0,233
3,2025-06-16,994.2,997.4,992.6,229
3,2025-06-17,999.4,1001.9,997.5,232
3,2025-06-18,1003.2,1004.9,1001.8,226
3,2025-06-19,1004.8,1006.4,1003.4,279
3,2025-06-20,1002.9,1005.1,1000.9,210
3,2025-06-21,1000.0,1002.8,997.9,204
3,2025-06-22,997.9,998.8,997.0,223
3,2025-06-23,998.0,999.0,997.1,236
3,2025-06-24,999.7,1001.1,998.7,135
3,2025-06-25,1000.5,1001.3,999.8,202
3,2025-06-26,1000.5,1001.5,999.4,252
3,2025-06-27,999.7,1000.8,998.3,265
3,2025-06-28,999.2,1000.6,997.4,292
3,2025-06-29,999.7,1001.2,998.5,230
3,2025-06-30,1002.3,1003.8,1001.1,252
3,2025-07-01,1004.5,1005.6,1003.0,291
3,2025-07-02,1004.1,1005.7,1002.2,311
3,2025-07-03,1002.3,1003.8,1000.5,264
3,2025-07-04,1000.2,1001.7,998.8,257
3,2025-07-05,998.2,999.4,996.2,263
3,2025-07-06,997.0,998.1,994.8,260
3,2025-07-07,996.3,997.5,994.2,327
3,2025-07-08,997.0,998.6,996.0,94
3,2025-07-09,998.2,999.9,997.0,101
3,2025-07-10,998.5,999.7,997.3,69
3,2025-07-11,999.2,1000.8,998.2,77
3,2025-07-12,998.1,1000.2,996.2,79
3,2025-07-13,992.6,996.2,988.3,135
3,2025-07-14,984.3,987.2,982.3,272
3,2025-07-15,989.4,994.4,986.2,216
3,2025-07-16,996.9,998.7,994.6,185
3,2025-07-17,999.3,1000.7,997.8,182
3,2025-07-18,1000.9,1002.4,999.1,143
3,2025-07-19,1002.9,1004.4,1002.0,142
3,2025-07-20,1004.2,1006.2,1003.0,138
3,2025-07-21,1005.9,1006.7,1004.8,159
3,2025-07-22,1004.8,1006.4,1002.5,113
3,2025-07-23,1002.9,1004.9,1000.5,114
3,2025-07-24,1001.1,1002.9,998.9,109
3,2025-07-25,999.3,1000.8,998.0,89
3,2025-07-26,997.7,999.8,996.0,83
3,2025-07-27,996.1,997.6,995.3,93
3,2025-07-28,994.2,996.0,991.7,99
3,2025-07-29,991.9,993.2,990.2,118
3,2025-07-30,991.8,993.2,990.6,120
3,2025-07-31,993.2,994.4,991.9,118
3,2025-08-01,992.5,994.0,991.0,62
3,2025-08-02,992.7,993.8,990.5,18
3,2025-08-03,993.9,996.1,992.5,244
3,2025-08-04,996.4,998.4,995.3,209
3,2025-08-05,998.8,1000.0,997.7,233
3,2025-08-06,998.1,999.7,996.1,231
3,2025-08-07,995.1,996.1,994.4,240
3,2025-08-08,996.0,997.7,994.6,245
3,2025-08-09,996.8,998.1,995.4,222
3,2025-08-10,994.2,995.2,992.8,227
3,2025-08-11,996.4,998.7,994.8,220
3,2025-08-12,1002.1,1005.8,998.6,224
3,2025-08-13,1006.2,1007.5,1005.1,262
3,2025-08-14,1006.9,1007.9,1006.3,330
3,2025-08-15,1005.6,1006.9,1004.3,338
3,2025-08-16,1004.4,1005.3,1003.3,328
3,2025-08-17,1005.9,1006.7,1004.8,233
3,2025-08-18,1006.4,1007.6,1004.7,59
3,2025-08-19,1004.5,1006.3,1002.7,218
3,2025-08-20,1002.6,1003.7,1001.5,146
3,2025-08-21,1000.6,1002.4,998.6,116
3,2025-08-22,1000.0,1001.7,999.2,300
3,2025-08-23,1002.2,1003.6,1001.2,263
3,2025-08-24,1003.6,1004.8,1002.4,266
3,2025-08-25,1003.7,1004.5,1002.8,206
3,2025-08-26,1002.7,1004.1,1000.8,230
3,2025-08-27,1002.7,1004.2,1001.5,254
3,2025-08-28,1003.8,1005.3,1002.5,246
3,2025-08-29,1005.5,1006.9,1004.3,231
3,2025-08-30,1005.7,1006.9,1004.0,208
3,2025-08-31,1003.3,1005.3,1001.7,200
3,2025-09-01,1001.3,1002.3,1000.1,203
3,2025-09-02,1001.2,1002.5,999.8,223
3,2025-09-03,1000.9,1002.1,999.2,77
3,2025-09-04,997.9,1000.4,995.2,46
3,2025-09-05,999.4,1002.5,995.7,287
3,2025-09-06,1001.6,1002.3,1000.5,252
3,2025-09-07,1001.0,1001.8,999.8,238
3,2025-09-08,1001.8,1003.0,1000.5,245
3,2025-09-09,1002.0,1003.1,1000.3,232
3,2025-09-10,1001.3,1002.4,1000.1,218
3,2025-09-11,1003.0,1004.4,1002.0,92
3,2025-09-12,1003.7,1004.7,1002.7,171
3,2025-09-13,1001.8,1002.7,1001.2,219
3,2025-09-14,1003.0,1005.1,1001.7,247
3,2025-09-15,1006.1,1007.2,1005.3,239
3,2025-09-16,1005.3,1006.8,1003.5,215
3,2025-09-17,1003.4,1004.6,1002.1,236
3,2025-09-18,1003.7,1005.8,1002.3,273
3,2025-09-19,1005.0,1006.8,1003.3,72
3,2025-09-20,1001.2,1003.3,999.5,231
3,2025-09-21,1003.2,1006.3,1001.4,16
3,2025-09-22,1007.2,1008.5,1006.1,73
3,2025-09-23,1006.9,1008.2,1005.3,67
3,2025-09-24,1006.4,1008.3,1005.5,52
3,2025-09-25,1008.1,1009.3,1006.9,205
3,2025-09-26,1008.3,1009.5,1006.9,266
3,2025-09-27,1006.8,1008.1,1005.6,74
3,2025-09-28,1003.0,1005.2,1001.2,232
3,2025-09-29,1001.3,1002.9,999.9,286
3,2025-09-30,1002.4,1004.0,1000.9,107
3,2025-10-01,1002.6,1005.2,1001.3,287
3,2025-10-02,1006.4,1007.8,1004.9,88
3,2025-10-03,1007.4,1010.0,1005.6,126
3,2025-10-04,1004.6,1006.0,1003.2,228
3,2025-10-05,1003.7,1005.0,1002.1,287
3,2025-10-06,1004.0,1005.3,1002.1,84
3,2025-10-07,1004.3,1006.2,1002.6,51
3,2025-10-08,1002.9,1004.3,1000.9,45
3,2025-10-09,1005.4,1007.3,1003.9,57
3,2025-10-10,1006.3,1007.8,1004.6,71
3,2025-10-11,1002.4,1005.5,999.7,70
3,2025-10-12,1001.4,1003.8,1000.2,358
3,2025-10-13,1004.6,1005.9,1003.5,279
3,2025-10-14,1005.7,1007.3,1004.3,251
3,2025-10-15,1007.4,1008.9,1006.3,58
3,2025-10-16,1007.0,1010.1,1005.5,255
3,2025-10-17,1009.7,1011.9,1007.5,71
3,2025-10-18,1007.3,1008.6,1005.9,238
3,2025-10-19,1008.7,1010.1,1006.9,61
3,2025-10-20,1010.2,1011.6,1008.9,48
3,2025-10-21,1012.3,1013.4,1010.9,68
3,2025-10-22,1012.8,1013.8,1011.8,73
3,2025-10-23,1012.5,1013.6,1010.7,70
3,2025-10-24,1011.4,1012.9,1009.7,70
3,2025-10-25,1007.8,1009.9,1005.7,64
3,2025-10-26,1004.1,1005.4,1001.9,324
3,2025-10-27,1007.4,1010.3,1005.6,287
3,2025-10-28,1013.6,1016.4,1010.7,342
3,2025-10-29,1015.8,1017.5,1014.0,76
3,2025-10-30,1013.1,1015.6,1010.5,92
3,2025-10-31,1005.1,1010.0,1001.6,96
3,2025-11-01,1002.2,1005.6,1000.3,274
3,2025-11-02,1006.6,1009.1,1005.1,263
3,2025-11-03,1013.3,1015.4,1009.4,12
3,2025-11-04,1014.3,1016.3,1012.6,71
3,2025-11-05,1010.5,1012.6,1008.1,70
3,2025-11-06,1009.8,1011.1,1008.6,60
3,2025-11-07,1012.1,1014.3,1010.7,82
3,2025-11-08,1011.2,1014.5,1007.9,133
3,2025-11-09,1003.4,1007.1,1001.6,283
3,2025-11-10,1005.8,1007.9,1004.0,318
3,2025-11-11,1008.8,1011.0,1007.2,96
3,2025-11-12,1009.9,1011.6,1008.1,81
3,2025-11-13,1006.5,1008.3,1004.4,173
3,2025-11-14,1007.1,1009.7,1005.6,214
3,2025-11-15,1013.4,1016.1,1010.3,108
3,2025-11-16,1014.9,1016.4,1013.4,177
3,2025-11-17,1012.0,1013.9,1009.7,291
3,2025-11-18,1012.1,1013.5,1010.5,292
3,2025-11-19,1013.3,1014.6,1012.2,269
3,2025-11-20,1013.2,1014.6,1011.8,255
3,2025-11-21,1012.9,1014.5,1010.9,265
3,2025-11-22,1014.4,1015.9,1013.4,240
3,2025-11-23,1012.9,1015.2,1011.0,265
3,2025-11-24,1008.8,1011.6,1005.6,212
3,2025-11-25,1004.4,1007.6,1002.7,260
3,2025-11-26,1011.6,1013.6,1008.2,273
3,2025-11-27,1007.4,1012.1,1003.7,234
3,2025-11-28,1007.9,1010.0,1006.2,283
3,2025-11-29,1009.0,1010.3,1006.9,217
3,2025-11-30,1008.5,1010.2,1006.8,171
3,2025-12-01,1006.7,1008.4,1005.6,278
3,2025-12-02,1006.0,1007.3,1004.0,323
3,2025-12-03,1009.0,1012.6,1007.1,303
3,2025-12-04,1013.7,1015.3,1013.0,278
3,2025-12-05,1013.2,1014.8,1011.9,295
3,2025-12-06,1012.7,1014.5,1011.2,228
3,2025-12-07,1011.8,1013.4,1010.8,221
3,2025-12-08,1011.7,1013.3,1010.3,298
3,2025-12-09,1013.9,1015.1,1012.4,269
3,2025-12-10,1014.1,1016.4,1012.1,161
3,2025-12-11,1008.6,1011.7,1005.9,222
3,2025-12-12,1015.0,1017.9,1011.0,64
3,2025-12-13,1010.9,1017.4,1002.3,101
3,2025-12-14,1005.3,1009.8,1001.7,285
3,2025-12-15,1012.7,1014.2,1010.3,277
3,2025-12-16,1013.2,1014.4,1011.8,222
3,2025-12-17,1009.8,1012.1,1007.8,233
3,2025-12-18,1013.8,1015.8,1012.0,172
3,2025-12-19,1013.0,1015.1,1011.1,149
3,2025-12-20,1009.9,1011.8,1007.6,192
3,2025-12-21,1009.9,1014.0,1006.7,324
3,2025-12-22,1015.3,1017.0,1014.2,62
3,2025-12-23,1012.6,1016.5,1008.3,151
3,2025-12-24,1002.8,1007.5,999.9,205
3,2025-12-25,1000.9,1005.0,997.9,299
3,2025-12-26,1009.8,1013.4,1005.3,299
3,2025-12-27,1013.4,1015.1,1012.2,283
3,2025-12-28,1013.0,1015.0,1010.8,233
3,2025-12-29,1009.5,1012.2,1007.6,204
3,2025-12-30,1008.8,1010.5,1007.6,306
3,2025-12-31,1010.5,1012.3,1008.6,329
3,2026-01-01,1009.5,1010.4,1008.3,298
3,2026-01-02,1009.0,1010.9,1007.5,286
3,2026-01-03,1012.9,1014.3,1010.7,277
3,2026-01-04,1012.4,1014.6,1009.5,248
3,2026-01-05,1007.2,1009.1,1004.8,272
3,2026-01-06,1009.5,1011.8,1008.2,282
3,2026-01-07,1007.8,1009.1,1006.3,260
3,2026-01-08,1010.8,1013.9,1008.1,293
3,2026-01-09,1012.5,1014.7,1010.5,240
3,2026-01-10,1005.7,1010.1,1002.3,235
3,2026-01-11,1009.1,1012.9,1005.9,286
3,2026-01-12,1010.8,1013.7,1005.6,238
3,2026-01-13,1004.5,1008.9,1001.5,265
3,2026-01-14,1011.7,1013.6,1009.1,260
3,2026-01-15,1008.1,1012.2,1005.6,198
3,2026-01-16,1006.8,1008.9,1005.1,184
3,2026-01-17,1007.1,1009.3,1005.8,221
3,2026-01-18,1007.9,1009.6,1005.7,207
3,2026-01-19,1006.6,1008.1,1004.1,302
3,2026-01-20,1007.4,1008.7,1005.9,343
3,2026-01-21,1009.1,1011.3,1007.9,294
3,2026-01-22,1012.6,1014.0,1011.0,292
3,2026-01-23,1014.2,1016.4,1013.1,267
3,2026-01-24,1011.6,1013.6,1010.5,276
3,2026-01-25,1015.3,1017.5,1013.4,290
3,2026-01-26,1013.6,1016.9,1010.6,270
3,2026-01-27,1010.1,1011.4,1008.8,284
3,2026-01-28,1012.2,1014.7,1010.7,296
3,2026-01-29,1015.6,1017.2,1014.5,283
3,2026-01-30,1015.1,1016.6,1013.3,278
3,2026-01-31,1013.6,1015.0,1011.6,264
4,2021-01-01,1017.7,1019.8,1015.6,290
4,2021-01-02,1018.4,1020.5,1017.2,291
4,2021-01-03,1022.7,1024.8,1020.4,306
4,2021-01-04,1022.6,1024.6,1020.7,307
4,2021-01-05,1017.6,1020.4,1015.2,321
4,2021-01-06,1014.8,1016.2,1013.6,297
4,2021-01-07,1011.8,1014.5,1009.2,291
4,2021-01-08,1013.4,1014.4,1011.8,291
4,2021-01-09,1013.7,1014.9,1012.4,292
4,2021-01-10,1018.1,1019.8,1014.7,294
4,2021-01-11,1018.1,1021.9,1014.1,146
4,2021-01-12,1011.5,1013.3,1009.8,297
4,2021-01-13,1013.0,1014.3,1011.8,232
4,2021-01-14,1015.3,1016.6,1014.2,242
4,2021-01-15,1013.7,1016.4,1010.5,288
4,2021-01-16,1011.2,1014.3,1009.1,304
4,2021-01-17,1016.5,1018.7,1014.2,302
4,2021-01-18,1014.8,1018.2,1011.6,274
4,2021-01-19,1020.5,1024.6,1014.7,321
4,2021-01-20,1023.7,1025.6,1022.3,17
4,2021-01-21,1018.9,1022.4,1014.3,189
4,2021-01-22,1011.7,1013.8,1010.0,121
4,2021-01-23,1008.9,1010.5,1007.3,11
4,2021-01-24,1013.4,1018.2,1009.2,338
4,2021-01-25,1018.6,1020.9,1017.0,334
4,2021-01-26,1010.8,1016.6,1005.9,201
4,2021-01-27,1010.9,1012.6,1008.6,324
4,2021-01-28,1007.4,1011.1,1004.5,298
4,2021-01-29,1013.5,1018.2,1009.0,300
4,2021-01-30,1020.1,1021.6,1018.4,275
4,2021-01-31,1022.5,1024.5,1021.6,244
4,2021-02-01,1013.8,1021.5,1009.1,185
4,2021-02-02,1012.5,1016.1,1009.8,305
4,2021-02-03,1017.9,1020.1,1016.2,300
4,2021-02-04,1017.0,1018.2,1015.8,281
4,2021-02-05,1016.0,1018.3,1012.9,242
4,2021-02-06,1010.9,1012.8,1008.8,313
4,2021-02-07,1011.6,1012.9,1010.4,282
4,2021-02-08,1013.6,1017.8,1011.1,302
4,2021-02-09,1018.6,1019.9,1017.2,310
4,2021-02-10,1017.4,1019.2,1015.1,259
4,2021-02-11,1017.4,1019.5,1016.4,261
4,2021-02-12,1017.5,1018.7,1016.4,132
4,2021-02-13,1018.0,1019.6,1016.5,172
4,2021-02-14,1010.7,1016.2,1003.1,155
4,2021-02-15,999.0,1003.8,996.5,288
4,2021-02-16,1006.5,1008.9,1004.1,291
4,2021-02-17,1006.7,1009.2,1004.7,291
4,2021-02-18,1010.7,1014.7,1008.9,301
4,2021-02-19,1013.5,1015.3,1011.4,244
4,2021-02-20,1009.1,1011.5,1006.8,219
4,2021-02-21,1009.9,1011.0,1009.1,219
4,2021-02-22,1008.2,1010.2,1005.9,237
4,2021-02-23,1012.7,1015.6,1008.1,321
4,2021-02-24,1017.0,1018.3,1016.0,27
4,2021-02-25,1016.4,1018.9,1013.9,83
4,2021-02-26,1013.8,1016.0,1012.5,33
4,2021-02-27,1020.1,1022.0,1015.8,33
4,2021-02-28,1021.3,1023.4,1019.9,134
4,2021-03-01,1013.5,1019.5,1004.9,147
4,2021-03-02,1010.2,1020.3,1001.2,332
4,2021-03-03,1022.2,1024.9,1020.6,12
4,2021-03-04,1019.1,1022.7,1013.6,141
4,2021-03-05,1010.1,1013.1,1008.1,20
4,2021-03-06,1015.4,1020.1,1012.3,335
4,2021-03-07,1019.3,1020.7,1017.8,13
4,2021-03-08,1017.7,1019.1,1016.5,328
4,2021-03-09,1016.9,1018.6,1015.0,28
4,2021-03-10,1019.1,1022.1,1016.5,313
4,2021-03-11,1020.8,1023.6,1017.7,90
4,2021-03-12,1010.4,1017.4,1004.7,142
4,2021-03-13,1010.2,1012.8,1005.3,318
4,2021-03-14,1012.6,1014.2,1011.2,307
4,2021-03-15,1013.1,1015.2,1011.5,187
4,2021-03-16,1007.9,1011.1,1006.0,177
4,2021-03-17,1009.6,1012.1,1007.7,344
4,2021-03-18,1012.5,1014.3,1010.9,42
4,2021-03-19,1011.7,1013.1,1010.6,83
4,2021-03-20,1006.9,1011.6,1002.3,140
4,2021-03-21,1002.5,1007.8,999.4,313
4,2021-03-22,1012.0,1015.8,1008.0,300
4,2021-03-23,1017.1,1018.6,1016.0,180
4,2021-03-24,1016.4,1019.1,1014.3,18
4,2021-03-25,1013.6,1014.8,1012.2,329
4,2021-03-26,1014.8,1016.5,1013.4,309
4,2021-03-27,1011.8,1015.2,1007.1,143
4,2021-03-28,1000.8,1006.2,998.0,172
4,2021-03-29,1002.1,1003.4,1000.5,284
4,2021-03-30,1003.8,1006.4,1002.8,322
4,2021-03-31,1007.2,1008.8,1006.0,285
4,2021-04-01,1011.3,1013.0,1008.5,84
4,2021-04-02,1014.0,1015.2,1013.0,139
4,2021-04-03,1011.5,1014.8,1008.3,150
4,2021-04-04,1004.6,1007.8,1002.2,319
4,2021-04-05,1010.0,1012.0,1008.0,331
4,2021-04-06,1011.5,1012.6,1009.8,336
4,2021-04-07,1011.2,1012.4,1009.9,313
4,2021-04-08,1010.3,1011.6,1009.0,328
4,2021-04-09,1015.7,1021.5,1011.5,50
4,2021-04-10,1023.6,1025.5,1022.0,63
4,2021-04-11,1024.3,1026.3,1022.6,119
4,2021-04-12,1018.5,1023.6,1013.4,152
4,2021-04-13,1006.6,1012.5,1003.5,152
4,2021-04-14,1007.9,1012.6,1005.0,321
4,2021-04-15,1013.6,1015.0,1012.6,80
4,2021-04-16,1012.7,1014.3,1011.6,180
4,2021-04-17,1007.5,1010.8,1003.7,261
4,2021-04-18,1008.2,1011.8,1006.4,298
4,2021-04-19,1010.7,1011.7,1009.5,21
4,2021-04-20,1013.2,1014.8,1011.6,67
4,2021-04-21,1015.5,1016.8,1014.7,215
4,2021-04-22,1013.8,1015.7,1012.2,73
4,2021-04-23,1012.0,1013.0,1010.9,121
4,2021-04-24,1012.7,1014.4,1011.2,141
4,2021-04-25,1010.5,1013.6,1008.9,325
4,2021-04-26,1015.0,1016.4,1013.6,40
4,2021-04-27,1014.5,1015.7,1013.1,149
4,2021-04-28,1011.7,1014.2,1008.8,130
4,2021-04-29,1002.4,1007.9,1000.0,278
4,2021-04-30,1000.3,1002.7,998.7,256
4,2021-05-01,998.9,1003.1,996.6,262
4,2021-05-02,1006.6,1013.1,1001.5,291
4,2021-05-03,1013.4,1014.9,1012.6,239
4,2021-05-04,1011.0,1013.5,1007.5,138
4,2021-05-05,1006.1,1011.0,1002.4,257
4,2021-05-06,1011.4,1013.3,1009.8,288
4,2021-05-07,1005.7,1009.3,1002.6,165
4,2021-05-08,1002.3,1004.0,1000.0,58
4,2021-05-09,1002.8,1005.7,999.7,294
4,2021-05-10,1006.4,1007.4,1005.4,83
4,2021-05-11,1007.5,1008.8,1006.3,85
4,2021-05-12,1006.3,1007.6,1004.1,111
4,2021-05-13,1005.8,1006.8,1004.9,64
4,2021-05-14,1006.9,1008.2,1005.8,134
4,2021-05-15,1006.1,1007.2,1004.3,145
4,2021-05-16,1002.1,1005.1,999.4,169
4,2021-05-17,1000.4,1003.2,999.2,159
4,2021-05-18,1004.5,1005.6,1003.4,79
4,2021-05-19,1005.4,1007.2,1004.1,63
4,2021-05-20,1001.9,1006.1,999.0,103
4,2021-05-21,1000.6,1003.8,997.1,152
4,2021-05-22,1003.5,1004.5,1002.5,292
4,2021-05-23,1005.0,1006.3,1003.9,217
4,2021-05-24,1001.7,1004.4,999.1,5
4,2021-05-25,1002.3,1003.8,1000.2,243
4,2021-05-26,1005.4,1007.7,1003.9,185
4,2021-05-27,997.6,1003.7,994.6,116
4,2021-05-28,999.4,1002.6,996.1,113
4,2021-05-29,999.8,1003.2,996.7,315
4,2021-05-30,1003.3,1004.9,1002.4,309
4,2021-05-31,1005.4,1007.7,1004.3,101
4,2021-06-01,1008.2,1009.8,1006.6,95
4,2021-06-02,1009.4,1011.0,1008.7,146
4,2021-06-03,1003.3,1008.2,997.4,139
4,2021-06-04,995.5,998.7,992.7,324
4,2021-06-05,999.9,1001.2,998.7,139
4,2021-06-06,1003.4,1006.4,1000.4,147
4,2021-06-07,1008.8,1010.3,1006.4,139
4,2021-06-08,1009.6,1010.7,1008.9,85
4,2021-06-09,1009.5,1010.7,1008.3,113
4,2021-06-10,1010.2,1010.8,1009.5,148
4,2021-06-11,1009.1,1010.1,1008.5,151
4,2021-06-12,1008.1,1009.4,1006.7,131
4,2021-06-13,1004.1,1006.9,1001.5,137
4,2021-06-14,1000.4,1001.7,998.9,68
4,2021-06-15,998.9,1000.2,997.7,142
4,2021-06-16,996.5,998.8,995.1,125
4,2021-06-17,999.2,1000.0,998.2,89
4,2021-06-18,997.1,999.4,994.6,150
4,2021-06-19,993.9,995.9,992.9,323
4,2021-06-20,996.6,998.1,995.3,247
4,2021-06-21,998.3,1000.3,997.5,357
4,2021-06-22,1001.8,1003.5,999.8,317
4,2021-06-23,1003.9,1005.5,1002.6,66
4,2021-06-24,1005.1,1006.1,1004.1,63
4,2021-06-25,1005.1,1006.2,1004.0,48
4,2021-06-26,1005.3,1007.0,1004.0,141
4,2021-06-27,1002.0,1004.3,999.3,146
4,2021-06-28,998.1,1000.3,995.8,145
4,2021-06-29,998.4,1000.7,996.7,347
4,2021-06-30,1001.0,1001.7,1000.6,133
4,2021-07-01,999.8,1001.0,998.1,61
4,2021-07-02,1001.5,1003.1,1000.4,47
4,2021-07-03,1003.8,1005.0,1002.8,50
4,2021-07-04,1004.7,1006.4,1003.9,165
4,2021-07-05,1006.2,1007.0,1005.6,64
4,2021-07-06,1005.6,1006.8,1004.3,201
4,2021-07-07,1005.0,1006.4,1003.5,99
4,2021-07-08,1001.9,1002.9,1001.0,85
4,2021-07-09,1002.0,1003.6,1000.9,62
4,2021-07-10,1004.9,1007.5,1003.3,129
4,2021-07-11,1007.1,1008.1,1006.2,91
4,2021-07-12,1006.8,1007.6,1006.1,97
4,2021-07-13,1007.2,1008.0,1006.3,110
4,2021-07-14,1008.5,1009.6,1007.7,20
4,2021-07-15,1010.1,1010.8,1009.1,136
4,2021-07-16,1009.4,1010.8,1007.1,100
4,2021-07-17,1007.7,1008.8,1006.5,125
4,2021-07-18,1006.8,1008.1,1005.9,117
4,2021-07-19,1008.2,1009.1,1007.2,156
4,2021-07-20,1008.3,1009.7,1006.8,118
4,2021-07-21,1006.8,1007.8,1005.4,145
4,2021-07-22,1005.4,1006.5,1004.4,120
4,2021-07-23,1004.1,1005.0,1003.3,124
4,2021-07-24,1003.5,1004.4,1002.8,128
4,2021-07-25,1002.3,1003.3,1001.3,140
4,2021-07-26,999.7,1001.9,997.7,141
4,2021-07-27,996.3,998.4,994.6,308
4,2021-07-28,996.3,997.4,995.3,75
4,2021-07-29,996.5,997.4,995.5,84
4,2021-07-30,996.4,997.4,995.4,67
4,2021-07-31,996.7,998.1,995.3,38
4,2021-08-01,996.6,997.6,995.5,151
4,2021-08-02,999.2,1001.3,997.6,117
4,2021-08-03,1003.2,1005.4,1001.4,124
4,2021-08-04,1004.3,1005.5,1002.6,132
4,2021-08-05,1001.2,1003.5,999.3,137
4,2021-08-06,997.4,999.2,995.6,122
4,2021-08-07,997.2,998.4,996.3,150
4,2021-08-08,994.9,998.2,983.7,91
4,2021-08-09,991.6,1000.4,981.0,293
4,2021-08-10,1003.4,1005.7,1000.3,210
4,2021-08-11,1006.4,1007.7,1005.2,163
4,2021-08-12,1005.1,1006.7,1003.4,128
4,2021-08-13,998.6,1002.8,996.4,117
4,2021-08-14,997.9,1000.4,996.2,130
4,2021-08-15,1004.9,1008.2,1000.9,319
4,2021-08-16,1007.6,1009.3,1005.9,162
4,2021-08-17,1001.5,1005.9,998.7,154
4,2021-08-18,1001.7,1003.1,1000.3,136
4,2021-08-19,1004.7,1008.1,1001.4,105
4,2021-08-20,1008.4,1009.3,1007.5,136
4,2021-08-21,1005.9,1009.1,1003.8,151
4,2021-08-22,1005.7,1006.9,1004.3,129
4,2021-08-23,1005.8,1007.3,1003.9,153
4,2021-08-24,1001.9,1003.5,1000.1,168
4,2021-08-25,1004.7,1006.9,1003.3,157
4,2021-08-26,1008.3,1010.1,1006.5,75
4,2021-08-27,1008.8,1009.7,1008.1,86
4,2021-08-28,1008.6,1009.6,1007.6,102
4,2021-08-29,1008.5,1009.2,1007.6,84
4,2021-08-30,1009.3,1010.3,1008.1,9
4,2021-08-31,1009.0,1010.4,1007.6,356
4,2021-09-01,1005.7,1008.1,1004.0,83
4,2021-09-02,1002.6,1003.6,1001.9,69
4,2021-09-03,1002.0,1002.9,1000.9,69
4,2021-09-04,1005.4,1008.9,1002.6,326
4,2021-09-05,1009.8,1011.5,1008.4,356
4,2021-09-06,1009.5,1011.0,1007.4,36
4,2021-09-07,1006.5,1008.1,1005.1,153
4,2021-09-08,1004.1,1005.7,1003.2,15
4,2021-09-09,1006.7,1007.8,1005.7,312
4,2021-09-10,1007.8,1008.7,1007.3,83
4,2021-09-11,1007.4,1008.3,1005.9,78
4,2021-09-12,1006.5,1009.1,1005.2,71
4,2021-09-13,1010.4,1011.4,1008.8,139
4,2021-09-14,1009.1,1011.0,1007.2,107
4,2021-09-15,1006.9,1007.9,1006.0,33
4,2021-09-16,1006.2,1007.7,1005.1,98
4,2021-09-17,998.4,1004.5,988.5,163
4,2021-09-18,1004.1,1008.2,997.0,313
4,2021-09-19,1007.6,1008.7,1006.7,340
4,2021-09-20,1008.0,1009.0,1007.1,145
4,2021-09-21,1005.7,1008.1,1003.5,166
4,2021-09-22,1005.1,1007.8,1003.2,294
4,2021-09-23,1009.8,1013.0,1007.5,301
4,2021-09-24,1014.0,1015.2,1013.2,348
4,2021-09-25,1014.4,1015.9,1013.5,61
4,2021-09-26,1011.7,1013.7,1009.9,97
4,2021-09-27,1008.6,1010.0,1007.5,73
4,2021-09-28,1007.7,1008.5,1006.5,163
4,2021-09-29,1005.6,1007.5,1003.6,159
4,2021-09-30,1001.0,1003.8,999.0,206
4,2021-10-01,1000.0,1003.2,998.4,309
4,2021-10-02,1007.4,1012.1,1003.9,314
4,2021-10-03,1015.7,1018.6,1012.4,167
4,2021-10-04,1017.9,1019.8,1016.5,165
4,2021-10-05,1016.2,1018.4,1014.4,155
4,2021-10-06,1012.9,1015.2,1010.5,271
4,2021-10-07,1011.3,1012.6,1009.7,124
4,2021-10-08,1013.4,1015.6,1012.2,133
4,2021-10-09,1015.8,1017.1,1014.7,148
4,2021-10-10,1014.5,1016.5,1012.6,158
4,2021-10-11,1011.8,1012.9,1010.5,93
4,2021-10-12,1014.0,1015.9,1012.3,93
4,2021-10-13,1014.7,1016.2,1013.3,344
4,2021-10-14,1011.9,1013.9,1009.8,325
4,2021-10-15,1009.7,1010.9,1008.8,260
4,2021-10-16,1008.4,1010.8,1006.1,331
4,2021-10-17,1012.4,1015.8,1010.2,333
4,2021-10-18,1015.1,1016.6,1013.8,37
4,2021-10-19,1010.5,1014.2,1007.6,294
4,2021-10-20,1012.0,1013.1,1010.2,330
4,2021-10-21,1012.0,1013.8,1010.3,76
4,2021-10-22,1010.2,1012.7,1009.0,308
4,2021-10-23,1018.0,1020.5,1014.1,345
4,2021-10-24,1019.0,1020.7,1017.3,30
4,2021-10-25,1014.3,1017.2,1012.1,336
4,2021-10-26,1011.8,1013.3,1011.0,308
4,2021-10-27,1011.6,1013.1,1010.3,309
4,2021-10-28,1013.1,1015.4,1011.8,323
4,2021-10-29,1016.2,1017.8,1015.0,27
4,2021-10-30,1016.6,1018.1,1014.8,135
4,2021-10-31,1016.0,1017.6,1014.7,333
4,2021-11-01,1015.0,1016.3,1013.4,306
4,2021-11-02,1012.6,1015.0,1010.5,306
4,2021-11-03,1010.4,1011.7,1009.1,291
4,2021-11-04,1011.4,1013.9,1010.0,299
4,2021-11-05,1013.8,1015.7,1012.6,304
4,2021-11-06,1012.6,1013.3,1011.4,41
4,2021-11-07,1012.9,1014.7,1012.0,34
4,2021-11-08,1007.8,1011.6,1004.6,183
4,2021-11-09,1005.7,1007.1,1004.5,296
4,2021-11-10,1003.0,1004.2,1001.0,254
4,2021-11-11,1005.4,1006.6,1004.4,264
4,2021-11-12,1010.0,1012.6,1006.3,280
4,2021-11-13,1013.6,1015.3,1011.8,260
4,2021-11-14,1013.7,1015.1,1012.3,285
4,2021-11-15,1014.4,1015.9,1012.6,290
4,2021-11-16,1015.5,1016.9,1013.9,312
4,2021-11-17,1016.1,1017.8,1014.4,302
4,2021-11-18,1013.1,1014.3,1011.5,313
4,2021-11-19,1011.8,1013.2,1010.5,295
4,2021-11-20,1013.1,1014.8,1011.5,279
4,2021-11-21,1012.3,1015.0,1008.9,184
4,2021-11-22,1004.4,1008.4,999.5,296
4,2021-11-23,1009.7,1011.1,1008.5,290
4,2021-11-24,1012.4,1013.9,1010.4,280
4,2021-11-25,1012.3,1013.8,1011.0,260
4,2021-11-26,1016.1,1020.2,1013.5,296
4,2021-11-27,1023.8,1028.1,1020.3,321
4,2021-11-28,1027.0,1029.1,1025.4,3
4,2021-11-29,1021.7,1025.1,1019.0,258
4,2021-11-30,1008.6,1018.4,1001.2,197
4,2021-12-01,1008.9,1013.6,1003.9,301
4,2021-12-02,1014.0,1015.7,1012.0,288
4,2021-12-03,1011.4,1012.8,1009.3,259
4,2021-12-04,1016.7,1020.8,1011.9,310
4,2021-12-05,1021.6,1023.4,1020.5,345
4,2021-12-06,1019.6,1021.5,1018.1,323
4,2021-12-07,1016.4,1017.9,1014.6,307
4,2021-12-08,1020.9,1023.8,1018.2,325
4,2021-12-09,1022.0,1024.0,1020.3,324
4,2021-12-10,1018.4,1019.7,1016.7,221
4,2021-12-11,1017.9,1020.0,1016.4,162
4,2021-12-12,1014.0,1015.9,1011.8,288
4,2021-12-13,1016.0,1017.6,1013.2,307
4,2021-12-14,1015.9,1017.3,1013.6,290
4,2021-12-15,1016.6,1018.1,1015.4,248
4,2021-12-16,1011.6,1016.5,1004.9,200
4,2021-12-17,1007.4,1012.8,1003.5,299
4,2021-12-18,1016.9,1018.6,1013.8,297
4,2021-12-19,1014.9,1017.3,1012.2,280
4,2021-12-20,1014.9,1017.1,1012.9,267
4,2021-12-21,1011.0,1013.0,1008.9,249
4,2021-12-22,1012.5,1015.3,1010.4,295
4,2021-12-23,1016.1,1018.0,1014.9,288
4,2021-12-24,1012.1,1016.3,1008.8,306
4,2021-12-25,1013.2,1017.7,1009.4,301
4,2021-12-26,1019.9,1022.3,1017.6,296
4,2021-12-27,1020.9,1022.2,1018.8,291
4,2021-12-28,1020.9,1023.0,1019.2,282
4,2021-12-29,1014.7,1019.3,1011.3,279
4,2021-12-30,1013.7,1016.5,1011.3,292
4,2021-12-31,1018.0,1020.2,1014.2,304
4,2022-01-01,1021.4,1023.2,1020.5,306
4,2022-01-02,1018.6,1020.4,1016.7,277
4,2022-01-03,1016.8,1018.7,1014.7,276
4,2022-01-04,1017.3,1018.7,1015.8,304
4,2022-01-05,1018.5,1020.3,1017.6,341
4,2022-01-06,1016.8,1019.6,1015.1,351
4,2022-01-07,1020.5,1022.3,1019.2,330
4,2022-01-08,1017.3,1020.0,1014.8,77
4,2022-01-09,1013.5,1015.3,1011.6,307
4,2022-01-10,1012.3,1014.4,1009.1,265
4,2022-01-11,1006.0,1009.6,1003.1,297
4,2022-01-12,1011.2,1012.8,1009.8,302
4,2022-01-13,1009.6,1011.0,1007.4,292
4,2022-01-14,1015.0,1017.7,1010.7,311
4,2022-01-15,1016.5,1017.8,1014.7,339
4,2022-01-16,1015.7,1017.1,1014.3,273
4,2022-01-17,1016.1,1018.0,1015.1,296
4,2022-01-18,1016.7,1018.4,1015.0,310
4,2022-01-19,1015.7,1017.9,1013.2,290
4,2022-01-20,1015.5,1020.0,1011.5,320
4,2022-01-21,1021.7,1023.6,1020.0,333
4,2022-01-22,1020.2,1022.0,1017.5,56
4,2022-01-23,1013.2,1017.3,1010.0,44
4,2022-01-24,1010.9,1013.1,1009.4,1
4,2022-01-25,1013.6,1015.1,1012.7,316
4,2022-01-26,1014.5,1016.4,1013.1,300
4,2022-01-27,1014.6,1016.4,1012.8,316
4,2022-01-28,1013.0,1014.6,1011.3,306
4,2022-01-29,1010.6,1012.1,1008.6,304
4,2022-01-30,1010.2,1012.0,1008.7,324
4,2022-01-31,1014.6,1017.3,1012.1,307
4,2022-02-01,1016.4,1018.1,1014.8,279
4,2022-02-02,1018.3,1020.7,1017.0,289
4,2022-02-03,1016.3,1018.1,1014.7,310
4,2022-02-04,1014.1,1015.0,1013.0,306
4,2022-02-05,1014.6,1016.2,1013.0,293
4,2022-02-06,1018.3,1020.3,1015.5,301
4,2022-02-07,1018.7,1020.5,1016.4,297
4,2022-02-08,1017.3,1018.3,1016.0,326
4,2022-02-09,1016.5,1018.8,1014.1,356
4,2022-02-10,1013.1,1014.4,1011.4,319
4,2022-02-11,1016.7,1018.1,1014.2,312
4,2022-02-12,1016.7,1018.6,1015.3,340
4,2022-02-13,1012.3,1014.8,1010.1,20
4,2022-02-14,1011.7,1012.9,1010.1,8
4,2022-02-15,1010.9,1012.2,1009.1,274
4,2022-02-16,1012.2,1013.4,1010.9,290
4,2022-02-17,1016.1,1020.9,1011.9,311
4,2022-02-18,1021.8,1024.4,1019.7,59
4,2022-02-19,1013.5,1019.5,1009.6,301
4,2022-02-20,1012.4,1017.5,1008.8,302
4,2022-02-21,1020.3,1022.3,1017.6,298
4,2022-02-22,1021.3,1023.2,1019.8,300
4,2022-02-23,1021.4,1023.1,1019.8,288
4,2022-02-24,1020.8,1022.3,1019.0,305
4,2022-02-25,1019.7,1021.4,1018.5,290
4,2022-02-26,1016.1,1019.4,1012.0,217
4,2022-02-27,1013.5,1017.0,1009.9,307
4,2022-02-28,1016.3,1018.8,1014.3,145
4,2022-03-01,1007.7,1013.6,1003.9,299
4,2022-03-02,1008.4,1010.2,1006.9,277
4,2022-03-03,1011.4,1013.1,1009.7,295
4,2022-03-04,1011.3,1013.7,1008.4,227
4,2022-03-05,1005.7,1007.7,1003.7,277
4,2022-03-06,1011.1,1014.4,1007.7,313
4,2022-03-07,1013.5,1015.4,1011.6,14
4,2022-03-08,1012.4,1013.1,1011.3,318
4,2022-03-09,1014.4,1016.7,1012.2,42
4,2022-03-10,1016.1,1018.2,1014.8,75
4,2022-03-11,1013.8,1015.6,1012.3,52
4,2022-03-12,1012.7,1014.0,1011.8,316
4,2022-03-13,1009.4,1011.7,1007.4,249
4,2022-03-14,1006.6,1009.1,1003.5,88
4,2022-03-15,1005.8,1007.5,1003.2,334
4,2022-03-16,1009.0,1011.5,1006.9,50
4,2022-03-17,1010.6,1012.8,1008.7,108
4,2022-03-18,999.0,1007.7,994.3,338
4,2022-03-19,1000.4,1006.2,997.8,302
4,2022-03-20,1010.9,1014.3,1006.3,3
4,2022-03-21,1015.1,1017.8,1014.1,55
4,2022-03-22,1012.3,1014.0,1010.7,351
4,2022-03-23,1010.7,1012.5,1009.3,11
4,2022-03-24,1013.7,1017.7,1010.7,287
4,2022-03-25,1016.0,1019.0,1011.8,149
4,2022-03-26,1000.2,1009.8,995.2,160
4,2022-03-27,1006.4,1010.5,1001.9,321
4,2022-03-28,1016.2,1019.9,1010.9,353
4,2022-03-29,1019.3,1021.1,1017.6,117
4,2022-03-30,1016.5,1019.3,1014.0,160
4,2022-03-31,1013.0,1014.9,1011.6,312
4,2022-04-01,1018.7,1021.3,1014.9,26
4,2022-04-02,1020.3,1021.8,1018.3,57
4,2022-04-03,1019.3,1020.5,1017.8,353
4,2022-04-04,1019.6,1020.9,1018.4,311
4,2022-04-05,1016.6,1018.9,1014.1,51
4,2022-04-06,1014.1,1015.4,1012.4,66
4,2022-04-07,1010.8,1012.9,1008.5,45
4,2022-04-08,1013.0,1014.8,1011.9,312
4,2022-04-09,1012.4,1013.8,1011.0,51
4,2022-04-10,1012.9,1014.3,1011.4,56
4,2022-04-11,1010.8,1013.2,1008.7,151
4,2022-04-12,1007.2,1009.2,1004.8,152
4,2022-04-13,1006.8,1007.7,1006.0,331
4,2022-04-14,1006.8,1007.8,1005.8,352
4,2022-04-15,1005.3,1007.4,1003.5,316
4,2022-04-16,1008.5,1010.9,1006.8,321
4,2022-04-17,1011.4,1012.7,1010.3,352
4,2022-04-18,1010.9,1012.4,1009.5,322
4,2022-04-19,1010.5,1011.6,1009.5,275
4,2022-04-20,1011.2,1012.7,1009.9,92
4,2022-04-21,1008.7,1011.7,1004.7,144
4,2022-04-22,1007.8,1009.5,1006.6,65
4,2022-04-23,1007.7,1009.4,1006.5,201
4,2022-04-24,1005.7,1007.1,1004.3,30
4,2022-04-25,1007.5,1009.8,1006.1,75
4,2022-04-26,1001.0,1005.8,998.7,162
4,2022-04-27,1004.7,1009.4,1000.7,319
4,2022-04-28,1009.2,1011.6,1007.2,104
4,2022-04-29,1003.1,1011.0,994.8,320
4,2022-04-30,1010.2,1012.6,1008.0,24
4,2022-05-01,1006.0,1008.5,1004.1,322
4,2022-05-02,1007.4,1009.6,1006.2,287
4,2022-05-03,1013.1,1015.2,1009.6,80
4,2022-05-04,1015.2,1016.5,1014.1,52
4,2022-05-05,1015.0,1016.6,1013.6,130
4,2022-05-06,1012.4,1013.8,1010.6,149
4,2022-05-07,1010.4,1011.7,1008.8,127
4,2022-05-08,1011.1,1013.2,1009.0,57
4,2022-05-09,1009.5,1011.3,1007.9,36
4,2022-05-10,1010.5,1012.1,1008.7,95
4,2022-05-11,1010.0,1011.8,1008.8,130
4,2022-05-12,1005.6,1009.3,1002.6,116
4,2022-05-13,1000.5,1003.3,997.9,35
4,2022-05-14,1003.1,1006.6,998.7,318
4,2022-05-15,1005.8,1007.2,1004.5,314
4,2022-05-16,1006.2,1008.6,1005.1,331
4,2022-05-17,1009.3,1012.2,1007.5,188
4,2022-05-18,1013.1,1014.4,1011.6,119
4,2022-05-19,1013.2,1015.0,1011.7,111
4,2022-05-20,1009.5,1012.0,1007.0,154
4,2022-05-21,1003.7,1006.8,1001.4,145
4,2022-05-22,1001.8,1002.8,1000.7,37
4,2022-05-23,1005.6,1008.2,1002.7,300
4,2022-05-24,1008.1,1009.7,1006.6,103
4,2022-05-25,1004.9,1007.7,1002.4,113
4,2022-05-26,999.9,1002.9,997.1,168
4,2022-05-27,996.9,998.4,995.8,275
4,2022-05-28,1001.1,1003.1,998.6,248
4,2022-05-29,1001.4,1003.2,999.4,128
4,2022-05-30,996.2,999.4,993.0,120
4,2022-05-31,1000.5,1004.5,996.6,317
4,2022-06-01,1002.4,1004.5,1000.1,160
4,2022-06-02,1002.3,1003.8,1001.6,48
4,2022-06-03,1003.7,1005.4,1002.6,60
4,2022-06-04,1005.4,1007.3,1004.1,58
4,2022-06-05,999.3,1004.0,992.3,139
4,2022-06-06,989.4,995.9,985.8,312
4,2022-06-07,1000.1,1003.8,996.5,321
4,2022-06-08,1004.9,1006.7,1003.4,83
4,2022-06-09,1007.0,1008.1,1005.9,80
4,2022-06-10,1008.2,1009.2,1007.6,136
4,2022-06-11,1005.3,1008.3,1002.6,54
4,2022-06-12,1005.1,1006.8,1003.8,303
4,2022-06-13,1004.0,1006.1,1001.8,118
4,2022-06-14,1002.1,1003.3,1001.1,117
4,2022-06-15,1003.1,1005.0,1001.9,117
4,2022-06-16,1004.1,1004.7,1002.9,61
4,2022-06-17,1004.3,1005.4,1003.2,33
4,2022-06-18,1002.7,1004.2,1001.6,37
4,2022-06-19,1003.4,1005.1,1001.4,92
4,2022-06-20,1000.3,1001.7,998.4,66
4,2022-06-21,998.4,1000.4,995.9,50
4,2022-06-22,1002.8,1005.8,1000.0,78
4,2022-06-23,1003.3,1005.5,1001.4,149
4,2022-06-24,999.4,1001.0,997.9,196
4,2022-06-25,1003.5,1006.6,1000.3,183
4,2022-06-26,1008.8,1010.1,1006.6,145
4,2022-06-27,1008.9,1010.0,1007.5,121
4,2022-06-28,1005.8,1007.7,1003.8,64
4,2022-06-29,1005.7,1007.5,1004.2,87
4,2022-06-30,1008.3,1009.6,1007.6,35
4,2022-07-01,1009.7,1011.0,1008.4,32
4,2022-07-02,1007.8,1009.6,1006.0,127
4,2022-07-03,1005.1,1006.6,1003.3,139
4,2022-07-04,1002.0,1004.1,1000.4,125
4,2022-07-05,999.1,1002.6,997.8,350
4,2022-07-06,1003.5,1004.8,1002.2,312
4,2022-07-07,1004.1,1005.4,1002.8,286
4,2022-07-08,1000.7,1003.2,998.2,65
4,2022-07-09,996.0,998.0,994.7,66
4,2022-07-10,999.3,1000.9,997.4,342
4,2022-07-11,1001.3,1002.4,1000.5,27
4,2022-07-12,1001.6,1002.6,1000.7,332
4,2022-07-13,1000.6,1002.6,998.8,28
4,2022-07-14,996.7,999.2,995.1,66
4,2022-07-15,995.3,996.4,994.0,207
4,2022-07-16,993.0,994.9,991.2,329
4,2022-07-17,996.2,998.7,994.5,237
4,2022-07-18,998.2,999.6,997.2,105
4,2022-07-19,997.7,1001.1,995.8,134
4,2022-07-20,1001.6,1002.7,1000.6,70
4,2022-07-21,999.2,1002.3,996.3,169
4,2022-07-22,998.6,1000.9,997.4,296
4,2022-07-23,1000.9,1001.7,1000.2,342
4,2022-07-24,1000.5,1001.8,999.4,115
4,2022-07-25,1003.2,1004.3,1001.6,55
4,2022-07-26,1003.9,1005.1,1003.1,93
4,2022-07-27,1004.3,1005.7,1003.0,117
4,2022-07-28,1006.1,1007.6,1005.1,134
4,2022-07-29,1006.7,1007.8,1005.5,114
4,2022-07-30,1004.8,1005.8,1003.7,130
4,2022-07-31,1004.9,1006.0,1003.9,146
4,2022-08-01,1005.6,1007.6,1004.4,149
4,2022-08-02,1007.5,1008.6,1006.6,132
4,2022-08-03,1007.0,1008.8,1005.4,82
4,2022-08-04,1005.0,1006.3,1003.7,277
4,2022-08-05,1002.4,1003.4,1001.0,288
4,2022-08-06,1002.4,1003.8,1001.4,112
4,2022-08-07,1004.5,1006.2,1003.0,60
4,2022-08-08,1005.8,1007.2,1004.6,108
4,2022-08-09,1005.4,1006.7,1004.1,61
4,2022-08-10,1004.4,1005.2,1003.9,50
4,2022-08-11,1003.2,1005.0,1002.2,73
4,2022-08-12,1002.1,1003.2,1000.9,123
4,2022-08-13,1002.6,1003.6,1001.8,88
4,2022-08-14,1003.7,1004.8,1002.9,94
4,2022-08-15,1002.5,1004.5,1001.1,124
4,2022-08-16,1001.7,1003.4,1000.8,188
4,2022-08-17,1002.7,1004.4,1000.9,106
4,2022-08-18,1001.9,1003.1,1001.0,63
4,2022-08-19,1001.3,1003.0,1000.1,87
4,2022-08-20,998.8,999.8,997.5,79
4,2022-08-21,997.7,998.6,996.6,72
4,2022-08-22,998.7,1000.2,998.1,96
4,2022-08-23,1000.4,1001.8,999.4,59
4,2022-08-24,1001.1,1002.4,1000.0,64
4,2022-08-25,1000.6,1001.8,999.5,327
4,2022-08-26,1000.8,1001.8,999.7,19
4,2022-08-27,1001.9,1003.6,1000.5,324
4,2022-08-28,1006.3,1008.1,1003.7,15
4,2022-08-29,1008.4,1009.4,1007.3,150
4,2022-08-30,1005.7,1008.6,1003.2,108
4,2022-08-31,1001.7,1003.3,1000.5,154
4,2022-09-01,1004.4,1007.4,1001.8,27
4,2022-09-02,1007.3,1008.7,1006.2,61
4,2022-09-03,1007.2,1008.1,1006.5,133
4,2022-09-04,1006.3,1007.9,1004.4,148
4,2022-09-05,1002.3,1005.7,996.9,149
4,2022-09-06,997.6,1005.0,991.3,183
4,2022-09-07,1007.8,1009.3,1005.5,316
4,2022-09-08,1008.7,1010.2,1007.1,330
4,2022-09-09,1008.2,1009.5,1006.7,346
4,2022-09-10,1008.7,1009.8,1007.3,54
4,2022-09-11,1007.5,1009.2,1005.9,142
4,2022-09-12,1006.5,1007.8,1005.3,134
4,2022-09-13,1007.0,1008.5,1005.5,143
4,2022-09-14,1007.4,1008.5,1006.2,87
4,2022-09-15,1005.8,1007.3,1004.0,137
4,2022-09-16,1004.1,1005.3,1002.7,148
4,2022-09-17,1001.0,1003.1,998.4,80
4,2022-09-18,987.5,998.0,972.7,87
4,2022-09-19,978.0,995.7,967.3,229
4,2022-09-20,1002.1,1007.2,996.8,332
4,2022-09-21,1008.6,1009.9,1007.2,18
4,2022-09-22,1008.2,1009.7,1006.2,123
4,2022-09-23,1004.7,1007.1,1002.8,344
4,2022-09-24,1007.3,1008.6,1005.7,312
4,2022-09-25,1008.8,1010.2,1007.9,70
4,2022-09-26,1009.2,1010.1,1008.4,123
4,2022-09-27,1007.5,1009.2,1005.9,343
4,2022-09-28,1005.3,1006.4,1003.7,329
4,2022-09-29,1007.0,1008.9,1005.6,358
4,2022-09-30,1009.3,1010.0,1008.5,45
4,2022-10-01,1011.3,1012.5,1010.0,141
4,2022-10-02,1013.1,1014.6,1012.1,126
4,2022-10-03,1012.6,1014.6,1010.9,155
4,2022-10-04,1007.8,1010.6,1005.4,229
4,2022-10-05,1009.2,1012.1,1007.2,321
4,2022-10-06,1011.3,1012.7,1009.9,47
4,2022-10-07,1009.3,1012.0,1008.0,303
4,2022-10-08,1014.7,1016.5,1012.3,28
4,2022-10-09,1011.9,1016.2,1007.0,97
4,2022-10-10,1007.5,1010.6,1004.6,290
4,2022-10-11,1012.6,1015.8,1010.2,305
4,2022-10-12,1016.8,1017.9,1015.7,12
4,2022-10-13,1015.2,1016.9,1013.5,26
4,2022-10-14,1011.5,1013.2,1009.6,13
4,2022-10-15,1010.9,1012.1,1010.1,140
4,2022-10-16,1010.6,1012.1,1009.1,80
4,2022-10-17,1007.8,1009.3,1006.1,313
4,2022-10-18,1010.1,1013.7,1007.0,321
4,2022-10-19,1015.4,1018.8,1013.3,326
4,2022-10-20,1019.9,1021.7,1018.7,335
4,2022-10-21,1019.3,1021.2,1017.9,169
4,2022-10-22,1014.3,1017.7,1011.7,248
4,2022-10-23,1008.7,1011.4,1006.2,319
4,2022-10-24,1009.6,1011.6,1007.7,319
4,2022-10-25,1015.7,1020.1,1010.8,327
4,2022-10-26,1019.7,1021.5,1018.7,19
4,2022-10-27,1017.4,1018.5,1016.2,180
4,2022-10-28,1017.2,1018.4,1016.5,358
4,2022-10-29,1017.5,1019.3,1016.3,12
4,2022-10-30,1017.0,1018.4,1015.9,10
4,2022-10-31,1015.9,1017.2,1014.3,17
4,2022-11-01,1012.5,1014.4,1011.0,307
4,2022-11-02,1012.5,1014.3,1011.2,301
4,2022-11-03,1010.2,1011.7,1008.2,356
4,2022-11-04,1010.6,1013.1,1009.0,319
4,2022-11-05,1014.5,1016.2,1012.7,313
4,2022-11-06,1016.6,1018.3,1015.4,323
4,2022-11-07,1015.6,1016.8,1013.9,322
4,2022-11-08,1017.6,1019.1,1015.9,305
4,2022-11-09,1019.2,1020.9,1018.1,165
4,2022-11-10,1018.0,1019.1,1016.7,344
4,2022-11-11,1019.0,1020.6,1018.1,127
4,2022-11-12,1015.4,1018.8,1011.5,166
4,2022-11-13,1006.5,1010.5,1003.2,294
4,2022-11-14,1009.5,1011.2,1008.2,315
4,2022-11-15,1008.7,1011.6,1006.8,303
4,2022-11-16,1013.4,1015.7,1011.5,283
4,2022-11-17,1016.5,1018.4,1015.0,218
4,2022-11-18,1018.2,1019.5,1017.3,54
4,2022-11-19,1015.4,1017.5,1013.6,149
4,2022-11-20,1011.9,1013.3,1010.2,232
4,2022-11-21,1012.8,1014.5,1011.3,304
4,2022-11-22,1013.1,1015.1,1010.9,270
4,2022-11-23,1006.9,1010.0,1003.9,318
4,2022-11-24,1012.1,1015.0,1009.7,315
4,2022-11-25,1013.9,1016.2,1011.7,196
4,2022-11-26,1009.3,1011.5,1007.0,303
4,2022-11-27,1013.8,1016.7,1011.5,256
4,2022-11-28,1014.7,1017.0,1011.3,170
4,2022-11-29,1005.0,1010.1,1001.0,225
4,2022-11-30,1014.3,1018.9,1007.8,320
4,2022-12-01,1019.1,1020.4,1017.9,320
4,2022-12-02,1021.0,1022.8,1019.8,313
4,2022-12-03,1019.2,1021.4,1017.4,360
4,2022-12-04,1017.4,1019.0,1016.2,324
4,2022-12-05,1016.0,1017.6,1014.5,332
4,2022-12-06,1015.6,1016.9,1014.1,302
4,2022-12-07,1017.1,1018.7,1016.1,270
4,2022-12-08,1017.8,1018.9,1016.9,290
4,2022-12-09,1015.6,1017.4,1013.9,302
4,2022-12-10,1011.3,1014.2,1008.9,308
4,2022-12-11,1010.4,1014.1,1009.0,314
4,2022-12-12,1013.2,1015.7,1010.2,44
4,2022-12-13,1011.1,1012.6,1009.5,289
4,2022-12-14,1015.4,1018.3,1011.5,298
4,2022-12-15,1018.1,1019.8,1017.1,300
4,2022-12-16,1018.4,1020.2,1017.4,287
4,2022-12-17,1014.8,1017.9,1012.7,298
4,2022-12-18,1012.9,1015.0,1011.7,295
4,2022-12-19,1018.1,1020.8,1014.9,293
4,2022-12-20,1019.3,1021.7,1016.7,274
4,2022-12-21,1007.4,1015.9,999.3,242
4,2022-12-22,998.6,1000.4,996.1,296
4,2022-12-23,1001.5,1004.0,1000.1,285
4,2022-12-24,1006.7,1009.2,1003.4,298
4,2022-12-25,1010.7,1013.2,1009.1,302
4,2022-12-26,1014.9,1017.0,1013.0,300
4,2022-12-27,1018.3,1020.0,1016.9,290
4,2022-12-28,1019.5,1021.5,1017.6,288
4,2022-12-29,1022.4,1024.6,1020.9,304
4,2022-12-30,1023.2,1024.9,1021.0,297
4,2022-12-31,1021.7,1022.7,1020.3,285
4,2023-01-01,1021.2,1022.7,1019.5,291
4,2023-01-02,1019.7,1021.2,1017.0,298
4,2023-01-03,1018.9,1020.1,1017.1,295
4,2023-01-04,1020.5,1022.6,1018.8,293
4,2023-01-05,1022.4,1023.9,1020.4,292
4,2023-01-06,1016.8,1021.0,1012.2,264
4,2023-01-07,1010.5,1014.7,1007.7,286
4,2023-01-08,1017.4,1019.3,1014.8,281
4,2023-01-09,1016.4,1019.0,1014.2,269
4,2023-01-10,1019.6,1021.9,1014.9,355
4,2023-01-11,1019.9,1021.5,1018.3,136
4,2023-01-12,1018.4,1020.4,1017.1,229
4,2023-01-13,1010.8,1016.6,1005.5,160
4,2023-01-14,1003.2,1004.8,1000.8,315
4,2023-01-15,1005.5,1006.7,1004.1,320
4,2023-01-16,1009.6,1015.1,1005.3,306
4,2023-01-17,1015.6,1017.4,1013.6,335
4,2023-01-18,1016.3,1017.9,1015.0,300
4,2023-01-19,1017.1,1018.5,1015.5,281
4,2023-01-20,1016.9,1018.9,1015.2,286
4,2023-01-21,1020.4,1021.8,1018.9,319
4,2023-01-22,1018.8,1021.6,1015.9,11
4,2023-01-23,1012.2,1015.3,1009.6,336
4,2023-01-24,1010.0,1015.9,1006.9,296
4,2023-01-25,1019.3,1021.2,1016.5,294
4,2023-01-26,1017.6,1019.8,1013.5,295
4,2023-01-27,1009.0,1012.7,1005.7,305
4,2023-01-28,1012.6,1015.4,1010.2,298
4,2023-01-29,1013.5,1014.9,1012.2,270
4,2023-01-30,1013.6,1016.2,1011.3,301
4,2023-01-31,1015.1,1016.8,1013.4,268
4,2023-02-01,1010.5,1013.0,1007.4,267
4,2023-02-02,1015.0,1017.3,1010.9,335
4,2023-02-03,1013.8,1015.2,1012.4,313
4,2023-02-04,1014.7,1017.8,1012.7,298
4,2023-02-05,1017.9,1019.4,1016.6,350
4,2023-02-06,1015.8,1017.6,1013.8,121
4,2023-02-07,1011.9,1013.8,1010.4,11
4,2023-02-08,1015.7,1019.5,1012.4,312
4,2023-02-09,1020.1,1022.8,1017.1,44
4,2023-02-10,1009.7,1016.0,1005.9,46
4,2023-02-11,1015.1,1016.9,1012.9,336
4,2023-02-12,1014.1,1017.2,1008.4,59
4,2023-02-13,1005.1,1009.0,1002.5,341
4,2023-02-14,1012.0,1015.0,1009.0,334
4,2023-02-15,1020.0,1024.2,1015.3,353
4,2023-02-16,1024.4,1025.9,1022.9,330
4,2023-02-17,1022.0,1024.5,1020.1,116
4,2023-02-18,1015.6,1020.2,1011.4,166
4,2023-02-19,1008.4,1011.4,1006.6,311
4,2023-02-20,1014.5,1016.6,1011.8,311
4,2023-02-21,1022.7,1026.2,1016.9,347
4,2023-02-22,1023.9,1026.7,1019.5,59
4,2023-02-23,1016.5,1018.6,1014.5,58
4,2023-02-24,1013.8,1016.8,1012.3,315
4,2023-02-25,1019.0,1023.8,1016.6,315
4,2023-02-26,1026.9,1028.7,1024.2,327
4,2023-02-27,1027.9,1030.0,1026.4,267
4,2023-02-28,1023.2,1026.4,1020.1,53
4,2023-03-01,1015.2,1019.8,1011.8,274
4,2023-03-02,1016.4,1021.3,1012.0,324
4,2023-03-03,1020.8,1022.7,1019.3,39
4,2023-03-04,1020.6,1022.0,1019.5,90
4,2023-03-05,1019.6,1021.8,1018.0,351
4,2023-03-06,1017.9,1019.7,1016.3,11
4,2023-03-07,1017.6,1019.3,1016.7,114
4,2023-03-08,1016.7,1018.8,1014.8,9
4,2023-03-09,1013.1,1015.7,1010.2,189
4,2023-03-10,1014.4,1016.8,1012.1,196
4,2023-03-11,1017.6,1019.1,1016.4,126
4,2023-03-12,1013.7,1017.8,1009.6,192
4,2023-03-13,1014.4,1016.1,1011.6,316
4,2023-03-14,1016.0,1017.4,1015.0,86
4,2023-03-15,1017.4,1019.4,1015.5,171
4,2023-03-16,1017.7,1019.2,1016.5,328
4,2023-03-17,1014.9,1017.4,1011.9,323
4,2023-03-18,1008.9,1011.5,1007.0,328
4,2023-03-19,1013.1,1014.9,1011.3,274
4,2023-03-20,1011.3,1013.8,1009.0,129
4,2023-03-21,1007.5,1009.7,1005.7,168
4,2023-03-22,1006.7,1008.1,1005.6,141
4,2023-03-23,999.4,1004.7,995.9,196
4,2023-03-24,1005.4,1008.2,1002.5,323
4,2023-03-25,1009.2,1011.1,1008.2,347
4,2023-03-26,1007.5,1010.7,1006.3,325
4,2023-03-27,1012.4,1015.2,1010.3,346
4,2023-03-28,1016.8,1019.0,1015.2,323
4,2023-03-29,1016.0,1017.8,1014.5,249
4,2023-03-30,1013.8,1015.4,1012.1,180
4,2023-03-31,1011.7,1013.2,1010.4,132
4,2023-04-01,1009.4,1011.2,1007.6,215
4,2023-04-02,1008.5,1010.8,1007.2,340
4,2023-04-03,1014.8,1017.7,1011.5,329
4,2023-04-04,1016.3,1018.2,1014.5,156
4,2023-04-05,1011.9,1015.0,1008.3,150
4,2023-04-06,1006.0,1008.5,1004.0,154
4,2023-04-07,1004.7,1007.9,1002.7,316
4,2023-04-08,1010.7,1014.6,1007.0,306
4,2023-04-09,1014.1,1015.7,1012.9,179
4,2023-04-10,1013.3,1015.1,1011.8,64
4,2023-04-11,1010.4,1012.9,1007.1,72
4,2023-04-12,1008.8,1011.7,1007.2,316
4,2023-04-13,1012.7,1014.5,1011.3,53
4,2023-04-14,1010.1,1012.8,1006.3,130
4,2023-04-15,996.9,1004.9,992.0,280
4,2023-04-16,998.3,1002.7,996.6,298
4,2023-04-17,1010.2,1014.3,1003.7,328
4,2023-04-18,1009.8,1013.6,1007.0,125
4,2023-04-19,1005.8,1007.3,1003.8,27
4,2023-04-20,1003.9,1005.5,1002.2,139
4,2023-04-21,1002.3,1005.0,1000.6,297
4,2023-04-22,1009.6,1013.5,1005.1,21
4,2023-04-23,1014.5,1015.7,1013.0,358
4,2023-04-24,1016.4,1017.5,1014.1,5
4,2023-04-25,1008.6,1015.1,1001.6,155
4,2023-04-26,1004.6,1010.8,1001.1,310
4,2023-04-27,1014.4,1016.2,1011.2,85
4,2023-04-28,1013.9,1016.1,1011.1,116
4,2023-04-29,1005.1,1011.3,999.9,156
4,2023-04-30,1004.0,1007.4,1000.7,306
4,2023-05-01,1010.0,1015.3,1006.7,295
4,2023-05-02,1017.7,1019.2,1015.6,173
4,2023-05-03,1017.7,1019.9,1016.0,141
4,2023-05-04,1013.1,1015.9,1009.6,152
4,2023-05-05,1006.4,1009.7,1003.6,153
4,2023-05-06,1000.7,1003.7,998.6,152
4,2023-05-07,998.9,1001.3,995.3,329
4,2023-05-08,1005.1,1009.9,998.4,324
4,2023-05-09,1009.6,1010.8,1008.1,330
4,2023-05-10,1009.5,1011.0,1008.5,82
4,2023-05-11,1011.7,1013.1,1010.2,101
4,2023-05-12,1012.2,1013.5,1010.7,352
4,2023-05-13,1008.8,1011.7,1005.7,138
4,2023-05-14,1003.3,1005.5,1001.5,66
4,2023-05-15,1004.2,1006.0,1002.5,50
4,2023-05-16,1007.7,1009.6,1006.4,62
4,2023-05-17,1010.1,1011.6,1008.5,35
4,2023-05-18,1006.5,1010.0,1003.1,144
4,2023-05-19,999.7,1002.1,997.9,346
4,2023-05-20,1003.1,1004.3,1001.8,325
4,2023-05-21,1003.6,1004.5,1002.0,85
4,2023-05-22,1000.3,1002.4,999.0,331
4,2023-05-23,1001.2,1005.9,998.5,318
4,2023-05-24,1008.1,1009.8,1006.1,313
4,2023-05-25,1012.2,1014.8,1010.2,144
4,2023-05-26,1014.6,1016.3,1013.2,140
4,2023-05-27,1014.8,1016.0,1013.2,145
4,2023-05-28,1011.2,1014.5,1009.0,131
4,2023-05-29,1006.4,1009.3,1004.5,67
4,2023-05-30,1003.9,1005.5,1002.5,68
4,2023-05-31,1005.0,1006.9,1003.1,71
4,2023-06-01,1003.3,1005.7,1000.8,146
4,2023-06-02,994.9,999.6,993.1,356
4,2023-06-03,999.5,1004.5,995.1,306
4,2023-06-04,1005.1,1006.3,1004.0,23
4,2023-06-05,1005.5,1006.4,1004.6,144
4,2023-06-06,1002.3,1005.1,999.0,138
4,2023-06-07,1004.2,1005.3,1002.2,94
4,2023-06-08,1001.5,1004.9,997.2,165
4,2023-06-09,1000.1,1002.7,998.1,75
4,2023-06-10,1002.7,1003.8,1001.9,129
4,2023-06-11,1001.6,1002.7,1000.2,139
4,2023-06-12,1000.2,1001.6,999.1,122
4,2023-06-13,999.3,1000.7,998.2,61
4,2023-06-14,999.6,1002.0,997.3,130
4,2023-06-15,1002.1,1005.1,1000.6,293
4,2023-06-16,1007.2,1008.8,1005.2,40
4,2023-06-17,1008.0,1009.8,1006.3,55
4,2023-06-18,1002.4,1006.0,999.7,65
4,2023-06-19,999.3,1000.7,998.0,321
4,2023-06-20,1000.7,1001.7,999.6,124
4,2023-06-21,999.8,1002.1,998.2,151
4,2023-06-22,998.2,1000.5,997.3,64
4,2023-06-23,1003.3,1007.2,1000.3,272
4,2023-06-24,1008.3,1009.7,1006.9,48
4,2023-06-25,1009.2,1010.3,1008.0,124
4,2023-06-26,1007.9,1008.7,1006.8,71
4,2023-06-27,1007.9,1009.0,1007.1,83
4,2023-06-28,1006.8,1008.4,1004.4,134
4,2023-06-29,1002.9,1004.5,1001.0,85
4,2023-06-30,1000.0,1001.2,998.7,105
4,2023-07-01,1000.9,1003.0,997.5,129
4,2023-07-02,1004.2,1005.2,1003.5,97
4,2023-07-03,1002.3,1005.0,999.6,172
4,2023-07-04,998.5,1000.4,996.6,81
4,2023-07-05,994.0,996.4,991.5,111
4,2023-07-06,998.7,1000.5,996.3,42
4,2023-07-07,1000.5,1001.6,999.8,50
4,2023-07-08,1000.4,1001.5,999.2,140
4,2023-07-09,1001.6,1003.2,1000.6,65
4,2023-07-10,1003.5,1005.4,1001.9,56
4,2023-07-11,1004.8,1006.4,1003.4,68
4,2023-07-12,1003.9,1005.4,1002.9,101
4,2023-07-13,1003.8,1004.7,1003.2,88
4,2023-07-14,1002.7,1004.1,1001.3,181
4,2023-07-15,1002.3,1004.3,1001.3,133
4,2023-07-16,1005.6,1008.3,1004.2,78
4,2023-07-17,1008.5,1009.4,1007.7,28
4,2023-07-18,1007.2,1009.3,1004.4,41
4,2023-07-19,1001.8,1004.1,999.9,85
4,2023-07-20,1002.4,1004.3,1000.6,329
4,2023-07-21,1006.7,1009.0,1004.6,57
4,2023-07-22,1009.6,1010.5,1008.6,116
4,2023-07-23,1008.1,1009.9,1006.3,130
4,2023-07-24,1007.3,1009.0,1006.3,112
4,2023-07-25,1009.4,1010.9,1008.0,117
4,2023-07-26,1010.4,1011.8,1009.0,82
4,2023-07-27,1009.2,1010.4,1007.9,18
4,2023-07-28,1009.0,1010.1,1007.3,74
4,2023-07-29,1009.7,1010.7,1008.3,133
4,2023-07-30,1009.3,1010.5,1007.6,154
4,2023-07-31,1007.7,1008.9,1005.8,163
4,2023-08-01,1005.7,1006.8,1004.0,137
4,2023-08-02,1004.1,1005.6,1002.1,148
4,2023-08-03,1002.6,1003.7,1001.1,142
4,2023-08-04,1000.6,1002.2,998.5,144
4,2023-08-05,995.9,998.9,993.7,134
4,2023-08-06,992.3,994.2,990.7,133
4,2023-08-07,992.4,994.1,991.0,101
4,2023-08-08,994.1,995.6,993.2,92
4,2023-08-09,992.9,994.1,991.0,115
4,2023-08-10,993.1,997.8,989.5,151
4,2023-08-11,998.8,1000.2,997.5,142
4,2023-08-12,999.2,1000.5,997.4,327
4,2023-08-13,997.9,998.9,996.8,289
4,2023-08-14,997.0,998.1,995.5,308
4,2023-08-15,995.6,997.2,994.6,305
4,2023-08-16,997.8,999.1,996.7,322
4,2023-08-17,998.8,1000.2,998.1,103
4,2023-08-18,1001.9,1004.5,1000.2,142
4,2023-08-19,1005.5,1006.8,1004.5,155
4,2023-08-20,1006.2,1007.7,1004.8,7
4,2023-08-21,1004.2,1006.0,1002.9,104
4,2023-08-22,1002.4,1003.7,1000.9,161
4,2023-08-23,1002.4,1003.9,1000.8,123
4,2023-08-24,1003.9,1005.4,1002.6,150
4,2023-08-25,1003.9,1005.2,1003.0,181
4,2023-08-26,1003.2,1004.5,1001.7,143
4,2023-08-27,1002.0,1003.2,1000.5,140
4,2023-08-28,1002.5,1004.4,1001.3,132
4,2023-08-29,1004.7,1006.8,1003.2,153
4,2023-08-30,1005.5,1006.9,1003.9,143
4,2023-08-31,1006.0,1007.5,1004.5,143
4,2023-09-01,1006.2,1007.4,1004.6,150
4,2023-09-02,1006.2,1007.1,1005.4,134
4,2023-09-03,1006.1,1007.4,1004.8,148
4,2023-09-04,1003.3,1005.4,1001.1,309
4,2023-09-05,1002.1,1003.4,1001.3,5
4,2023-09-06,1001.4,1003.5,1000.1,312
4,2023-09-07,1003.6,1004.7,1002.3,331
4,2023-09-08,1004.1,1005.4,1002.8,311
4,2023-09-09,1004.3,1005.3,1003.1,223
4,2023-09-10,1004.3,1005.2,1003.3,138
4,2023-09-11,1003.7,1005.5,1002.7,114
4,2023-09-12,1005.3,1006.3,1004.2,141
4,2023-09-13,1006.0,1007.2,1004.7,155
4,2023-09-14,1006.4,1008.6,1005.3,164
4,2023-09-15,1008.1,1009.3,1006.9,121
4,2023-09-16,1008.4,1009.5,1007.0,163
4,2023-09-17,1006.8,1008.2,1006.1,159
4,2023-09-18,1008.4,1009.3,1006.8,205
4,2023-09-19,1008.9,1009.9,1007.8,103
4,2023-09-20,1007.1,1009.3,1005.1,135
4,2023-09-21,1003.5,1005.5,1002.4,272
4,2023-09-22,1007.4,1009.4,1005.5,304
4,2023-09-23,1009.7,1011.6,1008.8,355
4,2023-09-24,1010.6,1011.7,1009.1,33
4,2023-09-25,1009.6,1010.8,1008.6,142
4,2023-09-26,1008.4,1010.0,1006.6,161
4,2023-09-27,1006.3,1007.6,1004.6,98
4,2023-09-28,1006.8,1008.2,1005.5,298
4,2023-09-29,1007.6,1009.3,1006.6,274
4,2023-09-30,1004.3,1006.3,1002.6,54
4,2023-10-01,1005.4,1008.0,1003.5,318
4,2023-10-02,1009.5,1011.3,1008.2,336
4,2023-10-03,1010.4,1012.4,1009.0,70
4,2023-10-04,1006.4,1009.2,1004.0,228
4,2023-10-05,1005.5,1009.2,1003.8,311
4,2023-10-06,1010.4,1012.4,1008.9,315
4,2023-10-07,1013.9,1015.6,1012.4,33
4,2023-10-08,1015.0,1016.7,1014.0,80
4,2023-10-09,1010.6,1013.5,1009.1,338
4,2023-10-10,1010.9,1014.0,1009.6,317
4,2023-10-11,1014.9,1016.8,1013.8,358
4,2023-10-12,1015.1,1017.0,1013.1,354
4,2023-10-13,1010.9,1014.1,1007.7,360
4,2023-10-14,1004.4,1007.5,1002.3,273
4,2023-10-15,1003.4,1006.6,1002.1,282
4,2023-10-16,1007.7,1009.5,1006.5,278
4,2023-10-17,1011.2,1014.3,1009.5,291
4,2023-10-18,1014.5,1016.5,1013.0,126
4,2023-10-19,1012.0,1014.4,1009.3,67
4,2023-10-20,1007.1,1009.7,1005.2,297
4,2023-10-21,1012.8,1016.4,1009.4,302
4,2023-10-22,1016.5,1017.8,1015.2,230
4,2023-10-23,1016.7,1018.6,1014.8,126
4,2023-10-24,1014.4,1016.8,1012.3,280
4,2023-10-25,1011.3,1012.7,1009.3,299
4,2023-10-26,1009.6,1011.4,1008.2,267
4,2023-10-27,1006.3,1007.9,1004.1,268
4,2023-10-28,1009.9,1013.0,1007.4,312
4,2023-10-29,1014.1,1016.4,1012.7,310
4,2023-10-30,1015.7,1017.1,1014.7,283
4,2023-10-31,1016.5,1018.0,1015.4,299
4,2023-11-01,1015.6,1017.0,1014.2,225
4,2023-11-02,1014.1,1015.7,1012.8,230
4,2023-11-03,1012.6,1014.0,1011.5,6
4,2023-11-04,1015.0,1017.6,1013.5,97
4,2023-11-05,1015.3,1017.4,1012.4,159
4,2023-11-06,1007.3,1011.7,1004.1,245
4,2023-11-07,1011.8,1015.3,1007.8,302
4,2023-11-08,1015.4,1016.7,1014.3,244
4,2023-11-09,1015.5,1017.5,1013.8,149
4,2023-11-10,1011.3,1014.1,1008.7,300
4,2023-11-11,1015.2,1016.8,1013.6,312
4,2023-11-12,1014.8,1015.9,1013.5,303
4,2023-11-13,1016.6,1019.6,1014.3,302
4,2023-11-14,1018.8,1020.8,1016.8,255
4,2023-11-15,1019.4,1021.1,1018.2,298
4,2023-11-16,1015.4,1021.1,1009.0,204
4,2023-11-17,1006.7,1009.4,1005.3,277
4,2023-11-18,1007.6,1012.4,1003.9,285
4,2023-11-19,1012.0,1013.5,1010.4,267
4,2023-11-20,1014.5,1017.5,1011.6,295
4,2023-11-21,1016.1,1017.9,1014.4,187
4,2023-11-22,1013.1,1015.4,1010.7,21
4,2023-11-23,1008.9,1010.7,1007.3,246
4,2023-11-24,1014.3,1020.0,1008.3,312
4,2023-11-25,1021.4,1023.5,1020.2,324
4,2023-11-26,1017.5,1021.1,1014.6,63
4,2023-11-27,1010.0,1014.1,1006.9,239
4,2023-11-28,1011.9,1016.4,1007.8,291
4,2023-11-29,1016.3,1018.2,1014.7,281
4,2023-11-30,1015.9,1017.3,1014.8,311
4,2023-12-01,1015.9,1017.2,1014.6,296
4,2023-12-02,1018.4,1020.5,1016.9,295
4,2023-12-03,1018.0,1019.0,1017.0,282
4,2023-12-04,1016.1,1018.5,1013.5,167
4,2023-12-05,1010.5,1013.6,1008.1,305
4,2023-12-06,1007.4,1009.8,1003.6,246
4,2023-12-07,1009.3,1014.8,1003.6,298
4,2023-12-08,1014.4,1016.5,1012.8,185
4,2023-12-09,1014.8,1016.1,1013.7,218
4,2023-12-10,1016.2,1018.1,1015.2,249
4,2023-12-11,1011.1,1016.1,1003.4,146
4,2023-12-12,1007.2,1015.7,1002.0,307
4,2023-12-13,1020.1,1022.0,1016.0,327
4,2023-12-14,1018.8,1021.8,1015.0,142
4,2023-12-15,1008.3,1014.5,1004.9,158
4,2023-12-16,1009.5,1014.5,1006.1,301
4,2023-12-17,1020.7,1024.7,1014.8,303
4,2023-12-18,1024.0,1025.7,1022.7,312
4,2023-12-19,1019.2,1023.1,1016.8,327
4,2023-12-20,1015.1,1016.5,1013.2,290
4,2023-12-21,1018.1,1021.4,1015.4,296
4,2023-12-22,1023.6,1027.8,1021.3,290
4,2023-12-23,1027.3,1028.7,1025.8,280
4,2023-12-24,1023.4,1027.1,1020.1,286
4,2023-12-25,1021.1,1023.4,1019.4,289
4,2023-12-26,1022.8,1024.1,1021.5,270
4,2023-12-27,1022.7,1024.4,1021.8,294
4,2023-12-28,1020.3,1022.1,1018.4,275
4,2023-12-29,1018.7,1020.2,1017.0,274
4,2023-12-30,1013.3,1017.6,1008.1,124
4,2023-12-31,1006.9,1013.7,1003.8,294
4,2024-01-01,1018.2,1020.5,1014.8,312
4,2024-01-02,1015.5,1018.5,1012.9,308
4,2024-01-03,1010.2,1013.1,1007.5,297
4,2024-01-04,1014.9,1017.3,1011.5,305
4,2024-01-05,1016.5,1018.8,1014.8,245
4,2024-01-06,1012.6,1014.7,1009.8,289
4,2024-01-07,1014.3,1017.0,1012.4,296
4,2024-01-08,1018.5,1020.8,1017.2,318
4,2024-01-09,1014.9,1018.1,1011.4,162
4,2024-01-10,1007.7,1010.8,1006.3,295
4,2024-01-11,1010.2,1011.9,1008.8,299
4,2024-01-12,1010.6,1011.5,1009.4,281
4,2024-01-13,1014.6,1019.9,1011.0,308
4,2024-01-14,1017.3,1020.0,1013.3,323
4,2024-01-15,1013.6,1018.3,1009.5,314
4,2024-01-16,1022.5,1025.7,1018.5,317
4,2024-01-17,1021.9,1024.9,1018.8,134
4,2024-01-18,1015.4,1018.5,1013.0,242
4,2024-01-19,1017.1,1019.1,1014.8,26
4,2024-01-20,1014.3,1018.3,1008.3,66
4,2024-01-21,1011.3,1015.7,1007.3,320
4,2024-01-22,1014.2,1015.7,1012.4,291
4,2024-01-23,1013.2,1014.6,1011.6,292
4,2024-01-24,1013.3,1016.0,1011.9,295
4,2024-01-25,1017.3,1019.4,1015.7,299
4,2024-01-26,1019.0,1020.1,1017.5,297
4,2024-01-27,1018.3,1020.2,1016.5,282
4,2024-01-28,1018.2,1022.7,1015.8,289
4,2024-01-29,1022.8,1024.2,1021.6,259
4,2024-01-30,1022.8,1024.4,1020.7,124
4,2024-01-31,1016.6,1020.5,1013.7,86
4,2024-02-01,1014.7,1015.9,1013.7,336
4,2024-02-02,1018.4,1021.2,1016.1,24
4,2024-02-03,1020.2,1022.7,1017.7,36
4,2024-02-04,1017.2,1018.8,1015.9,50
4,2024-02-05,1008.6,1014.6,1004.1,18
4,2024-02-06,1015.5,1017.8,1013.9,312
4,2024-02-07,1013.0,1014.7,1011.7,309
4,2024-02-08,1012.3,1013.7,1011.1,321
4,2024-02-09,1013.1,1014.8,1011.4,302
4,2024-02-10,1015.5,1017.9,1013.9,284
4,2024-02-11,1016.4,1017.6,1014.6,277
4,2024-02-12,1022.7,1025.6,1017.6,311
4,2024-02-13,1023.9,1025.7,1022.2,90
4,2024-02-14,1019.6,1022.7,1015.9,192
4,2024-02-15,1010.5,1015.8,1005.4,313
4,2024-02-16,1014.9,1016.6,1012.6,327
4,2024-02-17,1016.5,1018.2,1015.1,98
4,2024-02-18,1017.4,1019.5,1015.6,138
4,2024-02-19,1010.1,1014.9,1005.8,148
4,2024-02-20,1012.4,1014.0,1010.3,132
4,2024-02-21,1010.2,1013.0,1007.9,65
4,2024-02-22,1012.7,1016.1,1008.8,353
4,2024-02-23,1017.5,1021.0,1015.4,348
4,2024-02-24,1018.9,1021.7,1015.8,18
4,2024-02-25,1011.8,1014.9,1009.0,327
4,2024-02-26,1016.0,1019.4,1013.6,326
4,2024-02-27,1020.7,1022.1,1019.4,329
4,2024-02-28,1021.6,1023.1,1020.0,324
4,2024-02-29,1011.7,1019.6,1004.4,355
4,2024-03-01,1009.6,1013.4,1006.5,309
4,2024-03-02,1014.2,1015.6,1011.9,306
4,2024-03-03,1014.7,1015.6,1013.1,267
4,2024-03-04,1015.8,1017.9,1014.0,222
4,2024-03-05,1005.3,1013.0,999.8,87
4,2024-03-06,1003.2,1008.7,999.9,336
4,2024-03-07,1009.2,1011.4,1007.1,6
4,2024-03-08,1007.8,1010.0,1005.9,306
4,2024-03-09,1014.3,1019.3,1010.2,317
4,2024-03-10,1021.8,1023.8,1019.7,335
4,2024-03-11,1016.8,1022.6,1010.0,58
4,2024-03-12,1004.8,1008.8,1002.4,317
4,2024-03-13,1013.3,1015.8,1008.9,315
4,2024-03-14,1015.0,1016.6,1013.3,298
4,2024-03-15,1017.0,1018.6,1015.7,259
4,2024-03-16,1015.7,1017.6,1013.5,238
4,2024-03-17,1008.1,1013.2,1004.4,345
4,2024-03-18,1013.2,1015.4,1007.9,331
4,2024-03-19,1011.5,1014.4,1007.4,270
4,2024-03-20,1009.6,1013.0,1006.8,303
4,2024-03-21,1011.8,1014.0,1009.8,316
4,2024-03-22,1013.8,1016.6,1011.3,139
4,2024-03-23,1009.7,1011.5,1007.9,156
4,2024-03-24,1010.1,1011.4,1009.2,65
4,2024-03-25,1007.0,1009.2,1004.1,64
4,2024-03-26,1004.9,1015.1,997.6,326
4,2024-03-27,1017.1,1019.0,1015.5,343
4,2024-03-28,1008.3,1016.0,999.3,154
4,2024-03-29,1003.2,1006.6,999.3,284
4,2024-03-30,1007.5,1010.8,1004.6,130
4,2024-03-31,1005.0,1007.6,1002.7,96
4,2024-04-01,1007.0,1011.1,1002.6,316
4,2024-04-02,1010.2,1012.8,1008.6,151
4,2024-04-03,1000.5,1008.4,994.9,110
4,2024-04-04,1005.3,1010.7,999.6,312
4,2024-04-05,1011.5,1013.5,1010.3,79
4,2024-04-06,1012.3,1013.8,1010.9,128
4,2024-04-07,1010.8,1012.1,1009.5,134
4,2024-04-08,1008.4,1010.6,1005.5,122
4,2024-04-09,1010.7,1018.0,1004.2,320
4,2024-04-10,1019.1,1020.8,1018.0,94
4,2024-04-11,1017.5,1020.1,1015.4,154
4,2024-04-12,1012.6,1016.1,1009.9,144
4,2024-04-13,1011.6,1013.0,1010.4,335
4,2024-04-14,1014.0,1015.7,1012.7,150
4,2024-04-15,1010.7,1013.9,1007.9,149
4,2024-04-16,1006.5,1008.5,1004.5,149
4,2024-04-17,1004.7,1006.3,1002.3,287
4,2024-04-18,1001.2,1004.8,999.2,313
4,2024-04-19,1007.0,1008.6,1005.1,288
4,2024-04-20,1006.5,1008.3,1004.6,139
4,2024-04-21,1003.5,1004.7,1002.3,66
4,2024-04-22,1004.3,1006.3,1002.7,360
4,2024-04-23,1003.6,1006.2,1001.0,79
4,2024-04-24,1000.9,1003.7,999.6,333
4,2024-04-25,1004.8,1006.6,1003.4,161
4,2024-04-26,1005.5,1006.3,1004.4,115
4,2024-04-27,1005.1,1007.2,1004.2,118
4,2024-04-28,1008.1,1009.6,1007.3,71
4,2024-04-29,1002.5,1007.5,998.7,93
4,2024-04-30,998.3,1002.0,996.6,324
4,2024-05-01,1002.2,1007.8,999.5,330
4,2024-05-02,1010.5,1012.5,1008.0,0
4,2024-05-03,1012.5,1013.8,1011.0,122
4,2024-05-04,1013.1,1014.4,1012.1,152
4,2024-05-05,1012.2,1014.3,1010.2,157
4,2024-05-06,1005.9,1009.4,1003.8,148
4,2024-05-07,1004.2,1006.2,1002.8,293
4,2024-05-08,1007.1,1010.0,1005.9,337
4,2024-05-09,1011.7,1014.1,1010.1,318
4,2024-05-10,1014.3,1015.9,1012.9,106
4,2024-05-11,1012.5,1015.2,1009.5,156
4,2024-05-12,1004.8,1010.3,1000.5,136
4,2024-05-13,1004.7,1009.0,1002.0,312
4,2024-05-14,1009.8,1010.9,1008.7,159
4,2024-05-15,1006.5,1010.3,1002.3,106
4,2024-05-16,1003.6,1007.2,1001.3,273
4,2024-05-17,1010.7,1013.1,1007.4,146
4,2024-05-18,1012.3,1014.0,1010.4,100
4,2024-05-19,1010.1,1011.8,1008.4,141
4,2024-05-20,1008.6,1010.4,1007.8,27
4,2024-05-21,1011.2,1012.7,1010.1,246
4,2024-05-22,1010.7,1012.0,1008.9,137
4,2024-05-23,1005.9,1009.1,1003.2,148
4,2024-05-24,1004.9,1007.6,1003.7,322
4,2024-05-25,1009.0,1010.9,1007.3,76
4,2024-05-26,1006.2,1009.1,1002.2,155
4,2024-05-27,998.1,1000.5,997.1,81
4,2024-05-28,995.6,1001.7,992.6,312
4,2024-05-29,1006.0,1007.7,1002.2,308
4,2024-05-30,1006.3,1007.9,1004.5,134
4,2024-05-31,1003.7,1005.1,1002.2,332
4,2024-06-01,1003.7,1004.9,1002.2,55
4,2024-06-02,1002.7,1003.7,1001.3,312
4,2024-06-03,1003.6,1005.7,1002.3,318
4,2024-06-04,1007.4,1010.8,1005.7,313
4,2024-06-05,1012.0,1013.1,1011.2,107
4,2024-06-06,1011.8,1013.0,1010.4,136
4,2024-06-07,1009.4,1011.1,1007.7,140
4,2024-06-08,1006.8,1009.4,1004.7,149
4,2024-06-09,1001.9,1004.3,1000.2,79
4,2024-06-10,1003.3,1004.5,1002.5,87
4,2024-06-11,1003.3,1004.8,1001.4,112
4,2024-06-12,1001.2,1002.9,999.5,151
4,2024-06-13,999.1,1000.9,998.2,145
4,2024-06-14,1001.0,1002.5,999.9,127
4,2024-06-15,998.7,1001.0,996.1,154
4,2024-06-16,1000.1,1003.5,997.7,301
4,2024-06-17,1003.0,1004.5,1001.4,35
4,2024-06-18,999.3,1002.5,997.5,324
4,2024-06-19,1004.0,1005.0,1002.8,357
4,2024-06-20,1002.8,1004.2,999.2,162
4,2024-06-21,997.6,1001.5,994.3,60
4,2024-06-22,998.8,1001.2,996.3,122
4,2024-06-23,995.9,998.4,994.8,165
4,2024-06-24,1000.4,1003.0,998.2,108
4,2024-06-25,1005.0,1008.5,1002.4,89
4,2024-06-26,1009.7,1010.8,1008.3,93
4,2024-06-27,1008.4,1010.5,1004.3,104
4,2024-06-28,1002.4,1004.2,1001.4,67
4,2024-06-29,1004.4,1005.4,1003.1,104
4,2024-06-30,1000.6,1004.0,998.8,151
4,2024-07-01,1000.2,1002.5,999.1,57
4,2024-07-02,1004.6,1007.8,1002.5,66
4,2024-07-03,1007.6,1009.3,1006.3,234
4,2024-07-04,1005.5,1007.8,1003.7,268
4,2024-07-05,1002.6,1004.1,1001.1,231
4,2024-07-06,1003.8,1005.1,1002.6,98
4,2024-07-07,1004.2,1005.3,1003.3,237
4,2024-07-08,1002.6,1004.0,1001.1,174
4,2024-07-09,1002.5,1003.7,1000.4,221
4,2024-07-10,999.7,1002.8,997.3,193
4,2024-07-11,996.9,997.8,995.7,29
4,2024-07-12,997.3,999.4,995.4,334
4,2024-07-13,1001.4,1005.1,999.1,95
4,2024-07-14,1006.1,1008.9,1005.0,44
4,2024-07-15,1007.9,1009.2,1006.8,80
4,2024-07-16,1008.8,1009.8,1008.0,87
4,2024-07-17,1007.6,1009.1,1005.9,61
4,2024-07-18,1004.4,1006.3,1002.5,89
4,2024-07-19,1003.6,1004.8,1002.5,95
4,2024-07-20,1005.9,1006.9,1004.9,73
4,2024-07-21,1005.8,1006.6,1004.7,75
4,2024-07-22,1005.2,1006.4,1004.0,63
4,2024-07-23,1003.1,1004.3,1001.8,59
4,2024-07-24,1002.1,1003.3,1000.6,78
4,2024-07-25,1003.0,1005.4,1001.9,142
4,2024-07-26,1007.8,1012.2,1005.5,147
4,2024-07-27,1012.2,1013.9,1010.9,128
4,2024-07-28,1010.5,1013.4,1008.3,82
4,2024-07-29,1005.4,1008.6,1002.6,326
4,2024-07-30,1001.9,1002.8,1000.4,295
4,2024-07-31,1001.8,1003.1,1000.3,310
4,2024-08-01,1001.0,1002.7,999.3,339
4,2024-08-02,1000.7,1002.0,999.5,88
4,2024-08-03,1002.1,1003.1,1001.0,78
4,2024-08-04,1002.4,1003.1,1001.4,36
4,2024-08-05,1001.6,1002.8,1000.0,58
4,2024-08-06,1000.9,1002.0,999.7,6
4,2024-08-07,999.6,1001.1,997.8,355
4,2024-08-08,998.5,999.3,997.0,17
4,2024-08-09,997.9,998.7,996.7,312
4,2024-08-10,997.1,998.0,995.6,328
4,2024-08-11,996.5,997.7,994.9,45
4,2024-08-12,997.7,999.6,996.7,60
4,2024-08-13,1000.6,1001.9,999.5,46
4,2024-08-14,1001.5,1002.6,1000.3,63
4,2024-08-15,1000.9,1002.0,999.2,60
4,2024-08-16,1000.9,1002.6,999.5,328
4,2024-08-17,1003.0,1004.0,1002.0,34
4,2024-08-18,1003.7,1005.0,1002.3,78
4,2024-08-19,1004.6,1006.7,1003.6,142
4,2024-08-20,1006.7,1008.2,1005.4,150
4,2024-08-21,1006.4,1008.3,1004.9,74
4,2024-08-22,1004.4,1005.6,1002.5,104
4,2024-08-23,1004.7,1005.7,1003.4,121
4,2024-08-24,1005.6,1007.5,1004.4,82
4,2024-08-25,1004.1,1006.0,1002.7,30
4,2024-08-26,1002.0,1003.3,1000.4,141
4,2024-08-27,999.8,1001.1,998.3,142
4,2024-08-28,1000.3,1001.9,998.2,103
4,2024-08-29,990.1,998.1,985.8,100
4,2024-08-30,989.5,994.5,986.3,303
4,2024-08-31,998.1,1001.6,994.1,307
4,2024-09-01,1001.4,1002.4,1000.5,252
4,2024-09-02,1003.2,1004.7,1001.9,45
4,2024-09-03,1004.3,1005.8,1003.1,310
4,2024-09-04,1003.5,1004.7,1002.3,340
4,2024-09-05,1003.1,1004.2,1001.9,128
4,2024-09-06,1005.8,1008.0,1004.0,97
4,2024-09-07,1008.3,1009.5,1007.3,107
4,2024-09-08,1007.7,1009.2,1005.9,106
4,2024-09-09,1006.9,1008.2,1005.4,135
4,2024-09-10,1008.4,1010.5,1007.0,138
4,2024-09-11,1010.9,1012.3,1009.4,139
4,2024-09-12,1009.6,1011.3,1007.8,97
4,2024-09-13,1004.7,1007.5,1002.5,139
4,2024-09-14,1001.6,1002.5,999.9,134
4,2024-09-15,1003.7,1007.1,1001.0,136
4,2024-09-16,1008.9,1010.6,1007.1,125
4,2024-09-17,1009.6,1010.8,1007.7,138
4,2024-09-18,1009.4,1010.6,1008.2,154
4,2024-09-19,1010.2,1011.3,1009.3,147
4,2024-09-20,1008.1,1010.9,1006.0,156
4,2024-09-21,1003.3,1006.4,1000.3,114
4,2024-09-22,1001.4,1005.8,998.5,20
4,2024-09-23,1007.9,1010.1,1006.2,6
4,2024-09-24,1008.4,1009.3,1007.1,91
4,2024-09-25,1007.7,1008.8,1006.7,157
4,2024-09-26,1006.3,1007.6,1005.1,346
4,2024-09-27,1004.8,1006.2,1003.4,290
4,2024-09-28,1007.9,1010.8,1005.4,309
4,2024-09-29,1011.2,1012.8,1009.8,44
4,2024-09-30,1009.1,1011.4,1007.2,147
4,2024-10-01,1004.8,1007.1,1002.6,298
4,2024-10-02,1006.6,1009.0,1004.4,304
4,2024-10-03,1008.7,1011.1,1007.2,309
4,2024-10-04,1013.9,1016.7,1010.9,301
4,2024-10-05,1014.0,1015.0,1012.7,24
4,2024-10-06,1011.7,1013.4,1009.6,154
4,2024-10-07,1008.1,1010.2,1006.3,316
4,2024-10-08,1006.1,1007.8,1005.2,316
4,2024-10-09,1006.8,1008.5,1005.3,320
4,2024-10-10,1006.5,1008.2,1005.2,310
4,2024-10-11,1010.5,1013.3,1008.4,308
4,2024-10-12,1015.2,1016.7,1013.5,348
4,2024-10-13,1016.2,1017.4,1015.1,71
4,2024-10-14,1014.9,1016.0,1013.4,167
4,2024-10-15,1013.0,1014.4,1011.3,173
4,2024-10-16,1013.7,1015.0,1012.4,262
4,2024-10-17,1014.7,1015.8,1014.0,139
4,2024-10-18,1011.9,1014.2,1009.5,149
4,2024-10-19,1009.1,1014.8,1007.4,313
4,2024-10-20,1019.0,1021.0,1015.5,23
4,2024-10-21,1018.3,1019.9,1017.4,134
4,2024-10-22,1012.0,1017.2,1008.0,134
4,2024-10-23,1008.3,1011.3,1005.1,298
4,2024-10-24,1012.2,1014.9,1010.7,274
4,2024-10-25,1016.3,1017.8,1014.9,32
4,2024-10-26,1013.5,1015.6,1011.7,171
4,2024-10-27,1007.0,1011.3,1004.5,228
4,2024-10-28,1005.6,1008.7,1003.5,320
4,2024-10-29,1009.4,1010.9,1008.5,357
4,2024-10-30,1013.0,1015.9,1010.7,316
4,2024-10-31,1016.0,1017.0,1015.1,158
4,2024-11-01,1012.2,1015.9,1007.6,141
4,2024-11-02,1003.9,1011.7,998.2,309
4,2024-11-03,1014.3,1015.8,1012.2,334
4,2024-11-04,1013.6,1015.3,1012.1,313
4,2024-11-05,1010.7,1012.7,1008.3,300
4,2024-11-06,1014.0,1019.1,1010.7,309
4,2024-11-07,1020.8,1022.7,1018.6,20
4,2024-11-08,1021.3,1023.1,1019.8,34
4,2024-11-09,1019.0,1019.9,1018.1,104
4,2024-11-10,1015.2,1018.3,1013.4,140
4,2024-11-11,1011.7,1013.2,1010.2,319
4,2024-11-12,1011.1,1012.6,1009.1,310
4,2024-11-13,1013.9,1015.5,1012.5,345
4,2024-11-14,1014.4,1016.1,1012.8,153
4,2024-11-15,1011.7,1012.7,1010.5,58
4,2024-11-16,1010.4,1012.0,1008.6,157
4,2024-11-17,1009.4,1012.0,1007.7,306
4,2024-11-18,1016.6,1021.7,1012.4,329
4,2024-11-19,1021.0,1023.2,1018.9,5
4,2024-11-20,1016.0,1018.6,1013.9,299
4,2024-11-21,1012.8,1014.0,1011.3,304
4,2024-11-22,1012.8,1015.0,1011.0,295
4,2024-11-23,1017.6,1020.3,1015.1,317
4,2024-11-24,1021.8,1023.2,1020.6,324
4,2024-11-25,1021.1,1023.2,1017.0,275
4,2024-11-26,1009.0,1015.7,1005.7,251
4,2024-11-27,1007.5,1008.8,1005.1,272
4,2024-11-28,1007.0,1009.2,1005.1,269
4,2024-11-29,1005.0,1006.8,1003.9,285
4,2024-11-30,1008.4,1011.7,1006.7,286
4,2024-12-01,1011.3,1012.8,1010.0,269
4,2024-12-02,1011.7,1012.8,1010.5,263
4,2024-12-03,1012.3,1013.4,1011.1,282
4,2024-12-04,1012.8,1014.3,1011.5,311
4,2024-12-05,1010.5,1011.7,1009.3,280
4,2024-12-06,1012.0,1013.9,1010.7,275
4,2024-12-07,1014.7,1016.7,1013.2,294
4,2024-12-08,1014.4,1016.7,1012.6,302
4,2024-12-09,1016.1,1018.3,1014.4,284
4,2024-12-10,1014.6,1016.0,1012.9,287
4,2024-12-11,1012.3,1014.1,1010.2,284
4,2024-12-12,1013.4,1015.3,1011.8,298
4,2024-12-13,1011.7,1014.5,1009.2,285
4,2024-12-14,1014.0,1016.3,1011.5,293
4,2024-12-15,1014.3,1015.9,1012.9,278
4,2024-12-16,1014.4,1016.2,1012.6,283
4,2024-12-17,1016.2,1017.6,1014.8,285
4,2024-12-18,1014.5,1015.9,1012.3,295
4,2024-12-19,1017.4,1020.2,1013.5,321
4,2024-12-20,1017.1,1019.8,1013.7,3
4,2024-12-21,1009.8,1013.4,1006.8,286
4,2024-12-22,1013.6,1017.9,1009.5,297
4,2024-12-23,1017.5,1019.0,1015.9,279
4,2024-12-24,1018.9,1022.3,1016.9,290
4,2024-12-25,1019.7,1022.3,1017.6,267
4,2024-12-26,1014.8,1017.3,1012.0,285
4,2024-12-27,1015.3,1017.4,1013.8,290
4,2024-12-28,1013.8,1016.0,1012.0,292
4,2024-12-29,1018.6,1021.2,1015.7,288
4,2024-12-30,1016.4,1020.1,1011.6,257
4,2024-12-31,1009.9,1014.4,1007.3,296
4,2025-01-01,1015.1,1017.0,1013.4,287
4,2025-01-02,1015.2,1016.7,1013.4,293
4,2025-01-03,1015.7,1018.4,1013.6,292
4,2025-01-04,1018.7,1020.5,1017.6,285
4,2025-01-05,1017.5,1020.1,1013.7,211
4,2025-01-06,1008.6,1013.1,1004.4,291
4,2025-01-07,1009.8,1011.9,1008.1,293
4,2025-01-08,1013.0,1015.1,1011.8,288
4,2025-01-09,1012.9,1015.1,1011.3,297
4,2025-01-10,1019.8,1022.8,1015.3,299
4,2025-01-11,1020.7,1022.9,1018.9,287
4,2025-01-12,1015.4,1018.2,1013.1,280
4,2025-01-13,1018.4,1020.3,1016.3,278
4,2025-01-14,1019.0,1021.4,1016.7,264
4,2025-01-15,1016.5,1019.4,1014.4,300
4,2025-01-16,1017.4,1019.4,1015.3,282
4,2025-01-17,1017.7,1019.2,1016.6,299
4,2025-01-18,1017.8,1020.0,1016.2,246
4,2025-01-19,1011.9,1015.7,1009.5,20
4,2025-01-20,1008.7,1010.7,1006.8,280
4,2025-01-21,1013.1,1016.5,1010.9,296
4,2025-01-22,1017.3,1019.1,1016.1,287
4,2025-01-23,1016.8,1018.2,1014.9,359
4,2025-01-24,1016.2,1017.5,1014.8,291
4,2025-01-25,1017.3,1019.0,1015.6,359
4,2025-01-26,1016.4,1018.9,1012.0,8
4,2025-01-27,1008.7,1011.1,1005.5,292
4,2025-01-28,1010.3,1012.0,1008.5,280
4,2025-01-29,1014.5,1017.4,1012.2,289
4,2025-01-30,1019.9,1021.9,1017.4,299
4,2025-01-31,1020.6,1021.8,1019.7,300
4,2025-02-01,1012.9,1019.7,1007.3,76
4,2025-02-02,1007.8,1009.3,1006.5,319
4,2025-02-03,1007.2,1008.9,1004.8,292
4,2025-02-04,1007.0,1008.9,1004.4,292
4,2025-02-05,1008.3,1009.8,1007.5,289
4,2025-02-06,1013.1,1015.3,1010.3,293
4,2025-02-07,1010.5,1014.1,1006.4,275
4,2025-02-08,1015.4,1018.8,1012.7,292
4,2025-02-09,1017.5,1019.0,1015.7,284
4,2025-02-10,1018.2,1019.8,1017.1,283
4,2025-02-11,1021.5,1024.3,1019.9,303
4,2025-02-12,1010.9,1020.1,1004.1,195
4,2025-02-13,1012.9,1016.2,1006.8,308
4,2025-02-14,1014.9,1016.6,1012.6,295
4,2025-02-15,1012.5,1014.8,1010.5,300
4,2025-02-16,1008.8,1011.4,1006.5,298
4,2025-02-17,1011.6,1014.8,1008.3,299
4,2025-02-18,1014.4,1016.5,1012.9,297
4,2025-02-19,1017.1,1019.9,1015.5,300
4,2025-02-20,1019.3,1020.9,1017.4,293
4,2025-02-21,1019.8,1021.8,1017.6,300
4,2025-02-22,1022.0,1023.4,1020.6,301
4,2025-02-23,1020.5,1023.2,1017.2,290
4,2025-02-24,1021.4,1024.9,1019.3,294
4,2025-02-25,1021.7,1024.4,1019.0,289
4,2025-02-26,1017.5,1019.3,1015.6,282
4,2025-02-27,1017.3,1019.0,1016.0,279
4,2025-02-28,1014.5,1015.8,1012.8,26
4,2025-03-01,1014.1,1016.4,1011.3,42
4,2025-03-02,1009.5,1012.1,1005.8,84
4,2025-03-03,1007.8,1014.3,1000.9,2
4,2025-03-04,1008.9,1013.7,1004.0,90
4,2025-03-05,1010.0,1013.8,1006.8,320
4,2025-03-06,1015.3,1019.1,1013.4,333
4,2025-03-07,1020.2,1022.0,1019.0,358
4,2025-03-08,1019.6,1020.7,1018.5,48
4,2025-03-09,1022.1,1024.0,1020.6,314
4,2025-03-10,1021.4,1023.3,1018.9,75
4,2025-03-11,1014.6,1018.0,1012.6,103
4,2025-03-12,1010.7,1013.4,1009.1,67
4,2025-03-13,1012.8,1015.8,1010.3,304
4,2025-03-14,1017.5,1019.7,1015.8,289
4,2025-03-15,1013.3,1017.1,1008.1,44
4,2025-03-16,1002.4,1006.7,1000.4,308
4,2025-03-17,1007.6,1011.7,1004.4,292
4,2025-03-18,1008.6,1012.0,1006.2,268
4,2025-03-19,1015.1,1017.9,1010.0,306
4,2025-03-20,1015.5,1017.7,1012.9,279
4,2025-03-21,1010.9,1013.1,1008.3,251
4,2025-03-22,1007.3,1008.6,1005.5,263
4,2025-03-23,1006.8,1008.3,1005.6,261
4,2025-03-24,1003.6,1006.5,1001.3,225
4,2025-03-25,999.9,1001.5,998.0,226
4,2025-03-26,1002.2,1004.1,999.3,90
4,2025-03-27,998.0,1002.8,994.2,197
4,2025-03-28,1001.7,1009.3,994.7,322
4,2025-03-29,1012.7,1016.5,1009.7,313
4,2025-03-30,1019.5,1021.7,1016.7,328
4,2025-03-31,1019.9,1021.8,1017.4,8
4,2025-04-01,1015.1,1017.7,1012.4,35
4,2025-04-02,1010.2,1013.3,1007.8,314
4,2025-04-03,1011.5,1013.9,1009.9,314
4,2025-04-04,1013.6,1014.6,1012.1,311
4,2025-04-05,1010.4,1013.8,1006.8,148
4,2025-04-06,1008.6,1011.6,1007.1,310
4,2025-04-07,1012.6,1014.0,1011.2,305
4,2025-04-08,1009.4,1012.8,1006.3,256
4,2025-04-09,1006.9,1008.9,1005.1,73
4,2025-04-10,1002.2,1005.4,999.8,72
4,2025-04-11,1003.0,1006.6,1000.2,317
4,2025-04-12,1005.6,1008.3,1000.6,122
4,2025-04-13,997.5,1001.2,993.3,258
4,2025-04-14,995.8,1001.4,992.1,234
4,2025-04-15,998.4,1003.7,993.1,288
4,2025-04-16,1006.0,1008.6,1004.1,55
4,2025-04-17,1007.6,1009.5,1005.4,36
4,2025-04-18,1007.6,1009.0,1006.1,53
4,2025-04-19,1007.2,1009.2,1004.5,95
4,2025-04-20,1006.6,1008.7,1005.3,31
4,2025-04-21,1009.9,1011.2,1009.0,89
4,2025-04-22,1003.7,1009.0,997.3,140
4,2025-04-23,997.5,1000.2,995.3,311
4,2025-04-24,1001.4,1002.8,999.9,310
4,2025-04-25,1006.5,1010.2,1002.1,314
4,2025-04-26,1012.0,1013.9,1009.5,302
4,2025-04-27,1011.3,1013.9,1008.4,357
4,2025-04-28,1003.2,1008.7,999.1,304
4,2025-04-29,1006.0,1010.3,1001.1,309
4,2025-04-30,1011.3,1012.8,1010.1,97
4,2025-05-01,1008.0,1011.6,1002.0,155
4,2025-05-02,1002.4,1006.0,1000.2,300
4,2025-05-03,1003.0,1005.6,999.8,106
4,2025-05-04,1005.8,1009.2,1001.7,318
4,2025-05-05,1006.5,1009.7,1003.2,143
4,2025-05-06,998.5,1002.0,995.9,19
4,2025-05-07,1006.1,1010.1,1002.1,322
4,2025-05-08,1012.4,1013.7,1010.3,103
4,2025-05-09,1006.8,1013.3,999.7,142
4,2025-05-10,998.9,1002.3,997.1,266
4,2025-05-11,1002.5,1003.7,1001.4,317
4,2025-05-12,1005.6,1009.3,1002.8,313
4,2025-05-13,1011.5,1012.7,1009.1,50
4,2025-05-14,1012.9,1014.6,1011.5,88
4,2025-05-15,1012.8,1014.2,1011.6,78
4,2025-05-16,1011.0,1013.5,1006.4,139
4,2025-05-17,1002.0,1005.6,1000.9,133
4,2025-05-18,1003.8,1005.6,1002.8,55
4,2025-05-19,1005.2,1006.4,1003.8,72
4,2025-05-20,1006.0,1008.1,1004.8,56
4,2025-05-21,1002.2,1006.0,997.1,113
4,2025-05-22,998.3,1002.8,994.9,315
4,2025-05-23,1004.3,1006.0,1002.5,42
4,2025-05-24,997.9,1004.7,991.4,90
4,2025-05-25,1005.5,1011.2,999.3,312
4,2025-05-26,1012.1,1013.6,1010.4,288
4,2025-05-27,1012.9,1014.3,1011.7,82
4,2025-05-28,1011.9,1012.9,1010.5,103
4,2025-05-29,1008.7,1011.4,1006.1,164
4,2025-05-30,1004.2,1005.7,1002.7,312
4,2025-05-31,1003.2,1004.6,1001.5,302
4,2025-06-01,1003.3,1004.5,1002.0,300
4,2025-06-02,1000.1,1002.6,996.7,132
4,2025-06-03,992.1,996.1,989.4,332
4,2025-06-04,999.6,1002.4,996.2,276
4,2025-06-05,1005.3,1007.0,1002.6,258
4,2025-06-06,1006.0,1006.9,1004.9,44
4,2025-06-07,1004.9,1005.7,1003.7,71
4,2025-06-08,1004.2,1005.7,1002.7,128
4,2025-06-09,1003.4,1005.5,1001.6,123
4,2025-06-10,1001.6,1003.5,1000.3,40
4,2025-06-11,1005.5,1008.4,1002.5,49
4,2025-06-12,1010.0,1011.5,1008.3,81
4,2025-06-13,1009.7,1011.5,1008.0,99
4,2025-06-14,1000.6,1007.1,995.8,98
4,2025-06-15,997.4,998.8,996.2,61
4,2025-06-16,998.2,1001.2,997.0,153
4,2025-06-17,1003.3,1005.3,1001.4,60
4,2025-06-18,1006.9,1008.8,1005.2,51
4,2025-06-19,1009.0,1010.4,1007.8,99
4,2025-06-20,1007.1,1009.1,1005.2,82
4,2025-06-21,1004.1,1006.9,1001.5,168
4,2025-06-22,1001.7,1003.1,1000.3,68
4,2025-06-23,1002.3,1003.6,1001.4,80
4,2025-06-24,1004.1,1005.6,1003.2,112
4,2025-06-25,1004.9,1005.9,1003.9,113
4,2025-06-26,1004.4,1005.5,1003.4,74
4,2025-06-27,1003.5,1004.6,1002.4,59
4,2025-06-28,1002.9,1003.9,1001.5,339
4,2025-06-29,1003.9,1005.4,1002.6,83
4,2025-06-30,1006.5,1007.8,1005.3,26
4,2025-07-01,1008.6,1009.6,1007.5,81
4,2025-07-02,1008.2,1009.5,1006.7,100
4,2025-07-03,1006.3,1007.6,1004.7,76
4,2025-07-04,1004.0,1005.4,1002.4,121
4,2025-07-05,1001.7,1002.8,1000.1,343
4,2025-07-06,1000.4,1001.4,998.5,338
4,2025-07-07,1000.1,1000.9,998.8,24
4,2025-07-08,1001.4,1002.9,1000.5,86
4,2025-07-09,1003.1,1004.5,1002.1,131
4,2025-07-10,1003.5,1004.6,1002.4,148
4,2025-07-11,1004.3,1005.6,1003.4,148
4,2025-07-12,1003.0,1004.9,1001.2,147
4,2025-07-13,997.4,1001.0,993.2,142
4,2025-07-14,988.0,992.3,985.4,278
4,2025-07-15,993.1,997.9,990.2,214
4,2025-07-16,1001.1,1003.2,998.2,154
4,2025-07-17,1003.9,1005.2,1002.8,134
4,2025-07-18,1005.7,1007.5,1004.0,144
4,2025-07-19,1007.8,1009.6,1006.7,151
4,2025-07-20,1009.1,1010.7,1008.0,146
4,2025-07-21,1010.4,1011.3,1008.7,145
4,2025-07-22,1009.5,1011.0,1007.6,119
4,2025-07-23,1007.8,1009.4,1005.6,117
4,2025-07-24,1006.0,1007.4,1004.0,138
4,2025-07-25,1004.6,1005.7,1003.4,132
4,2025-07-26,1003.1,1005.1,1001.7,125
4,2025-07-27,1001.5,1003.0,1000.4,132
4,2025-07-28,999.1,1000.8,996.4,125
4,2025-07-29,996.8,997.8,995.2,134
4,2025-07-30,996.7,998.0,995.8,147
4,2025-07-31,997.8,998.8,996.5,143
4,2025-08-01,996.8,998.3,995.5,100
4,2025-08-02,996.3,997.4,994.8,299
4,2025-08-03,997.6,999.4,996.6,21
4,2025-08-04,1000.2,1002.3,999.0,89
4,2025-08-05,1002.4,1003.9,1001.0,32
4,2025-08-06,1001.5,1003.4,999.4,240
4,2025-08-07,998.2,999.1,997.0,224
4,2025-08-08,999.3,1001.5,998.0,316
4,2025-08-09,1000.9,1002.6,999.3,112
4,2025-08-10,997.9,999.1,996.3,160
4,2025-08-11,1000.3,1002.9,998.2,85
4,2025-08-12,1006.2,1009.4,1002.9,131
4,2025-08-13,1010.2,1011.3,1009.3,11
4,2025-08-14,1010.9,1011.9,1010.2,351
4,2025-08-15,1009.4,1010.6,1008.1,339
4,2025-08-16,1008.3,1009.1,1007.6,294
4,2025-08-17,1009.7,1010.5,1008.5,146
4,2025-08-18,1010.2,1011.5,1009.0,17
4,2025-08-19,1008.4,1010.0,1007.2,112
4,2025-08-20,1006.6,1007.9,1005.3,158
4,2025-08-21,1005.2,1006.4,1003.3,145
4,2025-08-22,1004.2,1005.2,1003.2,75
4,2025-08-23,1005.6,1007.0,1004.7,316
4,2025-08-24,1007.4,1008.3,1006.5,288
4,2025-08-25,1007.5,1008.4,1006.7,228
4,2025-08-26,1006.4,1007.7,1004.7,104
4,2025-08-27,1006.3,1008.0,1005.3,245
4,2025-08-28,1007.6,1009.0,1006.9,250
4,2025-08-29,1009.5,1010.5,1008.3,112
4,2025-08-30,1009.6,1010.9,1008.2,19
4,2025-08-31,1007.3,1009.1,1005.5,93
4,2025-09-01,1005.2,1006.4,1003.6,123
4,2025-09-02,1005.2,1006.4,1003.7,28
4,2025-09-03,1005.5,1006.6,1004.1,118
4,2025-09-04,1002.7,1005.4,999.1,75
4,2025-09-05,1002.4,1006.2,998.4,302
4,2025-09-06,1005.3,1006.1,1004.5,277
4,2025-09-07,1004.5,1005.5,1003.4,58
4,2025-09-08,1005.4,1006.5,1004.5,303
4,2025-09-09,1005.9,1006.9,1004.6,55
4,2025-09-10,1005.3,1006.3,1004.3,323
4,2025-09-11,1007.3,1008.9,1006.2,94
4,2025-09-12,1008.1,1009.2,1007.3,162
4,2025-09-13,1005.6,1006.8,1004.5,157
4,2025-09-14,1006.8,1008.8,1005.3,105
4,2025-09-15,1009.9,1011.1,1008.8,221
4,2025-09-16,1009.2,1010.6,1008.0,239
4,2025-09-17,1007.0,1008.2,1005.9,61
4,2025-09-18,1007.1,1009.9,1005.5,319
4,2025-09-19,1009.6,1011.3,1008.0,61
4,2025-09-20,1004.9,1007.6,1002.8,183
4,2025-09-21,1007.1,1010.8,1004.7,329
4,2025-09-22,1012.1,1013.6,1011.2,56
4,2025-09-23,1012.3,1013.5,1011.4,114
4,2025-09-24,1011.5,1012.6,1010.0,143
4,2025-09-25,1012.5,1013.6,1011.8,125
4,2025-09-26,1011.9,1013.1,1010.5,324
4,2025-09-27,1011.0,1012.2,1010.0,15
4,2025-09-28,1007.0,1009.5,1004.7,118
4,2025-09-29,1004.7,1006.7,1003.5,315
4,2025-09-30,1006.6,1008.2,1005.3,300
4,2025-10-01,1006.7,1009.0,1005.5,80
4,2025-10-02,1010.7,1012.5,1008.9,307
4,2025-10-03,1012.5,1014.9,1011.4,138
4,2025-10-04,1008.7,1011.2,1006.7,104
4,2025-10-05,1007.5,1008.8,1005.8,323
4,2025-10-06,1008.3,1009.4,1007.0,332
4,2025-10-07,1009.0,1011.0,1007.4,92
4,2025-10-08,1007.1,1008.6,1005.0,348
4,2025-10-09,1009.8,1012.1,1007.9,18
4,2025-10-10,1011.3,1012.6,1010.1,58
4,2025-10-11,1007.5,1010.4,1005.3,125
4,2025-10-12,1005.3,1007.2,1004.1,317
4,2025-10-13,1008.4,1009.9,1006.9,318
4,2025-10-14,1009.6,1010.8,1008.2,22
4,2025-10-15,1011.7,1012.9,1010.8,7
4,2025-10-16,1010.9,1014.1,1009.1,310
4,2025-10-17,1014.7,1016.6,1013.0,76
4,2025-10-18,1011.6,1013.5,1009.8,204
4,2025-10-19,1013.3,1014.6,1012.0,26
4,2025-10-20,1014.3,1015.9,1013.1,325
4,2025-10-21,1017.3,1018.3,1016.0,30
4,2025-10-22,1017.9,1018.8,1017.0,29
4,2025-10-23,1017.3,1018.4,1016.0,34
4,2025-10-24,1016.3,1017.8,1014.9,38
4,2025-10-25,1012.6,1014.7,1010.4,70
4,2025-10-26,1007.9,1009.8,1005.5,315
4,2025-10-27,1011.0,1014.3,1009.2,305
4,2025-10-28,1017.8,1020.9,1014.6,314
4,2025-10-29,1020.6,1022.5,1019.4,1
4,2025-10-30,1018.1,1020.5,1015.6,140
4,2025-10-31,1009.9,1015.1,1005.7,6
4,2025-11-01,1005.8,1010.0,1003.9,282
4,2025-11-02,1010.4,1012.3,1009.2,274
4,2025-11-03,1017.4,1020.1,1012.7,331
4,2025-11-04,1019.3,1021.3,1017.9,111
4,2025-11-05,1015.4,1017.6,1013.3,41
4,2025-11-06,1014.2,1015.7,1013.0,311
4,2025-11-07,1017.0,1018.8,1015.8,332
4,2025-11-08,1016.5,1019.3,1013.2,102
4,2025-11-09,1007.4,1012.4,1004.3,304
4,2025-11-10,1009.7,1012.6,1007.4,316
4,2025-11-11,1013.4,1015.6,1011.8,296
4,2025-11-12,1014.9,1016.4,1013.4,294
4,2025-11-13,1010.8,1013.3,1008.7,299
4,2025-11-14,1011.3,1014.1,1009.5,297
4,2025-11-15,1017.9,1020.8,1014.6,300
4,2025-11-16,1019.7,1021.4,1018.3,90
4,2025-11-17,1015.8,1018.0,1013.5,299
4,2025-11-18,1015.6,1016.6,1014.1,300
4,2025-11-19,1017.6,1019.0,1016.3,295
4,2025-11-20,1017.3,1018.8,1015.7,275
4,2025-11-21,1016.7,1018.5,1014.7,275
4,2025-11-22,1018.8,1020.3,1017.9,288
4,2025-11-23,1017.4,1019.4,1015.6,137
4,2025-11-24,1013.2,1015.9,1010.0,256
4,2025-11-25,1008.1,1010.8,1006.3,281
4,2025-11-26,1015.3,1017.2,1011.5,300
4,2025-11-27,1011.5,1016.7,1007.4,243
4,2025-11-28,1011.6,1014.4,1009.5,300
4,2025-11-29,1013.5,1014.6,1011.5,270
4,2025-11-30,1013.3,1014.8,1011.7,144
4,2025-12-01,1011.1,1012.2,1009.8,269
4,2025-12-02,1010.0,1011.3,1008.1,316
4,2025-12-03,1012.2,1015.6,1010.0,309
4,2025-12-04,1017.5,1019.1,1015.9,293
4,2025-12-05,1017.3,1018.6,1015.6,299
4,2025-12-06,1017.2,1018.8,1015.3,300
4,2025-12-07,1016.1,1017.5,1014.7,268
4,2025-12-08,1015.8,1017.9,1014.3,292
4,2025-12-09,1018.4,1019.5,1016.9,308
4,2025-12-10,1018.6,1020.8,1016.9,284
4,2025-12-11,1013.2,1016.7,1010.0,305
4,2025-12-12,1019.9,1023.4,1015.2,15
4,2025-12-13,1016.2,1022.7,1007.2,84
4,2025-12-14,1008.4,1013.2,1005.1,297
4,2025-12-15,1016.8,1018.5,1013.8,303
4,2025-12-16,1017.6,1018.7,1016.1,295
4,2025-12-17,1014.0,1016.2,1011.2,279
4,2025-12-18,1018.2,1019.7,1016.2,299
4,2025-12-19,1018.2,1020.3,1016.4,160
4,2025-12-20,1014.9,1016.9,1012.5,150
4,2025-12-21,1013.7,1018.0,1010.9,312
4,2025-12-22,1019.9,1021.6,1018.3,348
4,2025-12-23,1017.9,1021.4,1013.5,139
4,2025-12-24,1007.8,1012.7,1004.2,115
4,2025-12-25,1003.9,1007.2,1001.8,306
4,2025-12-26,1012.9,1017.6,1007.3,304
4,2025-12-27,1017.4,1018.8,1015.8,286
4,2025-12-28,1017.2,1018.9,1014.9,287
4,2025-12-29,1014.0,1016.5,1011.9,258
4,2025-12-30,1013.1,1015.0,1012.1,298
4,2025-12-31,1014.6,1016.0,1012.6,310
4,2026-01-01,1013.3,1014.5,1012.0,302
4,2026-01-02,1012.3,1014.5,1010.5,292
4,2026-01-03,1016.5,1018.6,1014.4,291
4,2026-01-04,1016.5,1018.6,1014.0,266
4,2026-01-05,1011.2,1013.5,1008.7,284
4,2026-01-06,1013.8,1015.9,1012.8,302
4,2026-01-07,1011.7,1012.8,1010.2,280
4,2026-01-08,1014.2,1017.9,1011.6,300
4,2026-01-09,1016.6,1018.6,1014.5,273
4,2026-01-10,1009.9,1014.7,1006.5,246
4,2026-01-11,1012.3,1016.8,1008.4,298
4,2026-01-12,1015.0,1017.9,1010.6,280
4,2026-01-13,1008.0,1012.0,1005.6,284
4,2026-01-14,1015.6,1017.2,1012.3,290
4,2026-01-15,1012.4,1016.6,1009.3,211
4,2026-01-16,1011.2,1013.1,1010.2,271
4,2026-01-17,1011.3,1013.2,1009.9,295
4,2026-01-18,1013.0,1014.5,1011.4,218
4,2026-01-19,1010.9,1013.0,1008.1,323
4,2026-01-20,1011.3,1012.8,1009.8,326
4,2026-01-21,1012.7,1014.7,1010.9,304
4,2026-01-22,1015.9,1017.6,1014.2,297
4,2026-01-23,1017.9,1019.7,1016.9,284
4,2026-01-24,1015.4,1017.2,1014.2,277
4,2026-01-25,1018.8,1021.9,1016.5,306
4,2026-01-26,1018.1,1021.4,1014.5,296
4,2026-01-27,1013.9,1015.4,1012.5,293
4,2026-01-28,1016.1,1018.6,1014.4,308
4,2026-01-29,1019.3,1020.7,1018.5,303
4,2026-01-30,1018.8,1020.6,1016.7,303
4,2026-01-31,1017.8,1019.2,1015.6,298
